{"type":"FeatureCollection","features":[{"type":"Feature","id":"CTAMAP-2020-COUNTY-0019","properties":{"map_level":"county","source_name":"安次区","source_code":"131002","county_type":"市辖区","prefecture_name":"廊坊市","prefecture_code":"131000","prefecture_type":"地级市","parent_entity_id":"CNUR-000012","parent_year_end_name":"廊坊市","province_name":"河北省","province_code":"130000","snapshot_year":2020,"panel_year":2019,"link_status":"parent_linked","former_name":"","note":""},"geometry":{"type":"Polygon","coordinates":[[[116.77952,39.46607],[116.78999,39.44572],[116.86994,39.43351],[116.83224,39.4094],[116.83168,39.37308],[116.81219,39.37245],[116.83078,39.36356],[116.81719,39.35685],[116.82314,39.33831],[116.86488,39.35653],[116.88369,39.32186],[116.8649,39.2976],[116.86569,39.26836],[116.8868,39.22307],[116.87,39.22976],[116.86982,39.21567],[116.84995,39.21477],[116.85985,39.1553],[116.80685,39.15713],[116.79905,39.14202],[116.72281,39.17087],[116.74584,39.21541],[116.68806,39.23383],[116.67593,39.26029],[116.68966,39.27058],[116.68427,39.33269],[116.67101,39.34199],[116.67671,39.38998],[116.63238,39.4349],[116.59679,39.44693],[116.59079,39.47198],[116.61066,39.50099],[116.6592,39.49445],[116.60494,39.52665],[116.61208,39.54525],[116.63618,39.54794],[116.77952,39.46607]]]}},{"type":"Feature","id":"CTAMAP-2020-COUNTY-0024","properties":{"map_level":"county","source_name":"安国市","source_code":"130683","county_type":"县级市","prefecture_name":"保定市","prefecture_code":"130600","prefecture_type":"地级市","parent_entity_id":"CNUR-000008","parent_year_end_name":"保定市","province_name":"河北省","province_code":"130000","snapshot_year":2020,"panel_year":2019,"link_status":"parent_linked","former_name":"","note":""},"geometry":{"type":"Polygon","coordinates":[[[115.30828,38.55008],[115.31068,38.53735],[115.3679,38.52902],[115.35495,38.49796],[115.39064,38.46765],[115.38724,38.42266],[115.40989,38.42724],[115.4265,38.40531],[115.44924,38.42214],[115.49619,38.40483],[115.48114,38.40001],[115.4835,38.36071],[115.46824,38.35267],[115.47734,38.32752],[115.41452,38.33711],[115.39614,38.31928],[115.37546,38.32672],[115.38616,38.28323],[115.3627,38.28255],[115.34323,38.24724],[115.28576,38.23414],[115.2654,38.24172],[115.25999,38.28705],[115.23988,38.28545],[115.20592,38.32364],[115.20716,38.35412],[115.17377,38.36999],[115.21012,38.38989],[115.1947,38.41517],[115.22265,38.41187],[115.22841,38.45447],[115.25073,38.46218],[115.23514,38.47826],[115.25142,38.51196],[115.30145,38.50737],[115.29025,38.54245],[115.30828,38.55008]]]}},{"type":"Feature","id":"CTAMAP-2020-COUNTY-0032","properties":{"map_level":"county","source_name":"安平县","source_code":"131125","county_type":"县","prefecture_name":"衡水市","prefecture_code":"131100","prefecture_type":"地级市","parent_entity_id":"CNUR-000013","parent_year_end_name":"衡水市","province_name":"河北省","province_code":"130000","snapshot_year":2020,"panel_year":2019,"link_status":"parent_linked","former_name":"","note":""},"geometry":{"type":"Polygon","coordinates":[[[115.64422,38.34031],[115.67366,38.32484],[115.65483,38.30668],[115.68175,38.28314],[115.60749,38.26492],[115.62565,38.24347],[115.6016,38.21729],[115.60834,38.18961],[115.59322,38.17474],[115.55687,38.1705],[115.55401,38.15012],[115.50502,38.19683],[115.47029,38.17195],[115.44549,38.17625],[115.43048,38.16701],[115.45002,38.12984],[115.43828,38.11487],[115.44597,38.08539],[115.37712,38.0873],[115.3585,38.13711],[115.34044,38.13932],[115.34627,38.20595],[115.31719,38.23005],[115.31838,38.24742],[115.35327,38.25563],[115.3627,38.28255],[115.38616,38.28323],[115.37546,38.32672],[115.39614,38.31928],[115.41452,38.33711],[115.47734,38.32752],[115.46859,38.33366],[115.48885,38.34193],[115.48901,38.36188],[115.51076,38.35673],[115.51628,38.31473],[115.54205,38.3178],[115.54948,38.33448],[115.57066,38.32635],[115.56781,38.34152],[115.63995,38.32581],[115.64422,38.34031]]]}},{"type":"Feature","id":"CTAMAP-2020-COUNTY-0039","properties":{"map_level":"county","source_name":"安新县","source_code":"130632","county_type":"县","prefecture_name":"保定市","prefecture_code":"130600","prefecture_type":"地级市","parent_entity_id":"CNUR-000008","parent_year_end_name":"保定市","province_name":"河北省","province_code":"130000","snapshot_year":2020,"panel_year":2019,"link_status":"parent_linked","former_name":"","note":""},"geometry":{"type":"Polygon","coordinates":[[[116.02396,38.96862],[116.03473,38.93766],[116.0758,38.91963],[116.11479,38.93896],[116.11945,38.91971],[116.03553,38.8942],[116.03946,38.81775],[116.00902,38.807],[115.96185,38.7551],[115.9391,38.75792],[115.94061,38.77527],[115.92212,38.76007],[115.87704,38.7695],[115.84334,38.75757],[115.80716,38.77893],[115.77823,38.75845],[115.74063,38.76924],[115.73711,38.74334],[115.68921,38.72644],[115.66698,38.73591],[115.68467,38.76027],[115.6347,38.75025],[115.64488,38.77489],[115.67923,38.76459],[115.64659,38.77792],[115.64727,38.79446],[115.6834,38.81223],[115.68909,38.84683],[115.75689,38.86923],[115.72939,38.92003],[115.76165,38.96875],[115.80134,38.96323],[115.7979,38.97573],[115.82597,38.99546],[115.87533,38.99502],[115.89128,39.00224],[115.89553,39.03346],[115.91571,39.03829],[115.94038,39.02503],[115.93477,39.01175],[115.99334,39.01336],[116.00346,38.99869],[115.99056,38.98059],[116.01611,38.95199],[116.02396,38.96862]]]}},{"type":"Feature","id":"CTAMAP-2020-COUNTY-0066","properties":{"map_level":"county","source_name":"霸州市","source_code":"131081","county_type":"县级市","prefecture_name":"廊坊市","prefecture_code":"131000","prefecture_type":"地级市","parent_entity_id":"CNUR-000012","parent_year_end_name":"廊坊市","province_name":"河北省","province_code":"130000","snapshot_year":2020,"panel_year":2019,"link_status":"parent_linked","former_name":"","note":""},"geometry":{"type":"Polygon","coordinates":[[[116.3488,39.21852],[116.43877,39.18824],[116.47387,39.19801],[116.52407,39.139],[116.58049,39.12599],[116.59562,39.12934],[116.5972,39.1632],[116.67526,39.16442],[116.69728,39.19018],[116.79712,39.14207],[116.80685,39.15713],[116.90413,39.14987],[116.92027,39.1188],[116.86435,39.06917],[116.86583,39.05384],[116.77897,39.04729],[116.79135,39.05983],[116.78134,39.06094],[116.72705,39.02477],[116.68892,39.03571],[116.66617,39.00998],[116.64355,39.01865],[116.65113,39.03943],[116.58682,39.04759],[116.60025,39.02386],[116.58964,39.00801],[116.56632,39.0032],[116.53747,39.02125],[116.48438,39.00842],[116.49593,39.02607],[116.47236,39.04644],[116.39438,39.04295],[116.39304,39.05822],[116.37954,39.041],[116.33568,39.03493],[116.3394,39.02383],[116.36889,39.03095],[116.33022,38.98279],[116.31571,38.99732],[116.29365,38.99272],[116.29728,39.0306],[116.32486,39.03831],[116.31246,39.03639],[116.31268,39.082],[116.25578,39.13117],[116.2909,39.14192],[116.29368,39.1867],[116.3264,39.19138],[116.3488,39.21852]]]}},{"type":"Feature","id":"CTAMAP-2020-COUNTY-0077","properties":{"map_level":"county","source_name":"柏乡县","source_code":"130524","county_type":"县","prefecture_name":"邢台市","prefecture_code":"130500","prefecture_type":"地级市","parent_entity_id":"CNUR-000007","parent_year_end_name":"邢台市","province_name":"河北省","province_code":"130000","snapshot_year":2020,"panel_year":2019,"link_status":"parent_linked","former_name":"","note":""},"geometry":{"type":"Polygon","coordinates":[[[114.76138,37.61912],[114.78638,37.55476],[114.77474,37.54338],[114.78435,37.49585],[114.75011,37.46771],[114.76653,37.43654],[114.73944,37.42296],[114.67927,37.43318],[114.64648,37.40142],[114.62374,37.40817],[114.61244,37.47519],[114.62247,37.48996],[114.59681,37.48966],[114.59676,37.56021],[114.63688,37.55184],[114.68517,37.564],[114.69955,37.61426],[114.76138,37.61912]]]}},{"type":"Feature","id":"CTAMAP-2020-COUNTY-0100","properties":{"map_level":"county","source_name":"北戴河区","source_code":"130304","county_type":"市辖区","prefecture_name":"秦皇岛市","prefecture_code":"130300","prefecture_type":"地级市","parent_entity_id":"CNUR-000005","parent_year_end_name":"秦皇岛市","province_name":"河北省","province_code":"130000","snapshot_year":2020,"panel_year":2019,"link_status":"parent_linked","former_name":"","note":""},"geometry":{"type":"Polygon","coordinates":[[[119.53172,39.88575],[119.51329,39.8387],[119.53039,39.83107],[119.53077,39.80975],[119.45419,39.80754],[119.41754,39.77699],[119.38564,39.76082],[119.40402,39.78273],[119.35411,39.78336],[119.34426,39.81288],[119.32478,39.8084],[119.34003,39.82628],[119.31627,39.84554],[119.33651,39.85353],[119.32038,39.86846],[119.3296,39.89034],[119.38259,39.86002],[119.37968,39.89277],[119.41521,39.89014],[119.45062,39.90968],[119.46749,39.90248],[119.46272,39.87869],[119.48171,39.86069],[119.53172,39.88575]]]}},{"type":"Feature","id":"CTAMAP-2020-COUNTY-0135","properties":{"map_level":"county","source_name":"博野县","source_code":"130637","county_type":"县","prefecture_name":"保定市","prefecture_code":"130600","prefecture_type":"地级市","parent_entity_id":"CNUR-000008","parent_year_end_name":"保定市","province_name":"河北省","province_code":"130000","snapshot_year":2020,"panel_year":2019,"link_status":"parent_linked","former_name":"","note":""},"geometry":{"type":"Polygon","coordinates":[[[115.4572,38.57979],[115.48602,38.53442],[115.51616,38.51004],[115.51595,38.4512],[115.56521,38.45604],[115.57129,38.43799],[115.55014,38.42095],[115.60324,38.40841],[115.59076,38.39484],[115.60731,38.38219],[115.59693,38.35162],[115.63467,38.34849],[115.63995,38.32581],[115.57291,38.34244],[115.57066,38.32635],[115.54948,38.33448],[115.54205,38.3178],[115.51189,38.3156],[115.51076,38.35673],[115.48901,38.36188],[115.48724,38.3403],[115.4656,38.3387],[115.49601,38.41026],[115.44924,38.42214],[115.4265,38.40531],[115.40989,38.42724],[115.38724,38.42266],[115.39064,38.46765],[115.35495,38.49796],[115.3679,38.52902],[115.30887,38.54385],[115.39474,38.57637],[115.42928,38.55984],[115.45961,38.56049],[115.4572,38.57979]]]}},{"type":"Feature","id":"CTAMAP-2020-COUNTY-0143","properties":{"map_level":"county","source_name":"沧县","source_code":"130921","county_type":"县","prefecture_name":"沧州市","prefecture_code":"130900","prefecture_type":"地级市","parent_entity_id":"CNUR-000011","parent_year_end_name":"沧州市","province_name":"河北省","province_code":"130000","snapshot_year":2020,"panel_year":2019,"link_status":"parent_linked","former_name":"","note":""},"geometry":{"type":"Polygon","coordinates":[[[117.07835,38.54306],[117.08619,38.50034],[117.10818,38.483],[117.07702,38.43466],[117.10315,38.38841],[117.07831,38.37076],[117.14601,38.31819],[117.13634,38.23422],[117.10938,38.20368],[117.11461,38.1762],[117.13988,38.1719],[117.14386,38.15559],[117.11967,38.15369],[117.10968,38.13247],[116.93512,38.0853],[116.92191,38.1076],[116.86934,38.10639],[116.86759,38.14713],[116.80277,38.13997],[116.75378,38.18788],[116.71112,38.18602],[116.65463,38.20814],[116.65482,38.22213],[116.51906,38.1886],[116.51306,38.21439],[116.49294,38.22553],[116.49903,38.24785],[116.45308,38.26195],[116.46121,38.32944],[116.4971,38.35143],[116.51595,38.4017],[116.54016,38.39433],[116.56955,38.41985],[116.59912,38.4034],[116.63405,38.4155],[116.67788,38.3852],[116.7542,38.41167],[116.78156,38.39751],[116.81904,38.4169],[116.84292,38.40131],[116.78307,38.34006],[116.76825,38.30501],[116.77941,38.29258],[116.76258,38.27654],[116.78824,38.26945],[116.76087,38.22434],[116.78748,38.21836],[116.81806,38.25427],[116.84058,38.2442],[116.86172,38.28119],[116.87826,38.24857],[116.9096,38.25419],[116.90193,38.26876],[116.94196,38.28306],[116.95502,38.3408],[116.92515,38.36257],[116.89101,38.36694],[116.88137,38.3497],[116.86137,38.35906],[116.8754,38.35952],[116.86794,38.37271],[116.88621,38.39742],[116.89205,38.49481],[116.94298,38.478],[117.07835,38.54306]]]}},{"type":"Feature","id":"CTAMAP-2020-COUNTY-0145","properties":{"map_level":"county","source_name":"曹妃甸区","source_code":"130209","county_type":"市辖区","prefecture_name":"唐山市","prefecture_code":"130200","prefecture_type":"地级市","parent_entity_id":"CNUR-000004","parent_year_end_name":"唐山市","province_name":"河北省","province_code":"130000","snapshot_year":2020,"panel_year":2019,"link_status":"parent_linked","former_name":"唐海县","note":"2012年撤销唐海县，设立曹妃甸区"},"geometry":{"type":"MultiPolygon","coordinates":[[[[118.39294,39.4012],[118.43845,39.3845],[118.42957,39.35985],[118.4011,39.34686],[118.4057,39.32771],[118.46285,39.33233],[118.46985,39.29806],[118.62266,39.27158],[118.6432,39.24792],[118.65236,39.26626],[118.61657,39.3066],[118.66885,39.33372],[118.71828,39.33135],[118.69483,39.24297],[118.70533,39.22598],[118.67329,39.15417],[118.53555,39.15138],[118.57079,39.10235],[118.53552,39.11562],[118.53829,39.08934],[118.50305,39.10276],[118.50619,39.07701],[118.4694,39.0819],[118.48064,39.05052],[118.52438,39.04401],[118.56783,38.99092],[118.62935,39.0485],[118.61596,39.06725],[118.63345,39.07445],[118.6474,39.05577],[118.5959,38.97425],[118.50947,38.91713],[118.48146,38.93692],[118.49043,38.94466],[118.46886,38.97139],[118.46126,39.02134],[118.44903,39.01641],[118.45435,38.94897],[118.41838,38.95968],[118.41837,39.00923],[118.47417,39.05422],[118.41834,39.02649],[118.40389,38.96664],[118.37215,38.98163],[118.37201,39.02318],[118.34882,39.0641],[118.31502,39.05679],[118.28844,39.0743],[118.27583,39.05417],[118.25338,39.05282],[118.18456,39.14743],[118.16387,39.1407],[118.13943,39.16579],[118.15624,39.17625],[118.1454,39.18753],[118.1684,39.23464],[118.17346,39.34567],[118.22456,39.32625],[118.26404,39.34161],[118.22868,39.34308],[118.23696,39.36289],[118.20721,39.42139],[118.22244,39.44603],[118.29564,39.45123],[118.28771,39.40255],[118.31957,39.38567],[118.32051,39.35356],[118.30746,39.34925],[118.33588,39.35823],[118.35538,39.32746],[118.39655,39.33365],[118.38074,39.38088],[118.39294,39.4012]]],[[[118.71314,39.04794],[118.70979,39.04472],[118.71061,39.04924],[118.71314,39.04794]]]]}},{"type":"Feature","id":"CTAMAP-2020-COUNTY-0165","properties":{"map_level":"county","source_name":"昌黎县","source_code":"130322","county_type":"县","prefecture_name":"秦皇岛市","prefecture_code":"130300","prefecture_type":"地级市","parent_entity_id":"CNUR-000005","parent_year_end_name":"秦皇岛市","province_name":"河北省","province_code":"130000","snapshot_year":2020,"panel_year":2019,"link_status":"parent_linked","former_name":"","note":""},"geometry":{"type":"Polygon","coordinates":[[[119.34481,39.72007],[119.26076,39.52979],[119.25645,39.4908],[119.30513,39.43723],[119.26839,39.42179],[119.16198,39.47072],[118.99883,39.46627],[119.01136,39.48448],[119.00291,39.50776],[118.95085,39.52307],[118.97734,39.5378],[118.93938,39.54407],[118.93828,39.55717],[118.88934,39.546],[118.85548,39.57369],[118.83657,39.60944],[118.84552,39.62161],[118.79814,39.67876],[118.76957,39.76137],[118.78807,39.76971],[118.82864,39.72641],[118.86789,39.72995],[118.8785,39.7107],[118.89641,39.7222],[118.95684,39.71519],[118.99624,39.72488],[119.00534,39.75206],[119.22103,39.80308],[119.23555,39.76712],[119.27029,39.76633],[119.34481,39.72007]]]}},{"type":"Feature","id":"CTAMAP-2020-COUNTY-0183","properties":{"map_level":"county","source_name":"成安县","source_code":"130424","county_type":"县","prefecture_name":"邯郸市","prefecture_code":"130400","prefecture_type":"地级市","parent_entity_id":"CNUR-000006","parent_year_end_name":"邯郸市","province_name":"河北省","province_code":"130000","snapshot_year":2020,"panel_year":2019,"link_status":"parent_linked","former_name":"","note":""},"geometry":{"type":"Polygon","coordinates":[[[114.8519,36.49444],[114.85405,36.44085],[114.88527,36.42926],[114.88257,36.40337],[114.82309,36.39593],[114.81896,36.35043],[114.75437,36.28789],[114.74138,36.29524],[114.75843,36.31845],[114.71666,36.32782],[114.71827,36.34515],[114.68875,36.36341],[114.58097,36.35594],[114.57354,36.39971],[114.54908,36.38838],[114.51643,36.40467],[114.50561,36.38964],[114.50048,36.40677],[114.48168,36.40899],[114.51214,36.46196],[114.51014,36.49792],[114.59358,36.4856],[114.60712,36.46997],[114.62861,36.49023],[114.71344,36.49203],[114.71948,36.50645],[114.8519,36.49444]]]}},{"type":"Feature","id":"CTAMAP-2020-COUNTY-0188","properties":{"map_level":"county","source_name":"承德县","source_code":"130821","county_type":"县","prefecture_name":"承德市","prefecture_code":"130800","prefecture_type":"地级市","parent_entity_id":"CNUR-000010","parent_year_end_name":"承德市","province_name":"河北省","province_code":"130000","snapshot_year":2020,"panel_year":2019,"link_status":"parent_linked","former_name":"","note":""},"geometry":{"type":"Polygon","coordinates":[[[118.26491,41.46475],[118.33275,41.44671],[118.35417,41.41972],[118.35109,41.33172],[118.43494,41.2672],[118.40731,41.24277],[118.4449,41.21702],[118.43925,41.17499],[118.47306,41.13478],[118.46703,41.10885],[118.40203,41.08758],[118.35933,40.98827],[118.41138,40.96481],[118.37243,40.95275],[118.34861,40.89591],[118.35026,40.85429],[118.44304,40.85141],[118.45181,40.88628],[118.48419,40.89534],[118.52314,40.87145],[118.5397,40.87724],[118.5579,40.84983],[118.52843,40.80671],[118.53228,40.75525],[118.481,40.70009],[118.4202,40.70699],[118.35531,40.67483],[118.3325,40.64311],[118.26131,40.62803],[118.23512,40.6077],[118.1587,40.62908],[118.19394,40.65293],[118.18784,40.66281],[118.16031,40.64862],[118.09824,40.67774],[118.02863,40.68312],[118.02191,40.65702],[117.98402,40.636],[117.86347,40.60805],[117.846,40.62316],[117.8711,40.67148],[117.84082,40.71205],[117.77425,40.69897],[117.76397,40.6755],[117.70706,40.65252],[117.67287,40.61745],[117.65804,40.63744],[117.6385,40.63668],[117.57079,40.59072],[117.54552,40.59558],[117.51737,40.57141],[117.49809,40.57943],[117.52981,40.62299],[117.49611,40.65057],[117.5225,40.7028],[117.49212,40.76313],[117.50705,40.79558],[117.65687,40.82023],[117.70015,40.79751],[117.80694,40.79811],[117.86084,40.81567],[117.8755,40.84096],[117.89872,40.84043],[117.91997,40.83198],[117.90975,40.73119],[117.93081,40.7257],[118.04863,40.75362],[118.07528,40.77734],[118.06762,40.80804],[118.08012,40.82618],[118.12381,40.82526],[118.13489,40.8518],[118.09797,40.86666],[118.05784,40.91058],[118.06331,40.95649],[118.0211,40.99454],[118.05996,41.03851],[118.01497,41.09755],[117.97272,41.13569],[117.93753,41.13038],[117.90346,41.0918],[117.85606,41.08831],[117.83222,41.166],[117.87049,41.17963],[117.9019,41.16153],[117.94929,41.1616],[117.99777,41.17689],[118.0037,41.2572],[117.98123,41.27106],[117.99395,41.29894],[117.98262,41.32024],[118.00067,41.33819],[117.98809,41.37152],[118.0453,41.41111],[118.05357,41.37295],[118.0945,41.35376],[118.12991,41.37104],[118.13849,41.40332],[118.19066,41.44134],[118.26491,41.46475]]]}},{"type":"Feature","id":"CTAMAP-2020-COUNTY-0204","properties":{"map_level":"county","source_name":"赤城县","source_code":"130732","county_type":"县","prefecture_name":"张家口市","prefecture_code":"130700","prefecture_type":"地级市","parent_entity_id":"CNUR-000009","parent_year_end_name":"张家口市","province_name":"河北省","province_code":"130000","snapshot_year":2020,"panel_year":2019,"link_status":"parent_linked","former_name":"","note":""},"geometry":{"type":"Polygon","coordinates":[[[116.35875,40.94143],[116.33415,40.92869],[116.32819,40.90292],[116.43108,40.81867],[116.45542,40.76812],[116.31138,40.7706],[116.30246,40.75043],[116.2415,40.79028],[116.17293,40.7075],[116.15833,40.66183],[116.12848,40.66549],[116.1049,40.64566],[116.11532,40.62757],[116.02487,40.59602],[116.02206,40.60582],[115.97731,40.57746],[115.96073,40.60502],[115.90179,40.61609],[115.87994,40.59476],[115.82156,40.58606],[115.81383,40.55821],[115.77841,40.55704],[115.73337,40.5116],[115.71583,40.5303],[115.7217,40.58145],[115.68213,40.57911],[115.6724,40.55955],[115.63612,40.57975],[115.62829,40.56404],[115.54757,40.56191],[115.50351,40.58224],[115.48737,40.60603],[115.51888,40.64868],[115.51823,40.67235],[115.4915,40.68392],[115.48719,40.73185],[115.43999,40.75568],[115.45294,40.78528],[115.42756,40.79194],[115.42418,40.80819],[115.43702,40.86821],[115.511,40.92439],[115.51285,40.94962],[115.47605,40.96273],[115.4707,40.98492],[115.50139,41.05454],[115.49548,41.09213],[115.52485,41.13249],[115.48438,41.21712],[115.50993,41.24132],[115.56338,41.25122],[115.62021,41.3181],[115.65631,41.31742],[115.71868,41.36901],[115.79253,41.32685],[115.81975,41.27541],[115.86567,41.27098],[115.89697,41.23265],[115.95206,41.23929],[115.94391,41.25996],[115.96263,41.30516],[115.989,41.30153],[116.00966,41.32187],[116.02181,41.37401],[116.04115,41.38726],[116.16897,41.35366],[116.20502,41.32029],[116.18733,41.259],[116.23129,41.20982],[116.21555,41.17578],[116.24319,41.16317],[116.2299,41.12903],[116.28997,41.06067],[116.25873,41.03622],[116.28713,40.98863],[116.33937,40.98065],[116.35875,40.94143]]]}},{"type":"Feature","id":"CTAMAP-2020-COUNTY-0208","properties":{"map_level":"county","source_name":"崇礼区","source_code":"130709","county_type":"市辖区","prefecture_name":"张家口市","prefecture_code":"130700","prefecture_type":"地级市","parent_entity_id":"CNUR-000009","parent_year_end_name":"张家口市","province_name":"河北省","province_code":"130000","snapshot_year":2020,"panel_year":2019,"link_status":"parent_linked","former_name":"崇礼县","note":"2016年撤销崇礼县，设立崇礼区"},"geometry":{"type":"Polygon","coordinates":[[[115.56664,41.2576],[115.50924,41.24101],[115.48438,41.21712],[115.52485,41.13249],[115.49548,41.09213],[115.50139,41.05454],[115.4707,40.98492],[115.47605,40.96273],[115.51285,40.94962],[115.511,40.92439],[115.43692,40.86807],[115.42756,40.79194],[115.37626,40.77536],[115.27431,40.80636],[115.22952,40.79122],[115.16189,40.79563],[115.10445,40.83121],[115.04361,40.80958],[115.00504,40.82374],[114.96882,40.81325],[114.9242,40.83197],[114.92761,40.85299],[114.80754,40.95137],[114.83753,40.9746],[114.79746,40.99446],[114.79218,41.02651],[114.91134,41.05011],[114.94151,41.03728],[114.99537,41.13013],[115.03294,41.1416],[115.06471,41.18527],[115.02573,41.20681],[115.0686,41.24858],[115.11516,41.2447],[115.13116,41.26294],[115.18926,41.23013],[115.225,41.24687],[115.32069,41.2537],[115.34445,41.22312],[115.37941,41.24405],[115.40863,41.23269],[115.43856,41.24422],[115.46567,41.28791],[115.49153,41.2922],[115.51636,41.27899],[115.54514,41.28715],[115.54396,41.26925],[115.56664,41.2576]]]}},{"type":"Feature","id":"CTAMAP-2020-COUNTY-0223","properties":{"map_level":"county","source_name":"磁县","source_code":"130427","county_type":"县","prefecture_name":"邯郸市","prefecture_code":"130400","prefecture_type":"地级市","parent_entity_id":"CNUR-000006","parent_year_end_name":"邯郸市","province_name":"河北省","province_code":"130000","snapshot_year":2020,"panel_year":2019,"link_status":"parent_linked","former_name":"","note":""},"geometry":{"type":"Polygon","coordinates":[[[114.28292,36.45918],[114.31298,36.45908],[114.30951,36.45161],[114.31284,36.44531],[114.30591,36.42605],[114.3181,36.4088],[114.37908,36.41531],[114.3796,36.40109],[114.43377,36.38241],[114.43371,36.35075],[114.41854,36.34618],[114.41192,36.31008],[114.39479,36.31019],[114.38403,36.27141],[114.32233,36.24806],[114.25629,36.26162],[114.23026,36.25227],[114.20499,36.27294],[114.19702,36.24559],[114.17228,36.24234],[114.16813,36.26598],[114.125,36.28156],[114.05613,36.27357],[114.03152,36.30391],[114.05317,36.32598],[114.02029,36.32447],[114.02414,36.35352],[114.00394,36.34247],[113.97302,36.35909],[113.97263,36.34179],[113.96379,36.36424],[113.89219,36.36789],[113.90959,36.41576],[113.9953,36.50794],[114.09655,36.50788],[114.10955,36.36913],[114.18751,36.34389],[114.2038,36.34348],[114.22737,36.41495],[114.27788,36.44138],[114.28292,36.45918]]]}},{"type":"Feature","id":"CTAMAP-2020-COUNTY-0227","properties":{"map_level":"county","source_name":"丛台区","source_code":"130403","county_type":"市辖区","prefecture_name":"邯郸市","prefecture_code":"130400","prefecture_type":"地级市","parent_entity_id":"CNUR-000006","parent_year_end_name":"邯郸市","province_name":"河北省","province_code":"130000","snapshot_year":2020,"panel_year":2019,"link_status":"parent_linked","former_name":"","note":""},"geometry":{"type":"Polygon","coordinates":[[[114.80679,36.66251],[114.71137,36.62329],[114.72161,36.60936],[114.69837,36.58387],[114.6759,36.59855],[114.64366,36.57656],[114.61201,36.61632],[114.55135,36.58545],[114.46951,36.6033],[114.47372,36.65206],[114.41293,36.63855],[114.37638,36.66303],[114.32366,36.67196],[114.31627,36.69426],[114.33083,36.72237],[114.35686,36.69856],[114.38519,36.71179],[114.44071,36.70679],[114.44447,36.72111],[114.49899,36.70821],[114.54626,36.72698],[114.63548,36.69999],[114.69513,36.71067],[114.73076,36.66284],[114.76499,36.67932],[114.76357,36.69659],[114.79496,36.6999],[114.80679,36.66251]]]}},{"type":"Feature","id":"CTAMAP-2020-COUNTY-0238","properties":{"map_level":"county","source_name":"大厂回族自治县","source_code":"131028","county_type":"自治县","prefecture_name":"廊坊市","prefecture_code":"131000","prefecture_type":"地级市","parent_entity_id":"CNUR-000012","parent_year_end_name":"廊坊市","province_name":"河北省","province_code":"130000","snapshot_year":2020,"panel_year":2019,"link_status":"parent_linked","former_name":"","note":""},"geometry":{"type":"Polygon","coordinates":[[[117.04354,39.8288],[117.01208,39.82752],[116.9889,39.8514],[116.9642,39.8417],[116.95734,39.85696],[116.90023,39.85136],[116.89653,39.83001],[116.8411,39.85391],[116.80658,39.89066],[116.8555,39.88937],[116.88042,39.91201],[116.86875,39.92719],[116.89913,39.94024],[116.86636,39.96437],[116.88375,39.98161],[116.91067,39.98219],[116.91266,39.96851],[116.94133,39.98147],[116.95815,39.96076],[116.95395,39.92842],[116.97689,39.92707],[117.0189,39.88332],[117.03412,39.89241],[117.06582,39.87106],[117.04354,39.8288]]]}},{"type":"Feature","id":"CTAMAP-2020-COUNTY-0239","properties":{"map_level":"county","source_name":"大城县","source_code":"131025","county_type":"县","prefecture_name":"廊坊市","prefecture_code":"131000","prefecture_type":"地级市","parent_entity_id":"CNUR-000012","parent_year_end_name":"廊坊市","province_name":"河北省","province_code":"130000","snapshot_year":2020,"panel_year":2019,"link_status":"parent_linked","former_name":"","note":""},"geometry":{"type":"Polygon","coordinates":[[[116.64058,38.87071],[116.73888,38.85061],[116.74527,38.83046],[116.73155,38.7837],[116.74628,38.77922],[116.73873,38.75177],[116.75986,38.74563],[116.76066,38.72017],[116.73903,38.70173],[116.75659,38.70028],[116.77217,38.64454],[116.66264,38.59216],[116.66849,38.56309],[116.63527,38.55685],[116.66906,38.53973],[116.6475,38.50956],[116.60958,38.50844],[116.62145,38.50053],[116.61479,38.47349],[116.59146,38.48674],[116.56358,38.4705],[116.54444,38.50243],[116.51622,38.48659],[116.45669,38.49593],[116.44663,38.53372],[116.42935,38.52721],[116.42511,38.53868],[116.42596,38.55164],[116.44908,38.55497],[116.44892,38.57943],[116.386,38.60194],[116.35431,38.65638],[116.35766,38.68578],[116.41702,38.71126],[116.43056,38.75331],[116.46884,38.76119],[116.48506,38.73919],[116.51723,38.73543],[116.54924,38.74671],[116.55291,38.77432],[116.6276,38.81237],[116.64058,38.87071]]]}},{"type":"Feature","id":"CTAMAP-2020-COUNTY-0249","properties":{"map_level":"county","source_name":"大名县","source_code":"130425","county_type":"县","prefecture_name":"邯郸市","prefecture_code":"130400","prefecture_type":"地级市","parent_entity_id":"CNUR-000006","parent_year_end_name":"邯郸市","province_name":"河北省","province_code":"130000","snapshot_year":2020,"panel_year":2019,"link_status":"parent_linked","former_name":"","note":""},"geometry":{"type":"Polygon","coordinates":[[[115.11156,36.49948],[115.16049,36.46104],[115.20764,36.46636],[115.22023,36.44366],[115.25089,36.44859],[115.27751,36.47692],[115.28632,36.4595],[115.30168,36.46291],[115.31093,36.43239],[115.29065,36.41234],[115.33868,36.39646],[115.33819,36.35205],[115.36314,36.34439],[115.3478,36.31258],[115.41322,36.32603],[115.41362,36.28827],[115.46181,36.26771],[115.48104,36.14834],[115.44942,36.17592],[115.44291,36.14652],[115.42012,36.13766],[115.40507,36.13701],[115.39828,36.15848],[115.35985,36.09809],[115.31476,36.08561],[115.29107,36.10083],[115.29636,36.13219],[115.26785,36.13932],[115.23277,36.19702],[115.19585,36.21266],[115.16498,36.18976],[115.14301,36.21053],[115.11608,36.21077],[115.1077,36.22855],[115.08269,36.22283],[115.07083,36.32226],[114.97054,36.43195],[114.98899,36.44563],[115.02641,36.43893],[115.07185,36.49452],[115.11156,36.49948]]]}},{"type":"Feature","id":"CTAMAP-2020-COUNTY-0328","properties":{"map_level":"county","source_name":"定兴县","source_code":"130626","county_type":"县","prefecture_name":"保定市","prefecture_code":"130600","prefecture_type":"地级市","parent_entity_id":"CNUR-000008","parent_year_end_name":"保定市","province_name":"河北省","province_code":"130000","snapshot_year":2020,"panel_year":2019,"link_status":"parent_linked","former_name":"","note":""},"geometry":{"type":"Polygon","coordinates":[[[115.78574,39.32812],[115.81065,39.29987],[115.90141,39.30374],[115.887,39.27235],[115.96897,39.20784],[115.95447,39.19909],[115.94599,39.11086],[115.89517,39.10134],[115.88626,39.12414],[115.89693,39.13721],[115.8694,39.13041],[115.86204,39.14212],[115.85949,39.11781],[115.83297,39.13077],[115.8167,39.11381],[115.77071,39.12089],[115.75945,39.09724],[115.71795,39.09442],[115.65879,39.12926],[115.60749,39.10699],[115.51248,39.1365],[115.50845,39.1586],[115.52455,39.15781],[115.53914,39.2134],[115.52904,39.23111],[115.58527,39.26375],[115.59032,39.28762],[115.63661,39.29106],[115.62586,39.30661],[115.63922,39.31445],[115.6742,39.31637],[115.69708,39.29431],[115.71909,39.32032],[115.78574,39.32812]]]}},{"type":"Feature","id":"CTAMAP-2020-COUNTY-0330","properties":{"map_level":"county","source_name":"定州市","source_code":"130682","county_type":"县级市","prefecture_name":"保定市","prefecture_code":"130600","prefecture_type":"地级市","parent_entity_id":"CNUR-000008","parent_year_end_name":"保定市","province_name":"河北省","province_code":"130000","snapshot_year":2020,"panel_year":2019,"link_status":"parent_linked","former_name":"","note":""},"geometry":{"type":"Polygon","coordinates":[[[115.01963,38.6268],[115.10993,38.61108],[115.15303,38.65089],[115.17726,38.64922],[115.19091,38.61883],[115.2303,38.59769],[115.25142,38.51196],[115.23515,38.47704],[115.25073,38.46218],[115.22841,38.45447],[115.22265,38.41187],[115.1947,38.41517],[115.21012,38.38989],[115.17377,38.36999],[115.20716,38.35412],[115.20592,38.32364],[115.23869,38.293],[115.21545,38.27568],[115.20143,38.23474],[115.16148,38.25814],[115.09338,38.26175],[115.08903,38.28782],[115.07072,38.28146],[115.06294,38.29967],[115.04987,38.28915],[115.05958,38.26263],[115.04028,38.25508],[115.02218,38.26681],[114.98615,38.25444],[114.96208,38.28087],[114.92081,38.28321],[114.90407,38.26144],[114.87685,38.26844],[114.93695,38.34331],[114.91707,38.38875],[114.85018,38.43072],[114.84111,38.46019],[114.83136,38.43402],[114.8121,38.44928],[114.82552,38.46482],[114.80576,38.50572],[114.85497,38.53545],[114.85392,38.56331],[114.88285,38.58815],[114.86777,38.59514],[114.88089,38.62466],[114.84122,38.64622],[114.8466,38.6658],[114.92041,38.65422],[114.97003,38.67172],[114.98188,38.62375],[115.03209,38.64562],[115.01963,38.6268]]]}},{"type":"Feature","id":"CTAMAP-2020-COUNTY-0344","properties":{"map_level":"county","source_name":"东光县","source_code":"130923","county_type":"县","prefecture_name":"沧州市","prefecture_code":"130900","prefecture_type":"地级市","parent_entity_id":"CNUR-000011","parent_year_end_name":"沧州市","province_name":"河北省","province_code":"130000","snapshot_year":2020,"panel_year":2019,"link_status":"parent_linked","former_name":"","note":""},"geometry":{"type":"Polygon","coordinates":[[[116.88241,37.84397],[116.83693,37.83392],[116.78889,37.84624],[116.75275,37.80063],[116.74242,37.76001],[116.71747,37.76598],[116.71888,37.74371],[116.70377,37.7344],[116.68328,37.76209],[116.64536,37.75646],[116.62999,37.77223],[116.61447,37.75374],[116.50729,37.78976],[116.46612,37.77369],[116.46776,37.86523],[116.5077,37.86233],[116.50945,37.89238],[116.55951,37.979],[116.55782,38.02146],[116.5737,38.02576],[116.65194,38.03393],[116.6885,37.98681],[116.82622,37.96636],[116.84511,37.95366],[116.83739,37.93077],[116.8567,37.9242],[116.84678,37.88458],[116.88356,37.87159],[116.88241,37.84397]]]}},{"type":"Feature","id":"CTAMAP-2020-COUNTY-0421","properties":{"map_level":"county","source_name":"肥乡区","source_code":"130407","county_type":"市辖区","prefecture_name":"邯郸市","prefecture_code":"130400","prefecture_type":"地级市","parent_entity_id":"CNUR-000006","parent_year_end_name":"邯郸市","province_name":"河北省","province_code":"130000","snapshot_year":2020,"panel_year":2019,"link_status":"parent_linked","former_name":"肥乡县","note":"2016年撤销肥乡县，设立肥乡区"},"geometry":{"type":"Polygon","coordinates":[[[115.03182,36.61031],[115.01462,36.60284],[115.00841,36.5628],[114.98313,36.53606],[114.94281,36.52256],[114.95335,36.50729],[114.92515,36.50466],[114.90765,36.48009],[114.89087,36.49726],[114.77572,36.49199],[114.71948,36.50645],[114.71462,36.49229],[114.64977,36.48359],[114.61569,36.50765],[114.63931,36.53113],[114.61907,36.56982],[114.65677,36.57647],[114.6759,36.59855],[114.69837,36.58387],[114.72161,36.60936],[114.71137,36.62329],[114.84343,36.67422],[114.89807,36.66554],[114.89961,36.64685],[114.99015,36.64093],[115.03182,36.61031]]]}},{"type":"Feature","id":"CTAMAP-2020-COUNTY-0429","properties":{"map_level":"county","source_name":"丰南区","source_code":"130207","county_type":"市辖区","prefecture_name":"唐山市","prefecture_code":"130200","prefecture_type":"地级市","parent_entity_id":"CNUR-000004","parent_year_end_name":"唐山市","province_name":"河北省","province_code":"130000","snapshot_year":2020,"panel_year":2019,"link_status":"parent_linked","former_name":"丰南市","note":"2002年撤销丰南市，设立丰南区"},"geometry":{"type":"MultiPolygon","coordinates":[[[[118.29628,39.64737],[118.37789,39.64758],[118.43716,39.5811],[118.42451,39.53721],[118.40113,39.52291],[118.41364,39.4458],[118.37991,39.42743],[118.39413,39.40835],[118.38073,39.3814],[118.39655,39.33365],[118.37701,39.32199],[118.35538,39.32746],[118.33588,39.35823],[118.30746,39.34925],[118.32051,39.35356],[118.31957,39.38567],[118.28771,39.40255],[118.29564,39.45123],[118.22244,39.44603],[118.20721,39.42139],[118.23696,39.36289],[118.22868,39.34308],[118.26404,39.34161],[118.22456,39.32625],[118.17346,39.34567],[118.1684,39.23464],[118.14423,39.1692],[118.06685,39.21762],[118.02309,39.20209],[118.03077,39.22935],[118.05917,39.23676],[118.02071,39.29024],[117.98885,39.28771],[117.96129,39.3154],[117.84087,39.32771],[117.85676,39.36137],[117.84582,39.36865],[117.83402,39.35168],[117.7967,39.35959],[117.80614,39.37413],[117.85971,39.37737],[117.84102,39.40717],[117.86571,39.41047],[117.86454,39.45393],[117.89275,39.47114],[117.89883,39.53342],[117.9278,39.5728],[117.97781,39.56138],[117.99257,39.63161],[118.0314,39.62424],[118.0485,39.59222],[118.15524,39.56331],[118.14761,39.53614],[118.1855,39.49658],[118.20964,39.50539],[118.23748,39.48877],[118.27088,39.52526],[118.23208,39.53727],[118.21701,39.56335],[118.27406,39.56555],[118.29628,39.64737]]],[[[118.73012,39.02897],[118.72566,39.0297],[118.7273,39.03142],[118.73012,39.02897]]]]}},{"type":"Feature","id":"CTAMAP-2020-COUNTY-0430","properties":{"map_level":"county","source_name":"丰宁满族自治县","source_code":"130826","county_type":"自治县","prefecture_name":"承德市","prefecture_code":"130800","prefecture_type":"地级市","parent_entity_id":"CNUR-000010","parent_year_end_name":"承德市","province_name":"河北省","province_code":"130000","snapshot_year":2020,"panel_year":2019,"link_status":"parent_linked","former_name":"","note":""},"geometry":{"type":"Polygon","coordinates":[[[116.68836,41.94269],[116.75694,41.92063],[116.79655,41.88967],[116.80939,41.8169],[116.84754,41.78549],[116.84516,41.70705],[116.89588,41.64284],[116.86606,41.58466],[116.79834,41.55976],[116.88223,41.5226],[116.87309,41.49001],[116.91331,41.50092],[116.96585,41.47655],[117.02576,41.50459],[117.10809,41.49074],[117.15263,41.45928],[117.16895,41.4273],[117.22451,41.40408],[117.22119,41.39025],[117.27125,41.34911],[117.26303,41.32587],[117.28745,41.3134],[117.28568,41.29148],[117.31499,41.26258],[117.2964,41.21871],[117.31325,41.18639],[117.4001,41.13181],[117.38726,41.1219],[117.38647,41.07507],[117.33811,41.06808],[117.30807,41.03593],[117.26524,41.05247],[117.21598,41.04599],[117.19826,41.01124],[117.14379,40.98223],[117.15421,40.95772],[117.09747,40.91971],[116.9701,40.93884],[116.9399,40.92549],[116.85015,40.95611],[116.80692,40.94958],[116.74411,40.99849],[116.71416,40.9976],[116.68353,41.04283],[116.63767,41.05812],[116.61147,41.05023],[116.61698,41.01921],[116.59589,40.97425],[116.55737,40.99209],[116.5102,40.97355],[116.44923,40.97806],[116.46781,40.8943],[116.39257,40.90415],[116.33937,40.98065],[116.28713,40.98863],[116.25873,41.03653],[116.28997,41.06067],[116.23282,41.12276],[116.24319,41.16317],[116.21555,41.17578],[116.23129,41.20982],[116.18733,41.259],[116.20502,41.32029],[116.16025,41.35882],[116.04115,41.38726],[116.02961,41.4199],[116.00473,41.42929],[116.00493,41.45505],[115.97677,41.46878],[115.96587,41.54417],[115.91896,41.56457],[115.90361,41.64296],[116.04377,41.72609],[116.07448,41.77411],[116.12265,41.80436],[116.09939,41.83086],[116.10536,41.85179],[116.1316,41.8687],[116.19294,41.86213],[116.22312,41.93605],[116.29584,41.96816],[116.32554,42.00662],[116.37506,42.00789],[116.41413,41.98776],[116.38671,41.94189],[116.42889,41.93801],[116.48967,41.98074],[116.54591,41.93008],[116.68836,41.94269]]]}},{"type":"Feature","id":"CTAMAP-2020-COUNTY-0431","properties":{"map_level":"county","source_name":"丰润区","source_code":"130208","county_type":"市辖区","prefecture_name":"唐山市","prefecture_code":"130200","prefecture_type":"地级市","parent_entity_id":"CNUR-000004","parent_year_end_name":"唐山市","province_name":"河北省","province_code":"130000","snapshot_year":2020,"panel_year":2019,"link_status":"parent_linked","former_name":"丰润县和新区","note":"2002年撤销丰润县和新区，设立丰润区"},"geometry":{"type":"Polygon","coordinates":[[[118.34945,39.99393],[118.35393,39.94165],[118.3206,39.91653],[118.31308,39.88969],[118.27492,39.87988],[118.27766,39.84166],[118.24327,39.82045],[118.25149,39.79568],[118.23294,39.78486],[118.25146,39.76716],[118.18413,39.76015],[118.15704,39.69453],[118.115,39.70173],[118.11264,39.66936],[118.07047,39.63691],[118.0784,39.59031],[118.0485,39.59222],[118.0314,39.62424],[118.00137,39.63358],[117.98738,39.62694],[117.9896,39.5742],[117.96969,39.55991],[117.86029,39.59899],[117.84524,39.58827],[117.76136,39.59779],[117.75983,39.61723],[117.79356,39.6513],[117.85849,39.67079],[117.85027,39.69458],[117.88327,39.71299],[117.88822,39.75172],[117.87202,39.76866],[117.90982,39.77327],[117.92475,39.79822],[117.91664,39.80949],[117.94931,39.79906],[117.93479,39.83475],[117.91819,39.8358],[117.92161,39.90653],[117.90681,39.91918],[118.01604,39.92719],[118.04458,39.94091],[118.05058,39.97228],[118.07185,39.95952],[118.10589,39.9803],[118.12398,39.96874],[118.14525,40.00994],[118.22801,40.0629],[118.27178,40.06538],[118.29714,40.04841],[118.29351,40.01084],[118.30485,40.00293],[118.32502,40.01855],[118.34945,39.99393]]]}},{"type":"Feature","id":"CTAMAP-2020-COUNTY-0439","properties":{"map_level":"county","source_name":"峰峰矿区","source_code":"130406","county_type":"市辖区","prefecture_name":"邯郸市","prefecture_code":"130400","prefecture_type":"地级市","parent_entity_id":"CNUR-000006","parent_year_end_name":"邯郸市","province_name":"河北省","province_code":"130000","snapshot_year":2020,"panel_year":2019,"link_status":"parent_linked","former_name":"","note":""},"geometry":{"type":"Polygon","coordinates":[[[114.27548,36.55029],[114.26552,36.531],[114.28266,36.50724],[114.26511,36.49956],[114.26768,36.48067],[114.29978,36.47911],[114.31058,36.461],[114.28292,36.45918],[114.27788,36.44138],[114.22737,36.41495],[114.2038,36.34348],[114.10968,36.36898],[114.08851,36.49034],[114.09981,36.50212],[114.04721,36.51223],[114.08602,36.54031],[114.08208,36.57148],[114.11467,36.55624],[114.12613,36.57409],[114.13719,36.55209],[114.17828,36.54296],[114.23407,36.561],[114.2582,36.54042],[114.27548,36.55029]]]}},{"type":"Feature","id":"CTAMAP-2020-COUNTY-0474","properties":{"map_level":"county","source_name":"抚宁区","source_code":"130306","county_type":"市辖区","prefecture_name":"秦皇岛市","prefecture_code":"130300","prefecture_type":"地级市","parent_entity_id":"CNUR-000005","parent_year_end_name":"秦皇岛市","province_name":"河北省","province_code":"130000","snapshot_year":2020,"panel_year":2019,"link_status":"parent_linked","former_name":"抚宁县","note":"2015年撤销抚宁县，设立抚宁区"},"geometry":{"type":"Polygon","coordinates":[[[119.44509,40.0919],[119.43999,40.03538],[119.47385,40.01066],[119.45147,39.98222],[119.48206,39.95873],[119.47844,39.93292],[119.41521,39.89014],[119.37968,39.89277],[119.38516,39.86023],[119.3296,39.89034],[119.32038,39.86846],[119.33651,39.85353],[119.31627,39.84554],[119.34003,39.82628],[119.32478,39.8084],[119.34426,39.81288],[119.34623,39.78756],[119.40879,39.77737],[119.34481,39.72007],[119.27029,39.76633],[119.23555,39.76712],[119.22135,39.80301],[119.17491,39.78227],[119.12775,39.78547],[119.13233,39.83786],[119.11304,39.86382],[119.0993,39.85939],[119.09104,39.88802],[119.0704,39.88479],[119.07687,39.91617],[119.10092,39.93713],[119.08441,39.94056],[119.06879,39.98768],[119.14533,39.98859],[119.10902,40.04178],[119.12511,40.05845],[119.11455,40.09736],[119.14195,40.12584],[119.20951,40.15571],[119.27923,40.16082],[119.28744,40.17742],[119.339,40.15602],[119.33679,40.12572],[119.35547,40.1166],[119.36924,40.07832],[119.44509,40.0919]]]}},{"type":"Feature","id":"CTAMAP-2020-COUNTY-0478","properties":{"map_level":"county","source_name":"阜城县","source_code":"131128","county_type":"县","prefecture_name":"衡水市","prefecture_code":"131100","prefecture_type":"地级市","parent_entity_id":"CNUR-000013","parent_year_end_name":"衡水市","province_name":"河北省","province_code":"130000","snapshot_year":2020,"panel_year":2019,"link_status":"parent_linked","former_name":"","note":""},"geometry":{"type":"Polygon","coordinates":[[[116.55758,38.01932],[116.55951,37.979],[116.50945,37.89238],[116.5077,37.86233],[116.46776,37.86523],[116.46824,37.81906],[116.41346,37.82502],[116.36544,37.8645],[116.32148,37.87212],[116.32226,37.8585],[116.28143,37.85037],[116.2756,37.80847],[116.21812,37.82367],[116.2134,37.78103],[116.15349,37.77738],[116.14868,37.76442],[116.15198,37.78023],[116.14528,37.76739],[116.13584,37.77957],[116.12162,37.76849],[116.09461,37.77666],[116.1192,37.80682],[116.08325,37.83311],[116.10076,37.86549],[116.04934,37.86631],[116.07643,37.87719],[116.05948,37.90876],[116.14732,37.91322],[116.18282,37.96766],[116.21724,37.94997],[116.28558,37.96806],[116.33186,38.01803],[116.3796,38.02565],[116.39237,38.01152],[116.45384,38.00851],[116.46153,38.02301],[116.47344,38.01069],[116.47798,38.02452],[116.49077,38.01289],[116.55758,38.01932]]]}},{"type":"Feature","id":"CTAMAP-2020-COUNTY-0482","properties":{"map_level":"county","source_name":"阜平县","source_code":"130624","county_type":"县","prefecture_name":"保定市","prefecture_code":"130600","prefecture_type":"地级市","parent_entity_id":"CNUR-000008","parent_year_end_name":"保定市","province_name":"河北省","province_code":"130000","snapshot_year":2020,"panel_year":2019,"link_status":"parent_linked","former_name":"","note":""},"geometry":{"type":"Polygon","coordinates":[[[114.34304,39.07627],[114.41223,39.065],[114.45663,39.04195],[114.46732,39.01827],[114.51463,39.01763],[114.52936,38.99269],[114.52229,38.91215],[114.48938,38.90459],[114.51033,38.88282],[114.51431,38.82874],[114.53566,38.81339],[114.51936,38.78622],[114.52771,38.7759],[114.49595,38.75827],[114.46219,38.76185],[114.46243,38.75013],[114.41302,38.761],[114.42497,38.7378],[114.41092,38.70097],[114.35435,38.68269],[114.30731,38.71136],[114.08029,38.65708],[114.04575,38.68567],[113.98517,38.67464],[113.88027,38.74318],[113.82422,38.75805],[113.82174,38.7916],[113.84964,38.81827],[113.76634,38.88941],[113.76168,38.97682],[113.77574,38.99338],[113.80613,38.99265],[113.88105,39.06678],[113.91634,39.06216],[113.94055,39.09198],[113.97989,39.09025],[114.0,39.11935],[114.03927,39.13184],[114.05828,39.09306],[114.09168,39.08442],[114.11573,39.04858],[114.34304,39.07627]]]}},{"type":"Feature","id":"CTAMAP-2020-COUNTY-0484","properties":{"map_level":"county","source_name":"复兴区","source_code":"130404","county_type":"市辖区","prefecture_name":"邯郸市","prefecture_code":"130400","prefecture_type":"地级市","parent_entity_id":"CNUR-000006","parent_year_end_name":"邯郸市","province_name":"河北省","province_code":"130000","snapshot_year":2020,"panel_year":2019,"link_status":"parent_linked","former_name":"","note":""},"geometry":{"type":"Polygon","coordinates":[[[114.3165,36.67857],[114.41293,36.63855],[114.47372,36.65206],[114.46119,36.57753],[114.407,36.57102],[114.40188,36.59018],[114.38223,36.58842],[114.3566,36.55541],[114.38738,36.54015],[114.38597,36.49605],[114.3484,36.49299],[114.35596,36.46661],[114.31816,36.45996],[114.2644,36.49422],[114.28242,36.50633],[114.26563,36.53399],[114.29448,36.59078],[114.26893,36.61941],[114.2977,36.62525],[114.3165,36.67857]]]}},{"type":"Feature","id":"CTAMAP-2020-COUNTY-0518","properties":{"map_level":"county","source_name":"高碑店市","source_code":"130684","county_type":"县级市","prefecture_name":"保定市","prefecture_code":"130600","prefecture_type":"地级市","parent_entity_id":"CNUR-000008","parent_year_end_name":"保定市","province_name":"河北省","province_code":"130000","snapshot_year":2020,"panel_year":2019,"link_status":"parent_linked","former_name":"","note":""},"geometry":{"type":"Polygon","coordinates":[[[116.11199,39.36593],[116.12808,39.35078],[116.19062,39.35405],[116.20378,39.27836],[116.17228,39.21445],[116.2041,39.20584],[116.19809,39.16751],[116.21108,39.14768],[116.0968,39.17141],[116.09474,39.15058],[116.07854,39.14624],[116.09331,39.10699],[116.02384,39.09619],[115.94599,39.11086],[115.95447,39.19909],[115.96897,39.20784],[115.887,39.27235],[115.90141,39.30374],[115.81065,39.29987],[115.78574,39.32812],[115.81207,39.35858],[115.80149,39.37926],[115.81735,39.3852],[115.86081,39.3706],[115.86618,39.38246],[115.98957,39.36721],[116.02104,39.34886],[116.04255,39.37391],[116.09549,39.34663],[116.11199,39.36593]]]}},{"type":"Feature","id":"CTAMAP-2020-COUNTY-0531","properties":{"map_level":"county","source_name":"高阳县","source_code":"130628","county_type":"县","prefecture_name":"保定市","prefecture_code":"130600","prefecture_type":"地级市","parent_entity_id":"CNUR-000008","parent_year_end_name":"保定市","province_name":"河北省","province_code":"130000","snapshot_year":2020,"panel_year":2019,"link_status":"parent_linked","former_name":"","note":""},"geometry":{"type":"Polygon","coordinates":[[[115.95509,38.7558],[115.93794,38.73288],[115.9602,38.7083],[115.9495,38.68909],[115.96725,38.66814],[115.96817,38.63573],[115.94429,38.62721],[115.96028,38.57227],[115.92906,38.55152],[115.93492,38.52988],[115.87341,38.53517],[115.86737,38.52799],[115.85272,38.52979],[115.84745,38.52609],[115.87268,38.50997],[115.81404,38.52723],[115.83803,38.60744],[115.82302,38.60851],[115.82285,38.62468],[115.80028,38.6398],[115.74929,38.62892],[115.72092,38.64604],[115.65791,38.65051],[115.63957,38.66667],[115.64686,38.67772],[115.61544,38.69483],[115.62174,38.72726],[115.64407,38.72915],[115.64684,38.74686],[115.67548,38.76301],[115.68356,38.75289],[115.66698,38.73591],[115.68921,38.72644],[115.73711,38.74334],[115.74063,38.76924],[115.77823,38.75845],[115.80165,38.77864],[115.84334,38.75757],[115.87704,38.7695],[115.92212,38.76007],[115.94061,38.77527],[115.9391,38.75792],[115.95509,38.7558]]]}},{"type":"Feature","id":"CTAMAP-2020-COUNTY-0533","properties":{"map_level":"county","source_name":"高邑县","source_code":"130127","county_type":"县","prefecture_name":"石家庄市","prefecture_code":"130100","prefecture_type":"地级市","parent_entity_id":"CNUR-000003","parent_year_end_name":"石家庄市","province_name":"河北省","province_code":"130000","snapshot_year":2020,"panel_year":2019,"link_status":"parent_linked","former_name":"","note":""},"geometry":{"type":"Polygon","coordinates":[[[114.63368,37.6937],[114.64694,37.65456],[114.68523,37.63626],[114.70293,37.6522],[114.69391,37.63334],[114.71915,37.63611],[114.72776,37.62275],[114.69955,37.61426],[114.68517,37.564],[114.63688,37.55184],[114.59676,37.56021],[114.5857,37.54685],[114.50944,37.5834],[114.45602,37.57906],[114.50061,37.6221],[114.49906,37.64059],[114.51716,37.64221],[114.51476,37.6703],[114.63368,37.6937]]]}},{"type":"Feature","id":"CTAMAP-2020-COUNTY-0536","properties":{"map_level":"county","source_name":"藁城区","source_code":"130109","county_type":"市辖区","prefecture_name":"石家庄市","prefecture_code":"130100","prefecture_type":"地级市","parent_entity_id":"CNUR-000003","parent_year_end_name":"石家庄市","province_name":"河北省","province_code":"130000","snapshot_year":2020,"panel_year":2019,"link_status":"parent_linked","former_name":"藁城市","note":"2014年撤销藁城市，设立藁城区"},"geometry":{"type":"Polygon","coordinates":[[[114.85387,38.26297],[114.83333,38.25356],[114.83202,38.23129],[114.79243,38.22491],[114.78064,38.19081],[114.80089,38.17699],[114.78963,38.15026],[114.80717,38.10942],[114.83216,38.10238],[114.81867,38.06012],[114.84123,38.04695],[114.97758,38.08982],[114.96758,38.00961],[114.97912,37.96688],[114.96304,37.94438],[114.97461,37.91885],[114.95894,37.90238],[114.97996,37.87915],[114.9781,37.85779],[114.9001,37.85341],[114.85062,37.88235],[114.81867,37.87164],[114.78454,37.89506],[114.7518,37.88521],[114.74172,37.89275],[114.7596,37.92256],[114.69477,37.93487],[114.65002,38.00196],[114.70145,38.09084],[114.65837,38.11298],[114.6744,38.14328],[114.68014,38.22868],[114.72273,38.27887],[114.69811,38.28247],[114.69824,38.29939],[114.75632,38.31199],[114.85387,38.26297]]]}},{"type":"Feature","id":"CTAMAP-2020-COUNTY-0557","properties":{"map_level":"county","source_name":"沽源县","source_code":"130724","county_type":"县","prefecture_name":"张家口市","prefecture_code":"130700","prefecture_type":"地级市","parent_entity_id":"CNUR-000009","parent_year_end_name":"张家口市","province_name":"河北省","province_code":"130000","snapshot_year":2020,"panel_year":2019,"link_status":"parent_linked","former_name":"","note":""},"geometry":{"type":"Polygon","coordinates":[[[115.91884,41.94007],[115.99563,41.82713],[116.01014,41.77491],[116.07741,41.77951],[116.04207,41.72464],[115.90348,41.64248],[115.91896,41.56457],[115.96587,41.54417],[115.97677,41.46878],[116.00493,41.45505],[116.00473,41.42929],[116.02961,41.4199],[116.04115,41.38726],[116.02181,41.37401],[116.00966,41.32187],[115.989,41.30153],[115.96263,41.30516],[115.94939,41.23706],[115.89697,41.23265],[115.86567,41.27098],[115.81975,41.27541],[115.79253,41.32685],[115.72475,41.36889],[115.65631,41.31742],[115.62021,41.3181],[115.56965,41.25831],[115.54396,41.26925],[115.54429,41.28743],[115.46696,41.28864],[115.45379,41.26966],[115.44442,41.28578],[115.45838,41.3143],[115.43753,41.35892],[115.38418,41.4089],[115.32037,41.42473],[115.26961,41.48637],[115.18692,41.51477],[115.15164,41.5001],[115.03444,41.52805],[114.9912,41.52669],[114.96998,41.50997],[114.95201,41.52991],[114.92786,41.52643],[114.93223,41.50729],[114.96945,41.49528],[114.94064,41.48588],[114.92347,41.49947],[114.87749,41.49316],[114.87524,41.51615],[114.83973,41.51588],[114.85256,41.57611],[114.87873,41.59142],[114.87539,41.60527],[115.01587,41.6116],[115.04778,41.59575],[115.09222,41.62169],[115.1415,41.61439],[115.14496,41.60082],[115.19178,41.60224],[115.19757,41.56931],[115.25109,41.57907],[115.25675,41.61353],[115.27536,41.61948],[115.30429,41.59061],[115.35935,41.5939],[115.37078,41.60075],[115.3388,41.63348],[115.35571,41.66592],[115.3084,41.70098],[115.52794,41.77031],[115.72188,41.87267],[115.72603,41.89264],[115.76393,41.88579],[115.82356,41.93286],[115.91884,41.94007]]]}},{"type":"Feature","id":"CTAMAP-2020-COUNTY-0566","properties":{"map_level":"county","source_name":"古冶区","source_code":"130204","county_type":"市辖区","prefecture_name":"唐山市","prefecture_code":"130200","prefecture_type":"地级市","parent_entity_id":"CNUR-000004","parent_year_end_name":"唐山市","province_name":"河北省","province_code":"130000","snapshot_year":2020,"panel_year":2019,"link_status":"parent_linked","former_name":"","note":""},"geometry":{"type":"Polygon","coordinates":[[[118.45941,39.59277],[118.43633,39.58124],[118.37789,39.64758],[118.33877,39.65386],[118.37279,39.69032],[118.35569,39.69661],[118.35261,39.72013],[118.32979,39.71553],[118.31621,39.73011],[118.32826,39.75431],[118.36414,39.76312],[118.3889,39.80601],[118.4008,39.79824],[118.42046,39.81705],[118.47947,39.77545],[118.53404,39.76912],[118.53423,39.73314],[118.57301,39.72713],[118.53773,39.69389],[118.5031,39.71941],[118.44251,39.69778],[118.43055,39.67087],[118.46564,39.65788],[118.47606,39.62958],[118.45941,39.59277]]]}},{"type":"Feature","id":"CTAMAP-2020-COUNTY-0569","properties":{"map_level":"county","source_name":"固安县","source_code":"131022","county_type":"县","prefecture_name":"廊坊市","prefecture_code":"131000","prefecture_type":"地级市","parent_entity_id":"CNUR-000012","parent_year_end_name":"廊坊市","province_name":"河北省","province_code":"130000","snapshot_year":2020,"panel_year":2019,"link_status":"parent_linked","former_name":"","note":""},"geometry":{"type":"Polygon","coordinates":[[[116.24013,39.51643],[116.25293,39.49893],[116.29932,39.48823],[116.32784,39.45467],[116.42864,39.44208],[116.45663,39.45193],[116.45117,39.41373],[116.47601,39.40223],[116.37566,39.33452],[116.37656,39.30713],[116.39298,39.30222],[116.37237,39.24827],[116.37921,39.21262],[116.3488,39.21852],[116.3264,39.19138],[116.29368,39.1867],[116.2909,39.14192],[116.2541,39.13132],[116.21108,39.14768],[116.19809,39.16751],[116.2041,39.20584],[116.17228,39.21445],[116.20378,39.27836],[116.19062,39.35405],[116.12808,39.35078],[116.11091,39.37356],[116.14506,39.4697],[116.20095,39.50986],[116.21654,39.50143],[116.24013,39.51643]]]}},{"type":"Feature","id":"CTAMAP-2020-COUNTY-0573","properties":{"map_level":"county","source_name":"故城县","source_code":"131126","county_type":"县","prefecture_name":"衡水市","prefecture_code":"131100","prefecture_type":"地级市","parent_entity_id":"CNUR-000013","parent_year_end_name":"衡水市","province_name":"河北省","province_code":"130000","snapshot_year":2020,"panel_year":2019,"link_status":"parent_linked","former_name":"","note":""},"geometry":{"type":"Polygon","coordinates":[[[116.1737,37.47572],[116.23786,37.45517],[116.22188,37.42574],[116.26276,37.42938],[116.25682,37.41986],[116.27987,37.40308],[116.23084,37.36099],[116.16064,37.38412],[115.97058,37.3369],[115.96556,37.2423],[115.90325,37.2027],[115.90643,37.17608],[115.87408,37.15053],[115.87997,37.12338],[115.85076,37.0606],[115.82915,37.07347],[115.82207,37.115],[115.79093,37.11329],[115.76513,37.13546],[115.74652,37.21319],[115.78446,37.26627],[115.7789,37.33337],[115.87662,37.41489],[115.89289,37.49325],[115.96117,37.49979],[116.01478,37.52717],[116.03549,37.51884],[116.0322,37.50089],[116.08707,37.50598],[116.09686,37.52666],[116.13892,37.54557],[116.17387,37.52015],[116.16937,37.49686],[116.18465,37.49266],[116.1737,37.47572]]]}},{"type":"Feature","id":"CTAMAP-2020-COUNTY-0578","properties":{"map_level":"county","source_name":"馆陶县","source_code":"130433","county_type":"县","prefecture_name":"邯郸市","prefecture_code":"130400","prefecture_type":"地级市","parent_entity_id":"CNUR-000006","parent_year_end_name":"邯郸市","province_name":"河北省","province_code":"130000","snapshot_year":2020,"panel_year":2019,"link_status":"parent_linked","former_name":"","note":""},"geometry":{"type":"Polygon","coordinates":[[[115.47242,36.75102],[115.43932,36.69303],[115.38039,36.65614],[115.35982,36.62182],[115.34808,36.62834],[115.3253,36.54941],[115.27783,36.49112],[115.27422,36.46417],[115.22023,36.44366],[115.20764,36.46636],[115.16082,36.46093],[115.11262,36.49399],[115.1234,36.52585],[115.16861,36.53848],[115.17756,36.58079],[115.21668,36.62051],[115.19745,36.63624],[115.23559,36.64087],[115.23518,36.67473],[115.26963,36.68689],[115.30473,36.66812],[115.28764,36.70124],[115.32336,36.72066],[115.30446,36.75175],[115.32667,36.77864],[115.34649,36.78579],[115.3666,36.76426],[115.47242,36.75102]]]}},{"type":"Feature","id":"CTAMAP-2020-COUNTY-0595","properties":{"map_level":"county","source_name":"广平县","source_code":"130432","county_type":"县","prefecture_name":"邯郸市","prefecture_code":"130400","prefecture_type":"地级市","parent_entity_id":"CNUR-000006","parent_year_end_name":"邯郸市","province_name":"河北省","province_code":"130000","snapshot_year":2020,"panel_year":2019,"link_status":"parent_linked","former_name":"","note":""},"geometry":{"type":"Polygon","coordinates":[[[115.17647,36.57704],[115.16861,36.53848],[115.1234,36.52585],[115.11156,36.49948],[115.07185,36.49452],[115.02641,36.43893],[114.98899,36.44563],[114.90171,36.42191],[114.90944,36.39331],[114.88663,36.37088],[114.8218,36.38862],[114.88811,36.41557],[114.8824,36.4324],[114.85481,36.43866],[114.8519,36.49444],[114.89101,36.49724],[114.90564,36.47963],[114.92515,36.50466],[114.94507,36.50143],[114.95493,36.51053],[114.94281,36.52256],[115.00841,36.5628],[115.01481,36.603],[115.0331,36.61084],[115.09898,36.59017],[115.10214,36.60355],[115.126,36.59893],[115.15013,36.61793],[115.15598,36.60715],[115.131,36.58914],[115.17647,36.57704]]]}},{"type":"Feature","id":"CTAMAP-2020-COUNTY-0598","properties":{"map_level":"county","source_name":"广阳区","source_code":"131003","county_type":"市辖区","prefecture_name":"廊坊市","prefecture_code":"131000","prefecture_type":"地级市","parent_entity_id":"CNUR-000012","parent_year_end_name":"廊坊市","province_name":"河北省","province_code":"130000","snapshot_year":2020,"panel_year":2019,"link_status":"parent_linked","former_name":"","note":"2000年新设立广阳区"},"geometry":{"type":"Polygon","coordinates":[[[116.71953,39.62288],[116.77332,39.5919],[116.80637,39.61481],[116.79189,39.59319],[116.80566,39.57581],[116.78101,39.55055],[116.79984,39.52804],[116.81704,39.53167],[116.8146,39.47949],[116.76323,39.46582],[116.63618,39.54794],[116.61208,39.54525],[116.60494,39.52665],[116.6592,39.49445],[116.61066,39.50099],[116.5961,39.45835],[116.54041,39.47785],[116.48591,39.46956],[116.48595,39.45395],[116.46502,39.44856],[116.44873,39.45231],[116.43801,39.48089],[116.40574,39.4806],[116.4171,39.49527],[116.39648,39.52553],[116.43767,39.50852],[116.43065,39.52501],[116.47168,39.53497],[116.46715,39.55189],[116.50241,39.54958],[116.51987,39.5956],[116.55773,39.6026],[116.56017,39.61874],[116.60194,39.62385],[116.61477,39.60066],[116.66419,39.60382],[116.69923,39.58681],[116.72077,39.5949],[116.69465,39.61987],[116.71953,39.62288]]]}},{"type":"Feature","id":"CTAMAP-2020-COUNTY-0599","properties":{"map_level":"county","source_name":"广宗县","source_code":"130531","county_type":"县","prefecture_name":"邢台市","prefecture_code":"130500","prefecture_type":"地级市","parent_entity_id":"CNUR-000007","parent_year_end_name":"邢台市","province_name":"河北省","province_code":"130000","snapshot_year":2020,"panel_year":2019,"link_status":"parent_linked","former_name":"","note":""},"geometry":{"type":"Polygon","coordinates":[[[115.23057,37.30823],[115.27569,37.27766],[115.25696,37.25921],[115.29538,37.21185],[115.23123,37.1933],[115.21598,37.15167],[115.23725,37.14276],[115.2292,37.11755],[115.24551,37.09933],[115.26726,37.12003],[115.27809,37.10291],[115.2621,37.03778],[115.24028,37.01385],[115.22014,37.01708],[115.24562,36.98785],[115.23315,36.97443],[115.24187,36.95448],[115.19779,36.94506],[115.25176,36.93157],[115.24513,36.91191],[115.19706,36.90641],[115.22223,36.89506],[115.20629,36.86906],[115.15736,36.84988],[115.16015,36.90103],[115.11101,36.90338],[115.09673,36.92494],[115.12348,36.93838],[115.10103,36.95846],[115.1317,36.97836],[115.10663,37.01544],[115.11315,37.09316],[115.1114,37.08959],[115.09739,37.08847],[115.11259,37.16661],[115.12526,37.17251],[115.11279,37.18845],[115.12366,37.20501],[115.13312,37.1968],[115.17697,37.2177],[115.1384,37.23282],[115.14533,37.25801],[115.21493,37.26486],[115.22645,37.28585],[115.21335,37.29734],[115.23057,37.30823]]]}},{"type":"Feature","id":"CTAMAP-2020-COUNTY-0616","properties":{"map_level":"county","source_name":"海港区","source_code":"130302","county_type":"市辖区","prefecture_name":"秦皇岛市","prefecture_code":"130300","prefecture_type":"地级市","parent_entity_id":"CNUR-000005","parent_year_end_name":"秦皇岛市","province_name":"河北省","province_code":"130000","snapshot_year":2020,"panel_year":2019,"link_status":"parent_linked","former_name":"","note":""},"geometry":{"type":"Polygon","coordinates":[[[119.60742,40.31785],[119.64604,40.27121],[119.61902,40.22327],[119.66411,40.23811],[119.70783,40.19544],[119.73742,40.20592],[119.745,40.18981],[119.75684,40.14117],[119.74732,40.12053],[119.70694,40.11082],[119.69288,40.08435],[119.66723,40.08414],[119.67121,40.05099],[119.64035,40.0435],[119.64214,40.02979],[119.62465,40.03731],[119.61613,40.00111],[119.67898,39.99489],[119.69319,39.96682],[119.70758,39.97083],[119.71287,39.94297],[119.69076,39.92508],[119.67032,39.93625],[119.58138,39.90992],[119.58254,39.89936],[119.56098,39.90576],[119.48171,39.86069],[119.46272,39.87869],[119.46749,39.90248],[119.45045,39.90978],[119.47844,39.93292],[119.48206,39.95873],[119.45147,39.98222],[119.47388,40.01058],[119.44024,40.03475],[119.45124,40.06935],[119.43703,40.08464],[119.51983,40.14364],[119.50661,40.15216],[119.52732,40.18421],[119.55701,40.19786],[119.54926,40.26793],[119.58546,40.27982],[119.57593,40.30683],[119.60742,40.31785]]]}},{"type":"Feature","id":"CTAMAP-2020-COUNTY-0626","properties":{"map_level":"county","source_name":"海兴县","source_code":"130924","county_type":"县","prefecture_name":"沧州市","prefecture_code":"130900","prefecture_type":"地级市","parent_entity_id":"CNUR-000011","parent_year_end_name":"沧州市","province_name":"河北省","province_code":"130000","snapshot_year":2020,"panel_year":2019,"link_status":"parent_linked","former_name":"","note":""},"geometry":{"type":"Polygon","coordinates":[[[117.84454,38.26435],[117.80005,38.22685],[117.7828,38.18014],[117.76021,38.16335],[117.76562,38.13427],[117.73684,38.12276],[117.70269,38.07714],[117.55802,38.06257],[117.49731,37.93434],[117.45733,37.93231],[117.46463,37.97055],[117.39528,37.98844],[117.38877,38.02329],[117.36979,38.01853],[117.36607,38.03442],[117.39165,38.04657],[117.38592,38.05815],[117.35093,38.05826],[117.35022,38.07542],[117.3343,38.07419],[117.35005,38.09069],[117.31876,38.10767],[117.34162,38.1338],[117.33729,38.15651],[117.35715,38.16092],[117.36872,38.19275],[117.38589,38.18932],[117.37005,38.20491],[117.37993,38.22159],[117.56972,38.22337],[117.60354,38.23748],[117.60689,38.28062],[117.66704,38.28279],[117.76865,38.25216],[117.8013,38.2769],[117.84454,38.26435]]]}},{"type":"Feature","id":"CTAMAP-2020-COUNTY-0633","properties":{"map_level":"county","source_name":"邯山区","source_code":"130402","county_type":"市辖区","prefecture_name":"邯郸市","prefecture_code":"130400","prefecture_type":"地级市","parent_entity_id":"CNUR-000006","parent_year_end_name":"邯郸市","province_name":"河北省","province_code":"130000","snapshot_year":2020,"panel_year":2019,"link_status":"parent_linked","former_name":"","note":""},"geometry":{"type":"Polygon","coordinates":[[[114.64366,36.57656],[114.61759,36.56522],[114.63931,36.53113],[114.61675,36.51271],[114.62839,36.48856],[114.61407,36.47105],[114.508,36.49689],[114.51214,36.46196],[114.48362,36.41981],[114.47883,36.37058],[114.43208,36.37308],[114.42873,36.3896],[114.3796,36.40109],[114.37908,36.41531],[114.32827,36.4044],[114.30766,36.41925],[114.31309,36.46026],[114.35596,36.46661],[114.3484,36.49299],[114.38597,36.49605],[114.38738,36.54015],[114.3566,36.55541],[114.38223,36.58842],[114.45283,36.56822],[114.46951,36.6033],[114.55135,36.58545],[114.60673,36.61671],[114.62695,36.61082],[114.64366,36.57656]]]}},{"type":"Feature","id":"CTAMAP-2020-COUNTY-0668","properties":{"map_level":"county","source_name":"河间市","source_code":"130984","county_type":"县级市","prefecture_name":"沧州市","prefecture_code":"130900","prefecture_type":"地级市","parent_entity_id":"CNUR-000011","parent_year_end_name":"沧州市","province_name":"河北省","province_code":"130000","snapshot_year":2020,"panel_year":2019,"link_status":"parent_linked","former_name":"","note":""},"geometry":{"type":"Polygon","coordinates":[[[116.35431,38.65638],[116.386,38.60194],[116.44892,38.57943],[116.44908,38.55497],[116.42596,38.55164],[116.42511,38.53868],[116.42935,38.52721],[116.44663,38.53372],[116.45976,38.49378],[116.51622,38.48659],[116.54444,38.50243],[116.56358,38.4705],[116.62847,38.47146],[116.6363,38.45319],[116.60392,38.40507],[116.56955,38.41985],[116.54016,38.39433],[116.51595,38.4017],[116.4971,38.35143],[116.46121,38.32944],[116.45896,38.30865],[116.43478,38.32401],[116.43748,38.35335],[116.42394,38.36057],[116.38196,38.34914],[116.33792,38.36524],[116.31309,38.34408],[116.19255,38.38117],[116.16864,38.33228],[116.13918,38.34029],[116.10214,38.31462],[116.01903,38.33072],[116.04558,38.41194],[116.01537,38.41648],[116.03407,38.43929],[116.0122,38.47649],[115.93297,38.47835],[115.92165,38.49158],[115.93797,38.52436],[115.93319,38.55762],[115.95599,38.57144],[115.99125,38.55248],[116.03384,38.57986],[116.04886,38.55998],[116.05359,38.58028],[116.08488,38.58309],[116.15732,38.56407],[116.17562,38.61747],[116.24084,38.6309],[116.27019,38.66815],[116.35431,38.65638]]]}},{"type":"Feature","id":"CTAMAP-2020-COUNTY-0746","properties":{"map_level":"county","source_name":"怀安县","source_code":"130728","county_type":"县","prefecture_name":"张家口市","prefecture_code":"130700","prefecture_type":"地级市","parent_entity_id":"CNUR-000009","parent_year_end_name":"张家口市","province_name":"河北省","province_code":"130000","snapshot_year":2020,"panel_year":2019,"link_status":"parent_linked","former_name":"","note":""},"geometry":{"type":"Polygon","coordinates":[[[114.34498,40.74025],[114.35409,40.71287],[114.50512,40.67432],[114.63895,40.69102],[114.71752,40.72047],[114.7749,40.70486],[114.76407,40.68249],[114.79443,40.66831],[114.76675,40.64177],[114.78994,40.60887],[114.7772,40.52958],[114.79484,40.51103],[114.78099,40.49616],[114.74616,40.49591],[114.75622,40.47088],[114.69553,40.42458],[114.71201,40.39895],[114.70703,40.37554],[114.52565,40.34205],[114.50556,40.35673],[114.47168,40.34312],[114.44556,40.36935],[114.39099,40.34868],[114.29742,40.36772],[114.2798,40.42363],[114.2919,40.44571],[114.26075,40.47294],[114.29053,40.53615],[114.26687,40.55277],[114.28102,40.58489],[114.2548,40.61109],[114.22699,40.6062],[114.20449,40.62248],[114.20837,40.63795],[114.1386,40.73295],[114.14694,40.75173],[114.19545,40.76864],[114.31866,40.73246],[114.34498,40.74025]]]}},{"type":"Feature","id":"CTAMAP-2020-COUNTY-0748","properties":{"map_level":"county","source_name":"怀来县","source_code":"130730","county_type":"县","prefecture_name":"张家口市","prefecture_code":"130700","prefecture_type":"地级市","parent_entity_id":"CNUR-000009","parent_year_end_name":"张家口市","province_name":"河北省","province_code":"130000","snapshot_year":2020,"panel_year":2019,"link_status":"parent_linked","former_name":"","note":""},"geometry":{"type":"Polygon","coordinates":[[[115.71583,40.5303],[115.73587,40.49535],[115.77551,40.49206],[115.76454,40.44131],[115.83132,40.38009],[115.85435,40.37454],[115.85844,40.35829],[115.91232,40.35281],[115.96181,40.26241],[115.8925,40.23345],[115.86588,40.1862],[115.842,40.18288],[115.84585,40.14694],[115.80037,40.15208],[115.77141,40.17662],[115.72983,40.12872],[115.59376,40.11858],[115.58462,40.09536],[115.55779,40.09711],[115.50339,40.06427],[115.49938,40.1114],[115.46424,40.18564],[115.47266,40.20931],[115.43967,40.25423],[115.49216,40.33502],[115.42326,40.33428],[115.41851,40.35019],[115.43258,40.35889],[115.32521,40.39374],[115.27882,40.46738],[115.31043,40.47206],[115.34213,40.51497],[115.41445,40.49881],[115.50897,40.57802],[115.54757,40.56191],[115.62829,40.56404],[115.63612,40.57975],[115.6724,40.55955],[115.68213,40.57911],[115.7217,40.58145],[115.71583,40.5303]]]}},{"type":"Feature","id":"CTAMAP-2020-COUNTY-0766","properties":{"map_level":"county","source_name":"黄骅市","source_code":"130983","county_type":"县级市","prefecture_name":"沧州市","prefecture_code":"130900","prefecture_type":"地级市","parent_entity_id":"CNUR-000011","parent_year_end_name":"沧州市","province_name":"河北省","province_code":"130000","snapshot_year":2020,"panel_year":2019,"link_status":"parent_linked","former_name":"","note":""},"geometry":{"type":"Polygon","coordinates":[[[117.57601,38.61358],[117.62917,38.48626],[117.76148,38.32761],[117.78124,38.34979],[117.8488,38.35648],[117.82486,38.33284],[117.83376,38.32472],[118.00378,38.40935],[118.01531,38.39354],[117.8635,38.32809],[117.87796,38.31456],[117.90044,38.32095],[117.84689,38.28278],[117.84454,38.26435],[117.8013,38.2769],[117.76865,38.25216],[117.66704,38.28279],[117.60689,38.28062],[117.60354,38.23748],[117.56972,38.22337],[117.56523,38.23128],[117.4866,38.21513],[117.43148,38.22296],[117.40085,38.22279],[117.37993,38.22159],[117.37719,38.22064],[117.37015,38.20446],[117.38697,38.19156],[117.36872,38.19275],[117.35299,38.15819],[117.27146,38.15946],[117.25068,38.18083],[117.1983,38.17649],[117.19465,38.19922],[117.15014,38.21631],[117.13117,38.25858],[117.14535,38.32167],[117.11508,38.32996],[117.10644,38.35863],[117.07831,38.37076],[117.10315,38.38841],[117.07677,38.42824],[117.10761,38.4759],[117.07835,38.54306],[117.09186,38.58601],[117.14479,38.61685],[117.194,38.62112],[117.21415,38.64301],[117.24978,38.61333],[117.23163,38.58454],[117.25504,38.58602],[117.23324,38.578],[117.24701,38.55549],[117.28905,38.57135],[117.30202,38.55482],[117.34415,38.5609],[117.36243,38.58157],[117.36269,38.56389],[117.47255,38.61651],[117.51591,38.61353],[117.52018,38.59991],[117.53858,38.61775],[117.57601,38.61358]]]}},{"type":"Feature","id":"CTAMAP-2020-COUNTY-0814","properties":{"map_level":"county","source_name":"鸡泽县","source_code":"130431","county_type":"县","prefecture_name":"邯郸市","prefecture_code":"130400","prefecture_type":"地级市","parent_entity_id":"CNUR-000006","parent_year_end_name":"邯郸市","province_name":"河北省","province_code":"130000","snapshot_year":2020,"panel_year":2019,"link_status":"parent_linked","former_name":"","note":""},"geometry":{"type":"Polygon","coordinates":[[[114.88449,36.96923],[114.93762,36.94722],[114.96053,36.95293],[114.97108,36.93609],[114.96472,36.88864],[114.94404,36.87884],[114.94428,36.81003],[114.91271,36.78801],[114.91649,36.74897],[114.89432,36.74262],[114.86765,36.74933],[114.8706,36.77137],[114.82128,36.79352],[114.76778,36.79457],[114.7438,36.86051],[114.70615,36.87763],[114.76233,36.88972],[114.75986,36.92782],[114.78727,36.91286],[114.8321,36.96047],[114.88449,36.96923]]]}},{"type":"Feature","id":"CTAMAP-2020-COUNTY-0836","properties":{"map_level":"county","source_name":"冀州区","source_code":"131103","county_type":"市辖区","prefecture_name":"衡水市","prefecture_code":"131100","prefecture_type":"地级市","parent_entity_id":"CNUR-000013","parent_year_end_name":"衡水市","province_name":"河北省","province_code":"130000","snapshot_year":2020,"panel_year":2019,"link_status":"parent_linked","former_name":"冀州市","note":"2016年撤销冀州市，设立冀州区"},"geometry":{"type":"Polygon","coordinates":[[[115.43145,37.72133],[115.42336,37.70981],[115.46156,37.68721],[115.46977,37.70442],[115.49125,37.70458],[115.51143,37.66827],[115.52851,37.66589],[115.52995,37.63741],[115.55943,37.62309],[115.63584,37.62697],[115.65378,37.61201],[115.68329,37.62175],[115.68028,37.57335],[115.61979,37.52827],[115.63544,37.49359],[115.59541,37.49413],[115.55084,37.44922],[115.57358,37.42344],[115.57424,37.36793],[115.60988,37.37499],[115.64271,37.354],[115.61869,37.33293],[115.56878,37.32659],[115.57493,37.31268],[115.51901,37.33357],[115.52187,37.35227],[115.48959,37.36295],[115.48454,37.38261],[115.41433,37.38791],[115.39659,37.42372],[115.33594,37.44673],[115.38652,37.47212],[115.39244,37.45625],[115.40354,37.46944],[115.43132,37.45885],[115.41906,37.48424],[115.4031,37.47511],[115.41519,37.48673],[115.39189,37.49632],[115.39612,37.50929],[115.41951,37.50709],[115.41758,37.49227],[115.44912,37.50026],[115.42212,37.50283],[115.42186,37.51054],[115.40132,37.52398],[115.39727,37.5375],[115.36769,37.54354],[115.35728,37.56583],[115.35552,37.52362],[115.27188,37.57678],[115.22668,37.57973],[115.19639,37.55598],[115.16688,37.59812],[115.21434,37.65357],[115.28664,37.63018],[115.32773,37.71132],[115.38812,37.71145],[115.36438,37.73116],[115.37101,37.74114],[115.43145,37.72133]]]}},{"type":"Feature","id":"CTAMAP-2020-COUNTY-0947","properties":{"map_level":"county","source_name":"晋州市","source_code":"130183","county_type":"县级市","prefecture_name":"石家庄市","prefecture_code":"130100","prefecture_type":"地级市","parent_entity_id":"CNUR-000003","parent_year_end_name":"石家庄市","province_name":"河北省","province_code":"130000","snapshot_year":2020,"panel_year":2019,"link_status":"parent_linked","former_name":"","note":""},"geometry":{"type":"Polygon","coordinates":[[[115.08903,38.1667],[115.08496,38.12196],[115.19984,38.13346],[115.20972,38.09754],[115.18708,38.06822],[115.21515,38.0513],[115.18309,38.03233],[115.20438,38.00993],[115.18762,38.00893],[115.16399,37.95153],[115.13802,37.94613],[115.16271,37.92416],[115.14436,37.90899],[115.14947,37.87887],[115.11427,37.85353],[115.14187,37.84711],[115.14015,37.80362],[115.10445,37.81149],[115.06626,37.78522],[115.02714,37.80293],[114.99673,37.87609],[114.95894,37.90238],[114.97461,37.91885],[114.96304,37.94438],[114.97912,37.96688],[114.96758,38.00961],[114.97755,38.08905],[115.05766,38.14623],[115.0584,38.1613],[115.08903,38.1667]]]}},{"type":"Feature","id":"CTAMAP-2020-COUNTY-0960","properties":{"map_level":"county","source_name":"井陉矿区","source_code":"130107","county_type":"市辖区","prefecture_name":"石家庄市","prefecture_code":"130100","prefecture_type":"地级市","parent_entity_id":"CNUR-000003","parent_year_end_name":"石家庄市","province_name":"河北省","province_code":"130000","snapshot_year":2020,"panel_year":2019,"link_status":"parent_linked","former_name":"","note":""},"geometry":{"type":"MultiPolygon","coordinates":[[[[114.1051,38.13625],[114.07439,38.07996],[114.10237,38.07683],[114.06888,38.07119],[114.06367,38.02919],[114.0215,38.0328],[113.98111,38.06259],[113.99493,38.09881],[114.03707,38.11918],[114.08565,38.11644],[114.1051,38.13625]]],[[[113.98584,38.02904],[114.0239,38.022],[114.00676,38.01944],[114.0065,38.0034],[113.98584,38.02904]]]]}},{"type":"Feature","id":"CTAMAP-2020-COUNTY-0961","properties":{"map_level":"county","source_name":"井陉县","source_code":"130121","county_type":"县","prefecture_name":"石家庄市","prefecture_code":"130100","prefecture_type":"地级市","parent_entity_id":"CNUR-000003","parent_year_end_name":"石家庄市","province_name":"河北省","province_code":"130000","snapshot_year":2020,"panel_year":2019,"link_status":"parent_linked","former_name":"","note":""},"geometry":{"type":"Polygon","coordinates":[[[114.16006,38.17268],[114.2449,38.15722],[114.24651,38.13185],[114.20168,38.10878],[114.21867,38.10176],[114.21878,38.07114],[114.27218,38.05404],[114.26269,38.02172],[114.24117,38.00828],[114.29225,38.00085],[114.29064,37.94412],[114.23283,37.91806],[114.2217,37.88323],[114.23071,37.85167],[114.1738,37.84951],[114.16819,37.83295],[114.20678,37.81912],[114.20912,37.78181],[114.1679,37.75963],[114.13487,37.69456],[114.039,37.72686],[113.99094,37.70952],[113.99305,37.74198],[114.03737,37.75253],[114.03745,37.78644],[113.95888,37.82645],[113.96842,37.87804],[113.89109,37.98505],[113.85827,37.99818],[113.87102,38.05571],[113.80552,38.10943],[113.80978,38.12761],[113.84758,38.19367],[113.95944,38.16682],[114.05035,38.21761],[114.08158,38.19774],[114.1332,38.20157],[114.16006,38.17268]],[[114.1051,38.13625],[114.08843,38.13322],[114.08565,38.11644],[114.03707,38.11918],[113.99493,38.09881],[113.98111,38.06259],[114.0215,38.0328],[114.06367,38.02919],[114.06888,38.07119],[114.10237,38.07683],[114.07439,38.07996],[114.1051,38.13625]],[[114.0239,38.022],[113.98702,38.02995],[113.98584,38.02904],[114.0065,38.0034],[114.00676,38.01944],[114.0239,38.022]]]}},{"type":"Feature","id":"CTAMAP-2020-COUNTY-0968","properties":{"map_level":"county","source_name":"景县","source_code":"131127","county_type":"县","prefecture_name":"衡水市","prefecture_code":"131100","prefecture_type":"地级市","parent_entity_id":"CNUR-000013","parent_year_end_name":"衡水市","province_name":"河北省","province_code":"130000","snapshot_year":2020,"panel_year":2019,"link_status":"parent_linked","former_name":"","note":""},"geometry":{"type":"Polygon","coordinates":[[[116.46824,37.81906],[116.46689,37.77588],[116.41817,37.74999],[116.42866,37.73405],[116.40762,37.73331],[116.36465,37.66522],[116.36948,37.61667],[116.32266,37.60659],[116.33106,37.58111],[116.3134,37.57866],[116.32893,37.57361],[116.28699,37.55885],[116.28561,37.52227],[116.27055,37.52124],[116.28728,37.4965],[116.26573,37.47855],[116.27286,37.46453],[116.23589,37.49096],[116.21693,37.46198],[116.19376,37.463],[116.17323,37.47638],[116.18465,37.49266],[116.16937,37.49686],[116.17387,37.52015],[116.13892,37.54557],[116.09686,37.52666],[116.08707,37.50598],[116.0322,37.50089],[116.03549,37.51884],[116.01478,37.52717],[115.96117,37.49979],[115.92094,37.49424],[115.91215,37.50661],[115.90608,37.59084],[115.98477,37.64556],[116.01174,37.6876],[116.00934,37.74305],[116.05597,37.74919],[116.06811,37.77768],[116.12162,37.76849],[116.13584,37.77957],[116.14528,37.76739],[116.14992,37.7807],[116.14868,37.76442],[116.15349,37.77738],[116.20505,37.77585],[116.21812,37.82367],[116.2756,37.80847],[116.28143,37.85037],[116.32226,37.8585],[116.32148,37.87212],[116.36544,37.8645],[116.41346,37.82502],[116.46824,37.81906]]]}},{"type":"Feature","id":"CTAMAP-2020-COUNTY-0969","properties":{"map_level":"county","source_name":"竞秀区","source_code":"130602","county_type":"市辖区","prefecture_name":"保定市","prefecture_code":"130600","prefecture_type":"地级市","parent_entity_id":"CNUR-000008","parent_year_end_name":"保定市","province_name":"河北省","province_code":"130000","snapshot_year":2020,"panel_year":2019,"link_status":"parent_linked","former_name":"新市区","note":"2015年撤销新市区，设立竞秀区"},"geometry":{"type":"Polygon","coordinates":[[[115.47681,38.92222],[115.48545,38.87926],[115.4457,38.824],[115.42756,38.83211],[115.36357,38.80797],[115.33572,38.82886],[115.35888,38.83807],[115.33048,38.87095],[115.35048,38.88885],[115.36734,38.95384],[115.41966,38.94345],[115.44685,38.954],[115.47681,38.92222]]]}},{"type":"Feature","id":"CTAMAP-2020-COUNTY-0991","properties":{"map_level":"county","source_name":"巨鹿县","source_code":"130529","county_type":"县","prefecture_name":"邢台市","prefecture_code":"130500","prefecture_type":"地级市","parent_entity_id":"CNUR-000007","parent_year_end_name":"邢台市","province_name":"河北省","province_code":"130000","snapshot_year":2020,"panel_year":2019,"link_status":"parent_linked","former_name":"","note":""},"geometry":{"type":"Polygon","coordinates":[[[115.14943,37.418],[115.15683,37.39374],[115.18667,37.40995],[115.18788,37.36346],[115.16865,37.35306],[115.17135,37.3359],[115.2005,37.33312],[115.19784,37.29203],[115.22646,37.28575],[115.21483,37.26481],[115.14533,37.25801],[115.1384,37.23282],[115.17699,37.21776],[115.11957,37.20103],[115.12526,37.17251],[115.10813,37.12858],[115.07072,37.11966],[114.99164,37.14275],[114.99125,37.15571],[114.88844,37.17229],[114.87798,37.23102],[114.83637,37.25501],[114.87946,37.25145],[114.87008,37.27574],[114.93045,37.28438],[114.9303,37.30304],[114.95383,37.31176],[114.93991,37.33216],[114.96828,37.32144],[114.97765,37.36736],[115.01261,37.38543],[115.01233,37.41687],[115.0569,37.41148],[115.06388,37.39812],[115.10951,37.40019],[115.11078,37.42609],[115.14943,37.418]]]}},{"type":"Feature","id":"CTAMAP-2020-COUNTY-1004","properties":{"map_level":"county","source_name":"开平区","source_code":"130205","county_type":"市辖区","prefecture_name":"唐山市","prefecture_code":"130200","prefecture_type":"地级市","parent_entity_id":"CNUR-000004","parent_year_end_name":"唐山市","province_name":"河北省","province_code":"130000","snapshot_year":2020,"panel_year":2019,"link_status":"parent_linked","former_name":"","note":""},"geometry":{"type":"Polygon","coordinates":[[[118.3816,39.79109],[118.31621,39.73011],[118.32979,39.71553],[118.35378,39.71918],[118.37444,39.68131],[118.34203,39.67168],[118.33514,39.65186],[118.29628,39.64737],[118.27406,39.56555],[118.23258,39.56501],[118.22167,39.63075],[118.23392,39.65029],[118.21578,39.65678],[118.22535,39.69018],[118.19105,39.71015],[118.18987,39.68812],[118.162,39.71054],[118.16785,39.73824],[118.20954,39.77166],[118.2507,39.76647],[118.23294,39.78486],[118.25206,39.80165],[118.28279,39.7853],[118.32576,39.78515],[118.32986,39.80053],[118.3816,39.79109]]]}},{"type":"Feature","id":"CTAMAP-2020-COUNTY-1011","properties":{"map_level":"county","source_name":"康保县","source_code":"130723","county_type":"县","prefecture_name":"张家口市","prefecture_code":"130700","prefecture_type":"地级市","parent_entity_id":"CNUR-000009","parent_year_end_name":"张家口市","province_name":"河北省","province_code":"130000","snapshot_year":2020,"panel_year":2019,"link_status":"parent_linked","former_name":"","note":""},"geometry":{"type":"Polygon","coordinates":[[[114.80055,42.14749],[114.82211,42.14557],[114.85464,42.10085],[114.85453,42.05291],[114.8827,42.02783],[114.86891,42.01939],[114.90357,42.00133],[114.90925,41.95707],[114.92696,41.94163],[114.90966,41.93446],[114.91948,41.8991],[114.90622,41.87178],[114.93321,41.84483],[114.90445,41.81748],[114.86256,41.81156],[114.88803,41.78379],[114.89795,41.63621],[114.85875,41.60193],[114.87873,41.59142],[114.85256,41.57611],[114.82121,41.48314],[114.7315,41.46252],[114.66628,41.46968],[114.52097,41.42322],[114.47334,41.48579],[114.36184,41.5739],[114.31881,41.53655],[114.24834,41.52855],[114.24727,41.50941],[114.22435,41.51164],[114.22021,41.6169],[114.24774,41.6283],[114.2085,41.68248],[114.2126,41.69816],[114.23088,41.69659],[114.19999,41.73631],[114.20949,41.75212],[114.19361,41.78699],[114.27591,41.85169],[114.29524,41.89339],[114.32424,41.91215],[114.31902,41.92708],[114.34262,41.92764],[114.34699,41.95235],[114.41531,41.93997],[114.5041,41.97114],[114.45937,42.03583],[114.47323,42.06217],[114.49581,42.06509],[114.51143,42.11849],[114.58019,42.13048],[114.64124,42.10298],[114.68369,42.1201],[114.74649,42.1135],[114.80055,42.14749]]]}},{"type":"Feature","id":"CTAMAP-2020-COUNTY-1036","properties":{"map_level":"county","source_name":"宽城满族自治县","source_code":"130827","county_type":"自治县","prefecture_name":"承德市","prefecture_code":"130800","prefecture_type":"地级市","parent_entity_id":"CNUR-000010","parent_year_end_name":"承德市","province_name":"河北省","province_code":"130000","snapshot_year":2020,"panel_year":2019,"link_status":"parent_linked","former_name":"","note":""},"geometry":{"type":"Polygon","coordinates":[[[119.15209,40.6128],[119.08063,40.58695],[119.05653,40.60446],[118.98881,40.57659],[118.94922,40.55752],[118.95301,40.53005],[118.88137,40.54099],[118.85595,40.52665],[118.81526,40.53063],[118.76681,40.47837],[118.71695,40.47242],[118.69365,40.49013],[118.65645,40.44673],[118.63054,40.44901],[118.60351,40.4275],[118.62816,40.41363],[118.64628,40.37002],[118.60416,40.31664],[118.57168,40.30693],[118.57881,40.28767],[118.55897,40.2825],[118.52459,40.31663],[118.56248,40.41345],[118.4742,40.40208],[118.39864,40.41348],[118.38375,40.43443],[118.30122,40.41645],[118.2736,40.42512],[118.24242,40.46207],[118.19976,40.44228],[118.17908,40.46439],[118.19416,40.50976],[118.25288,40.53185],[118.22806,40.57257],[118.2009,40.56864],[118.24294,40.59565],[118.24036,40.61591],[118.3325,40.64311],[118.35531,40.67483],[118.42066,40.70712],[118.47664,40.70176],[118.5414,40.67203],[118.55032,40.70021],[118.62023,40.71161],[118.65725,40.73791],[118.67011,40.71644],[118.68586,40.73048],[118.73731,40.71741],[118.76655,40.68404],[118.90571,40.75475],[118.94368,40.7462],[118.95441,40.71901],[119.04271,40.67974],[119.04827,40.66346],[119.07206,40.67627],[119.09921,40.66227],[119.16025,40.69371],[119.18038,40.67326],[119.13832,40.6326],[119.15209,40.6128]]]}},{"type":"Feature","id":"CTAMAP-2020-COUNTY-1052","properties":{"map_level":"county","source_name":"涞水县","source_code":"130623","county_type":"县","prefecture_name":"保定市","prefecture_code":"130600","prefecture_type":"地级市","parent_entity_id":"CNUR-000008","parent_year_end_name":"保定市","province_name":"河北省","province_code":"130000","snapshot_year":2020,"panel_year":2019,"link_status":"parent_linked","former_name":"","note":""},"geometry":{"type":"Polygon","coordinates":[[[115.56318,39.81245],[115.54591,39.79359],[115.50061,39.78237],[115.47704,39.79749],[115.41842,39.77327],[115.43392,39.7504],[115.48625,39.73724],[115.49261,39.68856],[115.47201,39.65037],[115.51622,39.63885],[115.51018,39.5901],[115.53959,39.61771],[115.57448,39.58842],[115.65096,39.5987],[115.66125,39.61449],[115.68193,39.59988],[115.68626,39.56542],[115.76583,39.51091],[115.77032,39.48984],[115.75136,39.4909],[115.73719,39.46594],[115.80455,39.38865],[115.78774,39.37678],[115.81207,39.35858],[115.78574,39.32812],[115.71909,39.32032],[115.69708,39.29431],[115.67273,39.31669],[115.62445,39.30985],[115.59247,39.36216],[115.61214,39.38001],[115.57669,39.39117],[115.55576,39.48501],[115.53668,39.50251],[115.47284,39.51334],[115.4474,39.55315],[115.42359,39.54978],[115.41325,39.51747],[115.35917,39.49506],[115.32508,39.51339],[115.33544,39.52799],[115.31673,39.54763],[115.23491,39.56237],[115.21175,39.54804],[115.10293,39.59769],[115.09134,39.58323],[115.11573,39.57531],[115.12655,39.55417],[115.11513,39.54185],[115.02961,39.54004],[114.99361,39.55925],[115.01296,39.58178],[114.99665,39.60371],[115.05404,39.634],[115.01117,39.67424],[115.03229,39.70285],[115.09287,39.70448],[115.16318,39.67169],[115.17503,39.7019],[115.20999,39.70709],[115.23825,39.73467],[115.27719,39.74416],[115.30662,39.7823],[115.33645,39.78942],[115.32253,39.80465],[115.35694,39.88474],[115.39495,39.88764],[115.38959,39.90512],[115.4197,39.94904],[115.47458,39.93436],[115.51429,39.90103],[115.50276,39.883],[115.52246,39.87106],[115.50711,39.84066],[115.56318,39.81245]]]}},{"type":"Feature","id":"CTAMAP-2020-COUNTY-1053","properties":{"map_level":"county","source_name":"涞源县","source_code":"130630","county_type":"县","prefecture_name":"保定市","prefecture_code":"130600","prefecture_type":"地级市","parent_entity_id":"CNUR-000008","parent_year_end_name":"保定市","province_name":"河北省","province_code":"130000","snapshot_year":2020,"panel_year":2019,"link_status":"parent_linked","former_name":"","note":""},"geometry":{"type":"Polygon","coordinates":[[[115.01117,39.67424],[115.05427,39.63605],[114.99635,39.60327],[115.01296,39.58178],[114.99361,39.55925],[115.02961,39.54004],[115.01043,39.52249],[115.01149,39.49642],[115.08188,39.46795],[115.05576,39.43597],[115.02481,39.43417],[115.0382,39.39893],[115.01889,39.37519],[115.01948,39.34737],[114.98037,39.33674],[114.94117,39.29434],[114.90193,39.30986],[114.87628,39.26751],[114.8505,39.26077],[114.84809,39.22822],[114.86765,39.2203],[114.86659,39.19653],[114.89516,39.18484],[114.85902,39.13936],[114.88045,39.13179],[114.88785,39.10476],[114.77285,39.10876],[114.72762,39.1459],[114.67811,39.15803],[114.59334,39.1259],[114.55785,39.09254],[114.55007,39.062],[114.50425,39.06352],[114.46739,39.02721],[114.41223,39.065],[114.34304,39.07627],[114.36379,39.10932],[114.35334,39.1398],[114.37334,39.14746],[114.37683,39.17264],[114.43713,39.17277],[114.44152,39.19067],[114.46437,39.19332],[114.46727,39.2189],[114.40975,39.24153],[114.43051,39.26],[114.41978,39.2846],[114.42825,39.31516],[114.47273,39.34475],[114.46896,39.40684],[114.49161,39.43086],[114.49577,39.47562],[114.5263,39.48487],[114.56929,39.58155],[114.6276,39.55488],[114.64159,39.59365],[114.65704,39.59705],[114.65336,39.58047],[114.70041,39.58779],[114.71344,39.62015],[114.7899,39.59739],[114.8041,39.61448],[114.84949,39.58368],[114.8455,39.59944],[114.92834,39.67484],[114.95249,39.65996],[115.01117,39.67424]]]}},{"type":"Feature","id":"CTAMAP-2020-COUNTY-1082","properties":{"map_level":"county","source_name":"乐亭县","source_code":"130225","county_type":"县","prefecture_name":"唐山市","prefecture_code":"130200","prefecture_type":"地级市","parent_entity_id":"CNUR-000004","parent_year_end_name":"唐山市","province_name":"河北省","province_code":"130000","snapshot_year":2020,"panel_year":2019,"link_status":"parent_linked","former_name":"","note":""},"geometry":{"type":"MultiPolygon","coordinates":[[[[119.30499,39.43128],[119.25824,39.36556],[119.2053,39.35252],[119.20171,39.3651],[119.19387,39.3744],[119.12518,39.28315],[119.08339,39.25203],[119.09609,39.23417],[119.0285,39.19776],[119.03772,39.18197],[118.98284,39.18024],[118.91644,39.12355],[118.88382,39.12542],[118.98108,39.18961],[118.87079,39.15464],[118.8569,39.17223],[118.87051,39.17991],[118.85976,39.18613],[118.85357,39.1653],[118.79242,39.13643],[118.69916,39.13957],[118.67329,39.15417],[118.70533,39.22598],[118.69483,39.24297],[118.7074,39.31323],[118.73663,39.36026],[118.70852,39.40742],[118.74256,39.4166],[118.71977,39.42873],[118.72259,39.4511],[118.75307,39.46019],[118.8055,39.4411],[118.82627,39.46706],[118.80699,39.46896],[118.80804,39.48117],[118.78213,39.47394],[118.7804,39.48641],[118.85548,39.57369],[118.88934,39.546],[118.93828,39.55717],[118.93938,39.54407],[118.97734,39.5378],[118.95085,39.52307],[119.00291,39.50776],[119.01136,39.48448],[118.99883,39.46627],[119.16198,39.47072],[119.26398,39.42267],[119.30499,39.43128]]],[[[118.82468,39.12507],[118.8111,39.13607],[118.83824,39.15162],[118.83742,39.13912],[118.82468,39.12507]]],[[[118.86518,39.12764],[118.85582,39.10796],[118.84488,39.10866],[118.85208,39.13327],[118.86518,39.12764]]],[[[118.84287,39.10725],[118.83659,39.10572],[118.83295,39.10569],[118.84287,39.10725]]]]}},{"type":"Feature","id":"CTAMAP-2020-COUNTY-1098","properties":{"map_level":"county","source_name":"蠡县","source_code":"130635","county_type":"县","prefecture_name":"保定市","prefecture_code":"130600","prefecture_type":"地级市","parent_entity_id":"CNUR-000008","parent_year_end_name":"保定市","province_name":"河北省","province_code":"130000","snapshot_year":2020,"panel_year":2019,"link_status":"parent_linked","former_name":"","note":""},"geometry":{"type":"Polygon","coordinates":[[[115.63957,38.66667],[115.7443,38.62971],[115.80028,38.6398],[115.82302,38.60851],[115.8379,38.60866],[115.83803,38.60744],[115.81508,38.52719],[115.77508,38.50327],[115.77341,38.48273],[115.74158,38.48348],[115.70707,38.44702],[115.72748,38.38302],[115.70404,38.37665],[115.68522,38.34555],[115.65249,38.34015],[115.59693,38.35162],[115.60731,38.38219],[115.59076,38.39484],[115.60324,38.40841],[115.55014,38.42095],[115.57129,38.43799],[115.56521,38.45604],[115.51595,38.4512],[115.51616,38.51004],[115.46993,38.5672],[115.57138,38.59549],[115.56328,38.62439],[115.60317,38.66556],[115.63957,38.66667]]]}},{"type":"Feature","id":"CTAMAP-2020-COUNTY-1128","properties":{"map_level":"county","source_name":"莲池区","source_code":"130606","county_type":"市辖区","prefecture_name":"保定市","prefecture_code":"130600","prefecture_type":"地级市","parent_entity_id":"CNUR-000008","parent_year_end_name":"保定市","province_name":"河北省","province_code":"130000","snapshot_year":2020,"panel_year":2019,"link_status":"parent_linked","former_name":"北市区、南市区","note":"2015年撤销北市区、南市区，设立莲池区"},"geometry":{"type":"Polygon","coordinates":[[[115.58305,38.91655],[115.59671,38.86133],[115.57752,38.86122],[115.56204,38.79708],[115.3761,38.78484],[115.3764,38.81022],[115.42756,38.83211],[115.4457,38.824],[115.48287,38.87221],[115.48036,38.95618],[115.58305,38.91655]]]}},{"type":"Feature","id":"CTAMAP-2020-COUNTY-1156","properties":{"map_level":"county","source_name":"临城县","source_code":"130522","county_type":"县","prefecture_name":"邢台市","prefecture_code":"130500","prefecture_type":"地级市","parent_entity_id":"CNUR-000007","parent_year_end_name":"邢台市","province_name":"河北省","province_code":"130000","snapshot_year":2020,"panel_year":2019,"link_status":"parent_linked","former_name":"","note":""},"geometry":{"type":"Polygon","coordinates":[[[114.59793,37.54843],[114.59681,37.48966],[114.62247,37.48996],[114.61244,37.47519],[114.62332,37.42524],[114.60801,37.41101],[114.56381,37.4162],[114.56686,37.3778],[114.50862,37.37522],[114.48796,37.35062],[114.46387,37.34736],[114.45659,37.36811],[114.41561,37.3821],[114.40397,37.3519],[114.38432,37.34821],[114.35331,37.3768],[114.29264,37.38606],[114.2723,37.40704],[114.24844,37.39576],[114.23745,37.35162],[114.20086,37.36907],[114.18044,37.35966],[114.13245,37.40848],[114.06233,37.44427],[114.09046,37.4927],[114.11899,37.48055],[114.14999,37.50454],[114.16027,37.52556],[114.149,37.52926],[114.1463,37.53447],[114.2803,37.49211],[114.29482,37.50738],[114.36375,37.51274],[114.36641,37.52885],[114.45602,37.57906],[114.50944,37.5834],[114.59793,37.54843]]]}},{"type":"Feature","id":"CTAMAP-2020-COUNTY-1173","properties":{"map_level":"county","source_name":"临西县","source_code":"130535","county_type":"县","prefecture_name":"邢台市","prefecture_code":"130500","prefecture_type":"地级市","parent_entity_id":"CNUR-000007","parent_year_end_name":"邢台市","province_name":"河北省","province_code":"130000","snapshot_year":2020,"panel_year":2019,"link_status":"parent_linked","former_name":"","note":""},"geometry":{"type":"Polygon","coordinates":[[[115.75561,36.93467],[115.7593,36.90869],[115.70511,36.88165],[115.67756,36.81205],[115.47242,36.75102],[115.3666,36.76426],[115.34649,36.78579],[115.32327,36.77316],[115.29966,36.83421],[115.31596,36.84252],[115.31641,36.88069],[115.35868,36.8701],[115.36129,36.89125],[115.39299,36.90757],[115.4296,36.90618],[115.44675,36.92149],[115.48055,36.91337],[115.50608,36.93728],[115.53805,36.92928],[115.57002,36.9424],[115.62665,36.92114],[115.70086,36.94516],[115.75561,36.93467]]]}},{"type":"Feature","id":"CTAMAP-2020-COUNTY-1183","properties":{"map_level":"county","source_name":"临漳县","source_code":"130423","county_type":"县","prefecture_name":"邯郸市","prefecture_code":"130400","prefecture_type":"地级市","parent_entity_id":"CNUR-000006","parent_year_end_name":"邯郸市","province_name":"河北省","province_code":"130000","snapshot_year":2020,"panel_year":2019,"link_status":"parent_linked","former_name":"","note":""},"geometry":{"type":"Polygon","coordinates":[[[114.75843,36.31845],[114.7282,36.25482],[114.74733,36.24177],[114.74231,36.20658],[114.76187,36.20651],[114.76875,36.16468],[114.5825,36.11714],[114.58131,36.14108],[114.56244,36.15245],[114.47362,36.17828],[114.45187,36.207],[114.40514,36.2045],[114.4021,36.22842],[114.36279,36.22477],[114.33875,36.25272],[114.38403,36.27141],[114.39479,36.31019],[114.41192,36.31008],[114.41854,36.34618],[114.43371,36.35075],[114.43309,36.37524],[114.47883,36.37058],[114.48168,36.40899],[114.50048,36.40677],[114.50561,36.38964],[114.51643,36.40467],[114.54908,36.38838],[114.57354,36.39971],[114.58097,36.35594],[114.68875,36.36341],[114.71827,36.34515],[114.71666,36.32782],[114.75843,36.31845]]]}},{"type":"Feature","id":"CTAMAP-2020-COUNTY-1192","properties":{"map_level":"county","source_name":"灵寿县","source_code":"130126","county_type":"县","prefecture_name":"石家庄市","prefecture_code":"130100","prefecture_type":"地级市","parent_entity_id":"CNUR-000003","parent_year_end_name":"石家庄市","province_name":"河北省","province_code":"130000","snapshot_year":2020,"panel_year":2019,"link_status":"parent_linked","former_name":"","note":""},"geometry":{"type":"Polygon","coordinates":[[[114.16487,38.67034],[114.27204,38.55865],[114.29302,38.55734],[114.29077,38.53803],[114.31081,38.54412],[114.33578,38.51848],[114.34973,38.48818],[114.32434,38.46817],[114.33109,38.45588],[114.38786,38.43495],[114.48,38.35478],[114.44593,38.32509],[114.45422,38.29058],[114.43354,38.25204],[114.38632,38.25105],[114.35361,38.27829],[114.27658,38.24297],[114.25382,38.28933],[114.27758,38.33903],[114.24158,38.35485],[114.23358,38.38562],[114.19599,38.38972],[114.17346,38.48596],[114.14186,38.48736],[114.13851,38.51186],[114.09894,38.52888],[114.05554,38.50762],[114.05113,38.48602],[114.02352,38.48677],[114.00823,38.50339],[114.02406,38.53431],[113.97813,38.52889],[113.92074,38.55434],[113.92745,38.57748],[113.88974,38.59559],[113.87881,38.66133],[113.84562,38.67409],[113.8312,38.74815],[113.88027,38.74318],[113.98517,38.67464],[114.04575,38.68567],[114.08045,38.65707],[114.11792,38.65812],[114.1404,38.67788],[114.16487,38.67034]]]}},{"type":"Feature","id":"CTAMAP-2020-COUNTY-1247","properties":{"map_level":"county","source_name":"隆化县","source_code":"130825","county_type":"县","prefecture_name":"承德市","prefecture_code":"130800","prefecture_type":"地级市","parent_entity_id":"CNUR-000010","parent_year_end_name":"承德市","province_name":"河北省","province_code":"130000","snapshot_year":2020,"panel_year":2019,"link_status":"parent_linked","former_name":"","note":""},"geometry":{"type":"Polygon","coordinates":[[[118.15515,41.6776],[118.21317,41.64037],[118.20713,41.62155],[118.22973,41.57709],[118.31241,41.5611],[118.30159,41.54417],[118.31768,41.5086],[118.29849,41.48193],[118.16821,41.42634],[118.1079,41.35896],[118.05432,41.3721],[118.0453,41.41111],[117.99196,41.37569],[118.00067,41.33819],[117.98262,41.32024],[117.99395,41.29894],[117.98086,41.28075],[118.0037,41.2572],[117.99777,41.17689],[117.94929,41.1616],[117.84616,41.17323],[117.82411,41.19353],[117.78349,41.18896],[117.73536,41.21579],[117.69704,41.18327],[117.63083,41.17977],[117.58028,41.1971],[117.55156,41.17802],[117.49337,41.25063],[117.44363,41.2619],[117.40017,41.20605],[117.38822,41.15275],[117.36397,41.14965],[117.31339,41.18619],[117.29646,41.21857],[117.31499,41.26258],[117.28568,41.29148],[117.28745,41.3134],[117.26303,41.32587],[117.27125,41.34911],[117.22119,41.39025],[117.22451,41.40408],[117.16895,41.4273],[117.15263,41.45928],[117.10809,41.49074],[117.02576,41.50459],[116.96585,41.47655],[116.91331,41.50092],[116.87309,41.49001],[116.88223,41.5226],[116.79657,41.56432],[116.86606,41.58466],[116.89597,41.64223],[116.84516,41.70705],[116.85468,41.71807],[116.83821,41.74362],[116.85168,41.76364],[116.84651,41.78875],[116.80939,41.8169],[116.82407,41.82386],[116.90557,41.79758],[116.95466,41.80099],[116.95232,41.78131],[117.01641,41.75009],[117.02369,41.73017],[117.04829,41.72987],[117.05721,41.67593],[117.08412,41.68575],[117.08882,41.75533],[117.10503,41.76564],[117.1727,41.77049],[117.26219,41.82944],[117.28491,41.81989],[117.37631,41.83636],[117.45857,41.80381],[117.45604,41.78336],[117.52841,41.78376],[117.53188,41.7579],[117.58912,41.73475],[117.64318,41.74547],[117.63506,41.69046],[117.71665,41.68023],[117.76685,41.71306],[117.82245,41.71302],[117.88177,41.68041],[117.93267,41.69559],[118.0577,41.67634],[118.04183,41.63446],[118.05552,41.57953],[118.08186,41.6001],[118.092,41.64111],[118.13891,41.64828],[118.15515,41.6776]]]}},{"type":"Feature","id":"CTAMAP-2020-COUNTY-1251","properties":{"map_level":"county","source_name":"隆尧县","source_code":"130525","county_type":"县","prefecture_name":"邢台市","prefecture_code":"130500","prefecture_type":"地级市","parent_entity_id":"CNUR-000007","parent_year_end_name":"邢台市","province_name":"河北省","province_code":"130000","snapshot_year":2020,"panel_year":2019,"link_status":"parent_linked","former_name":"","note":""},"geometry":{"type":"Polygon","coordinates":[[[115.0122,37.40728],[115.01261,37.38543],[114.97765,37.36736],[114.96347,37.34034],[114.96828,37.32144],[114.94199,37.33545],[114.95383,37.31176],[114.9303,37.30304],[114.93045,37.28438],[114.87008,37.27574],[114.87946,37.25145],[114.84715,37.25151],[114.83717,37.26922],[114.77696,37.28525],[114.73959,37.22877],[114.68015,37.21964],[114.66344,37.20065],[114.62045,37.22],[114.59657,37.21252],[114.59172,37.23192],[114.64469,37.28815],[114.57534,37.32445],[114.57584,37.34083],[114.61528,37.37188],[114.56686,37.3778],[114.55683,37.40885],[114.61829,37.41654],[114.64648,37.40142],[114.67927,37.43318],[114.75424,37.42876],[114.76692,37.44817],[114.75011,37.46771],[114.78435,37.49585],[114.77999,37.54734],[114.80582,37.51531],[114.83481,37.51708],[114.85805,37.4696],[114.90498,37.46896],[114.89966,37.45451],[114.86865,37.45058],[114.85502,37.46771],[114.82629,37.47044],[114.83953,37.45952],[114.86835,37.44356],[114.95063,37.44337],[115.0122,37.40728]]]}},{"type":"Feature","id":"CTAMAP-2020-COUNTY-1258","properties":{"map_level":"county","source_name":"卢龙县","source_code":"130324","county_type":"县","prefecture_name":"秦皇岛市","prefecture_code":"130300","prefecture_type":"地级市","parent_entity_id":"CNUR-000005","parent_year_end_name":"秦皇岛市","province_name":"河北省","province_code":"130000","snapshot_year":2020,"panel_year":2019,"link_status":"parent_linked","former_name":"","note":""},"geometry":{"type":"Polygon","coordinates":[[[119.11455,40.09736],[119.12511,40.05845],[119.11001,40.03719],[119.12309,40.03644],[119.14537,39.98874],[119.06892,39.98796],[119.08441,39.94056],[119.10092,39.93713],[119.06891,39.89153],[119.09104,39.88802],[119.0993,39.85939],[119.11304,39.86382],[119.13233,39.83786],[119.12759,39.78575],[119.00534,39.75206],[119.00915,39.73783],[118.974,39.71854],[118.89641,39.7222],[118.88578,39.71015],[118.86789,39.72995],[118.82864,39.72641],[118.78807,39.76971],[118.79295,39.78899],[118.81798,39.79468],[118.81007,39.82316],[118.88041,39.94689],[118.87888,40.00353],[118.85638,40.05915],[118.92231,40.09969],[118.91843,40.15084],[118.97323,40.15875],[118.97375,40.13725],[119.01773,40.139],[119.06973,40.09538],[119.11455,40.09736]]]}},{"type":"Feature","id":"CTAMAP-2020-COUNTY-1279","properties":{"map_level":"county","source_name":"鹿泉区","source_code":"130110","county_type":"市辖区","prefecture_name":"石家庄市","prefecture_code":"130100","prefecture_type":"地级市","parent_entity_id":"CNUR-000003","parent_year_end_name":"石家庄市","province_name":"河北省","province_code":"130000","snapshot_year":2020,"panel_year":2019,"link_status":"parent_linked","former_name":"鹿泉市","note":"2014年撤销鹿泉市，设立鹿泉区"},"geometry":{"type":"Polygon","coordinates":[[[114.37923,38.26989],[114.43855,38.16662],[114.40369,38.12858],[114.41287,38.11182],[114.37031,38.10044],[114.37805,38.04493],[114.42164,38.01068],[114.42258,37.99427],[114.45415,37.98997],[114.45555,37.97349],[114.49976,37.97237],[114.50748,37.93362],[114.43673,37.91975],[114.39226,37.88574],[114.30441,37.90575],[114.26552,37.89663],[114.26092,37.92261],[114.29059,37.94401],[114.29806,37.99166],[114.2412,38.00821],[114.27463,38.04483],[114.25537,38.0657],[114.21863,38.07135],[114.21867,38.10176],[114.20181,38.11001],[114.24651,38.13185],[114.2449,38.15722],[114.18299,38.17647],[114.19087,38.20715],[114.22864,38.20877],[114.23343,38.23737],[114.30398,38.24956],[114.35049,38.2781],[114.37923,38.26989]]]}},{"type":"Feature","id":"CTAMAP-2020-COUNTY-1286","properties":{"map_level":"county","source_name":"路北区","source_code":"130203","county_type":"市辖区","prefecture_name":"唐山市","prefecture_code":"130200","prefecture_type":"地级市","parent_entity_id":"CNUR-000004","parent_year_end_name":"唐山市","province_name":"河北省","province_code":"130000","snapshot_year":2020,"panel_year":2019,"link_status":"parent_linked","former_name":"","note":""},"geometry":{"type":"Polygon","coordinates":[[[118.22178,39.63157],[118.12819,39.62427],[118.1181,39.57858],[118.07635,39.59181],[118.06948,39.62906],[118.11283,39.66966],[118.115,39.70173],[118.15704,39.69453],[118.1687,39.71055],[118.18879,39.68851],[118.19105,39.71015],[118.22535,39.69018],[118.21601,39.65511],[118.23392,39.65029],[118.22178,39.63157]]]}},{"type":"Feature","id":"CTAMAP-2020-COUNTY-1287","properties":{"map_level":"county","source_name":"路南区","source_code":"130202","county_type":"市辖区","prefecture_name":"唐山市","prefecture_code":"130200","prefecture_type":"地级市","parent_entity_id":"CNUR-000004","parent_year_end_name":"唐山市","province_name":"河北省","province_code":"130000","snapshot_year":2020,"panel_year":2019,"link_status":"parent_linked","former_name":"","note":""},"geometry":{"type":"Polygon","coordinates":[[[118.22178,39.63157],[118.22221,39.59894],[118.23563,39.59604],[118.22362,39.5849],[118.23945,39.57754],[118.21647,39.55993],[118.23208,39.53727],[118.27088,39.52526],[118.22084,39.4877],[118.20964,39.50539],[118.1855,39.49658],[118.14761,39.53614],[118.15896,39.56036],[118.1181,39.57858],[118.12819,39.62427],[118.22178,39.63157]]]}},{"type":"Feature","id":"CTAMAP-2020-COUNTY-1291","properties":{"map_level":"county","source_name":"栾城区","source_code":"130111","county_type":"市辖区","prefecture_name":"石家庄市","prefecture_code":"130100","prefecture_type":"地级市","parent_entity_id":"CNUR-000003","parent_year_end_name":"石家庄市","province_name":"河北省","province_code":"130000","snapshot_year":2020,"panel_year":2019,"link_status":"parent_linked","former_name":"栾城县","note":"2014年撤销栾城县，设立栾城区"},"geometry":{"type":"Polygon","coordinates":[[[114.61948,37.99722],[114.69777,37.93277],[114.7596,37.92256],[114.7419,37.89123],[114.79371,37.88868],[114.74563,37.85814],[114.76066,37.8357],[114.65969,37.79327],[114.6218,37.79844],[114.61199,37.82899],[114.57867,37.81409],[114.53219,37.83358],[114.54749,37.86694],[114.52354,37.87235],[114.52619,37.89002],[114.48383,37.88858],[114.4826,37.92339],[114.50748,37.93362],[114.50564,37.97092],[114.58592,37.96777],[114.61948,37.99722]]]}},{"type":"Feature","id":"CTAMAP-2020-COUNTY-1293","properties":{"map_level":"county","source_name":"滦南县","source_code":"130224","county_type":"县","prefecture_name":"唐山市","prefecture_code":"130200","prefecture_type":"地级市","parent_entity_id":"CNUR-000004","parent_year_end_name":"唐山市","province_name":"河北省","province_code":"130000","snapshot_year":2020,"panel_year":2019,"link_status":"parent_linked","former_name":"","note":""},"geometry":{"type":"MultiPolygon","coordinates":[[[[118.85548,39.57369],[118.7804,39.48641],[118.78213,39.47394],[118.80804,39.48117],[118.80699,39.46896],[118.82627,39.46706],[118.8055,39.4411],[118.75307,39.46019],[118.72259,39.4511],[118.71977,39.42873],[118.74256,39.4166],[118.70999,39.41634],[118.73663,39.36026],[118.72451,39.33397],[118.66885,39.33372],[118.61634,39.30625],[118.62143,39.2895],[118.6397,39.29162],[118.62806,39.28403],[118.65485,39.24949],[118.56831,39.28703],[118.46985,39.29806],[118.46285,39.33233],[118.39909,39.33512],[118.43845,39.3845],[118.39294,39.4012],[118.38125,39.43436],[118.41364,39.4458],[118.40113,39.52291],[118.42451,39.53721],[118.42912,39.57508],[118.45127,39.59173],[118.50619,39.58205],[118.5153,39.60755],[118.61902,39.61312],[118.64776,39.63936],[118.66762,39.62446],[118.71621,39.64109],[118.74202,39.61365],[118.78377,39.64688],[118.81239,39.64279],[118.8191,39.66188],[118.85548,39.57369]]],[[[118.36554,39.03773],[118.34568,39.02111],[118.30426,39.04257],[118.24374,39.04587],[118.19973,39.08088],[118.16387,39.1407],[118.18456,39.14743],[118.25338,39.05282],[118.27583,39.05417],[118.28844,39.0743],[118.31502,39.05679],[118.34882,39.0641],[118.36554,39.03773]]],[[[118.22474,39.03729],[118.22919,39.03197],[118.22257,39.03494],[118.22474,39.03729]]],[[[118.20023,39.00923],[118.19359,39.00877],[118.19514,39.0113],[118.20023,39.00923]]],[[[118.26923,38.98388],[118.26557,38.98184],[118.26468,38.98338],[118.26923,38.98388]]]]}},{"type":"Feature","id":"CTAMAP-2020-COUNTY-1294","properties":{"map_level":"county","source_name":"滦平县","source_code":"130824","county_type":"县","prefecture_name":"承德市","prefecture_code":"130800","prefecture_type":"地级市","parent_entity_id":"CNUR-000010","parent_year_end_name":"承德市","province_name":"河北省","province_code":"130000","snapshot_year":2020,"panel_year":2019,"link_status":"parent_linked","former_name":"","note":""},"geometry":{"type":"Polygon","coordinates":[[[117.77342,41.1925],[117.76444,41.04326],[117.6714,40.98992],[117.67061,40.96897],[117.62487,40.93386],[117.66089,40.90321],[117.74037,40.90842],[117.74763,40.92128],[117.76445,40.89422],[117.74337,40.86093],[117.75731,40.80035],[117.70015,40.79751],[117.65687,40.82023],[117.50705,40.79558],[117.49212,40.76313],[117.5225,40.7028],[117.49922,40.66572],[117.40256,40.68567],[117.31255,40.65644],[117.19952,40.69305],[117.10242,40.70557],[117.0217,40.6922],[116.9628,40.70616],[116.91777,40.74871],[116.9191,40.7715],[116.88643,40.77897],[116.89054,40.79539],[116.86945,40.82006],[116.8146,40.84676],[116.79879,40.8389],[116.77421,40.87453],[116.70729,40.90871],[116.71453,40.92445],[116.67166,40.96962],[116.69403,41.01965],[116.80692,40.94958],[116.85015,40.95611],[116.9399,40.92549],[116.9701,40.93884],[117.09747,40.91971],[117.15421,40.95772],[117.14379,40.98223],[117.19826,41.01124],[117.21598,41.04599],[117.26524,41.05247],[117.30807,41.03593],[117.33811,41.06808],[117.38647,41.07507],[117.38726,41.1219],[117.40011,41.13173],[117.38164,41.14687],[117.40017,41.20605],[117.43135,41.23025],[117.44183,41.26174],[117.49337,41.25063],[117.55156,41.17802],[117.58028,41.1971],[117.63083,41.17977],[117.69704,41.18327],[117.73522,41.21579],[117.77342,41.1925]]]}},{"type":"Feature","id":"CTAMAP-2020-COUNTY-1295","properties":{"map_level":"county","source_name":"滦州市","source_code":"130284","county_type":"县级市","prefecture_name":"唐山市","prefecture_code":"130200","prefecture_type":"地级市","parent_entity_id":"CNUR-000004","parent_year_end_name":"唐山市","province_name":"河北省","province_code":"130000","snapshot_year":2020,"panel_year":2019,"link_status":"parent_linked","former_name":"滦县","note":"2018年撤销滦县，设立滦州市"},"geometry":{"type":"Polygon","coordinates":[[[118.44964,39.957],[118.45317,39.9381],[118.43835,39.93658],[118.43194,39.93193],[118.46224,39.90371],[118.4432,39.8848],[118.45862,39.85215],[118.52366,39.86506],[118.57011,39.84899],[118.59638,39.85805],[118.61144,39.84368],[118.63605,39.87335],[118.65893,39.87625],[118.65709,39.85545],[118.68501,39.85521],[118.69065,39.88666],[118.72102,39.87135],[118.71207,39.88941],[118.74586,39.93144],[118.78621,39.91242],[118.83191,39.8624],[118.80989,39.82234],[118.81798,39.79468],[118.76966,39.76245],[118.78894,39.69636],[118.8191,39.66188],[118.81239,39.64279],[118.78377,39.64688],[118.74202,39.61365],[118.71621,39.64109],[118.66762,39.62446],[118.64776,39.63936],[118.61902,39.61312],[118.5153,39.60755],[118.50619,39.58205],[118.45941,39.59277],[118.47606,39.62958],[118.46564,39.65788],[118.43055,39.67087],[118.44251,39.69778],[118.5031,39.71941],[118.5194,39.69592],[118.56388,39.70666],[118.57213,39.73125],[118.53282,39.73609],[118.5399,39.76516],[118.47947,39.77545],[118.43798,39.79682],[118.43063,39.81685],[118.4008,39.79824],[118.3889,39.80601],[118.38359,39.7907],[118.32986,39.80053],[118.32576,39.78515],[118.28279,39.7853],[118.23812,39.80916],[118.27766,39.84166],[118.27492,39.87988],[118.31308,39.88969],[118.3206,39.91653],[118.35413,39.94195],[118.34549,39.97235],[118.44964,39.957]]]}},{"type":"Feature","id":"CTAMAP-2020-COUNTY-1338","properties":{"map_level":"county","source_name":"满城区","source_code":"130607","county_type":"市辖区","prefecture_name":"保定市","prefecture_code":"130600","prefecture_type":"地级市","parent_entity_id":"CNUR-000008","parent_year_end_name":"保定市","province_name":"河北省","province_code":"130000","snapshot_year":2020,"panel_year":2019,"link_status":"parent_linked","former_name":"满城县","note":"2015年撤销满城县，设立满城区"},"geometry":{"type":"Polygon","coordinates":[[[115.33385,39.1227],[115.32003,39.10428],[115.33084,39.04732],[115.37121,39.0578],[115.39878,39.03098],[115.38453,39.02189],[115.39596,39.00881],[115.46131,39.01383],[115.45522,38.99983],[115.48203,38.98089],[115.47997,38.92653],[115.44685,38.954],[115.41966,38.94345],[115.36734,38.95384],[115.35048,38.88885],[115.33048,38.87095],[115.33148,38.85663],[115.35902,38.84621],[115.33572,38.82886],[115.38004,38.80859],[115.3761,38.78484],[115.31839,38.78907],[115.26491,38.72724],[115.26246,38.75034],[115.23321,38.74505],[115.22713,38.77304],[115.23876,38.80418],[115.25842,38.81014],[115.23772,38.85709],[115.27788,38.882],[115.28072,38.90797],[115.26135,38.9174],[115.24687,38.89572],[115.21648,38.90605],[115.17475,38.94087],[115.163,38.96454],[115.17656,38.97672],[115.15863,39.00538],[115.00953,39.01218],[114.95779,39.03498],[114.96535,39.07578],[114.94717,39.09667],[114.98379,39.12125],[114.99703,39.1053],[115.02173,39.10712],[115.04935,39.05083],[115.1035,39.06663],[115.13051,39.03939],[115.17124,39.07182],[115.20813,39.04848],[115.25153,39.05818],[115.24045,39.08815],[115.25523,39.11905],[115.33385,39.1227]]]}},{"type":"Feature","id":"CTAMAP-2020-COUNTY-1363","properties":{"map_level":"county","source_name":"孟村回族自治县","source_code":"130930","county_type":"自治县","prefecture_name":"沧州市","prefecture_code":"130900","prefecture_type":"地级市","parent_entity_id":"CNUR-000011","parent_year_end_name":"沧州市","province_name":"河北省","province_code":"130000","snapshot_year":2020,"panel_year":2019,"link_status":"parent_linked","former_name":"","note":""},"geometry":{"type":"Polygon","coordinates":[[[117.33729,38.15651],[117.34162,38.1338],[117.31235,38.10276],[117.2542,38.11589],[117.25665,38.12659],[117.18211,38.10777],[117.14591,38.04687],[117.1931,37.99492],[117.20592,37.95848],[117.19177,37.94336],[117.14745,37.94331],[117.12586,37.96284],[117.06024,37.96093],[117.02643,37.993],[117.02511,38.02697],[117.03961,38.03779],[117.01009,38.06307],[117.01237,38.09268],[117.03618,38.12197],[117.07776,38.1223],[117.14386,38.15559],[117.13988,38.1719],[117.11461,38.1762],[117.10938,38.20368],[117.13635,38.23873],[117.15014,38.21631],[117.19465,38.19922],[117.1983,38.17649],[117.25068,38.18083],[117.27146,38.15946],[117.33729,38.15651]]]}},{"type":"Feature","id":"CTAMAP-2020-COUNTY-1426","properties":{"map_level":"county","source_name":"南宫市","source_code":"130581","county_type":"县级市","prefecture_name":"邢台市","prefecture_code":"130500","prefecture_type":"地级市","parent_entity_id":"CNUR-000007","parent_year_end_name":"邢台市","province_name":"河北省","province_code":"130000","snapshot_year":2020,"panel_year":2019,"link_status":"parent_linked","former_name":"","note":""},"geometry":{"type":"Polygon","coordinates":[[[115.33594,37.44673],[115.39659,37.42372],[115.41433,37.38791],[115.48454,37.38261],[115.54143,37.31933],[115.57493,37.31268],[115.56878,37.32659],[115.60424,37.33249],[115.58209,37.30711],[115.62394,37.29987],[115.6132,37.27663],[115.65558,37.28317],[115.67128,37.26957],[115.66332,37.25493],[115.70952,37.25804],[115.71038,37.2347],[115.75762,37.20394],[115.75258,37.18721],[115.71119,37.16626],[115.71851,37.14629],[115.66097,37.1305],[115.66575,37.11106],[115.65085,37.096],[115.57188,37.09205],[115.56915,37.12779],[115.51981,37.17556],[115.49238,37.12775],[115.46195,37.1364],[115.47054,37.16849],[115.44718,37.18583],[115.47869,37.21465],[115.43433,37.23675],[115.42483,37.27717],[115.23704,37.29733],[115.23357,37.30857],[115.19967,37.28934],[115.20107,37.33229],[115.16903,37.34797],[115.18788,37.36346],[115.18667,37.40995],[115.15431,37.39442],[115.14853,37.42603],[115.18533,37.42076],[115.2004,37.44143],[115.25852,37.44022],[115.27079,37.42716],[115.28246,37.44273],[115.29413,37.40894],[115.31832,37.40356],[115.29681,37.43827],[115.33594,37.44673]]]}},{"type":"Feature","id":"CTAMAP-2020-COUNTY-1429","properties":{"map_level":"county","source_name":"南和县","source_code":"130527","county_type":"县","prefecture_name":"邢台市","prefecture_code":"130500","prefecture_type":"地级市","parent_entity_id":"CNUR-000007","parent_year_end_name":"邢台市","province_name":"河北省","province_code":"130000","snapshot_year":2020,"panel_year":2019,"link_status":"parent_linked","former_name":"","note":""},"geometry":{"type":"Polygon","coordinates":[[[114.89503,37.08589],[114.88455,37.06367],[114.90254,37.05265],[114.88123,37.03916],[114.86271,36.99036],[114.88449,36.96923],[114.8321,36.96047],[114.78727,36.91286],[114.72812,36.94264],[114.69013,36.91329],[114.63754,36.92508],[114.62664,36.96553],[114.60021,36.95705],[114.62562,36.98736],[114.60957,36.99671],[114.58543,36.98547],[114.62579,37.04261],[114.62258,37.08361],[114.65856,37.10392],[114.68372,37.09898],[114.68658,37.08226],[114.71262,37.08986],[114.75198,37.07108],[114.7736,37.07188],[114.78658,37.09606],[114.89503,37.08589]]]}},{"type":"Feature","id":"CTAMAP-2020-COUNTY-1441","properties":{"map_level":"county","source_name":"南皮县","source_code":"130927","county_type":"县","prefecture_name":"沧州市","prefecture_code":"130900","prefecture_type":"地级市","parent_entity_id":"CNUR-000011","parent_year_end_name":"沧州市","province_name":"河北省","province_code":"130000","snapshot_year":2020,"panel_year":2019,"link_status":"parent_linked","former_name":"","note":""},"geometry":{"type":"Polygon","coordinates":[[[116.75278,38.18104],[116.78999,38.16573],[116.80277,38.13997],[116.86759,38.14713],[116.86934,38.10639],[116.92191,38.1076],[116.93392,38.0856],[117.02295,38.11101],[117.00992,38.06373],[117.03963,38.03748],[117.02511,38.02697],[117.02517,37.99095],[116.99656,37.97556],[117.03347,37.94591],[117.01804,37.86359],[117.03053,37.83352],[116.88241,37.84397],[116.88356,37.87159],[116.84678,37.88458],[116.85728,37.92186],[116.83739,37.93077],[116.84511,37.95366],[116.79508,37.97911],[116.6885,37.98681],[116.65194,38.03393],[116.60751,38.02022],[116.55262,38.02607],[116.54199,38.04356],[116.58205,38.03433],[116.59522,38.05419],[116.64992,38.04625],[116.66592,38.087],[116.62146,38.11286],[116.75278,38.18104]]]}},{"type":"Feature","id":"CTAMAP-2020-COUNTY-1456","properties":{"map_level":"county","source_name":"内丘县","source_code":"130523","county_type":"县","prefecture_name":"邢台市","prefecture_code":"130500","prefecture_type":"地级市","parent_entity_id":"CNUR-000007","parent_year_end_name":"邢台市","province_name":"河北省","province_code":"130000","snapshot_year":2020,"panel_year":2019,"link_status":"parent_linked","former_name":"","note":""},"geometry":{"type":"Polygon","coordinates":[[[114.02511,37.44588],[114.13245,37.40848],[114.1658,37.36348],[114.20086,37.36907],[114.23548,37.35096],[114.25627,37.40604],[114.31735,37.37713],[114.35331,37.3768],[114.38432,37.34821],[114.40397,37.3519],[114.41554,37.38209],[114.45659,37.36811],[114.46412,37.34735],[114.50862,37.37522],[114.59567,37.38229],[114.61475,37.36724],[114.57584,37.34083],[114.57534,37.32445],[114.64487,37.28408],[114.57396,37.21614],[114.56438,37.17458],[114.5362,37.1821],[114.50799,37.16507],[114.46672,37.18498],[114.41862,37.18372],[114.36699,37.23916],[114.26156,37.25775],[114.23506,37.31778],[114.19254,37.301],[114.16216,37.33819],[114.12166,37.319],[114.0515,37.32263],[114.02215,37.34898],[113.94659,37.37363],[113.96906,37.40894],[114.00496,37.41772],[114.02511,37.44588]]]}},{"type":"Feature","id":"CTAMAP-2020-COUNTY-1475","properties":{"map_level":"county","source_name":"宁晋县","source_code":"130528","county_type":"县","prefecture_name":"邢台市","prefecture_code":"130500","prefecture_type":"地级市","parent_entity_id":"CNUR-000007","parent_year_end_name":"邢台市","province_name":"河北省","province_code":"130000","snapshot_year":2020,"panel_year":2019,"link_status":"parent_linked","former_name":"","note":""},"geometry":{"type":"Polygon","coordinates":[[[115.14029,37.80658],[115.15514,37.78728],[115.14643,37.75877],[115.23754,37.7219],[115.2566,37.67461],[115.25053,37.64517],[115.19372,37.64395],[115.18597,37.60831],[115.16666,37.59993],[115.19523,37.5724],[115.16736,37.54214],[115.0927,37.52717],[115.10337,37.49959],[115.07459,37.44765],[115.11099,37.43859],[115.10951,37.40019],[114.9969,37.41002],[114.95063,37.44337],[114.86835,37.44356],[114.82597,37.46902],[114.85502,37.46771],[114.86865,37.45058],[114.89966,37.45451],[114.90498,37.46896],[114.85805,37.4696],[114.83481,37.51708],[114.80582,37.51531],[114.76167,37.62019],[114.79134,37.62734],[114.80283,37.65925],[114.87571,37.71562],[114.92755,37.73227],[114.95481,37.71956],[114.97789,37.74128],[114.99837,37.73557],[115.00136,37.75369],[115.03521,37.73571],[115.06076,37.74247],[115.06637,37.7882],[115.10445,37.81149],[115.14029,37.80658]]]}},{"type":"Feature","id":"CTAMAP-2020-COUNTY-1529","properties":{"map_level":"county","source_name":"平泉市","source_code":"130881","county_type":"县级市","prefecture_name":"承德市","prefecture_code":"130800","prefecture_type":"地级市","parent_entity_id":"CNUR-000010","parent_year_end_name":"承德市","province_name":"河北省","province_code":"130000","snapshot_year":2020,"panel_year":2019,"link_status":"parent_linked","former_name":"平泉县","note":"2017年撤销平泉县，设立平泉市"},"geometry":{"type":"Polygon","coordinates":[[[119.23294,41.3108],[119.2362,41.26562],[119.20277,41.24225],[119.20747,41.22605],[119.16281,41.213],[119.19177,41.19012],[119.1306,41.14048],[119.07383,41.13346],[119.06701,41.0736],[119.03987,41.07662],[119.02531,41.0607],[118.95864,41.07755],[118.93217,41.05141],[118.94585,41.01615],[119.01585,41.00493],[119.01525,40.98803],[118.9662,40.95754],[118.89613,40.95942],[118.87904,40.87015],[118.83967,40.81207],[118.90185,40.76888],[118.88364,40.74514],[118.81741,40.72048],[118.80701,40.69841],[118.76468,40.68413],[118.73731,40.71741],[118.68586,40.73048],[118.67011,40.71644],[118.65704,40.73791],[118.62023,40.71161],[118.55032,40.70021],[118.5414,40.67203],[118.4945,40.68719],[118.48293,40.71384],[118.53228,40.75525],[118.52843,40.80671],[118.55547,40.86583],[118.48468,40.89537],[118.45181,40.88628],[118.44304,40.85141],[118.35026,40.85429],[118.34861,40.89591],[118.37243,40.95275],[118.41138,40.96481],[118.35933,40.98827],[118.40203,41.08758],[118.47297,41.11563],[118.43925,41.17499],[118.4449,41.21702],[118.40731,41.24277],[118.43632,41.26041],[118.39504,41.30511],[118.41276,41.31674],[118.41009,41.33345],[118.52427,41.35673],[118.66509,41.35355],[118.6918,41.33097],[118.74042,41.32188],[118.77715,41.358],[118.84192,41.38119],[118.83391,41.36148],[118.85927,41.31287],[118.89215,41.29767],[118.94663,41.31267],[119.04196,41.29237],[119.1947,41.28665],[119.23294,41.3108]]]}},{"type":"Feature","id":"CTAMAP-2020-COUNTY-1531","properties":{"map_level":"county","source_name":"平山县","source_code":"130131","county_type":"县","prefecture_name":"石家庄市","prefecture_code":"130100","prefecture_type":"地级市","parent_entity_id":"CNUR-000003","parent_year_end_name":"石家庄市","province_name":"河北省","province_code":"130000","snapshot_year":2020,"panel_year":2019,"link_status":"parent_linked","former_name":"","note":""},"geometry":{"type":"Polygon","coordinates":[[[113.82422,38.75805],[113.84562,38.67409],[113.87881,38.66133],[113.88974,38.59559],[113.92745,38.57748],[113.92074,38.55434],[113.97813,38.52889],[114.02406,38.53431],[114.00823,38.50339],[114.02352,38.48677],[114.05113,38.48602],[114.05554,38.50762],[114.09894,38.52888],[114.13851,38.51186],[114.14186,38.48736],[114.17346,38.48596],[114.19599,38.38972],[114.23358,38.38562],[114.24158,38.35485],[114.27758,38.33903],[114.25382,38.28933],[114.27658,38.24297],[114.23343,38.23737],[114.22878,38.20884],[114.1936,38.20931],[114.19287,38.18553],[114.16138,38.17278],[114.1332,38.20157],[114.08158,38.19774],[114.05035,38.21761],[114.02062,38.20924],[113.98489,38.17161],[113.89701,38.17334],[113.84758,38.19367],[113.82684,38.16656],[113.78711,38.16126],[113.64762,38.23147],[113.57898,38.23574],[113.53826,38.25729],[113.53383,38.288],[113.55643,38.33986],[113.51698,38.37616],[113.52709,38.41891],[113.55595,38.42398],[113.56161,38.44949],[113.58506,38.45992],[113.54848,38.49027],[113.54832,38.55525],[113.60362,38.5939],[113.59459,38.61697],[113.61496,38.6505],[113.69435,38.6518],[113.71281,38.66756],[113.70648,38.7134],[113.74738,38.69862],[113.79212,38.76257],[113.82422,38.75805]]]}},{"type":"Feature","id":"CTAMAP-2020-COUNTY-1536","properties":{"map_level":"county","source_name":"平乡县","source_code":"130532","county_type":"县","prefecture_name":"邢台市","prefecture_code":"130500","prefecture_type":"地级市","parent_entity_id":"CNUR-000007","parent_year_end_name":"邢台市","province_name":"河北省","province_code":"130000","snapshot_year":2020,"panel_year":2019,"link_status":"parent_linked","former_name":"","note":""},"geometry":{"type":"Polygon","coordinates":[[[114.92233,37.16413],[114.99125,37.15571],[114.99164,37.14275],[115.07072,37.11966],[115.09864,37.13012],[115.09739,37.08847],[115.11315,37.09316],[115.11397,37.08094],[115.10184,37.05988],[115.11691,37.05269],[115.10663,37.01544],[115.13035,36.97529],[115.09707,36.95779],[115.01086,36.96248],[114.94231,36.94636],[114.86475,36.98391],[114.88016,37.03724],[114.90254,37.05265],[114.88455,37.06367],[114.91322,37.1196],[114.88404,37.1444],[114.92233,37.16413]]]}},{"type":"Feature","id":"CTAMAP-2020-COUNTY-1549","properties":{"map_level":"county","source_name":"泊头市","source_code":"130981","county_type":"县级市","prefecture_name":"沧州市","prefecture_code":"130900","prefecture_type":"地级市","parent_entity_id":"CNUR-000011","parent_year_end_name":"沧州市","province_name":"河北省","province_code":"130000","snapshot_year":2020,"panel_year":2019,"link_status":"parent_linked","former_name":"","note":""},"geometry":{"type":"Polygon","coordinates":[[[116.75278,38.18104],[116.62146,38.11286],[116.66592,38.087],[116.64992,38.04625],[116.59522,38.05419],[116.58205,38.03433],[116.54495,38.04502],[116.55758,38.01932],[116.49077,38.01289],[116.47798,38.02452],[116.47344,38.01069],[116.46153,38.02301],[116.45384,38.00851],[116.39237,38.01152],[116.3796,38.02565],[116.33186,38.01803],[116.30979,37.98285],[116.25907,37.9589],[116.21724,37.94997],[116.18282,37.96766],[116.14513,37.91246],[116.0834,37.91117],[116.11242,37.94791],[116.09099,37.94838],[116.03652,38.02482],[116.06275,38.03501],[116.04867,38.05877],[116.09553,38.0808],[116.14316,38.07815],[116.1546,38.11123],[116.21999,38.0962],[116.22434,38.11527],[116.28752,38.13293],[116.27668,38.15089],[116.29075,38.154],[116.28984,38.19994],[116.34598,38.18205],[116.39296,38.20151],[116.45449,38.19985],[116.46102,38.18133],[116.4828,38.18694],[116.49565,38.21534],[116.51306,38.21439],[116.52358,38.18779],[116.65482,38.22213],[116.66151,38.20387],[116.75278,38.18104]]]}},{"type":"Feature","id":"CTAMAP-2020-COUNTY-1588","properties":{"map_level":"county","source_name":"迁安市","source_code":"130283","county_type":"县级市","prefecture_name":"唐山市","prefecture_code":"130200","prefecture_type":"地级市","parent_entity_id":"CNUR-000004","parent_year_end_name":"唐山市","province_name":"河北省","province_code":"130000","snapshot_year":2020,"panel_year":2019,"link_status":"parent_linked","former_name":"","note":""},"geometry":{"type":"Polygon","coordinates":[[[118.9038,40.16815],[118.92231,40.09969],[118.85649,40.05972],[118.87888,40.00353],[118.88044,39.94709],[118.83191,39.8624],[118.74688,39.93189],[118.71217,39.88964],[118.72102,39.87135],[118.69065,39.88666],[118.68501,39.85521],[118.65709,39.85545],[118.65893,39.87625],[118.63605,39.87335],[118.61144,39.84368],[118.59638,39.85805],[118.57011,39.84899],[118.52366,39.86506],[118.4524,39.85385],[118.4432,39.8848],[118.46224,39.90371],[118.43194,39.93193],[118.45704,39.94782],[118.44373,40.01415],[118.4766,40.02854],[118.51547,40.10461],[118.54125,40.10828],[118.54339,40.13826],[118.59127,40.17143],[118.56537,40.2037],[118.58784,40.20435],[118.61242,40.24888],[118.65813,40.24545],[118.73374,40.21158],[118.73766,40.19005],[118.77103,40.19277],[118.78048,40.21084],[118.82339,40.17827],[118.9038,40.16815]]]}},{"type":"Feature","id":"CTAMAP-2020-COUNTY-1589","properties":{"map_level":"county","source_name":"迁西县","source_code":"130227","county_type":"县","prefecture_name":"唐山市","prefecture_code":"130200","prefecture_type":"地级市","parent_entity_id":"CNUR-000004","parent_year_end_name":"唐山市","province_name":"河北省","province_code":"130000","snapshot_year":2020,"panel_year":2019,"link_status":"parent_linked","former_name":"","note":""},"geometry":{"type":"Polygon","coordinates":[[[118.52459,40.31663],[118.5665,40.2659],[118.62157,40.2515],[118.59487,40.23224],[118.58784,40.20435],[118.56537,40.2037],[118.59127,40.17143],[118.54339,40.13826],[118.54125,40.10828],[118.51547,40.10461],[118.4766,40.02854],[118.44406,40.01495],[118.44964,39.957],[118.35598,39.96882],[118.32502,40.01855],[118.30485,40.00293],[118.29351,40.01084],[118.30311,40.03727],[118.27703,40.06346],[118.22043,40.05959],[118.20787,40.0969],[118.22549,40.10975],[118.16087,40.17217],[118.18793,40.1838],[118.19203,40.21128],[118.15006,40.24079],[118.15978,40.27245],[118.12982,40.30065],[118.14987,40.32046],[118.11466,40.35299],[118.16028,40.39494],[118.14831,40.42255],[118.23332,40.46386],[118.30122,40.41645],[118.38375,40.43443],[118.39864,40.41348],[118.4742,40.40208],[118.54736,40.41636],[118.56302,40.4018],[118.52459,40.31663]]]}},{"type":"Feature","id":"CTAMAP-2020-COUNTY-1619","properties":{"map_level":"county","source_name":"青龙满族自治县","source_code":"130321","county_type":"自治县","prefecture_name":"秦皇岛市","prefecture_code":"130300","prefecture_type":"地级市","parent_entity_id":"CNUR-000005","parent_year_end_name":"秦皇岛市","province_name":"河北省","province_code":"130000","snapshot_year":2020,"panel_year":2019,"link_status":"parent_linked","former_name":"","note":""},"geometry":{"type":"Polygon","coordinates":[[[119.15209,40.6128],[119.15713,40.59812],[119.17745,40.61049],[119.23568,40.5999],[119.21485,40.56906],[119.29101,40.52747],[119.37255,40.54771],[119.38661,40.52472],[119.43263,40.54211],[119.47702,40.5304],[119.49746,40.55258],[119.564,40.53308],[119.54075,40.51175],[119.5936,40.46499],[119.58896,40.39211],[119.57303,40.37628],[119.59753,40.3627],[119.58494,40.34419],[119.60742,40.31785],[119.57593,40.30683],[119.58546,40.27982],[119.54934,40.26809],[119.55569,40.19317],[119.52732,40.18421],[119.50661,40.15216],[119.51983,40.14364],[119.48202,40.10533],[119.36924,40.07832],[119.35547,40.1166],[119.33679,40.12572],[119.339,40.15602],[119.28623,40.17753],[119.27923,40.16082],[119.15659,40.13446],[119.11618,40.09755],[119.07238,40.09481],[119.01773,40.139],[118.97375,40.13725],[118.97323,40.15875],[118.91865,40.1479],[118.9038,40.16815],[118.82339,40.17827],[118.78048,40.21084],[118.77103,40.19277],[118.73766,40.19005],[118.73374,40.21158],[118.56379,40.27042],[118.56357,40.2886],[118.58036,40.29118],[118.57168,40.30693],[118.60416,40.31664],[118.64628,40.37002],[118.62816,40.41363],[118.60351,40.4275],[118.63054,40.44901],[118.65645,40.44673],[118.69365,40.49013],[118.71695,40.47242],[118.76681,40.47837],[118.81526,40.53063],[118.85595,40.52665],[118.88137,40.54099],[118.95301,40.53005],[118.94922,40.55752],[118.98881,40.57659],[119.05653,40.60446],[119.08063,40.58695],[119.15209,40.6128]]]}},{"type":"Feature","id":"CTAMAP-2020-COUNTY-1625","properties":{"map_level":"county","source_name":"青县","source_code":"130922","county_type":"县","prefecture_name":"沧州市","prefecture_code":"130900","prefecture_type":"地级市","parent_entity_id":"CNUR-000011","parent_year_end_name":"沧州市","province_name":"河北省","province_code":"130000","snapshot_year":2020,"panel_year":2019,"link_status":"parent_linked","former_name":"","note":""},"geometry":{"type":"Polygon","coordinates":[[[117.09186,38.58601],[117.08294,38.54296],[117.01697,38.51735],[117.01255,38.50298],[116.94298,38.478],[116.89205,38.49481],[116.88322,38.40441],[116.85477,38.41423],[116.84163,38.40192],[116.81904,38.4169],[116.78156,38.39751],[116.7542,38.41167],[116.73347,38.39482],[116.66183,38.3875],[116.64083,38.41408],[116.60981,38.41852],[116.6363,38.45319],[116.63131,38.46844],[116.59258,38.46171],[116.58417,38.48357],[116.61479,38.47349],[116.62145,38.50053],[116.60958,38.50844],[116.65384,38.51793],[116.66898,38.54315],[116.63567,38.5609],[116.66849,38.56309],[116.65624,38.58098],[116.6748,38.60507],[116.7279,38.61285],[116.73247,38.63067],[116.77217,38.64454],[116.75659,38.70028],[116.73903,38.70173],[116.7564,38.70847],[116.76043,38.74117],[116.86194,38.74558],[116.87158,38.68009],[117.00839,38.68918],[117.03928,38.70492],[117.03276,38.68779],[117.06219,38.6794],[117.04678,38.64067],[117.09186,38.58601]]]}},{"type":"Feature","id":"CTAMAP-2020-COUNTY-1636","properties":{"map_level":"county","source_name":"清河县","source_code":"130534","county_type":"县","prefecture_name":"邢台市","prefecture_code":"130500","prefecture_type":"地级市","parent_entity_id":"CNUR-000007","parent_year_end_name":"邢台市","province_name":"河北省","province_code":"130000","snapshot_year":2020,"panel_year":2019,"link_status":"parent_linked","former_name":"","note":""},"geometry":{"type":"Polygon","coordinates":[[[115.84249,37.05897],[115.77085,36.992],[115.79066,36.96681],[115.7493,36.93037],[115.70086,36.94516],[115.59654,36.92531],[115.5507,36.95756],[115.54869,36.98077],[115.51688,36.97455],[115.50725,37.00136],[115.54333,37.05566],[115.53469,37.07614],[115.58441,37.09451],[115.64225,37.09164],[115.66333,37.10494],[115.66287,37.13217],[115.71851,37.14629],[115.71362,37.16914],[115.75641,37.18012],[115.76513,37.13546],[115.79093,37.11329],[115.82207,37.115],[115.84249,37.05897]]]}},{"type":"Feature","id":"CTAMAP-2020-COUNTY-1644","properties":{"map_level":"county","source_name":"清苑区","source_code":"130608","county_type":"市辖区","prefecture_name":"保定市","prefecture_code":"130600","prefecture_type":"地级市","parent_entity_id":"CNUR-000008","parent_year_end_name":"保定市","province_name":"河北省","province_code":"130000","snapshot_year":2020,"panel_year":2019,"link_status":"parent_linked","former_name":"清苑县","note":"2015年撤销清苑县，设立清苑区"},"geometry":{"type":"Polygon","coordinates":[[[115.71547,38.87984],[115.75705,38.87675],[115.74742,38.85841],[115.68909,38.84683],[115.6834,38.81223],[115.64885,38.80248],[115.64659,38.77792],[115.6681,38.77552],[115.68055,38.76831],[115.64488,38.77489],[115.63444,38.751],[115.64407,38.72915],[115.62174,38.72726],[115.61731,38.68894],[115.64688,38.67513],[115.60317,38.66556],[115.56328,38.62439],[115.57138,38.59549],[115.48776,38.57159],[115.4572,38.57979],[115.45961,38.56049],[115.39474,38.57637],[115.30163,38.55528],[115.2927,38.58316],[115.3038,38.60443],[115.2835,38.65026],[115.25534,38.65634],[115.25465,38.6936],[115.23026,38.70379],[115.22791,38.7438],[115.26246,38.75034],[115.26886,38.72741],[115.31839,38.78907],[115.56204,38.79708],[115.57752,38.86122],[115.59671,38.86133],[115.58399,38.88869],[115.59432,38.92342],[115.68372,38.91923],[115.71547,38.87984]]]}},{"type":"Feature","id":"CTAMAP-2020-COUNTY-1657","properties":{"map_level":"county","source_name":"邱县","source_code":"130430","county_type":"县","prefecture_name":"邯郸市","prefecture_code":"130400","prefecture_type":"地级市","parent_entity_id":"CNUR-000006","parent_year_end_name":"邯郸市","province_name":"河北省","province_code":"130000","snapshot_year":2020,"panel_year":2019,"link_status":"parent_linked","former_name":"","note":""},"geometry":{"type":"Polygon","coordinates":[[[115.20658,36.8707],[115.26929,36.86025],[115.31307,36.87193],[115.31596,36.84252],[115.29966,36.83421],[115.32584,36.76695],[115.30446,36.75175],[115.32168,36.73949],[115.31976,36.71397],[115.28764,36.70124],[115.30473,36.66812],[115.26963,36.68689],[115.23518,36.67473],[115.22498,36.63706],[115.20361,36.66991],[115.16722,36.66953],[115.16774,36.69308],[115.12366,36.70374],[115.11335,36.76267],[115.09598,36.76015],[115.0901,36.78977],[115.07384,36.79042],[115.09308,36.80797],[115.07172,36.8396],[115.10741,36.85443],[115.05058,36.88189],[115.10103,36.95846],[115.12362,36.94134],[115.09691,36.9286],[115.11101,36.90338],[115.16015,36.90103],[115.168,36.87895],[115.1534,36.85104],[115.20658,36.8707]]]}},{"type":"Feature","id":"CTAMAP-2020-COUNTY-1664","properties":{"map_level":"county","source_name":"曲阳县","source_code":"130634","county_type":"县","prefecture_name":"保定市","prefecture_code":"130600","prefecture_type":"地级市","parent_entity_id":"CNUR-000008","parent_year_end_name":"保定市","province_name":"河北省","province_code":"130000","snapshot_year":2020,"panel_year":2019,"link_status":"parent_linked","former_name":"","note":""},"geometry":{"type":"Polygon","coordinates":[[[114.85258,38.64048],[114.88089,38.62466],[114.86777,38.59514],[114.88285,38.58814],[114.85392,38.56331],[114.85497,38.53545],[114.80576,38.50572],[114.80697,38.4862],[114.73907,38.50216],[114.73289,38.47855],[114.71839,38.47882],[114.70084,38.50231],[114.67053,38.47061],[114.59164,38.56069],[114.57857,38.59624],[114.5236,38.58337],[114.54609,38.60803],[114.52958,38.64864],[114.45397,38.70276],[114.41246,38.69698],[114.42508,38.74294],[114.41173,38.75861],[114.46243,38.75013],[114.46219,38.76185],[114.49595,38.75827],[114.52756,38.77557],[114.51936,38.78622],[114.53566,38.81339],[114.51431,38.82874],[114.51033,38.88282],[114.48938,38.90459],[114.52215,38.91197],[114.5145,38.93323],[114.53287,38.95645],[114.66025,38.92883],[114.70368,38.90876],[114.69674,38.85897],[114.71881,38.85825],[114.73615,38.81244],[114.70219,38.78974],[114.7353,38.77598],[114.73016,38.72629],[114.77767,38.69579],[114.78023,38.66611],[114.81405,38.63619],[114.85258,38.64048]]]}},{"type":"Feature","id":"CTAMAP-2020-COUNTY-1665","properties":{"map_level":"county","source_name":"曲周县","source_code":"130435","county_type":"县","prefecture_name":"邯郸市","prefecture_code":"130400","prefecture_type":"地级市","parent_entity_id":"CNUR-000006","parent_year_end_name":"邯郸市","province_name":"河北省","province_code":"130000","snapshot_year":2020,"panel_year":2019,"link_status":"parent_linked","former_name":"","note":""},"geometry":{"type":"Polygon","coordinates":[[[115.09707,36.95779],[115.05058,36.88189],[115.10741,36.85443],[115.07172,36.8396],[115.09308,36.80797],[115.07384,36.79042],[115.0901,36.78977],[115.09598,36.76015],[115.11335,36.76267],[115.12366,36.70374],[115.16774,36.69308],[115.16722,36.66953],[115.20361,36.66991],[115.22498,36.63706],[115.19745,36.63624],[115.21373,36.6117],[115.17647,36.57704],[115.131,36.58914],[115.15598,36.60715],[115.15013,36.61793],[115.126,36.59893],[115.10214,36.60355],[115.09898,36.59017],[115.06391,36.59264],[114.99015,36.64093],[114.89961,36.64685],[114.89807,36.66554],[114.84049,36.67589],[114.86156,36.69302],[114.85975,36.74281],[114.8802,36.7541],[114.90756,36.74373],[114.92137,36.75731],[114.91271,36.78801],[114.94428,36.81003],[114.94404,36.87884],[114.96721,36.89392],[114.96565,36.95009],[115.09707,36.95779]]]}},{"type":"Feature","id":"CTAMAP-2020-COUNTY-1675","properties":{"map_level":"county","source_name":"饶阳县","source_code":"131124","county_type":"县","prefecture_name":"衡水市","prefecture_code":"131100","prefecture_type":"地级市","parent_entity_id":"CNUR-000013","parent_year_end_name":"衡水市","province_name":"河北省","province_code":"130000","snapshot_year":2020,"panel_year":2019,"link_status":"parent_linked","former_name":"","note":""},"geometry":{"type":"Polygon","coordinates":[[[115.8357,38.34551],[115.82948,38.27661],[115.85891,38.25446],[115.85041,38.24047],[115.86533,38.21709],[115.89385,38.20251],[115.88155,38.17104],[115.89528,38.1558],[115.82903,38.13872],[115.8283,38.11657],[115.79895,38.12978],[115.7304,38.10319],[115.68918,38.10974],[115.67926,38.08282],[115.62819,38.10312],[115.57144,38.09422],[115.55687,38.1705],[115.60834,38.18961],[115.6016,38.21729],[115.62565,38.24347],[115.60749,38.26492],[115.68175,38.28314],[115.65483,38.30668],[115.67313,38.32051],[115.66053,38.34545],[115.74635,38.3709],[115.79345,38.3455],[115.8357,38.34551]]]}},{"type":"Feature","id":"CTAMAP-2020-COUNTY-1682","properties":{"map_level":"county","source_name":"任丘市","source_code":"130982","county_type":"县级市","prefecture_name":"沧州市","prefecture_code":"130900","prefecture_type":"地级市","parent_entity_id":"CNUR-000011","parent_year_end_name":"沧州市","province_name":"河北省","province_code":"130000","snapshot_year":2020,"panel_year":2019,"link_status":"parent_linked","former_name":"","note":""},"geometry":{"type":"Polygon","coordinates":[[[116.20296,38.92101],[116.20227,38.87425],[116.27299,38.83553],[116.26607,38.81585],[116.33118,38.81582],[116.337,38.80103],[116.41037,38.78287],[116.43131,38.75022],[116.42094,38.71508],[116.35766,38.68578],[116.34997,38.65355],[116.33076,38.66866],[116.27019,38.66815],[116.24084,38.6309],[116.17562,38.61747],[116.15732,38.56407],[116.08488,38.58309],[116.05359,38.58028],[116.04886,38.55998],[116.03094,38.57979],[116.02178,38.56183],[115.97603,38.55111],[115.95599,38.57144],[115.94429,38.62721],[115.96943,38.63979],[115.9495,38.68909],[115.9602,38.7083],[115.93823,38.73473],[116.00902,38.807],[116.0393,38.81747],[116.02944,38.8287],[116.04428,38.87409],[116.03256,38.89052],[116.10661,38.90861],[116.11461,38.9339],[116.14634,38.94741],[116.20296,38.92101]]]}},{"type":"Feature","id":"CTAMAP-2020-COUNTY-1683","properties":{"map_level":"county","source_name":"任县","source_code":"130526","county_type":"县","prefecture_name":"邢台市","prefecture_code":"130500","prefecture_type":"地级市","parent_entity_id":"CNUR-000007","parent_year_end_name":"邢台市","province_name":"河北省","province_code":"130000","snapshot_year":2020,"panel_year":2019,"link_status":"parent_linked","former_name":"","note":""},"geometry":{"type":"Polygon","coordinates":[[[114.84155,37.25936],[114.83869,37.24577],[114.87048,37.24216],[114.87344,37.2159],[114.89213,37.20523],[114.88844,37.17229],[114.92233,37.16413],[114.91684,37.15715],[114.90079,37.1558],[114.89771,37.15092],[114.89317,37.14906],[114.88442,37.14478],[114.88404,37.1444],[114.91321,37.11999],[114.90525,37.08532],[114.78658,37.09606],[114.7736,37.07188],[114.75573,37.07094],[114.71262,37.08986],[114.68658,37.08226],[114.67206,37.10436],[114.63335,37.09017],[114.62459,37.11535],[114.63772,37.13277],[114.61298,37.15342],[114.62164,37.16591],[114.56765,37.17786],[114.5893,37.23239],[114.59657,37.21252],[114.62045,37.22],[114.66344,37.20065],[114.68015,37.21964],[114.74388,37.23122],[114.77696,37.28525],[114.84155,37.25936]]]}},{"type":"Feature","id":"CTAMAP-2020-COUNTY-1688","properties":{"map_level":"county","source_name":"容城县","source_code":"130629","county_type":"县","prefecture_name":"保定市","prefecture_code":"130600","prefecture_type":"地级市","parent_entity_id":"CNUR-000008","parent_year_end_name":"保定市","province_name":"河北省","province_code":"130000","snapshot_year":2020,"panel_year":2019,"link_status":"parent_linked","former_name":"","note":""},"geometry":{"type":"Polygon","coordinates":[[[115.94599,39.11086],[116.03384,39.09109],[116.02739,39.06457],[116.06879,39.02469],[116.04798,39.01974],[116.04374,38.98237],[116.01837,38.95195],[115.99056,38.98059],[116.00346,38.99869],[115.99334,39.01336],[115.93477,39.01175],[115.94038,39.02503],[115.92419,39.03788],[115.89553,39.03346],[115.89128,39.00224],[115.87533,38.99502],[115.82597,38.99546],[115.7979,38.97573],[115.80134,38.96323],[115.76293,38.9692],[115.78057,38.99833],[115.75888,39.0229],[115.77013,39.12052],[115.8167,39.11381],[115.83297,39.13077],[115.85949,39.11781],[115.86204,39.14212],[115.8694,39.13041],[115.89693,39.13721],[115.88626,39.12414],[115.89517,39.10134],[115.94599,39.11086]]]}},{"type":"Feature","id":"CTAMAP-2020-COUNTY-1715","properties":{"map_level":"county","source_name":"三河市","source_code":"131082","county_type":"县级市","prefecture_name":"廊坊市","prefecture_code":"131000","prefecture_type":"地级市","parent_entity_id":"CNUR-000012","parent_year_end_name":"廊坊市","province_name":"河北省","province_code":"130000","snapshot_year":2020,"panel_year":2019,"link_status":"parent_linked","former_name":"","note":""},"geometry":{"type":"Polygon","coordinates":[[[117.20336,40.08096],[117.21637,40.06416],[117.17531,40.05768],[117.1917,39.99145],[117.13586,39.91773],[117.15235,39.90776],[117.14203,39.89552],[117.16817,39.87343],[117.16025,39.86661],[117.24183,39.8596],[117.25093,39.82883],[117.05047,39.81125],[117.04243,39.84781],[117.06582,39.87106],[117.03412,39.89241],[117.0189,39.88332],[116.97689,39.92707],[116.95395,39.92842],[116.95815,39.96076],[116.94133,39.98147],[116.91266,39.96851],[116.91067,39.98219],[116.87746,39.97707],[116.86646,39.96415],[116.89913,39.94024],[116.86875,39.92719],[116.88042,39.91201],[116.86201,39.9071],[116.86202,39.89146],[116.81237,39.89243],[116.79809,39.87691],[116.77917,39.88684],[116.77489,39.94793],[116.75137,39.95939],[116.77344,40.03334],[116.81469,40.03143],[116.82568,40.05002],[116.86499,40.03922],[116.95587,40.05023],[117.01554,40.02838],[117.07908,40.07371],[117.13269,40.06265],[117.1743,40.06863],[117.17927,40.0836],[117.19343,40.06713],[117.20336,40.08096]]]}},{"type":"Feature","id":"CTAMAP-2020-COUNTY-1730","properties":{"map_level":"county","source_name":"沙河市","source_code":"130582","county_type":"县级市","prefecture_name":"邢台市","prefecture_code":"130500","prefecture_type":"地级市","parent_entity_id":"CNUR-000007","parent_year_end_name":"邢台市","province_name":"河北省","province_code":"130000","snapshot_year":2020,"panel_year":2019,"link_status":"parent_linked","former_name":"","note":""},"geometry":{"type":"Polygon","coordinates":[[[114.3973,36.96427],[114.44622,36.93968],[114.44858,36.95707],[114.48708,36.95637],[114.46327,36.94231],[114.49084,36.93333],[114.49135,36.91428],[114.53543,36.91669],[114.54744,36.90266],[114.56383,36.90129],[114.59009,36.93686],[114.62756,36.93611],[114.66525,36.91315],[114.54607,36.88391],[114.54602,36.83315],[114.47778,36.83176],[114.45625,36.84719],[114.37946,36.8388],[114.36727,36.86044],[114.33379,36.84505],[114.30098,36.85917],[114.28238,36.84368],[114.27701,36.85708],[114.23708,36.86221],[114.21996,36.84209],[114.18576,36.85369],[114.09376,36.83848],[114.07531,36.84458],[114.07886,36.87934],[114.0397,36.86966],[114.01947,36.8945],[113.99717,36.89422],[113.95905,36.962],[113.86489,37.01802],[113.88436,37.04544],[113.9462,37.04889],[114.13341,36.98415],[114.15239,37.02786],[114.18717,37.02161],[114.22954,37.03773],[114.22068,36.9762],[114.3973,36.96427]]]}},{"type":"Feature","id":"CTAMAP-2020-COUNTY-1743","properties":{"map_level":"county","source_name":"山海关区","source_code":"130303","county_type":"市辖区","prefecture_name":"秦皇岛市","prefecture_code":"130300","prefecture_type":"地级市","parent_entity_id":"CNUR-000005","parent_year_end_name":"秦皇岛市","province_name":"河北省","province_code":"130000","snapshot_year":2020,"panel_year":2019,"link_status":"parent_linked","former_name":"","note":""},"geometry":{"type":"Polygon","coordinates":[[[119.73367,40.11002],[119.76157,40.0831],[119.75294,40.06684],[119.76499,40.04749],[119.78927,40.03851],[119.81114,40.05159],[119.84879,40.03183],[119.83598,40.00496],[119.86571,39.95661],[119.8379,39.95702],[119.83495,39.98416],[119.80457,39.97882],[119.78136,39.95423],[119.71287,39.94297],[119.70758,39.97083],[119.69319,39.96682],[119.67898,39.99489],[119.61618,40.00004],[119.62465,40.03731],[119.64214,40.02979],[119.64035,40.0435],[119.6724,40.05294],[119.66723,40.08414],[119.69288,40.08435],[119.70694,40.11082],[119.73367,40.11002]]]}},{"type":"Feature","id":"CTAMAP-2020-COUNTY-1767","properties":{"map_level":"county","source_name":"尚义县","source_code":"130725","county_type":"县","prefecture_name":"张家口市","prefecture_code":"130700","prefecture_type":"地级市","parent_entity_id":"CNUR-000009","parent_year_end_name":"张家口市","province_name":"河北省","province_code":"130000","snapshot_year":2020,"panel_year":2019,"link_status":"parent_linked","former_name":"","note":""},"geometry":{"type":"Polygon","coordinates":[[[114.20722,41.50952],[114.18879,41.49151],[114.19819,41.46871],[114.1761,41.45497],[114.21741,41.44402],[114.2045,41.43137],[114.22073,41.4208],[114.21953,41.38404],[114.29113,41.33792],[114.30844,41.29567],[114.27334,41.22727],[114.30599,41.17562],[114.36857,41.13935],[114.34814,41.11838],[114.36585,41.08263],[114.3426,41.08496],[114.35776,41.00038],[114.39225,40.99851],[114.44132,40.95147],[114.40224,40.88545],[114.36301,40.86502],[114.36184,40.82832],[114.38338,40.78381],[114.37269,40.74527],[114.31888,40.73244],[114.19788,40.76838],[114.14694,40.75173],[114.1386,40.73295],[114.09815,40.75708],[114.09756,40.79594],[114.07329,40.78892],[114.03801,40.82951],[114.06831,40.85204],[114.04651,40.86287],[114.03535,40.90265],[114.0485,40.92754],[113.97699,40.94155],[113.96881,40.99374],[113.95694,40.98907],[113.81809,41.09399],[113.83306,41.10775],[113.87753,41.10422],[113.87507,41.12822],[113.91278,41.17148],[113.99126,41.17999],[114.00434,41.22185],[113.98486,41.2679],[113.95962,41.23877],[113.9497,41.2846],[113.8955,41.30647],[113.9204,41.32488],[113.93748,41.39261],[113.86448,41.41154],[113.87538,41.43396],[113.9107,41.45018],[113.92534,41.48477],[113.94712,41.48184],[114.03467,41.52981],[114.09968,41.53604],[114.20722,41.50952]]]}},{"type":"Feature","id":"CTAMAP-2020-COUNTY-1776","properties":{"map_level":"county","source_name":"涉县","source_code":"130426","county_type":"县","prefecture_name":"邯郸市","prefecture_code":"130400","prefecture_type":"地级市","parent_entity_id":"CNUR-000006","parent_year_end_name":"邯郸市","province_name":"河北省","province_code":"130000","snapshot_year":2020,"panel_year":2019,"link_status":"parent_linked","former_name":"","note":""},"geometry":{"type":"Polygon","coordinates":[[[113.74891,36.8516],[113.77139,36.80787],[113.76232,36.78055],[113.84957,36.7728],[113.89819,36.7066],[113.89612,36.64298],[113.85518,36.61112],[113.8844,36.57307],[113.87218,36.51619],[113.88312,36.50894],[113.90695,36.54832],[113.9281,36.55012],[113.92981,36.51399],[113.9699,36.47529],[113.90959,36.41576],[113.89219,36.36789],[113.96428,36.36399],[113.96938,36.34391],[113.99651,36.33451],[113.98722,36.31467],[113.9449,36.35897],[113.95172,36.33631],[113.90444,36.31443],[113.87605,36.3541],[113.8456,36.34978],[113.8507,36.32915],[113.8085,36.33186],[113.74834,36.3662],[113.73408,36.35826],[113.70504,36.42255],[113.65332,36.42993],[113.62128,36.45889],[113.57938,36.45781],[113.5773,36.48251],[113.54747,36.4982],[113.55633,36.53084],[113.53829,36.53803],[113.57966,36.54099],[113.58297,36.56275],[113.5303,36.59275],[113.54425,36.62264],[113.47259,36.63971],[113.47253,36.66353],[113.50982,36.69795],[113.45944,36.7071],[113.47591,36.73937],[113.51157,36.7292],[113.53826,36.74129],[113.53351,36.75476],[113.59165,36.75214],[113.6662,36.79294],[113.67,36.85177],[113.6921,36.88651],[113.72279,36.88281],[113.72482,36.86124],[113.74891,36.8516]]]}},{"type":"Feature","id":"CTAMAP-2020-COUNTY-1779","properties":{"map_level":"county","source_name":"深泽县","source_code":"130128","county_type":"县","prefecture_name":"石家庄市","prefecture_code":"130100","prefecture_type":"地级市","parent_entity_id":"CNUR-000003","parent_year_end_name":"石家庄市","province_name":"河北省","province_code":"130000","snapshot_year":2020,"panel_year":2019,"link_status":"parent_linked","former_name":"","note":""},"geometry":{"type":"Polygon","coordinates":[[[115.31838,38.24742],[115.31748,38.21985],[115.34627,38.20595],[115.33894,38.14698],[115.36,38.11838],[115.26453,38.13437],[115.20804,38.12045],[115.19688,38.13357],[115.08477,38.12215],[115.08204,38.15139],[115.10827,38.17939],[115.09063,38.20856],[115.10843,38.23851],[115.1528,38.25905],[115.20143,38.23474],[115.21545,38.27568],[115.24688,38.28856],[115.25999,38.28705],[115.26937,38.23877],[115.31838,38.24742]]]}},{"type":"Feature","id":"CTAMAP-2020-COUNTY-1780","properties":{"map_level":"county","source_name":"深州市","source_code":"131182","county_type":"县级市","prefecture_name":"衡水市","prefecture_code":"131100","prefecture_type":"地级市","parent_entity_id":"CNUR-000013","parent_year_end_name":"衡水市","province_name":"河北省","province_code":"130000","snapshot_year":2020,"panel_year":2019,"link_status":"parent_linked","former_name":"","note":""},"geometry":{"type":"Polygon","coordinates":[[[115.56286,38.15186],[115.57157,38.09407],[115.62819,38.10312],[115.67926,38.08282],[115.68918,38.10974],[115.7304,38.10319],[115.78491,38.12886],[115.83999,38.1121],[115.83998,38.09111],[115.79827,38.07636],[115.79769,38.0569],[115.77129,38.03744],[115.7963,38.00921],[115.76375,37.98506],[115.80381,37.97933],[115.791,37.95434],[115.80136,37.94791],[115.7754,37.93888],[115.78089,37.90756],[115.74618,37.87525],[115.74094,37.83703],[115.75638,37.82392],[115.69376,37.82622],[115.65957,37.80225],[115.62273,37.81034],[115.61695,37.83024],[115.57169,37.8302],[115.56464,37.76341],[115.53507,37.76557],[115.5278,37.74994],[115.52692,37.76644],[115.49551,37.78337],[115.47492,37.76835],[115.44411,37.78211],[115.42524,37.76535],[115.43436,37.74906],[115.47387,37.74214],[115.47387,37.71634],[115.45196,37.72809],[115.44111,37.71031],[115.37553,37.7407],[115.35048,37.73285],[115.33935,37.75821],[115.36573,37.77343],[115.34613,37.78318],[115.34354,37.80488],[115.35699,37.84911],[115.38535,37.86128],[115.35404,37.87918],[115.35987,37.90434],[115.40181,37.91779],[115.40649,37.94233],[115.43584,37.93351],[115.458,37.9536],[115.43787,37.98406],[115.457,37.99785],[115.43117,38.01051],[115.47742,38.0824],[115.44521,38.09142],[115.45002,38.12984],[115.43049,38.16882],[115.47029,38.17195],[115.50502,38.19683],[115.56286,38.15186]]]}},{"type":"Feature","id":"CTAMAP-2020-COUNTY-1833","properties":{"map_level":"county","source_name":"双滦区","source_code":"130803","county_type":"市辖区","prefecture_name":"承德市","prefecture_code":"130800","prefecture_type":"地级市","parent_entity_id":"CNUR-000010","parent_year_end_name":"承德市","province_name":"河北省","province_code":"130000","snapshot_year":2020,"panel_year":2019,"link_status":"parent_linked","former_name":"","note":""},"geometry":{"type":"Polygon","coordinates":[[[117.84616,41.17323],[117.83054,41.1538],[117.85795,41.09894],[117.84661,41.02074],[117.89307,40.88303],[117.86632,40.89364],[117.84017,40.86963],[117.84707,40.84575],[117.87169,40.83811],[117.86084,40.81567],[117.75762,40.80028],[117.74337,40.86093],[117.76445,40.89422],[117.74763,40.92128],[117.74037,40.90842],[117.66089,40.90321],[117.62487,40.93386],[117.67061,40.96897],[117.6714,40.98992],[117.76444,41.04326],[117.77342,41.1925],[117.82428,41.1935],[117.84616,41.17323]]]}},{"type":"Feature","id":"CTAMAP-2020-COUNTY-1835","properties":{"map_level":"county","source_name":"双桥区","source_code":"130802","county_type":"市辖区","prefecture_name":"承德市","prefecture_code":"130800","prefecture_type":"地级市","parent_entity_id":"CNUR-000010","parent_year_end_name":"承德市","province_name":"河北省","province_code":"130000","snapshot_year":2020,"panel_year":2019,"link_status":"parent_linked","former_name":"","note":""},"geometry":{"type":"Polygon","coordinates":[[[117.91997,40.83198],[117.84707,40.84575],[117.83969,40.8673],[117.86632,40.89364],[117.8927,40.8828],[117.89412,40.89327],[117.84661,41.02074],[117.85649,41.08816],[117.90346,41.0918],[117.93753,41.13038],[117.97272,41.13569],[118.05996,41.03851],[118.0211,40.99454],[118.06331,40.95649],[118.05784,40.91058],[118.13359,40.84597],[118.11835,40.81929],[118.08012,40.82618],[118.06762,40.80804],[118.07528,40.77734],[118.04863,40.75362],[117.93081,40.7257],[117.90563,40.74624],[117.92093,40.77629],[117.91997,40.83198]]]}},{"type":"Feature","id":"CTAMAP-2020-COUNTY-1847","properties":{"map_level":"county","source_name":"顺平县","source_code":"130636","county_type":"县","prefecture_name":"保定市","prefecture_code":"130600","prefecture_type":"地级市","parent_entity_id":"CNUR-000008","parent_year_end_name":"保定市","province_name":"河北省","province_code":"130000","snapshot_year":2020,"panel_year":2019,"link_status":"parent_linked","former_name":"","note":""},"geometry":{"type":"Polygon","coordinates":[[[114.95576,39.11222],[114.95779,39.03498],[115.00953,39.01218],[115.15863,39.00538],[115.17656,38.97672],[115.163,38.96454],[115.17475,38.94087],[115.21648,38.90605],[115.24687,38.89572],[115.26135,38.9174],[115.28072,38.90797],[115.27788,38.882],[115.23772,38.85709],[115.2585,38.81076],[115.23876,38.80418],[115.23321,38.74505],[115.2034,38.74849],[115.18334,38.77346],[115.09279,38.77124],[115.07756,38.80529],[115.04589,38.81102],[115.04033,38.83875],[115.02008,38.85004],[114.98348,38.83899],[114.92356,38.9123],[114.89378,38.9187],[114.88448,38.93681],[114.90961,38.97297],[114.87949,38.9766],[114.83523,39.01664],[114.86625,39.01974],[114.88669,39.0541],[114.84974,39.10065],[114.92224,39.11944],[114.95576,39.11222]]]}},{"type":"Feature","id":"CTAMAP-2020-COUNTY-1875","properties":{"map_level":"county","source_name":"肃宁县","source_code":"130926","county_type":"县","prefecture_name":"沧州市","prefecture_code":"130900","prefecture_type":"地级市","parent_entity_id":"CNUR-000011","parent_year_end_name":"沧州市","province_name":"河北省","province_code":"130000","snapshot_year":2020,"panel_year":2019,"link_status":"parent_linked","former_name":"","note":""},"geometry":{"type":"Polygon","coordinates":[[[115.84745,38.52609],[115.93764,38.52359],[115.9192,38.49659],[115.93297,38.47835],[116.0122,38.47649],[116.03407,38.43929],[116.01537,38.41648],[116.04558,38.41194],[116.01783,38.32656],[115.94961,38.33776],[115.87508,38.27377],[115.86017,38.30362],[115.83677,38.30263],[115.8357,38.34551],[115.79345,38.3455],[115.74635,38.3709],[115.72517,38.35764],[115.69928,38.36692],[115.72748,38.38302],[115.70649,38.44465],[115.74038,38.4828],[115.77341,38.48273],[115.77508,38.50327],[115.81036,38.52759],[115.86827,38.5097],[115.84745,38.52609]]]}},{"type":"Feature","id":"CTAMAP-2020-COUNTY-1928","properties":{"map_level":"county","source_name":"唐县","source_code":"130627","county_type":"县","prefecture_name":"保定市","prefecture_code":"130600","prefecture_type":"地级市","parent_entity_id":"CNUR-000008","parent_year_end_name":"保定市","province_name":"河北省","province_code":"130000","snapshot_year":2020,"panel_year":2019,"link_status":"parent_linked","former_name":"","note":""},"geometry":{"type":"Polygon","coordinates":[[[114.84974,39.10065],[114.88669,39.0541],[114.86625,39.01974],[114.83595,39.01392],[114.87949,38.9766],[114.90977,38.97263],[114.8852,38.93031],[114.90847,38.90819],[114.92356,38.9123],[114.98338,38.83905],[115.02012,38.85004],[115.04711,38.8324],[115.06277,38.76464],[115.02619,38.74542],[115.03677,38.71104],[115.02556,38.7024],[115.05382,38.69598],[115.05213,38.64068],[115.03289,38.61977],[115.01963,38.6268],[115.03209,38.64562],[115.01123,38.64391],[115.00414,38.62282],[114.97341,38.62993],[114.97003,38.67172],[114.92041,38.65422],[114.8504,38.66861],[114.85125,38.63883],[114.81405,38.63619],[114.78023,38.66611],[114.77767,38.69579],[114.72808,38.72962],[114.7353,38.77598],[114.70292,38.78737],[114.70339,38.80065],[114.73615,38.81244],[114.71881,38.85825],[114.69674,38.85897],[114.70343,38.90924],[114.53262,38.95653],[114.5153,39.01714],[114.46577,39.02209],[114.50425,39.06352],[114.55007,39.062],[114.57352,39.10904],[114.64906,39.15243],[114.70698,39.15521],[114.77187,39.10911],[114.80003,39.11742],[114.84974,39.10065]]]}},{"type":"Feature","id":"CTAMAP-2020-COUNTY-1931","properties":{"map_level":"county","source_name":"桃城区","source_code":"131102","county_type":"市辖区","prefecture_name":"衡水市","prefecture_code":"131100","prefecture_type":"地级市","parent_entity_id":"CNUR-000013","parent_year_end_name":"衡水市","province_name":"河北省","province_code":"130000","snapshot_year":2020,"panel_year":2019,"link_status":"parent_linked","former_name":"","note":""},"geometry":{"type":"Polygon","coordinates":[[[115.69235,37.8259],[115.79072,37.82577],[115.77906,37.76478],[115.82688,37.75259],[115.81902,37.72876],[115.84275,37.70816],[115.81365,37.67845],[115.83154,37.65873],[115.8137,37.65541],[115.81824,37.6292],[115.741,37.62546],[115.68389,37.59566],[115.68233,37.6242],[115.65378,37.61201],[115.63584,37.62697],[115.55943,37.62309],[115.53259,37.63434],[115.52851,37.66589],[115.51143,37.66827],[115.48653,37.70781],[115.46596,37.68633],[115.42336,37.70981],[115.43039,37.72145],[115.44698,37.71072],[115.45196,37.72809],[115.47387,37.71634],[115.47387,37.74214],[115.42499,37.76237],[115.44411,37.78211],[115.47492,37.76835],[115.49598,37.78326],[115.51011,37.76418],[115.52692,37.76644],[115.5278,37.74994],[115.53507,37.76557],[115.56978,37.76722],[115.57169,37.8302],[115.61695,37.83024],[115.62273,37.81034],[115.65957,37.80225],[115.69235,37.8259]]]}},{"type":"Feature","id":"CTAMAP-2020-COUNTY-2012","properties":{"map_level":"county","source_name":"万全区","source_code":"130708","county_type":"市辖区","prefecture_name":"张家口市","prefecture_code":"130700","prefecture_type":"地级市","parent_entity_id":"CNUR-000009","parent_year_end_name":"张家口市","province_name":"河北省","province_code":"130000","snapshot_year":2020,"panel_year":2019,"link_status":"parent_linked","former_name":"万全县","note":"2016年撤销万全县，设立万全区"},"geometry":{"type":"Polygon","coordinates":[[[114.80041,40.96338],[114.78495,40.94887],[114.7826,40.89167],[114.83557,40.80168],[114.81479,40.77773],[114.82449,40.76103],[114.79048,40.74149],[114.8007,40.72437],[114.78974,40.70335],[114.71752,40.72047],[114.63895,40.69102],[114.50512,40.67432],[114.34591,40.71859],[114.34498,40.74025],[114.37269,40.74527],[114.38339,40.78341],[114.36184,40.82832],[114.36301,40.86502],[114.40224,40.88545],[114.43697,40.94671],[114.47802,40.95383],[114.52551,40.99652],[114.58398,40.99361],[114.66518,41.02033],[114.73464,41.01375],[114.7851,40.99617],[114.80041,40.96338]]]}},{"type":"Feature","id":"CTAMAP-2020-COUNTY-2023","properties":{"map_level":"county","source_name":"望都县","source_code":"130631","county_type":"县","prefecture_name":"保定市","prefecture_code":"130600","prefecture_type":"地级市","parent_entity_id":"CNUR-000008","parent_year_end_name":"保定市","province_name":"河北省","province_code":"130000","snapshot_year":2020,"panel_year":2019,"link_status":"parent_linked","former_name":"","note":""},"geometry":{"type":"Polygon","coordinates":[[[115.22791,38.7438],[115.23026,38.70379],[115.25465,38.6936],[115.25534,38.65634],[115.2835,38.65026],[115.3038,38.60443],[115.29025,38.54245],[115.30145,38.50737],[115.25142,38.51196],[115.23012,38.59808],[115.19091,38.61883],[115.17726,38.64922],[115.15303,38.65089],[115.10993,38.61108],[115.03833,38.62227],[115.05382,38.69598],[115.02556,38.7024],[115.03644,38.72526],[115.02443,38.73488],[115.0622,38.76109],[115.04602,38.80322],[115.07747,38.80536],[115.09279,38.77124],[115.18334,38.77346],[115.22791,38.7438]]]}},{"type":"Feature","id":"CTAMAP-2020-COUNTY-2029","properties":{"map_level":"county","source_name":"威县","source_code":"130533","county_type":"县","prefecture_name":"邢台市","prefecture_code":"130500","prefecture_type":"地级市","parent_entity_id":"CNUR-000007","parent_year_end_name":"邢台市","province_name":"河北省","province_code":"130000","snapshot_year":2020,"panel_year":2019,"link_status":"parent_linked","former_name":"","note":""},"geometry":{"type":"Polygon","coordinates":[[[115.57188,37.09205],[115.53469,37.07614],[115.54333,37.05566],[115.50725,37.00136],[115.51688,36.97455],[115.54869,36.98077],[115.56665,36.93823],[115.39299,36.90757],[115.36129,36.89125],[115.35868,36.8701],[115.31655,36.88072],[115.28278,36.86045],[115.20658,36.8707],[115.22223,36.89506],[115.19641,36.90108],[115.19706,36.90641],[115.24513,36.91191],[115.25185,36.93497],[115.19837,36.93838],[115.1982,36.95094],[115.24187,36.95448],[115.23315,36.97443],[115.24562,36.98785],[115.22014,37.01708],[115.24028,37.01385],[115.2621,37.03778],[115.27858,37.10906],[115.26726,37.12003],[115.24551,37.09933],[115.2292,37.11755],[115.23733,37.14245],[115.21946,37.14098],[115.22185,37.18224],[115.29574,37.21431],[115.25696,37.25921],[115.27569,37.27766],[115.25697,37.28184],[115.25773,37.29657],[115.42483,37.27717],[115.43433,37.23675],[115.47869,37.21465],[115.44718,37.18583],[115.47054,37.16849],[115.46195,37.1364],[115.49238,37.12775],[115.51981,37.17556],[115.56915,37.12779],[115.57188,37.09205]]]}},{"type":"Feature","id":"CTAMAP-2020-COUNTY-2033","properties":{"map_level":"county","source_name":"围场满族蒙古族自治县","source_code":"130828","county_type":"自治县","prefecture_name":"承德市","prefecture_code":"130800","prefecture_type":"地级市","parent_entity_id":"CNUR-000010","parent_year_end_name":"承德市","province_name":"河北省","province_code":"130000","snapshot_year":2020,"panel_year":2019,"link_status":"parent_linked","former_name":"","note":""},"geometry":{"type":"Polygon","coordinates":[[[118.25654,42.08606],[118.29084,42.04678],[118.2328,42.00672],[118.28546,42.00544],[118.30723,41.9858],[118.29689,41.93733],[118.26109,41.91918],[118.32865,41.87543],[118.33949,41.84279],[118.3181,41.82827],[118.30161,41.77692],[118.27379,41.75968],[118.24505,41.76996],[118.2211,41.81215],[118.17912,41.81471],[118.1392,41.79419],[118.12868,41.72877],[118.15821,41.69769],[118.15377,41.66191],[118.092,41.64111],[118.08186,41.6001],[118.05604,41.57955],[118.04183,41.63446],[118.0577,41.67634],[117.93267,41.69559],[117.88177,41.68041],[117.82245,41.71302],[117.76685,41.71306],[117.71665,41.68023],[117.63506,41.69046],[117.64318,41.74547],[117.58912,41.73475],[117.53188,41.7579],[117.52841,41.78376],[117.45604,41.78336],[117.45857,41.80381],[117.37631,41.83636],[117.28491,41.81989],[117.26219,41.82944],[117.1727,41.77049],[117.10503,41.76564],[117.08882,41.75533],[117.08412,41.68575],[117.05721,41.67593],[117.04829,41.72987],[117.02369,41.73017],[117.01641,41.75009],[116.95232,41.78131],[116.95466,41.80099],[116.90557,41.79758],[116.81409,41.82239],[116.7956,41.84764],[116.79655,41.88967],[116.68753,41.94783],[116.71838,41.95037],[116.7519,41.99154],[116.78259,41.9713],[116.87671,42.01527],[116.88583,42.10341],[116.77685,42.20567],[116.85168,42.18695],[116.91616,42.19218],[116.87871,42.3514],[116.88833,42.38589],[116.96578,42.42596],[116.993,42.42522],[117.00699,42.45299],[117.07145,42.45861],[117.08897,42.48195],[117.15585,42.46384],[117.26959,42.47965],[117.32619,42.45869],[117.38442,42.4594],[117.40635,42.46924],[117.41028,42.49283],[117.40642,42.51557],[117.38466,42.51619],[117.38939,42.5341],[117.42662,42.55406],[117.42963,42.58193],[117.46709,42.60029],[117.52316,42.58816],[117.54198,42.60436],[117.58105,42.60277],[117.68024,42.58109],[117.79931,42.61463],[117.78744,42.58742],[117.85098,42.53925],[117.86972,42.49158],[117.92176,42.47235],[118.02456,42.38252],[118.00322,42.34258],[118.02172,42.3132],[118.05236,42.30656],[118.05381,42.28048],[117.9639,42.24078],[118.03556,42.19095],[118.11143,42.16467],[118.08545,42.10759],[118.15714,42.0787],[118.15257,42.05561],[118.1329,42.06548],[118.13818,42.04767],[118.10954,42.0366],[118.18873,42.03019],[118.21766,42.0533],[118.21674,42.08133],[118.25654,42.08606]]]}},{"type":"Feature","id":"CTAMAP-2020-COUNTY-2045","properties":{"map_level":"county","source_name":"蔚县","source_code":"130726","county_type":"县","prefecture_name":"张家口市","prefecture_code":"130700","prefecture_type":"地级市","parent_entity_id":"CNUR-000009","parent_year_end_name":"张家口市","province_name":"河北省","province_code":"130000","snapshot_year":2020,"panel_year":2019,"link_status":"parent_linked","former_name":"","note":""},"geometry":{"type":"Polygon","coordinates":[[[114.76598,40.19742],[114.81261,40.1538],[114.88409,40.18664],[114.91004,40.17324],[114.90796,40.15992],[114.96958,40.17337],[115.01162,40.13883],[115.00571,40.08268],[115.06402,39.95147],[115.03708,39.93749],[115.01939,39.90889],[115.0312,39.87422],[115.00432,39.85605],[115.01067,39.81024],[115.02748,39.7983],[115.01954,39.76926],[114.99189,39.75967],[115.01068,39.75464],[114.99026,39.73206],[115.02121,39.68658],[114.95249,39.65996],[114.92834,39.67484],[114.8455,39.59944],[114.84795,39.58339],[114.8041,39.61448],[114.7899,39.59739],[114.71344,39.62015],[114.70041,39.58779],[114.65336,39.58047],[114.65704,39.59705],[114.64159,39.59365],[114.62821,39.55509],[114.57647,39.58492],[114.55745,39.5572],[114.55263,39.58121],[114.50919,39.56389],[114.49473,39.60326],[114.42837,39.60647],[114.3935,39.65587],[114.41056,39.77558],[114.3838,39.81795],[114.40104,39.83226],[114.38868,39.86582],[114.27923,39.85719],[114.2706,39.87332],[114.21935,39.85018],[114.19345,39.87503],[114.22303,39.89802],[114.1922,39.94337],[114.22748,39.96506],[114.24068,39.95825],[114.23572,39.92962],[114.32398,39.94881],[114.33039,39.97737],[114.38749,40.0171],[114.39981,39.99205],[114.44135,39.99631],[114.45672,39.98112],[114.48088,40.01733],[114.56087,40.04637],[114.55484,40.08457],[114.56942,40.09525],[114.65765,40.09805],[114.67079,40.13157],[114.65294,40.17984],[114.76598,40.19742]]]}},{"type":"Feature","id":"CTAMAP-2020-COUNTY-2047","properties":{"map_level":"county","source_name":"魏县","source_code":"130434","county_type":"县","prefecture_name":"邯郸市","prefecture_code":"130400","prefecture_type":"地级市","parent_entity_id":"CNUR-000006","parent_year_end_name":"邯郸市","province_name":"河北省","province_code":"130000","snapshot_year":2020,"panel_year":2019,"link_status":"parent_linked","former_name":"","note":""},"geometry":{"type":"Polygon","coordinates":[[[114.9616,36.44144],[115.07789,36.30905],[115.07785,36.22752],[115.09279,36.21707],[115.1077,36.22855],[115.11876,36.20914],[115.09552,36.1941],[115.0987,36.17344],[115.05341,36.17922],[115.03891,36.15626],[115.04274,36.11322],[115.00269,36.07124],[114.91209,36.04876],[114.92341,36.09651],[114.90121,36.11727],[114.90688,36.14059],[114.85304,36.14444],[114.85187,36.12785],[114.81947,36.12375],[114.75933,36.12541],[114.74578,36.13868],[114.74322,36.15406],[114.7709,36.16922],[114.76011,36.20882],[114.74231,36.20658],[114.74733,36.24177],[114.7282,36.25482],[114.75962,36.30634],[114.80215,36.32654],[114.8247,36.38236],[114.88663,36.37088],[114.90944,36.39331],[114.90171,36.42191],[114.9616,36.44144]]]}},{"type":"Feature","id":"CTAMAP-2020-COUNTY-2053","properties":{"map_level":"county","source_name":"文安县","source_code":"131026","county_type":"县","prefecture_name":"廊坊市","prefecture_code":"131000","prefecture_type":"地级市","parent_entity_id":"CNUR-000012","parent_year_end_name":"廊坊市","province_name":"河北省","province_code":"130000","snapshot_year":2020,"panel_year":2019,"link_status":"parent_linked","former_name":"","note":""},"geometry":{"type":"Polygon","coordinates":[[[116.74574,39.0337],[116.74857,39.00253],[116.70243,38.92981],[116.71715,38.85151],[116.64058,38.87071],[116.6276,38.81237],[116.55291,38.77432],[116.55659,38.75396],[116.52668,38.73502],[116.48506,38.73919],[116.46884,38.76119],[116.42876,38.75306],[116.41037,38.78287],[116.337,38.80103],[116.33118,38.81582],[116.26607,38.81585],[116.27299,38.83553],[116.19593,38.88686],[116.201,38.92045],[116.22639,38.92495],[116.22155,38.9417],[116.23728,38.94848],[116.24074,38.9288],[116.28561,38.94606],[116.29065,38.97355],[116.30963,38.96186],[116.36365,39.01295],[116.36889,39.03095],[116.3394,39.02383],[116.33568,39.03493],[116.37954,39.041],[116.38692,39.05784],[116.39438,39.04295],[116.47236,39.04644],[116.49593,39.02607],[116.48438,39.00842],[116.53747,39.02125],[116.57089,39.0024],[116.60025,39.02386],[116.58682,39.04759],[116.65113,39.03943],[116.64355,39.01865],[116.66617,39.00998],[116.68892,39.03571],[116.74574,39.0337]]]}},{"type":"Feature","id":"CTAMAP-2020-COUNTY-2086","properties":{"map_level":"county","source_name":"无极县","source_code":"130130","county_type":"县","prefecture_name":"石家庄市","prefecture_code":"130100","prefecture_type":"地级市","parent_entity_id":"CNUR-000003","parent_year_end_name":"石家庄市","province_name":"河北省","province_code":"130000","snapshot_year":2020,"panel_year":2019,"link_status":"parent_linked","former_name":"","note":""},"geometry":{"type":"Polygon","coordinates":[[[115.13326,38.25177],[115.09063,38.20856],[115.10827,38.17939],[115.0584,38.1613],[115.05766,38.14623],[114.98916,38.0929],[114.8705,38.04956],[114.81879,38.05954],[114.83216,38.10238],[114.80717,38.10942],[114.78963,38.15026],[114.80089,38.17699],[114.78064,38.19081],[114.7953,38.2282],[114.83202,38.23129],[114.83394,38.25423],[114.90407,38.26144],[114.92081,38.28321],[114.96898,38.27882],[114.98615,38.25444],[115.02218,38.26681],[115.04028,38.25508],[115.05958,38.26263],[115.05608,38.30025],[115.07273,38.2807],[115.08848,38.28846],[115.08716,38.26544],[115.13326,38.25177]]]}},{"type":"Feature","id":"CTAMAP-2020-COUNTY-2093","properties":{"map_level":"county","source_name":"吴桥县","source_code":"130928","county_type":"县","prefecture_name":"沧州市","prefecture_code":"130900","prefecture_type":"地级市","parent_entity_id":"CNUR-000011","parent_year_end_name":"沧州市","province_name":"河北省","province_code":"130000","snapshot_year":2020,"panel_year":2019,"link_status":"parent_linked","former_name":"","note":""},"geometry":{"type":"Polygon","coordinates":[[[116.69642,37.73918],[116.59692,37.62302],[116.44994,37.51257],[116.43199,37.47539],[116.36443,37.52529],[116.37297,37.56251],[116.33755,37.56508],[116.32504,37.58515],[116.32266,37.60659],[116.36948,37.61667],[116.36465,37.66522],[116.40762,37.73331],[116.42866,37.73405],[116.41817,37.74999],[116.44623,37.75827],[116.45342,37.77769],[116.47416,37.77097],[116.49532,37.79048],[116.56158,37.78198],[116.61447,37.75374],[116.62999,37.77223],[116.64536,37.75646],[116.68328,37.76209],[116.69642,37.73918]]]}},{"type":"Feature","id":"CTAMAP-2020-COUNTY-2110","properties":{"map_level":"county","source_name":"武安市","source_code":"130481","county_type":"县级市","prefecture_name":"邯郸市","prefecture_code":"130400","prefecture_type":"地级市","parent_entity_id":"CNUR-000006","parent_year_end_name":"邯郸市","province_name":"河北省","province_code":"130000","snapshot_year":2020,"panel_year":2019,"link_status":"parent_linked","former_name":"","note":""},"geometry":{"type":"Polygon","coordinates":[[[114.35511,36.85182],[114.37401,36.80883],[114.35659,36.78582],[114.37472,36.75703],[114.32139,36.71622],[114.2977,36.62525],[114.26895,36.61945],[114.29448,36.59078],[114.27774,36.57529],[114.28326,36.55545],[114.25825,36.54042],[114.23407,36.561],[114.17828,36.54296],[114.13719,36.55209],[114.12613,36.57409],[114.11467,36.55624],[114.08208,36.57148],[114.08319,36.53651],[114.04156,36.50129],[113.9914,36.5069],[113.9699,36.47529],[113.92981,36.51399],[113.9281,36.55012],[113.90695,36.54832],[113.88312,36.50894],[113.87218,36.51619],[113.8844,36.57307],[113.85518,36.61112],[113.89612,36.64298],[113.8906,36.68081],[113.90394,36.68821],[113.84957,36.7728],[113.76232,36.78055],[113.77139,36.80787],[113.74962,36.86153],[113.79175,36.88192],[113.75276,36.95447],[113.79965,37.00442],[113.86573,37.02111],[113.95905,36.962],[113.99717,36.89422],[114.01947,36.8945],[114.0397,36.86966],[114.07886,36.87934],[114.07531,36.84458],[114.16753,36.84186],[114.18724,36.85373],[114.21996,36.84209],[114.23708,36.86221],[114.27701,36.85708],[114.28332,36.84359],[114.30098,36.85917],[114.35511,36.85182]]]}},{"type":"Feature","id":"CTAMAP-2020-COUNTY-2127","properties":{"map_level":"county","source_name":"武强县","source_code":"131123","county_type":"县","prefecture_name":"衡水市","prefecture_code":"131100","prefecture_type":"地级市","parent_entity_id":"CNUR-000013","parent_year_end_name":"衡水市","province_name":"河北省","province_code":"130000","snapshot_year":2020,"panel_year":2019,"link_status":"parent_linked","former_name":"","note":""},"geometry":{"type":"Polygon","coordinates":[[[116.02358,38.09291],[116.06455,38.04016],[116.03654,38.02575],[116.05766,38.00932],[116.05127,37.9856],[116.02213,38.00891],[116.02024,37.99175],[115.9943,37.99903],[115.99342,37.97617],[115.96327,37.9876],[115.92459,37.95704],[115.92759,37.94071],[115.82813,37.9344],[115.80027,37.91597],[115.77497,37.92445],[115.7754,37.93888],[115.80136,37.94791],[115.791,37.95434],[115.80381,37.97933],[115.76375,37.98506],[115.7963,38.00921],[115.77129,38.03744],[115.79769,38.0569],[115.79827,38.07636],[115.83998,38.09111],[115.82903,38.13872],[115.91038,38.16664],[115.9806,38.12523],[116.04318,38.14625],[116.04889,38.12393],[116.02358,38.09291]]]}},{"type":"Feature","id":"CTAMAP-2020-COUNTY-2136","properties":{"map_level":"county","source_name":"武邑县","source_code":"131122","county_type":"县","prefecture_name":"衡水市","prefecture_code":"131100","prefecture_type":"地级市","parent_entity_id":"CNUR-000013","parent_year_end_name":"衡水市","province_name":"河北省","province_code":"130000","snapshot_year":2020,"panel_year":2019,"link_status":"parent_linked","former_name":"","note":""},"geometry":{"type":"Polygon","coordinates":[[[116.03172,37.99094],[116.07712,37.98402],[116.07018,37.97378],[116.09099,37.94838],[116.11242,37.94791],[116.08512,37.90938],[116.05797,37.90751],[116.07643,37.87719],[116.04934,37.86631],[116.10076,37.86549],[116.08325,37.83311],[116.11734,37.80415],[116.06811,37.77768],[116.05597,37.74919],[116.0108,37.74487],[116.01174,37.6876],[115.97111,37.63905],[115.90859,37.62602],[115.81243,37.66734],[115.84275,37.70816],[115.81902,37.72876],[115.82688,37.75259],[115.77906,37.76478],[115.79072,37.82577],[115.74094,37.83703],[115.75416,37.88685],[115.82148,37.933],[115.92759,37.94071],[115.92459,37.95704],[115.96327,37.9876],[115.99342,37.97617],[115.9943,37.99903],[116.02024,37.99175],[116.02213,38.00891],[116.03815,38.00728],[116.03172,37.99094]]]}},{"type":"Feature","id":"CTAMAP-2020-COUNTY-2186","properties":{"map_level":"county","source_name":"下花园区","source_code":"130706","county_type":"市辖区","prefecture_name":"张家口市","prefecture_code":"130700","prefecture_type":"地级市","parent_entity_id":"CNUR-000009","parent_year_end_name":"张家口市","province_name":"河北省","province_code":"130000","snapshot_year":2020,"panel_year":2019,"link_status":"parent_linked","former_name":"","note":""},"geometry":{"type":"Polygon","coordinates":[[[115.4902,40.56298],[115.41445,40.49881],[115.34213,40.51497],[115.31043,40.47206],[115.27882,40.46738],[115.28443,40.44956],[115.24145,40.43904],[115.20091,40.47084],[115.21655,40.48998],[115.16527,40.47388],[115.17811,40.5023],[115.12508,40.51116],[115.1457,40.5122],[115.21834,40.58739],[115.3319,40.63032],[115.36903,40.60567],[115.42397,40.60492],[115.43859,40.56661],[115.45947,40.57979],[115.4902,40.56298]]]}},{"type":"Feature","id":"CTAMAP-2020-COUNTY-2197","properties":{"map_level":"county","source_name":"献县","source_code":"130929","county_type":"县","prefecture_name":"沧州市","prefecture_code":"130900","prefecture_type":"地级市","parent_entity_id":"CNUR-000011","parent_year_end_name":"沧州市","province_name":"河北省","province_code":"130000","snapshot_year":2020,"panel_year":2019,"link_status":"parent_linked","former_name":"","note":""},"geometry":{"type":"Polygon","coordinates":[[[116.45896,38.30865],[116.45308,38.26195],[116.49958,38.24709],[116.4828,38.18694],[116.39296,38.20151],[116.34598,38.18205],[116.28984,38.19994],[116.29075,38.154],[116.27668,38.15089],[116.28752,38.13293],[116.22434,38.11527],[116.21999,38.0962],[116.1546,38.11123],[116.14316,38.07815],[116.09553,38.0808],[116.04958,38.05867],[116.02358,38.09291],[116.04889,38.12393],[116.04318,38.14625],[115.9806,38.12523],[115.93323,38.14376],[115.92978,38.16667],[115.89509,38.15806],[115.88155,38.17104],[115.89385,38.20251],[115.86533,38.21709],[115.85041,38.24047],[115.85891,38.25446],[115.82403,38.29281],[115.85616,38.30566],[115.88537,38.27584],[115.94961,38.33776],[115.9955,38.32018],[116.01903,38.33072],[116.10214,38.31462],[116.13918,38.34029],[116.16864,38.33228],[116.19255,38.38117],[116.31309,38.34408],[116.33792,38.36524],[116.38196,38.34914],[116.42394,38.36057],[116.43748,38.35335],[116.43478,38.32401],[116.45896,38.30865]]]}},{"type":"Feature","id":"CTAMAP-2020-COUNTY-2206","properties":{"map_level":"county","source_name":"香河县","source_code":"131024","county_type":"县","prefecture_name":"廊坊市","prefecture_code":"131000","prefecture_type":"地级市","parent_entity_id":"CNUR-000012","parent_year_end_name":"廊坊市","province_name":"河北省","province_code":"130000","snapshot_year":2020,"panel_year":2019,"link_status":"parent_linked","former_name":"","note":""},"geometry":{"type":"Polygon","coordinates":[[[117.04354,39.8288],[117.06441,39.80631],[117.1517,39.82178],[117.15104,39.79537],[117.17187,39.79407],[117.19957,39.76262],[117.14721,39.73495],[117.16484,39.69994],[117.15246,39.65989],[117.16965,39.64469],[117.13685,39.61572],[117.0095,39.65284],[116.9703,39.6353],[116.93807,39.68584],[116.945,39.70576],[116.88659,39.68903],[116.87671,39.71753],[116.90953,39.73031],[116.89572,39.76229],[116.94006,39.78105],[116.92035,39.85305],[116.95734,39.85696],[116.9642,39.8417],[116.9889,39.8514],[117.01208,39.82752],[117.04354,39.8288]]]}},{"type":"Feature","id":"CTAMAP-2020-COUNTY-2236","properties":{"map_level":"county","source_name":"辛集市","source_code":"130181","county_type":"县级市","prefecture_name":"石家庄市","prefecture_code":"130100","prefecture_type":"地级市","parent_entity_id":"CNUR-000003","parent_year_end_name":"石家庄市","province_name":"河北省","province_code":"130000","snapshot_year":2020,"panel_year":2019,"link_status":"parent_linked","former_name":"","note":""},"geometry":{"type":"Polygon","coordinates":[[[115.36224,38.11965],[115.37712,38.0873],[115.44069,38.08155],[115.46186,38.09446],[115.47742,38.0824],[115.43117,38.01051],[115.457,37.99785],[115.43787,37.98406],[115.458,37.9536],[115.43584,37.93351],[115.40649,37.94233],[115.40181,37.91779],[115.35987,37.90434],[115.35404,37.87918],[115.38369,37.87355],[115.38506,37.85688],[115.35543,37.84649],[115.34344,37.79132],[115.36545,37.76931],[115.33858,37.7465],[115.38812,37.71145],[115.33305,37.71528],[115.31078,37.69445],[115.31065,37.65916],[115.29498,37.65955],[115.27577,37.62963],[115.24906,37.64489],[115.25697,37.68073],[115.23754,37.7219],[115.14643,37.75877],[115.15523,37.78573],[115.1388,37.80859],[115.14187,37.84711],[115.1143,37.85652],[115.14947,37.87887],[115.14436,37.90899],[115.16271,37.92416],[115.13882,37.94795],[115.16399,37.95153],[115.18762,38.00893],[115.20438,38.00993],[115.18157,38.0248],[115.21486,38.04738],[115.18708,38.06822],[115.20972,38.09754],[115.20806,38.12156],[115.26453,38.13437],[115.36224,38.11965]]]}},{"type":"Feature","id":"CTAMAP-2020-COUNTY-2251","properties":{"map_level":"county","source_name":"新河县","source_code":"130530","county_type":"县","prefecture_name":"邢台市","prefecture_code":"130500","prefecture_type":"地级市","parent_entity_id":"CNUR-000007","parent_year_end_name":"邢台市","province_name":"河北省","province_code":"130000","snapshot_year":2020,"panel_year":2019,"link_status":"parent_linked","former_name":"","note":""},"geometry":{"type":"Polygon","coordinates":[[[115.38652,37.47212],[115.29681,37.43827],[115.31347,37.42458],[115.30932,37.40356],[115.28246,37.44273],[115.27598,37.42799],[115.2004,37.44143],[115.18533,37.42076],[115.13573,37.41768],[115.07459,37.44765],[115.10337,37.49959],[115.0927,37.52717],[115.16736,37.54214],[115.18242,37.56621],[115.21314,37.55857],[115.22668,37.57973],[115.30287,37.5651],[115.35552,37.52362],[115.35728,37.56583],[115.36769,37.54354],[115.39727,37.5375],[115.40132,37.52398],[115.42186,37.51054],[115.42212,37.50283],[115.4491,37.50094],[115.41758,37.49227],[115.41951,37.50709],[115.39612,37.50929],[115.39189,37.49632],[115.41519,37.48673],[115.4031,37.47511],[115.41906,37.48424],[115.43132,37.45885],[115.40354,37.46944],[115.39244,37.45625],[115.38652,37.47212]]]}},{"type":"Feature","id":"CTAMAP-2020-COUNTY-2258","properties":{"map_level":"county","source_name":"新乐市","source_code":"130184","county_type":"县级市","prefecture_name":"石家庄市","prefecture_code":"130100","prefecture_type":"地级市","parent_entity_id":"CNUR-000003","parent_year_end_name":"石家庄市","province_name":"河北省","province_code":"130000","snapshot_year":2020,"panel_year":2019,"link_status":"parent_linked","former_name":"","note":""},"geometry":{"type":"Polygon","coordinates":[[[114.80697,38.4862],[114.82552,38.46482],[114.8121,38.4505],[114.8231,38.43334],[114.84111,38.46019],[114.85018,38.43072],[114.91707,38.38875],[114.93695,38.34331],[114.8776,38.28455],[114.87778,38.25823],[114.75632,38.31199],[114.6793,38.2931],[114.64536,38.32098],[114.63111,38.31403],[114.6424,38.3005],[114.63232,38.28102],[114.59286,38.27108],[114.56583,38.30797],[114.54071,38.3026],[114.52501,38.31761],[114.53846,38.34437],[114.50094,38.35213],[114.51378,38.37202],[114.56314,38.35898],[114.56785,38.37814],[114.5994,38.36665],[114.65636,38.3879],[114.65266,38.41964],[114.68814,38.43783],[114.67037,38.47023],[114.70084,38.50231],[114.71839,38.47882],[114.73289,38.47855],[114.73907,38.50216],[114.80697,38.4862]],[[114.57556,38.3082],[114.56006,38.34018],[114.55812,38.31293],[114.57556,38.3082]]]}},{"type":"Feature","id":"CTAMAP-2020-COUNTY-2283","properties":{"map_level":"county","source_name":"邢台县","source_code":"130521","county_type":"县","prefecture_name":"邢台市","prefecture_code":"130500","prefecture_type":"地级市","parent_entity_id":"CNUR-000007","parent_year_end_name":"邢台市","province_name":"河北省","province_code":"130000","snapshot_year":2020,"panel_year":2019,"link_status":"parent_linked","former_name":"","note":""},"geometry":{"type":"Polygon","coordinates":[[[114.5362,37.1821],[114.61961,37.1686],[114.61298,37.15342],[114.63772,37.13277],[114.61957,37.03066],[114.52089,37.02498],[114.52138,37.04548],[114.54549,37.05797],[114.53749,37.0887],[114.48368,37.09753],[114.47801,37.12303],[114.43346,37.11104],[114.4247,37.12473],[114.39823,37.1224],[114.3932,37.10591],[114.4322,37.08206],[114.40794,37.06802],[114.42919,37.03304],[114.39519,36.99853],[114.3973,36.96427],[114.22068,36.9762],[114.22954,37.03773],[114.18717,37.02161],[114.15239,37.02786],[114.13341,36.98415],[113.9462,37.04889],[113.88436,37.04544],[113.86699,37.0215],[113.79036,36.99559],[113.76064,37.01572],[113.78592,37.05107],[113.75235,37.07505],[113.76763,37.10265],[113.76616,37.15216],[113.82706,37.17595],[113.87618,37.24921],[113.89336,37.31529],[113.91816,37.3473],[113.94793,37.34551],[113.95062,37.36783],[114.02175,37.34916],[114.06547,37.32015],[114.12166,37.319],[114.16216,37.33819],[114.19254,37.301],[114.23506,37.31778],[114.26156,37.25775],[114.36699,37.23916],[114.41862,37.18372],[114.46672,37.18498],[114.51816,37.16467],[114.5362,37.1821]]]}},{"type":"Feature","id":"CTAMAP-2020-COUNTY-2284","properties":{"map_level":"county","source_name":"行唐县","source_code":"130125","county_type":"县","prefecture_name":"石家庄市","prefecture_code":"130100","prefecture_type":"地级市","parent_entity_id":"CNUR-000003","parent_year_end_name":"石家庄市","province_name":"河北省","province_code":"130000","snapshot_year":2020,"panel_year":2019,"link_status":"parent_linked","former_name":"","note":""},"geometry":{"type":"Polygon","coordinates":[[[114.35435,38.68269],[114.45397,38.70276],[114.52958,38.64864],[114.54609,38.60803],[114.52282,38.59276],[114.5236,38.58337],[114.57857,38.59624],[114.59164,38.56069],[114.68882,38.44953],[114.64934,38.41423],[114.65636,38.3879],[114.5994,38.36665],[114.56785,38.37814],[114.56314,38.35898],[114.51378,38.37202],[114.50133,38.34646],[114.45414,38.36776],[114.38786,38.43495],[114.33109,38.45588],[114.32434,38.46817],[114.34973,38.48818],[114.33578,38.51848],[114.31081,38.54412],[114.29077,38.53803],[114.29302,38.55734],[114.27204,38.55865],[114.16487,38.67034],[114.30731,38.71136],[114.35435,38.68269]]]}},{"type":"Feature","id":"CTAMAP-2020-COUNTY-2295","properties":{"map_level":"county","source_name":"兴隆县","source_code":"130822","county_type":"县","prefecture_name":"承德市","prefecture_code":"130800","prefecture_type":"地级市","parent_entity_id":"CNUR-000010","parent_year_end_name":"承德市","province_name":"河北省","province_code":"130000","snapshot_year":2020,"panel_year":2019,"link_status":"parent_linked","former_name":"","note":""},"geometry":{"type":"Polygon","coordinates":[[[117.8711,40.67148],[117.8208,40.59747],[117.76058,40.60067],[117.79434,40.53658],[117.88076,40.56176],[117.88204,40.59109],[117.86612,40.60764],[117.98402,40.636],[118.02191,40.65702],[118.02256,40.68223],[118.09824,40.67774],[118.16031,40.64862],[118.18784,40.66281],[118.19394,40.65293],[118.15783,40.63056],[118.24557,40.60065],[118.2009,40.56864],[118.22806,40.57257],[118.25327,40.53334],[118.19402,40.50962],[118.1789,40.46704],[118.19296,40.446],[118.14733,40.42057],[118.1602,40.39484],[118.11466,40.35299],[118.08364,40.36107],[118.05938,40.31945],[118.03021,40.30353],[117.9043,40.28564],[117.89411,40.26745],[117.82494,40.26743],[117.74375,40.22652],[117.7267,40.2391],[117.66741,40.22581],[117.65658,40.23935],[117.65901,40.21627],[117.59052,40.19014],[117.56595,40.19371],[117.55804,40.2279],[117.49646,40.22747],[117.4407,40.25172],[117.40921,40.24741],[117.39849,40.22855],[117.34504,40.22808],[117.32534,40.28831],[117.28924,40.27692],[117.26844,40.33131],[117.2176,40.37007],[117.22872,40.41595],[117.25559,40.43904],[117.22878,40.4562],[117.20219,40.49587],[117.20706,40.51083],[117.25696,40.51183],[117.2431,40.54681],[117.30833,40.57694],[117.34022,40.58034],[117.38092,40.55922],[117.41501,40.56779],[117.41379,40.63248],[117.44035,40.62666],[117.44228,40.64997],[117.47982,40.63199],[117.49825,40.64732],[117.52763,40.62624],[117.49415,40.58551],[117.51737,40.57141],[117.6342,40.6356],[117.68829,40.62376],[117.70405,40.65059],[117.76586,40.67707],[117.77425,40.69897],[117.84082,40.71205],[117.8711,40.67148]],[[117.67748,40.56526],[117.6253,40.56646],[117.63466,40.53239],[117.6059,40.53803],[117.57811,40.52238],[117.64429,40.47436],[117.71101,40.51368],[117.75712,40.51348],[117.75955,40.52879],[117.72685,40.56179],[117.68057,40.55102],[117.67748,40.56526]]]}},{"type":"Feature","id":"CTAMAP-2020-COUNTY-2307","properties":{"map_level":"county","source_name":"雄县","source_code":"130638","county_type":"县","prefecture_name":"保定市","prefecture_code":"130600","prefecture_type":"地级市","parent_entity_id":"CNUR-000008","parent_year_end_name":"保定市","province_name":"河北省","province_code":"130000","snapshot_year":2020,"panel_year":2019,"link_status":"parent_linked","former_name":"","note":""},"geometry":{"type":"Polygon","coordinates":[[[116.0968,39.17141],[116.25573,39.13794],[116.25661,39.11971],[116.31268,39.082],[116.31246,39.03639],[116.32486,39.03831],[116.29728,39.0306],[116.30309,39.01515],[116.2872,39.00659],[116.33022,38.98279],[116.30961,38.96185],[116.29049,38.97345],[116.28561,38.94606],[116.2472,38.93087],[116.23188,38.92723],[116.22949,38.94815],[116.22228,38.92317],[116.14634,38.94741],[116.0758,38.91963],[116.03473,38.93766],[116.02396,38.96862],[116.04374,38.98237],[116.04798,39.01974],[116.06933,39.02319],[116.02739,39.06457],[116.03686,39.08842],[116.02384,39.09619],[116.09331,39.10699],[116.07854,39.14624],[116.09474,39.15058],[116.0968,39.17141]]]}},{"type":"Feature","id":"CTAMAP-2020-COUNTY-2320","properties":{"map_level":"county","source_name":"徐水区","source_code":"130609","county_type":"市辖区","prefecture_name":"保定市","prefecture_code":"130600","prefecture_type":"地级市","parent_entity_id":"CNUR-000008","parent_year_end_name":"保定市","province_name":"河北省","province_code":"130000","snapshot_year":2020,"panel_year":2019,"link_status":"parent_linked","former_name":"徐水县","note":"2015年撤销徐水县，设立徐水区"},"geometry":{"type":"Polygon","coordinates":[[[115.50845,39.1586],[115.51248,39.1365],[115.57469,39.11404],[115.62077,39.10858],[115.65879,39.12926],[115.70684,39.09557],[115.75945,39.09724],[115.76074,39.00903],[115.78057,38.99833],[115.72948,38.92137],[115.74627,38.88013],[115.71547,38.87984],[115.68372,38.91923],[115.58141,38.91659],[115.49906,38.93874],[115.47678,38.96511],[115.48203,38.98089],[115.45522,38.99983],[115.45959,39.01497],[115.39596,39.00881],[115.38453,39.02189],[115.39878,39.03098],[115.37121,39.0578],[115.33014,39.04831],[115.32003,39.10428],[115.36637,39.14904],[115.3872,39.15494],[115.42495,39.13357],[115.45154,39.16153],[115.50845,39.1586]]]}},{"type":"Feature","id":"CTAMAP-2020-COUNTY-2327","properties":{"map_level":"county","source_name":"宣化区","source_code":"130705","county_type":"市辖区","prefecture_name":"张家口市","prefecture_code":"130700","prefecture_type":"地级市","parent_entity_id":"CNUR-000009","parent_year_end_name":"张家口市","province_name":"河北省","province_code":"130000","snapshot_year":2020,"panel_year":2019,"link_status":"parent_linked","former_name":"","note":"2016年撤销宣化区、宣化县，设立新的宣化区"},"geometry":{"type":"Polygon","coordinates":[[[115.37218,40.77559],[115.45288,40.78544],[115.43951,40.75647],[115.48719,40.73185],[115.4915,40.68392],[115.51823,40.67235],[115.51888,40.64868],[115.48737,40.60603],[115.50485,40.59204],[115.5026,40.56395],[115.45947,40.57979],[115.43859,40.56661],[115.42397,40.60492],[115.36903,40.60567],[115.3325,40.63038],[115.21834,40.58739],[115.1457,40.5122],[115.12644,40.51551],[115.14009,40.5012],[115.17811,40.5023],[115.15342,40.45294],[115.10637,40.42392],[115.09732,40.37751],[115.06671,40.39789],[115.03702,40.37947],[115.03681,40.35691],[114.94909,40.34643],[114.9492,40.31093],[114.98186,40.3059],[114.96191,40.26696],[114.92242,40.25271],[114.96958,40.17337],[114.90796,40.15992],[114.90684,40.17633],[114.87433,40.18681],[114.81261,40.1538],[114.79505,40.16561],[114.80657,40.18963],[114.77237,40.3368],[114.69732,40.37062],[114.71209,40.39809],[114.69553,40.42458],[114.75622,40.47088],[114.74616,40.49591],[114.78099,40.49616],[114.79484,40.51103],[114.7772,40.52958],[114.78994,40.60887],[114.76675,40.64177],[114.79443,40.66831],[114.76407,40.68249],[114.7749,40.70486],[114.83171,40.67529],[114.8977,40.66992],[114.88434,40.65394],[114.92357,40.64376],[114.93633,40.64934],[114.92276,40.66654],[114.9588,40.67123],[114.96614,40.68686],[115.01006,40.66262],[115.05776,40.68336],[115.08391,40.67495],[115.08459,40.7067],[115.15976,40.74149],[115.18955,40.70591],[115.21155,40.71514],[115.25034,40.69797],[115.25934,40.71585],[115.24428,40.75131],[115.25708,40.79674],[115.27431,40.80636],[115.37218,40.77559]]]}},{"type":"Feature","id":"CTAMAP-2020-COUNTY-2359","properties":{"map_level":"county","source_name":"盐山县","source_code":"130925","county_type":"县","prefecture_name":"沧州市","prefecture_code":"130900","prefecture_type":"地级市","parent_entity_id":"CNUR-000011","parent_year_end_name":"沧州市","province_name":"河北省","province_code":"130000","snapshot_year":2020,"panel_year":2019,"link_status":"parent_linked","former_name":"","note":""},"geometry":{"type":"Polygon","coordinates":[[[117.2542,38.11589],[117.35005,38.09069],[117.3343,38.07419],[117.35022,38.07542],[117.35093,38.05826],[117.38592,38.05815],[117.39165,38.04657],[117.36607,38.03442],[117.36979,38.01853],[117.38877,38.02329],[117.39528,37.98844],[117.46463,37.97055],[117.45733,37.93231],[117.49731,37.93434],[117.43297,37.85382],[117.39769,37.84281],[117.33579,37.86231],[117.26111,37.83805],[117.08697,37.84862],[117.03053,37.83352],[117.01804,37.86359],[117.03347,37.94591],[116.99751,37.96904],[117.00689,37.98624],[117.04214,37.98723],[117.06024,37.96093],[117.12586,37.96284],[117.14604,37.94374],[117.19047,37.94271],[117.20592,37.95848],[117.1931,37.99492],[117.14565,38.05153],[117.18211,38.10777],[117.25665,38.12659],[117.2542,38.11589]]]}},{"type":"Feature","id":"CTAMAP-2020-COUNTY-2385","properties":{"map_level":"county","source_name":"阳原县","source_code":"130727","county_type":"县","prefecture_name":"张家口市","prefecture_code":"130700","prefecture_type":"地级市","parent_entity_id":"CNUR-000009","parent_year_end_name":"张家口市","province_name":"河北省","province_code":"130000","snapshot_year":2020,"panel_year":2019,"link_status":"parent_linked","former_name":"","note":""},"geometry":{"type":"Polygon","coordinates":[[[114.6977,40.37182],[114.77237,40.3368],[114.80451,40.17057],[114.77736,40.17331],[114.76598,40.19742],[114.65294,40.17984],[114.67079,40.13157],[114.65765,40.09805],[114.56942,40.09525],[114.55484,40.08457],[114.56087,40.04637],[114.48088,40.01733],[114.45672,39.98112],[114.44135,39.99631],[114.39981,39.99205],[114.3869,40.017],[114.33039,39.97737],[114.32447,39.94904],[114.23572,39.92962],[114.24068,39.95825],[114.22695,39.96497],[114.19204,39.9431],[114.208,39.93102],[114.19976,39.91008],[114.14292,39.89428],[114.06485,39.92193],[114.04241,39.91404],[114.01835,39.9884],[113.90359,40.00739],[113.96809,40.05409],[113.9733,40.11116],[114.01361,40.10104],[114.03511,40.05628],[114.08419,40.07374],[114.09442,40.10738],[114.06262,40.1857],[114.10367,40.19231],[114.14054,40.17493],[114.22477,40.19328],[114.2225,40.21168],[114.2538,40.23528],[114.27693,40.22354],[114.35164,40.24798],[114.38057,40.23801],[114.44919,40.25443],[114.48926,40.27711],[114.52565,40.34205],[114.6977,40.37182]]]}},{"type":"Feature","id":"CTAMAP-2020-COUNTY-2431","properties":{"map_level":"county","source_name":"易县","source_code":"130633","county_type":"县","prefecture_name":"保定市","prefecture_code":"130600","prefecture_type":"地级市","parent_entity_id":"CNUR-000008","parent_year_end_name":"保定市","province_name":"河北省","province_code":"130000","snapshot_year":2020,"panel_year":2019,"link_status":"parent_linked","former_name":"","note":""},"geometry":{"type":"Polygon","coordinates":[[[115.59247,39.36216],[115.63661,39.29106],[115.59032,39.28762],[115.58527,39.26375],[115.52904,39.23111],[115.53914,39.2134],[115.52455,39.15781],[115.45339,39.16206],[115.42495,39.13357],[115.3829,39.15471],[115.33062,39.12133],[115.2556,39.11923],[115.24043,39.08783],[115.25602,39.06195],[115.21336,39.04845],[115.18211,39.07334],[115.13051,39.03939],[115.1035,39.06663],[115.05418,39.04904],[115.01466,39.11129],[114.93913,39.1205],[114.88919,39.107],[114.88045,39.13179],[114.85908,39.13878],[114.89516,39.18484],[114.86659,39.19653],[114.86765,39.2203],[114.84809,39.22822],[114.8505,39.26077],[114.87628,39.26751],[114.90193,39.30986],[114.94117,39.29434],[114.98037,39.33674],[115.0249,39.35298],[115.01889,39.37519],[115.0382,39.39893],[115.02481,39.43417],[115.05576,39.43597],[115.08188,39.46795],[115.01613,39.48928],[115.01043,39.52249],[115.03289,39.54221],[115.11513,39.54185],[115.12655,39.55417],[115.11573,39.57531],[115.09134,39.58323],[115.10278,39.5977],[115.21175,39.54804],[115.23491,39.56237],[115.31673,39.54763],[115.33544,39.52799],[115.32418,39.51458],[115.35519,39.49521],[115.41325,39.51747],[115.42504,39.55117],[115.45332,39.55005],[115.47284,39.51334],[115.53668,39.50251],[115.55576,39.48501],[115.57669,39.39117],[115.61214,39.38001],[115.59247,39.36216]]]}},{"type":"Feature","id":"CTAMAP-2020-COUNTY-2446","properties":{"map_level":"county","source_name":"鹰手营子矿区","source_code":"130804","county_type":"市辖区","prefecture_name":"承德市","prefecture_code":"130800","prefecture_type":"地级市","parent_entity_id":"CNUR-000010","parent_year_end_name":"承德市","province_name":"河北省","province_code":"130000","snapshot_year":2020,"panel_year":2019,"link_status":"parent_linked","former_name":"","note":""},"geometry":{"type":"MultiPolygon","coordinates":[[[[117.67748,40.56526],[117.68057,40.55102],[117.72685,40.56179],[117.75955,40.52879],[117.75712,40.51348],[117.71101,40.51368],[117.64429,40.47436],[117.57811,40.52238],[117.6059,40.53803],[117.63466,40.53239],[117.6253,40.56646],[117.67748,40.56526]]],[[[117.846,40.62316],[117.88173,40.59184],[117.88076,40.56176],[117.79434,40.53658],[117.76058,40.60067],[117.8208,40.59747],[117.846,40.62316]]]]}},{"type":"Feature","id":"CTAMAP-2020-COUNTY-2470","properties":{"map_level":"county","source_name":"永年区","source_code":"130408","county_type":"市辖区","prefecture_name":"邯郸市","prefecture_code":"130400","prefecture_type":"地级市","parent_entity_id":"CNUR-000006","parent_year_end_name":"邯郸市","province_name":"河北省","province_code":"130000","snapshot_year":2020,"panel_year":2019,"link_status":"parent_linked","former_name":"永年县","note":"2016年撤销永年县，设立永年区"},"geometry":{"type":"Polygon","coordinates":[[[114.75878,36.92715],[114.76233,36.88972],[114.70709,36.87433],[114.7438,36.86051],[114.76778,36.79457],[114.82128,36.79352],[114.8706,36.77137],[114.85195,36.71043],[114.86156,36.69302],[114.84031,36.66649],[114.80679,36.66251],[114.80388,36.69167],[114.7859,36.70089],[114.73076,36.66284],[114.69513,36.71067],[114.63548,36.69999],[114.54626,36.72698],[114.49899,36.70821],[114.44447,36.72111],[114.44071,36.70679],[114.38519,36.71179],[114.35686,36.69856],[114.33278,36.71173],[114.37472,36.75703],[114.35659,36.78582],[114.37401,36.80883],[114.35977,36.85767],[114.3725,36.8597],[114.37946,36.8388],[114.45625,36.84719],[114.47778,36.83176],[114.54602,36.83315],[114.55327,36.88859],[114.64643,36.89953],[114.66535,36.91718],[114.70137,36.91771],[114.72501,36.94262],[114.75878,36.92715]]]}},{"type":"Feature","id":"CTAMAP-2020-COUNTY-2473","properties":{"map_level":"county","source_name":"永清县","source_code":"131023","county_type":"县","prefecture_name":"廊坊市","prefecture_code":"131000","prefecture_type":"地级市","parent_entity_id":"CNUR-000012","parent_year_end_name":"廊坊市","province_name":"河北省","province_code":"130000","snapshot_year":2020,"panel_year":2019,"link_status":"parent_linked","former_name":"","note":""},"geometry":{"type":"Polygon","coordinates":[[[116.5961,39.45835],[116.67671,39.38998],[116.67101,39.34199],[116.68427,39.33269],[116.68966,39.27058],[116.67529,39.26275],[116.68806,39.23383],[116.74584,39.21541],[116.73838,39.18772],[116.68886,39.18978],[116.6795,39.16566],[116.5972,39.1632],[116.59562,39.12934],[116.58049,39.12599],[116.52407,39.139],[116.47387,39.19801],[116.43877,39.18824],[116.37735,39.21382],[116.37237,39.24827],[116.39298,39.30222],[116.37323,39.32327],[116.47209,39.39376],[116.46712,39.41624],[116.45117,39.41373],[116.45663,39.45193],[116.54041,39.47785],[116.5961,39.45835]]]}},{"type":"Feature","id":"CTAMAP-2020-COUNTY-2526","properties":{"map_level":"county","source_name":"玉田县","source_code":"130229","county_type":"县","prefecture_name":"唐山市","prefecture_code":"130200","prefecture_type":"地级市","parent_entity_id":"CNUR-000004","parent_year_end_name":"唐山市","province_name":"河北省","province_code":"130000","snapshot_year":2020,"panel_year":2019,"link_status":"parent_linked","former_name":"","note":""},"geometry":{"type":"Polygon","coordinates":[[[117.7755,39.96507],[117.80832,39.98801],[117.83608,39.97409],[117.85868,39.98457],[117.90294,39.95746],[117.91949,39.93785],[117.90489,39.91548],[117.92161,39.90653],[117.91819,39.8358],[117.9522,39.8072],[117.91664,39.80949],[117.92475,39.79822],[117.90982,39.77327],[117.87202,39.76866],[117.88822,39.75172],[117.88327,39.71299],[117.85027,39.69458],[117.85849,39.67079],[117.79356,39.6513],[117.75983,39.61723],[117.76136,39.59779],[117.74313,39.58904],[117.74035,39.59118],[117.73959,39.59086],[117.73895,39.54692],[117.70982,39.52885],[117.67911,39.5642],[117.69998,39.57509],[117.67105,39.58942],[117.64716,39.57428],[117.63084,39.60272],[117.61499,39.59121],[117.61339,39.60511],[117.6579,39.63649],[117.66283,39.66553],[117.63817,39.70104],[117.57221,39.72193],[117.59018,39.74477],[117.53313,39.75998],[117.5553,39.80153],[117.49823,39.91442],[117.51559,39.91943],[117.5044,39.93906],[117.5412,39.97591],[117.5313,39.99626],[117.58554,39.99565],[117.6256,39.96768],[117.66969,39.96731],[117.6985,39.9849],[117.7755,39.96507]]]}},{"type":"Feature","id":"CTAMAP-2020-COUNTY-2530","properties":{"map_level":"county","source_name":"裕华区","source_code":"130108","county_type":"市辖区","prefecture_name":"石家庄市","prefecture_code":"130100","prefecture_type":"地级市","parent_entity_id":"CNUR-000003","parent_year_end_name":"石家庄市","province_name":"河北省","province_code":"130000","snapshot_year":2020,"panel_year":2019,"link_status":"parent_linked","former_name":"郊区","note":"2001年撤销郊区，设立裕华区"},"geometry":{"type":"Polygon","coordinates":[[[114.58536,38.05809],[114.67644,38.03021],[114.6483,38.00949],[114.66808,37.96844],[114.61948,37.99722],[114.58592,37.96777],[114.48435,37.97329],[114.50589,38.03495],[114.57967,38.03649],[114.58536,38.05809]]]}},{"type":"Feature","id":"CTAMAP-2020-COUNTY-2535","properties":{"map_level":"county","source_name":"元氏县","source_code":"130132","county_type":"县","prefecture_name":"石家庄市","prefecture_code":"130100","prefecture_type":"地级市","parent_entity_id":"CNUR-000003","parent_year_end_name":"石家庄市","province_name":"河北省","province_code":"130000","snapshot_year":2020,"panel_year":2019,"link_status":"parent_linked","former_name":"","note":""},"geometry":{"type":"Polygon","coordinates":[[[114.4826,37.92339],[114.48383,37.88858],[114.52619,37.89002],[114.52354,37.87235],[114.54749,37.86694],[114.53219,37.83358],[114.57867,37.81409],[114.61199,37.82899],[114.61759,37.82321],[114.63455,37.76958],[114.60665,37.77379],[114.60401,37.75708],[114.64291,37.71733],[114.63719,37.69471],[114.53268,37.66723],[114.49385,37.6825],[114.49236,37.69927],[114.46698,37.70877],[114.44339,37.69672],[114.41767,37.72314],[114.39759,37.72072],[114.38967,37.75702],[114.36736,37.73983],[114.2802,37.75839],[114.25274,37.73615],[114.19953,37.75781],[114.20678,37.81912],[114.16819,37.83312],[114.18039,37.85303],[114.23071,37.85167],[114.2217,37.88323],[114.23364,37.91891],[114.26092,37.92261],[114.26512,37.89691],[114.28455,37.89243],[114.30441,37.90575],[114.39117,37.8857],[114.43673,37.91975],[114.4826,37.92339]]]}},{"type":"Feature","id":"CTAMAP-2020-COUNTY-2572","properties":{"map_level":"county","source_name":"运河区","source_code":"130903","county_type":"市辖区","prefecture_name":"沧州市","prefecture_code":"130900","prefecture_type":"地级市","parent_entity_id":"CNUR-000011","parent_year_end_name":"沧州市","province_name":"河北省","province_code":"130000","snapshot_year":2020,"panel_year":2019,"link_status":"parent_linked","former_name":"","note":""},"geometry":{"type":"Polygon","coordinates":[[[116.88322,38.40441],[116.8754,38.35952],[116.8611,38.36013],[116.87054,38.34447],[116.84922,38.25256],[116.81754,38.25413],[116.78781,38.21858],[116.76614,38.21897],[116.78894,38.27354],[116.76258,38.27654],[116.77941,38.29258],[116.76825,38.30501],[116.78307,38.34006],[116.85226,38.41279],[116.88322,38.40441]]]}},{"type":"Feature","id":"CTAMAP-2020-COUNTY-2575","properties":{"map_level":"county","source_name":"赞皇县","source_code":"130129","county_type":"县","prefecture_name":"石家庄市","prefecture_code":"130100","prefecture_type":"地级市","parent_entity_id":"CNUR-000003","parent_year_end_name":"石家庄市","province_name":"河北省","province_code":"130000","snapshot_year":2020,"panel_year":2019,"link_status":"parent_linked","former_name":"","note":""},"geometry":{"type":"Polygon","coordinates":[[[114.19516,37.76933],[114.25274,37.73615],[114.2802,37.75839],[114.36736,37.73983],[114.38967,37.75702],[114.39759,37.72072],[114.41767,37.72314],[114.44339,37.69672],[114.46698,37.70877],[114.4924,37.69923],[114.49385,37.6825],[114.51736,37.67111],[114.51716,37.64221],[114.49906,37.64059],[114.50061,37.6221],[114.4561,37.58464],[114.4566,37.56851],[114.36641,37.52885],[114.36375,37.51274],[114.29482,37.50738],[114.27998,37.49214],[114.1463,37.53447],[114.16027,37.52556],[114.14995,37.5045],[114.11899,37.48055],[114.09458,37.49515],[114.0634,37.44134],[114.0297,37.44178],[114.02683,37.47969],[114.12204,37.60083],[114.10216,37.6167],[114.13249,37.64596],[114.12588,37.69373],[114.14459,37.73095],[114.19516,37.76933]]]}},{"type":"Feature","id":"CTAMAP-2020-COUNTY-2576","properties":{"map_level":"county","source_name":"枣强县","source_code":"131121","county_type":"县","prefecture_name":"衡水市","prefecture_code":"131100","prefecture_type":"地级市","parent_entity_id":"CNUR-000013","parent_year_end_name":"衡水市","province_name":"河北省","province_code":"130000","snapshot_year":2020,"panel_year":2019,"link_status":"parent_linked","former_name":"","note":""},"geometry":{"type":"Polygon","coordinates":[[[115.97111,37.63905],[115.90608,37.59084],[115.92147,37.49136],[115.89289,37.49325],[115.87662,37.41489],[115.78506,37.3468],[115.77433,37.2934],[115.78446,37.26627],[115.75406,37.21853],[115.72396,37.22155],[115.70952,37.25804],[115.66332,37.25493],[115.6641,37.28069],[115.61934,37.27331],[115.62394,37.29987],[115.58209,37.30711],[115.64271,37.354],[115.60988,37.37499],[115.57424,37.36793],[115.57358,37.42344],[115.55084,37.44922],[115.59541,37.49413],[115.63544,37.49359],[115.61979,37.52827],[115.68028,37.57335],[115.67465,37.59443],[115.741,37.62546],[115.81824,37.6292],[115.8137,37.65541],[115.90859,37.62602],[115.97111,37.63905]]]}},{"type":"Feature","id":"CTAMAP-2020-COUNTY-2593","properties":{"map_level":"county","source_name":"张北县","source_code":"130722","county_type":"县","prefecture_name":"张家口市","prefecture_code":"130700","prefecture_type":"地级市","parent_entity_id":"CNUR-000009","parent_year_end_name":"张家口市","province_name":"河北省","province_code":"130000","snapshot_year":2020,"panel_year":2019,"link_status":"parent_linked","former_name":"","note":""},"geometry":{"type":"Polygon","coordinates":[[[114.83973,41.51588],[114.87524,41.51615],[114.87749,41.49316],[114.92347,41.49947],[114.94064,41.48588],[114.96945,41.49528],[114.93223,41.50729],[114.92786,41.52643],[114.95201,41.52991],[114.96998,41.50997],[114.9912,41.52669],[115.03444,41.52805],[115.15164,41.5001],[115.18692,41.51477],[115.26961,41.48637],[115.32037,41.42473],[115.38418,41.4089],[115.43753,41.35892],[115.45838,41.3143],[115.44442,41.28578],[115.4529,41.27016],[115.43856,41.24422],[115.40863,41.23269],[115.37941,41.24405],[115.34427,41.2231],[115.32069,41.2537],[115.225,41.24687],[115.18926,41.23013],[115.13116,41.26294],[115.11516,41.2447],[115.06788,41.24825],[115.02573,41.20681],[115.06471,41.18527],[115.03294,41.1416],[114.99537,41.13013],[114.94151,41.03728],[114.91134,41.05011],[114.79218,41.02651],[114.79727,40.99472],[114.83613,40.97827],[114.83127,40.967],[114.80041,40.96338],[114.79854,40.98145],[114.76454,41.00627],[114.66565,41.02037],[114.58398,40.99361],[114.52703,40.99715],[114.47802,40.95383],[114.44147,40.9496],[114.39225,40.99851],[114.35867,40.99944],[114.3426,41.08496],[114.36585,41.08263],[114.34814,41.11838],[114.36857,41.13935],[114.30599,41.17562],[114.27334,41.22727],[114.27226,41.24651],[114.30851,41.29326],[114.30041,41.32246],[114.21953,41.38404],[114.22073,41.4208],[114.2045,41.43137],[114.21741,41.44402],[114.1761,41.45497],[114.19819,41.46871],[114.18879,41.49151],[114.20722,41.50952],[114.24727,41.50941],[114.24834,41.52855],[114.31881,41.53655],[114.36184,41.5739],[114.47334,41.48579],[114.52097,41.42322],[114.66628,41.46968],[114.7315,41.46252],[114.81494,41.47878],[114.83973,41.51588]]]}},{"type":"Feature","id":"CTAMAP-2020-COUNTY-2634","properties":{"map_level":"county","source_name":"赵县","source_code":"130133","county_type":"县","prefecture_name":"石家庄市","prefecture_code":"130100","prefecture_type":"地级市","parent_entity_id":"CNUR-000003","parent_year_end_name":"石家庄市","province_name":"河北省","province_code":"130000","snapshot_year":2020,"panel_year":2019,"link_status":"parent_linked","former_name":"","note":""},"geometry":{"type":"Polygon","coordinates":[[[114.97996,37.87912],[114.99673,37.87609],[115.02714,37.80293],[115.06626,37.78522],[115.06076,37.74247],[115.03521,37.73571],[115.00136,37.75369],[114.99837,37.73557],[114.97789,37.74128],[114.95481,37.71956],[114.89795,37.72605],[114.84221,37.69621],[114.79134,37.62734],[114.76138,37.61912],[114.69391,37.63334],[114.70293,37.6522],[114.68523,37.63626],[114.63041,37.67547],[114.64291,37.71733],[114.60343,37.76125],[114.60665,37.77379],[114.63455,37.76958],[114.62686,37.80168],[114.65969,37.79327],[114.76066,37.8357],[114.74563,37.85814],[114.79371,37.88868],[114.81867,37.87164],[114.8416,37.88282],[114.88969,37.87054],[114.9001,37.85341],[114.9781,37.85779],[114.97996,37.87912]]]}},{"type":"Feature","id":"CTAMAP-2020-COUNTY-2658","properties":{"map_level":"county","source_name":"正定县","source_code":"130123","county_type":"县","prefecture_name":"石家庄市","prefecture_code":"130100","prefecture_type":"地级市","parent_entity_id":"CNUR-000003","parent_year_end_name":"石家庄市","province_name":"河北省","province_code":"130000","snapshot_year":2020,"panel_year":2019,"link_status":"parent_linked","former_name":"","note":""},"geometry":{"type":"MultiPolygon","coordinates":[[[[114.69812,38.29852],[114.69811,38.28247],[114.72273,38.27887],[114.68014,38.22868],[114.65738,38.10253],[114.49523,38.12877],[114.42787,38.17613],[114.3859,38.24603],[114.43354,38.25204],[114.45422,38.29058],[114.44593,38.32509],[114.48,38.35478],[114.53846,38.34437],[114.52501,38.31761],[114.54071,38.3026],[114.56583,38.30797],[114.59286,38.27108],[114.63232,38.28102],[114.64102,38.32046],[114.6793,38.2931],[114.69812,38.29852]]],[[[114.56006,38.34018],[114.57556,38.3082],[114.55812,38.31293],[114.56006,38.34018]]]]}},{"type":"Feature","id":"CTAMAP-2020-COUNTY-2697","properties":{"map_level":"county","source_name":"涿鹿县","source_code":"130731","county_type":"县","prefecture_name":"张家口市","prefecture_code":"130700","prefecture_type":"地级市","parent_entity_id":"CNUR-000009","parent_year_end_name":"张家口市","province_name":"河北省","province_code":"130000","snapshot_year":2020,"panel_year":2019,"link_status":"parent_linked","former_name":"","note":""},"geometry":{"type":"Polygon","coordinates":[[[115.28443,40.44956],[115.32521,40.39374],[115.43258,40.35889],[115.41851,40.35019],[115.42326,40.33428],[115.49216,40.33502],[115.43967,40.25423],[115.47266,40.20931],[115.46424,40.18564],[115.49938,40.1114],[115.50402,40.06139],[115.43563,40.00951],[115.44223,39.99688],[115.38848,39.90191],[115.39495,39.88764],[115.35694,39.88474],[115.32253,39.80465],[115.3362,39.78919],[115.30662,39.7823],[115.27719,39.74416],[115.23825,39.73467],[115.20999,39.70709],[115.17503,39.7019],[115.16318,39.67169],[115.09287,39.70448],[115.04535,39.70734],[115.02121,39.68658],[114.99026,39.73206],[115.01068,39.75464],[114.99189,39.75967],[115.01954,39.76926],[115.02748,39.7983],[115.01067,39.81024],[115.00432,39.85605],[115.0312,39.87422],[115.01955,39.90935],[115.064,39.95207],[115.00571,40.08268],[115.01162,40.13883],[114.97038,40.16048],[114.95838,40.21161],[114.92242,40.25271],[114.96191,40.26696],[114.98186,40.3059],[114.94941,40.3107],[114.94541,40.33895],[114.96131,40.35699],[115.03681,40.35691],[115.03702,40.37947],[115.06671,40.39789],[115.09708,40.37732],[115.12591,40.44729],[115.19102,40.48834],[115.21681,40.48971],[115.2008,40.47112],[115.23369,40.43912],[115.28443,40.44956]]]}},{"type":"Feature","id":"CTAMAP-2020-COUNTY-2698","properties":{"map_level":"county","source_name":"涿州市","source_code":"130681","county_type":"县级市","prefecture_name":"保定市","prefecture_code":"130600","prefecture_type":"地级市","parent_entity_id":"CNUR-000008","parent_year_end_name":"保定市","province_name":"河北省","province_code":"130000","snapshot_year":2020,"panel_year":2019,"link_status":"parent_linked","former_name":"","note":""},"geometry":{"type":"Polygon","coordinates":[[[116.17851,39.58965],[116.24004,39.55625],[116.24013,39.51643],[116.21654,39.50143],[116.20095,39.50986],[116.14506,39.4697],[116.09833,39.34673],[116.04454,39.37373],[116.02545,39.34882],[115.98957,39.36721],[115.87448,39.38177],[115.86399,39.37038],[115.83343,39.38637],[115.79056,39.37585],[115.80455,39.38865],[115.79337,39.41454],[115.73719,39.46594],[115.75136,39.4909],[115.77032,39.48984],[115.76124,39.51473],[115.82264,39.50599],[115.82265,39.54024],[115.84952,39.55396],[115.87705,39.54713],[115.88454,39.56762],[115.90198,39.5659],[115.90445,39.59972],[115.95162,39.55989],[115.97217,39.57175],[115.9721,39.59315],[115.98916,39.57593],[116.02008,39.58618],[116.0292,39.57037],[116.09511,39.57865],[116.13046,39.56718],[116.17851,39.58965]]]}},{"type":"Feature","id":"CTAMAP-2020-COUNTY-2717","properties":{"map_level":"county","source_name":"遵化市","source_code":"130281","county_type":"县级市","prefecture_name":"唐山市","prefecture_code":"130200","prefecture_type":"地级市","parent_entity_id":"CNUR-000004","parent_year_end_name":"唐山市","province_name":"河北省","province_code":"130000","snapshot_year":2020,"panel_year":2019,"link_status":"parent_linked","former_name":"","note":""},"geometry":{"type":"Polygon","coordinates":[[[118.08364,40.36107],[118.14987,40.32046],[118.12982,40.30065],[118.15978,40.27245],[118.15006,40.24079],[118.19203,40.21128],[118.18793,40.1838],[118.16087,40.17217],[118.22549,40.10975],[118.20787,40.0969],[118.22043,40.05959],[118.14525,40.00994],[118.12398,39.96874],[118.10589,39.9803],[118.07185,39.95952],[118.04784,39.9716],[118.04458,39.94091],[118.01604,39.92719],[117.93375,39.91427],[117.90294,39.95746],[117.85868,39.98457],[117.83608,39.97409],[117.80751,39.98803],[117.77562,39.96496],[117.78564,40.01434],[117.73676,40.0165],[117.7417,40.04643],[117.76965,40.05793],[117.7012,40.09286],[117.67153,40.08094],[117.66196,40.09873],[117.64319,40.09005],[117.64393,40.12703],[117.57014,40.1775],[117.57145,40.19291],[117.65901,40.21627],[117.65658,40.23935],[117.66741,40.22581],[117.7267,40.2391],[117.74412,40.22659],[117.82494,40.26743],[117.89411,40.26745],[117.9043,40.28564],[117.97306,40.29897],[117.99772,40.29176],[118.05835,40.31859],[118.08364,40.36107]]]}},{"type":"Feature","id":"CTAMAP-2020-COUNTY-2750","properties":{"map_level":"county","source_name":"桥西区","source_code":"130503","county_type":"市辖区","prefecture_name":"邢台市","prefecture_code":"130500","prefecture_type":"地级市","parent_entity_id":"CNUR-000007","parent_year_end_name":"邢台市","province_name":"河北省","province_code":"130000","snapshot_year":2020,"panel_year":2019,"link_status":"parent_linked","former_name":"","note":""},"geometry":{"type":"Polygon","coordinates":[[[114.49293,37.09665],[114.48167,37.04751],[114.50298,36.95688],[114.44858,36.95707],[114.44622,36.93968],[114.41352,36.94859],[114.38955,36.96735],[114.40416,36.98076],[114.39519,36.99853],[114.42885,37.03073],[114.40796,37.0681],[114.43219,37.0836],[114.39244,37.11609],[114.47801,37.12303],[114.49293,37.09665]]]}},{"type":"Feature","id":"CTAMAP-2020-COUNTY-2751","properties":{"map_level":"county","source_name":"桥西区","source_code":"130703","county_type":"市辖区","prefecture_name":"张家口市","prefecture_code":"130700","prefecture_type":"地级市","parent_entity_id":"CNUR-000009","parent_year_end_name":"张家口市","province_name":"河北省","province_code":"130000","snapshot_year":2020,"panel_year":2019,"link_status":"parent_linked","former_name":"","note":""},"geometry":{"type":"Polygon","coordinates":[[[114.80665,40.96176],[114.83651,40.91494],[114.86989,40.90741],[114.87505,40.88368],[114.92761,40.85299],[114.9242,40.83197],[114.89137,40.84497],[114.84284,40.73394],[114.90923,40.72096],[114.96614,40.68686],[114.9588,40.67123],[114.92276,40.66654],[114.93568,40.64767],[114.88434,40.65394],[114.8977,40.66992],[114.83171,40.67529],[114.78833,40.70092],[114.80031,40.71582],[114.79048,40.74149],[114.82449,40.76103],[114.81479,40.77773],[114.83555,40.8013],[114.7826,40.89167],[114.78495,40.94887],[114.80665,40.96176]]]}},{"type":"Feature","id":"CTAMAP-2020-COUNTY-2752","properties":{"map_level":"county","source_name":"桥西区","source_code":"130104","county_type":"市辖区","prefecture_name":"石家庄市","prefecture_code":"130100","prefecture_type":"地级市","parent_entity_id":"CNUR-000003","parent_year_end_name":"石家庄市","province_name":"河北省","province_code":"130000","snapshot_year":2020,"panel_year":2019,"link_status":"parent_linked","former_name":"","note":""},"geometry":{"type":"Polygon","coordinates":[[[114.36812,38.07229],[114.50579,38.04248],[114.50629,38.02019],[114.48613,38.00134],[114.49113,37.97618],[114.46254,37.97162],[114.45415,37.98997],[114.42258,37.99427],[114.42164,38.01068],[114.39147,38.02224],[114.36812,38.07229]]]}},{"type":"Feature","id":"CTAMAP-2020-COUNTY-2778","properties":{"map_level":"county","source_name":"新华区","source_code":"130105","county_type":"市辖区","prefecture_name":"石家庄市","prefecture_code":"130100","prefecture_type":"地级市","parent_entity_id":"CNUR-000003","parent_year_end_name":"石家庄市","province_name":"河北省","province_code":"130000","snapshot_year":2020,"panel_year":2019,"link_status":"parent_linked","former_name":"","note":""},"geometry":{"type":"Polygon","coordinates":[[[114.49523,38.12877],[114.47699,38.11458],[114.4953,38.08093],[114.48532,38.04269],[114.36812,38.07229],[114.37323,38.10525],[114.41287,38.11182],[114.40369,38.12858],[114.43944,38.16735],[114.49523,38.12877]]]}},{"type":"Feature","id":"CTAMAP-2020-COUNTY-2779","properties":{"map_level":"county","source_name":"新华区","source_code":"130902","county_type":"市辖区","prefecture_name":"沧州市","prefecture_code":"130900","prefecture_type":"地级市","parent_entity_id":"CNUR-000011","parent_year_end_name":"沧州市","province_name":"河北省","province_code":"130000","snapshot_year":2020,"panel_year":2019,"link_status":"parent_linked","former_name":"","note":""},"geometry":{"type":"Polygon","coordinates":[[[116.85515,38.27404],[116.86826,38.35138],[116.89101,38.36694],[116.95502,38.3408],[116.94196,38.28306],[116.90193,38.26876],[116.9096,38.25419],[116.87826,38.24857],[116.874,38.27337],[116.85515,38.27404]]]}},{"type":"Feature","id":"CTAMAP-2020-COUNTY-2791","properties":{"map_level":"county","source_name":"长安区","source_code":"130102","county_type":"市辖区","prefecture_name":"石家庄市","prefecture_code":"130100","prefecture_type":"地级市","parent_entity_id":"CNUR-000003","parent_year_end_name":"石家庄市","province_name":"河北省","province_code":"130000","snapshot_year":2020,"panel_year":2019,"link_status":"parent_linked","former_name":"","note":""},"geometry":{"type":"Polygon","coordinates":[[[114.65837,38.11298],[114.70146,38.09092],[114.67129,38.04061],[114.58536,38.05809],[114.57967,38.03649],[114.48532,38.04269],[114.4953,38.08093],[114.47699,38.11458],[114.49523,38.12877],[114.60002,38.10782],[114.65738,38.10253],[114.65837,38.11298]]]}},{"type":"Feature","id":"CTAMAP-2020-COUNTY-2803","properties":{"map_level":"county","source_name":"桥东区","source_code":"130502","county_type":"市辖区","prefecture_name":"邢台市","prefecture_code":"130500","prefecture_type":"地级市","parent_entity_id":"CNUR-000007","parent_year_end_name":"邢台市","province_name":"河北省","province_code":"130000","snapshot_year":2020,"panel_year":2019,"link_status":"parent_linked","former_name":"","note":""},"geometry":{"type":"Polygon","coordinates":[[[114.61398,37.03094],[114.58543,36.98547],[114.60957,36.99671],[114.62562,36.98736],[114.6002,36.95716],[114.62664,36.96553],[114.63886,36.95043],[114.6292,36.93701],[114.59009,36.93686],[114.56383,36.90129],[114.53543,36.91669],[114.49135,36.91428],[114.49084,36.93333],[114.46327,36.94231],[114.50298,36.95688],[114.48167,37.04751],[114.49443,37.10265],[114.53749,37.0887],[114.54694,37.06972],[114.51711,37.03902],[114.52089,37.02498],[114.61398,37.03094]]]}},{"type":"Feature","id":"CTAMAP-2020-COUNTY-2804","properties":{"map_level":"county","source_name":"桥东区","source_code":"130702","county_type":"市辖区","prefecture_name":"张家口市","prefecture_code":"130700","prefecture_type":"地级市","parent_entity_id":"CNUR-000009","parent_year_end_name":"张家口市","province_name":"河北省","province_code":"130000","snapshot_year":2020,"panel_year":2019,"link_status":"parent_linked","former_name":"","note":""},"geometry":{"type":"Polygon","coordinates":[[[114.89137,40.84497],[114.96898,40.81321],[115.00504,40.82374],[115.04361,40.80958],[115.1045,40.83121],[115.15958,40.79613],[115.25708,40.79674],[115.24425,40.75095],[115.2564,40.703],[115.21155,40.71514],[115.18955,40.70591],[115.15976,40.74149],[115.08459,40.7067],[115.08391,40.67495],[115.05776,40.68336],[115.01006,40.66262],[114.90923,40.72096],[114.84284,40.73394],[114.89137,40.84497]]]}}]}