{"type":"FeatureCollection","features":[{"type":"Feature","id":"CTAMAP-2020-COUNTY-0029","properties":{"map_level":"county","source_name":"安陆市","source_code":"420982","county_type":"县级市","prefecture_name":"孝感市","prefecture_code":"420900","prefecture_type":"地级市","parent_entity_id":"CNUR-000176","parent_year_end_name":"孝感市","province_name":"湖北省","province_code":"420000","snapshot_year":2020,"panel_year":2019,"link_status":"parent_linked","former_name":"","note":""},"geometry":{"type":"Polygon","coordinates":[[[113.92843,31.39991],[113.91423,31.36914],[113.90274,31.38345],[113.87292,31.37969],[113.85768,31.34213],[113.85766,31.32346],[113.8669,31.3112],[113.86109,31.29675],[113.85227,31.29418],[113.84657,31.27444],[113.81352,31.26183],[113.83239,31.24602],[113.81855,31.22466],[113.83208,31.1985],[113.81367,31.19293],[113.82412,31.17928],[113.81048,31.17666],[113.77923,31.19649],[113.75253,31.1943],[113.75027,31.20213],[113.71849,31.21039],[113.71537,31.18352],[113.69572,31.17434],[113.69364,31.16272],[113.67135,31.15704],[113.66389,31.12469],[113.67778,31.11201],[113.64709,31.09797],[113.63909,31.08723],[113.64928,31.08256],[113.64365,31.06587],[113.62957,31.05559],[113.6139,31.07827],[113.5991,31.08515],[113.60646,31.09064],[113.59925,31.09988],[113.61483,31.09651],[113.60379,31.12166],[113.5922,31.12876],[113.58219,31.11711],[113.58005,31.12557],[113.56453,31.13136],[113.56979,31.13663],[113.55799,31.13846],[113.55887,31.14666],[113.54483,31.14509],[113.528,31.12221],[113.50512,31.11539],[113.51131,31.10182],[113.497,31.10639],[113.47056,31.13148],[113.488,31.15726],[113.47802,31.1716],[113.48271,31.21246],[113.47746,31.2316],[113.46816,31.23532],[113.45894,31.22615],[113.43258,31.24099],[113.43449,31.25383],[113.42398,31.25756],[113.41951,31.27989],[113.40012,31.29327],[113.37984,31.29362],[113.36922,31.27699],[113.35416,31.30956],[113.34449,31.30638],[113.3354,31.3187],[113.32401,31.32027],[113.32576,31.32687],[113.31022,31.34159],[113.32305,31.36626],[113.32834,31.35673],[113.33424,31.36337],[113.3325,31.39874],[113.32421,31.40955],[113.34182,31.42572],[113.35746,31.42519],[113.385,31.40537],[113.39345,31.42076],[113.42487,31.41881],[113.46697,31.43418],[113.51576,31.39348],[113.53444,31.39097],[113.53928,31.40055],[113.55163,31.39913],[113.55481,31.408],[113.56765,31.40775],[113.57824,31.42274],[113.58912,31.42304],[113.62776,31.38875],[113.65447,31.40982],[113.66292,31.40852],[113.66489,31.42014],[113.68983,31.43069],[113.71691,31.47207],[113.74515,31.45535],[113.78582,31.4478],[113.79391,31.42918],[113.80518,31.44382],[113.82622,31.42731],[113.83415,31.4474],[113.85649,31.45506],[113.87784,31.41138],[113.88715,31.41144],[113.88813,31.42957],[113.8978,31.42909],[113.90708,31.44094],[113.92437,31.41636],[113.94708,31.41256],[113.94607,31.40316],[113.92843,31.39991]]]}},{"type":"Feature","id":"CTAMAP-2020-COUNTY-0054","properties":{"map_level":"county","source_name":"巴东县","source_code":"422823","county_type":"县","prefecture_name":"恩施土家族苗族自治州","prefecture_code":"422800","prefecture_type":"自治州","parent_entity_id":"CNUR-000181","parent_year_end_name":"恩施土家族苗族自治州","province_name":"湖北省","province_code":"420000","snapshot_year":2020,"panel_year":2019,"link_status":"parent_linked","former_name":"","note":""},"geometry":{"type":"Polygon","coordinates":[[[110.44291,31.32998],[110.4389,31.32006],[110.42195,31.3142],[110.432,31.28],[110.44523,31.26342],[110.49895,31.25321],[110.47775,31.23448],[110.48479,31.21222],[110.46932,31.20586],[110.47069,31.18868],[110.49297,31.18706],[110.49516,31.16233],[110.53569,31.1337],[110.5123,31.11094],[110.50881,31.08829],[110.47181,31.08646],[110.46336,31.07837],[110.46428,31.04929],[110.48501,31.04017],[110.4409,31.02463],[110.43133,30.97723],[110.44025,30.97671],[110.44707,30.96256],[110.41954,30.91453],[110.43798,30.88384],[110.41781,30.87281],[110.40831,30.87945],[110.39655,30.87466],[110.35785,30.84672],[110.34605,30.82813],[110.32481,30.82914],[110.33397,30.80644],[110.3117,30.76535],[110.31882,30.75672],[110.35321,30.75966],[110.38545,30.78718],[110.42497,30.78092],[110.43582,30.74286],[110.45681,30.73256],[110.45898,30.71755],[110.44426,30.67404],[110.46262,30.65661],[110.44428,30.65067],[110.44235,30.63015],[110.42709,30.61895],[110.46398,30.58999],[110.45993,30.56578],[110.48013,30.56784],[110.48404,30.55663],[110.46558,30.55263],[110.46112,30.52408],[110.44766,30.52214],[110.43528,30.49169],[110.41923,30.4841],[110.39426,30.49248],[110.40608,30.48051],[110.38206,30.47076],[110.36746,30.47704],[110.36214,30.47032],[110.37361,30.44782],[110.36181,30.40795],[110.37335,30.39915],[110.34417,30.35582],[110.36274,30.33563],[110.354,30.33271],[110.34858,30.31627],[110.36672,30.31267],[110.36818,30.30563],[110.33572,30.25697],[110.34067,30.24571],[110.33072,30.24021],[110.31051,30.25044],[110.27554,30.24354],[110.26203,30.25282],[110.25079,30.23683],[110.23948,30.24201],[110.18852,30.22893],[110.18397,30.23556],[110.19148,30.27037],[110.17693,30.27231],[110.18078,30.28168],[110.16655,30.274],[110.1747,30.28335],[110.17561,30.30669],[110.16378,30.32038],[110.15554,30.30417],[110.11258,30.27372],[110.09899,30.287],[110.11216,30.31787],[110.10446,30.32775],[110.11555,30.34905],[110.10326,30.35944],[110.10695,30.37931],[110.12147,30.39974],[110.11937,30.4231],[110.12905,30.43633],[110.11984,30.46432],[110.13625,30.48463],[110.11224,30.50961],[110.12082,30.52589],[110.12166,30.56923],[110.08997,30.62789],[110.09615,30.6425],[110.0827,30.65227],[110.11215,30.68151],[110.12223,30.68034],[110.15391,30.7429],[110.17183,30.74347],[110.17469,30.76203],[110.20795,30.78367],[110.21663,30.82131],[110.19724,30.8316],[110.175,30.82476],[110.15303,30.84572],[110.11873,30.83602],[110.10888,30.846],[110.14673,30.91392],[110.13984,30.92845],[110.14816,30.95519],[110.16797,30.98177],[110.15848,30.99384],[110.13119,30.9878],[110.13552,31.0327],[110.11501,31.03413],[110.12852,31.06535],[110.11522,31.08275],[110.1287,31.10668],[110.14147,31.11009],[110.14128,31.11866],[110.17652,31.12467],[110.18238,31.14813],[110.19564,31.16036],[110.17512,31.17976],[110.16677,31.24931],[110.15325,31.25804],[110.14957,31.28033],[110.15873,31.30542],[110.17213,31.29626],[110.18173,31.30201],[110.21087,31.29813],[110.23365,31.32917],[110.25767,31.34194],[110.25832,31.35931],[110.29275,31.36737],[110.31359,31.38321],[110.31315,31.39217],[110.33506,31.39986],[110.34627,31.39047],[110.37154,31.39038],[110.38317,31.37758],[110.43168,31.36007],[110.44291,31.32998]]]}},{"type":"Feature","id":"CTAMAP-2020-COUNTY-0093","properties":{"map_level":"county","source_name":"保康县","source_code":"420626","county_type":"县","prefecture_name":"襄阳市","prefecture_code":"420600","prefecture_type":"地级市","parent_entity_id":"CNUR-000173","parent_year_end_name":"襄阳市","province_name":"湖北省","province_code":"420000","snapshot_year":2020,"panel_year":2019,"link_status":"parent_linked","former_name":"","note":""},"geometry":{"type":"MultiPolygon","coordinates":[[[[111.13823,32.04886],[111.12289,32.04041],[111.10727,32.0517],[111.07856,32.00315],[111.11092,32.01597],[111.11668,32.03067],[111.14445,32.03789],[111.15628,32.03367],[111.16077,32.01261],[111.21815,32.01517],[111.24341,32.02742],[111.25285,32.02021],[111.29373,32.01816],[111.30373,32.00874],[111.29865,31.9895],[111.32012,31.9732],[111.33318,31.93591],[111.37042,31.91688],[111.39024,31.91905],[111.39812,31.91088],[111.40107,31.91863],[111.4125,31.91562],[111.41916,31.90044],[111.45743,31.87691],[111.46105,31.86852],[111.4465,31.86735],[111.44602,31.84727],[111.43278,31.84573],[111.43736,31.83323],[111.42267,31.82388],[111.48988,31.78959],[111.49537,31.77139],[111.5084,31.76707],[111.51485,31.75115],[111.54195,31.72935],[111.52437,31.72009],[111.51901,31.72726],[111.50257,31.72008],[111.49649,31.72504],[111.49325,31.71764],[111.49888,31.6905],[111.51591,31.69383],[111.53507,31.67757],[111.50074,31.67509],[111.51206,31.64995],[111.50504,31.64102],[111.51131,31.63007],[111.50499,31.62581],[111.50608,31.60895],[111.48893,31.60144],[111.48766,31.58264],[111.51719,31.57177],[111.49467,31.56601],[111.45602,31.57049],[111.4571,31.54138],[111.47064,31.53005],[111.46188,31.51036],[111.47779,31.51359],[111.47625,31.50515],[111.48926,31.49066],[111.47241,31.48597],[111.47171,31.47465],[111.46026,31.4703],[111.46601,31.44123],[111.45257,31.44529],[111.45375,31.43796],[111.42995,31.42922],[111.43357,31.41396],[111.42707,31.40944],[111.40514,31.41469],[111.41551,31.38922],[111.39995,31.37691],[111.40249,31.37054],[111.35615,31.34877],[111.3049,31.36524],[111.30821,31.37957],[111.26805,31.38529],[111.25649,31.41954],[111.26911,31.4405],[111.22859,31.4606],[111.20725,31.46187],[111.19337,31.43864],[111.18213,31.44684],[111.17148,31.44319],[111.16006,31.45513],[111.14015,31.43729],[111.12315,31.44247],[111.10211,31.41584],[111.08288,31.41999],[111.08509,31.43037],[111.07065,31.44375],[111.04574,31.44345],[111.03373,31.45951],[111.04367,31.48307],[111.03735,31.49232],[111.05809,31.50829],[111.05091,31.51194],[111.05072,31.5266],[111.03075,31.5412],[111.04389,31.54798],[111.03684,31.56721],[110.94286,31.56874],[110.93519,31.59359],[110.95022,31.62126],[110.96101,31.62628],[110.96043,31.63958],[110.97573,31.64771],[110.94261,31.66876],[110.90371,31.6588],[110.90476,31.66961],[110.88648,31.67797],[110.87562,31.69782],[110.86662,31.72113],[110.87005,31.73901],[110.83969,31.76045],[110.83002,31.7772],[110.81631,31.77608],[110.79041,31.79006],[110.7708,31.83082],[110.75966,31.83826],[110.76595,31.84701],[110.77807,31.84597],[110.78013,31.86689],[110.79555,31.86718],[110.80346,31.85455],[110.85429,31.85104],[110.86801,31.85436],[110.86515,31.86869],[110.87586,31.86438],[110.86758,31.87287],[110.87431,31.87667],[110.88794,31.8762],[110.90941,31.86085],[110.91033,31.87037],[110.9347,31.87988],[110.95059,31.87317],[110.96641,31.84774],[110.99147,31.86717],[110.99636,31.8636],[110.99757,31.85308],[110.98877,31.84513],[110.99595,31.82429],[111.019,31.8343],[111.00946,31.83803],[111.01832,31.83991],[111.01985,31.84995],[111.01209,31.88194],[110.99525,31.89786],[111.01045,31.91048],[110.99928,31.92024],[111.01016,31.94689],[111.00454,31.96307],[111.01159,31.97022],[110.98976,31.99283],[111.01019,32.01489],[111.04244,32.01106],[111.04556,31.98579],[111.05869,31.96218],[111.07018,31.97206],[111.09135,31.94534],[111.09954,31.95137],[111.09105,31.96763],[111.08046,31.97045],[111.0801,31.99377],[111.06904,31.99742],[111.05904,31.98289],[111.0497,31.99211],[111.05377,32.00717],[111.07588,32.02686],[111.06353,32.03103],[111.0772,32.06607],[111.06682,32.0706],[111.05088,32.06306],[111.0556,32.08023],[111.06932,32.09378],[111.08646,32.08755],[111.12318,32.10476],[111.12085,32.09515],[111.13331,32.07479],[111.12762,32.05982],[111.13823,32.04886]]],[[[110.96877,31.94429],[110.99077,31.94309],[110.98715,31.9226],[110.96877,31.94429]]],[[[111.0398,31.42286],[111.03549,31.4291],[111.0487,31.43923],[111.05516,31.43208],[111.0398,31.42286]]]]}},{"type":"Feature","id":"CTAMAP-2020-COUNTY-0138","properties":{"map_level":"county","source_name":"蔡甸区","source_code":"420114","county_type":"市辖区","prefecture_name":"武汉市","prefecture_code":"420100","prefecture_type":"地级市","parent_entity_id":"CNUR-000169","parent_year_end_name":"武汉市","province_name":"湖北省","province_code":"420000","snapshot_year":2020,"panel_year":2019,"link_status":"parent_linked","former_name":"","note":""},"geometry":{"type":"MultiPolygon","coordinates":[[[[114.12177,30.59424],[114.12295,30.57916],[114.13773,30.57179],[114.12577,30.53362],[114.13057,30.5253],[114.16159,30.5355],[114.16162,30.54566],[114.17265,30.54404],[114.19322,30.52828],[114.1775,30.50564],[114.19428,30.48693],[114.23051,30.47857],[114.18611,30.43927],[114.16509,30.39984],[114.118,30.35049],[114.10792,30.34313],[114.08798,30.34873],[114.09456,30.35781],[114.08848,30.36349],[114.09681,30.36482],[114.08318,30.37786],[114.06981,30.35772],[114.01797,30.3659],[114.01047,30.35097],[113.97861,30.36441],[113.94047,30.36084],[113.92869,30.36792],[113.9292,30.36025],[113.89742,30.34766],[113.90539,30.33104],[113.88683,30.30154],[113.87893,30.30622],[113.88187,30.2946],[113.87556,30.30011],[113.86399,30.29501],[113.87018,30.27975],[113.85828,30.26685],[113.84308,30.27025],[113.83538,30.28298],[113.80848,30.26147],[113.79614,30.26575],[113.77774,30.2525],[113.78389,30.27973],[113.79862,30.28262],[113.76042,30.28829],[113.75812,30.3273],[113.73352,30.35187],[113.74814,30.37802],[113.70291,30.38026],[113.69763,30.38365],[113.70706,30.39852],[113.69669,30.40077],[113.71941,30.42841],[113.7413,30.4242],[113.75682,30.43831],[113.76998,30.4357],[113.7764,30.45534],[113.79306,30.46712],[113.80722,30.49305],[113.82623,30.49771],[113.84409,30.53257],[113.86,30.53379],[113.86209,30.52138],[113.87416,30.525],[113.88013,30.56783],[113.91655,30.57381],[113.93227,30.58749],[113.93956,30.59645],[113.93242,30.6058],[113.9405,30.613],[113.92165,30.62259],[113.93519,30.63621],[113.91899,30.64701],[113.95374,30.68609],[113.94042,30.68963],[113.94557,30.69362],[113.95804,30.68485],[113.98194,30.63221],[114.00121,30.61354],[114.03936,30.61343],[114.0131,30.59786],[114.04698,30.58661],[114.07288,30.59851],[114.12177,30.59424]]],[[[113.98322,30.36078],[113.9819,30.35362],[113.97797,30.3602],[113.9696,30.35449],[113.96986,30.36336],[113.98322,30.36078]]],[[[114.00615,30.3497],[114.00165,30.34559],[114.00012,30.35332],[114.00615,30.3497]]]]}},{"type":"Feature","id":"CTAMAP-2020-COUNTY-0203","properties":{"map_level":"county","source_name":"赤壁市","source_code":"421281","county_type":"县级市","prefecture_name":"咸宁市","prefecture_code":"421200","prefecture_type":"地级市","parent_entity_id":"CNUR-000179","parent_year_end_name":"咸宁市","province_name":"湖北省","province_code":"420000","snapshot_year":2020,"panel_year":2019,"link_status":"parent_linked","former_name":"","note":""},"geometry":{"type":"Polygon","coordinates":[[[114.10093,29.98764],[114.13113,29.92517],[114.14215,29.92006],[114.14375,29.89169],[114.17218,29.86568],[114.16726,29.84409],[114.17349,29.83574],[114.16094,29.83199],[114.1661,29.82201],[114.15599,29.81099],[114.1697,29.79181],[114.16897,29.75268],[114.15675,29.74823],[114.1504,29.73225],[114.1747,29.71388],[114.2134,29.72231],[114.22384,29.71743],[114.22519,29.67296],[114.16973,29.66875],[114.15875,29.64952],[114.10962,29.65269],[114.05769,29.63481],[114.04744,29.6419],[114.00807,29.63645],[113.99156,29.64569],[113.98997,29.65839],[113.97255,29.65696],[113.95266,29.64682],[113.94289,29.62204],[113.92823,29.62292],[113.91287,29.61194],[113.8766,29.61666],[113.82859,29.59385],[113.84882,29.54785],[113.77202,29.53982],[113.76211,29.5223],[113.76521,29.51103],[113.74275,29.49657],[113.74834,29.48437],[113.73765,29.47233],[113.7183,29.4762],[113.67873,29.5143],[113.62923,29.51319],[113.62555,29.52621],[113.67354,29.54148],[113.67636,29.5514],[113.70247,29.55596],[113.7055,29.57183],[113.72987,29.57907],[113.73575,29.59332],[113.71594,29.6145],[113.70232,29.61195],[113.69816,29.63718],[113.66627,29.641],[113.67527,29.64534],[113.65851,29.68686],[113.64581,29.68611],[113.63203,29.67232],[113.60246,29.66951],[113.55512,29.67552],[113.53789,29.68731],[113.53205,29.70066],[113.54851,29.74844],[113.54528,29.77059],[113.56247,29.78961],[113.55619,29.79435],[113.57001,29.81137],[113.55961,29.81578],[113.57167,29.82138],[113.57573,29.83541],[113.56559,29.85039],[113.60128,29.87057],[113.63361,29.90755],[113.66624,29.92185],[113.66645,29.9103],[113.6546,29.90292],[113.66411,29.89326],[113.65802,29.88166],[113.66997,29.85379],[113.70854,29.83855],[113.71206,29.8249],[113.7359,29.80516],[113.75978,29.82026],[113.782,29.81823],[113.79847,29.79352],[113.80982,29.79194],[113.82164,29.80218],[113.82915,29.7908],[113.85317,29.8047],[113.87833,29.80837],[113.90416,29.83099],[113.92187,29.82887],[113.917,29.83753],[113.9259,29.84461],[113.9108,29.85635],[113.91061,29.86527],[113.92586,29.87786],[113.9552,29.87122],[113.96334,29.87566],[113.96367,29.89637],[113.99468,29.89094],[114.02213,29.90942],[114.03179,29.90013],[114.04318,29.9029],[114.05701,29.97798],[114.06702,29.98644],[114.10093,29.98764]]]}},{"type":"Feature","id":"CTAMAP-2020-COUNTY-0212","properties":{"map_level":"county","source_name":"崇阳县","source_code":"421223","county_type":"县","prefecture_name":"咸宁市","prefecture_code":"421200","prefecture_type":"地级市","parent_entity_id":"CNUR-000179","parent_year_end_name":"咸宁市","province_name":"湖北省","province_code":"420000","snapshot_year":2020,"panel_year":2019,"link_status":"parent_linked","former_name":"","note":""},"geometry":{"type":"Polygon","coordinates":[[[114.34939,29.68019],[114.33974,29.64416],[114.31597,29.61324],[114.28843,29.60674],[114.30007,29.59761],[114.29983,29.58725],[114.28753,29.57553],[114.2908,29.56908],[114.26923,29.5535],[114.26819,29.52946],[114.28179,29.51467],[114.2387,29.495],[114.25394,29.4887],[114.26412,29.46963],[114.27131,29.47365],[114.31681,29.44858],[114.32699,29.41887],[114.31764,29.42023],[114.31807,29.40747],[114.32378,29.40262],[114.34278,29.41152],[114.3499,29.39075],[114.33181,29.37213],[114.2689,29.3569],[114.2519,29.34597],[114.2553,29.32539],[114.24581,29.30687],[114.256,29.2939],[114.25061,29.27299],[114.24156,29.26953],[114.24993,29.2493],[114.24953,29.23866],[114.24084,29.23382],[114.21091,29.23664],[114.17259,29.21525],[114.12385,29.21833],[114.06143,29.20834],[114.06095,29.21739],[114.04356,29.22959],[114.03689,29.25405],[114.04033,29.28204],[114.02133,29.28149],[114.01022,29.29336],[114.01254,29.3283],[114.05641,29.3431],[114.04647,29.35379],[114.05375,29.36586],[114.04282,29.38263],[114.03049,29.37426],[114.00541,29.38797],[113.94808,29.38397],[113.92444,29.36109],[113.91798,29.36905],[113.89529,29.36814],[113.89007,29.35285],[113.90533,29.34451],[113.89562,29.33912],[113.89942,29.32637],[113.8795,29.3206],[113.87818,29.29787],[113.86082,29.28725],[113.82877,29.30101],[113.79999,29.29989],[113.79767,29.31866],[113.77538,29.33162],[113.77981,29.35287],[113.75482,29.36548],[113.72364,29.39665],[113.73638,29.41595],[113.73096,29.43039],[113.74957,29.44402],[113.73329,29.4685],[113.74796,29.48303],[113.74275,29.49657],[113.76521,29.51103],[113.76211,29.5223],[113.77202,29.53982],[113.84882,29.54785],[113.82844,29.59363],[113.86213,29.61061],[113.89766,29.61741],[113.91287,29.61194],[113.92823,29.62292],[113.94289,29.62204],[113.95266,29.64682],[113.98123,29.65873],[113.98997,29.65839],[113.99156,29.64569],[114.00807,29.63645],[114.04744,29.6419],[114.05769,29.63481],[114.10962,29.65269],[114.15875,29.64952],[114.16973,29.66875],[114.21069,29.67666],[114.2774,29.65806],[114.31431,29.67499],[114.34939,29.68019]]]}},{"type":"Feature","id":"CTAMAP-2020-COUNTY-0258","properties":{"map_level":"county","source_name":"大悟县","source_code":"420922","county_type":"县","prefecture_name":"孝感市","prefecture_code":"420900","prefecture_type":"地级市","parent_entity_id":"CNUR-000176","parent_year_end_name":"孝感市","province_name":"湖北省","province_code":"420000","snapshot_year":2020,"panel_year":2019,"link_status":"parent_linked","former_name":"","note":""},"geometry":{"type":"Polygon","coordinates":[[[114.18028,31.85499],[114.21474,31.83419],[114.23082,31.84293],[114.23466,31.82289],[114.29156,31.75066],[114.34177,31.75831],[114.38195,31.74267],[114.40088,31.75022],[114.41485,31.73375],[114.42602,31.738],[114.44419,31.7296],[114.44734,31.74132],[114.45503,31.73439],[114.46821,31.74244],[114.50123,31.74199],[114.5011,31.76673],[114.50892,31.76968],[114.53237,31.74204],[114.54948,31.76206],[114.54482,31.76911],[114.58104,31.76403],[114.57416,31.71057],[114.58624,31.70518],[114.58593,31.69742],[114.56976,31.69311],[114.56635,31.66097],[114.55265,31.65816],[114.54444,31.64538],[114.54264,31.61163],[114.55531,31.56714],[114.53485,31.54845],[114.51888,31.55287],[114.52464,31.56589],[114.51481,31.5642],[114.51854,31.54195],[114.50825,31.54152],[114.49432,31.50256],[114.50752,31.46386],[114.4833,31.46875],[114.4707,31.4367],[114.47808,31.4142],[114.47344,31.4077],[114.44556,31.41636],[114.44595,31.38814],[114.42671,31.38737],[114.42431,31.36311],[114.41754,31.35897],[114.42145,31.34913],[114.43865,31.3458],[114.43501,31.30866],[114.42616,31.31681],[114.41352,31.31101],[114.35994,31.31357],[114.34989,31.32452],[114.3272,31.3178],[114.30352,31.34169],[114.29516,31.34018],[114.29063,31.35807],[114.27632,31.36291],[114.25313,31.34355],[114.2414,31.35507],[114.23517,31.37985],[114.14693,31.35258],[114.10953,31.36955],[114.06204,31.37752],[114.0772,31.40807],[114.0478,31.41749],[114.04404,31.43389],[114.05951,31.44172],[114.06807,31.46813],[114.0531,31.4729],[114.0496,31.49052],[114.06724,31.49793],[114.06337,31.50783],[114.10533,31.53462],[114.10815,31.54374],[114.08232,31.54453],[114.08283,31.5662],[114.09371,31.57266],[114.08972,31.58248],[114.09726,31.5918],[114.09114,31.60472],[114.10564,31.60822],[114.10154,31.63044],[114.1299,31.68067],[114.11999,31.67731],[114.08298,31.71014],[114.10273,31.73221],[114.09228,31.75313],[114.11672,31.77344],[114.09995,31.78545],[114.12698,31.84522],[114.14831,31.84083],[114.16336,31.85562],[114.18028,31.85499]]]}},{"type":"Feature","id":"CTAMAP-2020-COUNTY-0263","properties":{"map_level":"county","source_name":"大冶市","source_code":"420281","county_type":"县级市","prefecture_name":"黄石市","prefecture_code":"420200","prefecture_type":"地级市","parent_entity_id":"CNUR-000170","parent_year_end_name":"黄石市","province_name":"湖北省","province_code":"420000","snapshot_year":2020,"panel_year":2019,"link_status":"parent_linked","former_name":"","note":""},"geometry":{"type":"Polygon","coordinates":[[[114.86195,30.244],[114.8556,30.24239],[114.85449,30.22554],[114.87309,30.20961],[114.87033,30.20172],[114.90725,30.18797],[114.90328,30.17746],[114.91953,30.17154],[114.92134,30.16371],[114.95569,30.16078],[114.97407,30.16641],[114.98056,30.17782],[115.00657,30.17923],[115.05452,30.17229],[115.06246,30.16385],[115.07948,30.18409],[115.09011,30.17987],[115.11097,30.18899],[115.12196,30.18292],[115.14903,30.18957],[115.15055,30.14129],[115.17773,30.13168],[115.13519,30.0856],[115.06191,30.10751],[115.04111,30.09809],[115.04661,30.05057],[115.07928,30.01574],[115.04716,29.99331],[115.02804,29.99952],[115.03013,29.97993],[115.02139,29.97106],[114.96788,29.96879],[114.97465,29.96215],[114.97354,29.94],[114.93952,29.92297],[114.93674,29.86899],[114.92278,29.85835],[114.89185,29.85584],[114.84062,29.87255],[114.82672,29.86685],[114.78814,29.88553],[114.76736,29.8901],[114.76437,29.88286],[114.75341,29.88371],[114.74833,29.8976],[114.69728,29.8958],[114.66358,29.90568],[114.65583,29.91894],[114.64715,29.91303],[114.60068,29.92777],[114.59441,29.94262],[114.56042,29.93772],[114.55046,29.94865],[114.53373,29.94211],[114.54797,29.95697],[114.52653,29.96933],[114.53633,29.97847],[114.53182,29.99731],[114.54002,30.00725],[114.5293,30.02589],[114.54377,30.02391],[114.54479,30.03449],[114.56066,30.03188],[114.54761,30.04193],[114.54021,30.0672],[114.56842,30.04968],[114.56162,30.04474],[114.56626,30.03719],[114.57916,30.0395],[114.58712,30.05138],[114.61962,30.05596],[114.63594,30.04016],[114.6381,30.01681],[114.68177,30.02456],[114.6822,30.04989],[114.69072,30.05261],[114.69987,30.04184],[114.7248,30.05613],[114.71328,30.08289],[114.73692,30.09335],[114.72374,30.12288],[114.7037,30.13232],[114.71062,30.13784],[114.69388,30.1524],[114.71942,30.18215],[114.67446,30.20378],[114.67042,30.21646],[114.65812,30.22196],[114.65984,30.24126],[114.65251,30.25014],[114.66951,30.27158],[114.68953,30.2808],[114.68726,30.30136],[114.7031,30.32191],[114.71991,30.32863],[114.72976,30.30483],[114.7732,30.29326],[114.78108,30.29452],[114.77896,30.31209],[114.79371,30.31091],[114.80193,30.31965],[114.80803,30.31259],[114.82485,30.31458],[114.83164,30.29202],[114.86347,30.28058],[114.86468,30.26925],[114.85342,30.26203],[114.86195,30.244]]]}},{"type":"Feature","id":"CTAMAP-2020-COUNTY-0274","properties":{"map_level":"county","source_name":"丹江口市","source_code":"420381","county_type":"县级市","prefecture_name":"十堰市","prefecture_code":"420300","prefecture_type":"地级市","parent_entity_id":"CNUR-000171","parent_year_end_name":"十堰市","province_name":"湖北省","province_code":"420000","snapshot_year":2020,"panel_year":2019,"link_status":"parent_linked","former_name":"","note":""},"geometry":{"type":"Polygon","coordinates":[[[111.25204,32.96456],[111.23909,32.93392],[111.2463,32.90738],[111.23895,32.88431],[111.25305,32.88294],[111.27231,32.90096],[111.28981,32.89307],[111.27844,32.87341],[111.28426,32.85658],[111.31084,32.85089],[111.32249,32.83565],[111.36165,32.83325],[111.38166,32.81679],[111.40965,32.75558],[111.43512,32.75191],[111.44325,32.76324],[111.45362,32.76312],[111.45845,32.77527],[111.4683,32.76083],[111.45337,32.72906],[111.43687,32.73854],[111.43793,32.7287],[111.41922,32.7346],[111.46481,32.72002],[111.47,32.69827],[111.51339,32.6695],[111.52583,32.64669],[111.51874,32.64158],[111.53112,32.63038],[111.52258,32.61977],[111.57657,32.58805],[111.57944,32.57074],[111.56866,32.55246],[111.55001,32.54537],[111.52691,32.49258],[111.51954,32.49974],[111.50189,32.49214],[111.49253,32.47641],[111.46874,32.46721],[111.47923,32.45216],[111.46721,32.43099],[111.43798,32.42958],[111.41136,32.40892],[111.38141,32.42571],[111.37163,32.42094],[111.36515,32.40591],[111.3551,32.4066],[111.34408,32.39262],[111.31816,32.38269],[111.29846,32.34211],[111.28424,32.35079],[111.24626,32.33394],[111.22742,32.31578],[111.22302,32.30604],[111.22979,32.30041],[111.21486,32.28432],[111.19289,32.29234],[111.16529,32.28723],[111.14915,32.31171],[111.12465,32.31252],[111.10853,32.30364],[111.1049,32.28981],[111.0732,32.28209],[111.0663,32.26369],[111.05548,32.2653],[111.04291,32.24221],[111.01897,32.23606],[111.00091,32.24417],[110.99904,32.26857],[110.97222,32.29453],[110.94608,32.29067],[110.91185,32.27182],[110.89573,32.28064],[110.89658,32.29147],[110.88145,32.27987],[110.86622,32.2817],[110.87331,32.29546],[110.84036,32.28873],[110.81889,32.3045],[110.80921,32.35432],[110.81385,32.36318],[110.79854,32.40775],[110.83833,32.42057],[110.8652,32.44806],[110.89589,32.46406],[110.91285,32.5072],[110.92334,32.51539],[110.92205,32.53825],[110.91111,32.55503],[110.92488,32.55821],[110.92377,32.56657],[110.9337,32.57321],[110.92721,32.58946],[110.93209,32.59569],[110.94081,32.59211],[110.94361,32.60231],[110.91943,32.60817],[110.92176,32.61749],[110.90907,32.61736],[110.88725,32.63382],[110.91382,32.64244],[110.90911,32.65063],[110.93651,32.63941],[110.9385,32.64996],[110.91959,32.65909],[110.92434,32.67466],[110.94002,32.68056],[110.93604,32.68935],[110.94549,32.69891],[110.95219,32.7377],[110.96381,32.73318],[110.95445,32.74392],[110.96969,32.74798],[110.97847,32.73506],[110.99036,32.73835],[110.98922,32.74929],[110.99847,32.75857],[111.02029,32.76639],[111.07068,32.75682],[111.09128,32.76245],[111.09708,32.77694],[111.08026,32.80472],[111.12141,32.84444],[111.1205,32.86938],[111.15386,32.88638],[111.16167,32.9137],[111.17942,32.90969],[111.21831,32.92155],[111.2187,32.94868],[111.22957,32.96836],[111.25204,32.96456]]]}},{"type":"Feature","id":"CTAMAP-2020-COUNTY-0284","properties":{"map_level":"county","source_name":"当阳市","source_code":"420582","county_type":"县级市","prefecture_name":"宜昌市","prefecture_code":"420500","prefecture_type":"地级市","parent_entity_id":"CNUR-000172","parent_year_end_name":"宜昌市","province_name":"湖北省","province_code":"420000","snapshot_year":2020,"panel_year":2019,"link_status":"parent_linked","former_name":"","note":""},"geometry":{"type":"Polygon","coordinates":[[[112.0367,30.83411],[112.03271,30.81871],[112.04716,30.79904],[112.03931,30.7968],[112.04085,30.77042],[112.05933,30.76184],[112.05433,30.7514],[112.06379,30.74258],[112.0495,30.72407],[112.07385,30.692],[112.07546,30.66017],[112.06023,30.65402],[112.0433,30.66109],[112.01942,30.64898],[112.00659,30.61744],[111.98013,30.60242],[111.98177,30.58662],[111.96759,30.57729],[111.98983,30.57263],[111.99722,30.55563],[111.9739,30.52414],[111.9707,30.50605],[111.92756,30.50931],[111.92812,30.51919],[111.89979,30.55881],[111.87774,30.56269],[111.87693,30.57123],[111.89159,30.5765],[111.8832,30.5933],[111.86388,30.58398],[111.85723,30.58836],[111.84063,30.58159],[111.8259,30.59133],[111.80763,30.58459],[111.79546,30.60239],[111.77868,30.59665],[111.77444,30.61447],[111.7567,30.60083],[111.74592,30.60361],[111.74406,30.59312],[111.72266,30.60116],[111.72537,30.5941],[111.70523,30.57985],[111.69711,30.5881],[111.70565,30.61233],[111.70012,30.62688],[111.71343,30.64603],[111.71463,30.66232],[111.70697,30.66231],[111.6895,30.63664],[111.67249,30.6491],[111.67588,30.66128],[111.67164,30.65609],[111.65904,30.66301],[111.64688,30.64138],[111.62765,30.63205],[111.62953,30.64276],[111.61424,30.65521],[111.6211,30.67156],[111.62906,30.67232],[111.62504,30.68697],[111.61429,30.69134],[111.61141,30.68395],[111.60115,30.6936],[111.59426,30.67562],[111.58292,30.67515],[111.56979,30.7425],[111.55639,30.76665],[111.56419,30.79344],[111.57401,30.79546],[111.58192,30.83059],[111.5816,30.84422],[111.57399,30.84763],[111.58629,30.86217],[111.54946,30.87595],[111.55493,30.88512],[111.54917,30.89319],[111.5376,30.89137],[111.55245,30.90786],[111.57047,30.90068],[111.56688,30.89186],[111.5777,30.88264],[111.60357,30.90219],[111.59835,30.91234],[111.60676,30.91976],[111.62906,30.90933],[111.63607,30.91851],[111.65141,30.91242],[111.64847,30.91979],[111.66153,30.92485],[111.67139,30.94669],[111.64343,30.95855],[111.64508,30.96716],[111.67118,30.95998],[111.6946,30.96601],[111.69521,31.00663],[111.7136,31.02322],[111.7273,31.01586],[111.73034,31.0308],[111.74988,31.01374],[111.76348,31.015],[111.75907,31.03519],[111.76663,31.04552],[111.75481,31.05496],[111.76414,31.07259],[111.77953,31.08447],[111.78879,31.07693],[111.82184,31.0978],[111.81413,31.10282],[111.82008,31.1226],[111.83296,31.12358],[111.82577,31.13499],[111.83803,31.13809],[111.84586,31.1523],[111.86142,31.15523],[111.86293,31.17278],[111.88983,31.18204],[111.89763,31.19524],[111.90235,31.17297],[111.91477,31.18282],[111.93029,31.17402],[111.9228,31.14087],[111.93221,31.14215],[111.93771,31.12617],[111.95942,31.11498],[111.94914,31.11101],[111.94944,31.10213],[111.93564,31.10132],[111.92267,31.07398],[111.90629,31.08485],[111.8991,31.07924],[111.91392,31.04989],[111.96051,31.05932],[111.9586,31.03731],[111.96962,31.01799],[111.98385,31.01751],[111.98049,31.01075],[111.99632,31.00812],[111.99809,30.99527],[112.01523,30.98693],[112.00246,30.96005],[112.00595,30.93217],[112.01435,30.92426],[112.0181,30.93557],[112.02846,30.92935],[112.02258,30.92468],[112.02051,30.87711],[112.00838,30.8666],[112.0367,30.83411]]]}},{"type":"Feature","id":"CTAMAP-2020-COUNTY-0311","properties":{"map_level":"county","source_name":"点军区","source_code":"420504","county_type":"市辖区","prefecture_name":"宜昌市","prefecture_code":"420500","prefecture_type":"地级市","parent_entity_id":"CNUR-000172","parent_year_end_name":"宜昌市","province_name":"湖北省","province_code":"420000","snapshot_year":2020,"panel_year":2019,"link_status":"parent_linked","former_name":"","note":""},"geometry":{"type":"Polygon","coordinates":[[[111.14581,30.77698],[111.27102,30.76001],[111.27464,30.74475],[111.2626,30.7243],[111.26693,30.70175],[111.33086,30.64909],[111.38965,30.58372],[111.37046,30.58643],[111.36572,30.57649],[111.35508,30.58077],[111.34445,30.57336],[111.34931,30.55957],[111.32226,30.56554],[111.3098,30.58423],[111.3002,30.58415],[111.29722,30.59345],[111.28993,30.5895],[111.28377,30.59915],[111.24821,30.58509],[111.22949,30.56625],[111.21094,30.56522],[111.20508,30.56979],[111.20823,30.58203],[111.19663,30.5902],[111.20285,30.59457],[111.19913,30.60191],[111.19049,30.59292],[111.18627,30.60402],[111.1651,30.61469],[111.15241,30.61452],[111.14568,30.60483],[111.09879,30.62553],[111.07586,30.62753],[111.04789,30.62795],[111.0349,30.61755],[110.95062,30.69576],[110.95685,30.70726],[110.98631,30.72281],[111.03657,30.73312],[111.04806,30.74965],[111.07883,30.75827],[111.0934,30.74939],[111.09203,30.73991],[111.14581,30.77698]]]}},{"type":"Feature","id":"CTAMAP-2020-COUNTY-0334","properties":{"map_level":"county","source_name":"东宝区","source_code":"420802","county_type":"市辖区","prefecture_name":"荆门市","prefecture_code":"420800","prefecture_type":"地级市","parent_entity_id":"CNUR-000175","parent_year_end_name":"荆门市","province_name":"湖北省","province_code":"420000","snapshot_year":2020,"panel_year":2019,"link_status":"parent_linked","former_name":"","note":""},"geometry":{"type":"Polygon","coordinates":[[[112.13131,31.46428],[112.13517,31.44369],[112.1281,31.44843],[112.13753,31.43594],[112.14286,31.39989],[112.12601,31.40074],[112.12229,31.38844],[112.13228,31.38844],[112.13397,31.37437],[112.14252,31.37847],[112.13627,31.36571],[112.14256,31.35226],[112.15462,31.35761],[112.164,31.35168],[112.15855,31.32809],[112.17012,31.32112],[112.17669,31.29729],[112.19612,31.30311],[112.20355,31.32602],[112.22,31.32859],[112.21195,31.30233],[112.22153,31.30252],[112.25035,31.27332],[112.28394,31.26284],[112.28593,31.25129],[112.27481,31.25676],[112.26347,31.24284],[112.27222,31.23721],[112.27132,31.22576],[112.28718,31.21355],[112.30784,31.21361],[112.33214,31.18603],[112.33638,31.17511],[112.32602,31.15978],[112.30099,31.16075],[112.28594,31.15055],[112.2899,31.14408],[112.2776,31.1296],[112.28384,31.11938],[112.28006,31.09654],[112.29426,31.06658],[112.3282,31.0803],[112.33879,31.07461],[112.33045,31.0637],[112.34595,31.04725],[112.35351,31.01504],[112.34695,31.00773],[112.34389,31.01471],[112.31974,31.00964],[112.30919,30.98209],[112.2887,30.98211],[112.28295,30.96673],[112.25544,30.97093],[112.25022,30.95584],[112.222,30.99564],[112.24575,31.0053],[112.24636,31.01498],[112.26083,31.0213],[112.26119,31.03268],[112.24551,31.03824],[112.23715,31.0515],[112.215,31.05376],[112.2077,31.06404],[112.20058,31.00473],[112.19186,31.01686],[112.18227,31.01458],[112.17473,31.02449],[112.15539,31.01945],[112.11032,31.05285],[112.0978,31.05287],[112.10163,31.00463],[112.11142,30.99995],[112.1051,30.99348],[112.1079,30.96839],[112.10034,30.96222],[112.11726,30.95938],[112.143,30.89571],[112.10431,30.86514],[112.0806,30.86164],[112.08246,30.85059],[112.06275,30.82799],[112.04362,30.84443],[112.03366,30.83436],[112.00838,30.8666],[112.02051,30.87711],[112.02258,30.92468],[112.02846,30.92935],[112.0181,30.93557],[112.01435,30.92426],[112.00595,30.93217],[112.00246,30.96005],[112.01523,30.98693],[111.99809,30.99527],[111.99632,31.00812],[111.98049,31.01075],[111.98385,31.01751],[111.96962,31.01799],[111.9586,31.03731],[111.96051,31.05932],[111.91392,31.04989],[111.8991,31.07924],[111.90629,31.08485],[111.92267,31.07398],[111.93564,31.10132],[111.94944,31.10213],[111.94914,31.11101],[111.95942,31.11498],[111.93771,31.12617],[111.93221,31.14215],[111.9228,31.14087],[111.93029,31.17402],[111.91477,31.18282],[111.90235,31.17297],[111.89763,31.19524],[111.87902,31.17604],[111.87145,31.19753],[111.87804,31.21174],[111.86412,31.21453],[111.86668,31.224],[111.85543,31.22886],[111.86788,31.23938],[111.88014,31.23727],[111.90115,31.26138],[111.93069,31.26041],[111.94078,31.2742],[111.93325,31.29706],[111.92059,31.30165],[111.92527,31.31558],[111.91148,31.32872],[111.92652,31.33123],[111.93596,31.34554],[111.9321,31.36075],[111.94005,31.36612],[111.93021,31.37186],[111.94278,31.39422],[111.94038,31.40794],[111.94718,31.41344],[111.93937,31.42073],[111.94716,31.44139],[111.99212,31.45344],[112.02166,31.4363],[112.03143,31.44634],[112.05643,31.43297],[112.06831,31.44623],[112.06677,31.45871],[112.13131,31.46428]]]}},{"type":"Feature","id":"CTAMAP-2020-COUNTY-0360","properties":{"map_level":"county","source_name":"东西湖区","source_code":"420112","county_type":"市辖区","prefecture_name":"武汉市","prefecture_code":"420100","prefecture_type":"地级市","parent_entity_id":"CNUR-000169","parent_year_end_name":"武汉市","province_name":"湖北省","province_code":"420000","snapshot_year":2020,"panel_year":2019,"link_status":"parent_linked","former_name":"","note":""},"geometry":{"type":"Polygon","coordinates":[[[114.14001,30.77394],[114.16042,30.75681],[114.15114,30.75251],[114.17762,30.73671],[114.17879,30.70416],[114.18716,30.6943],[114.23555,30.6655],[114.25077,30.66826],[114.26929,30.68765],[114.28401,30.68736],[114.29069,30.67494],[114.22465,30.62842],[114.18568,30.62689],[114.15409,30.63483],[114.14514,30.61678],[114.16371,30.60548],[114.13564,30.58508],[114.12054,30.59448],[114.07288,30.59851],[114.04698,30.58661],[114.0131,30.59786],[114.03936,30.61343],[114.00121,30.61354],[113.98194,30.63221],[113.95213,30.69104],[113.94042,30.68963],[113.9322,30.70117],[113.9185,30.69629],[113.91106,30.71744],[113.88945,30.71282],[113.88936,30.73054],[113.90188,30.72387],[113.91266,30.73171],[113.90658,30.73977],[113.91415,30.75456],[113.89882,30.75617],[113.90321,30.77343],[113.91893,30.7627],[113.94736,30.78126],[113.9703,30.77895],[113.99289,30.78944],[114.01578,30.78171],[114.02107,30.78808],[114.09219,30.78181],[114.14001,30.77394]]]}},{"type":"Feature","id":"CTAMAP-2020-COUNTY-0386","properties":{"map_level":"county","source_name":"掇刀区","source_code":"420804","county_type":"市辖区","prefecture_name":"荆门市","prefecture_code":"420800","prefecture_type":"地级市","parent_entity_id":"CNUR-000175","parent_year_end_name":"荆门市","province_name":"湖北省","province_code":"420000","snapshot_year":2020,"panel_year":2019,"link_status":"parent_linked","former_name":"","note":""},"geometry":{"type":"Polygon","coordinates":[[[112.30919,30.98209],[112.33393,30.96699],[112.34025,30.95227],[112.33615,30.93308],[112.3445,30.92157],[112.32824,30.90444],[112.33265,30.88391],[112.31952,30.88669],[112.31546,30.87059],[112.3083,30.86902],[112.32478,30.84197],[112.3412,30.83662],[112.33335,30.82484],[112.33541,30.80512],[112.30647,30.80894],[112.32415,30.80063],[112.33345,30.77312],[112.32435,30.77078],[112.30369,30.79765],[112.29286,30.7745],[112.28032,30.77557],[112.28181,30.75989],[112.268,30.76176],[112.27039,30.78074],[112.26158,30.7892],[112.24608,30.78856],[112.23752,30.80155],[112.21086,30.7788],[112.18925,30.81466],[112.16869,30.8036],[112.16689,30.77034],[112.1547,30.77617],[112.15353,30.76349],[112.14836,30.7679],[112.14047,30.76147],[112.13365,30.77104],[112.11645,30.77452],[112.11683,30.79092],[112.10737,30.80327],[112.11247,30.80682],[112.09676,30.81889],[112.06881,30.79412],[112.03498,30.81444],[112.03663,30.84194],[112.0457,30.8437],[112.06416,30.82808],[112.08246,30.85059],[112.0806,30.86164],[112.10431,30.86514],[112.143,30.89571],[112.11726,30.95938],[112.10034,30.96222],[112.1079,30.96839],[112.1051,30.99348],[112.11142,30.99995],[112.10163,31.00463],[112.09934,31.05381],[112.15539,31.01945],[112.17473,31.02449],[112.20204,31.00481],[112.198,31.01904],[112.21071,31.06462],[112.215,31.05376],[112.23594,31.05213],[112.26199,31.03036],[112.24575,31.0053],[112.222,30.99564],[112.2474,30.95645],[112.25544,30.97093],[112.28295,30.96673],[112.2887,30.98211],[112.30919,30.98209]]]}},{"type":"Feature","id":"CTAMAP-2020-COUNTY-0392","properties":{"map_level":"county","source_name":"鄂城区","source_code":"420704","county_type":"市辖区","prefecture_name":"鄂州市","prefecture_code":"420700","prefecture_type":"地级市","parent_entity_id":"CNUR-000174","parent_year_end_name":"鄂州市","province_name":"湖北省","province_code":"420000","snapshot_year":2020,"panel_year":2019,"link_status":"parent_linked","former_name":"","note":""},"geometry":{"type":"Polygon","coordinates":[[[115.00832,30.40755],[115.05237,30.39172],[115.0802,30.3419],[115.08901,30.29142],[115.07198,30.26204],[115.01962,30.25549],[114.99211,30.21535],[114.97913,30.22187],[114.95075,30.20654],[114.92695,30.2225],[114.87005,30.23768],[114.85342,30.26203],[114.86468,30.26925],[114.86229,30.2822],[114.83748,30.2873],[114.82535,30.31429],[114.80803,30.31259],[114.80193,30.31965],[114.79371,30.31091],[114.77802,30.31134],[114.78108,30.29452],[114.76634,30.29369],[114.72976,30.30483],[114.72113,30.32797],[114.71285,30.328],[114.69384,30.31307],[114.68548,30.29158],[114.66631,30.28886],[114.65689,30.27869],[114.64537,30.28494],[114.62834,30.27549],[114.61881,30.28343],[114.64466,30.29892],[114.66713,30.29147],[114.67763,30.3008],[114.6684,30.30563],[114.67736,30.32626],[114.66371,30.33475],[114.66362,30.34354],[114.66955,30.3419],[114.65446,30.35835],[114.66174,30.36659],[114.65226,30.38688],[114.66793,30.39336],[114.68006,30.37971],[114.71056,30.37227],[114.71467,30.39099],[114.73196,30.39138],[114.74244,30.38315],[114.75519,30.3885],[114.75857,30.40011],[114.77346,30.39359],[114.78857,30.398],[114.80804,30.41745],[114.83692,30.42092],[114.84243,30.43101],[114.90793,30.41337],[115.00832,30.40755]]]}},{"type":"Feature","id":"CTAMAP-2020-COUNTY-0398","properties":{"map_level":"county","source_name":"恩施市","source_code":"422801","county_type":"县级市","prefecture_name":"恩施土家族苗族自治州","prefecture_code":"422800","prefecture_type":"自治州","parent_entity_id":"CNUR-000181","parent_year_end_name":"恩施土家族苗族自治州","province_name":"湖北省","province_code":"420000","snapshot_year":2020,"panel_year":2019,"link_status":"parent_linked","former_name":"","note":""},"geometry":{"type":"Polygon","coordinates":[[[109.5636,30.64678],[109.54941,30.62213],[109.56266,30.59406],[109.59228,30.58793],[109.62015,30.56842],[109.63987,30.56711],[109.63411,30.54811],[109.64663,30.53072],[109.67407,30.51142],[109.71131,30.51365],[109.74382,30.48074],[109.76166,30.51061],[109.78605,30.518],[109.78569,30.52617],[109.79625,30.52861],[109.79313,30.52003],[109.81315,30.51792],[109.81644,30.52647],[109.80503,30.54155],[109.82099,30.54364],[109.83991,30.53004],[109.87959,30.54395],[109.88791,30.53177],[109.88449,30.52136],[109.90738,30.50125],[109.90875,30.47581],[109.90431,30.4718],[109.87518,30.49085],[109.86784,30.48231],[109.86964,30.44216],[109.89495,30.43563],[109.88696,30.42803],[109.92336,30.36509],[109.91739,30.34883],[109.93212,30.34959],[109.93973,30.33123],[109.96603,30.30722],[109.96811,30.29486],[109.94701,30.26809],[109.95557,30.25107],[109.92638,30.24934],[109.92103,30.21002],[109.9379,30.21303],[109.94637,30.20372],[109.93556,30.19262],[109.95555,30.18611],[109.95187,30.15368],[109.97971,30.14601],[109.97727,30.11274],[109.96608,30.11435],[109.94816,30.1026],[109.95651,30.08206],[109.94035,30.06521],[109.91432,30.08877],[109.91874,30.09905],[109.90958,30.11808],[109.89588,30.10565],[109.88097,30.1124],[109.87122,30.12909],[109.8259,30.12602],[109.82007,30.11202],[109.80293,30.12037],[109.80193,30.11063],[109.78822,30.10665],[109.77876,30.06568],[109.75939,30.07416],[109.75547,30.08934],[109.73625,30.10755],[109.72023,30.1165],[109.68483,30.10951],[109.67487,30.11833],[109.67878,30.13401],[109.66308,30.13827],[109.65279,30.15111],[109.63046,30.15451],[109.62982,30.17094],[109.64775,30.20584],[109.64257,30.22013],[109.62807,30.22051],[109.62057,30.21111],[109.56673,30.21901],[109.55415,30.20203],[109.53622,30.20336],[109.52071,30.19401],[109.52604,30.18472],[109.51934,30.17915],[109.53007,30.1784],[109.5306,30.16451],[109.4988,30.10654],[109.51506,30.09233],[109.47911,30.03935],[109.4612,30.03523],[109.46374,30.04202],[109.44674,30.05284],[109.44185,30.07682],[109.4157,30.078],[109.41374,30.06804],[109.3949,30.05621],[109.3626,30.06606],[109.3069,29.99305],[109.30205,29.96655],[109.28398,29.95419],[109.28328,29.94363],[109.26331,29.9222],[109.2542,29.92285],[109.2553,29.90869],[109.23679,29.89927],[109.23815,29.88194],[109.2085,29.87979],[109.19065,29.85385],[109.18187,29.85879],[109.18502,29.85132],[109.16881,29.85505],[109.16542,29.86633],[109.17373,29.88377],[109.15896,29.89633],[109.17421,29.92614],[109.15944,29.93969],[109.16787,29.94643],[109.16428,29.98488],[109.1739,30.00459],[109.16504,30.00882],[109.14094,29.99513],[109.14739,30.0414],[109.14117,30.03947],[109.14497,30.05041],[109.12995,30.05049],[109.12705,30.06007],[109.13497,30.0854],[109.1301,30.09388],[109.14317,30.1046],[109.13502,30.12473],[109.15881,30.13859],[109.16252,30.15476],[109.13671,30.15911],[109.12262,30.14064],[109.09615,30.16777],[109.08571,30.1684],[109.09995,30.17806],[109.0971,30.19031],[109.11935,30.19545],[109.12927,30.2088],[109.14429,30.20715],[109.17494,30.23147],[109.19015,30.22789],[109.20874,30.2365],[109.20377,30.24506],[109.21115,30.25634],[109.23911,30.26544],[109.30137,30.31292],[109.31142,30.33472],[109.28325,30.34776],[109.26915,30.37334],[109.25726,30.37086],[109.2408,30.39177],[109.22508,30.38465],[109.19306,30.38725],[109.17865,30.37735],[109.177,30.39935],[109.13682,30.40455],[109.13698,30.41881],[109.12365,30.42808],[109.12302,30.45641],[109.09064,30.47649],[109.12203,30.48838],[109.131,30.50998],[109.1481,30.51273],[109.1399,30.52303],[109.16117,30.54883],[109.19184,30.54744],[109.20188,30.56461],[109.21199,30.56391],[109.24151,30.58824],[109.22682,30.58283],[109.22609,30.59051],[109.27407,30.61194],[109.29272,30.634],[109.29898,30.63369],[109.29437,30.6256],[109.30846,30.61064],[109.32159,30.62172],[109.32027,30.60824],[109.30452,30.60158],[109.3403,30.57962],[109.35899,30.55716],[109.33288,30.52663],[109.33264,30.5097],[109.34627,30.48962],[109.39668,30.54003],[109.44884,30.61536],[109.47699,30.62481],[109.52719,30.67028],[109.53704,30.65776],[109.52912,30.64148],[109.5636,30.64678]]]}},{"type":"Feature","id":"CTAMAP-2020-COUNTY-0407","properties":{"map_level":"county","source_name":"樊城区","source_code":"420606","county_type":"市辖区","prefecture_name":"襄阳市","prefecture_code":"420600","prefecture_type":"地级市","parent_entity_id":"CNUR-000173","parent_year_end_name":"襄阳市","province_name":"湖北省","province_code":"420000","snapshot_year":2020,"panel_year":2019,"link_status":"parent_linked","former_name":"","note":""},"geometry":{"type":"Polygon","coordinates":[[[111.77467,32.25455],[111.80316,32.24632],[111.82679,32.24583],[111.8323,32.23665],[111.82197,32.20704],[111.83947,32.18128],[111.8697,32.17369],[111.8919,32.14835],[111.89851,32.14923],[111.89492,32.15922],[111.90274,32.15675],[111.89758,32.18428],[111.91794,32.15878],[111.93061,32.15619],[111.94377,32.1562],[111.94244,32.16276],[111.95507,32.16378],[111.96005,32.17384],[111.98378,32.16922],[111.99414,32.15103],[111.9947,32.18327],[112.02,32.16472],[112.03843,32.16934],[112.04793,32.15322],[112.07049,32.16198],[112.10222,32.15965],[112.11132,32.13659],[112.14171,32.13046],[112.15681,32.09524],[112.15084,32.08196],[112.17014,32.06092],[112.16755,32.05203],[112.13272,32.02457],[112.11426,32.02186],[112.08797,32.03383],[112.04481,32.02158],[112.03738,32.04708],[112.0163,32.06177],[112.00107,32.05744],[111.99455,32.06888],[111.97454,32.06107],[111.91203,32.06612],[111.87564,32.05056],[111.82711,32.056],[111.80832,32.07611],[111.79663,32.11482],[111.78304,32.11149],[111.77416,32.1366],[111.7421,32.17424],[111.78966,32.21191],[111.75194,32.22842],[111.74866,32.24416],[111.77467,32.25455]]]}},{"type":"Feature","id":"CTAMAP-2020-COUNTY-0417","properties":{"map_level":"county","source_name":"房县","source_code":"420325","county_type":"县","prefecture_name":"十堰市","prefecture_code":"420300","prefecture_type":"地级市","parent_entity_id":"CNUR-000171","parent_year_end_name":"十堰市","province_name":"湖北省","province_code":"420000","snapshot_year":2020,"panel_year":2019,"link_status":"parent_linked","former_name":"","note":""},"geometry":{"type":"MultiPolygon","coordinates":[[[[110.58897,32.4827],[110.58325,32.47053],[110.59712,32.45361],[110.60658,32.45385],[110.60398,32.43944],[110.62296,32.43649],[110.63343,32.44653],[110.65169,32.44311],[110.66132,32.45664],[110.67307,32.45286],[110.69122,32.44232],[110.7114,32.39676],[110.73338,32.40372],[110.75726,32.43041],[110.78187,32.43109],[110.78991,32.41995],[110.80095,32.42193],[110.80968,32.41316],[110.79854,32.40775],[110.81385,32.36318],[110.80921,32.35432],[110.81889,32.3045],[110.8421,32.28782],[110.87331,32.29546],[110.86622,32.2817],[110.88145,32.27987],[110.89658,32.29147],[110.89573,32.28064],[110.91185,32.27182],[110.94608,32.29067],[110.97222,32.29453],[110.99904,32.26857],[111.00091,32.24417],[111.02066,32.23616],[111.04291,32.24221],[111.05548,32.2653],[111.0663,32.26369],[111.07367,32.28244],[111.1049,32.28981],[111.11137,32.30604],[111.14915,32.31171],[111.16529,32.28723],[111.20467,32.29051],[111.20628,32.27458],[111.23585,32.27116],[111.2277,32.251],[111.25202,32.21895],[111.24781,32.19991],[111.22977,32.1812],[111.23215,32.1682],[111.21236,32.15647],[111.21583,32.14576],[111.18669,32.13354],[111.17736,32.11995],[111.14234,32.12465],[111.08726,32.08778],[111.06932,32.09378],[111.05617,32.08136],[111.0507,32.06319],[111.06682,32.0706],[111.0772,32.06607],[111.06353,32.03103],[111.07588,32.02686],[111.05377,32.00717],[111.0497,31.99211],[111.05931,31.98291],[111.06904,31.99742],[111.07966,31.99421],[111.08046,31.97045],[111.0911,31.96758],[111.0993,31.95072],[111.08798,31.94573],[111.07018,31.97206],[111.05869,31.96218],[111.04556,31.98579],[111.04244,32.01106],[111.016,32.01618],[111.00007,32.01064],[110.9896,31.99229],[111.01159,31.97022],[111.00454,31.96307],[111.01016,31.94689],[110.99928,31.92024],[111.01045,31.91048],[110.99525,31.89786],[111.01209,31.88194],[111.01985,31.84995],[111.01832,31.83991],[111.00946,31.83803],[111.019,31.8343],[110.99595,31.82429],[110.98877,31.84513],[110.99757,31.85308],[110.99636,31.8636],[110.99147,31.86717],[110.96641,31.84774],[110.95059,31.87317],[110.9347,31.87988],[110.91033,31.87037],[110.90941,31.86085],[110.88794,31.8762],[110.87431,31.87667],[110.86758,31.87287],[110.87586,31.86438],[110.86515,31.86869],[110.86801,31.85436],[110.85429,31.85104],[110.80346,31.85455],[110.79555,31.86718],[110.77918,31.86663],[110.78037,31.84993],[110.75938,31.84214],[110.75882,31.83039],[110.7472,31.84302],[110.70194,31.8449],[110.69931,31.85366],[110.68004,31.85441],[110.67346,31.86301],[110.66004,31.85933],[110.65349,31.84424],[110.61704,31.85211],[110.60004,31.84499],[110.52948,31.85182],[110.52961,31.84165],[110.51057,31.8418],[110.51555,31.85914],[110.49979,31.85953],[110.47775,31.84969],[110.48661,31.83767],[110.46696,31.83107],[110.46481,31.81448],[110.44503,31.80817],[110.42621,31.81281],[110.42419,31.82209],[110.40344,31.82128],[110.39617,31.80872],[110.36637,31.79736],[110.36466,31.77233],[110.3401,31.76303],[110.27556,31.76484],[110.26726,31.76206],[110.26431,31.74736],[110.23087,31.73145],[110.23,31.71237],[110.21949,31.70866],[110.21195,31.67783],[110.23361,31.66308],[110.23114,31.64739],[110.2099,31.63771],[110.20036,31.6214],[110.22905,31.60159],[110.22915,31.59219],[110.2156,31.58776],[110.21386,31.56964],[110.1884,31.58154],[110.16842,31.60575],[110.12237,31.60651],[110.07658,31.58466],[110.0703,31.56287],[110.05202,31.5616],[110.04519,31.58683],[110.06563,31.61374],[110.06043,31.62739],[110.07378,31.63451],[110.07028,31.67476],[110.07917,31.68251],[110.07415,31.68912],[110.08016,31.70271],[110.06488,31.725],[110.0754,31.74419],[110.04424,31.75032],[110.05503,31.78556],[110.0694,31.79862],[110.05759,31.80635],[110.0825,31.80263],[110.09362,31.80746],[110.09242,31.81954],[110.10769,31.82056],[110.13393,31.84174],[110.15308,31.84074],[110.17369,31.85516],[110.16361,31.8969],[110.17064,31.92649],[110.15568,31.92968],[110.14883,31.94436],[110.12978,31.95207],[110.14251,31.98835],[110.1652,32.00427],[110.18042,31.99968],[110.18475,32.0382],[110.17902,32.04536],[110.1934,32.05303],[110.2016,32.07113],[110.25277,32.05755],[110.27032,32.04764],[110.27521,32.033],[110.28892,32.03334],[110.29676,32.04458],[110.31166,32.04215],[110.32895,32.05557],[110.33085,32.06396],[110.34637,32.07022],[110.34391,32.08562],[110.35629,32.10669],[110.34901,32.1416],[110.37383,32.14495],[110.379,32.17094],[110.40443,32.17681],[110.39526,32.20173],[110.41756,32.21183],[110.40978,32.21645],[110.39576,32.21017],[110.38684,32.21695],[110.39478,32.22141],[110.37731,32.23356],[110.38223,32.24518],[110.37176,32.26713],[110.34965,32.24397],[110.33581,32.24917],[110.33526,32.26362],[110.34469,32.26773],[110.33878,32.27498],[110.34969,32.2795],[110.36144,32.30792],[110.34656,32.31922],[110.36844,32.31601],[110.38634,32.33558],[110.4021,32.33199],[110.41621,32.35595],[110.37305,32.41877],[110.35339,32.41637],[110.33855,32.42808],[110.33745,32.45716],[110.34275,32.45852],[110.35708,32.42771],[110.41739,32.43132],[110.41843,32.4386],[110.43608,32.43258],[110.46178,32.44989],[110.47713,32.44964],[110.47473,32.47681],[110.49513,32.49518],[110.5526,32.51109],[110.56622,32.50193],[110.56332,32.49229],[110.58897,32.4827]],[[110.99077,31.94309],[110.96877,31.94429],[110.98715,31.9226],[110.99077,31.94309]]],[[[111.13823,32.04886],[111.14145,32.03385],[111.11683,32.03075],[111.11092,32.01597],[111.07856,32.00315],[111.10727,32.0517],[111.12289,32.04041],[111.13823,32.04886]]]]}},{"type":"Feature","id":"CTAMAP-2020-COUNTY-0544","properties":{"map_level":"county","source_name":"公安县","source_code":"421022","county_type":"县","prefecture_name":"荆州市","prefecture_code":"421000","prefecture_type":"地级市","parent_entity_id":"CNUR-000177","parent_year_end_name":"荆州市","province_name":"湖北省","province_code":"420000","snapshot_year":2020,"panel_year":2019,"link_status":"parent_linked","former_name":"","note":""},"geometry":{"type":"Polygon","coordinates":[[[112.21523,30.31602],[112.2653,30.2837],[112.28607,30.26069],[112.28727,30.2485],[112.2731,30.22234],[112.20805,30.16673],[112.18484,30.15562],[112.19121,30.12598],[112.21816,30.079],[112.23434,30.06793],[112.31434,30.0714],[112.38423,30.04707],[112.41623,29.99578],[112.42097,29.93765],[112.41316,29.90833],[112.3741,29.84952],[112.34472,29.81698],[112.31948,29.80247],[112.32341,29.73546],[112.28687,29.74292],[112.27427,29.7372],[112.26859,29.71156],[112.24772,29.69477],[112.23873,29.66278],[112.21119,29.6475],[112.21256,29.63796],[112.19628,29.63624],[112.19302,29.61991],[112.17241,29.65955],[112.1581,29.66451],[112.14537,29.65697],[112.11847,29.65882],[112.11221,29.6659],[112.10575,29.66068],[112.08657,29.68766],[112.06041,29.68345],[112.05441,29.6989],[112.0682,29.71947],[112.07062,29.74536],[112.05886,29.77185],[112.04865,29.76092],[112.05639,29.74539],[112.03767,29.7627],[111.98881,29.78304],[111.98099,29.79693],[111.94913,29.79883],[111.94507,29.81919],[111.95834,29.84193],[111.92945,29.83535],[111.91412,29.84324],[111.90957,29.85534],[111.8801,29.8607],[111.87234,29.87088],[111.87149,29.85994],[111.85518,29.86168],[111.84015,29.87755],[111.82423,29.87634],[111.82397,29.89247],[111.80398,29.89783],[111.81343,29.90866],[111.85029,29.90173],[111.87518,29.90863],[111.9002,29.93539],[111.89062,29.99788],[111.90718,30.01854],[111.91373,30.04554],[111.93133,30.04753],[111.91978,30.1038],[111.90202,30.11852],[111.92312,30.14322],[111.92136,30.15362],[111.93047,30.16492],[111.95961,30.18507],[111.97739,30.17574],[111.97687,30.158],[112.01468,30.15634],[112.0562,30.18363],[112.0651,30.17628],[112.06069,30.16791],[112.08229,30.15996],[112.06671,30.12726],[112.08027,30.13328],[112.10437,30.11769],[112.10478,30.12866],[112.14951,30.15021],[112.12355,30.16136],[112.12691,30.18005],[112.13716,30.18683],[112.12885,30.19878],[112.14148,30.20623],[112.12169,30.21576],[112.12831,30.27554],[112.11807,30.29735],[112.21523,30.31602]]]}},{"type":"Feature","id":"CTAMAP-2020-COUNTY-0568","properties":{"map_level":"county","source_name":"谷城县","source_code":"420625","county_type":"县","prefecture_name":"襄阳市","prefecture_code":"420600","prefecture_type":"地级市","parent_entity_id":"CNUR-000173","parent_year_end_name":"襄阳市","province_name":"湖北省","province_code":"420000","snapshot_year":2020,"panel_year":2019,"link_status":"parent_linked","former_name":"","note":""},"geometry":{"type":"Polygon","coordinates":[[[111.51954,32.49974],[111.61641,32.45713],[111.65387,32.42567],[111.66577,32.39821],[111.62551,32.35318],[111.62579,32.32068],[111.67436,32.30487],[111.70553,32.26208],[111.69455,32.23549],[111.69578,32.21327],[111.71847,32.17877],[111.74881,32.17128],[111.78304,32.11149],[111.79663,32.11482],[111.80832,32.07611],[111.82471,32.0579],[111.86747,32.05231],[111.87012,32.03863],[111.85566,32.02678],[111.83311,32.03642],[111.82729,32.01312],[111.83365,32.00314],[111.81762,31.99392],[111.84578,31.98321],[111.84961,31.97454],[111.83018,31.95685],[111.78711,31.97009],[111.73999,31.95579],[111.72078,31.96021],[111.71768,31.97036],[111.68664,31.97435],[111.67881,31.98351],[111.67094,31.97804],[111.63952,31.98705],[111.62355,32.0046],[111.54508,32.01137],[111.53339,31.97274],[111.52725,31.96663],[111.5167,31.9739],[111.50284,31.9709],[111.49465,31.9456],[111.49682,31.91556],[111.51456,31.89228],[111.49433,31.89596],[111.47974,31.88328],[111.44751,31.88175],[111.41826,31.90124],[111.4125,31.91562],[111.40107,31.91863],[111.39812,31.91088],[111.39024,31.91905],[111.37042,31.91688],[111.33318,31.93591],[111.32012,31.9732],[111.29865,31.9895],[111.30373,32.00874],[111.29373,32.01816],[111.25285,32.02021],[111.24341,32.02742],[111.21815,32.01517],[111.15914,32.0133],[111.15628,32.03367],[111.12762,32.05982],[111.13331,32.07479],[111.12085,32.09515],[111.12371,32.1045],[111.11624,32.10538],[111.14234,32.12465],[111.17736,32.11995],[111.18669,32.13354],[111.21583,32.14576],[111.21294,32.15742],[111.23273,32.16898],[111.22977,32.1812],[111.24781,32.19991],[111.25202,32.21895],[111.2277,32.251],[111.23585,32.27116],[111.21675,32.26933],[111.2045,32.27667],[111.2279,32.2976],[111.2232,32.30876],[111.24626,32.33394],[111.28424,32.35079],[111.29846,32.34211],[111.31927,32.38384],[111.36515,32.40591],[111.38043,32.4256],[111.41136,32.40892],[111.43798,32.42958],[111.46721,32.43099],[111.47923,32.45216],[111.46874,32.46721],[111.47252,32.47162],[111.49253,32.47641],[111.50189,32.49214],[111.51954,32.49974]]]}},{"type":"Feature","id":"CTAMAP-2020-COUNTY-0597","properties":{"map_level":"county","source_name":"广水市","source_code":"421381","county_type":"县级市","prefecture_name":"随州市","prefecture_code":"421300","prefecture_type":"地级市","parent_entity_id":"CNUR-000180","parent_year_end_name":"随州市","province_name":"湖北省","province_code":"420000","snapshot_year":2020,"panel_year":2019,"link_status":"parent_linked","former_name":"","note":""},"geometry":{"type":"Polygon","coordinates":[[[113.71234,32.09114],[113.78631,32.039],[113.75033,31.99587],[113.7618,31.98188],[113.80842,31.96748],[113.80034,31.93302],[113.83278,31.91088],[113.82548,31.88372],[113.83538,31.86912],[113.83409,31.8548],[113.85288,31.84341],[113.87092,31.8429],[113.8917,31.85152],[113.91201,31.88098],[113.92947,31.88165],[113.92812,31.8707],[113.95255,31.85921],[113.95185,31.84103],[113.94078,31.82504],[113.94733,31.7937],[113.96404,31.78307],[113.96972,31.76034],[113.98233,31.75123],[114.01236,31.77389],[114.05097,31.77251],[114.05763,31.78115],[114.08283,31.78112],[114.09076,31.80206],[114.11233,31.80711],[114.09995,31.78545],[114.11672,31.77344],[114.09228,31.75313],[114.10273,31.73221],[114.08298,31.71014],[114.11999,31.67731],[114.1299,31.68067],[114.10154,31.63044],[114.10564,31.60822],[114.09114,31.60472],[114.09726,31.5918],[114.08972,31.58248],[114.09371,31.57266],[114.08283,31.5662],[114.08232,31.54453],[114.10733,31.53938],[114.06337,31.50783],[114.06724,31.49793],[114.0496,31.49052],[114.0531,31.4729],[114.06807,31.46813],[114.05951,31.44172],[114.04404,31.43389],[114.02892,31.44562],[113.99678,31.41819],[113.97493,31.43261],[113.97042,31.41766],[113.97801,31.39861],[113.96228,31.3986],[113.94359,31.38459],[113.92749,31.38426],[113.92308,31.39117],[113.92843,31.39991],[113.94607,31.40316],[113.9463,31.41385],[113.92437,31.41636],[113.90708,31.44094],[113.8978,31.42909],[113.88813,31.42957],[113.88715,31.41144],[113.87696,31.4117],[113.87154,31.43497],[113.85821,31.44305],[113.85609,31.45513],[113.83415,31.4474],[113.82622,31.42731],[113.80518,31.44382],[113.79391,31.42918],[113.78582,31.4478],[113.74515,31.45535],[113.71691,31.47207],[113.68983,31.43069],[113.66489,31.42014],[113.66292,31.40852],[113.65447,31.40982],[113.62776,31.38875],[113.60721,31.40067],[113.60348,31.41638],[113.5907,31.42059],[113.58643,31.43298],[113.56662,31.44309],[113.5801,31.48926],[113.57011,31.50889],[113.573,31.52724],[113.53118,31.56852],[113.54469,31.57807],[113.53601,31.62129],[113.54505,31.63665],[113.54041,31.66037],[113.55234,31.67667],[113.56249,31.67646],[113.54787,31.68767],[113.56647,31.7221],[113.55588,31.72944],[113.55595,31.74646],[113.52654,31.75788],[113.53703,31.78185],[113.52174,31.79007],[113.54338,31.81593],[113.56732,31.81074],[113.57041,31.83357],[113.58749,31.84943],[113.60105,31.84853],[113.6057,31.86597],[113.62377,31.88042],[113.62931,31.89701],[113.60403,31.90885],[113.60848,31.9278],[113.59686,31.93777],[113.603,31.93927],[113.60744,31.96553],[113.61848,31.96033],[113.63007,31.98133],[113.64496,31.98154],[113.66336,32.00083],[113.6635,32.01161],[113.69552,32.04061],[113.69042,32.06446],[113.71234,32.09114]]]}},{"type":"Feature","id":"CTAMAP-2020-COUNTY-0639","properties":{"map_level":"county","source_name":"汉川市","source_code":"420984","county_type":"县级市","prefecture_name":"孝感市","prefecture_code":"420900","prefecture_type":"地级市","parent_entity_id":"CNUR-000176","parent_year_end_name":"孝感市","province_name":"湖北省","province_code":"420000","snapshot_year":2020,"panel_year":2019,"link_status":"parent_linked","former_name":"","note":""},"geometry":{"type":"Polygon","coordinates":[[[113.73849,30.84416],[113.74807,30.81831],[113.77308,30.81295],[113.80203,30.78596],[113.80276,30.77516],[113.79458,30.76982],[113.80233,30.75956],[113.81021,30.76352],[113.82826,30.75438],[113.83374,30.76774],[113.85006,30.75105],[113.85897,30.81345],[113.86969,30.80182],[113.91183,30.78532],[113.89808,30.76042],[113.91415,30.75456],[113.90658,30.73977],[113.91238,30.73073],[113.90188,30.72387],[113.88936,30.73054],[113.88945,30.71282],[113.91156,30.71726],[113.9185,30.69629],[113.9322,30.70117],[113.95374,30.68609],[113.91899,30.64701],[113.93519,30.63621],[113.92143,30.62352],[113.9405,30.613],[113.93202,30.6033],[113.93956,30.59645],[113.91794,30.57444],[113.88013,30.56783],[113.87416,30.525],[113.86209,30.52138],[113.86,30.53379],[113.84409,30.53257],[113.82623,30.49771],[113.80722,30.49305],[113.79306,30.46712],[113.7764,30.45534],[113.76998,30.4357],[113.75682,30.43831],[113.7413,30.4242],[113.71507,30.42512],[113.69669,30.40077],[113.70706,30.39852],[113.70303,30.39111],[113.6747,30.39308],[113.65386,30.42149],[113.62751,30.41299],[113.61458,30.41972],[113.61584,30.44148],[113.63552,30.46992],[113.61479,30.4902],[113.60311,30.47724],[113.59361,30.48322],[113.59383,30.494],[113.55838,30.47917],[113.53193,30.42442],[113.49782,30.40679],[113.49411,30.38436],[113.45953,30.39378],[113.4591,30.46345],[113.4341,30.4709],[113.43058,30.49538],[113.44632,30.52169],[113.44049,30.53602],[113.42934,30.54014],[113.4287,30.55642],[113.4554,30.63803],[113.43011,30.65671],[113.4267,30.67825],[113.44052,30.6889],[113.43716,30.70078],[113.41707,30.69943],[113.43383,30.72107],[113.43138,30.73137],[113.41737,30.73811],[113.43118,30.75923],[113.42392,30.76727],[113.42924,30.78513],[113.41252,30.80424],[113.40962,30.82016],[113.39982,30.82169],[113.40034,30.82917],[113.3709,30.85218],[113.38916,30.86044],[113.40293,30.84994],[113.41457,30.83687],[113.4095,30.83309],[113.41844,30.81615],[113.44115,30.80841],[113.51127,30.71317],[113.53828,30.73003],[113.61328,30.73835],[113.61678,30.75206],[113.60213,30.75413],[113.6018,30.77042],[113.67013,30.79459],[113.70361,30.83542],[113.72445,30.81815],[113.72455,30.83958],[113.73849,30.84416]],[[113.44424,30.49334],[113.45181,30.50732],[113.45116,30.51329],[113.4428,30.5046],[113.44424,30.49334]]]}},{"type":"Feature","id":"CTAMAP-2020-COUNTY-0640","properties":{"map_level":"county","source_name":"汉南区","source_code":"420113","county_type":"市辖区","prefecture_name":"武汉市","prefecture_code":"420100","prefecture_type":"地级市","parent_entity_id":"CNUR-000169","parent_year_end_name":"武汉市","province_name":"湖北省","province_code":"420000","snapshot_year":2020,"panel_year":2019,"link_status":"parent_linked","former_name":"","note":""},"geometry":{"type":"Polygon","coordinates":[[[114.10792,30.34313],[114.09407,30.31693],[114.07999,30.25691],[114.04869,30.22102],[114.0299,30.22886],[114.00466,30.27479],[113.95524,30.30157],[113.93165,30.29589],[113.9017,30.26874],[113.85846,30.20328],[113.86057,30.19206],[113.84955,30.18744],[113.81541,30.18205],[113.80881,30.20666],[113.76202,30.21757],[113.75059,30.23523],[113.75985,30.24788],[113.7854,30.25335],[113.79614,30.26575],[113.80848,30.26147],[113.83538,30.28298],[113.84308,30.27025],[113.85828,30.26685],[113.87018,30.27975],[113.86399,30.29501],[113.87556,30.30011],[113.88187,30.2946],[113.87893,30.30622],[113.88683,30.30154],[113.90539,30.33104],[113.89742,30.34766],[113.9292,30.36025],[113.92869,30.36792],[113.94047,30.36084],[113.97861,30.36441],[114.01047,30.35097],[114.01797,30.3659],[114.06981,30.35772],[114.08318,30.37786],[114.09681,30.36482],[114.08848,30.36349],[114.09456,30.35781],[114.08798,30.34873],[114.10792,30.34313]],[[113.98322,30.36078],[113.96986,30.36336],[113.9696,30.35449],[113.97797,30.3602],[113.9819,30.35362],[113.98322,30.36078]],[[114.00165,30.34559],[114.00615,30.3497],[114.00012,30.35332],[114.00165,30.34559]]]}},{"type":"Feature","id":"CTAMAP-2020-COUNTY-0643","properties":{"map_level":"county","source_name":"汉阳区","source_code":"420105","county_type":"市辖区","prefecture_name":"武汉市","prefecture_code":"420100","prefecture_type":"地级市","parent_entity_id":"CNUR-000169","parent_year_end_name":"武汉市","province_name":"湖北省","province_code":"420000","snapshot_year":2020,"panel_year":2019,"link_status":"parent_linked","former_name":"","note":""},"geometry":{"type":"Polygon","coordinates":[[[114.2473,30.56696],[114.29151,30.56609],[114.26992,30.521],[114.23051,30.47857],[114.19428,30.48693],[114.1775,30.50564],[114.19322,30.52828],[114.17265,30.54404],[114.16162,30.54566],[114.16159,30.5355],[114.13057,30.5253],[114.12577,30.53362],[114.13773,30.57179],[114.1185,30.58872],[114.12177,30.59424],[114.13564,30.58508],[114.14019,30.59432],[114.16974,30.60582],[114.17219,30.58935],[114.18454,30.58278],[114.20383,30.58564],[114.2473,30.56696]]]}},{"type":"Feature","id":"CTAMAP-2020-COUNTY-0680","properties":{"map_level":"county","source_name":"鹤峰县","source_code":"422828","county_type":"县","prefecture_name":"恩施土家族苗族自治州","prefecture_code":"422800","prefecture_type":"自治州","parent_entity_id":"CNUR-000181","parent_year_end_name":"恩施土家族苗族自治州","province_name":"湖北省","province_code":"420000","snapshot_year":2020,"panel_year":2019,"link_status":"parent_linked","former_name":"","note":""},"geometry":{"type":"Polygon","coordinates":[[[110.23948,30.24201],[110.26073,30.22486],[110.29229,30.21591],[110.30527,30.19913],[110.27637,30.19851],[110.2672,30.18176],[110.29648,30.17196],[110.29693,30.14966],[110.31063,30.15065],[110.3526,30.12501],[110.31,30.10807],[110.33645,30.09433],[110.32102,30.07649],[110.32297,30.06607],[110.31197,30.0613],[110.31922,30.04787],[110.30354,30.02858],[110.30897,30.02001],[110.29833,29.99172],[110.31259,29.9835],[110.30498,29.96643],[110.29484,29.9632],[110.30187,29.96219],[110.30176,29.95379],[110.32287,29.9398],[110.32846,29.94432],[110.33412,29.93498],[110.34681,29.94391],[110.34744,29.95519],[110.36154,29.96065],[110.37743,29.95361],[110.3963,29.96222],[110.4184,29.95677],[110.4381,29.99951],[110.44734,29.99586],[110.44881,30.00335],[110.48677,30.02184],[110.51385,30.00465],[110.54264,30.00279],[110.55463,29.98999],[110.51089,29.96501],[110.50151,29.92152],[110.51467,29.90654],[110.53571,29.9066],[110.52721,29.87863],[110.54135,29.87188],[110.54529,29.84885],[110.56378,29.8488],[110.58053,29.83799],[110.60816,29.84166],[110.63805,29.77772],[110.62712,29.75969],[110.51824,29.69488],[110.50702,29.70411],[110.5084,29.69639],[110.49553,29.69551],[110.45985,29.71566],[110.44406,29.69376],[110.44193,29.66744],[110.4106,29.66373],[110.40812,29.65581],[110.36673,29.636],[110.34878,29.64389],[110.33816,29.67039],[110.31833,29.67352],[110.29768,29.66462],[110.27603,29.7102],[110.25049,29.72352],[110.24928,29.73226],[110.22034,29.74061],[110.21736,29.7504],[110.19519,29.76288],[110.17696,29.76406],[110.1618,29.75304],[110.12467,29.79251],[110.11002,29.78601],[110.10408,29.7932],[110.06888,29.79444],[109.97893,29.77085],[109.96511,29.78344],[109.94858,29.7768],[109.92639,29.78146],[109.89825,29.76582],[109.86801,29.78155],[109.84592,29.77152],[109.81503,29.77623],[109.78935,29.76568],[109.77277,29.77554],[109.78493,29.81827],[109.76026,29.86334],[109.76851,29.87526],[109.75638,29.88722],[109.80428,29.92587],[109.81594,29.92086],[109.8176,29.93456],[109.82442,29.93243],[109.82466,29.95592],[109.84492,29.97145],[109.83407,29.98436],[109.87109,29.98913],[109.87698,30.00928],[109.8549,29.99238],[109.84136,30.00274],[109.86227,30.01718],[109.86155,30.03997],[109.88033,30.04934],[109.88534,30.06187],[109.90071,30.06205],[109.92618,30.08076],[109.94035,30.06521],[109.95651,30.08206],[109.94816,30.1026],[109.96589,30.11428],[109.9938,30.11648],[110.00472,30.12515],[110.02201,30.12222],[110.10212,30.17159],[110.15106,30.18317],[110.17131,30.19891],[110.18852,30.22893],[110.23948,30.24201]]]}},{"type":"Feature","id":"CTAMAP-2020-COUNTY-0694","properties":{"map_level":"county","source_name":"红安县","source_code":"421122","county_type":"县","prefecture_name":"黄冈市","prefecture_code":"421100","prefecture_type":"地级市","parent_entity_id":"CNUR-000178","parent_year_end_name":"黄冈市","province_name":"湖北省","province_code":"420000","snapshot_year":2020,"panel_year":2019,"link_status":"parent_linked","former_name":"","note":""},"geometry":{"type":"Polygon","coordinates":[[[114.82548,31.45961],[114.813,31.43131],[114.82045,31.40667],[114.81389,31.39512],[114.82095,31.38387],[114.795,31.35039],[114.78208,31.35306],[114.76863,31.34052],[114.77738,31.29761],[114.80329,31.26923],[114.77814,31.23151],[114.76249,31.22695],[114.76398,31.21558],[114.74109,31.19029],[114.72922,31.15932],[114.73745,31.1494],[114.73212,31.13158],[114.7414,31.12793],[114.744,31.1116],[114.75868,31.09502],[114.70961,31.07457],[114.69173,31.08163],[114.68058,31.07058],[114.68107,31.05056],[114.69929,31.03708],[114.67257,31.01696],[114.68634,31.00747],[114.68581,30.99558],[114.69594,30.98549],[114.70725,30.98315],[114.6964,30.96319],[114.70886,30.94463],[114.69941,30.94084],[114.67943,30.95094],[114.65228,30.93452],[114.64386,30.94484],[114.63779,30.93519],[114.62374,30.93515],[114.61903,30.92187],[114.59884,30.96354],[114.55519,30.98165],[114.54824,30.99968],[114.53849,30.99458],[114.52707,31.01127],[114.50433,31.0167],[114.4981,31.0458],[114.52793,31.09723],[114.52318,31.1102],[114.52853,31.11995],[114.51603,31.14338],[114.4899,31.14833],[114.48424,31.16081],[114.46296,31.174],[114.45292,31.17192],[114.44741,31.18668],[114.4665,31.18501],[114.46711,31.19289],[114.44717,31.19842],[114.44828,31.20629],[114.41776,31.21347],[114.40072,31.23364],[114.39622,31.25046],[114.43785,31.31355],[114.43315,31.32639],[114.43865,31.3458],[114.42145,31.34913],[114.41754,31.35897],[114.42431,31.36311],[114.42671,31.38737],[114.44595,31.38814],[114.44556,31.41636],[114.47344,31.4077],[114.47808,31.4142],[114.4707,31.4367],[114.4833,31.46875],[114.50752,31.46386],[114.49432,31.50256],[114.50825,31.54152],[114.51854,31.54195],[114.51481,31.5642],[114.52464,31.56589],[114.51888,31.55287],[114.53485,31.54845],[114.55408,31.56566],[114.568,31.55719],[114.58658,31.56371],[114.59116,31.57771],[114.61167,31.58768],[114.63992,31.58346],[114.66947,31.5458],[114.69274,31.54832],[114.69208,31.52616],[114.71258,31.53023],[114.71622,31.51924],[114.7357,31.52947],[114.76343,31.52156],[114.77828,31.52782],[114.78147,31.52177],[114.7686,31.51445],[114.76931,31.50354],[114.77872,31.49793],[114.77613,31.48661],[114.80822,31.48028],[114.82548,31.45961]]]}},{"type":"Feature","id":"CTAMAP-2020-COUNTY-0708","properties":{"map_level":"county","source_name":"洪湖市","source_code":"421083","county_type":"县级市","prefecture_name":"荆州市","prefecture_code":"421000","prefecture_type":"地级市","parent_entity_id":"CNUR-000177","parent_year_end_name":"荆州市","province_name":"湖北省","province_code":"420000","snapshot_year":2020,"panel_year":2019,"link_status":"parent_linked","former_name":"","note":""},"geometry":{"type":"Polygon","coordinates":[[[113.66624,29.92185],[113.63361,29.90755],[113.60128,29.87057],[113.52292,29.82537],[113.48641,29.78838],[113.41149,29.73865],[113.31297,29.64337],[113.26098,29.6728],[113.29772,29.72946],[113.28382,29.73699],[113.31326,29.76598],[113.29022,29.86083],[113.22921,29.92515],[113.19384,29.91521],[113.18266,29.95761],[113.16611,29.9552],[113.16384,29.97689],[113.18382,29.98438],[113.17622,29.99449],[113.18066,30.01456],[113.1739,30.01602],[113.17969,30.03935],[113.16769,30.04612],[113.17492,30.05924],[113.15711,30.08072],[113.16812,30.09707],[113.14757,30.10377],[113.1437,30.11273],[113.12423,30.11239],[113.12567,30.14559],[113.20863,30.15941],[113.23269,30.15247],[113.30144,30.15901],[113.32575,30.17231],[113.33915,30.19511],[113.36679,30.1953],[113.46661,30.14365],[113.47585,30.11766],[113.51099,30.09305],[113.51394,30.07569],[113.55405,30.07204],[113.64024,30.09238],[113.66751,30.08451],[113.68137,30.09621],[113.70078,30.09683],[113.70982,30.11833],[113.72794,30.12229],[113.72956,30.13708],[113.75827,30.12175],[113.78382,30.13331],[113.78375,30.14211],[113.81948,30.16296],[113.81541,30.18205],[113.82146,30.18594],[113.86057,30.19206],[113.87859,30.18515],[113.944,30.2076],[113.97695,30.19428],[114.08611,30.11803],[114.07099,30.08832],[113.89736,30.02533],[113.8174,29.93299],[113.76434,29.92305],[113.66624,29.92185]]]}},{"type":"Feature","id":"CTAMAP-2020-COUNTY-0710","properties":{"map_level":"county","source_name":"洪山区","source_code":"420111","county_type":"市辖区","prefecture_name":"武汉市","prefecture_code":"420100","prefecture_type":"地级市","parent_entity_id":"CNUR-000169","parent_year_end_name":"武汉市","province_name":"湖北省","province_code":"420000","snapshot_year":2020,"panel_year":2019,"link_status":"parent_linked","former_name":"","note":""},"geometry":{"type":"Polygon","coordinates":[[[114.50819,30.68379],[114.53835,30.66747],[114.58625,30.57549],[114.6175,30.56025],[114.63589,30.47987],[114.61964,30.47058],[114.62081,30.45454],[114.57845,30.46419],[114.58879,30.48973],[114.56743,30.49342],[114.58469,30.52702],[114.5488,30.53751],[114.53911,30.53533],[114.5297,30.51666],[114.50168,30.50644],[114.52193,30.5061],[114.52335,30.5002],[114.51378,30.46958],[114.50438,30.47118],[114.49231,30.45978],[114.47097,30.4655],[114.46976,30.48424],[114.45896,30.49297],[114.42223,30.49611],[114.4098,30.47263],[114.39676,30.46807],[114.39561,30.48035],[114.3712,30.48316],[114.36036,30.46463],[114.36435,30.44327],[114.35376,30.42203],[114.30797,30.43418],[114.30356,30.44505],[114.28532,30.45071],[114.26054,30.41549],[114.23352,30.42627],[114.22317,30.38119],[114.20017,30.40756],[114.19061,30.39154],[114.1686,30.40513],[114.18611,30.43927],[114.25683,30.50741],[114.27445,30.4982],[114.30087,30.52273],[114.30556,30.50671],[114.34618,30.53542],[114.36531,30.53128],[114.39871,30.54724],[114.4133,30.58365],[114.40827,30.60036],[114.39301,30.59921],[114.37371,30.58006],[114.35213,30.58096],[114.33426,30.5599],[114.31414,30.55694],[114.31381,30.57036],[114.3391,30.57481],[114.35289,30.5874],[114.34883,30.59858],[114.36151,30.6048],[114.34839,30.62164],[114.35428,30.62671],[114.36953,30.61412],[114.40202,30.62597],[114.41484,30.61922],[114.42814,30.62359],[114.42437,30.60553],[114.43784,30.60536],[114.44501,30.59254],[114.45813,30.59812],[114.45496,30.60888],[114.46232,30.61673],[114.44859,30.67536],[114.34358,30.63581],[114.37131,30.67421],[114.44364,30.69618],[114.50819,30.68379]]]}},{"type":"Feature","id":"CTAMAP-2020-COUNTY-0734","properties":{"map_level":"county","source_name":"华容区","source_code":"420703","county_type":"市辖区","prefecture_name":"鄂州市","prefecture_code":"420700","prefecture_type":"地级市","parent_entity_id":"CNUR-000174","parent_year_end_name":"鄂州市","province_name":"湖北省","province_code":"420000","snapshot_year":2020,"panel_year":2019,"link_status":"parent_linked","former_name":"","note":""},"geometry":{"type":"Polygon","coordinates":[[[114.80261,30.61616],[114.81462,30.60886],[114.83275,30.57644],[114.82979,30.44792],[114.84243,30.43101],[114.83692,30.42092],[114.80804,30.41745],[114.7754,30.39386],[114.75857,30.40011],[114.75519,30.3885],[114.74244,30.38315],[114.73196,30.39138],[114.71467,30.39099],[114.71056,30.37227],[114.68006,30.37971],[114.66793,30.39336],[114.65226,30.38688],[114.65835,30.3598],[114.64591,30.36658],[114.64206,30.35849],[114.63248,30.36361],[114.62193,30.35791],[114.61876,30.34777],[114.59147,30.3501],[114.58561,30.36483],[114.58718,30.4252],[114.57843,30.44086],[114.58552,30.46009],[114.62081,30.45454],[114.61964,30.47058],[114.6359,30.47947],[114.6175,30.56025],[114.69962,30.58003],[114.76461,30.61522],[114.80261,30.61616]]]}},{"type":"Feature","id":"CTAMAP-2020-COUNTY-0764","properties":{"map_level":"county","source_name":"黄陂区","source_code":"420116","county_type":"市辖区","prefecture_name":"武汉市","prefecture_code":"420100","prefecture_type":"地级市","parent_entity_id":"CNUR-000169","parent_year_end_name":"武汉市","province_name":"湖北省","province_code":"420000","snapshot_year":2020,"panel_year":2019,"link_status":"parent_linked","former_name":"","note":""},"geometry":{"type":"Polygon","coordinates":[[[114.43408,31.30856],[114.39612,31.25025],[114.40072,31.23364],[114.41776,31.21347],[114.44828,31.20629],[114.44717,31.19842],[114.46711,31.19289],[114.4665,31.18501],[114.44741,31.18668],[114.45292,31.17192],[114.46296,31.174],[114.48424,31.16081],[114.4899,31.14833],[114.51603,31.14338],[114.52853,31.11995],[114.52318,31.1102],[114.52793,31.09723],[114.4981,31.0458],[114.49833,31.0328],[114.50433,31.0167],[114.52707,31.01127],[114.53849,30.99458],[114.54824,30.99968],[114.55519,30.98165],[114.59926,30.96299],[114.61194,30.92938],[114.60773,30.87901],[114.59625,30.8679],[114.58566,30.82245],[114.50914,30.80181],[114.50152,30.80952],[114.49346,30.80155],[114.47664,30.80852],[114.49093,30.79188],[114.48352,30.7504],[114.49934,30.7255],[114.47169,30.7374],[114.46857,30.72539],[114.50359,30.71267],[114.52056,30.69084],[114.51054,30.69426],[114.50819,30.68379],[114.4468,30.69636],[114.39897,30.68611],[114.38492,30.69834],[114.36408,30.70076],[114.33077,30.676],[114.31503,30.68829],[114.29551,30.67621],[114.28401,30.68736],[114.27085,30.68785],[114.25077,30.66826],[114.23517,30.66561],[114.18297,30.69744],[114.17762,30.73671],[114.15114,30.75251],[114.16042,30.75681],[114.15675,30.76392],[114.17237,30.7578],[114.16801,30.80258],[114.1779,30.81605],[114.16479,30.8334],[114.1592,30.87901],[114.15157,30.88908],[114.15822,30.89445],[114.1521,30.95544],[114.16987,30.96981],[114.17363,30.9898],[114.15185,31.03054],[114.16245,31.04061],[114.16081,31.05029],[114.17152,31.04965],[114.18483,31.06523],[114.17615,31.11641],[114.20657,31.12539],[114.24228,31.1826],[114.22741,31.20555],[114.21618,31.2092],[114.20691,31.20161],[114.19222,31.2136],[114.17331,31.26155],[114.17913,31.27073],[114.19305,31.26112],[114.20059,31.26685],[114.19119,31.27755],[114.19721,31.30424],[114.21465,31.30364],[114.23321,31.32631],[114.2331,31.33949],[114.25005,31.34833],[114.25448,31.34355],[114.27632,31.36291],[114.29063,31.35807],[114.29516,31.34018],[114.30352,31.34169],[114.3272,31.3178],[114.34989,31.32452],[114.35994,31.31357],[114.41352,31.31101],[114.42616,31.31681],[114.43408,31.30856]]]}},{"type":"Feature","id":"CTAMAP-2020-COUNTY-0769","properties":{"map_level":"county","source_name":"黄梅县","source_code":"421127","county_type":"县","prefecture_name":"黄冈市","prefecture_code":"421100","prefecture_type":"地级市","parent_entity_id":"CNUR-000178","parent_year_end_name":"黄冈市","province_name":"湖北省","province_code":"420000","snapshot_year":2020,"panel_year":2019,"link_status":"parent_linked","former_name":"","note":""},"geometry":{"type":"Polygon","coordinates":[[[116.13286,29.82671],[116.07734,29.79547],[116.03574,29.7561],[115.92739,29.72084],[115.83965,29.748],[115.76381,29.79088],[115.72058,29.82551],[115.74171,29.84261],[115.72098,29.87644],[115.72338,29.88425],[115.76047,29.88668],[115.75805,29.91298],[115.7807,29.92648],[115.82939,29.97952],[115.79436,30.01502],[115.77784,30.01856],[115.79564,30.03751],[115.79241,30.05166],[115.82004,30.07266],[115.82152,30.08814],[115.77983,30.10883],[115.74254,30.19064],[115.78524,30.20034],[115.80378,30.22587],[115.82306,30.22611],[115.8335,30.2661],[115.84873,30.26458],[115.89056,30.29306],[115.91977,30.29508],[115.91682,30.30102],[115.93437,30.3128],[115.98481,30.28963],[115.98292,30.26406],[116.00493,30.25765],[116.00911,30.24259],[116.02189,30.24389],[116.03015,30.22576],[116.0406,30.22853],[116.06054,30.21226],[116.06269,30.19525],[116.05073,30.18629],[116.05476,30.15718],[116.0669,30.13399],[116.08385,30.12886],[116.07909,30.11838],[116.08515,30.10878],[116.07666,30.10095],[116.08274,30.07998],[116.07145,30.06785],[116.08688,30.03328],[116.07752,30.02881],[116.06951,29.96614],[116.12793,29.90252],[116.12139,29.88606],[116.13125,29.87036],[116.1216,29.86369],[116.13286,29.82671]]]}},{"type":"Feature","id":"CTAMAP-2020-COUNTY-0774","properties":{"map_level":"county","source_name":"黄石港区","source_code":"420202","county_type":"市辖区","prefecture_name":"黄石市","prefecture_code":"420200","prefecture_type":"地级市","parent_entity_id":"CNUR-000170","parent_year_end_name":"黄石市","province_name":"湖北省","province_code":"420000","snapshot_year":2020,"panel_year":2019,"link_status":"parent_linked","former_name":"","note":""},"geometry":{"type":"Polygon","coordinates":[[[115.07198,30.26204],[115.07021,30.24137],[115.09329,30.21873],[115.09166,30.20936],[115.02859,30.21779],[115.02752,30.23082],[115.0039,30.23466],[115.02181,30.25647],[115.07198,30.26204]]]}},{"type":"Feature","id":"CTAMAP-2020-COUNTY-0776","properties":{"map_level":"county","source_name":"黄州区","source_code":"421102","county_type":"市辖区","prefecture_name":"黄冈市","prefecture_code":"421100","prefecture_type":"地级市","parent_entity_id":"CNUR-000178","parent_year_end_name":"黄冈市","province_name":"湖北省","province_code":"420000","snapshot_year":2020,"panel_year":2019,"link_status":"parent_linked","former_name":"","note":""},"geometry":{"type":"Polygon","coordinates":[[[115.07177,30.60693],[115.05819,30.59066],[115.06151,30.54468],[115.02188,30.54126],[115.00623,30.50001],[114.99503,30.46281],[115.00447,30.44785],[115.00832,30.40755],[114.88899,30.41682],[114.84957,30.42721],[114.83064,30.4438],[114.83364,30.56888],[114.84111,30.58977],[114.89009,30.60923],[114.91466,30.59027],[114.91538,30.56592],[114.93071,30.55885],[114.96421,30.56292],[114.98776,30.58979],[115.00939,30.59134],[115.01332,30.61156],[115.02587,30.61098],[115.04352,30.64636],[115.0579,30.63523],[115.07177,30.60693]]]}},{"type":"Feature","id":"CTAMAP-2020-COUNTY-0847","properties":{"map_level":"county","source_name":"嘉鱼县","source_code":"421221","county_type":"县","prefecture_name":"咸宁市","prefecture_code":"421200","prefecture_type":"地级市","parent_entity_id":"CNUR-000179","parent_year_end_name":"咸宁市","province_name":"湖北省","province_code":"420000","snapshot_year":2020,"panel_year":2019,"link_status":"parent_linked","former_name":"","note":""},"geometry":{"type":"Polygon","coordinates":[[[114.04236,30.22016],[114.03095,30.21174],[114.03337,30.19837],[114.07166,30.21118],[114.10041,30.20897],[114.14644,30.14474],[114.1443,30.11826],[114.15437,30.11545],[114.16005,30.0933],[114.18682,30.08908],[114.18812,30.04971],[114.20569,30.03079],[114.20809,30.01607],[114.18419,29.98032],[114.16883,29.96947],[114.15589,29.97465],[114.10882,29.96999],[114.10093,29.98764],[114.06702,29.98644],[114.05701,29.97798],[114.04318,29.9029],[114.03179,29.90013],[114.02213,29.90942],[113.99468,29.89094],[113.96367,29.89637],[113.96334,29.87566],[113.9552,29.87122],[113.92586,29.87786],[113.91061,29.86527],[113.9108,29.85635],[113.9259,29.84461],[113.917,29.83753],[113.92187,29.82887],[113.90416,29.83099],[113.87833,29.80837],[113.85317,29.8047],[113.82915,29.7908],[113.82164,29.80218],[113.80982,29.79194],[113.79847,29.79352],[113.782,29.81823],[113.75978,29.82026],[113.7359,29.80516],[113.71206,29.8249],[113.70854,29.83855],[113.66791,29.85555],[113.65802,29.88166],[113.66411,29.89326],[113.6546,29.90292],[113.66645,29.9103],[113.66624,29.92185],[113.81028,29.92969],[113.83442,29.94792],[113.90119,30.02772],[114.05776,30.08196],[114.08116,30.09731],[114.08641,30.11685],[114.0809,30.1248],[113.95662,30.20434],[113.94021,30.20752],[113.87859,30.18515],[113.86057,30.19206],[113.85846,30.20328],[113.87232,30.22646],[113.92059,30.28826],[113.9419,30.30061],[113.97807,30.29399],[114.00972,30.26947],[114.02754,30.23215],[114.04236,30.22016]]]}},{"type":"Feature","id":"CTAMAP-2020-COUNTY-0854","properties":{"map_level":"county","source_name":"监利县","source_code":"421023","county_type":"县","prefecture_name":"荆州市","prefecture_code":"421000","prefecture_type":"地级市","parent_entity_id":"CNUR-000177","parent_year_end_name":"荆州市","province_name":"湖北省","province_code":"420000","snapshot_year":2020,"panel_year":2019,"link_status":"parent_linked","former_name":"","note":""},"geometry":{"type":"MultiPolygon","coordinates":[[[[113.12695,30.14714],[113.12423,30.11239],[113.1437,30.11273],[113.14757,30.10377],[113.16812,30.09707],[113.15711,30.08072],[113.17492,30.05924],[113.16769,30.04612],[113.17969,30.03935],[113.1739,30.01602],[113.18066,30.01456],[113.17622,29.99449],[113.18382,29.98438],[113.16384,29.97689],[113.16611,29.9552],[113.18266,29.95761],[113.19384,29.91521],[113.22921,29.92515],[113.29022,29.86083],[113.31326,29.76598],[113.28382,29.73699],[113.29772,29.72946],[113.26098,29.6728],[113.31297,29.64337],[113.26991,29.59527],[113.26426,29.57844],[113.22177,29.5464],[113.15706,29.46391],[113.13954,29.45389],[113.09485,29.46154],[113.09608,29.44131],[113.08175,29.4338],[113.07093,29.44476],[113.05956,29.51669],[113.0484,29.52738],[113.00605,29.51642],[112.96364,29.47166],[112.94726,29.47289],[112.9383,29.48513],[112.90679,29.60797],[112.90641,29.61731],[112.93467,29.64925],[112.95396,29.65708],[113.00215,29.70149],[113.02493,29.77278],[113.01149,29.77131],[112.97395,29.7385],[112.96013,29.72197],[112.95459,29.69903],[112.93092,29.67754],[112.92073,29.69796],[112.92826,29.73846],[112.92486,29.76623],[112.8865,29.79207],[112.86562,29.79061],[112.7977,29.74199],[112.73965,29.73066],[112.72828,29.74594],[112.73097,29.76324],[112.75003,29.76418],[112.76909,29.78024],[112.76092,29.82561],[112.74769,29.83244],[112.63176,29.82318],[112.62256,29.8363],[112.61373,29.83244],[112.59167,29.85138],[112.606,29.87869],[112.60659,29.90015],[112.59473,29.91154],[112.61604,29.93841],[112.61146,29.95171],[112.62546,29.96933],[112.62032,29.97845],[112.63375,29.98531],[112.63971,30.00247],[112.6344,30.00839],[112.65649,30.00894],[112.66069,29.99926],[112.66949,30.00094],[112.66145,30.01467],[112.68957,30.02637],[112.68895,30.04521],[112.71912,30.05694],[112.74063,30.08077],[112.81106,30.08133],[112.78318,30.1069],[112.786,30.1136],[112.80533,30.10811],[112.80139,30.15831],[112.82944,30.16224],[112.84601,30.18368],[112.87182,30.18754],[112.87536,30.17228],[112.93848,30.162],[112.94053,30.1475],[112.95275,30.1385],[112.98525,30.13497],[113.0138,30.14936],[113.01017,30.16414],[113.02119,30.1726],[113.01966,30.18704],[113.03609,30.19321],[113.05394,30.18401],[113.08404,30.1504],[113.11248,30.15427],[113.12695,30.14714]],[[112.93361,29.78329],[112.91425,29.80162],[112.88897,29.80226],[112.93193,29.76809],[112.93361,29.78329]]],[[[113.1274,29.43223],[113.11645,29.42352],[113.10532,29.43713],[113.11532,29.43797],[113.1274,29.43223]]]]}},{"type":"Feature","id":"CTAMAP-2020-COUNTY-0865","properties":{"map_level":"county","source_name":"建始县","source_code":"422822","county_type":"县","prefecture_name":"恩施土家族苗族自治州","prefecture_code":"422800","prefecture_type":"自治州","parent_entity_id":"CNUR-000181","parent_year_end_name":"恩施土家族苗族自治州","province_name":"湖北省","province_code":"420000","snapshot_year":2020,"panel_year":2019,"link_status":"parent_linked","former_name":"","note":""},"geometry":{"type":"Polygon","coordinates":[[[110.10888,30.846],[110.11873,30.83602],[110.15303,30.84572],[110.175,30.82476],[110.19724,30.8316],[110.21663,30.82131],[110.20795,30.78367],[110.17469,30.76203],[110.17183,30.74347],[110.15391,30.7429],[110.12223,30.68034],[110.11215,30.68151],[110.0827,30.65227],[110.09615,30.6425],[110.08997,30.62789],[110.12166,30.56923],[110.12082,30.52589],[110.11224,30.50961],[110.13625,30.48463],[110.11984,30.46432],[110.12905,30.43633],[110.11937,30.4231],[110.12147,30.39974],[110.10695,30.37931],[110.10326,30.35944],[110.11555,30.34905],[110.10446,30.32775],[110.11216,30.31787],[110.09899,30.287],[110.11258,30.27372],[110.15554,30.30417],[110.16378,30.32038],[110.17561,30.30669],[110.1747,30.28335],[110.16655,30.274],[110.18078,30.28168],[110.17693,30.27231],[110.19148,30.27037],[110.18808,30.22613],[110.17131,30.19891],[110.15106,30.18317],[110.10212,30.17159],[110.02201,30.12222],[110.00472,30.12515],[109.97727,30.11274],[109.97971,30.14601],[109.95187,30.15368],[109.95555,30.18611],[109.93556,30.19262],[109.94637,30.20372],[109.9379,30.21303],[109.92103,30.21002],[109.92638,30.24934],[109.95557,30.25107],[109.94701,30.26809],[109.96811,30.29486],[109.96603,30.30722],[109.93973,30.33123],[109.93212,30.34959],[109.91739,30.34883],[109.92336,30.36509],[109.88696,30.42803],[109.89495,30.43563],[109.86964,30.44216],[109.86784,30.48231],[109.87518,30.49085],[109.90431,30.4718],[109.90875,30.47581],[109.90738,30.50125],[109.88449,30.52136],[109.88791,30.53177],[109.87959,30.54395],[109.83991,30.53004],[109.82099,30.54364],[109.80503,30.54155],[109.81644,30.52647],[109.81315,30.51792],[109.79313,30.52003],[109.79625,30.52861],[109.78569,30.52617],[109.78605,30.518],[109.76166,30.51061],[109.74382,30.48074],[109.71131,30.51365],[109.68848,30.5091],[109.66251,30.51813],[109.63411,30.54811],[109.64143,30.56605],[109.56266,30.59406],[109.54941,30.62213],[109.58152,30.66981],[109.57589,30.67513],[109.58231,30.69593],[109.6257,30.70685],[109.65361,30.72976],[109.65818,30.74054],[109.64931,30.76473],[109.69521,30.78645],[109.69561,30.77173],[109.71387,30.78035],[109.71698,30.78684],[109.70883,30.79087],[109.71483,30.81089],[109.77328,30.85009],[109.81646,30.86232],[109.88812,30.90218],[109.92764,30.88974],[109.93621,30.8936],[109.93856,30.88183],[109.95108,30.87887],[109.97115,30.89238],[110.00334,30.88687],[110.0003,30.87201],[110.01217,30.85682],[110.01378,30.83236],[110.04502,30.80202],[110.07836,30.80498],[110.09246,30.83248],[110.10888,30.846]]]}},{"type":"Feature","id":"CTAMAP-2020-COUNTY-0874","properties":{"map_level":"county","source_name":"江岸区","source_code":"420102","county_type":"市辖区","prefecture_name":"武汉市","prefecture_code":"420100","prefecture_type":"地级市","parent_entity_id":"CNUR-000169","parent_year_end_name":"武汉市","province_name":"湖北省","province_code":"420000","snapshot_year":2020,"panel_year":2019,"link_status":"parent_linked","former_name":"","note":""},"geometry":{"type":"Polygon","coordinates":[[[114.39897,30.68611],[114.37131,30.67421],[114.29914,30.57666],[114.26845,30.59379],[114.28023,30.60859],[114.25246,30.64474],[114.29069,30.67494],[114.28488,30.68657],[114.29623,30.67622],[114.31564,30.68815],[114.33028,30.67589],[114.36408,30.70076],[114.38492,30.69834],[114.39897,30.68611]]]}},{"type":"Feature","id":"CTAMAP-2020-COUNTY-0882","properties":{"map_level":"county","source_name":"江汉区","source_code":"420103","county_type":"市辖区","prefecture_name":"武汉市","prefecture_code":"420100","prefecture_type":"地级市","parent_entity_id":"CNUR-000169","parent_year_end_name":"武汉市","province_name":"湖北省","province_code":"420000","snapshot_year":2020,"panel_year":2019,"link_status":"parent_linked","former_name":"","note":""},"geometry":{"type":"Polygon","coordinates":[[[114.29914,30.57666],[114.29151,30.56609],[114.28047,30.56661],[114.27017,30.58201],[114.26317,30.57908],[114.25056,30.59067],[114.23351,30.58591],[114.2212,30.60026],[114.23511,30.60737],[114.23223,30.61465],[114.22323,30.61231],[114.22063,30.62591],[114.25246,30.64474],[114.28023,30.60859],[114.26845,30.59379],[114.29914,30.57666]]]}},{"type":"Feature","id":"CTAMAP-2020-COUNTY-0886","properties":{"map_level":"county","source_name":"江陵县","source_code":"421024","county_type":"县","prefecture_name":"荆州市","prefecture_code":"421000","prefecture_type":"地级市","parent_entity_id":"CNUR-000177","parent_year_end_name":"荆州市","province_name":"湖北省","province_code":"420000","snapshot_year":2020,"panel_year":2019,"link_status":"parent_linked","former_name":"","note":""},"geometry":{"type":"Polygon","coordinates":[[[112.74063,30.08077],[112.71912,30.05694],[112.68895,30.04521],[112.68957,30.02637],[112.66145,30.01467],[112.66949,30.00094],[112.66069,29.99926],[112.65649,30.00894],[112.6344,30.00839],[112.63971,30.00247],[112.63375,29.98531],[112.62006,29.97798],[112.62559,29.96986],[112.61146,29.95171],[112.61604,29.93841],[112.60776,29.935],[112.60852,29.92523],[112.59799,29.92292],[112.59852,29.91142],[112.56882,29.92943],[112.57362,29.93999],[112.54501,29.94574],[112.50602,29.94304],[112.50648,29.93614],[112.48767,29.9342],[112.48861,29.9243],[112.47845,29.92861],[112.48022,29.93666],[112.45947,29.92368],[112.44357,29.92329],[112.41979,29.93087],[112.41623,29.99578],[112.38423,30.04707],[112.31434,30.0714],[112.2512,30.06377],[112.22629,30.07204],[112.19121,30.12598],[112.18386,30.15373],[112.2794,30.2301],[112.29704,30.22437],[112.30006,30.23691],[112.31273,30.23479],[112.31251,30.21996],[112.39225,30.20027],[112.39916,30.20329],[112.3917,30.22048],[112.39708,30.22222],[112.49488,30.22787],[112.49628,30.25318],[112.52087,30.27954],[112.56405,30.23421],[112.5749,30.21209],[112.56422,30.20662],[112.56925,30.17059],[112.59289,30.17026],[112.57252,30.11972],[112.64323,30.12074],[112.64422,30.10283],[112.65206,30.09815],[112.6674,30.10683],[112.68666,30.09269],[112.73616,30.09206],[112.74063,30.08077]]]}},{"type":"Feature","id":"CTAMAP-2020-COUNTY-0890","properties":{"map_level":"county","source_name":"江夏区","source_code":"420115","county_type":"市辖区","prefecture_name":"武汉市","prefecture_code":"420100","prefecture_type":"地级市","parent_entity_id":"CNUR-000169","parent_year_end_name":"武汉市","province_name":"湖北省","province_code":"420000","snapshot_year":2020,"panel_year":2019,"link_status":"parent_linked","former_name":"","note":""},"geometry":{"type":"Polygon","coordinates":[[[114.58552,30.46009],[114.57835,30.43955],[114.58718,30.4252],[114.58561,30.36483],[114.59251,30.34649],[114.58807,30.28914],[114.56528,30.27223],[114.56197,30.25813],[114.53924,30.23656],[114.54352,30.22282],[114.52973,30.19807],[114.516,30.19567],[114.50831,30.17642],[114.51251,30.1641],[114.50067,30.15158],[114.49938,30.12664],[114.53142,30.09603],[114.54059,30.05568],[114.56066,30.03188],[114.54479,30.03449],[114.54033,30.02349],[114.5308,30.02968],[114.54002,30.00725],[114.53182,29.99731],[114.53633,29.97847],[114.52958,29.97182],[114.49196,29.9861],[114.49075,29.99416],[114.48053,29.99512],[114.4797,29.98689],[114.47382,29.98503],[114.45256,30.00412],[114.35986,30.03421],[114.25963,30.00147],[114.23307,29.99837],[114.2067,30.00576],[114.20569,30.03079],[114.18812,30.04971],[114.18682,30.08908],[114.16005,30.0933],[114.15437,30.11545],[114.1443,30.11826],[114.14644,30.14474],[114.1082,30.20086],[114.10041,30.20897],[114.07166,30.21118],[114.03292,30.1993],[114.03095,30.21174],[114.0566,30.22635],[114.07999,30.25691],[114.09407,30.31693],[114.10792,30.34313],[114.1686,30.40513],[114.19061,30.39154],[114.20017,30.40756],[114.22317,30.38119],[114.23352,30.42627],[114.26054,30.41549],[114.28532,30.45071],[114.30356,30.44505],[114.30797,30.43418],[114.35376,30.42203],[114.36435,30.44327],[114.36036,30.46463],[114.3712,30.48316],[114.39561,30.48035],[114.39676,30.46807],[114.4098,30.47263],[114.42223,30.49611],[114.45896,30.49297],[114.46976,30.48424],[114.47097,30.4655],[114.49231,30.45978],[114.50438,30.47118],[114.51378,30.46958],[114.52335,30.5002],[114.52193,30.5061],[114.50168,30.50644],[114.5297,30.51666],[114.53911,30.53533],[114.5488,30.53751],[114.58469,30.52702],[114.56743,30.49342],[114.58879,30.48973],[114.57737,30.46856],[114.58552,30.46009]]]}},{"type":"Feature","id":"CTAMAP-2020-COUNTY-0950","properties":{"map_level":"county","source_name":"京山市","source_code":"420882","county_type":"县级市","prefecture_name":"荆门市","prefecture_code":"420800","prefecture_type":"地级市","parent_entity_id":"CNUR-000175","parent_year_end_name":"荆门市","province_name":"湖北省","province_code":"420000","snapshot_year":2020,"panel_year":2019,"link_status":"parent_linked","former_name":"京山县","note":"2018年撤销京山县，设立京山市"},"geometry":{"type":"Polygon","coordinates":[[[113.27735,31.35318],[113.29258,31.32963],[113.31022,31.34159],[113.32576,31.32687],[113.32401,31.32027],[113.3354,31.3187],[113.34449,31.30638],[113.35397,31.30977],[113.36922,31.27699],[113.37984,31.29362],[113.40012,31.29327],[113.41951,31.27989],[113.42398,31.25756],[113.43449,31.25383],[113.43258,31.24099],[113.45894,31.22615],[113.46816,31.23532],[113.47746,31.2316],[113.48271,31.21246],[113.47802,31.1716],[113.488,31.15726],[113.47056,31.13148],[113.488,31.1191],[113.46327,31.10633],[113.46203,31.05355],[113.44835,31.0358],[113.43305,31.03449],[113.42368,31.01524],[113.40342,31.00682],[113.38896,30.98807],[113.37612,30.99577],[113.38571,30.9675],[113.36111,30.96335],[113.3593,30.95012],[113.35157,30.94705],[113.35772,30.93167],[113.33545,30.94066],[113.32307,30.93488],[113.32782,30.91579],[113.31989,30.89061],[113.30169,30.88982],[113.30507,30.89707],[113.29585,30.90559],[113.29088,30.89756],[113.27419,30.90573],[113.24058,30.87093],[113.22422,30.86932],[113.23207,30.86342],[113.22567,30.85569],[113.21084,30.85854],[113.20169,30.84688],[113.20523,30.83378],[113.18334,30.81367],[113.159,30.81673],[113.13008,30.79675],[113.11965,30.81022],[113.11195,30.80551],[113.09586,30.81802],[113.08953,30.80837],[113.07691,30.82448],[113.06735,30.81576],[113.07235,30.79549],[113.06441,30.78161],[113.04383,30.78353],[113.03035,30.77382],[113.00571,30.7899],[112.99136,30.79016],[112.97446,30.76804],[112.92894,30.74711],[112.91418,30.7163],[112.90493,30.71199],[112.89014,30.72226],[112.88683,30.70202],[112.86992,30.69945],[112.83513,30.7318],[112.82439,30.73103],[112.83003,30.7342],[112.82245,30.75564],[112.82854,30.76053],[112.82642,30.78133],[112.81492,30.79217],[112.81778,30.80401],[112.763,30.86195],[112.75734,30.89319],[112.71906,30.94791],[112.72679,30.95308],[112.72452,30.9727],[112.739,30.97706],[112.777,31.02904],[112.81801,31.03407],[112.85441,31.06677],[112.83785,31.08435],[112.8542,31.0965],[112.83136,31.11825],[112.86208,31.14239],[112.86035,31.16624],[112.88699,31.16713],[112.90357,31.20681],[112.93155,31.21601],[112.90385,31.23298],[112.88755,31.25971],[112.87933,31.29048],[112.88041,31.30239],[112.89202,31.30404],[112.88496,31.31923],[112.92044,31.31245],[112.93601,31.31949],[112.9247,31.32758],[112.94504,31.34855],[113.00352,31.36541],[112.99346,31.38475],[113.00122,31.39293],[112.98162,31.43421],[113.02384,31.45003],[113.04945,31.43438],[113.07721,31.44471],[113.101,31.4435],[113.10923,31.42821],[113.12731,31.42681],[113.13874,31.43974],[113.15724,31.42888],[113.14324,31.42558],[113.1411,31.41812],[113.15649,31.40669],[113.16966,31.41148],[113.18274,31.39741],[113.20019,31.39829],[113.2172,31.37599],[113.21326,31.37086],[113.22971,31.35886],[113.27735,31.35318]]]}},{"type":"Feature","id":"CTAMAP-2020-COUNTY-0955","properties":{"map_level":"county","source_name":"荆州区","source_code":"421003","county_type":"市辖区","prefecture_name":"荆州市","prefecture_code":"421000","prefecture_type":"地级市","parent_entity_id":"CNUR-000177","parent_year_end_name":"荆州市","province_name":"湖北省","province_code":"420000","snapshot_year":2020,"panel_year":2019,"link_status":"parent_linked","former_name":"","note":""},"geometry":{"type":"Polygon","coordinates":[[[112.07546,30.66017],[112.09403,30.64909],[112.09067,30.63561],[112.11249,30.62437],[112.09902,30.59868],[112.11733,30.5928],[112.1209,30.57155],[112.1325,30.56381],[112.12354,30.55268],[112.13212,30.52255],[112.14585,30.52288],[112.15994,30.53827],[112.17971,30.52458],[112.16603,30.51482],[112.17234,30.48665],[112.16738,30.48115],[112.1846,30.47071],[112.2013,30.47701],[112.19923,30.47077],[112.2084,30.47118],[112.2039,30.48304],[112.19341,30.47775],[112.19401,30.49842],[112.21447,30.50983],[112.22944,30.4991],[112.2667,30.50195],[112.26809,30.48475],[112.29633,30.48505],[112.30471,30.45259],[112.29654,30.44015],[112.319,30.41038],[112.34021,30.40219],[112.32622,30.38305],[112.30986,30.3817],[112.26697,30.40293],[112.26384,30.38799],[112.24378,30.38134],[112.2401,30.35961],[112.21755,30.33948],[112.21523,30.31602],[112.11807,30.29735],[112.12831,30.27554],[112.12169,30.21576],[112.14148,30.20623],[112.12885,30.19878],[112.13716,30.18683],[112.12691,30.18005],[112.12355,30.16136],[112.14951,30.15021],[112.10478,30.12866],[112.10324,30.11761],[112.08027,30.13328],[112.06671,30.12726],[112.08229,30.15996],[112.06069,30.16791],[112.0651,30.17628],[112.0562,30.18363],[112.01468,30.15634],[111.97647,30.15824],[111.98429,30.19186],[111.99831,30.20618],[112.01546,30.20463],[112.01695,30.22455],[112.04051,30.22983],[112.03277,30.24757],[112.02499,30.24893],[112.04252,30.25718],[112.04477,30.27444],[112.03528,30.2866],[112.04639,30.30167],[112.02885,30.30489],[112.0012,30.32476],[111.96926,30.36508],[111.97496,30.41203],[111.96742,30.44026],[111.95095,30.45061],[111.95067,30.44527],[111.93977,30.44844],[111.94354,30.44114],[111.91918,30.44663],[111.90358,30.46162],[111.91849,30.46112],[111.91493,30.46821],[111.92259,30.47717],[111.90711,30.4835],[111.91788,30.50832],[111.9707,30.50605],[111.9739,30.52414],[111.99724,30.557],[111.98983,30.57263],[111.96767,30.57777],[111.98,30.58317],[111.98079,30.60321],[112.00659,30.61744],[112.01831,30.64779],[112.0433,30.66109],[112.06023,30.65402],[112.07546,30.66017]]]}},{"type":"Feature","id":"CTAMAP-2020-COUNTY-1046","properties":{"map_level":"county","source_name":"来凤县","source_code":"422827","county_type":"县","prefecture_name":"恩施土家族苗族自治州","prefecture_code":"422800","prefecture_type":"自治州","parent_entity_id":"CNUR-000181","parent_year_end_name":"恩施土家族苗族自治州","province_name":"湖北省","province_code":"420000","snapshot_year":2020,"panel_year":2019,"link_status":"parent_linked","former_name":"","note":""},"geometry":{"type":"Polygon","coordinates":[[[109.32152,29.65826],[109.32411,29.6436],[109.35996,29.63207],[109.35258,29.61512],[109.35999,29.59188],[109.37368,29.59337],[109.38186,29.61597],[109.39092,29.61357],[109.396,29.60461],[109.40901,29.60687],[109.40903,29.59053],[109.42162,29.58684],[109.42415,29.56444],[109.44084,29.56295],[109.44083,29.5546],[109.45845,29.55916],[109.45374,29.5353],[109.46032,29.51735],[109.4445,29.52178],[109.44092,29.53184],[109.42546,29.53074],[109.43533,29.49422],[109.41072,29.49987],[109.40018,29.47139],[109.41358,29.45186],[109.39751,29.44783],[109.40123,29.43678],[109.38441,29.44044],[109.36358,29.41541],[109.38706,29.37621],[109.36424,29.38656],[109.33323,29.36847],[109.34173,29.35071],[109.32545,29.33877],[109.34009,29.33036],[109.33225,29.3157],[109.34828,29.3086],[109.35241,29.29298],[109.32007,29.26187],[109.28178,29.24611],[109.28003,29.23682],[109.25934,29.22616],[109.27357,29.18877],[109.25715,29.1523],[109.27105,29.13968],[109.27376,29.12428],[109.25226,29.12681],[109.22757,29.1178],[109.21795,29.14921],[109.20305,29.14911],[109.16027,29.18397],[109.15067,29.16974],[109.14011,29.16998],[109.10689,29.21035],[109.11206,29.24233],[109.1366,29.27165],[109.11589,29.29106],[109.1003,29.29042],[109.11186,29.31598],[109.10269,29.32154],[109.111,29.33557],[109.10563,29.36633],[109.04837,29.40663],[109.05741,29.4242],[109.0345,29.45235],[109.053,29.49174],[109.02105,29.49974],[109.04039,29.53081],[109.05677,29.5249],[109.06101,29.54495],[109.08864,29.53291],[109.10723,29.55771],[109.12344,29.56381],[109.12923,29.58299],[109.14236,29.57641],[109.14663,29.5873],[109.16901,29.59222],[109.18247,29.61878],[109.19153,29.60218],[109.20246,29.60111],[109.20549,29.61232],[109.21919,29.61396],[109.22329,29.62284],[109.24185,29.61486],[109.2436,29.63496],[109.25195,29.6227],[109.26268,29.62209],[109.29074,29.67071],[109.32152,29.65826]]]}},{"type":"Feature","id":"CTAMAP-2020-COUNTY-1074","properties":{"map_level":"county","source_name":"老河口市","source_code":"420682","county_type":"县级市","prefecture_name":"襄阳市","prefecture_code":"420600","prefecture_type":"地级市","parent_entity_id":"CNUR-000173","parent_year_end_name":"襄阳市","province_name":"湖北省","province_code":"420000","snapshot_year":2020,"panel_year":2019,"link_status":"parent_linked","former_name":"","note":""},"geometry":{"type":"Polygon","coordinates":[[[111.63998,32.62836],[111.63194,32.6199],[111.63965,32.60275],[111.65188,32.61799],[111.70973,32.60858],[111.75765,32.56203],[111.7809,32.55838],[111.78264,32.54713],[111.82511,32.53072],[111.8572,32.5321],[111.86418,32.50932],[111.88625,32.50178],[111.93325,32.5212],[111.94611,32.51851],[111.96885,32.47378],[111.98638,32.47109],[111.98435,32.46105],[111.99785,32.46117],[112.00532,32.45254],[111.98578,32.42358],[111.96758,32.41183],[111.97615,32.40735],[111.97412,32.39999],[111.9151,32.38656],[111.92993,32.38465],[111.9259,32.37123],[111.93545,32.37383],[111.93442,32.36584],[111.94033,32.36625],[111.92724,32.35902],[111.91453,32.32966],[111.88787,32.3267],[111.87766,32.33768],[111.87176,32.32361],[111.84693,32.32443],[111.82944,32.30025],[111.83619,32.29495],[111.82953,32.28266],[111.81084,32.27428],[111.80265,32.25485],[111.77467,32.25455],[111.74866,32.24416],[111.75194,32.22842],[111.78966,32.21191],[111.7421,32.17424],[111.71847,32.17877],[111.69578,32.21327],[111.69455,32.23549],[111.70553,32.26208],[111.67436,32.30487],[111.62579,32.32068],[111.62551,32.35318],[111.66577,32.39821],[111.65387,32.42567],[111.61641,32.45713],[111.52691,32.49258],[111.55001,32.54537],[111.56866,32.55246],[111.57926,32.57025],[111.57264,32.59043],[111.57947,32.60167],[111.59121,32.59968],[111.61606,32.6298],[111.63998,32.62836]]]}},{"type":"Feature","id":"CTAMAP-2020-COUNTY-1110","properties":{"map_level":"county","source_name":"利川市","source_code":"422802","county_type":"县级市","prefecture_name":"恩施土家族苗族自治州","prefecture_code":"422800","prefecture_type":"自治州","parent_entity_id":"CNUR-000181","parent_year_end_name":"恩施土家族苗族自治州","province_name":"湖北省","province_code":"420000","snapshot_year":2020,"panel_year":2019,"link_status":"parent_linked","former_name":"","note":""},"geometry":{"type":"Polygon","coordinates":[[[109.13552,30.53704],[109.1481,30.51273],[109.13086,30.50987],[109.12203,30.48838],[109.09064,30.47649],[109.12302,30.45641],[109.12365,30.42808],[109.13698,30.41881],[109.13682,30.40455],[109.17537,30.4004],[109.18136,30.39035],[109.17403,30.38235],[109.18352,30.37562],[109.19306,30.38725],[109.22508,30.38465],[109.2414,30.39157],[109.25726,30.37086],[109.26915,30.37334],[109.28325,30.34776],[109.31149,30.33412],[109.30137,30.31292],[109.23911,30.26544],[109.21161,30.25678],[109.20377,30.24506],[109.20811,30.23607],[109.19015,30.22789],[109.17494,30.23147],[109.14429,30.20715],[109.12927,30.2088],[109.11935,30.19545],[109.09698,30.19017],[109.09995,30.17806],[109.09197,30.17386],[109.0857,30.16807],[109.09615,30.16777],[109.11811,30.14215],[109.14115,30.16067],[109.16252,30.15476],[109.15881,30.13859],[109.13502,30.12473],[109.14317,30.1046],[109.1301,30.09388],[109.13497,30.0854],[109.12705,30.06007],[109.12995,30.05049],[109.14497,30.05041],[109.14117,30.03947],[109.12064,30.03135],[109.11045,30.01375],[109.08416,29.995],[109.07082,30.01042],[109.04506,30.00957],[109.00582,29.97734],[108.99944,29.94679],[108.98371,29.94391],[108.9642,29.94948],[108.95325,29.98576],[108.96479,30.01637],[108.95995,30.03152],[108.94355,30.03207],[108.92728,30.04822],[108.90069,30.0286],[108.88894,29.99866],[108.87033,29.99502],[108.86116,29.97125],[108.87869,29.95308],[108.86488,29.94577],[108.85684,29.92359],[108.85214,29.89487],[108.86276,29.86854],[108.83438,29.88261],[108.78159,29.87483],[108.77431,29.86311],[108.75899,29.88688],[108.74451,29.86543],[108.71972,29.88328],[108.71462,29.90498],[108.70417,29.90086],[108.69193,29.9106],[108.6829,29.89815],[108.64321,29.87855],[108.64762,29.87187],[108.59269,29.86373],[108.58875,29.85328],[108.57377,29.84687],[108.57573,29.83453],[108.54918,29.81803],[108.51764,29.76671],[108.52178,29.75914],[108.54643,29.75348],[108.5441,29.74724],[108.52845,29.73628],[108.49531,29.73466],[108.50906,29.72637],[108.50211,29.71055],[108.45645,29.74221],[108.43279,29.74311],[108.44121,29.77826],[108.41486,29.77932],[108.41987,29.81897],[108.40383,29.8238],[108.39313,29.84069],[108.38777,29.81481],[108.36428,29.82117],[108.36771,29.84489],[108.38548,29.86378],[108.4035,29.85989],[108.42773,29.88232],[108.46502,29.86664],[108.48939,29.87112],[108.50362,29.88902],[108.50747,29.8729],[108.52081,29.86932],[108.51326,29.8877],[108.52048,29.9107],[108.51102,29.93498],[108.53305,29.98626],[108.53752,29.99039],[108.54767,29.98111],[108.52348,30.01311],[108.52751,30.05885],[108.50875,30.06081],[108.52764,30.07763],[108.56302,30.15633],[108.54872,30.17205],[108.56083,30.2316],[108.57961,30.2588],[108.55699,30.25722],[108.55764,30.26469],[108.54267,30.27092],[108.52024,30.29756],[108.5183,30.31273],[108.49433,30.31927],[108.45687,30.36079],[108.42684,30.35644],[108.39771,30.37971],[108.39522,30.39365],[108.41878,30.39746],[108.41665,30.41267],[108.42487,30.42011],[108.40668,30.43995],[108.41761,30.45176],[108.40928,30.47819],[108.41875,30.4914],[108.43147,30.49496],[108.43542,30.48808],[108.45029,30.49841],[108.46136,30.48537],[108.4793,30.49221],[108.48516,30.50436],[108.50827,30.50396],[108.52384,30.48872],[108.5399,30.49424],[108.56466,30.47188],[108.58686,30.49779],[108.60753,30.50533],[108.6005,30.51316],[108.61832,30.51926],[108.61393,30.52574],[108.63236,30.53553],[108.64004,30.52098],[108.64611,30.55299],[108.63619,30.57714],[108.66538,30.59163],[108.68637,30.5901],[108.69635,30.54583],[108.7088,30.539],[108.70849,30.5243],[108.73641,30.49892],[108.76856,30.50521],[108.78416,30.51748],[108.80252,30.49439],[108.82424,30.49778],[108.96009,30.62903],[108.97226,30.63227],[108.98303,30.62501],[108.994,30.63557],[109.00205,30.6296],[109.03861,30.65799],[109.05081,30.64459],[109.08337,30.64948],[109.11322,30.64205],[109.11846,30.63327],[109.10494,30.61202],[109.07605,30.60257],[109.08741,30.57268],[109.09645,30.57151],[109.11728,30.53566],[109.13552,30.53704]]]}},{"type":"Feature","id":"CTAMAP-2020-COUNTY-1144","properties":{"map_level":"county","source_name":"梁子湖区","source_code":"420702","county_type":"市辖区","prefecture_name":"鄂州市","prefecture_code":"420700","prefecture_type":"地级市","parent_entity_id":"CNUR-000174","parent_year_end_name":"鄂州市","province_name":"湖北省","province_code":"420000","snapshot_year":2020,"panel_year":2019,"link_status":"parent_linked","former_name":"","note":""},"geometry":{"type":"Polygon","coordinates":[[[114.64591,30.36658],[114.66955,30.3419],[114.66362,30.34354],[114.66371,30.33475],[114.67736,30.32626],[114.6684,30.30563],[114.67763,30.3008],[114.66713,30.29147],[114.64466,30.29892],[114.61881,30.28343],[114.62834,30.27549],[114.64537,30.28494],[114.65689,30.27869],[114.66631,30.28886],[114.68548,30.29158],[114.68781,30.27863],[114.66951,30.27158],[114.65251,30.25014],[114.65984,30.24126],[114.65812,30.22196],[114.69824,30.18829],[114.71942,30.18215],[114.69436,30.14845],[114.71062,30.13784],[114.7037,30.13232],[114.72374,30.12288],[114.73727,30.09112],[114.72549,30.09267],[114.71328,30.08289],[114.72634,30.06261],[114.71032,30.04483],[114.6822,30.04989],[114.68177,30.02456],[114.6381,30.01681],[114.63594,30.04016],[114.61921,30.05609],[114.58712,30.05138],[114.57916,30.0395],[114.56389,30.03841],[114.56842,30.04968],[114.53807,30.06939],[114.5371,30.08216],[114.52966,30.08143],[114.53142,30.09603],[114.49929,30.12695],[114.516,30.19567],[114.53336,30.20235],[114.54352,30.22282],[114.53924,30.23656],[114.56197,30.25813],[114.56528,30.27223],[114.58807,30.28914],[114.59147,30.3501],[114.61876,30.34777],[114.62193,30.35791],[114.63248,30.36361],[114.64206,30.35849],[114.64591,30.36658]]]}},{"type":"Feature","id":"CTAMAP-2020-COUNTY-1304","properties":{"map_level":"county","source_name":"罗田县","source_code":"421123","county_type":"县","prefecture_name":"黄冈市","prefecture_code":"421100","prefecture_type":"地级市","parent_entity_id":"CNUR-000178","parent_year_end_name":"黄冈市","province_name":"湖北省","province_code":"420000","snapshot_year":2020,"panel_year":2019,"link_status":"parent_linked","former_name":"","note":""},"geometry":{"type":"Polygon","coordinates":[[[115.77244,31.10586],[115.77364,31.0819],[115.76031,31.07105],[115.7099,31.07088],[115.71104,31.05411],[115.70066,31.03471],[115.72192,31.02921],[115.71579,31.00347],[115.66464,30.96826],[115.61383,30.94761],[115.61401,30.93738],[115.59379,30.92426],[115.58411,30.89529],[115.58787,30.8827],[115.5725,30.87341],[115.57656,30.86404],[115.5686,30.85002],[115.54168,30.83459],[115.54657,30.81798],[115.53185,30.81005],[115.53681,30.79882],[115.56189,30.80251],[115.58786,30.83016],[115.60041,30.81876],[115.61443,30.81858],[115.60512,30.78711],[115.61934,30.7804],[115.60861,30.7708],[115.62803,30.74507],[115.62408,30.73161],[115.60641,30.72157],[115.62004,30.7121],[115.61346,30.69519],[115.57782,30.67653],[115.57729,30.64758],[115.5591,30.64655],[115.56034,30.62979],[115.54763,30.61902],[115.50599,30.63265],[115.48903,30.59318],[115.45437,30.58771],[115.44971,30.59997],[115.42687,30.59455],[115.42529,30.63006],[115.41535,30.63102],[115.40249,30.6555],[115.37003,30.64297],[115.3681,30.6631],[115.35671,30.67027],[115.33032,30.66712],[115.30964,30.68195],[115.33462,30.72195],[115.33636,30.74555],[115.3508,30.75462],[115.32738,30.7755],[115.33082,30.78944],[115.31477,30.79944],[115.32033,30.80858],[115.30405,30.81289],[115.28679,30.80015],[115.26936,30.80552],[115.21459,30.78442],[115.20233,30.79992],[115.18547,30.79932],[115.18587,30.81296],[115.17297,30.81876],[115.15783,30.80954],[115.13288,30.81823],[115.12941,30.83148],[115.14212,30.84094],[115.10503,30.86227],[115.11953,30.88463],[115.14519,30.89212],[115.13732,30.91437],[115.14799,30.92436],[115.17118,30.92354],[115.17825,30.9404],[115.19377,30.922],[115.20254,30.92747],[115.20267,30.94061],[115.21408,30.94146],[115.21852,30.92636],[115.23279,30.91619],[115.25326,30.9252],[115.24806,30.95069],[115.25933,30.96977],[115.30615,30.95172],[115.31169,30.96094],[115.33002,30.95823],[115.34183,30.9749],[115.35238,31.03384],[115.38056,31.08234],[115.39799,31.09168],[115.40564,31.10667],[115.40286,31.11597],[115.39335,31.11054],[115.38495,31.11654],[115.40813,31.14366],[115.41667,31.16841],[115.39884,31.18515],[115.42461,31.20726],[115.44999,31.21561],[115.44601,31.21992],[115.46958,31.26508],[115.47997,31.27048],[115.49675,31.26282],[115.50676,31.2709],[115.51515,31.26596],[115.53761,31.22957],[115.53095,31.19868],[115.55337,31.17572],[115.54964,31.16655],[115.57932,31.14474],[115.59222,31.15339],[115.59136,31.16467],[115.59906,31.16088],[115.59922,31.17126],[115.6306,31.1874],[115.64533,31.2225],[115.65868,31.21089],[115.70768,31.20184],[115.70807,31.18413],[115.72766,31.17801],[115.72931,31.15781],[115.74381,31.15398],[115.75845,31.13547],[115.76243,31.10935],[115.77244,31.10586]]]}},{"type":"Feature","id":"CTAMAP-2020-COUNTY-1319","properties":{"map_level":"county","source_name":"麻城市","source_code":"421181","county_type":"县级市","prefecture_name":"黄冈市","prefecture_code":"421100","prefecture_type":"地级市","parent_entity_id":"CNUR-000178","parent_year_end_name":"黄冈市","province_name":"湖北省","province_code":"420000","snapshot_year":2020,"panel_year":2019,"link_status":"parent_linked","former_name":"","note":""},"geometry":{"type":"Polygon","coordinates":[[[115.16906,31.6032],[115.18588,31.56545],[115.20343,31.56655],[115.21031,31.55565],[115.23148,31.55705],[115.2123,31.51717],[115.20704,31.49248],[115.21379,31.46987],[115.20243,31.44815],[115.21515,31.42662],[115.23202,31.42814],[115.25251,31.41751],[115.24669,31.39385],[115.25599,31.38818],[115.2759,31.40208],[115.30717,31.38482],[115.33155,31.40412],[115.36928,31.40658],[115.38726,31.38844],[115.36997,31.37384],[115.37646,31.36264],[115.36631,31.35086],[115.40049,31.33909],[115.42672,31.3523],[115.4388,31.34566],[115.44422,31.31729],[115.45134,31.31388],[115.45722,31.32172],[115.46031,31.31452],[115.452,31.28289],[115.47035,31.26037],[115.44601,31.21992],[115.44999,31.21561],[115.42461,31.20726],[115.39884,31.18515],[115.41667,31.16841],[115.40813,31.14366],[115.38495,31.11654],[115.39335,31.11054],[115.40286,31.11597],[115.40564,31.10667],[115.39799,31.09168],[115.38056,31.08234],[115.35238,31.03384],[115.34183,30.9749],[115.33002,30.95823],[115.31169,30.96094],[115.30615,30.95172],[115.25933,30.96977],[115.24806,30.95069],[115.25326,30.9252],[115.23279,30.91619],[115.21852,30.92636],[115.21408,30.94146],[115.20267,30.94061],[115.20254,30.92747],[115.19377,30.922],[115.17825,30.9404],[115.17118,30.92354],[115.14799,30.92436],[115.13732,30.91437],[115.14519,30.89212],[115.11953,30.88463],[115.107,30.86442],[115.07706,30.89782],[115.05388,30.89748],[115.04858,30.9119],[115.03391,30.91006],[115.02313,30.91801],[115.03059,30.92922],[115.00412,30.92841],[114.98692,30.94727],[114.98098,30.96114],[114.98948,30.96872],[114.97652,30.97985],[114.98708,30.98515],[114.98697,30.99728],[114.97879,31.00013],[114.98103,31.01901],[114.97229,31.03041],[114.97179,31.00705],[114.96128,30.98792],[114.94977,30.99042],[114.95011,31.00117],[114.92763,30.99985],[114.91865,31.01678],[114.89743,31.00766],[114.87697,31.0098],[114.86109,30.9941],[114.85014,30.99397],[114.8479,30.98847],[114.86148,30.98559],[114.87223,30.96874],[114.85648,30.94687],[114.82064,30.94988],[114.7994,30.97262],[114.80684,30.98366],[114.7934,31.00216],[114.77313,30.98969],[114.75967,30.95944],[114.76532,30.98786],[114.75556,30.98902],[114.75239,30.9984],[114.72432,30.98171],[114.6991,30.98281],[114.68581,30.99558],[114.68634,31.00747],[114.67257,31.01696],[114.69929,31.03708],[114.68107,31.05056],[114.68058,31.07058],[114.69173,31.08163],[114.70961,31.07457],[114.75868,31.09502],[114.744,31.1116],[114.7414,31.12793],[114.73212,31.13158],[114.73745,31.1494],[114.72922,31.15932],[114.74109,31.19029],[114.76398,31.21558],[114.76249,31.22695],[114.77814,31.23151],[114.80329,31.26923],[114.77738,31.29761],[114.76863,31.34052],[114.78208,31.35306],[114.795,31.35039],[114.82095,31.38387],[114.81389,31.39512],[114.82045,31.40667],[114.813,31.43131],[114.82109,31.45713],[114.85628,31.48132],[114.88087,31.47041],[114.91829,31.4837],[114.93414,31.46945],[114.9362,31.48043],[114.96952,31.50198],[114.97756,31.47985],[114.99108,31.47128],[115.00549,31.48994],[114.9997,31.50379],[115.01946,31.52982],[115.03669,31.51617],[115.09088,31.51024],[115.08713,31.52092],[115.11009,31.53191],[115.1002,31.53997],[115.10662,31.55314],[115.09764,31.56125],[115.12383,31.5837],[115.12014,31.59971],[115.14655,31.60788],[115.16906,31.6032]]]}},{"type":"Feature","id":"CTAMAP-2020-COUNTY-1343","properties":{"map_level":"county","source_name":"茅箭区","source_code":"420302","county_type":"市辖区","prefecture_name":"十堰市","prefecture_code":"420300","prefecture_type":"地级市","parent_entity_id":"CNUR-000171","parent_year_end_name":"十堰市","province_name":"湖北省","province_code":"420000","snapshot_year":2020,"panel_year":2019,"link_status":"parent_linked","former_name":"","note":""},"geometry":{"type":"Polygon","coordinates":[[[110.88725,32.63382],[110.90907,32.61736],[110.92176,32.61749],[110.91943,32.60817],[110.94361,32.60231],[110.94081,32.59211],[110.93209,32.59569],[110.92721,32.58946],[110.9337,32.57321],[110.92377,32.56657],[110.92488,32.55821],[110.91111,32.55503],[110.92205,32.53825],[110.92342,32.51566],[110.91285,32.5072],[110.90041,32.46821],[110.81972,32.41057],[110.80095,32.42193],[110.78991,32.41995],[110.78187,32.43109],[110.763,32.43172],[110.73229,32.40297],[110.7114,32.39676],[110.69026,32.44321],[110.66132,32.45664],[110.65169,32.44311],[110.63343,32.44653],[110.61329,32.43637],[110.60358,32.43977],[110.60606,32.45456],[110.59712,32.45361],[110.58325,32.47053],[110.59136,32.48721],[110.60664,32.49129],[110.61042,32.5165],[110.63011,32.53172],[110.65844,32.52974],[110.66427,32.54547],[110.69705,32.55289],[110.7066,32.56807],[110.72943,32.57512],[110.74697,32.59633],[110.75867,32.59624],[110.76204,32.60358],[110.75356,32.60143],[110.75369,32.61027],[110.77727,32.65616],[110.79181,32.65608],[110.8192,32.62159],[110.84891,32.64504],[110.85513,32.66375],[110.87497,32.63105],[110.88725,32.63382]]]}},{"type":"Feature","id":"CTAMAP-2020-COUNTY-1450","properties":{"map_level":"county","source_name":"南漳县","source_code":"420624","county_type":"县","prefecture_name":"襄阳市","prefecture_code":"420600","prefecture_type":"地级市","parent_entity_id":"CNUR-000173","parent_year_end_name":"襄阳市","province_name":"湖北省","province_code":"420000","snapshot_year":2020,"panel_year":2019,"link_status":"parent_linked","former_name":"","note":""},"geometry":{"type":"Polygon","coordinates":[[[111.83542,31.96324],[111.85741,31.94795],[111.88984,31.96678],[111.8995,31.95599],[111.90665,31.95827],[111.89612,31.949],[111.91803,31.94021],[111.93491,31.9403],[111.93657,31.94827],[111.94926,31.94166],[111.96777,31.95256],[111.9665,31.94091],[111.98679,31.92212],[111.98049,31.91463],[111.99521,31.9162],[112.01355,31.90224],[112.02827,31.90258],[112.0382,31.86666],[112.04674,31.86296],[112.04246,31.83651],[112.01365,31.83007],[112.03482,31.81329],[112.0334,31.80656],[112.00911,31.81415],[112.0034,31.79743],[112.02589,31.76972],[112.03708,31.77036],[112.04078,31.74992],[112.05767,31.74305],[112.07241,31.71679],[112.09615,31.71024],[112.09695,31.67911],[112.11202,31.66035],[112.10859,31.64199],[112.12268,31.62789],[112.13961,31.63048],[112.12908,31.59528],[112.15428,31.57276],[112.13589,31.55362],[112.1165,31.55724],[112.08253,31.54421],[112.07885,31.55219],[112.05541,31.55708],[112.03096,31.53694],[112.01073,31.53709],[112.01029,31.51592],[111.99791,31.51693],[111.97081,31.49898],[111.97978,31.48851],[111.97935,31.46717],[111.97006,31.46074],[111.95781,31.46604],[111.95948,31.45513],[111.94675,31.44927],[111.95068,31.44207],[111.93937,31.42073],[111.94718,31.41316],[111.93021,31.37186],[111.94005,31.36612],[111.9321,31.36075],[111.93596,31.34554],[111.92652,31.33123],[111.91148,31.32872],[111.92527,31.31558],[111.92059,31.30165],[111.93325,31.29706],[111.94078,31.2742],[111.93026,31.26025],[111.90044,31.26102],[111.88014,31.23727],[111.8683,31.23952],[111.85577,31.23127],[111.85255,31.23919],[111.83093,31.23125],[111.82132,31.24577],[111.80432,31.25305],[111.79302,31.24923],[111.78189,31.27558],[111.77803,31.2668],[111.76924,31.26735],[111.76196,31.28334],[111.74967,31.28205],[111.75173,31.28915],[111.7349,31.29343],[111.73104,31.30022],[111.74412,31.3116],[111.74291,31.32163],[111.75294,31.32287],[111.73575,31.32922],[111.74725,31.3455],[111.73931,31.34771],[111.74192,31.36002],[111.73393,31.36967],[111.70205,31.35393],[111.68905,31.36119],[111.65385,31.351],[111.62547,31.36928],[111.59234,31.3456],[111.59059,31.33537],[111.57935,31.33651],[111.56276,31.31757],[111.53294,31.31085],[111.51933,31.29849],[111.48359,31.31402],[111.43335,31.31124],[111.42639,31.3192],[111.43478,31.32946],[111.4187,31.34013],[111.42976,31.35221],[111.4271,31.36506],[111.39995,31.37676],[111.41551,31.38922],[111.40479,31.41393],[111.42707,31.40944],[111.43357,31.41396],[111.42995,31.42922],[111.45375,31.43796],[111.45257,31.44529],[111.46601,31.44123],[111.46026,31.4703],[111.47171,31.47465],[111.47241,31.48597],[111.48926,31.49066],[111.47625,31.50515],[111.47779,31.51359],[111.46188,31.51036],[111.47064,31.53005],[111.4571,31.54138],[111.45602,31.57049],[111.49467,31.56601],[111.51731,31.57197],[111.48766,31.58264],[111.48893,31.60144],[111.50608,31.60895],[111.50499,31.62581],[111.51131,31.63007],[111.50504,31.64102],[111.51206,31.64995],[111.50074,31.67509],[111.53504,31.67789],[111.51591,31.69383],[111.49888,31.6905],[111.49325,31.71764],[111.49727,31.72523],[111.50257,31.72008],[111.51901,31.72726],[111.52437,31.72009],[111.54205,31.72868],[111.51485,31.75115],[111.5084,31.76707],[111.49537,31.77139],[111.48988,31.78959],[111.42255,31.82416],[111.43736,31.83323],[111.43278,31.84573],[111.44602,31.84727],[111.4465,31.86735],[111.46105,31.86852],[111.44751,31.88175],[111.47974,31.88328],[111.49433,31.89596],[111.51456,31.89228],[111.49682,31.91556],[111.50193,31.97009],[111.5167,31.9739],[111.52798,31.96669],[111.53448,31.98369],[111.54227,31.98497],[111.53693,31.99673],[111.54398,32.01085],[111.57566,32.01156],[111.59377,32.00313],[111.63051,32.00247],[111.63952,31.98705],[111.67094,31.97804],[111.67881,31.98351],[111.68664,31.97435],[111.71768,31.97036],[111.72078,31.96021],[111.73999,31.95579],[111.78711,31.97009],[111.82948,31.95693],[111.83542,31.96324]]]}},{"type":"Feature","id":"CTAMAP-2020-COUNTY-1582","properties":{"map_level":"county","source_name":"蕲春县","source_code":"421126","county_type":"县","prefecture_name":"黄冈市","prefecture_code":"421100","prefecture_type":"地级市","parent_entity_id":"CNUR-000178","parent_year_end_name":"黄冈市","province_name":"湖北省","province_code":"420000","snapshot_year":2020,"panel_year":2019,"link_status":"parent_linked","former_name":"","note":""},"geometry":{"type":"Polygon","coordinates":[[[115.94056,30.42682],[115.91917,30.42126],[115.90535,30.40139],[115.89403,30.4011],[115.87907,30.38368],[115.8894,30.35596],[115.9113,30.34271],[115.91352,30.32788],[115.905,30.32602],[115.89923,30.31161],[115.92,30.30258],[115.92029,30.29559],[115.89056,30.29306],[115.85454,30.26732],[115.83075,30.26435],[115.83191,30.2428],[115.82306,30.22611],[115.80378,30.22587],[115.78524,30.20034],[115.69758,30.18029],[115.668,30.18348],[115.64501,30.20384],[115.60933,30.22035],[115.58738,30.21727],[115.58406,30.20078],[115.56711,30.19705],[115.5481,30.20959],[115.51803,30.20071],[115.50169,30.17495],[115.51064,30.16024],[115.49489,30.14009],[115.49888,30.11563],[115.48951,30.10345],[115.47807,30.06254],[115.48278,30.04941],[115.46736,30.0294],[115.46357,30.00084],[115.42461,30.02111],[115.40459,29.99428],[115.38181,29.99539],[115.36737,29.98769],[115.32683,30.02745],[115.31993,30.0709],[115.28923,30.12794],[115.20502,30.21792],[115.21244,30.24107],[115.23941,30.27397],[115.243,30.29314],[115.25337,30.30416],[115.26108,30.30011],[115.27057,30.30644],[115.25443,30.32555],[115.28193,30.32704],[115.29689,30.34006],[115.33704,30.33513],[115.36562,30.35946],[115.37135,30.37561],[115.39386,30.38997],[115.42814,30.40089],[115.44917,30.38971],[115.45992,30.39451],[115.49884,30.49615],[115.51296,30.497],[115.54572,30.47532],[115.5769,30.48127],[115.58811,30.49194],[115.57841,30.51281],[115.5893,30.52908],[115.59581,30.52688],[115.5948,30.51273],[115.61708,30.52303],[115.62928,30.51589],[115.62879,30.5263],[115.645,30.52103],[115.66755,30.53824],[115.69462,30.54434],[115.70485,30.59047],[115.70051,30.59911],[115.71559,30.60942],[115.70901,30.61914],[115.7191,30.61945],[115.7291,30.64512],[115.75706,30.65237],[115.76315,30.67258],[115.79257,30.6623],[115.79569,30.64585],[115.80898,30.63818],[115.81026,30.62445],[115.80191,30.61865],[115.81334,30.59895],[115.82301,30.60814],[115.84306,30.60433],[115.85039,30.59237],[115.87349,30.58413],[115.86992,30.57201],[115.88156,30.54841],[115.90117,30.52539],[115.91755,30.51985],[115.8921,30.48588],[115.89598,30.47225],[115.88896,30.45425],[115.91236,30.44588],[115.91524,30.43161],[115.94056,30.42682]]]}},{"type":"Feature","id":"CTAMAP-2020-COUNTY-1596","properties":{"map_level":"county","source_name":"潜江市","source_code":"429005","county_type":"县级市","prefecture_name":"不统计","prefecture_code":"0","prefecture_type":"不统计","parent_entity_id":"","parent_year_end_name":"","province_name":"湖北省","province_code":"420000","snapshot_year":2020,"panel_year":2019,"link_status":"province_direct_or_out_of_scope","former_name":"","note":"省直辖市,省直管,是县级单位"},"geometry":{"type":"Polygon","coordinates":[[[112.70949,30.63367],[112.67523,30.61979],[112.66943,30.59022],[112.68656,30.5574],[112.70412,30.55359],[112.7207,30.5721],[112.76619,30.58456],[112.79557,30.56133],[112.80184,30.54796],[112.79707,30.53195],[112.80936,30.51566],[112.83296,30.50077],[112.86564,30.4944],[112.88071,30.50742],[112.8755,30.55841],[112.90322,30.57733],[112.9363,30.55714],[112.9487,30.52872],[112.93867,30.52126],[112.93452,30.50001],[112.94846,30.48895],[112.94268,30.4813],[112.95709,30.47622],[112.96294,30.48306],[112.97195,30.47457],[112.99039,30.47933],[112.99335,30.46344],[112.98377,30.46335],[112.97421,30.44813],[112.98833,30.43107],[112.97769,30.42888],[112.98306,30.42304],[112.96491,30.40857],[112.95174,30.38164],[112.96168,30.35689],[112.98297,30.34808],[112.96922,30.33838],[112.97694,30.32023],[112.97287,30.3101],[112.99752,30.30551],[113.0055,30.29305],[113.00243,30.27333],[113.01743,30.25515],[113.00099,30.26533],[112.99584,30.23278],[112.99874,30.21747],[113.01285,30.22094],[113.01452,30.19796],[113.02705,30.1933],[113.01899,30.18511],[113.02119,30.1726],[113.01017,30.16414],[113.01191,30.14731],[112.98525,30.13497],[112.95554,30.13723],[112.94053,30.1475],[112.94104,30.16112],[112.87536,30.17228],[112.87182,30.18754],[112.84786,30.18445],[112.82944,30.16224],[112.80139,30.15831],[112.80533,30.10811],[112.786,30.1136],[112.78302,30.10607],[112.81093,30.08129],[112.73646,30.08071],[112.73616,30.09206],[112.68666,30.09269],[112.6674,30.10683],[112.65206,30.09815],[112.64422,30.10283],[112.64323,30.12074],[112.57252,30.11972],[112.59289,30.17026],[112.56829,30.17237],[112.56422,30.20662],[112.5749,30.21209],[112.56405,30.23421],[112.52087,30.27954],[112.51162,30.31136],[112.51563,30.35348],[112.4952,30.37521],[112.5261,30.38929],[112.5208,30.43456],[112.57248,30.45373],[112.57678,30.47553],[112.57049,30.48059],[112.58011,30.48291],[112.55949,30.49373],[112.563,30.51376],[112.57483,30.51443],[112.57843,30.52681],[112.60331,30.50137],[112.61656,30.50727],[112.61486,30.52998],[112.5941,30.55558],[112.60234,30.56403],[112.61603,30.56378],[112.6212,30.59522],[112.62664,30.58903],[112.6332,30.60232],[112.61709,30.62224],[112.64243,30.62522],[112.65455,30.64126],[112.66221,30.64148],[112.65429,30.63689],[112.65636,30.62964],[112.6664,30.63305],[112.66379,30.64348],[112.67675,30.6398],[112.68403,30.64803],[112.70949,30.63367]]]}},{"type":"Feature","id":"CTAMAP-2020-COUNTY-1600","properties":{"map_level":"county","source_name":"硚口区","source_code":"420104","county_type":"市辖区","prefecture_name":"武汉市","prefecture_code":"420100","prefecture_type":"地级市","parent_entity_id":"CNUR-000169","parent_year_end_name":"武汉市","province_name":"湖北省","province_code":"420000","snapshot_year":2020,"panel_year":2019,"link_status":"parent_linked","former_name":"","note":""},"geometry":{"type":"Polygon","coordinates":[[[114.22365,30.62825],[114.22323,30.61231],[114.23223,30.61465],[114.23511,30.60737],[114.2212,30.60026],[114.2291,30.58919],[114.25056,30.59067],[114.26317,30.57908],[114.27017,30.58201],[114.28047,30.56661],[114.2473,30.56696],[114.20383,30.58564],[114.18454,30.58278],[114.17219,30.58935],[114.17137,30.60487],[114.14514,30.61678],[114.15409,30.63483],[114.22365,30.62825]]]}},{"type":"Feature","id":"CTAMAP-2020-COUNTY-1733","properties":{"map_level":"county","source_name":"沙市区","source_code":"421002","county_type":"市辖区","prefecture_name":"荆州市","prefecture_code":"421000","prefecture_type":"地级市","parent_entity_id":"CNUR-000177","parent_year_end_name":"荆州市","province_name":"湖北省","province_code":"420000","snapshot_year":2020,"panel_year":2019,"link_status":"parent_linked","former_name":"","note":""},"geometry":{"type":"Polygon","coordinates":[[[112.50096,30.39965],[112.52566,30.38883],[112.49493,30.3737],[112.51563,30.35348],[112.51162,30.31136],[112.52087,30.27954],[112.49628,30.25318],[112.49972,30.23404],[112.49488,30.22787],[112.45562,30.22977],[112.45496,30.22226],[112.39708,30.22222],[112.3917,30.22048],[112.39916,30.20329],[112.39225,30.20027],[112.31251,30.21996],[112.31273,30.23479],[112.29984,30.23677],[112.29691,30.2243],[112.2794,30.2301],[112.28607,30.26069],[112.25594,30.29146],[112.21523,30.31602],[112.21755,30.33948],[112.2401,30.35961],[112.24378,30.38134],[112.26384,30.38799],[112.26697,30.40293],[112.29815,30.38305],[112.32442,30.38208],[112.37815,30.42873],[112.4193,30.41989],[112.45298,30.43486],[112.50096,30.39965]]]}},{"type":"Feature","id":"CTAMAP-2020-COUNTY-1738","properties":{"map_level":"county","source_name":"沙洋县","source_code":"420822","county_type":"县","prefecture_name":"荆门市","prefecture_code":"420800","prefecture_type":"地级市","parent_entity_id":"CNUR-000175","parent_year_end_name":"荆门市","province_name":"湖北省","province_code":"420000","snapshot_year":2020,"panel_year":2019,"link_status":"parent_linked","former_name":"","note":""},"geometry":{"type":"Polygon","coordinates":[[[112.61332,30.73971],[112.58686,30.67007],[112.60228,30.65576],[112.63988,30.6434],[112.69826,30.65882],[112.71376,30.65292],[112.71557,30.64183],[112.70949,30.63367],[112.68403,30.64803],[112.67675,30.6398],[112.66379,30.64348],[112.6664,30.63305],[112.65636,30.62964],[112.65429,30.63689],[112.66221,30.64148],[112.65455,30.64126],[112.64243,30.62522],[112.61709,30.62224],[112.6332,30.60232],[112.62664,30.58903],[112.6212,30.59522],[112.61603,30.56378],[112.60234,30.56403],[112.5941,30.55558],[112.61486,30.52998],[112.61656,30.50727],[112.60331,30.50137],[112.57843,30.52681],[112.57483,30.51443],[112.563,30.51376],[112.55949,30.49373],[112.58011,30.48291],[112.57049,30.48059],[112.57678,30.47553],[112.57248,30.45373],[112.5208,30.43456],[112.52332,30.39519],[112.50096,30.39965],[112.45298,30.43486],[112.4193,30.41989],[112.37815,30.42873],[112.34021,30.40219],[112.319,30.41038],[112.29654,30.44015],[112.30471,30.45259],[112.29633,30.48505],[112.26809,30.48475],[112.2667,30.50195],[112.22944,30.4991],[112.21447,30.50983],[112.19401,30.49842],[112.19341,30.47775],[112.2039,30.48304],[112.2084,30.47118],[112.19923,30.47077],[112.2013,30.47701],[112.1846,30.47071],[112.16639,30.48516],[112.17234,30.48665],[112.16603,30.51482],[112.18018,30.52214],[112.173,30.53164],[112.15329,30.53722],[112.14585,30.52288],[112.13212,30.52255],[112.12354,30.55268],[112.1325,30.56381],[112.1209,30.57155],[112.11733,30.5928],[112.09902,30.59868],[112.11249,30.62437],[112.09067,30.63561],[112.09403,30.64909],[112.07546,30.66017],[112.07385,30.692],[112.0495,30.72407],[112.06224,30.73544],[112.05433,30.7514],[112.05937,30.76172],[112.04096,30.77018],[112.03931,30.7968],[112.04711,30.79885],[112.04441,30.8039],[112.06881,30.79412],[112.09676,30.81889],[112.11247,30.80682],[112.10737,30.80327],[112.11683,30.79092],[112.11645,30.77452],[112.14115,30.76147],[112.14836,30.7679],[112.15353,30.76349],[112.1547,30.77617],[112.16881,30.77244],[112.16869,30.8036],[112.18942,30.81465],[112.21086,30.7788],[112.23752,30.80155],[112.24608,30.78856],[112.26158,30.7892],[112.27039,30.78074],[112.268,30.76176],[112.28181,30.75989],[112.28032,30.77557],[112.29286,30.7745],[112.30369,30.79765],[112.32435,30.77078],[112.33162,30.77249],[112.32415,30.80063],[112.31396,30.80172],[112.30633,30.8072],[112.30647,30.80894],[112.33541,30.80512],[112.33335,30.82484],[112.3412,30.83662],[112.32478,30.84197],[112.3083,30.86902],[112.31546,30.87059],[112.31952,30.88669],[112.33265,30.88391],[112.32824,30.90444],[112.33846,30.90854],[112.33871,30.92077],[112.35875,30.9249],[112.36067,30.90877],[112.36871,30.90952],[112.36894,30.90207],[112.38177,30.90493],[112.39454,30.88217],[112.38731,30.8745],[112.39926,30.87586],[112.40061,30.88914],[112.41037,30.88634],[112.41118,30.89498],[112.42004,30.88455],[112.44733,30.87565],[112.45962,30.89139],[112.484,30.89],[112.48486,30.90721],[112.49924,30.91801],[112.48604,30.92408],[112.49334,30.93206],[112.51967,30.92298],[112.52189,30.93674],[112.55748,30.93282],[112.56012,30.91727],[112.54954,30.8946],[112.55664,30.88526],[112.59232,30.85714],[112.64885,30.84476],[112.66214,30.83092],[112.65881,30.82062],[112.6245,30.80846],[112.64509,30.77917],[112.61332,30.73971]]]}},{"type":"Feature","id":"CTAMAP-2020-COUNTY-1784","properties":{"map_level":"county","source_name":"神农架林区","source_code":"429021","county_type":"林区","prefecture_name":"不统计","prefecture_code":"0","prefecture_type":"不统计","parent_entity_id":"","parent_year_end_name":"","province_name":"湖北省","province_code":"420000","snapshot_year":2020,"panel_year":2019,"link_status":"province_direct_or_out_of_scope","former_name":"","note":""},"geometry":{"type":"Polygon","coordinates":[[[110.75449,31.8308],[110.7708,31.83082],[110.79041,31.79006],[110.81631,31.77608],[110.83002,31.7772],[110.83969,31.76045],[110.87005,31.73901],[110.86662,31.72113],[110.87562,31.69782],[110.88648,31.67797],[110.90476,31.66961],[110.90371,31.6588],[110.94261,31.66876],[110.97671,31.64289],[110.96064,31.63985],[110.96101,31.62628],[110.95022,31.62126],[110.93519,31.59359],[110.94286,31.56874],[110.91013,31.55516],[110.90482,31.53539],[110.88391,31.53032],[110.85209,31.50177],[110.82379,31.5265],[110.82076,31.54514],[110.80713,31.5388],[110.7902,31.55568],[110.72685,31.53234],[110.72734,31.51786],[110.70382,31.47918],[110.68267,31.48777],[110.66836,31.47942],[110.65721,31.48565],[110.63241,31.47854],[110.60899,31.48717],[110.60467,31.45062],[110.58423,31.41129],[110.571,31.40249],[110.5738,31.37379],[110.55912,31.36785],[110.573,31.33344],[110.56575,31.32764],[110.52873,31.32066],[110.4925,31.37486],[110.47881,31.3403],[110.46332,31.33013],[110.44291,31.32998],[110.43168,31.36007],[110.38317,31.37758],[110.37154,31.39038],[110.34627,31.39047],[110.33506,31.39986],[110.31315,31.39217],[110.31359,31.38321],[110.29275,31.36737],[110.25832,31.35931],[110.25767,31.34194],[110.23365,31.32917],[110.21087,31.29813],[110.18173,31.30201],[110.17213,31.29626],[110.15772,31.3061],[110.15744,31.31593],[110.14586,31.31861],[110.15278,31.33378],[110.13487,31.36902],[110.13955,31.38717],[110.11537,31.39943],[110.11196,31.41291],[110.05134,31.41081],[110.02816,31.43254],[110.03098,31.4409],[109.99692,31.45414],[109.98693,31.47545],[109.94609,31.46952],[109.93563,31.48137],[109.99015,31.5239],[110.01847,31.52049],[110.03783,31.529],[110.04173,31.54188],[110.05794,31.54353],[110.07658,31.58466],[110.12225,31.60649],[110.16842,31.60575],[110.1884,31.58154],[110.21386,31.56964],[110.2156,31.58776],[110.22915,31.59219],[110.22905,31.60159],[110.20036,31.6214],[110.2099,31.63771],[110.23114,31.64739],[110.23361,31.66308],[110.21195,31.67783],[110.21949,31.70866],[110.23,31.71237],[110.23065,31.73116],[110.26431,31.74736],[110.26726,31.76206],[110.27556,31.76484],[110.3401,31.76303],[110.36466,31.77233],[110.36637,31.79736],[110.39617,31.80872],[110.40344,31.82128],[110.42419,31.82209],[110.42621,31.81281],[110.44503,31.80817],[110.46481,31.81448],[110.46696,31.83107],[110.48661,31.83767],[110.47775,31.84969],[110.49979,31.85953],[110.51555,31.85914],[110.51057,31.8418],[110.52961,31.84165],[110.52948,31.85182],[110.60004,31.84499],[110.61704,31.85211],[110.65349,31.84424],[110.66004,31.85933],[110.67346,31.86301],[110.68004,31.85441],[110.69931,31.85366],[110.70194,31.8449],[110.7472,31.84302],[110.75449,31.8308]]]}},{"type":"Feature","id":"CTAMAP-2020-COUNTY-1810","properties":{"map_level":"county","source_name":"石首市","source_code":"421081","county_type":"县级市","prefecture_name":"荆州市","prefecture_code":"421000","prefecture_type":"地级市","parent_entity_id":"CNUR-000177","parent_year_end_name":"荆州市","province_name":"湖北省","province_code":"420000","snapshot_year":2020,"panel_year":2019,"link_status":"parent_linked","former_name":"","note":""},"geometry":{"type":"Polygon","coordinates":[[[112.56882,29.92943],[112.60659,29.90015],[112.606,29.87869],[112.59167,29.85138],[112.61373,29.83244],[112.62256,29.8363],[112.63176,29.82318],[112.74769,29.83244],[112.76092,29.82561],[112.77041,29.79563],[112.76755,29.77662],[112.75003,29.76418],[112.73097,29.76324],[112.72779,29.74831],[112.73965,29.73066],[112.79307,29.74013],[112.79129,29.73348],[112.80209,29.73021],[112.78732,29.71623],[112.79153,29.70027],[112.77899,29.69639],[112.78398,29.68136],[112.76336,29.67875],[112.7569,29.66322],[112.73208,29.64997],[112.72096,29.66032],[112.71139,29.6574],[112.69428,29.61348],[112.67556,29.59259],[112.6663,29.60306],[112.64521,29.59524],[112.62314,29.6198],[112.60623,29.6103],[112.56768,29.62692],[112.52999,29.60233],[112.50037,29.6133],[112.4948,29.63101],[112.43403,29.63614],[112.42245,29.6223],[112.41695,29.59512],[112.39229,29.56462],[112.38657,29.57319],[112.36224,29.54285],[112.3159,29.54365],[112.30963,29.52673],[112.28513,29.51958],[112.27677,29.49895],[112.2745,29.53597],[112.2966,29.5675],[112.2975,29.58828],[112.28792,29.59878],[112.23608,29.61284],[112.22265,29.63266],[112.24772,29.69477],[112.26859,29.71156],[112.27427,29.7372],[112.28687,29.74292],[112.32341,29.73546],[112.31948,29.80247],[112.34472,29.81698],[112.3741,29.84952],[112.41316,29.90833],[112.41979,29.93087],[112.45172,29.92286],[112.483,29.93641],[112.47816,29.92922],[112.48861,29.9243],[112.48767,29.9342],[112.50648,29.93614],[112.50602,29.94304],[112.54604,29.94563],[112.57362,29.93999],[112.56882,29.92943]]]}},{"type":"Feature","id":"CTAMAP-2020-COUNTY-1867","properties":{"map_level":"county","source_name":"松滋市","source_code":"421087","county_type":"县级市","prefecture_name":"荆州市","prefecture_code":"421000","prefecture_type":"地级市","parent_entity_id":"CNUR-000177","parent_year_end_name":"荆州市","province_name":"湖北省","province_code":"420000","snapshot_year":2020,"panel_year":2019,"link_status":"parent_linked","former_name":"","note":""},"geometry":{"type":"Polygon","coordinates":[[[112.04083,30.27966],[112.04252,30.25718],[112.02498,30.24868],[112.03277,30.24757],[112.04037,30.22957],[112.01695,30.22455],[112.01546,30.20463],[111.99831,30.20618],[111.98429,30.19186],[111.98138,30.1727],[111.95961,30.18507],[111.94378,30.17831],[111.90374,30.12286],[111.90255,30.1147],[111.92417,30.09303],[111.93133,30.04753],[111.91373,30.04554],[111.90718,30.01854],[111.89062,29.99788],[111.90023,29.93547],[111.87518,29.90863],[111.85029,29.90173],[111.81418,29.90876],[111.80601,29.90292],[111.78134,29.91633],[111.76596,29.90901],[111.75171,29.92274],[111.72955,29.92294],[111.7,29.89336],[111.67668,29.88717],[111.62467,29.89861],[111.59287,29.89216],[111.57871,29.90088],[111.5463,29.89787],[111.51786,29.93094],[111.46974,29.92167],[111.45936,29.93009],[111.4458,29.92561],[111.43158,29.93255],[111.39751,29.91318],[111.37723,29.92565],[111.38469,29.93998],[111.37249,29.93752],[111.37741,29.95214],[111.36345,29.95646],[111.33762,29.94679],[111.31914,29.98034],[111.31229,29.97458],[111.29195,29.99252],[111.2922,30.00712],[111.26099,30.01194],[111.25095,30.03698],[111.23999,30.04317],[111.25933,30.05001],[111.30686,30.04943],[111.31606,30.05902],[111.31269,30.07898],[111.35853,30.10228],[111.38293,30.12604],[111.42906,30.10936],[111.44528,30.11311],[111.46493,30.10205],[111.48108,30.10068],[111.49666,30.11175],[111.50895,30.09834],[111.55024,30.11664],[111.55439,30.12679],[111.56284,30.12074],[111.57026,30.1253],[111.56831,30.15257],[111.58022,30.1631],[111.57117,30.17141],[111.57383,30.19241],[111.58476,30.19526],[111.58534,30.21353],[111.59577,30.21976],[111.60124,30.2366],[111.58874,30.24472],[111.56989,30.24036],[111.56762,30.25817],[111.59662,30.27169],[111.62701,30.32376],[111.67382,30.34012],[111.73089,30.37624],[111.76869,30.36806],[111.78583,30.3217],[111.80336,30.2997],[111.81597,30.30285],[111.82158,30.28756],[111.8555,30.2897],[111.88812,30.28],[111.90659,30.34777],[111.92103,30.35508],[111.93257,30.35148],[111.95823,30.31006],[111.98904,30.2835],[112.01076,30.27594],[112.04083,30.27966]]]}},{"type":"Feature","id":"CTAMAP-2020-COUNTY-1892","properties":{"map_level":"county","source_name":"随县","source_code":"421321","county_type":"县","prefecture_name":"随州市","prefecture_code":"421300","prefecture_type":"地级市","parent_entity_id":"CNUR-000180","parent_year_end_name":"随州市","province_name":"湖北省","province_code":"420000","snapshot_year":2020,"panel_year":2019,"link_status":"parent_linked","former_name":"随县","note":"2009年拆分曾都区设立随县"},"geometry":{"type":"MultiPolygon","coordinates":[[[[113.74848,32.29146],[113.76358,32.28003],[113.75601,32.27063],[113.74848,32.29146]]],[[[113.22312,32.42433],[113.22694,32.4112],[113.29006,32.37051],[113.29298,32.3557],[113.32688,32.34403],[113.31209,32.32368],[113.34833,32.29739],[113.37502,32.29954],[113.39348,32.28055],[113.42072,32.27119],[113.46245,32.30125],[113.50892,32.31779],[113.52695,32.33217],[113.54341,32.33065],[113.54399,32.30749],[113.568,32.30383],[113.55531,32.30996],[113.54712,32.33248],[113.55906,32.34294],[113.59989,32.35306],[113.58744,32.36733],[113.6169,32.36199],[113.61921,32.37803],[113.64524,32.41485],[113.65501,32.41357],[113.65978,32.42399],[113.69553,32.42278],[113.70182,32.41255],[113.71759,32.41903],[113.74481,32.38969],[113.73739,32.37327],[113.74196,32.36571],[113.76461,32.3713],[113.76466,32.35957],[113.74896,32.34954],[113.74755,32.33159],[113.7674,32.30507],[113.74222,32.29506],[113.73691,32.28086],[113.7462,32.26756],[113.73243,32.25507],[113.74614,32.21573],[113.75868,32.20528],[113.77139,32.21055],[113.77726,32.18836],[113.75516,32.16016],[113.76055,32.13618],[113.75131,32.12494],[113.73664,32.11318],[113.72749,32.12438],[113.71561,32.12543],[113.72452,32.09811],[113.69042,32.06446],[113.69521,32.04015],[113.66359,32.01171],[113.66433,32.00236],[113.64496,31.98154],[113.63007,31.98133],[113.61848,31.96033],[113.60744,31.96553],[113.603,31.93927],[113.59682,31.93914],[113.60848,31.9278],[113.60413,31.91837],[113.56146,31.92273],[113.53678,31.94295],[113.50198,31.92689],[113.48438,31.93714],[113.44455,31.90345],[113.42499,31.89717],[113.42585,31.88118],[113.43541,31.87461],[113.42342,31.85206],[113.42899,31.83607],[113.39073,31.84335],[113.37245,31.82636],[113.36917,31.84506],[113.3606,31.85006],[113.34019,31.83321],[113.32305,31.85177],[113.30849,31.84777],[113.31577,31.82907],[113.30335,31.82165],[113.30692,31.79324],[113.32263,31.78538],[113.32634,31.77382],[113.2965,31.76211],[113.29636,31.74869],[113.27466,31.74055],[113.26823,31.66446],[113.25181,31.65832],[113.26409,31.64504],[113.28422,31.64518],[113.28308,31.61406],[113.2758,31.61006],[113.28051,31.5955],[113.26066,31.56281],[113.25781,31.54068],[113.27194,31.53268],[113.27194,31.52269],[113.24453,31.50013],[113.2895,31.47158],[113.27066,31.43175],[113.28608,31.40262],[113.27523,31.38449],[113.27735,31.35318],[113.27033,31.35058],[113.24574,31.36111],[113.22971,31.35886],[113.21326,31.37086],[113.2172,31.37599],[113.19914,31.3989],[113.18274,31.39741],[113.18318,31.40381],[113.16265,31.41392],[113.15307,31.40809],[113.14065,31.41897],[113.15713,31.42946],[113.13874,31.43974],[113.12731,31.42681],[113.10923,31.42821],[113.101,31.4435],[113.07721,31.44471],[113.04945,31.43438],[113.02789,31.45019],[112.98162,31.43421],[112.95481,31.46081],[112.95573,31.47587],[112.90135,31.46784],[112.89595,31.49028],[112.90079,31.51409],[112.89275,31.51624],[112.89396,31.53126],[112.87696,31.55745],[112.84411,31.56015],[112.82247,31.59566],[112.784,31.59705],[112.7678,31.61214],[112.7419,31.60646],[112.73166,31.61311],[112.72694,31.63336],[112.73247,31.6482],[112.72273,31.66007],[112.72989,31.68778],[112.72588,31.70124],[112.73623,31.70185],[112.74835,31.71875],[112.73989,31.73233],[112.74876,31.74595],[112.7867,31.73545],[112.79314,31.75253],[112.8272,31.75749],[112.84515,31.80144],[112.87044,31.80862],[112.88722,31.79723],[112.92291,31.84288],[112.95308,31.82829],[112.96715,31.83031],[112.97285,31.84853],[112.95607,31.87263],[112.95735,31.90247],[112.98376,31.90063],[112.9951,31.92544],[112.99434,31.94569],[113.00073,31.94312],[112.99683,31.95038],[113.01292,31.94875],[113.02811,31.96197],[113.00376,31.97621],[112.97787,31.97761],[112.98783,31.99255],[112.98144,32.00587],[112.98524,32.05526],[112.99091,32.06935],[113.01722,32.08082],[113.01775,32.09082],[113.03583,32.09676],[113.04898,32.1148],[113.02683,32.14197],[113.01348,32.14308],[113.02457,32.16661],[113.01961,32.18521],[113.03584,32.21154],[113.02352,32.22038],[113.03124,32.2418],[113.01756,32.26514],[113.02871,32.27648],[113.05625,32.27177],[113.05593,32.28479],[113.08046,32.2946],[113.09415,32.31648],[113.06498,32.33139],[113.06243,32.33885],[113.0709,32.3465],[113.05336,32.3431],[113.05155,32.35675],[113.07729,32.37081],[113.10366,32.36651],[113.11464,32.37758],[113.15022,32.38188],[113.15201,32.41375],[113.1609,32.4216],[113.20296,32.43478],[113.22312,32.42433]]]]}},{"type":"Feature","id":"CTAMAP-2020-COUNTY-1942","properties":{"map_level":"county","source_name":"天门市","source_code":"429006","county_type":"县级市","prefecture_name":"不统计","prefecture_code":"0","prefecture_type":"不统计","parent_entity_id":"","parent_year_end_name":"","province_name":"湖北省","province_code":"420000","snapshot_year":2020,"panel_year":2019,"link_status":"province_direct_or_out_of_scope","former_name":"","note":"省直辖市,省直管,是县级单位"},"geometry":{"type":"MultiPolygon","coordinates":[[[[113.32365,30.89645],[113.33224,30.89246],[113.33872,30.87203],[113.35325,30.87329],[113.36238,30.85338],[113.37451,30.85103],[113.40034,30.82917],[113.39982,30.82169],[113.40954,30.82024],[113.41252,30.80424],[113.42896,30.78645],[113.42392,30.76727],[113.43118,30.75923],[113.41737,30.73811],[113.43138,30.73137],[113.43383,30.72107],[113.41697,30.70055],[113.43716,30.70078],[113.44052,30.6889],[113.4267,30.67825],[113.43011,30.65671],[113.4554,30.63803],[113.42865,30.55518],[113.42934,30.54014],[113.44049,30.53602],[113.44632,30.52169],[113.43058,30.49538],[113.4341,30.4709],[113.4591,30.46345],[113.46178,30.45362],[113.45581,30.38063],[113.42892,30.39814],[113.40726,30.39761],[113.34576,30.4273],[113.31636,30.42264],[113.2665,30.43188],[113.20108,30.425],[113.17478,30.44991],[113.15042,30.43279],[113.11736,30.46621],[113.11668,30.48733],[113.06868,30.4744],[113.06261,30.48369],[113.06817,30.51433],[113.05046,30.51353],[112.99767,30.5355],[112.95332,30.52538],[112.9363,30.55714],[112.90322,30.57733],[112.8755,30.55841],[112.8798,30.50542],[112.86564,30.4944],[112.83296,30.50077],[112.80275,30.52254],[112.79557,30.56133],[112.76619,30.58456],[112.7207,30.5721],[112.70255,30.55309],[112.6799,30.56263],[112.66943,30.59022],[112.67523,30.61979],[112.71364,30.63713],[112.70944,30.65593],[112.6941,30.6589],[112.63312,30.64396],[112.58686,30.67007],[112.60033,30.70605],[112.62532,30.70757],[112.65245,30.73627],[112.70533,30.77263],[112.74729,30.79624],[112.76125,30.79307],[112.76796,30.81453],[112.79318,30.8329],[112.81113,30.81599],[112.81492,30.79217],[112.82642,30.78133],[112.82854,30.76053],[112.82245,30.75564],[112.83003,30.7342],[112.82439,30.73103],[112.83513,30.7318],[112.84408,30.71823],[112.87969,30.69831],[112.8874,30.70326],[112.88995,30.72213],[112.90493,30.71199],[112.91257,30.7152],[112.92894,30.74711],[112.97446,30.76804],[112.99136,30.79016],[113.00571,30.7899],[113.03035,30.77382],[113.04383,30.78353],[113.06441,30.78161],[113.07235,30.79549],[113.06735,30.81576],[113.0767,30.82447],[113.08953,30.80837],[113.09586,30.81802],[113.11195,30.80551],[113.11965,30.81022],[113.12842,30.79665],[113.159,30.81673],[113.18334,30.81367],[113.20523,30.83378],[113.20169,30.84688],[113.21084,30.85854],[113.22567,30.85569],[113.23207,30.86342],[113.22422,30.86932],[113.24058,30.87093],[113.27419,30.90573],[113.29088,30.89756],[113.29695,30.90516],[113.30878,30.88741],[113.32365,30.89645]]],[[[113.44424,30.49334],[113.4428,30.5046],[113.45116,30.51329],[113.45181,30.50732],[113.44424,30.49334]]]]}},{"type":"Feature","id":"CTAMAP-2020-COUNTY-1964","properties":{"map_level":"county","source_name":"铁山区","source_code":"420205","county_type":"市辖区","prefecture_name":"黄石市","prefecture_code":"420200","prefecture_type":"地级市","parent_entity_id":"CNUR-000170","parent_year_end_name":"黄石市","province_name":"湖北省","province_code":"420000","snapshot_year":2020,"panel_year":2019,"link_status":"parent_linked","former_name":"","note":""},"geometry":{"type":"Polygon","coordinates":[[[114.93527,30.21477],[114.91923,30.18858],[114.90133,30.18579],[114.87033,30.20172],[114.87309,30.20961],[114.85492,30.22362],[114.8556,30.24239],[114.93527,30.21477]]]}},{"type":"Feature","id":"CTAMAP-2020-COUNTY-1966","properties":{"map_level":"county","source_name":"通城县","source_code":"421222","county_type":"县","prefecture_name":"咸宁市","prefecture_code":"421200","prefecture_type":"地级市","parent_entity_id":"CNUR-000179","parent_year_end_name":"咸宁市","province_name":"湖北省","province_code":"420000","snapshot_year":2020,"panel_year":2019,"link_status":"parent_linked","former_name":"","note":""},"geometry":{"type":"Polygon","coordinates":[[[113.72364,29.39665],[113.75482,29.36548],[113.77981,29.35287],[113.77538,29.33162],[113.79767,29.31866],[113.79999,29.29989],[113.82877,29.30101],[113.86082,29.28725],[113.87818,29.29787],[113.8795,29.3206],[113.89942,29.32637],[113.89562,29.33912],[113.90533,29.34451],[113.89007,29.35285],[113.89529,29.36814],[113.91798,29.36905],[113.92444,29.36109],[113.94808,29.38397],[114.0012,29.38841],[114.02851,29.37447],[114.04282,29.38263],[114.05195,29.37254],[114.04647,29.35379],[114.05634,29.34297],[114.01254,29.3283],[114.01022,29.29336],[114.02133,29.28149],[114.04033,29.28204],[114.03689,29.25405],[114.04356,29.22959],[114.06872,29.203],[114.03459,29.17328],[114.03545,29.16438],[114.01955,29.14913],[113.97986,29.12844],[113.96543,29.10155],[113.95019,29.1034],[113.93949,29.0476],[113.92731,29.04837],[113.90375,29.03309],[113.87032,29.03759],[113.87352,29.06545],[113.84087,29.06344],[113.8278,29.07284],[113.83219,29.09469],[113.81399,29.10754],[113.76441,29.09397],[113.75457,29.07109],[113.73766,29.05661],[113.72541,29.06316],[113.71988,29.08626],[113.726,29.10342],[113.71762,29.10886],[113.701,29.08636],[113.68059,29.08095],[113.67899,29.13397],[113.66391,29.14242],[113.66617,29.15806],[113.65573,29.16321],[113.68738,29.2005],[113.68747,29.22871],[113.67654,29.2388],[113.65922,29.2237],[113.64392,29.22791],[113.63117,29.25294],[113.61879,29.24675],[113.61116,29.25864],[113.59979,29.25916],[113.60056,29.26896],[113.63078,29.32693],[113.65727,29.33757],[113.65516,29.37156],[113.6644,29.38829],[113.68388,29.39665],[113.72364,29.39665]]]}},{"type":"Feature","id":"CTAMAP-2020-COUNTY-1973","properties":{"map_level":"county","source_name":"通山县","source_code":"421224","county_type":"县","prefecture_name":"咸宁市","prefecture_code":"421200","prefecture_type":"地级市","parent_entity_id":"CNUR-000179","parent_year_end_name":"咸宁市","province_name":"湖北省","province_code":"420000","snapshot_year":2020,"panel_year":2019,"link_status":"parent_linked","former_name":"","note":""},"geometry":{"type":"Polygon","coordinates":[[[114.656,29.84724],[114.73138,29.84015],[114.72501,29.77644],[114.70847,29.75718],[114.74047,29.74301],[114.75416,29.74547],[114.76372,29.73215],[114.76564,29.74158],[114.82977,29.73713],[114.84054,29.70235],[114.8636,29.69909],[114.87615,29.67812],[114.87541,29.65858],[114.88842,29.63944],[114.88608,29.6208],[114.90141,29.60348],[114.90124,29.58809],[114.92528,29.58765],[114.92942,29.56825],[114.9392,29.55744],[114.95257,29.55661],[114.94108,29.5337],[114.96785,29.52242],[114.95717,29.50565],[114.93581,29.49711],[114.92111,29.50128],[114.91968,29.52468],[114.91211,29.512],[114.8952,29.50878],[114.9034,29.52296],[114.89361,29.53329],[114.88507,29.50424],[114.85472,29.47771],[114.85825,29.4696],[114.87096,29.47083],[114.88016,29.43862],[114.91146,29.45488],[114.91855,29.46452],[114.9017,29.47301],[114.92201,29.49074],[114.93152,29.49043],[114.93251,29.46997],[114.94441,29.46632],[114.9368,29.45366],[114.92226,29.44912],[114.92746,29.43655],[114.92183,29.4193],[114.90563,29.42465],[114.88993,29.39995],[114.87493,29.39355],[114.86681,29.40839],[114.82324,29.39515],[114.80136,29.38006],[114.77873,29.38657],[114.7531,29.36509],[114.73671,29.36709],[114.73869,29.38719],[114.7301,29.39607],[114.67813,29.38913],[114.66544,29.39629],[114.63922,29.3833],[114.61549,29.38308],[114.59501,29.36036],[114.50891,29.32585],[114.47505,29.33189],[114.45763,29.32385],[114.4511,29.33863],[114.43764,29.34183],[114.44495,29.34597],[114.43895,29.35175],[114.41535,29.33694],[114.39459,29.34063],[114.36927,29.32377],[114.33592,29.32964],[114.31041,29.36492],[114.347,29.38616],[114.34911,29.40199],[114.3394,29.41287],[114.32051,29.405],[114.31764,29.42023],[114.32699,29.41887],[114.31681,29.44858],[114.27131,29.47365],[114.26412,29.46963],[114.25394,29.4887],[114.2387,29.495],[114.28179,29.51467],[114.26819,29.52946],[114.26923,29.5535],[114.2908,29.56908],[114.28753,29.57553],[114.29983,29.58725],[114.30007,29.59761],[114.28843,29.60674],[114.31597,29.61324],[114.33974,29.64416],[114.34772,29.67992],[114.36258,29.67825],[114.36647,29.65787],[114.40391,29.66086],[114.41254,29.6665],[114.40738,29.67615],[114.42292,29.68506],[114.41954,29.6934],[114.43912,29.69756],[114.44163,29.70616],[114.48647,29.71117],[114.50014,29.73446],[114.51954,29.74062],[114.52209,29.74899],[114.55337,29.75118],[114.607,29.77342],[114.59591,29.78956],[114.58641,29.79051],[114.58622,29.80732],[114.63436,29.80587],[114.656,29.84724]]]}},{"type":"Feature","id":"CTAMAP-2020-COUNTY-1999","properties":{"map_level":"county","source_name":"团风县","source_code":"421121","county_type":"县","prefecture_name":"黄冈市","prefecture_code":"421100","prefecture_type":"地级市","parent_entity_id":"CNUR-000178","parent_year_end_name":"黄冈市","province_name":"湖北省","province_code":"420000","snapshot_year":2020,"panel_year":2019,"link_status":"parent_linked","former_name":"","note":""},"geometry":{"type":"Polygon","coordinates":[[[115.107,30.86442],[115.14212,30.84094],[115.12941,30.83148],[115.13288,30.81823],[115.15783,30.80954],[115.17297,30.81876],[115.18587,30.81296],[115.18547,30.79932],[115.20233,30.79992],[115.21459,30.78442],[115.2332,30.78717],[115.22395,30.75452],[115.20828,30.73297],[115.18337,30.7498],[115.16975,30.74717],[115.1717,30.72212],[115.15368,30.70834],[115.1433,30.68309],[115.1423,30.65246],[115.12785,30.63769],[115.09638,30.64141],[115.07177,30.60693],[115.0579,30.63523],[115.04352,30.64636],[115.02587,30.61098],[115.01332,30.61156],[115.00939,30.59134],[114.98776,30.58979],[114.96421,30.56292],[114.93071,30.55885],[114.91538,30.56592],[114.91466,30.59027],[114.89009,30.60923],[114.84111,30.58977],[114.83364,30.56888],[114.8201,30.6007],[114.80261,30.61616],[114.81805,30.6285],[114.85451,30.63883],[114.82426,30.67192],[114.81061,30.66233],[114.80516,30.66602],[114.80068,30.6745],[114.80814,30.68724],[114.78611,30.72118],[114.79382,30.7348],[114.80853,30.72875],[114.87123,30.7635],[114.87438,30.7981],[114.89393,30.79799],[114.89685,30.78983],[114.91264,30.78599],[114.92783,30.79977],[114.95032,30.77756],[114.9533,30.79043],[114.94188,30.79972],[114.94272,30.80809],[114.95507,30.80528],[114.96402,30.81406],[114.9709,30.80914],[114.97705,30.81828],[114.98484,30.81151],[114.9876,30.82839],[114.99696,30.83273],[114.9878,30.85397],[114.99799,30.86323],[115.01502,30.86466],[115.0268,30.85757],[115.02335,30.85168],[115.03804,30.84748],[115.03792,30.8541],[115.05116,30.85767],[115.04694,30.8663],[115.07635,30.88013],[115.07474,30.89232],[115.06529,30.89587],[115.07706,30.89782],[115.107,30.86442]]]}},{"type":"Feature","id":"CTAMAP-2020-COUNTY-2098","properties":{"map_level":"county","source_name":"五峰土家族自治县","source_code":"420529","county_type":"自治县","prefecture_name":"宜昌市","prefecture_code":"420500","prefecture_type":"地级市","parent_entity_id":"CNUR-000172","parent_year_end_name":"宜昌市","province_name":"湖北省","province_code":"420000","snapshot_year":2020,"panel_year":2019,"link_status":"parent_linked","former_name":"","note":""},"geometry":{"type":"Polygon","coordinates":[[[111.106,30.20818],[111.11054,30.17946],[111.12115,30.17302],[111.09922,30.14898],[111.09887,30.1372],[111.10906,30.13114],[111.16521,30.15254],[111.26486,30.14502],[111.27281,30.12532],[111.30909,30.1478],[111.33657,30.12452],[111.33511,30.11419],[111.34725,30.10027],[111.31269,30.07898],[111.31606,30.05902],[111.30567,30.04894],[111.19531,30.04283],[111.0298,30.05105],[110.93085,30.06448],[110.91843,30.07099],[110.92339,30.0756],[110.91704,30.0781],[110.91679,30.1149],[110.86551,30.11526],[110.84727,30.1287],[110.8089,30.12771],[110.79756,30.11686],[110.76403,30.12244],[110.73919,30.11464],[110.74855,30.10642],[110.74347,30.09046],[110.75188,30.08435],[110.7511,30.05609],[110.73412,30.043],[110.70202,30.03571],[110.68156,30.04616],[110.68072,30.06485],[110.64581,30.08028],[110.59319,30.05733],[110.56679,30.06282],[110.54622,30.05574],[110.53034,30.06725],[110.50357,30.05257],[110.4927,30.05805],[110.49603,30.02976],[110.44881,30.00335],[110.44734,29.99586],[110.4381,29.99951],[110.4184,29.95677],[110.3963,29.96222],[110.37743,29.95361],[110.36154,29.96065],[110.34744,29.95519],[110.34681,29.94391],[110.33412,29.93498],[110.29484,29.9632],[110.30498,29.96643],[110.31258,29.98346],[110.29877,29.99075],[110.297,30.0008],[110.30897,30.02001],[110.30407,30.03002],[110.31922,30.04787],[110.31197,30.0613],[110.32297,30.06607],[110.32102,30.07649],[110.33645,30.09433],[110.31,30.10807],[110.3526,30.12501],[110.31063,30.15065],[110.29693,30.14966],[110.29648,30.17196],[110.2672,30.18176],[110.27637,30.19851],[110.30527,30.19913],[110.29229,30.21591],[110.26073,30.22486],[110.25079,30.23683],[110.26203,30.25282],[110.2714,30.24402],[110.30229,30.2438],[110.31051,30.25044],[110.33792,30.24326],[110.33572,30.25697],[110.36813,30.30522],[110.36135,30.31349],[110.39214,30.33464],[110.41114,30.33714],[110.44503,30.36775],[110.45652,30.40193],[110.49238,30.4174],[110.50437,30.40665],[110.54973,30.39522],[110.56054,30.38319],[110.56296,30.36772],[110.55032,30.34985],[110.55249,30.34027],[110.5737,30.33828],[110.60579,30.34881],[110.6314,30.33143],[110.64282,30.33172],[110.64633,30.32021],[110.66307,30.31867],[110.67907,30.28478],[110.69436,30.27246],[110.75523,30.27281],[110.75413,30.25425],[110.77323,30.25153],[110.81564,30.261],[110.83083,30.27243],[110.8511,30.25391],[110.90474,30.24569],[110.94734,30.27958],[110.96787,30.27294],[110.97567,30.28344],[111.00886,30.29429],[111.0443,30.27566],[111.05208,30.26592],[111.04283,30.25364],[111.05975,30.25528],[111.07189,30.22034],[111.09091,30.21864],[111.106,30.20818]]]}},{"type":"Feature","id":"CTAMAP-2020-COUNTY-2109","properties":{"map_level":"county","source_name":"伍家岗区","source_code":"420503","county_type":"市辖区","prefecture_name":"宜昌市","prefecture_code":"420500","prefecture_type":"地级市","parent_entity_id":"CNUR-000172","parent_year_end_name":"宜昌市","province_name":"湖北省","province_code":"420000","snapshot_year":2020,"panel_year":2019,"link_status":"parent_linked","former_name":"","note":""},"geometry":{"type":"Polygon","coordinates":[[[111.35983,30.69848],[111.36701,30.68403],[111.38604,30.68405],[111.40281,30.67194],[111.39838,30.66299],[111.407,30.64141],[111.43406,30.6611],[111.44519,30.6821],[111.46529,30.67166],[111.44483,30.6596],[111.44725,30.63565],[111.43358,30.63344],[111.43103,30.62289],[111.41786,30.62639],[111.41224,30.62036],[111.41787,30.6152],[111.40179,30.61508],[111.40029,30.6046],[111.38763,30.60601],[111.37915,30.59819],[111.28205,30.68894],[111.29751,30.69652],[111.31632,30.67999],[111.32907,30.69889],[111.35983,30.69848]]]}},{"type":"Feature","id":"CTAMAP-2020-COUNTY-2111","properties":{"map_level":"county","source_name":"武昌区","source_code":"420106","county_type":"市辖区","prefecture_name":"武汉市","prefecture_code":"420100","prefecture_type":"地级市","parent_entity_id":"CNUR-000169","parent_year_end_name":"武汉市","province_name":"湖北省","province_code":"420000","snapshot_year":2020,"panel_year":2019,"link_status":"parent_linked","former_name":"","note":""},"geometry":{"type":"Polygon","coordinates":[[[114.33905,30.63016],[114.36151,30.6048],[114.34883,30.59858],[114.35289,30.5874],[114.3391,30.57481],[114.31381,30.57036],[114.31414,30.55694],[114.33426,30.5599],[114.35213,30.58096],[114.37371,30.58006],[114.39301,30.59921],[114.40827,30.60036],[114.4133,30.58365],[114.39871,30.54724],[114.36531,30.53128],[114.34618,30.53542],[114.30556,30.50671],[114.29556,30.52179],[114.27445,30.4982],[114.26473,30.50144],[114.25683,30.50741],[114.28924,30.56294],[114.33905,30.63016]]]}},{"type":"Feature","id":"CTAMAP-2020-COUNTY-2133","properties":{"map_level":"county","source_name":"武穴市","source_code":"421182","county_type":"县级市","prefecture_name":"黄冈市","prefecture_code":"421100","prefecture_type":"地级市","parent_entity_id":"CNUR-000178","parent_year_end_name":"黄冈市","province_name":"湖北省","province_code":"420000","snapshot_year":2020,"panel_year":2019,"link_status":"parent_linked","former_name":"","note":""},"geometry":{"type":"Polygon","coordinates":[[[115.7423,30.18965],[115.75099,30.18365],[115.74999,30.16607],[115.77983,30.10883],[115.82152,30.08814],[115.82004,30.07266],[115.79241,30.05166],[115.79564,30.03751],[115.77784,30.01856],[115.79436,30.01502],[115.82939,29.97952],[115.7807,29.92648],[115.75805,29.91298],[115.76047,29.88668],[115.72338,29.88425],[115.7397,29.83856],[115.72058,29.82551],[115.66144,29.85311],[115.61961,29.84126],[115.51262,29.84058],[115.47504,29.85013],[115.40824,29.91217],[115.40446,29.94474],[115.36737,29.98769],[115.38181,29.99539],[115.40459,29.99428],[115.42461,30.02111],[115.46259,30.00067],[115.46768,30.0061],[115.46736,30.0294],[115.48278,30.04941],[115.47807,30.06254],[115.49888,30.11563],[115.49489,30.14009],[115.51064,30.16024],[115.50169,30.17495],[115.51803,30.20071],[115.5481,30.20959],[115.56711,30.19705],[115.58406,30.20078],[115.58738,30.21727],[115.60933,30.22035],[115.67009,30.18292],[115.69758,30.18029],[115.7423,30.18965]]]}},{"type":"Feature","id":"CTAMAP-2020-COUNTY-2156","properties":{"map_level":"county","source_name":"西陵区","source_code":"420502","county_type":"市辖区","prefecture_name":"宜昌市","prefecture_code":"420500","prefecture_type":"地级市","parent_entity_id":"CNUR-000172","parent_year_end_name":"宜昌市","province_name":"湖北省","province_code":"420000","snapshot_year":2020,"panel_year":2019,"link_status":"parent_linked","former_name":"","note":""},"geometry":{"type":"Polygon","coordinates":[[[111.35983,30.69848],[111.32907,30.69889],[111.31632,30.67999],[111.29751,30.69652],[111.27531,30.69272],[111.26235,30.71963],[111.27327,30.75699],[111.2649,30.76457],[111.21117,30.77403],[111.21644,30.79831],[111.25465,30.79203],[111.25222,30.78115],[111.25977,30.77411],[111.25614,30.79181],[111.2652,30.79289],[111.26989,30.778],[111.29385,30.75597],[111.33325,30.76008],[111.33476,30.74672],[111.34438,30.74418],[111.35707,30.75161],[111.36622,30.7105],[111.35983,30.69848]]]}},{"type":"Feature","id":"CTAMAP-2020-COUNTY-2161","properties":{"map_level":"county","source_name":"西塞山区","source_code":"420203","county_type":"市辖区","prefecture_name":"黄石市","prefecture_code":"420200","prefecture_type":"地级市","parent_entity_id":"CNUR-000170","parent_year_end_name":"黄石市","province_name":"湖北省","province_code":"420000","snapshot_year":2020,"panel_year":2019,"link_status":"parent_linked","former_name":"石灰窑区","note":"2001年石灰窑区更名为西塞山区"},"geometry":{"type":"Polygon","coordinates":[[[115.20502,30.21792],[115.26752,30.15239],[115.25037,30.15789],[115.22082,30.12832],[115.15159,30.13973],[115.14903,30.18957],[115.12196,30.18292],[115.11097,30.18899],[115.09011,30.17987],[115.07948,30.18409],[115.06246,30.16385],[115.05452,30.17229],[115.02675,30.17197],[115.01078,30.17998],[115.011,30.18605],[115.03311,30.183],[115.06321,30.21],[115.09166,30.20936],[115.09329,30.21873],[115.14342,30.20978],[115.18673,30.22402],[115.20502,30.21792]]]}},{"type":"Feature","id":"CTAMAP-2020-COUNTY-2173","properties":{"map_level":"county","source_name":"浠水县","source_code":"421125","county_type":"县","prefecture_name":"黄冈市","prefecture_code":"421100","prefecture_type":"地级市","parent_entity_id":"CNUR-000178","parent_year_end_name":"黄冈市","province_name":"湖北省","province_code":"420000","snapshot_year":2020,"panel_year":2019,"link_status":"parent_linked","former_name":"","note":""},"geometry":{"type":"Polygon","coordinates":[[[115.54206,30.61888],[115.56435,30.58995],[115.61278,30.58818],[115.60831,30.58188],[115.62025,30.57082],[115.61426,30.56062],[115.62928,30.51589],[115.61708,30.52303],[115.5948,30.51273],[115.59581,30.52688],[115.5893,30.52908],[115.57841,30.51281],[115.58662,30.48678],[115.54694,30.47543],[115.50078,30.49738],[115.4843,30.47127],[115.49082,30.4652],[115.45992,30.39451],[115.44917,30.38971],[115.42814,30.40089],[115.39386,30.38997],[115.37135,30.37561],[115.36562,30.35946],[115.33704,30.33513],[115.29689,30.34006],[115.28193,30.32704],[115.25443,30.32555],[115.27057,30.30644],[115.26108,30.30011],[115.25337,30.30416],[115.243,30.29314],[115.23941,30.27397],[115.21244,30.24107],[115.20502,30.21792],[115.18673,30.22402],[115.14471,30.2099],[115.11307,30.21289],[115.07581,30.2319],[115.06869,30.25602],[115.08901,30.29142],[115.0802,30.3419],[115.04771,30.39706],[115.00832,30.40755],[115.00447,30.44785],[114.99523,30.46394],[115.02094,30.54021],[115.06151,30.54468],[115.05819,30.59066],[115.06419,30.60226],[115.07995,30.6119],[115.09638,30.64141],[115.12785,30.63769],[115.1423,30.65246],[115.1433,30.68309],[115.15368,30.70834],[115.1717,30.72212],[115.17083,30.74838],[115.18337,30.7498],[115.20725,30.73241],[115.2195,30.74489],[115.23653,30.79442],[115.26936,30.80552],[115.28725,30.80022],[115.2921,30.80892],[115.31271,30.81232],[115.32144,30.80686],[115.3162,30.79677],[115.33082,30.78944],[115.32738,30.7755],[115.3508,30.75462],[115.33636,30.74555],[115.33462,30.72195],[115.30964,30.68195],[115.33032,30.66712],[115.35671,30.67027],[115.3681,30.6631],[115.37003,30.64297],[115.40249,30.6555],[115.41535,30.63102],[115.42529,30.63006],[115.42687,30.59455],[115.44971,30.59997],[115.45437,30.58771],[115.48903,30.59318],[115.49026,30.60858],[115.50666,30.63299],[115.54206,30.61888]]]}},{"type":"Feature","id":"CTAMAP-2020-COUNTY-2187","properties":{"map_level":"county","source_name":"下陆区","source_code":"420204","county_type":"市辖区","prefecture_name":"黄石市","prefecture_code":"420200","prefecture_type":"地级市","parent_entity_id":"CNUR-000170","parent_year_end_name":"黄石市","province_name":"湖北省","province_code":"420000","snapshot_year":2020,"panel_year":2019,"link_status":"parent_linked","former_name":"","note":""},"geometry":{"type":"Polygon","coordinates":[[[115.06321,30.21],[115.03311,30.183],[115.01359,30.18633],[115.01404,30.17702],[114.98056,30.17782],[114.97407,30.16641],[114.95569,30.16078],[114.92134,30.16371],[114.91953,30.17154],[114.90328,30.17746],[114.90758,30.18862],[114.9256,30.19452],[114.93527,30.21477],[114.95694,30.20613],[114.97913,30.22187],[114.99211,30.21535],[115.0039,30.23466],[115.02752,30.23082],[115.02859,30.21779],[115.06321,30.21]]]}},{"type":"Feature","id":"CTAMAP-2020-COUNTY-2193","properties":{"map_level":"county","source_name":"仙桃市","source_code":"429004","county_type":"县级市","prefecture_name":"不统计","prefecture_code":"0","prefecture_type":"不统计","parent_entity_id":"","parent_year_end_name":"","province_name":"湖北省","province_code":"420000","snapshot_year":2020,"panel_year":2019,"link_status":"province_direct_or_out_of_scope","former_name":"","note":"省直辖市,省直管,是县级单位"},"geometry":{"type":"Polygon","coordinates":[[[113.45953,30.39378],[113.49411,30.38436],[113.49782,30.40679],[113.53193,30.42442],[113.54039,30.45341],[113.56068,30.48107],[113.59196,30.49397],[113.60311,30.47724],[113.6146,30.49015],[113.62332,30.48658],[113.63551,30.46966],[113.61584,30.44148],[113.61458,30.41972],[113.62751,30.41299],[113.65386,30.42149],[113.6747,30.39308],[113.70134,30.39223],[113.69775,30.38299],[113.70583,30.379],[113.74814,30.37802],[113.73352,30.35187],[113.75812,30.3273],[113.76042,30.28829],[113.79862,30.28262],[113.78389,30.27973],[113.77774,30.2525],[113.75985,30.24788],[113.75059,30.23523],[113.76202,30.21757],[113.8097,30.2058],[113.81948,30.16296],[113.7628,30.1223],[113.72956,30.13708],[113.72794,30.12229],[113.70982,30.11833],[113.70078,30.09683],[113.68137,30.09621],[113.66189,30.0826],[113.64024,30.09238],[113.52653,30.07063],[113.51046,30.07919],[113.5086,30.09632],[113.47585,30.11766],[113.45795,30.1505],[113.36679,30.1953],[113.33915,30.19511],[113.31934,30.16673],[113.27473,30.15449],[113.23269,30.15247],[113.20863,30.15941],[113.14592,30.1439],[113.11248,30.15427],[113.08773,30.14881],[113.06399,30.16549],[113.05127,30.18625],[113.01452,30.19796],[113.01285,30.22094],[112.99874,30.21747],[113.00077,30.26498],[113.01743,30.25515],[113.00243,30.27333],[113.0055,30.29305],[112.99752,30.30551],[112.97287,30.3101],[112.97694,30.32023],[112.96922,30.33838],[112.98297,30.34808],[112.96168,30.35689],[112.95158,30.38734],[112.98306,30.42304],[112.97769,30.42888],[112.98833,30.43107],[112.97421,30.44813],[112.99445,30.47069],[112.98916,30.48048],[112.97195,30.47457],[112.96294,30.48306],[112.95709,30.47622],[112.94268,30.4813],[112.94846,30.48895],[112.93435,30.49821],[112.93867,30.52126],[112.99767,30.5355],[113.05046,30.51353],[113.06817,30.51433],[113.06561,30.47622],[113.11668,30.48733],[113.11736,30.46621],[113.15042,30.43279],[113.17478,30.44991],[113.20108,30.425],[113.2665,30.43188],[113.31636,30.42264],[113.34576,30.4273],[113.40726,30.39761],[113.42892,30.39814],[113.44741,30.38084],[113.45761,30.38211],[113.45953,30.39378]]]}},{"type":"Feature","id":"CTAMAP-2020-COUNTY-2195","properties":{"map_level":"county","source_name":"咸安区","source_code":"421202","county_type":"市辖区","prefecture_name":"咸宁市","prefecture_code":"421200","prefecture_type":"地级市","parent_entity_id":"CNUR-000179","parent_year_end_name":"咸宁市","province_name":"湖北省","province_code":"420000","snapshot_year":2020,"panel_year":2019,"link_status":"parent_linked","former_name":"","note":""},"geometry":{"type":"Polygon","coordinates":[[[114.49196,29.9861],[114.54797,29.95697],[114.53373,29.94211],[114.55046,29.94865],[114.56042,29.93772],[114.59441,29.94262],[114.6045,29.92632],[114.64715,29.91303],[114.65583,29.91894],[114.66358,29.90568],[114.72028,29.8958],[114.70849,29.84445],[114.656,29.84724],[114.63436,29.80587],[114.58622,29.80732],[114.58641,29.79051],[114.59591,29.78956],[114.607,29.77342],[114.55337,29.75118],[114.52209,29.74899],[114.51954,29.74062],[114.50014,29.73446],[114.48647,29.71117],[114.44163,29.70616],[114.43912,29.69756],[114.41954,29.6934],[114.42292,29.68506],[114.40738,29.67615],[114.41254,29.6665],[114.40391,29.66086],[114.36559,29.65819],[114.35655,29.68332],[114.33601,29.674],[114.31431,29.67499],[114.28949,29.66014],[114.2505,29.66107],[114.21924,29.67415],[114.22519,29.67296],[114.22384,29.71743],[114.2134,29.72231],[114.1747,29.71388],[114.15275,29.72641],[114.15425,29.74506],[114.16897,29.75268],[114.1697,29.79181],[114.15599,29.81099],[114.1661,29.82201],[114.16094,29.83199],[114.17349,29.83574],[114.16726,29.84409],[114.17218,29.86568],[114.14375,29.89169],[114.14215,29.92006],[114.13113,29.92517],[114.10882,29.96999],[114.15589,29.97465],[114.16883,29.96947],[114.2067,30.00576],[114.23307,29.99837],[114.25963,30.00147],[114.35477,30.03456],[114.45256,30.00412],[114.47382,29.98503],[114.48053,29.99512],[114.49075,29.99416],[114.49196,29.9861]]]}},{"type":"Feature","id":"CTAMAP-2020-COUNTY-2196","properties":{"map_level":"county","source_name":"咸丰县","source_code":"422826","county_type":"县","prefecture_name":"恩施土家族苗族自治州","prefecture_code":"422800","prefecture_type":"自治州","parent_entity_id":"CNUR-000181","parent_year_end_name":"恩施土家族苗族自治州","province_name":"湖北省","province_code":"420000","snapshot_year":2020,"panel_year":2019,"link_status":"parent_linked","former_name":"","note":""},"geometry":{"type":"Polygon","coordinates":[[[109.12064,30.03135],[109.14544,30.04358],[109.14811,30.03247],[109.14094,29.99513],[109.16504,30.00882],[109.1739,30.00459],[109.16428,29.98488],[109.16787,29.94643],[109.15944,29.93969],[109.17421,29.92614],[109.15896,29.89633],[109.17373,29.88377],[109.16542,29.86633],[109.16848,29.85523],[109.18988,29.84915],[109.18924,29.83212],[109.20151,29.81909],[109.2317,29.80757],[109.26136,29.83214],[109.29772,29.83415],[109.31577,29.81883],[109.33115,29.82074],[109.32498,29.80984],[109.33008,29.80176],[109.3035,29.77212],[109.31627,29.73798],[109.30006,29.73099],[109.31689,29.72445],[109.31183,29.69332],[109.33614,29.67016],[109.32443,29.65713],[109.29074,29.67071],[109.26268,29.62209],[109.25195,29.6227],[109.2436,29.63496],[109.24185,29.61486],[109.22356,29.62293],[109.19877,29.60056],[109.18294,29.61899],[109.16901,29.59222],[109.14663,29.5873],[109.14236,29.57641],[109.12923,29.58299],[109.12344,29.56381],[109.10723,29.55771],[109.08864,29.53291],[109.06101,29.54495],[109.05677,29.5249],[109.04013,29.5306],[109.02105,29.49974],[109.053,29.49174],[109.03449,29.45142],[109.05752,29.42333],[109.03237,29.38361],[109.02432,29.3854],[109.03169,29.36438],[109.00045,29.36232],[108.9961,29.36786],[108.98129,29.35682],[108.98069,29.33725],[108.91561,29.32924],[108.92937,29.40287],[108.93885,29.41305],[108.93235,29.43175],[108.92641,29.43826],[108.88264,29.44318],[108.86015,29.47438],[108.86562,29.49103],[108.88276,29.49962],[108.88753,29.53234],[108.87316,29.54045],[108.88422,29.55899],[108.91048,29.57421],[108.89468,29.58697],[108.90331,29.59523],[108.89634,29.60493],[108.87912,29.59162],[108.8618,29.60247],[108.8748,29.60592],[108.88135,29.63843],[108.86924,29.64556],[108.85049,29.63953],[108.84134,29.66172],[108.82504,29.65404],[108.83194,29.67106],[108.8239,29.67452],[108.81167,29.64617],[108.817,29.6345],[108.79872,29.64374],[108.77811,29.63666],[108.77447,29.64754],[108.78859,29.65077],[108.79381,29.66359],[108.78007,29.67741],[108.78465,29.69205],[108.77236,29.69764],[108.7487,29.69185],[108.75474,29.68028],[108.76234,29.68594],[108.77225,29.67764],[108.77008,29.66128],[108.78166,29.6577],[108.7766,29.65318],[108.75441,29.66322],[108.76095,29.63907],[108.73503,29.67027],[108.70595,29.68204],[108.71469,29.69443],[108.70885,29.70259],[108.67938,29.69501],[108.6936,29.70502],[108.6763,29.72434],[108.68185,29.74292],[108.67202,29.75459],[108.6766,29.8048],[108.65234,29.82094],[108.66706,29.82739],[108.65631,29.85663],[108.6292,29.85879],[108.62318,29.87254],[108.64762,29.87187],[108.64321,29.87855],[108.6829,29.89815],[108.69193,29.9106],[108.70417,29.90086],[108.71462,29.90498],[108.71972,29.88328],[108.74451,29.86543],[108.75899,29.88688],[108.77431,29.86311],[108.78159,29.87483],[108.83438,29.88261],[108.86276,29.86854],[108.85214,29.89487],[108.85684,29.92359],[108.86488,29.94577],[108.87869,29.95308],[108.86116,29.97125],[108.87033,29.99502],[108.88894,29.99866],[108.90069,30.0286],[108.92728,30.04822],[108.94355,30.03207],[108.95995,30.03152],[108.96479,30.01637],[108.95325,29.98576],[108.9642,29.94948],[108.98371,29.94391],[108.99944,29.94679],[109.00582,29.97734],[109.04506,30.00957],[109.07082,30.01042],[109.08416,29.995],[109.11045,30.01375],[109.12064,30.03135]]]}},{"type":"Feature","id":"CTAMAP-2020-COUNTY-2213","properties":{"map_level":"county","source_name":"襄城区","source_code":"420602","county_type":"市辖区","prefecture_name":"襄阳市","prefecture_code":"420600","prefecture_type":"地级市","parent_entity_id":"CNUR-000173","parent_year_end_name":"襄阳市","province_name":"湖北省","province_code":"420000","snapshot_year":2020,"panel_year":2019,"link_status":"parent_linked","former_name":"","note":""},"geometry":{"type":"Polygon","coordinates":[[[112.22834,31.8972],[112.22534,31.8793],[112.19936,31.84317],[112.16917,31.83472],[112.16455,31.82343],[112.14229,31.8104],[112.14263,31.80223],[112.12251,31.80523],[112.09624,31.77943],[112.04224,31.78917],[112.03838,31.78405],[112.01826,31.79328],[112.00857,31.81307],[112.03145,31.80409],[112.03482,31.81329],[112.01348,31.82979],[112.04246,31.83651],[112.04674,31.86296],[112.0382,31.86666],[112.02827,31.90258],[112.01355,31.90224],[111.99521,31.9162],[111.98049,31.91463],[111.98679,31.92212],[111.9665,31.94091],[111.96777,31.95256],[111.94926,31.94166],[111.93657,31.94827],[111.93491,31.9403],[111.91803,31.94021],[111.89612,31.949],[111.90665,31.95827],[111.8995,31.95599],[111.88984,31.96678],[111.85714,31.94799],[111.8355,31.96234],[111.84622,31.9683],[111.84841,31.98073],[111.82018,31.98784],[111.81738,31.99726],[111.83365,32.00314],[111.82729,32.01312],[111.83321,32.03653],[111.85614,32.02687],[111.87,32.03807],[111.86747,32.05231],[111.89779,32.06348],[111.95015,32.06704],[111.97454,32.06107],[111.99455,32.06888],[112.00107,32.05744],[112.0163,32.06177],[112.03931,32.04526],[112.04444,32.02171],[112.08797,32.03383],[112.11426,32.02186],[112.1441,32.02948],[112.16154,32.04325],[112.1752,32.07041],[112.19678,32.07884],[112.21677,32.05872],[112.22028,32.0122],[112.21441,32.0],[112.17089,31.97239],[112.15944,31.94184],[112.17357,31.91782],[112.22834,31.8972]]]}},{"type":"Feature","id":"CTAMAP-2020-COUNTY-2217","properties":{"map_level":"county","source_name":"襄州区","source_code":"420607","county_type":"市辖区","prefecture_name":"襄阳市","prefecture_code":"420600","prefecture_type":"地级市","parent_entity_id":"CNUR-000173","parent_year_end_name":"襄阳市","province_name":"湖北省","province_code":"420000","snapshot_year":2020,"panel_year":2019,"link_status":"parent_linked","former_name":"襄阳区","note":"2010年襄阳区更名为襄州区"},"geometry":{"type":"Polygon","coordinates":[[[112.22186,32.38835],[112.23126,32.37308],[112.31807,32.32857],[112.35685,32.36985],[112.38382,32.36565],[112.3945,32.37103],[112.44377,32.34496],[112.44067,32.35916],[112.47144,32.38299],[112.48842,32.37667],[112.49876,32.38433],[112.51828,32.38298],[112.51038,32.36951],[112.52841,32.35536],[112.5153,32.33697],[112.48438,32.33112],[112.49768,32.32054],[112.49157,32.30564],[112.50924,32.29587],[112.47985,32.27143],[112.49737,32.24954],[112.48858,32.2331],[112.46268,32.22757],[112.46803,32.20988],[112.48299,32.2031],[112.47391,32.14847],[112.48287,32.13707],[112.45591,32.10021],[112.49977,32.08317],[112.50088,32.07169],[112.53003,32.07364],[112.52401,32.0585],[112.50226,32.0623],[112.49077,32.03312],[112.5231,32.02503],[112.52677,32.00948],[112.55765,31.98448],[112.53866,31.95416],[112.52084,31.94668],[112.52873,31.93972],[112.51611,31.9154],[112.50676,31.86122],[112.46143,31.86476],[112.46,31.85224],[112.44783,31.84466],[112.40433,31.84587],[112.38773,31.83874],[112.36585,31.85536],[112.3291,31.86803],[112.32473,31.87825],[112.30203,31.87872],[112.26855,31.90102],[112.24567,31.9053],[112.22834,31.8972],[112.17357,31.91782],[112.1618,31.93022],[112.16335,31.95986],[112.17089,31.97239],[112.21446,32.00006],[112.21868,32.0504],[112.20006,32.07775],[112.18074,32.07414],[112.17014,32.06092],[112.15163,32.08004],[112.1549,32.10409],[112.14032,32.13231],[112.11132,32.13659],[112.10222,32.15965],[112.07049,32.16198],[112.04793,32.15322],[112.03843,32.16934],[112.02,32.16472],[111.9947,32.18327],[111.99847,32.16101],[111.99148,32.15081],[111.98378,32.16922],[111.96005,32.17384],[111.95507,32.16378],[111.94244,32.16276],[111.94377,32.1562],[111.91794,32.15878],[111.89758,32.18428],[111.90274,32.15675],[111.89492,32.15922],[111.89851,32.14923],[111.8919,32.14835],[111.8697,32.17369],[111.83947,32.18128],[111.82197,32.20704],[111.8323,32.23665],[111.82679,32.24583],[111.80316,32.24632],[111.79926,32.25241],[111.81084,32.27428],[111.82953,32.28266],[111.83619,32.29495],[111.82906,32.29928],[111.84597,32.32385],[111.87176,32.32361],[111.87766,32.33768],[111.88787,32.3267],[111.91453,32.32966],[111.92724,32.35902],[111.94033,32.36625],[111.93442,32.36584],[111.93545,32.37383],[111.9259,32.37123],[111.92993,32.38465],[111.9222,32.38249],[111.9151,32.38656],[111.97412,32.39999],[111.97615,32.40735],[111.9679,32.41232],[112.0335,32.47303],[112.05839,32.47593],[112.06009,32.44291],[112.07349,32.43539],[112.07661,32.4217],[112.09547,32.41638],[112.11684,32.3968],[112.12722,32.40436],[112.1286,32.39412],[112.1501,32.37881],[112.15857,32.38695],[112.14428,32.3864],[112.15569,32.40193],[112.14085,32.4047],[112.1443,32.41374],[112.16587,32.40872],[112.17303,32.39494],[112.16695,32.38709],[112.19415,32.3948],[112.19684,32.38548],[112.20449,32.39324],[112.22186,32.38835]]]}},{"type":"Feature","id":"CTAMAP-2020-COUNTY-2229","properties":{"map_level":"county","source_name":"猇亭区","source_code":"420505","county_type":"市辖区","prefecture_name":"宜昌市","prefecture_code":"420500","prefecture_type":"地级市","parent_entity_id":"CNUR-000172","parent_year_end_name":"宜昌市","province_name":"湖北省","province_code":"420000","snapshot_year":2020,"panel_year":2019,"link_status":"parent_linked","former_name":"","note":""},"geometry":{"type":"Polygon","coordinates":[[[111.44641,30.63534],[111.48094,30.57071],[111.4773,30.55813],[111.49628,30.54786],[111.49514,30.52023],[111.51599,30.51573],[111.49732,30.49654],[111.48879,30.51479],[111.49094,30.49533],[111.48229,30.49741],[111.48226,30.4913],[111.46649,30.50491],[111.46702,30.48962],[111.4524,30.45937],[111.44463,30.46158],[111.43834,30.48421],[111.41167,30.51821],[111.37915,30.59819],[111.38763,30.60601],[111.40029,30.6046],[111.40179,30.61508],[111.41787,30.6152],[111.41224,30.62036],[111.41786,30.62639],[111.43103,30.62289],[111.43358,30.63344],[111.44641,30.63534]]]}},{"type":"Feature","id":"CTAMAP-2020-COUNTY-2232","properties":{"map_level":"county","source_name":"孝昌县","source_code":"420921","county_type":"县","prefecture_name":"孝感市","prefecture_code":"420900","prefecture_type":"地级市","parent_entity_id":"CNUR-000176","parent_year_end_name":"孝感市","province_name":"湖北省","province_code":"420000","snapshot_year":2020,"panel_year":2019,"link_status":"parent_linked","former_name":"","note":""},"geometry":{"type":"Polygon","coordinates":[[[114.04404,31.43389],[114.04913,31.41579],[114.06562,31.41686],[114.06393,31.41025],[114.0772,31.40807],[114.06204,31.37752],[114.10953,31.36955],[114.14693,31.35258],[114.23517,31.37985],[114.25005,31.34833],[114.2331,31.33949],[114.23321,31.32631],[114.21465,31.30364],[114.19721,31.30424],[114.19119,31.27755],[114.20059,31.26685],[114.19305,31.26112],[114.17913,31.27073],[114.17331,31.26155],[114.19222,31.2136],[114.20691,31.20161],[114.21618,31.2092],[114.22741,31.20555],[114.24228,31.1826],[114.20657,31.12539],[114.17615,31.11641],[114.17673,31.08723],[114.18562,31.07252],[114.15908,31.07709],[114.16028,31.08945],[114.13682,31.08989],[114.12606,31.10168],[114.10545,31.08366],[114.11125,31.06805],[114.1014,31.05245],[114.05484,31.04394],[114.04885,31.06865],[114.02194,31.07143],[114.01202,31.06838],[114.01248,31.05683],[113.99374,31.04019],[113.97279,31.03862],[113.97316,31.05003],[113.9594,31.06267],[113.97488,31.07977],[113.98433,31.14016],[113.95996,31.14663],[113.93624,31.13875],[113.9339,31.15123],[113.94087,31.14877],[113.94448,31.15098],[113.92755,31.15894],[113.92065,31.14527],[113.90499,31.13977],[113.89298,31.11634],[113.88201,31.11589],[113.88046,31.08843],[113.86669,31.08041],[113.84294,31.08427],[113.84555,31.06585],[113.82892,31.06183],[113.81191,31.08602],[113.83059,31.11062],[113.81172,31.12838],[113.83059,31.14217],[113.83021,31.14994],[113.82126,31.15639],[113.81435,31.14851],[113.80837,31.16419],[113.81048,31.17666],[113.8246,31.18108],[113.81398,31.19347],[113.83208,31.1985],[113.81855,31.22466],[113.83239,31.24602],[113.81335,31.26083],[113.84657,31.27444],[113.85227,31.29418],[113.86109,31.29675],[113.8669,31.31087],[113.85749,31.32435],[113.86095,31.36256],[113.87412,31.38044],[113.90274,31.38345],[113.91423,31.36914],[113.92308,31.39117],[113.92749,31.38426],[113.94259,31.38444],[113.96228,31.3986],[113.97573,31.39626],[113.97493,31.43261],[113.99644,31.41816],[114.02892,31.44562],[114.04404,31.43389]]]}},{"type":"Feature","id":"CTAMAP-2020-COUNTY-2233","properties":{"map_level":"county","source_name":"孝南区","source_code":"420902","county_type":"市辖区","prefecture_name":"孝感市","prefecture_code":"420900","prefecture_type":"地级市","parent_entity_id":"CNUR-000176","parent_year_end_name":"孝感市","province_name":"湖北省","province_code":"420000","snapshot_year":2020,"panel_year":2019,"link_status":"parent_linked","former_name":"","note":""},"geometry":{"type":"Polygon","coordinates":[[[114.18562,31.07252],[114.17173,31.04978],[114.1603,31.04972],[114.16245,31.04061],[114.15177,31.02992],[114.17363,30.9898],[114.16987,30.96981],[114.15184,30.94984],[114.15822,30.89445],[114.15159,30.88892],[114.1592,30.87901],[114.16479,30.8334],[114.1779,30.81605],[114.16801,30.80258],[114.17237,30.7578],[114.14001,30.77394],[114.02107,30.78808],[114.01578,30.78171],[113.99254,30.78945],[113.9703,30.77895],[113.94736,30.78126],[113.91837,30.76277],[113.90976,30.77344],[113.91176,30.78538],[113.86181,30.80859],[113.88374,30.81944],[113.86688,30.81759],[113.85243,30.83144],[113.85958,30.8483],[113.87292,30.8467],[113.87439,30.85855],[113.85366,30.85998],[113.83832,30.8773],[113.86236,30.88042],[113.86615,30.90037],[113.85095,30.9082],[113.83893,30.90068],[113.82962,30.90434],[113.83595,30.91863],[113.85201,30.92472],[113.84972,30.9418],[113.86103,30.94939],[113.85567,30.95991],[113.84013,30.96112],[113.84974,30.96586],[113.8355,30.98938],[113.83937,31.00416],[113.825,31.01685],[113.83944,31.04691],[113.83143,31.05975],[113.84627,31.06708],[113.84294,31.08427],[113.86669,31.08041],[113.88046,31.08843],[113.88201,31.11589],[113.89298,31.11634],[113.90499,31.13977],[113.92065,31.14527],[113.92755,31.15894],[113.94448,31.15098],[113.9339,31.15123],[113.93624,31.13875],[113.95996,31.14663],[113.98433,31.14016],[113.97488,31.07977],[113.9594,31.06267],[113.97316,31.05003],[113.97279,31.03862],[113.99374,31.04019],[114.01248,31.05683],[114.01202,31.06838],[114.02194,31.07143],[114.04885,31.06865],[114.05484,31.04394],[114.1014,31.05245],[114.11125,31.06805],[114.10545,31.08366],[114.12606,31.10168],[114.13682,31.08989],[114.16028,31.08945],[114.15908,31.07709],[114.18562,31.07252]]]}},{"type":"Feature","id":"CTAMAP-2020-COUNTY-2279","properties":{"map_level":"county","source_name":"新洲区","source_code":"420117","county_type":"市辖区","prefecture_name":"武汉市","prefecture_code":"420100","prefecture_type":"地级市","parent_entity_id":"CNUR-000169","parent_year_end_name":"武汉市","province_name":"湖北省","province_code":"420000","snapshot_year":2020,"panel_year":2019,"link_status":"parent_linked","former_name":"","note":""},"geometry":{"type":"Polygon","coordinates":[[[115.05092,30.89982],[115.07474,30.89232],[115.07635,30.88013],[115.04694,30.8663],[115.05116,30.85767],[115.03792,30.8541],[115.03804,30.84748],[115.02335,30.85168],[115.0268,30.85757],[115.01502,30.86466],[114.99799,30.86323],[114.9878,30.85397],[114.99696,30.83273],[114.9876,30.82839],[114.98484,30.81151],[114.97705,30.81828],[114.9709,30.80914],[114.96402,30.81406],[114.95507,30.80528],[114.94272,30.80809],[114.94188,30.79972],[114.9533,30.79043],[114.95032,30.77756],[114.92783,30.79977],[114.91264,30.78599],[114.89685,30.78983],[114.89393,30.79799],[114.87438,30.7981],[114.87123,30.7635],[114.83781,30.74012],[114.7895,30.72978],[114.78709,30.7175],[114.80814,30.68724],[114.80068,30.6745],[114.80516,30.66602],[114.81061,30.66233],[114.82426,30.67192],[114.85326,30.63588],[114.82427,30.63096],[114.80261,30.61616],[114.76461,30.61522],[114.68851,30.57684],[114.62879,30.56046],[114.59427,30.568],[114.53835,30.66747],[114.50819,30.68379],[114.51054,30.69426],[114.51983,30.69049],[114.51946,30.69674],[114.50359,30.71267],[114.46752,30.72872],[114.47169,30.7374],[114.49934,30.7255],[114.48352,30.7504],[114.49093,30.79188],[114.47764,30.80968],[114.49346,30.80155],[114.50152,30.80952],[114.50914,30.80181],[114.58566,30.82245],[114.59625,30.8679],[114.60894,30.88335],[114.61194,30.92938],[114.61982,30.92204],[114.62442,30.93554],[114.63779,30.93519],[114.64386,30.94484],[114.65228,30.93452],[114.67943,30.95094],[114.70796,30.94276],[114.6964,30.96319],[114.70725,30.98315],[114.72432,30.98171],[114.74302,30.99581],[114.75239,30.9984],[114.75556,30.98902],[114.76532,30.98786],[114.75967,30.95944],[114.77313,30.98969],[114.7934,31.00216],[114.80684,30.98366],[114.7994,30.97262],[114.82064,30.94988],[114.85648,30.94687],[114.87223,30.96874],[114.86148,30.98559],[114.8479,30.98847],[114.85014,30.99397],[114.86109,30.9941],[114.87697,31.0098],[114.89743,31.00766],[114.91865,31.01678],[114.92763,30.99985],[114.95011,31.00117],[114.94977,30.99042],[114.96128,30.98792],[114.97179,31.00705],[114.97229,31.03041],[114.98103,31.01901],[114.97879,31.00013],[114.98697,30.99728],[114.98708,30.98515],[114.97652,30.97985],[114.98948,30.96872],[114.98098,30.96114],[114.98692,30.94727],[115.00412,30.92841],[115.03059,30.92922],[115.02313,30.91801],[115.03391,30.91006],[115.04858,30.9119],[115.05569,30.9043],[115.05092,30.89982]]]}},{"type":"Feature","id":"CTAMAP-2020-COUNTY-2301","properties":{"map_level":"county","source_name":"兴山县","source_code":"420526","county_type":"县","prefecture_name":"宜昌市","prefecture_code":"420500","prefecture_type":"地级市","parent_entity_id":"CNUR-000172","parent_year_end_name":"宜昌市","province_name":"湖北省","province_code":"420000","snapshot_year":2020,"panel_year":2019,"link_status":"parent_linked","former_name":"","note":""},"geometry":{"type":"Polygon","coordinates":[[[111.08288,31.41999],[111.06444,31.41336],[111.07504,31.40697],[111.07254,31.3894],[111.11517,31.33863],[111.10395,31.31603],[111.08843,31.31849],[111.08015,31.31072],[111.09959,31.28918],[111.08372,31.28096],[111.07671,31.26188],[111.097,31.22426],[111.11165,31.21908],[111.10381,31.19741],[111.08698,31.1924],[111.08836,31.16651],[111.06295,31.1606],[111.05234,31.14539],[110.99924,31.12996],[111.00302,31.11382],[110.99519,31.09319],[110.96073,31.10315],[110.94562,31.11922],[110.92501,31.12227],[110.91636,31.09275],[110.88073,31.08982],[110.85999,31.09783],[110.85248,31.11162],[110.84013,31.10508],[110.83259,31.11672],[110.81755,31.10921],[110.8114,31.12054],[110.79972,31.10456],[110.77459,31.09547],[110.76035,31.10173],[110.74854,31.12269],[110.73251,31.11465],[110.72695,31.13132],[110.73397,31.13294],[110.73974,31.15145],[110.72159,31.16311],[110.72617,31.17577],[110.70678,31.18723],[110.6748,31.16742],[110.64501,31.19132],[110.60552,31.18613],[110.58847,31.17561],[110.60659,31.14237],[110.57469,31.11748],[110.54696,31.13693],[110.5194,31.13977],[110.49482,31.16277],[110.49297,31.18706],[110.47069,31.18868],[110.46932,31.20586],[110.48479,31.21222],[110.47775,31.23448],[110.49891,31.25341],[110.44498,31.26357],[110.42975,31.28414],[110.42195,31.31414],[110.4389,31.32006],[110.44291,31.32998],[110.47455,31.33652],[110.491,31.37477],[110.50481,31.36502],[110.50399,31.3496],[110.52873,31.32066],[110.57054,31.33059],[110.56862,31.35444],[110.55912,31.36785],[110.5738,31.37379],[110.571,31.40249],[110.58423,31.41129],[110.60467,31.45062],[110.6082,31.48641],[110.63241,31.47854],[110.65721,31.48565],[110.66836,31.47942],[110.68267,31.48777],[110.70382,31.47918],[110.72734,31.51786],[110.72685,31.53234],[110.78581,31.55501],[110.80713,31.5388],[110.82076,31.54514],[110.82379,31.5265],[110.85132,31.50169],[110.88391,31.53032],[110.90482,31.53539],[110.91013,31.55516],[110.94397,31.56954],[111.03469,31.56878],[111.04465,31.5525],[111.03075,31.5412],[111.05072,31.5266],[111.05091,31.51194],[111.05809,31.50829],[111.03735,31.49232],[111.04367,31.48307],[111.03373,31.45951],[111.04872,31.4419],[111.07157,31.44311],[111.08509,31.43037],[111.08288,31.41999]],[[111.0398,31.42286],[111.05516,31.43208],[111.0487,31.43923],[111.03549,31.4291],[111.0398,31.42286]]]}},{"type":"Feature","id":"CTAMAP-2020-COUNTY-2325","properties":{"map_level":"county","source_name":"宣恩县","source_code":"422825","county_type":"县","prefecture_name":"恩施土家族苗族自治州","prefecture_code":"422800","prefecture_type":"自治州","parent_entity_id":"CNUR-000181","parent_year_end_name":"恩施土家族苗族自治州","province_name":"湖北省","province_code":"420000","snapshot_year":2020,"panel_year":2019,"link_status":"parent_linked","former_name":"","note":""},"geometry":{"type":"Polygon","coordinates":[[[109.92535,30.07996],[109.90071,30.06205],[109.88534,30.06187],[109.88033,30.04934],[109.86097,30.03924],[109.86227,30.01718],[109.84148,30.00336],[109.84298,29.99714],[109.85948,29.99348],[109.87262,30.01077],[109.87651,30.00208],[109.87109,29.98913],[109.83407,29.98436],[109.84492,29.97145],[109.82466,29.95592],[109.82442,29.93243],[109.8176,29.93456],[109.81594,29.92086],[109.80428,29.92587],[109.76093,29.89716],[109.75638,29.88722],[109.76851,29.87499],[109.76026,29.86334],[109.78493,29.81827],[109.77267,29.77595],[109.78935,29.76568],[109.74765,29.74238],[109.7668,29.72743],[109.75169,29.71415],[109.76,29.69515],[109.70933,29.67544],[109.71544,29.65678],[109.69375,29.63927],[109.71223,29.61979],[109.70158,29.60957],[109.66934,29.60861],[109.6585,29.60031],[109.64673,29.62442],[109.60631,29.63719],[109.57054,29.63076],[109.56372,29.61529],[109.52801,29.6174],[109.52428,29.62918],[109.51152,29.62891],[109.50961,29.6207],[109.52054,29.61228],[109.51026,29.6028],[109.49166,29.60569],[109.50225,29.58878],[109.48392,29.55579],[109.4626,29.56273],[109.44083,29.5546],[109.44084,29.56295],[109.4221,29.56633],[109.42275,29.58395],[109.40903,29.59053],[109.40831,29.60769],[109.39655,29.60442],[109.38186,29.61597],[109.37368,29.59337],[109.36033,29.59172],[109.35258,29.61512],[109.35996,29.63207],[109.3215,29.64616],[109.32152,29.65826],[109.33609,29.67145],[109.31183,29.69332],[109.31689,29.72445],[109.30006,29.73099],[109.31627,29.73798],[109.30335,29.77125],[109.33008,29.80176],[109.32498,29.80984],[109.33052,29.82145],[109.31577,29.81883],[109.29772,29.83415],[109.26136,29.83214],[109.23243,29.80751],[109.20213,29.81872],[109.18924,29.83212],[109.1905,29.84823],[109.18187,29.85879],[109.19065,29.85385],[109.20908,29.88011],[109.23815,29.88194],[109.23679,29.89927],[109.2553,29.90869],[109.2542,29.92285],[109.26331,29.9222],[109.28328,29.94363],[109.28398,29.95419],[109.30205,29.96655],[109.3069,29.99305],[109.36241,30.06593],[109.3949,30.05621],[109.41374,30.06804],[109.4157,30.078],[109.44185,30.07682],[109.44674,30.05284],[109.46374,30.04202],[109.4612,30.03523],[109.47911,30.03935],[109.51506,30.09233],[109.4988,30.10654],[109.5306,30.16451],[109.53007,30.1784],[109.51934,30.17915],[109.52604,30.18472],[109.52071,30.19401],[109.53622,30.20336],[109.55415,30.20203],[109.56673,30.21901],[109.62057,30.21111],[109.62807,30.22051],[109.64257,30.22013],[109.64775,30.20584],[109.62982,30.17094],[109.63046,30.15451],[109.65279,30.15111],[109.66308,30.13827],[109.67878,30.13401],[109.67487,30.11833],[109.68483,30.10951],[109.72023,30.1165],[109.73625,30.10755],[109.75547,30.08934],[109.75939,30.07416],[109.77817,30.0659],[109.78283,30.07319],[109.77719,30.08047],[109.79048,30.0946],[109.78871,30.10724],[109.80193,30.11063],[109.80021,30.11914],[109.82007,30.11202],[109.82221,30.12439],[109.85787,30.13042],[109.87208,30.12868],[109.88097,30.1124],[109.89539,30.10571],[109.90958,30.11808],[109.91874,30.09905],[109.91432,30.08877],[109.92535,30.07996]]]}},{"type":"Feature","id":"CTAMAP-2020-COUNTY-2383","properties":{"map_level":"county","source_name":"阳新县","source_code":"420222","county_type":"县","prefecture_name":"黄石市","prefecture_code":"420200","prefecture_type":"地级市","parent_entity_id":"CNUR-000170","parent_year_end_name":"黄石市","province_name":"湖北省","province_code":"420000","snapshot_year":2020,"panel_year":2019,"link_status":"parent_linked","former_name":"","note":""},"geometry":{"type":"Polygon","coordinates":[[[115.26752,30.15239],[115.30899,30.09662],[115.32683,30.02745],[115.40446,29.94474],[115.40635,29.91447],[115.47504,29.85013],[115.50601,29.84231],[115.50039,29.82467],[115.46383,29.80872],[115.47097,29.80099],[115.47041,29.78214],[115.45885,29.76612],[115.46006,29.75586],[115.46475,29.76189],[115.4713,29.75614],[115.4695,29.74644],[115.44824,29.72462],[115.4403,29.72744],[115.41873,29.71085],[115.40907,29.68098],[115.39479,29.6829],[115.35476,29.64892],[115.33285,29.65297],[115.31532,29.6389],[115.29994,29.63965],[115.28083,29.62105],[115.25199,29.63902],[115.26959,29.6521],[115.25946,29.65995],[115.22605,29.65372],[115.15887,29.65807],[115.14466,29.66092],[115.12948,29.6828],[115.11032,29.68489],[115.10302,29.66167],[115.12352,29.65131],[115.13553,29.65421],[115.14121,29.64032],[115.12699,29.63487],[115.1307,29.61825],[115.12377,29.60254],[115.11139,29.59764],[115.12919,29.59233],[115.15262,29.60495],[115.17281,29.59475],[115.15225,29.58718],[115.1481,29.57805],[115.15095,29.55434],[115.14089,29.53505],[115.15512,29.51023],[115.12322,29.51083],[115.08098,29.52412],[115.09421,29.55221],[115.08177,29.56274],[115.02876,29.54884],[114.99424,29.57492],[114.96737,29.5552],[114.9392,29.55744],[114.92639,29.58685],[114.90124,29.58809],[114.90141,29.60348],[114.88608,29.6208],[114.88842,29.63944],[114.87541,29.65858],[114.87615,29.67812],[114.8636,29.69909],[114.84054,29.70235],[114.82977,29.73713],[114.76564,29.74158],[114.76372,29.73215],[114.75416,29.74547],[114.74047,29.74301],[114.70847,29.75718],[114.72501,29.77644],[114.729,29.79523],[114.73138,29.84015],[114.70617,29.8444],[114.72098,29.8992],[114.74833,29.8976],[114.75341,29.88371],[114.76437,29.88286],[114.76736,29.8901],[114.79829,29.8827],[114.82672,29.86685],[114.84062,29.87255],[114.89185,29.85584],[114.92278,29.85835],[114.93674,29.86899],[114.93952,29.92297],[114.97354,29.94],[114.97465,29.96215],[114.96788,29.96879],[115.02139,29.97106],[115.03013,29.97993],[115.02804,29.99952],[115.04716,29.99331],[115.07928,30.01574],[115.04661,30.05057],[115.04111,30.09809],[115.06191,30.10751],[115.13519,30.0856],[115.16819,30.11544],[115.17089,30.13019],[115.21382,30.13433],[115.22082,30.12832],[115.25037,30.15789],[115.26752,30.15239]]]}},{"type":"Feature","id":"CTAMAP-2020-COUNTY-2407","properties":{"map_level":"county","source_name":"夷陵区","source_code":"420506","county_type":"市辖区","prefecture_name":"宜昌市","prefecture_code":"420500","prefecture_type":"地级市","parent_entity_id":"CNUR-000172","parent_year_end_name":"宜昌市","province_name":"湖北省","province_code":"420000","snapshot_year":2020,"panel_year":2019,"link_status":"parent_linked","former_name":"宜昌县","note":"2001年撤销宜昌县，设立夷陵区"},"geometry":{"type":"Polygon","coordinates":[[[111.33018,31.35359],[111.32612,31.34918],[111.33873,31.33552],[111.32626,31.32546],[111.30657,31.34435],[111.28555,31.34269],[111.26376,31.32099],[111.27453,31.30635],[111.25297,31.27943],[111.27278,31.27938],[111.28375,31.26546],[111.31118,31.26311],[111.29915,31.2491],[111.26802,31.25953],[111.25671,31.23676],[111.26257,31.21805],[111.24698,31.21192],[111.24331,31.1966],[111.27683,31.18427],[111.29098,31.17077],[111.30838,31.17474],[111.32626,31.16686],[111.33122,31.15471],[111.35879,31.15691],[111.3636,31.15158],[111.35548,31.14269],[111.34508,31.1448],[111.3503,31.13341],[111.41984,31.1122],[111.43929,31.09777],[111.43092,31.091],[111.44202,31.09035],[111.44753,31.07882],[111.47271,31.08126],[111.48582,31.06982],[111.49415,31.0718],[111.47567,31.03484],[111.49031,31.03127],[111.51394,31.03925],[111.5301,31.02752],[111.51629,31.00813],[111.52534,30.99835],[111.52556,30.98135],[111.51757,30.96981],[111.52255,30.94768],[111.51192,30.93266],[111.54897,30.9106],[111.5376,30.89137],[111.55036,30.89222],[111.54946,30.87595],[111.58629,30.86217],[111.57399,30.84763],[111.5816,30.84422],[111.58192,30.83059],[111.57401,30.79546],[111.56419,30.79344],[111.55639,30.76665],[111.56979,30.7425],[111.57934,30.68107],[111.58835,30.67222],[111.60042,30.6932],[111.61141,30.68395],[111.62096,30.69062],[111.62906,30.67232],[111.6211,30.67156],[111.61424,30.65521],[111.62953,30.64276],[111.62703,30.63218],[111.64688,30.64138],[111.65546,30.62126],[111.61416,30.59401],[111.54112,30.58367],[111.53687,30.56994],[111.53133,30.57485],[111.53409,30.56566],[111.52129,30.5641],[111.52745,30.5534],[111.5204,30.55553],[111.50882,30.54311],[111.47782,30.55734],[111.48094,30.57071],[111.44641,30.63534],[111.44483,30.6596],[111.46521,30.67461],[111.44519,30.6821],[111.43406,30.6611],[111.40671,30.64154],[111.39838,30.66299],[111.40281,30.67194],[111.38604,30.68405],[111.36701,30.68403],[111.35983,30.69848],[111.36622,30.7105],[111.35886,30.75029],[111.33508,30.74646],[111.33325,30.76008],[111.29326,30.75617],[111.26989,30.778],[111.2652,30.79289],[111.25614,30.79181],[111.25977,30.77411],[111.25222,30.78115],[111.25465,30.79203],[111.21955,30.80054],[111.20925,30.78036],[111.2171,30.77235],[111.14581,30.77698],[111.09203,30.73991],[111.0934,30.74939],[111.07883,30.75827],[111.04806,30.74965],[111.03657,30.73312],[110.98631,30.72281],[110.96664,30.70818],[110.93046,30.71813],[110.92824,30.72684],[110.9516,30.71917],[110.96636,30.74693],[110.99052,30.75341],[110.9851,30.77096],[111.00228,30.7967],[110.98648,30.80378],[110.98328,30.82158],[110.99226,30.81742],[110.98816,30.82529],[111.00118,30.82339],[111.00174,30.82968],[110.96663,30.86843],[110.89552,30.88816],[110.89052,30.91284],[110.8732,30.90939],[110.86054,30.92227],[110.86125,30.93193],[110.87947,30.93895],[110.86299,30.96855],[110.8516,31.02474],[110.87691,31.02811],[110.8813,31.047],[110.9129,31.06043],[110.88609,31.06521],[110.88458,31.07552],[110.91998,31.09558],[110.92279,31.12187],[110.94562,31.11922],[110.96073,31.10315],[110.99648,31.0935],[110.99942,31.13016],[111.05234,31.14539],[111.06295,31.1606],[111.08836,31.16651],[111.08698,31.1924],[111.10381,31.19741],[111.11162,31.21947],[111.097,31.22426],[111.07671,31.26188],[111.08372,31.28096],[111.09942,31.29061],[111.08015,31.31072],[111.08843,31.31849],[111.10395,31.31603],[111.11513,31.33929],[111.11039,31.35207],[111.0802,31.37636],[111.07222,31.39052],[111.07476,31.40768],[111.06474,31.41365],[111.08288,31.41999],[111.10305,31.41609],[111.12151,31.44157],[111.14363,31.4385],[111.15941,31.4551],[111.17148,31.44319],[111.18213,31.44684],[111.19453,31.43899],[111.20445,31.4592],[111.21674,31.46408],[111.26911,31.4405],[111.25649,31.41954],[111.26805,31.38529],[111.30821,31.37957],[111.30464,31.36551],[111.33018,31.35359]]]}},{"type":"Feature","id":"CTAMAP-2020-COUNTY-2411","properties":{"map_level":"county","source_name":"宜城市","source_code":"420684","county_type":"县级市","prefecture_name":"襄阳市","prefecture_code":"420600","prefecture_type":"地级市","parent_entity_id":"CNUR-000173","parent_year_end_name":"襄阳市","province_name":"湖北省","province_code":"420000","snapshot_year":2020,"panel_year":2019,"link_status":"parent_linked","former_name":"","note":""},"geometry":{"type":"Polygon","coordinates":[[[112.46143,31.86476],[112.53565,31.86247],[112.53731,31.85556],[112.55616,31.85886],[112.57106,31.85181],[112.57112,31.83934],[112.57982,31.83623],[112.59042,31.84957],[112.59398,31.83351],[112.60926,31.81982],[112.61021,31.78775],[112.62353,31.79186],[112.62001,31.75297],[112.63844,31.7678],[112.64416,31.76731],[112.62917,31.7561],[112.63399,31.74328],[112.62698,31.75476],[112.62187,31.74939],[112.61093,31.75083],[112.61799,31.7427],[112.6075,31.74598],[112.5997,31.73902],[112.61109,31.71767],[112.62561,31.70981],[112.62516,31.67972],[112.64136,31.66258],[112.65468,31.66164],[112.66441,31.66926],[112.66426,31.68424],[112.67564,31.68271],[112.67711,31.67493],[112.68997,31.67085],[112.6874,31.65433],[112.71185,31.65208],[112.71629,31.63918],[112.72712,31.63548],[112.73166,31.61311],[112.7462,31.60857],[112.74823,31.57907],[112.73792,31.5743],[112.73839,31.55753],[112.71538,31.56474],[112.6974,31.55459],[112.69214,31.53946],[112.70931,31.53106],[112.7072,31.51693],[112.71964,31.51732],[112.7184,31.49085],[112.7081,31.47271],[112.64955,31.51164],[112.63699,31.50648],[112.61751,31.51162],[112.59917,31.53011],[112.60579,31.5344],[112.59638,31.54802],[112.58531,31.54422],[112.58043,31.55499],[112.55231,31.56117],[112.54111,31.57289],[112.53376,31.55998],[112.5033,31.55996],[112.49773,31.54731],[112.48238,31.54493],[112.4785,31.53321],[112.45033,31.54038],[112.43853,31.50693],[112.42946,31.50465],[112.38809,31.50533],[112.35783,31.51742],[112.33742,31.51133],[112.32444,31.52633],[112.30462,31.52148],[112.29928,31.53971],[112.26867,31.54824],[112.25947,31.53697],[112.23676,31.53714],[112.2255,31.52082],[112.19608,31.52749],[112.19396,31.51567],[112.1818,31.51348],[112.18574,31.47721],[112.17599,31.46932],[112.17296,31.47812],[112.16211,31.47242],[112.15651,31.48117],[112.14164,31.47929],[112.13131,31.46428],[112.06677,31.45871],[112.06831,31.44623],[112.05643,31.43297],[112.03143,31.44634],[112.02166,31.4363],[111.99212,31.45344],[111.94714,31.44309],[111.96028,31.45661],[111.95781,31.46604],[111.97831,31.465],[111.97978,31.48851],[111.97081,31.49898],[111.99791,31.51693],[112.01029,31.51592],[112.01073,31.53709],[112.03096,31.53694],[112.05541,31.55708],[112.07885,31.55219],[112.08234,31.54421],[112.1165,31.55724],[112.1355,31.55348],[112.15437,31.57309],[112.12908,31.59528],[112.13961,31.63048],[112.12268,31.62789],[112.10859,31.64199],[112.11202,31.66035],[112.09695,31.67911],[112.09615,31.71024],[112.07241,31.71679],[112.05767,31.74305],[112.04078,31.74992],[112.03708,31.77036],[112.02717,31.76893],[112.0111,31.78321],[112.0034,31.79743],[112.00974,31.80768],[112.01826,31.79328],[112.03838,31.78405],[112.04224,31.78917],[112.09905,31.78005],[112.12251,31.80523],[112.14263,31.80223],[112.14229,31.8104],[112.17387,31.83811],[112.19936,31.84317],[112.22534,31.8793],[112.22834,31.8972],[112.24567,31.9053],[112.26855,31.90102],[112.30203,31.87872],[112.32473,31.87825],[112.3291,31.86803],[112.36585,31.85536],[112.38773,31.83874],[112.40433,31.84587],[112.44783,31.84466],[112.46,31.85224],[112.46143,31.86476]]]}},{"type":"Feature","id":"CTAMAP-2020-COUNTY-2413","properties":{"map_level":"county","source_name":"宜都市","source_code":"420581","county_type":"县级市","prefecture_name":"宜昌市","prefecture_code":"420500","prefecture_type":"地级市","parent_entity_id":"CNUR-000172","parent_year_end_name":"宜昌市","province_name":"湖北省","province_code":"420000","snapshot_year":2020,"panel_year":2019,"link_status":"parent_linked","former_name":"","note":""},"geometry":{"type":"Polygon","coordinates":[[[111.38965,30.58372],[111.41167,30.51821],[111.44351,30.47127],[111.43986,30.41305],[111.45126,30.40701],[111.5012,30.41551],[111.51634,30.40982],[111.52594,30.38807],[111.5012,30.34241],[111.5012,30.31588],[111.51947,30.29127],[111.56762,30.25817],[111.56989,30.24036],[111.58874,30.24472],[111.60108,30.23854],[111.59623,30.22047],[111.58534,30.21353],[111.58476,30.19526],[111.57383,30.19241],[111.57117,30.17141],[111.58022,30.1631],[111.56831,30.15257],[111.57049,30.1256],[111.56284,30.12074],[111.55439,30.12679],[111.55024,30.11664],[111.50895,30.09834],[111.49666,30.11175],[111.48108,30.10068],[111.46493,30.10205],[111.44528,30.11311],[111.42906,30.10936],[111.38293,30.12604],[111.35323,30.10016],[111.30909,30.1478],[111.27281,30.12532],[111.2656,30.1448],[111.23637,30.14871],[111.16521,30.15254],[111.12487,30.13352],[111.10141,30.13464],[111.10055,30.15198],[111.12115,30.17302],[111.10289,30.19533],[111.12594,30.20783],[111.13024,30.23587],[111.16233,30.2518],[111.16241,30.25901],[111.14943,30.265],[111.16266,30.27749],[111.15384,30.28759],[111.1655,30.31509],[111.17622,30.32478],[111.22547,30.31209],[111.2279,30.32545],[111.21582,30.32843],[111.21844,30.34154],[111.2356,30.3338],[111.24738,30.3501],[111.26198,30.34924],[111.30394,30.36929],[111.31312,30.38439],[111.28836,30.41144],[111.31611,30.41774],[111.31479,30.43977],[111.33612,30.45936],[111.3379,30.48574],[111.31504,30.49631],[111.28429,30.47694],[111.2732,30.48013],[111.28903,30.48347],[111.28489,30.49564],[111.29737,30.50075],[111.27132,30.51242],[111.27181,30.52507],[111.25438,30.53811],[111.25085,30.55822],[111.23783,30.57034],[111.24821,30.58509],[111.28446,30.59922],[111.28993,30.5895],[111.29722,30.59345],[111.3002,30.58415],[111.3098,30.58423],[111.32226,30.56554],[111.34931,30.55957],[111.34445,30.57336],[111.35508,30.58077],[111.36572,30.57649],[111.37046,30.58643],[111.38965,30.58372]]]}},{"type":"Feature","id":"CTAMAP-2020-COUNTY-2441","properties":{"map_level":"county","source_name":"应城市","source_code":"420981","county_type":"县级市","prefecture_name":"孝感市","prefecture_code":"420900","prefecture_type":"地级市","parent_entity_id":"CNUR-000176","parent_year_end_name":"孝感市","province_name":"湖北省","province_code":"420000","snapshot_year":2020,"panel_year":2019,"link_status":"parent_linked","former_name":"","note":""},"geometry":{"type":"Polygon","coordinates":[[[113.6139,31.07827],[113.64773,31.03272],[113.68547,31.0081],[113.68866,30.99519],[113.68022,30.98962],[113.70226,30.97556],[113.71289,30.93511],[113.72739,30.93191],[113.73546,30.91006],[113.76592,30.89964],[113.76511,30.89118],[113.75367,30.88793],[113.73333,30.85934],[113.73849,30.84416],[113.72455,30.83958],[113.72462,30.81826],[113.70361,30.83542],[113.67013,30.79459],[113.60155,30.77017],[113.60213,30.75413],[113.61678,30.75206],[113.61367,30.73862],[113.56088,30.72753],[113.53926,30.73027],[113.50554,30.71407],[113.50122,30.73156],[113.44115,30.80841],[113.41844,30.81615],[113.4095,30.83309],[113.41457,30.83687],[113.40293,30.84994],[113.38916,30.86044],[113.36589,30.85099],[113.35325,30.87329],[113.33892,30.87197],[113.33221,30.87927],[113.33224,30.89246],[113.32365,30.89645],[113.32307,30.93488],[113.33545,30.94066],[113.35772,30.93167],[113.35157,30.94705],[113.3593,30.95012],[113.36111,30.96335],[113.38571,30.9675],[113.37612,30.99577],[113.38896,30.98807],[113.40342,31.00682],[113.42368,31.01524],[113.43305,31.03449],[113.45391,31.04078],[113.45166,31.04686],[113.46215,31.05384],[113.46327,31.10633],[113.488,31.1191],[113.51131,31.10182],[113.50512,31.11539],[113.528,31.12221],[113.53571,31.13977],[113.54845,31.14707],[113.55887,31.14666],[113.55799,31.13846],[113.56979,31.13663],[113.56453,31.13136],[113.58005,31.12557],[113.58219,31.11711],[113.5922,31.12876],[113.60379,31.12166],[113.61483,31.09651],[113.59925,31.09988],[113.60646,31.09064],[113.5991,31.08515],[113.6139,31.07827]]]}},{"type":"Feature","id":"CTAMAP-2020-COUNTY-2445","properties":{"map_level":"county","source_name":"英山县","source_code":"421124","county_type":"县","prefecture_name":"黄冈市","prefecture_code":"421100","prefecture_type":"地级市","parent_entity_id":"CNUR-000178","parent_year_end_name":"黄冈市","province_name":"湖北省","province_code":"420000","snapshot_year":2020,"panel_year":2019,"link_status":"parent_linked","former_name":"","note":""},"geometry":{"type":"Polygon","coordinates":[[[115.88883,31.12901],[115.88296,31.12065],[115.89226,31.09678],[115.94005,31.07042],[115.9374,31.04158],[115.97657,31.04503],[116.0007,31.03536],[116.00893,31.01453],[116.0523,31.01558],[116.06872,30.9578],[116.03589,30.96021],[116.02971,30.95285],[116.00344,30.95085],[115.96534,30.93065],[115.96404,30.91998],[115.94104,30.90376],[115.9313,30.9059],[115.92357,30.88798],[115.90012,30.88967],[115.90229,30.88497],[115.86429,30.87143],[115.85923,30.85686],[115.84273,30.84552],[115.84137,30.83277],[115.85973,30.81876],[115.86156,30.80294],[115.85063,30.79706],[115.85361,30.78595],[115.86631,30.7845],[115.86398,30.77657],[115.84035,30.75632],[115.78145,30.75847],[115.75602,30.68988],[115.76999,30.67367],[115.75865,30.6696],[115.75706,30.65237],[115.7291,30.64512],[115.7191,30.61945],[115.70901,30.61914],[115.71559,30.60942],[115.70051,30.59911],[115.70485,30.59047],[115.69462,30.54434],[115.66755,30.53824],[115.645,30.52103],[115.62879,30.5263],[115.6148,30.55778],[115.62025,30.57082],[115.60831,30.58188],[115.61278,30.58818],[115.56435,30.58995],[115.54206,30.61888],[115.56034,30.62979],[115.5591,30.64655],[115.57729,30.64758],[115.57853,30.67763],[115.60376,30.68689],[115.62007,30.71026],[115.60641,30.72157],[115.62408,30.73161],[115.62806,30.74537],[115.60861,30.7708],[115.61934,30.7804],[115.60512,30.78711],[115.61443,30.81858],[115.60041,30.81876],[115.58786,30.83016],[115.56189,30.80251],[115.53681,30.79882],[115.53185,30.81005],[115.54657,30.81798],[115.54168,30.83459],[115.5686,30.85002],[115.57656,30.86404],[115.5725,30.87341],[115.58787,30.8827],[115.58411,30.89529],[115.59379,30.92426],[115.61401,30.93738],[115.61383,30.94761],[115.66464,30.96826],[115.71579,31.00347],[115.72192,31.02921],[115.70066,31.03471],[115.71104,31.05411],[115.7099,31.07088],[115.76031,31.07105],[115.77364,31.0819],[115.77244,31.10586],[115.79369,31.12886],[115.83814,31.1299],[115.84923,31.1446],[115.86827,31.15073],[115.88883,31.12901]]]}},{"type":"Feature","id":"CTAMAP-2020-COUNTY-2546","properties":{"map_level":"county","source_name":"远安县","source_code":"420525","county_type":"县","prefecture_name":"宜昌市","prefecture_code":"420500","prefecture_type":"地级市","parent_entity_id":"CNUR-000172","parent_year_end_name":"宜昌市","province_name":"湖北省","province_code":"420000","snapshot_year":2020,"panel_year":2019,"link_status":"parent_linked","former_name":"","note":""},"geometry":{"type":"Polygon","coordinates":[[[111.85255,31.23919],[111.86668,31.224],[111.86412,31.21453],[111.87804,31.21174],[111.87145,31.19753],[111.87902,31.17604],[111.86392,31.17364],[111.86186,31.15564],[111.84586,31.1523],[111.83803,31.13809],[111.82557,31.13473],[111.83296,31.12358],[111.82008,31.1226],[111.81413,31.10282],[111.82184,31.0978],[111.78879,31.07693],[111.77953,31.08447],[111.76414,31.07259],[111.75481,31.05496],[111.76663,31.04552],[111.75907,31.03519],[111.76446,31.016],[111.75408,31.0118],[111.73055,31.03082],[111.7273,31.01586],[111.7136,31.02322],[111.70565,31.01922],[111.69365,31.00267],[111.6994,30.99516],[111.69172,30.98993],[111.6946,30.96601],[111.66928,30.96005],[111.65556,30.96857],[111.64202,30.96124],[111.67139,30.94669],[111.66153,30.92485],[111.64847,30.91979],[111.65154,30.91253],[111.63607,30.91851],[111.62906,30.90933],[111.60676,30.91976],[111.59835,30.91234],[111.60357,30.90219],[111.57758,30.88264],[111.56688,30.89186],[111.57047,30.90068],[111.51192,30.93266],[111.52255,30.94768],[111.51757,30.96981],[111.52556,30.98135],[111.52534,30.99835],[111.51629,31.00813],[111.53129,31.0228],[111.51394,31.03925],[111.49031,31.03127],[111.47567,31.03484],[111.49415,31.0718],[111.48582,31.06982],[111.47271,31.08126],[111.44753,31.07882],[111.44202,31.09035],[111.43092,31.091],[111.43929,31.09777],[111.41984,31.1122],[111.3503,31.13341],[111.34508,31.1448],[111.35548,31.14269],[111.3636,31.15158],[111.35879,31.15691],[111.33122,31.15471],[111.32626,31.16686],[111.30838,31.17474],[111.29098,31.17077],[111.27683,31.18427],[111.24318,31.19691],[111.24698,31.21192],[111.26257,31.21805],[111.25671,31.23676],[111.26802,31.25953],[111.29915,31.2491],[111.31118,31.26311],[111.28375,31.26546],[111.27605,31.27808],[111.25179,31.28105],[111.27453,31.30635],[111.26421,31.31614],[111.26685,31.32485],[111.28555,31.34269],[111.30689,31.34437],[111.32626,31.32546],[111.33873,31.33552],[111.3257,31.3509],[111.35615,31.34877],[111.40344,31.37192],[111.4271,31.36506],[111.42976,31.35221],[111.4187,31.34013],[111.43478,31.32946],[111.42639,31.3192],[111.43335,31.31124],[111.48359,31.31402],[111.5128,31.29833],[111.56276,31.31757],[111.62547,31.36928],[111.65385,31.351],[111.68905,31.36119],[111.70205,31.35393],[111.73393,31.36967],[111.74192,31.36002],[111.73931,31.34771],[111.74725,31.3455],[111.73575,31.32922],[111.75294,31.32287],[111.74291,31.32163],[111.74412,31.3116],[111.73104,31.30022],[111.7349,31.29343],[111.75173,31.28915],[111.74967,31.28205],[111.76196,31.28334],[111.76924,31.26735],[111.77803,31.2668],[111.78189,31.27558],[111.79382,31.24871],[111.80432,31.25305],[111.82132,31.24577],[111.83093,31.23125],[111.85255,31.23919]]]}},{"type":"Feature","id":"CTAMAP-2020-COUNTY-2563","properties":{"map_level":"county","source_name":"云梦县","source_code":"420923","county_type":"县","prefecture_name":"孝感市","prefecture_code":"420900","prefecture_type":"地级市","parent_entity_id":"CNUR-000176","parent_year_end_name":"孝感市","province_name":"湖北省","province_code":"420000","snapshot_year":2020,"panel_year":2019,"link_status":"parent_linked","former_name":"","note":""},"geometry":{"type":"Polygon","coordinates":[[[113.81048,31.17666],[113.80962,31.15561],[113.81641,31.14783],[113.82529,31.15546],[113.83106,31.1434],[113.81175,31.12979],[113.83059,31.11062],[113.81196,31.08045],[113.82594,31.0722],[113.83939,31.04767],[113.825,31.01685],[113.83937,31.00416],[113.8355,30.98938],[113.84974,30.96586],[113.84013,30.96112],[113.86105,30.95317],[113.84972,30.9418],[113.85201,30.92472],[113.83595,30.91863],[113.82962,30.90434],[113.83893,30.90068],[113.85095,30.9082],[113.86615,30.90037],[113.86236,30.88042],[113.83832,30.8773],[113.85366,30.85998],[113.87439,30.85855],[113.87292,30.8467],[113.85958,30.8483],[113.85243,30.83144],[113.86688,30.81759],[113.88374,30.81944],[113.85785,30.81196],[113.85261,30.79883],[113.86104,30.79546],[113.85378,30.79017],[113.84797,30.75011],[113.83374,30.76774],[113.82826,30.75438],[113.81021,30.76352],[113.80233,30.75956],[113.79458,30.76982],[113.80276,30.77516],[113.80203,30.78596],[113.77308,30.81295],[113.74807,30.81831],[113.73333,30.85934],[113.76592,30.89964],[113.73546,30.91006],[113.72739,30.93191],[113.71289,30.93511],[113.70226,30.97556],[113.68022,30.98962],[113.68866,30.99519],[113.68617,31.00721],[113.64773,31.03272],[113.62957,31.05559],[113.64365,31.06587],[113.64928,31.08256],[113.63909,31.08723],[113.64709,31.09797],[113.67778,31.11201],[113.66389,31.12469],[113.67135,31.15704],[113.69364,31.16272],[113.69572,31.17434],[113.71537,31.18352],[113.71849,31.21039],[113.75027,31.20213],[113.75253,31.1943],[113.77923,31.19649],[113.81048,31.17666]]]}},{"type":"Feature","id":"CTAMAP-2020-COUNTY-2569","properties":{"map_level":"county","source_name":"郧西县","source_code":"420322","county_type":"县","prefecture_name":"十堰市","prefecture_code":"420300","prefecture_type":"地级市","parent_entity_id":"CNUR-000171","parent_year_end_name":"十堰市","province_name":"湖北省","province_code":"420000","snapshot_year":2020,"panel_year":2019,"link_status":"parent_linked","former_name":"","note":""},"geometry":{"type":"Polygon","coordinates":[[[110.48989,33.20554],[110.50895,33.23691],[110.51355,33.22654],[110.52652,33.23135],[110.53252,33.2411],[110.52851,33.25777],[110.55829,33.25414],[110.58181,33.23676],[110.57824,33.22452],[110.59022,33.21361],[110.5957,33.17114],[110.58895,33.15712],[110.62531,33.14395],[110.63792,33.14767],[110.63962,33.16439],[110.64821,33.16382],[110.6507,33.15152],[110.67284,33.13002],[110.67155,33.11087],[110.6513,33.09966],[110.64102,33.08618],[110.64366,33.07578],[110.60513,33.06251],[110.59742,33.05294],[110.59884,33.0276],[110.58539,33.02928],[110.61425,33.00735],[110.608,32.9855],[110.62433,32.98421],[110.64226,32.97074],[110.6223,32.9578],[110.6333,32.93652],[110.61901,32.93673],[110.62478,32.89125],[110.61929,32.9012],[110.59325,32.89612],[110.59171,32.90617],[110.58371,32.90598],[110.59722,32.8657],[110.58665,32.85771],[110.5765,32.87256],[110.56125,32.86354],[110.56219,32.87854],[110.54745,32.86704],[110.55037,32.82688],[110.51203,32.80928],[110.48702,32.81317],[110.47946,32.82748],[110.48231,32.84794],[110.46541,32.85112],[110.46029,32.86848],[110.44174,32.84266],[110.43322,32.85397],[110.44104,32.85465],[110.42769,32.86754],[110.4203,32.85483],[110.42151,32.83344],[110.40857,32.83022],[110.41069,32.82423],[110.39071,32.82376],[110.40455,32.85065],[110.39066,32.86304],[110.3828,32.8507],[110.36762,32.85081],[110.34664,32.83008],[110.31084,32.81888],[110.30773,32.79508],[110.28081,32.79691],[110.26923,32.78311],[110.25249,32.80089],[110.21811,32.81121],[110.12022,32.81015],[110.10094,32.83351],[110.04761,32.85248],[110.02526,32.87403],[110.00344,32.87387],[109.98516,32.88814],[109.92614,32.88744],[109.9097,32.90401],[109.87976,32.90318],[109.86484,32.9149],[109.85284,32.91289],[109.84388,32.89564],[109.79421,32.87949],[109.76077,32.91071],[109.77419,32.94069],[109.77026,32.95802],[109.78522,32.98759],[109.79664,33.06891],[109.77257,33.06989],[109.70516,33.09915],[109.68171,33.11776],[109.62521,33.11483],[109.60443,33.10634],[109.58618,33.12246],[109.56828,33.11709],[109.56571,33.12626],[109.54512,33.12513],[109.545,33.13318],[109.46227,33.13917],[109.43728,33.15196],[109.44827,33.15965],[109.44881,33.17112],[109.4759,33.18438],[109.47885,33.20283],[109.50301,33.21227],[109.49982,33.22692],[109.51408,33.23544],[109.51375,33.24293],[109.6062,33.23308],[109.60299,33.25377],[109.61999,33.27288],[109.63931,33.2703],[109.65206,33.24816],[109.66314,33.258],[109.69455,33.25812],[109.70707,33.2347],[109.77398,33.24048],[109.79522,33.235],[109.86491,33.25023],[109.97995,33.20031],[110.00728,33.21063],[110.02632,33.19648],[110.04913,33.19362],[110.06278,33.19823],[110.06434,33.20766],[110.11036,33.20378],[110.15766,33.21275],[110.20689,33.16453],[110.22587,33.1601],[110.28084,33.1723],[110.33387,33.16014],[110.33664,33.17587],[110.36525,33.18685],[110.37243,33.18626],[110.36925,33.17826],[110.4158,33.17155],[110.44134,33.18229],[110.46587,33.17435],[110.46554,33.18636],[110.48989,33.20554]]]}},{"type":"Feature","id":"CTAMAP-2020-COUNTY-2570","properties":{"map_level":"county","source_name":"郧阳区","source_code":"420304","county_type":"市辖区","prefecture_name":"十堰市","prefecture_code":"420300","prefecture_type":"地级市","parent_entity_id":"CNUR-000171","parent_year_end_name":"十堰市","province_name":"湖北省","province_code":"420000","snapshot_year":2020,"panel_year":2019,"link_status":"parent_linked","former_name":"郧县","note":"2014年撤销郧县，设立郧阳区"},"geometry":{"type":"Polygon","coordinates":[[[110.98825,33.25396],[110.98838,33.2385],[111.05579,33.19442],[111.052,33.17517],[111.03208,33.15528],[111.05025,33.15785],[111.06295,33.17745],[111.08589,33.18454],[111.08476,33.17337],[111.09866,33.17316],[111.11327,33.15891],[111.12487,33.16269],[111.12564,33.13999],[111.14047,33.12575],[111.15642,33.12644],[111.17471,33.11603],[111.17008,33.09463],[111.18562,33.09497],[111.19304,33.07345],[111.14835,33.05163],[111.14756,33.04193],[111.15289,33.03828],[111.16699,33.04838],[111.18433,33.04],[111.21338,33.04487],[111.23439,33.03928],[111.24163,33.01508],[111.25409,33.00917],[111.25916,32.99186],[111.26998,32.98951],[111.26154,32.95731],[111.2463,32.95212],[111.25222,32.96428],[111.242,32.96953],[111.2237,32.96155],[111.21831,32.92155],[111.17942,32.90969],[111.16167,32.9137],[111.15386,32.88638],[111.1205,32.86938],[111.12141,32.84444],[111.08026,32.80472],[111.09708,32.77694],[111.09128,32.76245],[111.07068,32.75682],[111.02029,32.76639],[110.99847,32.75857],[110.98922,32.74929],[110.99036,32.73835],[110.97847,32.73506],[110.96969,32.74798],[110.95463,32.74415],[110.96393,32.73785],[110.96381,32.73318],[110.95219,32.7377],[110.94549,32.69891],[110.93604,32.68935],[110.94002,32.68056],[110.92434,32.67466],[110.91959,32.65909],[110.9385,32.64996],[110.93651,32.63941],[110.9085,32.6505],[110.91382,32.64244],[110.88433,32.62859],[110.87497,32.63105],[110.85259,32.67242],[110.83918,32.67703],[110.84738,32.68255],[110.83012,32.69889],[110.82156,32.72403],[110.80407,32.73481],[110.78679,32.72961],[110.78994,32.74727],[110.77504,32.77397],[110.76739,32.76838],[110.76866,32.75023],[110.74007,32.71636],[110.70543,32.72554],[110.69135,32.71066],[110.68027,32.71617],[110.66263,32.7486],[110.63419,32.74507],[110.62594,32.75597],[110.58727,32.75903],[110.57654,32.76797],[110.57198,32.74679],[110.52007,32.74628],[110.49431,32.75663],[110.45731,32.71785],[110.4636,32.68037],[110.44558,32.66391],[110.44214,32.64853],[110.46074,32.6476],[110.46936,32.63043],[110.50776,32.64101],[110.52356,32.63933],[110.53008,32.62891],[110.54115,32.63132],[110.54091,32.57794],[110.50253,32.58179],[110.49387,32.56809],[110.51616,32.56289],[110.52575,32.546],[110.55015,32.54237],[110.54924,32.53255],[110.5316,32.53369],[110.54071,32.52392],[110.5292,32.52466],[110.54721,32.50781],[110.49204,32.4935],[110.47473,32.47681],[110.47713,32.44964],[110.46178,32.44989],[110.4362,32.4326],[110.41843,32.4386],[110.41739,32.43132],[110.35701,32.42775],[110.34617,32.44157],[110.33893,32.4735],[110.33931,32.51561],[110.32819,32.51988],[110.31485,32.5095],[110.29138,32.52192],[110.27945,32.51652],[110.26586,32.53767],[110.22902,32.55537],[110.21147,32.53835],[110.17745,32.5379],[110.17835,32.55532],[110.20619,32.59358],[110.18202,32.61779],[110.20122,32.63772],[110.14879,32.68069],[110.15433,32.70769],[110.16634,32.72013],[110.15839,32.76375],[110.13427,32.76582],[110.1209,32.78207],[110.1356,32.79463],[110.13521,32.81049],[110.21811,32.81121],[110.25249,32.80089],[110.26923,32.78311],[110.28081,32.79691],[110.30773,32.79508],[110.31084,32.81888],[110.34664,32.83008],[110.36762,32.85081],[110.3828,32.8507],[110.39066,32.86304],[110.40442,32.85322],[110.39081,32.82589],[110.40021,32.8216],[110.42125,32.83293],[110.42686,32.86722],[110.44104,32.85465],[110.43322,32.85397],[110.44174,32.84266],[110.46013,32.86853],[110.46541,32.85112],[110.48231,32.84794],[110.47946,32.82748],[110.48857,32.81181],[110.51057,32.80888],[110.53888,32.82065],[110.55037,32.82688],[110.54854,32.8686],[110.56265,32.87857],[110.56125,32.86354],[110.5765,32.87256],[110.58665,32.85771],[110.59732,32.86584],[110.58371,32.90598],[110.59171,32.90617],[110.59325,32.89612],[110.61897,32.90127],[110.62478,32.89125],[110.62834,32.89891],[110.61899,32.93661],[110.6333,32.93657],[110.6223,32.9578],[110.64226,32.97074],[110.62433,32.98421],[110.608,32.9855],[110.61425,33.00735],[110.58551,33.02856],[110.59884,33.0276],[110.59742,33.05294],[110.60439,33.06187],[110.6272,33.07495],[110.64057,33.07232],[110.64113,33.08636],[110.671,33.11002],[110.67345,33.12118],[110.70509,33.09597],[110.71828,33.10599],[110.71517,33.12609],[110.73402,33.14207],[110.75282,33.14634],[110.75757,33.15455],[110.79056,33.15176],[110.80239,33.16218],[110.81663,33.15528],[110.80931,33.17419],[110.82354,33.20404],[110.87006,33.21656],[110.89303,33.21116],[110.89501,33.20412],[110.90927,33.21448],[110.914,33.20398],[110.96262,33.26057],[110.98825,33.25396]],[[111.0277,33.17911],[111.02719,33.19053],[111.00998,33.17491],[111.01489,33.17412],[111.0277,33.17911]]]}},{"type":"Feature","id":"CTAMAP-2020-COUNTY-2577","properties":{"map_level":"county","source_name":"枣阳市","source_code":"420683","county_type":"县级市","prefecture_name":"襄阳市","prefecture_code":"420600","prefecture_type":"地级市","parent_entity_id":"CNUR-000173","parent_year_end_name":"襄阳市","province_name":"湖北省","province_code":"420000","snapshot_year":2020,"panel_year":2019,"link_status":"parent_linked","former_name":"","note":""},"geometry":{"type":"Polygon","coordinates":[[[113.02808,32.42497],[113.04251,32.42219],[113.05159,32.40603],[113.07273,32.39567],[113.10327,32.40002],[113.11359,32.3772],[113.10458,32.36669],[113.07771,32.37091],[113.05169,32.35702],[113.05336,32.3431],[113.0709,32.3465],[113.06243,32.33885],[113.06498,32.33139],[113.09398,32.31551],[113.0802,32.29438],[113.05593,32.28479],[113.05625,32.27177],[113.02871,32.27648],[113.01756,32.26514],[113.03124,32.2418],[113.02352,32.22038],[113.03584,32.21154],[113.01961,32.18521],[113.02457,32.16661],[113.01348,32.14308],[113.02683,32.14197],[113.04898,32.1148],[113.03583,32.09676],[113.01775,32.09082],[113.01722,32.08082],[112.99091,32.06935],[112.98524,32.05526],[112.98144,32.00587],[112.98783,31.99255],[112.97787,31.97761],[113.00376,31.97621],[113.02811,31.96197],[113.01292,31.94875],[112.99683,31.95038],[113.00073,31.94312],[112.99434,31.94569],[112.9951,31.92544],[112.98376,31.90063],[112.95735,31.90247],[112.95607,31.87263],[112.97285,31.84853],[112.96715,31.83031],[112.95308,31.82829],[112.92291,31.84288],[112.88722,31.79723],[112.87044,31.80862],[112.84515,31.80144],[112.8272,31.75749],[112.79314,31.75253],[112.7867,31.73545],[112.74849,31.74573],[112.73989,31.73233],[112.74835,31.71875],[112.72487,31.69572],[112.72989,31.68778],[112.72273,31.66007],[112.73245,31.64831],[112.72989,31.63679],[112.71719,31.63824],[112.70583,31.65547],[112.6874,31.65433],[112.68997,31.67085],[112.67497,31.68306],[112.66253,31.68245],[112.66194,31.66596],[112.64168,31.66241],[112.62516,31.67972],[112.62561,31.70981],[112.61109,31.71767],[112.59954,31.73777],[112.6075,31.74598],[112.61274,31.74222],[112.61799,31.7427],[112.61093,31.75083],[112.62187,31.74939],[112.62629,31.75467],[112.63399,31.74328],[112.62917,31.7561],[112.64416,31.76731],[112.62001,31.75297],[112.62353,31.79186],[112.61021,31.78775],[112.60926,31.81982],[112.59398,31.83351],[112.5931,31.84571],[112.58751,31.84967],[112.58592,31.83748],[112.57531,31.83738],[112.57106,31.85181],[112.55616,31.85886],[112.53661,31.85567],[112.53565,31.86247],[112.5068,31.86803],[112.52873,31.93972],[112.52084,31.94668],[112.53866,31.95416],[112.55765,31.98431],[112.52677,32.00948],[112.5231,32.02503],[112.49077,32.03312],[112.50226,32.0623],[112.52401,32.0585],[112.53003,32.07364],[112.50088,32.07169],[112.49977,32.08317],[112.45591,32.10021],[112.48287,32.13707],[112.47391,32.14847],[112.48299,32.2031],[112.46803,32.20988],[112.46268,32.22757],[112.48858,32.2331],[112.49737,32.24954],[112.47985,32.27143],[112.50924,32.29587],[112.49157,32.30564],[112.49768,32.32054],[112.48493,32.33314],[112.5153,32.33697],[112.52841,32.35536],[112.51038,32.36951],[112.51908,32.38112],[112.50878,32.38458],[112.52543,32.39193],[112.54261,32.41338],[112.57209,32.3841],[112.59048,32.38917],[112.63542,32.37034],[112.65151,32.37716],[112.65742,32.3641],[112.66652,32.37081],[112.67979,32.35859],[112.70558,32.35385],[112.72554,32.36861],[112.72914,32.35284],[112.75653,32.34566],[112.76591,32.3483],[112.77084,32.36084],[112.78698,32.35769],[112.80323,32.37205],[112.83443,32.37646],[112.86684,32.39938],[112.87418,32.37824],[112.88679,32.38102],[112.88484,32.3903],[112.90158,32.39932],[112.94635,32.38265],[112.94834,32.39239],[112.95893,32.39511],[112.95866,32.37613],[112.98381,32.37034],[112.99248,32.39335],[112.98519,32.40327],[112.98868,32.41185],[113.02808,32.42497]]]}},{"type":"Feature","id":"CTAMAP-2020-COUNTY-2597","properties":{"map_level":"county","source_name":"张湾区","source_code":"420303","county_type":"市辖区","prefecture_name":"十堰市","prefecture_code":"420300","prefecture_type":"地级市","parent_entity_id":"CNUR-000171","parent_year_end_name":"十堰市","province_name":"湖北省","province_code":"420000","snapshot_year":2020,"panel_year":2019,"link_status":"parent_linked","former_name":"","note":""},"geometry":{"type":"Polygon","coordinates":[[[110.85259,32.67242],[110.84891,32.64504],[110.8206,32.62153],[110.79146,32.65636],[110.77392,32.65409],[110.75369,32.61027],[110.75356,32.60143],[110.76204,32.60358],[110.75867,32.59624],[110.74697,32.59633],[110.72943,32.57512],[110.7066,32.56807],[110.69705,32.55289],[110.66427,32.54547],[110.65844,32.52974],[110.63011,32.53172],[110.61042,32.5165],[110.60664,32.49129],[110.58781,32.48196],[110.57276,32.48502],[110.56285,32.49292],[110.56593,32.50235],[110.52986,32.5202],[110.53003,32.5263],[110.54136,32.52549],[110.5316,32.53369],[110.54924,32.53255],[110.55015,32.54237],[110.52575,32.546],[110.51616,32.56289],[110.49394,32.56785],[110.50253,32.58179],[110.54091,32.57794],[110.54115,32.63132],[110.53008,32.62891],[110.52356,32.63933],[110.50776,32.64101],[110.46936,32.63043],[110.46074,32.6476],[110.44214,32.64853],[110.44558,32.66391],[110.46348,32.67987],[110.45714,32.71735],[110.47553,32.7413],[110.50123,32.75805],[110.52007,32.74628],[110.57198,32.74679],[110.57654,32.76797],[110.58727,32.75903],[110.62594,32.75597],[110.63419,32.74507],[110.66269,32.74859],[110.68027,32.71617],[110.69135,32.71066],[110.70543,32.72554],[110.74007,32.71636],[110.76866,32.75023],[110.76739,32.76838],[110.77504,32.77397],[110.78994,32.74727],[110.78679,32.72961],[110.80407,32.73481],[110.82156,32.72403],[110.83012,32.69889],[110.84738,32.68255],[110.83918,32.67703],[110.85259,32.67242]]]}},{"type":"Feature","id":"CTAMAP-2020-COUNTY-2622","properties":{"map_level":"county","source_name":"长阳土家族自治县","source_code":"420528","county_type":"自治县","prefecture_name":"宜昌市","prefecture_code":"420500","prefecture_type":"地级市","parent_entity_id":"CNUR-000172","parent_year_end_name":"宜昌市","province_name":"湖北省","province_code":"420000","snapshot_year":2020,"panel_year":2019,"link_status":"parent_linked","former_name":"","note":""},"geometry":{"type":"Polygon","coordinates":[[[110.92824,30.72684],[110.93046,30.71813],[110.95589,30.71106],[110.95961,30.7041],[110.95071,30.69545],[111.03057,30.61978],[111.04815,30.628],[111.09256,30.62666],[111.14568,30.60483],[111.15539,30.61518],[111.17634,30.61087],[111.19049,30.59292],[111.19877,30.60227],[111.20285,30.59457],[111.19663,30.5902],[111.20877,30.5806],[111.20604,30.56782],[111.24188,30.5683],[111.25438,30.53811],[111.27181,30.52507],[111.27132,30.51242],[111.2951,30.50559],[111.29678,30.49908],[111.28489,30.49564],[111.28903,30.48347],[111.2732,30.48013],[111.28429,30.47694],[111.31504,30.49631],[111.3379,30.48574],[111.33612,30.45936],[111.31479,30.43977],[111.31611,30.41774],[111.28836,30.41144],[111.29238,30.40042],[111.31095,30.39189],[111.30664,30.37135],[111.28026,30.35564],[111.24738,30.3501],[111.2356,30.3338],[111.21844,30.34154],[111.21582,30.32843],[111.2279,30.32545],[111.22547,30.31209],[111.17462,30.32481],[111.15384,30.28759],[111.16266,30.27749],[111.14943,30.265],[111.16241,30.25901],[111.16233,30.2518],[111.13024,30.23587],[111.12594,30.20783],[111.10729,30.19854],[111.106,30.20818],[111.09091,30.21864],[111.07189,30.22034],[111.05983,30.25521],[111.04283,30.25364],[111.05208,30.26592],[111.0443,30.27566],[111.00886,30.29429],[110.97567,30.28344],[110.96787,30.27294],[110.94734,30.27958],[110.90474,30.24569],[110.8511,30.25391],[110.83083,30.27243],[110.81564,30.261],[110.77323,30.25153],[110.75413,30.25425],[110.75523,30.27281],[110.69436,30.27246],[110.67907,30.28478],[110.66307,30.31867],[110.64633,30.32021],[110.64282,30.33172],[110.6314,30.33143],[110.60579,30.34881],[110.5737,30.33828],[110.55249,30.34027],[110.55032,30.34985],[110.56296,30.36772],[110.56054,30.38319],[110.54973,30.39522],[110.50437,30.40665],[110.49238,30.4174],[110.45652,30.40193],[110.44503,30.36775],[110.41114,30.33714],[110.39214,30.33464],[110.36135,30.31349],[110.34858,30.31627],[110.354,30.33271],[110.36274,30.33563],[110.34433,30.35499],[110.34723,30.36707],[110.37354,30.40059],[110.36181,30.40795],[110.37361,30.44782],[110.36214,30.47032],[110.36746,30.47704],[110.38206,30.47076],[110.40608,30.48051],[110.39426,30.49248],[110.41923,30.4841],[110.43528,30.49169],[110.44766,30.52214],[110.46112,30.52408],[110.46558,30.55263],[110.48404,30.55663],[110.48013,30.56784],[110.45993,30.56578],[110.46398,30.58999],[110.42709,30.61895],[110.44235,30.63015],[110.44428,30.65067],[110.46256,30.65589],[110.44387,30.67903],[110.45898,30.71755],[110.45681,30.73256],[110.50804,30.73712],[110.57164,30.78104],[110.58671,30.75973],[110.5767,30.73831],[110.59171,30.72919],[110.59261,30.68754],[110.65468,30.6683],[110.64827,30.64749],[110.73023,30.63721],[110.7512,30.66784],[110.78105,30.66084],[110.7928,30.69559],[110.81323,30.71039],[110.8314,30.69049],[110.82291,30.67651],[110.8372,30.6824],[110.85103,30.67686],[110.85039,30.69112],[110.87182,30.71039],[110.87451,30.73816],[110.8878,30.74555],[110.89338,30.74606],[110.90843,30.70853],[110.92824,30.72684]]]}},{"type":"Feature","id":"CTAMAP-2020-COUNTY-2665","properties":{"map_level":"county","source_name":"枝江市","source_code":"420583","county_type":"县级市","prefecture_name":"宜昌市","prefecture_code":"420500","prefecture_type":"地级市","parent_entity_id":"CNUR-000172","parent_year_end_name":"宜昌市","province_name":"湖北省","province_code":"420000","snapshot_year":2020,"panel_year":2019,"link_status":"parent_linked","former_name":"","note":""},"geometry":{"type":"Polygon","coordinates":[[[111.92812,30.51919],[111.91677,30.50742],[111.90711,30.4835],[111.92259,30.47717],[111.91493,30.46821],[111.91849,30.46112],[111.90896,30.46578],[111.90412,30.45896],[111.91918,30.44663],[111.94354,30.44114],[111.93977,30.44844],[111.95067,30.44527],[111.95095,30.45061],[111.96742,30.44026],[111.97496,30.41203],[111.96926,30.36508],[112.0012,30.32476],[112.02885,30.30489],[112.04639,30.30167],[112.04223,30.28844],[112.03591,30.28949],[112.04083,30.27966],[112.01076,30.27594],[111.98904,30.2835],[111.95823,30.31006],[111.93257,30.35148],[111.92103,30.35508],[111.90659,30.34777],[111.88812,30.28],[111.8555,30.2897],[111.82158,30.28756],[111.81597,30.30285],[111.80336,30.2997],[111.78583,30.3217],[111.76869,30.36806],[111.73089,30.37624],[111.67382,30.34012],[111.62701,30.32376],[111.59662,30.27169],[111.56411,30.25824],[111.51947,30.29127],[111.50024,30.31878],[111.5012,30.34241],[111.52322,30.37635],[111.52318,30.40163],[111.5012,30.41551],[111.45126,30.40701],[111.43581,30.42231],[111.44463,30.46158],[111.454,30.4597],[111.46246,30.47671],[111.46627,30.5047],[111.48226,30.4913],[111.48229,30.49741],[111.49094,30.49533],[111.48879,30.51479],[111.49732,30.49654],[111.51587,30.51469],[111.49514,30.52023],[111.49628,30.54786],[111.50882,30.54311],[111.5204,30.55553],[111.52745,30.5534],[111.52129,30.5641],[111.53409,30.56566],[111.53133,30.57485],[111.53687,30.56994],[111.54112,30.58367],[111.61416,30.59401],[111.65177,30.61301],[111.64741,30.64668],[111.65904,30.66301],[111.67164,30.65609],[111.67588,30.66128],[111.67249,30.6491],[111.6895,30.63664],[111.70697,30.66231],[111.71488,30.66187],[111.70012,30.62688],[111.70565,30.61233],[111.69711,30.5881],[111.70476,30.57999],[111.72537,30.5941],[111.72266,30.60116],[111.74406,30.59312],[111.74592,30.60361],[111.7567,30.60083],[111.77444,30.61447],[111.77868,30.59665],[111.79546,30.60239],[111.80763,30.58459],[111.8259,30.59133],[111.84063,30.58159],[111.85723,30.58836],[111.86388,30.58398],[111.88333,30.59323],[111.89159,30.5765],[111.87551,30.5671],[111.89979,30.55881],[111.92812,30.51919]]]}},{"type":"Feature","id":"CTAMAP-2020-COUNTY-2682","properties":{"map_level":"county","source_name":"钟祥市","source_code":"420881","county_type":"县级市","prefecture_name":"荆门市","prefecture_code":"420800","prefecture_type":"地级市","parent_entity_id":"CNUR-000175","parent_year_end_name":"荆门市","province_name":"湖北省","province_code":"420000","snapshot_year":2020,"panel_year":2019,"link_status":"parent_linked","former_name":"","note":""},"geometry":{"type":"Polygon","coordinates":[[[112.98162,31.43421],[113.00122,31.39293],[112.99346,31.38475],[113.00352,31.36541],[112.94504,31.34855],[112.9247,31.32758],[112.93601,31.31949],[112.92044,31.31245],[112.88496,31.31923],[112.89202,31.30404],[112.88041,31.30239],[112.87933,31.29048],[112.88755,31.25971],[112.90385,31.23298],[112.93155,31.21601],[112.90357,31.20681],[112.88699,31.16713],[112.86035,31.16624],[112.86208,31.14239],[112.83136,31.11825],[112.8542,31.0965],[112.83785,31.08435],[112.85457,31.06704],[112.81801,31.03407],[112.77834,31.03019],[112.76785,31.01082],[112.74869,30.99859],[112.739,30.97706],[112.72452,30.9727],[112.72679,30.95308],[112.71906,30.94791],[112.75734,30.89319],[112.75782,30.86977],[112.79318,30.8329],[112.76796,30.81453],[112.76175,30.79341],[112.74729,30.79624],[112.70533,30.77263],[112.65245,30.73627],[112.62532,30.70757],[112.61031,30.70401],[112.60033,30.70605],[112.61059,30.73415],[112.64509,30.77917],[112.6245,30.80846],[112.65963,30.82115],[112.66038,30.83714],[112.59232,30.85714],[112.55664,30.88526],[112.54954,30.8946],[112.56012,30.91727],[112.55748,30.93282],[112.52189,30.93674],[112.51967,30.92298],[112.49334,30.93206],[112.48604,30.92408],[112.49924,30.91801],[112.48486,30.90721],[112.484,30.89],[112.46351,30.89271],[112.43972,30.87588],[112.41,30.89491],[112.41037,30.88634],[112.40061,30.88914],[112.39926,30.87586],[112.38705,30.87469],[112.39455,30.88156],[112.38795,30.89809],[112.36067,30.90877],[112.359,30.92478],[112.33894,30.92545],[112.33393,30.96699],[112.30919,30.98209],[112.31898,31.00919],[112.34389,31.01471],[112.34695,31.00773],[112.35351,31.01504],[112.34595,31.04725],[112.33045,31.0637],[112.33934,31.0738],[112.3282,31.0803],[112.29426,31.06658],[112.28006,31.09654],[112.28384,31.11938],[112.2776,31.1296],[112.2899,31.14408],[112.28594,31.15055],[112.30099,31.16075],[112.32602,31.15978],[112.33638,31.17511],[112.33214,31.18603],[112.30784,31.21361],[112.28718,31.21355],[112.27132,31.22576],[112.27222,31.23721],[112.26347,31.24284],[112.27481,31.25676],[112.28593,31.25129],[112.28394,31.26284],[112.25035,31.27332],[112.22153,31.30252],[112.21195,31.30233],[112.22,31.32859],[112.20355,31.32602],[112.19612,31.30311],[112.17763,31.29636],[112.17012,31.32112],[112.15855,31.32809],[112.164,31.35168],[112.15462,31.35761],[112.14256,31.35226],[112.13627,31.36571],[112.14274,31.37807],[112.13397,31.37437],[112.13228,31.38844],[112.12207,31.38979],[112.12601,31.40074],[112.14281,31.39966],[112.13753,31.43594],[112.1281,31.44843],[112.13517,31.44369],[112.13131,31.46428],[112.14164,31.47929],[112.15708,31.48121],[112.16211,31.47242],[112.17296,31.47812],[112.17482,31.46936],[112.18413,31.47325],[112.1818,31.51348],[112.19396,31.51567],[112.19608,31.52749],[112.2255,31.52082],[112.23676,31.53714],[112.25947,31.53697],[112.26867,31.54824],[112.29928,31.53971],[112.30462,31.52148],[112.32444,31.52633],[112.33742,31.51133],[112.35783,31.51742],[112.38809,31.50533],[112.42805,31.50449],[112.43853,31.50693],[112.45033,31.54038],[112.4785,31.53321],[112.48238,31.54493],[112.49773,31.54731],[112.5033,31.55996],[112.53376,31.55998],[112.54111,31.57289],[112.55231,31.56117],[112.58043,31.55499],[112.58531,31.54422],[112.59638,31.54802],[112.60579,31.5344],[112.59917,31.53011],[112.61751,31.51162],[112.63699,31.50648],[112.64955,31.51164],[112.7081,31.47271],[112.7184,31.49085],[112.71964,31.51732],[112.7072,31.51693],[112.70931,31.53106],[112.69214,31.53946],[112.6974,31.55459],[112.71538,31.56474],[112.73839,31.55753],[112.73792,31.5743],[112.74823,31.57907],[112.74625,31.60897],[112.75442,31.61317],[112.77543,31.60877],[112.78096,31.59771],[112.82247,31.59566],[112.84411,31.56015],[112.87696,31.55745],[112.89396,31.53126],[112.89275,31.51624],[112.90079,31.51409],[112.89595,31.49028],[112.90135,31.46784],[112.95573,31.47587],[112.95481,31.46081],[112.98162,31.43421]]]}},{"type":"Feature","id":"CTAMAP-2020-COUNTY-2692","properties":{"map_level":"county","source_name":"竹山县","source_code":"420323","county_type":"县","prefecture_name":"十堰市","prefecture_code":"420300","prefecture_type":"地级市","parent_entity_id":"CNUR-000171","parent_year_end_name":"十堰市","province_name":"湖北省","province_code":"420000","snapshot_year":2020,"panel_year":2019,"link_status":"parent_linked","former_name":"","note":""},"geometry":{"type":"Polygon","coordinates":[[[110.18253,32.61708],[110.20619,32.59358],[110.17569,32.55001],[110.18145,32.53484],[110.21147,32.53835],[110.22902,32.55537],[110.26586,32.53767],[110.27945,32.51652],[110.29138,32.52192],[110.31485,32.5095],[110.32819,32.51988],[110.34061,32.51455],[110.33685,32.48555],[110.34432,32.46036],[110.33588,32.45422],[110.33844,32.42824],[110.35339,32.41637],[110.37305,32.41877],[110.41621,32.35595],[110.4021,32.33199],[110.38634,32.33558],[110.36844,32.31601],[110.34656,32.31922],[110.36144,32.30792],[110.34969,32.2795],[110.33878,32.27498],[110.34469,32.26773],[110.33526,32.26362],[110.33581,32.24917],[110.34965,32.24397],[110.37176,32.26713],[110.38223,32.24518],[110.37731,32.23356],[110.39478,32.22141],[110.38684,32.21695],[110.39576,32.21017],[110.40978,32.21645],[110.41756,32.21183],[110.39526,32.20173],[110.40443,32.17681],[110.379,32.17094],[110.37383,32.14495],[110.34901,32.1416],[110.35708,32.12268],[110.34391,32.08562],[110.34659,32.07065],[110.31206,32.04235],[110.29676,32.04458],[110.28892,32.03334],[110.27431,32.0332],[110.27032,32.04764],[110.20666,32.07181],[110.17902,32.04536],[110.18475,32.0382],[110.18055,31.99987],[110.16557,32.00438],[110.14912,31.99464],[110.12971,31.95267],[110.14883,31.94436],[110.15568,31.92968],[110.17064,31.92649],[110.16361,31.8969],[110.17369,31.85516],[110.15308,31.84074],[110.13393,31.84174],[110.10769,31.82056],[110.09242,31.81954],[110.09362,31.80746],[110.0825,31.80263],[110.07054,31.80749],[110.05773,31.80648],[110.0694,31.79862],[110.05513,31.78575],[110.05579,31.77283],[110.0457,31.76031],[110.0447,31.74976],[110.07561,31.7439],[110.06488,31.725],[110.08016,31.70271],[110.07415,31.68912],[110.07917,31.68251],[110.07028,31.67476],[110.07378,31.63451],[110.06043,31.62739],[110.06563,31.61374],[110.04519,31.58683],[110.0614,31.54882],[110.04173,31.54188],[110.03783,31.529],[110.02142,31.52145],[109.99743,31.52622],[109.97839,31.5144],[109.94102,31.50835],[109.91601,31.5299],[109.91788,31.54214],[109.94079,31.56349],[109.91287,31.57101],[109.90712,31.59664],[109.91738,31.61843],[109.92648,31.62172],[109.91997,31.63454],[109.94198,31.66694],[109.94639,31.69265],[109.97165,31.6999],[109.94277,31.72305],[109.87516,31.71858],[109.89175,31.73483],[109.90926,31.73893],[109.91243,31.7481],[109.96131,31.7604],[109.99512,31.78896],[109.99676,31.79821],[110.01663,31.80631],[110.00285,31.80881],[109.97108,31.84061],[109.99166,31.86818],[110.0036,31.86287],[109.98894,31.88868],[109.99612,31.90674],[109.92238,31.89889],[109.9142,31.92561],[109.9458,31.95847],[109.95351,31.98066],[109.97157,31.98733],[109.97152,32.00112],[109.99525,32.01475],[109.98634,32.02586],[109.99328,32.03621],[110.02542,32.05381],[110.038,32.0755],[110.05208,32.07509],[110.06044,32.09499],[110.08671,32.09928],[110.06891,32.15018],[110.07746,32.15697],[110.08442,32.14495],[110.10029,32.14539],[110.09147,32.13294],[110.09411,32.12048],[110.12379,32.13508],[110.12281,32.14547],[110.11223,32.14394],[110.11896,32.16418],[110.07987,32.19847],[110.06399,32.19285],[110.06423,32.2067],[110.03942,32.22039],[110.00563,32.20277],[109.99077,32.21919],[109.98086,32.21225],[109.96745,32.21933],[109.97113,32.24775],[109.93693,32.25992],[109.95158,32.27592],[109.93712,32.29535],[109.92847,32.28761],[109.93735,32.28198],[109.92422,32.2754],[109.9155,32.28245],[109.9263,32.30015],[109.91866,32.30355],[109.90156,32.29197],[109.89466,32.30089],[109.90968,32.30544],[109.90141,32.32099],[109.84221,32.33745],[109.82324,32.32153],[109.8174,32.33924],[109.81065,32.34018],[109.81101,32.37222],[109.79202,32.37434],[109.78787,32.38476],[109.79803,32.39465],[109.79354,32.40896],[109.77369,32.39203],[109.74863,32.40694],[109.74163,32.43381],[109.74861,32.44455],[109.73536,32.44804],[109.71603,32.42786],[109.69753,32.42878],[109.68064,32.44989],[109.65102,32.46342],[109.63103,32.46138],[109.61739,32.45009],[109.58821,32.47379],[109.56254,32.48169],[109.57693,32.51386],[109.6124,32.5213],[109.61879,32.53311],[109.63342,32.5367],[109.63177,32.55535],[109.61253,32.56232],[109.62159,32.58005],[109.61382,32.58914],[109.62186,32.5996],[109.68871,32.59662],[109.69813,32.60503],[109.72437,32.60769],[109.75047,32.58447],[109.77078,32.58758],[109.82064,32.57445],[109.88912,32.59527],[109.92135,32.59269],[109.94081,32.57321],[109.96839,32.57668],[109.97772,32.55403],[110.02408,32.5443],[110.03373,32.55601],[110.05662,32.56243],[110.06998,32.58369],[110.08929,32.58686],[110.08091,32.60841],[110.08634,32.62134],[110.12366,32.61906],[110.12975,32.60594],[110.13919,32.60517],[110.13933,32.5925],[110.14819,32.59153],[110.18253,32.61708]]]}},{"type":"Feature","id":"CTAMAP-2020-COUNTY-2693","properties":{"map_level":"county","source_name":"竹溪县","source_code":"420324","county_type":"县","prefecture_name":"十堰市","prefecture_code":"420300","prefecture_type":"地级市","parent_entity_id":"CNUR-000171","parent_year_end_name":"十堰市","province_name":"湖北省","province_code":"420000","snapshot_year":2020,"panel_year":2019,"link_status":"parent_linked","former_name":"","note":""},"geometry":{"type":"Polygon","coordinates":[[[109.54697,32.48247],[109.58821,32.47379],[109.61739,32.45009],[109.63103,32.46138],[109.65102,32.46342],[109.68064,32.44989],[109.69753,32.42878],[109.71603,32.42786],[109.73536,32.44804],[109.74861,32.44455],[109.74163,32.43381],[109.74863,32.40694],[109.77369,32.39203],[109.79354,32.40896],[109.79803,32.39465],[109.78787,32.38476],[109.79202,32.37434],[109.81101,32.37222],[109.81065,32.34018],[109.8174,32.33924],[109.82324,32.32153],[109.84221,32.33745],[109.90141,32.32099],[109.90968,32.30544],[109.89466,32.30089],[109.90156,32.29197],[109.91866,32.30355],[109.9263,32.30015],[109.9155,32.28245],[109.92422,32.2754],[109.93735,32.28198],[109.92847,32.28761],[109.93712,32.29535],[109.95158,32.27592],[109.93693,32.25992],[109.97113,32.24775],[109.96745,32.21933],[109.98086,32.21225],[109.99077,32.21919],[110.00563,32.20277],[110.03942,32.22039],[110.06423,32.2067],[110.06399,32.19285],[110.07987,32.19847],[110.11896,32.16418],[110.11223,32.14394],[110.12281,32.14547],[110.12379,32.13508],[110.09411,32.12048],[110.09147,32.13294],[110.10029,32.14539],[110.08442,32.14495],[110.07746,32.15697],[110.06891,32.15018],[110.08671,32.09928],[110.06044,32.09499],[110.05208,32.07509],[110.038,32.0755],[110.02542,32.05381],[109.99328,32.03621],[109.98634,32.02586],[109.99525,32.01475],[109.97152,32.00112],[109.97157,31.98733],[109.95351,31.98066],[109.9458,31.95847],[109.91453,31.92666],[109.92238,31.89889],[109.99612,31.90674],[109.98894,31.88868],[110.0036,31.86287],[109.99166,31.86818],[109.97108,31.84061],[110.00285,31.80881],[110.01663,31.80631],[109.99676,31.79821],[109.99512,31.78896],[109.96131,31.7604],[109.91243,31.7481],[109.90926,31.73893],[109.89175,31.73483],[109.87516,31.71858],[109.94277,31.72305],[109.97165,31.6999],[109.94639,31.69265],[109.94198,31.66694],[109.91997,31.63454],[109.92648,31.62172],[109.90784,31.60027],[109.91287,31.57101],[109.94114,31.56237],[109.91767,31.5418],[109.91901,31.52389],[109.88758,31.51999],[109.87841,31.53007],[109.85875,31.53395],[109.85764,31.54464],[109.83419,31.55773],[109.79519,31.54257],[109.78405,31.55515],[109.72329,31.54991],[109.71459,31.55866],[109.7215,31.57284],[109.74819,31.5822],[109.73901,31.58613],[109.73988,31.60099],[109.75971,31.60627],[109.73329,31.62944],[109.73645,31.65993],[109.72567,31.67452],[109.72992,31.69685],[109.68909,31.7085],[109.67951,31.72067],[109.63876,31.7225],[109.61357,31.71269],[109.57879,31.7297],[109.60022,31.74512],[109.58747,31.75773],[109.58667,31.78178],[109.59661,31.78731],[109.597,31.79888],[109.60906,31.8072],[109.62608,31.80326],[109.63593,31.81211],[109.61154,31.85165],[109.60561,31.88465],[109.57872,31.89615],[109.59578,31.92504],[109.61789,31.92447],[109.62768,31.94254],[109.61522,31.98155],[109.58647,32.0013],[109.58144,32.03047],[109.59724,32.07023],[109.61139,32.07855],[109.60842,32.09602],[109.61807,32.10023],[109.61186,32.11531],[109.58782,32.13515],[109.58645,32.17435],[109.60358,32.20471],[109.59242,32.21462],[109.55476,32.22114],[109.52637,32.26528],[109.51382,32.27022],[109.51181,32.28539],[109.48622,32.29025],[109.51349,32.33777],[109.49639,32.39282],[109.5238,32.39872],[109.52167,32.43326],[109.54338,32.4534],[109.54697,32.48247]]]}},{"type":"Feature","id":"CTAMAP-2020-COUNTY-2709","properties":{"map_level":"county","source_name":"秭归县","source_code":"420527","county_type":"县","prefecture_name":"宜昌市","prefecture_code":"420500","prefecture_type":"地级市","parent_entity_id":"CNUR-000172","parent_year_end_name":"宜昌市","province_name":"湖北省","province_code":"420000","snapshot_year":2020,"panel_year":2019,"link_status":"parent_linked","former_name":"","note":""},"geometry":{"type":"Polygon","coordinates":[[[110.9078,31.09259],[110.9061,31.08214],[110.88557,31.07681],[110.88542,31.0665],[110.9129,31.06043],[110.8813,31.047],[110.87691,31.02811],[110.8516,31.02474],[110.86299,30.96855],[110.87947,30.93895],[110.86012,30.92513],[110.87257,30.90961],[110.89052,30.91284],[110.89489,30.88849],[110.96663,30.86843],[111.00174,30.82968],[111.00118,30.82339],[110.98816,30.82529],[110.99226,30.81742],[110.98328,30.82158],[110.98648,30.80378],[111.00228,30.7967],[110.9851,30.77096],[110.99246,30.75744],[110.98207,30.74748],[110.96636,30.74693],[110.9516,30.71917],[110.92649,30.72681],[110.90843,30.70853],[110.89338,30.74606],[110.8878,30.74555],[110.87451,30.73816],[110.87182,30.71039],[110.85039,30.69112],[110.85103,30.67686],[110.8372,30.6824],[110.82291,30.67651],[110.8314,30.69049],[110.81323,30.71039],[110.7928,30.69559],[110.78027,30.66023],[110.75148,30.66793],[110.73465,30.63754],[110.6886,30.63918],[110.64733,30.64796],[110.65305,30.66923],[110.59261,30.68754],[110.59171,30.72919],[110.5767,30.73831],[110.58671,30.75973],[110.57164,30.78104],[110.50804,30.73712],[110.45126,30.73162],[110.445,30.7428],[110.43582,30.74286],[110.43377,30.76728],[110.41896,30.7854],[110.3828,30.78671],[110.35321,30.75966],[110.31882,30.75672],[110.31193,30.76445],[110.33397,30.80644],[110.32481,30.82914],[110.34605,30.82813],[110.35785,30.84672],[110.39655,30.87466],[110.40831,30.87945],[110.41781,30.87281],[110.43798,30.88384],[110.41954,30.91453],[110.44707,30.96256],[110.44025,30.97671],[110.43133,30.97723],[110.4409,31.02463],[110.48501,31.04017],[110.46428,31.04929],[110.46474,31.08061],[110.50881,31.08829],[110.5123,31.11094],[110.5434,31.13743],[110.57469,31.11748],[110.59656,31.13038],[110.60659,31.14237],[110.58636,31.1722],[110.60022,31.18379],[110.64595,31.19121],[110.67541,31.16738],[110.70788,31.18714],[110.72617,31.17577],[110.72159,31.16311],[110.73814,31.15691],[110.73403,31.13305],[110.72695,31.13132],[110.73251,31.11465],[110.74854,31.12269],[110.76035,31.10173],[110.77459,31.09547],[110.79972,31.10456],[110.8114,31.12054],[110.81755,31.10921],[110.83259,31.11672],[110.84013,31.10508],[110.85248,31.11162],[110.85999,31.09783],[110.88073,31.08982],[110.9078,31.09259]]]}},{"type":"Feature","id":"CTAMAP-2020-COUNTY-2806","properties":{"map_level":"county","source_name":"青山区","source_code":"420107","county_type":"市辖区","prefecture_name":"武汉市","prefecture_code":"420100","prefecture_type":"地级市","parent_entity_id":"CNUR-000169","parent_year_end_name":"武汉市","province_name":"湖北省","province_code":"420000","snapshot_year":2020,"panel_year":2019,"link_status":"parent_linked","former_name":"","note":""},"geometry":{"type":"Polygon","coordinates":[[[114.34839,30.62164],[114.33905,30.63016],[114.34358,30.63581],[114.44859,30.67536],[114.46232,30.61673],[114.45496,30.60888],[114.45813,30.59812],[114.44501,30.59254],[114.43784,30.60536],[114.42437,30.60553],[114.42814,30.62359],[114.41484,30.61922],[114.40202,30.62597],[114.36953,30.61412],[114.35902,30.61651],[114.36074,30.62757],[114.34839,30.62164]]]}},{"type":"Feature","id":"CTAMAP-2020-COUNTY-2855","properties":{"map_level":"county","source_name":"曾都区","source_code":"421303","county_type":"市辖区","prefecture_name":"随州市","prefecture_code":"421300","prefecture_type":"地级市","parent_entity_id":"CNUR-000180","parent_year_end_name":"随州市","province_name":"湖北省","province_code":"420000","snapshot_year":2020,"panel_year":2019,"link_status":"parent_linked","former_name":"","note":""},"geometry":{"type":"Polygon","coordinates":[[[113.60413,31.91837],[113.60424,31.90866],[113.62931,31.89701],[113.62377,31.88042],[113.6057,31.86597],[113.60105,31.84853],[113.58749,31.84943],[113.57041,31.83357],[113.56732,31.81074],[113.54338,31.81593],[113.52172,31.78966],[113.53703,31.78185],[113.52654,31.75788],[113.55595,31.74646],[113.55588,31.72944],[113.56625,31.72353],[113.54787,31.68767],[113.56249,31.67646],[113.55234,31.67667],[113.54041,31.66037],[113.54505,31.63665],[113.53601,31.62129],[113.54469,31.57807],[113.53143,31.56487],[113.573,31.52724],[113.57011,31.50889],[113.5801,31.48926],[113.56662,31.44309],[113.58643,31.43298],[113.58912,31.42304],[113.57824,31.42274],[113.56765,31.40775],[113.55481,31.408],[113.55163,31.39913],[113.53928,31.40055],[113.53444,31.39097],[113.51576,31.39348],[113.46697,31.43418],[113.42487,31.41881],[113.39345,31.42076],[113.385,31.40537],[113.35746,31.42519],[113.34182,31.42572],[113.32421,31.40955],[113.3325,31.39874],[113.33424,31.36337],[113.32834,31.35673],[113.32305,31.36626],[113.31679,31.34839],[113.29258,31.32963],[113.27735,31.35318],[113.27523,31.38449],[113.28608,31.40262],[113.27066,31.43175],[113.28879,31.47415],[113.26466,31.48243],[113.24453,31.50013],[113.25581,31.51398],[113.27037,31.51712],[113.27194,31.53268],[113.25781,31.54068],[113.26024,31.5601],[113.28051,31.5955],[113.2758,31.61006],[113.28308,31.61406],[113.28422,31.64518],[113.26409,31.64504],[113.25181,31.65832],[113.26823,31.66446],[113.27494,31.69087],[113.26837,31.70243],[113.27166,31.73413],[113.27979,31.74498],[113.29636,31.74869],[113.2965,31.76211],[113.32691,31.77625],[113.30692,31.79324],[113.30335,31.82165],[113.31577,31.82907],[113.30749,31.84606],[113.32305,31.85177],[113.34019,31.83321],[113.3606,31.85006],[113.36917,31.84506],[113.37245,31.82636],[113.39073,31.84335],[113.42899,31.83607],[113.42342,31.85206],[113.43541,31.87461],[113.42585,31.88118],[113.42499,31.89717],[113.44455,31.90345],[113.48438,31.93714],[113.50198,31.92689],[113.53678,31.94295],[113.56146,31.92273],[113.60413,31.91837]]]}}]}