{"type":"FeatureCollection","features":[{"type":"Feature","id":"CTAMAP-2020-COUNTY-0035","properties":{"map_level":"county","source_name":"安塞区","source_code":"610603","county_type":"市辖区","prefecture_name":"延安市","prefecture_code":"610600","prefecture_type":"地级市","parent_entity_id":"CNUR-000294","parent_year_end_name":"延安市","province_name":"陕西省","province_code":"610000","snapshot_year":2020,"panel_year":2019,"link_status":"parent_linked","former_name":"安塞县","note":"2016年撤销安塞县，设立安塞区"},"geometry":{"type":"Polygon","coordinates":[[[109.20397,37.32207],[109.21767,37.29783],[109.20159,37.29376],[109.20543,37.28122],[109.24574,37.26283],[109.24847,37.24003],[109.317,37.18585],[109.33672,37.14068],[109.36654,37.12091],[109.36728,37.08995],[109.38412,37.0762],[109.3769,37.05702],[109.41752,37.02711],[109.38858,36.97773],[109.41616,36.86109],[109.40229,36.84206],[109.40488,36.7963],[109.43168,36.78334],[109.42468,36.75673],[109.44089,36.73431],[109.42263,36.71353],[109.27681,36.69741],[109.27931,36.64029],[109.31415,36.62697],[109.34957,36.57176],[109.32366,36.57648],[109.24905,36.54313],[109.23663,36.52143],[109.18211,36.51343],[109.11526,36.52452],[109.06748,36.58303],[108.89124,36.62322],[108.87445,36.65581],[108.87382,36.67001],[108.91184,36.69175],[108.91147,36.71809],[108.95216,36.72196],[108.94667,36.76915],[108.9891,36.79236],[108.98314,36.85852],[109.01408,36.89257],[109.04319,36.8776],[109.03792,36.92445],[109.06176,36.94735],[108.98546,36.99228],[108.97999,37.0211],[108.94772,37.01639],[108.91514,37.04913],[108.94625,37.06655],[108.94976,37.11678],[108.93049,37.13692],[108.96508,37.13779],[108.97677,37.15717],[108.93761,37.1681],[108.92092,37.19448],[108.86012,37.17965],[108.84898,37.20673],[108.85951,37.26144],[108.88454,37.23616],[108.94135,37.23304],[108.9507,37.25896],[109.00919,37.30343],[109.05219,37.28317],[109.08068,37.31347],[109.20397,37.32207]]]}},{"type":"Feature","id":"CTAMAP-2020-COUNTY-0067","properties":{"map_level":"county","source_name":"灞桥区","source_code":"610111","county_type":"市辖区","prefecture_name":"西安市","prefecture_code":"610100","prefecture_type":"地级市","parent_entity_id":"CNUR-000289","parent_year_end_name":"西安市","province_name":"陕西省","province_code":"610000","snapshot_year":2020,"panel_year":2019,"link_status":"parent_linked","former_name":"","note":""},"geometry":{"type":"Polygon","coordinates":[[[109.12763,34.4239],[109.0942,34.38548],[109.09762,34.34551],[109.12649,34.34355],[109.14479,34.30932],[109.19121,34.29808],[109.23074,34.32219],[109.2724,34.32095],[109.2066,34.28234],[109.1808,34.28385],[109.14182,34.24805],[109.18384,34.20941],[109.15966,34.20399],[109.17551,34.18652],[109.11111,34.1768],[109.07749,34.19546],[109.08075,34.17994],[109.06252,34.16811],[109.04345,34.20213],[109.04329,34.25143],[109.02587,34.25267],[109.01666,34.2913],[108.99082,34.29519],[109.04035,34.32507],[109.02338,34.32517],[109.00883,34.34885],[109.00811,34.41768],[109.06195,34.46072],[109.08011,34.43392],[109.12763,34.4239]]]}},{"type":"Feature","id":"CTAMAP-2020-COUNTY-0068","properties":{"map_level":"county","source_name":"白河县","source_code":"610929","county_type":"县","prefecture_name":"安康市","prefecture_code":"610900","prefecture_type":"地级市","parent_entity_id":"CNUR-000297","parent_year_end_name":"安康市","province_name":"陕西省","province_code":"610000","snapshot_year":2020,"panel_year":2019,"link_status":"parent_linked","former_name":"","note":""},"geometry":{"type":"Polygon","coordinates":[[[110.13521,32.81049],[110.1209,32.78207],[110.15839,32.76375],[110.16634,32.72013],[110.14879,32.68069],[110.20117,32.63574],[110.14819,32.59153],[110.12366,32.61906],[110.08634,32.62134],[110.08929,32.58686],[110.02939,32.545],[109.97772,32.55403],[109.96839,32.57668],[109.94081,32.57321],[109.92135,32.59269],[109.82361,32.5744],[109.75047,32.58447],[109.7035,32.63952],[109.64782,32.66796],[109.63141,32.75592],[109.65841,32.76552],[109.64695,32.80299],[109.67631,32.82163],[109.64991,32.84931],[109.80644,32.85214],[109.79788,32.8797],[109.84388,32.89564],[109.85546,32.915],[109.92614,32.88744],[110.02526,32.87403],[110.13521,32.81049]]]}},{"type":"Feature","id":"CTAMAP-2020-COUNTY-0072","properties":{"map_level":"county","source_name":"白水县","source_code":"610527","county_type":"县","prefecture_name":"渭南市","prefecture_code":"610500","prefecture_type":"地级市","parent_entity_id":"CNUR-000293","parent_year_end_name":"渭南市","province_name":"陕西省","province_code":"610000","snapshot_year":2020,"panel_year":2019,"link_status":"parent_linked","former_name":"","note":""},"geometry":{"type":"Polygon","coordinates":[[[109.71547,35.41771],[109.73087,35.42943],[109.74407,35.40342],[109.68084,35.27447],[109.69535,35.27709],[109.69067,35.25971],[109.71451,35.25142],[109.70809,35.23824],[109.72608,35.2336],[109.74258,35.18784],[109.7551,35.18834],[109.74648,35.18026],[109.76507,35.17617],[109.75054,35.15257],[109.76227,35.10574],[109.7251,35.0626],[109.70466,35.0754],[109.71536,35.09473],[109.6777,35.10731],[109.67968,35.144],[109.63631,35.14142],[109.62474,35.15364],[109.60363,35.12618],[109.5404,35.16825],[109.44898,35.1451],[109.42172,35.16936],[109.37483,35.15148],[109.35025,35.16799],[109.34982,35.18565],[109.31861,35.19806],[109.29992,35.24665],[109.2758,35.25139],[109.36439,35.28632],[109.40306,35.33499],[109.49341,35.35236],[109.50777,35.41475],[109.53881,35.44358],[109.61129,35.44743],[109.6377,35.44342],[109.64969,35.42268],[109.71547,35.41771]]]}},{"type":"Feature","id":"CTAMAP-2020-COUNTY-0088","properties":{"map_level":"county","source_name":"宝塔区","source_code":"610602","county_type":"市辖区","prefecture_name":"延安市","prefecture_code":"610600","prefecture_type":"地级市","parent_entity_id":"CNUR-000294","parent_year_end_name":"延安市","province_name":"陕西省","province_code":"610000","snapshot_year":2020,"panel_year":2019,"link_status":"parent_linked","former_name":"","note":""},"geometry":{"type":"Polygon","coordinates":[[[109.60583,37.01368],[109.6543,36.93773],[109.65509,36.88247],[109.72303,36.88552],[109.79918,36.837],[109.90957,36.79582],[109.91812,36.77292],[109.88594,36.73215],[109.8543,36.73382],[109.82187,36.69379],[109.71287,36.61617],[109.68567,36.57028],[109.70452,36.53683],[109.6943,36.51825],[109.71283,36.49016],[109.77663,36.46785],[109.83024,36.48292],[109.91522,36.43008],[109.93104,36.45418],[109.97927,36.42317],[110.07016,36.41775],[110.0916,36.36072],[110.08418,36.30196],[110.01203,36.23085],[109.92506,36.24437],[109.78177,36.17647],[109.72496,36.19498],[109.70212,36.17804],[109.67417,36.19895],[109.62035,36.18545],[109.55806,36.23471],[109.55271,36.30936],[109.52601,36.34607],[109.52096,36.38433],[109.39955,36.43648],[109.36909,36.42938],[109.29464,36.45694],[109.23663,36.52143],[109.28036,36.55761],[109.34957,36.57176],[109.31415,36.62697],[109.27931,36.64029],[109.27681,36.69741],[109.42263,36.71353],[109.44089,36.73431],[109.42468,36.75673],[109.43168,36.78334],[109.40488,36.7963],[109.40229,36.84206],[109.41616,36.86109],[109.38858,36.97773],[109.41829,37.03785],[109.45183,37.02345],[109.48821,37.03918],[109.49938,37.02318],[109.53875,37.03302],[109.58225,36.99485],[109.60583,37.01368]]]}},{"type":"Feature","id":"CTAMAP-2020-COUNTY-0095","properties":{"map_level":"county","source_name":"碑林区","source_code":"610103","county_type":"市辖区","prefecture_name":"西安市","prefecture_code":"610100","prefecture_type":"地级市","parent_entity_id":"CNUR-000289","parent_year_end_name":"西安市","province_name":"陕西省","province_code":"610000","snapshot_year":2020,"panel_year":2019,"link_status":"parent_linked","former_name":"","note":""},"geometry":{"type":"Polygon","coordinates":[[[109.00154,34.24452],[108.96038,34.23165],[108.90507,34.24095],[108.96745,34.26916],[108.99069,34.26945],[109.00154,34.24452]]]}},{"type":"Feature","id":"CTAMAP-2020-COUNTY-0118","properties":{"map_level":"county","source_name":"彬州市","source_code":"610482","county_type":"县级市","prefecture_name":"咸阳市","prefecture_code":"610400","prefecture_type":"地级市","parent_entity_id":"CNUR-000292","parent_year_end_name":"咸阳市","province_name":"陕西省","province_code":"610000","snapshot_year":2020,"panel_year":2019,"link_status":"parent_linked","former_name":"彬县","note":"2018年撤销彬县，设立彬州市"},"geometry":{"type":"Polygon","coordinates":[[[108.35214,34.95035],[108.30679,34.86599],[108.26157,34.88531],[108.28297,34.8959],[108.25673,34.89245],[108.2516,34.91419],[108.24813,34.89974],[108.2417,34.91224],[108.22542,34.904],[108.23622,34.91472],[108.21433,34.92041],[108.21871,34.94458],[108.20529,34.92807],[108.19334,34.95485],[108.17085,34.96264],[108.08309,34.90874],[108.03509,34.91337],[108.02117,34.89275],[108.00738,34.90487],[107.94539,34.85611],[107.88809,34.84206],[107.86825,34.85659],[107.85025,34.84554],[107.81451,34.97083],[107.8646,34.99466],[107.88565,35.03727],[107.89999,35.02105],[107.92354,35.02802],[107.93407,35.06527],[107.96553,35.08073],[107.92544,35.123],[107.94438,35.15809],[107.92761,35.16915],[107.94453,35.18897],[107.93198,35.20752],[107.97168,35.21359],[107.93982,35.24115],[108.03992,35.25457],[108.12542,35.28587],[108.15371,35.25787],[108.14497,35.24335],[108.15738,35.22114],[108.22286,35.18998],[108.17469,35.0571],[108.19472,35.0469],[108.18687,35.03182],[108.25178,34.98341],[108.35214,34.95035]]]}},{"type":"Feature","id":"CTAMAP-2020-COUNTY-0181","properties":{"map_level":"county","source_name":"陈仓区","source_code":"610304","county_type":"市辖区","prefecture_name":"宝鸡市","prefecture_code":"610300","prefecture_type":"地级市","parent_entity_id":"CNUR-000291","parent_year_end_name":"宝鸡市","province_name":"陕西省","province_code":"610000","snapshot_year":2020,"panel_year":2019,"link_status":"parent_linked","former_name":"宝鸡县","note":"2003年撤销宝鸡县，设立陈仓区"},"geometry":{"type":"Polygon","coordinates":[[[106.94404,34.72428],[107.00966,34.64079],[107.04965,34.63019],[107.11898,34.56495],[107.14709,34.58621],[107.16485,34.56257],[107.2031,34.56471],[107.19236,34.53434],[107.17644,34.53261],[107.24629,34.43889],[107.27885,34.4464],[107.30632,34.41816],[107.33211,34.43026],[107.34266,34.41067],[107.40059,34.43795],[107.45491,34.42507],[107.47135,34.41878],[107.465,34.40149],[107.49092,34.40025],[107.48134,34.3756],[107.50557,34.35272],[107.57725,34.34224],[107.57363,34.24864],[107.54021,34.21499],[107.52838,34.15845],[107.44378,34.12707],[107.38474,34.16806],[107.35373,34.15433],[107.28604,34.16703],[107.30918,34.22415],[107.29146,34.23758],[107.30904,34.23933],[107.3223,34.3113],[107.30396,34.351],[107.28632,34.35365],[107.23344,34.42194],[107.15935,34.44436],[107.11373,34.48999],[107.07851,34.46236],[107.03467,34.5219],[106.9364,34.53081],[106.89602,34.50354],[106.89189,34.48239],[106.91791,34.47249],[106.9272,34.41027],[106.94452,34.4023],[106.90145,34.35292],[106.89723,34.2975],[106.86507,34.29751],[106.84859,34.27896],[106.82482,34.29805],[106.76261,34.3046],[106.73221,34.27362],[106.6935,34.28948],[106.69877,34.31994],[106.68177,34.33184],[106.71012,34.35017],[106.71419,34.37258],[106.63416,34.39314],[106.61589,34.45005],[106.58686,34.45575],[106.59894,34.466],[106.46455,34.53107],[106.40299,34.52421],[106.3936,34.5107],[106.32929,34.5188],[106.33702,34.56914],[106.30681,34.5824],[106.38427,34.62198],[106.41789,34.65665],[106.44644,34.63686],[106.4818,34.65853],[106.55167,34.6316],[106.55924,34.61129],[106.61215,34.62806],[106.67561,34.60727],[106.69252,34.62046],[106.68511,34.64695],[106.71134,34.64905],[106.73937,34.60735],[106.7589,34.60953],[106.76426,34.59616],[106.79764,34.61463],[106.83347,34.58588],[106.84024,34.62393],[106.82042,34.64334],[106.84797,34.70869],[106.88239,34.72328],[106.8984,34.74948],[106.94404,34.72428]]]}},{"type":"Feature","id":"CTAMAP-2020-COUNTY-0192","properties":{"map_level":"county","source_name":"城固县","source_code":"610722","county_type":"县","prefecture_name":"汉中市","prefecture_code":"610700","prefecture_type":"地级市","parent_entity_id":"CNUR-000295","parent_year_end_name":"汉中市","province_name":"陕西省","province_code":"610000","snapshot_year":2020,"panel_year":2019,"link_status":"parent_linked","former_name":"","note":""},"geometry":{"type":"Polygon","coordinates":[[[107.18467,33.66829],[107.21137,33.62194],[107.33325,33.61207],[107.35551,33.57409],[107.40602,33.56379],[107.42331,33.53682],[107.34073,33.51862],[107.34978,33.47639],[107.31816,33.43129],[107.3574,33.33229],[107.33618,33.24438],[107.34484,33.21942],[107.35997,33.22029],[107.36835,33.16458],[107.40842,33.1542],[107.40323,33.1166],[107.43058,33.11071],[107.41822,33.09563],[107.43601,33.05737],[107.47734,33.06177],[107.49466,33.03896],[107.46574,33.02098],[107.45682,32.95569],[107.40729,32.93119],[107.37904,32.97706],[107.31201,32.91134],[107.33746,32.90023],[107.35243,32.84777],[107.38895,32.82201],[107.37869,32.78464],[107.39538,32.77087],[107.38151,32.75326],[107.29336,32.76708],[107.26,32.75644],[107.25935,32.78505],[107.21262,32.78566],[107.16755,32.83017],[107.15897,32.8532],[107.17111,32.86372],[107.15143,32.88308],[107.18311,32.90711],[107.17682,32.92059],[107.12375,32.88933],[107.1392,32.91008],[107.13057,32.92655],[107.17304,32.95148],[107.14821,32.96223],[107.13972,32.98652],[107.18761,33.03282],[107.17421,33.05383],[107.19236,33.10849],[107.16487,33.10855],[107.17281,33.12551],[107.15349,33.13668],[107.15473,33.16225],[107.12493,33.18861],[107.13993,33.21506],[107.11738,33.25101],[107.10027,33.25195],[107.11471,33.28395],[107.08407,33.28271],[107.07576,33.3038],[107.04633,33.28457],[107.03533,33.29766],[107.03795,33.33579],[107.08588,33.38435],[107.07024,33.41918],[107.08583,33.45638],[107.04287,33.52015],[107.09106,33.54568],[107.14221,33.64096],[107.18467,33.66829]]]}},{"type":"Feature","id":"CTAMAP-2020-COUNTY-0198","properties":{"map_level":"county","source_name":"澄城县","source_code":"610525","county_type":"县","prefecture_name":"渭南市","prefecture_code":"610500","prefecture_type":"地级市","parent_entity_id":"CNUR-000293","parent_year_end_name":"渭南市","province_name":"陕西省","province_code":"610000","snapshot_year":2020,"panel_year":2019,"link_status":"parent_linked","former_name":"","note":""},"geometry":{"type":"Polygon","coordinates":[[[110.00816,35.40692],[110.00245,35.33241],[109.98037,35.28691],[110.0034,35.24204],[110.03295,35.23433],[110.00652,35.1852],[110.02953,35.17557],[110.02237,35.16514],[110.04209,35.14042],[110.0197,35.1017],[109.98468,35.09355],[109.9761,35.07643],[110.03192,35.06124],[110.06757,35.02157],[110.09118,35.02129],[110.09344,34.99491],[110.05433,35.00694],[110.0084,34.96693],[110.00522,34.94432],[109.93943,34.92794],[109.88496,34.96032],[109.91338,35.01533],[109.90948,35.04791],[109.87848,35.04974],[109.83275,35.02361],[109.83366,35.06862],[109.86128,35.07062],[109.86274,35.09246],[109.88866,35.11382],[109.85861,35.12323],[109.84463,35.09181],[109.81387,35.15697],[109.74701,35.17962],[109.7551,35.18834],[109.74258,35.18784],[109.72608,35.2336],[109.70809,35.23824],[109.71471,35.25115],[109.68074,35.27666],[109.73712,35.37737],[109.74446,35.40963],[109.73155,35.43101],[109.74402,35.4188],[109.73999,35.43399],[109.75411,35.42623],[109.80679,35.44745],[109.84877,35.41808],[109.84842,35.43917],[109.87905,35.42987],[109.88436,35.40671],[109.8995,35.40518],[109.90831,35.41671],[109.97462,35.41159],[109.99091,35.43521],[110.00816,35.40692]]]}},{"type":"Feature","id":"CTAMAP-2020-COUNTY-0220","properties":{"map_level":"county","source_name":"淳化县","source_code":"610430","county_type":"县","prefecture_name":"咸阳市","prefecture_code":"610400","prefecture_type":"地级市","parent_entity_id":"CNUR-000292","parent_year_end_name":"咸阳市","province_name":"陕西省","province_code":"610000","snapshot_year":2020,"panel_year":2019,"link_status":"parent_linked","former_name":"","note":""},"geometry":{"type":"Polygon","coordinates":[[[108.81996,34.80617],[108.77257,34.79027],[108.78641,34.73613],[108.76276,34.72139],[108.53279,34.72924],[108.50743,34.73651],[108.48522,34.77924],[108.45698,34.76952],[108.46741,34.79535],[108.44131,34.7742],[108.44917,34.80055],[108.41558,34.79489],[108.39173,34.82355],[108.3833,34.80989],[108.3079,34.85849],[108.35225,34.9516],[108.39442,34.98782],[108.44854,34.97272],[108.48732,35.03364],[108.52179,35.02378],[108.57926,35.04324],[108.6124,35.02126],[108.68229,34.88378],[108.76153,34.87062],[108.81996,34.80617]]]}},{"type":"Feature","id":"CTAMAP-2020-COUNTY-0248","properties":{"map_level":"county","source_name":"大荔县","source_code":"610523","county_type":"县","prefecture_name":"渭南市","prefecture_code":"610500","prefecture_type":"地级市","parent_entity_id":"CNUR-000293","parent_year_end_name":"渭南市","province_name":"陕西省","province_code":"610000","snapshot_year":2020,"panel_year":2019,"link_status":"parent_linked","former_name":"","note":""},"geometry":{"type":"Polygon","coordinates":[[[110.26971,34.9784],[110.23086,34.92345],[110.2533,34.76501],[110.23386,34.66594],[110.24234,34.64136],[110.17142,34.64994],[110.16956,34.63765],[110.1449,34.63832],[110.11759,34.66814],[110.09156,34.63939],[110.05063,34.63164],[109.9227,34.64445],[109.92231,34.61859],[109.90392,34.60651],[109.89912,34.61652],[109.87986,34.61642],[109.89381,34.60946],[109.87954,34.59163],[109.85215,34.6191],[109.82013,34.59683],[109.76633,34.6097],[109.76142,34.58526],[109.74688,34.5944],[109.73135,34.56903],[109.70578,34.57994],[109.72236,34.65192],[109.7125,34.66763],[109.75819,34.75175],[109.76204,34.79673],[109.7876,34.81193],[109.77934,34.83717],[109.72448,34.85255],[109.73093,34.88062],[109.77223,34.9064],[109.79517,34.902],[109.7929,34.91701],[109.82921,34.93254],[109.89784,34.91503],[109.91889,34.93526],[109.99048,34.93648],[110.05433,35.00694],[110.0894,34.99288],[110.09118,35.02129],[110.12494,35.0302],[110.16034,35.03285],[110.1795,34.99711],[110.26971,34.9784]]]}},{"type":"Feature","id":"CTAMAP-2020-COUNTY-0273","properties":{"map_level":"county","source_name":"丹凤县","source_code":"611022","county_type":"县","prefecture_name":"商洛市","prefecture_code":"611000","prefecture_type":"地级市","parent_entity_id":"CNUR-000298","parent_year_end_name":"商洛市","province_name":"陕西省","province_code":"610000","snapshot_year":2020,"panel_year":2019,"link_status":"parent_linked","former_name":"","note":""},"geometry":{"type":"Polygon","coordinates":[[[110.59438,33.87206],[110.61142,33.85115],[110.65771,33.85493],[110.70495,33.83672],[110.73282,33.80069],[110.77721,33.79665],[110.81171,33.75329],[110.8064,33.7392],[110.71622,33.7379],[110.68737,33.70653],[110.67353,33.67095],[110.68316,33.65884],[110.66133,33.65155],[110.68637,33.61378],[110.65289,33.58857],[110.69061,33.56138],[110.65107,33.54084],[110.69767,33.52926],[110.67137,33.51334],[110.64928,33.52709],[110.63776,33.48896],[110.59627,33.48132],[110.56698,33.50677],[110.5314,33.48568],[110.51606,33.50508],[110.47264,33.46478],[110.47554,33.35971],[110.40689,33.36402],[110.39331,33.38402],[110.3509,33.3677],[110.34826,33.39786],[110.31044,33.36899],[110.30798,33.45575],[110.29203,33.49197],[110.27195,33.45061],[110.23941,33.48847],[110.23697,33.5157],[110.2125,33.51363],[110.20349,33.54241],[110.17243,33.5518],[110.15341,33.58872],[110.16274,33.64432],[110.12976,33.66068],[110.15732,33.67901],[110.17762,33.72194],[110.18925,33.77722],[110.17425,33.81325],[110.21747,33.82638],[110.21423,33.85778],[110.23879,33.89812],[110.28892,33.89795],[110.32487,33.95052],[110.53233,33.93163],[110.54666,33.86024],[110.59438,33.87206]]]}},{"type":"Feature","id":"CTAMAP-2020-COUNTY-0321","properties":{"map_level":"county","source_name":"定边县","source_code":"610825","county_type":"县","prefecture_name":"榆林市","prefecture_code":"610800","prefecture_type":"地级市","parent_entity_id":"CNUR-000296","parent_year_end_name":"榆林市","province_name":"陕西省","province_code":"610000","snapshot_year":2020,"panel_year":2019,"link_status":"parent_linked","former_name":"","note":""},"geometry":{"type":"Polygon","coordinates":[[[108.31056,37.63488],[108.29179,37.59181],[108.33511,37.55059],[108.34092,37.46443],[108.37385,37.44639],[108.35587,37.43234],[108.36238,37.40581],[108.33764,37.37024],[108.20984,37.32176],[108.24291,37.29454],[108.24344,37.27646],[108.28223,37.25549],[108.2757,37.23947],[108.24609,37.23343],[108.24723,37.20722],[108.20722,37.16803],[108.16583,37.16396],[108.17274,37.19512],[108.15769,37.19995],[108.14706,37.18169],[108.1254,37.20658],[108.09113,37.12516],[108.01595,37.1246],[107.97978,37.11288],[107.95312,37.08043],[107.9064,37.09733],[107.89042,37.08052],[107.87109,37.12958],[107.88047,37.14028],[107.85136,37.1828],[107.85385,37.21393],[107.81235,37.21852],[107.81757,37.24099],[107.77798,37.23935],[107.73255,37.20315],[107.74542,37.17611],[107.71862,37.16497],[107.7392,37.15325],[107.73009,37.13663],[107.68074,37.13312],[107.69663,37.11466],[107.69307,37.09133],[107.71157,37.08553],[107.70602,37.06576],[107.6925,37.04778],[107.67269,37.04644],[107.66842,37.0673],[107.64932,37.0581],[107.67589,37.02473],[107.74818,37.00027],[107.68746,36.97647],[107.7208,36.91971],[107.717,36.85797],[107.63527,36.81857],[107.57654,36.83765],[107.54264,36.83574],[107.54103,36.82377],[107.5203,36.85196],[107.52731,36.86714],[107.48629,36.8945],[107.48144,36.91401],[107.43902,36.88871],[107.42953,36.90853],[107.3584,36.90358],[107.33427,36.92692],[107.30284,36.9128],[107.26374,37.09905],[107.27619,37.09853],[107.27384,37.12823],[107.30196,37.10025],[107.33368,37.15873],[107.31375,37.19916],[107.25484,37.22706],[107.30471,37.24242],[107.25127,37.33359],[107.25939,37.39357],[107.27901,37.41604],[107.2806,37.48187],[107.31391,37.50471],[107.32524,37.49504],[107.3667,37.57821],[107.32572,37.58321],[107.30755,37.60853],[107.34296,37.60673],[107.39372,37.65314],[107.41598,37.65057],[107.41694,37.66478],[107.38214,37.67075],[107.38072,37.69185],[107.41529,37.6776],[107.46601,37.68659],[107.49837,37.73457],[107.49225,37.76427],[107.53448,37.78142],[107.54374,37.77034],[107.58418,37.77811],[107.57944,37.79811],[107.62369,37.77225],[107.66171,37.83681],[107.64506,37.8642],[107.68748,37.88778],[107.6868,37.87447],[107.73759,37.84427],[107.97752,37.78659],[107.9878,37.73478],[108.00291,37.73299],[108.02006,37.69687],[108.01806,37.65055],[108.1434,37.62092],[108.20621,37.65807],[108.26427,37.66416],[108.31056,37.63488]]]}},{"type":"Feature","id":"CTAMAP-2020-COUNTY-0447","properties":{"map_level":"county","source_name":"凤县","source_code":"610330","county_type":"县","prefecture_name":"宝鸡市","prefecture_code":"610300","prefecture_type":"地级市","parent_entity_id":"CNUR-000291","parent_year_end_name":"宝鸡市","province_name":"陕西省","province_code":"610000","snapshot_year":2020,"panel_year":2019,"link_status":"parent_linked","former_name":"","note":""},"geometry":{"type":"Polygon","coordinates":[[[106.89723,34.2975],[106.93434,34.2744],[106.9377,34.24378],[107.00364,34.22583],[107.0121,34.20219],[107.02989,34.19973],[107.03561,34.16873],[107.08475,34.12619],[107.09835,34.09168],[107.08496,34.0304],[107.12462,33.96235],[107.09029,33.96172],[107.0645,33.94176],[107.12023,33.94798],[107.05965,33.91133],[107.06281,33.8854],[107.03569,33.87026],[107.02962,33.84252],[107.04095,33.80354],[107.01995,33.79009],[106.94763,33.81407],[106.85508,33.87895],[106.83509,33.82896],[106.81336,33.83328],[106.80397,33.81693],[106.79656,33.67847],[106.6712,33.70416],[106.70191,33.67737],[106.63871,33.66151],[106.64879,33.63666],[106.62762,33.63029],[106.61801,33.59584],[106.5842,33.58281],[106.551,33.67517],[106.47684,33.71697],[106.47983,33.77614],[106.45487,33.79247],[106.45662,33.81881],[106.49074,33.8572],[106.45888,33.88605],[106.42285,33.87032],[106.40377,33.90771],[106.46214,33.95962],[106.47572,33.99587],[106.46642,34.03282],[106.50484,34.07353],[106.4968,34.11264],[106.55632,34.1112],[106.58108,34.15062],[106.53712,34.2485],[106.48391,34.25201],[106.52342,34.29762],[106.5698,34.2823],[106.58568,34.25167],[106.61469,34.26623],[106.64346,34.24795],[106.70276,34.28473],[106.74076,34.27645],[106.76261,34.3046],[106.82482,34.29805],[106.84859,34.27896],[106.86507,34.29751],[106.89723,34.2975]]]}},{"type":"Feature","id":"CTAMAP-2020-COUNTY-0448","properties":{"map_level":"county","source_name":"凤翔县","source_code":"610322","county_type":"县","prefecture_name":"宝鸡市","prefecture_code":"610300","prefecture_type":"地级市","parent_entity_id":"CNUR-000291","parent_year_end_name":"宝鸡市","province_name":"陕西省","province_code":"610000","snapshot_year":2020,"panel_year":2019,"link_status":"parent_linked","former_name":"","note":""},"geometry":{"type":"Polygon","coordinates":[[[107.63273,34.60326],[107.5732,34.5836],[107.62155,34.56036],[107.61376,34.52916],[107.56774,34.49384],[107.58082,34.45677],[107.55168,34.38043],[107.57134,34.3601],[107.56339,34.34741],[107.50557,34.35272],[107.48134,34.3756],[107.49092,34.40025],[107.465,34.40149],[107.47135,34.41878],[107.45491,34.42507],[107.40059,34.43795],[107.34266,34.41067],[107.33211,34.43026],[107.30632,34.41816],[107.27885,34.4464],[107.24629,34.43889],[107.17644,34.53261],[107.20258,34.55202],[107.1994,34.59516],[107.23377,34.60876],[107.27971,34.6691],[107.28754,34.71188],[107.31094,34.72728],[107.30104,34.74592],[107.3138,34.74994],[107.32957,34.73905],[107.32797,34.71782],[107.36479,34.74576],[107.38723,34.72058],[107.39972,34.74732],[107.44512,34.75201],[107.47065,34.73184],[107.49132,34.73684],[107.49066,34.75236],[107.55145,34.75474],[107.61632,34.7011],[107.64558,34.65405],[107.63273,34.60326]]]}},{"type":"Feature","id":"CTAMAP-2020-COUNTY-0454","properties":{"map_level":"county","source_name":"扶风县","source_code":"610324","county_type":"县","prefecture_name":"宝鸡市","prefecture_code":"610300","prefecture_type":"地级市","parent_entity_id":"CNUR-000291","parent_year_end_name":"宝鸡市","province_name":"陕西省","province_code":"610000","snapshot_year":2020,"panel_year":2019,"link_status":"parent_linked","former_name":"","note":""},"geometry":{"type":"Polygon","coordinates":[[[107.99269,34.6142],[107.9765,34.57962],[108.00517,34.5353],[107.98956,34.49771],[108.02352,34.48374],[108.00467,34.4426],[108.0301,34.4108],[108.02444,34.37359],[108.04852,34.32523],[108.02191,34.3157],[107.99386,34.33528],[107.9827,34.31575],[107.94938,34.32361],[107.94167,34.30214],[107.99351,34.26353],[107.98402,34.22427],[107.89968,34.2157],[107.84686,34.23419],[107.84421,34.2944],[107.76136,34.31105],[107.75081,34.33667],[107.78501,34.40657],[107.82269,34.40802],[107.84125,34.39169],[107.87581,34.40957],[107.84141,34.46091],[107.8437,34.50424],[107.83197,34.51749],[107.83042,34.5019],[107.80782,34.55849],[107.85563,34.57477],[107.86725,34.61092],[107.92365,34.62218],[107.9457,34.6124],[107.96616,34.63255],[107.96883,34.61639],[107.99269,34.6142]]]}},{"type":"Feature","id":"CTAMAP-2020-COUNTY-0460","properties":{"map_level":"county","source_name":"佛坪县","source_code":"610730","county_type":"县","prefecture_name":"汉中市","prefecture_code":"610700","prefecture_type":"地级市","parent_entity_id":"CNUR-000295","parent_year_end_name":"汉中市","province_name":"陕西省","province_code":"610000","snapshot_year":2020,"panel_year":2019,"link_status":"parent_linked","former_name":"","note":""},"geometry":{"type":"Polygon","coordinates":[[[108.05067,33.71068],[108.05049,33.62306],[108.06546,33.59345],[108.05714,33.50921],[108.14975,33.46831],[108.16187,33.44342],[108.13628,33.40482],[108.11342,33.41858],[108.08462,33.40394],[108.09751,33.38166],[108.04101,33.3341],[108.049,33.29927],[108.02931,33.26324],[108.00732,33.27198],[107.97391,33.25929],[107.96646,33.33093],[107.94268,33.34186],[107.94496,33.37007],[107.91788,33.39061],[107.91034,33.42994],[107.8393,33.43258],[107.82084,33.45352],[107.76682,33.45553],[107.72761,33.48142],[107.71666,33.53495],[107.72978,33.62551],[107.72098,33.64572],[107.67597,33.65427],[107.66563,33.70444],[107.70783,33.7281],[107.84742,33.696],[107.89683,33.75175],[107.91524,33.73423],[107.94753,33.7476],[108.05067,33.71068]]]}},{"type":"Feature","id":"CTAMAP-2020-COUNTY-0477","properties":{"map_level":"county","source_name":"府谷县","source_code":"610822","county_type":"县","prefecture_name":"榆林市","prefecture_code":"610800","prefecture_type":"地级市","parent_entity_id":"CNUR-000296","parent_year_end_name":"榆林市","province_name":"陕西省","province_code":"610000","snapshot_year":2020,"panel_year":2019,"link_status":"parent_linked","former_name":"","note":""},"geometry":{"type":"Polygon","coordinates":[[[111.09408,39.35776],[111.14955,39.36686],[111.15291,39.33467],[111.18542,39.34814],[111.17258,39.32686],[111.19173,39.30682],[111.24179,39.29991],[111.21094,39.26784],[111.21275,39.23894],[111.15699,39.15337],[111.16772,39.13432],[111.13075,39.06198],[110.97973,38.98346],[110.97461,38.96795],[111.00607,38.92718],[111.01004,38.88597],[110.98913,38.86565],[111.00156,38.83898],[110.97504,38.78967],[110.95025,38.77555],[110.95171,38.74101],[110.91898,38.71042],[110.825,38.75825],[110.84775,38.77773],[110.82799,38.82434],[110.85077,38.83949],[110.83161,38.87446],[110.77436,38.90415],[110.74092,38.89488],[110.68801,38.92803],[110.64653,38.98458],[110.66261,39.02502],[110.53803,39.10403],[110.47166,39.18929],[110.40516,39.20623],[110.39164,39.23357],[110.40297,39.25217],[110.3775,39.28547],[110.38005,39.30912],[110.42293,39.33831],[110.41017,39.34782],[110.42385,39.37794],[110.4924,39.35822],[110.51691,39.38211],[110.55231,39.35284],[110.59457,39.27826],[110.69339,39.27081],[110.72056,39.29839],[110.73952,39.35794],[110.87802,39.50685],[110.95391,39.51769],[111.02848,39.5571],[111.01869,39.56976],[111.03832,39.55076],[111.08464,39.55032],[111.13044,39.58498],[111.15013,39.56195],[111.14203,39.53064],[111.04809,39.43418],[111.05676,39.40039],[111.0923,39.40194],[111.07949,39.38024],[111.09408,39.35776]]]}},{"type":"Feature","id":"CTAMAP-2020-COUNTY-0490","properties":{"map_level":"county","source_name":"富平县","source_code":"610528","county_type":"县","prefecture_name":"渭南市","prefecture_code":"610500","prefecture_type":"地级市","parent_entity_id":"CNUR-000293","parent_year_end_name":"渭南市","province_name":"陕西省","province_code":"610000","snapshot_year":2020,"panel_year":2019,"link_status":"parent_linked","former_name":"","note":""},"geometry":{"type":"Polygon","coordinates":[[[109.42102,35.07046],[109.43921,34.97606],[109.39208,34.95357],[109.40026,34.94284],[109.38461,34.94107],[109.37656,34.90694],[109.34441,34.89426],[109.33782,34.85477],[109.39229,34.82432],[109.4063,34.74391],[109.35372,34.74096],[109.341,34.70105],[109.29079,34.68891],[109.08517,34.70191],[109.07224,34.71767],[109.04032,34.69069],[109.02674,34.72582],[109.03834,34.76593],[108.96842,34.83164],[108.97284,34.88947],[109.0253,34.90478],[109.05443,34.89172],[109.05596,34.9097],[109.09173,34.9194],[109.07739,34.95872],[109.20775,35.00579],[109.20775,35.03505],[109.2463,35.05498],[109.2499,35.07857],[109.27783,35.08505],[109.27405,35.10308],[109.29285,35.08694],[109.31058,35.10496],[109.32332,35.09289],[109.3966,35.09898],[109.42102,35.07046]]]}},{"type":"Feature","id":"CTAMAP-2020-COUNTY-0492","properties":{"map_level":"county","source_name":"富县","source_code":"610628","county_type":"县","prefecture_name":"延安市","prefecture_code":"610600","prefecture_type":"地级市","parent_entity_id":"CNUR-000294","parent_year_end_name":"延安市","province_name":"陕西省","province_code":"610000","snapshot_year":2020,"panel_year":2019,"link_status":"parent_linked","former_name":"","note":""},"geometry":{"type":"Polygon","coordinates":[[[108.76275,36.36589],[108.95152,36.3077],[108.99025,36.27882],[108.98016,36.25844],[109.05943,36.1585],[109.09622,36.16011],[109.16492,36.12432],[109.21243,36.15108],[109.28289,36.1196],[109.3814,36.12015],[109.54506,36.232],[109.62035,36.18545],[109.67581,36.19843],[109.71552,36.15865],[109.6989,36.12418],[109.70073,36.06851],[109.67948,36.04875],[109.65226,36.05949],[109.57174,36.04284],[109.53337,36.05804],[109.51378,36.03767],[109.53008,36.02087],[109.48921,35.95705],[109.49259,35.93932],[109.42199,35.87718],[109.43651,35.85708],[109.36943,35.86142],[109.3791,35.8311],[109.34502,35.83418],[109.32593,35.78562],[109.28342,35.78123],[109.26935,35.76703],[109.27369,35.73443],[109.1757,35.75056],[109.17429,35.77236],[109.14459,35.75538],[109.15769,35.77294],[109.13735,35.77562],[109.10851,35.73397],[109.06385,35.76294],[109.03985,35.75753],[109.02938,35.78504],[109.00663,35.78082],[108.93285,35.82334],[108.83014,35.79686],[108.81508,35.77271],[108.75982,35.75582],[108.71448,35.76867],[108.69334,35.75261],[108.67601,35.76205],[108.64262,35.75082],[108.62924,35.73406],[108.59595,35.75675],[108.52676,35.74695],[108.5226,35.8224],[108.49645,35.88547],[108.55848,35.91903],[108.58151,35.95023],[108.64673,35.94413],[108.65707,35.99245],[108.68207,36.02124],[108.67863,36.08346],[108.70364,36.10973],[108.69202,36.11794],[108.70624,36.15183],[108.6454,36.24265],[108.64434,36.38303],[108.67223,36.38667],[108.71078,36.35829],[108.76275,36.36589]]]}},{"type":"Feature","id":"CTAMAP-2020-COUNTY-0505","properties":{"map_level":"county","source_name":"甘泉县","source_code":"610627","county_type":"县","prefecture_name":"延安市","prefecture_code":"610600","prefecture_type":"地级市","parent_entity_id":"CNUR-000294","parent_year_end_name":"延安市","province_name":"陕西省","province_code":"610000","snapshot_year":2020,"panel_year":2019,"link_status":"parent_linked","former_name":"","note":""},"geometry":{"type":"Polygon","coordinates":[[[109.23663,36.52143],[109.29464,36.45694],[109.36909,36.42938],[109.39955,36.43648],[109.52096,36.38433],[109.52601,36.34607],[109.55271,36.30936],[109.55932,36.2329],[109.3814,36.12015],[109.28289,36.1196],[109.21243,36.15108],[109.16492,36.12432],[109.09622,36.16011],[109.05943,36.1585],[108.98016,36.25844],[108.99025,36.27882],[108.95152,36.3077],[108.76275,36.36589],[108.76429,36.39822],[108.83478,36.47167],[108.85975,36.52934],[108.88745,36.53955],[108.92958,36.51644],[108.92895,36.56376],[108.89124,36.62322],[108.9023,36.6277],[109.06791,36.58283],[109.11536,36.52447],[109.23663,36.52143]]]}},{"type":"Feature","id":"CTAMAP-2020-COUNTY-0522","properties":{"map_level":"county","source_name":"高陵区","source_code":"610117","county_type":"市辖区","prefecture_name":"西安市","prefecture_code":"610100","prefecture_type":"地级市","parent_entity_id":"CNUR-000289","parent_year_end_name":"西安市","province_name":"陕西省","province_code":"610000","snapshot_year":2020,"panel_year":2019,"link_status":"parent_linked","former_name":"高陵县","note":"2014年撤销高陵县，设立高陵区"},"geometry":{"type":"Polygon","coordinates":[[[109.12591,34.58342],[109.16003,34.53131],[109.1662,34.43349],[109.15448,34.4439],[109.13059,34.42188],[109.08011,34.43392],[109.06195,34.46072],[109.04248,34.44158],[108.95672,34.42344],[108.95122,34.44876],[108.96991,34.446],[108.97288,34.48995],[108.95094,34.56683],[109.06334,34.5962],[109.0983,34.57715],[109.12591,34.58342]]]}},{"type":"Feature","id":"CTAMAP-2020-COUNTY-0636","properties":{"map_level":"county","source_name":"韩城市","source_code":"610581","county_type":"县级市","prefecture_name":"渭南市","prefecture_code":"610500","prefecture_type":"地级市","parent_entity_id":"CNUR-000293","parent_year_end_name":"渭南市","province_name":"陕西省","province_code":"610000","snapshot_year":2020,"panel_year":2019,"link_status":"parent_linked","former_name":"","note":""},"geometry":{"type":"Polygon","coordinates":[[[110.53803,35.86787],[110.56622,35.80348],[110.57238,35.7018],[110.61001,35.63665],[110.60823,35.58889],[110.56734,35.54795],[110.53269,35.46976],[110.44421,35.39381],[110.40778,35.32039],[110.38336,35.33191],[110.32438,35.31314],[110.31562,35.33476],[110.29677,35.32542],[110.20726,35.35234],[110.18831,35.38869],[110.11613,35.43102],[110.22862,35.50761],[110.21332,35.54852],[110.26852,35.54069],[110.26391,35.55718],[110.28095,35.56482],[110.24604,35.58327],[110.24811,35.60563],[110.22347,35.63879],[110.12371,35.68071],[110.16414,35.71204],[110.27736,35.71118],[110.32374,35.7523],[110.36551,35.75694],[110.40645,35.81005],[110.48103,35.82927],[110.53803,35.86787]]]}},{"type":"Feature","id":"CTAMAP-2020-COUNTY-0638","properties":{"map_level":"county","source_name":"汉滨区","source_code":"610902","county_type":"市辖区","prefecture_name":"安康市","prefecture_code":"610900","prefecture_type":"地级市","parent_entity_id":"CNUR-000297","parent_year_end_name":"安康市","province_name":"陕西省","province_code":"610000","snapshot_year":2020,"panel_year":2019,"link_status":"parent_linked","former_name":"","note":""},"geometry":{"type":"Polygon","coordinates":[[[108.97015,33.15202],[108.99882,33.03929],[109.02423,33.0251],[108.99842,33.01436],[109.03712,32.98789],[109.04119,32.96593],[109.08713,32.94136],[109.10842,32.88308],[109.15372,32.87412],[109.21899,32.83331],[109.19217,32.81689],[109.19909,32.80112],[109.17988,32.79737],[109.18359,32.77482],[109.23194,32.75813],[109.21482,32.71242],[109.24469,32.67374],[109.26453,32.68197],[109.30167,32.65947],[109.30165,32.64228],[109.35405,32.63189],[109.38245,32.61028],[109.38448,32.58752],[109.3466,32.5755],[109.30613,32.60561],[109.21717,32.59124],[109.18444,32.62874],[109.14853,32.58784],[109.11246,32.60023],[109.09748,32.52899],[109.07512,32.51075],[109.0674,32.52931],[109.05038,32.5279],[109.01139,32.50161],[109.00922,32.46162],[108.98232,32.46123],[108.99903,32.44719],[108.99887,32.41201],[108.99262,32.37662],[108.97683,32.36918],[108.92301,32.41093],[108.87972,32.4826],[108.89551,32.50648],[108.87894,32.5203],[108.82853,32.50501],[108.78523,32.51527],[108.75294,32.49668],[108.74833,32.46781],[108.73533,32.47108],[108.72313,32.49649],[108.69696,32.51347],[108.69219,32.50189],[108.68364,32.53817],[108.63024,32.5494],[108.64087,32.59082],[108.6583,32.5892],[108.64755,32.60568],[108.67386,32.62148],[108.65366,32.61085],[108.61276,32.63425],[108.61165,32.64993],[108.63526,32.6518],[108.63051,32.67151],[108.55072,32.6787],[108.50145,32.71893],[108.54396,32.7738],[108.5679,32.75361],[108.59947,32.75229],[108.68677,32.77614],[108.7029,32.89195],[108.60808,32.94656],[108.61917,32.98379],[108.65964,33.01527],[108.66256,33.07049],[108.68648,33.07894],[108.68589,33.10736],[108.73035,33.1402],[108.61963,33.16628],[108.58081,33.19932],[108.60147,33.21034],[108.60638,33.24048],[108.64013,33.24749],[108.66492,33.27977],[108.70728,33.26846],[108.73327,33.28472],[108.79979,33.25222],[108.92731,33.1311],[108.95041,33.12908],[108.97015,33.15202]]]}},{"type":"Feature","id":"CTAMAP-2020-COUNTY-0642","properties":{"map_level":"county","source_name":"汉台区","source_code":"610702","county_type":"市辖区","prefecture_name":"汉中市","prefecture_code":"610700","prefecture_type":"地级市","parent_entity_id":"CNUR-000295","parent_year_end_name":"汉中市","province_name":"陕西省","province_code":"610000","snapshot_year":2020,"panel_year":2019,"link_status":"parent_linked","former_name":"","note":""},"geometry":{"type":"Polygon","coordinates":[[[107.0598,33.36627],[107.03795,33.33579],[107.03533,33.29766],[107.04633,33.28457],[107.07576,33.3038],[107.08407,33.28271],[107.11471,33.28395],[107.10027,33.25195],[107.11738,33.25101],[107.13993,33.21506],[107.12493,33.18861],[107.15473,33.16225],[107.17465,33.10124],[107.13943,33.06444],[107.10575,33.06427],[107.07471,33.0275],[107.03876,33.05516],[106.9953,33.05265],[106.97582,33.0843],[106.91914,33.12191],[106.95989,33.22751],[106.85506,33.2707],[106.8749,33.30126],[106.90875,33.28123],[106.93326,33.30038],[106.99187,33.29521],[107.00699,33.34986],[107.0598,33.36627]]]}},{"type":"Feature","id":"CTAMAP-2020-COUNTY-0644","properties":{"map_level":"county","source_name":"汉阴县","source_code":"610921","county_type":"县","prefecture_name":"安康市","prefecture_code":"610900","prefecture_type":"地级市","parent_entity_id":"CNUR-000297","parent_year_end_name":"安康市","province_name":"陕西省","province_code":"610000","snapshot_year":2020,"panel_year":2019,"link_status":"parent_linked","former_name":"","note":""},"geometry":{"type":"Polygon","coordinates":[[[108.5679,32.75361],[108.50264,32.80112],[108.46628,32.75803],[108.42038,32.74221],[108.41428,32.75351],[108.39537,32.69312],[108.36523,32.68616],[108.35665,32.65612],[108.32444,32.66467],[108.31466,32.64277],[108.28517,32.6401],[108.25351,32.64871],[108.25235,32.68548],[108.22216,32.69653],[108.23405,32.72182],[108.18508,32.76837],[108.20771,32.82076],[108.24871,32.79445],[108.28223,32.83041],[108.3155,32.82377],[108.35318,32.87856],[108.37967,32.97273],[108.41624,32.98682],[108.42004,33.04618],[108.47861,33.12107],[108.57324,33.15461],[108.72427,33.14795],[108.73011,33.13954],[108.68535,33.10655],[108.68648,33.07894],[108.66256,33.07049],[108.65964,33.01527],[108.61917,32.98379],[108.60808,32.94656],[108.7029,32.89195],[108.68677,32.77614],[108.59947,32.75229],[108.5679,32.75361]]]}},{"type":"Feature","id":"CTAMAP-2020-COUNTY-0654","properties":{"map_level":"county","source_name":"合阳县","source_code":"610524","county_type":"县","prefecture_name":"渭南市","prefecture_code":"610500","prefecture_type":"地级市","parent_entity_id":"CNUR-000293","parent_year_end_name":"渭南市","province_name":"陕西省","province_code":"610000","snapshot_year":2020,"panel_year":2019,"link_status":"parent_linked","former_name":"","note":""},"geometry":{"type":"Polygon","coordinates":[[[110.40778,35.32039],[110.40307,35.29277],[110.36426,35.25291],[110.35363,35.18618],[110.36775,35.13244],[110.33281,35.04808],[110.26971,34.9784],[110.1795,34.99711],[110.16034,35.03285],[110.06757,35.02157],[110.03192,35.06124],[109.97613,35.07635],[109.98468,35.09355],[110.0197,35.1017],[110.04209,35.14042],[110.02237,35.16514],[110.02953,35.17557],[110.00652,35.1852],[110.03295,35.23433],[110.0034,35.24204],[109.98037,35.28691],[110.01606,35.41373],[110.08181,35.40692],[110.11661,35.42976],[110.17064,35.40328],[110.21724,35.34784],[110.29677,35.32542],[110.31562,35.33476],[110.32438,35.31314],[110.38336,35.33191],[110.40778,35.32039]]]}},{"type":"Feature","id":"CTAMAP-2020-COUNTY-0688","properties":{"map_level":"county","source_name":"横山区","source_code":"610803","county_type":"市辖区","prefecture_name":"榆林市","prefecture_code":"610800","prefecture_type":"地级市","parent_entity_id":"CNUR-000296","parent_year_end_name":"榆林市","province_name":"陕西省","province_code":"610000","snapshot_year":2020,"panel_year":2019,"link_status":"parent_linked","former_name":"横山县","note":"2015年撤销横山县，设立横山区"},"geometry":{"type":"Polygon","coordinates":[[[110.04006,37.90553],[109.96344,37.87755],[109.94487,37.85092],[109.93213,37.85097],[109.93048,37.87356],[109.87522,37.86568],[109.87073,37.82886],[109.81761,37.8232],[109.84259,37.80049],[109.83763,37.78313],[109.7738,37.79929],[109.75056,37.77807],[109.71975,37.7941],[109.71634,37.75963],[109.7372,37.75689],[109.73841,37.73119],[109.70659,37.70708],[109.69109,37.66999],[109.6596,37.69313],[109.64109,37.68533],[109.6282,37.65826],[109.65179,37.62008],[109.59207,37.60498],[109.6058,37.57922],[109.58651,37.56981],[109.60302,37.54341],[109.55387,37.50886],[109.47072,37.49558],[109.45304,37.45805],[109.42306,37.46255],[109.41879,37.44716],[109.368,37.43146],[109.33463,37.36246],[109.2736,37.41073],[109.2896,37.46334],[109.26046,37.50524],[109.26244,37.54413],[109.24163,37.58729],[109.04356,37.66439],[109.10425,37.79515],[109.09633,37.831],[109.13292,37.84536],[109.1403,37.87192],[109.08233,37.86948],[109.06443,37.91118],[108.9853,37.8993],[108.96324,37.88145],[108.9423,37.92144],[109.06291,38.02182],[109.04196,38.05491],[109.06207,38.09377],[109.05033,38.11177],[109.12827,38.09255],[109.18426,38.03583],[109.20802,38.04157],[109.21283,38.07761],[109.33705,38.06113],[109.37794,38.03679],[109.39713,38.07045],[109.38157,38.11971],[109.39183,38.1863],[109.51482,38.20146],[109.5853,38.1506],[109.60546,38.17327],[109.64242,38.17669],[109.67915,38.24095],[109.72257,38.2482],[109.74556,38.22384],[109.70714,38.17269],[109.72431,38.16699],[109.74058,38.12648],[109.80296,38.08073],[109.81987,38.04194],[109.77847,38.0218],[109.80415,37.99058],[109.87807,37.95753],[109.97603,37.95813],[110.04006,37.90553]],[[109.88151,37.8992],[109.88215,37.93082],[109.84059,37.90657],[109.88151,37.8992]]]}},{"type":"Feature","id":"CTAMAP-2020-COUNTY-0724","properties":{"map_level":"county","source_name":"鄠邑区","source_code":"610118","county_type":"市辖区","prefecture_name":"西安市","prefecture_code":"610100","prefecture_type":"地级市","parent_entity_id":"CNUR-000289","parent_year_end_name":"西安市","province_name":"陕西省","province_code":"610000","snapshot_year":2020,"panel_year":2019,"link_status":"parent_linked","former_name":"户县","note":"2016年撤销户县，设立鄠邑区"},"geometry":{"type":"Polygon","coordinates":[[[108.69087,33.83193],[108.64583,33.84266],[108.61223,33.82811],[108.58144,33.76566],[108.48214,33.80567],[108.40664,33.76435],[108.37094,33.78481],[108.37835,33.82991],[108.43832,33.91061],[108.42349,33.9781],[108.45749,34.05763],[108.44773,34.09321],[108.482,34.1647],[108.47744,34.18984],[108.51428,34.18998],[108.49949,34.22697],[108.56584,34.23457],[108.6371,34.26627],[108.65137,34.23679],[108.68337,34.2362],[108.66328,34.21904],[108.67359,34.17727],[108.71016,34.1665],[108.71026,34.13068],[108.7497,34.11922],[108.75971,34.10005],[108.73346,34.08802],[108.76715,33.98703],[108.76725,33.90965],[108.71734,33.91341],[108.74939,33.89768],[108.74549,33.88355],[108.69087,33.83193]]]}},{"type":"Feature","id":"CTAMAP-2020-COUNTY-0737","properties":{"map_level":"county","source_name":"华阴市","source_code":"610582","county_type":"县级市","prefecture_name":"渭南市","prefecture_code":"610500","prefecture_type":"地级市","parent_entity_id":"CNUR-000293","parent_year_end_name":"渭南市","province_name":"陕西省","province_code":"610000","snapshot_year":2020,"panel_year":2019,"link_status":"parent_linked","former_name":"","note":""},"geometry":{"type":"Polygon","coordinates":[[[110.16956,34.63765],[110.17699,34.60885],[110.19481,34.60635],[110.1862,34.57627],[110.21021,34.52543],[110.19017,34.51127],[110.18111,34.47938],[110.19274,34.46523],[110.17723,34.44817],[110.15888,34.43236],[110.05525,34.41461],[110.03141,34.37902],[110.00197,34.36907],[109.91176,34.38018],[109.91103,34.3976],[109.9455,34.42626],[109.93913,34.43823],[109.96786,34.44289],[109.94414,34.46154],[109.91101,34.45489],[109.89949,34.47192],[109.89191,34.61712],[109.90392,34.60651],[109.92231,34.61859],[109.92767,34.64541],[109.95894,34.63194],[109.99424,34.64513],[110.00214,34.62886],[110.08981,34.63885],[110.11759,34.66814],[110.1449,34.63832],[110.16956,34.63765]]]}},{"type":"Feature","id":"CTAMAP-2020-COUNTY-0739","properties":{"map_level":"county","source_name":"华州区","source_code":"610503","county_type":"市辖区","prefecture_name":"渭南市","prefecture_code":"610500","prefecture_type":"地级市","parent_entity_id":"CNUR-000293","parent_year_end_name":"渭南市","province_name":"陕西省","province_code":"610000","snapshot_year":2020,"panel_year":2019,"link_status":"parent_linked","former_name":"华县","note":"2015年撤销华县，设立华州区"},"geometry":{"type":"Polygon","coordinates":[[[109.87986,34.61642],[109.89642,34.6105],[109.89733,34.56723],[109.89248,34.50242],[109.89949,34.47192],[109.91101,34.45489],[109.94414,34.46154],[109.96786,34.44289],[109.93913,34.43823],[109.9455,34.42626],[109.91103,34.3976],[109.91176,34.38018],[110.00197,34.36907],[110.0361,34.31966],[110.02969,34.30407],[110.00187,34.30634],[110.01901,34.24072],[109.95663,34.21054],[109.94286,34.2228],[109.9488,34.24349],[109.91526,34.22988],[109.82559,34.29076],[109.78685,34.26691],[109.79716,34.22503],[109.76904,34.25418],[109.75137,34.25262],[109.73744,34.2387],[109.74914,34.2128],[109.73721,34.21568],[109.72175,34.2367],[109.68401,34.24464],[109.66846,34.29537],[109.63942,34.32111],[109.62246,34.30982],[109.63724,34.3348],[109.59942,34.40861],[109.6126,34.47445],[109.6382,34.48611],[109.62427,34.54486],[109.64686,34.58046],[109.7285,34.58084],[109.73135,34.56903],[109.74688,34.5944],[109.76142,34.58526],[109.76849,34.61046],[109.82013,34.59683],[109.8528,34.61902],[109.85908,34.59814],[109.87954,34.59163],[109.89381,34.60946],[109.87986,34.61642]]]}},{"type":"Feature","id":"CTAMAP-2020-COUNTY-0767","properties":{"map_level":"county","source_name":"黄陵县","source_code":"610632","county_type":"县","prefecture_name":"延安市","prefecture_code":"610600","prefecture_type":"地级市","parent_entity_id":"CNUR-000294","parent_year_end_name":"延安市","province_name":"陕西省","province_code":"610000","snapshot_year":2020,"panel_year":2019,"link_status":"parent_linked","former_name":"","note":""},"geometry":{"type":"Polygon","coordinates":[[[109.31091,35.77644],[109.3466,35.72921],[109.34115,35.64904],[109.37004,35.62904],[109.34657,35.61122],[109.38361,35.60584],[109.36791,35.59163],[109.40115,35.57457],[109.40242,35.55237],[109.43591,35.55521],[109.43601,35.53301],[109.45445,35.5324],[109.43914,35.52682],[109.44826,35.51725],[109.42403,35.50185],[109.39495,35.52052],[109.30672,35.50589],[109.2377,35.52293],[109.19799,35.58128],[109.11138,35.56673],[109.08655,35.54369],[109.04996,35.54913],[108.96956,35.44753],[108.98413,35.43576],[108.9754,35.42047],[108.92044,35.36347],[108.86457,35.34475],[108.84042,35.35144],[108.82741,35.38288],[108.7979,35.37982],[108.80244,35.39561],[108.78302,35.41368],[108.79404,35.43329],[108.77,35.45159],[108.77498,35.4754],[108.75691,35.49235],[108.673,35.50775],[108.65737,35.53921],[108.61543,35.54181],[108.61474,35.55785],[108.53737,35.60428],[108.51408,35.64903],[108.52669,35.68244],[108.51313,35.69925],[108.5303,35.70917],[108.51066,35.71924],[108.52676,35.74695],[108.59595,35.75675],[108.62924,35.73406],[108.64262,35.75082],[108.67601,35.76205],[108.69334,35.75261],[108.71448,35.76867],[108.75982,35.75582],[108.894,35.82042],[108.94152,35.82129],[109.00663,35.78082],[109.02938,35.78504],[109.03985,35.75753],[109.06385,35.76294],[109.10851,35.73397],[109.13722,35.7756],[109.15769,35.77294],[109.14459,35.75538],[109.17429,35.77236],[109.1757,35.75056],[109.27011,35.73438],[109.27035,35.76864],[109.28398,35.78146],[109.31091,35.77644]]]}},{"type":"Feature","id":"CTAMAP-2020-COUNTY-0768","properties":{"map_level":"county","source_name":"黄龙县","source_code":"610631","county_type":"县","prefecture_name":"延安市","prefecture_code":"610600","prefecture_type":"地级市","parent_entity_id":"CNUR-000294","parent_year_end_name":"延安市","province_name":"陕西省","province_code":"610000","snapshot_year":2020,"panel_year":2019,"link_status":"parent_linked","former_name":"","note":""},"geometry":{"type":"Polygon","coordinates":[[[110.20206,35.719],[110.15759,35.70949],[110.12348,35.67623],[110.22347,35.63879],[110.24811,35.60563],[110.24604,35.58327],[110.28095,35.56482],[110.26391,35.55718],[110.26852,35.54069],[110.21332,35.54852],[110.22859,35.50758],[110.0895,35.41058],[110.00816,35.40692],[109.99057,35.43523],[109.97462,35.41159],[109.90831,35.41671],[109.89559,35.4052],[109.87905,35.42987],[109.84842,35.43917],[109.84877,35.41808],[109.80679,35.44745],[109.71547,35.41771],[109.65914,35.45038],[109.70266,35.53245],[109.66667,35.62237],[109.67099,35.65217],[109.69514,35.66668],[109.67918,35.68034],[109.69819,35.70463],[109.71524,35.71483],[109.72841,35.70388],[109.72854,35.7196],[109.68406,35.75763],[109.72829,35.76372],[109.67548,35.76122],[109.64773,35.79535],[109.68579,35.88664],[109.76382,35.92516],[109.74578,35.97428],[109.75969,36.00739],[109.7816,35.99876],[109.79227,36.01594],[109.82715,35.99736],[109.91573,36.02568],[110.00403,36.02747],[110.06535,35.98393],[110.06376,35.93864],[110.08838,35.93054],[110.10404,35.89042],[110.15661,35.87448],[110.13234,35.84469],[110.131,35.80054],[110.21066,35.73399],[110.20206,35.719]]]}},{"type":"Feature","id":"CTAMAP-2020-COUNTY-0839","properties":{"map_level":"county","source_name":"佳县","source_code":"610828","county_type":"县","prefecture_name":"榆林市","prefecture_code":"610800","prefecture_type":"地级市","parent_entity_id":"CNUR-000296","parent_year_end_name":"榆林市","province_name":"陕西省","province_code":"610000","snapshot_year":2020,"panel_year":2019,"link_status":"parent_linked","former_name":"","note":""},"geometry":{"type":"Polygon","coordinates":[[[110.40557,38.38358],[110.47136,38.29505],[110.47539,38.23993],[110.51857,38.22063],[110.49943,38.15884],[110.51565,38.12062],[110.4943,38.08981],[110.4982,38.02165],[110.52249,37.99251],[110.5123,37.96091],[110.58699,37.92278],[110.66874,37.79099],[110.75247,37.75136],[110.74917,37.73765],[110.69977,37.72123],[110.69097,37.7002],[110.66345,37.72046],[110.64074,37.71898],[110.6393,37.69855],[110.624,37.71546],[110.58621,37.70113],[110.54924,37.72791],[110.5402,37.7173],[110.50072,37.73041],[110.485,37.75099],[110.49129,37.77145],[110.45731,37.78123],[110.45263,37.79401],[110.46797,37.79948],[110.45481,37.82176],[110.40104,37.85908],[110.38558,37.85359],[110.33617,37.89941],[110.32397,37.94786],[110.2947,37.93085],[110.2566,37.96708],[110.19585,37.96283],[110.20776,37.99338],[110.17075,38.02819],[110.15028,38.02838],[110.13151,38.08659],[110.11068,38.09944],[110.1183,38.10852],[110.05215,38.15671],[110.04278,38.28928],[110.07508,38.28983],[110.08886,38.33398],[110.14721,38.30835],[110.16192,38.33922],[110.22874,38.32362],[110.25056,38.37187],[110.26839,38.35227],[110.32069,38.34137],[110.40557,38.38358]]]}},{"type":"Feature","id":"CTAMAP-2020-COUNTY-0928","properties":{"map_level":"county","source_name":"金台区","source_code":"610303","county_type":"市辖区","prefecture_name":"宝鸡市","prefecture_code":"610300","prefecture_type":"地级市","parent_entity_id":"CNUR-000291","parent_year_end_name":"宝鸡市","province_name":"陕西省","province_code":"610000","snapshot_year":2020,"panel_year":2019,"link_status":"parent_linked","former_name":"","note":""},"geometry":{"type":"Polygon","coordinates":[[[107.28632,34.35365],[107.17507,34.3506],[107.15333,34.36045],[107.16131,34.37364],[107.05811,34.37262],[107.00825,34.43659],[106.9563,34.45349],[106.94426,34.48053],[106.89995,34.47724],[106.89323,34.49753],[106.9364,34.53081],[107.03467,34.5219],[107.07851,34.46236],[107.11373,34.48999],[107.15935,34.44436],[107.23344,34.42194],[107.28632,34.35365]]]}},{"type":"Feature","id":"CTAMAP-2020-COUNTY-0953","properties":{"map_level":"county","source_name":"泾阳县","source_code":"610423","county_type":"县","prefecture_name":"咸阳市","prefecture_code":"610400","prefecture_type":"地级市","parent_entity_id":"CNUR-000292","parent_year_end_name":"咸阳市","province_name":"陕西省","province_code":"610000","snapshot_year":2020,"panel_year":2019,"link_status":"parent_linked","former_name":"","note":""},"geometry":{"type":"Polygon","coordinates":[[[108.78641,34.73613],[108.8461,34.71615],[108.85681,34.69846],[108.86063,34.7089],[108.88844,34.7005],[108.8924,34.71535],[108.91154,34.70484],[108.91319,34.66775],[108.87736,34.66704],[108.87319,34.6071],[108.89925,34.57901],[108.93679,34.58621],[108.968,34.54083],[108.96991,34.446],[108.86472,34.45944],[108.86663,34.47002],[108.79482,34.48945],[108.76357,34.47026],[108.71252,34.47532],[108.67363,34.50465],[108.69621,34.54844],[108.68358,34.57948],[108.64814,34.57948],[108.59478,34.61621],[108.59977,34.63025],[108.57061,34.65845],[108.57938,34.68],[108.50732,34.6947],[108.49524,34.7264],[108.51804,34.73951],[108.74765,34.71836],[108.78641,34.73613]]]}},{"type":"Feature","id":"CTAMAP-2020-COUNTY-0971","properties":{"map_level":"county","source_name":"靖边县","source_code":"610824","county_type":"县","prefecture_name":"榆林市","prefecture_code":"610800","prefecture_type":"地级市","parent_entity_id":"CNUR-000296","parent_year_end_name":"榆林市","province_name":"陕西省","province_code":"610000","snapshot_year":2020,"panel_year":2019,"link_status":"parent_linked","former_name":"","note":""},"geometry":{"type":"Polygon","coordinates":[[[108.89119,37.97392],[108.96324,37.88145],[108.9853,37.8993],[109.06443,37.91118],[109.08233,37.86948],[109.1403,37.87192],[109.13292,37.84536],[109.09633,37.831],[109.10425,37.79515],[109.04356,37.66439],[109.24163,37.58729],[109.26244,37.54413],[109.26046,37.50524],[109.2896,37.46334],[109.2736,37.41073],[109.33463,37.36246],[109.30013,37.35229],[109.29281,37.33538],[109.24692,37.33925],[109.23828,37.32195],[109.08068,37.31347],[109.05219,37.28317],[109.00919,37.30343],[108.9507,37.25896],[108.94182,37.23312],[108.88454,37.23616],[108.85909,37.26122],[108.84898,37.20673],[108.8556,37.18163],[108.87838,37.17575],[108.87425,37.15099],[108.8119,37.13921],[108.79261,37.10948],[108.75551,37.1171],[108.73719,37.08127],[108.8089,37.02578],[108.76872,36.98071],[108.70945,36.99167],[108.65275,37.03737],[108.61149,37.03343],[108.59033,36.99731],[108.53533,36.98878],[108.49037,37.00413],[108.48365,37.02326],[108.53955,37.0424],[108.54864,37.08783],[108.52892,37.13307],[108.5464,37.16611],[108.50781,37.20189],[108.51075,37.23012],[108.44567,37.25639],[108.48121,37.27786],[108.43555,37.31799],[108.41231,37.40747],[108.39986,37.38061],[108.36238,37.39861],[108.35587,37.43234],[108.37385,37.44639],[108.34092,37.46443],[108.3406,37.53102],[108.29232,37.59041],[108.29854,37.62533],[108.42406,37.64996],[108.52905,37.6908],[108.6312,37.65313],[108.71249,37.68385],[108.77977,37.68753],[108.7773,37.75466],[108.7971,37.78342],[108.79472,37.94447],[108.82411,37.9827],[108.82165,38.01348],[108.7922,38.05148],[108.83041,38.05103],[108.87077,38.02888],[108.89119,37.97392]]]}},{"type":"Feature","id":"CTAMAP-2020-COUNTY-1060","properties":{"map_level":"county","source_name":"岚皋县","source_code":"610925","county_type":"县","prefecture_name":"安康市","prefecture_code":"610900","prefecture_type":"地级市","parent_entity_id":"CNUR-000297","parent_year_end_name":"安康市","province_name":"陕西省","province_code":"610000","snapshot_year":2020,"panel_year":2019,"link_status":"parent_linked","former_name":"","note":""},"geometry":{"type":"Polygon","coordinates":[[[108.96648,32.37142],[109.04126,32.37347],[109.08157,32.33359],[109.08011,32.26584],[109.09772,32.25119],[109.08889,32.23292],[109.17369,32.22665],[109.17477,32.20806],[109.08248,32.14396],[109.06304,32.04477],[109.09298,32.01748],[109.07913,31.96227],[109.06317,31.95369],[109.07851,31.93475],[108.98497,31.98213],[108.89664,31.98789],[108.83121,32.04095],[108.77235,32.05583],[108.73471,32.10711],[108.66949,32.10485],[108.64946,32.1204],[108.65723,32.15839],[108.64054,32.18455],[108.71219,32.25787],[108.65272,32.31917],[108.6631,32.35901],[108.64313,32.38271],[108.66062,32.42521],[108.6303,32.46951],[108.64449,32.48296],[108.62579,32.50863],[108.6308,32.54888],[108.68364,32.53817],[108.69311,32.50083],[108.69696,32.51347],[108.74782,32.46775],[108.76411,32.50755],[108.87894,32.5203],[108.89551,32.50648],[108.87972,32.4826],[108.92402,32.40944],[108.96648,32.37142]]]}},{"type":"Feature","id":"CTAMAP-2020-COUNTY-1064","properties":{"map_level":"county","source_name":"蓝田县","source_code":"610122","county_type":"县","prefecture_name":"西安市","prefecture_code":"610100","prefecture_type":"地级市","parent_entity_id":"CNUR-000289","parent_year_end_name":"西安市","province_name":"陕西省","province_code":"610000","snapshot_year":2020,"panel_year":2019,"link_status":"parent_linked","former_name":"","note":""},"geometry":{"type":"Polygon","coordinates":[[[109.44621,34.32111],[109.48611,34.27027],[109.51901,34.25702],[109.56981,34.26377],[109.62357,34.24018],[109.72175,34.2367],[109.75542,34.21124],[109.7415,34.18961],[109.82175,34.15241],[109.78542,34.14679],[109.77816,34.16233],[109.73923,34.12493],[109.733,34.098],[109.69565,34.11179],[109.65328,34.10206],[109.62785,34.07327],[109.57778,34.07358],[109.54854,34.05129],[109.5559,34.03438],[109.52813,33.98235],[109.60129,33.94131],[109.59135,33.90256],[109.53422,33.87763],[109.53172,33.86247],[109.44248,33.83968],[109.35487,33.86782],[109.29504,33.85675],[109.27584,33.87576],[109.2264,33.88008],[109.20254,33.90745],[109.20988,33.96011],[109.17374,33.99795],[109.1628,34.04821],[109.12587,34.09465],[109.16724,34.08852],[109.20934,34.11124],[109.16162,34.14296],[109.17224,34.15917],[109.15749,34.17514],[109.17709,34.19321],[109.15966,34.20399],[109.18384,34.20941],[109.14182,34.24805],[109.1808,34.28385],[109.2066,34.28234],[109.24982,34.31451],[109.35534,34.27687],[109.38501,34.3378],[109.41519,34.3107],[109.44621,34.32111]]]}},{"type":"Feature","id":"CTAMAP-2020-COUNTY-1099","properties":{"map_level":"county","source_name":"礼泉县","source_code":"610425","county_type":"县","prefecture_name":"咸阳市","prefecture_code":"610400","prefecture_type":"地级市","parent_entity_id":"CNUR-000292","parent_year_end_name":"咸阳市","province_name":"陕西省","province_code":"610000","snapshot_year":2020,"panel_year":2019,"link_status":"parent_linked","former_name":"","note":""},"geometry":{"type":"Polygon","coordinates":[[[108.50743,34.73651],[108.49524,34.7264],[108.50593,34.69574],[108.57938,34.68],[108.57061,34.65845],[108.59977,34.63025],[108.59445,34.61652],[108.64814,34.57948],[108.6855,34.57711],[108.69618,34.54821],[108.67341,34.50587],[108.69337,34.48716],[108.66596,34.46061],[108.64302,34.46291],[108.64,34.48925],[108.61332,34.48684],[108.60339,34.47457],[108.6168,34.453],[108.59709,34.44327],[108.61586,34.42812],[108.59662,34.41935],[108.58817,34.43553],[108.52251,34.44615],[108.49313,34.4306],[108.50564,34.41427],[108.48412,34.38516],[108.45418,34.37161],[108.44383,34.38858],[108.40495,34.38245],[108.39783,34.35731],[108.37016,34.34688],[108.36155,34.3664],[108.38307,34.37797],[108.37266,34.40277],[108.39106,34.42732],[108.36547,34.44159],[108.40203,34.47702],[108.39162,34.49674],[108.40131,34.52357],[108.35469,34.53531],[108.35236,34.56557],[108.32443,34.59196],[108.33581,34.66425],[108.32544,34.69344],[108.30866,34.69021],[108.29464,34.76397],[108.31608,34.81083],[108.35126,34.83429],[108.384,34.8097],[108.39173,34.82355],[108.41558,34.79489],[108.44917,34.80055],[108.44194,34.77399],[108.46741,34.79535],[108.45674,34.76985],[108.48522,34.77924],[108.50743,34.73651]]]}},{"type":"Feature","id":"CTAMAP-2020-COUNTY-1130","properties":{"map_level":"county","source_name":"莲湖区","source_code":"610104","county_type":"市辖区","prefecture_name":"西安市","prefecture_code":"610100","prefecture_type":"地级市","parent_entity_id":"CNUR-000289","parent_year_end_name":"西安市","province_name":"陕西省","province_code":"610000","snapshot_year":2020,"panel_year":2019,"link_status":"parent_linked","former_name":"","note":""},"geometry":{"type":"Polygon","coordinates":[[[108.9488,34.2943],[108.94238,34.2615],[108.90507,34.24095],[108.84982,34.25414],[108.85062,34.29071],[108.9488,34.2943]]]}},{"type":"Feature","id":"CTAMAP-2020-COUNTY-1170","properties":{"map_level":"county","source_name":"临潼区","source_code":"610115","county_type":"市辖区","prefecture_name":"西安市","prefecture_code":"610100","prefecture_type":"地级市","parent_entity_id":"CNUR-000289","parent_year_end_name":"西安市","province_name":"陕西省","province_code":"610000","snapshot_year":2020,"panel_year":2019,"link_status":"parent_linked","former_name":"","note":""},"geometry":{"type":"Polygon","coordinates":[[[109.42202,34.65694],[109.44601,34.55027],[109.38204,34.53097],[109.38728,34.50315],[109.40637,34.50514],[109.38381,34.47071],[109.41373,34.46239],[109.41836,34.42499],[109.45899,34.39185],[109.44572,34.31951],[109.41519,34.3107],[109.38501,34.3378],[109.35534,34.27687],[109.29405,34.28956],[109.26952,34.32747],[109.19115,34.29808],[109.14479,34.30932],[109.12649,34.34355],[109.0978,34.34519],[109.0942,34.38548],[109.12114,34.41995],[109.17203,34.44238],[109.16003,34.53131],[109.12676,34.57758],[109.13658,34.64388],[109.1671,34.64633],[109.22537,34.58896],[109.35675,34.6094],[109.3563,34.64411],[109.42202,34.65694]]]}},{"type":"Feature","id":"CTAMAP-2020-COUNTY-1171","properties":{"map_level":"county","source_name":"临渭区","source_code":"610502","county_type":"市辖区","prefecture_name":"渭南市","prefecture_code":"610500","prefecture_type":"地级市","parent_entity_id":"CNUR-000293","parent_year_end_name":"渭南市","province_name":"陕西省","province_code":"610000","snapshot_year":2020,"panel_year":2019,"link_status":"parent_linked","former_name":"","note":""},"geometry":{"type":"Polygon","coordinates":[[[109.76042,34.79037],[109.75819,34.75175],[109.7125,34.66763],[109.71509,34.58842],[109.6974,34.57522],[109.64427,34.57799],[109.62427,34.54486],[109.6382,34.48611],[109.6126,34.47445],[109.59942,34.40861],[109.63724,34.3348],[109.62246,34.30982],[109.63922,34.32123],[109.66787,34.29634],[109.68401,34.24464],[109.62395,34.24013],[109.56981,34.26377],[109.51901,34.25702],[109.4862,34.27019],[109.44598,34.32145],[109.45899,34.39185],[109.41836,34.42499],[109.41373,34.46239],[109.38386,34.47004],[109.40637,34.50514],[109.38728,34.50315],[109.38204,34.53097],[109.44646,34.55453],[109.41884,34.64497],[109.4158,34.71213],[109.42707,34.71923],[109.41006,34.7265],[109.40282,34.76137],[109.49037,34.79134],[109.59765,34.75058],[109.64103,34.78696],[109.69832,34.77172],[109.76042,34.79037]]]}},{"type":"Feature","id":"CTAMAP-2020-COUNTY-1185","properties":{"map_level":"county","source_name":"麟游县","source_code":"610329","county_type":"县","prefecture_name":"宝鸡市","prefecture_code":"610300","prefecture_type":"地级市","parent_entity_id":"CNUR-000291","parent_year_end_name":"宝鸡市","province_name":"陕西省","province_code":"610000","snapshot_year":2020,"panel_year":2019,"link_status":"parent_linked","former_name":"","note":""},"geometry":{"type":"Polygon","coordinates":[[[107.81545,34.97423],[107.85025,34.84554],[107.86825,34.85659],[107.89651,34.84186],[107.94449,34.86143],[107.95009,34.80516],[107.99076,34.7885],[108.03086,34.62672],[107.98638,34.61319],[107.96616,34.63255],[107.9457,34.6124],[107.92365,34.62218],[107.86725,34.61092],[107.85563,34.57477],[107.807,34.55855],[107.81181,34.58136],[107.72902,34.58922],[107.72374,34.61061],[107.68834,34.58399],[107.65526,34.61465],[107.63273,34.60326],[107.64558,34.65405],[107.61632,34.7011],[107.55145,34.75474],[107.49066,34.75236],[107.49132,34.73684],[107.47065,34.73184],[107.44512,34.75201],[107.39972,34.74732],[107.38723,34.72058],[107.36479,34.74576],[107.32423,34.72182],[107.33124,34.76957],[107.34402,34.77204],[107.33446,34.78524],[107.35921,34.79874],[107.35358,34.84609],[107.37579,34.87226],[107.36343,34.90862],[107.37515,34.93297],[107.41119,34.93573],[107.44849,34.91588],[107.4738,34.92414],[107.49363,34.90765],[107.52556,34.91469],[107.52252,34.9279],[107.56067,34.96501],[107.59317,34.95234],[107.61025,34.96911],[107.62824,34.96095],[107.62184,34.92247],[107.63484,34.91931],[107.63459,34.93664],[107.69993,34.95095],[107.70862,34.9652],[107.71566,34.95208],[107.79979,34.95739],[107.79513,34.96765],[107.81545,34.97423]]]}},{"type":"Feature","id":"CTAMAP-2020-COUNTY-1204","properties":{"map_level":"county","source_name":"留坝县","source_code":"610729","county_type":"县","prefecture_name":"汉中市","prefecture_code":"610700","prefecture_type":"地级市","parent_entity_id":"CNUR-000295","parent_year_end_name":"汉中市","province_name":"陕西省","province_code":"610000","snapshot_year":2020,"panel_year":2019,"link_status":"parent_linked","former_name":"","note":""},"geometry":{"type":"Polygon","coordinates":[[[107.05842,33.87836],[107.067,33.82964],[107.11518,33.8102],[107.13025,33.81814],[107.12287,33.77921],[107.15539,33.79178],[107.18049,33.75449],[107.21799,33.75724],[107.27199,33.80232],[107.29672,33.79462],[107.31994,33.82186],[107.33715,33.81548],[107.29755,33.76328],[107.30216,33.70611],[107.27477,33.70552],[107.26468,33.68485],[107.22769,33.6705],[107.16616,33.66701],[107.10624,33.56306],[107.04493,33.5239],[107.08583,33.45638],[107.07024,33.41918],[107.08501,33.4074],[107.08455,33.37775],[107.01644,33.35916],[106.98937,33.32024],[106.99187,33.29521],[106.93326,33.30038],[106.90761,33.2814],[106.87035,33.30368],[106.85722,33.345],[106.87428,33.36728],[106.80906,33.4347],[106.84015,33.44919],[106.7965,33.4871],[106.78143,33.53681],[106.66791,33.48202],[106.65284,33.49507],[106.68085,33.59685],[106.63821,33.66076],[106.70191,33.67737],[106.67379,33.70494],[106.79656,33.67847],[106.80397,33.81693],[106.81336,33.83328],[106.83509,33.82896],[106.85508,33.87895],[106.94763,33.81407],[107.01184,33.78973],[107.03868,33.7992],[107.03463,33.86832],[107.05842,33.87836]]]}},{"type":"Feature","id":"CTAMAP-2020-COUNTY-1255","properties":{"map_level":"county","source_name":"陇县","source_code":"610327","county_type":"县","prefecture_name":"宝鸡市","prefecture_code":"610300","prefecture_type":"地级市","parent_entity_id":"CNUR-000291","parent_year_end_name":"宝鸡市","province_name":"陕西省","province_code":"610000","snapshot_year":2020,"panel_year":2019,"link_status":"parent_linked","former_name":"","note":""},"geometry":{"type":"Polygon","coordinates":[[[106.87862,35.09484],[106.96109,35.06595],[106.98453,35.07158],[107.00479,35.0303],[107.04611,35.03962],[107.04266,35.02773],[107.08671,35.0134],[107.08656,34.97253],[107.13243,34.94343],[107.1084,34.91809],[107.115,34.90306],[107.05749,34.90514],[107.0444,34.85724],[107.05296,34.8331],[107.0305,34.79038],[106.97329,34.77099],[106.95352,34.72715],[106.92945,34.72469],[106.8984,34.74948],[106.88239,34.72328],[106.84797,34.70869],[106.82042,34.64334],[106.84024,34.62393],[106.83347,34.58588],[106.79764,34.61463],[106.76426,34.59616],[106.7589,34.60953],[106.73937,34.60735],[106.71134,34.64905],[106.68511,34.64695],[106.69252,34.62046],[106.67561,34.60727],[106.61215,34.62806],[106.55924,34.61129],[106.51643,34.65145],[106.44638,34.66711],[106.45477,34.71448],[106.48133,34.71749],[106.49608,34.74866],[106.54191,34.7492],[106.57371,34.77869],[106.54677,34.82997],[106.55423,34.85793],[106.50824,34.89191],[106.51541,34.92222],[106.48506,34.94115],[106.47881,34.98102],[106.49741,34.99639],[106.48428,35.02202],[106.52269,35.03139],[106.53965,35.08673],[106.65936,35.06943],[106.73068,35.10426],[106.82133,35.08122],[106.87862,35.09484]]]}},{"type":"Feature","id":"CTAMAP-2020-COUNTY-1307","properties":{"map_level":"county","source_name":"洛川县","source_code":"610629","county_type":"县","prefecture_name":"延安市","prefecture_code":"610600","prefecture_type":"地级市","parent_entity_id":"CNUR-000294","parent_year_end_name":"延安市","province_name":"陕西省","province_code":"610000","snapshot_year":2020,"panel_year":2019,"link_status":"parent_linked","former_name":"","note":""},"geometry":{"type":"Polygon","coordinates":[[[109.70073,36.06851],[109.75896,36.01245],[109.74578,35.97428],[109.76382,35.92516],[109.68579,35.88664],[109.64765,35.79487],[109.67548,35.76122],[109.72829,35.76372],[109.68406,35.75763],[109.72854,35.7196],[109.72841,35.70388],[109.712,35.71406],[109.67918,35.68034],[109.69518,35.66679],[109.6711,35.6524],[109.66667,35.62237],[109.70266,35.53245],[109.65661,35.45764],[109.7156,35.41277],[109.64969,35.42268],[109.6377,35.44342],[109.53881,35.44358],[109.50777,35.41475],[109.49277,35.35248],[109.4768,35.36607],[109.49093,35.39387],[109.46189,35.42057],[109.47101,35.45478],[109.45163,35.45649],[109.47457,35.47048],[109.45195,35.47766],[109.46531,35.50011],[109.43286,35.51583],[109.45418,35.53309],[109.43601,35.53301],[109.43464,35.55609],[109.40158,35.55294],[109.40137,35.57432],[109.36687,35.59342],[109.3831,35.60625],[109.34657,35.61122],[109.37004,35.62904],[109.34115,35.64904],[109.34649,35.72966],[109.30474,35.77436],[109.33101,35.79031],[109.32972,35.82026],[109.34502,35.83418],[109.3791,35.8311],[109.36943,35.86142],[109.43651,35.85708],[109.42199,35.87718],[109.49259,35.93932],[109.48921,35.95705],[109.53008,36.02087],[109.51378,36.03767],[109.53337,36.05804],[109.57174,36.04284],[109.65226,36.05949],[109.67948,36.04875],[109.70073,36.06851]]]}},{"type":"Feature","id":"CTAMAP-2020-COUNTY-1311","properties":{"map_level":"county","source_name":"洛南县","source_code":"611021","county_type":"县","prefecture_name":"商洛市","prefecture_code":"611000","prefecture_type":"地级市","parent_entity_id":"CNUR-000298","parent_year_end_name":"商洛市","province_name":"陕西省","province_code":"610000","snapshot_year":2020,"panel_year":2019,"link_status":"parent_linked","former_name":"","note":""},"geometry":{"type":"Polygon","coordinates":[[[110.15888,34.43236],[110.27832,34.39257],[110.47141,34.40954],[110.48127,34.35691],[110.50114,34.33977],[110.49604,34.32237],[110.47123,34.32338],[110.44996,34.29612],[110.42327,34.28997],[110.43272,34.24543],[110.5437,34.21628],[110.55372,34.19417],[110.63776,34.16206],[110.58473,34.10164],[110.57602,34.04488],[110.58043,34.02506],[110.61994,34.03449],[110.67192,33.95036],[110.62072,33.92706],[110.62301,33.90896],[110.58527,33.90069],[110.59438,33.87206],[110.54701,33.86001],[110.53347,33.93091],[110.43552,33.94871],[110.3248,33.95051],[110.28892,33.89795],[110.24714,33.89989],[110.22896,33.93173],[110.23635,33.97453],[110.19351,33.97011],[110.16036,33.99034],[110.11196,33.98123],[110.0727,33.94861],[110.01271,34.00757],[110.01844,34.0394],[110.00275,34.07358],[109.96463,34.09656],[109.94048,34.14597],[109.84194,34.18547],[109.81843,34.18563],[109.79699,34.16032],[109.7415,34.18961],[109.75618,34.20878],[109.73813,34.24012],[109.76736,34.25507],[109.79716,34.22503],[109.78685,34.26691],[109.82559,34.29076],[109.91526,34.22988],[109.9488,34.24349],[109.94286,34.2228],[109.95588,34.21075],[110.01353,34.2337],[110.00187,34.30634],[110.02969,34.30407],[110.03629,34.31743],[110.00197,34.36907],[110.03141,34.37902],[110.05525,34.41461],[110.15888,34.43236]]]}},{"type":"Feature","id":"CTAMAP-2020-COUNTY-1318","properties":{"map_level":"county","source_name":"略阳县","source_code":"610727","county_type":"县","prefecture_name":"汉中市","prefecture_code":"610700","prefecture_type":"地级市","parent_entity_id":"CNUR-000295","parent_year_end_name":"汉中市","province_name":"陕西省","province_code":"610000","snapshot_year":2020,"panel_year":2019,"link_status":"parent_linked","former_name":"","note":""},"geometry":{"type":"MultiPolygon","coordinates":[[[[106.44125,33.61978],[106.45141,33.54825],[106.4926,33.47017],[106.48153,33.44612],[106.50175,33.4255],[106.51708,33.36626],[106.45736,33.28275],[106.45966,33.24384],[106.48869,33.22071],[106.46708,33.2205],[106.4683,33.20373],[106.44801,33.20796],[106.45738,33.18859],[106.43756,33.15814],[106.36851,33.14321],[106.32895,33.18202],[106.23121,33.21214],[106.15058,33.18667],[106.09927,33.1396],[106.0392,33.12223],[106.05225,33.11177],[105.99899,33.11102],[105.98449,33.15609],[105.96791,33.14937],[105.95586,33.21575],[105.93664,33.21411],[105.94419,33.22102],[105.9188,33.24349],[105.85852,33.23449],[105.79132,33.26562],[105.78703,33.28418],[105.74719,33.28764],[105.73505,33.31511],[105.75433,33.32307],[105.69916,33.39011],[105.81962,33.38255],[105.8374,33.49639],[105.89746,33.56599],[105.91362,33.55681],[105.93167,33.57071],[105.95591,33.59657],[105.9524,33.61519],[106.01405,33.61166],[106.02393,33.59659],[106.08236,33.6191],[106.12611,33.60347],[106.10221,33.57283],[106.14317,33.58333],[106.14516,33.56083],[106.18266,33.54567],[106.28521,33.61041],[106.3413,33.58701],[106.37293,33.60484],[106.36882,33.61882],[106.44125,33.61978]]],[[[105.94192,33.1558],[105.91607,33.15894],[105.92579,33.20139],[105.93605,33.19164],[105.92462,33.17939],[105.94264,33.17757],[105.94192,33.1558]]]]}},{"type":"Feature","id":"CTAMAP-2020-COUNTY-1346","properties":{"map_level":"county","source_name":"眉县","source_code":"610326","county_type":"县","prefecture_name":"宝鸡市","prefecture_code":"610300","prefecture_type":"地级市","parent_entity_id":"CNUR-000291","parent_year_end_name":"宝鸡市","province_name":"陕西省","province_code":"610000","snapshot_year":2020,"panel_year":2019,"link_status":"parent_linked","former_name":"","note":""},"geometry":{"type":"Polygon","coordinates":[[[107.68377,34.32247],[107.84421,34.2944],[107.85085,34.2325],[107.91562,34.21341],[108.00331,34.22886],[108.03286,34.21593],[107.99313,34.14846],[107.99685,34.10387],[107.93841,34.04415],[107.94375,33.98449],[107.89846,34.00163],[107.84466,33.97625],[107.80573,33.99666],[107.77911,33.97937],[107.7501,33.98592],[107.69542,34.05806],[107.69641,34.13381],[107.64321,34.15742],[107.68159,34.22948],[107.65221,34.29288],[107.68377,34.32247]]]}},{"type":"Feature","id":"CTAMAP-2020-COUNTY-1372","properties":{"map_level":"county","source_name":"米脂县","source_code":"610827","county_type":"县","prefecture_name":"榆林市","prefecture_code":"610800","prefecture_type":"地级市","parent_entity_id":"CNUR-000296","parent_year_end_name":"榆林市","province_name":"陕西省","province_code":"610000","snapshot_year":2020,"panel_year":2019,"link_status":"parent_linked","former_name":"","note":""},"geometry":{"type":"MultiPolygon","coordinates":[[[[110.48507,37.75365],[110.40678,37.73075],[110.40239,37.7066],[110.3672,37.68624],[110.33612,37.71398],[110.30141,37.69449],[110.25832,37.70127],[110.22046,37.65634],[110.15489,37.70555],[110.14288,37.69379],[110.08665,37.70775],[109.98336,37.70434],[109.94653,37.74191],[109.94902,37.76836],[109.91022,37.7609],[109.88654,37.78043],[109.83928,37.77912],[109.84259,37.80049],[109.81761,37.8232],[109.87073,37.82886],[109.87457,37.86508],[109.88855,37.87225],[109.93048,37.87356],[109.93213,37.85097],[109.94487,37.85092],[109.96344,37.87755],[110.04006,37.90553],[110.04827,37.88959],[110.03266,37.87289],[110.13107,37.81569],[110.15249,37.81741],[110.15005,37.8863],[110.10953,37.88664],[110.10166,37.91867],[110.07537,37.91666],[110.07799,37.96121],[110.11261,37.97541],[110.08592,37.995],[110.08029,38.02417],[110.10954,38.01237],[110.10279,37.9906],[110.14403,37.98957],[110.15451,38.00521],[110.11638,38.01125],[110.13983,38.02728],[110.13449,38.03908],[110.08793,38.03888],[110.07749,38.05173],[110.1159,38.04536],[110.12271,38.08986],[110.15028,38.02838],[110.17075,38.02819],[110.20781,37.99328],[110.19585,37.96283],[110.2566,37.96708],[110.2947,37.93085],[110.32397,37.94786],[110.33617,37.89941],[110.38558,37.85359],[110.40104,37.85908],[110.45481,37.82176],[110.46797,37.79948],[110.45263,37.79401],[110.45731,37.78123],[110.49129,37.77145],[110.48507,37.75365]]],[[[109.88215,37.93082],[109.88151,37.8992],[109.84059,37.90657],[109.88215,37.93082]]]]}},{"type":"Feature","id":"CTAMAP-2020-COUNTY-1378","properties":{"map_level":"county","source_name":"勉县","source_code":"610725","county_type":"县","prefecture_name":"汉中市","prefecture_code":"610700","prefecture_type":"地级市","parent_entity_id":"CNUR-000295","parent_year_end_name":"汉中市","province_name":"陕西省","province_code":"610000","snapshot_year":2020,"panel_year":2019,"link_status":"parent_linked","former_name":"","note":""},"geometry":{"type":"Polygon","coordinates":[[[106.8749,33.30126],[106.86149,33.26387],[106.92803,33.25065],[106.95989,33.22751],[106.91913,33.1225],[106.93138,33.10942],[106.90909,33.1287],[106.89644,33.11297],[106.77438,33.08511],[106.75037,33.05262],[106.72825,33.04771],[106.75479,33.03784],[106.71322,32.99821],[106.72579,32.9816],[106.71102,32.95993],[106.73567,32.95129],[106.71495,32.90593],[106.65416,32.89391],[106.63557,32.91472],[106.60025,32.91988],[106.52206,32.89564],[106.50556,32.91154],[106.5061,32.94214],[106.5475,32.96152],[106.55063,32.98076],[106.58047,32.9943],[106.57483,33.00452],[106.53365,33.00279],[106.53231,33.02266],[106.47105,33.01803],[106.43421,33.06679],[106.36476,33.05019],[106.34372,33.07557],[106.36337,33.06928],[106.35658,33.0908],[106.37288,33.09926],[106.35525,33.11415],[106.37748,33.14944],[106.44267,33.16011],[106.45738,33.18859],[106.44801,33.20796],[106.4683,33.20373],[106.46708,33.2205],[106.48869,33.22071],[106.45966,33.24384],[106.45422,33.27347],[106.51708,33.36626],[106.46544,33.5265],[106.48806,33.5408],[106.51025,33.51513],[106.53927,33.51957],[106.55842,33.54608],[106.54842,33.57887],[106.61561,33.59418],[106.63496,33.63562],[106.68018,33.60115],[106.65002,33.51027],[106.65849,33.48718],[106.78143,33.53681],[106.7965,33.4871],[106.84015,33.44919],[106.80906,33.4347],[106.87428,33.36728],[106.85722,33.345],[106.8749,33.30126]]]}},{"type":"Feature","id":"CTAMAP-2020-COUNTY-1452","properties":{"map_level":"county","source_name":"南郑区","source_code":"610703","county_type":"市辖区","prefecture_name":"汉中市","prefecture_code":"610700","prefecture_type":"地级市","parent_entity_id":"CNUR-000295","parent_year_end_name":"汉中市","province_name":"陕西省","province_code":"610000","snapshot_year":2020,"panel_year":2019,"link_status":"parent_linked","former_name":"南郑县","note":"2017年撤销南郑县，设立南郑区"},"geometry":{"type":"Polygon","coordinates":[[[106.90909,33.1287],[106.97582,33.0843],[106.99621,33.05211],[107.03876,33.05516],[107.07471,33.0275],[107.10575,33.06427],[107.13943,33.06444],[107.17267,33.10809],[107.19162,33.11074],[107.17421,33.05383],[107.18761,33.03282],[107.13972,32.98652],[107.14821,32.96223],[107.17304,32.95148],[107.13057,32.92655],[107.1392,32.91008],[107.12375,32.88933],[107.17576,32.92137],[107.18311,32.90711],[107.15143,32.88308],[107.17111,32.86372],[107.15897,32.8532],[107.16917,32.82778],[107.21262,32.78566],[107.25935,32.78505],[107.26,32.75644],[107.29336,32.76708],[107.31045,32.75575],[107.3047,32.72927],[107.26782,32.71801],[107.25754,32.68765],[107.28065,32.68003],[107.29895,32.64577],[107.34753,32.63769],[107.34726,32.57075],[107.37308,32.55111],[107.3422,32.5127],[107.29429,32.49036],[107.27584,32.46526],[107.27474,32.42471],[107.26017,32.42283],[107.26649,32.40656],[107.19911,32.44092],[107.19715,32.46211],[107.17019,32.48277],[107.12245,32.48052],[107.11512,32.51298],[107.06525,32.53368],[107.10077,32.59472],[107.08545,32.62551],[107.08835,32.66902],[107.06178,32.67359],[107.06233,32.70963],[107.04696,32.71721],[107.02737,32.7118],[107.00399,32.73073],[106.98554,32.71312],[106.91186,32.7053],[106.89437,32.72588],[106.8613,32.72728],[106.81897,32.70667],[106.79057,32.7132],[106.78111,32.69904],[106.77743,32.73902],[106.72765,32.74088],[106.65884,32.69128],[106.58488,32.69088],[106.52794,32.67226],[106.5189,32.70694],[106.55264,32.75133],[106.51407,32.79984],[106.504,32.88279],[106.60025,32.91988],[106.63557,32.91472],[106.65416,32.89391],[106.71495,32.90593],[106.73567,32.95129],[106.71102,32.95993],[106.72579,32.9816],[106.71322,32.99821],[106.75479,33.03784],[106.72825,33.04771],[106.75037,33.05262],[106.77438,33.08511],[106.89644,33.11297],[106.90909,33.1287]]]}},{"type":"Feature","id":"CTAMAP-2020-COUNTY-1480","properties":{"map_level":"county","source_name":"宁强县","source_code":"610726","county_type":"县","prefecture_name":"汉中市","prefecture_code":"610700","prefecture_type":"地级市","parent_entity_id":"CNUR-000295","parent_year_end_name":"汉中市","province_name":"陕西省","province_code":"610000","snapshot_year":2020,"panel_year":2019,"link_status":"parent_linked","former_name":"","note":""},"geometry":{"type":"Polygon","coordinates":[[[106.37219,33.1432],[106.35525,33.11415],[106.37288,33.09926],[106.35658,33.0908],[106.36337,33.06928],[106.34369,33.07587],[106.36476,33.05019],[106.4306,33.06777],[106.47105,33.01803],[106.53231,33.02266],[106.53365,33.00279],[106.58043,32.99608],[106.5061,32.94214],[106.50556,32.91154],[106.52354,32.89499],[106.5032,32.88143],[106.51759,32.84226],[106.50588,32.82292],[106.52786,32.76915],[106.55264,32.75133],[106.5189,32.70694],[106.52853,32.67314],[106.4941,32.65153],[106.45303,32.65812],[106.41792,32.61911],[106.39126,32.623],[106.34445,32.6735],[106.26879,32.67291],[106.25409,32.69687],[106.17786,32.69554],[106.10873,32.72262],[106.05837,32.77549],[106.09657,32.79492],[106.08938,32.82549],[106.06609,32.82601],[106.03867,32.86708],[106.00704,32.83174],[105.96169,32.85179],[105.92881,32.82937],[105.82337,32.82676],[105.81976,32.77157],[105.79351,32.75649],[105.74501,32.76968],[105.63848,32.71126],[105.59305,32.70231],[105.58389,32.73122],[105.55464,32.73469],[105.56595,32.76388],[105.55247,32.79713],[105.53208,32.79381],[105.52074,32.84968],[105.48831,32.88491],[105.50602,32.92053],[105.56116,32.91019],[105.5887,32.88076],[105.70236,32.91532],[105.7257,32.90657],[105.8199,32.95913],[105.86367,32.94662],[105.91622,32.99691],[105.92597,33.0276],[105.90805,33.05598],[105.9287,33.07841],[105.9141,33.10738],[105.93417,33.12079],[105.90574,33.13261],[105.92432,33.14999],[105.90289,33.139],[105.89099,33.14848],[105.92179,33.16967],[105.92335,33.15343],[105.98354,33.15706],[105.99899,33.11102],[106.04782,33.1105],[106.0392,33.12223],[106.09927,33.1396],[106.15058,33.18667],[106.24158,33.21189],[106.32895,33.18202],[106.37219,33.1432]]]}},{"type":"Feature","id":"CTAMAP-2020-COUNTY-1481","properties":{"map_level":"county","source_name":"宁陕县","source_code":"610923","county_type":"县","prefecture_name":"安康市","prefecture_code":"610900","prefecture_type":"地级市","parent_entity_id":"CNUR-000297","parent_year_end_name":"安康市","province_name":"陕西省","province_code":"610000","snapshot_year":2020,"panel_year":2019,"link_status":"parent_linked","former_name":"","note":""},"geometry":{"type":"Polygon","coordinates":[[[108.64583,33.84266],[108.75122,33.84039],[108.75141,33.81365],[108.77338,33.80139],[108.82736,33.82102],[108.83034,33.78003],[108.90592,33.7822],[108.94571,33.7435],[108.92217,33.67986],[108.87971,33.70011],[108.83764,33.65674],[108.78659,33.65323],[108.82365,33.6182],[108.79923,33.60532],[108.76257,33.54698],[108.74211,33.5459],[108.73422,33.52874],[108.63871,33.54925],[108.63409,33.50367],[108.58141,33.45919],[108.60084,33.40902],[108.57585,33.38208],[108.57188,33.30123],[108.6593,33.31876],[108.69719,33.28758],[108.60678,33.24082],[108.60141,33.21025],[108.58096,33.20298],[108.64178,33.15419],[108.55827,33.15222],[108.47517,33.12106],[108.42214,33.1479],[108.4485,33.15248],[108.43847,33.19789],[108.39661,33.21487],[108.39856,33.23325],[108.36905,33.24285],[108.33884,33.22278],[108.20057,33.26435],[108.22012,33.29082],[108.19809,33.33499],[108.15734,33.31177],[108.11204,33.31995],[108.06927,33.30489],[108.06285,33.32579],[108.05811,33.3056],[108.0421,33.31101],[108.04336,33.33781],[108.09751,33.38166],[108.08462,33.40394],[108.11342,33.41858],[108.13628,33.40482],[108.16187,33.44342],[108.14975,33.46831],[108.05714,33.50921],[108.06546,33.59345],[108.05049,33.62306],[108.05067,33.71068],[108.0776,33.72667],[108.17614,33.71277],[108.18726,33.72723],[108.23479,33.72996],[108.27861,33.76846],[108.30555,33.76441],[108.34169,33.79512],[108.36654,33.79444],[108.4062,33.76428],[108.4842,33.80545],[108.58144,33.76566],[108.61223,33.82811],[108.64583,33.84266]]]}},{"type":"Feature","id":"CTAMAP-2020-COUNTY-1523","properties":{"map_level":"county","source_name":"平利县","source_code":"610926","county_type":"县","prefecture_name":"安康市","prefecture_code":"610900","prefecture_type":"地级市","parent_entity_id":"CNUR-000297","parent_year_end_name":"安康市","province_name":"陕西省","province_code":"610000","snapshot_year":2020,"panel_year":2019,"link_status":"parent_linked","former_name":"","note":""},"geometry":{"type":"Polygon","coordinates":[[[109.37983,32.57765],[109.45175,32.53258],[109.45826,32.50564],[109.5493,32.47858],[109.52167,32.43326],[109.52521,32.40094],[109.49639,32.39282],[109.51349,32.33777],[109.48622,32.29025],[109.51181,32.28539],[109.55476,32.22114],[109.50381,32.18727],[109.44358,32.18121],[109.42067,32.16267],[109.39225,32.17242],[109.37138,32.14239],[109.32002,32.13198],[109.3333,32.05484],[109.35876,32.01889],[109.33465,31.97783],[109.35197,31.93481],[109.28623,31.94545],[109.27029,31.90301],[109.22228,31.89748],[109.21132,31.88465],[109.2274,31.86419],[109.19558,31.84624],[109.11665,31.89557],[109.06317,31.95369],[109.07913,31.96227],[109.09299,32.01736],[109.06304,32.04477],[109.08248,32.14396],[109.17477,32.20806],[109.17369,32.22665],[109.08847,32.2334],[109.09772,32.25119],[109.08011,32.26584],[109.08314,32.33083],[109.04126,32.37347],[108.98734,32.3725],[108.99903,32.44719],[108.98227,32.46105],[109.00922,32.46162],[109.01139,32.50161],[109.05038,32.5279],[109.0674,32.52931],[109.07512,32.51075],[109.09748,32.52899],[109.10823,32.59704],[109.14853,32.58784],[109.1793,32.62779],[109.19424,32.62635],[109.20685,32.59338],[109.30613,32.60561],[109.3466,32.5755],[109.37983,32.57765]]]}},{"type":"Feature","id":"CTAMAP-2020-COUNTY-1551","properties":{"map_level":"county","source_name":"蒲城县","source_code":"610526","county_type":"县","prefecture_name":"渭南市","prefecture_code":"610500","prefecture_type":"地级市","parent_entity_id":"CNUR-000293","parent_year_end_name":"渭南市","province_name":"陕西省","province_code":"610000","snapshot_year":2020,"panel_year":2019,"link_status":"parent_linked","former_name":"","note":""},"geometry":{"type":"Polygon","coordinates":[[[109.91518,34.93277],[109.89768,34.91503],[109.82981,34.93266],[109.7929,34.91701],[109.79517,34.902],[109.77223,34.9064],[109.71921,34.86563],[109.77934,34.83717],[109.78454,34.80748],[109.71791,34.77364],[109.64103,34.78696],[109.62459,34.76707],[109.60356,34.76809],[109.60784,34.75171],[109.55842,34.75731],[109.49037,34.79134],[109.40425,34.76411],[109.39229,34.82432],[109.33782,34.85477],[109.34441,34.89426],[109.37656,34.90694],[109.38461,34.94107],[109.40026,34.94284],[109.39208,34.95357],[109.43921,34.97606],[109.42102,35.07046],[109.43972,35.08974],[109.43546,35.13966],[109.48866,35.1648],[109.57131,35.15915],[109.57164,35.13948],[109.5907,35.14454],[109.60363,35.12618],[109.62474,35.15364],[109.63631,35.14142],[109.67968,35.144],[109.6777,35.10731],[109.71536,35.09473],[109.70236,35.08584],[109.71808,35.06205],[109.76227,35.10574],[109.75054,35.15257],[109.76218,35.17346],[109.81387,35.15697],[109.84463,35.09181],[109.85861,35.12323],[109.89267,35.10808],[109.86411,35.0943],[109.86128,35.07062],[109.83366,35.06862],[109.83167,35.03083],[109.87848,35.04974],[109.91245,35.045],[109.91337,35.01528],[109.88493,34.96049],[109.91518,34.93277]]]}},{"type":"Feature","id":"CTAMAP-2020-COUNTY-1577","properties":{"map_level":"county","source_name":"岐山县","source_code":"610323","county_type":"县","prefecture_name":"宝鸡市","prefecture_code":"610300","prefecture_type":"地级市","parent_entity_id":"CNUR-000291","parent_year_end_name":"宝鸡市","province_name":"陕西省","province_code":"610000","snapshot_year":2020,"panel_year":2019,"link_status":"parent_linked","former_name":"","note":""},"geometry":{"type":"Polygon","coordinates":[[[107.81181,34.58136],[107.83042,34.5019],[107.83197,34.51749],[107.8437,34.50424],[107.84141,34.46091],[107.8767,34.42199],[107.87451,34.40491],[107.84125,34.39169],[107.82269,34.40802],[107.78501,34.40657],[107.76107,34.37835],[107.75392,34.31777],[107.68377,34.32247],[107.67704,34.30564],[107.65874,34.30554],[107.65303,34.28526],[107.68159,34.22948],[107.63552,34.13835],[107.58998,34.13383],[107.57868,34.16609],[107.53569,34.1491],[107.54021,34.21499],[107.57363,34.24864],[107.58372,34.29795],[107.57725,34.34224],[107.56339,34.34741],[107.57134,34.3601],[107.55168,34.38043],[107.58082,34.45677],[107.56774,34.49384],[107.61376,34.52916],[107.62155,34.56036],[107.57492,34.58746],[107.64953,34.61557],[107.68834,34.58399],[107.72374,34.61061],[107.72902,34.58922],[107.81181,34.58136]]]}},{"type":"Feature","id":"CTAMAP-2020-COUNTY-1587","properties":{"map_level":"county","source_name":"千阳县","source_code":"610328","county_type":"县","prefecture_name":"宝鸡市","prefecture_code":"610300","prefecture_type":"地级市","parent_entity_id":"CNUR-000291","parent_year_end_name":"宝鸡市","province_name":"陕西省","province_code":"610000","snapshot_year":2020,"panel_year":2019,"link_status":"parent_linked","former_name":"","note":""},"geometry":{"type":"Polygon","coordinates":[[[107.33761,34.94147],[107.37649,34.87642],[107.35358,34.84609],[107.35907,34.79837],[107.33446,34.78524],[107.34402,34.77204],[107.3263,34.74525],[107.30104,34.74592],[107.31094,34.72728],[107.28754,34.71188],[107.27971,34.6691],[107.23377,34.60876],[107.1994,34.59516],[107.2031,34.56471],[107.16485,34.56257],[107.14709,34.58621],[107.11898,34.56495],[107.04965,34.63019],[107.00966,34.64079],[106.95848,34.70207],[106.96641,34.71174],[106.94454,34.72137],[106.97329,34.77099],[107.0305,34.79038],[107.05296,34.8331],[107.0444,34.85724],[107.05749,34.90514],[107.11576,34.90345],[107.1084,34.91809],[107.13691,34.94881],[107.17155,34.93597],[107.18945,34.88126],[107.24794,34.88337],[107.29141,34.94462],[107.33761,34.94147]]]}},{"type":"Feature","id":"CTAMAP-2020-COUNTY-1595","properties":{"map_level":"county","source_name":"乾县","source_code":"610424","county_type":"县","prefecture_name":"咸阳市","prefecture_code":"610400","prefecture_type":"地级市","parent_entity_id":"CNUR-000292","parent_year_end_name":"咸阳市","province_name":"陕西省","province_code":"610000","snapshot_year":2020,"panel_year":2019,"link_status":"parent_linked","former_name":"","note":""},"geometry":{"type":"Polygon","coordinates":[[[108.30425,34.72796],[108.30881,34.68988],[108.32544,34.69344],[108.33581,34.66425],[108.32617,34.58815],[108.35236,34.56557],[108.35469,34.53531],[108.40131,34.52357],[108.39162,34.49674],[108.40203,34.47702],[108.36547,34.44159],[108.39106,34.42732],[108.37266,34.40277],[108.38307,34.37797],[108.36155,34.3664],[108.37162,34.33114],[108.3012,34.34617],[108.30264,34.36096],[108.32308,34.35485],[108.30174,34.36901],[108.25884,34.35891],[108.22677,34.3707],[108.20686,34.34764],[108.19411,34.34827],[108.19323,34.36796],[108.18262,34.35081],[108.15553,34.35512],[108.15749,34.3745],[108.11495,34.37186],[108.12003,34.39042],[108.09615,34.40967],[108.10835,34.44276],[108.08507,34.42497],[108.05259,34.43841],[108.03989,34.42455],[108.0106,34.4313],[108.01017,34.47559],[108.02365,34.48292],[108.01369,34.48927],[108.06395,34.57241],[108.06679,34.54862],[108.13279,34.5348],[108.12586,34.56001],[108.15285,34.57818],[108.104,34.6319],[108.0415,34.61478],[108.02021,34.66268],[108.03056,34.68505],[108.08193,34.6681],[108.09064,34.68433],[108.09236,34.66111],[108.11352,34.67076],[108.12084,34.65125],[108.22279,34.67515],[108.21322,34.71414],[108.27196,34.74075],[108.27144,34.7539],[108.30425,34.72796]]]}},{"type":"Feature","id":"CTAMAP-2020-COUNTY-1608","properties":{"map_level":"county","source_name":"秦都区","source_code":"610402","county_type":"市辖区","prefecture_name":"咸阳市","prefecture_code":"610400","prefecture_type":"地级市","parent_entity_id":"CNUR-000292","parent_year_end_name":"咸阳市","province_name":"陕西省","province_code":"610000","snapshot_year":2020,"panel_year":2019,"link_status":"parent_linked","former_name":"","note":""},"geometry":{"type":"Polygon","coordinates":[[[108.67009,34.46247],[108.70667,34.43397],[108.69298,34.42348],[108.70102,34.40976],[108.67312,34.40478],[108.67321,34.35855],[108.70666,34.352],[108.72111,34.32942],[108.79724,34.36276],[108.79141,34.29778],[108.75042,34.29956],[108.74317,34.27707],[108.6946,34.27497],[108.68384,34.23885],[108.65018,34.27098],[108.62189,34.25884],[108.59797,34.32284],[108.61749,34.33019],[108.62126,34.35075],[108.57907,34.36879],[108.58177,34.3885],[108.56017,34.40713],[108.5664,34.43872],[108.59662,34.41935],[108.61586,34.42812],[108.59709,34.44327],[108.6168,34.453],[108.60339,34.47457],[108.61332,34.48684],[108.64,34.48925],[108.64302,34.46291],[108.67009,34.46247]]]}},{"type":"Feature","id":"CTAMAP-2020-COUNTY-1637","properties":{"map_level":"county","source_name":"清涧县","source_code":"610830","county_type":"县","prefecture_name":"榆林市","prefecture_code":"610800","prefecture_type":"地级市","parent_entity_id":"CNUR-000296","parent_year_end_name":"榆林市","province_name":"陕西省","province_code":"610000","snapshot_year":2020,"panel_year":2019,"link_status":"parent_linked","former_name":"","note":""},"geometry":{"type":"Polygon","coordinates":[[[110.64905,37.27327],[110.62744,37.23209],[110.53207,37.14274],[110.52628,37.10799],[110.45368,37.04373],[110.41301,37.0349],[110.44309,37.00927],[110.37285,37.01846],[110.41384,36.97263],[110.36057,36.94289],[110.33282,36.98622],[110.29218,36.95863],[110.26563,36.96356],[110.27368,36.99306],[110.20632,37.01522],[110.11259,36.96871],[110.02207,37.03362],[110.00663,37.09343],[110.0228,37.13996],[110.01067,37.14834],[109.97908,37.13026],[109.96273,37.15566],[109.98494,37.17365],[109.95178,37.20803],[109.96922,37.21584],[109.98884,37.19673],[110.00856,37.20627],[110.0192,37.23518],[110.00974,37.27051],[110.05144,37.27353],[110.10104,37.38597],[110.13369,37.38344],[110.15626,37.40965],[110.18349,37.38498],[110.25752,37.41514],[110.28968,37.40467],[110.29823,37.38514],[110.26687,37.34056],[110.26592,37.31338],[110.33119,37.34127],[110.40647,37.30041],[110.50215,37.30231],[110.51818,37.27648],[110.58068,37.32121],[110.55856,37.3186],[110.55462,37.33643],[110.58461,37.34005],[110.59738,37.30726],[110.63019,37.31044],[110.64905,37.27327]]]}},{"type":"Feature","id":"CTAMAP-2020-COUNTY-1723","properties":{"map_level":"county","source_name":"三原县","source_code":"610422","county_type":"县","prefecture_name":"咸阳市","prefecture_code":"610400","prefecture_type":"地级市","parent_entity_id":"CNUR-000292","parent_year_end_name":"咸阳市","province_name":"陕西省","province_code":"610000","snapshot_year":2020,"panel_year":2019,"link_status":"parent_linked","former_name":"","note":""},"geometry":{"type":"Polygon","coordinates":[[[108.97154,34.82521],[109.03834,34.76593],[109.02674,34.72582],[109.04074,34.69033],[109.06759,34.71738],[109.08517,34.70191],[109.1749,34.70238],[109.15014,34.64588],[109.12679,34.63211],[109.13322,34.5844],[109.0983,34.57715],[109.04784,34.59448],[108.95081,34.56407],[108.93679,34.58621],[108.89925,34.57901],[108.87139,34.62694],[108.87736,34.66704],[108.91331,34.66792],[108.91154,34.70484],[108.8924,34.71535],[108.88844,34.7005],[108.86063,34.7089],[108.85681,34.69846],[108.8461,34.71615],[108.7788,34.74047],[108.77335,34.79068],[108.81963,34.79788],[108.84961,34.82077],[108.89643,34.80952],[108.8948,34.82803],[108.93044,34.83729],[108.97154,34.82521]]]}},{"type":"Feature","id":"CTAMAP-2020-COUNTY-1745","properties":{"map_level":"county","source_name":"山阳县","source_code":"611024","county_type":"县","prefecture_name":"商洛市","prefecture_code":"611000","prefecture_type":"地级市","parent_entity_id":"CNUR-000298","parent_year_end_name":"商洛市","province_name":"陕西省","province_code":"610000","snapshot_year":2020,"panel_year":2019,"link_status":"parent_linked","former_name":"","note":""},"geometry":{"type":"Polygon","coordinates":[[[110.02266,33.70601],[110.16274,33.64432],[110.15341,33.58872],[110.17243,33.5518],[110.20349,33.54241],[110.2125,33.51363],[110.23697,33.5157],[110.23941,33.48847],[110.27195,33.45061],[110.29203,33.49197],[110.30798,33.45575],[110.31044,33.36899],[110.34826,33.39786],[110.3509,33.3677],[110.39331,33.38402],[110.40689,33.36402],[110.47554,33.35971],[110.46681,33.34436],[110.455,33.3555],[110.45082,33.27853],[110.40167,33.2624],[110.4119,33.25041],[110.45909,33.26051],[110.45753,33.24262],[110.48994,33.20609],[110.46689,33.17478],[110.36525,33.18685],[110.33664,33.17587],[110.33387,33.16014],[110.28084,33.1723],[110.22587,33.1601],[110.15766,33.21275],[110.06434,33.20766],[110.04913,33.19362],[110.00728,33.21063],[109.97757,33.20089],[109.86475,33.25026],[109.7068,33.23473],[109.69455,33.25812],[109.65206,33.24816],[109.63918,33.27039],[109.57541,33.28732],[109.57324,33.33987],[109.54703,33.34149],[109.53985,33.36499],[109.55619,33.36047],[109.57122,33.38246],[109.57041,33.39386],[109.5422,33.39232],[109.55739,33.42734],[109.58334,33.44276],[109.57878,33.46813],[109.6055,33.47602],[109.5524,33.5429],[109.58284,33.57723],[109.56,33.63585],[109.59585,33.67475],[109.76518,33.70379],[109.78547,33.66952],[109.81756,33.67115],[109.82421,33.63844],[109.85697,33.63939],[109.85684,33.65791],[109.90176,33.63748],[109.94295,33.69879],[110.02266,33.70601]]]}},{"type":"Feature","id":"CTAMAP-2020-COUNTY-1752","properties":{"map_level":"county","source_name":"商南县","source_code":"611023","county_type":"县","prefecture_name":"商洛市","prefecture_code":"611000","prefecture_type":"地级市","parent_entity_id":"CNUR-000298","parent_year_end_name":"商洛市","province_name":"陕西省","province_code":"610000","snapshot_year":2020,"panel_year":2019,"link_status":"parent_linked","former_name":"","note":""},"geometry":{"type":"Polygon","coordinates":[[[110.81111,33.74017],[110.83226,33.66706],[110.87447,33.63303],[110.96819,33.60629],[111.0003,33.5762],[110.99658,33.53506],[111.02679,33.48532],[111.00781,33.43777],[110.99092,33.43654],[111.03147,33.37069],[111.02011,33.35448],[111.02937,33.33507],[111.00578,33.32773],[110.97549,33.27185],[110.98825,33.25396],[110.96262,33.26057],[110.914,33.20398],[110.87006,33.21656],[110.82322,33.20386],[110.80931,33.17419],[110.81726,33.15577],[110.73402,33.14207],[110.705,33.09597],[110.64973,33.16309],[110.62531,33.14395],[110.58895,33.15712],[110.59022,33.21361],[110.55829,33.25414],[110.52851,33.25777],[110.52652,33.23135],[110.50895,33.23691],[110.48899,33.20979],[110.45753,33.24262],[110.4589,33.2607],[110.4119,33.25041],[110.40167,33.2624],[110.44851,33.27689],[110.45961,33.29652],[110.44704,33.30685],[110.455,33.3555],[110.46709,33.34442],[110.47939,33.37073],[110.46587,33.41304],[110.47708,33.47206],[110.51658,33.50529],[110.5314,33.48568],[110.56698,33.50677],[110.59627,33.48132],[110.63776,33.48896],[110.64928,33.52709],[110.67137,33.51334],[110.69308,33.52443],[110.69516,33.53711],[110.65107,33.54084],[110.69061,33.56138],[110.65289,33.58857],[110.68637,33.61378],[110.66133,33.65155],[110.68316,33.65884],[110.67353,33.67095],[110.68737,33.70653],[110.71622,33.7379],[110.81111,33.74017]]]}},{"type":"Feature","id":"CTAMAP-2020-COUNTY-1754","properties":{"map_level":"county","source_name":"商州区","source_code":"611002","county_type":"市辖区","prefecture_name":"商洛市","prefecture_code":"611000","prefecture_type":"地级市","parent_entity_id":"CNUR-000298","parent_year_end_name":"商洛市","province_name":"陕西省","province_code":"610000","snapshot_year":2020,"panel_year":2019,"link_status":"parent_linked","former_name":"","note":""},"geometry":{"type":"Polygon","coordinates":[[[110.24714,33.89989],[110.21484,33.85944],[110.21853,33.82741],[110.17425,33.81325],[110.18925,33.77722],[110.15718,33.67889],[110.12315,33.65929],[110.02296,33.70598],[109.95396,33.70087],[109.90176,33.63748],[109.85684,33.65791],[109.85697,33.63939],[109.82421,33.63844],[109.81756,33.67115],[109.78547,33.66952],[109.76518,33.70379],[109.59293,33.67166],[109.58003,33.6953],[109.58575,33.75473],[109.57026,33.7595],[109.59281,33.78663],[109.58514,33.8002],[109.52043,33.81061],[109.50184,33.84902],[109.59119,33.9024],[109.60129,33.94131],[109.52813,33.98235],[109.5559,34.03438],[109.54854,34.05129],[109.57778,34.07358],[109.62785,34.07327],[109.65328,34.10206],[109.69565,34.11179],[109.733,34.098],[109.73923,34.12493],[109.77803,34.16226],[109.7852,34.14685],[109.81945,34.14857],[109.80523,34.17009],[109.82178,34.18635],[109.94048,34.14597],[109.96463,34.09656],[110.00275,34.07358],[110.01844,34.0394],[110.01271,34.00757],[110.05861,33.95711],[110.07721,33.94949],[110.09537,33.973],[110.15116,33.99002],[110.20973,33.96745],[110.2303,33.97958],[110.24184,33.95302],[110.22896,33.93173],[110.24714,33.89989]]]}},{"type":"Feature","id":"CTAMAP-2020-COUNTY-1783","properties":{"map_level":"county","source_name":"神木市","source_code":"610881","county_type":"县级市","prefecture_name":"榆林市","prefecture_code":"610800","prefecture_type":"地级市","parent_entity_id":"CNUR-000296","parent_year_end_name":"榆林市","province_name":"陕西省","province_code":"610000","snapshot_year":2020,"panel_year":2019,"link_status":"parent_linked","former_name":"神木县","note":"2017年撤销神木县，设立神木市"},"geometry":{"type":"MultiPolygon","coordinates":[[[[110.38005,39.30912],[110.40516,39.20623],[110.47166,39.18929],[110.53803,39.10403],[110.66205,39.02559],[110.64653,38.98458],[110.68801,38.92803],[110.74092,38.89488],[110.77436,38.90415],[110.83161,38.87446],[110.85077,38.83949],[110.82799,38.82434],[110.84775,38.77773],[110.825,38.75825],[110.91898,38.71042],[110.90483,38.69477],[110.90962,38.67023],[110.87318,38.62147],[110.89086,38.58829],[110.91511,38.57829],[110.90154,38.52046],[110.86405,38.50882],[110.87094,38.45604],[110.83896,38.43877],[110.78207,38.45003],[110.74059,38.36589],[110.65132,38.30689],[110.57775,38.30322],[110.55018,38.20979],[110.51794,38.20807],[110.51255,38.22842],[110.47539,38.23993],[110.47136,38.29505],[110.37536,38.4076],[110.37368,38.42929],[110.32957,38.46565],[110.33487,38.50426],[110.19225,38.50426],[110.17642,38.53138],[110.10131,38.55096],[110.12249,38.58827],[109.95935,38.61749],[109.92078,38.59905],[109.85609,38.65598],[109.74783,38.71419],[109.7393,38.72854],[109.76308,38.76117],[109.80112,38.77017],[109.85114,38.75663],[109.86863,38.7679],[109.85627,38.79218],[109.6686,38.92123],[109.68107,38.96118],[109.65722,38.98172],[109.66744,38.99773],[109.68635,38.98862],[109.69804,39.01845],[109.72126,39.01871],[109.85131,39.12302],[109.87981,39.10272],[109.91634,39.10345],[109.8914,39.14524],[109.95493,39.19102],[109.86539,39.24174],[109.87764,39.26371],[109.90084,39.27043],[109.95647,39.2115],[109.99209,39.20783],[110.20984,39.28151],[110.1716,39.36753],[110.12223,39.40923],[110.13048,39.45171],[110.26942,39.42516],[110.26341,39.40046],[110.38005,39.30912]]],[[[109.81206,38.62771],[109.79372,38.65355],[109.81622,38.66481],[109.83233,38.65245],[109.81206,38.62771]]]]}},{"type":"Feature","id":"CTAMAP-2020-COUNTY-1808","properties":{"map_level":"county","source_name":"石泉县","source_code":"610922","county_type":"县","prefecture_name":"安康市","prefecture_code":"610900","prefecture_type":"地级市","parent_entity_id":"CNUR-000297","parent_year_end_name":"安康市","province_name":"陕西省","province_code":"610000","snapshot_year":2020,"panel_year":2019,"link_status":"parent_linked","former_name":"","note":""},"geometry":{"type":"Polygon","coordinates":[[[108.47861,33.12107],[108.42004,33.04618],[108.41624,32.98682],[108.37967,32.97273],[108.35318,32.87856],[108.31305,32.82126],[108.28223,32.83041],[108.24871,32.79445],[108.20771,32.82076],[108.20501,32.79267],[108.17719,32.7637],[108.14723,32.76907],[108.14588,32.78409],[108.12076,32.77514],[108.12544,32.81103],[108.10586,32.82307],[108.09076,32.87461],[108.06409,32.88141],[108.078,32.91557],[108.11705,32.93814],[108.11964,32.98927],[108.1389,33.00402],[108.08573,33.08526],[108.10143,33.11464],[108.08442,33.17783],[108.10556,33.19164],[108.10505,33.20983],[108.06985,33.19948],[108.07175,33.21486],[108.01599,33.26082],[108.05825,33.30578],[108.05411,33.32309],[108.07451,33.30454],[108.11204,33.31995],[108.15734,33.31177],[108.19809,33.33499],[108.22012,33.29082],[108.20057,33.26435],[108.33884,33.22278],[108.36905,33.24285],[108.39856,33.23325],[108.39661,33.21487],[108.43847,33.19789],[108.4485,33.15248],[108.42214,33.1479],[108.47861,33.12107]]]}},{"type":"Feature","id":"CTAMAP-2020-COUNTY-1885","properties":{"map_level":"county","source_name":"绥德县","source_code":"610826","county_type":"县","prefecture_name":"榆林市","prefecture_code":"610800","prefecture_type":"地级市","parent_entity_id":"CNUR-000296","parent_year_end_name":"榆林市","province_name":"陕西省","province_code":"610000","snapshot_year":2020,"panel_year":2019,"link_status":"parent_linked","former_name":"","note":""},"geometry":{"type":"Polygon","coordinates":[[[110.5402,37.7173],[110.56793,37.64023],[110.59477,37.64605],[110.61894,37.62556],[110.59176,37.61285],[110.62661,37.53526],[110.62136,37.51682],[110.64339,37.49364],[110.61104,37.4746],[110.6565,37.44445],[110.63719,37.43149],[110.62516,37.37605],[110.64129,37.35691],[110.69433,37.34733],[110.67238,37.31519],[110.68167,37.28232],[110.63845,37.27568],[110.63685,37.30353],[110.60083,37.30451],[110.58461,37.34005],[110.55462,37.33643],[110.55856,37.3186],[110.58068,37.32121],[110.51818,37.27648],[110.50215,37.30231],[110.40647,37.30041],[110.33119,37.34127],[110.26592,37.31338],[110.29879,37.39022],[110.25775,37.41512],[110.18371,37.38499],[110.15181,37.40893],[110.12643,37.38616],[110.10551,37.44146],[110.11655,37.45911],[110.06902,37.47736],[110.11276,37.49945],[110.1222,37.53045],[110.09936,37.55901],[110.10515,37.6951],[110.15551,37.70539],[110.2206,37.65633],[110.25832,37.70127],[110.30141,37.69449],[110.33612,37.71398],[110.3672,37.68624],[110.40239,37.7066],[110.40678,37.73075],[110.48507,37.75365],[110.50072,37.73041],[110.5402,37.7173]]]}},{"type":"Feature","id":"CTAMAP-2020-COUNTY-1908","properties":{"map_level":"county","source_name":"太白县","source_code":"610331","county_type":"县","prefecture_name":"宝鸡市","prefecture_code":"610300","prefecture_type":"地级市","parent_entity_id":"CNUR-000291","parent_year_end_name":"宝鸡市","province_name":"陕西省","province_code":"610000","snapshot_year":2020,"panel_year":2019,"link_status":"parent_linked","former_name":"","note":""},"geometry":{"type":"Polygon","coordinates":[[[107.26344,34.17143],[107.35373,34.15433],[107.38474,34.16806],[107.44378,34.12707],[107.47051,34.14572],[107.57417,34.16605],[107.58998,34.13383],[107.63552,34.13835],[107.64321,34.15742],[107.69641,34.13381],[107.69542,34.05806],[107.71564,34.04465],[107.73798,33.98976],[107.77911,33.97937],[107.75767,33.9506],[107.71206,33.92985],[107.70129,33.83937],[107.65835,33.76931],[107.69128,33.72589],[107.67724,33.70956],[107.65469,33.70353],[107.62268,33.72086],[107.58107,33.7007],[107.55779,33.70864],[107.40155,33.64651],[107.3661,33.69077],[107.30154,33.70703],[107.29755,33.76328],[107.3372,33.81608],[107.31994,33.82186],[107.29542,33.79405],[107.27199,33.80232],[107.20595,33.7516],[107.18049,33.75449],[107.15539,33.79178],[107.12287,33.77921],[107.13025,33.81814],[107.11518,33.8102],[107.067,33.82964],[107.05965,33.91133],[107.12045,33.94884],[107.0639,33.94536],[107.12462,33.96235],[107.08496,34.0304],[107.09835,34.09168],[107.08404,34.12144],[107.0976,34.14871],[107.13116,34.16249],[107.24278,34.14465],[107.26344,34.17143]]]}},{"type":"Feature","id":"CTAMAP-2020-COUNTY-1991","properties":{"map_level":"county","source_name":"潼关县","source_code":"610522","county_type":"县","prefecture_name":"渭南市","prefecture_code":"610500","prefecture_type":"地级市","parent_entity_id":"CNUR-000293","parent_year_end_name":"渭南市","province_name":"陕西省","province_code":"610000","snapshot_year":2020,"panel_year":2019,"link_status":"parent_linked","former_name":"","note":""},"geometry":{"type":"Polygon","coordinates":[[[110.24234,34.64136],[110.29613,34.61009],[110.37169,34.60064],[110.36004,34.568],[110.39894,34.55912],[110.35682,34.53484],[110.35836,34.51106],[110.42411,34.40959],[110.27832,34.39257],[110.15987,34.43078],[110.19274,34.46523],[110.18417,34.49613],[110.21021,34.52534],[110.1862,34.57627],[110.19481,34.60635],[110.17675,34.60916],[110.16599,34.64916],[110.24234,34.64136]]]}},{"type":"Feature","id":"CTAMAP-2020-COUNTY-2020","properties":{"map_level":"county","source_name":"王益区","source_code":"610202","county_type":"市辖区","prefecture_name":"铜川市","prefecture_code":"610200","prefecture_type":"地级市","parent_entity_id":"CNUR-000290","parent_year_end_name":"铜川市","province_name":"陕西省","province_code":"610000","snapshot_year":2020,"panel_year":2019,"link_status":"parent_linked","former_name":"城区","note":"2000年撤销城区，设立王益区"},"geometry":{"type":"Polygon","coordinates":[[[109.12935,34.98744],[109.11622,34.96911],[109.09433,34.9728],[109.08923,34.95328],[108.99819,34.99434],[108.99612,35.00683],[109.00944,35.00376],[108.9924,35.02848],[109.05101,35.04653],[108.99937,35.12938],[109.02751,35.11442],[109.04237,35.12751],[109.01727,35.16418],[108.98276,35.18293],[108.95998,35.16618],[108.94826,35.18559],[108.96901,35.19848],[109.01805,35.18677],[109.07855,35.07805],[109.13878,35.09119],[109.14508,35.05465],[109.1127,35.05813],[109.08968,35.0372],[109.12399,35.02175],[109.1016,34.99991],[109.12935,34.98744]]]}},{"type":"Feature","id":"CTAMAP-2020-COUNTY-2039","properties":{"map_level":"county","source_name":"未央区","source_code":"610112","county_type":"市辖区","prefecture_name":"西安市","prefecture_code":"610100","prefecture_type":"地级市","parent_entity_id":"CNUR-000289","parent_year_end_name":"西安市","province_name":"陕西省","province_code":"610000","snapshot_year":2020,"panel_year":2019,"link_status":"parent_linked","former_name":"","note":""},"geometry":{"type":"Polygon","coordinates":[[[109.02155,34.43741],[109.00683,34.36963],[109.02338,34.32517],[109.04035,34.32507],[109.02675,34.31162],[108.99327,34.29523],[108.85293,34.29152],[108.84976,34.25671],[108.80515,34.25123],[108.81185,34.27682],[108.78646,34.2951],[108.79724,34.36276],[109.02155,34.43741]]]}},{"type":"Feature","id":"CTAMAP-2020-COUNTY-2042","properties":{"map_level":"county","source_name":"渭滨区","source_code":"610302","county_type":"市辖区","prefecture_name":"宝鸡市","prefecture_code":"610300","prefecture_type":"地级市","parent_entity_id":"CNUR-000291","parent_year_end_name":"宝鸡市","province_name":"陕西省","province_code":"610000","snapshot_year":2020,"panel_year":2019,"link_status":"parent_linked","former_name":"","note":""},"geometry":{"type":"Polygon","coordinates":[[[107.17507,34.3506],[107.30396,34.351],[107.32232,34.31657],[107.30904,34.23933],[107.29146,34.23758],[107.30918,34.22415],[107.28604,34.16703],[107.26344,34.17143],[107.24278,34.14465],[107.1054,34.15843],[107.08909,34.12176],[107.03561,34.16873],[107.02989,34.19973],[107.0121,34.20219],[107.00364,34.22583],[106.9377,34.24378],[106.93434,34.2744],[106.89723,34.2975],[106.89179,34.3238],[106.92114,34.38894],[106.94452,34.4023],[106.92099,34.4285],[106.92386,34.48221],[106.94812,34.47828],[106.95483,34.45471],[106.98847,34.43394],[107.00825,34.43659],[107.05811,34.37262],[107.16131,34.37364],[107.15333,34.36045],[107.17507,34.3506]]]}},{"type":"Feature","id":"CTAMAP-2020-COUNTY-2043","properties":{"map_level":"county","source_name":"渭城区","source_code":"610404","county_type":"市辖区","prefecture_name":"咸阳市","prefecture_code":"610400","prefecture_type":"地级市","parent_entity_id":"CNUR-000292","parent_year_end_name":"咸阳市","province_name":"陕西省","province_code":"610000","snapshot_year":2020,"panel_year":2019,"link_status":"parent_linked","former_name":"","note":""},"geometry":{"type":"Polygon","coordinates":[[[108.95195,34.44602],[108.95776,34.42149],[108.94149,34.41055],[108.72729,34.33056],[108.67321,34.35855],[108.67312,34.40478],[108.70102,34.40976],[108.69298,34.42348],[108.70656,34.42835],[108.66939,34.46463],[108.68864,34.48694],[108.76238,34.4701],[108.79482,34.48945],[108.86663,34.47002],[108.86472,34.45944],[108.95195,34.44602]]]}},{"type":"Feature","id":"CTAMAP-2020-COUNTY-2089","properties":{"map_level":"county","source_name":"吴堡县","source_code":"610829","county_type":"县","prefecture_name":"榆林市","prefecture_code":"610800","prefecture_type":"地级市","parent_entity_id":"CNUR-000296","parent_year_end_name":"榆林市","province_name":"陕西省","province_code":"610000","snapshot_year":2020,"panel_year":2019,"link_status":"parent_linked","former_name":"","note":""},"geometry":{"type":"Polygon","coordinates":[[[110.69977,37.70728],[110.791,37.66037],[110.75745,37.63564],[110.79044,37.56025],[110.76519,37.53704],[110.74247,37.45191],[110.65528,37.44013],[110.61104,37.4746],[110.64339,37.49364],[110.62136,37.51682],[110.62661,37.53526],[110.59176,37.61285],[110.61894,37.62556],[110.59477,37.64605],[110.56793,37.64023],[110.53676,37.71213],[110.54924,37.72791],[110.58621,37.70113],[110.624,37.71546],[110.6393,37.69855],[110.64074,37.71898],[110.66345,37.72046],[110.67114,37.70288],[110.69977,37.70728]]]}},{"type":"Feature","id":"CTAMAP-2020-COUNTY-2092","properties":{"map_level":"county","source_name":"吴起县","source_code":"610626","county_type":"县","prefecture_name":"延安市","prefecture_code":"610600","prefecture_type":"地级市","parent_entity_id":"CNUR-000294","parent_year_end_name":"延安市","province_name":"陕西省","province_code":"610000","snapshot_year":2020,"panel_year":2019,"link_status":"parent_linked","former_name":"","note":""},"geometry":{"type":"Polygon","coordinates":[[[108.49667,37.00113],[108.48223,36.95991],[108.50446,36.9779],[108.51333,36.94218],[108.48799,36.93656],[108.47506,36.96102],[108.45166,36.96455],[108.39139,36.89155],[108.32069,36.87643],[108.29058,36.88792],[108.28043,36.85733],[108.31139,36.78569],[108.30504,36.74955],[108.28793,36.73966],[108.26172,36.66127],[108.22593,36.65998],[108.23497,36.62036],[108.201,36.63286],[108.15395,36.55974],[108.10971,36.59309],[108.08839,36.58352],[108.07887,36.61409],[108.05337,36.59429],[107.99871,36.63398],[108.02081,36.66133],[108.00697,36.68144],[107.98122,36.67506],[107.98053,36.65191],[107.96943,36.66665],[107.9342,36.65558],[107.93574,36.70299],[107.90089,36.74518],[107.82533,36.78614],[107.79995,36.77889],[107.73251,36.81251],[107.70055,36.8038],[107.66178,36.83075],[107.72516,36.86852],[107.7208,36.91971],[107.68746,36.97647],[107.74818,37.00027],[107.67589,37.02473],[107.64932,37.0581],[107.66842,37.0673],[107.67269,37.04644],[107.6925,37.04778],[107.70602,37.06576],[107.71157,37.08553],[107.69307,37.09133],[107.69663,37.11466],[107.68074,37.13312],[107.73009,37.13663],[107.7392,37.15325],[107.71862,37.16497],[107.74542,37.17611],[107.73255,37.20315],[107.76201,37.23098],[107.81632,37.24136],[107.81235,37.21852],[107.85244,37.21551],[107.88479,37.08296],[107.9064,37.09733],[107.95312,37.08043],[107.97978,37.11288],[108.09586,37.12792],[108.1254,37.20658],[108.14706,37.18169],[108.15769,37.19995],[108.17274,37.19512],[108.16583,37.16396],[108.20722,37.16803],[108.24723,37.20722],[108.24609,37.23343],[108.2757,37.23947],[108.28223,37.25549],[108.24344,37.27646],[108.24291,37.29454],[108.20984,37.32176],[108.31216,37.35423],[108.36238,37.40581],[108.36824,37.38823],[108.39986,37.38061],[108.41231,37.40747],[108.43555,37.31799],[108.48121,37.27786],[108.44567,37.25639],[108.51075,37.23012],[108.50781,37.20189],[108.5464,37.16611],[108.52892,37.13307],[108.54864,37.08783],[108.53955,37.0424],[108.48365,37.02326],[108.49667,37.00113]]]}},{"type":"Feature","id":"CTAMAP-2020-COUNTY-2117","properties":{"map_level":"county","source_name":"武功县","source_code":"610431","county_type":"县","prefecture_name":"咸阳市","prefecture_code":"610400","prefecture_type":"地级市","parent_entity_id":"CNUR-000292","parent_year_end_name":"咸阳市","province_name":"陕西省","province_code":"610000","snapshot_year":2020,"panel_year":2019,"link_status":"parent_linked","former_name":"","note":""},"geometry":{"type":"Polygon","coordinates":[[[108.32836,34.34208],[108.30389,34.29659],[108.30557,34.20484],[108.11505,34.22386],[108.12631,34.28607],[108.09421,34.31208],[108.06082,34.3063],[108.02875,34.35401],[108.02365,34.38612],[108.03603,34.39169],[108.01306,34.43149],[108.03989,34.42455],[108.05259,34.43841],[108.08507,34.42497],[108.10835,34.44276],[108.09615,34.40967],[108.12003,34.39042],[108.11495,34.37186],[108.15749,34.3745],[108.15553,34.35512],[108.18262,34.35081],[108.19323,34.36796],[108.19411,34.34827],[108.20686,34.34764],[108.22677,34.3707],[108.25884,34.35891],[108.30174,34.36901],[108.32308,34.35485],[108.30264,34.36096],[108.3012,34.34617],[108.32836,34.34208]]]}},{"type":"Feature","id":"CTAMAP-2020-COUNTY-2168","properties":{"map_level":"county","source_name":"西乡县","source_code":"610724","county_type":"县","prefecture_name":"汉中市","prefecture_code":"610700","prefecture_type":"地级市","parent_entity_id":"CNUR-000295","parent_year_end_name":"汉中市","province_name":"陕西省","province_code":"610000","snapshot_year":2020,"panel_year":2019,"link_status":"parent_linked","former_name":"","note":""},"geometry":{"type":"Polygon","coordinates":[[[108.18508,32.76837],[108.22911,32.72958],[108.23435,32.70626],[108.17857,32.68843],[108.18136,32.66079],[108.14718,32.674],[108.10206,32.64214],[108.01785,32.75644],[108.0023,32.84162],[107.95997,32.83354],[107.94977,32.80874],[107.92399,32.81326],[107.92892,32.78383],[107.89133,32.75494],[107.85144,32.77495],[107.75466,32.76051],[107.75229,32.79949],[107.72246,32.82633],[107.68959,32.81152],[107.67051,32.75017],[107.62942,32.72879],[107.62128,32.6981],[107.55432,32.66937],[107.54777,32.63636],[107.52771,32.63471],[107.51661,32.60883],[107.48568,32.60895],[107.49322,32.56056],[107.42299,32.53781],[107.36201,32.55025],[107.34424,32.58523],[107.34753,32.63769],[107.29895,32.64577],[107.28065,32.68003],[107.25754,32.68765],[107.26782,32.71801],[107.3047,32.72927],[107.31376,32.75929],[107.38151,32.75326],[107.395,32.76923],[107.37869,32.78464],[107.38895,32.82201],[107.35243,32.84777],[107.33746,32.90023],[107.31183,32.91053],[107.35943,32.9654],[107.38781,32.97549],[107.40589,32.93256],[107.41929,32.93135],[107.45943,32.95808],[107.46574,33.02098],[107.50295,33.04398],[107.57289,33.04349],[107.63729,33.08606],[107.70176,33.07129],[107.75614,33.12097],[107.80064,33.1278],[107.82805,33.17042],[107.93861,33.17608],[107.96279,33.16034],[107.96773,33.18118],[108.00447,33.17921],[108.00572,33.19809],[108.02351,33.1819],[108.04174,33.22782],[108.07175,33.21486],[108.06985,33.19948],[108.10505,33.20983],[108.10556,33.19164],[108.08442,33.17783],[108.10143,33.11464],[108.08573,33.08526],[108.1389,33.00402],[108.11964,32.98927],[108.11705,32.93814],[108.078,32.91557],[108.06414,32.88112],[108.09076,32.87461],[108.10586,32.82307],[108.12544,32.81103],[108.12076,32.77514],[108.14588,32.78409],[108.14822,32.76862],[108.18508,32.76837]]]}},{"type":"Feature","id":"CTAMAP-2020-COUNTY-2298","properties":{"map_level":"county","source_name":"兴平市","source_code":"610481","county_type":"县级市","prefecture_name":"咸阳市","prefecture_code":"610400","prefecture_type":"地级市","parent_entity_id":"CNUR-000292","parent_year_end_name":"咸阳市","province_name":"陕西省","province_code":"610000","snapshot_year":2020,"panel_year":2019,"link_status":"parent_linked","former_name":"","note":""},"geometry":{"type":"Polygon","coordinates":[[[108.56579,34.43602],[108.57499,34.37311],[108.62126,34.35075],[108.61749,34.33019],[108.59797,34.32284],[108.62189,34.25884],[108.44587,34.20594],[108.30557,34.20484],[108.29707,34.24523],[108.30439,34.29869],[108.31906,34.30646],[108.31035,34.32879],[108.34054,34.34322],[108.36539,34.32652],[108.40495,34.38245],[108.44383,34.38858],[108.45418,34.37161],[108.48412,34.38516],[108.50564,34.41427],[108.49313,34.4306],[108.52251,34.44615],[108.56579,34.43602]]]}},{"type":"Feature","id":"CTAMAP-2020-COUNTY-2331","properties":{"map_level":"county","source_name":"旬阳县","source_code":"610928","county_type":"县","prefecture_name":"安康市","prefecture_code":"610900","prefecture_type":"地级市","parent_entity_id":"CNUR-000297","parent_year_end_name":"安康市","province_name":"陕西省","province_code":"610000","snapshot_year":2020,"panel_year":2019,"link_status":"parent_linked","former_name":"","note":""},"geometry":{"type":"Polygon","coordinates":[[[109.43737,33.15251],[109.58618,33.12246],[109.60443,33.10634],[109.68171,33.11776],[109.79668,33.06881],[109.76077,32.91071],[109.80971,32.86781],[109.80762,32.85309],[109.64991,32.84931],[109.67628,32.82129],[109.64695,32.80299],[109.65841,32.76552],[109.63141,32.75592],[109.64857,32.66576],[109.7035,32.63952],[109.72437,32.60769],[109.62133,32.59935],[109.61253,32.56232],[109.63177,32.55535],[109.63342,32.5367],[109.57693,32.51386],[109.56254,32.48169],[109.45826,32.50564],[109.45175,32.53258],[109.37983,32.57765],[109.38245,32.61028],[109.30165,32.64228],[109.30167,32.65947],[109.26453,32.68197],[109.24469,32.67374],[109.21482,32.71242],[109.23084,32.76023],[109.18288,32.7781],[109.17988,32.79737],[109.20071,32.80323],[109.19217,32.81689],[109.21899,32.83331],[109.15372,32.87412],[109.10842,32.88308],[109.08713,32.94136],[109.04119,32.96593],[109.03712,32.98789],[108.99842,33.01436],[109.02423,33.0251],[108.99882,33.03929],[108.98367,33.13828],[108.96607,33.16299],[109.03218,33.18406],[109.059,33.21115],[109.06539,33.19185],[109.12633,33.15915],[109.16765,33.16196],[109.21614,33.1925],[109.25273,33.16314],[109.3207,33.16187],[109.33356,33.13006],[109.37088,33.14876],[109.43737,33.15251]]]}},{"type":"Feature","id":"CTAMAP-2020-COUNTY-2332","properties":{"map_level":"county","source_name":"旬邑县","source_code":"610429","county_type":"县","prefecture_name":"咸阳市","prefecture_code":"610400","prefecture_type":"地级市","parent_entity_id":"CNUR-000292","parent_year_end_name":"咸阳市","province_name":"陕西省","province_code":"610000","snapshot_year":2020,"panel_year":2019,"link_status":"parent_linked","former_name":"","note":""},"geometry":{"type":"Polygon","coordinates":[[[108.86457,35.34475],[108.86613,35.32448],[108.74542,35.29416],[108.69249,35.22253],[108.66597,35.21461],[108.6723,35.197],[108.65791,35.20039],[108.62864,35.1662],[108.6508,35.15506],[108.65608,35.1287],[108.58621,35.10248],[108.61974,35.10132],[108.60342,35.06905],[108.55234,35.03162],[108.48732,35.03364],[108.44854,34.97272],[108.39533,34.98836],[108.34512,34.94993],[108.24411,34.98759],[108.17434,35.05297],[108.22286,35.18998],[108.15738,35.22114],[108.14497,35.24335],[108.15371,35.25787],[108.12575,35.29063],[108.14324,35.28492],[108.1664,35.30644],[108.21765,35.30026],[108.24984,35.25287],[108.25218,35.26824],[108.29303,35.26901],[108.30294,35.29736],[108.3207,35.28701],[108.34053,35.302],[108.35941,35.27826],[108.37623,35.28948],[108.44216,35.27356],[108.51624,35.28729],[108.53911,35.30691],[108.57683,35.29207],[108.61586,35.33353],[108.60426,35.35894],[108.63397,35.4014],[108.6001,35.50207],[108.62231,35.54447],[108.65737,35.53921],[108.673,35.50775],[108.75691,35.49235],[108.77498,35.4754],[108.77,35.45159],[108.79404,35.43329],[108.78302,35.41368],[108.80244,35.39561],[108.7979,35.37982],[108.82741,35.38288],[108.84042,35.35144],[108.86457,35.34475]]]}},{"type":"Feature","id":"CTAMAP-2020-COUNTY-2344","properties":{"map_level":"county","source_name":"延川县","source_code":"610622","county_type":"县","prefecture_name":"延安市","prefecture_code":"610600","prefecture_type":"地级市","parent_entity_id":"CNUR-000294","parent_year_end_name":"延安市","province_name":"陕西省","province_code":"610000","snapshot_year":2020,"panel_year":2019,"link_status":"parent_linked","former_name":"","note":""},"geometry":{"type":"Polygon","coordinates":[[[110.00686,37.09676],[110.02207,37.03362],[110.11259,36.96871],[110.20632,37.01522],[110.27368,36.99306],[110.26563,36.96356],[110.29218,36.95863],[110.33282,36.98622],[110.35623,36.94284],[110.41384,36.97263],[110.40331,36.89249],[110.36888,36.87815],[110.41854,36.85574],[110.40076,36.8272],[110.41734,36.81838],[110.41243,36.79417],[110.40041,36.77408],[110.37664,36.77162],[110.4253,36.75013],[110.41066,36.72277],[110.4467,36.73243],[110.42924,36.68002],[110.40149,36.69637],[110.38653,36.68893],[110.42747,36.64716],[110.40881,36.637],[110.35071,36.64918],[110.30383,36.62181],[110.231,36.68715],[110.22341,36.72435],[110.14723,36.71149],[110.01688,36.77002],[109.99013,36.74276],[109.94665,36.73784],[109.90957,36.79582],[109.79918,36.837],[109.72303,36.88552],[109.65473,36.88281],[109.6543,36.93773],[109.60867,37.01709],[109.74289,37.04599],[109.82286,37.01753],[109.84438,37.05715],[109.8735,37.05533],[109.90092,37.02849],[109.91991,37.05516],[109.97998,37.06461],[109.98985,37.09689],[110.00686,37.09676]]]}},{"type":"Feature","id":"CTAMAP-2020-COUNTY-2350","properties":{"map_level":"county","source_name":"延长县","source_code":"610621","county_type":"县","prefecture_name":"延安市","prefecture_code":"610600","prefecture_type":"地级市","parent_entity_id":"CNUR-000294","parent_year_end_name":"延安市","province_name":"陕西省","province_code":"610000","snapshot_year":2020,"panel_year":2019,"link_status":"parent_linked","former_name":"","note":""},"geometry":{"type":"Polygon","coordinates":[[[110.42747,36.64716],[110.49173,36.58202],[110.48237,36.55565],[110.49751,36.48378],[110.46758,36.45296],[110.48632,36.41834],[110.45431,36.33487],[110.46194,36.29283],[110.3723,36.28147],[110.24955,36.34241],[110.16414,36.3488],[110.13604,36.40041],[110.10704,36.39797],[110.0916,36.36072],[110.07016,36.41775],[109.97927,36.42317],[109.93104,36.45418],[109.91544,36.43003],[109.83024,36.48292],[109.77663,36.46785],[109.71283,36.49016],[109.68567,36.57028],[109.73124,36.63891],[109.77184,36.65257],[109.8543,36.73382],[109.88561,36.73191],[109.91812,36.77292],[109.93894,36.76821],[109.94665,36.73784],[109.99013,36.74276],[110.01688,36.77002],[110.14723,36.71149],[110.22341,36.72435],[110.231,36.68715],[110.30399,36.62176],[110.35071,36.64918],[110.40881,36.637],[110.42747,36.64716]]]}},{"type":"Feature","id":"CTAMAP-2020-COUNTY-2363","properties":{"map_level":"county","source_name":"阎良区","source_code":"610114","county_type":"市辖区","prefecture_name":"西安市","prefecture_code":"610100","prefecture_type":"地级市","parent_entity_id":"CNUR-000289","parent_year_end_name":"西安市","province_name":"陕西省","province_code":"610000","snapshot_year":2020,"panel_year":2019,"link_status":"parent_linked","former_name":"","note":""},"geometry":{"type":"Polygon","coordinates":[[[109.4063,34.74391],[109.42707,34.71923],[109.4158,34.71213],[109.42359,34.6571],[109.3563,34.64411],[109.35729,34.6096],[109.21996,34.58917],[109.16785,34.64576],[109.15014,34.64588],[109.17503,34.69956],[109.29079,34.68891],[109.341,34.70105],[109.35372,34.74096],[109.4063,34.74391]]]}},{"type":"Feature","id":"CTAMAP-2020-COUNTY-2371","properties":{"map_level":"county","source_name":"雁塔区","source_code":"610113","county_type":"市辖区","prefecture_name":"西安市","prefecture_code":"610100","prefecture_type":"地级市","parent_entity_id":"CNUR-000289","parent_year_end_name":"西安市","province_name":"陕西省","province_code":"610000","snapshot_year":2020,"panel_year":2019,"link_status":"parent_linked","former_name":"","note":""},"geometry":{"type":"Polygon","coordinates":[[[108.8486,34.25669],[109.02578,34.23609],[109.02587,34.25267],[109.04236,34.25262],[109.04997,34.18969],[108.878,34.16593],[108.87713,34.17867],[108.8203,34.19576],[108.82852,34.21397],[108.81107,34.21079],[108.80251,34.23841],[108.8486,34.25669]]]}},{"type":"Feature","id":"CTAMAP-2020-COUNTY-2386","properties":{"map_level":"county","source_name":"杨陵区","source_code":"610403","county_type":"市辖区","prefecture_name":"咸阳市","prefecture_code":"610400","prefecture_type":"地级市","parent_entity_id":"CNUR-000292","parent_year_end_name":"咸阳市","province_name":"陕西省","province_code":"610000","snapshot_year":2020,"panel_year":2019,"link_status":"parent_linked","former_name":"","note":""},"geometry":{"type":"Polygon","coordinates":[[[108.04852,34.32523],[108.06525,34.30223],[108.09412,34.3121],[108.12142,34.29522],[108.12752,34.25477],[108.10828,34.22611],[107.9847,34.22349],[107.99351,34.26353],[107.94167,34.30214],[107.94938,34.32361],[107.9827,34.31575],[107.99386,34.33528],[108.02191,34.3157],[108.04852,34.32523]]]}},{"type":"Feature","id":"CTAMAP-2020-COUNTY-2388","properties":{"map_level":"county","source_name":"洋县","source_code":"610723","county_type":"县","prefecture_name":"汉中市","prefecture_code":"610700","prefecture_type":"地级市","parent_entity_id":"CNUR-000295","parent_year_end_name":"汉中市","province_name":"陕西省","province_code":"610000","snapshot_year":2020,"panel_year":2019,"link_status":"parent_linked","former_name":"","note":""},"geometry":{"type":"Polygon","coordinates":[[[107.66563,33.70444],[107.67597,33.65427],[107.72098,33.64572],[107.72978,33.62551],[107.71666,33.53495],[107.72761,33.48142],[107.76682,33.45553],[107.82084,33.45352],[107.8393,33.43258],[107.91034,33.42994],[107.91788,33.39061],[107.94496,33.37007],[107.94268,33.34186],[107.96646,33.33093],[107.97391,33.25929],[108.00918,33.27158],[108.04343,33.23959],[108.04309,33.21114],[108.02113,33.18042],[108.0063,33.19824],[108.00195,33.17808],[107.96773,33.18118],[107.96279,33.16034],[107.93861,33.17608],[107.82805,33.17042],[107.80064,33.1278],[107.75614,33.12097],[107.70176,33.07129],[107.63729,33.08606],[107.57289,33.04349],[107.51202,33.03801],[107.47734,33.06177],[107.43878,33.05468],[107.41822,33.09563],[107.43058,33.11071],[107.40323,33.1166],[107.40842,33.1542],[107.37298,33.15881],[107.35997,33.22029],[107.33854,33.23507],[107.33699,33.2899],[107.3574,33.33229],[107.31826,33.42608],[107.32738,33.46183],[107.34978,33.47639],[107.34073,33.51862],[107.39456,33.52055],[107.42284,33.53543],[107.41879,33.5507],[107.35551,33.57409],[107.33325,33.61207],[107.21137,33.62194],[107.18467,33.66829],[107.22769,33.6705],[107.29593,33.70826],[107.3661,33.69077],[107.40565,33.64595],[107.55779,33.70864],[107.58107,33.7007],[107.62268,33.72086],[107.66563,33.70444]]]}},{"type":"Feature","id":"CTAMAP-2020-COUNTY-2393","properties":{"map_level":"county","source_name":"耀州区","source_code":"610204","county_type":"市辖区","prefecture_name":"铜川市","prefecture_code":"610200","prefecture_type":"地级市","parent_entity_id":"CNUR-000290","parent_year_end_name":"铜川市","province_name":"陕西省","province_code":"610000","snapshot_year":2020,"panel_year":2019,"link_status":"parent_linked","former_name":"耀县","note":"2002年撤销耀县，设立耀州区"},"geometry":{"type":"Polygon","coordinates":[[[108.85357,35.32109],[108.86034,35.29392],[108.88204,35.28539],[108.87482,35.2675],[108.89092,35.25427],[108.90108,35.27033],[108.92141,35.23558],[108.9238,35.26718],[108.9465,35.26978],[108.95401,35.23025],[108.93353,35.1894],[108.95998,35.16618],[108.98276,35.18293],[109.0331,35.14757],[109.03334,35.11647],[108.99937,35.12938],[109.05101,35.04653],[108.9924,35.02848],[109.00944,35.00376],[108.99315,35.00287],[109.03454,34.97047],[109.07255,34.9683],[109.09321,34.93356],[109.09124,34.91877],[109.05596,34.9097],[109.05443,34.89172],[109.0253,34.90478],[108.97284,34.88947],[108.96124,34.8678],[108.96955,34.8224],[108.93044,34.83729],[108.8948,34.82803],[108.89643,34.80952],[108.84961,34.82077],[108.81996,34.80617],[108.76153,34.87062],[108.68229,34.88378],[108.6124,35.02126],[108.57926,35.04324],[108.61974,35.10132],[108.58621,35.10248],[108.65647,35.12927],[108.6508,35.15506],[108.62814,35.16459],[108.65791,35.20039],[108.6723,35.197],[108.66597,35.21461],[108.69249,35.22253],[108.74648,35.29494],[108.85357,35.32109]]]}},{"type":"Feature","id":"CTAMAP-2020-COUNTY-2412","properties":{"map_level":"county","source_name":"宜川县","source_code":"610630","county_type":"县","prefecture_name":"延安市","prefecture_code":"610600","prefecture_type":"地级市","parent_entity_id":"CNUR-000294","parent_year_end_name":"延安市","province_name":"陕西省","province_code":"610000","snapshot_year":2020,"panel_year":2019,"link_status":"parent_linked","former_name":"","note":""},"geometry":{"type":"Polygon","coordinates":[[[110.46194,36.29283],[110.47129,36.25659],[110.44695,36.21849],[110.44437,36.134],[110.48705,36.03375],[110.48666,35.99233],[110.5113,35.97222],[110.49727,35.94942],[110.51113,35.92342],[110.50593,35.88004],[110.54416,35.8775],[110.54413,35.85623],[110.53803,35.86787],[110.48103,35.82927],[110.40645,35.81005],[110.36551,35.75694],[110.32374,35.7523],[110.277,35.71107],[110.20206,35.719],[110.21066,35.73399],[110.13326,35.79697],[110.13234,35.84469],[110.15661,35.87448],[110.10404,35.89042],[110.08838,35.93054],[110.06376,35.93864],[110.06535,35.98393],[110.00403,36.02747],[109.91573,36.02568],[109.82715,35.99736],[109.79067,36.01615],[109.78124,35.99874],[109.69427,36.07821],[109.71587,36.15643],[109.70212,36.17804],[109.72131,36.19487],[109.78177,36.17647],[109.92506,36.24437],[110.01203,36.23085],[110.08418,36.30196],[110.08776,36.35878],[110.10382,36.36632],[110.10877,36.39888],[110.13604,36.40041],[110.16414,36.3488],[110.24955,36.34241],[110.34761,36.28463],[110.46194,36.29283]]]}},{"type":"Feature","id":"CTAMAP-2020-COUNTY-2416","properties":{"map_level":"county","source_name":"宜君县","source_code":"610222","county_type":"县","prefecture_name":"铜川市","prefecture_code":"610200","prefecture_type":"地级市","parent_entity_id":"CNUR-000290","parent_year_end_name":"铜川市","province_name":"陕西省","province_code":"610000","snapshot_year":2020,"panel_year":2019,"link_status":"parent_linked","former_name":"","note":""},"geometry":{"type":"Polygon","coordinates":[[[109.44202,35.51273],[109.46531,35.50011],[109.4527,35.47668],[109.47471,35.47365],[109.45163,35.45649],[109.47101,35.45478],[109.46189,35.42057],[109.49093,35.39387],[109.4768,35.36607],[109.49046,35.35378],[109.40306,35.33499],[109.36439,35.28632],[109.27825,35.25287],[109.2551,35.26939],[109.25282,35.19714],[109.23061,35.2191],[109.2255,35.20691],[109.20444,35.21844],[109.22995,35.16304],[109.22014,35.14781],[109.19432,35.164],[109.17887,35.13832],[109.12543,35.15165],[109.09756,35.12448],[109.10073,35.18991],[109.07548,35.18645],[109.0741,35.20871],[109.04527,35.21956],[109.04721,35.25703],[109.01811,35.25167],[108.98434,35.28449],[108.93378,35.29719],[108.92721,35.33347],[108.96209,35.35115],[108.92114,35.36882],[108.9754,35.42047],[108.98413,35.43576],[108.96956,35.44753],[109.04996,35.54913],[109.08655,35.54369],[109.11138,35.56673],[109.19799,35.58128],[109.2377,35.52293],[109.30643,35.50589],[109.38307,35.52081],[109.41577,35.50271],[109.44202,35.51273]]]}},{"type":"Feature","id":"CTAMAP-2020-COUNTY-2440","properties":{"map_level":"county","source_name":"印台区","source_code":"610203","county_type":"市辖区","prefecture_name":"铜川市","prefecture_code":"610200","prefecture_type":"地级市","parent_entity_id":"CNUR-000290","parent_year_end_name":"铜川市","province_name":"陕西省","province_code":"610000","snapshot_year":2020,"panel_year":2019,"link_status":"parent_linked","former_name":"郊区","note":"2000年撤销郊区，设立印台区"},"geometry":{"type":"Polygon","coordinates":[[[109.25258,35.26639],[109.29992,35.24665],[109.31861,35.19806],[109.34982,35.18565],[109.35025,35.16799],[109.37483,35.15148],[109.42835,35.16827],[109.43966,35.08951],[109.40986,35.07076],[109.3966,35.09898],[109.32332,35.09289],[109.31058,35.10496],[109.29285,35.08694],[109.27405,35.10308],[109.27783,35.08505],[109.2499,35.07857],[109.2463,35.05498],[109.20775,35.03505],[109.20775,35.00579],[109.13713,34.98554],[109.10526,34.99313],[109.12749,35.01467],[109.08968,35.0372],[109.1127,35.05813],[109.14508,35.05465],[109.13878,35.09119],[109.07855,35.07805],[109.01805,35.18677],[108.9694,35.19849],[108.9612,35.18566],[108.93464,35.18834],[108.95401,35.23025],[108.9465,35.26978],[108.9238,35.26718],[108.92141,35.23558],[108.90108,35.27033],[108.89092,35.25427],[108.87482,35.2675],[108.88196,35.28559],[108.86034,35.29392],[108.85276,35.31733],[108.87006,35.32831],[108.86949,35.35018],[108.92044,35.36347],[108.96176,35.35148],[108.92721,35.33347],[108.93378,35.29719],[108.98434,35.28449],[109.01811,35.25167],[109.04721,35.25703],[109.04527,35.21956],[109.0741,35.20871],[109.07548,35.18645],[109.10073,35.18991],[109.10039,35.12388],[109.12543,35.15165],[109.17887,35.13832],[109.19432,35.164],[109.22014,35.14781],[109.22995,35.16304],[109.20458,35.21875],[109.2255,35.20691],[109.23061,35.2191],[109.25282,35.19714],[109.25258,35.26639]]]}},{"type":"Feature","id":"CTAMAP-2020-COUNTY-2477","properties":{"map_level":"county","source_name":"永寿县","source_code":"610426","county_type":"县","prefecture_name":"咸阳市","prefecture_code":"610400","prefecture_type":"地级市","parent_entity_id":"CNUR-000292","parent_year_end_name":"咸阳市","province_name":"陕西省","province_code":"610000","snapshot_year":2020,"panel_year":2019,"link_status":"parent_linked","former_name":"","note":""},"geometry":{"type":"MultiPolygon","coordinates":[[[[108.31257,34.87292],[108.30881,34.8567],[108.35126,34.83429],[108.30795,34.80055],[108.29373,34.76046],[108.30419,34.72781],[108.27144,34.7539],[108.27196,34.74075],[108.21322,34.71414],[108.22279,34.67515],[108.12084,34.65125],[108.11352,34.67076],[108.09236,34.66111],[108.09064,34.68433],[108.08193,34.6681],[108.0509,34.68648],[108.02244,34.67462],[107.99076,34.7885],[107.95213,34.80316],[107.94484,34.82737],[107.95009,34.8664],[108.00738,34.90487],[108.02117,34.89275],[108.03509,34.91337],[108.08309,34.90874],[108.1705,34.96262],[108.19334,34.95485],[108.20529,34.92807],[108.21871,34.94458],[108.21433,34.92041],[108.23622,34.91472],[108.22542,34.904],[108.2417,34.91224],[108.24813,34.89974],[108.2516,34.91419],[108.25673,34.89245],[108.28229,34.89696],[108.26119,34.8865],[108.28263,34.86922],[108.31257,34.87292]]],[[[108.01318,34.48721],[107.99291,34.48861],[108.00517,34.5353],[107.97677,34.57608],[107.99266,34.61695],[108.03128,34.62683],[108.05022,34.60973],[108.104,34.6319],[108.15286,34.57863],[108.12586,34.56001],[108.13279,34.5348],[108.06679,34.54862],[108.06395,34.57241],[108.01318,34.48721]]]]}},{"type":"Feature","id":"CTAMAP-2020-COUNTY-2508","properties":{"map_level":"county","source_name":"榆阳区","source_code":"610802","county_type":"市辖区","prefecture_name":"榆林市","prefecture_code":"610800","prefecture_type":"地级市","parent_entity_id":"CNUR-000296","parent_year_end_name":"榆林市","province_name":"陕西省","province_code":"610000","snapshot_year":2020,"panel_year":2019,"link_status":"parent_linked","former_name":"","note":""},"geometry":{"type":"Polygon","coordinates":[[[110.40557,38.38358],[110.32069,38.34137],[110.26839,38.35227],[110.25056,38.37187],[110.22874,38.32362],[110.16192,38.33922],[110.14721,38.30835],[110.08886,38.33398],[110.07508,38.28983],[110.04278,38.28928],[110.05215,38.15671],[110.10354,38.12465],[110.12271,38.08986],[110.1159,38.04536],[110.07749,38.05173],[110.08793,38.03888],[110.13449,38.03908],[110.13983,38.02728],[110.11638,38.01125],[110.15477,38.00704],[110.14403,37.98957],[110.10279,37.9906],[110.10954,38.01237],[110.08029,38.02417],[110.08592,37.995],[110.11261,37.97541],[110.07799,37.96121],[110.07544,37.91609],[110.10166,37.91867],[110.10953,37.88664],[110.15005,37.8863],[110.14778,37.8142],[110.03047,37.87475],[110.04325,37.90244],[109.98931,37.9525],[109.87807,37.95753],[109.80415,37.99058],[109.77847,38.0218],[109.81987,38.04194],[109.80296,38.08073],[109.74058,38.12648],[109.72431,38.16699],[109.70714,38.17269],[109.74556,38.22384],[109.72536,38.24814],[109.67915,38.24095],[109.64242,38.17669],[109.60546,38.17327],[109.5853,38.1506],[109.51482,38.20146],[109.39183,38.1863],[109.38157,38.11971],[109.39713,38.07045],[109.37794,38.03679],[109.33705,38.06113],[109.21283,38.07761],[109.20802,38.04157],[109.18426,38.03583],[109.12827,38.09255],[109.04309,38.10662],[108.93868,38.17903],[108.97111,38.29351],[109.00863,38.36069],[109.05849,38.39833],[109.04643,38.432],[109.11849,38.47027],[109.26441,38.61659],[109.31897,38.59493],[109.35216,38.61906],[109.32074,38.66733],[109.335,38.69465],[109.39985,38.73],[109.50373,38.82996],[109.55101,38.80489],[109.6217,38.85711],[109.6686,38.92123],[109.85627,38.79218],[109.86863,38.7679],[109.85114,38.75663],[109.80112,38.77017],[109.76308,38.76117],[109.7393,38.72854],[109.74816,38.7139],[109.85609,38.65598],[109.92078,38.59905],[109.95935,38.61749],[110.12249,38.58827],[110.10131,38.55096],[110.17642,38.53138],[110.19225,38.50426],[110.33262,38.50562],[110.33151,38.462],[110.40557,38.38358]],[[109.81206,38.62771],[109.83233,38.65245],[109.81622,38.66481],[109.79372,38.65355],[109.81206,38.62771]]]}},{"type":"Feature","id":"CTAMAP-2020-COUNTY-2588","properties":{"map_level":"county","source_name":"柞水县","source_code":"611026","county_type":"县","prefecture_name":"商洛市","prefecture_code":"611000","prefecture_type":"地级市","parent_entity_id":"CNUR-000298","parent_year_end_name":"商洛市","province_name":"陕西省","province_code":"610000","snapshot_year":2020,"panel_year":2019,"link_status":"parent_linked","former_name":"","note":""},"geometry":{"type":"Polygon","coordinates":[[[109.2264,33.88008],[109.27584,33.87576],[109.29504,33.85675],[109.35487,33.86782],[109.44248,33.83968],[109.49723,33.85086],[109.52043,33.81061],[109.58565,33.79986],[109.59247,33.78405],[109.57026,33.7595],[109.58575,33.75473],[109.58003,33.6953],[109.59293,33.67166],[109.55903,33.63059],[109.58239,33.57272],[109.5524,33.5429],[109.60553,33.47626],[109.57878,33.46813],[109.58339,33.4429],[109.56588,33.42624],[109.55649,33.44578],[109.48738,33.42504],[109.41324,33.44311],[109.38637,33.46483],[109.33138,33.45376],[109.30282,33.51085],[109.22973,33.5643],[109.19356,33.54261],[109.1611,33.55964],[109.10576,33.55296],[109.07924,33.57172],[109.08204,33.59893],[109.01703,33.60811],[108.98939,33.63496],[108.90712,33.64565],[108.8963,33.68466],[108.92542,33.68254],[108.94571,33.7435],[108.90592,33.7822],[108.82424,33.78758],[108.83464,33.81585],[108.90685,33.84671],[108.9128,33.86877],[109.00785,33.88627],[109.04283,33.92454],[109.10366,33.90728],[109.11783,33.87689],[109.21268,33.86691],[109.2264,33.88008]]]}},{"type":"Feature","id":"CTAMAP-2020-COUNTY-2620","properties":{"map_level":"county","source_name":"长武县","source_code":"610428","county_type":"县","prefecture_name":"咸阳市","prefecture_code":"610400","prefecture_type":"地级市","parent_entity_id":"CNUR-000292","parent_year_end_name":"咸阳市","province_name":"陕西省","province_code":"610000","snapshot_year":2020,"panel_year":2019,"link_status":"parent_linked","former_name":"","note":""},"geometry":{"type":"Polygon","coordinates":[[[107.74155,35.31127],[107.86202,35.25779],[107.92416,35.24976],[107.93036,35.26904],[107.95639,35.2656],[107.93931,35.23892],[107.97168,35.21359],[107.93198,35.20752],[107.94453,35.18897],[107.92761,35.16915],[107.94438,35.15809],[107.92544,35.123],[107.96588,35.08167],[107.93407,35.06527],[107.92031,35.02576],[107.89999,35.02105],[107.88565,35.03727],[107.86383,34.99428],[107.84069,35.00215],[107.84411,35.02513],[107.79418,35.03557],[107.75519,35.07145],[107.76137,35.08781],[107.71688,35.11408],[107.71345,35.1781],[107.64835,35.24136],[107.66115,35.25779],[107.71516,35.24401],[107.70549,35.25748],[107.73731,35.27412],[107.73768,35.29356],[107.70397,35.29714],[107.74155,35.31127]]]}},{"type":"Feature","id":"CTAMAP-2020-COUNTY-2644","properties":{"map_level":"county","source_name":"镇安县","source_code":"611025","county_type":"县","prefecture_name":"商洛市","prefecture_code":"611000","prefecture_type":"地级市","parent_entity_id":"CNUR-000298","parent_year_end_name":"商洛市","province_name":"陕西省","province_code":"610000","snapshot_year":2020,"panel_year":2019,"link_status":"parent_linked","former_name":"","note":""},"geometry":{"type":"Polygon","coordinates":[[[108.89779,33.68781],[108.90712,33.64565],[108.98939,33.63496],[109.01703,33.60811],[109.08204,33.59893],[109.07924,33.57172],[109.10576,33.55296],[109.1611,33.55964],[109.19356,33.54261],[109.22973,33.5643],[109.30282,33.51085],[109.33041,33.45409],[109.38637,33.46483],[109.41324,33.44311],[109.48738,33.42504],[109.55651,33.44577],[109.54242,33.39126],[109.57189,33.3846],[109.53997,33.35635],[109.55155,33.3391],[109.57324,33.33987],[109.57641,33.28612],[109.61999,33.27288],[109.60634,33.23321],[109.51415,33.24315],[109.50301,33.21227],[109.44192,33.1549],[109.37088,33.14876],[109.33456,33.13003],[109.3207,33.16187],[109.25273,33.16314],[109.21647,33.19246],[109.16428,33.16076],[109.11355,33.16195],[109.05793,33.21115],[109.03218,33.18406],[108.97373,33.1749],[108.9677,33.13861],[108.9444,33.12801],[108.8851,33.15824],[108.79835,33.25331],[108.73327,33.28472],[108.71643,33.26956],[108.68635,33.27765],[108.6969,33.28825],[108.66682,33.31713],[108.57447,33.29838],[108.57575,33.3817],[108.60084,33.40902],[108.58141,33.45919],[108.63409,33.50367],[108.63167,33.54123],[108.67807,33.54687],[108.69746,33.52959],[108.73513,33.52899],[108.82345,33.61764],[108.78659,33.65323],[108.83764,33.65674],[108.87971,33.70011],[108.89779,33.68781]]]}},{"type":"Feature","id":"CTAMAP-2020-COUNTY-2645","properties":{"map_level":"county","source_name":"镇巴县","source_code":"610728","county_type":"县","prefecture_name":"汉中市","prefecture_code":"610700","prefecture_type":"地级市","parent_entity_id":"CNUR-000295","parent_year_end_name":"汉中市","province_name":"陕西省","province_code":"610000","snapshot_year":2020,"panel_year":2019,"link_status":"parent_linked","former_name":"","note":""},"geometry":{"type":"Polygon","coordinates":[[[108.17857,32.68843],[108.25244,32.68531],[108.25979,32.61021],[108.17282,32.61306],[108.24493,32.57352],[108.25738,32.53133],[108.27835,32.52417],[108.27864,32.49725],[108.17825,32.43952],[108.18124,32.42862],[108.11314,32.43673],[108.131,32.37796],[108.09771,32.38224],[108.13029,32.33995],[108.11911,32.3291],[108.177,32.27173],[108.17478,32.25288],[108.13841,32.2203],[108.08485,32.23467],[108.02529,32.222],[108.02051,32.1764],[107.98947,32.14936],[107.97207,32.14797],[107.89984,32.21077],[107.86136,32.20407],[107.82973,32.22443],[107.75105,32.33796],[107.70162,32.33429],[107.67468,32.40027],[107.60184,32.41671],[107.52711,32.38609],[107.49355,32.40013],[107.48128,32.42734],[107.45203,32.41976],[107.45585,32.456],[107.4283,32.48022],[107.42998,32.54297],[107.49322,32.56056],[107.48568,32.60895],[107.51661,32.60883],[107.52771,32.63471],[107.54777,32.63636],[107.55432,32.66937],[107.62128,32.6981],[107.62942,32.72879],[107.67051,32.75017],[107.68959,32.81152],[107.72246,32.82633],[107.75229,32.79949],[107.75466,32.76051],[107.85144,32.77495],[107.89133,32.75494],[107.92892,32.78383],[107.92399,32.81326],[107.94977,32.80874],[107.95997,32.83354],[108.00204,32.84171],[108.01698,32.75821],[108.09149,32.64724],[108.13864,32.6569],[108.14718,32.674],[108.18136,32.66079],[108.17857,32.68843]]]}},{"type":"Feature","id":"CTAMAP-2020-COUNTY-2651","properties":{"map_level":"county","source_name":"镇坪县","source_code":"610927","county_type":"县","prefecture_name":"安康市","prefecture_code":"610900","prefecture_type":"地级市","parent_entity_id":"CNUR-000297","parent_year_end_name":"安康市","province_name":"陕西省","province_code":"610000","snapshot_year":2020,"panel_year":2019,"link_status":"parent_linked","former_name":"","note":""},"geometry":{"type":"Polygon","coordinates":[[[109.5796,31.72849],[109.41516,31.72284],[109.38394,31.70687],[109.28913,31.71456],[109.26702,31.75823],[109.24907,31.76205],[109.27502,31.78003],[109.27053,31.80206],[109.18661,31.82804],[109.2274,31.86419],[109.21132,31.88465],[109.22074,31.89614],[109.27029,31.90301],[109.28623,31.94545],[109.35197,31.93481],[109.33465,31.97783],[109.35876,32.01889],[109.3333,32.05484],[109.32002,32.13198],[109.37138,32.14239],[109.39225,32.17242],[109.42067,32.16267],[109.44358,32.18121],[109.50381,32.18727],[109.56107,32.22471],[109.60358,32.20471],[109.58645,32.17435],[109.58782,32.13515],[109.61807,32.10023],[109.58144,32.03047],[109.62768,31.9428],[109.57872,31.89615],[109.60561,31.88465],[109.63593,31.81227],[109.597,31.79888],[109.58747,31.75773],[109.60022,31.74512],[109.5796,31.72849]]]}},{"type":"Feature","id":"CTAMAP-2020-COUNTY-2668","properties":{"map_level":"county","source_name":"志丹县","source_code":"610625","county_type":"县","prefecture_name":"延安市","prefecture_code":"610600","prefecture_type":"地级市","parent_entity_id":"CNUR-000294","parent_year_end_name":"延安市","province_name":"陕西省","province_code":"610000","snapshot_year":2020,"panel_year":2019,"link_status":"parent_linked","former_name":"","note":""},"geometry":{"type":"Polygon","coordinates":[[[108.87373,36.66987],[108.92895,36.56376],[108.92958,36.51644],[108.88745,36.53955],[108.86156,36.5308],[108.83478,36.47167],[108.76429,36.39822],[108.76275,36.36589],[108.71078,36.35829],[108.6981,36.37678],[108.64588,36.38471],[108.61054,36.43854],[108.55949,36.43333],[108.50665,36.47483],[108.51012,36.44574],[108.49119,36.42126],[108.39633,36.44629],[108.40054,36.47453],[108.34467,36.55584],[108.2919,36.56743],[108.28389,36.5527],[108.26334,36.56815],[108.25493,36.54689],[108.23983,36.56996],[108.20432,36.57385],[108.20114,36.59733],[108.21762,36.63082],[108.23497,36.62036],[108.22593,36.65998],[108.26172,36.66127],[108.28793,36.73966],[108.30524,36.75011],[108.31139,36.78569],[108.28043,36.85733],[108.29072,36.88805],[108.32069,36.87643],[108.39139,36.89155],[108.45166,36.96455],[108.47506,36.96102],[108.48799,36.93656],[108.51333,36.94218],[108.50446,36.9779],[108.48223,36.95991],[108.49667,37.00113],[108.53533,36.98878],[108.59033,36.99731],[108.61149,37.03343],[108.65697,37.03605],[108.70945,36.99167],[108.76872,36.98071],[108.8089,37.02578],[108.73623,37.0768],[108.74936,37.11391],[108.79261,37.10948],[108.8119,37.13921],[108.87425,37.15099],[108.87838,37.17575],[108.92092,37.19448],[108.93761,37.1681],[108.97696,37.15686],[108.96508,37.13779],[108.93049,37.13692],[108.94976,37.11678],[108.94625,37.06655],[108.93886,37.05262],[108.91752,37.05871],[108.9168,37.04572],[108.94772,37.01639],[108.97999,37.0211],[108.98546,36.99228],[109.06176,36.94735],[109.03792,36.92445],[109.04319,36.8776],[109.01408,36.89257],[108.98314,36.85852],[108.9891,36.79236],[108.94667,36.76915],[108.95216,36.72196],[108.91187,36.71838],[108.91184,36.69175],[108.87373,36.66987]]]}},{"type":"Feature","id":"CTAMAP-2020-COUNTY-2687","properties":{"map_level":"county","source_name":"周至县","source_code":"610124","county_type":"县","prefecture_name":"西安市","prefecture_code":"610100","prefecture_type":"地级市","parent_entity_id":"CNUR-000289","parent_year_end_name":"西安市","province_name":"陕西省","province_code":"610000","snapshot_year":2020,"panel_year":2019,"link_status":"parent_linked","former_name":"","note":""},"geometry":{"type":"Polygon","coordinates":[[[108.02495,34.22897],[108.33427,34.19902],[108.44587,34.20594],[108.49949,34.22697],[108.51428,34.18998],[108.47744,34.18984],[108.482,34.1647],[108.44773,34.09321],[108.45749,34.05763],[108.42349,33.9781],[108.43832,33.91061],[108.36654,33.79444],[108.34141,33.79507],[108.30555,33.76441],[108.27861,33.76846],[108.23479,33.72996],[108.18726,33.72723],[108.17614,33.71277],[108.0776,33.72667],[108.0514,33.71051],[107.94753,33.7476],[107.91524,33.73423],[107.89683,33.75175],[107.84742,33.696],[107.8078,33.71432],[107.69128,33.72589],[107.65835,33.76931],[107.70129,33.83937],[107.71206,33.92985],[107.80573,33.99666],[107.84192,33.97606],[107.89846,34.00163],[107.94375,33.98449],[107.93841,34.04415],[107.99685,34.10387],[107.99313,34.14846],[108.02071,34.18089],[108.02495,34.22897]]]}},{"type":"Feature","id":"CTAMAP-2020-COUNTY-2707","properties":{"map_level":"county","source_name":"子长市","source_code":"610681","county_type":"县级市","prefecture_name":"延安市","prefecture_code":"610600","prefecture_type":"地级市","parent_entity_id":"CNUR-000294","parent_year_end_name":"延安市","province_name":"陕西省","province_code":"610000","snapshot_year":2020,"panel_year":2019,"link_status":"parent_linked","former_name":"子长县","note":"2019年撤销子长县，设立子长市"},"geometry":{"type":"Polygon","coordinates":[[[109.49107,37.49431],[109.60882,37.42016],[109.70374,37.43365],[109.737,37.42156],[109.72812,37.4011],[109.75699,37.38365],[109.77929,37.34222],[109.79754,37.34901],[109.80752,37.31906],[109.76264,37.2696],[109.81071,37.25953],[109.83535,37.28312],[109.8952,37.26507],[109.89277,37.2952],[109.91047,37.31178],[109.95817,37.27564],[110.00974,37.27051],[110.0192,37.23518],[110.00856,37.20627],[109.98884,37.19673],[109.96922,37.21584],[109.95178,37.20803],[109.98494,37.17365],[109.96273,37.15566],[109.97908,37.13026],[110.01067,37.14834],[110.02295,37.13952],[110.01192,37.10228],[109.98814,37.09434],[109.9879,37.07196],[109.95563,37.05344],[109.91991,37.05516],[109.89305,37.02695],[109.8735,37.05533],[109.84438,37.05715],[109.82286,37.01753],[109.74289,37.04599],[109.61093,37.01838],[109.58281,36.99484],[109.53875,37.03302],[109.49938,37.02318],[109.48821,37.03918],[109.45183,37.02345],[109.39139,37.03823],[109.36654,37.12091],[109.33672,37.14068],[109.317,37.18585],[109.24847,37.24003],[109.24574,37.26283],[109.20543,37.28122],[109.20159,37.29376],[109.21767,37.29783],[109.20397,37.32207],[109.3262,37.35445],[109.368,37.43146],[109.41879,37.44716],[109.42306,37.46255],[109.45304,37.45805],[109.46729,37.49316],[109.49107,37.49431]]]}},{"type":"Feature","id":"CTAMAP-2020-COUNTY-2708","properties":{"map_level":"county","source_name":"子洲县","source_code":"610831","county_type":"县","prefecture_name":"榆林市","prefecture_code":"610800","prefecture_type":"地级市","parent_entity_id":"CNUR-000296","parent_year_end_name":"榆林市","province_name":"陕西省","province_code":"610000","snapshot_year":2020,"panel_year":2019,"link_status":"parent_linked","former_name":"","note":""},"geometry":{"type":"Polygon","coordinates":[[[109.7738,37.79929],[109.8886,37.77988],[109.91022,37.7609],[109.94661,37.7696],[109.94653,37.74191],[109.98253,37.70468],[110.08665,37.70775],[110.11141,37.68333],[110.09313,37.64387],[110.11764,37.50626],[110.069,37.47761],[110.11655,37.45911],[110.10551,37.44146],[110.12262,37.39152],[110.08191,37.35624],[110.04929,37.27215],[109.95817,37.27564],[109.91047,37.31178],[109.89277,37.2952],[109.8952,37.26507],[109.83535,37.28312],[109.81071,37.25953],[109.76264,37.2696],[109.80752,37.31906],[109.79754,37.34901],[109.77929,37.34222],[109.75699,37.38365],[109.72812,37.4011],[109.737,37.42156],[109.70374,37.43365],[109.60882,37.42016],[109.48874,37.49767],[109.55387,37.50886],[109.60495,37.54558],[109.58651,37.56981],[109.6058,37.57922],[109.59207,37.60498],[109.65179,37.62008],[109.6282,37.65826],[109.64109,37.68533],[109.6596,37.69313],[109.69109,37.66999],[109.70659,37.70708],[109.73841,37.73119],[109.7372,37.75689],[109.71634,37.75963],[109.71975,37.7941],[109.75056,37.77807],[109.7738,37.79929]]]}},{"type":"Feature","id":"CTAMAP-2020-COUNTY-2712","properties":{"map_level":"county","source_name":"紫阳县","source_code":"610924","county_type":"县","prefecture_name":"安康市","prefecture_code":"610900","prefecture_type":"地级市","parent_entity_id":"CNUR-000297","parent_year_end_name":"安康市","province_name":"陕西省","province_code":"610000","snapshot_year":2020,"panel_year":2019,"link_status":"parent_linked","former_name":"","note":""},"geometry":{"type":"Polygon","coordinates":[[[108.54396,32.7738],[108.50648,32.73187],[108.51405,32.69851],[108.55072,32.6787],[108.63021,32.67177],[108.63526,32.6518],[108.61165,32.64993],[108.61276,32.63425],[108.65366,32.61085],[108.67384,32.6217],[108.64731,32.60524],[108.6583,32.5892],[108.64087,32.59082],[108.62502,32.5143],[108.64446,32.48357],[108.63056,32.46853],[108.66062,32.42521],[108.64313,32.38271],[108.6631,32.35901],[108.65272,32.31917],[108.71219,32.25787],[108.64054,32.18455],[108.65723,32.15839],[108.65061,32.14287],[108.63664,32.13288],[108.58147,32.17413],[108.53408,32.18236],[108.50174,32.20862],[108.50262,32.24603],[108.46758,32.27362],[108.34607,32.25637],[108.30582,32.23451],[108.23763,32.27634],[108.17517,32.2227],[108.15166,32.24342],[108.17423,32.25197],[108.17711,32.27154],[108.11911,32.3291],[108.13029,32.33995],[108.09787,32.38151],[108.131,32.37796],[108.11111,32.43489],[108.18124,32.42862],[108.17825,32.43952],[108.28027,32.50279],[108.24493,32.57352],[108.17291,32.61349],[108.24685,32.60648],[108.26615,32.62125],[108.24832,32.64453],[108.26388,32.6541],[108.28517,32.6401],[108.31466,32.64277],[108.32444,32.66467],[108.3559,32.65564],[108.36523,32.68616],[108.39537,32.69312],[108.41428,32.75351],[108.42038,32.74221],[108.46628,32.75803],[108.50264,32.80112],[108.54396,32.7738]]]}},{"type":"Feature","id":"CTAMAP-2020-COUNTY-2792","properties":{"map_level":"county","source_name":"长安区","source_code":"610116","county_type":"市辖区","prefecture_name":"西安市","prefecture_code":"610100","prefecture_type":"地级市","parent_entity_id":"CNUR-000289","parent_year_end_name":"西安市","province_name":"陕西省","province_code":"610000","snapshot_year":2020,"panel_year":2019,"link_status":"parent_linked","former_name":"长安县","note":"2002年撤销长安县，设立长安区"},"geometry":{"type":"Polygon","coordinates":[[[108.75042,34.29956],[108.81185,34.27682],[108.80251,34.23841],[108.81107,34.21079],[108.82852,34.21397],[108.8203,34.19576],[108.87713,34.17867],[108.878,34.16593],[109.04997,34.18969],[109.06645,34.16768],[109.07884,34.19551],[109.11056,34.1769],[109.15749,34.17514],[109.17224,34.15917],[109.16411,34.13951],[109.20934,34.11124],[109.16724,34.08852],[109.12587,34.09465],[109.1628,34.04821],[109.17374,33.99795],[109.20988,33.96011],[109.20254,33.90745],[109.2264,33.88008],[109.21268,33.86691],[109.11783,33.87689],[109.10366,33.90728],[109.04283,33.92454],[109.00785,33.88627],[108.9128,33.86877],[108.90685,33.84671],[108.83843,33.81568],[108.77338,33.80139],[108.75141,33.81365],[108.75122,33.84039],[108.69243,33.82973],[108.74549,33.88355],[108.74939,33.89768],[108.71734,33.91341],[108.76725,33.90965],[108.76715,33.98703],[108.73346,34.08802],[108.75971,34.10005],[108.7497,34.11922],[108.71026,34.13068],[108.71016,34.1665],[108.67359,34.17727],[108.66328,34.21904],[108.68337,34.2362],[108.65137,34.23679],[108.6371,34.26627],[108.65018,34.27098],[108.68384,34.23885],[108.6946,34.27497],[108.74317,34.27707],[108.75042,34.29956]]]}},{"type":"Feature","id":"CTAMAP-2020-COUNTY-2797","properties":{"map_level":"county","source_name":"新城区","source_code":"610102","county_type":"市辖区","prefecture_name":"西安市","prefecture_code":"610100","prefecture_type":"地级市","parent_entity_id":"CNUR-000289","parent_year_end_name":"西安市","province_name":"陕西省","province_code":"610000","snapshot_year":2020,"panel_year":2019,"link_status":"parent_linked","former_name":"","note":""},"geometry":{"type":"Polygon","coordinates":[[[108.9488,34.2943],[109.0186,34.289],[109.02582,34.2361],[108.99189,34.25258],[108.99069,34.26945],[108.94238,34.2615],[108.9488,34.2943]]]}}]}