{"type":"FeatureCollection","features":[{"type":"Feature","id":"CTAMAP-2001-COUNTY-0037","properties":{"map_level":"county","source_name":"安阳县","source_code":"410522","county_type":"县","prefecture_name":"安阳市","prefecture_code":"410500","prefecture_type":"地级市","parent_entity_id":"CNUR-000156","parent_year_end_name":"安阳市","province_name":"河南省","province_code":"410000","snapshot_year":2001,"panel_year":2000,"link_status":"parent_linked","former_name":"","note":""},"geometry":{"type":"MultiPolygon","coordinates":[[[[114.12033,36.13553],[114.13118,36.13143],[114.12023,36.13359],[114.12033,36.13553]]],[[[113.95102,36.35766],[113.96968,36.33363],[113.9557,36.31928],[113.92598,36.32014],[113.92844,36.33604],[113.95172,36.33631],[113.93875,36.35176],[113.95102,36.35766]]],[[[113.97206,36.35875],[114.00394,36.34247],[114.00857,36.35244],[114.02414,36.35352],[114.02029,36.32447],[114.05213,36.32747],[114.05182,36.31335],[114.03152,36.30391],[114.05607,36.27359],[114.11516,36.27251],[114.125,36.28156],[114.16813,36.26598],[114.16387,36.24602],[114.17228,36.24234],[114.19702,36.24559],[114.20499,36.27294],[114.23637,36.25127],[114.25629,36.26162],[114.29301,36.24587],[114.3391,36.25565],[114.357,36.22705],[114.39001,36.22077],[114.39299,36.2294],[114.4021,36.22842],[114.40514,36.2045],[114.42882,36.19793],[114.45187,36.207],[114.47362,36.17828],[114.50683,36.17395],[114.50613,36.16602],[114.52401,36.17351],[114.52573,36.16229],[114.56244,36.15245],[114.58592,36.13076],[114.57648,36.11713],[114.60525,36.12863],[114.62482,36.12442],[114.63158,36.13578],[114.64954,36.14037],[114.68544,36.13845],[114.68669,36.14627],[114.69592,36.1464],[114.71503,36.14069],[114.72864,36.15578],[114.7572,36.13486],[114.75858,36.12173],[114.74855,36.10361],[114.73588,36.10113],[114.74255,36.07565],[114.73374,36.07617],[114.7257,36.06527],[114.7249,36.04405],[114.70404,36.01993],[114.69836,35.99654],[114.65424,35.99793],[114.65529,36.00865],[114.64899,36.01028],[114.64404,35.99622],[114.63505,35.99589],[114.63609,36.00615],[114.62743,36.00113],[114.62079,36.00682],[114.62155,36.0],[114.60146,35.99121],[114.52319,35.99648],[114.51888,35.98869],[114.45211,35.98809],[114.44194,35.98069],[114.42113,35.98289],[114.40979,35.96761],[114.35485,35.97125],[114.34101,35.95777],[114.30273,35.97378],[114.23672,35.97368],[114.21116,35.99395],[114.18583,35.98143],[114.173,35.98518],[114.16426,36.00079],[114.17267,36.01659],[114.19637,36.0176],[114.19968,36.01193],[114.20322,36.0289],[114.23902,36.04],[114.26073,36.06517],[114.29206,36.05133],[114.30644,36.05683],[114.31462,36.05042],[114.30808,36.04686],[114.31406,36.04754],[114.32049,36.05385],[114.30904,36.06251],[114.32015,36.07511],[114.31978,36.09404],[114.33323,36.09379],[114.3365,36.05376],[114.34819,36.02816],[114.37344,36.02891],[114.38609,36.01897],[114.41258,36.02805],[114.41715,36.01248],[114.41909,36.02536],[114.40769,36.03491],[114.40778,36.04835],[114.39923,36.04881],[114.39837,36.06916],[114.43843,36.0617],[114.4491,36.07085],[114.44813,36.0768],[114.42326,36.08225],[114.43412,36.11421],[114.41621,36.12911],[114.41666,36.14663],[114.40431,36.14352],[114.40862,36.17089],[114.39458,36.17498],[114.3453,36.1651],[114.33142,36.18914],[114.32906,36.17138],[114.30342,36.17685],[114.30277,36.16888],[114.28092,36.17418],[114.27262,36.16541],[114.25544,36.16531],[114.25074,36.14903],[114.22799,36.14097],[114.22009,36.12081],[114.22324,36.09909],[114.20578,36.0924],[114.19973,36.08145],[114.16074,36.09556],[114.15692,36.08269],[114.13188,36.07728],[114.1276,36.06367],[114.14628,36.04683],[114.13835,36.03466],[114.10333,36.01749],[114.09755,35.99688],[114.10317,35.98376],[114.06701,35.97501],[114.061,35.96334],[114.02886,35.9773],[114.01471,35.96803],[114.00812,35.97422],[114.01671,35.98205],[113.99752,35.98975],[113.99417,36.0],[114.00691,36.01175],[114.00181,36.02747],[113.98944,36.03495],[113.98578,36.06818],[114.01051,36.08635],[114.00574,36.09302],[114.02066,36.10761],[113.99259,36.13097],[113.95435,36.14844],[113.97231,36.15893],[113.99617,36.20114],[113.982,36.25318],[113.96435,36.28247],[113.97856,36.29147],[113.99386,36.28972],[113.99623,36.29706],[113.98917,36.30964],[113.96772,36.31626],[113.97433,36.32168],[113.98821,36.31513],[113.99678,36.33321],[113.97275,36.34527],[113.97206,36.35875]],[[114.06724,36.23493],[114.06243,36.23217],[114.0666,36.23152],[114.06724,36.23493]],[[114.1651,36.21342],[114.14806,36.20765],[114.15293,36.19822],[114.14751,36.1893],[114.11854,36.19845],[114.09567,36.1859],[114.08545,36.19095],[114.09125,36.16734],[114.08362,36.13495],[114.09544,36.11537],[114.10456,36.11331],[114.10408,36.10512],[114.12432,36.09995],[114.12621,36.10607],[114.15818,36.11169],[114.1713,36.10391],[114.17127,36.12058],[114.18403,36.12699],[114.17482,36.13968],[114.20355,36.15412],[114.19491,36.15893],[114.20226,36.17146],[114.19473,36.18124],[114.20199,36.2013],[114.17348,36.2027],[114.1651,36.21342]]]]}},{"type":"Feature","id":"CTAMAP-2001-COUNTY-0080","properties":{"map_level":"county","source_name":"宝丰县","source_code":"410421","county_type":"县","prefecture_name":"平顶山市","prefecture_code":"410400","prefecture_type":"地级市","parent_entity_id":"CNUR-000155","parent_year_end_name":"平顶山市","province_name":"河南省","province_code":"410000","snapshot_year":2001,"panel_year":2000,"link_status":"parent_linked","former_name":"","note":""},"geometry":{"type":"Polygon","coordinates":[[[113.29208,33.81393],[113.29717,33.7807],[113.2743,33.78995],[113.26255,33.78701],[113.22933,33.80996],[113.19874,33.81273],[113.17727,33.8239],[113.17187,33.81611],[113.14255,33.81753],[113.13363,33.81064],[113.10088,33.83685],[113.09643,33.81732],[113.06723,33.80666],[113.06663,33.785],[113.06024,33.7843],[113.03086,33.80592],[113.01958,33.82845],[112.99143,33.8333],[112.96872,33.8163],[112.94547,33.83561],[112.94207,33.84886],[112.921,33.86057],[112.92778,33.89576],[112.93307,33.90273],[112.95045,33.90071],[112.94029,33.91771],[112.91541,33.91492],[112.8792,33.92786],[112.86487,33.90992],[112.8515,33.91338],[112.83382,33.90176],[112.804,33.9264],[112.76522,33.93699],[112.75091,33.93528],[112.74313,33.91971],[112.73807,33.93771],[112.71401,33.94384],[112.72204,33.9549],[112.71689,33.97094],[112.73057,33.98204],[112.72097,33.98666],[112.722,33.9942],[112.74649,33.99025],[112.75556,33.99971],[112.76888,33.99356],[112.78703,34.00139],[112.82533,34.00062],[112.84431,34.01269],[112.85098,34.00388],[112.89413,34.00169],[112.89249,33.99389],[112.93716,33.99348],[112.94966,34.00817],[112.98031,34.00476],[112.99029,34.01862],[113.01175,34.01717],[113.01468,34.02862],[113.1037,33.98443],[113.12557,33.96133],[113.15003,33.95838],[113.16423,33.93865],[113.22995,33.92043],[113.22013,33.90588],[113.25,33.90181],[113.24834,33.88892],[113.23017,33.88168],[113.22625,33.86829],[113.24872,33.86043],[113.26142,33.86677],[113.2838,33.85718],[113.27827,33.84844],[113.29798,33.83663],[113.29208,33.81393]]]}},{"type":"Feature","id":"CTAMAP-2001-COUNTY-0094","properties":{"map_level":"county","source_name":"北关区","source_code":"410503","county_type":"市辖区","prefecture_name":"安阳市","prefecture_code":"410500","prefecture_type":"地级市","parent_entity_id":"CNUR-000156","parent_year_end_name":"安阳市","province_name":"河南省","province_code":"410000","snapshot_year":2001,"panel_year":2000,"link_status":"parent_linked","former_name":"","note":""},"geometry":{"type":"Polygon","coordinates":[[[114.33142,36.18914],[114.33143,36.17928],[114.3453,36.1651],[114.39458,36.17498],[114.40862,36.17089],[114.40431,36.14352],[114.41666,36.14663],[114.41621,36.12911],[114.43412,36.11421],[114.42392,36.09311],[114.41823,36.10831],[114.36845,36.10925],[114.33319,36.09815],[114.32729,36.15598],[114.33142,36.18914]]]}},{"type":"Feature","id":"CTAMAP-2001-COUNTY-0119","properties":{"map_level":"county","source_name":"博爱县","source_code":"410822","county_type":"县","prefecture_name":"焦作市","prefecture_code":"410800","prefecture_type":"地级市","parent_entity_id":"CNUR-000159","parent_year_end_name":"焦作市","province_name":"河南省","province_code":"410000","snapshot_year":2001,"panel_year":2000,"link_status":"parent_linked","former_name":"","note":""},"geometry":{"type":"Polygon","coordinates":[[[113.13152,35.33677],[113.0861,35.25608],[113.10794,35.23378],[113.10663,35.21568],[113.12881,35.18311],[113.10745,35.16924],[113.10258,35.14732],[113.08706,35.13447],[113.09699,35.1232],[113.14624,35.11722],[113.14616,35.10358],[113.1648,35.10088],[113.17067,35.08049],[113.1514,35.05771],[113.15036,35.04525],[113.12846,35.03641],[113.10236,35.04617],[113.02631,35.03974],[113.02328,35.05503],[112.99743,35.06423],[113.00198,35.07316],[112.9741,35.08961],[112.97027,35.10957],[112.95979,35.11212],[112.96394,35.13212],[112.95095,35.13146],[112.9434,35.15177],[113.00626,35.21396],[113.00252,35.21962],[112.99241,35.21176],[112.97431,35.21143],[112.99186,35.23848],[112.99161,35.24894],[112.97658,35.25943],[112.98397,35.26745],[112.99102,35.2609],[113.00962,35.28131],[113.01586,35.30082],[113.00281,35.30347],[113.00274,35.31277],[112.97852,35.31202],[112.98322,35.35621],[112.99075,35.36353],[113.02958,35.36037],[113.05719,35.34874],[113.06423,35.35311],[113.08816,35.3365],[113.11796,35.33062],[113.13152,35.33677]]]}},{"type":"Feature","id":"CTAMAP-2001-COUNTY-0152","properties":{"map_level":"county","source_name":"瀍河回族区","source_code":"410304","county_type":"市辖区","prefecture_name":"洛阳市","prefecture_code":"410300","prefecture_type":"地级市","parent_entity_id":"CNUR-000154","parent_year_end_name":"洛阳市","province_name":"河南省","province_code":"410000","snapshot_year":2001,"panel_year":2000,"link_status":"parent_linked","former_name":"","note":""},"geometry":{"type":"Polygon","coordinates":[[[112.49381,34.67102],[112.48248,34.69245],[112.4667,34.69286],[112.47916,34.70916],[112.47383,34.72126],[112.49623,34.74149],[112.50761,34.70581],[112.53582,34.70725],[112.54031,34.68706],[112.49381,34.67102]]]}},{"type":"Feature","id":"CTAMAP-2001-COUNTY-0206","properties":{"map_level":"county","source_name":"川汇区","source_code":"411602","county_type":"市辖区","prefecture_name":"周口市","prefecture_code":"411600","prefecture_type":"地级市","parent_entity_id":"CNUR-000167","parent_year_end_name":"周口市","province_name":"河南省","province_code":"410000","snapshot_year":2001,"panel_year":2000,"link_status":"parent_linked","former_name":"","note":""},"geometry":{"type":"Polygon","coordinates":[[[114.82474,33.56206],[114.82026,33.55157],[114.80241,33.54987],[114.80068,33.52655],[114.78068,33.50276],[114.76385,33.51449],[114.75715,33.54725],[114.70984,33.55008],[114.69965,33.57916],[114.66556,33.57527],[114.65787,33.56557],[114.61135,33.58966],[114.57931,33.58985],[114.58393,33.60501],[114.57731,33.62013],[114.60576,33.63323],[114.60292,33.65174],[114.59473,33.6547],[114.57835,33.69086],[114.59299,33.69388],[114.60951,33.68354],[114.63232,33.6881],[114.65084,33.71702],[114.66272,33.70181],[114.69865,33.71219],[114.72755,33.70886],[114.75377,33.68063],[114.75813,33.66351],[114.77322,33.66912],[114.78636,33.69375],[114.79844,33.68908],[114.81903,33.66757],[114.8223,33.6377],[114.85191,33.61785],[114.82173,33.58532],[114.80652,33.58538],[114.81203,33.56556],[114.82474,33.56206]]]}},{"type":"Feature","id":"CTAMAP-2001-COUNTY-0266","properties":{"map_level":"county","source_name":"郸城县","source_code":"411625","county_type":"县","prefecture_name":"周口市","prefecture_code":"411600","prefecture_type":"地级市","parent_entity_id":"CNUR-000167","parent_year_end_name":"周口市","province_name":"河南省","province_code":"410000","snapshot_year":2001,"panel_year":2000,"link_status":"parent_linked","former_name":"","note":""},"geometry":{"type":"Polygon","coordinates":[[[115.59277,33.72711],[115.59715,33.71825],[115.59048,33.70422],[115.59941,33.69134],[115.59036,33.67844],[115.5977,33.67521],[115.5949,33.66203],[115.61944,33.628],[115.63523,33.58346],[115.61538,33.58432],[115.61183,33.57531],[115.55693,33.57799],[115.55359,33.56538],[115.53654,33.57062],[115.50435,33.55864],[115.49436,33.56026],[115.49465,33.56822],[115.463,33.55915],[115.4558,33.57155],[115.44869,33.57093],[115.41021,33.55676],[115.39327,33.50593],[115.36068,33.52502],[115.33999,33.50516],[115.34758,33.47585],[115.33723,33.46372],[115.34573,33.4552],[115.33599,33.44612],[115.31899,33.45706],[115.30792,33.42573],[115.20119,33.44704],[115.18468,33.47802],[115.16524,33.48044],[115.17223,33.49169],[115.15498,33.50675],[115.15345,33.51896],[115.13368,33.52086],[115.12543,33.51383],[115.10948,33.52694],[115.07391,33.5206],[115.04926,33.54908],[115.05991,33.60068],[115.03931,33.62182],[115.01533,33.6316],[115.00429,33.66927],[115.01991,33.6856],[115.01951,33.70468],[115.04011,33.71889],[115.04174,33.74896],[115.06474,33.75891],[115.06569,33.77418],[115.08077,33.79313],[115.08327,33.81827],[115.12002,33.78974],[115.17849,33.79242],[115.19749,33.80853],[115.20867,33.80886],[115.24452,33.79895],[115.26015,33.78064],[115.29522,33.77745],[115.30141,33.78783],[115.33356,33.76743],[115.34685,33.77937],[115.36012,33.77687],[115.38973,33.75009],[115.41264,33.74996],[115.44246,33.76199],[115.47039,33.7298],[115.53146,33.72891],[115.54546,33.7371],[115.57467,33.72021],[115.59277,33.72711]]]}},{"type":"Feature","id":"CTAMAP-2001-COUNTY-0292","properties":{"map_level":"county","source_name":"登封市","source_code":"410185","county_type":"县级市","prefecture_name":"郑州市","prefecture_code":"410100","prefecture_type":"地级市","parent_entity_id":"CNUR-000152","parent_year_end_name":"郑州市","province_name":"河南省","province_code":"410000","snapshot_year":2001,"panel_year":2000,"link_status":"parent_linked","former_name":"","note":""},"geometry":{"type":"Polygon","coordinates":[[[113.32274,34.40664],[113.30924,34.39459],[113.31465,34.38517],[113.30649,34.3732],[113.31006,34.35416],[113.27113,34.35301],[113.26294,34.33882],[113.2231,34.33883],[113.20448,34.31332],[113.18679,34.31153],[113.15674,34.27343],[113.10473,34.26485],[113.07631,34.26766],[113.05943,34.28768],[113.03258,34.28095],[113.00797,34.30157],[112.90708,34.29506],[112.88243,34.30294],[112.83398,34.29902],[112.8341,34.31246],[112.84823,34.31897],[112.83675,34.32596],[112.83675,34.33688],[112.8202,34.33368],[112.80331,34.3408],[112.78278,34.33359],[112.7789,34.34642],[112.7575,34.3466],[112.75142,34.35863],[112.7261,34.35281],[112.72431,34.37857],[112.71471,34.3836],[112.72686,34.3953],[112.72176,34.4172],[112.73658,34.44403],[112.73093,34.49247],[112.76913,34.50239],[112.80251,34.48091],[112.88715,34.47788],[112.90122,34.4692],[112.91195,34.477],[112.92434,34.52929],[112.97074,34.53283],[112.97929,34.54049],[112.98711,34.52445],[113.01399,34.52017],[113.01871,34.53683],[113.03532,34.551],[113.03547,34.56647],[113.04834,34.5676],[113.05924,34.55726],[113.074,34.57069],[113.10545,34.56521],[113.13533,34.57675],[113.13832,34.58749],[113.15706,34.59552],[113.17343,34.5912],[113.17823,34.57322],[113.17907,34.49194],[113.19011,34.48467],[113.19591,34.49854],[113.23098,34.49824],[113.28562,34.4731],[113.28699,34.45647],[113.32274,34.40664]]]}},{"type":"Feature","id":"CTAMAP-2001-COUNTY-0293","properties":{"map_level":"county","source_name":"邓州市","source_code":"411381","county_type":"县级市","prefecture_name":"南阳市","prefecture_code":"411300","prefecture_type":"地级市","parent_entity_id":"CNUR-000164","parent_year_end_name":"南阳市","province_name":"河南省","province_code":"410000","snapshot_year":2001,"panel_year":2000,"link_status":"parent_linked","former_name":"","note":""},"geometry":{"type":"Polygon","coordinates":[[[111.93928,32.98594],[111.98624,32.95313],[111.98871,32.93565],[111.97629,32.91596],[111.99936,32.90532],[112.00641,32.91415],[112.0213,32.91504],[112.02537,32.89596],[112.03614,32.8917],[112.02531,32.86818],[112.05154,32.88516],[112.0908,32.88747],[112.10891,32.86573],[112.13857,32.87183],[112.15255,32.84863],[112.17095,32.85806],[112.20066,32.84911],[112.20257,32.85745],[112.23669,32.86048],[112.24036,32.87093],[112.27511,32.87797],[112.278,32.87154],[112.29272,32.87162],[112.30545,32.85574],[112.32207,32.85404],[112.32515,32.84688],[112.3126,32.83911],[112.34285,32.81197],[112.33664,32.7841],[112.3213,32.77761],[112.31133,32.75125],[112.3095,32.73729],[112.32212,32.72616],[112.31696,32.71595],[112.30327,32.7119],[112.30989,32.68574],[112.29788,32.67527],[112.30244,32.6677],[112.26909,32.6573],[112.27461,32.6471],[112.2611,32.64485],[112.24358,32.62625],[112.25123,32.61112],[112.29828,32.57878],[112.28853,32.56915],[112.29272,32.53694],[112.26596,32.52498],[112.27333,32.509],[112.28353,32.50786],[112.27969,32.49201],[112.28964,32.44875],[112.27577,32.43404],[112.26096,32.43306],[112.25296,32.41195],[112.22184,32.40759],[112.22285,32.38845],[112.20449,32.39324],[112.19684,32.38548],[112.19415,32.3948],[112.16695,32.38709],[112.17303,32.39494],[112.16587,32.40872],[112.1443,32.41374],[112.14085,32.4047],[112.15569,32.40193],[112.14428,32.3864],[112.15857,32.38695],[112.15078,32.37854],[112.1286,32.39412],[112.12722,32.40436],[112.11684,32.3968],[112.09547,32.41638],[112.07661,32.4217],[112.07349,32.43539],[112.06009,32.44291],[112.05839,32.47593],[112.0335,32.47303],[112.02564,32.46042],[112.0055,32.45246],[111.99785,32.46117],[111.98435,32.46105],[111.98638,32.47109],[111.96885,32.47378],[111.94586,32.51863],[111.93325,32.5212],[111.88597,32.50183],[111.85809,32.5147],[111.857,32.5322],[111.82511,32.53072],[111.78264,32.54713],[111.77604,32.56154],[111.75765,32.56203],[111.70973,32.60858],[111.65188,32.61799],[111.64299,32.60194],[111.63424,32.61075],[111.63194,32.6199],[111.66594,32.64515],[111.70371,32.63594],[111.71534,32.64359],[111.71089,32.65865],[111.71817,32.66871],[111.78605,32.6603],[111.80232,32.67151],[111.81446,32.66057],[111.82171,32.66613],[111.84572,32.66174],[111.84713,32.67835],[111.85739,32.67541],[111.86675,32.68262],[111.87324,32.69202],[111.86266,32.71104],[111.82,32.73612],[111.82,32.74335],[111.83967,32.75423],[111.83251,32.77053],[111.8389,32.79506],[111.82247,32.81301],[111.8272,32.81977],[111.79918,32.83057],[111.79041,32.8751],[111.80101,32.88075],[111.81072,32.91466],[111.8326,32.92892],[111.83054,32.94363],[111.90385,32.96038],[111.89218,32.9974],[111.93928,32.98594]]]}},{"type":"Feature","id":"CTAMAP-2001-COUNTY-0385","properties":{"map_level":"county","source_name":"二七区","source_code":"410103","county_type":"市辖区","prefecture_name":"郑州市","prefecture_code":"410100","prefecture_type":"地级市","parent_entity_id":"CNUR-000152","parent_year_end_name":"郑州市","province_name":"河南省","province_code":"410000","snapshot_year":2001,"panel_year":2000,"link_status":"parent_linked","former_name":"","note":""},"geometry":{"type":"Polygon","coordinates":[[[113.62753,34.76726],[113.6452,34.75927],[113.66086,34.76427],[113.65773,34.73965],[113.67041,34.71598],[113.66081,34.70412],[113.66982,34.69507],[113.64639,34.66458],[113.66082,34.65613],[113.65692,34.64419],[113.6252,34.64053],[113.61339,34.62803],[113.5972,34.62957],[113.59225,34.61299],[113.60173,34.60861],[113.59819,34.60396],[113.58431,34.60514],[113.5788,34.6136],[113.56915,34.60653],[113.5666,34.62628],[113.55376,34.63678],[113.53397,34.61387],[113.53076,34.62754],[113.49793,34.65038],[113.50718,34.66228],[113.4997,34.67444],[113.50164,34.70792],[113.50989,34.7181],[113.52749,34.71891],[113.54434,34.69943],[113.55963,34.72015],[113.60637,34.70842],[113.61561,34.71413],[113.62753,34.76726]]]}},{"type":"Feature","id":"CTAMAP-2001-COUNTY-0389","properties":{"map_level":"county","source_name":"范县","source_code":"410926","county_type":"县","prefecture_name":"濮阳市","prefecture_code":"410900","prefecture_type":"地级市","parent_entity_id":"CNUR-000160","parent_year_end_name":"濮阳市","province_name":"河南省","province_code":"410000","snapshot_year":2001,"panel_year":2000,"link_status":"parent_linked","former_name":"","note":""},"geometry":{"type":"Polygon","coordinates":[[[115.72872,35.83157],[115.71181,35.80312],[115.7006,35.80608],[115.69072,35.78882],[115.6878,35.7542],[115.58634,35.73824],[115.58612,35.72852],[115.55821,35.73527],[115.50668,35.72558],[115.47807,35.70114],[115.45683,35.66937],[115.4602,35.66314],[115.42024,35.65523],[115.4414,35.65088],[115.42765,35.65027],[115.41797,35.62616],[115.39042,35.63884],[115.38698,35.65522],[115.35858,35.64023],[115.35975,35.67225],[115.34587,35.68036],[115.34577,35.68838],[115.36281,35.68784],[115.3723,35.67832],[115.38593,35.69038],[115.35158,35.70043],[115.34457,35.73166],[115.34919,35.753],[115.33475,35.76305],[115.3554,35.77515],[115.36587,35.79214],[115.39411,35.80602],[115.44719,35.86449],[115.49661,35.88875],[115.53841,35.89586],[115.58224,35.9224],[115.61063,35.92693],[115.63773,35.92133],[115.64599,35.92992],[115.67507,35.91552],[115.68117,35.90222],[115.69371,35.90825],[115.69942,35.89329],[115.69173,35.8885],[115.71418,35.86424],[115.69099,35.8452],[115.72872,35.83157]]]}},{"type":"Feature","id":"CTAMAP-2001-COUNTY-0390","properties":{"map_level":"county","source_name":"方城县","source_code":"411322","county_type":"县","prefecture_name":"南阳市","prefecture_code":"411300","prefecture_type":"地级市","parent_entity_id":"CNUR-000164","parent_year_end_name":"南阳市","province_name":"河南省","province_code":"410000","snapshot_year":2001,"panel_year":2000,"link_status":"parent_linked","former_name":"","note":""},"geometry":{"type":"Polygon","coordinates":[[[113.01691,33.56253],[113.02311,33.54701],[113.03063,33.54824],[113.03125,33.53857],[113.04086,33.53547],[113.04799,33.48886],[113.03544,33.47724],[113.03973,33.44145],[113.06787,33.45002],[113.10365,33.44607],[113.11877,33.44136],[113.12193,33.42825],[113.13146,33.42466],[113.17464,33.43632],[113.20507,33.40355],[113.22316,33.39494],[113.21867,33.37846],[113.22639,33.36672],[113.2494,33.36768],[113.2724,33.35097],[113.28953,33.35314],[113.3012,33.34356],[113.33203,33.35329],[113.39613,33.33571],[113.38955,33.32682],[113.40117,33.32426],[113.39209,33.31385],[113.39753,33.30424],[113.37781,33.29626],[113.40032,33.26157],[113.39863,33.23288],[113.37991,33.2211],[113.37237,33.18482],[113.35985,33.18633],[113.37949,33.17787],[113.38259,33.12898],[113.36202,33.10095],[113.31933,33.08276],[113.30082,33.08248],[113.29712,33.08906],[113.26629,33.08097],[113.25487,33.08531],[113.21404,33.06451],[113.19727,33.07249],[113.19646,33.08679],[113.18898,33.09068],[113.18823,33.11792],[113.17901,33.13106],[113.18643,33.13186],[113.18471,33.14171],[113.17556,33.15104],[113.14631,33.15463],[113.10127,33.13009],[113.08714,33.13561],[113.09524,33.12038],[113.08115,33.10835],[113.06795,33.11446],[113.06091,33.13122],[113.04829,33.13463],[113.04068,33.15291],[113.01947,33.13629],[112.99812,33.14199],[112.99425,33.12185],[112.97579,33.12983],[112.97581,33.13833],[112.95265,33.13274],[112.94113,33.1],[112.92349,33.10009],[112.92795,33.10951],[112.91991,33.11752],[112.89771,33.12544],[112.86372,33.107],[112.78247,33.11969],[112.76366,33.10167],[112.73003,33.11534],[112.7262,33.1106],[112.71655,33.12158],[112.72241,33.13608],[112.7164,33.13936],[112.70885,33.1337],[112.68706,33.14592],[112.68491,33.13114],[112.65616,33.13713],[112.6512,33.14235],[112.65782,33.15766],[112.64997,33.16457],[112.6401,33.15469],[112.63395,33.16171],[112.62708,33.17356],[112.6353,33.20637],[112.6592,33.22891],[112.65799,33.25073],[112.64528,33.27319],[112.65479,33.29167],[112.64163,33.29988],[112.65207,33.34186],[112.67141,33.35964],[112.68844,33.3563],[112.68969,33.36793],[112.70899,33.36551],[112.70704,33.34865],[112.71353,33.34665],[112.71841,33.36676],[112.74015,33.38996],[112.74091,33.4036],[112.7655,33.40621],[112.78365,33.41871],[112.78244,33.43458],[112.8059,33.45451],[112.81114,33.48182],[112.84014,33.50417],[112.82697,33.51608],[112.84936,33.54548],[112.85027,33.60592],[112.88516,33.6098],[112.89024,33.61654],[112.90537,33.60815],[112.93709,33.60908],[112.94389,33.59062],[112.96807,33.5864],[112.98102,33.57095],[113.01691,33.56253]]]}},{"type":"Feature","id":"CTAMAP-2001-COUNTY-0417","properties":{"map_level":"county","source_name":"封丘县","source_code":"410727","county_type":"县","prefecture_name":"新乡市","prefecture_code":"410700","prefecture_type":"地级市","parent_entity_id":"CNUR-000158","parent_year_end_name":"新乡市","province_name":"河南省","province_code":"410000","snapshot_year":2001,"panel_year":2000,"link_status":"parent_linked","former_name":"","note":""},"geometry":{"type":"Polygon","coordinates":[[[114.48202,35.2078],[114.48709,35.17126],[114.53085,35.17831],[114.55687,35.16381],[114.57075,35.13998],[114.61081,35.13641],[114.63287,35.12635],[114.64098,35.11403],[114.63706,35.10181],[114.65406,35.08898],[114.66165,35.06732],[114.69796,35.04816],[114.69873,35.03662],[114.72752,35.01395],[114.74848,35.01154],[114.74392,35.00687],[114.75069,35.00053],[114.77658,34.99171],[114.73953,34.9499],[114.77636,34.91929],[114.7643,34.89648],[114.74623,34.89071],[114.69674,34.90692],[114.65127,34.8981],[114.56443,34.91507],[114.51757,34.89987],[114.47386,34.92981],[114.46296,34.91267],[114.43263,34.89456],[114.41705,34.89663],[114.38593,34.92658],[114.35777,34.90823],[114.28276,34.92358],[114.26574,34.89805],[114.2425,34.89773],[114.24873,34.91639],[114.23669,34.95441],[114.24523,34.99586],[114.23939,35.03586],[114.26961,35.08411],[114.25561,35.08783],[114.25056,35.1072],[114.27468,35.15012],[114.31057,35.18985],[114.3616,35.17427],[114.37378,35.16227],[114.38243,35.17464],[114.37747,35.18855],[114.38667,35.21092],[114.39515,35.21004],[114.38844,35.21717],[114.41029,35.2296],[114.42795,35.21695],[114.42487,35.20662],[114.45527,35.21664],[114.48202,35.2078]]]}},{"type":"Feature","id":"CTAMAP-2001-COUNTY-0423","properties":{"map_level":"county","source_name":"北站区","source_code":"410704","county_type":"市辖区","prefecture_name":"新乡市","prefecture_code":"410700","prefecture_type":"地级市","parent_entity_id":"CNUR-000158","parent_year_end_name":"新乡市","province_name":"河南省","province_code":"410000","snapshot_year":2001,"panel_year":2000,"link_status":"parent_linked","former_name":"","note":""},"geometry":{"type":"Polygon","coordinates":[[[113.85345,35.36226],[113.85629,35.37654],[113.84678,35.38628],[113.86067,35.40786],[113.86988,35.40372],[113.87566,35.43316],[113.8992,35.42759],[113.9112,35.44062],[113.90915,35.45039],[113.91699,35.45274],[113.94491,35.43908],[113.94733,35.41242],[113.96596,35.39492],[113.90563,35.36303],[113.85345,35.36226]]]}},{"type":"Feature","id":"CTAMAP-2001-COUNTY-0433","properties":{"map_level":"county","source_name":"扶沟县","source_code":"411621","county_type":"县","prefecture_name":"周口市","prefecture_code":"411600","prefecture_type":"地级市","parent_entity_id":"CNUR-000167","parent_year_end_name":"周口市","province_name":"河南省","province_code":"410000","snapshot_year":2001,"panel_year":2000,"link_status":"parent_linked","former_name":"","note":""},"geometry":{"type":"Polygon","coordinates":[[[114.61086,34.2618],[114.60253,34.23401],[114.61042,34.21185],[114.60923,34.17987],[114.55864,34.1778],[114.53699,34.15592],[114.53345,34.13304],[114.54644,34.11513],[114.547,34.10203],[114.53604,34.09213],[114.53909,34.06535],[114.56486,34.07793],[114.5903,34.07086],[114.59859,34.0444],[114.5811,34.03219],[114.58322,34.0152],[114.57054,34.00147],[114.5701,33.98429],[114.58239,33.98326],[114.58466,33.97381],[114.60319,33.96423],[114.56207,33.95104],[114.52816,33.95496],[114.47952,33.93687],[114.49273,33.90894],[114.48108,33.90345],[114.4806,33.88693],[114.41381,33.89033],[114.41337,33.87962],[114.3955,33.88051],[114.33608,33.853],[114.32482,33.85299],[114.32435,33.86466],[114.3065,33.86082],[114.31071,33.88804],[114.29987,33.89145],[114.29488,33.95587],[114.30227,33.98543],[114.29677,34.00025],[114.28418,34.00353],[114.28346,34.03447],[114.2696,34.04824],[114.25839,34.0974],[114.28372,34.13859],[114.26734,34.18604],[114.27631,34.22066],[114.2684,34.23676],[114.24582,34.24317],[114.2768,34.27907],[114.29153,34.26832],[114.32478,34.26699],[114.33726,34.25071],[114.38423,34.24268],[114.38464,34.24903],[114.4017,34.24702],[114.40727,34.26707],[114.4343,34.26798],[114.44347,34.2918],[114.45077,34.2934],[114.41443,34.30628],[114.43508,34.33283],[114.47226,34.33249],[114.49011,34.31062],[114.51293,34.30872],[114.52238,34.29039],[114.55494,34.27252],[114.57707,34.27583],[114.61086,34.2618]]]}},{"type":"Feature","id":"CTAMAP-2001-COUNTY-0527","properties":{"map_level":"county","source_name":"巩义市","source_code":"410181","county_type":"县级市","prefecture_name":"郑州市","prefecture_code":"410100","prefecture_type":"地级市","parent_entity_id":"CNUR-000152","parent_year_end_name":"郑州市","province_name":"河南省","province_code":"410000","snapshot_year":2001,"panel_year":2000,"link_status":"parent_linked","former_name":"","note":""},"geometry":{"type":"Polygon","coordinates":[[[113.13854,34.8568],[113.16176,34.81758],[113.14966,34.81395],[113.15499,34.78994],[113.14439,34.77782],[113.16488,34.7676],[113.16406,34.75772],[113.18221,34.76103],[113.22324,34.75036],[113.26315,34.76472],[113.27125,34.74288],[113.25896,34.72974],[113.26607,34.72285],[113.2526,34.69891],[113.25794,34.68743],[113.2488,34.67548],[113.2561,34.66444],[113.24783,34.65196],[113.23212,34.64017],[113.19745,34.63681],[113.19526,34.61431],[113.19099,34.62653],[113.18486,34.62116],[113.18488,34.60386],[113.15798,34.59868],[113.13827,34.58743],[113.13506,34.57662],[113.10508,34.56514],[113.0737,34.57062],[113.05967,34.55727],[113.04826,34.56763],[113.03539,34.56643],[113.03532,34.551],[113.01871,34.53683],[113.01374,34.52013],[112.98711,34.52445],[112.97984,34.5402],[112.97443,34.53582],[112.96046,34.54669],[112.88914,34.54873],[112.87138,34.56058],[112.85571,34.59164],[112.8423,34.58822],[112.83035,34.59526],[112.83752,34.60925],[112.84757,34.60842],[112.84768,34.6171],[112.8192,34.62677],[112.84034,34.63307],[112.83713,34.64772],[112.82421,34.6566],[112.82981,34.66871],[112.82125,34.67412],[112.82041,34.69312],[112.86237,34.70923],[112.89577,34.69499],[112.93125,34.72274],[112.89863,34.74058],[112.89907,34.75441],[112.91129,34.76501],[112.89346,34.78205],[112.85687,34.77957],[112.84444,34.78573],[112.83312,34.77097],[112.80895,34.77974],[112.80789,34.83339],[112.84304,34.81042],[112.8709,34.84406],[112.88479,34.84976],[112.92489,34.82951],[113.00058,34.86242],[113.05019,34.85723],[113.09681,34.87292],[113.10343,34.85768],[113.13854,34.8568]]]}},{"type":"Feature","id":"CTAMAP-2001-COUNTY-0547","properties":{"map_level":"county","source_name":"固始县","source_code":"411525","county_type":"县","prefecture_name":"信阳市","prefecture_code":"411500","prefecture_type":"地级市","parent_entity_id":"CNUR-000166","parent_year_end_name":"信阳市","province_name":"河南省","province_code":"410000","snapshot_year":2001,"panel_year":2000,"link_status":"parent_linked","former_name":"","note":""},"geometry":{"type":"Polygon","coordinates":[[[115.92452,32.56965],[115.90616,32.56989],[115.87247,32.54562],[115.86807,32.52816],[115.83925,32.50613],[115.86682,32.50734],[115.87773,32.49353],[115.87667,32.47598],[115.85836,32.4624],[115.87965,32.45492],[115.87579,32.43463],[115.89397,32.39367],[115.89232,32.34867],[115.90381,32.32753],[115.90583,32.28644],[115.91822,32.26897],[115.90742,32.23125],[115.93387,32.16424],[115.92137,32.10759],[115.93857,32.07721],[115.9286,32.06054],[115.92309,32.05982],[115.92212,32.06098],[115.91964,32.06067],[115.92268,32.03869],[115.91446,32.03087],[115.92938,32.0],[115.91849,31.99726],[115.91996,31.98546],[115.90367,31.95245],[115.91741,31.92054],[115.90019,31.88331],[115.89065,31.8786],[115.88791,31.83823],[115.90929,31.82207],[115.9054,31.7952],[115.87492,31.77732],[115.85204,31.77604],[115.84464,31.78834],[115.80962,31.76518],[115.80283,31.77602],[115.78927,31.77507],[115.76309,31.79009],[115.73545,31.78494],[115.72532,31.77086],[115.73388,31.76743],[115.72898,31.76297],[115.70669,31.77377],[115.69392,31.76959],[115.67695,31.78164],[115.6572,31.76289],[115.63338,31.75961],[115.62973,31.76966],[115.61091,31.7776],[115.62206,31.79211],[115.61453,31.80289],[115.6051,31.80621],[115.58091,31.79516],[115.56161,31.82696],[115.57404,31.83427],[115.57042,31.86527],[115.58424,31.90068],[115.60357,31.91568],[115.5804,31.94194],[115.57655,31.96938],[115.55778,31.96343],[115.5667,31.97109],[115.55946,31.9741],[115.56685,31.99066],[115.55042,32.01353],[115.54431,32.03928],[115.50432,32.03413],[115.49337,32.05083],[115.50172,32.07386],[115.46564,32.09262],[115.46321,32.10078],[115.44617,32.09993],[115.42406,32.08617],[115.41606,32.04751],[115.42321,32.03334],[115.41672,32.02503],[115.40217,32.02245],[115.37739,32.05786],[115.36709,32.05507],[115.37147,32.07452],[115.34402,32.14346],[115.35243,32.17053],[115.36526,32.1777],[115.36036,32.21183],[115.36756,32.2422],[115.37221,32.24964],[115.40163,32.25172],[115.46004,32.28107],[115.50121,32.28034],[115.52479,32.32012],[115.54542,32.33533],[115.55015,32.35957],[115.5711,32.36174],[115.57057,32.38566],[115.57983,32.38777],[115.57804,32.40247],[115.59148,32.42646],[115.6032,32.42734],[115.61994,32.40711],[115.64613,32.42666],[115.65138,32.41062],[115.66314,32.41313],[115.67634,32.44586],[115.66908,32.4671],[115.69544,32.47152],[115.68629,32.48588],[115.69426,32.49664],[115.73884,32.47809],[115.7576,32.48665],[115.76505,32.50783],[115.78139,32.48871],[115.77839,32.46798],[115.8186,32.50444],[115.83585,32.50269],[115.83557,32.52887],[115.85981,32.54338],[115.88722,32.57904],[115.90838,32.57965],[115.92452,32.56965]]]}},{"type":"Feature","id":"CTAMAP-2001-COUNTY-0555","properties":{"map_level":"county","source_name":"管城回族区","source_code":"410104","county_type":"市辖区","prefecture_name":"郑州市","prefecture_code":"410100","prefecture_type":"地级市","parent_entity_id":"CNUR-000152","parent_year_end_name":"郑州市","province_name":"河南省","province_code":"410000","snapshot_year":2001,"panel_year":2000,"link_status":"parent_linked","former_name":"","note":""},"geometry":{"type":"Polygon","coordinates":[[[113.81028,34.76238],[113.85265,34.72734],[113.81355,34.68114],[113.81107,34.65065],[113.80369,34.65147],[113.80134,34.66352],[113.78713,34.65115],[113.78539,34.62017],[113.76321,34.62232],[113.74365,34.61372],[113.74033,34.62597],[113.71993,34.62789],[113.70443,34.65076],[113.6903,34.65343],[113.67841,34.63526],[113.65746,34.64513],[113.66003,34.6576],[113.64634,34.66176],[113.66949,34.68984],[113.66919,34.70119],[113.66081,34.70412],[113.67041,34.71598],[113.65773,34.73965],[113.66076,34.76039],[113.70487,34.7528],[113.70201,34.74055],[113.7129,34.74072],[113.7149,34.73309],[113.75523,34.7626],[113.7804,34.7546],[113.78389,34.76537],[113.80236,34.76961],[113.81192,34.76981],[113.81028,34.76238]]]}},{"type":"Feature","id":"CTAMAP-2001-COUNTY-0559","properties":{"map_level":"county","source_name":"光山县","source_code":"411522","county_type":"县","prefecture_name":"信阳市","prefecture_code":"411500","prefecture_type":"地级市","parent_entity_id":"CNUR-000166","parent_year_end_name":"信阳市","province_name":"河南省","province_code":"410000","snapshot_year":2001,"panel_year":2000,"link_status":"parent_linked","former_name":"","note":""},"geometry":{"type":"Polygon","coordinates":[[[114.9008,32.18955],[114.90879,32.18478],[114.89743,32.14557],[114.94422,32.09283],[114.94545,32.0806],[114.96577,32.07038],[115.00555,32.07603],[114.99283,32.05703],[114.99803,32.03863],[114.9747,32.00649],[114.9986,32.00394],[114.98775,31.97181],[114.99075,31.9572],[115.02763,31.92777],[115.04838,31.92192],[115.06339,31.9299],[115.10816,31.87489],[115.13471,31.87028],[115.1251,31.86477],[115.11823,31.82017],[115.10873,31.81198],[115.11271,31.7935],[115.13957,31.78482],[115.14068,31.77196],[115.16712,31.76299],[115.18159,31.74161],[115.15795,31.70773],[115.11602,31.70564],[115.11581,31.71976],[115.0853,31.73022],[115.08203,31.73926],[115.04789,31.72559],[115.03507,31.75068],[115.02065,31.74984],[115.01362,31.73907],[114.98396,31.75163],[114.93931,31.7366],[114.9367,31.74568],[114.88323,31.76223],[114.83654,31.79521],[114.82318,31.7762],[114.78804,31.77354],[114.77435,31.76172],[114.77246,31.78766],[114.74705,31.79482],[114.73017,31.7841],[114.72385,31.79239],[114.70314,31.79299],[114.70875,31.80521],[114.69326,31.79645],[114.68776,31.78009],[114.66199,31.78571],[114.66209,31.8001],[114.64497,31.80769],[114.61042,31.80463],[114.57838,31.81898],[114.57907,31.83637],[114.56587,31.84861],[114.57815,31.88144],[114.59315,31.89265],[114.59287,31.91087],[114.58144,31.93411],[114.5666,31.93892],[114.56783,31.94844],[114.55408,31.95068],[114.54067,31.96477],[114.54011,31.98262],[114.56657,31.9978],[114.56836,32.01796],[114.59539,32.0274],[114.59738,32.04832],[114.62538,32.10152],[114.64066,32.11907],[114.65574,32.1234],[114.6485,32.14385],[114.652,32.15836],[114.67754,32.17657],[114.67885,32.19372],[114.70382,32.19067],[114.71152,32.18061],[114.73725,32.18843],[114.77346,32.15342],[114.81965,32.1378],[114.84122,32.14555],[114.85188,32.16064],[114.88984,32.17708],[114.9008,32.18955]]]}},{"type":"Feature","id":"CTAMAP-2001-COUNTY-0652","properties":{"map_level":"county","source_name":"鹤山区","source_code":"410602","county_type":"市辖区","prefecture_name":"鹤壁市","prefecture_code":"410600","prefecture_type":"地级市","parent_entity_id":"CNUR-000157","parent_year_end_name":"鹤壁市","province_name":"河南省","province_code":"410000","snapshot_year":2001,"panel_year":2000,"link_status":"parent_linked","former_name":"","note":""},"geometry":{"type":"Polygon","coordinates":[[[114.16966,36.05237],[114.17282,36.01073],[114.16468,35.99826],[114.18122,35.9812],[114.19625,35.99212],[114.20243,35.95338],[114.14784,35.9115],[114.0771,35.91327],[114.03216,35.93357],[114.02417,35.94618],[114.02699,35.97503],[114.061,35.96334],[114.06701,35.97501],[114.10317,35.98376],[114.09755,35.99688],[114.10333,36.01749],[114.13835,36.03466],[114.14493,36.04705],[114.16966,36.05237]]]}},{"type":"Feature","id":"CTAMAP-2001-COUNTY-0668","properties":{"map_level":"county","source_name":"红旗区","source_code":"410702","county_type":"市辖区","prefecture_name":"新乡市","prefecture_code":"410700","prefecture_type":"地级市","parent_entity_id":"CNUR-000158","parent_year_end_name":"新乡市","province_name":"河南省","province_code":"410000","snapshot_year":2001,"panel_year":2000,"link_status":"parent_linked","former_name":"","note":""},"geometry":{"type":"MultiPolygon","coordinates":[[[[113.88994,35.33724],[113.88387,35.33677],[113.89132,35.33032],[113.88825,35.32083],[113.89532,35.32508],[113.8916,35.33026],[113.90075,35.33001],[113.89504,35.33797],[113.91855,35.32348],[113.89611,35.31635],[113.90244,35.31148],[113.90597,35.31827],[113.90601,35.31128],[113.90072,35.31115],[113.90581,35.29665],[113.89841,35.29291],[113.9169,35.28237],[113.91689,35.25921],[113.92915,35.25914],[113.91137,35.25392],[113.90651,35.23855],[113.90192,35.24362],[113.89286,35.23706],[113.88423,35.27841],[113.86662,35.2788],[113.86736,35.31295],[113.84287,35.3212],[113.84314,35.32781],[113.84794,35.32077],[113.85014,35.32038],[113.85718,35.32501],[113.85185,35.32753],[113.85162,35.32408],[113.84665,35.32448],[113.8485,35.32877],[113.86072,35.33152],[113.86781,35.32257],[113.87466,35.33444],[113.88741,35.32238],[113.8824,35.33536],[113.88323,35.33873],[113.88994,35.33724]]],[[[114.03353,35.32845],[114.03662,35.31402],[114.0516,35.30693],[114.05235,35.29907],[114.08605,35.29897],[114.08589,35.27746],[114.04243,35.26324],[114.0343,35.26821],[114.02879,35.25702],[114.00997,35.27022],[113.98185,35.27201],[113.9802,35.28086],[113.95015,35.29176],[113.95329,35.3037],[113.96732,35.30713],[113.97683,35.32486],[114.01158,35.34105],[114.03637,35.34767],[114.04305,35.33827],[114.03353,35.32845]]]]}},{"type":"Feature","id":"CTAMAP-2001-COUNTY-0685","properties":{"map_level":"county","source_name":"湖滨区","source_code":"411202","county_type":"市辖区","prefecture_name":"三门峡市","prefecture_code":"411200","prefecture_type":"地级市","parent_entity_id":"CNUR-000163","parent_year_end_name":"三门峡市","province_name":"河南省","province_code":"410000","snapshot_year":2001,"panel_year":2000,"link_status":"parent_linked","former_name":"","note":""},"geometry":{"type":"Polygon","coordinates":[[[111.39422,34.81772],[111.39258,34.79806],[111.37545,34.77572],[111.39094,34.76902],[111.38922,34.76242],[111.30648,34.76947],[111.30064,34.76369],[111.33792,34.74829],[111.3204,34.73894],[111.31985,34.73098],[111.33893,34.72897],[111.34228,34.72012],[111.30148,34.70614],[111.27773,34.70874],[111.28156,34.69722],[111.27171,34.69412],[111.2624,34.67008],[111.25099,34.67198],[111.24789,34.69353],[111.23484,34.6953],[111.25025,34.70182],[111.24785,34.7064],[111.22785,34.70624],[111.21707,34.72728],[111.18627,34.73427],[111.18229,34.74593],[111.19119,34.7507],[111.17166,34.75558],[111.15892,34.74768],[111.15087,34.78225],[111.12997,34.79294],[111.15408,34.81619],[111.21981,34.78974],[111.2347,34.79508],[111.25028,34.82227],[111.28384,34.80726],[111.3363,34.83261],[111.35378,34.8221],[111.39422,34.81772]]]}},{"type":"Feature","id":"CTAMAP-2001-COUNTY-0696","properties":{"map_level":"county","source_name":"市区","source_code":"410902","county_type":"市辖区","prefecture_name":"濮阳市","prefecture_code":"410900","prefecture_type":"地级市","parent_entity_id":"CNUR-000160","parent_year_end_name":"濮阳市","province_name":"河南省","province_code":"410000","snapshot_year":2001,"panel_year":2000,"link_status":"parent_linked","former_name":"","note":""},"geometry":{"type":"MultiPolygon","coordinates":[[[[115.23576,35.77795],[115.20585,35.75631],[115.17046,35.74541],[115.15038,35.74678],[115.14765,35.76186],[115.12144,35.76381],[115.08912,35.7447],[115.06543,35.74575],[115.06839,35.73328],[115.08366,35.74388],[115.07717,35.72392],[114.99962,35.73761],[114.9896,35.72234],[114.96988,35.71866],[114.98293,35.70787],[114.96804,35.70155],[114.99849,35.69898],[114.99263,35.68843],[114.97251,35.68278],[114.93827,35.69519],[114.9228,35.69504],[114.91155,35.68509],[114.90743,35.69441],[114.89802,35.69508],[114.89805,35.70473],[114.90978,35.70718],[114.89664,35.73101],[114.8825,35.73397],[114.8793,35.75833],[114.93464,35.78906],[114.94449,35.81794],[114.92563,35.83038],[114.92605,35.85199],[114.95525,35.86305],[114.97305,35.85515],[115.02204,35.85691],[115.05053,35.83971],[115.04641,35.81746],[115.09438,35.81017],[115.09625,35.82002],[115.11982,35.8168],[115.13181,35.81032],[115.13096,35.7989],[115.1438,35.79741],[115.15674,35.80751],[115.20796,35.80905],[115.21274,35.78773],[115.23935,35.79269],[115.23576,35.77795]]],[[[114.99778,35.68836],[115.00226,35.67866],[114.99627,35.67257],[114.98584,35.68197],[114.99778,35.68836]]]]}},{"type":"Feature","id":"CTAMAP-2001-COUNTY-0705","properties":{"map_level":"county","source_name":"滑县","source_code":"410526","county_type":"县","prefecture_name":"安阳市","prefecture_code":"410500","prefecture_type":"地级市","parent_entity_id":"CNUR-000156","parent_year_end_name":"安阳市","province_name":"河南省","province_code":"410000","snapshot_year":2001,"panel_year":2000,"link_status":"parent_linked","former_name":"","note":""},"geometry":{"type":"MultiPolygon","coordinates":[[[[114.88996,35.64278],[114.86968,35.62992],[114.86537,35.60333],[114.92898,35.58726],[114.95788,35.5705],[114.95394,35.55354],[114.96401,35.54022],[114.96461,35.50691],[114.9371,35.49826],[114.93141,35.48307],[114.9671,35.47902],[114.95697,35.43925],[114.97544,35.43554],[114.97834,35.41106],[114.96052,35.40183],[114.94501,35.3803],[114.88483,35.39198],[114.8525,35.38924],[114.79586,35.3449],[114.75219,35.33726],[114.73621,35.34689],[114.69476,35.34199],[114.69424,35.30477],[114.67851,35.3017],[114.67618,35.29174],[114.65892,35.28958],[114.63049,35.29959],[114.60193,35.29292],[114.58231,35.27735],[114.55471,35.26962],[114.52627,35.23023],[114.51567,35.23484],[114.49363,35.22702],[114.48202,35.2078],[114.45527,35.21664],[114.42487,35.20662],[114.42795,35.21695],[114.41029,35.2296],[114.38872,35.21781],[114.38613,35.22594],[114.40362,35.23868],[114.38939,35.24068],[114.38567,35.25794],[114.40254,35.27331],[114.38451,35.29013],[114.40516,35.29602],[114.41332,35.31094],[114.39895,35.31739],[114.39721,35.32792],[114.43283,35.33657],[114.41892,35.33996],[114.41799,35.35233],[114.39936,35.35652],[114.41808,35.38516],[114.39792,35.42562],[114.42564,35.45959],[114.38639,35.51041],[114.46416,35.56325],[114.48007,35.58683],[114.49665,35.58202],[114.48785,35.59613],[114.49382,35.60959],[114.51951,35.59871],[114.53808,35.60106],[114.54511,35.61765],[114.57209,35.61637],[114.61298,35.64697],[114.64009,35.65491],[114.66865,35.6523],[114.68479,35.68645],[114.7201,35.69514],[114.74277,35.6768],[114.77188,35.68269],[114.78355,35.67596],[114.82459,35.67671],[114.82402,35.66142],[114.86862,35.65701],[114.88996,35.64278]]],[[[114.87705,35.60609],[114.87565,35.60501],[114.87641,35.60624],[114.87705,35.60609]]]]}},{"type":"Feature","id":"CTAMAP-2001-COUNTY-0719","properties":{"map_level":"county","source_name":"淮滨县","source_code":"411527","county_type":"县","prefecture_name":"信阳市","prefecture_code":"411500","prefecture_type":"地级市","parent_entity_id":"CNUR-000166","parent_year_end_name":"信阳市","province_name":"河南省","province_code":"410000","snapshot_year":2001,"panel_year":2000,"link_status":"parent_linked","former_name":"","note":""},"geometry":{"type":"Polygon","coordinates":[[[115.16979,32.60807],[115.21106,32.58935],[115.25076,32.59739],[115.25625,32.59133],[115.24884,32.58774],[115.26037,32.58018],[115.27575,32.5933],[115.29563,32.59013],[115.29994,32.58546],[115.29097,32.56416],[115.30329,32.55409],[115.40502,32.57816],[115.40624,32.5601],[115.43675,32.54897],[115.43245,32.53452],[115.48116,32.51351],[115.51881,32.44301],[115.53138,32.44178],[115.54331,32.42547],[115.56527,32.42233],[115.54817,32.40947],[115.56012,32.40604],[115.59148,32.42646],[115.57804,32.40247],[115.57983,32.38777],[115.57057,32.38566],[115.5711,32.36174],[115.55015,32.35957],[115.54542,32.33533],[115.52479,32.32012],[115.50121,32.28034],[115.46004,32.28107],[115.40163,32.25172],[115.37986,32.24949],[115.31036,32.25658],[115.2982,32.28231],[115.31709,32.32776],[115.28679,32.36354],[115.271,32.356],[115.23972,32.3594],[115.233,32.35021],[115.24209,32.34602],[115.23407,32.33531],[115.21887,32.34604],[115.19864,32.34288],[115.18254,32.36314],[115.16633,32.35832],[115.13312,32.36604],[115.11726,32.3804],[115.1248,32.39869],[115.11562,32.41442],[115.11322,32.46715],[115.10041,32.49603],[115.08736,32.51566],[115.03556,32.52708],[115.04396,32.5516],[115.07234,32.55912],[115.06892,32.57595],[115.06102,32.58695],[115.01633,32.58765],[115.0442,32.61053],[115.06982,32.61605],[115.0716,32.63332],[115.08505,32.63878],[115.10755,32.60738],[115.12132,32.61054],[115.13401,32.60271],[115.13787,32.58042],[115.16979,32.60807]]]}},{"type":"Feature","id":"CTAMAP-2001-COUNTY-0721","properties":{"map_level":"county","source_name":"淮阳县","source_code":"411626","county_type":"县","prefecture_name":"周口市","prefecture_code":"411600","prefecture_type":"地级市","parent_entity_id":"CNUR-000167","parent_year_end_name":"周口市","province_name":"河南省","province_code":"410000","snapshot_year":2001,"panel_year":2000,"link_status":"parent_linked","former_name":"","note":""},"geometry":{"type":"Polygon","coordinates":[[[115.05969,33.9212],[115.0553,33.91142],[115.07049,33.9126],[115.07957,33.90442],[115.06121,33.89195],[115.06731,33.85355],[115.08327,33.81827],[115.08077,33.79313],[115.06569,33.77418],[115.06166,33.75385],[115.04174,33.74896],[115.04011,33.71889],[115.01951,33.70468],[115.01991,33.6856],[115.00429,33.66927],[115.01533,33.6316],[115.03931,33.62182],[115.05991,33.60068],[115.04894,33.56677],[115.05028,33.51667],[115.05985,33.51209],[115.05263,33.50177],[115.06844,33.48434],[115.0481,33.47196],[115.04871,33.45561],[115.02291,33.44615],[115.01922,33.42034],[115.01071,33.41385],[114.98155,33.41629],[114.94879,33.45608],[114.9019,33.45345],[114.89038,33.47496],[114.9019,33.48165],[114.9012,33.48918],[114.86324,33.51357],[114.86335,33.52726],[114.83,33.56086],[114.81203,33.56556],[114.80652,33.58538],[114.82173,33.58532],[114.85191,33.61785],[114.8223,33.6377],[114.81903,33.66757],[114.80969,33.6796],[114.78636,33.69375],[114.77322,33.66912],[114.75813,33.66351],[114.75377,33.68063],[114.72755,33.70886],[114.69865,33.71219],[114.66272,33.70181],[114.64938,33.71684],[114.64657,33.75653],[114.7131,33.76355],[114.70815,33.79757],[114.71863,33.81876],[114.69915,33.87941],[114.71345,33.91328],[114.72895,33.91414],[114.74748,33.90214],[114.84207,33.90756],[114.8483,33.91629],[114.87006,33.91672],[114.87809,33.9041],[114.8883,33.91355],[114.95494,33.91506],[114.9693,33.89653],[114.97605,33.90571],[114.9926,33.9033],[115.00389,33.91412],[115.00048,33.92209],[115.01633,33.928],[115.04483,33.93034],[115.05969,33.9212]]]}},{"type":"Feature","id":"CTAMAP-2001-COUNTY-0743","properties":{"map_level":"county","source_name":"潢川县","source_code":"411526","county_type":"县","prefecture_name":"信阳市","prefecture_code":"411500","prefecture_type":"地级市","parent_entity_id":"CNUR-000166","parent_year_end_name":"信阳市","province_name":"河南省","province_code":"410000","snapshot_year":2001,"panel_year":2000,"link_status":"parent_linked","former_name":"","note":""},"geometry":{"type":"Polygon","coordinates":[[[115.37221,32.24964],[115.3609,32.22284],[115.36526,32.1777],[115.35243,32.17053],[115.34402,32.14346],[115.37147,32.07452],[115.36713,32.05372],[115.30192,32.03354],[115.3005,32.00678],[115.29056,31.99413],[115.29012,31.95016],[115.27994,31.93805],[115.29215,31.92487],[115.25739,31.90024],[115.24296,31.90848],[115.25011,31.90183],[115.24096,31.89565],[115.24233,31.88361],[115.23462,31.88267],[115.22754,31.89451],[115.21624,31.89302],[115.21589,31.90925],[115.18472,31.8987],[115.16855,31.90013],[115.16614,31.90662],[115.14106,31.89544],[115.13471,31.87028],[115.11033,31.87406],[115.06339,31.9299],[115.04479,31.92194],[115.02152,31.93099],[114.98795,31.96416],[114.9986,32.00394],[114.97465,32.0059],[114.99803,32.03863],[114.99283,32.05703],[115.00555,32.07603],[114.96577,32.07038],[114.94545,32.0806],[114.94422,32.09283],[114.89601,32.15071],[114.90798,32.17848],[114.90011,32.19027],[114.90443,32.20018],[114.95301,32.21596],[114.96919,32.24615],[114.98366,32.24126],[114.99911,32.24905],[115.01092,32.26864],[115.03368,32.28123],[115.02314,32.29479],[115.02942,32.30171],[115.06166,32.3005],[115.07569,32.30902],[115.08499,32.34451],[115.1021,32.3511],[115.1106,32.37941],[115.12122,32.37955],[115.13503,32.36538],[115.16633,32.35832],[115.18254,32.36314],[115.19864,32.34288],[115.21887,32.34604],[115.23407,32.33531],[115.24209,32.34602],[115.233,32.35021],[115.23972,32.3594],[115.271,32.356],[115.28679,32.36354],[115.31709,32.32776],[115.2982,32.28231],[115.31036,32.25658],[115.37221,32.24964]]]}},{"type":"Feature","id":"CTAMAP-2001-COUNTY-0746","properties":{"map_level":"county","source_name":"辉县市","source_code":"410782","county_type":"县级市","prefecture_name":"新乡市","prefecture_code":"410700","prefecture_type":"地级市","parent_entity_id":"CNUR-000158","parent_year_end_name":"新乡市","province_name":"河南省","province_code":"410000","snapshot_year":2001,"panel_year":2000,"link_status":"parent_linked","former_name":"","note":""},"geometry":{"type":"Polygon","coordinates":[[[113.8629,35.6813],[113.86453,35.65158],[113.89589,35.63162],[113.88751,35.61646],[113.8892,35.59236],[113.90678,35.58356],[113.91067,35.57183],[113.92965,35.56588],[113.93613,35.5524],[113.92857,35.54492],[113.94869,35.53932],[113.93012,35.52681],[113.9384,35.5188],[113.93837,35.50309],[113.94984,35.49672],[113.93581,35.4857],[113.95019,35.47698],[113.93681,35.4783],[113.92799,35.45255],[113.90915,35.45039],[113.9112,35.44062],[113.8992,35.42759],[113.87566,35.43316],[113.86988,35.40372],[113.86067,35.40786],[113.83931,35.38351],[113.81004,35.3936],[113.7485,35.39867],[113.74731,35.39007],[113.72754,35.37637],[113.72119,35.34762],[113.69148,35.34388],[113.66623,35.32328],[113.65096,35.32665],[113.62567,35.31871],[113.58654,35.28925],[113.57484,35.29611],[113.50903,35.28988],[113.50382,35.29788],[113.48058,35.2988],[113.47988,35.31939],[113.47101,35.32534],[113.47661,35.33711],[113.45959,35.34827],[113.4584,35.36493],[113.47293,35.3624],[113.47563,35.37102],[113.45953,35.3876],[113.46692,35.40141],[113.42942,35.44307],[113.39157,35.45824],[113.37519,35.49631],[113.39849,35.51483],[113.40748,35.50371],[113.45469,35.51391],[113.46849,35.51],[113.47662,35.52219],[113.50121,35.51537],[113.50327,35.52479],[113.49449,35.52838],[113.48935,35.54485],[113.50262,35.55897],[113.4971,35.57305],[113.53707,35.59717],[113.53942,35.61535],[113.55061,35.62118],[113.54316,35.63317],[113.54505,35.65462],[113.57029,35.63272],[113.61936,35.63314],[113.61959,35.6552],[113.61225,35.66306],[113.61905,35.6738],[113.58672,35.69369],[113.59573,35.69904],[113.59309,35.71331],[113.60024,35.71686],[113.58267,35.75103],[113.59915,35.7598],[113.60063,35.77029],[113.57424,35.7901],[113.60049,35.79958],[113.58099,35.80594],[113.58043,35.82662],[113.59857,35.82266],[113.61725,35.83516],[113.63615,35.82251],[113.66504,35.83975],[113.70419,35.83305],[113.70745,35.82007],[113.73273,35.81804],[113.74457,35.8065],[113.7522,35.76872],[113.79835,35.74289],[113.78857,35.6957],[113.77177,35.68659],[113.77969,35.67501],[113.8629,35.6813]]]}},{"type":"Feature","id":"CTAMAP-2001-COUNTY-0759","properties":{"map_level":"county","source_name":"邙山区","source_code":"410108","county_type":"市辖区","prefecture_name":"郑州市","prefecture_code":"410100","prefecture_type":"地级市","parent_entity_id":"CNUR-000152","parent_year_end_name":"郑州市","province_name":"河南省","province_code":"410000","snapshot_year":2001,"panel_year":2000,"link_status":"parent_linked","former_name":"","note":""},"geometry":{"type":"Polygon","coordinates":[[[113.53754,34.96665],[113.59441,34.93428],[113.63273,34.92429],[113.68622,34.91818],[113.71765,34.90306],[113.79091,34.891],[113.79582,34.8686],[113.77502,34.86277],[113.70866,34.87053],[113.70144,34.85963],[113.6692,34.85214],[113.64017,34.85835],[113.62777,34.84121],[113.6316,34.83172],[113.62279,34.81453],[113.63273,34.79822],[113.62021,34.7925],[113.59442,34.80532],[113.59638,34.82938],[113.58471,34.85053],[113.56708,34.86045],[113.55678,34.85311],[113.50602,34.85615],[113.49197,34.87097],[113.49565,34.88918],[113.50631,34.89854],[113.50282,34.92393],[113.4936,34.9211],[113.50193,34.97148],[113.53754,34.96665]]]}},{"type":"Feature","id":"CTAMAP-2001-COUNTY-0768","properties":{"map_level":"county","source_name":"获嘉县","source_code":"410724","county_type":"县","prefecture_name":"新乡市","prefecture_code":"410700","prefecture_type":"地级市","parent_entity_id":"CNUR-000158","parent_year_end_name":"新乡市","province_name":"河南省","province_code":"410000","snapshot_year":2001,"panel_year":2000,"link_status":"parent_linked","former_name":"","note":""},"geometry":{"type":"Polygon","coordinates":[[[113.71083,35.34639],[113.70066,35.32483],[113.70644,35.31288],[113.71209,35.30282],[113.73589,35.29695],[113.73819,35.27861],[113.71527,35.26197],[113.74105,35.23991],[113.73904,35.22711],[113.72709,35.219],[113.73412,35.20082],[113.72197,35.19178],[113.72079,35.18237],[113.73049,35.1739],[113.72055,35.16251],[113.73394,35.15764],[113.73331,35.10878],[113.74308,35.10418],[113.74424,35.09412],[113.73038,35.08281],[113.71904,35.08356],[113.7168,35.07516],[113.72863,35.06272],[113.71295,35.05226],[113.70737,35.05129],[113.70313,35.06765],[113.68998,35.05752],[113.69541,35.05102],[113.68737,35.04964],[113.67768,35.06104],[113.68375,35.06446],[113.6802,35.07333],[113.67128,35.06173],[113.66638,35.07012],[113.67263,35.07634],[113.65984,35.07559],[113.66312,35.06612],[113.64544,35.05512],[113.65443,35.03772],[113.64369,35.03486],[113.60153,35.08534],[113.59908,35.13213],[113.56003,35.12432],[113.55943,35.14303],[113.53809,35.14111],[113.53651,35.14892],[113.5256,35.15123],[113.52759,35.17684],[113.50988,35.18473],[113.51119,35.21069],[113.51721,35.22036],[113.5417,35.22404],[113.54241,35.23096],[113.52957,35.25442],[113.50677,35.2623],[113.51491,35.29048],[113.57484,35.29611],[113.58654,35.28925],[113.62567,35.31871],[113.65096,35.32665],[113.66623,35.32328],[113.69148,35.34388],[113.71083,35.34639]]]}},{"type":"Feature","id":"CTAMAP-2001-COUNTY-0779","properties":{"map_level":"county","source_name":"吉利区","source_code":"410306","county_type":"市辖区","prefecture_name":"洛阳市","prefecture_code":"410300","prefecture_type":"地级市","parent_entity_id":"CNUR-000154","parent_year_end_name":"洛阳市","province_name":"河南省","province_code":"410000","snapshot_year":2001,"panel_year":2000,"link_status":"parent_linked","former_name":"","note":""},"geometry":{"type":"Polygon","coordinates":[[[112.63373,34.85646],[112.58882,34.85021],[112.56468,34.87583],[112.53386,34.88221],[112.51721,34.9096],[112.53127,34.91579],[112.52364,34.93208],[112.50928,34.9309],[112.50508,34.92076],[112.48823,34.92464],[112.49866,34.94296],[112.51706,34.9445],[112.52994,34.93101],[112.53591,34.94367],[112.55006,34.93874],[112.56324,34.95597],[112.58077,34.92463],[112.59719,34.93505],[112.59197,34.92728],[112.60121,34.92201],[112.62859,34.92729],[112.63032,34.89993],[112.643,34.90062],[112.64329,34.88942],[112.63441,34.8879],[112.63373,34.85646]]]}},{"type":"Feature","id":"CTAMAP-2001-COUNTY-0793","properties":{"map_level":"county","source_name":"济源市","source_code":"419001","county_type":"县级市","prefecture_name":"不统计","prefecture_code":"0","prefecture_type":"不统计","parent_entity_id":"","parent_year_end_name":"","province_name":"河南省","province_code":"410000","snapshot_year":2001,"panel_year":2000,"link_status":"province_direct_or_out_of_scope","former_name":"","note":"省直辖市,省直管,是县级单位"},"geometry":{"type":"Polygon","coordinates":[[[112.05255,35.27995],[112.0845,35.27933],[112.11143,35.26511],[112.14411,35.26934],[112.18955,35.25699],[112.21981,35.2377],[112.29222,35.25258],[112.29607,35.24704],[112.2813,35.2185],[112.359,35.21999],[112.38182,35.23923],[112.39888,35.24273],[112.443,35.23521],[112.44558,35.22874],[112.47455,35.22598],[112.48406,35.23257],[112.51175,35.21973],[112.5268,35.22443],[112.55932,35.21097],[112.56678,35.22242],[112.61366,35.22082],[112.62992,35.23112],[112.6326,35.24159],[112.60961,35.25275],[112.62294,35.27306],[112.6459,35.25808],[112.65498,35.23945],[112.70192,35.2173],[112.69664,35.20656],[112.7038,35.18759],[112.72133,35.2112],[112.75279,35.20424],[112.76546,35.18073],[112.7511,35.15739],[112.76373,35.11302],[112.74783,35.09923],[112.74892,35.08576],[112.73805,35.08257],[112.74338,35.07451],[112.73081,35.06236],[112.72904,35.05476],[112.73614,35.05497],[112.72903,35.039],[112.69629,35.03109],[112.67221,34.9964],[112.6477,34.998],[112.63882,34.98056],[112.61346,34.98292],[112.5882,34.97186],[112.57337,34.97582],[112.55006,34.93874],[112.53598,34.94369],[112.53198,34.9316],[112.52239,34.93302],[112.51697,34.94453],[112.49866,34.94296],[112.48717,34.9209],[112.50508,34.92076],[112.50928,34.9309],[112.52364,34.93208],[112.53127,34.91579],[112.51721,34.9096],[112.52914,34.89657],[112.42936,34.92146],[112.37835,34.91962],[112.33738,34.93894],[112.30154,34.93953],[112.27454,34.96332],[112.2614,34.95846],[112.25126,34.93931],[112.20373,34.96657],[112.18069,34.9691],[112.17419,34.99411],[112.14642,35.01516],[112.09821,35.03064],[112.03161,35.03405],[112.03292,35.04608],[112.04589,35.0456],[112.05627,35.05756],[112.04809,35.09382],[112.06036,35.15101],[112.03411,35.19746],[112.07537,35.22371],[112.06838,35.24992],[112.04619,35.27189],[112.05255,35.27995]]]}},{"type":"Feature","id":"CTAMAP-2001-COUNTY-0810","properties":{"map_level":"county","source_name":"郏县","source_code":"410425","county_type":"县","prefecture_name":"平顶山市","prefecture_code":"410400","prefecture_type":"地级市","parent_entity_id":"CNUR-000155","parent_year_end_name":"平顶山市","province_name":"河南省","province_code":"410000","snapshot_year":2001,"panel_year":2000,"link_status":"parent_linked","former_name":"","note":""},"geometry":{"type":"Polygon","coordinates":[[[113.09801,34.18067],[113.12014,34.14882],[113.11874,34.13468],[113.15659,34.09887],[113.20702,34.11059],[113.22419,34.0906],[113.23839,34.10277],[113.23524,34.11201],[113.24939,34.1147],[113.27837,34.08866],[113.3244,34.06833],[113.31186,34.05054],[113.32711,34.03074],[113.34059,34.02816],[113.33739,34.0384],[113.34845,34.04641],[113.37131,34.03874],[113.38264,34.04634],[113.3904,34.04198],[113.38674,34.02614],[113.40744,34.01606],[113.39156,34.00107],[113.41142,33.9872],[113.41494,33.96215],[113.40852,33.94231],[113.38255,33.93734],[113.35668,33.88538],[113.37795,33.84263],[113.37709,33.82921],[113.34653,33.82804],[113.34445,33.80022],[113.33202,33.79934],[113.31659,33.81257],[113.29894,33.79706],[113.29208,33.81393],[113.29798,33.83663],[113.27827,33.84844],[113.2838,33.85718],[113.26142,33.86677],[113.24872,33.86043],[113.22625,33.86829],[113.23017,33.88168],[113.24834,33.88892],[113.25,33.90181],[113.22013,33.90588],[113.22995,33.92043],[113.16423,33.93865],[113.15003,33.95838],[113.12557,33.96133],[113.1037,33.98443],[113.01131,34.02965],[113.0163,34.05602],[112.99592,34.07523],[113.02019,34.10462],[113.02217,34.12652],[113.05995,34.13668],[113.08315,34.17441],[113.09801,34.18067]]]}},{"type":"Feature","id":"CTAMAP-2001-COUNTY-0818","properties":{"map_level":"county","source_name":"许昌县","source_code":"411023","county_type":"县","prefecture_name":"许昌市","prefecture_code":"411000","prefecture_type":"地级市","parent_entity_id":"CNUR-000161","parent_year_end_name":"许昌市","province_name":"河南省","province_code":"410000","snapshot_year":2001,"panel_year":2000,"link_status":"parent_linked","former_name":"","note":""},"geometry":{"type":"Polygon","coordinates":[[[114.06576,34.15011],[114.06993,34.12491],[114.05834,34.11574],[114.08329,34.1103],[114.08506,34.0984],[114.04023,34.08905],[114.04731,34.07407],[114.03987,34.07065],[114.06283,34.03068],[114.05612,34.01615],[114.07206,34.00053],[114.06371,33.98764],[114.07047,33.97787],[114.05821,33.97287],[114.05811,33.96302],[114.04251,33.98705],[114.00419,33.98647],[113.9894,33.97506],[113.95224,33.98643],[113.9507,33.97754],[113.91487,33.96037],[113.91502,33.94635],[113.8672,33.94913],[113.85187,33.94116],[113.86588,33.91052],[113.85616,33.90883],[113.85035,33.87427],[113.77094,33.88663],[113.7517,33.87077],[113.71861,33.87617],[113.7111,33.85081],[113.68948,33.85703],[113.6934,33.87218],[113.68208,33.88581],[113.68853,33.89608],[113.68525,33.9175],[113.67769,33.92111],[113.67992,33.94765],[113.62042,33.97657],[113.61849,34.00163],[113.60383,34.01143],[113.60887,34.02055],[113.59381,34.02289],[113.58454,34.04414],[113.6078,34.0653],[113.59868,34.07878],[113.60916,34.09973],[113.60786,34.1372],[113.63765,34.17693],[113.65772,34.14894],[113.66939,34.14646],[113.7417,34.16744],[113.78793,34.15759],[113.80084,34.16703],[113.85016,34.17768],[113.87353,34.16326],[113.8781,34.17797],[113.90443,34.17641],[113.91041,34.18673],[113.92516,34.17964],[113.91338,34.17136],[113.91933,34.15659],[113.99447,34.18156],[114.00617,34.17034],[114.06576,34.15011]],[[113.81141,34.08539],[113.809,34.0936],[113.78894,34.09548],[113.78437,34.07602],[113.79555,34.06321],[113.77609,34.06811],[113.76974,34.053],[113.74185,34.04453],[113.73632,34.03365],[113.73994,34.02696],[113.7741,34.02735],[113.75597,34.01],[113.76682,33.98611],[113.78843,33.99064],[113.79883,34.00522],[113.81807,34.0053],[113.81384,33.99175],[113.82291,33.99232],[113.83162,34.01036],[113.85133,34.01236],[113.86077,34.0023],[113.88276,34.01522],[113.8558,34.0706],[113.81141,34.08539]]]}},{"type":"Feature","id":"CTAMAP-2001-COUNTY-0833","properties":{"map_level":"county","source_name":"涧西区","source_code":"410305","county_type":"市辖区","prefecture_name":"洛阳市","prefecture_code":"410300","prefecture_type":"地级市","parent_entity_id":"CNUR-000154","parent_year_end_name":"洛阳市","province_name":"河南省","province_code":"410000","snapshot_year":2001,"panel_year":2000,"link_status":"parent_linked","former_name":"","note":""},"geometry":{"type":"Polygon","coordinates":[[[112.42388,34.64368],[112.37602,34.59878],[112.35864,34.60179],[112.35749,34.61902],[112.3445,34.63068],[112.28356,34.63978],[112.29558,34.64503],[112.29586,34.65829],[112.3086,34.66941],[112.30794,34.69451],[112.32327,34.69124],[112.32994,34.69832],[112.33126,34.68727],[112.3401,34.69416],[112.34583,34.68739],[112.37217,34.69455],[112.39535,34.68787],[112.4167,34.67073],[112.41214,34.64953],[112.42388,34.64368]]]}},{"type":"Feature","id":"CTAMAP-2001-COUNTY-0871","properties":{"map_level":"county","source_name":"解放区","source_code":"410802","county_type":"市辖区","prefecture_name":"焦作市","prefecture_code":"410800","prefecture_type":"地级市","parent_entity_id":"CNUR-000159","parent_year_end_name":"焦作市","province_name":"河南省","province_code":"410000","snapshot_year":2001,"panel_year":2000,"link_status":"parent_linked","former_name":"","note":""},"geometry":{"type":"Polygon","coordinates":[[[113.23881,35.26945],[113.23216,35.26908],[113.23729,35.25336],[113.22834,35.25081],[113.24942,35.19959],[113.24496,35.19252],[113.20852,35.18669],[113.22047,35.175],[113.20806,35.16957],[113.20755,35.15841],[113.19821,35.15756],[113.18475,35.17825],[113.20112,35.18235],[113.20386,35.20394],[113.1821,35.21135],[113.18726,35.21941],[113.17234,35.21289],[113.18483,35.22916],[113.18111,35.24898],[113.16854,35.25378],[113.163,35.27272],[113.17742,35.2814],[113.17696,35.29327],[113.18659,35.30306],[113.20598,35.31361],[113.21961,35.28533],[113.23881,35.26945]]]}},{"type":"Feature","id":"CTAMAP-2001-COUNTY-0887","properties":{"map_level":"county","source_name":"金水区","source_code":"410105","county_type":"市辖区","prefecture_name":"郑州市","prefecture_code":"410100","prefecture_type":"地级市","parent_entity_id":"CNUR-000152","parent_year_end_name":"郑州市","province_name":"河南省","province_code":"410000","snapshot_year":2001,"panel_year":2000,"link_status":"parent_linked","former_name":"","note":""},"geometry":{"type":"Polygon","coordinates":[[[113.85088,34.88316],[113.85161,34.86578],[113.83015,34.83326],[113.84535,34.82581],[113.83065,34.8117],[113.84136,34.79336],[113.83667,34.77777],[113.84366,34.77448],[113.83644,34.74931],[113.81028,34.76238],[113.81192,34.76981],[113.80236,34.76961],[113.78389,34.76537],[113.7804,34.7546],[113.75523,34.7626],[113.7149,34.73309],[113.7129,34.74072],[113.70201,34.74055],[113.70499,34.75266],[113.69401,34.7581],[113.62884,34.76388],[113.61804,34.7939],[113.63273,34.79822],[113.62279,34.81453],[113.6316,34.83172],[113.62777,34.84121],[113.64017,34.85835],[113.6889,34.85443],[113.70893,34.87055],[113.79149,34.86588],[113.79091,34.891],[113.85088,34.88316]]]}},{"type":"Feature","id":"CTAMAP-2001-COUNTY-0953","properties":{"map_level":"county","source_name":"浚县","source_code":"410621","county_type":"县","prefecture_name":"鹤壁市","prefecture_code":"410600","prefecture_type":"地级市","parent_entity_id":"CNUR-000157","parent_year_end_name":"鹤壁市","province_name":"河南省","province_code":"410000","snapshot_year":2001,"panel_year":2000,"link_status":"parent_linked","former_name":"","note":""},"geometry":{"type":"Polygon","coordinates":[[[114.7201,35.69514],[114.68479,35.68645],[114.66865,35.6523],[114.64009,35.65491],[114.61298,35.64697],[114.57209,35.61637],[114.54511,35.61765],[114.53808,35.60106],[114.51951,35.59871],[114.49382,35.60959],[114.48785,35.59613],[114.49665,35.58202],[114.48007,35.58683],[114.46416,35.56325],[114.38847,35.5138],[114.41374,35.48283],[114.40853,35.47099],[114.3879,35.47853],[114.37298,35.46301],[114.34911,35.46784],[114.32186,35.44395],[114.29946,35.44976],[114.29338,35.45974],[114.26328,35.4653],[114.26575,35.48194],[114.28329,35.49177],[114.28523,35.50958],[114.27024,35.51946],[114.26148,35.51674],[114.25548,35.52704],[114.26405,35.55217],[114.25627,35.57543],[114.27655,35.59502],[114.28969,35.62746],[114.29846,35.63021],[114.28785,35.64175],[114.29131,35.65661],[114.31429,35.66158],[114.31895,35.64717],[114.34714,35.6394],[114.35592,35.65699],[114.37034,35.65956],[114.35414,35.73039],[114.36953,35.73258],[114.38246,35.74706],[114.38177,35.78248],[114.40435,35.79923],[114.39442,35.81594],[114.40565,35.82658],[114.43587,35.81838],[114.48901,35.84149],[114.51547,35.83925],[114.54335,35.82548],[114.55805,35.83854],[114.58121,35.84269],[114.60561,35.80762],[114.62409,35.79702],[114.66263,35.78365],[114.69851,35.78878],[114.72491,35.77968],[114.7468,35.75452],[114.74665,35.73971],[114.7201,35.69514]]]}},{"type":"Feature","id":"CTAMAP-2001-COUNTY-1009","properties":{"map_level":"county","source_name":"兰考县","source_code":"410225","county_type":"县","prefecture_name":"开封市","prefecture_code":"410200","prefecture_type":"地级市","parent_entity_id":"CNUR-000153","parent_year_end_name":"开封市","province_name":"河南省","province_code":"410000","snapshot_year":2001,"panel_year":2000,"link_status":"parent_linked","former_name":"","note":""},"geometry":{"type":"Polygon","coordinates":[[[115.11994,35.00739],[115.12558,34.98226],[115.15435,34.95906],[115.21927,34.95424],[115.18331,34.9156],[115.21006,34.90492],[115.22332,34.9164],[115.24946,34.91017],[115.25063,34.90283],[115.22876,34.88714],[115.23896,34.84613],[115.26218,34.83234],[115.25233,34.8139],[115.23729,34.81156],[115.24323,34.79921],[115.19881,34.8063],[115.19162,34.79584],[115.1738,34.80131],[115.15737,34.78025],[115.12146,34.79114],[115.09791,34.77316],[115.042,34.76943],[115.00503,34.77556],[114.99588,34.7588],[114.94449,34.75646],[114.94327,34.74842],[114.9201,34.74792],[114.89242,34.75903],[114.888,34.77781],[114.87077,34.77897],[114.86121,34.7684],[114.82748,34.76675],[114.82806,34.74502],[114.79281,34.74894],[114.77988,34.76486],[114.73222,34.74511],[114.69463,34.74943],[114.69237,34.75984],[114.7246,34.77956],[114.72687,34.78773],[114.71475,34.79027],[114.72808,34.84403],[114.71341,34.86785],[114.68663,34.88215],[114.69225,34.90656],[114.74811,34.89044],[114.7643,34.89648],[114.77636,34.91929],[114.73978,34.95098],[114.79478,35.00745],[114.81336,35.01578],[114.81907,35.01306],[114.81255,35.01003],[114.85195,35.00168],[114.86199,35.02266],[114.87173,35.02608],[114.8797,35.01842],[114.87638,34.99822],[114.90205,34.98976],[114.90116,34.97755],[114.91256,34.96998],[114.9556,34.99622],[115.00324,34.98868],[115.02514,34.96885],[115.05624,34.99534],[115.08973,35.00045],[115.0957,34.99495],[115.11994,35.00739]]]}},{"type":"Feature","id":"CTAMAP-2001-COUNTY-1027","properties":{"map_level":"county","source_name":"老城区","source_code":"410302","county_type":"市辖区","prefecture_name":"洛阳市","prefecture_code":"410300","prefecture_type":"地级市","parent_entity_id":"CNUR-000154","parent_year_end_name":"洛阳市","province_name":"河南省","province_code":"410000","snapshot_year":2001,"panel_year":2000,"link_status":"parent_linked","former_name":"","note":""},"geometry":{"type":"Polygon","coordinates":[[[112.48122,34.73038],[112.47272,34.71635],[112.47916,34.70916],[112.4667,34.69286],[112.48248,34.69245],[112.49381,34.67102],[112.47846,34.66874],[112.46042,34.66795],[112.44821,34.69475],[112.42552,34.69272],[112.42165,34.70506],[112.41078,34.70364],[112.40984,34.69037],[112.39575,34.69129],[112.38258,34.72119],[112.38997,34.72284],[112.3845,34.73786],[112.3942,34.75842],[112.44179,34.73715],[112.45665,34.74312],[112.48122,34.73038]]]}},{"type":"Feature","id":"CTAMAP-2001-COUNTY-1096","properties":{"map_level":"county","source_name":"梁园区","source_code":"411402","county_type":"市辖区","prefecture_name":"商丘市","prefecture_code":"411400","prefecture_type":"地级市","parent_entity_id":"CNUR-000165","parent_year_end_name":"商丘市","province_name":"河南省","province_code":"410000","snapshot_year":2001,"panel_year":2000,"link_status":"parent_linked","former_name":"","note":""},"geometry":{"type":"Polygon","coordinates":[[[115.7951,34.57662],[115.78575,34.5643],[115.76312,34.56562],[115.74098,34.54818],[115.74316,34.53741],[115.75588,34.53205],[115.75221,34.51498],[115.73233,34.51584],[115.74555,34.52655],[115.73519,34.53335],[115.7162,34.51236],[115.71771,34.48379],[115.72658,34.46799],[115.75772,34.47905],[115.75938,34.44569],[115.76802,34.42823],[115.78828,34.41451],[115.78334,34.39258],[115.80026,34.36061],[115.79144,34.33993],[115.80261,34.32614],[115.79866,34.32144],[115.78277,34.31933],[115.76838,34.33651],[115.752,34.33623],[115.71341,34.35856],[115.6987,34.35702],[115.70197,34.34824],[115.68981,34.33864],[115.68021,34.3493],[115.68075,34.3877],[115.66865,34.40101],[115.67026,34.42579],[115.64922,34.42909],[115.64972,34.43662],[115.62753,34.42803],[115.6056,34.43492],[115.59761,34.43444],[115.59988,34.42792],[115.57221,34.42779],[115.57953,34.40999],[115.56346,34.41178],[115.54317,34.3995],[115.53681,34.38845],[115.5421,34.37708],[115.51212,34.35955],[115.50005,34.38379],[115.50127,34.37424],[115.49161,34.37425],[115.41609,34.39678],[115.40907,34.38002],[115.39034,34.38094],[115.40108,34.40286],[115.40741,34.45478],[115.42279,34.45455],[115.43233,34.48875],[115.44895,34.48998],[115.45264,34.49815],[115.43624,34.53636],[115.43944,34.54846],[115.42733,34.54905],[115.42467,34.57256],[115.40831,34.58176],[115.40814,34.59318],[115.43796,34.61318],[115.46045,34.61687],[115.45647,34.63552],[115.47356,34.63383],[115.50573,34.58834],[115.53381,34.57536],[115.61701,34.576],[115.67853,34.55669],[115.69107,34.57125],[115.69123,34.59833],[115.69928,34.60092],[115.7951,34.57662]]]}},{"type":"Feature","id":"CTAMAP-2001-COUNTY-1106","properties":{"map_level":"county","source_name":"林州市","source_code":"410581","county_type":"县级市","prefecture_name":"安阳市","prefecture_code":"410500","prefecture_type":"地级市","parent_entity_id":"CNUR-000156","parent_year_end_name":"安阳市","province_name":"河南省","province_code":"410000","snapshot_year":2001,"panel_year":2000,"link_status":"parent_linked","former_name":"","note":""},"geometry":{"type":"Polygon","coordinates":[[[113.90349,36.31476],[113.9557,36.31928],[113.96968,36.33363],[113.97049,36.31144],[113.98917,36.30964],[113.99623,36.29706],[113.99386,36.28972],[113.97856,36.29147],[113.96435,36.28247],[113.982,36.25318],[113.99617,36.20114],[113.97255,36.15924],[113.95439,36.14788],[114.01693,36.11566],[114.02033,36.10608],[114.00574,36.09302],[114.01074,36.08664],[113.98582,36.06857],[113.98944,36.03495],[114.00181,36.02747],[114.00691,36.01175],[113.99417,36.0],[113.99752,35.98975],[114.01671,35.98205],[114.00825,35.97211],[114.01546,35.96801],[114.02912,35.97726],[114.02374,35.95202],[114.03216,35.93357],[114.06596,35.92178],[114.07934,35.90888],[114.06201,35.87135],[114.04071,35.85896],[114.00113,35.85896],[114.02464,35.81902],[114.0162,35.79809],[114.03598,35.79648],[114.06225,35.80517],[114.07802,35.80388],[114.06946,35.79329],[114.07493,35.7822],[114.06026,35.7763],[114.06504,35.76685],[114.05309,35.75008],[113.99312,35.72344],[113.99066,35.70625],[113.96089,35.68744],[113.92943,35.70523],[113.92183,35.68557],[113.89462,35.67798],[113.87825,35.6885],[113.8629,35.6813],[113.77991,35.67486],[113.77177,35.68659],[113.78857,35.6957],[113.79835,35.74289],[113.75205,35.76889],[113.74599,35.78688],[113.75057,35.79595],[113.73764,35.81478],[113.70745,35.82007],[113.70419,35.83305],[113.69445,35.83625],[113.65343,35.83777],[113.65477,35.85431],[113.63996,35.85339],[113.62943,35.86427],[113.64534,35.90846],[113.63749,35.92391],[113.65052,35.9356],[113.64585,35.96063],[113.62594,35.98635],[113.64443,35.99632],[113.66231,35.98358],[113.6963,35.99143],[113.68952,36.00785],[113.69903,36.02099],[113.65561,36.02906],[113.65289,36.04],[113.6817,36.06099],[113.66518,36.12121],[113.70681,36.13237],[113.69838,36.1492],[113.64614,36.17142],[113.69329,36.18368],[113.67932,36.19682],[113.697,36.20017],[113.68545,36.21571],[113.69242,36.25459],[113.7073,36.26301],[113.70079,36.29787],[113.73412,36.32008],[113.7197,36.33783],[113.73598,36.36452],[113.74834,36.3662],[113.81483,36.3309],[113.85374,36.33002],[113.84334,36.33952],[113.8456,36.34978],[113.87605,36.3541],[113.90349,36.31476]]]}},{"type":"Feature","id":"CTAMAP-2001-COUNTY-1134","properties":{"map_level":"county","source_name":"临颍县","source_code":"411122","county_type":"县","prefecture_name":"漯河市","prefecture_code":"411100","prefecture_type":"地级市","parent_entity_id":"CNUR-000162","parent_year_end_name":"漯河市","province_name":"河南省","province_code":"410000","snapshot_year":2001,"panel_year":2000,"link_status":"parent_linked","former_name":"","note":""},"geometry":{"type":"Polygon","coordinates":[[[114.05435,33.96598],[114.05091,33.95406],[114.08161,33.9528],[114.11947,33.91853],[114.12431,33.88152],[114.1158,33.8793],[114.11165,33.8647],[114.13905,33.84524],[114.1594,33.80974],[114.12862,33.80997],[114.13424,33.77042],[114.12365,33.77691],[114.11032,33.76482],[114.10112,33.7543],[114.10141,33.73609],[114.08388,33.72066],[114.0379,33.72315],[114.02346,33.73593],[113.9692,33.7186],[113.93621,33.71771],[113.89734,33.74828],[113.85296,33.73703],[113.84204,33.7584],[113.82894,33.7654],[113.80538,33.72825],[113.77776,33.73801],[113.75333,33.72968],[113.72927,33.75396],[113.74964,33.77877],[113.74344,33.78903],[113.75567,33.81159],[113.74879,33.82746],[113.72224,33.84168],[113.73002,33.86982],[113.7517,33.87077],[113.77104,33.88664],[113.85035,33.87427],[113.85616,33.90883],[113.86588,33.91052],[113.85187,33.94116],[113.86879,33.94987],[113.91502,33.94635],[113.91487,33.96037],[113.9507,33.97754],[113.95224,33.98643],[113.9894,33.97506],[114.00419,33.98647],[114.04251,33.98705],[114.05435,33.96598]]]}},{"type":"Feature","id":"CTAMAP-2001-COUNTY-1139","properties":{"map_level":"county","source_name":"灵宝市","source_code":"411282","county_type":"县级市","prefecture_name":"三门峡市","prefecture_code":"411200","prefecture_type":"地级市","parent_entity_id":"CNUR-000163","parent_year_end_name":"三门峡市","province_name":"河南省","province_code":"410000","snapshot_year":2001,"panel_year":2000,"link_status":"parent_linked","former_name":"","note":""},"geometry":{"type":"Polygon","coordinates":[[[111.19151,34.44436],[111.18092,34.41062],[111.18663,34.39902],[111.14751,34.39551],[111.13047,34.36183],[111.1036,34.35768],[111.08704,34.38445],[111.04961,34.38222],[111.05489,34.37621],[111.04325,34.36237],[111.04552,34.32105],[111.02751,34.29357],[111.03344,34.27831],[111.02008,34.28541],[110.98211,34.27827],[110.95537,34.26241],[110.93224,34.26656],[110.90779,34.24912],[110.90911,34.28646],[110.89593,34.28422],[110.88387,34.29241],[110.86752,34.32731],[110.85098,34.32615],[110.85219,34.29925],[110.86066,34.28668],[110.84558,34.22482],[110.85837,34.20713],[110.87541,34.20143],[110.8743,34.19507],[110.85052,34.17174],[110.82309,34.16435],[110.81018,34.1424],[110.78587,34.13775],[110.78334,34.12314],[110.75909,34.11992],[110.73764,34.13848],[110.71393,34.14415],[110.67714,34.13902],[110.61861,34.17818],[110.5828,34.18061],[110.58532,34.19051],[110.55174,34.19552],[110.54354,34.21635],[110.50493,34.21699],[110.48085,34.2341],[110.43272,34.24543],[110.43766,34.25811],[110.42227,34.27595],[110.42327,34.28997],[110.44996,34.29612],[110.47123,34.32338],[110.49604,34.32237],[110.50118,34.34248],[110.48127,34.35691],[110.47123,34.4097],[110.44564,34.40279],[110.40435,34.42256],[110.38754,34.46702],[110.3631,34.49777],[110.35571,34.53081],[110.37404,34.55312],[110.39892,34.55941],[110.35908,34.56974],[110.37169,34.60064],[110.41803,34.59186],[110.46455,34.61977],[110.53069,34.58397],[110.57903,34.59452],[110.6073,34.61292],[110.66337,34.59027],[110.68786,34.61245],[110.70421,34.60654],[110.71467,34.62863],[110.7506,34.65474],[110.7919,34.64861],[110.80939,34.62217],[110.82698,34.61794],[110.84576,34.63825],[110.87561,34.64377],[110.89385,34.66194],[110.91605,34.73079],[110.94433,34.72551],[110.96316,34.70116],[111.02312,34.73908],[111.02576,34.72843],[111.0421,34.72089],[111.02941,34.71745],[111.03326,34.70193],[111.02062,34.69138],[111.03025,34.67715],[111.02677,34.66168],[111.06574,34.65063],[111.07644,34.62954],[111.09645,34.62084],[111.10422,34.58629],[111.12007,34.56934],[111.11019,34.5535],[111.1125,34.52074],[111.12124,34.50556],[111.17388,34.47512],[111.15173,34.47042],[111.15081,34.45279],[111.19151,34.44436]]]}},{"type":"Feature","id":"CTAMAP-2001-COUNTY-1186","properties":{"map_level":"county","source_name":"郊区","source_code":"410211","county_type":"市辖区","prefecture_name":"开封市","prefecture_code":"410200","prefecture_type":"地级市","parent_entity_id":"CNUR-000153","parent_year_end_name":"开封市","province_name":"河南省","province_code":"410000","snapshot_year":2001,"panel_year":2000,"link_status":"parent_linked","former_name":"","note":""},"geometry":{"type":"Polygon","coordinates":[[[114.35492,34.81295],[114.35287,34.82081],[114.33574,34.82025],[114.33095,34.81279],[114.31746,34.82959],[114.3081,34.82541],[114.30937,34.84139],[114.29647,34.84847],[114.28133,34.83772],[114.2884,34.82519],[114.283,34.81634],[114.30595,34.80583],[114.30478,34.78794],[114.31464,34.78686],[114.31643,34.78662],[114.31438,34.77233],[114.29506,34.77078],[114.24529,34.78688],[114.22865,34.77233],[114.2186,34.7784],[114.21421,34.80033],[114.18057,34.79523],[114.18097,34.77577],[114.1771,34.77537],[114.17453,34.77277],[114.19031,34.75747],[114.16972,34.75257],[114.16545,34.7383],[114.18595,34.73115],[114.18551,34.71641],[114.15061,34.71896],[114.14512,34.70843],[114.13422,34.72567],[114.13788,34.74015],[114.14599,34.75542],[114.16797,34.76956],[114.13944,34.7966],[114.114,34.80315],[114.11114,34.81908],[114.11655,34.82598],[114.12037,34.82106],[114.15483,34.82885],[114.16422,34.82103],[114.18879,34.81978],[114.20397,34.86599],[114.20675,34.9137],[114.25863,34.89596],[114.28276,34.92358],[114.35777,34.90823],[114.38593,34.92658],[114.41812,34.89618],[114.41552,34.88739],[114.39212,34.87458],[114.41277,34.86366],[114.40723,34.83996],[114.42072,34.84108],[114.42184,34.8565],[114.44133,34.85869],[114.47637,34.82935],[114.49518,34.83786],[114.50104,34.82843],[114.47826,34.80164],[114.46154,34.79919],[114.44717,34.78062],[114.40736,34.76146],[114.40532,34.75585],[114.42261,34.75045],[114.43609,34.73412],[114.44327,34.71628],[114.4151,34.70191],[114.38711,34.70612],[114.37851,34.71436],[114.36406,34.70814],[114.34319,34.73528],[114.31541,34.72871],[114.3308,34.76377],[114.37093,34.76313],[114.36711,34.7769],[114.39946,34.77748],[114.39718,34.7964],[114.38476,34.80249],[114.39358,34.80736],[114.37769,34.80373],[114.37559,34.81314],[114.35866,34.81802],[114.35492,34.81295]]]}},{"type":"Feature","id":"CTAMAP-2001-COUNTY-1206","properties":{"map_level":"county","source_name":"卢氏县","source_code":"411224","county_type":"县","prefecture_name":"三门峡市","prefecture_code":"411200","prefecture_type":"地级市","parent_entity_id":"CNUR-000163","parent_year_end_name":"三门峡市","province_name":"河南省","province_code":"410000","snapshot_year":2001,"panel_year":2000,"link_status":"parent_linked","former_name":"","note":""},"geometry":{"type":"Polygon","coordinates":[[[111.13047,34.36183],[111.1345,34.353],[111.15622,34.34982],[111.15665,34.33869],[111.1782,34.32427],[111.19422,34.29813],[111.17463,34.29081],[111.18142,34.24902],[111.17402,34.22911],[111.15177,34.22605],[111.20138,34.19932],[111.20785,34.17617],[111.22682,34.18024],[111.26138,34.14322],[111.26771,34.14986],[111.2754,34.13796],[111.28414,34.14741],[111.29673,34.14381],[111.30793,34.11626],[111.35435,34.10887],[111.3625,34.0962],[111.34604,34.08363],[111.33593,34.06217],[111.3523,33.98745],[111.30625,33.95291],[111.29663,33.92873],[111.27857,33.92738],[111.26832,33.93648],[111.25632,33.92894],[111.24348,33.93512],[111.22339,33.92768],[111.2187,33.91776],[111.23013,33.89737],[111.22163,33.8905],[111.218,33.89812],[111.21242,33.88914],[111.19751,33.89101],[111.19939,33.88101],[111.25542,33.82527],[111.25503,33.79866],[111.21602,33.79944],[111.20295,33.7835],[111.18884,33.75658],[111.18943,33.71441],[111.1772,33.70495],[111.17376,33.68632],[111.12419,33.678],[111.14567,33.64444],[111.12631,33.62828],[111.12682,33.61152],[111.10852,33.57822],[111.0828,33.56272],[111.06657,33.56718],[111.05197,33.55605],[111.0186,33.55007],[110.96819,33.60629],[110.94364,33.60918],[110.93308,33.6226],[110.87447,33.63303],[110.85309,33.65888],[110.83226,33.66706],[110.81842,33.68646],[110.82659,33.71695],[110.81111,33.74017],[110.81166,33.75344],[110.77814,33.78349],[110.77721,33.79665],[110.73282,33.80069],[110.7065,33.83572],[110.68313,33.83968],[110.66213,33.85403],[110.63592,33.84848],[110.60568,33.85353],[110.60649,33.8706],[110.59438,33.87206],[110.58216,33.8879],[110.58527,33.90069],[110.62301,33.90896],[110.62072,33.92706],[110.6455,33.94613],[110.66238,33.94061],[110.67192,33.9506],[110.6634,33.96711],[110.6447,33.97686],[110.64364,33.99569],[110.62204,34.02085],[110.6269,34.0269],[110.61994,34.03449],[110.61006,34.03573],[110.60807,34.02504],[110.58043,34.02506],[110.58446,34.04055],[110.57602,34.04508],[110.58624,34.04696],[110.58473,34.10164],[110.60697,34.11309],[110.63776,34.16206],[110.67714,34.13902],[110.71961,34.144],[110.76319,34.12024],[110.78334,34.12314],[110.78587,34.13775],[110.81018,34.1424],[110.82347,34.16464],[110.86594,34.18432],[110.87549,34.20135],[110.85686,34.20852],[110.84455,34.23088],[110.86066,34.28668],[110.85219,34.29925],[110.85098,34.32615],[110.86752,34.32731],[110.88387,34.29241],[110.89593,34.28422],[110.90911,34.28646],[110.90941,34.24902],[110.93224,34.26656],[110.95537,34.26241],[110.98211,34.27827],[111.01965,34.2854],[111.03411,34.2786],[111.02751,34.29357],[111.04552,34.32105],[111.04325,34.36237],[111.05473,34.37522],[111.05115,34.38321],[111.09074,34.3833],[111.1036,34.35768],[111.13047,34.36183]]]}},{"type":"Feature","id":"CTAMAP-2001-COUNTY-1219","properties":{"map_level":"county","source_name":"鲁山县","source_code":"410423","county_type":"县","prefecture_name":"平顶山市","prefecture_code":"410400","prefecture_type":"地级市","parent_entity_id":"CNUR-000155","parent_year_end_name":"平顶山市","province_name":"河南省","province_code":"410000","snapshot_year":2001,"panel_year":2000,"link_status":"parent_linked","former_name":"","note":""},"geometry":{"type":"Polygon","coordinates":[[[112.68752,33.94724],[112.73807,33.93771],[112.74313,33.91971],[112.75091,33.93528],[112.76555,33.93699],[112.82791,33.91189],[112.84662,33.87551],[112.86887,33.85695],[112.88631,33.82811],[112.88409,33.85897],[112.91456,33.84378],[112.91334,33.85399],[112.92283,33.86113],[112.96872,33.8163],[112.99143,33.8333],[113.01997,33.82821],[113.03968,33.79698],[113.07072,33.78481],[113.07901,33.74045],[113.1067,33.72574],[113.12348,33.72773],[113.13323,33.70297],[113.14828,33.6947],[113.14745,33.67953],[113.18981,33.67181],[113.21307,33.67606],[113.2327,33.66748],[113.21987,33.63748],[113.20769,33.62839],[113.19175,33.63865],[113.19324,33.6316],[113.18266,33.63208],[113.17639,33.62295],[113.18694,33.61711],[113.19003,33.59744],[113.20192,33.5939],[113.19877,33.5835],[113.18506,33.56964],[113.1814,33.57656],[113.16871,33.57253],[113.17352,33.56167],[113.16599,33.56067],[113.15833,33.56356],[113.16802,33.57193],[113.16234,33.57745],[113.15291,33.57275],[113.14418,33.57877],[113.14571,33.5717],[113.12749,33.57343],[113.12561,33.56557],[113.11391,33.56484],[113.10962,33.57117],[113.08656,33.56974],[113.09191,33.57442],[113.08186,33.57682],[113.08092,33.58556],[113.01691,33.56253],[112.98102,33.57095],[112.96807,33.5864],[112.94389,33.59062],[112.93709,33.60908],[112.90537,33.60815],[112.89024,33.61654],[112.88516,33.6098],[112.85027,33.60592],[112.83886,33.57884],[112.80264,33.58109],[112.7635,33.56189],[112.75664,33.57324],[112.74152,33.57302],[112.73624,33.5842],[112.68906,33.58738],[112.65164,33.6085],[112.62805,33.59809],[112.60933,33.60058],[112.59355,33.62143],[112.583,33.62113],[112.55447,33.59238],[112.52543,33.58902],[112.51546,33.59684],[112.51775,33.60797],[112.48737,33.641],[112.45269,33.64215],[112.41351,33.67882],[112.35484,33.66138],[112.34978,33.66965],[112.32278,33.6709],[112.30609,33.68517],[112.30246,33.69982],[112.27377,33.7138],[112.25025,33.71327],[112.24308,33.72202],[112.25796,33.74328],[112.26151,33.76921],[112.25143,33.77765],[112.26986,33.79159],[112.27757,33.81068],[112.29295,33.80656],[112.30891,33.82418],[112.35782,33.83922],[112.38408,33.82978],[112.39602,33.81136],[112.40704,33.80891],[112.42504,33.8139],[112.44794,33.84224],[112.47401,33.85892],[112.51741,33.86339],[112.53627,33.89799],[112.48961,33.91856],[112.48935,33.93021],[112.52387,33.94301],[112.52401,33.959],[112.54298,33.99142],[112.56481,33.97373],[112.5709,33.97354],[112.57145,33.99048],[112.6037,33.97552],[112.63666,33.97987],[112.65059,33.95702],[112.66725,33.96507],[112.68752,33.94724]]]}},{"type":"Feature","id":"CTAMAP-2001-COUNTY-1225","properties":{"map_level":"county","source_name":"鹿邑县","source_code":"411628","county_type":"县","prefecture_name":"周口市","prefecture_code":"411600","prefecture_type":"地级市","parent_entity_id":"CNUR-000167","parent_year_end_name":"周口市","province_name":"河南省","province_code":"410000","snapshot_year":2001,"panel_year":2000,"link_status":"parent_linked","former_name":"","note":""},"geometry":{"type":"Polygon","coordinates":[[[115.64621,34.06344],[115.64549,34.03529],[115.59886,34.03524],[115.59822,34.01205],[115.58364,34.01384],[115.57749,33.99238],[115.58767,33.98218],[115.57218,33.97503],[115.57202,33.95207],[115.56434,33.94947],[115.55483,33.92169],[115.56032,33.91191],[115.54044,33.89334],[115.54076,33.87684],[115.57361,33.87879],[115.59866,33.86853],[115.61911,33.87548],[115.62932,33.86845],[115.62949,33.84102],[115.60658,33.82205],[115.61591,33.81492],[115.60829,33.77754],[115.57535,33.79132],[115.55732,33.77205],[115.59187,33.73422],[115.59165,33.72478],[115.57467,33.72021],[115.54546,33.7371],[115.53146,33.72891],[115.47039,33.7298],[115.44246,33.76199],[115.41264,33.74996],[115.38973,33.75009],[115.36012,33.77687],[115.34685,33.77937],[115.33356,33.76743],[115.30141,33.78783],[115.29522,33.77745],[115.26015,33.78064],[115.24452,33.79895],[115.20867,33.80886],[115.19749,33.80853],[115.17849,33.79242],[115.12002,33.78974],[115.07665,33.82401],[115.06121,33.89195],[115.07957,33.90442],[115.07049,33.9126],[115.0553,33.91142],[115.06242,33.93798],[115.10143,33.93463],[115.09992,33.94877],[115.11274,33.96469],[115.13097,33.96307],[115.13989,33.94906],[115.16528,33.94951],[115.20274,33.96927],[115.18855,33.99428],[115.22667,33.97708],[115.22627,33.98711],[115.25257,33.98394],[115.24414,34.01974],[115.26998,34.02235],[115.28924,34.02361],[115.28632,33.9972],[115.3513,34.01822],[115.39262,33.99601],[115.45064,33.98732],[115.46353,34.00746],[115.48256,34.01863],[115.53024,34.01855],[115.54389,34.05059],[115.54311,34.07987],[115.53607,34.08318],[115.55129,34.09261],[115.58456,34.08353],[115.63123,34.08912],[115.64621,34.06344]]]}},{"type":"Feature","id":"CTAMAP-2001-COUNTY-1237","properties":{"map_level":"county","source_name":"栾川县","source_code":"410324","county_type":"县","prefecture_name":"洛阳市","prefecture_code":"410300","prefecture_type":"地级市","parent_entity_id":"CNUR-000154","parent_year_end_name":"洛阳市","province_name":"河南省","province_code":"410000","snapshot_year":2001,"panel_year":2000,"link_status":"parent_linked","former_name":"","note":""},"geometry":{"type":"Polygon","coordinates":[[[111.79944,33.65598],[111.70965,33.68672],[111.68279,33.68105],[111.66092,33.68847],[111.64997,33.71088],[111.62092,33.72261],[111.5871,33.72155],[111.55651,33.73325],[111.53932,33.72971],[111.52916,33.73925],[111.5039,33.73813],[111.49025,33.72251],[111.37998,33.76794],[111.31392,33.76426],[111.29561,33.7778],[111.26297,33.78341],[111.25421,33.79799],[111.25547,33.82519],[111.24065,33.83491],[111.22854,33.85783],[111.21089,33.86407],[111.2126,33.87284],[111.19717,33.89063],[111.22998,33.89715],[111.21868,33.91793],[111.23092,33.93318],[111.25632,33.92894],[111.26842,33.93648],[111.27857,33.92738],[111.29678,33.92881],[111.30638,33.95305],[111.35204,33.98682],[111.33558,34.05816],[111.35201,34.0885],[111.42721,34.10866],[111.43475,34.11483],[111.43447,34.13144],[111.45741,34.13024],[111.48573,34.14078],[111.49848,34.13334],[111.54205,34.13704],[111.58377,34.16471],[111.60193,34.14983],[111.62517,34.15401],[111.64829,34.14662],[111.69902,34.18376],[111.71772,34.18112],[111.74059,34.10761],[111.78019,34.06522],[111.78405,34.0262],[111.7947,34.00869],[111.78815,34.00003],[111.81249,33.98318],[111.78964,33.94003],[111.80417,33.93152],[111.82617,33.9431],[111.834,33.92663],[111.83885,33.93684],[111.85038,33.92996],[111.87988,33.94843],[111.90287,33.94637],[111.92849,33.92933],[111.96516,33.92862],[112.03281,33.87351],[112.0239,33.85154],[111.98023,33.83752],[111.97036,33.82152],[111.97371,33.80284],[111.95817,33.77291],[111.9139,33.76936],[111.87308,33.78574],[111.86326,33.78273],[111.8569,33.76847],[111.83916,33.7635],[111.83216,33.75168],[111.84419,33.74487],[111.85969,33.71732],[111.79944,33.65598]]]}},{"type":"Feature","id":"CTAMAP-2001-COUNTY-1248","properties":{"map_level":"county","source_name":"罗山县","source_code":"411521","county_type":"县","prefecture_name":"信阳市","prefecture_code":"411500","prefecture_type":"地级市","parent_entity_id":"CNUR-000166","parent_year_end_name":"信阳市","province_name":"河南省","province_code":"410000","snapshot_year":2001,"panel_year":2000,"link_status":"parent_linked","former_name":"","note":""},"geometry":{"type":"Polygon","coordinates":[[[114.67885,32.19372],[114.67754,32.17657],[114.652,32.15836],[114.6485,32.14385],[114.65574,32.1234],[114.64066,32.11907],[114.62538,32.10152],[114.59738,32.04832],[114.59539,32.0274],[114.56836,32.01796],[114.56657,31.9978],[114.54011,31.98262],[114.54067,31.96477],[114.55408,31.95068],[114.56783,31.94844],[114.5666,31.93892],[114.58144,31.93411],[114.59442,31.90405],[114.56587,31.84861],[114.57907,31.83637],[114.56636,31.8295],[114.56075,31.79069],[114.56588,31.77049],[114.54482,31.76911],[114.54948,31.76206],[114.53328,31.74253],[114.52564,31.74408],[114.51289,31.7699],[114.5011,31.76673],[114.4985,31.75125],[114.50564,31.74666],[114.50039,31.74147],[114.46821,31.74244],[114.45503,31.73439],[114.44734,31.74132],[114.44419,31.7296],[114.42602,31.738],[114.41485,31.73375],[114.40088,31.75022],[114.38195,31.74267],[114.34177,31.75831],[114.29156,31.75066],[114.23466,31.82289],[114.23082,31.84293],[114.21474,31.83419],[114.18028,31.85499],[114.19858,31.86581],[114.20879,31.88865],[114.19987,31.91207],[114.18625,31.91476],[114.18676,31.9232],[114.17171,31.93545],[114.16417,31.991],[114.18348,31.9946],[114.20237,32.01407],[114.20342,32.03375],[114.23505,32.04679],[114.2461,32.06963],[114.24852,32.06514],[114.26096,32.08059],[114.27993,32.08219],[114.2743,32.09753],[114.27989,32.11762],[114.29377,32.12256],[114.29391,32.132],[114.32258,32.14273],[114.31264,32.15744],[114.26681,32.17886],[114.27007,32.20363],[114.2975,32.21151],[114.27943,32.21423],[114.27458,32.22449],[114.30956,32.22546],[114.31262,32.21892],[114.32358,32.22438],[114.33587,32.24439],[114.36549,32.2565],[114.36676,32.28155],[114.37715,32.29324],[114.39445,32.29341],[114.41541,32.27996],[114.42937,32.29077],[114.44294,32.28133],[114.46605,32.29601],[114.48965,32.28593],[114.49205,32.30076],[114.50995,32.30239],[114.53353,32.28672],[114.56733,32.31],[114.61412,32.30113],[114.62952,32.31375],[114.65353,32.30313],[114.6781,32.30879],[114.67772,32.28273],[114.70605,32.29484],[114.70349,32.27664],[114.68798,32.26643],[114.69857,32.25627],[114.69371,32.24142],[114.70776,32.22661],[114.67885,32.19372]]]}},{"type":"Feature","id":"CTAMAP-2001-COUNTY-1254","properties":{"map_level":"county","source_name":"洛龙区","source_code":"410311","county_type":"市辖区","prefecture_name":"洛阳市","prefecture_code":"410300","prefecture_type":"地级市","parent_entity_id":"CNUR-000154","parent_year_end_name":"洛阳市","province_name":"河南省","province_code":"410000","snapshot_year":2001,"panel_year":2000,"link_status":"parent_linked","former_name":"郊区","note":"2000年郊区更名为洛龙区"},"geometry":{"type":"Polygon","coordinates":[[[112.61537,34.72041],[112.61231,34.7084],[112.655,34.70625],[112.65289,34.68859],[112.63777,34.67914],[112.63534,34.66451],[112.66935,34.65972],[112.67103,34.64799],[112.6875,34.63667],[112.6721,34.62972],[112.67415,34.61267],[112.65915,34.60165],[112.67851,34.59453],[112.66954,34.59203],[112.66129,34.56517],[112.66596,34.54822],[112.6816,34.5412],[112.69366,34.4954],[112.65556,34.48593],[112.62976,34.50951],[112.59536,34.51342],[112.58192,34.52227],[112.54696,34.51138],[112.51388,34.51756],[112.5105,34.52868],[112.47198,34.52104],[112.47043,34.53315],[112.45187,34.53439],[112.43604,34.54688],[112.40508,34.54033],[112.39589,34.52399],[112.37272,34.51513],[112.34734,34.52533],[112.33777,34.54729],[112.31913,34.54916],[112.31964,34.56944],[112.28286,34.54686],[112.26238,34.56543],[112.27155,34.60908],[112.265,34.62301],[112.28356,34.63978],[112.3445,34.63068],[112.35749,34.61902],[112.35864,34.60179],[112.37602,34.59878],[112.46042,34.66795],[112.50381,34.67161],[112.54031,34.68706],[112.53582,34.70725],[112.50761,34.70581],[112.49623,34.74149],[112.52625,34.73682],[112.5333,34.7262],[112.56351,34.74887],[112.56992,34.72548],[112.60176,34.7303],[112.61537,34.72041]]]}},{"type":"Feature","id":"CTAMAP-2001-COUNTY-1257","properties":{"map_level":"county","source_name":"洛宁县","source_code":"410328","county_type":"县","prefecture_name":"洛阳市","prefecture_code":"410300","prefecture_type":"地级市","parent_entity_id":"CNUR-000154","parent_year_end_name":"洛阳市","province_name":"河南省","province_code":"410000","snapshot_year":2001,"panel_year":2000,"link_status":"parent_linked","former_name":"","note":""},"geometry":{"type":"Polygon","coordinates":[[[111.81609,34.27186],[111.80581,34.25116],[111.79449,34.24529],[111.75996,34.2513],[111.7536,34.23403],[111.71405,34.21252],[111.70931,34.1932],[111.69221,34.17343],[111.6791,34.17172],[111.64829,34.14662],[111.62517,34.15401],[111.60193,34.14983],[111.58345,34.16468],[111.54205,34.13704],[111.49848,34.13334],[111.48573,34.14078],[111.45741,34.13024],[111.43447,34.13144],[111.43475,34.11483],[111.42721,34.10866],[111.36257,34.09186],[111.35435,34.10887],[111.30793,34.11626],[111.29673,34.14381],[111.28414,34.14741],[111.2754,34.13796],[111.27345,34.14877],[111.26138,34.14322],[111.22682,34.18024],[111.20785,34.17617],[111.20138,34.19932],[111.15177,34.22605],[111.17402,34.22911],[111.18142,34.24902],[111.17463,34.29081],[111.19422,34.29813],[111.1782,34.32427],[111.15665,34.33869],[111.15622,34.34982],[111.1345,34.353],[111.13047,34.36183],[111.14751,34.39551],[111.18663,34.39902],[111.18133,34.41394],[111.20791,34.42964],[111.21108,34.46078],[111.26999,34.44815],[111.26713,34.47219],[111.29217,34.49065],[111.29726,34.47661],[111.31297,34.47339],[111.36251,34.48262],[111.36339,34.47379],[111.38287,34.4766],[111.47624,34.52353],[111.50037,34.55118],[111.53869,34.54463],[111.558,34.56996],[111.58507,34.55283],[111.57863,34.57103],[111.60166,34.56876],[111.60812,34.55906],[111.64918,34.54823],[111.67766,34.53073],[111.68874,34.53241],[111.66366,34.57352],[111.69166,34.57432],[111.70742,34.59539],[111.72129,34.59202],[111.71517,34.59392],[111.72979,34.60674],[111.73952,34.59567],[111.75651,34.59314],[111.76038,34.61293],[111.7764,34.60859],[111.78277,34.61926],[111.77841,34.62545],[111.79599,34.63314],[111.82146,34.60326],[111.82606,34.57825],[111.81468,34.56977],[111.81348,34.55427],[111.77935,34.54371],[111.7713,34.52437],[111.78103,34.51514],[111.76499,34.50806],[111.76666,34.49128],[111.77797,34.48884],[111.76278,34.47441],[111.77049,34.45599],[111.74929,34.44939],[111.74786,34.43402],[111.78184,34.42281],[111.74888,34.39182],[111.74559,34.37811],[111.7584,34.37575],[111.75712,34.36425],[111.78389,34.35145],[111.79349,34.32838],[111.81174,34.32228],[111.78807,34.28512],[111.7996,34.27412],[111.81609,34.27186]]]}},{"type":"Feature","id":"CTAMAP-2001-COUNTY-1271","properties":{"map_level":"county","source_name":"马村区","source_code":"410804","county_type":"市辖区","prefecture_name":"焦作市","prefecture_code":"410800","prefecture_type":"地级市","parent_entity_id":"CNUR-000159","parent_year_end_name":"焦作市","province_name":"河南省","province_code":"410000","snapshot_year":2001,"panel_year":2000,"link_status":"parent_linked","former_name":"","note":""},"geometry":{"type":"Polygon","coordinates":[[[113.34391,35.21846],[113.32165,35.21524],[113.30946,35.22135],[113.31215,35.24348],[113.30133,35.25408],[113.29828,35.27399],[113.33371,35.28602],[113.29412,35.31893],[113.32607,35.34519],[113.34268,35.32685],[113.37514,35.35949],[113.40148,35.3473],[113.4439,35.34466],[113.43424,35.32824],[113.43492,35.30425],[113.41591,35.29848],[113.40749,35.27478],[113.37238,35.25082],[113.37651,35.23612],[113.35191,35.2381],[113.34391,35.21846]]]}},{"type":"Feature","id":"CTAMAP-2001-COUNTY-1307","properties":{"map_level":"county","source_name":"孟津县","source_code":"410322","county_type":"县","prefecture_name":"洛阳市","prefecture_code":"410300","prefecture_type":"地级市","parent_entity_id":"CNUR-000154","parent_year_end_name":"洛阳市","province_name":"河南省","province_code":"410000","snapshot_year":2001,"panel_year":2000,"link_status":"parent_linked","former_name":"","note":""},"geometry":{"type":"Polygon","coordinates":[[[112.52914,34.89657],[112.5367,34.87937],[112.56468,34.87583],[112.58882,34.85021],[112.65269,34.86082],[112.71668,34.82997],[112.79225,34.83781],[112.80789,34.83339],[112.80924,34.81048],[112.76937,34.76709],[112.74,34.78065],[112.7408,34.78913],[112.72675,34.79893],[112.67943,34.80517],[112.64992,34.79951],[112.64558,34.79606],[112.66196,34.77015],[112.66256,34.75573],[112.6574,34.7494],[112.63882,34.75116],[112.63822,34.73529],[112.62484,34.72113],[112.60716,34.72107],[112.60166,34.73032],[112.56998,34.72545],[112.56351,34.74887],[112.53311,34.72619],[112.51499,34.73939],[112.49488,34.74134],[112.48122,34.73038],[112.45665,34.74312],[112.44179,34.73715],[112.3942,34.75842],[112.3845,34.73786],[112.38951,34.72233],[112.37644,34.71904],[112.36945,34.73517],[112.32045,34.72122],[112.29569,34.73504],[112.30178,34.75267],[112.28037,34.76239],[112.26607,34.78019],[112.27281,34.7873],[112.301,34.77037],[112.3184,34.78946],[112.2939,34.81601],[112.30284,34.83642],[112.26445,34.86154],[112.23007,34.87017],[112.20881,34.88743],[112.22945,34.91069],[112.24798,34.91087],[112.23819,34.92405],[112.26544,34.94025],[112.26073,34.95725],[112.27326,34.96329],[112.28442,34.95979],[112.29689,34.94098],[112.33738,34.93894],[112.36931,34.92179],[112.42936,34.92146],[112.52914,34.89657]]]}},{"type":"Feature","id":"CTAMAP-2001-COUNTY-1309","properties":{"map_level":"county","source_name":"孟州市","source_code":"410883","county_type":"县级市","prefecture_name":"焦作市","prefecture_code":"410800","prefecture_type":"地级市","parent_entity_id":"CNUR-000159","parent_year_end_name":"焦作市","province_name":"河南省","province_code":"410000","snapshot_year":2001,"panel_year":2000,"link_status":"parent_linked","former_name":"","note":""},"geometry":{"type":"Polygon","coordinates":[[[112.84448,35.00059],[112.85346,34.98544],[112.87698,34.97853],[112.87091,34.96757],[112.88411,34.95179],[112.89584,34.95041],[112.89828,34.92704],[112.92128,34.91744],[112.92455,34.82953],[112.88479,34.84976],[112.8709,34.84406],[112.84304,34.81042],[112.79975,34.8364],[112.71678,34.82995],[112.65506,34.86032],[112.63373,34.85646],[112.63441,34.8879],[112.64329,34.88942],[112.643,34.90062],[112.63032,34.89993],[112.62872,34.9272],[112.60121,34.92201],[112.59197,34.92728],[112.59719,34.93505],[112.58086,34.92459],[112.57471,34.94392],[112.56367,34.94961],[112.56988,34.9739],[112.64211,34.98136],[112.6477,34.998],[112.66909,34.99466],[112.69629,35.03109],[112.72957,35.04208],[112.75475,35.03779],[112.78631,35.00578],[112.81589,34.98895],[112.84448,35.00059]]]}},{"type":"Feature","id":"CTAMAP-2001-COUNTY-1317","properties":{"map_level":"county","source_name":"泌阳县","source_code":"411726","county_type":"县","prefecture_name":"驻马店市","prefecture_code":"411700","prefecture_type":"地级市","parent_entity_id":"CNUR-000168","parent_year_end_name":"驻马店市","province_name":"河南省","province_code":"410000","snapshot_year":2001,"panel_year":2000,"link_status":"parent_linked","former_name":"","note":""},"geometry":{"type":"Polygon","coordinates":[[[113.61208,33.14752],[113.59655,33.10849],[113.5865,33.10194],[113.58781,33.08546],[113.60233,33.0839],[113.60552,33.05859],[113.59447,33.04947],[113.59869,33.02676],[113.58485,33.00082],[113.55594,33.01409],[113.5659,32.98674],[113.55268,32.99628],[113.5479,32.98791],[113.54469,33.01361],[113.54323,33.00623],[113.53895,33.01456],[113.52372,33.01551],[113.52043,33.00631],[113.53027,33.01071],[113.52832,33.00261],[113.53865,33.00068],[113.5268,32.99586],[113.53546,32.99071],[113.52824,32.98762],[113.53527,32.98287],[113.53159,32.97081],[113.546,32.96987],[113.52278,32.96702],[113.51895,32.97484],[113.50794,32.96188],[113.52704,32.95138],[113.53541,32.95961],[113.53998,32.95167],[113.55458,32.95938],[113.56242,32.95486],[113.56219,32.92908],[113.54333,32.90151],[113.55105,32.89001],[113.58476,32.89938],[113.62636,32.89045],[113.64488,32.87751],[113.65036,32.85605],[113.63307,32.84079],[113.62659,32.81108],[113.63332,32.78057],[113.62561,32.75256],[113.64404,32.71112],[113.62202,32.70602],[113.61049,32.71546],[113.60485,32.7],[113.61517,32.6932],[113.61425,32.67],[113.59048,32.66519],[113.59647,32.6477],[113.57979,32.64407],[113.56691,32.62913],[113.56003,32.60381],[113.5355,32.59004],[113.51945,32.59761],[113.50761,32.58317],[113.50853,32.57208],[113.49426,32.56924],[113.46434,32.58255],[113.45493,32.57764],[113.45313,32.58862],[113.4402,32.58645],[113.39808,32.61617],[113.38762,32.61165],[113.35938,32.57096],[113.32219,32.57939],[113.31471,32.58992],[113.30243,32.58213],[113.27506,32.59883],[113.24513,32.59714],[113.23963,32.58185],[113.22132,32.5728],[113.19758,32.57364],[113.19706,32.60065],[113.19092,32.60225],[113.20199,32.63368],[113.18152,32.64396],[113.18381,32.65594],[113.1957,32.66049],[113.20556,32.6825],[113.22176,32.68795],[113.2461,32.66968],[113.24919,32.64936],[113.26376,32.66568],[113.23154,32.70088],[113.1996,32.70589],[113.20356,32.72864],[113.18918,32.71165],[113.18287,32.72063],[113.19903,32.75336],[113.17165,32.77645],[113.17914,32.78768],[113.17268,32.80635],[113.17909,32.82352],[113.15947,32.84948],[113.17195,32.85339],[113.20039,32.88573],[113.19323,32.8982],[113.20151,32.91911],[113.17548,32.91779],[113.16836,32.93038],[113.14172,32.9433],[113.13429,32.93167],[113.10631,32.93511],[113.09106,32.94991],[113.11601,33.01002],[113.16799,33.05858],[113.18139,33.05644],[113.1867,33.06226],[113.17957,33.07034],[113.19727,33.07249],[113.21483,33.06452],[113.25487,33.08531],[113.26629,33.08097],[113.29712,33.08906],[113.30082,33.08248],[113.31933,33.08276],[113.35295,33.0947],[113.38095,33.12149],[113.38989,33.14867],[113.41191,33.15762],[113.44564,33.16149],[113.48014,33.15387],[113.50559,33.16435],[113.54218,33.14047],[113.55376,33.16164],[113.59654,33.15902],[113.61208,33.14752]]]}},{"type":"Feature","id":"CTAMAP-2001-COUNTY-1323","properties":{"map_level":"county","source_name":"渑池县","source_code":"411221","county_type":"县","prefecture_name":"三门峡市","prefecture_code":"411200","prefecture_type":"地级市","parent_entity_id":"CNUR-000163","parent_year_end_name":"三门峡市","province_name":"河南省","province_code":"410000","snapshot_year":2001,"panel_year":2000,"link_status":"parent_linked","former_name":"","note":""},"geometry":{"type":"Polygon","coordinates":[[[111.96876,35.07007],[111.95535,35.06883],[111.94914,35.04638],[111.92823,35.03609],[111.97911,35.00373],[111.97002,34.99227],[111.93547,34.9833],[111.96452,34.97799],[111.97939,34.96022],[111.92818,34.94904],[111.91829,34.93414],[111.88335,34.92187],[111.87721,34.89966],[111.93509,34.87294],[111.94546,34.86317],[111.94376,34.84949],[111.98591,34.85786],[111.97773,34.84535],[112.01483,34.81354],[112.00954,34.79828],[112.02587,34.78724],[112.01261,34.76919],[112.01032,34.74925],[111.99315,34.75267],[111.98925,34.73989],[112.00966,34.72547],[111.98977,34.71067],[111.98217,34.72221],[111.95178,34.72954],[111.95876,34.73357],[111.95608,34.74077],[111.93155,34.73602],[111.91977,34.76137],[111.9253,34.77664],[111.89849,34.79184],[111.84998,34.80395],[111.83443,34.79528],[111.84334,34.77425],[111.82409,34.75718],[111.82001,34.73786],[111.84126,34.72486],[111.87946,34.71829],[111.91001,34.698],[111.92748,34.70585],[111.94072,34.69389],[111.97337,34.69597],[111.97264,34.68782],[111.96202,34.68692],[111.97448,34.67942],[111.96518,34.6718],[111.97221,34.65034],[111.95896,34.64017],[111.94002,34.64073],[111.94135,34.62531],[111.9302,34.62019],[111.92506,34.60331],[111.90406,34.62506],[111.87962,34.62143],[111.85681,34.65005],[111.82577,34.65416],[111.81649,34.64743],[111.81596,34.63293],[111.79995,34.63854],[111.77841,34.62545],[111.78277,34.61926],[111.7764,34.60859],[111.76038,34.61293],[111.75651,34.59314],[111.74121,34.59496],[111.70634,34.62648],[111.72503,34.63387],[111.717,34.66257],[111.67679,34.6691],[111.67349,34.67745],[111.66154,34.67119],[111.64318,34.68326],[111.63895,34.69893],[111.61621,34.68624],[111.60655,34.68912],[111.58378,34.70883],[111.59704,34.71627],[111.58652,34.74228],[111.56725,34.76192],[111.56584,34.78053],[111.57773,34.78856],[111.56233,34.82034],[111.55165,34.80936],[111.54704,34.8213],[111.55719,34.84294],[111.58191,34.85969],[111.58708,34.88613],[111.61162,34.89607],[111.61622,34.91795],[111.64028,34.93943],[111.6755,34.95098],[111.6603,34.98774],[111.68069,34.98945],[111.69008,35.00005],[111.73421,35.0053],[111.74338,35.01716],[111.76807,35.01962],[111.77312,35.03053],[111.79513,35.02964],[111.80392,35.03948],[111.804,35.06431],[111.81163,35.06971],[111.85845,35.07761],[111.87861,35.07022],[111.89529,35.08142],[111.91063,35.07201],[111.92998,35.08428],[111.95607,35.0805],[111.96876,35.07007]]]}},{"type":"Feature","id":"CTAMAP-2001-COUNTY-1328","properties":{"map_level":"county","source_name":"民权县","source_code":"411421","county_type":"县","prefecture_name":"商丘市","prefecture_code":"411400","prefecture_type":"地级市","parent_entity_id":"CNUR-000165","parent_year_end_name":"商丘市","province_name":"河南省","province_code":"410000","snapshot_year":2001,"panel_year":2000,"link_status":"parent_linked","former_name":"","note":""},"geometry":{"type":"Polygon","coordinates":[[[115.45346,34.66222],[115.46045,34.61687],[115.43796,34.61318],[115.40734,34.58713],[115.40343,34.59954],[115.332,34.61516],[115.3132,34.60292],[115.26576,34.60578],[115.26206,34.61515],[115.22359,34.61599],[115.21493,34.62556],[115.19875,34.61008],[115.19597,34.59645],[115.15642,34.60325],[115.16279,34.58367],[115.14826,34.56304],[115.15422,34.53714],[115.14016,34.52674],[115.10545,34.52695],[115.09368,34.54783],[115.07657,34.55824],[115.04896,34.55534],[115.03879,34.56351],[115.02471,34.54296],[115.0,34.54149],[114.99331,34.55778],[114.93646,34.55614],[114.92941,34.57002],[114.90326,34.57226],[114.89716,34.64568],[114.88324,34.65442],[114.90447,34.67787],[114.92914,34.66549],[114.93083,34.68001],[114.92386,34.69106],[114.89508,34.70148],[114.87424,34.70304],[114.87382,34.68852],[114.8549,34.68687],[114.85492,34.71152],[114.83329,34.71515],[114.86251,34.74048],[114.84785,34.75123],[114.83096,34.74461],[114.82394,34.76338],[114.88351,34.77869],[114.89242,34.75903],[114.9201,34.74792],[114.94327,34.74842],[114.94449,34.75646],[114.99588,34.7588],[115.00503,34.77556],[115.042,34.76943],[115.09791,34.77316],[115.12146,34.79114],[115.15737,34.78025],[115.1738,34.80131],[115.19162,34.79584],[115.20374,34.80628],[115.24323,34.79921],[115.23729,34.81156],[115.25859,34.8206],[115.26218,34.83234],[115.2545,34.83888],[115.26097,34.85543],[115.28063,34.85242],[115.27954,34.83977],[115.29148,34.8622],[115.31127,34.86289],[115.36929,34.829],[115.39176,34.83193],[115.42582,34.80481],[115.42278,34.78837],[115.44657,34.7432],[115.42163,34.73156],[115.43469,34.72193],[115.44648,34.69348],[115.43945,34.66289],[115.44831,34.65686],[115.45346,34.66222]]]}},{"type":"Feature","id":"CTAMAP-2001-COUNTY-1351","properties":{"map_level":"county","source_name":"郊区","source_code":"410711","county_type":"市辖区","prefecture_name":"新乡市","prefecture_code":"410700","prefecture_type":"地级市","parent_entity_id":"CNUR-000158","parent_year_end_name":"新乡市","province_name":"河南省","province_code":"410000","snapshot_year":2001,"panel_year":2000,"link_status":"parent_linked","former_name":"","note":""},"geometry":{"type":"Polygon","coordinates":[[[113.90091,35.30647],[113.90597,35.31827],[113.90244,35.31148],[113.89611,35.31635],[113.91855,35.32348],[113.91145,35.32416],[113.91144,35.33344],[113.90602,35.33245],[113.90373,35.33773],[113.89504,35.33797],[113.90075,35.33001],[113.8916,35.33026],[113.89532,35.32508],[113.88825,35.32083],[113.89132,35.33032],[113.88387,35.33677],[113.89029,35.33754],[113.88323,35.33873],[113.88741,35.32238],[113.87466,35.33444],[113.86781,35.32257],[113.86006,35.32781],[113.86522,35.33121],[113.8485,35.32877],[113.85718,35.32501],[113.85014,35.32038],[113.84314,35.32781],[113.84493,35.31707],[113.83261,35.31463],[113.8348,35.30325],[113.81423,35.30078],[113.81549,35.29351],[113.82806,35.29889],[113.83378,35.287],[113.85201,35.29023],[113.85331,35.27284],[113.84708,35.26863],[113.88258,35.25997],[113.89151,35.23692],[113.83547,35.21391],[113.82876,35.23648],[113.83547,35.25069],[113.81909,35.26378],[113.7957,35.26162],[113.79738,35.2748],[113.78253,35.29598],[113.78618,35.30563],[113.77703,35.31071],[113.78679,35.32309],[113.77862,35.3387],[113.82989,35.33537],[113.8276,35.36369],[113.90563,35.36303],[113.96326,35.39295],[113.95958,35.36607],[113.97568,35.36292],[113.97136,35.34968],[113.99169,35.33966],[113.98638,35.32944],[113.96373,35.30574],[113.90091,35.30647]]]}},{"type":"Feature","id":"CTAMAP-2001-COUNTY-1380","properties":{"map_level":"county","source_name":"南乐县","source_code":"410923","county_type":"县","prefecture_name":"濮阳市","prefecture_code":"410900","prefecture_type":"地级市","parent_entity_id":"CNUR-000160","parent_year_end_name":"濮阳市","province_name":"河南省","province_code":"410000","snapshot_year":2001,"panel_year":2000,"link_status":"parent_linked","former_name":"","note":""},"geometry":{"type":"MultiPolygon","coordinates":[[[[115.47719,36.1482],[115.4825,36.13002],[115.44165,36.06017],[115.44139,36.009],[115.40937,36.00503],[115.39973,35.99225],[115.33458,36.01017],[115.32085,36.0055],[115.31931,36.01363],[115.3065,36.01634],[115.29356,35.99269],[115.25341,35.99752],[115.24597,36.00722],[115.23662,36.00027],[115.19578,36.01678],[115.16968,36.00277],[115.15118,36.02168],[115.15413,36.03562],[115.12306,36.03045],[115.11198,36.01873],[115.09251,36.04712],[115.06896,36.03738],[115.06465,36.04605],[115.04444,36.04907],[115.02561,36.04118],[115.02487,36.06088],[115.00381,36.08021],[115.04274,36.11322],[115.03688,36.13046],[115.04558,36.14571],[115.03891,36.15626],[115.05298,36.16669],[115.05341,36.17922],[115.0987,36.17344],[115.09154,36.18097],[115.09552,36.1941],[115.11923,36.21044],[115.14301,36.21053],[115.16498,36.18976],[115.18276,36.19559],[115.19585,36.21266],[115.19921,36.20289],[115.24494,36.18941],[115.26785,36.13932],[115.29777,36.13017],[115.29107,36.10083],[115.31476,36.08561],[115.35985,36.09809],[115.36917,36.11273],[115.36466,36.12237],[115.38692,36.12902],[115.39828,36.15848],[115.40507,36.13701],[115.42012,36.13766],[115.42644,36.14782],[115.44291,36.14652],[115.44942,36.17592],[115.4654,36.16607],[115.46234,36.1517],[115.47719,36.1482]]],[[[115.22412,35.97977],[115.19424,35.98275],[115.1949,36.00664],[115.22035,35.99487],[115.22412,35.97977]]]]}},{"type":"Feature","id":"CTAMAP-2001-COUNTY-1392","properties":{"map_level":"county","source_name":"南召县","source_code":"411321","county_type":"县","prefecture_name":"南阳市","prefecture_code":"411300","prefecture_type":"地级市","parent_entity_id":"CNUR-000164","parent_year_end_name":"南阳市","province_name":"河南省","province_code":"410000","snapshot_year":2001,"panel_year":2000,"link_status":"parent_linked","former_name":"","note":""},"geometry":{"type":"Polygon","coordinates":[[[112.2442,33.72091],[112.25025,33.71327],[112.27377,33.7138],[112.30246,33.69982],[112.30609,33.68517],[112.32278,33.6709],[112.34978,33.66965],[112.35484,33.66138],[112.41343,33.67886],[112.45269,33.64215],[112.48737,33.641],[112.51775,33.60797],[112.51546,33.59684],[112.5247,33.58915],[112.55447,33.59238],[112.583,33.62113],[112.5942,33.62139],[112.60933,33.60058],[112.62805,33.59809],[112.65164,33.6085],[112.68906,33.58738],[112.73624,33.5842],[112.74152,33.57302],[112.75654,33.57329],[112.76356,33.56189],[112.80264,33.58109],[112.83886,33.57884],[112.85215,33.59534],[112.84936,33.54548],[112.82697,33.51608],[112.84014,33.50417],[112.81114,33.48182],[112.8059,33.45451],[112.78244,33.43458],[112.78365,33.41871],[112.7655,33.40621],[112.74091,33.4036],[112.74015,33.38996],[112.71841,33.36676],[112.71353,33.34665],[112.70704,33.34865],[112.70899,33.36551],[112.68969,33.36793],[112.68844,33.3563],[112.67141,33.35964],[112.65207,33.34186],[112.6416,33.30051],[112.65479,33.29167],[112.64528,33.27319],[112.65799,33.25073],[112.65349,33.22041],[112.64318,33.2142],[112.60741,33.22512],[112.58596,33.21053],[112.58339,33.19829],[112.56566,33.20098],[112.55913,33.21249],[112.54757,33.20447],[112.53961,33.21082],[112.52926,33.20693],[112.52503,33.21459],[112.53549,33.21769],[112.53316,33.22412],[112.5159,33.233],[112.52957,33.24866],[112.49652,33.25536],[112.49377,33.26093],[112.50418,33.26573],[112.50054,33.27548],[112.4787,33.27877],[112.46468,33.25256],[112.44894,33.24328],[112.44154,33.25655],[112.40371,33.25632],[112.38943,33.24917],[112.37947,33.23072],[112.36239,33.2275],[112.35331,33.21713],[112.35203,33.2293],[112.34401,33.23287],[112.33691,33.22024],[112.34783,33.21746],[112.33497,33.21102],[112.32522,33.21689],[112.31515,33.20904],[112.29399,33.21438],[112.27981,33.20389],[112.27454,33.23225],[112.24634,33.2428],[112.25187,33.24894],[112.24116,33.26039],[112.24499,33.28114],[112.23456,33.33088],[112.21312,33.32796],[112.20403,33.33949],[112.17684,33.31736],[112.153,33.32139],[112.12638,33.33655],[112.12138,33.3473],[112.10495,33.35004],[112.10198,33.3603],[112.07904,33.36836],[112.08493,33.38856],[112.07082,33.38639],[112.05235,33.42313],[112.01257,33.41299],[111.99803,33.44009],[111.9956,33.4648],[111.94659,33.50015],[111.92951,33.5246],[111.94467,33.53494],[111.91027,33.5469],[111.91379,33.56408],[111.92626,33.575],[111.9575,33.5744],[111.98144,33.58793],[112.02218,33.59325],[112.01845,33.60179],[112.00417,33.59687],[112.00811,33.62074],[112.02751,33.62314],[112.05492,33.60761],[112.08609,33.6057],[112.08846,33.61296],[112.06836,33.63953],[112.07353,33.65239],[112.11651,33.65318],[112.12495,33.69657],[112.14409,33.71447],[112.16901,33.72264],[112.17377,33.69983],[112.20802,33.69799],[112.22357,33.71526],[112.2442,33.72091]]]}},{"type":"Feature","id":"CTAMAP-2001-COUNTY-1396","properties":{"map_level":"county","source_name":"内黄县","source_code":"410527","county_type":"县","prefecture_name":"安阳市","prefecture_code":"410500","prefecture_type":"地级市","parent_entity_id":"CNUR-000156","parent_year_end_name":"安阳市","province_name":"河南省","province_code":"410000","snapshot_year":2001,"panel_year":2000,"link_status":"parent_linked","former_name":"","note":""},"geometry":{"type":"Polygon","coordinates":[[[114.91965,36.05566],[114.93001,36.0403],[114.97851,36.02528],[114.96704,36.00563],[114.96755,35.99843],[114.97645,35.99881],[114.98246,35.96635],[114.96802,35.93228],[114.97535,35.90709],[114.95525,35.86305],[114.92605,35.85199],[114.92563,35.83038],[114.94449,35.81794],[114.93464,35.78906],[114.87927,35.75948],[114.8825,35.73397],[114.89664,35.73101],[114.90978,35.70718],[114.89805,35.70473],[114.89802,35.69508],[114.91511,35.68606],[114.91152,35.66795],[114.88996,35.64278],[114.86862,35.65701],[114.82402,35.66142],[114.82459,35.67671],[114.81185,35.67986],[114.78407,35.67591],[114.77188,35.68269],[114.75214,35.67548],[114.73116,35.68204],[114.7201,35.69514],[114.74524,35.73462],[114.74692,35.75422],[114.72491,35.77968],[114.69851,35.78878],[114.66263,35.78365],[114.62409,35.79702],[114.60561,35.80762],[114.57891,35.84526],[114.60536,35.84966],[114.5898,35.84986],[114.60197,35.86085],[114.61695,35.85888],[114.61654,35.87106],[114.65261,35.91025],[114.67897,35.96497],[114.69717,35.97868],[114.70404,36.01993],[114.7249,36.04405],[114.7257,36.06527],[114.73374,36.07617],[114.74255,36.07565],[114.73588,36.10113],[114.74855,36.10361],[114.75933,36.12541],[114.77667,36.13341],[114.81947,36.12375],[114.8304,36.13101],[114.85187,36.12785],[114.85304,36.14444],[114.90688,36.14059],[114.90121,36.11727],[114.92341,36.09651],[114.90714,36.06145],[114.91209,36.04876],[114.91965,36.05566]]]}},{"type":"Feature","id":"CTAMAP-2001-COUNTY-1398","properties":{"map_level":"county","source_name":"内乡县","source_code":"411325","county_type":"县","prefecture_name":"南阳市","prefecture_code":"411300","prefecture_type":"地级市","parent_entity_id":"CNUR-000164","parent_year_end_name":"南阳市","province_name":"河南省","province_code":"410000","snapshot_year":2001,"panel_year":2000,"link_status":"parent_linked","former_name":"","note":""},"geometry":{"type":"Polygon","coordinates":[[[111.91379,33.56408],[111.91054,33.54654],[111.94472,33.53488],[111.92947,33.52475],[111.94659,33.50015],[111.9957,33.46466],[111.99803,33.44009],[112.01257,33.41299],[112.05235,33.42313],[112.07082,33.38639],[112.08493,33.38856],[112.07909,33.36829],[112.09288,33.36619],[112.10479,33.35016],[112.12138,33.3473],[112.12638,33.33655],[112.153,33.32139],[112.13711,33.29713],[112.122,33.30014],[112.10082,33.27975],[112.05872,33.27304],[112.07131,33.24397],[112.03807,33.20217],[112.01081,33.19856],[112.00508,33.16999],[111.99262,33.15595],[111.99478,33.12771],[111.98171,33.11614],[111.97413,33.08396],[111.98522,33.08149],[111.98421,33.07491],[111.96879,33.07706],[111.96442,33.0657],[111.98888,33.05258],[111.99175,33.02064],[112.00561,33.01089],[111.99033,32.99723],[111.98289,32.97232],[111.97038,32.96693],[111.93928,32.98594],[111.89218,32.9974],[111.90246,32.95886],[111.83054,32.94363],[111.8326,32.92892],[111.81072,32.91466],[111.79777,32.87837],[111.78752,32.8754],[111.7735,32.90179],[111.74706,32.88375],[111.74443,32.87292],[111.72282,32.85989],[111.73786,32.83759],[111.72114,32.81954],[111.72141,32.83513],[111.70601,32.84012],[111.68533,32.8633],[111.6646,32.87397],[111.65044,32.86568],[111.61398,32.89554],[111.62717,32.9122],[111.60245,32.92691],[111.61239,32.93934],[111.59806,32.95258],[111.59908,32.96042],[111.58125,32.96936],[111.6027,33.01423],[111.58533,33.02591],[111.57856,33.04264],[111.58856,33.04457],[111.59702,33.03345],[111.60515,33.04272],[111.58689,33.05429],[111.59232,33.07144],[111.57151,33.07623],[111.57815,33.09529],[111.56817,33.09873],[111.57663,33.10833],[111.5643,33.11921],[111.6017,33.15867],[111.61173,33.11989],[111.63938,33.12122],[111.6777,33.08821],[111.69784,33.09385],[111.71131,33.11338],[111.72489,33.11505],[111.73201,33.10703],[111.73468,33.12166],[111.75583,33.12544],[111.7674,33.16165],[111.74805,33.16603],[111.74412,33.18965],[111.72909,33.21173],[111.73499,33.25216],[111.71608,33.28541],[111.72739,33.31292],[111.70857,33.32657],[111.72584,33.343],[111.66254,33.35],[111.65451,33.36467],[111.61795,33.37696],[111.61024,33.38579],[111.6173,33.41926],[111.60346,33.43651],[111.6151,33.44698],[111.61598,33.46479],[111.64443,33.47957],[111.68943,33.44873],[111.69843,33.46273],[111.6978,33.4823],[111.70856,33.48561],[111.72722,33.513],[111.75219,33.48716],[111.78226,33.48323],[111.80101,33.5198],[111.82206,33.52273],[111.83027,33.53967],[111.81614,33.56668],[111.82549,33.59165],[111.86899,33.59348],[111.89642,33.58607],[111.91379,33.56408]]]}},{"type":"Feature","id":"CTAMAP-2001-COUNTY-1418","properties":{"map_level":"county","source_name":"宁陵县","source_code":"411423","county_type":"县","prefecture_name":"商丘市","prefecture_code":"411400","prefecture_type":"地级市","parent_entity_id":"CNUR-000165","parent_year_end_name":"商丘市","province_name":"河南省","province_code":"410000","snapshot_year":2001,"panel_year":2000,"link_status":"parent_linked","former_name":"","note":""},"geometry":{"type":"Polygon","coordinates":[[[115.40343,34.59954],[115.42467,34.57256],[115.42733,34.54905],[115.43944,34.54846],[115.43624,34.53636],[115.45264,34.49815],[115.44895,34.48998],[115.43233,34.48875],[115.42279,34.45455],[115.40741,34.45478],[115.38742,34.36095],[115.37064,34.36614],[115.34081,34.35706],[115.35434,34.29837],[115.33927,34.29535],[115.34113,34.2772],[115.32952,34.26288],[115.28985,34.27377],[115.26904,34.25215],[115.23553,34.25987],[115.20287,34.25941],[115.182,34.2476],[115.1594,34.25463],[115.15754,34.26874],[115.16704,34.28291],[115.16293,34.32886],[115.17492,34.34772],[115.19769,34.36277],[115.1774,34.39128],[115.18121,34.41844],[115.19137,34.42049],[115.18947,34.44491],[115.20784,34.46174],[115.18151,34.47856],[115.18752,34.5022],[115.13834,34.51085],[115.13529,34.52759],[115.15422,34.53714],[115.14826,34.56304],[115.16279,34.58367],[115.15642,34.60325],[115.19597,34.59645],[115.19875,34.61008],[115.21623,34.62561],[115.22359,34.61599],[115.26206,34.61515],[115.26576,34.60578],[115.3132,34.60292],[115.332,34.61516],[115.40343,34.59954]]]}},{"type":"Feature","id":"CTAMAP-2001-COUNTY-1466","properties":{"map_level":"county","source_name":"平桥区","source_code":"411503","county_type":"市辖区","prefecture_name":"信阳市","prefecture_code":"411500","prefecture_type":"地级市","parent_entity_id":"CNUR-000166","parent_year_end_name":"信阳市","province_name":"河南省","province_code":"410000","snapshot_year":2001,"panel_year":2000,"link_status":"parent_linked","former_name":"","note":""},"geometry":{"type":"Polygon","coordinates":[[[114.18654,32.49457],[114.193,32.45366],[114.21358,32.4447],[114.22094,32.45601],[114.24269,32.46066],[114.24241,32.43336],[114.25779,32.41169],[114.27745,32.41558],[114.28407,32.37201],[114.33614,32.36822],[114.3444,32.32572],[114.36126,32.31677],[114.3665,32.29644],[114.37715,32.29324],[114.36676,32.28155],[114.36549,32.2565],[114.33587,32.24439],[114.32358,32.22438],[114.31262,32.21892],[114.30956,32.22546],[114.27458,32.22449],[114.27943,32.21423],[114.2975,32.21151],[114.27007,32.20363],[114.26681,32.17886],[114.31264,32.15744],[114.32247,32.1424],[114.29391,32.132],[114.29377,32.12256],[114.27989,32.11762],[114.2743,32.09753],[114.27993,32.08219],[114.26042,32.08037],[114.23767,32.06169],[114.23505,32.04679],[114.2013,32.03317],[114.18667,32.04793],[114.14631,32.06635],[114.11593,32.05073],[114.10442,32.11723],[114.09632,32.11501],[114.06587,32.14051],[114.06101,32.16335],[114.06954,32.17435],[114.06233,32.18312],[114.06691,32.23491],[114.05879,32.25168],[114.0782,32.27295],[114.06814,32.29737],[114.05709,32.30015],[114.03207,32.28395],[114.02517,32.25979],[114.0129,32.24795],[113.99758,32.24332],[113.97279,32.25166],[113.9504,32.24551],[113.93903,32.27822],[113.89922,32.2821],[113.90959,32.31332],[113.87662,32.32331],[113.84878,32.35251],[113.82378,32.3427],[113.79937,32.35376],[113.81327,32.34589],[113.81067,32.31635],[113.75273,32.32335],[113.74882,32.34915],[113.76466,32.35957],[113.76461,32.3713],[113.74196,32.36571],[113.73739,32.37327],[113.74481,32.38969],[113.73068,32.39778],[113.72723,32.4139],[113.7058,32.4226],[113.72219,32.44024],[113.72542,32.46188],[113.73304,32.45645],[113.73617,32.4686],[113.75552,32.46855],[113.75932,32.55666],[113.77328,32.56493],[113.78577,32.58792],[113.81416,32.60228],[113.81542,32.6225],[113.8389,32.62507],[113.84557,32.61926],[113.85852,32.63021],[113.88268,32.60615],[113.91537,32.60814],[113.91676,32.59173],[113.93496,32.57856],[113.93192,32.55562],[113.94788,32.52942],[113.94613,32.51395],[113.96211,32.50428],[113.99428,32.51301],[114.00465,32.50772],[114.01531,32.52053],[114.03045,32.52091],[114.04086,32.51094],[114.04182,32.52045],[114.05988,32.5222],[114.04779,32.52687],[114.04751,32.54502],[114.05582,32.54682],[114.0605,32.52636],[114.06882,32.5214],[114.06703,32.50383],[114.08328,32.48576],[114.07147,32.47457],[114.07717,32.45274],[114.1213,32.44785],[114.13346,32.46424],[114.16211,32.46283],[114.16371,32.49254],[114.18654,32.49457]]]}},{"type":"Feature","id":"CTAMAP-2001-COUNTY-1479","properties":{"map_level":"county","source_name":"平舆县","source_code":"411723","county_type":"县","prefecture_name":"驻马店市","prefecture_code":"411700","prefecture_type":"地级市","parent_entity_id":"CNUR-000168","parent_year_end_name":"驻马店市","province_name":"河南省","province_code":"410000","snapshot_year":2001,"panel_year":2000,"link_status":"parent_linked","former_name":"","note":""},"geometry":{"type":"Polygon","coordinates":[[[114.67481,33.17194],[114.7007,33.16434],[114.73647,33.10717],[114.75588,33.10907],[114.76639,33.07174],[114.84718,33.05558],[114.85757,33.07901],[114.90615,33.08662],[114.91771,33.03831],[114.92729,33.02726],[114.92017,33.01883],[114.88768,33.02243],[114.89699,33.0014],[114.87916,32.99348],[114.88035,32.97862],[114.85906,32.95984],[114.8637,32.94715],[114.82117,32.94013],[114.81583,32.91905],[114.77667,32.91999],[114.77538,32.88988],[114.74354,32.86933],[114.70809,32.87433],[114.70218,32.82722],[114.68664,32.81598],[114.69619,32.81083],[114.69348,32.7991],[114.67761,32.80304],[114.67761,32.78181],[114.64886,32.76927],[114.63544,32.73735],[114.62511,32.74691],[114.61104,32.74419],[114.62045,32.76068],[114.59713,32.75985],[114.59585,32.77953],[114.5799,32.77251],[114.56684,32.78025],[114.58357,32.78501],[114.57441,32.79092],[114.57376,32.80262],[114.58788,32.80718],[114.58759,32.81799],[114.57881,32.82207],[114.57336,32.81076],[114.56592,32.83646],[114.54951,32.83508],[114.54594,32.82197],[114.52325,32.83867],[114.53877,32.8534],[114.55636,32.85536],[114.55342,32.869],[114.52588,32.8779],[114.52816,32.86483],[114.51492,32.86663],[114.49409,32.8516],[114.50585,32.86786],[114.50377,32.88331],[114.45628,32.8627],[114.45195,32.86833],[114.46209,32.87236],[114.42292,32.88244],[114.42282,32.90201],[114.4068,32.89511],[114.40804,32.91052],[114.39492,32.91765],[114.40596,32.92384],[114.39677,32.93977],[114.41967,32.94855],[114.45484,32.99212],[114.44301,33.01925],[114.46258,33.03033],[114.47343,33.07566],[114.448,33.07864],[114.43847,33.09764],[114.44976,33.10346],[114.46052,33.15945],[114.53234,33.15136],[114.57096,33.16629],[114.67481,33.17194]]]}},{"type":"Feature","id":"CTAMAP-2001-COUNTY-1492","properties":{"map_level":"county","source_name":"濮阳县","source_code":"410928","county_type":"县","prefecture_name":"濮阳市","prefecture_code":"410900","prefecture_type":"地级市","parent_entity_id":"CNUR-000160","parent_year_end_name":"濮阳市","province_name":"河南省","province_code":"410000","snapshot_year":2001,"panel_year":2000,"link_status":"parent_linked","former_name":"","note":""},"geometry":{"type":"Polygon","coordinates":[[[115.32609,35.79632],[115.35472,35.78012],[115.33475,35.76305],[115.34919,35.753],[115.34457,35.73166],[115.35158,35.70043],[115.38593,35.69038],[115.3723,35.67832],[115.36281,35.68784],[115.34577,35.68838],[115.34587,35.68036],[115.35975,35.67225],[115.35858,35.64023],[115.38698,35.65522],[115.39042,35.63884],[115.41797,35.62616],[115.40797,35.62519],[115.402,35.59457],[115.39201,35.59372],[115.37582,35.56905],[115.3389,35.55274],[115.34738,35.54475],[115.34988,35.49374],[115.27229,35.46149],[115.23597,35.42469],[115.18989,35.4212],[115.18989,35.4159],[115.13285,35.42563],[115.11888,35.41969],[115.11664,35.40267],[115.0986,35.40358],[115.0832,35.41514],[115.07763,35.41089],[115.08111,35.39188],[115.06861,35.37593],[115.01548,35.36934],[115.01568,35.33206],[114.97863,35.34155],[114.9559,35.36625],[114.94143,35.37128],[114.96052,35.40183],[114.97834,35.41106],[114.97544,35.43554],[114.95697,35.43925],[114.9671,35.47902],[114.93141,35.48307],[114.9371,35.49826],[114.96461,35.50691],[114.96401,35.54022],[114.95394,35.55354],[114.95753,35.57193],[114.86425,35.60489],[114.86968,35.62992],[114.89666,35.64523],[114.91607,35.69014],[114.93827,35.69519],[114.97251,35.68278],[114.99263,35.68843],[114.99849,35.69898],[114.96804,35.70155],[114.98293,35.70787],[114.96988,35.71866],[114.9896,35.72234],[115.00209,35.73839],[115.07717,35.72392],[115.08366,35.74388],[115.06839,35.73328],[115.06543,35.74575],[115.08912,35.7447],[115.12144,35.76381],[115.14765,35.76186],[115.15038,35.74678],[115.17046,35.74541],[115.20585,35.75631],[115.23438,35.77832],[115.25453,35.76917],[115.28577,35.79608],[115.29121,35.77655],[115.30988,35.77815],[115.32609,35.79632]],[[115.00226,35.67866],[114.99778,35.68836],[114.98584,35.68197],[114.99627,35.67257],[115.00226,35.67866]],[[114.87565,35.60501],[114.87705,35.60609],[114.87641,35.60624],[114.87565,35.60501]]]}},{"type":"Feature","id":"CTAMAP-2001-COUNTY-1517","properties":{"map_level":"county","source_name":"郊区","source_code":"410611","county_type":"市辖区","prefecture_name":"鹤壁市","prefecture_code":"410600","prefecture_type":"地级市","parent_entity_id":"CNUR-000157","parent_year_end_name":"鹤壁市","province_name":"河南省","province_code":"410000","snapshot_year":2001,"panel_year":2000,"link_status":"parent_linked","former_name":"","note":""},"geometry":{"type":"Polygon","coordinates":[[[114.14784,35.9115],[114.14676,35.8796],[114.17848,35.85929],[114.17946,35.83718],[114.21059,35.84315],[114.22101,35.85275],[114.22934,35.84916],[114.2291,35.81705],[114.23927,35.79372],[114.25784,35.77731],[114.24956,35.77262],[114.25435,35.76388],[114.26673,35.76101],[114.27802,35.77644],[114.26989,35.78027],[114.28896,35.79597],[114.32884,35.79893],[114.33647,35.81768],[114.39912,35.81264],[114.40435,35.79923],[114.38177,35.78248],[114.38246,35.74706],[114.36953,35.73258],[114.35414,35.73039],[114.37034,35.65956],[114.35592,35.65699],[114.34714,35.6394],[114.31895,35.64717],[114.31429,35.66158],[114.29131,35.65661],[114.27396,35.66212],[114.26861,35.67594],[114.24964,35.68593],[114.25081,35.70136],[114.26251,35.70637],[114.26688,35.73887],[114.25179,35.74206],[114.23602,35.75978],[114.21761,35.75367],[114.21661,35.77215],[114.19885,35.79679],[114.18152,35.79308],[114.1593,35.80245],[114.14842,35.79642],[114.09612,35.80819],[114.01635,35.79788],[114.02464,35.81902],[114.00113,35.85896],[114.04071,35.85896],[114.06248,35.87166],[114.07774,35.89867],[114.0771,35.91327],[114.14784,35.9115]]]}},{"type":"Feature","id":"CTAMAP-2001-COUNTY-1518","properties":{"map_level":"county","source_name":"淇县","source_code":"410622","county_type":"县","prefecture_name":"鹤壁市","prefecture_code":"410600","prefecture_type":"地级市","parent_entity_id":"CNUR-000157","parent_year_end_name":"鹤壁市","province_name":"河南省","province_code":"410000","snapshot_year":2001,"panel_year":2000,"link_status":"parent_linked","former_name":"","note":""},"geometry":{"type":"Polygon","coordinates":[[[114.29131,35.65661],[114.28785,35.64175],[114.29846,35.63021],[114.28969,35.62746],[114.27655,35.59502],[114.25609,35.57471],[114.26405,35.55217],[114.25548,35.52704],[114.26148,35.51674],[114.28255,35.5141],[114.28413,35.50247],[114.25149,35.49746],[114.21915,35.52306],[114.15276,35.5277],[114.0745,35.56746],[114.06434,35.59247],[114.04909,35.60391],[114.05839,35.63578],[114.04606,35.64561],[114.05251,35.65933],[114.04504,35.67486],[114.02148,35.68308],[114.02234,35.6934],[113.99189,35.70385],[113.99287,35.72291],[114.06093,35.75777],[114.06026,35.7763],[114.07493,35.7822],[114.07312,35.80364],[114.09612,35.80819],[114.14842,35.79642],[114.17172,35.80184],[114.18298,35.7929],[114.19444,35.79858],[114.21661,35.77215],[114.21761,35.75367],[114.23602,35.75978],[114.25179,35.74206],[114.26688,35.73887],[114.26251,35.70637],[114.25081,35.70136],[114.24846,35.68809],[114.26861,35.67594],[114.27382,35.66221],[114.29131,35.65661]]]}},{"type":"Feature","id":"CTAMAP-2001-COUNTY-1522","properties":{"map_level":"county","source_name":"杞县","source_code":"410221","county_type":"县","prefecture_name":"开封市","prefecture_code":"410200","prefecture_type":"地级市","parent_entity_id":"CNUR-000153","parent_year_end_name":"开封市","province_name":"河南省","province_code":"410000","snapshot_year":2001,"panel_year":2000,"link_status":"parent_linked","former_name":"","note":""},"geometry":{"type":"Polygon","coordinates":[[[114.79932,34.74676],[114.84785,34.75123],[114.86251,34.74048],[114.83329,34.71515],[114.85492,34.71152],[114.8549,34.68687],[114.87382,34.68852],[114.87424,34.70304],[114.89508,34.70148],[114.92386,34.69106],[114.93083,34.68001],[114.92914,34.66549],[114.90447,34.67787],[114.88324,34.65442],[114.89738,34.64475],[114.89896,34.59542],[114.90657,34.58439],[114.90647,34.50152],[114.91658,34.49445],[114.89938,34.46653],[114.85773,34.4566],[114.84881,34.41327],[114.87846,34.3852],[114.87757,34.37557],[114.85994,34.36857],[114.85322,34.3298],[114.8725,34.31782],[114.86209,34.30115],[114.88902,34.29241],[114.89392,34.26175],[114.82689,34.29015],[114.81977,34.2655],[114.75687,34.25636],[114.7483,34.24787],[114.75552,34.23854],[114.72025,34.22464],[114.70369,34.24489],[114.63762,34.25146],[114.61932,34.28382],[114.62898,34.35253],[114.61984,34.3669],[114.63988,34.36587],[114.64526,34.38054],[114.6434,34.417],[114.62659,34.43619],[114.63571,34.44938],[114.63426,34.48267],[114.60355,34.49699],[114.60345,34.52513],[114.61806,34.56514],[114.60562,34.57055],[114.61741,34.59725],[114.63333,34.59889],[114.63312,34.61906],[114.65296,34.64454],[114.64805,34.66117],[114.63709,34.66768],[114.63793,34.69547],[114.63097,34.70156],[114.6392,34.71527],[114.68472,34.71937],[114.70881,34.7456],[114.73222,34.74511],[114.76887,34.76399],[114.78877,34.76148],[114.78972,34.75026],[114.79932,34.74676]]]}},{"type":"Feature","id":"CTAMAP-2001-COUNTY-1550","properties":{"map_level":"county","source_name":"沁阳市","source_code":"410882","county_type":"县级市","prefecture_name":"焦作市","prefecture_code":"410800","prefecture_type":"地级市","parent_entity_id":"CNUR-000159","parent_year_end_name":"焦作市","province_name":"河南省","province_code":"410000","snapshot_year":2001,"panel_year":2000,"link_status":"parent_linked","former_name":"","note":""},"geometry":{"type":"Polygon","coordinates":[[[113.04442,35.03891],[113.04613,35.02193],[113.03583,35.01511],[112.97538,35.03565],[112.93518,34.98298],[112.92505,34.98384],[112.91568,34.99703],[112.90579,34.99415],[112.91001,35.00211],[112.89698,35.01763],[112.8843,35.01968],[112.85927,34.99229],[112.84448,35.00059],[112.81589,34.98895],[112.78631,35.00578],[112.75475,35.03779],[112.72667,35.04304],[112.73614,35.05497],[112.72904,35.05476],[112.73081,35.06236],[112.74157,35.06773],[112.73805,35.08257],[112.74892,35.08576],[112.74783,35.09923],[112.76373,35.11302],[112.7511,35.15739],[112.76546,35.18073],[112.75215,35.20252],[112.77365,35.22337],[112.77013,35.23883],[112.77855,35.24501],[112.80174,35.2383],[112.81508,35.25703],[112.84678,35.2534],[112.87705,35.23969],[112.91681,35.24808],[112.93012,35.27176],[112.92723,35.28289],[112.96062,35.2943],[112.97879,35.28588],[112.98674,35.29796],[112.98052,35.31304],[113.00304,35.31266],[113.00281,35.30347],[113.01586,35.30082],[113.00962,35.28131],[112.99102,35.2609],[112.98397,35.26745],[112.97658,35.25943],[112.99161,35.24894],[112.99186,35.23848],[112.97426,35.21195],[113.00252,35.21962],[113.00551,35.21026],[112.96729,35.17109],[112.95046,35.16471],[112.94378,35.14916],[112.95095,35.13146],[112.96394,35.13212],[112.95979,35.11212],[112.97027,35.10957],[112.9741,35.08961],[113.00198,35.07316],[112.99743,35.06423],[113.02328,35.05503],[113.02575,35.04012],[113.04442,35.03891]]]}},{"type":"Feature","id":"CTAMAP-2001-COUNTY-1569","properties":{"map_level":"county","source_name":"清丰县","source_code":"410922","county_type":"县","prefecture_name":"濮阳市","prefecture_code":"410900","prefecture_type":"地级市","parent_entity_id":"CNUR-000160","parent_year_end_name":"濮阳市","province_name":"河南省","province_code":"410000","snapshot_year":2001,"panel_year":2000,"link_status":"parent_linked","former_name":"","note":""},"geometry":{"type":"Polygon","coordinates":[[[115.39124,35.9939],[115.38135,35.97355],[115.3551,35.97726],[115.34934,35.9678],[115.35455,35.95524],[115.34665,35.9457],[115.35741,35.93051],[115.36006,35.89991],[115.35087,35.87001],[115.33339,35.87072],[115.33236,35.86476],[115.34363,35.86098],[115.32728,35.79728],[115.29973,35.77669],[115.29121,35.77655],[115.28577,35.79608],[115.25453,35.76917],[115.23576,35.77795],[115.24197,35.78938],[115.23591,35.79576],[115.21274,35.78773],[115.20796,35.80905],[115.15674,35.80751],[115.1438,35.79741],[115.13096,35.7989],[115.13181,35.81032],[115.11982,35.8168],[115.09625,35.82002],[115.09438,35.81017],[115.04641,35.81746],[115.05053,35.83971],[115.02204,35.85691],[114.97305,35.85515],[114.95525,35.86305],[114.97563,35.90876],[114.96658,35.91978],[114.9825,35.96936],[114.97645,35.99881],[114.96755,35.99843],[114.96704,36.00563],[114.97851,36.02528],[114.93001,36.0403],[114.91965,36.05566],[114.96198,36.07062],[114.98375,36.0615],[115.00269,36.07124],[115.00381,36.08021],[115.02487,36.06088],[115.02561,36.04118],[115.04444,36.04907],[115.06465,36.04605],[115.06896,36.03738],[115.09251,36.04712],[115.11198,36.01873],[115.12306,36.03045],[115.15413,36.03562],[115.15118,36.02168],[115.16968,36.00277],[115.19578,36.01678],[115.23662,36.00027],[115.24597,36.00722],[115.25341,35.99752],[115.29356,35.99269],[115.3065,36.01634],[115.31931,36.01363],[115.32085,36.0055],[115.33458,36.01017],[115.39124,35.9939]],[[115.22412,35.97977],[115.22035,35.99487],[115.1949,36.00664],[115.19424,35.98275],[115.22412,35.97977]]]}},{"type":"Feature","id":"CTAMAP-2001-COUNTY-1610","properties":{"map_level":"county","source_name":"确山县","source_code":"411725","county_type":"县","prefecture_name":"驻马店市","prefecture_code":"411700","prefecture_type":"地级市","parent_entity_id":"CNUR-000168","parent_year_end_name":"驻马店市","province_name":"河南省","province_code":"410000","snapshot_year":2001,"panel_year":2000,"link_status":"parent_linked","former_name":"","note":""},"geometry":{"type":"Polygon","coordinates":[[[113.88462,33.02352],[113.89317,33.01353],[113.90764,33.01682],[113.92004,33.00417],[113.91401,32.99166],[113.88824,32.98755],[113.89437,32.96585],[113.93704,32.93746],[113.93677,32.89141],[113.95793,32.89921],[113.96635,32.89299],[113.9877,32.89551],[113.98543,32.90685],[114.00784,32.91053],[114.00804,32.92615],[114.03009,32.92918],[114.03388,32.92308],[114.02582,32.91503],[114.0636,32.91784],[114.07992,32.91002],[114.10474,32.918],[114.121,32.908],[114.137,32.90941],[114.14551,32.88999],[114.13404,32.89231],[114.12916,32.88503],[114.1423,32.87451],[114.14306,32.86333],[114.12945,32.85397],[114.1614,32.84709],[114.17306,32.83948],[114.1781,32.82042],[114.18642,32.81887],[114.18216,32.78814],[114.15203,32.80521],[114.15714,32.78269],[114.1446,32.77567],[114.15783,32.75943],[114.19425,32.75984],[114.19776,32.73259],[114.18125,32.7332],[114.1681,32.7221],[114.16067,32.72655],[114.14907,32.70676],[114.16739,32.68429],[114.17849,32.68341],[114.19688,32.70376],[114.21996,32.69807],[114.2216,32.68555],[114.20306,32.67689],[114.19749,32.66389],[114.20323,32.63659],[114.21869,32.63293],[114.21988,32.60781],[114.23674,32.60604],[114.21732,32.59334],[114.23119,32.56833],[114.22588,32.54716],[114.23482,32.52841],[114.20256,32.51879],[114.2037,32.50709],[114.18654,32.49457],[114.16371,32.49254],[114.16211,32.46283],[114.13346,32.46424],[114.1213,32.44785],[114.07717,32.45274],[114.07147,32.47457],[114.08328,32.48576],[114.06703,32.50383],[114.06882,32.5214],[114.0605,32.52636],[114.05567,32.54689],[114.04751,32.54502],[114.04779,32.52687],[114.05988,32.5222],[114.04182,32.52045],[114.04086,32.51094],[114.03045,32.52091],[114.01531,32.52053],[114.00465,32.50772],[113.99428,32.51301],[113.96211,32.50428],[113.94613,32.51395],[113.94788,32.52942],[113.93192,32.55562],[113.93496,32.57856],[113.91676,32.59173],[113.91487,32.60847],[113.88268,32.60615],[113.85907,32.63027],[113.84557,32.61926],[113.8389,32.62507],[113.81542,32.6225],[113.80912,32.60236],[113.77759,32.63036],[113.78215,32.64646],[113.7768,32.65515],[113.75257,32.65536],[113.69129,32.69854],[113.66427,32.6955],[113.64232,32.71241],[113.62561,32.75256],[113.63332,32.78057],[113.62659,32.81108],[113.63567,32.84698],[113.66573,32.85049],[113.67465,32.86285],[113.70935,32.85312],[113.72988,32.86403],[113.73379,32.85114],[113.75694,32.84362],[113.78799,32.85202],[113.80147,32.84553],[113.84442,32.84331],[113.83915,32.8438],[113.8417,32.86609],[113.85747,32.89265],[113.8431,32.94684],[113.82887,32.95604],[113.79832,32.95179],[113.78445,32.95994],[113.79901,32.9776],[113.78302,32.98575],[113.78162,32.9969],[113.80792,32.9949],[113.81001,33.0044],[113.82962,33.00325],[113.84548,33.01692],[113.88462,33.02352]]]}},{"type":"Feature","id":"CTAMAP-2001-COUNTY-1634","properties":{"map_level":"county","source_name":"汝南县","source_code":"411727","county_type":"县","prefecture_name":"驻马店市","prefecture_code":"411700","prefecture_type":"地级市","parent_entity_id":"CNUR-000168","parent_year_end_name":"驻马店市","province_name":"河南省","province_code":"410000","snapshot_year":2001,"panel_year":2000,"link_status":"parent_linked","former_name":"","note":""},"geometry":{"type":"Polygon","coordinates":[[[114.40934,33.17996],[114.42996,33.16863],[114.43014,33.15879],[114.44144,33.16848],[114.454,33.16503],[114.46011,33.14042],[114.44976,33.10346],[114.43847,33.09742],[114.448,33.07864],[114.47343,33.07566],[114.46258,33.03033],[114.44301,33.01925],[114.45484,32.99212],[114.41967,32.94855],[114.3978,32.94331],[114.40596,32.92384],[114.39506,32.91725],[114.40798,32.91064],[114.40894,32.89271],[114.42282,32.90201],[114.42292,32.88244],[114.46209,32.87236],[114.45195,32.86833],[114.45868,32.86187],[114.50377,32.88331],[114.50585,32.86786],[114.49409,32.8516],[114.51492,32.86663],[114.52816,32.86483],[114.52588,32.8779],[114.5496,32.87194],[114.55636,32.85536],[114.53877,32.8534],[114.52325,32.83867],[114.54594,32.82197],[114.54951,32.83508],[114.56592,32.83646],[114.57253,32.81136],[114.58198,32.82188],[114.58788,32.80718],[114.55682,32.79355],[114.53528,32.79804],[114.49105,32.77415],[114.44837,32.77458],[114.42621,32.75802],[114.4153,32.73128],[114.38503,32.72038],[114.37167,32.69816],[114.31971,32.65101],[114.25,32.63398],[114.23196,32.64722],[114.22518,32.64717],[114.22422,32.63572],[114.20323,32.63659],[114.19749,32.66556],[114.20306,32.67689],[114.22208,32.68636],[114.21607,32.70339],[114.19688,32.70376],[114.17849,32.68341],[114.16189,32.68565],[114.14907,32.70676],[114.16067,32.72655],[114.1681,32.7221],[114.18125,32.7332],[114.19776,32.73259],[114.19425,32.75984],[114.15783,32.75943],[114.1446,32.77567],[114.15714,32.78269],[114.15075,32.80456],[114.18194,32.78808],[114.18802,32.81459],[114.1781,32.82042],[114.17306,32.83948],[114.12945,32.85397],[114.14306,32.86333],[114.12983,32.88792],[114.14551,32.88999],[114.14571,32.89739],[114.137,32.90941],[114.121,32.908],[114.10321,32.91796],[114.10507,32.92654],[114.09214,32.93631],[114.0862,32.95592],[114.10092,32.99317],[114.15329,33.00142],[114.15906,33.01595],[114.16562,33.01415],[114.16709,33.02777],[114.13356,33.02764],[114.12902,33.03739],[114.10406,33.044],[114.10302,33.08928],[114.11978,33.09592],[114.1121,33.09919],[114.11523,33.10966],[114.12977,33.11905],[114.13553,33.10581],[114.15065,33.10709],[114.15292,33.11946],[114.14362,33.12535],[114.17413,33.13497],[114.18513,33.13117],[114.18323,33.15469],[114.19645,33.16099],[114.25196,33.15668],[114.27865,33.1385],[114.2833,33.15001],[114.29826,33.14798],[114.30974,33.15719],[114.36105,33.16653],[114.37562,33.18263],[114.40934,33.17996]]]}},{"type":"Feature","id":"CTAMAP-2001-COUNTY-1635","properties":{"map_level":"county","source_name":"汝阳县","source_code":"410326","county_type":"县","prefecture_name":"洛阳市","prefecture_code":"410300","prefecture_type":"地级市","parent_entity_id":"CNUR-000154","parent_year_end_name":"洛阳市","province_name":"河南省","province_code":"410000","snapshot_year":2001,"panel_year":2000,"link_status":"parent_linked","former_name":"","note":""},"geometry":{"type":"Polygon","coordinates":[[[112.54045,34.36036],[112.60512,34.32264],[112.58738,34.31594],[112.54027,34.27277],[112.57526,34.24748],[112.55057,34.21405],[112.57505,34.20101],[112.58925,34.16603],[112.60592,34.1603],[112.6171,34.14372],[112.59577,34.08948],[112.59836,34.06533],[112.57738,34.06489],[112.57059,34.04024],[112.52898,34.02324],[112.56416,34.0037],[112.53819,33.99616],[112.54259,33.9866],[112.52401,33.959],[112.52387,33.94301],[112.48942,33.93046],[112.48961,33.91856],[112.53627,33.89799],[112.51832,33.86435],[112.47401,33.85892],[112.44794,33.84224],[112.42504,33.8139],[112.40694,33.8089],[112.39602,33.81136],[112.38408,33.82978],[112.35791,33.83922],[112.30891,33.82418],[112.2927,33.80649],[112.27716,33.81034],[112.27309,33.82685],[112.21715,33.81891],[112.19788,33.86932],[112.21066,33.90884],[112.20487,33.95486],[112.26321,33.99207],[112.27058,34.01898],[112.28208,34.02619],[112.3026,34.02543],[112.3174,34.01365],[112.34356,34.02812],[112.33716,34.03964],[112.32042,34.04413],[112.33256,34.06025],[112.31788,34.07197],[112.30092,34.11415],[112.32008,34.12297],[112.33432,34.14668],[112.34901,34.14618],[112.33736,34.17702],[112.34524,34.19507],[112.37021,34.20138],[112.36724,34.22169],[112.38255,34.21765],[112.41955,34.22575],[112.40267,34.24515],[112.40956,34.2813],[112.38578,34.31238],[112.3979,34.33344],[112.41338,34.34502],[112.43126,34.34418],[112.45221,34.32878],[112.47389,34.33861],[112.49841,34.33237],[112.49802,34.35055],[112.53479,34.35195],[112.54045,34.36036]]]}},{"type":"Feature","id":"CTAMAP-2001-COUNTY-1636","properties":{"map_level":"county","source_name":"汝州市","source_code":"410482","county_type":"县级市","prefecture_name":"平顶山市","prefecture_code":"410400","prefecture_type":"地级市","parent_entity_id":"CNUR-000155","parent_year_end_name":"平顶山市","province_name":"河南省","province_code":"410000","snapshot_year":2001,"panel_year":2000,"link_status":"parent_linked","former_name":"","note":""},"geometry":{"type":"Polygon","coordinates":[[[113.07631,34.26766],[113.05833,34.23247],[113.06771,34.22921],[113.0614,34.21905],[113.0934,34.20889],[113.1037,34.19372],[113.05995,34.13668],[113.02217,34.12652],[113.01758,34.11842],[113.02019,34.10462],[112.99592,34.07523],[113.01632,34.05595],[113.00846,34.04072],[113.01175,34.01717],[112.99029,34.01862],[112.98031,34.00476],[112.94966,34.00817],[112.93716,33.99348],[112.89249,33.99389],[112.89413,34.00169],[112.85098,34.00388],[112.84431,34.01269],[112.82533,34.00062],[112.78703,34.00139],[112.76888,33.99356],[112.75556,33.99971],[112.74649,33.99025],[112.72419,33.995],[112.72097,33.98666],[112.73057,33.98204],[112.71689,33.97094],[112.72204,33.9549],[112.7114,33.94338],[112.68752,33.94724],[112.66725,33.96507],[112.65059,33.95702],[112.63602,33.98003],[112.6037,33.97552],[112.57145,33.99048],[112.5709,33.97354],[112.56344,33.97396],[112.53818,33.99582],[112.56419,34.00415],[112.52907,34.02347],[112.57059,34.04024],[112.57738,34.06489],[112.59836,34.06533],[112.59577,34.08948],[112.6171,34.14381],[112.60592,34.1603],[112.58925,34.16603],[112.57505,34.20101],[112.55057,34.21405],[112.57526,34.24748],[112.54031,34.27294],[112.58738,34.31594],[112.60512,34.32264],[112.60228,34.3298],[112.62647,34.34285],[112.64785,34.3414],[112.65183,34.32183],[112.69736,34.33588],[112.73035,34.32555],[112.73489,34.33378],[112.75108,34.33288],[112.77818,34.34676],[112.78269,34.3336],[112.80331,34.3408],[112.8202,34.33368],[112.83675,34.33688],[112.83675,34.32596],[112.84823,34.31897],[112.8341,34.31246],[112.83406,34.29899],[112.88243,34.30294],[112.90708,34.29506],[113.00797,34.30157],[113.03306,34.28079],[113.05958,34.28763],[113.07631,34.26766]]]}},{"type":"Feature","id":"CTAMAP-2001-COUNTY-1677","properties":{"map_level":"county","source_name":"山城区","source_code":"410603","county_type":"市辖区","prefecture_name":"鹤壁市","prefecture_code":"410600","prefecture_type":"地级市","parent_entity_id":"CNUR-000157","parent_year_end_name":"鹤壁市","province_name":"河南省","province_code":"410000","snapshot_year":2001,"panel_year":2000,"link_status":"parent_linked","former_name":"","note":""},"geometry":{"type":"Polygon","coordinates":[[[114.27593,35.97517],[114.27484,35.94964],[114.29127,35.95989],[114.30439,35.95601],[114.29398,35.94139],[114.29415,35.9252],[114.27098,35.92504],[114.26487,35.89965],[114.2788,35.88961],[114.26956,35.87751],[114.2411,35.87204],[114.21395,35.84491],[114.17946,35.83718],[114.17984,35.85713],[114.14676,35.8796],[114.14504,35.902],[114.16114,35.92766],[114.20318,35.95436],[114.19625,35.99212],[114.21116,35.99395],[114.23903,35.9731],[114.27593,35.97517]]]}},{"type":"Feature","id":"CTAMAP-2001-COUNTY-1680","properties":{"map_level":"county","source_name":"山阳区","source_code":"410811","county_type":"市辖区","prefecture_name":"焦作市","prefecture_code":"410800","prefecture_type":"地级市","parent_entity_id":"CNUR-000159","parent_year_end_name":"焦作市","province_name":"河南省","province_code":"410000","snapshot_year":2001,"panel_year":2000,"link_status":"parent_linked","former_name":"","note":""},"geometry":{"type":"Polygon","coordinates":[[[113.32165,35.21524],[113.36086,35.2153],[113.37175,35.1881],[113.3435,35.16529],[113.33883,35.14891],[113.32269,35.14251],[113.30499,35.14766],[113.27424,35.12802],[113.25236,35.13888],[113.1995,35.13181],[113.18614,35.12723],[113.18562,35.1148],[113.17057,35.11301],[113.16621,35.09868],[113.14616,35.10358],[113.14624,35.11722],[113.09699,35.1232],[113.08706,35.13447],[113.12906,35.19025],[113.15708,35.18433],[113.15558,35.19415],[113.16405,35.19463],[113.19141,35.17404],[113.19037,35.16126],[113.20755,35.15841],[113.20806,35.16957],[113.22047,35.175],[113.20852,35.18669],[113.24496,35.19252],[113.24942,35.19959],[113.22834,35.25081],[113.23729,35.25336],[113.23216,35.26908],[113.24321,35.26649],[113.27183,35.30457],[113.29369,35.31786],[113.33371,35.28602],[113.29828,35.27399],[113.30133,35.25408],[113.31215,35.24348],[113.30946,35.22135],[113.32165,35.21524]]]}},{"type":"Feature","id":"CTAMAP-2001-COUNTY-1683","properties":{"map_level":"county","source_name":"陕县","source_code":"411222","county_type":"县","prefecture_name":"三门峡市","prefecture_code":"411200","prefecture_type":"地级市","parent_entity_id":"CNUR-000163","parent_year_end_name":"三门峡市","province_name":"河南省","province_code":"410000","snapshot_year":2001,"panel_year":2000,"link_status":"parent_linked","former_name":"","note":""},"geometry":{"type":"Polygon","coordinates":[[[111.56153,34.84397],[111.54704,34.8213],[111.55165,34.80936],[111.56233,34.82034],[111.57773,34.78856],[111.56584,34.78053],[111.56725,34.76192],[111.58652,34.74228],[111.59704,34.71627],[111.58378,34.70883],[111.60655,34.68912],[111.61621,34.68624],[111.63895,34.69893],[111.64318,34.68326],[111.66154,34.67119],[111.67349,34.67745],[111.67679,34.6691],[111.70425,34.66932],[111.7199,34.65865],[111.72503,34.63387],[111.70634,34.62648],[111.72898,34.60601],[111.71517,34.59392],[111.72129,34.59202],[111.70742,34.59539],[111.69166,34.57432],[111.66285,34.57138],[111.68874,34.53241],[111.67766,34.53073],[111.64918,34.54823],[111.60812,34.55906],[111.60166,34.56876],[111.57863,34.57103],[111.58507,34.55283],[111.558,34.56996],[111.53869,34.54463],[111.50037,34.55118],[111.47624,34.52353],[111.38287,34.4766],[111.36339,34.47379],[111.36251,34.48262],[111.31297,34.47339],[111.29726,34.47661],[111.29217,34.49065],[111.26713,34.47219],[111.26999,34.44815],[111.21108,34.46078],[111.20791,34.42964],[111.19272,34.41865],[111.186,34.41897],[111.18465,34.4331],[111.19127,34.44456],[111.15081,34.45279],[111.15173,34.47042],[111.17396,34.47497],[111.12124,34.50556],[111.1125,34.52074],[111.11019,34.5535],[111.12007,34.56934],[111.10422,34.58629],[111.09645,34.62084],[111.07644,34.62954],[111.06574,34.65063],[111.02677,34.66168],[111.03025,34.67715],[111.02062,34.69138],[111.03326,34.70193],[111.02941,34.71745],[111.0421,34.72089],[111.02576,34.72843],[111.02312,34.73908],[111.0539,34.7527],[111.11679,34.76083],[111.12997,34.79294],[111.15087,34.78225],[111.15892,34.74768],[111.17166,34.75558],[111.19119,34.7507],[111.18229,34.74593],[111.18627,34.73427],[111.21707,34.72728],[111.22785,34.70624],[111.24785,34.7064],[111.25025,34.70182],[111.23484,34.6953],[111.24789,34.69353],[111.25099,34.67198],[111.2624,34.67008],[111.27171,34.69412],[111.28156,34.69722],[111.27773,34.70874],[111.30148,34.70614],[111.34228,34.72012],[111.33893,34.72897],[111.31985,34.73098],[111.3204,34.73894],[111.33792,34.74829],[111.30287,34.75905],[111.30612,34.76934],[111.38922,34.76242],[111.39094,34.76902],[111.37545,34.77572],[111.39258,34.79806],[111.39248,34.8167],[111.43359,34.83925],[111.47278,34.82677],[111.49645,34.83063],[111.53479,34.85415],[111.56153,34.84397]]]}},{"type":"Feature","id":"CTAMAP-2001-COUNTY-1685","properties":{"map_level":"county","source_name":"商城县","source_code":"411524","county_type":"县","prefecture_name":"信阳市","prefecture_code":"411500","prefecture_type":"地级市","parent_entity_id":"CNUR-000166","parent_year_end_name":"信阳市","province_name":"河南省","province_code":"410000","snapshot_year":2001,"panel_year":2000,"link_status":"parent_linked","former_name":"","note":""},"geometry":{"type":"Polygon","coordinates":[[[115.63338,31.75961],[115.57634,31.71347],[115.54113,31.69911],[115.51895,31.702],[115.5112,31.6867],[115.48962,31.675],[115.47137,31.64508],[115.48649,31.62503],[115.48165,31.61176],[115.43221,31.58892],[115.43547,31.58071],[115.42338,31.56635],[115.42418,31.54781],[115.41345,31.52727],[115.36647,31.4962],[115.38356,31.45198],[115.37927,31.41791],[115.36928,31.40658],[115.33155,31.40412],[115.30717,31.38482],[115.2759,31.40208],[115.25507,31.38828],[115.24631,31.395],[115.25512,31.41106],[115.24707,31.42361],[115.21515,31.42662],[115.20243,31.44815],[115.21379,31.46987],[115.20718,31.49431],[115.23148,31.55705],[115.21031,31.55565],[115.20343,31.56655],[115.18588,31.56545],[115.16906,31.6032],[115.17637,31.63682],[115.19689,31.64927],[115.20549,31.67734],[115.15706,31.68734],[115.1597,31.71603],[115.18159,31.74161],[115.16712,31.76299],[115.14068,31.77196],[115.13957,31.78482],[115.11171,31.79449],[115.10874,31.81732],[115.118,31.81968],[115.11712,31.84462],[115.14992,31.90192],[115.16614,31.90662],[115.16855,31.90013],[115.18472,31.8987],[115.21589,31.90925],[115.2149,31.89455],[115.22754,31.89451],[115.23623,31.88252],[115.24963,31.90006],[115.24521,31.91006],[115.25739,31.90024],[115.28979,31.9199],[115.27994,31.93805],[115.29012,31.95016],[115.29056,31.99413],[115.30836,32.03954],[115.31836,32.03579],[115.37739,32.05786],[115.40131,32.02299],[115.41672,32.02503],[115.42321,32.03334],[115.41606,32.04751],[115.42406,32.08617],[115.44617,32.09993],[115.46321,32.10078],[115.46564,32.09262],[115.50172,32.07386],[115.49337,32.05083],[115.50432,32.03413],[115.54431,32.03928],[115.55042,32.01353],[115.56685,31.99066],[115.55946,31.9741],[115.5667,31.97109],[115.55778,31.96343],[115.57655,31.96938],[115.5804,31.94194],[115.60357,31.91568],[115.58424,31.90068],[115.57042,31.86527],[115.57404,31.83427],[115.56161,31.82696],[115.58091,31.79516],[115.6051,31.80621],[115.61453,31.80289],[115.62206,31.79211],[115.61091,31.7776],[115.62973,31.76966],[115.63338,31.75961]]]}},{"type":"Feature","id":"CTAMAP-2001-COUNTY-1689","properties":{"map_level":"county","source_name":"商水县","source_code":"411623","county_type":"县","prefecture_name":"周口市","prefecture_code":"411600","prefecture_type":"地级市","parent_entity_id":"CNUR-000167","parent_year_end_name":"周口市","province_name":"河南省","province_code":"410000","snapshot_year":2001,"panel_year":2000,"link_status":"parent_linked","former_name":"","note":""},"geometry":{"type":"Polygon","coordinates":[[[114.54105,33.61651],[114.58393,33.60501],[114.57905,33.58999],[114.61135,33.58966],[114.65787,33.56557],[114.66556,33.57527],[114.69965,33.57916],[114.70984,33.55008],[114.75715,33.54725],[114.76385,33.51449],[114.78068,33.50276],[114.80068,33.52655],[114.80241,33.54987],[114.82026,33.55157],[114.82474,33.56206],[114.86367,33.52673],[114.86447,33.5126],[114.8523,33.51102],[114.8324,33.47431],[114.80063,33.45821],[114.78665,33.43384],[114.77949,33.41318],[114.79743,33.34985],[114.76404,33.33335],[114.75581,33.3143],[114.73895,33.31245],[114.7441,33.30022],[114.68162,33.30431],[114.67873,33.31847],[114.66098,33.31227],[114.66216,33.32606],[114.65442,33.32787],[114.64636,33.34673],[114.61795,33.34341],[114.59651,33.36304],[114.58389,33.3636],[114.5801,33.37844],[114.56746,33.37851],[114.57138,33.39225],[114.55655,33.42596],[114.48187,33.41828],[114.48413,33.44248],[114.4658,33.44624],[114.45454,33.43839],[114.45506,33.45634],[114.44091,33.46491],[114.3973,33.46199],[114.36431,33.44811],[114.34368,33.45247],[114.30717,33.48389],[114.27906,33.47475],[114.27491,33.5169],[114.28531,33.52531],[114.28973,33.55829],[114.27474,33.56052],[114.25692,33.58939],[114.25763,33.59912],[114.27271,33.60378],[114.27305,33.62223],[114.25546,33.63739],[114.25816,33.65914],[114.25124,33.67261],[114.26378,33.67995],[114.24231,33.69171],[114.24394,33.7068],[114.2668,33.74537],[114.31573,33.72334],[114.32801,33.69387],[114.37334,33.69299],[114.38252,33.67036],[114.41987,33.67344],[114.44388,33.6627],[114.45268,33.66798],[114.48096,33.65306],[114.49958,33.65832],[114.5246,33.6129],[114.54105,33.61651]]]}},{"type":"Feature","id":"CTAMAP-2001-COUNTY-1691","properties":{"map_level":"county","source_name":"上蔡县","source_code":"411722","county_type":"县","prefecture_name":"驻马店市","prefecture_code":"411700","prefecture_type":"地级市","parent_entity_id":"CNUR-000168","parent_year_end_name":"驻马店市","province_name":"河南省","province_code":"410000","snapshot_year":2001,"panel_year":2000,"link_status":"parent_linked","former_name":"","note":""},"geometry":{"type":"Polygon","coordinates":[[[114.71835,33.30402],[114.72578,33.25355],[114.71774,33.25109],[114.71346,33.22241],[114.69453,33.21319],[114.69451,33.19871],[114.67481,33.17194],[114.57096,33.16629],[114.53343,33.15143],[114.49281,33.16029],[114.4744,33.15474],[114.46389,33.16178],[114.45775,33.15327],[114.44869,33.16846],[114.43014,33.15879],[114.41819,33.17981],[114.39112,33.18508],[114.33728,33.15753],[114.2833,33.15001],[114.27865,33.1385],[114.25196,33.15668],[114.19645,33.16099],[114.18323,33.15469],[114.18513,33.13117],[114.15995,33.1304],[114.16304,33.17197],[114.17675,33.17666],[114.16959,33.22291],[114.15965,33.22332],[114.15352,33.20962],[114.13575,33.24084],[114.09784,33.23604],[114.08356,33.24993],[114.10096,33.29089],[114.11307,33.29252],[114.11707,33.30672],[114.1502,33.30551],[114.15198,33.3226],[114.13597,33.35522],[114.14642,33.36131],[114.1466,33.38238],[114.18866,33.38411],[114.16307,33.40613],[114.16753,33.41521],[114.18881,33.42219],[114.18951,33.45239],[114.23979,33.45263],[114.30239,33.48433],[114.34368,33.45247],[114.36431,33.44811],[114.3973,33.46199],[114.44091,33.46491],[114.45506,33.45634],[114.45454,33.43839],[114.4658,33.44624],[114.48413,33.44248],[114.48187,33.41828],[114.55655,33.42596],[114.57138,33.39225],[114.56746,33.37851],[114.5801,33.37844],[114.58389,33.3636],[114.59651,33.36304],[114.61795,33.34341],[114.64636,33.34673],[114.65442,33.32787],[114.66216,33.32606],[114.66098,33.31227],[114.67873,33.31847],[114.68162,33.30431],[114.71835,33.30402]]]}},{"type":"Feature","id":"CTAMAP-2001-COUNTY-1696","properties":{"map_level":"county","source_name":"上街区","source_code":"410106","county_type":"市辖区","prefecture_name":"郑州市","prefecture_code":"410100","prefecture_type":"地级市","parent_entity_id":"CNUR-000152","parent_year_end_name":"郑州市","province_name":"河南省","province_code":"410000","snapshot_year":2001,"panel_year":2000,"link_status":"parent_linked","former_name":"","note":""},"geometry":{"type":"Polygon","coordinates":[[[113.28297,34.7179],[113.25896,34.72974],[113.27118,34.74639],[113.26197,34.76617],[113.2466,34.76429],[113.25571,34.78364],[113.23782,34.79811],[113.23987,34.82543],[113.2502,34.83338],[113.24448,34.83935],[113.2632,34.84515],[113.28645,34.84095],[113.27846,34.83813],[113.30489,34.82884],[113.31941,34.81067],[113.30143,34.76791],[113.27881,34.76003],[113.29413,34.75504],[113.3038,34.73109],[113.28297,34.7179]]]}},{"type":"Feature","id":"CTAMAP-2001-COUNTY-1709","properties":{"map_level":"county","source_name":"社旗县","source_code":"411327","county_type":"县","prefecture_name":"南阳市","prefecture_code":"411300","prefecture_type":"地级市","parent_entity_id":"CNUR-000164","parent_year_end_name":"南阳市","province_name":"河南省","province_code":"410000","snapshot_year":2001,"panel_year":2000,"link_status":"parent_linked","former_name":"","note":""},"geometry":{"type":"Polygon","coordinates":[[[113.19727,33.07249],[113.17957,33.07034],[113.1867,33.06226],[113.18139,33.05644],[113.16799,33.05858],[113.11601,33.01002],[113.08998,32.95358],[113.10631,32.93511],[113.13429,32.93167],[113.14172,32.9433],[113.16836,32.93038],[113.17548,32.91779],[113.20151,32.91911],[113.19323,32.8982],[113.20039,32.88573],[113.17195,32.85339],[113.15947,32.84948],[113.15195,32.82776],[113.10834,32.82597],[113.08423,32.79255],[113.07372,32.79163],[113.06768,32.80024],[113.03582,32.79938],[113.03961,32.80612],[113.03031,32.81688],[112.99544,32.80009],[112.96417,32.80628],[112.9662,32.81448],[112.93998,32.82965],[112.93182,32.82135],[112.89462,32.8258],[112.90181,32.83274],[112.87726,32.83956],[112.87615,32.8487],[112.83079,32.85237],[112.82756,32.88868],[112.8139,32.89223],[112.79241,32.87958],[112.78449,32.88407],[112.78545,32.89744],[112.77158,32.9051],[112.77679,32.90936],[112.7708,32.92836],[112.78587,32.95685],[112.80729,32.96575],[112.8255,32.96166],[112.81973,32.96621],[112.82792,32.98291],[112.81845,32.99068],[112.83259,32.99853],[112.81305,33.00853],[112.79471,32.99708],[112.79042,33.01887],[112.76995,33.03676],[112.77594,33.07014],[112.76811,33.08203],[112.78888,33.096],[112.79585,33.11759],[112.86372,33.107],[112.89926,33.12528],[112.92795,33.10951],[112.92349,33.10009],[112.94113,33.1],[112.95265,33.13274],[112.97581,33.13833],[112.97579,33.12983],[112.99425,33.12185],[112.9986,33.14231],[113.01947,33.13629],[113.04086,33.1529],[113.04829,33.13463],[113.06091,33.13122],[113.06795,33.11446],[113.08107,33.10834],[113.09524,33.12038],[113.09372,33.1301],[113.08643,33.13047],[113.08714,33.13561],[113.10093,33.13],[113.12566,33.14868],[113.16435,33.15317],[113.186,33.13969],[113.1846,33.12915],[113.18278,33.13611],[113.17901,33.13106],[113.19727,33.07249]]]}},{"type":"Feature","id":"CTAMAP-2001-COUNTY-1723","properties":{"map_level":"county","source_name":"沈丘县","source_code":"411624","county_type":"县","prefecture_name":"周口市","prefecture_code":"411600","prefecture_type":"地级市","parent_entity_id":"CNUR-000167","parent_year_end_name":"周口市","province_name":"河南省","province_code":"410000","snapshot_year":2001,"panel_year":2000,"link_status":"parent_linked","former_name":"","note":""},"geometry":{"type":"Polygon","coordinates":[[[115.31125,33.42749],[115.3249,33.40333],[115.30722,33.39078],[115.31165,33.36807],[115.33758,33.37345],[115.34553,33.34343],[115.35939,33.34176],[115.36185,33.33339],[115.35573,33.29996],[115.32931,33.29964],[115.33823,33.26411],[115.32723,33.25638],[115.32494,33.23521],[115.30862,33.22108],[115.32351,33.21708],[115.28862,33.20255],[115.29599,33.1435],[115.28381,33.14458],[115.28338,33.13479],[115.23834,33.13867],[115.22875,33.12717],[115.16674,33.11185],[115.162,33.09911],[115.16757,33.09489],[115.14804,33.08082],[115.11353,33.07714],[115.0796,33.09002],[115.06452,33.08871],[115.0579,33.07979],[115.04806,33.0959],[115.0328,33.08851],[114.98994,33.09972],[114.98136,33.12259],[114.96335,33.13528],[114.99121,33.18164],[115.00713,33.18522],[115.00757,33.17129],[115.03411,33.16699],[115.05536,33.16672],[115.05858,33.17554],[115.05049,33.19869],[115.06002,33.30594],[115.05869,33.3135],[115.04726,33.31572],[115.0424,33.33491],[115.04313,33.34146],[115.06291,33.34612],[115.06687,33.37752],[115.04565,33.38431],[115.03734,33.40055],[115.01071,33.41385],[115.02285,33.42813],[115.02291,33.44615],[115.04871,33.45561],[115.0481,33.47196],[115.06758,33.48022],[115.05263,33.50177],[115.05985,33.51209],[115.05028,33.51667],[115.05114,33.53592],[115.0818,33.51846],[115.10948,33.52694],[115.12543,33.51383],[115.13368,33.52086],[115.15345,33.51896],[115.15498,33.50675],[115.17223,33.49169],[115.16524,33.48044],[115.18468,33.47802],[115.20119,33.44704],[115.23372,33.43932],[115.23711,33.44489],[115.28459,33.42712],[115.31125,33.42749]]]}},{"type":"Feature","id":"CTAMAP-2001-COUNTY-1729","properties":{"map_level":"county","source_name":"浉河区","source_code":"411502","county_type":"市辖区","prefecture_name":"信阳市","prefecture_code":"411500","prefecture_type":"地级市","parent_entity_id":"CNUR-000166","parent_year_end_name":"信阳市","province_name":"河南省","province_code":"410000","snapshot_year":2001,"panel_year":2000,"link_status":"parent_linked","former_name":"","note":""},"geometry":{"type":"Polygon","coordinates":[[[114.20342,32.03375],[114.20505,32.0204],[114.19472,32.00548],[114.18156,31.99358],[114.16417,31.991],[114.17171,31.93545],[114.18676,31.9232],[114.18625,31.91476],[114.19987,31.91207],[114.20879,31.88865],[114.19858,31.86581],[114.18028,31.85499],[114.16336,31.85562],[114.15544,31.84247],[114.12698,31.84522],[114.11421,31.80824],[114.09076,31.80206],[114.08283,31.78112],[114.05763,31.78115],[114.05097,31.77251],[114.01236,31.77389],[113.98038,31.75202],[113.96972,31.76034],[113.96404,31.78307],[113.94733,31.7937],[113.94078,31.82504],[113.9526,31.84328],[113.95223,31.85969],[113.92812,31.8707],[113.9247,31.88356],[113.90192,31.8732],[113.89057,31.8505],[113.87092,31.8429],[113.85288,31.84341],[113.83409,31.8548],[113.83538,31.86912],[113.82548,31.88372],[113.83278,31.91088],[113.80034,31.93302],[113.80842,31.96748],[113.7618,31.98188],[113.75033,31.99587],[113.78643,32.03875],[113.71863,32.08893],[113.72457,32.09928],[113.71561,32.12543],[113.72749,32.12438],[113.73664,32.11318],[113.75131,32.12494],[113.76055,32.13618],[113.75516,32.16016],[113.77726,32.18836],[113.77139,32.21055],[113.75868,32.20528],[113.74643,32.21536],[113.74318,32.23728],[113.7332,32.24529],[113.7329,32.25946],[113.7462,32.26756],[113.73784,32.28795],[113.76717,32.30451],[113.76126,32.31415],[113.77136,32.3233],[113.81103,32.31656],[113.81327,32.34589],[113.79933,32.35363],[113.80636,32.35399],[113.82378,32.3427],[113.84878,32.35251],[113.87662,32.32331],[113.90959,32.31332],[113.89922,32.2821],[113.93903,32.27822],[113.95271,32.24485],[113.97279,32.25166],[113.99758,32.24332],[114.0129,32.24795],[114.02517,32.25979],[114.03207,32.28395],[114.05709,32.30015],[114.06814,32.29737],[114.0782,32.27295],[114.05879,32.25168],[114.06691,32.23491],[114.06233,32.18312],[114.06954,32.17435],[114.06101,32.16335],[114.06587,32.14051],[114.09632,32.11501],[114.10442,32.11723],[114.11593,32.05073],[114.14631,32.06635],[114.20342,32.03375]],[[113.76358,32.28002],[113.74848,32.29146],[113.75601,32.27063],[113.76358,32.28002]]]}},{"type":"Feature","id":"CTAMAP-2001-COUNTY-1736","properties":{"map_level":"county","source_name":"石龙区","source_code":"410404","county_type":"市辖区","prefecture_name":"平顶山市","prefecture_code":"410400","prefecture_type":"地级市","parent_entity_id":"CNUR-000155","parent_year_end_name":"平顶山市","province_name":"河南省","province_code":"410000","snapshot_year":2001,"panel_year":2000,"link_status":"parent_linked","former_name":"","note":""},"geometry":{"type":"Polygon","coordinates":[[[112.92778,33.89576],[112.91456,33.84378],[112.88409,33.85897],[112.89103,33.83126],[112.88515,33.82862],[112.83382,33.90176],[112.8515,33.91338],[112.86487,33.90992],[112.8792,33.92786],[112.91541,33.91492],[112.94029,33.91771],[112.95045,33.90071],[112.93307,33.90273],[112.92778,33.89576]]]}},{"type":"Feature","id":"CTAMAP-2001-COUNTY-1800","properties":{"map_level":"county","source_name":"嵩县","source_code":"410325","county_type":"县","prefecture_name":"洛阳市","prefecture_code":"410300","prefecture_type":"地级市","parent_entity_id":"CNUR-000154","parent_year_end_name":"洛阳市","province_name":"河南省","province_code":"410000","snapshot_year":2001,"panel_year":2000,"link_status":"parent_linked","former_name":"","note":""},"geometry":{"type":"Polygon","coordinates":[[[112.13854,34.3233],[112.23188,34.30311],[112.25775,34.31153],[112.2757,34.29492],[112.23296,34.25559],[112.24223,34.23874],[112.34526,34.22866],[112.37191,34.20494],[112.34106,34.18921],[112.3373,34.17654],[112.34901,34.14618],[112.33432,34.14668],[112.32008,34.12297],[112.30092,34.11415],[112.31788,34.07197],[112.33256,34.06025],[112.32042,34.04413],[112.33716,34.03964],[112.34356,34.02812],[112.3174,34.01365],[112.3026,34.02543],[112.28208,34.02619],[112.27058,34.01898],[112.26321,33.99207],[112.20392,33.95194],[112.21066,33.90884],[112.19788,33.86932],[112.21175,33.82425],[112.24637,33.81839],[112.2744,33.82555],[112.2782,33.80849],[112.25115,33.77666],[112.26151,33.76921],[112.2579,33.74307],[112.24321,33.73064],[112.2442,33.72091],[112.22357,33.71526],[112.2086,33.69808],[112.17382,33.6998],[112.16892,33.72266],[112.1401,33.71216],[112.1185,33.68213],[112.11651,33.65318],[112.07353,33.65239],[112.06836,33.63953],[112.08851,33.61284],[112.07979,33.60277],[112.02751,33.62314],[112.00829,33.62079],[112.00417,33.59687],[112.01845,33.60179],[112.02211,33.5932],[111.98144,33.58793],[111.9575,33.5744],[111.92634,33.57502],[111.91379,33.56408],[111.89642,33.58607],[111.86899,33.59348],[111.82549,33.59165],[111.82691,33.6408],[111.79929,33.6552],[111.85969,33.71732],[111.84419,33.74487],[111.83225,33.75152],[111.8344,33.75755],[111.87144,33.78559],[111.88514,33.78618],[111.9139,33.76936],[111.95826,33.77296],[111.98023,33.83752],[112.0239,33.85154],[112.03281,33.87351],[111.96516,33.92862],[111.92849,33.92933],[111.90287,33.94637],[111.87988,33.94843],[111.85038,33.92996],[111.83885,33.93684],[111.834,33.92663],[111.82617,33.9431],[111.80417,33.93152],[111.78958,33.9401],[111.81249,33.98318],[111.78846,33.99941],[111.7947,34.00869],[111.78405,34.0262],[111.77979,34.06625],[111.74059,34.10761],[111.73555,34.14035],[111.72555,34.14638],[111.72838,34.1632],[111.71819,34.18083],[111.70472,34.18519],[111.71394,34.21233],[111.7536,34.23403],[111.76067,34.2517],[111.79278,34.24499],[111.80581,34.25116],[111.81698,34.27431],[111.8407,34.29341],[111.88889,34.27924],[111.9169,34.29676],[111.91983,34.30833],[112.0006,34.33123],[112.02928,34.34686],[112.08492,34.30084],[112.09173,34.3133],[112.11762,34.32392],[112.12489,34.30992],[112.13854,34.3233]]]}},{"type":"Feature","id":"CTAMAP-2001-COUNTY-1809","properties":{"map_level":"county","source_name":"睢县","source_code":"411422","county_type":"县","prefecture_name":"商丘市","prefecture_code":"411400","prefecture_type":"地级市","parent_entity_id":"CNUR-000165","parent_year_end_name":"商丘市","province_name":"河南省","province_code":"410000","snapshot_year":2001,"panel_year":2000,"link_status":"parent_linked","former_name":"","note":""},"geometry":{"type":"Polygon","coordinates":[[[115.13529,34.52759],[115.14488,34.50663],[115.18752,34.5022],[115.18151,34.47856],[115.20784,34.46174],[115.18947,34.44491],[115.19137,34.42049],[115.18121,34.41844],[115.1774,34.39128],[115.19769,34.36277],[115.17492,34.34772],[115.16293,34.32886],[115.16704,34.28291],[115.15384,34.25145],[115.15549,34.22429],[115.14276,34.2292],[115.13643,34.21469],[115.10181,34.20608],[115.07567,34.22498],[115.04907,34.22362],[115.03379,34.2472],[114.97959,34.25254],[114.98056,34.26232],[114.96841,34.27014],[114.96214,34.2584],[114.94822,34.26846],[114.93646,34.2625],[114.93566,34.2808],[114.89039,34.28625],[114.88489,34.29822],[114.86209,34.30115],[114.87354,34.31284],[114.85322,34.3298],[114.85387,34.35339],[114.85994,34.36857],[114.87757,34.37557],[114.87847,34.38514],[114.84913,34.41656],[114.85773,34.4566],[114.89938,34.46653],[114.91561,34.49143],[114.90647,34.50152],[114.90326,34.57226],[114.92941,34.57002],[114.93646,34.55614],[114.99331,34.55778],[114.99478,34.54445],[115.01018,34.5403],[115.02471,34.54296],[115.03552,34.56372],[115.04896,34.55534],[115.07657,34.55824],[115.09368,34.54783],[115.10545,34.52695],[115.13529,34.52759]]]}},{"type":"Feature","id":"CTAMAP-2001-COUNTY-1810","properties":{"map_level":"county","source_name":"睢阳区","source_code":"411403","county_type":"市辖区","prefecture_name":"商丘市","prefecture_code":"411400","prefecture_type":"地级市","parent_entity_id":"CNUR-000165","parent_year_end_name":"商丘市","province_name":"河南省","province_code":"410000","snapshot_year":2001,"panel_year":2000,"link_status":"parent_linked","former_name":"","note":""},"geometry":{"type":"Polygon","coordinates":[[[115.68981,34.33864],[115.67306,34.31466],[115.69517,34.3034],[115.70236,34.28184],[115.68762,34.22137],[115.73638,34.17375],[115.72389,34.15198],[115.73613,34.15364],[115.74118,34.13972],[115.7658,34.13256],[115.76384,34.09806],[115.78021,34.07455],[115.77218,34.0637],[115.75297,34.06171],[115.75328,34.07003],[115.72859,34.08104],[115.70779,34.06392],[115.6792,34.06804],[115.66278,34.05863],[115.64621,34.06344],[115.63123,34.08912],[115.58456,34.08353],[115.55129,34.09261],[115.54046,34.08572],[115.51748,34.1627],[115.49547,34.16097],[115.49065,34.14772],[115.48001,34.14754],[115.47452,34.16538],[115.4662,34.16821],[115.47813,34.18766],[115.46492,34.19113],[115.46373,34.20541],[115.44303,34.22109],[115.42244,34.22619],[115.40482,34.21726],[115.39858,34.23297],[115.37917,34.23751],[115.35526,34.23129],[115.35167,34.24066],[115.33614,34.2404],[115.32853,34.25643],[115.34113,34.2772],[115.33927,34.29535],[115.35434,34.29837],[115.34081,34.35706],[115.37064,34.36614],[115.38742,34.36095],[115.39034,34.38094],[115.40907,34.38002],[115.41609,34.39678],[115.49161,34.37425],[115.50127,34.37424],[115.50005,34.38379],[115.51212,34.35955],[115.5421,34.37708],[115.53681,34.38845],[115.54317,34.3995],[115.56346,34.41178],[115.57953,34.40999],[115.57221,34.42779],[115.59988,34.42792],[115.59761,34.43444],[115.6056,34.43492],[115.62753,34.42803],[115.64972,34.43662],[115.64922,34.42909],[115.67026,34.42579],[115.66865,34.40101],[115.68075,34.3877],[115.68021,34.3493],[115.68981,34.33864]]]}},{"type":"Feature","id":"CTAMAP-2001-COUNTY-1822","properties":{"map_level":"county","source_name":"遂平县","source_code":"411728","county_type":"县","prefecture_name":"驻马店市","prefecture_code":"411700","prefecture_type":"地级市","parent_entity_id":"CNUR-000168","parent_year_end_name":"驻马店市","province_name":"河南省","province_code":"410000","snapshot_year":2001,"panel_year":2000,"link_status":"parent_linked","former_name":"","note":""},"geometry":{"type":"Polygon","coordinates":[[[113.9237,33.30697],[113.92106,33.27114],[113.95335,33.26088],[113.9518,33.25243],[113.97041,33.25527],[113.98399,33.24701],[114.00382,33.25193],[114.01231,33.24337],[114.05793,33.23865],[114.08524,33.25025],[114.09784,33.23604],[114.13575,33.24084],[114.15352,33.20962],[114.15965,33.22332],[114.16959,33.22291],[114.17675,33.17666],[114.16304,33.17197],[114.1662,33.14738],[114.15908,33.13149],[114.14362,33.12535],[114.15357,33.10963],[114.13553,33.10581],[114.12977,33.11905],[114.11523,33.10966],[114.1121,33.09919],[114.11978,33.09592],[114.10302,33.08928],[114.10406,33.044],[114.05379,33.03083],[114.03454,33.03813],[114.03214,33.05051],[114.01858,33.05033],[114.01232,33.04225],[113.99718,33.04293],[113.98392,33.01015],[113.97576,33.00746],[113.92004,33.00417],[113.90764,33.01682],[113.89317,33.01353],[113.88259,33.02439],[113.84548,33.01692],[113.82962,33.00325],[113.81001,33.0044],[113.80792,32.9949],[113.79508,32.99256],[113.77729,32.99881],[113.77909,33.01145],[113.75935,33.00232],[113.74163,33.0074],[113.73536,33.02564],[113.72599,33.02649],[113.72324,33.04636],[113.7035,33.05695],[113.68511,33.08017],[113.67433,33.12464],[113.66338,33.13351],[113.62675,33.13772],[113.62292,33.15236],[113.64193,33.18426],[113.64452,33.21258],[113.66946,33.23113],[113.68871,33.23423],[113.71472,33.28035],[113.73728,33.28101],[113.73848,33.28796],[113.81366,33.28046],[113.82946,33.29606],[113.9237,33.30697]]]}},{"type":"Feature","id":"CTAMAP-2001-COUNTY-1833","properties":{"map_level":"county","source_name":"台前县","source_code":"410927","county_type":"县","prefecture_name":"濮阳市","prefecture_code":"410900","prefecture_type":"地级市","parent_entity_id":"CNUR-000160","parent_year_end_name":"濮阳市","province_name":"河南省","province_code":"410000","snapshot_year":2001,"panel_year":2000,"link_status":"parent_linked","former_name":"","note":""},"geometry":{"type":"Polygon","coordinates":[[[116.09689,36.11291],[116.08191,36.08075],[116.08407,36.06587],[116.07431,36.05825],[116.08481,36.05772],[116.07095,36.05514],[116.06778,36.02596],[116.05654,36.02876],[116.04096,35.96858],[115.96956,35.97179],[115.90644,35.96054],[115.90308,35.92987],[115.86481,35.91516],[115.87929,35.90938],[115.8836,35.89783],[115.86962,35.8595],[115.86514,35.87333],[115.85784,35.85926],[115.83528,35.85744],[115.83574,35.85021],[115.81571,35.85289],[115.8109,35.8447],[115.76748,35.85418],[115.74733,35.83357],[115.69422,35.84128],[115.70838,35.86584],[115.71418,35.86424],[115.69173,35.8885],[115.69942,35.89329],[115.69576,35.90455],[115.68117,35.90222],[115.67507,35.91552],[115.64599,35.92992],[115.67404,35.94049],[115.69344,35.9666],[115.76681,35.9734],[115.77415,35.99364],[115.79436,36.00833],[115.83196,36.01441],[115.85395,36.00283],[115.86123,36.01687],[115.88625,36.02681],[115.914,36.02059],[115.93371,36.03454],[115.98472,36.04687],[116.01596,36.0666],[116.05049,36.10545],[116.09689,36.11291]]]}},{"type":"Feature","id":"CTAMAP-2001-COUNTY-1841","properties":{"map_level":"county","source_name":"太康县","source_code":"411627","county_type":"县","prefecture_name":"周口市","prefecture_code":"411600","prefecture_type":"地级市","parent_entity_id":"CNUR-000167","parent_year_end_name":"周口市","province_name":"河南省","province_code":"410000","snapshot_year":2001,"panel_year":2000,"link_status":"parent_linked","former_name":"","note":""},"geometry":{"type":"Polygon","coordinates":[[[114.89039,34.28625],[114.93566,34.2808],[114.93646,34.2625],[114.94822,34.26846],[114.96214,34.2584],[114.9715,34.2696],[114.98056,34.26232],[114.97959,34.25254],[115.03379,34.2472],[115.04907,34.22362],[115.07567,34.22498],[115.10181,34.20608],[115.11346,34.21204],[115.11834,34.20718],[115.11039,34.1886],[115.1268,34.1822],[115.12767,34.16257],[115.11147,34.12638],[115.1203,34.1052],[115.11177,34.09028],[115.11365,34.0733],[115.13379,34.05266],[115.10695,34.02217],[115.06575,34.02323],[115.0673,34.01294],[115.07983,34.01264],[115.07832,34.00457],[115.05659,33.98123],[115.04171,33.9426],[115.06242,33.93798],[115.05969,33.9212],[115.04483,33.93034],[115.01633,33.928],[115.00048,33.92209],[115.00389,33.91412],[114.9926,33.9033],[114.97605,33.90571],[114.9693,33.89653],[114.95317,33.91516],[114.8883,33.91355],[114.87809,33.9041],[114.87006,33.91672],[114.8483,33.91629],[114.84207,33.90756],[114.74748,33.90214],[114.70632,33.93423],[114.68955,33.93663],[114.69472,33.96068],[114.64537,33.96282],[114.62498,33.98528],[114.60465,33.96875],[114.59126,33.96922],[114.58239,33.98326],[114.5701,33.98429],[114.57054,34.00147],[114.58322,34.0152],[114.5811,34.03219],[114.59217,34.03461],[114.5982,34.04997],[114.5903,34.07086],[114.5736,34.07657],[114.53909,34.06535],[114.53656,34.09543],[114.54684,34.10881],[114.53369,34.12996],[114.53486,34.14752],[114.55864,34.1778],[114.60923,34.17987],[114.61042,34.21185],[114.60253,34.23401],[114.61086,34.2618],[114.62864,34.26536],[114.63762,34.25146],[114.70369,34.24489],[114.72743,34.2246],[114.75552,34.23854],[114.7483,34.24787],[114.75687,34.25636],[114.81977,34.2655],[114.82679,34.29012],[114.88825,34.26112],[114.89448,34.2662],[114.89039,34.28625]]]}},{"type":"Feature","id":"CTAMAP-2001-COUNTY-1851","properties":{"map_level":"county","source_name":"汤阴县","source_code":"410523","county_type":"县","prefecture_name":"安阳市","prefecture_code":"410500","prefecture_type":"地级市","parent_entity_id":"CNUR-000156","parent_year_end_name":"安阳市","province_name":"河南省","province_code":"410000","snapshot_year":2001,"panel_year":2000,"link_status":"parent_linked","former_name":"","note":""},"geometry":{"type":"Polygon","coordinates":[[[114.69836,35.99654],[114.69717,35.97868],[114.67897,35.96497],[114.65261,35.91025],[114.61654,35.87106],[114.61695,35.85888],[114.58944,35.8534],[114.60372,35.84871],[114.55805,35.83854],[114.54335,35.82548],[114.51547,35.83925],[114.48838,35.84147],[114.43587,35.81838],[114.41874,35.82684],[114.40565,35.82658],[114.39236,35.81449],[114.33647,35.81768],[114.32417,35.79589],[114.28847,35.79569],[114.26989,35.78027],[114.27802,35.77644],[114.26673,35.76101],[114.24988,35.76761],[114.25784,35.77731],[114.23153,35.80987],[114.22955,35.84867],[114.22343,35.85291],[114.2411,35.87204],[114.26956,35.87751],[114.2788,35.88961],[114.26487,35.89965],[114.27098,35.92504],[114.29415,35.9252],[114.29398,35.94139],[114.30439,35.95601],[114.29127,35.95989],[114.27484,35.94964],[114.2773,35.97696],[114.34101,35.95777],[114.35485,35.97125],[114.40979,35.96761],[114.42113,35.98289],[114.44194,35.98069],[114.45211,35.98809],[114.51888,35.98869],[114.52319,35.99648],[114.60146,35.99121],[114.62155,36.0],[114.62079,36.00682],[114.62743,36.00113],[114.63609,36.00615],[114.63505,35.99589],[114.64404,35.99622],[114.64899,36.01028],[114.65529,36.00865],[114.65424,35.99793],[114.69836,35.99654]]]}},{"type":"Feature","id":"CTAMAP-2001-COUNTY-1852","properties":{"map_level":"county","source_name":"唐河县","source_code":"411328","county_type":"县","prefecture_name":"南阳市","prefecture_code":"411300","prefecture_type":"地级市","parent_entity_id":"CNUR-000164","parent_year_end_name":"南阳市","province_name":"河南省","province_code":"410000","snapshot_year":2001,"panel_year":2000,"link_status":"parent_linked","former_name":"","note":""},"geometry":{"type":"Polygon","coordinates":[[[112.77209,32.90668],[112.78545,32.89744],[112.78449,32.88407],[112.79241,32.87958],[112.8139,32.89223],[112.82756,32.88868],[112.83079,32.85237],[112.87615,32.8487],[112.87726,32.83956],[112.90181,32.83274],[112.89462,32.8258],[112.93182,32.82135],[112.93998,32.82965],[112.9662,32.81448],[112.96417,32.80628],[112.99535,32.8001],[113.0302,32.8169],[113.03961,32.80612],[113.03582,32.79938],[113.06768,32.80024],[113.07372,32.79163],[113.08423,32.79255],[113.10752,32.82553],[113.15157,32.82756],[113.16279,32.83892],[113.17909,32.82352],[113.17268,32.80635],[113.17914,32.78768],[113.17165,32.77645],[113.19903,32.75336],[113.18287,32.72063],[113.18918,32.71165],[113.20356,32.72864],[113.1996,32.70589],[113.23154,32.70088],[113.26352,32.66409],[113.25219,32.64805],[113.23194,32.68611],[113.20556,32.6825],[113.19685,32.66194],[113.18137,32.64956],[113.20199,32.63368],[113.19092,32.60225],[113.19706,32.60065],[113.19482,32.58898],[113.18078,32.58372],[113.14552,32.60417],[113.09664,32.60867],[113.08162,32.60011],[113.04967,32.6001],[113.05361,32.57566],[113.04633,32.56941],[113.03001,32.59345],[113.03019,32.61407],[113.01144,32.61073],[112.99875,32.58689],[113.01118,32.57354],[113.03398,32.56917],[113.00612,32.55812],[113.02418,32.55019],[113.01733,32.53295],[113.02586,32.51366],[113.00288,32.52216],[113.00087,32.51695],[113.01697,32.51238],[113.01886,32.50217],[113.04131,32.48283],[113.03677,32.47574],[113.02669,32.48493],[113.02813,32.46036],[113.01821,32.45553],[113.02261,32.43693],[113.03447,32.4331],[112.98868,32.41185],[112.98519,32.40327],[112.99248,32.39335],[112.98381,32.37034],[112.95866,32.37613],[112.95893,32.39511],[112.94834,32.39239],[112.94635,32.38265],[112.90158,32.39932],[112.88484,32.3903],[112.88679,32.38102],[112.87418,32.37824],[112.86684,32.39938],[112.83455,32.37651],[112.80323,32.37205],[112.78698,32.35769],[112.77084,32.36084],[112.7625,32.34657],[112.74492,32.34604],[112.72898,32.35298],[112.72554,32.36861],[112.70558,32.35385],[112.67979,32.35859],[112.66652,32.37081],[112.65742,32.3641],[112.65151,32.37716],[112.63542,32.37034],[112.59048,32.38917],[112.57209,32.3841],[112.54261,32.41338],[112.52543,32.39193],[112.49276,32.38086],[112.47028,32.39661],[112.47129,32.40872],[112.49482,32.40333],[112.48896,32.42316],[112.49859,32.43014],[112.52401,32.42427],[112.53072,32.46754],[112.54236,32.47802],[112.56659,32.47746],[112.55599,32.49629],[112.56738,32.50698],[112.56256,32.52369],[112.58853,32.53408],[112.58237,32.54905],[112.5959,32.57309],[112.59071,32.58244],[112.59721,32.5994],[112.57939,32.63325],[112.5954,32.64133],[112.58639,32.64825],[112.59324,32.66519],[112.60689,32.6703],[112.60636,32.66394],[112.6388,32.66441],[112.62571,32.67241],[112.63437,32.6816],[112.64132,32.67628],[112.65031,32.6989],[112.6406,32.70336],[112.63916,32.72014],[112.62494,32.7238],[112.63126,32.73184],[112.62489,32.73478],[112.62807,32.74281],[112.64244,32.74253],[112.64443,32.7641],[112.65747,32.76366],[112.65521,32.82778],[112.66509,32.84396],[112.68234,32.84074],[112.69194,32.84934],[112.70682,32.84039],[112.717,32.85528],[112.726,32.8549],[112.7211,32.88528],[112.71022,32.88818],[112.72079,32.89919],[112.71066,32.90622],[112.71647,32.9162],[112.77209,32.90668]]]}},{"type":"Feature","id":"CTAMAP-2001-COUNTY-1893","properties":{"map_level":"county","source_name":"通许县","source_code":"410222","county_type":"县","prefecture_name":"开封市","prefecture_code":"410200","prefecture_type":"地级市","parent_entity_id":"CNUR-000153","parent_year_end_name":"开封市","province_name":"河南省","province_code":"410000","snapshot_year":2001,"panel_year":2000,"link_status":"parent_linked","former_name":"","note":""},"geometry":{"type":"Polygon","coordinates":[[[114.56125,34.56887],[114.61806,34.56514],[114.60345,34.52513],[114.60355,34.49699],[114.63426,34.48267],[114.63571,34.44938],[114.62759,34.42851],[114.6434,34.417],[114.63988,34.36587],[114.61984,34.3669],[114.62898,34.35253],[114.61932,34.28382],[114.62864,34.26536],[114.60606,34.26112],[114.57707,34.27583],[114.55494,34.27252],[114.52238,34.29039],[114.51293,34.30872],[114.49011,34.31062],[114.47226,34.33249],[114.42826,34.33079],[114.42289,34.3116],[114.41058,34.30913],[114.40032,34.3193],[114.40686,34.33775],[114.36541,34.34725],[114.35141,34.34215],[114.33882,34.36062],[114.34148,34.37549],[114.35274,34.37861],[114.34726,34.41606],[114.33475,34.41682],[114.32332,34.44183],[114.30504,34.44428],[114.31312,34.47842],[114.30394,34.49005],[114.31711,34.52295],[114.33379,34.52729],[114.33455,34.51589],[114.34987,34.51597],[114.36249,34.55718],[114.38832,34.55446],[114.38984,34.53897],[114.44163,34.53709],[114.43213,34.5757],[114.44491,34.57607],[114.45934,34.5914],[114.46744,34.5817],[114.5226,34.58501],[114.55829,34.57688],[114.56125,34.56887]]]}},{"type":"Feature","id":"CTAMAP-2001-COUNTY-1900","properties":{"map_level":"county","source_name":"桐柏县","source_code":"411330","county_type":"县","prefecture_name":"南阳市","prefecture_code":"411300","prefecture_type":"地级市","parent_entity_id":"CNUR-000164","parent_year_end_name":"南阳市","province_name":"河南省","province_code":"410000","snapshot_year":2001,"panel_year":2000,"link_status":"parent_linked","former_name":"","note":""},"geometry":{"type":"Polygon","coordinates":[[[113.64404,32.71112],[113.66427,32.6955],[113.69129,32.69854],[113.75257,32.65536],[113.7768,32.65515],[113.78215,32.64646],[113.77759,32.63036],[113.8095,32.60224],[113.78577,32.58792],[113.77328,32.56493],[113.75904,32.55605],[113.76322,32.53652],[113.75427,32.51213],[113.76101,32.48374],[113.7552,32.46816],[113.73656,32.46881],[113.73304,32.45645],[113.72542,32.46188],[113.70691,32.4132],[113.69553,32.42278],[113.65978,32.42399],[113.65501,32.41357],[113.64524,32.41485],[113.63844,32.40643],[113.6169,32.36199],[113.58992,32.3683],[113.58638,32.36194],[113.59989,32.35306],[113.5561,32.3411],[113.54712,32.33248],[113.55531,32.30996],[113.568,32.30383],[113.54399,32.30749],[113.54341,32.33065],[113.52695,32.33217],[113.41455,32.27206],[113.39323,32.28073],[113.38539,32.29534],[113.34833,32.29739],[113.31209,32.32368],[113.32688,32.34403],[113.29298,32.3557],[113.28963,32.37091],[113.22694,32.4112],[113.22312,32.42433],[113.2065,32.43419],[113.15248,32.41431],[113.15022,32.38188],[113.11359,32.3772],[113.10327,32.40002],[113.07273,32.39567],[113.05159,32.40603],[113.04251,32.42219],[113.02808,32.42497],[113.03466,32.43375],[113.02245,32.43718],[113.01821,32.45553],[113.02813,32.46036],[113.02497,32.48185],[113.02954,32.48518],[113.03743,32.4757],[113.04131,32.48283],[113.01886,32.50217],[113.01697,32.51238],[113.00087,32.51695],[113.00288,32.52216],[113.02586,32.51366],[113.01733,32.53295],[113.02418,32.55019],[113.00612,32.55812],[113.03398,32.56917],[113.01118,32.57354],[112.99875,32.58689],[113.01222,32.61126],[113.03019,32.61407],[113.03001,32.59345],[113.04633,32.56941],[113.05361,32.57566],[113.04967,32.6001],[113.08162,32.60011],[113.10126,32.60895],[113.15134,32.60231],[113.17542,32.58362],[113.19482,32.58898],[113.20246,32.57192],[113.23896,32.5813],[113.24513,32.59714],[113.27506,32.59883],[113.30243,32.58213],[113.31471,32.58992],[113.32219,32.57939],[113.35938,32.57096],[113.38762,32.61165],[113.39808,32.61617],[113.4402,32.58645],[113.45313,32.58862],[113.45493,32.57764],[113.46874,32.58195],[113.49592,32.56927],[113.50878,32.5723],[113.50761,32.58317],[113.51945,32.59761],[113.5355,32.59004],[113.55986,32.60365],[113.56691,32.62913],[113.57979,32.64407],[113.59647,32.6477],[113.58945,32.66414],[113.61425,32.67],[113.61517,32.6932],[113.60485,32.7],[113.61071,32.71567],[113.62202,32.70602],[113.64404,32.71112]]]}},{"type":"Feature","id":"CTAMAP-2001-COUNTY-1923","properties":{"map_level":"county","source_name":"宛城区","source_code":"411302","county_type":"市辖区","prefecture_name":"南阳市","prefecture_code":"411300","prefecture_type":"地级市","parent_entity_id":"CNUR-000164","parent_year_end_name":"南阳市","province_name":"河南省","province_code":"410000","snapshot_year":2001,"panel_year":2000,"link_status":"parent_linked","former_name":"","note":""},"geometry":{"type":"Polygon","coordinates":[[[112.79585,33.11759],[112.78888,33.096],[112.76811,33.08203],[112.77594,33.07014],[112.76817,33.04288],[112.79042,33.01887],[112.79471,32.99708],[112.81305,33.00853],[112.83155,33.00009],[112.81845,32.99068],[112.82792,32.98291],[112.81973,32.96621],[112.8255,32.96166],[112.80729,32.96575],[112.78587,32.95685],[112.7708,32.92836],[112.77209,32.90668],[112.71647,32.9162],[112.71066,32.90622],[112.72079,32.89919],[112.71022,32.88818],[112.7211,32.88528],[112.726,32.8549],[112.717,32.85528],[112.70682,32.84039],[112.69194,32.84934],[112.68234,32.84074],[112.66509,32.84396],[112.65468,32.82484],[112.66047,32.80936],[112.65703,32.76236],[112.64443,32.7641],[112.64244,32.74253],[112.62807,32.74281],[112.62489,32.73478],[112.63126,32.73184],[112.62494,32.7238],[112.63916,32.72014],[112.6406,32.70336],[112.65031,32.6989],[112.64132,32.67628],[112.63437,32.6816],[112.62571,32.67241],[112.63667,32.66909],[112.63637,32.65998],[112.59687,32.67026],[112.58636,32.65075],[112.59487,32.64026],[112.58561,32.63493],[112.56566,32.64042],[112.56307,32.63324],[112.54935,32.64175],[112.55175,32.66587],[112.5209,32.67693],[112.4911,32.67425],[112.47214,32.68761],[112.46578,32.70865],[112.5002,32.73963],[112.47556,32.75867],[112.50214,32.76418],[112.4804,32.7795],[112.49318,32.80117],[112.48951,32.8208],[112.51568,32.82942],[112.51801,32.83727],[112.494,32.85494],[112.50658,32.88704],[112.48421,32.90269],[112.47756,32.92997],[112.50124,32.94464],[112.52107,32.97884],[112.53343,32.98524],[112.53832,33.02776],[112.56484,33.03702],[112.58771,33.0248],[112.61188,33.03531],[112.61079,33.05156],[112.6383,33.09409],[112.6195,33.12004],[112.62037,33.13133],[112.64121,33.14625],[112.64997,33.16457],[112.65782,33.15766],[112.65175,33.13941],[112.68467,33.13109],[112.68706,33.14592],[112.70885,33.1337],[112.7164,33.13936],[112.72241,33.13608],[112.71655,33.12158],[112.7262,33.1106],[112.73003,33.11534],[112.76366,33.10167],[112.78247,33.11969],[112.79585,33.11759]]]}},{"type":"Feature","id":"CTAMAP-2001-COUNTY-1951","properties":{"map_level":"county","source_name":"卫东区","source_code":"410403","county_type":"市辖区","prefecture_name":"平顶山市","prefecture_code":"410400","prefecture_type":"地级市","parent_entity_id":"CNUR-000155","parent_year_end_name":"平顶山市","province_name":"河南省","province_code":"410000","snapshot_year":2001,"panel_year":2000,"link_status":"parent_linked","former_name":"","note":""},"geometry":{"type":"Polygon","coordinates":[[[113.46242,33.73906],[113.46698,33.73099],[113.46041,33.72256],[113.37457,33.72682],[113.36885,33.71706],[113.35312,33.71329],[113.3481,33.72882],[113.30194,33.73043],[113.30734,33.75293],[113.28452,33.76098],[113.28165,33.78785],[113.29717,33.7807],[113.30262,33.80483],[113.3153,33.81243],[113.33202,33.79934],[113.34445,33.80022],[113.34653,33.82804],[113.37709,33.82921],[113.37591,33.81222],[113.38671,33.79846],[113.36551,33.78678],[113.41438,33.76488],[113.45148,33.75882],[113.45714,33.75161],[113.44586,33.75127],[113.44492,33.74002],[113.46242,33.73906]]]}},{"type":"Feature","id":"CTAMAP-2001-COUNTY-1952","properties":{"map_level":"county","source_name":"卫辉市","source_code":"410781","county_type":"县级市","prefecture_name":"新乡市","prefecture_code":"410700","prefecture_type":"地级市","parent_entity_id":"CNUR-000158","parent_year_end_name":"新乡市","province_name":"河南省","province_code":"410000","snapshot_year":2001,"panel_year":2000,"link_status":"parent_linked","former_name":"","note":""},"geometry":{"type":"Polygon","coordinates":[[[114.28383,35.50179],[114.28329,35.49177],[114.26557,35.48163],[114.26328,35.4653],[114.29338,35.45974],[114.29946,35.44976],[114.32186,35.44395],[114.31965,35.41043],[114.3005,35.40753],[114.24505,35.37249],[114.19828,35.35472],[114.17129,35.35387],[114.1268,35.37029],[114.10708,35.3567],[114.10425,35.34571],[114.08667,35.35176],[114.07889,35.33929],[114.06976,35.34971],[114.04887,35.33508],[114.03544,35.3477],[113.98161,35.32534],[113.99169,35.33966],[113.97136,35.34968],[113.97568,35.36292],[113.95958,35.36607],[113.96596,35.39492],[113.94733,35.41242],[113.94491,35.43908],[113.92555,35.45189],[113.93681,35.4783],[113.95015,35.47681],[113.93581,35.4857],[113.94984,35.49672],[113.93837,35.50309],[113.9384,35.5188],[113.93012,35.52681],[113.94869,35.53932],[113.92857,35.54492],[113.93613,35.5524],[113.92965,35.56588],[113.91067,35.57183],[113.90678,35.58356],[113.8892,35.59236],[113.88751,35.61646],[113.89589,35.63162],[113.86453,35.65158],[113.8629,35.6813],[113.87825,35.6885],[113.89373,35.67795],[113.91954,35.68452],[113.92943,35.70523],[113.95799,35.68694],[113.99066,35.70625],[114.02234,35.6934],[114.02148,35.68308],[114.0428,35.67757],[114.05251,35.65933],[114.04606,35.64561],[114.05839,35.63578],[114.04909,35.60391],[114.06434,35.59247],[114.0745,35.56746],[114.15276,35.5277],[114.17428,35.52207],[114.20659,35.52698],[114.25149,35.49746],[114.28383,35.50179]]]}},{"type":"Feature","id":"CTAMAP-2001-COUNTY-1955","properties":{"map_level":"county","source_name":"尉氏县","source_code":"410223","county_type":"县","prefecture_name":"开封市","prefecture_code":"410200","prefecture_type":"地级市","parent_entity_id":"CNUR-000153","parent_year_end_name":"开封市","province_name":"河南省","province_code":"410000","snapshot_year":2001,"panel_year":2000,"link_status":"parent_linked","former_name":"","note":""},"geometry":{"type":"Polygon","coordinates":[[[114.14965,34.60925],[114.15977,34.59767],[114.18596,34.59462],[114.21082,34.57349],[114.23198,34.57734],[114.245,34.55866],[114.26095,34.56331],[114.2829,34.55683],[114.28116,34.53526],[114.30864,34.50839],[114.30394,34.49005],[114.31312,34.47842],[114.30504,34.44428],[114.32332,34.44183],[114.33475,34.41682],[114.34726,34.41606],[114.35274,34.37861],[114.34148,34.37549],[114.33882,34.36062],[114.35141,34.34215],[114.36541,34.34725],[114.40686,34.33775],[114.40034,34.32979],[114.40609,34.30986],[114.4514,34.29643],[114.4343,34.26798],[114.40727,34.26707],[114.40241,34.24762],[114.38464,34.24903],[114.38423,34.24268],[114.33726,34.25071],[114.32478,34.26699],[114.29153,34.26832],[114.27662,34.27904],[114.24582,34.24317],[114.21716,34.23677],[114.20137,34.24462],[114.19195,34.22037],[114.15477,34.21912],[114.13098,34.19641],[114.10376,34.20564],[114.09837,34.23207],[114.08323,34.24968],[114.04611,34.24815],[114.04161,34.23924],[114.0281,34.23905],[114.00435,34.24736],[113.99554,34.26136],[113.98325,34.26519],[113.98643,34.27579],[113.97134,34.27627],[113.95428,34.29553],[113.93158,34.30124],[113.92844,34.30842],[113.92096,34.29946],[113.90731,34.30202],[113.8965,34.29449],[113.88281,34.33166],[113.88372,34.35087],[113.87425,34.36015],[113.88242,34.37548],[113.87394,34.38353],[113.87114,34.40649],[113.89601,34.45532],[113.904,34.45705],[113.90944,34.4408],[113.91918,34.43807],[113.92745,34.45616],[113.93446,34.45661],[113.9437,34.45189],[113.94373,34.43566],[113.9986,34.43696],[114.01443,34.4487],[114.01518,34.45817],[114.01201,34.46766],[113.9923,34.46521],[113.99168,34.48422],[114.00894,34.48428],[114.02742,34.50554],[114.04294,34.50504],[114.06517,34.48973],[114.06635,34.48068],[114.08889,34.47595],[114.09287,34.48808],[114.08362,34.51445],[114.10197,34.52909],[114.09667,34.54641],[114.10222,34.56615],[114.11321,34.56641],[114.12615,34.58014],[114.12247,34.59509],[114.13134,34.60686],[114.11996,34.60905],[114.12109,34.61618],[114.14005,34.61573],[114.13968,34.60544],[114.14965,34.60925]]]}},{"type":"Feature","id":"CTAMAP-2001-COUNTY-1960","properties":{"map_level":"county","source_name":"魏都区","source_code":"411002","county_type":"市辖区","prefecture_name":"许昌市","prefecture_code":"411000","prefecture_type":"地级市","parent_entity_id":"CNUR-000161","parent_year_end_name":"许昌市","province_name":"河南省","province_code":"410000","snapshot_year":2001,"panel_year":2000,"link_status":"parent_linked","former_name":"","note":""},"geometry":{"type":"Polygon","coordinates":[[[113.81141,34.08539],[113.8558,34.0706],[113.88276,34.01522],[113.86077,34.0023],[113.85133,34.01236],[113.83162,34.01036],[113.82291,33.99232],[113.81384,33.99175],[113.81807,34.0053],[113.79883,34.00522],[113.78843,33.99064],[113.76682,33.98611],[113.75597,34.01],[113.7741,34.02735],[113.73994,34.02696],[113.73632,34.03365],[113.74185,34.04453],[113.76974,34.053],[113.77609,34.06811],[113.79555,34.06321],[113.78437,34.07602],[113.78894,34.09548],[113.809,34.0936],[113.81141,34.08539]]]}},{"type":"Feature","id":"CTAMAP-2001-COUNTY-1966","properties":{"map_level":"county","source_name":"温县","source_code":"410825","county_type":"县","prefecture_name":"焦作市","prefecture_code":"410800","prefecture_type":"地级市","parent_entity_id":"CNUR-000159","parent_year_end_name":"焦作市","province_name":"河南省","province_code":"410000","snapshot_year":2001,"panel_year":2000,"link_status":"parent_linked","former_name":"","note":""},"geometry":{"type":"Polygon","coordinates":[[[113.2177,34.90857],[113.13408,34.88564],[113.14175,34.85709],[113.10343,34.85768],[113.09681,34.87292],[113.05019,34.85723],[113.00058,34.86242],[112.92455,34.82953],[112.92128,34.91744],[112.89823,34.9271],[112.89584,34.95041],[112.88411,34.95179],[112.87091,34.96757],[112.87687,34.97867],[112.85222,34.98961],[112.87313,35.01106],[112.88024,35.00958],[112.88286,35.01967],[112.89698,35.01763],[112.91001,35.00211],[112.90579,34.99415],[112.91568,34.99703],[112.9251,34.9838],[112.93537,34.98298],[112.97538,35.03565],[113.03583,35.01511],[113.04613,35.02193],[113.04442,35.03891],[113.10236,35.04617],[113.12846,35.03641],[113.16042,35.04886],[113.16802,35.02354],[113.16873,35.0039],[113.16065,34.99588],[113.16472,34.97904],[113.19081,34.96596],[113.19834,34.93319],[113.20653,34.93404],[113.2177,34.90857]]]}},{"type":"Feature","id":"CTAMAP-2001-COUNTY-1971","properties":{"map_level":"county","source_name":"文峰区","source_code":"410502","county_type":"市辖区","prefecture_name":"安阳市","prefecture_code":"410500","prefecture_type":"地级市","parent_entity_id":"CNUR-000156","parent_year_end_name":"安阳市","province_name":"河南省","province_code":"410000","snapshot_year":2001,"panel_year":2000,"link_status":"parent_linked","former_name":"","note":""},"geometry":{"type":"Polygon","coordinates":[[[114.41715,36.01248],[114.41258,36.02805],[114.38609,36.01897],[114.37344,36.02891],[114.34819,36.02816],[114.33642,36.05437],[114.33319,36.09815],[114.34021,36.10462],[114.42416,36.10617],[114.42381,36.08101],[114.44813,36.0768],[114.4491,36.07085],[114.43843,36.0617],[114.39837,36.06916],[114.39923,36.04881],[114.40778,36.04835],[114.40769,36.03491],[114.41909,36.02536],[114.41715,36.01248]]]}},{"type":"Feature","id":"CTAMAP-2001-COUNTY-1983","properties":{"map_level":"county","source_name":"卧龙区","source_code":"411303","county_type":"市辖区","prefecture_name":"南阳市","prefecture_code":"411300","prefecture_type":"地级市","parent_entity_id":"CNUR-000164","parent_year_end_name":"南阳市","province_name":"河南省","province_code":"410000","snapshot_year":2001,"panel_year":2000,"link_status":"parent_linked","former_name":"","note":""},"geometry":{"type":"Polygon","coordinates":[[[112.64318,33.2142],[112.62708,33.17356],[112.64188,33.14734],[112.62268,33.13632],[112.61839,33.1229],[112.63824,33.09367],[112.61079,33.05156],[112.61188,33.03531],[112.58771,33.0248],[112.56484,33.03702],[112.53832,33.02776],[112.53343,32.98524],[112.52107,32.97884],[112.50124,32.94464],[112.47756,32.92997],[112.48421,32.90269],[112.50658,32.88704],[112.494,32.85494],[112.51791,32.83909],[112.51568,32.82942],[112.48951,32.8208],[112.49318,32.80117],[112.48047,32.78058],[112.50188,32.7632],[112.47555,32.7616],[112.49582,32.74813],[112.4994,32.73704],[112.46533,32.70693],[112.44053,32.70348],[112.43162,32.7152],[112.39459,32.71399],[112.40942,32.7573],[112.42703,32.75858],[112.4271,32.76918],[112.39807,32.76778],[112.3784,32.77743],[112.37785,32.80802],[112.34298,32.81018],[112.3126,32.83911],[112.32515,32.84688],[112.32207,32.85404],[112.30083,32.85812],[112.29272,32.87162],[112.30944,32.87696],[112.30787,32.90992],[112.3291,32.92228],[112.34088,32.92386],[112.35697,32.90479],[112.36523,32.9179],[112.38347,32.91484],[112.38274,32.93253],[112.39476,32.93091],[112.39976,32.95149],[112.41095,32.95996],[112.40784,32.9893],[112.41553,33.00191],[112.39998,33.00297],[112.39719,33.01783],[112.40896,33.02169],[112.40811,33.03337],[112.41759,33.04218],[112.37364,33.08325],[112.34378,33.09425],[112.34406,33.11189],[112.33212,33.12241],[112.33331,33.1455],[112.35094,33.17577],[112.31409,33.1886],[112.31294,33.20955],[112.34768,33.21728],[112.33691,33.22024],[112.34391,33.23285],[112.35201,33.22933],[112.35331,33.21713],[112.36239,33.2275],[112.37947,33.23072],[112.38943,33.24917],[112.40371,33.25632],[112.44154,33.25655],[112.44902,33.24332],[112.46468,33.25256],[112.47875,33.27878],[112.50054,33.27548],[112.50418,33.26573],[112.49377,33.26093],[112.49652,33.25536],[112.52957,33.24866],[112.5159,33.233],[112.53316,33.22412],[112.53549,33.21769],[112.52503,33.21459],[112.52926,33.20693],[112.53961,33.21082],[112.54757,33.20447],[112.55913,33.21249],[112.56566,33.20098],[112.58339,33.19829],[112.58596,33.21053],[112.60741,33.22512],[112.64318,33.2142]]]}},{"type":"Feature","id":"CTAMAP-2001-COUNTY-2048","properties":{"map_level":"county","source_name":"武陟县","source_code":"410823","county_type":"县","prefecture_name":"焦作市","prefecture_code":"410800","prefecture_type":"地级市","parent_entity_id":"CNUR-000159","parent_year_end_name":"焦作市","province_name":"河南省","province_code":"410000","snapshot_year":2001,"panel_year":2000,"link_status":"parent_linked","former_name":"","note":""},"geometry":{"type":"Polygon","coordinates":[[[113.64369,35.03486],[113.64087,35.02276],[113.62558,35.01635],[113.63649,35.00048],[113.60713,34.993],[113.57998,34.94579],[113.54035,34.96569],[113.47925,34.98087],[113.36628,34.98085],[113.2506,34.94696],[113.2177,34.90857],[113.20653,34.93404],[113.19834,34.93319],[113.19081,34.96596],[113.16476,34.97896],[113.16718,35.03269],[113.16237,35.04722],[113.15036,35.04525],[113.14978,35.05107],[113.17067,35.08049],[113.17057,35.11301],[113.18562,35.1148],[113.18614,35.12723],[113.25236,35.13888],[113.27424,35.12802],[113.30676,35.14783],[113.32269,35.14251],[113.3212,35.13307],[113.33364,35.12463],[113.34536,35.12893],[113.3498,35.14988],[113.36666,35.15127],[113.36699,35.13242],[113.38271,35.12906],[113.39182,35.1387],[113.4111,35.14143],[113.42114,35.15723],[113.4351,35.1368],[113.42991,35.1616],[113.45091,35.14674],[113.46211,35.15639],[113.50299,35.16321],[113.51867,35.18081],[113.52759,35.17684],[113.5256,35.15123],[113.53651,35.14892],[113.53809,35.14111],[113.55943,35.14303],[113.56003,35.12432],[113.59908,35.13213],[113.60153,35.08534],[113.64369,35.03486]]]}},{"type":"Feature","id":"CTAMAP-2001-COUNTY-2049","properties":{"map_level":"county","source_name":"舞钢市","source_code":"410481","county_type":"县级市","prefecture_name":"平顶山市","prefecture_code":"410400","prefecture_type":"地级市","parent_entity_id":"CNUR-000155","parent_year_end_name":"平顶山市","province_name":"河南省","province_code":"410000","snapshot_year":2001,"panel_year":2000,"link_status":"parent_linked","former_name":"","note":""},"geometry":{"type":"Polygon","coordinates":[[[113.68292,33.41772],[113.67275,33.37679],[113.6469,33.37184],[113.63343,33.35951],[113.63441,33.32728],[113.61911,33.31484],[113.6001,33.24297],[113.61961,33.19058],[113.64157,33.18793],[113.62439,33.15367],[113.61174,33.14755],[113.59654,33.15902],[113.55376,33.16164],[113.54218,33.14047],[113.50735,33.16422],[113.48014,33.15387],[113.44479,33.16147],[113.39185,33.15043],[113.37758,33.13273],[113.37949,33.17787],[113.35985,33.18633],[113.37237,33.18482],[113.37991,33.2211],[113.39863,33.23288],[113.40032,33.26157],[113.37781,33.29626],[113.39871,33.30788],[113.39209,33.31385],[113.40117,33.32426],[113.38955,33.32682],[113.39049,33.33336],[113.39685,33.33134],[113.3922,33.34705],[113.40558,33.35785],[113.40337,33.37862],[113.42367,33.37693],[113.44869,33.39118],[113.45768,33.39963],[113.44751,33.40027],[113.45956,33.42284],[113.48004,33.42756],[113.50732,33.41642],[113.51066,33.408],[113.52646,33.42234],[113.53584,33.42117],[113.54127,33.40805],[113.57587,33.40588],[113.63643,33.42502],[113.68292,33.41772]]]}},{"type":"Feature","id":"CTAMAP-2001-COUNTY-2050","properties":{"map_level":"county","source_name":"舞阳县","source_code":"411121","county_type":"县","prefecture_name":"漯河市","prefecture_code":"411100","prefecture_type":"地级市","parent_entity_id":"CNUR-000162","parent_year_end_name":"漯河市","province_name":"河南省","province_code":"410000","snapshot_year":2001,"panel_year":2000,"link_status":"parent_linked","former_name":"","note":""},"geometry":{"type":"Polygon","coordinates":[[[113.75036,33.70925],[113.75228,33.67945],[113.76314,33.6604],[113.79011,33.64724],[113.78915,33.62411],[113.81906,33.60032],[113.82612,33.61102],[113.8519,33.6129],[113.84945,33.55969],[113.85255,33.54405],[113.86293,33.5402],[113.85371,33.53488],[113.85145,33.52014],[113.83208,33.50729],[113.79445,33.5047],[113.78776,33.49656],[113.77892,33.46706],[113.78489,33.4668],[113.78902,33.44862],[113.79934,33.44811],[113.79344,33.43867],[113.79846,33.43221],[113.71165,33.43241],[113.70925,33.41927],[113.69829,33.41581],[113.63643,33.42502],[113.57587,33.40588],[113.54127,33.40805],[113.53369,33.42247],[113.5188,33.42155],[113.51066,33.408],[113.50732,33.41642],[113.4857,33.42069],[113.48563,33.4274],[113.45638,33.42478],[113.45205,33.43012],[113.46617,33.44372],[113.46518,33.46383],[113.48399,33.49379],[113.473,33.49723],[113.47287,33.5049],[113.48921,33.50097],[113.51672,33.50868],[113.53005,33.50142],[113.5354,33.54055],[113.55337,33.56318],[113.54761,33.5888],[113.57985,33.60805],[113.61394,33.61252],[113.62349,33.62642],[113.59709,33.65138],[113.58455,33.65392],[113.57369,33.68111],[113.57904,33.70025],[113.57298,33.71056],[113.60261,33.7081],[113.59334,33.68982],[113.60566,33.69622],[113.62719,33.69159],[113.63486,33.70251],[113.63865,33.69638],[113.67506,33.69765],[113.69789,33.68901],[113.70287,33.7126],[113.71372,33.71064],[113.71887,33.69629],[113.73156,33.70049],[113.73351,33.71102],[113.75036,33.70925]]]}},{"type":"Feature","id":"CTAMAP-2001-COUNTY-2061","properties":{"map_level":"county","source_name":"西工区","source_code":"410303","county_type":"市辖区","prefecture_name":"洛阳市","prefecture_code":"410300","prefecture_type":"地级市","parent_entity_id":"CNUR-000154","parent_year_end_name":"洛阳市","province_name":"河南省","province_code":"410000","snapshot_year":2001,"panel_year":2000,"link_status":"parent_linked","former_name":"","note":""},"geometry":{"type":"Polygon","coordinates":[[[112.38258,34.72119],[112.39575,34.69129],[112.40984,34.69037],[112.41078,34.70364],[112.42165,34.70506],[112.42552,34.69272],[112.44821,34.69475],[112.46042,34.66795],[112.41864,34.64428],[112.41127,34.65837],[112.4167,34.67073],[112.39535,34.68787],[112.37217,34.69455],[112.34583,34.68739],[112.3401,34.69416],[112.33114,34.6873],[112.33027,34.69825],[112.32327,34.69124],[112.30794,34.69451],[112.30378,34.71157],[112.28309,34.72142],[112.28614,34.73362],[112.30152,34.73464],[112.33037,34.72053],[112.36945,34.73517],[112.37644,34.71904],[112.38258,34.72119]]]}},{"type":"Feature","id":"CTAMAP-2001-COUNTY-2064","properties":{"map_level":"county","source_name":"西华县","source_code":"411622","county_type":"县","prefecture_name":"周口市","prefecture_code":"411600","prefecture_type":"地级市","parent_entity_id":"CNUR-000167","parent_year_end_name":"周口市","province_name":"河南省","province_code":"410000","snapshot_year":2001,"panel_year":2000,"link_status":"parent_linked","former_name":"","note":""},"geometry":{"type":"Polygon","coordinates":[[[114.7239,33.91428],[114.71345,33.91328],[114.69916,33.87977],[114.71863,33.81876],[114.70815,33.79757],[114.7131,33.76355],[114.64658,33.75657],[114.64936,33.71619],[114.63232,33.6881],[114.60951,33.68354],[114.59299,33.69388],[114.57835,33.69086],[114.59473,33.6547],[114.60292,33.65174],[114.60576,33.63323],[114.57785,33.62082],[114.57504,33.60591],[114.54105,33.61651],[114.5246,33.6129],[114.49958,33.65832],[114.48096,33.65306],[114.45268,33.66798],[114.44388,33.6627],[114.41987,33.67344],[114.38252,33.67036],[114.37334,33.69299],[114.32801,33.69387],[114.31573,33.72334],[114.2668,33.74537],[114.2455,33.70788],[114.18941,33.69119],[114.16801,33.66613],[114.15283,33.66997],[114.14488,33.65239],[114.11297,33.65394],[114.11119,33.68246],[114.09353,33.68926],[114.08443,33.71488],[114.10141,33.73609],[114.10112,33.7543],[114.11032,33.76482],[114.12365,33.77691],[114.13424,33.77042],[114.12914,33.81032],[114.15122,33.80881],[114.15912,33.79834],[114.16974,33.80518],[114.20588,33.79998],[114.23641,33.79145],[114.23864,33.78166],[114.26603,33.77712],[114.27607,33.76386],[114.29084,33.76624],[114.29258,33.77959],[114.30581,33.78387],[114.30513,33.80272],[114.32104,33.81254],[114.3186,33.83256],[114.2995,33.84398],[114.3065,33.86082],[114.32435,33.86466],[114.32482,33.85299],[114.33608,33.853],[114.3955,33.88051],[114.41337,33.87962],[114.41381,33.89033],[114.4806,33.88693],[114.48108,33.90345],[114.49273,33.90894],[114.47952,33.93687],[114.52816,33.95496],[114.56207,33.95104],[114.5704,33.95789],[114.59456,33.95761],[114.61764,33.98414],[114.63123,33.98244],[114.64537,33.96282],[114.69472,33.96068],[114.68955,33.93663],[114.70632,33.93423],[114.7239,33.91428]]]}},{"type":"Feature","id":"CTAMAP-2001-COUNTY-2069","properties":{"map_level":"county","source_name":"西平县","source_code":"411721","county_type":"县","prefecture_name":"驻马店市","prefecture_code":"411700","prefecture_type":"地级市","parent_entity_id":"CNUR-000168","parent_year_end_name":"驻马店市","province_name":"河南省","province_code":"410000","snapshot_year":2001,"panel_year":2000,"link_status":"parent_linked","former_name":"","note":""},"geometry":{"type":"Polygon","coordinates":[[[114.18649,33.43379],[114.18881,33.42219],[114.16753,33.41521],[114.16307,33.40613],[114.18866,33.38411],[114.1466,33.38238],[114.14642,33.36131],[114.13597,33.35522],[114.15198,33.3226],[114.1502,33.30551],[114.11707,33.30672],[114.11307,33.29252],[114.10096,33.29089],[114.08356,33.24993],[114.05793,33.23865],[114.01231,33.24337],[114.00382,33.25193],[113.98399,33.24701],[113.97041,33.25527],[113.9518,33.25243],[113.95335,33.26088],[113.92106,33.27114],[113.9237,33.30697],[113.91555,33.30716],[113.90018,33.30002],[113.82946,33.29606],[113.81366,33.28046],[113.73848,33.28796],[113.73728,33.28101],[113.71039,33.27853],[113.70961,33.26403],[113.68871,33.23423],[113.66946,33.23113],[113.64452,33.21258],[113.64157,33.18793],[113.61961,33.19058],[113.60598,33.21466],[113.59976,33.24142],[113.61911,33.31484],[113.63441,33.32728],[113.63343,33.35951],[113.6469,33.37184],[113.67275,33.37679],[113.68307,33.41903],[113.70523,33.41701],[113.70999,33.43199],[113.79846,33.43221],[113.79344,33.43867],[113.79995,33.44996],[113.85575,33.48011],[113.90547,33.48456],[113.92108,33.46863],[113.94032,33.46685],[113.96343,33.48351],[113.97892,33.48383],[114.01013,33.5251],[114.04147,33.53403],[114.05558,33.52077],[114.09794,33.50555],[114.10017,33.49027],[114.12498,33.49638],[114.12343,33.47639],[114.14302,33.47062],[114.14055,33.46342],[114.18027,33.46189],[114.18068,33.44721],[114.16187,33.4439],[114.18649,33.43379]]]}},{"type":"Feature","id":"CTAMAP-2001-COUNTY-2076","properties":{"map_level":"county","source_name":"西峡县","source_code":"411323","county_type":"县","prefecture_name":"南阳市","prefecture_code":"411300","prefecture_type":"地级市","parent_entity_id":"CNUR-000164","parent_year_end_name":"南阳市","province_name":"河南省","province_code":"410000","snapshot_year":2001,"panel_year":2000,"link_status":"parent_linked","former_name":"","note":""},"geometry":{"type":"Polygon","coordinates":[[[111.25421,33.79799],[111.26038,33.78452],[111.29561,33.7778],[111.31363,33.76433],[111.37998,33.76794],[111.49014,33.72253],[111.5039,33.73813],[111.52916,33.73925],[111.53932,33.72971],[111.55651,33.73325],[111.5871,33.72155],[111.62092,33.72261],[111.64997,33.71088],[111.66092,33.68847],[111.68279,33.68105],[111.70965,33.68672],[111.82676,33.64109],[111.82067,33.59605],[111.82572,33.58949],[111.81612,33.56694],[111.83067,33.54087],[111.82213,33.52279],[111.80095,33.51973],[111.7824,33.48334],[111.75219,33.48716],[111.72722,33.513],[111.70856,33.48561],[111.6978,33.4823],[111.69843,33.46273],[111.68943,33.44873],[111.64443,33.47957],[111.61598,33.46479],[111.6151,33.44698],[111.60346,33.43651],[111.6173,33.41926],[111.61024,33.38579],[111.61795,33.37696],[111.65451,33.36467],[111.66254,33.35],[111.72596,33.34276],[111.70857,33.32657],[111.72739,33.31292],[111.71608,33.28541],[111.73499,33.25216],[111.72909,33.21173],[111.74412,33.18965],[111.748,33.1661],[111.76744,33.16132],[111.75662,33.12643],[111.7346,33.1216],[111.73244,33.10722],[111.72489,33.11505],[111.71176,33.11355],[111.69784,33.09385],[111.67086,33.08912],[111.63947,33.12117],[111.61167,33.11995],[111.60435,33.16726],[111.57683,33.17679],[111.56453,33.20356],[111.51387,33.21147],[111.49915,33.20913],[111.49678,33.19634],[111.48534,33.19617],[111.48068,33.21424],[111.47462,33.21051],[111.46696,33.22342],[111.4315,33.23765],[111.43926,33.24913],[111.42854,33.24517],[111.41797,33.25138],[111.41684,33.26052],[111.39448,33.27854],[111.37376,33.2655],[111.34944,33.27941],[111.32853,33.25638],[111.31139,33.26222],[111.29554,33.25693],[111.23902,33.28548],[111.22738,33.30717],[111.16301,33.31239],[111.1752,33.31887],[111.18362,33.34132],[111.1704,33.34898],[111.12401,33.33399],[111.12572,33.34537],[111.14355,33.34468],[111.14434,33.35555],[111.13314,33.35581],[111.13876,33.37146],[111.1271,33.37456],[111.10728,33.35583],[111.09593,33.35912],[111.10327,33.34967],[111.06998,33.36287],[111.05432,33.35568],[111.04665,33.33815],[111.02873,33.3345],[111.02011,33.35448],[111.03147,33.37069],[111.01056,33.39314],[111.00366,33.42397],[110.99092,33.43654],[111.00781,33.43777],[111.02679,33.48532],[111.01535,33.52183],[110.99658,33.53506],[111.00411,33.56152],[111.0167,33.55059],[111.02989,33.55139],[111.06648,33.56716],[111.0828,33.56272],[111.10846,33.57816],[111.12682,33.61152],[111.12631,33.62828],[111.14567,33.64444],[111.12419,33.678],[111.17376,33.68632],[111.1772,33.70495],[111.18943,33.71441],[111.18884,33.75658],[111.20295,33.7835],[111.21602,33.79944],[111.25421,33.79799]]]}},{"type":"Feature","id":"CTAMAP-2001-COUNTY-2081","properties":{"map_level":"county","source_name":"息县","source_code":"411528","county_type":"县","prefecture_name":"信阳市","prefecture_code":"411500","prefecture_type":"地级市","parent_entity_id":"CNUR-000166","parent_year_end_name":"信阳市","province_name":"河南省","province_code":"410000","snapshot_year":2001,"panel_year":2000,"link_status":"parent_linked","former_name":"","note":""},"geometry":{"type":"Polygon","coordinates":[[[115.0716,32.63332],[115.06982,32.61605],[115.0442,32.61053],[115.01633,32.58765],[115.06102,32.58695],[115.06892,32.57595],[115.07234,32.55912],[115.04396,32.5516],[115.03556,32.52708],[115.08736,32.51566],[115.10041,32.49603],[115.11643,32.44989],[115.12083,32.38346],[115.10846,32.37817],[115.11109,32.36412],[115.10152,32.35034],[115.08499,32.34451],[115.07569,32.30902],[115.06166,32.3005],[115.02942,32.30171],[115.02314,32.29479],[115.03368,32.28123],[115.01092,32.26864],[114.99911,32.24905],[114.98366,32.24126],[114.96919,32.24615],[114.95301,32.21596],[114.90443,32.20018],[114.8947,32.1801],[114.85978,32.16596],[114.84122,32.14555],[114.80092,32.13914],[114.75131,32.17022],[114.73725,32.18843],[114.71152,32.18061],[114.70382,32.19067],[114.67885,32.19372],[114.70776,32.22661],[114.69371,32.24142],[114.69857,32.25627],[114.68801,32.26542],[114.70349,32.27664],[114.70435,32.29676],[114.69686,32.28554],[114.67772,32.28273],[114.67356,32.29028],[114.68223,32.30232],[114.67591,32.30985],[114.65353,32.30313],[114.62952,32.31375],[114.61412,32.30113],[114.56942,32.31781],[114.60423,32.33819],[114.6016,32.35026],[114.6154,32.35392],[114.61638,32.37161],[114.64011,32.38137],[114.63125,32.39808],[114.59406,32.41252],[114.59029,32.42338],[114.5689,32.42543],[114.56242,32.43555],[114.58063,32.4569],[114.56359,32.47345],[114.5711,32.48903],[114.56458,32.50632],[114.57586,32.51574],[114.61237,32.51447],[114.65328,32.53036],[114.66017,32.52928],[114.66299,32.5152],[114.69938,32.52052],[114.69689,32.54515],[114.71544,32.55091],[114.72177,32.52115],[114.73696,32.51885],[114.75389,32.52851],[114.75311,32.51774],[114.76297,32.50972],[114.78717,32.51208],[114.78838,32.52306],[114.77244,32.5406],[114.80806,32.56039],[114.79987,32.58499],[114.78418,32.58596],[114.78415,32.6132],[114.80896,32.60743],[114.81416,32.62605],[114.88503,32.61752],[114.89882,32.63717],[114.89759,32.65733],[114.92024,32.64992],[114.95193,32.66401],[114.9802,32.66252],[115.02702,32.65044],[115.05806,32.6289],[115.0716,32.63332]]]}},{"type":"Feature","id":"CTAMAP-2001-COUNTY-2083","properties":{"map_level":"county","source_name":"淅川县","source_code":"411326","county_type":"县","prefecture_name":"南阳市","prefecture_code":"411300","prefecture_type":"地级市","parent_entity_id":"CNUR-000164","parent_year_end_name":"南阳市","province_name":"河南省","province_code":"410000","snapshot_year":2001,"panel_year":2000,"link_status":"parent_linked","former_name":"","note":""},"geometry":{"type":"MultiPolygon","coordinates":[[[[111.60417,33.1675],[111.56429,33.11913],[111.57663,33.10833],[111.56817,33.09873],[111.57815,33.09529],[111.57151,33.07623],[111.59232,33.07144],[111.58689,33.05429],[111.60515,33.04272],[111.59702,33.03345],[111.58856,33.04457],[111.57856,33.04264],[111.58533,33.02591],[111.6027,33.01423],[111.58125,32.96936],[111.59908,32.96042],[111.59806,32.95258],[111.61239,32.93934],[111.60245,32.92691],[111.62717,32.9122],[111.61398,32.89554],[111.65044,32.86568],[111.6646,32.87397],[111.68533,32.8633],[111.70601,32.84012],[111.72141,32.83513],[111.72114,32.81954],[111.73786,32.83759],[111.72298,32.8602],[111.7765,32.90103],[111.79596,32.8579],[111.79159,32.85184],[111.79918,32.83057],[111.8272,32.81977],[111.82247,32.81301],[111.8389,32.79506],[111.83251,32.77053],[111.83967,32.75423],[111.82,32.74335],[111.82,32.73612],[111.86266,32.71104],[111.87324,32.69202],[111.85739,32.67541],[111.84713,32.67835],[111.84572,32.66174],[111.82171,32.66613],[111.81446,32.66057],[111.80232,32.67151],[111.78605,32.6603],[111.71817,32.66871],[111.71089,32.65865],[111.71534,32.64359],[111.70403,32.63599],[111.66639,32.64522],[111.64114,32.62865],[111.61606,32.6298],[111.60279,32.6091],[111.59053,32.59927],[111.57949,32.60169],[111.57264,32.59043],[111.52258,32.61977],[111.53112,32.63038],[111.51874,32.64158],[111.52583,32.64669],[111.51384,32.66886],[111.47,32.69827],[111.46507,32.71982],[111.41938,32.73428],[111.43793,32.7287],[111.43687,32.73854],[111.45337,32.72906],[111.4683,32.76083],[111.45845,32.77527],[111.45362,32.76312],[111.44325,32.76324],[111.43512,32.75191],[111.40965,32.75558],[111.38166,32.81679],[111.36165,32.83325],[111.32249,32.83565],[111.31084,32.85089],[111.28426,32.85658],[111.27844,32.87341],[111.28981,32.89307],[111.27231,32.90096],[111.25305,32.88294],[111.23895,32.88431],[111.2463,32.90738],[111.23909,32.93392],[111.2463,32.95212],[111.26698,32.96095],[111.26998,32.98951],[111.25916,32.99186],[111.25409,33.00917],[111.24163,33.01508],[111.2411,33.0325],[111.21369,33.04486],[111.18433,33.04],[111.16556,33.04836],[111.15315,33.03836],[111.14756,33.04193],[111.14835,33.05163],[111.19304,33.07345],[111.18562,33.09497],[111.17008,33.09463],[111.17471,33.11603],[111.15642,33.12644],[111.14047,33.12575],[111.12564,33.13999],[111.12487,33.16269],[111.11327,33.15891],[111.09866,33.17316],[111.08476,33.17337],[111.08589,33.18454],[111.06295,33.17745],[111.05025,33.15785],[111.03186,33.15544],[111.052,33.17517],[111.05579,33.19442],[110.98838,33.2385],[110.98991,33.2566],[110.97549,33.27185],[110.99188,33.28838],[110.99192,33.30238],[111.00179,33.30442],[110.99849,33.31473],[111.00664,33.32863],[111.04512,33.33726],[111.05432,33.35568],[111.07016,33.36293],[111.07948,33.36341],[111.09457,33.35155],[111.10565,33.35026],[111.09593,33.35912],[111.11158,33.35763],[111.12791,33.37469],[111.14197,33.36811],[111.13348,33.35504],[111.1459,33.35119],[111.13687,33.34034],[111.12565,33.34532],[111.12407,33.33395],[111.1704,33.34898],[111.18302,33.34265],[111.17526,33.31895],[111.16301,33.31239],[111.22738,33.30717],[111.23902,33.28548],[111.29554,33.25693],[111.31139,33.26222],[111.32853,33.25638],[111.34944,33.27941],[111.37376,33.2655],[111.39448,33.27854],[111.41684,33.26052],[111.41797,33.25138],[111.42854,33.24517],[111.43926,33.24913],[111.4315,33.23765],[111.46696,33.22342],[111.47462,33.21051],[111.48068,33.21424],[111.48534,33.19617],[111.49731,33.19673],[111.49923,33.20918],[111.54546,33.21022],[111.56573,33.20256],[111.5779,33.1759],[111.60417,33.1675]]],[[[111.0277,33.17911],[111.01489,33.17412],[111.00998,33.17491],[111.02719,33.19053],[111.0277,33.17911]]]]}},{"type":"Feature","id":"CTAMAP-2001-COUNTY-2100","properties":{"map_level":"county","source_name":"夏邑县","source_code":"411426","county_type":"县","prefecture_name":"商丘市","prefecture_code":"411400","prefecture_type":"地级市","parent_entity_id":"CNUR-000165","parent_year_end_name":"商丘市","province_name":"河南省","province_code":"410000","snapshot_year":2001,"panel_year":2000,"link_status":"parent_linked","former_name":"","note":""},"geometry":{"type":"Polygon","coordinates":[[[116.44323,34.28329],[116.46267,34.24152],[116.46341,34.19363],[116.44576,34.18117],[116.43037,34.18386],[116.43803,34.16833],[116.39888,34.16514],[116.37532,34.1464],[116.3229,34.15306],[116.31343,34.13203],[116.28663,34.14071],[116.27765,34.1268],[116.24555,34.11337],[116.23866,34.08333],[116.22394,34.0883],[116.20561,34.08326],[116.19089,34.09093],[116.19278,34.07006],[116.18009,34.07268],[116.16052,34.05448],[116.13334,34.06978],[116.11115,34.03223],[116.11432,34.02214],[116.10053,34.02002],[116.08103,34.02938],[116.07474,34.0235],[116.07826,34.00748],[116.0668,33.99969],[116.05161,34.00357],[116.04912,34.02421],[116.04019,34.03025],[116.01791,34.02471],[116.01509,34.03131],[116.00975,34.02087],[115.97921,34.02757],[115.97482,33.99351],[115.92326,34.01181],[115.92007,34.02177],[115.9362,34.02068],[115.92768,34.05242],[115.9489,34.06325],[115.92732,34.07187],[115.93898,34.08929],[115.92465,34.10581],[115.91139,34.10157],[115.91205,34.12478],[115.87437,34.14021],[115.88936,34.18948],[115.94863,34.20307],[115.96244,34.22229],[115.95514,34.23717],[115.95935,34.26606],[115.99668,34.30017],[115.97211,34.31603],[115.96925,34.32754],[115.98031,34.3319],[115.97602,34.34675],[115.99386,34.37965],[115.98404,34.39357],[115.99714,34.41146],[116.07783,34.41778],[116.08724,34.4092],[116.11251,34.42255],[116.13308,34.42357],[116.13331,34.41091],[116.14146,34.40815],[116.19049,34.42511],[116.21316,34.40707],[116.20145,34.39108],[116.20526,34.38078],[116.22784,34.38193],[116.2356,34.37428],[116.25062,34.37934],[116.27181,34.36145],[116.2901,34.36022],[116.30161,34.33657],[116.32268,34.33453],[116.3265,34.32599],[116.34506,34.32826],[116.36974,34.29906],[116.35686,34.28069],[116.3591,34.2727],[116.40056,34.27769],[116.41066,34.26948],[116.42765,34.27136],[116.42766,34.28195],[116.44286,34.2897],[116.44938,34.28804],[116.44323,34.28329]]]}},{"type":"Feature","id":"CTAMAP-2001-COUNTY-2121","properties":{"map_level":"county","source_name":"襄城县","source_code":"411025","county_type":"县","prefecture_name":"许昌市","prefecture_code":"411000","prefecture_type":"地级市","parent_entity_id":"CNUR-000161","parent_year_end_name":"许昌市","province_name":"河南省","province_code":"410000","snapshot_year":2001,"panel_year":2000,"link_status":"parent_linked","former_name":"","note":""},"geometry":{"type":"Polygon","coordinates":[[[113.55772,34.01079],[113.60887,34.02055],[113.60385,34.01137],[113.61849,34.00163],[113.62042,33.97657],[113.62651,33.97814],[113.62815,33.96916],[113.65323,33.96455],[113.67992,33.94765],[113.67769,33.92111],[113.68525,33.9175],[113.68853,33.89608],[113.68208,33.88581],[113.6934,33.87218],[113.68917,33.85724],[113.7111,33.85081],[113.71411,33.87116],[113.72759,33.87603],[113.72228,33.8416],[113.75325,33.82274],[113.75527,33.80536],[113.74344,33.78903],[113.74964,33.77877],[113.72927,33.75396],[113.75321,33.73575],[113.75308,33.72181],[113.75036,33.70925],[113.73351,33.71102],[113.72776,33.69756],[113.71887,33.69629],[113.71372,33.71064],[113.70287,33.7126],[113.69789,33.68901],[113.67506,33.69765],[113.63865,33.69638],[113.63486,33.70251],[113.62719,33.69159],[113.60566,33.69622],[113.59334,33.68982],[113.60288,33.70769],[113.57738,33.71511],[113.58362,33.73009],[113.56857,33.74183],[113.57258,33.75592],[113.49434,33.75503],[113.46242,33.73906],[113.44537,33.73937],[113.44586,33.75127],[113.45714,33.75161],[113.45148,33.75882],[113.41438,33.76488],[113.36549,33.78684],[113.3869,33.79979],[113.37994,33.79975],[113.37795,33.84263],[113.35668,33.88538],[113.38255,33.93734],[113.40852,33.94231],[113.41494,33.96215],[113.41142,33.9872],[113.42442,34.01271],[113.44559,34.00557],[113.49488,34.0227],[113.5208,34.01399],[113.53567,34.02066],[113.5379,34.03028],[113.54624,34.01486],[113.55772,34.01079]]]}},{"type":"Feature","id":"CTAMAP-2001-COUNTY-2126","properties":{"map_level":"county","source_name":"开封县","source_code":"410224","county_type":"县","prefecture_name":"开封市","prefecture_code":"410200","prefecture_type":"地级市","parent_entity_id":"CNUR-000153","parent_year_end_name":"开封市","province_name":"河南省","province_code":"410000","snapshot_year":2001,"panel_year":2000,"link_status":"parent_linked","former_name":"","note":""},"geometry":{"type":"Polygon","coordinates":[[[114.51757,34.89987],[114.56443,34.91507],[114.58944,34.90511],[114.65306,34.89796],[114.69225,34.90656],[114.68663,34.88215],[114.71341,34.86785],[114.72795,34.84509],[114.71475,34.79027],[114.72687,34.78773],[114.7246,34.77956],[114.69237,34.75984],[114.69463,34.74943],[114.70838,34.74377],[114.69175,34.72217],[114.65232,34.71937],[114.63345,34.71022],[114.63705,34.66778],[114.64805,34.66117],[114.65259,34.64188],[114.63312,34.61906],[114.63333,34.59889],[114.61741,34.59725],[114.60562,34.57055],[114.56125,34.56887],[114.55829,34.57688],[114.5226,34.58501],[114.46744,34.5817],[114.45934,34.5914],[114.44491,34.57607],[114.43213,34.5757],[114.44163,34.53709],[114.38984,34.53897],[114.38832,34.55446],[114.36249,34.55718],[114.34987,34.51597],[114.33455,34.51589],[114.33379,34.52729],[114.32593,34.52771],[114.30864,34.50839],[114.28116,34.53526],[114.2829,34.55683],[114.26095,34.56331],[114.245,34.55866],[114.23198,34.57734],[114.21082,34.57349],[114.18596,34.59462],[114.15977,34.59767],[114.1467,34.61014],[114.15189,34.64107],[114.13973,34.65634],[114.1544,34.66311],[114.15278,34.69443],[114.1628,34.71602],[114.18551,34.71641],[114.18821,34.72394],[114.16545,34.7383],[114.16972,34.75257],[114.19031,34.75747],[114.17453,34.77277],[114.18097,34.77577],[114.18057,34.79523],[114.21421,34.80033],[114.2186,34.7784],[114.22865,34.77233],[114.24529,34.78688],[114.27093,34.7816],[114.26861,34.76553],[114.27473,34.76069],[114.26126,34.74614],[114.28019,34.73808],[114.28159,34.74226],[114.29466,34.74359],[114.30016,34.7327],[114.31582,34.73314],[114.31583,34.72471],[114.33182,34.73726],[114.34319,34.73528],[114.36406,34.70814],[114.37851,34.71436],[114.38711,34.70612],[114.41963,34.7025],[114.44327,34.71628],[114.43609,34.73412],[114.42261,34.75045],[114.40532,34.75585],[114.40736,34.76146],[114.44717,34.78062],[114.46154,34.79919],[114.47826,34.80164],[114.50104,34.82843],[114.49518,34.83786],[114.47637,34.82935],[114.44133,34.85869],[114.42184,34.8565],[114.42072,34.84108],[114.40723,34.83996],[114.41277,34.86366],[114.3941,34.87138],[114.39349,34.87944],[114.41552,34.88739],[114.41812,34.89618],[114.44289,34.89839],[114.47268,34.92973],[114.51757,34.89987]]]}},{"type":"Feature","id":"CTAMAP-2001-COUNTY-2129","properties":{"map_level":"county","source_name":"项城市","source_code":"411681","county_type":"县级市","prefecture_name":"周口市","prefecture_code":"411600","prefecture_type":"地级市","parent_entity_id":"CNUR-000167","parent_year_end_name":"周口市","province_name":"河南省","province_code":"410000","snapshot_year":2001,"panel_year":2000,"link_status":"parent_linked","former_name":"","note":""},"geometry":{"type":"Polygon","coordinates":[[[115.01071,33.41385],[115.03734,33.40055],[115.04565,33.38431],[115.06687,33.37752],[115.06291,33.34612],[115.04313,33.34146],[115.0424,33.33491],[115.04726,33.31572],[115.05869,33.3135],[115.06002,33.30594],[115.05049,33.19869],[115.05958,33.18652],[115.05536,33.16672],[115.00757,33.17129],[115.00331,33.18549],[114.99121,33.18164],[114.97602,33.14943],[114.92749,33.15656],[114.92228,33.14089],[114.90274,33.13838],[114.89393,33.12849],[114.89978,33.11095],[114.89068,33.08216],[114.85757,33.07901],[114.84782,33.0557],[114.76621,33.07185],[114.75588,33.10907],[114.73647,33.10717],[114.7007,33.16434],[114.67481,33.17194],[114.69451,33.19871],[114.69453,33.21319],[114.71346,33.22241],[114.71774,33.25109],[114.72578,33.25355],[114.71835,33.30402],[114.7441,33.30022],[114.73895,33.31245],[114.75581,33.3143],[114.76404,33.33335],[114.79743,33.34985],[114.77949,33.41318],[114.80063,33.45821],[114.81991,33.46346],[114.81651,33.47103],[114.8324,33.47431],[114.8523,33.51102],[114.86447,33.5126],[114.90203,33.48806],[114.8904,33.47424],[114.90323,33.45249],[114.94794,33.45641],[114.97958,33.41696],[115.01071,33.41385]]]}},{"type":"Feature","id":"CTAMAP-2001-COUNTY-2144","properties":{"map_level":"county","source_name":"新安县","source_code":"410323","county_type":"县","prefecture_name":"洛阳市","prefecture_code":"410300","prefecture_type":"地级市","parent_entity_id":"CNUR-000154","parent_year_end_name":"洛阳市","province_name":"河南省","province_code":"410000","snapshot_year":2001,"panel_year":2000,"link_status":"parent_linked","former_name":"","note":""},"geometry":{"type":"Polygon","coordinates":[[[112.03292,35.04608],[112.03161,35.03405],[112.03834,35.03063],[112.09821,35.03064],[112.14642,35.01516],[112.17419,34.99411],[112.18069,34.9691],[112.20373,34.96657],[112.25126,34.93931],[112.26489,34.94324],[112.23819,34.92405],[112.24798,34.91087],[112.22945,34.91069],[112.20881,34.88743],[112.23007,34.87017],[112.29219,34.84638],[112.30284,34.83642],[112.294,34.81574],[112.3195,34.7924],[112.301,34.77037],[112.27281,34.7873],[112.26651,34.78287],[112.28037,34.76239],[112.30178,34.75267],[112.29553,34.73189],[112.28571,34.73347],[112.28314,34.72075],[112.3051,34.70996],[112.31095,34.68482],[112.29558,34.64503],[112.27323,34.62991],[112.19915,34.63363],[112.2003,34.62576],[112.16244,34.62208],[112.15388,34.61782],[112.15713,34.60674],[112.1358,34.60444],[112.10865,34.63997],[112.07768,34.64767],[112.07258,34.6421],[112.08115,34.6387],[112.07199,34.63453],[112.06631,34.64736],[112.07427,34.65687],[112.06224,34.67609],[112.02838,34.67512],[111.98987,34.69882],[111.98977,34.71067],[112.00991,34.72825],[111.98913,34.73878],[111.99259,34.75235],[112.01032,34.74925],[112.01261,34.76919],[112.02609,34.783],[112.00954,34.79828],[112.01545,34.81271],[111.97773,34.84535],[111.98521,34.85839],[111.94376,34.84949],[111.94546,34.86317],[111.93555,34.87252],[111.88195,34.89431],[111.87714,34.91083],[111.88971,34.92587],[111.91829,34.93414],[111.92818,34.94904],[111.97939,34.96022],[111.96452,34.97799],[111.93547,34.9833],[111.97002,34.99227],[111.97949,35.00296],[111.92843,35.03475],[111.92971,35.04167],[111.94914,35.04638],[111.95535,35.06883],[112.01306,35.06916],[112.03292,35.04608]]]}},{"type":"Feature","id":"CTAMAP-2001-COUNTY-2149","properties":{"map_level":"county","source_name":"新蔡县","source_code":"411729","county_type":"县","prefecture_name":"驻马店市","prefecture_code":"411700","prefecture_type":"地级市","parent_entity_id":"CNUR-000168","parent_year_end_name":"驻马店市","province_name":"河南省","province_code":"410000","snapshot_year":2001,"panel_year":2000,"link_status":"parent_linked","former_name":"","note":""},"geometry":{"type":"Polygon","coordinates":[[[115.18625,32.60495],[115.16979,32.60807],[115.13849,32.58026],[115.13401,32.60271],[115.12132,32.61054],[115.10755,32.60738],[115.09024,32.63854],[115.06162,32.62802],[115.02702,32.65044],[114.9802,32.66252],[114.95193,32.66401],[114.92024,32.64992],[114.89759,32.65733],[114.89675,32.65195],[114.87852,32.67168],[114.85075,32.68006],[114.84153,32.67614],[114.83328,32.65659],[114.84174,32.65189],[114.83538,32.64644],[114.82818,32.64367],[114.8201,32.65575],[114.82011,32.64471],[114.78291,32.639],[114.78594,32.65202],[114.76178,32.64354],[114.72063,32.65576],[114.72666,32.67038],[114.70946,32.66066],[114.72694,32.68374],[114.71407,32.6925],[114.68676,32.67244],[114.68494,32.67785],[114.69447,32.68079],[114.68999,32.68723],[114.67596,32.67895],[114.65583,32.69418],[114.64395,32.69348],[114.62808,32.71935],[114.64886,32.76927],[114.67761,32.78181],[114.67761,32.80304],[114.69348,32.7991],[114.69619,32.81083],[114.68664,32.81598],[114.70218,32.82722],[114.70809,32.87433],[114.74929,32.87235],[114.77538,32.88988],[114.77667,32.91999],[114.81583,32.91905],[114.82117,32.94013],[114.84195,32.94851],[114.86316,32.94678],[114.85906,32.95984],[114.88035,32.97862],[114.91375,32.97016],[114.9362,32.93629],[114.99957,32.9421],[115.02492,32.9339],[115.03367,32.93975],[115.03231,32.92032],[115.01891,32.91779],[115.01601,32.90942],[115.082,32.90413],[115.09551,32.89589],[115.12745,32.90061],[115.15031,32.88034],[115.14965,32.86821],[115.159,32.86164],[115.1945,32.85714],[115.19516,32.8421],[115.18334,32.84023],[115.1916,32.83143],[115.18478,32.80882],[115.20641,32.79729],[115.20727,32.78817],[115.17599,32.78839],[115.18486,32.77023],[115.17195,32.74115],[115.17979,32.67934],[115.17005,32.66672],[115.20052,32.6694],[115.18877,32.63446],[115.19687,32.63422],[115.19403,32.62098],[115.20209,32.61603],[115.18625,32.60495]]]}},{"type":"Feature","id":"CTAMAP-2001-COUNTY-2165","properties":{"map_level":"county","source_name":"新密市","source_code":"410183","county_type":"县级市","prefecture_name":"郑州市","prefecture_code":"410100","prefecture_type":"地级市","parent_entity_id":"CNUR-000152","parent_year_end_name":"郑州市","province_name":"河南省","province_code":"410000","snapshot_year":2001,"panel_year":2000,"link_status":"parent_linked","former_name":"","note":""},"geometry":{"type":"Polygon","coordinates":[[[113.55376,34.63678],[113.58034,34.59801],[113.57624,34.58572],[113.59642,34.5799],[113.60243,34.5597],[113.63565,34.56328],[113.6568,34.55233],[113.66722,34.53602],[113.65831,34.52155],[113.66967,34.49478],[113.66194,34.48113],[113.64976,34.48543],[113.65068,34.46353],[113.63945,34.45332],[113.62572,34.45447],[113.62548,34.44449],[113.58938,34.42846],[113.59387,34.40773],[113.56001,34.41997],[113.57139,34.40352],[113.54517,34.37555],[113.51731,34.36779],[113.49844,34.34044],[113.4795,34.34479],[113.46735,34.33356],[113.42416,34.35158],[113.40756,34.35088],[113.40812,34.37575],[113.3691,34.37796],[113.36166,34.38149],[113.36528,34.39035],[113.34089,34.40633],[113.32274,34.40664],[113.28699,34.45647],[113.28554,34.47315],[113.23007,34.49839],[113.19607,34.49858],[113.19047,34.4848],[113.18226,34.48898],[113.17478,34.49825],[113.17823,34.57322],[113.1734,34.59122],[113.15707,34.59479],[113.18488,34.60386],[113.19089,34.62655],[113.19255,34.61508],[113.21642,34.6086],[113.23858,34.62329],[113.31168,34.62205],[113.32407,34.63043],[113.35875,34.61233],[113.37778,34.63037],[113.38782,34.60903],[113.43732,34.61355],[113.45377,34.62207],[113.45274,34.64125],[113.46721,34.648],[113.46907,34.6577],[113.50441,34.66633],[113.49824,34.64973],[113.53076,34.62754],[113.53381,34.61398],[113.55376,34.63678]]]}},{"type":"Feature","id":"CTAMAP-2001-COUNTY-2175","properties":{"map_level":"county","source_name":"新县","source_code":"411523","county_type":"县","prefecture_name":"信阳市","prefecture_code":"411500","prefecture_type":"地级市","parent_entity_id":"CNUR-000166","parent_year_end_name":"信阳市","province_name":"河南省","province_code":"410000","snapshot_year":2001,"panel_year":2000,"link_status":"parent_linked","former_name":"","note":""},"geometry":{"type":"Polygon","coordinates":[[[115.15795,31.70773],[115.15448,31.69344],[115.16153,31.68234],[115.2008,31.68009],[115.20639,31.67265],[115.19694,31.66283],[115.19689,31.64927],[115.17637,31.63682],[115.1697,31.62048],[115.17536,31.61174],[115.16906,31.6032],[115.14655,31.60788],[115.12014,31.59971],[115.12383,31.5837],[115.09764,31.56125],[115.10662,31.55314],[115.1002,31.53997],[115.11009,31.53191],[115.08713,31.52092],[115.09095,31.51027],[115.03669,31.51617],[115.01762,31.52928],[114.9997,31.50379],[115.00549,31.48994],[114.99108,31.47128],[114.97756,31.47985],[114.96952,31.50198],[114.9362,31.48043],[114.93414,31.46945],[114.91829,31.4837],[114.88087,31.47041],[114.85628,31.48132],[114.8256,31.4594],[114.80822,31.48028],[114.77613,31.48661],[114.77872,31.49793],[114.76931,31.50354],[114.7686,31.51445],[114.78147,31.52177],[114.77828,31.52782],[114.76343,31.52156],[114.7357,31.52947],[114.71622,31.51924],[114.71258,31.53023],[114.69208,31.52616],[114.69392,31.54718],[114.66521,31.54837],[114.63992,31.58346],[114.61167,31.58768],[114.59116,31.57771],[114.58658,31.56371],[114.56163,31.55811],[114.54264,31.61163],[114.54444,31.64538],[114.55265,31.65816],[114.56635,31.66097],[114.56976,31.69311],[114.58593,31.69742],[114.58624,31.70518],[114.57416,31.71057],[114.58181,31.76174],[114.56461,31.76727],[114.56079,31.78435],[114.57104,31.83139],[114.57838,31.81898],[114.60711,31.80543],[114.64063,31.80898],[114.66127,31.80095],[114.66246,31.78551],[114.6891,31.78033],[114.69326,31.79645],[114.70875,31.80521],[114.70314,31.79299],[114.72385,31.79239],[114.73017,31.7841],[114.74705,31.79482],[114.77246,31.78766],[114.77435,31.76172],[114.78804,31.77354],[114.82318,31.7762],[114.83654,31.79521],[114.88323,31.76223],[114.9367,31.74568],[114.93931,31.7366],[114.98396,31.75163],[115.01362,31.73907],[115.02065,31.74984],[115.03507,31.75068],[115.04789,31.72559],[115.08203,31.73926],[115.0853,31.73022],[115.11581,31.71976],[115.11602,31.70564],[115.15795,31.70773]]]}},{"type":"Feature","id":"CTAMAP-2001-COUNTY-2176","properties":{"map_level":"county","source_name":"新乡县","source_code":"410721","county_type":"县","prefecture_name":"新乡市","prefecture_code":"410700","prefecture_type":"地级市","parent_entity_id":"CNUR-000158","parent_year_end_name":"新乡市","province_name":"河南省","province_code":"410000","snapshot_year":2001,"panel_year":2000,"link_status":"parent_linked","former_name":"","note":""},"geometry":{"type":"Polygon","coordinates":[[[113.7485,35.39867],[113.81004,35.3936],[113.81616,35.38722],[113.84859,35.38562],[113.85629,35.37654],[113.85345,35.36226],[113.8276,35.36369],[113.82989,35.33537],[113.77801,35.33566],[113.78679,35.32309],[113.77703,35.31071],[113.78618,35.30563],[113.78253,35.29598],[113.79738,35.2748],[113.7957,35.26162],[113.81909,35.26378],[113.83547,35.25069],[113.82876,35.23648],[113.83547,35.21391],[113.90192,35.24362],[113.90651,35.23855],[113.91137,35.25392],[113.92891,35.25839],[113.91689,35.25921],[113.9169,35.28237],[113.89841,35.29291],[113.91067,35.31089],[113.95422,35.30392],[113.95245,35.2886],[113.9802,35.28086],[113.98185,35.27201],[114.00997,35.27022],[114.02879,35.25702],[114.05668,35.25351],[114.05456,35.23836],[114.02847,35.21468],[113.99402,35.20537],[113.99173,35.18471],[113.97342,35.1747],[113.95069,35.18624],[113.95971,35.16445],[113.93478,35.17288],[113.91383,35.16969],[113.89777,35.13706],[113.87497,35.13099],[113.8752,35.12376],[113.88733,35.12291],[113.86807,35.11303],[113.85794,35.11608],[113.85211,35.09573],[113.82897,35.0935],[113.84225,35.08716],[113.83969,35.07838],[113.82509,35.08936],[113.80639,35.08897],[113.80272,35.07598],[113.78347,35.06536],[113.77519,35.09106],[113.78044,35.09573],[113.74256,35.09402],[113.74308,35.10418],[113.73331,35.10878],[113.73394,35.15764],[113.72055,35.16251],[113.73049,35.1739],[113.72094,35.18695],[113.73342,35.19858],[113.72709,35.219],[113.73904,35.22711],[113.74105,35.23991],[113.71527,35.26197],[113.73819,35.27861],[113.73589,35.29695],[113.71209,35.30282],[113.70066,35.32483],[113.71083,35.34639],[113.72149,35.3479],[113.72754,35.37637],[113.74731,35.39007],[113.7485,35.39867]]]}},{"type":"Feature","id":"CTAMAP-2001-COUNTY-2179","properties":{"map_level":"county","source_name":"新野县","source_code":"411329","county_type":"县","prefecture_name":"南阳市","prefecture_code":"411300","prefecture_type":"地级市","parent_entity_id":"CNUR-000164","parent_year_end_name":"南阳市","province_name":"河南省","province_code":"410000","snapshot_year":2001,"panel_year":2000,"link_status":"parent_linked","former_name":"","note":""},"geometry":{"type":"Polygon","coordinates":[[[112.46533,32.70693],[112.46522,32.69605],[112.4911,32.67425],[112.54222,32.67149],[112.55175,32.66587],[112.55111,32.63907],[112.58144,32.63622],[112.58629,32.61175],[112.59721,32.5994],[112.59071,32.58244],[112.59593,32.5733],[112.58238,32.54912],[112.58795,32.53302],[112.56234,32.52327],[112.56738,32.50698],[112.55599,32.49629],[112.56659,32.47746],[112.54236,32.47802],[112.53072,32.46754],[112.52342,32.42372],[112.49868,32.43016],[112.48896,32.42316],[112.49482,32.40333],[112.47164,32.40915],[112.47028,32.39661],[112.49307,32.38146],[112.4866,32.37673],[112.47144,32.38299],[112.45334,32.36974],[112.43951,32.35752],[112.44542,32.34538],[112.3945,32.37103],[112.38382,32.36565],[112.3619,32.37078],[112.34505,32.35172],[112.33266,32.34984],[112.31807,32.32857],[112.30502,32.33104],[112.22086,32.38506],[112.22184,32.40759],[112.25296,32.41195],[112.26096,32.43306],[112.27577,32.43404],[112.28964,32.44875],[112.27969,32.49201],[112.28353,32.50786],[112.27333,32.509],[112.26596,32.52498],[112.29272,32.53694],[112.28853,32.56915],[112.29828,32.57878],[112.25123,32.61112],[112.24358,32.62625],[112.2611,32.64485],[112.27461,32.6471],[112.26909,32.6573],[112.30244,32.6677],[112.29788,32.67527],[112.30989,32.68574],[112.30327,32.7119],[112.31696,32.71595],[112.32212,32.72616],[112.3095,32.73729],[112.31133,32.75125],[112.3213,32.77761],[112.33664,32.7841],[112.34628,32.81356],[112.37785,32.80802],[112.3784,32.77743],[112.39225,32.76879],[112.4271,32.76918],[112.42703,32.75858],[112.40942,32.7573],[112.39459,32.71399],[112.43162,32.7152],[112.44053,32.70348],[112.46533,32.70693]]]}},{"type":"Feature","id":"CTAMAP-2001-COUNTY-2182","properties":{"map_level":"county","source_name":"新郑市","source_code":"410184","county_type":"县级市","prefecture_name":"郑州市","prefecture_code":"410100","prefecture_type":"地级市","parent_entity_id":"CNUR-000152","parent_year_end_name":"郑州市","province_name":"河南省","province_code":"410000","snapshot_year":2001,"panel_year":2000,"link_status":"parent_linked","former_name":"","note":""},"geometry":{"type":"Polygon","coordinates":[[[113.78758,34.62321],[113.83665,34.60528],[113.84195,34.58804],[113.85919,34.57912],[113.84158,34.56121],[113.8517,34.52841],[113.86274,34.53593],[113.88646,34.52627],[113.88148,34.4862],[113.87464,34.48086],[113.87902,34.46652],[113.90097,34.45864],[113.87951,34.43315],[113.87117,34.40674],[113.87394,34.38353],[113.88242,34.37548],[113.87367,34.36498],[113.88372,34.35087],[113.88247,34.3306],[113.84214,34.32363],[113.79816,34.33967],[113.77105,34.31592],[113.72968,34.31883],[113.71251,34.3063],[113.70905,34.29371],[113.69225,34.29115],[113.69963,34.285],[113.69558,34.27693],[113.67411,34.28525],[113.65559,34.276],[113.61147,34.31122],[113.57213,34.32287],[113.54877,34.31309],[113.5143,34.32715],[113.50514,34.34437],[113.50824,34.35661],[113.51753,34.36792],[113.54491,34.37534],[113.57133,34.40341],[113.56001,34.41997],[113.59387,34.40773],[113.58938,34.42846],[113.62548,34.44449],[113.62572,34.45447],[113.63945,34.45332],[113.65068,34.46353],[113.64976,34.48543],[113.66194,34.48113],[113.66967,34.49478],[113.65831,34.52155],[113.66722,34.53602],[113.6568,34.55233],[113.63565,34.56328],[113.60234,34.55976],[113.59642,34.5799],[113.57624,34.58572],[113.57584,34.61253],[113.60099,34.60496],[113.59226,34.61282],[113.59736,34.62967],[113.61339,34.62803],[113.6252,34.64053],[113.65746,34.64513],[113.67885,34.63526],[113.69067,34.65356],[113.71435,34.64412],[113.72065,34.62742],[113.74033,34.62597],[113.74365,34.61372],[113.78758,34.62321]]]}},{"type":"Feature","id":"CTAMAP-2001-COUNTY-2190","properties":{"map_level":"county","source_name":"荥阳市","source_code":"410182","county_type":"县级市","prefecture_name":"郑州市","prefecture_code":"410100","prefecture_type":"地级市","parent_entity_id":"CNUR-000152","parent_year_end_name":"郑州市","province_name":"河南省","province_code":"410000","snapshot_year":2001,"panel_year":2000,"link_status":"parent_linked","former_name":"","note":""},"geometry":{"type":"Polygon","coordinates":[[[113.50845,34.97169],[113.50193,34.97148],[113.4936,34.92128],[113.50282,34.92393],[113.50629,34.89838],[113.49191,34.87186],[113.50623,34.85658],[113.49786,34.8405],[113.45451,34.83697],[113.44862,34.81568],[113.45494,34.81007],[113.452,34.79641],[113.48202,34.79957],[113.48144,34.78278],[113.48898,34.77714],[113.48228,34.76884],[113.46098,34.77358],[113.45802,34.75898],[113.47286,34.75544],[113.48462,34.73829],[113.46688,34.73237],[113.46606,34.72398],[113.51355,34.71958],[113.50116,34.70619],[113.50294,34.66628],[113.469,34.65764],[113.46721,34.648],[113.45274,34.64125],[113.45377,34.62207],[113.43723,34.61353],[113.38782,34.60903],[113.37778,34.63037],[113.35875,34.61233],[113.32418,34.63043],[113.31168,34.62205],[113.23858,34.62329],[113.22659,34.60985],[113.19695,34.61226],[113.19714,34.63658],[113.23212,34.64017],[113.2555,34.66048],[113.24915,34.67882],[113.25794,34.68743],[113.2526,34.69891],[113.26606,34.7228],[113.28297,34.7179],[113.3038,34.73109],[113.29413,34.75504],[113.27881,34.76003],[113.30143,34.76791],[113.31938,34.81091],[113.30489,34.82884],[113.28477,34.83206],[113.28087,34.84402],[113.24662,34.84096],[113.2502,34.83338],[113.23987,34.82543],[113.23782,34.79811],[113.25571,34.78364],[113.24589,34.76735],[113.25087,34.75996],[113.2225,34.75034],[113.18221,34.76103],[113.16406,34.75772],[113.16488,34.7676],[113.14439,34.77782],[113.15499,34.78994],[113.14966,34.81395],[113.16174,34.81775],[113.14219,34.8431],[113.13404,34.8856],[113.22166,34.9094],[113.2506,34.94696],[113.34837,34.97705],[113.45111,34.98422],[113.50845,34.97169]]]}},{"type":"Feature","id":"CTAMAP-2001-COUNTY-2213","properties":{"map_level":"county","source_name":"修武县","source_code":"410821","county_type":"县","prefecture_name":"焦作市","prefecture_code":"410800","prefecture_type":"地级市","parent_entity_id":"CNUR-000159","parent_year_end_name":"焦作市","province_name":"河南省","province_code":"410000","snapshot_year":2001,"panel_year":2000,"link_status":"parent_linked","former_name":"","note":""},"geometry":{"type":"Polygon","coordinates":[[[113.51491,35.29048],[113.50757,35.25718],[113.52957,35.25442],[113.54281,35.22848],[113.51721,35.22036],[113.51119,35.21069],[113.51428,35.17751],[113.50299,35.16321],[113.46211,35.15639],[113.45091,35.14674],[113.42991,35.1616],[113.4351,35.1368],[113.42114,35.15723],[113.4111,35.14143],[113.39182,35.1387],[113.38271,35.12906],[113.36699,35.13242],[113.36994,35.14958],[113.3498,35.14988],[113.34536,35.12893],[113.33364,35.12463],[113.32084,35.1407],[113.33883,35.14891],[113.3435,35.16529],[113.37175,35.1881],[113.36086,35.2153],[113.34391,35.21846],[113.3455,35.22833],[113.35191,35.2381],[113.37651,35.23612],[113.37238,35.25082],[113.40749,35.27478],[113.41591,35.29848],[113.43492,35.30425],[113.43424,35.32824],[113.4439,35.34466],[113.40148,35.3473],[113.37514,35.35949],[113.34013,35.32607],[113.32607,35.34519],[113.27183,35.30457],[113.24043,35.26549],[113.21626,35.29015],[113.19796,35.34285],[113.1832,35.35473],[113.14756,35.34802],[113.14026,35.37],[113.17084,35.39682],[113.1591,35.41538],[113.18194,35.41246],[113.17757,35.42075],[113.18626,35.43285],[113.18487,35.44881],[113.23502,35.45442],[113.25003,35.43922],[113.29653,35.42448],[113.2909,35.44108],[113.2984,35.46169],[113.30824,35.44967],[113.31895,35.45569],[113.28815,35.47114],[113.30542,35.48265],[113.31663,35.47125],[113.34215,35.46774],[113.37892,35.49423],[113.39157,35.45824],[113.42942,35.44307],[113.46692,35.40141],[113.45953,35.3876],[113.47563,35.37102],[113.47293,35.3624],[113.4584,35.36493],[113.45959,35.34827],[113.47661,35.33711],[113.47101,35.32534],[113.47988,35.31939],[113.48058,35.2988],[113.51491,35.29048]]]}},{"type":"Feature","id":"CTAMAP-2001-COUNTY-2242","properties":{"map_level":"county","source_name":"鄢陵县","source_code":"411024","county_type":"县","prefecture_name":"许昌市","prefecture_code":"411000","prefecture_type":"地级市","parent_entity_id":"CNUR-000161","parent_year_end_name":"许昌市","province_name":"河南省","province_code":"410000","snapshot_year":2001,"panel_year":2000,"link_status":"parent_linked","former_name":"","note":""},"geometry":{"type":"Polygon","coordinates":[[[114.24582,34.24317],[114.2684,34.23676],[114.27631,34.22066],[114.26734,34.18604],[114.28372,34.13859],[114.25839,34.0974],[114.26013,34.08077],[114.2696,34.04824],[114.28346,34.03447],[114.28418,34.00353],[114.29677,34.00025],[114.30227,33.98543],[114.29488,33.95587],[114.29975,33.89203],[114.31093,33.88467],[114.2991,33.84651],[114.3186,33.83256],[114.32116,33.81621],[114.30513,33.80272],[114.30581,33.78387],[114.27917,33.76344],[114.26603,33.77712],[114.23864,33.78166],[114.23641,33.79145],[114.15381,33.80304],[114.15122,33.80881],[114.1594,33.80974],[114.1397,33.84437],[114.11165,33.8647],[114.1158,33.8793],[114.12431,33.88152],[114.11821,33.92038],[114.08161,33.9528],[114.04962,33.95609],[114.04912,33.9635],[114.05811,33.96302],[114.05821,33.97287],[114.07047,33.97787],[114.06371,33.98764],[114.0721,34.00005],[114.05612,34.01615],[114.06283,34.03068],[114.03987,34.07065],[114.04731,34.07407],[114.04023,34.08905],[114.08506,34.0984],[114.08329,34.1103],[114.05834,34.11574],[114.06993,34.12491],[114.06576,34.15011],[114.08009,34.15083],[114.081,34.16596],[114.12342,34.16163],[114.13595,34.18192],[114.12407,34.19117],[114.1252,34.19987],[114.13404,34.19791],[114.15477,34.21912],[114.19195,34.22037],[114.20137,34.24462],[114.21716,34.23677],[114.24582,34.24317]]]}},{"type":"Feature","id":"CTAMAP-2001-COUNTY-2245","properties":{"map_level":"county","source_name":"延津县","source_code":"410726","county_type":"县","prefecture_name":"新乡市","prefecture_code":"410700","prefecture_type":"地级市","parent_entity_id":"CNUR-000158","parent_year_end_name":"新乡市","province_name":"河南省","province_code":"410000","snapshot_year":2001,"panel_year":2000,"link_status":"parent_linked","former_name":"","note":""},"geometry":{"type":"Polygon","coordinates":[[[114.41365,35.47442],[114.42562,35.4593],[114.39718,35.42268],[114.41001,35.41069],[114.41069,35.39103],[114.41808,35.38516],[114.39916,35.35798],[114.41799,35.35233],[114.41892,35.33996],[114.43237,35.33261],[114.39721,35.32792],[114.39895,35.31739],[114.41332,35.31094],[114.40516,35.29602],[114.386,35.29358],[114.40254,35.27331],[114.38563,35.2551],[114.38939,35.24068],[114.4035,35.23573],[114.38613,35.22594],[114.39533,35.21075],[114.38667,35.21092],[114.37747,35.18855],[114.38243,35.17464],[114.37378,35.16227],[114.3616,35.17427],[114.31057,35.18985],[114.27468,35.15012],[114.25056,35.1072],[114.24345,35.10664],[114.22453,35.11753],[114.17354,35.11433],[114.12459,35.13147],[114.10728,35.14959],[114.0867,35.1513],[114.08308,35.16521],[114.06677,35.15583],[114.0382,35.17257],[114.01041,35.15765],[113.99887,35.1604],[114.00583,35.17426],[113.98904,35.1884],[113.99402,35.20537],[114.02847,35.21468],[114.0595,35.25016],[114.02879,35.25702],[114.0343,35.26821],[114.04243,35.26324],[114.08589,35.27746],[114.08605,35.29897],[114.05235,35.29907],[114.0516,35.30693],[114.03662,35.31402],[114.03353,35.32845],[114.04305,35.33827],[114.04887,35.33508],[114.06976,35.34971],[114.07889,35.33929],[114.08667,35.35176],[114.10456,35.34583],[114.10708,35.3567],[114.1268,35.37029],[114.17129,35.35387],[114.19828,35.35472],[114.24505,35.37249],[114.3005,35.40753],[114.31965,35.41043],[114.32186,35.44395],[114.33828,35.46247],[114.35505,35.46906],[114.37298,35.46301],[114.38259,35.47779],[114.41365,35.47442]]]}},{"type":"Feature","id":"CTAMAP-2001-COUNTY-2264","properties":{"map_level":"county","source_name":"偃师市","source_code":"410381","county_type":"县级市","prefecture_name":"洛阳市","prefecture_code":"410300","prefecture_type":"地级市","parent_entity_id":"CNUR-000154","parent_year_end_name":"洛阳市","province_name":"河南省","province_code":"410000","snapshot_year":2001,"panel_year":2000,"link_status":"parent_linked","former_name":"","note":""},"geometry":{"type":"Polygon","coordinates":[[[112.8053,34.8],[112.8065,34.78228],[112.82427,34.77226],[112.84023,34.7728],[112.84454,34.78575],[112.85687,34.77957],[112.89382,34.78186],[112.91129,34.76501],[112.89907,34.75441],[112.89863,34.74058],[112.93039,34.72614],[112.92721,34.71371],[112.91066,34.71271],[112.89577,34.69499],[112.86237,34.70923],[112.82012,34.69239],[112.82125,34.67412],[112.82981,34.66871],[112.82421,34.6566],[112.83713,34.64772],[112.84034,34.63307],[112.8192,34.62677],[112.84768,34.6171],[112.84757,34.60842],[112.83752,34.60925],[112.83035,34.59526],[112.8423,34.58822],[112.85571,34.59164],[112.87138,34.56058],[112.88914,34.54873],[112.96046,34.54669],[112.97443,34.53582],[112.92337,34.52866],[112.91195,34.477],[112.90132,34.46923],[112.88715,34.47788],[112.80251,34.48091],[112.76913,34.50239],[112.71823,34.48708],[112.69366,34.4954],[112.6816,34.5412],[112.66596,34.54822],[112.66129,34.56517],[112.66954,34.59203],[112.67851,34.59453],[112.65915,34.60165],[112.67415,34.61267],[112.6721,34.62972],[112.6875,34.63667],[112.67103,34.64799],[112.66935,34.65972],[112.63534,34.66451],[112.63777,34.67914],[112.65289,34.68859],[112.655,34.70625],[112.61231,34.7084],[112.61255,34.71931],[112.63814,34.73514],[112.63876,34.7511],[112.6574,34.7494],[112.66256,34.75573],[112.66196,34.77015],[112.64558,34.79606],[112.64992,34.79951],[112.67943,34.80517],[112.72675,34.79893],[112.7408,34.78913],[112.74,34.78065],[112.76864,34.76706],[112.8053,34.8]]]}},{"type":"Feature","id":"CTAMAP-2001-COUNTY-2293","properties":{"map_level":"county","source_name":"叶县","source_code":"410422","county_type":"县","prefecture_name":"平顶山市","prefecture_code":"410400","prefecture_type":"地级市","parent_entity_id":"CNUR-000155","parent_year_end_name":"平顶山市","province_name":"河南省","province_code":"410000","snapshot_year":2001,"panel_year":2000,"link_status":"parent_linked","former_name":"","note":""},"geometry":{"type":"Polygon","coordinates":[[[113.57966,33.71294],[113.57193,33.70747],[113.57903,33.70043],[113.57369,33.68111],[113.58455,33.65392],[113.59709,33.65138],[113.62349,33.62642],[113.61394,33.61252],[113.57985,33.60805],[113.54761,33.5888],[113.55337,33.56318],[113.5354,33.54055],[113.53005,33.50142],[113.51672,33.50868],[113.48921,33.50097],[113.47287,33.5049],[113.473,33.49723],[113.48399,33.49379],[113.46513,33.46371],[113.46602,33.44329],[113.45205,33.43012],[113.45906,33.41874],[113.44753,33.40006],[113.45663,33.40455],[113.45747,33.39911],[113.42429,33.37713],[113.40337,33.37862],[113.40558,33.35785],[113.3922,33.34705],[113.39522,33.33669],[113.33203,33.35329],[113.3012,33.34356],[113.28953,33.35314],[113.2724,33.35097],[113.2494,33.36768],[113.22639,33.36672],[113.21867,33.37846],[113.22316,33.39494],[113.20507,33.40355],[113.17464,33.43632],[113.13146,33.42466],[113.12193,33.42825],[113.11877,33.44136],[113.10365,33.44607],[113.03625,33.44546],[113.03544,33.47724],[113.04799,33.48886],[113.04081,33.53569],[113.01963,33.55235],[113.02165,33.56738],[113.08092,33.58556],[113.08186,33.57682],[113.09191,33.57442],[113.08656,33.56974],[113.12556,33.56555],[113.12738,33.57338],[113.14571,33.5717],[113.14745,33.57927],[113.168,33.57217],[113.15899,33.57039],[113.15868,33.56265],[113.17352,33.56167],[113.16871,33.57253],[113.1814,33.57656],[113.18337,33.56979],[113.18506,33.56964],[113.20195,33.59186],[113.19003,33.59744],[113.18677,33.61728],[113.17561,33.61863],[113.18266,33.63208],[113.19324,33.6316],[113.19008,33.63621],[113.19224,33.63864],[113.20769,33.62839],[113.21987,33.63748],[113.22515,33.65852],[113.24075,33.65516],[113.25631,33.66758],[113.29399,33.6538],[113.30279,33.66685],[113.31574,33.66617],[113.32006,33.68467],[113.32934,33.68127],[113.34391,33.68944],[113.3551,33.70127],[113.35475,33.71446],[113.36885,33.71706],[113.37457,33.72682],[113.46041,33.72256],[113.46698,33.73099],[113.46377,33.74444],[113.49396,33.75495],[113.57224,33.75601],[113.56857,33.74183],[113.58362,33.73009],[113.57608,33.72252],[113.57966,33.71294]]]}},{"type":"Feature","id":"CTAMAP-2001-COUNTY-2294","properties":{"map_level":"county","source_name":"伊川县","source_code":"410329","county_type":"县","prefecture_name":"洛阳市","prefecture_code":"410300","prefecture_type":"地级市","parent_entity_id":"CNUR-000154","parent_year_end_name":"洛阳市","province_name":"河南省","province_code":"410000","snapshot_year":2001,"panel_year":2000,"link_status":"parent_linked","former_name":"","note":""},"geometry":{"type":"Polygon","coordinates":[[[112.69366,34.4954],[112.71735,34.48709],[112.73299,34.49023],[112.73656,34.44394],[112.72176,34.4172],[112.72686,34.3953],[112.71473,34.38344],[112.72431,34.37857],[112.72594,34.35288],[112.75126,34.35867],[112.75277,34.34932],[112.76946,34.34622],[112.7544,34.33401],[112.73511,34.33387],[112.72977,34.3255],[112.69707,34.33585],[112.65142,34.32185],[112.64854,34.34066],[112.63579,34.3461],[112.59759,34.3272],[112.57005,34.34999],[112.55112,34.34974],[112.54045,34.36036],[112.53479,34.35195],[112.49802,34.35055],[112.49841,34.33237],[112.47389,34.33861],[112.45221,34.32878],[112.43126,34.34418],[112.40825,34.34423],[112.38578,34.31238],[112.40956,34.2813],[112.40267,34.24515],[112.41956,34.22578],[112.38255,34.21765],[112.3675,34.22177],[112.36492,34.21433],[112.34678,34.22804],[112.32169,34.23382],[112.24223,34.23874],[112.23296,34.25559],[112.2757,34.29492],[112.25775,34.31153],[112.23188,34.30311],[112.20205,34.30926],[112.2108,34.3592],[112.2058,34.37201],[112.2387,34.37632],[112.25106,34.3941],[112.24598,34.41013],[112.22065,34.42385],[112.29365,34.46469],[112.27516,34.50964],[112.30066,34.52296],[112.35136,34.52502],[112.37381,34.5151],[112.39589,34.52399],[112.40508,34.54033],[112.43604,34.54688],[112.45187,34.53439],[112.47043,34.53315],[112.47198,34.52104],[112.5105,34.52868],[112.51388,34.51756],[112.54696,34.51138],[112.58192,34.52227],[112.59536,34.51342],[112.62976,34.50951],[112.65556,34.48593],[112.69366,34.4954]]]}},{"type":"Feature","id":"CTAMAP-2001-COUNTY-2318","properties":{"map_level":"county","source_name":"宜阳县","source_code":"410327","county_type":"县","prefecture_name":"洛阳市","prefecture_code":"410300","prefecture_type":"地级市","parent_entity_id":"CNUR-000154","parent_year_end_name":"洛阳市","province_name":"河南省","province_code":"410000","snapshot_year":2001,"panel_year":2000,"link_status":"parent_linked","former_name":"","note":""},"geometry":{"type":"Polygon","coordinates":[[[112.27323,34.62991],[112.2649,34.62259],[112.27155,34.60908],[112.26238,34.56543],[112.28286,34.54686],[112.31964,34.56944],[112.31913,34.54916],[112.33777,34.54729],[112.34907,34.52861],[112.31801,34.52732],[112.27532,34.51029],[112.29492,34.46669],[112.22088,34.42427],[112.24598,34.41013],[112.25106,34.3941],[112.2387,34.37632],[112.2058,34.37201],[112.2108,34.3592],[112.20205,34.30926],[112.13854,34.3233],[112.12489,34.30992],[112.11762,34.32392],[112.09173,34.3133],[112.08492,34.30084],[112.02928,34.34686],[112.0006,34.33123],[111.91983,34.30833],[111.9169,34.29676],[111.88889,34.27924],[111.85904,34.2831],[111.84459,34.29348],[111.81609,34.27186],[111.78863,34.28398],[111.8118,34.32217],[111.79349,34.32838],[111.78389,34.35145],[111.75712,34.36425],[111.7584,34.37575],[111.74559,34.37811],[111.74888,34.39182],[111.78184,34.42281],[111.74786,34.43402],[111.74929,34.44939],[111.77049,34.45599],[111.76278,34.47441],[111.77797,34.48884],[111.76666,34.49128],[111.76499,34.50806],[111.78103,34.51514],[111.7713,34.52437],[111.77935,34.54371],[111.81348,34.55427],[111.81468,34.56977],[111.82606,34.57825],[111.82239,34.60146],[111.79872,34.62803],[111.79913,34.63806],[111.81596,34.63293],[111.81888,34.65156],[111.84701,34.65329],[111.87962,34.62143],[111.90406,34.62506],[111.92506,34.60331],[111.9302,34.62019],[111.94135,34.62531],[111.94002,34.64073],[111.95896,34.64017],[111.97221,34.65034],[111.96518,34.6718],[111.97448,34.67942],[111.96206,34.68735],[111.99086,34.69894],[112.02838,34.67512],[112.06224,34.67609],[112.07427,34.65687],[112.06631,34.64736],[112.07199,34.63453],[112.08115,34.6387],[112.07258,34.6421],[112.07768,34.64767],[112.10865,34.63997],[112.1358,34.60444],[112.15713,34.60674],[112.15388,34.61782],[112.16244,34.62208],[112.2003,34.62576],[112.19915,34.63363],[112.27323,34.62991]]]}},{"type":"Feature","id":"CTAMAP-2001-COUNTY-2324","properties":{"map_level":"county","source_name":"义马市","source_code":"411281","county_type":"县级市","prefecture_name":"三门峡市","prefecture_code":"411200","prefecture_type":"地级市","parent_entity_id":"CNUR-000163","parent_year_end_name":"三门峡市","province_name":"河南省","province_code":"410000","snapshot_year":2001,"panel_year":2000,"link_status":"parent_linked","former_name":"","note":""},"geometry":{"type":"Polygon","coordinates":[[[111.98217,34.72221],[111.98981,34.69335],[111.94072,34.69389],[111.92748,34.70585],[111.91001,34.698],[111.87946,34.71829],[111.82189,34.73413],[111.82409,34.75718],[111.84334,34.77425],[111.83443,34.79528],[111.84228,34.80408],[111.8674,34.80242],[111.91036,34.7864],[111.92549,34.77649],[111.91929,34.7666],[111.92336,34.74304],[111.93474,34.73536],[111.94129,34.74234],[111.95608,34.74077],[111.95876,34.73357],[111.95178,34.72954],[111.98217,34.72221]]]}},{"type":"Feature","id":"CTAMAP-2001-COUNTY-2331","properties":{"map_level":"county","source_name":"郊区","source_code":"410511","county_type":"市辖区","prefecture_name":"安阳市","prefecture_code":"410500","prefecture_type":"地级市","parent_entity_id":"CNUR-000156","parent_year_end_name":"安阳市","province_name":"河南省","province_code":"410000","snapshot_year":2001,"panel_year":2000,"link_status":"parent_linked","former_name":"","note":""},"geometry":{"type":"Polygon","coordinates":[[[114.32866,36.17004],[114.3308,36.1329],[114.29974,36.12199],[114.29362,36.13203],[114.27845,36.13319],[114.26751,36.11423],[114.28525,36.11215],[114.29118,36.09356],[114.29717,36.0935],[114.29722,36.1051],[114.3198,36.10479],[114.32015,36.07511],[114.30904,36.06251],[114.32049,36.05385],[114.31406,36.04754],[114.30808,36.04686],[114.31462,36.05042],[114.30644,36.05683],[114.29206,36.05133],[114.26152,36.06545],[114.23902,36.04],[114.20322,36.0289],[114.19968,36.01193],[114.19637,36.0176],[114.17267,36.01659],[114.16966,36.05237],[114.14721,36.04634],[114.1277,36.06347],[114.13188,36.07728],[114.15692,36.08269],[114.16041,36.09546],[114.17975,36.09323],[114.19266,36.08066],[114.21547,36.09186],[114.22343,36.09947],[114.22009,36.12081],[114.22799,36.14097],[114.25074,36.14903],[114.25544,36.16531],[114.27262,36.16541],[114.28092,36.17418],[114.30277,36.16888],[114.30342,36.17685],[114.32866,36.17004]]]}},{"type":"Feature","id":"CTAMAP-2001-COUNTY-2352","properties":{"map_level":"county","source_name":"永城市","source_code":"411481","county_type":"县级市","prefecture_name":"商丘市","prefecture_code":"411400","prefecture_type":"地级市","parent_entity_id":"CNUR-000165","parent_year_end_name":"商丘市","province_name":"河南省","province_code":"410000","snapshot_year":2001,"panel_year":2000,"link_status":"parent_linked","former_name":"","note":""},"geometry":{"type":"Polygon","coordinates":[[[116.57966,34.27666],[116.56365,34.2534],[116.53877,34.24173],[116.54131,34.19631],[116.56064,34.17472],[116.54793,34.16912],[116.52974,34.14286],[116.52702,34.12247],[116.53592,34.0983],[116.54982,34.09804],[116.59132,34.04027],[116.60134,34.0021],[116.64482,33.97494],[116.63684,33.94554],[116.63482,33.90848],[116.64409,33.89982],[116.6376,33.88506],[116.57583,33.90182],[116.57025,33.91425],[116.55721,33.90954],[116.55312,33.88202],[116.53412,33.87579],[116.5194,33.88195],[116.51043,33.86791],[116.47906,33.87092],[116.454,33.86169],[116.45237,33.85085],[116.43432,33.84829],[116.42721,33.79644],[116.40102,33.80717],[116.38879,33.78535],[116.34572,33.77737],[116.33261,33.78392],[116.29831,33.75326],[116.26723,33.74988],[116.25561,33.7267],[116.23734,33.73333],[116.23187,33.74553],[116.2161,33.73815],[116.22307,33.73014],[116.21708,33.72276],[116.20131,33.7202],[116.19766,33.72877],[116.17528,33.70759],[116.15054,33.70958],[116.12716,33.75016],[116.09832,33.76478],[116.09416,33.78377],[116.06516,33.78399],[116.05305,33.82209],[116.03861,33.82243],[116.04183,33.83246],[116.05743,33.82562],[116.05996,33.84829],[116.04087,33.87486],[116.00978,33.88852],[116.00464,33.90119],[115.97997,33.90279],[115.97454,33.91523],[115.9769,33.93104],[115.98712,33.93632],[115.99915,33.96072],[115.97482,33.99351],[115.97564,34.02433],[115.98968,34.02841],[116.00975,34.02087],[116.01509,34.03131],[116.01791,34.02471],[116.04457,34.02924],[116.05161,34.00357],[116.06834,34.00024],[116.07826,34.00748],[116.07474,34.0235],[116.08103,34.02938],[116.10053,34.02002],[116.11432,34.02214],[116.11115,34.03223],[116.13334,34.06978],[116.16052,34.05448],[116.18009,34.07268],[116.19278,34.07006],[116.19089,34.09093],[116.20561,34.08326],[116.22394,34.0883],[116.23866,34.08333],[116.24555,34.11337],[116.27765,34.1268],[116.28663,34.14071],[116.31343,34.13203],[116.3229,34.15306],[116.37532,34.1464],[116.39888,34.16514],[116.43803,34.16833],[116.43037,34.18386],[116.44576,34.18117],[116.46341,34.19363],[116.46267,34.24152],[116.45106,34.2723],[116.47536,34.27275],[116.49075,34.29406],[116.54686,34.29345],[116.56122,34.28046],[116.57966,34.27666]]]}},{"type":"Feature","id":"CTAMAP-2001-COUNTY-2405","properties":{"map_level":"county","source_name":"虞城县","source_code":"411425","county_type":"县","prefecture_name":"商丘市","prefecture_code":"411400","prefecture_type":"地级市","parent_entity_id":"CNUR-000165","parent_year_end_name":"商丘市","province_name":"河南省","province_code":"410000","snapshot_year":2001,"panel_year":2000,"link_status":"parent_linked","former_name":"","note":""},"geometry":{"type":"Polygon","coordinates":[[[116.19359,34.57158],[116.18704,34.53012],[116.20335,34.51326],[116.17511,34.49343],[116.15298,34.45102],[116.1754,34.44381],[116.17889,34.4208],[116.14146,34.40815],[116.13331,34.41091],[116.13308,34.42357],[116.11251,34.42255],[116.08724,34.4092],[116.07783,34.41778],[115.99714,34.41146],[115.98551,34.39755],[115.99208,34.36903],[115.97602,34.34675],[115.98031,34.3319],[115.96925,34.32754],[115.97211,34.31603],[115.99668,34.30017],[115.95935,34.26606],[115.95514,34.23717],[115.96244,34.22229],[115.94863,34.20307],[115.88936,34.18948],[115.87391,34.15209],[115.87648,34.13686],[115.89854,34.13477],[115.91205,34.12478],[115.91139,34.10157],[115.92465,34.10581],[115.93898,34.08929],[115.92732,34.07187],[115.9489,34.06325],[115.92768,34.05242],[115.93597,34.01963],[115.92007,34.02177],[115.92277,34.01229],[115.9009,34.00264],[115.88756,34.01789],[115.89586,34.02237],[115.89319,34.02925],[115.87446,34.03047],[115.87157,34.00459],[115.84619,34.00613],[115.84523,34.03075],[115.83188,34.03263],[115.80944,34.05329],[115.81226,34.06325],[115.7773,34.07197],[115.76384,34.09806],[115.7658,34.13256],[115.74118,34.13972],[115.73613,34.15364],[115.72389,34.15198],[115.73638,34.17375],[115.72406,34.17882],[115.68656,34.22517],[115.70236,34.28184],[115.69517,34.3034],[115.67306,34.31466],[115.70197,34.34824],[115.6987,34.35702],[115.72079,34.35644],[115.752,34.33623],[115.76838,34.33651],[115.78452,34.31876],[115.80249,34.32487],[115.79144,34.33993],[115.80026,34.36061],[115.78334,34.39258],[115.78828,34.41451],[115.76802,34.42823],[115.75938,34.44569],[115.75772,34.47905],[115.72658,34.46799],[115.71771,34.48379],[115.71679,34.51353],[115.73758,34.53351],[115.74514,34.52413],[115.73233,34.51584],[115.75221,34.51498],[115.75588,34.53205],[115.74316,34.53741],[115.74084,34.5478],[115.76312,34.56562],[115.78575,34.5643],[115.79585,34.57599],[115.82323,34.55925],[115.96963,34.58216],[115.99384,34.61626],[116.00026,34.60366],[116.00277,34.6137],[116.03924,34.59631],[116.10037,34.59801],[116.14332,34.55696],[116.19359,34.57158]]]}},{"type":"Feature","id":"CTAMAP-2001-COUNTY-2412","properties":{"map_level":"county","source_name":"禹州市","source_code":"411081","county_type":"县级市","prefecture_name":"许昌市","prefecture_code":"411000","prefecture_type":"地级市","parent_entity_id":"CNUR-000161","parent_year_end_name":"许昌市","province_name":"河南省","province_code":"410000","snapshot_year":2001,"panel_year":2000,"link_status":"parent_linked","former_name":"","note":""},"geometry":{"type":"Polygon","coordinates":[[[113.50514,34.34437],[113.52309,34.31954],[113.55068,34.31285],[113.57181,34.32283],[113.58513,34.32008],[113.61736,34.30775],[113.64227,34.28278],[113.61411,34.26875],[113.59415,34.26902],[113.58849,34.24783],[113.57065,34.24352],[113.58307,34.22472],[113.65306,34.19352],[113.64479,34.17422],[113.63095,34.17238],[113.63437,34.16806],[113.60791,34.13737],[113.60916,34.09973],[113.59868,34.07878],[113.6078,34.0653],[113.58447,34.04455],[113.59717,34.01865],[113.55772,34.01079],[113.54624,34.01486],[113.53798,34.03028],[113.53567,34.02066],[113.5208,34.01399],[113.48042,34.02182],[113.44612,34.00565],[113.42454,34.0128],[113.41142,33.9872],[113.40318,33.98844],[113.39163,34.002],[113.40746,34.01602],[113.38674,34.02614],[113.38624,34.04557],[113.37131,34.03874],[113.34853,34.04643],[113.33739,34.0384],[113.34059,34.02816],[113.32711,34.03074],[113.31186,34.05054],[113.3244,34.06833],[113.27837,34.08866],[113.24954,34.11464],[113.23524,34.11201],[113.23839,34.10277],[113.22419,34.0906],[113.20702,34.11059],[113.15642,34.09896],[113.11874,34.13468],[113.12014,34.14882],[113.09736,34.17742],[113.10379,34.1944],[113.09518,34.20707],[113.06137,34.21913],[113.06771,34.22921],[113.05833,34.23247],[113.07631,34.26766],[113.10473,34.26485],[113.13413,34.27435],[113.14694,34.26779],[113.16807,34.28159],[113.187,34.31171],[113.20448,34.31332],[113.22175,34.33816],[113.26294,34.33882],[113.27113,34.35301],[113.31013,34.35421],[113.30649,34.3732],[113.31465,34.38517],[113.30917,34.39425],[113.31943,34.40699],[113.34002,34.40684],[113.36521,34.39041],[113.36166,34.38149],[113.3691,34.37796],[113.40812,34.37575],[113.40781,34.35078],[113.42416,34.35158],[113.46368,34.33357],[113.4794,34.34477],[113.50514,34.34437]]]}},{"type":"Feature","id":"CTAMAP-2001-COUNTY-2434","properties":{"map_level":"county","source_name":"原阳县","source_code":"410725","county_type":"县","prefecture_name":"新乡市","prefecture_code":"410700","prefecture_type":"地级市","parent_entity_id":"CNUR-000158","parent_year_end_name":"新乡市","province_name":"河南省","province_code":"410000","snapshot_year":2001,"panel_year":2000,"link_status":"parent_linked","former_name":"","note":""},"geometry":{"type":"Polygon","coordinates":[[[113.99173,35.18471],[114.00583,35.17426],[114.00158,35.16998],[113.99887,35.1604],[114.01041,35.15765],[114.0382,35.17257],[114.06677,35.15583],[114.08308,35.16521],[114.0867,35.1513],[114.10728,35.14959],[114.12459,35.13147],[114.17354,35.11433],[114.22453,35.11753],[114.25317,35.10569],[114.25561,35.08783],[114.26996,35.08627],[114.23939,35.03586],[114.24523,34.99586],[114.23669,34.95441],[114.24873,34.91639],[114.2425,34.89773],[114.20577,34.91442],[114.18932,34.94047],[114.17631,34.9473],[114.15732,34.94405],[114.13283,34.95952],[114.07286,34.93754],[114.027,34.96591],[114.01343,34.966],[114.00304,34.94191],[113.9393,34.88862],[113.88818,34.87998],[113.72513,34.9013],[113.68642,34.91813],[113.5945,34.93425],[113.57998,34.94579],[113.60713,34.993],[113.63649,35.00048],[113.62558,35.01635],[113.65433,35.03755],[113.64544,35.05512],[113.66312,35.06612],[113.65984,35.07559],[113.67263,35.07634],[113.66638,35.07012],[113.67128,35.06173],[113.6802,35.07333],[113.68375,35.06446],[113.67768,35.06104],[113.68737,35.04964],[113.69541,35.05102],[113.68998,35.05752],[113.70313,35.06765],[113.70737,35.05129],[113.72531,35.05966],[113.71904,35.08356],[113.75956,35.09708],[113.78044,35.09573],[113.77519,35.09106],[113.78347,35.06536],[113.80272,35.07598],[113.80639,35.08897],[113.82509,35.08936],[113.83969,35.07838],[113.84225,35.08716],[113.82897,35.0935],[113.85211,35.09573],[113.85794,35.11608],[113.86807,35.11303],[113.88733,35.12291],[113.8752,35.12376],[113.87497,35.13099],[113.89777,35.13706],[113.91383,35.16969],[113.93478,35.17288],[113.95971,35.16445],[113.95069,35.18624],[113.97342,35.1747],[113.99173,35.18471]]]}},{"type":"Feature","id":"CTAMAP-2001-COUNTY-2484","properties":{"map_level":"county","source_name":"湛河区","source_code":"410411","county_type":"市辖区","prefecture_name":"平顶山市","prefecture_code":"410400","prefecture_type":"地级市","parent_entity_id":"CNUR-000155","parent_year_end_name":"平顶山市","province_name":"河南省","province_code":"410000","snapshot_year":2001,"panel_year":2000,"link_status":"parent_linked","former_name":"","note":""},"geometry":{"type":"Polygon","coordinates":[[[113.25911,33.73642],[113.3481,33.72882],[113.35602,33.70583],[113.34391,33.68944],[113.32934,33.68127],[113.32006,33.68467],[113.31574,33.66617],[113.30279,33.66685],[113.29184,33.65328],[113.25993,33.6677],[113.23218,33.65484],[113.22467,33.66101],[113.2327,33.66748],[113.21307,33.67606],[113.15035,33.67743],[113.14828,33.6947],[113.13323,33.70297],[113.13083,33.71501],[113.23977,33.70689],[113.24653,33.73378],[113.24095,33.7366],[113.23772,33.72513],[113.23187,33.7263],[113.2326,33.74665],[113.22085,33.75478],[113.24574,33.75053],[113.25911,33.73642]]]}},{"type":"Feature","id":"CTAMAP-2001-COUNTY-2500","properties":{"map_level":"county","source_name":"长葛市","source_code":"411082","county_type":"县级市","prefecture_name":"许昌市","prefecture_code":"411000","prefecture_type":"地级市","parent_entity_id":"CNUR-000161","parent_year_end_name":"许昌市","province_name":"河南省","province_code":"410000","snapshot_year":2001,"panel_year":2000,"link_status":"parent_linked","former_name":"","note":""},"geometry":{"type":"Polygon","coordinates":[[[113.88281,34.33166],[113.89656,34.29445],[113.90731,34.30202],[113.92096,34.29946],[113.92844,34.30842],[113.93158,34.30124],[113.95428,34.29553],[113.97134,34.27627],[113.98643,34.27579],[113.98325,34.26519],[114.01097,34.2437],[114.04046,34.23906],[114.04611,34.24815],[114.08367,34.24946],[114.09837,34.23207],[114.10376,34.20564],[114.1252,34.19987],[114.1348,34.17656],[114.12139,34.16089],[114.081,34.16596],[114.08009,34.15083],[114.00617,34.17034],[113.99447,34.18156],[113.91938,34.15658],[113.91338,34.17136],[113.92516,34.17964],[113.91041,34.18673],[113.90443,34.17641],[113.8781,34.17797],[113.87353,34.16326],[113.85016,34.17768],[113.80084,34.16703],[113.78793,34.15759],[113.7417,34.16744],[113.6693,34.14647],[113.65772,34.14894],[113.63976,34.17459],[113.65288,34.19383],[113.58307,34.22472],[113.57065,34.24352],[113.58809,34.24745],[113.59193,34.26675],[113.60682,34.27334],[113.61402,34.26872],[113.64227,34.28278],[113.65567,34.27601],[113.67411,34.28525],[113.69549,34.27689],[113.69963,34.285],[113.69225,34.29115],[113.70905,34.29371],[113.71251,34.3063],[113.72968,34.31883],[113.77105,34.31592],[113.79816,34.33967],[113.84224,34.32362],[113.88281,34.33166]]]}},{"type":"Feature","id":"CTAMAP-2001-COUNTY-2515","properties":{"map_level":"county","source_name":"长垣县","source_code":"410728","county_type":"县","prefecture_name":"新乡市","prefecture_code":"410700","prefecture_type":"地级市","parent_entity_id":"CNUR-000158","parent_year_end_name":"新乡市","province_name":"河南省","province_code":"410000","snapshot_year":2001,"panel_year":2000,"link_status":"parent_linked","former_name":"","note":""},"geometry":{"type":"Polygon","coordinates":[[[114.94501,35.3803],[114.94143,35.37128],[114.9559,35.36625],[114.97863,35.34155],[115.01568,35.33206],[115.01903,35.32186],[115.0077,35.32942],[114.94491,35.25608],[114.92492,35.24867],[114.9256,35.19605],[114.8778,35.19193],[114.84393,35.17158],[114.84165,35.15588],[114.87714,35.11728],[114.87863,35.10105],[114.86848,35.08683],[114.81433,35.07536],[114.81469,35.05067],[114.84662,35.04236],[114.84865,35.03262],[114.77658,34.99171],[114.75069,35.00053],[114.74392,35.00687],[114.74848,35.01154],[114.72752,35.01395],[114.69873,35.03662],[114.69796,35.04816],[114.66165,35.06732],[114.65406,35.08898],[114.63706,35.10181],[114.64098,35.11403],[114.63287,35.12635],[114.61081,35.13641],[114.57075,35.13998],[114.55687,35.16381],[114.53085,35.17831],[114.48571,35.17391],[114.48202,35.2078],[114.49363,35.22702],[114.51567,35.23484],[114.52627,35.23023],[114.55471,35.26962],[114.58231,35.27735],[114.60193,35.29292],[114.63049,35.29959],[114.65892,35.28958],[114.67618,35.29174],[114.67851,35.3017],[114.69424,35.30477],[114.69476,35.34199],[114.73621,35.34689],[114.75219,35.33726],[114.79586,35.3449],[114.8525,35.38924],[114.88483,35.39198],[114.94501,35.3803]]]}},{"type":"Feature","id":"CTAMAP-2001-COUNTY-2528","properties":{"map_level":"county","source_name":"柘城县","source_code":"411424","county_type":"县","prefecture_name":"商丘市","prefecture_code":"411400","prefecture_type":"地级市","parent_entity_id":"CNUR-000165","parent_year_end_name":"商丘市","province_name":"河南省","province_code":"410000","snapshot_year":2001,"panel_year":2000,"link_status":"parent_linked","former_name":"","note":""},"geometry":{"type":"Polygon","coordinates":[[[115.32952,34.26288],[115.33614,34.2404],[115.35167,34.24066],[115.35526,34.23129],[115.39335,34.23454],[115.40482,34.21726],[115.42244,34.22619],[115.46028,34.20822],[115.46492,34.19113],[115.47813,34.18766],[115.4662,34.16821],[115.47452,34.16538],[115.48001,34.14754],[115.49065,34.14772],[115.49547,34.16097],[115.51748,34.1627],[115.5208,34.13689],[115.53756,34.11078],[115.5365,34.08011],[115.54504,34.07072],[115.53363,34.02232],[115.52181,34.01526],[115.48256,34.01863],[115.46353,34.00746],[115.45064,33.98732],[115.43378,33.98701],[115.39146,33.99641],[115.3513,34.01822],[115.29179,33.99707],[115.28416,33.99868],[115.28924,34.02361],[115.24597,34.02009],[115.25257,33.98394],[115.22627,33.98711],[115.22667,33.97708],[115.18855,33.99428],[115.20274,33.96927],[115.16528,33.94951],[115.13989,33.94906],[115.13097,33.96307],[115.11274,33.96469],[115.09992,33.94877],[115.10143,33.93463],[115.04177,33.94162],[115.05659,33.98123],[115.07832,34.00457],[115.07983,34.01264],[115.0673,34.01294],[115.06575,34.02323],[115.10695,34.02217],[115.13379,34.05266],[115.11365,34.0733],[115.11135,34.09941],[115.1203,34.1052],[115.11147,34.12638],[115.12596,34.15284],[115.12773,34.18005],[115.11451,34.18245],[115.11045,34.1918],[115.11227,34.20316],[115.13868,34.21618],[115.14171,34.22876],[115.15549,34.22429],[115.15384,34.25145],[115.182,34.2476],[115.20624,34.25986],[115.26904,34.25215],[115.29701,34.27555],[115.32952,34.26288]]]}},{"type":"Feature","id":"CTAMAP-2001-COUNTY-2539","properties":{"map_level":"county","source_name":"镇平县","source_code":"411324","county_type":"县","prefecture_name":"南阳市","prefecture_code":"411300","prefecture_type":"地级市","parent_entity_id":"CNUR-000164","parent_year_end_name":"南阳市","province_name":"河南省","province_code":"410000","snapshot_year":2001,"panel_year":2000,"link_status":"parent_linked","former_name":"","note":""},"geometry":{"type":"Polygon","coordinates":[[[112.31294,33.20955],[112.31409,33.1886],[112.35094,33.17577],[112.33331,33.1455],[112.33212,33.12241],[112.34406,33.11189],[112.34378,33.09425],[112.37364,33.08325],[112.41755,33.04238],[112.40811,33.03337],[112.40896,33.02169],[112.39719,33.01783],[112.39998,33.00297],[112.41553,33.00191],[112.40784,32.9893],[112.41095,32.95996],[112.39976,32.95149],[112.39476,32.93091],[112.38274,32.93253],[112.38155,32.91253],[112.36556,32.91802],[112.35697,32.90479],[112.34088,32.92386],[112.3291,32.92228],[112.30787,32.90992],[112.30659,32.87532],[112.27812,32.87152],[112.26594,32.87832],[112.24036,32.87093],[112.23669,32.86048],[112.20257,32.85745],[112.20255,32.84936],[112.17095,32.85806],[112.153,32.8486],[112.13857,32.87183],[112.10891,32.86573],[112.0908,32.88747],[112.05154,32.88516],[112.02531,32.86818],[112.03614,32.8917],[112.02537,32.89596],[112.0213,32.91504],[112.00641,32.91415],[111.99936,32.90532],[111.97635,32.91587],[111.98871,32.93565],[111.98624,32.95313],[111.97284,32.96674],[112.00562,33.01082],[111.99175,33.02064],[111.98888,33.05258],[111.96442,33.0657],[111.96879,33.07706],[111.98421,33.07491],[111.98522,33.08149],[111.97413,33.08396],[111.98171,33.11614],[111.99478,33.12771],[111.99262,33.15595],[112.00508,33.16999],[112.01094,33.1988],[112.03807,33.20217],[112.07148,33.24428],[112.05866,33.27299],[112.10082,33.27975],[112.11701,33.29847],[112.13762,33.29745],[112.15498,33.3231],[112.18512,33.3186],[112.2041,33.3395],[112.21158,33.32854],[112.23425,33.33102],[112.24042,33.32496],[112.24115,33.26045],[112.25187,33.24886],[112.24662,33.24227],[112.27454,33.23225],[112.27981,33.20389],[112.29399,33.21438],[112.31294,33.20955]]]}},{"type":"Feature","id":"CTAMAP-2001-COUNTY-2548","properties":{"map_level":"county","source_name":"正阳县","source_code":"411724","county_type":"县","prefecture_name":"驻马店市","prefecture_code":"411700","prefecture_type":"地级市","parent_entity_id":"CNUR-000168","parent_year_end_name":"驻马店市","province_name":"河南省","province_code":"410000","snapshot_year":2001,"panel_year":2000,"link_status":"parent_linked","former_name":"","note":""},"geometry":{"type":"Polygon","coordinates":[[[114.57531,32.79759],[114.57503,32.79011],[114.58425,32.78686],[114.56704,32.78374],[114.57014,32.77656],[114.5799,32.77251],[114.59585,32.77953],[114.59713,32.75985],[114.62025,32.76103],[114.61046,32.74517],[114.62511,32.74691],[114.63544,32.73735],[114.62808,32.71935],[114.64258,32.69432],[114.65583,32.69418],[114.67596,32.67895],[114.68969,32.6874],[114.69447,32.68079],[114.68446,32.67731],[114.68811,32.67213],[114.71012,32.68605],[114.7079,32.6938],[114.72548,32.68611],[114.71,32.66033],[114.72666,32.67038],[114.72018,32.65604],[114.75193,32.65165],[114.7588,32.64402],[114.78527,32.65207],[114.78978,32.64705],[114.78001,32.64364],[114.78291,32.639],[114.81492,32.64256],[114.8209,32.65578],[114.82916,32.64363],[114.84167,32.6516],[114.83328,32.65659],[114.84153,32.67614],[114.85167,32.67995],[114.88093,32.6699],[114.88242,32.66044],[114.89752,32.65057],[114.89882,32.63717],[114.88503,32.61752],[114.81416,32.62605],[114.80896,32.60743],[114.78415,32.6132],[114.78418,32.58596],[114.79987,32.58499],[114.80806,32.56039],[114.77244,32.5406],[114.78838,32.52306],[114.78717,32.51208],[114.76297,32.50972],[114.75311,32.51774],[114.75389,32.52851],[114.73696,32.51885],[114.72177,32.52115],[114.71544,32.55091],[114.69689,32.54515],[114.69938,32.52052],[114.66299,32.5152],[114.66017,32.52928],[114.65328,32.53036],[114.61237,32.51447],[114.57902,32.51689],[114.56458,32.50632],[114.5711,32.48903],[114.56359,32.47345],[114.58063,32.4569],[114.56242,32.43555],[114.5689,32.42543],[114.59029,32.42338],[114.59406,32.41252],[114.63125,32.39808],[114.64011,32.38137],[114.61638,32.37161],[114.6154,32.35392],[114.6016,32.35026],[114.60423,32.33819],[114.56855,32.32165],[114.57445,32.31079],[114.54581,32.29041],[114.53113,32.28696],[114.51995,32.30075],[114.49517,32.30183],[114.4868,32.28515],[114.46605,32.29601],[114.44508,32.28178],[114.42841,32.29084],[114.41541,32.27996],[114.39445,32.29341],[114.36917,32.29451],[114.36188,32.31606],[114.34379,32.32701],[114.33653,32.36787],[114.28407,32.37201],[114.27745,32.41558],[114.25779,32.41169],[114.24241,32.43336],[114.24269,32.46066],[114.22094,32.45601],[114.21358,32.4447],[114.193,32.45366],[114.18707,32.49969],[114.2037,32.50709],[114.20256,32.51879],[114.23482,32.52841],[114.22588,32.54716],[114.23119,32.56833],[114.21732,32.59334],[114.23674,32.60604],[114.21988,32.60781],[114.21563,32.6344],[114.22422,32.63572],[114.22518,32.64717],[114.25,32.63398],[114.31971,32.65101],[114.37167,32.69816],[114.38503,32.72038],[114.4153,32.73128],[114.42621,32.75802],[114.44837,32.77458],[114.49105,32.77415],[114.53528,32.79804],[114.57531,32.79759]]]}},{"type":"Feature","id":"CTAMAP-2001-COUNTY-2558","properties":{"map_level":"county","source_name":"中牟县","source_code":"410122","county_type":"县","prefecture_name":"郑州市","prefecture_code":"410100","prefecture_type":"地级市","parent_entity_id":"CNUR-000152","parent_year_end_name":"郑州市","province_name":"河南省","province_code":"410000","snapshot_year":2001,"panel_year":2000,"link_status":"parent_linked","former_name":"","note":""},"geometry":{"type":"Polygon","coordinates":[[[114.20675,34.9137],[114.20397,34.86599],[114.18879,34.81978],[114.16422,34.82103],[114.15483,34.82885],[114.12037,34.82106],[114.11655,34.82598],[114.11114,34.81908],[114.114,34.80315],[114.1317,34.80136],[114.14705,34.78313],[114.16497,34.77713],[114.16728,34.76451],[114.14599,34.75542],[114.13422,34.72567],[114.1429,34.70889],[114.15061,34.71896],[114.1648,34.711],[114.15159,34.69111],[114.1544,34.66311],[114.13973,34.65634],[114.15189,34.64107],[114.14914,34.60695],[114.13968,34.60544],[114.14005,34.61573],[114.13283,34.61848],[114.12109,34.61618],[114.11996,34.60905],[114.13134,34.60686],[114.12247,34.59509],[114.12615,34.58014],[114.11321,34.56641],[114.10222,34.56615],[114.09667,34.54641],[114.10197,34.52909],[114.08362,34.51445],[114.09287,34.48808],[114.08889,34.47595],[114.06635,34.48068],[114.06517,34.48973],[114.04294,34.50504],[114.02742,34.50554],[114.00894,34.48428],[113.99168,34.48422],[113.9923,34.46521],[114.01201,34.46766],[114.01518,34.45817],[114.01443,34.4487],[113.9986,34.43696],[113.94373,34.43566],[113.9437,34.45189],[113.93446,34.45661],[113.92741,34.4561],[113.9219,34.4383],[113.90949,34.44075],[113.90729,34.45379],[113.87909,34.46646],[113.87464,34.48086],[113.88148,34.4862],[113.88643,34.52635],[113.86274,34.53593],[113.8517,34.52841],[113.84323,34.55066],[113.84534,34.56807],[113.85597,34.56873],[113.85919,34.57912],[113.84195,34.58804],[113.83665,34.60528],[113.78406,34.62443],[113.78713,34.65115],[113.80134,34.66352],[113.80369,34.65147],[113.81107,34.65065],[113.81355,34.68114],[113.85344,34.73026],[113.83416,34.74825],[113.84366,34.77448],[113.83667,34.77777],[113.84134,34.79344],[113.83052,34.80997],[113.8453,34.82542],[113.83015,34.83326],[113.85161,34.86578],[113.85088,34.88316],[113.93472,34.8859],[114.00304,34.94191],[114.0102,34.96358],[114.01857,34.96701],[114.07286,34.93754],[114.13645,34.95886],[114.15732,34.94405],[114.17631,34.9473],[114.19194,34.93898],[114.20675,34.9137]]]}},{"type":"Feature","id":"CTAMAP-2001-COUNTY-2562","properties":{"map_level":"county","source_name":"中原区","source_code":"410102","county_type":"市辖区","prefecture_name":"郑州市","prefecture_code":"410100","prefecture_type":"地级市","parent_entity_id":"CNUR-000152","parent_year_end_name":"郑州市","province_name":"河南省","province_code":"410000","snapshot_year":2001,"panel_year":2000,"link_status":"parent_linked","former_name":"","note":""},"geometry":{"type":"Polygon","coordinates":[[[113.61804,34.7939],[113.62753,34.76726],[113.61521,34.71353],[113.59311,34.70683],[113.55963,34.72015],[113.54223,34.69947],[113.52758,34.71889],[113.46609,34.72393],[113.46688,34.73237],[113.48462,34.73829],[113.47286,34.75544],[113.45802,34.75898],[113.46098,34.77358],[113.48228,34.76884],[113.48898,34.77714],[113.48144,34.78278],[113.48202,34.79957],[113.452,34.79641],[113.44898,34.8206],[113.45451,34.83697],[113.49786,34.8405],[113.50602,34.85615],[113.55678,34.85311],[113.56716,34.86044],[113.58471,34.85053],[113.59633,34.82952],[113.59442,34.80532],[113.61804,34.7939]]]}},{"type":"Feature","id":"CTAMAP-2001-COUNTY-2563","properties":{"map_level":"county","source_name":"中站区","source_code":"410803","county_type":"市辖区","prefecture_name":"焦作市","prefecture_code":"410800","prefecture_type":"地级市","parent_entity_id":"CNUR-000159","parent_year_end_name":"焦作市","province_name":"河南省","province_code":"410000","snapshot_year":2001,"panel_year":2000,"link_status":"parent_linked","former_name":"","note":""},"geometry":{"type":"Polygon","coordinates":[[[113.21037,35.32153],[113.17812,35.29494],[113.17742,35.2814],[113.16278,35.27212],[113.16854,35.25378],[113.18036,35.25045],[113.18483,35.22916],[113.17234,35.21289],[113.18726,35.21941],[113.1821,35.21135],[113.20386,35.20394],[113.20112,35.18235],[113.18475,35.17825],[113.16405,35.19463],[113.15558,35.19415],[113.15708,35.18433],[113.12846,35.19035],[113.10663,35.21568],[113.10794,35.23378],[113.0861,35.25608],[113.13168,35.33284],[113.13015,35.34766],[113.1832,35.35473],[113.21037,35.32153]]]}},{"type":"Feature","id":"CTAMAP-2001-COUNTY-2616","properties":{"map_level":"county","source_name":"鼓楼区","source_code":"410204","county_type":"市辖区","prefecture_name":"开封市","prefecture_code":"410200","prefecture_type":"地级市","parent_entity_id":"CNUR-000153","parent_year_end_name":"开封市","province_name":"河南省","province_code":"410000","snapshot_year":2001,"panel_year":2000,"link_status":"parent_linked","former_name":"","note":""},"geometry":{"type":"MultiPolygon","coordinates":[[[[114.27917,34.77931],[114.31431,34.77231],[114.31458,34.7643],[114.33073,34.76376],[114.31583,34.72471],[114.31582,34.73314],[114.30016,34.7327],[114.29466,34.74359],[114.28019,34.73808],[114.26126,34.74614],[114.27473,34.76069],[114.27071,34.77543],[114.27917,34.77931]]],[[[114.29646,34.84702],[114.30937,34.84139],[114.3081,34.82541],[114.3177,34.8293],[114.31624,34.80249],[114.36301,34.79384],[114.35833,34.78119],[114.30478,34.78794],[114.30595,34.80583],[114.283,34.81634],[114.2884,34.82519],[114.28021,34.83291],[114.29646,34.84702]]]]}},{"type":"Feature","id":"CTAMAP-2001-COUNTY-2648","properties":{"map_level":"county","source_name":"新华区","source_code":"410402","county_type":"市辖区","prefecture_name":"平顶山市","prefecture_code":"410400","prefecture_type":"地级市","parent_entity_id":"CNUR-000155","parent_year_end_name":"平顶山市","province_name":"河南省","province_code":"410000","snapshot_year":2001,"panel_year":2000,"link_status":"parent_linked","former_name":"","note":""},"geometry":{"type":"Polygon","coordinates":[[[113.28165,33.78785],[113.28452,33.76098],[113.30734,33.75293],[113.30194,33.73043],[113.25911,33.73642],[113.24574,33.75053],[113.22001,33.75464],[113.2326,33.74665],[113.23187,33.7263],[113.23772,33.72513],[113.24095,33.7366],[113.24653,33.73378],[113.23977,33.70689],[113.22488,33.7038],[113.17089,33.71573],[113.13164,33.71479],[113.12348,33.72773],[113.1067,33.72574],[113.07901,33.74045],[113.06525,33.79802],[113.0774,33.8145],[113.09643,33.81732],[113.10088,33.83685],[113.1249,33.81292],[113.17187,33.81611],[113.17727,33.8239],[113.19874,33.81273],[113.22988,33.80972],[113.25732,33.78864],[113.28165,33.78785]]]}},{"type":"Feature","id":"CTAMAP-2001-COUNTY-2780","properties":{"map_level":"county","source_name":"顺河回族区","source_code":"410203","county_type":"市辖区","prefecture_name":"开封市","prefecture_code":"410200","prefecture_type":"地级市","parent_entity_id":"CNUR-000153","parent_year_end_name":"开封市","province_name":"河南省","province_code":"410000","snapshot_year":2001,"panel_year":2000,"link_status":"parent_linked","former_name":"","note":""},"geometry":{"type":"Polygon","coordinates":[[[114.39358,34.80736],[114.38476,34.80249],[114.39718,34.7964],[114.39946,34.77748],[114.35833,34.78119],[114.36301,34.79384],[114.34975,34.79475],[114.35866,34.81802],[114.37559,34.81314],[114.37769,34.80373],[114.39358,34.80736]]]}},{"type":"Feature","id":"CTAMAP-2001-COUNTY-2781","properties":{"map_level":"county","source_name":"南关区","source_code":"410205","county_type":"市辖区","prefecture_name":"开封市","prefecture_code":"410200","prefecture_type":"地级市","parent_entity_id":"CNUR-000153","parent_year_end_name":"开封市","province_name":"河南省","province_code":"410000","snapshot_year":2001,"panel_year":2000,"link_status":"parent_linked","former_name":"","note":""},"geometry":{"type":"Polygon","coordinates":[[[114.31497,34.78679],[114.39547,34.77904],[114.39575,34.77633],[114.36711,34.7769],[114.37093,34.76313],[114.31458,34.7643],[114.31497,34.78679]]]}},{"type":"Feature","id":"CTAMAP-2001-COUNTY-2790","properties":{"map_level":"county","source_name":"龙亭区","source_code":"410202","county_type":"市辖区","prefecture_name":"开封市","prefecture_code":"410200","prefecture_type":"地级市","parent_entity_id":"CNUR-000153","parent_year_end_name":"开封市","province_name":"河南省","province_code":"410000","snapshot_year":2001,"panel_year":2000,"link_status":"parent_linked","former_name":"","note":""},"geometry":{"type":"Polygon","coordinates":[[[114.31793,34.82406],[114.33095,34.81279],[114.33574,34.82025],[114.35541,34.82011],[114.35474,34.79727],[114.31624,34.80249],[114.31793,34.82406]]]}},{"type":"Feature","id":"CTAMAP-2001-COUNTY-2796","properties":{"map_level":"county","source_name":"源汇区","source_code":"411102","county_type":"市辖区","prefecture_name":"漯河市","prefecture_code":"411100","prefecture_type":"地级市","parent_entity_id":"CNUR-000162","parent_year_end_name":"漯河市","province_name":"河南省","province_code":"410000","snapshot_year":2001,"panel_year":2000,"link_status":"parent_linked","former_name":"","note":""},"geometry":{"type":"Polygon","coordinates":[[[114.05579,33.60779],[114.06275,33.59936],[114.07098,33.60443],[114.07784,33.58905],[114.09854,33.58421],[114.09656,33.57059],[114.11435,33.57256],[114.11598,33.53982],[114.09685,33.50615],[114.05558,33.52077],[114.04147,33.53403],[114.01011,33.52508],[114.00368,33.54048],[113.99112,33.54169],[113.98798,33.5548],[113.96323,33.55161],[113.98149,33.56255],[113.97018,33.57741],[113.9773,33.58672],[114.01005,33.57896],[114.00837,33.59775],[114.0187,33.59397],[114.05579,33.60779]]]}},{"type":"Feature","id":"CTAMAP-2001-COUNTY-2797","properties":{"map_level":"county","source_name":"郾城县","source_code":"411123","county_type":"县","prefecture_name":"漯河市","prefecture_code":"411100","prefecture_type":"地级市","parent_entity_id":"CNUR-000162","parent_year_end_name":"漯河市","province_name":"河南省","province_code":"410000","snapshot_year":2001,"panel_year":2000,"link_status":"parent_linked","former_name":"","note":""},"geometry":{"type":"Polygon","coordinates":[[[113.8525,33.73763],[113.87021,33.73797],[113.88811,33.74975],[113.91501,33.73797],[113.9154,33.72885],[113.93621,33.71771],[113.9692,33.7186],[114.02346,33.73593],[114.0379,33.72315],[114.08388,33.72066],[114.09353,33.68926],[114.11119,33.68246],[114.11297,33.65394],[114.14658,33.65284],[114.15135,33.66864],[114.16801,33.66613],[114.18941,33.69119],[114.24394,33.7068],[114.24231,33.69171],[114.26378,33.67995],[114.25124,33.67261],[114.25816,33.65914],[114.25546,33.63739],[114.27305,33.62223],[114.27271,33.60378],[114.25763,33.59912],[114.25692,33.58939],[114.27474,33.56052],[114.28973,33.55829],[114.28531,33.52531],[114.27491,33.5169],[114.27906,33.47475],[114.23979,33.45263],[114.19084,33.45321],[114.18836,33.43383],[114.16726,33.44027],[114.16187,33.4439],[114.18068,33.44721],[114.18027,33.46189],[114.14141,33.46306],[114.14302,33.47062],[114.12343,33.47639],[114.12498,33.49638],[114.09729,33.49336],[114.09685,33.50615],[114.11671,33.54311],[114.11435,33.57256],[114.09606,33.57094],[114.09854,33.58421],[114.07081,33.59413],[114.07098,33.60443],[114.06598,33.59876],[114.05844,33.6076],[114.04269,33.60758],[114.0187,33.59397],[114.00837,33.59775],[114.01005,33.57896],[113.9773,33.58672],[113.97018,33.57741],[113.98149,33.56255],[113.96323,33.55161],[113.98798,33.5548],[113.99112,33.54169],[114.00368,33.54048],[114.01156,33.52901],[114.00071,33.50511],[113.99182,33.50463],[113.97892,33.48383],[113.96343,33.48351],[113.93893,33.46647],[113.92108,33.46863],[113.90547,33.48456],[113.85575,33.48011],[113.83847,33.46585],[113.81712,33.46214],[113.80647,33.44912],[113.78902,33.44862],[113.78489,33.4668],[113.77892,33.46706],[113.78776,33.49656],[113.79445,33.5047],[113.83217,33.50734],[113.85145,33.52014],[113.86296,33.54483],[113.85255,33.54405],[113.84945,33.55969],[113.8519,33.6129],[113.82612,33.61102],[113.81906,33.60032],[113.78915,33.62411],[113.79011,33.64724],[113.76314,33.6604],[113.75228,33.67945],[113.75161,33.7219],[113.75333,33.72968],[113.77776,33.73801],[113.80538,33.72825],[113.82894,33.7654],[113.84204,33.7584],[113.8525,33.73763]]]}},{"type":"Feature","id":"CTAMAP-2001-COUNTY-2818","properties":{"map_level":"county","source_name":"新华区","source_code":"410703","county_type":"市辖区","prefecture_name":"新乡市","prefecture_code":"410700","prefecture_type":"地级市","parent_entity_id":"CNUR-000158","parent_year_end_name":"新乡市","province_name":"河南省","province_code":"410000","snapshot_year":2001,"panel_year":2000,"link_status":"parent_linked","former_name":"","note":""},"geometry":{"type":"Polygon","coordinates":[[[113.88814,35.23609],[113.88258,35.25997],[113.84708,35.26863],[113.85331,35.27284],[113.85201,35.29023],[113.83378,35.287],[113.82806,35.29889],[113.81549,35.29351],[113.81423,35.30078],[113.8348,35.30325],[113.83261,35.31463],[113.84069,35.31773],[113.86726,35.31304],[113.86662,35.2788],[113.88423,35.27841],[113.88814,35.23609]]]}},{"type":"Feature","id":"CTAMAP-2001-COUNTY-2845","properties":{"map_level":"county","source_name":"铁西区","source_code":"410504","county_type":"市辖区","prefecture_name":"安阳市","prefecture_code":"410500","prefecture_type":"地级市","parent_entity_id":"CNUR-000156","parent_year_end_name":"安阳市","province_name":"河南省","province_code":"410000","snapshot_year":2001,"panel_year":2000,"link_status":"parent_linked","former_name":"","note":""},"geometry":{"type":"MultiPolygon","coordinates":[[[[114.27845,36.13319],[114.30008,36.12199],[114.33079,36.13296],[114.33323,36.09379],[114.31973,36.09404],[114.3198,36.10479],[114.29722,36.1051],[114.29717,36.0935],[114.29118,36.09356],[114.28525,36.11215],[114.26751,36.11423],[114.27845,36.13319]]],[[[114.16548,36.2134],[114.17348,36.2027],[114.20199,36.2013],[114.19473,36.18124],[114.20226,36.17146],[114.19491,36.15893],[114.20355,36.15412],[114.17482,36.13968],[114.18403,36.12699],[114.17127,36.12058],[114.1713,36.10391],[114.15818,36.11169],[114.12621,36.10607],[114.12432,36.09995],[114.10408,36.10512],[114.10456,36.11331],[114.09544,36.11537],[114.08362,36.13495],[114.09125,36.16734],[114.08545,36.19095],[114.09567,36.1859],[114.11854,36.19845],[114.14751,36.1893],[114.15293,36.19822],[114.14806,36.20765],[114.16548,36.2134]],[[114.12876,36.13518],[114.12023,36.13359],[114.13118,36.13143],[114.12876,36.13518]],[[114.10418,36.10594],[114.10419,36.10611],[114.10417,36.10594],[114.10418,36.10594]]],[[[114.06314,36.23455],[114.0666,36.23152],[114.06243,36.23217],[114.06314,36.23455]]]]}},{"type":"Feature","id":"CTAMAP-2001-COUNTY-2857","properties":{"map_level":"county","source_name":"驿城区","source_code":"411702","county_type":"市辖区","prefecture_name":"驻马店市","prefecture_code":"411700","prefecture_type":"地级市","parent_entity_id":"CNUR-000168","parent_year_end_name":"驻马店市","province_name":"河南省","province_code":"410000","snapshot_year":2001,"panel_year":2000,"link_status":"parent_linked","former_name":"","note":""},"geometry":{"type":"MultiPolygon","coordinates":[[[[114.03214,33.05051],[114.03454,33.03813],[114.05379,33.03083],[114.10832,33.04496],[114.11379,33.03704],[114.12902,33.03739],[114.13356,33.02764],[114.16526,33.03197],[114.16562,33.01415],[114.15906,33.01595],[114.14636,32.99801],[114.10092,32.99317],[114.0862,32.95592],[114.09214,32.93631],[114.10507,32.92654],[114.10306,32.91537],[114.07684,32.90992],[114.0774,32.91597],[114.0636,32.91784],[114.02582,32.91503],[114.03388,32.92308],[114.03009,32.92918],[114.0089,32.92642],[114.00734,32.91002],[113.98543,32.90685],[113.9877,32.89551],[113.96635,32.89299],[113.95793,32.89921],[113.93677,32.89141],[113.93704,32.93746],[113.89437,32.96585],[113.88804,32.99016],[113.91401,32.99166],[113.91906,33.0043],[113.94113,33.01014],[113.98392,33.01015],[113.99718,33.04293],[114.03214,33.05051]]],[[[113.62646,33.14752],[113.63222,33.13239],[113.64727,33.13677],[113.67433,33.12464],[113.68511,33.08017],[113.7035,33.05695],[113.72324,33.04636],[113.72599,33.02649],[113.73536,33.02564],[113.74163,33.0074],[113.75926,33.00231],[113.77229,33.013],[113.78056,33.01083],[113.78302,32.98575],[113.79901,32.9776],[113.78445,32.95994],[113.79832,32.95179],[113.82887,32.95604],[113.8431,32.94684],[113.85747,32.89265],[113.8417,32.86609],[113.83915,32.8438],[113.8424,32.84403],[113.84442,32.84331],[113.80147,32.84553],[113.78799,32.85202],[113.75694,32.84362],[113.73379,32.85114],[113.72988,32.86403],[113.70935,32.85312],[113.67465,32.86285],[113.66573,32.85049],[113.64953,32.85275],[113.64488,32.87751],[113.63057,32.88879],[113.58476,32.89938],[113.54699,32.89334],[113.54333,32.90151],[113.56543,32.93897],[113.56242,32.95486],[113.55458,32.95938],[113.53998,32.95167],[113.53541,32.95961],[113.52704,32.95138],[113.51039,32.95825],[113.51895,32.97484],[113.52278,32.96702],[113.546,32.96987],[113.53159,32.97081],[113.53527,32.98287],[113.52824,32.98762],[113.53546,32.99071],[113.5268,32.99586],[113.53852,33.00108],[113.51773,33.01221],[113.53895,33.01456],[113.54323,33.00623],[113.54469,33.01361],[113.5479,32.98791],[113.55268,32.99628],[113.5659,32.98674],[113.55594,33.01409],[113.58485,33.00082],[113.59869,33.02676],[113.59447,33.04947],[113.60552,33.05859],[113.60233,33.0839],[113.58781,33.08546],[113.5865,33.10194],[113.59655,33.10849],[113.61208,33.14752],[113.62646,33.14752]]]]}}]}