{"type":"FeatureCollection","features":[{"type":"Feature","id":"CTAMAP-2017-COUNTY-0021","properties":{"map_level":"county","source_name":"安多县","source_code":"540624","county_type":"县","prefecture_name":"那曲地区","prefecture_code":"542400","prefecture_type":"地区","parent_entity_id":"CNUR-000287","parent_year_end_name":"那曲地区","province_name":"西藏自治区","province_code":"540000","snapshot_year":2017,"panel_year":2016,"link_status":"parent_linked","former_name":"","note":""},"geometry":{"type":"Polygon","coordinates":[[[89.70932,36.09319],[89.68693,36.09145],[89.65708,36.06993],[89.64213,36.06971],[89.63631,36.04984],[89.60181,36.03902],[89.47298,36.02259],[89.43845,36.03198],[89.42937,36.04459],[89.41726,36.04674],[89.40099,36.01969],[89.43222,35.9929],[89.42458,35.98531],[89.43226,35.95249],[89.41975,35.9354],[89.42133,35.91916],[89.55001,35.8819],[89.55277,35.87317],[89.52724,35.87303],[89.548,35.85687],[89.5728,35.86261],[89.59646,35.85557],[89.60449,35.86211],[89.65509,35.84854],[89.70426,35.84915],[89.73175,35.85988],[89.74552,35.85473],[89.77591,35.86241],[89.80008,35.84852],[89.7799,35.83005],[89.77796,35.80693],[89.76542,35.80113],[89.77997,35.77586],[89.77764,35.76278],[89.74481,35.75731],[89.75019,35.73025],[89.7391,35.71453],[89.74922,35.71165],[89.7419,35.70149],[89.74784,35.69247],[89.74577,35.66224],[89.72262,35.6505],[89.76211,35.60234],[89.7625,35.58993],[89.74211,35.57967],[89.70931,35.58333],[89.69651,35.54384],[89.70779,35.51792],[89.70332,35.50861],[89.73892,35.50787],[89.76422,35.48395],[89.74139,35.48074],[89.73805,35.46963],[89.72504,35.46911],[89.72352,35.45496],[89.69618,35.43608],[89.69933,35.4281],[89.68554,35.41701],[89.65533,35.42688],[89.61997,35.41499],[89.58931,35.38567],[89.53257,35.36945],[89.50409,35.37247],[89.49648,35.35615],[89.50806,35.35056],[89.51386,35.33233],[89.49311,35.29593],[89.49748,35.28742],[89.52358,35.28782],[89.5308,35.28084],[89.45563,35.23883],[89.44677,35.22562],[89.47287,35.20916],[89.51149,35.13843],[89.53621,35.12347],[89.57911,35.11932],[89.58988,35.10911],[89.58354,35.0993],[89.59163,35.0884],[89.58918,35.06087],[89.57672,35.05437],[89.58612,35.0419],[89.58035,35.02151],[89.56451,35.01289],[89.57494,34.98911],[89.56504,34.96586],[89.56741,34.94985],[89.55884,34.93991],[89.56641,34.91876],[89.58278,34.91099],[89.5772,34.89591],[89.62134,34.8943],[89.62034,34.88313],[89.65257,34.88423],[89.69653,34.9071],[89.70436,34.92076],[89.74416,34.90424],[89.7849,34.92361],[89.81961,34.90484],[89.81394,34.89309],[89.82166,34.88057],[89.80888,34.87406],[89.83868,34.86514],[89.84856,34.82378],[89.86679,34.81775],[89.82405,34.79931],[89.82493,34.78336],[89.80442,34.7694],[89.80579,34.75246],[89.79864,34.74501],[89.76781,34.75061],[89.76269,34.74145],[89.72957,34.73353],[89.72603,34.72197],[89.73508,34.71491],[89.72114,34.70485],[89.73434,34.68304],[89.72425,34.66369],[89.73643,34.65793],[89.74066,34.64521],[89.77348,34.63875],[89.78101,34.6447],[89.79632,34.62867],[89.79254,34.60488],[89.7752,34.59661],[89.77542,34.57727],[89.81321,34.55092],[89.80833,34.54427],[89.81608,34.53544],[89.80966,34.52839],[89.81752,34.52282],[89.8098,34.5046],[89.81651,34.48528],[89.80641,34.47702],[89.82151,34.45557],[89.81934,34.42582],[89.79753,34.3963],[89.82271,34.3867],[89.81883,34.37039],[89.8299,34.3612],[89.85875,34.36095],[89.86936,34.33497],[89.8457,34.3087],[89.82289,34.2965],[89.83604,34.26339],[89.81939,34.22608],[89.82166,34.20616],[89.80194,34.19098],[89.81614,34.17908],[89.81376,34.17064],[89.78841,34.15283],[89.75733,34.1543],[89.75309,34.12462],[89.69252,34.1313],[89.68112,34.10953],[89.65298,34.0964],[89.65315,34.05871],[89.63265,34.05073],[89.6825,33.99328],[89.68403,33.96012],[89.70609,33.9568],[89.73681,33.91958],[89.76176,33.91332],[89.76209,33.89694],[89.78181,33.88472],[89.79262,33.86647],[89.84336,33.86766],[89.85733,33.85762],[89.87019,33.83186],[89.8933,33.82459],[89.89978,33.80952],[89.92223,33.81214],[89.93938,33.80401],[89.90022,33.7617],[89.90466,33.74127],[89.93629,33.74349],[89.98031,33.72796],[89.98394,33.70426],[90.00643,33.69125],[89.99181,33.67219],[89.9997,33.65739],[89.98148,33.6152],[89.98582,33.58764],[90.00635,33.5583],[90.07872,33.53383],[90.0902,33.47039],[90.19251,33.4383],[90.22006,33.44029],[90.24235,33.42815],[90.32025,33.32542],[90.36194,33.28455],[90.38136,33.28188],[90.40497,33.2638],[90.48788,33.2672],[90.51773,33.24461],[90.5585,33.23325],[90.62577,33.18121],[90.70132,33.13824],[90.74609,33.14456],[90.79732,33.11727],[90.84187,33.11282],[90.88067,33.12267],[90.90039,33.08818],[90.90951,33.11333],[90.92751,33.12357],[90.94625,33.11752],[91.01115,33.12358],[91.0362,33.10084],[91.06825,33.11555],[91.14512,33.07423],[91.14706,33.09248],[91.15864,33.0997],[91.16046,33.11174],[91.17179,33.11599],[91.1862,33.10838],[91.19442,33.12786],[91.21422,33.12953],[91.2293,33.14462],[91.26031,33.14329],[91.31352,33.10927],[91.3796,33.0996],[91.39548,33.08647],[91.42447,33.08156],[91.43422,33.06814],[91.45717,33.07584],[91.46029,33.09385],[91.49715,33.111],[91.50946,33.10052],[91.53409,33.10207],[91.55403,33.08641],[91.55173,33.06268],[91.57949,33.04156],[91.66125,33.01419],[91.67911,32.99374],[91.71989,32.98361],[91.7951,32.94305],[91.81141,32.95598],[91.83686,32.95025],[91.84808,32.924],[91.85753,32.91967],[91.85671,32.90488],[91.89353,32.90869],[91.9001,32.89692],[91.89304,32.88814],[91.90457,32.87489],[91.92336,32.86949],[91.95657,32.82149],[91.99142,32.82688],[91.99709,32.83803],[92.02721,32.83249],[92.0236,32.8484],[92.03709,32.86304],[92.09886,32.8607],[92.11656,32.87895],[92.14437,32.88732],[92.1527,32.87357],[92.19729,32.86972],[92.22886,32.84375],[92.22719,32.82399],[92.19299,32.80563],[92.21124,32.78769],[92.19823,32.75634],[92.21835,32.7362],[92.23418,32.7379],[92.26686,32.72348],[92.28982,32.73588],[92.30101,32.75338],[92.32307,32.75255],[92.33763,32.74091],[92.35399,32.7444],[92.35499,32.76494],[92.41226,32.74833],[92.43172,32.76313],[92.45482,32.76675],[92.48579,32.74487],[92.50175,32.74245],[92.50539,32.74833],[92.52857,32.73527],[92.54586,32.73912],[92.55311,32.72312],[92.5774,32.70831],[92.55406,32.6621],[92.53672,32.64773],[92.52214,32.65362],[92.51408,32.64402],[92.5297,32.61833],[92.52729,32.60663],[92.49646,32.59517],[92.49214,32.58525],[92.47392,32.58418],[92.47143,32.55498],[92.43034,32.51845],[92.4123,32.51529],[92.38704,32.47654],[92.34446,32.45694],[92.33801,32.4397],[92.35368,32.39618],[92.32154,32.39504],[92.31777,32.38514],[92.30636,32.38206],[92.30597,32.36286],[92.29598,32.35379],[92.30053,32.32162],[92.31843,32.29716],[92.32298,32.26696],[92.33362,32.25325],[92.33859,32.20862],[92.32283,32.20474],[92.29303,32.16697],[92.27592,32.15753],[92.1921,32.19024],[92.18342,32.18173],[92.13512,32.18386],[92.117,32.17406],[92.08606,32.17826],[92.04765,32.1901],[92.01478,32.21405],[92.00083,32.21176],[91.99904,32.20208],[91.97124,32.18186],[91.90884,32.19451],[91.85452,32.1657],[91.83646,32.11447],[91.84179,32.10261],[91.82885,32.0897],[91.82504,32.07078],[91.87469,32.0258],[91.86794,32.00652],[91.88899,31.97319],[91.98123,31.93432],[92.01745,31.89983],[92.01576,31.85346],[91.96965,31.83283],[91.91905,31.83632],[91.91192,31.82939],[91.91902,31.81376],[91.89537,31.79225],[91.90567,31.73803],[91.94529,31.71463],[91.96499,31.64087],[91.95112,31.59876],[91.93832,31.59641],[91.91014,31.5712],[91.87877,31.57853],[91.8142,31.61625],[91.80393,31.63115],[91.7746,31.63458],[91.75,31.65718],[91.68363,31.67439],[91.67741,31.69096],[91.58263,31.74029],[91.56234,31.69251],[91.5304,31.64936],[91.42568,31.65025],[91.39786,31.64355],[91.35906,31.65124],[91.34254,31.62254],[91.33205,31.61709],[91.31561,31.62687],[91.27739,31.58657],[91.1979,31.54413],[91.19142,31.53427],[91.1988,31.51597],[91.17448,31.51333],[91.16635,31.50011],[91.17427,31.49759],[91.15015,31.46769],[91.0969,31.46423],[91.05007,31.44087],[90.98269,31.4548],[90.97502,31.49674],[90.99204,31.5349],[90.98097,31.61013],[90.95611,31.63721],[90.9194,31.63088],[90.88457,31.65886],[90.89402,31.68547],[90.8925,31.7247],[90.908,31.73633],[90.90057,31.75866],[90.89028,31.77064],[90.86275,31.78058],[90.84924,31.81074],[90.79735,31.83918],[90.79176,31.86644],[90.79773,31.87262],[90.78577,31.88566],[90.71498,31.86758],[90.67969,31.87052],[90.68104,31.89633],[90.66081,31.94768],[90.62426,31.9489],[90.60069,31.97281],[90.60717,31.99301],[90.64222,32.01837],[90.65126,32.04318],[90.66603,32.04786],[90.66437,32.08858],[90.67121,32.10625],[90.66631,32.12358],[90.64946,32.13401],[90.62332,32.19352],[90.601,32.2144],[90.59235,32.23954],[90.57994,32.22809],[90.52356,32.22642],[90.47311,32.24689],[90.45063,32.23544],[90.36746,32.22778],[90.37612,32.28661],[90.34114,32.3746],[90.35398,32.41787],[90.28697,32.58793],[90.27572,32.59023],[90.27473,32.6116],[90.28419,32.61785],[90.09962,32.81377],[90.11013,32.82798],[90.10443,32.83556],[90.08584,32.84188],[90.09106,32.85029],[90.08433,32.86595],[90.09879,32.8787],[90.13313,32.88257],[90.14552,32.89805],[90.08567,32.93311],[89.99996,32.91215],[89.94651,32.92207],[89.95519,32.93441],[89.93811,32.94491],[89.97626,33.08532],[90.04446,33.23812],[90.03556,33.2558],[90.04029,33.26693],[90.02988,33.27438],[90.01949,33.30631],[90.02697,33.33174],[90.00189,33.36943],[90.02065,33.38265],[90.00444,33.39394],[89.95774,33.40502],[89.95804,33.42531],[89.97324,33.43787],[89.97368,33.45351],[89.98878,33.46901],[89.98035,33.50026],[89.93368,33.53383],[89.91374,33.58823],[89.73422,33.61864],[89.72107,33.61802],[89.7049,33.5938],[89.69271,33.58861],[89.64049,33.59839],[89.64035,33.60707],[89.65387,33.61182],[89.64207,33.63321],[89.56394,33.67857],[89.56789,33.69173],[89.59685,33.71923],[89.59072,33.74234],[89.56252,33.74927],[89.5592,33.77426],[89.49571,33.76101],[89.4643,33.76915],[89.45661,33.78005],[89.44436,33.81923],[89.46203,33.82362],[89.4764,33.84732],[89.48507,33.89127],[89.46709,33.91639],[89.48664,33.93277],[89.49145,33.94835],[89.47444,33.96814],[89.45335,33.96879],[89.40072,33.99708],[89.39349,34.03571],[89.4043,34.05878],[89.38955,34.10685],[89.35732,34.12547],[89.34942,34.14206],[89.2822,34.16743],[89.25856,34.203],[89.27192,34.17958],[89.26357,34.16769],[89.26435,34.14989],[89.24406,34.10483],[89.21728,34.07276],[89.21698,34.05511],[89.1802,34.05494],[89.16621,34.06321],[89.11732,34.14145],[89.12173,34.15749],[89.11067,34.17786],[89.11259,34.19739],[89.03115,34.25006],[89.03448,34.28756],[88.94164,34.38972],[88.95188,34.44305],[88.92763,34.52192],[88.92734,34.55174],[88.91217,34.57139],[88.86531,34.59146],[88.8631,34.62031],[88.85133,34.63645],[88.83259,34.6398],[88.83058,34.64934],[88.78839,34.66735],[88.78323,34.6768],[88.73542,34.68036],[88.74363,34.70821],[88.72688,34.71757],[88.73897,34.72817],[88.71257,34.73562],[88.7141,34.75709],[88.72958,34.7729],[88.73265,34.80065],[88.77132,34.8746],[88.76913,34.90554],[88.78706,34.95185],[88.87751,35.02842],[88.84932,35.08337],[88.8588,35.11244],[88.85695,35.13468],[88.81849,35.15712],[88.81766,35.18038],[88.84341,35.20684],[88.84896,35.22321],[88.82406,35.32044],[88.85749,35.36878],[88.90608,35.36066],[88.9628,35.36255],[89.0317,35.37959],[89.03972,35.39281],[89.06179,35.39097],[89.11574,35.41596],[89.12555,35.43587],[89.1142,35.47031],[89.11974,35.47647],[89.15136,35.49812],[89.21147,35.51064],[89.2089,35.53614],[89.24248,35.57904],[89.24501,35.60425],[89.23096,35.65397],[89.26119,35.6556],[89.25377,35.6677],[89.25869,35.68567],[89.24976,35.69861],[89.25685,35.72017],[89.27675,35.73886],[89.26292,35.78431],[89.28568,35.79065],[89.2798,35.80683],[89.24647,35.82082],[89.2657,35.83521],[89.30894,35.83602],[89.32542,35.86792],[89.32489,35.87726],[89.30627,35.88621],[89.31269,35.91382],[89.33601,35.93377],[89.33598,35.94626],[89.3292,35.9609],[89.29241,35.97081],[89.29035,36.00702],[89.27647,36.04108],[89.22881,36.05654],[89.24138,36.06489],[89.24142,36.07362],[89.21304,36.08595],[89.20267,36.1135],[89.14822,36.13832],[89.13181,36.1551],[89.08686,36.17811],[89.09088,36.18524],[89.16902,36.19574],[89.1982,36.17003],[89.26489,36.15213],[89.29736,36.19009],[89.28618,36.23277],[89.30192,36.22943],[89.33384,36.23791],[89.36157,36.23295],[89.37686,36.21391],[89.4152,36.20845],[89.44175,36.17762],[89.47136,36.16833],[89.48377,36.1541],[89.4974,36.15597],[89.51304,36.14085],[89.54004,36.13514],[89.55784,36.14142],[89.64786,36.09847],[89.66238,36.10329],[89.67807,36.09174],[89.69527,36.09862],[89.70932,36.09319]]]}},{"type":"Feature","id":"CTAMAP-2017-COUNTY-0051","properties":{"map_level":"county","source_name":"八宿县","source_code":"540326","county_type":"县","prefecture_name":"昌都市","prefecture_code":"540300","prefecture_type":"地级市","parent_entity_id":"CNUR-000284","parent_year_end_name":"昌都市","province_name":"西藏自治区","province_code":"540000","snapshot_year":2017,"panel_year":2016,"link_status":"parent_linked","former_name":"","note":""},"geometry":{"type":"Polygon","coordinates":[[[96.76714,30.97815],[96.8007,30.94117],[96.84248,30.92013],[96.87384,30.87004],[96.90034,30.86249],[96.92284,30.82665],[96.97465,30.83997],[97.00008,30.80515],[97.03002,30.79209],[97.05311,30.76214],[97.07573,30.76509],[97.08708,30.74284],[97.11585,30.75109],[97.14031,30.73731],[97.16482,30.70363],[97.19501,30.70338],[97.20611,30.68099],[97.22724,30.66962],[97.18982,30.64824],[97.19085,30.60475],[97.2204,30.58529],[97.24352,30.58046],[97.24399,30.57217],[97.27677,30.54628],[97.28364,30.52617],[97.31401,30.55264],[97.31389,30.568],[97.35707,30.57739],[97.38281,30.54915],[97.38973,30.52527],[97.42373,30.50801],[97.43094,30.47537],[97.44079,30.47106],[97.44414,30.43818],[97.42345,30.42961],[97.42009,30.42289],[97.43011,30.41068],[97.41527,30.39597],[97.41767,30.37464],[97.40803,30.37089],[97.40183,30.35522],[97.36417,30.33785],[97.34382,30.34179],[97.32765,30.32791],[97.34927,30.29142],[97.32578,30.27224],[97.32283,30.2606],[97.33438,30.24109],[97.32804,30.23113],[97.34183,30.21643],[97.34582,30.19015],[97.39266,30.14004],[97.38371,30.12263],[97.36385,30.10885],[97.36683,30.08347],[97.3178,30.07796],[97.29676,30.04468],[97.33607,29.96819],[97.34194,29.92656],[97.38097,29.8909],[97.3844,29.87331],[97.40492,29.87236],[97.40421,29.865],[97.3917,29.84814],[97.32444,29.8295],[97.31305,29.80979],[97.29724,29.80369],[97.23053,29.82059],[97.22827,29.80592],[97.19017,29.77955],[97.19403,29.75424],[97.17264,29.72329],[97.18608,29.70233],[97.18108,29.6905],[97.16689,29.68528],[97.16694,29.66136],[97.10878,29.65458],[97.09521,29.6595],[97.08938,29.6477],[97.09951,29.6212],[97.08553,29.61857],[97.08313,29.57331],[97.07114,29.56132],[97.07795,29.5537],[97.05953,29.53731],[97.06424,29.52413],[97.0521,29.5176],[97.06397,29.49305],[97.05118,29.48451],[97.01744,29.50017],[96.9823,29.4854],[96.97351,29.44896],[96.9851,29.43669],[96.99382,29.39719],[96.98102,29.37795],[96.96959,29.38186],[96.95287,29.36321],[96.96044,29.35944],[96.95709,29.33873],[96.9915,29.32066],[96.98954,29.29252],[96.97918,29.27284],[96.98809,29.24846],[96.98521,29.20405],[96.97709,29.19492],[96.95576,29.19748],[96.93962,29.21538],[96.91897,29.20018],[96.91176,29.14874],[96.92029,29.13942],[96.90824,29.12236],[96.87981,29.13056],[96.88397,29.15855],[96.84492,29.1647],[96.83756,29.17837],[96.79782,29.18708],[96.76915,29.17281],[96.75757,29.17967],[96.72204,29.1667],[96.6666,29.24878],[96.67584,29.25558],[96.66769,29.27634],[96.60857,29.30967],[96.60787,29.32971],[96.56153,29.34135],[96.54083,29.36017],[96.58314,29.39419],[96.60863,29.39236],[96.63718,29.40956],[96.68128,29.39275],[96.7055,29.4119],[96.69069,29.44622],[96.67324,29.45019],[96.65005,29.47976],[96.60418,29.5032],[96.63241,29.51353],[96.65457,29.55937],[96.6269,29.61201],[96.62607,29.63978],[96.57604,29.66892],[96.56269,29.70544],[96.52429,29.70575],[96.52003,29.71933],[96.48623,29.73976],[96.4924,29.75752],[96.48123,29.77103],[96.47686,29.79802],[96.51508,29.82348],[96.51368,29.84232],[96.53124,29.85234],[96.5383,29.86997],[96.53364,29.88529],[96.58028,29.92514],[96.57395,29.96254],[96.56398,29.97353],[96.59046,29.98307],[96.60291,29.9998],[96.62967,30.00682],[96.63194,30.02769],[96.64748,30.04219],[96.63426,30.0724],[96.66395,30.1019],[96.66747,30.12341],[96.65622,30.1435],[96.63494,30.14937],[96.61548,30.13977],[96.59881,30.14746],[96.63609,30.16975],[96.62701,30.20773],[96.63494,30.22752],[96.62818,30.23722],[96.6099,30.23659],[96.60859,30.24578],[96.58416,30.25945],[96.55908,30.29466],[96.5292,30.30278],[96.51657,30.27799],[96.50007,30.28432],[96.47907,30.26989],[96.46423,30.27543],[96.45851,30.32139],[96.47051,30.36039],[96.45308,30.35333],[96.41727,30.36374],[96.39094,30.39651],[96.36176,30.41732],[96.4003,30.43039],[96.41085,30.44702],[96.43815,30.45252],[96.41063,30.46602],[96.38809,30.5019],[96.3888,30.51259],[96.35092,30.53857],[96.33409,30.56392],[96.30156,30.57659],[96.30124,30.60181],[96.31796,30.61956],[96.37303,30.64098],[96.41133,30.6744],[96.39729,30.70036],[96.39676,30.7333],[96.38544,30.74089],[96.37645,30.76323],[96.40462,30.76538],[96.43089,30.77744],[96.46574,30.75327],[96.48691,30.76109],[96.49038,30.77189],[96.47576,30.78702],[96.49158,30.80066],[96.49204,30.81931],[96.50942,30.82565],[96.51356,30.84337],[96.52516,30.85096],[96.55623,30.84884],[96.56472,30.85525],[96.56778,30.8691],[96.54622,30.87459],[96.54911,30.884],[96.56975,30.89414],[96.56611,30.90797],[96.57401,30.93279],[96.56188,30.96077],[96.577,30.96236],[96.58995,30.94962],[96.60868,30.94645],[96.63401,30.9997],[96.67427,31.01307],[96.70683,31.00385],[96.72875,30.97234],[96.7488,30.97269],[96.75346,30.98154],[96.76714,30.97815]]]}},{"type":"Feature","id":"CTAMAP-2017-COUNTY-0059","properties":{"map_level":"county","source_name":"巴青县","source_code":"540628","county_type":"县","prefecture_name":"那曲地区","prefecture_code":"542400","prefecture_type":"地区","parent_entity_id":"CNUR-000287","parent_year_end_name":"那曲地区","province_name":"西藏自治区","province_code":"540000","snapshot_year":2017,"panel_year":2016,"link_status":"parent_linked","former_name":"","note":""},"geometry":{"type":"Polygon","coordinates":[[[94.75821,32.5322],[94.7406,32.52111],[94.73798,32.49343],[94.7123,32.50291],[94.69635,32.46995],[94.64836,32.46344],[94.68729,32.4449],[94.68855,32.40339],[94.74411,32.34795],[94.75853,32.34812],[94.74244,32.26469],[94.66727,32.21409],[94.66195,32.19647],[94.67315,32.19201],[94.6559,32.18309],[94.64567,32.10968],[94.66357,32.08496],[94.65991,32.05691],[94.69102,32.04484],[94.65422,31.99219],[94.67287,31.94222],[94.67222,31.9186],[94.64468,31.87366],[94.64107,31.837],[94.70122,31.80588],[94.69977,31.78561],[94.71304,31.77379],[94.7339,31.79012],[94.74169,31.78772],[94.74457,31.7642],[94.76106,31.74605],[94.71508,31.70321],[94.68645,31.71505],[94.69325,31.72015],[94.69602,31.76279],[94.66081,31.77846],[94.6333,31.7812],[94.61694,31.75765],[94.58215,31.74205],[94.56921,31.75373],[94.51318,31.75565],[94.49621,31.73033],[94.4804,31.73878],[94.47633,31.76979],[94.42955,31.80753],[94.34862,31.79967],[94.31948,31.8106],[94.30785,31.82185],[94.31079,31.83382],[94.29482,31.8434],[94.24379,31.84943],[94.22104,31.81833],[94.21781,31.83923],[94.20844,31.84439],[94.19115,31.84058],[94.18604,31.83133],[94.15086,31.837],[94.16083,31.85938],[94.14405,31.87085],[94.13223,31.86791],[94.11721,31.84512],[94.09425,31.84865],[94.07943,31.86756],[94.03319,31.84008],[94.02157,31.84573],[94.01589,31.87282],[93.99581,31.89116],[93.99706,31.91084],[93.90666,31.93225],[93.92053,31.96242],[93.90498,31.98351],[93.87257,31.96821],[93.8563,31.94472],[93.82451,31.9667],[93.79704,31.941],[93.77943,31.93724],[93.77441,31.96031],[93.69563,32.00198],[93.68408,31.97022],[93.6472,31.98354],[93.6248,31.97452],[93.61513,31.95396],[93.66195,31.93169],[93.60378,31.9138],[93.54346,31.92613],[93.5061,31.9165],[93.45239,31.94856],[93.42499,31.94945],[93.40975,31.96403],[93.34771,31.96031],[93.33474,31.94351],[93.23612,31.94905],[93.18756,31.98097],[93.16907,32.02315],[93.14241,32.0232],[93.07491,32.04555],[93.07404,32.05382],[93.04424,32.07769],[93.0413,32.09648],[92.99547,32.12395],[92.99105,32.14122],[93.00098,32.16207],[93.01585,32.16317],[93.02658,32.17943],[93.02087,32.18956],[93.02562,32.1976],[93.05016,32.21273],[93.03906,32.2384],[93.04893,32.25314],[93.04404,32.26413],[93.05442,32.26864],[93.06713,32.25756],[93.09973,32.2755],[93.1313,32.26388],[93.13284,32.25119],[93.15471,32.24232],[93.14352,32.22911],[93.16242,32.22181],[93.16597,32.19918],[93.17823,32.19617],[93.18042,32.18383],[93.20587,32.18124],[93.21465,32.17311],[93.25623,32.17255],[93.2706,32.19002],[93.29131,32.17581],[93.31723,32.1839],[93.33812,32.20747],[93.36995,32.20645],[93.37557,32.25096],[93.38895,32.2462],[93.39663,32.26129],[93.38534,32.27429],[93.37398,32.27148],[93.36543,32.29149],[93.36592,32.30276],[93.38411,32.30588],[93.35286,32.32647],[93.34768,32.318],[93.33808,32.33225],[93.36982,32.34167],[93.38924,32.36657],[93.40456,32.36],[93.43145,32.37241],[93.44263,32.41541],[93.42534,32.42585],[93.43143,32.43546],[93.43037,32.44996],[93.41911,32.4582],[93.42363,32.47566],[93.45768,32.48355],[93.4582,32.49555],[93.47499,32.50542],[93.48438,32.50022],[93.50233,32.50528],[93.51973,32.47635],[93.53647,32.49092],[93.55516,32.4886],[93.57318,32.50906],[93.61871,32.52775],[93.62828,32.54534],[93.62297,32.554],[93.64061,32.55555],[93.65301,32.57619],[93.67682,32.56993],[93.71789,32.58017],[93.73916,32.57615],[93.74887,32.56531],[93.76137,32.57025],[93.823,32.549],[93.82535,32.52233],[93.85021,32.51271],[93.8574,32.46741],[93.86668,32.47526],[93.89337,32.47572],[93.91212,32.46387],[93.92072,32.47569],[93.96001,32.48654],[93.97493,32.46241],[93.99343,32.466],[94.01115,32.44794],[94.02847,32.44805],[94.02968,32.46015],[94.05538,32.47205],[94.09179,32.46414],[94.10045,32.44932],[94.13826,32.43401],[94.15298,32.45625],[94.1798,32.45752],[94.17834,32.4941],[94.19606,32.51714],[94.23029,32.51137],[94.24951,32.51886],[94.28934,32.50499],[94.29221,32.52017],[94.31751,32.53289],[94.34977,32.53586],[94.35459,32.52263],[94.3672,32.52304],[94.38264,32.54564],[94.37623,32.56519],[94.39239,32.60515],[94.40491,32.6001],[94.40722,32.58455],[94.43986,32.56515],[94.46208,32.5738],[94.46365,32.59565],[94.45678,32.60051],[94.46363,32.60881],[94.53091,32.59977],[94.55226,32.61168],[94.56677,32.63161],[94.59526,32.63154],[94.58994,32.64426],[94.60133,32.65218],[94.59978,32.66672],[94.61091,32.67692],[94.64035,32.64517],[94.69087,32.6165],[94.68581,32.60665],[94.70108,32.60016],[94.72084,32.6064],[94.747,32.56098],[94.77242,32.5564],[94.75514,32.54712],[94.75821,32.5322]]]}},{"type":"Feature","id":"CTAMAP-2017-COUNTY-0062","properties":{"map_level":"county","source_name":"巴宜区","source_code":"540402","county_type":"市辖区","prefecture_name":"林芝市","prefecture_code":"540400","prefecture_type":"地级市","parent_entity_id":"CNUR-000285","parent_year_end_name":"林芝市","province_name":"西藏自治区","province_code":"540000","snapshot_year":2017,"panel_year":2016,"link_status":"parent_linked","former_name":"林芝县","note":"2015年撤销林芝县，设立巴宜区"},"geometry":{"type":"Polygon","coordinates":[[[95.28893,29.93462],[95.25912,29.90903],[95.25116,29.88926],[95.24982,29.85397],[95.28244,29.84582],[95.27822,29.82333],[95.25986,29.7954],[95.23931,29.77797],[95.20794,29.76721],[95.20381,29.75785],[95.18738,29.75685],[95.1747,29.77294],[95.07382,29.78709],[94.99759,29.80833],[94.90187,29.81405],[94.8577,29.7951],[94.82199,29.75835],[94.81167,29.70261],[94.77866,29.66104],[94.75869,29.58298],[94.74455,29.555],[94.72351,29.53856],[94.71152,29.50815],[94.67038,29.49497],[94.66376,29.46863],[94.6038,29.471],[94.57325,29.4649],[94.5436,29.44272],[94.50337,29.4465],[94.42586,29.38839],[94.40678,29.36219],[94.34158,29.37227],[94.29056,29.39839],[94.25721,29.39272],[94.17795,29.41214],[94.17277,29.43844],[94.12595,29.48926],[94.12154,29.50492],[94.08452,29.52644],[94.04089,29.51533],[93.99999,29.47691],[93.97946,29.46936],[93.95626,29.48535],[93.93057,29.47927],[93.91242,29.49786],[93.90534,29.48742],[93.89269,29.48534],[93.8773,29.50776],[93.88411,29.51797],[93.86887,29.52921],[93.84603,29.52132],[93.81913,29.52541],[93.81309,29.51098],[93.82248,29.50009],[93.80423,29.47834],[93.76821,29.47473],[93.71782,29.43295],[93.67389,29.42347],[93.63007,29.43568],[93.62176,29.44417],[93.63199,29.4504],[93.63371,29.46298],[93.61782,29.50272],[93.61906,29.54411],[93.58936,29.58637],[93.5495,29.59132],[93.52868,29.63248],[93.53023,29.66733],[93.49681,29.68884],[93.46627,29.69512],[93.44881,29.72082],[93.4644,29.75204],[93.5,29.78688],[93.55871,29.80471],[93.59265,29.82863],[93.62794,29.83339],[93.69238,29.82434],[93.73581,29.83762],[93.77695,29.88506],[93.77987,29.90471],[93.79918,29.91203],[93.81737,29.90884],[93.82697,29.88452],[93.87251,29.91062],[93.88609,29.90959],[93.89306,29.89496],[93.92487,29.91281],[93.93271,29.90611],[93.94707,29.90878],[93.98808,29.93271],[93.98798,29.90063],[94.01269,29.90856],[94.03787,29.90024],[94.09792,29.90696],[94.15383,29.89529],[94.16743,29.87771],[94.17916,29.87677],[94.19685,29.87895],[94.1957,29.90278],[94.22042,29.92682],[94.25078,29.91603],[94.2702,29.94309],[94.28914,29.92827],[94.36403,29.92617],[94.37311,29.91503],[94.38932,29.91131],[94.40809,29.92748],[94.40676,29.98345],[94.33609,30.00017],[94.34485,30.01603],[94.29331,30.08738],[94.3043,30.10241],[94.27955,30.14321],[94.24872,30.1436],[94.24384,30.15815],[94.3209,30.18763],[94.33302,30.23968],[94.36037,30.25378],[94.36873,30.25099],[94.3802,30.22665],[94.40322,30.21305],[94.42614,30.21625],[94.45137,30.20375],[94.46557,30.21246],[94.47641,30.19969],[94.49064,30.19767],[94.51747,30.20332],[94.5315,30.21598],[94.54256,30.19253],[94.57865,30.19666],[94.6478,30.16938],[94.68503,30.1718],[94.70276,30.18305],[94.7223,30.17953],[94.74053,30.1626],[94.71981,30.12888],[94.74613,30.12694],[94.76333,30.10297],[94.78796,30.11108],[94.81286,30.13271],[94.85607,30.09057],[94.89466,30.10927],[94.96847,30.11771],[95.0,30.10578],[95.01599,30.08871],[95.01535,30.0411],[95.02692,30.02845],[95.08344,30.0484],[95.09132,30.03291],[95.12949,30.02401],[95.15431,30.00917],[95.21034,29.95358],[95.23912,29.96284],[95.28893,29.93462]]]}},{"type":"Feature","id":"CTAMAP-2017-COUNTY-0069","properties":{"map_level":"county","source_name":"白朗县","source_code":"540228","county_type":"县","prefecture_name":"日喀则市","prefecture_code":"540200","prefecture_type":"地级市","parent_entity_id":"CNUR-000283","parent_year_end_name":"日喀则市","province_name":"西藏自治区","province_code":"540000","snapshot_year":2017,"panel_year":2016,"link_status":"parent_linked","former_name":"","note":""},"geometry":{"type":"Polygon","coordinates":[[[89.39822,29.20305],[89.40793,29.16037],[89.4212,29.13855],[89.41981,29.11518],[89.39685,29.10617],[89.38334,29.07811],[89.35734,29.06764],[89.35648,29.03628],[89.33701,29.01979],[89.36553,28.95141],[89.36682,28.92572],[89.35038,28.92899],[89.33705,28.94332],[89.3138,28.9409],[89.30176,28.95594],[89.28621,28.9573],[89.26807,28.97362],[89.19505,28.92295],[89.19631,28.87929],[89.22077,28.85815],[89.23618,28.85588],[89.21968,28.83687],[89.2213,28.81099],[89.21495,28.79837],[89.20358,28.79761],[89.19705,28.7705],[89.20267,28.75223],[89.23639,28.74782],[89.24154,28.68307],[89.23301,28.66967],[89.21453,28.6628],[89.20924,28.67659],[89.18261,28.67197],[89.13548,28.67926],[89.1413,28.66296],[89.13246,28.63226],[89.16959,28.58776],[89.15912,28.52659],[89.1303,28.48058],[89.12967,28.46548],[89.14018,28.44846],[89.13611,28.44133],[89.11968,28.42492],[89.08054,28.41145],[89.07689,28.38336],[89.06419,28.37212],[89.01989,28.37345],[89.01816,28.36151],[89.04258,28.33872],[89.03386,28.30805],[88.94411,28.32473],[88.9378,28.29426],[88.92089,28.3136],[88.9173,28.3239],[88.92724,28.34221],[88.91005,28.35102],[88.89538,28.40283],[88.87478,28.36773],[88.87341,28.34022],[88.81015,28.29507],[88.80612,28.34759],[88.79129,28.3767],[88.79855,28.41205],[88.82658,28.40637],[88.85099,28.45995],[88.84417,28.48517],[88.8774,28.50432],[88.88343,28.51982],[88.91204,28.51894],[88.90965,28.5518],[88.93457,28.58171],[88.9315,28.60612],[88.94556,28.62663],[88.93676,28.64603],[88.94686,28.67419],[89.00055,28.72105],[88.99815,28.75912],[88.96768,28.78208],[88.95667,28.80171],[88.92903,28.81091],[88.87783,28.85974],[88.88326,28.89181],[88.87087,28.90619],[88.87121,28.92776],[88.88016,28.93363],[88.88619,28.9572],[88.91177,28.97347],[88.97503,28.97531],[88.98429,29.00848],[89.01692,29.00963],[89.02282,29.01737],[89.05867,29.01325],[89.0767,29.02773],[89.09707,29.02304],[89.11178,29.03841],[89.10601,29.07828],[89.10875,29.09495],[89.11774,29.10163],[89.1127,29.11209],[89.11777,29.12888],[89.07564,29.15578],[89.07318,29.16626],[89.08401,29.18796],[89.08077,29.20697],[89.07128,29.21231],[89.04626,29.20601],[89.03857,29.23277],[89.01764,29.24627],[89.01107,29.27241],[89.05253,29.26094],[89.15159,29.2584],[89.18286,29.27399],[89.19417,29.28899],[89.21578,29.28735],[89.23636,29.25944],[89.27946,29.26206],[89.28577,29.24253],[89.27185,29.21646],[89.32632,29.17392],[89.34252,29.17785],[89.36017,29.20087],[89.36996,29.1964],[89.39822,29.20305]]]}},{"type":"Feature","id":"CTAMAP-2017-COUNTY-0079","properties":{"map_level":"county","source_name":"班戈县","source_code":"542428","county_type":"县","prefecture_name":"那曲地区","prefecture_code":"542400","prefecture_type":"地区","parent_entity_id":"CNUR-000287","parent_year_end_name":"那曲地区","province_name":"西藏自治区","province_code":"540000","snapshot_year":2017,"panel_year":2016,"link_status":"parent_linked","former_name":"","note":""},"geometry":{"type":"Polygon","coordinates":[[[90.98232,31.45532],[91.08601,31.36624],[91.08954,31.3517],[91.08192,31.33526],[91.10566,31.32955],[91.11617,31.30365],[91.10845,31.27807],[91.22756,31.15194],[91.23426,31.11792],[91.26306,31.07826],[91.27459,31.04005],[91.24012,31.04117],[91.18635,31.02105],[91.17142,31.03516],[91.14207,31.03983],[91.13393,31.05154],[91.11199,31.04225],[91.10554,31.02296],[91.12263,30.98388],[91.15938,30.96502],[91.14716,30.9517],[91.10347,30.93715],[91.124,30.92523],[91.10895,30.91103],[91.1081,30.89732],[91.07769,30.8826],[91.00902,30.92332],[91.01888,30.94765],[90.99793,30.9342],[90.98128,30.9383],[90.97848,30.97676],[90.93718,31.01565],[90.90809,31.02272],[90.88022,30.996],[90.7965,31.02692],[90.75506,31.01483],[90.7408,30.97186],[90.71834,30.95349],[90.71694,30.90883],[90.5915,30.56583],[90.65497,30.47129],[90.55814,30.4047],[90.52066,30.40906],[90.47527,30.37296],[90.46732,30.3828],[90.44775,30.38569],[90.44168,30.35856],[90.39896,30.34],[90.40837,30.30863],[90.3998,30.28578],[90.37456,30.27799],[90.35754,30.28747],[90.35466,30.30069],[90.33341,30.30499],[90.24413,30.28048],[90.22208,30.23203],[90.23209,30.1993],[90.20375,30.18125],[90.19978,30.15357],[90.17268,30.13761],[90.1574,30.11078],[90.15727,30.09001],[90.13509,30.07398],[90.12112,30.047],[90.12143,30.01601],[90.08466,30.01956],[90.08001,30.01269],[90.08516,29.95991],[90.06364,29.95664],[90.03799,29.93892],[89.98537,29.94935],[89.9683,29.9655],[89.95207,29.95483],[89.88395,29.98843],[89.86923,30.02818],[89.87061,30.04991],[89.85106,30.04267],[89.82144,30.05947],[89.82009,30.08528],[89.80804,30.09278],[89.83237,30.12211],[89.80782,30.14677],[89.80801,30.15896],[89.79642,30.15792],[89.79199,30.17161],[89.77027,30.18647],[89.75282,30.16394],[89.71219,30.15719],[89.71472,30.1758],[89.69423,30.20752],[89.69902,30.22457],[89.67386,30.22543],[89.66131,30.21159],[89.63712,30.20603],[89.59844,30.22252],[89.57958,30.24076],[89.56783,30.22634],[89.54333,30.21987],[89.53876,30.23613],[89.51626,30.25129],[89.4112,30.25866],[89.41281,30.27058],[89.42465,30.2736],[89.42742,30.30019],[89.42184,30.41098],[89.45692,30.4055],[89.47054,30.41825],[89.49242,30.39979],[89.50385,30.40696],[89.50643,30.42753],[89.52855,30.43039],[89.53843,30.4455],[89.60755,30.43272],[89.60875,30.44664],[89.62197,30.45041],[89.61721,30.46573],[89.59975,30.47694],[89.61627,30.5002],[89.59495,30.50077],[89.55886,30.51634],[89.5313,30.51443],[89.52886,30.54152],[89.55784,30.54242],[89.56485,30.56093],[89.58591,30.56657],[89.60199,30.59097],[89.59661,30.6093],[89.6234,30.61776],[89.63091,30.62888],[89.64578,30.62497],[89.65148,30.64269],[89.64169,30.6719],[89.61907,30.67871],[89.61762,30.69406],[89.59074,30.72426],[89.57019,30.73875],[89.54809,30.73454],[89.55014,30.75346],[89.61197,30.75658],[89.63117,30.74307],[89.66117,30.73643],[89.67005,30.74289],[89.6911,30.73439],[89.71105,30.74508],[89.73272,30.73365],[89.74844,30.73941],[89.74986,30.74958],[89.77404,30.76854],[89.76959,30.80152],[89.78758,30.82942],[89.74816,30.89248],[89.69887,30.93695],[89.70434,30.97007],[89.68845,31.03335],[89.66928,31.0369],[89.6336,31.02215],[89.63707,31.03625],[89.62569,31.03837],[89.61749,31.05258],[89.63041,31.06881],[89.62415,31.08595],[89.59084,31.10325],[89.58457,31.11446],[89.4944,31.10051],[89.49377,31.082],[89.48525,31.07197],[89.44763,31.06429],[89.45989,31.0422],[89.45438,31.03543],[89.44155,31.03491],[89.43526,31.04782],[89.42119,31.05116],[89.4143,31.0347],[89.39532,31.0357],[89.42493,31.0012],[89.40508,30.98452],[89.4439,30.92629],[89.40705,30.89884],[89.36958,30.89073],[89.35298,30.94583],[89.33872,30.96652],[89.3551,30.98025],[89.33453,30.98285],[89.34763,31.0193],[89.34157,31.02308],[89.34509,31.03397],[89.31315,31.05511],[89.31339,31.06573],[89.29102,31.08167],[89.27839,31.1158],[89.23794,31.13957],[89.23148,31.16474],[89.25217,31.17693],[89.23401,31.19139],[89.23415,31.20748],[89.24704,31.20172],[89.27826,31.22126],[89.27807,31.23588],[89.26869,31.23979],[89.27243,31.26149],[89.29567,31.27662],[89.32541,31.27304],[89.34383,31.30087],[89.34208,31.32041],[89.35404,31.33227],[89.35327,31.35136],[89.3359,31.35631],[89.33087,31.36777],[89.34549,31.40585],[89.28245,31.42533],[89.32201,31.45638],[89.31611,31.46517],[89.33651,31.52853],[89.31893,31.55965],[89.31573,31.58373],[89.29091,31.60837],[89.17015,31.60925],[89.04061,31.68033],[89.00127,31.93953],[89.00768,31.97908],[89.18556,31.99615],[89.18814,31.95362],[89.30712,31.94833],[89.33549,31.98146],[89.31954,32.04579],[89.33281,32.04988],[89.34521,32.07604],[89.36467,32.07832],[89.39633,32.05557],[89.38507,32.02422],[89.38887,32.00914],[89.4209,31.99871],[89.44019,32.00119],[89.47439,31.98182],[89.53152,31.99201],[89.5588,32.02539],[89.7336,31.95819],[89.85984,31.93616],[89.87702,31.96224],[89.98537,31.96449],[90.0558,31.95305],[90.13046,31.95779],[90.1699,31.97952],[90.17138,32.00553],[90.24102,32.02862],[90.30336,32.0289],[90.30326,32.05185],[90.31912,32.08478],[90.32263,32.11656],[90.30621,32.1672],[90.30204,32.21096],[90.39168,32.23446],[90.45063,32.23544],[90.47311,32.24689],[90.52356,32.22642],[90.57994,32.22809],[90.59235,32.23954],[90.601,32.2144],[90.62332,32.19352],[90.64946,32.13401],[90.66631,32.12358],[90.67121,32.10625],[90.66437,32.08858],[90.66603,32.04786],[90.65126,32.04318],[90.64222,32.01837],[90.60717,31.99301],[90.60069,31.97281],[90.62426,31.9489],[90.66081,31.94768],[90.68104,31.89633],[90.67969,31.87052],[90.71498,31.86758],[90.78577,31.88566],[90.79773,31.87262],[90.79176,31.86644],[90.79735,31.83918],[90.84924,31.81074],[90.86275,31.78058],[90.89028,31.77064],[90.90057,31.75866],[90.908,31.73633],[90.8925,31.7247],[90.89402,31.68547],[90.88457,31.65886],[90.9194,31.63088],[90.95611,31.63721],[90.98097,31.61013],[90.99204,31.52763],[90.97496,31.49456],[90.98232,31.45532]]]}},{"type":"Feature","id":"CTAMAP-2017-COUNTY-0110","properties":{"map_level":"county","source_name":"比如县","source_code":"540622","county_type":"县","prefecture_name":"那曲地区","prefecture_code":"542400","prefecture_type":"地区","parent_entity_id":"CNUR-000287","parent_year_end_name":"那曲地区","province_name":"西藏自治区","province_code":"540000","snapshot_year":2017,"panel_year":2016,"link_status":"parent_linked","former_name":"","note":""},"geometry":{"type":"Polygon","coordinates":[[[93.03239,32.09047],[93.08799,32.03818],[93.16958,32.02281],[93.18756,31.98097],[93.23612,31.94905],[93.33474,31.94351],[93.34771,31.96031],[93.4103,31.96397],[93.42499,31.94945],[93.45239,31.94856],[93.48323,31.9244],[93.52149,31.91203],[93.52312,31.89544],[93.54788,31.86903],[93.57771,31.85614],[93.60692,31.85382],[93.6123,31.82159],[93.64107,31.78776],[93.63907,31.7493],[93.61408,31.71556],[93.6228,31.70575],[93.65136,31.70125],[93.67739,31.66797],[93.70743,31.66611],[93.71687,31.66983],[93.71117,31.68186],[93.71953,31.70899],[93.73073,31.71304],[93.7703,31.67516],[93.7989,31.60415],[93.8224,31.572],[93.85372,31.56979],[93.88603,31.52861],[93.9367,31.52177],[93.97367,31.49257],[93.99112,31.46351],[94.02535,31.47489],[94.04014,31.45322],[94.08985,31.43638],[94.10221,31.41891],[94.08763,31.39677],[94.09122,31.37413],[94.12213,31.36687],[94.17635,31.3758],[94.21652,31.3707],[94.28032,31.3761],[94.30145,31.35496],[94.3007,31.29462],[94.27907,31.26915],[94.27688,31.24435],[94.30118,31.21882],[94.24844,31.19612],[94.22874,31.14131],[94.21206,31.12532],[94.20837,31.09441],[94.24953,31.08306],[94.2703,31.00916],[94.29613,30.99014],[94.30708,30.94524],[94.33986,30.92028],[94.32079,30.88152],[94.32783,30.87256],[94.3194,30.85009],[94.28584,30.8522],[94.23336,30.87747],[94.1837,30.86624],[94.16261,30.85242],[94.08297,30.87004],[93.99108,30.87672],[93.96889,30.8378],[93.92199,30.8438],[93.89958,30.87664],[93.8589,30.89971],[93.8593,30.90702],[93.83974,30.89851],[93.81906,30.90698],[93.79412,30.90088],[93.76485,30.90516],[93.73751,30.92306],[93.72309,30.91665],[93.69415,30.9348],[93.64288,30.91993],[93.64901,30.94152],[93.6215,30.94314],[93.61015,30.95823],[93.61313,30.96661],[93.57674,30.96957],[93.55063,30.9967],[93.51207,30.99998],[93.44177,31.04107],[93.42638,31.04159],[93.34934,31.01116],[93.33176,30.99059],[93.29779,30.9808],[93.28845,31.01807],[93.29901,31.04891],[93.31281,31.05905],[93.33495,31.05864],[93.34903,31.07934],[93.25732,31.09483],[93.19548,31.13823],[93.01147,31.12986],[93.04445,31.15606],[93.02921,31.15703],[93.03696,31.17021],[93.03664,31.1953],[93.02422,31.19292],[92.99378,31.28875],[93.00755,31.30438],[92.9952,31.31511],[93.00944,31.3198],[93.01215,31.32987],[93.00185,31.36792],[92.98724,31.37371],[92.983,31.38771],[93.01354,31.41716],[93.01498,31.44755],[93.00462,31.45673],[92.99522,31.45204],[92.95504,31.46219],[92.88474,31.49045],[92.87319,31.52011],[92.84827,31.51461],[92.81233,31.5266],[92.815,31.54743],[92.83947,31.578],[92.86118,31.57591],[92.88513,31.55704],[92.89491,31.56307],[92.88655,31.56702],[92.88658,31.5807],[92.92342,31.60672],[92.88949,31.64587],[92.90586,31.66039],[92.94905,31.65485],[92.96313,31.6872],[92.86057,31.73576],[92.84247,31.77163],[92.81759,31.79006],[92.82543,31.81478],[92.78554,31.83169],[92.79391,31.85097],[92.77259,31.87459],[92.74201,31.86539],[92.70556,31.82986],[92.65801,31.81758],[92.54023,31.87333],[92.53606,31.88783],[92.54527,31.90171],[92.56689,31.89917],[92.59737,31.91768],[92.59445,31.94724],[92.60127,31.96339],[92.62547,31.9788],[92.66821,31.95487],[92.69363,31.9633],[92.70104,31.98079],[92.73144,31.98393],[92.73441,31.99675],[92.70691,32.02632],[92.71883,32.0443],[92.71994,32.08112],[92.75528,32.10274],[92.78658,32.09651],[92.78556,32.08387],[92.80993,32.07496],[92.81429,32.06088],[92.83816,32.04454],[92.86301,32.04679],[92.85565,32.07675],[92.87679,32.10262],[92.89053,32.10427],[92.88677,32.1103],[92.91771,32.11443],[93.01186,32.09471],[93.0143,32.08844],[93.03239,32.09047]]]}},{"type":"Feature","id":"CTAMAP-2017-COUNTY-0113","properties":{"map_level":"county","source_name":"边坝县","source_code":"540330","county_type":"县","prefecture_name":"昌都市","prefecture_code":"540300","prefecture_type":"地级市","parent_entity_id":"CNUR-000284","parent_year_end_name":"昌都市","province_name":"西藏自治区","province_code":"540000","snapshot_year":2017,"panel_year":2016,"link_status":"parent_linked","former_name":"","note":""},"geometry":{"type":"Polygon","coordinates":[[[94.98566,31.2892],[95.01679,31.29197],[95.05589,31.28098],[95.08447,31.24406],[95.10193,31.20571],[95.11736,31.19522],[95.17655,31.18191],[95.23091,31.18279],[95.2649,31.15811],[95.26881,31.14493],[95.24672,31.11864],[95.26717,31.02283],[95.24873,30.98616],[95.31103,30.93793],[95.31695,30.88852],[95.30263,30.87266],[95.29829,30.85373],[95.30796,30.83338],[95.30442,30.80776],[95.27525,30.81159],[95.26702,30.79642],[95.26997,30.78268],[95.25568,30.76856],[95.29328,30.75341],[95.33625,30.70894],[95.32459,30.69482],[95.32816,30.68211],[95.34727,30.6727],[95.33807,30.65193],[95.35168,30.62924],[95.31901,30.62441],[95.3021,30.64213],[95.26048,30.65773],[95.22625,30.64742],[95.22046,30.62486],[95.20586,30.61447],[95.13556,30.66673],[95.10286,30.66844],[95.09047,30.65633],[95.07532,30.61274],[95.09632,30.59082],[95.09514,30.58216],[95.07984,30.57619],[95.05139,30.58445],[95.02942,30.57995],[95.01503,30.56198],[94.96648,30.59314],[94.95112,30.58064],[94.92047,30.58097],[94.89128,30.60484],[94.86583,30.60236],[94.83791,30.61827],[94.79559,30.5986],[94.76622,30.59737],[94.74858,30.61044],[94.72867,30.60885],[94.69581,30.63088],[94.60727,30.60218],[94.59056,30.58665],[94.59991,30.5539],[94.57083,30.54884],[94.52862,30.55471],[94.49663,30.54732],[94.4815,30.55213],[94.47216,30.57464],[94.46158,30.58034],[94.44403,30.56287],[94.45064,30.54594],[94.43435,30.53809],[94.41623,30.54782],[94.3935,30.54012],[94.37372,30.54475],[94.36557,30.56943],[94.37297,30.59238],[94.32562,30.60318],[94.31264,30.59848],[94.29535,30.57463],[94.22533,30.53429],[94.20021,30.50716],[94.1583,30.50187],[94.14839,30.49098],[94.0965,30.50759],[94.09847,30.51947],[94.05954,30.53495],[94.0182,30.57415],[93.99334,30.57856],[93.96919,30.60764],[93.93263,30.60182],[93.91089,30.62525],[93.86204,30.62446],[93.84856,30.6468],[93.81141,30.67312],[93.78265,30.66705],[93.77532,30.70648],[93.74241,30.72038],[93.71949,30.74894],[93.69053,30.75103],[93.67415,30.76098],[93.67465,30.78255],[93.70455,30.81188],[93.70011,30.82086],[93.68791,30.8242],[93.67818,30.84248],[93.65298,30.86295],[93.62307,30.85548],[93.60015,30.85745],[93.59364,30.86736],[93.60134,30.88185],[93.64188,30.90637],[93.64288,30.91993],[93.69415,30.9348],[93.72309,30.91665],[93.73751,30.92306],[93.76485,30.90516],[93.79412,30.90088],[93.81906,30.90698],[93.83974,30.89851],[93.8593,30.90702],[93.8589,30.89971],[93.89958,30.87664],[93.92751,30.84299],[93.96889,30.8378],[93.99108,30.87672],[94.08297,30.87004],[94.16261,30.85242],[94.1837,30.86624],[94.23336,30.87747],[94.28584,30.8522],[94.31892,30.84959],[94.32783,30.87256],[94.32079,30.88152],[94.33986,30.92028],[94.30708,30.94524],[94.29613,30.99014],[94.2703,31.00916],[94.24953,31.08306],[94.2084,31.09424],[94.21206,31.12532],[94.22874,31.14131],[94.24844,31.19612],[94.30118,31.21882],[94.27688,31.24435],[94.27907,31.26915],[94.3007,31.29462],[94.29622,31.31628],[94.36701,31.29709],[94.38159,31.32092],[94.39599,31.32707],[94.3888,31.35273],[94.45104,31.33935],[94.48325,31.35929],[94.49761,31.39059],[94.56702,31.43956],[94.57759,31.44109],[94.5958,31.4253],[94.59874,31.40687],[94.57414,31.38328],[94.60041,31.35624],[94.60602,31.32538],[94.62809,31.31485],[94.67356,31.31737],[94.74656,31.36419],[94.77378,31.34641],[94.76931,31.33],[94.74397,31.31749],[94.74006,31.28278],[94.72712,31.27013],[94.71362,31.23454],[94.71888,31.2139],[94.712,31.18306],[94.71532,31.15236],[94.73395,31.11176],[94.77232,31.08009],[94.79623,31.08356],[94.81409,31.07448],[94.82725,31.09602],[94.82436,31.11993],[94.9165,31.1329],[94.92208,31.15747],[94.9549,31.15855],[94.96537,31.14012],[95.03411,31.16137],[95.0467,31.18994],[95.01284,31.22456],[95.01247,31.24299],[94.98448,31.27627],[94.98566,31.2892]]]}},{"type":"Feature","id":"CTAMAP-2017-COUNTY-0123","properties":{"map_level":"county","source_name":"波密县","source_code":"540424","county_type":"县","prefecture_name":"林芝市","prefecture_code":"540400","prefecture_type":"地级市","parent_entity_id":"CNUR-000285","parent_year_end_name":"林芝市","province_name":"西藏自治区","province_code":"540000","snapshot_year":2017,"panel_year":2016,"link_status":"parent_linked","former_name":"","note":""},"geometry":{"type":"Polygon","coordinates":[[[95.33759,30.62503],[95.33748,30.61681],[95.31452,30.59621],[95.36035,30.55771],[95.37708,30.56547],[95.38451,30.59013],[95.42187,30.57825],[95.43007,30.59239],[95.42316,30.6072],[95.4278,30.61901],[95.43722,30.62103],[95.48959,30.60687],[95.50795,30.58944],[95.53426,30.60717],[95.54697,30.6074],[95.56357,30.5875],[95.59985,30.57128],[95.62942,30.57284],[95.71075,30.55219],[95.69359,30.48564],[95.75223,30.45868],[95.78401,30.39216],[95.81341,30.36801],[95.85792,30.36076],[95.88433,30.34546],[95.87733,30.33489],[95.8533,30.32683],[95.85846,30.30676],[95.88521,30.28835],[95.90284,30.2898],[95.9169,30.27927],[95.91515,30.26443],[95.92955,30.25117],[95.97061,30.25374],[95.99731,30.23421],[96.05203,30.26039],[96.07906,30.23811],[96.09599,30.2454],[96.11228,30.19971],[96.14112,30.19869],[96.15068,30.21738],[96.17248,30.22023],[96.18402,30.21353],[96.21488,30.22206],[96.23122,30.29428],[96.27052,30.29759],[96.28588,30.31331],[96.29883,30.3074],[96.34735,30.32581],[96.37857,30.31411],[96.42464,30.32838],[96.45028,30.31819],[96.44473,30.30667],[96.47009,30.27041],[96.50007,30.28432],[96.51657,30.27799],[96.5292,30.30278],[96.5508,30.30028],[96.58416,30.25945],[96.60859,30.24578],[96.6099,30.23659],[96.63289,30.23484],[96.62701,30.20773],[96.63609,30.16975],[96.59881,30.14746],[96.61548,30.13977],[96.63494,30.14937],[96.66239,30.13854],[96.66395,30.1019],[96.63426,30.0724],[96.64748,30.04219],[96.63194,30.02769],[96.62967,30.00682],[96.60291,29.9998],[96.59046,29.98307],[96.56398,29.97353],[96.57395,29.96254],[96.58028,29.92514],[96.53364,29.88529],[96.5383,29.86997],[96.53124,29.85234],[96.51368,29.84232],[96.51508,29.82348],[96.47686,29.79802],[96.48123,29.77103],[96.4924,29.75752],[96.48623,29.73976],[96.52003,29.71933],[96.52429,29.70575],[96.56269,29.70544],[96.57604,29.66892],[96.62607,29.63978],[96.6269,29.61201],[96.65457,29.55937],[96.63241,29.51353],[96.60418,29.5032],[96.65005,29.47976],[96.67324,29.45019],[96.69069,29.44622],[96.70564,29.42183],[96.70149,29.40278],[96.6772,29.39268],[96.63878,29.40933],[96.62328,29.40663],[96.60863,29.39236],[96.58127,29.39327],[96.54112,29.35981],[96.52593,29.36354],[96.50678,29.39073],[96.46192,29.40172],[96.44269,29.40148],[96.43895,29.391],[96.42051,29.38303],[96.35207,29.43896],[96.31831,29.43898],[96.30874,29.45767],[96.27249,29.46042],[96.24393,29.4789],[96.23019,29.50275],[96.20934,29.50742],[96.19848,29.5206],[96.16392,29.51664],[96.13309,29.53862],[96.10215,29.54913],[96.0829,29.54567],[96.07508,29.56036],[96.051,29.57076],[96.03187,29.55548],[96.01049,29.55427],[96.0,29.5653],[95.94908,29.57799],[95.93909,29.59899],[95.90917,29.6068],[95.89568,29.62563],[95.84808,29.61079],[95.81689,29.61619],[95.80483,29.62397],[95.80987,29.64864],[95.78758,29.66603],[95.74723,29.64769],[95.72915,29.66113],[95.74445,29.68298],[95.74317,29.69247],[95.71974,29.72209],[95.73082,29.74043],[95.7134,29.75235],[95.65062,29.77691],[95.63073,29.77026],[95.61728,29.78617],[95.59389,29.78964],[95.57281,29.7897],[95.56002,29.77502],[95.50961,29.77819],[95.5029,29.80905],[95.49292,29.81292],[95.46409,29.81581],[95.4369,29.79865],[95.39946,29.84433],[95.35253,29.86151],[95.34189,29.89057],[95.30232,29.90522],[95.28893,29.93462],[95.26373,29.95313],[95.23856,29.96293],[95.21034,29.95358],[95.15431,30.00917],[95.12949,30.02401],[95.09132,30.03291],[95.0824,30.04874],[95.02416,30.03007],[95.01535,30.0411],[95.01599,30.08871],[95.0,30.10578],[94.96847,30.11771],[94.89466,30.10927],[94.85607,30.09057],[94.81286,30.13271],[94.78796,30.11108],[94.76333,30.10297],[94.74613,30.12694],[94.71981,30.12888],[94.74053,30.1626],[94.7223,30.17953],[94.70276,30.18305],[94.68503,30.1718],[94.6478,30.16938],[94.57865,30.19666],[94.54256,30.19253],[94.5315,30.21598],[94.51747,30.20332],[94.49064,30.19767],[94.47641,30.19969],[94.46557,30.21246],[94.45137,30.20375],[94.42614,30.21625],[94.40322,30.21305],[94.3802,30.22665],[94.36873,30.25099],[94.36037,30.25378],[94.33302,30.23968],[94.3209,30.18763],[94.24384,30.15815],[94.20065,30.19451],[94.1488,30.19865],[94.07397,30.28333],[94.0721,30.29431],[94.00977,30.31284],[94.0026,30.33056],[94.02546,30.37683],[94.10143,30.387],[94.11174,30.42132],[94.09747,30.44583],[94.10026,30.46525],[94.15204,30.49072],[94.1583,30.50187],[94.19971,30.50685],[94.22533,30.53429],[94.29535,30.57463],[94.31264,30.59848],[94.32444,30.60298],[94.37297,30.59238],[94.36557,30.56943],[94.37372,30.54475],[94.3935,30.54012],[94.41623,30.54782],[94.43435,30.53809],[94.45064,30.54594],[94.44403,30.56287],[94.46158,30.58034],[94.47216,30.57464],[94.4815,30.55213],[94.49663,30.54732],[94.52862,30.55471],[94.57083,30.54884],[94.59991,30.5539],[94.59056,30.58665],[94.60727,30.60218],[94.69581,30.63088],[94.72867,30.60885],[94.74858,30.61044],[94.76622,30.59737],[94.79559,30.5986],[94.83791,30.61827],[94.86583,30.60236],[94.89128,30.60484],[94.92047,30.58097],[94.95112,30.58064],[94.96648,30.59314],[95.01503,30.56198],[95.02942,30.57995],[95.05139,30.58445],[95.07984,30.57619],[95.09514,30.58216],[95.09632,30.59082],[95.07532,30.61274],[95.09047,30.65633],[95.10286,30.66844],[95.13556,30.66673],[95.20586,30.61447],[95.22046,30.62486],[95.22625,30.64742],[95.26048,30.65773],[95.3021,30.64213],[95.31431,30.62616],[95.33759,30.62503]]]}},{"type":"Feature","id":"CTAMAP-2017-COUNTY-0155","properties":{"map_level":"county","source_name":"察雅县","source_code":"540325","county_type":"县","prefecture_name":"昌都市","prefecture_code":"540300","prefecture_type":"地级市","parent_entity_id":"CNUR-000284","parent_year_end_name":"昌都市","province_name":"西藏自治区","province_code":"540000","snapshot_year":2017,"panel_year":2016,"link_status":"parent_linked","former_name":"","note":""},"geometry":{"type":"Polygon","coordinates":[[[97.86262,31.07339],[97.86256,31.06601],[97.87299,31.0627],[97.89525,31.07555],[97.94894,31.07124],[97.96646,31.05128],[97.9709,31.02693],[97.99662,30.98658],[98.02836,30.95913],[98.0334,30.9432],[98.01927,30.9337],[98.01597,30.89203],[98.04757,30.88538],[98.05474,30.85426],[98.03422,30.83771],[98.06045,30.82447],[98.08411,30.79714],[98.11162,30.79435],[98.11825,30.77607],[98.137,30.77247],[98.14138,30.75776],[98.16691,30.7546],[98.18045,30.71528],[98.20064,30.69071],[98.21967,30.6869],[98.27135,30.64331],[98.29054,30.6373],[98.31328,30.60663],[98.29776,30.58669],[98.34786,30.52603],[98.37834,30.51062],[98.35629,30.50151],[98.34622,30.48005],[98.34799,30.46147],[98.32291,30.44057],[98.33363,30.40662],[98.38396,30.37368],[98.42105,30.33206],[98.44092,30.30233],[98.44574,30.27074],[98.46288,30.23631],[98.48474,30.20717],[98.47142,30.19279],[98.47828,30.16513],[98.47283,30.14791],[98.45982,30.14145],[98.44204,30.14951],[98.43741,30.16191],[98.43022,30.15929],[98.42613,30.13047],[98.36401,30.09574],[98.36389,30.0736],[98.34681,30.07283],[98.33554,30.08401],[98.29477,30.09331],[98.25669,30.11793],[98.23813,30.07261],[98.22112,30.0516],[98.21106,30.05356],[98.1775,30.09627],[98.11283,30.11397],[98.1055,30.13322],[98.04241,30.11878],[98.02917,30.13434],[97.98541,30.11995],[97.99133,30.12963],[97.94843,30.17437],[97.9326,30.21235],[97.90102,30.20788],[97.8668,30.18295],[97.79804,30.20317],[97.77832,30.19064],[97.72008,30.21295],[97.67614,30.24366],[97.66167,30.23549],[97.63035,30.25448],[97.5845,30.24638],[97.55956,30.27119],[97.56318,30.28883],[97.57559,30.29056],[97.5823,30.30197],[97.50947,30.34336],[97.49908,30.37921],[97.50778,30.38824],[97.5055,30.40995],[97.49042,30.42305],[97.475,30.42041],[97.44491,30.43709],[97.44079,30.47106],[97.43094,30.47537],[97.42373,30.50801],[97.38973,30.52527],[97.38281,30.54915],[97.35707,30.57739],[97.31389,30.568],[97.31401,30.55264],[97.28569,30.52525],[97.27677,30.54628],[97.24399,30.57217],[97.24352,30.58046],[97.2204,30.58529],[97.19085,30.60475],[97.18982,30.64824],[97.22724,30.66962],[97.20611,30.68099],[97.19749,30.69679],[97.18239,30.7458],[97.19548,30.75233],[97.17379,30.7757],[97.19674,30.77694],[97.20589,30.76803],[97.25779,30.77779],[97.26139,30.76887],[97.25348,30.75661],[97.26667,30.74123],[97.28711,30.75575],[97.32845,30.76093],[97.34815,30.77192],[97.33446,30.81969],[97.31511,30.84964],[97.34575,30.86349],[97.36009,30.89998],[97.35815,30.93035],[97.40375,30.93782],[97.44955,30.92012],[97.46713,30.92634],[97.45958,30.93941],[97.43152,30.94594],[97.43641,30.95837],[97.45838,30.97259],[97.47269,31.00041],[97.43031,31.04953],[97.43985,31.06898],[97.48004,31.09415],[97.48419,31.13358],[97.506,31.13086],[97.51424,31.13701],[97.51153,31.15328],[97.54243,31.12975],[97.57386,31.1307],[97.58581,31.10263],[97.59915,31.0928],[97.67415,31.06929],[97.7403,31.05885],[97.7687,31.04421],[97.77644,31.02923],[97.79913,31.05627],[97.84846,31.07632],[97.86262,31.07339]]]}},{"type":"Feature","id":"CTAMAP-2017-COUNTY-0156","properties":{"map_level":"county","source_name":"察隅县","source_code":"540425","county_type":"县","prefecture_name":"林芝市","prefecture_code":"540400","prefecture_type":"地级市","parent_entity_id":"CNUR-000285","parent_year_end_name":"林芝市","province_name":"西藏自治区","province_code":"540000","snapshot_year":2017,"panel_year":2016,"link_status":"parent_linked","former_name":"","note":""},"geometry":{"type":"Polygon","coordinates":[[[98.63859,28.46469],[98.70575,28.42002],[98.73521,28.35709],[98.75284,28.34125],[98.74554,28.32515],[98.71382,28.30903],[98.71098,28.2325],[98.6831,28.21227],[98.66368,28.21406],[98.64918,28.20376],[98.62602,28.16912],[98.55811,28.18711],[98.52392,28.17288],[98.50129,28.14529],[98.46439,28.15459],[98.45325,28.14329],[98.46059,28.13701],[98.42827,28.10718],[98.40312,28.10794],[98.38807,28.11593],[98.3889,28.17061],[98.36989,28.18659],[98.37939,28.21669],[98.37761,28.24965],[98.35361,28.28819],[98.32178,28.3193],[98.32287,28.34752],[98.30376,28.3624],[98.30146,28.38872],[98.29258,28.39557],[98.27895,28.39749],[98.26627,28.38102],[98.23649,28.37341],[98.22877,28.3564],[98.20932,28.36188],[98.20372,28.35268],[98.20694,28.33352],[98.23808,28.30514],[98.26515,28.24338],[98.20929,28.21961],[98.18146,28.22069],[98.16704,28.21257],[98.16882,28.1644],[98.13552,28.14437],[98.12604,28.15877],[98.09799,28.16911],[98.08359,28.20159],[98.05468,28.20294],[98.04077,28.18879],[98.01161,28.20442],[98.01838,28.25979],[97.99155,28.28945],[97.95599,28.29929],[97.96325,28.31898],[97.94359,28.32754],[97.91243,28.36364],[97.86457,28.36143],[97.84832,28.34814],[97.84476,28.33042],[97.79812,28.32981],[97.78117,28.36457],[97.7649,28.37989],[97.74902,28.38075],[97.73979,28.39859],[97.73721,28.47057],[97.72023,28.49531],[97.69168,28.50601],[97.68639,28.52115],[97.672,28.52262],[97.66474,28.53394],[97.63508,28.53481],[97.62416,28.51885],[97.60223,28.51832],[97.58709,28.54317],[97.56986,28.54391],[97.53787,28.51143],[97.50686,28.49346],[97.50883,28.46331],[97.52114,28.44572],[97.5001,28.42972],[97.50613,28.40794],[97.48201,28.38235],[97.4921,28.349],[97.51523,28.33534],[97.51622,28.32279],[97.47081,28.30938],[97.46847,28.30003],[97.48004,28.28379],[97.4649,28.27148],[97.42036,28.29609],[97.40104,28.27899],[97.41126,28.24982],[97.38209,28.23777],[97.35231,28.23949],[97.34678,28.21611],[97.36142,28.19987],[97.35752,28.16194],[97.32771,28.13978],[97.34325,28.12328],[97.34258,28.11283],[97.30755,28.0881],[97.31309,28.06063],[97.37717,28.06646],[97.37597,28.0371],[97.41035,28.01849],[97.38044,27.97061],[97.37796,27.93577],[97.3852,27.91902],[97.37415,27.90779],[97.38348,27.88285],[97.36178,27.87353],[97.32714,27.88304],[97.30884,27.91587],[97.26449,27.90067],[97.17227,27.82554],[97.16766,27.81408],[97.10214,27.78085],[97.09772,27.75309],[97.08716,27.74109],[97.05281,27.74469],[97.05608,27.76387],[97.04812,27.78541],[97.05657,27.80329],[97.04718,27.82155],[96.99857,27.81077],[96.97128,27.85676],[96.93118,27.87801],[96.8569,27.8788],[96.81712,27.89594],[96.79429,27.93063],[96.76187,27.93576],[96.71535,27.95939],[96.6782,27.95822],[96.6387,27.99757],[96.6253,28.02906],[96.58837,28.04848],[96.57714,28.06371],[96.51887,28.08017],[96.50364,28.06765],[96.48375,28.11708],[96.45098,28.15577],[96.42969,28.16276],[96.39694,28.15325],[96.39561,28.12469],[96.35868,28.12526],[96.29711,28.14405],[96.28159,28.18618],[96.28273,28.21644],[96.27169,28.23186],[96.22873,28.23134],[96.15633,28.21549],[96.09732,28.21606],[96.06877,28.19893],[96.02061,28.19512],[95.98355,28.19958],[95.93905,28.23813],[95.90802,28.24235],[95.89622,28.2781],[95.87552,28.29666],[95.85313,28.28919],[95.82674,28.29452],[95.79129,28.27287],[95.7456,28.27668],[95.69343,28.26094],[95.71219,28.29064],[95.75404,28.32818],[95.7756,28.3267],[95.76463,28.37984],[95.815,28.42691],[95.84265,28.43938],[95.82673,28.48239],[95.81365,28.48475],[95.8101,28.49738],[95.81338,28.52091],[95.83958,28.53343],[95.82992,28.58245],[95.85841,28.61083],[95.84121,28.67788],[95.86425,28.72565],[95.85902,28.7842],[95.89843,28.79805],[95.92055,28.84883],[95.90318,28.86139],[95.90052,28.90014],[95.92321,28.96427],[95.89306,29.00375],[95.90393,29.03613],[95.88002,29.10553],[95.88678,29.13106],[95.93445,29.17607],[95.95237,29.22936],[95.99037,29.25768],[95.98303,29.27256],[95.99171,29.28258],[96.01859,29.28864],[96.04674,29.31266],[96.06441,29.34547],[96.08661,29.36271],[96.05342,29.38513],[96.02749,29.43132],[96.02744,29.45869],[96.08952,29.47891],[96.09447,29.50235],[96.07713,29.52698],[96.0859,29.54473],[96.10064,29.54922],[96.13309,29.53862],[96.16392,29.51664],[96.19848,29.5206],[96.20934,29.50742],[96.23019,29.50275],[96.24393,29.4789],[96.27249,29.46042],[96.30874,29.45767],[96.31831,29.43898],[96.35207,29.43896],[96.42051,29.38303],[96.43133,29.38489],[96.44477,29.40207],[96.50678,29.39073],[96.52593,29.36354],[96.58675,29.3302],[96.60787,29.32971],[96.60857,29.30967],[96.66769,29.27634],[96.67584,29.25558],[96.6666,29.24878],[96.72204,29.1667],[96.75757,29.17967],[96.76915,29.17281],[96.79782,29.18708],[96.83756,29.17837],[96.84492,29.1647],[96.88397,29.15855],[96.87822,29.13295],[96.90302,29.12225],[96.91616,29.12564],[96.92029,29.13942],[96.91176,29.14874],[96.91897,29.20018],[96.93962,29.21538],[96.95576,29.19748],[96.97709,29.19492],[96.98521,29.20405],[96.98809,29.24846],[96.97918,29.27284],[96.98954,29.29252],[96.9915,29.32066],[96.95709,29.33873],[96.96044,29.35944],[96.95287,29.36321],[96.96959,29.38186],[96.98102,29.37795],[96.99382,29.39719],[96.9851,29.43669],[96.97351,29.44896],[96.9823,29.4854],[97.01744,29.50017],[97.05732,29.48628],[97.06427,29.49681],[97.05373,29.5043],[97.0521,29.5176],[97.06424,29.52413],[97.05953,29.53731],[97.07541,29.54939],[97.08841,29.54361],[97.08235,29.52669],[97.08642,29.50755],[97.15145,29.44867],[97.19209,29.44617],[97.20945,29.46416],[97.22438,29.46302],[97.23764,29.44985],[97.26408,29.45856],[97.29335,29.45343],[97.2803,29.4346],[97.31509,29.41749],[97.35886,29.36914],[97.33622,29.35677],[97.33377,29.34653],[97.34475,29.33972],[97.34473,29.3311],[97.33345,29.32306],[97.35842,29.30593],[97.36224,29.28556],[97.39765,29.28902],[97.39723,29.23396],[97.41729,29.18742],[97.39865,29.11932],[97.40919,29.0705],[97.48646,29.08442],[97.51682,29.102],[97.54615,29.1003],[97.54195,29.12458],[97.52616,29.12782],[97.51768,29.14028],[97.523,29.15827],[97.53134,29.16061],[97.53548,29.18711],[97.55801,29.197],[97.58416,29.18164],[97.61451,29.21029],[97.5931,29.22344],[97.57474,29.24855],[97.55213,29.25599],[97.54635,29.28],[97.56615,29.28819],[97.59545,29.28263],[97.60423,29.29367],[97.63761,29.27343],[97.6735,29.27509],[97.68546,29.26095],[97.71236,29.25823],[97.71574,29.24291],[97.7411,29.24091],[97.75361,29.21148],[97.79165,29.18114],[97.78842,29.17148],[97.79791,29.15458],[97.82388,29.14458],[97.81929,29.12883],[97.8437,29.10365],[97.90704,29.10343],[97.94186,29.11563],[97.9393,29.12749],[97.95413,29.14493],[97.97497,29.13884],[98.00637,29.10499],[98.0355,29.08722],[98.0335,29.06221],[98.04221,29.0333],[98.08122,29.03461],[98.11382,29.00809],[98.11603,29.0022],[98.09921,28.99278],[98.09988,28.97835],[98.09397,28.97273],[98.0872,28.9797],[98.08459,28.97037],[98.12169,28.91699],[98.14584,28.89795],[98.14517,28.86352],[98.16654,28.87266],[98.20321,28.86679],[98.21054,28.90017],[98.23494,28.91327],[98.23039,28.92437],[98.24136,28.92413],[98.2597,28.90023],[98.30681,28.87286],[98.30462,28.84266],[98.31897,28.82815],[98.3156,28.81165],[98.32551,28.79579],[98.3554,28.78986],[98.37357,28.76866],[98.44238,28.79127],[98.45385,28.78032],[98.47758,28.73684],[98.46509,28.70265],[98.47615,28.68691],[98.48015,28.63803],[98.49159,28.62947],[98.50239,28.59895],[98.5306,28.58138],[98.53632,28.56159],[98.55288,28.55286],[98.5385,28.53904],[98.54089,28.5094],[98.59548,28.4625],[98.63859,28.46469]]]}},{"type":"Feature","id":"CTAMAP-2017-COUNTY-0228","properties":{"map_level":"county","source_name":"措美县","source_code":"540526","county_type":"县","prefecture_name":"山南市","prefecture_code":"540500","prefecture_type":"地级市","parent_entity_id":"CNUR-000286","parent_year_end_name":"山南市","province_name":"西藏自治区","province_code":"540000","snapshot_year":2017,"panel_year":2016,"link_status":"parent_linked","former_name":"","note":""},"geometry":{"type":"Polygon","coordinates":[[[91.36636,28.94751],[91.41146,28.9134],[91.44917,28.91268],[91.46243,28.89999],[91.48558,28.90555],[91.50707,28.89976],[91.51945,28.89374],[91.5147,28.88272],[91.52861,28.87374],[91.56494,28.88015],[91.65339,28.81666],[91.6732,28.81684],[91.70495,28.83409],[91.68717,28.85178],[91.69552,28.85988],[91.76519,28.84051],[91.78134,28.85097],[91.82445,28.85576],[91.83584,28.8467],[91.8571,28.84689],[91.87038,28.82294],[91.89069,28.82245],[91.91367,28.79065],[91.89688,28.79231],[91.8892,28.78228],[91.88333,28.76145],[91.8883,28.7542],[91.87017,28.71076],[91.89645,28.66771],[91.91358,28.65431],[91.91276,28.64434],[91.92568,28.63686],[91.91536,28.61458],[91.91801,28.59326],[91.9388,28.57423],[91.94161,28.5607],[91.98001,28.54376],[91.98041,28.51696],[91.9599,28.458],[91.91872,28.45289],[91.90191,28.42002],[91.87241,28.43502],[91.85473,28.43262],[91.82911,28.44205],[91.72367,28.43081],[91.70213,28.46157],[91.66697,28.46283],[91.61586,28.4429],[91.60412,28.42557],[91.6118,28.39605],[91.58384,28.38851],[91.55808,28.39236],[91.53386,28.3742],[91.53906,28.3358],[91.5191,28.26072],[91.50055,28.23398],[91.47584,28.23937],[91.46963,28.22838],[91.44316,28.22058],[91.38747,28.24366],[91.35713,28.23486],[91.2618,28.23174],[91.18489,28.19214],[91.15385,28.19574],[91.12981,28.22295],[91.13666,28.27124],[91.12847,28.32978],[91.15089,28.34727],[91.10978,28.4129],[91.12192,28.43406],[91.11693,28.47327],[91.12887,28.49984],[91.10591,28.5136],[91.13197,28.5436],[91.18717,28.57076],[91.21199,28.57637],[91.23212,28.57075],[91.22519,28.5938],[91.24174,28.5861],[91.25627,28.59713],[91.28087,28.5954],[91.31684,28.6725],[91.33185,28.67362],[91.32934,28.70244],[91.32026,28.71224],[91.3233,28.72652],[91.33535,28.73352],[91.3565,28.7278],[91.36204,28.77985],[91.33336,28.7663],[91.26389,28.77954],[91.26436,28.82441],[91.24198,28.83676],[91.23646,28.84921],[91.25555,28.86103],[91.25575,28.88356],[91.27965,28.91518],[91.29446,28.96448],[91.36636,28.94751]]]}},{"type":"Feature","id":"CTAMAP-2017-COUNTY-0229","properties":{"map_level":"county","source_name":"错那县","source_code":"540530","county_type":"县","prefecture_name":"山南市","prefecture_code":"540500","prefecture_type":"地级市","parent_entity_id":"CNUR-000286","parent_year_end_name":"山南市","province_name":"西藏自治区","province_code":"540000","snapshot_year":2017,"panel_year":2016,"link_status":"parent_linked","former_name":"","note":""},"geometry":{"type":"Polygon","coordinates":[[[91.89334,28.42118],[91.89514,28.40167],[91.93732,28.38292],[91.9425,28.36337],[91.97049,28.36974],[91.9842,28.34596],[92.02082,28.33747],[92.03208,28.29436],[92.0127,28.26418],[92.02233,28.25792],[92.05013,28.26202],[92.05872,28.2361],[92.07251,28.22806],[92.14656,28.26424],[92.19816,28.27686],[92.18328,28.30162],[92.20159,28.31307],[92.2733,28.33251],[92.32863,28.3093],[92.34313,28.30932],[92.35338,28.32359],[92.40523,28.32603],[92.54615,28.31018],[92.55902,28.29222],[92.52925,28.25631],[92.53185,28.21801],[92.51225,28.1764],[92.52124,28.15316],[92.53912,28.12995],[92.55288,28.12535],[92.5924,28.13944],[92.64339,28.11059],[92.66562,28.10707],[92.69145,28.10964],[92.76882,28.17926],[92.85284,28.19872],[92.91748,28.23029],[92.94617,28.26503],[93.0173,28.27865],[93.04608,28.31481],[93.14809,28.34481],[93.22985,28.3454],[93.274,28.36072],[93.29378,28.33919],[93.34076,28.35089],[93.44106,28.29199],[93.53262,28.27119],[93.60814,28.27503],[93.68067,28.33435],[93.72302,28.31443],[93.72966,28.30066],[93.76452,28.27361],[93.84383,28.24507],[93.90723,28.2512],[93.94518,28.27301],[93.98532,28.24228],[94.01087,28.23611],[94.02813,28.21031],[94.05559,28.19458],[94.08115,28.19138],[94.12871,28.20345],[94.15707,28.18738],[94.15145,28.18245],[94.1561,28.12795],[94.14448,28.09021],[94.19547,28.03152],[94.20455,28.0],[94.23461,27.98543],[94.26514,27.98535],[94.30142,27.94966],[94.32303,27.8953],[94.31655,27.85484],[94.34968,27.8318],[94.33671,27.81643],[94.34125,27.80795],[94.3307,27.80483],[94.31991,27.78438],[94.31036,27.74373],[94.33411,27.72536],[94.35219,27.73173],[94.35503,27.72285],[94.24421,27.65047],[94.21087,27.61425],[94.21018,27.60336],[94.22519,27.59799],[94.22487,27.57545],[94.25545,27.56171],[94.21805,27.53661],[94.13477,27.44952],[93.97843,27.31651],[93.86446,27.19706],[93.84566,27.16185],[93.84162,27.04763],[93.81996,27.02764],[93.73597,27.01218],[93.62437,26.95555],[93.57036,26.9396],[93.24884,26.91105],[93.09537,26.88012],[92.92119,26.9151],[92.79342,26.89677],[92.6773,26.95129],[92.64946,26.95414],[92.55714,26.94677],[92.42508,26.90917],[92.31849,26.90151],[92.10545,26.85704],[92.12227,26.96215],[92.10343,26.98265],[92.09875,27.00602],[92.0778,27.01959],[92.07689,27.04205],[92.03619,27.06195],[92.02307,27.10748],[92.03438,27.13884],[92.03151,27.17337],[92.05639,27.19085],[92.07773,27.25658],[92.09128,27.27113],[92.11429,27.2733],[92.12511,27.28332],[92.04409,27.42953],[92.02315,27.44663],[92.01187,27.47761],[91.94977,27.46734],[91.83489,27.49302],[91.74199,27.46561],[91.67879,27.49017],[91.66033,27.51073],[91.62237,27.51452],[91.60608,27.53819],[91.58377,27.54437],[91.56146,27.58402],[91.57819,27.60287],[91.56131,27.62639],[91.56101,27.64041],[91.56719,27.65338],[91.6201,27.6968],[91.64317,27.76223],[91.63126,27.7966],[91.6103,27.82133],[91.57214,27.81466],[91.54658,27.8198],[91.54144,27.82879],[91.559,27.85935],[91.5917,27.85378],[91.61397,27.86035],[91.61811,27.8809],[91.58956,27.90389],[91.55129,27.89532],[91.54902,27.91658],[91.48377,27.94172],[91.48805,27.97399],[91.47006,27.98227],[91.46295,28.00599],[91.43249,28.00656],[91.39795,28.03119],[91.41152,28.06835],[91.43425,28.08558],[91.43041,28.10447],[91.44542,28.12009],[91.47069,28.1186],[91.48485,28.13202],[91.46444,28.15084],[91.48031,28.17548],[91.47715,28.18889],[91.45659,28.19897],[91.44291,28.22064],[91.45836,28.22192],[91.47584,28.23937],[91.49812,28.23312],[91.51026,28.2394],[91.53906,28.3358],[91.53351,28.37211],[91.54252,28.38541],[91.6118,28.39605],[91.60412,28.42557],[91.6143,28.44145],[91.66911,28.46321],[91.70213,28.46157],[91.72367,28.43081],[91.82911,28.44205],[91.85473,28.43262],[91.87241,28.43502],[91.89334,28.42118]]]}},{"type":"Feature","id":"CTAMAP-2017-COUNTY-0235","properties":{"map_level":"county","source_name":"达孜县","source_code":"540126","county_type":"县","prefecture_name":"拉萨市","prefecture_code":"540100","prefecture_type":"地级市","parent_entity_id":"CNUR-000282","parent_year_end_name":"拉萨市","province_name":"西藏自治区","province_code":"540000","snapshot_year":2017,"panel_year":2016,"link_status":"parent_linked","former_name":"","note":""},"geometry":{"type":"Polygon","coordinates":[[[91.54244,30.00105],[91.55103,29.98617],[91.59031,29.97095],[91.62254,29.96423],[91.64755,29.97438],[91.66655,29.95536],[91.66416,29.94324],[91.67671,29.93023],[91.67847,29.9052],[91.65529,29.88164],[91.65711,29.85021],[91.62139,29.76929],[91.63025,29.74375],[91.60066,29.72129],[91.57133,29.67686],[91.58502,29.65948],[91.56865,29.63058],[91.59337,29.62344],[91.59841,29.57937],[91.58612,29.57092],[91.54838,29.58129],[91.48985,29.53852],[91.46558,29.53877],[91.45807,29.52137],[91.41633,29.50447],[91.40078,29.48867],[91.37755,29.49048],[91.28391,29.53192],[91.28136,29.54374],[91.30198,29.56908],[91.27791,29.59946],[91.2808,29.61138],[91.26975,29.63632],[91.2676,29.65482],[91.27804,29.68143],[91.24896,29.6935],[91.24238,29.71362],[91.21211,29.73977],[91.20944,29.75689],[91.24139,29.7778],[91.26826,29.77837],[91.28863,29.75662],[91.30647,29.75326],[91.36119,29.76829],[91.43785,29.77412],[91.4769,29.81302],[91.4558,29.82204],[91.41932,29.87727],[91.42858,29.89101],[91.42429,29.96838],[91.44054,29.97917],[91.4348,30.01662],[91.54244,30.00105]]]}},{"type":"Feature","id":"CTAMAP-2017-COUNTY-0282","properties":{"map_level":"county","source_name":"当雄县","source_code":"540122","county_type":"县","prefecture_name":"拉萨市","prefecture_code":"540100","prefecture_type":"地级市","parent_entity_id":"CNUR-000282","parent_year_end_name":"拉萨市","province_name":"西藏自治区","province_code":"540000","snapshot_year":2017,"panel_year":2016,"link_status":"parent_linked","former_name":"","note":""},"geometry":{"type":"Polygon","coordinates":[[[91.905,30.51897],[91.81806,30.48669],[91.81132,30.46615],[91.79065,30.46676],[91.79092,30.44915],[91.80541,30.43751],[91.80571,30.4327],[91.778,30.4443],[91.75315,30.44483],[91.73079,30.45963],[91.70708,30.4447],[91.68033,30.45651],[91.64193,30.41728],[91.62692,30.42299],[91.60299,30.44988],[91.56909,30.446],[91.55666,30.46201],[91.51004,30.47075],[91.47712,30.45968],[91.45976,30.44241],[91.42273,30.44771],[91.37322,30.38384],[91.29766,30.39255],[91.28775,30.36461],[91.27803,30.35947],[91.20103,30.34901],[91.18,30.33633],[91.1446,30.34359],[91.13357,30.29718],[91.14085,30.27859],[91.09486,30.25565],[91.07901,30.22138],[91.03603,30.2153],[91.00131,30.2353],[90.99428,30.22906],[90.98649,30.18755],[90.99875,30.12788],[90.97836,30.12803],[90.93958,30.14374],[90.89768,30.13924],[90.84717,30.15081],[90.82836,30.14555],[90.80394,30.12288],[90.78172,30.13183],[90.71715,30.12062],[90.69518,30.13812],[90.66689,30.12124],[90.67186,30.09314],[90.65268,30.09605],[90.62903,30.08803],[90.62347,30.07845],[90.61774,30.05196],[90.62361,30.03373],[90.60044,29.97613],[90.56821,29.95629],[90.54016,29.95197],[90.55074,29.94606],[90.56609,29.91235],[90.5395,29.87431],[90.54129,29.84912],[90.54812,29.84392],[90.51805,29.80492],[90.51716,29.77902],[90.50749,29.76702],[90.48343,29.76432],[90.47922,29.68034],[90.46744,29.63684],[90.47278,29.61189],[90.4965,29.60411],[90.49857,29.57945],[90.48029,29.55847],[90.48118,29.52453],[90.46926,29.5165],[90.43997,29.51971],[90.42509,29.53571],[90.42478,29.55263],[90.38529,29.57927],[90.3316,29.5981],[90.30244,29.62718],[90.3138,29.64511],[90.30571,29.66671],[90.29868,29.66793],[90.29893,29.70665],[90.26306,29.72534],[90.22846,29.75723],[90.18112,29.77115],[90.18064,29.80192],[90.19744,29.81397],[90.21474,29.80842],[90.22542,29.83752],[90.22083,29.85017],[90.19049,29.8674],[90.17525,29.89103],[90.15925,29.89023],[90.15033,29.88059],[90.1412,29.88468],[90.13272,29.9042],[90.08961,29.92373],[90.08741,29.93923],[90.07356,29.95438],[90.0852,29.96],[90.08341,30.01876],[90.1212,30.0157],[90.12112,30.047],[90.13509,30.07398],[90.15727,30.09001],[90.1574,30.11078],[90.17268,30.13761],[90.19978,30.15357],[90.20375,30.18125],[90.23204,30.19919],[90.22208,30.23203],[90.24404,30.2804],[90.33341,30.30499],[90.35466,30.30069],[90.35754,30.28747],[90.37456,30.27799],[90.3998,30.28578],[90.40837,30.30863],[90.39896,30.34],[90.44168,30.35856],[90.44775,30.38569],[90.46732,30.3828],[90.47527,30.37296],[90.52066,30.40906],[90.55814,30.4047],[90.65526,30.47171],[90.5915,30.56583],[90.71694,30.90883],[90.71834,30.95349],[90.7408,30.97186],[90.75506,31.01483],[90.77582,31.02176],[90.7965,31.02692],[90.88022,30.996],[90.90809,31.02272],[90.93718,31.01565],[90.97848,30.97676],[90.98128,30.9383],[90.99793,30.9342],[91.01888,30.94765],[91.00902,30.92332],[91.07769,30.8826],[91.1081,30.89732],[91.10895,30.91103],[91.124,30.92523],[91.10347,30.93715],[91.14716,30.9517],[91.15938,30.96502],[91.12263,30.98388],[91.10554,31.02296],[91.11199,31.04225],[91.13393,31.05154],[91.14207,31.03983],[91.17142,31.03516],[91.18635,31.02105],[91.24026,31.0412],[91.2724,31.03805],[91.27811,31.05811],[91.34569,31.04314],[91.34888,31.00027],[91.36864,30.989],[91.3678,30.91848],[91.37827,30.90589],[91.38056,30.85542],[91.39646,30.81892],[91.4243,30.80106],[91.44052,30.74904],[91.42712,30.73256],[91.42331,30.70777],[91.43242,30.70142],[91.45079,30.70737],[91.4751,30.70358],[91.48791,30.69379],[91.48985,30.66881],[91.50359,30.65821],[91.57266,30.65876],[91.62808,30.67486],[91.65595,30.7013],[91.71121,30.71466],[91.72347,30.72436],[91.74191,30.71902],[91.74524,30.70313],[91.73613,30.67841],[91.74151,30.66345],[91.82682,30.62168],[91.905,30.51897]]]}},{"type":"Feature","id":"CTAMAP-2017-COUNTY-0316","properties":{"map_level":"county","source_name":"丁青县","source_code":"540324","county_type":"县","prefecture_name":"昌都市","prefecture_code":"540300","prefecture_type":"地级市","parent_entity_id":"CNUR-000284","parent_year_end_name":"昌都市","province_name":"西藏自治区","province_code":"540000","snapshot_year":2017,"panel_year":2016,"link_status":"parent_linked","former_name":"","note":""},"geometry":{"type":"Polygon","coordinates":[[[95.40352,32.18583],[95.42178,32.16125],[95.43941,32.15978],[95.44001,32.13976],[95.43041,32.12648],[95.44906,32.10982],[95.45363,32.06477],[95.4241,32.05325],[95.41943,32.03697],[95.45322,32.00945],[95.43071,32.00146],[95.42151,32.01041],[95.41478,32.00311],[95.3949,32.00388],[95.37314,31.97928],[95.36936,31.94762],[95.35962,31.94084],[95.37131,31.92824],[95.40821,31.91972],[95.40525,31.90042],[95.42114,31.88366],[95.42276,31.86307],[95.44007,31.83251],[95.46233,31.81572],[95.45305,31.8043],[95.48663,31.79038],[95.5135,31.75049],[95.53638,31.74257],[95.57128,31.74462],[95.58069,31.77039],[95.60689,31.77108],[95.61682,31.78622],[95.77615,31.75257],[95.78961,31.73805],[95.80378,31.69951],[95.83452,31.67435],[95.82871,31.64343],[95.80945,31.63127],[95.80871,31.60241],[95.82702,31.60276],[95.8308,31.59262],[95.82499,31.5464],[95.83324,31.52716],[95.8486,31.51565],[95.86064,31.52074],[95.89386,31.50599],[95.95082,31.44013],[95.99445,31.42369],[95.98829,31.39649],[96.0088,31.3813],[96.04933,31.41681],[96.05975,31.41814],[96.05809,31.3917],[96.06598,31.37974],[96.07857,31.38548],[96.09627,31.37189],[96.11544,31.37144],[96.11885,31.35746],[96.09989,31.35507],[96.09456,31.34433],[96.11001,31.32068],[96.09926,31.28351],[96.11973,31.2908],[96.12345,31.27613],[96.17473,31.26869],[96.25178,31.22444],[96.26698,31.23063],[96.28487,31.21871],[96.33389,31.21285],[96.3424,31.20192],[96.3326,31.18225],[96.35543,31.17569],[96.37189,31.16105],[96.37504,31.14335],[96.3522,31.13548],[96.32265,31.13838],[96.28632,31.11086],[96.28614,31.09892],[96.26751,31.07984],[96.19082,31.10877],[96.16412,31.07661],[96.18318,31.06867],[96.18361,31.04633],[96.21492,31.03226],[96.18743,31.02415],[96.18299,31.01144],[96.19075,31.00428],[96.17236,30.97735],[96.17245,30.96154],[96.15956,30.95855],[96.14837,30.97224],[96.15471,31.00104],[96.09606,31.01797],[96.08709,31.03805],[96.07473,31.02976],[96.05463,31.03599],[96.02336,31.02429],[96.01554,31.01368],[96.01833,31.00357],[95.99761,31.00446],[95.96517,31.04295],[95.93771,31.05097],[95.90589,31.09688],[95.86377,31.11408],[95.84427,31.1075],[95.82951,31.13197],[95.80536,31.14779],[95.73956,31.15833],[95.70143,31.15474],[95.71258,31.13551],[95.70591,31.11893],[95.68106,31.12869],[95.64127,31.12676],[95.63183,31.15132],[95.59863,31.12745],[95.60512,31.11031],[95.60086,31.09368],[95.53069,31.05233],[95.51168,31.017],[95.48218,31.01017],[95.48735,31.01459],[95.4678,31.05849],[95.4406,31.10309],[95.4154,31.11699],[95.39173,31.10655],[95.37948,31.14497],[95.33732,31.13736],[95.30784,31.14537],[95.29598,31.16092],[95.27079,31.14361],[95.25866,31.16551],[95.23091,31.18279],[95.17655,31.18191],[95.11736,31.19522],[95.10193,31.20571],[95.08447,31.24406],[95.05589,31.28098],[95.01679,31.29197],[94.9767,31.28964],[94.98975,31.32505],[94.96283,31.3662],[94.93383,31.38415],[94.92697,31.37293],[94.91278,31.37289],[94.87975,31.40558],[94.86607,31.40939],[94.86494,31.42897],[94.90071,31.46245],[94.90979,31.48615],[94.89407,31.51349],[94.88994,31.54457],[94.85928,31.54452],[94.83867,31.56008],[94.76753,31.56371],[94.75121,31.60398],[94.76226,31.6191],[94.74565,31.64198],[94.7128,31.65185],[94.69626,31.63848],[94.67963,31.64249],[94.68094,31.68482],[94.7268,31.68945],[94.72889,31.71202],[94.76312,31.71338],[94.7694,31.73754],[94.75868,31.7568],[94.75351,31.79675],[94.64107,31.837],[94.64468,31.87366],[94.67222,31.9186],[94.67287,31.94222],[94.65422,31.99219],[94.69102,32.04472],[94.65991,32.05691],[94.66357,32.08496],[94.64542,32.10467],[94.64888,32.15375],[94.65722,32.16061],[94.6559,32.18309],[94.67315,32.19201],[94.66195,32.19647],[94.6686,32.21572],[94.74401,32.26746],[94.75853,32.34812],[94.74411,32.34795],[94.68855,32.40339],[94.68729,32.4449],[94.64837,32.46355],[94.69635,32.46995],[94.7123,32.50291],[94.73798,32.49343],[94.7406,32.52111],[94.75821,32.5322],[94.78616,32.5248],[94.79712,32.49749],[94.83993,32.48027],[94.85185,32.46502],[94.89087,32.47426],[94.9038,32.45462],[94.91142,32.41998],[94.92115,32.41196],[94.94086,32.40633],[94.95166,32.41467],[94.97911,32.41164],[94.98704,32.42512],[95.05205,32.39971],[95.07369,32.37822],[95.08814,32.39015],[95.12837,32.3883],[95.12979,32.40065],[95.1531,32.40375],[95.15166,32.38859],[95.16422,32.38667],[95.17174,32.39531],[95.191,32.38854],[95.21617,32.39756],[95.2302,32.36731],[95.25814,32.35143],[95.19216,32.33417],[95.09554,32.32475],[95.07867,32.29845],[95.07805,32.28218],[95.11153,32.26284],[95.20498,32.29871],[95.21457,32.32478],[95.23996,32.3229],[95.24534,32.29595],[95.23862,32.28626],[95.25508,32.25735],[95.26168,32.21419],[95.2768,32.20989],[95.27941,32.20353],[95.26896,32.19686],[95.28531,32.17443],[95.30644,32.16639],[95.31173,32.15118],[95.34168,32.15754],[95.35246,32.14815],[95.36241,32.15002],[95.35805,32.16732],[95.36787,32.1825],[95.40352,32.18583]]]}},{"type":"Feature","id":"CTAMAP-2017-COUNTY-0322","properties":{"map_level":"county","source_name":"定结县","source_code":"540231","county_type":"县","prefecture_name":"日喀则市","prefecture_code":"540200","prefecture_type":"地级市","parent_entity_id":"CNUR-000283","parent_year_end_name":"日喀则市","province_name":"西藏自治区","province_code":"540000","snapshot_year":2017,"panel_year":2016,"link_status":"parent_linked","former_name":"","note":""},"geometry":{"type":"Polygon","coordinates":[[[88.37075,28.64931],[88.36058,28.64174],[88.35688,28.6114],[88.37174,28.57025],[88.37077,28.48532],[88.36393,28.47584],[88.34305,28.47756],[88.3414,28.47176],[88.34774,28.40147],[88.37244,28.29701],[88.34834,28.27384],[88.32734,28.29294],[88.25572,28.28514],[88.23915,28.28981],[88.22566,28.27728],[88.20017,28.27944],[88.17269,28.26971],[88.18518,28.25496],[88.2064,28.17049],[88.23764,28.14134],[88.24762,28.10104],[88.19958,28.06712],[88.17234,27.99322],[88.17707,27.97679],[88.16273,27.95905],[88.1408,27.95886],[88.13243,27.93086],[88.11948,27.92041],[88.14097,27.88015],[88.10366,27.8686],[88.09099,27.87523],[88.08346,27.89181],[88.05526,27.89015],[88.03747,27.90357],[87.98229,27.88789],[87.94249,27.91126],[87.87329,27.91186],[87.86334,27.92061],[87.86123,27.94066],[87.83711,27.95061],[87.82339,27.92287],[87.78404,27.89498],[87.77349,27.86241],[87.72977,27.80648],[87.67067,27.80603],[87.66765,27.83211],[87.65876,27.83633],[87.64235,27.83246],[87.61911,27.811],[87.60086,27.81477],[87.59061,27.82201],[87.58428,27.85457],[87.56036,27.86595],[87.53664,27.84583],[87.49458,27.84312],[87.45477,27.82593],[87.40449,27.82975],[87.40516,27.83736],[87.432,27.84266],[87.4199,27.86035],[87.35917,27.82446],[87.31817,27.82777],[87.28729,27.84602],[87.31053,27.88335],[87.31101,27.95165],[87.31818,27.95954],[87.33415,27.96355],[87.3788,27.9552],[87.39715,27.99362],[87.41345,27.97483],[87.46853,27.98668],[87.4674,28.00423],[87.47443,28.00638],[87.50484,28.01053],[87.51863,28.00225],[87.54909,28.00115],[87.56438,28.02169],[87.54379,28.05288],[87.55344,28.10667],[87.52818,28.11115],[87.52612,28.14053],[87.53586,28.1519],[87.59779,28.17772],[87.60832,28.19486],[87.60345,28.20397],[87.57507,28.20732],[87.55145,28.22685],[87.53464,28.23126],[87.51737,28.2256],[87.5109,28.23134],[87.51524,28.25649],[87.50217,28.26124],[87.46913,28.31291],[87.44876,28.31903],[87.48123,28.3424],[87.49135,28.33918],[87.5386,28.37664],[87.55521,28.37561],[87.56042,28.39266],[87.57263,28.39368],[87.58186,28.40837],[87.62653,28.41056],[87.64869,28.43149],[87.65424,28.44896],[87.6908,28.46902],[87.70691,28.51722],[87.75325,28.5228],[87.76426,28.50163],[87.79288,28.48645],[87.84401,28.50778],[87.87068,28.49083],[87.89578,28.51986],[87.96024,28.53696],[87.96675,28.54498],[87.98803,28.54537],[88.03273,28.60211],[88.0458,28.60758],[88.05629,28.59978],[88.08084,28.61623],[88.0729,28.63392],[88.08188,28.6433],[88.07588,28.66251],[88.08822,28.67077],[88.07585,28.68133],[88.07951,28.69362],[88.08991,28.70218],[88.12153,28.69983],[88.10951,28.72223],[88.12465,28.74482],[88.14148,28.74477],[88.15152,28.73148],[88.17294,28.72388],[88.19542,28.72911],[88.21011,28.72038],[88.23564,28.72018],[88.24491,28.73217],[88.26428,28.70885],[88.28707,28.70479],[88.27285,28.68465],[88.2804,28.66388],[88.29635,28.674],[88.30769,28.66369],[88.33932,28.65886],[88.34464,28.64639],[88.35594,28.65569],[88.37075,28.64931]]]}},{"type":"Feature","id":"CTAMAP-2017-COUNTY-0324","properties":{"map_level":"county","source_name":"定日县","source_code":"540223","county_type":"县","prefecture_name":"日喀则市","prefecture_code":"540200","prefecture_type":"地级市","parent_entity_id":"CNUR-000283","parent_year_end_name":"日喀则市","province_name":"西藏自治区","province_code":"540000","snapshot_year":2017,"panel_year":2016,"link_status":"parent_linked","former_name":"","note":""},"geometry":{"type":"Polygon","coordinates":[[[87.17239,28.96926],[87.24515,28.97745],[87.26681,28.96556],[87.28149,28.97338],[87.29779,28.9678],[87.36911,28.98345],[87.38813,28.9757],[87.39655,28.95183],[87.41451,28.95517],[87.42128,28.94771],[87.44462,28.95357],[87.45885,28.93357],[87.49655,28.95299],[87.48464,28.92745],[87.50056,28.90924],[87.492,28.86857],[87.52493,28.84133],[87.5272,28.8277],[87.5093,28.80471],[87.53745,28.79102],[87.56014,28.80721],[87.58721,28.80314],[87.59785,28.78944],[87.59735,28.77581],[87.61367,28.76505],[87.65948,28.77512],[87.68286,28.75167],[87.72666,28.74397],[87.74166,28.715],[87.74311,28.65639],[87.75636,28.5917],[87.73948,28.57535],[87.73212,28.52108],[87.70398,28.51475],[87.6908,28.46902],[87.65424,28.44896],[87.64869,28.43149],[87.62653,28.41056],[87.58186,28.40837],[87.57263,28.39368],[87.56042,28.39266],[87.55521,28.37561],[87.5386,28.37664],[87.49135,28.33918],[87.48123,28.3424],[87.44876,28.31903],[87.46913,28.31291],[87.50217,28.26124],[87.51524,28.25649],[87.5109,28.23134],[87.51737,28.2256],[87.53464,28.23126],[87.55145,28.22685],[87.57507,28.20732],[87.60345,28.20397],[87.60832,28.19486],[87.59779,28.17772],[87.53586,28.1519],[87.52612,28.14053],[87.52818,28.11115],[87.55344,28.10667],[87.54379,28.05288],[87.56438,28.02169],[87.54983,28.00168],[87.51863,28.00225],[87.50484,28.01053],[87.47443,28.00638],[87.4674,28.00423],[87.46853,27.98668],[87.41227,27.97475],[87.39715,27.99362],[87.3788,27.9552],[87.32333,27.9626],[87.31101,27.95165],[87.31053,27.88335],[87.28729,27.84602],[87.26103,27.84511],[87.22635,27.82024],[87.206,27.81707],[87.16725,27.82189],[87.12157,27.83908],[87.07514,27.91733],[87.03428,27.94808],[86.93478,27.96195],[86.92814,27.98321],[86.88701,27.99599],[86.86258,28.02614],[86.82308,28.01543],[86.76026,28.03542],[86.75003,28.04922],[86.76288,28.0742],[86.74931,28.07682],[86.7436,28.09157],[86.71933,28.103],[86.67579,28.10014],[86.63415,28.06921],[86.61107,28.07444],[86.59608,28.10204],[86.56633,28.10704],[86.55943,28.05898],[86.53302,28.04613],[86.51567,28.0],[86.51579,27.96637],[86.47549,27.94496],[86.45824,27.91566],[86.44129,27.91016],[86.4114,27.90927],[86.37838,27.93767],[86.34938,27.93961],[86.33512,27.96575],[86.31519,27.94892],[86.28989,27.97768],[86.22699,27.97753],[86.21959,28.03768],[86.2084,28.06529],[86.21031,28.08765],[86.21982,28.09693],[86.24889,28.09693],[86.25164,28.10755],[86.26294,28.1102],[86.26709,28.12889],[86.28548,28.13259],[86.30764,28.16154],[86.33643,28.17181],[86.33819,28.19455],[86.32962,28.21845],[86.3462,28.22449],[86.34886,28.30206],[86.28597,28.31843],[86.28302,28.37807],[86.27138,28.38827],[86.2868,28.39311],[86.28807,28.40683],[86.31396,28.42751],[86.31212,28.44242],[86.32137,28.45869],[86.33232,28.46178],[86.34101,28.48316],[86.33862,28.49977],[86.29197,28.50395],[86.31559,28.55287],[86.31915,28.61918],[86.36032,28.61473],[86.3626,28.59983],[86.37937,28.59698],[86.38826,28.58524],[86.43311,28.58755],[86.44753,28.62631],[86.4596,28.63482],[86.45126,28.65346],[86.52547,28.67057],[86.55063,28.73105],[86.5384,28.74508],[86.56849,28.77558],[86.5608,28.78711],[86.56202,28.82196],[86.58459,28.84086],[86.59021,28.85681],[86.57983,28.87002],[86.57627,28.8986],[86.60972,28.93556],[86.61802,28.96652],[86.60859,28.98433],[86.61878,28.99222],[86.60702,29.0139],[86.57907,29.02488],[86.55904,29.04373],[86.54234,29.07268],[86.58259,29.04425],[86.60213,29.05276],[86.63762,29.05198],[86.6448,29.06343],[86.6716,29.07323],[86.67478,29.08947],[86.70052,29.10477],[86.72232,29.09972],[86.75147,29.1102],[86.79998,29.11314],[86.86157,29.10373],[86.87029,29.10485],[86.87533,29.11628],[86.91626,29.12271],[86.95319,29.1128],[86.96648,29.1221],[86.98768,29.12131],[87.00743,29.13472],[87.04881,29.12282],[87.07694,29.12568],[87.06644,29.10269],[87.0708,29.07541],[87.0825,29.05926],[87.08023,29.04952],[87.1106,29.03738],[87.10532,29.01856],[87.12535,29.0084],[87.11889,28.99172],[87.16718,28.97719],[87.17239,28.96926]]]}},{"type":"Feature","id":"CTAMAP-2017-COUNTY-0382","properties":{"map_level":"county","source_name":"堆龙德庆区","source_code":"540103","county_type":"市辖区","prefecture_name":"拉萨市","prefecture_code":"540100","prefecture_type":"地级市","parent_entity_id":"CNUR-000282","parent_year_end_name":"拉萨市","province_name":"西藏自治区","province_code":"540000","snapshot_year":2017,"panel_year":2016,"link_status":"parent_linked","former_name":"堆龙德庆县","note":"2015年撤销堆龙德庆县，设立堆龙德庆区"},"geometry":{"type":"Polygon","coordinates":[[[90.97836,30.12803],[91.02127,30.12716],[91.0347,30.1406],[91.11207,30.13271],[91.12038,30.11767],[91.10433,30.0938],[91.07692,30.08569],[91.06694,30.07697],[91.06934,30.0666],[91.05214,30.05717],[90.94958,30.04479],[90.94258,30.02726],[90.91988,30.02719],[90.90346,30.00344],[90.86425,30.01082],[90.84581,30.00607],[90.8535,29.98676],[90.84866,29.96336],[90.86065,29.95322],[90.84765,29.90102],[90.86912,29.83345],[90.85599,29.81673],[90.85386,29.79129],[90.86063,29.78289],[90.90723,29.77162],[90.9333,29.78005],[91.02031,29.77229],[91.02789,29.76395],[91.02025,29.74188],[91.04241,29.70848],[91.02857,29.69396],[91.02904,29.65088],[91.02119,29.632],[91.05203,29.62981],[91.07155,29.6457],[91.10587,29.64692],[91.11173,29.60633],[91.15552,29.56235],[91.174,29.51317],[91.15391,29.4763],[91.1254,29.46465],[91.0995,29.46675],[91.08026,29.43458],[91.06329,29.43965],[91.01942,29.47554],[90.99535,29.51065],[90.99404,29.52997],[91.00737,29.53341],[91.0153,29.54712],[90.9977,29.56213],[90.99574,29.57489],[90.96341,29.58946],[90.938,29.58647],[90.90954,29.59507],[90.88831,29.5809],[90.84581,29.58859],[90.77962,29.5777],[90.73106,29.5899],[90.71182,29.57956],[90.66024,29.60322],[90.62892,29.58422],[90.57838,29.5886],[90.49578,29.56942],[90.4965,29.60411],[90.47278,29.61189],[90.46744,29.63684],[90.47922,29.68034],[90.48343,29.76432],[90.50749,29.76702],[90.51716,29.77902],[90.51805,29.80492],[90.54812,29.84392],[90.54129,29.84912],[90.5395,29.87431],[90.56603,29.91419],[90.55074,29.94606],[90.54016,29.95197],[90.56821,29.95629],[90.60058,29.97634],[90.62361,30.03373],[90.61776,30.05221],[90.62903,30.08803],[90.65268,30.09605],[90.67186,30.09314],[90.66665,30.12086],[90.69443,30.1381],[90.71715,30.12062],[90.78172,30.13183],[90.80394,30.12288],[90.83423,30.14892],[90.85794,30.15079],[90.89768,30.13924],[90.93958,30.14374],[90.97836,30.12803]]]}},{"type":"Feature","id":"CTAMAP-2017-COUNTY-0497","properties":{"map_level":"county","source_name":"噶尔县","source_code":"542523","county_type":"县","prefecture_name":"阿里地区","prefecture_code":"542500","prefecture_type":"地区","parent_entity_id":"CNUR-000288","parent_year_end_name":"阿里地区","province_name":"西藏自治区","province_code":"540000","snapshot_year":2017,"panel_year":2016,"link_status":"parent_linked","former_name":"","note":""},"geometry":{"type":"MultiPolygon","coordinates":[[[[80.43257,32.53787],[80.48451,32.54491],[80.53703,32.54273],[80.5585,32.52729],[80.63446,32.50707],[80.66235,32.48372],[80.68579,32.4753],[80.69188,32.45948],[80.71528,32.45008],[80.73156,32.42512],[80.84264,32.42136],[80.87746,32.40517],[80.88495,32.43417],[80.94798,32.44169],[80.96557,32.38579],[80.95145,32.37504],[80.9515,32.36418],[80.9226,32.34424],[80.94779,32.30399],[80.97077,32.30928],[81.03105,32.28796],[81.0377,32.27861],[81.03399,32.25235],[81.06167,32.22101],[80.99988,32.14603],[80.95062,32.1452],[80.94997,32.13906],[80.96439,32.10525],[80.96848,32.06966],[80.99104,32.03014],[80.98728,32.01788],[81.0117,31.98271],[81.00698,31.95484],[80.98124,31.92767],[80.99804,31.8825],[81.01158,31.87307],[81.0385,31.88481],[81.05329,31.90145],[81.06416,31.90055],[81.06452,31.88568],[81.08119,31.88073],[81.06661,31.85799],[81.06818,31.84832],[81.0564,31.8416],[81.0138,31.84134],[80.99098,31.82433],[80.96293,31.82749],[80.9434,31.8153],[80.92698,31.78953],[80.92929,31.77889],[80.89229,31.76621],[80.85966,31.7713],[80.85892,31.75123],[80.8098,31.76823],[80.79525,31.7655],[80.78723,31.74951],[80.79509,31.73997],[80.79095,31.73385],[80.73459,31.72292],[80.71542,31.69765],[80.73669,31.67801],[80.7361,31.64624],[80.75588,31.63556],[80.7416,31.62206],[80.73592,31.6032],[80.75143,31.59249],[80.7837,31.58735],[80.78874,31.57292],[80.80303,31.56571],[80.82352,31.56346],[80.82469,31.54704],[80.80587,31.5236],[80.82856,31.5091],[80.82351,31.48667],[80.84326,31.45112],[80.8217,31.43526],[80.83157,31.412],[80.85531,31.40497],[80.84797,31.39231],[80.85536,31.37414],[80.91088,31.34147],[80.92917,31.35139],[80.95657,31.35148],[80.96252,31.34284],[80.97514,31.36501],[81.00803,31.36944],[81.00652,31.38028],[81.01578,31.3867],[81.05614,31.35875],[81.03711,31.31978],[81.06991,31.30524],[81.08196,31.28962],[81.12887,31.2797],[81.16861,31.24049],[81.15985,31.22661],[81.16532,31.21329],[81.14815,31.19127],[81.15535,31.16393],[81.14369,31.16002],[81.11505,31.12475],[81.07888,31.10567],[81.04497,31.05485],[81.0246,31.03895],[81.02863,31.02056],[81.00915,30.98992],[80.99581,30.94511],[80.95384,30.94603],[80.9223,30.9304],[80.90214,30.93449],[80.91038,30.97725],[80.93911,30.99155],[80.94054,30.99897],[80.91282,31.01692],[80.90029,31.04795],[80.88553,31.05544],[80.87878,31.05581],[80.88125,31.04601],[80.87036,31.03822],[80.85665,31.04197],[80.83814,31.01443],[80.81111,31.02635],[80.78095,31.02572],[80.77203,31.01278],[80.74342,31.0114],[80.73381,30.97454],[80.69895,30.97569],[80.68893,30.98825],[80.70237,31.01048],[80.74438,31.04081],[80.73744,31.06558],[80.71259,31.05919],[80.68934,31.07323],[80.67299,31.12442],[80.61513,31.11744],[80.5863,31.0978],[80.59365,31.11265],[80.58537,31.12857],[80.53906,31.15054],[80.53497,31.15983],[80.50462,31.15687],[80.48152,31.14063],[80.46404,31.14175],[80.44565,31.1647],[80.42683,31.17317],[80.41361,31.16095],[80.41233,31.13616],[80.37445,31.08253],[80.34899,31.09663],[80.32957,31.09601],[80.34112,31.13333],[80.30807,31.20899],[80.31647,31.21821],[80.29159,31.23923],[80.2307,31.24095],[80.2234,31.25884],[80.24359,31.28744],[80.23401,31.29525],[80.21727,31.29461],[80.21373,31.30571],[80.23765,31.32327],[80.24332,31.34846],[80.20384,31.37298],[80.21758,31.38891],[80.23117,31.38559],[80.25248,31.39865],[80.26509,31.39495],[80.28109,31.40214],[80.29387,31.43968],[80.29081,31.45039],[80.30615,31.45667],[80.30494,31.46391],[80.28808,31.47355],[80.23038,31.47556],[80.20431,31.48462],[80.18065,31.47671],[80.15014,31.50016],[80.14548,31.51602],[80.13299,31.51939],[80.13007,31.53565],[80.10944,31.55887],[80.10565,31.58386],[80.09184,31.58737],[80.08409,31.59972],[80.05846,31.60555],[80.05013,31.5976],[80.04019,31.59968],[80.01083,31.6648],[79.98192,31.68592],[79.96294,31.71741],[79.94146,31.72334],[79.92881,31.73593],[79.9266,31.76811],[79.90919,31.77335],[79.90594,31.78806],[79.89266,31.79871],[79.90212,31.8156],[79.93407,31.82218],[79.93842,31.83039],[79.9316,31.84429],[79.93638,31.85358],[79.9266,31.86897],[79.91078,31.87219],[79.90207,31.90763],[79.93303,31.93402],[79.92977,31.94485],[79.91263,31.94541],[79.90399,31.96872],[79.88032,31.97982],[79.87154,32.00743],[79.83594,32.00846],[79.80858,32.05876],[79.81893,32.06544],[79.82113,32.09998],[79.8054,32.13448],[79.80173,32.1734],[79.77162,32.20187],[79.75383,32.20807],[79.75431,32.21632],[79.73423,32.22927],[79.71617,32.25842],[79.66683,32.26715],[79.65019,32.29953],[79.63631,32.30345],[79.66503,32.33507],[79.65899,32.35004],[79.65028,32.35401],[79.64498,32.34122],[79.5986,32.36063],[79.5795,32.35523],[79.55649,32.37075],[79.52945,32.3712],[79.49604,32.34312],[79.49071,32.3118],[79.47168,32.29799],[79.47761,32.32537],[79.47275,32.35017],[79.45369,32.38131],[79.41487,32.36553],[79.40616,32.38297],[79.37686,32.40398],[79.34822,32.41472],[79.32389,32.41097],[79.31034,32.42239],[79.29129,32.38503],[79.24159,32.4526],[79.21892,32.4558],[79.16866,32.48405],[79.18791,32.51259],[79.21741,32.5083],[79.22479,32.51782],[79.24763,32.51687],[79.27167,32.54162],[79.27167,32.56589],[79.30569,32.60086],[79.29546,32.63656],[79.26952,32.67558],[79.29808,32.73055],[79.27071,32.78266],[79.22313,32.79146],[79.23074,32.82929],[79.22931,32.90115],[79.24899,32.94729],[79.23507,32.96192],[79.2153,32.96555],[79.23811,32.97513],[79.24696,32.96322],[79.26428,32.96634],[79.28296,32.9535],[79.2858,32.93601],[79.30672,32.92551],[79.30166,32.9139],[79.31198,32.90045],[79.30223,32.88687],[79.31973,32.8834],[79.32289,32.86744],[79.36399,32.83389],[79.42333,32.80783],[79.47941,32.80178],[79.5683,32.75511],[79.60944,32.74376],[79.63927,32.7221],[79.66271,32.72228],[79.70153,32.69229],[79.73924,32.68306],[79.75553,32.71472],[79.83973,32.69893],[79.85317,32.74496],[79.87688,32.7498],[80.03036,32.69393],[80.05514,32.71155],[80.12609,32.69184],[80.13829,32.68008],[80.12799,32.65722],[80.14967,32.64593],[80.14085,32.62855],[80.17749,32.61245],[80.18042,32.59449],[80.26559,32.5945],[80.28296,32.57691],[80.30134,32.57301],[80.31246,32.54659],[80.33709,32.54486],[80.34939,32.53564],[80.40976,32.54561],[80.43257,32.53787]]],[[[81.27371,32.63246],[81.34665,32.60566],[81.38347,32.60395],[81.41823,32.57609],[81.41149,32.55335],[81.39959,32.54533],[81.35368,32.54707],[81.25388,32.51349],[81.17766,32.52256],[81.1566,32.5379],[81.11329,32.53078],[81.10815,32.50073],[81.07148,32.50434],[81.04769,32.49377],[80.98763,32.48948],[80.95243,32.47736],[80.94954,32.50008],[80.96213,32.5515],[81.01277,32.58121],[81.02712,32.5984],[81.08955,32.59547],[81.11174,32.61734],[81.15998,32.61025],[81.27371,32.63246]]]]}},{"type":"Feature","id":"CTAMAP-2017-COUNTY-0510","properties":{"map_level":"county","source_name":"岗巴县","source_code":"540237","county_type":"县","prefecture_name":"日喀则市","prefecture_code":"540200","prefecture_type":"地级市","parent_entity_id":"CNUR-000283","parent_year_end_name":"日喀则市","province_name":"西藏自治区","province_code":"540000","snapshot_year":2017,"panel_year":2016,"link_status":"parent_linked","former_name":"","note":""},"geometry":{"type":"Polygon","coordinates":[[[88.78868,28.39946],[88.81015,28.29507],[88.87341,28.34022],[88.87478,28.36773],[88.89538,28.40283],[88.91005,28.35102],[88.92724,28.34221],[88.9173,28.3239],[88.92251,28.30963],[88.94509,28.28923],[88.9337,28.2722],[88.93562,28.24643],[88.92587,28.2092],[88.93976,28.19925],[88.94566,28.17597],[88.90253,28.16658],[88.89331,28.15434],[88.88785,28.13497],[88.91479,28.11903],[88.91368,28.11237],[88.88882,28.07332],[88.88845,28.03463],[88.84566,27.99538],[88.83938,28.01324],[88.81235,28.02447],[88.76152,28.07244],[88.67834,28.06977],[88.63988,28.11489],[88.60086,28.08462],[88.56336,28.085],[88.55232,28.03056],[88.50187,28.04464],[88.48074,28.03532],[88.47066,28.01266],[88.43639,28.00562],[88.40678,27.98154],[88.36442,27.99209],[88.33924,27.98621],[88.29308,27.96644],[88.25679,27.93788],[88.24311,27.97417],[88.22526,27.96168],[88.21337,27.96852],[88.20444,27.948],[88.16273,27.95905],[88.17707,27.97679],[88.17234,27.99322],[88.19958,28.06712],[88.24762,28.10104],[88.23764,28.14134],[88.2064,28.17049],[88.18518,28.25496],[88.17269,28.26971],[88.20017,28.27944],[88.22566,28.27728],[88.23915,28.28981],[88.25572,28.28514],[88.32734,28.29294],[88.34834,28.27384],[88.37244,28.29701],[88.34774,28.40147],[88.3414,28.47176],[88.34305,28.47756],[88.36393,28.47584],[88.37077,28.48532],[88.37573,28.53011],[88.36912,28.5376],[88.37174,28.57025],[88.35713,28.60293],[88.36131,28.64317],[88.38944,28.65507],[88.41149,28.64327],[88.47634,28.65617],[88.48668,28.68223],[88.50457,28.67128],[88.52572,28.68003],[88.52847,28.6929],[88.56417,28.67858],[88.59077,28.69673],[88.58561,28.71278],[88.59972,28.72895],[88.621,28.73749],[88.6259,28.75584],[88.67877,28.75556],[88.6925,28.72025],[88.73891,28.70666],[88.74039,28.69435],[88.7195,28.68651],[88.71022,28.66172],[88.71478,28.64355],[88.70356,28.62078],[88.73902,28.62675],[88.75909,28.61643],[88.75698,28.60228],[88.70363,28.58274],[88.70873,28.57246],[88.72658,28.55593],[88.7394,28.56201],[88.7444,28.57957],[88.78796,28.5903],[88.81309,28.57811],[88.8386,28.57865],[88.85374,28.55299],[88.84392,28.53028],[88.8505,28.52127],[88.83521,28.50797],[88.85243,28.50258],[88.83196,28.49017],[88.83147,28.47797],[88.7509,28.45145],[88.72299,28.43087],[88.73704,28.42986],[88.74993,28.41535],[88.78868,28.39946]]]}},{"type":"Feature","id":"CTAMAP-2017-COUNTY-0536","properties":{"map_level":"county","source_name":"革吉县","source_code":"542525","county_type":"县","prefecture_name":"阿里地区","prefecture_code":"542500","prefecture_type":"地区","parent_entity_id":"CNUR-000288","parent_year_end_name":"阿里地区","province_name":"西藏自治区","province_code":"540000","snapshot_year":2017,"panel_year":2016,"link_status":"parent_linked","former_name":"","note":""},"geometry":{"type":"Polygon","coordinates":[[[82.22409,33.48605],[82.24193,33.45615],[82.27135,33.46658],[82.31476,33.46191],[82.35327,33.40746],[82.35713,33.3906],[82.39956,33.38304],[82.43936,33.32435],[82.47688,33.32285],[82.49915,33.29007],[82.56493,33.28121],[82.59046,33.267],[82.6189,33.27926],[82.7026,33.2393],[82.79927,33.18059],[82.85273,33.0958],[82.85859,33.06032],[82.83608,33.01636],[82.86811,32.9892],[82.88709,32.88418],[82.93295,32.784],[82.92596,32.76306],[82.98697,32.70335],[83.00466,32.65022],[83.02495,32.63858],[83.04454,32.61071],[83.03376,32.57888],[83.04799,32.57035],[83.04385,32.55948],[83.06187,32.55147],[83.06885,32.48957],[83.05191,32.46641],[83.05122,32.43917],[83.02672,32.38622],[83.03951,32.37889],[83.03926,32.34746],[83.05754,32.33368],[83.05712,32.30289],[83.03051,32.29243],[83.02284,32.28132],[83.03883,32.23243],[83.04896,32.23058],[83.06086,32.20387],[83.0306,32.19254],[83.05315,32.16067],[83.03112,32.13055],[83.05661,32.11871],[83.05694,32.09003],[83.06585,32.07987],[83.02719,32.06354],[83.06194,32.03705],[83.06287,32.02983],[83.04476,32.01459],[83.06047,31.99725],[83.0576,31.99133],[83.00423,31.92773],[82.97383,31.91649],[82.93016,31.92158],[82.9098,31.93923],[82.88412,31.94306],[82.85896,31.9331],[82.83417,31.91266],[82.84554,31.88419],[82.83069,31.89268],[82.76387,31.87318],[82.61218,31.87452],[82.56779,31.86044],[82.56222,31.88426],[82.54197,31.90145],[82.51961,31.90474],[82.5313,31.87886],[82.54756,31.86546],[82.53955,31.84228],[82.55291,31.82238],[82.55038,31.81508],[82.56951,31.79536],[82.56022,31.76181],[82.52107,31.73267],[82.52848,31.7174],[82.50707,31.68348],[82.53052,31.64585],[82.61554,31.65538],[82.65786,31.64049],[82.67965,31.65016],[82.69308,31.60681],[82.6882,31.57868],[82.70795,31.56223],[82.6991,31.52075],[82.72472,31.51707],[82.74631,31.54425],[82.73949,31.54895],[82.77797,31.55747],[82.79416,31.5387],[82.79677,31.52222],[82.8386,31.51764],[82.85906,31.50351],[82.95492,31.48177],[82.96489,31.47229],[82.952,31.44772],[82.9465,31.40663],[82.95477,31.38248],[82.96938,31.36776],[82.97955,31.33304],[82.97327,31.29832],[82.98109,31.26962],[82.9908,31.26172],[82.96912,31.25271],[82.96402,31.23779],[82.97581,31.22927],[82.95745,31.206],[82.96836,31.17136],[82.95539,31.18247],[82.9275,31.1829],[82.89788,31.16228],[82.85454,31.16557],[82.8243,31.15786],[82.81767,31.13024],[82.80445,31.11706],[82.78971,31.06025],[82.79879,31.0223],[82.85562,30.9701],[82.86812,30.94315],[82.89353,30.91692],[82.9029,30.92906],[82.94067,30.93698],[82.95785,30.89543],[82.98603,30.87893],[82.97671,30.87169],[83.01464,30.85251],[83.01105,30.83467],[83.02295,30.82022],[83.03663,30.81021],[83.05536,30.81032],[83.07508,30.82329],[83.08917,30.82066],[83.09819,30.80779],[83.14274,30.80773],[83.1578,30.78903],[83.15103,30.75843],[83.15813,30.75418],[83.16098,30.72278],[83.18205,30.70683],[83.16294,30.68185],[83.16071,30.66145],[83.1411,30.62987],[83.1397,30.60633],[83.1236,30.60537],[83.11828,30.58163],[83.11057,30.581],[83.0706,30.51087],[83.05688,30.50194],[83.01257,30.52719],[83.01716,30.53842],[83.002,30.54893],[82.94922,30.53807],[82.91837,30.59427],[82.92782,30.60569],[82.92384,30.62012],[82.94506,30.62818],[82.94787,30.64808],[82.92691,30.64657],[82.88192,30.6614],[82.88042,30.67579],[82.85904,30.69357],[82.81524,30.69229],[82.81472,30.71442],[82.79993,30.74384],[82.81059,30.75851],[82.769,30.79553],[82.73787,30.77844],[82.70755,30.79885],[82.70014,30.79099],[82.70731,30.78088],[82.69498,30.76983],[82.67521,30.76501],[82.66852,30.75043],[82.64058,30.74516],[82.63571,30.72894],[82.64837,30.71159],[82.65447,30.66491],[82.64146,30.656],[82.63393,30.63662],[82.64949,30.61339],[82.64385,30.58655],[82.61723,30.60501],[82.54487,30.60317],[82.54546,30.63582],[82.49379,30.68329],[82.49691,30.70331],[82.45975,30.72382],[82.46827,30.76376],[82.45009,30.77108],[82.4481,30.78344],[82.4307,30.77757],[82.40747,30.74367],[82.3848,30.75178],[82.36375,30.73727],[82.3314,30.74275],[82.32085,30.71722],[82.27741,30.72006],[82.27082,30.73043],[82.27711,30.73921],[82.26276,30.74519],[82.25255,30.76352],[82.22876,30.78011],[82.20737,30.78169],[82.20826,30.79392],[82.21905,30.80197],[82.18472,30.82435],[82.18565,30.83166],[82.17371,30.83698],[82.12357,30.82142],[82.10111,30.80366],[82.08138,30.81649],[82.06415,30.81005],[82.05297,30.82566],[82.05504,30.84978],[82.04553,30.85639],[82.06305,30.88008],[82.05815,30.88947],[82.04052,30.88737],[82.03455,30.89554],[82.0197,30.88715],[81.99963,30.89696],[81.97961,30.8872],[81.95347,30.89173],[81.94057,30.91667],[81.90882,30.91911],[81.89422,30.91132],[81.88488,30.93567],[81.88855,30.96973],[81.88063,30.98114],[81.85605,30.9775],[81.83878,30.99092],[81.82196,31.03743],[81.7914,31.03226],[81.76846,31.01265],[81.75932,31.02419],[81.7541,31.05648],[81.72749,31.08034],[81.70338,31.07708],[81.68515,31.06497],[81.69134,31.04412],[81.67322,31.0302],[81.63518,31.06854],[81.62247,31.07189],[81.6288,31.08935],[81.62268,31.09659],[81.61179,31.09735],[81.60194,31.08504],[81.59311,31.09202],[81.59549,31.13287],[81.588,31.13685],[81.57233,31.1359],[81.56203,31.1199],[81.54849,31.12055],[81.52336,31.1014],[81.48241,31.11935],[81.45108,31.11795],[81.4171,31.15224],[81.42796,31.15528],[81.4338,31.16813],[81.42211,31.17285],[81.39324,31.21154],[81.3706,31.19563],[81.35586,31.20001],[81.31708,31.19041],[81.30641,31.17295],[81.28315,31.18809],[81.26976,31.1776],[81.27365,31.16613],[81.25935,31.14748],[81.23224,31.15013],[81.22368,31.15572],[81.23337,31.17109],[81.21962,31.17359],[81.21193,31.19276],[81.19719,31.20018],[81.18236,31.19443],[81.17498,31.17975],[81.15168,31.18334],[81.14822,31.1915],[81.16585,31.21459],[81.15983,31.22536],[81.1686,31.24041],[81.16439,31.24777],[81.12887,31.2797],[81.08196,31.28962],[81.06991,31.30524],[81.03711,31.31978],[81.0428,31.34219],[81.05677,31.35566],[81.0391,31.37321],[81.01578,31.3867],[81.00652,31.38028],[81.00803,31.36944],[80.97514,31.36501],[80.96647,31.34369],[80.95657,31.35148],[80.92917,31.35139],[80.91347,31.34095],[80.85536,31.37414],[80.84797,31.39231],[80.85531,31.40497],[80.83157,31.412],[80.8217,31.43526],[80.84326,31.45112],[80.82351,31.48667],[80.82856,31.5091],[80.80587,31.5236],[80.82469,31.54704],[80.82352,31.56346],[80.80303,31.56571],[80.78874,31.57292],[80.7837,31.58735],[80.75143,31.59249],[80.73592,31.6032],[80.7416,31.62206],[80.75588,31.63556],[80.7361,31.64624],[80.73669,31.67801],[80.71542,31.69765],[80.73459,31.72292],[80.79095,31.73385],[80.79509,31.73997],[80.78723,31.74951],[80.79525,31.7655],[80.8098,31.76823],[80.85892,31.75123],[80.85966,31.7713],[80.89229,31.76621],[80.92929,31.77889],[80.92698,31.78953],[80.9434,31.8153],[80.96293,31.82749],[80.99098,31.82433],[81.0138,31.84134],[81.0564,31.8416],[81.06818,31.84832],[81.06661,31.85799],[81.08119,31.88073],[81.06452,31.88568],[81.06416,31.90055],[81.05329,31.90145],[81.0385,31.88481],[81.01158,31.87307],[80.99804,31.8825],[80.98124,31.92767],[81.00698,31.95484],[81.0117,31.98271],[80.98728,32.01788],[80.99104,32.03014],[80.96848,32.06966],[80.96439,32.10525],[80.94997,32.13906],[80.95062,32.1452],[80.99988,32.14603],[81.06167,32.22101],[81.03399,32.25235],[81.0377,32.27861],[81.03105,32.28796],[80.97077,32.30928],[80.94779,32.30399],[80.9226,32.34424],[80.9515,32.36418],[80.95145,32.37504],[80.96557,32.38579],[80.94798,32.44169],[80.88495,32.43417],[80.87746,32.40517],[80.84264,32.42136],[80.73156,32.42512],[80.71528,32.45008],[80.69188,32.45948],[80.68579,32.4753],[80.66235,32.48372],[80.63446,32.50707],[80.5585,32.52729],[80.53703,32.54273],[80.48451,32.54491],[80.47305,32.53913],[80.51481,32.57348],[80.61537,32.57335],[80.61944,32.6261],[80.59535,32.65203],[80.63421,32.66673],[80.72056,32.66016],[80.7262,32.64755],[80.76799,32.6396],[80.82741,32.63512],[80.85272,32.64212],[80.88627,32.66254],[80.89862,32.69852],[80.92621,32.72372],[80.92899,32.74422],[80.92256,32.75467],[80.93064,32.78318],[80.98323,32.81442],[81.01578,32.79919],[81.02281,32.75818],[81.04672,32.74542],[81.11101,32.73102],[81.168,32.74789],[81.18784,32.76636],[81.22732,32.77172],[81.25957,32.75505],[81.28899,32.70598],[81.33742,32.69209],[81.38538,32.69994],[81.48283,32.77231],[81.53152,32.74806],[81.55647,32.71654],[81.6028,32.71244],[81.62033,32.67727],[81.66838,32.65081],[81.67511,32.62923],[81.69835,32.62163],[81.75,32.61853],[81.75704,32.62417],[81.80158,32.60915],[81.83169,32.60785],[81.83798,32.62512],[81.86181,32.639],[81.86679,32.66641],[81.86109,32.68861],[81.89605,32.6989],[81.90396,32.71439],[81.79393,32.8724],[81.78389,32.90791],[81.76273,32.92449],[81.75056,32.96189],[81.73331,32.98352],[81.75153,32.99936],[81.75005,33.01244],[81.67317,33.03971],[81.65746,33.02294],[81.64368,33.02444],[81.58822,33.05393],[81.5755,33.03997],[81.56239,33.03818],[81.54197,33.0711],[81.50229,33.07629],[81.4626,33.11664],[81.47281,33.13608],[81.49217,33.14826],[81.55025,33.14014],[81.57546,33.14653],[81.59009,33.1702],[81.59687,33.22749],[81.65277,33.27709],[81.64741,33.33498],[81.66817,33.35842],[81.74368,33.36087],[81.7683,33.38491],[81.80554,33.38465],[81.80909,33.40244],[81.83606,33.4189],[81.87208,33.40495],[81.9274,33.47857],[81.96442,33.50145],[82.00126,33.5109],[82.03484,33.50179],[82.14015,33.51443],[82.16713,33.49421],[82.19257,33.49428],[82.21396,33.48167],[82.22409,33.48605]],[[81.34665,32.60566],[81.27371,32.63246],[81.15998,32.61025],[81.11174,32.61734],[81.08955,32.59547],[81.02712,32.5984],[81.01277,32.58121],[80.96213,32.5515],[80.94954,32.50008],[80.95243,32.47736],[80.98763,32.48948],[81.04769,32.49377],[81.07148,32.50434],[81.10815,32.50073],[81.11329,32.53078],[81.1566,32.5379],[81.17766,32.52256],[81.25388,32.51349],[81.35368,32.54707],[81.39959,32.54533],[81.41149,32.55335],[81.41823,32.57609],[81.38347,32.60395],[81.34665,32.60566]]]}},{"type":"Feature","id":"CTAMAP-2017-COUNTY-0541","properties":{"map_level":"county","source_name":"工布江达县","source_code":"540421","county_type":"县","prefecture_name":"林芝市","prefecture_code":"540400","prefecture_type":"地级市","parent_entity_id":"CNUR-000285","parent_year_end_name":"林芝市","province_name":"西藏自治区","province_code":"540000","snapshot_year":2017,"panel_year":2016,"link_status":"parent_linked","former_name":"","note":""},"geometry":{"type":"Polygon","coordinates":[[[94.00977,30.31284],[94.0721,30.29431],[94.07397,30.28333],[94.1488,30.19865],[94.20065,30.19451],[94.24384,30.15815],[94.24872,30.1436],[94.27955,30.14321],[94.3043,30.10241],[94.29302,30.091],[94.29862,30.07494],[94.34485,30.01603],[94.33609,30.00017],[94.40676,29.98345],[94.40809,29.92748],[94.38628,29.91014],[94.36403,29.92617],[94.30146,29.92601],[94.2702,29.94309],[94.25078,29.91603],[94.22042,29.92682],[94.1957,29.90278],[94.19685,29.87895],[94.17916,29.87677],[94.16743,29.87771],[94.15383,29.89529],[94.09792,29.90696],[94.03787,29.90024],[94.01269,29.90856],[93.98798,29.90063],[93.98808,29.93271],[93.94707,29.90878],[93.93271,29.90611],[93.92487,29.91281],[93.89306,29.89496],[93.88609,29.90959],[93.87251,29.91062],[93.82697,29.88452],[93.81737,29.90884],[93.79918,29.91203],[93.77987,29.90471],[93.77695,29.88506],[93.75387,29.85286],[93.71191,29.82732],[93.5946,29.82935],[93.54519,29.79877],[93.50771,29.79234],[93.4644,29.75204],[93.44881,29.72082],[93.46627,29.69512],[93.49681,29.68884],[93.53023,29.66733],[93.52868,29.63248],[93.5495,29.59132],[93.58936,29.58637],[93.61906,29.54411],[93.61782,29.50272],[93.63371,29.46298],[93.63199,29.4504],[93.62176,29.44417],[93.60411,29.45222],[93.61329,29.47385],[93.57149,29.51456],[93.56579,29.52937],[93.49552,29.52994],[93.48522,29.53734],[93.48135,29.56034],[93.45832,29.56646],[93.38708,29.55493],[93.36827,29.52715],[93.31845,29.50045],[93.29453,29.5003],[93.27363,29.47799],[93.22597,29.48843],[93.21996,29.51792],[93.19042,29.51782],[93.18781,29.4949],[93.16457,29.48572],[93.14844,29.47198],[93.15463,29.46143],[93.14071,29.45608],[93.1064,29.48738],[93.09261,29.48883],[93.08247,29.53061],[93.076,29.54148],[93.05862,29.54595],[93.06083,29.55955],[93.0346,29.56276],[93.01348,29.57541],[93.01123,29.59181],[92.99802,29.59614],[92.98757,29.61263],[92.99467,29.63441],[92.98791,29.66533],[92.94114,29.69616],[92.93522,29.70855],[92.88354,29.72473],[92.85448,29.69372],[92.83666,29.70139],[92.82588,29.68491],[92.80629,29.67789],[92.78031,29.68143],[92.74695,29.65036],[92.70541,29.65738],[92.69581,29.68873],[92.68379,29.6968],[92.65323,29.69348],[92.62229,29.6716],[92.58219,29.67234],[92.54459,29.62672],[92.52996,29.58185],[92.50909,29.56794],[92.51732,29.55663],[92.50683,29.54967],[92.4856,29.55326],[92.46537,29.57181],[92.46143,29.58907],[92.4729,29.60744],[92.47592,29.65355],[92.52469,29.71532],[92.50327,29.73512],[92.50601,29.76996],[92.49807,29.79962],[92.46844,29.79717],[92.46197,29.78871],[92.44333,29.7946],[92.43941,29.80539],[92.40953,29.80358],[92.40075,29.81153],[92.40301,29.82592],[92.33444,29.82945],[92.32719,29.80558],[92.2903,29.79007],[92.27863,29.8087],[92.28005,29.82465],[92.25761,29.85196],[92.21767,29.87301],[92.18894,29.87504],[92.16175,29.89767],[92.18036,29.9352],[92.17938,29.95541],[92.21931,29.93864],[92.25486,29.94216],[92.32218,29.99439],[92.35679,29.97478],[92.38385,30.00351],[92.43813,30.02218],[92.40625,30.05484],[92.43056,30.06388],[92.42658,30.07507],[92.4621,30.08526],[92.47609,30.10055],[92.48979,30.10014],[92.50611,30.08526],[92.53202,30.10309],[92.54796,30.09619],[92.54976,30.12626],[92.56158,30.13735],[92.57555,30.13573],[92.57295,30.16314],[92.61476,30.19565],[92.61075,30.22591],[92.62253,30.23678],[92.61364,30.25864],[92.62141,30.28206],[92.61261,30.30855],[92.64555,30.30492],[92.66252,30.29113],[92.70219,30.29249],[92.71136,30.30668],[92.69346,30.32491],[92.69626,30.33911],[92.73571,30.32438],[92.74819,30.32665],[92.74383,30.37477],[92.78394,30.41453],[92.7959,30.44174],[92.75895,30.48008],[92.78828,30.52447],[92.83062,30.54538],[92.87515,30.53189],[92.88931,30.56336],[92.88139,30.59211],[92.89896,30.61225],[92.93351,30.60619],[92.96906,30.5756],[92.98128,30.5955],[93.02825,30.58476],[93.01897,30.54445],[93.02196,30.51172],[93.05259,30.49586],[93.08353,30.49243],[93.13011,30.4087],[93.14088,30.40464],[93.16543,30.41481],[93.17649,30.43382],[93.24196,30.47984],[93.24202,30.50013],[93.25058,30.50953],[93.30586,30.47183],[93.34337,30.47776],[93.36232,30.47298],[93.39384,30.43572],[93.42946,30.41466],[93.42167,30.38559],[93.40359,30.3832],[93.39541,30.37256],[93.40562,30.34718],[93.44484,30.32162],[93.54369,30.30202],[93.56261,30.28753],[93.57914,30.29399],[93.59463,30.28372],[93.61729,30.28784],[93.63282,30.30454],[93.65012,30.30385],[93.66299,30.28339],[93.71097,30.30069],[93.7284,30.29937],[93.74532,30.28477],[93.77409,30.28388],[93.7922,30.30871],[93.83688,30.29877],[93.85169,30.30495],[93.85366,30.32874],[93.87092,30.33964],[93.8972,30.33185],[93.90881,30.31784],[93.96017,30.30174],[93.99709,30.30143],[94.00977,30.31284]]]}},{"type":"Feature","id":"CTAMAP-2017-COUNTY-0552","properties":{"map_level":"county","source_name":"贡嘎县","source_code":"540522","county_type":"县","prefecture_name":"山南市","prefecture_code":"540500","prefecture_type":"地级市","parent_entity_id":"CNUR-000286","parent_year_end_name":"山南市","province_name":"西藏自治区","province_code":"540000","snapshot_year":2017,"panel_year":2016,"link_status":"parent_linked","former_name":"","note":""},"geometry":{"type":"Polygon","coordinates":[[[91.22283,29.52208],[91.21806,29.50779],[91.22813,29.49616],[91.23817,29.44891],[91.22188,29.43018],[91.20975,29.39398],[91.21628,29.36561],[91.22885,29.35963],[91.23298,29.34297],[91.21077,29.31166],[91.22811,29.27236],[91.21008,29.25913],[91.18894,29.21573],[91.21699,29.17067],[91.18455,29.11548],[91.19156,29.07239],[91.18318,29.04204],[91.16139,29.02994],[91.16213,29.00012],[91.15094,28.98869],[91.07741,28.99044],[91.05629,29.00065],[91.04277,29.03396],[90.98937,29.07191],[90.90355,29.06881],[90.89566,29.06438],[90.9149,29.0496],[90.91252,29.01519],[90.88739,28.98988],[90.8573,28.97962],[90.86321,28.94892],[90.84144,28.93361],[90.77989,28.9587],[90.73021,28.99256],[90.69966,29.03826],[90.69304,29.12181],[90.61876,29.17094],[90.62642,29.18917],[90.58155,29.202],[90.46945,29.17842],[90.4779,29.23034],[90.49354,29.25063],[90.50905,29.25504],[90.52465,29.24872],[90.543,29.26204],[90.62592,29.27366],[90.63671,29.29703],[90.65243,29.3003],[90.6567,29.31871],[90.71737,29.34328],[90.77715,29.33132],[90.91938,29.35732],[90.95117,29.38342],[90.98138,29.38158],[91.04926,29.41945],[91.06089,29.44153],[91.08026,29.43458],[91.0995,29.46675],[91.1254,29.46465],[91.15363,29.47602],[91.174,29.51317],[91.2158,29.52963],[91.22283,29.52208]]]}},{"type":"Feature","id":"CTAMAP-2017-COUNTY-0554","properties":{"map_level":"county","source_name":"贡觉县","source_code":"540322","county_type":"县","prefecture_name":"昌都市","prefecture_code":"540300","prefecture_type":"地级市","parent_entity_id":"CNUR-000284","parent_year_end_name":"昌都市","province_name":"西藏自治区","province_code":"540000","snapshot_year":2017,"panel_year":2016,"link_status":"parent_linked","former_name":"","note":""},"geometry":{"type":"Polygon","coordinates":[[[98.76226,31.03656],[98.79677,31.01372],[98.80685,30.99554],[98.79578,30.94869],[98.7741,30.91163],[98.77971,30.89611],[98.84992,30.85152],[98.85692,30.83244],[98.87726,30.82624],[98.88098,30.8036],[98.90278,30.78654],[98.95743,30.76733],[98.96125,30.72808],[98.93794,30.72121],[98.93191,30.70681],[98.90407,30.69596],[98.9232,30.64233],[98.92139,30.61201],[98.94201,30.59423],[98.92593,30.57291],[98.93742,30.5517],[98.93084,30.52952],[98.94504,30.50294],[98.9446,30.48393],[98.96458,30.45393],[98.96232,30.42647],[98.97468,30.39403],[98.96652,30.37876],[98.973,30.35532],[98.96677,30.33813],[98.98066,30.3246],[98.97943,30.29854],[98.96517,30.29983],[98.93055,30.27527],[98.8426,30.30109],[98.82305,30.28788],[98.797,30.28582],[98.75014,30.30467],[98.73808,30.31824],[98.73749,30.33293],[98.70573,30.3323],[98.70622,30.31587],[98.69532,30.30163],[98.70661,30.27952],[98.66924,30.26392],[98.62226,30.27917],[98.61274,30.2747],[98.60624,30.29645],[98.59301,30.30515],[98.52819,30.28134],[98.52217,30.25941],[98.52707,30.23054],[98.51375,30.21403],[98.51677,30.19957],[98.50425,30.1991],[98.48788,30.20154],[98.47332,30.21665],[98.44574,30.27074],[98.44092,30.30233],[98.42105,30.33206],[98.38396,30.37368],[98.33363,30.40662],[98.32291,30.44057],[98.34799,30.46147],[98.34622,30.48005],[98.35629,30.50151],[98.37834,30.51062],[98.34786,30.52603],[98.29776,30.58669],[98.31322,30.60523],[98.31009,30.61393],[98.29054,30.6373],[98.27135,30.64331],[98.21967,30.6869],[98.20064,30.69071],[98.18045,30.71528],[98.16728,30.75431],[98.14138,30.75776],[98.137,30.77247],[98.11825,30.77607],[98.11162,30.79435],[98.08411,30.79714],[98.06045,30.82447],[98.03422,30.83771],[98.05474,30.85426],[98.04757,30.88538],[98.01597,30.89203],[98.01927,30.9337],[98.0334,30.9432],[98.02836,30.95913],[97.99662,30.98658],[97.9709,31.02693],[97.96646,31.05128],[97.94894,31.07124],[97.89525,31.07555],[97.87299,31.0627],[97.86256,31.06601],[97.86168,31.07672],[97.88071,31.14464],[97.8996,31.16296],[97.95893,31.18521],[97.93537,31.21131],[97.94365,31.21604],[97.9312,31.22419],[97.94033,31.24801],[97.95209,31.23928],[98.00258,31.23346],[98.01,31.22183],[98.03742,31.22009],[98.06162,31.19197],[98.09106,31.21216],[98.05721,31.26541],[98.05997,31.28493],[98.08247,31.2998],[98.11508,31.29412],[98.1248,31.26774],[98.14563,31.2517],[98.17526,31.20804],[98.20269,31.21033],[98.24062,31.15801],[98.27293,31.13175],[98.28254,31.13685],[98.29863,31.12271],[98.31272,31.08961],[98.35547,31.06089],[98.38405,31.0604],[98.39666,31.04713],[98.39968,31.0302],[98.41783,31.01898],[98.42648,31.01683],[98.46161,31.04671],[98.47912,31.0464],[98.48994,31.06145],[98.50923,31.05209],[98.55552,31.06253],[98.60324,31.03808],[98.62827,31.03387],[98.69716,31.04145],[98.74157,31.01237],[98.76612,31.02233],[98.76226,31.03656]]]}},{"type":"Feature","id":"CTAMAP-2017-COUNTY-0817","properties":{"map_level":"county","source_name":"吉隆县","source_code":"540234","county_type":"县","prefecture_name":"日喀则市","prefecture_code":"540200","prefecture_type":"地级市","parent_entity_id":"CNUR-000283","parent_year_end_name":"日喀则市","province_name":"西藏自治区","province_code":"540000","snapshot_year":2017,"panel_year":2016,"link_status":"parent_linked","former_name":"","note":""},"geometry":{"type":"Polygon","coordinates":[[[86.15827,29.04546],[86.14988,29.04105],[86.14828,29.02376],[86.12905,29.02102],[86.11441,28.99867],[86.10125,28.99447],[86.09788,28.97882],[86.06268,28.96215],[86.05431,28.93374],[86.08252,28.92975],[86.08106,28.92048],[86.06154,28.90722],[86.0062,28.90664],[85.98566,28.92798],[85.95117,28.90633],[85.95268,28.89504],[85.92951,28.88936],[85.9079,28.90067],[85.89396,28.91917],[85.87956,28.91779],[85.86997,28.93156],[85.84496,28.93012],[85.8033,28.94555],[85.79686,28.93841],[85.75319,28.93786],[85.72887,28.96192],[85.71289,28.96541],[85.70464,28.94703],[85.71213,28.94007],[85.5953,28.88982],[85.59932,28.78245],[85.62401,28.76669],[85.60379,28.75278],[85.58494,28.75468],[85.5837,28.72291],[85.56421,28.71963],[85.54889,28.70143],[85.50763,28.68423],[85.49755,28.6496],[85.45505,28.6225],[85.46309,28.61443],[85.4877,28.61275],[85.50255,28.55993],[85.52751,28.56459],[85.56879,28.53757],[85.57494,28.50505],[85.58927,28.50417],[85.5947,28.49391],[85.59005,28.47647],[85.61666,28.45067],[85.65813,28.43766],[85.65676,28.42338],[85.67721,28.40076],[85.6805,28.34656],[85.66613,28.33975],[85.63497,28.27274],[85.59987,28.2558],[85.5967,28.30012],[85.54866,28.31022],[85.5094,28.33104],[85.44456,28.33549],[85.42475,28.32881],[85.37541,28.27955],[85.35556,28.28469],[85.34271,28.29861],[85.27459,28.28501],[85.26798,28.29679],[85.25245,28.29421],[85.24529,28.3101],[85.20399,28.34157],[85.16541,28.3269],[85.11625,28.34202],[85.12638,28.38438],[85.1105,28.4169],[85.10657,28.46471],[85.11776,28.48392],[85.15059,28.49224],[85.16617,28.53006],[85.18387,28.54216],[85.18084,28.59692],[85.19446,28.61523],[85.18432,28.64548],[85.15694,28.64639],[85.11655,28.68285],[85.08055,28.6721],[85.05407,28.67725],[84.99044,28.61554],[84.98192,28.59314],[84.95423,28.58679],[84.94243,28.59843],[84.90779,28.59753],[84.85706,28.57304],[84.7873,28.61157],[84.74411,28.61613],[84.69797,28.64155],[84.70221,28.67165],[84.67059,28.68602],[84.6355,28.7305],[84.55502,28.74895],[84.48679,28.73851],[84.45079,28.76408],[84.48861,28.7875],[84.48468,28.79747],[84.49911,28.8123],[84.49382,28.82596],[84.53587,28.83562],[84.52509,28.85187],[84.53562,28.8971],[84.56545,28.91585],[84.56973,28.92897],[84.60356,28.92839],[84.60897,28.90804],[84.62674,28.89565],[84.63494,28.87403],[84.68441,28.87667],[84.7004,28.84688],[84.72186,28.85473],[84.73278,28.88317],[84.76644,28.88545],[84.76835,28.89786],[84.72914,28.96589],[84.73806,29.02653],[84.82915,29.06798],[84.81754,29.08974],[84.82903,29.10669],[84.82459,29.11838],[84.84705,29.14532],[84.84997,29.17935],[84.86705,29.19823],[84.8772,29.2069],[84.89562,29.20161],[84.91087,29.18188],[84.93051,29.18394],[84.93929,29.17199],[84.96287,29.17374],[84.97025,29.16392],[85.00535,29.17475],[85.01025,29.18663],[85.02134,29.18716],[85.03512,29.20126],[85.0336,29.20899],[85.04901,29.21563],[85.05657,29.24502],[85.07443,29.25935],[85.12288,29.27516],[85.16567,29.32171],[85.18901,29.31005],[85.2152,29.3186],[85.23338,29.31379],[85.26496,29.31978],[85.32226,29.30831],[85.34702,29.28536],[85.3514,29.26503],[85.40954,29.26173],[85.42846,29.2702],[85.44775,29.25597],[85.44846,29.24763],[85.46414,29.24322],[85.48392,29.25029],[85.51848,29.24834],[85.5534,29.26344],[85.60992,29.23579],[85.61161,29.20077],[85.61985,29.18957],[85.66264,29.17222],[85.68613,29.17222],[85.69558,29.18348],[85.71599,29.17251],[85.73361,29.18894],[85.76058,29.18015],[85.76252,29.19287],[85.77462,29.20104],[85.78664,29.19803],[85.78744,29.21025],[85.79866,29.21858],[85.80851,29.21183],[85.84783,29.21084],[85.8642,29.19202],[85.87966,29.19354],[85.92171,29.17269],[85.96153,29.1774],[86.00312,29.16287],[86.0807,29.17417],[86.11158,29.16915],[86.1265,29.13572],[86.12338,29.10051],[86.13553,29.07903],[86.1328,29.05549],[86.14796,29.05567],[86.15827,29.04546]]]}},{"type":"Feature","id":"CTAMAP-2017-COUNTY-0836","properties":{"map_level":"county","source_name":"加查县","source_code":"540528","county_type":"县","prefecture_name":"山南市","prefecture_code":"540500","prefecture_type":"地级市","parent_entity_id":"CNUR-000286","parent_year_end_name":"山南市","province_name":"西藏自治区","province_code":"540000","snapshot_year":2017,"panel_year":2016,"link_status":"parent_linked","former_name":"","note":""},"geometry":{"type":"Polygon","coordinates":[[[93.09261,29.48883],[93.0723,29.44006],[93.0936,29.40669],[93.08676,29.39091],[93.0912,29.37495],[93.11206,29.3662],[93.11406,29.3558],[93.09718,29.33339],[93.04918,29.32717],[93.02613,29.3069],[93.0158,29.23992],[93.00195,29.22378],[92.94715,29.19072],[92.94732,29.17277],[92.93543,29.15056],[92.91886,29.14556],[92.91872,29.13056],[92.8653,29.1242],[92.81228,29.07963],[92.79378,29.08029],[92.76117,28.93692],[92.71373,28.92175],[92.69619,28.90488],[92.67196,28.87128],[92.67276,28.84153],[92.66211,28.82135],[92.62586,28.83672],[92.59554,28.82873],[92.5638,28.83625],[92.54894,28.85794],[92.53129,28.84337],[92.49582,28.87002],[92.47346,28.85895],[92.41058,28.88564],[92.39707,28.90713],[92.40972,28.92127],[92.40878,28.93469],[92.36701,29.01359],[92.32771,29.0545],[92.32637,29.08493],[92.34089,29.13291],[92.37187,29.15277],[92.38537,29.1844],[92.39884,29.19646],[92.38797,29.23352],[92.39752,29.24703],[92.41632,29.25714],[92.46424,29.2535],[92.48272,29.23474],[92.4812,29.2598],[92.4551,29.31871],[92.46032,29.34338],[92.48801,29.33662],[92.49209,29.35131],[92.51108,29.3638],[92.52267,29.35461],[92.54228,29.35709],[92.52795,29.39534],[92.48674,29.42145],[92.53589,29.45582],[92.54559,29.47439],[92.56562,29.47584],[92.60268,29.51751],[92.602,29.52586],[92.54528,29.54495],[92.52293,29.54089],[92.50683,29.54967],[92.51757,29.55713],[92.50909,29.56794],[92.53229,29.58618],[92.54459,29.62672],[92.58114,29.67165],[92.62229,29.6716],[92.65323,29.69348],[92.68379,29.6968],[92.69581,29.68873],[92.70541,29.65738],[92.74606,29.65026],[92.78031,29.68143],[92.80629,29.67789],[92.82588,29.68491],[92.83666,29.70139],[92.85448,29.69372],[92.88354,29.72473],[92.93488,29.70872],[92.94114,29.69616],[92.98791,29.66533],[92.99467,29.63441],[92.98891,29.61016],[92.99802,29.59614],[93.01123,29.59181],[93.01348,29.57541],[93.0346,29.56276],[93.06083,29.55955],[93.05862,29.54595],[93.076,29.54148],[93.08247,29.53061],[93.09261,29.48883]]]}},{"type":"Feature","id":"CTAMAP-2017-COUNTY-0841","properties":{"map_level":"county","source_name":"嘉黎县","source_code":"540621","county_type":"县","prefecture_name":"那曲地区","prefecture_code":"542400","prefecture_type":"地区","parent_entity_id":"CNUR-000287","parent_year_end_name":"那曲地区","province_name":"西藏自治区","province_code":"540000","snapshot_year":2017,"panel_year":2016,"link_status":"parent_linked","former_name":"","note":""},"geometry":{"type":"Polygon","coordinates":[[[92.99378,31.28875],[93.02422,31.19292],[93.03664,31.1953],[93.03696,31.17021],[93.02921,31.15703],[93.04445,31.15606],[93.01147,31.12986],[93.19305,31.13896],[93.25802,31.09456],[93.34903,31.07934],[93.33495,31.05864],[93.31281,31.05905],[93.29901,31.04891],[93.28845,31.01807],[93.29779,30.9808],[93.33176,30.99059],[93.34934,31.01116],[93.42638,31.04159],[93.44177,31.04107],[93.51207,30.99998],[93.55063,30.9967],[93.57674,30.96957],[93.61313,30.96661],[93.61015,30.95823],[93.62183,30.9429],[93.64897,30.94157],[93.64188,30.90637],[93.593,30.87016],[93.60064,30.85725],[93.65298,30.86295],[93.67818,30.84248],[93.68791,30.8242],[93.70011,30.82086],[93.70455,30.81188],[93.67309,30.7785],[93.67908,30.75627],[93.71949,30.74894],[93.74241,30.72038],[93.77532,30.70648],[93.78265,30.66705],[93.81141,30.67312],[93.84856,30.6468],[93.86204,30.62446],[93.91089,30.62525],[93.93263,30.60182],[93.96919,30.60764],[93.99334,30.57856],[94.0182,30.57415],[94.05954,30.53495],[94.09847,30.51947],[94.0965,30.50759],[94.15204,30.49072],[94.09718,30.46185],[94.09889,30.44189],[94.11171,30.42197],[94.10143,30.387],[94.02405,30.37591],[94.00408,30.33908],[94.00977,30.31284],[93.99709,30.30143],[93.96017,30.30174],[93.92154,30.31302],[93.8972,30.33185],[93.87092,30.33964],[93.85366,30.32874],[93.85169,30.30495],[93.83688,30.29877],[93.7922,30.30871],[93.77409,30.28388],[93.74532,30.28477],[93.7284,30.29937],[93.71097,30.30069],[93.66299,30.28339],[93.65012,30.30385],[93.63282,30.30454],[93.61729,30.28784],[93.59463,30.28372],[93.57914,30.29399],[93.56261,30.28753],[93.54369,30.30202],[93.44484,30.32162],[93.40562,30.34718],[93.39541,30.37256],[93.40359,30.3832],[93.42167,30.38559],[93.42946,30.41466],[93.39384,30.43572],[93.36232,30.47298],[93.34337,30.47776],[93.30586,30.47183],[93.25058,30.50953],[93.24202,30.50013],[93.24196,30.47984],[93.17649,30.43382],[93.16543,30.41481],[93.14088,30.40464],[93.13011,30.4087],[93.08353,30.49243],[93.05259,30.49586],[93.02196,30.51172],[93.01897,30.54445],[93.02825,30.58476],[92.98128,30.5955],[92.96906,30.5756],[92.93374,30.60606],[92.90378,30.61274],[92.88146,30.59234],[92.88931,30.56336],[92.87515,30.53189],[92.83062,30.54538],[92.78828,30.52447],[92.75895,30.48008],[92.7959,30.44174],[92.78394,30.41453],[92.74383,30.37477],[92.74819,30.32665],[92.73571,30.32438],[92.69626,30.33911],[92.69346,30.32491],[92.71136,30.30668],[92.70219,30.29249],[92.66252,30.29113],[92.64555,30.30492],[92.61261,30.30855],[92.62141,30.28206],[92.61364,30.25864],[92.62253,30.23678],[92.61075,30.22591],[92.58201,30.24177],[92.54662,30.24886],[92.50139,30.23784],[92.47789,30.24125],[92.47155,30.24975],[92.45726,30.24603],[92.4554,30.2551],[92.44747,30.25022],[92.42389,30.25564],[92.39553,30.27041],[92.36013,30.26958],[92.3574,30.25991],[92.34295,30.25317],[92.33123,30.26338],[92.29725,30.26681],[92.26783,30.3057],[92.22347,30.32038],[92.21195,30.31703],[92.21111,30.29627],[92.18631,30.27607],[92.18231,30.25521],[92.17316,30.24805],[92.18134,30.23125],[92.16669,30.21428],[92.14528,30.21877],[92.13674,30.20002],[92.11966,30.21549],[92.10421,30.21203],[92.09557,30.22406],[92.07757,30.2235],[92.03139,30.20075],[92.01063,30.20788],[91.9889,30.20464],[91.96909,30.18331],[91.95224,30.19981],[91.95736,30.22366],[91.94925,30.24322],[91.91928,30.25574],[91.9174,30.26287],[91.92959,30.27014],[91.92555,30.28648],[91.85755,30.28662],[91.84448,30.35989],[91.85128,30.39251],[91.84274,30.41642],[91.85349,30.43084],[91.83102,30.4434],[91.80571,30.4327],[91.79092,30.44915],[91.79106,30.46709],[91.81132,30.46615],[91.81806,30.48669],[91.93658,30.53366],[91.98997,30.52662],[92.06176,30.54057],[92.07242,30.54834],[92.07076,30.56933],[92.09019,30.58199],[92.11455,30.58575],[92.12138,30.57817],[92.20901,30.56243],[92.22018,30.58224],[92.25478,30.57341],[92.25945,30.59479],[92.29179,30.61134],[92.28745,30.63314],[92.25062,30.65823],[92.23435,30.68621],[92.22722,30.72221],[92.24042,30.75181],[92.22898,30.7794],[92.23299,30.78773],[92.24412,30.79579],[92.29936,30.77548],[92.31666,30.79173],[92.30896,30.81745],[92.26698,30.84722],[92.2655,30.88008],[92.25698,30.89159],[92.26437,30.90284],[92.33574,30.89383],[92.38673,30.93581],[92.41621,30.94818],[92.43016,30.96663],[92.45093,30.97124],[92.45608,30.97924],[92.44811,31.00919],[92.47984,31.0295],[92.49964,31.02636],[92.53157,31.05184],[92.56306,31.05331],[92.56264,31.06332],[92.57243,31.06473],[92.58593,31.04871],[92.60717,31.05812],[92.61589,31.05043],[92.65347,31.06774],[92.66585,31.09041],[92.65953,31.09998],[92.68114,31.10621],[92.69467,31.12343],[92.80329,31.13364],[92.81015,31.16987],[92.85304,31.26674],[92.88002,31.25082],[92.93697,31.2473],[92.96701,31.26687],[92.9784,31.29652],[92.99378,31.28875]]]}},{"type":"Feature","id":"CTAMAP-2017-COUNTY-0877","properties":{"map_level":"county","source_name":"江达县","source_code":"540321","county_type":"县","prefecture_name":"昌都市","prefecture_code":"540300","prefecture_type":"地级市","parent_entity_id":"CNUR-000284","parent_year_end_name":"昌都市","province_name":"西藏自治区","province_code":"540000","snapshot_year":2017,"panel_year":2016,"link_status":"parent_linked","former_name":"","note":""},"geometry":{"type":"Polygon","coordinates":[[[97.7011,32.52546],[97.75812,32.53319],[97.77412,32.51928],[97.7953,32.52373],[97.80657,32.50212],[97.83728,32.50707],[97.88119,32.48797],[97.924,32.48905],[97.95407,32.47131],[97.9677,32.47418],[98.00962,32.45312],[98.02313,32.4549],[98.0358,32.43111],[98.07768,32.4192],[98.07789,32.40401],[98.09741,32.40521],[98.10811,32.39331],[98.1269,32.40295],[98.12507,32.39383],[98.13856,32.38141],[98.17304,32.37388],[98.2181,32.34545],[98.2082,32.3217],[98.22976,32.26451],[98.21926,32.25866],[98.21847,32.2371],[98.24079,32.22896],[98.25988,32.2108],[98.29512,32.15247],[98.30121,32.12572],[98.31254,32.12755],[98.31128,32.1139],[98.3279,32.11107],[98.34326,32.09908],[98.34329,32.09023],[98.35795,32.08898],[98.40544,32.04554],[98.40332,32.0265],[98.43597,32.00563],[98.42717,31.99851],[98.43341,31.9617],[98.42079,31.94536],[98.43449,31.93869],[98.43292,31.92586],[98.40345,31.91347],[98.39819,31.90211],[98.42496,31.85871],[98.4145,31.84579],[98.41509,31.83228],[98.44289,31.83018],[98.43797,31.81966],[98.46231,31.80079],[98.45579,31.7915],[98.45973,31.78391],[98.47665,31.78463],[98.49341,31.77388],[98.52244,31.71814],[98.54612,31.71942],[98.5449,31.70111],[98.55771,31.69071],[98.54782,31.6854],[98.55864,31.67648],[98.55354,31.65931],[98.58475,31.63756],[98.61865,31.59404],[98.63912,31.58981],[98.74423,31.49353],[98.78754,31.47593],[98.81195,31.44825],[98.8372,31.43895],[98.84462,31.43139],[98.8429,31.41701],[98.88627,31.37847],[98.86071,31.34618],[98.81382,31.31452],[98.80518,31.28128],[98.77599,31.25098],[98.74115,31.27038],[98.73311,31.29219],[98.69234,31.33498],[98.64429,31.34131],[98.63118,31.33354],[98.61817,31.3095],[98.60363,31.23923],[98.60735,31.23075],[98.6203,31.22866],[98.62216,31.21509],[98.60234,31.18977],[98.63985,31.18095],[98.70991,31.12041],[98.71185,31.08527],[98.73367,31.06905],[98.73594,31.05193],[98.76226,31.03656],[98.76263,31.01975],[98.73909,31.01268],[98.6904,31.04246],[98.61455,31.03577],[98.5479,31.06274],[98.50923,31.05209],[98.48994,31.06145],[98.47912,31.0464],[98.46161,31.04671],[98.42648,31.01683],[98.41783,31.01898],[98.39968,31.0302],[98.39666,31.04713],[98.38405,31.0604],[98.35547,31.06089],[98.31272,31.08961],[98.29863,31.12271],[98.28254,31.13685],[98.27293,31.13175],[98.24062,31.15801],[98.20269,31.21033],[98.17526,31.20804],[98.14563,31.2517],[98.1248,31.26774],[98.11508,31.29412],[98.08247,31.2998],[98.05856,31.28272],[98.0626,31.25043],[98.09223,31.21358],[98.06162,31.19197],[98.03742,31.22009],[98.01,31.22183],[98.00258,31.23346],[97.98744,31.23755],[97.95209,31.23928],[97.9373,31.25992],[97.91233,31.26012],[97.87567,31.2781],[97.84896,31.26995],[97.82229,31.27607],[97.81577,31.30572],[97.73021,31.324],[97.71135,31.34195],[97.6914,31.40235],[97.7111,31.41086],[97.7247,31.43306],[97.84557,31.42902],[97.8849,31.40664],[97.90213,31.42184],[97.90156,31.4368],[97.87463,31.46932],[97.85186,31.47727],[97.84934,31.49143],[97.82427,31.49834],[97.81092,31.49613],[97.79693,31.48079],[97.79323,31.48769],[97.77526,31.48476],[97.74106,31.51846],[97.71532,31.52047],[97.70444,31.57118],[97.69037,31.57214],[97.66646,31.59711],[97.66702,31.63649],[97.65557,31.64693],[97.59274,31.64788],[97.58696,31.67102],[97.57349,31.68204],[97.54311,31.68258],[97.54165,31.69068],[97.52163,31.69155],[97.48365,31.71251],[97.48302,31.72097],[97.47248,31.72504],[97.47581,31.74217],[97.46193,31.77095],[97.44235,31.78471],[97.43454,31.80152],[97.40932,31.80816],[97.44291,31.82457],[97.40614,31.87127],[97.42107,31.93566],[97.44556,31.9316],[97.46378,31.9178],[97.46516,31.92423],[97.49567,31.9302],[97.48986,31.94557],[97.50031,31.97284],[97.41801,32.03545],[97.42943,32.05566],[97.4468,32.06341],[97.43968,32.0776],[97.44631,32.09784],[97.43778,32.1082],[97.43754,32.12682],[97.428,32.13319],[97.42143,32.1696],[97.3993,32.18379],[97.39886,32.20349],[97.38455,32.21089],[97.40044,32.23167],[97.37867,32.24724],[97.36865,32.26656],[97.39137,32.27932],[97.39618,32.29403],[97.41501,32.29771],[97.41381,32.31906],[97.42666,32.32471],[97.4074,32.33517],[97.41586,32.35793],[97.41262,32.37978],[97.38749,32.41689],[97.38871,32.42771],[97.36564,32.43881],[97.34735,32.43429],[97.33994,32.44581],[97.34714,32.46579],[97.38832,32.50431],[97.32781,32.52159],[97.34595,32.56419],[97.35608,32.56612],[97.37365,32.54893],[97.3862,32.55132],[97.40801,32.56582],[97.41165,32.57755],[97.44385,32.58937],[97.46128,32.57307],[97.47145,32.54748],[97.51925,32.52833],[97.53147,32.5282],[97.54113,32.53974],[97.57332,32.52717],[97.58578,32.5261],[97.59184,32.53369],[97.62142,32.52203],[97.63456,32.52733],[97.67086,32.52017],[97.68443,32.53298],[97.7011,32.52546]]]}},{"type":"Feature","id":"CTAMAP-2017-COUNTY-0896","properties":{"map_level":"county","source_name":"江孜县","source_code":"540222","county_type":"县","prefecture_name":"日喀则市","prefecture_code":"540200","prefecture_type":"地级市","parent_entity_id":"CNUR-000283","parent_year_end_name":"日喀则市","province_name":"西藏自治区","province_code":"540000","snapshot_year":2017,"panel_year":2016,"link_status":"parent_linked","former_name":"","note":""},"geometry":{"type":"Polygon","coordinates":[[[89.64514,29.2218],[89.67369,29.18436],[89.70809,29.1952],[89.7117,29.18908],[89.70191,29.17425],[89.72411,29.13888],[89.73411,29.14843],[89.75975,29.1512],[89.77481,29.14032],[89.76825,29.11102],[89.7782,29.08861],[89.77111,29.07978],[89.80356,29.08654],[89.8176,29.07762],[89.82197,29.06371],[89.81418,29.03435],[89.82904,29.02291],[89.82376,29.0043],[89.88001,29.00547],[89.91552,29.03037],[90.01345,29.03696],[90.06466,29.07437],[90.09773,29.06454],[90.1148,29.04215],[90.11798,29.01107],[90.13861,29.00557],[90.16484,29.01074],[90.1885,28.99069],[90.19195,28.98003],[90.17995,28.96932],[90.17775,28.93],[90.19173,28.91476],[90.19131,28.88889],[90.22395,28.81174],[90.19977,28.77205],[90.18393,28.78019],[90.1656,28.75972],[90.17721,28.74027],[90.16801,28.71429],[90.1248,28.69402],[90.10357,28.67189],[90.06209,28.68157],[90.04596,28.69163],[90.05708,28.72768],[90.04709,28.72915],[90.02485,28.75465],[89.98575,28.76978],[89.9784,28.78323],[89.94504,28.77867],[89.94002,28.76832],[89.91781,28.77306],[89.90164,28.76045],[89.84704,28.75091],[89.82386,28.72473],[89.80213,28.72894],[89.78638,28.70983],[89.76358,28.72361],[89.78023,28.7412],[89.77593,28.7537],[89.71223,28.79757],[89.7078,28.82232],[89.71475,28.82546],[89.71343,28.84824],[89.64456,28.85256],[89.62677,28.82913],[89.5566,28.80208],[89.54938,28.75193],[89.52816,28.74726],[89.52557,28.73644],[89.51015,28.73442],[89.50136,28.71767],[89.48327,28.70739],[89.44661,28.6987],[89.44295,28.71181],[89.43223,28.70781],[89.41774,28.71688],[89.40146,28.71292],[89.38802,28.71903],[89.38295,28.7089],[89.34882,28.71653],[89.34597,28.70066],[89.3294,28.69785],[89.31117,28.67171],[89.27553,28.6684],[89.27673,28.65551],[89.25272,28.64004],[89.27681,28.59388],[89.24735,28.55892],[89.24969,28.54292],[89.23994,28.52317],[89.17196,28.49067],[89.16798,28.48187],[89.15877,28.48719],[89.1303,28.48058],[89.15912,28.52659],[89.16959,28.58776],[89.13246,28.63226],[89.1413,28.66296],[89.13548,28.67926],[89.18261,28.67197],[89.20924,28.67659],[89.21453,28.6628],[89.23301,28.66967],[89.24154,28.68307],[89.23639,28.74782],[89.20267,28.75223],[89.19705,28.7705],[89.20358,28.79761],[89.21495,28.79837],[89.2213,28.81099],[89.21968,28.83687],[89.23618,28.85588],[89.22077,28.85815],[89.19631,28.87929],[89.19513,28.92306],[89.26807,28.97362],[89.28621,28.9573],[89.30176,28.95594],[89.3138,28.9409],[89.33705,28.94332],[89.35038,28.92899],[89.36682,28.92572],[89.36553,28.95141],[89.33701,29.01979],[89.35648,29.03628],[89.35734,29.06764],[89.38334,29.07811],[89.39685,29.10617],[89.41981,29.11518],[89.4212,29.13855],[89.40793,29.16037],[89.39862,29.20355],[89.42379,29.2108],[89.46175,29.23839],[89.47678,29.23761],[89.51804,29.22917],[89.5425,29.21573],[89.54978,29.1838],[89.58441,29.19833],[89.59819,29.21435],[89.61141,29.20837],[89.62608,29.22142],[89.63573,29.21618],[89.64514,29.2218]]]}},{"type":"Feature","id":"CTAMAP-2017-COUNTY-0998","properties":{"map_level":"county","source_name":"卡若区","source_code":"540302","county_type":"市辖区","prefecture_name":"昌都市","prefecture_code":"540300","prefecture_type":"地级市","parent_entity_id":"CNUR-000284","parent_year_end_name":"昌都市","province_name":"西藏自治区","province_code":"540000","snapshot_year":2017,"panel_year":2016,"link_status":"parent_linked","former_name":"昌都县","note":"2014年撤销昌都县，设立卡若区"},"geometry":{"type":"Polygon","coordinates":[[[97.38877,32.28527],[97.39137,32.27932],[97.36866,32.26667],[97.37867,32.24724],[97.40044,32.23167],[97.38455,32.21089],[97.39886,32.20349],[97.3993,32.18379],[97.42143,32.1696],[97.428,32.13319],[97.43754,32.12682],[97.44706,32.09322],[97.43968,32.0776],[97.4468,32.06341],[97.42943,32.05566],[97.41801,32.03545],[97.50031,31.97284],[97.48986,31.94557],[97.49567,31.9302],[97.46516,31.92423],[97.46378,31.9178],[97.44556,31.9316],[97.42107,31.93566],[97.40614,31.87127],[97.44291,31.82457],[97.40932,31.80816],[97.43454,31.80152],[97.44235,31.78471],[97.46193,31.77095],[97.47581,31.74217],[97.47248,31.72504],[97.48302,31.72097],[97.48365,31.71251],[97.52163,31.69155],[97.54165,31.69068],[97.54311,31.68258],[97.57349,31.68204],[97.58696,31.67102],[97.59274,31.64788],[97.65557,31.64693],[97.66702,31.63649],[97.66646,31.59711],[97.69037,31.57214],[97.70444,31.57118],[97.71532,31.52047],[97.74106,31.51846],[97.77526,31.48476],[97.79323,31.48769],[97.79693,31.48079],[97.81092,31.49613],[97.82427,31.49834],[97.84934,31.49143],[97.85186,31.47727],[97.87463,31.46932],[97.89381,31.45027],[97.90213,31.42184],[97.8849,31.40664],[97.84557,31.42902],[97.72952,31.43516],[97.7111,31.41086],[97.69221,31.40479],[97.69048,31.3938],[97.71135,31.34195],[97.72643,31.32595],[97.81577,31.30572],[97.82229,31.27607],[97.84896,31.26995],[97.87567,31.2781],[97.91233,31.26012],[97.9373,31.25992],[97.9312,31.22419],[97.94365,31.21604],[97.93537,31.21131],[97.95893,31.18521],[97.8996,31.16296],[97.88071,31.14464],[97.86262,31.07339],[97.84846,31.07632],[97.79913,31.05627],[97.77644,31.02923],[97.7687,31.04421],[97.7403,31.05885],[97.67415,31.06929],[97.59915,31.0928],[97.58581,31.10263],[97.57386,31.1307],[97.54243,31.12975],[97.51153,31.15328],[97.51424,31.13701],[97.506,31.13086],[97.48419,31.13358],[97.48004,31.09415],[97.43985,31.06898],[97.43031,31.04953],[97.47269,31.00041],[97.45838,30.97259],[97.43641,30.95837],[97.43152,30.94594],[97.45958,30.93941],[97.46713,30.92634],[97.44955,30.92012],[97.40375,30.93782],[97.35815,30.93035],[97.36009,30.89998],[97.34575,30.86349],[97.31511,30.84964],[97.33446,30.81969],[97.34815,30.77192],[97.32845,30.76093],[97.28711,30.75575],[97.26667,30.74123],[97.25348,30.75661],[97.26139,30.76887],[97.25779,30.77779],[97.20589,30.76803],[97.19674,30.77694],[97.17594,30.77695],[97.19548,30.75233],[97.18239,30.7458],[97.19501,30.70338],[97.17495,30.70053],[97.14732,30.72164],[97.14031,30.73731],[97.11585,30.75109],[97.08708,30.74284],[97.07573,30.76509],[97.05311,30.76214],[97.03002,30.79209],[97.00008,30.80515],[96.97465,30.83997],[96.92284,30.82665],[96.90034,30.86249],[96.87384,30.87004],[96.84248,30.92013],[96.8007,30.94117],[96.76714,30.97815],[96.77824,30.98351],[96.76471,30.9939],[96.76575,31.00273],[96.79078,31.02914],[96.79796,31.05038],[96.83659,31.08036],[96.86675,31.06191],[96.90842,31.05297],[96.95248,31.02453],[96.96287,31.03339],[96.9482,31.07432],[96.94955,31.09984],[96.89963,31.125],[96.87051,31.1574],[96.85571,31.16156],[96.85978,31.18183],[96.88171,31.19447],[96.83061,31.21862],[96.80852,31.2458],[96.77115,31.24157],[96.74059,31.25517],[96.76601,31.26165],[96.79315,31.30166],[96.83719,31.30895],[96.87151,31.37373],[96.8551,31.38153],[96.84789,31.37976],[96.84966,31.3728],[96.83338,31.37598],[96.83837,31.38828],[96.82312,31.39937],[96.80832,31.39298],[96.80688,31.38497],[96.78576,31.38266],[96.79622,31.39739],[96.82895,31.41608],[96.79706,31.42393],[96.7982,31.43089],[96.83407,31.44718],[96.80308,31.48686],[96.80532,31.52056],[96.79133,31.53204],[96.79536,31.54273],[96.75454,31.56611],[96.76743,31.59791],[96.79784,31.59855],[96.78434,31.60314],[96.77626,31.6168],[96.7638,31.61464],[96.75602,31.64797],[96.71317,31.64106],[96.69518,31.6797],[96.70034,31.71403],[96.73517,31.67971],[96.77334,31.67574],[96.78795,31.70036],[96.81963,31.70308],[96.84128,31.72582],[96.79927,31.77335],[96.7972,31.79862],[96.76827,31.81734],[96.76132,31.83853],[96.76168,31.86893],[96.79541,31.87167],[96.81084,31.89987],[96.78464,31.91465],[96.77514,31.93976],[96.75658,31.94621],[96.73889,31.98127],[96.74263,32.00415],[96.71949,32.02024],[96.73237,32.02977],[96.7461,32.01577],[96.79908,32.02107],[96.83915,32.0026],[96.84782,31.97973],[96.86618,31.96765],[96.8635,31.99857],[96.88875,32.00427],[96.89422,32.01761],[96.9434,31.99133],[96.95584,31.99662],[96.96624,32.01664],[96.94385,32.02822],[96.93463,32.05028],[96.96636,32.06792],[97.00452,32.07128],[97.0277,32.05185],[97.07539,32.05167],[97.09836,32.04002],[97.13054,32.04625],[97.16631,32.02668],[97.18959,32.05863],[97.21261,32.0448],[97.23277,32.04718],[97.23316,32.06734],[97.20069,32.09302],[97.22058,32.11072],[97.25681,32.07481],[97.30745,32.07848],[97.29214,32.09846],[97.3135,32.13296],[97.27102,32.14251],[97.27572,32.15694],[97.26375,32.18591],[97.27659,32.21333],[97.29306,32.2929],[97.32277,32.30584],[97.34426,32.29881],[97.34127,32.2827],[97.35087,32.28575],[97.36907,32.27536],[97.38877,32.28527]]]}},{"type":"Feature","id":"CTAMAP-2017-COUNTY-1013","properties":{"map_level":"county","source_name":"康马县","source_code":"540230","county_type":"县","prefecture_name":"日喀则市","prefecture_code":"540200","prefecture_type":"地级市","parent_entity_id":"CNUR-000283","parent_year_end_name":"日喀则市","province_name":"西藏自治区","province_code":"540000","snapshot_year":2017,"panel_year":2016,"link_status":"parent_linked","former_name":"","note":""},"geometry":{"type":"Polygon","coordinates":[[[90.10357,28.67189],[90.06892,28.64479],[90.06554,28.62162],[90.08715,28.62322],[90.12224,28.59755],[90.12291,28.51832],[90.13329,28.50876],[90.13147,28.5011],[90.08741,28.47525],[90.08949,28.39365],[90.1096,28.37882],[90.12394,28.38343],[90.13066,28.37325],[90.12208,28.35573],[90.13342,28.34194],[90.19273,28.35265],[90.22498,28.34991],[90.23317,28.3097],[90.20702,28.25275],[90.1887,28.16163],[90.17206,28.18676],[90.12611,28.19338],[90.12156,28.16856],[90.10196,28.14264],[90.071,28.15646],[90.03664,28.13825],[90.0161,28.16617],[89.98708,28.18707],[89.96827,28.19142],[89.90283,28.18324],[89.8652,28.2274],[89.83576,28.23127],[89.80155,28.24867],[89.78772,28.23187],[89.77181,28.22636],[89.78564,28.21417],[89.77731,28.20034],[89.72407,28.17297],[89.68392,28.18398],[89.67113,28.17134],[89.60912,28.16703],[89.54704,28.10145],[89.42346,28.09384],[89.41408,28.1074],[89.4148,28.1244],[89.31668,28.1905],[89.28281,28.18993],[89.28409,28.19686],[89.26122,28.20738],[89.23517,28.19809],[89.22826,28.18147],[89.12322,28.15832],[89.09547,28.2109],[89.09454,28.24485],[89.10652,28.25854],[89.09449,28.26846],[89.09987,28.28189],[89.07683,28.29076],[89.06112,28.28739],[89.0281,28.30635],[89.03688,28.31101],[89.04258,28.33872],[89.01816,28.36151],[89.01989,28.37345],[89.06162,28.37123],[89.07456,28.37954],[89.08054,28.41145],[89.12347,28.42712],[89.13939,28.44658],[89.1303,28.48058],[89.15877,28.48719],[89.16798,28.48187],[89.17196,28.49067],[89.23994,28.52317],[89.24969,28.54292],[89.24735,28.55892],[89.27681,28.59388],[89.25272,28.64004],[89.27673,28.65551],[89.27553,28.6684],[89.31117,28.67171],[89.3294,28.69785],[89.34597,28.70066],[89.34882,28.71653],[89.38295,28.7089],[89.38802,28.71903],[89.40146,28.71292],[89.41774,28.71688],[89.43223,28.70781],[89.44295,28.71181],[89.44661,28.6987],[89.48327,28.70739],[89.50136,28.71767],[89.51015,28.73442],[89.52557,28.73644],[89.52816,28.74726],[89.54938,28.75193],[89.5566,28.80208],[89.62677,28.82913],[89.64456,28.85256],[89.71343,28.84824],[89.71475,28.82546],[89.7078,28.82232],[89.71223,28.79757],[89.77593,28.7537],[89.78023,28.7412],[89.76358,28.72361],[89.78594,28.71],[89.80213,28.72894],[89.82386,28.72473],[89.84704,28.75091],[89.90164,28.76045],[89.91781,28.77306],[89.94002,28.76832],[89.94504,28.77867],[89.97962,28.78317],[89.98575,28.76978],[90.02485,28.75465],[90.04709,28.72915],[90.05708,28.72768],[90.04596,28.69163],[90.10357,28.67189]]]}},{"type":"Feature","id":"CTAMAP-2017-COUNTY-1042","properties":{"map_level":"county","source_name":"拉孜县","source_code":"540225","county_type":"县","prefecture_name":"日喀则市","prefecture_code":"540200","prefecture_type":"地级市","parent_entity_id":"CNUR-000283","parent_year_end_name":"日喀则市","province_name":"西藏自治区","province_code":"540000","snapshot_year":2017,"panel_year":2016,"link_status":"parent_linked","former_name":"","note":""},"geometry":{"type":"Polygon","coordinates":[[[88.33543,29.33588],[88.32805,29.29347],[88.3097,29.27809],[88.29633,29.23479],[88.31714,29.218],[88.35391,29.21512],[88.34235,29.1635],[88.33598,29.15351],[88.3159,29.15158],[88.28358,29.08749],[88.26155,29.08665],[88.25797,29.07698],[88.19761,29.07395],[88.18478,29.05895],[88.19422,29.00597],[88.18779,28.95638],[88.14281,28.96649],[88.1195,28.95423],[88.11146,28.96575],[88.11455,28.99039],[88.10559,28.99344],[88.08041,28.98594],[88.04828,28.99943],[88.00356,28.99082],[87.99236,29.00593],[87.99887,29.01351],[87.99652,29.04134],[87.91182,29.04459],[87.90593,29.0333],[87.87694,29.02324],[87.84736,28.99052],[87.8383,28.97217],[87.8528,28.94292],[87.83334,28.93642],[87.82288,28.91093],[87.80359,28.90965],[87.80123,28.89975],[87.7854,28.89272],[87.81562,28.88726],[87.78339,28.86379],[87.77063,28.83439],[87.71726,28.8298],[87.68693,28.81919],[87.68569,28.80861],[87.65523,28.78441],[87.65499,28.77488],[87.63504,28.76539],[87.61367,28.76505],[87.59767,28.7755],[87.59785,28.78944],[87.58721,28.80314],[87.56014,28.80721],[87.53745,28.79102],[87.50904,28.805],[87.5272,28.8277],[87.52493,28.84133],[87.492,28.86857],[87.50056,28.90924],[87.48464,28.92745],[87.49655,28.95299],[87.45885,28.93357],[87.44462,28.95357],[87.42128,28.94771],[87.41451,28.95517],[87.39655,28.95183],[87.38813,28.9757],[87.36911,28.98345],[87.29779,28.9678],[87.28149,28.97338],[87.26681,28.96556],[87.24515,28.97745],[87.19632,28.97743],[87.22254,28.99891],[87.23408,29.02212],[87.24486,29.00752],[87.30982,29.0054],[87.32055,29.01119],[87.34545,28.99551],[87.41265,29.02217],[87.43277,29.06349],[87.45842,29.04882],[87.47475,29.07756],[87.47727,29.10951],[87.50281,29.11509],[87.47807,29.16121],[87.49559,29.17505],[87.51651,29.17215],[87.51927,29.2106],[87.53501,29.22711],[87.4879,29.26018],[87.51786,29.31388],[87.53135,29.31947],[87.56341,29.31057],[87.58846,29.31843],[87.61482,29.30686],[87.6443,29.32795],[87.65475,29.32745],[87.65841,29.34242],[87.72832,29.36345],[87.74121,29.38426],[87.76501,29.38447],[87.80316,29.39919],[87.83234,29.39649],[87.83338,29.435],[87.79434,29.43397],[87.76479,29.41621],[87.75394,29.41758],[87.7369,29.44498],[87.73326,29.47723],[87.73848,29.49547],[87.73293,29.50212],[87.75155,29.52428],[87.75043,29.53997],[87.76767,29.54235],[87.78492,29.55637],[87.80178,29.55596],[87.80969,29.57693],[87.80343,29.58668],[87.81533,29.591],[87.82854,29.59129],[87.84871,29.56845],[87.86859,29.57678],[87.88626,29.60477],[87.92519,29.6029],[87.93958,29.58704],[87.94787,29.59139],[87.95837,29.58357],[87.97172,29.59004],[87.9859,29.58368],[87.99135,29.57172],[87.98466,29.54339],[87.99706,29.50736],[88.01348,29.48462],[88.04822,29.48272],[88.05746,29.46696],[88.07455,29.46811],[88.09592,29.44565],[88.09679,29.4263],[88.10562,29.41764],[88.10124,29.39952],[88.12672,29.37363],[88.13481,29.33881],[88.1987,29.32744],[88.21807,29.36529],[88.23941,29.37056],[88.25676,29.34908],[88.29963,29.35621],[88.31453,29.34023],[88.33543,29.33588]]]}},{"type":"Feature","id":"CTAMAP-2017-COUNTY-1067","properties":{"map_level":"county","source_name":"朗县","source_code":"540426","county_type":"县","prefecture_name":"林芝市","prefecture_code":"540400","prefecture_type":"地级市","parent_entity_id":"CNUR-000285","parent_year_end_name":"林芝市","province_name":"西藏自治区","province_code":"540000","snapshot_year":2017,"panel_year":2016,"link_status":"parent_linked","former_name":"","note":""},"geometry":{"type":"Polygon","coordinates":[[[93.14389,29.45494],[93.12829,29.43416],[93.1812,29.38362],[93.1839,29.37025],[93.25467,29.32858],[93.29488,29.29125],[93.28773,29.26739],[93.26534,29.24309],[93.26694,29.2321],[93.28153,29.19196],[93.30378,29.16994],[93.29878,29.13557],[93.30526,29.12171],[93.33954,29.09766],[93.3686,29.05098],[93.34977,29.04729],[93.31312,29.00814],[93.35655,29.01628],[93.37544,29.00767],[93.39758,29.01137],[93.46881,28.98679],[93.53691,28.99826],[93.57819,28.99687],[93.5969,28.9812],[93.58638,28.96316],[93.56454,28.9491],[93.57537,28.909],[93.57199,28.88548],[93.54509,28.86322],[93.5594,28.83883],[93.54493,28.8014],[93.56978,28.76062],[93.56186,28.73149],[93.50424,28.69218],[93.49886,28.67911],[93.50655,28.66798],[93.46591,28.67325],[93.47357,28.68472],[93.47074,28.69789],[93.42129,28.7181],[93.36659,28.70801],[93.34933,28.72026],[93.34917,28.73962],[93.33121,28.76265],[93.31076,28.76052],[93.29716,28.74981],[93.27462,28.75477],[93.21877,28.73817],[93.20442,28.74106],[93.19518,28.7246],[93.1682,28.73734],[93.13479,28.72515],[93.11692,28.73496],[93.08898,28.72312],[92.9966,28.74394],[92.97396,28.73656],[92.95135,28.76248],[92.91981,28.77319],[92.88387,28.7542],[92.86785,28.70511],[92.81963,28.70194],[92.80225,28.70576],[92.79971,28.72326],[92.76913,28.75319],[92.66536,28.77189],[92.65093,28.75999],[92.55709,28.80884],[92.53208,28.78386],[92.52912,28.75878],[92.50384,28.72119],[92.49198,28.71779],[92.44496,28.75476],[92.42721,28.80611],[92.47346,28.85895],[92.49582,28.87002],[92.53129,28.84337],[92.54894,28.85794],[92.5638,28.83625],[92.59554,28.82873],[92.62586,28.83672],[92.66211,28.82135],[92.67276,28.84153],[92.67196,28.87128],[92.69619,28.90488],[92.71373,28.92175],[92.76117,28.93692],[92.79378,29.08029],[92.81228,29.07963],[92.8653,29.1242],[92.91872,29.13056],[92.91886,29.14556],[92.93543,29.15056],[92.94732,29.17277],[92.94715,29.19072],[93.00195,29.22378],[93.0158,29.23992],[93.02613,29.3069],[93.04918,29.32717],[93.09718,29.33339],[93.11406,29.3558],[93.11206,29.3662],[93.0912,29.37495],[93.08676,29.39091],[93.0935,29.40703],[93.07422,29.43017],[93.08313,29.47767],[93.09261,29.48883],[93.1064,29.48738],[93.14389,29.45494]]]}},{"type":"Feature","id":"CTAMAP-2017-COUNTY-1068","properties":{"map_level":"county","source_name":"浪卡子县","source_code":"540531","county_type":"县","prefecture_name":"山南市","prefecture_code":"540500","prefecture_type":"地级市","parent_entity_id":"CNUR-000286","parent_year_end_name":"山南市","province_name":"西藏自治区","province_code":"540000","snapshot_year":2017,"panel_year":2016,"link_status":"parent_linked","former_name":"","note":""},"geometry":{"type":"Polygon","coordinates":[[[90.34724,29.30943],[90.38033,29.29277],[90.43298,29.24195],[90.47665,29.25538],[90.49354,29.25063],[90.4779,29.23034],[90.46953,29.17837],[90.58155,29.202],[90.62642,29.18917],[90.61876,29.17094],[90.69304,29.12181],[90.69966,29.03826],[90.73021,28.99256],[90.77989,28.9587],[90.84,28.93404],[90.86321,28.94892],[90.8573,28.97962],[90.88739,28.98988],[90.91252,29.01519],[90.9149,29.0496],[90.89566,29.06438],[90.90355,29.06881],[90.9826,29.07401],[91.00193,29.06777],[91.04334,29.03329],[91.05049,29.00613],[91.07626,28.99064],[91.15021,28.98837],[91.16141,29.00176],[91.17112,29.00117],[91.20653,28.99186],[91.21819,28.98096],[91.22684,28.98733],[91.26413,28.98609],[91.29124,28.97121],[91.29694,28.95755],[91.27965,28.91518],[91.25579,28.88367],[91.25555,28.86103],[91.23716,28.84594],[91.26436,28.82441],[91.26389,28.77954],[91.33336,28.7663],[91.36204,28.77985],[91.36314,28.76646],[91.3565,28.7278],[91.33535,28.73352],[91.3233,28.72652],[91.32026,28.71224],[91.32934,28.70244],[91.33203,28.67394],[91.31684,28.6725],[91.28184,28.5964],[91.25627,28.59713],[91.24174,28.5861],[91.22519,28.5938],[91.23212,28.57075],[91.21199,28.57637],[91.18717,28.57076],[91.13197,28.5436],[91.0966,28.50761],[91.02055,28.50405],[91.02606,28.51637],[91.00429,28.54635],[90.96918,28.54934],[90.9463,28.56298],[90.93346,28.56473],[90.91909,28.54713],[90.88195,28.55654],[90.8446,28.53807],[90.84994,28.51595],[90.84346,28.494],[90.8071,28.47138],[90.72515,28.47066],[90.70466,28.4801],[90.6785,28.47519],[90.66421,28.453],[90.66948,28.44084],[90.65262,28.42654],[90.58374,28.43318],[90.54126,28.41012],[90.45607,28.41128],[90.39511,28.42047],[90.37026,28.43992],[90.34779,28.4156],[90.36971,28.39553],[90.35451,28.33435],[90.35962,28.31115],[90.32659,28.28557],[90.31037,28.24062],[90.34947,28.17357],[90.30556,28.15615],[90.22373,28.14531],[90.1887,28.16163],[90.20702,28.25275],[90.23238,28.30259],[90.22498,28.34991],[90.19273,28.35265],[90.13342,28.34194],[90.12208,28.35573],[90.13066,28.37325],[90.12394,28.38343],[90.1096,28.37882],[90.08949,28.39365],[90.08741,28.47525],[90.13147,28.5011],[90.13336,28.51028],[90.12291,28.51832],[90.12224,28.59755],[90.08715,28.62322],[90.06542,28.62258],[90.07674,28.6529],[90.10515,28.66764],[90.1248,28.69402],[90.16714,28.7132],[90.17721,28.74027],[90.1656,28.75972],[90.18393,28.78019],[90.19977,28.77205],[90.22395,28.81174],[90.19131,28.88889],[90.19173,28.91476],[90.17775,28.93],[90.17995,28.96932],[90.20672,28.98394],[90.21407,29.00451],[90.20978,29.01264],[90.25098,29.06718],[90.24619,29.09413],[90.22501,29.12092],[90.23495,29.16235],[90.3007,29.21331],[90.32201,29.26828],[90.34101,29.27906],[90.33908,29.30422],[90.34724,29.30943]]]}},{"type":"Feature","id":"CTAMAP-2017-COUNTY-1087","properties":{"map_level":"county","source_name":"类乌齐县","source_code":"540323","county_type":"县","prefecture_name":"昌都市","prefecture_code":"540300","prefecture_type":"地级市","parent_entity_id":"CNUR-000284","parent_year_end_name":"昌都市","province_name":"西藏自治区","province_code":"540000","snapshot_year":2017,"panel_year":2016,"link_status":"parent_linked","former_name":"","note":""},"geometry":{"type":"Polygon","coordinates":[[[96.70034,31.71403],[96.69518,31.6797],[96.71317,31.64106],[96.75602,31.64797],[96.7638,31.61464],[96.77626,31.6168],[96.78434,31.60314],[96.79784,31.59855],[96.76743,31.59791],[96.75454,31.56611],[96.79536,31.54273],[96.79133,31.53204],[96.80532,31.52056],[96.80308,31.48686],[96.83407,31.44718],[96.7982,31.43089],[96.79706,31.42393],[96.82895,31.41608],[96.79622,31.39739],[96.78576,31.38266],[96.80688,31.38497],[96.80832,31.39298],[96.82312,31.39937],[96.83837,31.38828],[96.83338,31.37598],[96.84966,31.3728],[96.84789,31.37976],[96.8551,31.38153],[96.87151,31.37373],[96.83719,31.30895],[96.79315,31.30166],[96.76601,31.26165],[96.74059,31.25517],[96.77115,31.24157],[96.80852,31.2458],[96.83061,31.21862],[96.88171,31.19447],[96.85978,31.18183],[96.85571,31.16156],[96.87051,31.1574],[96.89963,31.125],[96.94955,31.09984],[96.9482,31.07432],[96.96287,31.03339],[96.95248,31.02453],[96.90842,31.05297],[96.86675,31.06191],[96.83659,31.08036],[96.79796,31.05038],[96.79078,31.02914],[96.76575,31.00273],[96.76471,30.9939],[96.77824,30.98351],[96.72875,30.97234],[96.70683,31.00385],[96.67427,31.01307],[96.63401,30.9997],[96.60868,30.94645],[96.56864,30.9626],[96.54942,30.98788],[96.53303,30.98893],[96.51679,30.97724],[96.50471,30.9943],[96.48931,30.99788],[96.43971,30.98623],[96.40268,31.00302],[96.38806,30.99204],[96.37237,31.00038],[96.37665,30.97963],[96.37068,30.95887],[96.36525,30.95992],[96.3366,30.97038],[96.28564,31.01996],[96.26103,31.0137],[96.18361,31.04633],[96.18318,31.06867],[96.16408,31.07783],[96.19082,31.10877],[96.26751,31.07984],[96.28614,31.09892],[96.28632,31.11086],[96.32265,31.13838],[96.3522,31.13548],[96.37504,31.14335],[96.37189,31.16105],[96.35543,31.17569],[96.3326,31.18225],[96.3424,31.20192],[96.33389,31.21285],[96.28487,31.21871],[96.26698,31.23063],[96.25178,31.22444],[96.17473,31.26869],[96.12345,31.27613],[96.11973,31.2908],[96.09926,31.28351],[96.11001,31.32068],[96.09456,31.34433],[96.09989,31.35507],[96.11885,31.35746],[96.11544,31.37144],[96.09627,31.37189],[96.07857,31.38548],[96.06598,31.37974],[96.05809,31.3917],[96.05975,31.41814],[96.02461,31.39888],[96.01037,31.38093],[95.99025,31.39276],[95.99445,31.42369],[95.95082,31.44013],[95.89386,31.50599],[95.86064,31.52074],[95.8486,31.51565],[95.83324,31.52716],[95.82499,31.5464],[95.8308,31.59262],[95.82702,31.60276],[95.80871,31.60241],[95.80945,31.63127],[95.82871,31.64343],[95.83456,31.67241],[95.82383,31.68322],[95.8506,31.70861],[95.85154,31.74096],[95.86761,31.77487],[95.89835,31.81905],[95.91879,31.82302],[95.99128,31.81278],[95.99312,31.77529],[96.03754,31.73827],[96.14681,31.6896],[96.1539,31.60574],[96.21094,31.60412],[96.22573,31.62756],[96.22356,31.65569],[96.25052,31.66694],[96.24608,31.68047],[96.25229,31.69774],[96.22184,31.73489],[96.23143,31.75077],[96.17603,31.77772],[96.18189,31.79701],[96.17528,31.82218],[96.18271,31.83792],[96.2029,31.84452],[96.21414,31.87805],[96.1977,31.88675],[96.18736,31.90581],[96.2184,31.90779],[96.252,31.93234],[96.29253,31.92148],[96.35403,31.91844],[96.36675,31.92711],[96.38585,31.9256],[96.4016,31.89226],[96.40741,31.84794],[96.41222,31.83568],[96.42879,31.8284],[96.43406,31.80055],[96.56749,31.71445],[96.61506,31.73942],[96.64626,31.71112],[96.67076,31.71374],[96.66767,31.72832],[96.67554,31.73051],[96.70034,31.71403]]]}},{"type":"Feature","id":"CTAMAP-2017-COUNTY-1152","properties":{"map_level":"county","source_name":"林周县","source_code":"540121","county_type":"县","prefecture_name":"拉萨市","prefecture_code":"540100","prefecture_type":"地级市","parent_entity_id":"CNUR-000282","parent_year_end_name":"拉萨市","province_name":"西藏自治区","province_code":"540000","snapshot_year":2017,"panel_year":2016,"link_status":"parent_linked","former_name":"","note":""},"geometry":{"type":"Polygon","coordinates":[[[91.80571,30.4327],[91.83102,30.4434],[91.85349,30.43084],[91.84274,30.41642],[91.85128,30.39251],[91.84448,30.35989],[91.85755,30.28662],[91.92555,30.28648],[91.92747,30.26486],[91.9174,30.26287],[91.91928,30.25574],[91.89684,30.23661],[91.83165,30.24792],[91.79332,30.21907],[91.75084,30.21664],[91.72291,30.2012],[91.70642,30.17333],[91.67855,30.17414],[91.67264,30.15319],[91.65666,30.14956],[91.65544,30.14117],[91.68462,30.08439],[91.6849,30.05971],[91.61019,30.07068],[91.6121,30.03909],[91.60357,30.02278],[91.54973,30.00052],[91.43486,30.0167],[91.44054,29.97917],[91.42429,29.96838],[91.42858,29.89101],[91.41932,29.87727],[91.4558,29.82204],[91.4769,29.81302],[91.43785,29.77412],[91.36119,29.76829],[91.30647,29.75326],[91.28863,29.75662],[91.26826,29.77837],[91.23518,29.77623],[91.20944,29.75689],[91.19261,29.78718],[91.15185,29.80289],[91.09883,29.77545],[91.07836,29.77299],[91.018,29.78354],[91.01206,29.77619],[90.9333,29.78005],[90.90723,29.77162],[90.86063,29.78289],[90.85386,29.79129],[90.85599,29.81673],[90.86912,29.83345],[90.84765,29.90102],[90.86065,29.95322],[90.84866,29.96336],[90.8535,29.98676],[90.84581,30.00607],[90.86425,30.01082],[90.90486,30.00389],[90.91988,30.02719],[90.94258,30.02726],[90.94958,30.04479],[91.05136,30.05691],[91.06925,30.0665],[91.06694,30.07697],[91.07703,30.08576],[91.1044,30.09389],[91.12031,30.11719],[91.11207,30.13271],[91.0347,30.1406],[91.02138,30.12721],[91.00102,30.12498],[90.98671,30.19],[91.00052,30.23513],[91.03529,30.21542],[91.07412,30.21931],[91.09237,30.24024],[91.09486,30.25565],[91.1396,30.27657],[91.13357,30.29718],[91.14418,30.34341],[91.18,30.33633],[91.20103,30.34901],[91.27803,30.35947],[91.28775,30.36461],[91.29766,30.39255],[91.37322,30.38384],[91.42273,30.44771],[91.45976,30.44241],[91.47712,30.45968],[91.51004,30.47075],[91.55666,30.46201],[91.56909,30.446],[91.60299,30.44988],[91.62692,30.42299],[91.64193,30.41728],[91.68033,30.45651],[91.70708,30.4447],[91.73079,30.45963],[91.75315,30.44483],[91.778,30.4443],[91.80571,30.4327]]]}},{"type":"Feature","id":"CTAMAP-2017-COUNTY-1250","properties":{"map_level":"county","source_name":"隆子县","source_code":"540529","county_type":"县","prefecture_name":"山南市","prefecture_code":"540500","prefecture_type":"地级市","parent_entity_id":"CNUR-000286","parent_year_end_name":"山南市","province_name":"西藏自治区","province_code":"540000","snapshot_year":2017,"panel_year":2016,"link_status":"parent_linked","former_name":"","note":""},"geometry":{"type":"Polygon","coordinates":[[[92.42721,28.80611],[92.44496,28.75476],[92.49198,28.71779],[92.50883,28.72426],[92.52912,28.75878],[92.53208,28.78386],[92.55709,28.80884],[92.65093,28.75999],[92.66536,28.77189],[92.76913,28.75319],[92.79971,28.72326],[92.80225,28.70576],[92.81841,28.702],[92.86785,28.70511],[92.88387,28.7542],[92.91981,28.77319],[92.95135,28.76248],[92.97396,28.73656],[92.9966,28.74394],[93.08898,28.72312],[93.11692,28.73496],[93.13479,28.72515],[93.1682,28.73734],[93.19518,28.7246],[93.20442,28.74106],[93.21877,28.73817],[93.27462,28.75477],[93.29716,28.74981],[93.31076,28.76052],[93.33121,28.76265],[93.34917,28.73962],[93.35251,28.71708],[93.36901,28.70704],[93.41497,28.71956],[93.45207,28.70813],[93.47074,28.69789],[93.46937,28.67131],[93.50655,28.66798],[93.62326,28.6864],[93.63889,28.65674],[93.65906,28.66967],[93.69259,28.67436],[93.71669,28.66647],[93.75542,28.69765],[93.77159,28.67562],[93.77438,28.65742],[93.80134,28.65892],[93.80517,28.63184],[93.83294,28.62609],[93.84307,28.59151],[93.87949,28.56599],[93.88855,28.54963],[93.87793,28.50852],[93.88896,28.48412],[93.87344,28.46893],[93.89272,28.39212],[93.90698,28.37851],[93.94152,28.36716],[94.03055,28.36573],[94.03997,28.33935],[94.07829,28.28691],[94.10941,28.26361],[94.12364,28.24147],[94.15764,28.23369],[94.15802,28.18846],[94.12871,28.20345],[94.08115,28.19138],[94.05559,28.19458],[94.02813,28.21031],[94.01087,28.23611],[93.98532,28.24228],[93.94518,28.27301],[93.90723,28.2512],[93.85663,28.24438],[93.82701,28.24935],[93.76452,28.27361],[93.72966,28.30066],[93.72302,28.31443],[93.68067,28.33435],[93.60814,28.27503],[93.53262,28.27119],[93.44106,28.29199],[93.34076,28.35089],[93.29378,28.33919],[93.274,28.36072],[93.22985,28.3454],[93.12096,28.34054],[93.04608,28.31481],[93.0173,28.27865],[92.94617,28.26503],[92.90738,28.22455],[92.85284,28.19872],[92.76882,28.17926],[92.69145,28.10964],[92.67329,28.10673],[92.64339,28.11059],[92.5924,28.13944],[92.55288,28.12535],[92.52857,28.14101],[92.51225,28.1764],[92.53185,28.21801],[92.53204,28.26456],[92.55902,28.29222],[92.54615,28.31018],[92.40523,28.32603],[92.35338,28.32359],[92.34313,28.30932],[92.32863,28.3093],[92.2754,28.3328],[92.20159,28.31307],[92.18328,28.30162],[92.19816,28.27686],[92.14656,28.26424],[92.07392,28.22813],[92.05982,28.23447],[92.05013,28.26202],[92.01534,28.26171],[92.01446,28.27379],[92.03208,28.29436],[92.02082,28.33747],[91.9842,28.34596],[91.97049,28.36974],[91.9425,28.36337],[91.93732,28.38292],[91.89429,28.40375],[91.89334,28.42118],[91.90719,28.4235],[91.91872,28.45289],[91.9599,28.458],[91.98352,28.53719],[91.94161,28.5607],[91.9388,28.57423],[91.91801,28.59326],[91.91536,28.61458],[91.92568,28.63686],[91.91276,28.64434],[91.91358,28.65431],[91.89645,28.66771],[91.87017,28.71076],[91.88712,28.75311],[91.90777,28.75577],[91.92068,28.74349],[91.93766,28.7505],[91.95595,28.77443],[91.98087,28.74027],[92.05337,28.7185],[92.08741,28.67897],[92.09228,28.65284],[92.11631,28.65263],[92.13204,28.6365],[92.14265,28.64447],[92.14981,28.63446],[92.19421,28.63117],[92.21373,28.65478],[92.23156,28.65374],[92.20309,28.71576],[92.20048,28.73949],[92.27478,28.75199],[92.28531,28.73425],[92.33316,28.72505],[92.33446,28.75027],[92.41607,28.8155],[92.42721,28.80611]]]}},{"type":"Feature","id":"CTAMAP-2017-COUNTY-1308","properties":{"map_level":"county","source_name":"洛隆县","source_code":"540329","county_type":"县","prefecture_name":"昌都市","prefecture_code":"540300","prefecture_type":"地级市","parent_entity_id":"CNUR-000284","parent_year_end_name":"昌都市","province_name":"西藏自治区","province_code":"540000","snapshot_year":2017,"panel_year":2016,"link_status":"parent_linked","former_name":"","note":""},"geometry":{"type":"Polygon","coordinates":[[[96.21492,31.03226],[96.26103,31.0137],[96.28564,31.01996],[96.3366,30.97038],[96.36525,30.95992],[96.37068,30.95887],[96.37665,30.97963],[96.37237,31.00038],[96.38806,30.99204],[96.40268,31.00302],[96.43971,30.98623],[96.48931,30.99788],[96.50471,30.9943],[96.51679,30.97724],[96.53303,30.98893],[96.54942,30.98788],[96.56864,30.9626],[96.5604,30.95722],[96.57401,30.93279],[96.56611,30.90797],[96.56975,30.89414],[96.54911,30.884],[96.54622,30.87459],[96.56778,30.8691],[96.56472,30.85525],[96.55623,30.84884],[96.52516,30.85096],[96.51356,30.84337],[96.50942,30.82565],[96.49204,30.81931],[96.49158,30.80066],[96.47576,30.78702],[96.49038,30.77189],[96.48691,30.76109],[96.46574,30.75327],[96.43089,30.77744],[96.40462,30.76538],[96.37645,30.76323],[96.38544,30.74089],[96.39676,30.7333],[96.39729,30.70036],[96.41133,30.6744],[96.37303,30.64098],[96.33376,30.62876],[96.30124,30.60181],[96.30348,30.57433],[96.33409,30.56392],[96.35092,30.53857],[96.3888,30.51259],[96.38809,30.5019],[96.41063,30.46602],[96.43815,30.45252],[96.41085,30.44702],[96.4003,30.43039],[96.36176,30.41732],[96.39094,30.39651],[96.41727,30.36374],[96.45308,30.35333],[96.47051,30.36039],[96.45851,30.32139],[96.46423,30.27543],[96.44473,30.30667],[96.45028,30.31819],[96.42464,30.32838],[96.37857,30.31411],[96.35155,30.32603],[96.29883,30.3074],[96.28588,30.31331],[96.27052,30.29759],[96.24,30.29828],[96.22642,30.28968],[96.20934,30.21747],[96.15068,30.21738],[96.14672,30.20152],[96.11524,30.19877],[96.10476,30.20654],[96.09599,30.2454],[96.07906,30.23811],[96.04837,30.2605],[95.99731,30.23421],[95.97061,30.25374],[95.92955,30.25117],[95.91515,30.26443],[95.9169,30.27927],[95.90284,30.2898],[95.88521,30.28835],[95.85854,30.30663],[95.8533,30.32683],[95.87733,30.33489],[95.88433,30.34546],[95.85792,30.36076],[95.81341,30.36801],[95.78401,30.39216],[95.75223,30.45868],[95.69359,30.48564],[95.71059,30.55229],[95.62942,30.57284],[95.59985,30.57128],[95.56357,30.5875],[95.54697,30.6074],[95.50692,30.58963],[95.48959,30.60687],[95.43845,30.62093],[95.42725,30.61809],[95.42255,30.60082],[95.43007,30.59239],[95.42187,30.57825],[95.38451,30.59013],[95.37708,30.56547],[95.36298,30.55777],[95.31452,30.59621],[95.33748,30.61681],[95.33759,30.62503],[95.35168,30.62924],[95.33807,30.65193],[95.34727,30.6727],[95.32816,30.68211],[95.32459,30.69482],[95.33625,30.70894],[95.29328,30.75341],[95.25568,30.76856],[95.26997,30.78268],[95.26702,30.79642],[95.27525,30.81159],[95.30442,30.80776],[95.30796,30.83338],[95.29829,30.85373],[95.30263,30.87266],[95.31695,30.88852],[95.31103,30.93793],[95.24873,30.98616],[95.26717,31.02283],[95.24713,31.121],[95.28458,31.15824],[95.2967,31.16081],[95.30784,31.14537],[95.34768,31.13539],[95.37948,31.14497],[95.39173,31.10655],[95.4154,31.11699],[95.43578,31.10749],[95.4678,31.05849],[95.48735,31.01459],[95.48218,31.01017],[95.51168,31.017],[95.53069,31.05233],[95.60086,31.09368],[95.60512,31.11031],[95.59863,31.12745],[95.63183,31.15132],[95.64127,31.12676],[95.68106,31.12869],[95.70591,31.11893],[95.71258,31.13551],[95.70143,31.15474],[95.73956,31.15833],[95.80536,31.14779],[95.82951,31.13197],[95.84427,31.1075],[95.86377,31.11408],[95.90589,31.09688],[95.93771,31.05097],[95.96517,31.04295],[95.99761,31.00446],[96.01833,31.00357],[96.01554,31.01368],[96.02336,31.02429],[96.05463,31.03599],[96.07473,31.02976],[96.08709,31.03805],[96.09606,31.01797],[96.15471,31.00104],[96.14837,30.97224],[96.15956,30.95855],[96.17245,30.96154],[96.17236,30.97735],[96.19075,31.00428],[96.18299,31.01144],[96.18743,31.02415],[96.21492,31.03226]]]}},{"type":"Feature","id":"CTAMAP-2017-COUNTY-1312","properties":{"map_level":"county","source_name":"洛扎县","source_code":"540527","county_type":"县","prefecture_name":"山南市","prefecture_code":"540500","prefecture_type":"地级市","parent_entity_id":"CNUR-000286","parent_year_end_name":"山南市","province_name":"西藏自治区","province_code":"540000","snapshot_year":2017,"panel_year":2016,"link_status":"parent_linked","former_name":"","note":""},"geometry":{"type":"Polygon","coordinates":[[[91.10557,28.51108],[91.12887,28.49984],[91.11693,28.47327],[91.12192,28.43406],[91.10978,28.4129],[91.15089,28.34727],[91.12832,28.32758],[91.13666,28.27124],[91.12981,28.22295],[91.15034,28.19754],[91.18489,28.19214],[91.2618,28.23174],[91.35713,28.23486],[91.38747,28.24366],[91.43515,28.2257],[91.45659,28.19897],[91.47715,28.18889],[91.48031,28.17548],[91.46444,28.15084],[91.48485,28.13202],[91.47069,28.1186],[91.44542,28.12009],[91.43041,28.10447],[91.43425,28.08558],[91.41152,28.06835],[91.39795,28.03119],[91.35159,28.05129],[91.34188,28.06367],[91.31466,28.06348],[91.31047,28.0334],[91.29067,28.02655],[91.27227,27.98909],[91.2574,27.97555],[91.21427,27.99191],[91.18988,27.98582],[91.16599,27.96805],[91.16991,27.95296],[91.15047,27.92618],[91.15463,27.8954],[91.11582,27.85048],[91.0295,27.86072],[90.96441,27.90285],[90.97873,27.93933],[90.96335,27.95561],[90.93049,27.94476],[90.89822,27.94868],[90.8444,27.9716],[90.80336,28.01694],[90.7973,28.04585],[90.75423,28.04715],[90.68903,28.07821],[90.66095,28.05417],[90.62065,28.0457],[90.59231,28.02455],[90.56518,28.04763],[90.50969,28.06665],[90.47655,28.04739],[90.45537,28.04906],[90.43788,28.06536],[90.38268,28.06286],[90.36186,28.09748],[90.32593,28.13115],[90.30201,28.14091],[90.29521,28.15739],[90.34947,28.17357],[90.31037,28.24062],[90.32659,28.28557],[90.35962,28.31115],[90.35451,28.33435],[90.36971,28.39553],[90.34779,28.4156],[90.37026,28.43992],[90.39511,28.42047],[90.45607,28.41128],[90.54126,28.41012],[90.58374,28.43318],[90.65406,28.42679],[90.66948,28.44084],[90.66421,28.453],[90.67754,28.47475],[90.70466,28.4801],[90.72515,28.47066],[90.80614,28.47088],[90.84346,28.494],[90.84994,28.51595],[90.8446,28.53807],[90.88195,28.55654],[90.92082,28.5474],[90.93514,28.56522],[90.96918,28.54934],[91.00429,28.54635],[91.02606,28.51637],[91.02055,28.50405],[91.10557,28.51108]]]}},{"type":"Feature","id":"CTAMAP-2017-COUNTY-1338","properties":{"map_level":"county","source_name":"芒康县","source_code":"540328","county_type":"县","prefecture_name":"昌都市","prefecture_code":"540300","prefecture_type":"地级市","parent_entity_id":"CNUR-000284","parent_year_end_name":"昌都市","province_name":"西藏自治区","province_code":"540000","snapshot_year":2017,"panel_year":2016,"link_status":"parent_linked","former_name":"","note":""},"geometry":{"type":"Polygon","coordinates":[[[98.97909,30.29819],[98.98578,30.2825],[98.96887,30.25941],[98.97402,30.23336],[98.99309,30.21587],[98.98092,30.18699],[98.99007,30.17318],[98.98578,30.15958],[99.01032,30.14561],[99.00964,30.12305],[99.04411,30.08183],[99.03581,30.05402],[99.054,29.96081],[99.05026,29.94445],[99.06757,29.93162],[99.05601,29.92315],[99.05188,29.89579],[99.04121,29.88626],[99.01263,29.82039],[99.01821,29.79378],[98.99975,29.73793],[98.99085,29.66195],[98.99935,29.65738],[98.99615,29.64982],[99.01029,29.63177],[99.01438,29.60991],[99.05086,29.56714],[99.0454,29.52751],[99.05218,29.48858],[99.0615,29.47892],[99.05578,29.45869],[99.06718,29.42659],[99.05685,29.4172],[99.07495,29.31884],[99.0657,29.30351],[99.09501,29.27959],[99.09366,29.26907],[99.11398,29.24544],[99.11535,29.22792],[99.09007,29.22529],[99.0749,29.21367],[99.03599,29.21084],[99.02427,29.19994],[98.97449,29.20766],[98.97355,29.18384],[98.96097,29.17646],[98.96685,29.13311],[98.9949,29.10245],[99.01467,29.04303],[98.92475,28.98028],[98.91288,28.91093],[98.91686,28.89058],[98.97261,28.87058],[98.96421,28.85453],[98.96999,28.83168],[98.93391,28.82909],[98.91104,28.80354],[98.87157,28.81247],[98.85436,28.8018],[98.83895,28.80558],[98.82636,28.82513],[98.82879,28.84912],[98.81009,28.93217],[98.81536,28.95042],[98.79004,28.99372],[98.76697,29.00922],[98.70519,28.96692],[98.65724,28.98044],[98.63017,28.97613],[98.6292,28.9617],[98.64462,28.93608],[98.65739,28.93346],[98.64327,28.89586],[98.66272,28.84349],[98.65214,28.81494],[98.67761,28.77872],[98.67495,28.76215],[98.68296,28.7442],[98.67667,28.72649],[98.6386,28.70224],[98.63378,28.68971],[98.59593,28.68576],[98.57372,28.70367],[98.57931,28.73865],[98.56118,28.78322],[98.56362,28.80225],[98.54841,28.83186],[98.55302,28.8983],[98.52378,28.90989],[98.51767,28.95494],[98.51078,28.9624],[98.49492,28.9576],[98.48541,28.97378],[98.47775,29.02363],[98.47985,29.03633],[98.50044,29.05324],[98.493,29.08588],[98.50109,29.10175],[98.47691,29.16451],[98.45957,29.17983],[98.44285,29.1516],[98.41707,29.1555],[98.39086,29.19958],[98.39425,29.21557],[98.36988,29.22627],[98.37109,29.24002],[98.34622,29.26241],[98.3454,29.2766],[98.31258,29.28687],[98.3189,29.31058],[98.27385,29.32002],[98.25486,29.30246],[98.25189,29.28706],[98.2343,29.27819],[98.22315,29.28478],[98.22733,29.29374],[98.21815,29.30557],[98.20091,29.30516],[98.18498,29.32015],[98.15643,29.32419],[98.15045,29.35712],[98.11867,29.3747],[98.1018,29.39497],[98.09687,29.42975],[98.08107,29.44281],[98.07573,29.50432],[98.04655,29.54967],[98.0498,29.57124],[98.00007,29.64136],[98.00732,29.65332],[98.00094,29.67997],[98.00879,29.68838],[97.99966,29.70361],[98.01032,29.72623],[98.08146,29.73596],[98.15197,29.67118],[98.17827,29.65795],[98.18592,29.63292],[98.21616,29.64709],[98.23561,29.63395],[98.2384,29.64441],[98.25466,29.64],[98.28803,29.66352],[98.32696,29.66725],[98.29963,29.68971],[98.29317,29.7099],[98.26109,29.72423],[98.2535,29.75715],[98.23879,29.7658],[98.24385,29.77799],[98.20763,29.81394],[98.1433,29.82717],[98.128,29.84369],[98.11762,29.87483],[98.09878,29.89615],[98.09831,29.924],[98.07347,29.94545],[98.0744,29.95658],[98.04765,29.98625],[98.04427,30.02592],[97.99967,30.06673],[97.98808,30.08943],[97.99562,30.10069],[97.98463,30.11976],[98.02917,30.13434],[98.04241,30.11878],[98.1055,30.13322],[98.11283,30.11397],[98.1775,30.09627],[98.21106,30.05356],[98.22112,30.0516],[98.25039,30.09526],[98.25669,30.11793],[98.29477,30.09331],[98.35958,30.07216],[98.3653,30.0752],[98.36401,30.09574],[98.42613,30.13047],[98.43022,30.15929],[98.43741,30.16191],[98.44204,30.14951],[98.45982,30.14145],[98.47283,30.14791],[98.47694,30.20183],[98.48474,30.20717],[98.51677,30.19957],[98.51375,30.21403],[98.52707,30.23054],[98.52217,30.25941],[98.52819,30.28134],[98.57224,30.30069],[98.59767,30.30427],[98.61274,30.2747],[98.62226,30.27917],[98.66445,30.26307],[98.70661,30.27952],[98.69532,30.30163],[98.70622,30.31587],[98.70573,30.3323],[98.73749,30.33293],[98.73808,30.31824],[98.75014,30.30467],[98.797,30.28582],[98.82305,30.28788],[98.8426,30.30109],[98.93055,30.27527],[98.96517,30.29983],[98.97909,30.29819]]]}},{"type":"Feature","id":"CTAMAP-2017-COUNTY-1367","properties":{"map_level":"county","source_name":"米林县","source_code":"540422","county_type":"县","prefecture_name":"林芝市","prefecture_code":"540400","prefecture_type":"地级市","parent_entity_id":"CNUR-000285","parent_year_end_name":"林芝市","province_name":"西藏自治区","province_code":"540000","snapshot_year":2017,"panel_year":2016,"link_status":"parent_linked","former_name":"","note":""},"geometry":{"type":"Polygon","coordinates":[[[95.20381,29.75785],[95.20168,29.73725],[95.17687,29.7171],[95.1605,29.66971],[95.14805,29.66127],[95.10383,29.65709],[95.05539,29.63035],[95.02577,29.59629],[95.03565,29.56322],[95.00095,29.54485],[95.00283,29.52268],[94.97685,29.52427],[94.94801,29.49519],[94.95212,29.43996],[94.94181,29.43126],[94.91438,29.43517],[94.8981,29.4205],[94.89635,29.40174],[94.91611,29.35747],[94.86081,29.37341],[94.7572,29.30739],[94.73663,29.28668],[94.71574,29.29116],[94.69239,29.31753],[94.5929,29.27371],[94.54186,29.2191],[94.52567,29.22269],[94.49018,29.207],[94.4564,29.21192],[94.44603,29.18169],[94.41666,29.17766],[94.39404,29.18528],[94.3837,29.15425],[94.29932,29.15102],[94.29386,29.12824],[94.27655,29.10885],[94.27686,29.09312],[94.31686,29.07478],[94.3299,29.03958],[94.35968,29.03425],[94.3656,29.02559],[94.33885,29.00005],[94.27811,28.97042],[94.26302,28.93562],[94.22954,28.92834],[94.17645,28.93513],[94.16646,28.92396],[94.17118,28.91002],[94.13323,28.89077],[94.07875,28.88532],[94.03291,28.85501],[94.01968,28.82745],[94.02095,28.79463],[93.98878,28.79493],[93.97769,28.8178],[93.91569,28.77278],[93.92161,28.74585],[93.91672,28.73912],[93.89786,28.75676],[93.8563,28.74061],[93.79814,28.73422],[93.78343,28.71255],[93.71669,28.66647],[93.69259,28.67436],[93.65906,28.66967],[93.6371,28.65687],[93.62326,28.6864],[93.50655,28.66798],[93.49886,28.67911],[93.50424,28.69218],[93.56186,28.73149],[93.56978,28.76062],[93.54493,28.8014],[93.5594,28.83883],[93.54509,28.86322],[93.57199,28.88548],[93.57537,28.909],[93.56454,28.9491],[93.58638,28.96316],[93.5969,28.9812],[93.57819,28.99687],[93.53691,28.99826],[93.46881,28.98679],[93.39758,29.01137],[93.37544,29.00767],[93.35655,29.01628],[93.31344,29.0078],[93.34977,29.04729],[93.3686,29.05098],[93.33954,29.09766],[93.30526,29.12171],[93.29878,29.13557],[93.30378,29.16994],[93.28153,29.19196],[93.26694,29.2321],[93.26534,29.24309],[93.28773,29.26739],[93.29488,29.29125],[93.25467,29.32858],[93.1888,29.36499],[93.1812,29.38362],[93.12817,29.43453],[93.15489,29.46182],[93.14844,29.47198],[93.18781,29.4949],[93.19042,29.51782],[93.21996,29.51792],[93.22597,29.48843],[93.27363,29.47799],[93.29453,29.5003],[93.31845,29.50045],[93.36827,29.52715],[93.38708,29.55493],[93.46041,29.56635],[93.48135,29.56034],[93.48522,29.53734],[93.49552,29.52994],[93.56579,29.52937],[93.57149,29.51456],[93.61329,29.47385],[93.6058,29.45029],[93.67327,29.42356],[93.73358,29.44104],[93.77096,29.47609],[93.80423,29.47834],[93.82248,29.50009],[93.81309,29.51098],[93.81913,29.52541],[93.84603,29.52132],[93.86887,29.52921],[93.88411,29.51797],[93.8773,29.50776],[93.89269,29.48534],[93.90534,29.48742],[93.91242,29.49786],[93.93057,29.47927],[93.95626,29.48535],[93.97946,29.46936],[93.99999,29.47691],[94.04089,29.51533],[94.08452,29.52644],[94.12154,29.50492],[94.12595,29.48926],[94.17277,29.43844],[94.17795,29.41214],[94.25721,29.39272],[94.29056,29.39839],[94.34158,29.37227],[94.40678,29.36219],[94.42586,29.38839],[94.50337,29.4465],[94.5436,29.44272],[94.57325,29.4649],[94.6038,29.471],[94.66376,29.46863],[94.67038,29.49497],[94.71152,29.50815],[94.72351,29.53856],[94.74455,29.555],[94.75869,29.58298],[94.77866,29.66104],[94.81167,29.70261],[94.82199,29.75835],[94.8577,29.7951],[94.90187,29.81405],[94.99759,29.80833],[95.07382,29.78709],[95.1747,29.77294],[95.18738,29.75685],[95.20381,29.75785]]]}},{"type":"Feature","id":"CTAMAP-2017-COUNTY-1395","properties":{"map_level":"county","source_name":"墨脱县","source_code":"540423","county_type":"县","prefecture_name":"林芝市","prefecture_code":"540400","prefecture_type":"地级市","parent_entity_id":"CNUR-000285","parent_year_end_name":"林芝市","province_name":"西藏自治区","province_code":"540000","snapshot_year":2017,"panel_year":2016,"link_status":"parent_linked","former_name":"","note":""},"geometry":{"type":"Polygon","coordinates":[[[96.0859,29.54473],[96.07707,29.52377],[96.09447,29.50235],[96.09054,29.48019],[96.0287,29.46117],[96.02749,29.43132],[96.05545,29.38196],[96.08661,29.36271],[96.06441,29.34547],[96.04674,29.31266],[96.01859,29.28864],[95.99171,29.28258],[95.98303,29.27256],[95.99037,29.25768],[95.95237,29.22936],[95.93445,29.17607],[95.88678,29.13106],[95.88002,29.10553],[95.90393,29.03613],[95.89306,29.00375],[95.92321,28.96427],[95.90052,28.90014],[95.90318,28.86139],[95.92055,28.84883],[95.89805,28.79765],[95.85924,28.78531],[95.86425,28.72565],[95.84121,28.67788],[95.85841,28.61083],[95.82992,28.58245],[95.83958,28.53343],[95.81338,28.52091],[95.8101,28.49738],[95.81365,28.48475],[95.82673,28.48239],[95.8427,28.43958],[95.815,28.42691],[95.76437,28.37948],[95.77511,28.32606],[95.75423,28.32832],[95.71219,28.29064],[95.69343,28.26094],[95.62377,28.22599],[95.53883,28.18673],[95.43627,28.1627],[95.39558,28.14367],[95.36989,28.11083],[95.35014,28.03897],[95.3223,28.01232],[95.2919,27.94834],[95.26786,27.92907],[95.16912,27.89219],[95.06537,27.83913],[95.00374,27.8258],[94.94116,27.78892],[94.89024,27.74633],[94.81458,27.72087],[94.77555,27.69874],[94.72262,27.68614],[94.65539,27.64948],[94.5288,27.59928],[94.47598,27.60213],[94.43981,27.58548],[94.40079,27.58928],[94.35248,27.57953],[94.29514,27.58643],[94.27016,27.57858],[94.25545,27.56171],[94.22503,27.57528],[94.2251,27.59824],[94.20871,27.60925],[94.22764,27.63601],[94.31839,27.70489],[94.35186,27.71522],[94.35511,27.72318],[94.34715,27.73296],[94.33332,27.72566],[94.31036,27.74373],[94.31991,27.78438],[94.3307,27.80483],[94.34125,27.80795],[94.33671,27.81643],[94.34968,27.8318],[94.31655,27.85484],[94.32303,27.8953],[94.30225,27.94797],[94.29047,27.96729],[94.26514,27.98535],[94.23461,27.98543],[94.20455,28.0],[94.19547,28.03152],[94.14448,28.09021],[94.1561,28.12795],[94.15145,28.18245],[94.1604,28.20175],[94.15764,28.23369],[94.12364,28.24147],[94.10941,28.26361],[94.07829,28.28691],[94.03997,28.33935],[94.03055,28.36573],[93.94152,28.36716],[93.90698,28.37851],[93.89272,28.39212],[93.87344,28.46893],[93.88896,28.48412],[93.87793,28.50852],[93.88855,28.54963],[93.87949,28.56599],[93.84307,28.59151],[93.83294,28.62609],[93.80517,28.63184],[93.80134,28.65892],[93.77438,28.65742],[93.77159,28.67562],[93.75542,28.69765],[93.78576,28.7145],[93.79814,28.73422],[93.82618,28.74218],[93.8563,28.74061],[93.89786,28.75676],[93.91672,28.73912],[93.92161,28.74585],[93.91569,28.77278],[93.97769,28.8178],[93.98878,28.79493],[94.02095,28.79463],[94.01968,28.82745],[94.03291,28.85501],[94.07875,28.88532],[94.13323,28.89077],[94.17118,28.91002],[94.16646,28.92396],[94.17645,28.93513],[94.22954,28.92834],[94.26302,28.93562],[94.27811,28.97042],[94.33885,29.00005],[94.3656,29.02559],[94.35968,29.03425],[94.3299,29.03958],[94.31686,29.07478],[94.27686,29.09312],[94.27655,29.10885],[94.29386,29.12824],[94.29932,29.15102],[94.3837,29.15425],[94.39404,29.18528],[94.41666,29.17766],[94.44603,29.18169],[94.4564,29.21192],[94.49018,29.207],[94.52567,29.22269],[94.54186,29.2191],[94.5929,29.27371],[94.69239,29.31753],[94.71574,29.29116],[94.73663,29.28668],[94.7572,29.30739],[94.86081,29.37341],[94.91611,29.35747],[94.89635,29.40174],[94.8981,29.4205],[94.91438,29.43517],[94.94181,29.43126],[94.95212,29.43996],[94.94733,29.49397],[94.97685,29.52427],[95.00283,29.52268],[95.00095,29.54485],[95.03565,29.56322],[95.02577,29.59629],[95.06622,29.63812],[95.10546,29.65762],[95.15501,29.66467],[95.17687,29.7171],[95.20168,29.73725],[95.20794,29.76721],[95.23931,29.77797],[95.27822,29.82333],[95.28244,29.84582],[95.24982,29.85397],[95.25116,29.88926],[95.25912,29.90903],[95.28893,29.93462],[95.30232,29.90522],[95.34189,29.89057],[95.35253,29.86151],[95.39946,29.84433],[95.4369,29.79865],[95.46409,29.81581],[95.49292,29.81292],[95.5029,29.80905],[95.50961,29.77819],[95.56002,29.77502],[95.57281,29.7897],[95.59389,29.78964],[95.61728,29.78617],[95.63073,29.77026],[95.65062,29.77691],[95.7134,29.75235],[95.73082,29.74043],[95.71974,29.72209],[95.74467,29.68369],[95.72815,29.66278],[95.74414,29.64821],[95.78565,29.66677],[95.80987,29.64864],[95.80483,29.62397],[95.81689,29.61619],[95.84808,29.61079],[95.89568,29.62563],[95.90917,29.6068],[95.93909,29.59899],[95.94505,29.58107],[95.95943,29.57227],[96.0,29.5653],[96.01049,29.55427],[96.03187,29.55548],[96.051,29.57076],[96.07508,29.56036],[96.0859,29.54473]]]}},{"type":"Feature","id":"CTAMAP-2017-COUNTY-1397","properties":{"map_level":"county","source_name":"墨竹工卡县","source_code":"540127","county_type":"县","prefecture_name":"拉萨市","prefecture_code":"540100","prefecture_type":"地级市","parent_entity_id":"CNUR-000282","parent_year_end_name":"拉萨市","province_name":"西藏自治区","province_code":"540000","snapshot_year":2017,"panel_year":2016,"link_status":"parent_linked","former_name":"","note":""},"geometry":{"type":"Polygon","coordinates":[[[92.61075,30.22591],[92.61476,30.19565],[92.57295,30.16314],[92.57555,30.13573],[92.56158,30.13735],[92.54976,30.12626],[92.54796,30.09619],[92.53202,30.10309],[92.50611,30.08526],[92.48979,30.10014],[92.47609,30.10055],[92.4621,30.08526],[92.42658,30.07507],[92.43056,30.06388],[92.41202,30.06185],[92.40625,30.05484],[92.43788,30.02199],[92.38385,30.00351],[92.35679,29.97478],[92.32218,29.99439],[92.25486,29.94216],[92.20192,29.94205],[92.18252,29.9565],[92.175,29.9494],[92.18036,29.9352],[92.16345,29.89174],[92.18894,29.87504],[92.21767,29.87301],[92.25761,29.85196],[92.28005,29.82465],[92.27863,29.8087],[92.2903,29.79007],[92.32719,29.80558],[92.33444,29.82945],[92.39125,29.82353],[92.37685,29.78847],[92.36207,29.78008],[92.35922,29.7686],[92.37348,29.73662],[92.38524,29.72776],[92.38523,29.68961],[92.36829,29.67039],[92.38597,29.64175],[92.3838,29.63039],[92.33704,29.61493],[92.32493,29.62643],[92.29433,29.59369],[92.28362,29.56833],[92.26287,29.57914],[92.23491,29.55177],[92.18443,29.56455],[92.14646,29.5453],[92.1278,29.52501],[92.08031,29.54029],[92.04822,29.53239],[92.04329,29.5478],[92.02978,29.55552],[91.99518,29.55396],[91.98355,29.57725],[91.97034,29.56835],[91.95258,29.57992],[91.94325,29.5731],[91.91765,29.58177],[91.91119,29.56554],[91.89116,29.58081],[91.85417,29.58623],[91.8122,29.58087],[91.80352,29.55625],[91.78856,29.55973],[91.75916,29.54108],[91.72953,29.54544],[91.72668,29.5246],[91.71735,29.52988],[91.69342,29.52416],[91.67752,29.54047],[91.66099,29.53479],[91.62587,29.53924],[91.63556,29.58006],[91.6104,29.57486],[91.59686,29.58367],[91.59337,29.62344],[91.56865,29.63058],[91.58502,29.65948],[91.57132,29.67674],[91.60066,29.72129],[91.63025,29.74375],[91.62139,29.76929],[91.65711,29.85021],[91.65529,29.88164],[91.67847,29.9052],[91.67671,29.93023],[91.66416,29.94324],[91.66655,29.95536],[91.64755,29.97438],[91.62254,29.96423],[91.59031,29.97095],[91.55103,29.98617],[91.54244,30.00105],[91.60349,30.02268],[91.6121,30.03909],[91.61019,30.07068],[91.6849,30.05971],[91.68462,30.08439],[91.65544,30.14117],[91.65666,30.14956],[91.67264,30.15319],[91.67855,30.17414],[91.70642,30.17333],[91.72291,30.2012],[91.75084,30.21664],[91.79332,30.21907],[91.83165,30.24792],[91.89656,30.23657],[91.91928,30.25574],[91.94925,30.24322],[91.95736,30.22366],[91.95224,30.19981],[91.9681,30.18353],[91.97615,30.18418],[91.9889,30.20464],[92.01063,30.20788],[92.03139,30.20075],[92.07757,30.2235],[92.09557,30.22406],[92.10421,30.21203],[92.11966,30.21549],[92.1378,30.20007],[92.14528,30.21877],[92.1663,30.21407],[92.17832,30.22542],[92.18112,30.23871],[92.17316,30.24805],[92.18231,30.25521],[92.18631,30.27607],[92.21111,30.29627],[92.21195,30.31703],[92.22347,30.32038],[92.26783,30.3057],[92.29725,30.26681],[92.33123,30.26338],[92.34295,30.25317],[92.3574,30.25991],[92.36013,30.26958],[92.39553,30.27041],[92.42389,30.25564],[92.44747,30.25022],[92.4554,30.2551],[92.45726,30.24603],[92.47155,30.24975],[92.47789,30.24125],[92.50139,30.23784],[92.54662,30.24886],[92.58201,30.24177],[92.61075,30.22591]]]}},{"type":"Feature","id":"CTAMAP-2017-COUNTY-1410","properties":{"map_level":"county","source_name":"乃东区","source_code":"540502","county_type":"市辖区","prefecture_name":"山南市","prefecture_code":"540500","prefecture_type":"地级市","parent_entity_id":"CNUR-000286","parent_year_end_name":"山南市","province_name":"西藏自治区","province_code":"540000","snapshot_year":2017,"panel_year":2016,"link_status":"parent_linked","former_name":"乃东县","note":"2016年撤销乃东县，设立乃东区"},"geometry":{"type":"Polygon","coordinates":[[[92.00445,29.55411],[92.00406,29.53601],[91.97153,29.50519],[91.97368,29.49506],[91.99144,29.48859],[91.97465,29.40872],[91.91096,29.36312],[91.89478,29.3648],[91.88294,29.35614],[91.87653,29.31644],[91.867,29.30591],[91.87438,29.28523],[91.85465,29.27836],[91.85663,29.26096],[91.84609,29.24236],[91.85152,29.19457],[91.86454,29.18394],[91.8847,29.19398],[91.91308,29.18001],[91.91437,29.1602],[91.93604,29.1432],[91.94518,29.11117],[91.979,29.08039],[91.97404,29.02469],[92.0011,29.00764],[91.99826,28.99835],[92.02494,28.9316],[92.01718,28.91423],[92.02418,28.90192],[92.01375,28.88182],[92.02618,28.87626],[92.02788,28.86556],[92.00022,28.83379],[91.99578,28.80663],[91.96454,28.80078],[91.93766,28.7505],[91.91486,28.74272],[91.90885,28.75539],[91.8883,28.7542],[91.88335,28.76085],[91.89688,28.79231],[91.91354,28.79003],[91.90884,28.80111],[91.89069,28.82245],[91.87038,28.82294],[91.8571,28.84689],[91.83584,28.8467],[91.82445,28.85576],[91.78134,28.85097],[91.76519,28.84051],[91.72491,28.85582],[91.74057,28.8791],[91.74161,28.91949],[91.75348,28.94253],[91.74828,28.96429],[91.79042,29.01173],[91.78048,29.03022],[91.76211,29.0431],[91.76744,29.06722],[91.75129,29.12144],[91.7535,29.14008],[91.74014,29.13686],[91.71632,29.14907],[91.70535,29.18767],[91.68557,29.21418],[91.65156,29.20921],[91.61031,29.18116],[91.59082,29.18832],[91.5778,29.18309],[91.56248,29.23518],[91.53668,29.27432],[91.61051,29.28852],[91.63876,29.32562],[91.63464,29.38612],[91.61294,29.4618],[91.61343,29.47766],[91.6253,29.48395],[91.61859,29.50196],[91.63163,29.52291],[91.62773,29.53846],[91.66099,29.53479],[91.67752,29.54047],[91.69342,29.52416],[91.71735,29.52988],[91.72668,29.5246],[91.72953,29.54544],[91.75916,29.54108],[91.78856,29.55973],[91.80352,29.55625],[91.8122,29.58087],[91.85417,29.58623],[91.89116,29.58081],[91.91119,29.56554],[91.91765,29.58177],[91.94325,29.5731],[91.95258,29.57992],[91.97034,29.56835],[91.98355,29.57725],[91.99518,29.55396],[92.00445,29.55411]]]}},{"type":"Feature","id":"CTAMAP-2017-COUNTY-1437","properties":{"map_level":"county","source_name":"南木林县","source_code":"540221","county_type":"县","prefecture_name":"日喀则市","prefecture_code":"540200","prefecture_type":"地级市","parent_entity_id":"CNUR-000283","parent_year_end_name":"日喀则市","province_name":"西藏自治区","province_code":"540000","snapshot_year":2017,"panel_year":2016,"link_status":"parent_linked","former_name":"","note":""},"geometry":{"type":"Polygon","coordinates":[[[89.41463,30.25785],[89.51626,30.25129],[89.53876,30.23613],[89.54333,30.21987],[89.56783,30.22634],[89.57958,30.24076],[89.59844,30.22252],[89.63712,30.20603],[89.66131,30.21159],[89.67386,30.22543],[89.69902,30.22457],[89.69423,30.20752],[89.71472,30.1758],[89.71219,30.15719],[89.75294,30.164],[89.76902,30.18704],[89.79199,30.17161],[89.79642,30.15792],[89.80801,30.15896],[89.80782,30.14677],[89.83233,30.12221],[89.80804,30.09278],[89.82009,30.08528],[89.82012,30.06208],[89.85079,30.04274],[89.87061,30.04991],[89.87821,29.999],[89.90107,29.97618],[89.85135,29.97897],[89.83398,29.94548],[89.83871,29.92021],[89.82863,29.91395],[89.85616,29.84781],[89.84362,29.80225],[89.89378,29.74621],[89.86677,29.71738],[89.8674,29.70343],[89.80125,29.68403],[89.81121,29.67992],[89.81864,29.65369],[89.80238,29.64274],[89.79319,29.62049],[89.76852,29.5947],[89.75113,29.58423],[89.76871,29.57264],[89.78146,29.54877],[89.81886,29.52344],[89.79952,29.50103],[89.74904,29.49687],[89.73909,29.50611],[89.72209,29.49491],[89.71217,29.45955],[89.67074,29.40933],[89.67009,29.39072],[89.65385,29.37122],[89.66098,29.34949],[89.63033,29.34697],[89.6064,29.35705],[89.59536,29.35098],[89.5776,29.35946],[89.53653,29.33937],[89.47866,29.3364],[89.4547,29.34292],[89.44758,29.35632],[89.40031,29.35973],[89.38381,29.37108],[89.33712,29.38203],[89.313,29.37673],[89.28014,29.38494],[89.26436,29.37446],[89.21198,29.37523],[89.19913,29.34201],[89.17293,29.33744],[89.15642,29.34626],[89.14893,29.32065],[89.09676,29.31969],[89.09971,29.33324],[89.07506,29.34382],[89.06808,29.38526],[89.05439,29.39252],[89.0677,29.40479],[89.04898,29.41071],[89.05238,29.42692],[89.03475,29.48419],[89.02186,29.48026],[89.00616,29.50105],[88.97608,29.51243],[88.96033,29.51242],[88.9349,29.49758],[88.91622,29.5037],[88.88683,29.53704],[88.87354,29.53973],[88.8859,29.55796],[88.88139,29.58385],[88.83467,29.59419],[88.8181,29.62063],[88.79053,29.62954],[88.78387,29.64987],[88.79612,29.66406],[88.82135,29.66963],[88.81971,29.68154],[88.83839,29.68972],[88.8431,29.71078],[88.88099,29.72407],[88.89379,29.71533],[88.90055,29.72384],[88.91032,29.72192],[88.9167,29.75503],[88.93855,29.76786],[88.96207,29.76292],[88.96908,29.75093],[88.97859,29.75484],[88.98746,29.7453],[88.99408,29.75203],[89.01891,29.75262],[89.03188,29.76614],[89.03248,29.78087],[88.99797,29.83721],[89.00483,29.85149],[88.98843,29.86767],[88.98586,29.89027],[88.99204,29.89478],[88.97929,29.90653],[88.98313,29.92037],[88.91995,29.96687],[88.92663,30.01534],[88.94271,30.0359],[88.95489,30.04591],[88.95859,30.03994],[88.9892,30.04629],[89.01001,30.06822],[88.99314,30.08572],[88.99703,30.10484],[88.98876,30.1197],[88.96521,30.13407],[88.95978,30.18209],[88.94598,30.20094],[88.95905,30.20907],[88.961,30.23056],[88.99134,30.23083],[88.99192,30.24954],[89.00428,30.2608],[89.04134,30.25028],[89.0797,30.25899],[89.09422,30.24936],[89.10284,30.25253],[89.10873,30.28513],[89.12374,30.28321],[89.13768,30.29699],[89.15642,30.28222],[89.16407,30.29972],[89.17914,30.29997],[89.19442,30.31106],[89.20443,30.30318],[89.20544,30.2817],[89.22384,30.27578],[89.2355,30.26083],[89.24801,30.27012],[89.27866,30.26555],[89.31044,30.28002],[89.34003,30.24815],[89.37306,30.22697],[89.40804,30.23614],[89.41463,30.25785]]]}},{"type":"Feature","id":"CTAMAP-2017-COUNTY-1457","properties":{"map_level":"county","source_name":"尼玛县","source_code":"542430","county_type":"县","prefecture_name":"那曲地区","prefecture_code":"542400","prefecture_type":"地区","parent_entity_id":"CNUR-000287","parent_year_end_name":"那曲地区","province_name":"西藏自治区","province_code":"540000","snapshot_year":2017,"panel_year":2016,"link_status":"parent_linked","former_name":"","note":"2012年尼玛县拆出六乡一镇，设立双湖县"},"geometry":{"type":"MultiPolygon","coordinates":[[[[86.3617,35.52903],[86.41388,35.52307],[86.45921,35.50659],[86.57389,35.49299],[86.6006,35.50015],[86.62996,35.49572],[86.63598,35.48068],[86.62152,35.46745],[86.63035,35.42974],[86.6127,35.41481],[86.60932,35.40059],[86.64179,35.39692],[86.67031,35.38327],[86.69248,35.39076],[86.7283,35.38806],[86.74458,35.3593],[86.73621,35.34208],[86.68384,35.33759],[86.65575,35.32718],[86.66824,35.31743],[86.67943,35.28763],[86.71004,35.26394],[86.69159,35.23775],[86.692,35.22626],[86.76186,35.23373],[86.78166,35.22835],[86.79168,35.2381],[86.81921,35.24234],[86.88907,35.22378],[86.9076,35.19838],[86.925,35.15059],[86.95604,35.15507],[86.95435,35.12242],[86.98745,35.09987],[86.99852,35.08192],[86.95153,35.03177],[86.95601,34.99986],[86.92613,34.95379],[86.94677,34.91061],[86.8949,34.85446],[86.91666,34.833],[86.92115,34.80291],[86.89369,34.72844],[86.90046,34.71886],[86.93569,34.71072],[86.92546,34.67521],[87.00153,34.66655],[87.01207,34.58487],[87.03076,34.57167],[87.08226,34.56222],[87.09448,34.55058],[87.15579,34.53437],[87.11998,34.49373],[87.07089,34.48173],[87.04618,34.469],[87.03279,34.45227],[87.05324,34.43905],[87.08766,34.43492],[87.1114,34.40229],[87.09813,34.39042],[87.12185,34.37263],[87.09669,34.3519],[87.08072,34.34977],[87.08292,34.28737],[87.06179,34.26419],[87.0505,34.23111],[87.01312,34.21453],[87.03021,34.20106],[87.00729,34.11664],[87.07136,34.08339],[87.08376,34.06343],[87.08085,34.04902],[87.04506,34.00237],[87.0583,33.97806],[87.10487,33.94369],[87.08192,33.93178],[87.09909,33.91186],[87.07964,33.90833],[87.06782,33.89706],[87.07839,33.83944],[87.13068,33.78052],[87.15115,33.77575],[87.16022,33.75265],[87.17953,33.73362],[87.16111,33.72104],[87.13352,33.66625],[87.14913,33.60472],[87.13149,33.58986],[87.0958,33.53424],[87.19572,33.4763],[87.2119,33.448],[87.23181,33.33925],[87.21637,33.28968],[87.21603,33.20841],[87.248,33.20341],[87.24952,33.19743],[87.24911,33.18424],[87.17608,33.10631],[87.1945,33.09358],[87.19414,33.08068],[87.13573,33.04443],[87.1283,33.001],[87.1574,32.98255],[87.16222,32.88351],[87.18372,32.85447],[87.1861,32.79225],[87.21855,32.75247],[87.20846,32.73618],[87.2185,32.72159],[87.20552,32.70209],[87.21778,32.69441],[87.21614,32.66839],[87.22916,32.66043],[87.24876,32.66325],[87.2581,32.65261],[87.26315,32.6113],[87.28354,32.57281],[87.28121,32.54804],[87.27179,32.53593],[87.31165,32.50621],[87.31673,32.48439],[87.36429,32.42934],[87.40686,32.3529],[87.43994,32.32214],[87.40123,32.32398],[87.38579,32.31039],[87.42285,32.23049],[87.42668,32.20397],[87.41503,32.15458],[87.42287,32.12444],[87.40169,32.04981],[87.40522,32.00077],[87.3799,31.96461],[87.47762,31.81255],[87.48887,31.78105],[87.47376,31.76146],[87.51774,31.74377],[87.53684,31.71625],[87.58013,31.72085],[87.60331,31.71497],[87.61913,31.74413],[87.69464,31.77452],[87.72562,31.75296],[87.77934,31.76537],[87.80252,31.7572],[87.8942,31.69457],[87.88688,31.62808],[87.87956,31.6233],[87.89211,31.60945],[87.89403,31.57872],[87.91093,31.56058],[87.91586,31.51206],[87.93192,31.50112],[87.94341,31.47409],[87.96926,31.45379],[87.96821,31.4413],[87.98141,31.43234],[87.9785,31.39738],[87.96681,31.39211],[87.97221,31.37934],[87.96566,31.36608],[87.98092,31.34068],[88.03637,31.30327],[88.04421,31.28853],[88.08948,31.27321],[88.1033,31.2413],[88.08614,31.21644],[88.10232,31.19243],[88.0994,31.17314],[88.08843,31.16354],[88.08677,31.10731],[88.07618,31.09035],[88.03615,31.09342],[87.9916,31.05501],[88.03948,31.06454],[88.03454,31.04932],[88.04859,31.0449],[88.04767,31.03182],[88.11406,31.01655],[88.11217,30.97859],[88.12823,30.9816],[88.14477,30.95546],[88.09522,30.93744],[88.0706,30.90371],[88.06162,30.91001],[88.02307,30.90424],[88.0159,30.86584],[87.97671,30.85023],[87.9415,30.84735],[87.94431,30.80134],[87.87425,30.78515],[87.85535,30.79115],[87.83745,30.782],[87.8336,30.72274],[87.84889,30.70122],[87.79419,30.66486],[87.78714,30.65268],[87.7875,30.62669],[87.81294,30.61579],[87.82988,30.59757],[87.82097,30.56568],[87.8348,30.55221],[87.82629,30.54147],[87.82572,30.51514],[87.86091,30.52475],[87.85561,30.53959],[87.8728,30.55072],[87.87529,30.56116],[87.91256,30.57079],[87.90584,30.55487],[87.91469,30.54492],[87.89802,30.52496],[87.88366,30.52299],[87.88882,30.49388],[87.87927,30.4603],[87.91678,30.44412],[87.9458,30.44554],[87.96298,30.4316],[87.96911,30.40055],[87.96919,30.3934],[87.92626,30.37256],[87.87628,30.37511],[87.86222,30.39538],[87.82128,30.37327],[87.80685,30.38744],[87.78274,30.37497],[87.77456,30.35719],[87.74395,30.33156],[87.72515,30.33366],[87.71698,30.34643],[87.69857,30.35422],[87.66322,30.34899],[87.6486,30.36875],[87.62238,30.37491],[87.61483,30.38407],[87.58763,30.38243],[87.586,30.37192],[87.57,30.36862],[87.55887,30.38556],[87.5331,30.38117],[87.52543,30.39105],[87.53468,30.43001],[87.50643,30.43208],[87.52285,30.45044],[87.53029,30.48502],[87.48371,30.50709],[87.5014,30.53332],[87.48424,30.53642],[87.46951,30.55446],[87.44955,30.54647],[87.43964,30.55672],[87.4139,30.54237],[87.38187,30.55921],[87.36464,30.53084],[87.33341,30.54716],[87.29521,30.5403],[87.24117,30.54936],[87.23884,30.56001],[87.22136,30.55723],[87.21075,30.56842],[87.18183,30.55425],[87.1555,30.59098],[87.1555,30.61685],[87.17015,30.64089],[87.1629,30.72423],[87.11625,30.75752],[87.09682,30.79002],[87.11127,30.84072],[87.129,30.85061],[87.12626,30.89467],[87.10743,30.90928],[87.1077,30.92057],[87.09206,30.93603],[87.07266,30.94457],[87.04293,30.90704],[87.01927,30.90491],[87.02408,30.88359],[87.01555,30.86442],[87.0228,30.85737],[87.00831,30.81331],[86.97294,30.7951],[86.95217,30.76838],[86.92378,30.75663],[86.88915,30.75689],[86.8836,30.74422],[86.86056,30.75806],[86.86687,30.77045],[86.9075,30.78886],[86.92326,30.80648],[86.93962,30.83233],[86.93803,30.89705],[86.95716,30.91987],[86.96955,30.91627],[86.97645,30.92368],[86.91333,30.9332],[86.86476,30.90229],[86.8149,30.89638],[86.73033,30.83488],[86.74927,30.79231],[86.76295,30.77769],[86.77661,30.77706],[86.78519,30.76445],[86.78144,30.75704],[86.79388,30.74747],[86.79167,30.72167],[86.80564,30.70642],[86.80228,30.69412],[86.76477,30.68262],[86.78688,30.66142],[86.81434,30.65077],[86.86576,30.65085],[86.85581,30.68126],[86.85703,30.72621],[86.89489,30.72968],[86.90146,30.66648],[86.8925,30.65421],[86.87792,30.65314],[86.87812,30.61749],[86.86844,30.60384],[86.85137,30.59869],[86.8491,30.58777],[86.89343,30.58362],[86.89794,30.59534],[86.92514,30.61558],[86.94024,30.56572],[86.94188,30.5153],[86.92387,30.51337],[86.91183,30.53968],[86.87475,30.54722],[86.85466,30.56978],[86.80704,30.53571],[86.78447,30.54888],[86.77498,30.52307],[86.73719,30.52455],[86.73687,30.54235],[86.72507,30.55309],[86.70904,30.55142],[86.68453,30.54136],[86.67534,30.5241],[86.69175,30.47685],[86.71661,30.45477],[86.69252,30.45377],[86.65413,30.4671],[86.63801,30.45059],[86.63503,30.43056],[86.53678,30.45943],[86.56895,30.43762],[86.57517,30.42048],[86.58514,30.42424],[86.60401,30.40966],[86.57914,30.39571],[86.55946,30.41257],[86.52724,30.46341],[86.52496,30.48851],[86.46047,30.46805],[86.42415,30.47752],[86.43471,30.48674],[86.43529,30.50637],[86.4188,30.51993],[86.43471,30.54102],[86.4422,30.5698],[86.43671,30.57859],[86.4102,30.58744],[86.41384,30.60566],[86.43251,30.61147],[86.40401,30.63272],[86.39865,30.66202],[86.40479,30.66773],[86.40161,30.68421],[86.41463,30.68518],[86.42646,30.70131],[86.40259,30.71331],[86.39362,30.72699],[86.39718,30.7452],[86.37492,30.74873],[86.35617,30.78748],[86.33896,30.78877],[86.33079,30.8059],[86.34447,30.81809],[86.32677,30.85542],[86.3338,30.8943],[86.31735,30.90999],[86.32582,30.92003],[86.31123,30.92839],[86.31356,30.95639],[86.27429,30.96273],[86.19145,31.00676],[86.18195,31.03841],[86.2003,31.05738],[86.19866,31.07736],[86.18326,31.08447],[86.17153,31.11464],[86.16549,31.14707],[86.1734,31.17386],[86.16047,31.18942],[86.14029,31.19074],[86.13844,31.21412],[86.0825,31.20631],[86.04441,31.2188],[85.97352,31.21636],[85.95407,31.24017],[85.92604,31.24751],[85.90585,31.24167],[85.86773,31.25463],[85.86331,31.28378],[85.78564,31.29254],[85.76481,31.31638],[85.7231,31.32201],[85.63973,31.35827],[85.61041,31.3602],[85.58848,31.37911],[85.58284,31.42255],[85.5709,31.44436],[85.54406,31.46066],[85.55974,31.49521],[85.49788,31.51328],[85.47443,31.50595],[85.47313,31.52486],[85.44076,31.54304],[85.43838,31.56737],[85.44659,31.57904],[85.40784,31.58584],[85.39662,31.59489],[85.38063,31.58567],[85.3707,31.5646],[85.34812,31.56074],[85.30963,31.57904],[85.30482,31.60808],[85.28429,31.61367],[85.29014,31.63092],[85.27686,31.649],[85.2419,31.65665],[85.20391,31.67783],[85.14367,31.65868],[85.11711,31.68611],[85.12655,31.72699],[85.14458,31.75992],[85.13158,31.79018],[85.13638,31.79421],[85.1281,31.82832],[85.14619,31.85672],[85.17329,31.8701],[85.15878,31.88191],[85.15763,31.90008],[85.14067,31.91437],[85.16,31.95133],[85.13545,32.00919],[85.10814,32.03919],[85.07828,32.04627],[85.04931,32.09674],[85.15441,32.22922],[85.17403,32.24101],[85.17663,32.28074],[85.20997,32.33337],[85.22575,32.38484],[85.2168,32.42527],[85.2387,32.43239],[85.24169,32.4659],[85.25587,32.49226],[85.33094,32.51046],[85.35314,32.53566],[85.35528,32.54856],[85.39847,32.59088],[85.44793,32.58132],[85.49386,32.58754],[85.54725,32.61247],[85.59331,32.64591],[85.62301,32.64496],[85.62501,32.65414],[85.64913,32.6527],[85.72643,32.68402],[85.87798,32.69624],[85.9241,32.72172],[85.94224,32.74646],[85.96725,32.76047],[85.96404,32.78005],[86.02123,32.79949],[86.06146,32.80164],[86.10691,32.86302],[86.05126,32.91152],[86.08142,32.96174],[86.06748,32.98771],[86.08731,33.01387],[86.12912,33.02819],[86.13108,33.05458],[86.10938,33.06997],[86.13616,33.11913],[86.1679,33.1403],[86.17316,33.15521],[86.16559,33.16494],[86.11072,33.16905],[86.06418,33.15489],[86.02129,33.16246],[86.01839,33.21743],[86.03338,33.22123],[86.03224,33.2471],[86.07351,33.25285],[86.12506,33.2717],[86.17208,33.29867],[86.20319,33.30511],[86.22866,33.3257],[86.24202,33.32558],[86.24288,33.35991],[86.25414,33.37201],[86.2511,33.38881],[86.29302,33.41559],[86.32644,33.42531],[86.29975,33.44281],[86.2936,33.46097],[86.26382,33.49634],[86.27525,33.52179],[86.26568,33.59308],[86.24732,33.63336],[86.21031,33.63409],[86.20011,33.64125],[86.18518,33.65499],[86.17246,33.68767],[86.17562,33.70911],[86.20846,33.74955],[86.21015,33.78516],[86.27042,33.85172],[86.27153,33.89812],[86.24299,33.94893],[86.22554,33.9639],[86.23189,34.00445],[86.19049,34.03213],[86.19882,34.1161],[86.19093,34.1407],[86.12847,34.21189],[86.12516,34.29204],[86.14053,34.33013],[86.16605,34.35673],[86.16266,34.40192],[86.13222,34.41636],[86.10637,34.45061],[86.0623,34.48037],[85.95317,34.50849],[85.94108,34.52848],[85.94919,34.56672],[86.02207,34.61473],[86.03007,34.63766],[86.0544,34.65527],[86.03291,34.69333],[86.03107,34.71493],[86.04449,34.73626],[86.04049,34.74482],[86.1049,34.80962],[86.13557,34.87744],[86.14268,34.92481],[86.10883,34.93276],[86.14111,34.97423],[86.14818,35.00966],[86.16916,35.04784],[86.21317,35.1048],[86.21155,35.13438],[86.23168,35.15354],[86.19647,35.22723],[86.20563,35.28102],[86.19774,35.30188],[86.17574,35.32297],[86.2404,35.34296],[86.23807,35.37089],[86.29352,35.376],[86.2748,35.38874],[86.25515,35.42848],[86.2497,35.48379],[86.26479,35.5155],[86.28282,35.52712],[86.30354,35.52926],[86.3102,35.52198],[86.3617,35.52903]]],[[[85.9364,31.07618],[85.95812,31.08101],[85.98247,31.07081],[86.03894,31.06799],[86.05218,31.05873],[86.07092,31.06993],[86.09633,31.06214],[86.12107,30.9697],[86.0998,30.90824],[86.06499,30.90008],[86.08554,30.87643],[86.07509,30.86478],[86.07492,30.84442],[86.06087,30.832],[86.03869,30.83937],[86.02847,30.83321],[86.01952,30.81999],[86.02613,30.78372],[85.98942,30.74869],[85.9777,30.75558],[85.95707,30.74459],[85.93856,30.75092],[85.94591,30.77052],[85.90673,30.77179],[85.87252,30.76362],[85.8636,30.75311],[85.8188,30.78508],[85.82474,30.80006],[85.90024,30.78637],[85.91017,30.81456],[85.88831,30.84884],[85.86299,30.87085],[85.91328,30.88725],[85.92082,30.86883],[85.94468,30.869],[85.94818,30.89692],[85.93329,30.90464],[85.93825,30.91123],[85.92916,30.93043],[85.89473,30.92496],[85.84289,30.94545],[85.7578,30.95624],[85.76996,31.01205],[85.80671,31.03534],[85.82134,31.03554],[85.82581,31.04484],[85.84432,31.04364],[85.85112,31.0707],[85.90263,31.07481],[85.91842,31.08392],[85.9364,31.07618]]]]}},{"type":"Feature","id":"CTAMAP-2017-COUNTY-1458","properties":{"map_level":"county","source_name":"尼木县","source_code":"540123","county_type":"县","prefecture_name":"拉萨市","prefecture_code":"540100","prefecture_type":"地级市","parent_entity_id":"CNUR-000282","parent_year_end_name":"拉萨市","province_name":"西藏自治区","province_code":"540000","snapshot_year":2017,"panel_year":2016,"link_status":"parent_linked","former_name":"","note":""},"geometry":{"type":"Polygon","coordinates":[[[89.85135,29.97897],[89.93127,29.96993],[89.95207,29.95483],[89.9683,29.9655],[89.98537,29.94935],[90.03799,29.93892],[90.06364,29.95664],[90.07356,29.95438],[90.08741,29.93923],[90.08961,29.92373],[90.13272,29.9042],[90.1412,29.88468],[90.15033,29.88059],[90.15925,29.89023],[90.17525,29.89103],[90.19049,29.8674],[90.22083,29.85017],[90.22542,29.83752],[90.21474,29.80842],[90.19744,29.81397],[90.18064,29.80192],[90.18112,29.77115],[90.22846,29.75723],[90.26306,29.72534],[90.29893,29.70665],[90.29868,29.66793],[90.30571,29.66671],[90.3138,29.64511],[90.30244,29.62718],[90.3316,29.5981],[90.38529,29.57927],[90.42458,29.55278],[90.42904,29.53027],[90.46695,29.50804],[90.46172,29.4986],[90.46989,29.48259],[90.46889,29.44755],[90.43039,29.40732],[90.45348,29.37093],[90.45832,29.32261],[90.45243,29.31752],[90.39499,29.30902],[90.38661,29.32308],[90.36287,29.2989],[90.26678,29.33746],[90.22933,29.33009],[90.20239,29.34748],[90.1712,29.34512],[90.15456,29.35388],[90.1369,29.34857],[90.07876,29.35291],[90.05428,29.34188],[90.00786,29.33624],[89.93622,29.33986],[89.90215,29.35238],[89.89702,29.36536],[89.86268,29.38693],[89.8463,29.38685],[89.84105,29.39954],[89.81758,29.40137],[89.78848,29.41607],[89.78265,29.42578],[89.7906,29.44593],[89.78838,29.46978],[89.77377,29.47918],[89.76527,29.49912],[89.79952,29.50103],[89.81886,29.52344],[89.78146,29.54877],[89.76871,29.57264],[89.75113,29.58423],[89.76852,29.5947],[89.79319,29.62049],[89.80238,29.64274],[89.81864,29.65369],[89.81121,29.67992],[89.80125,29.68403],[89.8674,29.70343],[89.86677,29.71738],[89.89378,29.74621],[89.84362,29.80225],[89.85616,29.84781],[89.82863,29.91395],[89.83871,29.92021],[89.83398,29.94548],[89.85135,29.97897]]]}},{"type":"Feature","id":"CTAMAP-2017-COUNTY-1460","properties":{"map_level":"county","source_name":"聂拉木县","source_code":"540235","county_type":"县","prefecture_name":"日喀则市","prefecture_code":"540200","prefecture_type":"地级市","parent_entity_id":"CNUR-000283","parent_year_end_name":"日喀则市","province_name":"西藏自治区","province_code":"540000","snapshot_year":2017,"panel_year":2016,"link_status":"parent_linked","former_name":"","note":""},"geometry":{"type":"Polygon","coordinates":[[[86.54234,29.07268],[86.55904,29.04373],[86.57907,29.02488],[86.60702,29.0139],[86.61878,28.99222],[86.60859,28.98433],[86.61802,28.96652],[86.60972,28.93556],[86.57627,28.8986],[86.57983,28.87002],[86.59021,28.85681],[86.58459,28.84086],[86.56202,28.82196],[86.5608,28.78711],[86.56849,28.77558],[86.5384,28.74508],[86.55068,28.73166],[86.54115,28.70057],[86.51585,28.66432],[86.45126,28.65346],[86.4596,28.63482],[86.44753,28.62631],[86.43311,28.58755],[86.38826,28.58524],[86.37937,28.59698],[86.3626,28.59983],[86.36032,28.61473],[86.31962,28.61978],[86.31556,28.55275],[86.30729,28.52605],[86.29184,28.50779],[86.33924,28.4973],[86.33471,28.46562],[86.31212,28.44242],[86.31396,28.42751],[86.28807,28.40683],[86.2868,28.39311],[86.27138,28.38827],[86.28302,28.37807],[86.28597,28.31843],[86.34953,28.30016],[86.3462,28.22449],[86.32962,28.21845],[86.33819,28.19455],[86.33643,28.17181],[86.30764,28.16154],[86.28548,28.13259],[86.26709,28.12889],[86.26278,28.10997],[86.23992,28.09255],[86.21982,28.09693],[86.22178,28.10374],[86.20141,28.12982],[86.19494,28.16465],[86.18161,28.17112],[86.17438,28.14409],[86.14868,28.12753],[86.12546,28.09079],[86.0955,28.09448],[86.08122,28.08485],[86.088,28.06093],[86.08229,28.00954],[86.10267,27.9862],[86.1256,27.92887],[86.05158,27.90203],[85.98992,27.91651],[85.94935,27.94055],[85.95573,27.96433],[85.97751,27.99423],[85.8993,28.05258],[85.89835,28.10041],[85.87027,28.12135],[85.84909,28.17679],[85.77723,28.20463],[85.75201,28.23414],[85.71323,28.38095],[85.67999,28.38119],[85.67721,28.40076],[85.65676,28.42338],[85.65813,28.43766],[85.61666,28.45067],[85.59005,28.47647],[85.5947,28.49391],[85.58927,28.50417],[85.57494,28.50505],[85.56879,28.53757],[85.52751,28.56459],[85.50255,28.55993],[85.4877,28.61275],[85.46309,28.61443],[85.45505,28.6225],[85.49755,28.6496],[85.50763,28.68423],[85.54889,28.70143],[85.56421,28.71963],[85.5837,28.72291],[85.58494,28.75468],[85.60379,28.75278],[85.6237,28.76621],[85.59932,28.78245],[85.5953,28.88982],[85.71213,28.94007],[85.70464,28.94703],[85.71263,28.96536],[85.72887,28.96192],[85.75319,28.93786],[85.79686,28.93841],[85.8033,28.94555],[85.84496,28.93012],[85.86997,28.93156],[85.87956,28.91779],[85.89766,28.91684],[85.91506,28.89583],[85.93912,28.8889],[85.95345,28.8961],[85.95117,28.90633],[85.98551,28.92796],[86.0062,28.90664],[86.06154,28.90722],[86.08106,28.92048],[86.08252,28.92975],[86.05431,28.93374],[86.06268,28.96215],[86.09788,28.97882],[86.10117,28.99437],[86.11441,28.99867],[86.12905,29.02102],[86.14828,29.02376],[86.15004,29.04122],[86.17505,29.05193],[86.20858,29.04618],[86.22251,29.05533],[86.29021,29.06433],[86.28425,29.09055],[86.27467,29.09845],[86.2923,29.10999],[86.3197,29.10989],[86.33354,29.11857],[86.34336,29.10705],[86.35542,29.10628],[86.37365,29.13886],[86.38642,29.12479],[86.41559,29.12947],[86.42634,29.09715],[86.4389,29.08569],[86.45834,29.0797],[86.47625,29.08646],[86.49976,29.07963],[86.52031,29.08338],[86.54234,29.07268]]]}},{"type":"Feature","id":"CTAMAP-2017-COUNTY-1461","properties":{"map_level":"county","source_name":"聂荣县","source_code":"540623","county_type":"县","prefecture_name":"那曲地区","prefecture_code":"542400","prefecture_type":"地区","parent_entity_id":"CNUR-000287","parent_year_end_name":"那曲地区","province_name":"西藏自治区","province_code":"540000","snapshot_year":2017,"panel_year":2016,"link_status":"parent_linked","former_name":"","note":""},"geometry":{"type":"Polygon","coordinates":[[[93.47499,32.50542],[93.4582,32.49555],[93.45768,32.48355],[93.42377,32.47577],[93.42013,32.46672],[93.41917,32.45807],[93.43041,32.44986],[93.42534,32.42585],[93.44263,32.41541],[93.43145,32.37241],[93.40456,32.36],[93.38924,32.36657],[93.36982,32.34167],[93.33821,32.3329],[93.34768,32.318],[93.35286,32.32647],[93.38411,32.30588],[93.36592,32.30276],[93.36543,32.29149],[93.37398,32.27148],[93.38534,32.27429],[93.39663,32.26129],[93.38895,32.2462],[93.37557,32.25096],[93.36995,32.20645],[93.33812,32.20747],[93.31723,32.1839],[93.29131,32.17581],[93.2706,32.19002],[93.2568,32.17273],[93.21539,32.17297],[93.20587,32.18124],[93.18042,32.18383],[93.17823,32.19617],[93.16597,32.19918],[93.16242,32.22181],[93.14352,32.22911],[93.15471,32.24232],[93.13284,32.25119],[93.1313,32.26388],[93.09973,32.2755],[93.06713,32.25756],[93.05454,32.26863],[93.04461,32.26465],[93.04893,32.25314],[93.03904,32.23699],[93.05026,32.21295],[93.02562,32.1976],[93.02087,32.18956],[93.02658,32.17943],[93.01585,32.16317],[93.00098,32.16207],[92.99105,32.14122],[92.99547,32.12395],[93.0413,32.09648],[93.04424,32.07769],[93.03239,32.09047],[93.0143,32.08844],[93.01186,32.09471],[92.91771,32.11443],[92.88677,32.1103],[92.89053,32.10427],[92.87679,32.10262],[92.85565,32.07675],[92.86301,32.04679],[92.83816,32.04454],[92.81429,32.06088],[92.80993,32.07496],[92.78556,32.08387],[92.78658,32.09651],[92.75646,32.10297],[92.73014,32.08948],[92.71994,32.08112],[92.71883,32.0443],[92.70691,32.02632],[92.73441,31.99675],[92.73144,31.98393],[92.70104,31.98079],[92.69363,31.9633],[92.67739,31.95598],[92.62547,31.9788],[92.60294,31.96614],[92.59445,31.94724],[92.59772,31.91816],[92.56689,31.89917],[92.54656,31.90214],[92.53774,31.89445],[92.545,31.85774],[92.53414,31.8273],[92.48818,31.78664],[92.48338,31.76408],[92.45869,31.73291],[92.4287,31.73014],[92.41412,31.73799],[92.36512,31.74127],[92.33331,31.72688],[92.26442,31.71716],[92.25929,31.69694],[92.24152,31.69072],[92.22437,31.70428],[92.15114,31.69697],[92.13136,31.72985],[92.12209,31.73092],[91.98953,31.68413],[91.95628,31.67898],[91.94514,31.71481],[91.90567,31.73803],[91.89513,31.79046],[91.91902,31.81376],[91.91192,31.82939],[91.92574,31.83696],[91.97156,31.83321],[92.01576,31.85346],[92.01726,31.90173],[91.98123,31.93432],[91.88899,31.97319],[91.86794,32.00652],[91.87469,32.0258],[91.82504,32.07078],[91.82885,32.0897],[91.84179,32.10261],[91.83646,32.11447],[91.85546,32.16717],[91.90884,32.19451],[91.97124,32.18186],[91.99904,32.20208],[92.00083,32.21176],[92.01478,32.21405],[92.04765,32.1901],[92.08606,32.17826],[92.117,32.17406],[92.13512,32.18386],[92.18342,32.18173],[92.1921,32.19024],[92.27592,32.15753],[92.29324,32.16713],[92.32283,32.20474],[92.33876,32.21001],[92.33362,32.25325],[92.32298,32.26696],[92.31843,32.29716],[92.30053,32.32162],[92.29598,32.35379],[92.30597,32.36286],[92.30636,32.38206],[92.32561,32.39691],[92.35368,32.39618],[92.33801,32.4397],[92.34851,32.46265],[92.38683,32.47638],[92.4123,32.51529],[92.43034,32.51845],[92.47143,32.55498],[92.47392,32.58418],[92.49214,32.58525],[92.49646,32.59517],[92.52729,32.60663],[92.5297,32.61833],[92.51408,32.64402],[92.52214,32.65362],[92.53672,32.64773],[92.55406,32.6621],[92.57742,32.70807],[92.55311,32.72312],[92.55204,32.73152],[92.5719,32.73489],[92.57631,32.74394],[92.59211,32.73662],[92.59748,32.74587],[92.60817,32.7308],[92.62682,32.73425],[92.63423,32.72269],[92.64978,32.72329],[92.66974,32.73644],[92.68614,32.76762],[92.72131,32.74969],[92.75332,32.74599],[92.78497,32.72122],[92.79957,32.73002],[92.82498,32.72976],[92.87268,32.69889],[92.87804,32.71295],[92.89837,32.71461],[92.91337,32.70666],[92.93274,32.72176],[92.96262,32.7155],[92.98429,32.72549],[92.99741,32.74392],[93.01617,32.74052],[93.02253,32.70315],[93.04552,32.69742],[93.03814,32.67728],[93.06464,32.62853],[93.11004,32.64038],[93.11645,32.64947],[93.1274,32.64311],[93.15669,32.64677],[93.16295,32.66634],[93.17269,32.67166],[93.22322,32.65712],[93.2398,32.66558],[93.25163,32.65806],[93.24894,32.64816],[93.26274,32.62704],[93.30295,32.61774],[93.29834,32.60884],[93.31425,32.60159],[93.30849,32.57568],[93.33676,32.57307],[93.37228,32.54342],[93.38131,32.52637],[93.39145,32.54281],[93.40987,32.54714],[93.41004,32.55868],[93.44352,32.56417],[93.46171,32.55768],[93.47499,32.50542]]]}},{"type":"Feature","id":"CTAMAP-2017-COUNTY-1561","properties":{"map_level":"county","source_name":"普兰县","source_code":"542521","county_type":"县","prefecture_name":"阿里地区","prefecture_code":"542500","prefecture_type":"地区","parent_entity_id":"CNUR-000288","parent_year_end_name":"阿里地区","province_name":"西藏自治区","province_code":"540000","snapshot_year":2017,"panel_year":2016,"link_status":"parent_linked","former_name":"","note":""},"geometry":{"type":"Polygon","coordinates":[[[82.64385,30.58655],[82.63014,30.57884],[82.63126,30.55619],[82.61041,30.53294],[82.63254,30.4683],[82.66307,30.42667],[82.66085,30.40353],[82.63218,30.39787],[82.64336,30.38035],[82.63396,30.37893],[82.63034,30.36279],[82.61135,30.36668],[82.58844,30.35643],[82.53947,30.39645],[82.49977,30.41092],[82.47862,30.40938],[82.46468,30.42839],[82.46883,30.38837],[82.45313,30.37423],[82.42661,30.38483],[82.42075,30.35751],[82.4097,30.36404],[82.41053,30.41214],[82.35548,30.4035],[82.3427,30.42472],[82.32672,30.42627],[82.31924,30.43771],[82.29587,30.40243],[82.27001,30.40394],[82.28265,30.374],[82.26594,30.35332],[82.27082,30.3394],[82.25782,30.32731],[82.26827,30.31494],[82.25019,30.28627],[82.17077,30.23109],[82.14662,30.20229],[82.13582,30.22303],[82.1106,30.23041],[82.10465,30.23921],[82.12977,30.30765],[82.10791,30.34423],[82.08277,30.35613],[82.05258,30.3371],[82.0221,30.34334],[81.99206,30.32505],[81.9696,30.33977],[81.95532,30.36104],[81.93525,30.34855],[81.89063,30.36238],[81.86824,30.37805],[81.76093,30.38923],[81.73143,30.4097],[81.62428,30.44659],[81.61857,30.44507],[81.62295,30.42299],[81.61419,30.41347],[81.56699,30.42641],[81.55271,30.3714],[81.49141,30.38415],[81.45163,30.41518],[81.41813,30.42146],[81.4069,30.39843],[81.43107,30.38016],[81.40309,30.37064],[81.40728,30.34094],[81.40099,30.32629],[81.42498,30.3082],[81.40118,30.2884],[81.41965,30.27546],[81.39776,30.24291],[81.39566,30.20598],[81.33302,30.15279],[81.30497,30.16418],[81.25937,30.15325],[81.26032,30.14354],[81.29078,30.11594],[81.29249,30.10376],[81.27631,30.05446],[81.24604,30.03466],[81.25347,30.01581],[81.22434,30.01086],[81.20397,30.01924],[81.16876,30.01124],[81.13697,30.01962],[81.09623,30.05407],[81.10956,30.09062],[81.08805,30.10319],[81.08119,30.1502],[81.03817,30.20122],[81.04255,30.21245],[81.02889,30.22923],[81.02862,30.25213],[80.98788,30.27263],[80.93387,30.26971],[80.93363,30.2828],[80.91222,30.30183],[80.877,30.3054],[80.86511,30.31659],[80.8356,30.31635],[80.80647,30.32922],[80.78249,30.36177],[80.71509,30.41938],[80.69378,30.41605],[80.66694,30.44096],[80.60215,30.47296],[80.58734,30.51274],[80.55321,30.54413],[80.54201,30.60561],[80.57382,30.6689],[80.57195,30.688],[80.69566,30.68021],[80.67046,30.68978],[80.68087,30.72401],[80.70394,30.71986],[80.71729,30.73734],[80.7468,30.73072],[80.75759,30.73916],[80.76789,30.73591],[80.8317,30.75243],[80.89041,30.79819],[80.92157,30.84565],[80.92033,30.86432],[80.92793,30.87452],[80.90297,30.88447],[80.89211,30.92219],[80.95384,30.94603],[80.99839,30.9464],[81.00915,30.98992],[81.02863,31.02056],[81.0246,31.03895],[81.04497,31.05485],[81.07888,31.10567],[81.11505,31.12475],[81.14369,31.16002],[81.15535,31.16393],[81.1528,31.18229],[81.17526,31.17986],[81.18236,31.19443],[81.19629,31.20051],[81.21193,31.19276],[81.21962,31.17359],[81.23337,31.17109],[81.22445,31.15434],[81.25362,31.14664],[81.27365,31.16613],[81.2697,31.17749],[81.28315,31.18809],[81.30641,31.17295],[81.31708,31.19041],[81.35586,31.20001],[81.3706,31.19563],[81.39304,31.21157],[81.42211,31.17285],[81.4338,31.16813],[81.42796,31.15528],[81.4171,31.15224],[81.45108,31.11795],[81.48241,31.11935],[81.52336,31.1014],[81.54849,31.12055],[81.56203,31.1199],[81.57233,31.1359],[81.588,31.13685],[81.59549,31.13287],[81.59311,31.09202],[81.60194,31.08504],[81.61179,31.09735],[81.62268,31.09659],[81.6288,31.08935],[81.62247,31.07189],[81.63518,31.06854],[81.67322,31.0302],[81.69134,31.04412],[81.68515,31.06497],[81.70338,31.07708],[81.72749,31.08034],[81.7541,31.05648],[81.75932,31.02419],[81.76846,31.01265],[81.7914,31.03226],[81.82481,31.03586],[81.83878,30.99092],[81.85605,30.9775],[81.88063,30.98114],[81.88855,30.96973],[81.88488,30.93567],[81.89422,30.91132],[81.90882,30.91911],[81.94057,30.91667],[81.95347,30.89173],[81.97961,30.8872],[81.99963,30.89696],[82.0197,30.88715],[82.03455,30.89554],[82.04052,30.88737],[82.05815,30.88947],[82.06305,30.88008],[82.04553,30.85639],[82.05504,30.84978],[82.05297,30.82566],[82.06415,30.81005],[82.08138,30.81649],[82.10111,30.80366],[82.12357,30.82142],[82.17371,30.83698],[82.18565,30.83166],[82.18472,30.82435],[82.21905,30.80197],[82.20826,30.79392],[82.20737,30.78169],[82.22876,30.78011],[82.25255,30.76352],[82.26276,30.74519],[82.27711,30.73921],[82.27082,30.73043],[82.27741,30.72006],[82.32085,30.71722],[82.3314,30.74275],[82.36375,30.73727],[82.3848,30.75178],[82.40747,30.74367],[82.4307,30.77757],[82.4481,30.78344],[82.45009,30.77108],[82.46827,30.76376],[82.45975,30.72382],[82.49691,30.70331],[82.49379,30.68329],[82.54546,30.63582],[82.54381,30.60352],[82.61723,30.60501],[82.64385,30.58655]]]}},{"type":"Feature","id":"CTAMAP-2017-COUNTY-1650","properties":{"map_level":"county","source_name":"琼结县","source_code":"540524","county_type":"县","prefecture_name":"山南市","prefecture_code":"540500","prefecture_type":"地级市","parent_entity_id":"CNUR-000286","parent_year_end_name":"山南市","province_name":"西藏自治区","province_code":"540000","snapshot_year":2017,"panel_year":2016,"link_status":"parent_linked","former_name":"","note":""},"geometry":{"type":"Polygon","coordinates":[[[91.72556,28.85471],[91.69164,28.85813],[91.68717,28.85178],[91.70495,28.83409],[91.6732,28.81684],[91.65339,28.81666],[91.56494,28.88015],[91.52861,28.87374],[91.5147,28.88272],[91.51945,28.89374],[91.50707,28.89976],[91.48558,28.90555],[91.46243,28.89999],[91.44917,28.91268],[91.40437,28.9164],[91.36611,28.94815],[91.37074,29.00807],[91.4286,29.03128],[91.49552,29.03525],[91.51733,29.06466],[91.51409,29.11662],[91.54201,29.1498],[91.5778,29.18309],[91.59082,29.18832],[91.61031,29.18116],[91.65156,29.20921],[91.68557,29.21418],[91.70535,29.18767],[91.71632,29.14907],[91.74014,29.13686],[91.7535,29.14008],[91.75129,29.12144],[91.76744,29.06722],[91.76211,29.0431],[91.78048,29.03022],[91.79042,29.01173],[91.74828,28.96429],[91.75348,28.94253],[91.74161,28.91949],[91.74057,28.8791],[91.72556,28.85471]]]}},{"type":"Feature","id":"CTAMAP-2017-COUNTY-1658","properties":{"map_level":"county","source_name":"曲水县","source_code":"540124","county_type":"县","prefecture_name":"拉萨市","prefecture_code":"540100","prefecture_type":"地级市","parent_entity_id":"CNUR-000282","parent_year_end_name":"拉萨市","province_name":"西藏自治区","province_code":"540000","snapshot_year":2017,"panel_year":2016,"link_status":"parent_linked","former_name":"","note":""},"geometry":{"type":"Polygon","coordinates":[[[91.06089,29.44153],[91.04926,29.41945],[90.98138,29.38158],[90.95117,29.38342],[90.91938,29.35732],[90.77715,29.33132],[90.71737,29.34328],[90.6567,29.31871],[90.65243,29.3003],[90.63671,29.29703],[90.62592,29.27366],[90.543,29.26204],[90.52465,29.24872],[90.47958,29.2556],[90.43298,29.24195],[90.38033,29.29277],[90.36287,29.2989],[90.38661,29.32308],[90.39263,29.31029],[90.4062,29.30828],[90.45821,29.32243],[90.45348,29.37093],[90.43037,29.40687],[90.46905,29.44808],[90.46989,29.48259],[90.46172,29.4986],[90.46726,29.50683],[90.46093,29.51456],[90.48094,29.52382],[90.47724,29.54593],[90.48466,29.56394],[90.5668,29.58676],[90.62892,29.58422],[90.66165,29.60325],[90.71182,29.57956],[90.73106,29.5899],[90.77962,29.5777],[90.84581,29.58859],[90.88831,29.5809],[90.90954,29.59507],[90.938,29.58647],[90.96383,29.5894],[90.99574,29.57489],[90.9977,29.56213],[91.0153,29.54712],[91.00737,29.53341],[90.99404,29.52997],[90.99535,29.51065],[91.01942,29.47554],[91.06089,29.44153]]]}},{"type":"Feature","id":"CTAMAP-2017-COUNTY-1659","properties":{"map_level":"county","source_name":"曲松县","source_code":"540525","county_type":"县","prefecture_name":"山南市","prefecture_code":"540500","prefecture_type":"地级市","parent_entity_id":"CNUR-000286","parent_year_end_name":"山南市","province_name":"西藏自治区","province_code":"540000","snapshot_year":2017,"panel_year":2016,"link_status":"parent_linked","former_name":"","note":""},"geometry":{"type":"Polygon","coordinates":[[[92.38797,29.23352],[92.39884,29.19646],[92.38537,29.1844],[92.37187,29.15277],[92.34089,29.13291],[92.32637,29.08493],[92.3269,29.05645],[92.36701,29.01359],[92.39942,28.95455],[92.41082,28.92957],[92.39707,28.90713],[92.4101,28.88629],[92.46858,28.86472],[92.47032,28.85048],[92.42721,28.80611],[92.41607,28.8155],[92.33446,28.75027],[92.33316,28.72505],[92.28531,28.73425],[92.27478,28.75199],[92.20048,28.73949],[92.20309,28.71576],[92.2316,28.6578],[92.21373,28.65478],[92.20047,28.63426],[92.14981,28.63446],[92.14265,28.64447],[92.13204,28.6365],[92.11631,28.65263],[92.09489,28.65133],[92.08741,28.67897],[92.05337,28.7185],[91.98087,28.74027],[91.95595,28.77443],[91.96454,28.80078],[91.99578,28.80663],[92.00022,28.83379],[92.02788,28.86556],[92.02618,28.87626],[92.01375,28.88182],[92.02418,28.90192],[92.01718,28.91423],[92.02494,28.9316],[91.99986,29.00581],[92.01366,29.02058],[92.03935,29.02653],[92.03495,29.04364],[92.09061,29.08335],[92.0399,29.13486],[92.03673,29.15562],[92.06362,29.19871],[92.11839,29.20536],[92.14731,29.26236],[92.16645,29.27737],[92.18698,29.25196],[92.26927,29.24489],[92.29711,29.22867],[92.35952,29.22324],[92.38797,29.23352]]]}},{"type":"Feature","id":"CTAMAP-2017-COUNTY-1673","properties":{"map_level":"county","source_name":"仁布县","source_code":"540229","county_type":"县","prefecture_name":"日喀则市","prefecture_code":"540200","prefecture_type":"地级市","parent_entity_id":"CNUR-000283","parent_year_end_name":"日喀则市","province_name":"西藏自治区","province_code":"540000","snapshot_year":2017,"panel_year":2016,"link_status":"parent_linked","former_name":"","note":""},"geometry":{"type":"Polygon","coordinates":[[[89.76532,29.49926],[89.77377,29.47918],[89.78838,29.46978],[89.7906,29.44593],[89.78265,29.42578],[89.79477,29.40958],[89.84105,29.39954],[89.84619,29.38693],[89.86268,29.38693],[89.89702,29.36536],[89.90215,29.35238],[89.92965,29.34154],[90.00786,29.33624],[90.05428,29.34188],[90.07876,29.35291],[90.1369,29.34857],[90.15456,29.35388],[90.1712,29.34512],[90.20239,29.34748],[90.22933,29.33009],[90.26678,29.33746],[90.28454,29.32527],[90.34724,29.30943],[90.33908,29.30422],[90.34101,29.27906],[90.32201,29.26828],[90.3007,29.21331],[90.23495,29.16235],[90.22501,29.12092],[90.24619,29.09413],[90.25148,29.06911],[90.20978,29.01264],[90.21407,29.00451],[90.20374,28.9804],[90.19195,28.98003],[90.16484,29.01074],[90.13861,29.00557],[90.11798,29.01107],[90.1148,29.04215],[90.09773,29.06454],[90.06466,29.07437],[90.01345,29.03696],[89.91552,29.03037],[89.87899,29.00527],[89.82185,29.00575],[89.82904,29.02291],[89.81418,29.03435],[89.82197,29.06371],[89.8176,29.07762],[89.80356,29.08654],[89.77111,29.07978],[89.7782,29.08861],[89.76825,29.11102],[89.77481,29.14032],[89.75975,29.1512],[89.73411,29.14843],[89.72411,29.13888],[89.70191,29.17425],[89.7117,29.18908],[89.70809,29.1952],[89.67369,29.18436],[89.64277,29.22947],[89.65195,29.23052],[89.64883,29.27451],[89.65865,29.31227],[89.68175,29.34708],[89.69462,29.34753],[89.67963,29.36275],[89.66193,29.35019],[89.65423,29.36438],[89.67009,29.39072],[89.67052,29.40894],[89.71217,29.45955],[89.72209,29.49491],[89.73909,29.50611],[89.74904,29.49687],[89.76532,29.49926]]]}},{"type":"Feature","id":"CTAMAP-2017-COUNTY-1681","properties":{"map_level":"county","source_name":"日土县","source_code":"542524","county_type":"县","prefecture_name":"阿里地区","prefecture_code":"542500","prefecture_type":"地区","parent_entity_id":"CNUR-000288","parent_year_end_name":"阿里地区","province_name":"西藏自治区","province_code":"540000","snapshot_year":2017,"panel_year":2016,"link_status":"parent_linked","former_name":"","note":""},"geometry":{"type":"Polygon","coordinates":[[[80.44037,35.41935],[80.49188,35.40661],[80.51201,35.39221],[80.52995,35.40589],[80.56465,35.39286],[80.59374,35.40818],[80.63231,35.39194],[80.65218,35.39862],[80.66097,35.38811],[80.65472,35.37446],[80.68038,35.36612],[80.68548,35.3533],[80.67957,35.34257],[80.68738,35.33799],[80.85534,35.3426],[80.88473,35.32251],[80.92613,35.33208],[80.94579,35.31485],[81.00821,35.30906],[81.02378,35.31271],[81.00041,35.33549],[81.03049,35.34172],[81.03727,35.36644],[81.02764,35.37238],[81.03028,35.38417],[81.04881,35.40429],[81.07093,35.40013],[81.0885,35.41084],[81.0996,35.40356],[81.09619,35.38416],[81.12133,35.38685],[81.12697,35.37132],[81.15106,35.36303],[81.17862,35.37169],[81.19156,35.36608],[81.21421,35.32433],[81.2411,35.33484],[81.25885,35.32533],[81.27215,35.34785],[81.3228,35.33904],[81.32699,35.34988],[81.3456,35.34307],[81.36346,35.35412],[81.38353,35.34061],[81.44058,35.33352],[81.45066,35.31326],[81.49911,35.28534],[81.49715,35.25279],[81.51367,35.2351],[81.53938,35.24189],[81.68044,35.23553],[81.72457,35.26156],[81.79721,35.27629],[81.85744,35.26108],[81.89688,35.27405],[81.92564,35.27218],[81.94114,35.29808],[81.96956,35.31385],[81.98274,35.30755],[81.97932,35.29586],[82.00098,35.28441],[81.99006,35.25792],[81.9987,35.2375],[82.03983,35.2264],[82.06336,35.20847],[82.13785,35.22411],[82.20107,35.21267],[82.28549,35.21777],[82.32247,35.2103],[82.3314,35.21623],[82.37619,35.20022],[82.38021,35.17882],[82.37376,35.1646],[82.3568,35.16018],[82.35404,35.13512],[82.36028,35.12818],[82.35328,35.11256],[82.3684,35.10657],[82.41374,35.01429],[82.43499,34.99795],[82.44393,34.96438],[82.43147,34.87459],[82.44111,34.84818],[82.42751,34.80419],[82.36826,34.78662],[82.36037,34.75929],[82.32785,34.75061],[82.35431,34.66691],[82.34552,34.64898],[82.33044,34.64103],[82.36306,34.61825],[82.41039,34.61421],[82.4094,34.59585],[82.42122,34.58956],[82.4535,34.59092],[82.45604,34.55727],[82.43033,34.54514],[82.41666,34.52574],[82.42027,34.51744],[82.39243,34.50007],[82.39452,34.47584],[82.43732,34.44649],[82.45269,34.41299],[82.42116,34.41202],[82.43629,34.39337],[82.41374,34.37488],[82.41962,34.334],[82.4339,34.31824],[82.416,34.28293],[82.4212,34.25667],[82.43839,34.23656],[82.38544,34.18512],[82.36761,34.14542],[82.33904,34.13506],[82.3344,34.14834],[82.32097,34.14799],[82.30588,34.11477],[82.32306,34.07545],[82.3599,34.03399],[82.38308,33.97813],[82.4293,33.93867],[82.41988,33.93033],[82.38748,33.92563],[82.36618,33.89789],[82.38365,33.83059],[82.36634,33.82067],[82.3499,33.78691],[82.36387,33.75434],[82.34221,33.74432],[82.34728,33.72583],[82.38097,33.71608],[82.37901,33.70407],[82.32223,33.68558],[82.30798,33.65533],[82.33337,33.63832],[82.31544,33.62256],[82.34226,33.59827],[82.35642,33.56493],[82.33643,33.54621],[82.33425,33.51677],[82.29882,33.50813],[82.28534,33.49039],[82.27647,33.49476],[82.21396,33.48167],[82.19257,33.49428],[82.16692,33.4943],[82.14015,33.51443],[82.03484,33.50179],[82.00476,33.5114],[81.96468,33.50155],[81.9272,33.4784],[81.87208,33.40495],[81.83606,33.4189],[81.80909,33.40244],[81.80554,33.38465],[81.7683,33.38491],[81.74368,33.36087],[81.66817,33.35842],[81.64741,33.33498],[81.65277,33.27709],[81.59687,33.22749],[81.59009,33.1702],[81.57546,33.14653],[81.55025,33.14014],[81.49217,33.14826],[81.47281,33.13608],[81.4626,33.11664],[81.50229,33.07629],[81.54197,33.0711],[81.56239,33.03818],[81.5755,33.03997],[81.58822,33.05393],[81.64368,33.02444],[81.65746,33.02294],[81.67317,33.03971],[81.75005,33.01244],[81.75153,32.99936],[81.73331,32.98352],[81.75056,32.96189],[81.76273,32.92449],[81.78389,32.90791],[81.79393,32.8724],[81.90396,32.71439],[81.89605,32.6989],[81.86109,32.68861],[81.86679,32.66641],[81.86181,32.639],[81.83798,32.62512],[81.83169,32.60785],[81.80158,32.60915],[81.75704,32.62417],[81.75,32.61853],[81.69835,32.62163],[81.67511,32.62923],[81.66838,32.65081],[81.62033,32.67727],[81.6028,32.71244],[81.55647,32.71654],[81.53152,32.74806],[81.48283,32.77231],[81.38538,32.69994],[81.33742,32.69209],[81.28899,32.70598],[81.25957,32.75505],[81.22732,32.77172],[81.18784,32.76636],[81.168,32.74789],[81.11101,32.73102],[81.04672,32.74542],[81.02281,32.75818],[81.01578,32.79919],[80.98323,32.81442],[80.93064,32.78318],[80.92256,32.75467],[80.92899,32.74422],[80.92621,32.72372],[80.89862,32.69852],[80.88627,32.66254],[80.85272,32.64212],[80.82741,32.63512],[80.76799,32.6396],[80.7262,32.64755],[80.72056,32.66016],[80.63421,32.66673],[80.59535,32.65203],[80.61944,32.6261],[80.61537,32.57335],[80.51481,32.57348],[80.47305,32.53913],[80.43257,32.53787],[80.40976,32.54561],[80.34939,32.53564],[80.33709,32.54486],[80.31246,32.54659],[80.30134,32.57301],[80.28296,32.57691],[80.26559,32.5945],[80.18042,32.59449],[80.17749,32.61245],[80.14085,32.62855],[80.14967,32.64593],[80.12799,32.65722],[80.13829,32.68008],[80.12609,32.69184],[80.05514,32.71155],[80.03036,32.69393],[79.87688,32.7498],[79.85317,32.74496],[79.83973,32.69893],[79.75553,32.71472],[79.73924,32.68306],[79.70153,32.69229],[79.66271,32.72228],[79.63927,32.7221],[79.60944,32.74376],[79.5683,32.75511],[79.47941,32.80178],[79.42333,32.80783],[79.36399,32.83389],[79.32289,32.86744],[79.31973,32.8834],[79.30223,32.88687],[79.31198,32.90045],[79.30166,32.9139],[79.30672,32.92551],[79.2858,32.93601],[79.28296,32.9535],[79.26428,32.96634],[79.24696,32.96322],[79.23811,32.97513],[79.20942,32.96721],[79.19796,32.98349],[79.17582,32.98856],[79.16117,33.0139],[79.13603,33.11449],[79.1425,33.15008],[79.15678,33.16645],[79.15343,33.18306],[79.14058,33.19686],[79.10988,33.20186],[79.0711,33.22946],[79.06729,33.23612],[79.07824,33.25063],[79.03742,33.27316],[79.0338,33.3104],[79.02337,33.32394],[78.97229,33.33165],[78.94469,33.38096],[78.89269,33.41608],[78.83766,33.43025],[78.81821,33.4604],[78.81324,33.48513],[78.77554,33.51434],[78.73614,33.56364],[78.73557,33.5802],[78.75327,33.62303],[78.70892,33.6276],[78.68303,33.6552],[78.6836,33.67728],[78.7725,33.73477],[78.77554,33.74429],[78.75441,33.79397],[78.76603,33.83014],[78.75422,33.87849],[78.76317,33.9078],[78.731,33.92646],[78.73823,33.99727],[78.69826,34.02335],[78.64991,34.03725],[78.64991,34.05305],[78.6619,34.06675],[78.65543,34.08122],[78.6638,34.09245],[78.68265,34.0856],[78.69597,34.09474],[78.74166,34.09588],[78.7962,34.14043],[78.83189,34.13181],[78.8664,34.1669],[78.89406,34.14906],[78.91309,34.15084],[78.9244,34.16482],[78.93957,34.21777],[78.95563,34.23769],[78.97526,34.29153],[78.97371,34.31604],[79.02891,34.31842],[79.03867,34.32627],[79.03537,34.33432],[79.04626,34.3512],[79.03243,34.36166],[79.00833,34.40331],[79.05082,34.4292],[79.06398,34.42754],[79.07759,34.41263],[79.09359,34.4259],[79.14104,34.4366],[79.15646,34.44932],[79.16425,34.43339],[79.18665,34.43013],[79.19334,34.41815],[79.24869,34.41911],[79.26631,34.42663],[79.26482,34.43825],[79.28175,34.44247],[79.33701,34.4426],[79.35846,34.43084],[79.39155,34.43596],[79.41726,34.4504],[79.44633,34.44383],[79.46038,34.45376],[79.4854,34.44682],[79.52392,34.45946],[79.53778,34.48014],[79.56228,34.45685],[79.6016,34.46601],[79.62799,34.44916],[79.67437,34.45516],[79.68515,34.47603],[79.70233,34.48468],[79.7273,34.47169],[79.79205,34.47964],[79.80689,34.49279],[79.81964,34.49349],[79.82335,34.5164],[79.84337,34.5179],[79.84312,34.53828],[79.85879,34.53445],[79.85988,34.54155],[79.83818,34.55089],[79.8419,34.57041],[79.86357,34.58593],[79.84998,34.59091],[79.86498,34.62022],[79.88794,34.62534],[79.89044,34.65],[79.86647,34.65774],[79.86506,34.67257],[79.90551,34.68583],[79.89638,34.73394],[79.92571,34.77562],[79.94152,34.81682],[79.9238,34.85257],[79.95607,34.86455],[79.98837,34.85869],[79.99699,34.86533],[80.00223,34.89676],[80.03484,34.90485],[80.03114,34.92603],[80.04016,34.94294],[80.02481,34.95293],[80.02285,34.97305],[80.04056,34.98216],[80.02676,35.00164],[80.03803,35.00869],[80.0409,35.02543],[80.02808,35.03956],[80.07313,35.07804],[80.11809,35.0695],[80.208,35.12465],[80.23601,35.15169],[80.21975,35.17744],[80.24801,35.18784],[80.25554,35.20426],[80.28144,35.20241],[80.28414,35.21064],[80.35832,35.20268],[80.35973,35.21025],[80.33011,35.22424],[80.32945,35.24082],[80.31248,35.25926],[80.27048,35.29307],[80.28536,35.35433],[80.31335,35.38655],[80.37471,35.38952],[80.42956,35.44996],[80.43906,35.44745],[80.44037,35.41935]]]}},{"type":"Feature","id":"CTAMAP-2017-COUNTY-1708","properties":{"map_level":"county","source_name":"萨嘎县","source_code":"540236","county_type":"县","prefecture_name":"日喀则市","prefecture_code":"540200","prefecture_type":"地级市","parent_entity_id":"CNUR-000283","parent_year_end_name":"日喀则市","province_name":"西藏自治区","province_code":"540000","snapshot_year":2017,"panel_year":2016,"link_status":"parent_linked","former_name":"","note":""},"geometry":{"type":"Polygon","coordinates":[[[84.69324,29.99676],[84.75094,29.99959],[84.75957,29.98679],[84.78966,29.99689],[84.79121,29.982],[84.8015,29.97798],[84.82375,29.98669],[84.84231,29.98042],[84.85111,29.98768],[84.86366,29.98473],[84.86772,29.97735],[84.85504,29.95756],[84.85796,29.94876],[84.87255,29.94318],[84.87552,29.92805],[84.91009,29.92113],[84.91492,29.90134],[84.93935,29.8798],[84.94552,29.8608],[84.96043,29.85773],[85.02689,29.80186],[85.04842,29.79587],[85.05738,29.7746],[85.07846,29.76504],[85.09781,29.77309],[85.11399,29.74322],[85.15842,29.72215],[85.16326,29.69709],[85.18055,29.69281],[85.25696,29.71455],[85.2901,29.69828],[85.28906,29.68886],[85.30323,29.67907],[85.32242,29.68859],[85.32897,29.6831],[85.35259,29.71423],[85.36726,29.70609],[85.39466,29.72114],[85.4017,29.75283],[85.39873,29.76475],[85.38848,29.76724],[85.39624,29.7898],[85.38765,29.80188],[85.41602,29.83785],[85.41555,29.84751],[85.42825,29.84897],[85.4292,29.8634],[85.43856,29.86337],[85.46609,29.8239],[85.49924,29.82589],[85.49843,29.79071],[85.52728,29.77708],[85.51943,29.76921],[85.5241,29.75356],[85.5377,29.74872],[85.54936,29.75594],[85.55544,29.76194],[85.5508,29.77277],[85.55959,29.77851],[85.59081,29.77705],[85.60295,29.76689],[85.60403,29.75451],[85.63666,29.74521],[85.64802,29.71613],[85.6713,29.69264],[85.69167,29.68818],[85.69826,29.63813],[85.67228,29.61577],[85.66693,29.59185],[85.69749,29.5891],[85.73739,29.54776],[85.76175,29.54042],[85.77075,29.5141],[85.79403,29.484],[85.80851,29.4828],[85.87171,29.52137],[85.87507,29.53973],[85.90064,29.56914],[85.89659,29.57954],[85.88716,29.58019],[85.89282,29.59821],[85.87654,29.60762],[85.87931,29.64703],[85.89746,29.65275],[85.91676,29.68712],[85.92224,29.68891],[85.92707,29.67674],[85.94427,29.68637],[85.9451,29.66667],[85.92991,29.6391],[85.93912,29.62205],[85.91242,29.57857],[85.92092,29.56006],[85.91273,29.53845],[85.91816,29.52601],[85.89927,29.50874],[85.89992,29.45772],[85.88614,29.43552],[85.89569,29.4176],[85.89431,29.40121],[85.91535,29.38151],[85.9227,29.35243],[85.93093,29.34474],[85.93954,29.35267],[85.95536,29.34951],[85.97977,29.36435],[85.992,29.40035],[86.00456,29.39606],[86.0379,29.40455],[86.06849,29.39988],[86.08852,29.40571],[86.10517,29.39892],[86.12243,29.40628],[86.13818,29.38723],[86.1711,29.40143],[86.19001,29.37622],[86.19474,29.38595],[86.22991,29.38479],[86.26503,29.40437],[86.2845,29.39181],[86.28155,29.38337],[86.29026,29.37887],[86.32338,29.38606],[86.3502,29.37887],[86.35791,29.34045],[86.37591,29.32017],[86.37583,29.31056],[86.3548,29.29235],[86.35629,29.27163],[86.34797,29.26946],[86.33918,29.24366],[86.31102,29.24014],[86.31856,29.21313],[86.29814,29.2062],[86.29476,29.19687],[86.33637,29.16519],[86.36434,29.16165],[86.37365,29.13886],[86.36152,29.1267],[86.35865,29.10925],[86.34336,29.10705],[86.33354,29.11857],[86.31984,29.10992],[86.28738,29.10769],[86.27322,29.09604],[86.2842,29.09067],[86.29021,29.06433],[86.22251,29.05533],[86.20858,29.04618],[86.18898,29.05251],[86.15827,29.04546],[86.14796,29.05567],[86.1328,29.05549],[86.13553,29.07903],[86.12338,29.10051],[86.1265,29.13572],[86.11158,29.16915],[86.0807,29.17417],[86.00312,29.16287],[85.96153,29.1774],[85.92171,29.17269],[85.87966,29.19354],[85.8642,29.19202],[85.84783,29.21084],[85.80851,29.21183],[85.79866,29.21858],[85.78744,29.21025],[85.78664,29.19803],[85.77462,29.20104],[85.76252,29.19287],[85.76058,29.18015],[85.73361,29.18894],[85.71599,29.17251],[85.69558,29.18348],[85.68613,29.17222],[85.66264,29.17222],[85.61985,29.18957],[85.61161,29.20077],[85.60992,29.23579],[85.5534,29.26344],[85.51848,29.24834],[85.48392,29.25029],[85.46414,29.24322],[85.44846,29.24763],[85.44775,29.25597],[85.42846,29.2702],[85.40954,29.26173],[85.3514,29.26503],[85.34702,29.28536],[85.32226,29.30831],[85.26496,29.31978],[85.23338,29.31379],[85.2152,29.3186],[85.18901,29.31005],[85.16567,29.32171],[85.12288,29.27516],[85.07443,29.25935],[85.05657,29.24502],[85.04901,29.21563],[85.0336,29.20899],[85.03512,29.20126],[85.02134,29.18716],[85.01025,29.18663],[85.00535,29.17475],[84.97025,29.16392],[84.96287,29.17374],[84.93929,29.17199],[84.93051,29.18394],[84.91087,29.18188],[84.89562,29.20161],[84.8772,29.2069],[84.86705,29.19823],[84.84997,29.17935],[84.84705,29.14532],[84.82459,29.11838],[84.82903,29.10669],[84.81754,29.08974],[84.82915,29.06798],[84.73806,29.02653],[84.72914,28.96589],[84.76835,28.89786],[84.76644,28.88545],[84.73278,28.88317],[84.72186,28.85473],[84.7004,28.84688],[84.68441,28.87667],[84.63494,28.87403],[84.62674,28.89565],[84.60897,28.90804],[84.60356,28.92839],[84.56973,28.92897],[84.56545,28.91585],[84.5357,28.89731],[84.52509,28.85187],[84.53546,28.83506],[84.49382,28.82596],[84.49911,28.8123],[84.48468,28.79747],[84.48861,28.7875],[84.44595,28.76499],[84.44292,28.79086],[84.43097,28.80976],[84.43324,28.82368],[84.40314,28.83155],[84.4104,28.84955],[84.40389,28.86105],[84.34581,28.87012],[84.32145,28.86377],[84.28756,28.87905],[84.27047,28.89766],[84.22948,28.89463],[84.22176,28.92988],[84.24899,29.03259],[84.22993,29.05044],[84.18908,29.05014],[84.19014,29.07949],[84.20542,29.12109],[84.17623,29.13228],[84.16367,29.18432],[84.17275,29.20172],[84.19604,29.21443],[84.20134,29.23545],[84.17942,29.24552],[84.18032,29.26077],[84.20474,29.27789],[84.21292,29.31273],[84.22905,29.32572],[84.2283,29.35151],[84.27807,29.36191],[84.28565,29.37848],[84.29626,29.38106],[84.32358,29.3648],[84.34484,29.36548],[84.37955,29.41576],[84.42184,29.43395],[84.42679,29.46935],[84.43624,29.4785],[84.42638,29.48711],[84.4305,29.49874],[84.41182,29.51628],[84.40368,29.58814],[84.38339,29.60829],[84.3949,29.62828],[84.39127,29.64089],[84.4003,29.66507],[84.39302,29.67347],[84.42452,29.67933],[84.46478,29.67169],[84.51042,29.70113],[84.54281,29.70622],[84.56254,29.72552],[84.59758,29.72111],[84.63953,29.74763],[84.63841,29.82761],[84.60003,29.83976],[84.60233,29.84975],[84.58529,29.86132],[84.58312,29.88011],[84.55795,29.91942],[84.60598,29.9396],[84.62743,29.93537],[84.65492,29.9422],[84.70157,29.97269],[84.69324,29.99676]]]}},{"type":"Feature","id":"CTAMAP-2017-COUNTY-1709","properties":{"map_level":"county","source_name":"萨迦县","source_code":"540224","county_type":"县","prefecture_name":"日喀则市","prefecture_code":"540200","prefecture_type":"地级市","parent_entity_id":"CNUR-000283","parent_year_end_name":"日喀则市","province_name":"西藏自治区","province_code":"540000","snapshot_year":2017,"panel_year":2016,"link_status":"parent_linked","former_name":"","note":""},"geometry":{"type":"Polygon","coordinates":[[[88.44737,29.33292],[88.45698,29.30995],[88.48832,29.27614],[88.512,29.2839],[88.52871,29.27287],[88.53607,29.25281],[88.56591,29.24153],[88.58221,29.22311],[88.60977,29.22107],[88.6238,29.22913],[88.63218,29.2236],[88.6269,29.21239],[88.63784,29.19617],[88.61386,29.18395],[88.61879,29.15158],[88.59813,29.13181],[88.60086,29.11587],[88.56492,29.09203],[88.59178,29.06443],[88.60687,29.06238],[88.60943,29.03944],[88.62555,29.03598],[88.62542,29.01429],[88.61348,29.0],[88.62456,28.99433],[88.62676,28.98075],[88.6383,28.98762],[88.67735,28.98609],[88.68459,28.99392],[88.70312,28.98868],[88.7265,28.99339],[88.73979,28.97719],[88.76042,28.97188],[88.75704,28.95292],[88.76578,28.94312],[88.7958,28.94861],[88.80128,28.96399],[88.81459,28.95786],[88.84384,28.99133],[88.88948,28.9703],[88.89443,28.96502],[88.871,28.92691],[88.87087,28.90619],[88.88326,28.89181],[88.87783,28.85974],[88.92903,28.81091],[88.95667,28.80171],[88.96768,28.78208],[88.99902,28.75775],[89.00032,28.71967],[88.95084,28.67947],[88.93967,28.65552],[88.93713,28.6415],[88.94536,28.6248],[88.9315,28.60612],[88.93213,28.57404],[88.90997,28.55323],[88.91204,28.51894],[88.88343,28.51982],[88.8774,28.50432],[88.84417,28.48517],[88.85099,28.45995],[88.82658,28.40637],[88.79855,28.41205],[88.7943,28.38804],[88.78868,28.39946],[88.74993,28.41535],[88.73704,28.42986],[88.72299,28.43087],[88.7509,28.45145],[88.83147,28.47797],[88.83196,28.49017],[88.85243,28.50258],[88.83521,28.50797],[88.8505,28.52127],[88.84392,28.53028],[88.85374,28.55299],[88.8386,28.57865],[88.81309,28.57811],[88.78796,28.5903],[88.7444,28.57957],[88.7394,28.56201],[88.72658,28.55593],[88.70873,28.57246],[88.70363,28.58274],[88.75698,28.60228],[88.75909,28.61643],[88.73902,28.62675],[88.70356,28.62078],[88.71478,28.64355],[88.71022,28.66172],[88.7195,28.68651],[88.74039,28.69435],[88.73891,28.70666],[88.6925,28.72025],[88.68567,28.74559],[88.67209,28.75837],[88.66338,28.75277],[88.6259,28.75584],[88.621,28.73749],[88.59972,28.72895],[88.58561,28.71278],[88.59077,28.69673],[88.56429,28.67863],[88.52847,28.6929],[88.52572,28.68003],[88.50457,28.67128],[88.48668,28.68223],[88.47634,28.65617],[88.41149,28.64327],[88.3904,28.65503],[88.37344,28.64848],[88.35594,28.65569],[88.34464,28.64639],[88.33932,28.65886],[88.30769,28.66369],[88.29635,28.674],[88.2804,28.66388],[88.27285,28.68465],[88.28707,28.70479],[88.26428,28.70885],[88.24491,28.73217],[88.23564,28.72018],[88.21011,28.72038],[88.19542,28.72911],[88.17294,28.72388],[88.15152,28.73148],[88.14148,28.74477],[88.12465,28.74482],[88.10951,28.72223],[88.12153,28.69983],[88.08991,28.70218],[88.07951,28.69362],[88.07585,28.68133],[88.08822,28.67077],[88.07588,28.66251],[88.08188,28.6433],[88.0729,28.63392],[88.08084,28.61623],[88.05629,28.59978],[88.0458,28.60758],[88.03273,28.60211],[87.98803,28.54537],[87.96675,28.54498],[87.96024,28.53696],[87.89578,28.51986],[87.87068,28.49083],[87.84401,28.50778],[87.79155,28.48669],[87.76426,28.50163],[87.75325,28.5228],[87.73212,28.52108],[87.73948,28.57535],[87.75636,28.5917],[87.74311,28.65639],[87.74221,28.71323],[87.72689,28.74378],[87.68286,28.75167],[87.65499,28.77488],[87.65523,28.78441],[87.68569,28.80861],[87.68693,28.81919],[87.71726,28.8298],[87.77063,28.83439],[87.78339,28.86379],[87.81562,28.88726],[87.7854,28.89272],[87.80123,28.89975],[87.80359,28.90965],[87.82288,28.91093],[87.83334,28.93642],[87.8528,28.94292],[87.8383,28.97217],[87.84736,28.99052],[87.87694,29.02324],[87.90593,29.0333],[87.91182,29.04459],[87.99652,29.04134],[87.99887,29.01351],[87.99236,29.00593],[88.00356,28.99082],[88.04828,28.99943],[88.08041,28.98594],[88.10559,28.99344],[88.11455,28.99039],[88.11146,28.96575],[88.1195,28.95423],[88.14281,28.96649],[88.18723,28.95595],[88.19422,29.00597],[88.18478,29.05895],[88.19761,29.07395],[88.25797,29.07698],[88.26155,29.08665],[88.28358,29.08749],[88.3159,29.15158],[88.33598,29.15351],[88.34235,29.1635],[88.35391,29.21512],[88.31714,29.218],[88.29633,29.23479],[88.3097,29.27809],[88.32805,29.29347],[88.33333,29.33322],[88.37026,29.31584],[88.38257,29.3154],[88.39137,29.32544],[88.40673,29.31369],[88.43772,29.32242],[88.44737,29.33292]]]}},{"type":"Feature","id":"CTAMAP-2017-COUNTY-1721","properties":{"map_level":"county","source_name":"桑日县","source_code":"540523","county_type":"县","prefecture_name":"山南市","prefecture_code":"540500","prefecture_type":"地级市","parent_entity_id":"CNUR-000286","parent_year_end_name":"山南市","province_name":"西藏自治区","province_code":"540000","snapshot_year":2017,"panel_year":2016,"link_status":"parent_linked","former_name":"","note":""},"geometry":{"type":"Polygon","coordinates":[[[92.4856,29.55326],[92.52293,29.54089],[92.54528,29.54495],[92.602,29.52586],[92.60295,29.51958],[92.56562,29.47584],[92.54559,29.47439],[92.53589,29.45582],[92.48674,29.42145],[92.52795,29.39534],[92.54268,29.35947],[92.52267,29.35461],[92.51108,29.3638],[92.49209,29.35131],[92.48459,29.33574],[92.46032,29.34338],[92.4551,29.31871],[92.48403,29.2511],[92.48244,29.23428],[92.46548,29.25316],[92.41632,29.25714],[92.36841,29.22383],[92.29711,29.22867],[92.26927,29.24489],[92.18698,29.25196],[92.16645,29.27737],[92.14731,29.26236],[92.11839,29.20536],[92.06362,29.19871],[92.03377,29.14962],[92.06442,29.10442],[92.08454,29.09583],[92.08974,29.08207],[92.03495,29.04364],[92.04313,29.02979],[92.02504,29.01934],[92.01366,29.02058],[92.0011,29.00764],[91.97411,29.02458],[91.979,29.08039],[91.94518,29.11117],[91.93604,29.1432],[91.91437,29.1602],[91.91308,29.18001],[91.8847,29.19398],[91.86454,29.18394],[91.85152,29.19457],[91.84609,29.24236],[91.85663,29.26096],[91.85465,29.27836],[91.87438,29.28523],[91.867,29.30591],[91.87653,29.31644],[91.88294,29.35614],[91.89478,29.3648],[91.91096,29.36312],[91.97465,29.40872],[91.99144,29.48859],[91.97368,29.49506],[91.97153,29.50519],[92.00406,29.53601],[92.00445,29.55411],[92.03826,29.55179],[92.04952,29.53204],[92.08031,29.54029],[92.1278,29.52501],[92.14646,29.5453],[92.18443,29.56455],[92.23491,29.55177],[92.26287,29.57914],[92.28362,29.56833],[92.29433,29.59369],[92.32493,29.62643],[92.33704,29.61493],[92.38274,29.62966],[92.38597,29.64175],[92.36829,29.67039],[92.38523,29.68961],[92.38524,29.72776],[92.37348,29.73662],[92.35922,29.7686],[92.36207,29.78008],[92.37685,29.78847],[92.39125,29.82353],[92.40301,29.82592],[92.40075,29.81153],[92.40953,29.80358],[92.43941,29.80539],[92.44333,29.7946],[92.46197,29.78871],[92.48809,29.80241],[92.50163,29.79429],[92.50327,29.73512],[92.52469,29.71532],[92.51413,29.69485],[92.4798,29.66174],[92.4729,29.60744],[92.46141,29.58926],[92.46537,29.57181],[92.4856,29.55326]]]}},{"type":"Feature","id":"CTAMAP-2017-COUNTY-1723","properties":{"map_level":"county","source_name":"桑珠孜区","source_code":"540202","county_type":"市辖区","prefecture_name":"日喀则市","prefecture_code":"540200","prefecture_type":"地级市","parent_entity_id":"CNUR-000283","parent_year_end_name":"日喀则市","province_name":"西藏自治区","province_code":"540000","snapshot_year":2017,"panel_year":2016,"link_status":"parent_linked","former_name":"日喀则市","note":"2014年撤销日喀则市，设立桑珠孜区"},"geometry":{"type":"Polygon","coordinates":[[[89.66193,29.35019],[89.67963,29.36275],[89.69462,29.34753],[89.68175,29.34708],[89.65618,29.30633],[89.64883,29.27451],[89.65143,29.22937],[89.64349,29.23105],[89.64335,29.21965],[89.62639,29.22153],[89.61195,29.20852],[89.59819,29.21435],[89.58441,29.19833],[89.54978,29.1838],[89.5425,29.21573],[89.5076,29.23214],[89.46197,29.23842],[89.42379,29.2108],[89.37749,29.19738],[89.36017,29.20087],[89.34252,29.17785],[89.32663,29.1738],[89.27185,29.21646],[89.28577,29.24253],[89.27946,29.26206],[89.23636,29.25944],[89.21526,29.28744],[89.19417,29.28899],[89.18286,29.27399],[89.15159,29.2584],[89.05253,29.26094],[89.01107,29.27241],[89.01764,29.24627],[89.03857,29.23277],[89.04626,29.20601],[89.07128,29.21231],[89.08077,29.20697],[89.08401,29.18796],[89.07318,29.16626],[89.07564,29.15578],[89.11777,29.12888],[89.1127,29.11209],[89.11774,29.10163],[89.10875,29.09495],[89.10601,29.07828],[89.10799,29.02913],[89.08878,29.02155],[89.0767,29.02773],[89.05867,29.01325],[89.0365,29.01812],[89.0215,29.01717],[89.01692,29.00963],[88.98823,29.01013],[88.97503,28.97531],[88.96458,28.97206],[88.91826,28.97542],[88.89443,28.96502],[88.84046,28.99054],[88.81459,28.95786],[88.80128,28.96399],[88.7958,28.94861],[88.76645,28.9431],[88.75704,28.95292],[88.76042,28.97188],[88.73979,28.97719],[88.7265,28.99339],[88.70312,28.98868],[88.68459,28.99392],[88.67735,28.98609],[88.6383,28.98762],[88.62628,28.98126],[88.62456,28.99433],[88.61348,29.0],[88.62542,29.01429],[88.62555,29.03598],[88.60943,29.03944],[88.60687,29.06238],[88.59178,29.06443],[88.56492,29.09203],[88.60086,29.11587],[88.59813,29.13181],[88.61879,29.15158],[88.61386,29.18395],[88.63784,29.19617],[88.6269,29.21239],[88.63218,29.2236],[88.6238,29.22913],[88.60977,29.22107],[88.58221,29.22311],[88.56591,29.24153],[88.53607,29.25281],[88.52871,29.27287],[88.512,29.2839],[88.48832,29.27614],[88.45698,29.30995],[88.44737,29.33292],[88.46106,29.35207],[88.48088,29.35045],[88.50271,29.36045],[88.52548,29.3417],[88.54539,29.348],[88.54983,29.33704],[88.58117,29.33333],[88.60483,29.35663],[88.60106,29.37324],[88.61089,29.39883],[88.60575,29.44041],[88.61585,29.45037],[88.62203,29.44551],[88.65927,29.46196],[88.69995,29.495],[88.7216,29.50025],[88.72766,29.51342],[88.70509,29.55198],[88.73371,29.57423],[88.73859,29.58904],[88.74741,29.5897],[88.7465,29.60703],[88.75353,29.60866],[88.75771,29.62764],[88.77042,29.63039],[88.77056,29.64283],[88.78387,29.64987],[88.79053,29.62954],[88.8181,29.62063],[88.83467,29.59419],[88.88139,29.58385],[88.8859,29.55796],[88.87354,29.53973],[88.88683,29.53704],[88.91622,29.5037],[88.9349,29.49758],[88.96033,29.51242],[88.97608,29.51243],[89.00616,29.50105],[89.02186,29.48026],[89.03475,29.48419],[89.05238,29.42692],[89.04898,29.41071],[89.0677,29.40479],[89.05439,29.39252],[89.06808,29.38526],[89.07506,29.34382],[89.09971,29.33324],[89.09676,29.31969],[89.14893,29.32065],[89.15642,29.34626],[89.17293,29.33744],[89.19913,29.34201],[89.21198,29.37523],[89.26436,29.37446],[89.28014,29.38494],[89.313,29.37673],[89.33712,29.38203],[89.38381,29.37108],[89.40031,29.35973],[89.44758,29.35632],[89.4547,29.34292],[89.47866,29.3364],[89.53653,29.33937],[89.5776,29.35946],[89.63033,29.34697],[89.66193,29.35019]]]}},{"type":"Feature","id":"CTAMAP-2017-COUNTY-1725","properties":{"map_level":"county","source_name":"那曲县","source_code":"542421","county_type":"县","prefecture_name":"那曲地区","prefecture_code":"542400","prefecture_type":"地区","parent_entity_id":"CNUR-000287","parent_year_end_name":"那曲地区","province_name":"西藏自治区","province_code":"540000","snapshot_year":2017,"panel_year":2016,"link_status":"parent_linked","former_name":"","note":""},"geometry":{"type":"Polygon","coordinates":[[[92.99378,31.28875],[92.9784,31.29652],[92.96701,31.26687],[92.93697,31.2473],[92.88002,31.25082],[92.85304,31.26674],[92.81015,31.16987],[92.80329,31.13364],[92.69467,31.12343],[92.68114,31.10621],[92.65953,31.09998],[92.66585,31.09041],[92.65347,31.06774],[92.61589,31.05043],[92.60717,31.05812],[92.58593,31.04871],[92.57243,31.06473],[92.56264,31.06332],[92.56306,31.05331],[92.53157,31.05184],[92.49964,31.02636],[92.47984,31.0295],[92.44811,31.00919],[92.45608,30.97924],[92.45093,30.97124],[92.43016,30.96663],[92.41621,30.94818],[92.38673,30.93581],[92.33574,30.89383],[92.26309,30.90165],[92.25698,30.89159],[92.2655,30.88008],[92.26698,30.84722],[92.30863,30.81782],[92.31668,30.79254],[92.29936,30.77548],[92.24412,30.79579],[92.22898,30.78008],[92.24042,30.75181],[92.22717,30.72277],[92.23435,30.68621],[92.26451,30.64291],[92.29261,30.62431],[92.2912,30.61066],[92.25884,30.59414],[92.25478,30.57341],[92.22018,30.58224],[92.21333,30.56371],[92.20462,30.56222],[92.12138,30.57817],[92.11275,30.58576],[92.07295,30.57147],[92.07242,30.54834],[92.06176,30.54057],[91.98997,30.52662],[91.93658,30.53366],[91.905,30.51897],[91.82682,30.62168],[91.74151,30.66345],[91.73613,30.67841],[91.74524,30.70313],[91.74191,30.71902],[91.72347,30.72436],[91.71121,30.71466],[91.65595,30.7013],[91.62808,30.67486],[91.57266,30.65876],[91.50359,30.65821],[91.48985,30.66881],[91.48791,30.69379],[91.4751,30.70358],[91.45079,30.70737],[91.43242,30.70142],[91.42331,30.70777],[91.42712,30.73256],[91.44052,30.74904],[91.4243,30.80106],[91.39646,30.81892],[91.38056,30.85542],[91.37827,30.90589],[91.3678,30.91848],[91.36864,30.989],[91.34888,31.00027],[91.34569,31.04314],[91.27925,31.05809],[91.2699,31.05171],[91.26306,31.07826],[91.23426,31.11792],[91.22756,31.15194],[91.10845,31.27807],[91.11617,31.30365],[91.10566,31.32955],[91.08192,31.33526],[91.08954,31.3517],[91.08601,31.36624],[90.99121,31.45076],[91.05007,31.44087],[91.0969,31.46423],[91.15015,31.46769],[91.17427,31.49759],[91.16635,31.50011],[91.17448,31.51333],[91.1988,31.51597],[91.19142,31.53427],[91.1979,31.54413],[91.27739,31.58657],[91.31561,31.62687],[91.33205,31.61709],[91.34254,31.62254],[91.35906,31.65124],[91.39786,31.64355],[91.42568,31.65025],[91.5304,31.64936],[91.56234,31.69251],[91.58219,31.7402],[91.67741,31.69096],[91.68363,31.67439],[91.75,31.65718],[91.7746,31.63458],[91.80393,31.63115],[91.8142,31.61625],[91.87877,31.57853],[91.91014,31.5712],[91.93832,31.59641],[91.95118,31.59885],[91.96499,31.64087],[91.95328,31.67607],[91.96282,31.68283],[91.98953,31.68413],[92.12209,31.73092],[92.13136,31.72985],[92.15114,31.69697],[92.22437,31.70428],[92.24152,31.69072],[92.25929,31.69694],[92.26442,31.71716],[92.33331,31.72688],[92.36512,31.74127],[92.45309,31.7306],[92.48338,31.76408],[92.48818,31.78664],[92.53282,31.82494],[92.545,31.85774],[92.54023,31.87333],[92.65801,31.81758],[92.70556,31.82986],[92.74201,31.86539],[92.76788,31.87525],[92.79391,31.85097],[92.78903,31.82791],[92.82543,31.81478],[92.81759,31.79006],[92.84247,31.77163],[92.86172,31.73464],[92.96317,31.6871],[92.94905,31.65485],[92.90586,31.66039],[92.88949,31.64587],[92.92342,31.60672],[92.88658,31.5807],[92.88655,31.56702],[92.89491,31.56307],[92.88513,31.55704],[92.86118,31.57591],[92.83947,31.578],[92.815,31.54743],[92.81233,31.5266],[92.84827,31.51461],[92.87319,31.52011],[92.88474,31.49045],[92.95504,31.46219],[92.99522,31.45204],[93.00462,31.45673],[93.01443,31.44837],[93.01354,31.41716],[92.983,31.38771],[92.98724,31.37371],[93.00185,31.36792],[93.01215,31.32987],[93.00944,31.3198],[92.9952,31.31511],[93.00755,31.30438],[92.99378,31.28875]]]}},{"type":"Feature","id":"CTAMAP-2017-COUNTY-1895","properties":{"map_level":"county","source_name":"索县","source_code":"540626","county_type":"县","prefecture_name":"那曲地区","prefecture_code":"542400","prefecture_type":"地区","parent_entity_id":"CNUR-000287","parent_year_end_name":"那曲地区","province_name":"西藏自治区","province_code":"540000","snapshot_year":2017,"panel_year":2016,"link_status":"parent_linked","former_name":"","note":""},"geometry":{"type":"Polygon","coordinates":[[[94.68674,31.81804],[94.70657,31.8178],[94.75351,31.79675],[94.75868,31.7568],[94.7694,31.73754],[94.76312,31.71338],[94.72889,31.71202],[94.7268,31.68945],[94.68094,31.68482],[94.67963,31.64249],[94.69626,31.63848],[94.7128,31.65185],[94.74565,31.64198],[94.76226,31.6191],[94.75121,31.60398],[94.76753,31.56371],[94.83867,31.56008],[94.85928,31.54452],[94.88994,31.54457],[94.89407,31.51349],[94.90979,31.48615],[94.90071,31.46245],[94.86494,31.42897],[94.86607,31.40939],[94.87975,31.40558],[94.91278,31.37289],[94.92697,31.37293],[94.93383,31.38415],[94.96283,31.3662],[94.98975,31.32505],[94.97637,31.29],[94.98566,31.2892],[94.98448,31.27627],[95.01247,31.24299],[95.01292,31.22444],[95.04706,31.1887],[95.03258,31.15995],[94.96537,31.14012],[94.9549,31.15855],[94.92226,31.15753],[94.9165,31.1329],[94.82436,31.11993],[94.82725,31.09602],[94.81213,31.07355],[94.79623,31.08356],[94.77232,31.08009],[94.75331,31.09234],[94.73395,31.11176],[94.71532,31.15236],[94.71362,31.23454],[94.72712,31.27013],[94.74006,31.28278],[94.74403,31.31766],[94.77306,31.33735],[94.77378,31.34641],[94.75409,31.36505],[94.73549,31.35169],[94.71066,31.34676],[94.67356,31.31737],[94.62809,31.31485],[94.60602,31.32538],[94.60041,31.35624],[94.57414,31.38328],[94.59986,31.40955],[94.594,31.42831],[94.57691,31.44117],[94.49761,31.39059],[94.48325,31.35929],[94.45104,31.33935],[94.3888,31.35273],[94.39599,31.32707],[94.38159,31.32092],[94.36689,31.29707],[94.29622,31.31628],[94.30145,31.35496],[94.27566,31.37767],[94.21652,31.3707],[94.17635,31.3758],[94.12213,31.36687],[94.09122,31.37413],[94.08763,31.39677],[94.10221,31.41891],[94.08985,31.43638],[94.04014,31.45322],[94.02535,31.47489],[93.99112,31.46351],[93.97367,31.49257],[93.9367,31.52177],[93.88603,31.52861],[93.85372,31.56979],[93.8224,31.572],[93.7989,31.60415],[93.7703,31.67516],[93.73073,31.71304],[93.71953,31.70899],[93.71117,31.68186],[93.71687,31.66983],[93.70743,31.66611],[93.67739,31.66797],[93.65136,31.70125],[93.6228,31.70575],[93.61408,31.71556],[93.63907,31.7493],[93.64107,31.78776],[93.6123,31.82159],[93.60969,31.85053],[93.55888,31.86197],[93.53187,31.8831],[93.52149,31.91203],[93.5061,31.9165],[93.54346,31.92613],[93.60378,31.9138],[93.64446,31.93148],[93.65736,31.92605],[93.66266,31.93407],[93.61486,31.95838],[93.6248,31.97452],[93.64687,31.98352],[93.68408,31.97022],[93.69563,32.00198],[93.77441,31.96031],[93.77943,31.93724],[93.79704,31.941],[93.82451,31.9667],[93.8563,31.94472],[93.87257,31.96821],[93.90498,31.98351],[93.92053,31.96242],[93.90666,31.93225],[93.99706,31.91084],[93.99581,31.89116],[94.01589,31.87282],[94.02157,31.84573],[94.03319,31.84008],[94.07943,31.86756],[94.09425,31.84865],[94.11721,31.84512],[94.13223,31.86791],[94.14405,31.87085],[94.16083,31.85938],[94.15086,31.837],[94.18604,31.83133],[94.19115,31.84058],[94.20844,31.84439],[94.21781,31.83923],[94.22104,31.81833],[94.24379,31.84943],[94.29482,31.8434],[94.31079,31.83382],[94.30785,31.82185],[94.31948,31.8106],[94.34862,31.79967],[94.42955,31.80753],[94.47633,31.76979],[94.4804,31.73878],[94.49621,31.73033],[94.51318,31.75565],[94.56921,31.75373],[94.58215,31.74205],[94.61694,31.75765],[94.6333,31.7812],[94.66081,31.77846],[94.69602,31.76279],[94.69325,31.72015],[94.68645,31.71505],[94.71508,31.70321],[94.76106,31.74605],[94.74457,31.7642],[94.74209,31.78739],[94.7339,31.79012],[94.71304,31.77379],[94.69977,31.78561],[94.70133,31.80574],[94.68674,31.81804]]]}},{"type":"Feature","id":"CTAMAP-2017-COUNTY-2337","properties":{"map_level":"county","source_name":"亚东县","source_code":"540233","county_type":"县","prefecture_name":"日喀则市","prefecture_code":"540200","prefecture_type":"地级市","parent_entity_id":"CNUR-000283","parent_year_end_name":"日喀则市","province_name":"西藏自治区","province_code":"540000","snapshot_year":2017,"panel_year":2016,"link_status":"parent_linked","former_name":"","note":""},"geometry":{"type":"Polygon","coordinates":[[[89.0281,28.30635],[89.06112,28.28739],[89.07683,28.29076],[89.09987,28.28189],[89.09449,28.26846],[89.10652,28.25854],[89.09454,28.24485],[89.09547,28.2109],[89.12322,28.15832],[89.22826,28.18147],[89.23517,28.19809],[89.26122,28.20738],[89.28409,28.19686],[89.28281,28.18993],[89.31668,28.1905],[89.4148,28.1244],[89.41408,28.1074],[89.42346,28.09384],[89.54704,28.10145],[89.53665,28.08893],[89.51619,28.09179],[89.46099,28.0342],[89.47169,28.01207],[89.45885,28.00327],[89.43581,27.95408],[89.37799,27.88056],[89.32326,27.85296],[89.29899,27.84867],[89.2376,27.79204],[89.22523,27.7661],[89.22951,27.73041],[89.20214,27.72113],[89.18263,27.67402],[89.13028,27.63404],[89.12373,27.61493],[89.14623,27.59764],[89.16076,27.57303],[89.14932,27.55647],[89.10625,27.53744],[89.09507,27.47415],[89.11791,27.44178],[89.13409,27.44369],[89.15931,27.4149],[89.16503,27.39372],[89.18002,27.37706],[89.1597,27.35809],[89.15027,27.32067],[89.12529,27.31639],[89.0708,27.28593],[89.06771,27.24548],[88.98285,27.21309],[88.94858,27.26144],[88.90881,27.27521],[88.91683,27.32882],[88.89385,27.33491],[88.86244,27.38555],[88.83884,27.37965],[88.82513,27.40382],[88.80629,27.40953],[88.80991,27.42552],[88.7962,27.43104],[88.78135,27.46988],[88.79525,27.53251],[88.77888,27.5386],[88.76974,27.56487],[88.80895,27.60141],[88.81314,27.64158],[88.8356,27.65186],[88.85045,27.67223],[88.85064,27.69621],[88.8396,27.7122],[88.85902,27.71905],[88.86816,27.73923],[88.85673,27.75522],[88.86225,27.81442],[88.883,27.83194],[88.88776,27.85554],[88.87444,27.91132],[88.8613,27.92464],[88.84093,27.92559],[88.84223,27.99388],[88.89059,28.03886],[88.88791,28.07035],[88.91479,28.11903],[88.88785,28.13497],[88.89331,28.15434],[88.90253,28.16658],[88.94566,28.17597],[88.93976,28.19925],[88.92587,28.2092],[88.93562,28.24643],[88.9337,28.2722],[88.94509,28.28923],[88.94282,28.32431],[89.0281,28.30635]]]}},{"type":"Feature","id":"CTAMAP-2017-COUNTY-2585","properties":{"map_level":"county","source_name":"扎囊县","source_code":"540521","county_type":"县","prefecture_name":"山南市","prefecture_code":"540500","prefecture_type":"地级市","parent_entity_id":"CNUR-000286","parent_year_end_name":"山南市","province_name":"西藏自治区","province_code":"540000","snapshot_year":2017,"panel_year":2016,"link_status":"parent_linked","former_name":"","note":""},"geometry":{"type":"Polygon","coordinates":[[[91.63556,29.58006],[91.63163,29.52291],[91.61859,29.50196],[91.6253,29.48395],[91.61343,29.47766],[91.61294,29.4618],[91.63464,29.38612],[91.63876,29.32562],[91.61051,29.28852],[91.53668,29.27432],[91.56248,29.23518],[91.5778,29.18309],[91.51409,29.11662],[91.51313,29.05245],[91.49552,29.03525],[91.4286,29.03128],[91.37102,29.00828],[91.36636,28.94751],[91.29446,28.96448],[91.26413,28.98609],[91.22684,28.98733],[91.21819,28.98096],[91.20653,28.99186],[91.16141,29.00176],[91.15903,29.02515],[91.18303,29.04181],[91.19149,29.07187],[91.18455,29.11548],[91.21699,29.17067],[91.18894,29.21573],[91.21008,29.25913],[91.22811,29.27236],[91.21077,29.31166],[91.23298,29.34297],[91.22885,29.35963],[91.21628,29.36561],[91.20975,29.39398],[91.22188,29.43018],[91.23817,29.44891],[91.21852,29.51947],[91.25801,29.51989],[91.28841,29.53243],[91.37755,29.49048],[91.39983,29.48825],[91.41633,29.50447],[91.45807,29.52137],[91.46558,29.53877],[91.48985,29.53852],[91.54838,29.58129],[91.58612,29.57092],[91.59686,29.58367],[91.6104,29.57486],[91.63556,29.58006]]]}},{"type":"Feature","id":"CTAMAP-2017-COUNTY-2586","properties":{"map_level":"county","source_name":"札达县","source_code":"542522","county_type":"县","prefecture_name":"阿里地区","prefecture_code":"542500","prefecture_type":"地区","parent_entity_id":"CNUR-000288","parent_year_end_name":"阿里地区","province_name":"西藏自治区","province_code":"540000","snapshot_year":2017,"panel_year":2016,"link_status":"parent_linked","former_name":"","note":""},"geometry":{"type":"Polygon","coordinates":[[[79.16748,32.48904],[79.21892,32.4558],[79.24159,32.4526],[79.29129,32.38503],[79.31034,32.42239],[79.32389,32.41097],[79.34822,32.41472],[79.37686,32.40398],[79.40616,32.38297],[79.41487,32.36553],[79.45369,32.38131],[79.47275,32.35017],[79.47761,32.32537],[79.47168,32.29799],[79.49071,32.3118],[79.49604,32.34312],[79.52945,32.3712],[79.55649,32.37075],[79.5795,32.35523],[79.5986,32.36063],[79.64498,32.34122],[79.65028,32.35401],[79.65899,32.35004],[79.66503,32.33507],[79.63631,32.30345],[79.65019,32.29953],[79.66683,32.26715],[79.71617,32.25842],[79.73423,32.22927],[79.75431,32.21632],[79.75383,32.20807],[79.77162,32.20187],[79.80173,32.1734],[79.8054,32.13448],[79.82113,32.09998],[79.81893,32.06544],[79.80858,32.05876],[79.83594,32.00846],[79.87154,32.00743],[79.88032,31.97982],[79.90399,31.96872],[79.91263,31.94541],[79.92977,31.94485],[79.93303,31.93402],[79.90207,31.90763],[79.91078,31.87219],[79.9266,31.86897],[79.93638,31.85358],[79.9316,31.84429],[79.93842,31.83039],[79.93407,31.82218],[79.90212,31.8156],[79.89266,31.79871],[79.90594,31.78806],[79.90919,31.77335],[79.9266,31.76811],[79.92881,31.73593],[79.94146,31.72334],[79.96294,31.71741],[79.98192,31.68592],[80.01083,31.6648],[80.04019,31.59968],[80.05013,31.5976],[80.05846,31.60555],[80.08409,31.59972],[80.09184,31.58737],[80.10565,31.58386],[80.10944,31.55887],[80.13007,31.53565],[80.13299,31.51939],[80.14548,31.51602],[80.15014,31.50016],[80.18065,31.47671],[80.20431,31.48462],[80.23038,31.47556],[80.28808,31.47355],[80.30494,31.46391],[80.30615,31.45667],[80.29081,31.45039],[80.29387,31.43968],[80.28109,31.40214],[80.26509,31.39495],[80.25248,31.39865],[80.23117,31.38559],[80.21758,31.38891],[80.20384,31.37298],[80.24332,31.34846],[80.23765,31.32327],[80.21373,31.30571],[80.21727,31.29461],[80.23401,31.29525],[80.24359,31.28744],[80.2234,31.25884],[80.2307,31.24095],[80.29159,31.23923],[80.31647,31.21821],[80.30807,31.20899],[80.34112,31.13333],[80.32957,31.09601],[80.34899,31.09663],[80.37445,31.08253],[80.41233,31.13616],[80.41361,31.16095],[80.42683,31.17317],[80.44565,31.1647],[80.46404,31.14175],[80.48152,31.14063],[80.50462,31.15687],[80.53497,31.15983],[80.53906,31.15054],[80.58537,31.12857],[80.59365,31.11265],[80.5863,31.0978],[80.61513,31.11744],[80.67299,31.12442],[80.68934,31.07323],[80.71259,31.05919],[80.73744,31.06558],[80.74438,31.04081],[80.70237,31.01048],[80.68893,30.98825],[80.69895,30.97569],[80.73381,30.97454],[80.74342,31.0114],[80.77203,31.01278],[80.78095,31.02572],[80.81111,31.02635],[80.83814,31.01443],[80.85665,31.04197],[80.86863,31.03752],[80.8804,31.04486],[80.87888,31.05583],[80.90029,31.04795],[80.91282,31.01692],[80.94054,30.99897],[80.9057,30.96755],[80.9104,30.95436],[80.90074,30.9361],[80.9188,30.93126],[80.89211,30.92219],[80.90297,30.88447],[80.92793,30.87452],[80.92033,30.86432],[80.92157,30.84565],[80.89041,30.79819],[80.87424,30.79053],[80.86039,30.77134],[80.81756,30.74757],[80.75759,30.73916],[80.7468,30.73072],[80.71729,30.73734],[80.70394,30.71986],[80.68087,30.72401],[80.67046,30.68978],[80.69566,30.68021],[80.57195,30.688],[80.57382,30.6689],[80.54201,30.60561],[80.55321,30.54413],[80.58734,30.51274],[80.60215,30.47296],[80.54378,30.45372],[80.50438,30.48931],[80.4644,30.49559],[80.42386,30.52015],[80.37132,30.52967],[80.35038,30.52491],[80.31047,30.57161],[80.25626,30.57107],[80.20666,30.58849],[80.16687,30.57859],[80.13895,30.56155],[80.09493,30.57726],[80.08185,30.59558],[80.04086,30.6081],[80.03401,30.64331],[80.0163,30.66596],[79.96681,30.69623],[79.96207,30.70686],[79.9762,30.70841],[79.95348,30.74934],[79.95996,30.76019],[79.95691,30.77885],[79.94244,30.79236],[79.89657,30.80797],[79.89466,30.81692],[79.91104,30.82529],[79.91123,30.83253],[79.89276,30.8548],[79.87201,30.86222],[79.82461,30.85594],[79.75361,30.94065],[79.71713,30.95152],[79.67385,30.98234],[79.66605,30.9831],[79.65938,30.96292],[79.61886,30.95033],[79.59887,30.93177],[79.5915,30.94343],[79.54802,30.96235],[79.50024,31.03202],[79.42563,31.02612],[79.42049,31.06514],[79.40107,31.07466],[79.36547,31.04173],[79.31446,31.02212],[79.31198,31.01089],[79.3274,30.97491],[79.31807,30.96368],[79.29257,30.97072],[79.25773,30.95493],[79.22499,30.95416],[79.21528,30.96083],[79.20138,31.00366],[79.18387,31.02041],[79.15532,31.00727],[79.09098,31.00042],[79.05881,31.03164],[79.00817,31.04915],[78.98992,31.09659],[78.97105,31.11692],[78.99275,31.15518],[78.99085,31.17365],[78.95982,31.19173],[78.94726,31.21629],[78.92841,31.22504],[78.91737,31.2536],[78.88958,31.27111],[78.87245,31.30937],[78.86179,31.31641],[78.85494,31.29643],[78.83285,31.29452],[78.81191,31.30613],[78.78964,31.30747],[78.77803,31.32041],[78.75233,31.37181],[78.76033,31.40093],[78.79098,31.44224],[78.75405,31.4805],[78.72302,31.48221],[78.72283,31.50258],[78.73977,31.53589],[78.77613,31.54922],[78.82334,31.58082],[78.84389,31.60972],[78.80411,31.64383],[78.79688,31.68057],[78.75709,31.67752],[78.7154,31.76223],[78.68742,31.79954],[78.65411,31.82524],[78.65849,31.84465],[78.67333,31.86217],[78.73787,31.88786],[78.74108,31.90569],[78.76699,31.94554],[78.74205,31.95449],[78.71807,31.97866],[78.6878,31.99427],[78.5963,32.03268],[78.60464,32.06164],[78.57353,32.07738],[78.52404,32.12045],[78.50762,32.14972],[78.46527,32.13568],[78.45147,32.1421],[78.44242,32.18898],[78.42862,32.19778],[78.42767,32.2142],[78.48264,32.24609],[78.49192,32.27845],[78.50929,32.30034],[78.50096,32.31485],[78.47788,32.32556],[78.48383,32.35007],[78.45837,32.37791],[78.46812,32.4374],[78.39412,32.53353],[78.41792,32.56398],[78.49715,32.58088],[78.515,32.60467],[78.56687,32.61348],[78.57901,32.63275],[78.62445,32.63061],[78.72701,32.70627],[78.74271,32.68962],[78.74057,32.65179],[78.77817,32.60729],[78.77483,32.58849],[78.75699,32.56541],[78.77769,32.50735],[78.78007,32.47856],[78.81505,32.42693],[78.83979,32.40956],[78.89428,32.38957],[78.90523,32.36863],[78.96281,32.33199],[78.97043,32.3308],[78.98113,32.35626],[79.00065,32.37148],[79.04919,32.38005],[79.09868,32.36934],[79.10296,32.39766],[79.12152,32.41812],[79.11724,32.44501],[79.12961,32.47071],[79.16748,32.48904]]]}},{"type":"Feature","id":"CTAMAP-2017-COUNTY-2682","properties":{"map_level":"county","source_name":"仲巴县","source_code":"540232","county_type":"县","prefecture_name":"日喀则市","prefecture_code":"540200","prefecture_type":"地级市","parent_entity_id":"CNUR-000283","parent_year_end_name":"日喀则市","province_name":"西藏自治区","province_code":"540000","snapshot_year":2017,"panel_year":2016,"link_status":"parent_linked","former_name":"","note":""},"geometry":{"type":"Polygon","coordinates":[[[84.66627,31.65141],[84.66263,31.64496],[84.64344,31.64886],[84.61447,31.64124],[84.61831,31.63281],[84.60009,31.61617],[84.60652,31.60207],[84.55744,31.56341],[84.55061,31.52404],[84.51795,31.48669],[84.5,31.47995],[84.46091,31.49778],[84.42442,31.50173],[84.40802,31.48853],[84.38013,31.49568],[84.35306,31.45831],[84.32959,31.44808],[84.28821,31.44478],[84.27512,31.42168],[84.23665,31.40878],[84.20566,31.41269],[84.20404,31.40746],[84.2049,31.36941],[84.30461,31.34924],[84.3453,31.31871],[84.40986,31.31329],[84.49465,31.32928],[84.49614,31.30474],[84.54563,31.28211],[84.59817,31.26943],[84.60847,31.25146],[84.60092,31.24033],[84.60781,31.2248],[84.59911,31.19251],[84.6212,31.16719],[84.61109,31.12088],[84.63181,31.10459],[84.61283,31.07252],[84.63545,31.05804],[84.66213,31.06843],[84.69532,31.02999],[84.69133,31.00054],[84.67886,30.99415],[84.68108,30.98016],[84.6874,30.97614],[84.69948,30.98355],[84.77546,30.92926],[84.75933,30.90285],[84.72539,30.90864],[84.65435,30.84801],[84.64213,30.81834],[84.60098,30.80276],[84.58909,30.78847],[84.59167,30.77421],[84.54946,30.74543],[84.55631,30.72889],[84.52322,30.69974],[84.51264,30.64076],[84.46863,30.62361],[84.4843,30.60974],[84.46507,30.60803],[84.46263,30.59204],[84.49286,30.58086],[84.5074,30.56519],[84.49151,30.55781],[84.5,30.55372],[84.49594,30.54346],[84.4655,30.52957],[84.46861,30.51651],[84.48368,30.50742],[84.46149,30.4815],[84.44916,30.47815],[84.44648,30.46751],[84.45148,30.44539],[84.47482,30.4232],[84.46222,30.41606],[84.46714,30.40823],[84.51448,30.41819],[84.53913,30.40715],[84.57446,30.40935],[84.59068,30.36466],[84.60194,30.36029],[84.59511,30.34805],[84.61852,30.33119],[84.61325,30.32184],[84.61955,30.30183],[84.64612,30.2654],[84.70754,30.25392],[84.70186,30.21217],[84.73184,30.19198],[84.73711,30.18259],[84.73172,30.17664],[84.74323,30.16825],[84.7377,30.13932],[84.72479,30.12829],[84.73802,30.11452],[84.73344,30.07183],[84.7452,30.03811],[84.72797,30.03081],[84.74177,30.00887],[84.73211,29.9995],[84.69324,29.99676],[84.7017,29.97289],[84.66226,29.9457],[84.63294,29.93582],[84.60598,29.9396],[84.55795,29.91942],[84.58312,29.88011],[84.58529,29.86132],[84.60233,29.84975],[84.60003,29.83976],[84.63841,29.82761],[84.63953,29.74763],[84.59758,29.72111],[84.56254,29.72552],[84.54281,29.70622],[84.51042,29.70113],[84.46478,29.67169],[84.42452,29.67933],[84.39302,29.67347],[84.4003,29.66507],[84.39127,29.64089],[84.3949,29.62828],[84.38339,29.60829],[84.40368,29.58814],[84.41182,29.51628],[84.4305,29.49874],[84.42638,29.48711],[84.43624,29.4785],[84.42679,29.46935],[84.42184,29.43395],[84.37955,29.41576],[84.34484,29.36548],[84.32358,29.3648],[84.29626,29.38106],[84.28565,29.37848],[84.27807,29.36191],[84.2283,29.35151],[84.22905,29.32572],[84.21292,29.31273],[84.2044,29.27739],[84.18156,29.26305],[84.18,29.24507],[84.12464,29.24483],[84.11708,29.2533],[84.11814,29.2825],[84.09817,29.29717],[84.06867,29.28885],[84.05369,29.2999],[84.01769,29.28991],[83.99528,29.30192],[84.0013,29.31855],[83.98032,29.32921],[83.94872,29.31645],[83.91293,29.32807],[83.84916,29.2997],[83.82023,29.30123],[83.80024,29.27838],[83.80215,29.26011],[83.79168,29.24983],[83.71725,29.24374],[83.66605,29.2047],[83.65633,29.1754],[83.64605,29.16741],[83.63216,29.1655],[83.61978,29.17864],[83.57886,29.18378],[83.57353,29.20833],[83.53831,29.2089],[83.52232,29.22508],[83.52232,29.24469],[83.51242,29.25973],[83.48863,29.28352],[83.46388,29.286],[83.44827,29.30541],[83.44454,29.34756],[83.41876,29.36415],[83.42494,29.39973],[83.41756,29.42264],[83.37761,29.42928],[83.34821,29.47119],[83.34067,29.49953],[83.27307,29.51145],[83.26093,29.55047],[83.28092,29.56023],[83.27021,29.57451],[83.22928,29.58664],[83.21477,29.6083],[83.20073,29.61186],[83.16813,29.59806],[83.15909,29.62138],[83.12887,29.63233],[83.08207,29.61294],[83.01812,29.67153],[82.95447,29.67064],[82.9454,29.71451],[82.8758,29.69384],[82.82851,29.69429],[82.82167,29.72358],[82.77096,29.7337],[82.75504,29.76805],[82.69452,29.7679],[82.7018,29.7917],[82.73229,29.81014],[82.72976,29.82828],[82.696,29.85475],[82.64157,29.83705],[82.6273,29.83914],[82.62477,29.84761],[82.64083,29.8781],[82.60811,29.89148],[82.55957,29.96006],[82.53167,29.96421],[82.50312,29.95097],[82.40389,30.02083],[82.37976,30.02882],[82.36934,30.02011],[82.35863,30.02283],[82.33508,30.04995],[82.30881,30.04067],[82.28425,30.06166],[82.24642,30.07451],[82.22643,30.06837],[82.17246,30.07337],[82.17218,30.08593],[82.18945,30.11063],[82.1802,30.11655],[82.18174,30.12662],[82.20245,30.14132],[82.2083,30.15631],[82.19002,30.16445],[82.18646,30.19101],[82.14662,30.20229],[82.17077,30.23109],[82.25019,30.28627],[82.26827,30.31494],[82.25782,30.32731],[82.27082,30.3394],[82.26594,30.35332],[82.28265,30.374],[82.27001,30.40394],[82.29587,30.40243],[82.31774,30.4367],[82.32672,30.42627],[82.3427,30.42472],[82.35548,30.4035],[82.41053,30.41214],[82.4097,30.36404],[82.42075,30.35751],[82.42661,30.38483],[82.45313,30.37423],[82.46883,30.38837],[82.46468,30.42839],[82.47862,30.40938],[82.49977,30.41092],[82.53947,30.39645],[82.58844,30.35643],[82.61135,30.36668],[82.63034,30.36279],[82.63396,30.37893],[82.64336,30.38035],[82.63218,30.39787],[82.66094,30.40362],[82.66307,30.42667],[82.63254,30.4683],[82.61041,30.53294],[82.63126,30.55619],[82.62977,30.57816],[82.64385,30.58655],[82.64932,30.60469],[82.63383,30.63583],[82.64146,30.656],[82.65447,30.66491],[82.64837,30.71159],[82.63571,30.72894],[82.63997,30.74362],[82.67145,30.75186],[82.66816,30.75929],[82.67521,30.76501],[82.70485,30.77781],[82.70014,30.79099],[82.70755,30.79885],[82.73787,30.77844],[82.769,30.79553],[82.81059,30.75851],[82.79993,30.74384],[82.81472,30.71442],[82.81524,30.69229],[82.85904,30.69357],[82.88042,30.67579],[82.88192,30.6614],[82.92691,30.64657],[82.94764,30.64835],[82.94506,30.62818],[82.92384,30.62012],[82.92782,30.60569],[82.91837,30.59427],[82.9494,30.53794],[83.002,30.54893],[83.01716,30.53842],[83.01257,30.52719],[83.05688,30.50194],[83.0706,30.51087],[83.11057,30.581],[83.11828,30.58163],[83.1236,30.60537],[83.14211,30.61098],[83.1411,30.62987],[83.18228,30.70824],[83.16098,30.72278],[83.15813,30.75418],[83.15103,30.75843],[83.1578,30.78903],[83.14481,30.80602],[83.09819,30.80779],[83.09133,30.81968],[83.07621,30.82334],[83.05571,30.81039],[83.03663,30.81021],[83.01105,30.83467],[83.01201,30.85573],[82.98197,30.8675],[82.97671,30.87169],[82.98603,30.87893],[82.98104,30.88671],[82.95678,30.89684],[82.94067,30.93698],[82.9029,30.92906],[82.89353,30.91692],[82.86812,30.94315],[82.85562,30.9701],[82.79879,31.0223],[82.78971,31.06025],[82.80445,31.11706],[82.81767,31.13024],[82.8243,31.15786],[82.85454,31.16557],[82.89788,31.16228],[82.9275,31.1829],[82.95539,31.18247],[82.96836,31.17136],[82.95745,31.206],[82.97581,31.22927],[82.96402,31.23779],[82.96912,31.25271],[82.99079,31.26154],[82.98109,31.26962],[82.97327,31.29832],[82.97955,31.33304],[82.96938,31.36776],[82.95477,31.38248],[82.9465,31.40663],[82.952,31.44772],[82.96489,31.47229],[82.9439,31.48556],[82.94344,31.49509],[82.8859,31.51136],[82.856,31.54021],[82.83492,31.53512],[82.82623,31.55273],[82.82877,31.56841],[82.84179,31.56986],[82.84874,31.58065],[82.88188,31.57098],[82.98431,31.5788],[82.94771,31.59577],[82.94812,31.6249],[82.91567,31.61614],[82.92841,31.64119],[82.95657,31.65073],[82.98645,31.6391],[83.00096,31.64282],[83.0201,31.6293],[83.01324,31.61571],[83.05046,31.60929],[83.04247,31.63113],[83.06798,31.65135],[83.09233,31.64724],[83.11361,31.65679],[83.13192,31.67972],[83.16789,31.69217],[83.19403,31.6885],[83.21539,31.65351],[83.26363,31.65251],[83.26445,31.68359],[83.25637,31.70071],[83.3042,31.73163],[83.31649,31.70162],[83.36128,31.66969],[83.35625,31.65621],[83.36271,31.63326],[83.38637,31.61131],[83.46265,31.5891],[83.4864,31.59849],[83.51457,31.58846],[83.60192,31.59128],[83.64713,31.57353],[83.69117,31.59452],[83.70966,31.59487],[83.76127,31.56722],[83.79414,31.58447],[83.82047,31.57345],[83.86438,31.59027],[83.96325,31.58917],[83.98622,31.59735],[83.98795,31.60995],[84.02899,31.63283],[84.03333,31.64673],[84.05864,31.64072],[84.06156,31.62916],[84.10624,31.61086],[84.11942,31.62016],[84.14232,31.62091],[84.15326,31.63113],[84.14845,31.65361],[84.16139,31.66942],[84.18606,31.66459],[84.21372,31.67673],[84.23943,31.66141],[84.28518,31.66588],[84.29929,31.61398],[84.32271,31.61588],[84.33013,31.63544],[84.34731,31.64502],[84.36995,31.64145],[84.38819,31.61761],[84.40069,31.62488],[84.38607,31.64173],[84.39347,31.67684],[84.36972,31.70772],[84.34776,31.76641],[84.34912,31.78537],[84.37754,31.80934],[84.41628,31.79603],[84.44281,31.77598],[84.4412,31.75154],[84.45597,31.74482],[84.46183,31.73182],[84.44951,31.71824],[84.46072,31.70114],[84.48507,31.69363],[84.53188,31.69917],[84.54324,31.68936],[84.58742,31.6881],[84.61628,31.67526],[84.62368,31.67871],[84.66627,31.65141]]]}},{"type":"Feature","id":"CTAMAP-2017-COUNTY-2717","properties":{"map_level":"county","source_name":"左贡县","source_code":"540327","county_type":"县","prefecture_name":"昌都市","prefecture_code":"540300","prefecture_type":"地级市","parent_entity_id":"CNUR-000284","parent_year_end_name":"昌都市","province_name":"西藏自治区","province_code":"540000","snapshot_year":2017,"panel_year":2016,"link_status":"parent_linked","former_name":"","note":""},"geometry":{"type":"Polygon","coordinates":[[[97.9852,30.12017],[97.99562,30.10069],[97.98808,30.08943],[97.99967,30.06673],[98.04427,30.02592],[98.04765,29.98625],[98.0744,29.95658],[98.07347,29.94545],[98.09831,29.924],[98.09878,29.89615],[98.11762,29.87483],[98.128,29.84369],[98.1433,29.82717],[98.20763,29.81394],[98.24385,29.77799],[98.23879,29.7658],[98.2535,29.75715],[98.26109,29.72423],[98.29317,29.7099],[98.29963,29.68971],[98.32696,29.66725],[98.28803,29.66352],[98.25466,29.64],[98.2384,29.64441],[98.23561,29.63395],[98.21616,29.64709],[98.18592,29.63292],[98.17827,29.65795],[98.15197,29.67118],[98.08146,29.73596],[98.01032,29.72623],[97.99966,29.70361],[98.00879,29.68838],[98.00094,29.67997],[98.00732,29.65332],[98.00007,29.64136],[98.0498,29.57124],[98.04655,29.54967],[98.07573,29.50432],[98.08107,29.44281],[98.09687,29.42975],[98.1018,29.39497],[98.11867,29.3747],[98.15045,29.35712],[98.15643,29.32419],[98.18498,29.32015],[98.20091,29.30516],[98.21815,29.30557],[98.22733,29.29374],[98.22315,29.28478],[98.2343,29.27819],[98.25189,29.28706],[98.25486,29.30246],[98.27385,29.32002],[98.3189,29.31058],[98.31258,29.28687],[98.3454,29.2766],[98.34622,29.26241],[98.37109,29.24002],[98.36988,29.22627],[98.39425,29.21557],[98.39086,29.19958],[98.41707,29.1555],[98.44285,29.1516],[98.45957,29.17983],[98.47691,29.16451],[98.50109,29.10175],[98.493,29.08588],[98.50044,29.05324],[98.47985,29.03633],[98.47775,29.02363],[98.48541,28.97378],[98.49492,28.9576],[98.51078,28.9624],[98.51767,28.95494],[98.52378,28.90989],[98.55302,28.8983],[98.54841,28.83186],[98.56362,28.80225],[98.56118,28.78322],[98.57931,28.73865],[98.57372,28.70367],[98.59264,28.69423],[98.61884,28.62755],[98.61888,28.59065],[98.63471,28.53882],[98.61875,28.50289],[98.63132,28.49104],[98.67479,28.47785],[98.68847,28.45263],[98.68437,28.43933],[98.63859,28.46469],[98.59548,28.4625],[98.54089,28.5094],[98.5385,28.53904],[98.55288,28.55286],[98.53632,28.56159],[98.5306,28.58138],[98.50239,28.59895],[98.49159,28.62947],[98.48015,28.63803],[98.47615,28.68691],[98.46509,28.70265],[98.47758,28.73684],[98.45385,28.78032],[98.44238,28.79127],[98.37357,28.76866],[98.3554,28.78986],[98.32551,28.79579],[98.3156,28.81165],[98.31897,28.82815],[98.30462,28.84266],[98.30681,28.87286],[98.2597,28.90023],[98.24136,28.92413],[98.23039,28.92437],[98.23494,28.91327],[98.21054,28.90017],[98.20321,28.86679],[98.16654,28.87266],[98.14517,28.86352],[98.14584,28.89795],[98.12169,28.91699],[98.08459,28.97037],[98.0872,28.9797],[98.09397,28.97273],[98.09988,28.97835],[98.09921,28.99278],[98.11603,29.0022],[98.11382,29.00809],[98.08122,29.03461],[98.04221,29.0333],[98.0335,29.06221],[98.0355,29.08722],[98.00637,29.10499],[97.98104,29.13545],[97.95413,29.14493],[97.9393,29.12749],[97.93954,29.11367],[97.90704,29.10343],[97.8437,29.10365],[97.81929,29.12883],[97.82388,29.14458],[97.79791,29.15458],[97.78842,29.17148],[97.79165,29.18114],[97.75361,29.21148],[97.7411,29.24091],[97.71574,29.24291],[97.71236,29.25823],[97.68546,29.26095],[97.6735,29.27509],[97.63761,29.27343],[97.60423,29.29367],[97.59545,29.28263],[97.56615,29.28819],[97.54635,29.28],[97.55213,29.25599],[97.57474,29.24855],[97.5931,29.22344],[97.61451,29.21029],[97.58416,29.18164],[97.55801,29.197],[97.53548,29.18711],[97.53134,29.16061],[97.523,29.15827],[97.51768,29.14028],[97.52616,29.12782],[97.54195,29.12458],[97.54615,29.1003],[97.51682,29.102],[97.48646,29.08442],[97.40919,29.0705],[97.39865,29.11932],[97.41729,29.18742],[97.39723,29.23396],[97.39765,29.28902],[97.36224,29.28556],[97.35842,29.30593],[97.33345,29.32306],[97.34473,29.3311],[97.34475,29.33972],[97.33377,29.34653],[97.33622,29.35677],[97.35886,29.36914],[97.31509,29.41749],[97.2803,29.4346],[97.29335,29.45343],[97.26408,29.45856],[97.23764,29.44985],[97.22438,29.46302],[97.20945,29.46416],[97.19209,29.44617],[97.15145,29.44867],[97.08642,29.50755],[97.08235,29.52669],[97.08841,29.54361],[97.07541,29.54939],[97.07114,29.56132],[97.08313,29.57331],[97.08553,29.61857],[97.09951,29.6212],[97.09018,29.65147],[97.09627,29.66031],[97.10878,29.65458],[97.16694,29.66136],[97.16689,29.68528],[97.18108,29.6905],[97.18608,29.70233],[97.17264,29.72329],[97.19403,29.75424],[97.19333,29.78591],[97.22827,29.80592],[97.23053,29.82059],[97.28585,29.80407],[97.31054,29.80768],[97.32444,29.8295],[97.3917,29.84814],[97.40421,29.865],[97.40492,29.87236],[97.3844,29.87331],[97.38097,29.8909],[97.34194,29.92656],[97.33607,29.96819],[97.29676,30.04468],[97.3178,30.07796],[97.36683,30.08347],[97.36385,30.10885],[97.38371,30.12263],[97.39266,30.14004],[97.34582,30.19015],[97.34183,30.21643],[97.32804,30.23113],[97.33438,30.24109],[97.32283,30.2606],[97.32578,30.27224],[97.34927,30.29142],[97.32741,30.32671],[97.34382,30.34179],[97.36417,30.33785],[97.40183,30.35522],[97.40803,30.37089],[97.41767,30.37464],[97.41527,30.39597],[97.43011,30.41068],[97.42009,30.42289],[97.42624,30.43236],[97.44414,30.43818],[97.475,30.42041],[97.49042,30.42305],[97.5055,30.40995],[97.50778,30.38824],[97.49908,30.37921],[97.50421,30.35204],[97.51749,30.33685],[97.5823,30.30197],[97.57559,30.29056],[97.56318,30.28883],[97.55956,30.27119],[97.5845,30.24638],[97.63035,30.25448],[97.66167,30.23549],[97.67614,30.24366],[97.72008,30.21295],[97.77832,30.19064],[97.79804,30.20317],[97.8668,30.18295],[97.90102,30.20788],[97.9326,30.21235],[97.94843,30.17437],[97.99133,30.12963],[97.9852,30.12017]]]}},{"type":"Feature","id":"CTAMAP-2017-COUNTY-2779","properties":{"map_level":"county","source_name":"城关区","source_code":"540102","county_type":"市辖区","prefecture_name":"拉萨市","prefecture_code":"540100","prefecture_type":"地级市","parent_entity_id":"CNUR-000282","parent_year_end_name":"拉萨市","province_name":"西藏自治区","province_code":"540000","snapshot_year":2017,"panel_year":2016,"link_status":"parent_linked","former_name":"","note":""},"geometry":{"type":"Polygon","coordinates":[[[91.19261,29.78718],[91.21211,29.73977],[91.24238,29.71362],[91.24896,29.6935],[91.27797,29.68158],[91.26758,29.6547],[91.26975,29.63632],[91.2808,29.61138],[91.27791,29.59946],[91.30195,29.5686],[91.27624,29.52681],[91.2285,29.52107],[91.2158,29.52963],[91.174,29.51317],[91.15552,29.56235],[91.11173,29.60633],[91.1058,29.647],[91.07155,29.6457],[91.05217,29.62983],[91.02119,29.632],[91.02904,29.65088],[91.02857,29.69396],[91.04241,29.70848],[91.02025,29.74188],[91.02789,29.76395],[91.01206,29.77619],[91.018,29.78354],[91.09883,29.77545],[91.15185,29.80289],[91.19261,29.78718]]]}},{"type":"Feature","id":"CTAMAP-2017-COUNTY-2819","properties":{"map_level":"county","source_name":"昂仁县","source_code":"540226","county_type":"县","prefecture_name":"日喀则市","prefecture_code":"540200","prefecture_type":"地级市","parent_entity_id":"CNUR-000283","parent_year_end_name":"日喀则市","province_name":"西藏自治区","province_code":"540000","snapshot_year":2017,"panel_year":2016,"link_status":"parent_linked","former_name":"","note":""},"geometry":{"type":"MultiPolygon","coordinates":[[[[86.28289,30.96112],[86.31356,30.95639],[86.31123,30.92839],[86.32582,30.92003],[86.31748,30.90959],[86.33305,30.89867],[86.32677,30.85542],[86.34447,30.81809],[86.33079,30.8061],[86.33896,30.78877],[86.35617,30.78748],[86.37492,30.74873],[86.39723,30.74511],[86.39362,30.72699],[86.40259,30.71331],[86.42646,30.70131],[86.41463,30.68518],[86.40161,30.68421],[86.40479,30.66773],[86.39865,30.66202],[86.40401,30.63272],[86.43251,30.61147],[86.41384,30.60566],[86.4102,30.58744],[86.43671,30.57859],[86.4422,30.5698],[86.43471,30.54102],[86.4188,30.51993],[86.43529,30.50637],[86.43471,30.48674],[86.42415,30.47752],[86.46047,30.46805],[86.52496,30.48851],[86.52724,30.46341],[86.55946,30.41257],[86.57914,30.39571],[86.60401,30.40966],[86.58514,30.42424],[86.57517,30.42048],[86.56895,30.43762],[86.53678,30.45943],[86.63503,30.43056],[86.63801,30.45059],[86.65413,30.4671],[86.69252,30.45377],[86.71661,30.45477],[86.69175,30.47685],[86.67534,30.5241],[86.68453,30.54136],[86.70904,30.55142],[86.72507,30.55309],[86.73687,30.54235],[86.73719,30.52455],[86.77498,30.52307],[86.78447,30.54888],[86.80704,30.53571],[86.85466,30.56978],[86.87475,30.54722],[86.91183,30.53968],[86.92387,30.51337],[86.94188,30.5153],[86.94024,30.56572],[86.92514,30.61558],[86.89794,30.59534],[86.89343,30.58362],[86.8491,30.58777],[86.85137,30.59869],[86.86844,30.60384],[86.87812,30.61749],[86.87792,30.65314],[86.8925,30.65421],[86.90146,30.66648],[86.89489,30.72968],[86.85703,30.72621],[86.85581,30.68126],[86.86576,30.65085],[86.81434,30.65077],[86.78688,30.66142],[86.76477,30.68262],[86.80228,30.69412],[86.80564,30.70642],[86.79167,30.72167],[86.79388,30.74747],[86.78144,30.75704],[86.78519,30.76445],[86.77661,30.77706],[86.76295,30.77769],[86.74927,30.79231],[86.73033,30.83477],[86.8149,30.89638],[86.86476,30.90229],[86.91388,30.93332],[86.97641,30.92271],[86.9684,30.9161],[86.95716,30.91987],[86.93803,30.89705],[86.93962,30.83233],[86.92432,30.80801],[86.9075,30.78886],[86.86362,30.76776],[86.86285,30.75554],[86.8839,30.74422],[86.88915,30.75689],[86.92378,30.75663],[86.95217,30.76838],[86.97294,30.7951],[87.00793,30.8129],[87.0228,30.85737],[87.01555,30.86442],[87.02408,30.88359],[87.01927,30.90491],[87.04293,30.90704],[87.07266,30.94457],[87.09206,30.93603],[87.1077,30.92057],[87.10743,30.90928],[87.12626,30.89467],[87.129,30.85061],[87.11127,30.84072],[87.09682,30.79002],[87.11625,30.75752],[87.1629,30.72423],[87.17015,30.64089],[87.1555,30.61685],[87.1555,30.59098],[87.18183,30.55425],[87.21075,30.56842],[87.22136,30.55723],[87.23884,30.56001],[87.24117,30.54936],[87.29521,30.5403],[87.33341,30.54716],[87.36464,30.53084],[87.38187,30.55921],[87.4139,30.54237],[87.43996,30.55671],[87.44955,30.54647],[87.46951,30.55446],[87.48424,30.53642],[87.5014,30.53332],[87.48371,30.50709],[87.53029,30.48502],[87.52285,30.45044],[87.50387,30.42931],[87.48625,30.42825],[87.47001,30.39412],[87.44847,30.40494],[87.41444,30.37181],[87.42109,30.35817],[87.41399,30.35023],[87.42013,30.33947],[87.41367,30.32725],[87.38784,30.33489],[87.37912,30.34655],[87.35525,30.34091],[87.30076,30.34891],[87.29452,30.3455],[87.29896,30.32321],[87.2925,30.3193],[87.27778,30.32711],[87.26588,30.32023],[87.24269,30.33318],[87.2049,30.32419],[87.17508,30.33166],[87.14756,30.32644],[87.12946,30.31156],[87.13293,30.27876],[87.15913,30.27766],[87.17707,30.2461],[87.17692,30.22175],[87.18687,30.22008],[87.19707,30.20385],[87.19207,30.19166],[87.20034,30.16693],[87.24566,30.15567],[87.23999,30.14721],[87.24559,30.11379],[87.23301,30.09354],[87.24041,30.08381],[87.23317,30.04531],[87.23976,30.02844],[87.261,30.01157],[87.25901,30.00244],[87.23226,29.9932],[87.23108,29.97657],[87.20344,29.97844],[87.18176,29.96382],[87.18562,29.95094],[87.17063,29.93823],[87.15638,29.93933],[87.14694,29.92669],[87.12139,29.94588],[87.11837,29.91116],[87.10651,29.90119],[87.11237,29.87021],[87.10489,29.85252],[87.082,29.84307],[87.08732,29.82979],[87.12236,29.8161],[87.11643,29.80217],[87.09209,29.78747],[87.09391,29.77084],[87.10686,29.75927],[87.10359,29.74031],[87.11649,29.72347],[87.10713,29.7039],[87.11031,29.68169],[87.13889,29.67532],[87.14605,29.68346],[87.18198,29.66044],[87.19979,29.6612],[87.20368,29.64058],[87.22007,29.63666],[87.24482,29.61312],[87.25067,29.61325],[87.25539,29.64324],[87.30039,29.66021],[87.31154,29.65713],[87.3152,29.63141],[87.33457,29.61883],[87.3328,29.59081],[87.30691,29.55898],[87.32162,29.5481],[87.35563,29.56977],[87.35294,29.59288],[87.36061,29.60909],[87.34911,29.63775],[87.36128,29.64693],[87.36384,29.67296],[87.40083,29.6819],[87.42199,29.66329],[87.4416,29.66969],[87.44426,29.68638],[87.43812,29.68943],[87.45568,29.71204],[87.49066,29.72882],[87.51289,29.74987],[87.53655,29.74894],[87.54436,29.75668],[87.54279,29.77842],[87.52286,29.79245],[87.53045,29.80396],[87.52883,29.8218],[87.54971,29.84306],[87.55629,29.88379],[87.5716,29.88358],[87.58903,29.90474],[87.62365,29.88977],[87.60277,29.87106],[87.60046,29.85779],[87.61124,29.84942],[87.62117,29.84724],[87.63549,29.85868],[87.65466,29.84333],[87.66606,29.84485],[87.72047,29.82159],[87.73046,29.80153],[87.76515,29.7956],[87.76699,29.78842],[87.80949,29.7743],[87.80499,29.74225],[87.81269,29.72619],[87.77115,29.72259],[87.74047,29.70777],[87.7515,29.67926],[87.74164,29.67101],[87.74346,29.6462],[87.75119,29.62164],[87.77188,29.61985],[87.79282,29.63129],[87.81875,29.62707],[87.82821,29.61257],[87.82883,29.59196],[87.80343,29.58668],[87.80832,29.56337],[87.80005,29.55466],[87.78492,29.55637],[87.76767,29.54235],[87.75043,29.53997],[87.75155,29.52428],[87.73293,29.50212],[87.73848,29.49547],[87.73326,29.47723],[87.7369,29.44498],[87.75394,29.41758],[87.76479,29.41621],[87.79434,29.43397],[87.83338,29.435],[87.83264,29.39682],[87.80316,29.39919],[87.76501,29.38447],[87.74121,29.38426],[87.72832,29.36345],[87.65841,29.34242],[87.65475,29.32745],[87.6443,29.32795],[87.61482,29.30686],[87.58846,29.31843],[87.56341,29.31057],[87.53135,29.31947],[87.5177,29.31376],[87.4879,29.26018],[87.53501,29.22711],[87.51927,29.2106],[87.51651,29.17215],[87.49559,29.17505],[87.47807,29.16121],[87.50281,29.11509],[87.47727,29.10951],[87.47475,29.07756],[87.45771,29.04825],[87.43277,29.06349],[87.41265,29.02217],[87.34545,28.99551],[87.32055,29.01119],[87.30982,29.0054],[87.24486,29.00752],[87.23408,29.02212],[87.21801,28.99478],[87.19671,28.97663],[87.17239,28.96926],[87.16718,28.97719],[87.11889,28.99172],[87.12535,29.0084],[87.10532,29.01856],[87.1106,29.03738],[87.07963,29.05019],[87.0825,29.05926],[87.0708,29.07541],[87.06644,29.10211],[87.07694,29.12568],[87.04881,29.12282],[87.00743,29.13472],[86.98768,29.12131],[86.96648,29.1221],[86.95319,29.1128],[86.91626,29.12271],[86.87533,29.11628],[86.87029,29.10485],[86.86157,29.10373],[86.79998,29.11314],[86.75147,29.1102],[86.72232,29.09972],[86.70052,29.10477],[86.67478,29.08947],[86.6716,29.07323],[86.6448,29.06343],[86.63762,29.05198],[86.60213,29.05276],[86.58259,29.04425],[86.54707,29.07474],[86.5371,29.07175],[86.52031,29.08338],[86.49976,29.07963],[86.47625,29.08646],[86.45834,29.0797],[86.4389,29.08569],[86.42634,29.09715],[86.41559,29.12947],[86.3858,29.12506],[86.36434,29.16165],[86.33637,29.16519],[86.29509,29.19494],[86.29761,29.2058],[86.31856,29.21313],[86.31102,29.24014],[86.33918,29.24366],[86.34797,29.26946],[86.35629,29.27163],[86.3548,29.29235],[86.37583,29.31056],[86.37591,29.32017],[86.35791,29.34045],[86.3502,29.37887],[86.32338,29.38606],[86.29026,29.37887],[86.28155,29.38337],[86.2845,29.39181],[86.26503,29.40437],[86.22991,29.38479],[86.19474,29.38595],[86.19001,29.37622],[86.1711,29.40143],[86.13818,29.38723],[86.12243,29.40628],[86.10517,29.39892],[86.08852,29.40571],[86.06849,29.39988],[86.0379,29.40455],[86.00456,29.39606],[85.992,29.40035],[85.97977,29.36435],[85.95536,29.34951],[85.93954,29.35267],[85.93093,29.34474],[85.9227,29.35243],[85.91535,29.38151],[85.89431,29.40121],[85.89569,29.4176],[85.88614,29.43552],[85.89992,29.45772],[85.89927,29.50874],[85.91816,29.52601],[85.91273,29.53845],[85.92092,29.56006],[85.91252,29.57915],[85.93912,29.62205],[85.92991,29.6391],[85.9451,29.66667],[85.94549,29.68568],[85.92707,29.67674],[85.92224,29.68891],[85.91676,29.68712],[85.89746,29.65275],[85.87931,29.64703],[85.87654,29.60762],[85.89282,29.59821],[85.88716,29.58019],[85.89659,29.57954],[85.90064,29.56914],[85.87507,29.53973],[85.87171,29.52137],[85.80851,29.4828],[85.79403,29.484],[85.77075,29.5141],[85.76175,29.54042],[85.73739,29.54776],[85.69749,29.5891],[85.66693,29.59185],[85.67228,29.61577],[85.69826,29.63813],[85.69167,29.68818],[85.6713,29.69264],[85.64802,29.71613],[85.63666,29.74521],[85.60403,29.75451],[85.60295,29.76689],[85.59106,29.77692],[85.55959,29.77851],[85.5508,29.77277],[85.55466,29.76033],[85.53699,29.74873],[85.524,29.7537],[85.51943,29.76921],[85.52697,29.77752],[85.49843,29.79071],[85.49924,29.82589],[85.50867,29.8306],[85.52617,29.81746],[85.54113,29.78194],[85.55761,29.78907],[85.58925,29.78393],[85.60278,29.80361],[85.60017,29.81252],[85.53967,29.84291],[85.53598,29.85634],[85.54292,29.87373],[85.6151,29.89846],[85.69514,29.90315],[85.68988,29.94272],[85.66533,29.97255],[85.70397,30.00455],[85.78257,30.01628],[85.78837,30.04645],[85.80052,30.05566],[85.79058,30.06938],[85.77345,30.06909],[85.76835,30.08142],[85.77317,30.14892],[85.78411,30.15184],[85.80206,30.12065],[85.83751,30.11108],[85.84648,30.11874],[85.85315,30.1409],[85.82048,30.22963],[85.80334,30.23165],[85.78065,30.25192],[85.76174,30.25718],[85.76315,30.26947],[85.79759,30.26574],[85.82157,30.28169],[85.83054,30.30503],[85.86554,30.32372],[85.8579,30.35077],[85.86643,30.36617],[85.88883,30.34242],[85.9281,30.33054],[85.93293,30.33834],[85.93269,30.34663],[85.91953,30.3536],[85.92198,30.36442],[85.90279,30.372],[85.88259,30.39861],[85.88126,30.42677],[85.89664,30.50026],[85.86809,30.57705],[85.86772,30.59636],[85.79161,30.59419],[85.76843,30.61034],[85.75098,30.60676],[85.72947,30.62449],[85.7132,30.62406],[85.70855,30.64338],[85.72656,30.67333],[85.73377,30.67991],[85.76903,30.68175],[85.80682,30.66101],[85.83898,30.67141],[85.84746,30.68664],[85.82501,30.69212],[85.79083,30.73606],[85.8188,30.78508],[85.85901,30.75388],[85.9079,30.77203],[85.94385,30.77083],[85.94311,30.74831],[85.9571,30.74459],[85.9777,30.75558],[85.98942,30.74869],[86.02613,30.78372],[86.0195,30.81928],[86.02678,30.83161],[86.03869,30.83937],[86.06087,30.832],[86.07498,30.84452],[86.07509,30.86478],[86.08554,30.87643],[86.06508,30.90026],[86.09955,30.90798],[86.12107,30.9697],[86.17584,31.00014],[86.19145,31.00676],[86.28289,30.96112]]],[[[85.89363,30.92513],[85.92862,30.93082],[85.93795,30.91293],[85.93329,30.90464],[85.9484,30.89601],[85.94187,30.86764],[85.92082,30.86883],[85.91328,30.88725],[85.86299,30.87085],[85.88831,30.84884],[85.91017,30.81456],[85.90037,30.78657],[85.82474,30.80006],[85.82429,30.83592],[85.80579,30.87108],[85.77063,30.9099],[85.75791,30.95462],[85.84289,30.94545],[85.89363,30.92513]]]]}},{"type":"Feature","id":"CTAMAP-2017-COUNTY-2820","properties":{"map_level":"county","source_name":"措勤县","source_code":"542527","county_type":"县","prefecture_name":"阿里地区","prefecture_code":"542500","prefecture_type":"地区","parent_entity_id":"CNUR-000288","parent_year_end_name":"阿里地区","province_name":"西藏自治区","province_code":"540000","snapshot_year":2017,"panel_year":2016,"link_status":"parent_linked","former_name":"","note":""},"geometry":{"type":"Polygon","coordinates":[[[85.20945,31.67411],[85.2866,31.64295],[85.28429,31.61367],[85.30482,31.60808],[85.30296,31.59219],[85.31523,31.57385],[85.36239,31.55988],[85.38714,31.59282],[85.40346,31.59543],[85.40784,31.58584],[85.44659,31.57904],[85.43838,31.56737],[85.44076,31.54304],[85.47313,31.52486],[85.47443,31.50595],[85.49788,31.51328],[85.55949,31.49543],[85.54406,31.46066],[85.5709,31.44436],[85.58284,31.42255],[85.58848,31.37911],[85.60943,31.36067],[85.63999,31.35818],[85.72663,31.32093],[85.76481,31.31638],[85.78564,31.29254],[85.86331,31.28378],[85.86773,31.25463],[85.90585,31.24167],[85.92604,31.24751],[85.95407,31.24017],[85.97352,31.21636],[86.04441,31.2188],[86.0825,31.20631],[86.13844,31.21412],[86.14029,31.19074],[86.16047,31.18942],[86.17349,31.17365],[86.16549,31.14707],[86.17147,31.11488],[86.20062,31.06428],[86.18198,31.03861],[86.19145,31.00676],[86.12107,30.9697],[86.0969,31.06161],[86.07092,31.06993],[86.05218,31.05873],[86.03894,31.06799],[85.98247,31.07081],[85.95812,31.08101],[85.9368,31.07607],[85.91842,31.08392],[85.90263,31.07481],[85.85524,31.07298],[85.84564,31.06265],[85.84432,31.04364],[85.82581,31.04484],[85.82134,31.03554],[85.80671,31.03534],[85.76951,31.01144],[85.75797,30.96057],[85.76221,30.92894],[85.80579,30.87108],[85.82776,30.82182],[85.81679,30.77959],[85.79083,30.73606],[85.82487,30.69225],[85.84757,30.68624],[85.83472,30.66672],[85.80682,30.66101],[85.77007,30.68151],[85.73377,30.67991],[85.70845,30.64073],[85.7132,30.62406],[85.72947,30.62449],[85.75098,30.60676],[85.76843,30.61034],[85.79161,30.59419],[85.86767,30.59644],[85.86809,30.57705],[85.89664,30.50026],[85.88126,30.42677],[85.88259,30.39861],[85.90279,30.372],[85.92198,30.36442],[85.91953,30.3536],[85.93269,30.34663],[85.93293,30.33834],[85.9281,30.33054],[85.88883,30.34242],[85.86643,30.36617],[85.8579,30.35077],[85.86554,30.32372],[85.83054,30.30503],[85.82157,30.28169],[85.79759,30.26574],[85.76315,30.26947],[85.76174,30.25718],[85.78065,30.25192],[85.80334,30.23165],[85.82048,30.22963],[85.85315,30.1409],[85.84648,30.11874],[85.83751,30.11108],[85.80206,30.12065],[85.78411,30.15184],[85.77238,30.14804],[85.76835,30.08142],[85.77345,30.06909],[85.79058,30.06938],[85.80049,30.05509],[85.78837,30.04645],[85.78238,30.01611],[85.70397,30.00455],[85.66533,29.97255],[85.68988,29.94272],[85.69514,29.90315],[85.6151,29.89846],[85.54292,29.87373],[85.53598,29.85634],[85.53967,29.84291],[85.60017,29.81252],[85.60278,29.80361],[85.58925,29.78393],[85.55761,29.78907],[85.54157,29.78172],[85.52617,29.81746],[85.50964,29.83034],[85.46609,29.8239],[85.43893,29.86303],[85.42926,29.86345],[85.42894,29.84988],[85.41555,29.84751],[85.41602,29.83785],[85.38765,29.80188],[85.39624,29.7898],[85.38848,29.76724],[85.39873,29.76475],[85.4017,29.75283],[85.39599,29.72239],[85.36726,29.70609],[85.35259,29.71423],[85.32897,29.6831],[85.32242,29.68859],[85.30268,29.67902],[85.28906,29.68886],[85.2901,29.69828],[85.25696,29.71455],[85.18055,29.69281],[85.16559,29.69576],[85.15842,29.72215],[85.11399,29.74322],[85.09827,29.77276],[85.07846,29.76504],[85.05738,29.7746],[85.04842,29.79587],[85.02689,29.80186],[84.96043,29.85773],[84.94552,29.8608],[84.93935,29.8798],[84.91492,29.90134],[84.91009,29.92113],[84.87552,29.92805],[84.87255,29.94318],[84.85796,29.94876],[84.85504,29.95756],[84.86772,29.97735],[84.86366,29.98473],[84.85111,29.98768],[84.84231,29.98042],[84.82375,29.98669],[84.8015,29.97798],[84.79121,29.982],[84.78966,29.99689],[84.75957,29.98679],[84.75094,29.99959],[84.73211,29.9995],[84.74216,30.01447],[84.72797,30.03081],[84.74522,30.03845],[84.73344,30.07183],[84.73793,30.115],[84.72479,30.12829],[84.7377,30.13932],[84.74323,30.16825],[84.73172,30.17664],[84.73711,30.18259],[84.73184,30.19198],[84.70186,30.21217],[84.70754,30.25392],[84.64612,30.2654],[84.61955,30.30183],[84.61325,30.32184],[84.61852,30.33119],[84.59511,30.34805],[84.60194,30.36029],[84.59068,30.36466],[84.57446,30.40935],[84.53913,30.40715],[84.51448,30.41819],[84.46714,30.40823],[84.46222,30.41606],[84.47482,30.4232],[84.45148,30.44539],[84.44648,30.46751],[84.44916,30.47815],[84.46149,30.4815],[84.48368,30.50742],[84.46861,30.51651],[84.4655,30.52957],[84.49594,30.54346],[84.5,30.55372],[84.49151,30.55781],[84.5074,30.56519],[84.49286,30.58086],[84.46263,30.59204],[84.46507,30.60803],[84.4843,30.60974],[84.46863,30.62361],[84.51264,30.64076],[84.52322,30.69974],[84.55631,30.72889],[84.54946,30.74543],[84.59167,30.77421],[84.58909,30.78847],[84.60098,30.80276],[84.64213,30.81834],[84.65435,30.84801],[84.71044,30.89647],[84.72996,30.91131],[84.75958,30.90296],[84.77546,30.9295],[84.69948,30.98355],[84.6874,30.97614],[84.68108,30.98016],[84.67886,30.99415],[84.69133,31.00054],[84.69532,31.02999],[84.66213,31.06843],[84.63545,31.05804],[84.61283,31.07252],[84.63181,31.10459],[84.61109,31.12088],[84.6212,31.16719],[84.59924,31.19196],[84.60781,31.2248],[84.60092,31.24033],[84.60847,31.25157],[84.59512,31.27191],[84.54563,31.28211],[84.49614,31.30474],[84.49465,31.32928],[84.40986,31.31329],[84.34553,31.31866],[84.30461,31.34924],[84.2049,31.36941],[84.20544,31.41266],[84.23908,31.40948],[84.27899,31.42315],[84.28821,31.44478],[84.32959,31.44808],[84.35306,31.45831],[84.37959,31.49552],[84.40802,31.48853],[84.42442,31.50173],[84.46091,31.49778],[84.5,31.47995],[84.51838,31.48692],[84.55061,31.52404],[84.55744,31.56341],[84.60652,31.60207],[84.60009,31.61617],[84.61105,31.62086],[84.6186,31.6442],[84.68821,31.65313],[84.69452,31.64033],[84.72781,31.62322],[84.72803,31.59817],[84.82269,31.58447],[84.83748,31.57315],[84.86433,31.58274],[84.87538,31.57419],[84.91922,31.57016],[84.92949,31.55872],[84.94977,31.57446],[84.93231,31.5861],[84.92797,31.62205],[84.95459,31.63558],[84.9804,31.63923],[85.0149,31.62436],[85.06185,31.62695],[85.10813,31.66544],[85.14987,31.65839],[85.18342,31.67543],[85.20945,31.67411]]]}},{"type":"Feature","id":"CTAMAP-2017-COUNTY-2821","properties":{"map_level":"county","source_name":"改则县","source_code":"542526","county_type":"县","prefecture_name":"阿里地区","prefecture_code":"542500","prefecture_type":"地区","parent_entity_id":"CNUR-000288","parent_year_end_name":"阿里地区","province_name":"西藏自治区","province_code":"540000","snapshot_year":2017,"panel_year":2016,"link_status":"parent_linked","former_name":"","note":""},"geometry":{"type":"Polygon","coordinates":[[[86.06752,35.84277],[86.08836,35.82319],[86.10124,35.82218],[86.10767,35.81444],[86.09907,35.80897],[86.10244,35.79482],[86.14194,35.76481],[86.17492,35.76645],[86.20202,35.7387],[86.1962,35.72361],[86.23911,35.7226],[86.28034,35.67694],[86.28613,35.64819],[86.31445,35.63713],[86.30738,35.61291],[86.28152,35.58899],[86.29147,35.55684],[86.27341,35.54688],[86.30406,35.53732],[86.30352,35.53066],[86.26845,35.51899],[86.2497,35.48379],[86.25515,35.42848],[86.2748,35.38874],[86.29352,35.376],[86.23807,35.37089],[86.2404,35.34296],[86.17574,35.32297],[86.19774,35.30188],[86.20563,35.28102],[86.19647,35.22723],[86.23168,35.15354],[86.21155,35.13438],[86.21317,35.1048],[86.16916,35.04784],[86.14818,35.00966],[86.14111,34.97423],[86.10883,34.93276],[86.14268,34.92481],[86.13557,34.87744],[86.1049,34.80962],[86.04049,34.74482],[86.04449,34.73626],[86.03107,34.71493],[86.03291,34.69333],[86.0544,34.65527],[86.03007,34.63766],[86.02207,34.61473],[85.94919,34.56672],[85.94108,34.52848],[85.95317,34.50849],[86.0623,34.48037],[86.10637,34.45061],[86.13222,34.41636],[86.16266,34.40192],[86.16605,34.35673],[86.14053,34.33013],[86.12516,34.29204],[86.12847,34.21189],[86.19093,34.1407],[86.19882,34.1161],[86.19049,34.03213],[86.23189,34.00445],[86.22554,33.9639],[86.24299,33.94893],[86.27153,33.89812],[86.27042,33.85172],[86.21015,33.78516],[86.20846,33.74955],[86.17562,33.70911],[86.17246,33.68767],[86.18518,33.65499],[86.20011,33.64125],[86.21031,33.63409],[86.24732,33.63336],[86.26568,33.59308],[86.27525,33.52179],[86.26382,33.49634],[86.2936,33.46097],[86.29975,33.44281],[86.32649,33.42554],[86.29302,33.41559],[86.2511,33.38881],[86.25414,33.37201],[86.24288,33.35991],[86.24202,33.32558],[86.22866,33.3257],[86.20319,33.30511],[86.17208,33.29867],[86.12506,33.2717],[86.07351,33.25285],[86.03224,33.2471],[86.03338,33.22123],[86.01839,33.21743],[86.02129,33.16246],[86.06418,33.15489],[86.11072,33.16905],[86.16559,33.16494],[86.17316,33.15521],[86.1679,33.1403],[86.13616,33.11913],[86.10938,33.06997],[86.13108,33.05458],[86.12912,33.02819],[86.08731,33.01387],[86.06748,32.98771],[86.08142,32.96174],[86.05126,32.91152],[86.10691,32.86302],[86.06146,32.80164],[86.02123,32.79949],[85.96404,32.78005],[85.96725,32.76047],[85.94224,32.74646],[85.9241,32.72172],[85.87798,32.69624],[85.72643,32.68402],[85.64913,32.6527],[85.62501,32.65414],[85.62301,32.64496],[85.59331,32.64591],[85.54725,32.61247],[85.49386,32.58754],[85.44793,32.58132],[85.39847,32.59088],[85.35528,32.54856],[85.35314,32.53566],[85.33094,32.51046],[85.25587,32.49226],[85.24169,32.4659],[85.2387,32.43239],[85.2168,32.42527],[85.22575,32.38484],[85.20997,32.33337],[85.17663,32.28074],[85.17403,32.24101],[85.15441,32.22922],[85.04931,32.09674],[85.07828,32.04627],[85.10814,32.03919],[85.13545,32.00919],[85.16,31.95133],[85.14067,31.91437],[85.15763,31.90008],[85.15878,31.88191],[85.17329,31.8701],[85.14619,31.85672],[85.12861,31.82994],[85.13638,31.79421],[85.13158,31.79018],[85.14458,31.75992],[85.11646,31.68966],[85.14054,31.66194],[85.10768,31.66525],[85.06185,31.62695],[85.0149,31.62436],[84.9804,31.63923],[84.95459,31.63558],[84.92797,31.62205],[84.93231,31.5861],[84.94977,31.57446],[84.92967,31.55877],[84.91922,31.57016],[84.87538,31.57419],[84.86433,31.58274],[84.83748,31.57315],[84.82269,31.58447],[84.72803,31.59817],[84.72759,31.62339],[84.69452,31.64033],[84.68903,31.65283],[84.6572,31.65301],[84.62368,31.67871],[84.54324,31.68936],[84.53213,31.69914],[84.48507,31.69363],[84.46072,31.70114],[84.44951,31.71824],[84.46183,31.73182],[84.45597,31.74482],[84.4412,31.75154],[84.44281,31.77598],[84.41628,31.79603],[84.37754,31.80934],[84.34912,31.78537],[84.34816,31.76056],[84.36984,31.7075],[84.39339,31.67707],[84.38607,31.64173],[84.40069,31.62488],[84.39359,31.61912],[84.38286,31.6209],[84.36857,31.64226],[84.34731,31.64502],[84.33013,31.63544],[84.32271,31.61588],[84.29929,31.61398],[84.28518,31.66588],[84.23943,31.66141],[84.21281,31.67668],[84.18606,31.66459],[84.16139,31.66942],[84.14845,31.65361],[84.15326,31.63113],[84.14232,31.62091],[84.11942,31.62016],[84.10624,31.61086],[84.06156,31.62916],[84.05864,31.64072],[84.0336,31.64681],[84.02899,31.63283],[83.99489,31.61534],[83.97556,31.59186],[83.89473,31.58533],[83.86438,31.59027],[83.82047,31.57345],[83.79414,31.58447],[83.76098,31.56722],[83.70966,31.59487],[83.69117,31.59452],[83.64713,31.57353],[83.61723,31.58977],[83.51457,31.58846],[83.4864,31.59849],[83.46265,31.5891],[83.39558,31.60683],[83.36271,31.63326],[83.35625,31.65621],[83.36149,31.66934],[83.31649,31.70162],[83.3042,31.73163],[83.25637,31.70071],[83.26492,31.65283],[83.21539,31.65351],[83.19403,31.6885],[83.16739,31.69213],[83.13192,31.67972],[83.11361,31.65679],[83.09233,31.64724],[83.06798,31.65135],[83.04247,31.63113],[83.05046,31.60929],[83.01324,31.61571],[83.0201,31.6293],[83.00096,31.64282],[82.98645,31.6391],[82.95657,31.65073],[82.92841,31.64119],[82.91567,31.61614],[82.94848,31.62468],[82.94589,31.59868],[82.98431,31.5788],[82.97246,31.57394],[82.94339,31.57996],[82.88188,31.57098],[82.85156,31.58098],[82.84179,31.56986],[82.82877,31.56841],[82.82623,31.55273],[82.83492,31.53512],[82.856,31.54021],[82.89071,31.50853],[82.94344,31.49509],[82.9439,31.48556],[82.95492,31.48177],[82.9502,31.47982],[82.85906,31.50351],[82.8386,31.51764],[82.79677,31.52222],[82.79416,31.5387],[82.77797,31.55747],[82.73949,31.54895],[82.74631,31.54425],[82.72472,31.51707],[82.6991,31.52075],[82.70795,31.56223],[82.6882,31.57868],[82.69308,31.60681],[82.67914,31.65045],[82.65786,31.64049],[82.61554,31.65538],[82.52911,31.64656],[82.50709,31.68359],[82.52848,31.7174],[82.52107,31.73267],[82.56022,31.76181],[82.56953,31.79603],[82.55038,31.81508],[82.55291,31.82238],[82.53955,31.84228],[82.54756,31.86546],[82.5313,31.87886],[82.51937,31.9046],[82.54614,31.899],[82.56222,31.88426],[82.56779,31.86044],[82.61218,31.87452],[82.76387,31.87318],[82.83069,31.89268],[82.84554,31.88419],[82.83417,31.91266],[82.85896,31.9331],[82.88412,31.94306],[82.9098,31.93923],[82.93016,31.92158],[82.97383,31.91649],[83.00423,31.92773],[83.05827,31.99239],[83.04476,32.01459],[83.06287,32.02983],[83.06194,32.03705],[83.02719,32.06354],[83.06585,32.07987],[83.05694,32.09003],[83.05661,32.11871],[83.03112,32.13055],[83.05315,32.16067],[83.0306,32.19254],[83.06086,32.20387],[83.04896,32.23058],[83.03883,32.23243],[83.02284,32.28132],[83.03051,32.29243],[83.05712,32.30289],[83.05754,32.33368],[83.03926,32.34746],[83.03951,32.37889],[83.02672,32.38622],[83.05122,32.43917],[83.05191,32.46641],[83.06843,32.48769],[83.0663,32.53026],[83.06169,32.5519],[83.04385,32.55948],[83.04799,32.57035],[83.03374,32.57894],[83.04444,32.61095],[83.02477,32.63877],[83.00466,32.65022],[82.98277,32.70899],[82.92596,32.76306],[82.93295,32.784],[82.88709,32.88418],[82.86811,32.9892],[82.83608,33.01636],[82.85859,33.06032],[82.85273,33.0958],[82.79927,33.18059],[82.7026,33.2393],[82.6189,33.27926],[82.59046,33.267],[82.56493,33.28121],[82.49915,33.29007],[82.47688,33.32285],[82.43936,33.32435],[82.39956,33.38304],[82.35713,33.3906],[82.35327,33.40746],[82.31476,33.46191],[82.27135,33.46658],[82.24193,33.45615],[82.22779,33.47146],[82.22409,33.48605],[82.28534,33.49039],[82.29882,33.50813],[82.33425,33.51677],[82.33643,33.54621],[82.35642,33.56493],[82.34226,33.59827],[82.31544,33.62256],[82.33337,33.63832],[82.30798,33.65533],[82.32223,33.68558],[82.37901,33.70407],[82.38097,33.71608],[82.34728,33.72583],[82.34221,33.74432],[82.36387,33.75434],[82.3499,33.78691],[82.36634,33.82067],[82.38365,33.83059],[82.36618,33.89789],[82.3877,33.92578],[82.42928,33.93797],[82.38294,33.97833],[82.3599,34.03399],[82.32306,34.07545],[82.30588,34.11477],[82.32097,34.14799],[82.3344,34.14834],[82.33904,34.13506],[82.36761,34.14542],[82.38544,34.18512],[82.43839,34.23656],[82.4212,34.25667],[82.416,34.28293],[82.4339,34.31824],[82.41962,34.334],[82.41374,34.37488],[82.43629,34.39337],[82.42116,34.41202],[82.45269,34.41299],[82.43732,34.44649],[82.39452,34.47584],[82.39243,34.50007],[82.42027,34.51744],[82.41666,34.52574],[82.43033,34.54514],[82.45604,34.55727],[82.45367,34.5907],[82.42122,34.58956],[82.4094,34.59585],[82.41039,34.61421],[82.36306,34.61825],[82.33152,34.63835],[82.35431,34.66691],[82.32575,34.74354],[82.33069,34.75427],[82.36037,34.75929],[82.36802,34.78649],[82.42751,34.80419],[82.44105,34.84749],[82.43147,34.87459],[82.44389,34.96507],[82.43312,35.002],[82.41374,35.01429],[82.3684,35.10657],[82.35328,35.11256],[82.36028,35.12818],[82.35404,35.13512],[82.3568,35.16018],[82.37376,35.1646],[82.38021,35.17882],[82.37402,35.20209],[82.3314,35.21623],[82.32247,35.2103],[82.28549,35.21777],[82.20107,35.21267],[82.13785,35.22411],[82.0661,35.20818],[82.03983,35.2264],[81.9987,35.2375],[81.99006,35.25792],[82.00098,35.28441],[81.9789,35.30154],[82.03654,35.32852],[82.04979,35.34927],[82.02527,35.42936],[82.03116,35.45475],[82.07708,35.45168],[82.08653,35.4653],[82.13936,35.4827],[82.15812,35.49937],[82.17791,35.48727],[82.18766,35.51519],[82.24197,35.52263],[82.26849,35.55229],[82.284,35.5404],[82.31064,35.54298],[82.33595,35.57276],[82.32842,35.57801],[82.32886,35.59128],[82.35061,35.61303],[82.33396,35.63998],[82.33383,35.65426],[82.39335,35.6549],[82.40211,35.66353],[82.3986,35.68557],[82.41258,35.7096],[82.46246,35.71538],[82.50869,35.69809],[82.54418,35.70871],[82.58586,35.69497],[82.6075,35.69832],[82.64664,35.68578],[82.65478,35.66946],[82.69107,35.66576],[82.7316,35.63811],[82.76999,35.6586],[82.7942,35.69079],[82.8323,35.6787],[82.87466,35.69016],[82.88372,35.67554],[82.94832,35.67928],[82.96505,35.67219],[82.95544,35.63283],[82.98081,35.60907],[82.98369,35.55478],[82.9676,35.53962],[82.98256,35.52591],[82.98186,35.50557],[82.99616,35.49996],[83.00745,35.4775],[83.0511,35.47639],[83.07549,35.45004],[83.07778,35.43031],[83.11576,35.4007],[83.17735,35.38941],[83.22397,35.40938],[83.23869,35.42448],[83.29016,35.39888],[83.36058,35.39634],[83.3581,35.3783],[83.44785,35.3832],[83.45595,35.3731],[83.4726,35.37454],[83.49034,35.36068],[83.5369,35.36531],[83.52861,35.35047],[83.53382,35.34506],[83.57439,35.35308],[83.60771,35.34846],[83.61436,35.33629],[83.69114,35.36545],[83.78249,35.36686],[83.79552,35.3527],[83.82231,35.36151],[83.85508,35.35946],[83.87955,35.36728],[83.88786,35.38825],[83.91009,35.40866],[84.0039,35.42212],[84.0292,35.41022],[84.04677,35.41754],[84.06318,35.41078],[84.09234,35.36355],[84.1373,35.37964],[84.1575,35.35964],[84.17238,35.35847],[84.20065,35.38313],[84.23208,35.39721],[84.24317,35.39384],[84.25354,35.40473],[84.3346,35.41651],[84.41366,35.46325],[84.45145,35.47462],[84.46345,35.51207],[84.4748,35.51794],[84.47158,35.52755],[84.44563,35.5342],[84.44639,35.55185],[84.51964,35.56629],[84.56899,35.58953],[84.76,35.62404],[84.79603,35.64818],[84.83132,35.65372],[84.83953,35.66654],[84.86062,35.67652],[84.971,35.70963],[84.99534,35.74026],[85.03524,35.75101],[85.14663,35.74381],[85.21697,35.76677],[85.22393,35.7712],[85.21841,35.78057],[85.28126,35.78796],[85.27953,35.77634],[85.35322,35.74284],[85.37127,35.70096],[85.50643,35.68508],[85.52567,35.66224],[85.56973,35.64021],[85.61205,35.65313],[85.62776,35.6802],[85.62733,35.69873],[85.63925,35.70653],[85.64958,35.72993],[85.66975,35.73499],[85.68928,35.7518],[85.80581,35.78004],[85.83548,35.77265],[85.9047,35.78639],[85.94685,35.77911],[86.03498,35.84752],[86.0523,35.84265],[86.06813,35.85953],[86.06752,35.84277]]]}},{"type":"Feature","id":"CTAMAP-2017-COUNTY-2822","properties":{"map_level":"county","source_name":"申扎县","source_code":"540625","county_type":"县","prefecture_name":"那曲地区","prefecture_code":"542400","prefecture_type":"地区","parent_entity_id":"CNUR-000287","parent_year_end_name":"那曲地区","province_name":"西藏自治区","province_code":"540000","snapshot_year":2017,"panel_year":2016,"link_status":"parent_linked","former_name":"","note":""},"geometry":{"type":"Polygon","coordinates":[[[89.05093,32.31562],[89.07118,32.30628],[89.06763,32.28316],[89.08209,32.26602],[89.09765,32.2708],[89.1424,32.26131],[89.12823,32.22824],[89.17268,32.20878],[89.20284,32.17592],[89.22486,32.18661],[89.23998,32.1822],[89.25651,32.1581],[89.28844,32.16289],[89.35155,32.09294],[89.33385,32.05124],[89.31954,32.04579],[89.33549,31.98146],[89.30712,31.94833],[89.18814,31.95362],[89.18556,31.99615],[89.00988,31.98375],[89.00072,31.94819],[89.04077,31.68013],[89.17015,31.60925],[89.29091,31.60837],[89.31573,31.58373],[89.31893,31.55965],[89.33651,31.52853],[89.31611,31.46517],[89.32201,31.45638],[89.28245,31.42533],[89.34549,31.40585],[89.33087,31.36777],[89.3359,31.35631],[89.35327,31.35136],[89.35404,31.33227],[89.34208,31.32041],[89.34383,31.30087],[89.32541,31.27304],[89.29567,31.27662],[89.27243,31.26149],[89.2688,31.23904],[89.27807,31.23588],[89.27856,31.22269],[89.27206,31.21311],[89.24704,31.20172],[89.2339,31.20715],[89.23401,31.19139],[89.25226,31.17996],[89.25044,31.1713],[89.23223,31.16744],[89.23357,31.14681],[89.24825,31.1279],[89.27839,31.1158],[89.29102,31.08167],[89.31339,31.06573],[89.31315,31.05511],[89.34509,31.03397],[89.34157,31.02308],[89.34763,31.0193],[89.33453,30.98285],[89.3551,30.98025],[89.33872,30.96652],[89.35298,30.94583],[89.36958,30.89073],[89.40705,30.89884],[89.4439,30.92629],[89.40508,30.98452],[89.42493,31.0012],[89.39532,31.0357],[89.4143,31.0347],[89.42119,31.05116],[89.43526,31.04782],[89.44155,31.03491],[89.45463,31.03555],[89.45989,31.0422],[89.44763,31.06429],[89.48525,31.07197],[89.49377,31.082],[89.49421,31.10034],[89.50834,31.1072],[89.58457,31.11446],[89.59107,31.10311],[89.61648,31.095],[89.63058,31.07198],[89.61753,31.05234],[89.62569,31.03837],[89.63707,31.03625],[89.6336,31.02215],[89.66928,31.0369],[89.6886,31.03314],[89.70434,30.97007],[89.69887,30.93695],[89.74816,30.89248],[89.78711,30.83083],[89.76959,30.80152],[89.77412,30.76875],[89.74986,30.74958],[89.74844,30.73941],[89.73189,30.73348],[89.71105,30.74508],[89.6911,30.73439],[89.67005,30.74289],[89.66117,30.73643],[89.63117,30.74307],[89.61197,30.75658],[89.55014,30.75346],[89.54809,30.73454],[89.57019,30.73875],[89.59074,30.72426],[89.61762,30.69406],[89.61907,30.67871],[89.64169,30.6719],[89.65148,30.64269],[89.64578,30.62497],[89.63091,30.62888],[89.6234,30.61776],[89.59661,30.6093],[89.60199,30.59097],[89.58591,30.56657],[89.56485,30.56093],[89.55784,30.54242],[89.52886,30.54152],[89.5313,30.51443],[89.55886,30.51634],[89.59495,30.50077],[89.61627,30.5002],[89.59975,30.47694],[89.61721,30.46573],[89.62197,30.45041],[89.60875,30.44664],[89.60755,30.43272],[89.53843,30.4455],[89.52855,30.43039],[89.50643,30.42753],[89.50385,30.40696],[89.49242,30.39979],[89.47054,30.41825],[89.45692,30.4055],[89.42184,30.41098],[89.42739,30.29983],[89.42463,30.27355],[89.4115,30.26781],[89.40781,30.23601],[89.36699,30.22859],[89.31044,30.28002],[89.27866,30.26555],[89.24801,30.27012],[89.23678,30.26029],[89.2145,30.28223],[89.20544,30.2817],[89.20443,30.30318],[89.19542,30.31109],[89.16407,30.29972],[89.15642,30.28222],[89.13768,30.29699],[89.12374,30.28321],[89.10873,30.28513],[89.10284,30.25253],[89.09422,30.24936],[89.0797,30.25899],[89.04134,30.25028],[89.00428,30.2608],[88.99192,30.24954],[88.99134,30.23083],[88.961,30.23056],[88.95905,30.20907],[88.94705,30.20107],[88.90824,30.22413],[88.87801,30.22069],[88.86951,30.23447],[88.85974,30.23205],[88.85432,30.20236],[88.84718,30.19907],[88.83815,30.20957],[88.79865,30.20383],[88.78291,30.22376],[88.74632,30.21872],[88.70991,30.23174],[88.68133,30.22514],[88.64717,30.23016],[88.63057,30.18731],[88.61782,30.18543],[88.60695,30.16104],[88.5778,30.15756],[88.5623,30.1444],[88.56829,30.12522],[88.54521,30.11514],[88.53245,30.06468],[88.51843,30.05466],[88.49158,30.05996],[88.47044,30.07074],[88.45957,30.08643],[88.47123,30.11824],[88.46394,30.14238],[88.47637,30.14827],[88.48342,30.1673],[88.47853,30.18327],[88.46336,30.2027],[88.43779,30.20595],[88.43438,30.21674],[88.41672,30.21435],[88.40977,30.22687],[88.41311,30.24675],[88.34307,30.26266],[88.29662,30.26332],[88.26982,30.22048],[88.24948,30.23742],[88.23556,30.22495],[88.21621,30.22665],[88.20303,30.21821],[88.18078,30.2626],[88.15264,30.2667],[88.14581,30.27669],[88.11186,30.27904],[88.1029,30.33854],[88.08649,30.35807],[88.09371,30.36648],[88.08873,30.37407],[88.06273,30.38164],[88.02562,30.35883],[88.01832,30.36869],[87.99815,30.36645],[87.99183,30.38343],[87.95655,30.38504],[87.92972,30.3691],[87.90988,30.36969],[87.96923,30.39359],[87.96298,30.4316],[87.9458,30.44554],[87.91678,30.44412],[87.87927,30.4603],[87.88882,30.49388],[87.88366,30.52299],[87.89802,30.52496],[87.91469,30.54492],[87.90584,30.55487],[87.91249,30.57088],[87.87529,30.56116],[87.8728,30.55072],[87.85561,30.53959],[87.86091,30.52475],[87.82572,30.51514],[87.82629,30.54147],[87.8348,30.55221],[87.82097,30.56568],[87.82988,30.59757],[87.81294,30.61579],[87.78765,30.62649],[87.7869,30.64846],[87.79419,30.66486],[87.84889,30.70122],[87.8336,30.72274],[87.8365,30.78109],[87.85535,30.79115],[87.87425,30.78515],[87.94431,30.80134],[87.9415,30.84735],[87.97671,30.85023],[88.0159,30.86584],[88.02307,30.90424],[88.06162,30.91001],[88.0706,30.90371],[88.09522,30.93744],[88.14496,30.95616],[88.12823,30.9816],[88.11217,30.97859],[88.11406,31.01655],[88.04767,31.03182],[88.04859,31.0449],[88.03454,31.04932],[88.03948,31.06454],[87.9916,31.05501],[88.03615,31.09342],[88.07618,31.09035],[88.08677,31.10731],[88.08843,31.16354],[88.0994,31.17314],[88.10232,31.19243],[88.08614,31.21644],[88.1033,31.2413],[88.08948,31.27321],[88.04421,31.28853],[88.03637,31.30327],[87.98092,31.34068],[87.96566,31.36608],[87.97221,31.37934],[87.96681,31.39211],[87.9785,31.39738],[87.98141,31.43234],[87.96821,31.4413],[87.96926,31.45379],[87.94341,31.47409],[87.93192,31.50112],[87.91586,31.51206],[87.91093,31.56058],[87.89403,31.57872],[87.89211,31.60945],[87.87956,31.6233],[87.88688,31.62808],[87.8942,31.69457],[88.12549,31.79106],[88.13669,31.78626],[88.19372,31.83442],[88.18862,31.856],[88.19954,31.89858],[88.27463,31.90825],[88.27952,31.89861],[88.31495,31.90514],[88.33557,31.89903],[88.42057,31.91473],[88.44889,31.94093],[88.45807,31.96023],[88.56242,31.93605],[88.59315,31.88507],[88.59414,31.84659],[88.78087,31.77196],[88.964,31.82326],[88.97666,32.03695],[89.00824,32.12313],[88.97967,32.19796],[88.98318,32.23012],[89.0191,32.24691],[89.01719,32.29133],[89.02333,32.30028],[89.05093,32.31562]]]}},{"type":"Feature","id":"CTAMAP-2017-COUNTY-2823","properties":{"map_level":"county","source_name":"谢通门县","source_code":"540227","county_type":"县","prefecture_name":"日喀则市","prefecture_code":"540200","prefecture_type":"地级市","parent_entity_id":"CNUR-000283","parent_year_end_name":"日喀则市","province_name":"西藏自治区","province_code":"540000","snapshot_year":2017,"panel_year":2016,"link_status":"parent_linked","former_name":"","note":""},"geometry":{"type":"Polygon","coordinates":[[[87.53463,30.42892],[87.52523,30.39299],[87.5331,30.38117],[87.55853,30.38571],[87.57433,30.36855],[87.58619,30.3721],[87.58763,30.38243],[87.61483,30.38407],[87.62238,30.37491],[87.6486,30.36875],[87.66322,30.34899],[87.69857,30.35422],[87.71698,30.34643],[87.72515,30.33366],[87.74169,30.33162],[87.77456,30.35719],[87.78274,30.37497],[87.80431,30.38664],[87.82128,30.37327],[87.86222,30.39538],[87.87628,30.37511],[87.9035,30.37815],[87.91315,30.3688],[87.9491,30.3761],[87.95655,30.38504],[87.99183,30.38343],[87.99815,30.36645],[88.01832,30.36869],[88.02562,30.35883],[88.06273,30.38164],[88.08873,30.37407],[88.09371,30.36648],[88.08649,30.35807],[88.1029,30.33854],[88.11186,30.27904],[88.14581,30.27669],[88.15264,30.2667],[88.18078,30.2626],[88.20303,30.21821],[88.21621,30.22665],[88.23556,30.22495],[88.24948,30.23742],[88.26982,30.22048],[88.29662,30.26332],[88.34307,30.26266],[88.41311,30.24675],[88.40977,30.22687],[88.41662,30.21445],[88.43452,30.2167],[88.43779,30.20595],[88.46406,30.2023],[88.48307,30.17194],[88.47644,30.14837],[88.46394,30.14238],[88.47123,30.11836],[88.46128,30.08128],[88.49145,30.06001],[88.51644,30.0547],[88.53391,30.06647],[88.54578,30.11592],[88.56821,30.12501],[88.5623,30.1444],[88.5778,30.15756],[88.60695,30.16104],[88.61782,30.18543],[88.63057,30.18731],[88.64705,30.23012],[88.68133,30.22514],[88.70991,30.23174],[88.74632,30.21872],[88.78291,30.22376],[88.79865,30.20383],[88.83815,30.20957],[88.84705,30.19907],[88.85432,30.20236],[88.85974,30.23205],[88.86978,30.23438],[88.88115,30.21964],[88.89881,30.22578],[88.92248,30.21946],[88.95799,30.18521],[88.96521,30.13407],[88.98876,30.1197],[88.99703,30.10484],[88.99314,30.08572],[89.01001,30.06834],[88.9892,30.04629],[88.95859,30.03994],[88.95489,30.04591],[88.94271,30.0359],[88.92663,30.01534],[88.91995,29.96687],[88.98313,29.92037],[88.97929,29.90653],[88.99204,29.89478],[88.98586,29.89027],[88.98843,29.86767],[89.00483,29.85149],[88.99797,29.83721],[89.03248,29.78087],[89.03184,29.76601],[89.01891,29.75262],[88.99408,29.75203],[88.98746,29.7453],[88.97859,29.75484],[88.96908,29.75093],[88.96207,29.76292],[88.93855,29.76786],[88.9167,29.75503],[88.91032,29.72192],[88.90055,29.72384],[88.89379,29.71533],[88.88099,29.72407],[88.8431,29.71078],[88.83839,29.68972],[88.81971,29.68154],[88.82135,29.66963],[88.79612,29.66406],[88.77532,29.64891],[88.77042,29.63039],[88.75771,29.62764],[88.75353,29.60866],[88.7465,29.60703],[88.74741,29.5897],[88.73859,29.58904],[88.73371,29.57423],[88.7046,29.55074],[88.72766,29.51342],[88.72197,29.50077],[88.71151,29.49281],[88.69995,29.495],[88.65927,29.46196],[88.62203,29.44551],[88.61585,29.45037],[88.60575,29.44041],[88.61089,29.39883],[88.60106,29.37324],[88.60483,29.35663],[88.57256,29.32979],[88.54983,29.33704],[88.54539,29.348],[88.52548,29.3417],[88.50271,29.36045],[88.48088,29.35045],[88.46106,29.35207],[88.43949,29.32362],[88.42069,29.31528],[88.40673,29.31369],[88.39137,29.32544],[88.38257,29.3154],[88.37026,29.31584],[88.31453,29.34023],[88.29963,29.35621],[88.25676,29.34908],[88.23941,29.37056],[88.21807,29.36529],[88.1987,29.32744],[88.13481,29.33881],[88.12672,29.37363],[88.10124,29.39952],[88.10562,29.41764],[88.09679,29.4263],[88.09592,29.44565],[88.07455,29.46811],[88.05746,29.46696],[88.04822,29.48272],[88.01348,29.48462],[87.99706,29.50736],[87.98466,29.54339],[87.99135,29.57172],[87.9859,29.58368],[87.97172,29.59004],[87.95837,29.58357],[87.94787,29.59139],[87.93958,29.58704],[87.92519,29.6029],[87.88626,29.60477],[87.86859,29.57678],[87.84821,29.56852],[87.82854,29.59129],[87.82821,29.61257],[87.81875,29.62707],[87.79282,29.63129],[87.77188,29.61985],[87.75068,29.62193],[87.74155,29.66985],[87.75147,29.67976],[87.74047,29.70777],[87.77115,29.72259],[87.81269,29.72619],[87.80499,29.74225],[87.80949,29.7743],[87.76699,29.78842],[87.76515,29.7956],[87.73046,29.80153],[87.72047,29.82159],[87.66606,29.84485],[87.65466,29.84333],[87.63549,29.85868],[87.62117,29.84724],[87.61124,29.84942],[87.60046,29.85779],[87.60277,29.87106],[87.62365,29.88977],[87.60229,29.90332],[87.58941,29.90491],[87.5716,29.88358],[87.55661,29.88421],[87.54971,29.84306],[87.52887,29.82191],[87.53045,29.80396],[87.52286,29.79245],[87.54285,29.77831],[87.54351,29.7556],[87.53642,29.74891],[87.51289,29.74987],[87.49066,29.72882],[87.45568,29.71204],[87.43812,29.68943],[87.44426,29.68638],[87.4416,29.66969],[87.42199,29.66329],[87.40083,29.6819],[87.36583,29.67478],[87.36128,29.64693],[87.34911,29.63775],[87.36061,29.60909],[87.35294,29.59288],[87.35563,29.56977],[87.33894,29.56262],[87.339,29.55358],[87.31638,29.55006],[87.30691,29.55898],[87.3328,29.59081],[87.33458,29.61871],[87.3152,29.63141],[87.31154,29.65713],[87.30039,29.66021],[87.25539,29.64324],[87.25067,29.61325],[87.24482,29.61312],[87.22007,29.63666],[87.20368,29.64058],[87.19979,29.6612],[87.18198,29.66044],[87.14605,29.68346],[87.13889,29.67532],[87.11031,29.68169],[87.10713,29.7039],[87.11649,29.72347],[87.10359,29.74031],[87.10686,29.75927],[87.09391,29.77084],[87.09209,29.78747],[87.11643,29.80217],[87.12236,29.8161],[87.08732,29.82979],[87.082,29.84307],[87.10489,29.85252],[87.11237,29.87021],[87.10651,29.90119],[87.11837,29.91116],[87.11883,29.94306],[87.14694,29.92669],[87.15638,29.93933],[87.17063,29.93823],[87.18562,29.95094],[87.18176,29.96382],[87.20344,29.97844],[87.23108,29.97657],[87.23226,29.9932],[87.25901,30.00244],[87.26102,30.01189],[87.23976,30.02844],[87.23317,30.04531],[87.24041,30.08381],[87.23301,30.09354],[87.24559,30.11379],[87.23999,30.14721],[87.24566,30.15567],[87.20034,30.16693],[87.19207,30.19166],[87.19707,30.20385],[87.18687,30.22008],[87.17692,30.22175],[87.17443,30.25144],[87.15871,30.27795],[87.13311,30.2785],[87.12875,30.30993],[87.14248,30.32417],[87.17508,30.33166],[87.2049,30.32419],[87.24269,30.33318],[87.26588,30.32023],[87.27778,30.32711],[87.2925,30.3193],[87.29896,30.32321],[87.29452,30.3455],[87.30076,30.34891],[87.35525,30.34091],[87.37912,30.34655],[87.38756,30.33506],[87.41214,30.32655],[87.42109,30.35817],[87.41198,30.36811],[87.44845,30.40493],[87.46954,30.39398],[87.48841,30.42994],[87.51694,30.43448],[87.53463,30.42892]]]}},{"type":"Feature","id":"CTAMAP-2017-COUNTY-2824","properties":{"map_level":"county","source_name":"双湖县","source_code":"542431","county_type":"县","prefecture_name":"那曲地区","prefecture_code":"542400","prefecture_type":"地区","parent_entity_id":"CNUR-000287","parent_year_end_name":"那曲地区","province_name":"西藏自治区","province_code":"540000","snapshot_year":2017,"panel_year":2016,"link_status":"parent_linked","former_name":"尼玛县","note":"2012年尼玛县拆出六乡一镇，设立双湖县"},"geometry":{"type":"Polygon","coordinates":[[[88.35956,36.4812],[88.41188,36.47203],[88.47266,36.4815],[88.47907,36.47776],[88.47795,36.45603],[88.50377,36.45132],[88.51825,36.45689],[88.54619,36.44798],[88.55618,36.46048],[88.58449,36.46104],[88.61442,36.42076],[88.61406,36.39204],[88.65687,36.38176],[88.66265,36.36879],[88.71455,36.35555],[88.71402,36.33862],[88.72779,36.32994],[88.72476,36.31775],[88.76437,36.29267],[88.78586,36.2968],[88.7969,36.3369],[88.84311,36.36016],[88.86697,36.34908],[88.92367,36.36359],[88.938,36.33701],[88.96454,36.31438],[88.97389,36.31919],[88.98888,36.31157],[88.99862,36.31716],[89.03157,36.3108],[89.05094,36.29268],[89.09745,36.28267],[89.10513,36.26409],[89.12528,36.25153],[89.16083,36.26349],[89.19855,36.26058],[89.22511,36.29057],[89.24267,36.29178],[89.25043,36.28585],[89.25092,36.26892],[89.2744,36.26199],[89.27013,36.25539],[89.28945,36.23309],[89.28621,36.21401],[89.29736,36.19009],[89.26489,36.15213],[89.1982,36.17003],[89.16902,36.19574],[89.10501,36.19002],[89.08637,36.17861],[89.20267,36.1135],[89.21304,36.08595],[89.24142,36.07362],[89.24138,36.06489],[89.22881,36.05654],[89.27647,36.04108],[89.29035,36.00702],[89.29241,35.97081],[89.3292,35.9609],[89.33598,35.94626],[89.33601,35.93377],[89.31269,35.91382],[89.30627,35.88621],[89.32528,35.87621],[89.31887,35.84964],[89.30819,35.83568],[89.2657,35.83521],[89.24647,35.82082],[89.2798,35.80683],[89.28584,35.79249],[89.26292,35.78431],[89.27675,35.73886],[89.25685,35.72017],[89.24976,35.69861],[89.25869,35.68567],[89.25377,35.6677],[89.26119,35.6556],[89.23096,35.65397],[89.24501,35.60425],[89.24198,35.57749],[89.2089,35.53614],[89.21147,35.51064],[89.15136,35.49812],[89.1142,35.47031],[89.12555,35.43587],[89.12016,35.41816],[89.06179,35.39097],[89.03972,35.39281],[89.0317,35.37959],[88.9628,35.36255],[88.90608,35.36066],[88.85749,35.36878],[88.83666,35.34426],[88.82406,35.32044],[88.84866,35.21904],[88.81766,35.18038],[88.81849,35.15712],[88.85695,35.13468],[88.8588,35.11244],[88.84932,35.08337],[88.87747,35.02819],[88.78732,34.95247],[88.76913,34.90554],[88.77132,34.8746],[88.73265,34.80065],[88.72958,34.7729],[88.71417,34.75731],[88.71205,34.73661],[88.73897,34.72817],[88.72688,34.71757],[88.74363,34.70821],[88.73551,34.68026],[88.78323,34.6768],[88.78839,34.66735],[88.83058,34.64934],[88.83259,34.6398],[88.85133,34.63645],[88.8631,34.62031],[88.86531,34.59146],[88.91217,34.57139],[88.92734,34.55174],[88.92763,34.52192],[88.95188,34.44305],[88.94164,34.38972],[89.03448,34.28756],[89.03115,34.25006],[89.11259,34.19739],[89.11067,34.17786],[89.12173,34.15749],[89.11732,34.14145],[89.16621,34.06321],[89.1802,34.05494],[89.21698,34.05511],[89.21728,34.07276],[89.24406,34.10483],[89.26435,34.14989],[89.26357,34.16769],[89.27192,34.17958],[89.25856,34.203],[89.2822,34.16743],[89.34942,34.14206],[89.35732,34.12547],[89.38955,34.10685],[89.4043,34.05878],[89.39349,34.03571],[89.40072,33.99708],[89.45335,33.96879],[89.47444,33.96814],[89.49145,33.94835],[89.48664,33.93277],[89.46709,33.91639],[89.48507,33.89127],[89.4764,33.84732],[89.46203,33.82362],[89.44436,33.81923],[89.46408,33.76935],[89.51429,33.76023],[89.5592,33.77426],[89.56252,33.74927],[89.59072,33.74234],[89.59685,33.71923],[89.56789,33.69173],[89.56394,33.67857],[89.64207,33.63321],[89.65389,33.61295],[89.63756,33.60298],[89.64307,33.59671],[89.69271,33.58861],[89.7049,33.5938],[89.72107,33.61802],[89.73422,33.61864],[89.91374,33.58823],[89.93368,33.53383],[89.9821,33.49739],[89.98878,33.46901],[89.97368,33.45351],[89.97324,33.43787],[89.95804,33.42531],[89.95774,33.40502],[90.00444,33.39394],[90.02065,33.38265],[90.00189,33.36943],[90.02697,33.33174],[90.01949,33.30631],[90.02988,33.27438],[90.04029,33.26693],[90.03556,33.2558],[90.04446,33.23812],[89.97626,33.08532],[89.9381,32.94468],[89.95519,32.93441],[89.94651,32.92207],[89.9686,32.91472],[90.00104,32.91224],[90.08567,32.93311],[90.14552,32.89805],[90.13313,32.88257],[90.09879,32.8787],[90.08433,32.86595],[90.09106,32.85029],[90.08584,32.84188],[90.10443,32.83556],[90.11013,32.82798],[90.09962,32.81377],[90.28419,32.61785],[90.27473,32.6116],[90.27572,32.59023],[90.28697,32.58793],[90.35316,32.42077],[90.34114,32.3746],[90.37612,32.28661],[90.36746,32.22778],[90.30018,32.20891],[90.32263,32.11656],[90.31912,32.08478],[90.30326,32.05185],[90.30336,32.0289],[90.24102,32.02862],[90.17138,32.00553],[90.1699,31.97952],[90.13099,31.95793],[90.0558,31.95305],[89.98537,31.96449],[89.87702,31.96224],[89.85984,31.93616],[89.7336,31.95819],[89.5588,32.02539],[89.53293,31.9928],[89.49848,31.984],[89.47439,31.98182],[89.44019,32.00119],[89.40474,32.00238],[89.38887,32.00914],[89.38508,32.02399],[89.39837,32.0486],[89.3921,32.06392],[89.36467,32.07832],[89.34892,32.07669],[89.35122,32.09356],[89.28844,32.16289],[89.25651,32.1581],[89.23998,32.1822],[89.22486,32.18661],[89.20284,32.17592],[89.17268,32.20878],[89.12678,32.2296],[89.14219,32.26149],[89.09765,32.2708],[89.08209,32.26602],[89.06783,32.28267],[89.07114,32.30652],[89.06005,32.31629],[89.02333,32.30028],[89.01719,32.29133],[89.0191,32.24691],[88.98318,32.23012],[88.97967,32.19796],[89.00824,32.12313],[88.97666,32.03695],[88.96428,31.82358],[88.78271,31.77202],[88.59414,31.84659],[88.59315,31.88507],[88.56242,31.93605],[88.45807,31.96023],[88.44889,31.94093],[88.42057,31.91473],[88.33557,31.89903],[88.31495,31.90514],[88.27952,31.89861],[88.27463,31.90825],[88.19954,31.89858],[88.18862,31.856],[88.19372,31.83442],[88.13669,31.78626],[88.12549,31.79106],[87.8942,31.69457],[87.80252,31.7572],[87.77934,31.76537],[87.72562,31.75296],[87.69464,31.77452],[87.61913,31.74413],[87.60331,31.71497],[87.58013,31.72085],[87.53724,31.71608],[87.51774,31.74377],[87.47376,31.76146],[87.48887,31.78105],[87.47762,31.81255],[87.3799,31.96461],[87.40522,32.00077],[87.40169,32.04981],[87.42287,32.12444],[87.41503,32.15458],[87.42668,32.20397],[87.42285,32.23049],[87.38579,32.31039],[87.40123,32.32398],[87.43994,32.32214],[87.40686,32.3529],[87.36429,32.42934],[87.31673,32.48439],[87.31165,32.50621],[87.27179,32.53593],[87.28121,32.54804],[87.28354,32.57281],[87.26315,32.6113],[87.2581,32.65261],[87.24876,32.66325],[87.22916,32.66043],[87.21614,32.66839],[87.21778,32.69441],[87.20552,32.70209],[87.2185,32.72159],[87.20846,32.73618],[87.21855,32.75247],[87.1861,32.79225],[87.18372,32.85447],[87.16222,32.88351],[87.1574,32.98255],[87.1283,33.001],[87.13573,33.04443],[87.19414,33.08068],[87.1945,33.09358],[87.17608,33.10631],[87.24911,33.18424],[87.24952,33.19743],[87.248,33.20341],[87.21603,33.20841],[87.21637,33.28968],[87.23181,33.33925],[87.2119,33.448],[87.19572,33.4763],[87.0958,33.53424],[87.13149,33.58986],[87.14913,33.60472],[87.13352,33.66625],[87.16111,33.72104],[87.17953,33.73362],[87.16022,33.75265],[87.15115,33.77575],[87.13068,33.78052],[87.07839,33.83944],[87.06782,33.89706],[87.07964,33.90833],[87.09909,33.91186],[87.08192,33.93178],[87.10487,33.94369],[87.0583,33.97806],[87.04506,34.00237],[87.08085,34.04902],[87.08376,34.06343],[87.07136,34.08339],[87.00729,34.11664],[87.03021,34.20106],[87.01312,34.21453],[87.0505,34.23111],[87.06179,34.26419],[87.08292,34.28737],[87.08072,34.34977],[87.09669,34.3519],[87.12185,34.37263],[87.09813,34.39042],[87.1114,34.40229],[87.08766,34.43492],[87.05324,34.43905],[87.03279,34.45227],[87.04618,34.469],[87.07089,34.48173],[87.11998,34.49373],[87.15579,34.53437],[87.09448,34.55058],[87.08226,34.56222],[87.03076,34.57167],[87.01207,34.58487],[87.00153,34.66655],[86.92546,34.67521],[86.93569,34.71072],[86.90046,34.71886],[86.89369,34.72844],[86.92115,34.80291],[86.91666,34.833],[86.8949,34.85446],[86.94677,34.91061],[86.92613,34.95379],[86.95601,34.99986],[86.95153,35.03177],[86.99852,35.08192],[86.98745,35.09987],[86.95435,35.12242],[86.95604,35.15507],[86.925,35.15059],[86.9076,35.19838],[86.88907,35.22378],[86.81921,35.24234],[86.79168,35.2381],[86.78166,35.22835],[86.76186,35.23373],[86.692,35.22626],[86.69159,35.23775],[86.71004,35.26394],[86.67943,35.28763],[86.66824,35.31743],[86.65575,35.32718],[86.68384,35.33759],[86.73621,35.34208],[86.74458,35.3593],[86.7283,35.38806],[86.69248,35.39076],[86.67031,35.38327],[86.64179,35.39692],[86.60932,35.40059],[86.6127,35.41481],[86.63035,35.42974],[86.62152,35.46745],[86.63598,35.48068],[86.62996,35.49572],[86.6006,35.50015],[86.57389,35.49299],[86.45921,35.50659],[86.41388,35.52307],[86.35788,35.52975],[86.30841,35.52212],[86.30406,35.53732],[86.27592,35.54361],[86.29147,35.55684],[86.28152,35.58899],[86.30738,35.61291],[86.31445,35.63713],[86.28613,35.64819],[86.28034,35.67694],[86.23911,35.7226],[86.1962,35.72361],[86.20202,35.7387],[86.17492,35.76645],[86.14616,35.76293],[86.10244,35.79482],[86.09907,35.80897],[86.10767,35.81444],[86.06979,35.83777],[86.06813,35.85953],[86.07839,35.86227],[86.10395,35.92743],[86.11709,35.9281],[86.126,35.94217],[86.12839,35.97533],[86.14342,35.99895],[86.17099,36.00836],[86.17699,36.02964],[86.19766,36.03351],[86.19719,36.04932],[86.17676,36.07491],[86.18425,36.13139],[86.26051,36.15133],[86.27619,36.15976],[86.27621,36.1725],[86.31689,36.16232],[86.36314,36.16379],[86.37303,36.18879],[86.38932,36.20268],[86.43079,36.20812],[86.43777,36.22696],[86.5,36.19866],[86.52305,36.20154],[86.51362,36.20968],[86.52257,36.21222],[86.52554,36.22942],[86.58039,36.21818],[86.6036,36.22629],[86.61529,36.21939],[86.65018,36.2309],[86.65502,36.24618],[86.69796,36.24509],[86.70502,36.26458],[86.73019,36.26714],[86.73172,36.28615],[86.76484,36.29821],[86.82035,36.28966],[86.86095,36.30043],[86.86369,36.28819],[86.89029,36.26222],[86.9289,36.26557],[86.94669,36.28989],[86.99066,36.29421],[87.00243,36.30212],[87.05046,36.29211],[87.07444,36.30937],[87.10477,36.29626],[87.14129,36.29312],[87.15987,36.30342],[87.15443,36.32005],[87.19595,36.35298],[87.21942,36.35238],[87.24481,36.36408],[87.26496,36.35658],[87.28365,36.36579],[87.29851,36.35827],[87.34597,36.39313],[87.34287,36.40027],[87.35877,36.40957],[87.36056,36.42116],[87.39854,36.41617],[87.42362,36.42618],[87.43132,36.41589],[87.45674,36.41151],[87.45326,36.38846],[87.46695,36.35547],[87.50641,36.35652],[87.5624,36.34001],[87.59589,36.35709],[87.63372,36.35949],[87.65545,36.37303],[87.68234,36.36943],[87.70393,36.38252],[87.77838,36.37638],[87.7981,36.38012],[87.80224,36.39126],[87.83746,36.38467],[87.86638,36.39369],[87.91323,36.39359],[87.93053,36.40473],[87.9494,36.40094],[87.96766,36.40727],[87.96732,36.4322],[88.13653,36.42943],[88.16586,36.43837],[88.18282,36.4557],[88.22087,36.44875],[88.24194,36.47148],[88.35611,36.45777],[88.36481,36.46274],[88.35452,36.47715],[88.35956,36.4812]]]}}]}