{"type":"FeatureCollection","features":[{"type":"Feature","id":"CTAMAP-2017-COUNTY-0004","properties":{"map_level":"county","source_name":"阿合奇县","source_code":"653023","county_type":"县","prefecture_name":"克孜勒苏柯尔克孜自治州","prefecture_code":"653000","prefecture_type":"自治州","parent_entity_id":"CNUR-000334","parent_year_end_name":"克孜勒苏柯尔克孜自治州","province_name":"新疆维吾尔自治区","province_code":"650000","snapshot_year":2017,"panel_year":2016,"link_status":"parent_linked","former_name":"","note":""},"geometry":{"type":"Polygon","coordinates":[[[78.86295,40.89299],[78.79501,40.86042],[78.74694,40.81804],[78.7036,40.81839],[78.62271,40.78353],[78.58971,40.78068],[78.56184,40.76348],[78.56607,40.75242],[78.55764,40.74006],[78.57101,40.72359],[78.57178,40.6978],[78.60563,40.69583],[78.579,40.65254],[78.58537,40.63348],[78.5615,40.59743],[78.53455,40.57636],[78.5246,40.55376],[78.19917,40.41746],[78.15664,40.38673],[78.16099,40.35936],[78.15491,40.33272],[78.11423,40.32223],[78.09161,40.32431],[78.06509,40.34111],[78.00496,40.35961],[77.82497,40.361],[77.80868,40.41681],[77.78731,40.42652],[77.73083,40.47603],[77.70983,40.51802],[77.66945,40.55937],[77.65739,40.58745],[77.66501,40.59884],[77.65838,40.61727],[77.64786,40.60582],[77.60547,40.58982],[77.55569,40.5914],[77.54432,40.60538],[77.51776,40.59219],[77.42284,40.58305],[77.39563,40.59119],[77.38898,40.60836],[77.33858,40.58683],[77.31853,40.59539],[77.29146,40.5903],[77.27654,40.59849],[77.24528,40.59909],[77.16699,40.57331],[77.05099,40.57191],[77.02694,40.58274],[77.01951,40.6021],[77.01596,40.61702],[77.0237,40.62366],[77.02682,40.64895],[76.9815,40.65928],[76.94973,40.67927],[76.92515,40.68165],[76.8776,40.67974],[76.83964,40.67305],[76.82981,40.66413],[76.77143,40.65831],[76.73132,40.63166],[76.69707,40.63462],[76.65146,40.60329],[76.6049,40.59517],[76.61535,40.60807],[76.65518,40.6252],[76.64947,40.64705],[76.65747,40.66261],[76.65533,40.67917],[76.67203,40.69416],[76.64747,40.72557],[76.64214,40.75776],[76.66784,40.7806],[76.69025,40.77946],[76.7268,40.82015],[76.71666,40.84099],[76.72967,40.84555],[76.73246,40.89986],[76.75683,40.95221],[76.76701,40.95887],[76.7948,40.95706],[76.80937,40.97267],[76.84668,40.9761],[76.85482,41.00219],[76.87717,41.02718],[76.90415,41.0192],[76.93584,41.02803],[76.97011,41.05823],[76.99866,41.07186],[77.01629,41.05437],[77.07537,41.06177],[77.09902,41.05686],[77.10853,41.04942],[77.10645,41.03425],[77.16505,41.00851],[77.2278,41.02607],[77.24743,41.02429],[77.26959,41.00436],[77.28848,41.00258],[77.35585,41.03202],[77.36268,41.04312],[77.38916,41.0292],[77.40924,41.03396],[77.4363,41.01983],[77.46739,41.02102],[77.46694,40.99797],[77.48746,40.99395],[77.53218,41.00322],[77.57806,40.99865],[77.64516,41.01474],[77.68989,41.00779],[77.72549,41.01769],[77.73434,41.0314],[77.76594,41.01969],[77.78688,41.04577],[77.81248,41.04605],[77.82306,41.05481],[77.79922,41.10135],[77.80628,41.12484],[77.82899,41.14973],[77.9014,41.18371],[78.0147,41.19121],[78.12938,41.22969],[78.14375,41.31037],[78.16039,41.33687],[78.1546,41.3719],[78.17616,41.38546],[78.22713,41.39646],[78.27867,41.38803],[78.31208,41.39332],[78.32593,41.38561],[78.33949,41.39588],[78.38161,41.3926],[78.39588,41.40891],[78.40371,41.38904],[78.43855,41.37263],[78.49564,41.31449],[78.55902,41.2913],[78.63451,41.23233],[78.70763,41.18786],[78.7316,41.16351],[78.74769,41.11074],[78.76133,41.08471],[78.78717,41.05982],[78.80188,41.01606],[78.82696,40.99395],[78.86095,40.99926],[78.87493,40.98423],[78.86399,40.95534],[78.86837,40.94703],[78.84594,40.9154],[78.86295,40.89299]]]}},{"type":"Feature","id":"CTAMAP-2017-COUNTY-0005","properties":{"map_level":"county","source_name":"阿克苏市","source_code":"652901","county_type":"县级市","prefecture_name":"阿克苏地区","prefecture_code":"652900","prefecture_type":"地区","parent_entity_id":"CNUR-000333","parent_year_end_name":"阿克苏地区","province_name":"新疆维吾尔自治区","province_code":"650000","snapshot_year":2017,"panel_year":2016,"link_status":"parent_linked","former_name":"","note":""},"geometry":{"type":"MultiPolygon","coordinates":[[[[81.05715,41.03067],[81.17829,41.10591],[81.23157,41.08276],[81.27898,41.07545],[81.38609,41.04059],[81.58683,41.07217],[81.7843,41.06562],[81.78812,41.04057],[81.813,40.99408],[81.83492,40.96251],[81.86091,40.94338],[81.45412,40.8039],[81.3827,40.82411],[81.32296,40.80442],[81.32688,40.76223],[81.13795,40.69814],[80.98797,40.70186],[80.86279,40.66098],[80.81354,40.69593],[80.78907,40.70232],[80.75014,40.69506],[80.72371,40.70081],[80.68129,40.66615],[80.64568,40.65737],[80.64536,40.64798],[80.61596,40.6344],[80.61428,40.62084],[80.5899,40.6047],[80.58412,40.61364],[80.59476,40.62235],[80.59084,40.65501],[80.55415,40.65612],[80.54851,40.68986],[80.501,40.71603],[80.47865,40.75239],[80.41953,40.7863],[80.39842,40.81696],[80.32615,40.8487],[80.29174,40.82768],[80.28996,40.81944],[80.26653,40.82037],[80.25454,40.79954],[80.2588,40.79245],[80.23977,40.78004],[80.23424,40.79632],[80.24726,40.82361],[80.22559,40.85054],[80.2214,40.884],[80.17076,40.89408],[80.13397,40.89085],[80.09123,40.86278],[80.06454,40.83256],[80.04717,40.82688],[80.0595,40.81671],[80.05119,40.8049],[80.05836,40.79068],[80.04978,40.7739],[80.0779,40.74947],[80.08474,40.69252],[80.05889,40.68567],[80.0739,40.66712],[80.06954,40.63227],[80.04392,40.64093],[80.02094,40.5933],[80.03141,40.58155],[80.02346,40.56901],[80.03499,40.54349],[80.01968,40.50019],[79.9778,40.48876],[79.94363,40.44282],[79.91426,40.45088],[79.86205,40.48928],[79.80824,40.49048],[79.81512,40.47352],[79.83917,40.46377],[79.8516,40.4368],[79.91107,40.39045],[79.91784,40.3618],[79.7247,40.4026],[79.72955,40.58362],[79.75827,40.58616],[79.74031,40.60818],[79.76824,40.63656],[79.7728,40.68038],[79.76458,40.70396],[79.72726,40.74036],[79.71871,40.76788],[79.75188,40.78404],[79.77642,40.81379],[79.79956,40.81987],[79.77141,40.87616],[79.82569,40.90832],[79.90464,40.93706],[80.03123,41.01279],[80.02887,41.02981],[80.00595,41.05422],[80.00961,41.07125],[79.99767,41.08243],[80.01459,41.09829],[80.00261,41.10724],[80.00949,41.14077],[80.05504,41.1837],[80.08338,41.19203],[80.1049,41.1808],[80.13484,41.20426],[80.21115,41.22512],[80.22489,41.21311],[80.23586,41.22432],[80.25192,41.21452],[80.25962,41.25349],[80.27716,41.26488],[80.27756,41.2854],[80.29871,41.31005],[80.26682,41.31866],[80.26626,41.36005],[80.28455,41.36071],[80.27823,41.47995],[80.28809,41.48016],[80.28638,41.50309],[80.30499,41.50044],[80.32506,41.4717],[80.35945,41.44637],[80.36825,41.42367],[80.40039,41.3948],[80.40264,41.3794],[80.36527,41.30994],[80.36903,41.27803],[80.35388,41.26289],[80.34678,41.23619],[80.33628,41.23221],[80.33787,41.2209],[80.31265,41.19377],[80.31823,41.17857],[80.3343,41.17682],[80.35188,41.15035],[80.36329,41.14664],[80.35281,41.14014],[80.35784,41.1005],[80.39054,41.06555],[80.40681,41.0224],[80.43888,41.00226],[80.46403,40.91714],[80.49771,40.88471],[80.58169,40.86997],[80.58557,40.85947],[80.61112,40.86607],[80.70601,40.86181],[80.75608,40.86784],[81.01899,40.9759],[81.04991,41.00299],[81.05715,41.03067]]],[[[82.00531,39.48375],[81.08048,39.48317],[81.08959,40.0],[81.02147,40.35694],[80.99896,40.3964],[81.20776,40.39674],[81.27824,40.43536],[81.75729,40.43732],[81.87777,40.46732],[81.97584,40.46801],[82.00444,40.44566],[82.00531,39.48375]]]]}},{"type":"Feature","id":"CTAMAP-2017-COUNTY-0006","properties":{"map_level":"county","source_name":"阿克陶县","source_code":"653022","county_type":"县","prefecture_name":"克孜勒苏柯尔克孜自治州","prefecture_code":"653000","prefecture_type":"自治州","parent_entity_id":"CNUR-000334","parent_year_end_name":"克孜勒苏柯尔克孜自治州","province_name":"新疆维吾尔自治区","province_code":"650000","snapshot_year":2017,"panel_year":2016,"link_status":"parent_linked","former_name":"","note":""},"geometry":{"type":"Polygon","coordinates":[[[75.34679,39.14305],[75.39586,39.14815],[75.46909,39.16874],[75.50833,39.21697],[75.50986,39.22803],[75.53369,39.24168],[75.57172,39.24154],[75.56457,39.22791],[75.5812,39.20945],[75.63402,39.26041],[75.63866,39.2866],[75.65246,39.28418],[75.65535,39.29179],[75.70016,39.30601],[75.75429,39.29859],[75.72228,39.2936],[75.68336,39.27296],[75.67046,39.22027],[75.60528,39.14691],[75.59125,39.11848],[75.58128,39.0848],[75.58382,39.04553],[75.56332,39.00022],[75.54976,38.9878],[75.56106,38.97224],[75.60316,38.96992],[75.6255,38.95682],[75.64924,38.96534],[75.66112,38.95553],[75.69269,38.9761],[75.71107,38.96974],[75.71004,38.97862],[75.7548,38.99754],[75.76684,39.06902],[75.74632,39.08827],[75.77015,39.09637],[75.72671,39.10713],[75.70247,39.12613],[75.73612,39.13812],[75.76988,39.19022],[75.82131,39.1833],[75.85039,39.19935],[75.84802,39.21008],[75.83247,39.21777],[75.85149,39.23339],[75.8476,39.24219],[75.88017,39.26864],[75.85959,39.28992],[75.88386,39.29363],[75.90424,39.27039],[75.94923,39.27418],[75.98557,39.25932],[76.00356,39.26335],[76.01465,39.25063],[76.04472,39.23948],[76.15487,39.22846],[76.15249,39.20969],[76.13611,39.19783],[76.09132,39.18952],[76.09178,39.18327],[76.07382,39.17803],[76.04317,39.17883],[76.03635,39.16926],[76.0496,39.16837],[76.05645,39.14553],[76.08772,39.12005],[76.10631,39.09025],[76.12887,39.08369],[76.1253,39.06387],[76.13793,39.03953],[76.07121,39.00946],[75.98195,39.00535],[75.93532,39.00711],[75.92542,39.03971],[75.8874,39.02227],[75.85625,38.99647],[75.82284,38.98719],[75.75257,38.94768],[75.82037,38.9235],[75.91335,38.87023],[75.93477,38.82951],[75.93644,38.80473],[75.95099,38.80173],[75.95465,38.79085],[75.96913,38.80082],[75.97487,38.79283],[75.98058,38.77406],[75.9736,38.75994],[76.01554,38.76729],[76.00824,38.75462],[76.03478,38.75458],[76.02744,38.7421],[76.03309,38.73081],[76.05304,38.73615],[76.04747,38.72484],[76.06484,38.71538],[76.06855,38.70409],[76.10715,38.68545],[76.12533,38.65652],[76.14741,38.65555],[76.16005,38.64621],[76.14725,38.62077],[76.15146,38.60472],[76.1714,38.61307],[76.24195,38.61344],[76.28523,38.63008],[76.29752,38.62255],[76.32598,38.62443],[76.34566,38.60288],[76.4063,38.60471],[76.39991,38.53686],[76.35051,38.52083],[76.34178,38.49849],[76.38618,38.4845],[76.45323,38.49927],[76.5493,38.45706],[76.5982,38.42282],[76.60387,38.41009],[76.59359,38.29412],[76.59977,38.21686],[76.53283,38.12313],[76.53963,38.06231],[76.5218,38.04169],[76.52709,38.03081],[76.50808,38.01366],[76.50614,37.97352],[76.49303,37.96606],[76.48623,37.94229],[76.46726,37.92885],[76.47267,37.91747],[76.46668,37.90688],[76.47588,37.8951],[76.47042,37.87619],[76.48841,37.8548],[76.46347,37.84856],[76.41042,37.87323],[76.38278,37.86997],[76.38219,37.83009],[76.34247,37.81565],[76.32522,37.81752],[76.31399,37.80872],[76.31739,37.78936],[76.28904,37.734],[76.2631,37.73069],[76.24003,37.76739],[76.21605,37.78603],[76.22153,37.80003],[76.20976,37.8136],[76.19045,37.8093],[76.18179,37.79442],[76.15791,37.78022],[76.09477,37.77123],[76.06723,37.74937],[76.02535,37.73183],[76.00431,37.73978],[75.98202,37.72958],[75.93916,37.73302],[75.86741,37.67744],[75.82945,37.67388],[75.79705,37.65146],[75.80166,37.66845],[75.79049,37.7363],[75.80665,37.75503],[75.80497,37.77115],[75.85654,37.83037],[75.84268,37.84748],[75.84734,37.85869],[75.88709,37.87823],[75.89102,37.89441],[75.87436,37.90868],[75.87523,37.92997],[75.85857,37.93362],[75.83326,37.92623],[75.77716,37.93933],[75.76949,37.92325],[75.78001,37.90866],[75.76829,37.89783],[75.74833,37.89076],[75.72259,37.90301],[75.68489,37.88929],[75.67621,37.89307],[75.66192,37.87622],[75.63863,37.88108],[75.63059,37.89548],[75.55264,37.9235],[75.53386,37.92007],[75.52025,37.92849],[75.49656,37.92129],[75.49496,37.9293],[75.4581,37.93703],[75.40714,37.9218],[75.41833,37.97636],[75.38468,38.04121],[75.3827,38.09137],[75.39515,38.11145],[75.34266,38.13429],[75.32997,38.15943],[75.3123,38.16475],[75.29367,38.18961],[75.26361,38.20917],[75.19329,38.19861],[75.17415,38.2036],[75.12472,38.23891],[75.11049,38.26547],[75.11532,38.27512],[75.0444,38.26757],[75.01866,38.25092],[74.98466,38.24176],[74.951,38.26141],[74.94181,38.27669],[74.89385,38.26736],[74.80582,38.28499],[74.791,38.33624],[74.8221,38.36527],[74.83247,38.36389],[74.8653,38.41089],[74.8691,38.43197],[74.86013,38.48564],[74.85077,38.49425],[74.81873,38.49312],[74.80654,38.52008],[74.78633,38.53848],[74.73085,38.53563],[74.63067,38.60501],[74.60371,38.59603],[74.55638,38.60708],[74.51353,38.63265],[74.45927,38.63334],[74.37717,38.6535],[74.22189,38.65942],[74.14447,38.67601],[74.12095,38.65582],[74.1137,38.61694],[74.08184,38.61091],[74.06304,38.58727],[74.08343,38.54322],[74.03262,38.5427],[73.9984,38.52507],[73.97326,38.53466],[73.91779,38.53648],[73.89433,38.57778],[73.8532,38.58213],[73.80125,38.60901],[73.80641,38.63784],[73.77212,38.67871],[73.76478,38.71238],[73.75078,38.72105],[73.75198,38.75599],[73.76251,38.77942],[73.72106,38.84101],[73.69615,38.85715],[73.70657,38.89799],[73.72087,38.90412],[73.74085,38.93487],[73.76768,38.94312],[73.82231,38.92061],[73.8432,38.95138],[73.83421,39.0102],[73.81178,39.04093],[73.7911,39.03899],[73.78197,39.0264],[73.73429,39.02487],[73.72865,39.05556],[73.71173,39.07473],[73.71335,39.1134],[73.70573,39.13084],[73.6896,39.14046],[73.68712,39.15467],[73.66529,39.15271],[73.65005,39.16277],[73.65086,39.18946],[73.64042,39.19415],[73.63141,39.22412],[73.61708,39.23943],[73.57482,39.23874],[73.56481,39.26651],[73.541,39.26962],[73.55273,39.29049],[73.541,39.31809],[73.55064,39.35299],[73.50114,39.37909],[73.5767,39.39666],[73.591,39.41868],[73.59997,39.4547],[73.62711,39.47068],[73.74503,39.45875],[73.88847,39.48339],[73.91875,39.45876],[73.91393,39.42181],[73.95889,39.37585],[73.98869,39.35777],[74.0526,39.37756],[74.05344,39.36256],[74.07427,39.35708],[74.10281,39.32855],[74.13134,39.31478],[74.13247,39.30043],[74.14719,39.30056],[74.16278,39.28302],[74.22708,39.273],[74.26477,39.27541],[74.30062,39.28854],[74.33438,39.25732],[74.37536,39.26427],[74.38751,39.25458],[74.4096,39.2559],[74.44008,39.24524],[74.45694,39.24933],[74.4832,39.23819],[74.50662,39.24763],[74.51402,39.23464],[74.52889,39.23843],[74.53316,39.222],[74.55835,39.21393],[74.57365,39.22133],[74.59725,39.20014],[74.62517,39.20278],[74.66612,39.18359],[74.67962,39.18498],[74.69081,39.16577],[74.73192,39.1616],[74.72561,39.14821],[74.74714,39.1241],[74.76104,39.12223],[74.77279,39.09907],[74.81209,39.08747],[74.8004,39.07994],[74.82336,39.05263],[74.82268,39.03514],[74.83077,39.02396],[74.82167,39.01749],[74.82904,38.99837],[74.81813,38.98996],[74.8449,38.9738],[74.8677,38.97189],[74.91549,38.98367],[74.98632,38.9611],[74.99029,38.97929],[74.95699,38.98832],[74.94755,39.02316],[74.97961,39.07915],[75.04954,39.11139],[75.08122,39.11166],[75.14491,39.08532],[75.19889,39.08347],[75.2681,39.11754],[75.35015,39.12855],[75.34679,39.14305]]]}},{"type":"Feature","id":"CTAMAP-2017-COUNTY-0007","properties":{"map_level":"county","source_name":"阿拉尔市","source_code":"659002","county_type":"县级市","prefecture_name":"不统计","prefecture_code":"0","prefecture_type":"不统计","parent_entity_id":"","parent_year_end_name":"","province_name":"新疆维吾尔自治区","province_code":"650000","snapshot_year":2017,"panel_year":2016,"link_status":"province_direct_or_out_of_scope","former_name":"","note":"省直辖市,省直管,是县级单位"},"geometry":{"type":"Polygon","coordinates":[[[81.88133,40.94037],[81.84049,40.88552],[81.80316,40.80076],[81.7405,40.73271],[81.79678,40.70372],[81.8021,40.68853],[81.82031,40.68401],[81.94053,40.49571],[81.97584,40.46801],[81.87777,40.46732],[81.75729,40.43732],[81.27824,40.43536],[81.20776,40.39674],[80.99896,40.3964],[80.97862,40.42337],[80.91008,40.43557],[80.90665,40.41799],[80.74982,40.37328],[80.75034,40.36593],[80.73069,40.35569],[80.72116,40.36789],[80.68899,40.36651],[80.67508,40.37948],[80.62786,40.38534],[80.61045,40.40432],[80.61814,40.4115],[80.60708,40.42294],[80.62017,40.43316],[80.62162,40.46252],[80.64466,40.47353],[80.63502,40.48362],[80.64421,40.48838],[80.67081,40.47582],[80.69204,40.48111],[80.6602,40.48478],[80.66344,40.49054],[80.65601,40.49542],[80.63413,40.49402],[80.65325,40.50768],[80.67636,40.50671],[80.68076,40.496],[80.68528,40.50777],[80.70792,40.50044],[80.72487,40.48401],[80.73049,40.45242],[80.74719,40.44653],[80.75891,40.45292],[80.77202,40.44929],[80.77848,40.45709],[80.78644,40.44713],[80.79871,40.46457],[80.80901,40.45428],[80.82643,40.47737],[80.78488,40.48227],[80.77841,40.50501],[80.73009,40.53024],[80.6976,40.53806],[80.66358,40.56778],[80.64887,40.56926],[80.62419,40.55717],[80.62038,40.57377],[80.59128,40.60156],[80.61428,40.62084],[80.61596,40.6344],[80.64536,40.64798],[80.64568,40.65737],[80.68129,40.66615],[80.72371,40.70081],[80.75014,40.69506],[80.78907,40.70232],[80.81354,40.69593],[80.86279,40.66098],[80.98797,40.70186],[81.13795,40.69814],[81.32688,40.76223],[81.32296,40.80442],[81.3827,40.82411],[81.45412,40.8039],[81.86091,40.94338],[81.88133,40.94037]]]}},{"type":"Feature","id":"CTAMAP-2017-COUNTY-0008","properties":{"map_level":"county","source_name":"阿拉山口市","source_code":"652702","county_type":"县级市","prefecture_name":"博尔塔拉蒙古自治州","prefecture_code":"652700","prefecture_type":"自治州","parent_entity_id":"CNUR-000331","parent_year_end_name":"博尔塔拉蒙古自治州","province_name":"新疆维吾尔自治区","province_code":"650000","snapshot_year":2017,"panel_year":2016,"link_status":"parent_linked","former_name":"","note":"2012年新设阿拉山口市，下辖艾比湖街道、阿拉套街道"},"geometry":{"type":"Polygon","coordinates":[[[82.58453,45.22283],[82.62314,45.18764],[82.67885,45.15271],[82.71644,45.15933],[82.75477,45.15123],[82.85257,45.10012],[82.99943,45.04979],[83.26042,44.99746],[83.3881,44.97975],[83.46126,44.97893],[83.49716,44.95663],[83.45698,44.9349],[83.44327,44.93728],[83.41328,44.91023],[83.37325,44.9217],[83.34761,44.87137],[83.32084,44.87762],[83.30744,44.86219],[83.27608,44.85141],[83.2539,44.85387],[83.25095,44.8702],[83.2282,44.88392],[83.23261,44.89962],[83.24542,44.9062],[83.2417,44.93183],[83.1905,44.94456],[83.17211,44.83612],[83.15849,44.83524],[83.1635,44.87558],[83.05993,44.92184],[82.9591,44.95429],[82.98143,44.97638],[82.93452,44.99519],[82.91911,45.0052],[82.90993,45.02711],[82.81438,45.07475],[82.63133,44.93169],[82.53833,44.90273],[82.4874,44.90291],[82.49166,44.93175],[82.48021,44.96878],[82.46306,44.98751],[82.43906,44.98945],[82.42546,45.01806],[82.42996,45.05585],[82.43689,45.07087],[82.45142,45.06738],[82.45538,45.10103],[82.44631,45.104],[82.4471,45.11949],[82.43376,45.14305],[82.38414,45.18111],[82.32745,45.20644],[82.27265,45.24316],[82.29087,45.24429],[82.35548,45.2126],[82.47928,45.17856],[82.54937,45.19972],[82.58453,45.22283]]]}},{"type":"Feature","id":"CTAMAP-2017-COUNTY-0011","properties":{"map_level":"county","source_name":"阿勒泰市","source_code":"654301","county_type":"县级市","prefecture_name":"阿勒泰地区","prefecture_code":"654300","prefecture_type":"地区","parent_entity_id":"CNUR-000340","parent_year_end_name":"阿勒泰地区","province_name":"新疆维吾尔自治区","province_code":"650000","snapshot_year":2017,"panel_year":2016,"link_status":"parent_linked","former_name":"","note":""},"geometry":{"type":"Polygon","coordinates":[[[87.99687,48.61365],[87.95797,48.59818],[87.96337,48.58295],[87.98214,48.56821],[88.03747,48.54897],[88.10524,48.54602],[88.12361,48.52336],[88.14971,48.5256],[88.19673,48.49201],[88.21646,48.50133],[88.25031,48.49784],[88.33954,48.47],[88.35695,48.46015],[88.35181,48.44144],[88.3571,48.43488],[88.44347,48.39076],[88.4903,48.40936],[88.51246,48.4104],[88.5309,48.36906],[88.57017,48.36772],[88.57314,48.34999],[88.60589,48.33555],[88.57206,48.28289],[88.59205,48.25707],[88.598,48.22031],[88.62691,48.20639],[88.63908,48.18055],[88.62016,48.16729],[88.58192,48.16124],[88.53797,48.13016],[88.51739,48.1278],[88.46435,48.09993],[88.47772,48.0778],[88.46403,48.04017],[88.47976,48.03301],[88.477,48.02279],[88.49269,47.99311],[88.47661,47.98431],[88.43926,47.98268],[88.43711,47.97235],[88.38312,47.94216],[88.38642,47.92941],[88.43152,47.90954],[88.49937,47.91101],[88.52604,47.90131],[88.53669,47.88525],[88.56311,47.87941],[88.56661,47.87375],[88.55293,47.86967],[88.55567,47.85826],[88.54125,47.84811],[88.57432,47.8327],[88.57205,47.8123],[88.5612,47.79946],[88.62598,47.78253],[88.52211,47.77531],[88.52872,47.7489],[88.50733,47.72955],[88.50827,47.71098],[88.45535,47.67687],[88.41985,47.61094],[88.40297,47.55717],[88.38648,47.5379],[88.34993,47.52286],[88.34283,47.48483],[88.31306,47.45289],[88.30434,47.31678],[88.38703,47.26371],[88.42486,47.25867],[88.42776,47.24656],[88.36822,47.23484],[88.3237,47.23936],[88.29803,47.25331],[88.26482,47.2374],[88.22067,47.24384],[88.09414,47.27975],[88.03385,47.31127],[87.98174,47.31571],[87.90352,47.3404],[87.8827,47.33873],[87.85219,47.36026],[87.80428,47.36413],[87.79679,47.37902],[87.78703,47.37718],[87.77584,47.39011],[87.74903,47.38465],[87.75649,47.36844],[87.77164,47.36728],[87.7686,47.35595],[87.54817,47.3557],[87.57202,47.38432],[87.57647,47.40892],[87.56383,47.42302],[87.52522,47.43176],[87.42724,47.43278],[87.38189,47.39789],[87.02264,47.30694],[87.04989,47.34464],[87.03898,47.39046],[87.00341,47.42057],[86.88735,47.4615],[86.93999,47.52928],[87.02593,47.59495],[87.0457,47.59616],[87.06684,47.57939],[87.08287,47.58467],[87.11922,47.57529],[87.14185,47.58343],[87.13773,47.5649],[87.14748,47.56816],[87.15717,47.59324],[87.21146,47.58692],[87.20999,47.57716],[87.23123,47.58433],[87.25429,47.57126],[87.26154,47.58234],[87.25297,47.58598],[87.26063,47.59186],[87.272,47.58312],[87.32037,47.68244],[87.32351,47.71199],[87.35731,47.79261],[87.34359,47.81128],[87.3414,47.86494],[87.38737,47.88165],[87.38774,47.90938],[87.39455,47.91698],[87.43982,47.93435],[87.44138,47.95719],[87.41775,47.97862],[87.45103,48.00375],[87.44188,48.01181],[87.51799,48.02659],[87.55306,48.04984],[87.52979,48.06289],[87.52013,48.08004],[87.53029,48.1048],[87.51526,48.14348],[87.53525,48.16029],[87.53748,48.16983],[87.52947,48.17845],[87.55674,48.18277],[87.6143,48.21817],[87.58529,48.22334],[87.60789,48.24921],[87.61154,48.28133],[87.60309,48.29826],[87.61424,48.31393],[87.58082,48.33502],[87.64057,48.34265],[87.63745,48.35595],[87.64673,48.36604],[87.64818,48.38492],[87.68596,48.41433],[87.6901,48.42348],[87.68142,48.43465],[87.68703,48.4565],[87.64884,48.47714],[87.66116,48.48315],[87.67565,48.51737],[87.70975,48.5206],[87.73135,48.53567],[87.7306,48.5435],[87.80488,48.54623],[87.81527,48.56675],[87.84684,48.57404],[87.84488,48.60066],[87.86562,48.6117],[87.85923,48.62764],[87.88578,48.64502],[87.97424,48.6412],[87.99687,48.61365]]]}},{"type":"Feature","id":"CTAMAP-2017-COUNTY-0014","properties":{"map_level":"county","source_name":"阿图什市","source_code":"653001","county_type":"县级市","prefecture_name":"克孜勒苏柯尔克孜自治州","prefecture_code":"653000","prefecture_type":"自治州","parent_entity_id":"CNUR-000334","parent_year_end_name":"克孜勒苏柯尔克孜自治州","province_name":"新疆维吾尔自治区","province_code":"650000","snapshot_year":2017,"panel_year":2016,"link_status":"parent_linked","former_name":"","note":""},"geometry":{"type":"Polygon","coordinates":[[[78.1514,40.3298],[78.13124,40.31231],[78.12138,40.2821],[78.08352,40.27403],[78.08346,40.23499],[78.05834,40.21059],[78.04299,40.17577],[78.05779,40.15652],[78.04449,40.13025],[78.02467,40.11248],[78.02659,40.0941],[78.04233,40.08522],[78.06342,40.08673],[78.09259,40.0595],[78.10215,40.06904],[78.15915,40.0708],[78.23919,40.05961],[78.26421,40.06877],[78.30987,40.06571],[78.33907,40.04766],[78.32618,40.03967],[78.33036,40.02853],[78.3623,40.00887],[78.33579,40.00495],[78.30027,40.0114],[78.2753,40.00196],[78.22599,40.00744],[78.07757,39.97032],[78.03352,39.98411],[77.97075,39.97546],[77.79465,39.98682],[77.76613,39.9701],[77.69398,39.95224],[77.61326,39.9466],[77.60579,39.93733],[77.52881,39.92616],[77.50593,39.90336],[77.51026,39.87916],[77.49885,39.87544],[77.36222,39.86873],[77.34291,39.86155],[77.30911,39.8695],[77.27787,39.85697],[77.21143,39.84688],[77.04693,39.86251],[77.03153,39.84513],[76.83738,39.83009],[76.82115,39.78422],[76.78097,39.7526],[76.74112,39.73485],[76.64417,39.65708],[76.5942,39.6294],[76.58889,39.60242],[76.57828,39.60498],[76.56171,39.59163],[76.48629,39.58958],[76.44829,39.57571],[76.40918,39.5877],[76.29318,39.59044],[76.25642,39.61586],[76.22139,39.62392],[76.14407,39.61258],[76.12292,39.62384],[75.97385,39.61139],[75.98013,39.58653],[75.91799,39.594],[75.84548,39.58398],[75.80913,39.59135],[75.7794,39.58627],[75.69753,39.59436],[75.69907,39.61571],[75.62836,39.65929],[75.58295,39.66759],[75.57168,39.65093],[75.56311,39.6639],[75.54908,39.66808],[75.53129,39.65692],[75.53247,39.64738],[75.51534,39.66132],[75.51726,39.72682],[75.52823,39.75012],[75.55144,39.76122],[75.58685,39.76293],[75.65462,39.74939],[75.66408,39.76623],[75.6633,39.81358],[75.74301,39.82235],[75.76691,39.80365],[75.7949,39.75457],[75.83131,39.8071],[75.85389,39.81972],[75.89202,39.81857],[75.90639,39.80154],[75.97427,39.81291],[75.9571,39.83044],[75.97063,39.86678],[75.95104,39.87763],[75.93565,39.90069],[75.90409,39.91811],[75.9367,39.97594],[75.93176,40.01287],[75.92291,40.06265],[75.90603,40.07854],[75.89773,40.11271],[75.86288,40.15833],[75.88261,40.19281],[75.89955,40.20246],[75.90751,40.23446],[75.90166,40.24826],[75.91451,40.27895],[75.90889,40.28895],[75.92611,40.29725],[75.92563,40.33128],[75.9551,40.35807],[75.95352,40.37448],[75.98856,40.37963],[76.02344,40.35581],[76.04124,40.35552],[76.04723,40.35904],[76.04152,40.3856],[76.06655,40.39567],[76.09787,40.39074],[76.11348,40.3973],[76.17839,40.38236],[76.27404,40.43852],[76.28328,40.43138],[76.27947,40.41063],[76.30888,40.40425],[76.32287,40.38988],[76.32306,40.35476],[76.33858,40.34077],[76.34357,40.35725],[76.37019,40.38667],[76.38863,40.37611],[76.43116,40.38697],[76.47105,40.42629],[76.50552,40.43054],[76.5108,40.44789],[76.53809,40.4646],[76.53675,40.50788],[76.5528,40.54219],[76.59787,40.57985],[76.6049,40.59517],[76.65146,40.60329],[76.69707,40.63462],[76.73132,40.63166],[76.74992,40.6498],[76.77886,40.66029],[76.82981,40.66413],[76.83964,40.67305],[76.8776,40.67974],[76.94973,40.67927],[76.9815,40.65928],[77.02682,40.64895],[77.0237,40.62366],[77.01596,40.61702],[77.01951,40.6021],[77.02694,40.58274],[77.05247,40.57179],[77.16699,40.57331],[77.24528,40.59909],[77.27654,40.59849],[77.29146,40.5903],[77.31853,40.59539],[77.33858,40.58683],[77.38898,40.60836],[77.39563,40.59119],[77.42284,40.58305],[77.51776,40.59219],[77.54432,40.60538],[77.55569,40.5914],[77.60547,40.58982],[77.64786,40.60582],[77.65838,40.61727],[77.66501,40.59884],[77.65739,40.58745],[77.66945,40.55937],[77.70983,40.51802],[77.73083,40.47603],[77.78731,40.42652],[77.80868,40.41681],[77.82497,40.361],[78.00496,40.35961],[78.10129,40.3221],[78.1514,40.3298]]]}},{"type":"Feature","id":"CTAMAP-2017-COUNTY-0015","properties":{"map_level":"county","source_name":"阿瓦提县","source_code":"652928","county_type":"县","prefecture_name":"阿克苏地区","prefecture_code":"652900","prefecture_type":"地区","parent_entity_id":"CNUR-000333","parent_year_end_name":"阿克苏地区","province_name":"新疆维吾尔自治区","province_code":"650000","snapshot_year":2017,"panel_year":2016,"link_status":"parent_linked","former_name":"","note":""},"geometry":{"type":"Polygon","coordinates":[[[80.58412,40.61364],[80.62038,40.57377],[80.62419,40.55717],[80.64887,40.56926],[80.66358,40.56778],[80.6976,40.53806],[80.73009,40.53024],[80.77841,40.50501],[80.78488,40.48227],[80.82643,40.47737],[80.80901,40.45428],[80.79871,40.46457],[80.78644,40.44713],[80.77848,40.45709],[80.77202,40.44929],[80.75891,40.45292],[80.74719,40.44653],[80.73049,40.45242],[80.72487,40.48401],[80.70792,40.50044],[80.68528,40.50777],[80.68076,40.496],[80.67636,40.50671],[80.65325,40.50768],[80.63413,40.49402],[80.65601,40.49542],[80.66344,40.49054],[80.6602,40.48478],[80.69204,40.48111],[80.67081,40.47582],[80.64421,40.48838],[80.63502,40.48362],[80.64433,40.47251],[80.62162,40.46252],[80.62017,40.43316],[80.60708,40.42294],[80.61814,40.4115],[80.61045,40.40432],[80.62424,40.39407],[80.62163,40.38842],[80.67508,40.37948],[80.68899,40.36651],[80.72116,40.36789],[80.73069,40.35569],[80.75034,40.36593],[80.74982,40.37328],[80.90665,40.41799],[80.90558,40.43415],[80.91417,40.43571],[80.97862,40.42337],[81.01555,40.37102],[81.06199,40.16653],[81.08959,40.0],[81.08048,39.48317],[80.15997,39.46356],[79.76215,39.62252],[79.78628,39.8016],[79.80066,39.85443],[79.82396,39.88623],[79.8111,39.88326],[79.80168,39.89844],[79.81921,39.90596],[79.82795,39.89855],[79.841,39.90293],[79.84018,39.92527],[79.8556,39.92277],[79.86105,39.93621],[79.84891,39.94186],[79.86064,39.95798],[79.83549,39.98182],[79.83619,40.00106],[79.85806,40.01309],[79.83958,40.13102],[79.83127,40.131],[79.86719,40.14539],[79.90671,40.34136],[79.91784,40.3618],[79.91107,40.39045],[79.8516,40.4368],[79.83917,40.46377],[79.81512,40.47352],[79.80824,40.49048],[79.86205,40.48928],[79.91426,40.45088],[79.94363,40.44282],[79.9778,40.48876],[80.01968,40.50019],[80.03499,40.54349],[80.02346,40.56901],[80.03141,40.58155],[80.02094,40.5933],[80.04392,40.64093],[80.06954,40.63227],[80.0739,40.66712],[80.05889,40.68567],[80.08474,40.69252],[80.0779,40.74947],[80.04978,40.7739],[80.05836,40.79068],[80.05119,40.8049],[80.0595,40.81671],[80.04717,40.82688],[80.06454,40.83256],[80.09123,40.86278],[80.13397,40.89085],[80.21277,40.88855],[80.22216,40.88306],[80.22583,40.85002],[80.24726,40.82361],[80.23424,40.79632],[80.23977,40.78004],[80.2588,40.79245],[80.25454,40.79954],[80.26653,40.82037],[80.28996,40.81944],[80.29174,40.82768],[80.33262,40.84878],[80.33916,40.83983],[80.39842,40.81696],[80.41953,40.7863],[80.47629,40.75446],[80.501,40.71603],[80.54851,40.68986],[80.55585,40.65483],[80.59002,40.65587],[80.59476,40.62235],[80.58412,40.61364]]]}},{"type":"Feature","id":"CTAMAP-2017-COUNTY-0052","properties":{"map_level":"county","source_name":"巴楚县","source_code":"653130","county_type":"县","prefecture_name":"喀什地区","prefecture_code":"653100","prefecture_type":"地区","parent_entity_id":"CNUR-000335","parent_year_end_name":"喀什地区","province_name":"新疆维吾尔自治区","province_code":"650000","snapshot_year":2017,"panel_year":2016,"link_status":"parent_linked","former_name":"","note":""},"geometry":{"type":"Polygon","coordinates":[[[79.74195,40.14162],[79.83958,40.13102],[79.85806,40.01309],[79.83619,40.00106],[79.83549,39.98182],[79.86064,39.95798],[79.84891,39.94186],[79.86105,39.93621],[79.85935,39.92678],[79.84018,39.92527],[79.841,39.90293],[79.82795,39.89855],[79.81921,39.90596],[79.80168,39.89844],[79.8111,39.88326],[79.82396,39.88623],[79.80066,39.85443],[79.78628,39.8016],[79.76402,39.63101],[79.61612,38.91236],[79.60688,38.90236],[79.61228,38.86964],[79.59719,38.82544],[79.58166,38.81313],[79.56744,38.785],[79.52033,38.80311],[79.47698,38.80515],[79.3712,38.83409],[79.3349,38.82737],[79.25166,38.84328],[79.12189,38.8485],[79.03067,38.87456],[79.00989,38.89778],[78.94527,38.93484],[78.89363,39.00293],[78.82793,39.05269],[78.77639,39.06138],[78.7119,39.04566],[78.659,39.06111],[78.30357,39.41329],[78.26523,39.3992],[78.24741,39.40999],[78.2332,39.40904],[78.24154,39.39865],[78.21984,39.38765],[78.2272,39.37102],[78.22074,39.36755],[78.20904,39.36951],[78.20314,39.38454],[78.16542,39.37738],[78.14689,39.38716],[78.14356,39.35738],[78.13143,39.3618],[78.13298,39.37237],[78.12617,39.37526],[78.10987,39.3683],[78.10346,39.34854],[78.08493,39.36729],[78.0013,39.35905],[77.98089,39.34138],[77.95202,39.34704],[77.93862,39.32752],[77.95108,39.30658],[77.94729,39.29643],[77.91089,39.29596],[77.87287,39.26419],[77.85661,39.26492],[77.79747,39.23628],[77.7877,39.21763],[77.75143,39.21563],[77.74971,39.19756],[77.738,39.19637],[77.72897,39.18012],[77.75355,39.1631],[77.75423,39.14782],[77.7464,39.14486],[77.707,39.16959],[77.67957,39.12724],[77.66632,39.12727],[77.65355,39.14138],[77.6379,39.13947],[77.64872,39.11677],[77.61625,39.09892],[77.61351,39.06249],[77.62156,39.04106],[77.6133,39.03256],[77.56362,39.0242],[77.51959,39.05767],[77.48763,39.05199],[77.48945,39.04038],[77.47788,39.03279],[77.48285,39.02551],[77.46556,39.02848],[77.44686,39.04883],[77.39025,39.04145],[77.41118,39.09729],[77.39214,39.09749],[77.40665,39.15445],[77.34994,39.30997],[77.39672,39.30083],[77.42911,39.3074],[77.50131,39.30004],[77.51669,39.30526],[77.52702,39.32014],[77.52554,39.34799],[77.53702,39.39203],[77.56078,39.38602],[77.59734,39.42385],[77.6757,39.44778],[77.73032,39.50022],[77.79818,39.53445],[77.81931,39.55953],[77.88525,39.56835],[77.90665,39.58492],[77.90939,39.59923],[77.92796,39.60306],[77.91393,39.64551],[77.92079,39.67347],[77.94516,39.68413],[77.97415,39.68056],[77.98318,39.7223],[77.9535,39.72312],[77.95272,39.72957],[77.96598,39.73849],[77.95986,39.75069],[77.9763,39.7528],[77.97699,39.76086],[77.99992,39.75851],[77.99183,39.77348],[77.94495,39.80034],[77.91877,39.84822],[77.89987,39.85341],[77.90112,39.86177],[77.87893,39.8597],[77.79769,39.90361],[77.78873,39.92455],[77.73781,39.93701],[77.62605,39.91892],[77.61101,39.9237],[77.51908,39.91651],[77.52881,39.92616],[77.60579,39.93733],[77.61326,39.9466],[77.69398,39.95224],[77.76613,39.9701],[77.79465,39.98682],[77.97075,39.97546],[78.03352,39.98411],[78.07757,39.97032],[78.22599,40.00744],[78.24388,40.00198],[78.251,40.00714],[78.27638,40.00197],[78.30027,40.0114],[78.37385,40.00711],[78.47813,40.0405],[78.4758,40.05113],[78.50631,40.046],[78.5348,40.05673],[78.54397,40.06283],[78.54772,40.08798],[78.59705,40.10665],[78.59388,40.11586],[78.60321,40.13175],[78.67144,40.14604],[78.67574,40.15457],[78.75508,40.1867],[78.77685,40.21381],[78.89166,40.25725],[79.00214,40.21895],[79.14445,40.25645],[79.31708,40.24417],[79.497,40.21064],[79.58523,40.17537],[79.74195,40.14162]],[[79.54812,39.85766],[79.60667,39.90108],[79.57461,40.01231],[79.48278,40.09796],[79.03384,40.03479],[79.01141,40.02609],[79.03619,39.97832],[78.99937,39.97276],[78.98793,39.92803],[78.94132,39.90845],[78.97684,39.88917],[78.97243,39.87957],[78.98785,39.86339],[78.97356,39.86982],[78.92464,39.8581],[78.92474,39.84736],[78.90498,39.8312],[78.94076,39.80952],[78.99796,39.80609],[79.0025,39.79849],[78.9922,39.78165],[78.90241,39.78118],[78.899,39.7619],[78.86919,39.7616],[78.88244,39.70221],[78.86772,39.70752],[78.85807,39.69971],[78.85557,39.71625],[78.83829,39.71205],[78.83152,39.70729],[78.82555,39.66697],[78.80835,39.65477],[78.77667,39.69358],[78.79537,39.70957],[78.78554,39.72521],[78.80153,39.72926],[78.80616,39.73858],[78.79221,39.75789],[78.76952,39.75848],[78.78203,39.78167],[78.76983,39.80637],[78.77393,39.82755],[78.75112,39.81959],[78.75875,39.80388],[78.75499,39.79454],[78.72895,39.78784],[78.70275,39.76095],[78.65579,39.73908],[78.65462,39.73195],[78.67212,39.70873],[78.66894,39.70027],[78.70734,39.68508],[78.71102,39.66586],[78.70028,39.65862],[78.70414,39.6497],[78.77195,39.65365],[78.79012,39.66288],[78.79538,39.65165],[78.77973,39.63191],[78.79355,39.62586],[78.81358,39.63534],[78.83712,39.61158],[78.89775,39.60823],[78.99865,39.62361],[78.99946,39.66064],[79.07655,39.67301],[79.0909,39.68202],[79.11074,39.7136],[79.16626,39.71426],[79.23752,39.73168],[79.24737,39.7563],[79.23749,39.78229],[79.28486,39.79923],[79.32281,39.80311],[79.32167,39.81661],[79.28049,39.81594],[79.28148,39.82706],[79.29797,39.83955],[79.26513,39.87629],[79.41901,39.8917],[79.54812,39.85766]]]}},{"type":"Feature","id":"CTAMAP-2017-COUNTY-0054","properties":{"map_level":"county","source_name":"巴里坤哈萨克自治县","source_code":"650521","county_type":"自治县","prefecture_name":"哈密市","prefecture_code":"650500","prefecture_type":"地级市","parent_entity_id":"CNUR-000329","parent_year_end_name":"哈密市","province_name":"新疆维吾尔自治区","province_code":"650000","snapshot_year":2017,"panel_year":2016,"link_status":"parent_linked","former_name":"","note":""},"geometry":{"type":"Polygon","coordinates":[[[94.81207,44.32662],[94.44552,44.22135],[94.31014,44.14068],[94.22261,44.02078],[94.22573,43.99407],[94.18129,43.9769],[94.17318,43.96484],[94.11056,43.92856],[94.0537,43.87245],[93.93813,43.81138],[93.86702,43.73038],[93.83602,43.72099],[93.80321,43.72672],[93.76747,43.71988],[93.76262,43.70379],[93.77324,43.68009],[93.76446,43.66925],[93.702,43.63343],[93.7099,43.62383],[93.68309,43.60701],[93.67927,43.59474],[93.6532,43.59615],[93.63306,43.58376],[93.6437,43.49918],[93.65099,43.4969],[93.65107,43.45789],[93.70261,43.44084],[93.65955,43.40331],[93.69393,43.38214],[93.6561,43.34466],[93.57232,43.37424],[93.54183,43.35899],[93.53668,43.34453],[93.50214,43.34308],[93.49523,43.332],[93.46336,43.35501],[93.43551,43.35241],[93.4205,43.37481],[93.38571,43.37171],[93.37288,43.38436],[93.3738,43.39571],[93.3575,43.40188],[93.34291,43.4228],[93.33009,43.41134],[93.31321,43.40907],[93.30941,43.42272],[93.27844,43.43067],[93.26578,43.45124],[93.18062,43.46974],[93.15935,43.45848],[93.07162,43.47401],[93.05938,43.46441],[92.94943,43.49561],[92.94323,43.51106],[92.87001,43.49434],[92.82522,43.50283],[92.80679,43.48655],[92.78897,43.48478],[92.78113,43.4919],[92.71321,43.49674],[92.67485,43.51456],[92.64221,43.50225],[92.61037,43.50531],[92.58111,43.48867],[92.49587,43.48301],[92.49725,43.46772],[92.41003,43.48771],[92.38987,43.46815],[92.37612,43.47312],[92.33737,43.46255],[92.27976,43.47066],[92.21681,43.46388],[92.17702,43.47152],[92.16285,43.46941],[92.16965,43.45851],[92.16217,43.45405],[92.1145,43.45383],[92.02203,43.4695],[91.91368,43.50654],[91.87821,43.52241],[91.84445,43.55719],[91.79347,43.57267],[91.76209,43.59726],[91.68226,43.6211],[91.61892,43.63164],[91.56532,43.60073],[91.57242,43.62071],[91.55313,43.64197],[91.49959,43.64897],[91.47529,43.65791],[91.46912,43.67358],[91.36651,43.70436],[91.53067,43.72587],[91.56229,43.74425],[91.56333,43.76911],[91.55342,43.77336],[91.52339,43.81824],[91.50967,43.86945],[91.44005,43.90326],[91.41561,43.92761],[91.36501,43.95483],[91.3345,43.98247],[91.33312,43.99316],[91.30517,44.00759],[91.33077,44.13452],[91.33119,44.2768],[91.28581,44.37437],[91.30111,44.43172],[91.3355,44.45571],[91.3425,44.47033],[91.34691,44.54864],[91.35983,44.55249],[91.40056,44.62353],[91.38598,44.73671],[91.40468,44.76124],[91.50779,44.83754],[91.51013,44.84645],[91.5283,44.85464],[91.54118,44.85044],[91.56738,44.89333],[91.55572,44.90752],[91.5553,44.94637],[91.54034,44.96859],[91.54225,44.9804],[91.51432,45.02153],[91.5005,45.03016],[91.49978,45.1001],[91.55969,45.07023],[91.5814,45.07998],[91.61704,45.06603],[91.70399,45.06569],[91.80323,45.08103],[92.09644,45.07949],[92.23998,45.013],[92.25294,45.02297],[92.26505,45.01863],[92.31509,45.02667],[92.34314,45.01239],[92.41311,45.01651],[92.487,45.00003],[92.51816,45.00444],[92.54137,45.01833],[92.65199,45.02108],[92.7506,45.04292],[92.84388,45.03605],[92.88357,45.04507],[92.92206,45.03432],[92.93068,45.01727],[92.96928,45.01528],[92.98306,45.0012],[93.0469,45.01576],[93.09522,45.00508],[93.1682,45.0134],[93.28809,44.98163],[93.30714,44.97977],[93.31714,44.99193],[93.36484,44.98462],[93.39783,44.97577],[93.43563,44.95316],[93.47902,44.96118],[93.50324,44.95421],[93.50834,44.96876],[93.685,44.89818],[93.7134,44.89443],[93.71611,44.8707],[93.73365,44.85973],[94.06223,44.73234],[94.14998,44.68363],[94.21489,44.66745],[94.2259,44.6458],[94.26129,44.61741],[94.33164,44.58039],[94.351,44.54244],[94.35203,44.51842],[94.38542,44.52277],[94.4869,44.50356],[94.53531,44.47242],[94.60686,44.44977],[94.72954,44.33907],[94.77658,44.3409],[94.81207,44.32662]]]}},{"type":"Feature","id":"CTAMAP-2017-COUNTY-0068","properties":{"map_level":"county","source_name":"白碱滩区","source_code":"650204","county_type":"市辖区","prefecture_name":"克拉玛依市","prefecture_code":"650200","prefecture_type":"地级市","parent_entity_id":"CNUR-000327","parent_year_end_name":"克拉玛依市","province_name":"新疆维吾尔自治区","province_code":"650000","snapshot_year":2017,"panel_year":2016,"link_status":"parent_linked","former_name":"","note":""},"geometry":{"type":"Polygon","coordinates":[[[85.60016,45.68683],[85.58895,45.65316],[85.59282,45.64246],[85.5671,45.61755],[85.56301,45.60087],[85.54431,45.59339],[85.53099,45.563],[85.50857,45.54717],[85.48958,45.5124],[85.43141,45.45869],[85.38508,45.43503],[85.28068,45.42032],[85.27464,45.41197],[85.05732,45.58374],[85.02581,45.59782],[85.01474,45.62419],[84.97312,45.62339],[84.96411,45.64958],[84.94441,45.65895],[84.94754,45.66686],[84.97245,45.67118],[84.96346,45.6923],[84.94291,45.69622],[84.95911,45.7091],[85.01452,45.72059],[85.06013,45.71272],[85.11753,45.73965],[85.19809,45.80578],[85.20788,45.82499],[85.27437,45.7888],[85.32328,45.73338],[85.53473,45.72355],[85.60016,45.68683]]]}},{"type":"Feature","id":"CTAMAP-2017-COUNTY-0077","properties":{"map_level":"county","source_name":"拜城县","source_code":"652926","county_type":"县","prefecture_name":"阿克苏地区","prefecture_code":"652900","prefecture_type":"地区","parent_entity_id":"CNUR-000333","parent_year_end_name":"阿克苏地区","province_name":"新疆维吾尔自治区","province_code":"650000","snapshot_year":2017,"panel_year":2016,"link_status":"parent_linked","former_name":"","note":""},"geometry":{"type":"Polygon","coordinates":[[[82.8734,42.57172],[82.87238,42.56596],[82.89375,42.56169],[82.90831,42.54495],[82.90449,42.52025],[82.92205,42.49938],[82.91076,42.48658],[82.92711,42.4807],[82.92748,42.46429],[82.9573,42.4671],[82.99236,42.45142],[82.99348,42.42965],[83.01709,42.42813],[83.04139,42.41139],[83.03962,42.39953],[83.02265,42.38431],[83.02308,42.37381],[83.03376,42.36719],[82.97128,42.35509],[82.95538,42.34316],[82.9513,42.31793],[82.95834,42.29103],[82.94691,42.2784],[82.95485,42.25552],[82.944,42.2038],[82.94754,42.19009],[82.93476,42.16484],[82.94453,42.12445],[82.95484,42.11239],[82.9518,42.10109],[82.95973,42.09604],[82.94581,42.06271],[82.97404,42.06262],[82.98653,42.02878],[82.97925,41.99271],[82.99079,41.96515],[82.99057,41.93602],[82.97509,41.90891],[82.91897,41.90783],[82.88854,41.89723],[82.88252,41.8816],[82.84329,41.88043],[82.82616,41.87253],[82.839,41.85623],[82.79309,41.82318],[82.78179,41.82323],[82.76751,41.80452],[82.76774,41.79227],[82.74559,41.77834],[82.71165,41.78533],[82.69425,41.76946],[82.6822,41.77885],[82.67543,41.75358],[82.63898,41.74065],[82.63431,41.72374],[82.62854,41.71773],[82.6062,41.72395],[82.63108,41.72312],[82.62335,41.73653],[82.60835,41.73763],[82.60367,41.74649],[82.52498,41.7425],[82.51963,41.73514],[82.48973,41.73177],[82.40289,41.70165],[82.38018,41.6865],[82.31257,41.67111],[82.30478,41.67742],[82.2801,41.67321],[82.27433,41.66215],[82.2598,41.66304],[82.21183,41.64343],[82.19486,41.64459],[82.19295,41.65653],[82.14397,41.63413],[82.07617,41.63797],[81.7895,41.55659],[81.73459,41.56051],[81.71914,41.57242],[81.56554,41.52488],[81.49135,41.52235],[81.46587,41.49987],[81.47924,41.45371],[81.46676,41.40287],[81.38065,41.40063],[81.37143,41.42062],[81.33405,41.44085],[81.3305,41.45692],[81.31643,41.46423],[81.2558,41.452],[81.16443,41.47819],[81.08856,41.48731],[81.02095,41.51904],[81.0074,41.55707],[81.01948,41.57489],[81.01433,41.59379],[81.0321,41.61718],[81.02301,41.6232],[81.01597,41.66478],[81.04299,41.69865],[81.05708,41.76659],[81.01568,41.78628],[80.91913,41.80459],[80.9081,41.81559],[80.90263,41.85266],[80.88387,41.89242],[80.88391,41.96151],[80.86238,42.00007],[80.86213,42.01364],[80.84519,42.02463],[80.84311,42.04264],[80.7932,42.06128],[80.76222,42.08563],[80.75021,42.10608],[80.69915,42.1394],[80.68963,42.17724],[80.71509,42.27779],[80.70057,42.29116],[80.65239,42.30427],[80.62739,42.33638],[80.62708,42.35239],[80.64623,42.36419],[80.67831,42.35654],[80.7073,42.36235],[80.73742,42.35563],[80.74416,42.36206],[80.80154,42.33864],[80.84885,42.35649],[80.91286,42.35336],[80.98355,42.36266],[81.02251,42.34156],[81.04171,42.30955],[81.03496,42.29945],[81.04459,42.28386],[81.09834,42.2892],[81.12766,42.27825],[81.13137,42.26084],[81.14929,42.25973],[81.16592,42.28131],[81.15072,42.28866],[81.14918,42.32175],[81.19415,42.34286],[81.2279,42.34715],[81.27617,42.33808],[81.32965,42.34499],[81.36019,42.33227],[81.38412,42.35496],[81.45935,42.36105],[81.46362,42.37121],[81.47775,42.35883],[81.50717,42.35417],[81.58562,42.37627],[81.62833,42.37481],[81.63358,42.38427],[81.65793,42.39323],[81.67091,42.36856],[81.71636,42.37016],[81.73128,42.3584],[81.76305,42.37388],[81.78555,42.4112],[81.81419,42.39637],[81.82149,42.38146],[81.85754,42.37514],[81.86797,42.39461],[81.86501,42.40862],[81.90483,42.40248],[81.91764,42.40847],[81.94975,42.39981],[81.98623,42.42587],[82.05627,42.41657],[82.0689,42.41906],[82.0687,42.43084],[82.08445,42.44003],[82.10826,42.43117],[82.12999,42.43643],[82.13621,42.44804],[82.13422,42.48809],[82.19099,42.46704],[82.19246,42.47898],[82.21231,42.48327],[82.22719,42.49688],[82.28803,42.48042],[82.33587,42.48977],[82.34791,42.50476],[82.36616,42.50375],[82.36707,42.54369],[82.39942,42.55099],[82.42022,42.53343],[82.43378,42.53229],[82.44223,42.5433],[82.46644,42.54884],[82.51124,42.54428],[82.52292,42.55006],[82.54578,42.54086],[82.56281,42.55208],[82.59474,42.54387],[82.59634,42.55157],[82.6181,42.55831],[82.61779,42.56965],[82.62981,42.58296],[82.6259,42.59482],[82.66597,42.58652],[82.67538,42.5957],[82.71895,42.59486],[82.72096,42.60251],[82.73505,42.60161],[82.74913,42.62619],[82.77288,42.62014],[82.7995,42.64655],[82.82279,42.64573],[82.83404,42.61973],[82.83248,42.6046],[82.81389,42.5787],[82.8362,42.58037],[82.84082,42.56522],[82.8734,42.57172]]]}},{"type":"Feature","id":"CTAMAP-2017-COUNTY-0107","properties":{"map_level":"county","source_name":"北屯市","source_code":"659005","county_type":"县级市","prefecture_name":"不统计","prefecture_code":"0","prefecture_type":"不统计","parent_entity_id":"","parent_year_end_name":"","province_name":"新疆维吾尔自治区","province_code":"650000","snapshot_year":2017,"panel_year":2016,"link_status":"province_direct_or_out_of_scope","former_name":"","note":"2011年设立县级北屯市，由自治区直辖，是县级单位"},"geometry":{"type":"Polygon","coordinates":[[[88.42776,47.24656],[88.42552,47.2328],[88.3367,47.23098],[88.32848,47.18079],[88.35013,47.17201],[88.30305,47.14371],[88.13567,47.11455],[88.13612,47.12302],[88.11497,47.12815],[88.07703,47.12469],[88.06908,47.14189],[88.00425,47.14102],[87.93386,47.1584],[87.91655,47.17271],[87.84327,47.1784],[87.75971,47.20202],[87.72861,47.21888],[87.72957,47.22483],[87.78412,47.2322],[87.80877,47.24324],[87.82925,47.23639],[87.84299,47.24173],[87.84424,47.25055],[87.73097,47.28071],[87.74505,47.2971],[87.64309,47.29711],[87.60888,47.31844],[87.56974,47.32398],[87.56012,47.33677],[87.52456,47.34134],[87.54817,47.3557],[87.7686,47.35595],[87.77164,47.36728],[87.75649,47.36844],[87.74903,47.38465],[87.76969,47.39076],[87.78709,47.37716],[87.79677,47.37904],[87.80428,47.36413],[87.85219,47.36026],[87.8827,47.33873],[87.90352,47.3404],[87.98174,47.31571],[88.03385,47.31127],[88.09414,47.27975],[88.22067,47.24384],[88.26482,47.2374],[88.29803,47.25331],[88.3237,47.23936],[88.36822,47.23484],[88.42776,47.24656]]]}},{"type":"Feature","id":"CTAMAP-2017-COUNTY-0128","properties":{"map_level":"county","source_name":"博湖县","source_code":"652829","county_type":"县","prefecture_name":"巴音郭楞蒙古自治州","prefecture_code":"652800","prefecture_type":"自治州","parent_entity_id":"CNUR-000332","parent_year_end_name":"巴音郭楞蒙古自治州","province_name":"新疆维吾尔自治区","province_code":"650000","snapshot_year":2017,"panel_year":2016,"link_status":"parent_linked","former_name":"","note":""},"geometry":{"type":"Polygon","coordinates":[[[87.19153,41.56484],[87.1462,41.58157],[87.1219,41.57631],[87.10491,41.55949],[86.93018,41.56638],[86.79492,41.60168],[86.7036,41.60035],[86.56365,41.63901],[86.52491,41.639],[86.51254,41.63161],[86.45796,41.64054],[86.41699,41.65926],[86.43938,41.75015],[86.50656,41.75129],[86.51291,41.76369],[86.46536,41.75925],[86.41446,41.76599],[86.37089,41.80064],[86.32961,41.81745],[86.37462,41.83222],[86.38244,41.85602],[86.41048,41.85884],[86.41902,41.84024],[86.43427,41.83334],[86.52134,41.84938],[86.52468,41.87799],[86.50198,41.91686],[86.54584,41.92189],[86.57891,41.96157],[86.59615,41.96574],[86.58332,41.98003],[86.57357,42.02805],[86.58373,42.02955],[86.6053,42.01287],[86.60202,42.04392],[86.64269,42.04929],[86.65933,42.06007],[86.65964,42.07374],[86.69266,42.08825],[86.69684,42.10843],[86.68312,42.11705],[86.7007,42.12215],[86.68951,42.13971],[86.69935,42.14314],[86.70159,42.15491],[86.73308,42.16799],[86.69424,42.19279],[86.67195,42.22221],[86.67631,42.23302],[86.69402,42.21858],[86.75359,42.21367],[86.75324,42.20127],[86.76448,42.19975],[86.76285,42.19088],[86.8183,42.14191],[86.84986,42.14673],[86.94292,42.11237],[86.98937,42.10986],[87.07915,42.08895],[87.09331,42.09336],[87.10755,42.08729],[87.11836,42.06391],[87.15972,42.0442],[87.19068,42.05091],[87.19077,42.04118],[87.32051,42.02858],[87.33294,42.02023],[87.34594,41.97989],[87.34298,41.92118],[87.37813,41.91902],[87.35914,41.90157],[87.40496,41.87952],[87.43149,41.84743],[87.43153,41.83537],[87.42078,41.82531],[87.33127,41.84819],[87.2902,41.86917],[87.28999,41.88015],[87.30689,41.87666],[87.30675,41.88316],[87.27349,41.88021],[87.24613,41.89387],[87.23106,41.88532],[87.19261,41.90565],[87.19153,41.56484]]]}},{"type":"Feature","id":"CTAMAP-2017-COUNTY-0129","properties":{"map_level":"county","source_name":"博乐市","source_code":"652701","county_type":"县级市","prefecture_name":"博尔塔拉蒙古自治州","prefecture_code":"652700","prefecture_type":"自治州","parent_entity_id":"CNUR-000331","parent_year_end_name":"博尔塔拉蒙古自治州","province_name":"新疆维吾尔自治区","province_code":"650000","snapshot_year":2017,"panel_year":2016,"link_status":"parent_linked","former_name":"","note":""},"geometry":{"type":"MultiPolygon","coordinates":[[[[82.27265,45.24316],[82.32745,45.20644],[82.38414,45.18111],[82.43376,45.14305],[82.4471,45.11949],[82.44631,45.104],[82.45538,45.10103],[82.45142,45.06738],[82.43689,45.07087],[82.42996,45.05585],[82.42546,45.01806],[82.43906,44.98945],[82.46306,44.98751],[82.48021,44.96878],[82.48119,44.94923],[82.49068,44.93811],[82.4874,44.90291],[82.4938,44.90284],[82.49387,44.88262],[82.45372,44.88202],[82.3511,44.90076],[82.27585,44.86001],[82.21964,44.88797],[82.17978,44.89303],[82.1429,44.8963],[82.13547,44.88381],[82.09085,44.89541],[82.08728,44.88113],[82.09739,44.87905],[82.0971,44.87251],[82.15718,44.86388],[82.17175,44.83354],[82.19287,44.83562],[82.21131,44.8273],[82.25503,44.83533],[82.24938,44.82878],[82.26604,44.83057],[82.31006,44.80261],[82.34426,44.79874],[82.42784,44.75918],[82.46651,44.75651],[82.5141,44.73539],[82.54027,44.73896],[82.54414,44.72557],[82.53492,44.72617],[82.5391,44.71133],[82.52795,44.69653],[82.54274,44.69556],[82.54444,44.68363],[82.51992,44.68092],[82.50235,44.69326],[82.48835,44.69049],[82.47861,44.67657],[82.46757,44.67891],[82.46973,44.68901],[82.45747,44.68251],[82.45043,44.68909],[82.39787,44.66432],[82.37267,44.67083],[82.32996,44.66544],[82.24854,44.6907],[82.23342,44.681],[82.23387,44.72627],[82.19995,44.73499],[82.20236,44.74356],[82.18994,44.75689],[82.16447,44.70518],[82.12312,44.67946],[82.07335,44.69662],[82.07834,44.72761],[82.05371,44.78032],[81.9929,44.7626],[81.99813,44.74476],[81.96504,44.71859],[81.9459,44.6837],[81.97576,44.69179],[81.98873,44.67883],[82.00204,44.68762],[82.00949,44.67416],[82.0085,44.63251],[81.97558,44.63393],[81.95343,44.59073],[81.97839,44.56819],[82.05352,44.57232],[82.0929,44.56243],[82.0973,44.5416],[82.07334,44.5472],[82.08314,44.51583],[81.97546,44.4821],[82.00729,44.45223],[81.90096,44.43482],[81.83182,44.43482],[81.77785,44.3719],[81.7489,44.35973],[81.74825,44.34592],[81.73526,44.34993],[81.73231,44.36354],[81.70368,44.37291],[81.69997,44.3838],[81.70938,44.39123],[81.64804,44.38572],[81.65193,44.39874],[81.62439,44.41043],[81.61687,44.4312],[81.58278,44.41389],[81.55577,44.42795],[81.54597,44.42266],[81.50858,44.43527],[81.47936,44.43317],[81.45978,44.4518],[81.39824,44.43778],[81.37608,44.44832],[81.35481,44.44187],[81.32175,44.45334],[81.29242,44.45034],[81.21013,44.46174],[81.17965,44.47319],[81.17112,44.4852],[81.10915,44.50576],[81.0567,44.50177],[81.01724,44.50973],[80.99436,44.53511],[80.93152,44.53168],[80.91654,44.53787],[80.88721,44.52948],[80.87318,44.55997],[80.82412,44.57416],[80.75208,44.60957],[80.70272,44.6014],[80.65835,44.62786],[80.65889,44.63692],[80.68085,44.64954],[80.68975,44.67365],[80.70882,44.68657],[80.74543,44.69626],[80.78099,44.68567],[80.85326,44.71395],[80.85111,44.71947],[80.88054,44.73556],[80.91329,44.74431],[80.95152,44.74752],[81.03962,44.73198],[81.06102,44.73561],[81.08624,44.75699],[81.11281,44.74795],[81.13332,44.75519],[81.15131,44.7421],[81.16069,44.75153],[81.18749,44.75087],[81.20885,44.72541],[81.23261,44.72439],[81.26111,44.70153],[81.32043,44.68765],[81.33783,44.69739],[81.37701,44.69063],[81.41989,44.70627],[81.43728,44.70394],[81.5053,44.72158],[81.50668,44.73811],[81.52594,44.75394],[81.53627,44.77817],[81.52894,44.81894],[81.54603,44.84811],[81.60816,44.90818],[81.63044,44.94939],[81.65437,44.96923],[81.65101,44.98258],[81.67907,44.97241],[81.74972,44.9679],[81.754,44.97426],[81.75564,44.98729],[81.71695,45.00652],[81.70075,45.0381],[81.66996,45.03385],[81.66625,45.04134],[81.66093,45.08514],[81.67106,45.10933],[81.66325,45.1393],[81.67332,45.14518],[81.66446,45.18392],[81.6712,45.19951],[81.66409,45.21086],[81.67611,45.22577],[81.663,45.24045],[81.67094,45.2537],[81.66355,45.26804],[81.63623,45.29448],[81.57137,45.31057],[81.57569,45.33367],[81.63509,45.35899],[81.66995,45.35518],[81.69779,45.36863],[81.72658,45.36292],[81.74609,45.37684],[81.78196,45.38499],[81.81429,45.35451],[81.83098,45.32377],[81.9011,45.26519],[81.92408,45.23221],[82.06065,45.25504],[82.08891,45.25058],[82.08754,45.2224],[82.11538,45.21058],[82.15107,45.22366],[82.27265,45.24316]],[[82.13031,45.03554],[82.05036,45.04077],[82.01562,45.02697],[82.01943,45.00413],[81.93757,45.00794],[81.94804,44.98557],[81.9824,44.96122],[81.99087,44.9632],[81.98706,44.977],[82.01324,44.96558],[82.01847,44.97462],[82.04084,44.97272],[82.05892,44.93179],[82.19646,44.91704],[82.2074,44.93655],[82.19217,44.97082],[82.19741,44.98795],[82.18646,44.98843],[82.13031,45.03554]],[[82.14281,44.81221],[82.13195,44.82834],[82.10121,44.84809],[82.08478,44.83257],[82.1183,44.80519],[82.13542,44.81567],[82.14281,44.81221]]],[[[82.71828,44.82123],[82.70124,44.84128],[82.69375,44.83949],[82.68125,44.82985],[82.68732,44.81129],[82.64521,44.79059],[82.6345,44.80558],[82.66412,44.81986],[82.65306,44.82414],[82.66234,44.85627],[82.65163,44.85662],[82.65092,44.88589],[82.59809,44.86269],[82.59738,44.85091],[82.56597,44.85091],[82.56704,44.87376],[82.57953,44.87483],[82.58631,44.89339],[82.61889,44.92818],[82.6483,44.9466],[82.66306,44.9263],[82.68373,44.86647],[82.74019,44.85852],[82.73034,44.85162],[82.739,44.84596],[82.72827,44.8366],[82.73286,44.82481],[82.71828,44.82123]]]]}},{"type":"Feature","id":"CTAMAP-2017-COUNTY-0135","properties":{"map_level":"county","source_name":"布尔津县","source_code":"654321","county_type":"县","prefecture_name":"阿勒泰地区","prefecture_code":"654300","prefecture_type":"地区","parent_entity_id":"CNUR-000340","parent_year_end_name":"阿勒泰地区","province_name":"新疆维吾尔自治区","province_code":"650000","snapshot_year":2017,"panel_year":2016,"link_status":"parent_linked","former_name":"","note":""},"geometry":{"type":"Polygon","coordinates":[[[87.99687,48.61365],[87.97424,48.6412],[87.88578,48.64502],[87.85923,48.62764],[87.86562,48.6117],[87.84488,48.60066],[87.84684,48.57404],[87.81527,48.56675],[87.80488,48.54623],[87.7306,48.5435],[87.73135,48.53567],[87.70975,48.5206],[87.67565,48.51737],[87.66116,48.48315],[87.64884,48.47714],[87.68703,48.4565],[87.68142,48.43465],[87.6901,48.42348],[87.68596,48.41433],[87.64818,48.38492],[87.64673,48.36604],[87.63745,48.35595],[87.64057,48.34265],[87.58082,48.33502],[87.61424,48.31393],[87.60309,48.29826],[87.61154,48.28133],[87.60789,48.24921],[87.58529,48.22334],[87.6143,48.21817],[87.55674,48.18277],[87.52947,48.17845],[87.53748,48.16983],[87.53525,48.16029],[87.51526,48.14348],[87.53029,48.1048],[87.52013,48.08004],[87.52979,48.06289],[87.55306,48.04984],[87.51799,48.02659],[87.44188,48.01181],[87.45103,48.00375],[87.41775,47.97862],[87.44138,47.95719],[87.43982,47.93435],[87.39455,47.91698],[87.38774,47.90938],[87.38737,47.88165],[87.3414,47.86494],[87.34359,47.81128],[87.35731,47.79261],[87.32371,47.7126],[87.31925,47.67992],[87.272,47.58312],[87.26347,47.59329],[87.25297,47.58598],[87.26154,47.58234],[87.25776,47.57175],[87.2386,47.57442],[87.23123,47.58433],[87.20999,47.57716],[87.21146,47.58692],[87.16406,47.59395],[87.15541,47.59272],[87.14748,47.56816],[87.13773,47.5649],[87.14185,47.58343],[87.11922,47.57529],[87.08287,47.58467],[87.06684,47.57939],[87.04635,47.59587],[87.02994,47.59618],[86.93999,47.52928],[86.88728,47.46141],[86.83312,47.47365],[86.69124,47.46699],[86.50635,47.52054],[86.47933,47.53621],[86.47853,47.59025],[86.51521,47.64173],[86.51537,47.74954],[86.52373,47.79525],[86.4695,47.85944],[86.46297,47.87467],[86.46734,47.88731],[86.47837,47.89474],[86.53248,47.88828],[86.61265,47.91478],[86.65656,47.94148],[86.63865,47.95247],[86.65167,47.98391],[86.67786,47.99705],[86.68883,48.03013],[86.72314,48.03386],[86.7187,48.05257],[86.69742,48.06412],[86.72895,48.13762],[86.7409,48.15424],[86.76238,48.16301],[86.76397,48.20764],[86.81603,48.21821],[86.82184,48.26793],[86.84799,48.31426],[86.85368,48.34056],[86.87168,48.35346],[86.86129,48.37689],[86.89079,48.3992],[86.94294,48.40374],[86.9671,48.41602],[87.00678,48.48071],[87.03142,48.49152],[87.04048,48.53802],[87.02499,48.57379],[87.05925,48.59405],[87.05872,48.60834],[87.03803,48.62635],[87.04439,48.63143],[87.03918,48.64788],[87.02232,48.66091],[86.97321,48.67044],[86.93204,48.69056],[86.90332,48.71316],[86.89527,48.73186],[86.91166,48.7445],[86.95169,48.74887],[86.96076,48.75648],[86.96271,48.77561],[86.98701,48.78144],[86.99888,48.83333],[87.01492,48.85178],[87.05175,48.84869],[87.07791,48.87658],[87.11719,48.89302],[87.19047,48.89618],[87.25318,48.96575],[87.2479,48.98497],[87.25351,49.01442],[87.28215,49.01797],[87.30054,49.0305],[87.28947,49.03991],[87.30056,49.04582],[87.30179,49.08054],[87.31744,49.08999],[87.30687,49.09793],[87.3076,49.10811],[87.37223,49.10129],[87.43284,49.0764],[87.51024,49.10303],[87.49061,49.13015],[87.49632,49.14229],[87.67323,49.15645],[87.69602,49.17644],[87.71368,49.18072],[87.76746,49.1737],[87.7903,49.1831],[87.81916,49.17268],[87.81906,49.14997],[87.8413,49.14655],[87.86671,49.11128],[87.8438,49.09427],[87.85133,49.07214],[87.8336,49.0568],[87.83443,49.04538],[87.87754,49.03065],[87.8823,48.99544],[87.90769,48.97913],[87.87761,48.97072],[87.86885,48.94505],[87.81605,48.94921],[87.79252,48.92724],[87.75683,48.92625],[87.75635,48.91112],[87.73789,48.8779],[87.75293,48.86838],[87.78158,48.86971],[87.79385,48.84567],[87.82526,48.8293],[87.79614,48.82055],[87.82458,48.79892],[87.87145,48.79892],[87.93689,48.758],[87.95806,48.77132],[87.97829,48.76894],[88.04801,48.7367],[88.05907,48.71219],[88.097,48.71478],[88.07809,48.68919],[88.02411,48.65103],[88.02624,48.62888],[87.99687,48.61365]]]}},{"type":"Feature","id":"CTAMAP-2017-COUNTY-0147","properties":{"map_level":"county","source_name":"策勒县","source_code":"653225","county_type":"县","prefecture_name":"和田地区","prefecture_code":"653200","prefecture_type":"地区","parent_entity_id":"CNUR-000336","parent_year_end_name":"和田地区","province_name":"新疆维吾尔自治区","province_code":"650000","snapshot_year":2017,"panel_year":2016,"link_status":"parent_linked","former_name":"","note":""},"geometry":{"type":"Polygon","coordinates":[[[81.49112,35.29344],[81.45066,35.31326],[81.44058,35.33352],[81.38353,35.34061],[81.36346,35.35412],[81.3456,35.34307],[81.32699,35.34988],[81.3228,35.33904],[81.27215,35.34785],[81.25885,35.32533],[81.2411,35.33484],[81.21383,35.32444],[81.19156,35.36608],[81.17862,35.37169],[81.15106,35.36303],[81.12697,35.37132],[81.12133,35.38685],[81.09619,35.38416],[81.0996,35.40356],[81.0885,35.41084],[81.07093,35.40013],[81.04881,35.40429],[81.03028,35.38417],[81.02764,35.37238],[81.03727,35.36644],[81.03049,35.34172],[81.00041,35.33549],[81.02378,35.31271],[81.00821,35.30906],[80.94579,35.31485],[80.92613,35.33208],[80.88473,35.32251],[80.85534,35.3426],[80.68738,35.33799],[80.67957,35.34257],[80.68548,35.3533],[80.68038,35.36612],[80.65472,35.37446],[80.66097,35.38811],[80.65218,35.39862],[80.63231,35.39194],[80.59374,35.40818],[80.56465,35.39286],[80.52995,35.40589],[80.51201,35.39221],[80.49188,35.40661],[80.44221,35.41791],[80.43906,35.44745],[80.4232,35.45192],[80.40347,35.49657],[80.35352,35.50632],[80.33806,35.5318],[80.30224,35.53278],[80.29861,35.55565],[80.27771,35.55289],[80.26339,35.56907],[80.24286,35.55476],[80.22489,35.55482],[80.21424,35.56666],[80.1986,35.60037],[80.1768,35.62279],[80.17145,35.65615],[80.14995,35.69775],[80.09857,35.73474],[80.06826,35.74573],[80.06347,35.76236],[80.08229,35.78564],[80.09055,35.8112],[80.05562,35.85321],[80.12356,35.87989],[80.11228,35.90685],[80.12332,35.92361],[80.09992,35.93739],[80.08958,35.97004],[80.12085,36.00491],[80.11036,36.02168],[80.1185,36.0487],[80.10922,36.07151],[80.12371,36.08843],[80.12126,36.13673],[80.13085,36.14471],[80.13841,36.18206],[80.12683,36.21398],[80.14324,36.23414],[80.18392,36.25698],[80.20322,36.28312],[80.24601,36.30717],[80.26892,36.35111],[80.2881,36.36476],[80.28908,36.38713],[80.31492,36.39475],[80.30396,36.41595],[80.31212,36.42366],[80.30007,36.46209],[80.31615,36.4705],[80.30347,36.48477],[80.30788,36.50633],[80.29412,36.5286],[80.34915,36.50807],[80.45172,36.53844],[80.43856,36.56619],[80.44504,36.59652],[80.45662,36.6103],[80.44447,36.62264],[80.46381,36.64535],[80.45437,36.66616],[80.49468,36.71709],[80.51784,36.72598],[80.5264,36.73776],[80.53587,36.8078],[80.55899,36.83108],[80.54879,36.85622],[80.58325,36.94436],[80.56143,36.97733],[80.57803,36.98717],[80.5905,37.04823],[80.59363,37.11609],[81.00622,37.98264],[81.13682,38.33269],[81.28009,38.66249],[81.51569,39.24898],[81.52192,39.48332],[82.17668,39.48405],[82.00043,38.91228],[81.66577,38.33409],[81.39004,37.67538],[81.33983,37.49984],[81.1198,36.97831],[81.1241,36.90515],[81.28415,36.66614],[81.38823,36.33182],[81.42478,36.27213],[81.43938,36.22741],[81.42756,36.18162],[81.42825,36.15111],[81.45283,36.13643],[81.47009,36.11401],[81.45356,36.06107],[81.46669,36.04394],[81.48077,36.04148],[81.48091,36.02845],[81.49479,36.01292],[81.47569,35.99264],[81.47985,35.96898],[81.47219,35.94858],[81.48463,35.93766],[81.44979,35.92767],[81.41924,35.87731],[81.39149,35.86102],[81.36825,35.83072],[81.38165,35.78213],[81.4089,35.76074],[81.41397,35.72601],[81.40121,35.7178],[81.40225,35.69276],[81.43645,35.67814],[81.45074,35.65385],[81.55561,35.63167],[81.58173,35.58586],[81.5817,35.52928],[81.58973,35.51745],[81.57856,35.48623],[81.59152,35.45666],[81.56952,35.43655],[81.55741,35.38632],[81.53721,35.36785],[81.53849,35.353],[81.52132,35.33515],[81.52285,35.31554],[81.49112,35.29344]],[[81.05297,36.32973],[81.03607,36.33412],[81.02291,36.31673],[81.03539,36.31193],[81.0291,36.25991],[81.03432,36.25267],[81.04496,36.25125],[81.04971,36.26197],[81.04332,36.27458],[81.05297,36.32973]],[[80.81183,36.30223],[80.81644,36.29889],[80.81753,36.30419],[80.81183,36.30223]],[[80.81402,36.29236],[80.81319,36.29486],[80.81263,36.29319],[80.81402,36.29236]],[[81.00476,36.26109],[81.00643,36.26037],[81.00682,36.26131],[81.00476,36.26109]],[[81.0278,36.27958],[81.02916,36.28021],[81.0284,36.28073],[81.0278,36.27958]]]}},{"type":"Feature","id":"CTAMAP-2017-COUNTY-0151","properties":{"map_level":"county","source_name":"察布查尔锡伯自治县","source_code":"654022","county_type":"自治县","prefecture_name":"伊犁哈萨克自治州","prefecture_code":"654000","prefecture_type":"自治州","parent_entity_id":"CNUR-000337","parent_year_end_name":"伊犁哈萨克自治州","province_name":"新疆维吾尔自治区","province_code":"650000","snapshot_year":2017,"panel_year":2016,"link_status":"parent_linked","former_name":"","note":""},"geometry":{"type":"Polygon","coordinates":[[[81.07341,43.91299],[81.12054,43.9138],[81.15648,43.92728],[81.23421,43.90143],[81.25865,43.89732],[81.2673,43.90375],[81.31761,43.87472],[81.38217,43.86442],[81.47485,43.80876],[81.53077,43.76267],[81.54733,43.76452],[81.60078,43.70134],[81.62862,43.69066],[81.64525,43.66507],[81.71698,43.63529],[81.70024,43.59892],[81.70424,43.5831],[81.66434,43.56578],[81.60301,43.52239],[81.59268,43.47276],[81.57432,43.4519],[81.57072,43.42957],[81.53614,43.41537],[81.49699,43.41858],[81.48364,43.40662],[81.45629,43.4072],[81.44615,43.39435],[81.41624,43.4042],[81.39427,43.38714],[81.37625,43.38371],[81.35995,43.39244],[81.31435,43.39537],[81.2843,43.37534],[81.24352,43.38152],[81.22744,43.36891],[81.20505,43.36606],[81.18733,43.37664],[81.14381,43.37279],[81.11705,43.38422],[81.05156,43.38101],[81.04104,43.37665],[81.03142,43.33646],[81.01838,43.32868],[81.02017,43.3114],[80.98923,43.29869],[80.94868,43.30364],[80.92408,43.29329],[80.86384,43.29493],[80.84387,43.28679],[80.81509,43.29825],[80.81017,43.30756],[80.77495,43.29666],[80.77249,43.3064],[80.75851,43.31339],[80.69314,43.31536],[80.68344,43.32996],[80.73212,43.38717],[80.74083,43.43285],[80.75653,43.44756],[80.75174,43.49071],[80.61246,43.6828],[80.64419,43.6931],[80.64809,43.68678],[80.68779,43.69423],[80.77227,43.71869],[80.75491,43.78235],[80.77388,43.8011],[80.75982,43.80943],[80.72245,43.81099],[80.7184,43.81933],[80.66893,43.84007],[80.67074,43.84774],[80.68334,43.85308],[80.68297,43.86654],[80.69482,43.87018],[80.70245,43.88351],[80.7427,43.88991],[80.73722,43.886],[80.76195,43.85293],[80.84487,43.86861],[81.01645,43.85203],[81.01708,43.84648],[81.03656,43.84781],[81.03753,43.83911],[81.05304,43.83903],[81.06026,43.84108],[81.06596,43.86098],[81.13054,43.86519],[81.06938,43.89441],[81.05136,43.87756],[81.02113,43.88513],[81.01186,43.87264],[80.9802,43.89313],[80.91483,43.88836],[80.85611,43.92111],[80.84636,43.91897],[80.84392,43.90277],[80.79423,43.8986],[80.79537,43.90566],[80.78259,43.89951],[80.79492,43.90885],[80.80123,43.92973],[80.8226,43.93968],[80.84122,43.94113],[80.85585,43.93105],[80.89336,43.94635],[80.96382,43.90205],[81.00106,43.9099],[81.05134,43.90258],[81.07341,43.91299]]]}},{"type":"Feature","id":"CTAMAP-2017-COUNTY-0160","properties":{"map_level":"county","source_name":"昌吉市","source_code":"652301","county_type":"县级市","prefecture_name":"昌吉回族自治州","prefecture_code":"652300","prefecture_type":"自治州","parent_entity_id":"CNUR-000330","parent_year_end_name":"昌吉回族自治州","province_name":"新疆维吾尔自治区","province_code":"650000","snapshot_year":2017,"panel_year":2016,"link_status":"parent_linked","former_name":"","note":""},"geometry":{"type":"Polygon","coordinates":[[[87.33306,45.00044],[87.55231,44.66724],[87.57841,44.5957],[87.57289,44.56716],[87.5893,44.53987],[87.58136,44.5317],[87.55194,44.57887],[87.50302,44.59651],[87.49909,44.57453],[87.51007,44.54911],[87.45273,44.54944],[87.45287,44.56395],[87.36814,44.56328],[87.40684,44.54006],[87.40376,44.52747],[87.41653,44.50278],[87.42659,44.49825],[87.42098,44.48909],[87.43913,44.46607],[87.44477,44.44459],[87.44193,44.41704],[87.42474,44.40279],[87.42801,44.36785],[87.42064,44.35031],[87.49565,44.2947],[87.47221,44.28042],[87.50758,44.25412],[87.52008,44.23098],[87.50469,44.16207],[87.52635,44.14738],[87.49029,44.10375],[87.5075,44.08741],[87.50143,44.06522],[87.48136,44.0787],[87.45936,44.07747],[87.4527,44.06549],[87.38371,44.04496],[87.35523,44.02394],[87.34095,44.00102],[87.31872,43.98922],[87.30468,43.96793],[87.28332,43.95573],[87.26064,43.91736],[87.2769,43.86639],[87.27583,43.79921],[87.22547,43.74577],[87.19954,43.69618],[87.16399,43.67587],[87.10432,43.59778],[86.99484,43.5312],[86.97294,43.47522],[86.93507,43.46121],[86.89806,43.42748],[86.90315,43.39154],[86.93717,43.36579],[86.91843,43.33989],[86.92012,43.32241],[86.89475,43.3035],[86.89804,43.27016],[86.8752,43.26387],[86.85079,43.20862],[86.813,43.17595],[86.81292,43.1696],[86.84127,43.15953],[86.84381,43.14791],[86.81736,43.1426],[86.81183,43.12734],[86.79505,43.12085],[86.79804,43.1107],[86.77627,43.10556],[86.72591,43.10296],[86.71973,43.11238],[86.6914,43.11821],[86.64345,43.09793],[86.62936,43.11263],[86.55573,43.1309],[86.53163,43.12262],[86.5097,43.12577],[86.50952,43.13484],[86.48064,43.14179],[86.48127,43.15792],[86.43546,43.20541],[86.43214,43.23755],[86.44936,43.24875],[86.43649,43.26257],[86.43583,43.27554],[86.45377,43.29618],[86.43108,43.30695],[86.4146,43.35291],[86.44353,43.36115],[86.46261,43.39301],[86.45255,43.43256],[86.42413,43.45011],[86.42486,43.47353],[86.44473,43.49663],[86.46303,43.4928],[86.47995,43.49908],[86.48022,43.51419],[86.5,43.53668],[86.56652,43.56373],[86.56982,43.59304],[86.59365,43.59839],[86.61056,43.61388],[86.64034,43.61335],[86.69649,43.63636],[86.72031,43.68278],[86.76676,43.72073],[86.74013,43.76023],[86.74753,43.77289],[86.77099,43.76598],[86.78145,43.79673],[86.7519,43.82248],[86.75144,43.84384],[86.76491,43.85432],[86.81023,43.85902],[86.82846,43.86877],[86.82225,43.88358],[86.83682,43.91553],[86.85788,43.93137],[86.886,43.94106],[86.94816,43.93988],[86.9663,43.94956],[86.9928,44.02958],[86.98031,44.08732],[87.00739,44.11839],[87.00828,44.1306],[87.03589,44.14492],[87.0882,44.19387],[87.07746,44.2124],[87.10517,44.29289],[87.11946,44.30863],[87.12355,44.33086],[87.10983,44.34793],[87.10769,44.36691],[87.11771,44.39558],[87.1175,44.66711],[87.00118,45.00038],[87.00119,45.33372],[87.33309,45.33377],[87.33306,45.00044]]]}},{"type":"Feature","id":"CTAMAP-2017-COUNTY-0230","properties":{"map_level":"county","source_name":"达坂城区","source_code":"650107","county_type":"市辖区","prefecture_name":"乌鲁木齐市","prefecture_code":"650100","prefecture_type":"地级市","parent_entity_id":"CNUR-000326","parent_year_end_name":"乌鲁木齐市","province_name":"新疆维吾尔自治区","province_code":"650000","snapshot_year":2017,"panel_year":2016,"link_status":"parent_linked","former_name":"南泉区","note":"2002年南泉区更名为达坂城区"},"geometry":{"type":"MultiPolygon","coordinates":[[[[88.93383,43.63154],[88.93197,43.61944],[88.95423,43.59718],[88.95062,43.5777],[88.97392,43.55317],[88.93411,43.48956],[88.92332,43.42861],[88.87493,43.42031],[88.83863,43.3873],[88.75156,43.39529],[88.73635,43.37895],[88.70293,43.37992],[88.66504,43.36747],[88.64046,43.34542],[88.59063,43.35263],[88.55364,43.34096],[88.52968,43.35053],[88.52252,43.34493],[88.52965,43.27484],[88.52482,43.26647],[88.48015,43.23959],[88.46041,43.20852],[88.42735,43.19472],[88.40473,43.19652],[88.34183,43.22682],[88.31139,43.22109],[88.3073,43.2095],[88.25106,43.21923],[88.2129,43.27431],[88.22693,43.32107],[88.16634,43.33045],[88.12698,43.32395],[88.0561,43.35125],[88.04918,43.42074],[87.84062,43.4839],[87.75712,43.58803],[87.73789,43.60215],[87.71595,43.60563],[87.71172,43.59938],[87.73292,43.59513],[87.74004,43.57854],[87.75223,43.58022],[87.7498,43.56833],[87.73906,43.56988],[87.74119,43.57626],[87.70583,43.57303],[87.64738,43.60312],[87.6574,43.63119],[87.70086,43.62011],[87.69711,43.65006],[87.67628,43.66906],[87.67698,43.6875],[87.65244,43.71197],[87.70193,43.76595],[87.76302,43.77108],[87.7725,43.7623],[87.79091,43.76406],[87.81291,43.78192],[87.87016,43.78689],[87.89366,43.78316],[87.93582,43.76139],[87.98162,43.76563],[87.99862,43.75575],[88.00956,43.76916],[88.07619,43.77853],[88.0997,43.76865],[88.10902,43.74629],[88.16432,43.75809],[88.16726,43.77053],[88.23399,43.76372],[88.25738,43.78474],[88.24821,43.81521],[88.26676,43.8149],[88.27884,43.83],[88.30664,43.81646],[88.30296,43.80417],[88.3113,43.78936],[88.33408,43.80013],[88.409,43.78882],[88.43586,43.80981],[88.45756,43.80598],[88.4693,43.81211],[88.48819,43.84586],[88.51028,43.85676],[88.51526,43.83619],[88.53215,43.82577],[88.52353,43.81012],[88.52843,43.80056],[88.59755,43.80228],[88.62437,43.76446],[88.66856,43.76497],[88.72001,43.74252],[88.71716,43.72943],[88.69968,43.72026],[88.70332,43.70668],[88.7269,43.71309],[88.76686,43.70805],[88.83137,43.72001],[88.88261,43.67902],[88.89871,43.68045],[88.90505,43.64889],[88.93383,43.63154]]],[[[87.53209,42.92243],[87.40131,42.96158],[87.26637,43.03072],[87.18985,43.04912],[87.21354,43.07967],[87.20939,43.0991],[87.2197,43.11414],[87.23836,43.11616],[87.25937,43.13586],[87.26964,43.12226],[87.27346,43.08586],[87.32893,43.06637],[87.36082,43.04608],[87.43233,43.0298],[87.48752,43.03689],[87.56326,43.01537],[87.58571,42.99303],[87.58786,42.96175],[87.57311,42.95767],[87.53209,42.92243]]]]}},{"type":"Feature","id":"CTAMAP-2017-COUNTY-0378","properties":{"map_level":"county","source_name":"独山子区","source_code":"650202","county_type":"市辖区","prefecture_name":"克拉玛依市","prefecture_code":"650200","prefecture_type":"地级市","parent_entity_id":"CNUR-000327","parent_year_end_name":"克拉玛依市","province_name":"新疆维吾尔自治区","province_code":"650000","snapshot_year":2017,"panel_year":2016,"link_status":"parent_linked","former_name":"","note":""},"geometry":{"type":"Polygon","coordinates":[[[84.78241,44.38935],[84.97412,44.3833],[85.11043,44.3425],[85.10885,44.30992],[85.03918,44.31626],[84.99051,44.30844],[84.96435,44.29533],[84.95354,44.26373],[84.9378,44.2525],[84.93292,44.2095],[84.91498,44.17835],[84.86101,44.16722],[84.84756,44.17285],[84.82631,44.15881],[84.79681,44.1607],[84.73458,44.12489],[84.72846,44.12759],[84.73425,44.1437],[84.76181,44.1732],[84.78794,44.22712],[84.79365,44.27582],[84.78087,44.30685],[84.78847,44.32162],[84.77822,44.37529],[84.78241,44.38935]]]}},{"type":"Feature","id":"CTAMAP-2017-COUNTY-0390","properties":{"map_level":"county","source_name":"额敏县","source_code":"654221","county_type":"县","prefecture_name":"塔城地区","prefecture_code":"654200","prefecture_type":"地区","parent_entity_id":"CNUR-000339","parent_year_end_name":"塔城地区","province_name":"新疆维吾尔自治区","province_code":"650000","snapshot_year":2017,"panel_year":2016,"link_status":"parent_linked","former_name":"","note":""},"geometry":{"type":"Polygon","coordinates":[[[84.94528,46.86305],[84.92791,46.85173],[84.87847,46.85517],[84.84158,46.84576],[84.83164,46.83311],[84.81946,46.83136],[84.81246,46.81202],[84.76085,46.79547],[84.76117,46.76282],[84.72463,46.72487],[84.7244,46.69737],[84.69133,46.65562],[84.68444,46.63541],[84.69733,46.61066],[84.74782,46.57056],[84.77188,46.55537],[84.80879,46.55177],[84.80906,46.54522],[84.88508,46.50402],[84.89145,46.47625],[84.87745,46.46031],[84.87913,46.43892],[84.901,46.40381],[84.90438,46.35344],[84.91846,46.32131],[84.94742,46.29129],[85.00606,46.25896],[85.05401,46.2211],[85.14346,46.20037],[85.11976,46.16738],[84.8853,46.15838],[84.78105,46.16801],[84.71354,46.16407],[84.62049,46.17502],[84.59993,46.19688],[84.45634,46.20479],[84.40737,46.21802],[84.3556,46.20701],[84.29883,46.20904],[84.23346,46.19555],[84.1599,46.20429],[84.1196,46.19672],[84.07691,46.17039],[84.03796,46.17711],[84.03085,46.19261],[83.99309,46.19813],[83.92189,46.17766],[83.86588,46.17618],[83.84328,46.18905],[83.75945,46.2034],[83.69661,46.234],[83.68699,46.25378],[83.66505,46.2671],[83.64691,46.31213],[83.59878,46.31902],[83.56117,46.36814],[83.48305,46.37764],[83.4036,46.41459],[83.41501,46.48262],[83.41169,46.51924],[83.43633,46.53934],[83.42303,46.5715],[83.43697,46.57792],[83.48376,46.65908],[83.51304,46.6579],[83.53753,46.67702],[83.53788,46.76316],[83.50818,46.81477],[83.51714,46.87861],[83.56122,46.89472],[83.57217,46.92149],[83.59544,46.93556],[83.60113,46.95488],[83.59563,46.97243],[83.61198,46.98132],[83.61961,47.01056],[83.63611,47.01702],[83.63805,47.04561],[83.69382,47.03471],[83.69782,47.01482],[83.73937,47.02856],[83.77262,47.02525],[83.87355,46.99372],[83.88211,46.98358],[83.90702,46.98465],[83.92079,46.96805],[83.94827,46.98693],[83.9749,46.98329],[83.9931,46.99142],[84.05796,46.96942],[84.09351,46.96642],[84.12978,46.97114],[84.19288,47.0034],[84.28996,46.99526],[84.33636,47.00454],[84.34702,46.99618],[84.37662,46.99541],[84.4293,47.00726],[84.448,47.00469],[84.51102,46.97206],[84.58679,46.99727],[84.63627,46.99481],[84.65546,47.0009],[84.66408,46.9957],[84.68461,47.0076],[84.74736,47.00819],[84.77354,46.98112],[84.84596,46.95688],[84.85399,46.93592],[84.91065,46.88981],[84.9291,46.86304],[84.94528,46.86305]]]}},{"type":"Feature","id":"CTAMAP-2017-COUNTY-0467","properties":{"map_level":"county","source_name":"福海县","source_code":"654323","county_type":"县","prefecture_name":"阿勒泰地区","prefecture_code":"654300","prefecture_type":"地区","parent_entity_id":"CNUR-000340","parent_year_end_name":"阿勒泰地区","province_name":"新疆维吾尔自治区","province_code":"650000","snapshot_year":2017,"panel_year":2016,"link_status":"parent_linked","former_name":"","note":""},"geometry":{"type":"Polygon","coordinates":[[[89.05862,47.99038],[89.03027,47.95529],[89.0,47.93875],[88.97431,47.9368],[88.96448,47.921],[88.98851,47.90585],[88.97003,47.85216],[89.00197,47.80561],[89.01252,47.77559],[89.05115,47.74573],[89.05067,47.73493],[89.0447,47.72342],[88.97318,47.69512],[88.95923,47.67723],[88.9269,47.66615],[88.9222,47.65372],[88.89987,47.64347],[88.89356,47.62181],[88.87643,47.61864],[88.87934,47.59358],[88.86594,47.59361],[88.88031,47.58486],[88.84462,47.58002],[88.83902,47.5734],[88.84448,47.5667],[88.82199,47.55848],[88.80735,47.562],[88.81058,47.54957],[88.85201,47.5348],[88.88235,47.48242],[88.87662,47.45521],[88.84753,47.43166],[88.79709,47.43147],[88.88912,47.39749],[88.94887,47.36583],[88.96555,47.36861],[88.98443,47.34705],[89.02481,47.33392],[89.02615,47.32651],[89.00999,47.324],[89.02356,47.30982],[89.04171,47.30501],[89.01847,47.29484],[89.03159,47.28091],[89.03694,47.25712],[89.00345,47.22739],[88.98081,47.2274],[88.99272,47.21711],[88.96751,47.20107],[88.96604,47.18322],[88.9363,47.16932],[88.74625,46.91709],[88.70189,46.87994],[88.62921,46.85052],[88.61694,46.8345],[88.55814,46.80063],[88.53362,46.80263],[88.50367,46.77792],[88.38907,46.7573],[88.29527,46.75133],[88.27722,46.72614],[88.27961,46.6613],[88.25703,46.52488],[88.68397,46.18197],[88.77656,46.05495],[88.85984,45.95912],[88.84466,45.89773],[88.85333,45.81381],[88.85131,45.65548],[88.81228,45.39482],[88.73461,45.23729],[88.74389,45.22131],[88.73854,45.16953],[88.74601,45.15335],[88.74318,45.10279],[88.73612,45.07328],[88.70837,45.02483],[88.72787,45.00039],[87.33306,45.00044],[87.33289,46.00065],[87.0339,46.4987],[87.1985,46.7148],[87.20061,46.84607],[87.06513,46.9314],[87.02672,46.96515],[87.03749,47.11753],[87.00906,47.28809],[87.01443,47.30156],[87.11439,47.3345],[87.38189,47.39789],[87.42724,47.43278],[87.52782,47.43159],[87.56528,47.42224],[87.57773,47.40247],[87.56893,47.37893],[87.52741,47.33748],[87.56012,47.33677],[87.56974,47.32398],[87.60888,47.31844],[87.64309,47.29711],[87.74505,47.2971],[87.73097,47.28071],[87.84424,47.25055],[87.84299,47.24173],[87.82925,47.23639],[87.80877,47.24324],[87.78412,47.2322],[87.72957,47.22483],[87.72861,47.21888],[87.75971,47.20202],[87.84327,47.1784],[87.91655,47.17271],[87.93386,47.1584],[88.00425,47.14102],[88.06908,47.14189],[88.07703,47.12469],[88.11497,47.12815],[88.13612,47.12302],[88.13567,47.11455],[88.19322,47.12007],[88.22568,47.13388],[88.28811,47.138],[88.35013,47.17201],[88.32848,47.18079],[88.3367,47.23098],[88.42552,47.2328],[88.42844,47.25256],[88.41752,47.26078],[88.38703,47.26371],[88.30434,47.31678],[88.31364,47.45428],[88.34283,47.48483],[88.34993,47.52286],[88.38648,47.5379],[88.40297,47.55717],[88.41985,47.61094],[88.45535,47.67687],[88.50827,47.71098],[88.50733,47.72955],[88.52872,47.7489],[88.52211,47.77531],[88.58289,47.77586],[88.6221,47.77873],[88.62598,47.78253],[88.5612,47.79946],[88.57205,47.8123],[88.57432,47.8327],[88.54125,47.84811],[88.55567,47.85826],[88.55293,47.86967],[88.56661,47.87375],[88.56311,47.87941],[88.53669,47.88525],[88.52604,47.90131],[88.49937,47.91101],[88.43152,47.90954],[88.383,47.93379],[88.38376,47.94276],[88.43711,47.97235],[88.43926,47.98268],[88.47661,47.98431],[88.49269,47.99311],[88.477,48.02279],[88.47976,48.03301],[88.46403,48.04017],[88.47772,48.0778],[88.46397,48.09955],[88.51739,48.1278],[88.53797,48.13016],[88.58192,48.16124],[88.62016,48.16729],[88.63908,48.18055],[88.67292,48.17159],[88.70368,48.17959],[88.72147,48.16119],[88.80137,48.12818],[88.81946,48.10724],[88.93756,48.10941],[88.95301,48.08987],[89.01259,48.0606],[89.03274,48.04192],[89.03785,48.01471],[89.05862,47.99038]]]}},{"type":"Feature","id":"CTAMAP-2017-COUNTY-0478","properties":{"map_level":"county","source_name":"阜康市","source_code":"652302","county_type":"县级市","prefecture_name":"昌吉回族自治州","prefecture_code":"652300","prefecture_type":"自治州","parent_entity_id":"CNUR-000330","parent_year_end_name":"昌吉回族自治州","province_name":"新疆维吾尔自治区","province_code":"650000","snapshot_year":2017,"panel_year":2016,"link_status":"parent_linked","former_name":"","note":""},"geometry":{"type":"Polygon","coordinates":[[[88.5276,43.86459],[88.48819,43.84586],[88.4693,43.81211],[88.45756,43.80598],[88.43586,43.80981],[88.409,43.78882],[88.33408,43.80013],[88.3113,43.78936],[88.30296,43.80417],[88.30664,43.81646],[88.27884,43.83],[88.26676,43.8149],[88.24821,43.81521],[88.25738,43.78474],[88.23399,43.76372],[88.16726,43.77053],[88.16432,43.75809],[88.1352,43.7549],[88.14116,43.78197],[88.12975,43.81547],[88.10857,43.82151],[88.08826,43.81145],[88.07547,43.82181],[88.06228,43.85258],[88.03944,43.85607],[88.0151,43.87378],[88.00869,43.89021],[88.0219,43.90553],[88.01292,43.92741],[88.0168,43.93549],[87.9924,43.96981],[87.99056,43.9996],[87.97111,44.00987],[87.95426,44.00855],[87.86367,44.06276],[87.85495,44.09875],[87.83369,44.10297],[87.82133,44.12235],[87.7711,44.11599],[87.81569,44.22417],[87.81321,44.28756],[87.79168,44.32816],[87.79246,44.36144],[87.89056,44.66088],[87.90372,44.6719],[87.89966,44.69126],[87.92465,44.77999],[88.0012,45.00037],[88.72787,45.00039],[88.71834,44.99255],[88.71794,44.34855],[88.68359,44.32477],[88.71807,44.27849],[88.72165,44.2473],[88.7362,44.22702],[88.73355,44.18324],[88.71498,44.13747],[88.71301,44.1116],[88.72976,44.05928],[88.72529,44.04369],[88.70476,44.0268],[88.70267,44.01302],[88.71117,44.00459],[88.7013,43.98339],[88.67625,43.95303],[88.67301,43.93955],[88.68139,43.93106],[88.60432,43.87861],[88.54538,43.85967],[88.5276,43.86459]]]}},{"type":"Feature","id":"CTAMAP-2017-COUNTY-0495","properties":{"map_level":"county","source_name":"富蕴县","source_code":"654322","county_type":"县","prefecture_name":"阿勒泰地区","prefecture_code":"654300","prefecture_type":"地区","parent_entity_id":"CNUR-000340","parent_year_end_name":"阿勒泰地区","province_name":"新疆维吾尔自治区","province_code":"650000","snapshot_year":2017,"panel_year":2016,"link_status":"parent_linked","former_name":"","note":""},"geometry":{"type":"Polygon","coordinates":[[[90.48877,47.32153],[90.43907,47.33929],[90.40129,47.31517],[90.37882,47.31051],[90.33315,47.32077],[90.3269,47.30903],[90.26851,47.31204],[90.2633,47.30211],[90.24288,47.30055],[90.21898,47.27192],[90.19072,47.27158],[90.19465,47.25621],[90.17649,47.22727],[90.17517,47.20905],[90.14976,47.20727],[90.13594,47.19103],[90.08955,47.17215],[90.08263,47.15142],[90.10726,47.14176],[90.09742,47.10616],[90.10683,47.08899],[90.10469,47.07566],[90.08094,47.06856],[90.0753,47.04878],[90.05037,47.02132],[90.01357,47.01833],[90.00991,47.00802],[89.92584,46.96893],[89.90384,46.97705],[89.89799,46.97273],[89.9064,46.96056],[89.9002,46.93611],[89.90444,46.9184],[89.92181,46.90686],[89.89957,46.89467],[89.88597,46.86771],[89.8791,46.80945],[89.91189,46.74474],[89.86251,46.72594],[89.82574,46.66906],[89.85697,46.57259],[89.85598,46.51227],[89.87437,46.45404],[89.87255,46.41911],[89.94559,46.34659],[89.95615,46.32283],[90.01285,46.27219],[90.05463,46.19004],[89.985,46.16532],[90.04202,46.11795],[90.04779,46.09302],[89.9787,46.04784],[89.9606,45.9937],[89.94742,45.9781],[89.96166,45.92943],[89.97438,45.91246],[89.97008,45.87159],[89.98477,45.77412],[89.98277,45.73469],[89.97483,45.70073],[89.91427,45.67012],[89.9079,45.65491],[89.98038,45.61917],[89.99448,45.53367],[89.98458,45.47158],[89.99213,45.42129],[89.98578,45.41059],[89.9886,45.3882],[89.96235,45.25081],[89.92979,45.16755],[89.94268,45.13741],[89.93651,45.11971],[89.87283,45.07961],[89.80507,45.06239],[89.78798,45.03927],[89.7978,45.02732],[89.77684,45.00038],[88.72787,45.00039],[88.70837,45.02483],[88.73612,45.07328],[88.74318,45.10279],[88.74601,45.15335],[88.73854,45.16953],[88.74389,45.22131],[88.73461,45.23729],[88.81228,45.39482],[88.85131,45.65548],[88.85333,45.81381],[88.84466,45.89773],[88.85984,45.95912],[88.77656,46.05495],[88.68397,46.18197],[88.25651,46.52669],[88.27961,46.6613],[88.27722,46.72614],[88.29378,46.75004],[88.38907,46.7573],[88.50367,46.77792],[88.53362,46.80263],[88.55814,46.80063],[88.61694,46.8345],[88.62921,46.85052],[88.70189,46.87994],[88.74625,46.91709],[88.9363,47.16932],[88.96604,47.18322],[88.96751,47.20107],[88.99272,47.21711],[88.98081,47.2274],[89.00345,47.22739],[89.0377,47.25839],[89.02868,47.28664],[89.01847,47.29484],[89.04171,47.30501],[89.02356,47.30982],[89.00999,47.324],[89.02615,47.32651],[89.02481,47.33392],[88.98443,47.34705],[88.96555,47.36861],[88.94887,47.36583],[88.88912,47.39749],[88.79709,47.43147],[88.84753,47.43166],[88.87662,47.45521],[88.88235,47.48242],[88.85201,47.5348],[88.81058,47.54957],[88.80735,47.562],[88.82199,47.55848],[88.84448,47.5667],[88.83902,47.5734],[88.84462,47.58002],[88.88031,47.58486],[88.86594,47.59361],[88.87934,47.59358],[88.87643,47.61864],[88.89356,47.62181],[88.89987,47.64347],[88.9222,47.65372],[88.9269,47.66615],[88.95923,47.67723],[88.97318,47.69512],[89.0447,47.72342],[89.05067,47.73493],[89.05115,47.74573],[89.01252,47.77559],[89.00197,47.80561],[88.97003,47.85216],[88.97791,47.88954],[88.98859,47.90345],[88.96451,47.92051],[88.97276,47.93574],[89.0,47.93875],[89.0295,47.95478],[89.05161,47.97378],[89.05862,47.99038],[89.09682,47.98509],[89.16642,47.99282],[89.22019,47.97973],[89.28079,47.99404],[89.29612,48.01952],[89.3612,48.02829],[89.37907,48.04494],[89.3987,48.03592],[89.4844,48.02597],[89.54473,48.03843],[89.58022,48.031],[89.59145,48.01872],[89.59007,47.96944],[89.64432,47.94279],[89.64527,47.91252],[89.71209,47.90186],[89.74048,47.88997],[89.75287,47.84503],[89.76631,47.82892],[89.80941,47.83491],[89.86059,47.8287],[89.89535,47.83898],[89.94634,47.83252],[89.95794,47.83847],[89.96017,47.88472],[90.03233,47.87457],[90.06739,47.88187],[90.08327,47.86312],[90.073,47.82187],[90.07579,47.78237],[90.13029,47.72628],[90.19402,47.72225],[90.22615,47.70114],[90.24704,47.70635],[90.34884,47.67213],[90.39173,47.64522],[90.35546,47.64484],[90.34723,47.63165],[90.37793,47.6002],[90.40047,47.54442],[90.46786,47.4976],[90.47339,47.45911],[90.45747,47.43663],[90.46065,47.41055],[90.50312,47.39927],[90.52216,47.38168],[90.50286,47.35631],[90.50586,47.33371],[90.48877,47.32153]]]}},{"type":"Feature","id":"CTAMAP-2017-COUNTY-0496","properties":{"map_level":"county","source_name":"伽师县","source_code":"653129","county_type":"县","prefecture_name":"喀什地区","prefecture_code":"653100","prefecture_type":"地区","parent_entity_id":"CNUR-000335","parent_year_end_name":"喀什地区","province_name":"新疆维吾尔自治区","province_code":"650000","snapshot_year":2017,"panel_year":2016,"link_status":"parent_linked","former_name":"","note":""},"geometry":{"type":"Polygon","coordinates":[[[77.39672,39.30083],[77.29558,39.31099],[77.23111,39.29043],[77.16936,39.30328],[77.11486,39.30066],[77.0836,39.31638],[77.0427,39.32006],[76.85528,39.30671],[76.82349,39.27655],[76.74407,39.27529],[76.69803,39.28675],[76.66875,39.30795],[76.61323,39.30536],[76.51871,39.31985],[76.52518,39.3429],[76.51983,39.35144],[76.41909,39.33959],[76.3661,39.3442],[76.36453,39.35085],[76.33816,39.356],[76.37693,39.37876],[76.40852,39.38183],[76.44855,39.43143],[76.47871,39.44209],[76.46701,39.46675],[76.50299,39.4972],[76.49838,39.50678],[76.50407,39.51665],[76.53502,39.52235],[76.52512,39.53513],[76.54159,39.531],[76.54188,39.54367],[76.56185,39.54658],[76.55856,39.55181],[76.59549,39.61261],[76.5942,39.6294],[76.64417,39.65708],[76.74112,39.73485],[76.78097,39.7526],[76.82115,39.78422],[76.83738,39.83009],[77.03153,39.84513],[77.04693,39.86251],[77.21143,39.84688],[77.27787,39.85697],[77.30911,39.8695],[77.34291,39.86155],[77.36222,39.86873],[77.49135,39.87425],[77.50976,39.8783],[77.50593,39.90336],[77.51908,39.91651],[77.61101,39.9237],[77.62605,39.91892],[77.73781,39.93701],[77.78873,39.92455],[77.79519,39.9054],[77.87893,39.8597],[77.90112,39.86177],[77.89987,39.85341],[77.92112,39.84572],[77.94495,39.80034],[77.99796,39.7678],[77.99992,39.75851],[77.97699,39.76086],[77.9763,39.7528],[77.95986,39.75069],[77.96598,39.73849],[77.95272,39.72957],[77.9535,39.72312],[77.98318,39.7223],[77.97632,39.68309],[77.94516,39.68413],[77.92079,39.67347],[77.91393,39.64551],[77.92796,39.60306],[77.90939,39.59923],[77.90665,39.58492],[77.88525,39.56835],[77.81931,39.55953],[77.79818,39.53445],[77.73032,39.50022],[77.6757,39.44778],[77.59734,39.42385],[77.56078,39.38602],[77.53702,39.39203],[77.52554,39.34799],[77.52702,39.32014],[77.51669,39.30526],[77.50131,39.30004],[77.42911,39.3074],[77.39672,39.30083]]]}},{"type":"Feature","id":"CTAMAP-2017-COUNTY-0518","properties":{"map_level":"county","source_name":"高昌区","source_code":"650402","county_type":"市辖区","prefecture_name":"吐鲁番市","prefecture_code":"650400","prefecture_type":"地级市","parent_entity_id":"CNUR-000328","parent_year_end_name":"吐鲁番市","province_name":"新疆维吾尔自治区","province_code":"650000","snapshot_year":2017,"panel_year":2016,"link_status":"parent_linked","former_name":"吐鲁番市","note":"2015年撤销吐鲁番市，设立高昌区"},"geometry":{"type":"Polygon","coordinates":[[[89.2081,43.52503],[89.2215,43.52434],[89.25809,43.55088],[89.27745,43.55114],[89.31052,43.53578],[89.32329,43.4995],[89.3726,43.48917],[89.37675,43.46267],[89.3918,43.45327],[89.47021,43.44571],[89.48855,43.45276],[89.54886,43.431],[89.6235,43.42589],[89.67635,43.40893],[89.68846,43.42338],[89.71813,43.41351],[89.7442,43.42317],[89.75624,43.46233],[89.80138,43.45702],[89.88162,43.46714],[89.91806,43.45138],[89.93338,43.45244],[89.92828,43.43846],[89.94355,43.42826],[89.95539,43.40491],[89.91725,43.33277],[89.93144,43.29251],[89.92455,43.25445],[89.94399,43.22615],[89.9402,43.19165],[89.92789,43.17978],[89.91745,43.1443],[89.81395,43.00005],[89.65901,42.87358],[89.60238,42.85849],[89.58785,42.83837],[89.54582,42.81403],[89.50961,42.76814],[89.49533,42.74219],[89.49886,42.72826],[89.48156,42.68332],[89.45329,42.62783],[89.43935,42.55393],[89.42831,42.53672],[89.44527,42.49489],[89.41437,42.44678],[89.40769,42.4095],[89.3986,42.28541],[89.49519,42.19928],[89.50437,42.15384],[89.55557,42.061],[89.57147,41.98832],[89.59461,41.94991],[89.59925,41.90679],[89.5891,41.69836],[89.6024,41.63045],[89.54481,41.58616],[89.53911,41.56694],[89.56935,41.5027],[89.6041,41.39844],[89.65636,41.36912],[89.66391,41.35577],[89.55682,41.36693],[89.45781,41.35878],[89.44001,41.373],[89.40421,41.38225],[89.3967,41.39467],[89.34117,41.40408],[89.33456,41.40335],[89.33159,41.38776],[89.27586,41.38467],[89.22688,41.37057],[89.22624,41.40041],[89.23905,41.43249],[89.23411,41.44928],[89.15287,41.47325],[89.11642,41.49844],[89.11225,41.56341],[89.07367,41.63729],[89.15233,41.74613],[89.15177,41.79171],[89.12651,41.82781],[89.08258,41.85751],[88.95318,41.91123],[88.93352,41.92582],[88.92332,41.96735],[88.89298,42.02716],[88.89173,42.09327],[88.97029,42.16321],[88.8896,42.23326],[88.86245,42.22815],[88.85725,42.234],[88.88058,42.29896],[88.92018,42.33959],[88.94356,42.34794],[88.98515,42.50003],[89.01932,42.54352],[89.02991,42.78006],[88.9435,42.79554],[88.94124,42.82353],[88.90398,42.87866],[88.86745,42.91361],[88.79741,42.93628],[88.75291,42.98533],[88.72399,42.99181],[88.6937,43.06284],[88.64667,43.08142],[88.62841,43.12065],[88.56141,43.17577],[88.55691,43.19022],[88.49036,43.2116],[88.46789,43.20232],[88.46108,43.20941],[88.48015,43.23959],[88.51033,43.25351],[88.52937,43.27394],[88.52252,43.34493],[88.52968,43.35053],[88.55364,43.34096],[88.59063,43.35263],[88.64046,43.34542],[88.66504,43.36747],[88.70293,43.37992],[88.73635,43.37895],[88.75156,43.39529],[88.83863,43.3873],[88.87493,43.42031],[88.92536,43.43042],[88.93411,43.48956],[88.97392,43.55317],[88.95062,43.5777],[88.95423,43.59718],[88.93197,43.61944],[88.93383,43.63154],[89.0,43.60597],[89.02241,43.61055],[89.07267,43.59336],[89.0888,43.59961],[89.15864,43.59532],[89.18518,43.58276],[89.18607,43.56816],[89.20222,43.555],[89.19695,43.53751],[89.2081,43.52503]]]}},{"type":"Feature","id":"CTAMAP-2017-COUNTY-0546","properties":{"map_level":"county","source_name":"巩留县","source_code":"654024","county_type":"县","prefecture_name":"伊犁哈萨克自治州","prefecture_code":"654000","prefecture_type":"自治州","parent_entity_id":"CNUR-000337","parent_year_end_name":"伊犁哈萨克自治州","province_name":"新疆维吾尔自治区","province_code":"650000","snapshot_year":2017,"panel_year":2016,"link_status":"parent_linked","former_name":"","note":""},"geometry":{"type":"Polygon","coordinates":[[[82.21029,43.59127],[82.28007,43.59652],[82.29062,43.60632],[82.33188,43.602],[82.35435,43.60933],[82.50839,43.59222],[82.51733,43.55136],[82.48783,43.49203],[82.5019,43.46475],[82.49344,43.45011],[82.50072,43.44109],[82.47522,43.41072],[82.48618,43.40226],[82.49062,43.34441],[82.64967,43.28784],[82.69682,43.28702],[82.83345,43.25266],[82.89783,43.25359],[82.91713,43.24606],[82.92621,43.2286],[82.94918,43.21329],[83.07166,43.20305],[83.09971,43.18032],[83.15787,43.16582],[83.21391,43.12555],[83.28274,43.12713],[83.33689,43.10689],[83.39201,43.10495],[83.41389,43.09129],[83.4426,43.05576],[83.42565,43.04305],[83.40367,43.05047],[83.38005,43.04349],[83.35788,43.02665],[83.33279,43.03078],[83.32203,43.04598],[83.30676,43.03542],[83.2854,43.03833],[83.26446,43.01665],[83.24486,43.02922],[83.21433,43.01018],[83.14846,43.00774],[83.13699,42.98878],[83.12999,42.99735],[83.02214,42.9933],[83.00878,43.00658],[82.98778,42.99147],[82.9625,42.9938],[82.94038,42.98524],[82.88753,42.99152],[82.88086,42.98056],[82.85589,42.96996],[82.82245,42.98122],[82.82114,42.95478],[82.80369,42.95098],[82.79293,42.93378],[82.74069,42.93906],[82.70584,42.9522],[82.68901,42.93316],[82.58502,42.93362],[82.5693,42.93961],[82.54037,43.01964],[82.50107,43.03948],[82.49146,43.05802],[82.48173,43.0602],[82.48326,43.09143],[82.46177,43.11704],[82.46964,43.13069],[82.46668,43.16587],[82.48489,43.17214],[82.46766,43.18342],[82.47514,43.24616],[82.48927,43.25988],[82.48891,43.27243],[82.45187,43.32603],[82.42987,43.31422],[82.37736,43.32399],[82.33389,43.31347],[82.31498,43.32133],[82.23434,43.31955],[82.21414,43.30754],[82.18835,43.31263],[82.18537,43.32242],[82.12027,43.33074],[82.0929,43.31957],[82.0245,43.32614],[81.99289,43.31023],[81.94418,43.32027],[81.92313,43.30525],[81.90882,43.30623],[81.83031,43.33562],[81.80525,43.37101],[81.72757,43.37537],[81.63183,43.40123],[81.6017,43.3967],[81.58723,43.40333],[81.58812,43.40961],[81.56364,43.41035],[81.54988,43.42102],[81.57072,43.42957],[81.57432,43.4519],[81.59268,43.47276],[81.60301,43.52239],[81.66434,43.56578],[81.70424,43.5831],[81.7058,43.61771],[81.71946,43.63013],[81.76511,43.60887],[81.79094,43.62625],[81.82783,43.62508],[81.83455,43.63501],[81.85316,43.62875],[81.85935,43.63356],[81.88391,43.62358],[81.93595,43.6195],[81.93724,43.60769],[82.04374,43.60319],[82.04996,43.59344],[82.08763,43.58677],[82.10943,43.59626],[82.21029,43.59127]]]}},{"type":"Feature","id":"CTAMAP-2017-COUNTY-0607","properties":{"map_level":"county","source_name":"哈巴河县","source_code":"654324","county_type":"县","prefecture_name":"阿勒泰地区","prefecture_code":"654300","prefecture_type":"地区","parent_entity_id":"CNUR-000340","parent_year_end_name":"阿勒泰地区","province_name":"新疆维吾尔自治区","province_code":"650000","snapshot_year":2017,"panel_year":2016,"link_status":"parent_linked","former_name":"","note":""},"geometry":{"type":"Polygon","coordinates":[[[87.3076,49.10811],[87.30687,49.09793],[87.31744,49.08999],[87.30179,49.08054],[87.30056,49.04582],[87.28947,49.03991],[87.30054,49.0305],[87.28215,49.01797],[87.25351,49.01442],[87.2479,48.98497],[87.25318,48.96575],[87.19047,48.89618],[87.11719,48.89302],[87.07791,48.87658],[87.05175,48.84869],[87.01492,48.85178],[86.99888,48.83333],[86.98701,48.78144],[86.96271,48.77561],[86.96076,48.75648],[86.95169,48.74887],[86.91166,48.7445],[86.89527,48.73186],[86.90332,48.71316],[86.93204,48.69056],[86.97321,48.67044],[87.02232,48.66091],[87.03918,48.64788],[87.04439,48.63143],[87.03803,48.62635],[87.05872,48.60834],[87.05925,48.59405],[87.02499,48.57379],[87.04048,48.53802],[87.03142,48.49152],[87.00678,48.48071],[86.9671,48.41602],[86.94294,48.40374],[86.89079,48.3992],[86.86129,48.37689],[86.87168,48.35346],[86.85368,48.34056],[86.84799,48.31426],[86.82184,48.26793],[86.81603,48.21821],[86.76397,48.20764],[86.76238,48.16301],[86.7409,48.15424],[86.72895,48.13762],[86.69742,48.06412],[86.7187,48.05257],[86.72314,48.03386],[86.68883,48.03013],[86.67786,47.99705],[86.65167,47.98391],[86.63865,47.95247],[86.65656,47.94148],[86.61265,47.91478],[86.53248,47.88828],[86.47837,47.89474],[86.46734,47.88731],[86.46297,47.87467],[86.4695,47.85944],[86.52359,47.7964],[86.51181,47.63478],[86.47894,47.62964],[86.44867,47.63608],[86.36619,47.67132],[86.31959,47.70957],[86.18398,47.72257],[86.17892,47.73732],[86.19038,47.75417],[86.16895,47.77622],[86.17782,47.79341],[86.05339,47.80475],[85.99135,47.82534],[85.9704,47.82171],[85.875,47.83333],[85.83868,47.85964],[85.77076,47.89111],[85.69557,47.9064],[85.55384,47.95125],[85.54985,47.97966],[85.54005,47.99301],[85.54256,48.01445],[85.52653,48.02415],[85.54364,48.05697],[85.54114,48.07648],[85.55024,48.07963],[85.54352,48.08838],[85.55612,48.10915],[85.54959,48.118],[85.566,48.13454],[85.56553,48.1531],[85.58156,48.16766],[85.59182,48.19831],[85.62561,48.20747],[85.63882,48.23376],[85.66749,48.25185],[85.68688,48.27909],[85.69723,48.33346],[85.71819,48.36505],[85.75799,48.40061],[85.78745,48.41748],[85.82501,48.42644],[85.91436,48.43649],[86.0641,48.44103],[86.2243,48.43195],[86.27435,48.45724],[86.31014,48.48962],[86.36002,48.49325],[86.37608,48.50288],[86.40657,48.47848],[86.58701,48.54107],[86.59565,48.55541],[86.59349,48.57607],[86.62778,48.60402],[86.63642,48.62842],[86.6883,48.64098],[86.70008,48.66823],[86.77217,48.71981],[86.77229,48.75025],[86.75063,48.7835],[86.76442,48.80723],[86.81793,48.83175],[86.82004,48.84798],[86.74088,48.91449],[86.73024,48.95588],[86.73284,48.99231],[86.76009,49.02174],[86.83405,49.0502],[86.8472,49.06519],[86.84298,49.09438],[86.85319,49.11056],[86.88693,49.13181],[86.90782,49.13512],[86.94707,49.13168],[87.00058,49.14298],[87.04417,49.13121],[87.08286,49.13369],[87.11027,49.15601],[87.20549,49.13873],[87.23172,49.11456],[87.2909,49.11951],[87.3076,49.10811]]]}},{"type":"Feature","id":"CTAMAP-2017-COUNTY-0655","properties":{"map_level":"county","source_name":"和布克赛尔蒙古自治县","source_code":"654226","county_type":"自治县","prefecture_name":"塔城地区","prefecture_code":"654200","prefecture_type":"地区","parent_entity_id":"CNUR-000339","parent_year_end_name":"塔城地区","province_name":"新疆维吾尔自治区","province_code":"650000","snapshot_year":2017,"panel_year":2016,"link_status":"parent_linked","former_name":"","note":""},"geometry":{"type":"Polygon","coordinates":[[[87.03427,47.11772],[87.02672,46.96515],[87.06513,46.9314],[87.2005,46.84858],[87.1985,46.7148],[87.0339,46.4987],[87.33289,46.00065],[87.3335,45.33377],[85.24393,45.33374],[85.24747,45.36545],[85.23819,45.37532],[85.28068,45.42032],[85.3862,45.43543],[85.43141,45.45869],[85.48958,45.5124],[85.50857,45.54717],[85.53099,45.563],[85.54431,45.59339],[85.56301,45.60087],[85.5671,45.61755],[85.5908,45.6385],[85.58895,45.65316],[85.6188,45.76226],[85.64512,45.7807],[85.63969,45.78839],[85.84444,45.91827],[85.86817,45.92613],[85.88592,45.9403],[85.87254,45.9451],[85.87779,45.95222],[85.91715,45.9688],[85.94141,45.96351],[85.92945,45.97458],[85.95209,46.00051],[85.94963,46.01819],[85.95993,46.04403],[86.0215,46.06906],[85.9899,46.12365],[85.90233,46.18098],[85.86047,46.18442],[85.81112,46.17733],[85.78869,46.19209],[85.67716,46.1901],[85.64303,46.21072],[85.61238,46.21156],[85.54663,46.19454],[85.43493,46.14923],[85.42794,46.1306],[85.41183,46.12806],[85.38643,46.14526],[85.3279,46.15223],[85.27031,46.17784],[85.21092,46.18389],[85.19014,46.19569],[85.12736,46.20132],[85.05401,46.2211],[85.00606,46.25896],[84.94742,46.29129],[84.91846,46.32131],[84.90438,46.35344],[84.901,46.40381],[84.87913,46.43892],[84.87745,46.46031],[84.89145,46.47625],[84.88508,46.50402],[84.80906,46.54522],[84.80879,46.55177],[84.76741,46.55789],[84.69929,46.60865],[84.68524,46.63311],[84.69133,46.65562],[84.7244,46.69737],[84.72463,46.72487],[84.76117,46.76282],[84.76085,46.79547],[84.81246,46.81202],[84.81946,46.83136],[84.83164,46.83311],[84.84158,46.84576],[84.87847,46.85517],[84.93206,46.85261],[84.97203,46.88096],[84.97233,46.90372],[84.98982,46.92091],[85.07183,46.93297],[85.08903,46.96],[85.13707,46.9893],[85.168,46.99584],[85.21069,47.05125],[85.26452,47.05468],[85.27308,47.06795],[85.32319,47.04425],[85.44298,47.06182],[85.67558,47.05042],[85.86758,47.06273],[85.95222,47.07708],[86.00297,47.06533],[86.05018,47.03515],[86.04873,47.02534],[86.07883,47.02486],[86.22642,47.04281],[86.31423,47.07656],[86.31523,47.07078],[86.37456,47.08658],[86.43181,47.082],[86.48966,47.08913],[86.49172,47.06295],[86.54753,47.05021],[86.57869,47.0511],[87.03427,47.11772]]]}},{"type":"Feature","id":"CTAMAP-2017-COUNTY-0656","properties":{"map_level":"county","source_name":"和静县","source_code":"652827","county_type":"县","prefecture_name":"巴音郭楞蒙古自治州","prefecture_code":"652800","prefecture_type":"自治州","parent_entity_id":"CNUR-000332","parent_year_end_name":"巴音郭楞蒙古自治州","province_name":"新疆维吾尔自治区","province_code":"650000","snapshot_year":2017,"panel_year":2016,"link_status":"parent_linked","former_name":"","note":""},"geometry":{"type":"Polygon","coordinates":[[[85.59472,43.52817],[85.58578,43.52006],[85.64971,43.51859],[85.68485,43.48429],[85.76978,43.46204],[85.78254,43.4493],[85.84004,43.43634],[85.86101,43.44464],[85.98712,43.40188],[86.00122,43.41632],[86.01935,43.4061],[86.08622,43.43167],[86.08894,43.40472],[86.12137,43.38267],[86.12346,43.36432],[86.15272,43.35622],[86.14997,43.33509],[86.16054,43.32645],[86.16116,43.30337],[86.26618,43.27115],[86.27302,43.25297],[86.29026,43.24217],[86.3814,43.22313],[86.48265,43.14038],[86.50952,43.13484],[86.5097,43.12577],[86.53163,43.12262],[86.55573,43.1309],[86.62936,43.11263],[86.64345,43.09793],[86.67255,43.10548],[86.68676,43.11784],[86.71973,43.11238],[86.72591,43.10296],[86.79804,43.1107],[86.80042,43.103],[86.85068,43.08169],[86.88094,43.08105],[86.94111,43.04384],[87.01764,43.02705],[87.03658,43.03818],[87.05139,43.02192],[87.06545,43.02209],[87.10818,43.04583],[87.10727,43.06292],[87.11732,43.06396],[87.26637,43.03072],[87.40131,42.96158],[87.53209,42.92243],[87.53696,42.90962],[87.52357,42.86363],[87.48098,42.86755],[87.51989,42.86078],[87.48878,42.85575],[87.51692,42.85549],[87.54145,42.83851],[87.50926,42.79533],[87.45291,42.79813],[87.44305,42.78332],[87.42727,42.77879],[87.39487,42.78988],[87.38667,42.78692],[87.38603,42.77453],[87.36723,42.76748],[87.31881,42.76547],[87.27389,42.77539],[87.23958,42.76525],[87.23767,42.75358],[87.22273,42.74594],[87.1817,42.76857],[87.15933,42.74454],[87.01045,42.7423],[87.00224,42.73358],[87.01507,42.70816],[87.00683,42.6763],[86.97135,42.67212],[86.97292,42.64345],[87.00044,42.62458],[86.95877,42.60554],[86.95056,42.57703],[87.00362,42.49718],[87.03702,42.4739],[87.03852,42.46306],[87.00306,42.44404],[86.92331,42.43627],[86.93433,42.45887],[86.93108,42.47072],[86.90517,42.47961],[86.8465,42.45861],[86.83809,42.44929],[86.83916,42.42758],[86.75142,42.42984],[86.74895,42.41683],[86.71861,42.38578],[86.64391,42.31777],[86.61647,42.30207],[86.63259,42.29204],[86.63282,42.23077],[86.65895,42.22655],[86.64641,42.20894],[86.62431,42.21161],[86.59859,42.16142],[86.55351,42.14631],[86.55562,42.13654],[86.54383,42.13477],[86.53756,42.11719],[86.49897,42.10028],[86.47523,42.11046],[86.44471,42.10951],[86.42284,42.13052],[86.41982,42.12455],[86.40408,42.12705],[86.39997,42.1366],[86.39422,42.13052],[86.37258,42.13182],[86.37133,42.14464],[86.35866,42.13046],[86.34539,42.13354],[86.36145,42.12603],[86.36119,42.11087],[86.34886,42.09561],[86.28945,42.114],[86.26406,42.13936],[86.20768,42.15759],[86.19993,42.12391],[86.14783,42.11196],[86.10403,42.16613],[85.9165,42.18316],[85.83474,42.198],[85.7536,42.23602],[85.66021,42.25644],[85.64177,42.252],[85.61073,42.28866],[85.59897,42.28743],[85.57364,42.30585],[85.55273,42.30507],[85.54551,42.31829],[85.52948,42.319],[85.51876,42.33251],[85.48299,42.32557],[85.40696,42.34504],[85.37391,42.33852],[85.30836,42.34279],[85.29247,42.33294],[85.24586,42.32739],[85.25344,42.31379],[85.28738,42.30106],[85.27652,42.28574],[85.16436,42.27561],[85.10396,42.3],[85.08728,42.29273],[85.01914,42.29456],[84.97313,42.32015],[84.85121,42.36601],[84.84245,42.36078],[84.84132,42.33936],[84.80834,42.31177],[84.77118,42.30292],[84.75648,42.34373],[84.74173,42.35792],[84.7139,42.36203],[84.69807,42.37676],[84.6359,42.37388],[84.5274,42.42341],[84.42879,42.4406],[84.26561,42.43834],[84.2402,42.42202],[84.21645,42.42687],[84.19987,42.44677],[84.13292,42.461],[84.13286,42.47652],[84.12058,42.48597],[84.09052,42.48276],[84.06621,42.50317],[84.03981,42.49923],[83.97933,42.50753],[83.9411,42.53298],[83.91462,42.52069],[83.89607,42.52875],[83.86665,42.52324],[83.82517,42.53276],[83.81264,42.52586],[83.80278,42.53322],[83.77046,42.52922],[83.70667,42.53892],[83.68916,42.53345],[83.69435,42.52431],[83.68073,42.50709],[83.66398,42.50588],[83.66319,42.51244],[83.64631,42.51594],[83.63024,42.50479],[83.53008,42.48744],[83.4982,42.46841],[83.48348,42.47317],[83.47017,42.46548],[83.44491,42.48666],[83.35142,42.50403],[83.34609,42.54624],[83.32763,42.56379],[83.30768,42.56567],[83.28256,42.55402],[83.23252,42.58505],[83.21762,42.58001],[83.20471,42.58552],[83.15749,42.56752],[83.10197,42.56157],[83.08005,42.54979],[83.06708,42.56142],[83.03567,42.56728],[83.02534,42.58794],[83.00476,42.59036],[82.99345,42.62023],[82.96489,42.62958],[82.93684,42.62324],[82.9322,42.6006],[82.85342,42.56668],[82.83638,42.56715],[82.8362,42.58037],[82.81367,42.57914],[82.83441,42.61305],[82.81857,42.64705],[82.79195,42.64386],[82.77288,42.62014],[82.74913,42.62619],[82.73505,42.60161],[82.72096,42.60251],[82.71895,42.59486],[82.67538,42.5957],[82.66597,42.58652],[82.64077,42.59246],[82.61872,42.61225],[82.63207,42.6492],[82.62309,42.65662],[82.62421,42.67036],[82.60575,42.67817],[82.61058,42.68404],[82.59902,42.71427],[82.56765,42.73502],[82.57427,42.74075],[82.567,42.74846],[82.54271,42.75848],[82.54238,42.77213],[82.52184,42.77878],[82.49877,42.80069],[82.47829,42.79944],[82.46772,42.83844],[82.48714,42.85823],[82.51755,42.86225],[82.51538,42.89299],[82.52438,42.89988],[82.54422,42.90037],[82.58729,42.8823],[82.59993,42.88845],[82.64145,42.87843],[82.65068,42.93494],[82.69182,42.93384],[82.70584,42.9522],[82.74069,42.93906],[82.79293,42.93378],[82.80369,42.95098],[82.82114,42.95478],[82.82245,42.98122],[82.85589,42.96996],[82.88086,42.98056],[82.88753,42.99152],[82.94038,42.98524],[82.9625,42.9938],[82.98778,42.99147],[83.00878,43.00658],[83.02214,42.9933],[83.12999,42.99735],[83.13699,42.98878],[83.14846,43.00774],[83.21433,43.01018],[83.24486,43.02922],[83.26446,43.01665],[83.27918,43.03588],[83.30676,43.03542],[83.32203,43.04598],[83.33279,43.03078],[83.35788,43.02665],[83.39619,43.04893],[83.41573,43.05034],[83.42565,43.04305],[83.46186,43.06091],[83.50172,43.05753],[83.51937,43.07079],[83.56284,43.07446],[83.56457,43.09171],[83.63503,43.08051],[83.64929,43.09314],[83.67424,43.093],[83.70846,43.1325],[83.72514,43.13927],[83.73498,43.13424],[83.75395,43.14661],[83.79416,43.14433],[83.7937,43.13398],[83.80713,43.13116],[83.83367,43.13557],[83.88943,43.12107],[83.91145,43.12714],[83.93849,43.1525],[83.96297,43.15662],[83.97877,43.15376],[83.97882,43.14056],[84.03371,43.13044],[84.03586,43.14468],[84.05227,43.1506],[84.08714,43.15134],[84.10261,43.14387],[84.27717,43.1734],[84.35966,43.15809],[84.3643,43.14932],[84.3564,43.14072],[84.41492,43.1009],[84.42409,43.12323],[84.42321,43.16145],[84.50174,43.16292],[84.53828,43.15154],[84.56297,43.16407],[84.62748,43.16586],[84.65138,43.17414],[84.64896,43.19197],[84.62115,43.2025],[84.60204,43.22647],[84.55925,43.23141],[84.57283,43.23903],[84.58336,43.26087],[84.55738,43.26779],[84.53687,43.26171],[84.52976,43.29141],[84.5505,43.33041],[84.58241,43.32879],[84.59577,43.34156],[84.6217,43.33717],[84.67385,43.37117],[84.69034,43.40019],[84.65832,43.41296],[84.62839,43.43865],[84.63325,43.45803],[84.65869,43.47135],[84.65925,43.48983],[84.6847,43.47903],[84.71294,43.45183],[84.73841,43.44994],[84.79312,43.46364],[84.80177,43.44995],[84.89858,43.41798],[84.92494,43.42695],[84.94825,43.48294],[84.9773,43.47829],[84.98739,43.48453],[85.05308,43.56117],[85.15115,43.54634],[85.16813,43.51022],[85.24123,43.51447],[85.28468,43.50091],[85.29489,43.50637],[85.2942,43.52076],[85.31238,43.5276],[85.32448,43.51663],[85.32173,43.48719],[85.35439,43.48017],[85.43799,43.47911],[85.45796,43.49465],[85.48062,43.49674],[85.48693,43.51876],[85.51596,43.5346],[85.59472,43.52817]]]}},{"type":"Feature","id":"CTAMAP-2017-COUNTY-0661","properties":{"map_level":"county","source_name":"和硕县","source_code":"652828","county_type":"县","prefecture_name":"巴音郭楞蒙古自治州","prefecture_code":"652800","prefecture_type":"自治州","parent_entity_id":"CNUR-000332","parent_year_end_name":"巴音郭楞蒙古自治州","province_name":"新疆维吾尔自治区","province_code":"650000","snapshot_year":2017,"panel_year":2016,"link_status":"parent_linked","former_name":"","note":""},"geometry":{"type":"Polygon","coordinates":[[[87.50614,42.79415],[87.53649,42.77788],[87.68477,42.75993],[87.83742,42.76667],[87.84286,42.75167],[87.90182,42.70447],[87.90799,42.65957],[87.98299,42.63329],[88.0795,42.58128],[88.14425,42.5622],[88.19979,42.50031],[88.18065,42.44567],[88.13903,42.42893],[88.11772,42.36859],[87.99976,42.32813],[87.8942,42.24735],[87.90546,42.23444],[87.91612,42.18274],[87.99361,42.06744],[88.13639,42.00245],[88.15924,41.97392],[88.16738,41.94196],[88.18863,41.92232],[88.21262,41.86979],[88.24744,41.84234],[88.29122,41.82123],[88.33907,41.76655],[88.34506,41.66865],[88.3344,41.63854],[88.35229,41.60598],[88.33872,41.57418],[88.3478,41.53735],[88.30607,41.51328],[88.31636,41.49146],[88.26302,41.46563],[88.23686,41.47124],[88.22073,41.46522],[88.21187,41.44968],[88.11917,41.43722],[88.10507,41.42595],[88.04003,41.43084],[88.03347,41.42144],[88.01788,41.42029],[87.97253,41.43375],[87.97397,41.45065],[87.95252,41.46567],[87.91488,41.46846],[87.8698,41.48516],[87.83848,41.48094],[87.79228,41.48833],[87.72698,41.50134],[87.71417,41.51203],[87.6511,41.51081],[87.53725,41.49351],[87.50308,41.49625],[87.49132,41.49904],[87.4878,41.5153],[87.45197,41.53669],[87.41613,41.50635],[87.38287,41.51474],[87.3909,41.5302],[87.37356,41.54317],[87.26949,41.54379],[87.19153,41.56484],[87.19261,41.90565],[87.23106,41.88532],[87.24613,41.89387],[87.27349,41.88021],[87.30675,41.88316],[87.30689,41.87666],[87.28999,41.88015],[87.2902,41.86917],[87.33127,41.84819],[87.42078,41.82531],[87.43153,41.83537],[87.43149,41.84743],[87.40496,41.87952],[87.35914,41.90157],[87.37813,41.91902],[87.34298,41.92118],[87.34594,41.97989],[87.33294,42.02023],[87.32051,42.02858],[87.19077,42.04118],[87.19068,42.05091],[87.15972,42.0442],[87.11836,42.06391],[87.10755,42.08729],[87.09331,42.09336],[87.07915,42.08895],[86.98937,42.10986],[86.94292,42.11237],[86.84986,42.14673],[86.8183,42.14191],[86.76285,42.19088],[86.76448,42.19975],[86.75324,42.20127],[86.75359,42.21367],[86.69402,42.21858],[86.67631,42.23302],[86.67155,42.22619],[86.63282,42.23077],[86.63259,42.29204],[86.61647,42.30207],[86.64391,42.31777],[86.71861,42.38578],[86.74895,42.41683],[86.75142,42.42984],[86.83916,42.42758],[86.83809,42.44929],[86.8465,42.45861],[86.90517,42.47961],[86.93108,42.47072],[86.93433,42.45887],[86.92331,42.43627],[87.00306,42.44404],[87.03852,42.46306],[87.03702,42.4739],[87.00362,42.49718],[86.95056,42.57703],[86.95877,42.60554],[87.00044,42.62458],[86.97292,42.64345],[86.97135,42.67212],[87.00683,42.6763],[87.01507,42.70816],[87.00224,42.73358],[87.01045,42.7423],[87.15933,42.74454],[87.1817,42.76857],[87.22273,42.74594],[87.23767,42.75358],[87.23958,42.76525],[87.27389,42.77539],[87.31881,42.76547],[87.36723,42.76748],[87.38603,42.77453],[87.38667,42.78692],[87.39487,42.78988],[87.42727,42.77879],[87.44305,42.78332],[87.45291,42.79813],[87.50614,42.79415]]]}},{"type":"Feature","id":"CTAMAP-2017-COUNTY-0662","properties":{"map_level":"county","source_name":"和田市","source_code":"653201","county_type":"县级市","prefecture_name":"和田地区","prefecture_code":"653200","prefecture_type":"地区","parent_entity_id":"CNUR-000336","parent_year_end_name":"和田地区","province_name":"新疆维吾尔自治区","province_code":"650000","snapshot_year":2017,"panel_year":2016,"link_status":"parent_linked","former_name":"","note":""},"geometry":{"type":"Polygon","coordinates":[[[79.89119,36.91396],[79.88532,36.93238],[79.88873,36.9627],[79.91158,36.97745],[79.89872,36.99978],[79.84054,37.02114],[79.84243,37.04197],[79.83214,37.06509],[79.84585,37.09051],[79.84023,37.11017],[79.84756,37.13185],[79.83849,37.16003],[79.85985,37.19089],[79.85289,37.2201],[79.87616,37.2154],[79.90538,37.24449],[79.92196,37.24584],[79.91425,37.26392],[79.93993,37.29059],[79.96151,37.33013],[79.97569,37.33571],[79.9287,37.26247],[79.93585,37.2522],[80.01739,37.25293],[80.03883,37.28004],[80.05937,37.28998],[80.10089,37.28852],[80.11053,37.26751],[80.11086,37.22667],[80.05474,37.18975],[80.05136,37.17469],[80.02178,37.16657],[80.01492,37.15371],[80.04386,37.15204],[80.04181,37.13585],[80.0092,37.12419],[79.9859,37.06208],[79.95722,37.04466],[79.94284,37.04631],[79.94628,37.03032],[79.9332,36.99917],[79.93444,36.98316],[79.91534,36.97514],[79.91573,36.96475],[79.89972,36.94981],[79.89843,36.91829],[79.89119,36.91396]]]}},{"type":"Feature","id":"CTAMAP-2017-COUNTY-0663","properties":{"map_level":"county","source_name":"和田县","source_code":"653221","county_type":"县","prefecture_name":"和田地区","prefecture_code":"653200","prefecture_type":"地区","parent_entity_id":"CNUR-000336","parent_year_end_name":"和田地区","province_name":"新疆维吾尔自治区","province_code":"650000","snapshot_year":2017,"panel_year":2016,"link_status":"parent_linked","former_name":"","note":""},"geometry":{"type":"Polygon","coordinates":[[[79.96887,37.3356],[79.91425,37.26392],[79.92196,37.24584],[79.90538,37.24449],[79.88511,37.2304],[79.87943,37.21663],[79.85226,37.21926],[79.85985,37.19089],[79.83849,37.16003],[79.84756,37.13185],[79.84023,37.11017],[79.84585,37.09051],[79.83214,37.06509],[79.84243,37.04197],[79.84054,37.02114],[79.88858,37.00588],[79.91016,36.98397],[79.91089,36.97657],[79.88849,36.96185],[79.88538,36.93137],[79.89397,36.89907],[79.97136,36.82881],[80.04719,36.82309],[80.09083,36.80397],[80.12397,36.76381],[80.10253,36.71696],[80.12666,36.7025],[80.14891,36.66714],[80.23155,36.5852],[80.22712,36.5702],[80.23936,36.52703],[80.25549,36.51922],[80.28167,36.53087],[80.29412,36.5286],[80.30788,36.50633],[80.30347,36.48477],[80.31615,36.4705],[80.30007,36.46209],[80.31212,36.42366],[80.30396,36.41595],[80.31492,36.39475],[80.28908,36.38713],[80.2881,36.36476],[80.26892,36.35111],[80.24601,36.30717],[80.20322,36.28312],[80.18392,36.25698],[80.14324,36.23414],[80.12683,36.21398],[80.13841,36.18206],[80.13085,36.14471],[80.12126,36.13673],[80.12371,36.08843],[80.10922,36.07151],[80.1185,36.0487],[80.11036,36.02168],[80.12085,36.00491],[80.08958,35.97004],[80.09992,35.93739],[80.12332,35.92361],[80.11228,35.90685],[80.12494,35.88773],[80.12219,35.8775],[80.05583,35.85378],[80.09055,35.8112],[80.08229,35.78564],[80.06347,35.76236],[80.07342,35.73993],[80.0908,35.7392],[80.14995,35.69775],[80.17145,35.65615],[80.1768,35.62279],[80.19502,35.60574],[80.22465,35.555],[80.24975,35.55679],[80.26339,35.56907],[80.27771,35.55289],[80.29861,35.55565],[80.30224,35.53278],[80.33806,35.5318],[80.35352,35.50632],[80.40347,35.49657],[80.41444,35.48384],[80.41111,35.47266],[80.42916,35.44978],[80.40799,35.42452],[80.37281,35.38854],[80.30316,35.38102],[80.27526,35.32926],[80.27048,35.29307],[80.32945,35.24082],[80.33011,35.22424],[80.35973,35.21025],[80.35906,35.20373],[80.32078,35.20197],[80.28414,35.21064],[80.28144,35.20241],[80.25554,35.20426],[80.24801,35.18784],[80.21975,35.17744],[80.23601,35.15169],[80.208,35.12465],[80.11809,35.0695],[80.07313,35.07804],[80.02808,35.03956],[80.0409,35.02543],[80.03803,35.00869],[80.02676,35.00164],[80.04056,34.98216],[80.02285,34.97305],[80.02481,34.95293],[80.04016,34.94294],[80.03114,34.92603],[80.03484,34.90485],[80.00223,34.89676],[79.99699,34.86533],[79.98837,34.85869],[79.95607,34.86455],[79.9238,34.85257],[79.94152,34.81682],[79.92571,34.77562],[79.89638,34.73394],[79.90551,34.68583],[79.86506,34.67257],[79.86647,34.65774],[79.89044,34.64972],[79.88787,34.62518],[79.86498,34.62022],[79.84998,34.59091],[79.86357,34.58593],[79.84075,34.5677],[79.83818,34.55089],[79.85988,34.54155],[79.85879,34.53445],[79.84323,34.5384],[79.84309,34.51746],[79.82335,34.5164],[79.81985,34.49366],[79.80689,34.49279],[79.79261,34.47979],[79.72525,34.47162],[79.70233,34.48468],[79.68515,34.47603],[79.67437,34.45516],[79.62752,34.44913],[79.6016,34.46601],[79.56228,34.45685],[79.53778,34.48014],[79.52392,34.45946],[79.4854,34.44682],[79.46038,34.45376],[79.44633,34.44383],[79.41726,34.4504],[79.39155,34.43596],[79.35846,34.43084],[79.33701,34.4426],[79.28175,34.44247],[79.26482,34.43825],[79.26631,34.42663],[79.24869,34.41911],[79.19334,34.41815],[79.18665,34.43013],[79.16425,34.43339],[79.15646,34.44932],[79.14104,34.4366],[79.09359,34.4259],[79.07759,34.41263],[79.06398,34.42754],[79.05082,34.4292],[79.00833,34.40331],[79.03243,34.36166],[79.04626,34.3512],[79.03537,34.33432],[78.968,34.36624],[78.95634,34.38861],[78.88948,34.35744],[78.87295,34.37379],[78.87219,34.39806],[78.85953,34.40922],[78.78852,34.44193],[78.74646,34.45264],[78.7555,34.48399],[78.71962,34.50178],[78.7044,34.52591],[78.62419,34.53917],[78.59902,34.52863],[78.58213,34.51055],[78.56999,34.51055],[78.55881,34.52054],[78.55619,34.5598],[78.53287,34.5767],[78.48385,34.5767],[78.45935,34.56765],[78.43793,34.54505],[78.42437,34.59216],[78.41057,34.59882],[78.37773,34.60692],[78.34299,34.60263],[78.27446,34.62167],[78.2628,34.6576],[78.27351,34.68092],[78.2697,34.69757],[78.25019,34.71042],[78.20877,34.71726],[78.20386,34.72623],[78.20427,34.75539],[78.22473,34.77752],[78.23235,34.87817],[78.19927,34.88507],[78.20117,34.90506],[78.17595,34.92862],[78.17548,34.93623],[78.19832,34.95765],[78.19832,34.96931],[78.15573,34.99001],[78.1217,35.03427],[78.12027,35.04474],[78.14559,35.07066],[78.1286,35.10256],[78.11599,35.10803],[78.07578,35.10089],[78.06031,35.11065],[78.05365,35.18703],[78.0101,35.2339],[78.01375,35.36255],[78.04041,35.37678],[78.05637,35.40058],[78.09556,35.39306],[78.1281,35.40666],[78.19721,35.41439],[78.19954,35.44041],[78.21869,35.46124],[78.206,35.48435],[78.21649,35.50503],[78.24126,35.63996],[78.26831,35.65554],[78.29372,35.65283],[78.2979,35.65789],[78.28613,35.66806],[78.30114,35.68717],[78.38957,35.71321],[78.39295,35.73093],[78.48824,35.726],[78.51117,35.73232],[78.52982,35.74071],[78.5382,35.76686],[78.55694,35.77301],[78.57859,35.79882],[78.61213,35.81061],[78.62669,35.80726],[78.65506,35.82215],[78.67473,35.85243],[78.69578,35.85103],[78.72199,35.86308],[78.76596,35.86187],[78.81138,35.88075],[78.81751,35.90168],[78.79407,35.93495],[78.72739,35.96857],[78.71216,36.00044],[78.67457,36.01434],[78.68598,36.02171],[78.6811,36.05061],[78.70539,36.07446],[78.71015,36.09402],[78.74945,36.14804],[78.75429,36.16598],[78.78318,36.17496],[78.77998,36.22618],[78.76305,36.23738],[78.74961,36.26699],[78.758,36.28374],[78.75772,36.31249],[78.80238,36.33374],[78.80887,36.35075],[78.82757,36.34266],[78.84141,36.34747],[78.85513,36.3649],[78.8971,36.39145],[78.90844,36.40761],[78.91084,36.44554],[78.93426,36.46369],[78.92792,36.48291],[78.98391,36.51268],[78.9965,36.50981],[79.00707,36.52376],[79.04503,36.53458],[79.09187,36.60048],[79.07823,36.62419],[79.08734,36.62457],[79.0976,36.63861],[79.13129,36.62333],[79.16648,36.62747],[79.18591,36.67676],[79.21369,36.70197],[79.24565,36.69889],[79.26565,36.70763],[79.29153,36.70282],[79.31642,36.71534],[79.33131,36.71049],[79.33283,36.70266],[79.36946,36.70945],[79.38788,36.6978],[79.41405,36.70534],[79.43541,36.75827],[79.46196,36.76509],[79.46667,36.77865],[79.45625,36.79116],[79.46104,36.8143],[79.4382,36.8363],[79.42665,36.86979],[79.40289,36.89068],[79.38311,36.93393],[79.38947,36.95599],[79.40701,36.96355],[79.4237,36.98542],[79.44195,36.99567],[79.47358,36.98957],[79.4908,36.97163],[79.49483,36.94213],[79.52879,36.94866],[79.54954,36.9414],[79.5628,36.9286],[79.5639,36.90196],[79.57398,36.88315],[79.60001,36.88697],[79.61448,36.91147],[79.68291,36.94265],[79.70265,36.96664],[79.74054,36.97675],[79.74078,37.00974],[79.7201,37.01848],[79.70353,37.04273],[79.70835,37.09917],[79.70298,37.10763],[79.72552,37.13789],[79.72127,37.14327],[79.74432,37.19056],[79.76444,37.2743],[79.79005,37.28868],[79.80545,37.31649],[79.81688,37.34616],[79.81827,37.3799],[79.84637,37.3977],[79.8497,37.42364],[79.8762,37.43707],[79.89043,37.46043],[79.88032,37.47373],[79.88974,37.50161],[79.90955,37.5114],[79.917,37.5286],[79.94625,37.54263],[79.96391,37.57263],[80.00517,37.58935],[80.03157,37.58895],[80.06161,37.61541],[80.08875,37.62739],[80.10029,37.6487],[80.09215,37.65755],[80.09921,37.67236],[80.12539,37.68828],[80.12958,37.69853],[80.16991,37.70748],[80.17303,37.73269],[80.18487,37.74492],[80.19793,37.74472],[80.19507,37.75981],[80.22179,37.77697],[80.22595,37.78784],[80.27261,37.80349],[80.29317,37.83877],[80.28616,37.8506],[80.30654,37.86119],[80.3167,37.8898],[80.31284,37.90198],[80.33261,37.90048],[80.33267,37.91041],[80.32299,37.91358],[80.34482,37.91856],[80.35012,37.93609],[80.36954,37.92881],[80.37976,37.93267],[80.40332,37.95607],[80.41379,37.98169],[80.42646,37.98327],[80.4306,38.00124],[80.4504,38.01146],[80.44541,38.02988],[80.46009,38.0356],[80.46995,38.03079],[80.48222,38.04515],[80.50325,38.04076],[80.53491,38.05765],[80.55778,38.0847],[80.57689,38.07081],[80.5678,38.04329],[80.54433,38.02954],[80.53543,38.01153],[80.50385,38.00141],[80.50145,37.99466],[80.51854,37.98558],[80.51923,37.97742],[80.50241,37.96899],[80.47134,37.97474],[80.46281,37.96377],[80.48272,37.95526],[80.48691,37.94463],[80.47019,37.92956],[80.48315,37.91672],[80.47521,37.89558],[80.48662,37.87696],[80.45506,37.86021],[80.4844,37.80465],[80.4333,37.60647],[79.98892,37.39454],[79.98916,37.38421],[79.96041,37.35845],[79.96887,37.3356]]]}},{"type":"Feature","id":"CTAMAP-2017-COUNTY-0715","properties":{"map_level":"county","source_name":"呼图壁县","source_code":"652323","county_type":"县","prefecture_name":"昌吉回族自治州","prefecture_code":"652300","prefecture_type":"自治州","parent_entity_id":"CNUR-000330","parent_year_end_name":"昌吉回族自治州","province_name":"新疆维吾尔自治区","province_code":"650000","snapshot_year":2017,"panel_year":2016,"link_status":"parent_linked","former_name":"","note":""},"geometry":{"type":"Polygon","coordinates":[[[87.00119,45.33372],[87.00118,45.00038],[87.1175,44.66711],[87.11771,44.39558],[87.10769,44.36691],[87.10983,44.34793],[87.12355,44.33086],[87.11946,44.30863],[87.10517,44.29289],[87.07746,44.2124],[87.0882,44.19387],[87.03589,44.14492],[87.00828,44.1306],[87.00739,44.11839],[86.98031,44.08732],[86.9928,44.02958],[86.9663,43.94956],[86.94816,43.93988],[86.886,43.94106],[86.85788,43.93137],[86.83682,43.91553],[86.82225,43.88358],[86.82846,43.86877],[86.81023,43.85902],[86.76491,43.85432],[86.75144,43.84384],[86.7519,43.82248],[86.78145,43.79673],[86.77099,43.76598],[86.74753,43.77289],[86.74013,43.76023],[86.76676,43.72073],[86.72031,43.68278],[86.69649,43.63636],[86.64034,43.61335],[86.61056,43.61388],[86.59365,43.59839],[86.56982,43.59304],[86.56652,43.56373],[86.5,43.53668],[86.48022,43.51419],[86.47995,43.49908],[86.46303,43.4928],[86.44473,43.49663],[86.42486,43.47353],[86.42413,43.45011],[86.45255,43.43256],[86.46261,43.39301],[86.44353,43.36115],[86.4146,43.35291],[86.43108,43.30695],[86.45377,43.29618],[86.43583,43.27554],[86.43649,43.26257],[86.44936,43.24875],[86.43214,43.23755],[86.43546,43.20541],[86.48127,43.15792],[86.47939,43.14319],[86.3814,43.22313],[86.29026,43.24217],[86.27302,43.25297],[86.26618,43.27115],[86.16116,43.30337],[86.16054,43.32645],[86.14997,43.33509],[86.15272,43.35622],[86.12346,43.36432],[86.12137,43.38267],[86.09448,43.39724],[86.08398,43.43938],[86.11891,43.5258],[86.14169,43.5326],[86.16836,43.52518],[86.17715,43.54323],[86.19186,43.54896],[86.19016,43.5699],[86.24684,43.58705],[86.25027,43.59319],[86.23494,43.62342],[86.3044,43.68134],[86.302,43.6973],[86.2877,43.70615],[86.28129,43.72385],[86.23471,43.73859],[86.25208,43.77046],[86.27504,43.79198],[86.30383,43.86961],[86.30631,43.89747],[86.33051,43.90805],[86.36231,43.93993],[86.36788,43.95352],[86.34444,43.98406],[86.39757,44.02152],[86.43792,44.03322],[86.41595,44.03711],[86.40714,44.05848],[86.45746,44.06492],[86.46634,44.09344],[86.4606,44.12126],[86.48892,44.14313],[86.49014,44.15507],[86.52522,44.19572],[86.51109,44.22646],[86.51054,44.3058],[86.48866,44.32124],[86.49717,44.3274],[86.49727,44.34359],[86.47345,44.38674],[86.50875,44.40186],[86.50143,44.43068],[86.51205,44.45034],[86.5083,44.46805],[86.54138,44.48672],[86.55507,44.52309],[86.53461,44.55563],[86.51109,44.56053],[86.48053,44.57971],[86.48475,44.59425],[86.4732,44.60485],[86.4979,44.6419],[86.45285,44.75773],[86.44026,44.82776],[86.47092,44.86377],[86.48495,44.9056],[86.48449,45.33374],[87.00119,45.33372]]]}},{"type":"Feature","id":"CTAMAP-2017-COUNTY-0805","properties":{"map_level":"county","source_name":"霍城县","source_code":"654023","county_type":"县","prefecture_name":"伊犁哈萨克自治州","prefecture_code":"654000","prefecture_type":"自治州","parent_entity_id":"CNUR-000337","parent_year_end_name":"伊犁哈萨克自治州","province_name":"新疆维吾尔自治区","province_code":"650000","snapshot_year":2017,"panel_year":2016,"link_status":"parent_linked","former_name":"","note":""},"geometry":{"type":"Polygon","coordinates":[[[81.35434,44.44195],[81.35558,44.4299],[81.36563,44.42295],[81.35235,44.41145],[81.36102,44.40198],[81.33783,44.3784],[81.33021,44.34648],[81.35506,44.31294],[81.37629,44.31495],[81.39725,44.29653],[81.3958,44.28018],[81.38072,44.27581],[81.36109,44.25279],[81.36693,44.23779],[81.32201,44.22537],[81.28667,44.23154],[81.245,44.21081],[81.23347,44.17811],[81.20443,44.14298],[81.19242,44.07993],[81.14041,44.0508],[81.12332,44.04959],[81.10806,44.02634],[81.11125,43.99811],[81.07594,43.96504],[81.01461,43.99077],[81.01407,43.98309],[80.98983,43.99172],[80.93461,43.93602],[80.98263,43.90834],[80.99884,43.9117],[81.05044,43.90718],[81.0627,43.91247],[81.07341,43.91299],[81.05134,43.90258],[81.00106,43.9099],[80.96382,43.90205],[80.89336,43.94635],[80.85585,43.93105],[80.84122,43.94113],[80.8226,43.93968],[80.80123,43.92973],[80.79492,43.90885],[80.77292,43.88882],[80.70245,43.88351],[80.69482,43.87018],[80.68297,43.86654],[80.68334,43.85308],[80.67074,43.84774],[80.66748,43.83189],[80.6397,43.82878],[80.62912,43.84916],[80.59566,43.82709],[80.56734,43.83124],[80.55987,43.82361],[80.56276,43.83732],[80.55294,43.82617],[80.53886,43.83392],[80.53822,43.82328],[80.51882,43.81398],[80.51782,43.84323],[80.53749,43.85211],[80.56195,43.84311],[80.5947,43.84318],[80.63193,43.85522],[80.66014,43.85525],[80.65389,43.85803],[80.67183,43.86301],[80.67423,43.872],[80.69189,43.88133],[80.68727,43.89403],[80.70159,43.89998],[80.69738,43.9047],[80.70413,43.91312],[80.72448,43.9114],[80.74181,43.92529],[80.73845,43.93748],[80.71939,43.93761],[80.73943,44.01592],[80.69894,44.04942],[80.71721,44.07756],[80.68163,44.08479],[80.68101,44.10323],[80.69765,44.1251],[80.69719,44.13835],[80.66323,44.14892],[80.64475,44.18004],[80.57143,44.17365],[80.56931,44.19322],[80.6138,44.21628],[80.66031,44.20317],[80.71971,44.24726],[80.74843,44.28498],[80.73815,44.30484],[80.72249,44.28993],[80.71447,44.31982],[80.66469,44.37004],[80.66778,44.38955],[80.68325,44.39883],[80.69848,44.39645],[80.67778,44.41525],[80.67873,44.43095],[80.71252,44.43095],[80.7049,44.44071],[80.70276,44.47473],[80.70942,44.49615],[80.72751,44.48401],[80.74678,44.48877],[80.71918,44.52161],[80.70347,44.52779],[80.75416,44.55325],[80.72893,44.57372],[80.69396,44.578],[80.70516,44.60121],[80.75151,44.6096],[80.76722,44.60514],[80.82209,44.57502],[80.87318,44.55997],[80.89079,44.52858],[80.91654,44.53787],[80.93152,44.53168],[80.99436,44.53511],[81.01796,44.50953],[81.0567,44.50177],[81.1079,44.50605],[81.17112,44.4852],[81.17965,44.47319],[81.21013,44.46174],[81.29242,44.45034],[81.32175,44.45334],[81.35434,44.44195]]]}},{"type":"Feature","id":"CTAMAP-2017-COUNTY-0806","properties":{"map_level":"county","source_name":"霍尔果斯市","source_code":"654004","county_type":"县级市","prefecture_name":"伊犁哈萨克自治州","prefecture_code":"654000","prefecture_type":"自治州","parent_entity_id":"CNUR-000337","parent_year_end_name":"伊犁哈萨克自治州","province_name":"新疆维吾尔自治区","province_code":"650000","snapshot_year":2017,"panel_year":2016,"link_status":"parent_linked","former_name":"","note":"2014年新设霍尔果斯市"},"geometry":{"type":"Polygon","coordinates":[[[80.68963,44.67306],[80.68085,44.64954],[80.65889,44.63692],[80.65835,44.62786],[80.70776,44.59965],[80.69396,44.578],[80.72893,44.57372],[80.75416,44.55325],[80.70347,44.52779],[80.71918,44.52161],[80.74678,44.48877],[80.72751,44.48401],[80.70942,44.49615],[80.70276,44.47473],[80.7049,44.44071],[80.71252,44.43095],[80.67873,44.43095],[80.67778,44.41525],[80.69848,44.39645],[80.68325,44.39883],[80.66778,44.38955],[80.66469,44.37004],[80.71447,44.31982],[80.72249,44.28993],[80.73815,44.30484],[80.74843,44.28498],[80.71971,44.24726],[80.66031,44.20317],[80.6138,44.21628],[80.56931,44.19322],[80.57143,44.17365],[80.56331,44.16595],[80.56499,44.14663],[80.55216,44.10376],[80.56359,44.09066],[80.59204,44.01479],[80.52927,44.02855],[80.52019,44.06899],[80.49133,44.06474],[80.49117,44.10095],[80.44035,44.08382],[80.39188,44.11201],[80.40167,44.13835],[80.40406,44.29002],[80.39205,44.30994],[80.37587,44.4169],[80.34667,44.48024],[80.37066,44.51379],[80.40567,44.61684],[80.32826,44.69868],[80.21687,44.73901],[80.18102,44.79052],[80.18336,44.82355],[80.22596,44.82101],[80.26042,44.84274],[80.2965,44.82847],[80.28871,44.81873],[80.30069,44.81136],[80.34654,44.81959],[80.36554,44.78661],[80.39457,44.76641],[80.45969,44.75603],[80.47465,44.74101],[80.58485,44.72306],[80.60461,44.73295],[80.63383,44.73053],[80.63612,44.70995],[80.66062,44.70287],[80.66852,44.68347],[80.68963,44.67306]]]}},{"type":"Feature","id":"CTAMAP-2017-COUNTY-0818","properties":{"map_level":"county","source_name":"吉木乃县","source_code":"654326","county_type":"县","prefecture_name":"阿勒泰地区","prefecture_code":"654300","prefecture_type":"地区","parent_entity_id":"CNUR-000340","parent_year_end_name":"阿勒泰地区","province_name":"新疆维吾尔自治区","province_code":"650000","snapshot_year":2017,"panel_year":2016,"link_status":"parent_linked","former_name":"","note":""},"geometry":{"type":"Polygon","coordinates":[[[86.51424,47.63662],[86.48376,47.60043],[86.47728,47.58129],[86.47816,47.53907],[86.50123,47.52248],[86.69687,47.46601],[86.84747,47.47181],[86.96272,47.43877],[87.02738,47.40298],[87.0433,47.38064],[87.0501,47.34834],[87.00907,47.28822],[87.03427,47.11772],[86.57869,47.0511],[86.54753,47.05021],[86.49172,47.06295],[86.48966,47.08913],[86.43181,47.082],[86.37456,47.08658],[86.31523,47.07078],[86.31423,47.07656],[86.22642,47.04281],[86.07883,47.02486],[86.04873,47.02534],[86.05018,47.03515],[86.00297,47.06533],[85.95222,47.07708],[85.86758,47.06273],[85.67558,47.05042],[85.57992,47.05974],[85.5371,47.05556],[85.53811,47.08741],[85.54914,47.11589],[85.68777,47.2391],[85.69646,47.29181],[85.67014,47.32207],[85.70005,47.38268],[85.68629,47.4379],[85.64152,47.46926],[85.63164,47.4921],[85.61295,47.50916],[85.61765,47.54048],[85.55384,47.95125],[85.69557,47.9064],[85.77076,47.89111],[85.83868,47.85964],[85.875,47.83333],[85.9704,47.82171],[85.99135,47.82534],[86.05339,47.80475],[86.17659,47.79382],[86.1694,47.77251],[86.19057,47.75284],[86.17892,47.73732],[86.18398,47.72257],[86.31959,47.70957],[86.36619,47.67132],[86.44867,47.63608],[86.4944,47.62941],[86.51424,47.63662]]]}},{"type":"Feature","id":"CTAMAP-2017-COUNTY-0819","properties":{"map_level":"county","source_name":"吉木萨尔县","source_code":"652327","county_type":"县","prefecture_name":"昌吉回族自治州","prefecture_code":"652300","prefecture_type":"自治州","parent_entity_id":"CNUR-000330","parent_year_end_name":"昌吉回族自治州","province_name":"新疆维吾尔自治区","province_code":"650000","snapshot_year":2017,"panel_year":2016,"link_status":"parent_linked","former_name":"","note":""},"geometry":{"type":"Polygon","coordinates":[[[89.50122,45.00035],[89.50122,44.85419],[89.47713,44.82974],[89.45349,44.77225],[89.31113,44.59205],[89.37778,44.48311],[89.43422,44.43992],[89.39724,44.40214],[89.38329,44.34107],[89.3795,44.218],[89.38431,44.1994],[89.41512,44.16439],[89.37224,43.99638],[89.38057,43.97143],[89.34101,43.97035],[89.29875,43.95654],[89.28491,43.93027],[89.2703,43.8628],[89.27774,43.85167],[89.27817,43.80327],[89.272,43.7781],[89.24535,43.74794],[89.2346,43.72158],[89.23749,43.67429],[89.25443,43.64058],[89.23966,43.62606],[89.24432,43.61442],[89.2352,43.56573],[89.2081,43.52503],[89.19695,43.53751],[89.20222,43.555],[89.18607,43.56816],[89.18518,43.58276],[89.15864,43.59532],[89.0888,43.59961],[89.07267,43.59336],[89.02241,43.61055],[89.0,43.60597],[88.90505,43.64889],[88.89871,43.68045],[88.88261,43.67902],[88.83137,43.72001],[88.76686,43.70805],[88.7269,43.71309],[88.70332,43.70668],[88.69968,43.72026],[88.71716,43.72943],[88.71888,43.74314],[88.66856,43.76497],[88.62437,43.76446],[88.59755,43.80228],[88.52843,43.80056],[88.52353,43.81012],[88.53215,43.82577],[88.51526,43.83619],[88.51028,43.85676],[88.5276,43.86459],[88.54538,43.85967],[88.60432,43.87861],[88.68139,43.93106],[88.67301,43.93955],[88.67625,43.95303],[88.7013,43.98339],[88.71117,44.00459],[88.70267,44.01302],[88.70476,44.0268],[88.72529,44.04369],[88.72976,44.05928],[88.71301,44.1116],[88.71498,44.13747],[88.73355,44.18324],[88.7362,44.22702],[88.72165,44.2473],[88.71807,44.27849],[88.68359,44.32477],[88.71795,44.34874],[88.71834,44.99255],[88.72787,45.00039],[89.50122,45.00035]]]}},{"type":"Feature","id":"CTAMAP-2017-COUNTY-0957","properties":{"map_level":"county","source_name":"精河县","source_code":"652722","county_type":"县","prefecture_name":"博尔塔拉蒙古自治州","prefecture_code":"652700","prefecture_type":"自治州","parent_entity_id":"CNUR-000331","parent_year_end_name":"博尔塔拉蒙古自治州","province_name":"新疆维吾尔自治区","province_code":"650000","snapshot_year":2017,"panel_year":2016,"link_status":"parent_linked","former_name":"","note":""},"geometry":{"type":"Polygon","coordinates":[[[83.49716,44.95663],[83.49452,44.94795],[83.50727,44.93949],[83.57363,44.92947],[83.58175,44.91687],[83.5965,44.91219],[83.59763,44.8933],[83.66556,44.88701],[83.70624,44.84452],[83.70988,44.82653],[83.73028,44.80814],[83.73513,44.79047],[83.75058,44.78769],[83.74766,44.7805],[83.76883,44.77992],[83.76986,44.77004],[83.79514,44.75828],[83.79594,44.73576],[83.76936,44.67568],[83.74247,44.5534],[83.78831,44.51929],[83.79511,44.49051],[83.79,44.46584],[83.74959,44.4608],[83.63409,44.47468],[83.60292,44.46303],[83.51155,44.46294],[83.52756,44.41027],[83.48377,44.36218],[83.48822,44.33887],[83.47295,44.3239],[83.48317,44.31293],[83.43642,44.28144],[83.44539,44.25307],[83.41794,44.24605],[83.43417,44.23741],[83.4385,44.22557],[83.41279,44.20595],[83.42034,44.18627],[83.40496,44.16927],[83.41691,44.16243],[83.44402,44.11665],[83.43665,44.10669],[83.45057,44.08908],[83.44392,44.076],[83.45944,44.07083],[83.46048,44.05135],[83.46844,44.04511],[83.45471,44.02563],[83.42528,44.01535],[83.42695,44.00536],[83.40747,44.00502],[83.39339,44.01392],[83.3792,44.00362],[83.34274,44.01188],[83.31658,44.00317],[83.28361,44.01805],[83.26039,44.04007],[83.23668,44.04165],[83.24569,44.05326],[83.24148,44.06887],[83.22457,44.07868],[83.18308,44.07657],[83.09172,44.09837],[83.08226,44.08615],[83.05268,44.0889],[83.02375,44.07807],[82.99011,44.09181],[82.97484,44.08622],[82.96564,44.07139],[82.93496,44.08122],[82.92743,44.06793],[82.91174,44.06911],[82.89675,44.05228],[82.87904,44.05221],[82.87139,44.06558],[82.7969,44.07198],[82.77778,44.08489],[82.74836,44.07303],[82.70064,44.07016],[82.68868,44.07839],[82.68754,44.09669],[82.65656,44.11836],[82.57134,44.13589],[82.53333,44.15573],[82.44261,44.18109],[82.42213,44.20986],[82.39616,44.21939],[82.38411,44.24429],[82.36541,44.25032],[82.35711,44.2642],[82.28113,44.24814],[82.25445,44.25709],[82.16274,44.26171],[82.14539,44.27759],[82.08895,44.28961],[82.05997,44.29363],[82.02846,44.28509],[81.91905,44.30292],[81.90393,44.31362],[81.86739,44.31894],[81.85566,44.32996],[81.82866,44.32699],[81.77416,44.35093],[81.76065,44.34388],[81.74765,44.34713],[81.7489,44.35973],[81.77785,44.3719],[81.83182,44.43482],[81.90096,44.43482],[82.00729,44.45223],[81.97546,44.4821],[82.08314,44.51583],[82.07334,44.5472],[82.0973,44.5416],[82.0929,44.56243],[82.05352,44.57232],[81.97839,44.56819],[81.95343,44.59073],[81.97558,44.63393],[82.0085,44.63251],[82.00949,44.67416],[82.00204,44.68762],[81.98873,44.67883],[81.97576,44.69179],[81.9459,44.6837],[81.96504,44.71859],[81.99813,44.74476],[81.99147,44.76184],[82.05371,44.78032],[82.07834,44.72761],[82.0734,44.69655],[82.17045,44.66092],[82.18918,44.66138],[82.24816,44.69073],[82.35436,44.66419],[82.37267,44.67083],[82.39787,44.66432],[82.45043,44.68909],[82.45747,44.68251],[82.46973,44.68901],[82.46757,44.67891],[82.47861,44.67657],[82.48835,44.69049],[82.50235,44.69326],[82.51992,44.68092],[82.54428,44.68348],[82.54274,44.69556],[82.52795,44.69653],[82.53917,44.71142],[82.56253,44.70596],[82.56876,44.70892],[82.56196,44.71444],[82.61133,44.73226],[82.60259,44.73854],[82.60545,44.7466],[82.61753,44.74242],[82.64367,44.7589],[82.64196,44.76445],[82.65759,44.76374],[82.66467,44.78174],[82.69309,44.79732],[82.69207,44.80791],[82.70319,44.8084],[82.70291,44.81708],[82.73286,44.82481],[82.72827,44.8366],[82.739,44.84596],[82.73034,44.85162],[82.74019,44.85852],[82.68373,44.86647],[82.66306,44.9263],[82.6483,44.9466],[82.81438,45.07475],[82.90993,45.02711],[82.91911,45.0052],[82.93452,44.99519],[82.98143,44.97638],[82.9591,44.95429],[83.05993,44.92184],[83.1635,44.87558],[83.15849,44.83524],[83.17211,44.83612],[83.1905,44.94456],[83.2417,44.93183],[83.24542,44.9062],[83.23261,44.89962],[83.2282,44.88392],[83.25095,44.8702],[83.2539,44.85387],[83.27608,44.85141],[83.30744,44.86219],[83.32084,44.87762],[83.34761,44.87137],[83.37325,44.9217],[83.41328,44.91023],[83.44327,44.93728],[83.45698,44.9349],[83.49716,44.95663]]]}},{"type":"Feature","id":"CTAMAP-2017-COUNTY-0997","properties":{"map_level":"county","source_name":"喀什市","source_code":"653101","county_type":"县级市","prefecture_name":"喀什地区","prefecture_code":"653100","prefecture_type":"地区","parent_entity_id":"CNUR-000335","parent_year_end_name":"喀什地区","province_name":"新疆维吾尔自治区","province_code":"650000","snapshot_year":2017,"panel_year":2016,"link_status":"parent_linked","former_name":"","note":""},"geometry":{"type":"Polygon","coordinates":[[[76.57828,39.60498],[76.58959,39.60148],[76.58899,39.59942],[76.56756,39.5689],[76.56602,39.5596],[76.55856,39.55181],[76.56061,39.54504],[76.54188,39.54367],[76.54159,39.531],[76.52512,39.53513],[76.53386,39.5215],[76.51804,39.52406],[76.50407,39.51665],[76.49838,39.50678],[76.50299,39.4972],[76.49048,39.48275],[76.42015,39.49808],[76.35438,39.45473],[76.3545,39.43724],[76.33076,39.43068],[76.32816,39.42288],[76.31648,39.42751],[76.28332,39.41944],[76.27438,39.43183],[76.26712,39.42132],[76.22334,39.41174],[76.20936,39.42555],[76.18498,39.4325],[76.17384,39.4256],[76.13915,39.43414],[76.04691,39.42167],[76.01558,39.43123],[76.02278,39.41946],[75.98347,39.40818],[75.94016,39.42816],[75.83276,39.45097],[75.88133,39.46513],[75.88984,39.49969],[75.92429,39.50189],[75.8916,39.5319],[75.88773,39.58799],[75.91799,39.594],[75.98013,39.58653],[75.97385,39.61139],[76.12292,39.62384],[76.14407,39.61258],[76.22139,39.62392],[76.25642,39.61586],[76.29318,39.59044],[76.40918,39.5877],[76.44516,39.57539],[76.48629,39.58958],[76.56171,39.59163],[76.57828,39.60498]]]}},{"type":"Feature","id":"CTAMAP-2017-COUNTY-1017","properties":{"map_level":"county","source_name":"柯坪县","source_code":"652929","county_type":"县","prefecture_name":"阿克苏地区","prefecture_code":"652900","prefecture_type":"地区","parent_entity_id":"CNUR-000333","parent_year_end_name":"阿克苏地区","province_name":"新疆维吾尔自治区","province_code":"650000","snapshot_year":2017,"panel_year":2016,"link_status":"parent_linked","former_name":"","note":""},"geometry":{"type":"Polygon","coordinates":[[[79.71871,40.76788],[79.72726,40.74036],[79.76458,40.70396],[79.7728,40.68038],[79.76824,40.63656],[79.74031,40.60818],[79.75827,40.58616],[79.72955,40.58362],[79.7247,40.4026],[79.91784,40.3618],[79.90671,40.34136],[79.86719,40.14539],[79.85596,40.13973],[79.83127,40.131],[79.74195,40.14162],[79.58523,40.17537],[79.497,40.21064],[79.28457,40.24841],[79.14445,40.25645],[79.00214,40.21895],[78.89166,40.25725],[78.77685,40.21381],[78.75508,40.1867],[78.67574,40.15457],[78.67144,40.14604],[78.60321,40.13175],[78.59388,40.11586],[78.59705,40.10665],[78.54772,40.08798],[78.54397,40.06283],[78.5348,40.05673],[78.50631,40.046],[78.4758,40.05113],[78.47813,40.0405],[78.37385,40.00711],[78.3313,40.0276],[78.32618,40.03967],[78.33907,40.04766],[78.30987,40.06571],[78.26421,40.06877],[78.23919,40.05961],[78.15915,40.0708],[78.10215,40.06904],[78.09259,40.0595],[78.06342,40.08673],[78.04233,40.08522],[78.02448,40.09777],[78.02467,40.11248],[78.04449,40.13025],[78.05779,40.15652],[78.04235,40.17369],[78.05834,40.21059],[78.08346,40.23499],[78.08352,40.27403],[78.12138,40.2821],[78.13124,40.31231],[78.15698,40.33658],[78.15928,40.39066],[78.2074,40.42138],[78.524,40.5533],[78.53455,40.57636],[78.5615,40.59743],[78.58537,40.63348],[78.579,40.65254],[78.60563,40.69583],[78.57178,40.6978],[78.57101,40.72359],[78.55764,40.74006],[78.56607,40.75242],[78.56184,40.76348],[78.58971,40.78068],[78.62271,40.78353],[78.7036,40.81839],[78.74694,40.81804],[78.76084,40.83566],[78.82441,40.87808],[78.88105,40.89675],[78.96186,40.89053],[78.96949,40.91108],[78.95996,40.91516],[78.98455,40.93015],[78.9956,40.91611],[79.0163,40.92294],[79.04672,40.92041],[79.07541,40.88152],[79.08942,40.88559],[79.1128,40.876],[79.13409,40.85262],[79.1257,40.84098],[79.13555,40.82765],[79.22657,40.7982],[79.31628,40.79158],[79.32075,40.78215],[79.34671,40.78853],[79.38394,40.76185],[79.41785,40.75103],[79.47576,40.7472],[79.48857,40.74009],[79.55277,40.75649],[79.55967,40.73902],[79.57317,40.72974],[79.57773,40.73851],[79.60762,40.73921],[79.71871,40.76788]]]}},{"type":"Feature","id":"CTAMAP-2017-COUNTY-1024","properties":{"map_level":"county","source_name":"可克达拉市","source_code":"659008","county_type":"县级市","prefecture_name":"不统计","prefecture_code":"0","prefecture_type":"不统计","parent_entity_id":"","parent_year_end_name":"","province_name":"新疆维吾尔自治区","province_code":"650000","snapshot_year":2017,"panel_year":2016,"link_status":"province_direct_or_out_of_scope","former_name":"","note":"2015年新设县级可克达拉市，省直管"},"geometry":{"type":"MultiPolygon","coordinates":[[[[80.51782,43.84323],[80.50865,43.8677],[80.50967,43.89615],[80.47613,43.93457],[80.48591,43.9547],[80.46143,43.97055],[80.45624,43.9857],[80.45491,44.03065],[80.44035,44.08382],[80.49117,44.10095],[80.49133,44.06474],[80.52019,44.06899],[80.52927,44.02855],[80.59204,44.01479],[80.56359,44.09066],[80.55216,44.10376],[80.56499,44.14663],[80.56331,44.16595],[80.5677,44.17315],[80.64475,44.18004],[80.66323,44.14892],[80.69719,44.13835],[80.69765,44.1251],[80.68101,44.10323],[80.68163,44.08479],[80.71721,44.07756],[80.69894,44.04942],[80.73943,44.01592],[80.71939,43.93761],[80.73845,43.93748],[80.74181,43.92529],[80.72448,43.9114],[80.70413,43.91312],[80.69738,43.9047],[80.70159,43.89998],[80.68727,43.89403],[80.69189,43.88133],[80.67423,43.872],[80.67183,43.86301],[80.65389,43.85803],[80.66014,43.85525],[80.63193,43.85522],[80.5947,43.84318],[80.56195,43.84311],[80.53749,43.85211],[80.51782,43.84323]]],[[[80.66893,43.84007],[80.7184,43.81933],[80.72245,43.81099],[80.75982,43.80943],[80.77388,43.80111],[80.75491,43.78235],[80.77227,43.71869],[80.68779,43.69423],[80.64809,43.68678],[80.64419,43.6931],[80.61246,43.6828],[80.51882,43.81398],[80.53822,43.82328],[80.53886,43.83392],[80.55379,43.8263],[80.55917,43.83772],[80.55987,43.82361],[80.56734,43.83124],[80.59869,43.82774],[80.62762,43.84896],[80.6397,43.82878],[80.66748,43.83189],[80.66893,43.84007]]],[[[80.73722,43.886],[80.77292,43.88882],[80.79537,43.90566],[80.79423,43.8986],[80.84392,43.90277],[80.84636,43.91897],[80.85611,43.92111],[80.91483,43.88836],[80.9802,43.89313],[81.01186,43.87264],[81.02113,43.88513],[81.05136,43.87756],[81.06938,43.89441],[81.13054,43.86519],[81.06596,43.86098],[81.06026,43.84108],[81.05304,43.83903],[81.03753,43.83911],[81.03656,43.84781],[81.01708,43.84648],[81.01645,43.85203],[80.84487,43.86861],[80.76195,43.85293],[80.73722,43.886]]],[[[81.07594,43.96504],[81.07607,43.95781],[81.0909,43.96097],[81.07523,43.91633],[81.05379,43.90755],[80.98263,43.90834],[80.93463,43.9359],[80.98983,43.99172],[81.01407,43.98309],[81.01461,43.99077],[81.07594,43.96504]]]]}},{"type":"Feature","id":"CTAMAP-2017-COUNTY-1027","properties":{"map_level":"county","source_name":"克拉玛依区","source_code":"650203","county_type":"市辖区","prefecture_name":"克拉玛依市","prefecture_code":"650200","prefecture_type":"地级市","parent_entity_id":"CNUR-000327","parent_year_end_name":"克拉玛依市","province_name":"新疆维吾尔自治区","province_code":"650000","snapshot_year":2017,"panel_year":2016,"link_status":"parent_linked","former_name":"","note":""},"geometry":{"type":"Polygon","coordinates":[[[84.96346,45.6923],[84.97245,45.67118],[84.94754,45.66686],[84.94441,45.65895],[84.96411,45.64958],[84.97312,45.62339],[85.01474,45.62419],[85.02581,45.59782],[85.05732,45.58374],[85.27464,45.41197],[85.25116,45.39552],[85.23819,45.37532],[85.24759,45.36436],[85.24048,45.2945],[85.20068,45.24326],[85.20491,45.20705],[85.24916,45.15805],[85.23553,45.08733],[85.24877,45.07262],[85.25685,45.03474],[85.23947,45.0195],[85.19388,45.02926],[85.16951,45.02202],[85.15315,44.96994],[85.04819,44.93027],[85.02488,44.88687],[85.02916,44.85819],[85.01708,44.83059],[85.02374,44.80569],[85.04294,44.78967],[85.04458,44.76915],[85.03443,44.76277],[85.00724,44.75427],[84.97745,44.76898],[84.95146,44.79916],[84.89589,44.80215],[84.84866,44.82553],[84.78905,44.80707],[84.85176,44.68489],[84.79941,44.68251],[84.78115,44.66796],[84.75272,44.6851],[84.73481,44.71183],[84.70722,44.71516],[84.70598,44.73479],[84.67344,44.74034],[84.67122,44.75443],[84.62407,44.78387],[84.62365,44.79143],[84.65009,44.79044],[84.64625,44.86554],[84.63271,44.8667],[84.63107,44.89785],[84.63349,44.929],[84.64074,44.92798],[84.64091,44.92854],[84.66644,45.15791],[84.63161,45.18419],[84.61324,45.21769],[84.58653,45.24062],[84.57694,45.30992],[84.62199,45.3439],[84.65326,45.39897],[84.68464,45.43808],[84.70501,45.45021],[84.73757,45.51677],[84.73224,45.53949],[84.75406,45.55014],[84.75105,45.55831],[84.80262,45.60914],[84.80269,45.62021],[84.77153,45.64985],[84.79286,45.66312],[84.82426,45.64492],[84.83254,45.62782],[84.86297,45.63911],[84.89283,45.63966],[84.94291,45.69622],[84.96346,45.6923]]]}},{"type":"Feature","id":"CTAMAP-2017-COUNTY-1032","properties":{"map_level":"county","source_name":"库车县","source_code":"652923","county_type":"县","prefecture_name":"阿克苏地区","prefecture_code":"652900","prefecture_type":"地区","parent_entity_id":"CNUR-000333","parent_year_end_name":"阿克苏地区","province_name":"新疆维吾尔自治区","province_code":"650000","snapshot_year":2017,"panel_year":2016,"link_status":"parent_linked","former_name":"","note":""},"geometry":{"type":"Polygon","coordinates":[[[83.94437,42.53081],[83.93281,42.52059],[83.92867,42.49992],[83.9419,42.47623],[83.93062,42.46052],[83.93803,42.42746],[83.92598,42.40479],[83.92803,42.37202],[83.96169,42.35468],[83.95595,42.34316],[83.97381,42.29862],[83.9453,42.26629],[83.9085,42.269],[83.87481,42.26001],[83.88593,42.2499],[83.88058,42.23144],[83.88868,42.21806],[83.87602,42.18528],[83.90881,42.16362],[83.9063,42.1544],[83.92602,42.1353],[83.9373,42.09741],[83.93328,42.07144],[83.97731,41.98461],[83.98374,41.92333],[83.96151,41.87613],[83.97426,41.84758],[83.96952,41.83294],[83.98368,41.83306],[83.98239,41.79888],[83.93396,41.78592],[83.91517,41.74575],[83.90207,41.67572],[83.89803,41.59656],[83.91564,41.56768],[83.94995,41.55864],[83.94649,41.52202],[83.97682,41.50122],[84.0124,41.44419],[84.02837,41.329],[84.02067,41.24973],[84.02376,41.19121],[84.04885,41.14213],[84.08466,41.11772],[84.05592,41.08264],[84.06128,41.05667],[84.05389,41.03115],[84.06165,41.02068],[84.07022,40.92304],[84.06467,40.77612],[83.88503,40.83379],[83.84874,40.872],[83.83332,40.90929],[83.8458,40.95374],[83.83338,40.97008],[83.83532,40.97839],[83.81226,40.9687],[83.79222,40.97963],[83.76709,40.9759],[83.77959,41.0031],[83.75476,41.02185],[83.72398,41.02737],[83.6932,41.01658],[83.6677,41.03533],[83.68092,41.06726],[83.60517,41.11502],[83.60624,41.13465],[83.58806,41.14209],[83.59642,41.15578],[83.56108,41.14573],[83.54297,41.15361],[83.5384,41.1451],[83.5058,41.13811],[83.49862,41.12933],[83.48688,41.13844],[83.46763,41.13638],[83.46546,41.11057],[83.47772,41.10423],[83.4796,41.06797],[83.46504,41.06189],[83.43287,41.0655],[83.41666,41.10988],[83.41975,41.11823],[83.39823,41.12253],[83.39159,41.13461],[83.35634,41.14224],[83.32146,41.12596],[83.28397,41.1292],[83.26011,41.15123],[83.21098,41.17141],[83.20185,41.18754],[83.15296,41.22372],[83.10219,41.22344],[83.0977,41.23099],[83.06811,41.23819],[83.02814,41.29044],[83.02963,41.32175],[83.01275,41.37648],[82.97934,41.39818],[82.97507,41.4092],[82.88566,41.45054],[82.85423,41.47623],[82.81193,41.47464],[82.81396,41.46012],[82.7786,41.4572],[82.71516,41.46291],[82.68029,41.47569],[82.69667,41.50702],[82.6891,41.5123],[82.70535,41.5367],[82.70176,41.54932],[82.66647,41.57768],[82.68135,41.60287],[82.68101,41.6529],[82.69506,41.6917],[82.66178,41.72062],[82.62739,41.70679],[82.61919,41.7165],[82.61015,41.71262],[82.6062,41.72384],[82.62951,41.71832],[82.63898,41.74065],[82.67543,41.75358],[82.6822,41.77885],[82.69425,41.76946],[82.71165,41.78533],[82.74559,41.77834],[82.76774,41.79227],[82.76751,41.80452],[82.78179,41.82323],[82.79309,41.82318],[82.839,41.85623],[82.82616,41.87253],[82.84329,41.88043],[82.88252,41.8816],[82.88854,41.89723],[82.91897,41.90783],[82.97509,41.90891],[82.99029,41.93524],[82.99079,41.96515],[82.97925,41.99271],[82.98649,42.01065],[82.98053,42.05077],[82.97358,42.06285],[82.94581,42.06271],[82.95973,42.09604],[82.9518,42.10109],[82.95484,42.11239],[82.94453,42.12445],[82.93476,42.16484],[82.94754,42.19009],[82.944,42.2038],[82.95485,42.25552],[82.94689,42.27918],[82.95834,42.29103],[82.9513,42.31793],[82.95538,42.34316],[82.98785,42.36237],[83.03376,42.36719],[83.02308,42.37381],[83.02265,42.38431],[83.03962,42.39953],[83.04139,42.41139],[83.01709,42.42813],[82.99348,42.42965],[82.99236,42.45142],[82.9573,42.4671],[82.93074,42.46237],[82.92711,42.4807],[82.91076,42.48658],[82.92205,42.49938],[82.90449,42.52025],[82.90831,42.54495],[82.89375,42.56169],[82.87216,42.56678],[82.88163,42.58219],[82.9322,42.6006],[82.93684,42.62324],[82.96489,42.62958],[82.98942,42.62377],[83.00656,42.5994],[83.00476,42.59036],[83.01726,42.59282],[83.03567,42.56728],[83.06708,42.56142],[83.08005,42.54979],[83.10197,42.56157],[83.15749,42.56752],[83.20471,42.58552],[83.21762,42.58001],[83.23252,42.58505],[83.28256,42.55402],[83.30768,42.56567],[83.32763,42.56379],[83.34609,42.54624],[83.35142,42.50403],[83.44491,42.48666],[83.47017,42.46548],[83.48348,42.47317],[83.4982,42.46841],[83.53008,42.48744],[83.63024,42.50479],[83.64631,42.51594],[83.66319,42.51244],[83.66398,42.50588],[83.68073,42.50709],[83.69435,42.52431],[83.68916,42.53345],[83.70667,42.53892],[83.77046,42.52922],[83.80278,42.53322],[83.81264,42.52586],[83.82517,42.53276],[83.86665,42.52324],[83.89607,42.52875],[83.91462,42.52069],[83.94437,42.53081]]]}},{"type":"Feature","id":"CTAMAP-2017-COUNTY-1033","properties":{"map_level":"county","source_name":"库尔勒市","source_code":"652801","county_type":"县级市","prefecture_name":"巴音郭楞蒙古自治州","prefecture_code":"652800","prefecture_type":"自治州","parent_entity_id":"CNUR-000332","parent_year_end_name":"巴音郭楞蒙古自治州","province_name":"新疆维吾尔自治区","province_code":"650000","snapshot_year":2017,"panel_year":2016,"link_status":"parent_linked","former_name":"","note":""},"geometry":{"type":"Polygon","coordinates":[[[86.35972,41.83002],[86.32961,41.81745],[86.37089,41.80064],[86.41446,41.76599],[86.46536,41.75925],[86.51291,41.76369],[86.50656,41.75129],[86.43938,41.75015],[86.41699,41.65926],[86.34786,41.65324],[86.3146,41.66049],[86.2749,41.65373],[86.31221,41.61942],[86.32297,41.58201],[86.34585,41.56736],[86.41666,41.54518],[86.22111,41.54451],[86.22098,41.57205],[86.19718,41.57224],[86.21214,41.54521],[86.13077,41.49658],[86.13294,41.47791],[86.11565,41.44981],[86.10611,41.40742],[86.07789,41.40958],[86.06769,41.39209],[86.05229,41.40736],[86.04402,41.4027],[86.05791,41.38448],[86.05361,41.37683],[86.04256,41.38935],[86.03521,41.37471],[86.03078,41.38423],[86.03822,41.39703],[86.01945,41.38697],[86.01327,41.3559],[86.04548,41.34114],[86.04681,41.2855],[85.99847,41.26207],[85.99383,41.25233],[85.96813,41.24849],[85.92577,41.2611],[85.8802,41.2488],[85.84507,41.25545],[85.83605,41.24013],[85.82772,41.23955],[85.82008,41.24391],[85.82148,41.25588],[85.7991,41.2696],[85.73581,41.26259],[85.72052,41.29169],[85.67375,41.29119],[85.66332,41.29812],[85.60867,41.2851],[85.57297,41.30124],[85.54339,41.3046],[85.47464,41.29879],[85.43852,41.31609],[85.41644,41.29748],[85.37867,41.29003],[85.3462,41.30729],[85.30547,41.30546],[85.26586,41.28599],[85.25689,41.30688],[85.22566,41.29333],[85.21198,41.29778],[85.21683,41.39898],[85.23083,41.40342],[85.21478,41.41021],[85.22187,41.41835],[85.19494,41.4248],[85.20622,41.43282],[85.20716,41.44683],[85.20693,41.70088],[85.26466,41.99224],[85.26497,42.04422],[85.3393,42.1097],[85.32508,42.184],[85.28746,42.21616],[85.26148,42.21093],[85.25516,42.25581],[85.26123,42.26998],[85.32908,42.24756],[85.3408,42.24169],[85.34282,42.23056],[85.45489,42.20672],[85.5895,42.15554],[85.73065,42.07598],[85.75956,42.06666],[85.74835,42.05019],[85.74992,42.03521],[85.78256,42.02442],[85.82593,42.02208],[85.84031,42.00169],[85.86549,42.01301],[85.93843,42.02472],[86.0,42.01654],[86.01108,42.01082],[86.01551,41.96629],[86.02689,41.95273],[86.08879,41.92698],[86.10971,41.89913],[86.22444,41.90573],[86.35972,41.83002]],[[85.73737,41.75709],[85.76376,41.77855],[85.7707,41.83242],[85.74366,41.85222],[85.51135,41.91258],[85.50025,41.86656],[85.36858,41.82922],[85.35398,41.75038],[85.48705,41.75692],[85.52041,41.7417],[85.61277,41.74253],[85.60467,41.69851],[85.61543,41.74254],[85.68666,41.74324],[85.6808,41.6746],[85.68923,41.74343],[85.70137,41.74358],[85.70266,41.68056],[85.72667,41.68083],[85.727,41.65513],[85.78017,41.65501],[85.78469,41.68144],[85.77405,41.69304],[85.76925,41.72813],[85.73737,41.75709]]]}},{"type":"Feature","id":"CTAMAP-2017-COUNTY-1294","properties":{"map_level":"county","source_name":"轮台县","source_code":"652822","county_type":"县","prefecture_name":"巴音郭楞蒙古自治州","prefecture_code":"652800","prefecture_type":"自治州","parent_entity_id":"CNUR-000332","parent_year_end_name":"巴音郭楞蒙古自治州","province_name":"新疆维吾尔自治区","province_code":"650000","snapshot_year":2017,"panel_year":2016,"link_status":"parent_linked","former_name":"","note":""},"geometry":{"type":"Polygon","coordinates":[[[85.26175,42.28059],[85.25516,42.25581],[85.26148,42.21093],[85.28746,42.21616],[85.32508,42.184],[85.3393,42.1097],[85.26497,42.04422],[85.26466,41.99224],[85.20693,41.70088],[85.20716,41.44683],[85.20622,41.43282],[85.19494,41.4248],[85.22187,41.41835],[85.21478,41.41021],[85.23083,41.40342],[85.21683,41.39898],[85.21198,41.29778],[85.18817,41.2819],[85.18999,41.26226],[85.16637,41.24394],[85.14086,41.23979],[85.13343,41.22209],[85.10766,41.21006],[85.09289,41.21828],[85.07467,41.2074],[85.0295,41.202],[85.03244,41.21431],[85.02223,41.22395],[84.99136,41.19851],[84.96467,41.21151],[84.91106,41.20542],[84.88473,41.19134],[84.8327,41.18712],[84.81782,41.19509],[84.7925,41.17839],[84.76793,41.18142],[84.77193,41.17037],[84.75264,41.16379],[84.74643,41.19005],[84.73911,41.18832],[84.73574,41.17266],[84.71468,41.20111],[84.71126,41.18723],[84.68158,41.18704],[84.68686,41.19551],[84.6745,41.19668],[84.64408,41.19082],[84.63956,41.17814],[84.62875,41.19609],[84.61438,41.18187],[84.61839,41.19837],[84.60587,41.20313],[84.56402,41.19482],[84.56282,41.18533],[84.55369,41.19736],[84.5506,41.17399],[84.51917,41.20556],[84.45991,41.19514],[84.44485,41.18758],[84.44971,41.17591],[84.43525,41.19326],[84.41274,41.19964],[84.40937,41.18671],[84.42416,41.18118],[84.40278,41.17681],[84.40309,41.18789],[84.39497,41.17966],[84.38946,41.18401],[84.39466,41.20446],[84.33896,41.20845],[84.32068,41.19134],[84.3169,41.21702],[84.30581,41.19635],[84.30349,41.2101],[84.27967,41.19212],[84.2653,41.19669],[84.18561,41.15838],[84.15059,41.17156],[84.14425,41.15745],[84.1498,41.13564],[84.11288,41.13118],[84.11694,41.1448],[84.12857,41.15018],[84.11667,41.15251],[84.0968,41.13635],[84.09833,41.1196],[84.0841,41.11994],[84.04885,41.14213],[84.02376,41.19121],[84.02067,41.24973],[84.02837,41.329],[84.0124,41.44419],[83.97682,41.50122],[83.94649,41.52202],[83.94995,41.55864],[83.91564,41.56768],[83.89803,41.59656],[83.90207,41.67572],[83.91517,41.74575],[83.93396,41.78592],[83.98239,41.79888],[83.98288,41.81073],[83.98368,41.83306],[83.96952,41.83294],[83.97426,41.84758],[83.96151,41.87613],[83.98374,41.92333],[83.97731,41.98461],[83.93328,42.07144],[83.9373,42.09741],[83.92602,42.1353],[83.9063,42.1544],[83.90881,42.16362],[83.87602,42.18528],[83.88868,42.21806],[83.88058,42.23144],[83.88593,42.2499],[83.87481,42.26001],[83.9085,42.269],[83.9453,42.26629],[83.97381,42.29862],[83.95595,42.34316],[83.96169,42.35468],[83.92803,42.37202],[83.92598,42.40479],[83.93803,42.42746],[83.93062,42.46052],[83.9419,42.47623],[83.92867,42.49992],[83.93591,42.52462],[83.94437,42.53081],[83.96034,42.51488],[84.0,42.50291],[84.06773,42.50281],[84.09052,42.48276],[84.12058,42.48597],[84.14175,42.45621],[84.19987,42.44677],[84.21461,42.42769],[84.2402,42.42202],[84.26561,42.43834],[84.40762,42.44242],[84.5274,42.42341],[84.6359,42.37388],[84.67697,42.38018],[84.70079,42.37562],[84.7139,42.36203],[84.74173,42.35792],[84.75648,42.34373],[84.77118,42.30292],[84.80834,42.31177],[84.84132,42.33936],[84.84245,42.36078],[84.85456,42.36608],[84.97313,42.32015],[85.01914,42.29456],[85.08728,42.29273],[85.10396,42.3],[85.16436,42.27561],[85.26175,42.28059]]]}},{"type":"Feature","id":"CTAMAP-2017-COUNTY-1311","properties":{"map_level":"county","source_name":"洛浦县","source_code":"653224","county_type":"县","prefecture_name":"和田地区","prefecture_code":"653200","prefecture_type":"地区","parent_entity_id":"CNUR-000336","parent_year_end_name":"和田地区","province_name":"新疆维吾尔自治区","province_code":"650000","snapshot_year":2017,"panel_year":2016,"link_status":"parent_linked","former_name":"","note":""},"geometry":{"type":"Polygon","coordinates":[[[81.52192,39.48332],[81.51569,39.24898],[81.28009,38.66249],[81.13682,38.33269],[81.00622,37.98264],[80.59363,37.11609],[80.5905,37.04823],[80.57803,36.98717],[80.56143,36.97733],[80.58325,36.94436],[80.54879,36.85622],[80.55899,36.83108],[80.53587,36.8078],[80.5264,36.73776],[80.51784,36.72598],[80.49468,36.71709],[80.45437,36.66616],[80.46381,36.64535],[80.44447,36.62264],[80.45662,36.6103],[80.44504,36.59652],[80.43856,36.56619],[80.45172,36.53844],[80.34915,36.50807],[80.28851,36.5316],[80.25206,36.52008],[80.23653,36.5341],[80.22712,36.5702],[80.23155,36.5852],[80.14891,36.66714],[80.12666,36.7025],[80.10253,36.71696],[80.12397,36.76381],[80.09083,36.80397],[80.04719,36.82309],[79.97136,36.82881],[79.89397,36.89907],[79.89076,36.91588],[79.89843,36.91829],[79.89972,36.94981],[79.91573,36.96475],[79.91534,36.97514],[79.93444,36.98316],[79.9332,36.99917],[79.94628,37.03032],[79.94284,37.04631],[79.95722,37.04466],[79.9859,37.06208],[80.0092,37.12419],[80.04181,37.13585],[80.04386,37.15204],[80.01492,37.15371],[80.02178,37.16657],[80.05136,37.17469],[80.05474,37.18975],[80.11086,37.22667],[80.11053,37.26751],[80.10089,37.28852],[80.05937,37.28998],[80.03883,37.28004],[80.01739,37.25293],[79.93585,37.2522],[79.9287,37.26247],[79.97569,37.33571],[79.96887,37.3356],[79.96041,37.35845],[79.98916,37.38421],[79.98892,37.39454],[80.4333,37.60647],[80.4844,37.80465],[80.45506,37.86021],[80.48662,37.87696],[80.47521,37.89558],[80.48315,37.91672],[80.47019,37.92956],[80.48691,37.94463],[80.48272,37.95526],[80.46281,37.96377],[80.47134,37.97474],[80.50241,37.96899],[80.51923,37.97742],[80.51854,37.98558],[80.50145,37.99466],[80.50446,38.0023],[80.53422,38.01056],[80.54096,38.02602],[80.56665,38.04182],[80.57801,38.06006],[80.57847,38.0695],[80.55778,38.0847],[80.59678,38.12508],[80.5933,38.18493],[80.61282,38.22416],[80.64773,38.25321],[80.78442,38.31335],[80.86711,38.39631],[80.86887,38.44221],[80.88893,38.46243],[80.90566,38.51346],[80.92703,38.53404],[80.92103,38.57797],[80.94848,38.62067],[80.94083,38.64528],[80.949,38.75186],[80.8628,38.79689],[80.8412,38.81412],[80.83463,38.83288],[80.84881,38.87457],[80.88229,38.90709],[80.87826,38.95028],[80.91317,39.07863],[80.91363,39.12458],[80.89935,39.15185],[80.90179,39.216],[80.91277,39.26606],[80.89521,39.31465],[80.91819,39.35703],[80.91219,39.37651],[80.87877,39.42056],[80.89762,39.48023],[81.52192,39.48332]]]}},{"type":"Feature","id":"CTAMAP-2017-COUNTY-1331","properties":{"map_level":"county","source_name":"玛纳斯县","source_code":"652324","county_type":"县","prefecture_name":"昌吉回族自治州","prefecture_code":"652300","prefecture_type":"自治州","parent_entity_id":"CNUR-000330","parent_year_end_name":"昌吉回族自治州","province_name":"新疆维吾尔自治区","province_code":"650000","snapshot_year":2017,"panel_year":2016,"link_status":"parent_linked","former_name":"","note":""},"geometry":{"type":"Polygon","coordinates":[[[86.48449,45.33374],[86.48495,44.9056],[86.47092,44.86377],[86.44026,44.82776],[86.45285,44.75773],[86.4979,44.6419],[86.4732,44.60485],[86.48475,44.59425],[86.48053,44.57971],[86.51109,44.56053],[86.53461,44.55563],[86.55507,44.52309],[86.54138,44.48672],[86.5083,44.46805],[86.51205,44.45034],[86.50143,44.43068],[86.50875,44.40186],[86.47345,44.38674],[86.49727,44.34359],[86.49717,44.3274],[86.48866,44.32124],[86.51054,44.3058],[86.51109,44.22646],[86.52523,44.19582],[86.49014,44.15507],[86.48892,44.14313],[86.4606,44.12126],[86.46634,44.09344],[86.45746,44.06492],[86.40714,44.05848],[86.41595,44.03711],[86.43792,44.03322],[86.39757,44.02152],[86.34444,43.98406],[86.36788,43.95352],[86.36231,43.93993],[86.33051,43.90805],[86.30631,43.89747],[86.30383,43.86961],[86.27504,43.79198],[86.25208,43.77046],[86.23471,43.73859],[86.28129,43.72385],[86.2877,43.70615],[86.302,43.6973],[86.3044,43.68134],[86.23494,43.62342],[86.25027,43.59319],[86.24684,43.58705],[86.19016,43.5699],[86.19186,43.54896],[86.17715,43.54323],[86.16836,43.52518],[86.14169,43.5326],[86.11891,43.5258],[86.08622,43.43167],[86.01935,43.4061],[86.00122,43.41632],[85.98712,43.40188],[85.86101,43.44464],[85.84004,43.43634],[85.78254,43.4493],[85.76978,43.46204],[85.68485,43.48429],[85.64971,43.51859],[85.58578,43.52006],[85.59519,43.52941],[85.5771,43.53949],[85.59229,43.56966],[85.61786,43.57614],[85.61864,43.58524],[85.66295,43.62202],[85.69521,43.61834],[85.71715,43.63669],[85.71635,43.67656],[85.73296,43.70147],[85.73482,43.72993],[85.75145,43.72864],[85.75053,43.74084],[85.77537,43.76411],[85.76467,43.79058],[85.78316,43.82019],[85.78444,43.83875],[85.82235,43.86514],[85.83727,43.89155],[85.8811,43.91929],[85.92027,43.92882],[85.91666,43.93326],[85.96829,43.93246],[85.95704,43.94214],[85.95815,43.95636],[85.946,43.96338],[85.96505,44.00333],[86.00904,44.02825],[86.01711,44.04674],[86.03042,44.05226],[86.04015,44.07239],[86.09002,44.1178],[86.11316,44.1503],[86.10696,44.16832],[86.12673,44.20708],[86.12034,44.27037],[86.14105,44.31236],[86.12388,44.37759],[86.12942,44.38995],[86.1111,44.4274],[86.12826,44.46172],[86.10531,44.47581],[86.09259,44.46799],[86.08256,44.48549],[86.08544,44.49487],[86.06592,44.54115],[86.07004,44.58148],[86.04196,44.60022],[86.01068,44.60716],[86.00514,44.61453],[86.0131,44.61969],[86.00685,44.62295],[85.96943,44.6406],[85.95315,44.63855],[85.95699,44.65696],[85.93867,44.6651],[85.92783,44.70472],[85.91035,44.70522],[85.91956,44.71781],[85.9052,44.73703],[85.93968,44.75883],[85.92775,44.77926],[85.88897,44.8124],[85.86595,44.86516],[85.78491,44.92084],[85.66631,44.91844],[85.66621,45.33379],[86.48449,45.33374]]]}},{"type":"Feature","id":"CTAMAP-2017-COUNTY-1334","properties":{"map_level":"county","source_name":"麦盖提县","source_code":"653127","county_type":"县","prefecture_name":"喀什地区","prefecture_code":"653100","prefecture_type":"地区","parent_entity_id":"CNUR-000335","parent_year_end_name":"喀什地区","province_name":"新疆维吾尔自治区","province_code":"650000","snapshot_year":2017,"panel_year":2016,"link_status":"parent_linked","former_name":"","note":""},"geometry":{"type":"Polygon","coordinates":[[[79.38668,38.83001],[79.37591,38.81673],[79.32786,38.80131],[79.28318,38.80715],[79.24738,38.79964],[79.0,38.66659],[78.50479,38.42264],[78.45311,38.37689],[77.78144,38.38604],[77.77431,38.4603],[77.75028,38.50915],[77.64097,38.51042],[77.59099,38.5587],[77.57385,38.55977],[77.53761,38.55056],[77.51272,38.49986],[77.51298,38.513],[77.52439,38.52604],[77.52426,38.54808],[77.54305,38.5679],[77.55406,38.59907],[77.54301,38.62428],[77.54373,38.6671],[77.55655,38.72327],[77.54124,38.74935],[77.51762,38.75189],[77.52409,38.75794],[77.51863,38.76375],[77.48189,38.76446],[77.49574,38.81158],[77.51253,38.81842],[77.51873,38.83088],[77.54353,38.83124],[77.55906,38.85381],[77.54208,38.86377],[77.54653,38.87066],[77.53359,38.8702],[77.53824,38.8916],[77.52398,38.89243],[77.52681,38.87688],[77.50934,38.88669],[77.52393,38.91115],[77.49677,38.90992],[77.48807,38.89518],[77.47193,38.89942],[77.45394,38.92462],[77.46252,38.93396],[77.45461,38.98212],[77.46992,38.99144],[77.46121,39.00442],[77.47721,39.02542],[77.46556,39.02848],[77.48355,39.02603],[77.47788,39.03279],[77.48945,39.04038],[77.48763,39.05199],[77.5241,39.05649],[77.52748,39.04616],[77.56362,39.0242],[77.61829,39.03522],[77.61625,39.09892],[77.64872,39.11677],[77.6379,39.13947],[77.65355,39.14138],[77.66632,39.12727],[77.67957,39.12724],[77.707,39.16959],[77.7464,39.14486],[77.75423,39.14782],[77.75355,39.1631],[77.72897,39.18012],[77.738,39.19637],[77.74971,39.19756],[77.75143,39.21563],[77.7877,39.21763],[77.79747,39.23628],[77.85661,39.26492],[77.87287,39.26419],[77.91089,39.29596],[77.94729,39.29643],[77.95108,39.30658],[77.93862,39.32752],[77.95202,39.34704],[77.98089,39.34138],[78.0013,39.35905],[78.08493,39.36729],[78.10346,39.34854],[78.10987,39.3683],[78.12617,39.37526],[78.13298,39.37237],[78.13143,39.3618],[78.14356,39.35738],[78.14689,39.38716],[78.16542,39.37738],[78.20314,39.38454],[78.20904,39.36951],[78.22074,39.36755],[78.2272,39.37102],[78.21984,39.38765],[78.24154,39.39865],[78.2332,39.40904],[78.24741,39.40999],[78.26523,39.3992],[78.30357,39.41329],[78.659,39.06111],[78.7119,39.04566],[78.77639,39.06138],[78.82793,39.05269],[78.89363,39.00293],[78.94527,38.93484],[79.00989,38.89778],[79.03067,38.87456],[79.0555,38.86585],[79.08646,38.86311],[79.12189,38.8485],[79.25166,38.84328],[79.3349,38.82737],[79.35932,38.83449],[79.38668,38.83001]]]}},{"type":"Feature","id":"CTAMAP-2017-COUNTY-1366","properties":{"map_level":"county","source_name":"米东区","source_code":"650109","county_type":"市辖区","prefecture_name":"乌鲁木齐市","prefecture_code":"650100","prefecture_type":"地级市","parent_entity_id":"CNUR-000326","parent_year_end_name":"乌鲁木齐市","province_name":"新疆维吾尔自治区","province_code":"650000","snapshot_year":2017,"panel_year":2016,"link_status":"parent_linked","former_name":"米泉市","note":"2007年撤销米泉市，设立乌鲁木齐市米东区"},"geometry":{"type":"Polygon","coordinates":[[[88.0012,45.00037],[87.92465,44.77999],[87.89966,44.69126],[87.90372,44.6719],[87.89056,44.66088],[87.79246,44.36144],[87.79168,44.32816],[87.81321,44.28756],[87.81569,44.22417],[87.7711,44.11599],[87.82133,44.12235],[87.83369,44.10297],[87.85495,44.09875],[87.86367,44.06276],[87.95426,44.00855],[87.97111,44.00987],[87.99056,43.9996],[87.9924,43.96981],[88.0168,43.93549],[88.01292,43.92741],[88.0219,43.90553],[88.00869,43.89021],[88.0151,43.87378],[88.03944,43.85607],[88.06228,43.85258],[88.07547,43.82181],[88.08826,43.81145],[88.10857,43.82151],[88.12975,43.81547],[88.14056,43.77273],[88.1352,43.7549],[88.10902,43.74629],[88.0997,43.76865],[88.07619,43.77853],[88.00956,43.76916],[87.97485,43.80124],[87.94978,43.80812],[87.93581,43.80201],[87.91249,43.81196],[87.85944,43.8693],[87.81797,43.89006],[87.77008,43.87695],[87.77832,43.87339],[87.77686,43.84791],[87.75519,43.86132],[87.70126,43.86862],[87.70016,43.87846],[87.70971,43.88532],[87.68523,43.91442],[87.66567,43.91038],[87.65914,43.89881],[87.6417,43.89915],[87.61256,43.87375],[87.59663,43.87423],[87.61258,43.94201],[87.58255,43.97352],[87.56222,43.98357],[87.55291,44.04022],[87.53259,44.03983],[87.52395,44.0534],[87.51358,44.04814],[87.51624,44.06022],[87.52446,44.09241],[87.55831,44.09756],[87.56376,44.10986],[87.57375,44.10333],[87.57383,44.11668],[87.56054,44.13284],[87.56186,44.16832],[87.58149,44.20542],[87.58139,44.23841],[87.59499,44.24782],[87.59795,44.23535],[87.63723,44.22545],[87.6336,44.20434],[87.64487,44.19567],[87.68325,44.21805],[87.69082,44.24767],[87.70874,44.26178],[87.71343,44.35536],[87.68974,44.36943],[87.69036,44.41558],[87.66054,44.41606],[87.64989,44.44956],[87.59317,44.48028],[87.59879,44.50172],[87.57082,44.57665],[87.57841,44.5957],[87.55231,44.66724],[87.33306,45.00044],[88.0012,45.00037]]]}},{"type":"Feature","id":"CTAMAP-2017-COUNTY-1378","properties":{"map_level":"county","source_name":"民丰县","source_code":"653227","county_type":"县","prefecture_name":"和田地区","prefecture_code":"653200","prefecture_type":"地区","parent_entity_id":"CNUR-000336","parent_year_end_name":"和田地区","province_name":"新疆维吾尔自治区","province_code":"650000","snapshot_year":2017,"panel_year":2016,"link_status":"parent_linked","former_name":"","note":""},"geometry":{"type":"Polygon","coordinates":[[[83.41169,39.48265],[83.39183,39.32103],[83.38346,38.38801],[83.48258,38.29326],[83.64132,38.19144],[83.74495,38.11526],[83.81655,38.04812],[83.883,37.94733],[83.9196,37.87554],[83.93695,37.82823],[83.92999,37.78531],[83.94247,37.74666],[83.94702,37.71053],[83.94171,37.69954],[83.95774,37.69113],[83.96152,37.65203],[83.98731,37.61209],[83.98119,37.58674],[83.98508,37.5163],[83.97148,37.48397],[83.98283,37.4478],[83.97016,37.40441],[83.90483,37.36445],[83.86377,37.29361],[83.83376,37.28408],[83.78843,37.25021],[83.79816,37.23265],[83.79504,37.20859],[83.8179,37.20192],[83.82701,37.19093],[83.83246,37.15312],[83.85187,37.12118],[83.85135,37.05503],[83.82076,36.97147],[83.83418,36.95343],[83.8292,36.93455],[83.85689,36.88802],[83.85808,36.87109],[83.82583,36.81589],[83.87255,36.80138],[83.91927,36.76446],[83.99817,36.76517],[84.00993,36.74032],[84.05811,36.72004],[84.06679,36.69969],[84.14599,36.68935],[84.16673,36.69517],[84.19495,36.66289],[84.2494,36.64453],[84.25728,36.62356],[84.30072,36.61195],[84.34114,36.55553],[84.34546,36.52856],[84.34005,36.49121],[84.31621,36.47467],[84.30509,36.42608],[84.32101,36.42389],[84.35296,36.39831],[84.35002,36.37803],[84.33805,36.3712],[84.3604,36.31225],[84.40761,36.31021],[84.41469,36.27728],[84.53604,36.26992],[84.56296,36.24471],[84.56841,36.22635],[84.61631,36.22076],[84.63518,36.19281],[84.67036,36.18366],[84.66755,36.15881],[84.6782,36.14324],[84.72706,36.12255],[84.7533,36.12043],[84.77089,36.10332],[84.84751,36.09716],[84.85224,36.07571],[84.83988,36.06613],[84.83808,36.05041],[84.86463,36.02837],[84.87288,35.98401],[84.85872,35.94647],[84.87532,35.93698],[84.88336,35.8971],[84.91217,35.8631],[84.90695,35.81303],[84.91688,35.7716],[84.9458,35.76242],[84.984,35.7259],[84.971,35.70963],[84.86062,35.67652],[84.83953,35.66654],[84.83132,35.65372],[84.79603,35.64818],[84.76,35.62404],[84.56899,35.58953],[84.51964,35.56629],[84.44639,35.55185],[84.44563,35.5342],[84.47158,35.52755],[84.4748,35.51794],[84.46345,35.51207],[84.45145,35.47462],[84.41366,35.46325],[84.3346,35.41651],[84.25354,35.40473],[84.24317,35.39384],[84.23208,35.39721],[84.20065,35.38313],[84.17238,35.35847],[84.1575,35.35964],[84.1373,35.37964],[84.09234,35.36355],[84.06318,35.41078],[84.04677,35.41754],[84.0292,35.41022],[84.0039,35.42212],[83.91009,35.40866],[83.88786,35.38825],[83.87955,35.36728],[83.85508,35.35946],[83.82231,35.36151],[83.79552,35.3527],[83.78249,35.36686],[83.69114,35.36545],[83.61345,35.33627],[83.60771,35.34846],[83.57439,35.35308],[83.53382,35.34506],[83.52861,35.35047],[83.5369,35.36531],[83.49034,35.36068],[83.4726,35.37454],[83.45595,35.3731],[83.44785,35.3832],[83.3581,35.3783],[83.36058,35.39634],[83.29016,35.39888],[83.23869,35.42448],[83.22397,35.40938],[83.17706,35.38936],[83.10366,35.40679],[83.09339,35.42407],[83.07739,35.43077],[83.07549,35.45004],[83.0511,35.47639],[83.00745,35.4775],[82.99616,35.49996],[82.98186,35.50557],[82.98256,35.52591],[82.9676,35.53962],[82.98369,35.55478],[82.98081,35.60907],[82.95544,35.63283],[82.9654,35.67199],[82.94832,35.67928],[82.88372,35.67554],[82.87466,35.69016],[82.83253,35.6787],[82.7931,35.68989],[82.76625,35.70726],[82.78657,35.74381],[82.78218,35.77069],[82.75075,35.78612],[82.7123,35.78733],[82.7161,35.82857],[82.64859,35.84512],[82.65343,35.86228],[82.67143,35.8791],[82.67723,35.95067],[82.67028,36.0],[82.68472,36.03431],[82.66635,36.04265],[82.64285,36.09176],[82.64344,36.11125],[82.60895,36.17487],[82.61278,36.23216],[82.58885,36.23483],[82.56377,36.22275],[82.49052,36.23957],[82.47626,36.2345],[82.46403,36.26926],[82.4709,36.28538],[82.50473,36.3112],[82.50099,36.32756],[82.51725,36.33591],[82.52117,36.35323],[82.51525,36.36272],[82.53624,36.39983],[82.55977,36.4124],[82.5754,36.43427],[82.5675,36.44974],[82.54468,36.46393],[82.56002,36.5136],[82.65224,36.58236],[82.63447,36.6821],[82.49031,36.8515],[82.46374,36.91529],[82.37971,37.01625],[82.43245,37.33173],[82.50021,38.00644],[82.51355,39.48384],[83.41169,39.48265]]]}},{"type":"Feature","id":"CTAMAP-2017-COUNTY-1396","properties":{"map_level":"county","source_name":"墨玉县","source_code":"653222","county_type":"县","prefecture_name":"和田地区","prefecture_code":"653200","prefecture_type":"地区","parent_entity_id":"CNUR-000336","parent_year_end_name":"和田地区","province_name":"新疆维吾尔自治区","province_code":"650000","snapshot_year":2017,"panel_year":2016,"link_status":"parent_linked","former_name":"","note":""},"geometry":{"type":"Polygon","coordinates":[[[80.89762,39.48023],[80.87877,39.42056],[80.91219,39.37651],[80.91819,39.35703],[80.89521,39.31465],[80.91277,39.26606],[80.90179,39.216],[80.89935,39.15185],[80.91363,39.12458],[80.91317,39.07863],[80.87826,38.95028],[80.88229,38.90709],[80.84881,38.87457],[80.83463,38.83288],[80.8412,38.81412],[80.8628,38.79689],[80.949,38.75186],[80.94083,38.64528],[80.94848,38.62067],[80.92103,38.57797],[80.92703,38.53404],[80.90566,38.51346],[80.88893,38.46243],[80.86887,38.44221],[80.86711,38.39631],[80.78442,38.31335],[80.64773,38.25321],[80.61282,38.22416],[80.5933,38.18493],[80.59614,38.12358],[80.5369,38.05945],[80.49813,38.03856],[80.48222,38.04515],[80.46995,38.03079],[80.46009,38.0356],[80.44541,38.02988],[80.4504,38.01146],[80.4306,38.00124],[80.42646,37.98327],[80.41379,37.98169],[80.40332,37.95607],[80.37976,37.93267],[80.36954,37.92881],[80.35012,37.93609],[80.34482,37.91856],[80.32299,37.91358],[80.33267,37.91041],[80.33261,37.90048],[80.31284,37.90198],[80.3167,37.8898],[80.30654,37.86119],[80.28616,37.8506],[80.29317,37.83877],[80.27261,37.80349],[80.22595,37.78784],[80.22179,37.77697],[80.19507,37.75981],[80.19793,37.74472],[80.18487,37.74492],[80.17303,37.73269],[80.16991,37.70748],[80.12958,37.69853],[80.12539,37.68828],[80.09921,37.67236],[80.09215,37.65755],[80.10029,37.6487],[80.08875,37.62739],[80.06161,37.61541],[80.03157,37.58895],[80.00517,37.58935],[79.96391,37.57263],[79.94625,37.54263],[79.917,37.5286],[79.90955,37.5114],[79.88974,37.50161],[79.88032,37.47373],[79.89043,37.46043],[79.8762,37.43707],[79.8497,37.42364],[79.84637,37.3977],[79.81827,37.3799],[79.81688,37.34616],[79.80545,37.31649],[79.79005,37.28868],[79.76444,37.2743],[79.74432,37.19056],[79.72127,37.14327],[79.72552,37.13789],[79.70298,37.10763],[79.70835,37.09917],[79.70353,37.04273],[79.7201,37.01848],[79.74078,37.00974],[79.74054,36.97675],[79.70265,36.96664],[79.68291,36.94265],[79.61448,36.91147],[79.60001,36.88697],[79.57398,36.88315],[79.55983,36.93368],[79.52879,36.94866],[79.49483,36.94213],[79.4908,36.97163],[79.47763,36.98689],[79.44524,36.99566],[79.43204,36.99097],[79.40701,36.96355],[79.38947,36.95599],[79.38311,36.93393],[79.40289,36.89068],[79.42665,36.86979],[79.4382,36.8363],[79.46104,36.8143],[79.45625,36.79116],[79.46667,36.77865],[79.46335,36.76679],[79.43541,36.75827],[79.4174,36.70874],[79.38788,36.6978],[79.36946,36.70945],[79.33283,36.70266],[79.33131,36.71049],[79.31642,36.71534],[79.29153,36.70282],[79.26565,36.70763],[79.24565,36.69889],[79.21369,36.70197],[79.18876,36.6812],[79.17889,36.64708],[79.15947,36.62554],[79.12994,36.66857],[79.0941,36.69805],[79.07797,36.73369],[79.03819,36.7598],[79.02885,36.78324],[79.01636,36.789],[79.03441,36.87031],[79.03119,36.88711],[79.05754,36.92538],[79.08504,36.93583],[79.07114,36.98684],[79.08001,37.0221],[79.15198,37.11869],[79.22283,37.16251],[79.25029,37.19588],[79.25551,37.21337],[79.3721,37.17408],[79.36336,37.35422],[79.35205,37.35485],[79.33544,37.37254],[79.3422,37.38173],[79.3686,37.38528],[79.37477,37.41629],[79.33471,37.41661],[79.47617,38.00055],[79.5762,38.65869],[79.55905,38.72493],[79.56043,38.75956],[79.58166,38.81313],[79.59719,38.82544],[79.61228,38.86964],[79.60688,38.90236],[79.61612,38.91236],[79.76215,39.62252],[80.15997,39.46356],[80.89762,39.48023]],[[79.69708,37.56123],[79.65948,37.5543],[79.63735,37.52619],[79.6307,37.47443],[79.64458,37.44669],[79.63197,37.43714],[79.6277,37.41823],[79.68483,37.44797],[79.69708,37.56123]],[[79.62378,37.38946],[79.59991,37.39296],[79.59786,37.38491],[79.58414,37.3927],[79.58835,37.38196],[79.57791,37.37657],[79.57038,37.38269],[79.56791,37.36795],[79.57951,37.35324],[79.57844,37.34019],[79.60115,37.35843],[79.5988,37.37131],[79.60566,37.36551],[79.62378,37.38946]],[[79.70116,37.37597],[79.67719,37.37102],[79.69351,37.35687],[79.70116,37.37597]],[[79.77382,37.28477],[79.7688,37.29062],[79.76277,37.28139],[79.76651,37.28063],[79.77382,37.28477]],[[79.70428,37.37584],[79.70571,37.38138],[79.70146,37.37633],[79.70428,37.37584]],[[79.58478,37.33248],[79.58,37.33333],[79.58074,37.3296],[79.58478,37.33248]],[[79.58645,37.32233],[79.5857,37.32525],[79.58429,37.32467],[79.58645,37.32233]]]}},{"type":"Feature","id":"CTAMAP-2017-COUNTY-1402","properties":{"map_level":"county","source_name":"木垒哈萨克自治县","source_code":"652328","county_type":"自治县","prefecture_name":"昌吉回族自治州","prefecture_code":"652300","prefecture_type":"自治州","parent_entity_id":"CNUR-000330","parent_year_end_name":"昌吉回族自治州","province_name":"新疆维吾尔自治区","province_code":"650000","snapshot_year":2017,"panel_year":2016,"link_status":"parent_linked","former_name":"","note":""},"geometry":{"type":"Polygon","coordinates":[[[91.49978,45.1001],[91.5005,45.03016],[91.51432,45.02153],[91.54225,44.9804],[91.54034,44.96859],[91.5553,44.94637],[91.55572,44.90752],[91.56738,44.89333],[91.54118,44.85044],[91.5283,44.85464],[91.51013,44.84645],[91.50779,44.83754],[91.40468,44.76124],[91.38598,44.73671],[91.40056,44.62353],[91.35983,44.55249],[91.34691,44.54864],[91.3425,44.47033],[91.3355,44.45571],[91.30111,44.43172],[91.28581,44.37437],[91.33119,44.2768],[91.33077,44.13452],[91.30517,44.00759],[91.33312,43.99316],[91.3345,43.98247],[91.36501,43.95483],[91.41561,43.92761],[91.44005,43.90326],[91.50967,43.86945],[91.52339,43.81824],[91.55342,43.77336],[91.56333,43.76911],[91.56229,43.74425],[91.53067,43.72587],[91.36651,43.70436],[91.46912,43.67358],[91.47529,43.65791],[91.49959,43.64897],[91.55188,43.64134],[91.49319,43.62773],[91.46975,43.61574],[91.4731,43.60362],[91.40981,43.58584],[91.32111,43.5858],[91.29812,43.57262],[91.29319,43.54428],[91.25156,43.54533],[91.24235,43.53778],[91.2239,43.53856],[91.21427,43.52678],[91.17012,43.52236],[91.16205,43.51279],[91.16734,43.49346],[91.1281,43.48203],[91.09861,43.49372],[91.01588,43.4936],[91.00224,43.51329],[90.94755,43.50295],[90.87971,43.53135],[90.84182,43.52072],[90.77248,43.52571],[90.75017,43.51578],[90.68413,43.5216],[90.66157,43.50803],[90.61377,43.49884],[90.55349,43.50004],[90.54471,43.51666],[90.50559,43.5059],[90.4659,43.51181],[90.45777,43.52232],[90.43637,43.51513],[90.433,43.52362],[90.41927,43.52523],[90.38224,43.49656],[90.35846,43.51407],[90.32316,43.51094],[90.31597,43.50332],[90.26794,43.53067],[90.2212,43.53939],[90.2009,43.53393],[90.16862,43.55243],[90.13031,43.54402],[90.11199,43.52653],[90.10025,43.53281],[90.07045,43.51921],[90.05485,43.51824],[90.04936,43.52645],[90.00932,43.52217],[89.98177,43.57184],[89.96124,43.58155],[89.9689,43.5924],[89.937,43.61089],[89.93324,43.64082],[89.94248,43.65507],[89.92885,43.72623],[89.9384,43.74461],[89.97891,43.78203],[89.99288,43.8416],[90.01097,43.85442],[90.01398,43.87475],[90.026,43.88226],[90.01822,43.90079],[90.02202,43.91232],[90.03687,43.91933],[90.03199,43.92742],[90.04104,43.93716],[90.0371,44.01645],[90.09678,44.07255],[90.03374,44.16605],[90.05237,44.22151],[90.07294,44.2375],[90.07418,44.25931],[90.11307,44.32409],[90.19839,44.35763],[90.26213,44.36486],[90.27797,44.3872],[90.34088,44.41323],[90.35574,44.42705],[90.52018,44.45756],[90.59033,44.49565],[90.6825,44.53045],[90.72786,44.56074],[90.81563,44.59555],[90.85061,44.62659],[90.93688,44.66932],[90.98616,44.72255],[91.02367,44.74341],[91.09579,44.83937],[91.30597,44.9403],[91.33806,45.03885],[91.37316,45.10898],[91.38677,45.11193],[91.38557,45.12447],[91.42781,45.15362],[91.44595,45.15478],[91.48628,45.12208],[91.49978,45.1001]]]}},{"type":"Feature","id":"CTAMAP-2017-COUNTY-1456","properties":{"map_level":"county","source_name":"尼勒克县","source_code":"654028","county_type":"县","prefecture_name":"伊犁哈萨克自治州","prefecture_code":"654000","prefecture_type":"自治州","parent_entity_id":"CNUR-000337","parent_year_end_name":"伊犁哈萨克自治州","province_name":"新疆维吾尔自治区","province_code":"650000","snapshot_year":2017,"panel_year":2016,"link_status":"parent_linked","former_name":"","note":""},"geometry":{"type":"Polygon","coordinates":[[[83.4655,44.0356],[83.50297,44.01931],[83.49958,43.99841],[83.5737,44.00743],[83.616,43.96336],[83.63686,43.96997],[83.65685,43.96611],[83.68595,43.97817],[83.71175,43.96065],[83.73074,43.95859],[83.72523,43.95054],[83.73409,43.9443],[83.76553,43.94523],[83.77876,43.95442],[83.78722,43.94322],[83.81081,43.94428],[83.82313,43.93679],[83.83921,43.94884],[83.88231,43.95098],[83.90973,43.93424],[83.89693,43.92247],[83.93417,43.90266],[83.95082,43.89918],[83.95346,43.90903],[83.97813,43.91611],[83.99355,43.90686],[84.0023,43.88765],[84.03697,43.87672],[84.06132,43.88429],[84.08023,43.87342],[84.08587,43.8544],[84.11126,43.85208],[84.10173,43.83663],[84.081,43.82511],[84.08615,43.81804],[84.10862,43.81222],[84.11588,43.80154],[84.12809,43.80504],[84.17099,43.79133],[84.19533,43.77624],[84.22158,43.77215],[84.25109,43.78394],[84.27843,43.76514],[84.27849,43.73957],[84.31701,43.72021],[84.36104,43.7419],[84.40235,43.72984],[84.48843,43.73341],[84.50868,43.75075],[84.55119,43.74841],[84.62734,43.72841],[84.63247,43.71845],[84.59422,43.67916],[84.6066,43.65892],[84.66529,43.65238],[84.70003,43.63264],[84.76287,43.63314],[84.7754,43.64306],[84.7842,43.64045],[84.80988,43.61824],[84.81944,43.57934],[84.8471,43.56874],[84.8948,43.57499],[84.89789,43.52428],[84.93285,43.48171],[84.94825,43.48294],[84.94414,43.46179],[84.9219,43.42393],[84.89858,43.41798],[84.80177,43.44995],[84.79312,43.46364],[84.73841,43.44994],[84.71294,43.45183],[84.6847,43.47903],[84.65925,43.48983],[84.65869,43.47135],[84.63325,43.45803],[84.63297,43.44029],[84.55322,43.4269],[84.37866,43.49336],[84.1811,43.48302],[84.14972,43.51573],[84.10538,43.51866],[84.07276,43.50726],[84.03089,43.51764],[84.01207,43.53522],[83.95225,43.52327],[83.93429,43.54058],[83.90865,43.52875],[83.87241,43.53663],[83.8298,43.53494],[83.81625,43.53886],[83.81476,43.54849],[83.78966,43.56944],[83.74476,43.56708],[83.72341,43.57449],[83.70823,43.59692],[83.66027,43.5917],[83.65391,43.60603],[83.58894,43.62375],[83.54387,43.62511],[83.52714,43.64073],[83.50352,43.63248],[83.46252,43.6361],[83.43614,43.62467],[83.42417,43.60982],[83.39428,43.68781],[83.37585,43.67675],[83.29474,43.6803],[83.27849,43.66272],[83.22214,43.63926],[83.16544,43.65359],[83.15067,43.66272],[83.15157,43.67314],[83.12721,43.67841],[83.11718,43.67469],[83.11282,43.66023],[83.10361,43.66583],[83.08496,43.65013],[83.06733,43.62641],[83.02874,43.62122],[83.01225,43.62759],[82.99953,43.66052],[82.94731,43.64784],[82.93207,43.65613],[82.91153,43.69397],[82.84929,43.69463],[82.86958,43.67262],[82.87362,43.62313],[82.86799,43.60684],[82.88333,43.58177],[82.88663,43.52157],[82.86908,43.51266],[82.86779,43.51942],[82.85874,43.51376],[82.84037,43.52088],[82.81906,43.54143],[82.74854,43.53573],[82.74009,43.52845],[82.72036,43.53333],[82.70206,43.52948],[82.70254,43.51864],[82.69057,43.52007],[82.66862,43.52851],[82.6701,43.53389],[82.65988,43.53113],[82.65971,43.54095],[82.64655,43.54066],[82.64021,43.54922],[82.61391,43.55221],[82.6046,43.56641],[82.5886,43.56068],[82.56802,43.57005],[82.571,43.57551],[82.53979,43.57713],[82.54085,43.59064],[82.51048,43.58772],[82.46937,43.59954],[82.4514,43.59529],[82.35435,43.60933],[82.33188,43.602],[82.29062,43.60632],[82.28007,43.59652],[82.21684,43.59639],[82.21319,43.61661],[82.23418,43.65702],[82.22732,43.66282],[82.22964,43.67842],[82.24758,43.73288],[82.23202,43.78464],[82.21119,43.80765],[82.2176,43.82624],[82.1644,43.84851],[82.12426,43.84927],[82.09982,43.83992],[82.09582,43.84811],[82.08848,43.834],[82.06694,43.8303],[82.0377,43.84196],[82.02531,43.8391],[82.02503,43.85407],[82.00846,43.86966],[82.02934,43.88789],[82.01325,43.89196],[82.01293,43.92006],[81.99902,43.921],[82.00805,43.94919],[81.99821,43.96637],[81.97565,43.96945],[81.97228,43.97621],[82.02564,44.0088],[82.04022,44.07663],[82.07154,44.10073],[82.06052,44.12712],[82.07046,44.15218],[82.06346,44.15803],[82.07348,44.17269],[82.067,44.18786],[82.01544,44.21405],[82.02766,44.25382],[82.02495,44.2863],[82.05997,44.29363],[82.14472,44.27783],[82.16274,44.26171],[82.25445,44.25709],[82.28079,44.24816],[82.35711,44.2642],[82.36541,44.25032],[82.38411,44.24429],[82.39616,44.21939],[82.42213,44.20986],[82.44261,44.18109],[82.53333,44.15573],[82.57134,44.13589],[82.65656,44.11836],[82.68754,44.09669],[82.68868,44.07839],[82.70064,44.07016],[82.74836,44.07303],[82.77778,44.08489],[82.7969,44.07198],[82.87139,44.06558],[82.87904,44.05221],[82.89675,44.05228],[82.91174,44.06911],[82.92743,44.06793],[82.93496,44.08122],[82.96564,44.07139],[82.97484,44.08622],[82.99011,44.09181],[83.02375,44.07807],[83.05268,44.0889],[83.08226,44.08615],[83.09172,44.09837],[83.18308,44.07657],[83.22457,44.07868],[83.24148,44.06887],[83.24569,44.05326],[83.23668,44.04165],[83.26039,44.04007],[83.28361,44.01805],[83.31658,44.00317],[83.34274,44.01188],[83.3792,44.00362],[83.39339,44.01392],[83.40747,44.00502],[83.42695,44.00536],[83.42528,44.01535],[83.4655,44.0356]]]}},{"type":"Feature","id":"CTAMAP-2017-COUNTY-1503","properties":{"map_level":"county","source_name":"皮山县","source_code":"653223","county_type":"县","prefecture_name":"和田地区","prefecture_code":"653200","prefecture_type":"地区","parent_entity_id":"CNUR-000336","parent_year_end_name":"和田地区","province_name":"新疆维吾尔自治区","province_code":"650000","snapshot_year":2017,"panel_year":2016,"link_status":"parent_linked","former_name":"","note":""},"geometry":{"type":"Polygon","coordinates":[[[79.56728,38.78498],[79.55905,38.72493],[79.5762,38.65869],[79.47617,38.00055],[79.33471,37.41661],[79.24773,37.41495],[79.25127,37.22442],[79.20915,37.2314],[79.19519,37.20637],[79.24895,37.19712],[79.25243,37.21436],[79.25306,37.20158],[79.22283,37.16251],[79.18691,37.14462],[79.13074,37.0951],[79.11791,37.06591],[79.07136,37.00303],[79.08504,36.93583],[79.05754,36.92538],[79.03119,36.88711],[79.03441,36.87031],[79.01636,36.789],[79.02885,36.78324],[79.03819,36.7598],[79.07797,36.73369],[79.0941,36.69805],[79.12994,36.66857],[79.15947,36.62554],[79.13129,36.62333],[79.09999,36.63891],[79.07823,36.62419],[79.09399,36.60575],[79.06888,36.57492],[79.06867,36.55975],[79.05371,36.55197],[79.04503,36.53458],[78.93258,36.48742],[78.92624,36.47601],[78.93426,36.46369],[78.91084,36.44554],[78.90844,36.40761],[78.8971,36.39145],[78.85513,36.3649],[78.84141,36.34747],[78.82757,36.34266],[78.80887,36.35075],[78.80238,36.33374],[78.75772,36.31249],[78.758,36.28374],[78.74961,36.26699],[78.76305,36.23738],[78.77998,36.22618],[78.78318,36.17496],[78.75429,36.16598],[78.74945,36.14804],[78.71015,36.09402],[78.70539,36.07446],[78.6811,36.05061],[78.68598,36.02171],[78.6754,36.01264],[78.71216,36.00044],[78.72739,35.96857],[78.79407,35.93495],[78.81751,35.90168],[78.81199,35.88155],[78.76596,35.86187],[78.72199,35.86308],[78.69578,35.85103],[78.67473,35.85243],[78.65506,35.82215],[78.62669,35.80726],[78.61213,35.81061],[78.57859,35.79882],[78.55694,35.77301],[78.5382,35.76686],[78.52982,35.74071],[78.51117,35.73232],[78.48824,35.726],[78.39295,35.73093],[78.38957,35.71321],[78.30114,35.68717],[78.28613,35.66806],[78.2979,35.65789],[78.29372,35.65283],[78.26831,35.65554],[78.24126,35.63996],[78.21649,35.50503],[78.206,35.48435],[78.21869,35.46124],[78.19954,35.44041],[78.19461,35.41288],[78.1281,35.40666],[78.09556,35.39306],[78.05637,35.40058],[78.10574,35.43672],[78.11226,35.47088],[78.13711,35.48895],[78.12149,35.49585],[78.04518,35.49185],[78.03072,35.47072],[78.0,35.49482],[77.95298,35.48154],[77.91966,35.49616],[77.91318,35.46978],[77.90277,35.46661],[77.86508,35.49866],[77.8508,35.49033],[77.81678,35.52055],[77.80676,35.51799],[77.79448,35.49358],[77.75639,35.49767],[77.74839,35.5218],[77.76966,35.5399],[77.76743,35.55534],[77.78798,35.56222],[77.79309,35.58341],[77.81396,35.59233],[77.81134,35.60383],[77.84241,35.61219],[77.84231,35.62594],[77.86554,35.64694],[77.85971,35.67533],[77.87439,35.67838],[77.87593,35.68866],[77.86488,35.70355],[77.87894,35.71385],[77.87284,35.73484],[77.90145,35.75785],[77.90472,35.78505],[77.88071,35.80025],[77.89712,35.81482],[77.88787,35.83367],[77.89823,35.85559],[77.89907,35.88489],[77.86164,35.91254],[77.89721,35.95498],[77.87951,35.97291],[77.8711,35.99557],[77.84892,35.99884],[77.84033,36.0103],[77.80064,36.02795],[77.73796,36.03911],[77.72804,36.0991],[77.74617,36.11482],[77.78647,36.11119],[77.78872,36.13624],[77.84448,36.1817],[77.87139,36.17591],[77.88821,36.18978],[77.90851,36.19242],[77.90841,36.1995],[77.88496,36.21398],[77.81145,36.29284],[77.77035,36.30186],[77.74472,36.2838],[77.71614,36.28687],[77.67549,36.32027],[77.65084,36.32629],[77.63669,36.34534],[77.62626,36.34464],[77.60657,36.36129],[77.62392,36.38514],[77.60066,36.41449],[77.57954,36.42732],[77.58326,36.44246],[77.55626,36.46837],[77.53934,36.46314],[77.5183,36.47831],[77.49094,36.48003],[77.48143,36.49515],[77.45231,36.48553],[77.42957,36.4895],[77.39953,36.50953],[77.41211,36.54864],[77.44643,36.54385],[77.4655,36.55955],[77.49019,36.55404],[77.50606,36.56901],[77.51267,36.59634],[77.53044,36.61103],[77.57873,36.61098],[77.58399,36.62194],[77.57481,36.62281],[77.57311,36.63388],[77.6218,36.6435],[77.64575,36.67023],[77.63745,36.69044],[77.53706,36.74944],[77.51481,36.77586],[77.49186,36.78679],[77.48664,36.79945],[77.50318,36.84253],[77.53079,36.86444],[77.5154,36.88865],[77.52068,36.89763],[77.51624,36.93138],[77.6091,36.93501],[77.61821,36.96086],[77.6404,36.97599],[77.65048,37.00956],[77.659,37.01399],[77.64487,37.04735],[77.65126,37.06885],[77.66709,37.0759],[77.66384,37.093],[77.68176,37.11329],[77.68069,37.12867],[77.66236,37.14202],[77.66159,37.16734],[77.64509,37.1813],[77.65971,37.19896],[77.64222,37.23584],[77.64173,37.26531],[77.60893,37.28196],[77.59783,37.3009],[77.61803,37.32268],[77.61563,37.33498],[77.64384,37.35145],[77.64021,37.37623],[77.66786,37.44821],[77.66922,37.47414],[77.66131,37.49411],[77.66839,37.53956],[77.65523,37.55186],[77.66449,37.58556],[77.69382,37.58669],[77.73926,37.63317],[77.73791,37.66693],[77.80401,37.72433],[78.03904,37.99973],[78.50479,38.42264],[79.0,38.66659],[79.25352,38.8022],[79.28318,38.80715],[79.32786,38.80131],[79.37591,38.81673],[79.38668,38.83001],[79.47698,38.80515],[79.52033,38.80311],[79.56728,38.78498]],[[78.54118,37.57448],[78.54282,37.79123],[78.34799,37.73098],[78.34799,37.66361],[78.35759,37.65381],[78.33965,37.64068],[78.33929,37.62246],[78.32672,37.6055],[78.41192,37.62105],[78.43953,37.64196],[78.47854,37.61517],[78.48896,37.6168],[78.48674,37.56865],[78.51275,37.56617],[78.52008,37.55327],[78.52197,37.58905],[78.52826,37.58913],[78.52912,37.57343],[78.54118,37.57448]]]}},{"type":"Feature","id":"CTAMAP-2017-COUNTY-1575","properties":{"map_level":"county","source_name":"奇台县","source_code":"652325","county_type":"县","prefecture_name":"昌吉回族自治州","prefecture_code":"652300","prefecture_type":"自治州","parent_entity_id":"CNUR-000330","parent_year_end_name":"昌吉回族自治州","province_name":"新疆维吾尔自治区","province_code":"650000","snapshot_year":2017,"panel_year":2016,"link_status":"parent_linked","former_name":"","note":""},"geometry":{"type":"Polygon","coordinates":[[[91.37316,45.10898],[91.33806,45.03885],[91.30597,44.9403],[91.09579,44.83937],[91.02399,44.74372],[90.98616,44.72255],[90.97179,44.70109],[90.91257,44.65301],[90.85308,44.62808],[90.81563,44.59555],[90.72786,44.56074],[90.6825,44.53045],[90.59033,44.49565],[90.52018,44.45756],[90.35574,44.42705],[90.34088,44.41323],[90.27797,44.3872],[90.26213,44.36486],[90.19839,44.35763],[90.11307,44.32409],[90.07418,44.25931],[90.07294,44.2375],[90.05237,44.22151],[90.03374,44.16605],[90.09678,44.07255],[90.0371,44.01645],[90.04104,43.93716],[90.03199,43.92742],[90.03687,43.91933],[90.02202,43.91232],[90.01822,43.90079],[90.026,43.88226],[90.01398,43.87475],[90.01097,43.85442],[89.99288,43.8416],[89.97891,43.78203],[89.9384,43.74461],[89.92862,43.72445],[89.94248,43.65507],[89.93324,43.64082],[89.937,43.61089],[89.96567,43.59572],[89.96928,43.5887],[89.96124,43.58155],[89.98177,43.57184],[90.00088,43.54695],[90.01176,43.48911],[89.96303,43.49049],[89.9634,43.47303],[89.93362,43.4592],[89.93338,43.45244],[89.91806,43.45138],[89.88162,43.46714],[89.80138,43.45702],[89.75624,43.46233],[89.7442,43.42317],[89.71813,43.41351],[89.68846,43.42338],[89.67635,43.40893],[89.6235,43.42589],[89.54886,43.431],[89.48855,43.45276],[89.47021,43.44571],[89.3918,43.45327],[89.37675,43.46267],[89.3726,43.48917],[89.32329,43.4995],[89.31052,43.53578],[89.27745,43.55114],[89.25809,43.55088],[89.2215,43.52434],[89.2081,43.52503],[89.2352,43.56573],[89.24432,43.61442],[89.23966,43.62606],[89.25443,43.64058],[89.23749,43.67429],[89.2346,43.72158],[89.24535,43.74794],[89.272,43.7781],[89.27817,43.80327],[89.27774,43.85167],[89.2703,43.8628],[89.28491,43.93027],[89.29875,43.95654],[89.34101,43.97035],[89.38057,43.97143],[89.37224,43.99638],[89.41512,44.16439],[89.38431,44.1994],[89.3795,44.218],[89.38329,44.34107],[89.39724,44.40214],[89.43422,44.43992],[89.37778,44.48311],[89.31113,44.59205],[89.45349,44.77225],[89.47713,44.82974],[89.50122,44.85419],[89.50122,45.00035],[90.23501,45.0007],[90.24114,45.02123],[90.22923,45.03329],[90.22108,45.06161],[90.24923,45.08618],[90.28197,45.16326],[90.35699,45.23619],[90.37843,45.27831],[90.49408,45.42008],[90.67027,45.48714],[90.76981,45.42818],[90.77169,45.4044],[90.80847,45.32407],[90.80402,45.28977],[90.83268,45.29738],[90.87523,45.27852],[90.89404,45.24769],[90.86537,45.2035],[90.88373,45.19475],[90.87951,45.18938],[90.96134,45.19891],[90.99321,45.21606],[91.04919,45.20652],[91.07977,45.21497],[91.12367,45.2142],[91.16756,45.19769],[91.17616,45.17353],[91.19373,45.15886],[91.22928,45.14951],[91.24205,45.13348],[91.33064,45.12816],[91.37316,45.10898]]]}},{"type":"Feature","id":"CTAMAP-2017-COUNTY-1601","properties":{"map_level":"county","source_name":"且末县","source_code":"652825","county_type":"县","prefecture_name":"巴音郭楞蒙古自治州","prefecture_code":"652800","prefecture_type":"自治州","parent_entity_id":"CNUR-000332","parent_year_end_name":"巴音郭楞蒙古自治州","province_name":"新疆维吾尔自治区","province_code":"650000","snapshot_year":2017,"panel_year":2016,"link_status":"parent_linked","former_name":"","note":""},"geometry":{"type":"Polygon","coordinates":[[[86.68592,40.17626],[86.81522,39.00999],[86.82646,38.81753],[86.94528,38.6789],[86.92427,38.65026],[86.96109,38.60192],[87.00145,38.49611],[86.99604,38.47286],[87.02581,38.33363],[87.01779,38.29947],[87.03594,38.2763],[87.03795,38.26181],[87.06604,38.27965],[87.11085,38.2892],[87.17369,38.28269],[87.17751,38.2578],[87.16059,38.23225],[87.19209,38.18699],[87.18995,38.1636],[87.20916,38.15069],[87.21195,38.13331],[87.2462,38.10627],[87.25362,38.06974],[87.27965,38.02452],[87.30411,38.01761],[87.32098,38.02241],[87.33129,38.01118],[87.36635,38.00225],[87.38549,37.93259],[87.37724,37.9188],[87.3899,37.90969],[87.36961,37.88766],[87.40279,37.85981],[87.46874,37.87606],[87.54219,37.87571],[87.59694,37.89104],[87.62183,37.85666],[87.73937,37.83027],[87.82128,37.82276],[87.84181,37.74064],[87.852,37.734],[87.83965,37.71529],[87.83856,37.69796],[87.82589,37.69342],[87.82894,37.68396],[87.85597,37.67783],[87.87096,37.64886],[87.86211,37.63243],[87.8957,37.60729],[87.90657,37.58767],[87.92968,37.57576],[87.94405,37.53623],[87.97364,37.51929],[87.96181,37.47662],[87.97686,37.44606],[87.9715,37.41855],[87.95511,37.39505],[87.9116,37.37751],[87.84389,37.36895],[87.83044,37.37514],[87.79534,37.35642],[87.77517,37.36041],[87.75249,37.34073],[87.66843,37.30778],[87.64161,37.31591],[87.62279,37.30687],[87.5859,37.30585],[87.56894,37.28932],[87.51697,37.26844],[87.50353,37.227],[87.50756,37.20063],[87.57845,37.16446],[87.62325,37.0907],[87.65124,37.07753],[87.64857,36.88716],[87.60652,36.81483],[87.59309,36.76493],[87.59797,36.75829],[87.58797,36.74556],[87.6112,36.70706],[87.60688,36.67449],[87.62128,36.65911],[87.62004,36.64445],[87.61028,36.62508],[87.59854,36.63277],[87.54883,36.63182],[87.5408,36.6042],[87.51991,36.60074],[87.51245,36.59212],[87.525,36.57892],[87.50116,36.57677],[87.50241,36.5421],[87.47554,36.54822],[87.46238,36.54316],[87.44128,36.51236],[87.39214,36.49291],[87.36845,36.42034],[87.35998,36.42101],[87.35877,36.40957],[87.34287,36.40027],[87.34597,36.39313],[87.30559,36.36219],[87.29563,36.35783],[87.28301,36.36576],[87.26496,36.35658],[87.24481,36.36408],[87.21942,36.35238],[87.19595,36.35298],[87.15443,36.32005],[87.15987,36.30342],[87.14129,36.29312],[87.10477,36.29626],[87.07444,36.30937],[87.05046,36.29211],[87.00243,36.30212],[86.99066,36.29421],[86.94669,36.28989],[86.9289,36.26557],[86.89029,36.26222],[86.86369,36.28819],[86.86095,36.30043],[86.82035,36.28966],[86.76484,36.29821],[86.73172,36.28615],[86.73019,36.26714],[86.70502,36.26458],[86.69796,36.24509],[86.65502,36.24618],[86.65018,36.2309],[86.61529,36.21939],[86.6036,36.22629],[86.58039,36.21818],[86.52554,36.22942],[86.52257,36.21222],[86.51362,36.20968],[86.52305,36.20154],[86.5,36.19866],[86.43777,36.22696],[86.43079,36.20812],[86.38932,36.20268],[86.37303,36.18879],[86.36314,36.16379],[86.31689,36.16232],[86.27621,36.1725],[86.27619,36.15976],[86.26051,36.15133],[86.18379,36.13088],[86.17676,36.07491],[86.19719,36.04932],[86.19766,36.03351],[86.17699,36.02964],[86.17099,36.00836],[86.14338,35.99888],[86.12839,35.97533],[86.126,35.94217],[86.09193,35.90921],[86.07839,35.86227],[86.0613,35.85623],[86.0523,35.84265],[86.03716,35.84808],[86.00993,35.83343],[85.94685,35.77911],[85.9047,35.78639],[85.83548,35.77265],[85.80581,35.78004],[85.68767,35.75114],[85.66975,35.73499],[85.64958,35.72993],[85.63925,35.70653],[85.62733,35.69873],[85.62776,35.6802],[85.61231,35.65342],[85.59633,35.64583],[85.56089,35.6431],[85.52567,35.66224],[85.50643,35.68508],[85.37127,35.70096],[85.35322,35.74284],[85.27953,35.77634],[85.28126,35.78796],[85.21841,35.78057],[85.22393,35.7712],[85.21697,35.76677],[85.14663,35.74381],[85.03923,35.75178],[84.99534,35.74026],[84.984,35.7259],[84.9458,35.76242],[84.91688,35.7716],[84.90695,35.81303],[84.91217,35.8631],[84.88336,35.8971],[84.87532,35.93698],[84.85872,35.94647],[84.87288,35.98401],[84.86463,36.02837],[84.83808,36.05041],[84.83988,36.06613],[84.85224,36.07571],[84.84751,36.09716],[84.77089,36.10332],[84.7533,36.12043],[84.72706,36.12255],[84.6782,36.14324],[84.66755,36.15881],[84.67036,36.18366],[84.63518,36.19281],[84.61631,36.22076],[84.56841,36.22635],[84.56296,36.24471],[84.53604,36.26992],[84.41469,36.27728],[84.40761,36.31021],[84.3604,36.31225],[84.33805,36.3712],[84.35002,36.37803],[84.35296,36.39831],[84.32101,36.42389],[84.30509,36.42608],[84.31621,36.47467],[84.34005,36.49121],[84.34546,36.52856],[84.34114,36.55553],[84.30072,36.61195],[84.25728,36.62356],[84.2494,36.64453],[84.19495,36.66289],[84.16673,36.69517],[84.14599,36.68935],[84.06679,36.69969],[84.05811,36.72004],[84.00993,36.74032],[83.99817,36.76517],[83.91927,36.76446],[83.87255,36.80138],[83.82583,36.81589],[83.85808,36.87109],[83.85689,36.88802],[83.8292,36.93455],[83.83418,36.95343],[83.82076,36.97147],[83.85135,37.05503],[83.85187,37.12118],[83.83246,37.15312],[83.82701,37.19093],[83.8179,37.20192],[83.79504,37.20859],[83.79816,37.23265],[83.78843,37.25021],[83.83376,37.28408],[83.86377,37.29361],[83.90483,37.36445],[83.97016,37.40441],[83.98283,37.4478],[83.97148,37.48397],[83.98508,37.5163],[83.98119,37.58674],[83.98731,37.61209],[83.96152,37.65203],[83.95774,37.69113],[83.94171,37.69954],[83.94702,37.71053],[83.94247,37.74666],[83.92999,37.78531],[83.93695,37.82823],[83.9196,37.87554],[83.883,37.94733],[83.81655,38.04812],[83.74495,38.11526],[83.64132,38.19144],[83.48258,38.29326],[83.38346,38.38801],[83.39183,39.32103],[83.41169,39.48265],[84.00105,40.00036],[84.02544,40.30523],[84.49642,40.21295],[84.64079,40.17614],[86.68592,40.17626]]]}},{"type":"Feature","id":"CTAMAP-2017-COUNTY-1615","properties":{"map_level":"county","source_name":"青河县","source_code":"654325","county_type":"县","prefecture_name":"阿勒泰地区","prefecture_code":"654300","prefecture_type":"地区","parent_entity_id":"CNUR-000340","parent_year_end_name":"阿勒泰地区","province_name":"新疆维吾尔自治区","province_code":"650000","snapshot_year":2017,"panel_year":2016,"link_status":"parent_linked","former_name":"","note":""},"geometry":{"type":"Polygon","coordinates":[[[90.48877,47.32153],[90.51402,47.29514],[90.53855,47.24315],[90.5598,47.22881],[90.56105,47.20591],[90.58614,47.18953],[90.59702,47.16863],[90.63165,47.13643],[90.65336,47.12953],[90.65397,47.11049],[90.66436,47.09686],[90.7564,47.01071],[90.76173,46.99206],[90.82578,46.99405],[90.90374,46.95641],[90.91689,46.94095],[90.92214,46.90137],[90.95448,46.87855],[90.94083,46.82473],[90.98837,46.79048],[90.99691,46.77039],[91.02064,46.76097],[91.05291,46.71499],[91.01468,46.5846],[91.06471,46.57861],[91.07382,46.5541],[91.05036,46.5062],[91.03449,46.49903],[91.01812,46.46164],[91.02042,46.43987],[90.99458,46.42264],[90.97763,46.3741],[90.89609,46.31061],[90.94972,46.23263],[90.94367,46.21809],[90.98192,46.15405],[91.01405,46.12574],[91.00978,46.06902],[91.02168,46.05399],[91.02227,46.02357],[90.84747,45.88724],[90.71406,45.72614],[90.67684,45.60191],[90.66666,45.54117],[90.67027,45.48714],[90.49408,45.42008],[90.37843,45.27831],[90.35699,45.23619],[90.29018,45.17618],[90.24923,45.08618],[90.22108,45.06161],[90.22923,45.03329],[90.24114,45.02123],[90.23501,45.0007],[89.77684,45.00038],[89.7978,45.02732],[89.78798,45.03927],[89.80507,45.06239],[89.87564,45.08087],[89.93651,45.11971],[89.94268,45.13741],[89.92979,45.16755],[89.96235,45.25081],[89.9886,45.3882],[89.98578,45.41059],[89.99213,45.42129],[89.98451,45.46952],[89.99381,45.54601],[89.98085,45.58829],[89.98038,45.61917],[89.9079,45.65491],[89.91427,45.67012],[89.97483,45.70073],[89.98277,45.73469],[89.98477,45.77412],[89.97008,45.87159],[89.97438,45.91246],[89.96166,45.92943],[89.94742,45.9781],[89.9606,45.9937],[89.9787,46.04784],[90.04779,46.09302],[90.04202,46.11795],[89.985,46.16532],[90.05463,46.19004],[90.01285,46.27219],[89.95615,46.32283],[89.94559,46.34659],[89.87255,46.41911],[89.87437,46.45404],[89.85598,46.51227],[89.85697,46.57259],[89.82574,46.66906],[89.86251,46.72594],[89.91189,46.74474],[89.8791,46.80945],[89.88597,46.86771],[89.89957,46.89467],[89.92181,46.90686],[89.90444,46.9184],[89.9002,46.93611],[89.9064,46.96056],[89.89799,46.97273],[89.90384,46.97705],[89.92584,46.96893],[90.00991,47.00802],[90.01357,47.01833],[90.05037,47.02132],[90.0753,47.04878],[90.08094,47.06856],[90.10469,47.07566],[90.10683,47.08899],[90.09742,47.10616],[90.10726,47.14176],[90.08263,47.15142],[90.08955,47.17215],[90.13594,47.19103],[90.14976,47.20727],[90.17517,47.20905],[90.17649,47.22727],[90.19465,47.25621],[90.19072,47.27158],[90.21898,47.27192],[90.24288,47.30055],[90.2633,47.30211],[90.26851,47.31204],[90.3269,47.30903],[90.33315,47.32077],[90.37882,47.31051],[90.40129,47.31517],[90.43907,47.33929],[90.48877,47.32153]]]}},{"type":"Feature","id":"CTAMAP-2017-COUNTY-1706","properties":{"map_level":"county","source_name":"若羌县","source_code":"652824","county_type":"县","prefecture_name":"巴音郭楞蒙古自治州","prefecture_code":"652800","prefecture_type":"自治州","parent_entity_id":"CNUR-000332","parent_year_end_name":"巴音郭楞蒙古自治州","province_name":"新疆维吾尔自治区","province_code":"650000","snapshot_year":2017,"panel_year":2016,"link_status":"parent_linked","former_name":"","note":""},"geometry":{"type":"Polygon","coordinates":[[[91.83443,41.27942],[91.97874,41.26462],[92.03242,41.2716],[92.09396,41.25934],[92.22706,41.20283],[92.29522,41.19082],[92.41389,41.15435],[92.51039,41.1399],[92.53635,41.11914],[92.64881,41.11356],[92.74147,41.12402],[92.86199,41.11186],[92.99795,41.07724],[93.06567,41.04502],[93.10165,41.03924],[93.19925,40.98978],[93.39724,40.98853],[93.41862,40.98337],[93.42816,40.97074],[93.47337,40.97188],[93.55546,40.95649],[93.69334,40.87495],[93.73745,40.87149],[93.78814,40.88171],[93.80611,40.876],[93.81968,40.7928],[93.75928,40.66397],[93.50483,40.64757],[92.92734,40.57201],[92.91949,40.39125],[92.9058,40.31008],[92.79532,40.15317],[92.74431,39.86756],[92.63882,39.51382],[92.52452,39.3679],[92.38041,39.25864],[92.33852,39.23742],[92.34591,39.20215],[92.34264,39.14562],[92.36469,39.09538],[92.34937,39.08293],[92.35285,39.06805],[92.36785,39.05776],[92.38931,39.05828],[92.4046,39.04141],[92.41673,39.00964],[92.40107,39.0116],[92.37801,38.99811],[92.25601,39.0009],[92.193,38.98202],[92.16946,38.95925],[92.1066,38.96317],[92.08957,38.95476],[92.03782,38.95065],[91.88073,38.89994],[91.87484,38.88144],[91.82033,38.87707],[91.77839,38.86293],[91.71119,38.86895],[91.68076,38.85954],[91.67921,38.8526],[91.63733,38.85661],[91.6311,38.84589],[91.57573,38.83074],[91.50051,38.81511],[91.44994,38.81382],[91.41211,38.79304],[91.37749,38.7871],[91.35172,38.76723],[91.31471,38.76158],[91.30364,38.74841],[91.23556,38.75002],[91.12649,38.71699],[91.11456,38.70746],[91.08034,38.70901],[90.99316,38.69353],[90.9663,38.69705],[90.83102,38.66827],[90.80572,38.65625],[90.79975,38.6564],[90.80227,38.66622],[90.72445,38.6565],[90.65214,38.67255],[90.62121,38.66625],[90.64497,38.63414],[90.60872,38.61423],[90.60975,38.59624],[90.55927,38.59453],[90.54139,38.57963],[90.53038,38.58008],[90.53417,38.56876],[90.5271,38.56106],[90.46269,38.55443],[90.45503,38.54875],[90.46344,38.5204],[90.433,38.50752],[90.42303,38.49133],[90.35373,38.48162],[90.32761,38.49276],[90.3107,38.49046],[90.31454,38.5002],[90.3037,38.50223],[90.25539,38.49171],[90.13292,38.49464],[90.11104,38.48201],[90.11332,38.41246],[90.1262,38.39993],[90.1772,38.39681],[90.15787,38.35993],[90.14001,38.36046],[90.13981,38.35265],[90.15048,38.34942],[90.13563,38.3403],[90.27896,38.23792],[90.35095,38.23321],[90.35972,38.29987],[90.40032,38.311],[90.52928,38.31977],[90.51473,38.20432],[90.51921,37.72885],[90.57832,37.72187],[90.58241,37.70456],[90.61718,37.69664],[90.6568,37.70462],[90.65978,37.6966],[90.67299,37.69709],[90.67427,37.68289],[90.72156,37.67273],[90.74183,37.66399],[90.74689,37.65364],[90.77525,37.64995],[90.7912,37.63037],[90.80245,37.63153],[90.82258,37.61021],[90.84256,37.60884],[90.87735,37.5818],[90.88213,37.57336],[90.86895,37.56234],[90.86168,37.53262],[90.90896,37.51971],[90.92417,37.5034],[90.93871,37.49999],[90.93568,37.48174],[90.95528,37.47793],[90.99964,37.4952],[91.07312,37.47616],[91.10749,37.42882],[91.11178,37.38247],[91.12629,37.37375],[91.12057,37.36425],[91.13518,37.35319],[91.13285,37.32294],[91.16856,37.30268],[91.17103,37.28243],[91.19138,37.27555],[91.18623,37.2469],[91.19612,37.21128],[91.18845,37.20534],[91.21724,37.19974],[91.22913,37.1821],[91.25606,37.17691],[91.27846,37.15846],[91.28462,37.10522],[91.30171,37.0835],[91.30064,37.05993],[91.28759,37.04315],[91.30774,37.0323],[91.31283,37.02057],[91.30539,37.01302],[91.21489,37.00964],[91.1792,37.02521],[91.12996,37.00576],[91.12841,36.98362],[91.1146,36.97026],[91.04783,36.96571],[91.0368,36.92899],[90.98129,36.9133],[90.92963,36.92033],[90.85466,36.91626],[90.79401,36.86162],[90.79161,36.84712],[90.77899,36.83661],[90.7511,36.82423],[90.73145,36.82649],[90.72096,36.79798],[90.72324,36.77281],[90.7304,36.76765],[90.7257,36.75478],[90.75571,36.72224],[90.71972,36.70674],[90.70464,36.66105],[90.73053,36.65531],[90.73345,36.6239],[90.72141,36.61767],[90.73926,36.58579],[90.81084,36.58522],[90.82551,36.57833],[90.81718,36.56026],[90.90279,36.56047],[90.9178,36.55009],[90.94306,36.55353],[91.03369,36.53129],[91.02579,36.50716],[91.03919,36.47598],[91.02764,36.47093],[91.02576,36.44273],[91.05133,36.43008],[91.03146,36.39716],[91.04169,36.38501],[91.02756,36.35881],[91.03528,36.34167],[91.02493,36.32419],[91.05071,36.30962],[91.05039,36.30068],[91.06778,36.30107],[91.07584,36.29301],[91.05308,36.27056],[91.04486,36.24496],[91.09683,36.21748],[91.09016,36.1861],[91.10053,36.17594],[91.09209,36.16512],[91.11597,36.13963],[91.12366,36.11302],[91.11844,36.10381],[91.07933,36.08824],[90.97577,36.10648],[90.95961,36.09159],[90.9494,36.06101],[90.92534,36.03123],[90.84008,36.01836],[90.8148,36.03497],[90.8188,36.04145],[90.7939,36.05352],[90.77347,36.08791],[90.68329,36.12808],[90.65106,36.13629],[90.61491,36.12755],[90.57495,36.13103],[90.55226,36.14548],[90.52753,36.14899],[90.47342,36.1313],[90.36998,36.14851],[90.34171,36.14548],[90.32392,36.15966],[90.2357,36.16138],[90.19495,36.18987],[90.15443,36.19446],[90.12698,36.20888],[90.14151,36.24196],[90.08557,36.25021],[90.07946,36.25693],[90.06159,36.25396],[90.04156,36.27672],[90.00315,36.28049],[90.00619,36.26707],[90.02575,36.25739],[90.01671,36.21258],[90.00624,36.19685],[90.00797,36.18444],[89.9911,36.16402],[89.93556,36.13131],[89.94753,36.09999],[89.94151,36.08422],[89.94569,36.07011],[89.91154,36.07987],[89.85836,36.08213],[89.8472,36.07615],[89.81059,36.08018],[89.79174,36.07139],[89.76789,36.07964],[89.76139,36.07314],[89.70558,36.09778],[89.67886,36.09161],[89.66253,36.10326],[89.64809,36.09842],[89.63496,36.10936],[89.61542,36.1093],[89.55784,36.14142],[89.54004,36.13514],[89.51304,36.14085],[89.4974,36.15597],[89.48377,36.1541],[89.47136,36.16833],[89.44175,36.17762],[89.4152,36.20845],[89.37636,36.21411],[89.36129,36.23309],[89.33348,36.23793],[89.29343,36.2298],[89.27013,36.25539],[89.2744,36.26199],[89.25109,36.26871],[89.25043,36.28585],[89.24108,36.29228],[89.22511,36.29057],[89.19855,36.26058],[89.16083,36.26349],[89.12528,36.25153],[89.10513,36.26409],[89.09745,36.28267],[89.05094,36.29268],[89.03157,36.3108],[88.99862,36.31716],[88.98888,36.31157],[88.97389,36.31919],[88.96454,36.31438],[88.938,36.33701],[88.92438,36.36349],[88.86697,36.34908],[88.84311,36.36016],[88.7969,36.3369],[88.78254,36.29346],[88.76325,36.29301],[88.74458,36.31102],[88.72476,36.31775],[88.72779,36.32994],[88.71402,36.33862],[88.71455,36.35555],[88.66265,36.36879],[88.65687,36.38176],[88.61406,36.39204],[88.61442,36.42076],[88.58449,36.46104],[88.55618,36.46048],[88.54619,36.44798],[88.51825,36.45689],[88.48422,36.45426],[88.47617,36.4594],[88.47907,36.47776],[88.47161,36.48163],[88.40616,36.4721],[88.37534,36.48451],[88.35513,36.47822],[88.36481,36.46274],[88.35611,36.45777],[88.24194,36.47148],[88.22087,36.44875],[88.18282,36.4557],[88.16586,36.43837],[88.13653,36.42943],[87.96732,36.4322],[87.96766,36.40727],[87.9494,36.40094],[87.93053,36.40473],[87.91323,36.39359],[87.86638,36.39369],[87.83746,36.38467],[87.80224,36.39126],[87.7981,36.38012],[87.77838,36.37638],[87.70393,36.38252],[87.68234,36.36943],[87.65545,36.37303],[87.63372,36.35949],[87.59589,36.35709],[87.5624,36.34001],[87.50641,36.35652],[87.46695,36.35547],[87.45326,36.38846],[87.45674,36.41151],[87.43132,36.41589],[87.42362,36.42618],[87.39854,36.41617],[87.36903,36.41975],[87.39214,36.49291],[87.44128,36.51236],[87.46238,36.54316],[87.47554,36.54822],[87.50241,36.5421],[87.50116,36.57677],[87.525,36.57892],[87.51245,36.59212],[87.51991,36.60074],[87.5408,36.6042],[87.54883,36.63182],[87.59854,36.63277],[87.61028,36.62508],[87.62009,36.64467],[87.62128,36.65911],[87.60688,36.67449],[87.6112,36.70706],[87.58797,36.74556],[87.59797,36.75829],[87.59309,36.76493],[87.60652,36.81483],[87.64857,36.88716],[87.65124,37.07753],[87.62325,37.0907],[87.57845,37.16446],[87.50756,37.20063],[87.50353,37.227],[87.51641,37.26751],[87.56894,37.28932],[87.5859,37.30585],[87.62279,37.30687],[87.64161,37.31591],[87.66778,37.30759],[87.75249,37.34073],[87.77517,37.36041],[87.79534,37.35642],[87.83044,37.37514],[87.84389,37.36895],[87.9116,37.37751],[87.95511,37.39505],[87.9715,37.41855],[87.97686,37.44606],[87.96175,37.47147],[87.97468,37.51716],[87.94355,37.53675],[87.92968,37.57576],[87.90657,37.58767],[87.8957,37.60729],[87.86211,37.63243],[87.87096,37.64886],[87.85597,37.67783],[87.82894,37.68396],[87.82589,37.69342],[87.83856,37.69796],[87.83965,37.71529],[87.852,37.734],[87.84181,37.74064],[87.82076,37.82324],[87.73937,37.83027],[87.62183,37.85666],[87.59694,37.89104],[87.54219,37.87571],[87.46874,37.87606],[87.40279,37.85981],[87.36961,37.88766],[87.3899,37.90969],[87.37724,37.9188],[87.38549,37.93259],[87.36635,38.00225],[87.33129,38.01118],[87.32098,38.02241],[87.30411,38.01761],[87.27965,38.02452],[87.25362,38.06974],[87.2462,38.10627],[87.21195,38.13331],[87.20916,38.15069],[87.18995,38.1636],[87.19209,38.18699],[87.16059,38.23225],[87.17751,38.2578],[87.17369,38.28269],[87.11085,38.2892],[87.06604,38.27965],[87.03795,38.26181],[87.03594,38.2763],[87.01779,38.29947],[87.02581,38.33363],[86.99604,38.47286],[87.00145,38.49611],[86.96109,38.60192],[86.92427,38.65026],[86.94528,38.6789],[86.82646,38.81753],[86.81522,39.00999],[86.68592,40.17626],[87.7158,40.17557],[87.96507,40.2482],[87.93265,40.30387],[87.90589,40.30687],[87.89683,40.35065],[87.86951,40.37025],[87.87252,40.39064],[87.85081,40.39694],[87.90263,40.45177],[87.89369,40.47009],[88.04806,40.55003],[88.18946,40.42978],[88.52179,40.43909],[88.85007,40.50958],[89.13263,40.63821],[89.17448,40.63638],[89.19161,40.64514],[89.23827,40.64036],[89.24887,40.63027],[89.2922,40.65016],[89.32218,40.64531],[89.33013,40.63077],[89.35525,40.63778],[89.4195,40.63754],[89.43312,40.64536],[89.45436,40.63826],[89.4653,40.6503],[89.477,40.63658],[89.50408,40.63888],[89.52651,40.62776],[89.58144,40.65254],[89.6214,40.64495],[89.63404,40.62732],[89.6551,40.63636],[89.69622,40.63336],[89.69872,40.62399],[89.70957,40.6233],[89.74334,40.63644],[89.8182,40.62992],[89.94117,40.67027],[89.991,40.70167],[89.98784,40.73498],[89.82753,41.02497],[89.8146,41.18054],[89.73673,41.17428],[89.74491,41.31281],[89.72291,41.33184],[89.66662,41.35415],[89.67633,41.36603],[89.75293,41.34322],[89.84495,41.37442],[89.91109,41.36805],[89.97755,41.34586],[90.10734,41.25266],[90.39591,41.23237],[90.53867,41.24881],[90.65317,41.2359],[90.69845,41.23805],[90.77216,41.22459],[90.8691,41.2314],[90.89198,41.22504],[90.98105,41.2448],[91.08592,41.24997],[91.19475,41.22457],[91.44479,41.19624],[91.63616,41.22504],[91.75684,41.26412],[91.83443,41.27942]]]}},{"type":"Feature","id":"CTAMAP-2017-COUNTY-1732","properties":{"map_level":"county","source_name":"沙湾县","source_code":"654223","county_type":"县","prefecture_name":"塔城地区","prefecture_code":"654200","prefecture_type":"地区","parent_entity_id":"CNUR-000339","parent_year_end_name":"塔城地区","province_name":"新疆维吾尔自治区","province_code":"650000","snapshot_year":2017,"panel_year":2016,"link_status":"parent_linked","former_name":"","note":""},"geometry":{"type":"Polygon","coordinates":[[[85.66621,45.33379],[85.66631,44.91844],[85.78491,44.92084],[85.86595,44.86516],[85.88897,44.8124],[85.92775,44.77926],[85.93968,44.75883],[85.9052,44.73703],[85.91956,44.71781],[85.91035,44.70522],[85.92783,44.70472],[85.93867,44.6651],[85.95699,44.65696],[85.95315,44.63855],[85.96943,44.6406],[86.00685,44.62295],[86.0131,44.61969],[86.00514,44.61453],[86.01068,44.60716],[86.04196,44.60022],[86.07004,44.58148],[86.06592,44.54115],[86.08544,44.49487],[86.08256,44.48549],[86.09259,44.46799],[86.10531,44.47581],[86.12809,44.46227],[86.12106,44.44945],[86.10545,44.45876],[86.04094,44.45176],[86.00797,44.41076],[85.98051,44.41589],[85.97882,44.40601],[85.90959,44.42738],[85.90796,44.4159],[85.90152,44.33265],[85.93309,44.31696],[85.92866,44.29828],[85.94078,44.29631],[85.94452,44.31081],[85.95175,44.30912],[85.95016,44.29337],[85.95766,44.2875],[85.96911,44.24376],[85.96394,44.23692],[85.97717,44.20343],[85.97066,44.18396],[85.98046,44.17847],[85.98358,44.15685],[86.08488,44.15466],[86.06987,44.13676],[86.07968,44.1394],[86.07497,44.12894],[86.09481,44.12401],[86.04015,44.07239],[85.9991,44.01847],[85.96505,44.00333],[85.946,43.96338],[85.95815,43.95636],[85.95704,43.94214],[85.96829,43.93246],[85.91666,43.93326],[85.92027,43.92882],[85.8811,43.91929],[85.83727,43.89155],[85.82235,43.86514],[85.78444,43.83875],[85.78316,43.82019],[85.76467,43.79058],[85.77537,43.76411],[85.75053,43.74084],[85.75145,43.72864],[85.73482,43.72993],[85.73296,43.70147],[85.71635,43.67656],[85.71715,43.63669],[85.69521,43.61834],[85.66295,43.62202],[85.61864,43.58524],[85.61786,43.57614],[85.59229,43.56966],[85.5771,43.53949],[85.59472,43.52817],[85.51596,43.5346],[85.48693,43.51876],[85.48062,43.49674],[85.45796,43.49465],[85.43799,43.47911],[85.35439,43.48017],[85.32173,43.48719],[85.32448,43.51663],[85.31238,43.5276],[85.2942,43.52076],[85.29489,43.50637],[85.28468,43.50091],[85.24123,43.51447],[85.16813,43.51022],[85.15115,43.54634],[85.05308,43.56117],[84.98739,43.48453],[84.9773,43.47829],[84.95687,43.48591],[84.93285,43.48171],[84.89789,43.52428],[84.8948,43.57499],[84.8471,43.56874],[84.83175,43.575],[84.85156,43.58271],[84.8406,43.60209],[84.84283,43.63422],[84.87461,43.66116],[84.88733,43.68026],[84.89574,43.72122],[84.90786,43.74139],[84.92313,43.7495],[84.91827,43.79454],[84.95946,43.84068],[84.93288,43.87414],[84.93885,43.89089],[84.95841,43.89783],[84.96302,43.92276],[84.94361,43.9466],[84.94241,43.97694],[84.97627,44.02763],[85.03834,44.05407],[85.03896,44.06447],[85.07724,44.08197],[85.09242,44.0984],[85.08477,44.17375],[85.1095,44.28735],[85.11043,44.3425],[85.17739,44.32422],[85.20994,44.47817],[85.25199,44.47512],[85.25354,44.48808],[85.2409,44.49729],[85.22599,44.53443],[85.23928,44.59221],[85.20206,44.63518],[85.01586,44.61789],[85.02249,44.68809],[85.05014,44.69709],[85.05184,44.72201],[85.04377,44.73915],[85.00773,44.75433],[85.04463,44.7694],[85.04289,44.78985],[85.02918,44.79832],[85.01723,44.82168],[85.02916,44.85819],[85.02488,44.88687],[85.04869,44.93074],[85.15315,44.96994],[85.16951,45.02202],[85.19388,45.02926],[85.23947,45.0195],[85.2549,45.0305],[85.24877,45.07262],[85.23553,45.08733],[85.24916,45.15805],[85.20491,45.20705],[85.20068,45.24326],[85.24048,45.2945],[85.24393,45.33374],[85.66621,45.33379]]]}},{"type":"Feature","id":"CTAMAP-2017-COUNTY-1734","properties":{"map_level":"county","source_name":"沙雅县","source_code":"652924","county_type":"县","prefecture_name":"阿克苏地区","prefecture_code":"652900","prefecture_type":"地区","parent_entity_id":"CNUR-000333","parent_year_end_name":"阿克苏地区","province_name":"新疆维吾尔自治区","province_code":"650000","snapshot_year":2017,"panel_year":2016,"link_status":"parent_linked","former_name":"","note":""},"geometry":{"type":"Polygon","coordinates":[[[82.6368,41.50219],[82.71516,41.46291],[82.7786,41.4572],[82.81396,41.46012],[82.81193,41.47464],[82.85423,41.47623],[82.88566,41.45054],[82.97507,41.4092],[82.97934,41.39818],[83.01275,41.37648],[83.02963,41.32175],[83.02814,41.29044],[83.06811,41.23819],[83.0977,41.23099],[83.10219,41.22344],[83.15296,41.22372],[83.20185,41.18754],[83.21098,41.17141],[83.26011,41.15123],[83.28397,41.1292],[83.32146,41.12596],[83.35634,41.14224],[83.39159,41.13461],[83.39823,41.12253],[83.41975,41.11823],[83.41666,41.10988],[83.43287,41.0655],[83.46504,41.06189],[83.4796,41.06797],[83.47772,41.10423],[83.46546,41.11057],[83.46763,41.13638],[83.48688,41.13844],[83.49862,41.12933],[83.5058,41.13811],[83.5384,41.1451],[83.54297,41.15361],[83.56108,41.14573],[83.58709,41.15639],[83.59642,41.15578],[83.58806,41.14209],[83.60624,41.13465],[83.60517,41.11502],[83.68092,41.06726],[83.6677,41.03533],[83.6932,41.01658],[83.72398,41.02737],[83.75476,41.02185],[83.77959,41.0031],[83.76709,40.9759],[83.79222,40.97963],[83.81226,40.9687],[83.83532,40.97839],[83.83338,40.97008],[83.8458,40.95374],[83.83332,40.90929],[83.84874,40.872],[83.88503,40.83379],[84.06467,40.77612],[84.00105,40.00036],[83.41169,39.48265],[82.00531,39.48375],[82.00579,40.44302],[81.94053,40.49571],[81.82031,40.68401],[81.8021,40.68853],[81.79678,40.70372],[81.74835,40.72532],[81.74075,40.73567],[81.78134,40.77106],[81.80661,40.80595],[81.85781,40.91453],[81.94331,40.99742],[81.99637,41.0754],[82.04839,41.11953],[82.18318,41.16693],[82.28987,41.23182],[82.37737,41.25367],[82.45629,41.25608],[82.47781,41.28951],[82.51105,41.31684],[82.55225,41.3224],[82.57836,41.33909],[82.58886,41.40749],[82.60074,41.4171],[82.59858,41.44222],[82.60637,41.45727],[82.63269,41.45886],[82.6368,41.50219]]]}},{"type":"Feature","id":"CTAMAP-2017-COUNTY-1736","properties":{"map_level":"county","source_name":"沙依巴克区","source_code":"650103","county_type":"市辖区","prefecture_name":"乌鲁木齐市","prefecture_code":"650100","prefecture_type":"地级市","parent_entity_id":"CNUR-000326","parent_year_end_name":"乌鲁木齐市","province_name":"新疆维吾尔自治区","province_code":"650000","snapshot_year":2017,"panel_year":2016,"link_status":"parent_linked","former_name":"","note":"2001年新设立沙依巴克区"},"geometry":{"type":"Polygon","coordinates":[[[87.59678,43.83517],[87.60549,43.78417],[87.58193,43.72304],[87.58074,43.69458],[87.55029,43.68242],[87.54526,43.63728],[87.5069,43.6264],[87.48283,43.60365],[87.4245,43.57496],[87.38166,43.56856],[87.37765,43.60428],[87.36225,43.62323],[87.36938,43.63815],[87.35749,43.67426],[87.36636,43.71816],[87.34659,43.78396],[87.49567,43.79444],[87.46052,43.80551],[87.44681,43.83562],[87.48151,43.86382],[87.4898,43.85042],[87.56097,43.84633],[87.56972,43.83461],[87.59678,43.83517]]]}},{"type":"Feature","id":"CTAMAP-2017-COUNTY-1737","properties":{"map_level":"county","source_name":"莎车县","source_code":"653125","county_type":"县","prefecture_name":"喀什地区","prefecture_code":"653100","prefecture_type":"地区","parent_entity_id":"CNUR-000335","parent_year_end_name":"喀什地区","province_name":"新疆维吾尔自治区","province_code":"650000","snapshot_year":2017,"panel_year":2016,"link_status":"parent_linked","former_name":"","note":""},"geometry":{"type":"Polygon","coordinates":[[[77.44686,39.04883],[77.47721,39.02542],[77.46121,39.00442],[77.46992,38.99144],[77.4548,38.98338],[77.46252,38.93396],[77.45394,38.92462],[77.47193,38.89942],[77.4867,38.89519],[77.49677,38.90992],[77.52393,38.91115],[77.50934,38.88669],[77.52681,38.87688],[77.52398,38.89243],[77.53824,38.8916],[77.53359,38.8702],[77.54653,38.87066],[77.54208,38.86377],[77.55906,38.85381],[77.54353,38.83124],[77.51873,38.83088],[77.51253,38.81842],[77.49574,38.81158],[77.48189,38.76446],[77.51863,38.76375],[77.52409,38.75794],[77.51762,38.75189],[77.54124,38.74935],[77.55655,38.72327],[77.54373,38.6671],[77.54301,38.62428],[77.55406,38.59907],[77.54305,38.5679],[77.52426,38.54808],[77.52439,38.52604],[77.51298,38.513],[77.51272,38.49986],[77.53761,38.55056],[77.57385,38.55977],[77.59099,38.5587],[77.64097,38.51042],[77.75239,38.50801],[77.76614,38.48509],[77.77886,38.43078],[77.78221,38.36332],[77.77538,38.33363],[77.73144,38.30711],[77.73505,38.29211],[77.70066,38.25371],[77.67236,38.23631],[77.5629,38.2332],[77.46498,38.22071],[77.47375,38.23467],[77.4629,38.23104],[77.45566,38.24863],[77.47556,38.28109],[77.44251,38.29138],[77.4339,38.31003],[77.40621,38.33163],[77.38526,38.32736],[77.39134,38.31605],[77.37763,38.30916],[77.33695,38.30334],[77.3246,38.28565],[77.28918,38.26093],[77.22992,38.24342],[77.12899,38.1736],[77.11144,38.16966],[77.09172,38.15108],[77.03739,38.12253],[77.00214,38.07349],[76.92997,38.03303],[76.88444,37.99068],[76.96131,37.91917],[76.85807,37.83218],[76.81944,37.77864],[76.81834,37.75168],[76.7852,37.68018],[76.79569,37.66282],[76.79225,37.65141],[76.68893,37.63214],[76.63515,37.59999],[76.60092,37.56519],[76.57572,37.56233],[76.57049,37.55032],[76.54502,37.54151],[76.51927,37.55392],[76.49225,37.54607],[76.4741,37.55533],[76.41674,37.53784],[76.41097,37.5195],[76.37482,37.49817],[76.37459,37.47106],[76.38269,37.46251],[76.36277,37.4504],[76.34275,37.47061],[76.33056,37.47259],[76.32585,37.48431],[76.33686,37.49697],[76.33098,37.53804],[76.3473,37.56045],[76.33705,37.59753],[76.34627,37.60386],[76.33879,37.61767],[76.36172,37.63736],[76.33843,37.66712],[76.33579,37.69166],[76.28899,37.734],[76.31739,37.78936],[76.31399,37.80872],[76.32522,37.81752],[76.34247,37.81565],[76.38219,37.83009],[76.38278,37.86997],[76.41042,37.87323],[76.46347,37.84856],[76.48841,37.8548],[76.47042,37.87619],[76.47588,37.8951],[76.46668,37.90688],[76.47267,37.91747],[76.46726,37.92885],[76.48623,37.94229],[76.49303,37.96606],[76.50614,37.97352],[76.50808,38.01366],[76.52709,38.03081],[76.5218,38.04169],[76.53963,38.06231],[76.53283,38.12313],[76.59977,38.21686],[76.59359,38.29412],[76.60387,38.41009],[76.59342,38.42685],[76.63833,38.53038],[76.69169,38.56027],[76.68329,38.59558],[76.68966,38.61072],[76.70842,38.6334],[76.7359,38.63884],[76.76233,38.65546],[76.75177,38.68481],[76.85949,38.82783],[77.14938,38.80495],[77.32143,38.98989],[77.34444,38.98944],[77.39025,39.04145],[77.44686,39.04883]]]}},{"type":"Feature","id":"CTAMAP-2017-COUNTY-1745","properties":{"map_level":"county","source_name":"鄯善县","source_code":"650421","county_type":"县","prefecture_name":"吐鲁番市","prefecture_code":"650400","prefecture_type":"地级市","parent_entity_id":"CNUR-000328","parent_year_end_name":"吐鲁番市","province_name":"新疆维吾尔自治区","province_code":"650000","snapshot_year":2017,"panel_year":2016,"link_status":"parent_linked","former_name":"","note":""},"geometry":{"type":"Polygon","coordinates":[[[91.16734,43.49346],[91.17606,43.48284],[91.15297,43.4708],[91.15436,43.45659],[91.17422,43.43114],[91.20267,43.42177],[91.19759,43.41342],[91.20696,43.39436],[91.22399,43.3806],[91.21043,43.37159],[91.20673,43.35528],[91.23519,43.33364],[91.25764,43.33275],[91.25003,43.30211],[91.3109,43.13415],[91.3457,43.09996],[91.38849,42.94759],[91.41427,42.83379],[91.40709,42.78806],[91.41773,42.77592],[91.42752,42.72841],[91.40545,42.66958],[91.40413,42.6454],[91.42654,42.59107],[91.43095,42.52127],[91.44665,42.48801],[91.44631,42.43671],[91.47115,42.29384],[91.46245,42.24447],[91.50407,42.19996],[91.63603,42.1392],[91.64446,42.10466],[91.63138,42.07391],[91.69315,42.06344],[91.70925,42.05199],[91.76176,41.945],[91.77689,41.93062],[91.77613,41.91376],[91.79851,41.88309],[91.79738,41.86693],[91.84359,41.77309],[91.85438,41.73448],[91.82639,41.67755],[91.8298,41.62002],[91.81586,41.58386],[91.82018,41.57295],[91.78306,41.55765],[91.78418,41.50753],[91.82373,41.49567],[91.83616,41.4704],[91.87518,41.43653],[91.88615,41.40269],[91.90763,41.3936],[91.90464,41.35305],[91.91627,41.31309],[91.91169,41.27366],[91.83443,41.27942],[91.75684,41.26412],[91.63616,41.22504],[91.44479,41.19624],[91.19475,41.22457],[91.08592,41.24997],[90.98105,41.2448],[90.89198,41.22504],[90.8691,41.2314],[90.77216,41.22459],[90.69845,41.23805],[90.65317,41.2359],[90.53867,41.24881],[90.39591,41.23237],[90.10734,41.25266],[89.97755,41.34586],[89.91109,41.36805],[89.84495,41.37442],[89.80356,41.36497],[89.78346,41.34856],[89.74113,41.34351],[89.69563,41.36549],[89.67633,41.36603],[89.66662,41.35415],[89.65636,41.36912],[89.61774,41.38532],[89.60268,41.40106],[89.58605,41.45924],[89.53911,41.56694],[89.54481,41.58616],[89.6024,41.63045],[89.5891,41.69836],[89.59925,41.90679],[89.59461,41.94991],[89.57147,41.98832],[89.55557,42.061],[89.50437,42.15384],[89.49519,42.19928],[89.3986,42.28541],[89.40769,42.4095],[89.41437,42.44678],[89.44527,42.49489],[89.42831,42.53672],[89.43935,42.55393],[89.45329,42.62783],[89.48156,42.68332],[89.49886,42.72826],[89.49533,42.74219],[89.50961,42.76814],[89.54582,42.81403],[89.58785,42.83837],[89.60238,42.85849],[89.65901,42.87358],[89.81395,43.00005],[89.91935,43.14785],[89.92789,43.17978],[89.9402,43.19165],[89.94399,43.22615],[89.92455,43.25445],[89.93144,43.29251],[89.91725,43.33277],[89.95561,43.40359],[89.94355,43.42826],[89.92828,43.43846],[89.93362,43.4592],[89.9634,43.47303],[89.96303,43.49049],[90.01176,43.48911],[90.00844,43.522],[90.04936,43.52645],[90.05485,43.51824],[90.07045,43.51921],[90.10025,43.53281],[90.11199,43.52653],[90.13031,43.54402],[90.16776,43.55241],[90.2009,43.53393],[90.2212,43.53939],[90.26794,43.53067],[90.31597,43.50332],[90.32316,43.51094],[90.35936,43.51389],[90.38224,43.49656],[90.41927,43.52523],[90.433,43.52362],[90.43637,43.51513],[90.45777,43.52232],[90.4659,43.51181],[90.50559,43.5059],[90.54471,43.51666],[90.55349,43.50004],[90.61377,43.49884],[90.66157,43.50803],[90.68413,43.5216],[90.75017,43.51578],[90.77248,43.52571],[90.84182,43.52072],[90.87971,43.53135],[90.94755,43.50295],[91.00224,43.51329],[91.01588,43.4936],[91.09861,43.49372],[91.1281,43.48203],[91.16734,43.49346]]]}},{"type":"Feature","id":"CTAMAP-2017-COUNTY-1795","properties":{"map_level":"county","source_name":"石河子市","source_code":"659001","county_type":"县级市","prefecture_name":"不统计","prefecture_code":"0","prefecture_type":"不统计","parent_entity_id":"","parent_year_end_name":"","province_name":"新疆维吾尔自治区","province_code":"650000","snapshot_year":2017,"panel_year":2016,"link_status":"province_direct_or_out_of_scope","former_name":"","note":"省直辖市,省直管,是县级单位"},"geometry":{"type":"Polygon","coordinates":[[[86.12106,44.44945],[86.1119,44.42093],[86.12942,44.38995],[86.12388,44.37759],[86.14105,44.31236],[86.12034,44.27037],[86.12673,44.20708],[86.10696,44.16832],[86.11316,44.1503],[86.09481,44.12401],[86.07497,44.12894],[86.07968,44.1394],[86.06987,44.13676],[86.08488,44.15466],[85.98358,44.15685],[85.98046,44.17847],[85.97066,44.18396],[85.97717,44.20343],[85.96394,44.23692],[85.96911,44.24376],[85.95766,44.2875],[85.95016,44.29337],[85.95175,44.30912],[85.94452,44.31081],[85.94078,44.29631],[85.92866,44.29828],[85.93309,44.31696],[85.90152,44.33265],[85.90796,44.4159],[85.90959,44.42738],[85.97882,44.40601],[85.98051,44.41589],[86.00862,44.41101],[86.04094,44.45176],[86.10545,44.45876],[86.12106,44.44945]]]}},{"type":"Feature","id":"CTAMAP-2017-COUNTY-1819","properties":{"map_level":"county","source_name":"疏附县","source_code":"653121","county_type":"县","prefecture_name":"喀什地区","prefecture_code":"653100","prefecture_type":"地区","parent_entity_id":"CNUR-000335","parent_year_end_name":"喀什地区","province_name":"新疆维吾尔自治区","province_code":"650000","snapshot_year":2017,"panel_year":2016,"link_status":"parent_linked","former_name":"","note":""},"geometry":{"type":"Polygon","coordinates":[[[75.51534,39.66132],[75.53247,39.64738],[75.53129,39.65692],[75.54908,39.66808],[75.56311,39.6639],[75.57168,39.65093],[75.58295,39.66759],[75.62836,39.65929],[75.69907,39.61571],[75.69753,39.59436],[75.84548,39.58398],[75.88773,39.58799],[75.8916,39.5319],[75.92429,39.50189],[75.88984,39.49969],[75.88133,39.46513],[75.83276,39.45097],[75.94016,39.42816],[75.98714,39.40853],[76.00638,39.38505],[75.93412,39.35451],[75.92897,39.33845],[75.87266,39.29844],[75.92779,39.30212],[75.94721,39.29292],[75.9584,39.27087],[75.90424,39.27039],[75.88386,39.29363],[75.85959,39.28992],[75.88017,39.26864],[75.8476,39.24219],[75.85149,39.23339],[75.83247,39.21777],[75.84802,39.21008],[75.85039,39.19935],[75.82131,39.1833],[75.76988,39.19022],[75.73612,39.13812],[75.70247,39.12613],[75.72671,39.10713],[75.76963,39.09752],[75.74632,39.08827],[75.76631,39.07245],[75.76171,39.01226],[75.75197,38.99471],[75.71004,38.97862],[75.71107,38.96974],[75.69269,38.9761],[75.66112,38.95553],[75.64924,38.96534],[75.6255,38.95682],[75.60316,38.96992],[75.56106,38.97224],[75.54976,38.9878],[75.56332,39.00022],[75.58382,39.04553],[75.58128,39.0848],[75.59125,39.11848],[75.60528,39.14691],[75.67046,39.22027],[75.68336,39.27296],[75.72228,39.2936],[75.75429,39.29859],[75.70016,39.30601],[75.65535,39.29179],[75.65246,39.28418],[75.63866,39.2866],[75.63402,39.26041],[75.5812,39.20945],[75.56457,39.22791],[75.57172,39.24154],[75.53369,39.24168],[75.50986,39.22803],[75.50833,39.21697],[75.46909,39.16874],[75.39586,39.14815],[75.34679,39.14303],[75.30389,39.32104],[75.29641,39.40381],[75.31147,39.45853],[75.35358,39.46813],[75.3863,39.50219],[75.35128,39.56084],[75.35115,39.57432],[75.36325,39.59083],[75.33433,39.63216],[75.35129,39.63449],[75.35784,39.65389],[75.43135,39.65251],[75.4366,39.67268],[75.45595,39.67958],[75.47988,39.66316],[75.51534,39.66132]]]}},{"type":"Feature","id":"CTAMAP-2017-COUNTY-1820","properties":{"map_level":"county","source_name":"疏勒县","source_code":"653122","county_type":"县","prefecture_name":"喀什地区","prefecture_code":"653100","prefecture_type":"地区","parent_entity_id":"CNUR-000335","parent_year_end_name":"喀什地区","province_name":"新疆维吾尔自治区","province_code":"650000","snapshot_year":2017,"panel_year":2016,"link_status":"parent_linked","former_name":"","note":""},"geometry":{"type":"Polygon","coordinates":[[[76.48719,39.48334],[76.46701,39.46675],[76.47871,39.44209],[76.44855,39.43143],[76.40852,39.38183],[76.37693,39.37876],[76.33816,39.356],[76.36453,39.35085],[76.3661,39.3442],[76.41909,39.33959],[76.45842,39.34815],[76.52365,39.34852],[76.51172,39.28817],[76.48193,39.24972],[76.46531,39.24223],[76.46379,39.23082],[76.43072,39.21402],[76.41755,39.19576],[76.42551,39.17428],[76.40687,39.15839],[76.43138,39.1302],[76.45275,39.1327],[76.46634,39.12108],[76.50187,39.11959],[76.54398,39.08462],[76.58389,39.08612],[76.61969,39.06824],[76.66796,39.0692],[76.72821,39.05408],[76.80457,39.00533],[76.89071,38.98217],[76.87679,38.85724],[76.51589,38.97245],[76.49126,38.99035],[76.4856,39.00799],[76.37488,39.02139],[76.35275,39.04445],[76.31583,39.04168],[76.28875,39.02782],[76.21965,39.04112],[76.13793,39.03953],[76.1253,39.06387],[76.12887,39.08369],[76.10631,39.09025],[76.08772,39.12005],[76.05645,39.14553],[76.0496,39.16837],[76.03635,39.16926],[76.04317,39.17883],[76.07382,39.17803],[76.09178,39.18327],[76.09132,39.18952],[76.13611,39.19783],[76.15249,39.20969],[76.15487,39.22846],[76.04472,39.23948],[76.01465,39.25063],[76.00356,39.26335],[75.98557,39.25932],[75.9584,39.27087],[75.94721,39.29292],[75.92511,39.30291],[75.87266,39.29844],[75.92897,39.33845],[75.93412,39.35451],[76.00638,39.38505],[75.98714,39.40853],[76.02278,39.41946],[76.01558,39.43123],[76.04691,39.42167],[76.13915,39.43414],[76.17384,39.4256],[76.18498,39.4325],[76.20936,39.42555],[76.22334,39.41174],[76.26712,39.42132],[76.27438,39.43183],[76.28332,39.41944],[76.31648,39.42751],[76.32816,39.42288],[76.33076,39.43068],[76.3545,39.43724],[76.35438,39.45473],[76.42015,39.49808],[76.48719,39.48334]]]}},{"type":"Feature","id":"CTAMAP-2017-COUNTY-1826","properties":{"map_level":"county","source_name":"双河市","source_code":"659007","county_type":"县级市","prefecture_name":"不统计","prefecture_code":"0","prefecture_type":"不统计","parent_entity_id":"","parent_year_end_name":"","province_name":"新疆维吾尔自治区","province_code":"650000","snapshot_year":2017,"panel_year":2016,"link_status":"province_direct_or_out_of_scope","former_name":"","note":"2014年新设双河市，省直管,是县级单位"},"geometry":{"type":"MultiPolygon","coordinates":[[[[82.71828,44.82123],[82.69248,44.80838],[82.69213,44.79666],[82.67337,44.79123],[82.65759,44.76374],[82.64196,44.76445],[82.64367,44.7589],[82.61753,44.74242],[82.60545,44.7466],[82.60259,44.73854],[82.61133,44.73226],[82.54982,44.70528],[82.5391,44.71133],[82.54027,44.73896],[82.5141,44.73539],[82.46651,44.75651],[82.42784,44.75918],[82.34426,44.79874],[82.31006,44.80261],[82.26604,44.83057],[82.24938,44.82878],[82.25503,44.83533],[82.21131,44.8273],[82.19287,44.83562],[82.17175,44.83354],[82.15718,44.86388],[82.0971,44.87251],[82.09739,44.87905],[82.08728,44.88113],[82.09085,44.89541],[82.13547,44.88381],[82.1429,44.8963],[82.17978,44.89303],[82.21964,44.88797],[82.27585,44.86001],[82.3511,44.90076],[82.48197,44.88054],[82.49387,44.88262],[82.4938,44.90284],[82.53833,44.90273],[82.61889,44.92818],[82.58631,44.89339],[82.5831,44.8784],[82.56704,44.87376],[82.56597,44.85091],[82.59738,44.85091],[82.59809,44.86269],[82.65092,44.88589],[82.65163,44.85662],[82.66234,44.85627],[82.65306,44.82414],[82.66412,44.81986],[82.6345,44.80558],[82.64521,44.79059],[82.68732,44.81129],[82.68125,44.82985],[82.69375,44.83949],[82.70124,44.84128],[82.71828,44.82123]]],[[[82.13031,45.03554],[82.18646,44.98843],[82.19741,44.98795],[82.19217,44.97082],[82.2074,44.93655],[82.19646,44.91704],[82.05892,44.93179],[82.04084,44.97272],[82.01847,44.97462],[82.01324,44.96558],[81.98706,44.977],[81.99087,44.9632],[81.9824,44.96122],[81.94804,44.98557],[81.93757,45.00794],[82.01943,45.00413],[82.01562,45.02697],[82.05036,45.04077],[82.13031,45.03554]]],[[[82.23342,44.681],[82.17854,44.66085],[82.12312,44.67946],[82.16447,44.70518],[82.18994,44.75689],[82.20236,44.74356],[82.19995,44.73499],[82.23387,44.72627],[82.23342,44.681]]],[[[82.13195,44.82834],[82.14281,44.81221],[82.13542,44.81567],[82.1183,44.80519],[82.08478,44.83257],[82.10121,44.84809],[82.13195,44.82834]]]]}},{"type":"Feature","id":"CTAMAP-2017-COUNTY-1839","properties":{"map_level":"county","source_name":"水磨沟区","source_code":"650105","county_type":"市辖区","prefecture_name":"乌鲁木齐市","prefecture_code":"650100","prefecture_type":"地级市","parent_entity_id":"CNUR-000326","parent_year_end_name":"乌鲁木齐市","province_name":"新疆维吾尔自治区","province_code":"650000","snapshot_year":2017,"panel_year":2016,"link_status":"parent_linked","former_name":"","note":"2001年新设立水磨沟区"},"geometry":{"type":"Polygon","coordinates":[[[88.00956,43.76916],[88.00059,43.75602],[87.98162,43.76563],[87.95362,43.75918],[87.90243,43.77391],[87.89366,43.78316],[87.83133,43.78614],[87.79972,43.77673],[87.79091,43.76406],[87.72749,43.77166],[87.70735,43.76301],[87.67641,43.81747],[87.65859,43.82143],[87.60189,43.80277],[87.59562,43.81238],[87.59663,43.87423],[87.61256,43.87375],[87.6417,43.89915],[87.65914,43.89881],[87.66567,43.91038],[87.68523,43.91442],[87.70971,43.88532],[87.70016,43.87846],[87.70126,43.86862],[87.75519,43.86132],[87.77686,43.84791],[87.77832,43.87339],[87.77008,43.87695],[87.81797,43.89006],[87.85944,43.8693],[87.91249,43.81196],[87.93581,43.80201],[87.94978,43.80812],[87.97485,43.80124],[88.00956,43.76916]]]}},{"type":"Feature","id":"CTAMAP-2017-COUNTY-1896","properties":{"map_level":"county","source_name":"塔城市","source_code":"654201","county_type":"县级市","prefecture_name":"塔城地区","prefecture_code":"654200","prefecture_type":"地区","parent_entity_id":"CNUR-000339","parent_year_end_name":"塔城地区","province_name":"新疆维吾尔自治区","province_code":"650000","snapshot_year":2017,"panel_year":2016,"link_status":"parent_linked","former_name":"","note":""},"geometry":{"type":"Polygon","coordinates":[[[83.63805,47.04561],[83.63611,47.01702],[83.61961,47.01056],[83.61198,46.98132],[83.59563,46.97243],[83.60113,46.95488],[83.59544,46.93556],[83.57217,46.92149],[83.56122,46.89472],[83.51714,46.87861],[83.50818,46.81477],[83.53788,46.76316],[83.53753,46.67702],[83.51304,46.6579],[83.48376,46.65908],[83.43697,46.57792],[83.42303,46.5715],[83.43633,46.53934],[83.41169,46.51924],[83.41501,46.48262],[83.4038,46.41471],[83.38163,46.41701],[83.3452,46.39982],[83.29685,46.41203],[83.19841,46.466],[83.16216,46.50726],[83.1296,46.47543],[83.09506,46.47946],[83.08337,46.4711],[83.07705,46.47907],[83.04381,46.48211],[83.00114,46.47104],[82.84509,46.47958],[82.78937,46.47268],[82.72492,46.49293],[82.77247,46.59903],[82.78423,46.67846],[82.82412,46.77375],[82.87456,46.79755],[82.87223,46.82271],[82.93023,46.96925],[82.93529,47.01554],[82.98968,47.06566],[83.00988,47.11411],[83.02538,47.16821],[83.02519,47.22179],[83.10052,47.2234],[83.14706,47.23711],[83.20431,47.21312],[83.21573,47.19171],[83.245,47.17757],[83.29811,47.18014],[83.33294,47.17044],[83.36418,47.1776],[83.37127,47.16188],[83.41469,47.12098],[83.4608,47.13224],[83.48534,47.10947],[83.50946,47.10683],[83.53766,47.08335],[83.56579,47.08149],[83.5705,47.06122],[83.63805,47.04561]]]}},{"type":"Feature","id":"CTAMAP-2017-COUNTY-1898","properties":{"map_level":"county","source_name":"塔什库尔干塔吉克自治县","source_code":"653131","county_type":"自治县","prefecture_name":"喀什地区","prefecture_code":"653100","prefecture_type":"地区","parent_entity_id":"CNUR-000335","parent_year_end_name":"喀什地区","province_name":"新疆维吾尔自治区","province_code":"650000","snapshot_year":2017,"panel_year":2016,"link_status":"parent_linked","former_name":"","note":""},"geometry":{"type":"Polygon","coordinates":[[[76.28899,37.734],[76.33579,37.69166],[76.33843,37.66712],[76.36172,37.63736],[76.33879,37.61767],[76.34627,37.60386],[76.33705,37.59753],[76.3473,37.56045],[76.33098,37.53804],[76.33686,37.49697],[76.32585,37.48431],[76.33056,37.47259],[76.34275,37.47061],[76.36199,37.45192],[76.36354,37.42085],[76.29041,37.39089],[76.24045,37.39111],[76.21839,37.38313],[76.21065,37.38941],[76.18765,37.35791],[76.17649,37.27098],[76.22548,37.22442],[76.23811,37.14713],[76.23299,37.10599],[76.22246,37.09269],[76.22794,37.05935],[76.18058,36.96778],[76.16613,36.96041],[76.17698,36.95346],[76.17737,36.93238],[76.18858,36.91018],[76.18536,36.8871],[76.22022,36.82741],[76.25224,36.79309],[76.25173,36.78153],[76.28195,36.76343],[76.31169,36.76076],[76.30869,36.74088],[76.3342,36.70495],[76.38671,36.69841],[76.4052,36.67863],[76.4278,36.67881],[76.46061,36.6595],[76.47696,36.66295],[76.50145,36.63968],[76.51126,36.64139],[76.56343,36.59517],[76.58965,36.58141],[76.59327,36.57004],[76.57639,36.55388],[76.57863,36.54608],[76.60361,36.54997],[76.6424,36.52356],[76.67958,36.51682],[76.70137,36.48407],[76.75877,36.44127],[76.78292,36.39631],[76.87338,36.3569],[76.92264,36.342],[76.95785,36.344],[76.97253,36.33225],[76.98371,36.30212],[76.98127,36.24413],[77.01024,36.21058],[77.01521,36.19236],[77.00929,36.17595],[77.01806,36.16862],[76.99441,36.14231],[76.98672,36.12167],[76.96663,36.11722],[76.95813,36.07473],[76.97984,36.05355],[76.967,36.03601],[77.01659,35.9638],[77.02644,35.8861],[77.04356,35.87135],[77.03205,35.84933],[77.05503,35.82731],[77.03289,35.80979],[77.0626,35.77336],[77.057,35.75191],[77.04179,35.74688],[77.01788,35.75207],[76.9907,35.71767],[76.99854,35.6949],[77.04741,35.65386],[77.04242,35.62446],[77.04974,35.61408],[77.04811,35.59722],[77.00013,35.61087],[76.95726,35.59294],[76.90434,35.61274],[76.84514,35.66908],[76.76766,35.65423],[76.75113,35.6826],[76.70116,35.72162],[76.69283,35.74613],[76.65143,35.75636],[76.6431,35.76778],[76.6205,35.76112],[76.59218,35.77159],[76.56624,35.81656],[76.58909,35.84416],[76.58271,35.87404],[76.59498,35.89687],[76.56976,35.92376],[76.54953,35.92281],[76.54478,35.90306],[76.51589,35.88126],[76.4882,35.89069],[76.4587,35.88379],[76.43157,35.85143],[76.36257,35.86023],[76.36352,35.82359],[76.2969,35.84143],[76.23003,35.8381],[76.21028,35.82406],[76.16602,35.8243],[76.15103,35.83215],[76.14556,35.84191],[76.16055,35.91853],[76.10297,35.99277],[76.1006,36.01728],[76.0439,36.02685],[76.0233,36.01507],[76.00381,36.01608],[75.98062,36.03119],[75.95518,36.05707],[75.95648,36.06715],[75.9492,36.07128],[75.95548,36.07891],[75.94217,36.10166],[75.94785,36.11602],[75.93244,36.12903],[75.93573,36.13666],[75.97171,36.14729],[75.96952,36.16045],[76.01272,36.16533],[76.00787,36.22966],[76.03122,36.23348],[76.06101,36.22544],[76.06715,36.23442],[76.02791,36.27367],[76.02034,36.29873],[75.99859,36.31008],[75.98724,36.32899],[75.98801,36.35086],[76.00645,36.37923],[76.02986,36.39448],[76.03199,36.40512],[76.02394,36.43347],[76.00694,36.45635],[76.01226,36.47257],[75.99557,36.47949],[75.99422,36.49655],[75.96317,36.52203],[75.93285,36.5709],[75.94002,36.60403],[75.8858,36.64207],[75.85931,36.67049],[75.81112,36.69631],[75.78745,36.72101],[75.76381,36.7264],[75.72521,36.7511],[75.69995,36.74632],[75.67388,36.76547],[75.63345,36.77185],[75.58239,36.76201],[75.56802,36.77158],[75.53531,36.77318],[75.52892,36.72823],[75.51164,36.73036],[75.50185,36.74425],[75.46589,36.72265],[75.45126,36.72557],[75.42126,36.78474],[75.43182,36.84737],[75.42392,36.87889],[75.39121,36.90948],[75.39573,36.93155],[75.41451,36.94013],[75.4061,36.95443],[75.28415,36.97519],[75.23495,36.96479],[75.22565,36.9737],[75.16868,36.98893],[75.16966,37.01603],[75.13821,37.02731],[75.12337,37.01168],[75.0662,37.00594],[75.0294,37.01662],[75.00052,36.99486],[74.97955,36.99744],[74.94424,36.9876],[74.92673,36.97666],[74.93543,36.94541],[74.91881,36.9462],[74.91604,36.93492],[74.89883,36.93571],[74.85073,37.01801],[74.84925,37.05609],[74.79929,37.05388],[74.78505,37.02777],[74.73625,37.0283],[74.72069,37.04412],[74.72121,37.06259],[74.70011,37.09213],[74.63733,37.06971],[74.61227,37.04518],[74.56908,37.03217],[74.52921,37.08198],[74.51721,37.082],[74.50066,37.06682],[74.49107,37.11666],[74.46011,37.13659],[74.46563,37.15192],[74.48961,37.16256],[74.49067,37.17932],[74.47513,37.19453],[74.47605,37.20373],[74.49874,37.21753],[74.5156,37.2442],[74.54994,37.24696],[74.58519,37.23316],[74.59776,37.26075],[74.62014,37.25646],[74.63333,37.26658],[74.66281,37.23837],[74.6935,37.26713],[74.73506,37.28748],[74.79614,37.24818],[74.81438,37.21772],[74.88024,37.22538],[74.91237,37.23839],[74.93291,37.28228],[74.99362,37.2884],[75.07612,37.31799],[75.11525,37.31612],[75.13867,37.35646],[75.13039,37.39099],[75.15284,37.41218],[75.1326,37.45475],[75.08899,37.48901],[75.07601,37.51081],[75.02929,37.50251],[75.00334,37.50977],[75.00334,37.52898],[74.94208,37.55598],[74.92962,37.57363],[74.91457,37.62917],[74.89277,37.6598],[74.91866,37.68446],[74.9206,37.71483],[74.94883,37.72521],[75.00969,37.77754],[74.99815,37.79477],[74.91924,37.83838],[74.91768,37.85031],[74.93585,37.88198],[74.91716,37.91261],[74.91941,37.93703],[74.91111,37.96397],[74.92441,37.99822],[74.92391,38.02785],[74.8746,38.03097],[74.82124,38.09771],[74.81044,38.15757],[74.81511,38.22414],[74.79409,38.26619],[74.80544,38.28538],[74.89385,38.26736],[74.94181,38.27669],[74.951,38.26141],[74.98466,38.24176],[75.01866,38.25092],[75.0444,38.26757],[75.11532,38.27512],[75.11049,38.26547],[75.12472,38.23891],[75.17415,38.2036],[75.19329,38.19861],[75.26361,38.20917],[75.29367,38.18961],[75.3123,38.16475],[75.32997,38.15943],[75.34266,38.13429],[75.39515,38.11145],[75.3827,38.09137],[75.38468,38.04121],[75.41833,37.97636],[75.40714,37.9218],[75.4581,37.93703],[75.49496,37.9293],[75.49656,37.92129],[75.52025,37.92849],[75.53386,37.92007],[75.55264,37.9235],[75.63059,37.89548],[75.63863,37.88108],[75.66192,37.87622],[75.67621,37.89307],[75.68489,37.88929],[75.72259,37.90301],[75.74833,37.89076],[75.76829,37.89783],[75.78001,37.90866],[75.76949,37.92325],[75.77716,37.93933],[75.83326,37.92623],[75.85857,37.93362],[75.87523,37.92997],[75.87436,37.90868],[75.89102,37.89441],[75.88709,37.87823],[75.84734,37.85869],[75.84268,37.84748],[75.85654,37.83037],[75.80497,37.77115],[75.80665,37.75503],[75.79049,37.7363],[75.80166,37.66845],[75.79705,37.65146],[75.82945,37.67388],[75.86741,37.67744],[75.93916,37.73302],[75.98202,37.72958],[76.00431,37.73978],[76.02535,37.73183],[76.06723,37.74937],[76.09477,37.77123],[76.15791,37.78022],[76.18179,37.79442],[76.19045,37.8093],[76.20976,37.8136],[76.22153,37.80003],[76.21605,37.78603],[76.24003,37.76739],[76.2631,37.73069],[76.28899,37.734]]]}},{"type":"Feature","id":"CTAMAP-2017-COUNTY-1932","properties":{"map_level":"county","source_name":"特克斯县","source_code":"654027","county_type":"县","prefecture_name":"伊犁哈萨克自治州","prefecture_code":"654000","prefecture_type":"自治州","parent_entity_id":"CNUR-000337","parent_year_end_name":"伊犁哈萨克自治州","province_name":"新疆维吾尔自治区","province_code":"650000","snapshot_year":2017,"panel_year":2016,"link_status":"parent_linked","former_name":"","note":""},"geometry":{"type":"Polygon","coordinates":[[[81.54988,43.42102],[81.56364,43.41035],[81.58812,43.40961],[81.58723,43.40333],[81.6017,43.3967],[81.63183,43.40123],[81.72757,43.37537],[81.80525,43.37101],[81.83031,43.33562],[81.90882,43.30623],[81.92313,43.30525],[81.94418,43.32027],[81.99289,43.31023],[82.0245,43.32614],[82.0929,43.31957],[82.12027,43.33074],[82.18537,43.32242],[82.18835,43.31263],[82.21414,43.30754],[82.23434,43.31955],[82.31498,43.32133],[82.33389,43.31347],[82.37736,43.32399],[82.42987,43.31422],[82.45187,43.32603],[82.48891,43.27243],[82.48927,43.25988],[82.47514,43.24616],[82.46766,43.18342],[82.48489,43.17214],[82.46668,43.16587],[82.46964,43.13069],[82.46162,43.11864],[82.48326,43.09143],[82.48127,43.06103],[82.49146,43.05802],[82.50107,43.03948],[82.54037,43.01964],[82.5693,42.93961],[82.65146,42.92809],[82.6458,42.88049],[82.59993,42.88845],[82.58729,42.8823],[82.54422,42.90037],[82.52438,42.89988],[82.51538,42.89299],[82.51755,42.86225],[82.48714,42.85823],[82.46772,42.83844],[82.47829,42.79944],[82.49877,42.80069],[82.52184,42.77878],[82.54238,42.77213],[82.54271,42.75848],[82.567,42.74846],[82.57427,42.74075],[82.56765,42.73502],[82.59902,42.71427],[82.61058,42.68404],[82.60575,42.67817],[82.62421,42.67036],[82.62309,42.65662],[82.63207,42.6492],[82.62572,42.62595],[82.61653,42.61906],[82.63567,42.59683],[82.62372,42.59297],[82.62981,42.58296],[82.61779,42.56965],[82.6181,42.55831],[82.59013,42.54304],[82.56281,42.55208],[82.54578,42.54086],[82.52292,42.55006],[82.51124,42.54428],[82.46644,42.54884],[82.44223,42.5433],[82.43378,42.53229],[82.42022,42.53343],[82.39942,42.55099],[82.36707,42.54369],[82.36247,42.53748],[82.37161,42.5312],[82.36546,42.50299],[82.34791,42.50476],[82.33587,42.48977],[82.29251,42.48069],[82.22719,42.49688],[82.21231,42.48327],[82.19246,42.47898],[82.19099,42.46704],[82.13422,42.48809],[82.13621,42.44804],[82.12999,42.43643],[82.10826,42.43117],[82.08445,42.44003],[82.0687,42.43084],[82.0689,42.41906],[82.05627,42.41657],[81.98623,42.42587],[81.94975,42.39981],[81.91764,42.40847],[81.90483,42.40248],[81.86501,42.40862],[81.86797,42.39461],[81.85754,42.37514],[81.82149,42.38146],[81.81419,42.39637],[81.78555,42.4112],[81.80519,42.42598],[81.80559,42.43676],[81.78438,42.45474],[81.78063,42.47129],[81.75294,42.48846],[81.76483,42.49789],[81.77043,42.52673],[81.78784,42.52562],[81.82399,42.54767],[81.82927,42.56063],[81.86033,42.56777],[81.85816,42.58673],[81.83395,42.60294],[81.81565,42.63947],[81.70935,42.631],[81.68651,42.64037],[81.66717,42.63224],[81.64884,42.64148],[81.62233,42.6299],[81.5954,42.64477],[81.55891,42.63132],[81.53483,42.64255],[81.46933,42.62085],[81.45899,42.62413],[81.46313,42.62934],[81.41052,42.63687],[81.39622,42.64771],[81.40766,42.67945],[81.38786,42.70561],[81.43569,42.75582],[81.42875,42.76645],[81.42932,42.81699],[81.41978,42.83919],[81.4283,42.89206],[81.4213,42.94437],[81.44191,42.97122],[81.47383,42.98451],[81.56406,43.04751],[81.60708,43.06276],[81.63259,43.08079],[81.64043,43.09388],[81.63953,43.12391],[81.60378,43.13199],[81.59929,43.16174],[81.55159,43.16196],[81.46686,43.23774],[81.45808,43.27545],[81.42146,43.29301],[81.39392,43.29325],[81.3392,43.312],[81.3148,43.38472],[81.32125,43.39465],[81.33806,43.39562],[81.3827,43.38443],[81.41624,43.4042],[81.44615,43.39435],[81.45629,43.4072],[81.48364,43.40662],[81.49699,43.41858],[81.52766,43.41396],[81.54988,43.42102]]]}},{"type":"Feature","id":"CTAMAP-2017-COUNTY-1943","properties":{"map_level":"county","source_name":"天山区","source_code":"650102","county_type":"市辖区","prefecture_name":"乌鲁木齐市","prefecture_code":"650100","prefecture_type":"地级市","parent_entity_id":"CNUR-000326","parent_year_end_name":"乌鲁木齐市","province_name":"新疆维吾尔自治区","province_code":"650000","snapshot_year":2017,"panel_year":2016,"link_status":"parent_linked","former_name":"","note":"2001年新设立天山区"},"geometry":{"type":"Polygon","coordinates":[[[87.70193,43.76595],[87.65244,43.71197],[87.67698,43.6875],[87.67628,43.66906],[87.69711,43.65006],[87.69574,43.63661],[87.63816,43.63733],[87.60309,43.62493],[87.57649,43.62683],[87.5571,43.6125],[87.54526,43.63728],[87.55029,43.68242],[87.58074,43.69458],[87.58193,43.72304],[87.60549,43.78417],[87.60189,43.80277],[87.65859,43.82143],[87.67641,43.81747],[87.70193,43.76595]]]}},{"type":"Feature","id":"CTAMAP-2017-COUNTY-1958","properties":{"map_level":"county","source_name":"铁门关市","source_code":"659006","county_type":"县级市","prefecture_name":"不统计","prefecture_code":"0","prefecture_type":"不统计","parent_entity_id":"","parent_year_end_name":"","province_name":"新疆维吾尔自治区","province_code":"650000","snapshot_year":2017,"panel_year":2016,"link_status":"province_direct_or_out_of_scope","former_name":"","note":"省直辖市,省直管,是县级单位"},"geometry":{"type":"Polygon","coordinates":[[[85.73737,41.75709],[85.76925,41.72813],[85.77405,41.69304],[85.78469,41.68144],[85.78017,41.65501],[85.727,41.65513],[85.72667,41.68083],[85.70266,41.68056],[85.70137,41.74358],[85.68923,41.74343],[85.6808,41.6746],[85.68666,41.74324],[85.61543,41.74254],[85.60467,41.69851],[85.61277,41.74253],[85.52041,41.7417],[85.48705,41.75692],[85.35398,41.75038],[85.36858,41.82922],[85.50025,41.86656],[85.51135,41.91258],[85.74366,41.85222],[85.7707,41.83242],[85.76376,41.77855],[85.73737,41.75709]]]}},{"type":"Feature","id":"CTAMAP-2017-COUNTY-1989","properties":{"map_level":"county","source_name":"头屯河区","source_code":"650106","county_type":"市辖区","prefecture_name":"乌鲁木齐市","prefecture_code":"650100","prefecture_type":"地级市","parent_entity_id":"CNUR-000326","parent_year_end_name":"乌鲁木齐市","province_name":"新疆维吾尔自治区","province_code":"650000","snapshot_year":2017,"panel_year":2016,"link_status":"parent_linked","former_name":"","note":"2001年新设立头屯河区"},"geometry":{"type":"Polygon","coordinates":[[[87.48151,43.86382],[87.45094,43.84093],[87.44909,43.82824],[87.39754,43.84135],[87.37604,43.80849],[87.38057,43.85902],[87.31616,43.85656],[87.28971,43.81169],[87.26164,43.77834],[87.25586,43.77834],[87.27583,43.79921],[87.27931,43.81499],[87.2769,43.86639],[87.26118,43.92127],[87.28332,43.95573],[87.30468,43.96793],[87.31872,43.98922],[87.34095,44.00102],[87.35523,44.02394],[87.38371,44.04496],[87.41784,44.05539],[87.42299,44.0508],[87.42475,44.03293],[87.40723,44.01223],[87.45427,43.99284],[87.45069,43.96112],[87.42339,43.93562],[87.44549,43.91614],[87.44773,43.89816],[87.48091,43.88068],[87.48151,43.86382]]]}},{"type":"Feature","id":"CTAMAP-2017-COUNTY-1992","properties":{"map_level":"county","source_name":"图木舒克市","source_code":"659003","county_type":"县级市","prefecture_name":"不统计","prefecture_code":"0","prefecture_type":"不统计","parent_entity_id":"","parent_year_end_name":"","province_name":"新疆维吾尔自治区","province_code":"650000","snapshot_year":2017,"panel_year":2016,"link_status":"province_direct_or_out_of_scope","former_name":"","note":"2014年新设图木舒克市，省直管,是县级单位"},"geometry":{"type":"Polygon","coordinates":[[[79.60667,39.90108],[79.54812,39.85766],[79.41901,39.8917],[79.26513,39.87629],[79.29797,39.83955],[79.28148,39.82706],[79.28049,39.81594],[79.32167,39.81661],[79.32281,39.80311],[79.28486,39.79923],[79.23749,39.78229],[79.24737,39.7563],[79.23752,39.73168],[79.16626,39.71426],[79.11074,39.7136],[79.0909,39.68202],[79.07655,39.67301],[78.99946,39.66064],[78.99865,39.62361],[78.89775,39.60823],[78.83712,39.61158],[78.81358,39.63534],[78.79355,39.62586],[78.77973,39.63191],[78.79538,39.65165],[78.79012,39.66288],[78.77195,39.65365],[78.70414,39.6497],[78.70028,39.65862],[78.71102,39.66586],[78.70734,39.68508],[78.66894,39.70027],[78.67212,39.70873],[78.65462,39.73195],[78.65579,39.73908],[78.70275,39.76095],[78.72895,39.78784],[78.75499,39.79454],[78.75875,39.80388],[78.75112,39.81959],[78.77393,39.82755],[78.76983,39.80637],[78.78203,39.78167],[78.76952,39.75848],[78.79221,39.75789],[78.80616,39.73858],[78.80153,39.72926],[78.78554,39.72521],[78.79537,39.70957],[78.77667,39.69358],[78.80835,39.65477],[78.82555,39.66697],[78.83152,39.70729],[78.83829,39.71205],[78.85557,39.71625],[78.85807,39.69971],[78.86772,39.70752],[78.88244,39.70221],[78.86919,39.7616],[78.899,39.7619],[78.90241,39.78118],[78.9922,39.78165],[79.0025,39.79849],[78.99796,39.80609],[78.94076,39.80952],[78.90498,39.8312],[78.92474,39.84736],[78.92464,39.8581],[78.97356,39.86982],[78.98785,39.86339],[78.97243,39.87957],[78.97684,39.88917],[78.94132,39.90845],[78.98793,39.92803],[78.99937,39.97276],[79.03619,39.97832],[79.01141,40.02609],[79.03384,40.03479],[79.48278,40.09796],[79.57461,40.01231],[79.60667,39.90108]]]}},{"type":"Feature","id":"CTAMAP-2017-COUNTY-2000","properties":{"map_level":"county","source_name":"托克逊县","source_code":"650422","county_type":"县","prefecture_name":"吐鲁番市","prefecture_code":"650400","prefecture_type":"地级市","parent_entity_id":"CNUR-000328","parent_year_end_name":"吐鲁番市","province_name":"新疆维吾尔自治区","province_code":"650000","snapshot_year":2017,"panel_year":2016,"link_status":"parent_linked","former_name":"","note":""},"geometry":{"type":"Polygon","coordinates":[[[88.46112,43.21129],[88.46789,43.20232],[88.49036,43.2116],[88.55691,43.19022],[88.56141,43.17577],[88.62841,43.12065],[88.64667,43.08142],[88.6937,43.06284],[88.72399,42.99181],[88.75291,42.98533],[88.79741,42.93628],[88.86745,42.91361],[88.90398,42.87866],[88.94124,42.82353],[88.9435,42.79554],[89.02991,42.78006],[89.01932,42.54352],[88.98515,42.50003],[88.94356,42.34794],[88.92018,42.33959],[88.88058,42.29896],[88.85725,42.234],[88.86245,42.22815],[88.8896,42.23326],[88.97029,42.16321],[88.89173,42.09327],[88.89298,42.02716],[88.92332,41.96735],[88.93352,41.92582],[88.95318,41.91123],[89.08258,41.85751],[89.12651,41.82781],[89.15177,41.79171],[89.15233,41.74613],[89.07367,41.63729],[89.11225,41.56341],[89.11642,41.49844],[89.15287,41.47325],[89.22652,41.45554],[89.23587,41.44592],[89.22688,41.37057],[89.21052,41.36917],[89.19972,41.35909],[89.17569,41.36163],[89.08208,41.40767],[89.01617,41.42498],[88.96795,41.41605],[88.85841,41.41953],[88.77874,41.45058],[88.77189,41.46608],[88.73371,41.47359],[88.62418,41.4716],[88.59214,41.47752],[88.46115,41.45694],[88.40064,41.45881],[88.31636,41.49146],[88.30607,41.51328],[88.3478,41.53735],[88.33872,41.57418],[88.35229,41.60598],[88.3344,41.63854],[88.34506,41.66865],[88.33907,41.76655],[88.29122,41.82123],[88.24744,41.84234],[88.21262,41.86979],[88.18863,41.92232],[88.16738,41.94196],[88.15924,41.97392],[88.13639,42.00245],[87.99361,42.06744],[87.91612,42.18274],[87.90546,42.23444],[87.8942,42.24735],[87.99976,42.32813],[88.11772,42.36859],[88.13903,42.42893],[88.18065,42.44567],[88.19979,42.50031],[88.14425,42.5622],[88.0795,42.58128],[87.98299,42.63329],[87.90799,42.65957],[87.90182,42.70447],[87.84286,42.75167],[87.83742,42.76667],[87.68477,42.75993],[87.54394,42.77656],[87.50719,42.78955],[87.54117,42.84395],[87.51692,42.85549],[87.48938,42.85522],[87.51989,42.86078],[87.48098,42.86755],[87.52357,42.86363],[87.53696,42.90962],[87.53209,42.92243],[87.57311,42.95767],[87.58786,42.96175],[87.58172,43.00015],[87.54087,43.0256],[87.48752,43.03689],[87.43233,43.0298],[87.36082,43.04608],[87.32893,43.06637],[87.27346,43.08586],[87.26964,43.12226],[87.25937,43.13586],[87.35248,43.11181],[87.3793,43.11248],[87.37948,43.16352],[87.39053,43.18624],[87.37957,43.2049],[87.37836,43.24319],[87.35962,43.26834],[87.36544,43.27962],[87.56843,43.25843],[87.68776,43.27221],[87.70452,43.2852],[87.74926,43.29635],[87.88017,43.29703],[87.97297,43.31317],[87.99742,43.2987],[88.03906,43.31584],[88.16634,43.33045],[88.22693,43.32107],[88.2129,43.27431],[88.25106,43.21923],[88.3073,43.2095],[88.31139,43.22109],[88.34183,43.22682],[88.40473,43.19652],[88.42735,43.19472],[88.46112,43.21129]]]}},{"type":"Feature","id":"CTAMAP-2017-COUNTY-2001","properties":{"map_level":"county","source_name":"托里县","source_code":"654224","county_type":"县","prefecture_name":"塔城地区","prefecture_code":"654200","prefecture_type":"地区","parent_entity_id":"CNUR-000339","parent_year_end_name":"塔城地区","province_name":"新疆维吾尔自治区","province_code":"650000","snapshot_year":2017,"panel_year":2016,"link_status":"parent_linked","former_name":"","note":""},"geometry":{"type":"Polygon","coordinates":[[[85.14346,46.20037],[85.27031,46.17784],[85.30898,46.15825],[85.37682,46.14233],[85.32377,46.11871],[85.313,46.10005],[85.28011,46.08997],[85.26427,46.05488],[85.29018,45.99088],[85.25959,45.98566],[85.25916,45.97497],[85.28561,45.96656],[85.27378,45.95812],[85.27018,45.93456],[85.24961,45.92186],[85.19809,45.80578],[85.12117,45.74143],[85.06013,45.71272],[85.01452,45.72059],[84.95631,45.70808],[84.89283,45.63966],[84.86297,45.63911],[84.83254,45.62782],[84.81723,45.65098],[84.78696,45.66285],[84.77113,45.64832],[84.80269,45.62021],[84.80262,45.60914],[84.75105,45.55831],[84.75406,45.55014],[84.73224,45.53949],[84.73757,45.51677],[84.70501,45.45021],[84.68464,45.43808],[84.65326,45.39897],[84.62199,45.3439],[84.57694,45.30992],[84.5795,45.28799],[84.4401,45.19365],[84.37358,45.16788],[84.31861,45.14844],[84.02096,45.09309],[83.95332,45.06548],[83.95359,45.05777],[83.926,45.04551],[83.83301,45.02285],[83.75917,45.02745],[83.61708,44.9934],[83.40877,44.9788],[83.16234,45.0133],[82.99943,45.04979],[82.85257,45.10012],[82.75477,45.15123],[82.71644,45.15933],[82.67885,45.15271],[82.62314,45.18764],[82.58453,45.22283],[82.59684,45.34681],[82.56092,45.39711],[82.57081,45.41137],[82.59623,45.4442],[82.63865,45.46454],[82.73358,45.46966],[82.80412,45.49573],[82.83388,45.49132],[82.86606,45.50821],[82.8679,45.51996],[82.89318,45.5393],[82.87836,45.55411],[82.90563,45.57131],[82.88936,45.5911],[82.8932,45.60541],[82.92509,45.64274],[82.9467,45.64966],[82.95752,45.66493],[82.93143,45.69427],[82.93688,45.70389],[82.93218,45.7216],[82.90916,45.72878],[82.9089,45.73882],[82.89393,45.74799],[82.85594,45.76244],[82.86838,45.78498],[82.93633,45.81001],[82.92317,45.87045],[82.95234,45.88398],[83.02706,45.87246],[83.02653,45.85494],[83.01294,45.8357],[83.01628,45.83114],[83.05285,45.83889],[83.07855,45.81178],[83.10653,45.82539],[83.10508,45.83897],[83.11702,45.84484],[83.12713,45.88105],[83.14909,45.8915],[83.1345,45.92291],[83.16023,45.922],[83.16344,45.94738],[83.1883,45.94802],[83.21833,45.9635],[83.26064,46.02092],[83.25801,46.10466],[83.27787,46.13512],[83.26594,46.16064],[83.30351,46.19274],[83.32023,46.22014],[83.33211,46.22339],[83.32538,46.23479],[83.45005,46.34029],[83.45605,46.38736],[83.50196,46.37261],[83.56117,46.36814],[83.59878,46.31902],[83.64691,46.31213],[83.66505,46.2671],[83.68699,46.25378],[83.69661,46.234],[83.75945,46.2034],[83.84328,46.18905],[83.86588,46.17618],[83.92189,46.17766],[83.99309,46.19813],[84.03085,46.19261],[84.03796,46.17711],[84.07691,46.17039],[84.1196,46.19672],[84.1599,46.20429],[84.23346,46.19555],[84.29883,46.20904],[84.3556,46.20701],[84.40737,46.21802],[84.45634,46.20479],[84.59993,46.19688],[84.62049,46.17502],[84.71354,46.16407],[85.07775,46.16149],[85.11976,46.16738],[85.14346,46.20037]]]}},{"type":"Feature","id":"CTAMAP-2017-COUNTY-2036","properties":{"map_level":"county","source_name":"尉犁县","source_code":"652823","county_type":"县","prefecture_name":"巴音郭楞蒙古自治州","prefecture_code":"652800","prefecture_type":"自治州","parent_entity_id":"CNUR-000332","parent_year_end_name":"巴音郭楞蒙古自治州","province_name":"新疆维吾尔自治区","province_code":"650000","snapshot_year":2017,"panel_year":2016,"link_status":"parent_linked","former_name":"","note":""},"geometry":{"type":"Polygon","coordinates":[[[86.41699,41.65926],[86.48392,41.63566],[86.51254,41.63161],[86.52491,41.639],[86.56365,41.63901],[86.7036,41.60035],[86.79492,41.60168],[86.93018,41.56638],[87.10491,41.55949],[87.1219,41.57631],[87.1462,41.58157],[87.26949,41.54379],[87.37356,41.54317],[87.3909,41.5302],[87.38287,41.51474],[87.41613,41.50635],[87.45197,41.53669],[87.4878,41.5153],[87.49132,41.49904],[87.50308,41.49625],[87.53725,41.49351],[87.6511,41.51081],[87.71598,41.51192],[87.72698,41.50134],[87.79228,41.48833],[87.83848,41.48094],[87.8698,41.48516],[87.91741,41.46788],[87.93512,41.47124],[87.97397,41.45065],[87.97253,41.43375],[88.01788,41.42029],[88.03347,41.42144],[88.04003,41.43084],[88.10507,41.42595],[88.11917,41.43722],[88.21187,41.44968],[88.22073,41.46522],[88.23686,41.47124],[88.26302,41.46563],[88.31636,41.49146],[88.40064,41.45881],[88.46115,41.45694],[88.59214,41.47752],[88.62418,41.4716],[88.73371,41.47359],[88.77189,41.46608],[88.77874,41.45058],[88.85841,41.41953],[88.96795,41.41605],[89.01617,41.42498],[89.08208,41.40767],[89.1928,41.35874],[89.27586,41.38467],[89.33159,41.38776],[89.33456,41.40335],[89.34117,41.40408],[89.3967,41.39467],[89.40421,41.38225],[89.44001,41.373],[89.45781,41.35878],[89.55682,41.36693],[89.65582,41.35917],[89.72291,41.33184],[89.74491,41.31281],[89.73673,41.17428],[89.8146,41.18054],[89.82753,41.02497],[89.98784,40.73498],[89.99269,40.70584],[89.9819,40.69136],[89.94117,40.67027],[89.8029,40.62862],[89.77372,40.63806],[89.74334,40.63644],[89.70957,40.6233],[89.69872,40.62399],[89.69622,40.63336],[89.6551,40.63636],[89.63404,40.62732],[89.6214,40.64495],[89.58144,40.65254],[89.52651,40.62776],[89.50408,40.63888],[89.477,40.63658],[89.4653,40.6503],[89.45436,40.63826],[89.43312,40.64536],[89.4195,40.63754],[89.35525,40.63778],[89.33013,40.63077],[89.32218,40.64531],[89.2922,40.65016],[89.24887,40.63027],[89.23827,40.64036],[89.19161,40.64514],[89.17448,40.63638],[89.13263,40.63821],[88.85007,40.50958],[88.52179,40.43909],[88.18946,40.42978],[88.04806,40.55003],[87.89369,40.47009],[87.90263,40.45177],[87.85081,40.39694],[87.87252,40.39064],[87.86951,40.37025],[87.89683,40.35065],[87.90589,40.30687],[87.93265,40.30387],[87.96507,40.2482],[87.7158,40.17557],[84.64079,40.17614],[84.49642,40.21295],[84.02544,40.30523],[84.06969,40.84937],[84.06595,40.98492],[84.0537,41.0341],[84.06128,41.05667],[84.05592,41.08264],[84.0841,41.11994],[84.09915,41.12048],[84.0968,41.13635],[84.1124,41.15089],[84.12859,41.152],[84.11288,41.13118],[84.14809,41.13497],[84.14425,41.15745],[84.15059,41.17156],[84.18561,41.15838],[84.2653,41.19669],[84.27967,41.19212],[84.30349,41.2101],[84.30581,41.19635],[84.3169,41.21702],[84.32068,41.19134],[84.33896,41.20845],[84.39466,41.20446],[84.38946,41.18401],[84.39497,41.17966],[84.40309,41.18789],[84.40278,41.17681],[84.42416,41.18118],[84.40937,41.18671],[84.41274,41.19964],[84.43525,41.19326],[84.44971,41.17591],[84.44485,41.18758],[84.45991,41.19514],[84.51917,41.20556],[84.5506,41.17399],[84.55369,41.19736],[84.56282,41.18533],[84.56402,41.19482],[84.60587,41.20313],[84.61839,41.19837],[84.61438,41.18187],[84.62875,41.19609],[84.63956,41.17814],[84.64408,41.19082],[84.6745,41.19668],[84.68686,41.19551],[84.68158,41.18704],[84.71126,41.18723],[84.71468,41.20111],[84.73574,41.17266],[84.73911,41.18832],[84.74643,41.19005],[84.75108,41.16366],[84.77193,41.17037],[84.76793,41.18142],[84.7925,41.17839],[84.81782,41.19509],[84.8327,41.18712],[84.88473,41.19134],[84.91106,41.20542],[84.96467,41.21151],[84.99136,41.19851],[85.02223,41.22395],[85.03244,41.21431],[85.0295,41.202],[85.07467,41.2074],[85.09289,41.21828],[85.10766,41.21006],[85.13343,41.22209],[85.14086,41.23979],[85.16637,41.24394],[85.18999,41.26226],[85.18427,41.27235],[85.20097,41.2926],[85.22566,41.29333],[85.25689,41.30688],[85.26586,41.28599],[85.30547,41.30546],[85.3462,41.30729],[85.37867,41.29003],[85.41644,41.29748],[85.43852,41.31609],[85.47464,41.29879],[85.54339,41.3046],[85.57297,41.30124],[85.60867,41.2851],[85.66332,41.29812],[85.67375,41.29119],[85.72249,41.29092],[85.73581,41.26259],[85.80316,41.26844],[85.82148,41.25588],[85.82008,41.24391],[85.82772,41.23955],[85.83605,41.24013],[85.84507,41.25545],[85.8802,41.2488],[85.92577,41.2611],[85.983,41.2477],[86.04681,41.2855],[86.04548,41.34114],[86.01327,41.3559],[86.02039,41.38839],[86.03822,41.39703],[86.03078,41.38423],[86.03521,41.37471],[86.04256,41.38935],[86.05361,41.37683],[86.05791,41.38448],[86.04402,41.4027],[86.05229,41.40736],[86.06769,41.39209],[86.07789,41.40958],[86.10611,41.40742],[86.11565,41.44981],[86.13294,41.47791],[86.13077,41.49658],[86.21214,41.54521],[86.19718,41.57224],[86.22098,41.57205],[86.22111,41.54451],[86.41666,41.54518],[86.34585,41.56736],[86.32297,41.58201],[86.31221,41.61942],[86.2753,41.65423],[86.41699,41.65926]]]}},{"type":"Feature","id":"CTAMAP-2017-COUNTY-2046","properties":{"map_level":"county","source_name":"温泉县","source_code":"652723","county_type":"县","prefecture_name":"博尔塔拉蒙古自治州","prefecture_code":"652700","prefecture_type":"自治州","parent_entity_id":"CNUR-000331","parent_year_end_name":"博尔塔拉蒙古自治州","province_name":"新疆维吾尔自治区","province_code":"650000","snapshot_year":2017,"panel_year":2016,"link_status":"parent_linked","former_name":"","note":""},"geometry":{"type":"Polygon","coordinates":[[[80.68963,44.67306],[80.66852,44.68347],[80.66062,44.70287],[80.63612,44.70995],[80.63383,44.73053],[80.60461,44.73295],[80.58485,44.72306],[80.47465,44.74101],[80.45969,44.75603],[80.39457,44.76641],[80.36554,44.78661],[80.34693,44.8194],[80.30069,44.81136],[80.28871,44.81873],[80.2965,44.82847],[80.26506,44.84206],[80.21374,44.81985],[80.19562,44.82715],[80.18336,44.82355],[80.16653,44.84543],[80.15663,44.84648],[80.1499,44.82919],[80.12171,44.81557],[80.06261,44.81436],[80.0014,44.79416],[79.99326,44.80094],[79.99477,44.82718],[79.94933,44.85398],[79.95099,44.86891],[79.96501,44.87946],[79.91435,44.8977],[79.89339,44.8965],[79.88631,44.90705],[79.94154,44.93718],[79.95148,44.95936],[79.98152,44.96635],[80.03342,44.99683],[80.06194,45.03036],[80.10499,45.05371],[80.13321,45.04425],[80.14168,45.05971],[80.15311,45.06094],[80.2063,45.02893],[80.24865,45.03582],[80.26613,45.05617],[80.31649,45.0723],[80.32855,45.07034],[80.34137,45.04878],[80.37514,45.04351],[80.39383,45.04728],[80.43696,45.07618],[80.44465,45.10174],[80.48402,45.12741],[80.49288,45.12839],[80.51354,45.1115],[80.55273,45.11421],[80.59006,45.10486],[80.69656,45.13607],[80.72611,45.15569],[80.71332,45.17316],[80.72302,45.17824],[80.76894,45.15427],[80.82931,45.1488],[80.84939,45.12858],[80.89623,45.12962],[80.9423,45.16331],[80.9969,45.16262],[81.07828,45.18332],[81.08268,45.19403],[81.10374,45.20521],[81.10695,45.2202],[81.16215,45.20961],[81.17143,45.22888],[81.21581,45.23662],[81.22747,45.24649],[81.27399,45.23638],[81.33895,45.26339],[81.37666,45.25768],[81.39427,45.27398],[81.42544,45.28195],[81.44626,45.26612],[81.46208,45.26481],[81.49966,45.28193],[81.51741,45.2804],[81.54025,45.30812],[81.57137,45.31057],[81.63623,45.29448],[81.66355,45.26804],[81.67094,45.2537],[81.663,45.24045],[81.67611,45.22577],[81.66409,45.21086],[81.6712,45.19951],[81.66446,45.18392],[81.67332,45.14518],[81.66325,45.1393],[81.67106,45.10933],[81.66093,45.08514],[81.66625,45.04134],[81.66996,45.03385],[81.70075,45.0381],[81.71695,45.00652],[81.75564,44.98729],[81.754,44.97426],[81.74972,44.9679],[81.67907,44.97241],[81.65101,44.98258],[81.65437,44.96923],[81.63044,44.94939],[81.60816,44.90818],[81.54603,44.84811],[81.52894,44.81894],[81.53627,44.77817],[81.52594,44.75394],[81.50668,44.73811],[81.50513,44.72145],[81.43728,44.70394],[81.41989,44.70627],[81.37701,44.69063],[81.33783,44.69739],[81.32043,44.68765],[81.26111,44.70153],[81.23261,44.72439],[81.20885,44.72541],[81.18785,44.75077],[81.16069,44.75153],[81.15131,44.7421],[81.13332,44.75519],[81.11281,44.74795],[81.08659,44.75702],[81.06102,44.73561],[81.04081,44.73204],[80.95152,44.74752],[80.91041,44.74373],[80.78099,44.68567],[80.74543,44.69626],[80.70882,44.68657],[80.68963,44.67306]]]}},{"type":"Feature","id":"CTAMAP-2017-COUNTY-2047","properties":{"map_level":"county","source_name":"温宿县","source_code":"652922","county_type":"县","prefecture_name":"阿克苏地区","prefecture_code":"652900","prefecture_type":"地区","parent_entity_id":"CNUR-000333","parent_year_end_name":"阿克苏地区","province_name":"新疆维吾尔自治区","province_code":"650000","snapshot_year":2017,"panel_year":2016,"link_status":"parent_linked","former_name":"","note":""},"geometry":{"type":"Polygon","coordinates":[[[80.62708,42.35239],[80.63421,42.32066],[80.65239,42.30427],[80.70057,42.29116],[80.71509,42.27779],[80.68963,42.17724],[80.69915,42.1394],[80.75021,42.10608],[80.76222,42.08563],[80.7932,42.06128],[80.84311,42.04264],[80.84519,42.02463],[80.86213,42.01364],[80.86238,42.00007],[80.88391,41.96151],[80.88387,41.89242],[80.90263,41.85266],[80.9081,41.81559],[80.91913,41.80459],[81.01568,41.78628],[81.05708,41.76659],[81.04299,41.69865],[81.01597,41.66478],[81.02301,41.6232],[81.0321,41.61718],[81.01433,41.59379],[81.01948,41.57489],[81.0074,41.55707],[81.02095,41.51904],[81.08856,41.48731],[81.16443,41.47819],[81.2558,41.452],[81.31643,41.46423],[81.3305,41.45692],[81.33405,41.44085],[81.37143,41.42062],[81.38065,41.40063],[81.46676,41.40287],[81.46587,41.25799],[81.45534,41.24799],[81.31766,41.20881],[81.14939,41.17581],[81.1139,41.16052],[81.07906,41.12205],[81.05141,41.00521],[81.00915,40.97093],[80.75608,40.86784],[80.70601,40.86181],[80.61112,40.86607],[80.58557,40.85947],[80.58169,40.86997],[80.49771,40.88471],[80.46735,40.91117],[80.43888,41.00226],[80.40681,41.0224],[80.39054,41.06555],[80.35784,41.1005],[80.35281,41.14014],[80.36329,41.14664],[80.35188,41.15035],[80.3343,41.17682],[80.31823,41.17857],[80.31282,41.19752],[80.32877,41.20857],[80.33816,41.22153],[80.33628,41.23221],[80.35256,41.24445],[80.35388,41.26289],[80.36903,41.27803],[80.37146,41.29427],[80.36286,41.30182],[80.37136,41.32766],[80.40264,41.3794],[80.40039,41.3948],[80.36825,41.42367],[80.35945,41.44637],[80.32506,41.4717],[80.30499,41.50044],[80.28595,41.50277],[80.28809,41.48016],[80.27823,41.47995],[80.28455,41.36071],[80.26626,41.36005],[80.26682,41.31866],[80.29871,41.31005],[80.27756,41.2854],[80.27716,41.26488],[80.25962,41.25349],[80.25192,41.21452],[80.23586,41.22432],[80.22489,41.21311],[80.21115,41.22512],[80.16203,41.21514],[80.1049,41.1808],[80.08338,41.19203],[80.06903,41.19043],[80.01169,41.14755],[79.96646,41.13104],[79.86661,41.1282],[79.75366,41.18792],[79.73314,41.20213],[79.71669,41.2272],[79.64364,41.27849],[79.63943,41.28626],[79.65118,41.30236],[79.64675,41.32081],[79.68957,41.39289],[79.76088,41.37886],[79.79657,41.38087],[79.81981,41.39473],[79.90708,41.40123],[79.93466,41.41132],[79.75283,41.51221],[79.75063,41.52393],[79.73479,41.53197],[79.62222,41.56206],[79.58985,41.6172],[79.54836,41.64646],[79.55762,41.65891],[79.55788,41.67828],[79.5432,41.68595],[79.54928,41.69989],[79.52564,41.75561],[79.51343,41.76335],[79.49704,41.75882],[79.48213,41.78428],[79.46507,41.79553],[79.48716,41.79779],[79.4808,41.80769],[79.50061,41.82205],[79.49857,41.8311],[79.4846,41.83513],[79.48184,41.8383],[79.48325,41.8404],[79.54681,41.83398],[79.60616,41.85263],[79.64087,41.88663],[79.73555,41.89982],[79.77004,41.89246],[79.79501,41.91906],[79.81153,41.95862],[79.85311,41.98651],[79.84955,42.01414],[79.90223,42.03812],[80.0764,42.04541],[80.12843,42.03317],[80.15506,42.03665],[80.15762,42.05288],[80.1887,42.08244],[80.16541,42.09747],[80.13578,42.15136],[80.1592,42.15143],[80.16776,42.20312],[80.23153,42.21161],[80.28184,42.23083],[80.28742,42.26349],[80.26829,42.293],[80.27852,42.3176],[80.31877,42.31316],[80.3317,42.3216],[80.35504,42.3168],[80.36986,42.32533],[80.42979,42.30361],[80.4341,42.31773],[80.46791,42.31988],[80.47899,42.3375],[80.51425,42.34475],[80.52989,42.35983],[80.59052,42.36488],[80.62708,42.35239]]]}},{"type":"Feature","id":"CTAMAP-2017-COUNTY-2068","properties":{"map_level":"county","source_name":"乌尔禾区","source_code":"650205","county_type":"市辖区","prefecture_name":"克拉玛依市","prefecture_code":"650200","prefecture_type":"地级市","parent_entity_id":"CNUR-000327","parent_year_end_name":"克拉玛依市","province_name":"新疆维吾尔自治区","province_code":"650000","snapshot_year":2017,"panel_year":2016,"link_status":"parent_linked","former_name":"","note":""},"geometry":{"type":"Polygon","coordinates":[[[85.60016,45.68683],[85.53473,45.72355],[85.32328,45.73338],[85.27437,45.7888],[85.20788,45.82499],[85.24961,45.92186],[85.27018,45.93456],[85.27378,45.95812],[85.28561,45.96656],[85.25916,45.97497],[85.25959,45.98566],[85.29018,45.99088],[85.26427,46.05488],[85.28011,46.08997],[85.313,46.10005],[85.32377,46.11871],[85.37668,46.14267],[85.38643,46.14526],[85.41047,46.12827],[85.42774,46.13048],[85.43493,46.14923],[85.54663,46.19454],[85.61238,46.21156],[85.64303,46.21072],[85.67716,46.1901],[85.78869,46.19209],[85.81112,46.17733],[85.86047,46.18442],[85.90285,46.18089],[85.9899,46.12365],[86.02172,46.06745],[85.95993,46.04403],[85.94963,46.01819],[85.95209,46.00051],[85.92945,45.97458],[85.94141,45.96351],[85.91715,45.9688],[85.87779,45.95222],[85.87254,45.9451],[85.88592,45.9403],[85.86817,45.92613],[85.84444,45.91827],[85.63969,45.78839],[85.64512,45.7807],[85.6188,45.76226],[85.60016,45.68683]]]}},{"type":"Feature","id":"CTAMAP-2017-COUNTY-2074","properties":{"map_level":"county","source_name":"乌鲁木齐县","source_code":"650121","county_type":"县","prefecture_name":"乌鲁木齐市","prefecture_code":"650100","prefecture_type":"地级市","parent_entity_id":"CNUR-000326","parent_year_end_name":"乌鲁木齐市","province_name":"新疆维吾尔自治区","province_code":"650000","snapshot_year":2017,"panel_year":2016,"link_status":"parent_linked","former_name":"","note":""},"geometry":{"type":"Polygon","coordinates":[[[87.39754,43.84135],[87.45538,43.82829],[87.46052,43.80551],[87.49693,43.79563],[87.41638,43.78415],[87.34659,43.78396],[87.36636,43.71816],[87.35749,43.67426],[87.36938,43.63815],[87.36225,43.62323],[87.37765,43.60428],[87.38166,43.56856],[87.42338,43.57462],[87.46425,43.59271],[87.50017,43.62256],[87.53101,43.63678],[87.54526,43.63728],[87.55812,43.61187],[87.57649,43.62683],[87.60309,43.62493],[87.63816,43.63733],[87.69574,43.63661],[87.7031,43.62916],[87.69655,43.61923],[87.6574,43.63119],[87.64738,43.60312],[87.72184,43.57017],[87.75393,43.57353],[87.71273,43.60455],[87.75084,43.59484],[87.84062,43.4839],[88.04918,43.42074],[88.05304,43.35328],[88.12698,43.32395],[88.03906,43.31584],[87.99742,43.2987],[87.97297,43.31317],[87.88017,43.29703],[87.74926,43.29635],[87.70452,43.2852],[87.68776,43.27221],[87.56843,43.25843],[87.36544,43.27962],[87.35962,43.26834],[87.37836,43.24319],[87.37957,43.2049],[87.39053,43.18624],[87.37948,43.16352],[87.3793,43.11248],[87.35248,43.11181],[87.25937,43.13586],[87.23836,43.11616],[87.2197,43.11414],[87.20939,43.0991],[87.21354,43.07967],[87.18985,43.04912],[87.10815,43.06329],[87.10818,43.04583],[87.06545,43.02209],[87.05025,43.02218],[87.03658,43.03818],[87.01764,43.02705],[86.94111,43.04384],[86.87377,43.08407],[86.85068,43.08169],[86.80042,43.103],[86.79505,43.12085],[86.81183,43.12734],[86.81736,43.1426],[86.84506,43.15173],[86.81292,43.1696],[86.813,43.17595],[86.85079,43.20862],[86.8752,43.26387],[86.89804,43.27016],[86.89475,43.3035],[86.92012,43.32241],[86.91843,43.33989],[86.93717,43.36579],[86.90315,43.39154],[86.89806,43.42748],[86.93507,43.46121],[86.97294,43.47522],[86.99484,43.5312],[87.10432,43.59778],[87.16399,43.67587],[87.19954,43.69618],[87.22547,43.74577],[87.27505,43.79328],[87.31461,43.85591],[87.38057,43.85902],[87.37604,43.80849],[87.39754,43.84135]]]}},{"type":"Feature","id":"CTAMAP-2017-COUNTY-2075","properties":{"map_level":"county","source_name":"乌恰县","source_code":"653024","county_type":"县","prefecture_name":"克孜勒苏柯尔克孜自治州","prefecture_code":"653000","prefecture_type":"自治州","parent_entity_id":"CNUR-000334","parent_year_end_name":"克孜勒苏柯尔克孜自治州","province_name":"新疆维吾尔自治区","province_code":"650000","snapshot_year":2017,"panel_year":2016,"link_status":"parent_linked","former_name":"","note":""},"geometry":{"type":"Polygon","coordinates":[[[75.91497,40.29304],[75.90166,40.24826],[75.90751,40.23446],[75.89955,40.20246],[75.88261,40.19281],[75.86288,40.15833],[75.89773,40.11271],[75.90603,40.07854],[75.92291,40.06265],[75.93176,40.01287],[75.9367,39.97594],[75.90409,39.91811],[75.93565,39.90069],[75.95104,39.87763],[75.97063,39.86678],[75.9571,39.83044],[75.97427,39.81291],[75.90639,39.80154],[75.89202,39.81857],[75.85389,39.81972],[75.83131,39.8071],[75.7949,39.75457],[75.76691,39.80365],[75.74301,39.82235],[75.6633,39.81358],[75.66408,39.76623],[75.65462,39.74939],[75.58685,39.76293],[75.55144,39.76122],[75.52823,39.75012],[75.51726,39.72682],[75.51534,39.66132],[75.47988,39.66316],[75.45595,39.67958],[75.4366,39.67268],[75.43135,39.65251],[75.35784,39.65389],[75.35129,39.63449],[75.33433,39.63216],[75.36325,39.59083],[75.35115,39.57432],[75.35128,39.56084],[75.38613,39.50049],[75.35358,39.46813],[75.31228,39.45973],[75.29641,39.40381],[75.30389,39.32104],[75.35015,39.12855],[75.2681,39.11754],[75.19889,39.08347],[75.14491,39.08532],[75.06586,39.11313],[74.98899,39.08642],[74.94743,39.02279],[74.95699,38.98832],[74.99029,38.97929],[74.98433,38.96012],[74.91549,38.98367],[74.8677,38.97189],[74.82817,38.98099],[74.81813,38.98996],[74.82904,38.99837],[74.82165,39.01568],[74.83077,39.02396],[74.82268,39.03514],[74.82336,39.05263],[74.8004,39.07994],[74.81209,39.08747],[74.77279,39.09907],[74.76104,39.12223],[74.74714,39.1241],[74.72561,39.14821],[74.73192,39.1616],[74.69081,39.16577],[74.67962,39.18498],[74.66612,39.18359],[74.62517,39.20278],[74.59725,39.20014],[74.57365,39.22133],[74.55835,39.21393],[74.53316,39.222],[74.52889,39.23843],[74.51402,39.23464],[74.50662,39.24763],[74.4832,39.23819],[74.45694,39.24933],[74.44008,39.24524],[74.4096,39.2559],[74.38751,39.25458],[74.37536,39.26427],[74.33438,39.25732],[74.30062,39.28854],[74.26477,39.27541],[74.22708,39.273],[74.16278,39.28302],[74.14719,39.30056],[74.13247,39.30043],[74.13134,39.31478],[74.10281,39.32855],[74.07427,39.35708],[74.05344,39.36256],[74.0526,39.37756],[73.98869,39.35777],[73.95889,39.37585],[73.91393,39.42181],[73.91719,39.46055],[73.89318,39.48157],[73.86706,39.48104],[73.89209,39.52373],[73.88349,39.54064],[73.91855,39.56771],[73.91716,39.58813],[73.94869,39.59445],[73.95297,39.61068],[73.92941,39.69816],[73.91564,39.71511],[73.92203,39.72139],[73.90982,39.73895],[73.87574,39.74664],[73.86696,39.75741],[73.84182,39.75442],[73.84442,39.81427],[73.85778,39.8404],[73.91684,39.87671],[73.91236,39.92652],[73.97227,39.99575],[73.97024,40.0097],[73.94151,40.02182],[73.99922,40.0454],[74.01293,40.07909],[74.03891,40.09489],[74.08788,40.07952],[74.10701,40.08595],[74.12393,40.10508],[74.25249,40.12628],[74.2672,40.12449],[74.28069,40.09958],[74.30482,40.10829],[74.34625,40.09063],[74.365,40.09644],[74.44038,40.13917],[74.50443,40.19961],[74.53274,40.2087],[74.58397,40.27],[74.61699,40.2807],[74.6598,40.26985],[74.68813,40.28712],[74.70478,40.34801],[74.80744,40.34834],[74.86068,40.32796],[74.90276,40.33688],[74.9087,40.34949],[74.79337,40.44295],[74.79426,40.45098],[74.81315,40.46169],[74.81727,40.50623],[74.83735,40.52079],[74.89341,40.50652],[74.98545,40.45607],[75.01682,40.4667],[75.05294,40.44856],[75.09539,40.4418],[75.13651,40.46219],[75.22389,40.44766],[75.23788,40.45023],[75.26557,40.48278],[75.29884,40.49049],[75.30655,40.50791],[75.34674,40.53456],[75.41715,40.55662],[75.46667,40.59919],[75.54048,40.64501],[75.59374,40.65958],[75.63257,40.62403],[75.62372,40.59704],[75.62757,40.54907],[75.64713,40.51324],[75.7288,40.47198],[75.71338,40.44328],[75.67925,40.41173],[75.66679,40.36233],[75.70338,40.31108],[75.69867,40.28467],[75.72266,40.28538],[75.73425,40.29823],[75.7612,40.30351],[75.77748,40.2988],[75.82359,40.32679],[75.83644,40.31337],[75.90026,40.30423],[75.91497,40.29304]]]}},{"type":"Feature","id":"CTAMAP-2017-COUNTY-2076","properties":{"map_level":"county","source_name":"乌什县","source_code":"652927","county_type":"县","prefecture_name":"阿克苏地区","prefecture_code":"652900","prefecture_type":"地区","parent_entity_id":"CNUR-000333","parent_year_end_name":"阿克苏地区","province_name":"新疆维吾尔自治区","province_code":"650000","snapshot_year":2017,"panel_year":2016,"link_status":"parent_linked","former_name":"","note":""},"geometry":{"type":"Polygon","coordinates":[[[79.46424,41.84982],[79.50061,41.82205],[79.4808,41.80769],[79.48716,41.79779],[79.46519,41.79479],[79.48213,41.78428],[79.49739,41.75859],[79.51343,41.76335],[79.52564,41.75561],[79.54928,41.69989],[79.5432,41.68595],[79.55788,41.67828],[79.55762,41.65891],[79.54836,41.64646],[79.58985,41.6172],[79.62194,41.56231],[79.73479,41.53197],[79.75063,41.52393],[79.75283,41.51221],[79.93466,41.41132],[79.90708,41.40123],[79.81981,41.39473],[79.79657,41.38087],[79.76088,41.37886],[79.68957,41.39289],[79.64734,41.32258],[79.65118,41.30236],[79.64136,41.28093],[79.71669,41.2272],[79.73533,41.2003],[79.86661,41.1282],[79.92047,41.13374],[79.95347,41.12835],[80.01689,41.14999],[80.00261,41.10724],[80.01459,41.09829],[79.99767,41.08243],[80.00961,41.07125],[80.00595,41.05422],[80.02887,41.02981],[80.03123,41.01279],[79.90464,40.93706],[79.82569,40.90832],[79.77239,40.87731],[79.79956,40.81987],[79.77642,40.81379],[79.75188,40.78404],[79.72882,40.77001],[79.60762,40.73921],[79.57773,40.73851],[79.57317,40.72974],[79.55967,40.73902],[79.55277,40.75649],[79.48275,40.73992],[79.47576,40.7472],[79.39635,40.75715],[79.34671,40.78853],[79.32075,40.78215],[79.31628,40.79158],[79.22657,40.7982],[79.13555,40.82765],[79.1257,40.84098],[79.13184,40.85624],[79.1128,40.876],[79.08942,40.88559],[79.07541,40.88152],[79.04672,40.92041],[79.0163,40.92294],[78.9956,40.91611],[78.98455,40.93015],[78.97434,40.92895],[78.95996,40.91516],[78.96949,40.91108],[78.96186,40.89053],[78.90483,40.89714],[78.86295,40.89299],[78.84594,40.9154],[78.86837,40.94703],[78.86399,40.95534],[78.87493,40.98423],[78.86095,40.99926],[78.82696,40.99395],[78.80188,41.01606],[78.78717,41.05982],[78.76133,41.08471],[78.74769,41.11074],[78.73152,41.16363],[78.58425,41.2757],[78.49564,41.31449],[78.43855,41.37263],[78.40082,41.3926],[78.39588,41.40891],[78.45065,41.41198],[78.50414,41.43111],[78.56371,41.47839],[78.57619,41.48146],[78.59351,41.46956],[78.62159,41.4766],[78.64576,41.46785],[78.65947,41.4905],[78.70116,41.5201],[78.69307,41.53904],[78.70335,41.54961],[78.79281,41.56636],[78.81528,41.5615],[78.84602,41.57711],[78.85535,41.59244],[78.89028,41.59986],[78.95014,41.64926],[78.99383,41.66334],[79.02181,41.65659],[79.03818,41.67953],[79.10401,41.69759],[79.13579,41.72418],[79.21074,41.72561],[79.26613,41.76446],[79.26916,41.78093],[79.32175,41.80931],[79.35494,41.79289],[79.41347,41.83816],[79.46424,41.84982]]]}},{"type":"Feature","id":"CTAMAP-2017-COUNTY-2078","properties":{"map_level":"county","source_name":"乌苏市","source_code":"654202","county_type":"县级市","prefecture_name":"塔城地区","prefecture_code":"654200","prefecture_type":"地区","parent_entity_id":"CNUR-000339","parent_year_end_name":"塔城地区","province_name":"新疆维吾尔自治区","province_code":"650000","snapshot_year":2017,"panel_year":2016,"link_status":"parent_linked","former_name":"","note":""},"geometry":{"type":"Polygon","coordinates":[[[84.66644,45.15791],[84.64091,44.92854],[84.63349,44.929],[84.63107,44.89785],[84.63271,44.8667],[84.64625,44.86554],[84.65009,44.79044],[84.62365,44.79143],[84.62407,44.78387],[84.67122,44.75443],[84.67344,44.74034],[84.70598,44.73479],[84.70722,44.71516],[84.73481,44.71183],[84.76656,44.67377],[84.78531,44.66768],[84.79941,44.68251],[84.85176,44.68489],[84.86765,44.65438],[84.84248,44.65372],[84.86565,44.64013],[84.87212,44.62286],[84.85077,44.56478],[84.84942,44.51723],[84.85835,44.4911],[84.83704,44.46761],[84.80511,44.45647],[84.78175,44.43136],[84.77983,44.3432],[84.78847,44.32162],[84.78087,44.30685],[84.78903,44.29795],[84.79288,44.25495],[84.77748,44.20033],[84.72846,44.12759],[84.73541,44.12503],[84.79681,44.1607],[84.82631,44.15881],[84.84756,44.17285],[84.86101,44.16722],[84.91498,44.17835],[84.93292,44.2095],[84.9378,44.2525],[84.95354,44.26373],[84.96435,44.29533],[84.99051,44.30844],[85.05995,44.31624],[85.10671,44.30831],[85.10944,44.30125],[85.08477,44.17375],[85.09242,44.0984],[85.07724,44.08197],[85.03896,44.06447],[85.03834,44.05407],[84.97627,44.02763],[84.94491,43.98276],[84.94361,43.9466],[84.96302,43.92276],[84.95841,43.89783],[84.93885,43.89089],[84.93288,43.87414],[84.95946,43.84068],[84.91827,43.79454],[84.92313,43.7495],[84.90786,43.74139],[84.89574,43.72122],[84.88733,43.68026],[84.84194,43.63227],[84.8406,43.60209],[84.85118,43.58194],[84.81866,43.57992],[84.80988,43.61824],[84.77937,43.64316],[84.76287,43.63314],[84.70003,43.63264],[84.66529,43.65238],[84.6066,43.65892],[84.59422,43.67916],[84.63247,43.71845],[84.62734,43.72841],[84.55119,43.74841],[84.50868,43.75075],[84.48843,43.73341],[84.40235,43.72984],[84.36104,43.7419],[84.31701,43.72021],[84.27849,43.73957],[84.27843,43.76514],[84.25109,43.78394],[84.22158,43.77215],[84.19533,43.77624],[84.17099,43.79133],[84.12809,43.80504],[84.11588,43.80154],[84.10862,43.81222],[84.08615,43.81804],[84.081,43.82511],[84.10173,43.83663],[84.11126,43.85208],[84.08587,43.8544],[84.07009,43.88066],[84.05631,43.88474],[84.03697,43.87672],[84.0023,43.88765],[83.99355,43.90686],[83.97813,43.91611],[83.95346,43.90903],[83.95082,43.89918],[83.93417,43.90266],[83.89693,43.92247],[83.90973,43.93424],[83.88231,43.95098],[83.83921,43.94884],[83.82313,43.93679],[83.81081,43.94428],[83.78722,43.94322],[83.77876,43.95442],[83.76553,43.94523],[83.73409,43.9443],[83.72523,43.95054],[83.73074,43.95859],[83.71175,43.96065],[83.68595,43.97817],[83.65685,43.96611],[83.63686,43.96997],[83.616,43.96336],[83.56799,44.00924],[83.49691,44.00056],[83.50297,44.01931],[83.4655,44.0356],[83.46078,44.06905],[83.44377,44.07646],[83.45057,44.08908],[83.43665,44.10669],[83.44402,44.11665],[83.41691,44.16243],[83.40496,44.16927],[83.42034,44.18627],[83.41279,44.20595],[83.4385,44.22557],[83.43417,44.23741],[83.41802,44.24646],[83.44539,44.25307],[83.43642,44.28144],[83.48317,44.31293],[83.47295,44.3239],[83.48822,44.33887],[83.48377,44.36218],[83.52756,44.41027],[83.51118,44.45097],[83.51451,44.46668],[83.59629,44.46253],[83.63409,44.47468],[83.7478,44.46083],[83.79056,44.46647],[83.79528,44.49382],[83.78831,44.51929],[83.74247,44.5534],[83.76936,44.67568],[83.79594,44.73576],[83.79514,44.75828],[83.76986,44.77004],[83.76883,44.77992],[83.74766,44.7805],[83.75058,44.78769],[83.73513,44.79047],[83.73028,44.80814],[83.70988,44.82653],[83.70624,44.84452],[83.66556,44.88701],[83.59763,44.8933],[83.5965,44.91219],[83.58175,44.91687],[83.57363,44.92947],[83.506,44.93998],[83.49452,44.94795],[83.49926,44.95365],[83.49348,44.96012],[83.44892,44.98065],[83.62011,44.99383],[83.75917,45.02745],[83.83301,45.02285],[83.926,45.04551],[83.95359,45.05777],[83.95332,45.06548],[84.02096,45.09309],[84.31861,45.14844],[84.4401,45.19365],[84.5795,45.28799],[84.58653,45.24062],[84.61324,45.21769],[84.63161,45.18419],[84.66644,45.15791]]]}},{"type":"Feature","id":"CTAMAP-2017-COUNTY-2098","properties":{"map_level":"county","source_name":"五家渠市","source_code":"659004","county_type":"县级市","prefecture_name":"不统计","prefecture_code":"0","prefecture_type":"不统计","parent_entity_id":"","parent_year_end_name":"","province_name":"新疆维吾尔自治区","province_code":"650000","snapshot_year":2017,"panel_year":2016,"link_status":"province_direct_or_out_of_scope","former_name":"","note":"省直辖市,省直管,是县级单位"},"geometry":{"type":"Polygon","coordinates":[[[87.58819,44.53251],[87.59879,44.50172],[87.59317,44.48028],[87.64989,44.44956],[87.66054,44.41606],[87.69036,44.41558],[87.68974,44.36943],[87.71343,44.35536],[87.70874,44.26178],[87.69082,44.24767],[87.68325,44.21805],[87.64963,44.19515],[87.63363,44.20425],[87.63723,44.22545],[87.59795,44.23535],[87.59499,44.24782],[87.5812,44.23822],[87.58149,44.20542],[87.56186,44.16832],[87.56054,44.13284],[87.57383,44.11668],[87.57375,44.10333],[87.56376,44.10986],[87.55831,44.09756],[87.52446,44.09241],[87.50559,44.02171],[87.51452,44.01553],[87.50689,44.0015],[87.4967,44.00568],[87.49407,43.9996],[87.48937,44.00652],[87.5075,44.08741],[87.49029,44.10375],[87.52635,44.14738],[87.50469,44.16207],[87.52008,44.23098],[87.50758,44.25412],[87.47221,44.28042],[87.49565,44.2947],[87.42064,44.35031],[87.42801,44.36785],[87.42474,44.40279],[87.44193,44.41704],[87.44477,44.44459],[87.43913,44.46607],[87.42098,44.48909],[87.42659,44.49825],[87.41653,44.50278],[87.40376,44.52747],[87.40684,44.54006],[87.36814,44.56328],[87.45287,44.56395],[87.45273,44.54944],[87.51007,44.54911],[87.49909,44.57453],[87.50302,44.59651],[87.55194,44.57887],[87.58136,44.5317],[87.58819,44.53251]]]}},{"type":"Feature","id":"CTAMAP-2017-COUNTY-2246","properties":{"map_level":"county","source_name":"新和县","source_code":"652925","county_type":"县","prefecture_name":"阿克苏地区","prefecture_code":"652900","prefecture_type":"地区","parent_entity_id":"CNUR-000333","parent_year_end_name":"阿克苏地区","province_name":"新疆维吾尔自治区","province_code":"650000","snapshot_year":2017,"panel_year":2016,"link_status":"parent_linked","former_name":"","note":""},"geometry":{"type":"Polygon","coordinates":[[[82.6062,41.72395],[82.61015,41.71262],[82.61919,41.7165],[82.62739,41.70679],[82.66178,41.72062],[82.6945,41.69304],[82.68101,41.6529],[82.68135,41.60287],[82.66647,41.57768],[82.70176,41.54932],[82.70535,41.5367],[82.6891,41.5123],[82.69667,41.50702],[82.68029,41.47569],[82.6368,41.50219],[82.63269,41.45886],[82.60573,41.45674],[82.59858,41.44222],[82.60074,41.4171],[82.58886,41.40749],[82.58282,41.38187],[82.57836,41.33909],[82.55225,41.3224],[82.51105,41.31684],[82.47781,41.28951],[82.4548,41.2553],[82.37737,41.25367],[82.28987,41.23182],[82.18318,41.16693],[82.05168,41.1215],[81.99637,41.0754],[81.94331,40.99742],[81.88133,40.94037],[81.85586,40.94545],[81.83492,40.96251],[81.79034,41.03523],[81.7843,41.06562],[81.58683,41.07217],[81.38609,41.04059],[81.27898,41.07545],[81.23157,41.08276],[81.17829,41.10591],[81.05715,41.03067],[81.07906,41.12205],[81.1139,41.16052],[81.14939,41.17581],[81.29265,41.20232],[81.4629,41.25228],[81.46676,41.40287],[81.47924,41.45371],[81.46587,41.49987],[81.49135,41.52235],[81.56554,41.52488],[81.71914,41.57242],[81.73459,41.56051],[81.7895,41.55659],[82.07617,41.63797],[82.14397,41.63413],[82.19295,41.65653],[82.19486,41.64459],[82.21183,41.64343],[82.2598,41.66304],[82.27433,41.66215],[82.2801,41.67321],[82.30478,41.67742],[82.31257,41.67111],[82.38018,41.6865],[82.40289,41.70165],[82.48973,41.73177],[82.51963,41.73514],[82.52498,41.7425],[82.60367,41.74649],[82.60835,41.73763],[82.62335,41.73653],[82.63108,41.72312],[82.6062,41.72395]]]}},{"type":"Feature","id":"CTAMAP-2017-COUNTY-2263","properties":{"map_level":"county","source_name":"新市区","source_code":"650104","county_type":"市辖区","prefecture_name":"乌鲁木齐市","prefecture_code":"650100","prefecture_type":"地级市","parent_entity_id":"CNUR-000326","parent_year_end_name":"乌鲁木齐市","province_name":"新疆维吾尔自治区","province_code":"650000","snapshot_year":2017,"panel_year":2016,"link_status":"parent_linked","former_name":"","note":"2001年新设立新市区"},"geometry":{"type":"Polygon","coordinates":[[[87.50143,44.06522],[87.48937,44.00652],[87.49407,43.9996],[87.4967,44.00568],[87.50689,44.0015],[87.51299,44.01134],[87.50559,44.02171],[87.51513,44.04955],[87.52556,44.05306],[87.53259,44.03983],[87.55291,44.04022],[87.56222,43.98357],[87.58255,43.97352],[87.61258,43.94201],[87.5958,43.86908],[87.59678,43.83517],[87.56972,43.83461],[87.56097,43.84633],[87.48865,43.85103],[87.48091,43.88068],[87.44773,43.89816],[87.44549,43.91614],[87.42339,43.93562],[87.45069,43.96112],[87.45427,43.99284],[87.40723,44.01223],[87.42475,44.03293],[87.41828,44.05543],[87.4527,44.06549],[87.45936,44.07747],[87.48136,44.0787],[87.50143,44.06522]]]}},{"type":"Feature","id":"CTAMAP-2017-COUNTY-2273","properties":{"map_level":"county","source_name":"新源县","source_code":"654025","county_type":"县","prefecture_name":"伊犁哈萨克自治州","prefecture_code":"654000","prefecture_type":"自治州","parent_entity_id":"CNUR-000337","parent_year_end_name":"伊犁哈萨克自治州","province_name":"新疆维吾尔自治区","province_code":"650000","snapshot_year":2017,"panel_year":2016,"link_status":"parent_linked","former_name":"","note":""},"geometry":{"type":"Polygon","coordinates":[[[84.62839,43.43865],[84.65832,43.41296],[84.69034,43.40019],[84.67385,43.37117],[84.6217,43.33717],[84.59577,43.34156],[84.58241,43.32879],[84.5505,43.33041],[84.52976,43.29141],[84.53687,43.26171],[84.55738,43.26779],[84.58336,43.26087],[84.57283,43.23903],[84.55925,43.23141],[84.60204,43.22647],[84.62115,43.2025],[84.64896,43.19197],[84.65138,43.17414],[84.62748,43.16586],[84.56297,43.16407],[84.53828,43.15154],[84.50174,43.16292],[84.42321,43.16145],[84.42409,43.12323],[84.41998,43.10314],[84.41261,43.10027],[84.3564,43.14072],[84.3643,43.14932],[84.35966,43.15809],[84.27717,43.1734],[84.10261,43.14387],[84.08714,43.15134],[84.05227,43.1506],[84.03586,43.14468],[84.03371,43.13044],[83.97882,43.14056],[83.97877,43.15376],[83.96297,43.15662],[83.93849,43.1525],[83.91145,43.12714],[83.88943,43.12107],[83.83367,43.13557],[83.80713,43.13116],[83.7937,43.13398],[83.79416,43.14433],[83.75395,43.14661],[83.73498,43.13424],[83.72514,43.13927],[83.70846,43.1325],[83.67424,43.093],[83.64929,43.09314],[83.63503,43.08051],[83.56457,43.09171],[83.56284,43.07446],[83.51937,43.07079],[83.50172,43.05753],[83.47695,43.06316],[83.4426,43.05576],[83.41389,43.09129],[83.39201,43.10495],[83.33689,43.10689],[83.28274,43.12713],[83.21391,43.12555],[83.15787,43.16582],[83.09971,43.18032],[83.07166,43.20305],[82.94918,43.21329],[82.92621,43.2286],[82.91713,43.24606],[82.89783,43.25359],[82.83345,43.25266],[82.69682,43.28702],[82.64967,43.28784],[82.59123,43.31382],[82.55204,43.32069],[82.48774,43.34663],[82.48618,43.40226],[82.4752,43.41002],[82.50072,43.44109],[82.49344,43.45011],[82.5019,43.46475],[82.48783,43.49203],[82.51733,43.55136],[82.50795,43.5849],[82.51715,43.59059],[82.54223,43.59029],[82.53979,43.57713],[82.571,43.57551],[82.56802,43.57005],[82.58002,43.56289],[82.59588,43.56008],[82.6046,43.56641],[82.61391,43.55221],[82.64021,43.54922],[82.64655,43.54066],[82.65971,43.54095],[82.65988,43.53113],[82.6701,43.53389],[82.66862,43.52851],[82.69057,43.52007],[82.70254,43.51864],[82.70206,43.52948],[82.72036,43.53333],[82.74009,43.52845],[82.74854,43.53573],[82.81906,43.54143],[82.84235,43.51982],[82.88312,43.51462],[82.88333,43.58177],[82.86799,43.60684],[82.87362,43.62313],[82.86958,43.67262],[82.84841,43.69361],[82.8725,43.69826],[82.91153,43.69397],[82.93207,43.65613],[82.94731,43.64784],[82.99953,43.66052],[83.01225,43.62759],[83.02874,43.62122],[83.06733,43.62641],[83.08496,43.65013],[83.10361,43.66583],[83.11282,43.66023],[83.11718,43.67469],[83.12721,43.67841],[83.15157,43.67314],[83.15067,43.66272],[83.16544,43.65359],[83.22214,43.63926],[83.27849,43.66272],[83.29474,43.6803],[83.37585,43.67675],[83.39428,43.68781],[83.42417,43.60982],[83.43614,43.62467],[83.46252,43.6361],[83.50352,43.63248],[83.52714,43.64073],[83.54387,43.62511],[83.58894,43.62375],[83.65391,43.60603],[83.66027,43.5917],[83.70823,43.59692],[83.72341,43.57449],[83.74476,43.56708],[83.78966,43.56944],[83.81476,43.54849],[83.81625,43.53886],[83.8298,43.53494],[83.87241,43.53663],[83.90865,43.52875],[83.93429,43.54058],[83.95225,43.52327],[84.01207,43.53522],[84.03089,43.51764],[84.07276,43.50726],[84.10538,43.51866],[84.14972,43.51573],[84.1811,43.48302],[84.37866,43.49336],[84.55322,43.4269],[84.62839,43.43865]]]}},{"type":"Feature","id":"CTAMAP-2017-COUNTY-2338","properties":{"map_level":"county","source_name":"焉耆回族自治县","source_code":"652826","county_type":"自治县","prefecture_name":"巴音郭楞蒙古自治州","prefecture_code":"652800","prefecture_type":"自治州","parent_entity_id":"CNUR-000332","parent_year_end_name":"巴音郭楞蒙古自治州","province_name":"新疆维吾尔自治区","province_code":"650000","snapshot_year":2017,"panel_year":2016,"link_status":"parent_linked","former_name":"","note":""},"geometry":{"type":"Polygon","coordinates":[[[86.65895,42.22655],[86.67323,42.22677],[86.69424,42.19279],[86.73308,42.16799],[86.70159,42.15491],[86.69935,42.14314],[86.68951,42.13971],[86.7007,42.12215],[86.68312,42.11705],[86.69684,42.10843],[86.69266,42.08825],[86.65964,42.07374],[86.65933,42.06007],[86.64269,42.04929],[86.60202,42.04392],[86.6053,42.01287],[86.58373,42.02955],[86.57357,42.02805],[86.58332,41.98003],[86.59615,41.96574],[86.57891,41.96157],[86.54584,41.92189],[86.50198,41.91686],[86.52468,41.87799],[86.52343,41.85194],[86.43427,41.83334],[86.41902,41.84024],[86.41048,41.85884],[86.38244,41.85602],[86.3752,41.83279],[86.35972,41.83002],[86.22444,41.90573],[86.10971,41.89913],[86.08879,41.92698],[86.02689,41.95273],[86.01551,41.96629],[86.01108,42.01082],[86.0,42.01654],[85.93843,42.02472],[85.86549,42.01301],[85.84975,42.00092],[85.83858,42.00272],[85.82593,42.02208],[85.78256,42.02442],[85.74992,42.03521],[85.74835,42.05019],[85.75956,42.06666],[85.73065,42.07598],[85.61123,42.1454],[85.45489,42.20672],[85.34282,42.23056],[85.3408,42.24169],[85.32908,42.24756],[85.26093,42.26862],[85.26175,42.28059],[85.27652,42.28574],[85.28738,42.30106],[85.25344,42.31379],[85.24458,42.32462],[85.24929,42.33178],[85.29247,42.33294],[85.30836,42.34279],[85.37391,42.33852],[85.38734,42.34535],[85.48299,42.32557],[85.51876,42.33251],[85.52948,42.319],[85.54551,42.31829],[85.55273,42.30507],[85.57364,42.30585],[85.59897,42.28743],[85.61073,42.28866],[85.64177,42.252],[85.66021,42.25644],[85.7536,42.23602],[85.83474,42.198],[85.9165,42.18316],[86.10403,42.16613],[86.14783,42.11196],[86.19993,42.12391],[86.20768,42.15759],[86.26406,42.13936],[86.28945,42.114],[86.34886,42.09561],[86.36119,42.11087],[86.36145,42.12603],[86.34539,42.13354],[86.35866,42.13046],[86.37133,42.14464],[86.37258,42.13182],[86.39422,42.13052],[86.39934,42.13674],[86.40327,42.12737],[86.41982,42.12455],[86.42195,42.13097],[86.44471,42.10951],[86.47523,42.11046],[86.49897,42.10028],[86.52483,42.10967],[86.54349,42.12478],[86.54383,42.13477],[86.55557,42.13644],[86.55351,42.14631],[86.59859,42.16142],[86.62431,42.21161],[86.64641,42.20894],[86.65895,42.22655]]]}},{"type":"Feature","id":"CTAMAP-2017-COUNTY-2390","properties":{"map_level":"county","source_name":"叶城县","source_code":"653126","county_type":"县","prefecture_name":"喀什地区","prefecture_code":"653100","prefecture_type":"地区","parent_entity_id":"CNUR-000335","parent_year_end_name":"喀什地区","province_name":"新疆维吾尔自治区","province_code":"650000","snapshot_year":2017,"panel_year":2016,"link_status":"parent_linked","former_name":"","note":""},"geometry":{"type":"Polygon","coordinates":[[[78.45311,38.37689],[78.03904,37.99973],[77.80401,37.72433],[77.73791,37.66693],[77.73926,37.63317],[77.69382,37.58669],[77.66449,37.58556],[77.65523,37.55186],[77.66839,37.53956],[77.66131,37.49411],[77.66922,37.47414],[77.66786,37.44821],[77.64021,37.37623],[77.64384,37.35145],[77.61563,37.33498],[77.61803,37.32268],[77.59783,37.3009],[77.60893,37.28196],[77.64173,37.26531],[77.64222,37.23584],[77.65971,37.19896],[77.64509,37.1813],[77.66159,37.16734],[77.66236,37.14202],[77.68069,37.12867],[77.68176,37.11329],[77.66384,37.093],[77.66709,37.0759],[77.65126,37.06885],[77.64487,37.04735],[77.659,37.01399],[77.65048,37.00956],[77.6404,36.97599],[77.61821,36.96086],[77.6091,36.93501],[77.51624,36.93138],[77.52068,36.89763],[77.5154,36.88865],[77.53079,36.86444],[77.50318,36.84253],[77.48664,36.79945],[77.49186,36.78679],[77.51481,36.77586],[77.53706,36.74944],[77.63745,36.69044],[77.64575,36.67023],[77.6218,36.6435],[77.57311,36.63388],[77.57481,36.62281],[77.58399,36.62194],[77.57873,36.61098],[77.53044,36.61103],[77.51267,36.59634],[77.50606,36.56901],[77.49019,36.55404],[77.4655,36.55955],[77.44643,36.54385],[77.41211,36.54864],[77.3996,36.51461],[77.42957,36.4895],[77.45231,36.48553],[77.48143,36.49515],[77.49094,36.48003],[77.5183,36.47831],[77.53934,36.46314],[77.55626,36.46837],[77.58326,36.44246],[77.57954,36.42732],[77.60066,36.41449],[77.62392,36.38514],[77.60657,36.36129],[77.62626,36.34464],[77.63669,36.34534],[77.65084,36.32629],[77.67549,36.32027],[77.71614,36.28687],[77.74472,36.2838],[77.77035,36.30186],[77.81145,36.29284],[77.88496,36.21398],[77.90841,36.1995],[77.90851,36.19242],[77.88821,36.18978],[77.87139,36.17591],[77.84448,36.1817],[77.78872,36.13624],[77.78647,36.11119],[77.74617,36.11482],[77.72801,36.09887],[77.73796,36.03911],[77.80064,36.02795],[77.84033,36.0103],[77.84892,35.99884],[77.8711,35.99557],[77.87951,35.97291],[77.89718,35.95521],[77.86164,35.91254],[77.89907,35.88489],[77.89823,35.85559],[77.88787,35.83367],[77.89712,35.81482],[77.88074,35.79933],[77.90525,35.78259],[77.90113,35.75716],[77.87284,35.73484],[77.87894,35.71385],[77.86488,35.70355],[77.87593,35.68866],[77.87439,35.67838],[77.85971,35.67533],[77.86554,35.64694],[77.84231,35.62594],[77.84241,35.61219],[77.81134,35.60383],[77.81396,35.59233],[77.79309,35.58341],[77.78798,35.56222],[77.76743,35.55534],[77.76966,35.5399],[77.74839,35.5218],[77.75639,35.49767],[77.73468,35.48146],[77.73081,35.46406],[77.69006,35.45043],[77.65056,35.47827],[77.64128,35.4766],[77.63366,35.45757],[77.6082,35.4659],[77.58369,35.46209],[77.58084,35.47803],[77.52587,35.48398],[77.4409,35.46282],[77.3855,35.47139],[77.37294,35.49575],[77.35105,35.49499],[77.33087,35.52849],[77.30136,35.54353],[77.26539,35.53896],[77.21133,35.51764],[77.18125,35.52259],[77.0933,35.56618],[77.06132,35.59569],[77.04811,35.59722],[77.04974,35.61408],[77.04242,35.62446],[77.04712,35.65447],[76.99205,35.70653],[76.99091,35.71818],[77.01088,35.74749],[77.057,35.75191],[77.0626,35.77336],[77.03289,35.80979],[77.05503,35.82731],[77.03205,35.84933],[77.04356,35.87135],[77.02644,35.8861],[77.01659,35.9638],[76.967,36.03601],[76.97984,36.05355],[76.95813,36.07473],[76.96663,36.11722],[76.98672,36.12167],[76.99441,36.14231],[77.01806,36.16862],[77.00929,36.17595],[77.01521,36.19236],[77.01024,36.21058],[76.98127,36.24413],[76.98371,36.30212],[76.97253,36.33225],[76.95785,36.344],[76.92264,36.342],[76.87338,36.3569],[76.78292,36.39631],[76.75877,36.44127],[76.70137,36.48407],[76.67958,36.51682],[76.6424,36.52356],[76.60361,36.54997],[76.57863,36.54608],[76.57639,36.55388],[76.59327,36.57004],[76.58965,36.58141],[76.56343,36.59517],[76.51126,36.64139],[76.50145,36.63968],[76.47696,36.66295],[76.46061,36.6595],[76.4278,36.67881],[76.4052,36.67863],[76.38671,36.69841],[76.3342,36.70495],[76.30869,36.74088],[76.31169,36.76076],[76.28195,36.76343],[76.25173,36.78153],[76.25224,36.79309],[76.22022,36.82741],[76.18536,36.8871],[76.18858,36.91018],[76.17737,36.93238],[76.17698,36.95346],[76.16613,36.96041],[76.18058,36.96778],[76.22794,37.05935],[76.22246,37.09269],[76.23299,37.10599],[76.23811,37.14713],[76.22548,37.22442],[76.17649,37.27098],[76.19338,37.37086],[76.21065,37.38941],[76.21839,37.38313],[76.24045,37.39111],[76.27976,37.38895],[76.33158,37.41202],[76.36152,37.41509],[76.35842,37.4467],[76.38269,37.46251],[76.37459,37.47106],[76.37482,37.49817],[76.41097,37.5195],[76.41674,37.53784],[76.4741,37.55533],[76.49225,37.54607],[76.51927,37.55392],[76.54502,37.54151],[76.57049,37.55032],[76.57572,37.56233],[76.60092,37.56519],[76.63515,37.59999],[76.68893,37.63214],[76.79087,37.65043],[76.79569,37.66282],[76.78472,37.67787],[76.78974,37.69566],[76.79966,37.70179],[76.80218,37.72547],[76.81834,37.75168],[76.81944,37.77864],[76.8345,37.7918],[76.84594,37.81796],[77.05996,37.99502],[77.18913,37.99269],[77.19881,37.98369],[77.23506,37.99948],[77.25047,37.99505],[77.27485,38.00438],[77.29671,38.02107],[77.29642,38.02913],[77.33546,38.05297],[77.33774,38.06414],[77.42044,38.10259],[77.42602,38.12666],[77.43612,38.13075],[77.42807,38.14647],[77.44006,38.177],[77.44652,38.178],[77.45198,38.20714],[77.46498,38.22071],[77.6819,38.23889],[77.73505,38.29211],[77.73144,38.30711],[77.77538,38.33363],[77.78144,38.38604],[78.45311,38.37689]]]}},{"type":"Feature","id":"CTAMAP-2017-COUNTY-2395","properties":{"map_level":"county","source_name":"伊宁市","source_code":"654002","county_type":"县级市","prefecture_name":"伊犁哈萨克自治州","prefecture_code":"654000","prefecture_type":"自治州","parent_entity_id":"CNUR-000337","parent_year_end_name":"伊犁哈萨克自治州","province_name":"新疆维吾尔自治区","province_code":"650000","snapshot_year":2017,"panel_year":2016,"link_status":"parent_linked","former_name":"","note":""},"geometry":{"type":"Polygon","coordinates":[[[81.43263,43.83452],[81.38217,43.86442],[81.31761,43.87472],[81.2673,43.90375],[81.25865,43.89732],[81.23421,43.90143],[81.15648,43.92728],[81.12054,43.9138],[81.07341,43.91299],[81.0909,43.96097],[81.07328,43.95892],[81.11125,43.99811],[81.1111,44.03402],[81.12332,44.04959],[81.14041,44.0508],[81.19242,44.07993],[81.20443,44.14298],[81.23347,44.17811],[81.23893,44.20496],[81.28667,44.23154],[81.32201,44.22537],[81.36534,44.23662],[81.36109,44.25279],[81.38072,44.27581],[81.39619,44.28072],[81.39441,44.30118],[81.40454,44.29743],[81.44379,44.23603],[81.41376,44.22235],[81.32516,44.20318],[81.30891,44.17781],[81.28568,44.08901],[81.24736,44.0322],[81.25953,44.01832],[81.28841,44.02342],[81.2944,44.04922],[81.30311,44.02944],[81.32355,44.02811],[81.37008,44.0421],[81.42396,44.02381],[81.45523,44.04082],[81.44381,44.02258],[81.45473,44.01327],[81.44824,43.98982],[81.42903,43.95977],[81.45601,43.95496],[81.43884,43.9492],[81.43283,43.93817],[81.40149,43.93457],[81.38132,43.92059],[81.3806,43.91056],[81.39301,43.90584],[81.38607,43.89311],[81.39766,43.8854],[81.40908,43.89803],[81.39955,43.9059],[81.40298,43.91042],[81.41837,43.91057],[81.41228,43.90229],[81.4148,43.88492],[81.41638,43.90503],[81.43425,43.91405],[81.44138,43.91329],[81.42397,43.88779],[81.44168,43.88353],[81.4493,43.89124],[81.46382,43.88584],[81.48156,43.89108],[81.49872,43.88553],[81.45771,43.86795],[81.43263,43.83452]]]}},{"type":"Feature","id":"CTAMAP-2017-COUNTY-2396","properties":{"map_level":"county","source_name":"伊宁县","source_code":"654021","county_type":"县","prefecture_name":"伊犁哈萨克自治州","prefecture_code":"654000","prefecture_type":"自治州","parent_entity_id":"CNUR-000337","parent_year_end_name":"伊犁哈萨克自治州","province_name":"新疆维吾尔自治区","province_code":"650000","snapshot_year":2017,"panel_year":2016,"link_status":"parent_linked","former_name":"","note":""},"geometry":{"type":"Polygon","coordinates":[[[81.73526,44.34993],[81.77416,44.35093],[81.82866,44.32699],[81.85566,44.32996],[81.8671,44.31907],[81.90393,44.31362],[81.91465,44.30386],[81.97318,44.29914],[82.02781,44.28318],[82.01555,44.21352],[82.067,44.18786],[82.07348,44.17269],[82.06346,44.15803],[82.07046,44.15218],[82.06052,44.12712],[82.07154,44.10073],[82.04022,44.07663],[82.02564,44.0088],[81.97228,43.97621],[81.97565,43.96945],[81.99821,43.96637],[82.00805,43.94919],[81.99902,43.921],[82.01293,43.92006],[82.01325,43.89196],[82.02934,43.88789],[82.00846,43.86966],[82.02503,43.85407],[82.02531,43.8391],[82.0377,43.84196],[82.06694,43.8303],[82.08848,43.834],[82.09582,43.84811],[82.09982,43.83992],[82.12426,43.84927],[82.1644,43.84851],[82.2176,43.82624],[82.21119,43.80765],[82.23202,43.78464],[82.24758,43.73288],[82.22964,43.67842],[82.22732,43.66282],[82.23418,43.65702],[82.21319,43.61661],[82.21179,43.59175],[82.10943,43.59626],[82.08885,43.58679],[82.06404,43.58858],[82.04374,43.60319],[81.96403,43.61105],[81.95041,43.60556],[81.93636,43.60841],[81.93595,43.6195],[81.83575,43.63525],[81.82904,43.62528],[81.78867,43.62548],[81.76511,43.60887],[81.73672,43.61807],[81.6981,43.64712],[81.64525,43.66507],[81.62862,43.69066],[81.60078,43.70134],[81.54733,43.76452],[81.53077,43.76267],[81.50403,43.78855],[81.49095,43.79028],[81.47831,43.80637],[81.43263,43.83452],[81.45771,43.86795],[81.49872,43.88553],[81.48156,43.89108],[81.46382,43.88584],[81.4493,43.89124],[81.44168,43.88353],[81.42397,43.88779],[81.44138,43.91329],[81.43425,43.91405],[81.41638,43.90503],[81.41531,43.88502],[81.41228,43.90229],[81.41837,43.91057],[81.40258,43.91001],[81.40908,43.89803],[81.39766,43.8854],[81.38607,43.89311],[81.39301,43.90584],[81.3806,43.91056],[81.38189,43.92129],[81.40149,43.93457],[81.43283,43.93817],[81.43884,43.9492],[81.45601,43.95496],[81.42903,43.95977],[81.44824,43.98982],[81.45473,44.01327],[81.44381,44.02258],[81.45523,44.04082],[81.42396,44.02381],[81.37008,44.0421],[81.32355,44.02811],[81.30311,44.02944],[81.2944,44.04922],[81.28841,44.02342],[81.25953,44.01832],[81.24736,44.0322],[81.28568,44.08901],[81.30891,44.17781],[81.32516,44.20318],[81.41376,44.22235],[81.44404,44.23652],[81.40454,44.29743],[81.37629,44.31495],[81.35506,44.31294],[81.3305,44.34555],[81.33783,44.3784],[81.36102,44.40198],[81.35232,44.41104],[81.36557,44.42271],[81.35434,44.43199],[81.36249,44.44754],[81.39824,44.43778],[81.45978,44.4518],[81.47936,44.43317],[81.50858,44.43527],[81.54597,44.42266],[81.55577,44.42795],[81.58278,44.41389],[81.61687,44.4312],[81.62439,44.41043],[81.65193,44.39874],[81.64804,44.38572],[81.70938,44.39123],[81.69997,44.3838],[81.70368,44.37291],[81.73231,44.36354],[81.73526,44.34993]]]}},{"type":"Feature","id":"CTAMAP-2017-COUNTY-2398","properties":{"map_level":"county","source_name":"伊吾县","source_code":"650522","county_type":"县","prefecture_name":"哈密市","prefecture_code":"650500","prefecture_type":"地级市","parent_entity_id":"CNUR-000329","parent_year_end_name":"哈密市","province_name":"新疆维吾尔自治区","province_code":"650000","snapshot_year":2017,"panel_year":2016,"link_status":"parent_linked","former_name":"","note":""},"geometry":{"type":"Polygon","coordinates":[[[96.11273,43.08325],[96.0935,43.04486],[96.02888,42.99237],[96.03502,42.96432],[96.02491,42.93692],[96.0507,42.893],[96.02787,42.87043],[95.97525,42.85897],[95.96511,42.8429],[95.76935,42.9054],[95.57615,42.90718],[95.50861,42.91555],[95.45929,42.93043],[95.3389,42.99545],[95.30888,42.99749],[95.29305,42.98123],[95.23955,42.97693],[95.21219,42.98859],[95.12552,42.99744],[95.07514,43.0281],[94.9647,43.01676],[94.95363,43.00537],[94.88185,43.00116],[94.86148,43.01473],[94.82875,42.99854],[94.74068,43.0055],[94.72955,43.00094],[94.72399,42.97727],[94.67334,42.98959],[94.6555,42.97707],[94.64197,42.9757],[94.6322,42.9847],[94.59495,42.98095],[94.55494,42.99243],[94.51087,43.03118],[94.49584,43.01606],[94.47749,43.01552],[94.43857,43.05313],[94.40275,43.05513],[94.37831,43.04471],[94.36994,43.06366],[94.31349,43.0903],[94.31286,43.10575],[94.33082,43.13684],[94.32129,43.15037],[94.28492,43.1789],[94.26625,43.18353],[94.21936,43.22673],[94.12884,43.28302],[94.09966,43.27948],[94.08951,43.29942],[94.02497,43.3413],[94.00816,43.34188],[93.96531,43.31769],[93.94734,43.32966],[93.93629,43.32732],[93.8506,43.35841],[93.77276,43.36804],[93.72614,43.36527],[93.6697,43.39227],[93.65941,43.40402],[93.70261,43.44084],[93.65107,43.45789],[93.65099,43.4969],[93.6437,43.49918],[93.63306,43.58376],[93.6532,43.59615],[93.67927,43.59474],[93.68309,43.60701],[93.7099,43.62383],[93.702,43.63343],[93.76446,43.66925],[93.77324,43.68009],[93.76262,43.70379],[93.76747,43.71988],[93.80321,43.72672],[93.83602,43.72099],[93.86702,43.73038],[93.93813,43.81138],[94.0537,43.87245],[94.11056,43.92856],[94.17318,43.96484],[94.18129,43.9769],[94.22573,43.99407],[94.22261,44.02078],[94.31014,44.14068],[94.44552,44.22135],[94.81207,44.32662],[94.92531,44.29931],[94.99753,44.25087],[95.40981,44.29392],[95.42839,44.28196],[95.40394,44.24259],[95.37158,44.22528],[95.35249,44.1666],[95.34839,44.08712],[95.32315,44.02591],[95.37468,44.02487],[95.42651,44.00573],[95.5228,44.00506],[95.62201,43.85186],[95.64741,43.7765],[95.73387,43.59478],[95.85565,43.41443],[95.87589,43.27894],[95.93458,43.21638],[96.11273,43.08325]]]}},{"type":"Feature","id":"CTAMAP-2017-COUNTY-2441","properties":{"map_level":"county","source_name":"英吉沙县","source_code":"653123","county_type":"县","prefecture_name":"喀什地区","prefecture_code":"653100","prefecture_type":"地区","parent_entity_id":"CNUR-000335","parent_year_end_name":"喀什地区","province_name":"新疆维吾尔自治区","province_code":"650000","snapshot_year":2017,"panel_year":2016,"link_status":"parent_linked","former_name":"","note":""},"geometry":{"type":"Polygon","coordinates":[[[76.87679,38.85724],[76.75177,38.68481],[76.76233,38.65546],[76.7359,38.63884],[76.70842,38.6334],[76.68966,38.61072],[76.68329,38.59558],[76.69169,38.56027],[76.63833,38.53038],[76.59342,38.42685],[76.5493,38.45706],[76.45323,38.49927],[76.38618,38.4845],[76.34178,38.49849],[76.35051,38.52083],[76.39991,38.53686],[76.4063,38.60471],[76.34566,38.60288],[76.32598,38.62443],[76.29752,38.62255],[76.28523,38.63008],[76.24195,38.61344],[76.1714,38.61307],[76.15146,38.60472],[76.14725,38.62077],[76.16005,38.64621],[76.14741,38.65555],[76.12533,38.65652],[76.10715,38.68545],[76.06855,38.70409],[76.06484,38.71538],[76.04747,38.72484],[76.05304,38.73615],[76.03309,38.73081],[76.02744,38.7421],[76.03478,38.75458],[76.00824,38.75462],[76.01554,38.76729],[75.9736,38.75994],[75.98058,38.77406],[75.97487,38.79283],[75.96913,38.80082],[75.95465,38.79085],[75.95099,38.80173],[75.93644,38.80473],[75.93477,38.82951],[75.91335,38.87023],[75.82037,38.9235],[75.75257,38.94768],[75.82284,38.98719],[75.85625,38.99647],[75.8874,39.02227],[75.92542,39.03971],[75.93532,39.00711],[75.98195,39.00535],[76.07121,39.00946],[76.1424,39.0404],[76.21965,39.04112],[76.28875,39.02782],[76.31583,39.04168],[76.35275,39.04445],[76.37488,39.02139],[76.4856,39.00799],[76.49126,38.99035],[76.51589,38.97245],[76.87679,38.85724]]]}},{"type":"Feature","id":"CTAMAP-2017-COUNTY-2490","properties":{"map_level":"county","source_name":"于田县","source_code":"653226","county_type":"县","prefecture_name":"和田地区","prefecture_code":"653200","prefecture_type":"地区","parent_entity_id":"CNUR-000336","parent_year_end_name":"和田地区","province_name":"新疆维吾尔自治区","province_code":"650000","snapshot_year":2017,"panel_year":2016,"link_status":"parent_linked","former_name":"","note":""},"geometry":{"type":"Polygon","coordinates":[[[82.51355,39.48384],[82.50021,38.00644],[82.43245,37.33173],[82.37971,37.01625],[82.46374,36.91529],[82.49031,36.8515],[82.63447,36.6821],[82.65197,36.58081],[82.61908,36.56313],[82.6032,36.54329],[82.56002,36.5136],[82.54468,36.46393],[82.5675,36.44974],[82.5754,36.43427],[82.55977,36.4124],[82.53624,36.39983],[82.51525,36.36272],[82.52117,36.35323],[82.51725,36.33591],[82.50099,36.32756],[82.50473,36.3112],[82.4709,36.28538],[82.46403,36.26926],[82.47626,36.2345],[82.49052,36.23957],[82.56377,36.22275],[82.58885,36.23483],[82.61278,36.23216],[82.60895,36.17487],[82.64344,36.11125],[82.64285,36.09176],[82.66635,36.04265],[82.68472,36.03431],[82.67028,36.0],[82.67723,35.95067],[82.67143,35.8791],[82.65343,35.86228],[82.64842,35.84544],[82.7161,35.82857],[82.7123,35.78733],[82.75075,35.78612],[82.78218,35.77069],[82.78657,35.74381],[82.76625,35.70726],[82.7931,35.68989],[82.76999,35.6586],[82.7316,35.63811],[82.69107,35.66576],[82.65478,35.66946],[82.64664,35.68578],[82.60683,35.69848],[82.58586,35.69497],[82.54418,35.70871],[82.50869,35.69809],[82.46246,35.71538],[82.41278,35.70969],[82.3986,35.68557],[82.39792,35.65748],[82.33383,35.65426],[82.33396,35.63998],[82.35061,35.61303],[82.32886,35.59128],[82.32842,35.57801],[82.33595,35.57276],[82.31064,35.54298],[82.284,35.5404],[82.26849,35.55229],[82.24197,35.52263],[82.18766,35.51519],[82.17791,35.48727],[82.15812,35.49937],[82.13936,35.4827],[82.08653,35.4653],[82.07708,35.45168],[82.03116,35.45475],[82.02527,35.42936],[82.04979,35.34927],[82.04115,35.33196],[82.01057,35.31134],[81.95705,35.31051],[81.94076,35.29771],[81.92865,35.273],[81.89688,35.27405],[81.85909,35.2612],[81.79721,35.27629],[81.72457,35.26156],[81.68044,35.23553],[81.53938,35.24189],[81.51273,35.23527],[81.49715,35.25279],[81.50223,35.27977],[81.49132,35.29591],[81.52285,35.31554],[81.52132,35.33515],[81.53849,35.353],[81.53721,35.36785],[81.55741,35.38632],[81.56952,35.43655],[81.59163,35.45704],[81.57856,35.48623],[81.58973,35.51745],[81.5817,35.52928],[81.58173,35.58586],[81.55561,35.63167],[81.45074,35.65385],[81.43645,35.67814],[81.40225,35.69276],[81.40121,35.7178],[81.41397,35.72601],[81.4089,35.76074],[81.38165,35.78213],[81.36825,35.83072],[81.39149,35.86102],[81.41924,35.87731],[81.44979,35.92767],[81.48463,35.93766],[81.47219,35.94858],[81.47985,35.96898],[81.47569,35.99264],[81.49479,36.01292],[81.48091,36.02845],[81.48077,36.04148],[81.46669,36.04394],[81.45356,36.06107],[81.47009,36.11401],[81.45283,36.13643],[81.42825,36.15111],[81.42756,36.18162],[81.43938,36.22741],[81.42478,36.27213],[81.38823,36.33182],[81.28415,36.66614],[81.1241,36.90515],[81.1198,36.97831],[81.33983,37.49984],[81.39004,37.67538],[81.66577,38.33409],[82.00043,38.91228],[82.17668,39.48405],[82.51355,39.48384]]]}},{"type":"Feature","id":"CTAMAP-2017-COUNTY-2528","properties":{"map_level":"county","source_name":"裕民县","source_code":"654225","county_type":"县","prefecture_name":"塔城地区","prefecture_code":"654200","prefecture_type":"地区","parent_entity_id":"CNUR-000339","parent_year_end_name":"塔城地区","province_name":"新疆维吾尔自治区","province_code":"650000","snapshot_year":2017,"panel_year":2016,"link_status":"parent_linked","former_name":"","note":""},"geometry":{"type":"Polygon","coordinates":[[[83.38163,46.41701],[83.42327,46.4108],[83.45605,46.38736],[83.45005,46.34029],[83.32538,46.23479],[83.33211,46.22339],[83.32023,46.22014],[83.30351,46.19274],[83.26594,46.16064],[83.27787,46.13512],[83.25801,46.10466],[83.26064,46.02092],[83.21833,45.9635],[83.1883,45.94802],[83.16344,45.94738],[83.16023,45.922],[83.1345,45.92291],[83.14909,45.8915],[83.12713,45.88105],[83.11702,45.84484],[83.10508,45.83897],[83.10695,45.82589],[83.07855,45.81178],[83.05285,45.83889],[83.01628,45.83114],[83.02706,45.87246],[82.9504,45.8839],[82.92317,45.87045],[82.93633,45.81001],[82.86211,45.77882],[82.86,45.75582],[82.89393,45.74799],[82.9089,45.73882],[82.90916,45.72878],[82.93218,45.7216],[82.93688,45.70389],[82.93143,45.69427],[82.95752,45.66493],[82.9467,45.64966],[82.92509,45.64274],[82.8932,45.60541],[82.88936,45.5911],[82.90563,45.57131],[82.87836,45.55411],[82.89318,45.5393],[82.8679,45.51996],[82.86606,45.50821],[82.83388,45.49132],[82.80412,45.49573],[82.73358,45.46966],[82.63865,45.46454],[82.59623,45.4442],[82.56092,45.39711],[82.54467,45.42478],[82.44284,45.46089],[82.27784,45.53872],[82.26275,45.61825],[82.28228,45.64439],[82.291,45.7266],[82.33169,45.76743],[82.33797,45.78342],[82.34454,45.83867],[82.33098,45.87536],[82.3404,45.90363],[82.33868,45.93618],[82.39346,45.97168],[82.43142,45.96831],[82.45568,45.97723],[82.51785,46.16035],[82.72492,46.49293],[82.78937,46.47268],[82.84509,46.47958],[83.00114,46.47104],[83.04381,46.48211],[83.07705,46.47907],[83.08337,46.4711],[83.09506,46.47946],[83.1296,46.47543],[83.16216,46.50726],[83.19841,46.466],[83.29685,46.41203],[83.3452,46.39982],[83.38163,46.41701]]]}},{"type":"Feature","id":"CTAMAP-2017-COUNTY-2547","properties":{"map_level":"county","source_name":"岳普湖县","source_code":"653128","county_type":"县","prefecture_name":"喀什地区","prefecture_code":"653100","prefecture_type":"地区","parent_entity_id":"CNUR-000335","parent_year_end_name":"喀什地区","province_name":"新疆维吾尔自治区","province_code":"650000","snapshot_year":2017,"panel_year":2016,"link_status":"parent_linked","former_name":"","note":""},"geometry":{"type":"Polygon","coordinates":[[[77.34994,39.30997],[77.40665,39.15445],[77.39214,39.09749],[77.41118,39.09729],[77.40028,39.05605],[77.34444,38.98944],[77.32143,38.98989],[77.14938,38.80495],[76.85949,38.82783],[76.87679,38.85724],[76.89071,38.98217],[76.80457,39.00533],[76.72821,39.05408],[76.66796,39.0692],[76.61969,39.06824],[76.58389,39.08612],[76.54176,39.08544],[76.50187,39.11959],[76.46634,39.12108],[76.45275,39.1327],[76.43138,39.1302],[76.40589,39.16132],[76.42551,39.17428],[76.41755,39.19576],[76.43072,39.21402],[76.46379,39.23082],[76.46531,39.24223],[76.48193,39.24972],[76.51091,39.28703],[76.52009,39.32042],[76.61323,39.30536],[76.66875,39.30795],[76.69024,39.29015],[76.7177,39.28138],[76.80378,39.27439],[76.83506,39.28365],[76.85528,39.30671],[77.0427,39.32006],[77.0836,39.31638],[77.11486,39.30066],[77.16936,39.30328],[77.23111,39.29043],[77.29558,39.31099],[77.34994,39.30997]]]}},{"type":"Feature","id":"CTAMAP-2017-COUNTY-2578","properties":{"map_level":"county","source_name":"泽普县","source_code":"653124","county_type":"县","prefecture_name":"喀什地区","prefecture_code":"653100","prefecture_type":"地区","parent_entity_id":"CNUR-000335","parent_year_end_name":"喀什地区","province_name":"新疆维吾尔自治区","province_code":"650000","snapshot_year":2017,"panel_year":2016,"link_status":"parent_linked","former_name":"","note":""},"geometry":{"type":"Polygon","coordinates":[[[77.47375,38.23467],[77.45198,38.20714],[77.44652,38.178],[77.44006,38.177],[77.42807,38.14647],[77.43612,38.13075],[77.42602,38.12666],[77.42044,38.10259],[77.33774,38.06414],[77.33546,38.05297],[77.25681,37.99613],[77.23506,37.99948],[77.19881,37.98369],[77.18913,37.99269],[77.05996,37.99502],[76.96131,37.91917],[76.88369,37.98774],[76.92997,38.03303],[77.00214,38.07349],[77.02907,38.11541],[77.0482,38.12993],[77.12899,38.1736],[77.22992,38.24342],[77.28918,38.26093],[77.33848,38.30423],[77.38521,38.31242],[77.39135,38.31649],[77.38526,38.32736],[77.41009,38.33108],[77.4339,38.31003],[77.44142,38.2922],[77.47556,38.28109],[77.45566,38.24863],[77.4629,38.23104],[77.47375,38.23467]]]}},{"type":"Feature","id":"CTAMAP-2017-COUNTY-2629","properties":{"map_level":"county","source_name":"昭苏县","source_code":"654026","county_type":"县","prefecture_name":"伊犁哈萨克自治州","prefecture_code":"654000","prefecture_type":"自治州","parent_entity_id":"CNUR-000337","parent_year_end_name":"伊犁哈萨克自治州","province_name":"新疆维吾尔自治区","province_code":"650000","snapshot_year":2017,"panel_year":2016,"link_status":"parent_linked","former_name":"","note":""},"geometry":{"type":"Polygon","coordinates":[[[81.32125,43.39465],[81.31525,43.38136],[81.3392,43.312],[81.39392,43.29325],[81.42146,43.29301],[81.45808,43.27545],[81.46686,43.23774],[81.55159,43.16196],[81.59929,43.16174],[81.60378,43.13199],[81.63953,43.12391],[81.64043,43.09388],[81.63259,43.08079],[81.60708,43.06276],[81.56406,43.04751],[81.47383,42.98451],[81.44191,42.97122],[81.4213,42.94437],[81.4283,42.89206],[81.41978,42.83919],[81.42932,42.81699],[81.42875,42.76645],[81.43569,42.75582],[81.38786,42.70561],[81.40766,42.67945],[81.39622,42.64771],[81.41052,42.63687],[81.46313,42.62934],[81.45899,42.62413],[81.46933,42.62085],[81.53483,42.64255],[81.55891,42.63132],[81.5954,42.64477],[81.62233,42.6299],[81.64884,42.64148],[81.67083,42.63194],[81.68651,42.64037],[81.70935,42.631],[81.76139,42.63961],[81.81964,42.63653],[81.81897,42.62543],[81.83395,42.60294],[81.85816,42.58673],[81.86135,42.57026],[81.82927,42.56063],[81.82399,42.54767],[81.7984,42.53068],[81.76938,42.52521],[81.76483,42.49789],[81.75294,42.48846],[81.78063,42.47129],[81.78438,42.45474],[81.80585,42.43429],[81.76305,42.37388],[81.73128,42.3584],[81.71636,42.37016],[81.67091,42.36856],[81.65793,42.39323],[81.63358,42.38427],[81.62833,42.37481],[81.58562,42.37627],[81.50717,42.35417],[81.47775,42.35883],[81.46362,42.37121],[81.45935,42.36105],[81.38412,42.35496],[81.36019,42.33227],[81.32965,42.34499],[81.27617,42.33808],[81.21197,42.34699],[81.14962,42.32232],[81.15072,42.28866],[81.16448,42.28469],[81.16492,42.27503],[81.15563,42.26169],[81.13692,42.25888],[81.12766,42.27825],[81.09834,42.2892],[81.04459,42.28386],[81.03496,42.29945],[81.04171,42.30955],[81.02251,42.34156],[80.98355,42.36266],[80.91286,42.35336],[80.84885,42.35649],[80.80154,42.33864],[80.74416,42.36206],[80.73742,42.35563],[80.7073,42.36235],[80.67831,42.35654],[80.64623,42.36419],[80.62708,42.35239],[80.57102,42.3659],[80.52423,42.35837],[80.51425,42.34475],[80.47899,42.3375],[80.46791,42.31988],[80.4341,42.31773],[80.42979,42.30361],[80.36986,42.32533],[80.35504,42.3168],[80.3317,42.3216],[80.31877,42.31316],[80.27852,42.3176],[80.23365,42.34867],[80.23195,42.39241],[80.20548,42.42572],[80.21081,42.46678],[80.2188,42.47915],[80.27777,42.50915],[80.25161,42.51208],[80.2212,42.53274],[80.1641,42.61236],[80.16268,42.62549],[80.17575,42.67184],[80.22762,42.69401],[80.21591,42.71328],[80.2601,42.7802],[80.25804,42.82336],[80.2749,42.83542],[80.29117,42.83035],[80.32251,42.83706],[80.333,42.82514],[80.37141,42.82814],[80.38497,42.83892],[80.39903,42.83092],[80.43501,42.85576],[80.50224,42.87714],[80.54913,42.87896],[80.55247,42.88691],[80.56954,42.88507],[80.57139,42.89078],[80.58959,42.88798],[80.59714,42.89536],[80.57198,42.92433],[80.47665,42.94524],[80.39946,42.99078],[80.3748,43.02062],[80.38141,43.03365],[80.41018,43.05496],[80.48028,43.0701],[80.55195,43.10122],[80.59135,43.13206],[80.63104,43.14291],[80.69657,43.1422],[80.72213,43.12892],[80.74515,43.14609],[80.79066,43.1382],[80.79866,43.17389],[80.78394,43.2078],[80.78305,43.23962],[80.76594,43.2649],[80.77495,43.29666],[80.80842,43.30775],[80.84387,43.28679],[80.86384,43.29493],[80.92408,43.29329],[80.94868,43.30364],[80.98923,43.29869],[81.02017,43.3114],[81.01838,43.32868],[81.03142,43.33646],[81.04104,43.37665],[81.05156,43.38101],[81.11705,43.38422],[81.14381,43.37279],[81.18733,43.37664],[81.20505,43.36606],[81.22744,43.36891],[81.24352,43.38152],[81.2843,43.37534],[81.32125,43.39465]]]}},{"type":"Feature","id":"CTAMAP-2017-COUNTY-2784","properties":{"map_level":"county","source_name":"昆玉市","source_code":"659009","county_type":"县级市","prefecture_name":"不统计","prefecture_code":"0","prefecture_type":"不统计","parent_entity_id":"","parent_year_end_name":"","province_name":"新疆维吾尔自治区","province_code":"650000","snapshot_year":2017,"panel_year":2016,"link_status":"province_direct_or_out_of_scope","former_name":"","note":"2016年新设县级昆玉市,属省直管,是县级单位"},"geometry":{"type":"MultiPolygon","coordinates":[[[[78.54282,37.79123],[78.54118,37.57448],[78.52912,37.57343],[78.52826,37.58913],[78.52197,37.58905],[78.52008,37.55327],[78.51275,37.56617],[78.48674,37.56865],[78.48896,37.6168],[78.47854,37.61517],[78.43953,37.64196],[78.41192,37.62105],[78.32672,37.6055],[78.33929,37.62246],[78.33965,37.64068],[78.35759,37.65381],[78.34799,37.66361],[78.34799,37.73098],[78.54282,37.79123]]],[[[79.24773,37.41495],[79.37477,37.41629],[79.3686,37.38528],[79.3422,37.38173],[79.33544,37.37254],[79.35205,37.35485],[79.36336,37.35422],[79.3721,37.17408],[79.25243,37.21436],[79.24895,37.19712],[79.19519,37.20637],[79.20915,37.2314],[79.25127,37.22442],[79.24773,37.41495]]],[[[79.65948,37.5543],[79.69708,37.56123],[79.68483,37.44797],[79.6277,37.41823],[79.63197,37.43714],[79.64458,37.44669],[79.6307,37.47443],[79.63735,37.52619],[79.65948,37.5543]]],[[[79.59991,37.39296],[79.62378,37.38946],[79.60566,37.36551],[79.5988,37.37131],[79.60115,37.35843],[79.57844,37.34019],[79.57951,37.35324],[79.56791,37.36795],[79.57038,37.38269],[79.57791,37.37657],[79.58835,37.38196],[79.58414,37.3927],[79.59786,37.38491],[79.59991,37.39296]]],[[[81.05297,36.32973],[81.04332,36.27458],[81.04971,36.26197],[81.04496,36.25125],[81.03432,36.25267],[81.0291,36.25991],[81.03539,36.31193],[81.02291,36.31673],[81.03607,36.33412],[81.05297,36.32973]]],[[[79.67719,37.37102],[79.70116,37.37597],[79.69351,37.35687],[79.67719,37.37102]]],[[[79.77382,37.28477],[79.76651,37.28063],[79.76277,37.28139],[79.7688,37.29062],[79.77382,37.28477]]],[[[80.81644,36.29889],[80.81183,36.30223],[80.81753,36.30419],[80.81644,36.29889]]],[[[79.70571,37.38138],[79.70428,37.37584],[79.70146,37.37633],[79.70571,37.38138]]],[[[79.58,37.33333],[79.58478,37.33248],[79.58074,37.3296],[79.58,37.33333]]],[[[79.5857,37.32525],[79.58645,37.32233],[79.58429,37.32467],[79.5857,37.32525]]],[[[80.81319,36.29486],[80.81402,36.29236],[80.81263,36.29319],[80.81319,36.29486]]],[[[81.00643,36.26037],[81.00476,36.26109],[81.00682,36.26131],[81.00643,36.26037]]],[[[81.02916,36.28021],[81.0278,36.27958],[81.0284,36.28073],[81.02916,36.28021]]]]}},{"type":"Feature","id":"CTAMAP-2017-COUNTY-2816","properties":{"map_level":"county","source_name":"伊州区","source_code":"650502","county_type":"市辖区","prefecture_name":"哈密市","prefecture_code":"650500","prefecture_type":"地级市","parent_entity_id":"CNUR-000329","parent_year_end_name":"哈密市","province_name":"新疆维吾尔自治区","province_code":"650000","snapshot_year":2017,"panel_year":2016,"link_status":"parent_linked","former_name":"哈密市","note":"2016年撤销哈密市，设立伊州区"},"geometry":{"type":"Polygon","coordinates":[[[91.55357,43.64166],[91.57242,43.62071],[91.56532,43.60073],[91.61892,43.63164],[91.68226,43.6211],[91.76209,43.59726],[91.79347,43.57267],[91.84445,43.55719],[91.87821,43.52241],[91.91368,43.50654],[92.02017,43.46999],[92.09803,43.45545],[92.16217,43.45405],[92.16965,43.45851],[92.16285,43.46941],[92.17702,43.47152],[92.21681,43.46388],[92.27976,43.47066],[92.33737,43.46255],[92.36879,43.47285],[92.38987,43.46815],[92.41003,43.48771],[92.49725,43.46772],[92.49587,43.48301],[92.58111,43.48867],[92.61037,43.50531],[92.64221,43.50225],[92.67485,43.51456],[92.71321,43.49674],[92.78113,43.4919],[92.78897,43.48478],[92.80679,43.48655],[92.82522,43.50283],[92.87001,43.49434],[92.94123,43.51128],[92.94943,43.49561],[93.05938,43.46441],[93.07162,43.47401],[93.15935,43.45848],[93.18062,43.46974],[93.26578,43.45124],[93.27844,43.43067],[93.30941,43.42272],[93.31321,43.40907],[93.33009,43.41134],[93.34291,43.4228],[93.3575,43.40188],[93.3738,43.39571],[93.37288,43.38436],[93.38571,43.37171],[93.4205,43.37481],[93.43551,43.35241],[93.46336,43.35501],[93.49523,43.332],[93.50214,43.34308],[93.53668,43.34453],[93.54183,43.35899],[93.57232,43.37424],[93.6561,43.34466],[93.69393,43.38214],[93.73764,43.36291],[93.77276,43.36804],[93.8506,43.35841],[93.93629,43.32732],[93.94734,43.32966],[93.96531,43.31769],[94.01732,43.34381],[94.08951,43.29942],[94.09966,43.27948],[94.12884,43.28302],[94.21936,43.22673],[94.26625,43.18353],[94.28492,43.1789],[94.32129,43.15037],[94.33082,43.13684],[94.31286,43.10575],[94.31349,43.0903],[94.36994,43.06366],[94.37831,43.04471],[94.40275,43.05513],[94.43857,43.05313],[94.47749,43.01552],[94.49584,43.01606],[94.51087,43.03118],[94.55494,42.99243],[94.59495,42.98095],[94.6322,42.9847],[94.64197,42.9757],[94.6555,42.97707],[94.67334,42.98959],[94.72399,42.97727],[94.72955,43.00094],[94.74068,43.0055],[94.82875,42.99854],[94.86148,43.01473],[94.88185,43.00116],[94.95363,43.00537],[94.9647,43.01676],[95.07514,43.0281],[95.12552,42.99744],[95.21219,42.98859],[95.23955,42.97693],[95.29305,42.98123],[95.30888,42.99749],[95.3389,42.99545],[95.45929,42.93043],[95.50861,42.91555],[95.57615,42.90718],[95.76935,42.9054],[95.96511,42.8429],[95.97525,42.85897],[96.02787,42.87043],[96.0507,42.893],[96.02491,42.93692],[96.03502,42.96432],[96.02888,42.99237],[96.0935,43.04486],[96.11273,43.08325],[96.3607,42.89762],[96.38478,42.72535],[96.21464,42.64342],[96.16714,42.63006],[96.1571,42.61819],[96.10218,42.60207],[96.07215,42.56781],[96.023,42.54072],[96.0166,42.48047],[95.97788,42.43524],[96.06506,42.41279],[96.04103,42.35119],[96.04006,42.32485],[96.17757,42.21631],[96.07614,42.1479],[96.13794,42.05243],[96.13651,42.01785],[96.11437,41.98242],[96.05432,41.93407],[96.0,41.90482],[95.88311,41.86571],[95.85061,41.84688],[95.80679,41.84762],[95.76233,41.83461],[95.67153,41.82729],[95.57007,41.79378],[95.36012,41.66829],[95.33294,41.64117],[95.30686,41.57232],[95.29631,41.565],[95.24911,41.60666],[95.22139,41.6593],[95.19298,41.69224],[95.19723,41.71923],[95.17045,41.73107],[95.13563,41.77137],[95.00994,41.72473],[94.96765,41.71727],[94.86106,41.66716],[94.80865,41.61779],[94.74887,41.53678],[94.53304,41.50454],[94.18266,41.2671],[94.00932,41.11352],[93.90697,40.98242],[93.80611,40.876],[93.78814,40.88171],[93.73745,40.87149],[93.69516,40.87445],[93.55546,40.95649],[93.47337,40.97188],[93.42816,40.97074],[93.41862,40.98337],[93.39724,40.98853],[93.1961,40.99042],[93.10165,41.03924],[93.06567,41.04502],[92.99795,41.07724],[92.86199,41.11186],[92.74147,41.12402],[92.64881,41.11356],[92.53635,41.11914],[92.51039,41.1399],[92.41389,41.15435],[92.29522,41.19082],[92.22706,41.20283],[92.09396,41.25934],[92.03242,41.2716],[91.97874,41.26462],[91.90919,41.27027],[91.91627,41.31309],[91.90464,41.35305],[91.90763,41.3936],[91.88615,41.40269],[91.87518,41.43653],[91.83616,41.4704],[91.82373,41.49567],[91.78418,41.50753],[91.78306,41.55765],[91.82018,41.57295],[91.81586,41.58386],[91.8298,41.62002],[91.82639,41.67755],[91.85438,41.73448],[91.84359,41.77309],[91.79738,41.86693],[91.79851,41.88309],[91.77613,41.91376],[91.77689,41.93062],[91.76176,41.945],[91.70925,42.05199],[91.69315,42.06344],[91.63138,42.07391],[91.64446,42.10466],[91.63603,42.1392],[91.50407,42.19996],[91.46245,42.24447],[91.47115,42.29384],[91.44631,42.43671],[91.44665,42.48801],[91.43095,42.52127],[91.42654,42.59107],[91.40413,42.6454],[91.40545,42.66958],[91.42752,42.72841],[91.41773,42.77592],[91.40709,42.78806],[91.41427,42.83379],[91.38346,42.96846],[91.3457,43.09996],[91.3109,43.13415],[91.25003,43.30211],[91.25764,43.33275],[91.23519,43.33364],[91.20673,43.35528],[91.21043,43.37159],[91.22399,43.3806],[91.20696,43.39436],[91.19759,43.41342],[91.20267,43.42177],[91.17422,43.43114],[91.15155,43.46792],[91.17606,43.48284],[91.16311,43.50339],[91.17012,43.52236],[91.21427,43.52678],[91.2239,43.53856],[91.24235,43.53778],[91.25156,43.54533],[91.29319,43.54428],[91.29812,43.57262],[91.32111,43.5858],[91.40981,43.58584],[91.4731,43.60362],[91.46975,43.61574],[91.49319,43.62773],[91.55357,43.64166]]]}},{"type":"Feature","id":"CTAMAP-2017-COUNTY-2846","properties":{"map_level":"county","source_name":"奎屯市","source_code":"654003","county_type":"县级市","prefecture_name":"伊犁哈萨克自治州","prefecture_code":"654000","prefecture_type":"自治州","parent_entity_id":"CNUR-000337","parent_year_end_name":"伊犁哈萨克自治州","province_name":"新疆维吾尔自治区","province_code":"650000","snapshot_year":2017,"panel_year":2016,"link_status":"parent_linked","former_name":"","note":""},"geometry":{"type":"Polygon","coordinates":[[[84.84703,44.82569],[84.89589,44.80215],[84.95146,44.79916],[84.97774,44.76878],[85.0448,44.73814],[85.05014,44.69709],[85.02249,44.68809],[85.01586,44.61789],[85.20206,44.63518],[85.23609,44.59722],[85.2399,44.58823],[85.22599,44.53443],[85.2409,44.49729],[85.25319,44.48988],[85.2524,44.47583],[85.20994,44.47817],[85.17739,44.32422],[84.97412,44.3833],[84.78272,44.38973],[84.78406,44.43621],[84.80511,44.45647],[84.83704,44.46761],[84.86062,44.49622],[84.84942,44.51723],[84.85077,44.56478],[84.87212,44.62286],[84.86565,44.64013],[84.84262,44.65338],[84.86765,44.65438],[84.78905,44.80707],[84.84703,44.82569]]]}}]}