{"type":"FeatureCollection","features":[{"type":"Feature","id":"CTAMAP-2006-COUNTY-0017","properties":{"map_level":"county","source_name":"安次区","source_code":"131002","county_type":"市辖区","prefecture_name":"廊坊市","prefecture_code":"131000","prefecture_type":"地级市","parent_entity_id":"CNUR-000012","parent_year_end_name":"廊坊市","province_name":"河北省","province_code":"130000","snapshot_year":2006,"panel_year":2005,"link_status":"parent_linked","former_name":"","note":""},"geometry":{"type":"Polygon","coordinates":[[[116.77952,39.46607],[116.79206,39.45625],[116.79156,39.44984],[116.78619,39.45308],[116.78999,39.44572],[116.80986,39.45067],[116.82654,39.43449],[116.84957,39.44235],[116.86994,39.43351],[116.83224,39.4094],[116.83168,39.37308],[116.81219,39.37245],[116.82094,39.36257],[116.83078,39.36356],[116.81719,39.35685],[116.82314,39.33831],[116.84323,39.33867],[116.8537,39.3554],[116.86488,39.35653],[116.86617,39.34083],[116.87962,39.33819],[116.88369,39.32186],[116.8803,39.30333],[116.8649,39.2976],[116.86569,39.26836],[116.87053,39.24054],[116.87904,39.23989],[116.8868,39.22307],[116.87,39.22976],[116.86982,39.21567],[116.84995,39.21477],[116.85985,39.1553],[116.81914,39.14891],[116.80685,39.15713],[116.79658,39.14989],[116.79905,39.14202],[116.72281,39.17087],[116.72322,39.18231],[116.73838,39.18772],[116.73213,39.19944],[116.73955,39.19869],[116.74584,39.21541],[116.74057,39.22601],[116.68806,39.23383],[116.68668,39.25334],[116.67593,39.26029],[116.68966,39.27058],[116.68913,39.28059],[116.67989,39.28503],[116.6864,39.28953],[116.68549,39.30914],[116.67652,39.32801],[116.68427,39.33269],[116.68029,39.34204],[116.67101,39.34199],[116.66976,39.37724],[116.67671,39.38998],[116.64495,39.41322],[116.63238,39.4349],[116.59679,39.44693],[116.59079,39.47198],[116.61184,39.48595],[116.61066,39.50099],[116.6592,39.49445],[116.64599,39.5136],[116.62961,39.51278],[116.62871,39.52263],[116.60494,39.52665],[116.61208,39.54525],[116.62371,39.53738],[116.63618,39.54794],[116.76185,39.47773],[116.76323,39.46582],[116.77952,39.46607]]]}},{"type":"Feature","id":"CTAMAP-2006-COUNTY-0022","properties":{"map_level":"county","source_name":"安国市","source_code":"130683","county_type":"县级市","prefecture_name":"保定市","prefecture_code":"130600","prefecture_type":"地级市","parent_entity_id":"CNUR-000008","parent_year_end_name":"保定市","province_name":"河北省","province_code":"130000","snapshot_year":2006,"panel_year":2005,"link_status":"parent_linked","former_name":"","note":""},"geometry":{"type":"Polygon","coordinates":[[[115.30245,38.55421],[115.31068,38.53735],[115.34478,38.5378],[115.3679,38.52902],[115.35495,38.49796],[115.39064,38.46765],[115.38048,38.45014],[115.39466,38.43806],[115.38724,38.42266],[115.40989,38.42724],[115.41011,38.41445],[115.42757,38.411],[115.4265,38.40531],[115.44686,38.40907],[115.44924,38.42214],[115.49601,38.41026],[115.49619,38.40483],[115.48114,38.40001],[115.4765,38.3769],[115.48526,38.37188],[115.4835,38.36071],[115.46824,38.35267],[115.4656,38.3387],[115.47734,38.32752],[115.43518,38.32883],[115.41452,38.33711],[115.40161,38.33493],[115.39614,38.31928],[115.37546,38.32672],[115.3711,38.31821],[115.38616,38.28323],[115.3627,38.28255],[115.34992,38.27104],[115.35327,38.25563],[115.34323,38.24724],[115.31179,38.24766],[115.28576,38.23414],[115.2654,38.24172],[115.26805,38.25605],[115.2551,38.26464],[115.25503,38.27222],[115.26258,38.27246],[115.25999,38.28705],[115.23988,38.28545],[115.23237,38.30249],[115.22202,38.30372],[115.22214,38.31747],[115.20592,38.32364],[115.20716,38.35412],[115.17377,38.36999],[115.19507,38.38985],[115.21012,38.38989],[115.20928,38.40698],[115.19457,38.41087],[115.1947,38.41517],[115.22265,38.41187],[115.22841,38.45447],[115.23545,38.45041],[115.23964,38.46068],[115.25073,38.46218],[115.23514,38.47826],[115.2503,38.49144],[115.25142,38.51196],[115.30145,38.50737],[115.29913,38.53452],[115.29025,38.54245],[115.30245,38.55421]]]}},{"type":"Feature","id":"CTAMAP-2006-COUNTY-0030","properties":{"map_level":"county","source_name":"安平县","source_code":"131125","county_type":"县","prefecture_name":"衡水市","prefecture_code":"131100","prefecture_type":"地级市","parent_entity_id":"CNUR-000013","parent_year_end_name":"衡水市","province_name":"河北省","province_code":"130000","snapshot_year":2006,"panel_year":2005,"link_status":"parent_linked","former_name":"","note":""},"geometry":{"type":"Polygon","coordinates":[[[115.64422,38.34031],[115.65889,38.34111],[115.67366,38.32484],[115.66473,38.30925],[115.65483,38.30668],[115.68175,38.28314],[115.66808,38.27878],[115.65552,38.28584],[115.60749,38.26492],[115.60293,38.25527],[115.62565,38.24347],[115.6016,38.21729],[115.60834,38.18961],[115.59322,38.17474],[115.55687,38.1705],[115.56392,38.15861],[115.55401,38.15012],[115.54525,38.15391],[115.54091,38.1705],[115.51854,38.17808],[115.50502,38.19683],[115.48687,38.19115],[115.48795,38.18146],[115.47029,38.17195],[115.44549,38.17625],[115.43048,38.16701],[115.43772,38.16073],[115.4388,38.1402],[115.45002,38.12984],[115.43828,38.11487],[115.44597,38.08539],[115.43382,38.08118],[115.40253,38.09477],[115.37712,38.0873],[115.3585,38.13711],[115.34044,38.13932],[115.34548,38.18261],[115.3346,38.18468],[115.34627,38.20595],[115.31748,38.21985],[115.31719,38.23005],[115.31838,38.24742],[115.33635,38.24493],[115.35327,38.25563],[115.34992,38.27104],[115.3627,38.28255],[115.38616,38.28323],[115.3711,38.31821],[115.37546,38.32672],[115.39614,38.31928],[115.40161,38.33493],[115.41452,38.33711],[115.43518,38.32883],[115.47734,38.32752],[115.46859,38.33366],[115.47186,38.34092],[115.48885,38.34193],[115.48901,38.36188],[115.51076,38.35673],[115.51013,38.31667],[115.51628,38.31473],[115.54205,38.3178],[115.54948,38.33448],[115.55855,38.32543],[115.57066,38.32635],[115.56781,38.34152],[115.59902,38.32864],[115.61593,38.33251],[115.63995,38.32581],[115.64422,38.34031]]]}},{"type":"Feature","id":"CTAMAP-2006-COUNTY-0037","properties":{"map_level":"county","source_name":"安新县","source_code":"130632","county_type":"县","prefecture_name":"保定市","prefecture_code":"130600","prefecture_type":"地级市","parent_entity_id":"CNUR-000008","parent_year_end_name":"保定市","province_name":"河北省","province_code":"130000","snapshot_year":2006,"panel_year":2005,"link_status":"parent_linked","former_name":"","note":""},"geometry":{"type":"Polygon","coordinates":[[[116.02396,38.96862],[116.03473,38.93766],[116.05911,38.93341],[116.0758,38.91963],[116.08244,38.93169],[116.1049,38.93152],[116.11479,38.93896],[116.11945,38.91971],[116.10474,38.9143],[116.10661,38.90861],[116.0799,38.90988],[116.03553,38.8942],[116.03534,38.87761],[116.04428,38.87409],[116.02944,38.8287],[116.03946,38.81775],[116.00902,38.807],[115.99064,38.79019],[115.98942,38.7773],[115.96185,38.7551],[115.9391,38.75792],[115.94061,38.77527],[115.92212,38.76007],[115.88235,38.7593],[115.87704,38.7695],[115.84334,38.75757],[115.81538,38.76667],[115.80716,38.77893],[115.78916,38.773],[115.77823,38.75845],[115.74063,38.76924],[115.73711,38.74334],[115.71598,38.73147],[115.69114,38.73444],[115.68921,38.72644],[115.66698,38.73591],[115.6697,38.74868],[115.68356,38.75289],[115.68467,38.76027],[115.666,38.75929],[115.64982,38.74507],[115.6347,38.75025],[115.64488,38.77489],[115.66084,38.77445],[115.65026,38.76706],[115.67923,38.76459],[115.6681,38.77552],[115.64659,38.77792],[115.64727,38.79446],[115.65205,38.80524],[115.65641,38.79893],[115.6834,38.81223],[115.68759,38.82151],[115.67679,38.83148],[115.68763,38.83166],[115.68909,38.84683],[115.72831,38.85112],[115.75689,38.86923],[115.75552,38.87992],[115.74515,38.88074],[115.74331,38.91042],[115.72939,38.92003],[115.73682,38.93762],[115.75679,38.94572],[115.76165,38.96875],[115.80134,38.96323],[115.79451,38.96765],[115.7979,38.97573],[115.82597,38.99546],[115.87533,38.99502],[115.89128,39.00224],[115.89553,39.03346],[115.91571,39.03829],[115.94038,39.02503],[115.93477,39.01175],[115.95594,39.01461],[115.96566,39.00692],[115.99334,39.01336],[116.00346,38.99869],[115.99056,38.98059],[116.01611,38.95199],[116.02396,38.96862]]]}},{"type":"Feature","id":"CTAMAP-2006-COUNTY-0063","properties":{"map_level":"county","source_name":"霸州市","source_code":"131081","county_type":"县级市","prefecture_name":"廊坊市","prefecture_code":"131000","prefecture_type":"地级市","parent_entity_id":"CNUR-000012","parent_year_end_name":"廊坊市","province_name":"河北省","province_code":"130000","snapshot_year":2006,"panel_year":2005,"link_status":"parent_linked","former_name":"","note":""},"geometry":{"type":"Polygon","coordinates":[[[116.37921,39.21262],[116.38748,39.20495],[116.41595,39.20466],[116.43877,39.18824],[116.45311,39.18921],[116.45789,39.20005],[116.47387,39.19801],[116.48471,39.17311],[116.49713,39.17221],[116.50364,39.15338],[116.51965,39.1515],[116.52407,39.139],[116.53686,39.13359],[116.56153,39.13967],[116.58049,39.12599],[116.59562,39.12934],[116.58884,39.14633],[116.5972,39.1632],[116.67526,39.16442],[116.68801,39.18905],[116.69728,39.19018],[116.70176,39.18108],[116.72253,39.18767],[116.72796,39.182],[116.72281,39.17087],[116.79712,39.14207],[116.80685,39.15713],[116.81914,39.14891],[116.86092,39.15501],[116.90413,39.14987],[116.91412,39.11918],[116.92027,39.1188],[116.91354,39.1084],[116.90526,39.11018],[116.87565,39.07092],[116.86435,39.06917],[116.86583,39.05384],[116.77897,39.04729],[116.77902,39.05464],[116.79135,39.05983],[116.78134,39.06094],[116.767,39.04593],[116.75042,39.04936],[116.74574,39.0337],[116.72705,39.02477],[116.68892,39.03571],[116.68092,39.01373],[116.66617,39.00998],[116.64355,39.01865],[116.65026,39.02209],[116.65113,39.03943],[116.6348,39.03571],[116.62154,39.04527],[116.60719,39.03514],[116.60359,39.04665],[116.58682,39.04759],[116.58712,39.03468],[116.59376,39.03387],[116.58822,39.02746],[116.60025,39.02386],[116.58964,39.00801],[116.56632,39.0032],[116.5602,39.01024],[116.54541,39.00882],[116.53747,39.02125],[116.50202,39.02045],[116.48438,39.00842],[116.49593,39.02607],[116.47236,39.04644],[116.45662,39.05103],[116.44035,39.04246],[116.41947,39.05007],[116.39438,39.04295],[116.39304,39.05822],[116.37826,39.04926],[116.37954,39.041],[116.33568,39.03493],[116.3394,39.02383],[116.36889,39.03095],[116.36365,39.01295],[116.33022,38.98279],[116.31571,38.99732],[116.29365,38.99272],[116.2872,39.00659],[116.29282,39.01806],[116.30309,39.01515],[116.30518,39.0208],[116.29429,39.02108],[116.29728,39.0306],[116.32486,39.03831],[116.31246,39.03639],[116.30703,39.06806],[116.31268,39.082],[116.30316,39.08438],[116.29627,39.1033],[116.27336,39.10655],[116.27461,39.11463],[116.25661,39.11971],[116.25578,39.13117],[116.2909,39.14192],[116.29217,39.16708],[116.28355,39.17112],[116.29368,39.1867],[116.3264,39.19138],[116.3488,39.21852],[116.36611,39.20969],[116.37921,39.21262]]]}},{"type":"Feature","id":"CTAMAP-2006-COUNTY-0074","properties":{"map_level":"county","source_name":"柏乡县","source_code":"130524","county_type":"县","prefecture_name":"邢台市","prefecture_code":"130500","prefecture_type":"地级市","parent_entity_id":"CNUR-000007","parent_year_end_name":"邢台市","province_name":"河北省","province_code":"130000","snapshot_year":2006,"panel_year":2005,"link_status":"parent_linked","former_name":"","note":""},"geometry":{"type":"Polygon","coordinates":[[[114.76138,37.61912],[114.77899,37.55945],[114.78638,37.55476],[114.77474,37.54338],[114.782,37.52344],[114.77449,37.50515],[114.78435,37.49585],[114.77122,37.47776],[114.75011,37.46771],[114.76692,37.44817],[114.76653,37.43654],[114.75538,37.43842],[114.75424,37.42876],[114.73944,37.42296],[114.67927,37.43318],[114.65503,37.42242],[114.65321,37.40458],[114.64648,37.40142],[114.62374,37.40817],[114.61574,37.41635],[114.62442,37.43163],[114.61244,37.47519],[114.62247,37.48996],[114.59681,37.48966],[114.6058,37.50628],[114.60036,37.52297],[114.60563,37.54061],[114.59676,37.56021],[114.63688,37.55184],[114.68517,37.564],[114.69477,37.57521],[114.69103,37.58726],[114.69955,37.61426],[114.72776,37.62275],[114.76138,37.61912]]]}},{"type":"Feature","id":"CTAMAP-2006-COUNTY-0129","properties":{"map_level":"county","source_name":"博野县","source_code":"130637","county_type":"县","prefecture_name":"保定市","prefecture_code":"130600","prefecture_type":"地级市","parent_entity_id":"CNUR-000008","parent_year_end_name":"保定市","province_name":"河北省","province_code":"130000","snapshot_year":2006,"panel_year":2005,"link_status":"parent_linked","former_name":"","note":""},"geometry":{"type":"Polygon","coordinates":[[[115.47155,38.57279],[115.48602,38.53442],[115.51616,38.51004],[115.51274,38.4911],[115.52307,38.48926],[115.52308,38.48179],[115.51595,38.4512],[115.54617,38.44897],[115.5512,38.45705],[115.56521,38.45604],[115.57129,38.43799],[115.55275,38.42953],[115.55014,38.42095],[115.57732,38.42223],[115.60324,38.40841],[115.59076,38.39484],[115.60731,38.38219],[115.59707,38.37092],[115.59693,38.35162],[115.60866,38.34557],[115.63467,38.34849],[115.64422,38.34031],[115.63995,38.32581],[115.61593,38.33251],[115.59902,38.32864],[115.57291,38.34244],[115.57066,38.32635],[115.55855,38.32543],[115.54948,38.33448],[115.54205,38.3178],[115.51189,38.3156],[115.51076,38.35673],[115.48901,38.36188],[115.48724,38.3403],[115.4656,38.3387],[115.46824,38.35267],[115.4835,38.36071],[115.48526,38.37188],[115.4765,38.3769],[115.48114,38.40001],[115.49601,38.41026],[115.44924,38.42214],[115.44686,38.40907],[115.4265,38.40531],[115.42757,38.411],[115.41011,38.41445],[115.40989,38.42724],[115.38724,38.42266],[115.39466,38.43806],[115.38048,38.45014],[115.39064,38.46765],[115.35495,38.49796],[115.3679,38.52902],[115.34478,38.5378],[115.31068,38.53735],[115.30887,38.54385],[115.30828,38.55008],[115.34428,38.56662],[115.39512,38.5692],[115.39474,38.57637],[115.41545,38.57489],[115.42928,38.55984],[115.44789,38.56547],[115.45961,38.56049],[115.4572,38.57979],[115.47155,38.57279]]]}},{"type":"Feature","id":"CTAMAP-2006-COUNTY-0137","properties":{"map_level":"county","source_name":"沧县","source_code":"130921","county_type":"县","prefecture_name":"沧州市","prefecture_code":"130900","prefecture_type":"地级市","parent_entity_id":"CNUR-000011","parent_year_end_name":"沧州市","province_name":"河北省","province_code":"130000","snapshot_year":2006,"panel_year":2005,"link_status":"parent_linked","former_name":"","note":""},"geometry":{"type":"Polygon","coordinates":[[[117.07835,38.54306],[117.08649,38.52969],[117.08619,38.50034],[117.10818,38.483],[117.07702,38.43466],[117.0984,38.40712],[117.10315,38.38841],[117.07831,38.37076],[117.10644,38.35863],[117.11508,38.32996],[117.13403,38.3282],[117.14601,38.31819],[117.13927,38.29739],[117.14381,38.28862],[117.13087,38.2731],[117.13634,38.23422],[117.11106,38.21547],[117.10938,38.20368],[117.11893,38.18257],[117.11461,38.1762],[117.13988,38.1719],[117.14386,38.15559],[117.11967,38.15369],[117.10968,38.13247],[117.0906,38.13268],[117.07776,38.1223],[117.07349,38.131],[117.03618,38.12197],[116.99359,38.09593],[116.93512,38.0853],[116.92191,38.1076],[116.86934,38.10639],[116.86331,38.12911],[116.86759,38.14713],[116.85173,38.14231],[116.82218,38.14826],[116.80277,38.13997],[116.7956,38.14265],[116.79903,38.15231],[116.78999,38.16573],[116.75443,38.17568],[116.75378,38.18788],[116.73563,38.19468],[116.72812,38.18498],[116.71112,38.18602],[116.65463,38.20814],[116.65482,38.22213],[116.59598,38.21534],[116.5924,38.20648],[116.5737,38.20862],[116.57039,38.19738],[116.51906,38.1886],[116.51306,38.21439],[116.49754,38.21517],[116.49294,38.22553],[116.49903,38.24785],[116.48871,38.25836],[116.45308,38.26195],[116.46235,38.29187],[116.46121,38.32944],[116.4971,38.35143],[116.49655,38.36422],[116.51595,38.4017],[116.52025,38.39427],[116.54016,38.39433],[116.56955,38.41985],[116.59912,38.4034],[116.61165,38.41383],[116.63405,38.4155],[116.64981,38.40449],[116.65143,38.39222],[116.67788,38.3852],[116.71637,38.39773],[116.73347,38.39482],[116.7368,38.40488],[116.7542,38.41167],[116.78156,38.39751],[116.80362,38.40296],[116.81904,38.4169],[116.84292,38.40131],[116.78307,38.34006],[116.78334,38.31508],[116.76825,38.30501],[116.77941,38.29258],[116.76258,38.27654],[116.78824,38.26945],[116.7726,38.25392],[116.76087,38.22434],[116.77731,38.2145],[116.78748,38.21836],[116.78734,38.22592],[116.80728,38.23254],[116.80582,38.24161],[116.81806,38.25427],[116.84058,38.2442],[116.84922,38.25256],[116.84743,38.26953],[116.86172,38.28119],[116.87621,38.26986],[116.86672,38.25789],[116.88041,38.25677],[116.87826,38.24857],[116.9096,38.25419],[116.90954,38.2653],[116.90193,38.26876],[116.92364,38.26852],[116.94196,38.28306],[116.93859,38.31099],[116.95502,38.3408],[116.92855,38.34772],[116.92515,38.36257],[116.89101,38.36694],[116.88137,38.3497],[116.86137,38.35906],[116.8754,38.35952],[116.86794,38.37271],[116.88621,38.39742],[116.88061,38.39974],[116.88874,38.42536],[116.88483,38.47964],[116.89205,38.49481],[116.90582,38.49804],[116.91344,38.47982],[116.94298,38.478],[116.96783,38.49281],[117.01255,38.50298],[117.01697,38.51735],[117.04535,38.52236],[117.07835,38.54306]]]}},{"type":"Feature","id":"CTAMAP-2006-COUNTY-0139","properties":{"map_level":"county","source_name":"唐海县","source_code":"130230","county_type":"县","prefecture_name":"唐山市","prefecture_code":"130200","prefecture_type":"地级市","parent_entity_id":"CNUR-000004","parent_year_end_name":"唐山市","province_name":"河北省","province_code":"130000","snapshot_year":2006,"panel_year":2005,"link_status":"parent_linked","former_name":"","note":""},"geometry":{"type":"MultiPolygon","coordinates":[[[[118.71314,39.04794],[118.70979,39.04472],[118.71061,39.04924],[118.71314,39.04794]]],[[[118.29376,39.45155],[118.29783,39.4342],[118.28501,39.4304],[118.29379,39.41933],[118.28771,39.40255],[118.31589,39.3983],[118.31957,39.38567],[118.32051,39.35356],[118.30746,39.34925],[118.33588,39.35823],[118.35837,39.33355],[118.35538,39.32746],[118.37948,39.32897],[118.37698,39.322],[118.38307,39.3226],[118.39651,39.33594],[118.38576,39.34691],[118.39408,39.36334],[118.38095,39.38288],[118.3868,39.39933],[118.40497,39.39868],[118.41059,39.38976],[118.43839,39.38471],[118.43969,39.37324],[118.41993,39.35075],[118.4011,39.34686],[118.39751,39.33864],[118.4057,39.32771],[118.46285,39.33233],[118.46985,39.29806],[118.51522,39.28439],[118.56831,39.28703],[118.62266,39.27158],[118.62283,39.26046],[118.63758,39.26069],[118.6432,39.24792],[118.65485,39.24949],[118.65236,39.26626],[118.6414,39.26543],[118.62806,39.28403],[118.6397,39.29162],[118.61482,39.29392],[118.61657,39.3066],[118.66885,39.33372],[118.71828,39.33135],[118.70257,39.2898],[118.70686,39.26415],[118.69483,39.24297],[118.70533,39.22598],[118.68695,39.20383],[118.68428,39.17259],[118.67329,39.15417],[118.62822,39.15973],[118.56941,39.14306],[118.53555,39.15138],[118.57593,39.11148],[118.57079,39.10235],[118.53552,39.11562],[118.53067,39.10798],[118.54621,39.10178],[118.53829,39.08934],[118.50305,39.10276],[118.49884,39.09501],[118.51375,39.08913],[118.50619,39.07701],[118.47798,39.08757],[118.4694,39.0819],[118.47603,39.0786],[118.48064,39.05052],[118.52438,39.04401],[118.56783,38.99092],[118.62935,39.0485],[118.61596,39.06725],[118.63345,39.07445],[118.6474,39.05577],[118.64739,39.04511],[118.5959,38.97425],[118.51544,38.91862],[118.50289,38.91804],[118.48146,38.93692],[118.49043,38.94466],[118.46886,38.97139],[118.46817,39.01116],[118.46126,39.02134],[118.44903,39.01641],[118.45536,39.00768],[118.45435,38.94897],[118.41838,38.95968],[118.41837,39.00923],[118.47933,39.04682],[118.47417,39.05422],[118.41834,39.02649],[118.40391,39.00735],[118.40389,38.96664],[118.37215,38.98163],[118.37201,39.02318],[118.34882,39.0641],[118.31502,39.05679],[118.28844,39.0743],[118.2762,39.06689],[118.27583,39.05417],[118.25338,39.05282],[118.20925,39.10224],[118.18456,39.14743],[118.16387,39.1407],[118.13943,39.16579],[118.15624,39.17625],[118.1454,39.18753],[118.15153,39.20511],[118.17104,39.21472],[118.17664,39.20888],[118.19936,39.22261],[118.1892,39.24352],[118.17646,39.24808],[118.18507,39.25514],[118.1855,39.26889],[118.21398,39.268],[118.21198,39.23138],[118.19843,39.22516],[118.20428,39.21883],[118.24379,39.23547],[118.2783,39.20183],[118.26972,39.19546],[118.27452,39.19],[118.28442,39.19481],[118.28358,39.2145],[118.25876,39.25438],[118.26934,39.26979],[118.27703,39.3123],[118.25992,39.31066],[118.25566,39.33689],[118.26248,39.34417],[118.22936,39.34159],[118.23696,39.36289],[118.22125,39.39176],[118.21366,39.39147],[118.20721,39.42139],[118.22438,39.43031],[118.2263,39.44849],[118.24681,39.44945],[118.25725,39.4414],[118.29376,39.45155]]]]}},{"type":"Feature","id":"CTAMAP-2006-COUNTY-0160","properties":{"map_level":"county","source_name":"昌黎县","source_code":"130322","county_type":"县","prefecture_name":"秦皇岛市","prefecture_code":"130300","prefecture_type":"地级市","parent_entity_id":"CNUR-000005","parent_year_end_name":"秦皇岛市","province_name":"河北省","province_code":"130000","snapshot_year":2006,"panel_year":2005,"link_status":"parent_linked","former_name":"","note":""},"geometry":{"type":"Polygon","coordinates":[[[119.34481,39.72007],[119.26076,39.52979],[119.25645,39.4908],[119.27369,39.48579],[119.30513,39.43723],[119.28299,39.4219],[119.26839,39.42179],[119.21794,39.45469],[119.18894,39.45646],[119.16198,39.47072],[119.12158,39.46035],[119.06493,39.47572],[119.05028,39.45994],[118.99883,39.46627],[119.01136,39.48448],[119.00291,39.50776],[118.95559,39.51479],[118.96293,39.51907],[118.95085,39.52307],[118.97707,39.53115],[118.97734,39.5378],[118.93938,39.54407],[118.93828,39.55717],[118.88934,39.546],[118.87935,39.55134],[118.87623,39.56585],[118.85548,39.57369],[118.83657,39.60944],[118.84552,39.62161],[118.81881,39.64821],[118.81627,39.66783],[118.79814,39.67876],[118.77832,39.72035],[118.76957,39.76137],[118.78807,39.76971],[118.82864,39.72641],[118.84928,39.72292],[118.86789,39.72995],[118.8785,39.7107],[118.88962,39.71005],[118.89641,39.7222],[118.94037,39.72333],[118.95684,39.71519],[118.974,39.71854],[118.98006,39.72744],[118.99624,39.72488],[119.01014,39.74053],[119.00534,39.75206],[119.04383,39.75252],[119.09959,39.76922],[119.11972,39.78509],[119.13919,39.77906],[119.16802,39.79196],[119.17491,39.78227],[119.18857,39.7957],[119.22103,39.80308],[119.23555,39.76712],[119.27029,39.76633],[119.29619,39.73898],[119.34481,39.72007]]]}},{"type":"Feature","id":"CTAMAP-2006-COUNTY-0178","properties":{"map_level":"county","source_name":"成安县","source_code":"130424","county_type":"县","prefecture_name":"邯郸市","prefecture_code":"130400","prefecture_type":"地级市","parent_entity_id":"CNUR-000006","parent_year_end_name":"邯郸市","province_name":"河北省","province_code":"130000","snapshot_year":2006,"panel_year":2005,"link_status":"parent_linked","former_name":"","note":""},"geometry":{"type":"Polygon","coordinates":[[[114.85134,36.50123],[114.85141,36.4822],[114.8583,36.48142],[114.85405,36.44085],[114.88527,36.42926],[114.88257,36.40337],[114.86624,36.40857],[114.82309,36.39593],[114.82695,36.3821],[114.81747,36.36588],[114.81896,36.35043],[114.80379,36.34001],[114.80215,36.32654],[114.77847,36.32032],[114.77568,36.30729],[114.75962,36.30634],[114.75437,36.28789],[114.74138,36.29524],[114.75554,36.30231],[114.75843,36.31845],[114.71666,36.32782],[114.71827,36.34515],[114.69836,36.34803],[114.68875,36.36341],[114.65233,36.36439],[114.64357,36.35231],[114.61187,36.36589],[114.58097,36.35594],[114.57163,36.35879],[114.57899,36.38874],[114.57354,36.39971],[114.56556,36.39049],[114.54908,36.38838],[114.53889,36.3944],[114.53883,36.40419],[114.51643,36.40467],[114.5149,36.38944],[114.50561,36.38964],[114.50048,36.40677],[114.48168,36.40899],[114.48942,36.43253],[114.51214,36.46196],[114.51014,36.49792],[114.59358,36.4856],[114.60712,36.46997],[114.62861,36.49023],[114.65253,36.48341],[114.67171,36.4936],[114.71344,36.49203],[114.71948,36.50645],[114.73839,36.49995],[114.75822,36.50559],[114.77132,36.49231],[114.77604,36.49854],[114.79999,36.49486],[114.8348,36.50249],[114.85134,36.50123]]]}},{"type":"Feature","id":"CTAMAP-2006-COUNTY-0183","properties":{"map_level":"county","source_name":"承德县","source_code":"130821","county_type":"县","prefecture_name":"承德市","prefecture_code":"130800","prefecture_type":"地级市","parent_entity_id":"CNUR-000010","parent_year_end_name":"承德市","province_name":"河北省","province_code":"130000","snapshot_year":2006,"panel_year":2005,"link_status":"parent_linked","former_name":"","note":""},"geometry":{"type":"Polygon","coordinates":[[[118.26491,41.46475],[118.33275,41.44671],[118.35417,41.41972],[118.34802,41.41654],[118.34633,41.39195],[118.36145,41.38276],[118.34248,41.36974],[118.35178,41.3596],[118.35109,41.33172],[118.36893,41.31116],[118.39595,41.30871],[118.41417,41.29117],[118.41489,41.27985],[118.43494,41.2672],[118.43588,41.25958],[118.40731,41.24277],[118.4449,41.21702],[118.43925,41.17499],[118.45672,41.13988],[118.47306,41.13478],[118.46703,41.10885],[118.4289,41.10188],[118.40203,41.08758],[118.3753,41.00126],[118.35933,40.98827],[118.37005,40.97733],[118.41138,40.96481],[118.37243,40.95275],[118.37269,40.92831],[118.34861,40.89591],[118.35755,40.88795],[118.35026,40.85429],[118.36278,40.84645],[118.44304,40.85141],[118.45181,40.88628],[118.4756,40.88342],[118.48419,40.89534],[118.52314,40.87145],[118.5397,40.87724],[118.55657,40.86426],[118.5579,40.84983],[118.54734,40.82485],[118.52843,40.80671],[118.53228,40.75525],[118.50076,40.72113],[118.48396,40.71551],[118.481,40.70009],[118.4202,40.70699],[118.35531,40.67483],[118.3325,40.64311],[118.29078,40.62729],[118.26131,40.62803],[118.23512,40.6077],[118.2035,40.61038],[118.19625,40.62224],[118.1587,40.62908],[118.17659,40.64825],[118.19394,40.65293],[118.18784,40.66281],[118.16031,40.64862],[118.09824,40.67774],[118.02863,40.68312],[118.01674,40.66992],[118.02537,40.66402],[118.02191,40.65702],[117.98402,40.636],[117.93932,40.63059],[117.91592,40.61254],[117.88269,40.61635],[117.86347,40.60805],[117.846,40.62316],[117.8711,40.67148],[117.86178,40.676],[117.85591,40.70208],[117.84082,40.71205],[117.77425,40.69897],[117.76397,40.6755],[117.70706,40.65252],[117.70004,40.63343],[117.67287,40.61745],[117.65804,40.63744],[117.6385,40.63668],[117.60166,40.61635],[117.59992,40.60791],[117.57274,40.60377],[117.57079,40.59072],[117.54552,40.59558],[117.51737,40.57141],[117.49809,40.57943],[117.49422,40.58566],[117.5118,40.5956],[117.52981,40.62299],[117.50831,40.63352],[117.49611,40.65057],[117.50782,40.65466],[117.49922,40.66572],[117.51371,40.67806],[117.5225,40.7028],[117.51044,40.71507],[117.49212,40.76313],[117.50395,40.77337],[117.50705,40.79558],[117.57152,40.79701],[117.60692,40.81574],[117.64497,40.81257],[117.65687,40.82023],[117.70015,40.79751],[117.7176,40.79625],[117.73003,40.80488],[117.76397,40.79951],[117.79088,40.80517],[117.80694,40.79811],[117.86084,40.81567],[117.8755,40.84096],[117.89872,40.84043],[117.91997,40.83198],[117.92093,40.77629],[117.90563,40.74624],[117.90975,40.73119],[117.93081,40.7257],[117.95314,40.73493],[118.02899,40.74371],[118.04863,40.75362],[118.07528,40.77734],[118.06762,40.80804],[118.08012,40.82618],[118.11835,40.81929],[118.12381,40.82526],[118.13489,40.8518],[118.09797,40.86666],[118.08109,40.89377],[118.05784,40.91058],[118.06816,40.92551],[118.06331,40.95649],[118.0211,40.99454],[118.03716,41.02427],[118.05996,41.03851],[118.01497,41.09755],[117.97272,41.13569],[117.93753,41.13038],[117.90346,41.0918],[117.85606,41.08831],[117.85065,41.12728],[117.83596,41.13753],[117.83222,41.166],[117.87049,41.17963],[117.9019,41.16153],[117.92268,41.16872],[117.94929,41.1616],[117.99777,41.17689],[117.9928,41.19764],[117.99882,41.20543],[117.9927,41.21275],[118.0037,41.2572],[117.98123,41.27106],[117.99395,41.29894],[117.98262,41.32024],[118.00067,41.33819],[117.98809,41.37152],[118.00813,41.37861],[118.01206,41.39316],[118.0453,41.41111],[118.05159,41.40789],[118.05357,41.37295],[118.0945,41.35376],[118.12991,41.37104],[118.13849,41.40332],[118.19066,41.44134],[118.21696,41.45681],[118.26491,41.46475]]]}},{"type":"Feature","id":"CTAMAP-2006-COUNTY-0199","properties":{"map_level":"county","source_name":"赤城县","source_code":"130732","county_type":"县","prefecture_name":"张家口市","prefecture_code":"130700","prefecture_type":"地级市","parent_entity_id":"CNUR-000009","parent_year_end_name":"张家口市","province_name":"河北省","province_code":"130000","snapshot_year":2006,"panel_year":2005,"link_status":"parent_linked","former_name":"","note":""},"geometry":{"type":"Polygon","coordinates":[[[116.35875,40.94143],[116.33415,40.92869],[116.32819,40.90292],[116.39374,40.84814],[116.4013,40.83051],[116.43108,40.81867],[116.45306,40.79427],[116.45542,40.76812],[116.41852,40.76576],[116.4015,40.77871],[116.37311,40.77061],[116.31138,40.7706],[116.30177,40.76219],[116.30246,40.75043],[116.28407,40.76277],[116.268,40.76243],[116.26196,40.77603],[116.2415,40.79028],[116.21385,40.74435],[116.17293,40.7075],[116.15833,40.66183],[116.12848,40.66549],[116.1049,40.64566],[116.11532,40.62757],[116.09246,40.62899],[116.02487,40.59602],[116.02206,40.60582],[116.00361,40.58772],[115.97731,40.57746],[115.96073,40.60502],[115.90179,40.61609],[115.87994,40.59476],[115.82156,40.58606],[115.81383,40.55821],[115.77841,40.55704],[115.74665,40.53495],[115.73337,40.5116],[115.71583,40.5303],[115.72499,40.54631],[115.7217,40.58145],[115.68213,40.57911],[115.68291,40.56789],[115.6724,40.55955],[115.66032,40.57478],[115.63612,40.57975],[115.62829,40.56404],[115.59756,40.56885],[115.54757,40.56191],[115.50351,40.58224],[115.50258,40.59593],[115.48737,40.60603],[115.50787,40.64468],[115.51888,40.64868],[115.51823,40.67235],[115.4915,40.68392],[115.49365,40.69364],[115.4837,40.70038],[115.48719,40.73185],[115.45638,40.73994],[115.43999,40.75568],[115.45294,40.78528],[115.44518,40.79304],[115.42756,40.79194],[115.42418,40.80819],[115.43601,40.8371],[115.42985,40.8565],[115.43702,40.86821],[115.50503,40.9073],[115.511,40.92439],[115.50496,40.9379],[115.51285,40.94962],[115.49193,40.96641],[115.47605,40.96273],[115.4707,40.98492],[115.48785,41.04007],[115.50139,41.05454],[115.49548,41.09213],[115.52485,41.13249],[115.50894,41.18033],[115.48438,41.21712],[115.50993,41.24132],[115.56338,41.25122],[115.58713,41.26768],[115.58538,41.28317],[115.61177,41.30114],[115.62021,41.3181],[115.65631,41.31742],[115.68968,41.35424],[115.70927,41.35816],[115.71868,41.36901],[115.74513,41.36484],[115.79253,41.32685],[115.81975,41.27541],[115.86567,41.27098],[115.89697,41.23265],[115.95206,41.23929],[115.95625,41.24774],[115.94391,41.25996],[115.9516,41.25937],[115.96263,41.30516],[115.989,41.30153],[116.00966,41.32187],[116.02567,41.36535],[116.02181,41.37401],[116.04115,41.38726],[116.07454,41.38512],[116.0969,41.36933],[116.1302,41.37036],[116.16897,41.35366],[116.20502,41.32029],[116.20344,41.30509],[116.19122,41.2923],[116.18733,41.259],[116.23129,41.20982],[116.21555,41.17578],[116.24319,41.16317],[116.2299,41.12903],[116.28997,41.06067],[116.25873,41.03622],[116.27015,41.01417],[116.28775,41.00571],[116.28713,40.98863],[116.30828,40.98023],[116.33937,40.98065],[116.34319,40.95883],[116.35875,40.94143]]]}},{"type":"Feature","id":"CTAMAP-2006-COUNTY-0203","properties":{"map_level":"county","source_name":"崇礼县","source_code":"130733","county_type":"县","prefecture_name":"张家口市","prefecture_code":"130700","prefecture_type":"地级市","parent_entity_id":"CNUR-000009","parent_year_end_name":"张家口市","province_name":"河北省","province_code":"130000","snapshot_year":2006,"panel_year":2005,"link_status":"parent_linked","former_name":"","note":""},"geometry":{"type":"Polygon","coordinates":[[[114.99571,40.82256],[114.96976,40.81309],[114.92886,40.82891],[114.92761,40.85299],[114.87505,40.88368],[114.86989,40.90741],[114.83651,40.91494],[114.8248,40.92573],[114.80665,40.96176],[114.83747,40.97486],[114.79746,40.99446],[114.79218,41.02651],[114.81623,41.04081],[114.89712,41.03866],[114.91134,41.05011],[114.94151,41.03728],[114.96489,41.06762],[114.96929,41.09708],[114.99537,41.13013],[115.03294,41.1416],[115.06471,41.18527],[115.05098,41.20011],[115.03156,41.19736],[115.02573,41.20681],[115.0686,41.24858],[115.11516,41.2447],[115.13116,41.26294],[115.14742,41.25736],[115.14574,41.2488],[115.16971,41.23229],[115.18926,41.23013],[115.19351,41.2405],[115.225,41.24687],[115.276,41.24203],[115.32069,41.2537],[115.33417,41.24493],[115.33441,41.22783],[115.34427,41.2231],[115.37941,41.24405],[115.40863,41.23269],[115.41504,41.24239],[115.43856,41.24422],[115.43599,41.25867],[115.46081,41.27044],[115.46696,41.28864],[115.49153,41.2922],[115.51636,41.27899],[115.54542,41.28691],[115.54123,41.273],[115.56567,41.25301],[115.50924,41.24101],[115.48298,41.21177],[115.50894,41.18033],[115.52485,41.13249],[115.49548,41.09213],[115.50139,41.05454],[115.48785,41.04007],[115.48155,41.00365],[115.47082,40.98879],[115.47605,40.96273],[115.49218,40.96632],[115.51379,40.94767],[115.50496,40.9379],[115.50784,40.91062],[115.43692,40.86807],[115.42985,40.8565],[115.43692,40.84568],[115.42607,40.82186],[115.42756,40.79194],[115.37433,40.77541],[115.33873,40.79297],[115.30622,40.7939],[115.27431,40.80636],[115.22952,40.79122],[115.16189,40.79563],[115.1045,40.83121],[115.08182,40.81781],[115.04361,40.80958],[114.99571,40.82256]]]}},{"type":"Feature","id":"CTAMAP-2006-COUNTY-0218","properties":{"map_level":"county","source_name":"磁县","source_code":"130427","county_type":"县","prefecture_name":"邯郸市","prefecture_code":"130400","prefecture_type":"地级市","parent_entity_id":"CNUR-000006","parent_year_end_name":"邯郸市","province_name":"河北省","province_code":"130000","snapshot_year":2006,"panel_year":2005,"link_status":"parent_linked","former_name":"","note":""},"geometry":{"type":"Polygon","coordinates":[[[114.41296,36.54482],[114.44209,36.54215],[114.44468,36.52706],[114.4693,36.53379],[114.49873,36.52873],[114.51462,36.50075],[114.50709,36.50083],[114.51214,36.46196],[114.48362,36.41981],[114.47768,36.40134],[114.48811,36.40394],[114.47883,36.37058],[114.43309,36.37524],[114.43371,36.35075],[114.41854,36.34618],[114.41192,36.31008],[114.39479,36.31019],[114.39637,36.29606],[114.38399,36.27137],[114.3474,36.26414],[114.34801,36.25622],[114.29301,36.24587],[114.25629,36.26162],[114.23637,36.25127],[114.20499,36.27294],[114.19694,36.24552],[114.16472,36.24355],[114.16975,36.26457],[114.125,36.28156],[114.11516,36.27251],[114.05607,36.27359],[114.03152,36.30391],[114.05182,36.31335],[114.05317,36.32598],[114.02029,36.32447],[114.02414,36.35352],[114.00857,36.35244],[114.00394,36.34247],[113.97302,36.35909],[113.97263,36.34179],[113.96379,36.36424],[113.89226,36.36763],[113.89173,36.38409],[113.90959,36.41576],[113.9506,36.44658],[113.95498,36.46293],[113.9914,36.5069],[114.015,36.49878],[114.02522,36.50516],[114.04156,36.50129],[114.0481,36.51032],[114.09468,36.50837],[114.09962,36.49846],[114.0884,36.49752],[114.09657,36.47907],[114.09401,36.4336],[114.10549,36.41209],[114.10955,36.36913],[114.14343,36.36794],[114.18622,36.34423],[114.2038,36.34348],[114.20709,36.36899],[114.21655,36.37244],[114.23304,36.40022],[114.22737,36.41495],[114.24753,36.42316],[114.25414,36.43526],[114.27788,36.44138],[114.28334,36.45941],[114.35596,36.46661],[114.3484,36.49299],[114.37435,36.48585],[114.38597,36.49605],[114.38826,36.53297],[114.4066,36.52776],[114.41296,36.54482]],[[114.42935,36.5025],[114.39809,36.48853],[114.39366,36.47337],[114.38386,36.46929],[114.40947,36.47538],[114.42561,36.46366],[114.42289,36.45657],[114.43212,36.45872],[114.44706,36.4793],[114.44048,36.48212],[114.44302,36.5008],[114.42935,36.5025]]]}},{"type":"Feature","id":"CTAMAP-2006-COUNTY-0232","properties":{"map_level":"county","source_name":"大厂回族自治县","source_code":"131028","county_type":"自治县","prefecture_name":"廊坊市","prefecture_code":"131000","prefecture_type":"地级市","parent_entity_id":"CNUR-000012","parent_year_end_name":"廊坊市","province_name":"河北省","province_code":"130000","snapshot_year":2006,"panel_year":2005,"link_status":"parent_linked","former_name":"","note":""},"geometry":{"type":"Polygon","coordinates":[[[117.05082,39.8351],[117.01208,39.82752],[117.00957,39.83988],[116.9889,39.8514],[116.9642,39.8417],[116.95734,39.85696],[116.94922,39.85088],[116.92035,39.85305],[116.91213,39.84547],[116.90023,39.85136],[116.89653,39.83001],[116.88013,39.84364],[116.8411,39.85391],[116.81945,39.87717],[116.80711,39.88012],[116.80658,39.89066],[116.8555,39.88937],[116.86202,39.89146],[116.86201,39.9071],[116.88042,39.91201],[116.86875,39.92719],[116.89913,39.94024],[116.88504,39.94787],[116.8824,39.96003],[116.86636,39.96437],[116.88375,39.98161],[116.89971,39.97548],[116.91067,39.98219],[116.91266,39.96851],[116.94133,39.98147],[116.9508,39.95917],[116.95815,39.96076],[116.95119,39.95292],[116.95875,39.94236],[116.95395,39.92842],[116.97689,39.92707],[116.98748,39.91727],[116.98437,39.90501],[117.01531,39.89569],[117.0189,39.88332],[117.03412,39.89241],[117.04056,39.8878],[117.03746,39.8798],[117.06582,39.87106],[117.06125,39.85333],[117.04243,39.84781],[117.05082,39.8351]]]}},{"type":"Feature","id":"CTAMAP-2006-COUNTY-0233","properties":{"map_level":"county","source_name":"大城县","source_code":"131025","county_type":"县","prefecture_name":"廊坊市","prefecture_code":"131000","prefecture_type":"地级市","parent_entity_id":"CNUR-000012","parent_year_end_name":"廊坊市","province_name":"河北省","province_code":"130000","snapshot_year":2006,"panel_year":2005,"link_status":"parent_linked","former_name":"","note":""},"geometry":{"type":"Polygon","coordinates":[[[116.69417,38.84722],[116.73888,38.85061],[116.73783,38.83075],[116.74527,38.83046],[116.73255,38.80626],[116.74017,38.79779],[116.73155,38.7837],[116.74628,38.77922],[116.73873,38.75177],[116.75301,38.7541],[116.75986,38.74563],[116.75284,38.73137],[116.76066,38.72017],[116.75634,38.70836],[116.73903,38.70173],[116.75659,38.70028],[116.76703,38.66426],[116.76257,38.65737],[116.77132,38.65539],[116.77217,38.64454],[116.76498,38.64513],[116.75936,38.63017],[116.73247,38.63067],[116.73571,38.62226],[116.7279,38.61285],[116.7092,38.60866],[116.69687,38.61831],[116.6748,38.60507],[116.68215,38.60231],[116.67388,38.59207],[116.66264,38.59216],[116.65624,38.58098],[116.66849,38.56309],[116.63767,38.56406],[116.63527,38.55685],[116.66906,38.53973],[116.6475,38.50956],[116.61543,38.51383],[116.60958,38.50844],[116.60818,38.5027],[116.62145,38.50053],[116.60893,38.48957],[116.61479,38.47349],[116.59146,38.48674],[116.57418,38.47545],[116.57594,38.4698],[116.56358,38.4705],[116.5553,38.48446],[116.56046,38.49405],[116.54444,38.50243],[116.51622,38.48659],[116.45669,38.49593],[116.459,38.50194],[116.44382,38.51199],[116.45107,38.52649],[116.44663,38.53372],[116.42935,38.52721],[116.42511,38.53868],[116.42596,38.55164],[116.44908,38.55497],[116.44221,38.56688],[116.44892,38.57943],[116.42363,38.58534],[116.41409,38.60242],[116.386,38.60194],[116.35431,38.65638],[116.36194,38.66078],[116.35766,38.68578],[116.38793,38.6894],[116.39772,38.7089],[116.41702,38.71126],[116.4296,38.73061],[116.43056,38.75331],[116.46884,38.76119],[116.48506,38.73919],[116.51723,38.73543],[116.54924,38.74671],[116.55767,38.75669],[116.55291,38.77432],[116.59121,38.78285],[116.60288,38.80037],[116.6276,38.81237],[116.62902,38.84553],[116.63518,38.84336],[116.64459,38.86165],[116.64058,38.87071],[116.68188,38.87031],[116.69417,38.84722]]]}},{"type":"Feature","id":"CTAMAP-2006-COUNTY-0243","properties":{"map_level":"county","source_name":"大名县","source_code":"130425","county_type":"县","prefecture_name":"邯郸市","prefecture_code":"130400","prefecture_type":"地级市","parent_entity_id":"CNUR-000006","parent_year_end_name":"邯郸市","province_name":"河北省","province_code":"130000","snapshot_year":2006,"panel_year":2005,"link_status":"parent_linked","former_name":"","note":""},"geometry":{"type":"Polygon","coordinates":[[[115.10091,36.50371],[115.12938,36.48181],[115.15167,36.47673],[115.16049,36.46104],[115.20764,36.46636],[115.20799,36.45071],[115.22023,36.44366],[115.2407,36.45259],[115.25089,36.44859],[115.27422,36.46417],[115.27751,36.47692],[115.28864,36.47523],[115.28632,36.4595],[115.30168,36.46291],[115.31183,36.44984],[115.31093,36.43239],[115.29065,36.41234],[115.33868,36.39646],[115.3334,36.37803],[115.33819,36.35205],[115.36314,36.34439],[115.35977,36.32404],[115.3478,36.31258],[115.36618,36.30858],[115.37401,36.3218],[115.38563,36.31653],[115.41322,36.32603],[115.41362,36.28827],[115.46181,36.26771],[115.4584,36.25121],[115.47053,36.24636],[115.47174,36.23656],[115.46508,36.21505],[115.47622,36.20319],[115.46814,36.18889],[115.48104,36.14834],[115.46234,36.1517],[115.4654,36.16607],[115.44942,36.17592],[115.44291,36.14652],[115.42644,36.14782],[115.42012,36.13766],[115.40507,36.13701],[115.39828,36.15848],[115.38692,36.12902],[115.36466,36.12237],[115.36917,36.11273],[115.35985,36.09809],[115.31476,36.08561],[115.29107,36.10083],[115.29636,36.13219],[115.26785,36.13932],[115.25585,36.15974],[115.25691,36.17296],[115.23277,36.19702],[115.19921,36.20289],[115.19585,36.21266],[115.18276,36.19559],[115.16498,36.18976],[115.14301,36.21053],[115.11608,36.21077],[115.11717,36.22036],[115.1077,36.22855],[115.09279,36.21707],[115.08269,36.22283],[115.07643,36.22984],[115.0829,36.26699],[115.07017,36.27604],[115.07789,36.30905],[115.07083,36.32226],[115.04141,36.34648],[115.04498,36.35734],[115.01951,36.37214],[115.01029,36.39609],[114.98208,36.40597],[114.98523,36.41295],[114.97054,36.43195],[114.98899,36.44563],[115.02641,36.43893],[115.03421,36.45049],[115.0493,36.454],[115.05377,36.47752],[115.07185,36.49452],[115.10091,36.50371]]]}},{"type":"Feature","id":"CTAMAP-2006-COUNTY-0321","properties":{"map_level":"county","source_name":"定兴县","source_code":"130626","county_type":"县","prefecture_name":"保定市","prefecture_code":"130600","prefecture_type":"地级市","parent_entity_id":"CNUR-000008","parent_year_end_name":"保定市","province_name":"河北省","province_code":"130000","snapshot_year":2006,"panel_year":2005,"link_status":"parent_linked","former_name":"","note":""},"geometry":{"type":"Polygon","coordinates":[[[115.78574,39.32812],[115.81065,39.29987],[115.90141,39.30374],[115.90379,39.29626],[115.88979,39.28681],[115.887,39.27235],[115.92644,39.2459],[115.9193,39.23966],[115.92924,39.22644],[115.96897,39.20784],[115.95447,39.19909],[115.95901,39.17518],[115.94599,39.11086],[115.91596,39.0998],[115.89517,39.10134],[115.88626,39.12414],[115.89693,39.13721],[115.8694,39.13041],[115.86204,39.14212],[115.86731,39.13076],[115.85949,39.11781],[115.83297,39.13077],[115.8167,39.11381],[115.77071,39.12089],[115.75945,39.09724],[115.74201,39.10605],[115.71795,39.09442],[115.65879,39.12926],[115.60749,39.10699],[115.6018,39.11479],[115.57469,39.11404],[115.51248,39.1365],[115.50845,39.1586],[115.52455,39.15781],[115.52283,39.1829],[115.53914,39.2134],[115.52904,39.23111],[115.58527,39.26375],[115.59032,39.28762],[115.63661,39.29106],[115.62586,39.30661],[115.63922,39.31445],[115.64988,39.30979],[115.6742,39.31637],[115.68083,39.3009],[115.69708,39.29431],[115.71909,39.32032],[115.78574,39.32812]]]}},{"type":"Feature","id":"CTAMAP-2006-COUNTY-0323","properties":{"map_level":"county","source_name":"定州市","source_code":"130682","county_type":"县级市","prefecture_name":"保定市","prefecture_code":"130600","prefecture_type":"地级市","parent_entity_id":"CNUR-000008","parent_year_end_name":"保定市","province_name":"河北省","province_code":"130000","snapshot_year":2006,"panel_year":2005,"link_status":"parent_linked","former_name":"","note":""},"geometry":{"type":"Polygon","coordinates":[[[115.03838,38.62372],[115.06031,38.61482],[115.09429,38.61904],[115.10993,38.61108],[115.13707,38.62565],[115.14001,38.64004],[115.15303,38.65089],[115.17726,38.64922],[115.19004,38.63477],[115.19091,38.61883],[115.2303,38.59769],[115.23497,38.54387],[115.24635,38.53422],[115.25142,38.51196],[115.2503,38.49144],[115.23515,38.47704],[115.25073,38.46218],[115.23964,38.46068],[115.23545,38.45041],[115.22841,38.45447],[115.22265,38.41187],[115.1947,38.41517],[115.20928,38.40698],[115.21012,38.38989],[115.19507,38.38985],[115.17377,38.36999],[115.20716,38.35412],[115.20592,38.32364],[115.22214,38.31747],[115.22202,38.30372],[115.23869,38.293],[115.23876,38.28069],[115.21545,38.27568],[115.21569,38.25427],[115.20143,38.23474],[115.1839,38.23843],[115.16148,38.25814],[115.13704,38.24951],[115.12407,38.26443],[115.09338,38.26175],[115.08629,38.26696],[115.08903,38.28782],[115.07072,38.28146],[115.06294,38.29967],[115.05519,38.30011],[115.04987,38.28915],[115.05958,38.26263],[115.04028,38.25508],[115.02218,38.26681],[114.98615,38.25444],[114.98081,38.27208],[114.96208,38.28087],[114.92081,38.28321],[114.90407,38.26144],[114.87685,38.26844],[114.8776,38.28455],[114.89769,38.29463],[114.90108,38.30906],[114.92977,38.32681],[114.93695,38.34331],[114.92717,38.3437],[114.92225,38.35343],[114.91707,38.38875],[114.88179,38.42068],[114.86888,38.41877],[114.86336,38.4327],[114.85018,38.43072],[114.85159,38.45097],[114.84111,38.46019],[114.83525,38.46047],[114.83136,38.43402],[114.8231,38.43334],[114.82395,38.44484],[114.8121,38.44928],[114.82552,38.46482],[114.80818,38.48267],[114.80576,38.50572],[114.83179,38.51316],[114.84485,38.53588],[114.85497,38.53545],[114.85392,38.56331],[114.88285,38.58815],[114.86777,38.59514],[114.87433,38.60796],[114.86952,38.61638],[114.88089,38.62466],[114.84122,38.64622],[114.8466,38.6658],[114.86425,38.66852],[114.92041,38.65422],[114.93435,38.66772],[114.97003,38.67172],[114.98042,38.66062],[114.97341,38.62993],[114.98188,38.62375],[115.00414,38.62282],[115.01123,38.64391],[115.03209,38.64562],[115.01963,38.6268],[115.0277,38.62032],[115.03838,38.62372]]]}},{"type":"Feature","id":"CTAMAP-2006-COUNTY-0337","properties":{"map_level":"county","source_name":"东光县","source_code":"130923","county_type":"县","prefecture_name":"沧州市","prefecture_code":"130900","prefecture_type":"地级市","parent_entity_id":"CNUR-000011","parent_year_end_name":"沧州市","province_name":"河北省","province_code":"130000","snapshot_year":2006,"panel_year":2005,"link_status":"parent_linked","former_name":"","note":""},"geometry":{"type":"Polygon","coordinates":[[[116.88241,37.84397],[116.83693,37.83392],[116.80618,37.84736],[116.78889,37.84624],[116.78044,37.82575],[116.75275,37.80063],[116.74242,37.76001],[116.72591,37.75811],[116.71747,37.76598],[116.71258,37.75796],[116.71888,37.74371],[116.70377,37.7344],[116.69592,37.73955],[116.69979,37.7522],[116.68328,37.76209],[116.67504,37.76376],[116.66686,37.75347],[116.64536,37.75646],[116.64004,37.77032],[116.62999,37.77223],[116.61447,37.75374],[116.58346,37.76323],[116.56158,37.78198],[116.54784,37.77846],[116.50729,37.78976],[116.48667,37.78783],[116.48307,37.78059],[116.47501,37.78453],[116.47416,37.77097],[116.46612,37.77369],[116.4687,37.79528],[116.46225,37.80593],[116.47546,37.82908],[116.46776,37.86523],[116.48084,37.85876],[116.5077,37.86233],[116.49994,37.87036],[116.50784,37.87484],[116.50945,37.89238],[116.5278,37.90718],[116.55951,37.979],[116.55782,38.02146],[116.5737,38.02576],[116.60751,38.02022],[116.65194,38.03393],[116.66929,38.00137],[116.68761,37.99893],[116.6885,37.98681],[116.70534,37.98978],[116.71343,37.98135],[116.71626,37.98645],[116.73879,37.97977],[116.73891,37.97388],[116.79508,37.97911],[116.8158,37.96511],[116.82622,37.96636],[116.82659,37.96002],[116.84511,37.95366],[116.83739,37.93077],[116.8567,37.9242],[116.85655,37.89683],[116.84703,37.89515],[116.84678,37.88458],[116.88356,37.87159],[116.88241,37.84397]]]}},{"type":"Feature","id":"CTAMAP-2006-COUNTY-0412","properties":{"map_level":"county","source_name":"肥乡县","source_code":"130428","county_type":"县","prefecture_name":"邯郸市","prefecture_code":"130400","prefecture_type":"地级市","parent_entity_id":"CNUR-000006","parent_year_end_name":"邯郸市","province_name":"河北省","province_code":"130000","snapshot_year":2006,"panel_year":2005,"link_status":"parent_linked","former_name":"","note":""},"geometry":{"type":"Polygon","coordinates":[[[115.03182,36.61031],[115.01462,36.60284],[115.00871,36.58195],[115.0016,36.58157],[115.00841,36.5628],[114.98969,36.55226],[114.98313,36.53606],[114.94281,36.52256],[114.95244,36.52245],[114.95335,36.50729],[114.94507,36.50143],[114.92515,36.50466],[114.90765,36.48009],[114.89724,36.48224],[114.89087,36.49726],[114.87589,36.49113],[114.82989,36.50228],[114.79999,36.49486],[114.77604,36.49854],[114.77572,36.49199],[114.75822,36.50559],[114.73839,36.49995],[114.71948,36.50645],[114.71462,36.49229],[114.67171,36.4936],[114.64977,36.48359],[114.62593,36.48871],[114.61569,36.50765],[114.63931,36.53113],[114.61907,36.56982],[114.65677,36.57647],[114.66182,36.59146],[114.6759,36.59855],[114.69837,36.58387],[114.70026,36.60072],[114.72161,36.60936],[114.70565,36.61447],[114.71137,36.62329],[114.73974,36.62669],[114.80128,36.65543],[114.80066,36.66151],[114.84031,36.66649],[114.84343,36.67422],[114.86845,36.66454],[114.89807,36.66554],[114.89961,36.64685],[114.94032,36.64857],[114.95282,36.63595],[114.97195,36.63342],[114.99015,36.64093],[115.03182,36.61031]]]}},{"type":"Feature","id":"CTAMAP-2006-COUNTY-0420","properties":{"map_level":"county","source_name":"丰南区","source_code":"130207","county_type":"市辖区","prefecture_name":"唐山市","prefecture_code":"130200","prefecture_type":"地级市","parent_entity_id":"CNUR-000004","parent_year_end_name":"唐山市","province_name":"河北省","province_code":"130000","snapshot_year":2006,"panel_year":2005,"link_status":"parent_linked","former_name":"丰南市","note":"2002年撤销丰南市，设立丰南区"},"geometry":{"type":"MultiPolygon","coordinates":[[[[118.73012,39.02897],[118.72566,39.0297],[118.7273,39.03142],[118.73012,39.02897]]],[[[118.30619,39.65489],[118.35232,39.65256],[118.35899,39.64294],[118.37789,39.64758],[118.38672,39.63029],[118.40394,39.61882],[118.40196,39.61105],[118.41924,39.60439],[118.43713,39.58062],[118.42414,39.56196],[118.42451,39.53721],[118.40113,39.52291],[118.39932,39.50025],[118.41069,39.49206],[118.40405,39.4871],[118.41628,39.46139],[118.41364,39.4458],[118.38125,39.43436],[118.39413,39.40835],[118.38073,39.3814],[118.39408,39.36334],[118.38576,39.34691],[118.39655,39.33365],[118.38307,39.3226],[118.37698,39.322],[118.37948,39.32897],[118.35538,39.32746],[118.35837,39.33355],[118.33588,39.35823],[118.30746,39.34925],[118.32051,39.35356],[118.31957,39.38567],[118.31589,39.3983],[118.28771,39.40255],[118.29379,39.41933],[118.28501,39.4304],[118.29783,39.4342],[118.29536,39.45139],[118.25893,39.44145],[118.24681,39.44945],[118.2263,39.44849],[118.22438,39.43031],[118.20721,39.42139],[118.21366,39.39147],[118.22125,39.39176],[118.23696,39.36289],[118.22936,39.34159],[118.26248,39.34417],[118.25566,39.33689],[118.25992,39.31066],[118.27703,39.3123],[118.26934,39.26979],[118.25876,39.25438],[118.28358,39.2145],[118.28442,39.19481],[118.27452,39.19],[118.26972,39.19546],[118.2783,39.20183],[118.24379,39.23547],[118.20428,39.21883],[118.19843,39.22516],[118.21198,39.23138],[118.21398,39.268],[118.1855,39.26889],[118.18507,39.25514],[118.17646,39.24808],[118.1892,39.24352],[118.19936,39.22261],[118.17664,39.20888],[118.17104,39.21472],[118.15153,39.20511],[118.1454,39.18753],[118.15624,39.17625],[118.14423,39.1692],[118.12658,39.17844],[118.13054,39.18731],[118.06685,39.21762],[118.04306,39.21303],[118.04309,39.20108],[118.02309,39.20209],[118.03077,39.22935],[118.05837,39.22997],[118.05917,39.23676],[118.05823,39.25503],[118.02782,39.26694],[118.02071,39.29024],[118.0107,39.28305],[117.98885,39.28771],[117.96129,39.3154],[117.8995,39.31552],[117.88196,39.33135],[117.84087,39.32771],[117.83581,39.33542],[117.85676,39.36137],[117.84582,39.36865],[117.84702,39.35971],[117.83402,39.35168],[117.8055,39.35235],[117.7967,39.35959],[117.80614,39.37413],[117.85971,39.37737],[117.8534,39.40182],[117.84217,39.4002],[117.84102,39.40717],[117.86571,39.41047],[117.86454,39.45393],[117.87256,39.46612],[117.89275,39.47114],[117.88619,39.48545],[117.89256,39.50868],[117.90662,39.51605],[117.89883,39.53342],[117.9278,39.5728],[117.97781,39.56138],[117.9896,39.5742],[117.98498,39.60827],[117.99257,39.63161],[118.01228,39.63299],[118.0314,39.62424],[118.03012,39.61326],[118.0485,39.59222],[118.10047,39.58612],[118.15524,39.56331],[118.14761,39.53614],[118.17287,39.5219],[118.1855,39.49658],[118.20964,39.50539],[118.22084,39.4877],[118.23748,39.48877],[118.24229,39.50341],[118.26232,39.51134],[118.27088,39.52526],[118.23208,39.53727],[118.21701,39.56335],[118.27406,39.56555],[118.28791,39.58067],[118.28758,39.6279],[118.29778,39.63597],[118.29628,39.64737],[118.30619,39.65489]]]]}},{"type":"Feature","id":"CTAMAP-2006-COUNTY-0421","properties":{"map_level":"county","source_name":"丰宁满族自治县","source_code":"130826","county_type":"自治县","prefecture_name":"承德市","prefecture_code":"130800","prefecture_type":"地级市","parent_entity_id":"CNUR-000010","parent_year_end_name":"承德市","province_name":"河北省","province_code":"130000","snapshot_year":2006,"panel_year":2005,"link_status":"parent_linked","former_name":"","note":""},"geometry":{"type":"Polygon","coordinates":[[[116.68836,41.94269],[116.75694,41.92063],[116.79655,41.88967],[116.80429,41.867],[116.7956,41.84764],[116.81409,41.82239],[116.80939,41.8169],[116.84754,41.78549],[116.85168,41.76364],[116.83821,41.74362],[116.8547,41.71792],[116.84516,41.70705],[116.85936,41.67797],[116.87852,41.66482],[116.87599,41.65639],[116.89588,41.64284],[116.87122,41.61474],[116.86606,41.58466],[116.82835,41.56687],[116.7997,41.56677],[116.79834,41.55976],[116.85475,41.54186],[116.88223,41.5226],[116.87309,41.49001],[116.91331,41.50092],[116.96585,41.47655],[117.00273,41.48372],[117.00582,41.49419],[117.02576,41.50459],[117.08232,41.48975],[117.10809,41.49074],[117.13588,41.46098],[117.15263,41.45928],[117.16895,41.4273],[117.1969,41.40914],[117.22451,41.40408],[117.22119,41.39025],[117.2463,41.37835],[117.26066,41.3532],[117.27125,41.34911],[117.2732,41.33498],[117.26303,41.32587],[117.28745,41.3134],[117.28568,41.29148],[117.31499,41.26258],[117.30057,41.24585],[117.2964,41.21871],[117.31286,41.20028],[117.31325,41.18639],[117.4001,41.13181],[117.38726,41.1219],[117.38647,41.07507],[117.33811,41.06808],[117.33271,41.05052],[117.30807,41.03593],[117.27509,41.03928],[117.26524,41.05247],[117.21598,41.04599],[117.19826,41.01124],[117.14379,40.98223],[117.15741,40.97202],[117.15421,40.95772],[117.09747,40.91971],[116.9701,40.93884],[116.9399,40.92549],[116.92433,40.93717],[116.85015,40.95611],[116.80692,40.94958],[116.74774,40.98908],[116.74411,40.99849],[116.71416,40.9976],[116.69023,41.02232],[116.68353,41.04283],[116.67092,41.04109],[116.63767,41.05812],[116.61147,41.05023],[116.608,41.03492],[116.61698,41.01921],[116.6086,40.9818],[116.59589,40.97425],[116.55737,40.99209],[116.5102,40.97355],[116.45785,40.98269],[116.44923,40.97806],[116.44605,40.94907],[116.46738,40.91822],[116.46781,40.8943],[116.39257,40.90415],[116.37006,40.93786],[116.34319,40.95883],[116.33937,40.98065],[116.30828,40.98023],[116.28713,40.98863],[116.28775,41.00571],[116.27015,41.01417],[116.25873,41.03653],[116.28997,41.06067],[116.26948,41.09084],[116.23282,41.12276],[116.22982,41.13166],[116.24319,41.16317],[116.21555,41.17578],[116.23129,41.20982],[116.18733,41.259],[116.19122,41.2923],[116.20344,41.30509],[116.20502,41.32029],[116.16025,41.35882],[116.1302,41.37036],[116.0969,41.36933],[116.07454,41.38512],[116.04115,41.38726],[116.02961,41.4199],[116.00473,41.42929],[116.00493,41.45505],[115.97677,41.46878],[115.98368,41.48137],[115.97332,41.49661],[115.97903,41.50873],[115.96587,41.54417],[115.94015,41.56382],[115.91896,41.56457],[115.92313,41.59421],[115.90361,41.64296],[115.94521,41.66061],[116.04377,41.72609],[116.07448,41.77411],[116.09233,41.77429],[116.12265,41.80436],[116.09939,41.83086],[116.10536,41.85179],[116.1316,41.8687],[116.14823,41.85908],[116.16659,41.87145],[116.19294,41.86213],[116.20878,41.90548],[116.2237,41.92135],[116.22312,41.93605],[116.2737,41.95567],[116.28484,41.96977],[116.29584,41.96816],[116.30768,41.99284],[116.32554,42.00662],[116.37506,42.00789],[116.41413,41.98776],[116.40878,41.96357],[116.38407,41.94685],[116.38671,41.94189],[116.42889,41.93801],[116.45379,41.94816],[116.48967,41.98074],[116.52965,41.95233],[116.5279,41.94472],[116.54591,41.93008],[116.58303,41.92353],[116.58643,41.93419],[116.63277,41.92812],[116.65443,41.94511],[116.68836,41.94269]]]}},{"type":"Feature","id":"CTAMAP-2006-COUNTY-0422","properties":{"map_level":"county","source_name":"丰润区","source_code":"130208","county_type":"市辖区","prefecture_name":"唐山市","prefecture_code":"130200","prefecture_type":"地级市","parent_entity_id":"CNUR-000004","parent_year_end_name":"唐山市","province_name":"河北省","province_code":"130000","snapshot_year":2006,"panel_year":2005,"link_status":"parent_linked","former_name":"丰润县和新区","note":"2002年撤销丰润县和新区，设立丰润区"},"geometry":{"type":"Polygon","coordinates":[[[118.33891,39.97859],[118.35393,39.94165],[118.33733,39.9228],[118.3206,39.91653],[118.31308,39.88969],[118.29518,39.89297],[118.28629,39.87946],[118.27492,39.87988],[118.27434,39.86476],[118.2829,39.85877],[118.27766,39.84166],[118.24327,39.82045],[118.23812,39.80916],[118.25149,39.79568],[118.23294,39.78486],[118.25457,39.77435],[118.25146,39.76716],[118.24213,39.76072],[118.20954,39.77166],[118.20311,39.75723],[118.18413,39.76015],[118.16212,39.7278],[118.16326,39.70073],[118.15704,39.69453],[118.115,39.70173],[118.11879,39.6834],[118.11264,39.66936],[118.09809,39.66696],[118.08958,39.64867],[118.07047,39.63691],[118.06948,39.62906],[118.07854,39.62411],[118.07047,39.6154],[118.0784,39.59031],[118.0485,39.59222],[118.03012,39.61326],[118.0314,39.62424],[118.00137,39.63358],[117.98738,39.62694],[117.9896,39.5742],[117.96969,39.55991],[117.86029,39.59899],[117.84524,39.58827],[117.79581,39.60055],[117.78307,39.59322],[117.76136,39.59779],[117.75983,39.61723],[117.79356,39.6513],[117.83953,39.6559],[117.85849,39.67079],[117.85027,39.69458],[117.87508,39.70226],[117.88327,39.71299],[117.87877,39.72375],[117.88822,39.75172],[117.88421,39.76023],[117.86954,39.76311],[117.87202,39.76866],[117.90982,39.77327],[117.91528,39.80084],[117.92475,39.79822],[117.91664,39.80949],[117.94931,39.79906],[117.9522,39.8072],[117.93561,39.82228],[117.93479,39.83475],[117.91819,39.8358],[117.92639,39.84955],[117.91316,39.85803],[117.92321,39.871],[117.92161,39.90653],[117.90888,39.9085],[117.90681,39.91918],[117.91913,39.92426],[117.93573,39.91366],[117.95341,39.92634],[118.01604,39.92719],[118.04458,39.94091],[118.0436,39.96553],[118.05058,39.97228],[118.06014,39.97258],[118.07185,39.95952],[118.08307,39.95964],[118.10589,39.9803],[118.12398,39.96874],[118.13004,39.98127],[118.12469,39.98866],[118.14214,39.99127],[118.14525,40.00994],[118.16207,40.02244],[118.18123,40.02379],[118.2054,40.05873],[118.22801,40.0629],[118.27178,40.06538],[118.29714,40.04841],[118.30318,40.03669],[118.29554,40.03066],[118.29351,40.01084],[118.30485,40.00293],[118.30867,40.01543],[118.32502,40.01855],[118.33393,39.99978],[118.34945,39.99393],[118.33891,39.97859]]]}},{"type":"Feature","id":"CTAMAP-2006-COUNTY-0430","properties":{"map_level":"county","source_name":"峰峰矿区","source_code":"130406","county_type":"市辖区","prefecture_name":"邯郸市","prefecture_code":"130400","prefecture_type":"地级市","parent_entity_id":"CNUR-000006","parent_year_end_name":"邯郸市","province_name":"河北省","province_code":"130000","snapshot_year":2006,"panel_year":2005,"link_status":"parent_linked","former_name":"","note":""},"geometry":{"type":"Polygon","coordinates":[[[114.27548,36.55029],[114.27965,36.54085],[114.26552,36.531],[114.2763,36.52678],[114.28266,36.50724],[114.27841,36.49939],[114.26511,36.49956],[114.26768,36.48067],[114.29978,36.47911],[114.31058,36.461],[114.28292,36.45918],[114.27788,36.44138],[114.25414,36.43526],[114.24753,36.42316],[114.22737,36.41495],[114.23304,36.40022],[114.21655,36.37244],[114.20709,36.36899],[114.2038,36.34348],[114.18622,36.34423],[114.14343,36.36794],[114.10968,36.36898],[114.10549,36.41209],[114.09401,36.4336],[114.09657,36.47907],[114.08851,36.49034],[114.08856,36.49858],[114.09981,36.50212],[114.09548,36.50825],[114.04721,36.51223],[114.06525,36.53239],[114.08602,36.54031],[114.07877,36.55445],[114.08208,36.57148],[114.09428,36.57142],[114.10178,36.55722],[114.11467,36.55624],[114.12613,36.57409],[114.13778,36.5665],[114.13719,36.55209],[114.17828,36.54296],[114.21895,36.5485],[114.23407,36.561],[114.25516,36.55194],[114.2582,36.54042],[114.27548,36.55029]]]}},{"type":"Feature","id":"CTAMAP-2006-COUNTY-0463","properties":{"map_level":"county","source_name":"抚宁县","source_code":"130323","county_type":"县","prefecture_name":"秦皇岛市","prefecture_code":"130300","prefecture_type":"地级市","parent_entity_id":"CNUR-000005","parent_year_end_name":"秦皇岛市","province_name":"河北省","province_code":"130000","snapshot_year":2006,"panel_year":2005,"link_status":"parent_linked","former_name":"","note":""},"geometry":{"type":"Polygon","coordinates":[[[119.64134,40.28425],[119.646,40.27103],[119.61742,40.22527],[119.62462,40.22167],[119.66411,40.23811],[119.67503,40.21942],[119.70872,40.19505],[119.71308,40.20447],[119.73742,40.20592],[119.75608,40.13877],[119.73566,40.11068],[119.70694,40.11082],[119.70928,40.09944],[119.69288,40.08435],[119.66723,40.08414],[119.66756,40.06713],[119.66034,40.0615],[119.63869,40.05824],[119.62936,40.06642],[119.60635,40.05448],[119.60081,40.06578],[119.57922,40.06043],[119.56425,40.04346],[119.58361,40.04732],[119.58354,40.03596],[119.55828,39.99856],[119.54165,39.99025],[119.5184,39.99612],[119.51163,39.98818],[119.4761,39.98641],[119.46758,39.9645],[119.48206,39.95873],[119.47844,39.93292],[119.45046,39.90992],[119.46749,39.90248],[119.46801,39.88857],[119.44199,39.86547],[119.40305,39.87449],[119.40224,39.86012],[119.4123,39.85816],[119.40842,39.84449],[119.41562,39.83914],[119.40637,39.83288],[119.40367,39.82157],[119.4111,39.81752],[119.40493,39.80974],[119.44485,39.8],[119.36479,39.74708],[119.34481,39.72007],[119.29619,39.73898],[119.27029,39.76633],[119.23555,39.76712],[119.22135,39.80301],[119.18857,39.7957],[119.17491,39.78227],[119.16802,39.79196],[119.13919,39.77906],[119.12775,39.78547],[119.13887,39.80996],[119.13233,39.83786],[119.11304,39.86382],[119.0993,39.85939],[119.09104,39.88802],[119.0704,39.88479],[119.08614,39.91245],[119.07687,39.91617],[119.09359,39.92333],[119.10092,39.93713],[119.08441,39.94056],[119.08775,39.96218],[119.07298,39.9689],[119.06879,39.98768],[119.10596,39.98125],[119.14533,39.98859],[119.12431,40.01166],[119.12309,40.03644],[119.10902,40.04178],[119.12511,40.05845],[119.11889,40.07114],[119.1265,40.085],[119.11455,40.09736],[119.14195,40.12584],[119.15659,40.13446],[119.17182,40.1319],[119.20951,40.15571],[119.27923,40.16082],[119.27392,40.16736],[119.28744,40.17742],[119.339,40.15602],[119.33679,40.12572],[119.35547,40.1166],[119.36924,40.07832],[119.42117,40.08867],[119.43232,40.09841],[119.45242,40.09358],[119.4603,40.10294],[119.48202,40.10533],[119.50365,40.13481],[119.51983,40.14364],[119.50661,40.15216],[119.52519,40.16856],[119.52732,40.18421],[119.53926,40.181],[119.5551,40.19204],[119.54668,40.22354],[119.56224,40.23111],[119.54926,40.26793],[119.58564,40.28],[119.57614,40.30713],[119.60742,40.31785],[119.60922,40.30411],[119.64134,40.28425]]]}},{"type":"Feature","id":"CTAMAP-2006-COUNTY-0468","properties":{"map_level":"county","source_name":"阜城县","source_code":"131128","county_type":"县","prefecture_name":"衡水市","prefecture_code":"131100","prefecture_type":"地级市","parent_entity_id":"CNUR-000013","parent_year_end_name":"衡水市","province_name":"河北省","province_code":"130000","snapshot_year":2006,"panel_year":2005,"link_status":"parent_linked","former_name":"","note":""},"geometry":{"type":"Polygon","coordinates":[[[116.55758,38.01932],[116.55951,37.979],[116.5278,37.90718],[116.50945,37.89238],[116.50784,37.87484],[116.49994,37.87036],[116.5077,37.86233],[116.48084,37.85876],[116.46776,37.86523],[116.47546,37.82942],[116.46824,37.81906],[116.4409,37.83207],[116.41346,37.82502],[116.39922,37.83167],[116.39382,37.84414],[116.37902,37.84245],[116.37734,37.85579],[116.36544,37.8645],[116.32148,37.87212],[116.32226,37.8585],[116.28143,37.85037],[116.28209,37.81399],[116.2756,37.80847],[116.25382,37.8185],[116.25247,37.80956],[116.23708,37.81129],[116.21812,37.82367],[116.20746,37.80125],[116.21606,37.79603],[116.2134,37.78103],[116.19924,37.77492],[116.17196,37.78062],[116.1703,37.77102],[116.15349,37.77738],[116.14868,37.76442],[116.15198,37.78023],[116.14231,37.77803],[116.14528,37.76739],[116.13522,37.7708],[116.13584,37.77957],[116.12162,37.76849],[116.09461,37.77666],[116.1192,37.80682],[116.08325,37.83311],[116.10076,37.86549],[116.08472,37.87285],[116.06023,37.85947],[116.04934,37.86631],[116.0561,37.87751],[116.05944,37.87241],[116.07643,37.87719],[116.06557,37.88795],[116.0657,37.90269],[116.05569,37.90198],[116.05948,37.90876],[116.09218,37.90925],[116.10724,37.91725],[116.11448,37.90935],[116.14732,37.91322],[116.16846,37.9389],[116.16696,37.95277],[116.18282,37.96766],[116.20125,37.96755],[116.21724,37.94997],[116.25458,37.96657],[116.25549,37.95868],[116.26277,37.96872],[116.28558,37.96806],[116.2922,37.98352],[116.29812,37.97788],[116.30979,37.98285],[116.31546,38.00508],[116.33186,38.01803],[116.3796,38.02565],[116.39237,38.01152],[116.44969,38.01506],[116.45384,38.00851],[116.46153,38.02301],[116.47344,38.01069],[116.47798,38.02452],[116.49077,38.01289],[116.55758,38.01932]]]}},{"type":"Feature","id":"CTAMAP-2006-COUNTY-0472","properties":{"map_level":"county","source_name":"阜平县","source_code":"130624","county_type":"县","prefecture_name":"保定市","prefecture_code":"130600","prefecture_type":"地级市","parent_entity_id":"CNUR-000008","parent_year_end_name":"保定市","province_name":"河北省","province_code":"130000","snapshot_year":2006,"panel_year":2005,"link_status":"parent_linked","former_name":"","note":""},"geometry":{"type":"Polygon","coordinates":[[[114.34304,39.07627],[114.41223,39.065],[114.42548,39.04852],[114.45663,39.04195],[114.46732,39.01827],[114.51463,39.01763],[114.52936,38.99269],[114.5253,38.98171],[114.53287,38.95645],[114.5145,38.93323],[114.52503,38.92173],[114.52229,38.91215],[114.49536,38.91173],[114.48938,38.90459],[114.49606,38.88963],[114.51033,38.88282],[114.51431,38.82874],[114.53566,38.81339],[114.52515,38.80693],[114.51936,38.78622],[114.52771,38.7759],[114.49595,38.75827],[114.46219,38.76185],[114.46243,38.75013],[114.41302,38.761],[114.42497,38.7378],[114.41058,38.7203],[114.41092,38.70097],[114.39322,38.70259],[114.38323,38.6891],[114.35435,38.68269],[114.30731,38.71136],[114.27926,38.69881],[114.25308,38.70213],[114.24701,38.69334],[114.18007,38.68416],[114.17143,38.67012],[114.1404,38.67788],[114.12184,38.66864],[114.11792,38.65812],[114.08029,38.65708],[114.07314,38.67014],[114.0612,38.66993],[114.04575,38.68567],[114.03258,38.67943],[114.02298,38.68808],[113.98517,38.67464],[113.96034,38.69822],[113.92527,38.70387],[113.91656,38.71818],[113.88027,38.74318],[113.83864,38.7445],[113.82422,38.75805],[113.82174,38.7916],[113.84964,38.81827],[113.83966,38.83804],[113.79873,38.85155],[113.76634,38.88941],[113.76168,38.97682],[113.77574,38.99338],[113.80613,38.99265],[113.81324,39.01214],[113.84785,39.02671],[113.88105,39.06678],[113.91634,39.06216],[113.94055,39.09198],[113.95735,39.09989],[113.97989,39.09025],[114.0,39.11935],[114.03927,39.13184],[114.05994,39.10411],[114.05828,39.09306],[114.09168,39.08442],[114.11573,39.04858],[114.14429,39.04675],[114.16527,39.0634],[114.1812,39.05173],[114.20233,39.04929],[114.20978,39.06338],[114.2458,39.07242],[114.34304,39.07627]]]}},{"type":"Feature","id":"CTAMAP-2006-COUNTY-0474","properties":{"map_level":"county","source_name":"复兴区","source_code":"130404","county_type":"市辖区","prefecture_name":"邯郸市","prefecture_code":"130400","prefecture_type":"地级市","parent_entity_id":"CNUR-000006","parent_year_end_name":"邯郸市","province_name":"河北省","province_code":"130000","snapshot_year":2006,"panel_year":2005,"link_status":"parent_linked","former_name":"","note":""},"geometry":{"type":"Polygon","coordinates":[[[114.3165,36.67857],[114.33428,36.6683],[114.37638,36.66303],[114.41293,36.63855],[114.42243,36.63737],[114.42861,36.65115],[114.47372,36.65206],[114.46119,36.57753],[114.45356,36.57713],[114.45283,36.56822],[114.407,36.57102],[114.40188,36.59018],[114.38223,36.58842],[114.3566,36.55541],[114.38738,36.54015],[114.38597,36.49605],[114.37435,36.48585],[114.3484,36.49299],[114.35596,36.46661],[114.31816,36.45996],[114.30441,36.46418],[114.29785,36.47996],[114.26768,36.48067],[114.2644,36.49422],[114.28242,36.50633],[114.27877,36.52309],[114.26563,36.53399],[114.27965,36.54085],[114.27774,36.57529],[114.29448,36.59078],[114.2719,36.60559],[114.26893,36.61941],[114.2977,36.62525],[114.3038,36.63875],[114.29589,36.64255],[114.30125,36.65139],[114.31397,36.65275],[114.3165,36.67857]]]}},{"type":"Feature","id":"CTAMAP-2006-COUNTY-0509","properties":{"map_level":"county","source_name":"高碑店市","source_code":"130684","county_type":"县级市","prefecture_name":"保定市","prefecture_code":"130600","prefecture_type":"地级市","parent_entity_id":"CNUR-000008","parent_year_end_name":"保定市","province_name":"河北省","province_code":"130000","snapshot_year":2006,"panel_year":2005,"link_status":"parent_linked","former_name":"","note":""},"geometry":{"type":"Polygon","coordinates":[[[116.11199,39.36593],[116.12808,39.35078],[116.19062,39.35405],[116.20235,39.32135],[116.19528,39.30276],[116.20378,39.27836],[116.19005,39.26183],[116.18152,39.23442],[116.18619,39.22499],[116.17228,39.21445],[116.2041,39.20584],[116.19809,39.16751],[116.21108,39.14768],[116.19124,39.14872],[116.1833,39.15964],[116.14845,39.15357],[116.14529,39.16009],[116.11443,39.15901],[116.0968,39.17141],[116.09474,39.15058],[116.07854,39.14624],[116.08725,39.13579],[116.07807,39.12451],[116.09538,39.11396],[116.09331,39.10699],[116.03368,39.1039],[116.02384,39.09619],[115.94599,39.11086],[115.95901,39.17518],[115.95447,39.19909],[115.96897,39.20784],[115.92924,39.22644],[115.9193,39.23966],[115.92644,39.2459],[115.887,39.27235],[115.88979,39.28681],[115.90379,39.29626],[115.90141,39.30374],[115.81065,39.29987],[115.78574,39.32812],[115.79048,39.34479],[115.80323,39.34699],[115.80399,39.3582],[115.81207,39.35858],[115.80149,39.37926],[115.81735,39.3852],[115.84181,39.38499],[115.86081,39.3706],[115.86618,39.38246],[115.93543,39.37272],[115.95833,39.36157],[115.98957,39.36721],[116.02104,39.34886],[116.02974,39.35029],[116.04255,39.37391],[116.05,39.36437],[116.09549,39.34663],[116.10719,39.3509],[116.11199,39.36593]]]}},{"type":"Feature","id":"CTAMAP-2006-COUNTY-0523","properties":{"map_level":"county","source_name":"高阳县","source_code":"130628","county_type":"县","prefecture_name":"保定市","prefecture_code":"130600","prefecture_type":"地级市","parent_entity_id":"CNUR-000008","parent_year_end_name":"保定市","province_name":"河北省","province_code":"130000","snapshot_year":2006,"panel_year":2005,"link_status":"parent_linked","former_name":"","note":""},"geometry":{"type":"Polygon","coordinates":[[[115.95509,38.7558],[115.93794,38.73288],[115.9602,38.7083],[115.94889,38.70224],[115.9495,38.68909],[115.96312,38.67653],[115.95959,38.66727],[115.96725,38.66814],[115.96817,38.63573],[115.94429,38.62721],[115.95828,38.60891],[115.95418,38.58381],[115.96028,38.57227],[115.94556,38.56924],[115.92906,38.55152],[115.93492,38.52988],[115.89147,38.52366],[115.87341,38.53517],[115.86737,38.52799],[115.85272,38.52979],[115.84745,38.52609],[115.86354,38.52423],[115.87585,38.51468],[115.87268,38.50997],[115.81404,38.52723],[115.83803,38.60744],[115.82302,38.60851],[115.82285,38.62468],[115.80028,38.6398],[115.79161,38.64052],[115.79071,38.63129],[115.74929,38.62892],[115.72092,38.64604],[115.65791,38.65051],[115.63957,38.66667],[115.64686,38.67772],[115.61807,38.68744],[115.61544,38.69483],[115.62456,38.70723],[115.62174,38.72726],[115.64407,38.72915],[115.64684,38.74686],[115.67548,38.76301],[115.68467,38.76027],[115.68356,38.75289],[115.6697,38.74868],[115.66698,38.73591],[115.68921,38.72644],[115.69114,38.73444],[115.71598,38.73147],[115.73711,38.74334],[115.74063,38.76924],[115.77823,38.75845],[115.80165,38.77864],[115.84334,38.75757],[115.87704,38.7695],[115.88235,38.7593],[115.92212,38.76007],[115.94061,38.77527],[115.9391,38.75792],[115.95509,38.7558]]]}},{"type":"Feature","id":"CTAMAP-2006-COUNTY-0525","properties":{"map_level":"county","source_name":"高邑县","source_code":"130127","county_type":"县","prefecture_name":"石家庄市","prefecture_code":"130100","prefecture_type":"地级市","parent_entity_id":"CNUR-000003","parent_year_end_name":"石家庄市","province_name":"河北省","province_code":"130000","snapshot_year":2006,"panel_year":2005,"link_status":"parent_linked","former_name":"","note":""},"geometry":{"type":"Polygon","coordinates":[[[114.63368,37.6937],[114.63041,37.67547],[114.6445,37.67002],[114.64694,37.65456],[114.65831,37.6573],[114.68523,37.63626],[114.70293,37.6522],[114.70289,37.64276],[114.6904,37.63868],[114.69391,37.63334],[114.71915,37.63611],[114.72776,37.62275],[114.69955,37.61426],[114.69103,37.58726],[114.69477,37.57521],[114.68517,37.564],[114.63688,37.55184],[114.59676,37.56021],[114.59793,37.54843],[114.5857,37.54685],[114.50944,37.5834],[114.45602,37.57906],[114.47371,37.59492],[114.47336,37.60519],[114.50061,37.6221],[114.49906,37.64059],[114.51716,37.64221],[114.51476,37.6703],[114.54108,37.66672],[114.56621,37.68347],[114.58599,37.67704],[114.59263,37.69053],[114.63368,37.6937]]]}},{"type":"Feature","id":"CTAMAP-2006-COUNTY-0528","properties":{"map_level":"county","source_name":"藁城市","source_code":"130182","county_type":"县级市","prefecture_name":"石家庄市","prefecture_code":"130100","prefecture_type":"地级市","parent_entity_id":"CNUR-000003","parent_year_end_name":"石家庄市","province_name":"河北省","province_code":"130000","snapshot_year":2006,"panel_year":2005,"link_status":"parent_linked","former_name":"","note":""},"geometry":{"type":"Polygon","coordinates":[[[114.85387,38.26297],[114.84261,38.2507],[114.83333,38.25356],[114.83202,38.23129],[114.79243,38.22491],[114.78064,38.19081],[114.80089,38.17699],[114.78963,38.15026],[114.80204,38.14326],[114.80717,38.10942],[114.81484,38.10975],[114.81682,38.10063],[114.83216,38.10238],[114.81867,38.06012],[114.84123,38.04695],[114.8705,38.04956],[114.88596,38.06125],[114.97758,38.08982],[114.97948,38.04419],[114.96758,38.00961],[114.97912,37.96688],[114.97413,37.9512],[114.96304,37.94438],[114.97461,37.91885],[114.95894,37.90238],[114.97996,37.87915],[114.9781,37.85779],[114.9001,37.85341],[114.88969,37.87054],[114.85062,37.88235],[114.8325,37.88235],[114.81867,37.87164],[114.78454,37.89506],[114.7518,37.88521],[114.74172,37.89275],[114.75835,37.90337],[114.7596,37.92256],[114.73372,37.91987],[114.69477,37.93487],[114.68685,37.94881],[114.67846,37.9489],[114.67771,37.96048],[114.66638,37.96365],[114.66225,37.98668],[114.65002,38.00196],[114.64904,38.01255],[114.67644,38.03021],[114.67035,38.04221],[114.6758,38.05862],[114.68951,38.06274],[114.70145,38.09084],[114.68788,38.09657],[114.68788,38.10675],[114.65837,38.11298],[114.66311,38.14139],[114.6744,38.14328],[114.68014,38.22868],[114.69484,38.23394],[114.68892,38.24545],[114.71289,38.25528],[114.71287,38.27285],[114.72273,38.27887],[114.71311,38.28941],[114.69811,38.28247],[114.69824,38.29939],[114.71222,38.30925],[114.7362,38.30529],[114.75632,38.31199],[114.76293,38.29988],[114.79771,38.29995],[114.85387,38.26297]]]}},{"type":"Feature","id":"CTAMAP-2006-COUNTY-0548","properties":{"map_level":"county","source_name":"沽源县","source_code":"130724","county_type":"县","prefecture_name":"张家口市","prefecture_code":"130700","prefecture_type":"地级市","parent_entity_id":"CNUR-000009","parent_year_end_name":"张家口市","province_name":"河北省","province_code":"130000","snapshot_year":2006,"panel_year":2005,"link_status":"parent_linked","former_name":"","note":""},"geometry":{"type":"Polygon","coordinates":[[[115.91546,41.94868],[115.93739,41.89739],[115.99563,41.82713],[115.99546,41.80246],[116.01014,41.77491],[116.07741,41.77951],[116.04207,41.72464],[115.94521,41.66061],[115.90348,41.64248],[115.92313,41.59421],[115.91896,41.56457],[115.94015,41.56382],[115.96587,41.54417],[115.97903,41.50873],[115.97332,41.49661],[115.98368,41.48137],[115.97677,41.46878],[116.00493,41.45505],[116.00473,41.42929],[116.02961,41.4199],[116.04115,41.38726],[116.02181,41.37401],[116.02567,41.36535],[116.00966,41.32187],[115.989,41.30153],[115.96263,41.30516],[115.9516,41.25937],[115.94391,41.25996],[115.95625,41.24774],[115.94939,41.23706],[115.89697,41.23265],[115.86567,41.27098],[115.81975,41.27541],[115.79253,41.32685],[115.74513,41.36484],[115.72475,41.36889],[115.68968,41.35424],[115.65631,41.31742],[115.62021,41.3181],[115.61177,41.30114],[115.58538,41.28317],[115.58713,41.26768],[115.56965,41.25831],[115.54396,41.26925],[115.54429,41.28743],[115.51636,41.27899],[115.49153,41.2922],[115.46696,41.28864],[115.46202,41.2719],[115.45379,41.26966],[115.44442,41.28578],[115.45148,41.28743],[115.45838,41.3143],[115.44497,41.32488],[115.43753,41.35892],[115.41351,41.37185],[115.38418,41.4089],[115.34311,41.42691],[115.32037,41.42473],[115.30401,41.45702],[115.28092,41.46648],[115.26961,41.48637],[115.21118,41.49825],[115.18692,41.51477],[115.17325,41.51552],[115.15164,41.5001],[115.08426,41.50621],[115.03444,41.52805],[114.99763,41.5172],[114.99928,41.52576],[114.9912,41.52669],[114.96998,41.50997],[114.95565,41.51649],[114.95201,41.52991],[114.92786,41.52643],[114.92378,41.51607],[114.93223,41.50729],[114.96945,41.49528],[114.94064,41.48588],[114.92347,41.49947],[114.87749,41.49316],[114.87524,41.51615],[114.83973,41.51588],[114.85256,41.57611],[114.87873,41.59142],[114.87539,41.60527],[115.01587,41.6116],[115.03245,41.60337],[115.0304,41.59747],[115.04778,41.59575],[115.06434,41.60143],[115.08078,41.62084],[115.09222,41.62169],[115.11361,41.61142],[115.1415,41.61439],[115.14496,41.60082],[115.19179,41.60224],[115.19923,41.59784],[115.19757,41.56931],[115.25109,41.57907],[115.25991,41.5908],[115.25675,41.61353],[115.27536,41.61948],[115.29093,41.61222],[115.30429,41.59061],[115.35935,41.5939],[115.37078,41.60075],[115.3388,41.63348],[115.35571,41.66592],[115.33018,41.67295],[115.3084,41.70098],[115.52794,41.77031],[115.72188,41.87267],[115.72603,41.89264],[115.76393,41.88579],[115.79093,41.90445],[115.78944,41.91266],[115.81318,41.91782],[115.82356,41.93286],[115.87852,41.9357],[115.91546,41.94868]]]}},{"type":"Feature","id":"CTAMAP-2006-COUNTY-0557","properties":{"map_level":"county","source_name":"古冶区","source_code":"130204","county_type":"市辖区","prefecture_name":"唐山市","prefecture_code":"130200","prefecture_type":"地级市","parent_entity_id":"CNUR-000004","parent_year_end_name":"唐山市","province_name":"河北省","province_code":"130000","snapshot_year":2006,"panel_year":2005,"link_status":"parent_linked","former_name":"","note":""},"geometry":{"type":"Polygon","coordinates":[[[118.45941,39.59277],[118.43633,39.58124],[118.41924,39.60439],[118.40196,39.61105],[118.40394,39.61882],[118.38672,39.63029],[118.37789,39.64758],[118.35899,39.64294],[118.35232,39.65256],[118.33877,39.65386],[118.34203,39.67168],[118.3658,39.6717],[118.37279,39.69032],[118.35569,39.69661],[118.36,39.71053],[118.35261,39.72013],[118.32979,39.71553],[118.31621,39.73011],[118.32826,39.75431],[118.36414,39.76312],[118.36067,39.77475],[118.38456,39.79109],[118.3889,39.80601],[118.4008,39.79824],[118.42046,39.81705],[118.43488,39.81351],[118.43798,39.79682],[118.46538,39.79102],[118.47947,39.77545],[118.50576,39.77422],[118.51935,39.76308],[118.53404,39.76912],[118.54033,39.76164],[118.53423,39.73314],[118.57301,39.72713],[118.56388,39.70666],[118.5463,39.7044],[118.53773,39.69389],[118.52887,39.70305],[118.5194,39.69592],[118.5031,39.71941],[118.44251,39.69778],[118.44119,39.67716],[118.43055,39.67087],[118.43749,39.6579],[118.46564,39.65788],[118.46754,39.63291],[118.47606,39.62958],[118.45941,39.59277]]]}},{"type":"Feature","id":"CTAMAP-2006-COUNTY-0560","properties":{"map_level":"county","source_name":"固安县","source_code":"131022","county_type":"县","prefecture_name":"廊坊市","prefecture_code":"131000","prefecture_type":"地级市","parent_entity_id":"CNUR-000012","parent_year_end_name":"廊坊市","province_name":"河北省","province_code":"130000","snapshot_year":2006,"panel_year":2005,"link_status":"parent_linked","former_name":"","note":""},"geometry":{"type":"Polygon","coordinates":[[[116.24013,39.51643],[116.25293,39.49893],[116.29932,39.48823],[116.32784,39.45467],[116.42864,39.44208],[116.45663,39.45193],[116.45117,39.41373],[116.46311,39.40939],[116.46712,39.41624],[116.47601,39.40223],[116.45615,39.38052],[116.43301,39.37297],[116.42351,39.35474],[116.4043,39.35411],[116.40545,39.34268],[116.37566,39.33452],[116.37656,39.30713],[116.39298,39.30222],[116.37933,39.24957],[116.37237,39.24827],[116.37921,39.21262],[116.36611,39.20969],[116.3488,39.21852],[116.3264,39.19138],[116.29368,39.1867],[116.28355,39.17112],[116.29217,39.16708],[116.2909,39.14192],[116.2541,39.13132],[116.25573,39.13794],[116.21108,39.14768],[116.19809,39.16751],[116.2041,39.20584],[116.17228,39.21445],[116.18619,39.22499],[116.18152,39.23442],[116.19005,39.26183],[116.20378,39.27836],[116.19528,39.30276],[116.20235,39.32135],[116.19062,39.35405],[116.12808,39.35078],[116.11091,39.37356],[116.12293,39.38933],[116.12669,39.42971],[116.13434,39.42988],[116.12887,39.43575],[116.14506,39.4697],[116.16522,39.47732],[116.1764,39.4953],[116.19797,39.50183],[116.20095,39.50986],[116.21494,39.51046],[116.21654,39.50143],[116.24013,39.51643]]]}},{"type":"Feature","id":"CTAMAP-2006-COUNTY-0564","properties":{"map_level":"county","source_name":"故城县","source_code":"131126","county_type":"县","prefecture_name":"衡水市","prefecture_code":"131100","prefecture_type":"地级市","parent_entity_id":"CNUR-000013","parent_year_end_name":"衡水市","province_name":"河北省","province_code":"130000","snapshot_year":2006,"panel_year":2005,"link_status":"parent_linked","former_name":"","note":""},"geometry":{"type":"Polygon","coordinates":[[[116.22253,37.46832],[116.22414,37.45894],[116.23786,37.45517],[116.22188,37.42574],[116.24157,37.42162],[116.26276,37.42938],[116.25682,37.41986],[116.26937,37.41849],[116.26439,37.41207],[116.27987,37.40308],[116.26732,37.39784],[116.26626,37.38872],[116.25577,37.38913],[116.25684,37.38261],[116.23084,37.36099],[116.18629,37.36553],[116.16064,37.38412],[116.10155,37.36815],[116.07544,37.37227],[116.00304,37.34227],[115.97058,37.3369],[115.97903,37.31599],[115.96253,37.28742],[115.97066,37.27513],[115.96149,37.24962],[115.96556,37.2423],[115.90325,37.2027],[115.89902,37.18849],[115.90643,37.17608],[115.87408,37.15053],[115.87997,37.12338],[115.85076,37.0606],[115.84249,37.05897],[115.84706,37.06312],[115.82915,37.07347],[115.833,37.09515],[115.82207,37.115],[115.79093,37.11329],[115.76513,37.13546],[115.75646,37.14831],[115.75904,37.17763],[115.74665,37.17808],[115.75865,37.20126],[115.74652,37.21319],[115.76343,37.22755],[115.78446,37.26627],[115.77443,37.28934],[115.7789,37.33337],[115.79497,37.35662],[115.84402,37.38127],[115.87662,37.41489],[115.89289,37.49325],[115.91811,37.49003],[115.94776,37.50617],[115.96117,37.49979],[115.96485,37.51072],[116.0081,37.51808],[116.01478,37.52717],[116.03549,37.51884],[116.0322,37.50089],[116.0486,37.50937],[116.08707,37.50598],[116.09686,37.52666],[116.13892,37.54557],[116.13773,37.53524],[116.16355,37.53124],[116.17387,37.52015],[116.16937,37.49686],[116.18465,37.49266],[116.1737,37.47572],[116.19197,37.47007],[116.19376,37.463],[116.21568,37.4616],[116.22253,37.46832]]]}},{"type":"Feature","id":"CTAMAP-2006-COUNTY-0568","properties":{"map_level":"county","source_name":"馆陶县","source_code":"130433","county_type":"县","prefecture_name":"邯郸市","prefecture_code":"130400","prefecture_type":"地级市","parent_entity_id":"CNUR-000006","parent_year_end_name":"邯郸市","province_name":"河北省","province_code":"130000","snapshot_year":2006,"panel_year":2005,"link_status":"parent_linked","former_name":"","note":""},"geometry":{"type":"Polygon","coordinates":[[[115.47242,36.75102],[115.44399,36.7127],[115.43932,36.69303],[115.41434,36.68636],[115.40227,36.66389],[115.38039,36.65614],[115.38212,36.6467],[115.35982,36.62182],[115.34808,36.62834],[115.32821,36.582],[115.3253,36.54941],[115.27783,36.49112],[115.27422,36.46417],[115.25089,36.44859],[115.2407,36.45259],[115.22023,36.44366],[115.20799,36.45071],[115.20764,36.46636],[115.16082,36.46093],[115.15167,36.47673],[115.11262,36.49399],[115.1234,36.52585],[115.14689,36.5263],[115.15506,36.53664],[115.16861,36.53848],[115.17756,36.58079],[115.18635,36.57999],[115.19994,36.60707],[115.21373,36.6117],[115.21668,36.62051],[115.19573,36.62656],[115.19745,36.63624],[115.21652,36.6323],[115.23559,36.64087],[115.23681,36.65354],[115.23045,36.64997],[115.22605,36.65664],[115.23518,36.67473],[115.25432,36.67562],[115.26963,36.68689],[115.28993,36.67026],[115.30473,36.66812],[115.30778,36.67738],[115.29041,36.69002],[115.28764,36.70124],[115.31089,36.70718],[115.32336,36.72066],[115.32168,36.73949],[115.3109,36.73803],[115.30446,36.75175],[115.31232,36.76224],[115.32456,36.76175],[115.32667,36.77864],[115.34649,36.78579],[115.3666,36.76426],[115.39607,36.75683],[115.40384,36.76792],[115.43419,36.76458],[115.4438,36.7548],[115.47242,36.75102]]]}},{"type":"Feature","id":"CTAMAP-2006-COUNTY-0584","properties":{"map_level":"county","source_name":"广平县","source_code":"130432","county_type":"县","prefecture_name":"邯郸市","prefecture_code":"130400","prefecture_type":"地级市","parent_entity_id":"CNUR-000006","parent_year_end_name":"邯郸市","province_name":"河北省","province_code":"130000","snapshot_year":2006,"panel_year":2005,"link_status":"parent_linked","former_name":"","note":""},"geometry":{"type":"Polygon","coordinates":[[[115.17647,36.57704],[115.16861,36.53848],[115.15506,36.53664],[115.14689,36.5263],[115.1234,36.52585],[115.11156,36.49948],[115.10091,36.50371],[115.07185,36.49452],[115.05377,36.47752],[115.0493,36.454],[115.03421,36.45049],[115.02641,36.43893],[114.98899,36.44563],[114.97054,36.43195],[114.9616,36.44144],[114.94452,36.42939],[114.92954,36.43416],[114.92026,36.41888],[114.90171,36.42191],[114.90073,36.41304],[114.91133,36.40794],[114.90944,36.39331],[114.88663,36.37088],[114.85332,36.38481],[114.82971,36.37766],[114.8218,36.38862],[114.82309,36.39593],[114.84531,36.40391],[114.88257,36.40337],[114.88811,36.41557],[114.8824,36.4324],[114.85481,36.43866],[114.8583,36.48142],[114.85141,36.4822],[114.8519,36.49444],[114.87809,36.49104],[114.89101,36.49724],[114.90564,36.47963],[114.92515,36.50466],[114.94507,36.50143],[114.95493,36.51053],[114.95244,36.52245],[114.94281,36.52256],[114.98313,36.53606],[114.98969,36.55226],[115.00841,36.5628],[115.0016,36.58157],[115.00871,36.58195],[115.01481,36.603],[115.0331,36.61084],[115.06391,36.59264],[115.0814,36.59649],[115.09898,36.59017],[115.10214,36.60355],[115.126,36.59893],[115.13596,36.60455],[115.13913,36.61835],[115.15013,36.61793],[115.15598,36.60715],[115.131,36.58914],[115.17647,36.57704]]]}},{"type":"Feature","id":"CTAMAP-2006-COUNTY-0587","properties":{"map_level":"county","source_name":"广阳区","source_code":"131003","county_type":"市辖区","prefecture_name":"廊坊市","prefecture_code":"131000","prefecture_type":"地级市","parent_entity_id":"CNUR-000012","parent_year_end_name":"廊坊市","province_name":"河北省","province_code":"130000","snapshot_year":2006,"panel_year":2005,"link_status":"parent_linked","former_name":"","note":"2000年新设立广阳区"},"geometry":{"type":"Polygon","coordinates":[[[116.71953,39.62288],[116.73186,39.61418],[116.75676,39.61246],[116.77332,39.5919],[116.7845,39.59519],[116.784,39.60935],[116.80637,39.61481],[116.80743,39.59917],[116.79978,39.60607],[116.79385,39.60279],[116.8023,39.59623],[116.79189,39.59319],[116.80566,39.57581],[116.78101,39.55055],[116.79984,39.52804],[116.81704,39.53167],[116.81786,39.51096],[116.808,39.50915],[116.8146,39.47949],[116.76323,39.46582],[116.76185,39.47773],[116.63618,39.54794],[116.62371,39.53738],[116.61208,39.54525],[116.60494,39.52665],[116.62871,39.52263],[116.62961,39.51278],[116.64599,39.5136],[116.6592,39.49445],[116.61066,39.50099],[116.61184,39.48595],[116.59079,39.47198],[116.5961,39.45835],[116.57441,39.45921],[116.56751,39.46391],[116.57056,39.47168],[116.56419,39.46627],[116.54041,39.47785],[116.52799,39.46776],[116.48591,39.46956],[116.48595,39.45395],[116.46502,39.44856],[116.44873,39.45231],[116.43801,39.48089],[116.42213,39.47488],[116.42045,39.48645],[116.40574,39.4806],[116.4171,39.49527],[116.39856,39.51241],[116.39648,39.52553],[116.41526,39.52397],[116.41846,39.50839],[116.43767,39.50852],[116.43065,39.52501],[116.45835,39.52634],[116.47168,39.53497],[116.46715,39.55189],[116.50241,39.54958],[116.50286,39.55917],[116.52097,39.57199],[116.5138,39.58071],[116.51987,39.5956],[116.55773,39.6026],[116.56017,39.61874],[116.58959,39.61703],[116.60194,39.62385],[116.61477,39.60066],[116.66419,39.60382],[116.68895,39.59817],[116.69923,39.58681],[116.72077,39.5949],[116.69723,39.60907],[116.69465,39.61987],[116.71953,39.62288]]]}},{"type":"Feature","id":"CTAMAP-2006-COUNTY-0588","properties":{"map_level":"county","source_name":"广宗县","source_code":"130531","county_type":"县","prefecture_name":"邢台市","prefecture_code":"130500","prefecture_type":"地级市","parent_entity_id":"CNUR-000007","parent_year_end_name":"邢台市","province_name":"河北省","province_code":"130000","snapshot_year":2006,"panel_year":2005,"link_status":"parent_linked","former_name":"","note":""},"geometry":{"type":"Polygon","coordinates":[[[115.25651,37.29446],[115.25697,37.28184],[115.27569,37.27766],[115.27302,37.26469],[115.25696,37.25921],[115.27354,37.22589],[115.29538,37.21185],[115.26977,37.20766],[115.24493,37.1892],[115.23123,37.1933],[115.22185,37.18224],[115.22701,37.15819],[115.21598,37.15167],[115.22333,37.13877],[115.23725,37.14276],[115.2292,37.11755],[115.23932,37.11827],[115.24551,37.09933],[115.25976,37.10375],[115.26726,37.12003],[115.27358,37.11974],[115.27809,37.10291],[115.26439,37.08231],[115.27269,37.07525],[115.26059,37.05367],[115.2621,37.03778],[115.25383,37.03662],[115.24028,37.01385],[115.22014,37.01708],[115.24562,36.98785],[115.24534,36.98017],[115.23315,36.97443],[115.24187,36.95448],[115.20281,36.952],[115.19779,36.94506],[115.2008,36.93772],[115.23747,36.94157],[115.25176,36.93157],[115.24217,36.92258],[115.24513,36.91191],[115.21031,36.90144],[115.19706,36.90641],[115.19641,36.90108],[115.22223,36.89506],[115.20629,36.86906],[115.18547,36.8669],[115.17011,36.85033],[115.15736,36.84988],[115.15092,36.86058],[115.16044,36.86354],[115.16817,36.88055],[115.16015,36.90103],[115.11101,36.90338],[115.10853,36.92275],[115.09673,36.92494],[115.12348,36.93838],[115.10103,36.95846],[115.1317,36.97836],[115.12116,36.97885],[115.11257,37.01542],[115.10663,37.01544],[115.10486,37.04122],[115.11561,37.04453],[115.11691,37.05269],[115.10184,37.05988],[115.11315,37.09316],[115.1114,37.08959],[115.09739,37.08847],[115.10454,37.11048],[115.09981,37.12753],[115.10813,37.12858],[115.11551,37.14635],[115.10987,37.14746],[115.11259,37.16661],[115.12526,37.17251],[115.11279,37.18845],[115.12366,37.20501],[115.13312,37.1968],[115.13717,37.20893],[115.16924,37.21074],[115.17697,37.2177],[115.16672,37.23042],[115.15721,37.22566],[115.1384,37.23282],[115.14746,37.24211],[115.14533,37.25801],[115.17313,37.2542],[115.17858,37.26946],[115.21493,37.26486],[115.22645,37.28585],[115.21335,37.29734],[115.23057,37.30823],[115.23704,37.29733],[115.25651,37.29446]]]}},{"type":"Feature","id":"CTAMAP-2006-COUNTY-0613","properties":{"map_level":"county","source_name":"海兴县","source_code":"130924","county_type":"县","prefecture_name":"沧州市","prefecture_code":"130900","prefecture_type":"地级市","parent_entity_id":"CNUR-000011","parent_year_end_name":"沧州市","province_name":"河北省","province_code":"130000","snapshot_year":2006,"panel_year":2005,"link_status":"parent_linked","former_name":"","note":""},"geometry":{"type":"Polygon","coordinates":[[[117.84454,38.26435],[117.84365,38.25466],[117.80005,38.22685],[117.80025,38.21726],[117.78466,38.20299],[117.79054,38.19632],[117.7828,38.18014],[117.76021,38.16335],[117.76562,38.13427],[117.73684,38.12276],[117.7233,38.10623],[117.72306,38.09221],[117.70269,38.07714],[117.67392,38.0793],[117.61396,38.06814],[117.59814,38.07304],[117.55802,38.06257],[117.54964,38.04856],[117.55436,38.04046],[117.51889,37.99077],[117.50624,37.94233],[117.49731,37.93434],[117.49102,37.94161],[117.45733,37.93231],[117.45362,37.95247],[117.46463,37.97055],[117.42533,37.97807],[117.42942,37.98606],[117.39528,37.98844],[117.38877,38.02329],[117.36979,38.01853],[117.36607,38.03442],[117.39165,38.04657],[117.38592,38.05815],[117.35093,38.05826],[117.35022,38.07542],[117.3343,38.07419],[117.35005,38.09069],[117.33612,38.10142],[117.32171,38.0999],[117.31876,38.10767],[117.32215,38.12015],[117.34162,38.1338],[117.34567,38.1513],[117.33729,38.15651],[117.35715,38.16092],[117.35337,38.1712],[117.36872,38.19275],[117.38589,38.18932],[117.38262,38.20091],[117.37005,38.20491],[117.37047,38.21712],[117.37993,38.22159],[117.4866,38.21513],[117.5332,38.22725],[117.54986,38.22196],[117.56523,38.23128],[117.56972,38.22337],[117.60354,38.23748],[117.59919,38.24756],[117.59973,38.25444],[117.60997,38.25462],[117.60689,38.28062],[117.66704,38.28279],[117.74046,38.26728],[117.76865,38.25216],[117.8013,38.2769],[117.82378,38.26378],[117.84454,38.26435]]]}},{"type":"Feature","id":"CTAMAP-2006-COUNTY-0654","properties":{"map_level":"county","source_name":"河间市","source_code":"130984","county_type":"县级市","prefecture_name":"沧州市","prefecture_code":"130900","prefecture_type":"地级市","parent_entity_id":"CNUR-000011","parent_year_end_name":"沧州市","province_name":"河北省","province_code":"130000","snapshot_year":2006,"panel_year":2005,"link_status":"parent_linked","former_name":"","note":""},"geometry":{"type":"Polygon","coordinates":[[[116.35431,38.65638],[116.386,38.60194],[116.41409,38.60242],[116.42363,38.58534],[116.44892,38.57943],[116.44221,38.56688],[116.44908,38.55497],[116.42596,38.55164],[116.42511,38.53868],[116.42935,38.52721],[116.44663,38.53372],[116.45107,38.52649],[116.44382,38.51199],[116.45976,38.49378],[116.51622,38.48659],[116.54444,38.50243],[116.56046,38.49405],[116.5553,38.48446],[116.56358,38.4705],[116.57594,38.4698],[116.57418,38.47545],[116.58526,38.48037],[116.59258,38.46171],[116.62847,38.47146],[116.6363,38.45319],[116.61029,38.42502],[116.61533,38.41892],[116.60392,38.40507],[116.58551,38.40528],[116.58295,38.41482],[116.56955,38.41985],[116.54016,38.39433],[116.52025,38.39427],[116.51595,38.4017],[116.49655,38.36422],[116.4971,38.35143],[116.46121,38.32944],[116.45896,38.30865],[116.43478,38.32401],[116.43748,38.35335],[116.42394,38.36057],[116.41808,38.35019],[116.38196,38.34914],[116.35685,38.36512],[116.33792,38.36524],[116.32387,38.3581],[116.32768,38.34745],[116.31309,38.34408],[116.28952,38.36135],[116.28477,38.35363],[116.25303,38.36502],[116.24131,38.36079],[116.21757,38.3764],[116.19255,38.38117],[116.18328,38.36843],[116.18749,38.3579],[116.17133,38.35281],[116.16864,38.33228],[116.15371,38.34223],[116.13918,38.34029],[116.11551,38.33099],[116.10214,38.31462],[116.01903,38.33072],[116.01831,38.34415],[116.03289,38.35881],[116.03181,38.3942],[116.04558,38.41194],[116.01537,38.41648],[116.0233,38.43413],[116.03407,38.43929],[116.02164,38.44802],[116.0122,38.47649],[115.96951,38.48429],[115.93297,38.47835],[115.92165,38.49158],[115.93797,38.52436],[115.93649,38.54031],[115.92802,38.54637],[115.93319,38.55762],[115.95599,38.57144],[115.97603,38.55111],[115.99125,38.55248],[116.02178,38.56183],[116.01936,38.57158],[116.03384,38.57986],[116.04886,38.55998],[116.05359,38.58028],[116.08488,38.58309],[116.09934,38.57476],[116.12877,38.57758],[116.15732,38.56407],[116.17045,38.58522],[116.17562,38.61747],[116.21374,38.62013],[116.24084,38.6309],[116.23982,38.63936],[116.25608,38.64331],[116.27019,38.66815],[116.29779,38.66466],[116.31012,38.67176],[116.33821,38.66663],[116.34331,38.65429],[116.35431,38.65638]]]}},{"type":"Feature","id":"CTAMAP-2006-COUNTY-0730","properties":{"map_level":"county","source_name":"怀安县","source_code":"130728","county_type":"县","prefecture_name":"张家口市","prefecture_code":"130700","prefecture_type":"地级市","parent_entity_id":"CNUR-000009","parent_year_end_name":"张家口市","province_name":"河北省","province_code":"130000","snapshot_year":2006,"panel_year":2005,"link_status":"parent_linked","former_name":"","note":""},"geometry":{"type":"Polygon","coordinates":[[[114.34498,40.74025],[114.34591,40.71859],[114.35409,40.71287],[114.4559,40.69619],[114.50512,40.67432],[114.63895,40.69102],[114.71752,40.72047],[114.75822,40.71542],[114.7749,40.70486],[114.76407,40.68249],[114.79443,40.66831],[114.76675,40.64177],[114.78994,40.60887],[114.7772,40.52958],[114.79537,40.52375],[114.79484,40.51103],[114.78099,40.49616],[114.74616,40.49591],[114.75622,40.47088],[114.7408,40.46674],[114.73473,40.44459],[114.69553,40.42458],[114.71201,40.39895],[114.70703,40.37554],[114.64994,40.37269],[114.62032,40.35515],[114.60633,40.36493],[114.52565,40.34205],[114.50556,40.35673],[114.47168,40.34312],[114.44556,40.36935],[114.41358,40.36571],[114.39099,40.34868],[114.37696,40.35262],[114.37462,40.36147],[114.29742,40.36772],[114.29713,40.38807],[114.2798,40.42363],[114.2919,40.44571],[114.26563,40.45874],[114.26075,40.47294],[114.27603,40.49361],[114.29053,40.53615],[114.28469,40.5493],[114.26687,40.55277],[114.27039,40.5771],[114.28102,40.58489],[114.2548,40.61109],[114.22699,40.6062],[114.20449,40.62248],[114.20837,40.63795],[114.17282,40.67708],[114.16797,40.69549],[114.1386,40.73295],[114.14694,40.75173],[114.19545,40.76864],[114.2232,40.7521],[114.25237,40.75537],[114.30079,40.74672],[114.31866,40.73246],[114.34498,40.74025]]]}},{"type":"Feature","id":"CTAMAP-2006-COUNTY-0732","properties":{"map_level":"county","source_name":"怀来县","source_code":"130730","county_type":"县","prefecture_name":"张家口市","prefecture_code":"130700","prefecture_type":"地级市","parent_entity_id":"CNUR-000009","parent_year_end_name":"张家口市","province_name":"河北省","province_code":"130000","snapshot_year":2006,"panel_year":2005,"link_status":"parent_linked","former_name":"","note":""},"geometry":{"type":"Polygon","coordinates":[[[115.73337,40.5116],[115.72954,40.50266],[115.73587,40.49535],[115.77551,40.49206],[115.76347,40.46826],[115.76454,40.44131],[115.79019,40.42557],[115.83132,40.38009],[115.85435,40.37454],[115.85196,40.36224],[115.85844,40.35829],[115.91232,40.35281],[115.91809,40.32519],[115.93525,40.31067],[115.93385,40.30202],[115.96181,40.26241],[115.92409,40.25354],[115.91096,40.24606],[115.9063,40.23305],[115.8925,40.23345],[115.86588,40.1862],[115.842,40.18288],[115.8475,40.17951],[115.83821,40.16649],[115.84585,40.14694],[115.80037,40.15208],[115.7807,40.16921],[115.78077,40.1775],[115.77141,40.17662],[115.74804,40.16203],[115.74327,40.15177],[115.74858,40.14424],[115.72983,40.12872],[115.64839,40.13022],[115.63568,40.11482],[115.59376,40.11858],[115.58462,40.09536],[115.55779,40.09711],[115.54491,40.0779],[115.50339,40.06427],[115.49938,40.1114],[115.47881,40.14031],[115.46424,40.18564],[115.47266,40.20931],[115.44326,40.23919],[115.43967,40.25423],[115.4585,40.28244],[115.45518,40.29629],[115.46761,40.31149],[115.48588,40.31585],[115.49216,40.33502],[115.46711,40.34334],[115.42326,40.33428],[115.41851,40.35019],[115.43258,40.35889],[115.32521,40.39374],[115.28497,40.44194],[115.27882,40.46738],[115.31043,40.47206],[115.34213,40.51497],[115.41445,40.49881],[115.41768,40.5123],[115.45839,40.52938],[115.4902,40.56298],[115.5026,40.56395],[115.50897,40.57802],[115.54757,40.56191],[115.59756,40.56885],[115.62829,40.56404],[115.63612,40.57975],[115.66032,40.57478],[115.6724,40.55955],[115.68291,40.56789],[115.68213,40.57911],[115.7217,40.58145],[115.72499,40.54631],[115.71583,40.5303],[115.73337,40.5116]]]}},{"type":"Feature","id":"CTAMAP-2006-COUNTY-0751","properties":{"map_level":"county","source_name":"黄骅市","source_code":"130983","county_type":"县级市","prefecture_name":"沧州市","prefecture_code":"130900","prefecture_type":"地级市","parent_entity_id":"CNUR-000011","parent_year_end_name":"沧州市","province_name":"河北省","province_code":"130000","snapshot_year":2006,"panel_year":2005,"link_status":"parent_linked","former_name":"","note":""},"geometry":{"type":"Polygon","coordinates":[[[117.53858,38.61775],[117.58666,38.61291],[117.59857,38.56719],[117.62732,38.51435],[117.6325,38.49798],[117.62786,38.48889],[117.62917,38.48626],[117.63654,38.48764],[117.65342,38.47098],[117.70333,38.38811],[117.76148,38.32761],[117.76876,38.33119],[117.76235,38.33702],[117.78124,38.34979],[117.7881,38.34362],[117.80259,38.35337],[117.81149,38.34521],[117.83307,38.35974],[117.8488,38.35648],[117.85352,38.35213],[117.82486,38.33284],[117.83376,38.32472],[117.87196,38.35041],[118.00378,38.40935],[118.01531,38.39354],[117.95949,38.37413],[117.9218,38.3537],[117.91967,38.34493],[117.8635,38.32809],[117.87796,38.31456],[117.90044,38.32095],[117.84689,38.28278],[117.84065,38.27565],[117.84908,38.27269],[117.84454,38.26435],[117.82378,38.26378],[117.8013,38.2769],[117.76865,38.25216],[117.74046,38.26728],[117.66704,38.28279],[117.60689,38.28062],[117.60997,38.25462],[117.59973,38.25444],[117.59919,38.24756],[117.60354,38.23748],[117.56972,38.22337],[117.56523,38.23128],[117.54986,38.22196],[117.5332,38.22725],[117.4866,38.21513],[117.43148,38.22296],[117.40085,38.22279],[117.37993,38.22159],[117.37719,38.22064],[117.37015,38.20446],[117.38697,38.19156],[117.36872,38.19275],[117.35337,38.1712],[117.35832,38.16411],[117.35299,38.15819],[117.27146,38.15946],[117.25068,38.18083],[117.1983,38.17649],[117.19465,38.19922],[117.15014,38.21631],[117.14919,38.23017],[117.13358,38.23866],[117.13117,38.25858],[117.13087,38.2731],[117.14381,38.28862],[117.14535,38.32167],[117.11508,38.32996],[117.10644,38.35863],[117.07831,38.37076],[117.10315,38.38841],[117.08996,38.4218],[117.07677,38.42824],[117.10761,38.4759],[117.1054,38.491],[117.08619,38.50034],[117.08649,38.52969],[117.07835,38.54306],[117.08658,38.5514],[117.08542,38.56852],[117.09303,38.5696],[117.09186,38.58601],[117.1035,38.58397],[117.11825,38.59905],[117.13197,38.59881],[117.14479,38.61685],[117.194,38.62112],[117.21415,38.64301],[117.2241,38.64153],[117.21888,38.63008],[117.23052,38.63054],[117.22653,38.62009],[117.24978,38.61333],[117.25046,38.59764],[117.23163,38.58454],[117.25504,38.58602],[117.23324,38.578],[117.24701,38.55549],[117.2862,38.56171],[117.28905,38.57135],[117.30202,38.55482],[117.3186,38.56384],[117.34415,38.5609],[117.35149,38.56972],[117.34876,38.57732],[117.34841,38.57989],[117.36243,38.58157],[117.36269,38.56389],[117.39158,38.5741],[117.40361,38.59301],[117.47522,38.61054],[117.47255,38.61651],[117.51591,38.61353],[117.52018,38.59991],[117.53527,38.60299],[117.53858,38.61775]]]}},{"type":"Feature","id":"CTAMAP-2006-COUNTY-0797","properties":{"map_level":"county","source_name":"鸡泽县","source_code":"130431","county_type":"县","prefecture_name":"邯郸市","prefecture_code":"130400","prefecture_type":"地级市","parent_entity_id":"CNUR-000006","parent_year_end_name":"邯郸市","province_name":"河北省","province_code":"130000","snapshot_year":2006,"panel_year":2005,"link_status":"parent_linked","former_name":"","note":""},"geometry":{"type":"Polygon","coordinates":[[[114.88449,36.96923],[114.93762,36.94722],[114.96053,36.95293],[114.97108,36.93609],[114.96146,36.91559],[114.96472,36.88864],[114.95121,36.88854],[114.94404,36.87884],[114.94304,36.86785],[114.95308,36.86284],[114.93936,36.82413],[114.94428,36.81003],[114.9237,36.80126],[114.9277,36.79119],[114.91271,36.78801],[114.91795,36.77356],[114.91092,36.76825],[114.92147,36.7587],[114.91649,36.74897],[114.89432,36.74262],[114.88455,36.75332],[114.86765,36.74933],[114.8706,36.77137],[114.82128,36.79352],[114.76778,36.79457],[114.75605,36.81315],[114.7573,36.83188],[114.74435,36.83997],[114.7438,36.86051],[114.70615,36.87763],[114.76233,36.88972],[114.75371,36.9187],[114.75986,36.92782],[114.78727,36.91286],[114.81026,36.92835],[114.81572,36.94319],[114.83264,36.94794],[114.8321,36.96047],[114.88449,36.96923]]]}},{"type":"Feature","id":"CTAMAP-2006-COUNTY-0818","properties":{"map_level":"county","source_name":"冀州市","source_code":"131181","county_type":"县级市","prefecture_name":"衡水市","prefecture_code":"131100","prefecture_type":"地级市","parent_entity_id":"CNUR-000013","parent_year_end_name":"衡水市","province_name":"河北省","province_code":"130000","snapshot_year":2006,"panel_year":2005,"link_status":"parent_linked","former_name":"","note":""},"geometry":{"type":"Polygon","coordinates":[[[115.43145,37.72133],[115.42336,37.70981],[115.44736,37.70285],[115.46156,37.68721],[115.46977,37.70442],[115.49125,37.70458],[115.50795,37.69042],[115.51143,37.66827],[115.52851,37.66589],[115.52995,37.63741],[115.55878,37.63244],[115.55943,37.62309],[115.62964,37.61954],[115.63584,37.62697],[115.64051,37.61274],[115.65378,37.61201],[115.67156,37.62591],[115.68329,37.62175],[115.68373,37.59913],[115.67396,37.58982],[115.68455,37.58814],[115.68028,37.57335],[115.65596,37.56037],[115.65298,37.54352],[115.61979,37.52827],[115.63544,37.49359],[115.59541,37.49413],[115.5857,37.47079],[115.5767,37.47375],[115.55084,37.44922],[115.56307,37.43825],[115.55995,37.42791],[115.57358,37.42344],[115.56714,37.41408],[115.56859,37.39665],[115.5804,37.38069],[115.57424,37.36793],[115.60988,37.37499],[115.64271,37.354],[115.63917,37.34332],[115.61869,37.33293],[115.58423,37.33551],[115.56878,37.32659],[115.57687,37.32345],[115.57493,37.31268],[115.56372,37.32274],[115.54143,37.31933],[115.51901,37.33357],[115.51454,37.34052],[115.52187,37.35227],[115.48959,37.36295],[115.48454,37.38261],[115.45935,37.38978],[115.41433,37.38791],[115.39659,37.42372],[115.35106,37.43234],[115.35145,37.44191],[115.33594,37.44673],[115.353,37.46522],[115.36549,37.45478],[115.37722,37.45669],[115.37319,37.46501],[115.38652,37.47212],[115.39244,37.45625],[115.40485,37.4623],[115.40354,37.46944],[115.43132,37.45885],[115.42076,37.46578],[115.42828,37.47257],[115.41906,37.48424],[115.41662,37.47439],[115.4031,37.47511],[115.41519,37.48673],[115.40177,37.48644],[115.41078,37.49649],[115.39189,37.49632],[115.39612,37.50929],[115.41951,37.50709],[115.41758,37.49227],[115.44912,37.50026],[115.42983,37.51071],[115.42212,37.50283],[115.42186,37.51054],[115.40132,37.52398],[115.39727,37.5375],[115.36769,37.54354],[115.35728,37.56583],[115.35034,37.53301],[115.35552,37.52362],[115.3215,37.54432],[115.30913,37.56113],[115.28212,37.56241],[115.27188,37.57678],[115.22668,37.57973],[115.21325,37.55862],[115.19639,37.55598],[115.18402,37.56595],[115.19452,37.57531],[115.18346,37.57794],[115.17947,37.59219],[115.16688,37.59812],[115.18597,37.60831],[115.18384,37.62444],[115.19383,37.63096],[115.19372,37.64395],[115.21352,37.645],[115.21434,37.65357],[115.28664,37.63018],[115.29498,37.65955],[115.31065,37.65916],[115.31933,37.67608],[115.30964,37.69008],[115.32773,37.71132],[115.37476,37.7063],[115.38812,37.71145],[115.37996,37.7262],[115.36438,37.73116],[115.37101,37.74114],[115.40307,37.72409],[115.41225,37.7298],[115.43145,37.72133]]]}},{"type":"Feature","id":"CTAMAP-2006-COUNTY-0929","properties":{"map_level":"county","source_name":"晋州市","source_code":"130183","county_type":"县级市","prefecture_name":"石家庄市","prefecture_code":"130100","prefecture_type":"地级市","parent_entity_id":"CNUR-000003","parent_year_end_name":"石家庄市","province_name":"河北省","province_code":"130000","snapshot_year":2006,"panel_year":2005,"link_status":"parent_linked","former_name":"","note":""},"geometry":{"type":"Polygon","coordinates":[[[115.08903,38.1667],[115.08204,38.15139],[115.08496,38.12196],[115.19984,38.13346],[115.20972,38.09754],[115.18708,38.06822],[115.21051,38.06103],[115.21515,38.0513],[115.20482,38.04711],[115.20459,38.03549],[115.18309,38.03233],[115.18274,38.02173],[115.20616,38.02005],[115.20438,38.00993],[115.18762,38.00893],[115.18869,37.98815],[115.17099,37.98183],[115.16399,37.95153],[115.13802,37.94613],[115.16271,37.92416],[115.14436,37.90899],[115.14947,37.87887],[115.12956,37.87127],[115.11427,37.85353],[115.14187,37.84711],[115.14015,37.80362],[115.12589,37.79847],[115.11713,37.81009],[115.10445,37.81149],[115.06626,37.78522],[115.04918,37.79899],[115.02714,37.80293],[115.02305,37.82036],[115.01336,37.82429],[115.01555,37.84503],[114.99617,37.85178],[114.99673,37.87609],[114.97178,37.8835],[114.95894,37.90238],[114.97461,37.91885],[114.96304,37.94438],[114.97413,37.9512],[114.97912,37.96688],[114.96758,38.00961],[114.97948,38.04419],[114.97755,38.08905],[115.02231,38.12793],[115.05766,38.14623],[115.0584,38.1613],[115.08903,38.1667]]]}},{"type":"Feature","id":"CTAMAP-2006-COUNTY-0942","properties":{"map_level":"county","source_name":"井陉矿区","source_code":"130107","county_type":"市辖区","prefecture_name":"石家庄市","prefecture_code":"130100","prefecture_type":"地级市","parent_entity_id":"CNUR-000003","parent_year_end_name":"石家庄市","province_name":"河北省","province_code":"130000","snapshot_year":2006,"panel_year":2005,"link_status":"parent_linked","former_name":"","note":""},"geometry":{"type":"MultiPolygon","coordinates":[[[[114.1051,38.13625],[114.08667,38.11699],[114.09151,38.1038],[114.07541,38.09065],[114.07439,38.07996],[114.10237,38.07683],[114.06888,38.07119],[114.07332,38.05178],[114.06367,38.02919],[114.0215,38.0328],[114.0089,38.03871],[114.00142,38.05605],[113.98111,38.06259],[113.99493,38.09881],[114.03707,38.11918],[114.06674,38.11073],[114.07476,38.11941],[114.08565,38.11644],[114.08843,38.13322],[114.1051,38.13625]]],[[[114.00656,38.02215],[114.01907,38.02732],[114.0239,38.022],[114.00676,38.01944],[114.0065,38.0034],[113.98712,38.01593],[113.98584,38.02904],[114.00656,38.02215]]]]}},{"type":"Feature","id":"CTAMAP-2006-COUNTY-0943","properties":{"map_level":"county","source_name":"井陉县","source_code":"130121","county_type":"县","prefecture_name":"石家庄市","prefecture_code":"130100","prefecture_type":"地级市","parent_entity_id":"CNUR-000003","parent_year_end_name":"石家庄市","province_name":"河北省","province_code":"130000","snapshot_year":2006,"panel_year":2005,"link_status":"parent_linked","former_name":"","note":""},"geometry":{"type":"Polygon","coordinates":[[[114.16006,38.17268],[114.21847,38.17343],[114.2449,38.15722],[114.24651,38.13185],[114.20624,38.11849],[114.20168,38.10878],[114.21867,38.10176],[114.21267,38.09301],[114.21878,38.07114],[114.25025,38.06774],[114.27218,38.05404],[114.26269,38.02172],[114.24117,38.00828],[114.27073,37.99537],[114.29225,38.00085],[114.29806,37.99166],[114.28758,37.95766],[114.29064,37.94412],[114.25856,37.9208],[114.23283,37.91806],[114.22462,37.89942],[114.22975,37.88872],[114.2217,37.88323],[114.23211,37.87398],[114.23071,37.85167],[114.21404,37.84562],[114.18809,37.85351],[114.1738,37.84951],[114.16819,37.83295],[114.20678,37.81912],[114.20017,37.80359],[114.20912,37.78181],[114.1679,37.75963],[114.16193,37.73853],[114.14459,37.73095],[114.13487,37.69456],[114.11223,37.70044],[114.10645,37.7104],[114.09862,37.70716],[114.09531,37.71594],[114.08485,37.71018],[114.039,37.72686],[114.02933,37.7261],[114.02506,37.71294],[114.01155,37.71853],[113.99094,37.70952],[113.984,37.71924],[113.99305,37.74198],[114.03737,37.75253],[114.03745,37.78644],[114.00557,37.8028],[114.00798,37.81166],[113.96738,37.81654],[113.95888,37.82645],[113.95696,37.84916],[113.97033,37.86282],[113.96842,37.87804],[113.94587,37.91544],[113.92955,37.92065],[113.92048,37.94952],[113.89109,37.98505],[113.85827,37.99818],[113.8706,38.01133],[113.87102,38.05571],[113.81724,38.10684],[113.80552,38.10943],[113.80978,38.12761],[113.83906,38.18916],[113.84758,38.19367],[113.89701,38.17334],[113.92932,38.18201],[113.95944,38.16682],[113.99273,38.17558],[114.02062,38.20924],[114.05035,38.21761],[114.08158,38.19774],[114.1332,38.20157],[114.1592,38.18468],[114.16006,38.17268]],[[114.1051,38.13625],[114.08843,38.13322],[114.08565,38.11644],[114.07476,38.11941],[114.06674,38.11073],[114.03707,38.11918],[113.99493,38.09881],[113.98111,38.06259],[114.00142,38.05605],[114.0089,38.03871],[114.0215,38.0328],[114.06367,38.02919],[114.07332,38.05178],[114.06888,38.07119],[114.10237,38.07683],[114.07439,38.07996],[114.07541,38.09065],[114.09151,38.1038],[114.08667,38.11699],[114.1051,38.13625]],[[114.00656,38.02215],[113.98702,38.02995],[113.98584,38.02904],[113.98712,38.01593],[114.0065,38.0034],[114.00676,38.01944],[114.0239,38.022],[114.01907,38.02732],[114.00656,38.02215]]]}},{"type":"Feature","id":"CTAMAP-2006-COUNTY-0950","properties":{"map_level":"county","source_name":"景县","source_code":"131127","county_type":"县","prefecture_name":"衡水市","prefecture_code":"131100","prefecture_type":"地级市","parent_entity_id":"CNUR-000013","parent_year_end_name":"衡水市","province_name":"河北省","province_code":"130000","snapshot_year":2006,"panel_year":2005,"link_status":"parent_linked","former_name":"","note":""},"geometry":{"type":"Polygon","coordinates":[[[116.46824,37.81906],[116.46225,37.80593],[116.46689,37.77588],[116.45342,37.77769],[116.44623,37.75827],[116.41817,37.74999],[116.42866,37.73405],[116.40762,37.73331],[116.40751,37.72194],[116.38088,37.696],[116.37932,37.67068],[116.36465,37.66522],[116.37293,37.65792],[116.35911,37.64669],[116.36904,37.63844],[116.36948,37.61667],[116.35417,37.61952],[116.34849,37.61012],[116.33595,37.61468],[116.3358,37.60835],[116.32266,37.60659],[116.33106,37.58111],[116.3134,37.57866],[116.32893,37.57361],[116.2996,37.56351],[116.29379,37.56887],[116.2949,37.55925],[116.28699,37.55885],[116.2804,37.53166],[116.28561,37.52227],[116.27055,37.52124],[116.27461,37.50996],[116.28336,37.50874],[116.27869,37.49892],[116.28728,37.4965],[116.27793,37.48823],[116.28462,37.48345],[116.26573,37.47855],[116.27286,37.46453],[116.23589,37.49096],[116.22935,37.479],[116.21869,37.47898],[116.2228,37.46972],[116.21693,37.46198],[116.19376,37.463],[116.17323,37.47638],[116.18465,37.49266],[116.16937,37.49686],[116.17387,37.52015],[116.16355,37.53124],[116.13773,37.53524],[116.13892,37.54557],[116.09686,37.52666],[116.08707,37.50598],[116.0486,37.50937],[116.0322,37.50089],[116.03549,37.51884],[116.01478,37.52717],[116.0081,37.51808],[115.96485,37.51072],[115.96117,37.49979],[115.94776,37.50617],[115.92094,37.49424],[115.91215,37.50661],[115.91856,37.5219],[115.90358,37.5436],[115.91183,37.55649],[115.90241,37.58235],[115.90769,37.57627],[115.91477,37.58172],[115.90608,37.59084],[115.9234,37.59815],[115.93353,37.61466],[115.94768,37.61427],[115.95422,37.62546],[115.96747,37.62787],[115.97323,37.64396],[115.98477,37.64556],[115.99817,37.66554],[115.9952,37.67832],[116.01174,37.6876],[116.00859,37.70029],[116.01661,37.71743],[116.00934,37.74305],[116.05597,37.74919],[116.06854,37.75882],[116.06811,37.77768],[116.0928,37.78117],[116.12162,37.76849],[116.13584,37.77957],[116.13522,37.7708],[116.14528,37.76739],[116.14231,37.77803],[116.14992,37.7807],[116.14868,37.76442],[116.15349,37.77738],[116.1703,37.77102],[116.17196,37.78062],[116.20505,37.77585],[116.21543,37.78812],[116.20746,37.80125],[116.21812,37.82367],[116.23708,37.81129],[116.25247,37.80956],[116.25382,37.8185],[116.2756,37.80847],[116.28209,37.81399],[116.28143,37.85037],[116.32226,37.8585],[116.32148,37.87212],[116.36544,37.8645],[116.37734,37.85579],[116.37902,37.84245],[116.39382,37.84414],[116.39922,37.83167],[116.41346,37.82502],[116.4409,37.83207],[116.46824,37.81906]]]}},{"type":"Feature","id":"CTAMAP-2006-COUNTY-0951","properties":{"map_level":"county","source_name":"新市区","source_code":"130602","county_type":"市辖区","prefecture_name":"保定市","prefecture_code":"130600","prefecture_type":"地级市","parent_entity_id":"CNUR-000008","parent_year_end_name":"保定市","province_name":"河北省","province_code":"130000","snapshot_year":2006,"panel_year":2005,"link_status":"parent_linked","former_name":"","note":""},"geometry":{"type":"Polygon","coordinates":[[[115.46973,38.94103],[115.48545,38.87926],[115.46158,38.84664],[115.44574,38.84004],[115.4457,38.824],[115.42753,38.82351],[115.42756,38.83211],[115.4199,38.83031],[115.42179,38.81968],[115.41147,38.82748],[115.39564,38.8155],[115.36357,38.80797],[115.33572,38.82886],[115.35888,38.83807],[115.35272,38.85325],[115.33148,38.85663],[115.33048,38.87095],[115.34071,38.88766],[115.35048,38.88885],[115.35173,38.91369],[115.36563,38.93348],[115.36734,38.95384],[115.38602,38.95561],[115.41966,38.94345],[115.44685,38.954],[115.45538,38.93678],[115.46973,38.94103]]]}},{"type":"Feature","id":"CTAMAP-2006-COUNTY-0973","properties":{"map_level":"county","source_name":"巨鹿县","source_code":"130529","county_type":"县","prefecture_name":"邢台市","prefecture_code":"130500","prefecture_type":"地级市","parent_entity_id":"CNUR-000007","parent_year_end_name":"邢台市","province_name":"河北省","province_code":"130000","snapshot_year":2006,"panel_year":2005,"link_status":"parent_linked","former_name":"","note":""},"geometry":{"type":"Polygon","coordinates":[[[115.11078,37.42609],[115.15566,37.41604],[115.15683,37.39374],[115.16816,37.39329],[115.17519,37.41048],[115.18667,37.40995],[115.18788,37.36346],[115.16865,37.35306],[115.17135,37.3359],[115.2005,37.33312],[115.20464,37.31794],[115.19653,37.31379],[115.19784,37.29203],[115.22646,37.28575],[115.21483,37.26481],[115.17858,37.26946],[115.17313,37.2542],[115.14533,37.25801],[115.14746,37.24211],[115.1384,37.23282],[115.15721,37.22566],[115.16672,37.23042],[115.17699,37.21776],[115.16924,37.21074],[115.13717,37.20893],[115.13312,37.1968],[115.12366,37.20501],[115.11957,37.20103],[115.11283,37.18454],[115.12526,37.17251],[115.11259,37.16661],[115.10987,37.14746],[115.11551,37.14635],[115.10813,37.12858],[115.08672,37.13157],[115.07072,37.11966],[115.06574,37.12958],[115.04688,37.12663],[115.0377,37.13664],[114.99164,37.14275],[114.99125,37.15571],[114.95217,37.1523],[114.88844,37.17229],[114.89282,37.20302],[114.87344,37.2159],[114.87798,37.23102],[114.87048,37.24216],[114.84831,37.23979],[114.83637,37.25501],[114.87946,37.25145],[114.86343,37.26606],[114.87008,37.27574],[114.89524,37.27136],[114.90078,37.27994],[114.93045,37.28438],[114.9303,37.30304],[114.95383,37.31176],[114.93991,37.33216],[114.96828,37.32144],[114.9629,37.33786],[114.97765,37.36736],[115.01261,37.38543],[115.01233,37.41687],[115.0569,37.41148],[115.06388,37.39812],[115.10951,37.40019],[115.11078,37.42609]]]}},{"type":"Feature","id":"CTAMAP-2006-COUNTY-0986","properties":{"map_level":"county","source_name":"开平区","source_code":"130205","county_type":"市辖区","prefecture_name":"唐山市","prefecture_code":"130200","prefecture_type":"地级市","parent_entity_id":"CNUR-000004","parent_year_end_name":"唐山市","province_name":"河北省","province_code":"130000","snapshot_year":2006,"panel_year":2005,"link_status":"parent_linked","former_name":"","note":""},"geometry":{"type":"Polygon","coordinates":[[[118.3816,39.79109],[118.36067,39.77475],[118.36414,39.76312],[118.32675,39.75315],[118.31621,39.73011],[118.32979,39.71553],[118.35378,39.71918],[118.36,39.71053],[118.35569,39.69661],[118.37279,39.69032],[118.37444,39.68131],[118.3658,39.6717],[118.34203,39.67168],[118.33514,39.65186],[118.30619,39.65489],[118.29628,39.64737],[118.29778,39.63597],[118.28758,39.6279],[118.28791,39.58067],[118.27406,39.56555],[118.23258,39.56501],[118.23842,39.58412],[118.2237,39.58465],[118.23563,39.59604],[118.22221,39.59894],[118.22982,39.60154],[118.22167,39.63075],[118.23392,39.65029],[118.21578,39.65678],[118.21669,39.67836],[118.22535,39.69018],[118.20345,39.69263],[118.2,39.70859],[118.19105,39.71015],[118.18987,39.68812],[118.17427,39.70997],[118.162,39.71054],[118.16785,39.73824],[118.18413,39.76015],[118.20311,39.75723],[118.20954,39.77166],[118.2398,39.761],[118.2507,39.76647],[118.25457,39.77435],[118.23294,39.78486],[118.25206,39.80165],[118.26036,39.79214],[118.27718,39.79405],[118.28279,39.7853],[118.30633,39.79363],[118.32576,39.78515],[118.32986,39.80053],[118.3816,39.79109]]]}},{"type":"Feature","id":"CTAMAP-2006-COUNTY-0993","properties":{"map_level":"county","source_name":"康保县","source_code":"130723","county_type":"县","prefecture_name":"张家口市","prefecture_code":"130700","prefecture_type":"地级市","parent_entity_id":"CNUR-000009","parent_year_end_name":"张家口市","province_name":"河北省","province_code":"130000","snapshot_year":2006,"panel_year":2005,"link_status":"parent_linked","former_name":"","note":""},"geometry":{"type":"Polygon","coordinates":[[[114.78758,42.14727],[114.82211,42.14557],[114.82089,42.13545],[114.85464,42.10085],[114.85453,42.05291],[114.8827,42.02783],[114.86891,42.01939],[114.89552,42.01367],[114.90357,42.00133],[114.90925,41.95707],[114.92696,41.94163],[114.92659,41.93548],[114.90966,41.93446],[114.90969,41.91092],[114.91948,41.8991],[114.90533,41.88333],[114.90622,41.87178],[114.91426,41.8533],[114.9282,41.85416],[114.93321,41.84483],[114.90445,41.81748],[114.86256,41.81156],[114.8604,41.8016],[114.88803,41.78379],[114.89795,41.63621],[114.87415,41.62251],[114.85875,41.60193],[114.87873,41.59142],[114.85256,41.57611],[114.83983,41.50818],[114.82121,41.48314],[114.7315,41.46252],[114.7083,41.47013],[114.66628,41.46968],[114.6357,41.46131],[114.63484,41.451],[114.55484,41.44217],[114.52097,41.42322],[114.47334,41.48579],[114.36184,41.5739],[114.33754,41.56245],[114.31881,41.53655],[114.26663,41.52527],[114.24834,41.52855],[114.24727,41.50941],[114.22435,41.51164],[114.21492,41.5799],[114.23058,41.59419],[114.22021,41.6169],[114.24713,41.62076],[114.24774,41.6283],[114.2085,41.68248],[114.2126,41.69816],[114.23088,41.69659],[114.22584,41.71563],[114.19999,41.73631],[114.20949,41.75212],[114.19958,41.75643],[114.19361,41.78699],[114.22373,41.81152],[114.23526,41.83215],[114.27591,41.85169],[114.2824,41.86888],[114.29164,41.87016],[114.29524,41.89339],[114.32424,41.91215],[114.31902,41.92708],[114.34262,41.92764],[114.34699,41.95235],[114.35896,41.94601],[114.37405,41.95493],[114.41531,41.93997],[114.47006,41.95083],[114.48083,41.96512],[114.5041,41.97114],[114.49485,41.99072],[114.47814,41.99706],[114.47545,42.01046],[114.48089,42.01197],[114.4642,42.02244],[114.45937,42.03583],[114.47323,42.06217],[114.48663,42.05676],[114.49581,42.06509],[114.51143,42.11849],[114.58019,42.13048],[114.60339,42.12609],[114.64124,42.10298],[114.68369,42.1201],[114.74649,42.1135],[114.78288,42.12896],[114.78758,42.14727]]]}},{"type":"Feature","id":"CTAMAP-2006-COUNTY-1017","properties":{"map_level":"county","source_name":"宽城满族自治县","source_code":"130827","county_type":"自治县","prefecture_name":"承德市","prefecture_code":"130800","prefecture_type":"地级市","parent_entity_id":"CNUR-000010","parent_year_end_name":"承德市","province_name":"河北省","province_code":"130000","snapshot_year":2006,"panel_year":2005,"link_status":"parent_linked","former_name":"","note":""},"geometry":{"type":"Polygon","coordinates":[[[119.15209,40.6128],[119.09954,40.60227],[119.08063,40.58695],[119.05653,40.60446],[119.00568,40.57599],[118.98881,40.57659],[118.97404,40.56028],[118.94922,40.55752],[118.95996,40.5353],[118.95301,40.53005],[118.91516,40.52955],[118.88137,40.54099],[118.85595,40.52665],[118.81526,40.53063],[118.79368,40.51523],[118.78601,40.49105],[118.76681,40.47837],[118.71695,40.47242],[118.69365,40.49013],[118.65645,40.44673],[118.63054,40.44901],[118.60351,40.4275],[118.62816,40.41363],[118.62778,40.39035],[118.64628,40.37002],[118.606,40.32866],[118.60416,40.31664],[118.57168,40.30693],[118.57881,40.28767],[118.56903,40.29127],[118.55897,40.2825],[118.54279,40.2894],[118.52459,40.31663],[118.53305,40.32052],[118.53292,40.35788],[118.54771,40.3604],[118.5473,40.3824],[118.56298,40.40164],[118.56248,40.41345],[118.53826,40.41776],[118.51172,40.40284],[118.4742,40.40208],[118.46362,40.41081],[118.39864,40.41348],[118.38375,40.43443],[118.36639,40.4271],[118.31994,40.42881],[118.32019,40.41859],[118.30122,40.41645],[118.2736,40.42512],[118.27078,40.43566],[118.25809,40.43983],[118.25536,40.45575],[118.24242,40.46207],[118.23318,40.46383],[118.22848,40.451],[118.19976,40.44228],[118.17908,40.46439],[118.19416,40.50976],[118.24405,40.52128],[118.25288,40.53185],[118.23323,40.54766],[118.22806,40.57257],[118.2155,40.57616],[118.20862,40.56595],[118.2009,40.56864],[118.21751,40.58785],[118.24294,40.59565],[118.23512,40.6077],[118.24036,40.61591],[118.26131,40.62803],[118.29078,40.62729],[118.3325,40.64311],[118.35531,40.67483],[118.42066,40.70712],[118.47664,40.70176],[118.49681,40.68644],[118.52951,40.68576],[118.5414,40.67203],[118.55032,40.70021],[118.56726,40.6993],[118.60068,40.71808],[118.62023,40.71161],[118.65725,40.73791],[118.67011,40.71644],[118.68586,40.73048],[118.73731,40.71741],[118.73778,40.70686],[118.75354,40.7028],[118.75654,40.68936],[118.76655,40.68404],[118.80701,40.69841],[118.81741,40.72048],[118.82749,40.71835],[118.90571,40.75475],[118.94368,40.7462],[118.95441,40.71901],[119.00509,40.68603],[119.02203,40.69026],[119.04271,40.67974],[119.04827,40.66346],[119.05901,40.66181],[119.07206,40.67627],[119.09921,40.66227],[119.16025,40.69371],[119.18038,40.67326],[119.16801,40.65304],[119.13832,40.6326],[119.15209,40.6128]]]}},{"type":"Feature","id":"CTAMAP-2006-COUNTY-1032","properties":{"map_level":"county","source_name":"涞水县","source_code":"130623","county_type":"县","prefecture_name":"保定市","prefecture_code":"130600","prefecture_type":"地级市","parent_entity_id":"CNUR-000008","parent_year_end_name":"保定市","province_name":"河北省","province_code":"130000","snapshot_year":2006,"panel_year":2005,"link_status":"parent_linked","former_name":"","note":""},"geometry":{"type":"Polygon","coordinates":[[[115.56318,39.81245],[115.54591,39.79359],[115.50061,39.78237],[115.47704,39.79749],[115.45173,39.78096],[115.43635,39.78381],[115.41842,39.77327],[115.4288,39.76881],[115.43392,39.7504],[115.48625,39.73724],[115.48517,39.70265],[115.49261,39.68856],[115.4824,39.68019],[115.48533,39.66782],[115.47201,39.65037],[115.50045,39.65095],[115.51622,39.63885],[115.51591,39.6211],[115.50623,39.60933],[115.51018,39.5901],[115.53959,39.61771],[115.57448,39.58842],[115.61205,39.60297],[115.65096,39.5987],[115.66125,39.61449],[115.68193,39.59988],[115.6934,39.57586],[115.68626,39.56542],[115.71084,39.55934],[115.71698,39.54284],[115.73234,39.54518],[115.74598,39.51291],[115.76583,39.51091],[115.77032,39.48984],[115.75136,39.4909],[115.75256,39.48191],[115.74738,39.48411],[115.73719,39.46594],[115.7489,39.46169],[115.77776,39.41541],[115.79337,39.41454],[115.79083,39.40563],[115.80455,39.38865],[115.78774,39.37678],[115.80565,39.37457],[115.81207,39.35858],[115.80399,39.3582],[115.80323,39.34699],[115.79048,39.34479],[115.78574,39.32812],[115.71909,39.32032],[115.69708,39.29431],[115.68158,39.30019],[115.67273,39.31669],[115.62445,39.30985],[115.60983,39.32003],[115.61656,39.33312],[115.60047,39.3424],[115.59247,39.36216],[115.61023,39.37044],[115.61214,39.38001],[115.57669,39.39117],[115.57796,39.4285],[115.56111,39.44881],[115.55576,39.48501],[115.53668,39.50251],[115.47284,39.51334],[115.4474,39.55315],[115.42359,39.54978],[115.41325,39.51747],[115.37367,39.51098],[115.35917,39.49506],[115.32508,39.51339],[115.33544,39.52799],[115.31673,39.54763],[115.29705,39.54487],[115.23491,39.56237],[115.21175,39.54804],[115.20753,39.55957],[115.15441,39.57142],[115.10293,39.59769],[115.09134,39.58323],[115.09806,39.57441],[115.11573,39.57531],[115.11174,39.56505],[115.12655,39.55417],[115.11513,39.54185],[115.06045,39.54626],[115.02961,39.54004],[114.99361,39.55925],[115.01296,39.58178],[114.9974,39.59357],[114.99665,39.60371],[115.03352,39.61687],[115.05404,39.634],[115.04768,39.64756],[115.01117,39.67424],[115.03229,39.70285],[115.09287,39.70448],[115.11709,39.68625],[115.13322,39.68727],[115.16318,39.67169],[115.17522,39.68092],[115.17503,39.7019],[115.20999,39.70709],[115.23825,39.73467],[115.27719,39.74416],[115.30662,39.7823],[115.33645,39.78942],[115.32253,39.80465],[115.33873,39.82015],[115.33788,39.8407],[115.35604,39.85899],[115.35694,39.88474],[115.39495,39.88764],[115.38959,39.90512],[115.40265,39.91398],[115.4197,39.94904],[115.43722,39.95042],[115.47458,39.93436],[115.48076,39.92256],[115.51429,39.90103],[115.50276,39.883],[115.52246,39.87106],[115.50711,39.84066],[115.56318,39.81245]]]}},{"type":"Feature","id":"CTAMAP-2006-COUNTY-1033","properties":{"map_level":"county","source_name":"涞源县","source_code":"130630","county_type":"县","prefecture_name":"保定市","prefecture_code":"130600","prefecture_type":"地级市","parent_entity_id":"CNUR-000008","parent_year_end_name":"保定市","province_name":"河北省","province_code":"130000","snapshot_year":2006,"panel_year":2005,"link_status":"parent_linked","former_name":"","note":""},"geometry":{"type":"Polygon","coordinates":[[[115.01117,39.67424],[115.05427,39.63605],[115.03352,39.61687],[114.99635,39.60327],[114.9974,39.59357],[115.01296,39.58178],[114.99361,39.55925],[115.02961,39.54004],[115.01043,39.52249],[115.01149,39.49642],[115.04741,39.47641],[115.0801,39.4745],[115.08188,39.46795],[115.05576,39.43597],[115.02481,39.43417],[115.0382,39.39893],[115.01889,39.37519],[115.02538,39.35521],[115.01948,39.34737],[114.98037,39.33674],[114.96984,39.31604],[114.94117,39.29434],[114.9225,39.31162],[114.90193,39.30986],[114.87628,39.26751],[114.8505,39.26077],[114.84809,39.22822],[114.86765,39.2203],[114.86659,39.19653],[114.89516,39.18484],[114.88739,39.16991],[114.86382,39.15733],[114.85902,39.13936],[114.88045,39.13179],[114.88785,39.10476],[114.84586,39.10052],[114.79994,39.11743],[114.77285,39.10876],[114.72762,39.1459],[114.67811,39.15803],[114.63687,39.14916],[114.61609,39.12686],[114.59334,39.1259],[114.55785,39.09254],[114.55007,39.062],[114.50425,39.06352],[114.46739,39.02721],[114.45209,39.04468],[114.42519,39.04868],[114.41223,39.065],[114.34304,39.07627],[114.36379,39.10932],[114.35334,39.1398],[114.37334,39.14746],[114.36936,39.15591],[114.37683,39.17264],[114.43713,39.17277],[114.44152,39.19067],[114.45821,39.18651],[114.46437,39.19332],[114.46727,39.2189],[114.40975,39.24153],[114.43051,39.26],[114.41978,39.2846],[114.42825,39.31516],[114.44592,39.32771],[114.45883,39.32721],[114.47273,39.34475],[114.4627,39.35443],[114.46896,39.40684],[114.49161,39.43086],[114.49577,39.47562],[114.5263,39.48487],[114.53013,39.51135],[114.55149,39.53082],[114.55156,39.54974],[114.56929,39.58155],[114.57975,39.5847],[114.59964,39.56592],[114.6276,39.55488],[114.64159,39.59365],[114.65704,39.59705],[114.64907,39.58676],[114.65336,39.58047],[114.66242,39.58944],[114.68277,39.58314],[114.70041,39.58779],[114.7065,39.59243],[114.70256,39.60887],[114.71344,39.62015],[114.73164,39.61008],[114.74994,39.61646],[114.77017,39.61167],[114.7899,39.59739],[114.8041,39.61448],[114.82739,39.59978],[114.83344,39.58625],[114.84949,39.58368],[114.8455,39.59944],[114.87492,39.61832],[114.87863,39.63437],[114.90461,39.64148],[114.92632,39.66256],[114.92834,39.67484],[114.95249,39.65996],[114.97131,39.67424],[115.01117,39.67424]]]}},{"type":"Feature","id":"CTAMAP-2006-COUNTY-1062","properties":{"map_level":"county","source_name":"乐亭县","source_code":"130225","county_type":"县","prefecture_name":"唐山市","prefecture_code":"130200","prefecture_type":"地级市","parent_entity_id":"CNUR-000004","parent_year_end_name":"唐山市","province_name":"河北省","province_code":"130000","snapshot_year":2006,"panel_year":2005,"link_status":"parent_linked","former_name":"","note":""},"geometry":{"type":"MultiPolygon","coordinates":[[[[119.30499,39.43128],[119.2888,39.39889],[119.25824,39.36556],[119.2053,39.35252],[119.20171,39.3651],[119.19387,39.3744],[119.13144,39.30015],[119.12518,39.28315],[119.11741,39.28513],[119.08339,39.25203],[119.09609,39.23417],[119.0285,39.19776],[119.03772,39.18197],[118.99151,39.17291],[118.98284,39.18024],[118.91644,39.12355],[118.89057,39.11891],[118.88382,39.12542],[118.92785,39.16214],[118.98108,39.18961],[118.95298,39.17977],[118.93929,39.18419],[118.87079,39.15464],[118.8569,39.17223],[118.87051,39.17991],[118.85976,39.18613],[118.86554,39.1788],[118.85634,39.17702],[118.85357,39.1653],[118.79242,39.13643],[118.69916,39.13957],[118.67329,39.15417],[118.68428,39.17259],[118.68695,39.20383],[118.70533,39.22598],[118.69483,39.24297],[118.70686,39.26415],[118.7074,39.31323],[118.73663,39.36026],[118.72669,39.38989],[118.71431,39.39083],[118.71499,39.40444],[118.70852,39.40742],[118.70999,39.41634],[118.74256,39.4166],[118.73594,39.43113],[118.71977,39.42873],[118.73044,39.4391],[118.72259,39.4511],[118.75307,39.46019],[118.78519,39.4396],[118.8055,39.4411],[118.80964,39.45731],[118.82627,39.46706],[118.80699,39.46896],[118.80804,39.48117],[118.78213,39.47394],[118.7804,39.48641],[118.81416,39.51696],[118.8136,39.53104],[118.83298,39.53752],[118.84343,39.56808],[118.85548,39.57369],[118.87623,39.56585],[118.87935,39.55134],[118.88934,39.546],[118.93828,39.55717],[118.93938,39.54407],[118.97734,39.5378],[118.97707,39.53115],[118.95085,39.52307],[118.96293,39.51907],[118.95559,39.51479],[119.00291,39.50776],[119.01136,39.48448],[118.99883,39.46627],[119.05028,39.45994],[119.06493,39.47572],[119.12158,39.46035],[119.16198,39.47072],[119.18894,39.45646],[119.21794,39.45469],[119.26398,39.42267],[119.30499,39.43128]]],[[[118.82468,39.12507],[118.81095,39.12649],[118.8111,39.13607],[118.83824,39.15162],[118.82468,39.12507]]],[[[118.86209,39.13501],[118.85582,39.10796],[118.84488,39.10866],[118.84681,39.11782],[118.8594,39.1235],[118.85208,39.13327],[118.86209,39.13501]]],[[[118.84287,39.10725],[118.83659,39.10572],[118.83295,39.10569],[118.84287,39.10725]]]]}},{"type":"Feature","id":"CTAMAP-2006-COUNTY-1078","properties":{"map_level":"county","source_name":"蠡县","source_code":"130635","county_type":"县","prefecture_name":"保定市","prefecture_code":"130600","prefecture_type":"地级市","parent_entity_id":"CNUR-000008","parent_year_end_name":"保定市","province_name":"河北省","province_code":"130000","snapshot_year":2006,"panel_year":2005,"link_status":"parent_linked","former_name":"","note":""},"geometry":{"type":"Polygon","coordinates":[[[115.63957,38.66667],[115.65791,38.65051],[115.72092,38.64604],[115.7443,38.62971],[115.77532,38.62814],[115.80028,38.6398],[115.82285,38.62468],[115.82302,38.60851],[115.8379,38.60866],[115.83803,38.60744],[115.81508,38.52719],[115.77508,38.50327],[115.77341,38.48273],[115.74158,38.48348],[115.736,38.46689],[115.70707,38.44702],[115.71792,38.43166],[115.71543,38.41222],[115.72653,38.40327],[115.72748,38.38302],[115.70404,38.37665],[115.69732,38.35522],[115.68522,38.34555],[115.65249,38.34015],[115.59693,38.35162],[115.59707,38.37092],[115.60731,38.38219],[115.59076,38.39484],[115.60324,38.40841],[115.57732,38.42223],[115.55014,38.42095],[115.55275,38.42953],[115.57129,38.43799],[115.56521,38.45604],[115.5512,38.45705],[115.54617,38.44897],[115.51595,38.4512],[115.52308,38.48179],[115.52307,38.48926],[115.51274,38.4911],[115.51616,38.51004],[115.48602,38.53442],[115.46993,38.5672],[115.47443,38.57637],[115.48776,38.57159],[115.48785,38.58176],[115.52911,38.57922],[115.5428,38.59324],[115.57138,38.59549],[115.57657,38.60394],[115.56153,38.61607],[115.56328,38.62439],[115.59799,38.64983],[115.60317,38.66556],[115.63957,38.66667]]]}},{"type":"Feature","id":"CTAMAP-2006-COUNTY-1109","properties":{"map_level":"county","source_name":"南市区","source_code":"130604","county_type":"市辖区","prefecture_name":"保定市","prefecture_code":"130600","prefecture_type":"地级市","parent_entity_id":"CNUR-000008","parent_year_end_name":"保定市","province_name":"河北省","province_code":"130000","snapshot_year":2006,"panel_year":2005,"link_status":"parent_linked","former_name":"","note":""},"geometry":{"type":"Polygon","coordinates":[[[115.46999,38.85789],[115.57588,38.85382],[115.5753,38.83507],[115.56331,38.83193],[115.57119,38.80708],[115.5469,38.79234],[115.43782,38.78703],[115.4148,38.79712],[115.3942,38.78485],[115.3761,38.78484],[115.3764,38.81022],[115.41147,38.82748],[115.42179,38.81968],[115.4199,38.83031],[115.42756,38.83211],[115.42753,38.82351],[115.4457,38.824],[115.44574,38.84004],[115.46999,38.85789]]]}},{"type":"Feature","id":"CTAMAP-2006-COUNTY-1137","properties":{"map_level":"county","source_name":"临城县","source_code":"130522","county_type":"县","prefecture_name":"邢台市","prefecture_code":"130500","prefecture_type":"地级市","parent_entity_id":"CNUR-000007","parent_year_end_name":"邢台市","province_name":"河北省","province_code":"130000","snapshot_year":2006,"panel_year":2005,"link_status":"parent_linked","former_name":"","note":""},"geometry":{"type":"Polygon","coordinates":[[[114.59793,37.54843],[114.60561,37.54072],[114.60036,37.52297],[114.6058,37.50628],[114.59681,37.48966],[114.62247,37.48996],[114.61244,37.47519],[114.62332,37.42524],[114.60801,37.41101],[114.56381,37.4162],[114.55681,37.40867],[114.56686,37.3778],[114.50862,37.37522],[114.48721,37.35912],[114.48796,37.35062],[114.46387,37.34736],[114.45659,37.36811],[114.43666,37.37255],[114.43194,37.38186],[114.41561,37.3821],[114.40397,37.3519],[114.38432,37.34821],[114.37764,37.35858],[114.36442,37.35942],[114.35331,37.3768],[114.3241,37.37567],[114.29264,37.38606],[114.2723,37.40704],[114.25627,37.40604],[114.24844,37.39576],[114.23745,37.35162],[114.20086,37.36907],[114.18044,37.35966],[114.16374,37.36538],[114.16637,37.37371],[114.15377,37.37927],[114.13245,37.40848],[114.09111,37.42257],[114.08083,37.44046],[114.06777,37.43752],[114.06233,37.44427],[114.09046,37.4927],[114.10288,37.4945],[114.11899,37.48055],[114.12869,37.49739],[114.14999,37.50454],[114.14758,37.51346],[114.15674,37.51398],[114.1515,37.52158],[114.16027,37.52556],[114.149,37.52926],[114.1463,37.53447],[114.17979,37.52997],[114.20891,37.51033],[114.2803,37.49211],[114.28,37.50115],[114.29482,37.50738],[114.30475,37.49922],[114.32838,37.50219],[114.34807,37.51834],[114.36375,37.51274],[114.36641,37.52885],[114.43003,37.55304],[114.45967,37.57131],[114.45602,37.57906],[114.50944,37.5834],[114.55873,37.55528],[114.59793,37.54843]]]}},{"type":"Feature","id":"CTAMAP-2006-COUNTY-1154","properties":{"map_level":"county","source_name":"临西县","source_code":"130535","county_type":"县","prefecture_name":"邢台市","prefecture_code":"130500","prefecture_type":"地级市","parent_entity_id":"CNUR-000007","parent_year_end_name":"邢台市","province_name":"河北省","province_code":"130000","snapshot_year":2006,"panel_year":2005,"link_status":"parent_linked","former_name":"","note":""},"geometry":{"type":"Polygon","coordinates":[[[115.75561,36.93467],[115.76285,36.92059],[115.7593,36.90869],[115.73637,36.90416],[115.70511,36.88165],[115.68325,36.8424],[115.68653,36.82866],[115.67756,36.81205],[115.65961,36.8124],[115.5734,36.77484],[115.52155,36.77379],[115.51977,36.76341],[115.47405,36.75977],[115.47242,36.75102],[115.4438,36.7548],[115.43419,36.76458],[115.40384,36.76792],[115.39607,36.75683],[115.3666,36.76426],[115.34649,36.78579],[115.32327,36.77316],[115.31739,36.816],[115.29966,36.83421],[115.3007,36.84123],[115.31596,36.84252],[115.30951,36.87282],[115.31641,36.88069],[115.32493,36.88056],[115.32042,36.87392],[115.35868,36.8701],[115.36129,36.89125],[115.37588,36.88976],[115.39604,36.90035],[115.39299,36.90757],[115.4296,36.90618],[115.44675,36.92149],[115.48055,36.91337],[115.48898,36.92474],[115.501,36.9245],[115.50608,36.93728],[115.53805,36.92928],[115.5487,36.94247],[115.56312,36.93694],[115.57002,36.9424],[115.58095,36.93016],[115.62665,36.92114],[115.63271,36.93092],[115.70086,36.94516],[115.70322,36.93852],[115.72488,36.94311],[115.74324,36.92982],[115.75561,36.93467]]]}},{"type":"Feature","id":"CTAMAP-2006-COUNTY-1164","properties":{"map_level":"county","source_name":"临漳县","source_code":"130423","county_type":"县","prefecture_name":"邯郸市","prefecture_code":"130400","prefecture_type":"地级市","parent_entity_id":"CNUR-000006","parent_year_end_name":"邯郸市","province_name":"河北省","province_code":"130000","snapshot_year":2006,"panel_year":2005,"link_status":"parent_linked","former_name":"","note":""},"geometry":{"type":"Polygon","coordinates":[[[114.7423,36.2989],[114.7282,36.25482],[114.73414,36.24471],[114.74733,36.24177],[114.74231,36.20658],[114.75457,36.21479],[114.76187,36.20651],[114.76875,36.16468],[114.75573,36.16639],[114.75572,36.15841],[114.74223,36.15096],[114.72864,36.15578],[114.71503,36.14069],[114.69592,36.1464],[114.68669,36.14627],[114.68544,36.13845],[114.64954,36.14037],[114.63158,36.13578],[114.62482,36.12442],[114.60525,36.12863],[114.5825,36.11714],[114.57349,36.12057],[114.58584,36.13027],[114.58131,36.14108],[114.56244,36.15245],[114.52573,36.16229],[114.52401,36.17351],[114.50613,36.16602],[114.50683,36.17395],[114.47362,36.17828],[114.45187,36.207],[114.42882,36.19793],[114.40514,36.2045],[114.4021,36.22842],[114.39299,36.2294],[114.39001,36.22077],[114.36279,36.22477],[114.34989,36.23019],[114.33875,36.25272],[114.34801,36.25622],[114.3474,36.26414],[114.38403,36.27141],[114.39637,36.29606],[114.39479,36.31019],[114.41192,36.31008],[114.41854,36.34618],[114.43371,36.35075],[114.43309,36.37524],[114.47883,36.37058],[114.48811,36.40394],[114.48011,36.39826],[114.48168,36.40899],[114.50048,36.40677],[114.50561,36.38964],[114.5149,36.38944],[114.51643,36.40467],[114.53883,36.40419],[114.53889,36.3944],[114.54908,36.38838],[114.56556,36.39049],[114.57354,36.39971],[114.57899,36.38874],[114.57163,36.35879],[114.58097,36.35594],[114.61187,36.36589],[114.64357,36.35231],[114.65233,36.36439],[114.68875,36.36341],[114.69836,36.34803],[114.71827,36.34515],[114.71666,36.32782],[114.75843,36.31845],[114.75554,36.30231],[114.7423,36.2989]]]}},{"type":"Feature","id":"CTAMAP-2006-COUNTY-1173","properties":{"map_level":"county","source_name":"灵寿县","source_code":"130126","county_type":"县","prefecture_name":"石家庄市","prefecture_code":"130100","prefecture_type":"地级市","parent_entity_id":"CNUR-000003","parent_year_end_name":"石家庄市","province_name":"河北省","province_code":"130000","snapshot_year":2006,"panel_year":2005,"link_status":"parent_linked","former_name":"","note":""},"geometry":{"type":"Polygon","coordinates":[[[114.16487,38.67034],[114.17609,38.65519],[114.17289,38.64808],[114.19447,38.62915],[114.22019,38.62054],[114.27204,38.55865],[114.29302,38.55734],[114.29077,38.53803],[114.31081,38.54412],[114.33578,38.51848],[114.33622,38.50508],[114.34973,38.48818],[114.3434,38.47408],[114.32434,38.46817],[114.33109,38.45588],[114.38786,38.43495],[114.42054,38.39473],[114.48,38.35478],[114.4667,38.33427],[114.44593,38.32509],[114.45422,38.29058],[114.44497,38.28785],[114.44442,38.26685],[114.43566,38.26442],[114.43354,38.25204],[114.38632,38.25105],[114.37923,38.26989],[114.35361,38.27829],[114.32874,38.27042],[114.30398,38.24956],[114.27658,38.24297],[114.25382,38.28933],[114.26406,38.29798],[114.2702,38.31309],[114.26257,38.31904],[114.27451,38.32646],[114.27758,38.33903],[114.24158,38.35485],[114.22714,38.37335],[114.23358,38.38562],[114.19599,38.38972],[114.19804,38.40294],[114.18397,38.4162],[114.19049,38.43638],[114.18656,38.45075],[114.17589,38.45721],[114.17346,38.48596],[114.14186,38.48736],[114.12951,38.50404],[114.13851,38.51186],[114.12372,38.51075],[114.09894,38.52888],[114.05554,38.50762],[114.05113,38.48602],[114.02352,38.48677],[114.00823,38.50339],[114.02406,38.53431],[113.97813,38.52889],[113.92074,38.55434],[113.92745,38.57748],[113.88974,38.59559],[113.87881,38.66133],[113.84562,38.67409],[113.85248,38.68306],[113.83196,38.70782],[113.8312,38.74815],[113.88027,38.74318],[113.91656,38.71818],[113.92527,38.70387],[113.96034,38.69822],[113.98517,38.67464],[114.02298,38.68808],[114.03258,38.67943],[114.04575,38.68567],[114.0612,38.66993],[114.07314,38.67014],[114.08045,38.65707],[114.11792,38.65812],[114.12184,38.66864],[114.1404,38.67788],[114.16487,38.67034]]]}},{"type":"Feature","id":"CTAMAP-2006-COUNTY-1227","properties":{"map_level":"county","source_name":"隆化县","source_code":"130825","county_type":"县","prefecture_name":"承德市","prefecture_code":"130800","prefecture_type":"地级市","parent_entity_id":"CNUR-000010","parent_year_end_name":"承德市","province_name":"河北省","province_code":"130000","snapshot_year":2006,"panel_year":2005,"link_status":"parent_linked","former_name":"","note":""},"geometry":{"type":"Polygon","coordinates":[[[118.15515,41.6776],[118.21317,41.64037],[118.20713,41.62155],[118.22973,41.57709],[118.27823,41.56883],[118.28293,41.5577],[118.29976,41.56635],[118.31241,41.5611],[118.30159,41.54417],[118.31768,41.5086],[118.30237,41.49883],[118.29849,41.48193],[118.27545,41.47998],[118.26491,41.46475],[118.21617,41.45655],[118.16821,41.42634],[118.13849,41.40332],[118.12991,41.37104],[118.1079,41.35896],[118.09081,41.35435],[118.05432,41.3721],[118.04806,41.38735],[118.05159,41.40789],[118.0453,41.41111],[118.01206,41.39316],[118.00813,41.37861],[117.99196,41.37569],[118.00067,41.33819],[117.98262,41.32024],[117.99395,41.29894],[117.98086,41.28075],[117.98378,41.26761],[118.0037,41.2572],[117.9927,41.21275],[117.99882,41.20543],[117.9928,41.19764],[117.99777,41.17689],[117.94929,41.1616],[117.92268,41.16872],[117.9019,41.16153],[117.87049,41.17963],[117.84616,41.17323],[117.82411,41.19353],[117.81361,41.18719],[117.79701,41.19581],[117.78349,41.18896],[117.76872,41.2042],[117.73536,41.21579],[117.72346,41.19402],[117.69704,41.18327],[117.66138,41.18646],[117.63083,41.17977],[117.58028,41.1971],[117.55156,41.17802],[117.53707,41.20867],[117.50026,41.22675],[117.49337,41.25063],[117.44363,41.2619],[117.42758,41.22539],[117.40017,41.20605],[117.38822,41.15275],[117.36397,41.14965],[117.31339,41.18619],[117.31286,41.20028],[117.29646,41.21857],[117.30057,41.24585],[117.31499,41.26258],[117.28568,41.29148],[117.28745,41.3134],[117.26303,41.32587],[117.2732,41.33498],[117.27125,41.34911],[117.26066,41.3532],[117.2463,41.37835],[117.22119,41.39025],[117.22451,41.40408],[117.1969,41.40914],[117.16895,41.4273],[117.15263,41.45928],[117.13588,41.46098],[117.10809,41.49074],[117.08232,41.48975],[117.02576,41.50459],[117.00582,41.49419],[117.00273,41.48372],[116.96585,41.47655],[116.91331,41.50092],[116.87309,41.49001],[116.88223,41.5226],[116.86654,41.53647],[116.79657,41.56432],[116.82835,41.56687],[116.86606,41.58466],[116.87122,41.61474],[116.89597,41.64223],[116.87599,41.65639],[116.87852,41.66482],[116.85936,41.67797],[116.84516,41.70705],[116.85468,41.71807],[116.83821,41.74362],[116.85168,41.76364],[116.84651,41.78875],[116.80939,41.8169],[116.82407,41.82386],[116.90557,41.79758],[116.95466,41.80099],[116.95947,41.79668],[116.95232,41.78131],[116.98855,41.75808],[117.01641,41.75009],[117.02369,41.73017],[117.04829,41.72987],[117.05721,41.67593],[117.06353,41.68465],[117.08412,41.68575],[117.08213,41.70949],[117.09678,41.74074],[117.08882,41.75533],[117.10503,41.76564],[117.14862,41.77498],[117.1727,41.77049],[117.18522,41.7881],[117.20493,41.78731],[117.22284,41.81463],[117.25411,41.81912],[117.26219,41.82944],[117.28491,41.81989],[117.37631,41.83636],[117.41237,41.83077],[117.42786,41.8077],[117.45857,41.80381],[117.46419,41.79643],[117.45604,41.78336],[117.50276,41.77524],[117.50834,41.78362],[117.52841,41.78376],[117.53188,41.7579],[117.54654,41.75906],[117.58912,41.73475],[117.61242,41.73282],[117.62843,41.74756],[117.64318,41.74547],[117.64842,41.74073],[117.64372,41.71362],[117.62923,41.70736],[117.63506,41.69046],[117.71665,41.68023],[117.7351,41.69113],[117.74403,41.68832],[117.76685,41.71306],[117.78587,41.70528],[117.82245,41.71302],[117.87188,41.6945],[117.88177,41.68041],[117.90781,41.68258],[117.93267,41.69559],[117.96169,41.68357],[117.98372,41.69173],[118.03157,41.67433],[118.0577,41.67634],[118.06173,41.66402],[118.04183,41.63446],[118.05201,41.62253],[118.04487,41.588],[118.05552,41.57953],[118.08186,41.6001],[118.08907,41.61933],[118.08062,41.62731],[118.092,41.64111],[118.11417,41.65213],[118.13891,41.64828],[118.15048,41.65539],[118.15515,41.6776]]]}},{"type":"Feature","id":"CTAMAP-2006-COUNTY-1231","properties":{"map_level":"county","source_name":"隆尧县","source_code":"130525","county_type":"县","prefecture_name":"邢台市","prefecture_code":"130500","prefecture_type":"地级市","parent_entity_id":"CNUR-000007","parent_year_end_name":"邢台市","province_name":"河北省","province_code":"130000","snapshot_year":2006,"panel_year":2005,"link_status":"parent_linked","former_name":"","note":""},"geometry":{"type":"Polygon","coordinates":[[[115.0122,37.40728],[115.01261,37.38543],[114.97765,37.36736],[114.97444,37.35022],[114.96347,37.34034],[114.96828,37.32144],[114.94199,37.33545],[114.94077,37.32435],[114.95383,37.31176],[114.9303,37.30304],[114.93045,37.28438],[114.90078,37.27994],[114.89524,37.27136],[114.87008,37.27574],[114.86343,37.26606],[114.87946,37.25145],[114.84715,37.25151],[114.83717,37.26922],[114.81563,37.27076],[114.81488,37.27784],[114.79723,37.28538],[114.77696,37.28525],[114.76165,37.25532],[114.74768,37.25316],[114.73959,37.22877],[114.71779,37.231],[114.68015,37.21964],[114.66344,37.20065],[114.6575,37.20723],[114.6405,37.20529],[114.64754,37.21237],[114.62682,37.21276],[114.62045,37.22],[114.59657,37.21252],[114.59172,37.23192],[114.61224,37.26117],[114.62885,37.26339],[114.64469,37.28815],[114.59223,37.30548],[114.59228,37.31733],[114.57534,37.32445],[114.57584,37.34083],[114.59798,37.35695],[114.60599,37.35425],[114.61528,37.37188],[114.59363,37.38269],[114.56686,37.3778],[114.55683,37.40885],[114.56555,37.41681],[114.57484,37.41028],[114.61829,37.41654],[114.64648,37.40142],[114.65321,37.40458],[114.65503,37.42242],[114.67927,37.43318],[114.73944,37.42296],[114.75424,37.42876],[114.75538,37.43842],[114.76653,37.43654],[114.76692,37.44817],[114.75011,37.46771],[114.77122,37.47776],[114.78435,37.49585],[114.77449,37.50515],[114.782,37.52344],[114.77455,37.53068],[114.77999,37.54734],[114.78933,37.54693],[114.80582,37.51531],[114.83481,37.51708],[114.84926,37.48619],[114.86052,37.4801],[114.85805,37.4696],[114.88361,37.46362],[114.90498,37.46896],[114.89966,37.45451],[114.86865,37.45058],[114.85502,37.46771],[114.84598,37.46264],[114.82629,37.47044],[114.83953,37.45952],[114.86021,37.45389],[114.86835,37.44356],[114.95063,37.44337],[114.97727,37.43255],[114.99677,37.41006],[115.0122,37.40728]]]}},{"type":"Feature","id":"CTAMAP-2006-COUNTY-1238","properties":{"map_level":"county","source_name":"卢龙县","source_code":"130324","county_type":"县","prefecture_name":"秦皇岛市","prefecture_code":"130300","prefecture_type":"地级市","parent_entity_id":"CNUR-000005","parent_year_end_name":"秦皇岛市","province_name":"河北省","province_code":"130000","snapshot_year":2006,"panel_year":2005,"link_status":"parent_linked","former_name":"","note":""},"geometry":{"type":"Polygon","coordinates":[[[119.11455,40.09736],[119.1265,40.085],[119.11889,40.07114],[119.12511,40.05845],[119.11001,40.03719],[119.12309,40.03644],[119.12431,40.01166],[119.14537,39.98874],[119.10596,39.98125],[119.06892,39.98796],[119.07298,39.9689],[119.08775,39.96218],[119.08441,39.94056],[119.10092,39.93713],[119.09359,39.92333],[119.07687,39.91617],[119.08614,39.91245],[119.06891,39.89153],[119.07808,39.88152],[119.09104,39.88802],[119.0993,39.85939],[119.11304,39.86382],[119.13233,39.83786],[119.13887,39.80996],[119.12759,39.78575],[119.09729,39.76825],[119.04383,39.75252],[119.00534,39.75206],[119.00915,39.73783],[118.99349,39.72286],[118.98006,39.72744],[118.974,39.71854],[118.89641,39.7222],[118.88578,39.71015],[118.8785,39.7107],[118.86789,39.72995],[118.84928,39.72292],[118.82864,39.72641],[118.78807,39.76971],[118.79295,39.78899],[118.81798,39.79468],[118.80848,39.80864],[118.81007,39.82316],[118.84947,39.88652],[118.86127,39.92978],[118.88041,39.94689],[118.87888,40.00353],[118.85881,40.02915],[118.86273,40.0476],[118.85638,40.05915],[118.92231,40.09969],[118.91467,40.10713],[118.91977,40.12379],[118.9107,40.12618],[118.91843,40.15084],[118.94296,40.14639],[118.95034,40.15854],[118.97323,40.15875],[118.97375,40.13725],[119.01773,40.139],[119.02383,40.12574],[119.04588,40.12101],[119.06973,40.09538],[119.11455,40.09736]]]}},{"type":"Feature","id":"CTAMAP-2006-COUNTY-1259","properties":{"map_level":"county","source_name":"鹿泉市","source_code":"130185","county_type":"县级市","prefecture_name":"石家庄市","prefecture_code":"130100","prefecture_type":"地级市","parent_entity_id":"CNUR-000003","parent_year_end_name":"石家庄市","province_name":"河北省","province_code":"130000","snapshot_year":2006,"panel_year":2005,"link_status":"parent_linked","former_name":"","note":""},"geometry":{"type":"Polygon","coordinates":[[[114.37923,38.26989],[114.40582,38.20181],[114.43855,38.16662],[114.40369,38.12858],[114.40347,38.11662],[114.41287,38.11182],[114.37031,38.10044],[114.3773,38.08974],[114.36902,38.08541],[114.36812,38.07229],[114.37889,38.06139],[114.37805,38.04493],[114.39137,38.03757],[114.39147,38.02224],[114.42164,38.01068],[114.42258,37.99427],[114.45415,37.98997],[114.45555,37.97349],[114.49976,37.97237],[114.50961,37.9518],[114.50748,37.93362],[114.4553,37.91543],[114.43673,37.91975],[114.42488,37.90193],[114.39296,37.89395],[114.39549,37.88666],[114.39226,37.88574],[114.33589,37.88892],[114.33079,37.89803],[114.31422,37.8952],[114.30441,37.90575],[114.29228,37.90365],[114.29474,37.89693],[114.28455,37.89243],[114.26552,37.89663],[114.26092,37.92261],[114.29059,37.94401],[114.28758,37.95766],[114.29806,37.99166],[114.29029,38.0022],[114.27081,37.99536],[114.2412,38.00821],[114.26269,38.02172],[114.27463,38.04483],[114.25537,38.0657],[114.21863,38.07135],[114.21267,38.09301],[114.21867,38.10176],[114.20181,38.11001],[114.22385,38.12735],[114.24651,38.13185],[114.2449,38.15722],[114.21847,38.17343],[114.18299,38.17647],[114.19292,38.18561],[114.18729,38.19128],[114.19556,38.1981],[114.19087,38.20715],[114.21272,38.21545],[114.22864,38.20877],[114.23343,38.23737],[114.30398,38.24956],[114.35049,38.2781],[114.37923,38.26989]]]}},{"type":"Feature","id":"CTAMAP-2006-COUNTY-1266","properties":{"map_level":"county","source_name":"路北区","source_code":"130203","county_type":"市辖区","prefecture_name":"唐山市","prefecture_code":"130200","prefecture_type":"地级市","parent_entity_id":"CNUR-000004","parent_year_end_name":"唐山市","province_name":"河北省","province_code":"130000","snapshot_year":2006,"panel_year":2005,"link_status":"parent_linked","former_name":"","note":""},"geometry":{"type":"Polygon","coordinates":[[[118.22178,39.63157],[118.1975,39.62252],[118.12819,39.62427],[118.12433,39.61294],[118.13058,39.60424],[118.1181,39.57858],[118.07635,39.59181],[118.0706,39.61765],[118.07854,39.62411],[118.06948,39.62906],[118.098,39.66689],[118.11283,39.66966],[118.11879,39.6834],[118.115,39.70173],[118.15704,39.69453],[118.1687,39.71055],[118.18879,39.68851],[118.19468,39.68953],[118.1862,39.70754],[118.19105,39.71015],[118.2,39.70859],[118.20345,39.69263],[118.22535,39.69018],[118.21669,39.67836],[118.21601,39.65511],[118.23392,39.65029],[118.22178,39.63157]]]}},{"type":"Feature","id":"CTAMAP-2006-COUNTY-1267","properties":{"map_level":"county","source_name":"路南区","source_code":"130202","county_type":"市辖区","prefecture_name":"唐山市","prefecture_code":"130200","prefecture_type":"地级市","parent_entity_id":"CNUR-000004","parent_year_end_name":"唐山市","province_name":"河北省","province_code":"130000","snapshot_year":2006,"panel_year":2005,"link_status":"parent_linked","former_name":"","note":""},"geometry":{"type":"Polygon","coordinates":[[[118.22178,39.63157],[118.22982,39.60154],[118.22221,39.59894],[118.23563,39.59604],[118.22362,39.5849],[118.23842,39.58412],[118.23945,39.57754],[118.23151,39.56231],[118.21647,39.55993],[118.23208,39.53727],[118.27088,39.52526],[118.26232,39.51134],[118.24229,39.50341],[118.23748,39.48877],[118.22084,39.4877],[118.20964,39.50539],[118.1855,39.49658],[118.17287,39.5219],[118.14761,39.53614],[118.15896,39.56036],[118.1181,39.57858],[118.13058,39.60424],[118.12433,39.61294],[118.12819,39.62427],[118.1975,39.62252],[118.22178,39.63157]]]}},{"type":"Feature","id":"CTAMAP-2006-COUNTY-1271","properties":{"map_level":"county","source_name":"栾城县","source_code":"130124","county_type":"县","prefecture_name":"石家庄市","prefecture_code":"130100","prefecture_type":"地级市","parent_entity_id":"CNUR-000003","parent_year_end_name":"石家庄市","province_name":"河北省","province_code":"130000","snapshot_year":2006,"panel_year":2005,"link_status":"parent_linked","former_name":"","note":""},"geometry":{"type":"Polygon","coordinates":[[[114.66451,37.96869],[114.69777,37.93277],[114.71842,37.93084],[114.73372,37.91987],[114.7596,37.92256],[114.75835,37.90337],[114.7419,37.89123],[114.7518,37.88521],[114.78454,37.89506],[114.79371,37.88868],[114.78693,37.8741],[114.74563,37.85814],[114.74709,37.84222],[114.76113,37.8423],[114.76066,37.8357],[114.71373,37.82253],[114.70924,37.81172],[114.67278,37.80521],[114.65969,37.79327],[114.64495,37.80345],[114.6218,37.79844],[114.61462,37.80238],[114.61759,37.82321],[114.61199,37.82899],[114.57867,37.81409],[114.53219,37.83358],[114.53145,37.85022],[114.54759,37.85875],[114.54749,37.86694],[114.52354,37.87235],[114.52106,37.87823],[114.53214,37.88421],[114.52619,37.89002],[114.48383,37.88858],[114.48903,37.91562],[114.4826,37.92339],[114.50748,37.93362],[114.50564,37.97092],[114.58592,37.96777],[114.61948,37.99722],[114.65582,37.96722],[114.66451,37.96869]]]}},{"type":"Feature","id":"CTAMAP-2006-COUNTY-1273","properties":{"map_level":"county","source_name":"滦南县","source_code":"130224","county_type":"县","prefecture_name":"唐山市","prefecture_code":"130200","prefecture_type":"地级市","parent_entity_id":"CNUR-000004","parent_year_end_name":"唐山市","province_name":"河北省","province_code":"130000","snapshot_year":2006,"panel_year":2005,"link_status":"parent_linked","former_name":"","note":""},"geometry":{"type":"MultiPolygon","coordinates":[[[[118.85548,39.57369],[118.84343,39.56808],[118.83298,39.53752],[118.8136,39.53104],[118.81416,39.51696],[118.7804,39.48641],[118.78213,39.47394],[118.80804,39.48117],[118.80699,39.46896],[118.82627,39.46706],[118.80964,39.45731],[118.8055,39.4411],[118.78519,39.4396],[118.75307,39.46019],[118.72259,39.4511],[118.73044,39.4391],[118.71977,39.42873],[118.73594,39.43113],[118.74256,39.4166],[118.70999,39.41634],[118.71427,39.3909],[118.72669,39.38989],[118.73663,39.36026],[118.72451,39.33397],[118.66885,39.33372],[118.61634,39.30625],[118.61441,39.29465],[118.62143,39.2895],[118.6397,39.29162],[118.62806,39.28403],[118.6414,39.26543],[118.65236,39.26626],[118.65485,39.24949],[118.6432,39.24792],[118.63758,39.26069],[118.62283,39.26046],[118.62266,39.27158],[118.56831,39.28703],[118.51522,39.28439],[118.46985,39.29806],[118.46285,39.33233],[118.41208,39.32587],[118.39909,39.33512],[118.4011,39.34686],[118.42974,39.36006],[118.43845,39.3845],[118.39294,39.4012],[118.38125,39.43436],[118.41364,39.4458],[118.41628,39.46139],[118.40405,39.4871],[118.41069,39.49206],[118.39932,39.50025],[118.40113,39.52291],[118.42451,39.53721],[118.42912,39.57508],[118.45127,39.59173],[118.46257,39.59307],[118.4808,39.57894],[118.50619,39.58205],[118.5153,39.60755],[118.53516,39.60257],[118.53673,39.61348],[118.54896,39.61746],[118.5853,39.60931],[118.60121,39.6174],[118.61902,39.61312],[118.63353,39.63317],[118.64776,39.63936],[118.66762,39.62446],[118.71621,39.64109],[118.71931,39.62425],[118.74202,39.61365],[118.78377,39.64688],[118.79708,39.64568],[118.7965,39.63884],[118.81239,39.64279],[118.81228,39.65855],[118.8191,39.66188],[118.81881,39.64821],[118.84552,39.62161],[118.83657,39.60944],[118.85548,39.57369]]],[[[118.36554,39.03773],[118.34568,39.02111],[118.31462,39.03036],[118.30426,39.04257],[118.26961,39.03896],[118.24374,39.04587],[118.19973,39.08088],[118.16387,39.1407],[118.18456,39.14743],[118.20925,39.10224],[118.25338,39.05282],[118.27583,39.05417],[118.2762,39.06689],[118.28844,39.0743],[118.31502,39.05679],[118.34882,39.0641],[118.36554,39.03773]]],[[[118.22474,39.03729],[118.22919,39.03197],[118.22257,39.03494],[118.22474,39.03729]]],[[[118.20023,39.00923],[118.19359,39.00877],[118.19514,39.0113],[118.20023,39.00923]]],[[[118.26923,38.98388],[118.26557,38.98184],[118.26468,38.98338],[118.26923,38.98388]]]]}},{"type":"Feature","id":"CTAMAP-2006-COUNTY-1274","properties":{"map_level":"county","source_name":"滦平县","source_code":"130824","county_type":"县","prefecture_name":"承德市","prefecture_code":"130800","prefecture_type":"地级市","parent_entity_id":"CNUR-000010","parent_year_end_name":"承德市","province_name":"河北省","province_code":"130000","snapshot_year":2006,"panel_year":2005,"link_status":"parent_linked","former_name":"","note":""},"geometry":{"type":"Polygon","coordinates":[[[117.76872,41.2042],[117.77507,41.15004],[117.76007,41.13325],[117.76678,41.11846],[117.75966,41.10166],[117.77187,41.06071],[117.76034,41.05507],[117.76444,41.04326],[117.7317,41.03345],[117.6714,40.98992],[117.67061,40.96897],[117.62487,40.93386],[117.66089,40.90321],[117.72174,40.91622],[117.74037,40.90842],[117.74763,40.92128],[117.76445,40.89422],[117.74337,40.86093],[117.74573,40.83526],[117.75991,40.83002],[117.75731,40.80035],[117.72937,40.80487],[117.7176,40.79625],[117.70015,40.79751],[117.65687,40.82023],[117.64497,40.81257],[117.60692,40.81574],[117.57152,40.79701],[117.50705,40.79558],[117.50395,40.77337],[117.49212,40.76313],[117.51044,40.71507],[117.5225,40.7028],[117.51371,40.67806],[117.49922,40.66572],[117.47465,40.67632],[117.45946,40.67184],[117.40256,40.68567],[117.33604,40.67201],[117.33047,40.6618],[117.31255,40.65644],[117.27892,40.65968],[117.25492,40.67974],[117.23497,40.67512],[117.19952,40.69305],[117.13164,40.69548],[117.10242,40.70557],[117.0217,40.6922],[116.9628,40.70616],[116.91777,40.74871],[116.9191,40.7715],[116.88643,40.77897],[116.89054,40.79539],[116.87418,40.80298],[116.86945,40.82006],[116.8146,40.84676],[116.79879,40.8389],[116.77421,40.87453],[116.70729,40.90871],[116.71453,40.92445],[116.69668,40.93491],[116.67166,40.96962],[116.67701,40.99886],[116.69403,41.01965],[116.71416,40.9976],[116.74411,40.99849],[116.74774,40.98908],[116.80692,40.94958],[116.85015,40.95611],[116.92433,40.93717],[116.9399,40.92549],[116.9701,40.93884],[117.09747,40.91971],[117.15421,40.95772],[117.15741,40.97202],[117.14379,40.98223],[117.19826,41.01124],[117.21598,41.04599],[117.26524,41.05247],[117.27509,41.03928],[117.30807,41.03593],[117.33271,41.05052],[117.33811,41.06808],[117.38647,41.07507],[117.38726,41.1219],[117.40011,41.13173],[117.38164,41.14687],[117.39469,41.16312],[117.40017,41.20605],[117.43135,41.23025],[117.44183,41.26174],[117.49337,41.25063],[117.50026,41.22675],[117.53707,41.20867],[117.55156,41.17802],[117.58028,41.1971],[117.63083,41.17977],[117.66138,41.18646],[117.69704,41.18327],[117.72346,41.19402],[117.73522,41.21579],[117.76872,41.2042]]]}},{"type":"Feature","id":"CTAMAP-2006-COUNTY-1275","properties":{"map_level":"county","source_name":"滦县","source_code":"130223","county_type":"县","prefecture_name":"唐山市","prefecture_code":"130200","prefecture_type":"地级市","parent_entity_id":"CNUR-000004","parent_year_end_name":"唐山市","province_name":"河北省","province_code":"130000","snapshot_year":2006,"panel_year":2005,"link_status":"parent_linked","former_name":"","note":""},"geometry":{"type":"Polygon","coordinates":[[[118.44964,39.957],[118.45704,39.94782],[118.45317,39.9381],[118.43835,39.93658],[118.43194,39.93193],[118.43991,39.92646],[118.43458,39.92251],[118.45059,39.92147],[118.46224,39.90371],[118.4432,39.8848],[118.45475,39.8781],[118.4524,39.85385],[118.45862,39.85215],[118.52194,39.85916],[118.52366,39.86506],[118.57011,39.84899],[118.59638,39.85805],[118.60253,39.8525],[118.59882,39.84369],[118.61144,39.84368],[118.61492,39.85842],[118.63605,39.87335],[118.65893,39.87625],[118.65081,39.86813],[118.65709,39.85545],[118.68501,39.85521],[118.69065,39.88666],[118.69617,39.87777],[118.72102,39.87135],[118.71207,39.88941],[118.74586,39.93144],[118.78621,39.91242],[118.80379,39.88438],[118.83191,39.8624],[118.80989,39.82234],[118.80848,39.80864],[118.81798,39.79468],[118.79353,39.78945],[118.79162,39.77146],[118.76966,39.76245],[118.78894,39.69636],[118.8191,39.66188],[118.81228,39.65855],[118.81239,39.64279],[118.7965,39.63884],[118.79708,39.64568],[118.78377,39.64688],[118.74202,39.61365],[118.71931,39.62425],[118.71621,39.64109],[118.66762,39.62446],[118.64776,39.63936],[118.63353,39.63317],[118.61902,39.61312],[118.60121,39.6174],[118.5853,39.60931],[118.54896,39.61746],[118.53673,39.61348],[118.53516,39.60257],[118.5153,39.60755],[118.50619,39.58205],[118.4808,39.57894],[118.45941,39.59277],[118.47606,39.62958],[118.46754,39.63291],[118.46564,39.65788],[118.43749,39.6579],[118.43055,39.67087],[118.44119,39.67716],[118.44251,39.69778],[118.5031,39.71941],[118.5194,39.69592],[118.52887,39.70305],[118.53773,39.69389],[118.5463,39.7044],[118.56388,39.70666],[118.56351,39.7156],[118.57291,39.71765],[118.57213,39.73125],[118.53282,39.73609],[118.5399,39.76516],[118.51935,39.76308],[118.50576,39.77422],[118.47947,39.77545],[118.46538,39.79102],[118.43798,39.79682],[118.44038,39.80557],[118.43063,39.81685],[118.41642,39.81547],[118.4008,39.79824],[118.3889,39.80601],[118.38359,39.7907],[118.32986,39.80053],[118.32576,39.78515],[118.30633,39.79363],[118.28279,39.7853],[118.27583,39.79475],[118.26036,39.79214],[118.25365,39.80136],[118.24255,39.80083],[118.23812,39.80916],[118.24327,39.82045],[118.27766,39.84166],[118.2829,39.85877],[118.27434,39.86476],[118.27492,39.87988],[118.28629,39.87946],[118.29518,39.89297],[118.31308,39.88969],[118.3206,39.91653],[118.33733,39.9228],[118.35413,39.94195],[118.34549,39.97235],[118.4175,39.97088],[118.42586,39.95888],[118.44964,39.957]]]}},{"type":"Feature","id":"CTAMAP-2006-COUNTY-1318","properties":{"map_level":"county","source_name":"满城县","source_code":"130621","county_type":"县","prefecture_name":"保定市","prefecture_code":"130600","prefecture_type":"地级市","parent_entity_id":"CNUR-000008","parent_year_end_name":"保定市","province_name":"河北省","province_code":"130000","snapshot_year":2006,"panel_year":2005,"link_status":"parent_linked","former_name":"","note":""},"geometry":{"type":"Polygon","coordinates":[[[115.33385,39.1227],[115.33563,39.11245],[115.32003,39.10428],[115.32741,39.08479],[115.319,39.07035],[115.32583,39.06884],[115.33084,39.04732],[115.36388,39.04597],[115.37121,39.0578],[115.39878,39.03098],[115.38687,39.0299],[115.39016,39.0229],[115.38453,39.02189],[115.39596,39.00881],[115.44055,39.0062],[115.44753,39.01444],[115.46131,39.01383],[115.45522,38.99983],[115.48203,38.98089],[115.47653,38.97034],[115.48267,38.95782],[115.47997,38.92653],[115.47542,38.9222],[115.4681,38.94239],[115.45538,38.93678],[115.44685,38.954],[115.41966,38.94345],[115.38602,38.95561],[115.36734,38.95384],[115.36563,38.93348],[115.35173,38.91369],[115.35048,38.88885],[115.34071,38.88766],[115.33048,38.87095],[115.33148,38.85663],[115.35902,38.84621],[115.35888,38.83807],[115.33572,38.82886],[115.36302,38.8082],[115.38004,38.80859],[115.3761,38.78484],[115.31839,38.78907],[115.30553,38.77887],[115.30433,38.76329],[115.28926,38.7628],[115.27801,38.75285],[115.2763,38.73362],[115.26491,38.72724],[115.26246,38.75034],[115.23321,38.74505],[115.23512,38.76568],[115.22713,38.77304],[115.23876,38.80418],[115.25842,38.81014],[115.23772,38.85709],[115.27788,38.882],[115.28072,38.90797],[115.26135,38.9174],[115.24687,38.89572],[115.21648,38.90605],[115.21061,38.91765],[115.17475,38.94087],[115.163,38.96454],[115.17656,38.97672],[115.16788,39.00006],[115.15863,39.00538],[115.12401,39.00995],[115.1041,39.00004],[115.08398,39.01233],[115.06021,39.0051],[115.03958,39.00789],[115.02639,39.01882],[115.00953,39.01218],[114.97584,39.03486],[114.95779,39.03498],[114.96535,39.07578],[114.94717,39.09667],[114.95576,39.11222],[114.98379,39.12125],[114.99703,39.1053],[115.02173,39.10712],[115.04935,39.05083],[115.1035,39.06663],[115.13051,39.03939],[115.15909,39.05361],[115.17124,39.07182],[115.19049,39.06959],[115.20813,39.04848],[115.25153,39.05818],[115.25582,39.07263],[115.24045,39.08815],[115.25523,39.11905],[115.302,39.1267],[115.31449,39.11968],[115.33385,39.1227]]]}},{"type":"Feature","id":"CTAMAP-2006-COUNTY-1342","properties":{"map_level":"county","source_name":"孟村回族自治县","source_code":"130930","county_type":"自治县","prefecture_name":"沧州市","prefecture_code":"130900","prefecture_type":"地级市","parent_entity_id":"CNUR-000011","parent_year_end_name":"沧州市","province_name":"河北省","province_code":"130000","snapshot_year":2006,"panel_year":2005,"link_status":"parent_linked","former_name":"","note":""},"geometry":{"type":"Polygon","coordinates":[[[117.27146,38.15946],[117.34567,38.1513],[117.34162,38.1338],[117.31235,38.10276],[117.2542,38.11589],[117.25665,38.12659],[117.23249,38.1244],[117.23288,38.11615],[117.21752,38.12188],[117.18211,38.10777],[117.14591,38.04687],[117.17375,38.01512],[117.17016,38.00866],[117.18606,38.00905],[117.1931,37.99492],[117.20592,37.95848],[117.19177,37.94336],[117.14745,37.94331],[117.12586,37.96284],[117.06024,37.96093],[117.05792,37.97639],[117.02643,37.993],[117.03348,38.01016],[117.02511,38.02697],[117.03961,38.03779],[117.03128,38.05385],[117.01009,38.06307],[117.01825,38.08271],[117.01237,38.09268],[117.03618,38.12197],[117.07349,38.131],[117.07776,38.1223],[117.0906,38.13268],[117.10968,38.13247],[117.12038,38.15414],[117.14386,38.15559],[117.13988,38.1719],[117.11461,38.1762],[117.11893,38.18257],[117.10938,38.20368],[117.11106,38.21547],[117.13635,38.23873],[117.14919,38.23017],[117.15014,38.21631],[117.19465,38.19922],[117.1983,38.17649],[117.25068,38.18083],[117.27146,38.15946]]]}},{"type":"Feature","id":"CTAMAP-2006-COUNTY-1405","properties":{"map_level":"county","source_name":"南宫市","source_code":"130581","county_type":"县级市","prefecture_name":"邢台市","prefecture_code":"130500","prefecture_type":"地级市","parent_entity_id":"CNUR-000007","parent_year_end_name":"邢台市","province_name":"河北省","province_code":"130000","snapshot_year":2006,"panel_year":2005,"link_status":"parent_linked","former_name":"","note":""},"geometry":{"type":"Polygon","coordinates":[[[115.33594,37.44673],[115.35145,37.44191],[115.35106,37.43234],[115.39659,37.42372],[115.41433,37.38791],[115.45935,37.38978],[115.48454,37.38261],[115.48959,37.36295],[115.52012,37.35454],[115.51562,37.33799],[115.54143,37.31933],[115.56372,37.32274],[115.57493,37.31268],[115.57687,37.32345],[115.56878,37.32659],[115.58423,37.33551],[115.60424,37.33249],[115.60453,37.32456],[115.59376,37.32368],[115.58209,37.30711],[115.62394,37.29987],[115.62538,37.28864],[115.6132,37.27663],[115.65558,37.28317],[115.6641,37.28069],[115.66379,37.26879],[115.67128,37.26957],[115.66332,37.25493],[115.67527,37.25379],[115.68221,37.26495],[115.69211,37.25623],[115.70952,37.25804],[115.71038,37.2347],[115.75762,37.20394],[115.75258,37.18721],[115.74328,37.17508],[115.71119,37.16626],[115.71851,37.14629],[115.66097,37.1305],[115.66575,37.11106],[115.65085,37.096],[115.63698,37.08991],[115.57188,37.09205],[115.56511,37.11066],[115.56915,37.12779],[115.5557,37.1344],[115.55651,37.14591],[115.53419,37.1518],[115.53582,37.16216],[115.52277,37.16605],[115.51981,37.17556],[115.50835,37.16266],[115.50876,37.13993],[115.49238,37.12775],[115.47208,37.13946],[115.46195,37.1364],[115.45665,37.15074],[115.47054,37.16849],[115.44908,37.17597],[115.44718,37.18583],[115.46276,37.18976],[115.47869,37.21465],[115.45537,37.22082],[115.45387,37.23355],[115.43433,37.23675],[115.43467,37.25163],[115.41857,37.2604],[115.42808,37.26561],[115.42483,37.27717],[115.38076,37.29123],[115.35248,37.28269],[115.33212,37.29339],[115.31442,37.28811],[115.23704,37.29733],[115.23357,37.30857],[115.19967,37.28934],[115.20107,37.33229],[115.19453,37.33824],[115.17135,37.3359],[115.16903,37.34797],[115.17204,37.35704],[115.18788,37.36346],[115.18667,37.40995],[115.17519,37.41048],[115.16816,37.39329],[115.15431,37.39442],[115.15566,37.41604],[115.14853,37.42603],[115.15493,37.41838],[115.18533,37.42076],[115.2004,37.44143],[115.2354,37.43155],[115.24208,37.4405],[115.25852,37.44022],[115.26112,37.42889],[115.27079,37.42716],[115.28246,37.44273],[115.29447,37.42987],[115.29413,37.40894],[115.31832,37.40356],[115.31088,37.4133],[115.31347,37.42458],[115.29681,37.43827],[115.33594,37.44673]]]}},{"type":"Feature","id":"CTAMAP-2006-COUNTY-1408","properties":{"map_level":"county","source_name":"南和县","source_code":"130527","county_type":"县","prefecture_name":"邢台市","prefecture_code":"130500","prefecture_type":"地级市","parent_entity_id":"CNUR-000007","parent_year_end_name":"邢台市","province_name":"河北省","province_code":"130000","snapshot_year":2006,"panel_year":2005,"link_status":"parent_linked","former_name":"","note":""},"geometry":{"type":"Polygon","coordinates":[[[114.89503,37.08589],[114.89951,37.07951],[114.88635,37.07336],[114.88455,37.06367],[114.89353,37.06438],[114.90254,37.05265],[114.88123,37.03916],[114.87881,37.01234],[114.86271,36.99036],[114.88449,36.96923],[114.8321,36.96047],[114.83264,36.94794],[114.81572,36.94319],[114.81026,36.92835],[114.78727,36.91286],[114.76674,36.92696],[114.73763,36.93181],[114.72812,36.94264],[114.71226,36.93767],[114.70137,36.91771],[114.69013,36.91329],[114.64949,36.9276],[114.63754,36.92508],[114.62756,36.93611],[114.63886,36.95043],[114.62664,36.96553],[114.60985,36.95394],[114.60021,36.95705],[114.59964,36.96986],[114.62562,36.98736],[114.61703,36.9864],[114.60957,36.99671],[114.58543,36.98547],[114.59821,37.00026],[114.59638,37.0136],[114.62579,37.04261],[114.62206,37.06046],[114.62939,37.06554],[114.62258,37.08361],[114.65856,37.10392],[114.68372,37.09898],[114.68658,37.08226],[114.71262,37.08986],[114.75198,37.07108],[114.7736,37.07188],[114.78658,37.09606],[114.80583,37.09213],[114.82557,37.09854],[114.85128,37.08711],[114.89503,37.08589]]]}},{"type":"Feature","id":"CTAMAP-2006-COUNTY-1420","properties":{"map_level":"county","source_name":"南皮县","source_code":"130927","county_type":"县","prefecture_name":"沧州市","prefecture_code":"130900","prefecture_type":"地级市","parent_entity_id":"CNUR-000011","parent_year_end_name":"沧州市","province_name":"河北省","province_code":"130000","snapshot_year":2006,"panel_year":2005,"link_status":"parent_linked","former_name":"","note":""},"geometry":{"type":"Polygon","coordinates":[[[116.75278,38.18104],[116.76568,38.16959],[116.78999,38.16573],[116.79903,38.15231],[116.7956,38.14265],[116.80277,38.13997],[116.82218,38.14826],[116.85173,38.14231],[116.86759,38.14713],[116.86331,38.12911],[116.86934,38.10639],[116.92191,38.1076],[116.93392,38.0856],[116.99306,38.09575],[117.02295,38.11101],[117.01237,38.09268],[117.01825,38.08271],[117.00992,38.06373],[117.03128,38.05385],[117.03963,38.03748],[117.02511,38.02697],[117.03348,38.01016],[117.02517,37.99095],[116.99656,37.97556],[117.03347,37.94591],[117.02161,37.91126],[117.02837,37.87498],[117.01804,37.86359],[117.02595,37.85952],[117.03053,37.83352],[116.88241,37.84397],[116.88356,37.87159],[116.84678,37.88458],[116.84703,37.89515],[116.85655,37.89683],[116.85728,37.92186],[116.83739,37.93077],[116.84511,37.95366],[116.79508,37.97911],[116.73891,37.97388],[116.73879,37.97977],[116.71626,37.98645],[116.71343,37.98135],[116.70534,37.98978],[116.6885,37.98681],[116.68761,37.99893],[116.66929,38.00137],[116.65194,38.03393],[116.60751,38.02022],[116.55262,38.02607],[116.54199,38.04356],[116.58205,38.03433],[116.59522,38.05419],[116.6118,38.05334],[116.61311,38.04278],[116.62073,38.04155],[116.62523,38.04884],[116.64992,38.04625],[116.65119,38.06282],[116.66889,38.07663],[116.66592,38.087],[116.64107,38.10551],[116.62148,38.10581],[116.62146,38.11286],[116.63665,38.11386],[116.64494,38.13099],[116.65834,38.13702],[116.66788,38.13268],[116.67984,38.13808],[116.67749,38.14427],[116.72643,38.16156],[116.73572,38.17953],[116.75278,38.18104]]]}},{"type":"Feature","id":"CTAMAP-2006-COUNTY-1435","properties":{"map_level":"county","source_name":"内丘县","source_code":"130523","county_type":"县","prefecture_name":"邢台市","prefecture_code":"130500","prefecture_type":"地级市","parent_entity_id":"CNUR-000007","parent_year_end_name":"邢台市","province_name":"河北省","province_code":"130000","snapshot_year":2006,"panel_year":2005,"link_status":"parent_linked","former_name":"","note":""},"geometry":{"type":"Polygon","coordinates":[[[114.04012,37.43675],[114.08065,37.44058],[114.09111,37.42257],[114.13245,37.40848],[114.15377,37.37927],[114.16637,37.37371],[114.1658,37.36348],[114.18099,37.35969],[114.20086,37.36907],[114.23548,37.35096],[114.25627,37.40604],[114.27315,37.40682],[114.2896,37.38733],[114.31735,37.37713],[114.35331,37.3768],[114.36442,37.35942],[114.37764,37.35858],[114.38432,37.34821],[114.40397,37.3519],[114.41554,37.38209],[114.43194,37.38186],[114.43666,37.37255],[114.45659,37.36811],[114.46412,37.34735],[114.48796,37.35062],[114.48721,37.35912],[114.50862,37.37522],[114.59567,37.38229],[114.61475,37.36724],[114.60599,37.35425],[114.59798,37.35695],[114.57584,37.34083],[114.57534,37.32445],[114.59228,37.31733],[114.59223,37.30548],[114.64222,37.29134],[114.64487,37.28408],[114.62885,37.26339],[114.61224,37.26117],[114.60518,37.24265],[114.57396,37.21614],[114.57774,37.19644],[114.56438,37.17458],[114.5362,37.1821],[114.51827,37.16468],[114.50799,37.16507],[114.4731,37.17346],[114.46672,37.18498],[114.41862,37.18372],[114.39648,37.22026],[114.37398,37.22246],[114.36699,37.23916],[114.33088,37.25335],[114.26156,37.25775],[114.24396,37.281],[114.23506,37.31778],[114.19254,37.30099],[114.18424,37.32075],[114.16216,37.33819],[114.12166,37.319],[114.0515,37.32263],[114.02215,37.34898],[113.96429,37.35961],[113.94659,37.37363],[113.96906,37.40894],[113.99249,37.42069],[114.00496,37.41772],[114.02511,37.44588],[114.04012,37.43675]]]}},{"type":"Feature","id":"CTAMAP-2006-COUNTY-1454","properties":{"map_level":"county","source_name":"宁晋县","source_code":"130528","county_type":"县","prefecture_name":"邢台市","prefecture_code":"130500","prefecture_type":"地级市","parent_entity_id":"CNUR-000007","parent_year_end_name":"邢台市","province_name":"河北省","province_code":"130000","snapshot_year":2006,"panel_year":2005,"link_status":"parent_linked","former_name":"","note":""},"geometry":{"type":"Polygon","coordinates":[[[115.14029,37.80658],[115.15514,37.78728],[115.14347,37.77423],[115.14643,37.75877],[115.19169,37.74619],[115.23754,37.7219],[115.2566,37.67461],[115.24778,37.67066],[115.25053,37.64517],[115.22072,37.64685],[115.21742,37.65398],[115.21352,37.645],[115.19372,37.64395],[115.19383,37.63096],[115.18384,37.62444],[115.18597,37.60831],[115.16666,37.59993],[115.19523,37.5724],[115.17701,37.55512],[115.16692,37.55505],[115.16736,37.54214],[115.13896,37.54119],[115.13341,37.52884],[115.1185,37.52281],[115.0927,37.52717],[115.09038,37.50726],[115.10337,37.49959],[115.08625,37.48036],[115.07459,37.44765],[115.08451,37.43883],[115.11099,37.43859],[115.10951,37.40019],[115.05987,37.3987],[115.0569,37.41148],[115.0175,37.41648],[115.0122,37.40728],[114.9969,37.41002],[114.97727,37.43255],[114.95063,37.44337],[114.86835,37.44356],[114.82597,37.46902],[114.84598,37.46264],[114.85502,37.46771],[114.86865,37.45058],[114.89966,37.45451],[114.90498,37.46896],[114.88361,37.46362],[114.85805,37.4696],[114.86052,37.4801],[114.84926,37.48619],[114.83481,37.51708],[114.80582,37.51531],[114.77899,37.55945],[114.76167,37.62019],[114.77533,37.63011],[114.79134,37.62734],[114.80283,37.65925],[114.83619,37.67635],[114.84221,37.69621],[114.86546,37.70164],[114.87571,37.71562],[114.89034,37.71194],[114.89795,37.72605],[114.92755,37.73227],[114.93308,37.7213],[114.95481,37.71956],[114.97789,37.74128],[114.99837,37.73557],[115.00618,37.74133],[115.00136,37.75369],[115.03521,37.73571],[115.06076,37.74247],[115.06637,37.7882],[115.09089,37.79648],[115.09124,37.80692],[115.10445,37.81149],[115.11713,37.81009],[115.12589,37.79847],[115.14029,37.80658]]]}},{"type":"Feature","id":"CTAMAP-2006-COUNTY-1507","properties":{"map_level":"county","source_name":"平泉县","source_code":"130823","county_type":"县","prefecture_name":"承德市","prefecture_code":"130800","prefecture_type":"地级市","parent_entity_id":"CNUR-000010","parent_year_end_name":"承德市","province_name":"河北省","province_code":"130000","snapshot_year":2006,"panel_year":2005,"link_status":"parent_linked","former_name":"","note":""},"geometry":{"type":"Polygon","coordinates":[[[119.23294,41.3108],[119.24279,41.28336],[119.2362,41.26562],[119.20277,41.24225],[119.20747,41.22605],[119.17376,41.2223],[119.16281,41.213],[119.18694,41.20065],[119.19177,41.19012],[119.14954,41.16418],[119.1306,41.14048],[119.07383,41.13346],[119.07475,41.08726],[119.06701,41.0736],[119.03987,41.07662],[119.03634,41.06515],[119.02531,41.0607],[118.95864,41.07755],[118.93217,41.05141],[118.93017,41.03581],[118.94585,41.01615],[119.01585,41.00493],[119.01525,40.98803],[118.99526,40.9663],[118.9662,40.95754],[118.93811,40.9565],[118.91178,40.96661],[118.89613,40.95942],[118.88177,40.92362],[118.87904,40.87015],[118.86452,40.84619],[118.85058,40.83978],[118.83967,40.81207],[118.84357,40.79896],[118.8515,40.80074],[118.8863,40.77656],[118.89993,40.77805],[118.90185,40.76888],[118.88364,40.74514],[118.82749,40.71835],[118.81741,40.72048],[118.80701,40.69841],[118.76468,40.68413],[118.75354,40.7028],[118.73778,40.70686],[118.73731,40.71741],[118.68586,40.73048],[118.67011,40.71644],[118.65704,40.73791],[118.62023,40.71161],[118.60068,40.71808],[118.56726,40.6993],[118.55032,40.70021],[118.5414,40.67203],[118.52951,40.68576],[118.4945,40.68719],[118.48159,40.69859],[118.48293,40.71384],[118.50076,40.72113],[118.53228,40.75525],[118.52843,40.80671],[118.54734,40.82485],[118.5579,40.84983],[118.55547,40.86583],[118.53941,40.87732],[118.51862,40.87323],[118.48468,40.89537],[118.4756,40.88342],[118.45181,40.88628],[118.44304,40.85141],[118.36278,40.84645],[118.35026,40.85429],[118.35755,40.88795],[118.34861,40.89591],[118.37269,40.92831],[118.37243,40.95275],[118.41138,40.96481],[118.37005,40.97733],[118.35933,40.98827],[118.3753,41.00126],[118.40203,41.08758],[118.47297,41.11563],[118.47306,41.13478],[118.45672,41.13988],[118.43925,41.17499],[118.4449,41.21702],[118.40731,41.24277],[118.43632,41.26041],[118.39504,41.30511],[118.40462,41.31902],[118.41276,41.31674],[118.41009,41.33345],[118.50888,41.34378],[118.52427,41.35673],[118.53954,41.34688],[118.55345,41.35317],[118.65092,41.34533],[118.66509,41.35355],[118.6918,41.33097],[118.70289,41.33426],[118.74042,41.32188],[118.75544,41.32813],[118.77715,41.358],[118.82634,41.3689],[118.84192,41.38119],[118.83391,41.36148],[118.85927,41.31287],[118.86627,41.30269],[118.87849,41.30609],[118.89215,41.29767],[118.90891,41.30531],[118.93116,41.30046],[118.94663,41.31267],[119.04196,41.29237],[119.14695,41.29732],[119.1947,41.28665],[119.21242,41.30572],[119.23294,41.3108]]]}},{"type":"Feature","id":"CTAMAP-2006-COUNTY-1509","properties":{"map_level":"county","source_name":"平山县","source_code":"130131","county_type":"县","prefecture_name":"石家庄市","prefecture_code":"130100","prefecture_type":"地级市","parent_entity_id":"CNUR-000003","parent_year_end_name":"石家庄市","province_name":"河北省","province_code":"130000","snapshot_year":2006,"panel_year":2005,"link_status":"parent_linked","former_name":"","note":""},"geometry":{"type":"Polygon","coordinates":[[[113.82422,38.75805],[113.83216,38.74198],[113.83196,38.70782],[113.85248,38.68306],[113.84562,38.67409],[113.87881,38.66133],[113.88974,38.59559],[113.92745,38.57748],[113.92074,38.55434],[113.97813,38.52889],[114.02406,38.53431],[114.00823,38.50339],[114.02352,38.48677],[114.05113,38.48602],[114.05554,38.50762],[114.09894,38.52888],[114.12372,38.51075],[114.13851,38.51186],[114.12951,38.50404],[114.14186,38.48736],[114.17346,38.48596],[114.17589,38.45721],[114.18656,38.45075],[114.19049,38.43638],[114.18397,38.4162],[114.19804,38.40294],[114.19599,38.38972],[114.23358,38.38562],[114.22714,38.37335],[114.24158,38.35485],[114.27758,38.33903],[114.27451,38.32646],[114.26257,38.31904],[114.2702,38.31309],[114.26406,38.29798],[114.25382,38.28933],[114.27658,38.24297],[114.23343,38.23737],[114.22878,38.20884],[114.21272,38.21545],[114.1936,38.20931],[114.19556,38.1981],[114.18729,38.19134],[114.19287,38.18553],[114.16138,38.17278],[114.15863,38.18527],[114.1332,38.20157],[114.08158,38.19774],[114.05035,38.21761],[114.02062,38.20924],[114.01201,38.19127],[114.0007,38.19286],[113.98489,38.17161],[113.95935,38.16682],[113.92932,38.18201],[113.89701,38.17334],[113.84758,38.19367],[113.82684,38.16656],[113.78711,38.16126],[113.74598,38.17127],[113.70978,38.206],[113.6781,38.20499],[113.64762,38.23147],[113.57898,38.23574],[113.53826,38.25729],[113.53383,38.288],[113.55643,38.33986],[113.53065,38.35538],[113.51698,38.37616],[113.52709,38.41891],[113.55595,38.42398],[113.56161,38.44949],[113.58506,38.45992],[113.54848,38.49027],[113.54061,38.51607],[113.55307,38.52296],[113.54832,38.55525],[113.60362,38.5939],[113.59459,38.61697],[113.61496,38.6505],[113.62855,38.65451],[113.66748,38.6462],[113.69435,38.6518],[113.71281,38.66756],[113.70648,38.7134],[113.71954,38.71479],[113.74738,38.69862],[113.76774,38.7115],[113.76758,38.72773],[113.79212,38.76257],[113.82422,38.75805]]]}},{"type":"Feature","id":"CTAMAP-2006-COUNTY-1514","properties":{"map_level":"county","source_name":"平乡县","source_code":"130532","county_type":"县","prefecture_name":"邢台市","prefecture_code":"130500","prefecture_type":"地级市","parent_entity_id":"CNUR-000007","parent_year_end_name":"邢台市","province_name":"河北省","province_code":"130000","snapshot_year":2006,"panel_year":2005,"link_status":"parent_linked","former_name":"","note":""},"geometry":{"type":"Polygon","coordinates":[[[114.92233,37.16413],[114.95348,37.15209],[114.99125,37.15571],[114.99164,37.14275],[115.0377,37.13664],[115.04688,37.12663],[115.06574,37.12958],[115.07072,37.11966],[115.08672,37.13157],[115.09864,37.13012],[115.10454,37.11048],[115.09739,37.08847],[115.11315,37.09316],[115.11397,37.08094],[115.10382,37.07465],[115.10184,37.05988],[115.11691,37.05269],[115.11561,37.04453],[115.10486,37.04122],[115.10663,37.01544],[115.11257,37.01542],[115.12116,36.97885],[115.13162,36.9802],[115.13035,36.97529],[115.09707,36.95779],[115.09161,36.964],[115.06437,36.95632],[115.01086,36.96248],[114.99678,36.95361],[114.95629,36.95368],[114.94231,36.94636],[114.91052,36.95373],[114.91206,36.96123],[114.86475,36.98391],[114.86336,36.99309],[114.87881,37.01234],[114.88016,37.03724],[114.90254,37.05265],[114.89353,37.06438],[114.88455,37.06367],[114.88635,37.07336],[114.89951,37.07951],[114.89503,37.08589],[114.90528,37.08534],[114.90076,37.09402],[114.90985,37.10079],[114.91322,37.1196],[114.8974,37.14512],[114.88404,37.1444],[114.92233,37.16413]]]}},{"type":"Feature","id":"CTAMAP-2006-COUNTY-1527","properties":{"map_level":"county","source_name":"泊头市","source_code":"130981","county_type":"县级市","prefecture_name":"沧州市","prefecture_code":"130900","prefecture_type":"地级市","parent_entity_id":"CNUR-000011","parent_year_end_name":"沧州市","province_name":"河北省","province_code":"130000","snapshot_year":2006,"panel_year":2005,"link_status":"parent_linked","former_name":"","note":""},"geometry":{"type":"Polygon","coordinates":[[[116.75278,38.18104],[116.73572,38.17953],[116.72643,38.16156],[116.67749,38.14427],[116.67984,38.13808],[116.66788,38.13268],[116.65834,38.13702],[116.64494,38.13099],[116.63665,38.11386],[116.62146,38.11286],[116.62148,38.10581],[116.64107,38.10551],[116.66592,38.087],[116.66889,38.07663],[116.65119,38.06282],[116.64992,38.04625],[116.62523,38.04884],[116.62073,38.04155],[116.61311,38.04278],[116.6118,38.05334],[116.59522,38.05419],[116.58205,38.03433],[116.54495,38.04502],[116.55758,38.01932],[116.49077,38.01289],[116.47798,38.02452],[116.47344,38.01069],[116.46153,38.02301],[116.45384,38.00851],[116.44969,38.01506],[116.39237,38.01152],[116.3796,38.02565],[116.33186,38.01803],[116.31546,38.00508],[116.30979,37.98285],[116.29812,37.97788],[116.2922,37.98352],[116.28558,37.96806],[116.25993,37.96775],[116.25907,37.9589],[116.25458,37.96657],[116.21724,37.94997],[116.20125,37.96755],[116.18282,37.96766],[116.16696,37.95277],[116.16846,37.9389],[116.15712,37.92083],[116.14513,37.91246],[116.11448,37.90935],[116.10963,37.91734],[116.0834,37.91117],[116.08642,37.92406],[116.09804,37.92758],[116.11242,37.94791],[116.09099,37.94838],[116.081,37.959],[116.08105,37.97238],[116.07018,37.97378],[116.07712,37.98402],[116.05519,37.99023],[116.05624,38.01266],[116.03652,38.02482],[116.0438,38.03782],[116.06275,38.03501],[116.04619,38.05164],[116.04867,38.05877],[116.06839,38.0617],[116.07109,38.07008],[116.09553,38.0808],[116.14316,38.07815],[116.14576,38.0896],[116.15513,38.09209],[116.1546,38.11123],[116.20432,38.10826],[116.21999,38.0962],[116.22434,38.11527],[116.24477,38.11979],[116.24499,38.12604],[116.26195,38.12371],[116.26791,38.13406],[116.28752,38.13293],[116.27668,38.15089],[116.29075,38.154],[116.28174,38.16702],[116.28984,38.19994],[116.31179,38.19629],[116.30753,38.18552],[116.32781,38.19024],[116.34598,38.18205],[116.35664,38.19351],[116.3752,38.18902],[116.39296,38.20151],[116.41121,38.19308],[116.45449,38.19985],[116.46102,38.18133],[116.4828,38.18694],[116.49565,38.21534],[116.51306,38.21439],[116.51152,38.199],[116.52358,38.18779],[116.571,38.19761],[116.5737,38.20862],[116.5924,38.20648],[116.59598,38.21534],[116.65482,38.22213],[116.66151,38.20387],[116.71536,38.18506],[116.72812,38.18498],[116.73563,38.19468],[116.75378,38.18788],[116.75278,38.18104]]]}},{"type":"Feature","id":"CTAMAP-2006-COUNTY-1566","properties":{"map_level":"county","source_name":"迁安市","source_code":"130283","county_type":"县级市","prefecture_name":"唐山市","prefecture_code":"130200","prefecture_type":"地级市","parent_entity_id":"CNUR-000004","parent_year_end_name":"唐山市","province_name":"河北省","province_code":"130000","snapshot_year":2006,"panel_year":2005,"link_status":"parent_linked","former_name":"","note":""},"geometry":{"type":"Polygon","coordinates":[[[118.91865,40.1479],[118.9107,40.12618],[118.91977,40.12379],[118.91467,40.10713],[118.92231,40.09969],[118.85649,40.05972],[118.86273,40.0476],[118.85834,40.03032],[118.87888,40.00353],[118.88044,39.94709],[118.86127,39.92978],[118.84947,39.88652],[118.83191,39.8624],[118.80379,39.88438],[118.78621,39.91242],[118.74688,39.93189],[118.71217,39.88964],[118.72102,39.87135],[118.69617,39.87777],[118.69065,39.88666],[118.68501,39.85521],[118.65709,39.85545],[118.65081,39.86813],[118.65893,39.87625],[118.63605,39.87335],[118.61492,39.85842],[118.61144,39.84368],[118.59882,39.84369],[118.60253,39.8525],[118.59638,39.85805],[118.57011,39.84899],[118.52366,39.86506],[118.50953,39.85685],[118.4524,39.85385],[118.45523,39.87685],[118.4432,39.8848],[118.46224,39.90371],[118.45059,39.92147],[118.43458,39.92251],[118.43991,39.92646],[118.43194,39.93193],[118.45039,39.93614],[118.45704,39.94782],[118.44811,39.9626],[118.4548,39.97789],[118.44695,39.98397],[118.44389,40.00222],[118.45096,40.0064],[118.44373,40.01415],[118.46038,40.0191],[118.46176,40.02939],[118.4766,40.02854],[118.50597,40.07917],[118.50257,40.08755],[118.51833,40.0939],[118.51547,40.10461],[118.54125,40.10828],[118.54856,40.11647],[118.54339,40.13826],[118.56119,40.14263],[118.55903,40.15399],[118.59127,40.17143],[118.56537,40.2037],[118.58784,40.20435],[118.58852,40.21467],[118.60099,40.22228],[118.59487,40.23224],[118.60479,40.23024],[118.61242,40.24888],[118.65813,40.24545],[118.69919,40.21618],[118.73374,40.21158],[118.73997,40.20682],[118.73766,40.19005],[118.77103,40.19277],[118.78048,40.21084],[118.82339,40.17827],[118.857,40.18087],[118.88365,40.16682],[118.9038,40.16815],[118.90313,40.15723],[118.91865,40.1479]]]}},{"type":"Feature","id":"CTAMAP-2006-COUNTY-1567","properties":{"map_level":"county","source_name":"迁西县","source_code":"130227","county_type":"县","prefecture_name":"唐山市","prefecture_code":"130200","prefecture_type":"地级市","parent_entity_id":"CNUR-000004","parent_year_end_name":"唐山市","province_name":"河北省","province_code":"130000","snapshot_year":2006,"panel_year":2005,"link_status":"parent_linked","former_name":"","note":""},"geometry":{"type":"Polygon","coordinates":[[[118.56158,40.28313],[118.5665,40.2659],[118.59426,40.2677],[118.60753,40.26131],[118.60286,40.25319],[118.62157,40.2515],[118.60895,40.24635],[118.60479,40.23024],[118.59487,40.23224],[118.60099,40.22228],[118.58852,40.21467],[118.58784,40.20435],[118.56537,40.2037],[118.59127,40.17143],[118.55903,40.15399],[118.56119,40.14263],[118.54339,40.13826],[118.54856,40.11647],[118.54125,40.10828],[118.51547,40.10461],[118.51833,40.0939],[118.50257,40.08755],[118.50597,40.07917],[118.4766,40.02854],[118.46176,40.02939],[118.46038,40.0191],[118.44406,40.01495],[118.45096,40.0064],[118.44389,40.00222],[118.44695,39.98397],[118.4548,39.97789],[118.44964,39.957],[118.42586,39.95888],[118.4175,39.97088],[118.35598,39.96882],[118.33898,39.97837],[118.34945,39.99393],[118.33393,39.99978],[118.32502,40.01855],[118.30867,40.01543],[118.30485,40.00293],[118.29351,40.01084],[118.30311,40.03727],[118.27703,40.06346],[118.22043,40.05959],[118.20787,40.0969],[118.22549,40.10975],[118.20133,40.14583],[118.18418,40.14775],[118.16087,40.17217],[118.17228,40.18267],[118.18793,40.1838],[118.18267,40.19279],[118.18553,40.20036],[118.19126,40.19745],[118.19203,40.21128],[118.15006,40.24079],[118.15978,40.27245],[118.12982,40.30065],[118.14987,40.32046],[118.1364,40.32358],[118.13164,40.3391],[118.11466,40.35299],[118.14437,40.39229],[118.16028,40.39494],[118.14563,40.40849],[118.14831,40.42255],[118.16905,40.42373],[118.19296,40.446],[118.22743,40.45041],[118.23332,40.46386],[118.25489,40.45625],[118.25809,40.43983],[118.27078,40.43566],[118.2736,40.42512],[118.30122,40.41645],[118.32019,40.41859],[118.31994,40.42881],[118.36639,40.4271],[118.38375,40.43443],[118.39864,40.41348],[118.46362,40.41081],[118.4742,40.40208],[118.50914,40.40226],[118.54736,40.41636],[118.56248,40.41345],[118.56302,40.4018],[118.5473,40.3824],[118.54771,40.3604],[118.53292,40.35788],[118.53305,40.32052],[118.52459,40.31663],[118.54279,40.2894],[118.56158,40.28313]]]}},{"type":"Feature","id":"CTAMAP-2006-COUNTY-1596","properties":{"map_level":"county","source_name":"青龙满族自治县","source_code":"130321","county_type":"自治县","prefecture_name":"秦皇岛市","prefecture_code":"130300","prefecture_type":"地级市","parent_entity_id":"CNUR-000005","parent_year_end_name":"秦皇岛市","province_name":"河北省","province_code":"130000","snapshot_year":2006,"panel_year":2005,"link_status":"parent_linked","former_name":"","note":""},"geometry":{"type":"Polygon","coordinates":[[[119.15209,40.6128],[119.15713,40.59812],[119.17745,40.61049],[119.18056,40.60216],[119.20513,40.60743],[119.23568,40.5999],[119.21485,40.56906],[119.25072,40.5463],[119.25436,40.53657],[119.28727,40.53636],[119.29101,40.52747],[119.31959,40.53503],[119.33777,40.52988],[119.37255,40.54771],[119.38719,40.54146],[119.37999,40.53289],[119.38661,40.52472],[119.43263,40.54211],[119.4474,40.52966],[119.45405,40.53781],[119.47702,40.5304],[119.49746,40.55258],[119.51433,40.54608],[119.53276,40.55132],[119.5453,40.53775],[119.564,40.53308],[119.54075,40.51175],[119.55908,40.50033],[119.5565,40.48798],[119.5936,40.46499],[119.59456,40.44748],[119.58213,40.43567],[119.59219,40.42454],[119.58896,40.39211],[119.57303,40.37628],[119.59753,40.3627],[119.58494,40.34419],[119.60544,40.33036],[119.60742,40.31785],[119.57593,40.30683],[119.58546,40.27982],[119.54934,40.26809],[119.56224,40.23111],[119.54668,40.22354],[119.55569,40.19317],[119.53926,40.181],[119.52732,40.18421],[119.52519,40.16856],[119.50661,40.15216],[119.51983,40.14364],[119.50365,40.13481],[119.48202,40.10533],[119.36924,40.07832],[119.35547,40.1166],[119.33679,40.12572],[119.339,40.15602],[119.28623,40.17753],[119.27392,40.16736],[119.27923,40.16082],[119.20951,40.15571],[119.17182,40.1319],[119.15659,40.13446],[119.11618,40.09755],[119.07238,40.09481],[119.05794,40.10204],[119.04588,40.12101],[119.02383,40.12574],[119.01773,40.139],[118.97375,40.13725],[118.97323,40.15875],[118.95034,40.15854],[118.94296,40.14639],[118.91865,40.1479],[118.90313,40.15723],[118.9038,40.16815],[118.88365,40.16682],[118.857,40.18087],[118.82339,40.17827],[118.78048,40.21084],[118.77103,40.19277],[118.73766,40.19005],[118.73997,40.20682],[118.73374,40.21158],[118.69919,40.21618],[118.65813,40.24545],[118.60327,40.25301],[118.60753,40.26131],[118.60177,40.26533],[118.57955,40.2627],[118.56379,40.27042],[118.56357,40.2886],[118.58036,40.29118],[118.56966,40.29816],[118.57168,40.30693],[118.60416,40.31664],[118.606,40.32866],[118.64628,40.37002],[118.62778,40.39035],[118.62816,40.41363],[118.60351,40.4275],[118.63054,40.44901],[118.65645,40.44673],[118.69365,40.49013],[118.71695,40.47242],[118.76681,40.47837],[118.78601,40.49105],[118.79368,40.51523],[118.81526,40.53063],[118.85595,40.52665],[118.88137,40.54099],[118.91516,40.52955],[118.95301,40.53005],[118.95996,40.5353],[118.94922,40.55752],[118.97404,40.56028],[118.98881,40.57659],[119.00568,40.57599],[119.05653,40.60446],[119.08063,40.58695],[119.09954,40.60227],[119.15209,40.6128]]]}},{"type":"Feature","id":"CTAMAP-2006-COUNTY-1602","properties":{"map_level":"county","source_name":"青县","source_code":"130922","county_type":"县","prefecture_name":"沧州市","prefecture_code":"130900","prefecture_type":"地级市","parent_entity_id":"CNUR-000011","parent_year_end_name":"沧州市","province_name":"河北省","province_code":"130000","snapshot_year":2006,"panel_year":2005,"link_status":"parent_linked","former_name":"","note":""},"geometry":{"type":"Polygon","coordinates":[[[117.09055,38.59974],[117.08294,38.54296],[117.04535,38.52236],[117.01697,38.51735],[117.01255,38.50298],[116.96783,38.49281],[116.94298,38.478],[116.91344,38.47982],[116.90582,38.49804],[116.89205,38.49481],[116.88483,38.47964],[116.88874,38.42536],[116.88288,38.42324],[116.88322,38.40441],[116.85477,38.41423],[116.84163,38.40192],[116.81904,38.4169],[116.80362,38.40296],[116.78156,38.39751],[116.7542,38.41167],[116.7368,38.40488],[116.73347,38.39482],[116.66183,38.3875],[116.65143,38.39222],[116.64083,38.41408],[116.60981,38.41852],[116.6363,38.45319],[116.63131,38.46844],[116.59258,38.46171],[116.58417,38.48357],[116.59146,38.48674],[116.61479,38.47349],[116.60893,38.48957],[116.62145,38.50053],[116.60818,38.5027],[116.60958,38.50844],[116.61858,38.51383],[116.64173,38.50689],[116.65384,38.51793],[116.66898,38.54315],[116.6441,38.55784],[116.63891,38.55303],[116.63567,38.5609],[116.66849,38.56309],[116.65624,38.58098],[116.68215,38.60231],[116.6748,38.60507],[116.69687,38.61831],[116.7092,38.60866],[116.7279,38.61285],[116.73571,38.62226],[116.73247,38.63067],[116.75936,38.63017],[116.76498,38.64513],[116.77217,38.64454],[116.77132,38.65539],[116.76257,38.65737],[116.76703,38.66426],[116.75659,38.70028],[116.73903,38.70173],[116.7564,38.70847],[116.76022,38.72381],[116.75284,38.73137],[116.76043,38.74117],[116.86194,38.74558],[116.86009,38.71961],[116.86942,38.71216],[116.87158,38.68009],[116.91198,38.687],[116.9124,38.67874],[116.92187,38.67951],[116.92471,38.68615],[116.98847,38.69573],[117.00839,38.68918],[117.00939,38.70049],[117.03928,38.70492],[117.03276,38.68779],[117.03916,38.69133],[117.03934,38.68544],[117.06219,38.6794],[117.04678,38.64067],[117.05798,38.63485],[117.06453,38.60755],[117.09055,38.59974]]]}},{"type":"Feature","id":"CTAMAP-2006-COUNTY-1613","properties":{"map_level":"county","source_name":"清河县","source_code":"130534","county_type":"县","prefecture_name":"邢台市","prefecture_code":"130500","prefecture_type":"地级市","parent_entity_id":"CNUR-000007","parent_year_end_name":"邢台市","province_name":"河北省","province_code":"130000","snapshot_year":2006,"panel_year":2005,"link_status":"parent_linked","former_name":"","note":""},"geometry":{"type":"Polygon","coordinates":[[[115.84706,37.06312],[115.81891,37.03079],[115.80695,37.02898],[115.80704,37.01788],[115.79794,37.01803],[115.80303,37.01048],[115.77085,36.992],[115.78287,36.97961],[115.77849,36.97031],[115.78611,36.97496],[115.79066,36.96681],[115.76694,36.93631],[115.7581,36.93959],[115.7493,36.93037],[115.72433,36.94323],[115.70322,36.93852],[115.70086,36.94516],[115.63271,36.93092],[115.62665,36.92114],[115.60817,36.92926],[115.59654,36.92531],[115.57835,36.93229],[115.56733,36.95641],[115.5507,36.95756],[115.54433,36.96738],[115.54869,36.98077],[115.53149,36.97177],[115.51688,36.97455],[115.5143,36.99767],[115.50725,37.00136],[115.51902,37.03375],[115.54333,37.05566],[115.53469,37.07614],[115.58441,37.09451],[115.64225,37.09164],[115.66333,37.10494],[115.66287,37.13217],[115.71851,37.14629],[115.71362,37.16914],[115.75641,37.18012],[115.75646,37.14831],[115.76513,37.13546],[115.79093,37.11329],[115.82207,37.115],[115.833,37.09515],[115.82915,37.07347],[115.84706,37.06312]]]}},{"type":"Feature","id":"CTAMAP-2006-COUNTY-1622","properties":{"map_level":"county","source_name":"清苑县","source_code":"130622","county_type":"县","prefecture_name":"保定市","prefecture_code":"130600","prefecture_type":"地级市","parent_entity_id":"CNUR-000008","parent_year_end_name":"保定市","province_name":"河北省","province_code":"130000","snapshot_year":2006,"panel_year":2005,"link_status":"parent_linked","former_name":"","note":""},"geometry":{"type":"Polygon","coordinates":[[[115.71547,38.87984],[115.75705,38.87675],[115.74742,38.85841],[115.68909,38.84683],[115.68763,38.83166],[115.67679,38.83148],[115.68759,38.82151],[115.6834,38.81223],[115.65641,38.79893],[115.64885,38.80248],[115.64659,38.77792],[115.6681,38.77552],[115.68055,38.76831],[115.65026,38.76706],[115.66049,38.76882],[115.66084,38.77445],[115.64488,38.77489],[115.63444,38.751],[115.6464,38.7456],[115.64407,38.72915],[115.62174,38.72726],[115.62456,38.70723],[115.61731,38.68894],[115.64688,38.67513],[115.63957,38.66667],[115.60317,38.66556],[115.59799,38.64983],[115.56328,38.62439],[115.56153,38.61607],[115.57657,38.60394],[115.57138,38.59549],[115.5428,38.59324],[115.52911,38.57922],[115.48785,38.58176],[115.48776,38.57159],[115.4572,38.57979],[115.45961,38.56049],[115.44789,38.56547],[115.42928,38.55984],[115.41545,38.57489],[115.39474,38.57637],[115.39512,38.5692],[115.34428,38.56662],[115.32011,38.55016],[115.30163,38.55528],[115.2927,38.58316],[115.3038,38.60443],[115.29466,38.60888],[115.2835,38.65026],[115.25534,38.65634],[115.25465,38.6936],[115.23026,38.70379],[115.22791,38.7438],[115.26246,38.75034],[115.26886,38.72741],[115.27801,38.75285],[115.28926,38.7628],[115.30433,38.76329],[115.30553,38.77887],[115.31839,38.78907],[115.38863,38.78378],[115.4148,38.79712],[115.42968,38.78791],[115.45469,38.78695],[115.56204,38.79708],[115.57119,38.80708],[115.56331,38.83193],[115.5753,38.83507],[115.57752,38.86122],[115.5848,38.86871],[115.59671,38.86133],[115.59771,38.8744],[115.58399,38.88869],[115.58305,38.91655],[115.59432,38.92342],[115.64007,38.9193],[115.64697,38.92725],[115.67864,38.91472],[115.68372,38.91923],[115.68981,38.90436],[115.69774,38.90439],[115.69699,38.89442],[115.71547,38.87984]]]}},{"type":"Feature","id":"CTAMAP-2006-COUNTY-1635","properties":{"map_level":"county","source_name":"邱县","source_code":"130430","county_type":"县","prefecture_name":"邯郸市","prefecture_code":"130400","prefecture_type":"地级市","parent_entity_id":"CNUR-000006","parent_year_end_name":"邯郸市","province_name":"河北省","province_code":"130000","snapshot_year":2006,"panel_year":2005,"link_status":"parent_linked","former_name":"","note":""},"geometry":{"type":"Polygon","coordinates":[[[115.20658,36.8707],[115.23022,36.86368],[115.24443,36.87149],[115.26929,36.86025],[115.31307,36.87193],[115.31596,36.84252],[115.3007,36.84123],[115.29966,36.83421],[115.31739,36.816],[115.31828,36.78031],[115.32584,36.76695],[115.30446,36.75175],[115.3109,36.73803],[115.32168,36.73949],[115.31976,36.71397],[115.28764,36.70124],[115.29041,36.69002],[115.30778,36.67738],[115.30473,36.66812],[115.28993,36.67026],[115.26963,36.68689],[115.25432,36.67562],[115.23518,36.67473],[115.22605,36.65664],[115.23045,36.64997],[115.23681,36.65354],[115.23679,36.64469],[115.22498,36.63706],[115.20839,36.65032],[115.20361,36.66991],[115.16722,36.66953],[115.16774,36.69308],[115.12366,36.70374],[115.10878,36.73671],[115.11757,36.75379],[115.11335,36.76267],[115.09598,36.76015],[115.08874,36.76812],[115.0901,36.78977],[115.07384,36.79042],[115.09308,36.80797],[115.07649,36.81822],[115.07172,36.8396],[115.07549,36.84545],[115.10088,36.84185],[115.10741,36.85443],[115.09802,36.86145],[115.07661,36.86043],[115.05058,36.88189],[115.06799,36.91955],[115.08954,36.92637],[115.09173,36.94941],[115.10103,36.95846],[115.12362,36.94134],[115.09691,36.9286],[115.09762,36.92229],[115.10853,36.92275],[115.11101,36.90338],[115.16015,36.90103],[115.168,36.87895],[115.15092,36.86058],[115.1534,36.85104],[115.17011,36.85033],[115.18547,36.8669],[115.20658,36.8707]]]}},{"type":"Feature","id":"CTAMAP-2006-COUNTY-1642","properties":{"map_level":"county","source_name":"曲阳县","source_code":"130634","county_type":"县","prefecture_name":"保定市","prefecture_code":"130600","prefecture_type":"地级市","parent_entity_id":"CNUR-000008","parent_year_end_name":"保定市","province_name":"河北省","province_code":"130000","snapshot_year":2006,"panel_year":2005,"link_status":"parent_linked","former_name":"","note":""},"geometry":{"type":"Polygon","coordinates":[[[114.85258,38.64048],[114.88089,38.62466],[114.86952,38.61638],[114.87433,38.60796],[114.86777,38.59514],[114.88285,38.58814],[114.85392,38.56331],[114.85497,38.53545],[114.84485,38.53588],[114.83179,38.51316],[114.80576,38.50572],[114.80697,38.4862],[114.79407,38.49628],[114.75525,38.48916],[114.73907,38.50216],[114.73289,38.47855],[114.71839,38.47882],[114.71347,38.49722],[114.70084,38.50231],[114.69613,38.48774],[114.67053,38.47061],[114.59164,38.56069],[114.57857,38.59624],[114.53473,38.59223],[114.5236,38.58337],[114.52282,38.59276],[114.54609,38.60803],[114.53026,38.63247],[114.52958,38.64864],[114.50145,38.66139],[114.49636,38.67451],[114.45397,38.70276],[114.43647,38.69487],[114.41246,38.69698],[114.40901,38.71605],[114.42508,38.74294],[114.41173,38.75861],[114.42878,38.76114],[114.46243,38.75013],[114.46219,38.76185],[114.49595,38.75827],[114.52756,38.77557],[114.51936,38.78622],[114.52515,38.80693],[114.53566,38.81339],[114.51431,38.82874],[114.51033,38.88282],[114.49606,38.88963],[114.48938,38.90459],[114.49536,38.91173],[114.52215,38.91197],[114.52503,38.92173],[114.5145,38.93323],[114.53287,38.95645],[114.58359,38.93626],[114.60544,38.94131],[114.61314,38.9318],[114.64396,38.92225],[114.66025,38.92883],[114.70368,38.90876],[114.6937,38.88768],[114.70002,38.87829],[114.69674,38.85897],[114.70625,38.84992],[114.71881,38.85825],[114.71863,38.83626],[114.73615,38.81244],[114.716,38.80939],[114.70339,38.80065],[114.70219,38.78974],[114.71665,38.77717],[114.7353,38.77598],[114.72299,38.74973],[114.73016,38.72629],[114.77767,38.69579],[114.78834,38.67511],[114.78023,38.66611],[114.80433,38.65523],[114.81405,38.63619],[114.85258,38.64048]]]}},{"type":"Feature","id":"CTAMAP-2006-COUNTY-1643","properties":{"map_level":"county","source_name":"曲周县","source_code":"130435","county_type":"县","prefecture_name":"邯郸市","prefecture_code":"130400","prefecture_type":"地级市","parent_entity_id":"CNUR-000006","parent_year_end_name":"邯郸市","province_name":"河北省","province_code":"130000","snapshot_year":2006,"panel_year":2005,"link_status":"parent_linked","former_name":"","note":""},"geometry":{"type":"Polygon","coordinates":[[[115.09707,36.95779],[115.08954,36.92637],[115.06799,36.91955],[115.05058,36.88189],[115.07661,36.86043],[115.09802,36.86145],[115.10741,36.85443],[115.10088,36.84185],[115.07549,36.84545],[115.07172,36.8396],[115.07649,36.81822],[115.09308,36.80797],[115.07384,36.79042],[115.0901,36.78977],[115.08874,36.76812],[115.09598,36.76015],[115.11335,36.76267],[115.11757,36.75379],[115.10878,36.73671],[115.12366,36.70374],[115.16774,36.69308],[115.16722,36.66953],[115.20361,36.66991],[115.20839,36.65032],[115.22498,36.63706],[115.19745,36.63624],[115.19573,36.62656],[115.21645,36.62246],[115.21373,36.6117],[115.19994,36.60707],[115.18635,36.57999],[115.17647,36.57704],[115.131,36.58914],[115.15598,36.60715],[115.15013,36.61793],[115.13913,36.61835],[115.13596,36.60455],[115.126,36.59893],[115.10214,36.60355],[115.09898,36.59017],[115.0814,36.59649],[115.06391,36.59264],[114.99015,36.64093],[114.97195,36.63342],[114.95282,36.63595],[114.94032,36.64857],[114.89961,36.64685],[114.89807,36.66554],[114.86845,36.66454],[114.84049,36.67589],[114.84613,36.68923],[114.86156,36.69302],[114.85195,36.71043],[114.86205,36.72282],[114.85975,36.74281],[114.8802,36.7541],[114.89276,36.74273],[114.90756,36.74373],[114.92137,36.75731],[114.91092,36.76825],[114.91795,36.77356],[114.91271,36.78801],[114.9277,36.79119],[114.9237,36.80126],[114.94428,36.81003],[114.93936,36.82413],[114.95308,36.86284],[114.94304,36.86785],[114.94404,36.87884],[114.96721,36.89392],[114.96106,36.91056],[114.97051,36.9273],[114.96565,36.95009],[115.01086,36.96248],[115.06437,36.95632],[115.09161,36.964],[115.09707,36.95779]]]}},{"type":"Feature","id":"CTAMAP-2006-COUNTY-1654","properties":{"map_level":"county","source_name":"饶阳县","source_code":"131124","county_type":"县","prefecture_name":"衡水市","prefecture_code":"131100","prefecture_type":"地级市","parent_entity_id":"CNUR-000013","parent_year_end_name":"衡水市","province_name":"河北省","province_code":"130000","snapshot_year":2006,"panel_year":2005,"link_status":"parent_linked","former_name":"","note":""},"geometry":{"type":"Polygon","coordinates":[[[115.84571,38.31679],[115.82436,38.29468],[115.82948,38.27661],[115.85891,38.25446],[115.85041,38.24047],[115.86667,38.22722],[115.86533,38.21709],[115.89385,38.20251],[115.89347,38.18688],[115.88155,38.17104],[115.89303,38.1664],[115.89528,38.1558],[115.86517,38.15474],[115.85509,38.1442],[115.82903,38.13872],[115.8283,38.11657],[115.79895,38.12978],[115.76214,38.12466],[115.76115,38.11156],[115.73766,38.11469],[115.7304,38.10319],[115.68918,38.10974],[115.67926,38.08282],[115.62819,38.10312],[115.57144,38.09422],[115.5693,38.15328],[115.56286,38.15186],[115.55687,38.1705],[115.59322,38.17474],[115.60834,38.18961],[115.6016,38.21729],[115.62565,38.24347],[115.60293,38.25527],[115.60749,38.26492],[115.65552,38.28584],[115.66808,38.27878],[115.68175,38.28314],[115.65483,38.30668],[115.67313,38.32051],[115.65928,38.33672],[115.66053,38.34545],[115.68522,38.34555],[115.69928,38.36692],[115.72517,38.35764],[115.7327,38.3689],[115.74635,38.3709],[115.75036,38.35842],[115.78745,38.35591],[115.79345,38.3455],[115.8357,38.34551],[115.84241,38.335],[115.84009,38.3171],[115.84571,38.31679]]]}},{"type":"Feature","id":"CTAMAP-2006-COUNTY-1661","properties":{"map_level":"county","source_name":"任丘市","source_code":"130982","county_type":"县级市","prefecture_name":"沧州市","prefecture_code":"130900","prefecture_type":"地级市","parent_entity_id":"CNUR-000011","parent_year_end_name":"沧州市","province_name":"河北省","province_code":"130000","snapshot_year":2006,"panel_year":2005,"link_status":"parent_linked","former_name":"","note":""},"geometry":{"type":"Polygon","coordinates":[[[116.20296,38.92101],[116.19573,38.88926],[116.20227,38.87425],[116.21419,38.8673],[116.22608,38.87114],[116.24297,38.85883],[116.2433,38.84518],[116.27299,38.83553],[116.26972,38.8263],[116.27699,38.82164],[116.26607,38.81585],[116.31445,38.81034],[116.33118,38.81582],[116.337,38.80103],[116.35573,38.80064],[116.36389,38.79181],[116.37704,38.79919],[116.37451,38.78664],[116.41037,38.78287],[116.41711,38.76016],[116.43131,38.75022],[116.42094,38.71508],[116.39772,38.7089],[116.38793,38.6894],[116.35766,38.68578],[116.36194,38.66078],[116.34997,38.65355],[116.33076,38.66866],[116.27019,38.66815],[116.25608,38.64331],[116.23982,38.63936],[116.24084,38.6309],[116.21374,38.62013],[116.17562,38.61747],[116.17045,38.58522],[116.15732,38.56407],[116.12877,38.57758],[116.09934,38.57476],[116.08488,38.58309],[116.05359,38.58028],[116.04886,38.55998],[116.03094,38.57979],[116.01936,38.57158],[116.02178,38.56183],[115.97603,38.55111],[115.95599,38.57144],[115.95828,38.60891],[115.94429,38.62721],[115.96943,38.63979],[115.96725,38.66814],[115.95959,38.66727],[115.96312,38.67653],[115.9495,38.68909],[115.94889,38.70224],[115.9602,38.7083],[115.93823,38.73473],[115.95509,38.7558],[115.98942,38.7773],[115.99064,38.79019],[116.00902,38.807],[116.0393,38.81747],[116.02944,38.8287],[116.04428,38.87409],[116.03534,38.87761],[116.03256,38.89052],[116.0799,38.90988],[116.10661,38.90861],[116.10474,38.9143],[116.11945,38.91971],[116.11461,38.9339],[116.14634,38.94741],[116.20296,38.92101]]]}},{"type":"Feature","id":"CTAMAP-2006-COUNTY-1662","properties":{"map_level":"county","source_name":"任县","source_code":"130526","county_type":"县","prefecture_name":"邢台市","prefecture_code":"130500","prefecture_type":"地级市","parent_entity_id":"CNUR-000007","parent_year_end_name":"邢台市","province_name":"河北省","province_code":"130000","snapshot_year":2006,"panel_year":2005,"link_status":"parent_linked","former_name":"","note":""},"geometry":{"type":"Polygon","coordinates":[[[114.84239,37.26632],[114.83869,37.24577],[114.86042,37.23674],[114.87048,37.24216],[114.87798,37.23102],[114.87344,37.2159],[114.89213,37.20523],[114.88844,37.17229],[114.92233,37.16413],[114.91684,37.15715],[114.90079,37.1558],[114.89771,37.15092],[114.89317,37.14906],[114.88442,37.14478],[114.88404,37.1444],[114.8974,37.14512],[114.91321,37.11999],[114.90985,37.10079],[114.90076,37.09402],[114.90525,37.08532],[114.85128,37.08711],[114.82557,37.09854],[114.80583,37.09213],[114.78658,37.09606],[114.7736,37.07188],[114.75573,37.07094],[114.72352,37.07956],[114.71262,37.08986],[114.68658,37.08226],[114.68372,37.09898],[114.67206,37.10436],[114.63335,37.09017],[114.62396,37.09412],[114.62459,37.11535],[114.63339,37.11546],[114.63772,37.13277],[114.61298,37.15342],[114.62164,37.16591],[114.56765,37.17786],[114.57861,37.20156],[114.57396,37.21614],[114.5893,37.23239],[114.59657,37.21252],[114.62045,37.22],[114.62682,37.21276],[114.64754,37.21237],[114.6405,37.20529],[114.6575,37.20723],[114.66344,37.20065],[114.68015,37.21964],[114.74388,37.23122],[114.74768,37.25316],[114.76165,37.25532],[114.77696,37.28525],[114.79723,37.28538],[114.81488,37.27784],[114.81563,37.27076],[114.84239,37.26632]]]}},{"type":"Feature","id":"CTAMAP-2006-COUNTY-1667","properties":{"map_level":"county","source_name":"容城县","source_code":"130629","county_type":"县","prefecture_name":"保定市","prefecture_code":"130600","prefecture_type":"地级市","parent_entity_id":"CNUR-000008","parent_year_end_name":"保定市","province_name":"河北省","province_code":"130000","snapshot_year":2006,"panel_year":2005,"link_status":"parent_linked","former_name":"","note":""},"geometry":{"type":"Polygon","coordinates":[[[115.94599,39.11086],[115.98707,39.10815],[115.99804,39.09797],[116.03384,39.09109],[116.02739,39.06457],[116.04089,39.05776],[116.04675,39.03812],[116.06112,39.03503],[116.05808,39.02565],[116.06879,39.02469],[116.06205,39.01733],[116.04798,39.01974],[116.04557,38.99008],[116.03768,38.98345],[116.04374,38.98237],[116.03669,38.97231],[116.01981,38.96904],[116.01837,38.95195],[115.99056,38.98059],[116.00346,38.99869],[115.99334,39.01336],[115.96566,39.00692],[115.95594,39.01461],[115.93477,39.01175],[115.94038,39.02503],[115.92419,39.03788],[115.89553,39.03346],[115.89128,39.00224],[115.87533,38.99502],[115.82597,38.99546],[115.7979,38.97573],[115.79451,38.96765],[115.80134,38.96323],[115.76293,38.9692],[115.78057,38.99833],[115.77693,39.00676],[115.76074,39.00903],[115.75888,39.0229],[115.76951,39.05985],[115.75943,39.09717],[115.77013,39.12052],[115.8167,39.11381],[115.83297,39.13077],[115.85949,39.11781],[115.86731,39.13076],[115.86204,39.14212],[115.8694,39.13041],[115.89693,39.13721],[115.88626,39.12414],[115.89517,39.10134],[115.91596,39.0998],[115.94599,39.11086]]]}},{"type":"Feature","id":"CTAMAP-2006-COUNTY-1693","properties":{"map_level":"county","source_name":"三河市","source_code":"131082","county_type":"县级市","prefecture_name":"廊坊市","prefecture_code":"131000","prefecture_type":"地级市","parent_entity_id":"CNUR-000012","parent_year_end_name":"廊坊市","province_name":"河北省","province_code":"130000","snapshot_year":2006,"panel_year":2005,"link_status":"parent_linked","former_name":"","note":""},"geometry":{"type":"Polygon","coordinates":[[[117.20336,40.08096],[117.21637,40.06416],[117.18702,40.0653],[117.17531,40.05768],[117.1917,39.99145],[117.17217,39.97594],[117.16944,39.95777],[117.1589,39.96213],[117.15873,39.95156],[117.14515,39.94449],[117.15077,39.93491],[117.13979,39.93181],[117.13586,39.91773],[117.13886,39.90948],[117.15235,39.90776],[117.14203,39.89552],[117.15191,39.88812],[117.14721,39.87927],[117.16817,39.87343],[117.16025,39.86661],[117.17159,39.86942],[117.17408,39.8632],[117.22184,39.85169],[117.24183,39.8596],[117.25093,39.82883],[117.23065,39.83294],[117.21436,39.82604],[117.20098,39.83372],[117.15619,39.81655],[117.13785,39.82592],[117.10723,39.8177],[117.10476,39.80936],[117.05047,39.81125],[117.04354,39.8288],[117.05082,39.8351],[117.04243,39.84781],[117.06125,39.85333],[117.06582,39.87106],[117.03746,39.8798],[117.04056,39.8878],[117.03412,39.89241],[117.0189,39.88332],[117.01531,39.89569],[116.98437,39.90501],[116.98748,39.91727],[116.97689,39.92707],[116.95395,39.92842],[116.95875,39.94236],[116.95119,39.95292],[116.95815,39.96076],[116.9508,39.95917],[116.94133,39.98147],[116.91266,39.96851],[116.91067,39.98219],[116.87746,39.97707],[116.86646,39.96415],[116.8824,39.96003],[116.88504,39.94787],[116.89913,39.94024],[116.86875,39.92719],[116.88042,39.91201],[116.86201,39.9071],[116.86202,39.89146],[116.84357,39.88627],[116.83822,39.89337],[116.81237,39.89243],[116.79809,39.87691],[116.77917,39.88684],[116.77489,39.94793],[116.75137,39.95939],[116.77034,39.99201],[116.76628,40.01228],[116.77344,40.03334],[116.81469,40.03143],[116.82568,40.05002],[116.84452,40.05388],[116.86499,40.03922],[116.90808,40.05153],[116.92573,40.05094],[116.93915,40.04029],[116.95587,40.05023],[116.96961,40.03647],[117.01554,40.02838],[117.03137,40.04681],[117.07908,40.07371],[117.13269,40.06265],[117.15424,40.07518],[117.1743,40.06863],[117.17927,40.0836],[117.19343,40.06713],[117.20336,40.08096]]]}},{"type":"Feature","id":"CTAMAP-2006-COUNTY-1708","properties":{"map_level":"county","source_name":"沙河市","source_code":"130582","county_type":"县级市","prefecture_name":"邢台市","prefecture_code":"130500","prefecture_type":"地级市","parent_entity_id":"CNUR-000007","parent_year_end_name":"邢台市","province_name":"河北省","province_code":"130000","snapshot_year":2006,"panel_year":2005,"link_status":"parent_linked","former_name":"","note":""},"geometry":{"type":"Polygon","coordinates":[[[114.32895,36.97806],[114.40825,36.96141],[114.41352,36.94859],[114.44622,36.93968],[114.44858,36.95707],[114.48708,36.95637],[114.46327,36.94231],[114.49084,36.93333],[114.49614,36.92713],[114.49135,36.91427],[114.53543,36.91669],[114.54744,36.90266],[114.56383,36.90129],[114.59009,36.93686],[114.62756,36.93611],[114.66525,36.91315],[114.64643,36.89953],[114.62438,36.90097],[114.59519,36.88876],[114.57513,36.89485],[114.54607,36.88391],[114.55244,36.84111],[114.54602,36.83315],[114.47778,36.83176],[114.45625,36.84719],[114.42476,36.83854],[114.40236,36.84618],[114.37946,36.8388],[114.36727,36.86044],[114.33379,36.84505],[114.30098,36.85917],[114.29398,36.84507],[114.28238,36.84368],[114.27701,36.85708],[114.23708,36.86221],[114.21996,36.84209],[114.18576,36.85369],[114.16753,36.84186],[114.09376,36.83848],[114.07531,36.84458],[114.07886,36.87934],[114.0716,36.88304],[114.0397,36.86966],[114.01947,36.8945],[113.99717,36.89422],[113.98171,36.91118],[113.97579,36.94052],[113.95905,36.962],[113.94479,36.96418],[113.92209,36.98992],[113.89352,36.99304],[113.86489,37.01802],[113.88436,37.04544],[113.9462,37.04889],[114.01298,37.03092],[114.02245,37.01356],[114.04874,37.00322],[114.08597,37.01043],[114.09578,37.00244],[114.09278,36.99208],[114.10383,36.99629],[114.13341,36.98415],[114.14126,36.98952],[114.134,37.00732],[114.15239,37.02786],[114.18717,37.02161],[114.22954,37.03773],[114.22068,36.9762],[114.32895,36.97806]]]}},{"type":"Feature","id":"CTAMAP-2006-COUNTY-1721","properties":{"map_level":"county","source_name":"山海关区","source_code":"130303","county_type":"市辖区","prefecture_name":"秦皇岛市","prefecture_code":"130300","prefecture_type":"地级市","parent_entity_id":"CNUR-000005","parent_year_end_name":"秦皇岛市","province_name":"河北省","province_code":"130000","snapshot_year":2006,"panel_year":2005,"link_status":"parent_linked","former_name":"","note":""},"geometry":{"type":"Polygon","coordinates":[[[119.73367,40.11002],[119.73038,40.10213],[119.76157,40.0831],[119.75294,40.06684],[119.76499,40.04749],[119.78927,40.03851],[119.81114,40.05159],[119.84879,40.03183],[119.83598,40.00496],[119.86571,39.95661],[119.85691,39.95269],[119.84972,39.96225],[119.8379,39.95702],[119.83144,39.96544],[119.83796,39.96829],[119.83495,39.98416],[119.80457,39.97882],[119.78136,39.95423],[119.71287,39.94297],[119.70758,39.97083],[119.69319,39.96682],[119.67661,39.98245],[119.67898,39.99489],[119.61618,40.00004],[119.62983,40.02234],[119.62465,40.03731],[119.64214,40.02979],[119.64035,40.0435],[119.6724,40.05294],[119.66723,40.08414],[119.69288,40.08435],[119.70928,40.09944],[119.70694,40.11082],[119.73367,40.11002]]]}},{"type":"Feature","id":"CTAMAP-2006-COUNTY-1745","properties":{"map_level":"county","source_name":"尚义县","source_code":"130725","county_type":"县","prefecture_name":"张家口市","prefecture_code":"130700","prefecture_type":"地级市","parent_entity_id":"CNUR-000009","parent_year_end_name":"张家口市","province_name":"河北省","province_code":"130000","snapshot_year":2006,"panel_year":2005,"link_status":"parent_linked","former_name":"","note":""},"geometry":{"type":"Polygon","coordinates":[[[114.20722,41.50952],[114.18879,41.49151],[114.19819,41.46871],[114.17779,41.46476],[114.1761,41.45497],[114.18648,41.44953],[114.1935,41.45639],[114.21741,41.44402],[114.2045,41.43137],[114.22073,41.4208],[114.21953,41.38404],[114.24471,41.37346],[114.25414,41.35171],[114.29113,41.33792],[114.30844,41.29567],[114.27226,41.24651],[114.27334,41.22727],[114.30599,41.17562],[114.34019,41.16459],[114.36857,41.13935],[114.36832,41.12822],[114.34814,41.11838],[114.36391,41.0981],[114.36585,41.08263],[114.35229,41.08968],[114.3426,41.08496],[114.35144,41.07878],[114.34888,41.02742],[114.35776,41.00038],[114.39225,40.99851],[114.40015,40.98317],[114.42878,40.96902],[114.44132,40.95147],[114.40224,40.88545],[114.36301,40.86502],[114.36184,40.82832],[114.37779,40.80895],[114.38338,40.78381],[114.37156,40.76632],[114.37269,40.74527],[114.31888,40.73244],[114.30079,40.74672],[114.25237,40.75537],[114.2232,40.7521],[114.19788,40.76838],[114.14694,40.75173],[114.1386,40.73295],[114.09815,40.75708],[114.09756,40.79594],[114.07329,40.78892],[114.03801,40.82951],[114.06831,40.85204],[114.04651,40.86287],[114.03535,40.90265],[114.0335,40.91661],[114.0485,40.92754],[114.00643,40.93304],[113.99392,40.94646],[113.99025,40.93634],[113.97699,40.94155],[113.96881,40.99374],[113.95694,40.98907],[113.95041,41.00343],[113.91684,41.01667],[113.91004,41.03489],[113.86361,41.05969],[113.85632,41.07713],[113.83552,41.07398],[113.81809,41.09399],[113.83306,41.10775],[113.87753,41.10422],[113.86964,41.11285],[113.87507,41.12822],[113.896,41.13988],[113.91278,41.17148],[113.93516,41.17672],[113.95387,41.17061],[113.99126,41.17999],[114.00434,41.22185],[114.00024,41.24903],[113.98486,41.2679],[113.97025,41.26474],[113.97126,41.25308],[113.95962,41.23877],[113.94515,41.26271],[113.9497,41.2846],[113.92964,41.29306],[113.91594,41.28943],[113.8955,41.30647],[113.89374,41.31535],[113.9204,41.32488],[113.91398,41.33177],[113.92192,41.33193],[113.91804,41.34206],[113.93124,41.35531],[113.92738,41.37495],[113.93748,41.39261],[113.86448,41.41154],[113.87538,41.43396],[113.9107,41.45018],[113.92534,41.48477],[113.94712,41.48184],[113.97148,41.50429],[114.03467,41.52981],[114.04943,41.52269],[114.09968,41.53604],[114.20722,41.50952]]]}},{"type":"Feature","id":"CTAMAP-2006-COUNTY-1754","properties":{"map_level":"county","source_name":"涉县","source_code":"130426","county_type":"县","prefecture_name":"邯郸市","prefecture_code":"130400","prefecture_type":"地级市","parent_entity_id":"CNUR-000006","parent_year_end_name":"邯郸市","province_name":"河北省","province_code":"130000","snapshot_year":2006,"panel_year":2005,"link_status":"parent_linked","former_name":"","note":""},"geometry":{"type":"Polygon","coordinates":[[[113.74891,36.8516],[113.76355,36.84219],[113.77139,36.80787],[113.76232,36.78055],[113.78286,36.78512],[113.84957,36.7728],[113.87264,36.73933],[113.87155,36.7269],[113.89819,36.7066],[113.90394,36.68673],[113.8906,36.68081],[113.89612,36.64298],[113.85518,36.61112],[113.85862,36.59233],[113.8844,36.57307],[113.87218,36.51619],[113.88312,36.50894],[113.90695,36.54832],[113.9281,36.55012],[113.92981,36.51399],[113.94272,36.49179],[113.9699,36.47529],[113.95498,36.46293],[113.9506,36.44658],[113.90959,36.41576],[113.89173,36.38409],[113.89219,36.36789],[113.96428,36.36399],[113.96938,36.34391],[113.98831,36.34299],[113.99651,36.33451],[113.98722,36.31467],[113.97638,36.31765],[113.95803,36.35283],[113.9449,36.35897],[113.93916,36.35003],[113.95172,36.33631],[113.93261,36.33817],[113.92598,36.32014],[113.90444,36.31443],[113.87605,36.3541],[113.8456,36.34978],[113.8507,36.32915],[113.8085,36.33186],[113.74834,36.3662],[113.73408,36.35826],[113.73953,36.37044],[113.72423,36.38047],[113.70504,36.42255],[113.65332,36.42993],[113.62128,36.45889],[113.57938,36.45781],[113.5773,36.48251],[113.54747,36.4982],[113.55633,36.53084],[113.53829,36.53803],[113.57966,36.54099],[113.58297,36.56275],[113.5303,36.59275],[113.54425,36.62264],[113.51954,36.62277],[113.47259,36.63971],[113.47253,36.66353],[113.50982,36.69795],[113.49453,36.70973],[113.45944,36.7071],[113.45566,36.71689],[113.47591,36.73937],[113.50306,36.73763],[113.51157,36.7292],[113.53826,36.74129],[113.53351,36.75476],[113.56964,36.76302],[113.59165,36.75214],[113.6331,36.78053],[113.6662,36.79294],[113.67,36.85177],[113.6921,36.88651],[113.72279,36.88281],[113.72482,36.86124],[113.73435,36.85006],[113.74891,36.8516]]]}},{"type":"Feature","id":"CTAMAP-2006-COUNTY-1757","properties":{"map_level":"county","source_name":"深泽县","source_code":"130128","county_type":"县","prefecture_name":"石家庄市","prefecture_code":"130100","prefecture_type":"地级市","parent_entity_id":"CNUR-000003","parent_year_end_name":"石家庄市","province_name":"河北省","province_code":"130000","snapshot_year":2006,"panel_year":2005,"link_status":"parent_linked","former_name":"","note":""},"geometry":{"type":"Polygon","coordinates":[[[115.31838,38.24742],[115.31748,38.21985],[115.34627,38.20595],[115.33489,38.18792],[115.34617,38.17564],[115.33894,38.14698],[115.34188,38.13827],[115.3585,38.13711],[115.36,38.11838],[115.29303,38.12125],[115.26453,38.13437],[115.26091,38.12463],[115.22063,38.13052],[115.20804,38.12045],[115.19688,38.13357],[115.18541,38.127],[115.15461,38.13253],[115.08477,38.12215],[115.08204,38.15139],[115.09402,38.173],[115.10827,38.17939],[115.09063,38.20856],[115.10075,38.21562],[115.10843,38.23851],[115.1528,38.25905],[115.20143,38.23474],[115.21569,38.25427],[115.21545,38.27568],[115.24688,38.28856],[115.25999,38.28705],[115.26258,38.27246],[115.25503,38.27222],[115.2551,38.26464],[115.26805,38.25605],[115.26937,38.23877],[115.29749,38.23497],[115.30271,38.24426],[115.31838,38.24742]]]}},{"type":"Feature","id":"CTAMAP-2006-COUNTY-1758","properties":{"map_level":"county","source_name":"深州市","source_code":"131182","county_type":"县级市","prefecture_name":"衡水市","prefecture_code":"131100","prefecture_type":"地级市","parent_entity_id":"CNUR-000013","parent_year_end_name":"衡水市","province_name":"河北省","province_code":"130000","snapshot_year":2006,"panel_year":2005,"link_status":"parent_linked","former_name":"","note":""},"geometry":{"type":"Polygon","coordinates":[[[115.54656,38.15265],[115.5693,38.15328],[115.57065,38.14492],[115.57157,38.09407],[115.62819,38.10312],[115.67926,38.08282],[115.68918,38.10974],[115.7304,38.10319],[115.73766,38.11469],[115.76115,38.11156],[115.76013,38.12346],[115.78491,38.12886],[115.80696,38.12927],[115.83999,38.1121],[115.83998,38.09111],[115.79827,38.07636],[115.79855,38.06911],[115.8044,38.0709],[115.79769,38.0569],[115.77129,38.03744],[115.78666,38.03007],[115.7963,38.00921],[115.77768,38.00752],[115.76375,37.98506],[115.80381,37.97933],[115.79435,37.96212],[115.80045,37.95771],[115.791,37.95434],[115.80136,37.94791],[115.7754,37.93888],[115.78089,37.90756],[115.74618,37.87525],[115.75096,37.85912],[115.74094,37.83703],[115.75527,37.83242],[115.75638,37.82392],[115.69376,37.82622],[115.68556,37.81365],[115.65957,37.80225],[115.64448,37.80444],[115.64052,37.81406],[115.63337,37.80703],[115.62273,37.81034],[115.61695,37.83024],[115.57169,37.8302],[115.56324,37.78898],[115.57309,37.77695],[115.56464,37.76341],[115.53507,37.76557],[115.5278,37.74994],[115.52692,37.76644],[115.51011,37.76418],[115.50862,37.77691],[115.49551,37.78337],[115.47492,37.76835],[115.46706,37.77973],[115.44411,37.78211],[115.42524,37.76535],[115.43436,37.74906],[115.47387,37.74214],[115.47387,37.71634],[115.4589,37.71495],[115.45196,37.72809],[115.44111,37.71031],[115.43093,37.71642],[115.43403,37.72222],[115.41225,37.7298],[115.40307,37.72409],[115.37553,37.7407],[115.36231,37.72884],[115.35048,37.73285],[115.33858,37.7465],[115.33935,37.75821],[115.35501,37.75838],[115.36573,37.77343],[115.34613,37.78318],[115.34354,37.80488],[115.35245,37.81605],[115.35699,37.84911],[115.3837,37.85249],[115.38535,37.86128],[115.38369,37.87355],[115.35404,37.87918],[115.35987,37.90434],[115.37736,37.90685],[115.38486,37.9212],[115.40181,37.91779],[115.40649,37.94233],[115.43584,37.93351],[115.458,37.9536],[115.43787,37.98406],[115.45791,37.99214],[115.457,37.99785],[115.43356,38.00119],[115.43117,38.01051],[115.44511,38.01651],[115.44122,38.02948],[115.45154,38.03019],[115.45702,38.06552],[115.46822,38.06676],[115.47742,38.0824],[115.46186,38.09446],[115.44521,38.09142],[115.43828,38.11487],[115.45002,38.12984],[115.4388,38.1402],[115.43049,38.16882],[115.44549,38.17625],[115.47029,38.17195],[115.48795,38.18146],[115.48687,38.19115],[115.50502,38.19683],[115.51854,38.17808],[115.54091,38.1705],[115.54656,38.15265]]]}},{"type":"Feature","id":"CTAMAP-2006-COUNTY-1810","properties":{"map_level":"county","source_name":"双滦区","source_code":"130803","county_type":"市辖区","prefecture_name":"承德市","prefecture_code":"130800","prefecture_type":"地级市","parent_entity_id":"CNUR-000010","parent_year_end_name":"承德市","province_name":"河北省","province_code":"130000","snapshot_year":2006,"panel_year":2005,"link_status":"parent_linked","former_name":"","note":""},"geometry":{"type":"Polygon","coordinates":[[[117.84616,41.17323],[117.83309,41.16863],[117.83054,41.1538],[117.83621,41.13708],[117.84994,41.12919],[117.85795,41.09894],[117.84661,41.02074],[117.85223,41.00138],[117.86416,40.99507],[117.86517,40.95216],[117.89032,40.91339],[117.89307,40.88303],[117.86632,40.89364],[117.84017,40.86963],[117.84707,40.84575],[117.87169,40.83811],[117.86084,40.81567],[117.80694,40.79811],[117.79088,40.80517],[117.75762,40.80028],[117.75991,40.83002],[117.74573,40.83526],[117.74337,40.86093],[117.76445,40.89422],[117.74763,40.92128],[117.74037,40.90842],[117.72174,40.91622],[117.66089,40.90321],[117.62487,40.93386],[117.67061,40.96897],[117.6714,40.98992],[117.7317,41.03345],[117.76444,41.04326],[117.76034,41.05507],[117.77187,41.06071],[117.75966,41.10166],[117.76678,41.11846],[117.76007,41.13325],[117.77507,41.15004],[117.77342,41.1925],[117.78672,41.18885],[117.79767,41.19581],[117.81367,41.18719],[117.82428,41.1935],[117.84616,41.17323]]]}},{"type":"Feature","id":"CTAMAP-2006-COUNTY-1812","properties":{"map_level":"county","source_name":"双桥区","source_code":"130802","county_type":"市辖区","prefecture_name":"承德市","prefecture_code":"130800","prefecture_type":"地级市","parent_entity_id":"CNUR-000010","parent_year_end_name":"承德市","province_name":"河北省","province_code":"130000","snapshot_year":2006,"panel_year":2005,"link_status":"parent_linked","former_name":"","note":""},"geometry":{"type":"Polygon","coordinates":[[[117.87169,40.83811],[117.84707,40.84575],[117.83969,40.8673],[117.86632,40.89364],[117.8927,40.8828],[117.89412,40.89327],[117.88544,40.92391],[117.86522,40.95198],[117.86416,40.99507],[117.85223,41.00138],[117.84661,41.02074],[117.85649,41.08816],[117.90346,41.0918],[117.93753,41.13038],[117.97272,41.13569],[118.01497,41.09755],[118.05996,41.03851],[118.03716,41.02427],[118.0211,40.99454],[118.06331,40.95649],[118.06816,40.92551],[118.05784,40.91058],[118.08109,40.89377],[118.09797,40.86666],[118.13489,40.8518],[118.13359,40.84597],[118.11835,40.81929],[118.08012,40.82618],[118.06762,40.80804],[118.07528,40.77734],[118.04863,40.75362],[118.02899,40.74371],[117.95314,40.73493],[117.93081,40.7257],[117.90975,40.73119],[117.90563,40.74624],[117.92093,40.77629],[117.91997,40.83198],[117.88768,40.84205],[117.87169,40.83811]]]}},{"type":"Feature","id":"CTAMAP-2006-COUNTY-1824","properties":{"map_level":"county","source_name":"顺平县","source_code":"130636","county_type":"县","prefecture_name":"保定市","prefecture_code":"130600","prefecture_type":"地级市","parent_entity_id":"CNUR-000008","parent_year_end_name":"保定市","province_name":"河北省","province_code":"130000","snapshot_year":2006,"panel_year":2005,"link_status":"parent_linked","former_name":"","note":""},"geometry":{"type":"Polygon","coordinates":[[[114.95576,39.11222],[114.94717,39.09667],[114.96535,39.07578],[114.95779,39.03498],[114.97584,39.03486],[115.00953,39.01218],[115.02639,39.01882],[115.03958,39.00789],[115.06021,39.0051],[115.08398,39.01233],[115.1041,39.00004],[115.12401,39.00995],[115.15863,39.00538],[115.16788,39.00006],[115.17656,38.97672],[115.163,38.96454],[115.17475,38.94087],[115.21061,38.91765],[115.21648,38.90605],[115.24687,38.89572],[115.26135,38.9174],[115.28072,38.90797],[115.27788,38.882],[115.23772,38.85709],[115.2585,38.81076],[115.23876,38.80418],[115.22713,38.77304],[115.23512,38.76568],[115.23321,38.74505],[115.2034,38.74849],[115.20139,38.75965],[115.18793,38.76287],[115.18334,38.77346],[115.14986,38.76616],[115.09279,38.77124],[115.07756,38.80529],[115.05088,38.805],[115.04589,38.81102],[115.05067,38.81799],[115.04033,38.83875],[115.02008,38.85004],[114.98348,38.83899],[114.92356,38.9123],[114.90847,38.90819],[114.89378,38.9187],[114.88448,38.93681],[114.90961,38.97297],[114.90293,38.97935],[114.87949,38.9766],[114.83523,39.01664],[114.86625,39.01974],[114.88669,39.0541],[114.86668,39.08173],[114.84795,39.08908],[114.84974,39.10065],[114.90498,39.10888],[114.92224,39.11944],[114.95576,39.11222]]]}},{"type":"Feature","id":"CTAMAP-2006-COUNTY-1852","properties":{"map_level":"county","source_name":"肃宁县","source_code":"130926","county_type":"县","prefecture_name":"沧州市","prefecture_code":"130900","prefecture_type":"地级市","parent_entity_id":"CNUR-000011","parent_year_end_name":"沧州市","province_name":"河北省","province_code":"130000","snapshot_year":2006,"panel_year":2005,"link_status":"parent_linked","former_name":"","note":""},"geometry":{"type":"Polygon","coordinates":[[[115.93494,38.52999],[115.93764,38.52359],[115.9192,38.49659],[115.93297,38.47835],[115.96951,38.48429],[116.0122,38.47649],[116.02164,38.44802],[116.03407,38.43929],[116.0233,38.43413],[116.01537,38.41648],[116.04558,38.41194],[116.03181,38.3942],[116.03289,38.35881],[116.01575,38.33882],[116.01783,38.32656],[115.9955,38.32018],[115.94961,38.33776],[115.93979,38.31701],[115.9243,38.30623],[115.90909,38.30802],[115.90687,38.29598],[115.87508,38.27377],[115.86017,38.30362],[115.85279,38.30578],[115.85181,38.29778],[115.83677,38.30263],[115.84571,38.31679],[115.84009,38.3171],[115.84241,38.335],[115.8357,38.34551],[115.79345,38.3455],[115.78745,38.35591],[115.75036,38.35842],[115.74635,38.3709],[115.7327,38.3689],[115.72517,38.35764],[115.69928,38.36692],[115.70404,38.37665],[115.72748,38.38302],[115.72653,38.40327],[115.71543,38.41222],[115.71792,38.43166],[115.70649,38.44465],[115.736,38.46689],[115.74038,38.4828],[115.77341,38.48273],[115.77508,38.50327],[115.81036,38.52759],[115.86827,38.5097],[115.87585,38.51468],[115.84745,38.52609],[115.87341,38.53517],[115.89147,38.52366],[115.93494,38.52999]]]}},{"type":"Feature","id":"CTAMAP-2006-COUNTY-1904","properties":{"map_level":"county","source_name":"唐县","source_code":"130627","county_type":"县","prefecture_name":"保定市","prefecture_code":"130600","prefecture_type":"地级市","parent_entity_id":"CNUR-000008","parent_year_end_name":"保定市","province_name":"河北省","province_code":"130000","snapshot_year":2006,"panel_year":2005,"link_status":"parent_linked","former_name":"","note":""},"geometry":{"type":"Polygon","coordinates":[[[114.84974,39.10065],[114.84795,39.08908],[114.86668,39.08173],[114.88669,39.0541],[114.86625,39.01974],[114.83738,39.02056],[114.83595,39.01392],[114.87949,38.9766],[114.90293,38.97935],[114.90977,38.97263],[114.8852,38.93031],[114.90847,38.90819],[114.92356,38.9123],[114.98338,38.83905],[115.02012,38.85004],[115.04711,38.8324],[115.04602,38.79372],[115.06277,38.76464],[115.04882,38.74657],[115.02619,38.74542],[115.03677,38.71104],[115.02556,38.7024],[115.05382,38.69598],[115.05213,38.64068],[115.03289,38.61977],[115.01963,38.6268],[115.03209,38.64562],[115.01123,38.64391],[115.00414,38.62282],[114.97341,38.62993],[114.98042,38.66062],[114.97003,38.67172],[114.93435,38.66772],[114.92041,38.65422],[114.8504,38.66861],[114.84122,38.64622],[114.85125,38.63883],[114.81405,38.63619],[114.80433,38.65523],[114.78023,38.66611],[114.78834,38.67511],[114.77767,38.69579],[114.72808,38.72962],[114.7234,38.75303],[114.7353,38.77598],[114.71665,38.77717],[114.70292,38.78737],[114.70339,38.80065],[114.73615,38.81244],[114.71863,38.83626],[114.71881,38.85825],[114.70625,38.84992],[114.69674,38.85897],[114.70002,38.87829],[114.6937,38.88768],[114.70343,38.90924],[114.68343,38.92247],[114.65987,38.92887],[114.64396,38.92225],[114.61314,38.9318],[114.60544,38.94131],[114.58359,38.93626],[114.53262,38.95653],[114.5253,38.98171],[114.52936,38.99269],[114.5153,39.01714],[114.46577,39.02209],[114.48614,39.05261],[114.50425,39.06352],[114.55007,39.062],[114.55604,39.08912],[114.57352,39.10904],[114.59509,39.12676],[114.61806,39.12784],[114.63438,39.14761],[114.64906,39.15243],[114.70698,39.15521],[114.749,39.13425],[114.77187,39.10911],[114.80003,39.11742],[114.84974,39.10065]]]}},{"type":"Feature","id":"CTAMAP-2006-COUNTY-1907","properties":{"map_level":"county","source_name":"桃城区","source_code":"131102","county_type":"市辖区","prefecture_name":"衡水市","prefecture_code":"131100","prefecture_type":"地级市","parent_entity_id":"CNUR-000013","parent_year_end_name":"衡水市","province_name":"河北省","province_code":"130000","snapshot_year":2006,"panel_year":2005,"link_status":"parent_linked","former_name":"","note":""},"geometry":{"type":"Polygon","coordinates":[[[115.74397,37.81994],[115.79072,37.82577],[115.78734,37.7965],[115.77644,37.78768],[115.77906,37.76478],[115.82688,37.75259],[115.81862,37.74749],[115.81902,37.72876],[115.84275,37.70816],[115.82509,37.6896],[115.83348,37.68723],[115.83029,37.68152],[115.81365,37.67845],[115.81243,37.66734],[115.82986,37.66968],[115.83154,37.65873],[115.8137,37.65541],[115.82345,37.63906],[115.81824,37.6292],[115.79117,37.63646],[115.78278,37.626],[115.741,37.62546],[115.68389,37.59566],[115.68233,37.6242],[115.67156,37.62591],[115.65378,37.61201],[115.64051,37.61274],[115.63584,37.62697],[115.62964,37.61954],[115.55943,37.62309],[115.55878,37.63244],[115.53259,37.63434],[115.52851,37.66589],[115.51143,37.66827],[115.50795,37.69042],[115.48653,37.70781],[115.46977,37.70442],[115.46596,37.68633],[115.44736,37.70285],[115.42336,37.70981],[115.43039,37.72145],[115.44698,37.71072],[115.44629,37.72684],[115.45196,37.72809],[115.4589,37.71495],[115.47387,37.71634],[115.47387,37.74214],[115.44066,37.74632],[115.42499,37.76237],[115.44411,37.78211],[115.46706,37.77973],[115.47492,37.76835],[115.49598,37.78326],[115.50862,37.77691],[115.51011,37.76418],[115.52692,37.76644],[115.5278,37.74994],[115.53507,37.76557],[115.56978,37.76722],[115.57295,37.77825],[115.56324,37.78898],[115.57169,37.8302],[115.61695,37.83024],[115.62273,37.81034],[115.63337,37.80703],[115.64052,37.81406],[115.64448,37.80444],[115.65957,37.80225],[115.68556,37.81365],[115.69235,37.8259],[115.74397,37.81994]]]}},{"type":"Feature","id":"CTAMAP-2006-COUNTY-1981","properties":{"map_level":"county","source_name":"万全县","source_code":"130729","county_type":"县","prefecture_name":"张家口市","prefecture_code":"130700","prefecture_type":"地级市","parent_entity_id":"CNUR-000009","parent_year_end_name":"张家口市","province_name":"河北省","province_code":"130000","snapshot_year":2006,"panel_year":2005,"link_status":"parent_linked","former_name":"","note":""},"geometry":{"type":"Polygon","coordinates":[[[114.80041,40.96338],[114.78495,40.94887],[114.78394,40.93886],[114.79256,40.93986],[114.79308,40.91498],[114.7826,40.89167],[114.81129,40.862],[114.79905,40.85436],[114.82058,40.83499],[114.83557,40.80168],[114.82766,40.78191],[114.81479,40.77773],[114.82449,40.76103],[114.79048,40.74149],[114.8007,40.72437],[114.78974,40.70335],[114.71752,40.72047],[114.63895,40.69102],[114.50512,40.67432],[114.45744,40.69577],[114.34591,40.71859],[114.34498,40.74025],[114.37269,40.74527],[114.37156,40.76632],[114.38339,40.78341],[114.37779,40.80895],[114.36184,40.82832],[114.36301,40.86502],[114.40224,40.88545],[114.43697,40.94671],[114.47802,40.95383],[114.51962,40.98009],[114.52551,40.99652],[114.58398,40.99361],[114.66518,41.02033],[114.73464,41.01375],[114.7851,40.99617],[114.79898,40.98063],[114.80041,40.96338]]]}},{"type":"Feature","id":"CTAMAP-2006-COUNTY-1992","properties":{"map_level":"county","source_name":"望都县","source_code":"130631","county_type":"县","prefecture_name":"保定市","prefecture_code":"130600","prefecture_type":"地级市","parent_entity_id":"CNUR-000008","parent_year_end_name":"保定市","province_name":"河北省","province_code":"130000","snapshot_year":2006,"panel_year":2005,"link_status":"parent_linked","former_name":"","note":""},"geometry":{"type":"Polygon","coordinates":[[[115.22791,38.7438],[115.23026,38.70379],[115.25465,38.6936],[115.25534,38.65634],[115.2835,38.65026],[115.29466,38.60888],[115.3038,38.60443],[115.2927,38.58316],[115.30245,38.55421],[115.29025,38.54245],[115.29913,38.53452],[115.30145,38.50737],[115.25142,38.51196],[115.24635,38.53422],[115.23497,38.54387],[115.23012,38.59808],[115.19091,38.61883],[115.19004,38.63477],[115.17726,38.64922],[115.15303,38.65089],[115.14001,38.64004],[115.13707,38.62565],[115.10993,38.61108],[115.09328,38.6192],[115.06031,38.61482],[115.03833,38.62227],[115.05213,38.64068],[115.05382,38.69598],[115.02556,38.7024],[115.03677,38.71104],[115.03644,38.72526],[115.02717,38.72582],[115.02443,38.73488],[115.02672,38.74764],[115.04882,38.74657],[115.0622,38.76109],[115.04602,38.80322],[115.07747,38.80536],[115.09279,38.77124],[115.14986,38.76616],[115.18334,38.77346],[115.18793,38.76287],[115.20139,38.75965],[115.2034,38.74849],[115.22791,38.7438]]]}},{"type":"Feature","id":"CTAMAP-2006-COUNTY-1998","properties":{"map_level":"county","source_name":"威县","source_code":"130533","county_type":"县","prefecture_name":"邢台市","prefecture_code":"130500","prefecture_type":"地级市","parent_entity_id":"CNUR-000007","parent_year_end_name":"邢台市","province_name":"河北省","province_code":"130000","snapshot_year":2006,"panel_year":2005,"link_status":"parent_linked","former_name":"","note":""},"geometry":{"type":"Polygon","coordinates":[[[115.57188,37.09205],[115.53469,37.07614],[115.54333,37.05566],[115.51902,37.03375],[115.50725,37.00136],[115.5143,36.99767],[115.51688,36.97455],[115.53149,36.97177],[115.54869,36.98077],[115.54433,36.96738],[115.5507,36.95756],[115.56762,36.95607],[115.56665,36.93823],[115.5487,36.94247],[115.53805,36.92928],[115.50608,36.93728],[115.501,36.9245],[115.48898,36.92474],[115.48055,36.91337],[115.44675,36.92149],[115.4296,36.90618],[115.39299,36.90757],[115.39604,36.90035],[115.37588,36.88976],[115.36129,36.89125],[115.35868,36.8701],[115.32042,36.87392],[115.32493,36.88056],[115.31655,36.88072],[115.28396,36.86712],[115.28278,36.86045],[115.24443,36.87149],[115.23022,36.86368],[115.20658,36.8707],[115.22223,36.89506],[115.19641,36.90108],[115.19706,36.90641],[115.21031,36.90144],[115.24513,36.91191],[115.24217,36.92258],[115.25185,36.93497],[115.23747,36.94157],[115.19837,36.93838],[115.1982,36.95094],[115.24187,36.95448],[115.23315,36.97443],[115.24534,36.98017],[115.24562,36.98785],[115.22014,37.01708],[115.24028,37.01385],[115.25383,37.03662],[115.2621,37.03778],[115.26059,37.05367],[115.27269,37.07525],[115.26439,37.08231],[115.27473,37.09105],[115.27858,37.10906],[115.26726,37.12003],[115.25976,37.10375],[115.24551,37.09933],[115.23932,37.11827],[115.2292,37.11755],[115.23733,37.14245],[115.21946,37.14098],[115.21587,37.15538],[115.22701,37.15819],[115.22185,37.18224],[115.23123,37.1933],[115.24493,37.1892],[115.2601,37.19498],[115.26413,37.20509],[115.28828,37.20685],[115.29574,37.21431],[115.27354,37.22589],[115.25696,37.25921],[115.27302,37.26469],[115.27569,37.27766],[115.25697,37.28184],[115.25773,37.29657],[115.31442,37.28811],[115.33212,37.29339],[115.35248,37.28269],[115.38076,37.29123],[115.42483,37.27717],[115.42808,37.26561],[115.41857,37.2604],[115.43467,37.25163],[115.43433,37.23675],[115.45387,37.23355],[115.45537,37.22082],[115.47869,37.21465],[115.46276,37.18976],[115.44718,37.18583],[115.44908,37.17597],[115.47054,37.16849],[115.45665,37.15074],[115.46195,37.1364],[115.47208,37.13946],[115.49238,37.12775],[115.50876,37.13993],[115.50835,37.16266],[115.51981,37.17556],[115.52277,37.16605],[115.53582,37.16216],[115.53419,37.1518],[115.55651,37.14591],[115.5557,37.1344],[115.56915,37.12779],[115.56511,37.11066],[115.57188,37.09205]]]}},{"type":"Feature","id":"CTAMAP-2006-COUNTY-2002","properties":{"map_level":"county","source_name":"围场满族蒙古族自治县","source_code":"130828","county_type":"自治县","prefecture_name":"承德市","prefecture_code":"130800","prefecture_type":"地级市","parent_entity_id":"CNUR-000010","parent_year_end_name":"承德市","province_name":"河北省","province_code":"130000","snapshot_year":2006,"panel_year":2005,"link_status":"parent_linked","former_name":"","note":""},"geometry":{"type":"Polygon","coordinates":[[[118.25654,42.08606],[118.27361,42.06382],[118.2898,42.05599],[118.29084,42.04678],[118.27715,42.03563],[118.27768,42.02645],[118.2383,42.01795],[118.23035,42.0134],[118.2328,42.00672],[118.28546,42.00544],[118.30723,41.9858],[118.29689,41.93733],[118.26222,41.92791],[118.26109,41.91918],[118.32865,41.87543],[118.32752,41.85944],[118.33949,41.84279],[118.3181,41.82827],[118.30161,41.77692],[118.27379,41.75968],[118.25558,41.7598],[118.24505,41.76996],[118.24136,41.79338],[118.2211,41.81215],[118.19594,41.806],[118.17912,41.81471],[118.1392,41.79419],[118.146,41.78229],[118.13562,41.77453],[118.13268,41.76354],[118.13904,41.75816],[118.12868,41.72877],[118.14928,41.72025],[118.15821,41.69769],[118.15377,41.66191],[118.13803,41.64791],[118.11417,41.65213],[118.092,41.64111],[118.08062,41.62731],[118.08907,41.61933],[118.08186,41.6001],[118.05604,41.57955],[118.04487,41.588],[118.05201,41.62253],[118.04183,41.63446],[118.06173,41.66402],[118.0577,41.67634],[118.03157,41.67433],[117.98372,41.69173],[117.96169,41.68357],[117.93267,41.69559],[117.90781,41.68258],[117.88177,41.68041],[117.87188,41.6945],[117.82245,41.71302],[117.78587,41.70528],[117.76685,41.71306],[117.74403,41.68832],[117.7351,41.69113],[117.71665,41.68023],[117.63506,41.69046],[117.62923,41.70736],[117.64372,41.71362],[117.64842,41.74073],[117.64318,41.74547],[117.62843,41.74756],[117.61242,41.73282],[117.58912,41.73475],[117.54654,41.75906],[117.53188,41.7579],[117.52841,41.78376],[117.50834,41.78362],[117.50276,41.77524],[117.45604,41.78336],[117.46419,41.79643],[117.45857,41.80381],[117.42786,41.8077],[117.41237,41.83077],[117.37631,41.83636],[117.28491,41.81989],[117.26219,41.82944],[117.25411,41.81912],[117.22284,41.81463],[117.20493,41.78731],[117.18522,41.7881],[117.1727,41.77049],[117.14862,41.77498],[117.10503,41.76564],[117.08882,41.75533],[117.09678,41.74074],[117.08213,41.70949],[117.08412,41.68575],[117.06353,41.68465],[117.05721,41.67593],[117.04829,41.72987],[117.02369,41.73017],[117.01641,41.75009],[116.98855,41.75808],[116.95232,41.78131],[116.95947,41.79668],[116.95466,41.80099],[116.90557,41.79758],[116.84552,41.81972],[116.81409,41.82239],[116.7956,41.84764],[116.80429,41.867],[116.79655,41.88967],[116.75771,41.92024],[116.68753,41.94783],[116.71838,41.95037],[116.7519,41.99154],[116.76653,41.99184],[116.76524,41.98467],[116.78259,41.9713],[116.87671,42.01527],[116.88161,42.05229],[116.8739,42.06955],[116.88583,42.10341],[116.86293,42.12071],[116.86926,42.12562],[116.85382,42.13237],[116.84387,42.15449],[116.81905,42.15325],[116.77685,42.20567],[116.85076,42.19585],[116.85168,42.18695],[116.91616,42.19218],[116.91273,42.23083],[116.89821,42.23876],[116.90506,42.28227],[116.87871,42.3514],[116.88833,42.38589],[116.96578,42.42596],[116.993,42.42522],[117.00699,42.45299],[117.07145,42.45861],[117.08897,42.48195],[117.10719,42.47181],[117.15585,42.46384],[117.26959,42.47965],[117.32619,42.45869],[117.38442,42.4594],[117.40635,42.46924],[117.41028,42.49283],[117.40642,42.51557],[117.38466,42.51619],[117.38939,42.5341],[117.42662,42.55406],[117.42963,42.58193],[117.46709,42.60029],[117.50829,42.5978],[117.52316,42.58816],[117.54198,42.60436],[117.58105,42.60277],[117.60428,42.59044],[117.68024,42.58109],[117.79931,42.61463],[117.78744,42.58742],[117.85098,42.53925],[117.86972,42.49158],[117.92176,42.47235],[117.95783,42.42942],[118.00195,42.41129],[118.02456,42.38252],[118.00322,42.34258],[118.02172,42.3132],[118.05236,42.30656],[118.05381,42.28048],[117.9639,42.24078],[118.02773,42.20639],[118.03556,42.19095],[118.09504,42.17662],[118.11143,42.16467],[118.09413,42.1443],[118.08545,42.10759],[118.10934,42.09473],[118.15367,42.08611],[118.15714,42.0787],[118.15257,42.05561],[118.1329,42.06548],[118.13818,42.04767],[118.10954,42.0366],[118.15436,42.02524],[118.18873,42.03019],[118.21766,42.0533],[118.21216,42.06384],[118.21674,42.08133],[118.23642,42.09027],[118.25654,42.08606]]]}},{"type":"Feature","id":"CTAMAP-2006-COUNTY-2014","properties":{"map_level":"county","source_name":"蔚县","source_code":"130726","county_type":"县","prefecture_name":"张家口市","prefecture_code":"130700","prefecture_type":"地级市","parent_entity_id":"CNUR-000009","parent_year_end_name":"张家口市","province_name":"河北省","province_code":"130000","snapshot_year":2006,"panel_year":2005,"link_status":"parent_linked","former_name":"","note":""},"geometry":{"type":"Polygon","coordinates":[[[114.7772,40.17343],[114.81261,40.1538],[114.88409,40.18664],[114.91004,40.17324],[114.90118,40.16244],[114.90796,40.15992],[114.96958,40.17337],[114.97117,40.15959],[115.01162,40.13883],[115.00146,40.12192],[115.00571,40.08268],[115.05849,39.98173],[115.05612,39.96163],[115.06402,39.95147],[115.03708,39.93749],[115.01939,39.90889],[115.0312,39.87422],[115.01013,39.86742],[115.00432,39.85605],[115.01266,39.84511],[115.01067,39.81024],[115.02748,39.7983],[115.01954,39.76926],[114.99189,39.75967],[115.01068,39.75464],[114.99026,39.73206],[115.02121,39.68658],[115.01117,39.67424],[114.97131,39.67424],[114.95249,39.65996],[114.92834,39.67484],[114.92632,39.66256],[114.90461,39.64148],[114.87863,39.63437],[114.87492,39.61832],[114.8455,39.59944],[114.84795,39.58339],[114.83311,39.58648],[114.82739,39.59978],[114.8041,39.61448],[114.7899,39.59739],[114.77017,39.61167],[114.74994,39.61646],[114.73164,39.61008],[114.71344,39.62015],[114.70256,39.60887],[114.7065,39.59243],[114.70041,39.58779],[114.68277,39.58314],[114.66242,39.58944],[114.65336,39.58047],[114.64907,39.58676],[114.65704,39.59705],[114.64159,39.59365],[114.62821,39.55509],[114.61082,39.55899],[114.57647,39.58492],[114.55745,39.5572],[114.56294,39.57298],[114.55263,39.58121],[114.52375,39.56226],[114.50919,39.56389],[114.49473,39.60326],[114.45462,39.61133],[114.42837,39.60647],[114.3935,39.65587],[114.39934,39.73402],[114.40797,39.74836],[114.40202,39.76806],[114.41056,39.77558],[114.3838,39.81795],[114.40104,39.83226],[114.39124,39.84267],[114.38868,39.86582],[114.27923,39.85719],[114.28044,39.86985],[114.2706,39.87332],[114.22202,39.85918],[114.21935,39.85018],[114.19345,39.87503],[114.22303,39.89802],[114.20564,39.91438],[114.20685,39.93409],[114.1922,39.94337],[114.22748,39.96506],[114.24068,39.95825],[114.23572,39.92962],[114.32398,39.94881],[114.33293,39.96072],[114.33039,39.97737],[114.3483,39.98367],[114.34665,39.99308],[114.38749,40.0171],[114.40104,40.01109],[114.39981,39.99205],[114.44135,39.99631],[114.45672,39.98112],[114.48194,40.0029],[114.48088,40.01733],[114.56087,40.04637],[114.55484,40.08457],[114.56942,40.09525],[114.60395,40.09766],[114.60801,40.09128],[114.65765,40.09805],[114.67079,40.13157],[114.65392,40.16181],[114.65294,40.17984],[114.6868,40.18011],[114.6974,40.19375],[114.74708,40.19121],[114.76598,40.19742],[114.7772,40.17343]]]}},{"type":"Feature","id":"CTAMAP-2006-COUNTY-2016","properties":{"map_level":"county","source_name":"魏县","source_code":"130434","county_type":"县","prefecture_name":"邯郸市","prefecture_code":"130400","prefecture_type":"地级市","parent_entity_id":"CNUR-000006","parent_year_end_name":"邯郸市","province_name":"河北省","province_code":"130000","snapshot_year":2006,"panel_year":2005,"link_status":"parent_linked","former_name":"","note":""},"geometry":{"type":"Polygon","coordinates":[[[114.9616,36.44144],[114.98523,36.41295],[114.98208,36.40597],[115.01029,36.39609],[115.01951,36.37214],[115.04498,36.35734],[115.04141,36.34648],[115.06151,36.33607],[115.07789,36.30905],[115.07017,36.27604],[115.0829,36.26699],[115.07785,36.22752],[115.09279,36.21707],[115.1077,36.22855],[115.11876,36.20914],[115.09552,36.1941],[115.09154,36.18097],[115.0987,36.17344],[115.05341,36.17922],[115.05298,36.16669],[115.03891,36.15626],[115.04558,36.14571],[115.03688,36.13046],[115.04274,36.11322],[115.00138,36.07792],[115.00269,36.07124],[114.98375,36.0615],[114.96198,36.07062],[114.94856,36.06788],[114.91209,36.04876],[114.90714,36.06145],[114.92341,36.09651],[114.90121,36.11727],[114.90688,36.14059],[114.85304,36.14444],[114.85187,36.12785],[114.8304,36.13101],[114.81947,36.12375],[114.77667,36.13341],[114.75933,36.12541],[114.7572,36.13486],[114.74578,36.13868],[114.74322,36.15406],[114.7709,36.16922],[114.76194,36.1791],[114.76011,36.20882],[114.75457,36.21479],[114.74231,36.20658],[114.74733,36.24177],[114.73414,36.24471],[114.7282,36.25482],[114.74438,36.28904],[114.75785,36.29149],[114.75962,36.30634],[114.77568,36.30729],[114.77847,36.32032],[114.80215,36.32654],[114.80379,36.34001],[114.81896,36.35043],[114.8247,36.38236],[114.83439,36.3766],[114.85332,36.38481],[114.88663,36.37088],[114.90944,36.39331],[114.91133,36.40794],[114.90073,36.41304],[114.90171,36.42191],[114.92026,36.41888],[114.92954,36.43416],[114.94452,36.42939],[114.9616,36.44144]]]}},{"type":"Feature","id":"CTAMAP-2006-COUNTY-2022","properties":{"map_level":"county","source_name":"文安县","source_code":"131026","county_type":"县","prefecture_name":"廊坊市","prefecture_code":"131000","prefecture_type":"地级市","parent_entity_id":"CNUR-000012","parent_year_end_name":"廊坊市","province_name":"河北省","province_code":"130000","snapshot_year":2006,"panel_year":2005,"link_status":"parent_linked","former_name":"","note":""},"geometry":{"type":"Polygon","coordinates":[[[116.72662,39.02477],[116.75341,39.03074],[116.74857,39.00253],[116.7171,38.96337],[116.70243,38.92981],[116.70207,38.89619],[116.71665,38.89628],[116.71715,38.85151],[116.69417,38.84722],[116.68188,38.87031],[116.64058,38.87071],[116.64459,38.86165],[116.63518,38.84336],[116.62902,38.84553],[116.6276,38.81237],[116.60288,38.80037],[116.59121,38.78285],[116.55291,38.77432],[116.55659,38.75396],[116.52668,38.73502],[116.48506,38.73919],[116.46884,38.76119],[116.42876,38.75306],[116.41711,38.76016],[116.41037,38.78287],[116.37451,38.78664],[116.37704,38.79919],[116.36389,38.79181],[116.35573,38.80064],[116.337,38.80103],[116.33118,38.81582],[116.31445,38.81034],[116.26607,38.81585],[116.27699,38.82164],[116.26972,38.8263],[116.27299,38.83553],[116.2433,38.84518],[116.24297,38.85883],[116.22608,38.87114],[116.20624,38.86942],[116.19593,38.88686],[116.201,38.92045],[116.22639,38.92495],[116.22155,38.9417],[116.23728,38.94848],[116.23962,38.932],[116.23138,38.92907],[116.24074,38.9288],[116.28561,38.94606],[116.29065,38.97355],[116.30963,38.96186],[116.36365,39.01295],[116.36889,39.03095],[116.3394,39.02383],[116.33568,39.03493],[116.37954,39.041],[116.38692,39.05784],[116.39304,39.05822],[116.39438,39.04295],[116.41947,39.05007],[116.44035,39.04246],[116.45662,39.05103],[116.47236,39.04644],[116.49593,39.02607],[116.48438,39.00842],[116.50202,39.02045],[116.53747,39.02125],[116.54541,39.00882],[116.57089,39.0024],[116.58964,39.00801],[116.60025,39.02386],[116.58822,39.02746],[116.59376,39.03387],[116.58712,39.03468],[116.58682,39.04759],[116.60359,39.04665],[116.60719,39.03514],[116.62154,39.04527],[116.6348,39.03571],[116.65113,39.03943],[116.65026,39.02209],[116.64355,39.01865],[116.66617,39.00998],[116.68092,39.01373],[116.68892,39.03571],[116.72662,39.02477]]]}},{"type":"Feature","id":"CTAMAP-2006-COUNTY-2055","properties":{"map_level":"county","source_name":"无极县","source_code":"130130","county_type":"县","prefecture_name":"石家庄市","prefecture_code":"130100","prefecture_type":"地级市","parent_entity_id":"CNUR-000003","parent_year_end_name":"石家庄市","province_name":"河北省","province_code":"130000","snapshot_year":2006,"panel_year":2005,"link_status":"parent_linked","former_name":"","note":""},"geometry":{"type":"Polygon","coordinates":[[[115.13326,38.25177],[115.10843,38.23851],[115.10075,38.21562],[115.09063,38.20856],[115.10827,38.17939],[115.0901,38.16678],[115.07919,38.16844],[115.07814,38.16076],[115.0584,38.1613],[115.05766,38.14623],[115.02231,38.12793],[114.98916,38.0929],[114.9634,38.08987],[114.93443,38.07134],[114.88596,38.06125],[114.8705,38.04956],[114.84123,38.04695],[114.81879,38.05954],[114.83216,38.10238],[114.81682,38.10063],[114.81484,38.10975],[114.80717,38.10942],[114.80204,38.14326],[114.78963,38.15026],[114.80089,38.17699],[114.78064,38.19081],[114.7953,38.2282],[114.83202,38.23129],[114.83394,38.25423],[114.84261,38.2507],[114.85229,38.26296],[114.87305,38.25692],[114.88037,38.26484],[114.90407,38.26144],[114.92081,38.28321],[114.96898,38.27882],[114.98351,38.2691],[114.98615,38.25444],[115.02218,38.26681],[115.04028,38.25508],[115.05958,38.26263],[115.04987,38.28915],[115.05608,38.30025],[115.07273,38.2807],[115.08848,38.28846],[115.08716,38.26544],[115.12407,38.26443],[115.13326,38.25177]]]}},{"type":"Feature","id":"CTAMAP-2006-COUNTY-2061","properties":{"map_level":"county","source_name":"吴桥县","source_code":"130928","county_type":"县","prefecture_name":"沧州市","prefecture_code":"130900","prefecture_type":"地级市","parent_entity_id":"CNUR-000011","parent_year_end_name":"沧州市","province_name":"河北省","province_code":"130000","snapshot_year":2006,"panel_year":2005,"link_status":"parent_linked","former_name":"","note":""},"geometry":{"type":"Polygon","coordinates":[[[116.69979,37.7522],[116.69373,37.73006],[116.67016,37.72249],[116.65241,37.68],[116.63217,37.67932],[116.63654,37.66745],[116.59692,37.62302],[116.56984,37.60991],[116.53518,37.56937],[116.51463,37.55978],[116.47909,37.52226],[116.44994,37.51257],[116.43199,37.47539],[116.417,37.47911],[116.39885,37.51191],[116.38619,37.5104],[116.37872,37.51391],[116.38213,37.5205],[116.36443,37.52529],[116.37297,37.56251],[116.35765,37.56936],[116.33755,37.56508],[116.32504,37.58515],[116.3302,37.59741],[116.32266,37.60659],[116.3358,37.60835],[116.33595,37.61468],[116.34849,37.61012],[116.35417,37.61952],[116.36948,37.61667],[116.36904,37.63844],[116.35911,37.64669],[116.37293,37.65792],[116.36465,37.66522],[116.37932,37.67068],[116.38088,37.696],[116.40751,37.72194],[116.40762,37.73331],[116.42866,37.73405],[116.41817,37.74999],[116.44623,37.75827],[116.45342,37.77769],[116.47416,37.77097],[116.47501,37.78453],[116.48307,37.78059],[116.49532,37.79048],[116.54784,37.77846],[116.56158,37.78198],[116.58346,37.76323],[116.61447,37.75374],[116.62999,37.77223],[116.64004,37.77032],[116.64536,37.75646],[116.66686,37.75347],[116.67504,37.76376],[116.68328,37.76209],[116.69979,37.7522]]]}},{"type":"Feature","id":"CTAMAP-2006-COUNTY-2078","properties":{"map_level":"county","source_name":"武安市","source_code":"130481","county_type":"县级市","prefecture_name":"邯郸市","prefecture_code":"130400","prefecture_type":"地级市","parent_entity_id":"CNUR-000006","parent_year_end_name":"邯郸市","province_name":"河北省","province_code":"130000","snapshot_year":2006,"panel_year":2005,"link_status":"parent_linked","former_name":"","note":""},"geometry":{"type":"Polygon","coordinates":[[[114.33379,36.84505],[114.35591,36.85016],[114.3571,36.83862],[114.3694,36.83358],[114.37401,36.80883],[114.35659,36.78582],[114.37184,36.77472],[114.37472,36.75703],[114.34031,36.72176],[114.32139,36.71622],[114.31406,36.65299],[114.2961,36.64309],[114.3038,36.63875],[114.2977,36.62525],[114.26895,36.61945],[114.2719,36.60559],[114.29448,36.59078],[114.27774,36.57529],[114.28326,36.55545],[114.25825,36.54042],[114.25516,36.55194],[114.23407,36.561],[114.21895,36.5485],[114.17828,36.54296],[114.13719,36.55209],[114.13778,36.5665],[114.12613,36.57409],[114.11467,36.55624],[114.10178,36.55722],[114.09428,36.57142],[114.08208,36.57148],[114.08319,36.53651],[114.05198,36.52138],[114.04156,36.50129],[114.02522,36.50516],[114.00892,36.49881],[113.9914,36.5069],[113.9699,36.47529],[113.94272,36.49179],[113.92981,36.51399],[113.9281,36.55012],[113.90695,36.54832],[113.88312,36.50894],[113.87218,36.51619],[113.8844,36.57307],[113.85862,36.59233],[113.85518,36.61112],[113.89612,36.64298],[113.8906,36.68081],[113.90394,36.68821],[113.89819,36.7066],[113.87155,36.7269],[113.87264,36.73933],[113.84957,36.7728],[113.78286,36.78512],[113.76232,36.78055],[113.77139,36.80787],[113.76355,36.84219],[113.74891,36.8516],[113.74962,36.86153],[113.78189,36.8692],[113.79175,36.88192],[113.75276,36.95447],[113.79965,37.00442],[113.81905,37.01535],[113.84107,37.0083],[113.86573,37.02111],[113.89352,36.99304],[113.92209,36.98992],[113.94479,36.96418],[113.95905,36.962],[113.97579,36.94052],[113.98171,36.91118],[113.99717,36.89422],[114.01947,36.8945],[114.0397,36.86966],[114.0716,36.88304],[114.07886,36.87934],[114.07531,36.84458],[114.09376,36.83848],[114.16753,36.84186],[114.18724,36.85373],[114.21996,36.84209],[114.23708,36.86221],[114.27701,36.85708],[114.28332,36.84359],[114.29398,36.84507],[114.30098,36.85917],[114.33379,36.84505]]]}},{"type":"Feature","id":"CTAMAP-2006-COUNTY-2095","properties":{"map_level":"county","source_name":"武强县","source_code":"131123","county_type":"县","prefecture_name":"衡水市","prefecture_code":"131100","prefecture_type":"地级市","parent_entity_id":"CNUR-000013","parent_year_end_name":"衡水市","province_name":"河北省","province_code":"130000","snapshot_year":2006,"panel_year":2005,"link_status":"parent_linked","former_name":"","note":""},"geometry":{"type":"Polygon","coordinates":[[[116.04909,38.07127],[116.04619,38.05164],[116.06455,38.04016],[116.05649,38.03248],[116.0438,38.03782],[116.03654,38.02575],[116.05766,38.00932],[116.05127,37.9856],[116.03172,37.99094],[116.0377,38.00786],[116.02213,38.00891],[116.02024,37.99175],[115.9943,37.99903],[115.99342,37.97617],[115.98191,37.97463],[115.97971,37.98625],[115.96327,37.9876],[115.95396,37.97126],[115.92459,37.95704],[115.92759,37.94071],[115.84977,37.93651],[115.83434,37.92784],[115.82813,37.9344],[115.80027,37.91597],[115.77497,37.92445],[115.7754,37.93888],[115.80136,37.94791],[115.791,37.95434],[115.80045,37.95771],[115.79435,37.96212],[115.80381,37.97933],[115.76375,37.98506],[115.77768,38.00752],[115.7963,38.00921],[115.78666,38.03007],[115.77129,38.03744],[115.79769,38.0569],[115.8044,38.0709],[115.79855,38.06911],[115.79827,38.07636],[115.83998,38.09111],[115.83999,38.1121],[115.82681,38.11358],[115.82903,38.13872],[115.85509,38.1442],[115.86517,38.15474],[115.89528,38.1558],[115.91038,38.16664],[115.92978,38.16667],[115.93323,38.14376],[115.96886,38.13746],[115.9806,38.12523],[116.04318,38.14625],[116.04889,38.12393],[116.02358,38.09291],[116.02615,38.08286],[116.04909,38.07127]]]}},{"type":"Feature","id":"CTAMAP-2006-COUNTY-2104","properties":{"map_level":"county","source_name":"武邑县","source_code":"131122","county_type":"县","prefecture_name":"衡水市","prefecture_code":"131100","prefecture_type":"地级市","parent_entity_id":"CNUR-000013","parent_year_end_name":"衡水市","province_name":"河北省","province_code":"130000","snapshot_year":2006,"panel_year":2005,"link_status":"parent_linked","former_name":"","note":""},"geometry":{"type":"Polygon","coordinates":[[[116.03172,37.99094],[116.07712,37.98402],[116.07018,37.97378],[116.08105,37.97238],[116.081,37.959],[116.09099,37.94838],[116.11242,37.94791],[116.09804,37.92758],[116.08642,37.92406],[116.08512,37.90938],[116.05797,37.90751],[116.07643,37.87719],[116.05944,37.87241],[116.0561,37.87751],[116.04934,37.86631],[116.06023,37.85947],[116.08472,37.87285],[116.10076,37.86549],[116.08325,37.83311],[116.11734,37.80415],[116.09321,37.78128],[116.06811,37.77768],[116.06854,37.75882],[116.05597,37.74919],[116.0108,37.74487],[116.01661,37.71743],[116.00859,37.70029],[116.01174,37.6876],[115.9952,37.67832],[115.99817,37.66554],[115.97111,37.63905],[115.95693,37.64479],[115.94595,37.63259],[115.90859,37.62602],[115.84266,37.64859],[115.83157,37.6564],[115.82986,37.66968],[115.81243,37.66734],[115.81365,37.67845],[115.83029,37.68152],[115.83348,37.68723],[115.82509,37.6896],[115.84275,37.70816],[115.81902,37.72876],[115.81862,37.74749],[115.82688,37.75259],[115.77906,37.76478],[115.77644,37.78768],[115.78734,37.7965],[115.79072,37.82577],[115.75577,37.82641],[115.74094,37.83703],[115.75416,37.88685],[115.77312,37.89461],[115.78748,37.91983],[115.80027,37.91597],[115.82148,37.933],[115.83434,37.92784],[115.84977,37.93651],[115.92759,37.94071],[115.92459,37.95704],[115.95396,37.97126],[115.96327,37.9876],[115.97971,37.98625],[115.98191,37.97463],[115.99342,37.97617],[115.9943,37.99903],[116.02024,37.99175],[116.02213,38.00891],[116.03815,38.00728],[116.03172,37.99094]]]}},{"type":"Feature","id":"CTAMAP-2006-COUNTY-2154","properties":{"map_level":"county","source_name":"下花园区","source_code":"130706","county_type":"市辖区","prefecture_name":"张家口市","prefecture_code":"130700","prefecture_type":"地级市","parent_entity_id":"CNUR-000009","parent_year_end_name":"张家口市","province_name":"河北省","province_code":"130000","snapshot_year":2006,"panel_year":2005,"link_status":"parent_linked","former_name":"","note":""},"geometry":{"type":"Polygon","coordinates":[[[115.4902,40.56298],[115.45839,40.52938],[115.41768,40.5123],[115.41445,40.49881],[115.34213,40.51497],[115.31043,40.47206],[115.27882,40.46738],[115.28443,40.44956],[115.252,40.45068],[115.24145,40.43904],[115.21546,40.45211],[115.21014,40.46838],[115.20091,40.47084],[115.21655,40.48998],[115.19102,40.48834],[115.16527,40.47388],[115.17811,40.5023],[115.16514,40.50772],[115.14144,40.5009],[115.12508,40.51116],[115.12778,40.51652],[115.1457,40.5122],[115.16735,40.53421],[115.16371,40.54354],[115.20235,40.55899],[115.21834,40.58739],[115.26139,40.59465],[115.28913,40.61882],[115.3319,40.63032],[115.35409,40.62288],[115.36903,40.60567],[115.40513,40.59857],[115.42397,40.60492],[115.43859,40.56661],[115.45947,40.57979],[115.4902,40.56298]]]}},{"type":"Feature","id":"CTAMAP-2006-COUNTY-2165","properties":{"map_level":"county","source_name":"献县","source_code":"130929","county_type":"县","prefecture_name":"沧州市","prefecture_code":"130900","prefecture_type":"地级市","parent_entity_id":"CNUR-000011","parent_year_end_name":"沧州市","province_name":"河北省","province_code":"130000","snapshot_year":2006,"panel_year":2005,"link_status":"parent_linked","former_name":"","note":""},"geometry":{"type":"Polygon","coordinates":[[[116.45896,38.30865],[116.46235,38.29187],[116.45308,38.26195],[116.48871,38.25836],[116.49958,38.24709],[116.49074,38.23537],[116.49857,38.21672],[116.4828,38.18694],[116.46102,38.18133],[116.45449,38.19985],[116.41121,38.19308],[116.39296,38.20151],[116.3752,38.18902],[116.35664,38.19351],[116.34598,38.18205],[116.32781,38.19024],[116.30753,38.18552],[116.31179,38.19629],[116.28984,38.19994],[116.28174,38.16702],[116.29075,38.154],[116.27668,38.15089],[116.28752,38.13293],[116.26791,38.13406],[116.26195,38.12371],[116.24499,38.12604],[116.24477,38.11979],[116.22434,38.11527],[116.21999,38.0962],[116.20432,38.10826],[116.1546,38.11123],[116.15513,38.09209],[116.14576,38.0896],[116.14316,38.07815],[116.09553,38.0808],[116.07109,38.07008],[116.06839,38.0617],[116.04958,38.05867],[116.04909,38.07127],[116.02615,38.08286],[116.02358,38.09291],[116.04889,38.12393],[116.04318,38.14625],[115.9806,38.12523],[115.96886,38.13746],[115.93323,38.14376],[115.92978,38.16667],[115.89509,38.15806],[115.88155,38.17104],[115.89347,38.18688],[115.89385,38.20251],[115.86533,38.21709],[115.86667,38.22722],[115.85041,38.24047],[115.85891,38.25446],[115.83199,38.27144],[115.83132,38.28809],[115.82403,38.29281],[115.83677,38.30263],[115.85181,38.29778],[115.85616,38.30566],[115.87194,38.27636],[115.88537,38.27584],[115.90687,38.29598],[115.90909,38.30802],[115.9243,38.30623],[115.93979,38.31701],[115.94961,38.33776],[115.9955,38.32018],[116.01903,38.33072],[116.10214,38.31462],[116.11551,38.33099],[116.13918,38.34029],[116.15371,38.34223],[116.16864,38.33228],[116.17133,38.35281],[116.18749,38.3579],[116.18328,38.36843],[116.19255,38.38117],[116.21757,38.3764],[116.24131,38.36079],[116.25303,38.36502],[116.28477,38.35363],[116.28952,38.36135],[116.31309,38.34408],[116.32768,38.34745],[116.32387,38.3581],[116.33792,38.36524],[116.35685,38.36512],[116.38196,38.34914],[116.41808,38.35019],[116.42394,38.36057],[116.43748,38.35335],[116.43478,38.32401],[116.45896,38.30865]]]}},{"type":"Feature","id":"CTAMAP-2006-COUNTY-2173","properties":{"map_level":"county","source_name":"香河县","source_code":"131024","county_type":"县","prefecture_name":"廊坊市","prefecture_code":"131000","prefecture_type":"地级市","parent_entity_id":"CNUR-000012","parent_year_end_name":"廊坊市","province_name":"河北省","province_code":"130000","snapshot_year":2006,"panel_year":2005,"link_status":"parent_linked","former_name":"","note":""},"geometry":{"type":"Polygon","coordinates":[[[117.04354,39.8288],[117.04989,39.81162],[117.06441,39.80631],[117.10476,39.80936],[117.10723,39.8177],[117.13785,39.82592],[117.1517,39.82178],[117.15104,39.79537],[117.17187,39.79407],[117.17346,39.78161],[117.19957,39.76262],[117.1565,39.74854],[117.15948,39.73649],[117.14721,39.73495],[117.14673,39.72137],[117.16173,39.72021],[117.15715,39.71431],[117.16484,39.69994],[117.16368,39.67204],[117.15246,39.65989],[117.16965,39.64469],[117.13685,39.61572],[117.11545,39.61582],[117.06998,39.63733],[117.0095,39.65284],[116.9703,39.6353],[116.96631,39.64748],[116.95431,39.64585],[116.95216,39.67013],[116.93807,39.68584],[116.945,39.70576],[116.91104,39.70534],[116.9067,39.68819],[116.88659,39.68903],[116.87671,39.71753],[116.90953,39.73031],[116.89572,39.76229],[116.91521,39.77948],[116.94006,39.78105],[116.91216,39.84547],[116.92035,39.85305],[116.94922,39.85088],[116.95734,39.85696],[116.9642,39.8417],[116.9889,39.8514],[117.00957,39.83988],[117.01208,39.82752],[117.04354,39.8288]]]}},{"type":"Feature","id":"CTAMAP-2006-COUNTY-2202","properties":{"map_level":"county","source_name":"辛集市","source_code":"130181","county_type":"县级市","prefecture_name":"石家庄市","prefecture_code":"130100","prefecture_type":"地级市","parent_entity_id":"CNUR-000003","parent_year_end_name":"石家庄市","province_name":"河北省","province_code":"130000","snapshot_year":2006,"panel_year":2005,"link_status":"parent_linked","former_name":"","note":""},"geometry":{"type":"Polygon","coordinates":[[[115.29303,38.12125],[115.36995,38.11659],[115.37712,38.0873],[115.41057,38.09419],[115.44069,38.08155],[115.46186,38.09446],[115.47742,38.0824],[115.46822,38.06676],[115.45702,38.06552],[115.45154,38.03019],[115.44122,38.02948],[115.44511,38.01651],[115.43117,38.01051],[115.43356,38.00119],[115.457,37.99785],[115.45791,37.99214],[115.43787,37.98406],[115.458,37.9536],[115.43584,37.93351],[115.40649,37.94233],[115.40181,37.91779],[115.38486,37.9212],[115.37736,37.90685],[115.35987,37.90434],[115.35404,37.87918],[115.38369,37.87355],[115.38506,37.85688],[115.35543,37.84649],[115.34344,37.79132],[115.36545,37.76931],[115.35501,37.75838],[115.33935,37.75821],[115.33858,37.7465],[115.35048,37.73285],[115.37996,37.7262],[115.38812,37.71145],[115.37476,37.7063],[115.33305,37.71528],[115.31078,37.69445],[115.31952,37.68144],[115.31065,37.65916],[115.29498,37.65955],[115.28664,37.63018],[115.27577,37.62963],[115.24906,37.64489],[115.24778,37.67066],[115.25697,37.68073],[115.23754,37.7219],[115.19169,37.74619],[115.14643,37.75877],[115.14347,37.77423],[115.15523,37.78573],[115.1388,37.80859],[115.14187,37.84711],[115.1143,37.85652],[115.14947,37.87887],[115.14436,37.90899],[115.16271,37.92416],[115.13882,37.94795],[115.16399,37.95153],[115.17099,37.98183],[115.18869,37.98815],[115.18762,38.00893],[115.20438,38.00993],[115.20616,38.02005],[115.18157,38.0248],[115.18379,38.0327],[115.20459,38.03549],[115.20482,38.04711],[115.21486,38.04738],[115.21051,38.06103],[115.18708,38.06822],[115.20972,38.09754],[115.20806,38.12156],[115.22063,38.13052],[115.26091,38.12463],[115.26453,38.13437],[115.29303,38.12125]]]}},{"type":"Feature","id":"CTAMAP-2006-COUNTY-2217","properties":{"map_level":"county","source_name":"新河县","source_code":"130530","county_type":"县","prefecture_name":"邢台市","prefecture_code":"130500","prefecture_type":"地级市","parent_entity_id":"CNUR-000007","parent_year_end_name":"邢台市","province_name":"河北省","province_code":"130000","snapshot_year":2006,"panel_year":2005,"link_status":"parent_linked","former_name":"","note":""},"geometry":{"type":"Polygon","coordinates":[[[115.33594,37.44673],[115.29681,37.43827],[115.31347,37.42458],[115.31088,37.4133],[115.31832,37.40356],[115.30932,37.40356],[115.28955,37.41476],[115.29517,37.42723],[115.28246,37.44273],[115.27598,37.42799],[115.26112,37.42889],[115.25852,37.44022],[115.24208,37.4405],[115.2354,37.43155],[115.2004,37.44143],[115.18533,37.42076],[115.15493,37.41838],[115.14894,37.42639],[115.14943,37.418],[115.13573,37.41768],[115.11078,37.42609],[115.1106,37.43888],[115.08451,37.43883],[115.07459,37.44765],[115.08625,37.48036],[115.10337,37.49959],[115.09038,37.50726],[115.0927,37.52717],[115.1185,37.52281],[115.13341,37.52884],[115.13896,37.54119],[115.16736,37.54214],[115.16692,37.55505],[115.17701,37.55512],[115.18242,37.56621],[115.19639,37.55598],[115.21314,37.55857],[115.22668,37.57973],[115.27781,37.57546],[115.28212,37.56241],[115.29262,37.55934],[115.30287,37.5651],[115.35552,37.52362],[115.35034,37.53301],[115.35728,37.56583],[115.36769,37.54354],[115.39727,37.5375],[115.40132,37.52398],[115.42186,37.51054],[115.42212,37.50283],[115.42869,37.51082],[115.4491,37.50094],[115.41758,37.49227],[115.41951,37.50709],[115.39612,37.50929],[115.39189,37.49632],[115.41078,37.49649],[115.40177,37.48644],[115.41519,37.48673],[115.4031,37.47511],[115.41662,37.47439],[115.41906,37.48424],[115.42828,37.47257],[115.42076,37.46578],[115.43132,37.45885],[115.40354,37.46944],[115.40485,37.4623],[115.39244,37.45625],[115.38652,37.47212],[115.37319,37.46501],[115.37722,37.45669],[115.36549,37.45478],[115.353,37.46522],[115.33594,37.44673]]]}},{"type":"Feature","id":"CTAMAP-2006-COUNTY-2223","properties":{"map_level":"county","source_name":"新乐市","source_code":"130184","county_type":"县级市","prefecture_name":"石家庄市","prefecture_code":"130100","prefecture_type":"地级市","parent_entity_id":"CNUR-000003","parent_year_end_name":"石家庄市","province_name":"河北省","province_code":"130000","snapshot_year":2006,"panel_year":2005,"link_status":"parent_linked","former_name":"","note":""},"geometry":{"type":"Polygon","coordinates":[[[114.79407,38.49628],[114.82552,38.46482],[114.8121,38.4505],[114.82395,38.44484],[114.8231,38.43334],[114.83136,38.43402],[114.83525,38.46047],[114.84111,38.46019],[114.85159,38.45097],[114.85018,38.43072],[114.86336,38.4327],[114.86888,38.41877],[114.88179,38.42068],[114.91707,38.38875],[114.92225,38.35343],[114.92717,38.3437],[114.93695,38.34331],[114.92977,38.32681],[114.90108,38.30906],[114.89769,38.29463],[114.8776,38.28455],[114.87778,38.25823],[114.85387,38.26297],[114.79771,38.29995],[114.76293,38.29988],[114.75632,38.31199],[114.7362,38.30529],[114.71222,38.30925],[114.6793,38.2931],[114.64856,38.31024],[114.64536,38.32098],[114.63111,38.31403],[114.6424,38.3005],[114.63232,38.28102],[114.60407,38.28343],[114.59286,38.27108],[114.59113,38.27825],[114.57381,38.28042],[114.56583,38.30797],[114.54071,38.3026],[114.52501,38.31761],[114.53691,38.32922],[114.53846,38.34437],[114.52149,38.34463],[114.5143,38.35717],[114.50094,38.35213],[114.51378,38.37202],[114.5259,38.35948],[114.56314,38.35898],[114.56978,38.36315],[114.56785,38.37814],[114.5849,38.37835],[114.5994,38.36665],[114.61433,38.37961],[114.62559,38.3777],[114.63233,38.38548],[114.6436,38.37903],[114.65636,38.3879],[114.64738,38.40475],[114.65266,38.41964],[114.68814,38.43783],[114.68882,38.44953],[114.67037,38.47023],[114.69613,38.48774],[114.70084,38.50231],[114.71347,38.49722],[114.71839,38.47882],[114.73289,38.47855],[114.73907,38.50216],[114.75525,38.48916],[114.79407,38.49628]],[[114.57612,38.32937],[114.56006,38.34018],[114.55812,38.31293],[114.57556,38.3082],[114.57612,38.32937]]]}},{"type":"Feature","id":"CTAMAP-2006-COUNTY-2248","properties":{"map_level":"county","source_name":"邢台县","source_code":"130521","county_type":"县","prefecture_name":"邢台市","prefecture_code":"130500","prefecture_type":"地级市","parent_entity_id":"CNUR-000007","parent_year_end_name":"邢台市","province_name":"河北省","province_code":"130000","snapshot_year":2006,"panel_year":2005,"link_status":"parent_linked","former_name":"","note":""},"geometry":{"type":"Polygon","coordinates":[[[114.56776,37.17923],[114.61961,37.1686],[114.61298,37.15342],[114.63772,37.13277],[114.63339,37.11546],[114.62459,37.11535],[114.6294,37.06396],[114.62249,37.06208],[114.62579,37.04261],[114.61796,37.04047],[114.61957,37.03066],[114.60234,37.03573],[114.52089,37.02498],[114.52138,37.04548],[114.54549,37.05797],[114.53749,37.0887],[114.52174,37.08587],[114.52227,37.09513],[114.51594,37.09545],[114.50396,37.08988],[114.50227,37.10452],[114.48368,37.09753],[114.47801,37.12303],[114.47292,37.1163],[114.43346,37.11104],[114.4247,37.12473],[114.39823,37.1224],[114.3932,37.10591],[114.41709,37.09916],[114.4322,37.08206],[114.40794,37.06802],[114.42348,37.05973],[114.42919,37.03304],[114.41636,37.02537],[114.40898,37.00489],[114.39519,36.99853],[114.40401,36.98648],[114.40334,36.97725],[114.38955,36.96735],[114.3973,36.96427],[114.32895,36.97806],[114.22068,36.9762],[114.22954,37.03773],[114.18717,37.02161],[114.15239,37.02786],[114.134,37.00732],[114.14126,36.98952],[114.13341,36.98415],[114.10383,36.99629],[114.09278,36.99208],[114.09578,37.00244],[114.08597,37.01043],[114.04874,37.00322],[114.02245,37.01356],[114.01298,37.03092],[113.9462,37.04889],[113.88436,37.04544],[113.86699,37.0215],[113.84107,37.0083],[113.81905,37.01535],[113.79036,36.99559],[113.76064,37.01572],[113.78592,37.05107],[113.75235,37.07505],[113.75389,37.09425],[113.76763,37.10265],[113.76616,37.15216],[113.78925,37.1536],[113.82706,37.17595],[113.82836,37.18793],[113.87618,37.24921],[113.88104,37.27159],[113.88907,37.27641],[113.89336,37.31529],[113.91329,37.32968],[113.91816,37.3473],[113.938,37.33859],[113.94793,37.34551],[113.95062,37.36783],[114.02175,37.34916],[114.0515,37.32263],[114.06547,37.32015],[114.08111,37.32405],[114.09906,37.31634],[114.10854,37.32449],[114.12166,37.319],[114.16216,37.33819],[114.18424,37.32075],[114.19254,37.30099],[114.23506,37.31778],[114.24396,37.281],[114.26156,37.25775],[114.33088,37.25335],[114.36699,37.23916],[114.37398,37.22246],[114.39648,37.22026],[114.41862,37.18372],[114.46672,37.18498],[114.4731,37.17346],[114.51816,37.16467],[114.5362,37.1821],[114.5631,37.17424],[114.56776,37.17923]]]}},{"type":"Feature","id":"CTAMAP-2006-COUNTY-2249","properties":{"map_level":"county","source_name":"行唐县","source_code":"130125","county_type":"县","prefecture_name":"石家庄市","prefecture_code":"130100","prefecture_type":"地级市","parent_entity_id":"CNUR-000003","parent_year_end_name":"石家庄市","province_name":"河北省","province_code":"130000","snapshot_year":2006,"panel_year":2005,"link_status":"parent_linked","former_name":"","note":""},"geometry":{"type":"Polygon","coordinates":[[[114.39322,38.70259],[114.43601,38.69485],[114.45397,38.70276],[114.49636,38.67451],[114.50145,38.66139],[114.52958,38.64864],[114.53026,38.63247],[114.54609,38.60803],[114.52282,38.59276],[114.5236,38.58337],[114.53473,38.59223],[114.57857,38.59624],[114.59164,38.56069],[114.68882,38.44953],[114.68814,38.43783],[114.64934,38.41423],[114.65636,38.3879],[114.6436,38.37903],[114.63233,38.38548],[114.62559,38.3777],[114.61433,38.37961],[114.5994,38.36665],[114.5849,38.37835],[114.56785,38.37814],[114.56978,38.36315],[114.56314,38.35898],[114.5259,38.35948],[114.51378,38.37202],[114.50382,38.36542],[114.50133,38.34646],[114.45414,38.36776],[114.4194,38.39582],[114.38786,38.43495],[114.33109,38.45588],[114.32434,38.46817],[114.3434,38.47408],[114.34973,38.48818],[114.33622,38.50508],[114.33578,38.51848],[114.31081,38.54412],[114.29077,38.53803],[114.29302,38.55734],[114.27204,38.55865],[114.22019,38.62054],[114.19447,38.62915],[114.17289,38.64808],[114.17609,38.65519],[114.16487,38.67034],[114.18007,38.68416],[114.24701,38.69334],[114.25308,38.70213],[114.27926,38.69881],[114.30731,38.71136],[114.35435,38.68269],[114.38323,38.6891],[114.39322,38.70259]]]}},{"type":"Feature","id":"CTAMAP-2006-COUNTY-2260","properties":{"map_level":"county","source_name":"兴隆县","source_code":"130822","county_type":"县","prefecture_name":"承德市","prefecture_code":"130800","prefecture_type":"地级市","parent_entity_id":"CNUR-000010","parent_year_end_name":"承德市","province_name":"河北省","province_code":"130000","snapshot_year":2006,"panel_year":2005,"link_status":"parent_linked","former_name":"","note":""},"geometry":{"type":"Polygon","coordinates":[[[117.846,40.62316],[117.83652,40.62342],[117.8208,40.59747],[117.80352,40.60417],[117.76058,40.60067],[117.79434,40.53658],[117.82669,40.54443],[117.83661,40.55436],[117.85917,40.5508],[117.88076,40.56176],[117.88204,40.59109],[117.86612,40.60764],[117.88269,40.61635],[117.91592,40.61254],[117.93932,40.63059],[117.98402,40.636],[118.02191,40.65702],[118.02537,40.66402],[118.01651,40.66862],[118.02256,40.68223],[118.09824,40.67774],[118.16031,40.64862],[118.18784,40.66281],[118.19394,40.65293],[118.17659,40.64825],[118.15783,40.63056],[118.24557,40.60065],[118.21613,40.58687],[118.2009,40.56864],[118.20862,40.56595],[118.2155,40.57616],[118.22806,40.57257],[118.23323,40.54766],[118.25327,40.53334],[118.24405,40.52128],[118.19402,40.50962],[118.1789,40.46704],[118.19296,40.446],[118.16905,40.42373],[118.14733,40.42057],[118.14563,40.40849],[118.1602,40.39484],[118.14437,40.39229],[118.11466,40.35299],[118.08364,40.36107],[118.08281,40.35336],[118.06938,40.34951],[118.05938,40.31945],[118.03021,40.30353],[117.99537,40.29122],[117.97306,40.29897],[117.9563,40.28773],[117.9043,40.28564],[117.89411,40.26745],[117.88082,40.27209],[117.84479,40.26104],[117.82494,40.26743],[117.82242,40.25892],[117.80235,40.26036],[117.75891,40.24243],[117.74375,40.22652],[117.7267,40.2391],[117.68364,40.23715],[117.67635,40.22969],[117.67137,40.23529],[117.66741,40.22581],[117.66367,40.23873],[117.65658,40.23935],[117.65002,40.23379],[117.66112,40.22621],[117.65901,40.21627],[117.6475,40.21747],[117.63854,40.20284],[117.61015,40.20664],[117.59052,40.19014],[117.56595,40.19371],[117.55804,40.2279],[117.49646,40.22747],[117.4407,40.25172],[117.40921,40.24741],[117.40863,40.23531],[117.39849,40.22855],[117.34504,40.22808],[117.33327,40.24483],[117.32534,40.28831],[117.28924,40.27692],[117.28686,40.29522],[117.26791,40.30726],[117.26844,40.33131],[117.25352,40.33474],[117.23639,40.36828],[117.2176,40.37007],[117.23296,40.39292],[117.22872,40.41595],[117.25559,40.43904],[117.22878,40.4562],[117.22132,40.48075],[117.20219,40.49587],[117.20706,40.51083],[117.25696,40.51183],[117.2431,40.54681],[117.30833,40.57694],[117.34022,40.58034],[117.38092,40.55922],[117.39474,40.56989],[117.41501,40.56779],[117.42324,40.57633],[117.40598,40.60353],[117.41785,40.61869],[117.41379,40.63248],[117.4208,40.6367],[117.42617,40.62418],[117.44035,40.62666],[117.44228,40.64997],[117.45695,40.65124],[117.47982,40.63199],[117.49468,40.63528],[117.49825,40.64732],[117.51609,40.62785],[117.52763,40.62624],[117.5118,40.5956],[117.49415,40.58551],[117.51737,40.57141],[117.54552,40.59558],[117.57079,40.59072],[117.57274,40.60377],[117.59992,40.60791],[117.60166,40.61635],[117.62275,40.62249],[117.6342,40.6356],[117.65777,40.63757],[117.67193,40.61737],[117.68829,40.62376],[117.70004,40.63343],[117.70405,40.65059],[117.76586,40.67707],[117.77425,40.69897],[117.84082,40.71205],[117.85591,40.70208],[117.86178,40.676],[117.8711,40.67148],[117.846,40.62316]],[[117.67748,40.56526],[117.65619,40.5719],[117.6253,40.56646],[117.62954,40.54413],[117.63966,40.53838],[117.63466,40.53239],[117.62279,40.52871],[117.6059,40.53803],[117.57811,40.52238],[117.59532,40.51565],[117.60066,40.50007],[117.62463,40.48185],[117.64429,40.47436],[117.66259,40.49022],[117.69641,40.49504],[117.71101,40.51368],[117.75712,40.51348],[117.75955,40.52879],[117.74942,40.52829],[117.72685,40.56179],[117.71053,40.56404],[117.69554,40.55012],[117.68057,40.55102],[117.66972,40.55644],[117.67748,40.56526]]]}},{"type":"Feature","id":"CTAMAP-2006-COUNTY-2272","properties":{"map_level":"county","source_name":"雄县","source_code":"130638","county_type":"县","prefecture_name":"保定市","prefecture_code":"130600","prefecture_type":"地级市","parent_entity_id":"CNUR-000008","parent_year_end_name":"保定市","province_name":"河北省","province_code":"130000","snapshot_year":2006,"panel_year":2005,"link_status":"parent_linked","former_name":"","note":""},"geometry":{"type":"Polygon","coordinates":[[[116.19124,39.14872],[116.25573,39.13794],[116.25661,39.11971],[116.27461,39.11463],[116.27336,39.10655],[116.29627,39.1033],[116.30316,39.08438],[116.31268,39.082],[116.30703,39.06806],[116.31246,39.03639],[116.32486,39.03831],[116.29728,39.0306],[116.29429,39.02108],[116.30518,39.0208],[116.30309,39.01515],[116.29282,39.01806],[116.2872,39.00659],[116.29365,38.99272],[116.31571,38.99732],[116.33022,38.98279],[116.30961,38.96185],[116.29049,38.97345],[116.28561,38.94606],[116.2472,38.93087],[116.23188,38.92723],[116.23962,38.932],[116.2396,38.945],[116.22949,38.94815],[116.22155,38.9417],[116.22228,38.92317],[116.20369,38.92071],[116.14634,38.94741],[116.12567,38.93525],[116.08638,38.93341],[116.0758,38.91963],[116.05911,38.93341],[116.03473,38.93766],[116.02396,38.96862],[116.04374,38.98237],[116.03768,38.98345],[116.04557,38.99008],[116.04798,39.01974],[116.06933,39.02319],[116.05808,39.02565],[116.06112,39.03503],[116.04675,39.03812],[116.04089,39.05776],[116.02739,39.06457],[116.02598,39.07493],[116.03686,39.08842],[116.02384,39.09619],[116.03368,39.1039],[116.09331,39.10699],[116.09538,39.11396],[116.07807,39.12451],[116.08725,39.13579],[116.07854,39.14624],[116.09474,39.15058],[116.0968,39.17141],[116.11443,39.15901],[116.14529,39.16009],[116.14845,39.15357],[116.1833,39.15964],[116.19124,39.14872]]]}},{"type":"Feature","id":"CTAMAP-2006-COUNTY-2285","properties":{"map_level":"county","source_name":"徐水县","source_code":"130625","county_type":"县","prefecture_name":"保定市","prefecture_code":"130600","prefecture_type":"地级市","parent_entity_id":"CNUR-000008","parent_year_end_name":"保定市","province_name":"河北省","province_code":"130000","snapshot_year":2006,"panel_year":2005,"link_status":"parent_linked","former_name":"","note":""},"geometry":{"type":"Polygon","coordinates":[[[115.50845,39.1586],[115.51248,39.1365],[115.57469,39.11404],[115.59166,39.11769],[115.60749,39.10699],[115.62077,39.10858],[115.65879,39.12926],[115.67795,39.11391],[115.70581,39.1062],[115.70684,39.09557],[115.74245,39.10606],[115.75945,39.09724],[115.76951,39.05985],[115.75874,39.03809],[115.76074,39.00903],[115.77693,39.00676],[115.78057,38.99833],[115.76257,38.9731],[115.75679,38.94572],[115.73682,38.93762],[115.72948,38.92137],[115.74331,38.91042],[115.74627,38.88013],[115.71547,38.87984],[115.69699,38.89442],[115.69774,38.90439],[115.68981,38.90436],[115.68372,38.91923],[115.67864,38.91472],[115.64697,38.92725],[115.64007,38.9193],[115.59432,38.92342],[115.58141,38.91659],[115.56507,38.93061],[115.49906,38.93874],[115.47678,38.96511],[115.48203,38.98089],[115.45522,38.99983],[115.45959,39.01497],[115.44055,39.0062],[115.39596,39.00881],[115.38453,39.02189],[115.39016,39.0229],[115.38687,39.0299],[115.39878,39.03098],[115.37121,39.0578],[115.36388,39.04597],[115.33787,39.04239],[115.33014,39.04831],[115.32583,39.06884],[115.319,39.07035],[115.32741,39.08479],[115.32003,39.10428],[115.36637,39.14904],[115.3872,39.15494],[115.42495,39.13357],[115.45154,39.16153],[115.50845,39.1586]]]}},{"type":"Feature","id":"CTAMAP-2006-COUNTY-2292","properties":{"map_level":"county","source_name":"宣化县","source_code":"130721","county_type":"县","prefecture_name":"张家口市","prefecture_code":"130700","prefecture_type":"地级市","parent_entity_id":"CNUR-000009","parent_year_end_name":"张家口市","province_name":"河北省","province_code":"130000","snapshot_year":2006,"panel_year":2005,"link_status":"parent_linked","former_name":"","note":""},"geometry":{"type":"Polygon","coordinates":[[[115.10445,40.83121],[115.16189,40.79563],[115.22952,40.79122],[115.27431,40.80636],[115.30622,40.7939],[115.33873,40.79297],[115.37433,40.77541],[115.42105,40.79288],[115.44528,40.793],[115.45297,40.78486],[115.43993,40.75576],[115.45638,40.73994],[115.48886,40.73003],[115.4837,40.70038],[115.49365,40.69364],[115.4915,40.68392],[115.51905,40.6693],[115.51888,40.64868],[115.50787,40.64468],[115.48737,40.60603],[115.50485,40.59204],[115.50897,40.57802],[115.50279,40.56422],[115.48348,40.56365],[115.45947,40.57979],[115.43859,40.56661],[115.42397,40.60492],[115.40513,40.59857],[115.36903,40.60567],[115.35409,40.62288],[115.3325,40.63038],[115.28913,40.61882],[115.26139,40.59465],[115.21834,40.58739],[115.20235,40.55899],[115.16371,40.54354],[115.16735,40.53421],[115.1457,40.5122],[115.12644,40.51551],[115.12701,40.50649],[115.14009,40.5012],[115.16514,40.50772],[115.17811,40.5023],[115.16464,40.47425],[115.15244,40.46682],[115.15342,40.45294],[115.12625,40.44757],[115.12808,40.42756],[115.10637,40.42392],[115.1127,40.40905],[115.09732,40.37751],[115.08985,40.37473],[115.06671,40.39789],[115.03702,40.37947],[115.03681,40.35691],[115.01696,40.35077],[114.96131,40.35699],[114.94909,40.34643],[114.9492,40.31093],[114.97307,40.31575],[114.98186,40.3059],[114.95583,40.27441],[114.96191,40.26696],[114.92242,40.25271],[114.95838,40.21161],[114.95776,40.19276],[114.96958,40.17337],[114.90796,40.15992],[114.90118,40.16244],[114.90684,40.17633],[114.8731,40.18667],[114.81145,40.15374],[114.79505,40.16561],[114.80451,40.17057],[114.80657,40.18963],[114.79139,40.2179],[114.79028,40.23659],[114.79862,40.24837],[114.78776,40.26252],[114.79299,40.27324],[114.77955,40.27714],[114.77321,40.29581],[114.77237,40.3368],[114.74641,40.35739],[114.69732,40.37062],[114.71038,40.38037],[114.71209,40.39809],[114.69553,40.42458],[114.73473,40.44459],[114.7408,40.46674],[114.75622,40.47088],[114.74616,40.49591],[114.78099,40.49616],[114.79484,40.51103],[114.79537,40.52375],[114.7772,40.52958],[114.78994,40.60887],[114.76675,40.64177],[114.79443,40.66831],[114.77295,40.6756],[114.76569,40.68939],[114.7749,40.70486],[114.78803,40.70306],[114.82486,40.67946],[114.84288,40.73459],[114.87799,40.73168],[114.90295,40.71555],[114.90923,40.72096],[114.92993,40.70075],[114.96709,40.68592],[114.9588,40.67123],[114.92276,40.66654],[114.93633,40.64934],[114.92503,40.64431],[115.05663,40.57971],[115.10535,40.54554],[115.12507,40.56106],[115.11497,40.57558],[115.12198,40.57733],[115.11935,40.58289],[115.14229,40.57545],[115.13969,40.62012],[115.15022,40.64516],[115.12389,40.63335],[115.11956,40.64372],[115.10567,40.64342],[115.08925,40.67097],[115.06805,40.68219],[115.0092,40.66301],[114.99899,40.67757],[114.96959,40.68623],[114.98342,40.72527],[114.94374,40.75881],[114.96945,40.77931],[114.96164,40.78805],[114.99672,40.79055],[114.99185,40.80446],[115.00185,40.8165],[114.99571,40.82256],[115.04361,40.80958],[115.08182,40.81781],[115.10445,40.83121]]]}},{"type":"Feature","id":"CTAMAP-2006-COUNTY-2323","properties":{"map_level":"county","source_name":"盐山县","source_code":"130925","county_type":"县","prefecture_name":"沧州市","prefecture_code":"130900","prefecture_type":"地级市","parent_entity_id":"CNUR-000011","parent_year_end_name":"沧州市","province_name":"河北省","province_code":"130000","snapshot_year":2006,"panel_year":2005,"link_status":"parent_linked","former_name":"","note":""},"geometry":{"type":"Polygon","coordinates":[[[117.31877,38.10845],[117.32171,38.0999],[117.33612,38.10142],[117.35005,38.09069],[117.3343,38.07419],[117.35022,38.07542],[117.35093,38.05826],[117.38592,38.05815],[117.39165,38.04657],[117.36607,38.03442],[117.36979,38.01853],[117.38877,38.02329],[117.39528,37.98844],[117.42942,37.98606],[117.42533,37.97807],[117.46463,37.97055],[117.45362,37.95247],[117.45733,37.93231],[117.49102,37.94161],[117.49731,37.93434],[117.47518,37.91469],[117.43297,37.85382],[117.39769,37.84281],[117.33579,37.86231],[117.31192,37.86028],[117.26111,37.83805],[117.17897,37.84888],[117.14516,37.83858],[117.08697,37.84862],[117.05811,37.84618],[117.03053,37.83352],[117.02595,37.85952],[117.01804,37.86359],[117.02837,37.87498],[117.02161,37.91126],[117.03347,37.94591],[116.99751,37.96904],[117.00689,37.98624],[117.02643,37.993],[117.04214,37.98723],[117.0585,37.97579],[117.06024,37.96093],[117.12586,37.96284],[117.14604,37.94374],[117.19047,37.94271],[117.20592,37.95848],[117.1931,37.99492],[117.18606,38.00905],[117.17016,38.00866],[117.17375,38.01512],[117.14565,38.05153],[117.174,38.08485],[117.18211,38.10777],[117.21752,38.12188],[117.23288,38.11615],[117.23249,38.1244],[117.25665,38.12659],[117.2542,38.11589],[117.31235,38.10276],[117.31877,38.10845]]]}},{"type":"Feature","id":"CTAMAP-2006-COUNTY-2349","properties":{"map_level":"county","source_name":"阳原县","source_code":"130727","county_type":"县","prefecture_name":"张家口市","prefecture_code":"130700","prefecture_type":"地级市","parent_entity_id":"CNUR-000009","parent_year_end_name":"张家口市","province_name":"河北省","province_code":"130000","snapshot_year":2006,"panel_year":2005,"link_status":"parent_linked","former_name":"","note":""},"geometry":{"type":"Polygon","coordinates":[[[114.67497,40.37754],[114.74641,40.35739],[114.77237,40.3368],[114.77321,40.29581],[114.77955,40.27714],[114.79299,40.27324],[114.78776,40.26252],[114.79861,40.24852],[114.79028,40.23659],[114.79139,40.2179],[114.80567,40.19482],[114.80451,40.17057],[114.79327,40.16436],[114.77736,40.17331],[114.76598,40.19742],[114.74708,40.19121],[114.6974,40.19375],[114.6868,40.18011],[114.65294,40.17984],[114.65392,40.16181],[114.67079,40.13157],[114.65765,40.09805],[114.60801,40.09128],[114.60395,40.09766],[114.56942,40.09525],[114.55484,40.08457],[114.56087,40.04637],[114.48088,40.01733],[114.48194,40.0029],[114.45672,39.98112],[114.44135,39.99631],[114.39981,39.99205],[114.40104,40.01109],[114.3869,40.017],[114.34665,39.99308],[114.3483,39.98367],[114.33039,39.97737],[114.33293,39.96072],[114.32447,39.94904],[114.23572,39.92962],[114.24068,39.95825],[114.22695,39.96497],[114.19204,39.9431],[114.208,39.93102],[114.19976,39.91008],[114.14292,39.89428],[114.11263,39.90822],[114.08198,39.90958],[114.06485,39.92193],[114.04241,39.91404],[114.02356,39.95544],[114.01835,39.9884],[113.90359,40.00739],[113.90759,40.02094],[113.95045,40.02946],[113.96809,40.05409],[113.9733,40.11116],[114.01361,40.10104],[114.03511,40.05628],[114.08419,40.07374],[114.09442,40.10738],[114.07767,40.12894],[114.06262,40.1857],[114.10367,40.19231],[114.11663,40.18733],[114.11617,40.17714],[114.14054,40.17493],[114.17551,40.18991],[114.22477,40.19328],[114.23005,40.20001],[114.2225,40.21168],[114.2538,40.23528],[114.26141,40.22487],[114.27693,40.22354],[114.35164,40.24798],[114.38057,40.23801],[114.44919,40.25443],[114.48926,40.27711],[114.48945,40.29199],[114.51455,40.30717],[114.52565,40.34205],[114.60633,40.36493],[114.62032,40.35515],[114.67497,40.37754]]]}},{"type":"Feature","id":"CTAMAP-2006-COUNTY-2394","properties":{"map_level":"county","source_name":"易县","source_code":"130633","county_type":"县","prefecture_name":"保定市","prefecture_code":"130600","prefecture_type":"地级市","parent_entity_id":"CNUR-000008","parent_year_end_name":"保定市","province_name":"河北省","province_code":"130000","snapshot_year":2006,"panel_year":2005,"link_status":"parent_linked","former_name":"","note":""},"geometry":{"type":"Polygon","coordinates":[[[115.60983,39.32003],[115.63661,39.29106],[115.59032,39.28762],[115.58527,39.26375],[115.52904,39.23111],[115.53914,39.2134],[115.52283,39.1829],[115.52455,39.15781],[115.45339,39.16206],[115.44152,39.158],[115.44248,39.14757],[115.42495,39.13357],[115.3829,39.15471],[115.33062,39.12133],[115.302,39.1267],[115.2556,39.11923],[115.24043,39.08783],[115.25322,39.0775],[115.25602,39.06195],[115.21336,39.04845],[115.18211,39.07334],[115.1689,39.07069],[115.15909,39.05361],[115.13051,39.03939],[115.1035,39.06663],[115.05418,39.04904],[115.01466,39.11129],[114.99726,39.10526],[114.9837,39.12128],[114.95599,39.11218],[114.93913,39.1205],[114.88919,39.107],[114.88045,39.13179],[114.85908,39.13878],[114.86382,39.15733],[114.88739,39.16991],[114.89516,39.18484],[114.86659,39.19653],[114.86765,39.2203],[114.84809,39.22822],[114.8505,39.26077],[114.87628,39.26751],[114.90193,39.30986],[114.9225,39.31162],[114.94117,39.29434],[114.96984,39.31604],[114.98037,39.33674],[115.00171,39.3388],[115.0249,39.35298],[115.01889,39.37519],[115.0382,39.39893],[115.02481,39.43417],[115.05576,39.43597],[115.08188,39.46795],[115.0801,39.4745],[115.04741,39.47641],[115.01613,39.48928],[115.01043,39.52249],[115.03289,39.54221],[115.11513,39.54185],[115.12655,39.55417],[115.11174,39.56505],[115.11573,39.57531],[115.09806,39.57441],[115.09134,39.58323],[115.10278,39.5977],[115.15441,39.57142],[115.20753,39.55957],[115.21175,39.54804],[115.23491,39.56237],[115.29705,39.54487],[115.31673,39.54763],[115.33544,39.52799],[115.32418,39.51458],[115.35519,39.49521],[115.36711,39.49726],[115.37367,39.51098],[115.41325,39.51747],[115.42504,39.55117],[115.45332,39.55005],[115.47284,39.51334],[115.53668,39.50251],[115.55576,39.48501],[115.56111,39.44881],[115.57796,39.4285],[115.57669,39.39117],[115.61214,39.38001],[115.61023,39.37044],[115.59247,39.36216],[115.60047,39.3424],[115.61656,39.33312],[115.60983,39.32003]]]}},{"type":"Feature","id":"CTAMAP-2006-COUNTY-2409","properties":{"map_level":"county","source_name":"鹰手营子矿区","source_code":"130804","county_type":"市辖区","prefecture_name":"承德市","prefecture_code":"130800","prefecture_type":"地级市","parent_entity_id":"CNUR-000010","parent_year_end_name":"承德市","province_name":"河北省","province_code":"130000","snapshot_year":2006,"panel_year":2005,"link_status":"parent_linked","former_name":"","note":""},"geometry":{"type":"MultiPolygon","coordinates":[[[[117.67748,40.56526],[117.66972,40.55644],[117.68057,40.55102],[117.69554,40.55012],[117.71053,40.56404],[117.72685,40.56179],[117.74942,40.52829],[117.75955,40.52879],[117.75712,40.51348],[117.71101,40.51368],[117.69641,40.49504],[117.66259,40.49022],[117.64429,40.47436],[117.62463,40.48185],[117.60066,40.50007],[117.59532,40.51565],[117.57811,40.52238],[117.6059,40.53803],[117.62279,40.52871],[117.63466,40.53239],[117.63966,40.53838],[117.62954,40.54413],[117.6253,40.56646],[117.65619,40.5719],[117.67748,40.56526]]],[[[117.846,40.62316],[117.88173,40.59184],[117.88076,40.56176],[117.85917,40.5508],[117.83661,40.55436],[117.82669,40.54443],[117.79434,40.53658],[117.76058,40.60067],[117.80352,40.60417],[117.8208,40.59747],[117.83652,40.62342],[117.846,40.62316]]]]}},{"type":"Feature","id":"CTAMAP-2006-COUNTY-2433","properties":{"map_level":"county","source_name":"永年县","source_code":"130429","county_type":"县","prefecture_name":"邯郸市","prefecture_code":"130400","prefecture_type":"地级市","parent_entity_id":"CNUR-000006","parent_year_end_name":"邯郸市","province_name":"河北省","province_code":"130000","snapshot_year":2006,"panel_year":2005,"link_status":"parent_linked","former_name":"","note":""},"geometry":{"type":"Polygon","coordinates":[[[114.73036,36.93873],[114.75878,36.92715],[114.75371,36.9187],[114.76233,36.88972],[114.70615,36.87763],[114.7438,36.86051],[114.74435,36.83997],[114.7573,36.83188],[114.7624,36.80101],[114.79162,36.79097],[114.82128,36.79352],[114.8706,36.77137],[114.87333,36.75979],[114.86579,36.75525],[114.86707,36.74206],[114.85818,36.74101],[114.86205,36.72282],[114.85195,36.71043],[114.86156,36.69302],[114.84496,36.68786],[114.84031,36.66649],[114.80066,36.66151],[114.80128,36.65543],[114.73974,36.62669],[114.71137,36.62329],[114.70565,36.61447],[114.72161,36.60936],[114.70026,36.60072],[114.69837,36.58387],[114.6759,36.59855],[114.66182,36.59146],[114.65677,36.57647],[114.63659,36.58493],[114.63359,36.60159],[114.62122,36.61071],[114.63311,36.63065],[114.6338,36.66573],[114.64329,36.67374],[114.61052,36.68267],[114.61712,36.69415],[114.59077,36.71892],[114.56865,36.71203],[114.54941,36.72664],[114.52827,36.72664],[114.49596,36.70813],[114.48556,36.7086],[114.47619,36.72045],[114.44447,36.72111],[114.44071,36.70679],[114.38519,36.71179],[114.35686,36.69856],[114.33417,36.70919],[114.34707,36.7347],[114.37472,36.75703],[114.37184,36.77472],[114.35659,36.78582],[114.37401,36.80883],[114.36935,36.83369],[114.35664,36.83958],[114.35977,36.85767],[114.3725,36.8597],[114.37946,36.8388],[114.40236,36.84618],[114.42476,36.83854],[114.45625,36.84719],[114.47778,36.83176],[114.54659,36.83328],[114.55241,36.84451],[114.54585,36.88259],[114.55327,36.88859],[114.64643,36.89953],[114.66535,36.91718],[114.69013,36.91329],[114.70137,36.91771],[114.71226,36.93767],[114.73036,36.93873]]]}},{"type":"Feature","id":"CTAMAP-2006-COUNTY-2436","properties":{"map_level":"county","source_name":"永清县","source_code":"131023","county_type":"县","prefecture_name":"廊坊市","prefecture_code":"131000","prefecture_type":"地级市","parent_entity_id":"CNUR-000012","parent_year_end_name":"廊坊市","province_name":"河北省","province_code":"130000","snapshot_year":2006,"panel_year":2005,"link_status":"parent_linked","former_name":"","note":""},"geometry":{"type":"Polygon","coordinates":[[[116.5961,39.45835],[116.59679,39.44693],[116.63238,39.4349],[116.64495,39.41322],[116.67671,39.38998],[116.66976,39.37724],[116.67101,39.34199],[116.68029,39.34204],[116.68427,39.33269],[116.67652,39.32801],[116.68549,39.30914],[116.6864,39.28953],[116.67989,39.28503],[116.68913,39.28059],[116.68966,39.27058],[116.67529,39.26275],[116.67886,39.2529],[116.68668,39.25334],[116.68806,39.23383],[116.74057,39.22601],[116.74584,39.21541],[116.73955,39.19869],[116.73213,39.19944],[116.73838,39.18772],[116.70532,39.18073],[116.68886,39.18978],[116.6795,39.16566],[116.5972,39.1632],[116.58884,39.14633],[116.59562,39.12934],[116.58049,39.12599],[116.56153,39.13967],[116.53686,39.13359],[116.52407,39.139],[116.51965,39.1515],[116.50364,39.15338],[116.49713,39.17221],[116.48471,39.17311],[116.47387,39.19801],[116.45789,39.20005],[116.45311,39.18921],[116.43877,39.18824],[116.41595,39.20466],[116.38748,39.20495],[116.37735,39.21382],[116.37237,39.24827],[116.37933,39.24957],[116.39298,39.30222],[116.3767,39.30688],[116.37323,39.32327],[116.37566,39.33452],[116.40545,39.34268],[116.4043,39.35411],[116.42351,39.35474],[116.43301,39.37297],[116.47209,39.39376],[116.47601,39.40223],[116.46712,39.41624],[116.46311,39.40939],[116.45117,39.41373],[116.45663,39.45193],[116.48595,39.45395],[116.48591,39.46956],[116.52799,39.46776],[116.54041,39.47785],[116.56419,39.46627],[116.57056,39.47168],[116.56751,39.46391],[116.57441,39.45921],[116.5961,39.45835]]]}},{"type":"Feature","id":"CTAMAP-2006-COUNTY-2489","properties":{"map_level":"county","source_name":"玉田县","source_code":"130229","county_type":"县","prefecture_name":"唐山市","prefecture_code":"130200","prefecture_type":"地级市","parent_entity_id":"CNUR-000004","parent_year_end_name":"唐山市","province_name":"河北省","province_code":"130000","snapshot_year":2006,"panel_year":2005,"link_status":"parent_linked","former_name":"","note":""},"geometry":{"type":"Polygon","coordinates":[[[117.7755,39.96507],[117.78687,39.97505],[117.79964,39.97336],[117.80023,39.98487],[117.80832,39.98801],[117.82472,39.98555],[117.83608,39.97409],[117.85868,39.98457],[117.90294,39.95746],[117.91949,39.93785],[117.91913,39.92426],[117.90489,39.91548],[117.92161,39.90653],[117.92321,39.871],[117.91316,39.85803],[117.92639,39.84955],[117.91819,39.8358],[117.93479,39.83475],[117.93561,39.82228],[117.9522,39.8072],[117.94931,39.79906],[117.91664,39.80949],[117.92475,39.79822],[117.91528,39.80084],[117.90982,39.77327],[117.87202,39.76866],[117.86954,39.76311],[117.88421,39.76023],[117.88822,39.75172],[117.87877,39.72375],[117.88327,39.71299],[117.87508,39.70226],[117.85027,39.69458],[117.85849,39.67079],[117.83953,39.6559],[117.79356,39.6513],[117.75983,39.61723],[117.76136,39.59779],[117.74313,39.58904],[117.74035,39.59118],[117.73959,39.59086],[117.74902,39.57996],[117.73168,39.57283],[117.7292,39.55944],[117.73895,39.54692],[117.70982,39.52885],[117.69856,39.55586],[117.67911,39.5642],[117.69812,39.56454],[117.69998,39.57509],[117.67105,39.58942],[117.64716,39.57428],[117.64893,39.58884],[117.63335,39.59208],[117.63084,39.60272],[117.61499,39.59121],[117.61339,39.60511],[117.6352,39.6116],[117.64603,39.63801],[117.6579,39.63649],[117.66283,39.66553],[117.65066,39.66769],[117.65401,39.67375],[117.63995,39.68626],[117.63817,39.70104],[117.63053,39.69561],[117.59664,39.70425],[117.57221,39.72193],[117.58226,39.73689],[117.5906,39.73469],[117.58457,39.74147],[117.59018,39.74477],[117.54919,39.76152],[117.54323,39.75565],[117.53313,39.75998],[117.54412,39.76185],[117.54863,39.77038],[117.54105,39.77681],[117.5553,39.80153],[117.5385,39.84341],[117.51468,39.8706],[117.51054,39.89395],[117.50364,39.89259],[117.4975,39.90362],[117.50738,39.90887],[117.50637,39.91741],[117.49823,39.91442],[117.50484,39.92006],[117.51559,39.91943],[117.51916,39.92841],[117.5044,39.93906],[117.5267,39.95142],[117.5412,39.97591],[117.5313,39.99626],[117.56,39.98978],[117.58554,39.99565],[117.60863,39.97136],[117.6256,39.96768],[117.66969,39.96731],[117.67595,39.97881],[117.6985,39.9849],[117.72186,39.97073],[117.7755,39.96507]]]}},{"type":"Feature","id":"CTAMAP-2006-COUNTY-2493","properties":{"map_level":"county","source_name":"裕华区","source_code":"130108","county_type":"市辖区","prefecture_name":"石家庄市","prefecture_code":"130100","prefecture_type":"地级市","parent_entity_id":"CNUR-000003","parent_year_end_name":"石家庄市","province_name":"河北省","province_code":"130000","snapshot_year":2006,"panel_year":2005,"link_status":"parent_linked","former_name":"郊区","note":"2001年撤销郊区，设立裕华区"},"geometry":{"type":"Polygon","coordinates":[[[114.67129,38.04061],[114.67644,38.03021],[114.6483,38.00949],[114.66808,37.96844],[114.65582,37.96722],[114.61948,37.99722],[114.58592,37.96777],[114.48435,37.97329],[114.49113,37.97618],[114.48613,38.00134],[114.50629,38.02019],[114.50589,38.03495],[114.57967,38.03649],[114.58536,38.05809],[114.67129,38.04061]]]}},{"type":"Feature","id":"CTAMAP-2006-COUNTY-2498","properties":{"map_level":"county","source_name":"元氏县","source_code":"130132","county_type":"县","prefecture_name":"石家庄市","prefecture_code":"130100","prefecture_type":"地级市","parent_entity_id":"CNUR-000003","parent_year_end_name":"石家庄市","province_name":"河北省","province_code":"130000","snapshot_year":2006,"panel_year":2005,"link_status":"parent_linked","former_name":"","note":""},"geometry":{"type":"Polygon","coordinates":[[[114.4826,37.92339],[114.48903,37.91562],[114.48383,37.88858],[114.52619,37.89002],[114.53214,37.88421],[114.52106,37.87823],[114.52354,37.87235],[114.54749,37.86694],[114.54759,37.85875],[114.53145,37.85022],[114.53219,37.83358],[114.57867,37.81409],[114.61199,37.82899],[114.61759,37.82321],[114.61462,37.80238],[114.62418,37.79853],[114.63455,37.76958],[114.60665,37.77379],[114.60326,37.7673],[114.61202,37.76412],[114.60374,37.76414],[114.60401,37.75708],[114.62279,37.74482],[114.61847,37.73028],[114.64291,37.71733],[114.63719,37.69471],[114.59263,37.69053],[114.58599,37.67704],[114.56621,37.68347],[114.53268,37.66723],[114.49385,37.6825],[114.49236,37.69927],[114.471,37.69847],[114.46698,37.70877],[114.44339,37.69672],[114.41767,37.72314],[114.39759,37.72072],[114.39974,37.73988],[114.38967,37.75702],[114.36736,37.73983],[114.32384,37.75155],[114.3158,37.76077],[114.2802,37.75839],[114.25274,37.73615],[114.19953,37.75781],[114.19516,37.76933],[114.20912,37.78181],[114.20017,37.80359],[114.20678,37.81912],[114.16819,37.83312],[114.18039,37.85303],[114.21404,37.84562],[114.23071,37.85167],[114.23211,37.87398],[114.2217,37.88323],[114.22975,37.88872],[114.22462,37.89942],[114.23364,37.91891],[114.26092,37.92261],[114.26512,37.89691],[114.28455,37.89243],[114.29474,37.89693],[114.29228,37.90365],[114.30441,37.90575],[114.31422,37.8952],[114.33079,37.89803],[114.33589,37.88892],[114.39117,37.8857],[114.39296,37.89395],[114.42488,37.90193],[114.43673,37.91975],[114.4553,37.91543],[114.4826,37.92339]]]}},{"type":"Feature","id":"CTAMAP-2006-COUNTY-2537","properties":{"map_level":"county","source_name":"运河区","source_code":"130903","county_type":"市辖区","prefecture_name":"沧州市","prefecture_code":"130900","prefecture_type":"地级市","parent_entity_id":"CNUR-000011","parent_year_end_name":"沧州市","province_name":"河北省","province_code":"130000","snapshot_year":2006,"panel_year":2005,"link_status":"parent_linked","former_name":"","note":""},"geometry":{"type":"Polygon","coordinates":[[[116.88322,38.40441],[116.87546,38.37484],[116.86794,38.37271],[116.8754,38.35952],[116.8611,38.36013],[116.87054,38.34447],[116.857,38.31375],[116.85828,38.28261],[116.85119,38.28257],[116.85681,38.27159],[116.84733,38.26931],[116.84922,38.25256],[116.83946,38.24397],[116.81754,38.25413],[116.80582,38.24161],[116.80728,38.23254],[116.78734,38.22592],[116.78781,38.21858],[116.76614,38.21897],[116.76087,38.22434],[116.7726,38.25392],[116.78894,38.27354],[116.76258,38.27654],[116.77941,38.29258],[116.76825,38.30501],[116.78334,38.31508],[116.78307,38.34006],[116.85226,38.41279],[116.88322,38.40441]]]}},{"type":"Feature","id":"CTAMAP-2006-COUNTY-2540","properties":{"map_level":"county","source_name":"赞皇县","source_code":"130129","county_type":"县","prefecture_name":"石家庄市","prefecture_code":"130100","prefecture_type":"地级市","parent_entity_id":"CNUR-000003","parent_year_end_name":"石家庄市","province_name":"河北省","province_code":"130000","snapshot_year":2006,"panel_year":2005,"link_status":"parent_linked","former_name":"","note":""},"geometry":{"type":"Polygon","coordinates":[[[114.19516,37.76933],[114.20572,37.75227],[114.25274,37.73615],[114.2802,37.75839],[114.3158,37.76077],[114.32384,37.75155],[114.36736,37.73983],[114.38967,37.75702],[114.39974,37.73988],[114.39759,37.72072],[114.41767,37.72314],[114.44339,37.69672],[114.46698,37.70877],[114.471,37.69847],[114.4924,37.69923],[114.49385,37.6825],[114.51736,37.67111],[114.51716,37.64221],[114.49906,37.64059],[114.50061,37.6221],[114.48754,37.61834],[114.47201,37.60331],[114.47337,37.59445],[114.4561,37.58464],[114.4566,37.56851],[114.36641,37.52885],[114.36375,37.51274],[114.34807,37.51834],[114.32838,37.50219],[114.30475,37.49922],[114.29482,37.50738],[114.28,37.50115],[114.27998,37.49214],[114.20891,37.51033],[114.17979,37.52997],[114.1463,37.53447],[114.16027,37.52556],[114.1515,37.52158],[114.15674,37.51398],[114.14758,37.51346],[114.14995,37.5045],[114.12869,37.49739],[114.11899,37.48055],[114.09458,37.49515],[114.0634,37.44134],[114.0297,37.44178],[114.02683,37.47969],[114.05117,37.50983],[114.06353,37.51245],[114.07385,37.53934],[114.08848,37.54544],[114.08705,37.56773],[114.10329,37.57237],[114.12204,37.60083],[114.11883,37.61087],[114.10216,37.6167],[114.11183,37.6359],[114.13249,37.64596],[114.12588,37.69373],[114.13537,37.69523],[114.14459,37.73095],[114.16193,37.73853],[114.1679,37.75963],[114.17893,37.76907],[114.19516,37.76933]]]}},{"type":"Feature","id":"CTAMAP-2006-COUNTY-2541","properties":{"map_level":"county","source_name":"枣强县","source_code":"131121","county_type":"县","prefecture_name":"衡水市","prefecture_code":"131100","prefecture_type":"地级市","parent_entity_id":"CNUR-000013","parent_year_end_name":"衡水市","province_name":"河北省","province_code":"130000","snapshot_year":2006,"panel_year":2005,"link_status":"parent_linked","former_name":"","note":""},"geometry":{"type":"Polygon","coordinates":[[[115.97111,37.63905],[115.96747,37.62787],[115.95422,37.62546],[115.94768,37.61427],[115.93353,37.61466],[115.9234,37.59815],[115.90608,37.59084],[115.91475,37.57859],[115.90241,37.58235],[115.91183,37.55649],[115.90348,37.54411],[115.91856,37.5219],[115.91215,37.50661],[115.92147,37.49136],[115.89289,37.49325],[115.87662,37.41489],[115.84402,37.38127],[115.78506,37.3468],[115.77433,37.2934],[115.78446,37.26627],[115.75406,37.21853],[115.74458,37.2138],[115.72396,37.22155],[115.71038,37.2347],[115.70952,37.25804],[115.69211,37.25623],[115.68221,37.26495],[115.67527,37.25379],[115.66332,37.25493],[115.67136,37.2652],[115.66232,37.2704],[115.6641,37.28069],[115.61934,37.27331],[115.6137,37.28115],[115.62538,37.28864],[115.62394,37.29987],[115.58209,37.30711],[115.59376,37.32368],[115.60453,37.32456],[115.60424,37.33249],[115.63381,37.33992],[115.64271,37.354],[115.60988,37.37499],[115.57424,37.36793],[115.5804,37.38069],[115.56859,37.39665],[115.56714,37.41408],[115.57358,37.42344],[115.55995,37.42791],[115.56307,37.43825],[115.55084,37.44922],[115.5767,37.47375],[115.5857,37.47079],[115.59541,37.49413],[115.63544,37.49359],[115.61979,37.52827],[115.65298,37.54352],[115.65596,37.56037],[115.68028,37.57335],[115.68455,37.58814],[115.67465,37.59443],[115.741,37.62546],[115.78278,37.626],[115.79117,37.63646],[115.81824,37.6292],[115.82345,37.63906],[115.8137,37.65541],[115.83773,37.65653],[115.84266,37.64859],[115.86958,37.64261],[115.87177,37.63356],[115.89305,37.6359],[115.90859,37.62602],[115.94595,37.63259],[115.95693,37.64479],[115.97111,37.63905]]]}},{"type":"Feature","id":"CTAMAP-2006-COUNTY-2557","properties":{"map_level":"county","source_name":"张北县","source_code":"130722","county_type":"县","prefecture_name":"张家口市","prefecture_code":"130700","prefecture_type":"地级市","parent_entity_id":"CNUR-000009","parent_year_end_name":"张家口市","province_name":"河北省","province_code":"130000","snapshot_year":2006,"panel_year":2005,"link_status":"parent_linked","former_name":"","note":""},"geometry":{"type":"Polygon","coordinates":[[[114.83973,41.51588],[114.87524,41.51615],[114.87749,41.49316],[114.92347,41.49947],[114.94064,41.48588],[114.96945,41.49528],[114.93223,41.50729],[114.92378,41.51607],[114.92786,41.52643],[114.95201,41.52991],[114.95565,41.51649],[114.96998,41.50997],[114.9912,41.52669],[114.99928,41.52576],[114.99763,41.5172],[115.03444,41.52805],[115.08426,41.50621],[115.15164,41.5001],[115.17325,41.51552],[115.18692,41.51477],[115.21118,41.49825],[115.26961,41.48637],[115.28092,41.46648],[115.30401,41.45702],[115.32037,41.42473],[115.34311,41.42691],[115.38418,41.4089],[115.41351,41.37185],[115.43753,41.35892],[115.44497,41.32488],[115.45838,41.3143],[115.45148,41.28743],[115.44442,41.28578],[115.4529,41.27016],[115.43572,41.25823],[115.43856,41.24422],[115.41504,41.24239],[115.40863,41.23269],[115.37941,41.24405],[115.34427,41.2231],[115.33441,41.22783],[115.33417,41.24493],[115.32069,41.2537],[115.276,41.24203],[115.225,41.24687],[115.19351,41.2405],[115.18926,41.23013],[115.16971,41.23229],[115.14574,41.2488],[115.14742,41.25736],[115.13116,41.26294],[115.11516,41.2447],[115.06788,41.24825],[115.02573,41.20681],[115.03156,41.19736],[115.05098,41.20011],[115.06471,41.18527],[115.03294,41.1416],[114.99537,41.13013],[114.96929,41.09708],[114.96489,41.06762],[114.94151,41.03728],[114.91134,41.05011],[114.89712,41.03866],[114.81623,41.04081],[114.79218,41.02651],[114.79727,40.99472],[114.83613,40.97827],[114.83127,40.967],[114.80041,40.96338],[114.79854,40.98145],[114.76454,41.00627],[114.66565,41.02037],[114.58398,40.99361],[114.52703,40.99715],[114.51962,40.98009],[114.47802,40.95383],[114.44147,40.9496],[114.42878,40.96902],[114.39852,40.98474],[114.39225,40.99851],[114.35867,40.99944],[114.34888,41.02742],[114.35144,41.07878],[114.3426,41.08496],[114.35229,41.08968],[114.36585,41.08263],[114.36391,41.0981],[114.34814,41.11838],[114.36832,41.12822],[114.36857,41.13935],[114.34019,41.16459],[114.30599,41.17562],[114.27334,41.22727],[114.27226,41.24651],[114.30851,41.29326],[114.30041,41.32246],[114.29113,41.33792],[114.25354,41.35216],[114.24471,41.37346],[114.21953,41.38404],[114.22073,41.4208],[114.2045,41.43137],[114.21741,41.44402],[114.1935,41.45639],[114.18648,41.44953],[114.1761,41.45497],[114.17779,41.46476],[114.19819,41.46871],[114.18879,41.49151],[114.20722,41.50952],[114.24727,41.50941],[114.24834,41.52855],[114.26663,41.52527],[114.31881,41.53655],[114.33754,41.56245],[114.36184,41.5739],[114.47334,41.48579],[114.52097,41.42322],[114.55484,41.44217],[114.63484,41.451],[114.6357,41.46131],[114.66628,41.46968],[114.7083,41.47013],[114.7315,41.46252],[114.81494,41.47878],[114.83973,41.51588]]]}},{"type":"Feature","id":"CTAMAP-2006-COUNTY-2598","properties":{"map_level":"county","source_name":"赵县","source_code":"130133","county_type":"县","prefecture_name":"石家庄市","prefecture_code":"130100","prefecture_type":"地级市","parent_entity_id":"CNUR-000003","parent_year_end_name":"石家庄市","province_name":"河北省","province_code":"130000","snapshot_year":2006,"panel_year":2005,"link_status":"parent_linked","former_name":"","note":""},"geometry":{"type":"Polygon","coordinates":[[[114.97996,37.87912],[114.99673,37.87609],[114.99617,37.85178],[115.01555,37.84503],[115.01336,37.82429],[115.02305,37.82036],[115.02714,37.80293],[115.04918,37.79899],[115.06626,37.78522],[115.06076,37.74247],[115.03521,37.73571],[115.00136,37.75369],[115.00618,37.74133],[114.99837,37.73557],[114.97789,37.74128],[114.95481,37.71956],[114.93308,37.7213],[114.92755,37.73227],[114.89795,37.72605],[114.89034,37.71194],[114.87571,37.71562],[114.86546,37.70164],[114.84221,37.69621],[114.83619,37.67635],[114.80283,37.65925],[114.79134,37.62734],[114.77533,37.63011],[114.76138,37.61912],[114.72817,37.62121],[114.71915,37.63611],[114.69391,37.63334],[114.6904,37.63868],[114.70289,37.64276],[114.70293,37.6522],[114.68523,37.63626],[114.65831,37.6573],[114.64694,37.65456],[114.6445,37.67002],[114.63041,37.67547],[114.64291,37.71733],[114.61847,37.73028],[114.62279,37.74482],[114.60343,37.76125],[114.61179,37.7632],[114.60326,37.7673],[114.60665,37.77379],[114.63455,37.76958],[114.62447,37.78436],[114.62686,37.80168],[114.64495,37.80345],[114.65969,37.79327],[114.67278,37.80521],[114.70924,37.81172],[114.71373,37.82253],[114.76066,37.8357],[114.76113,37.8423],[114.74709,37.84222],[114.74563,37.85814],[114.78693,37.8741],[114.79371,37.88868],[114.81867,37.87164],[114.8416,37.88282],[114.88969,37.87054],[114.9001,37.85341],[114.9781,37.85779],[114.97996,37.87912]]]}},{"type":"Feature","id":"CTAMAP-2006-COUNTY-2622","properties":{"map_level":"county","source_name":"正定县","source_code":"130123","county_type":"县","prefecture_name":"石家庄市","prefecture_code":"130100","prefecture_type":"地级市","parent_entity_id":"CNUR-000003","parent_year_end_name":"石家庄市","province_name":"河北省","province_code":"130000","snapshot_year":2006,"panel_year":2005,"link_status":"parent_linked","former_name":"","note":""},"geometry":{"type":"MultiPolygon","coordinates":[[[[114.69812,38.29852],[114.69811,38.28247],[114.71311,38.28941],[114.72273,38.27887],[114.71287,38.27285],[114.71289,38.25528],[114.68892,38.24545],[114.69484,38.23394],[114.68014,38.22868],[114.6744,38.14328],[114.66168,38.13824],[114.65738,38.10253],[114.49523,38.12877],[114.49214,38.14116],[114.46825,38.14522],[114.42787,38.17613],[114.40582,38.20181],[114.3859,38.24603],[114.43354,38.25204],[114.43566,38.26442],[114.44442,38.26685],[114.44497,38.28785],[114.45422,38.29058],[114.44593,38.32509],[114.4667,38.33427],[114.48,38.35478],[114.50133,38.34646],[114.5143,38.35717],[114.52149,38.34463],[114.53846,38.34437],[114.53691,38.32922],[114.52501,38.31761],[114.54071,38.3026],[114.56583,38.30797],[114.57381,38.28042],[114.59113,38.27825],[114.59286,38.27108],[114.60407,38.28343],[114.63232,38.28102],[114.6424,38.3005],[114.63111,38.31403],[114.64102,38.32046],[114.6793,38.2931],[114.69812,38.29852]]],[[[114.57612,38.32937],[114.57556,38.3082],[114.55812,38.31293],[114.56006,38.34018],[114.57612,38.32937]]]]}},{"type":"Feature","id":"CTAMAP-2006-COUNTY-2661","properties":{"map_level":"county","source_name":"涿鹿县","source_code":"130731","county_type":"县","prefecture_name":"张家口市","prefecture_code":"130700","prefecture_type":"地级市","parent_entity_id":"CNUR-000009","parent_year_end_name":"张家口市","province_name":"河北省","province_code":"130000","snapshot_year":2006,"panel_year":2005,"link_status":"parent_linked","former_name":"","note":""},"geometry":{"type":"Polygon","coordinates":[[[115.28443,40.44956],[115.30297,40.41508],[115.32521,40.39374],[115.43258,40.35889],[115.41851,40.35019],[115.42326,40.33428],[115.46711,40.34334],[115.49216,40.33502],[115.48588,40.31585],[115.46761,40.31149],[115.45518,40.29629],[115.4585,40.28244],[115.43967,40.25423],[115.44326,40.23919],[115.47266,40.20931],[115.46424,40.18564],[115.47881,40.14031],[115.49938,40.1114],[115.50402,40.06139],[115.47191,40.03467],[115.44828,40.0286],[115.43563,40.00951],[115.44223,39.99688],[115.4201,39.97797],[115.4197,39.94904],[115.40265,39.91398],[115.38848,39.90191],[115.39495,39.88764],[115.35694,39.88474],[115.35604,39.85899],[115.33788,39.8407],[115.33873,39.82015],[115.32253,39.80465],[115.3362,39.78919],[115.30662,39.7823],[115.27719,39.74416],[115.23825,39.73467],[115.20999,39.70709],[115.17503,39.7019],[115.17522,39.68092],[115.16318,39.67169],[115.13322,39.68727],[115.11709,39.68625],[115.09287,39.70448],[115.04896,39.70136],[115.04535,39.70734],[115.03229,39.70285],[115.02121,39.68658],[114.99026,39.73206],[115.01068,39.75464],[114.99189,39.75967],[115.01954,39.76926],[115.02748,39.7983],[115.01067,39.81024],[115.01266,39.84511],[115.00432,39.85605],[115.01013,39.86742],[115.0312,39.87422],[115.01955,39.90935],[115.03995,39.94043],[115.064,39.95207],[115.05612,39.96163],[115.05849,39.98173],[115.00571,40.08268],[115.00146,40.12192],[115.01162,40.13883],[114.97038,40.16048],[114.95838,40.21161],[114.92242,40.25271],[114.96191,40.26696],[114.95583,40.27441],[114.98186,40.3059],[114.97307,40.31575],[114.94941,40.3107],[114.94541,40.33895],[114.96131,40.35699],[115.01696,40.35077],[115.03681,40.35691],[115.03702,40.37947],[115.06671,40.39789],[115.08985,40.37473],[115.09708,40.37732],[115.11291,40.41015],[115.1045,40.42049],[115.12808,40.42756],[115.12591,40.44729],[115.15342,40.45294],[115.15254,40.46694],[115.19102,40.48834],[115.21681,40.48971],[115.2008,40.47112],[115.21014,40.46838],[115.21546,40.45211],[115.23255,40.44727],[115.23369,40.43912],[115.24708,40.44128],[115.252,40.45068],[115.28443,40.44956]]]}},{"type":"Feature","id":"CTAMAP-2006-COUNTY-2662","properties":{"map_level":"county","source_name":"涿州市","source_code":"130681","county_type":"县级市","prefecture_name":"保定市","prefecture_code":"130600","prefecture_type":"地级市","parent_entity_id":"CNUR-000008","parent_year_end_name":"保定市","province_name":"河北省","province_code":"130000","snapshot_year":2006,"panel_year":2005,"link_status":"parent_linked","former_name":"","note":""},"geometry":{"type":"Polygon","coordinates":[[[116.21532,39.57734],[116.22142,39.56462],[116.24004,39.55625],[116.24013,39.51643],[116.21654,39.50143],[116.21494,39.51046],[116.20095,39.50986],[116.19797,39.50183],[116.1764,39.4953],[116.16522,39.47732],[116.14506,39.4697],[116.12887,39.43575],[116.13434,39.42988],[116.12669,39.42971],[116.12293,39.38933],[116.11183,39.37732],[116.10719,39.3509],[116.09786,39.35234],[116.09833,39.34673],[116.05064,39.36404],[116.04454,39.37373],[116.02545,39.34882],[115.98957,39.36721],[115.95833,39.36157],[115.93543,39.37272],[115.87448,39.38177],[115.86618,39.38246],[115.86399,39.37038],[115.83343,39.38637],[115.79056,39.37585],[115.79136,39.38492],[115.80455,39.38865],[115.79083,39.40563],[115.79337,39.41454],[115.77776,39.41541],[115.7489,39.46169],[115.73719,39.46594],[115.74738,39.48411],[115.75256,39.48191],[115.75136,39.4909],[115.77032,39.48984],[115.76124,39.51473],[115.82264,39.50599],[115.81304,39.52948],[115.82265,39.54024],[115.84003,39.54225],[115.84952,39.55396],[115.86041,39.5455],[115.87705,39.54713],[115.88716,39.55524],[115.88454,39.56762],[115.90198,39.5659],[115.90975,39.58207],[115.90092,39.58903],[115.90445,39.59972],[115.92433,39.59238],[115.95162,39.55989],[115.97217,39.57175],[115.9721,39.59315],[115.98544,39.59246],[115.98916,39.57593],[116.02008,39.58618],[116.01859,39.57445],[116.0292,39.57037],[116.09511,39.57865],[116.09998,39.56954],[116.11438,39.57347],[116.13046,39.56718],[116.14901,39.58235],[116.17851,39.58965],[116.198,39.58758],[116.20224,39.57643],[116.21532,39.57734]]]}},{"type":"Feature","id":"CTAMAP-2006-COUNTY-2681","properties":{"map_level":"county","source_name":"遵化市","source_code":"130281","county_type":"县级市","prefecture_name":"唐山市","prefecture_code":"130200","prefecture_type":"地级市","parent_entity_id":"CNUR-000004","parent_year_end_name":"唐山市","province_name":"河北省","province_code":"130000","snapshot_year":2006,"panel_year":2005,"link_status":"parent_linked","former_name":"","note":""},"geometry":{"type":"Polygon","coordinates":[[[118.11466,40.35299],[118.13164,40.3391],[118.1364,40.32358],[118.14987,40.32046],[118.12982,40.30065],[118.15978,40.27245],[118.15006,40.24079],[118.19203,40.21128],[118.19126,40.19745],[118.18553,40.20036],[118.18267,40.19279],[118.18793,40.1838],[118.17228,40.18267],[118.16087,40.17217],[118.18418,40.14775],[118.20133,40.14583],[118.22549,40.10975],[118.20787,40.0969],[118.22043,40.05959],[118.2054,40.05873],[118.18123,40.02379],[118.16207,40.02244],[118.14525,40.00994],[118.14214,39.99127],[118.12469,39.98866],[118.13004,39.98127],[118.12398,39.96874],[118.10589,39.9803],[118.08307,39.95964],[118.07185,39.95952],[118.06014,39.97258],[118.04784,39.9716],[118.04458,39.94091],[118.01604,39.92719],[117.95341,39.92634],[117.93375,39.91427],[117.91959,39.92259],[117.91775,39.94174],[117.90294,39.95746],[117.85868,39.98457],[117.83608,39.97409],[117.82472,39.98555],[117.80751,39.98803],[117.79964,39.97336],[117.78687,39.97505],[117.77562,39.96496],[117.79012,39.99539],[117.78564,40.01434],[117.77604,40.02226],[117.75511,40.01936],[117.74776,40.01029],[117.73676,40.0165],[117.7417,40.04643],[117.75246,40.04291],[117.76965,40.05793],[117.74796,40.06728],[117.74541,40.08064],[117.70496,40.08144],[117.7012,40.09286],[117.68457,40.093],[117.68189,40.08166],[117.67153,40.08094],[117.66196,40.09873],[117.64319,40.09005],[117.63915,40.09589],[117.64979,40.10807],[117.64393,40.12703],[117.62957,40.13112],[117.6243,40.14672],[117.59498,40.17015],[117.58231,40.16737],[117.57014,40.1775],[117.57145,40.19291],[117.59052,40.19014],[117.61075,40.20674],[117.63854,40.20284],[117.6475,40.21747],[117.65901,40.21627],[117.66112,40.22621],[117.65002,40.23379],[117.65658,40.23935],[117.66367,40.23873],[117.66294,40.22694],[117.66741,40.22581],[117.67137,40.23529],[117.67635,40.22969],[117.68364,40.23715],[117.7267,40.2391],[117.74412,40.22659],[117.75891,40.24243],[117.80235,40.26036],[117.82242,40.25892],[117.82494,40.26743],[117.84479,40.26104],[117.88082,40.27209],[117.89411,40.26745],[117.9043,40.28564],[117.9563,40.28773],[117.97306,40.29897],[117.99772,40.29176],[118.05835,40.31859],[118.06938,40.34951],[118.08281,40.35336],[118.08364,40.36107],[118.11466,40.35299]]]}},{"type":"Feature","id":"CTAMAP-2006-COUNTY-2705","properties":{"map_level":"county","source_name":"桥西区","source_code":"130503","county_type":"市辖区","prefecture_name":"邢台市","prefecture_code":"130500","prefecture_type":"地级市","parent_entity_id":"CNUR-000007","parent_year_end_name":"邢台市","province_name":"河北省","province_code":"130000","snapshot_year":2006,"panel_year":2005,"link_status":"parent_linked","former_name":"","note":""},"geometry":{"type":"Polygon","coordinates":[[[114.49293,37.09665],[114.48167,37.04751],[114.49747,37.01176],[114.4875,37.00868],[114.48577,36.9982],[114.50005,36.99377],[114.50298,36.95688],[114.44858,36.95707],[114.44622,36.93968],[114.41352,36.94859],[114.40825,36.96141],[114.38955,36.96735],[114.40416,36.98076],[114.39519,36.99853],[114.42885,37.03073],[114.42348,37.05973],[114.40796,37.0681],[114.43219,37.0836],[114.4197,37.08885],[114.41709,37.09916],[114.3932,37.10591],[114.39244,37.11609],[114.41716,37.12652],[114.43346,37.11104],[114.47292,37.1163],[114.47801,37.12303],[114.48365,37.09757],[114.49293,37.09665]]]}},{"type":"Feature","id":"CTAMAP-2006-COUNTY-2706","properties":{"map_level":"county","source_name":"桥西区","source_code":"130703","county_type":"市辖区","prefecture_name":"张家口市","prefecture_code":"130700","prefecture_type":"地级市","parent_entity_id":"CNUR-000009","parent_year_end_name":"张家口市","province_name":"河北省","province_code":"130000","snapshot_year":2006,"panel_year":2005,"link_status":"parent_linked","former_name":"","note":""},"geometry":{"type":"Polygon","coordinates":[[[114.84305,40.73444],[114.82486,40.67946],[114.78847,40.70067],[114.79004,40.71394],[114.80031,40.71582],[114.7996,40.73314],[114.79048,40.74149],[114.82449,40.76103],[114.81479,40.77773],[114.82766,40.78191],[114.83557,40.80168],[114.82058,40.83499],[114.79905,40.85436],[114.81129,40.862],[114.7826,40.89167],[114.79308,40.91498],[114.79256,40.93986],[114.78394,40.93886],[114.78495,40.94887],[114.80041,40.96338],[114.83651,40.91494],[114.86989,40.90741],[114.87505,40.88368],[114.92761,40.85299],[114.9242,40.83197],[114.89137,40.84497],[114.87486,40.81146],[114.86678,40.76765],[114.84305,40.73444]]]}},{"type":"Feature","id":"CTAMAP-2006-COUNTY-2707","properties":{"map_level":"county","source_name":"桥西区","source_code":"130104","county_type":"市辖区","prefecture_name":"石家庄市","prefecture_code":"130100","prefecture_type":"地级市","parent_entity_id":"CNUR-000003","parent_year_end_name":"石家庄市","province_name":"河北省","province_code":"130000","snapshot_year":2006,"panel_year":2005,"link_status":"parent_linked","former_name":"","note":""},"geometry":{"type":"Polygon","coordinates":[[[114.48643,38.04271],[114.46254,37.97162],[114.45189,37.97606],[114.45415,37.98997],[114.42258,37.99427],[114.42164,38.01068],[114.39147,38.02224],[114.39137,38.03757],[114.37981,38.04208],[114.37889,38.06139],[114.36812,38.07229],[114.4303,38.06225],[114.42969,38.04838],[114.48643,38.04271]]]}},{"type":"Feature","id":"CTAMAP-2006-COUNTY-2731","properties":{"map_level":"county","source_name":"新华区","source_code":"130105","county_type":"市辖区","prefecture_name":"石家庄市","prefecture_code":"130100","prefecture_type":"地级市","parent_entity_id":"CNUR-000003","parent_year_end_name":"石家庄市","province_name":"河北省","province_code":"130000","snapshot_year":2006,"panel_year":2005,"link_status":"parent_linked","former_name":"","note":""},"geometry":{"type":"Polygon","coordinates":[[[114.49523,38.12877],[114.47699,38.11458],[114.48278,38.10845],[114.47711,38.10224],[114.4891,38.1039],[114.48729,38.08196],[114.4953,38.08093],[114.48532,38.04269],[114.42969,38.04838],[114.4303,38.06225],[114.36812,38.07229],[114.36902,38.08541],[114.3773,38.08974],[114.37323,38.10525],[114.39072,38.10244],[114.41287,38.11182],[114.40347,38.11662],[114.40369,38.12858],[114.43944,38.16735],[114.47553,38.1414],[114.49214,38.14116],[114.49523,38.12877]]]}},{"type":"Feature","id":"CTAMAP-2006-COUNTY-2732","properties":{"map_level":"county","source_name":"新华区","source_code":"130902","county_type":"市辖区","prefecture_name":"沧州市","prefecture_code":"130900","prefecture_type":"地级市","parent_entity_id":"CNUR-000011","parent_year_end_name":"沧州市","province_name":"河北省","province_code":"130000","snapshot_year":2006,"panel_year":2005,"link_status":"parent_linked","former_name":"","note":""},"geometry":{"type":"Polygon","coordinates":[[[116.85515,38.27404],[116.85108,38.28212],[116.8582,38.28218],[116.85658,38.31088],[116.86826,38.35138],[116.88182,38.3498],[116.89101,38.36694],[116.92515,38.36257],[116.92855,38.34772],[116.95502,38.3408],[116.93859,38.31099],[116.94196,38.28306],[116.92364,38.26852],[116.90193,38.26876],[116.90954,38.2653],[116.9096,38.25419],[116.87826,38.24857],[116.88041,38.25677],[116.86672,38.25789],[116.874,38.27337],[116.86172,38.28119],[116.85515,38.27404]]]}},{"type":"Feature","id":"CTAMAP-2006-COUNTY-2742","properties":{"map_level":"county","source_name":"长安区","source_code":"130102","county_type":"市辖区","prefecture_name":"石家庄市","prefecture_code":"130100","prefecture_type":"地级市","parent_entity_id":"CNUR-000003","parent_year_end_name":"石家庄市","province_name":"河北省","province_code":"130000","snapshot_year":2006,"panel_year":2005,"link_status":"parent_linked","former_name":"","note":""},"geometry":{"type":"Polygon","coordinates":[[[114.50589,38.03495],[114.50873,38.07906],[114.53102,38.07642],[114.51705,38.09365],[114.52092,38.11729],[114.53295,38.12729],[114.60002,38.10782],[114.62739,38.1104],[114.65738,38.10253],[114.65837,38.11298],[114.67297,38.11095],[114.68788,38.10675],[114.68788,38.09657],[114.70146,38.09092],[114.68951,38.06274],[114.6758,38.05862],[114.67129,38.04061],[114.58536,38.05809],[114.57967,38.03649],[114.50589,38.03495]]]}},{"type":"Feature","id":"CTAMAP-2006-COUNTY-2752","properties":{"map_level":"county","source_name":"桥东区","source_code":"130502","county_type":"市辖区","prefecture_name":"邢台市","prefecture_code":"130500","prefecture_type":"地级市","parent_entity_id":"CNUR-000007","parent_year_end_name":"邢台市","province_name":"河北省","province_code":"130000","snapshot_year":2006,"panel_year":2005,"link_status":"parent_linked","former_name":"","note":""},"geometry":{"type":"Polygon","coordinates":[[[114.61398,37.03094],[114.59638,37.0136],[114.59821,37.00026],[114.58543,36.98547],[114.60957,36.99671],[114.61703,36.9864],[114.62562,36.98736],[114.59964,36.96986],[114.6002,36.95716],[114.60985,36.95394],[114.62664,36.96553],[114.63886,36.95043],[114.6292,36.93701],[114.59009,36.93686],[114.56383,36.90129],[114.54744,36.90266],[114.53543,36.91669],[114.49135,36.91427],[114.49614,36.92713],[114.49084,36.93333],[114.46327,36.94231],[114.48708,36.95637],[114.50298,36.95688],[114.50005,36.99377],[114.48577,36.9982],[114.4875,37.00868],[114.49747,37.01176],[114.48167,37.04751],[114.49443,37.10265],[114.50227,37.10452],[114.50396,37.08988],[114.51594,37.09545],[114.52227,37.09513],[114.52174,37.08587],[114.53749,37.0887],[114.53802,37.07352],[114.54694,37.06972],[114.53865,37.05026],[114.51711,37.03902],[114.52089,37.02498],[114.60234,37.03573],[114.61398,37.03094]]]}},{"type":"Feature","id":"CTAMAP-2006-COUNTY-2805","properties":{"map_level":"county","source_name":"宣化区","source_code":"130705","county_type":"市辖区","prefecture_name":"张家口市","prefecture_code":"130700","prefecture_type":"地级市","parent_entity_id":"CNUR-000009","parent_year_end_name":"张家口市","province_name":"河北省","province_code":"130000","snapshot_year":2006,"panel_year":2005,"link_status":"parent_linked","former_name":"","note":""},"geometry":{"type":"Polygon","coordinates":[[[115.08391,40.67495],[115.10536,40.65328],[115.10567,40.64342],[115.11956,40.64372],[115.12389,40.63335],[115.15091,40.64366],[115.14109,40.63155],[115.14229,40.57545],[115.11935,40.58289],[115.12198,40.57733],[115.11497,40.57558],[115.12507,40.56106],[115.10425,40.54527],[115.05663,40.57971],[114.92489,40.64467],[114.93633,40.64934],[114.92276,40.66654],[114.9588,40.67123],[114.96614,40.68686],[114.99899,40.67757],[115.01006,40.66262],[115.05776,40.68336],[115.08391,40.67495]]]}},{"type":"Feature","id":"CTAMAP-2006-COUNTY-2810","properties":{"map_level":"county","source_name":"北市区","source_code":"130603","county_type":"市辖区","prefecture_name":"保定市","prefecture_code":"130600","prefecture_type":"地级市","parent_entity_id":"CNUR-000008","parent_year_end_name":"保定市","province_name":"河北省","province_code":"130000","snapshot_year":2006,"panel_year":2005,"link_status":"parent_linked","former_name":"","note":""},"geometry":{"type":"Polygon","coordinates":[[[115.47517,38.8543],[115.48545,38.87926],[115.47681,38.92222],[115.48036,38.95618],[115.51855,38.93231],[115.5375,38.93697],[115.56507,38.93061],[115.58728,38.91097],[115.58431,38.8849],[115.5978,38.874],[115.59671,38.86133],[115.5848,38.86871],[115.56881,38.85195],[115.48399,38.86169],[115.47517,38.8543]]]}},{"type":"Feature","id":"CTAMAP-2006-COUNTY-2811","properties":{"map_level":"county","source_name":"海港区","source_code":"130302","county_type":"市辖区","prefecture_name":"秦皇岛市","prefecture_code":"130300","prefecture_type":"地级市","parent_entity_id":"CNUR-000005","parent_year_end_name":"秦皇岛市","province_name":"河北省","province_code":"130000","snapshot_year":2006,"panel_year":2005,"link_status":"parent_linked","former_name":"","note":""},"geometry":{"type":"Polygon","coordinates":[[[119.46884,39.97667],[119.48734,39.99035],[119.51163,39.98818],[119.5184,39.99612],[119.54165,39.99025],[119.55828,39.99856],[119.58386,40.03778],[119.58361,40.04732],[119.57679,40.04291],[119.56429,40.04402],[119.58684,40.06559],[119.60081,40.06578],[119.60635,40.05448],[119.62936,40.06642],[119.63929,40.05822],[119.66519,40.06447],[119.66657,40.07582],[119.67121,40.05099],[119.64035,40.0435],[119.64214,40.02979],[119.62465,40.03731],[119.62983,40.02234],[119.61618,40.00004],[119.67898,39.99489],[119.67661,39.98245],[119.69319,39.96682],[119.70758,39.97083],[119.71287,39.94297],[119.7104,39.93531],[119.69193,39.93652],[119.69076,39.92508],[119.67936,39.92506],[119.67032,39.93625],[119.63388,39.92679],[119.61165,39.90858],[119.58138,39.90992],[119.58254,39.89936],[119.56098,39.90576],[119.51765,39.88389],[119.49359,39.85961],[119.48171,39.86069],[119.48633,39.86683],[119.4782,39.86507],[119.46272,39.87869],[119.46749,39.90248],[119.45045,39.90978],[119.47844,39.93292],[119.48206,39.95873],[119.46762,39.96436],[119.46884,39.97667]]]}},{"type":"Feature","id":"CTAMAP-2006-COUNTY-2812","properties":{"map_level":"county","source_name":"北戴河区","source_code":"130304","county_type":"市辖区","prefecture_name":"秦皇岛市","prefecture_code":"130300","prefecture_type":"地级市","parent_entity_id":"CNUR-000005","parent_year_end_name":"秦皇岛市","province_name":"河北省","province_code":"130000","snapshot_year":2006,"panel_year":2005,"link_status":"parent_linked","former_name":"","note":""},"geometry":{"type":"Polygon","coordinates":[[[119.44524,39.80061],[119.40493,39.80974],[119.4111,39.81752],[119.40367,39.82157],[119.40637,39.83288],[119.41562,39.83914],[119.40842,39.84449],[119.4123,39.85816],[119.40224,39.86012],[119.40305,39.87449],[119.44199,39.86547],[119.46561,39.88624],[119.46391,39.87676],[119.48633,39.86683],[119.48171,39.86069],[119.49359,39.85961],[119.51765,39.88389],[119.53172,39.88575],[119.51329,39.8387],[119.53039,39.83107],[119.53077,39.80975],[119.50061,39.81623],[119.44524,39.80061]]]}},{"type":"Feature","id":"CTAMAP-2006-COUNTY-2822","properties":{"map_level":"county","source_name":"丛台区","source_code":"130403","county_type":"市辖区","prefecture_name":"邯郸市","prefecture_code":"130400","prefecture_type":"地级市","parent_entity_id":"CNUR-000006","parent_year_end_name":"邯郸市","province_name":"河北省","province_code":"130000","snapshot_year":2006,"panel_year":2005,"link_status":"parent_linked","former_name":"","note":""},"geometry":{"type":"Polygon","coordinates":[[[114.37204,36.66311],[114.40374,36.67435],[114.44477,36.67191],[114.44565,36.68407],[114.45988,36.68467],[114.46143,36.70027],[114.47948,36.69925],[114.48113,36.71187],[114.49876,36.7082],[114.50241,36.6949],[114.56303,36.69703],[114.5813,36.68278],[114.57099,36.66042],[114.54708,36.65054],[114.53468,36.65409],[114.53605,36.66276],[114.51882,36.66251],[114.51495,36.61113],[114.52201,36.61077],[114.52121,36.59979],[114.46951,36.6033],[114.47372,36.65206],[114.42861,36.65115],[114.42243,36.63737],[114.37204,36.66311]]]}},{"type":"Feature","id":"CTAMAP-2006-COUNTY-2823","properties":{"map_level":"county","source_name":"邯山区","source_code":"130402","county_type":"市辖区","prefecture_name":"邯郸市","prefecture_code":"130400","prefecture_type":"地级市","parent_entity_id":"CNUR-000006","parent_year_end_name":"邯郸市","province_name":"河北省","province_code":"130000","snapshot_year":2006,"panel_year":2005,"link_status":"parent_linked","former_name":"","note":""},"geometry":{"type":"MultiPolygon","coordinates":[[[[114.53442,36.59887],[114.50836,36.59309],[114.51065,36.58522],[114.53218,36.58004],[114.51006,36.5814],[114.49839,36.56772],[114.49831,36.54616],[114.48693,36.54626],[114.47917,36.53004],[114.44468,36.52706],[114.44209,36.54215],[114.42098,36.54775],[114.4066,36.52776],[114.3566,36.55541],[114.39126,36.59203],[114.40188,36.59018],[114.407,36.57102],[114.45283,36.56822],[114.46951,36.6033],[114.53442,36.59887]]],[[[114.39809,36.48853],[114.44302,36.5008],[114.44048,36.48212],[114.44706,36.4793],[114.43212,36.45872],[114.42289,36.45657],[114.42561,36.46366],[114.40947,36.47538],[114.40574,36.47303],[114.38386,36.46929],[114.39366,36.47337],[114.39809,36.48853]]]]}},{"type":"Feature","id":"CTAMAP-2006-COUNTY-2824","properties":{"map_level":"county","source_name":"邯郸县","source_code":"130421","county_type":"县","prefecture_name":"邯郸市","prefecture_code":"130400","prefecture_type":"地级市","parent_entity_id":"CNUR-000006","parent_year_end_name":"邯郸市","province_name":"河北省","province_code":"130000","snapshot_year":2006,"panel_year":2005,"link_status":"parent_linked","former_name":"","note":""},"geometry":{"type":"MultiPolygon","coordinates":[[[[114.54941,36.72664],[114.56865,36.71203],[114.59077,36.71892],[114.61712,36.69415],[114.61052,36.68267],[114.64329,36.67374],[114.6338,36.66573],[114.63311,36.63065],[114.62122,36.61071],[114.63359,36.60159],[114.64357,36.57481],[114.6175,36.5643],[114.62718,36.56049],[114.62741,36.5449],[114.63775,36.54206],[114.63931,36.53113],[114.61675,36.51271],[114.62839,36.48856],[114.61407,36.47105],[114.60242,36.47024],[114.59358,36.4856],[114.50912,36.4982],[114.51259,36.51003],[114.49873,36.52873],[114.47917,36.53004],[114.48693,36.54626],[114.49831,36.54616],[114.49839,36.56772],[114.51006,36.5814],[114.53218,36.58004],[114.50756,36.58799],[114.51367,36.59824],[114.534,36.59532],[114.51495,36.61113],[114.51882,36.66251],[114.53605,36.66276],[114.53468,36.65409],[114.54553,36.65583],[114.54346,36.6495],[114.57099,36.66042],[114.58113,36.67748],[114.58087,36.68643],[114.56303,36.69703],[114.50241,36.6949],[114.50323,36.70298],[114.49521,36.70373],[114.49571,36.70542],[114.52827,36.72664],[114.54941,36.72664]]],[[[114.338,36.70398],[114.35686,36.69856],[114.38519,36.71179],[114.44071,36.70679],[114.44447,36.72111],[114.47619,36.72045],[114.48113,36.71187],[114.47948,36.69925],[114.46143,36.70027],[114.45988,36.68467],[114.44565,36.68407],[114.44477,36.67191],[114.40374,36.67435],[114.37204,36.66311],[114.33428,36.6683],[114.3165,36.67857],[114.32139,36.71622],[114.33651,36.72144],[114.338,36.70398]]]]}},{"type":"Feature","id":"CTAMAP-2006-COUNTY-2825","properties":{"map_level":"county","source_name":"桥东区","source_code":"130702","county_type":"市辖区","prefecture_name":"张家口市","prefecture_code":"130700","prefecture_type":"地级市","parent_entity_id":"CNUR-000009","parent_year_end_name":"张家口市","province_name":"河北省","province_code":"130000","snapshot_year":2006,"panel_year":2005,"link_status":"parent_linked","former_name":"","note":""},"geometry":{"type":"Polygon","coordinates":[[[114.98209,40.82085],[115.00185,40.8165],[114.99185,40.80446],[114.99672,40.79055],[114.96164,40.78805],[114.96945,40.77931],[114.94374,40.75881],[114.98342,40.72527],[114.96929,40.68724],[114.93065,40.70034],[114.90923,40.72096],[114.90295,40.71555],[114.87799,40.73168],[114.84284,40.73394],[114.86678,40.76765],[114.87486,40.81146],[114.89137,40.84497],[114.96882,40.81325],[114.98209,40.82085]]]}},{"type":"Feature","id":"CTAMAP-2006-COUNTY-2834","properties":{"map_level":"county","source_name":"桥东区","source_code":"130103","county_type":"市辖区","prefecture_name":"石家庄市","prefecture_code":"130100","prefecture_type":"地级市","parent_entity_id":"CNUR-000003","parent_year_end_name":"石家庄市","province_name":"河北省","province_code":"130000","snapshot_year":2006,"panel_year":2005,"link_status":"parent_linked","former_name":"","note":""},"geometry":{"type":"Polygon","coordinates":[[[114.52999,38.12641],[114.51705,38.09365],[114.53102,38.07642],[114.50873,38.07906],[114.50629,38.02019],[114.48613,38.00134],[114.49113,37.97618],[114.46883,37.97585],[114.4953,38.08093],[114.48729,38.08196],[114.4891,38.1039],[114.47711,38.10224],[114.48278,38.10845],[114.47699,38.11458],[114.50133,38.13055],[114.52999,38.12641]]]}}]}