{"type":"FeatureCollection","features":[{"type":"Feature","id":"CTAMAP-2006-COUNTY-0023","properties":{"map_level":"county","source_name":"安化县","source_code":"430923","county_type":"县","prefecture_name":"益阳市","prefecture_code":"430900","prefecture_type":"地级市","parent_entity_id":"CNUR-000190","parent_year_end_name":"益阳市","province_name":"湖南省","province_code":"430000","snapshot_year":2006,"panel_year":2005,"link_status":"parent_linked","former_name":"","note":""},"geometry":{"type":"Polygon","coordinates":[[[111.657,28.62986],[111.67024,28.51845],[111.64551,28.51643],[111.65905,28.48479],[111.63069,28.47363],[111.66552,28.45615],[111.61724,28.45251],[111.60118,28.43288],[111.61013,28.40827],[111.66093,28.40367],[111.64485,28.39022],[111.65415,28.36642],[111.74433,28.37674],[111.80077,28.40899],[111.80772,28.37413],[111.87702,28.39094],[111.89928,28.34757],[111.94145,28.34991],[111.96928,28.32406],[111.9557,28.25833],[111.9804,28.23289],[111.95159,28.19727],[111.93054,28.19334],[111.94042,28.18519],[111.92763,28.13713],[111.8925,28.10361],[111.92236,28.06897],[111.90442,28.05689],[111.90034,28.02564],[111.82254,28.02898],[111.79295,27.99694],[111.76107,28.01443],[111.72414,27.98417],[111.68227,27.9919],[111.67561,28.04615],[111.62967,28.01539],[111.58703,28.03353],[111.58876,28.00743],[111.53556,27.9815],[111.52559,27.99179],[111.57021,28.02892],[111.56022,28.03754],[111.54202,28.02304],[111.54075,28.05222],[111.50941,28.06848],[111.50084,28.05866],[111.51927,28.04321],[111.51962,28.02458],[111.49833,28.05127],[111.48003,28.04597],[111.48438,28.0763],[111.50818,28.08933],[111.47684,28.12433],[111.49136,28.19531],[111.47675,28.20758],[111.44068,28.19017],[111.43757,28.21448],[111.39373,28.1854],[111.35653,28.20374],[111.32882,28.19511],[111.32821,28.22384],[111.30842,28.23864],[111.24272,28.16378],[111.19065,28.16514],[111.14257,28.12437],[111.13977,28.09528],[111.10429,28.06481],[111.11388,28.05127],[111.08396,28.03002],[111.09015,28.00342],[111.06942,27.99649],[111.03182,28.03934],[111.00817,28.03009],[111.01648,28.04436],[110.9667,28.05718],[110.96382,28.07011],[110.93257,28.04592],[110.93499,28.02338],[110.91107,28.01],[110.91915,28.00129],[110.85879,28.01778],[110.88851,28.06554],[110.86926,28.09066],[110.85167,28.0791],[110.81821,28.09076],[110.84011,28.11974],[110.82321,28.14118],[110.85645,28.20682],[110.7992,28.21389],[110.78145,28.23249],[110.80267,28.25548],[110.79483,28.2811],[110.73819,28.27979],[110.71886,28.30554],[110.75099,28.34359],[110.81785,28.36801],[110.82141,28.40211],[110.8861,28.40823],[110.99042,28.4487],[111.02601,28.43489],[111.02632,28.46073],[111.06296,28.45435],[111.14004,28.4762],[111.14753,28.51842],[111.18336,28.52005],[111.20452,28.53815],[111.22503,28.52487],[111.24198,28.53653],[111.32645,28.52253],[111.36788,28.55537],[111.39619,28.54497],[111.39843,28.55588],[111.46303,28.5596],[111.56456,28.64376],[111.6208,28.62115],[111.657,28.62986]]]}},{"type":"Feature","id":"CTAMAP-2006-COUNTY-0032","properties":{"map_level":"county","source_name":"安仁县","source_code":"431028","county_type":"县","prefecture_name":"郴州市","prefecture_code":"431000","prefecture_type":"地级市","parent_entity_id":"CNUR-000191","parent_year_end_name":"郴州市","province_name":"湖南省","province_code":"430000","snapshot_year":2006,"panel_year":2005,"link_status":"parent_linked","former_name":"","note":""},"geometry":{"type":"Polygon","coordinates":[[[113.23344,26.80608],[113.27504,26.83066],[113.26937,26.78459],[113.28894,26.76689],[113.33103,26.81408],[113.37723,26.79845],[113.38745,26.81034],[113.4216,26.77449],[113.39767,26.71144],[113.37516,26.70266],[113.41065,26.64381],[113.39523,26.60596],[113.42216,26.56626],[113.47515,26.56386],[113.50688,26.60442],[113.56075,26.57647],[113.56632,26.52288],[113.58864,26.52552],[113.60181,26.5071],[113.57825,26.46839],[113.60886,26.43004],[113.57436,26.39912],[113.61325,26.30982],[113.60794,26.28689],[113.54613,26.30548],[113.5539,26.33021],[113.50822,26.35458],[113.41049,26.36113],[113.40327,26.3801],[113.41612,26.3949],[113.39292,26.40832],[113.39337,26.42458],[113.36911,26.40934],[113.32128,26.41562],[113.28393,26.44708],[113.25917,26.447],[113.24974,26.48586],[113.15832,26.52726],[113.15382,26.54697],[113.17919,26.59535],[113.17779,26.69218],[113.15296,26.69396],[113.13393,26.72361],[113.11477,26.72649],[113.12677,26.74767],[113.09185,26.7587],[113.08969,26.77781],[113.14525,26.79538],[113.13995,26.83914],[113.19701,26.83298],[113.23344,26.80608]]]}},{"type":"Feature","id":"CTAMAP-2006-COUNTY-0036","properties":{"map_level":"county","source_name":"安乡县","source_code":"430721","county_type":"县","prefecture_name":"常德市","prefecture_code":"430700","prefecture_type":"地级市","parent_entity_id":"CNUR-000188","parent_year_end_name":"常德市","province_name":"湖南省","province_code":"430000","snapshot_year":2006,"panel_year":2005,"link_status":"parent_linked","former_name":"","note":""},"geometry":{"type":"Polygon","coordinates":[[[112.23873,29.66278],[112.22889,29.61731],[112.2975,29.58828],[112.27262,29.5136],[112.29496,29.45],[112.28986,29.41047],[112.2471,29.35487],[112.25768,29.30286],[112.20665,29.29942],[112.22799,29.21362],[112.19126,29.17574],[112.18437,29.12178],[112.12249,29.16847],[112.11376,29.22484],[112.06491,29.28845],[112.05288,29.37898],[111.99713,29.40819],[111.98269,29.44843],[112.05418,29.4627],[112.07448,29.49539],[112.03603,29.52536],[112.05169,29.61408],[112.02395,29.68717],[112.05886,29.77185],[112.07062,29.74536],[112.06143,29.68276],[112.08657,29.68766],[112.10575,29.66068],[112.17241,29.65955],[112.19302,29.61991],[112.23873,29.66278]]]}},{"type":"Feature","id":"CTAMAP-2006-COUNTY-0089","properties":{"map_level":"county","source_name":"保靖县","source_code":"433125","county_type":"县","prefecture_name":"湘西土家族苗族自治州","prefecture_code":"433100","prefecture_type":"自治州","parent_entity_id":"CNUR-000195","parent_year_end_name":"湘西土家族苗族自治州","province_name":"湖南省","province_code":"430000","snapshot_year":2006,"panel_year":2005,"link_status":"parent_linked","former_name":"","note":""},"geometry":{"type":"Polygon","coordinates":[[[109.71541,28.73556],[109.78109,28.72137],[109.74986,28.68307],[109.74987,28.65518],[109.76302,28.64077],[109.79544,28.65512],[109.83648,28.61979],[109.78437,28.51701],[109.80469,28.51872],[109.83032,28.49471],[109.79392,28.44186],[109.73918,28.44068],[109.63892,28.40224],[109.61914,28.40965],[109.64613,28.43474],[109.55728,28.45174],[109.54913,28.47593],[109.57024,28.51729],[109.55298,28.55221],[109.60587,28.57072],[109.61134,28.59081],[109.58689,28.6282],[109.54217,28.62444],[109.48418,28.59483],[109.38534,28.60037],[109.33496,28.55903],[109.32009,28.5617],[109.29515,28.62976],[109.25363,28.60966],[109.22977,28.62452],[109.19737,28.60257],[109.17593,28.62307],[109.26775,28.67397],[109.24973,28.69715],[109.29601,28.74246],[109.25735,28.77701],[109.29186,28.78062],[109.30675,28.79828],[109.36306,28.78445],[109.40347,28.84818],[109.43655,28.86933],[109.47466,28.85213],[109.47756,28.86961],[109.53979,28.83449],[109.58545,28.91493],[109.68168,28.89033],[109.67117,28.86303],[109.70865,28.84628],[109.69982,28.82741],[109.73025,28.80773],[109.73429,28.78126],[109.70326,28.76057],[109.71541,28.73556]]]}},{"type":"Feature","id":"CTAMAP-2006-COUNTY-0098","properties":{"map_level":"county","source_name":"北湖区","source_code":"431002","county_type":"市辖区","prefecture_name":"郴州市","prefecture_code":"431000","prefecture_type":"地级市","parent_entity_id":"CNUR-000191","parent_year_end_name":"郴州市","province_name":"湖南省","province_code":"430000","snapshot_year":2006,"panel_year":2005,"link_status":"parent_linked","former_name":"","note":""},"geometry":{"type":"Polygon","coordinates":[[[112.90674,25.87987],[112.9065,25.81325],[112.93341,25.80819],[112.94124,25.82648],[112.97957,25.84126],[112.97899,25.86796],[112.99758,25.8575],[113.02512,25.87953],[113.01529,25.83679],[113.03461,25.79813],[113.02728,25.77401],[113.04817,25.78049],[113.07977,25.74264],[113.0068,25.72952],[112.98963,25.69266],[113.01551,25.65519],[112.98912,25.65417],[112.97376,25.62673],[112.93176,25.61158],[112.91691,25.5164],[112.93543,25.50913],[112.93588,25.49228],[112.90538,25.48949],[112.85739,25.44065],[112.77629,25.43087],[112.78064,25.49101],[112.71786,25.49664],[112.72572,25.53032],[112.69857,25.5548],[112.75383,25.59801],[112.76483,25.58233],[112.75674,25.54822],[112.80388,25.54385],[112.79112,25.56171],[112.81061,25.56468],[112.82482,25.59207],[112.79591,25.62609],[112.75697,25.62461],[112.75534,25.66135],[112.78462,25.67108],[112.7758,25.65544],[112.79963,25.63368],[112.80855,25.66429],[112.81507,25.64603],[112.82005,25.65841],[112.84563,25.65584],[112.8484,25.67317],[112.82891,25.67499],[112.85623,25.68532],[112.81946,25.72008],[112.78949,25.70547],[112.79347,25.73463],[112.81037,25.7449],[112.80728,25.765],[112.84492,25.76907],[112.82938,25.79781],[112.87527,25.8783],[112.90674,25.87987]]]}},{"type":"Feature","id":"CTAMAP-2006-COUNTY-0103","properties":{"map_level":"county","source_name":"北塔区","source_code":"430511","county_type":"市辖区","prefecture_name":"邵阳市","prefecture_code":"430500","prefecture_type":"地级市","parent_entity_id":"CNUR-000186","parent_year_end_name":"邵阳市","province_name":"湖南省","province_code":"430000","snapshot_year":2006,"panel_year":2005,"link_status":"parent_linked","former_name":"","note":""},"geometry":{"type":"Polygon","coordinates":[[[111.47888,27.29533],[111.48884,27.2642],[111.46142,27.27019],[111.46858,27.24843],[111.41949,27.23789],[111.42151,27.20162],[111.39779,27.21279],[111.37849,27.19722],[111.34873,27.20089],[111.35447,27.25519],[111.372,27.26992],[111.41183,27.27911],[111.42409,27.29993],[111.47888,27.29533]]]}},{"type":"Feature","id":"CTAMAP-2006-COUNTY-0146","properties":{"map_level":"county","source_name":"茶陵县","source_code":"430224","county_type":"县","prefecture_name":"株洲市","prefecture_code":"430200","prefecture_type":"地级市","parent_entity_id":"CNUR-000183","parent_year_end_name":"株洲市","province_name":"湖南省","province_code":"430000","snapshot_year":2006,"panel_year":2005,"link_status":"parent_linked","former_name":"","note":""},"geometry":{"type":"Polygon","coordinates":[[[113.7638,27.12184],[113.77626,27.0889],[113.80025,27.09908],[113.80769,27.0479],[113.83705,27.01922],[113.85641,27.02071],[113.88554,26.9696],[113.92178,26.952],[113.89636,26.92834],[113.88588,26.86532],[113.82942,26.80494],[113.85739,26.70531],[113.86101,26.65183],[113.84532,26.63627],[113.85538,26.61911],[113.79696,26.59385],[113.76141,26.53858],[113.63755,26.52442],[113.6238,26.50821],[113.56632,26.52288],[113.56075,26.57647],[113.52632,26.60069],[113.50688,26.60442],[113.475,26.5638],[113.42216,26.56626],[113.39523,26.60596],[113.41065,26.64381],[113.37516,26.70266],[113.39767,26.71144],[113.42165,26.77435],[113.35811,26.83036],[113.34879,26.85612],[113.3728,26.90027],[113.37106,26.94108],[113.40921,26.94179],[113.43111,26.96333],[113.47154,26.94283],[113.50036,26.95939],[113.50256,26.98226],[113.53795,27.01735],[113.59979,27.03611],[113.69705,27.10226],[113.7638,27.12184]]]}},{"type":"Feature","id":"CTAMAP-2006-COUNTY-0166","properties":{"map_level":"county","source_name":"常宁市","source_code":"430482","county_type":"县级市","prefecture_name":"衡阳市","prefecture_code":"430400","prefecture_type":"地级市","parent_entity_id":"CNUR-000185","parent_year_end_name":"衡阳市","province_name":"湖南省","province_code":"430000","snapshot_year":2006,"panel_year":2005,"link_status":"parent_linked","former_name":"","note":""},"geometry":{"type":"Polygon","coordinates":[[[112.65774,26.58137],[112.63459,26.56248],[112.67235,26.5612],[112.65211,26.4807],[112.66786,26.46545],[112.66117,26.43392],[112.63311,26.40721],[112.63799,26.34628],[112.62248,26.31811],[112.65132,26.29611],[112.63993,26.28295],[112.65002,26.20812],[112.68773,26.14954],[112.68146,26.12685],[112.63634,26.10877],[112.66664,26.13356],[112.62815,26.14543],[112.6199,26.19092],[112.5837,26.22482],[112.56592,26.19927],[112.57461,26.15759],[112.51792,26.14021],[112.50234,26.145],[112.50225,26.16596],[112.48183,26.15312],[112.47479,26.17852],[112.39141,26.18706],[112.37547,26.21251],[112.35176,26.16423],[112.30865,26.16661],[112.29866,26.13595],[112.27892,26.14805],[112.22764,26.12323],[112.21006,26.17219],[112.17627,26.1814],[112.20756,26.31056],[112.17106,26.31244],[112.17476,26.34856],[112.14633,26.35525],[112.13446,26.39261],[112.14733,26.40844],[112.13608,26.44653],[112.16053,26.45851],[112.14336,26.47231],[112.16247,26.48405],[112.15492,26.49962],[112.17061,26.50383],[112.19703,26.4744],[112.26583,26.47083],[112.31533,26.50724],[112.30823,26.56255],[112.3444,26.57126],[112.38273,26.5473],[112.41776,26.59349],[112.43557,26.56127],[112.45946,26.55376],[112.48281,26.55811],[112.49391,26.58605],[112.5302,26.569],[112.57755,26.59876],[112.6185,26.60315],[112.62756,26.58812],[112.6552,26.6051],[112.65774,26.58137]]]}},{"type":"Feature","id":"CTAMAP-2006-COUNTY-0174","properties":{"map_level":"county","source_name":"辰溪县","source_code":"431223","county_type":"县","prefecture_name":"怀化市","prefecture_code":"431200","prefecture_type":"地级市","parent_entity_id":"CNUR-000193","parent_year_end_name":"怀化市","province_name":"湖南省","province_code":"430000","snapshot_year":2006,"panel_year":2005,"link_status":"parent_linked","former_name":"","note":""},"geometry":{"type":"Polygon","coordinates":[[[110.49535,28.09673],[110.45771,28.00376],[110.48142,27.98278],[110.44629,27.91743],[110.42325,27.92059],[110.42017,27.93684],[110.38006,27.90816],[110.3545,27.93013],[110.30936,27.92783],[110.3132,27.8676],[110.2654,27.84565],[110.31969,27.81318],[110.3644,27.82699],[110.37549,27.78766],[110.46035,27.82321],[110.4975,27.78869],[110.50343,27.74508],[110.52884,27.7154],[110.44815,27.58978],[110.34193,27.58881],[110.34697,27.61774],[110.33004,27.64139],[110.33969,27.68548],[110.32333,27.69707],[110.25043,27.68813],[110.18208,27.73001],[110.09793,27.72791],[110.07415,27.7489],[109.94717,27.73248],[109.91736,27.77033],[109.91771,27.83923],[109.92616,27.81494],[110.02713,27.83583],[110.04997,27.88491],[110.08452,27.87811],[110.08114,27.94837],[110.06111,27.96776],[110.09389,27.97786],[110.10325,28.00906],[110.11903,28.01303],[110.134,28.05909],[110.10706,28.09405],[110.16185,28.10495],[110.14531,28.12867],[110.17812,28.13993],[110.16401,28.16199],[110.19573,28.18194],[110.18849,28.20507],[110.23133,28.19996],[110.23974,28.21903],[110.26287,28.216],[110.26029,28.20281],[110.29702,28.20698],[110.31645,28.19077],[110.3167,28.15399],[110.32396,28.18316],[110.35119,28.16989],[110.34561,28.15509],[110.36167,28.14386],[110.34361,28.13571],[110.3427,28.11021],[110.37157,28.09645],[110.42809,28.08034],[110.49535,28.09673]]]}},{"type":"Feature","id":"CTAMAP-2006-COUNTY-0185","properties":{"map_level":"county","source_name":"城步苗族自治县","source_code":"430529","county_type":"自治县","prefecture_name":"邵阳市","prefecture_code":"430500","prefecture_type":"地级市","parent_entity_id":"CNUR-000186","parent_year_end_name":"邵阳市","province_name":"湖南省","province_code":"430000","snapshot_year":2006,"panel_year":2005,"link_status":"parent_linked","former_name":"","note":""},"geometry":{"type":"Polygon","coordinates":[[[110.61713,26.64084],[110.60112,26.53809],[110.57444,26.55144],[110.53564,26.46111],[110.48311,26.42792],[110.50387,26.32559],[110.55896,26.30424],[110.54321,26.27949],[110.54737,26.2345],[110.49673,26.17169],[110.47453,26.18572],[110.37267,26.10102],[110.31862,25.9764],[110.24941,25.97091],[110.2559,25.99494],[110.23582,26.03824],[110.18836,26.07164],[110.1538,26.02077],[110.11948,26.04047],[110.1011,26.02269],[110.08068,26.04535],[110.05807,26.04143],[110.09657,26.13669],[110.09314,26.1727],[110.02583,26.16751],[110.01207,26.18782],[109.98064,26.18593],[109.96371,26.20327],[109.98615,26.23752],[109.98701,26.27226],[110.02347,26.27572],[110.02048,26.31009],[110.04264,26.33841],[110.10615,26.36363],[110.15666,26.34691],[110.15659,26.44921],[110.18162,26.52662],[110.20954,26.53577],[110.2262,26.50433],[110.25518,26.52213],[110.25861,26.46745],[110.29003,26.45942],[110.31628,26.54441],[110.39884,26.63517],[110.40538,26.67504],[110.43004,26.7013],[110.49289,26.67838],[110.50797,26.6318],[110.53628,26.65601],[110.51703,26.65542],[110.54162,26.66283],[110.55715,26.63765],[110.57988,26.64143],[110.58274,26.62088],[110.60316,26.66364],[110.61713,26.64084]]]}},{"type":"Feature","id":"CTAMAP-2006-COUNTY-0216","properties":{"map_level":"county","source_name":"慈利县","source_code":"430821","county_type":"县","prefecture_name":"张家界市","prefecture_code":"430800","prefecture_type":"地级市","parent_entity_id":"CNUR-000189","parent_year_end_name":"张家界市","province_name":"湖南省","province_code":"430000","snapshot_year":2006,"panel_year":2005,"link_status":"parent_linked","former_name":"","note":""},"geometry":{"type":"Polygon","coordinates":[[[111.28846,29.41594],[111.23472,29.35637],[111.24478,29.29666],[111.20913,29.26715],[111.22897,29.23318],[111.20297,29.21323],[111.14464,29.24113],[111.07892,29.20012],[111.04451,29.13852],[111.02868,29.14576],[111.01769,29.12507],[110.97491,29.1145],[110.93652,29.14088],[110.91028,29.11395],[110.88642,29.11581],[110.8751,29.09996],[110.86023,29.11161],[110.84733,29.09655],[110.83803,29.11677],[110.80128,29.1012],[110.77373,29.11485],[110.71722,29.07338],[110.68094,29.06813],[110.61617,29.09898],[110.61834,29.12078],[110.64169,29.13734],[110.61893,29.1617],[110.65657,29.20219],[110.64875,29.21963],[110.63115,29.21593],[110.5704,29.30017],[110.66173,29.32822],[110.69227,29.35748],[110.66629,29.38029],[110.59212,29.37877],[110.56063,29.41805],[110.63139,29.53059],[110.59349,29.55168],[110.63636,29.58496],[110.74725,29.62691],[110.74112,29.64767],[110.76256,29.66294],[110.76085,29.6844],[110.80759,29.68132],[110.85631,29.70066],[110.93153,29.6724],[110.96554,29.68293],[111.02751,29.67152],[111.05023,29.61889],[111.15475,29.59775],[111.24053,29.60709],[111.29758,29.55767],[111.28914,29.5368],[111.30983,29.53647],[111.33461,29.49538],[111.31121,29.46383],[111.31993,29.42989],[111.28846,29.41594]]]}},{"type":"Feature","id":"CTAMAP-2006-COUNTY-0253","properties":{"map_level":"county","source_name":"大祥区","source_code":"430503","county_type":"市辖区","prefecture_name":"邵阳市","prefecture_code":"430500","prefecture_type":"地级市","parent_entity_id":"CNUR-000186","parent_year_end_name":"邵阳市","province_name":"湖南省","province_code":"430000","snapshot_year":2006,"panel_year":2005,"link_status":"parent_linked","former_name":"","note":""},"geometry":{"type":"Polygon","coordinates":[[[111.58782,27.20324],[111.57277,27.15094],[111.58973,27.1255],[111.58342,27.10426],[111.53871,27.09105],[111.52932,27.12868],[111.50519,27.15045],[111.47752,27.14335],[111.48079,27.10255],[111.42276,27.0797],[111.40079,27.09567],[111.41442,27.09743],[111.42324,27.12831],[111.37353,27.18979],[111.394,27.21208],[111.42337,27.20311],[111.42263,27.24022],[111.46334,27.2453],[111.48354,27.1991],[111.58782,27.20324]]]}},{"type":"Feature","id":"CTAMAP-2006-COUNTY-0283","properties":{"map_level":"county","source_name":"道县","source_code":"431124","county_type":"县","prefecture_name":"永州市","prefecture_code":"431100","prefecture_type":"地级市","parent_entity_id":"CNUR-000192","parent_year_end_name":"永州市","province_name":"湖南省","province_code":"430000","snapshot_year":2006,"panel_year":2005,"link_status":"parent_linked","former_name":"","note":""},"geometry":{"type":"Polygon","coordinates":[[[111.45284,25.84915],[111.50118,25.81702],[111.53037,25.82501],[111.54348,25.79111],[111.572,25.79545],[111.56442,25.73626],[111.5837,25.7239],[111.58378,25.69231],[111.60294,25.69987],[111.59626,25.68904],[111.65233,25.64738],[111.67258,25.60695],[111.68926,25.6069],[111.68088,25.62623],[111.70057,25.64492],[111.73218,25.64396],[111.72982,25.62762],[111.74917,25.62228],[111.74742,25.58966],[111.78917,25.6441],[111.82094,25.62373],[111.84269,25.5848],[111.84288,25.54694],[111.81864,25.52478],[111.78302,25.52035],[111.79147,25.49569],[111.75751,25.44991],[111.76554,25.43301],[111.83006,25.45984],[111.84289,25.35953],[111.85871,25.35356],[111.87222,25.30356],[111.89686,25.30481],[111.9207,25.22124],[111.86047,25.17777],[111.8383,25.18371],[111.7946,25.15641],[111.78955,25.17572],[111.71171,25.22451],[111.65571,25.2959],[111.6145,25.30382],[111.62469,25.3153],[111.60982,25.32864],[111.59051,25.30099],[111.53801,25.32263],[111.52479,25.30574],[111.49661,25.30676],[111.46862,25.26491],[111.45871,25.37119],[111.39857,25.40744],[111.36766,25.39428],[111.34907,25.4348],[111.30041,25.47897],[111.32377,25.52206],[111.31654,25.55395],[111.33792,25.60746],[111.30521,25.64828],[111.30371,25.72415],[111.32509,25.74014],[111.39417,25.74532],[111.4073,25.77103],[111.43836,25.7747],[111.41966,25.83182],[111.45284,25.84915]]]}},{"type":"Feature","id":"CTAMAP-2006-COUNTY-0311","properties":{"map_level":"county","source_name":"鼎城区","source_code":"430703","county_type":"市辖区","prefecture_name":"常德市","prefecture_code":"430700","prefecture_type":"地级市","parent_entity_id":"CNUR-000188","parent_year_end_name":"常德市","province_name":"湖南省","province_code":"430000","snapshot_year":2006,"panel_year":2005,"link_status":"parent_linked","former_name":"","note":""},"geometry":{"type":"MultiPolygon","coordinates":[[[[112.17456,29.13144],[112.10429,29.11104],[112.06191,29.123],[112.03044,29.09309],[111.97647,29.10843],[111.97627,29.066],[111.92114,29.01203],[111.93652,28.98427],[111.91781,28.97267],[111.85575,28.98541],[111.85487,29.00444],[111.8408,29.00729],[111.79236,28.99322],[111.77936,29.00945],[111.80525,29.04034],[111.78391,29.05962],[111.84173,29.10235],[111.79992,29.11472],[111.77272,29.1546],[111.77564,29.18126],[111.70801,29.18251],[111.71326,29.20828],[111.74482,29.20297],[111.75054,29.20658],[111.71829,29.20784],[111.71802,29.22371],[111.69432,29.18878],[111.70035,29.16078],[111.65857,29.14042],[111.67182,29.12058],[111.65814,29.06323],[111.60901,29.08622],[111.58797,29.0695],[111.56433,29.07363],[111.57785,29.12485],[111.55736,29.14584],[111.57844,29.18327],[111.56528,29.21207],[111.58651,29.22786],[111.55337,29.24123],[111.54455,29.27016],[111.60813,29.29731],[111.64842,29.27792],[111.74423,29.30066],[111.76164,29.28279],[111.78207,29.31613],[111.82288,29.31119],[111.85494,29.33286],[111.93356,29.31504],[111.95149,29.28144],[111.96117,29.31694],[112.00725,29.33258],[112.04005,29.3926],[112.06034,29.36076],[112.06617,29.28495],[112.11376,29.22484],[112.12249,29.16847],[112.17456,29.13144]]],[[[111.80938,28.95973],[111.81555,28.93237],[111.77536,28.92947],[111.75853,28.87816],[111.84541,28.81727],[111.80703,28.79458],[111.78721,28.75079],[111.73924,28.73053],[111.70733,28.73428],[111.70454,28.70701],[111.73552,28.7062],[111.75091,28.68626],[111.74005,28.65493],[111.71368,28.64947],[111.71431,28.60899],[111.66765,28.59638],[111.657,28.62986],[111.6208,28.62115],[111.5649,28.64381],[111.48983,28.58651],[111.50415,28.63549],[111.48519,28.64247],[111.46673,28.7013],[111.50193,28.74955],[111.47107,28.76094],[111.4527,28.79359],[111.51912,28.80319],[111.52972,28.82612],[111.51071,28.87533],[111.52763,28.94841],[111.58692,28.96898],[111.63562,28.96675],[111.64432,29.01379],[111.675,29.02988],[111.69814,29.01784],[111.70085,28.97659],[111.64982,28.94028],[111.68064,28.89217],[111.75602,28.92456],[111.73667,28.92804],[111.75102,28.96443],[111.80938,28.95973]]]]}},{"type":"Feature","id":"CTAMAP-2006-COUNTY-0326","properties":{"map_level":"county","source_name":"东安县","source_code":"431122","county_type":"县","prefecture_name":"永州市","prefecture_code":"431100","prefecture_type":"地级市","parent_entity_id":"CNUR-000192","parent_year_end_name":"永州市","province_name":"湖南省","province_code":"430000","snapshot_year":2006,"panel_year":2005,"link_status":"parent_linked","former_name":"","note":""},"geometry":{"type":"Polygon","coordinates":[[[111.53876,26.8448],[111.51801,26.76948],[111.45978,26.78395],[111.47719,26.7636],[111.46491,26.72278],[111.49135,26.68928],[111.46409,26.67129],[111.47352,26.65455],[111.5067,26.66509],[111.5426,26.633],[111.50682,26.61311],[111.53575,26.561],[111.56063,26.56977],[111.57393,26.54213],[111.55293,26.48439],[111.51888,26.46819],[111.50614,26.45235],[111.52447,26.4459],[111.48749,26.41977],[111.49223,26.39203],[111.51389,26.38867],[111.53853,26.30275],[111.52525,26.2837],[111.48592,26.30222],[111.482,26.27383],[111.42172,26.24473],[111.39903,26.20409],[111.37959,26.21735],[111.35999,26.19107],[111.31327,26.19019],[111.31748,26.15337],[111.29044,26.16376],[111.28351,26.11893],[111.26481,26.1216],[111.25096,26.14692],[111.26937,26.17307],[111.26427,26.21854],[111.28718,26.22256],[111.28509,26.26598],[111.26279,26.28026],[111.20891,26.26636],[111.20045,26.30919],[111.09416,26.30676],[110.99644,26.34569],[111.02402,26.43236],[111.05146,26.46733],[111.06016,26.536],[111.0756,26.54009],[111.0616,26.54297],[111.06169,26.58337],[111.10184,26.58897],[111.12746,26.62348],[111.12458,26.55326],[111.1612,26.51453],[111.14521,26.50389],[111.15385,26.4881],[111.19146,26.46001],[111.22895,26.48565],[111.25742,26.48312],[111.26269,26.5028],[111.28295,26.4922],[111.28278,26.56542],[111.30278,26.61743],[111.28036,26.66709],[111.29898,26.71113],[111.31998,26.71432],[111.30962,26.80609],[111.32561,26.84111],[111.3571,26.86948],[111.4193,26.84888],[111.45411,26.87166],[111.52175,26.868],[111.53876,26.8448]]]}},{"type":"Feature","id":"CTAMAP-2006-COUNTY-0363","properties":{"map_level":"county","source_name":"洞口县","source_code":"430525","county_type":"县","prefecture_name":"邵阳市","prefecture_code":"430500","prefecture_type":"地级市","parent_entity_id":"CNUR-000186","parent_year_end_name":"邵阳市","province_name":"湖南省","province_code":"430000","snapshot_year":2006,"panel_year":2005,"link_status":"parent_linked","former_name":"","note":""},"geometry":{"type":"Polygon","coordinates":[[[110.91768,27.03028],[110.90555,27.02483],[110.95504,26.95537],[110.90758,26.93899],[110.89899,26.91452],[110.86237,26.91905],[110.87418,26.93924],[110.84181,26.96038],[110.78241,26.97466],[110.73088,26.91358],[110.69011,26.91009],[110.68895,26.88468],[110.62553,26.91921],[110.59513,26.91178],[110.5913,26.89334],[110.53698,26.88108],[110.5341,26.85881],[110.50871,26.86772],[110.52122,26.88656],[110.50386,26.92095],[110.47863,26.92204],[110.47908,26.94625],[110.43178,26.98744],[110.41811,27.01591],[110.42789,27.04181],[110.36906,27.04787],[110.36931,27.09007],[110.35075,27.09034],[110.38713,27.09852],[110.39929,27.12055],[110.36814,27.14606],[110.33831,27.1216],[110.30857,27.11957],[110.30333,27.05084],[110.26848,26.97891],[110.29231,26.9839],[110.2626,26.96129],[110.22998,26.95992],[110.21194,26.97991],[110.18027,26.97156],[110.14423,26.99258],[110.15429,27.05288],[110.19769,27.06542],[110.19667,27.12711],[110.28752,27.16641],[110.33711,27.15361],[110.34585,27.20318],[110.37212,27.22681],[110.41585,27.20582],[110.448,27.20839],[110.45817,27.25821],[110.51224,27.28077],[110.54635,27.31727],[110.57744,27.28225],[110.5944,27.28487],[110.60432,27.32589],[110.65754,27.3716],[110.67557,27.36576],[110.67413,27.34692],[110.71638,27.33751],[110.7784,27.35518],[110.78236,27.31502],[110.76773,27.29184],[110.82966,27.18806],[110.77758,27.18087],[110.77335,27.15887],[110.80171,27.15206],[110.80907,27.12393],[110.84959,27.12148],[110.86401,27.08592],[110.87997,27.08695],[110.87969,27.0591],[110.91768,27.03028]]]}},{"type":"Feature","id":"CTAMAP-2006-COUNTY-0433","properties":{"map_level":"county","source_name":"凤凰县","source_code":"433123","county_type":"县","prefecture_name":"湘西土家族苗族自治州","prefecture_code":"433100","prefecture_type":"自治州","parent_entity_id":"CNUR-000195","parent_year_end_name":"湘西土家族苗族自治州","province_name":"湖南省","province_code":"430000","snapshot_year":2006,"panel_year":2005,"link_status":"parent_linked","former_name":"","note":""},"geometry":{"type":"Polygon","coordinates":[[[109.70136,28.17977],[109.66568,28.15548],[109.66179,28.09443],[109.74226,28.11092],[109.76824,28.08654],[109.79183,28.087],[109.79962,28.05496],[109.78335,28.0275],[109.73073,28.03068],[109.72956,27.98286],[109.71094,27.97733],[109.707,27.9505],[109.62517,27.91374],[109.61363,27.87946],[109.63962,27.86935],[109.64158,27.83589],[109.62128,27.83222],[109.5989,27.80051],[109.56605,27.80988],[109.54718,27.78421],[109.52692,27.79586],[109.52806,27.81516],[109.47742,27.79111],[109.47209,27.80729],[109.45467,27.80688],[109.458,27.77471],[109.41403,27.73293],[109.35799,27.72496],[109.37003,27.74268],[109.32651,27.78511],[109.34414,27.84535],[109.31624,27.86193],[109.33348,27.87096],[109.31311,27.87906],[109.29587,27.95965],[109.31715,27.99717],[109.35863,28.01175],[109.37386,28.03756],[109.33222,28.06694],[109.29243,28.03382],[109.33935,28.18426],[109.41579,28.18787],[109.42804,28.23242],[109.48596,28.27556],[109.50659,28.31794],[109.5329,28.32412],[109.51243,28.29344],[109.52347,28.25757],[109.54169,28.25068],[109.51323,28.23639],[109.54006,28.2184],[109.52341,28.21503],[109.51791,28.19193],[109.56471,28.19007],[109.61198,28.21479],[109.68378,28.20902],[109.70136,28.17977]]]}},{"type":"Feature","id":"CTAMAP-2006-COUNTY-0448","properties":{"map_level":"county","source_name":"芙蓉区","source_code":"430102","county_type":"市辖区","prefecture_name":"长沙市","prefecture_code":"430100","prefecture_type":"地级市","parent_entity_id":"CNUR-000182","parent_year_end_name":"长沙市","province_name":"湖南省","province_code":"430000","snapshot_year":2006,"panel_year":2005,"link_status":"parent_linked","former_name":"","note":""},"geometry":{"type":"Polygon","coordinates":[[[113.05215,28.22731],[113.10011,28.20684],[113.10148,28.18542],[113.07733,28.17616],[113.04453,28.19343],[112.97062,28.18983],[113.00185,28.22376],[113.05215,28.22731]]]}},{"type":"Feature","id":"CTAMAP-2006-COUNTY-0558","properties":{"map_level":"county","source_name":"古丈县","source_code":"433126","county_type":"县","prefecture_name":"湘西土家族苗族自治州","prefecture_code":"433100","prefecture_type":"自治州","parent_entity_id":"CNUR-000195","parent_year_end_name":"湘西土家族苗族自治州","province_name":"湖南省","province_code":"430000","snapshot_year":2006,"panel_year":2005,"link_status":"parent_linked","former_name":"","note":""},"geometry":{"type":"Polygon","coordinates":[[[110.26934,28.71753],[110.26638,28.67427],[110.20507,28.63173],[110.23262,28.56693],[110.18075,28.58028],[110.18012,28.59678],[110.16524,28.58547],[110.16608,28.53917],[110.14211,28.51512],[110.14114,28.48335],[110.15799,28.4695],[110.13304,28.45048],[110.10426,28.46804],[110.05864,28.44068],[109.9955,28.44365],[109.96474,28.4067],[109.88531,28.40637],[109.89139,28.45672],[109.86804,28.44411],[109.87127,28.4744],[109.82075,28.47566],[109.82451,28.50378],[109.78437,28.51697],[109.83648,28.61979],[109.79544,28.65512],[109.76302,28.64077],[109.74986,28.68307],[109.78109,28.72137],[109.77159,28.73099],[109.83017,28.76567],[109.87208,28.76592],[109.89774,28.74166],[109.92792,28.75107],[109.9895,28.71106],[110.06974,28.76],[110.13764,28.72339],[110.19299,28.72456],[110.23237,28.70581],[110.26934,28.71753]]]}},{"type":"Feature","id":"CTAMAP-2006-COUNTY-0594","properties":{"map_level":"county","source_name":"桂东县","source_code":"431027","county_type":"县","prefecture_name":"郴州市","prefecture_code":"431000","prefecture_type":"地级市","parent_entity_id":"CNUR-000191","parent_year_end_name":"郴州市","province_name":"湖南省","province_code":"430000","snapshot_year":2006,"panel_year":2005,"link_status":"parent_linked","former_name":"","note":""},"geometry":{"type":"Polygon","coordinates":[[[114.02235,25.99454],[114.02243,25.89679],[113.96539,25.83723],[113.95036,25.77475],[113.91004,25.73356],[113.87383,25.77676],[113.82128,25.77592],[113.81798,25.75377],[113.79053,25.74377],[113.78948,25.7734],[113.73498,25.81395],[113.75274,25.83709],[113.68536,25.84645],[113.66921,25.88637],[113.6561,25.86769],[113.6231,25.87215],[113.61625,25.91079],[113.67194,25.9321],[113.69254,26.0351],[113.71899,26.06369],[113.74285,26.04978],[113.77637,26.0722],[113.78357,26.11592],[113.82204,26.09007],[113.84738,26.1238],[113.88458,26.13339],[113.91367,26.17629],[113.94101,26.18714],[113.94971,26.17564],[113.93746,26.16832],[113.9565,26.15445],[114.02864,26.19178],[114.05096,26.18638],[114.05482,26.16608],[114.17229,26.21688],[114.18126,26.20108],[114.2118,26.20631],[114.2273,26.18558],[114.21345,26.16882],[114.23167,26.15552],[114.184,26.12572],[114.10141,26.10384],[114.11653,26.08895],[114.09814,26.07459],[114.04,26.08078],[114.0027,26.01668],[114.02235,25.99454]]]}},{"type":"Feature","id":"CTAMAP-2006-COUNTY-0596","properties":{"map_level":"county","source_name":"桂阳县","source_code":"431021","county_type":"县","prefecture_name":"郴州市","prefecture_code":"431000","prefecture_type":"地级市","parent_entity_id":"CNUR-000191","parent_year_end_name":"郴州市","province_name":"湖南省","province_code":"430000","snapshot_year":2006,"panel_year":2005,"link_status":"parent_linked","former_name":"","note":""},"geometry":{"type":"Polygon","coordinates":[[[112.63634,26.10877],[112.71724,26.13166],[112.7266,26.08612],[112.77753,26.02719],[112.80417,26.04481],[112.81714,26.03774],[112.83201,26.05825],[112.8425,26.04775],[112.82517,26.0097],[112.86546,26.00315],[112.86622,25.97925],[112.92141,25.98051],[112.932,25.96066],[112.90285,25.90924],[112.90674,25.87987],[112.87559,25.87859],[112.84404,25.83669],[112.82931,25.79681],[112.84477,25.7688],[112.80728,25.765],[112.81037,25.7449],[112.79347,25.73463],[112.78949,25.70547],[112.81946,25.72008],[112.85623,25.68532],[112.82891,25.67499],[112.8484,25.67317],[112.84563,25.65584],[112.82005,25.65841],[112.81507,25.64603],[112.81512,25.66411],[112.80855,25.66429],[112.79963,25.63368],[112.7758,25.65544],[112.78462,25.67108],[112.75534,25.66135],[112.75697,25.62461],[112.79591,25.62609],[112.82482,25.59207],[112.81061,25.56468],[112.79112,25.56171],[112.80388,25.54385],[112.7567,25.54826],[112.75898,25.59664],[112.72026,25.5833],[112.69775,25.54409],[112.72572,25.53032],[112.71786,25.49664],[112.73932,25.49727],[112.71554,25.45782],[112.68639,25.46801],[112.68421,25.45276],[112.65387,25.46677],[112.6648,25.49287],[112.63891,25.50201],[112.64366,25.52947],[112.60529,25.52668],[112.58209,25.58409],[112.55391,25.56921],[112.51485,25.63423],[112.56154,25.66639],[112.58112,25.65896],[112.58339,25.68865],[112.48418,25.74275],[112.47219,25.77031],[112.45206,25.76337],[112.4542,25.73428],[112.38886,25.78485],[112.38142,25.80751],[112.35638,25.81196],[112.34591,25.83838],[112.37569,25.84104],[112.3831,25.86095],[112.35369,25.91086],[112.31878,25.88212],[112.26358,25.89871],[112.29373,25.94321],[112.315,25.94997],[112.29102,25.97421],[112.29346,26.01402],[112.31698,26.03251],[112.33253,26.07633],[112.31322,26.09918],[112.27878,26.10576],[112.24804,26.07844],[112.22423,26.11479],[112.27874,26.14801],[112.29962,26.13647],[112.30865,26.16661],[112.35176,26.16423],[112.37547,26.21251],[112.39141,26.18706],[112.47479,26.17852],[112.48183,26.15312],[112.50225,26.16596],[112.50715,26.14001],[112.57358,26.15653],[112.56592,26.19927],[112.58353,26.22481],[112.6199,26.19092],[112.62815,26.14543],[112.66664,26.13356],[112.63634,26.10877]]]}},{"type":"Feature","id":"CTAMAP-2006-COUNTY-0627","properties":{"map_level":"county","source_name":"汉寿县","source_code":"430722","county_type":"县","prefecture_name":"常德市","prefecture_code":"430700","prefecture_type":"地级市","parent_entity_id":"CNUR-000188","parent_year_end_name":"常德市","province_name":"湖南省","province_code":"430000","snapshot_year":2006,"panel_year":2005,"link_status":"parent_linked","former_name":"","note":""},"geometry":{"type":"Polygon","coordinates":[[[112.24194,29.1063],[112.25132,28.85905],[112.29978,28.82073],[112.29804,28.79132],[112.27807,28.77892],[112.27838,28.73048],[112.22663,28.71544],[112.19466,28.67468],[112.15869,28.68367],[112.13545,28.66735],[112.1405,28.65065],[112.08797,28.64474],[112.06649,28.67533],[112.02265,28.67564],[112.03524,28.66192],[112.02374,28.64073],[111.92605,28.68149],[111.90519,28.67364],[111.91232,28.65789],[111.89398,28.63754],[111.85165,28.64131],[111.83356,28.61551],[111.7833,28.65181],[111.77078,28.63503],[111.74494,28.66419],[111.73866,28.70475],[111.70454,28.70701],[111.71011,28.73663],[111.73924,28.73053],[111.78721,28.75079],[111.80703,28.79458],[111.84541,28.81727],[111.75853,28.87816],[111.77536,28.92947],[111.81593,28.93309],[111.8075,29.00151],[111.85487,29.00444],[111.85575,28.98541],[111.91781,28.97267],[111.93652,28.98427],[111.92114,29.01203],[111.97627,29.066],[111.97623,29.10824],[112.03044,29.09309],[112.06365,29.12332],[112.1039,29.11102],[112.20265,29.13038],[112.24194,29.1063]]]}},{"type":"Feature","id":"CTAMAP-2006-COUNTY-0661","properties":{"map_level":"county","source_name":"荷塘区","source_code":"430202","county_type":"市辖区","prefecture_name":"株洲市","prefecture_code":"430200","prefecture_type":"地级市","parent_entity_id":"CNUR-000183","parent_year_end_name":"株洲市","province_name":"湖南省","province_code":"430000","snapshot_year":2006,"panel_year":2005,"link_status":"parent_linked","former_name":"","note":""},"geometry":{"type":"Polygon","coordinates":[[[113.27609,27.88702],[113.20607,27.83476],[113.15583,27.83008],[113.13435,27.86221],[113.14992,27.87227],[113.14295,27.89597],[113.19016,27.93723],[113.18997,27.96004],[113.21712,27.97893],[113.23662,27.97261],[113.25913,28.01421],[113.26991,27.9699],[113.2522,27.94616],[113.28412,27.91604],[113.26593,27.91111],[113.27609,27.88702]]]}},{"type":"Feature","id":"CTAMAP-2006-COUNTY-0663","properties":{"map_level":"county","source_name":"赫山区","source_code":"430903","county_type":"市辖区","prefecture_name":"益阳市","prefecture_code":"430900","prefecture_type":"地级市","parent_entity_id":"CNUR-000190","parent_year_end_name":"益阳市","province_name":"湖南省","province_code":"430000","snapshot_year":2006,"panel_year":2005,"link_status":"parent_linked","former_name":"","note":""},"geometry":{"type":"Polygon","coordinates":[[[112.68352,28.54826],[112.57623,28.40288],[112.57225,28.34626],[112.55459,28.35128],[112.5675,28.32938],[112.54815,28.32074],[112.53031,28.33584],[112.49348,28.33181],[112.49963,28.31591],[112.48046,28.30973],[112.46502,28.32503],[112.41361,28.32015],[112.40668,28.29732],[112.34074,28.2943],[112.35582,28.28544],[112.33656,28.27131],[112.30826,28.29037],[112.30317,28.33898],[112.26652,28.35981],[112.27856,28.37129],[112.24359,28.39435],[112.19248,28.39736],[112.21159,28.41501],[112.19179,28.43389],[112.20963,28.44587],[112.23134,28.52866],[112.24721,28.53839],[112.25235,28.59154],[112.29059,28.62195],[112.313,28.59037],[112.34504,28.59139],[112.42541,28.65417],[112.47832,28.64643],[112.50633,28.65816],[112.58257,28.6322],[112.58427,28.60226],[112.55904,28.56865],[112.59055,28.5476],[112.62757,28.55739],[112.67794,28.59948],[112.71393,28.59892],[112.71025,28.58336],[112.7302,28.5698],[112.68352,28.54826]]]}},{"type":"Feature","id":"CTAMAP-2006-COUNTY-0665","properties":{"map_level":"county","source_name":"鹤城区","source_code":"431202","county_type":"市辖区","prefecture_name":"怀化市","prefecture_code":"431200","prefecture_type":"地级市","parent_entity_id":"CNUR-000193","parent_year_end_name":"怀化市","province_name":"湖南省","province_code":"430000","snapshot_year":2006,"panel_year":2005,"link_status":"parent_linked","former_name":"","note":""},"geometry":{"type":"Polygon","coordinates":[[[109.91391,27.79273],[109.94157,27.73371],[110.03714,27.74776],[110.05703,27.73331],[110.04922,27.69806],[109.98991,27.64782],[109.99721,27.63447],[110.03458,27.64216],[110.05196,27.60198],[110.08799,27.57561],[110.09105,27.52038],[110.03383,27.46094],[109.97098,27.48304],[109.92873,27.45146],[109.91646,27.46084],[109.87416,27.44634],[109.84866,27.4739],[109.85039,27.50866],[109.87797,27.52849],[109.8894,27.51343],[109.88794,27.53662],[109.91466,27.5498],[109.90884,27.56677],[109.87497,27.58086],[109.88589,27.60372],[109.85806,27.63949],[109.82001,27.60446],[109.78842,27.62476],[109.80423,27.65094],[109.79236,27.71544],[109.81628,27.74022],[109.86757,27.74384],[109.86707,27.77941],[109.91391,27.79273]]]}},{"type":"Feature","id":"CTAMAP-2006-COUNTY-0676","properties":{"map_level":"county","source_name":"衡东县","source_code":"430424","county_type":"县","prefecture_name":"衡阳市","prefecture_code":"430400","prefecture_type":"地级市","parent_entity_id":"CNUR-000185","parent_year_end_name":"衡阳市","province_name":"湖南省","province_code":"430000","snapshot_year":2006,"panel_year":2005,"link_status":"parent_linked","former_name":"","note":""},"geometry":{"type":"Polygon","coordinates":[[[112.91854,27.42008],[112.99429,27.43847],[112.99079,27.40309],[113.02036,27.3884],[113.03636,27.35465],[113.02742,27.33541],[113.04371,27.32558],[113.04162,27.28885],[113.07911,27.27125],[113.08156,27.23876],[113.10535,27.22918],[113.1096,27.20859],[113.14001,27.25538],[113.16554,27.23455],[113.18168,27.24923],[113.25184,27.23856],[113.27649,27.19152],[113.27448,27.17061],[113.24873,27.17312],[113.23873,27.14565],[113.20983,27.13406],[113.19192,27.14599],[113.15887,27.11706],[113.1917,27.04288],[113.2315,27.02232],[113.21069,27.00832],[113.21952,26.96003],[113.23714,26.94121],[113.28052,26.93978],[113.22233,26.87997],[113.25656,26.82904],[113.23362,26.8061],[113.19701,26.83298],[113.16557,26.82739],[113.14774,26.84073],[113.14525,26.79538],[113.09029,26.78584],[113.06445,26.81773],[113.06675,26.86198],[113.08641,26.87146],[113.05783,26.90126],[113.06464,26.95347],[113.02882,26.952],[113.0033,26.97068],[112.93806,26.94427],[112.89556,26.92047],[112.88716,26.87914],[112.85193,26.85819],[112.81783,26.86665],[112.76546,26.97447],[112.73961,26.97144],[112.77116,27.00002],[112.7402,27.05566],[112.74192,27.08324],[112.75761,27.09373],[112.81865,27.08385],[112.8118,27.12236],[112.86177,27.14534],[112.845,27.20888],[112.94242,27.29559],[112.91289,27.35023],[112.91854,27.42008]]]}},{"type":"Feature","id":"CTAMAP-2006-COUNTY-0677","properties":{"map_level":"county","source_name":"衡南县","source_code":"430422","county_type":"县","prefecture_name":"衡阳市","prefecture_code":"430400","prefecture_type":"地级市","parent_entity_id":"CNUR-000185","parent_year_end_name":"衡阳市","province_name":"湖南省","province_code":"430000","snapshot_year":2006,"panel_year":2005,"link_status":"parent_linked","former_name":"","note":""},"geometry":{"type":"Polygon","coordinates":[[[112.73157,26.97908],[112.76546,26.97447],[112.81783,26.86665],[112.85193,26.85819],[112.88716,26.87914],[112.89556,26.92047],[112.93806,26.94427],[113.0033,26.97068],[113.00934,26.9576],[113.06798,26.95186],[113.05783,26.90126],[113.08641,26.87146],[113.06538,26.85855],[113.06603,26.81073],[113.08497,26.80317],[113.09185,26.7587],[113.12677,26.74767],[113.11201,26.73104],[113.13393,26.72361],[113.14672,26.69703],[113.12999,26.69171],[113.11232,26.7078],[113.096,26.69314],[113.06529,26.70868],[113.01276,26.68611],[112.99418,26.70941],[112.96962,26.69816],[112.93937,26.70754],[112.98067,26.64669],[112.96214,26.60419],[112.9121,26.61863],[112.87361,26.60923],[112.87649,26.6595],[112.8304,26.66584],[112.82769,26.68845],[112.79292,26.65504],[112.76514,26.59513],[112.74818,26.59784],[112.7358,26.57708],[112.69858,26.5979],[112.66504,26.57832],[112.6552,26.6051],[112.62756,26.58812],[112.60627,26.60218],[112.56503,26.59522],[112.5302,26.569],[112.49391,26.58605],[112.48281,26.55811],[112.45946,26.55376],[112.43557,26.56127],[112.41776,26.59349],[112.37935,26.54732],[112.3444,26.57126],[112.31957,26.56742],[112.33635,26.5979],[112.32714,26.60866],[112.2504,26.63318],[112.25607,26.66632],[112.23834,26.66528],[112.19353,26.72723],[112.2534,26.74226],[112.22906,26.77036],[112.25504,26.79037],[112.24851,26.80237],[112.13751,26.8451],[112.10893,26.87861],[112.15215,26.90358],[112.16311,26.88925],[112.22688,26.91079],[112.35226,26.88468],[112.37344,26.8938],[112.38149,26.87561],[112.41551,26.89127],[112.43279,26.93432],[112.45693,26.91094],[112.50489,26.9038],[112.50588,26.85583],[112.47346,26.83827],[112.51147,26.82424],[112.50211,26.80669],[112.54446,26.81548],[112.5473,26.7858],[112.64175,26.75113],[112.70391,26.78797],[112.70185,26.82692],[112.73285,26.87602],[112.69398,26.9445],[112.73157,26.97908]]]}},{"type":"Feature","id":"CTAMAP-2006-COUNTY-0678","properties":{"map_level":"county","source_name":"衡山县","source_code":"430423","county_type":"县","prefecture_name":"衡阳市","prefecture_code":"430400","prefecture_type":"地级市","parent_entity_id":"CNUR-000185","parent_year_end_name":"衡阳市","province_name":"湖南省","province_code":"430000","snapshot_year":2006,"panel_year":2005,"link_status":"parent_linked","former_name":"","note":""},"geometry":{"type":"Polygon","coordinates":[[[112.91589,27.36256],[112.94094,27.29177],[112.84698,27.21249],[112.86474,27.15165],[112.8118,27.12236],[112.8205,27.08546],[112.74336,27.08589],[112.7402,27.05566],[112.77116,27.00002],[112.74195,26.97779],[112.73157,26.97908],[112.73559,27.01961],[112.71174,27.01284],[112.72528,27.05204],[112.71114,27.0954],[112.64187,27.11929],[112.66614,27.14052],[112.64087,27.19893],[112.67521,27.2106],[112.76317,27.1967],[112.74214,27.24466],[112.76355,27.2505],[112.7736,27.30171],[112.73409,27.31333],[112.72404,27.3344],[112.69257,27.33503],[112.67717,27.31555],[112.65862,27.3271],[112.65739,27.30098],[112.61486,27.29213],[112.65698,27.27341],[112.63557,27.26276],[112.63397,27.24398],[112.52472,27.25018],[112.52176,27.30497],[112.49816,27.34987],[112.45577,27.35968],[112.46445,27.37528],[112.48113,27.36279],[112.49601,27.37913],[112.49115,27.40096],[112.50788,27.40669],[112.49797,27.41884],[112.52448,27.43218],[112.53718,27.4229],[112.56079,27.4462],[112.58091,27.43802],[112.60915,27.47326],[112.68467,27.45683],[112.67497,27.4178],[112.7259,27.40033],[112.75415,27.40681],[112.79698,27.36519],[112.80103,27.34179],[112.82693,27.342],[112.83073,27.35955],[112.91589,27.36256]]]}},{"type":"Feature","id":"CTAMAP-2006-COUNTY-0679","properties":{"map_level":"county","source_name":"衡阳县","source_code":"430421","county_type":"县","prefecture_name":"衡阳市","prefecture_code":"430400","prefecture_type":"地级市","parent_entity_id":"CNUR-000185","parent_year_end_name":"衡阳市","province_name":"湖南省","province_code":"430000","snapshot_year":2006,"panel_year":2005,"link_status":"parent_linked","former_name":"","note":""},"geometry":{"type":"Polygon","coordinates":[[[112.45577,27.35968],[112.49816,27.34987],[112.52176,27.30497],[112.52457,27.25027],[112.573,27.24641],[112.56301,27.23433],[112.64436,27.2083],[112.66614,27.14052],[112.64187,27.11929],[112.71822,27.08461],[112.72528,27.05204],[112.7116,27.01382],[112.73559,27.01961],[112.73157,26.97908],[112.68558,27.0303],[112.63062,27.00844],[112.60063,27.02063],[112.59419,27.00492],[112.52981,26.99899],[112.55049,26.97169],[112.50928,26.94746],[112.50464,26.91996],[112.48543,26.92138],[112.49094,26.90702],[112.45693,26.91094],[112.43279,26.93432],[112.41551,26.89127],[112.38149,26.87561],[112.37344,26.8938],[112.35226,26.88468],[112.22688,26.91079],[112.16311,26.88925],[112.15215,26.90358],[112.11711,26.88269],[112.03772,26.87801],[111.99653,26.94991],[112.03795,26.97401],[112.03506,27.00036],[112.04977,27.01459],[112.08394,27.02276],[112.06868,27.06416],[112.03886,27.07915],[112.05461,27.08539],[112.04367,27.15217],[112.06262,27.19239],[112.08608,27.18902],[112.08977,27.21195],[112.14872,27.24271],[112.15272,27.32418],[112.18389,27.31404],[112.21972,27.26357],[112.30672,27.37028],[112.36406,27.37097],[112.4343,27.34772],[112.45577,27.35968]]]}},{"type":"Feature","id":"CTAMAP-2006-COUNTY-0693","properties":{"map_level":"county","source_name":"洪江市","source_code":"431281","county_type":"县级市","prefecture_name":"怀化市","prefecture_code":"431200","prefecture_type":"地级市","parent_entity_id":"CNUR-000193","parent_year_end_name":"怀化市","province_name":"湖南省","province_code":"430000","snapshot_year":2006,"panel_year":2005,"link_status":"parent_linked","former_name":"","note":""},"geometry":{"type":"Polygon","coordinates":[[[110.4317,27.41142],[110.41226,27.35082],[110.42218,27.34116],[110.44466,27.35591],[110.50783,27.35741],[110.52169,27.34383],[110.51841,27.28734],[110.45817,27.25821],[110.448,27.20839],[110.41585,27.20582],[110.37212,27.22681],[110.34585,27.20318],[110.33711,27.15361],[110.28752,27.16641],[110.19667,27.12711],[110.19769,27.06542],[110.15429,27.05288],[110.14423,26.99258],[110.09559,27.00971],[110.09289,27.04708],[110.07161,27.04881],[110.04534,27.08935],[110.0258,27.09204],[110.01701,27.06303],[109.94292,27.0862],[109.93805,27.12296],[109.91556,27.13921],[109.86491,27.11659],[109.86767,27.15512],[109.82435,27.13595],[109.82168,27.11286],[109.79778,27.09841],[109.67805,27.08858],[109.64689,27.04907],[109.61626,27.03699],[109.55347,27.05461],[109.59929,27.0873],[109.53636,27.11109],[109.53286,27.13264],[109.5876,27.13243],[109.59186,27.1482],[109.64024,27.15419],[109.64406,27.21002],[109.65228,27.19142],[109.66389,27.22214],[109.70812,27.22384],[109.69181,27.26253],[109.73142,27.2917],[109.77902,27.28201],[109.82386,27.31659],[109.86264,27.28045],[109.9102,27.2919],[109.95793,27.27242],[109.99954,27.28702],[109.98146,27.31309],[110.04225,27.34718],[110.03976,27.40858],[110.11308,27.4502],[110.10489,27.46441],[110.11365,27.4786],[110.14123,27.47414],[110.13325,27.44957],[110.16372,27.43357],[110.16203,27.39697],[110.21505,27.42903],[110.25078,27.42376],[110.29429,27.44021],[110.37305,27.41524],[110.40601,27.4429],[110.4317,27.41142]]]}},{"type":"Feature","id":"CTAMAP-2006-COUNTY-0712","properties":{"map_level":"county","source_name":"花垣县","source_code":"433124","county_type":"县","prefecture_name":"湘西土家族苗族自治州","prefecture_code":"433100","prefecture_type":"自治州","parent_entity_id":"CNUR-000195","parent_year_end_name":"湘西土家族苗族自治州","province_name":"湖南省","province_code":"430000","snapshot_year":2006,"panel_year":2005,"link_status":"parent_linked","former_name":"","note":""},"geometry":{"type":"Polygon","coordinates":[[[109.63892,28.40224],[109.6221,28.38885],[109.63077,28.36424],[109.60474,28.34629],[109.59353,28.36367],[109.57827,28.35194],[109.53569,28.37363],[109.49616,28.36663],[109.51227,28.35488],[109.49918,28.34512],[109.51381,28.34301],[109.5122,28.30702],[109.42804,28.23242],[109.4159,28.18796],[109.36604,28.17811],[109.35253,28.19378],[109.33785,28.18128],[109.36291,28.2561],[109.39408,28.27467],[109.36592,28.28023],[109.34674,28.26666],[109.35756,28.28771],[109.33549,28.29711],[109.30139,28.27676],[109.26809,28.31247],[109.26338,28.34028],[109.28428,28.37658],[109.26295,28.38922],[109.25372,28.43252],[109.26915,28.54138],[109.30135,28.58249],[109.31554,28.58289],[109.32097,28.56095],[109.34674,28.55956],[109.38534,28.60037],[109.48418,28.59483],[109.58569,28.62876],[109.61134,28.59081],[109.60587,28.57072],[109.55298,28.55221],[109.57024,28.51729],[109.54913,28.47593],[109.55728,28.45174],[109.64613,28.43474],[109.61914,28.40965],[109.63892,28.40224]]]}},{"type":"Feature","id":"CTAMAP-2006-COUNTY-0719","properties":{"map_level":"county","source_name":"华容县","source_code":"430623","county_type":"县","prefecture_name":"岳阳市","prefecture_code":"430600","prefecture_type":"地级市","parent_entity_id":"CNUR-000187","parent_year_end_name":"岳阳市","province_name":"湖南省","province_code":"430000","snapshot_year":2006,"panel_year":2005,"link_status":"parent_linked","former_name":"","note":""},"geometry":{"type":"MultiPolygon","coordinates":[[[[112.90982,29.62231],[112.8813,29.64554],[112.86344,29.64221],[112.83215,29.60766],[112.76657,29.59023],[112.73772,29.55004],[112.73854,29.51903],[112.68599,29.50622],[112.69266,29.49372],[112.65961,29.47161],[112.66158,29.45404],[112.62512,29.46993],[112.6483,29.41959],[112.71598,29.38184],[112.71605,29.31704],[112.75289,29.32138],[112.77472,29.34867],[112.77005,29.37696],[112.79155,29.38271],[112.80323,29.43327],[112.83361,29.44636],[112.837,29.37505],[112.77855,29.18544],[112.75317,29.17361],[112.6727,29.19451],[112.67263,29.24616],[112.69005,29.25906],[112.67713,29.27534],[112.6924,29.28753],[112.6346,29.33628],[112.6013,29.33335],[112.57172,29.3052],[112.49632,29.31454],[112.48043,29.34528],[112.38226,29.40339],[112.36021,29.45852],[112.33714,29.44609],[112.32176,29.4556],[112.31347,29.54202],[112.36232,29.54287],[112.38657,29.57319],[112.39229,29.56462],[112.43403,29.63614],[112.4948,29.63101],[112.50037,29.6133],[112.52999,29.60233],[112.56768,29.62692],[112.60623,29.6103],[112.62314,29.6198],[112.64521,29.59524],[112.67565,29.59261],[112.71139,29.6574],[112.73208,29.64997],[112.78398,29.68136],[112.77907,29.69661],[112.80286,29.72853],[112.79224,29.73945],[112.86562,29.79061],[112.92246,29.77103],[112.93092,29.67754],[112.97395,29.7385],[113.02493,29.77278],[113.00215,29.70149],[112.90982,29.62231]]],[[[112.91425,29.80162],[112.93194,29.76809],[112.88897,29.80226],[112.91425,29.80162]]]]}},{"type":"Feature","id":"CTAMAP-2006-COUNTY-0774","properties":{"map_level":"county","source_name":"会同县","source_code":"431225","county_type":"县","prefecture_name":"怀化市","prefecture_code":"431200","prefecture_type":"地级市","parent_entity_id":"CNUR-000193","parent_year_end_name":"怀化市","province_name":"湖南省","province_code":"430000","snapshot_year":2006,"panel_year":2005,"link_status":"parent_linked","former_name":"","note":""},"geometry":{"type":"MultiPolygon","coordinates":[[[[110.13421,26.99279],[110.07827,26.95243],[110.07154,26.93501],[110.09612,26.90233],[110.05202,26.88445],[110.03403,26.83852],[110.06118,26.78156],[110.04247,26.72881],[110.0618,26.72373],[110.06754,26.70384],[110.03826,26.70084],[110.00968,26.66716],[109.98382,26.68873],[109.92771,26.70107],[109.92657,26.72171],[109.84229,26.72285],[109.81682,26.78111],[109.79846,26.78842],[109.74981,26.76232],[109.66418,26.78924],[109.64161,26.73879],[109.65791,26.71395],[109.57763,26.68599],[109.55933,26.71017],[109.50676,26.72345],[109.52331,26.74476],[109.54405,26.72152],[109.59393,26.76006],[109.57355,26.77506],[109.57391,26.7574],[109.55357,26.75825],[109.55603,26.73928],[109.51564,26.75171],[109.52096,26.78612],[109.49215,26.8161],[109.51365,26.8802],[109.47446,26.90203],[109.4518,26.8692],[109.43173,26.86553],[109.43506,26.89274],[109.55361,26.94775],[109.54539,26.98787],[109.52306,26.98115],[109.53833,27.00175],[109.50643,27.06892],[109.52106,27.07233],[109.48666,27.08233],[109.48317,27.05735],[109.45059,27.07001],[109.47978,27.0734],[109.49745,27.10701],[109.52747,27.07288],[109.53164,27.11719],[109.59929,27.0873],[109.55347,27.05461],[109.61579,27.03688],[109.64689,27.04907],[109.67805,27.08858],[109.79778,27.09841],[109.82168,27.11286],[109.82435,27.13595],[109.86767,27.15512],[109.86491,27.11659],[109.92165,27.13689],[109.95505,27.07856],[109.99259,27.08058],[110.01739,27.06302],[110.0258,27.09204],[110.04941,27.08746],[110.07161,27.04881],[110.09289,27.04708],[110.09559,27.00971],[110.13421,26.99279]]],[[[109.47478,26.84155],[109.46988,26.83235],[109.45695,26.8334],[109.47478,26.84155]]]]}},{"type":"Feature","id":"CTAMAP-2006-COUNTY-0804","properties":{"map_level":"county","source_name":"吉首市","source_code":"433101","county_type":"县级市","prefecture_name":"湘西土家族苗族自治州","prefecture_code":"433100","prefecture_type":"自治州","parent_entity_id":"CNUR-000195","parent_year_end_name":"湘西土家族苗族自治州","province_name":"湖南省","province_code":"430000","snapshot_year":2006,"panel_year":2005,"link_status":"parent_linked","former_name":"","note":""},"geometry":{"type":"Polygon","coordinates":[[[110.05864,28.44068],[110.05024,28.41898],[109.9992,28.40807],[109.99636,28.37735],[110.02018,28.35782],[110.00763,28.34159],[110.01569,28.3117],[109.99059,28.30651],[109.98871,28.28016],[109.94775,28.30164],[109.9248,28.27795],[109.86428,28.27916],[109.83553,28.24429],[109.84883,28.22619],[109.83721,28.16505],[109.82552,28.17262],[109.81544,28.14966],[109.76038,28.15312],[109.74266,28.13576],[109.71416,28.16311],[109.70073,28.15002],[109.68378,28.20902],[109.61198,28.21479],[109.56471,28.19007],[109.51772,28.19226],[109.52341,28.21503],[109.54005,28.21861],[109.51326,28.23704],[109.54169,28.25068],[109.52347,28.25757],[109.51245,28.29364],[109.53639,28.32207],[109.51247,28.31986],[109.51381,28.34301],[109.49918,28.34512],[109.51227,28.35488],[109.50504,28.3573],[109.49711,28.3671],[109.53569,28.37363],[109.61134,28.34851],[109.6349,28.37583],[109.62218,28.38903],[109.65368,28.412],[109.73918,28.44068],[109.79033,28.44043],[109.81965,28.47625],[109.87127,28.4744],[109.86804,28.44411],[109.89139,28.45672],[109.88531,28.40637],[109.96474,28.4067],[109.99777,28.44424],[110.05864,28.44068]]]}},{"type":"Feature","id":"CTAMAP-2006-COUNTY-0823","properties":{"map_level":"county","source_name":"嘉禾县","source_code":"431024","county_type":"县","prefecture_name":"郴州市","prefecture_code":"431000","prefecture_type":"地级市","parent_entity_id":"CNUR-000191","parent_year_end_name":"郴州市","province_name":"湖南省","province_code":"430000","snapshot_year":2006,"panel_year":2005,"link_status":"parent_linked","former_name":"","note":""},"geometry":{"type":"Polygon","coordinates":[[[112.51439,25.64084],[112.56061,25.5464],[112.51299,25.56781],[112.47499,25.55353],[112.47498,25.51248],[112.41849,25.51639],[112.43073,25.48884],[112.42141,25.47742],[112.40656,25.48551],[112.41576,25.43563],[112.38664,25.46103],[112.38898,25.49396],[112.36018,25.511],[112.36944,25.54307],[112.31689,25.52808],[112.30822,25.55063],[112.25545,25.56921],[112.23395,25.61153],[112.25374,25.6393],[112.23725,25.701],[112.2983,25.73433],[112.34004,25.69588],[112.35182,25.71926],[112.38654,25.73305],[112.37237,25.77695],[112.38492,25.78956],[112.4542,25.73428],[112.45206,25.76337],[112.47219,25.77031],[112.46978,25.75356],[112.5405,25.72274],[112.59111,25.67661],[112.58112,25.65896],[112.56154,25.66639],[112.54665,25.64504],[112.51439,25.64084]]]}},{"type":"Feature","id":"CTAMAP-2006-COUNTY-0865","properties":{"map_level":"county","source_name":"江华瑶族自治县","source_code":"431129","county_type":"自治县","prefecture_name":"永州市","prefecture_code":"431100","prefecture_type":"地级市","parent_entity_id":"CNUR-000192","parent_year_end_name":"永州市","province_name":"湖南省","province_code":"430000","snapshot_year":2006,"panel_year":2005,"link_status":"parent_linked","former_name":"","note":""},"geometry":{"type":"Polygon","coordinates":[[[111.91759,25.22897],[111.97423,25.21526],[111.96988,25.16459],[111.9197,25.12859],[111.90566,25.07668],[111.93929,25.01488],[111.96665,25.01361],[111.98466,25.05291],[112.06477,25.01498],[112.11146,25.05475],[112.1472,25.05637],[112.14863,25.03023],[112.11692,24.99432],[112.11445,24.96899],[112.1361,24.94072],[112.16961,24.92946],[112.15652,24.84799],[112.1225,24.84504],[112.05314,24.79983],[112.01781,24.74306],[111.95694,24.77638],[111.93176,24.76372],[111.88924,24.77271],[111.87282,24.75807],[111.86285,24.78109],[111.80419,24.77882],[111.7794,24.79873],[111.73789,24.7816],[111.70246,24.79267],[111.65471,24.75706],[111.63301,24.71693],[111.6371,24.69175],[111.58931,24.70087],[111.56023,24.64447],[111.54436,24.65297],[111.52394,24.63984],[111.48353,24.67525],[111.44759,24.66562],[111.42516,24.69001],[111.45884,24.73271],[111.48147,24.80376],[111.44986,24.85324],[111.46044,24.88797],[111.44616,24.90375],[111.46152,24.93548],[111.42858,24.97045],[111.4581,24.99946],[111.47453,25.05585],[111.50268,25.05413],[111.49627,25.09162],[111.5281,25.09686],[111.54512,25.11847],[111.52841,25.13269],[111.497,25.12216],[111.48669,25.13976],[111.50209,25.15719],[111.49781,25.1792],[111.48828,25.19315],[111.44865,25.19001],[111.44045,25.20826],[111.46319,25.23488],[111.4579,25.26281],[111.48098,25.2726],[111.49069,25.30344],[111.52479,25.30574],[111.53801,25.32263],[111.59051,25.30099],[111.59502,25.32416],[111.61552,25.3266],[111.6145,25.30382],[111.65571,25.2959],[111.71171,25.22451],[111.78955,25.17572],[111.7946,25.15641],[111.8383,25.18371],[111.86047,25.17777],[111.91759,25.22897]]]}},{"type":"Feature","id":"CTAMAP-2006-COUNTY-0875","properties":{"map_level":"county","source_name":"江永县","source_code":"431125","county_type":"县","prefecture_name":"永州市","prefecture_code":"431100","prefecture_type":"地级市","parent_entity_id":"CNUR-000192","parent_year_end_name":"永州市","province_name":"湖南省","province_code":"430000","snapshot_year":2006,"panel_year":2005,"link_status":"parent_linked","former_name":"","note":""},"geometry":{"type":"Polygon","coordinates":[[[111.45871,25.37119],[111.46011,25.22801],[111.43924,25.21451],[111.44448,25.19732],[111.48828,25.19315],[111.50266,25.16029],[111.48669,25.13976],[111.497,25.12216],[111.52841,25.13269],[111.54512,25.11851],[111.5281,25.09686],[111.49627,25.09162],[111.50262,25.05407],[111.47453,25.05585],[111.4653,25.03452],[111.41702,25.03937],[111.42493,25.10692],[111.4029,25.10908],[111.39911,25.12857],[111.33099,25.10296],[111.2669,25.15134],[111.22477,25.1202],[111.19759,25.07426],[111.10274,25.04115],[111.09242,24.94228],[110.9744,24.91997],[110.99016,24.93397],[110.9878,24.96131],[110.9654,24.97034],[110.97283,24.98936],[110.94607,25.04804],[110.99417,25.16627],[111.10726,25.21907],[111.0973,25.28768],[111.13064,25.30288],[111.17819,25.37097],[111.2064,25.36685],[111.25283,25.39981],[111.30041,25.47897],[111.34907,25.4348],[111.36766,25.39428],[111.39857,25.40744],[111.45871,25.37119]]]}},{"type":"Feature","id":"CTAMAP-2006-COUNTY-0921","properties":{"map_level":"county","source_name":"津市市","source_code":"430781","county_type":"县级市","prefecture_name":"常德市","prefecture_code":"430700","prefecture_type":"地级市","parent_entity_id":"CNUR-000188","parent_year_end_name":"常德市","province_name":"湖南省","province_code":"430000","snapshot_year":2006,"panel_year":2005,"link_status":"parent_linked","former_name":"","note":""},"geometry":{"type":"Polygon","coordinates":[[[111.98671,29.42101],[112.04005,29.3926],[112.00725,29.33258],[111.96117,29.31694],[111.95149,29.28144],[111.93356,29.31504],[111.85519,29.33286],[111.82288,29.31119],[111.79446,29.32051],[111.77835,29.30824],[111.83362,29.45932],[111.81938,29.45583],[111.83104,29.46196],[111.81921,29.46868],[111.82775,29.47803],[111.83456,29.46458],[111.8393,29.48288],[111.81688,29.49842],[111.81265,29.48594],[111.78155,29.49365],[111.76631,29.5198],[111.81253,29.60257],[111.8633,29.62539],[111.87134,29.68466],[111.91653,29.73352],[111.93309,29.68079],[111.8983,29.6685],[111.90693,29.61531],[111.86917,29.57545],[111.9276,29.50638],[111.92313,29.55276],[111.95087,29.50773],[111.96772,29.5043],[111.94875,29.48033],[111.98671,29.42101]]]}},{"type":"Feature","id":"CTAMAP-2006-COUNTY-0958","properties":{"map_level":"county","source_name":"靖州苗族侗族自治县","source_code":"431229","county_type":"自治县","prefecture_name":"怀化市","prefecture_code":"431200","prefecture_type":"地级市","parent_entity_id":"CNUR-000193","parent_year_end_name":"怀化市","province_name":"湖南省","province_code":"430000","snapshot_year":2006,"panel_year":2005,"link_status":"parent_linked","former_name":"","note":""},"geometry":{"type":"Polygon","coordinates":[[[109.94406,26.69376],[109.91932,26.67166],[109.90315,26.68455],[109.89327,26.65696],[109.81818,26.61896],[109.86761,26.57371],[109.86148,26.54537],[109.88799,26.52978],[109.83392,26.45473],[109.79144,26.44932],[109.76805,26.42382],[109.7689,26.45734],[109.72923,26.4703],[109.715,26.43808],[109.67295,26.41374],[109.66931,26.37631],[109.65672,26.39957],[109.59795,26.40806],[109.58142,26.39438],[109.59954,26.37735],[109.56246,26.34884],[109.53966,26.30124],[109.49449,26.27104],[109.45365,26.27454],[109.47199,26.30226],[109.46075,26.31762],[109.42776,26.28852],[109.37694,26.28687],[109.33609,26.26664],[109.3209,26.29336],[109.27545,26.30148],[109.26823,26.33595],[109.29656,26.3494],[109.29689,26.39084],[109.3251,26.43539],[109.37975,26.46591],[109.35817,26.47927],[109.38665,26.5043],[109.3739,26.52163],[109.40704,26.54349],[109.35638,26.66135],[109.33454,26.65087],[109.29926,26.66508],[109.28365,26.70391],[109.30675,26.71596],[109.36295,26.70289],[109.38803,26.71838],[109.37799,26.73252],[109.41483,26.72746],[109.40561,26.74343],[109.4379,26.76557],[109.50483,26.77084],[109.50175,26.7516],[109.52484,26.74194],[109.5083,26.7195],[109.55933,26.71017],[109.58015,26.68583],[109.65791,26.71395],[109.64161,26.73879],[109.66418,26.78924],[109.74981,26.76232],[109.79846,26.78842],[109.81682,26.78111],[109.83926,26.72476],[109.92657,26.72171],[109.92408,26.70383],[109.94406,26.69376]]]}},{"type":"Feature","id":"CTAMAP-2006-COUNTY-0977","properties":{"map_level":"county","source_name":"君山区","source_code":"430611","county_type":"市辖区","prefecture_name":"岳阳市","prefecture_code":"430600","prefecture_type":"地级市","parent_entity_id":"CNUR-000187","parent_year_end_name":"岳阳市","province_name":"湖南省","province_code":"430000","snapshot_year":2006,"panel_year":2005,"link_status":"parent_linked","former_name":"","note":""},"geometry":{"type":"Polygon","coordinates":[[[112.90982,29.62231],[112.94802,29.47224],[113.0456,29.528],[113.07807,29.43559],[113.09451,29.43849],[113.09995,29.4623],[113.1301,29.46031],[113.1319,29.43746],[113.10556,29.43808],[113.11049,29.41898],[113.02014,29.38358],[113.0194,29.35582],[113.00765,29.3883],[112.99834,29.35072],[112.99127,29.39669],[112.94627,29.4398],[112.81974,29.51407],[112.76649,29.45606],[112.78973,29.45407],[112.80438,29.42782],[112.78967,29.37924],[112.77005,29.37696],[112.77444,29.34798],[112.75289,29.32138],[112.71605,29.31704],[112.71598,29.38184],[112.6483,29.41959],[112.62512,29.46993],[112.66158,29.45404],[112.65961,29.47161],[112.69266,29.49372],[112.68599,29.50622],[112.73854,29.51903],[112.73772,29.55004],[112.76657,29.59023],[112.83215,29.60766],[112.86344,29.64221],[112.8813,29.64554],[112.90982,29.62231]]]}},{"type":"Feature","id":"CTAMAP-2006-COUNTY-0982","properties":{"map_level":"county","source_name":"开福区","source_code":"430105","county_type":"市辖区","prefecture_name":"长沙市","prefecture_code":"430100","prefecture_type":"地级市","parent_entity_id":"CNUR-000182","parent_year_end_name":"长沙市","province_name":"湖南省","province_code":"430000","snapshot_year":2006,"panel_year":2005,"link_status":"parent_linked","former_name":"","note":""},"geometry":{"type":"Polygon","coordinates":[[[113.05215,28.22731],[113.00185,28.22376],[113.00095,28.20917],[112.96063,28.1991],[112.96641,28.25977],[112.90316,28.33981],[112.94368,28.35077],[112.95161,28.38213],[112.97497,28.39289],[113.0293,28.38149],[113.05628,28.35336],[113.07809,28.35722],[113.05386,28.32454],[113.05723,28.30017],[113.02413,28.26869],[113.04649,28.25817],[113.05215,28.22731]]]}},{"type":"Feature","id":"CTAMAP-2006-COUNTY-1043","properties":{"map_level":"county","source_name":"蓝山县","source_code":"431127","county_type":"县","prefecture_name":"永州市","prefecture_code":"431100","prefecture_type":"地级市","parent_entity_id":"CNUR-000192","parent_year_end_name":"永州市","province_name":"湖南省","province_code":"430000","snapshot_year":2006,"panel_year":2005,"link_status":"parent_linked","former_name":"","note":""},"geometry":{"type":"Polygon","coordinates":[[[112.2353,25.61338],[112.25545,25.56921],[112.30822,25.55063],[112.31689,25.52808],[112.36944,25.54307],[112.36018,25.511],[112.38898,25.49396],[112.38664,25.46103],[112.43497,25.41216],[112.41402,25.39929],[112.42952,25.38099],[112.45354,25.38712],[112.44866,25.37132],[112.42284,25.36662],[112.39293,25.31358],[112.34308,25.29187],[112.35269,25.24923],[112.36952,25.24216],[112.35913,25.19603],[112.30861,25.17853],[112.29666,25.15962],[112.25115,25.16426],[112.2414,25.18863],[112.1811,25.18704],[112.14678,25.057],[112.11146,25.05475],[112.06477,25.01498],[111.98466,25.05291],[111.96665,25.01361],[111.93929,25.01488],[111.90562,25.07629],[111.9197,25.12859],[111.96988,25.16459],[111.97276,25.21357],[111.99434,25.20113],[112.01432,25.23181],[112.04792,25.23359],[112.05909,25.26541],[112.08604,25.27448],[112.08487,25.35256],[112.06719,25.38367],[112.08883,25.3969],[112.061,25.42751],[112.07926,25.43873],[112.04369,25.45176],[112.07161,25.46539],[112.03713,25.47017],[112.02981,25.45665],[112.02676,25.47994],[112.05531,25.48577],[112.04447,25.4937],[112.07806,25.50958],[112.07963,25.53526],[112.14881,25.56472],[112.1668,25.59722],[112.2353,25.61338]]]}},{"type":"Feature","id":"CTAMAP-2006-COUNTY-1068","properties":{"map_level":"county","source_name":"耒阳市","source_code":"430481","county_type":"县级市","prefecture_name":"衡阳市","prefecture_code":"430400","prefecture_type":"地级市","parent_entity_id":"CNUR-000185","parent_year_end_name":"衡阳市","province_name":"湖南省","province_code":"430000","snapshot_year":2006,"panel_year":2005,"link_status":"parent_linked","former_name":"","note":""},"geometry":{"type":"Polygon","coordinates":[[[113.13027,26.69164],[113.17727,26.69307],[113.18232,26.6626],[113.17204,26.56587],[113.15237,26.54014],[113.18707,26.50718],[113.21083,26.50537],[113.22504,26.47488],[113.18586,26.45187],[113.20887,26.43374],[113.2012,26.42297],[113.18101,26.40582],[113.1579,26.41009],[113.15092,26.36335],[113.16326,26.3299],[113.13287,26.3295],[113.12235,26.29882],[113.08918,26.28719],[113.07762,26.25197],[113.02753,26.25666],[113.0177,26.24218],[113.03477,26.21713],[113.03338,26.18334],[113.00813,26.15818],[112.96564,26.1554],[112.92055,26.18356],[112.90425,26.15224],[112.83373,26.15935],[112.80447,26.19531],[112.78397,26.18005],[112.78279,26.20078],[112.76944,26.1896],[112.78713,26.17759],[112.7766,26.14804],[112.75259,26.15301],[112.74983,26.13249],[112.73317,26.1493],[112.68195,26.11754],[112.68773,26.14954],[112.65002,26.20812],[112.63993,26.28295],[112.65132,26.29611],[112.62252,26.31745],[112.63799,26.34628],[112.63311,26.40721],[112.6626,26.44026],[112.66742,26.46859],[112.65211,26.4807],[112.67303,26.55516],[112.63613,26.56787],[112.67636,26.59436],[112.69863,26.59788],[112.72104,26.57658],[112.76514,26.59513],[112.79292,26.65504],[112.82769,26.68845],[112.8304,26.66584],[112.87649,26.6595],[112.87361,26.60923],[112.9121,26.61863],[112.96214,26.60419],[112.98067,26.64669],[112.93937,26.70754],[112.96962,26.69816],[112.99418,26.70941],[113.01276,26.68611],[113.06529,26.70868],[113.096,26.69314],[113.11232,26.7078],[113.13027,26.69164]]]}},{"type":"Feature","id":"CTAMAP-2006-COUNTY-1070","properties":{"map_level":"county","source_name":"冷水江市","source_code":"431381","county_type":"县级市","prefecture_name":"娄底市","prefecture_code":"431300","prefecture_type":"地级市","parent_entity_id":"CNUR-000194","parent_year_end_name":"娄底市","province_name":"湖南省","province_code":"430000","snapshot_year":2006,"panel_year":2005,"link_status":"parent_linked","former_name":"","note":""},"geometry":{"type":"Polygon","coordinates":[[[111.56051,27.78538],[111.57351,27.73745],[111.60203,27.71757],[111.59956,27.65482],[111.57067,27.64931],[111.50766,27.59913],[111.48157,27.59893],[111.47302,27.57766],[111.44653,27.60084],[111.42896,27.59265],[111.36332,27.52822],[111.31677,27.55322],[111.33788,27.55363],[111.33456,27.57954],[111.35729,27.59328],[111.35873,27.61578],[111.38667,27.64591],[111.40339,27.64472],[111.41474,27.68634],[111.38064,27.68648],[111.40376,27.73655],[111.44058,27.7412],[111.49506,27.82074],[111.52468,27.84058],[111.55216,27.83668],[111.56891,27.82595],[111.56051,27.78538]]]}},{"type":"Feature","id":"CTAMAP-2006-COUNTY-1071","properties":{"map_level":"county","source_name":"冷水滩区","source_code":"431103","county_type":"市辖区","prefecture_name":"永州市","prefecture_code":"431100","prefecture_type":"地级市","parent_entity_id":"CNUR-000192","parent_year_end_name":"永州市","province_name":"湖南省","province_code":"430000","snapshot_year":2006,"panel_year":2005,"link_status":"parent_linked","former_name":"","note":""},"geometry":{"type":"Polygon","coordinates":[[[111.54203,26.82197],[111.57056,26.81433],[111.61014,26.76175],[111.68434,26.73844],[111.69158,26.71898],[111.70804,26.721],[111.69808,26.70306],[111.73417,26.69246],[111.72125,26.64085],[111.75537,26.61468],[111.74313,26.60519],[111.75002,26.51732],[111.77362,26.5075],[111.77886,26.43777],[111.79784,26.42488],[111.80813,26.37882],[111.80359,26.35583],[111.75948,26.3388],[111.72413,26.35695],[111.65654,26.33507],[111.65783,26.3136],[111.62459,26.31064],[111.59238,26.25626],[111.54558,26.27916],[111.51554,26.38476],[111.49223,26.39203],[111.48749,26.41977],[111.52447,26.4459],[111.50614,26.45235],[111.51888,26.46819],[111.55293,26.48439],[111.57393,26.54213],[111.56063,26.56977],[111.53575,26.561],[111.50682,26.61311],[111.5426,26.633],[111.5067,26.66509],[111.47352,26.65455],[111.46368,26.6729],[111.49135,26.68928],[111.46491,26.72278],[111.47719,26.7636],[111.45983,26.78411],[111.51364,26.7667],[111.52984,26.78892],[111.52244,26.8087],[111.54203,26.82197]]]}},{"type":"Feature","id":"CTAMAP-2006-COUNTY-1085","properties":{"map_level":"county","source_name":"澧县","source_code":"430723","county_type":"县","prefecture_name":"常德市","prefecture_code":"430700","prefecture_type":"地级市","parent_entity_id":"CNUR-000188","parent_year_end_name":"常德市","province_name":"湖南省","province_code":"430000","snapshot_year":2006,"panel_year":2005,"link_status":"parent_linked","former_name":"","note":""},"geometry":{"type":"Polygon","coordinates":[[[111.80601,29.90292],[111.85518,29.86168],[111.87234,29.87088],[111.92945,29.83535],[111.95834,29.84193],[111.94913,29.79883],[111.98099,29.79693],[112.04466,29.75144],[112.02398,29.6887],[112.05169,29.61408],[112.03591,29.5262],[112.07448,29.49539],[112.05418,29.4627],[111.98871,29.45735],[111.98671,29.42101],[111.94875,29.48033],[111.96772,29.5043],[111.95087,29.50773],[111.92313,29.55276],[111.91669,29.5297],[111.93623,29.51918],[111.9276,29.50638],[111.86917,29.57545],[111.90693,29.61531],[111.8983,29.6685],[111.93309,29.68079],[111.91924,29.73329],[111.89828,29.72782],[111.87134,29.68466],[111.8633,29.62539],[111.81253,29.60257],[111.77073,29.51226],[111.71748,29.50275],[111.7036,29.54288],[111.71627,29.55858],[111.65989,29.58259],[111.66966,29.60965],[111.63273,29.59251],[111.598,29.6196],[111.61246,29.63365],[111.63545,29.6219],[111.64439,29.63785],[111.61645,29.65574],[111.626,29.69804],[111.60728,29.72768],[111.62438,29.75776],[111.57222,29.76017],[111.55536,29.73655],[111.52968,29.73232],[111.47523,29.77063],[111.44521,29.76086],[111.44408,29.72897],[111.42725,29.7153],[111.40441,29.74753],[111.36138,29.72791],[111.34124,29.77459],[111.28821,29.77397],[111.31411,29.79046],[111.30982,29.81615],[111.2749,29.84844],[111.25036,29.83448],[111.22524,29.85407],[111.2075,29.92034],[111.31029,29.9304],[111.36795,29.9567],[111.37288,29.93703],[111.38467,29.94019],[111.37723,29.92565],[111.39828,29.91305],[111.43158,29.93255],[111.46974,29.92167],[111.51601,29.93105],[111.54584,29.89806],[111.59287,29.89216],[111.68043,29.88756],[111.74173,29.92424],[111.80601,29.90292]]]}},{"type":"Feature","id":"CTAMAP-2006-COUNTY-1086","properties":{"map_level":"county","source_name":"醴陵市","source_code":"430281","county_type":"县级市","prefecture_name":"株洲市","prefecture_code":"430200","prefecture_type":"地级市","parent_entity_id":"CNUR-000183","parent_year_end_name":"株洲市","province_name":"湖南省","province_code":"430000","snapshot_year":2006,"panel_year":2005,"link_status":"parent_linked","former_name":"","note":""},"geometry":{"type":"Polygon","coordinates":[[[113.72356,27.8888],[113.75298,27.86031],[113.75945,27.8056],[113.69288,27.74243],[113.69525,27.72292],[113.64784,27.66462],[113.60186,27.63891],[113.59626,27.5743],[113.57551,27.54784],[113.59093,27.51939],[113.62291,27.52233],[113.58904,27.46631],[113.59514,27.42235],[113.6176,27.42161],[113.62044,27.41114],[113.54473,27.42635],[113.49795,27.38003],[113.48717,27.39948],[113.46484,27.39135],[113.3864,27.42566],[113.3632,27.38175],[113.32084,27.37193],[113.29729,27.44107],[113.25241,27.44805],[113.22465,27.4867],[113.17736,27.48939],[113.20776,27.54028],[113.17195,27.56389],[113.18127,27.57486],[113.16707,27.60792],[113.1947,27.62262],[113.20748,27.6791],[113.27285,27.69441],[113.29884,27.72816],[113.29051,27.76581],[113.34196,27.75298],[113.35439,27.85139],[113.40096,27.85706],[113.41521,27.89782],[113.45329,27.90326],[113.47629,27.93908],[113.51582,27.94416],[113.5179,27.96358],[113.5639,27.96868],[113.57109,27.90079],[113.58654,27.89619],[113.59622,27.91744],[113.63767,27.88617],[113.69112,27.87249],[113.72356,27.8888]]]}},{"type":"Feature","id":"CTAMAP-2006-COUNTY-1114","properties":{"map_level":"county","source_name":"涟源市","source_code":"431382","county_type":"县级市","prefecture_name":"娄底市","prefecture_code":"431300","prefecture_type":"地级市","parent_entity_id":"CNUR-000194","parent_year_end_name":"娄底市","province_name":"湖南省","province_code":"430000","snapshot_year":2006,"panel_year":2005,"link_status":"parent_linked","former_name":"","note":""},"geometry":{"type":"Polygon","coordinates":[[[111.89551,28.02524],[111.89353,27.98507],[111.90748,27.97618],[111.93641,27.99506],[111.9561,27.9771],[111.93964,27.96609],[111.92371,27.86769],[111.95567,27.85997],[111.9533,27.84116],[111.97007,27.83769],[111.95328,27.8284],[111.95982,27.80523],[111.91762,27.80477],[111.92263,27.78209],[111.90549,27.78055],[111.88735,27.75071],[111.90141,27.72299],[111.87436,27.70294],[111.88245,27.68581],[111.86033,27.64679],[111.8746,27.61871],[111.90054,27.61704],[111.91315,27.59801],[111.9837,27.60962],[112.00645,27.58012],[111.98257,27.55944],[112.03169,27.53303],[112.00958,27.51392],[111.94837,27.50735],[111.92962,27.48121],[111.86488,27.45256],[111.85501,27.46384],[111.82058,27.45152],[111.80804,27.47825],[111.78603,27.47208],[111.78582,27.5],[111.74985,27.49664],[111.6696,27.5418],[111.64539,27.51825],[111.6331,27.54086],[111.64822,27.54322],[111.63218,27.56547],[111.62003,27.55955],[111.63277,27.58472],[111.60721,27.56761],[111.58353,27.60654],[111.56522,27.60949],[111.5577,27.63979],[111.60802,27.66674],[111.60203,27.71757],[111.57351,27.73745],[111.57081,27.77989],[111.60262,27.78597],[111.66561,27.84781],[111.62071,27.86131],[111.60422,27.92044],[111.64274,27.95421],[111.59107,27.99445],[111.67561,28.04615],[111.68227,27.9919],[111.72414,27.98417],[111.74819,28.01134],[111.77428,28.01166],[111.78393,27.99338],[111.82254,28.02898],[111.89551,28.02524]]]}},{"type":"Feature","id":"CTAMAP-2006-COUNTY-1144","properties":{"map_level":"county","source_name":"临澧县","source_code":"430724","county_type":"县","prefecture_name":"常德市","prefecture_code":"430700","prefecture_type":"地级市","parent_entity_id":"CNUR-000188","parent_year_end_name":"常德市","province_name":"湖南省","province_code":"430000","snapshot_year":2006,"panel_year":2005,"link_status":"parent_linked","former_name":"","note":""},"geometry":{"type":"Polygon","coordinates":[[[111.7674,29.51196],[111.78827,29.49081],[111.81265,29.48594],[111.81688,29.49842],[111.8393,29.48288],[111.83456,29.46458],[111.82775,29.47803],[111.81921,29.46868],[111.83104,29.46196],[111.81938,29.45583],[111.83362,29.45932],[111.8191,29.44786],[111.78396,29.30678],[111.76164,29.28279],[111.74423,29.30066],[111.64842,29.27792],[111.60813,29.29731],[111.51874,29.26136],[111.4889,29.27404],[111.47127,29.29145],[111.51419,29.30961],[111.52685,29.33651],[111.47062,29.35966],[111.44935,29.33039],[111.42342,29.32748],[111.43285,29.36302],[111.42258,29.37207],[111.47051,29.36203],[111.50762,29.43143],[111.48809,29.4354],[111.50752,29.47185],[111.48839,29.51886],[111.45687,29.52157],[111.47114,29.53089],[111.46172,29.55421],[111.49604,29.52311],[111.51594,29.54598],[111.48463,29.55841],[111.50987,29.57498],[111.53261,29.56902],[111.53771,29.58695],[111.50516,29.59776],[111.50179,29.64031],[111.42224,29.69675],[111.43959,29.70042],[111.44521,29.76086],[111.47527,29.77062],[111.52968,29.73232],[111.55536,29.73655],[111.57222,29.76017],[111.62438,29.75776],[111.60728,29.72768],[111.626,29.69804],[111.61645,29.65574],[111.64439,29.63785],[111.63545,29.6219],[111.61246,29.63365],[111.598,29.6196],[111.63273,29.59251],[111.66966,29.60965],[111.65989,29.58259],[111.71627,29.55858],[111.7036,29.54288],[111.71719,29.50285],[111.7674,29.51196]]]}},{"type":"Feature","id":"CTAMAP-2006-COUNTY-1153","properties":{"map_level":"county","source_name":"临武县","source_code":"431025","county_type":"县","prefecture_name":"郴州市","prefecture_code":"431000","prefecture_type":"地级市","parent_entity_id":"CNUR-000191","parent_year_end_name":"郴州市","province_name":"湖南省","province_code":"430000","snapshot_year":2006,"panel_year":2005,"link_status":"parent_linked","former_name":"","note":""},"geometry":{"type":"Polygon","coordinates":[[[112.73874,25.49796],[112.78064,25.49101],[112.78561,25.40283],[112.75355,25.39785],[112.73043,25.34092],[112.74418,25.31466],[112.67982,25.27228],[112.69948,25.25427],[112.63684,25.24718],[112.62809,25.22379],[112.63982,25.19906],[112.67143,25.19214],[112.69387,25.16562],[112.68525,25.15228],[112.54788,25.12657],[112.45235,25.15445],[112.43619,25.18969],[112.4061,25.14226],[112.38184,25.15329],[112.35683,25.19572],[112.36952,25.24216],[112.35291,25.24886],[112.34205,25.28841],[112.39293,25.31358],[112.42284,25.36662],[112.4537,25.38268],[112.42952,25.38099],[112.41402,25.39929],[112.43625,25.40412],[112.4068,25.47256],[112.40665,25.48563],[112.43071,25.48848],[112.41849,25.51639],[112.47498,25.51248],[112.47499,25.55353],[112.49637,25.56729],[112.56327,25.54706],[112.57185,25.58832],[112.60529,25.52668],[112.6437,25.52941],[112.63885,25.50213],[112.6627,25.4981],[112.65236,25.47244],[112.66777,25.4564],[112.68492,25.45281],[112.68805,25.46813],[112.71554,25.45782],[112.73874,25.49796]]]}},{"type":"Feature","id":"CTAMAP-2006-COUNTY-1158","properties":{"map_level":"county","source_name":"临湘市","source_code":"430682","county_type":"县级市","prefecture_name":"岳阳市","prefecture_code":"430600","prefecture_type":"地级市","parent_entity_id":"CNUR-000187","parent_year_end_name":"岳阳市","province_name":"湖南省","province_code":"430000","snapshot_year":2006,"panel_year":2005,"link_status":"parent_linked","former_name":"","note":""},"geometry":{"type":"Polygon","coordinates":[[[113.56559,29.85039],[113.57573,29.83541],[113.54528,29.77059],[113.53317,29.69508],[113.55119,29.67684],[113.6016,29.66954],[113.65901,29.68646],[113.66627,29.641],[113.69816,29.63718],[113.70232,29.61195],[113.73574,29.59262],[113.70247,29.55596],[113.62584,29.52054],[113.6834,29.51214],[113.73762,29.4724],[113.74957,29.44402],[113.73096,29.43039],[113.72488,29.39699],[113.65867,29.38211],[113.65853,29.34009],[113.63078,29.32693],[113.60044,29.26031],[113.54063,29.2816],[113.5045,29.26363],[113.48804,29.28129],[113.46796,29.26665],[113.47479,29.24718],[113.40692,29.19881],[113.36891,29.21183],[113.33724,29.19852],[113.33851,29.22469],[113.30638,29.23406],[113.3268,29.24867],[113.34863,29.30808],[113.33297,29.33705],[113.30285,29.33994],[113.33093,29.37615],[113.31054,29.42004],[113.33173,29.42153],[113.33826,29.44328],[113.37209,29.43521],[113.38432,29.44818],[113.35055,29.46428],[113.35864,29.48401],[113.32245,29.4916],[113.36193,29.49636],[113.36432,29.51978],[113.39858,29.53735],[113.42453,29.52981],[113.42786,29.54458],[113.37692,29.56636],[113.42657,29.60963],[113.39011,29.6287],[113.37556,29.60203],[113.35417,29.62475],[113.34511,29.61438],[113.33608,29.61743],[113.3407,29.63857],[113.32577,29.61964],[113.30161,29.62955],[113.39757,29.72756],[113.56559,29.85039]]]}},{"type":"Feature","id":"CTAMAP-2006-COUNTY-1183","properties":{"map_level":"county","source_name":"零陵区","source_code":"431102","county_type":"市辖区","prefecture_name":"永州市","prefecture_code":"431100","prefecture_type":"地级市","parent_entity_id":"CNUR-000192","parent_year_end_name":"永州市","province_name":"湖南省","province_code":"430000","snapshot_year":2006,"panel_year":2005,"link_status":"parent_linked","former_name":"","note":""},"geometry":{"type":"Polygon","coordinates":[[[111.95453,26.12541],[111.90149,26.11157],[111.83709,26.16901],[111.75014,26.14956],[111.78246,26.13257],[111.77025,26.11306],[111.7404,26.11052],[111.73275,26.088],[111.69046,26.09646],[111.65009,26.0605],[111.63586,26.07169],[111.64598,26.09475],[111.62202,26.09112],[111.59336,26.07111],[111.58933,26.03926],[111.54928,26.02133],[111.54974,25.99883],[111.57697,25.99651],[111.58034,25.97509],[111.60626,25.96234],[111.59826,25.93813],[111.58066,25.93452],[111.56623,25.95531],[111.537,25.93858],[111.52848,25.95671],[111.48977,25.95801],[111.4868,25.981],[111.43707,25.99491],[111.43032,25.9593],[111.40175,25.9411],[111.3989,25.88967],[111.37779,25.88545],[111.36976,25.91014],[111.34448,25.8972],[111.32515,25.91103],[111.28671,25.85853],[111.24405,25.87084],[111.21978,25.90815],[111.22952,25.91862],[111.18983,25.96211],[111.22685,26.05111],[111.2595,26.04899],[111.24271,26.08002],[111.26254,26.10198],[111.25183,26.11155],[111.28351,26.11893],[111.29044,26.16376],[111.31748,26.15337],[111.31224,26.1895],[111.35999,26.19107],[111.37959,26.21735],[111.39903,26.20409],[111.42172,26.24473],[111.482,26.27383],[111.48592,26.30222],[111.52045,26.28391],[111.53354,26.29956],[111.54852,26.27595],[111.5731,26.27271],[111.57372,26.25584],[111.59238,26.25626],[111.62459,26.31064],[111.65783,26.3136],[111.65654,26.33507],[111.7229,26.35685],[111.7451,26.33511],[111.80834,26.36169],[111.86346,26.35182],[111.90579,26.28289],[111.91345,26.23836],[111.90004,26.22119],[111.92697,26.20574],[111.92326,26.15327],[111.95453,26.12541]]]}},{"type":"Feature","id":"CTAMAP-2006-COUNTY-1215","properties":{"map_level":"county","source_name":"龙山县","source_code":"433130","county_type":"县","prefecture_name":"湘西土家族苗族自治州","prefecture_code":"433100","prefecture_type":"自治州","parent_entity_id":"CNUR-000195","parent_year_end_name":"湘西土家族苗族自治州","province_name":"湖南省","province_code":"430000","snapshot_year":2006,"panel_year":2005,"link_status":"parent_linked","former_name":"","note":""},"geometry":{"type":"Polygon","coordinates":[[[109.65859,29.60029],[109.71986,29.60456],[109.74742,29.61847],[109.77734,29.58176],[109.72924,29.53786],[109.79113,29.46567],[109.80554,29.42827],[109.78961,29.4163],[109.82589,29.37659],[109.76884,29.3335],[109.78131,29.30513],[109.75128,29.2746],[109.69111,29.25836],[109.66021,29.22601],[109.61261,28.94941],[109.53979,28.83449],[109.47756,28.86961],[109.47466,28.85213],[109.43655,28.86933],[109.40347,28.84818],[109.36306,28.78445],[109.30943,28.79844],[109.26627,28.77188],[109.23579,28.78136],[109.23052,28.88294],[109.25157,28.91136],[109.25908,28.9632],[109.28329,28.97737],[109.28907,29.01953],[109.31647,29.04789],[109.29732,29.07382],[109.23156,29.08915],[109.22147,29.11676],[109.27376,29.12428],[109.25715,29.1523],[109.27357,29.18877],[109.25939,29.22629],[109.3525,29.29317],[109.32545,29.33877],[109.34173,29.35071],[109.33331,29.36864],[109.36424,29.38656],[109.38706,29.37621],[109.36795,29.42693],[109.41358,29.45186],[109.40018,29.47139],[109.41072,29.49987],[109.43533,29.49422],[109.42765,29.53315],[109.45971,29.5162],[109.45676,29.55632],[109.48416,29.55605],[109.50225,29.58878],[109.49166,29.60569],[109.52054,29.61228],[109.51079,29.62857],[109.56372,29.61529],[109.57054,29.63076],[109.60631,29.63719],[109.64673,29.62442],[109.65859,29.60029]]]}},{"type":"Feature","id":"CTAMAP-2006-COUNTY-1228","properties":{"map_level":"county","source_name":"隆回县","source_code":"430524","county_type":"县","prefecture_name":"邵阳市","prefecture_code":"430500","prefecture_type":"地级市","parent_entity_id":"CNUR-000186","parent_year_end_name":"邵阳市","province_name":"湖南省","province_code":"430000","snapshot_year":2006,"panel_year":2005,"link_status":"parent_linked","former_name":"","note":""},"geometry":{"type":"Polygon","coordinates":[[[111.19362,27.55159],[111.18516,27.47016],[111.157,27.45329],[111.14694,27.43528],[111.16201,27.42175],[111.13933,27.40483],[111.17833,27.36236],[111.14387,27.3538],[111.15234,27.33244],[111.18927,27.33555],[111.18424,27.32058],[111.22601,27.28556],[111.21562,27.18982],[111.23166,27.14617],[111.20666,27.12707],[111.20747,27.07419],[111.1296,27.05665],[111.13191,27.00354],[111.07535,27.05128],[111.04898,27.01412],[111.01691,26.99998],[110.99636,27.01011],[110.99662,27.03068],[110.91768,27.03028],[110.87969,27.0591],[110.87997,27.08695],[110.86401,27.08592],[110.84959,27.12148],[110.80907,27.12393],[110.80171,27.15206],[110.77335,27.15887],[110.77758,27.18087],[110.82966,27.18806],[110.76773,27.29184],[110.78236,27.31502],[110.77693,27.35709],[110.71638,27.33751],[110.67413,27.34692],[110.67512,27.36626],[110.63994,27.37758],[110.66058,27.43263],[110.69146,27.4652],[110.68086,27.50616],[110.62317,27.54047],[110.63103,27.55588],[110.67752,27.61335],[110.70725,27.61],[110.73335,27.63111],[110.73588,27.60658],[110.80155,27.56305],[110.80317,27.57916],[110.84814,27.59537],[110.83953,27.625],[110.86463,27.66111],[110.97609,27.66652],[110.99802,27.65988],[110.99644,27.63005],[111.05548,27.63985],[111.07086,27.59127],[111.14433,27.58586],[111.19362,27.55159]]]}},{"type":"Feature","id":"CTAMAP-2006-COUNTY-1237","properties":{"map_level":"county","source_name":"娄星区","source_code":"431302","county_type":"市辖区","prefecture_name":"娄底市","prefecture_code":"431300","prefecture_type":"地级市","parent_entity_id":"CNUR-000194","parent_year_end_name":"娄底市","province_name":"湖南省","province_code":"430000","snapshot_year":2006,"panel_year":2005,"link_status":"parent_linked","former_name":"","note":""},"geometry":{"type":"Polygon","coordinates":[[[111.98229,27.95351],[112.01072,27.83675],[112.03353,27.84127],[112.0493,27.80771],[112.09556,27.81235],[112.0954,27.76754],[112.12866,27.75108],[112.10492,27.74199],[112.10051,27.72014],[112.07986,27.73763],[112.08631,27.71951],[112.03994,27.71177],[112.04114,27.67751],[112.05673,27.68032],[112.08636,27.64621],[112.0999,27.65781],[112.11622,27.64707],[112.13879,27.66895],[112.18505,27.58947],[112.18291,27.56912],[112.15828,27.57804],[112.11866,27.54307],[112.06905,27.55413],[112.0405,27.58054],[112.06584,27.59518],[112.05228,27.61909],[112.07797,27.62944],[112.05394,27.64885],[112.02728,27.6269],[112.03519,27.61287],[112.02052,27.5957],[111.96566,27.61313],[111.91315,27.59801],[111.90054,27.61704],[111.8746,27.61871],[111.86033,27.64679],[111.88245,27.68581],[111.87436,27.70294],[111.90141,27.72299],[111.88735,27.75071],[111.90549,27.78055],[111.92263,27.78209],[111.91762,27.80477],[111.9656,27.80969],[111.95597,27.85976],[111.92371,27.86769],[111.94114,27.96882],[111.95607,27.97564],[111.98229,27.95351]]]}},{"type":"Feature","id":"CTAMAP-2006-COUNTY-1241","properties":{"map_level":"county","source_name":"芦淞区","source_code":"430203","county_type":"市辖区","prefecture_name":"株洲市","prefecture_code":"430200","prefecture_type":"地级市","parent_entity_id":"CNUR-000183","parent_year_end_name":"株洲市","province_name":"湖南省","province_code":"430000","snapshot_year":2006,"panel_year":2005,"link_status":"parent_linked","former_name":"","note":""},"geometry":{"type":"Polygon","coordinates":[[[113.35423,27.85102],[113.34178,27.75285],[113.27494,27.75823],[113.26483,27.77427],[113.2491,27.75952],[113.2357,27.78315],[113.20374,27.76612],[113.1791,27.77412],[113.17075,27.75362],[113.1301,27.77154],[113.11646,27.75721],[113.10618,27.77242],[113.1112,27.79361],[113.14096,27.80654],[113.14227,27.8334],[113.12242,27.85037],[113.13435,27.86221],[113.15583,27.83008],[113.20607,27.83476],[113.29133,27.88265],[113.35423,27.85102]]]}},{"type":"Feature","id":"CTAMAP-2006-COUNTY-1250","properties":{"map_level":"county","source_name":"泸溪县","source_code":"433122","county_type":"县","prefecture_name":"湘西土家族苗族自治州","prefecture_code":"433100","prefecture_type":"自治州","parent_entity_id":"CNUR-000195","parent_year_end_name":"湘西土家族苗族自治州","province_name":"湖南省","province_code":"430000","snapshot_year":2006,"panel_year":2005,"link_status":"parent_linked","former_name":"","note":""},"geometry":{"type":"Polygon","coordinates":[[[110.06422,28.45172],[110.11148,28.44598],[110.10576,28.41412],[110.136,28.38537],[110.15207,28.39832],[110.1795,28.3647],[110.2089,28.3601],[110.16708,28.31601],[110.18166,28.28869],[110.16644,28.28332],[110.1856,28.2569],[110.23622,28.2343],[110.22692,28.22775],[110.24217,28.21544],[110.23133,28.19996],[110.18751,28.20436],[110.19573,28.18194],[110.16401,28.16199],[110.17812,28.13993],[110.14531,28.12867],[110.15771,28.10093],[110.10706,28.09405],[110.134,28.05909],[110.11903,28.01303],[110.10325,28.00906],[110.09389,27.97786],[110.04253,27.95806],[110.0513,27.92597],[110.01111,27.90949],[109.9843,27.94798],[109.96676,27.94209],[109.96673,27.95989],[109.94849,27.94925],[109.92992,27.96653],[109.897,27.94274],[109.83502,27.97585],[109.83814,27.9875],[109.78207,27.97925],[109.77845,28.02229],[109.79969,28.05568],[109.79183,28.087],[109.76824,28.08654],[109.74194,28.11099],[109.66179,28.09443],[109.66568,28.15548],[109.69313,28.16435],[109.70672,28.15044],[109.7127,28.16356],[109.74266,28.13576],[109.76038,28.15312],[109.82139,28.15264],[109.8477,28.21712],[109.83553,28.24429],[109.85772,28.27221],[109.9248,28.27795],[109.94775,28.30164],[109.98876,28.2802],[109.99059,28.30651],[110.01805,28.32529],[109.9992,28.40807],[110.05024,28.41898],[110.06422,28.45172]]]}},{"type":"Feature","id":"CTAMAP-2006-COUNTY-1262","properties":{"map_level":"county","source_name":"株洲县","source_code":"430221","county_type":"县","prefecture_name":"株洲市","prefecture_code":"430200","prefecture_type":"地级市","parent_entity_id":"CNUR-000183","parent_year_end_name":"株洲市","province_name":"湖南省","province_code":"430000","snapshot_year":2006,"panel_year":2005,"link_status":"parent_linked","former_name":"","note":""},"geometry":{"type":"Polygon","coordinates":[[[113.29037,27.76423],[113.29884,27.72816],[113.27281,27.69439],[113.21009,27.68357],[113.1947,27.62262],[113.17403,27.61963],[113.16766,27.59553],[113.18127,27.57486],[113.17195,27.56389],[113.20776,27.54028],[113.17736,27.48939],[113.22465,27.4867],[113.25241,27.44805],[113.29729,27.44107],[113.30952,27.39861],[113.25249,27.34975],[113.19647,27.33445],[113.20063,27.29411],[113.23036,27.28152],[113.22504,27.24505],[113.18168,27.24923],[113.16554,27.23455],[113.13991,27.25536],[113.1096,27.20859],[113.10535,27.22918],[113.08156,27.23876],[113.07911,27.27125],[113.04162,27.28885],[113.02036,27.3884],[112.98972,27.40552],[112.99429,27.43847],[112.96467,27.48192],[112.98427,27.50032],[112.96535,27.5084],[112.96552,27.57298],[113.00651,27.60156],[112.99034,27.62102],[113.00213,27.6254],[113.04718,27.58101],[113.0361,27.55663],[113.0143,27.55559],[113.02672,27.52204],[113.07461,27.53181],[113.11796,27.5794],[113.0992,27.64368],[113.13161,27.71791],[113.11646,27.75721],[113.12795,27.77166],[113.17075,27.75362],[113.1791,27.77412],[113.20374,27.76612],[113.2357,27.78315],[113.2491,27.75952],[113.26483,27.77427],[113.27494,27.75823],[113.29037,27.76423]]]}},{"type":"Feature","id":"CTAMAP-2006-COUNTY-1303","properties":{"map_level":"county","source_name":"麻阳苗族自治县","source_code":"431226","county_type":"自治县","prefecture_name":"怀化市","prefecture_code":"431200","prefecture_type":"地级市","parent_entity_id":"CNUR-000193","parent_year_end_name":"怀化市","province_name":"湖南省","province_code":"430000","snapshot_year":2006,"panel_year":2005,"link_status":"parent_linked","former_name":"","note":""},"geometry":{"type":"Polygon","coordinates":[[[109.78335,28.0275],[109.78787,27.97613],[109.83814,27.9875],[109.83502,27.97585],[109.897,27.94274],[109.92992,27.96653],[109.94849,27.94925],[109.96673,27.95989],[109.96676,27.94209],[109.9843,27.94798],[110.01111,27.90949],[110.05143,27.9261],[110.04201,27.95504],[110.05727,27.9728],[110.08114,27.94837],[110.08592,27.88051],[110.04997,27.88491],[110.02713,27.83583],[109.92616,27.81494],[109.91771,27.83923],[109.91391,27.79273],[109.86707,27.77941],[109.86953,27.74541],[109.81628,27.74022],[109.79236,27.71544],[109.7989,27.63921],[109.60637,27.60483],[109.55309,27.5719],[109.56541,27.54349],[109.52959,27.53432],[109.45828,27.57],[109.44781,27.59033],[109.47106,27.64128],[109.45419,27.66641],[109.46958,27.6843],[109.407,27.72858],[109.458,27.77471],[109.45448,27.8068],[109.47209,27.80729],[109.47742,27.79111],[109.52806,27.81516],[109.52692,27.79586],[109.54718,27.78421],[109.57683,27.81393],[109.6004,27.80147],[109.64237,27.83727],[109.63962,27.86935],[109.61363,27.87946],[109.62897,27.91893],[109.707,27.9505],[109.71094,27.97733],[109.72956,27.98286],[109.73073,28.03068],[109.78335,28.0275]]]}},{"type":"Feature","id":"CTAMAP-2006-COUNTY-1352","properties":{"map_level":"county","source_name":"汨罗市","source_code":"430681","county_type":"县级市","prefecture_name":"岳阳市","prefecture_code":"430600","prefecture_type":"地级市","parent_entity_id":"CNUR-000187","parent_year_end_name":"岳阳市","province_name":"湖南省","province_code":"430000","snapshot_year":2006,"panel_year":2005,"link_status":"parent_linked","former_name":"","note":""},"geometry":{"type":"Polygon","coordinates":[[[113.38183,28.96057],[113.39527,28.89586],[113.43515,28.87857],[113.43605,28.85615],[113.42284,28.86515],[113.36946,28.82708],[113.34912,28.85563],[113.32239,28.84026],[113.28278,28.84381],[113.28638,28.82126],[113.26222,28.78374],[113.17832,28.80735],[113.17866,28.68778],[113.23066,28.66437],[113.20823,28.63884],[113.21251,28.62264],[113.17439,28.60365],[113.19635,28.55978],[113.16417,28.48016],[113.12687,28.47124],[113.12644,28.50245],[113.08388,28.50935],[113.07227,28.52581],[113.01818,28.47611],[112.98518,28.46388],[112.96146,28.47248],[112.97027,28.52446],[113.00027,28.57128],[112.99121,28.5938],[113.03132,28.64833],[112.96251,28.66881],[112.94862,28.69585],[113.01164,28.70918],[113.01992,28.72548],[113.00473,28.75652],[113.02099,28.78763],[112.98342,28.82071],[112.8871,28.83478],[112.86781,28.91095],[112.8906,28.96421],[112.86763,28.99681],[112.89185,29.02113],[112.91777,29.02178],[112.9327,29.04798],[112.94914,29.0394],[112.96103,29.06557],[112.97979,29.06098],[112.99417,29.02008],[113.06568,29.01071],[113.14546,28.96291],[113.17851,28.97297],[113.18106,28.95379],[113.2226,28.96361],[113.23627,28.99167],[113.30741,28.99763],[113.32379,28.97509],[113.35622,28.97751],[113.38183,28.96057]]]}},{"type":"Feature","id":"CTAMAP-2006-COUNTY-1425","properties":{"map_level":"county","source_name":"南县","source_code":"430921","county_type":"县","prefecture_name":"益阳市","prefecture_code":"430900","prefecture_type":"地级市","parent_entity_id":"CNUR-000190","parent_year_end_name":"益阳市","province_name":"湖南省","province_code":"430000","snapshot_year":2006,"panel_year":2005,"link_status":"parent_linked","former_name":"","note":""},"geometry":{"type":"Polygon","coordinates":[[[112.73881,29.17258],[112.8095,29.18628],[112.78672,29.15664],[112.72521,29.15533],[112.69812,29.10767],[112.65411,29.08019],[112.56142,29.08907],[112.5641,29.16869],[112.53777,29.15882],[112.43492,29.18737],[112.41804,29.16804],[112.39536,29.18266],[112.38416,29.16959],[112.40116,29.15175],[112.38318,29.09746],[112.32761,29.04734],[112.30674,29.06176],[112.24784,29.05178],[112.24194,29.1063],[112.18251,29.13783],[112.19545,29.14766],[112.19126,29.17574],[112.22799,29.21362],[112.20665,29.29942],[112.25768,29.30286],[112.2471,29.35487],[112.28986,29.41047],[112.29496,29.45],[112.28065,29.51022],[112.30988,29.52706],[112.32593,29.51246],[112.32508,29.4486],[112.36021,29.45852],[112.38226,29.40339],[112.48043,29.34528],[112.49632,29.31454],[112.57172,29.3052],[112.6013,29.33335],[112.6346,29.33628],[112.6924,29.28753],[112.67713,29.27534],[112.69005,29.25906],[112.67263,29.24616],[112.6727,29.19451],[112.73881,29.17258]]]}},{"type":"Feature","id":"CTAMAP-2006-COUNTY-1428","properties":{"map_level":"county","source_name":"南岳区","source_code":"430412","county_type":"市辖区","prefecture_name":"衡阳市","prefecture_code":"430400","prefecture_type":"地级市","parent_entity_id":"CNUR-000185","parent_year_end_name":"衡阳市","province_name":"湖南省","province_code":"430000","snapshot_year":2006,"panel_year":2005,"link_status":"parent_linked","former_name":"","note":""},"geometry":{"type":"Polygon","coordinates":[[[112.64197,27.20193],[112.60505,27.22813],[112.56279,27.23465],[112.58097,27.25475],[112.61928,27.24022],[112.63955,27.26579],[112.6541,27.26297],[112.6192,27.29725],[112.65739,27.30098],[112.65862,27.3271],[112.67717,27.31555],[112.6954,27.33517],[112.72404,27.3344],[112.73409,27.31333],[112.7736,27.30171],[112.76355,27.2505],[112.74214,27.24466],[112.76317,27.1967],[112.67521,27.2106],[112.64197,27.20193]]]}},{"type":"Feature","id":"CTAMAP-2006-COUNTY-1463","properties":{"map_level":"county","source_name":"宁乡县","source_code":"430124","county_type":"县","prefecture_name":"长沙市","prefecture_code":"430100","prefecture_type":"地级市","parent_entity_id":"CNUR-000182","parent_year_end_name":"长沙市","province_name":"湖南省","province_code":"430000","snapshot_year":2006,"panel_year":2005,"link_status":"parent_linked","former_name":"","note":""},"geometry":{"type":"Polygon","coordinates":[[[112.70084,28.22687],[112.63404,28.19482],[112.61022,28.11648],[112.64471,28.11788],[112.7099,28.08202],[112.7536,28.09366],[112.77085,28.08248],[112.77028,28.06105],[112.80379,28.03982],[112.78609,28.02541],[112.78446,28.03777],[112.76511,28.03794],[112.77527,28.02629],[112.72598,27.92006],[112.64676,27.94418],[112.63567,27.92486],[112.65203,27.90311],[112.63521,27.88238],[112.59301,27.92204],[112.59338,27.95791],[112.50551,27.99769],[112.50905,28.02298],[112.47399,28.06343],[112.40533,28.04336],[112.40937,28.01729],[112.38947,28.00296],[112.41078,27.99496],[112.39254,27.96612],[112.21465,27.97211],[112.20563,27.95683],[112.19239,27.9739],[112.15488,27.91989],[112.13099,27.90888],[112.12886,27.92094],[112.09685,27.89663],[112.05846,27.92021],[111.99544,27.91089],[111.98229,27.95351],[111.94553,27.99179],[111.90748,27.97618],[111.89221,27.98618],[111.90442,28.05689],[111.92236,28.06897],[111.8925,28.10361],[111.92763,28.13713],[111.94042,28.18519],[111.93054,28.19334],[111.97085,28.22398],[112.00069,28.22859],[112.01038,28.24992],[112.10891,28.27542],[112.18732,28.23465],[112.20998,28.24454],[112.23348,28.21383],[112.27758,28.25696],[112.31579,28.26395],[112.31014,28.28744],[112.33785,28.27124],[112.35582,28.28544],[112.34074,28.2943],[112.40668,28.29732],[112.41361,28.32015],[112.46502,28.32503],[112.48046,28.30973],[112.49963,28.31591],[112.49348,28.33181],[112.53031,28.33584],[112.54815,28.32074],[112.5675,28.32938],[112.55459,28.35128],[112.57225,28.34626],[112.57623,28.40288],[112.65148,28.48893],[112.67865,28.47481],[112.64706,28.45106],[112.675,28.42727],[112.66596,28.41369],[112.71909,28.37861],[112.69596,28.3642],[112.71623,28.33871],[112.69862,28.31172],[112.71538,28.28819],[112.6835,28.25543],[112.70084,28.22687]]]}},{"type":"Feature","id":"CTAMAP-2006-COUNTY-1465","properties":{"map_level":"county","source_name":"宁远县","source_code":"431126","county_type":"县","prefecture_name":"永州市","prefecture_code":"431100","prefecture_type":"地级市","parent_entity_id":"CNUR-000192","parent_year_end_name":"永州市","province_name":"湖南省","province_code":"430000","snapshot_year":2006,"panel_year":2005,"link_status":"parent_linked","former_name":"","note":""},"geometry":{"type":"Polygon","coordinates":[[[112.07069,26.0777],[112.10939,25.98397],[112.08575,25.93099],[112.11401,25.92889],[112.08673,25.85696],[112.11009,25.84668],[112.08285,25.78963],[112.08357,25.74665],[112.10667,25.73512],[112.13602,25.7602],[112.13911,25.74611],[112.15247,25.75049],[112.12641,25.69094],[112.15493,25.69336],[112.17167,25.66181],[112.1975,25.70415],[112.23725,25.701],[112.25374,25.6393],[112.2353,25.61338],[112.17049,25.59954],[112.14881,25.56472],[112.10419,25.5541],[112.07946,25.53505],[112.07743,25.50886],[112.04482,25.49427],[112.05531,25.48577],[112.02676,25.47994],[112.02981,25.45665],[112.03713,25.47017],[112.07161,25.46539],[112.04369,25.45176],[112.07926,25.43873],[112.061,25.42751],[112.08883,25.3969],[112.06719,25.38367],[112.08487,25.35256],[112.08675,25.2783],[112.05909,25.26541],[112.04792,25.23359],[112.01457,25.23199],[111.98947,25.20036],[111.96412,25.22481],[111.91759,25.22897],[111.89647,25.30556],[111.87222,25.30356],[111.85871,25.35356],[111.84263,25.36019],[111.83006,25.45984],[111.76554,25.43301],[111.75768,25.44932],[111.79147,25.49569],[111.78302,25.52035],[111.81864,25.52478],[111.84288,25.54694],[111.84269,25.5848],[111.82094,25.62373],[111.78917,25.6441],[111.74742,25.58966],[111.74917,25.62228],[111.72745,25.63385],[111.75981,25.71271],[111.81333,25.75841],[111.83105,25.80715],[111.87852,25.85301],[111.86026,25.86854],[111.87563,25.93186],[111.89957,25.93629],[111.91965,26.02034],[111.97158,26.03088],[111.9797,26.10161],[112.02514,26.09684],[112.04897,26.1382],[112.07056,26.12195],[112.0466,26.11498],[112.03967,26.08574],[112.07069,26.0777]]]}},{"type":"Feature","id":"CTAMAP-2006-COUNTY-1499","properties":{"map_level":"county","source_name":"平江县","source_code":"430626","county_type":"县","prefecture_name":"岳阳市","prefecture_code":"430600","prefecture_type":"地级市","parent_entity_id":"CNUR-000187","parent_year_end_name":"岳阳市","province_name":"湖南省","province_code":"430000","snapshot_year":2006,"panel_year":2005,"link_status":"parent_linked","former_name":"","note":""},"geometry":{"type":"Polygon","coordinates":[[[113.93949,29.0476],[113.95912,28.94525],[114.00353,28.95824],[113.99721,28.92312],[114.02362,28.89139],[114.04312,28.91011],[114.06283,28.89445],[114.05394,28.85428],[114.07287,28.83526],[114.11852,28.84704],[114.13022,28.82932],[114.14852,28.83524],[114.13265,28.78361],[114.152,28.76663],[114.1446,28.72864],[114.11673,28.68771],[114.12846,28.64524],[114.11634,28.62366],[114.12824,28.61193],[114.0803,28.56009],[114.01679,28.54558],[113.96996,28.56811],[113.9319,28.52487],[113.89806,28.53237],[113.88367,28.5176],[113.85061,28.53511],[113.81234,28.46883],[113.69801,28.42586],[113.64858,28.45095],[113.64434,28.47547],[113.57187,28.54233],[113.54417,28.52803],[113.50237,28.53931],[113.48721,28.57349],[113.45214,28.59938],[113.4169,28.58137],[113.4203,28.63891],[113.40469,28.63054],[113.37458,28.64877],[113.34658,28.61957],[113.31653,28.61773],[113.29045,28.63922],[113.25118,28.62926],[113.23347,28.66403],[113.17866,28.68778],[113.18646,28.74336],[113.1711,28.78379],[113.18219,28.8123],[113.2179,28.78639],[113.26222,28.78374],[113.28638,28.82126],[113.28278,28.84381],[113.32239,28.84026],[113.34912,28.85563],[113.36946,28.82708],[113.42284,28.86515],[113.4422,28.86341],[113.39531,28.89578],[113.3817,28.96056],[113.45841,28.97585],[113.47041,28.96025],[113.5073,28.95633],[113.54467,28.96615],[113.55914,28.99003],[113.57214,28.98225],[113.56239,28.97106],[113.5813,28.98056],[113.58316,28.96364],[113.58889,28.96267],[113.60591,28.97168],[113.62688,29.02907],[113.64503,29.0202],[113.67488,29.04388],[113.70385,29.03819],[113.72333,29.06417],[113.73766,29.05661],[113.75392,29.07033],[113.76441,29.09397],[113.80022,29.10576],[113.83196,29.09503],[113.8278,29.07284],[113.84124,29.0632],[113.87352,29.06545],[113.87032,29.03759],[113.93949,29.0476]]]}},{"type":"Feature","id":"CTAMAP-2006-COUNTY-1550","properties":{"map_level":"county","source_name":"祁东县","source_code":"430426","county_type":"县","prefecture_name":"衡阳市","prefecture_code":"430400","prefecture_type":"地级市","parent_entity_id":"CNUR-000185","parent_year_end_name":"衡阳市","province_name":"湖南省","province_code":"430000","snapshot_year":2006,"panel_year":2005,"link_status":"parent_linked","former_name":"","note":""},"geometry":{"type":"Polygon","coordinates":[[[111.9963,26.94763],[112.03781,26.87794],[112.10869,26.88128],[112.13751,26.8451],[112.24851,26.80237],[112.25504,26.79037],[112.22906,26.77036],[112.2534,26.74226],[112.1924,26.72978],[112.23834,26.66528],[112.25607,26.66632],[112.2504,26.63318],[112.29673,26.62814],[112.29886,26.61192],[112.33458,26.60336],[112.30486,26.55715],[112.31588,26.51068],[112.30344,26.49169],[112.25236,26.46725],[112.1943,26.47584],[112.20069,26.50339],[112.23899,26.51689],[112.23771,26.53666],[112.21475,26.55225],[112.14001,26.51096],[112.14524,26.53858],[112.15785,26.53885],[112.14309,26.55424],[112.16901,26.56645],[112.16659,26.58595],[112.13621,26.59788],[112.14702,26.62697],[112.10396,26.65773],[112.08322,26.64108],[111.99301,26.64916],[111.99292,26.62961],[112.01377,26.62247],[112.00116,26.60087],[111.98708,26.62955],[111.95453,26.64826],[111.91306,26.75167],[111.89506,26.7561],[111.86576,26.80268],[111.82094,26.78373],[111.82191,26.80602],[111.80372,26.80809],[111.78011,26.78941],[111.766,26.81113],[111.73547,26.81408],[111.74584,26.84414],[111.72391,26.83541],[111.70919,26.85284],[111.68189,26.83618],[111.64862,26.84483],[111.63492,26.80308],[111.5984,26.78841],[111.53951,26.82382],[111.54575,26.86531],[111.58202,26.89692],[111.56251,26.9417],[111.57692,26.96703],[111.61693,26.95733],[111.64108,26.96819],[111.65985,27.03522],[111.72507,27.06987],[111.80145,27.03636],[111.80948,27.04914],[111.81275,27.02661],[111.83721,27.01269],[111.86446,27.01729],[111.89204,26.97759],[111.89469,26.93033],[111.96961,26.96545],[111.9963,26.94763]]]}},{"type":"Feature","id":"CTAMAP-2006-COUNTY-1554","properties":{"map_level":"county","source_name":"祁阳县","source_code":"431121","county_type":"县","prefecture_name":"永州市","prefecture_code":"431100","prefecture_type":"地级市","parent_entity_id":"CNUR-000192","parent_year_end_name":"永州市","province_name":"湖南省","province_code":"430000","snapshot_year":2006,"panel_year":2005,"link_status":"parent_linked","former_name":"","note":""},"geometry":{"type":"Polygon","coordinates":[[[112.18941,26.48265],[112.1686,26.50452],[112.14942,26.49308],[112.16247,26.48405],[112.14336,26.47231],[112.16053,26.45851],[112.13608,26.44653],[112.14733,26.40844],[112.13446,26.39261],[112.14633,26.35525],[112.17476,26.34856],[112.17106,26.31244],[112.20756,26.31056],[112.17627,26.1814],[112.21006,26.17219],[112.2054,26.15579],[112.22978,26.12699],[112.20574,26.09982],[112.19201,26.10965],[112.15065,26.07487],[112.12435,26.07261],[112.10107,26.04165],[112.07069,26.0777],[112.03967,26.08574],[112.0466,26.11498],[112.07054,26.12187],[112.05508,26.13483],[112.03823,26.13393],[112.02523,26.09689],[111.99736,26.09399],[111.95309,26.13758],[111.92984,26.13969],[111.92697,26.20574],[111.90004,26.22119],[111.91339,26.24611],[111.89354,26.31168],[111.8668,26.32755],[111.86346,26.35182],[111.80834,26.36169],[111.79784,26.42488],[111.77886,26.43777],[111.77842,26.49536],[111.75002,26.51732],[111.74313,26.60519],[111.75537,26.61468],[111.72125,26.64085],[111.7342,26.6924],[111.69808,26.70306],[111.70804,26.721],[111.69158,26.71898],[111.68434,26.73844],[111.61014,26.76175],[111.58579,26.79416],[111.63492,26.80308],[111.64862,26.84483],[111.68189,26.83618],[111.70919,26.85284],[111.72391,26.83541],[111.74584,26.84414],[111.73547,26.81408],[111.766,26.81113],[111.78011,26.78941],[111.80372,26.80809],[111.82191,26.80602],[111.82094,26.78373],[111.86576,26.80268],[111.89506,26.7561],[111.91306,26.75167],[111.95453,26.64826],[111.98708,26.62955],[112.00151,26.60065],[112.01377,26.62247],[111.98771,26.64535],[112.00126,26.65308],[112.08322,26.64108],[112.10396,26.65773],[112.14468,26.63076],[112.13606,26.59821],[112.16434,26.59011],[112.16934,26.56824],[112.14309,26.55424],[112.15785,26.53885],[112.14524,26.53858],[112.14001,26.51096],[112.20712,26.55144],[112.23771,26.53666],[112.23812,26.51426],[112.20201,26.50454],[112.18941,26.48265]]]}},{"type":"Feature","id":"CTAMAP-2006-COUNTY-1674","properties":{"map_level":"county","source_name":"汝城县","source_code":"431026","county_type":"县","prefecture_name":"郴州市","prefecture_code":"431000","prefecture_type":"地级市","parent_entity_id":"CNUR-000191","parent_year_end_name":"郴州市","province_name":"湖南省","province_code":"430000","snapshot_year":2006,"panel_year":2005,"link_status":"parent_linked","former_name":"","note":""},"geometry":{"type":"Polygon","coordinates":[[[113.91004,25.73356],[113.90812,25.70322],[113.94432,25.62416],[113.9788,25.60267],[113.98276,25.53288],[113.96031,25.53541],[113.94067,25.50239],[113.9547,25.48589],[113.93401,25.46469],[113.93938,25.44459],[113.87924,25.43896],[113.87077,25.38265],[113.83305,25.36625],[113.81662,25.33326],[113.75317,25.33284],[113.74203,25.36876],[113.7316,25.35188],[113.7011,25.36399],[113.67562,25.33678],[113.60581,25.33032],[113.57634,25.3092],[113.5751,25.34806],[113.53799,25.37073],[113.51452,25.35687],[113.51106,25.3727],[113.47655,25.38088],[113.43921,25.36248],[113.41173,25.40149],[113.36665,25.40787],[113.35534,25.44029],[113.30699,25.44646],[113.29119,25.51127],[113.30147,25.52277],[113.28587,25.52976],[113.27384,25.57084],[113.28264,25.59245],[113.32668,25.63339],[113.34231,25.60831],[113.3569,25.62018],[113.38483,25.60841],[113.41067,25.64662],[113.42953,25.61967],[113.43225,25.56931],[113.45062,25.5826],[113.46928,25.56375],[113.49667,25.5694],[113.53963,25.6009],[113.53089,25.62159],[113.55151,25.66496],[113.62617,25.69919],[113.6204,25.72928],[113.6427,25.7536],[113.63012,25.77277],[113.66011,25.78602],[113.6414,25.82055],[113.58216,25.83958],[113.6231,25.87215],[113.6561,25.86769],[113.66921,25.88637],[113.68536,25.84645],[113.75274,25.83709],[113.73498,25.81395],[113.78948,25.7734],[113.79053,25.74377],[113.81798,25.75377],[113.82128,25.77592],[113.87383,25.77676],[113.91004,25.73356]]]}},{"type":"Feature","id":"CTAMAP-2006-COUNTY-1703","properties":{"map_level":"county","source_name":"桑植县","source_code":"430822","county_type":"县","prefecture_name":"张家界市","prefecture_code":"430800","prefecture_type":"地级市","parent_entity_id":"CNUR-000189","parent_year_end_name":"张家界市","province_name":"湖南省","province_code":"430000","snapshot_year":2006,"panel_year":2005,"link_status":"parent_linked","former_name":"","note":""},"geometry":{"type":"Polygon","coordinates":[[[110.62732,29.75991],[110.65488,29.74312],[110.66729,29.70782],[110.70386,29.69505],[110.7264,29.69088],[110.75748,29.71956],[110.76261,29.66312],[110.74112,29.64767],[110.7451,29.62526],[110.59488,29.55715],[110.63139,29.53059],[110.56974,29.41894],[110.52834,29.3866],[110.5035,29.45645],[110.47595,29.4221],[110.45898,29.44465],[110.43735,29.4167],[110.30061,29.38822],[110.29353,29.36742],[110.24861,29.36038],[110.21124,29.32644],[110.19651,29.34166],[110.15061,29.34508],[110.1081,29.29192],[110.06218,29.32469],[110.00985,29.29221],[109.93182,29.31918],[109.93714,29.33578],[109.95832,29.33522],[109.93834,29.36112],[109.95506,29.39705],[109.91605,29.44765],[109.82369,29.3785],[109.78961,29.4163],[109.80554,29.42827],[109.79113,29.46567],[109.72924,29.53786],[109.77734,29.58176],[109.74742,29.61847],[109.71129,29.60839],[109.69383,29.63755],[109.71544,29.65678],[109.70944,29.6756],[109.76033,29.69557],[109.75169,29.71415],[109.7668,29.72743],[109.74765,29.74238],[109.81503,29.77623],[109.86801,29.78155],[109.89825,29.76582],[109.92639,29.78146],[109.97893,29.77085],[110.06888,29.79444],[110.12467,29.79251],[110.1618,29.75304],[110.19519,29.76288],[110.24928,29.73226],[110.29768,29.66462],[110.33816,29.67039],[110.36673,29.636],[110.44193,29.66744],[110.45985,29.71566],[110.51824,29.69488],[110.62732,29.75991]]]}},{"type":"Feature","id":"CTAMAP-2006-COUNTY-1747","properties":{"map_level":"county","source_name":"韶山市","source_code":"430382","county_type":"县级市","prefecture_name":"湘潭市","prefecture_code":"430300","prefecture_type":"地级市","parent_entity_id":"CNUR-000184","parent_year_end_name":"湘潭市","province_name":"湖南省","province_code":"430000","snapshot_year":2006,"panel_year":2005,"link_status":"parent_linked","former_name":"","note":""},"geometry":{"type":"Polygon","coordinates":[[[112.63521,27.88238],[112.60972,27.85006],[112.58861,27.86108],[112.58467,27.84839],[112.51085,27.89774],[112.46497,27.89732],[112.43438,27.86353],[112.39825,27.89439],[112.43207,27.9285],[112.42521,27.95007],[112.44125,27.95278],[112.45553,27.9262],[112.45878,27.9802],[112.49674,28.03211],[112.50551,27.99769],[112.59447,27.95676],[112.59301,27.92204],[112.63521,27.88238]]]}},{"type":"Feature","id":"CTAMAP-2006-COUNTY-1748","properties":{"map_level":"county","source_name":"邵东县","source_code":"430521","county_type":"县","prefecture_name":"邵阳市","prefecture_code":"430500","prefecture_type":"地级市","parent_entity_id":"CNUR-000186","parent_year_end_name":"邵阳市","province_name":"湖南省","province_code":"430000","snapshot_year":2006,"panel_year":2005,"link_status":"parent_linked","former_name":"","note":""},"geometry":{"type":"Polygon","coordinates":[[[111.85501,27.46384],[111.92439,27.37244],[111.96453,27.36343],[112.01878,27.30017],[112.0569,27.28972],[112.06378,27.21989],[112.08701,27.20848],[112.08608,27.18902],[112.05581,27.1823],[112.0399,27.13389],[112.05461,27.08539],[112.03886,27.07915],[112.06868,27.06416],[112.08135,27.01595],[112.04977,27.01459],[112.03506,27.00036],[112.03795,26.97401],[111.9963,26.94763],[111.96961,26.96545],[111.89475,26.93032],[111.89204,26.97759],[111.86446,27.01729],[111.83721,27.01269],[111.81275,27.02661],[111.80948,27.04914],[111.80145,27.03636],[111.72507,27.06987],[111.66436,27.036],[111.65562,27.08157],[111.62229,27.0914],[111.59986,27.06857],[111.6023,27.0939],[111.58342,27.10426],[111.58973,27.1255],[111.57277,27.15094],[111.58782,27.20324],[111.61223,27.20203],[111.62437,27.25415],[111.60785,27.25921],[111.60393,27.30202],[111.58479,27.31939],[111.61488,27.3286],[111.61758,27.30157],[111.64836,27.32005],[111.68371,27.29779],[111.68115,27.34671],[111.71051,27.3485],[111.73573,27.3895],[111.77625,27.38594],[111.79075,27.40663],[111.82886,27.3973],[111.83362,27.40983],[111.80802,27.42582],[111.82058,27.45152],[111.85501,27.46384]]]}},{"type":"Feature","id":"CTAMAP-2006-COUNTY-1750","properties":{"map_level":"county","source_name":"邵阳县","source_code":"430523","county_type":"县","prefecture_name":"邵阳市","prefecture_code":"430500","prefecture_type":"地级市","parent_entity_id":"CNUR-000186","parent_year_end_name":"邵阳市","province_name":"湖南省","province_code":"430000","snapshot_year":2006,"panel_year":2005,"link_status":"parent_linked","former_name":"","note":""},"geometry":{"type":"Polygon","coordinates":[[[111.35776,27.25913],[111.34722,27.20328],[111.37849,27.19722],[111.38136,27.16426],[111.42322,27.12836],[111.41442,27.09743],[111.4008,27.09575],[111.41922,27.08046],[111.48079,27.10255],[111.47752,27.14335],[111.5067,27.15041],[111.53871,27.09105],[111.57951,27.10727],[111.6023,27.0939],[111.60085,27.06779],[111.62229,27.0914],[111.6693,27.06318],[111.64333,26.96982],[111.61693,26.95733],[111.57692,26.96703],[111.56251,26.9417],[111.58202,26.89692],[111.54421,26.84714],[111.52124,26.86813],[111.44034,26.87119],[111.4193,26.84888],[111.3948,26.86453],[111.34439,26.86506],[111.30964,26.80635],[111.31998,26.71432],[111.29902,26.71117],[111.28116,26.67749],[111.25696,26.71693],[111.20807,26.72162],[111.19534,26.79088],[111.0635,26.81924],[111.0824,26.83503],[111.06436,26.86104],[111.07989,26.87993],[111.02752,26.8985],[110.99845,26.92949],[111.02363,26.93232],[111.03223,26.95136],[111.018,27.00312],[111.04898,27.01412],[111.07181,27.05034],[111.13191,27.00354],[111.1296,27.05665],[111.20734,27.07399],[111.20666,27.12707],[111.23166,27.14617],[111.21562,27.18982],[111.22819,27.26445],[111.26354,27.26736],[111.27373,27.24762],[111.35776,27.25913]]]}},{"type":"Feature","id":"CTAMAP-2006-COUNTY-1773","properties":{"map_level":"county","source_name":"石峰区","source_code":"430204","county_type":"市辖区","prefecture_name":"株洲市","prefecture_code":"430200","prefecture_type":"地级市","parent_entity_id":"CNUR-000183","parent_year_end_name":"株洲市","province_name":"湖南省","province_code":"430000","snapshot_year":2006,"panel_year":2005,"link_status":"parent_linked","former_name":"","note":""},"geometry":{"type":"Polygon","coordinates":[[[113.2523,28.0],[113.23662,27.97261],[113.21712,27.97893],[113.18997,27.96004],[113.19016,27.93723],[113.14295,27.89597],[113.14992,27.87227],[113.12242,27.85037],[113.04046,27.8497],[113.03218,27.86972],[113.06894,27.94987],[113.12785,27.91498],[113.13041,27.95142],[113.15638,27.97116],[113.14123,27.99782],[113.16399,27.99803],[113.16081,28.01566],[113.24565,28.02355],[113.2523,28.0]]]}},{"type":"Feature","id":"CTAMAP-2006-COUNTY-1774","properties":{"map_level":"county","source_name":"石鼓区","source_code":"430407","county_type":"市辖区","prefecture_name":"衡阳市","prefecture_code":"430400","prefecture_type":"地级市","parent_entity_id":"CNUR-000185","parent_year_end_name":"衡阳市","province_name":"湖南省","province_code":"430000","snapshot_year":2006,"panel_year":2005,"link_status":"parent_linked","former_name":"","note":"2001年新设立石鼓区"},"geometry":{"type":"Polygon","coordinates":[[[112.6492,27.01696],[112.65578,26.94996],[112.59559,26.89825],[112.59645,26.91582],[112.54243,26.95114],[112.55051,26.97189],[112.52976,26.99891],[112.59419,27.00492],[112.60063,27.02063],[112.6182,27.00825],[112.6492,27.01696]]]}},{"type":"Feature","id":"CTAMAP-2006-COUNTY-1781","properties":{"map_level":"county","source_name":"石门县","source_code":"430726","county_type":"县","prefecture_name":"常德市","prefecture_code":"430700","prefecture_type":"地级市","parent_entity_id":"CNUR-000188","parent_year_end_name":"常德市","province_name":"湖南省","province_code":"430000","snapshot_year":2006,"panel_year":2005,"link_status":"parent_linked","former_name":"","note":""},"geometry":{"type":"Polygon","coordinates":[[[111.24027,30.0426],[111.26099,30.01194],[111.2922,30.00712],[111.33493,29.94956],[111.31029,29.9304],[111.20984,29.9244],[111.22485,29.85447],[111.24984,29.8346],[111.27466,29.8485],[111.29822,29.83519],[111.31431,29.79103],[111.28821,29.77397],[111.34124,29.77459],[111.36138,29.72791],[111.40427,29.74755],[111.42626,29.71542],[111.43566,29.72725],[111.43955,29.70032],[111.42228,29.69668],[111.50179,29.64031],[111.50516,29.59776],[111.53768,29.58707],[111.53261,29.56902],[111.50987,29.57498],[111.48463,29.55841],[111.51594,29.54598],[111.4962,29.52318],[111.46802,29.55779],[111.459,29.5483],[111.47114,29.53089],[111.45687,29.52157],[111.49112,29.5142],[111.50752,29.47185],[111.48809,29.4354],[111.50762,29.43143],[111.47051,29.36203],[111.42286,29.37267],[111.43285,29.36302],[111.42159,29.33082],[111.44935,29.33039],[111.47119,29.3597],[111.52685,29.33651],[111.51419,29.30961],[111.46756,29.28395],[111.38541,29.27502],[111.3714,29.30212],[111.38038,29.32687],[111.30737,29.40664],[111.28565,29.40763],[111.31982,29.42967],[111.31121,29.46383],[111.33461,29.49538],[111.30983,29.53647],[111.28914,29.5368],[111.29758,29.55767],[111.24053,29.60709],[111.15475,29.59775],[111.05023,29.61889],[111.02751,29.67152],[110.96554,29.68293],[110.93153,29.6724],[110.85631,29.70066],[110.7634,29.68188],[110.75738,29.71962],[110.72609,29.69074],[110.66729,29.70782],[110.65463,29.74343],[110.62973,29.75263],[110.63805,29.77772],[110.60816,29.84166],[110.54529,29.84885],[110.52721,29.87863],[110.53571,29.9066],[110.50151,29.92152],[110.51089,29.96501],[110.55463,29.99034],[110.48667,30.02224],[110.4927,30.05805],[110.59319,30.05733],[110.64581,30.08028],[110.70202,30.03571],[110.73393,30.04293],[110.7511,30.05609],[110.73919,30.11464],[110.81375,30.12814],[110.91773,30.11451],[110.93019,30.06461],[111.24027,30.0426]]]}},{"type":"Feature","id":"CTAMAP-2006-COUNTY-1806","properties":{"map_level":"county","source_name":"双峰县","source_code":"431321","county_type":"县","prefecture_name":"娄底市","prefecture_code":"431300","prefecture_type":"地级市","parent_entity_id":"CNUR-000194","parent_year_end_name":"娄底市","province_name":"湖南省","province_code":"430000","snapshot_year":2006,"panel_year":2005,"link_status":"parent_linked","former_name":"","note":""},"geometry":{"type":"Polygon","coordinates":[[[112.41549,27.53128],[112.46731,27.45975],[112.51694,27.43462],[112.4977,27.41855],[112.50785,27.40656],[112.49115,27.40096],[112.48299,27.36427],[112.466,27.37596],[112.4343,27.34772],[112.36406,27.37097],[112.30672,27.37028],[112.21972,27.26357],[112.15797,27.32801],[112.14872,27.24271],[112.08016,27.20715],[112.06378,27.21989],[112.0569,27.28972],[112.01878,27.30017],[111.96453,27.36343],[111.92439,27.37244],[111.8649,27.45165],[111.92962,27.48121],[111.94854,27.50743],[112.02089,27.51927],[112.02816,27.53821],[111.98257,27.55944],[112.00645,27.58012],[111.9837,27.60962],[112.02337,27.59705],[112.03831,27.64371],[112.0769,27.63836],[112.0769,27.62516],[112.05228,27.61909],[112.06584,27.59518],[112.0405,27.58054],[112.06905,27.55413],[112.11866,27.54307],[112.15828,27.57804],[112.18291,27.56912],[112.15036,27.65132],[112.1595,27.66383],[112.19687,27.65689],[112.20125,27.67386],[112.23542,27.68837],[112.23806,27.7114],[112.29541,27.70736],[112.32141,27.68875],[112.30611,27.64555],[112.28994,27.6551],[112.27415,27.64071],[112.32912,27.60166],[112.30044,27.49615],[112.33951,27.50087],[112.36335,27.4846],[112.41549,27.53128]]]}},{"type":"Feature","id":"CTAMAP-2006-COUNTY-1811","properties":{"map_level":"county","source_name":"双牌县","source_code":"431123","county_type":"县","prefecture_name":"永州市","prefecture_code":"431100","prefecture_type":"地级市","parent_entity_id":"CNUR-000192","parent_year_end_name":"永州市","province_name":"湖南省","province_code":"430000","snapshot_year":2006,"panel_year":2005,"link_status":"parent_linked","former_name":"","note":""},"geometry":{"type":"Polygon","coordinates":[[[111.95453,26.12541],[111.98066,26.10545],[111.97168,26.03105],[111.91965,26.02034],[111.89957,25.93629],[111.87414,25.92621],[111.86026,25.86854],[111.87852,25.85301],[111.83105,25.80715],[111.81333,25.75841],[111.75981,25.71271],[111.72987,25.64581],[111.70057,25.64492],[111.68088,25.62623],[111.68675,25.60478],[111.59626,25.68904],[111.60294,25.69987],[111.584,25.69192],[111.5837,25.7239],[111.56442,25.73626],[111.572,25.79545],[111.54348,25.79111],[111.53037,25.82501],[111.51321,25.81352],[111.45264,25.84734],[111.48636,25.87386],[111.45762,25.87457],[111.45001,25.89082],[111.3989,25.88967],[111.40175,25.9411],[111.43032,25.9593],[111.43707,25.99491],[111.4868,25.981],[111.48977,25.95801],[111.52848,25.95671],[111.537,25.93858],[111.56623,25.95531],[111.58066,25.93452],[111.59826,25.93813],[111.60626,25.96234],[111.58034,25.97509],[111.57697,25.99651],[111.54974,25.99883],[111.54928,26.02133],[111.58933,26.03926],[111.59336,26.07111],[111.62202,26.09112],[111.64598,26.09475],[111.63586,26.07169],[111.65009,26.0605],[111.69046,26.09646],[111.73275,26.088],[111.7404,26.11052],[111.77025,26.11306],[111.78246,26.13257],[111.75014,26.14956],[111.83709,26.16901],[111.90149,26.11157],[111.95453,26.12541]]]}},{"type":"Feature","id":"CTAMAP-2006-COUNTY-1813","properties":{"map_level":"county","source_name":"双清区","source_code":"430502","county_type":"市辖区","prefecture_name":"邵阳市","prefecture_code":"430500","prefecture_type":"地级市","parent_entity_id":"CNUR-000186","parent_year_end_name":"邵阳市","province_name":"湖南省","province_code":"430000","snapshot_year":2006,"panel_year":2005,"link_status":"parent_linked","former_name":"","note":""},"geometry":{"type":"Polygon","coordinates":[[[111.59781,27.29589],[111.60785,27.25921],[111.62437,27.25415],[111.60438,27.19696],[111.48391,27.19903],[111.46918,27.21691],[111.45906,27.26606],[111.48884,27.2642],[111.48578,27.30611],[111.52906,27.30467],[111.52253,27.28522],[111.53671,27.27927],[111.54217,27.29703],[111.54775,27.28251],[111.57449,27.27983],[111.59781,27.29589]]]}},{"type":"Feature","id":"CTAMAP-2006-COUNTY-1850","properties":{"map_level":"county","source_name":"苏仙区","source_code":"431003","county_type":"市辖区","prefecture_name":"郴州市","prefecture_code":"431000","prefecture_type":"地级市","parent_entity_id":"CNUR-000191","parent_year_end_name":"郴州市","province_name":"湖南省","province_code":"430000","snapshot_year":2006,"panel_year":2005,"link_status":"parent_linked","former_name":"","note":""},"geometry":{"type":"Polygon","coordinates":[[[113.10829,26.03333],[113.10418,25.9874],[113.19443,25.96885],[113.1848,25.94858],[113.22185,25.93752],[113.23225,25.91448],[113.27164,25.79944],[113.24626,25.75329],[113.25727,25.72633],[113.23826,25.72371],[113.24864,25.69829],[113.22705,25.68989],[113.18444,25.57574],[113.11527,25.60118],[113.11259,25.57711],[113.08338,25.54782],[113.00247,25.54484],[113.00172,25.52974],[112.92606,25.50613],[112.93176,25.61158],[112.97376,25.62673],[112.98912,25.65417],[113.01624,25.65715],[112.98964,25.69252],[113.00555,25.72814],[113.07977,25.74264],[113.04817,25.78049],[113.02728,25.77401],[113.03461,25.79813],[113.01529,25.83679],[113.0247,25.87976],[112.99758,25.8575],[112.97899,25.86796],[112.97957,25.84126],[112.94124,25.82648],[112.9336,25.80823],[112.9065,25.81325],[112.91618,25.87037],[112.90192,25.90592],[112.932,25.96066],[112.90945,25.99618],[112.9698,26.03035],[113.01324,26.03364],[113.02332,26.01882],[113.05319,26.03491],[113.0465,26.05239],[113.06964,26.05766],[113.10829,26.03333]]]}},{"type":"Feature","id":"CTAMAP-2006-COUNTY-1866","properties":{"map_level":"county","source_name":"绥宁县","source_code":"430527","county_type":"县","prefecture_name":"邵阳市","prefecture_code":"430500","prefecture_type":"地级市","parent_entity_id":"CNUR-000186","parent_year_end_name":"邵阳市","province_name":"湖南省","province_code":"430000","snapshot_year":2006,"panel_year":2005,"link_status":"parent_linked","former_name":"","note":""},"geometry":{"type":"Polygon","coordinates":[[[110.5341,26.85881],[110.48473,26.76153],[110.42406,26.70645],[110.39884,26.63517],[110.31628,26.54441],[110.29208,26.46136],[110.25872,26.46726],[110.25509,26.52218],[110.2262,26.50433],[110.20954,26.53577],[110.18162,26.52662],[110.15659,26.44921],[110.15666,26.34691],[110.10615,26.36363],[110.0824,26.35644],[110.02296,26.31547],[110.01409,26.2658],[109.98548,26.27278],[109.97955,26.28464],[110.014,26.30701],[110.00695,26.37549],[109.97153,26.39704],[109.98161,26.42928],[109.95213,26.43538],[109.95137,26.45767],[109.92936,26.46318],[109.92192,26.48804],[109.89483,26.46486],[109.85482,26.47087],[109.88799,26.52978],[109.86148,26.54537],[109.86761,26.57371],[109.84827,26.59781],[109.81599,26.61273],[109.89327,26.65696],[109.90908,26.6877],[109.91932,26.67166],[109.96061,26.69753],[110.00968,26.66716],[110.03826,26.70084],[110.06734,26.70343],[110.0618,26.72373],[110.04247,26.72881],[110.06118,26.78156],[110.03403,26.83852],[110.05202,26.88445],[110.09612,26.90233],[110.07154,26.93501],[110.07827,26.95243],[110.13421,26.99279],[110.2626,26.96129],[110.29231,26.9839],[110.26848,26.97891],[110.30333,27.05084],[110.30857,27.11957],[110.33831,27.1216],[110.36684,27.1464],[110.39929,27.12055],[110.38713,27.09852],[110.35075,27.09034],[110.36931,27.09007],[110.36906,27.04787],[110.42789,27.04181],[110.41811,27.01591],[110.43178,26.98744],[110.47908,26.94625],[110.47863,26.92204],[110.50386,26.92095],[110.52122,26.88656],[110.50871,26.86772],[110.5341,26.85881]]]}},{"type":"Feature","id":"CTAMAP-2006-COUNTY-1908","properties":{"map_level":"county","source_name":"桃江县","source_code":"430922","county_type":"县","prefecture_name":"益阳市","prefecture_code":"430900","prefecture_type":"地级市","parent_entity_id":"CNUR-000190","parent_year_end_name":"益阳市","province_name":"湖南省","province_code":"430000","snapshot_year":2006,"panel_year":2005,"link_status":"parent_linked","former_name":"","note":""},"geometry":{"type":"Polygon","coordinates":[[[112.06507,28.67593],[112.10786,28.6229],[112.09425,28.602],[112.10216,28.58132],[112.17274,28.5813],[112.19404,28.60484],[112.22535,28.58259],[112.25579,28.58242],[112.20963,28.44587],[112.19183,28.43407],[112.21159,28.41501],[112.19248,28.39736],[112.24359,28.39435],[112.27856,28.37129],[112.26963,28.36647],[112.26652,28.35981],[112.30328,28.33883],[112.31701,28.2674],[112.28948,28.24941],[112.27758,28.25696],[112.23348,28.21383],[112.20998,28.24454],[112.18732,28.23465],[112.10891,28.27542],[112.01038,28.24992],[112.00069,28.22859],[111.98044,28.22765],[111.95572,28.25824],[111.97019,28.31584],[111.96122,28.3371],[111.89928,28.34757],[111.87702,28.39094],[111.80772,28.37413],[111.80073,28.40899],[111.74433,28.37674],[111.66183,28.36477],[111.64485,28.38993],[111.66093,28.40367],[111.60458,28.41548],[111.61724,28.45251],[111.66485,28.45464],[111.63069,28.47363],[111.65905,28.48479],[111.64551,28.51643],[111.67024,28.51845],[111.67447,28.57387],[111.66279,28.58728],[111.71431,28.60899],[111.71986,28.65426],[111.74494,28.66419],[111.77078,28.63503],[111.78292,28.65181],[111.80449,28.64483],[111.83356,28.61551],[111.85165,28.64131],[111.89398,28.63754],[111.91232,28.65789],[111.90519,28.67364],[111.9269,28.68162],[112.02374,28.64073],[112.03524,28.66195],[112.02136,28.67517],[112.06507,28.67593]]]}},{"type":"Feature","id":"CTAMAP-2006-COUNTY-1910","properties":{"map_level":"county","source_name":"桃源县","source_code":"430725","county_type":"县","prefecture_name":"常德市","prefecture_code":"430700","prefecture_type":"地级市","parent_entity_id":"CNUR-000188","parent_year_end_name":"常德市","province_name":"湖南省","province_code":"430000","snapshot_year":2006,"panel_year":2005,"link_status":"parent_linked","former_name":"","note":""},"geometry":{"type":"Polygon","coordinates":[[[111.4777,29.29028],[111.51874,29.26136],[111.54701,29.27744],[111.55109,29.24367],[111.58642,29.22808],[111.56528,29.21207],[111.57844,29.18327],[111.55736,29.14584],[111.57785,29.12485],[111.56433,29.07363],[111.5872,29.07052],[111.58497,29.04495],[111.61012,29.0184],[111.58692,28.96898],[111.51686,28.93268],[111.5115,28.86096],[111.52972,28.82612],[111.51912,28.80319],[111.50392,28.80757],[111.49545,28.79082],[111.46691,28.80018],[111.4527,28.79359],[111.47107,28.76094],[111.50193,28.74955],[111.46673,28.7013],[111.48519,28.64247],[111.50415,28.63549],[111.48987,28.57284],[111.42435,28.54871],[111.36788,28.55537],[111.32645,28.52253],[111.24198,28.53653],[111.22503,28.52487],[111.20448,28.53814],[111.18336,28.52005],[111.14753,28.51842],[111.14004,28.4762],[111.06296,28.45435],[111.02668,28.46088],[111.02601,28.43489],[110.99042,28.4487],[110.8861,28.40823],[110.8571,28.41038],[110.91988,28.48694],[110.94066,28.48269],[111.00255,28.54762],[111.07256,28.53421],[111.0481,28.57078],[111.05108,28.61167],[111.01914,28.59292],[110.97497,28.59208],[110.94882,28.57013],[110.93008,28.62243],[110.98256,28.62037],[111.00865,28.65308],[111.05511,28.64897],[111.04359,28.69452],[111.09076,28.70446],[111.10904,28.74714],[111.07178,28.81019],[111.00701,28.84834],[110.98318,28.90199],[110.95196,28.90996],[110.94764,28.96013],[110.98261,28.99078],[110.94439,28.99958],[110.9051,29.05185],[110.85706,29.06775],[110.84733,29.09655],[110.86023,29.11161],[110.8751,29.09996],[110.88642,29.11581],[110.91028,29.11395],[110.93652,29.14088],[110.97491,29.1145],[111.01769,29.12507],[111.02868,29.14576],[111.04451,29.13852],[111.07892,29.20012],[111.14464,29.24113],[111.20349,29.21334],[111.22942,29.23404],[111.2093,29.26763],[111.24504,29.29768],[111.23472,29.35637],[111.29791,29.40942],[111.38307,29.32316],[111.3714,29.30212],[111.38541,29.27502],[111.4777,29.29028]]]}},{"type":"Feature","id":"CTAMAP-2006-COUNTY-1923","properties":{"map_level":"county","source_name":"天心区","source_code":"430103","county_type":"市辖区","prefecture_name":"长沙市","prefecture_code":"430100","prefecture_type":"地级市","parent_entity_id":"CNUR-000182","parent_year_end_name":"长沙市","province_name":"湖南省","province_code":"430000","snapshot_year":2006,"panel_year":2005,"link_status":"parent_linked","former_name":"","note":""},"geometry":{"type":"Polygon","coordinates":[[[112.9708,28.19872],[112.9807,28.14795],[113.00049,28.12754],[112.99302,28.08628],[113.03061,28.0556],[113.00829,28.03203],[113.03276,28.00615],[113.03067,27.9826],[113.01966,27.98973],[112.99745,27.96924],[112.95708,27.99896],[112.92365,28.06294],[112.9708,28.19872]]]}},{"type":"Feature","id":"CTAMAP-2006-COUNTY-1924","properties":{"map_level":"county","source_name":"天元区","source_code":"430211","county_type":"市辖区","prefecture_name":"株洲市","prefecture_code":"430200","prefecture_type":"地级市","parent_entity_id":"CNUR-000183","parent_year_end_name":"株洲市","province_name":"湖南省","province_code":"430000","snapshot_year":2006,"panel_year":2005,"link_status":"parent_linked","former_name":"","note":""},"geometry":{"type":"Polygon","coordinates":[[[113.12242,27.85037],[113.14355,27.82624],[113.13991,27.80321],[113.10537,27.7834],[113.13171,27.72866],[113.0992,27.64368],[113.11796,27.5794],[113.07461,27.53181],[113.02672,27.52204],[113.0143,27.55559],[113.0361,27.55663],[113.04718,27.58101],[113.01455,27.61357],[113.03516,27.6276],[113.01643,27.6474],[113.02498,27.65885],[112.99667,27.65749],[112.98733,27.67602],[113.05323,27.72955],[113.01937,27.74168],[113.03175,27.76216],[113.02273,27.79184],[112.99069,27.81279],[113.05418,27.85556],[113.12242,27.85037]]]}},{"type":"Feature","id":"CTAMAP-2006-COUNTY-1939","properties":{"map_level":"county","source_name":"通道侗族自治县","source_code":"431230","county_type":"自治县","prefecture_name":"怀化市","prefecture_code":"431200","prefecture_type":"地级市","parent_entity_id":"CNUR-000193","parent_year_end_name":"怀化市","province_name":"湖南省","province_code":"430000","snapshot_year":2006,"panel_year":2005,"link_status":"parent_linked","former_name":"","note":""},"geometry":{"type":"Polygon","coordinates":[[[109.97955,26.28464],[109.98615,26.23752],[109.96371,26.20327],[109.90834,26.1558],[109.87913,26.04764],[109.86172,26.03101],[109.80811,26.04804],[109.78577,26.01747],[109.782,25.98978],[109.81034,25.97905],[109.82656,25.91185],[109.81192,25.88468],[109.77684,25.86979],[109.76236,25.89358],[109.68004,25.88596],[109.68699,25.96306],[109.70462,25.95575],[109.7261,25.99468],[109.70422,26.01713],[109.69428,26.00015],[109.67962,26.02182],[109.6498,26.01759],[109.64862,26.04973],[109.62105,26.05297],[109.57339,26.01353],[109.54315,26.02563],[109.53278,25.9981],[109.44753,26.05785],[109.44634,26.10401],[109.49992,26.09984],[109.50967,26.13253],[109.49135,26.15543],[109.4699,26.15291],[109.45433,26.19748],[109.46987,26.2047],[109.43187,26.24769],[109.45365,26.27454],[109.4948,26.27112],[109.53966,26.30124],[109.56246,26.34884],[109.59968,26.37758],[109.58142,26.39438],[109.59795,26.40806],[109.65672,26.39957],[109.67019,26.37665],[109.67295,26.41374],[109.715,26.43808],[109.72923,26.4703],[109.7689,26.45734],[109.76805,26.42382],[109.79144,26.44932],[109.83392,26.45473],[109.83963,26.4708],[109.89241,26.46436],[109.93156,26.48457],[109.92929,26.46326],[109.95095,26.45833],[109.95213,26.43538],[109.982,26.42846],[109.97327,26.39258],[110.00945,26.3677],[110.014,26.30701],[109.97955,26.28464]]]}},{"type":"Feature","id":"CTAMAP-2006-COUNTY-1991","properties":{"map_level":"county","source_name":"望城县","source_code":"430122","county_type":"县","prefecture_name":"长沙市","prefecture_code":"430100","prefecture_type":"地级市","parent_entity_id":"CNUR-000182","parent_year_end_name":"长沙市","province_name":"湖南省","province_code":"430000","snapshot_year":2006,"panel_year":2005,"link_status":"parent_linked","former_name":"","note":""},"geometry":{"type":"Polygon","coordinates":[[[112.97027,28.52446],[112.96146,28.47248],[112.98518,28.46388],[113.03011,28.48932],[113.04142,28.48044],[113.01761,28.46511],[113.02404,28.43544],[112.97936,28.41342],[112.94368,28.35077],[112.90316,28.33981],[112.95597,28.27659],[112.79371,28.24899],[112.8544,28.20177],[112.83806,28.15404],[112.82107,28.16253],[112.79198,28.14212],[112.77089,28.16703],[112.66681,28.19326],[112.66271,28.20744],[112.70084,28.22687],[112.6835,28.25543],[112.71538,28.28819],[112.69862,28.31172],[112.71623,28.33871],[112.69596,28.3642],[112.71909,28.37861],[112.66596,28.41369],[112.675,28.42727],[112.64706,28.45106],[112.67865,28.47481],[112.64657,28.49911],[112.67603,28.52814],[112.74455,28.51488],[112.79226,28.56108],[112.78299,28.52743],[112.81716,28.53238],[112.8187,28.51396],[112.86534,28.50511],[112.86425,28.52157],[112.88438,28.52852],[112.9304,28.51103],[112.97027,28.52446]]]}},{"type":"Feature","id":"CTAMAP-2006-COUNTY-2084","properties":{"map_level":"county","source_name":"武冈市","source_code":"430581","county_type":"县级市","prefecture_name":"邵阳市","prefecture_code":"430500","prefecture_type":"地级市","parent_entity_id":"CNUR-000186","parent_year_end_name":"邵阳市","province_name":"湖南省","province_code":"430000","snapshot_year":2006,"panel_year":2005,"link_status":"parent_linked","former_name":"","note":""},"geometry":{"type":"Polygon","coordinates":[[[111.01691,26.99998],[111.03223,26.95136],[111.02363,26.93232],[110.99996,26.93301],[111.00181,26.91653],[110.9839,26.91952],[110.97861,26.84705],[110.9248,26.85002],[110.94042,26.76788],[110.90012,26.73622],[110.88029,26.7484],[110.84066,26.73723],[110.86146,26.72123],[110.86111,26.6916],[110.85437,26.66752],[110.83952,26.66588],[110.83426,26.68367],[110.80876,26.66883],[110.81806,26.58073],[110.80341,26.57204],[110.77891,26.58744],[110.7505,26.56133],[110.71323,26.57118],[110.69768,26.54438],[110.68351,26.56385],[110.61106,26.56082],[110.61713,26.64084],[110.60316,26.66364],[110.58274,26.62088],[110.57988,26.64143],[110.55715,26.63765],[110.54162,26.66283],[110.51703,26.65542],[110.53628,26.65601],[110.50797,26.6318],[110.49289,26.67838],[110.42365,26.70248],[110.52261,26.82007],[110.53666,26.88084],[110.59198,26.89367],[110.59834,26.91342],[110.62553,26.91921],[110.68895,26.88468],[110.69011,26.91009],[110.73088,26.91358],[110.78241,26.97466],[110.84181,26.96038],[110.87418,26.93924],[110.86237,26.91905],[110.89899,26.91452],[110.90758,26.93899],[110.95504,26.95537],[110.90593,27.02552],[110.98462,27.03393],[111.01691,26.99998]]]}},{"type":"Feature","id":"CTAMAP-2006-COUNTY-2089","properties":{"map_level":"county","source_name":"武陵区","source_code":"430702","county_type":"市辖区","prefecture_name":"常德市","prefecture_code":"430700","prefecture_type":"地级市","parent_entity_id":"CNUR-000188","parent_year_end_name":"常德市","province_name":"湖南省","province_code":"430000","snapshot_year":2006,"panel_year":2005,"link_status":"parent_linked","former_name":"","note":""},"geometry":{"type":"Polygon","coordinates":[[[111.80472,28.99329],[111.81074,28.96065],[111.75102,28.96443],[111.73667,28.92804],[111.75602,28.92456],[111.72705,28.90641],[111.70675,28.91238],[111.69132,28.88878],[111.64982,28.94028],[111.70085,28.97659],[111.69213,29.02459],[111.6484,29.02012],[111.63562,28.96675],[111.5842,28.97352],[111.6101,29.01778],[111.58497,29.04495],[111.58797,29.0695],[111.60901,29.08622],[111.65814,29.06323],[111.67182,29.12058],[111.65857,29.14042],[111.70486,29.16725],[111.69425,29.1884],[111.7132,29.2225],[111.71829,29.20784],[111.74791,29.21171],[111.75055,29.20664],[111.74482,29.20297],[111.71326,29.20828],[111.70801,29.18251],[111.77564,29.18126],[111.77272,29.1546],[111.79992,29.11472],[111.84161,29.10266],[111.78391,29.05962],[111.80525,29.04025],[111.77936,29.00945],[111.80472,28.99329]]]}},{"type":"Feature","id":"CTAMAP-2006-COUNTY-2090","properties":{"map_level":"county","source_name":"武陵源区","source_code":"430811","county_type":"市辖区","prefecture_name":"张家界市","prefecture_code":"430800","prefecture_type":"地级市","parent_entity_id":"CNUR-000189","parent_year_end_name":"张家界市","province_name":"湖南省","province_code":"430000","snapshot_year":2006,"panel_year":2005,"link_status":"parent_linked","former_name":"","note":""},"geometry":{"type":"Polygon","coordinates":[[[110.56063,29.41805],[110.59212,29.37877],[110.66629,29.38029],[110.69227,29.35748],[110.60718,29.30609],[110.52385,29.29028],[110.55654,29.22123],[110.51178,29.23339],[110.50731,29.2528],[110.46399,29.28373],[110.43148,29.27175],[110.42461,29.29478],[110.40645,29.29047],[110.40112,29.32921],[110.37909,29.3512],[110.33108,29.36508],[110.32849,29.34873],[110.30272,29.34944],[110.3165,29.36279],[110.30061,29.38822],[110.43735,29.4167],[110.45898,29.44465],[110.46589,29.42105],[110.48267,29.42428],[110.48577,29.44596],[110.50298,29.45643],[110.5016,29.43648],[110.5209,29.42794],[110.51833,29.39228],[110.53514,29.39033],[110.56063,29.41805]]]}},{"type":"Feature","id":"CTAMAP-2006-COUNTY-2176","properties":{"map_level":"county","source_name":"湘潭县","source_code":"430321","county_type":"县","prefecture_name":"湘潭市","prefecture_code":"430300","prefecture_type":"地级市","parent_entity_id":"CNUR-000184","parent_year_end_name":"湘潭市","province_name":"湖南省","province_code":"430000","snapshot_year":2006,"panel_year":2005,"link_status":"parent_linked","former_name":"","note":""},"geometry":{"type":"Polygon","coordinates":[[[112.71919,27.91893],[112.72034,27.86224],[112.7445,27.84952],[112.73313,27.84026],[112.74533,27.82103],[112.77169,27.848],[112.90593,27.79517],[112.99069,27.81279],[113.02273,27.79184],[113.03175,27.76216],[113.01937,27.74168],[113.05236,27.73383],[112.9874,27.67631],[112.99667,27.65749],[113.02498,27.65885],[113.01643,27.6474],[113.03516,27.6276],[113.01492,27.61479],[112.99239,27.62462],[113.00651,27.60156],[112.96552,27.57298],[112.96535,27.5084],[112.98427,27.50032],[112.96467,27.48192],[112.98369,27.4453],[112.92009,27.42259],[112.91589,27.36256],[112.83073,27.35955],[112.82693,27.342],[112.80103,27.34179],[112.79698,27.36519],[112.75415,27.40681],[112.7259,27.40033],[112.67497,27.4178],[112.68467,27.45683],[112.61075,27.47317],[112.58091,27.43802],[112.56079,27.4462],[112.53076,27.42106],[112.46731,27.45975],[112.41549,27.53128],[112.42537,27.57153],[112.54075,27.58678],[112.55293,27.56179],[112.61182,27.58318],[112.57783,27.631],[112.5815,27.65649],[112.60656,27.67209],[112.58402,27.70854],[112.62351,27.70615],[112.63319,27.72354],[112.61091,27.74932],[112.61391,27.76985],[112.64759,27.79225],[112.63238,27.8034],[112.64232,27.81509],[112.61769,27.8255],[112.59191,27.80256],[112.57745,27.84697],[112.58861,27.86108],[112.60972,27.85006],[112.64701,27.89004],[112.63567,27.92486],[112.64696,27.94431],[112.71919,27.91893]]]}},{"type":"Feature","id":"CTAMAP-2006-COUNTY-2177","properties":{"map_level":"county","source_name":"湘乡市","source_code":"430381","county_type":"县级市","prefecture_name":"湘潭市","prefecture_code":"430300","prefecture_type":"地级市","parent_entity_id":"CNUR-000184","parent_year_end_name":"湘潭市","province_name":"湖南省","province_code":"430000","snapshot_year":2006,"panel_year":2005,"link_status":"parent_linked","former_name":"","note":""},"geometry":{"type":"Polygon","coordinates":[[[112.49674,28.03211],[112.45878,27.9802],[112.45553,27.9262],[112.44125,27.95278],[112.42521,27.95007],[112.43207,27.9285],[112.39825,27.8935],[112.43438,27.86353],[112.46497,27.89732],[112.51085,27.89774],[112.58096,27.85003],[112.59234,27.80227],[112.61743,27.82551],[112.64232,27.81509],[112.63238,27.8034],[112.64705,27.78544],[112.61789,27.77399],[112.61085,27.751],[112.63275,27.72134],[112.62242,27.70558],[112.58402,27.70854],[112.60656,27.67209],[112.5815,27.65649],[112.57783,27.631],[112.61182,27.58318],[112.55293,27.56179],[112.54075,27.58678],[112.42525,27.57149],[112.42851,27.54547],[112.38829,27.49569],[112.35955,27.48415],[112.33951,27.50087],[112.29955,27.49729],[112.30049,27.53284],[112.3316,27.57289],[112.32525,27.61013],[112.27416,27.64064],[112.28994,27.6551],[112.30611,27.64555],[112.32339,27.6741],[112.29541,27.70736],[112.23806,27.7114],[112.23162,27.68456],[112.18116,27.65446],[112.1595,27.66383],[112.15018,27.65136],[112.13365,27.66994],[112.11622,27.64707],[112.0999,27.65781],[112.08636,27.64621],[112.05673,27.68032],[112.04114,27.67751],[112.03994,27.71177],[112.08631,27.71951],[112.07986,27.73763],[112.10051,27.72014],[112.10492,27.74199],[112.12866,27.75108],[112.0954,27.76754],[112.09556,27.81235],[112.0493,27.80771],[112.03353,27.84127],[112.01072,27.83675],[111.99544,27.91089],[112.05846,27.92021],[112.10993,27.90006],[112.12873,27.92088],[112.13099,27.90888],[112.15488,27.91989],[112.19239,27.9739],[112.20563,27.95683],[112.21465,27.97211],[112.39254,27.96612],[112.41078,27.99496],[112.38947,28.00296],[112.40937,28.01729],[112.40533,28.04336],[112.43741,28.06099],[112.47414,28.06339],[112.49674,28.03211]]]}},{"type":"Feature","id":"CTAMAP-2006-COUNTY-2178","properties":{"map_level":"county","source_name":"湘阴县","source_code":"430624","county_type":"县","prefecture_name":"岳阳市","prefecture_code":"430600","prefecture_type":"地级市","parent_entity_id":"CNUR-000187","parent_year_end_name":"岳阳市","province_name":"湖南省","province_code":"430000","snapshot_year":2006,"panel_year":2005,"link_status":"parent_linked","former_name":"","note":""},"geometry":{"type":"Polygon","coordinates":[[[112.97027,28.52446],[112.9304,28.51103],[112.88438,28.52852],[112.86425,28.52157],[112.86534,28.50511],[112.8187,28.51396],[112.81716,28.53238],[112.78299,28.52743],[112.79226,28.56108],[112.74455,28.51488],[112.70576,28.51502],[112.67991,28.52803],[112.68043,28.54476],[112.73068,28.57132],[112.69911,28.60323],[112.59055,28.5476],[112.55904,28.56865],[112.58427,28.60226],[112.58257,28.6322],[112.50633,28.65816],[112.52299,28.70573],[112.5515,28.73214],[112.59882,28.74511],[112.62459,28.78771],[112.66847,28.79589],[112.65643,28.84206],[112.68025,28.88257],[112.7442,28.89232],[112.75054,28.91127],[112.8218,28.92864],[112.86763,28.99681],[112.8906,28.96421],[112.86781,28.91095],[112.8871,28.83478],[112.98342,28.82071],[113.02099,28.78763],[113.00473,28.75652],[113.01992,28.72548],[113.01164,28.70918],[112.94862,28.69585],[112.96251,28.66881],[113.03132,28.64833],[113.00971,28.63227],[112.99101,28.59282],[113.00027,28.57128],[112.97027,28.52446]]]}},{"type":"Feature","id":"CTAMAP-2006-COUNTY-2218","properties":{"map_level":"county","source_name":"新化县","source_code":"431322","county_type":"县","prefecture_name":"娄底市","prefecture_code":"431300","prefecture_type":"地级市","parent_entity_id":"CNUR-000194","parent_year_end_name":"娄底市","province_name":"湖南省","province_code":"430000","snapshot_year":2006,"panel_year":2005,"link_status":"parent_linked","former_name":"","note":""},"geometry":{"type":"Polygon","coordinates":[[[111.62719,28.01665],[111.59107,27.99445],[111.64274,27.95421],[111.60205,27.90699],[111.62071,27.86131],[111.65407,27.85691],[111.6636,27.83967],[111.60262,27.78597],[111.56628,27.77837],[111.56891,27.82595],[111.55274,27.83636],[111.52468,27.84058],[111.50644,27.81653],[111.49734,27.82265],[111.44058,27.7412],[111.40376,27.73655],[111.38064,27.68648],[111.41474,27.68634],[111.40339,27.64472],[111.38667,27.64591],[111.35873,27.61578],[111.35729,27.59328],[111.33456,27.57954],[111.33788,27.55363],[111.29424,27.57063],[111.24063,27.5282],[111.21627,27.55499],[111.16502,27.56407],[111.16374,27.57883],[111.07086,27.59127],[111.05548,27.63985],[110.99644,27.63005],[110.99948,27.65616],[110.98475,27.66622],[110.87623,27.6529],[110.85925,27.67996],[110.83322,27.68529],[110.81367,27.75672],[110.79184,27.76146],[110.77034,27.80422],[110.79523,27.86368],[110.88911,27.85289],[110.97245,27.91725],[110.96137,27.95458],[110.99557,27.99616],[110.95837,28.00538],[110.96566,28.03288],[111.03121,28.03969],[111.06942,27.99649],[111.09015,28.00342],[111.08396,28.03002],[111.11388,28.05127],[111.10429,28.06481],[111.13977,28.09528],[111.14257,28.12437],[111.19065,28.16514],[111.24272,28.16378],[111.30842,28.23864],[111.32821,28.22384],[111.32882,28.19511],[111.35653,28.20374],[111.39373,28.1854],[111.43757,28.21448],[111.44068,28.19017],[111.47675,28.20758],[111.49136,28.19531],[111.47684,28.12433],[111.50818,28.08933],[111.48438,28.0763],[111.48003,28.04597],[111.49833,28.05127],[111.51962,28.02458],[111.50084,28.05866],[111.50941,28.06848],[111.54075,28.05222],[111.54202,28.02304],[111.56022,28.03754],[111.57021,28.02892],[111.52559,27.99179],[111.53474,27.98195],[111.58876,28.00743],[111.58703,28.03353],[111.62719,28.01665]]]}},{"type":"Feature","id":"CTAMAP-2006-COUNTY-2219","properties":{"map_level":"county","source_name":"新晃侗族自治县","source_code":"431227","county_type":"自治县","prefecture_name":"怀化市","prefecture_code":"431200","prefecture_type":"地级市","parent_entity_id":"CNUR-000193","parent_year_end_name":"怀化市","province_name":"湖南省","province_code":"430000","snapshot_year":2006,"panel_year":2005,"link_status":"parent_linked","former_name":"","note":""},"geometry":{"type":"Polygon","coordinates":[[[109.29265,27.42556],[109.34312,27.40398],[109.3403,27.37162],[109.36556,27.35138],[109.40994,27.34277],[109.4063,27.3285],[109.43799,27.31771],[109.41135,27.30152],[109.42252,27.27311],[109.44164,27.27622],[109.44585,27.26258],[109.41741,27.24602],[109.41768,27.22647],[109.43708,27.22563],[109.42564,27.20285],[109.43528,27.18013],[109.40798,27.17307],[109.40215,27.15632],[109.33004,27.15347],[109.33014,27.14071],[109.25964,27.13007],[109.25322,27.15264],[109.23794,27.15254],[109.15942,27.06807],[109.09642,27.07279],[109.12677,27.12699],[109.04268,27.09965],[109.02176,27.10788],[109.00164,27.07883],[108.93635,27.05049],[108.94895,27.0228],[108.91881,27.01231],[108.91411,27.03303],[108.87164,27.001],[108.86963,27.03278],[108.85133,27.03442],[108.84011,27.06354],[108.7862,27.08725],[108.85208,27.10104],[108.8589,27.11926],[108.88164,27.11258],[108.92304,27.16481],[108.91835,27.20301],[108.90218,27.21344],[108.96198,27.23981],[108.98261,27.27351],[109.03883,27.27993],[109.05329,27.29943],[109.04166,27.33783],[109.06691,27.32623],[109.10005,27.33987],[109.12007,27.39115],[109.11184,27.40385],[109.13907,27.42517],[109.1309,27.43354],[109.11639,27.41578],[109.10399,27.42264],[109.11804,27.42093],[109.13672,27.4513],[109.15647,27.43826],[109.1522,27.41565],[109.20551,27.46021],[109.24639,27.42178],[109.29265,27.42556]]]}},{"type":"Feature","id":"CTAMAP-2006-COUNTY-2228","properties":{"map_level":"county","source_name":"新宁县","source_code":"430528","county_type":"县","prefecture_name":"邵阳市","prefecture_code":"430500","prefecture_type":"地级市","parent_entity_id":"CNUR-000186","parent_year_end_name":"邵阳市","province_name":"湖南省","province_code":"430000","snapshot_year":2006,"panel_year":2005,"link_status":"parent_linked","former_name":"","note":""},"geometry":{"type":"Polygon","coordinates":[[[111.25696,26.71693],[111.30278,26.61743],[111.28278,26.56542],[111.28553,26.49425],[111.26269,26.5028],[111.25742,26.48312],[111.24964,26.4792],[111.2293,26.48574],[111.19576,26.45991],[111.17716,26.46606],[111.14521,26.50389],[111.16104,26.51488],[111.12458,26.55326],[111.12897,26.62188],[111.10184,26.58897],[111.06542,26.58935],[111.06058,26.54657],[111.0756,26.54009],[111.06016,26.536],[111.05389,26.47459],[111.02402,26.43236],[111.01318,26.37151],[110.98483,26.36629],[110.96905,26.38849],[110.9401,26.37666],[110.94152,26.33504],[110.92149,26.32187],[110.93437,26.29127],[110.92262,26.25671],[110.91158,26.27821],[110.89137,26.28073],[110.83228,26.25757],[110.79342,26.27111],[110.75659,26.25012],[110.73443,26.27485],[110.75132,26.30681],[110.73567,26.32271],[110.71224,26.29795],[110.6795,26.32035],[110.63843,26.31149],[110.61544,26.34017],[110.583,26.30201],[110.55121,26.29051],[110.55896,26.30424],[110.50387,26.32559],[110.48311,26.42792],[110.53564,26.46111],[110.57444,26.55144],[110.60112,26.53809],[110.61201,26.56089],[110.64117,26.56742],[110.68526,26.56316],[110.69768,26.54438],[110.71323,26.57118],[110.7505,26.56133],[110.77565,26.58728],[110.79644,26.57187],[110.81739,26.57931],[110.80876,26.66883],[110.83426,26.68367],[110.83952,26.66588],[110.85437,26.66752],[110.86111,26.6916],[110.86146,26.72123],[110.84066,26.73723],[110.88029,26.7484],[110.90012,26.73622],[110.94032,26.76774],[110.9248,26.85002],[110.97844,26.84681],[110.98439,26.91991],[111.07989,26.87993],[111.06436,26.86104],[111.0824,26.83503],[111.0635,26.81924],[111.19661,26.78987],[111.20807,26.72162],[111.25696,26.71693]]]}},{"type":"Feature","id":"CTAMAP-2006-COUNTY-2232","properties":{"map_level":"county","source_name":"新邵县","source_code":"430522","county_type":"县","prefecture_name":"邵阳市","prefecture_code":"430500","prefecture_type":"地级市","parent_entity_id":"CNUR-000186","parent_year_end_name":"邵阳市","province_name":"湖南省","province_code":"430000","snapshot_year":2006,"panel_year":2005,"link_status":"parent_linked","former_name":"","note":""},"geometry":{"type":"Polygon","coordinates":[[[111.82058,27.45152],[111.80802,27.42582],[111.83362,27.40983],[111.82886,27.3973],[111.79075,27.40663],[111.77625,27.38594],[111.73409,27.38888],[111.71051,27.3485],[111.68052,27.3458],[111.6888,27.31863],[111.67725,27.29549],[111.64836,27.32005],[111.61758,27.30157],[111.61488,27.3286],[111.59666,27.32649],[111.58479,27.31939],[111.60395,27.30182],[111.57483,27.27984],[111.54775,27.28251],[111.54252,27.2971],[111.53652,27.27933],[111.52253,27.28522],[111.52923,27.30455],[111.49382,27.30939],[111.48036,27.29524],[111.42378,27.29984],[111.41183,27.27911],[111.35776,27.25913],[111.27149,27.24794],[111.26354,27.26736],[111.22819,27.26445],[111.22601,27.28556],[111.18411,27.32075],[111.18927,27.33555],[111.15277,27.33227],[111.14299,27.35245],[111.17833,27.36236],[111.13933,27.40495],[111.16201,27.42175],[111.14694,27.43528],[111.157,27.45329],[111.18516,27.47016],[111.19886,27.55617],[111.24063,27.5282],[111.29807,27.57022],[111.35383,27.52603],[111.42896,27.59265],[111.44653,27.60084],[111.47302,27.57766],[111.48157,27.59893],[111.53598,27.61272],[111.55584,27.63527],[111.60699,27.56772],[111.63277,27.58472],[111.62002,27.55969],[111.63218,27.56547],[111.64822,27.54322],[111.63335,27.54178],[111.63872,27.52284],[111.6696,27.5418],[111.74985,27.49664],[111.78582,27.5],[111.78603,27.47208],[111.80804,27.47825],[111.82058,27.45152]]]}},{"type":"Feature","id":"CTAMAP-2006-COUNTY-2235","properties":{"map_level":"county","source_name":"新田县","source_code":"431128","county_type":"县","prefecture_name":"永州市","prefecture_code":"431100","prefecture_type":"地级市","parent_entity_id":"CNUR-000192","parent_year_end_name":"永州市","province_name":"湖南省","province_code":"430000","snapshot_year":2006,"panel_year":2005,"link_status":"parent_linked","former_name":"","note":""},"geometry":{"type":"Polygon","coordinates":[[[112.22423,26.11479],[112.24804,26.07844],[112.27878,26.10576],[112.31322,26.09918],[112.33253,26.07633],[112.31698,26.03251],[112.29346,26.01402],[112.29102,25.97421],[112.315,25.94997],[112.29373,25.94321],[112.26358,25.89871],[112.31878,25.88212],[112.35369,25.91086],[112.3831,25.86095],[112.37569,25.84104],[112.3459,25.83833],[112.35638,25.81196],[112.3823,25.80579],[112.37389,25.75603],[112.38753,25.73655],[112.33645,25.69386],[112.2983,25.73433],[112.2195,25.69269],[112.1975,25.70415],[112.19127,25.68643],[112.17189,25.66176],[112.15493,25.69336],[112.12641,25.69094],[112.15247,25.75049],[112.13911,25.74611],[112.13602,25.7602],[112.10667,25.73512],[112.08357,25.74665],[112.08285,25.78963],[112.11009,25.84668],[112.08673,25.85696],[112.11401,25.92889],[112.08575,25.93099],[112.10939,25.98397],[112.08787,26.03453],[112.09263,26.05325],[112.10107,26.04165],[112.12078,26.05395],[112.12435,26.07261],[112.22423,26.11479]]]}},{"type":"Feature","id":"CTAMAP-2006-COUNTY-2289","properties":{"map_level":"county","source_name":"溆浦县","source_code":"431224","county_type":"县","prefecture_name":"怀化市","prefecture_code":"431200","prefecture_type":"地级市","parent_entity_id":"CNUR-000193","parent_year_end_name":"怀化市","province_name":"湖南省","province_code":"430000","snapshot_year":2006,"panel_year":2005,"link_status":"parent_linked","former_name":"","note":""},"geometry":{"type":"Polygon","coordinates":[[[110.71905,28.30491],[110.73819,28.27979],[110.79483,28.2811],[110.80267,28.25548],[110.78145,28.23249],[110.7992,28.21389],[110.85645,28.20682],[110.82321,28.14118],[110.84011,28.11974],[110.81821,28.09076],[110.85167,28.0791],[110.86926,28.09066],[110.88851,28.06554],[110.85881,28.01775],[110.91915,28.00129],[110.91107,28.01],[110.93499,28.02338],[110.93257,28.04592],[110.96297,28.07001],[111.01704,28.04187],[110.96451,28.03118],[110.95837,28.00538],[110.99557,27.99616],[110.96137,27.95458],[110.97279,27.91783],[110.93893,27.90151],[110.93083,27.87837],[110.88911,27.85289],[110.79636,27.86377],[110.78531,27.85195],[110.77209,27.79752],[110.79184,27.76146],[110.81367,27.75672],[110.83322,27.68529],[110.86831,27.66913],[110.83953,27.625],[110.84892,27.59709],[110.78843,27.56427],[110.75217,27.60731],[110.73588,27.60658],[110.73335,27.63111],[110.65784,27.59198],[110.62317,27.54047],[110.68086,27.50616],[110.69159,27.45769],[110.66058,27.43263],[110.64066,27.38327],[110.64634,27.36009],[110.60432,27.32589],[110.60488,27.2924],[110.58162,27.28102],[110.54642,27.31728],[110.52238,27.29652],[110.51176,27.31279],[110.52163,27.34411],[110.50776,27.35745],[110.44466,27.35591],[110.42182,27.34117],[110.40736,27.36399],[110.4317,27.41142],[110.45966,27.4269],[110.44506,27.48334],[110.48734,27.5528],[110.48996,27.58979],[110.46601,27.58806],[110.4614,27.62507],[110.52884,27.7154],[110.50343,27.74508],[110.4975,27.78869],[110.46035,27.82321],[110.37549,27.78766],[110.3644,27.82699],[110.31969,27.81318],[110.2655,27.84653],[110.3132,27.8676],[110.30936,27.92783],[110.3545,27.93013],[110.38006,27.90816],[110.42017,27.93684],[110.42325,27.92059],[110.44629,27.91743],[110.48142,27.98278],[110.45771,28.00376],[110.49535,28.09673],[110.56342,28.17071],[110.58987,28.17208],[110.66751,28.23516],[110.6519,28.25721],[110.66757,28.30089],[110.71905,28.30491]]]}},{"type":"Feature","id":"CTAMAP-2006-COUNTY-2315","properties":{"map_level":"county","source_name":"炎陵县","source_code":"430225","county_type":"县","prefecture_name":"株洲市","prefecture_code":"430200","prefecture_type":"地级市","parent_entity_id":"CNUR-000183","parent_year_end_name":"株洲市","province_name":"湖南省","province_code":"430000","snapshot_year":2006,"panel_year":2005,"link_status":"parent_linked","former_name":"","note":""},"geometry":{"type":"Polygon","coordinates":[[[114.08345,26.4148],[114.06068,26.41251],[114.02623,26.37855],[114.04375,26.33906],[114.01524,26.29303],[114.02418,26.26965],[113.97415,26.24154],[113.96404,26.20441],[113.91367,26.17629],[113.88458,26.13339],[113.84738,26.1238],[113.82204,26.09007],[113.78357,26.11592],[113.77645,26.07229],[113.74894,26.05178],[113.70301,26.07031],[113.68565,26.10504],[113.72989,26.15267],[113.73906,26.18988],[113.71495,26.23444],[113.60794,26.28689],[113.61325,26.30982],[113.57436,26.39912],[113.60886,26.43004],[113.57825,26.46839],[113.60181,26.5071],[113.64188,26.52533],[113.76143,26.53859],[113.79783,26.59455],[113.84579,26.6048],[113.84729,26.64209],[113.87526,26.66203],[113.90224,26.61729],[113.99098,26.61902],[114.01618,26.58991],[114.10245,26.57902],[114.06664,26.48887],[114.09892,26.4784],[114.08345,26.4148]]]}},{"type":"Feature","id":"CTAMAP-2006-COUNTY-2332","properties":{"map_level":"county","source_name":"雁峰区","source_code":"430406","county_type":"市辖区","prefecture_name":"衡阳市","prefecture_code":"430400","prefecture_type":"地级市","parent_entity_id":"CNUR-000185","parent_year_end_name":"衡阳市","province_name":"湖南省","province_code":"430000","snapshot_year":2006,"panel_year":2005,"link_status":"parent_linked","former_name":"","note":"2001年新设立雁峰区"},"geometry":{"type":"Polygon","coordinates":[[[112.57948,26.78008],[112.54352,26.78891],[112.54488,26.81881],[112.56641,26.85701],[112.59961,26.87709],[112.59559,26.89825],[112.61189,26.90039],[112.61944,26.87527],[112.66093,26.86126],[112.66053,26.81694],[112.6048,26.81284],[112.57948,26.78008]]]}},{"type":"Feature","id":"CTAMAP-2006-COUNTY-2385","properties":{"map_level":"county","source_name":"宜章县","source_code":"431022","county_type":"县","prefecture_name":"郴州市","prefecture_code":"431000","prefecture_type":"地级市","parent_entity_id":"CNUR-000191","parent_year_end_name":"郴州市","province_name":"湖南省","province_code":"430000","snapshot_year":2006,"panel_year":2005,"link_status":"parent_linked","former_name":"","note":""},"geometry":{"type":"Polygon","coordinates":[[[113.32668,25.63339],[113.27392,25.5733],[113.28587,25.52976],[113.30147,25.52277],[113.28533,25.51973],[113.28395,25.49907],[113.23888,25.51954],[113.17412,25.47151],[113.14404,25.49462],[113.13465,25.47295],[113.14705,25.47096],[113.112,25.44916],[113.12725,25.4177],[113.08623,25.41998],[113.07552,25.38632],[113.02849,25.37018],[113.01897,25.34799],[112.96229,25.36095],[112.91916,25.29923],[112.89759,25.31189],[112.88739,25.34322],[112.86554,25.32953],[112.84712,25.3397],[112.85123,25.29205],[112.87026,25.27682],[112.863,25.2518],[112.89668,25.24088],[112.95107,25.25716],[112.99,25.24957],[113.01359,25.21133],[113.03111,25.20919],[112.96538,25.1681],[112.95999,25.14727],[113.0106,25.08459],[112.97254,25.02904],[113.00438,24.9851],[113.00708,24.95],[112.96947,24.92192],[112.77652,24.89862],[112.77992,24.94463],[112.73742,24.9616],[112.73671,25.00033],[112.71016,25.02841],[112.70676,25.08603],[112.65225,25.13611],[112.69429,25.16412],[112.67143,25.19214],[112.63924,25.19967],[112.6348,25.24543],[112.69948,25.25427],[112.67982,25.27228],[112.74433,25.31486],[112.73046,25.34109],[112.75355,25.39785],[112.78561,25.40283],[112.78697,25.43109],[112.85739,25.44065],[112.90538,25.48949],[112.93588,25.49228],[112.93725,25.5106],[113.00172,25.52974],[113.00247,25.54484],[113.08338,25.54782],[113.11259,25.57711],[113.11527,25.60118],[113.18444,25.57574],[113.22973,25.6921],[113.24904,25.6983],[113.26916,25.68107],[113.28264,25.69477],[113.28392,25.67673],[113.32624,25.66082],[113.32668,25.63339]]]}},{"type":"Feature","id":"CTAMAP-2006-COUNTY-2441","properties":{"map_level":"county","source_name":"永顺县","source_code":"433127","county_type":"县","prefecture_name":"湘西土家族苗族自治州","prefecture_code":"433100","prefecture_type":"自治州","parent_entity_id":"CNUR-000195","parent_year_end_name":"湘西土家族苗族自治州","province_name":"湖南省","province_code":"430000","snapshot_year":2006,"panel_year":2005,"link_status":"parent_linked","former_name":"","note":""},"geometry":{"type":"Polygon","coordinates":[[[110.1081,29.29192],[110.09609,29.24728],[110.07482,29.25438],[110.0654,29.22576],[110.09005,29.14413],[110.12361,29.13829],[110.1499,29.16636],[110.17871,29.15408],[110.19533,29.16675],[110.22038,29.11768],[110.25771,29.1211],[110.24502,29.08028],[110.25716,29.07012],[110.29738,29.09029],[110.30151,29.04106],[110.33945,29.03885],[110.33081,28.98262],[110.30293,28.94667],[110.35585,28.93064],[110.35778,28.8915],[110.37578,28.89162],[110.39185,28.86772],[110.33343,28.81463],[110.32939,28.76579],[110.28074,28.76826],[110.27298,28.71901],[110.23237,28.70581],[110.19299,28.72456],[110.13764,28.72339],[110.06974,28.76],[110.02303,28.74186],[110.01719,28.71775],[109.99481,28.71138],[109.92792,28.75107],[109.89774,28.74166],[109.86035,28.76827],[109.77159,28.73099],[109.71541,28.73556],[109.70326,28.76057],[109.73429,28.78126],[109.73025,28.80773],[109.69982,28.82741],[109.70865,28.84628],[109.67117,28.86303],[109.68168,28.89033],[109.58545,28.91493],[109.62323,28.98961],[109.63194,29.1158],[109.66576,29.23625],[109.75128,29.2746],[109.78131,29.30513],[109.76884,29.3335],[109.90505,29.44805],[109.95506,29.39705],[109.93834,29.36112],[109.95832,29.33522],[109.93714,29.33578],[109.93182,29.31918],[110.00985,29.29221],[110.06218,29.32469],[110.1081,29.29192]]]}},{"type":"Feature","id":"CTAMAP-2006-COUNTY-2444","properties":{"map_level":"county","source_name":"永兴县","source_code":"431023","county_type":"县","prefecture_name":"郴州市","prefecture_code":"431000","prefecture_type":"地级市","parent_entity_id":"CNUR-000191","parent_year_end_name":"郴州市","province_name":"湖南省","province_code":"430000","snapshot_year":2006,"panel_year":2005,"link_status":"parent_linked","former_name":"","note":""},"geometry":{"type":"Polygon","coordinates":[[[113.59752,26.28293],[113.56738,26.26144],[113.55138,26.19572],[113.53065,26.17572],[113.48196,26.1572],[113.44081,26.17134],[113.41794,26.16217],[113.41612,26.1101],[113.32872,26.13452],[113.30811,26.10691],[113.26334,26.17807],[113.23468,26.1813],[113.23305,26.16274],[113.1901,26.13938],[113.20847,26.11431],[113.18296,26.07079],[113.1242,26.01027],[113.06964,26.05766],[113.0465,26.05239],[113.05319,26.03491],[113.02332,26.01882],[112.9941,26.035],[112.93077,26.01731],[112.90665,25.97278],[112.86631,25.97923],[112.86546,26.00315],[112.82517,26.0097],[112.83495,26.05628],[112.77753,26.02719],[112.72205,26.09845],[112.71724,26.13166],[112.73317,26.1493],[112.74983,26.13249],[112.75259,26.15301],[112.77664,26.14809],[112.78713,26.17759],[112.76944,26.1896],[112.78279,26.20078],[112.78397,26.18005],[112.80447,26.19531],[112.83373,26.15935],[112.90425,26.15224],[112.92055,26.18356],[112.96564,26.1554],[113.02168,26.16728],[113.03477,26.21713],[113.01997,26.24783],[113.07762,26.25197],[113.08918,26.28719],[113.12235,26.29882],[113.13287,26.3295],[113.16326,26.3299],[113.1563,26.40619],[113.2012,26.42297],[113.20887,26.43374],[113.18586,26.45187],[113.2215,26.47035],[113.22444,26.48772],[113.24974,26.48586],[113.25917,26.447],[113.28393,26.44708],[113.32128,26.41562],[113.36911,26.40934],[113.39337,26.42458],[113.39292,26.40832],[113.41612,26.3949],[113.40327,26.3801],[113.41049,26.36113],[113.50822,26.35458],[113.5539,26.33021],[113.54199,26.30832],[113.57887,26.30392],[113.59752,26.28293]]]}},{"type":"Feature","id":"CTAMAP-2006-COUNTY-2447","properties":{"map_level":"county","source_name":"攸县","source_code":"430223","county_type":"县","prefecture_name":"株洲市","prefecture_code":"430200","prefecture_type":"地级市","parent_entity_id":"CNUR-000183","parent_year_end_name":"株洲市","province_name":"湖南省","province_code":"430000","snapshot_year":2006,"panel_year":2005,"link_status":"parent_linked","former_name":"","note":""},"geometry":{"type":"Polygon","coordinates":[[[113.62044,27.41114],[113.59454,27.38889],[113.59791,27.36269],[113.65203,27.35406],[113.6694,27.33011],[113.71368,27.35396],[113.81887,27.36293],[113.83147,27.37763],[113.85018,27.36819],[113.86528,27.38305],[113.86686,27.34488],[113.84405,27.31104],[113.86547,27.29317],[113.82734,27.20639],[113.7638,27.12184],[113.69705,27.10226],[113.59979,27.03611],[113.53795,27.01735],[113.50256,26.98226],[113.49802,26.95715],[113.47141,26.94283],[113.4258,26.96313],[113.40921,26.94179],[113.37106,26.94108],[113.3728,26.90027],[113.34879,26.85612],[113.38593,26.80619],[113.3243,26.81178],[113.28874,26.76698],[113.26937,26.78459],[113.27504,26.83066],[113.2491,26.83333],[113.22222,26.87594],[113.2805,26.93987],[113.23714,26.94121],[113.21952,26.96003],[113.21069,27.00832],[113.2315,27.02232],[113.1917,27.04288],[113.18452,27.08291],[113.15939,27.10337],[113.16435,27.13216],[113.23607,27.14407],[113.24868,27.17308],[113.27294,27.16939],[113.27786,27.18187],[113.25186,27.23854],[113.22299,27.2408],[113.23036,27.28152],[113.20063,27.29411],[113.19647,27.33445],[113.25249,27.34975],[113.29613,27.3961],[113.31133,27.39804],[113.32084,27.37193],[113.3571,27.37842],[113.3864,27.42566],[113.46484,27.39135],[113.48717,27.39948],[113.49795,27.38003],[113.54473,27.42635],[113.62044,27.41114]]]}},{"type":"Feature","id":"CTAMAP-2006-COUNTY-2475","properties":{"map_level":"county","source_name":"雨湖区","source_code":"430302","county_type":"市辖区","prefecture_name":"湘潭市","prefecture_code":"430300","prefecture_type":"地级市","parent_entity_id":"CNUR-000184","parent_year_end_name":"湘潭市","province_name":"湖南省","province_code":"430000","snapshot_year":2006,"panel_year":2005,"link_status":"parent_linked","former_name":"","note":""},"geometry":{"type":"Polygon","coordinates":[[[112.93348,28.02204],[112.99462,27.97387],[113.00426,27.9468],[112.96798,27.92311],[112.949,27.87474],[112.88769,27.84592],[112.88649,27.80618],[112.77695,27.84759],[112.74533,27.82103],[112.73435,27.83297],[112.7445,27.84952],[112.72034,27.86224],[112.71919,27.91893],[112.77527,28.02629],[112.76511,28.03794],[112.78609,28.02541],[112.80379,28.03982],[112.77028,28.06105],[112.77386,28.07582],[112.81274,28.07407],[112.85307,27.98986],[112.869,28.00859],[112.88587,27.99782],[112.88079,27.97671],[112.93522,27.9856],[112.92182,27.99811],[112.93348,28.02204]]]}},{"type":"Feature","id":"CTAMAP-2006-COUNTY-2476","properties":{"map_level":"county","source_name":"雨花区","source_code":"430111","county_type":"市辖区","prefecture_name":"长沙市","prefecture_code":"430100","prefecture_type":"地级市","parent_entity_id":"CNUR-000182","parent_year_end_name":"长沙市","province_name":"湖南省","province_code":"430000","snapshot_year":2006,"panel_year":2005,"link_status":"parent_linked","former_name":"","note":""},"geometry":{"type":"Polygon","coordinates":[[[113.10148,28.18542],[113.10855,28.1725],[113.06787,28.15501],[113.08517,28.11466],[113.11231,28.09196],[113.14917,28.09276],[113.18214,28.05524],[113.16399,27.99803],[113.14123,27.99782],[113.15638,27.97116],[113.13041,27.95142],[113.12474,27.9146],[113.06601,27.9735],[113.08548,27.99202],[113.0695,28.01262],[113.02826,28.00649],[113.01146,28.02344],[113.03061,28.0556],[112.99302,28.08628],[113.00049,28.12754],[112.97839,28.16045],[112.98123,28.18931],[113.04453,28.19343],[113.07733,28.17616],[113.10148,28.18542]]]}},{"type":"Feature","id":"CTAMAP-2006-COUNTY-2500","properties":{"map_level":"county","source_name":"沅江市","source_code":"430981","county_type":"县级市","prefecture_name":"益阳市","prefecture_code":"430900","prefecture_type":"地级市","parent_entity_id":"CNUR-000190","parent_year_end_name":"益阳市","province_name":"湖南省","province_code":"430000","snapshot_year":2006,"panel_year":2005,"link_status":"parent_linked","former_name":"","note":""},"geometry":{"type":"Polygon","coordinates":[[[112.79515,29.16668],[112.80221,29.15535],[112.8775,29.16626],[112.91946,29.15265],[112.9397,29.05659],[112.91848,29.02237],[112.89185,29.02113],[112.86763,28.99681],[112.8218,28.92864],[112.75054,28.91127],[112.7442,28.89232],[112.68025,28.88257],[112.65643,28.84206],[112.66783,28.79519],[112.61309,28.77956],[112.61327,28.79589],[112.56085,28.81541],[112.52499,28.77583],[112.49618,28.78219],[112.46358,28.7633],[112.39839,28.77903],[112.37678,28.734],[112.32047,28.70791],[112.29088,28.70721],[112.26853,28.72771],[112.29984,28.82053],[112.25132,28.85905],[112.24783,29.04992],[112.30674,29.06176],[112.32761,29.04734],[112.38249,29.09658],[112.40116,29.15175],[112.38416,29.16959],[112.39407,29.18164],[112.41888,29.1681],[112.43492,29.18737],[112.53787,29.15881],[112.5641,29.16869],[112.56142,29.08907],[112.65411,29.08019],[112.69812,29.10767],[112.72521,29.15533],[112.79515,29.16668]]]}},{"type":"Feature","id":"CTAMAP-2006-COUNTY-2501","properties":{"map_level":"county","source_name":"沅陵县","source_code":"431222","county_type":"县","prefecture_name":"怀化市","prefecture_code":"431200","prefecture_type":"地级市","parent_entity_id":"CNUR-000193","parent_year_end_name":"怀化市","province_name":"湖南省","province_code":"430000","snapshot_year":2006,"panel_year":2005,"link_status":"parent_linked","former_name":"","note":""},"geometry":{"type":"Polygon","coordinates":[[[110.90796,29.03861],[110.94439,28.99958],[110.98261,28.99078],[110.94764,28.96013],[110.95387,28.90654],[110.98318,28.90199],[111.00701,28.84834],[111.07178,28.81019],[111.10904,28.74714],[111.09076,28.70446],[111.04359,28.69452],[111.05511,28.64897],[111.00865,28.65308],[110.98256,28.62037],[110.93014,28.62255],[110.94078,28.57306],[111.04877,28.61273],[111.05902,28.58586],[111.0481,28.57078],[111.07318,28.53505],[111.00255,28.54762],[110.94066,28.48269],[110.91988,28.48694],[110.85241,28.40661],[110.82028,28.40108],[110.81785,28.36801],[110.75099,28.34359],[110.71905,28.30491],[110.66757,28.30089],[110.6519,28.25721],[110.66751,28.23516],[110.58987,28.17208],[110.56342,28.17071],[110.49958,28.09727],[110.42133,28.08075],[110.34329,28.10974],[110.34361,28.13571],[110.36167,28.14386],[110.34561,28.15509],[110.35116,28.16994],[110.32396,28.18316],[110.3167,28.15399],[110.31563,28.19217],[110.28837,28.20989],[110.26029,28.20281],[110.26287,28.216],[110.2287,28.22251],[110.23622,28.2343],[110.1856,28.2569],[110.16672,28.28266],[110.18166,28.28869],[110.16708,28.31601],[110.2089,28.3601],[110.1795,28.3647],[110.15207,28.39832],[110.136,28.38537],[110.10576,28.41412],[110.10308,28.46711],[110.13161,28.4501],[110.15796,28.46939],[110.14114,28.48335],[110.14211,28.51512],[110.16608,28.53917],[110.16516,28.58539],[110.18012,28.59678],[110.18075,28.58028],[110.23196,28.56598],[110.22051,28.61881],[110.20396,28.62366],[110.20928,28.64398],[110.26638,28.67427],[110.27755,28.76546],[110.32939,28.76579],[110.33343,28.81463],[110.39061,28.86379],[110.3867,28.89353],[110.41628,28.90456],[110.4285,28.88657],[110.45681,28.88525],[110.48385,28.9165],[110.521,28.88394],[110.54031,28.89366],[110.51346,28.9363],[110.54489,28.96911],[110.53316,28.97802],[110.54222,29.00059],[110.56918,29.00328],[110.58407,28.97147],[110.62377,28.97424],[110.67479,28.90606],[110.68831,28.92996],[110.71757,28.91756],[110.72267,28.93654],[110.76041,28.9038],[110.78468,28.92114],[110.80205,28.96943],[110.84145,28.94746],[110.85091,28.99825],[110.90169,28.9999],[110.90796,29.03861]]]}},{"type":"Feature","id":"CTAMAP-2006-COUNTY-2512","properties":{"map_level":"county","source_name":"岳麓区","source_code":"430104","county_type":"市辖区","prefecture_name":"长沙市","prefecture_code":"430100","prefecture_type":"地级市","parent_entity_id":"CNUR-000182","parent_year_end_name":"长沙市","province_name":"湖南省","province_code":"430000","snapshot_year":2006,"panel_year":2005,"link_status":"parent_linked","former_name":"","note":""},"geometry":{"type":"Polygon","coordinates":[[[112.95597,28.27659],[112.95874,28.17555],[112.92305,28.06847],[112.95708,27.99896],[112.92759,28.02022],[112.92184,27.99797],[112.93681,27.9889],[112.92218,27.97943],[112.88079,27.97671],[112.8866,27.99647],[112.8695,28.00857],[112.85307,27.98986],[112.81274,28.07407],[112.78525,28.0713],[112.75333,28.09371],[112.70427,28.08319],[112.64471,28.11788],[112.6099,28.11687],[112.63404,28.19482],[112.66032,28.20777],[112.70186,28.1746],[112.72645,28.18391],[112.77089,28.16703],[112.79198,28.14212],[112.82107,28.16253],[112.83806,28.15404],[112.8544,28.20177],[112.79371,28.24899],[112.95597,28.27659]]]}},{"type":"Feature","id":"CTAMAP-2006-COUNTY-2514","properties":{"map_level":"county","source_name":"岳塘区","source_code":"430304","county_type":"市辖区","prefecture_name":"湘潭市","prefecture_code":"430300","prefecture_type":"地级市","parent_entity_id":"CNUR-000184","parent_year_end_name":"湘潭市","province_name":"湖南省","province_code":"430000","snapshot_year":2006,"panel_year":2005,"link_status":"parent_linked","former_name":"","note":""},"geometry":{"type":"Polygon","coordinates":[[[113.08064,27.95264],[113.04444,27.90171],[113.04046,27.8497],[113.00279,27.8152],[112.92722,27.79526],[112.88725,27.80509],[112.88769,27.84592],[112.949,27.87474],[112.96798,27.92311],[113.00426,27.9468],[112.99745,27.96924],[113.01966,27.98973],[113.02892,27.9793],[113.03293,28.00834],[113.0695,28.01262],[113.08548,27.99209],[113.06601,27.9735],[113.08064,27.95264]]]}},{"type":"Feature","id":"CTAMAP-2006-COUNTY-2516","properties":{"map_level":"county","source_name":"岳阳楼区","source_code":"430602","county_type":"市辖区","prefecture_name":"岳阳市","prefecture_code":"430600","prefecture_type":"地级市","parent_entity_id":"CNUR-000187","parent_year_end_name":"岳阳市","province_name":"湖南省","province_code":"430000","snapshot_year":2006,"panel_year":2005,"link_status":"parent_linked","former_name":"","note":""},"geometry":{"type":"Polygon","coordinates":[[[113.31059,29.41976],[113.33093,29.37615],[113.30285,29.33994],[113.33297,29.33705],[113.34863,29.30808],[113.3268,29.24867],[113.31001,29.23918],[113.25572,29.248],[113.23826,29.27084],[113.18971,29.27313],[113.17387,29.29561],[113.1717,29.28068],[113.14886,29.28224],[113.15809,29.241],[113.13118,29.24264],[113.1038,29.28139],[113.11063,29.29124],[113.08072,29.2939],[113.06627,29.324],[113.08892,29.39446],[113.13478,29.4242],[113.14839,29.4578],[113.19644,29.4356],[113.20518,29.40132],[113.2373,29.40764],[113.25758,29.39358],[113.31059,29.41976]]]}},{"type":"Feature","id":"CTAMAP-2006-COUNTY-2517","properties":{"map_level":"county","source_name":"岳阳县","source_code":"430621","county_type":"县","prefecture_name":"岳阳市","prefecture_code":"430600","prefecture_type":"地级市","parent_entity_id":"CNUR-000187","parent_year_end_name":"岳阳市","province_name":"湖南省","province_code":"430000","snapshot_year":2006,"panel_year":2005,"link_status":"parent_linked","former_name":"","note":""},"geometry":{"type":"Polygon","coordinates":[[[113.11645,29.42352],[113.1429,29.45421],[113.14219,29.43229],[113.08799,29.3929],[113.06627,29.324],[113.08072,29.2939],[113.11063,29.29124],[113.1038,29.28139],[113.13088,29.24278],[113.15809,29.241],[113.14891,29.28234],[113.18717,29.29377],[113.18971,29.27313],[113.23826,29.27084],[113.25572,29.248],[113.32567,29.23429],[113.33724,29.19852],[113.36891,29.21183],[113.40497,29.19835],[113.47479,29.24718],[113.46796,29.26665],[113.48267,29.27947],[113.50844,29.26319],[113.54063,29.2816],[113.58341,29.27373],[113.59419,29.25711],[113.63103,29.25306],[113.65541,29.2229],[113.67452,29.23869],[113.68731,29.22896],[113.68738,29.2005],[113.65573,29.16321],[113.67899,29.13397],[113.68059,29.08095],[113.71762,29.10886],[113.72537,29.06335],[113.70148,29.03723],[113.67494,29.0439],[113.64515,29.02023],[113.62043,29.02446],[113.60591,28.97168],[113.58977,28.96299],[113.5813,28.98056],[113.56309,28.97044],[113.57214,28.98225],[113.55914,28.99003],[113.54467,28.96615],[113.5073,28.95633],[113.47041,28.96025],[113.45841,28.97585],[113.38183,28.96057],[113.35622,28.97751],[113.32379,28.97509],[113.30741,28.99763],[113.23627,28.99167],[113.2226,28.96361],[113.18106,28.95379],[113.17851,28.97297],[113.14546,28.96291],[113.06568,29.01071],[112.99417,29.02008],[112.97979,29.06098],[112.96103,29.06557],[112.94878,29.0392],[112.93456,29.04685],[112.91946,29.15265],[112.8775,29.16626],[112.80221,29.15535],[112.8095,29.18628],[112.77855,29.18544],[112.84065,29.39093],[112.83361,29.44636],[112.80487,29.43286],[112.76804,29.45929],[112.81974,29.51407],[112.94627,29.4398],[112.99127,29.39669],[112.99834,29.35072],[113.00765,29.3883],[113.0194,29.35582],[113.02014,29.38358],[113.11645,29.42352]]]}},{"type":"Feature","id":"CTAMAP-2006-COUNTY-2528","properties":{"map_level":"county","source_name":"云溪区","source_code":"430603","county_type":"市辖区","prefecture_name":"岳阳市","prefecture_code":"430600","prefecture_type":"地级市","parent_entity_id":"CNUR-000187","parent_year_end_name":"岳阳市","province_name":"湖南省","province_code":"430000","snapshot_year":2006,"panel_year":2005,"link_status":"parent_linked","former_name":"","note":""},"geometry":{"type":"Polygon","coordinates":[[[113.33173,29.42153],[113.25758,29.39358],[113.2373,29.40764],[113.20518,29.40132],[113.19644,29.4356],[113.14839,29.4578],[113.30161,29.62955],[113.32577,29.61964],[113.3407,29.63857],[113.33608,29.61743],[113.35417,29.62475],[113.37556,29.60203],[113.38997,29.62862],[113.41056,29.6229],[113.42642,29.60542],[113.37693,29.56624],[113.42786,29.54458],[113.42601,29.53192],[113.39858,29.53735],[113.36432,29.51978],[113.36193,29.49636],[113.32245,29.4916],[113.35864,29.48401],[113.35055,29.46428],[113.372,29.46469],[113.38357,29.44557],[113.33833,29.4433],[113.33173,29.42153]]]}},{"type":"Feature","id":"CTAMAP-2006-COUNTY-2579","properties":{"map_level":"county","source_name":"长沙县","source_code":"430121","county_type":"县","prefecture_name":"长沙市","prefecture_code":"430100","prefecture_type":"地级市","parent_entity_id":"CNUR-000182","parent_year_end_name":"长沙市","province_name":"湖南省","province_code":"430000","snapshot_year":2006,"panel_year":2005,"link_status":"parent_linked","former_name":"","note":""},"geometry":{"type":"Polygon","coordinates":[[[113.50237,28.53931],[113.49035,28.51591],[113.42844,28.50092],[113.39999,28.45704],[113.32485,28.42052],[113.3237,28.30676],[113.29758,28.28986],[113.27798,28.23614],[113.25806,28.2296],[113.28591,28.17709],[113.35408,28.20221],[113.36468,28.18905],[113.34645,28.17047],[113.35432,28.14407],[113.3934,28.16243],[113.42535,28.14601],[113.42032,28.13667],[113.36134,28.09915],[113.34394,28.06879],[113.3026,28.05951],[113.31484,28.04105],[113.30467,28.03426],[113.23536,28.07883],[113.23026,28.06312],[113.19662,28.05251],[113.16775,28.06019],[113.14917,28.09276],[113.09721,28.10252],[113.0673,28.15217],[113.08452,28.17282],[113.10855,28.1725],[113.10011,28.20684],[113.05326,28.22127],[113.04725,28.25701],[113.02402,28.26575],[113.05723,28.30017],[113.05386,28.32454],[113.0789,28.35537],[113.05628,28.35336],[113.02886,28.38163],[112.98442,28.38126],[112.97299,28.39716],[113.02404,28.43544],[113.01761,28.46511],[113.0611,28.52115],[113.12644,28.50245],[113.12687,28.47124],[113.15477,28.47049],[113.19635,28.55978],[113.17439,28.60365],[113.21251,28.62264],[113.20823,28.63884],[113.23066,28.66437],[113.24927,28.63003],[113.29105,28.63911],[113.31337,28.61799],[113.34658,28.61957],[113.37458,28.64877],[113.40469,28.63054],[113.4203,28.63891],[113.40922,28.59015],[113.41936,28.58072],[113.42394,28.59498],[113.45833,28.59711],[113.50237,28.53931]]]}},{"type":"Feature","id":"CTAMAP-2006-COUNTY-2620","properties":{"map_level":"county","source_name":"蒸湘区","source_code":"430408","county_type":"市辖区","prefecture_name":"衡阳市","prefecture_code":"430400","prefecture_type":"地级市","parent_entity_id":"CNUR-000185","parent_year_end_name":"衡阳市","province_name":"湖南省","province_code":"430000","snapshot_year":2006,"panel_year":2005,"link_status":"parent_linked","former_name":"","note":"2001年新设立蒸湘区"},"geometry":{"type":"Polygon","coordinates":[[[112.59645,26.91582],[112.59961,26.87709],[112.56641,26.85701],[112.54446,26.81548],[112.50263,26.80638],[112.51147,26.82424],[112.47349,26.8382],[112.50588,26.85583],[112.50625,26.9009],[112.48488,26.91802],[112.50464,26.91996],[112.50928,26.94746],[112.53935,26.96078],[112.59645,26.91582]]]}},{"type":"Feature","id":"CTAMAP-2006-COUNTY-2631","properties":{"map_level":"county","source_name":"芷江侗族自治县","source_code":"431228","county_type":"自治县","prefecture_name":"怀化市","prefecture_code":"431200","prefecture_type":"地级市","parent_entity_id":"CNUR-000193","parent_year_end_name":"怀化市","province_name":"湖南省","province_code":"430000","snapshot_year":2006,"panel_year":2005,"link_status":"parent_linked","former_name":"","note":""},"geometry":{"type":"Polygon","coordinates":[[[109.87416,27.44634],[109.87051,27.37794],[109.81337,27.38292],[109.75519,27.31692],[109.78423,27.28605],[109.73142,27.2917],[109.69181,27.26253],[109.70812,27.22384],[109.66389,27.22214],[109.65228,27.19142],[109.64406,27.21002],[109.64913,27.19167],[109.63525,27.18087],[109.64168,27.1681],[109.64154,27.15609],[109.64024,27.15419],[109.59186,27.1482],[109.5876,27.13243],[109.53286,27.13264],[109.54347,27.12627],[109.52979,27.11502],[109.52888,27.07372],[109.49745,27.10701],[109.47845,27.07299],[109.45323,27.08818],[109.46878,27.13618],[109.42673,27.12776],[109.40215,27.15632],[109.40798,27.17307],[109.43528,27.18013],[109.42564,27.20285],[109.43708,27.22563],[109.41768,27.22647],[109.41741,27.24602],[109.44585,27.26258],[109.44164,27.27622],[109.42252,27.27311],[109.41135,27.30152],[109.43799,27.31771],[109.4063,27.3285],[109.40994,27.34277],[109.36556,27.35138],[109.3403,27.37162],[109.34312,27.40398],[109.2971,27.41955],[109.30773,27.4511],[109.29188,27.48308],[109.41099,27.55945],[109.42205,27.55093],[109.46097,27.57074],[109.52959,27.53432],[109.56541,27.54349],[109.55309,27.5719],[109.60637,27.60483],[109.7936,27.63906],[109.79413,27.61595],[109.82001,27.60446],[109.85763,27.6396],[109.88589,27.60372],[109.87497,27.58086],[109.91455,27.55154],[109.88794,27.53662],[109.88666,27.5113],[109.87797,27.52849],[109.85039,27.50866],[109.84866,27.4739],[109.87416,27.44634]]]}},{"type":"Feature","id":"CTAMAP-2006-COUNTY-2634","properties":{"map_level":"county","source_name":"中方县","source_code":"431221","county_type":"县","prefecture_name":"怀化市","prefecture_code":"431200","prefecture_type":"地级市","parent_entity_id":"CNUR-000193","parent_year_end_name":"怀化市","province_name":"湖南省","province_code":"430000","snapshot_year":2006,"panel_year":2005,"link_status":"parent_linked","former_name":"","note":""},"geometry":{"type":"Polygon","coordinates":[[[110.46048,27.60603],[110.47719,27.58123],[110.48919,27.59153],[110.49034,27.56889],[110.44506,27.48334],[110.46194,27.43259],[110.4317,27.41142],[110.40601,27.4429],[110.37305,27.41524],[110.29429,27.44021],[110.25078,27.42376],[110.21505,27.42903],[110.16203,27.39697],[110.16372,27.43357],[110.13325,27.44957],[110.14215,27.47199],[110.13028,27.48137],[110.10489,27.46441],[110.11308,27.4502],[110.03976,27.40858],[110.04225,27.34718],[109.9815,27.31314],[109.99954,27.28702],[109.98023,27.27364],[109.9102,27.2919],[109.85729,27.28164],[109.82386,27.31659],[109.7861,27.29434],[109.753,27.31041],[109.81337,27.38292],[109.87051,27.37794],[109.87416,27.44634],[109.91646,27.46084],[109.92873,27.45146],[109.97098,27.48304],[110.03383,27.46094],[110.0823,27.50789],[110.0861,27.57931],[110.05196,27.60198],[110.03458,27.64216],[109.99721,27.63447],[109.98991,27.64782],[110.04922,27.69806],[110.05389,27.73892],[110.07415,27.7489],[110.09793,27.72791],[110.18208,27.73001],[110.25043,27.68813],[110.32339,27.69705],[110.33969,27.68548],[110.33004,27.64139],[110.34697,27.61774],[110.34193,27.58881],[110.41491,27.58334],[110.46048,27.60603]]]}},{"type":"Feature","id":"CTAMAP-2006-COUNTY-2652","properties":{"map_level":"county","source_name":"珠晖区","source_code":"430405","county_type":"市辖区","prefecture_name":"衡阳市","prefecture_code":"430400","prefecture_type":"地级市","parent_entity_id":"CNUR-000185","parent_year_end_name":"衡阳市","province_name":"湖南省","province_code":"430000","snapshot_year":2006,"panel_year":2005,"link_status":"parent_linked","former_name":"","note":"2001年新设立珠晖区"},"geometry":{"type":"Polygon","coordinates":[[[112.72753,26.98055],[112.69398,26.9445],[112.73285,26.87602],[112.70185,26.82692],[112.70391,26.78797],[112.64175,26.75113],[112.58406,26.77303],[112.59913,26.80991],[112.66053,26.81694],[112.66093,26.86126],[112.61944,26.87527],[112.61113,26.90846],[112.65717,26.95362],[112.6503,27.01917],[112.69333,27.02747],[112.72753,26.98055]]]}},{"type":"Feature","id":"CTAMAP-2006-COUNTY-2666","properties":{"map_level":"county","source_name":"资兴市","source_code":"431081","county_type":"县级市","prefecture_name":"郴州市","prefecture_code":"431000","prefecture_type":"地级市","parent_entity_id":"CNUR-000191","parent_year_end_name":"郴州市","province_name":"湖南省","province_code":"430000","snapshot_year":2006,"panel_year":2005,"link_status":"parent_linked","former_name":"","note":""},"geometry":{"type":"Polygon","coordinates":[[[113.71899,26.06369],[113.68319,26.01446],[113.67194,25.9321],[113.62174,25.92023],[113.62031,25.86205],[113.58216,25.83967],[113.6414,25.82055],[113.65991,25.78824],[113.63012,25.77277],[113.6427,25.7536],[113.6204,25.72928],[113.62617,25.69919],[113.55156,25.66503],[113.53089,25.62159],[113.5411,25.60216],[113.47554,25.56337],[113.45062,25.5826],[113.43147,25.56994],[113.4128,25.64616],[113.38825,25.61022],[113.35638,25.62017],[113.34399,25.60763],[113.32576,25.66139],[113.28392,25.67673],[113.28067,25.69568],[113.26207,25.68238],[113.23803,25.72101],[113.25727,25.72633],[113.24626,25.75329],[113.27164,25.79944],[113.22185,25.93752],[113.1848,25.94858],[113.19443,25.96885],[113.1033,25.98845],[113.11,26.01199],[113.12904,26.01279],[113.16398,26.06539],[113.18296,26.07079],[113.20847,26.11431],[113.2078,26.12661],[113.19441,26.12804],[113.1901,26.13938],[113.23305,26.16274],[113.23468,26.1813],[113.26334,26.17807],[113.30811,26.10691],[113.32872,26.13452],[113.41612,26.1101],[113.41794,26.16217],[113.44081,26.17134],[113.48196,26.1572],[113.53065,26.17572],[113.55138,26.19572],[113.57869,26.27874],[113.60794,26.28689],[113.71495,26.23444],[113.73647,26.19669],[113.72989,26.15267],[113.68565,26.10504],[113.71899,26.06369]]]}},{"type":"Feature","id":"CTAMAP-2006-COUNTY-2667","properties":{"map_level":"county","source_name":"资阳区","source_code":"430902","county_type":"市辖区","prefecture_name":"益阳市","prefecture_code":"430900","prefecture_type":"地级市","parent_entity_id":"CNUR-000190","parent_year_end_name":"益阳市","province_name":"湖南省","province_code":"430000","snapshot_year":2006,"panel_year":2005,"link_status":"parent_linked","former_name":"","note":""},"geometry":{"type":"Polygon","coordinates":[[[112.61327,28.79589],[112.59882,28.74511],[112.5515,28.73214],[112.52299,28.70573],[112.5006,28.65216],[112.42541,28.65417],[112.34504,28.59139],[112.313,28.59037],[112.29059,28.62195],[112.22896,28.5821],[112.19404,28.60484],[112.17274,28.5813],[112.12597,28.58905],[112.11107,28.5782],[112.09431,28.60139],[112.10799,28.62189],[112.08661,28.64243],[112.09829,28.65556],[112.1405,28.65065],[112.13545,28.66735],[112.15869,28.68367],[112.19466,28.67468],[112.24555,28.72304],[112.26895,28.72784],[112.29209,28.70691],[112.3415,28.71463],[112.37678,28.734],[112.39845,28.77905],[112.46358,28.7633],[112.49618,28.78219],[112.52499,28.77583],[112.56125,28.81544],[112.61327,28.79589]]]}},{"type":"Feature","id":"CTAMAP-2006-COUNTY-2734","properties":{"map_level":"county","source_name":"永定区","source_code":"430802","county_type":"市辖区","prefecture_name":"张家界市","prefecture_code":"430800","prefecture_type":"地级市","parent_entity_id":"CNUR-000189","parent_year_end_name":"张家界市","province_name":"湖南省","province_code":"430000","snapshot_year":2006,"panel_year":2005,"link_status":"parent_linked","former_name":"","note":""},"geometry":{"type":"Polygon","coordinates":[[[110.5704,29.30017],[110.63115,29.21593],[110.64875,29.21963],[110.65657,29.20219],[110.61893,29.1617],[110.64167,29.13757],[110.61464,29.11061],[110.62983,29.08566],[110.71233,29.07171],[110.77296,29.1147],[110.80128,29.1012],[110.83803,29.11677],[110.85706,29.06775],[110.9051,29.05185],[110.91018,29.00879],[110.85091,28.99825],[110.84145,28.94746],[110.80205,28.96943],[110.78468,28.92114],[110.76041,28.9038],[110.72267,28.93654],[110.71757,28.91756],[110.68831,28.92996],[110.67479,28.90606],[110.62377,28.97424],[110.58407,28.97147],[110.55939,29.00752],[110.53422,28.99273],[110.54494,28.96924],[110.51346,28.9363],[110.5391,28.90197],[110.52775,28.88464],[110.48385,28.9165],[110.45681,28.88525],[110.4285,28.88657],[110.41628,28.90456],[110.38295,28.88502],[110.35778,28.8915],[110.35585,28.93064],[110.30293,28.94667],[110.34407,29.02169],[110.33458,29.04452],[110.30555,29.03941],[110.29332,29.05348],[110.30072,29.08882],[110.25716,29.07012],[110.24383,29.08362],[110.25645,29.12308],[110.22038,29.11768],[110.19354,29.16729],[110.17871,29.15408],[110.1499,29.16636],[110.12361,29.13829],[110.09262,29.1417],[110.06534,29.20575],[110.07482,29.25438],[110.09609,29.24728],[110.12894,29.33201],[110.16976,29.34868],[110.21124,29.32644],[110.24861,29.36038],[110.30641,29.37961],[110.3165,29.36279],[110.30549,29.34697],[110.32868,29.34885],[110.33108,29.36508],[110.37909,29.3512],[110.40112,29.32921],[110.40645,29.29047],[110.42461,29.29478],[110.433,29.27152],[110.46399,29.28373],[110.52886,29.22705],[110.55864,29.22248],[110.52385,29.29028],[110.5704,29.30017]]]}},{"type":"Feature","id":"CTAMAP-2006-COUNTY-2760","properties":{"map_level":"county","source_name":"浏阳市","source_code":"430181","county_type":"县级市","prefecture_name":"长沙市","prefecture_code":"430100","prefecture_type":"地级市","parent_entity_id":"CNUR-000182","parent_year_end_name":"长沙市","province_name":"湖南省","province_code":"430000","snapshot_year":2006,"panel_year":2005,"link_status":"parent_linked","former_name":"","note":""},"geometry":{"type":"Polygon","coordinates":[[[113.96987,28.56808],[114.01679,28.54558],[114.0803,28.56009],[114.09529,28.54235],[114.13058,28.53906],[114.16958,28.49888],[114.21284,28.48771],[114.2133,28.47129],[114.17708,28.43964],[114.21042,28.40408],[114.24864,28.39804],[114.25651,28.3551],[114.23542,28.34834],[114.24972,28.32474],[114.20674,28.29052],[114.1916,28.29469],[114.17582,28.25346],[114.13963,28.25081],[114.09883,28.18496],[113.98743,28.16607],[114.02314,28.09115],[114.01345,28.08862],[114.04163,28.06066],[114.02122,28.03466],[113.96136,28.04325],[113.95759,28.01876],[113.92613,28.02454],[113.89841,27.99141],[113.85788,28.01035],[113.84371,27.97359],[113.79819,27.97887],[113.74802,27.93898],[113.72356,27.8888],[113.69222,27.8726],[113.63767,27.88617],[113.59622,27.91744],[113.58654,27.89619],[113.57055,27.90115],[113.5639,27.96868],[113.5179,27.96358],[113.51582,27.94416],[113.47629,27.93908],[113.45329,27.90326],[113.41521,27.89782],[113.40096,27.85706],[113.35423,27.85102],[113.29145,27.88265],[113.26584,27.86701],[113.27609,27.88702],[113.26593,27.91111],[113.28412,27.91604],[113.2522,27.94616],[113.26991,27.9699],[113.26311,28.00825],[113.25156,27.99675],[113.24987,28.02174],[113.23472,28.01311],[113.20773,28.02831],[113.20341,28.01393],[113.17234,28.01536],[113.1769,28.06027],[113.22463,28.06083],[113.23536,28.07883],[113.3058,28.03448],[113.3026,28.05951],[113.34394,28.06879],[113.36055,28.09843],[113.42625,28.14489],[113.392,28.16246],[113.35432,28.14407],[113.34645,28.17047],[113.36468,28.18905],[113.35408,28.20221],[113.28591,28.17709],[113.25799,28.22815],[113.27798,28.23614],[113.29758,28.28986],[113.3237,28.30676],[113.32513,28.42087],[113.39999,28.45704],[113.42844,28.50092],[113.49035,28.51591],[113.51438,28.54456],[113.54394,28.52804],[113.57187,28.54233],[113.64434,28.47547],[113.64858,28.45095],[113.6981,28.42587],[113.81234,28.46883],[113.84544,28.53293],[113.88367,28.5176],[113.89806,28.53237],[113.9319,28.52487],[113.96987,28.56808]]]}}]}