{"type":"FeatureCollection","features":[{"type":"Feature","id":"CTAMAP-2010-COUNTY-0002","properties":{"map_level":"county","source_name":"阿城区","source_code":"230112","county_type":"市辖区","prefecture_name":"哈尔滨市","prefecture_code":"230100","prefecture_type":"地级市","parent_entity_id":"CNUR-000060","parent_year_end_name":"哈尔滨市","province_name":"黑龙江省","province_code":"230000","snapshot_year":2010,"panel_year":2009,"link_status":"parent_linked","former_name":"阿城市","note":"2006年撤销阿城市，设立阿城区"},"geometry":{"type":"Polygon","coordinates":[[[127.64864,45.54401],[127.63051,45.52215],[127.65154,45.48588],[127.62851,45.46498],[127.61922,45.41719],[127.58385,45.39314],[127.51338,45.41274],[127.47493,45.36953],[127.50769,45.27706],[127.42646,45.30237],[127.40611,45.29494],[127.42295,45.2878],[127.39994,45.27017],[127.41518,45.26386],[127.41737,45.23452],[127.37202,45.2218],[127.40608,45.19877],[127.39813,45.16803],[127.35667,45.18602],[127.25532,45.17661],[127.24301,45.18961],[127.25973,45.22118],[127.2446,45.23832],[127.20444,45.24168],[127.19068,45.26577],[127.16202,45.25929],[127.17586,45.27666],[127.16258,45.28143],[127.11792,45.27249],[127.11524,45.32542],[127.04461,45.3429],[127.00455,45.3803],[126.91767,45.36465],[126.82914,45.43036],[126.71551,45.43763],[126.66979,45.50167],[126.69766,45.51208],[126.69758,45.5573],[126.76195,45.60568],[126.76584,45.6323],[126.80269,45.62817],[126.78604,45.64617],[126.7932,45.65628],[126.81946,45.65685],[126.82985,45.67288],[126.83211,45.65076],[126.85076,45.64108],[126.98531,45.73457],[127.03965,45.72554],[127.0509,45.75872],[127.11626,45.79697],[127.14093,45.78537],[127.1684,45.67757],[127.2285,45.59898],[127.27809,45.61186],[127.31441,45.60355],[127.34167,45.55258],[127.48937,45.51728],[127.54066,45.55057],[127.57133,45.53626],[127.62113,45.55139],[127.64864,45.54401]]]}},{"type":"Feature","id":"CTAMAP-2010-COUNTY-0015","properties":{"map_level":"county","source_name":"爱辉区","source_code":"231102","county_type":"市辖区","prefecture_name":"黑河市","prefecture_code":"231100","prefecture_type":"地级市","parent_entity_id":"CNUR-000070","parent_year_end_name":"黑河市","province_name":"黑龙江省","province_code":"230000","snapshot_year":2010,"panel_year":2009,"link_status":"parent_linked","former_name":"","note":""},"geometry":{"type":"Polygon","coordinates":[[[127.0242,50.97785],[127.12678,50.92013],[127.22179,50.78717],[127.29898,50.74541],[127.27988,50.70432],[127.28767,50.66791],[127.36501,50.57972],[127.35355,50.54278],[127.31429,50.5264],[127.2864,50.47336],[127.30067,50.45266],[127.36104,50.43229],[127.36325,50.40412],[127.32955,50.36298],[127.32899,50.33274],[127.38396,50.28396],[127.6031,50.22852],[127.58669,50.14952],[127.51556,50.0812],[127.48862,50.01445],[127.49175,49.98477],[127.54067,49.92499],[127.52049,49.85399],[127.52913,49.82057],[127.46391,49.80201],[127.37179,49.80104],[127.36631,49.77443],[127.33345,49.75984],[127.33413,49.74474],[127.27014,49.68444],[127.28653,49.66364],[127.21685,49.60962],[127.1646,49.60624],[127.11424,49.62406],[127.08042,49.5967],[127.01799,49.59025],[127.00242,49.56949],[126.95919,49.5761],[126.85521,49.55033],[126.81594,49.4659],[126.72782,49.41383],[126.57908,49.4608],[126.53412,49.49084],[126.53673,49.52092],[126.51222,49.54127],[126.54259,49.55411],[126.5304,49.57256],[126.54627,49.59464],[126.51141,49.63047],[126.5295,49.65834],[126.47295,49.68824],[126.49415,49.72151],[126.48989,49.74731],[126.38733,49.76654],[126.27948,49.73354],[126.2299,49.7405],[126.20715,49.71105],[126.22463,49.69621],[126.18231,49.6983],[126.157,49.67286],[126.14256,49.68813],[126.06192,49.69717],[126.05075,49.71095],[126.05617,49.75418],[126.0824,49.78747],[126.07468,49.82825],[126.0261,49.86527],[126.01599,49.93964],[125.97733,49.96069],[125.97602,49.98938],[125.86301,50.04397],[125.90281,50.05205],[125.88163,50.06532],[125.91458,50.06534],[125.93049,50.08547],[125.87394,50.1066],[125.87802,50.14226],[125.83487,50.14267],[125.82405,50.19855],[125.84527,50.24942],[125.88784,50.2906],[125.89841,50.36079],[125.98345,50.41139],[126.05908,50.42386],[126.13461,50.48239],[126.15571,50.54874],[126.14732,50.63445],[126.1703,50.65818],[126.15429,50.66748],[126.1982,50.6915],[126.22801,50.82459],[126.24797,50.81928],[126.337,50.8918],[126.32669,50.98135],[126.46909,50.90048],[126.9868,50.92504],[127.0242,50.97785]]]}},{"type":"Feature","id":"CTAMAP-2010-COUNTY-0016","properties":{"map_level":"county","source_name":"爱民区","source_code":"231004","county_type":"市辖区","prefecture_name":"牡丹江市","prefecture_code":"231000","prefecture_type":"地级市","parent_entity_id":"CNUR-000069","parent_year_end_name":"牡丹江市","province_name":"黑龙江省","province_code":"230000","snapshot_year":2010,"panel_year":2009,"link_status":"parent_linked","former_name":"","note":""},"geometry":{"type":"Polygon","coordinates":[[[129.68424,44.69276],[129.65258,44.66925],[129.6506,44.62726],[129.62528,44.59569],[129.51773,44.55242],[129.4926,44.57993],[129.50658,44.61896],[129.48852,44.62389],[129.49384,44.6458],[129.4336,44.66549],[129.41414,44.64712],[129.39105,44.67981],[129.40545,44.68752],[129.40231,44.73333],[129.31896,44.77436],[129.31695,44.80495],[129.35587,44.80058],[129.3858,44.82674],[129.43042,44.83587],[129.5304,44.81573],[129.55358,44.78401],[129.58742,44.77117],[129.59001,44.73134],[129.6129,44.7304],[129.61977,44.70087],[129.68424,44.69276]]]}},{"type":"Feature","id":"CTAMAP-2010-COUNTY-0018","properties":{"map_level":"county","source_name":"安达市","source_code":"231281","county_type":"县级市","prefecture_name":"绥化市","prefecture_code":"231200","prefecture_type":"地级市","parent_entity_id":"CNUR-000071","parent_year_end_name":"绥化市","province_name":"黑龙江省","province_code":"230000","snapshot_year":2010,"panel_year":2009,"link_status":"parent_linked","former_name":"","note":""},"geometry":{"type":"Polygon","coordinates":[[[125.29672,47.01068],[125.37646,46.99039],[125.41353,46.9345],[125.47169,46.896],[125.69346,46.78889],[125.7702,46.71754],[125.91807,46.63611],[125.71721,46.58008],[125.72612,46.49308],[125.7445,46.47789],[125.7308,46.45119],[125.75389,46.42246],[125.69599,46.41055],[125.65433,46.42515],[125.5794,46.40072],[125.5572,46.37618],[125.57759,46.35827],[125.50557,46.27386],[125.44302,46.24701],[125.32979,46.23539],[125.35015,46.14576],[125.21254,46.14164],[125.20517,46.16954],[125.15711,46.19488],[125.11001,46.18454],[125.10552,46.21356],[125.07421,46.21455],[125.08154,46.15723],[125.12851,46.16252],[125.1465,46.12672],[125.21677,46.13559],[125.18883,46.09203],[125.15401,46.0798],[125.14033,46.04183],[125.08992,46.01392],[125.07836,46.02833],[125.09935,46.04524],[125.05468,46.0468],[125.06715,46.06518],[125.05296,46.08277],[124.89823,46.04822],[124.86958,46.06679],[124.91587,46.08697],[124.9247,46.10909],[124.90101,46.16824],[124.91122,46.20708],[124.96242,46.21615],[124.9571,46.23647],[124.97875,46.24975],[125.0537,46.2671],[125.05207,46.33563],[125.00466,46.34199],[125.03071,46.34547],[125.0293,46.40442],[124.98443,46.42957],[125.02981,46.44241],[125.06894,46.48757],[125.17307,46.47554],[125.11887,46.44625],[125.14939,46.44526],[125.16609,46.42319],[125.21591,46.42481],[125.2329,46.40904],[125.26403,46.43419],[125.23374,46.45465],[125.23548,46.47119],[125.2498,46.46626],[125.24123,46.47485],[125.26589,46.46896],[125.24499,46.49242],[125.20039,46.48639],[125.1544,46.51797],[125.19579,46.5351],[125.22682,46.49485],[125.25944,46.50704],[125.23309,46.52556],[125.24981,46.54031],[125.22837,46.57668],[125.24244,46.59251],[125.17322,46.65133],[125.26414,46.65316],[125.27034,46.67173],[125.20809,46.70541],[125.17363,46.74596],[125.13529,46.75786],[125.16937,46.79312],[125.19366,46.78965],[125.17604,46.79815],[125.18265,46.82476],[125.14937,46.83583],[125.22894,46.96149],[125.29672,47.01068]]]}},{"type":"Feature","id":"CTAMAP-2010-COUNTY-0045","properties":{"map_level":"county","source_name":"昂昂溪区","source_code":"230205","county_type":"市辖区","prefecture_name":"齐齐哈尔市","prefecture_code":"230200","prefecture_type":"地级市","parent_entity_id":"CNUR-000061","parent_year_end_name":"齐齐哈尔市","province_name":"黑龙江省","province_code":"230000","snapshot_year":2010,"panel_year":2009,"link_status":"parent_linked","former_name":"","note":""},"geometry":{"type":"Polygon","coordinates":[[[124.18889,47.12898],[124.06356,47.04583],[124.08211,47.03676],[124.06606,47.00274],[123.99525,47.0007],[123.99866,46.98953],[123.88145,47.00038],[123.84917,47.01692],[123.84467,47.05938],[123.82336,47.06245],[123.82094,47.07803],[123.79591,47.07669],[123.73466,47.12248],[123.66591,47.12505],[123.71437,47.14766],[123.69699,47.17436],[123.73578,47.16693],[123.71986,47.17929],[123.73843,47.20121],[123.71516,47.21475],[123.7852,47.22074],[123.7917,47.24566],[123.81784,47.25088],[123.87739,47.20247],[123.87885,47.18311],[123.91469,47.17982],[123.95755,47.2586],[123.98917,47.26888],[123.99319,47.28544],[124.03979,47.29122],[124.06572,47.2799],[124.05521,47.23832],[124.12423,47.2376],[124.14275,47.16834],[124.18739,47.16598],[124.18889,47.12898]]]}},{"type":"Feature","id":"CTAMAP-2010-COUNTY-0059","properties":{"map_level":"county","source_name":"巴彦县","source_code":"230126","county_type":"县","prefecture_name":"哈尔滨市","prefecture_code":"230100","prefecture_type":"地级市","parent_entity_id":"CNUR-000060","parent_year_end_name":"哈尔滨市","province_name":"黑龙江省","province_code":"230000","snapshot_year":2010,"panel_year":2009,"link_status":"parent_linked","former_name":"","note":""},"geometry":{"type":"Polygon","coordinates":[[[127.65151,46.545],[127.64793,46.51394],[127.67326,46.50461],[127.65699,46.48587],[127.6625,46.45762],[127.70369,46.40952],[127.66266,46.3513],[127.60226,46.31261],[127.62688,46.27476],[127.61656,46.2327],[127.59311,46.2199],[127.59546,46.18422],[127.57588,46.17369],[127.56432,46.12524],[127.5274,46.10064],[127.53264,46.06648],[127.56249,46.04154],[127.52511,46.03516],[127.56288,45.98166],[127.51675,45.93426],[127.4562,45.91756],[127.39809,45.92411],[127.35702,45.90915],[127.35901,45.9547],[127.28867,45.97888],[127.30345,45.98875],[127.25547,46.02217],[127.25356,46.04798],[127.22308,46.05964],[127.23403,46.07626],[127.21342,46.07718],[127.15546,46.13108],[127.10059,46.13817],[127.05285,46.18984],[127.01377,46.27059],[127.07549,46.35242],[127.07627,46.37799],[127.05507,46.3914],[127.07134,46.39762],[127.06742,46.41605],[126.97484,46.37982],[126.92857,46.38943],[126.8345,46.37575],[126.81657,46.39527],[126.76272,46.40688],[126.78256,46.42677],[126.83057,46.43649],[126.84773,46.47989],[126.87038,46.48156],[126.87066,46.49425],[126.98384,46.52437],[127.03128,46.55075],[127.04378,46.5761],[127.10445,46.58692],[127.1811,46.64033],[127.22771,46.65315],[127.26593,46.64216],[127.3158,46.66849],[127.39658,46.66716],[127.46936,46.6263],[127.4993,46.59631],[127.51165,46.52791],[127.57389,46.51119],[127.65151,46.545]]]}},{"type":"Feature","id":"CTAMAP-2010-COUNTY-0076","properties":{"map_level":"county","source_name":"拜泉县","source_code":"230231","county_type":"县","prefecture_name":"齐齐哈尔市","prefecture_code":"230200","prefecture_type":"地级市","parent_entity_id":"CNUR-000061","parent_year_end_name":"齐齐哈尔市","province_name":"黑龙江省","province_code":"230000","snapshot_year":2010,"panel_year":2009,"link_status":"parent_linked","former_name":"","note":""},"geometry":{"type":"Polygon","coordinates":[[[126.51214,47.72296],[126.51991,47.60085],[126.55166,47.58419],[126.51159,47.49275],[126.52619,47.48075],[126.49728,47.46876],[126.49949,47.45098],[126.46918,47.40793],[126.44131,47.39593],[126.44107,47.37732],[125.56106,47.29811],[125.55457,47.33053],[125.56967,47.33331],[125.55232,47.36727],[125.58329,47.37155],[125.58169,47.40326],[125.60248,47.40667],[125.59201,47.47224],[125.6413,47.47748],[125.63804,47.50816],[125.65269,47.50965],[125.6297,47.55769],[125.64764,47.56492],[125.63407,47.57861],[125.63717,47.6247],[125.59661,47.64224],[125.58385,47.67325],[125.56688,47.79814],[125.51223,47.79257],[125.50473,47.82583],[126.1837,47.88191],[126.20027,47.8407],[126.18289,47.7922],[126.19602,47.77275],[126.17998,47.7611],[126.20095,47.70718],[126.51214,47.72296]]]}},{"type":"Feature","id":"CTAMAP-2010-COUNTY-0084","properties":{"map_level":"county","source_name":"宝清县","source_code":"230523","county_type":"县","prefecture_name":"双鸭山市","prefecture_code":"230500","prefecture_type":"地级市","parent_entity_id":"CNUR-000064","parent_year_end_name":"双鸭山市","province_name":"黑龙江省","province_code":"230000","snapshot_year":2010,"panel_year":2009,"link_status":"parent_linked","former_name":"","note":""},"geometry":{"type":"Polygon","coordinates":[[[133.13116,46.89245],[133.14424,46.85574],[133.19056,46.84738],[133.22606,46.81295],[133.25715,46.81043],[133.30389,46.77926],[133.32644,46.74912],[133.38386,46.74088],[133.44206,46.70583],[133.44908,46.68386],[133.43429,46.66169],[133.5001,46.62128],[133.47498,46.60138],[133.47408,46.55898],[133.41854,46.53788],[133.40138,46.5538],[133.34461,46.55852],[133.35214,46.58018],[133.31158,46.60882],[133.22286,46.57413],[133.21991,46.51986],[133.20303,46.50232],[133.21576,46.48727],[133.19992,46.46897],[133.14199,46.46055],[133.11189,46.48095],[133.08287,46.46567],[133.09116,46.44204],[133.05937,46.41679],[133.07446,46.39283],[132.98796,46.34295],[133.01975,46.34065],[133.02094,46.30601],[132.97181,46.25673],[132.94609,46.16761],[132.89082,46.15435],[132.8933,46.13671],[132.85842,46.12459],[132.827,46.14074],[132.78521,46.13199],[132.77038,46.1596],[132.72123,46.18264],[132.67278,46.16364],[132.66202,46.12603],[132.61534,46.1148],[132.60208,46.07046],[132.55806,46.06966],[132.47781,45.98979],[132.44366,45.98585],[132.38281,46.02498],[132.30248,46.02757],[132.30122,46.00472],[132.25958,45.98603],[132.27885,45.96316],[132.258,45.94452],[132.28053,45.92167],[132.26997,45.88879],[132.25102,45.86609],[132.21089,45.87137],[132.20516,45.84411],[132.16064,45.85556],[132.02083,45.81416],[131.96642,45.81758],[131.92008,45.88144],[131.88606,45.86798],[131.85373,45.79272],[131.82343,45.80676],[131.78144,45.78642],[131.79365,45.80385],[131.77715,45.83132],[131.78953,45.85431],[131.7807,45.90112],[131.86956,45.98538],[131.92897,46.00673],[131.89579,46.02522],[131.9217,46.07749],[131.87907,46.08507],[131.77604,46.0556],[131.7692,46.07253],[131.69542,46.09127],[131.69241,46.16147],[131.72117,46.17239],[131.71691,46.19753],[131.65085,46.21344],[131.62583,46.20171],[131.61812,46.22359],[131.54348,46.21982],[131.49319,46.25019],[131.42372,46.24006],[131.33139,46.297],[131.27492,46.30971],[131.28804,46.32934],[131.23977,46.36397],[131.25096,46.3888],[131.27865,46.39872],[131.34779,46.3553],[131.46698,46.34119],[131.47736,46.37005],[131.53675,46.38605],[131.54698,46.41343],[131.72027,46.58165],[131.81242,46.60446],[131.84918,46.59074],[131.87493,46.59986],[131.90325,46.63488],[131.95103,46.6571],[131.95034,46.67356],[131.98155,46.67834],[131.9781,46.70873],[132.00719,46.71558],[132.03443,46.69848],[132.11445,46.71434],[132.20754,46.80609],[132.29261,46.80222],[132.32238,46.77259],[132.39055,46.76062],[132.38085,46.8113],[132.42548,46.82585],[132.48542,46.82202],[132.49985,46.7933],[132.54664,46.78079],[132.60606,46.80634],[132.64276,46.79899],[132.71284,46.81456],[132.75486,46.78078],[132.80394,46.77745],[132.80496,46.75188],[132.84679,46.77535],[132.87139,46.76638],[132.87587,46.79418],[132.94998,46.80618],[132.95773,46.83159],[132.99486,46.83179],[132.99984,46.84974],[133.02892,46.85529],[133.01965,46.86428],[133.05618,46.88331],[133.13116,46.89245]]]}},{"type":"Feature","id":"CTAMAP-2010-COUNTY-0093","properties":{"map_level":"county","source_name":"北安市","source_code":"231181","county_type":"县级市","prefecture_name":"黑河市","prefecture_code":"231100","prefecture_type":"地级市","parent_entity_id":"CNUR-000070","parent_year_end_name":"黑河市","province_name":"黑龙江省","province_code":"230000","snapshot_year":2010,"panel_year":2009,"link_status":"parent_linked","former_name":"","note":""},"geometry":{"type":"Polygon","coordinates":[[[127.83517,48.02535],[127.88254,48.00923],[127.86966,47.99546],[127.89323,47.96566],[127.88505,47.9522],[127.84143,47.93759],[127.84321,47.91977],[127.79606,47.89226],[127.80426,47.86275],[127.68624,47.77491],[127.65518,47.83545],[127.63951,47.83722],[127.50827,47.82709],[127.46472,47.79698],[127.39876,47.78269],[127.28617,47.78913],[127.24456,47.77019],[127.1412,47.78466],[126.94013,47.71375],[126.79723,47.73972],[126.71402,47.71757],[126.69407,47.68666],[126.58683,47.6419],[126.56456,47.59336],[126.53834,47.58494],[126.51567,47.6214],[126.51214,47.72296],[126.56188,47.72757],[126.55405,47.78192],[126.59145,47.83331],[126.56034,47.87995],[126.57586,47.91246],[126.62591,47.94847],[126.6225,48.03478],[126.58378,48.06191],[126.61518,48.09473],[126.60943,48.11111],[126.66224,48.12963],[126.60853,48.15135],[126.56702,48.21253],[126.51742,48.218],[126.43521,48.18465],[126.38468,48.19527],[126.33582,48.17188],[126.31241,48.17621],[126.31562,48.23861],[126.27803,48.2725],[126.28627,48.28988],[126.34832,48.31217],[126.34413,48.3415],[126.40811,48.33039],[126.42054,48.34818],[126.40639,48.36975],[126.44365,48.37208],[126.45724,48.41659],[126.50564,48.41619],[126.55017,48.46624],[126.54018,48.47925],[126.60266,48.44543],[126.61399,48.4208],[126.7592,48.40444],[126.80658,48.43387],[126.80933,48.47403],[126.9253,48.49033],[126.92802,48.54631],[126.9735,48.5355],[127.00823,48.55226],[127.06831,48.53816],[127.08745,48.51641],[127.15235,48.51152],[127.16299,48.48383],[127.24519,48.45393],[127.33798,48.46711],[127.41745,48.43183],[127.53456,48.43596],[127.60634,48.39775],[127.59689,48.36943],[127.62579,48.33224],[127.633,48.28647],[127.67965,48.24233],[127.69616,48.20153],[127.76326,48.19038],[127.80623,48.15584],[127.79882,48.08682],[127.83517,48.02535]]]}},{"type":"Feature","id":"CTAMAP-2010-COUNTY-0099","properties":{"map_level":"county","source_name":"北林区","source_code":"231202","county_type":"市辖区","prefecture_name":"绥化市","prefecture_code":"231200","prefecture_type":"地级市","parent_entity_id":"CNUR-000071","parent_year_end_name":"绥化市","province_name":"黑龙江省","province_code":"230000","snapshot_year":2010,"panel_year":2009,"link_status":"parent_linked","former_name":"","note":""},"geometry":{"type":"Polygon","coordinates":[[[127.36719,47.06655],[127.32356,46.9702],[127.3046,46.9589],[127.30422,46.90522],[127.21997,46.8691],[127.31267,46.75944],[127.29261,46.75379],[127.28414,46.7269],[127.31135,46.72794],[127.33288,46.69096],[127.30436,46.65965],[127.26593,46.64216],[127.22771,46.65315],[127.1811,46.64033],[127.10445,46.58692],[127.04378,46.5761],[127.03128,46.55075],[126.98384,46.52437],[126.87066,46.49425],[126.82315,46.43144],[126.7853,46.42792],[126.7623,46.40666],[126.73658,46.41526],[126.67514,46.37444],[126.67804,46.35686],[126.61378,46.32182],[126.60566,46.36145],[126.5853,46.36238],[126.56289,46.41645],[126.51003,46.46082],[126.46744,46.54162],[126.41991,46.55775],[126.45068,46.58913],[126.44384,46.62253],[126.45494,46.63314],[126.49199,46.64219],[126.50307,46.62796],[126.52196,46.64993],[126.56921,46.6576],[126.60329,46.68225],[126.68972,46.67966],[126.72524,46.7134],[126.81745,46.73454],[126.81968,46.75171],[126.88773,46.74793],[126.91407,46.774],[126.90188,46.79761],[126.92128,46.81455],[126.90735,46.81977],[126.89706,46.90224],[126.91382,46.93246],[126.94859,46.94743],[126.96471,46.99411],[126.96367,47.08163],[126.98488,47.11026],[126.96784,47.13808],[126.98683,47.15919],[127.0941,47.16839],[127.09792,47.15578],[127.14335,47.15821],[127.14885,47.13433],[127.21423,47.13116],[127.22505,47.0883],[127.19637,47.06768],[127.21428,47.0605],[127.29851,47.04369],[127.36719,47.06655]]]}},{"type":"Feature","id":"CTAMAP-2010-COUNTY-0111","properties":{"map_level":"county","source_name":"宾县","source_code":"230125","county_type":"县","prefecture_name":"哈尔滨市","prefecture_code":"230100","prefecture_type":"地级市","parent_entity_id":"CNUR-000060","parent_year_end_name":"哈尔滨市","province_name":"黑龙江省","province_code":"230000","snapshot_year":2010,"panel_year":2009,"link_status":"parent_linked","former_name":"","note":""},"geometry":{"type":"Polygon","coordinates":[[[127.24322,45.99119],[127.35623,45.95786],[127.36037,45.90721],[127.39392,45.92371],[127.4562,45.91756],[127.52932,45.94421],[127.56373,45.98351],[127.54459,46.00714],[127.59244,46.01373],[127.57282,46.02506],[127.58308,46.03072],[127.60188,46.01052],[127.68123,46.01265],[127.70982,45.94878],[127.78184,45.96495],[127.77251,45.937],[127.78297,45.92794],[127.90143,45.93197],[127.9794,45.91573],[128.01618,45.94207],[128.12793,45.90681],[128.23645,45.93097],[128.26979,45.95802],[128.27949,45.91425],[128.32239,45.90245],[128.30856,45.85378],[128.27574,45.8603],[128.27491,45.79877],[128.25735,45.79586],[128.25295,45.76134],[128.22604,45.7435],[128.25019,45.72548],[128.21355,45.71277],[128.22891,45.67587],[128.22155,45.65422],[128.17712,45.6477],[128.20705,45.60466],[128.1894,45.57487],[128.13162,45.59572],[128.11699,45.58431],[128.04854,45.59234],[128.02658,45.60854],[128.01837,45.58303],[127.97309,45.58054],[127.93295,45.54771],[127.90752,45.54837],[127.75507,45.59006],[127.7342,45.54391],[127.69108,45.56317],[127.67303,45.53562],[127.64025,45.55321],[127.5761,45.53619],[127.54066,45.55057],[127.49377,45.51674],[127.34167,45.55258],[127.31441,45.60355],[127.27809,45.61186],[127.22814,45.59916],[127.1684,45.67757],[127.14093,45.78537],[127.11132,45.79661],[127.10553,45.82702],[127.04752,45.86403],[126.93077,46.00399],[126.94074,46.02559],[127.03507,46.03659],[127.17107,45.98244],[127.24322,45.99119]]]}},{"type":"Feature","id":"CTAMAP-2010-COUNTY-0121","properties":{"map_level":"county","source_name":"勃利县","source_code":"230921","county_type":"县","prefecture_name":"七台河市","prefecture_code":"230900","prefecture_type":"地级市","parent_entity_id":"CNUR-000068","parent_year_end_name":"七台河市","province_name":"黑龙江省","province_code":"230000","snapshot_year":2010,"panel_year":2009,"link_status":"parent_linked","former_name":"","note":""},"geometry":{"type":"Polygon","coordinates":[[[130.20608,46.10978],[130.38936,46.08554],[130.45079,46.04608],[130.495,46.04101],[130.49916,46.02426],[130.54344,46.0186],[130.56847,45.98333],[130.64736,45.94586],[130.68163,45.94814],[130.68092,45.93652],[130.81305,45.87975],[130.79942,45.8646],[130.81122,45.85008],[130.77076,45.82717],[130.82756,45.76917],[130.82581,45.74252],[130.93571,45.74877],[130.96702,45.71395],[131.01519,45.70384],[131.01472,45.6855],[130.93819,45.66481],[130.93134,45.62256],[130.88802,45.60718],[130.85795,45.63115],[130.85211,45.61619],[130.80695,45.6257],[130.77372,45.61449],[130.7119,45.6547],[130.64106,45.58704],[130.56553,45.59942],[130.54284,45.62742],[130.47339,45.60488],[130.39129,45.67359],[130.33402,45.61659],[130.27752,45.63369],[130.25757,45.66597],[130.20329,45.65029],[130.20405,45.68862],[130.17528,45.67756],[130.15624,45.69459],[130.19291,45.75641],[130.17654,45.81687],[130.19187,45.82981],[130.16891,45.85557],[130.18793,45.87059],[130.16991,45.90122],[130.10846,45.92412],[130.09578,45.97787],[130.11956,46.03861],[130.10382,46.05298],[130.10956,46.069],[130.13948,46.06763],[130.20608,46.10978]]]}},{"type":"Feature","id":"CTAMAP-2010-COUNTY-0192","properties":{"map_level":"county","source_name":"城子河区","source_code":"230306","county_type":"市辖区","prefecture_name":"鸡西市","prefecture_code":"230300","prefecture_type":"地级市","parent_entity_id":"CNUR-000062","parent_year_end_name":"鸡西市","province_name":"黑龙江省","province_code":"230000","snapshot_year":2010,"panel_year":2009,"link_status":"parent_linked","former_name":"","note":""},"geometry":{"type":"Polygon","coordinates":[[[131.08911,45.31951],[131.02956,45.29052],[130.92873,45.33505],[130.92046,45.36836],[130.95394,45.3853],[130.91881,45.43019],[130.95791,45.42439],[130.98953,45.45715],[131.07977,45.43545],[131.07034,45.41172],[131.08577,45.40607],[131.09553,45.35337],[131.0831,45.34501],[131.08911,45.31951]]]}},{"type":"Feature","id":"CTAMAP-2010-COUNTY-0282","properties":{"map_level":"county","source_name":"道里区","source_code":"230102","county_type":"市辖区","prefecture_name":"哈尔滨市","prefecture_code":"230100","prefecture_type":"地级市","parent_entity_id":"CNUR-000060","parent_year_end_name":"哈尔滨市","province_name":"黑龙江省","province_code":"230000","snapshot_year":2010,"panel_year":2009,"link_status":"parent_linked","former_name":"","note":""},"geometry":{"type":"Polygon","coordinates":[[[126.62892,45.76631],[126.53735,45.6672],[126.51799,45.67666],[126.4951,45.66328],[126.49795,45.63416],[126.51759,45.62275],[126.45558,45.57728],[126.42964,45.57427],[126.3491,45.61692],[126.25113,45.58487],[126.23661,45.59228],[126.2239,45.5677],[126.17012,45.54892],[126.14616,45.57147],[126.16235,45.58298],[126.14847,45.59781],[126.1708,45.61152],[126.14245,45.67619],[126.15307,45.69988],[126.18825,45.68229],[126.2167,45.70209],[126.28689,45.69384],[126.30113,45.70718],[126.28266,45.72042],[126.28809,45.7376],[126.31363,45.74407],[126.3228,45.72364],[126.35399,45.72246],[126.36277,45.73457],[126.35034,45.75426],[126.37036,45.73222],[126.41857,45.7302],[126.50346,45.74592],[126.51035,45.77193],[126.55266,45.75553],[126.61741,45.78696],[126.62892,45.76631]]]}},{"type":"Feature","id":"CTAMAP-2010-COUNTY-0283","properties":{"map_level":"county","source_name":"道外区","source_code":"230104","county_type":"市辖区","prefecture_name":"哈尔滨市","prefecture_code":"230100","prefecture_type":"地级市","parent_entity_id":"CNUR-000060","parent_year_end_name":"哈尔滨市","province_name":"黑龙江省","province_code":"230000","snapshot_year":2010,"panel_year":2009,"link_status":"parent_linked","former_name":"","note":"2006年新设立道外区"},"geometry":{"type":"Polygon","coordinates":[[[127.11133,45.79661],[127.0509,45.75872],[127.03965,45.72554],[127.01158,45.72392],[126.98376,45.72913],[126.99328,45.7549],[126.95346,45.74688],[126.9469,45.77866],[126.91715,45.80445],[126.92322,45.81559],[126.87635,45.8118],[126.87403,45.78084],[126.88732,45.77416],[126.87504,45.74382],[126.83869,45.72531],[126.79481,45.7422],[126.79712,45.75609],[126.76713,45.76409],[126.74087,45.74752],[126.66316,45.78344],[126.63144,45.76453],[126.61741,45.78696],[126.70916,45.82494],[126.70027,45.89717],[126.75739,45.90387],[126.81127,45.95022],[126.93077,46.00399],[127.04752,45.86403],[127.10553,45.82702],[127.11133,45.79661]]]}},{"type":"Feature","id":"CTAMAP-2010-COUNTY-0304","properties":{"map_level":"county","source_name":"滴道区","source_code":"230304","county_type":"市辖区","prefecture_name":"鸡西市","prefecture_code":"230300","prefecture_type":"地级市","parent_entity_id":"CNUR-000062","parent_year_end_name":"鸡西市","province_name":"黑龙江省","province_code":"230000","snapshot_year":2010,"panel_year":2009,"link_status":"parent_linked","former_name":"","note":""},"geometry":{"type":"Polygon","coordinates":[[[130.89876,45.46439],[130.95347,45.38384],[130.79525,45.3032],[130.76956,45.3072],[130.71805,45.20863],[130.68114,45.19805],[130.64588,45.20997],[130.66442,45.23538],[130.65792,45.25836],[130.60286,45.28647],[130.54501,45.38165],[130.64164,45.43693],[130.66076,45.45769],[130.65369,45.47728],[130.67789,45.48286],[130.75132,45.44693],[130.89876,45.46439]]]}},{"type":"Feature","id":"CTAMAP-2010-COUNTY-0326","properties":{"map_level":"county","source_name":"东安区","source_code":"231002","county_type":"市辖区","prefecture_name":"牡丹江市","prefecture_code":"231000","prefecture_type":"地级市","parent_entity_id":"CNUR-000069","parent_year_end_name":"牡丹江市","province_name":"黑龙江省","province_code":"230000","snapshot_year":2010,"panel_year":2009,"link_status":"parent_linked","former_name":"","note":""},"geometry":{"type":"Polygon","coordinates":[[[129.92137,44.42829],[129.9455,44.42532],[129.94567,44.38986],[130.07229,44.311],[130.06325,44.29244],[130.05094,44.30306],[130.03666,44.28803],[130.0491,44.27116],[130.01959,44.2454],[130.01617,44.21951],[129.97723,44.19858],[129.87851,44.21087],[129.85661,44.24884],[129.86251,44.28935],[129.84729,44.30103],[129.85961,44.32893],[129.72784,44.38714],[129.65247,44.451],[129.59348,44.45228],[129.56929,44.51195],[129.59405,44.53786],[129.58327,44.54576],[129.6192,44.5605],[129.60525,44.5891],[129.6426,44.58837],[129.73779,44.50338],[129.88021,44.43312],[129.8835,44.39507],[129.90134,44.39259],[129.92137,44.42829]]]}},{"type":"Feature","id":"CTAMAP-2010-COUNTY-0346","properties":{"map_level":"county","source_name":"东宁县","source_code":"231024","county_type":"县","prefecture_name":"牡丹江市","prefecture_code":"231000","prefecture_type":"地级市","parent_entity_id":"CNUR-000069","parent_year_end_name":"牡丹江市","province_name":"黑龙江省","province_code":"230000","snapshot_year":2010,"panel_year":2009,"link_status":"parent_linked","former_name":"","note":""},"geometry":{"type":"Polygon","coordinates":[[[131.13905,44.57753],[131.15243,44.53257],[131.03172,44.50854],[131.02033,44.48387],[130.99983,44.48289],[130.97209,44.40973],[130.93354,44.38322],[130.99079,44.34942],[130.95915,44.33099],[130.95615,44.31108],[131.02379,44.29183],[131.22294,44.29849],[131.29912,44.04708],[131.25902,44.02997],[131.2358,43.98487],[131.23715,43.95684],[131.25921,43.93543],[131.20562,43.82762],[131.21727,43.80386],[131.20397,43.78407],[131.22515,43.73973],[131.20861,43.72911],[131.22079,43.71614],[131.21094,43.68634],[131.2335,43.66329],[131.20936,43.60987],[131.2389,43.60001],[131.2288,43.58157],[131.20901,43.59037],[131.19688,43.57982],[131.20425,43.55954],[131.1874,43.55765],[131.1943,43.52922],[131.26456,43.49313],[131.29691,43.49957],[131.29882,43.47679],[131.27684,43.46531],[131.22835,43.47317],[131.19349,43.43948],[131.13472,43.42299],[131.01946,43.50601],[130.99393,43.50564],[130.93764,43.47406],[130.90046,43.43203],[130.85433,43.43572],[130.78552,43.52504],[130.76752,43.52124],[130.72103,43.55745],[130.66491,43.5635],[130.66002,43.58128],[130.6203,43.58315],[130.6171,43.62178],[130.5823,43.61138],[130.4989,43.63401],[130.48166,43.65283],[130.40596,43.64939],[130.38685,43.69965],[130.41641,43.74099],[130.37254,43.77887],[130.37236,43.82308],[130.35538,43.84031],[130.37899,43.85135],[130.35878,43.88649],[130.37604,43.9036],[130.32922,43.95641],[130.35636,43.98918],[130.3605,44.0457],[130.3855,44.05035],[130.41755,44.10322],[130.47469,44.13661],[130.48417,44.18194],[130.52431,44.19793],[130.5392,44.22773],[130.52421,44.25619],[130.52834,44.29687],[130.50327,44.31448],[130.51183,44.35531],[130.5322,44.37232],[130.50828,44.4076],[130.5067,44.44442],[130.56582,44.48578],[130.55667,44.49823],[130.58748,44.53042],[130.58971,44.56766],[130.62271,44.60766],[130.6314,44.64965],[130.67705,44.64073],[130.71112,44.68821],[130.80151,44.68267],[130.81303,44.70618],[130.85957,44.721],[130.8682,44.69094],[130.84953,44.66708],[130.86132,44.65484],[130.85407,44.62184],[130.91669,44.57389],[130.99298,44.58162],[131.01308,44.59779],[131.03751,44.58266],[131.13905,44.57753]]]}},{"type":"Feature","id":"CTAMAP-2010-COUNTY-0374","properties":{"map_level":"county","source_name":"杜尔伯特蒙古族自治县","source_code":"230624","county_type":"自治县","prefecture_name":"大庆市","prefecture_code":"230600","prefecture_type":"地级市","parent_entity_id":"CNUR-000065","parent_year_end_name":"大庆市","province_name":"黑龙江省","province_code":"230000","snapshot_year":2010,"panel_year":2009,"link_status":"parent_linked","former_name":"","note":""},"geometry":{"type":"Polygon","coordinates":[[[124.33,47.13612],[124.36867,47.06959],[124.53895,47.01874],[124.54128,46.95848],[124.63007,46.91766],[124.70742,46.83624],[124.66125,46.82561],[124.61992,46.78437],[124.61464,46.71974],[124.5899,46.67233],[124.68487,46.60776],[124.70056,46.57133],[124.64894,46.56242],[124.63476,46.54135],[124.61975,46.50108],[124.6355,46.44787],[124.56132,46.38094],[124.56327,46.31572],[124.53764,46.26568],[124.44561,46.26293],[124.42294,46.23855],[124.38575,46.22989],[124.30228,46.22739],[124.27959,46.24447],[124.22654,46.21365],[124.23683,46.17641],[124.31934,46.16223],[124.44677,46.10462],[124.4514,46.07683],[124.41757,46.03209],[124.31822,46.02738],[124.31508,45.97313],[124.21121,45.92365],[124.20832,45.93633],[124.15889,45.93586],[124.1237,45.91841],[124.1169,45.89444],[124.05711,45.87583],[123.99673,45.90205],[123.95971,45.93983],[123.9725,45.97797],[124.01551,45.98803],[123.98268,46.01595],[124.03278,46.01779],[124.02429,46.04689],[123.9966,46.06005],[124.01141,46.08464],[123.98545,46.09726],[124.01072,46.11744],[123.98329,46.13997],[124.004,46.15909],[123.96514,46.16282],[123.97209,46.17678],[123.95018,46.20757],[123.97663,46.22288],[123.94859,46.24239],[123.96303,46.27463],[123.95382,46.28866],[123.92851,46.28469],[123.9127,46.2542],[123.89019,46.26462],[123.90317,46.2975],[123.83842,46.30503],[123.85376,46.34343],[123.83712,46.37344],[123.86514,46.39275],[123.85293,46.43011],[123.81749,46.44562],[123.83279,46.46852],[123.80559,46.47949],[123.81974,46.50617],[123.79283,46.51908],[123.82027,46.569],[123.7487,46.64166],[123.76006,46.65761],[123.74996,46.69076],[123.77847,46.71631],[123.75932,46.73988],[123.84774,46.74412],[123.85279,46.69441],[123.88088,46.68306],[123.91422,46.70618],[123.95161,46.70587],[124.01558,46.76991],[123.99007,46.77499],[123.98878,46.8035],[123.9463,46.81944],[123.91842,46.85343],[123.96387,46.92325],[124.00095,46.94747],[123.99525,47.0007],[124.06606,47.00274],[124.08211,47.03676],[124.06356,47.04583],[124.18912,47.12911],[124.33,47.13612]]]}},{"type":"Feature","id":"CTAMAP-2010-COUNTY-0405","properties":{"map_level":"county","source_name":"方正县","source_code":"230124","county_type":"县","prefecture_name":"哈尔滨市","prefecture_code":"230100","prefecture_type":"地级市","parent_entity_id":"CNUR-000060","parent_year_end_name":"哈尔滨市","province_name":"黑龙江省","province_code":"230000","snapshot_year":2010,"panel_year":2009,"link_status":"parent_linked","former_name":"","note":""},"geometry":{"type":"Polygon","coordinates":[[[129.3383,46.15747],[129.38034,46.12922],[129.37762,46.10484],[129.4067,46.07039],[129.41982,45.88444],[129.5146,45.84396],[129.52751,45.85204],[129.55655,45.826],[129.50114,45.78712],[129.46186,45.79051],[129.44708,45.76149],[129.42401,45.77757],[129.40188,45.77237],[129.39865,45.7361],[129.33807,45.73406],[129.33097,45.70632],[129.34713,45.68591],[129.30055,45.67058],[129.30352,45.62315],[129.29202,45.61759],[129.24796,45.61512],[129.21315,45.59173],[129.10135,45.62272],[129.08464,45.60081],[129.09466,45.56475],[129.07538,45.54633],[128.93056,45.62363],[128.7738,45.60542],[128.73525,45.65461],[128.73526,45.69005],[128.68838,45.7252],[128.68595,45.75284],[128.63869,45.7184],[128.63993,45.69239],[128.61767,45.68285],[128.62323,45.66513],[128.59122,45.66255],[128.52956,45.66869],[128.52742,45.71797],[128.43068,45.74768],[128.22806,45.74674],[128.25295,45.76134],[128.25735,45.79586],[128.27491,45.79877],[128.27574,45.8603],[128.31366,45.85994],[128.32238,45.9027],[128.27949,45.91425],[128.27386,45.95966],[128.38366,45.96725],[128.49781,45.91879],[128.61507,45.90149],[128.7569,45.96878],[128.83028,45.96941],[128.86847,45.95627],[128.89965,45.92204],[128.88974,45.88716],[128.98698,45.87418],[129.02053,45.91409],[129.09519,45.90154],[129.14216,45.92284],[129.22369,45.9908],[129.24355,46.03457],[129.30593,46.07285],[129.31057,46.12031],[129.3383,46.15747]]]}},{"type":"Feature","id":"CTAMAP-2010-COUNTY-0468","properties":{"map_level":"county","source_name":"抚远县","source_code":"230883","county_type":"县","prefecture_name":"佳木斯市","prefecture_code":"230800","prefecture_type":"地级市","parent_entity_id":"CNUR-000067","parent_year_end_name":"佳木斯市","province_name":"黑龙江省","province_code":"230000","snapshot_year":2010,"panel_year":2009,"link_status":"parent_linked","former_name":"","note":""},"geometry":{"type":"Polygon","coordinates":[[[134.4904,47.44387],[134.50439,47.73684],[134.54437,47.73603],[134.54436,47.78219],[134.50576,47.78209],[134.50988,47.88261],[134.45748,47.88431],[134.45886,47.86496],[134.42995,47.83541],[134.37639,47.82527],[134.35173,47.78748],[134.37229,47.76345],[134.36682,47.72836],[134.34353,47.71454],[134.33805,47.68959],[134.31888,47.68593],[134.32025,47.67021],[134.28737,47.64436],[134.21045,47.62678],[134.1843,47.586],[134.10136,47.61425],[134.08762,47.59759],[134.09518,47.56841],[134.04427,47.56951],[134.04488,47.52529],[134.02837,47.5344],[133.96646,47.51922],[133.93383,47.53907],[133.83902,47.54514],[133.80021,47.5308],[133.72652,47.53297],[133.70788,47.53972],[133.70683,47.78527],[133.67011,47.84881],[133.70543,47.86078],[133.70164,47.96886],[133.85393,47.99808],[133.92396,48.04962],[133.96553,48.04849],[133.96301,48.07203],[134.03877,48.0726],[134.04038,48.09119],[134.08328,48.11458],[134.11351,48.18874],[134.04322,48.23884],[134.03609,48.26685],[134.01102,48.26963],[133.99469,48.3032],[134.03255,48.33945],[134.12066,48.33325],[134.19704,48.38248],[134.3601,48.38047],[134.50582,48.42279],[134.57185,48.40573],[134.67802,48.41104],[134.79079,48.37048],[134.82596,48.38309],[134.89674,48.44564],[135.02735,48.43729],[135.05694,48.46236],[135.07503,48.45484],[135.08851,48.43167],[135.07312,48.39383],[134.85636,48.33127],[134.78366,48.2876],[134.68035,48.25876],[134.66701,48.23615],[134.66621,48.14715],[134.5453,48.03301],[134.5441,47.98493],[134.59312,47.94736],[134.6006,47.90404],[134.65718,47.8937],[134.66852,47.88175],[134.66378,47.82442],[134.75938,47.7646],[134.77508,47.73247],[134.74286,47.68353],[134.67731,47.63084],[134.6723,47.58742],[134.57381,47.51961],[134.56236,47.47785],[134.4904,47.44387]]]}},{"type":"Feature","id":"CTAMAP-2010-COUNTY-0478","properties":{"map_level":"county","source_name":"富锦市","source_code":"230882","county_type":"县级市","prefecture_name":"佳木斯市","prefecture_code":"230800","prefecture_type":"地级市","parent_entity_id":"CNUR-000067","parent_year_end_name":"佳木斯市","province_name":"黑龙江省","province_code":"230000","snapshot_year":2010,"panel_year":2009,"link_status":"parent_linked","former_name":"","note":""},"geometry":{"type":"Polygon","coordinates":[[[133.44627,47.46303],[133.34535,47.32921],[133.28393,47.29971],[133.2975,47.20554],[133.27288,47.18776],[133.27028,47.1965],[133.26479,47.19683],[133.24185,47.12944],[133.22821,47.13111],[133.23261,47.11329],[133.22446,47.12032],[133.20589,47.08791],[133.22362,47.08096],[133.20312,47.07187],[133.21517,47.0704],[133.20433,47.05615],[133.21905,47.06708],[133.23095,47.03921],[133.20038,47.03778],[133.19463,47.02536],[133.20969,47.02641],[133.21166,47.01195],[133.17541,47.01133],[133.18334,46.99509],[133.21165,46.99339],[133.20354,46.9695],[133.14591,46.95878],[133.15586,46.9486],[133.13115,46.93652],[133.14525,46.9283],[133.13141,46.92063],[133.14854,46.90934],[133.14025,46.8957],[133.05618,46.88331],[133.01965,46.86428],[133.02892,46.85529],[132.99984,46.84974],[132.99486,46.83179],[132.95773,46.83159],[132.94998,46.80618],[132.87587,46.79418],[132.87139,46.76638],[132.84679,46.77535],[132.80496,46.75188],[132.80394,46.77745],[132.75486,46.78078],[132.71284,46.81456],[132.64276,46.79899],[132.60606,46.80634],[132.54664,46.78079],[132.49985,46.7933],[132.48542,46.82202],[132.42548,46.82585],[132.38085,46.8113],[132.39055,46.76062],[132.32238,46.77259],[132.29261,46.80222],[132.20699,46.80558],[132.20896,46.84423],[132.18762,46.87557],[132.24582,46.90685],[132.23863,46.92821],[132.2597,46.94147],[132.0521,46.97419],[132.05116,46.98701],[131.92192,46.98511],[131.83179,46.95597],[131.82932,46.90181],[131.85533,46.8993],[131.8572,46.88474],[131.78027,46.88062],[131.78162,46.90103],[131.75603,46.90136],[131.7186,46.86256],[131.72096,46.88446],[131.52042,46.88866],[131.52616,47.00952],[131.55861,47.10936],[131.50211,47.15563],[131.50327,47.21265],[131.42868,47.22978],[131.47799,47.25269],[131.59144,47.23434],[131.71808,47.23933],[131.76842,47.26852],[131.86858,47.27811],[131.92641,47.24575],[132.00156,47.25288],[132.04433,47.31094],[132.04532,47.36456],[132.13427,47.40059],[132.20543,47.40598],[132.30044,47.47346],[132.42332,47.42161],[132.43428,47.46178],[132.51048,47.46224],[132.52885,47.48406],[132.56309,47.48265],[132.59503,47.51315],[132.6252,47.51504],[132.70683,47.57581],[132.72668,47.61778],[132.8234,47.59219],[132.87374,47.6071],[132.89742,47.57123],[132.99259,47.51959],[133.32846,47.4585],[133.39802,47.48436],[133.44627,47.46303]]]}},{"type":"Feature","id":"CTAMAP-2010-COUNTY-0479","properties":{"map_level":"county","source_name":"富拉尔基区","source_code":"230206","county_type":"市辖区","prefecture_name":"齐齐哈尔市","prefecture_code":"230200","prefecture_type":"地级市","parent_entity_id":"CNUR-000061","parent_year_end_name":"齐齐哈尔市","province_name":"黑龙江省","province_code":"230000","snapshot_year":2010,"panel_year":2009,"link_status":"parent_linked","former_name":"","note":""},"geometry":{"type":"Polygon","coordinates":[[[123.55423,47.36019],[123.60696,47.34441],[123.59406,47.30289],[123.61407,47.26065],[123.64177,47.24169],[123.66867,47.25714],[123.6918,47.2344],[123.72125,47.23935],[123.71516,47.21475],[123.73843,47.20121],[123.71986,47.17929],[123.73578,47.16693],[123.69699,47.17436],[123.71437,47.14766],[123.67284,47.13901],[123.67703,47.11773],[123.62158,47.0905],[123.61596,47.07226],[123.5547,47.07895],[123.51125,47.11667],[123.50389,47.13158],[123.54018,47.15456],[123.5408,47.21912],[123.52727,47.24563],[123.47782,47.25523],[123.47053,47.28484],[123.45033,47.28427],[123.44577,47.30828],[123.40734,47.33492],[123.55423,47.36019]]]}},{"type":"Feature","id":"CTAMAP-2010-COUNTY-0486","properties":{"map_level":"county","source_name":"富裕县","source_code":"230227","county_type":"县","prefecture_name":"齐齐哈尔市","prefecture_code":"230200","prefecture_type":"地级市","parent_entity_id":"CNUR-000061","parent_year_end_name":"齐齐哈尔市","province_name":"黑龙江省","province_code":"230000","snapshot_year":2010,"panel_year":2009,"link_status":"parent_linked","former_name":"","note":""},"geometry":{"type":"Polygon","coordinates":[[[124.88553,48.02162],[124.931,48.00627],[124.94319,47.9064],[124.904,47.90734],[124.91445,47.87063],[125.04231,47.86943],[125.04724,47.82025],[124.93128,47.81032],[124.87325,47.7638],[124.82748,47.75196],[124.82669,47.73271],[124.99023,47.60371],[125.02223,47.47066],[124.81793,47.40898],[124.80426,47.384],[124.62672,47.30578],[124.58146,47.33765],[124.47304,47.33772],[124.46306,47.39313],[124.15046,47.39315],[124.08935,47.45242],[123.99289,47.44032],[123.99716,47.47909],[123.98016,47.50049],[123.96282,47.49893],[123.98224,47.52018],[124.02643,47.52353],[124.03654,47.54904],[124.09063,47.57533],[124.07877,47.60576],[124.13014,47.66173],[124.22258,47.66437],[124.20369,47.70695],[124.25054,47.7429],[124.23824,47.77137],[124.26842,47.80262],[124.30591,47.80814],[124.28017,47.81333],[124.27053,47.83329],[124.30964,47.86116],[124.28748,47.88743],[124.29321,47.90697],[124.27097,47.92045],[124.27813,47.94102],[124.32314,47.95603],[124.31431,47.96575],[124.40273,47.96702],[124.52212,48.01059],[124.66155,48.0231],[124.66524,47.96834],[124.72642,47.97071],[124.74,48.00001],[124.88553,48.02162]]]}},{"type":"Feature","id":"CTAMAP-2010-COUNTY-0496","properties":{"map_level":"county","source_name":"甘南县","source_code":"230225","county_type":"县","prefecture_name":"齐齐哈尔市","prefecture_code":"230200","prefecture_type":"地级市","parent_entity_id":"CNUR-000061","parent_year_end_name":"齐齐哈尔市","province_name":"黑龙江省","province_code":"230000","snapshot_year":2010,"panel_year":2009,"link_status":"parent_linked","former_name":"","note":""},"geometry":{"type":"Polygon","coordinates":[[[124.25959,48.53447],[124.29539,48.5174],[124.30838,48.47876],[124.29727,48.45346],[124.32649,48.42957],[124.302,48.41013],[124.32067,48.39089],[124.31031,48.34554],[124.36954,48.27361],[124.39519,48.26333],[124.39554,48.24639],[124.4153,48.24401],[124.42159,48.22132],[124.40245,48.21341],[124.41643,48.18018],[124.47141,48.16514],[124.45596,48.15351],[124.46604,48.13214],[124.42421,48.12385],[124.43125,48.11016],[124.41216,48.08714],[124.3733,48.06568],[124.35494,48.02821],[124.36517,48.0145],[124.31552,47.9959],[124.33176,47.98073],[124.30846,47.96967],[124.3239,47.95684],[124.27602,47.93816],[124.27104,47.91956],[124.29491,47.90418],[124.28699,47.88911],[124.30836,47.85739],[124.24006,47.87372],[124.17034,47.80555],[124.08692,47.8148],[124.08128,47.83493],[124.02747,47.83478],[124.03472,47.80827],[123.98045,47.79315],[123.95069,47.81192],[123.69074,47.72617],[123.6586,47.71202],[123.63724,47.6718],[123.61352,47.68532],[123.53628,47.67846],[123.52866,47.62179],[123.45546,47.60549],[123.39711,47.65965],[123.33116,47.66203],[123.19543,47.64927],[123.17854,47.6361],[123.13542,47.64184],[123.12061,47.62648],[123.1393,47.59092],[123.08656,47.58547],[123.08084,47.62128],[123.03915,47.61353],[122.99129,47.66472],[122.93562,47.65204],[122.90223,47.67789],[122.9055,47.69077],[123.02698,47.74067],[123.16087,47.78158],[123.23746,47.85824],[123.29332,47.95186],[123.55726,48.03365],[123.74089,48.19589],[124.07383,48.43489],[124.25959,48.53447]]]}},{"type":"Feature","id":"CTAMAP-2010-COUNTY-0608","properties":{"map_level":"county","source_name":"海林市","source_code":"231083","county_type":"县级市","prefecture_name":"牡丹江市","prefecture_code":"231000","prefecture_type":"地级市","parent_entity_id":"CNUR-000069","parent_year_end_name":"牡丹江市","province_name":"黑龙江省","province_code":"230000","snapshot_year":2010,"panel_year":2009,"link_status":"parent_linked","former_name":"","note":""},"geometry":{"type":"Polygon","coordinates":[[[129.29235,45.61772],[129.32555,45.58994],[129.35659,45.58659],[129.36085,45.57008],[129.42225,45.56535],[129.42051,45.53499],[129.55342,45.4598],[129.57979,45.46965],[129.60484,45.52194],[129.64683,45.49362],[129.69742,45.49991],[129.7896,45.42931],[129.80719,45.43068],[129.81305,45.45162],[129.85812,45.45414],[129.8596,45.48375],[129.88822,45.50865],[129.9537,45.50803],[129.96731,45.48558],[129.97075,45.45887],[129.94801,45.43517],[129.96636,45.42767],[129.94584,45.39857],[129.95213,45.36712],[129.92724,45.34131],[129.9269,45.29248],[129.90435,45.25162],[129.90644,45.16453],[129.86987,45.13716],[129.90617,45.10618],[129.87766,45.09626],[129.85437,45.06471],[129.75778,45.03914],[129.71114,44.96569],[129.65894,44.92982],[129.69448,44.90583],[129.67093,44.8548],[129.71842,44.77101],[129.69198,44.75147],[129.69463,44.73451],[129.67141,44.72897],[129.68722,44.69466],[129.61977,44.70087],[129.6129,44.7304],[129.59001,44.73134],[129.58742,44.77117],[129.55358,44.78401],[129.5304,44.81573],[129.43042,44.83587],[129.3858,44.82674],[129.35587,44.80058],[129.31719,44.80507],[129.31896,44.77436],[129.40231,44.73333],[129.40545,44.68752],[129.39105,44.67981],[129.41414,44.64712],[129.42676,44.66508],[129.45919,44.65746],[129.4338,44.60967],[129.44509,44.56921],[129.38316,44.54597],[129.41512,44.51865],[129.38817,44.48144],[129.39566,44.45808],[129.3812,44.43917],[129.3379,44.45348],[129.31864,44.42257],[129.26866,44.41294],[129.26765,44.39834],[129.24374,44.41083],[129.19631,44.39847],[129.14555,44.34963],[129.02033,44.35856],[129.00258,44.33402],[128.86976,44.33311],[128.83675,44.2937],[128.81579,44.29594],[128.81231,44.31475],[128.75673,44.31096],[128.75149,44.33629],[128.71402,44.31475],[128.63757,44.32789],[128.63082,44.30143],[128.61503,44.31463],[128.58821,44.27605],[128.56888,44.27673],[128.5682,44.23406],[128.52874,44.21015],[128.49533,44.21746],[128.46627,44.19546],[128.44396,44.20098],[128.464,44.23833],[128.44723,44.25614],[128.46888,44.3085],[128.43996,44.3374],[128.46885,44.34369],[128.47525,44.37342],[128.45042,44.40822],[128.45546,44.43216],[128.36625,44.51207],[128.24763,44.44454],[128.22785,44.4773],[128.26508,44.52887],[128.35204,44.58795],[128.36245,44.62981],[128.38389,44.63734],[128.39809,44.67461],[128.47883,44.66351],[128.52924,44.6808],[128.6274,44.65227],[128.68644,44.6633],[128.74168,44.69801],[128.74922,44.72322],[128.7207,44.73266],[128.77455,44.76318],[128.77672,44.77968],[128.84884,44.79462],[128.84296,44.80976],[128.86129,44.82774],[128.84504,44.8301],[128.88148,44.85672],[128.87336,44.86737],[128.9606,44.88278],[129.00844,44.91011],[129.0545,44.90144],[129.03632,44.92777],[129.04209,44.94636],[129.01488,44.96438],[129.04472,44.99706],[129.03382,45.02817],[128.99028,45.06344],[129.01054,45.0781],[129.06541,45.06592],[129.09723,45.0983],[129.14284,45.10919],[129.0946,45.13702],[129.09445,45.15448],[129.13367,45.19616],[129.15499,45.19213],[129.20276,45.21993],[129.20383,45.25661],[129.18008,45.26027],[129.16728,45.28969],[129.10851,45.27767],[129.05502,45.33569],[129.08023,45.35594],[129.17278,45.37671],[129.19053,45.39959],[129.19093,45.42459],[129.14214,45.44015],[129.11048,45.47166],[129.1329,45.53395],[129.11716,45.56386],[129.09466,45.56475],[129.08498,45.6019],[129.11363,45.62516],[129.21315,45.59173],[129.24796,45.61512],[129.29235,45.61772]]]}},{"type":"Feature","id":"CTAMAP-2010-COUNTY-0610","properties":{"map_level":"county","source_name":"海伦市","source_code":"231283","county_type":"县级市","prefecture_name":"绥化市","prefecture_code":"231200","prefecture_type":"地级市","parent_entity_id":"CNUR-000071","parent_year_end_name":"绥化市","province_name":"黑龙江省","province_code":"230000","snapshot_year":2010,"panel_year":2009,"link_status":"parent_linked","former_name":"","note":""},"geometry":{"type":"Polygon","coordinates":[[[127.68624,47.77491],[127.74819,47.76899],[127.73777,47.72788],[127.70165,47.71443],[127.6459,47.72566],[127.6301,47.70897],[127.64777,47.68493],[127.60803,47.66338],[127.49085,47.66675],[127.47651,47.64858],[127.4408,47.6442],[127.41566,47.61152],[127.38082,47.61119],[127.32963,47.54214],[127.25315,47.50248],[127.17331,47.42115],[127.1684,47.38468],[127.13386,47.33536],[127.10071,47.31619],[127.07412,47.26074],[126.99725,47.1972],[126.97314,47.14005],[126.7808,47.10794],[126.77745,47.09375],[126.56395,47.09907],[126.57145,46.99967],[126.2296,46.96113],[126.23839,46.96899],[126.2219,46.9707],[126.27154,47.00369],[126.25447,47.01328],[126.24305,47.04139],[126.25636,47.04946],[126.24261,47.06075],[126.27992,47.09207],[126.27642,47.11734],[126.32247,47.14992],[126.31678,47.17967],[126.34342,47.18945],[126.36237,47.23284],[126.36054,47.27876],[126.37827,47.30138],[126.36673,47.31626],[126.42934,47.34877],[126.44131,47.39593],[126.46918,47.40793],[126.49728,47.46876],[126.52295,47.47526],[126.51149,47.4923],[126.53413,47.5282],[126.53686,47.56972],[126.56456,47.59336],[126.58032,47.63596],[126.69407,47.68666],[126.71402,47.71757],[126.83928,47.74144],[126.83805,47.73014],[126.94013,47.71375],[127.1412,47.78466],[127.24456,47.77019],[127.28617,47.78913],[127.39876,47.78269],[127.46472,47.79698],[127.50827,47.82709],[127.63951,47.83722],[127.65518,47.83545],[127.68624,47.77491]]]}},{"type":"Feature","id":"CTAMAP-2010-COUNTY-0674","properties":{"map_level":"county","source_name":"恒山区","source_code":"230303","county_type":"市辖区","prefecture_name":"鸡西市","prefecture_code":"230300","prefecture_type":"地级市","parent_entity_id":"CNUR-000062","parent_year_end_name":"鸡西市","province_name":"黑龙江省","province_code":"230000","snapshot_year":2010,"panel_year":2009,"link_status":"parent_linked","former_name":"","note":""},"geometry":{"type":"Polygon","coordinates":[[[131.06209,45.24644],[131.09593,45.21302],[131.06622,45.21393],[131.03127,45.18893],[131.06653,45.16684],[131.01179,45.10192],[131.00783,45.06992],[131.02969,45.03365],[130.97125,44.98112],[130.91367,44.97056],[130.88892,44.9829],[130.89443,45.02268],[130.86487,45.02012],[130.87286,45.04373],[130.84191,45.06682],[130.84847,45.0783],[130.82346,45.10698],[130.83439,45.12137],[130.80739,45.15003],[130.83136,45.16961],[130.82368,45.18052],[130.80129,45.17806],[130.79978,45.19829],[130.77409,45.20256],[130.75988,45.17763],[130.70499,45.19415],[130.76956,45.3072],[130.79525,45.3032],[130.8369,45.32817],[130.87494,45.30162],[130.86011,45.24403],[130.90481,45.22467],[130.94762,45.24707],[131.06209,45.24644]]]}},{"type":"Feature","id":"CTAMAP-2010-COUNTY-0683","properties":{"map_level":"county","source_name":"红岗区","source_code":"230605","county_type":"市辖区","prefecture_name":"大庆市","prefecture_code":"230600","prefecture_type":"地级市","parent_entity_id":"CNUR-000065","parent_year_end_name":"大庆市","province_name":"黑龙江省","province_code":"230000","snapshot_year":2010,"panel_year":2009,"link_status":"parent_linked","former_name":"","note":""},"geometry":{"type":"Polygon","coordinates":[[[125.01905,46.55015],[125.00144,46.54912],[125.00106,46.51246],[124.9667,46.50301],[124.93748,46.43495],[124.90928,46.42113],[124.96353,46.39621],[124.9635,46.37784],[125.02289,46.37433],[125.03071,46.34547],[125.00466,46.34199],[125.05207,46.33563],[125.04596,46.25626],[124.97875,46.24975],[124.9571,46.23647],[124.96242,46.21615],[124.92543,46.20799],[124.88343,46.23491],[124.80297,46.22207],[124.75469,46.20348],[124.76668,46.1769],[124.69243,46.1501],[124.64901,46.15578],[124.64223,46.16536],[124.69145,46.19934],[124.70232,46.22801],[124.72416,46.22813],[124.73202,46.24381],[124.71931,46.25769],[124.75086,46.24852],[124.73586,46.27527],[124.78949,46.35301],[124.72979,46.39228],[124.73221,46.40445],[124.79904,46.42622],[124.84727,46.50147],[124.86471,46.48868],[124.8906,46.53448],[124.91159,46.53046],[124.91514,46.58417],[124.99209,46.57166],[124.98111,46.561],[125.01905,46.55015]]]}},{"type":"Feature","id":"CTAMAP-2010-COUNTY-0701","properties":{"map_level":"county","source_name":"呼兰区","source_code":"230111","county_type":"市辖区","prefecture_name":"哈尔滨市","prefecture_code":"230100","prefecture_type":"地级市","parent_entity_id":"CNUR-000060","parent_year_end_name":"哈尔滨市","province_name":"黑龙江省","province_code":"230000","snapshot_year":2010,"panel_year":2009,"link_status":"parent_linked","former_name":"","note":""},"geometry":{"type":"Polygon","coordinates":[[[127.28867,45.97888],[127.24322,45.99119],[127.17107,45.98244],[127.03507,46.03659],[126.94486,46.0266],[126.92904,45.99903],[126.81127,45.95022],[126.76093,45.90557],[126.70027,45.89717],[126.70784,45.85191],[126.68184,45.87729],[126.66869,45.84966],[126.64604,45.84867],[126.62965,45.87368],[126.60844,45.86808],[126.58036,45.88628],[126.55323,45.85405],[126.51006,45.84165],[126.47356,45.8617],[126.48904,45.91038],[126.53728,45.92126],[126.54701,45.9449],[126.59714,45.95283],[126.59096,45.96967],[126.54533,45.97693],[126.55878,45.99489],[126.53548,45.98644],[126.52801,46.00254],[126.5477,46.0118],[126.4531,46.0469],[126.45128,46.06708],[126.43692,46.05673],[126.42161,46.08083],[126.37683,46.08021],[126.41638,46.08236],[126.45371,46.13977],[126.52036,46.18693],[126.58436,46.20849],[126.63591,46.29131],[126.63378,46.33789],[126.67804,46.35686],[126.67514,46.37444],[126.73658,46.41526],[126.77646,46.39383],[126.80695,46.39919],[126.8345,46.37575],[126.92857,46.38943],[126.97484,46.37982],[127.0514,46.41851],[127.06742,46.41605],[127.07134,46.39762],[127.05507,46.3914],[127.07971,46.36569],[127.06313,46.32096],[127.01377,46.27059],[127.02973,46.2223],[127.10059,46.13817],[127.15546,46.13108],[127.21342,46.07718],[127.23403,46.07626],[127.22308,46.05964],[127.25356,46.04798],[127.25547,46.02217],[127.30345,45.98875],[127.28867,45.97888]]]}},{"type":"Feature","id":"CTAMAP-2010-COUNTY-0702","properties":{"map_level":"county","source_name":"呼玛县","source_code":"232721","county_type":"县","prefecture_name":"大兴安岭地区","prefecture_code":"232700","prefecture_type":"地区","parent_entity_id":"CNUR-000072","parent_year_end_name":"大兴安岭地区","province_name":"黑龙江省","province_code":"230000","snapshot_year":2010,"panel_year":2009,"link_status":"parent_linked","former_name":"","note":""},"geometry":{"type":"Polygon","coordinates":[[[127.0242,50.97785],[126.9868,50.92504],[126.46909,50.90048],[126.32677,50.98793],[126.23582,51.00169],[126.17473,50.96911],[126.12515,50.97299],[126.12771,50.94415],[126.09472,50.91977],[126.01193,50.92143],[126.02698,50.93336],[126.0351,50.92409],[126.06554,50.97854],[126.034,50.9801],[126.02582,51.00853],[126.04419,51.02865],[126.03139,51.03544],[126.05222,51.04109],[125.96819,51.08387],[125.98352,51.08439],[125.96936,51.09029],[125.98693,51.11801],[125.96598,51.12404],[125.93813,51.10714],[125.907,51.13722],[125.86807,51.13792],[125.85742,51.14607],[125.87084,51.16122],[125.83338,51.21892],[125.74958,51.22603],[125.75676,51.25997],[125.70013,51.30378],[125.68614,51.33802],[125.61718,51.37933],[125.61657,51.39781],[125.56148,51.43502],[125.57052,51.44965],[125.37254,51.58398],[125.35916,51.61649],[125.3083,51.60716],[125.26497,51.63642],[125.1271,51.63099],[125.1144,51.66105],[125.06047,51.6233],[125.05341,51.59701],[125.06959,51.55339],[125.05325,51.53306],[124.91662,51.4986],[124.91224,51.47859],[124.93685,51.44243],[124.90437,51.43257],[124.86655,51.37991],[124.78082,51.39432],[124.74994,51.37762],[124.74263,51.35451],[124.62278,51.32369],[124.55405,51.37352],[124.48905,51.3811],[124.47008,51.3608],[124.42488,51.3526],[124.42226,51.30595],[124.39683,51.27179],[124.33733,51.27068],[124.33032,51.2897],[124.29332,51.28847],[124.20615,51.3483],[124.08459,51.34047],[124.06298,51.31773],[123.97087,51.32149],[123.92074,51.30025],[123.83225,51.36374],[123.787,51.35995],[123.71141,51.39819],[123.65373,51.34616],[123.64982,51.31782],[123.57872,51.31089],[123.57506,51.29164],[123.52371,51.28315],[123.45194,51.28811],[123.44388,51.27063],[123.33351,51.2724],[123.27557,51.24476],[123.14089,51.3021],[123.12305,51.29543],[123.06006,51.31863],[123.00823,51.30507],[122.95089,51.35811],[122.96098,51.38739],[122.89487,51.41461],[122.90143,51.44484],[122.86921,51.44749],[122.85225,51.46898],[122.87912,51.50412],[122.84835,51.5265],[122.88025,51.53391],[122.88104,51.54815],[122.82603,51.57869],[122.84768,51.61217],[122.81469,51.63357],[122.81197,51.65559],[122.77244,51.68968],[122.76514,51.72885],[122.74139,51.74],[122.76585,51.7694],[122.72463,51.83195],[122.71491,51.87751],[122.69328,51.88712],[122.72666,51.92092],[122.71171,51.94267],[122.72028,51.95716],[122.71112,51.9759],[122.66615,51.97588],[122.64745,52.05909],[122.61868,52.06494],[122.64223,52.09821],[122.62253,52.12653],[122.73178,52.14871],[122.76948,52.17743],[122.75558,52.22509],[122.77948,52.25228],[122.87762,52.2731],[122.91827,52.30405],[122.98918,52.29412],[123.13903,52.33917],[123.21052,52.32541],[123.29937,52.35934],[123.32676,52.35312],[123.32052,52.32945],[123.34578,52.32822],[123.37908,52.29421],[123.44552,52.28897],[123.61369,52.34341],[123.64014,52.36983],[123.73676,52.37746],[123.78325,52.41383],[123.89009,52.42384],[123.97993,52.39261],[124.00606,52.36197],[124.04885,52.39018],[124.14186,52.36822],[124.14452,52.35254],[124.1185,52.34152],[124.12287,52.32387],[124.05951,52.29643],[124.0485,52.25129],[124.10771,52.2405],[124.12986,52.22026],[124.22602,52.22494],[124.26211,52.15342],[124.38062,52.18073],[124.41018,52.21171],[124.45495,52.21368],[124.46796,52.23849],[124.6296,52.23838],[124.66691,52.27787],[124.72626,52.28381],[124.70691,52.31063],[124.73175,52.32983],[124.77134,52.31557],[124.78571,52.2935],[124.8739,52.28214],[124.87636,52.25782],[124.94685,52.25063],[124.9521,52.23431],[124.91982,52.2211],[124.97656,52.19109],[124.97588,52.16543],[125.07721,52.18173],[125.19752,52.16982],[125.31719,52.18445],[125.34422,52.23111],[125.32134,52.26219],[125.33074,52.28497],[125.35683,52.28652],[125.39429,52.33449],[125.57929,52.35688],[125.65963,52.35584],[125.69992,52.33782],[125.73571,52.34427],[125.73784,52.35802],[125.78596,52.35893],[125.82457,52.38527],[125.7807,52.41775],[125.7475,52.42096],[125.72745,52.46671],[125.62905,52.48828],[125.61878,52.53062],[125.57435,52.54109],[125.58618,52.5937],[125.56276,52.62491],[125.62345,52.63952],[125.59844,52.68219],[125.5712,52.69308],[125.6373,52.73545],[125.63102,52.75857],[125.66846,52.76434],[125.66588,52.78521],[125.71064,52.81597],[125.71593,52.84635],[125.79647,52.89368],[125.83321,52.89494],[125.84919,52.88723],[125.84545,52.86582],[125.96229,52.75886],[125.98472,52.75928],[126.02718,52.7975],[126.10743,52.76825],[126.10417,52.75611],[126.0384,52.74305],[126.06135,52.67947],[125.9829,52.67227],[125.96157,52.6472],[125.96696,52.61475],[126.02587,52.57354],[126.06695,52.60369],[126.16791,52.5557],[126.20337,52.52692],[126.18751,52.46698],[126.26341,52.47291],[126.34151,52.39635],[126.3493,52.37618],[126.31261,52.33984],[126.31533,52.31359],[126.43119,52.29358],[126.42551,52.27939],[126.31033,52.24033],[126.29784,52.2053],[126.49507,52.15835],[126.55679,52.12872],[126.51424,52.03695],[126.47254,52.04038],[126.44025,52.02231],[126.43948,52.00214],[126.4624,51.98528],[126.45817,51.94653],[126.54351,51.87794],[126.61557,51.77888],[126.65838,51.75777],[126.66057,51.73334],[126.71085,51.72989],[126.72462,51.71399],[126.71507,51.68098],[126.73136,51.634],[126.66924,51.59586],[126.70739,51.56932],[126.83832,51.5293],[126.77934,51.43568],[126.80926,51.41705],[126.89552,51.40803],[126.91706,51.38381],[126.92132,51.36052],[126.90564,51.34258],[126.8177,51.3346],[126.80719,51.31092],[126.82049,51.26965],[126.8987,51.24518],[126.91216,51.27035],[126.86863,51.31619],[126.97484,51.32675],[126.96805,51.29041],[126.89358,51.20192],[126.91785,51.05929],[126.98795,51.01904],[127.0242,50.97785]]]}},{"type":"Feature","id":"CTAMAP-2010-COUNTY-0708","properties":{"map_level":"county","source_name":"虎林市","source_code":"230381","county_type":"县级市","prefecture_name":"鸡西市","prefecture_code":"230300","prefecture_type":"地级市","parent_entity_id":"CNUR-000062","parent_year_end_name":"鸡西市","province_name":"黑龙江省","province_code":"230000","snapshot_year":2010,"panel_year":2009,"link_status":"parent_linked","former_name":"","note":""},"geometry":{"type":"Polygon","coordinates":[[[133.4752,46.56091],[133.49256,46.51514],[133.52922,46.53493],[133.65951,46.5448],[133.72549,46.51727],[133.78825,46.53439],[133.82858,46.51891],[133.85831,46.52593],[133.86589,46.50273],[133.84333,46.47665],[133.84472,46.44801],[133.90715,46.43668],[133.94115,46.39335],[133.86215,46.34452],[133.88688,46.32689],[133.9157,46.33154],[133.9001,46.30224],[133.91505,46.27288],[133.90208,46.25085],[133.8544,46.24848],[133.87344,46.23287],[133.84251,46.20028],[133.8031,46.22839],[133.77495,46.18189],[133.68737,46.15485],[133.69181,46.11651],[133.73699,46.07627],[133.73762,46.05945],[133.67905,45.99603],[133.66956,45.94222],[133.60484,45.93817],[133.60965,45.90037],[133.58799,45.88901],[133.58699,45.86819],[133.52477,45.89647],[133.50423,45.88742],[133.5042,45.86435],[133.4785,45.85663],[133.48835,45.83505],[133.46015,45.8341],[133.46271,45.79467],[133.49892,45.77888],[133.46147,45.77817],[133.45773,45.75501],[133.48006,45.73785],[133.44774,45.73014],[133.42122,45.69438],[133.44051,45.70434],[133.47423,45.69145],[133.48332,45.66232],[133.43954,45.6465],[133.46699,45.61708],[133.43123,45.62819],[133.42267,45.6109],[133.40518,45.61666],[133.41269,45.5715],[133.36518,45.57544],[133.24627,45.51586],[133.19424,45.51409],[133.18606,45.47973],[133.15244,45.44491],[133.16418,45.44159],[133.14071,45.43526],[133.15154,45.42651],[133.01244,45.39257],[132.98597,45.40151],[132.96434,45.43479],[132.88673,45.46701],[132.75352,45.46234],[132.72022,45.50191],[132.65543,45.51585],[132.62258,45.57214],[132.5856,45.57422],[132.56073,45.61493],[132.47363,45.66546],[132.47232,45.68239],[132.45719,45.67658],[132.41853,45.70364],[132.34153,45.70533],[132.31744,45.68614],[132.26915,45.69442],[132.2543,45.65551],[132.23482,45.68469],[132.18369,45.70128],[132.14484,45.78584],[132.16189,45.7968],[132.17037,45.83727],[132.20727,45.84578],[132.21089,45.87137],[132.25684,45.8681],[132.28053,45.92145],[132.25794,45.94183],[132.27886,45.96304],[132.25958,45.98603],[132.30122,46.00472],[132.3017,46.02711],[132.38281,46.02498],[132.44366,45.98585],[132.47834,45.98995],[132.55806,46.06966],[132.60208,46.07046],[132.61534,46.1148],[132.66202,46.12603],[132.67278,46.16364],[132.72337,46.1831],[132.77038,46.1596],[132.78552,46.13186],[132.88779,46.13355],[132.89053,46.15412],[132.94609,46.16761],[132.94006,46.17898],[132.96241,46.1942],[132.97181,46.25673],[133.02094,46.30601],[133.01975,46.34065],[132.98796,46.34295],[133.07446,46.39283],[133.05937,46.41679],[133.09116,46.44204],[133.08287,46.46567],[133.11189,46.48095],[133.16701,46.4614],[133.21535,46.48649],[133.20303,46.50232],[133.21991,46.51986],[133.22286,46.57413],[133.31158,46.60882],[133.35214,46.58018],[133.34461,46.55852],[133.40138,46.5538],[133.41854,46.53788],[133.4752,46.56091]]]}},{"type":"Feature","id":"CTAMAP-2010-COUNTY-0731","properties":{"map_level":"county","source_name":"桦川县","source_code":"230826","county_type":"县","prefecture_name":"佳木斯市","prefecture_code":"230800","prefecture_type":"地级市","parent_entity_id":"CNUR-000067","parent_year_end_name":"佳木斯市","province_name":"黑龙江省","province_code":"230000","snapshot_year":2010,"panel_year":2009,"link_status":"parent_linked","former_name":"","note":""},"geometry":{"type":"Polygon","coordinates":[[[131.40563,47.22586],[131.50362,47.2123],[131.50211,47.15563],[131.55846,47.10985],[131.54674,47.0716],[131.39968,47.06641],[131.39676,47.02376],[131.20463,46.96306],[131.07748,46.9532],[131.05215,46.98804],[131.02262,46.96818],[131.0054,46.98673],[130.93497,46.94684],[130.82826,46.9375],[130.85754,46.89114],[130.81565,46.87408],[130.82154,46.85237],[130.79,46.84909],[130.78231,46.86181],[130.70528,46.82047],[130.65847,46.82887],[130.64935,46.77632],[130.66092,46.74133],[130.70181,46.74069],[130.72311,46.71228],[130.71409,46.69147],[130.73721,46.6765],[130.71601,46.64423],[130.7181,46.57302],[130.69921,46.54976],[130.63802,46.5588],[130.59869,46.53242],[130.5623,46.53089],[130.48006,46.61143],[130.47261,46.62467],[130.50943,46.6559],[130.50558,46.67252],[130.54822,46.68827],[130.52424,46.72198],[130.53849,46.75078],[130.50203,46.78316],[130.47835,46.78286],[130.46893,46.80953],[130.52666,46.83488],[130.58704,46.82721],[130.60039,46.84438],[130.58516,46.87221],[130.62013,46.87902],[130.61121,46.90526],[130.55966,46.87935],[130.5457,46.89044],[130.58791,46.91335],[130.58115,46.94752],[130.60428,46.95601],[130.58403,46.99001],[130.60395,47.01277],[130.59183,47.01685],[130.64412,47.04585],[130.67789,47.02878],[130.70604,47.04336],[130.7529,47.0982],[130.75426,47.11968],[130.79779,47.12646],[130.79778,47.1741],[130.90808,47.19044],[130.97077,47.22118],[131.09408,47.1913],[131.14108,47.21913],[131.19638,47.21746],[131.32303,47.17613],[131.40563,47.22586]]]}},{"type":"Feature","id":"CTAMAP-2010-COUNTY-0799","properties":{"map_level":"county","source_name":"鸡东县","source_code":"230321","county_type":"县","prefecture_name":"鸡西市","prefecture_code":"230300","prefecture_type":"地级市","parent_entity_id":"CNUR-000062","parent_year_end_name":"鸡西市","province_name":"黑龙江省","province_code":"230000","snapshot_year":2010,"panel_year":2009,"link_status":"parent_linked","former_name":"","note":""},"geometry":{"type":"Polygon","coordinates":[[[131.28616,45.59896],[131.25857,45.58297],[131.27672,45.55039],[131.23946,45.52843],[131.26841,45.48606],[131.26031,45.44505],[131.34454,45.39912],[131.49333,45.38668],[131.51192,45.35289],[131.56545,45.32912],[131.55919,45.30858],[131.5761,45.30391],[131.56624,45.29108],[131.64106,45.22824],[131.67525,45.21883],[131.64157,45.15836],[131.6803,45.14854],[131.67987,45.11916],[131.53733,45.01865],[131.47698,44.99808],[131.48878,44.96692],[131.34769,44.98728],[131.26742,44.92102],[131.20341,44.91556],[131.13438,44.94384],[131.08031,44.92737],[131.08799,44.88852],[130.95927,44.85494],[130.92039,44.88689],[130.91574,44.93305],[130.85757,44.98031],[130.88959,44.98981],[130.91215,44.97049],[130.97084,44.98093],[131.02969,45.03365],[131.00783,45.06992],[131.01179,45.10192],[131.06653,45.16684],[131.03127,45.18893],[131.06622,45.21393],[131.09593,45.21302],[131.0466,45.27795],[131.06986,45.31829],[131.09127,45.32454],[131.08577,45.40607],[131.07034,45.41172],[131.07977,45.43545],[130.98953,45.45715],[130.9512,45.42318],[130.91828,45.42951],[130.89731,45.46453],[130.83099,45.44633],[130.787,45.45746],[130.75132,45.44693],[130.67794,45.48325],[130.74942,45.51967],[130.7377,45.5577],[130.76793,45.6161],[130.85211,45.61619],[130.85795,45.63115],[130.89456,45.60871],[130.93134,45.62256],[130.93819,45.66481],[131.01236,45.68396],[131.03345,45.64819],[131.09592,45.63197],[131.14558,45.6443],[131.17376,45.61874],[131.18703,45.63608],[131.21581,45.61624],[131.27504,45.62588],[131.28616,45.59896]]]}},{"type":"Feature","id":"CTAMAP-2010-COUNTY-0800","properties":{"map_level":"county","source_name":"鸡冠区","source_code":"230302","county_type":"市辖区","prefecture_name":"鸡西市","prefecture_code":"230300","prefecture_type":"地级市","parent_entity_id":"CNUR-000062","parent_year_end_name":"鸡西市","province_name":"黑龙江省","province_code":"230000","snapshot_year":2010,"panel_year":2009,"link_status":"parent_linked","former_name":"","note":""},"geometry":{"type":"Polygon","coordinates":[[[130.92046,45.36836],[130.92873,45.33505],[130.96677,45.32578],[130.98602,45.30387],[131.02976,45.29047],[131.06518,45.30092],[131.0466,45.27795],[131.06209,45.24644],[130.94762,45.24707],[130.90526,45.22462],[130.86023,45.24391],[130.87494,45.30162],[130.8369,45.32817],[130.92046,45.36836]]]}},{"type":"Feature","id":"CTAMAP-2010-COUNTY-0816","properties":{"map_level":"county","source_name":"集贤县","source_code":"230521","county_type":"县","prefecture_name":"双鸭山市","prefecture_code":"230500","prefecture_type":"地级市","parent_entity_id":"CNUR-000064","parent_year_end_name":"双鸭山市","province_name":"黑龙江省","province_code":"230000","snapshot_year":2010,"panel_year":2009,"link_status":"parent_linked","former_name":"","note":""},"geometry":{"type":"Polygon","coordinates":[[[131.54674,47.0716],[131.52616,47.00952],[131.52042,46.88866],[131.62525,46.88631],[131.63109,46.85179],[131.49788,46.7946],[131.46861,46.75105],[131.47786,46.67897],[131.4652,46.65242],[131.48202,46.62095],[131.45701,46.59722],[131.43227,46.61381],[131.38593,46.62136],[131.374,46.61048],[131.34254,46.62623],[131.33048,46.66346],[131.34409,46.71769],[131.2562,46.7019],[131.2438,46.7488],[131.3048,46.7441],[131.27236,46.7863],[131.22275,46.76343],[131.19584,46.69881],[131.10206,46.68155],[131.05956,46.65112],[131.06919,46.63812],[131.01682,46.65437],[131.00121,46.62505],[130.94811,46.6011],[130.93776,46.57716],[130.9059,46.59339],[130.82914,46.58286],[130.77746,46.60838],[130.72308,46.6029],[130.71601,46.64423],[130.73721,46.6765],[130.71409,46.69147],[130.72311,46.71228],[130.70181,46.74069],[130.66092,46.74133],[130.64935,46.77632],[130.65847,46.82887],[130.70528,46.82047],[130.78231,46.86181],[130.79,46.84909],[130.82154,46.85237],[130.81565,46.87408],[130.85754,46.89114],[130.82826,46.9375],[130.93497,46.94684],[131.0054,46.98673],[131.02262,46.96818],[131.05215,46.98804],[131.07748,46.9532],[131.20463,46.96306],[131.39676,47.02376],[131.39968,47.06641],[131.54674,47.0716]]]}},{"type":"Feature","id":"CTAMAP-2010-COUNTY-0832","properties":{"map_level":"county","source_name":"嘉荫县","source_code":"230722","county_type":"县","prefecture_name":"伊春市","prefecture_code":"230700","prefecture_type":"地级市","parent_entity_id":"CNUR-000066","parent_year_end_name":"伊春市","province_name":"黑龙江省","province_code":"230000","snapshot_year":2010,"panel_year":2009,"link_status":"parent_linked","former_name":"","note":""},"geometry":{"type":"Polygon","coordinates":[[[129.5336,49.39982],[129.56419,49.28471],[129.59672,49.27463],[129.66459,49.29466],[129.71588,49.28771],[129.74468,49.26188],[129.75613,49.19347],[129.84977,49.17308],[129.84655,49.11542],[129.92088,49.09464],[129.91222,49.04267],[130.01178,49.01358],[130.05067,48.97217],[130.12735,48.94029],[130.23149,48.86356],[130.43151,48.906],[130.46603,48.89937],[130.51116,48.85341],[130.61785,48.88219],[130.68128,48.87068],[130.67878,48.84451],[130.61237,48.78755],[130.52216,48.61655],[130.60319,48.58489],[130.62259,48.48919],[130.72296,48.51632],[130.75653,48.49939],[130.76301,48.47813],[130.7294,48.43532],[130.77537,48.35139],[130.66557,48.30409],[130.58014,48.30582],[130.52517,48.28732],[130.48472,48.29552],[130.44716,48.32799],[130.42452,48.31077],[130.40024,48.32397],[130.40073,48.30672],[130.3684,48.30627],[130.35849,48.28768],[130.25768,48.28305],[130.26831,48.26878],[130.23768,48.2488],[130.25304,48.22797],[130.23954,48.18728],[130.26171,48.18066],[130.24621,48.16372],[130.17223,48.17221],[130.1185,48.13943],[130.08945,48.14422],[130.04134,48.19247],[129.97748,48.22408],[129.97008,48.25005],[129.92851,48.28416],[129.86486,48.3104],[129.8855,48.33544],[129.87075,48.35953],[129.89686,48.40253],[129.85953,48.40729],[129.86904,48.50866],[129.8422,48.51913],[129.81799,48.50863],[129.81043,48.56777],[129.7835,48.59257],[129.81883,48.60748],[129.69739,48.63891],[129.6536,48.70265],[129.67115,48.74713],[129.6381,48.76609],[129.60259,48.81977],[129.60091,48.83359],[129.65936,48.86001],[129.69365,48.91806],[129.6502,48.91424],[129.59544,48.94305],[129.59385,48.95815],[129.51845,48.93305],[129.44984,48.9482],[129.43083,48.98785],[129.44161,49.01607],[129.43056,49.04063],[129.29577,49.04776],[129.23944,49.08665],[129.21365,49.08466],[129.23319,49.17557],[129.16339,49.28185],[129.18994,49.3452],[129.23626,49.37606],[129.35809,49.35451],[129.37427,49.36784],[129.37294,49.42209],[129.42929,49.44055],[129.51095,49.42076],[129.5336,49.39982]]]}},{"type":"Feature","id":"CTAMAP-2010-COUNTY-0838","properties":{"map_level":"county","source_name":"尖山区","source_code":"230502","county_type":"市辖区","prefecture_name":"双鸭山市","prefecture_code":"230500","prefecture_type":"地级市","parent_entity_id":"CNUR-000064","parent_year_end_name":"双鸭山市","province_name":"黑龙江省","province_code":"230000","snapshot_year":2010,"panel_year":2009,"link_status":"parent_linked","former_name":"","note":""},"geometry":{"type":"Polygon","coordinates":[[[131.22278,46.58755],[131.14147,46.59347],[131.14604,46.61966],[131.07714,46.61654],[131.05956,46.65112],[131.10206,46.68155],[131.20281,46.7043],[131.2048,46.67698],[131.25829,46.66157],[131.23662,46.64598],[131.25028,46.62827],[131.22278,46.58755]]]}},{"type":"Feature","id":"CTAMAP-2010-COUNTY-0847","properties":{"map_level":"county","source_name":"建华区","source_code":"230203","county_type":"市辖区","prefecture_name":"齐齐哈尔市","prefecture_code":"230200","prefecture_type":"地级市","parent_entity_id":"CNUR-000061","parent_year_end_name":"齐齐哈尔市","province_name":"黑龙江省","province_code":"230000","snapshot_year":2010,"panel_year":2009,"link_status":"parent_linked","former_name":"","note":""},"geometry":{"type":"Polygon","coordinates":[[[124.12434,47.41183],[124.06913,47.39638],[124.06604,47.37369],[124.00098,47.36486],[123.97832,47.34178],[123.9036,47.35079],[123.92029,47.3945],[123.94963,47.39897],[123.94352,47.41877],[123.96707,47.41829],[123.98429,47.44024],[124.08935,47.45242],[124.12434,47.41183]]]}},{"type":"Feature","id":"CTAMAP-2010-COUNTY-1012","properties":{"map_level":"county","source_name":"克东县","source_code":"230230","county_type":"县","prefecture_name":"齐齐哈尔市","prefecture_code":"230200","prefecture_type":"地级市","parent_entity_id":"CNUR-000061","parent_year_end_name":"齐齐哈尔市","province_name":"黑龙江省","province_code":"230000","snapshot_year":2010,"panel_year":2009,"link_status":"parent_linked","former_name":"","note":""},"geometry":{"type":"Polygon","coordinates":[[[126.27842,48.2711],[126.31562,48.23861],[126.31241,48.17621],[126.33582,48.17188],[126.38468,48.19527],[126.43521,48.18465],[126.51742,48.218],[126.56702,48.21253],[126.60853,48.15135],[126.66224,48.12963],[126.60943,48.11111],[126.61518,48.09473],[126.58378,48.06191],[126.6225,48.03478],[126.62591,47.94847],[126.57586,47.91246],[126.56034,47.87995],[126.59145,47.83331],[126.55405,47.78192],[126.55949,47.72458],[126.20079,47.70748],[126.17998,47.7611],[126.19602,47.77275],[126.18289,47.7922],[126.19997,47.84825],[126.1837,47.88191],[126.13841,47.88002],[126.12716,47.92442],[126.09859,47.92358],[126.05454,48.1286],[126.09829,48.1335],[126.09629,48.15923],[126.04158,48.16911],[126.02206,48.28398],[126.14857,48.28889],[126.27842,48.2711]]]}},{"type":"Feature","id":"CTAMAP-2010-COUNTY-1014","properties":{"map_level":"county","source_name":"克山县","source_code":"230229","county_type":"县","prefecture_name":"齐齐哈尔市","prefecture_code":"230200","prefecture_type":"地级市","parent_entity_id":"CNUR-000061","parent_year_end_name":"齐齐哈尔市","province_name":"黑龙江省","province_code":"230000","snapshot_year":2010,"panel_year":2009,"link_status":"parent_linked","former_name":"","note":""},"geometry":{"type":"Polygon","coordinates":[[[126.02366,48.29106],[126.04158,48.16911],[126.09629,48.15923],[126.09829,48.1335],[126.05469,48.1275],[126.09859,47.92358],[126.12716,47.92442],[126.13906,47.87184],[125.70291,47.84707],[125.69359,47.87813],[125.66169,47.88001],[125.65183,47.91359],[125.5757,47.90099],[125.57323,47.95074],[125.52167,47.94507],[125.51929,47.97858],[125.46964,47.97431],[125.45352,48.05109],[125.2137,48.04708],[125.19318,48.10828],[125.18352,48.23299],[125.24593,48.24168],[125.2416,48.26172],[125.26694,48.27995],[125.3315,48.29668],[125.42625,48.2755],[125.47779,48.2865],[125.46315,48.33172],[125.53865,48.354],[125.55654,48.33942],[125.55967,48.39576],[125.52879,48.52824],[125.55042,48.51664],[125.59155,48.549],[125.66616,48.5296],[125.71428,48.56378],[125.78715,48.55775],[125.79677,48.49172],[125.78172,48.48626],[125.83651,48.35604],[125.942,48.3396],[125.94044,48.3166],[126.02366,48.29106]]]}},{"type":"Feature","id":"CTAMAP-2010-COUNTY-1042","properties":{"map_level":"county","source_name":"兰西县","source_code":"231222","county_type":"县","prefecture_name":"绥化市","prefecture_code":"231200","prefecture_type":"地级市","parent_entity_id":"CNUR-000071","parent_year_end_name":"绥化市","province_name":"黑龙江省","province_code":"230000","snapshot_year":2010,"panel_year":2009,"link_status":"parent_linked","former_name":"","note":""},"geometry":{"type":"Polygon","coordinates":[[[125.91765,46.63555],[125.93349,46.62558],[125.95783,46.63791],[125.94532,46.6187],[125.97778,46.58191],[126.06174,46.54658],[126.13862,46.47847],[126.31128,46.49438],[126.41216,46.5586],[126.46744,46.54162],[126.51003,46.46082],[126.56289,46.41645],[126.5853,46.36238],[126.60566,46.36145],[126.60758,46.32205],[126.62897,46.32365],[126.63591,46.29131],[126.60989,46.23362],[126.45167,46.13818],[126.41627,46.08229],[126.34472,46.09386],[126.32271,46.06357],[126.30241,46.06044],[126.23038,46.07658],[126.2366,46.0623],[126.213,46.04607],[126.18351,46.06762],[126.16265,46.05995],[126.0688,46.16663],[125.96273,46.33495],[125.81575,46.40739],[125.75389,46.42246],[125.7308,46.45119],[125.7445,46.47789],[125.72612,46.49308],[125.71721,46.58008],[125.91765,46.63555]]]}},{"type":"Feature","id":"CTAMAP-2010-COUNTY-1077","properties":{"map_level":"county","source_name":"梨树区","source_code":"230305","county_type":"市辖区","prefecture_name":"鸡西市","prefecture_code":"230300","prefecture_type":"地级市","parent_entity_id":"CNUR-000062","parent_year_end_name":"鸡西市","province_name":"黑龙江省","province_code":"230000","snapshot_year":2010,"panel_year":2009,"link_status":"parent_linked","former_name":"","note":""},"geometry":{"type":"Polygon","coordinates":[[[130.68986,45.20839],[130.75877,45.17774],[130.77409,45.20256],[130.79978,45.19829],[130.80129,45.17806],[130.82368,45.18052],[130.83136,45.16961],[130.80759,45.14902],[130.83439,45.12137],[130.82346,45.10698],[130.84847,45.0783],[130.84191,45.06682],[130.87309,45.04322],[130.86487,45.02012],[130.89443,45.02268],[130.88556,44.98964],[130.82969,44.98584],[130.7906,45.00076],[130.76142,44.98905],[130.75815,44.97213],[130.70948,44.96378],[130.69114,44.99218],[130.65171,44.99717],[130.62241,45.0533],[130.56325,45.08746],[130.59274,45.12732],[130.60891,45.12204],[130.64276,45.1452],[130.65185,45.15649],[130.63798,45.17265],[130.68986,45.20839]]]}},{"type":"Feature","id":"CTAMAP-2010-COUNTY-1135","properties":{"map_level":"county","source_name":"林甸县","source_code":"230623","county_type":"县","prefecture_name":"大庆市","prefecture_code":"230600","prefecture_type":"地级市","parent_entity_id":"CNUR-000065","parent_year_end_name":"大庆市","province_name":"黑龙江省","province_code":"230000","snapshot_year":2010,"panel_year":2009,"link_status":"parent_linked","former_name":"","note":""},"geometry":{"type":"Polygon","coordinates":[[[125.32612,47.28293],[125.32416,47.14455],[125.27821,47.08075],[125.33644,46.99595],[125.29672,47.01068],[125.22894,46.96149],[125.16495,46.86403],[125.08448,46.85995],[125.07414,46.87192],[124.9706,46.8586],[124.97606,46.8345],[124.9416,46.82905],[124.88017,46.82219],[124.87619,46.84594],[124.72737,46.83828],[124.72519,46.86144],[124.77694,46.86698],[124.79516,46.90438],[124.71899,46.97726],[124.7988,47.00873],[124.7715,47.03417],[124.56117,46.94741],[124.54128,46.95848],[124.53895,47.01874],[124.36867,47.06959],[124.33,47.13612],[124.41194,47.18152],[124.41598,47.22202],[124.3807,47.25624],[124.40129,47.26799],[124.40643,47.30358],[124.42348,47.30581],[124.42329,47.34336],[124.45829,47.34565],[124.46781,47.36015],[124.47304,47.33772],[124.58146,47.33765],[124.62672,47.30578],[124.80426,47.384],[124.81793,47.40898],[125.04023,47.47641],[125.07316,47.39042],[125.30787,47.37894],[125.32612,47.28293]]]}},{"type":"Feature","id":"CTAMAP-2010-COUNTY-1136","properties":{"map_level":"county","source_name":"林口县","source_code":"231025","county_type":"县","prefecture_name":"牡丹江市","prefecture_code":"231000","prefecture_type":"地级市","parent_entity_id":"CNUR-000069","parent_year_end_name":"牡丹江市","province_name":"黑龙江省","province_code":"230000","snapshot_year":2010,"panel_year":2009,"link_status":"parent_linked","former_name":"","note":""},"geometry":{"type":"Polygon","coordinates":[[[129.8423,45.98179],[129.89391,45.92348],[129.92532,45.92506],[129.94287,45.9058],[130.00605,45.92419],[130.03831,45.90732],[130.0957,45.92544],[130.16991,45.90122],[130.18793,45.87059],[130.16891,45.85557],[130.19187,45.82981],[130.17654,45.81687],[130.19296,45.75681],[130.15624,45.69459],[130.17528,45.67756],[130.20405,45.68862],[130.20385,45.65004],[130.25757,45.66597],[130.27752,45.63369],[130.33402,45.61659],[130.39165,45.67353],[130.47339,45.60488],[130.54284,45.62742],[130.56553,45.59942],[130.62024,45.58678],[130.68045,45.61304],[130.7119,45.6547],[130.77157,45.62106],[130.7377,45.5577],[130.74936,45.51959],[130.65403,45.47757],[130.65321,45.44599],[130.48214,45.33306],[130.46861,45.297],[130.48369,45.26025],[130.42624,45.20331],[130.46014,45.16707],[130.38821,45.11939],[130.30077,45.09469],[130.23747,45.09612],[130.20494,45.05364],[130.18308,45.05515],[130.19024,45.00837],[130.1787,45.00264],[130.20378,44.96246],[130.1774,44.93016],[130.18121,44.90009],[130.15844,44.89208],[130.17736,44.86211],[130.11772,44.84781],[130.12959,44.75531],[130.17902,44.72165],[130.06469,44.64927],[129.99249,44.72607],[129.99469,44.75372],[129.97589,44.76691],[129.99388,44.80187],[129.80587,44.84933],[129.79272,44.88269],[129.73647,44.90173],[129.71114,44.96569],[129.75778,45.03914],[129.85437,45.06471],[129.87766,45.09626],[129.90617,45.10618],[129.86987,45.13716],[129.90644,45.16453],[129.90435,45.25162],[129.9269,45.29248],[129.92724,45.34131],[129.95213,45.36712],[129.94584,45.39857],[129.96617,45.41964],[129.94795,45.43441],[129.97182,45.46507],[129.95772,45.5043],[129.88822,45.50865],[129.8596,45.48375],[129.85812,45.45414],[129.81305,45.45162],[129.80359,45.4288],[129.76593,45.44051],[129.69742,45.49991],[129.64683,45.49362],[129.60555,45.5219],[129.57979,45.46965],[129.55342,45.4598],[129.42051,45.53499],[129.42225,45.56535],[129.36085,45.57008],[129.35659,45.58659],[129.32555,45.58994],[129.29235,45.61772],[129.30352,45.62315],[129.30055,45.67058],[129.34713,45.68591],[129.33097,45.70632],[129.33807,45.73406],[129.39865,45.7361],[129.40188,45.77237],[129.42401,45.77757],[129.44708,45.76149],[129.46186,45.79051],[129.50114,45.78712],[129.54216,45.81131],[129.55655,45.826],[129.54278,45.84762],[129.567,45.85746],[129.55675,45.87407],[129.57601,45.88512],[129.60014,45.87397],[129.61881,45.89138],[129.65818,45.87093],[129.71379,45.89459],[129.77652,45.88414],[129.7865,45.8951],[129.77553,45.9235],[129.78992,45.93149],[129.77746,45.9686],[129.80071,45.98496],[129.8423,45.98179]]]}},{"type":"Feature","id":"CTAMAP-2010-COUNTY-1188","properties":{"map_level":"county","source_name":"岭东区","source_code":"230503","county_type":"市辖区","prefecture_name":"双鸭山市","prefecture_code":"230500","prefecture_type":"地级市","parent_entity_id":"CNUR-000064","parent_year_end_name":"双鸭山市","province_name":"黑龙江省","province_code":"230000","snapshot_year":2010,"panel_year":2009,"link_status":"parent_linked","former_name":"","note":""},"geometry":{"type":"Polygon","coordinates":[[[131.06142,46.63909],[131.08029,46.61557],[131.10967,46.62094],[131.11241,46.61949],[131.13566,46.62056],[131.1381,46.62049],[131.14604,46.61966],[131.1467,46.61943],[131.14147,46.59347],[131.28775,46.57468],[131.28757,46.54076],[131.31239,46.53704],[131.29331,46.52668],[131.29075,46.49612],[131.33701,46.47203],[131.44759,46.48234],[131.43771,46.45805],[131.45782,46.42066],[131.44234,46.3868],[131.4766,46.36933],[131.47328,46.34495],[131.34779,46.3553],[131.27865,46.39872],[131.25096,46.3888],[131.24039,46.364],[131.1962,46.36177],[131.13983,46.39124],[131.05506,46.39832],[131.05679,46.42354],[131.012,46.44643],[131.0229,46.48099],[130.96742,46.50631],[130.93776,46.57716],[130.94811,46.6011],[131.00121,46.62505],[131.01682,46.65437],[131.06142,46.63909]]]}},{"type":"Feature","id":"CTAMAP-2010-COUNTY-1201","properties":{"map_level":"county","source_name":"龙凤区","source_code":"230603","county_type":"市辖区","prefecture_name":"大庆市","prefecture_code":"230600","prefecture_type":"地级市","parent_entity_id":"CNUR-000065","parent_year_end_name":"大庆市","province_name":"黑龙江省","province_code":"230000","snapshot_year":2010,"panel_year":2009,"link_status":"parent_linked","former_name":"","note":""},"geometry":{"type":"Polygon","coordinates":[[[125.02289,46.37433],[124.9635,46.37784],[124.96353,46.39621],[124.90928,46.42113],[124.93748,46.43495],[124.9667,46.50301],[125.00106,46.51246],[125.00144,46.54912],[125.09828,46.56648],[125.1236,46.63991],[125.17634,46.65381],[125.14278,46.68204],[125.20809,46.70541],[125.26708,46.67531],[125.26488,46.65333],[125.17322,46.65133],[125.24244,46.59251],[125.22837,46.57668],[125.24981,46.54031],[125.23309,46.52556],[125.25944,46.50704],[125.22682,46.49485],[125.19579,46.5351],[125.1544,46.51797],[125.20039,46.48639],[125.24499,46.49242],[125.2621,46.47804],[125.26508,46.4668],[125.23099,46.4679],[125.2603,46.42858],[125.2329,46.40904],[125.21591,46.42481],[125.16609,46.42319],[125.14939,46.44526],[125.11887,46.44625],[125.17307,46.47554],[125.1646,46.48102],[125.05527,46.48514],[125.02981,46.44241],[124.98443,46.42957],[125.0293,46.40442],[125.02289,46.37433]]]}},{"type":"Feature","id":"CTAMAP-2010-COUNTY-1207","properties":{"map_level":"county","source_name":"龙江县","source_code":"230221","county_type":"县","prefecture_name":"齐齐哈尔市","prefecture_code":"230200","prefecture_type":"地级市","parent_entity_id":"CNUR-000061","parent_year_end_name":"齐齐哈尔市","province_name":"黑龙江省","province_code":"230000","snapshot_year":2010,"panel_year":2009,"link_status":"parent_linked","former_name":"","note":""},"geometry":{"type":"Polygon","coordinates":[[[123.52129,47.61867],[123.61917,47.5726],[123.61877,47.5551],[123.57637,47.54483],[123.54292,47.50881],[123.58508,47.48588],[123.57063,47.47191],[123.5732,47.4029],[123.55423,47.36019],[123.40734,47.33492],[123.44577,47.30828],[123.45033,47.28427],[123.47053,47.28484],[123.47782,47.25523],[123.52807,47.24497],[123.55039,47.19443],[123.53226,47.18348],[123.54018,47.15456],[123.52294,47.14669],[123.53608,47.14121],[123.50389,47.13158],[123.55328,47.07962],[123.61596,47.07226],[123.6136,47.03519],[123.59979,47.01782],[123.57364,47.02579],[123.50917,46.9501],[123.41992,46.93206],[123.38574,46.93875],[123.38089,46.95261],[123.33477,46.98432],[123.29497,46.99806],[123.29712,46.96243],[123.35437,46.96856],[123.38365,46.93631],[123.39795,46.93352],[123.39978,46.90402],[123.36767,46.8355],[123.33393,46.82454],[123.30222,46.86026],[123.22882,46.86178],[123.2102,46.84953],[123.21765,46.81997],[123.14914,46.74008],[123.06973,46.74253],[123.01567,46.72228],[122.98808,46.74058],[122.99195,46.75874],[122.92003,46.78147],[122.87402,46.88832],[122.89345,46.91633],[122.88924,46.95844],[122.79629,46.93538],[122.76855,46.97202],[122.77205,47.00089],[122.83647,47.04281],[122.84627,47.07023],[122.7456,47.0761],[122.62035,47.11548],[122.5914,47.1529],[122.54709,47.17352],[122.50395,47.24101],[122.41273,47.33173],[122.41175,47.34818],[122.50157,47.39976],[122.56874,47.53331],[122.79895,47.64235],[122.82828,47.60061],[122.82878,47.52394],[122.88916,47.47772],[122.91202,47.42718],[122.96855,47.45289],[122.96007,47.47284],[122.99763,47.47467],[122.9631,47.50694],[122.9587,47.5723],[123.01911,47.56909],[123.03963,47.59078],[123.137,47.589],[123.12061,47.62648],[123.13542,47.64184],[123.38924,47.66031],[123.45261,47.60569],[123.52129,47.61867]]]}},{"type":"Feature","id":"CTAMAP-2010-COUNTY-1217","properties":{"map_level":"county","source_name":"龙沙区","source_code":"230202","county_type":"市辖区","prefecture_name":"齐齐哈尔市","prefecture_code":"230200","prefecture_type":"地级市","parent_entity_id":"CNUR-000061","parent_year_end_name":"齐齐哈尔市","province_name":"黑龙江省","province_code":"230000","snapshot_year":2010,"panel_year":2009,"link_status":"parent_linked","former_name":"","note":""},"geometry":{"type":"Polygon","coordinates":[[[123.96186,47.34351],[123.96503,47.30125],[123.99434,47.27393],[123.95755,47.2586],[123.91469,47.17982],[123.87885,47.18311],[123.87739,47.20247],[123.82778,47.23323],[123.85191,47.23822],[123.87745,47.2774],[123.87263,47.29869],[123.90392,47.35938],[123.90495,47.34654],[123.96186,47.34351]]]}},{"type":"Feature","id":"CTAMAP-2010-COUNTY-1306","properties":{"map_level":"county","source_name":"麻山区","source_code":"230307","county_type":"市辖区","prefecture_name":"鸡西市","prefecture_code":"230300","prefecture_type":"地级市","parent_entity_id":"CNUR-000062","parent_year_end_name":"鸡西市","province_name":"黑龙江省","province_code":"230000","snapshot_year":2010,"panel_year":2009,"link_status":"parent_linked","former_name":"","note":""},"geometry":{"type":"Polygon","coordinates":[[[130.68114,45.19805],[130.63798,45.17265],[130.65187,45.15636],[130.64082,45.1436],[130.60891,45.12204],[130.59274,45.12732],[130.57257,45.09859],[130.49289,45.07302],[130.4775,45.05247],[130.40814,45.08921],[130.39129,45.12161],[130.46034,45.16733],[130.42637,45.20385],[130.48369,45.26025],[130.46861,45.297],[130.48214,45.33306],[130.53343,45.35728],[130.54368,45.38158],[130.60286,45.28647],[130.65792,45.25836],[130.66442,45.23538],[130.64588,45.20997],[130.68114,45.19805]]]}},{"type":"Feature","id":"CTAMAP-2010-COUNTY-1332","properties":{"map_level":"county","source_name":"梅里斯达斡尔族区","source_code":"230208","county_type":"市辖区","prefecture_name":"齐齐哈尔市","prefecture_code":"230200","prefecture_type":"地级市","parent_entity_id":"CNUR-000061","parent_year_end_name":"齐齐哈尔市","province_name":"黑龙江省","province_code":"230000","snapshot_year":2010,"panel_year":2009,"link_status":"parent_linked","former_name":"","note":""},"geometry":{"type":"Polygon","coordinates":[[[124.30025,47.85524],[124.27038,47.834],[124.30453,47.80499],[124.25863,47.79538],[124.23732,47.76868],[124.25054,47.7429],[124.20369,47.70695],[124.22214,47.66381],[124.13014,47.66173],[124.07877,47.60576],[124.09063,47.57533],[124.03654,47.54904],[124.02932,47.52515],[123.99231,47.52835],[123.9633,47.49998],[123.99538,47.48197],[123.99906,47.44446],[123.96609,47.41784],[123.94352,47.41877],[123.94963,47.39897],[123.91843,47.39217],[123.85191,47.23822],[123.80794,47.25158],[123.7852,47.22074],[123.71598,47.21502],[123.72125,47.23935],[123.6918,47.2344],[123.66867,47.25714],[123.64177,47.24169],[123.61407,47.26065],[123.59406,47.30289],[123.60696,47.34441],[123.55423,47.36019],[123.57438,47.40858],[123.57063,47.47191],[123.58508,47.48588],[123.54292,47.50881],[123.57637,47.54483],[123.61877,47.5551],[123.61917,47.5726],[123.52129,47.61867],[123.5397,47.64505],[123.53628,47.67846],[123.61352,47.68532],[123.63724,47.6718],[123.6586,47.71202],[123.69074,47.72617],[123.95069,47.81192],[123.98045,47.79315],[124.03472,47.80827],[124.02747,47.83478],[124.08128,47.83493],[124.08692,47.8148],[124.17034,47.80555],[124.24006,47.87372],[124.27813,47.8736],[124.30025,47.85524]]]}},{"type":"Feature","id":"CTAMAP-2010-COUNTY-1358","properties":{"map_level":"county","source_name":"密山市","source_code":"230382","county_type":"县级市","prefecture_name":"鸡西市","prefecture_code":"230300","prefecture_type":"地级市","parent_entity_id":"CNUR-000062","parent_year_end_name":"鸡西市","province_name":"黑龙江省","province_code":"230000","snapshot_year":2010,"panel_year":2009,"link_status":"parent_linked","former_name":"","note":""},"geometry":{"type":"Polygon","coordinates":[[[131.78116,45.90184],[131.78953,45.85431],[131.77715,45.83132],[131.79365,45.80385],[131.78195,45.78615],[131.82343,45.80676],[131.85373,45.79272],[131.88606,45.86798],[131.91853,45.88119],[131.96642,45.81758],[132.02083,45.81416],[132.16807,45.85444],[132.18978,45.84087],[132.17031,45.83719],[132.16189,45.7968],[132.14484,45.78584],[132.14885,45.76345],[132.18369,45.70128],[132.23482,45.68469],[132.2543,45.65551],[132.26915,45.69442],[132.31744,45.68614],[132.34153,45.70533],[132.41853,45.70364],[132.45719,45.67658],[132.47232,45.68239],[132.47363,45.66546],[132.56073,45.61493],[132.5856,45.57422],[132.62258,45.57214],[132.65543,45.51585],[132.72022,45.50191],[132.75352,45.46234],[132.88673,45.46701],[132.96434,45.43479],[132.98597,45.40151],[133.01244,45.39257],[133.13759,45.41993],[133.14111,45.37567],[133.11126,45.3505],[133.12391,45.33483],[133.09913,45.3193],[133.11376,45.30891],[133.09012,45.29153],[133.1027,45.27745],[133.08989,45.26957],[133.10465,45.2647],[133.08634,45.25287],[133.10189,45.25164],[133.0877,45.24164],[133.10332,45.2392],[133.13021,45.19],[133.1221,45.15185],[133.13147,45.15151],[133.13374,45.14907],[133.12505,45.1461],[133.11948,45.13429],[133.13501,45.14169],[133.13295,45.12577],[133.10082,45.12307],[133.09578,45.103],[133.03336,45.06983],[133.03754,45.0564],[132.94929,45.01552],[132.86308,45.06107],[132.00031,45.25223],[131.98219,45.27274],[131.92747,45.28666],[131.91415,45.33601],[131.87668,45.34185],[131.82316,45.31392],[131.78024,45.24329],[131.7827,45.21311],[131.71767,45.22727],[131.67733,45.21556],[131.56624,45.29108],[131.5761,45.30391],[131.55919,45.30858],[131.56545,45.32912],[131.51192,45.35289],[131.49324,45.38673],[131.34454,45.39912],[131.26031,45.44505],[131.26841,45.48606],[131.23921,45.52652],[131.27759,45.55202],[131.25988,45.58719],[131.30002,45.59724],[131.36474,45.66928],[131.33044,45.68138],[131.34962,45.70341],[131.38757,45.72057],[131.47133,45.7238],[131.44354,45.80988],[131.4925,45.83893],[131.51238,45.87773],[131.54986,45.87788],[131.56548,45.91268],[131.60114,45.92374],[131.63693,45.90848],[131.66546,45.91776],[131.67791,45.90413],[131.71073,45.91453],[131.72185,45.88955],[131.78116,45.90184]]]}},{"type":"Feature","id":"CTAMAP-2010-COUNTY-1376","properties":{"map_level":"county","source_name":"明水县","source_code":"231225","county_type":"县","prefecture_name":"绥化市","prefecture_code":"231200","prefecture_type":"地级市","parent_entity_id":"CNUR-000071","parent_year_end_name":"绥化市","province_name":"黑龙江省","province_code":"230000","snapshot_year":2010,"panel_year":2009,"link_status":"parent_linked","former_name":"","note":""},"geometry":{"type":"Polygon","coordinates":[[[126.27961,47.12011],[125.97783,47.08734],[125.98935,47.06168],[125.96095,47.05173],[125.5569,47.02805],[125.31232,47.02739],[125.27821,47.08075],[125.32416,47.14455],[125.32612,47.28293],[126.44107,47.37732],[126.41003,47.33233],[126.36673,47.31626],[126.37827,47.30138],[126.36054,47.27876],[126.35443,47.21284],[126.3395,47.18559],[126.31678,47.17967],[126.32247,47.14992],[126.27961,47.12011]]]}},{"type":"Feature","id":"CTAMAP-2010-COUNTY-1379","properties":{"map_level":"county","source_name":"漠河县","source_code":"232723","county_type":"县","prefecture_name":"大兴安岭地区","prefecture_code":"232700","prefecture_type":"地区","parent_entity_id":"CNUR-000072","parent_year_end_name":"大兴安岭地区","province_name":"黑龙江省","province_code":"230000","snapshot_year":2010,"panel_year":2009,"link_status":"parent_linked","former_name":"","note":""},"geometry":{"type":"Polygon","coordinates":[[[124.27843,53.34749],[124.25458,53.33173],[124.25058,53.29027],[124.17949,53.26418],[124.10225,53.26655],[124.00446,53.21513],[123.99701,53.20495],[124.01611,53.18845],[123.99231,53.17987],[123.95088,53.1187],[123.83433,53.04215],[123.8192,53.02101],[123.8552,52.9847],[123.79697,52.95875],[123.79421,52.93764],[123.73108,52.90167],[123.66449,52.89839],[123.61932,52.87864],[123.56986,52.84752],[123.55845,52.80244],[123.5096,52.77142],[123.47042,52.77106],[123.45305,52.74299],[123.45172,52.72513],[123.46877,52.72342],[123.449,52.70084],[123.44927,52.66446],[123.51826,52.57233],[123.50571,52.55728],[123.5365,52.51662],[123.52466,52.49582],[123.53421,52.48754],[123.49432,52.44858],[123.43204,52.44156],[123.3957,52.37845],[123.32714,52.35266],[123.27982,52.35875],[123.20286,52.32457],[123.13903,52.33917],[122.98918,52.29412],[122.91827,52.30405],[122.87945,52.27383],[122.81139,52.25337],[122.69644,52.25311],[122.65391,52.28228],[122.58226,52.26617],[122.46727,52.29533],[122.4749,52.34686],[122.44402,52.38394],[122.40313,52.37346],[122.36153,52.4102],[122.33897,52.41004],[122.3055,52.47413],[122.1999,52.4666],[122.15154,52.51512],[122.13266,52.50761],[122.13043,52.47862],[122.10313,52.44976],[122.0788,52.4428],[122.0819,52.41891],[122.03238,52.40904],[122.03798,52.38819],[121.94467,52.31539],[121.93085,52.28718],[121.83333,52.27941],[121.71339,52.31362],[121.70845,52.34772],[121.65453,52.38688],[121.67508,52.41842],[121.63797,52.4433],[121.58142,52.44062],[121.55035,52.46055],[121.52045,52.45252],[121.48989,52.48239],[121.41344,52.49792],[121.4034,52.52076],[121.34571,52.53336],[121.31649,52.57205],[121.26918,52.58582],[121.22462,52.57272],[121.18429,52.59062],[121.30165,52.67316],[121.37352,52.68447],[121.44583,52.7307],[121.47145,52.77171],[121.50087,52.77328],[121.5807,52.81976],[121.6147,52.85118],[121.5958,52.87005],[121.60132,52.89072],[121.65545,52.91072],[121.70311,52.99635],[121.77873,53.01648],[121.81315,53.06155],[121.76698,53.08843],[121.77762,53.11744],[121.75408,53.14057],[121.65191,53.17368],[121.6458,53.19126],[121.67059,53.19883],[121.67355,53.23795],[121.6078,53.25862],[121.56672,53.29601],[121.54442,53.2915],[121.49311,53.33378],[121.584,53.34988],[121.68642,53.39105],[121.73833,53.38574],[121.87116,53.42668],[122.0939,53.42132],[122.16435,53.47081],[122.24812,53.46254],[122.34159,53.50154],[122.36898,53.47007],[122.43739,53.44145],[122.58504,53.46313],[122.85161,53.45671],[123.05669,53.50615],[123.14415,53.49738],[123.26636,53.5609],[123.45118,53.53345],[123.46724,53.50197],[123.49067,53.49472],[123.50331,53.50612],[123.48146,53.53777],[123.51646,53.55704],[123.55308,53.53791],[123.52249,53.50586],[123.53145,53.49686],[123.56576,53.50596],[123.58242,53.5472],[123.61614,53.54802],[123.65908,53.53454],[123.7004,53.49191],[123.88465,53.47971],[123.99489,53.41976],[124.01276,53.39604],[124.0632,53.39792],[124.11098,53.34769],[124.23521,53.37836],[124.27843,53.34749]]]}},{"type":"Feature","id":"CTAMAP-2010-COUNTY-1387","properties":{"map_level":"county","source_name":"木兰县","source_code":"230127","county_type":"县","prefecture_name":"哈尔滨市","prefecture_code":"230100","prefecture_type":"地级市","parent_entity_id":"CNUR-000060","parent_year_end_name":"哈尔滨市","province_name":"黑龙江省","province_code":"230000","snapshot_year":2010,"panel_year":2009,"link_status":"parent_linked","former_name":"","note":""},"geometry":{"type":"Polygon","coordinates":[[[128.17488,46.51996],[128.17112,46.48849],[128.18891,46.48281],[128.20725,46.42338],[128.19477,46.38614],[128.23474,46.3704],[128.2671,46.38068],[128.30834,46.35056],[128.2457,46.26519],[128.27737,46.19763],[128.26181,46.1508],[128.14877,46.08395],[128.17249,46.04877],[128.15108,46.00306],[128.17036,45.97109],[128.19593,45.96454],[128.19933,45.94942],[128.26025,45.95051],[128.25425,45.94093],[128.12793,45.90681],[128.01618,45.94207],[127.9794,45.91573],[127.90143,45.93197],[127.78297,45.92794],[127.77852,45.96623],[127.70535,45.95166],[127.6999,45.99274],[127.67879,46.01363],[127.6262,46.00621],[127.57586,46.0309],[127.59426,46.01569],[127.54459,46.00714],[127.5252,46.03637],[127.56248,46.04165],[127.53264,46.06648],[127.52737,46.10053],[127.56432,46.12524],[127.57588,46.17369],[127.59546,46.18422],[127.59311,46.2199],[127.61656,46.2327],[127.62688,46.27476],[127.60226,46.31261],[127.66266,46.3513],[127.70369,46.40952],[127.6625,46.45762],[127.65699,46.48587],[127.67222,46.50659],[127.64136,46.52722],[127.66103,46.55878],[127.69888,46.55179],[127.8085,46.60387],[127.83089,46.57602],[127.92211,46.57314],[127.97186,46.53916],[128.04099,46.52856],[128.08492,46.50463],[128.11404,46.50624],[128.11314,46.52086],[128.14925,46.53835],[128.17488,46.51996]]]}},{"type":"Feature","id":"CTAMAP-2010-COUNTY-1392","properties":{"map_level":"county","source_name":"穆棱市","source_code":"231085","county_type":"县级市","prefecture_name":"牡丹江市","prefecture_code":"231000","prefecture_type":"地级市","parent_entity_id":"CNUR-000069","parent_year_end_name":"牡丹江市","province_name":"黑龙江省","province_code":"230000","snapshot_year":2010,"panel_year":2009,"link_status":"parent_linked","former_name":"","note":""},"geometry":{"type":"Polygon","coordinates":[[[130.56068,45.09619],[130.62241,45.0533],[130.65171,44.99717],[130.69114,44.99218],[130.70948,44.96378],[130.75815,44.97213],[130.76142,44.98905],[130.7906,45.00076],[130.8634,44.98849],[130.86335,44.96687],[130.9162,44.93231],[130.9205,44.88673],[130.95645,44.86074],[130.95525,44.81852],[130.99492,44.81362],[131.00673,44.77925],[131.05182,44.78012],[131.0829,44.74269],[131.08033,44.714],[131.09805,44.70974],[131.13905,44.57753],[131.03751,44.58266],[131.01308,44.59779],[130.99298,44.58162],[130.91669,44.57389],[130.85407,44.62184],[130.86132,44.65484],[130.84953,44.66708],[130.8682,44.69094],[130.85957,44.721],[130.81303,44.70618],[130.80151,44.68267],[130.71112,44.68821],[130.67705,44.64073],[130.63168,44.64991],[130.62271,44.60766],[130.58971,44.56766],[130.58748,44.53042],[130.55667,44.49823],[130.56582,44.48578],[130.5067,44.44442],[130.50828,44.4076],[130.53221,44.37411],[130.5025,44.32026],[130.52821,44.29716],[130.52421,44.25619],[130.54108,44.23494],[130.52507,44.19858],[130.48417,44.18194],[130.47538,44.13742],[130.41755,44.10322],[130.3855,44.05035],[130.31197,44.03721],[130.29925,44.0],[130.26527,43.97897],[130.24902,43.94536],[130.18242,43.93843],[130.1015,43.84756],[130.04947,43.83615],[130.00601,43.8728],[130.01835,43.94119],[129.98182,43.97999],[129.99301,43.99653],[129.94961,44.02213],[130.02424,44.09834],[130.04709,44.15016],[130.02089,44.16823],[129.97304,44.15623],[129.8936,44.20406],[129.9767,44.1985],[130.0117,44.2153],[130.01959,44.2454],[130.0491,44.27116],[130.03666,44.28803],[130.05094,44.30306],[130.06325,44.29244],[130.07229,44.311],[129.94567,44.38986],[129.9455,44.42532],[129.92137,44.42829],[129.94287,44.44373],[130.07568,44.46509],[130.09833,44.49188],[130.11108,44.55249],[130.10211,44.63348],[130.14148,44.6441],[130.1016,44.66855],[130.17902,44.72165],[130.12959,44.75531],[130.11772,44.84781],[130.17736,44.86211],[130.15844,44.89208],[130.18121,44.90009],[130.1774,44.93016],[130.20378,44.96246],[130.1787,45.00264],[130.19024,45.00837],[130.18308,45.05515],[130.20494,45.05364],[130.23747,45.09612],[130.30271,45.09504],[130.36342,45.11987],[130.40508,45.11613],[130.40814,45.08921],[130.46783,45.05152],[130.56068,45.09619]]]}},{"type":"Feature","id":"CTAMAP-2010-COUNTY-1408","properties":{"map_level":"county","source_name":"南岗区","source_code":"230103","county_type":"市辖区","prefecture_name":"哈尔滨市","prefecture_code":"230100","prefecture_type":"地级市","parent_entity_id":"CNUR-000060","parent_year_end_name":"哈尔滨市","province_name":"黑龙江省","province_code":"230000","snapshot_year":2010,"panel_year":2009,"link_status":"parent_linked","former_name":"","note":""},"geometry":{"type":"Polygon","coordinates":[[[126.71576,45.75599],[126.70037,45.73862],[126.6272,45.73547],[126.64484,45.66332],[126.56967,45.63562],[126.55985,45.61372],[126.57997,45.54953],[126.56461,45.53946],[126.48928,45.54725],[126.43203,45.57384],[126.51444,45.61812],[126.4951,45.66328],[126.51799,45.67666],[126.53735,45.6672],[126.62892,45.76631],[126.66316,45.78344],[126.71576,45.75599]]]}},{"type":"Feature","id":"CTAMAP-2010-COUNTY-1437","properties":{"map_level":"county","source_name":"讷河市","source_code":"230281","county_type":"县级市","prefecture_name":"齐齐哈尔市","prefecture_code":"230200","prefecture_type":"地级市","parent_entity_id":"CNUR-000061","parent_year_end_name":"齐齐哈尔市","province_name":"黑龙江省","province_code":"230000","snapshot_year":2010,"panel_year":2009,"link_status":"parent_linked","former_name":"","note":""},"geometry":{"type":"Polygon","coordinates":[[[125.8569,48.8306],[126.00074,48.73506],[125.98422,48.70939],[125.93029,48.70524],[125.86657,48.66726],[125.88569,48.63498],[125.86083,48.63592],[125.8104,48.59857],[125.77515,48.60435],[125.76001,48.58678],[125.70831,48.60745],[125.70254,48.55032],[125.68646,48.5338],[125.5925,48.54909],[125.55042,48.51664],[125.52883,48.52842],[125.55967,48.39576],[125.55654,48.33942],[125.53865,48.354],[125.46315,48.33172],[125.47779,48.2865],[125.42625,48.2755],[125.3315,48.29668],[125.26694,48.27995],[125.2416,48.26172],[125.24593,48.24168],[125.18352,48.23299],[125.19318,48.10828],[125.2137,48.04708],[125.07072,48.05627],[124.88154,48.04292],[124.88513,48.02105],[124.74,48.00001],[124.72642,47.97071],[124.66524,47.96834],[124.66155,48.0231],[124.52212,48.01059],[124.40273,47.96702],[124.30922,47.96757],[124.33162,47.97939],[124.31552,47.9959],[124.36517,48.0145],[124.35494,48.02821],[124.37647,48.06847],[124.45918,48.09607],[124.47239,48.12299],[124.49513,48.11889],[124.51944,48.14271],[124.52203,48.1581],[124.50489,48.1646],[124.52224,48.1719],[124.51195,48.18395],[124.54563,48.20539],[124.57245,48.25225],[124.54857,48.27093],[124.5759,48.29858],[124.53393,48.3333],[124.53546,48.36418],[124.50806,48.37735],[124.51983,48.41799],[124.50063,48.44557],[124.55007,48.46577],[124.53281,48.47518],[124.5266,48.51231],[124.5429,48.53068],[124.51807,48.54431],[124.52025,48.55849],[124.59671,48.63215],[124.61768,48.70131],[124.60688,48.74736],[124.6422,48.77533],[124.64789,48.83254],[124.70025,48.85971],[124.71275,48.91837],[124.81046,48.9305],[124.89612,48.89309],[125.00512,48.88947],[125.00839,48.82299],[124.98235,48.81587],[125.03497,48.78709],[125.03987,48.74356],[125.09011,48.74852],[125.1213,48.72358],[125.20488,48.73232],[125.24317,48.71034],[125.24305,48.72425],[125.30179,48.72471],[125.40563,48.79064],[125.44858,48.78335],[125.46073,48.82432],[125.50673,48.85705],[125.61338,48.888],[125.62473,48.85415],[125.69078,48.80114],[125.78139,48.82651],[125.80893,48.86698],[125.83224,48.8662],[125.8569,48.8306]]]}},{"type":"Feature","id":"CTAMAP-2010-COUNTY-1441","properties":{"map_level":"county","source_name":"嫩江县","source_code":"231121","county_type":"县","prefecture_name":"黑河市","prefecture_code":"231100","prefecture_type":"地级市","parent_entity_id":"CNUR-000070","parent_year_end_name":"黑河市","province_name":"黑龙江省","province_code":"230000","snapshot_year":2010,"panel_year":2009,"link_status":"parent_linked","former_name":"","note":""},"geometry":{"type":"Polygon","coordinates":[[[126.32669,50.98135],[126.337,50.8918],[126.24797,50.81928],[126.22801,50.82459],[126.1982,50.6915],[126.15429,50.66748],[126.1703,50.65818],[126.14732,50.63445],[126.15571,50.54874],[126.13461,50.48239],[126.05908,50.42386],[125.98345,50.41139],[125.89714,50.35962],[125.88784,50.2906],[125.84527,50.24942],[125.82408,50.19863],[125.82742,50.15851],[125.83487,50.14267],[125.87802,50.14226],[125.87394,50.1066],[125.93049,50.08547],[125.91458,50.06534],[125.88163,50.06532],[125.90281,50.05205],[125.86301,50.04397],[125.97602,49.98938],[125.97733,49.96069],[126.01599,49.93964],[126.0261,49.86527],[126.07468,49.82825],[126.0824,49.78747],[126.05617,49.75418],[126.05075,49.71095],[126.07056,49.69105],[126.14256,49.68813],[126.157,49.67286],[126.18231,49.6983],[126.22463,49.69621],[126.20715,49.71105],[126.22651,49.73958],[126.27948,49.73354],[126.38733,49.76654],[126.4961,49.74279],[126.4718,49.69381],[126.53035,49.6569],[126.51071,49.63337],[126.54497,49.60159],[126.5304,49.57256],[126.54283,49.55488],[126.51222,49.54127],[126.53673,49.52092],[126.53412,49.49084],[126.69223,49.41086],[126.72486,49.36222],[126.71818,49.30327],[126.74205,49.24313],[126.78901,49.22488],[126.82556,49.18101],[126.73809,49.13249],[126.68833,49.18726],[126.55628,49.15635],[126.50933,49.19972],[126.46706,49.20042],[126.44774,49.1713],[126.3996,49.15097],[126.35408,49.15935],[126.32782,49.12888],[126.22641,49.15188],[126.20437,49.09899],[126.2224,49.08924],[126.21733,49.06788],[126.15257,49.05899],[126.16481,49.04741],[126.14983,48.9771],[126.16083,48.97067],[126.10628,48.95256],[126.07735,48.96124],[126.0725,48.92855],[125.99349,48.90267],[125.99289,48.88724],[125.96357,48.87038],[125.97305,48.84864],[125.95493,48.80713],[125.96127,48.77706],[125.99115,48.76792],[125.99566,48.75368],[125.99197,48.74453],[125.8569,48.8306],[125.83224,48.8662],[125.80893,48.86698],[125.78139,48.82651],[125.69078,48.80114],[125.62473,48.85415],[125.61338,48.888],[125.50673,48.85705],[125.46073,48.82432],[125.44858,48.78335],[125.40563,48.79064],[125.30179,48.72471],[125.24305,48.72425],[125.24317,48.71034],[125.20488,48.73232],[125.1213,48.72358],[125.09011,48.74852],[125.03987,48.74356],[125.03497,48.78709],[124.98235,48.81587],[125.00839,48.82299],[125.00512,48.88947],[124.89612,48.89309],[124.81547,48.92994],[124.74335,48.92201],[124.75701,48.97776],[124.8158,49.04389],[124.82286,49.07366],[124.80114,49.11204],[124.83824,49.12604],[124.85674,49.16643],[124.90307,49.18172],[124.9713,49.16125],[125.03036,49.17559],[125.02964,49.15152],[125.10824,49.12415],[125.17932,49.18399],[125.2122,49.18739],[125.22109,49.2283],[125.20555,49.24604],[125.23,49.25432],[125.20627,49.27696],[125.25655,49.31495],[125.2427,49.32592],[125.25722,49.33587],[125.24649,49.35611],[125.26985,49.3597],[125.26853,49.38283],[125.24837,49.39393],[125.24868,49.43356],[125.26381,49.45073],[125.22058,49.48627],[125.23677,49.49625],[125.20257,49.53662],[125.22813,49.53641],[125.22602,49.55806],[125.20872,49.56454],[125.22792,49.57297],[125.22668,49.59165],[125.19695,49.59252],[125.16589,49.62847],[125.13734,49.61878],[125.12011,49.65938],[125.13003,49.67218],[125.16152,49.66559],[125.18421,49.62922],[125.21381,49.67081],[125.21826,49.72409],[125.19603,49.73416],[125.21994,49.78974],[125.17056,49.82619],[125.22859,49.83876],[125.2153,49.86323],[125.23796,49.86982],[125.20618,49.90417],[125.21922,49.92191],[125.17679,49.95547],[125.22451,49.95669],[125.23722,49.98916],[125.28759,50.00565],[125.28566,50.02875],[125.24449,50.04395],[125.33091,50.05566],[125.27042,50.07099],[125.28159,50.09028],[125.2498,50.10101],[125.29629,50.13828],[125.31824,50.11719],[125.32091,50.13395],[125.37029,50.13674],[125.32686,50.16344],[125.37663,50.17111],[125.38095,50.19738],[125.41054,50.19443],[125.44083,50.21003],[125.42834,50.22939],[125.45649,50.22756],[125.43448,50.25772],[125.45957,50.26693],[125.45617,50.29446],[125.51398,50.31079],[125.4951,50.31975],[125.52225,50.32676],[125.50967,50.34494],[125.53935,50.3577],[125.51304,50.36828],[125.53034,50.37923],[125.50541,50.40753],[125.52706,50.41917],[125.57177,50.40066],[125.55715,50.44044],[125.62727,50.44312],[125.65889,50.47741],[125.69272,50.48191],[125.6781,50.49375],[125.7297,50.5214],[125.7504,50.50645],[125.76086,50.52935],[125.81651,50.54826],[125.80741,50.62244],[125.78514,50.64312],[125.79685,50.66144],[125.77981,50.67639],[125.81797,50.70239],[125.77493,50.72256],[125.7876,50.73795],[125.75525,50.7536],[125.79376,50.77252],[125.83186,50.75453],[125.82847,50.79184],[125.86252,50.79294],[125.88315,50.80473],[125.87442,50.81892],[125.91545,50.83324],[125.88722,50.8563],[125.94434,50.85745],[125.93418,50.86972],[125.95368,50.89959],[125.9888,50.86995],[125.98813,50.9047],[126.02248,50.90238],[126.01193,50.92143],[126.09472,50.91977],[126.12771,50.94415],[126.12515,50.97299],[126.17473,50.96911],[126.23582,51.00169],[126.32669,50.98135]]]}},{"type":"Feature","id":"CTAMAP-2010-COUNTY-1445","properties":{"map_level":"county","source_name":"碾子山区","source_code":"230207","county_type":"市辖区","prefecture_name":"齐齐哈尔市","prefecture_code":"230200","prefecture_type":"地级市","parent_entity_id":"CNUR-000061","parent_year_end_name":"齐齐哈尔市","province_name":"黑龙江省","province_code":"230000","snapshot_year":2010,"panel_year":2009,"link_status":"parent_linked","former_name":"","note":""},"geometry":{"type":"Polygon","coordinates":[[[123.08081,47.58968],[123.03071,47.58984],[123.01911,47.56909],[122.9587,47.5723],[122.9631,47.50694],[122.99763,47.47467],[122.96007,47.47284],[122.96855,47.45289],[122.91202,47.42718],[122.88916,47.47772],[122.82878,47.52394],[122.82828,47.60061],[122.79914,47.64259],[122.9055,47.69077],[122.90223,47.67789],[122.93562,47.65204],[122.99129,47.66472],[123.03915,47.61353],[123.08084,47.62128],[123.08081,47.58968]]]}},{"type":"Feature","id":"CTAMAP-2010-COUNTY-1448","properties":{"map_level":"county","source_name":"宁安市","source_code":"231084","county_type":"县级市","prefecture_name":"牡丹江市","prefecture_code":"231000","prefecture_type":"地级市","parent_entity_id":"CNUR-000069","parent_year_end_name":"牡丹江市","province_name":"黑龙江省","province_code":"230000","snapshot_year":2010,"panel_year":2009,"link_status":"parent_linked","former_name":"","note":""},"geometry":{"type":"Polygon","coordinates":[[[129.74166,44.38034],[129.85961,44.32893],[129.84729,44.30103],[129.86262,44.28875],[129.85691,44.24758],[129.91959,44.17894],[129.95147,44.17866],[129.97356,44.1561],[130.02089,44.16823],[130.04482,44.15406],[130.01483,44.08677],[129.96573,44.05176],[129.95266,44.02357],[129.90135,44.02208],[129.87352,43.99788],[129.86141,44.01033],[129.80395,43.96507],[129.77542,43.96062],[129.78712,43.93803],[129.77051,43.92582],[129.77903,43.89935],[129.73261,43.89333],[129.72878,43.87698],[129.46125,43.87206],[129.43229,43.8424],[129.40569,43.84015],[129.39968,43.8168],[129.35021,43.79612],[129.3025,43.80983],[129.28357,43.79445],[129.24558,43.81588],[129.2043,43.77964],[129.2098,43.72298],[129.2254,43.70681],[129.20738,43.69292],[129.22536,43.63253],[129.22061,43.5876],[129.00724,43.52057],[128.93874,43.55328],[128.88839,43.53845],[128.84811,43.55478],[128.77933,43.71122],[128.72108,43.73824],[128.76108,43.75627],[128.7126,43.81591],[128.75255,43.85952],[128.69087,43.90082],[128.63022,43.88924],[128.63415,43.94541],[128.57978,43.98625],[128.56856,44.04546],[128.45621,44.18414],[128.49533,44.21746],[128.52874,44.21015],[128.5682,44.23406],[128.56888,44.27673],[128.58821,44.27605],[128.61503,44.31463],[128.63082,44.30143],[128.63757,44.32789],[128.71402,44.31475],[128.75149,44.33629],[128.75673,44.31096],[128.81231,44.31475],[128.81579,44.29594],[128.83675,44.2937],[128.87284,44.33379],[129.00258,44.33402],[129.02088,44.35859],[129.14555,44.34963],[129.19631,44.39847],[129.24374,44.41083],[129.26765,44.39834],[129.26866,44.41294],[129.3184,44.42238],[129.33854,44.45361],[129.37587,44.43664],[129.40318,44.45528],[129.41436,44.42732],[129.4626,44.41885],[129.53287,44.37733],[129.74166,44.38034]]]}},{"type":"Feature","id":"CTAMAP-2010-COUNTY-1498","properties":{"map_level":"county","source_name":"平房区","source_code":"230108","county_type":"市辖区","prefecture_name":"哈尔滨市","prefecture_code":"230100","prefecture_type":"地级市","parent_entity_id":"CNUR-000060","parent_year_end_name":"哈尔滨市","province_name":"黑龙江省","province_code":"230000","snapshot_year":2010,"panel_year":2009,"link_status":"parent_linked","former_name":"","note":""},"geometry":{"type":"Polygon","coordinates":[[[126.76616,45.63255],[126.75916,45.60266],[126.66906,45.54116],[126.61183,45.52654],[126.56931,45.56624],[126.56982,45.59716],[126.60685,45.59765],[126.60792,45.61953],[126.63651,45.6069],[126.76616,45.63255]]]}},{"type":"Feature","id":"CTAMAP-2010-COUNTY-1574","properties":{"map_level":"county","source_name":"前进区","source_code":"230804","county_type":"市辖区","prefecture_name":"佳木斯市","prefecture_code":"230800","prefecture_type":"地级市","parent_entity_id":"CNUR-000067","parent_year_end_name":"佳木斯市","province_name":"黑龙江省","province_code":"230000","snapshot_year":2010,"panel_year":2009,"link_status":"parent_linked","former_name":"","note":""},"geometry":{"type":"Polygon","coordinates":[[[130.44453,46.74557],[130.42986,46.7345],[130.39937,46.74464],[130.35592,46.82004],[130.38644,46.82491],[130.44453,46.74557]]]}},{"type":"Feature","id":"CTAMAP-2010-COUNTY-1584","properties":{"map_level":"county","source_name":"茄子河区","source_code":"230904","county_type":"市辖区","prefecture_name":"七台河市","prefecture_code":"230900","prefecture_type":"地级市","parent_entity_id":"CNUR-000068","parent_year_end_name":"七台河市","province_name":"黑龙江省","province_code":"230000","snapshot_year":2010,"panel_year":2009,"link_status":"parent_linked","former_name":"","note":""},"geometry":{"type":"Polygon","coordinates":[[[131.78116,45.90184],[131.72185,45.88955],[131.71073,45.91453],[131.67791,45.90413],[131.66546,45.91776],[131.63693,45.90848],[131.60114,45.92374],[131.56618,45.91325],[131.55304,45.87992],[131.513,45.87822],[131.4925,45.83893],[131.44354,45.80988],[131.47133,45.7238],[131.38757,45.72057],[131.34962,45.70341],[131.33044,45.68138],[131.36474,45.66928],[131.29742,45.5959],[131.2752,45.62585],[131.21581,45.61624],[131.18703,45.63608],[131.17376,45.61874],[131.14558,45.6443],[131.09592,45.63197],[131.03345,45.64819],[131.01236,45.68396],[131.01393,45.70417],[131.0528,45.73207],[131.02071,45.80722],[131.07654,45.82389],[131.16046,45.87921],[131.24051,45.80819],[131.28319,45.83529],[131.27742,45.8201],[131.34418,45.80528],[131.35884,45.78155],[131.37201,45.80532],[131.35691,45.91512],[131.38226,45.91846],[131.39969,45.96757],[131.45592,45.9709],[131.451,45.99215],[131.48591,46.03221],[131.4982,46.10876],[131.57099,46.1524],[131.56714,46.19161],[131.61735,46.21524],[131.62612,46.20165],[131.65085,46.21344],[131.71727,46.19723],[131.72117,46.17239],[131.69125,46.15411],[131.69542,46.09127],[131.71127,46.08338],[131.74493,46.08263],[131.78327,46.05531],[131.87907,46.08507],[131.92203,46.07704],[131.89579,46.02522],[131.92897,46.00673],[131.86956,45.98538],[131.78116,45.90184]]]}},{"type":"Feature","id":"CTAMAP-2010-COUNTY-1598","properties":{"map_level":"county","source_name":"青冈县","source_code":"231223","county_type":"县","prefecture_name":"绥化市","prefecture_code":"231200","prefecture_type":"地级市","parent_entity_id":"CNUR-000071","parent_year_end_name":"绥化市","province_name":"黑龙江省","province_code":"230000","snapshot_year":2010,"panel_year":2009,"link_status":"parent_linked","former_name":"","note":""},"geometry":{"type":"Polygon","coordinates":[[[126.27961,47.12011],[126.27992,47.09207],[126.24261,47.06075],[126.25636,47.04946],[126.24305,47.04139],[126.25455,47.01314],[126.27222,47.00532],[126.23872,46.99298],[126.22185,46.97094],[126.23839,46.96899],[126.22858,46.95577],[126.20294,46.94724],[126.20632,46.92812],[126.17284,46.89654],[126.17716,46.85395],[126.19914,46.83194],[126.20582,46.78825],[126.24595,46.76543],[126.23248,46.75486],[126.24817,46.71392],[126.27946,46.7017],[126.26511,46.66904],[126.28837,46.63868],[126.29562,46.58694],[126.33601,46.58192],[126.37155,46.53783],[126.3541,46.51285],[126.25665,46.48732],[126.13748,46.47903],[126.06174,46.54658],[125.97778,46.58191],[125.94532,46.6187],[125.95783,46.63791],[125.93349,46.62558],[125.7702,46.71754],[125.69346,46.78889],[125.47316,46.89509],[125.41353,46.9345],[125.37646,46.99039],[125.33644,46.99595],[125.31232,47.02739],[125.94141,47.04984],[125.98935,47.06168],[125.97783,47.08734],[126.27961,47.12011]]]}},{"type":"Feature","id":"CTAMAP-2010-COUNTY-1629","properties":{"map_level":"county","source_name":"庆安县","source_code":"231224","county_type":"县","prefecture_name":"绥化市","prefecture_code":"231200","prefecture_type":"地级市","parent_entity_id":"CNUR-000071","parent_year_end_name":"绥化市","province_name":"黑龙江省","province_code":"230000","snapshot_year":2010,"panel_year":2009,"link_status":"parent_linked","former_name":"","note":""},"geometry":{"type":"Polygon","coordinates":[[[128.24113,47.57887],[128.24964,47.56094],[128.22142,47.53926],[128.23023,47.52343],[128.28034,47.50918],[128.30494,47.47091],[128.34245,47.46011],[128.33934,47.41799],[128.37096,47.40092],[128.44274,47.39756],[128.4476,47.34455],[128.48072,47.3523],[128.53116,47.42582],[128.54796,47.40723],[128.52926,47.35689],[128.48981,47.32427],[128.48397,47.29927],[128.49733,47.28234],[128.47799,47.24111],[128.34778,47.18228],[128.34995,47.15902],[128.30198,47.16103],[128.26309,47.14265],[128.22407,47.1],[128.18101,47.10418],[128.09785,47.07024],[128.03324,47.08283],[128.00529,47.07257],[127.95811,47.09178],[127.91273,47.06457],[127.86621,47.07964],[127.81012,47.06149],[127.74984,47.01448],[127.62208,46.99163],[127.68006,46.96488],[127.67726,46.94094],[127.74103,46.92334],[127.82454,46.86623],[127.95662,46.73069],[128.02169,46.68913],[128.0464,46.63747],[128.088,46.60567],[128.23228,46.5752],[128.18706,46.56283],[128.19161,46.52794],[128.16462,46.52003],[128.14925,46.53835],[128.09671,46.50205],[127.97186,46.53916],[127.92211,46.57314],[127.83089,46.57602],[127.80839,46.60387],[127.69888,46.55179],[127.66278,46.55959],[127.56331,46.51084],[127.50308,46.53806],[127.50172,46.5903],[127.46936,46.6263],[127.39658,46.66716],[127.32251,46.66943],[127.33211,46.70633],[127.31966,46.69945],[127.31116,46.72802],[127.28413,46.72699],[127.29261,46.75379],[127.31267,46.75944],[127.21997,46.8691],[127.30422,46.90522],[127.3046,46.9589],[127.32473,46.97234],[127.34167,47.03203],[127.37045,47.0523],[127.374,47.08559],[127.51799,47.21318],[127.59937,47.34401],[127.65629,47.40315],[127.67784,47.41858],[127.76406,47.42365],[127.79693,47.45875],[127.87159,47.43745],[127.89701,47.44457],[127.90839,47.48074],[127.92839,47.48484],[127.92215,47.49666],[127.97424,47.55732],[128.04358,47.54586],[128.08901,47.56612],[128.13018,47.56207],[128.18211,47.6066],[128.24113,47.57887]]]}},{"type":"Feature","id":"CTAMAP-2010-COUNTY-1656","properties":{"map_level":"county","source_name":"让胡路区","source_code":"230604","county_type":"市辖区","prefecture_name":"大庆市","prefecture_code":"230600","prefecture_type":"地级市","parent_entity_id":"CNUR-000065","parent_year_end_name":"大庆市","province_name":"黑龙江省","province_code":"230000","snapshot_year":2010,"panel_year":2009,"link_status":"parent_linked","former_name":"","note":""},"geometry":{"type":"Polygon","coordinates":[[[124.88467,46.82195],[125.02287,46.84015],[125.00805,46.73018],[124.87744,46.67571],[124.91339,46.66856],[124.89796,46.63562],[124.91426,46.6279],[124.91159,46.53046],[124.8906,46.53448],[124.86471,46.48868],[124.84727,46.50147],[124.79904,46.42622],[124.73221,46.40445],[124.63507,46.44701],[124.61975,46.50108],[124.63476,46.54135],[124.64894,46.56242],[124.70056,46.57133],[124.68487,46.60776],[124.5899,46.67233],[124.61464,46.71974],[124.61992,46.78437],[124.66125,46.82561],[124.70742,46.83624],[124.63007,46.91766],[124.56117,46.94741],[124.7715,47.03417],[124.7988,47.00873],[124.71899,46.97726],[124.79516,46.90438],[124.77694,46.86698],[124.72519,46.86144],[124.72737,46.83828],[124.87619,46.84594],[124.88467,46.82195]]]}},{"type":"Feature","id":"CTAMAP-2010-COUNTY-1657","properties":{"map_level":"county","source_name":"饶河县","source_code":"230524","county_type":"县","prefecture_name":"双鸭山市","prefecture_code":"230500","prefecture_type":"地级市","parent_entity_id":"CNUR-000064","parent_year_end_name":"双鸭山市","province_name":"黑龙江省","province_code":"230000","snapshot_year":2010,"panel_year":2009,"link_status":"parent_linked","former_name":"","note":""},"geometry":{"type":"Polygon","coordinates":[[[134.50988,47.88261],[134.50576,47.78209],[134.54436,47.78219],[134.54437,47.73603],[134.50439,47.73684],[134.4904,47.44387],[134.31268,47.43277],[134.26097,47.3958],[134.25316,47.36381],[134.17622,47.32751],[134.14988,47.25337],[134.21838,47.19013],[134.22095,47.11201],[134.20443,47.09759],[134.1357,47.09086],[134.09758,47.00641],[134.05468,46.9776],[134.06957,46.94144],[134.01538,46.82929],[134.04488,46.77545],[134.0182,46.73662],[134.02749,46.69545],[134.0076,46.64248],[133.91515,46.59384],[133.87598,46.51727],[133.78825,46.53439],[133.72549,46.51727],[133.65951,46.5448],[133.52922,46.53493],[133.49068,46.51551],[133.47233,46.59317],[133.5001,46.62128],[133.43429,46.66169],[133.44358,46.70433],[133.38386,46.74088],[133.32644,46.74912],[133.25715,46.81043],[133.22606,46.81295],[133.19774,46.8437],[133.12767,46.87364],[133.13033,46.90103],[133.1486,46.90768],[133.13141,46.92063],[133.14525,46.9283],[133.13115,46.93652],[133.15738,46.95205],[133.14591,46.95878],[133.20354,46.9695],[133.21183,46.99795],[133.18334,46.99509],[133.17541,47.01133],[133.21166,47.01195],[133.20969,47.02641],[133.19463,47.02536],[133.20038,47.03778],[133.23095,47.03921],[133.23147,47.05867],[133.21629,47.06735],[133.20636,47.0551],[133.21517,47.0704],[133.20252,47.07001],[133.22332,47.07916],[133.20571,47.08726],[133.22446,47.12032],[133.23261,47.11329],[133.22821,47.13111],[133.24185,47.12944],[133.24446,47.16382],[133.26651,47.17852],[133.26479,47.19683],[133.27288,47.18776],[133.2975,47.20554],[133.28393,47.29971],[133.34535,47.32921],[133.44627,47.46303],[133.55378,47.43194],[133.58304,47.43754],[133.62793,47.52183],[133.68606,47.54116],[133.79821,47.53063],[133.83902,47.54514],[133.93383,47.53907],[133.96646,47.51922],[134.02837,47.5344],[134.04488,47.52529],[134.04427,47.56951],[134.09518,47.56841],[134.08762,47.59759],[134.10136,47.61425],[134.1843,47.586],[134.21045,47.62678],[134.31204,47.66098],[134.31203,47.67947],[134.36682,47.72836],[134.37229,47.76345],[134.35173,47.78748],[134.37639,47.82527],[134.42995,47.83541],[134.45886,47.86496],[134.45748,47.88431],[134.50988,47.88261]]]}},{"type":"Feature","id":"CTAMAP-2010-COUNTY-1692","properties":{"map_level":"county","source_name":"萨尔图区","source_code":"230602","county_type":"市辖区","prefecture_name":"大庆市","prefecture_code":"230600","prefecture_type":"地级市","parent_entity_id":"CNUR-000065","parent_year_end_name":"大庆市","province_name":"黑龙江省","province_code":"230000","snapshot_year":2010,"panel_year":2009,"link_status":"parent_linked","former_name":"","note":""},"geometry":{"type":"Polygon","coordinates":[[[125.16495,46.86403],[125.14892,46.83296],[125.18265,46.82476],[125.17604,46.79815],[125.19366,46.78965],[125.16937,46.79312],[125.13529,46.75786],[125.20504,46.72422],[125.20809,46.70541],[125.14278,46.68204],[125.17634,46.65381],[125.1236,46.63991],[125.10577,46.57359],[125.01905,46.55015],[124.98111,46.561],[124.99209,46.57166],[124.91514,46.58417],[124.91426,46.6279],[124.89796,46.63562],[124.91339,46.66856],[124.87744,46.67571],[125.00938,46.73606],[125.02287,46.84015],[124.97606,46.8345],[124.9706,46.8586],[125.07414,46.87192],[125.08448,46.85995],[125.16495,46.86403]]]}},{"type":"Feature","id":"CTAMAP-2010-COUNTY-1750","properties":{"map_level":"county","source_name":"尚志市","source_code":"230183","county_type":"县级市","prefecture_name":"哈尔滨市","prefecture_code":"230100","prefecture_type":"地级市","parent_entity_id":"CNUR-000060","parent_year_end_name":"哈尔滨市","province_name":"黑龙江省","province_code":"230000","snapshot_year":2010,"panel_year":2009,"link_status":"parent_linked","former_name":"","note":""},"geometry":{"type":"Polygon","coordinates":[[[127.90752,45.54837],[127.91502,45.51285],[127.93155,45.50632],[127.93486,45.45627],[127.98984,45.45131],[128.01615,45.43879],[128.01029,45.41176],[128.04936,45.40918],[128.04655,45.3924],[127.99694,45.38546],[128.02334,45.35163],[128.05154,45.34799],[128.07336,45.30583],[128.11829,45.30134],[128.13101,45.27052],[128.1697,45.26006],[128.16925,45.28404],[128.20015,45.30504],[128.29738,45.29224],[128.3924,45.30019],[128.43379,45.26524],[128.42139,45.23613],[128.48176,45.21341],[128.47758,45.18369],[128.57569,45.17145],[128.66292,45.18467],[128.66406,45.20443],[128.68291,45.20442],[128.67676,45.28295],[128.68865,45.30705],[128.66957,45.31878],[128.69089,45.3543],[128.72659,45.36589],[128.74688,45.42296],[128.73169,45.46469],[128.75342,45.48985],[128.82107,45.43738],[128.887,45.43681],[128.96612,45.47285],[128.98864,45.5223],[129.03065,45.54952],[129.07538,45.54633],[129.11689,45.56396],[129.1329,45.53365],[129.11048,45.47166],[129.14214,45.44015],[129.19093,45.42459],[129.19048,45.39926],[129.16262,45.37193],[129.10224,45.36348],[129.05502,45.33569],[129.10851,45.27767],[129.16728,45.28969],[129.18008,45.26027],[129.20383,45.25661],[129.20262,45.21858],[129.15499,45.19213],[129.13367,45.19616],[129.09445,45.15448],[129.0946,45.13702],[129.14284,45.10919],[129.09723,45.0983],[129.06541,45.06592],[129.01054,45.0781],[128.99028,45.06344],[129.03382,45.02817],[129.04472,44.99706],[129.01488,44.96438],[129.04209,44.94636],[129.03632,44.92777],[129.0545,44.90144],[129.00844,44.91011],[128.9606,44.88278],[128.87336,44.86737],[128.88148,44.85672],[128.84504,44.8301],[128.86129,44.82774],[128.84296,44.80976],[128.84884,44.79462],[128.77672,44.77968],[128.77455,44.76318],[128.7207,44.73266],[128.74922,44.72322],[128.74168,44.69801],[128.69325,44.66592],[128.6274,44.65227],[128.52924,44.6808],[128.47883,44.66351],[128.39809,44.67461],[128.38389,44.63734],[128.36245,44.62981],[128.35204,44.58795],[128.28952,44.53628],[128.26687,44.53002],[128.23211,44.54999],[128.23723,44.53148],[128.1847,44.49516],[128.11965,44.51132],[128.09307,44.49228],[128.00777,44.48876],[127.98748,44.51506],[128.01479,44.57441],[128.00787,44.62419],[128.04491,44.66105],[128.05946,44.7159],[127.97422,44.71546],[127.95774,44.7314],[127.97153,44.76684],[127.92516,44.78928],[127.91795,44.83399],[127.86794,44.83713],[127.8917,44.85625],[127.8807,44.91468],[127.79565,44.95923],[127.73831,44.94648],[127.72626,44.95851],[127.74234,44.97595],[127.72488,44.98644],[127.7193,45.02365],[127.63934,45.03272],[127.63092,45.05821],[127.59341,45.05379],[127.55915,45.08456],[127.45518,45.12699],[127.39813,45.16803],[127.40608,45.19877],[127.37202,45.2218],[127.41737,45.23452],[127.41518,45.26386],[127.39994,45.26986],[127.4228,45.28732],[127.40601,45.29383],[127.41704,45.30344],[127.50769,45.27706],[127.47493,45.36953],[127.51338,45.41274],[127.58385,45.39314],[127.61922,45.41719],[127.62851,45.46498],[127.65154,45.48588],[127.63051,45.52215],[127.64864,45.54401],[127.67872,45.53639],[127.69108,45.56317],[127.7342,45.54391],[127.75573,45.59008],[127.90752,45.54837]]]}},{"type":"Feature","id":"CTAMAP-2010-COUNTY-1809","properties":{"map_level":"county","source_name":"双城市","source_code":"230182","county_type":"县级市","prefecture_name":"哈尔滨市","prefecture_code":"230100","prefecture_type":"地级市","parent_entity_id":"CNUR-000060","parent_year_end_name":"哈尔滨市","province_name":"黑龙江省","province_code":"230000","snapshot_year":2010,"panel_year":2009,"link_status":"parent_linked","former_name":"","note":""},"geometry":{"type":"Polygon","coordinates":[[[126.14245,45.67619],[126.1708,45.61152],[126.14501,45.59127],[126.16235,45.58314],[126.14459,45.57607],[126.16028,45.54845],[126.22316,45.56728],[126.23661,45.59228],[126.25113,45.58487],[126.34839,45.61691],[126.45973,45.55762],[126.55539,45.53484],[126.59043,45.55529],[126.59387,45.53275],[126.61245,45.5265],[126.6943,45.56118],[126.70453,45.52481],[126.66982,45.50118],[126.71551,45.43763],[126.68413,45.44369],[126.68346,45.42404],[126.66957,45.4209],[126.61633,45.4333],[126.65069,45.32473],[126.5869,45.30053],[126.54302,45.23853],[126.51142,45.24488],[126.43124,45.22068],[126.4128,45.23036],[126.35229,45.18358],[126.29835,45.17558],[126.2834,45.18823],[126.27415,45.17038],[126.28577,45.1629],[126.25816,45.16658],[126.25625,45.14898],[126.22947,45.13772],[126.19671,45.15119],[126.16162,45.13073],[126.11239,45.14943],[126.10446,45.13985],[126.04054,45.16958],[125.98973,45.16066],[125.99422,45.17724],[125.96496,45.174],[125.98369,45.19259],[125.90989,45.19403],[125.85943,45.2296],[125.81362,45.23624],[125.80811,45.2672],[125.77093,45.2709],[125.78123,45.28655],[125.76738,45.29263],[125.75019,45.28062],[125.72566,45.32148],[125.70849,45.32283],[125.71853,45.33602],[125.68832,45.35135],[125.71132,45.40165],[125.68911,45.44904],[125.70725,45.45826],[125.68974,45.46233],[125.70272,45.48255],[125.67967,45.48899],[125.69918,45.50085],[125.68452,45.5137],[125.75229,45.52749],[125.77628,45.5063],[125.85341,45.5123],[125.89972,45.55597],[125.88423,45.55699],[125.88611,45.57153],[125.92954,45.58292],[125.92162,45.62867],[125.98811,45.63024],[125.97486,45.66915],[126.01933,45.70959],[126.05675,45.70663],[126.12256,45.6708],[126.14245,45.67619]]]}},{"type":"Feature","id":"CTAMAP-2010-COUNTY-1835","properties":{"map_level":"county","source_name":"四方台区","source_code":"230505","county_type":"市辖区","prefecture_name":"双鸭山市","prefecture_code":"230500","prefecture_type":"地级市","parent_entity_id":"CNUR-000064","parent_year_end_name":"双鸭山市","province_name":"黑龙江省","province_code":"230000","snapshot_year":2010,"panel_year":2009,"link_status":"parent_linked","former_name":"","note":""},"geometry":{"type":"Polygon","coordinates":[[[131.39001,46.61875],[131.35556,46.59881],[131.37018,46.58168],[131.33779,46.56423],[131.3028,46.59367],[131.28426,46.59062],[131.28405,46.57368],[131.22278,46.58755],[131.25028,46.62827],[131.23662,46.64598],[131.25834,46.66097],[131.20413,46.67825],[131.22275,46.76343],[131.2475,46.78139],[131.28522,46.78121],[131.3048,46.7441],[131.2438,46.7488],[131.2562,46.7019],[131.34409,46.71769],[131.33048,46.66346],[131.34254,46.62623],[131.374,46.61048],[131.39001,46.61875]]]}},{"type":"Feature","id":"CTAMAP-2010-COUNTY-1842","properties":{"map_level":"county","source_name":"松北区","source_code":"230109","county_type":"市辖区","prefecture_name":"哈尔滨市","prefecture_code":"230100","prefecture_type":"地级市","parent_entity_id":"CNUR-000060","parent_year_end_name":"哈尔滨市","province_name":"黑龙江省","province_code":"230000","snapshot_year":2010,"panel_year":2009,"link_status":"parent_linked","former_name":"","note":"2004年新设立松北区"},"geometry":{"type":"Polygon","coordinates":[[[126.34428,46.09376],[126.3827,46.07493],[126.42161,46.08083],[126.43692,46.05673],[126.45233,46.06651],[126.45161,46.04815],[126.46936,46.05027],[126.49751,46.02176],[126.53092,46.02283],[126.52938,46.01075],[126.54967,46.00801],[126.52866,46.00521],[126.53399,45.98734],[126.55522,45.99739],[126.54533,45.97693],[126.58631,45.97479],[126.59787,45.95333],[126.54701,45.9449],[126.53728,45.92126],[126.48995,45.9118],[126.47509,45.86043],[126.51466,45.84199],[126.55323,45.85405],[126.58036,45.88628],[126.66317,45.84915],[126.68184,45.87729],[126.70784,45.85191],[126.70916,45.82494],[126.55266,45.75553],[126.51035,45.77193],[126.50153,45.7451],[126.37036,45.73222],[126.34204,45.79242],[126.35785,45.81583],[126.33605,45.83165],[126.35794,45.88759],[126.31796,45.90395],[126.30354,45.96797],[126.22478,45.96157],[126.22709,45.99313],[126.16265,46.05995],[126.18351,46.06762],[126.213,46.04607],[126.2366,46.0623],[126.23038,46.07658],[126.30526,46.06062],[126.34428,46.09376]]]}},{"type":"Feature","id":"CTAMAP-2010-COUNTY-1865","properties":{"map_level":"county","source_name":"绥滨县","source_code":"230422","county_type":"县","prefecture_name":"鹤岗市","prefecture_code":"230400","prefecture_type":"地级市","parent_entity_id":"CNUR-000063","parent_year_end_name":"鹤岗市","province_name":"黑龙江省","province_code":"230000","snapshot_year":2010,"panel_year":2009,"link_status":"parent_linked","former_name":"","note":""},"geometry":{"type":"Polygon","coordinates":[[[132.35048,47.75583],[132.51784,47.70602],[132.44926,47.67935],[132.46536,47.63071],[132.4302,47.60397],[132.40693,47.54308],[132.34785,47.52527],[132.34479,47.49989],[132.28616,47.45232],[132.20543,47.40598],[132.13427,47.40059],[132.04532,47.36456],[132.04433,47.31094],[132.00156,47.25288],[131.92641,47.24575],[131.86858,47.27811],[131.76842,47.26852],[131.71516,47.23909],[131.59144,47.23434],[131.47799,47.25269],[131.32475,47.17618],[131.13769,47.22211],[131.53487,47.56815],[131.58227,47.66024],[131.62495,47.65862],[131.70181,47.70798],[131.81461,47.6722],[131.89573,47.68319],[131.96448,47.66574],[132.00224,47.71136],[132.05983,47.69908],[132.25043,47.7068],[132.30375,47.75454],[132.35048,47.75583]]]}},{"type":"Feature","id":"CTAMAP-2010-COUNTY-1867","properties":{"map_level":"county","source_name":"绥芬河市","source_code":"231081","county_type":"县级市","prefecture_name":"牡丹江市","prefecture_code":"231000","prefecture_type":"地级市","parent_entity_id":"CNUR-000069","parent_year_end_name":"牡丹江市","province_name":"黑龙江省","province_code":"230000","snapshot_year":2010,"panel_year":2009,"link_status":"parent_linked","former_name":"","note":""},"geometry":{"type":"Polygon","coordinates":[[[131.15243,44.53257],[131.22294,44.29849],[131.02379,44.29183],[130.95588,44.31127],[130.95915,44.33099],[130.99079,44.34942],[130.93349,44.3847],[130.99261,44.43857],[130.99983,44.48289],[131.02033,44.48387],[131.05013,44.5157],[131.15243,44.53257]]]}},{"type":"Feature","id":"CTAMAP-2010-COUNTY-1869","properties":{"map_level":"county","source_name":"绥棱县","source_code":"231226","county_type":"县","prefecture_name":"绥化市","prefecture_code":"231200","prefecture_type":"地级市","parent_entity_id":"CNUR-000071","parent_year_end_name":"绥化市","province_name":"黑龙江省","province_code":"230000","snapshot_year":2010,"panel_year":2009,"link_status":"parent_linked","former_name":"","note":""},"geometry":{"type":"Polygon","coordinates":[[[128.10558,48.08286],[128.17103,48.05259],[128.14853,48.03295],[128.15749,47.94402],[128.20917,47.94751],[128.24488,47.92261],[128.2797,47.92633],[128.32418,47.89736],[128.34195,47.86504],[128.34028,47.8235],[128.28712,47.83526],[128.25536,47.77251],[128.25715,47.75387],[128.30282,47.74108],[128.31619,47.71636],[128.26665,47.65614],[128.28826,47.6001],[128.23796,47.57875],[128.18211,47.6066],[128.13018,47.56207],[128.08901,47.56612],[128.04358,47.54586],[127.97424,47.55732],[127.92215,47.49666],[127.92839,47.48484],[127.90839,47.48074],[127.89701,47.44457],[127.87159,47.43745],[127.7972,47.4588],[127.76406,47.42365],[127.67439,47.41749],[127.59937,47.34401],[127.51799,47.21318],[127.48181,47.19265],[127.36719,47.06655],[127.34357,47.06785],[127.32879,47.04747],[127.19743,47.06563],[127.22505,47.0883],[127.21333,47.09609],[127.21828,47.12897],[127.14885,47.13433],[127.14335,47.15821],[126.98712,47.16029],[126.99725,47.1972],[127.07412,47.26074],[127.10214,47.31804],[127.13965,47.3421],[127.18725,47.43741],[127.25492,47.50397],[127.33095,47.54321],[127.38107,47.61138],[127.41504,47.61119],[127.43073,47.63801],[127.47651,47.64858],[127.49085,47.66675],[127.62888,47.67107],[127.64777,47.68493],[127.6301,47.70897],[127.6459,47.72566],[127.70165,47.71443],[127.73777,47.72788],[127.74819,47.76899],[127.68624,47.77491],[127.80426,47.86275],[127.79606,47.89226],[127.84321,47.91977],[127.84143,47.93759],[127.88505,47.9522],[127.89323,47.96566],[127.86966,47.99546],[127.88254,48.00923],[127.8546,48.02855],[127.87265,48.05817],[127.97391,48.09549],[127.99711,48.07582],[128.04941,48.07633],[128.08213,48.05885],[128.10558,48.08286]]]}},{"type":"Feature","id":"CTAMAP-2010-COUNTY-1878","properties":{"map_level":"county","source_name":"孙吴县","source_code":"231124","county_type":"县","prefecture_name":"黑河市","prefecture_code":"231100","prefecture_type":"地级市","parent_entity_id":"CNUR-000070","parent_year_end_name":"黑河市","province_name":"黑龙江省","province_code":"230000","snapshot_year":2010,"panel_year":2009,"link_status":"parent_linked","former_name":"","note":""},"geometry":{"type":"Polygon","coordinates":[[[127.95576,49.59662],[128.01621,49.56259],[128.01859,49.5543],[128.017,49.55026],[128.01954,49.54484],[128.01924,49.54417],[128.01833,49.54365],[127.97662,49.56648],[127.98202,49.54543],[127.95456,49.50454],[127.89346,49.49748],[127.81122,49.44998],[127.78429,49.39602],[127.7929,49.37829],[127.77888,49.37594],[127.74244,49.30074],[127.63113,49.21419],[127.62174,49.18699],[127.51994,49.08677],[127.50803,49.04367],[127.44116,49.02383],[127.37099,49.05616],[127.29262,49.00213],[127.2614,49.00443],[127.22386,48.98232],[127.191,48.98347],[127.15125,49.00891],[127.1657,49.05015],[127.09414,49.04851],[127.00328,49.11196],[126.95922,49.105],[126.94203,49.12104],[126.94929,49.13407],[126.89569,49.15096],[126.89975,49.18284],[126.84447,49.19535],[126.82541,49.18305],[126.78901,49.22488],[126.74495,49.23933],[126.71818,49.30327],[126.72486,49.36222],[126.66089,49.43353],[126.72973,49.41406],[126.81284,49.46327],[126.85521,49.55033],[126.95919,49.5761],[127.00242,49.56949],[127.01799,49.59025],[127.08042,49.5967],[127.11424,49.62406],[127.1646,49.60624],[127.21685,49.60962],[127.28653,49.66364],[127.27014,49.68444],[127.33413,49.74474],[127.33345,49.75984],[127.36631,49.77443],[127.37179,49.80104],[127.46391,49.80201],[127.52913,49.82057],[127.56199,49.78832],[127.66573,49.76909],[127.68001,49.68071],[127.77904,49.62414],[127.80904,49.58744],[127.89842,49.57448],[127.95576,49.59662]]]}},{"type":"Feature","id":"CTAMAP-2010-COUNTY-1881","properties":{"map_level":"county","source_name":"塔河县","source_code":"232722","county_type":"县","prefecture_name":"大兴安岭地区","prefecture_code":"232700","prefecture_type":"地区","parent_entity_id":"CNUR-000072","parent_year_end_name":"大兴安岭地区","province_name":"黑龙江省","province_code":"230000","snapshot_year":2010,"panel_year":2009,"link_status":"parent_linked","former_name":"","note":""},"geometry":{"type":"Polygon","coordinates":[[[125.79647,52.89368],[125.71685,52.84724],[125.71064,52.81597],[125.66588,52.78521],[125.66846,52.76434],[125.63102,52.75857],[125.6373,52.73545],[125.57497,52.69866],[125.62368,52.64014],[125.56276,52.62491],[125.58618,52.5937],[125.57435,52.54109],[125.61878,52.53062],[125.62905,52.48828],[125.72745,52.46671],[125.7475,52.42096],[125.7807,52.41775],[125.82457,52.38527],[125.78596,52.35893],[125.73784,52.35802],[125.73571,52.34427],[125.69992,52.33782],[125.65963,52.35584],[125.57929,52.35688],[125.39429,52.33449],[125.35683,52.28652],[125.33074,52.28497],[125.32134,52.26219],[125.34422,52.23111],[125.31719,52.18445],[125.19752,52.16982],[125.07721,52.18173],[124.97588,52.16543],[124.97656,52.19109],[124.91982,52.2211],[124.9521,52.23431],[124.94685,52.25063],[124.87636,52.25782],[124.8739,52.28214],[124.78571,52.2935],[124.77134,52.31557],[124.73175,52.32983],[124.70691,52.31063],[124.72626,52.28381],[124.66691,52.27787],[124.6296,52.23838],[124.46796,52.23849],[124.45495,52.21368],[124.41018,52.21171],[124.38062,52.18073],[124.26211,52.15342],[124.22602,52.22494],[124.12986,52.22026],[124.10771,52.2405],[124.0485,52.25129],[124.05951,52.29643],[124.12287,52.32387],[124.1185,52.34152],[124.14452,52.35254],[124.14186,52.36822],[124.04885,52.39018],[124.00606,52.36197],[123.97993,52.39261],[123.89009,52.42384],[123.78325,52.41383],[123.73676,52.37746],[123.64014,52.36983],[123.61369,52.34341],[123.44552,52.28897],[123.39898,52.28496],[123.34578,52.32822],[123.32039,52.32985],[123.33764,52.36141],[123.39609,52.3788],[123.43204,52.44156],[123.49432,52.44858],[123.53421,52.48754],[123.52466,52.49582],[123.5365,52.51662],[123.50571,52.55728],[123.51826,52.57233],[123.44927,52.66446],[123.449,52.70084],[123.46877,52.72342],[123.45172,52.72513],[123.45305,52.74299],[123.47042,52.77106],[123.5096,52.77142],[123.55845,52.80244],[123.56986,52.84752],[123.61932,52.87864],[123.66449,52.89839],[123.73108,52.90167],[123.79421,52.93764],[123.79697,52.95875],[123.8552,52.9847],[123.8192,53.02101],[123.83433,53.04215],[123.95088,53.1187],[123.99231,53.17987],[124.01611,53.18845],[123.99701,53.20495],[124.00446,53.21513],[124.10225,53.26655],[124.17949,53.26418],[124.25058,53.29027],[124.25458,53.33173],[124.27676,53.34716],[124.32038,53.32532],[124.36214,53.26054],[124.40972,53.24405],[124.43256,53.21758],[124.70776,53.19303],[124.72153,53.18257],[124.70948,53.15376],[124.75493,53.14019],[124.82475,53.14505],[124.8638,53.09662],[124.90033,53.11203],[124.87767,53.15937],[124.89266,53.16913],[124.97213,53.19516],[125.13934,53.20247],[125.48756,53.09796],[125.50647,53.04889],[125.60721,53.0819],[125.67951,53.0031],[125.74338,52.98319],[125.7237,52.96851],[125.72644,52.9396],[125.65537,52.91423],[125.66027,52.86534],[125.79647,52.89368]]]}},{"type":"Feature","id":"CTAMAP-2010-COUNTY-1900","properties":{"map_level":"county","source_name":"泰来县","source_code":"230224","county_type":"县","prefecture_name":"齐齐哈尔市","prefecture_code":"230200","prefecture_type":"地级市","parent_entity_id":"CNUR-000061","parent_year_end_name":"齐齐哈尔市","province_name":"黑龙江省","province_code":"230000","snapshot_year":2010,"panel_year":2009,"link_status":"parent_linked","former_name":"","note":""},"geometry":{"type":"Polygon","coordinates":[[[123.99866,46.98953],[124.00095,46.94747],[123.96387,46.92325],[123.91842,46.85343],[123.9463,46.81944],[123.98878,46.8035],[123.99007,46.77499],[124.01558,46.76991],[123.99761,46.76561],[123.99108,46.73504],[123.88088,46.68306],[123.85279,46.69441],[123.84774,46.74412],[123.75932,46.73988],[123.77847,46.71631],[123.74996,46.69076],[123.76006,46.65761],[123.7487,46.64166],[123.82027,46.569],[123.79283,46.51908],[123.81974,46.50617],[123.80559,46.47949],[123.83279,46.46852],[123.81749,46.44562],[123.85293,46.43011],[123.86514,46.39275],[123.83712,46.37344],[123.85361,46.34201],[123.84333,46.30063],[123.81881,46.28351],[123.74984,46.25822],[123.59861,46.25011],[123.5634,46.22189],[123.49279,46.25768],[123.44626,46.23039],[123.38749,46.24261],[123.3668,46.22094],[123.34151,46.24388],[123.28051,46.24829],[123.24167,46.27149],[123.15906,46.23941],[123.17205,46.24614],[123.1354,46.29632],[123.0051,46.43308],[122.9963,46.57259],[123.04598,46.57812],[123.04237,46.6174],[123.07134,46.62089],[123.07958,46.58941],[123.17403,46.61239],[123.22195,46.58646],[123.27291,46.61533],[123.27083,46.65966],[123.59791,46.68804],[123.62503,46.72655],[123.62683,46.81247],[123.57405,46.82421],[123.61562,46.84054],[123.59254,46.86208],[123.60129,46.88732],[123.56994,46.88817],[123.5562,46.82368],[123.4926,46.82735],[123.47764,46.85785],[123.53465,46.98121],[123.57626,47.02761],[123.60449,47.02003],[123.62158,47.0905],[123.64953,47.09433],[123.66675,47.11805],[123.73466,47.12248],[123.79591,47.07669],[123.82094,47.07803],[123.82336,47.06245],[123.84467,47.05938],[123.84917,47.01692],[123.88145,47.00038],[123.99866,46.98953]]]}},{"type":"Feature","id":"CTAMAP-2010-COUNTY-1914","properties":{"map_level":"county","source_name":"桃山区","source_code":"230903","county_type":"市辖区","prefecture_name":"七台河市","prefecture_code":"230900","prefecture_type":"地级市","parent_entity_id":"CNUR-000068","parent_year_end_name":"七台河市","province_name":"黑龙江省","province_code":"230000","snapshot_year":2010,"panel_year":2009,"link_status":"parent_linked","former_name":"","note":""},"geometry":{"type":"Polygon","coordinates":[[[131.01669,45.80063],[131.05283,45.73282],[131.01393,45.70417],[130.96702,45.71395],[130.90841,45.77605],[130.92985,45.79717],[130.9549,45.79502],[130.96249,45.81413],[130.99763,45.78853],[131.01669,45.80063]]]}},{"type":"Feature","id":"CTAMAP-2010-COUNTY-1938","properties":{"map_level":"county","source_name":"铁锋区","source_code":"230204","county_type":"市辖区","prefecture_name":"齐齐哈尔市","prefecture_code":"230200","prefecture_type":"地级市","parent_entity_id":"CNUR-000061","parent_year_end_name":"齐齐哈尔市","province_name":"黑龙江省","province_code":"230000","snapshot_year":2010,"panel_year":2009,"link_status":"parent_linked","former_name":"","note":""},"geometry":{"type":"Polygon","coordinates":[[[124.4723,47.38915],[124.45829,47.34565],[124.42157,47.34231],[124.42348,47.30581],[124.40643,47.30358],[124.40129,47.26799],[124.3818,47.26096],[124.41598,47.22202],[124.41194,47.18152],[124.34021,47.1364],[124.18889,47.12898],[124.18739,47.16598],[124.14275,47.16834],[124.12423,47.2376],[124.05521,47.23832],[124.06572,47.2799],[123.99319,47.28544],[123.96503,47.30125],[123.96134,47.32195],[123.96186,47.34351],[124.0183,47.37208],[124.06604,47.37369],[124.06913,47.39638],[124.12434,47.41183],[124.15046,47.39315],[124.45496,47.3945],[124.4723,47.38915]]]}},{"type":"Feature","id":"CTAMAP-2010-COUNTY-1946","properties":{"map_level":"county","source_name":"通河县","source_code":"230128","county_type":"县","prefecture_name":"哈尔滨市","prefecture_code":"230100","prefecture_type":"地级市","parent_entity_id":"CNUR-000060","parent_year_end_name":"哈尔滨市","province_name":"黑龙江省","province_code":"230000","snapshot_year":2010,"panel_year":2009,"link_status":"parent_linked","former_name":"","note":""},"geometry":{"type":"Polygon","coordinates":[[[128.46073,46.62321],[128.56337,46.57737],[128.67283,46.57358],[128.70196,46.53545],[128.69847,46.48139],[128.77968,46.49915],[128.83233,46.48558],[128.84206,46.50805],[128.90398,46.52537],[129.00944,46.48466],[129.07698,46.55482],[129.12006,46.52812],[129.14969,46.54328],[129.1979,46.53775],[129.2348,46.50433],[129.21202,46.46477],[129.22364,46.4351],[129.2662,46.41064],[129.26527,46.38774],[129.32861,46.35683],[129.31267,46.32631],[129.38217,46.31736],[129.42846,46.28759],[129.34282,46.19058],[129.30593,46.07285],[129.24355,46.03457],[129.22369,45.9908],[129.14253,45.92314],[129.09519,45.90154],[129.02053,45.91409],[128.98698,45.87418],[128.91047,45.88029],[128.88974,45.88716],[128.89965,45.92204],[128.8745,45.95158],[128.79297,45.97205],[128.75525,45.96819],[128.61507,45.90149],[128.49781,45.91879],[128.38366,45.96725],[128.19619,45.95031],[128.1531,45.99643],[128.17369,46.03785],[128.14877,46.08395],[128.26181,46.1508],[128.27737,46.19763],[128.2457,46.26519],[128.30834,46.35056],[128.2671,46.38068],[128.23474,46.3704],[128.19419,46.38692],[128.20725,46.42338],[128.16894,46.50174],[128.19393,46.53224],[128.18199,46.55225],[128.24307,46.58036],[128.37494,46.56278],[128.3944,46.57906],[128.38977,46.60121],[128.46073,46.62321]]]}},{"type":"Feature","id":"CTAMAP-2010-COUNTY-1955","properties":{"map_level":"county","source_name":"同江市","source_code":"230881","county_type":"县级市","prefecture_name":"佳木斯市","prefecture_code":"230800","prefecture_type":"地级市","parent_entity_id":"CNUR-000067","parent_year_end_name":"佳木斯市","province_name":"黑龙江省","province_code":"230000","snapshot_year":2010,"panel_year":2009,"link_status":"parent_linked","former_name":"","note":""},"geometry":{"type":"Polygon","coordinates":[[[133.99469,48.3032],[134.07225,48.20985],[134.11142,48.19302],[134.11349,48.16634],[134.08328,48.11458],[134.04,48.09082],[134.03877,48.0726],[133.96301,48.07203],[133.96553,48.04849],[133.92396,48.04962],[133.85393,47.99808],[133.70164,47.96886],[133.70543,47.86078],[133.67011,47.84881],[133.70683,47.78527],[133.71273,47.54684],[133.62793,47.52183],[133.58426,47.43797],[133.48318,47.44866],[133.41335,47.48426],[133.32846,47.4585],[132.99259,47.51959],[132.89742,47.57123],[132.87374,47.6071],[132.8234,47.59219],[132.73208,47.61786],[132.71786,47.61442],[132.72487,47.60137],[132.70683,47.57581],[132.6252,47.51504],[132.59503,47.51315],[132.56309,47.48265],[132.52885,47.48406],[132.51048,47.46224],[132.43428,47.46178],[132.42332,47.42161],[132.30841,47.47035],[132.34479,47.49989],[132.34785,47.52527],[132.40644,47.54246],[132.4302,47.60397],[132.46294,47.62543],[132.44926,47.67935],[132.60094,47.73846],[132.58662,47.7735],[132.5943,47.80358],[132.62021,47.8398],[132.68254,47.87244],[132.65107,47.93423],[132.67284,47.95847],[132.70885,47.96464],[132.75899,47.93234],[132.81099,47.93239],[132.86794,48.0],[132.99196,48.03192],[133.04423,48.10959],[133.09991,48.12733],[133.19837,48.12953],[133.30697,48.0975],[133.39497,48.12498],[133.44994,48.11067],[133.54224,48.11604],[133.58552,48.19243],[133.69265,48.18288],[133.73913,48.25442],[133.94159,48.30325],[133.99469,48.3032]]]}},{"type":"Feature","id":"CTAMAP-2010-COUNTY-2000","properties":{"map_level":"county","source_name":"望奎县","source_code":"231221","county_type":"县","prefecture_name":"绥化市","prefecture_code":"231200","prefecture_type":"地级市","parent_entity_id":"CNUR-000071","parent_year_end_name":"绥化市","province_name":"黑龙江省","province_code":"230000","snapshot_year":2010,"panel_year":2009,"link_status":"parent_linked","former_name":"","note":""},"geometry":{"type":"Polygon","coordinates":[[[126.97314,47.14005],[126.96698,47.12638],[126.98488,47.11026],[126.96289,47.07737],[126.96471,46.99411],[126.94859,46.94743],[126.91382,46.93246],[126.89706,46.90224],[126.90735,46.81977],[126.92147,46.81254],[126.90188,46.79761],[126.91438,46.77438],[126.88883,46.74856],[126.81968,46.75171],[126.81839,46.735],[126.72331,46.71258],[126.68972,46.67966],[126.60329,46.68225],[126.56921,46.6576],[126.52196,46.64993],[126.50307,46.62796],[126.49199,46.64219],[126.45494,46.63314],[126.44922,46.58646],[126.39052,46.54014],[126.35386,46.54896],[126.32762,46.58631],[126.29589,46.58658],[126.28837,46.63868],[126.26511,46.66904],[126.27946,46.7017],[126.24817,46.71392],[126.23248,46.75486],[126.24595,46.76543],[126.20582,46.78825],[126.19914,46.83194],[126.17716,46.85395],[126.17284,46.89654],[126.20632,46.92812],[126.20566,46.94964],[126.57145,46.99967],[126.56395,47.09907],[126.77745,47.09375],[126.7808,47.10794],[126.97314,47.14005]]]}},{"type":"Feature","id":"CTAMAP-2010-COUNTY-2069","properties":{"map_level":"county","source_name":"五常市","source_code":"230184","county_type":"县级市","prefecture_name":"哈尔滨市","prefecture_code":"230100","prefecture_type":"地级市","parent_entity_id":"CNUR-000060","parent_year_end_name":"哈尔滨市","province_name":"黑龙江省","province_code":"230000","snapshot_year":2010,"panel_year":2009,"link_status":"parent_linked","former_name":"","note":""},"geometry":{"type":"Polygon","coordinates":[[[126.68413,45.44369],[126.83226,45.42942],[126.92321,45.36316],[127.00455,45.3803],[127.04461,45.3429],[127.11524,45.32542],[127.11845,45.27214],[127.16258,45.28143],[127.17586,45.27666],[127.16202,45.25929],[127.19068,45.26577],[127.20444,45.24168],[127.24365,45.23927],[127.25973,45.22118],[127.24301,45.18961],[127.25532,45.17661],[127.35667,45.18602],[127.41807,45.1608],[127.59299,45.05396],[127.63199,45.05764],[127.63934,45.03272],[127.7193,45.02365],[127.72488,44.98644],[127.74234,44.97595],[127.72626,44.95851],[127.73831,44.94648],[127.79565,44.95923],[127.88132,44.9141],[127.8917,44.85625],[127.86794,44.83713],[127.91795,44.83399],[127.92516,44.78928],[127.97153,44.76684],[127.95774,44.7314],[127.97422,44.71546],[128.0623,44.71024],[128.04308,44.65804],[128.00787,44.62419],[128.01479,44.57441],[127.98765,44.51684],[127.99337,44.49652],[128.09202,44.49212],[128.11965,44.51132],[128.18366,44.49501],[128.23723,44.53148],[128.23211,44.54999],[128.26687,44.53002],[128.2249,44.47098],[128.24676,44.44457],[128.20559,44.4301],[128.16533,44.34427],[128.09021,44.35195],[128.06572,44.37259],[128.04386,44.34818],[128.05781,44.33931],[128.05839,44.30516],[128.09509,44.29115],[128.05714,44.25822],[128.0858,44.24562],[128.09856,44.21258],[128.08408,44.21242],[128.08592,44.17919],[128.05379,44.16702],[128.09557,44.13279],[127.90623,44.0626],[127.8584,44.06018],[127.83934,44.08013],[127.80189,44.08439],[127.77752,44.06957],[127.72268,44.09697],[127.71351,44.20015],[127.67515,44.16472],[127.63552,44.19167],[127.6199,44.18627],[127.58453,44.22587],[127.6178,44.25311],[127.61604,44.28019],[127.47723,44.39953],[127.5018,44.4363],[127.45771,44.47899],[127.46901,44.49654],[127.45918,44.51432],[127.47915,44.5265],[127.53027,44.52043],[127.56478,44.54895],[127.55191,44.57144],[127.4878,44.59869],[127.39439,44.6323],[127.30245,44.63735],[127.26992,44.63829],[127.2555,44.61085],[127.20875,44.62211],[127.22433,44.63909],[127.20098,44.64585],[127.16541,44.64068],[127.13122,44.6055],[127.08828,44.61355],[127.08275,44.5914],[127.04286,44.56442],[127.02096,44.59869],[127.03593,44.61057],[127.02352,44.67377],[127.03402,44.71459],[126.99145,44.76287],[126.97823,44.82294],[127.00498,44.88833],[127.06619,44.90432],[127.08682,44.94518],[127.05131,44.98842],[127.03157,44.99005],[127.04349,45.00415],[126.96263,45.07188],[126.97418,45.10546],[126.95006,45.11987],[126.95714,45.13435],[126.85092,45.14086],[126.83106,45.1301],[126.82003,45.14553],[126.78723,45.13266],[126.75705,45.17448],[126.68096,45.18481],[126.6172,45.23331],[126.54665,45.25075],[126.59241,45.30449],[126.65069,45.32473],[126.61633,45.4333],[126.66957,45.4209],[126.68346,45.42404],[126.68413,45.44369]]]}},{"type":"Feature","id":"CTAMAP-2010-COUNTY-2070","properties":{"map_level":"county","source_name":"五大连池市","source_code":"231182","county_type":"县级市","prefecture_name":"黑河市","prefecture_code":"231100","prefecture_type":"地级市","parent_entity_id":"CNUR-000070","parent_year_end_name":"黑河市","province_name":"黑龙江省","province_code":"230000","snapshot_year":2010,"panel_year":2009,"link_status":"parent_linked","former_name":"","note":""},"geometry":{"type":"Polygon","coordinates":[[[126.82541,49.18305],[126.87424,49.19414],[126.90017,49.1823],[126.89656,49.14993],[126.94929,49.13407],[126.94203,49.12104],[126.95871,49.10524],[127.00328,49.11196],[127.09414,49.04851],[127.1657,49.05015],[127.14943,49.01146],[127.191,48.98347],[127.28561,48.99907],[127.37099,49.05616],[127.44116,49.02383],[127.47662,49.02794],[127.51174,49.04671],[127.51994,49.08677],[127.54313,49.10129],[127.80553,49.05547],[127.90598,49.05918],[127.96415,49.10181],[128.04757,49.0593],[128.34274,49.02378],[128.35442,48.94457],[128.39489,48.87325],[128.38389,48.82512],[128.35921,48.81248],[128.34416,48.77451],[128.24276,48.75746],[128.28391,48.72483],[128.28392,48.69855],[128.24553,48.65053],[128.17125,48.64138],[128.19742,48.62599],[128.24887,48.62711],[128.24691,48.60151],[128.27846,48.57515],[128.29217,48.52968],[128.41417,48.46219],[128.4362,48.37471],[128.42461,48.32782],[128.38318,48.2866],[128.38979,48.26815],[128.33738,48.21887],[128.33518,48.18111],[128.34887,48.16873],[128.32736,48.14562],[128.26979,48.15528],[128.19804,48.13053],[128.16605,48.11571],[128.16379,48.09318],[128.12495,48.07585],[128.10558,48.08286],[128.08587,48.0595],[127.99711,48.07582],[127.97339,48.09545],[127.87332,48.05861],[127.83608,48.02476],[127.79882,48.08682],[127.80666,48.15528],[127.76326,48.19038],[127.69554,48.20215],[127.67965,48.24233],[127.633,48.28647],[127.62579,48.33224],[127.59689,48.36943],[127.60634,48.39775],[127.53456,48.43596],[127.41745,48.43183],[127.33798,48.46711],[127.24519,48.45393],[127.16299,48.48383],[127.15235,48.51152],[127.08745,48.51641],[127.06831,48.53816],[127.00823,48.55226],[126.9735,48.5355],[126.92802,48.54631],[126.9253,48.49033],[126.80933,48.47403],[126.80658,48.43387],[126.7592,48.40444],[126.61399,48.4208],[126.60266,48.44543],[126.54018,48.47925],[126.55017,48.46624],[126.50564,48.41619],[126.45724,48.41659],[126.44365,48.37208],[126.40639,48.36975],[126.42054,48.34818],[126.40811,48.33039],[126.34413,48.3415],[126.34832,48.31217],[126.28627,48.28988],[126.27842,48.2711],[126.14857,48.28889],[126.04509,48.28066],[125.94044,48.3166],[125.942,48.3396],[125.83651,48.35604],[125.78172,48.48626],[125.79677,48.49172],[125.79268,48.55409],[125.70054,48.55484],[125.70831,48.60745],[125.76001,48.58678],[125.77515,48.60435],[125.8104,48.59857],[125.86083,48.63592],[125.88569,48.63498],[125.86657,48.66726],[125.93029,48.70524],[125.98422,48.70939],[126.00094,48.73608],[125.99115,48.76792],[125.96127,48.77706],[125.95493,48.80713],[125.97305,48.84864],[125.96357,48.87038],[125.99289,48.88724],[125.99349,48.90267],[126.0725,48.92855],[126.07735,48.96124],[126.10628,48.95256],[126.16083,48.97067],[126.14983,48.9771],[126.16481,49.04741],[126.15257,49.05899],[126.21733,49.06788],[126.2224,49.08924],[126.20994,49.09351],[126.20437,49.09899],[126.22713,49.13253],[126.2222,49.14845],[126.26777,49.15051],[126.32782,49.12888],[126.35408,49.15935],[126.39457,49.15027],[126.43717,49.16542],[126.47339,49.20084],[126.51214,49.19935],[126.55628,49.15635],[126.68833,49.18726],[126.73809,49.13249],[126.82541,49.18305]]]}},{"type":"Feature","id":"CTAMAP-2010-COUNTY-2176","properties":{"map_level":"county","source_name":"香坊区","source_code":"230110","county_type":"市辖区","prefecture_name":"哈尔滨市","prefecture_code":"230100","prefecture_type":"地级市","parent_entity_id":"CNUR-000060","parent_year_end_name":"哈尔滨市","province_name":"黑龙江省","province_code":"230000","snapshot_year":2010,"panel_year":2009,"link_status":"parent_linked","former_name":"","note":""},"geometry":{"type":"Polygon","coordinates":[[[126.98531,45.73457],[126.84993,45.64082],[126.82741,45.6733],[126.81983,45.65704],[126.78774,45.65204],[126.79947,45.62701],[126.7337,45.63071],[126.63651,45.6069],[126.60901,45.61989],[126.60763,45.59826],[126.58209,45.59317],[126.55985,45.61372],[126.58125,45.64857],[126.64484,45.66332],[126.6272,45.73547],[126.70037,45.73862],[126.7174,45.74429],[126.71187,45.75624],[126.74107,45.74752],[126.76713,45.76409],[126.83976,45.72555],[126.87504,45.74382],[126.88337,45.81672],[126.92411,45.81521],[126.91715,45.80445],[126.9469,45.77866],[126.95346,45.74688],[126.99384,45.75418],[126.98531,45.73457]]]}},{"type":"Feature","id":"CTAMAP-2010-COUNTY-2244","properties":{"map_level":"county","source_name":"新兴区","source_code":"230902","county_type":"市辖区","prefecture_name":"七台河市","prefecture_code":"230900","prefecture_type":"地级市","parent_entity_id":"CNUR-000068","parent_year_end_name":"七台河市","province_name":"黑龙江省","province_code":"230000","snapshot_year":2010,"panel_year":2009,"link_status":"parent_linked","former_name":"","note":""},"geometry":{"type":"Polygon","coordinates":[[[131.62121,46.21612],[131.56733,46.19187],[131.57099,46.1524],[131.4982,46.10876],[131.48591,46.03221],[131.451,45.99215],[131.45592,45.9709],[131.39969,45.96757],[131.38226,45.91846],[131.35691,45.91512],[131.37202,45.80445],[131.35825,45.78126],[131.34418,45.80528],[131.27742,45.8201],[131.28319,45.83529],[131.24051,45.80819],[131.16069,45.87926],[131.00567,45.7893],[130.96349,45.81417],[130.95307,45.79379],[130.92482,45.79508],[130.90841,45.77605],[130.93244,45.74963],[130.82796,45.74156],[130.82756,45.76917],[130.77076,45.82717],[130.81122,45.85008],[130.79942,45.8646],[130.81313,45.87964],[130.68092,45.93652],[130.69438,45.99931],[130.74953,45.99219],[130.83003,46.02298],[130.9224,46.01043],[130.94323,46.02322],[131.02518,46.01964],[131.055,46.06549],[131.13542,46.00528],[131.14658,46.02808],[131.20181,46.02316],[131.2159,46.04726],[131.24818,46.05549],[131.27408,46.03163],[131.27529,45.96614],[131.31373,46.01019],[131.34711,46.01752],[131.33049,46.0669],[131.36132,46.07233],[131.36354,46.08923],[131.35737,46.11127],[131.33339,46.10369],[131.33236,46.11643],[131.38342,46.13124],[131.41672,46.21637],[131.39061,46.22975],[131.40222,46.24688],[131.49319,46.25019],[131.54348,46.21982],[131.5651,46.2299],[131.62121,46.21612]]]}},{"type":"Feature","id":"CTAMAP-2010-COUNTY-2308","properties":{"map_level":"county","source_name":"逊克县","source_code":"231123","county_type":"县","prefecture_name":"黑河市","prefecture_code":"231100","prefecture_type":"地级市","parent_entity_id":"CNUR-000070","parent_year_end_name":"黑河市","province_name":"黑龙江省","province_code":"230000","snapshot_year":2010,"panel_year":2009,"link_status":"parent_linked","former_name":"","note":""},"geometry":{"type":"Polygon","coordinates":[[[128.5371,49.60354],[128.71131,49.56183],[128.73293,49.59275],[128.78379,49.58656],[128.8032,49.55743],[128.74881,49.51208],[128.74629,49.48148],[128.78645,49.46968],[128.87135,49.4889],[128.94216,49.45902],[128.99661,49.45711],[129.07256,49.35813],[129.13366,49.35299],[129.20904,49.39905],[129.27446,49.38379],[129.28737,49.35879],[129.23626,49.37606],[129.17744,49.33144],[129.18596,49.32276],[129.1644,49.29416],[129.23319,49.17557],[129.21365,49.08466],[129.23944,49.08665],[129.29577,49.04776],[129.43056,49.04063],[129.44586,48.95222],[129.51845,48.93305],[129.49783,48.92022],[129.51952,48.90795],[129.48947,48.89678],[129.51412,48.89076],[129.50211,48.87926],[129.51836,48.86756],[129.447,48.82876],[129.44838,48.81019],[129.35766,48.81069],[129.30884,48.78461],[129.29654,48.79777],[129.27356,48.79162],[129.24298,48.74487],[129.16561,48.76087],[129.1773,48.75125],[129.15698,48.73613],[129.22395,48.67668],[129.1844,48.64806],[129.19162,48.62067],[129.09956,48.61211],[129.02545,48.56817],[128.99121,48.52556],[128.98102,48.45064],[128.9471,48.42354],[128.97192,48.40821],[128.91772,48.37472],[128.91422,48.3406],[128.92746,48.32679],[128.89704,48.32101],[128.90557,48.27802],[128.85619,48.27101],[128.84207,48.24848],[128.80862,48.25603],[128.78003,48.29177],[128.76633,48.35653],[128.73447,48.40746],[128.672,48.41222],[128.58388,48.38137],[128.49086,48.37544],[128.44454,48.35773],[128.42461,48.32782],[128.4362,48.37471],[128.41417,48.46219],[128.29217,48.52968],[128.27846,48.57515],[128.24691,48.60151],[128.24887,48.62711],[128.17676,48.6314],[128.18089,48.64684],[128.24553,48.65053],[128.28392,48.69855],[128.28391,48.72483],[128.24276,48.75746],[128.34416,48.77451],[128.35921,48.81248],[128.38389,48.82512],[128.39489,48.87325],[128.35442,48.94457],[128.34274,49.02378],[128.04757,49.0593],[127.96415,49.10181],[127.90598,49.05918],[127.80553,49.05547],[127.54313,49.10129],[127.64359,49.22687],[127.74244,49.30074],[127.77888,49.37594],[127.7929,49.37829],[127.78429,49.39602],[127.81122,49.44998],[127.89346,49.49748],[127.95753,49.50628],[127.98202,49.54543],[127.97816,49.56742],[128.01833,49.54365],[128.02012,49.56933],[128.18245,49.5363],[128.27458,49.56428],[128.32772,49.54094],[128.35872,49.5561],[128.37452,49.58656],[128.5371,49.60354]]]}},{"type":"Feature","id":"CTAMAP-2010-COUNTY-2319","properties":{"map_level":"county","source_name":"延寿县","source_code":"230129","county_type":"县","prefecture_name":"哈尔滨市","prefecture_code":"230100","prefecture_type":"地级市","parent_entity_id":"CNUR-000060","parent_year_end_name":"哈尔滨市","province_name":"黑龙江省","province_code":"230000","snapshot_year":2010,"panel_year":2009,"link_status":"parent_linked","former_name":"","note":""},"geometry":{"type":"Polygon","coordinates":[[[129.07538,45.54633],[129.03065,45.54952],[128.98864,45.5223],[128.96612,45.47285],[128.88046,45.43562],[128.81869,45.43838],[128.75342,45.48985],[128.73169,45.46469],[128.74688,45.42296],[128.72659,45.36589],[128.69089,45.3543],[128.66957,45.31878],[128.68865,45.30705],[128.67676,45.28295],[128.68291,45.20442],[128.66406,45.20443],[128.66292,45.18467],[128.57569,45.17145],[128.47758,45.18369],[128.48176,45.21341],[128.42139,45.23613],[128.43379,45.26524],[128.3924,45.30019],[128.29738,45.29224],[128.20015,45.30504],[128.16925,45.28404],[128.1697,45.26006],[128.13101,45.27052],[128.11829,45.30134],[128.07336,45.30583],[128.05154,45.34799],[128.02334,45.35163],[127.99694,45.38546],[128.04655,45.3924],[128.04936,45.40918],[128.01029,45.41176],[128.01615,45.43879],[127.98984,45.45131],[127.93486,45.45627],[127.93155,45.50632],[127.91502,45.51285],[127.90742,45.54782],[127.93295,45.54771],[127.97309,45.58054],[128.01837,45.58303],[128.02658,45.60854],[128.04854,45.59234],[128.11699,45.58431],[128.13162,45.59572],[128.1894,45.57487],[128.20705,45.60466],[128.17712,45.6477],[128.22155,45.65422],[128.22891,45.67587],[128.21355,45.71277],[128.25032,45.72597],[128.22752,45.7464],[128.29966,45.74485],[128.31054,45.75683],[128.32826,45.74404],[128.43068,45.74768],[128.51673,45.72592],[128.53797,45.69851],[128.52956,45.66869],[128.59122,45.66255],[128.62323,45.66513],[128.61767,45.68285],[128.63993,45.69239],[128.63869,45.7184],[128.66668,45.75093],[128.68595,45.75284],[128.68838,45.7252],[128.73526,45.69005],[128.73525,45.65461],[128.7738,45.60542],[128.93056,45.62363],[129.07538,45.54633]]]}},{"type":"Feature","id":"CTAMAP-2010-COUNTY-2348","properties":{"map_level":"county","source_name":"阳明区","source_code":"231003","county_type":"市辖区","prefecture_name":"牡丹江市","prefecture_code":"231000","prefecture_type":"地级市","parent_entity_id":"CNUR-000069","parent_year_end_name":"牡丹江市","province_name":"黑龙江省","province_code":"230000","snapshot_year":2010,"panel_year":2009,"link_status":"parent_linked","former_name":"","note":""},"geometry":{"type":"Polygon","coordinates":[[[130.1016,44.66855],[130.14148,44.6441],[130.10211,44.63348],[130.11108,44.55249],[130.09772,44.49091],[130.07568,44.46509],[129.93188,44.43988],[129.90134,44.39259],[129.88301,44.39537],[129.88021,44.43312],[129.73779,44.50338],[129.66532,44.55845],[129.6588,44.584],[129.61576,44.59232],[129.6487,44.62297],[129.64418,44.65167],[129.66312,44.6855],[129.68722,44.69466],[129.67141,44.72897],[129.7179,44.76225],[129.70246,44.81807],[129.67656,44.83217],[129.67094,44.85505],[129.69453,44.90562],[129.66002,44.92586],[129.66886,44.9485],[129.71114,44.96569],[129.73647,44.90173],[129.79272,44.88269],[129.80158,44.85231],[129.82741,44.83937],[129.94707,44.82335],[129.99388,44.80187],[129.97589,44.76691],[129.99469,44.75372],[129.99249,44.72607],[130.06172,44.65053],[130.1016,44.66855]]]}},{"type":"Feature","id":"CTAMAP-2010-COUNTY-2372","properties":{"map_level":"county","source_name":"依安县","source_code":"230223","county_type":"县","prefecture_name":"齐齐哈尔市","prefecture_code":"230200","prefecture_type":"地级市","parent_entity_id":"CNUR-000061","parent_year_end_name":"齐齐哈尔市","province_name":"黑龙江省","province_code":"230000","snapshot_year":2010,"panel_year":2009,"link_status":"parent_linked","former_name":"","note":""},"geometry":{"type":"Polygon","coordinates":[[[125.07072,48.05627],[125.45352,48.05109],[125.46964,47.97431],[125.51929,47.97858],[125.52167,47.94507],[125.57323,47.95074],[125.5757,47.90099],[125.61754,47.89952],[125.63163,47.91802],[125.65183,47.91359],[125.66169,47.88001],[125.69359,47.87813],[125.70291,47.84707],[125.50473,47.82583],[125.51223,47.79257],[125.56688,47.79814],[125.58385,47.67325],[125.59661,47.64224],[125.63717,47.6247],[125.63407,47.57861],[125.64764,47.56492],[125.6297,47.55769],[125.65269,47.50965],[125.63804,47.50816],[125.6413,47.47748],[125.59201,47.47224],[125.60248,47.40667],[125.58169,47.40326],[125.58329,47.37155],[125.55232,47.36727],[125.56967,47.33331],[125.55457,47.33053],[125.56106,47.29811],[125.32612,47.28293],[125.30787,47.37894],[125.07316,47.39042],[125.04023,47.47641],[125.01929,47.47226],[124.99023,47.60371],[124.82669,47.73271],[124.82748,47.75196],[124.87325,47.7638],[124.93128,47.81032],[125.04724,47.82025],[125.04231,47.86943],[124.91445,47.87063],[124.904,47.90734],[124.94319,47.9064],[124.931,48.00627],[124.91747,48.02138],[124.88627,48.01956],[124.88154,48.04292],[125.07072,48.05627]]]}},{"type":"Feature","id":"CTAMAP-2010-COUNTY-2373","properties":{"map_level":"county","source_name":"依兰县","source_code":"230123","county_type":"县","prefecture_name":"哈尔滨市","prefecture_code":"230100","prefecture_type":"地级市","parent_entity_id":"CNUR-000060","parent_year_end_name":"哈尔滨市","province_name":"黑龙江省","province_code":"230000","snapshot_year":2010,"panel_year":2009,"link_status":"parent_linked","former_name":"","note":""},"geometry":{"type":"Polygon","coordinates":[[[129.38929,46.64253],[129.41959,46.60497],[129.47374,46.62104],[129.54361,46.61707],[129.60798,46.59557],[129.64779,46.54645],[129.75143,46.52738],[129.91432,46.62686],[129.98051,46.56335],[130.02285,46.58211],[130.02269,46.59631],[130.05117,46.58515],[130.07029,46.60964],[130.05862,46.55631],[130.02837,46.53046],[130.13101,46.50191],[130.10916,46.5854],[130.18786,46.61883],[130.14687,46.54468],[130.13819,46.48989],[130.16027,46.44385],[130.11594,46.38976],[130.07804,46.38968],[130.04617,46.35992],[130.02198,46.38502],[129.9161,46.37317],[129.94609,46.34324],[130.00715,46.3332],[130.08559,46.24213],[130.14093,46.21673],[130.15093,46.18629],[130.20437,46.13357],[130.23357,46.12646],[130.17711,46.08381],[130.10919,46.06853],[130.10382,46.05298],[130.11956,46.03861],[130.09578,45.97787],[130.10846,45.92412],[130.03831,45.90732],[130.00605,45.92419],[129.94287,45.9058],[129.92532,45.92506],[129.89391,45.92348],[129.83883,45.98549],[129.80129,45.98502],[129.77738,45.96843],[129.78992,45.93134],[129.77549,45.92304],[129.7865,45.89488],[129.76926,45.88068],[129.71379,45.89459],[129.65713,45.87101],[129.61881,45.89138],[129.60014,45.87397],[129.57601,45.88512],[129.55675,45.87407],[129.56677,45.85724],[129.51471,45.84393],[129.42052,45.88363],[129.40596,46.07284],[129.37762,46.10484],[129.38034,46.12922],[129.33451,46.15926],[129.34282,46.19058],[129.42853,46.28799],[129.38217,46.31736],[129.31267,46.32631],[129.32861,46.35683],[129.26527,46.38774],[129.26662,46.41015],[129.21862,46.4428],[129.2121,46.46517],[129.2348,46.50433],[129.20259,46.53021],[129.19172,46.57299],[129.27455,46.6402],[129.32702,46.64224],[129.3358,46.65592],[129.38929,46.64253]]]}},{"type":"Feature","id":"CTAMAP-2010-COUNTY-2456","properties":{"map_level":"county","source_name":"友谊县","source_code":"230522","county_type":"县","prefecture_name":"双鸭山市","prefecture_code":"230500","prefecture_type":"地级市","parent_entity_id":"CNUR-000064","parent_year_end_name":"双鸭山市","province_name":"黑龙江省","province_code":"230000","snapshot_year":2010,"panel_year":2009,"link_status":"parent_linked","former_name":"","note":""},"geometry":{"type":"Polygon","coordinates":[[[132.20735,46.80554],[132.11445,46.71434],[132.03443,46.69848],[132.00719,46.71558],[131.97842,46.70892],[131.98155,46.67834],[131.95034,46.67356],[131.95103,46.6571],[131.85883,46.59284],[131.76327,46.60278],[131.76304,46.63752],[131.71566,46.62222],[131.59806,46.62914],[131.61009,46.58377],[131.58167,46.56306],[131.60174,46.52486],[131.56926,46.51738],[131.53418,46.53361],[131.52514,46.57901],[131.46584,46.60786],[131.48203,46.62115],[131.4652,46.65242],[131.47786,46.67897],[131.46861,46.75105],[131.49788,46.7946],[131.63109,46.85179],[131.62525,46.88631],[131.72096,46.88446],[131.7186,46.86256],[131.75603,46.90136],[131.78162,46.90103],[131.78027,46.88062],[131.8572,46.88474],[131.85533,46.8993],[131.82932,46.90181],[131.83179,46.95597],[131.92192,46.98511],[132.05116,46.98701],[132.0521,46.97419],[132.2597,46.94147],[132.23863,46.92821],[132.24582,46.90685],[132.18762,46.87557],[132.20896,46.84423],[132.20735,46.80554]]]}},{"type":"Feature","id":"CTAMAP-2010-COUNTY-2605","properties":{"map_level":"county","source_name":"肇东市","source_code":"231282","county_type":"县级市","prefecture_name":"绥化市","prefecture_code":"231200","prefecture_type":"地级市","parent_entity_id":"CNUR-000071","parent_year_end_name":"绥化市","province_name":"黑龙江省","province_code":"230000","snapshot_year":2010,"panel_year":2009,"link_status":"parent_linked","former_name":"","note":""},"geometry":{"type":"Polygon","coordinates":[[[126.0688,46.16663],[126.22709,45.99313],[126.22478,45.96157],[126.30354,45.96797],[126.31796,45.90395],[126.35794,45.88759],[126.33605,45.83165],[126.35785,45.81583],[126.34204,45.79242],[126.35573,45.72347],[126.3228,45.72364],[126.31024,45.74384],[126.2875,45.73686],[126.28266,45.72042],[126.30113,45.70718],[126.28689,45.69384],[126.2167,45.70209],[126.18825,45.68229],[126.15746,45.70082],[126.12256,45.6708],[126.05675,45.70663],[126.01933,45.70959],[125.97486,45.66915],[125.98811,45.63024],[125.92162,45.62867],[125.92954,45.58292],[125.88611,45.57153],[125.88423,45.55699],[125.89972,45.55597],[125.85754,45.51508],[125.77912,45.50615],[125.74004,45.55417],[125.73643,45.59443],[125.75791,45.61091],[125.72545,45.61866],[125.72333,45.65192],[125.7092,45.66147],[125.70321,45.67593],[125.72629,45.66221],[125.72495,45.68527],[125.77736,45.6771],[125.80236,45.69677],[125.76573,45.73507],[125.71495,45.74355],[125.71342,45.76729],[125.76646,45.76067],[125.77466,45.79712],[125.70839,45.80577],[125.68924,45.90551],[125.41316,45.88327],[125.32979,46.23539],[125.44302,46.24701],[125.50557,46.27386],[125.57759,46.35827],[125.5572,46.37618],[125.5794,46.40072],[125.65433,46.42515],[125.69599,46.41055],[125.76687,46.4262],[125.96273,46.33495],[126.0688,46.16663]]]}},{"type":"Feature","id":"CTAMAP-2010-COUNTY-2606","properties":{"map_level":"county","source_name":"肇源县","source_code":"230622","county_type":"县","prefecture_name":"大庆市","prefecture_code":"230600","prefecture_type":"地级市","parent_entity_id":"CNUR-000065","parent_year_end_name":"大庆市","province_name":"黑龙江省","province_code":"230000","snapshot_year":2010,"panel_year":2009,"link_status":"parent_linked","former_name":"","note":""},"geometry":{"type":"Polygon","coordinates":[[[124.79902,45.80791],[124.86265,45.79449],[124.86928,45.77486],[124.88606,45.78451],[124.9072,45.75641],[124.92691,45.76644],[124.93692,45.73604],[124.96367,45.73342],[124.96669,45.68384],[125.04558,45.69766],[125.09994,45.63939],[125.22052,45.61489],[125.40981,45.62063],[125.50701,45.58431],[125.53355,45.6077],[125.52841,45.64695],[125.54988,45.66017],[125.70185,45.67911],[125.72333,45.65192],[125.72545,45.61866],[125.75791,45.61091],[125.73643,45.59443],[125.74004,45.55417],[125.77912,45.50615],[125.75229,45.52749],[125.66199,45.50339],[125.62172,45.52158],[125.58177,45.48968],[125.49063,45.46527],[125.47327,45.48572],[125.41743,45.48691],[125.4253,45.45353],[125.35931,45.39008],[125.33596,45.39312],[125.31496,45.41978],[125.29859,45.39935],[125.25028,45.41745],[125.18021,45.39625],[125.13724,45.40952],[125.0754,45.37697],[125.05932,45.3934],[125.08528,45.41936],[125.04396,45.42586],[125.0261,45.48767],[124.94636,45.49436],[124.93056,45.53106],[124.91022,45.53973],[124.87585,45.4903],[124.87777,45.43598],[124.82689,45.45387],[124.77855,45.43443],[124.77487,45.46347],[124.7566,45.46765],[124.72879,45.44222],[124.68568,45.4502],[124.63927,45.43355],[124.57328,45.45095],[124.57708,45.42563],[124.53885,45.40959],[124.50126,45.42254],[124.47196,45.45524],[124.40575,45.43612],[124.37183,45.44974],[124.34479,45.48902],[124.36279,45.51415],[124.35479,45.54079],[124.27591,45.53958],[124.25409,45.55855],[124.26636,45.58796],[124.21961,45.59633],[124.22695,45.63101],[124.17495,45.61217],[124.13923,45.6211],[124.14457,45.65836],[124.11519,45.66509],[124.13093,45.68656],[124.09512,45.69885],[124.07599,45.7339],[124.04875,45.75005],[124.01181,45.74619],[123.99359,45.77016],[124.05971,45.797],[124.02636,45.83161],[124.06262,45.83804],[124.05711,45.87583],[124.1169,45.89444],[124.1237,45.91841],[124.15889,45.93586],[124.20832,45.93633],[124.21121,45.92365],[124.31508,45.97313],[124.31822,46.02738],[124.34181,45.98145],[124.37489,45.96599],[124.3743,45.93917],[124.55078,45.91177],[124.532,45.88992],[124.48228,45.87459],[124.49751,45.83915],[124.53154,45.8224],[124.56959,45.82601],[124.57726,45.8139],[124.64349,45.84307],[124.67531,45.79419],[124.74922,45.77031],[124.79902,45.80791]]]}},{"type":"Feature","id":"CTAMAP-2010-COUNTY-2607","properties":{"map_level":"county","source_name":"肇州县","source_code":"230621","county_type":"县","prefecture_name":"大庆市","prefecture_code":"230600","prefecture_type":"地级市","parent_entity_id":"CNUR-000065","parent_year_end_name":"大庆市","province_name":"黑龙江省","province_code":"230000","snapshot_year":2010,"panel_year":2009,"link_status":"parent_linked","former_name":"","note":""},"geometry":{"type":"Polygon","coordinates":[[[125.35015,46.14576],[125.41316,45.88327],[125.68924,45.90551],[125.70839,45.80577],[125.77466,45.79712],[125.77877,45.77384],[125.75683,45.75932],[125.71342,45.76729],[125.71495,45.74355],[125.76573,45.73507],[125.80236,45.69677],[125.77736,45.6771],[125.72495,45.68527],[125.72629,45.66221],[125.67236,45.68043],[125.54988,45.66017],[125.52841,45.64695],[125.53355,45.6077],[125.50701,45.58431],[125.40981,45.62063],[125.25357,45.62522],[125.23644,45.61304],[125.09994,45.63939],[125.04558,45.69766],[124.96669,45.68384],[124.96367,45.73342],[124.93692,45.73604],[124.92691,45.76644],[124.9072,45.75641],[124.88606,45.78451],[124.86928,45.77486],[124.86265,45.79449],[124.79902,45.80791],[124.81175,45.87367],[124.87876,45.91862],[124.9275,45.88804],[124.96538,45.88529],[125.04486,45.91894],[125.08969,45.89862],[125.10758,45.91608],[125.08992,46.01392],[125.14033,46.04183],[125.15401,46.0798],[125.18883,46.09203],[125.21677,46.13559],[125.1465,46.12672],[125.12851,46.16252],[125.08154,46.15723],[125.07421,46.21455],[125.10552,46.21356],[125.11001,46.18454],[125.15711,46.19488],[125.20517,46.16954],[125.21254,46.14164],[125.35015,46.14576]]]}},{"type":"Feature","id":"CTAMAP-2010-COUNTY-2691","properties":{"map_level":"county","source_name":"向阳区","source_code":"230803","county_type":"市辖区","prefecture_name":"佳木斯市","prefecture_code":"230800","prefecture_type":"地级市","parent_entity_id":"CNUR-000067","parent_year_end_name":"佳木斯市","province_name":"黑龙江省","province_code":"230000","snapshot_year":2010,"panel_year":2009,"link_status":"parent_linked","former_name":"","note":""},"geometry":{"type":"Polygon","coordinates":[[[130.42709,46.8542],[130.35568,46.81966],[130.39052,46.74428],[130.3704,46.76368],[130.33122,46.76802],[130.33811,46.79798],[130.27504,46.83583],[130.34516,46.83683],[130.36965,46.85834],[130.42709,46.8542]]]}},{"type":"Feature","id":"CTAMAP-2010-COUNTY-2692","properties":{"map_level":"county","source_name":"萝北县","source_code":"230421","county_type":"县","prefecture_name":"鹤岗市","prefecture_code":"230400","prefecture_type":"地级市","parent_entity_id":"CNUR-000063","parent_year_end_name":"鹤岗市","province_name":"黑龙江省","province_code":"230000","snapshot_year":2010,"panel_year":2009,"link_status":"parent_linked","former_name":"","note":""},"geometry":{"type":"Polygon","coordinates":[[[130.77705,48.35512],[130.82296,48.32807],[130.8372,48.29436],[130.77014,48.24482],[130.75784,48.18696],[130.66594,48.12604],[130.65851,48.10285],[130.68602,48.04596],[130.73251,48.03006],[130.76247,47.99582],[130.88354,47.92497],[130.95373,47.82564],[130.95872,47.73084],[130.97575,47.71076],[131.02187,47.69221],[131.10709,47.68724],[131.17501,47.70022],[131.2289,47.73063],[131.35142,47.7283],[131.4476,47.74457],[131.53583,47.73362],[131.58227,47.66024],[131.53487,47.56815],[131.09838,47.19206],[130.96016,47.21856],[130.94788,47.23766],[130.98057,47.24863],[130.98208,47.26758],[130.96252,47.27936],[130.97904,47.3173],[130.78455,47.28833],[130.67402,47.32868],[130.55161,47.32625],[130.51821,47.37119],[130.49797,47.45191],[130.45608,47.48423],[130.45009,47.53004],[130.30447,47.56705],[130.22077,47.60786],[130.16708,47.59482],[130.07012,47.61001],[129.96472,47.65053],[129.91092,47.63047],[129.92199,47.65201],[129.89025,47.67873],[129.90132,47.72363],[129.76516,47.7801],[129.76766,47.81025],[129.74653,47.81767],[129.72961,47.85704],[129.74246,47.87297],[129.70496,47.86895],[129.69157,47.88939],[129.70399,47.92219],[129.67588,47.92913],[129.6648,47.97518],[129.73016,47.97233],[129.77295,47.99677],[129.72913,48.0249],[129.74093,48.08937],[129.72626,48.1061],[129.77779,48.13621],[129.80262,48.17285],[129.80201,48.21696],[129.77475,48.24233],[129.83877,48.26089],[129.85324,48.30305],[129.86698,48.31436],[129.9485,48.27042],[129.97748,48.22408],[130.04134,48.19247],[130.08945,48.14422],[130.1185,48.13943],[130.17223,48.17221],[130.24621,48.16372],[130.26171,48.18066],[130.23954,48.18728],[130.25304,48.22797],[130.23768,48.2488],[130.26831,48.26878],[130.25768,48.28305],[130.35849,48.28768],[130.3684,48.30627],[130.40073,48.30672],[130.40024,48.32397],[130.42452,48.31077],[130.44716,48.32799],[130.48472,48.29552],[130.52517,48.28732],[130.58014,48.30582],[130.66557,48.30409],[130.72328,48.33591],[130.75576,48.33242],[130.77705,48.35512]]]}},{"type":"Feature","id":"CTAMAP-2010-COUNTY-2693","properties":{"map_level":"county","source_name":"东山区","source_code":"230406","county_type":"市辖区","prefecture_name":"鹤岗市","prefecture_code":"230400","prefecture_type":"地级市","parent_entity_id":"CNUR-000063","parent_year_end_name":"鹤岗市","province_name":"黑龙江省","province_code":"230000","snapshot_year":2010,"panel_year":2009,"link_status":"parent_linked","former_name":"","note":""},"geometry":{"type":"Polygon","coordinates":[[[130.01465,47.62308],[130.16708,47.59482],[130.22077,47.60786],[130.30447,47.56705],[130.45183,47.52895],[130.45608,47.48423],[130.49797,47.45191],[130.49356,47.42964],[130.55308,47.31249],[130.68488,47.20227],[130.64069,47.19408],[130.65156,47.18273],[130.62858,47.15365],[130.59968,47.15524],[130.5303,47.1199],[130.3916,47.12869],[130.40982,47.10581],[130.36866,47.10975],[130.36105,47.08769],[130.37563,47.06266],[130.29852,47.06179],[130.19235,47.09312],[130.13728,47.13371],[130.14287,47.16857],[130.1151,47.20626],[130.1502,47.22038],[130.14071,47.23511],[130.15106,47.23775],[130.18067,47.23396],[130.1731,47.21402],[130.19135,47.21381],[130.20305,47.18947],[130.23407,47.19439],[130.2435,47.16755],[130.30342,47.18465],[130.32635,47.23565],[130.29655,47.24295],[130.31181,47.32198],[130.29691,47.3368],[130.31824,47.37296],[130.35118,47.36037],[130.34758,47.41205],[130.30859,47.41531],[130.2776,47.39245],[130.27964,47.36086],[130.2594,47.35439],[130.23409,47.27744],[130.15831,47.26922],[130.13766,47.24374],[130.08642,47.31215],[130.03638,47.31733],[129.94055,47.25392],[129.92469,47.29181],[129.84597,47.3159],[129.85041,47.33007],[129.89956,47.33261],[129.8917,47.35066],[129.91143,47.3592],[129.8411,47.3921],[129.82895,47.41239],[129.83478,47.42694],[129.8957,47.43713],[129.87687,47.46849],[129.89621,47.48062],[129.86526,47.4921],[129.8678,47.53497],[129.88932,47.55754],[129.93483,47.56231],[129.89362,47.56981],[129.88719,47.60063],[129.91092,47.63047],[129.96472,47.65053],[130.01465,47.62308]]]}},{"type":"Feature","id":"CTAMAP-2010-COUNTY-2694","properties":{"map_level":"county","source_name":"汤原县","source_code":"230828","county_type":"县","prefecture_name":"佳木斯市","prefecture_code":"230800","prefecture_type":"地级市","parent_entity_id":"CNUR-000067","parent_year_end_name":"佳木斯市","province_name":"黑龙江省","province_code":"230000","snapshot_year":2010,"panel_year":2009,"link_status":"parent_linked","former_name":"","note":""},"geometry":{"type":"Polygon","coordinates":[[[130.61742,47.33627],[130.78455,47.28833],[130.97904,47.3173],[130.96252,47.27936],[130.98208,47.26758],[130.98063,47.24883],[130.94807,47.23794],[130.96016,47.21856],[130.91371,47.19241],[130.79566,47.1727],[130.79779,47.12646],[130.75426,47.11968],[130.7529,47.0982],[130.68396,47.02952],[130.65153,47.04654],[130.59848,47.0242],[130.55247,47.03607],[130.53936,47.01741],[130.44098,46.98164],[130.44238,46.96623],[130.37442,46.97295],[130.34769,46.95086],[130.31172,46.94931],[130.30935,46.9324],[130.30203,46.95223],[130.2733,46.9602],[130.27084,46.97401],[130.30202,46.97837],[130.29418,47.01031],[130.24486,47.00221],[130.24867,46.9882],[130.21659,46.96791],[130.24469,46.95073],[130.21873,46.9354],[130.15813,46.94577],[130.06973,47.01076],[130.05355,46.99039],[129.96255,47.02253],[130.03129,46.96444],[130.0353,46.872],[130.04325,46.85672],[130.06907,46.85692],[130.08121,46.81228],[130.09782,46.81004],[130.10901,46.75252],[130.03061,46.77387],[129.9666,46.76811],[129.96368,46.71692],[129.91442,46.67364],[129.91775,46.63623],[129.90225,46.61134],[129.75143,46.52738],[129.64779,46.54645],[129.63421,46.57682],[129.58644,46.60689],[129.49467,46.61728],[129.51817,46.66244],[129.5649,46.68331],[129.58194,46.71193],[129.66518,46.71526],[129.70021,46.73666],[129.68926,46.76115],[129.69892,46.80016],[129.62324,46.81277],[129.58549,46.87988],[129.55104,46.89759],[129.54841,46.92278],[129.5648,46.93513],[129.53184,46.95038],[129.52735,46.97899],[129.5827,46.97562],[129.58555,47.00057],[129.55833,47.03043],[129.63784,47.03511],[129.70163,47.06155],[129.71052,47.07711],[129.68334,47.11813],[129.72322,47.12181],[129.74989,47.14263],[129.74159,47.1708],[129.77452,47.17843],[129.79344,47.26637],[129.83524,47.25394],[129.87058,47.27382],[129.87879,47.29566],[129.9133,47.2984],[129.92975,47.25694],[129.9691,47.25813],[130.01075,47.22323],[130.12543,47.20105],[130.14287,47.16857],[130.1371,47.1339],[130.19235,47.09312],[130.34954,47.05843],[130.37563,47.06266],[130.36105,47.08769],[130.36866,47.10975],[130.40982,47.10581],[130.3916,47.12869],[130.5303,47.1199],[130.59968,47.15524],[130.62858,47.15365],[130.65156,47.18273],[130.64069,47.19408],[130.68488,47.20227],[130.54903,47.32176],[130.61742,47.33627]]]}},{"type":"Feature","id":"CTAMAP-2010-COUNTY-2695","properties":{"map_level":"county","source_name":"兴安区","source_code":"230405","county_type":"市辖区","prefecture_name":"鹤岗市","prefecture_code":"230400","prefecture_type":"地级市","parent_entity_id":"CNUR-000063","parent_year_end_name":"鹤岗市","province_name":"黑龙江省","province_code":"230000","snapshot_year":2010,"panel_year":2009,"link_status":"parent_linked","former_name":"","note":""},"geometry":{"type":"Polygon","coordinates":[[[130.08642,47.31215],[130.13766,47.24374],[130.15831,47.26922],[130.18061,47.26248],[130.23911,47.28224],[130.24461,47.26023],[130.27395,47.25579],[130.27718,47.2396],[130.32601,47.23775],[130.313,47.22682],[130.32242,47.21492],[130.30342,47.18465],[130.2435,47.16755],[130.23407,47.19439],[130.20305,47.18947],[130.19135,47.21381],[130.1731,47.21402],[130.18067,47.23396],[130.14071,47.23511],[130.1502,47.22038],[130.1151,47.20626],[130.01075,47.22323],[129.95468,47.25969],[130.03638,47.31733],[130.08642,47.31215]]]}},{"type":"Feature","id":"CTAMAP-2010-COUNTY-2696","properties":{"map_level":"county","source_name":"南山区","source_code":"230404","county_type":"市辖区","prefecture_name":"鹤岗市","prefecture_code":"230400","prefecture_type":"地级市","parent_entity_id":"CNUR-000063","parent_year_end_name":"鹤岗市","province_name":"黑龙江省","province_code":"230000","snapshot_year":2010,"panel_year":2009,"link_status":"parent_linked","former_name":"","note":""},"geometry":{"type":"Polygon","coordinates":[[[130.30709,47.31598],[130.29655,47.24296],[130.24461,47.26023],[130.25119,47.2723],[130.23554,47.2866],[130.26648,47.31195],[130.30709,47.31598]]]}},{"type":"Feature","id":"CTAMAP-2010-COUNTY-2697","properties":{"map_level":"county","source_name":"工农区","source_code":"230403","county_type":"市辖区","prefecture_name":"鹤岗市","prefecture_code":"230400","prefecture_type":"地级市","parent_entity_id":"CNUR-000063","parent_year_end_name":"鹤岗市","province_name":"黑龙江省","province_code":"230000","snapshot_year":2010,"panel_year":2009,"link_status":"parent_linked","former_name":"","note":""},"geometry":{"type":"Polygon","coordinates":[[[130.2594,47.35439],[130.28042,47.31419],[130.23554,47.2866],[130.2594,47.35439]]]}},{"type":"Feature","id":"CTAMAP-2010-COUNTY-2698","properties":{"map_level":"county","source_name":"向阳区","source_code":"230402","county_type":"市辖区","prefecture_name":"鹤岗市","prefecture_code":"230400","prefecture_type":"地级市","parent_entity_id":"CNUR-000063","parent_year_end_name":"鹤岗市","province_name":"黑龙江省","province_code":"230000","snapshot_year":2010,"panel_year":2009,"link_status":"parent_linked","former_name":"","note":""},"geometry":{"type":"Polygon","coordinates":[[[130.26066,47.35455],[130.30423,47.35076],[130.30762,47.31604],[130.28042,47.31419],[130.26066,47.35455]]]}},{"type":"Feature","id":"CTAMAP-2010-COUNTY-2699","properties":{"map_level":"county","source_name":"兴山区","source_code":"230407","county_type":"市辖区","prefecture_name":"鹤岗市","prefecture_code":"230400","prefecture_type":"地级市","parent_entity_id":"CNUR-000063","parent_year_end_name":"鹤岗市","province_name":"黑龙江省","province_code":"230000","snapshot_year":2010,"panel_year":2009,"link_status":"parent_linked","former_name":"","note":""},"geometry":{"type":"Polygon","coordinates":[[[130.27723,47.39176],[130.34758,47.41205],[130.35118,47.36037],[130.31824,47.37296],[130.31205,47.35392],[130.28647,47.35153],[130.27723,47.39176]]]}},{"type":"Feature","id":"CTAMAP-2010-COUNTY-2700","properties":{"map_level":"county","source_name":"东风区","source_code":"230805","county_type":"市辖区","prefecture_name":"佳木斯市","prefecture_code":"230800","prefecture_type":"地级市","parent_entity_id":"CNUR-000067","parent_year_end_name":"佳木斯市","province_name":"黑龙江省","province_code":"230000","snapshot_year":2010,"panel_year":2009,"link_status":"parent_linked","former_name":"","note":""},"geometry":{"type":"Polygon","coordinates":[[[130.47366,46.81231],[130.47867,46.74833],[130.44453,46.74557],[130.38644,46.82491],[130.44054,46.85558],[130.44853,46.84128],[130.43779,46.84092],[130.47366,46.81231]]]}},{"type":"Feature","id":"CTAMAP-2010-COUNTY-2725","properties":{"map_level":"county","source_name":"西安区","source_code":"231005","county_type":"市辖区","prefecture_name":"牡丹江市","prefecture_code":"231000","prefecture_type":"地级市","parent_entity_id":"CNUR-000069","parent_year_end_name":"牡丹江市","province_name":"黑龙江省","province_code":"230000","snapshot_year":2010,"panel_year":2009,"link_status":"parent_linked","former_name":"","note":""},"geometry":{"type":"Polygon","coordinates":[[[129.60525,44.5891],[129.6192,44.5605],[129.58327,44.54576],[129.5941,44.53802],[129.56929,44.51195],[129.57277,44.48292],[129.59348,44.45228],[129.65613,44.44927],[129.74166,44.38034],[129.53287,44.37733],[129.4626,44.41885],[129.41436,44.42732],[129.40318,44.45528],[129.39239,44.44935],[129.38817,44.48144],[129.41512,44.51865],[129.38316,44.54597],[129.44509,44.56921],[129.4338,44.60967],[129.45643,44.66036],[129.49384,44.6458],[129.48852,44.62389],[129.50658,44.61896],[129.4926,44.57993],[129.51773,44.55242],[129.60525,44.5891]]]}},{"type":"Feature","id":"CTAMAP-2010-COUNTY-2727","properties":{"map_level":"county","source_name":"郊区","source_code":"230811","county_type":"市辖区","prefecture_name":"佳木斯市","prefecture_code":"230800","prefecture_type":"地级市","parent_entity_id":"CNUR-000067","parent_year_end_name":"佳木斯市","province_name":"黑龙江省","province_code":"230000","snapshot_year":2010,"panel_year":2009,"link_status":"parent_linked","former_name":"","note":""},"geometry":{"type":"Polygon","coordinates":[[[130.54619,47.03408],[130.60395,47.01277],[130.58403,46.99001],[130.60428,46.95601],[130.58115,46.94752],[130.58791,46.91335],[130.5457,46.89044],[130.55966,46.87935],[130.61121,46.90526],[130.62013,46.87902],[130.58516,46.87221],[130.60039,46.84438],[130.58668,46.82684],[130.52666,46.83488],[130.47366,46.81231],[130.43779,46.84092],[130.44474,46.85404],[130.39858,46.85832],[130.35741,46.8552],[130.33917,46.83573],[130.27504,46.83583],[130.33811,46.79798],[130.33122,46.76802],[130.3704,46.76368],[130.3857,46.74536],[130.41264,46.75051],[130.42986,46.7345],[130.47708,46.74717],[130.47835,46.78286],[130.49725,46.78494],[130.53849,46.75078],[130.52424,46.72198],[130.54786,46.687],[130.50595,46.67286],[130.50943,46.6559],[130.47261,46.62467],[130.50967,46.58849],[130.48373,46.58228],[130.46955,46.5578],[130.41453,46.57325],[130.34556,46.5546],[130.27835,46.59293],[130.24439,46.57825],[130.21539,46.62809],[130.203,46.61886],[130.21734,46.58639],[130.19032,46.52002],[130.20222,46.48015],[130.18933,46.4803],[130.13879,46.49134],[130.1834,46.62281],[130.10899,46.58503],[130.13101,46.50191],[130.02837,46.53046],[130.05862,46.55631],[130.07902,46.60763],[130.05915,46.60581],[130.04984,46.58466],[130.02212,46.59607],[130.02285,46.58211],[129.98051,46.56335],[129.91432,46.62686],[129.91442,46.67364],[129.96368,46.71692],[129.9666,46.76811],[130.03749,46.77303],[130.09178,46.74874],[130.11437,46.76144],[130.06907,46.85692],[130.04325,46.85672],[130.0353,46.872],[130.03129,46.96444],[130.00192,47.00067],[129.95954,47.02102],[130.05355,46.99039],[130.06973,47.01076],[130.15813,46.94577],[130.21873,46.9354],[130.24469,46.95073],[130.21659,46.96791],[130.24867,46.9882],[130.24486,47.00221],[130.29418,47.01031],[130.30202,46.97837],[130.27084,46.97401],[130.2733,46.9602],[130.30203,46.95223],[130.30862,46.93239],[130.31172,46.94931],[130.34769,46.95086],[130.37442,46.97295],[130.44238,46.96623],[130.44098,46.98164],[130.53936,47.01741],[130.54619,47.03408]]]}},{"type":"Feature","id":"CTAMAP-2010-COUNTY-2729","properties":{"map_level":"county","source_name":"宝山区","source_code":"230506","county_type":"市辖区","prefecture_name":"双鸭山市","prefecture_code":"230500","prefecture_type":"地级市","parent_entity_id":"CNUR-000064","parent_year_end_name":"双鸭山市","province_name":"黑龙江省","province_code":"230000","snapshot_year":2010,"panel_year":2009,"link_status":"parent_linked","former_name":"","note":""},"geometry":{"type":"Polygon","coordinates":[[[131.79161,46.60071],[131.72027,46.58165],[131.54698,46.41343],[131.53675,46.38605],[131.4766,46.36933],[131.44239,46.38657],[131.45782,46.42066],[131.43771,46.45805],[131.44759,46.48234],[131.33507,46.47286],[131.29075,46.49612],[131.29331,46.52668],[131.31239,46.53704],[131.28072,46.55671],[131.29182,46.59523],[131.33779,46.56423],[131.37018,46.58168],[131.35556,46.59881],[131.39001,46.61875],[131.43099,46.61403],[131.50685,46.59275],[131.53187,46.56917],[131.53418,46.53361],[131.56926,46.51738],[131.60174,46.52486],[131.58167,46.56306],[131.61009,46.58377],[131.59806,46.62914],[131.71566,46.62222],[131.76304,46.63752],[131.76327,46.60278],[131.79161,46.60071]]]}},{"type":"Feature","id":"CTAMAP-2010-COUNTY-2761","properties":{"map_level":"county","source_name":"大同区","source_code":"230606","county_type":"市辖区","prefecture_name":"大庆市","prefecture_code":"230600","prefecture_type":"地级市","parent_entity_id":"CNUR-000065","parent_year_end_name":"大庆市","province_name":"黑龙江省","province_code":"230000","snapshot_year":2010,"panel_year":2009,"link_status":"parent_linked","former_name":"","note":""},"geometry":{"type":"Polygon","coordinates":[[[124.73221,46.40445],[124.72979,46.39228],[124.78949,46.35301],[124.73586,46.27527],[124.75086,46.24852],[124.71931,46.25769],[124.73202,46.24381],[124.72416,46.22813],[124.70232,46.22801],[124.69145,46.19934],[124.64394,46.16069],[124.69727,46.1512],[124.76668,46.1769],[124.75469,46.20348],[124.90019,46.23135],[124.91969,46.20756],[124.90101,46.16824],[124.9247,46.10909],[124.91587,46.08697],[124.86958,46.06679],[124.89823,46.04822],[125.05573,46.08171],[125.06715,46.06518],[125.05468,46.0468],[125.09935,46.04524],[125.07836,46.02833],[125.1019,45.98432],[125.10776,45.91654],[125.08969,45.89862],[125.04486,45.91894],[124.96538,45.88529],[124.9275,45.88804],[124.87876,45.91862],[124.85144,45.90845],[124.81175,45.87367],[124.80986,45.82067],[124.74922,45.77031],[124.67531,45.79419],[124.64349,45.84307],[124.57726,45.8139],[124.49751,45.83915],[124.48228,45.87459],[124.532,45.88992],[124.55078,45.91177],[124.3743,45.93917],[124.37489,45.96599],[124.34181,45.98145],[124.31822,46.02738],[124.41757,46.03209],[124.4514,46.07683],[124.44827,46.10293],[124.31934,46.16223],[124.23683,46.17641],[124.22263,46.19862],[124.23605,46.22513],[124.27959,46.24447],[124.30228,46.22739],[124.38575,46.22989],[124.42294,46.23855],[124.44561,46.26293],[124.53764,46.26568],[124.56327,46.31572],[124.56132,46.38094],[124.63507,46.44701],[124.73221,46.40445]]]}},{"type":"Feature","id":"CTAMAP-2010-COUNTY-2762","properties":{"map_level":"county","source_name":"桦南县","source_code":"230822","county_type":"县","prefecture_name":"佳木斯市","prefecture_code":"230800","prefecture_type":"地级市","parent_entity_id":"CNUR-000067","parent_year_end_name":"佳木斯市","province_name":"黑龙江省","province_code":"230000","snapshot_year":2010,"panel_year":2009,"link_status":"parent_linked","former_name":"","note":""},"geometry":{"type":"Polygon","coordinates":[[[130.2204,46.61894],[130.24439,46.57825],[130.28084,46.59269],[130.34556,46.5546],[130.41453,46.57325],[130.46955,46.5578],[130.48373,46.58228],[130.51026,46.58844],[130.53606,46.54656],[130.57139,46.52878],[130.63802,46.5588],[130.69189,46.54573],[130.72308,46.6029],[130.77746,46.60838],[130.81906,46.58458],[130.87374,46.5949],[130.9323,46.58133],[130.96742,46.50631],[131.0229,46.48099],[131.012,46.44643],[131.05679,46.42354],[131.05506,46.39832],[131.13983,46.39124],[131.18265,46.36215],[131.22223,46.37163],[131.26022,46.35538],[131.26591,46.33338],[131.28821,46.32896],[131.27492,46.30971],[131.33139,46.297],[131.40464,46.24768],[131.39061,46.22975],[131.41672,46.21637],[131.38342,46.13124],[131.33236,46.11643],[131.33339,46.10369],[131.35737,46.11127],[131.36354,46.08923],[131.36132,46.07233],[131.33049,46.0669],[131.34711,46.01752],[131.31373,46.01019],[131.27529,45.96614],[131.27408,46.03163],[131.24818,46.05549],[131.2159,46.04726],[131.20181,46.02316],[131.14658,46.02808],[131.13542,46.00528],[131.055,46.06549],[131.02518,46.01964],[130.94323,46.02322],[130.9224,46.01043],[130.83003,46.02298],[130.74953,45.99219],[130.69438,45.99931],[130.68276,45.99148],[130.68593,45.944],[130.64781,45.94573],[130.56839,45.98337],[130.54344,46.0186],[130.49916,46.02426],[130.495,46.04101],[130.45079,46.04608],[130.38936,46.08554],[130.24197,46.11075],[130.15093,46.18629],[130.11686,46.23868],[130.08627,46.24177],[130.0543,46.27132],[130.00715,46.3332],[129.94609,46.34324],[129.9161,46.37281],[130.02198,46.38502],[130.04617,46.35992],[130.07804,46.38968],[130.11594,46.38976],[130.16028,46.44389],[130.13879,46.49134],[130.20222,46.48015],[130.19032,46.52002],[130.21734,46.58639],[130.203,46.61886],[130.2204,46.61894]]]}},{"type":"Feature","id":"CTAMAP-2010-COUNTY-2789","properties":{"map_level":"county","source_name":"伊春区","source_code":"230702","county_type":"市辖区","prefecture_name":"伊春市","prefecture_code":"230700","prefecture_type":"地级市","parent_entity_id":"CNUR-000066","parent_year_end_name":"伊春市","province_name":"黑龙江省","province_code":"230000","snapshot_year":2010,"panel_year":2009,"link_status":"parent_linked","former_name":"","note":""},"geometry":{"type":"Polygon","coordinates":[[[128.89658,47.67078],[128.86474,47.67512],[128.83448,47.70999],[128.82754,47.75175],[128.85159,47.79626],[128.92552,47.7645],[128.95903,47.73202],[128.95421,47.70292],[128.89658,47.67078]]]}},{"type":"Feature","id":"CTAMAP-2010-COUNTY-2790","properties":{"map_level":"county","source_name":"西林区","source_code":"230705","county_type":"市辖区","prefecture_name":"伊春市","prefecture_code":"230700","prefecture_type":"地级市","parent_entity_id":"CNUR-000066","parent_year_end_name":"伊春市","province_name":"黑龙江省","province_code":"230000","snapshot_year":2010,"panel_year":2009,"link_status":"parent_linked","former_name":"","note":""},"geometry":{"type":"Polygon","coordinates":[[[129.36234,47.62223],[129.39432,47.55517],[129.38616,47.50268],[129.36591,47.48473],[129.32765,47.49465],[129.31363,47.43968],[129.20574,47.36938],[129.09247,47.37147],[129.09032,47.39307],[129.05674,47.41814],[129.05426,47.46362],[129.09275,47.49937],[129.08704,47.55339],[129.16203,47.54988],[129.2372,47.59673],[129.27928,47.57934],[129.34121,47.58169],[129.36234,47.62223]]]}},{"type":"Feature","id":"CTAMAP-2010-COUNTY-2791","properties":{"map_level":"county","source_name":"翠峦区","source_code":"230706","county_type":"市辖区","prefecture_name":"伊春市","prefecture_code":"230700","prefecture_type":"地级市","parent_entity_id":"CNUR-000066","parent_year_end_name":"伊春市","province_name":"黑龙江省","province_code":"230000","snapshot_year":2010,"panel_year":2009,"link_status":"parent_linked","former_name":"","note":""},"geometry":{"type":"Polygon","coordinates":[[[128.50547,47.99291],[128.57885,47.91862],[128.60575,47.80411],[128.65898,47.7916],[128.74583,47.72749],[128.70544,47.67767],[128.66617,47.66686],[128.62785,47.62861],[128.622,47.54747],[128.60381,47.51208],[128.61386,47.45816],[128.58258,47.43872],[128.54801,47.44513],[128.46329,47.34034],[128.4476,47.34455],[128.44274,47.39756],[128.37096,47.40092],[128.33934,47.41799],[128.34245,47.46011],[128.30494,47.47091],[128.28034,47.50918],[128.23148,47.52254],[128.22142,47.53926],[128.24952,47.56063],[128.2429,47.58091],[128.28853,47.60037],[128.26665,47.65614],[128.31619,47.71636],[128.30282,47.74108],[128.25715,47.75387],[128.25536,47.77251],[128.28712,47.83526],[128.34052,47.82383],[128.33214,47.9278],[128.39202,47.93751],[128.40553,47.97726],[128.4554,47.9653],[128.47601,47.98839],[128.50547,47.99291]]]}},{"type":"Feature","id":"CTAMAP-2010-COUNTY-2792","properties":{"map_level":"county","source_name":"五营区","source_code":"230710","county_type":"市辖区","prefecture_name":"伊春市","prefecture_code":"230700","prefecture_type":"地级市","parent_entity_id":"CNUR-000066","parent_year_end_name":"伊春市","province_name":"黑龙江省","province_code":"230000","snapshot_year":2010,"panel_year":2009,"link_status":"parent_linked","former_name":"","note":""},"geometry":{"type":"Polygon","coordinates":[[[128.96705,48.41454],[129.04336,48.3928],[129.13688,48.39789],[129.21278,48.32405],[129.25636,48.30448],[129.29946,48.24639],[129.31,48.19812],[129.35711,48.17333],[129.36293,48.10486],[129.33212,48.07553],[129.29519,47.98764],[129.25158,47.94576],[129.1886,47.9397],[129.13937,47.97044],[129.19443,48.04481],[129.19634,48.07449],[129.12556,48.10212],[129.10846,48.05543],[129.07947,48.04972],[128.88238,48.20741],[128.84639,48.25192],[128.85619,48.27101],[128.90557,48.27802],[128.89704,48.32101],[128.92746,48.32679],[128.91375,48.344],[128.92076,48.3806],[128.96705,48.41454]]]}},{"type":"Feature","id":"CTAMAP-2010-COUNTY-2793","properties":{"map_level":"county","source_name":"乌马河区","source_code":"230711","county_type":"市辖区","prefecture_name":"伊春市","prefecture_code":"230700","prefecture_type":"地级市","parent_entity_id":"CNUR-000066","parent_year_end_name":"伊春市","province_name":"黑龙江省","province_code":"230000","snapshot_year":2010,"panel_year":2009,"link_status":"parent_linked","former_name":"","note":""},"geometry":{"type":"Polygon","coordinates":[[[129.13937,47.97044],[129.20285,47.94056],[129.18917,47.8858],[129.11733,47.80388],[129.12825,47.7461],[129.11807,47.70184],[129.09264,47.69078],[129.04563,47.73175],[129.00305,47.73669],[128.85989,47.56764],[128.85551,47.51073],[128.88609,47.46246],[128.84842,47.42085],[128.88505,47.4012],[128.89094,47.37351],[128.71028,47.30694],[128.65542,47.31779],[128.61036,47.38482],[128.62561,47.43129],[128.60381,47.51208],[128.622,47.54747],[128.62555,47.6233],[128.66617,47.66686],[128.70544,47.67767],[128.74583,47.72749],[128.65898,47.7916],[128.73753,47.79347],[128.82954,47.75894],[128.84153,47.69822],[128.88708,47.66758],[128.95421,47.70292],[128.95903,47.73202],[128.85981,47.79535],[128.93457,47.84613],[128.98499,47.84927],[129.01108,47.89183],[129.10783,47.93465],[129.13937,47.97044]]]}},{"type":"Feature","id":"CTAMAP-2010-COUNTY-2794","properties":{"map_level":"county","source_name":"汤旺河区","source_code":"230712","county_type":"市辖区","prefecture_name":"伊春市","prefecture_code":"230700","prefecture_type":"地级市","parent_entity_id":"CNUR-000066","parent_year_end_name":"伊春市","province_name":"黑龙江省","province_code":"230000","snapshot_year":2010,"panel_year":2009,"link_status":"parent_linked","former_name":"","note":""},"geometry":{"type":"Polygon","coordinates":[[[129.5783,48.68116],[129.67735,48.6828],[129.70186,48.63594],[129.81883,48.60748],[129.7835,48.59257],[129.81043,48.56777],[129.81799,48.50863],[129.84806,48.51871],[129.87231,48.50204],[129.86199,48.42126],[129.76956,48.43645],[129.72182,48.40916],[129.66585,48.44164],[129.41185,48.39825],[129.36806,48.41439],[129.27169,48.40345],[129.24026,48.4598],[129.20171,48.47134],[129.18399,48.49371],[129.13688,48.49561],[129.03741,48.46391],[128.98111,48.48861],[129.02545,48.56817],[129.09956,48.61211],[129.19162,48.62067],[129.4089,48.54976],[129.47547,48.54773],[129.51991,48.59738],[129.56936,48.61581],[129.5783,48.68116]]]}},{"type":"Feature","id":"CTAMAP-2010-COUNTY-2795","properties":{"map_level":"county","source_name":"带岭区","source_code":"230713","county_type":"市辖区","prefecture_name":"伊春市","prefecture_code":"230700","prefecture_type":"地级市","parent_entity_id":"CNUR-000066","parent_year_end_name":"伊春市","province_name":"黑龙江省","province_code":"230000","snapshot_year":2010,"panel_year":2009,"link_status":"parent_linked","former_name":"","note":""},"geometry":{"type":"Polygon","coordinates":[[[129.03048,47.11601],[129.02597,47.0856],[129.14637,47.06391],[129.17901,46.97152],[129.23849,46.91196],[129.20718,46.84889],[129.17248,46.84386],[129.13358,46.86849],[129.11423,46.85125],[129.06303,46.85265],[129.05875,46.87208],[129.02087,46.88184],[128.98961,46.96034],[128.95354,46.98577],[128.98626,47.01174],[128.97465,47.03305],[128.91444,47.07293],[128.82724,47.10156],[128.77631,47.09503],[128.76454,47.0785],[128.69991,47.10689],[128.67992,47.08708],[128.6331,47.13344],[128.63101,47.16452],[128.65982,47.19983],[128.64907,47.22403],[128.6773,47.25345],[128.66746,47.27169],[128.67882,47.29535],[128.89094,47.37351],[128.8934,47.3232],[128.96309,47.23507],[128.95217,47.20721],[128.97658,47.16864],[128.97375,47.13641],[129.03048,47.11601]]]}},{"type":"Feature","id":"CTAMAP-2010-COUNTY-2796","properties":{"map_level":"county","source_name":"乌伊岭区","source_code":"230714","county_type":"市辖区","prefecture_name":"伊春市","prefecture_code":"230700","prefecture_type":"地级市","parent_entity_id":"CNUR-000066","parent_year_end_name":"伊春市","province_name":"黑龙江省","province_code":"230000","snapshot_year":2010,"panel_year":2009,"link_status":"parent_linked","former_name":"","note":""},"geometry":{"type":"Polygon","coordinates":[[[129.58715,48.95831],[129.66048,48.91159],[129.69365,48.91806],[129.65936,48.86001],[129.60082,48.83251],[129.61997,48.78621],[129.67115,48.74713],[129.65356,48.70285],[129.67735,48.6828],[129.5815,48.68365],[129.56936,48.61581],[129.51991,48.59738],[129.47547,48.54773],[129.4089,48.54976],[129.19162,48.62067],[129.1844,48.64806],[129.22395,48.67668],[129.15698,48.73613],[129.1773,48.75125],[129.16561,48.76087],[129.24298,48.74487],[129.27356,48.79162],[129.29654,48.79777],[129.30884,48.78461],[129.32279,48.80195],[129.38368,48.81338],[129.42869,48.80174],[129.45814,48.83722],[129.51836,48.86756],[129.50211,48.87926],[129.51412,48.89076],[129.48947,48.89678],[129.51952,48.90795],[129.50324,48.92734],[129.56496,48.93815],[129.58715,48.95831]]]}},{"type":"Feature","id":"CTAMAP-2010-COUNTY-2797","properties":{"map_level":"county","source_name":"红星区","source_code":"230715","county_type":"市辖区","prefecture_name":"伊春市","prefecture_code":"230700","prefecture_type":"地级市","parent_entity_id":"CNUR-000066","parent_year_end_name":"伊春市","province_name":"黑龙江省","province_code":"230000","snapshot_year":2010,"panel_year":2009,"link_status":"parent_linked","former_name":"","note":""},"geometry":{"type":"Polygon","coordinates":[[[129.16035,48.49677],[129.24573,48.45411],[129.26105,48.40524],[129.33511,48.41408],[129.37209,48.33327],[129.53973,48.23967],[129.55145,48.09416],[129.58682,48.06097],[129.5709,48.01471],[129.49884,48.03284],[129.44382,48.02157],[129.31572,48.02872],[129.33212,48.07553],[129.36293,48.10486],[129.36886,48.14539],[129.35711,48.17333],[129.31,48.19812],[129.29946,48.24639],[129.25636,48.30448],[129.21278,48.32405],[129.13688,48.39789],[129.04336,48.3928],[128.94705,48.42025],[128.98102,48.45064],[128.98799,48.48115],[129.04805,48.4646],[129.16035,48.49677]]]}},{"type":"Feature","id":"CTAMAP-2010-COUNTY-2798","properties":{"map_level":"county","source_name":"上甘岭区","source_code":"230716","county_type":"市辖区","prefecture_name":"伊春市","prefecture_code":"230700","prefecture_type":"地级市","parent_entity_id":"CNUR-000066","parent_year_end_name":"伊春市","province_name":"黑龙江省","province_code":"230000","snapshot_year":2010,"panel_year":2009,"link_status":"parent_linked","former_name":"","note":""},"geometry":{"type":"Polygon","coordinates":[[[129.07947,48.04972],[129.10846,48.05543],[129.12556,48.10212],[129.19904,48.06809],[129.12407,47.94952],[129.06019,47.90934],[129.01263,47.89275],[128.90035,47.91681],[128.87586,47.96076],[128.89265,48.01476],[128.83037,48.05131],[128.84568,48.17878],[128.83287,48.21322],[128.85083,48.24626],[129.07947,48.04972]]]}},{"type":"Feature","id":"CTAMAP-2010-COUNTY-2799","properties":{"map_level":"county","source_name":"铁力市","source_code":"230781","county_type":"县级市","prefecture_name":"伊春市","prefecture_code":"230700","prefecture_type":"地级市","parent_entity_id":"CNUR-000066","parent_year_end_name":"伊春市","province_name":"黑龙江省","province_code":"230000","snapshot_year":2010,"panel_year":2009,"link_status":"parent_linked","former_name":"","note":""},"geometry":{"type":"Polygon","coordinates":[[[128.61944,47.43886],[128.61026,47.38583],[128.6341,47.35874],[128.62806,47.34796],[128.69603,47.30011],[128.67482,47.28883],[128.6773,47.25345],[128.64907,47.22403],[128.65982,47.19983],[128.63101,47.16452],[128.63293,47.13376],[128.66318,47.09417],[128.68275,47.08726],[128.69991,47.10689],[128.76589,47.0785],[128.77631,47.09503],[128.82724,47.10156],[128.91444,47.07293],[128.97481,47.0328],[128.98626,47.01174],[128.95343,46.98601],[128.98961,46.96034],[128.99029,46.93404],[129.03035,46.87489],[129.05794,46.87262],[129.06248,46.85308],[129.0832,46.84601],[129.13358,46.86849],[129.1731,46.84376],[129.23744,46.85591],[129.31798,46.79715],[129.32105,46.76169],[129.40203,46.73368],[129.32783,46.64269],[129.27423,46.64008],[129.19861,46.58367],[129.19682,46.53667],[129.14969,46.54328],[129.12006,46.52812],[129.07698,46.55482],[129.00975,46.48471],[128.90398,46.52537],[128.84206,46.50805],[128.83233,46.48558],[128.77968,46.49915],[128.69904,46.48135],[128.7017,46.53639],[128.67283,46.57358],[128.56337,46.57737],[128.45978,46.62349],[128.38977,46.60121],[128.3944,46.57906],[128.37494,46.56278],[128.24307,46.58036],[128.20652,46.57139],[128.09866,46.60142],[128.04775,46.63595],[128.02169,46.68913],[127.95662,46.73069],[127.82454,46.86623],[127.74103,46.92334],[127.67726,46.94094],[127.68006,46.96488],[127.62208,46.99163],[127.74984,47.01448],[127.81012,47.06149],[127.86621,47.07964],[127.91273,47.06457],[127.95811,47.09178],[128.00529,47.07257],[128.03324,47.08283],[128.09785,47.07024],[128.18101,47.10418],[128.23822,47.10517],[128.26309,47.14265],[128.30198,47.16103],[128.34995,47.15902],[128.34778,47.18228],[128.47799,47.24111],[128.49733,47.28234],[128.48397,47.29927],[128.48981,47.32427],[128.53928,47.37626],[128.54796,47.40723],[128.53116,47.42582],[128.54834,47.44536],[128.58258,47.43872],[128.60576,47.45811],[128.61944,47.43886]]]}},{"type":"Feature","id":"CTAMAP-2010-COUNTY-2800","properties":{"map_level":"county","source_name":"南岔区","source_code":"230703","county_type":"市辖区","prefecture_name":"伊春市","prefecture_code":"230700","prefecture_type":"地级市","parent_entity_id":"CNUR-000066","parent_year_end_name":"伊春市","province_name":"黑龙江省","province_code":"230000","snapshot_year":2010,"panel_year":2009,"link_status":"parent_linked","former_name":"","note":""},"geometry":{"type":"Polygon","coordinates":[[[129.59922,47.28069],[129.71036,47.30171],[129.73386,47.27811],[129.84337,47.31624],[129.89236,47.30269],[129.85408,47.2591],[129.78804,47.26171],[129.77452,47.17843],[129.74159,47.1708],[129.74989,47.14263],[129.72322,47.12181],[129.68334,47.11813],[129.71052,47.07711],[129.70047,47.06046],[129.63784,47.03511],[129.55833,47.03043],[129.58555,47.00057],[129.5827,46.97562],[129.52735,46.97899],[129.53184,46.95038],[129.5648,46.93513],[129.54841,46.92278],[129.55104,46.89759],[129.58549,46.87988],[129.62324,46.81277],[129.69892,46.80016],[129.68926,46.76115],[129.70021,46.73666],[129.66518,46.71526],[129.58194,46.71193],[129.5649,46.68331],[129.51817,46.66244],[129.50241,46.62077],[129.43186,46.60187],[129.39855,46.64089],[129.3358,46.65592],[129.35732,46.6931],[129.39396,46.70894],[129.40171,46.73403],[129.32105,46.76169],[129.31798,46.79715],[129.25155,46.84981],[129.20718,46.84889],[129.23849,46.91196],[129.17901,46.97152],[129.14637,47.06391],[129.02597,47.0856],[129.03084,47.12206],[128.97375,47.13641],[128.97658,47.16864],[128.95217,47.20721],[128.96309,47.23507],[128.8934,47.3232],[128.89094,47.37351],[129.13108,47.36371],[129.18967,47.376],[129.30463,47.3175],[129.41721,47.37096],[129.44,47.34475],[129.42339,47.30977],[129.43667,47.28599],[129.49819,47.25954],[129.48087,47.22492],[129.48963,47.21647],[129.55636,47.23116],[129.57654,47.28885],[129.59922,47.28069]]]}},{"type":"Feature","id":"CTAMAP-2010-COUNTY-2801","properties":{"map_level":"county","source_name":"友好区","source_code":"230719","county_type":"市辖区","prefecture_name":"伊春市","prefecture_code":"230700","prefecture_type":"地级市","parent_entity_id":"CNUR-000066","parent_year_end_name":"伊春市","province_name":"黑龙江省","province_code":"230000","snapshot_year":2010,"panel_year":2009,"link_status":"parent_linked","former_name":"","note":""},"geometry":{"type":"Polygon","coordinates":[[[128.68558,48.40738],[128.74273,48.40269],[128.78003,48.29177],[128.80862,48.25603],[128.85083,48.24626],[128.83287,48.21322],[128.84568,48.17878],[128.83037,48.05131],[128.89265,48.01476],[128.87586,47.96076],[128.90035,47.91681],[129.01263,47.89275],[128.98992,47.85358],[128.91237,47.83511],[128.84316,47.78956],[128.82954,47.75894],[128.73753,47.79347],[128.6116,47.79953],[128.57885,47.91862],[128.51153,47.99172],[128.47601,47.98839],[128.4554,47.9653],[128.40139,47.9747],[128.39202,47.93751],[128.33214,47.9278],[128.33393,47.87792],[128.2797,47.92633],[128.24488,47.92261],[128.20917,47.94751],[128.15749,47.94402],[128.14853,48.03295],[128.17103,48.05259],[128.12495,48.07585],[128.16379,48.09318],[128.16705,48.11677],[128.26979,48.15528],[128.3286,48.14622],[128.34901,48.16908],[128.33518,48.18111],[128.33762,48.21935],[128.38979,48.26815],[128.38318,48.2866],[128.44733,48.35956],[128.68558,48.40738]]]}},{"type":"Feature","id":"CTAMAP-2010-COUNTY-2802","properties":{"map_level":"county","source_name":"新青区","source_code":"230707","county_type":"市辖区","prefecture_name":"伊春市","prefecture_code":"230700","prefecture_type":"地级市","parent_entity_id":"CNUR-000066","parent_year_end_name":"伊春市","province_name":"黑龙江省","province_code":"230000","snapshot_year":2010,"panel_year":2009,"link_status":"parent_linked","former_name":"","note":""},"geometry":{"type":"Polygon","coordinates":[[[129.66585,48.44164],[129.73082,48.40966],[129.78214,48.43653],[129.89686,48.40253],[129.87204,48.36425],[129.8855,48.33544],[129.85555,48.30731],[129.85567,48.28096],[129.83377,48.25797],[129.77475,48.24233],[129.80201,48.21696],[129.80262,48.17285],[129.77779,48.13621],[129.72626,48.1061],[129.74093,48.08937],[129.72913,48.0249],[129.77295,47.99677],[129.73016,47.97233],[129.645,47.99841],[129.55454,48.0852],[129.53973,48.23967],[129.37209,48.33327],[129.33511,48.41408],[129.41185,48.39825],[129.66585,48.44164]]]}},{"type":"Feature","id":"CTAMAP-2010-COUNTY-2803","properties":{"map_level":"county","source_name":"美溪区","source_code":"230708","county_type":"市辖区","prefecture_name":"伊春市","prefecture_code":"230700","prefecture_type":"地级市","parent_entity_id":"CNUR-000066","parent_year_end_name":"伊春市","province_name":"黑龙江省","province_code":"230000","snapshot_year":2010,"panel_year":2009,"link_status":"parent_linked","former_name":"","note":""},"geometry":{"type":"Polygon","coordinates":[[[129.58682,48.06097],[129.69814,47.97649],[129.6648,47.97518],[129.67588,47.92913],[129.70399,47.92219],[129.69157,47.88939],[129.70496,47.86895],[129.74246,47.87297],[129.72961,47.85704],[129.74653,47.81767],[129.76766,47.81025],[129.76516,47.7801],[129.83865,47.74954],[129.74557,47.74714],[129.71719,47.67292],[129.66962,47.67502],[129.6249,47.7017],[129.56162,47.68297],[129.51611,47.69612],[129.40888,47.6867],[129.36908,47.6621],[129.34121,47.58169],[129.27928,47.57934],[129.2372,47.59673],[129.16203,47.54988],[129.08704,47.55339],[129.09275,47.49937],[129.05045,47.45215],[129.05674,47.41814],[129.09032,47.39307],[129.09247,47.37147],[128.89094,47.37351],[128.88505,47.4012],[128.85096,47.41605],[128.88609,47.46246],[128.85551,47.51073],[128.8681,47.58057],[128.9282,47.63284],[129.00305,47.73669],[129.04563,47.73175],[129.07976,47.69758],[129.10863,47.69161],[129.12805,47.73169],[129.11733,47.80388],[129.18917,47.8858],[129.20285,47.94056],[129.25516,47.94778],[129.31572,48.02872],[129.44382,48.02157],[129.49884,48.03284],[129.5709,48.01471],[129.58682,48.06097]]]}},{"type":"Feature","id":"CTAMAP-2010-COUNTY-2804","properties":{"map_level":"county","source_name":"金山屯区","source_code":"230709","county_type":"市辖区","prefecture_name":"伊春市","prefecture_code":"230700","prefecture_type":"地级市","parent_entity_id":"CNUR-000066","parent_year_end_name":"伊春市","province_name":"黑龙江省","province_code":"230000","snapshot_year":2010,"panel_year":2009,"link_status":"parent_linked","former_name":"","note":""},"geometry":{"type":"Polygon","coordinates":[[[129.83779,47.74972],[129.90132,47.72363],[129.89085,47.67654],[129.92199,47.65201],[129.88697,47.58979],[129.89547,47.56831],[129.91386,47.56946],[129.93483,47.56231],[129.8683,47.54004],[129.86526,47.4921],[129.89621,47.48062],[129.87687,47.46849],[129.8957,47.43713],[129.83478,47.42694],[129.82895,47.41239],[129.8411,47.3921],[129.91142,47.35939],[129.8917,47.35066],[129.89956,47.33261],[129.85041,47.33007],[129.84815,47.3155],[129.73386,47.27811],[129.71036,47.30171],[129.6089,47.27346],[129.57654,47.28885],[129.55636,47.23116],[129.48963,47.21647],[129.48087,47.22492],[129.49819,47.25954],[129.43667,47.28599],[129.42339,47.30977],[129.44,47.34475],[129.41721,47.37096],[129.30463,47.3175],[129.20574,47.36938],[129.31363,47.43968],[129.32765,47.49465],[129.36591,47.48473],[129.38724,47.50421],[129.39432,47.55517],[129.36234,47.62223],[129.36908,47.6621],[129.39046,47.68027],[129.51611,47.69612],[129.56825,47.68348],[129.6249,47.7017],[129.66962,47.67502],[129.71719,47.67292],[129.74557,47.74714],[129.83779,47.74972]]]}}]}