{"type":"FeatureCollection","features":[{"type":"Feature","id":"CTAMAP-2008-COUNTY-0024","properties":{"map_level":"county","source_name":"安吉县","source_code":"330523","county_type":"县","prefecture_name":"湖州市","prefecture_code":"330500","prefecture_type":"地级市","parent_entity_id":"CNUR-000091","parent_year_end_name":"湖州市","province_name":"浙江省","province_code":"330000","snapshot_year":2008,"panel_year":2007,"link_status":"parent_linked","former_name":"","note":""},"geometry":{"type":"Polygon","coordinates":[[[119.88456,30.72615],[119.85981,30.69244],[119.83807,30.69494],[119.83295,30.65208],[119.80029,30.64503],[119.78789,30.60719],[119.80345,30.59287],[119.78701,30.57649],[119.80688,30.55519],[119.68771,30.55972],[119.70452,30.52059],[119.69039,30.45601],[119.70158,30.43197],[119.64196,30.3964],[119.62852,30.3977],[119.62705,30.42716],[119.64457,30.44546],[119.59675,30.4228],[119.56026,30.44825],[119.51021,30.40283],[119.44812,30.41525],[119.40816,30.37546],[119.36253,30.38794],[119.35674,30.4201],[119.32959,30.4491],[119.32551,30.53577],[119.26772,30.51171],[119.23247,30.5488],[119.26263,30.57655],[119.23416,30.60853],[119.24308,30.62236],[119.30767,30.62322],[119.33323,30.66607],[119.38464,30.6913],[119.40567,30.64571],[119.43729,30.65158],[119.48033,30.70356],[119.47515,30.77378],[119.52197,30.77839],[119.55051,30.8282],[119.57371,30.83136],[119.57013,30.85736],[119.65794,30.87461],[119.67371,30.84846],[119.73491,30.86651],[119.76475,30.84532],[119.80666,30.86765],[119.82527,30.84191],[119.79281,30.83804],[119.79093,30.80683],[119.88456,30.72615]]]}},{"type":"Feature","id":"CTAMAP-2008-COUNTY-0101","properties":{"map_level":"county","source_name":"北仑区","source_code":"330206","county_type":"市辖区","prefecture_name":"宁波市","prefecture_code":"330200","prefecture_type":"地级市","parent_entity_id":"CNUR-000088","parent_year_end_name":"宁波市","province_name":"浙江省","province_code":"330000","snapshot_year":2008,"panel_year":2007,"link_status":"parent_linked","former_name":"","note":""},"geometry":{"type":"MultiPolygon","coordinates":[[[[121.89155,29.73134],[121.8193,29.7767],[121.72948,29.87676],[121.6796,29.85311],[121.64841,29.91157],[121.75505,29.97597],[121.81276,29.94551],[121.91188,29.92318],[121.92923,29.8911],[122.00766,29.89191],[122.00965,29.8788],[122.01274,29.87691],[122.02146,29.88393],[122.02491,29.89382],[122.13343,29.90181],[122.13714,29.88018],[122.00293,29.82244],[122.02386,29.82376],[122.03089,29.80918],[121.99623,29.76684],[121.90842,29.75341],[121.89155,29.73134]]],[[[121.99773,29.92028],[121.94362,29.89377],[121.9223,29.93077],[121.96666,29.95172],[121.99773,29.92028]]],[[[122.01598,29.91473],[122.0055,29.90608],[122.00207,29.91518],[122.01598,29.91473]]],[[[122.00961,29.89283],[122.01973,29.88407],[122.01176,29.87836],[122.00961,29.89283]]],[[[121.99562,29.90013],[121.99218,29.8926],[121.98751,29.89576],[121.99562,29.90013]]],[[[122.00271,29.90117],[122.01015,29.89584],[122.00356,29.89613],[122.00271,29.90117]]]]}},{"type":"Feature","id":"CTAMAP-2008-COUNTY-0118","properties":{"map_level":"county","source_name":"滨江区","source_code":"330108","county_type":"市辖区","prefecture_name":"杭州市","prefecture_code":"330100","prefecture_type":"地级市","parent_entity_id":"CNUR-000087","parent_year_end_name":"杭州市","province_name":"浙江省","province_code":"330000","snapshot_year":2008,"panel_year":2007,"link_status":"parent_linked","former_name":"","note":""},"geometry":{"type":"Polygon","coordinates":[[[120.14142,30.13951],[120.12123,30.15965],[120.12179,30.18758],[120.21603,30.23899],[120.23014,30.2316],[120.21506,30.14232],[120.17058,30.15629],[120.14142,30.13951]]]}},{"type":"Feature","id":"CTAMAP-2008-COUNTY-0134","properties":{"map_level":"county","source_name":"苍南县","source_code":"330327","county_type":"县","prefecture_name":"温州市","prefecture_code":"330300","prefecture_type":"地级市","parent_entity_id":"CNUR-000089","parent_year_end_name":"温州市","province_name":"浙江省","province_code":"330000","snapshot_year":2008,"panel_year":2007,"link_status":"parent_linked","former_name":"","note":""},"geometry":{"type":"MultiPolygon","coordinates":[[[[120.51362,27.59012],[120.59196,27.59107],[120.63823,27.55694],[120.65962,27.51205],[120.6726,27.51171],[120.64223,27.50802],[120.63069,27.49532],[120.66254,27.50141],[120.68819,27.47635],[120.66259,27.44548],[120.64835,27.44776],[120.63633,27.40875],[120.65073,27.39321],[120.6451,27.3645],[120.61561,27.36787],[120.61251,27.39239],[120.59428,27.38101],[120.54184,27.40045],[120.55599,27.37099],[120.53213,27.35837],[120.53582,27.33812],[120.50937,27.33999],[120.5539,27.32144],[120.53978,27.30039],[120.56341,27.29534],[120.5184,27.27933],[120.53214,27.22559],[120.51674,27.22689],[120.51926,27.19598],[120.49648,27.19158],[120.47974,27.16646],[120.46266,27.17652],[120.45765,27.22093],[120.43078,27.21367],[120.43226,27.16774],[120.40268,27.20474],[120.41015,27.23467],[120.39115,27.24769],[120.42652,27.26016],[120.34546,27.34727],[120.3415,27.39922],[120.3133,27.41227],[120.2688,27.39088],[120.2527,27.41225],[120.25975,27.4311],[120.23342,27.45875],[120.16552,27.47616],[120.15591,27.50228],[120.12608,27.51002],[120.13145,27.51999],[120.06198,27.54954],[120.0643,27.56714],[120.09383,27.57129],[120.10119,27.55206],[120.14161,27.54881],[120.168,27.52716],[120.18037,27.53896],[120.19982,27.52671],[120.25831,27.53938],[120.27802,27.52672],[120.37935,27.57343],[120.41009,27.57316],[120.4402,27.5442],[120.45853,27.55669],[120.48003,27.54381],[120.49214,27.56238],[120.47448,27.58148],[120.50242,27.56623],[120.51362,27.59012]]],[[[120.53509,27.17372],[120.52999,27.15932],[120.52306,27.14928],[120.5128,27.16331],[120.52278,27.18358],[120.53509,27.17372]]],[[[120.47219,27.16268],[120.48408,27.14342],[120.46548,27.16436],[120.47219,27.16268]]],[[[120.59887,27.34914],[120.58693,27.33637],[120.58216,27.33777],[120.58036,27.34655],[120.59887,27.34914]]],[[[120.56268,27.24488],[120.54946,27.24751],[120.56259,27.24575],[120.56268,27.24488]]]]}},{"type":"Feature","id":"CTAMAP-2008-COUNTY-0167","properties":{"map_level":"county","source_name":"常山县","source_code":"330822","county_type":"县","prefecture_name":"衢州市","prefecture_code":"330800","prefecture_type":"地级市","parent_entity_id":"CNUR-000094","parent_year_end_name":"衢州市","province_name":"浙江省","province_code":"330000","snapshot_year":2008,"panel_year":2007,"link_status":"parent_linked","former_name":"","note":""},"geometry":{"type":"Polygon","coordinates":[[[118.74952,29.21618],[118.75371,29.17224],[118.70411,29.09968],[118.68268,29.01356],[118.69008,28.97727],[118.72106,28.95175],[118.7081,28.93724],[118.72066,28.93753],[118.67503,28.87495],[118.63204,28.86246],[118.61221,28.87215],[118.6001,28.84228],[118.56292,28.84977],[118.52212,28.82587],[118.49345,28.83457],[118.46696,28.76962],[118.45631,28.78694],[118.41233,28.79861],[118.37576,28.77571],[118.36318,28.81408],[118.29174,28.8361],[118.3,28.84362],[118.25682,28.93483],[118.34914,28.93494],[118.37087,28.97823],[118.42534,28.97748],[118.44812,29.03386],[118.47868,29.03786],[118.56933,29.11476],[118.61546,29.19244],[118.67724,29.20566],[118.70662,29.18858],[118.74952,29.21618]]]}},{"type":"Feature","id":"CTAMAP-2008-COUNTY-0214","properties":{"map_level":"county","source_name":"淳安县","source_code":"330127","county_type":"县","prefecture_name":"杭州市","prefecture_code":"330100","prefecture_type":"地级市","parent_entity_id":"CNUR-000087","parent_year_end_name":"杭州市","province_name":"浙江省","province_code":"330000","snapshot_year":2008,"panel_year":2007,"link_status":"parent_linked","former_name":"","note":""},"geometry":{"type":"Polygon","coordinates":[[[119.20445,29.961],[119.17577,29.94556],[119.21638,29.93909],[119.22493,29.90799],[119.19762,29.8981],[119.17513,29.85868],[119.18988,29.83982],[119.24133,29.82524],[119.26913,29.83473],[119.26569,29.79668],[119.28956,29.77834],[119.28286,29.73036],[119.34374,29.71851],[119.30004,29.6541],[119.25035,29.63088],[119.23207,29.58464],[119.24161,29.57028],[119.28049,29.57061],[119.22375,29.52023],[119.20871,29.53579],[119.19584,29.52902],[119.20026,29.50818],[119.17348,29.45662],[119.10744,29.44861],[119.09391,29.42109],[119.06049,29.41477],[119.02605,29.37973],[118.86675,29.32759],[118.82137,29.28333],[118.76226,29.2545],[118.7604,29.22263],[118.70662,29.18858],[118.67724,29.20566],[118.6233,29.19606],[118.62702,29.22173],[118.60396,29.24032],[118.60103,29.27117],[118.60821,29.28353],[118.632,29.26619],[118.59376,29.33187],[118.53736,29.33959],[118.51415,29.36952],[118.45806,29.36136],[118.40943,29.39591],[118.40934,29.42215],[118.33983,29.46449],[118.37824,29.51265],[118.42487,29.50379],[118.43574,29.51795],[118.45427,29.5089],[118.4897,29.52125],[118.49446,29.57875],[118.53123,29.59367],[118.5688,29.64024],[118.61573,29.65695],[118.64254,29.64644],[118.68805,29.70341],[118.71484,29.71122],[118.74361,29.7521],[118.73127,29.79457],[118.73287,29.81529],[118.75679,29.82243],[118.74856,29.84547],[118.77932,29.84604],[118.83827,29.89543],[118.84688,29.94369],[118.8876,29.93804],[118.89353,30.01818],[118.93541,30.0129],[118.97725,30.03703],[118.98338,30.01841],[119.02407,30.03677],[119.01995,30.01604],[119.04404,29.99837],[119.09294,30.01947],[119.11374,30.01031],[119.11642,29.98173],[119.20445,29.961]]]}},{"type":"Feature","id":"CTAMAP-2008-COUNTY-0217","properties":{"map_level":"county","source_name":"慈溪市","source_code":"330282","county_type":"县级市","prefecture_name":"宁波市","prefecture_code":"330200","prefecture_type":"地级市","parent_entity_id":"CNUR-000088","parent_year_end_name":"宁波市","province_name":"浙江省","province_code":"330000","snapshot_year":2008,"panel_year":2007,"link_status":"parent_linked","former_name":"","note":""},"geometry":{"type":"Polygon","coordinates":[[[121.23547,30.45288],[121.22733,30.36716],[121.26575,30.36925],[121.27096,30.4044],[121.37388,30.3583],[121.36225,30.34211],[121.46437,30.27498],[121.59844,30.09897],[121.61238,30.10525],[121.62784,30.08344],[121.6062,30.0483],[121.57252,30.04104],[121.51825,30.06341],[121.48683,30.0456],[121.46893,30.05983],[121.4173,30.04424],[121.38702,30.07541],[121.35999,30.06427],[121.33472,30.07632],[121.20589,30.06938],[121.1698,30.11885],[121.22576,30.15311],[121.21567,30.17551],[121.11748,30.16215],[121.1039,30.17202],[121.09008,30.19784],[121.09464,30.24313],[121.05258,30.24183],[121.09355,30.27528],[121.03566,30.35518],[121.08243,30.39936],[121.23547,30.45288]]]}},{"type":"Feature","id":"CTAMAP-2008-COUNTY-0264","properties":{"map_level":"county","source_name":"岱山县","source_code":"330921","county_type":"县","prefecture_name":"舟山市","prefecture_code":"330900","prefecture_type":"地级市","parent_entity_id":"CNUR-000095","parent_year_end_name":"舟山市","province_name":"浙江省","province_code":"330000","snapshot_year":2008,"panel_year":2007,"link_status":"parent_linked","former_name":"","note":""},"geometry":{"type":"MultiPolygon","coordinates":[[[[122.19045,30.32808],[122.21827,30.33448],[122.22178,30.31227],[122.24101,30.30805],[122.21735,30.29267],[122.23322,30.27674],[122.2215,30.23422],[122.21349,30.23985],[122.19984,30.23861],[122.18873,30.24731],[122.13782,30.25422],[122.04849,30.30312],[122.14871,30.31913],[122.17467,30.34394],[122.19045,30.32808]]],[[[122.38004,30.47223],[122.36729,30.46095],[122.4157,30.45019],[122.41395,30.42963],[122.43468,30.41444],[122.36366,30.41932],[122.35076,30.43603],[122.34216,30.41647],[122.28019,30.42446],[122.27703,30.47534],[122.34903,30.45876],[122.38004,30.47223]]],[[[122.40271,30.27419],[122.4163,30.24852],[122.39418,30.22768],[122.38237,30.24587],[122.37937,30.23357],[122.27251,30.23855],[122.31508,30.25109],[122.33135,30.27116],[122.40271,30.27419]]],[[[122.14191,30.17852],[122.20372,30.19264],[122.20752,30.18445],[122.15917,30.1406],[122.14191,30.17852]]],[[[121.99527,30.30964],[121.98412,30.29303],[121.95318,30.29092],[121.92259,30.31349],[121.93897,30.3353],[121.97865,30.34404],[121.99527,30.30964]]],[[[122.29586,30.27217],[122.31103,30.25287],[122.25275,30.23834],[122.25978,30.271],[122.29586,30.27217]]],[[[122.46448,30.44192],[122.48253,30.41971],[122.47072,30.40591],[122.44639,30.42645],[122.46448,30.44192]]],[[[122.339,30.5293],[122.33623,30.50838],[122.31382,30.51958],[122.339,30.5293]]],[[[122.49856,30.21843],[122.48172,30.22123],[122.46938,30.22817],[122.48996,30.23185],[122.49856,30.21843]]],[[[122.1994,30.22216],[122.18654,30.2152],[122.17553,30.22953],[122.18745,30.23221],[122.1994,30.22216]]],[[[122.13612,30.21702],[122.12305,30.21868],[122.14537,30.22007],[122.13612,30.21702]]],[[[122.27325,30.52681],[122.25485,30.51431],[122.25415,30.52018],[122.27325,30.52681]]],[[[122.23967,30.22057],[122.22447,30.22333],[122.22197,30.2303],[122.23291,30.23446],[122.23967,30.22057]]],[[[122.36979,30.58989],[122.3561,30.59344],[122.35153,30.59907],[122.35589,30.60135],[122.36979,30.58989]]],[[[122.29923,30.5013],[122.3203,30.4973],[122.32166,30.49622],[122.3101,30.4943],[122.29923,30.5013]]],[[[122.33192,30.59966],[122.33316,30.59474],[122.32272,30.59279],[122.33192,30.59966]]],[[[122.51407,30.23384],[122.52011,30.22415],[122.5123,30.23297],[122.51407,30.23384]]],[[[122.37168,30.2844],[122.35932,30.27776],[122.35508,30.27944],[122.37168,30.2844]]],[[[122.32861,30.23136],[122.3246,30.22408],[122.31945,30.22728],[122.32861,30.23136]]],[[[122.58704,30.19808],[122.58263,30.20416],[122.58899,30.20758],[122.58704,30.19808]]],[[[122.20539,30.2378],[122.2132,30.23407],[122.2049,30.23214],[122.20539,30.2378]]]]}},{"type":"Feature","id":"CTAMAP-2008-COUNTY-0297","properties":{"map_level":"county","source_name":"德清县","source_code":"330521","county_type":"县","prefecture_name":"湖州市","prefecture_code":"330500","prefecture_type":"地级市","parent_entity_id":"CNUR-000091","parent_year_end_name":"湖州市","province_name":"浙江省","province_code":"330000","snapshot_year":2008,"panel_year":2007,"link_status":"parent_linked","former_name":"","note":""},"geometry":{"type":"Polygon","coordinates":[[[119.83849,30.69548],[119.91769,30.64608],[119.88342,30.61597],[119.91036,30.61552],[119.9365,30.6373],[119.99386,30.61363],[120.00921,30.63472],[120.07455,30.65691],[120.10111,30.64074],[120.15913,30.65277],[120.1776,30.68147],[120.21645,30.67624],[120.20803,30.64294],[120.26457,30.62863],[120.25467,30.65292],[120.27631,30.6472],[120.29931,30.67653],[120.29954,30.64983],[120.33913,30.64566],[120.33099,30.61841],[120.29896,30.61229],[120.2945,30.59866],[120.31475,30.58051],[120.29148,30.56785],[120.29524,30.52198],[120.27429,30.50678],[120.19562,30.51758],[120.17797,30.48243],[120.14587,30.46939],[120.14168,30.48517],[120.11017,30.47671],[120.09563,30.4977],[120.06364,30.49993],[120.05992,30.43244],[120.03127,30.42812],[119.98273,30.44832],[119.95956,30.43211],[119.94486,30.4534],[119.87,30.46274],[119.84616,30.50133],[119.75648,30.51925],[119.76728,30.55222],[119.80766,30.5566],[119.78701,30.57649],[119.80345,30.59287],[119.78789,30.60719],[119.80103,30.64638],[119.83342,30.65259],[119.83849,30.69548]]]}},{"type":"Feature","id":"CTAMAP-2008-COUNTY-0316","properties":{"map_level":"county","source_name":"定海区","source_code":"330902","county_type":"市辖区","prefecture_name":"舟山市","prefecture_code":"330900","prefecture_type":"地级市","parent_entity_id":"CNUR-000095","parent_year_end_name":"舟山市","province_name":"浙江省","province_code":"330000","snapshot_year":2008,"panel_year":2007,"link_status":"parent_linked","former_name":"","note":""},"geometry":{"type":"MultiPolygon","coordinates":[[[[122.26187,30.10127],[122.25538,30.06484],[122.23452,30.04848],[122.25679,30.03038],[122.22917,29.96925],[122.16368,29.99446],[122.12002,29.98993],[122.09811,30.00954],[122.02604,29.99393],[121.97652,30.0573],[121.98898,30.07577],[121.98419,30.10403],[121.93453,30.16747],[121.94879,30.18487],[122.02841,30.14856],[122.10016,30.15786],[122.15029,30.11232],[122.26187,30.10127]]],[[[121.84693,30.10215],[121.9191,30.05147],[121.9284,30.00857],[121.86827,29.96974],[121.8354,29.9942],[121.8467,30.00954],[121.83756,30.04901],[121.85218,30.07101],[121.84693,30.10215]]],[[[121.95799,30.10388],[121.94055,30.06859],[121.90709,30.09627],[121.93847,30.11598],[121.95799,30.10388]]],[[[122.05495,30.19397],[122.0567,30.18149],[122.02114,30.16463],[122.01366,30.18757],[122.05495,30.19397]]],[[[122.16306,29.9906],[122.19044,29.96071],[122.13777,29.97415],[122.16306,29.9906]]],[[[121.84547,30.06501],[121.82032,30.08101],[121.82476,30.09844],[121.8374,30.10272],[121.84547,30.06501]]],[[[122.03747,29.93378],[122.02608,29.95441],[122.04567,29.96571],[122.05349,29.95607],[122.03747,29.93378]]],[[[122.16525,29.95675],[122.13568,29.9474],[122.1289,29.95828],[122.15722,29.9682],[122.16525,29.95675]]],[[[122.08909,29.98694],[122.06942,29.9749],[122.06613,29.99728],[122.07194,30.00233],[122.08909,29.98694]]],[[[122.22395,29.96647],[122.20716,29.96388],[122.18674,29.97826],[122.20074,29.97565],[122.22395,29.96647]]],[[[122.12339,29.97593],[122.10465,29.96647],[122.11197,29.98227],[122.12339,29.97593]]],[[[122.08531,29.9581],[122.07891,29.93895],[122.07575,29.95234],[122.08531,29.9581]]],[[[121.98768,30.07616],[121.97183,30.07558],[121.98264,30.08673],[121.98768,30.07616]]],[[[121.97216,30.10171],[121.96985,30.08853],[121.96449,30.09747],[121.97216,30.10171]]],[[[121.96693,30.05199],[121.96022,30.06126],[121.96563,30.0658],[121.96967,30.06372],[121.96693,30.05199]]],[[[122.04961,29.98956],[122.03889,29.98372],[122.04435,29.99119],[122.04961,29.98956]]],[[[122.14579,30.1288],[122.15385,30.12374],[122.15795,30.12035],[122.15401,30.1189],[122.1453,30.12532],[122.14579,30.1288]]],[[[122.13283,29.96383],[122.1256,29.97029],[122.14093,29.96664],[122.13283,29.96383]]],[[[121.86636,30.11164],[121.8571,30.11038],[121.86014,30.11903],[121.86636,30.11164]]],[[[122.08968,29.9844],[122.08749,29.9765],[122.08211,29.98],[122.08968,29.9844]]],[[[122.14052,29.98806],[122.13596,29.98134],[122.12952,29.98601],[122.14052,29.98806]]],[[[122.07294,29.96534],[122.06782,29.96038],[122.06972,29.9656],[122.07294,29.96534]]],[[[122.05812,29.94755],[122.05112,29.9435],[122.05416,29.94832],[122.05812,29.94755]]],[[[122.10303,30.00212],[122.09872,29.99746],[122.09688,30.00254],[122.10303,30.00212]]]]}},{"type":"Feature","id":"CTAMAP-2008-COUNTY-0359","properties":{"map_level":"county","source_name":"东阳市","source_code":"330783","county_type":"县级市","prefecture_name":"金华市","prefecture_code":"330700","prefecture_type":"地级市","parent_entity_id":"CNUR-000093","parent_year_end_name":"金华市","province_name":"浙江省","province_code":"330000","snapshot_year":2008,"panel_year":2007,"link_status":"parent_linked","former_name":"","note":""},"geometry":{"type":"Polygon","coordinates":[[[120.70017,29.34581],[120.70568,29.30662],[120.73338,29.31018],[120.70927,29.26381],[120.6553,29.2783],[120.62414,29.23953],[120.59235,29.23362],[120.55475,29.1752],[120.52866,29.16055],[120.50077,29.17195],[120.4674,29.14799],[120.49417,29.11991],[120.49044,29.07091],[120.45302,29.09291],[120.40921,29.07343],[120.36262,28.96933],[120.34254,28.98557],[120.3212,28.97148],[120.31663,29.01034],[120.24354,29.03246],[120.23272,29.06231],[120.15157,29.0767],[120.17221,29.09328],[120.1703,29.09664],[120.12667,29.09211],[120.10243,29.10692],[120.09587,29.09212],[120.07213,29.09994],[120.0879,29.11707],[120.07801,29.15357],[120.09747,29.20031],[120.12784,29.24256],[120.16047,29.25082],[120.14477,29.28281],[120.15157,29.30554],[120.18994,29.30602],[120.22748,29.34122],[120.24445,29.40354],[120.29473,29.3593],[120.33252,29.41426],[120.36591,29.41832],[120.35973,29.44029],[120.37602,29.45582],[120.40651,29.45217],[120.42213,29.48046],[120.46612,29.49782],[120.51526,29.46523],[120.51301,29.4072],[120.54951,29.39362],[120.5497,29.37083],[120.57476,29.3606],[120.56893,29.3421],[120.5894,29.35001],[120.63477,29.32507],[120.70017,29.34581]]]}},{"type":"Feature","id":"CTAMAP-2008-COUNTY-0365","properties":{"map_level":"county","source_name":"洞头县","source_code":"330322","county_type":"县","prefecture_name":"温州市","prefecture_code":"330300","prefecture_type":"地级市","parent_entity_id":"CNUR-000089","parent_year_end_name":"温州市","province_name":"浙江省","province_code":"330000","snapshot_year":2008,"panel_year":2007,"link_status":"parent_linked","former_name":"","note":""},"geometry":{"type":"MultiPolygon","coordinates":[[[[120.95511,27.97097],[120.95086,27.95346],[120.97132,27.93991],[120.94034,27.90342],[120.91879,27.92466],[120.89379,27.9179],[120.82627,27.97788],[120.86838,27.98907],[120.95511,27.97097]]],[[[121.12767,27.85328],[121.19244,27.85246],[121.16774,27.84573],[121.17278,27.81669],[121.15621,27.82508],[121.0884,27.82055],[121.12767,27.85328]]],[[[121.03905,27.96597],[121.11832,27.98502],[121.13379,27.95635],[121.09222,27.94182],[121.07115,27.95645],[121.03989,27.94908],[121.03905,27.96597]]],[[[121.03822,27.87767],[121.06394,27.86358],[121.08476,27.86857],[121.0625,27.84454],[121.04444,27.85378],[121.02332,27.83985],[121.02222,27.86698],[121.03822,27.87767]]],[[[121.16896,27.98365],[121.19035,27.99673],[121.23471,27.99387],[121.18172,27.96722],[121.16896,27.98365]]],[[[121.14619,27.90003],[121.13775,27.87755],[121.10252,27.86967],[121.10754,27.89084],[121.14619,27.90003]]],[[[121.0729,28.01039],[121.0838,28.00236],[121.03795,27.98506],[121.03824,27.99102],[121.0729,28.01039]]],[[[121.15224,27.81961],[121.13937,27.79509],[121.12764,27.79138],[121.15224,27.81961]]],[[[121.16817,27.86855],[121.144,27.86038],[121.1732,27.87538],[121.16817,27.86855]]],[[[121.09146,27.78693],[121.06965,27.78156],[121.08602,27.79595],[121.09146,27.78693]]],[[[121.11913,27.92383],[121.1093,27.9084],[121.10395,27.91224],[121.11913,27.92383]]],[[[121.14371,27.77191],[121.13352,27.7794],[121.14566,27.7747],[121.14371,27.77191]]],[[[121.13854,27.76524],[121.12816,27.75696],[121.12691,27.76515],[121.13854,27.76524]]],[[[121.22018,27.82437],[121.20931,27.82319],[121.22042,27.8266],[121.22018,27.82437]]],[[[121.14877,27.76012],[121.14153,27.76317],[121.14955,27.76491],[121.14877,27.76012]]],[[[121.14364,27.88221],[121.14547,27.8776],[121.1398,27.87899],[121.14364,27.88221]]]]}},{"type":"Feature","id":"CTAMAP-2008-COUNTY-0442","properties":{"map_level":"county","source_name":"奉化市","source_code":"330283","county_type":"县级市","prefecture_name":"宁波市","prefecture_code":"330200","prefecture_type":"地级市","parent_entity_id":"CNUR-000088","parent_year_end_name":"宁波市","province_name":"浙江省","province_code":"330000","snapshot_year":2008,"panel_year":2007,"link_status":"parent_linked","former_name":"","note":""},"geometry":{"type":"MultiPolygon","coordinates":[[[[121.45922,29.78753],[121.475,29.71419],[121.57258,29.69963],[121.5557,29.64384],[121.58383,29.62433],[121.62028,29.63887],[121.6408,29.62283],[121.72036,29.64153],[121.75775,29.62933],[121.70111,29.5611],[121.60404,29.541],[121.5687,29.54802],[121.52576,29.5078],[121.51515,29.50711],[121.51762,29.52847],[121.41858,29.50722],[121.39155,29.52353],[121.36158,29.48687],[121.32562,29.50198],[121.2957,29.47603],[121.26601,29.4831],[121.27122,29.47126],[121.25611,29.46715],[121.26998,29.45167],[121.22417,29.40893],[121.2048,29.43982],[121.22071,29.44883],[121.20967,29.45559],[121.22128,29.53739],[121.10925,29.55421],[121.11606,29.57737],[121.09953,29.5889],[121.11497,29.60649],[121.07064,29.63805],[121.0561,29.70118],[121.11203,29.6758],[121.18916,29.73841],[121.20087,29.72675],[121.41377,29.74252],[121.43039,29.77333],[121.44435,29.77263],[121.43894,29.78822],[121.45922,29.78753]]],[[[121.6822,29.55655],[121.69111,29.54457],[121.6648,29.54656],[121.6822,29.55655]]],[[[121.56143,29.53269],[121.58486,29.52042],[121.55597,29.5263],[121.56143,29.53269]]],[[[121.74771,29.60088],[121.74034,29.60269],[121.75086,29.60481],[121.74771,29.60088]]],[[[121.58562,29.5382],[121.57764,29.53389],[121.58082,29.53985],[121.58562,29.5382]]],[[[121.66345,29.53663],[121.6559,29.53703],[121.65725,29.54152],[121.66345,29.53663]]],[[[121.61076,29.5393],[121.62145,29.53621],[121.61151,29.53535],[121.61076,29.5393]]]]}},{"type":"Feature","id":"CTAMAP-2008-COUNTY-0485","properties":{"map_level":"county","source_name":"富阳市","source_code":"330183","county_type":"县级市","prefecture_name":"杭州市","prefecture_code":"330100","prefecture_type":"地级市","parent_entity_id":"CNUR-000087","parent_year_end_name":"杭州市","province_name":"浙江省","province_code":"330000","snapshot_year":2008,"panel_year":2007,"link_status":"parent_linked","former_name":"","note":""},"geometry":{"type":"Polygon","coordinates":[[[119.84962,30.17862],[119.91611,30.19475],[119.93607,30.16193],[120.00705,30.18478],[120.01449,30.166],[119.99748,30.1184],[120.02672,30.09582],[120.09983,30.07769],[120.12467,30.10117],[120.14287,30.09473],[120.11972,30.05059],[120.1258,30.00655],[120.09463,29.98374],[120.08577,29.95154],[120.09663,29.93944],[120.0725,29.89025],[120.11008,29.84592],[120.09042,29.81899],[120.03453,29.82355],[120.02411,29.77203],[119.91991,29.74994],[119.85669,29.78129],[119.88543,29.84182],[119.84646,29.84404],[119.81154,29.88028],[119.70006,29.86048],[119.67223,29.8912],[119.67117,29.92426],[119.6288,29.92806],[119.59226,29.97518],[119.53908,29.98034],[119.53197,30.016],[119.50172,30.01404],[119.50453,30.06981],[119.43174,30.09362],[119.4557,30.11207],[119.43936,30.14096],[119.49052,30.14356],[119.53284,30.18884],[119.56613,30.19803],[119.61347,30.12978],[119.65313,30.13072],[119.71107,30.08534],[119.77582,30.08582],[119.84962,30.17862]]]}},{"type":"Feature","id":"CTAMAP-2008-COUNTY-0543","properties":{"map_level":"county","source_name":"拱墅区","source_code":"330105","county_type":"市辖区","prefecture_name":"杭州市","prefecture_code":"330100","prefecture_type":"地级市","parent_entity_id":"CNUR-000087","parent_year_end_name":"杭州市","province_name":"浙江省","province_code":"330000","snapshot_year":2008,"panel_year":2007,"link_status":"parent_linked","former_name":"","note":""},"geometry":{"type":"Polygon","coordinates":[[[120.21173,30.39099],[120.20965,30.35646],[120.18215,30.34982],[120.15227,30.3116],[120.15527,30.27542],[120.13647,30.29617],[120.09986,30.29473],[120.08124,30.33454],[120.13262,30.34261],[120.12445,30.38504],[120.16551,30.3743],[120.19082,30.40226],[120.21173,30.39099]]]}},{"type":"Feature","id":"CTAMAP-2008-COUNTY-0613","properties":{"map_level":"county","source_name":"海宁市","source_code":"330481","county_type":"县级市","prefecture_name":"嘉兴市","prefecture_code":"330400","prefecture_type":"地级市","parent_entity_id":"CNUR-000090","parent_year_end_name":"嘉兴市","province_name":"浙江省","province_code":"330000","snapshot_year":2008,"panel_year":2007,"link_status":"parent_linked","former_name":"","note":""},"geometry":{"type":"Polygon","coordinates":[[[120.72302,30.58796],[120.72682,30.56629],[120.74833,30.55618],[120.74859,30.52464],[120.78431,30.50786],[120.80761,30.44219],[120.79891,30.43244],[120.81816,30.4221],[120.80798,30.39054],[120.83528,30.3651],[120.8637,30.2747],[120.81356,30.26411],[120.72615,30.28429],[120.70349,30.30654],[120.69747,30.37332],[120.65433,30.38823],[120.44578,30.38234],[120.40832,30.31865],[120.37357,30.3472],[120.39533,30.38641],[120.34007,30.36988],[120.30158,30.39568],[120.32831,30.41827],[120.34222,30.48057],[120.36688,30.47563],[120.38603,30.4957],[120.41939,30.4864],[120.42658,30.50501],[120.43656,30.49515],[120.46352,30.50614],[120.50963,30.48462],[120.55888,30.48704],[120.57087,30.52393],[120.60661,30.54113],[120.65044,30.53913],[120.66398,30.55763],[120.64862,30.59418],[120.66166,30.58297],[120.72302,30.58796]]]}},{"type":"Feature","id":"CTAMAP-2008-COUNTY-0616","properties":{"map_level":"county","source_name":"海盐县","source_code":"330424","county_type":"县","prefecture_name":"嘉兴市","prefecture_code":"330400","prefecture_type":"地级市","parent_entity_id":"CNUR-000090","parent_year_end_name":"嘉兴市","province_name":"浙江省","province_code":"330000","snapshot_year":2008,"panel_year":2007,"link_status":"parent_linked","former_name":"","note":""},"geometry":{"type":"Polygon","coordinates":[[[121.23945,30.49475],[121.23547,30.45288],[121.08243,30.39936],[121.02401,30.33328],[120.8637,30.2747],[120.83528,30.3651],[120.80798,30.39054],[120.81816,30.4221],[120.79891,30.43244],[120.80761,30.44219],[120.78431,30.50786],[120.74859,30.52464],[120.74833,30.55618],[120.72682,30.56629],[120.72302,30.58796],[120.77178,30.62966],[120.7889,30.60566],[120.80144,30.63662],[120.85623,30.61015],[120.92546,30.60961],[120.96294,30.6413],[121.00279,30.62109],[121.02925,30.63591],[121.05029,30.58155],[121.07242,30.56522],[121.23945,30.49475]]]}},{"type":"Feature","id":"CTAMAP-2008-COUNTY-0761","properties":{"map_level":"county","source_name":"黄岩区","source_code":"331003","county_type":"市辖区","prefecture_name":"台州市","prefecture_code":"331000","prefecture_type":"地级市","parent_entity_id":"CNUR-000096","parent_year_end_name":"台州市","province_name":"浙江省","province_code":"330000","snapshot_year":2008,"panel_year":2007,"link_status":"parent_linked","former_name":"","note":""},"geometry":{"type":"Polygon","coordinates":[[[121.34653,28.69841],[121.36068,28.66602],[121.34329,28.64481],[121.28733,28.62942],[121.32178,28.53398],[121.28108,28.5313],[121.24644,28.50954],[121.16827,28.50843],[121.10232,28.54129],[121.07258,28.48628],[121.04496,28.47815],[120.96204,28.48607],[120.956,28.51412],[120.88787,28.48709],[120.82865,28.52585],[120.83782,28.54915],[120.79408,28.57932],[120.80897,28.61855],[120.86482,28.63309],[120.90955,28.62536],[120.87337,28.6661],[120.90065,28.66481],[120.92206,28.7268],[120.94776,28.72409],[121.00359,28.67842],[121.02575,28.68538],[121.05201,28.66733],[121.19211,28.72967],[121.24828,28.69715],[121.28286,28.71384],[121.31847,28.68112],[121.34653,28.69841]]]}},{"type":"Feature","id":"CTAMAP-2008-COUNTY-0828","properties":{"map_level":"county","source_name":"嘉善县","source_code":"330421","county_type":"县","prefecture_name":"嘉兴市","prefecture_code":"330400","prefecture_type":"地级市","parent_entity_id":"CNUR-000090","parent_year_end_name":"嘉兴市","province_name":"浙江省","province_code":"330000","snapshot_year":2008,"panel_year":2007,"link_status":"parent_linked","former_name":"","note":""},"geometry":{"type":"Polygon","coordinates":[[[120.98813,31.01008],[121.00067,30.91086],[120.98618,30.89798],[121.01748,30.87721],[120.98574,30.82575],[121.02517,30.83128],[121.02877,30.79639],[121.00431,30.77651],[120.97575,30.78487],[120.91599,30.76122],[120.91742,30.77963],[120.89732,30.77555],[120.89866,30.79105],[120.84526,30.78782],[120.86764,30.83167],[120.84482,30.84436],[120.79262,30.82989],[120.79841,30.90631],[120.76861,30.90115],[120.75724,30.92514],[120.77616,30.93927],[120.74149,30.96525],[120.76599,30.98047],[120.76897,31.00363],[120.81736,31.00831],[120.86144,30.99263],[120.89309,31.01983],[120.93545,31.01147],[120.95023,31.03231],[120.98813,31.01008]]]}},{"type":"Feature","id":"CTAMAP-2008-COUNTY-0843","properties":{"map_level":"county","source_name":"建德市","source_code":"330182","county_type":"县级市","prefecture_name":"杭州市","prefecture_code":"330100","prefecture_type":"地级市","parent_entity_id":"CNUR-000087","parent_year_end_name":"杭州市","province_name":"浙江省","province_code":"330000","snapshot_year":2008,"panel_year":2007,"link_status":"parent_linked","former_name":"","note":""},"geometry":{"type":"Polygon","coordinates":[[[119.72744,29.62038],[119.76517,29.58354],[119.74657,29.57612],[119.7599,29.55755],[119.74476,29.56372],[119.71253,29.54361],[119.72978,29.52393],[119.70915,29.52273],[119.72238,29.51193],[119.69778,29.49117],[119.7058,29.43921],[119.67828,29.43309],[119.67622,29.41786],[119.66449,29.43319],[119.62886,29.43671],[119.60092,29.39445],[119.61205,29.37096],[119.53085,29.37542],[119.50584,29.33541],[119.48591,29.33154],[119.45342,29.36804],[119.46225,29.39238],[119.43382,29.42604],[119.41231,29.40665],[119.3759,29.43408],[119.32571,29.40127],[119.34432,29.32061],[119.32159,29.31269],[119.32571,29.28972],[119.29693,29.27739],[119.28722,29.28669],[119.25401,29.24981],[119.22914,29.25265],[119.22609,29.29254],[119.19432,29.29166],[119.18139,29.27129],[119.20629,29.25154],[119.20927,29.22675],[119.18539,29.23022],[119.17494,29.20616],[119.12057,29.23965],[118.99776,29.21041],[118.97784,29.26193],[118.9483,29.28232],[118.95928,29.29821],[118.89691,29.33505],[119.02605,29.37973],[119.06049,29.41477],[119.09391,29.42109],[119.10744,29.44861],[119.18549,29.46568],[119.19584,29.52902],[119.20871,29.53579],[119.22375,29.52023],[119.28049,29.57061],[119.23804,29.57305],[119.24903,29.62881],[119.30004,29.6541],[119.38039,29.77445],[119.39277,29.7457],[119.41982,29.76165],[119.48997,29.72415],[119.56724,29.75361],[119.62035,29.65831],[119.66972,29.65302],[119.69795,29.59274],[119.72744,29.62038]]]}},{"type":"Feature","id":"CTAMAP-2008-COUNTY-0864","properties":{"map_level":"county","source_name":"江干区","source_code":"330104","county_type":"市辖区","prefecture_name":"杭州市","prefecture_code":"330100","prefecture_type":"地级市","parent_entity_id":"CNUR-000087","parent_year_end_name":"杭州市","province_name":"浙江省","province_code":"330000","snapshot_year":2008,"panel_year":2007,"link_status":"parent_linked","former_name":"","note":""},"geometry":{"type":"Polygon","coordinates":[[[120.29628,30.34992],[120.39533,30.38641],[120.37357,30.3472],[120.40832,30.31865],[120.37428,30.26198],[120.34694,30.25483],[120.28234,30.29149],[120.24065,30.2732],[120.20973,30.23214],[120.18142,30.24879],[120.18372,30.31119],[120.20277,30.32247],[120.1923,30.32432],[120.20776,30.34773],[120.19516,30.35301],[120.20965,30.35646],[120.21101,30.38714],[120.23655,30.38861],[120.22808,30.3783],[120.24296,30.36253],[120.22764,30.344],[120.26006,30.32887],[120.27346,30.34038],[120.26826,30.32285],[120.28906,30.31747],[120.29628,30.34992]]]}},{"type":"Feature","id":"CTAMAP-2008-COUNTY-0873","properties":{"map_level":"county","source_name":"江山市","source_code":"330881","county_type":"县级市","prefecture_name":"衢州市","prefecture_code":"330800","prefecture_type":"地级市","parent_entity_id":"CNUR-000094","parent_year_end_name":"衢州市","province_name":"浙江省","province_code":"330000","snapshot_year":2008,"panel_year":2007,"link_status":"parent_linked","former_name":"","note":""},"geometry":{"type":"Polygon","coordinates":[[[118.70633,28.88543],[118.78133,28.76087],[118.78143,28.68103],[118.81366,28.63634],[118.7848,28.56529],[118.79365,28.5391],[118.77115,28.52119],[118.74544,28.52709],[118.71826,28.49648],[118.71747,28.41558],[118.75037,28.41875],[118.737,28.3655],[118.69654,28.3299],[118.67146,28.27389],[118.64596,28.28025],[118.61697,28.25968],[118.60996,28.27518],[118.59699,28.25713],[118.57639,28.29028],[118.53329,28.27479],[118.49815,28.28288],[118.48729,28.26703],[118.49781,28.24955],[118.45461,28.24676],[118.42483,28.28269],[118.48194,28.33297],[118.46441,28.33065],[118.45266,28.3826],[118.42517,28.40152],[118.45215,28.41923],[118.45788,28.45881],[118.4772,28.47418],[118.40931,28.501],[118.44061,28.51571],[118.42011,28.52593],[118.42318,28.5506],[118.40465,28.57132],[118.42052,28.58924],[118.40805,28.61142],[118.42889,28.62882],[118.41682,28.64949],[118.42789,28.67933],[118.38571,28.70337],[118.39553,28.73752],[118.3786,28.77712],[118.41233,28.79861],[118.45631,28.78694],[118.46696,28.76962],[118.49345,28.83457],[118.52212,28.82587],[118.56292,28.84977],[118.6001,28.84228],[118.61221,28.87215],[118.64173,28.86462],[118.68329,28.8909],[118.70633,28.88543]]]}},{"type":"Feature","id":"CTAMAP-2008-COUNTY-0888","properties":{"map_level":"county","source_name":"椒江区","source_code":"331002","county_type":"市辖区","prefecture_name":"台州市","prefecture_code":"331000","prefecture_type":"地级市","parent_entity_id":"CNUR-000096","parent_year_end_name":"台州市","province_name":"浙江省","province_code":"330000","snapshot_year":2008,"panel_year":2007,"link_status":"parent_linked","former_name":"","note":""},"geometry":{"type":"MultiPolygon","coordinates":[[[[121.53416,28.70395],[121.49226,28.69603],[121.48167,28.6747],[121.54283,28.65242],[121.57953,28.5909],[121.44037,28.57364],[121.43271,28.59197],[121.39129,28.58539],[121.34518,28.62631],[121.36084,28.66898],[121.34078,28.74293],[121.37882,28.75241],[121.37848,28.77928],[121.40652,28.75967],[121.42831,28.764],[121.46657,28.73006],[121.50136,28.73179],[121.53416,28.70395]]],[[[121.89314,28.50269],[121.91297,28.49927],[121.8727,28.4784],[121.88686,28.50057],[121.86784,28.50305],[121.89324,28.51604],[121.89314,28.50269]]],[[[121.91409,28.46657],[121.89052,28.43631],[121.87192,28.43355],[121.91409,28.46657]]],[[[121.81159,28.61405],[121.81139,28.60749],[121.80162,28.60274],[121.81159,28.61405]]],[[[121.91041,28.39191],[121.90967,28.39915],[121.91661,28.3987],[121.91041,28.39191]]],[[[121.81649,28.60291],[121.80509,28.60129],[121.81648,28.60484],[121.81649,28.60291]]]]}},{"type":"Feature","id":"CTAMAP-2008-COUNTY-0901","properties":{"map_level":"county","source_name":"金东区","source_code":"330703","county_type":"市辖区","prefecture_name":"金华市","prefecture_code":"330700","prefecture_type":"地级市","parent_entity_id":"CNUR-000093","parent_year_end_name":"金华市","province_name":"浙江省","province_code":"330000","snapshot_year":2008,"panel_year":2007,"link_status":"parent_linked","former_name":"金华县","note":"2000年金华县更名为金东区"},"geometry":{"type":"Polygon","coordinates":[[[119.82081,29.30862],[119.91022,29.25064],[119.90706,29.20355],[119.94084,29.17208],[119.93945,29.12097],[119.91487,29.11835],[119.89592,29.05448],[119.84017,29.02997],[119.82871,29.00966],[119.72675,28.99827],[119.73798,29.04618],[119.67141,29.04937],[119.66089,29.09425],[119.67537,29.10276],[119.6629,29.12394],[119.67611,29.14091],[119.64987,29.20643],[119.82081,29.30862]]]}},{"type":"Feature","id":"CTAMAP-2008-COUNTY-0932","properties":{"map_level":"county","source_name":"缙云县","source_code":"331122","county_type":"县","prefecture_name":"丽水市","prefecture_code":"331100","prefecture_type":"地级市","parent_entity_id":"CNUR-000097","parent_year_end_name":"丽水市","province_name":"浙江省","province_code":"330000","snapshot_year":2008,"panel_year":2007,"link_status":"parent_linked","former_name":"","note":""},"geometry":{"type":"Polygon","coordinates":[[[120.30346,28.9365],[120.29796,28.89518],[120.31208,28.87931],[120.37126,28.83575],[120.38455,28.8325],[120.39659,28.8588],[120.42235,28.83465],[120.39889,28.79083],[120.36765,28.77322],[120.36565,28.74321],[120.33973,28.73107],[120.34869,28.70964],[120.31878,28.6903],[120.31871,28.66984],[120.35308,28.64979],[120.34451,28.63577],[120.37476,28.60893],[120.37783,28.58615],[120.36739,28.57502],[120.32785,28.58375],[120.31762,28.55709],[120.28566,28.53818],[120.29674,28.51051],[120.31151,28.52586],[120.33691,28.49878],[120.37627,28.50051],[120.37007,28.41388],[120.34009,28.43547],[120.31807,28.41079],[120.25251,28.42364],[120.20048,28.47348],[120.13912,28.44358],[120.11023,28.47721],[120.13833,28.52379],[120.1133,28.53126],[120.0949,28.57588],[120.07939,28.57348],[120.0623,28.53845],[120.03517,28.53387],[120.02269,28.55912],[119.98212,28.57601],[119.99139,28.58951],[119.96992,28.6021],[119.96771,28.64118],[119.93644,28.64328],[119.92291,28.68544],[119.90115,28.69321],[119.90276,28.73365],[119.86777,28.73114],[119.86669,28.74538],[119.9181,28.78672],[119.91381,28.80437],[119.96254,28.78822],[119.97506,28.79842],[120.02442,28.76079],[120.08007,28.79076],[120.1192,28.76255],[120.13537,28.78572],[120.19624,28.78633],[120.20712,28.83239],[120.25817,28.87272],[120.2497,28.93355],[120.26694,28.95322],[120.27302,28.93382],[120.30346,28.9365]]]}},{"type":"Feature","id":"CTAMAP-2008-COUNTY-0950","properties":{"map_level":"county","source_name":"景宁畲族自治县","source_code":"331127","county_type":"自治县","prefecture_name":"丽水市","prefecture_code":"331100","prefecture_type":"地级市","parent_entity_id":"CNUR-000097","parent_year_end_name":"丽水市","province_name":"浙江省","province_code":"330000","snapshot_year":2008,"panel_year":2007,"link_status":"parent_linked","former_name":"","note":""},"geometry":{"type":"Polygon","coordinates":[[[119.8888,28.0],[119.86136,27.95301],[119.85042,27.9657],[119.8255,27.95606],[119.84873,27.93736],[119.83068,27.9142],[119.80076,27.92884],[119.78365,27.91372],[119.79659,27.89143],[119.78035,27.8654],[119.7807,27.79896],[119.76266,27.80918],[119.71461,27.7623],[119.6789,27.75149],[119.64263,27.71524],[119.65239,27.69566],[119.63156,27.67113],[119.55263,27.66568],[119.5379,27.6795],[119.53339,27.66138],[119.48288,27.65137],[119.4841,27.69214],[119.45558,27.71543],[119.41229,27.67496],[119.38882,27.69241],[119.35904,27.67343],[119.32233,27.72],[119.28017,27.72753],[119.32259,27.76668],[119.3049,27.79771],[119.25602,27.80805],[119.24024,27.78935],[119.23087,27.80369],[119.23144,27.84543],[119.26503,27.86161],[119.25149,27.87144],[119.28168,27.91],[119.34376,27.90498],[119.37431,27.92626],[119.40539,27.89395],[119.41482,27.92062],[119.43479,27.90682],[119.49012,27.93444],[119.51536,27.92532],[119.52318,27.93977],[119.49564,27.9929],[119.54496,27.99423],[119.64664,28.07457],[119.68721,28.08047],[119.68987,28.11374],[119.71698,28.12746],[119.76886,28.08984],[119.76298,28.11286],[119.81253,28.13705],[119.8008,28.15827],[119.84581,28.1297],[119.85733,28.14334],[119.84303,28.16952],[119.88307,28.15782],[119.90915,28.1758],[119.97225,28.05742],[119.94447,28.00032],[119.88533,28.01919],[119.8888,28.0]]]}},{"type":"Feature","id":"CTAMAP-2008-COUNTY-0985","properties":{"map_level":"county","source_name":"开化县","source_code":"330824","county_type":"县","prefecture_name":"衢州市","prefecture_code":"330800","prefecture_type":"地级市","parent_entity_id":"CNUR-000094","parent_year_end_name":"衢州市","province_name":"浙江省","province_code":"330000","snapshot_year":2008,"panel_year":2007,"link_status":"parent_linked","former_name":"","note":""},"geometry":{"type":"Polygon","coordinates":[[[118.33984,29.47856],[118.34848,29.45432],[118.40934,29.42215],[118.40943,29.39591],[118.45806,29.36136],[118.51415,29.36952],[118.53736,29.33959],[118.59816,29.32839],[118.632,29.26619],[118.60821,29.28353],[118.60103,29.27117],[118.62792,29.20707],[118.56933,29.11476],[118.47868,29.03786],[118.44812,29.03386],[118.42534,28.97748],[118.39228,28.98686],[118.35738,28.97057],[118.34914,28.93494],[118.25844,28.93545],[118.19484,28.90525],[118.18995,28.91715],[118.22278,28.94763],[118.1625,28.98865],[118.12833,28.9865],[118.12201,29.01879],[118.09459,28.99311],[118.10234,29.01431],[118.09153,29.00129],[118.06058,29.05244],[118.07025,29.07802],[118.03192,29.09778],[118.04816,29.11868],[118.02289,29.17274],[118.04046,29.2181],[118.07937,29.22297],[118.06759,29.29192],[118.1649,29.28443],[118.17411,29.30177],[118.16174,29.31667],[118.20392,29.35038],[118.20301,29.37964],[118.18526,29.39498],[118.24334,29.4334],[118.30988,29.42565],[118.30615,29.50029],[118.33984,29.47856]]]}},{"type":"Feature","id":"CTAMAP-2008-COUNTY-1001","properties":{"map_level":"county","source_name":"柯城区","source_code":"330802","county_type":"市辖区","prefecture_name":"衢州市","prefecture_code":"330800","prefecture_type":"地级市","parent_entity_id":"CNUR-000094","parent_year_end_name":"衢州市","province_name":"浙江省","province_code":"330000","snapshot_year":2008,"panel_year":2007,"link_status":"parent_linked","former_name":"","note":""},"geometry":{"type":"Polygon","coordinates":[[[118.73266,28.83543],[118.70633,28.88543],[118.68134,28.89296],[118.72066,28.93753],[118.7081,28.93724],[118.72106,28.95175],[118.68746,28.98561],[118.69382,29.06789],[118.73563,29.13156],[118.75143,29.18758],[118.8259,29.18262],[118.82353,29.14573],[118.83997,29.14922],[118.84887,29.09923],[118.88619,29.06558],[118.87984,29.03999],[118.89839,29.02818],[118.87311,29.01475],[118.87894,28.98046],[118.92167,28.98494],[118.88735,28.9539],[118.92562,28.95063],[118.92071,28.93261],[118.95204,28.90863],[118.9309,28.88938],[118.9432,28.842],[118.90043,28.84195],[118.87744,28.80847],[118.88244,28.8455],[118.83752,28.87417],[118.82278,28.92144],[118.73266,28.83543]]]}},{"type":"Feature","id":"CTAMAP-2008-COUNTY-1003","properties":{"map_level":"county","source_name":"绍兴县","source_code":"330621","county_type":"县","prefecture_name":"绍兴市","prefecture_code":"330600","prefecture_type":"地级市","parent_entity_id":"CNUR-000092","parent_year_end_name":"绍兴市","province_name":"浙江省","province_code":"330000","snapshot_year":2008,"panel_year":2007,"link_status":"parent_linked","former_name":"","note":""},"geometry":{"type":"Polygon","coordinates":[[[120.78791,30.26656],[120.61441,30.12192],[120.58329,30.13331],[120.56479,30.0975],[120.52356,30.10542],[120.51667,30.04428],[120.49687,30.01997],[120.53238,30.0032],[120.55169,29.95788],[120.51847,29.90455],[120.54141,29.90243],[120.55269,29.88319],[120.59106,29.88688],[120.60847,29.947],[120.63437,29.9453],[120.6411,29.95835],[120.68533,29.91536],[120.70125,29.97738],[120.72964,29.99349],[120.69671,30.02018],[120.69915,30.04759],[120.67459,30.04707],[120.67259,30.08275],[120.68408,30.09527],[120.72809,30.08572],[120.7394,30.05796],[120.72513,30.03791],[120.77442,30.01166],[120.76373,29.99228],[120.77832,29.97573],[120.76372,29.96287],[120.76884,29.91392],[120.72615,29.87209],[120.7482,29.77602],[120.71227,29.73782],[120.72401,29.73115],[120.71504,29.71052],[120.69431,29.70081],[120.6692,29.71642],[120.66316,29.74898],[120.62808,29.75115],[120.56498,29.70663],[120.54717,29.71647],[120.54964,29.70545],[120.5289,29.70326],[120.53586,29.72091],[120.50988,29.74797],[120.49601,29.80449],[120.53152,29.85117],[120.46012,29.89076],[120.44429,29.92627],[120.40912,29.92544],[120.41579,29.9381],[120.3943,29.95097],[120.39279,29.97593],[120.35982,29.98167],[120.35106,30.01747],[120.31975,30.04755],[120.33219,30.09538],[120.28247,30.10932],[120.2978,30.13464],[120.32252,30.12716],[120.36759,30.15764],[120.38268,30.15912],[120.39983,30.13188],[120.41469,30.15519],[120.42039,30.13315],[120.44039,30.13444],[120.45684,30.17045],[120.47986,30.17537],[120.51184,30.15718],[120.59463,30.14812],[120.63862,30.2199],[120.71401,30.29162],[120.78791,30.26656]]]}},{"type":"Feature","id":"CTAMAP-2008-COUNTY-1041","properties":{"map_level":"county","source_name":"兰溪市","source_code":"330781","county_type":"县级市","prefecture_name":"金华市","prefecture_code":"330700","prefecture_type":"地级市","parent_entity_id":"CNUR-000093","parent_year_end_name":"金华市","province_name":"浙江省","province_code":"330000","snapshot_year":2008,"panel_year":2007,"link_status":"parent_linked","former_name":"","note":""},"geometry":{"type":"Polygon","coordinates":[[[119.88846,29.36475],[119.73523,29.25574],[119.63846,29.22206],[119.596,29.2287],[119.56381,29.18935],[119.54672,29.13171],[119.53824,29.14251],[119.50063,29.13502],[119.49731,29.1126],[119.4692,29.09386],[119.43171,29.11607],[119.44625,29.13357],[119.39528,29.14952],[119.30191,29.08602],[119.26215,29.13769],[119.24788,29.13721],[119.23722,29.19283],[119.21624,29.19733],[119.27945,29.28223],[119.32571,29.28972],[119.32159,29.31269],[119.34432,29.32061],[119.32571,29.40127],[119.37762,29.4346],[119.41231,29.40665],[119.43382,29.42604],[119.46225,29.39238],[119.45342,29.36804],[119.48591,29.33154],[119.50584,29.33541],[119.53085,29.37542],[119.61006,29.36971],[119.60092,29.39445],[119.62886,29.43671],[119.67862,29.41807],[119.67662,29.43163],[119.70337,29.43591],[119.71386,29.45618],[119.76994,29.39899],[119.80623,29.39264],[119.83628,29.41827],[119.8726,29.41013],[119.88846,29.36475]]]}},{"type":"Feature","id":"CTAMAP-2008-COUNTY-1063","properties":{"map_level":"county","source_name":"乐清市","source_code":"330382","county_type":"县级市","prefecture_name":"温州市","prefecture_code":"330300","prefecture_type":"地级市","parent_entity_id":"CNUR-000089","parent_year_end_name":"温州市","province_name":"浙江省","province_code":"330000","snapshot_year":2008,"panel_year":2007,"link_status":"parent_linked","former_name":"","note":""},"geometry":{"type":"MultiPolygon","coordinates":[[[[121.16827,28.50843],[121.17713,28.48081],[121.22193,28.44078],[121.21796,28.42538],[121.25375,28.41105],[121.21149,28.37429],[121.20266,28.39089],[121.17876,28.37738],[121.16887,28.38906],[121.18538,28.36059],[121.14707,28.34243],[121.13423,28.29732],[121.06706,28.28456],[121.11374,28.27805],[121.1299,28.24123],[121.09178,28.14579],[121.06573,28.15957],[121.06373,28.14019],[121.0012,28.08969],[121.01351,28.0827],[121.00597,28.01164],[120.95511,27.97097],[120.90148,27.98674],[120.79943,27.98598],[120.78117,28.01507],[120.80011,28.03089],[120.80742,28.06998],[120.82419,28.07269],[120.80447,28.08063],[120.81451,28.11015],[120.86525,28.18095],[120.85559,28.18713],[120.89806,28.21332],[120.90287,28.23567],[120.87762,28.23684],[120.90022,28.25813],[120.90115,28.29053],[120.87599,28.32608],[120.89185,28.34411],[120.91314,28.34298],[120.91563,28.32961],[120.95261,28.33967],[120.95684,28.37152],[120.97956,28.38445],[120.98067,28.40289],[120.95551,28.41042],[120.95864,28.4348],[120.9808,28.44797],[120.96154,28.48629],[120.99605,28.47568],[121.07258,28.48628],[121.10232,28.54129],[121.16827,28.50843]]],[[[121.19255,28.32202],[121.16956,28.33859],[121.18588,28.35349],[121.20236,28.33365],[121.19255,28.32202]]],[[[121.20301,28.36139],[121.20336,28.34063],[121.19288,28.36066],[121.20301,28.36139]]],[[[121.13247,28.26539],[121.13388,28.25561],[121.13233,28.25567],[121.13247,28.26539]]]]}},{"type":"Feature","id":"CTAMAP-2008-COUNTY-1112","properties":{"map_level":"county","source_name":"莲都区","source_code":"331102","county_type":"市辖区","prefecture_name":"丽水市","prefecture_code":"331100","prefecture_type":"地级市","parent_entity_id":"CNUR-000097","parent_year_end_name":"丽水市","province_name":"浙江省","province_code":"330000","snapshot_year":2008,"panel_year":2007,"link_status":"parent_linked","former_name":"","note":""},"geometry":{"type":"Polygon","coordinates":[[[120.1121,28.47172],[120.08586,28.46456],[120.09213,28.48307],[120.08332,28.48554],[120.08101,28.47162],[120.03579,28.45582],[120.00536,28.41277],[119.98937,28.42132],[119.93013,28.39258],[119.8177,28.28591],[119.79806,28.2482],[119.8052,28.22223],[119.82273,28.20442],[119.85339,28.20477],[119.86992,28.22685],[119.89577,28.19763],[119.88307,28.15782],[119.84303,28.16952],[119.85733,28.14334],[119.84581,28.1297],[119.8008,28.15827],[119.81253,28.13705],[119.76298,28.11286],[119.77333,28.1002],[119.76336,28.08945],[119.76147,28.10551],[119.71529,28.12678],[119.73068,28.16435],[119.67552,28.17522],[119.70735,28.22524],[119.72445,28.21801],[119.73921,28.23185],[119.69233,28.28596],[119.62863,28.30164],[119.63929,28.325],[119.67644,28.30899],[119.71197,28.3245],[119.67061,28.41441],[119.68888,28.4337],[119.68234,28.47195],[119.6195,28.46415],[119.61425,28.52807],[119.62432,28.51982],[119.66006,28.55158],[119.66561,28.53353],[119.69751,28.53063],[119.71514,28.56926],[119.74566,28.57867],[119.74394,28.59631],[119.76946,28.5892],[119.74801,28.63867],[119.79222,28.63768],[119.80792,28.65732],[119.80236,28.6878],[119.83771,28.72131],[119.90276,28.73365],[119.90115,28.69321],[119.92291,28.68544],[119.93644,28.64328],[119.96771,28.64118],[119.96992,28.6021],[119.99139,28.58951],[119.98212,28.57601],[120.02269,28.55912],[120.03517,28.53387],[120.0623,28.53845],[120.07939,28.57348],[120.0949,28.57588],[120.1133,28.53126],[120.13915,28.51969],[120.1121,28.47172]]]}},{"type":"Feature","id":"CTAMAP-2008-COUNTY-1138","properties":{"map_level":"county","source_name":"临安市","source_code":"330185","county_type":"县级市","prefecture_name":"杭州市","prefecture_code":"330100","prefecture_type":"地级市","parent_entity_id":"CNUR-000087","parent_year_end_name":"杭州市","province_name":"浙江省","province_code":"330000","snapshot_year":2008,"panel_year":2007,"link_status":"parent_linked","former_name":"","note":""},"geometry":{"type":"Polygon","coordinates":[[[119.67724,30.41115],[119.7709,30.37867],[119.78578,30.3455],[119.80216,30.34531],[119.78526,30.33427],[119.8043,30.33555],[119.79659,30.30053],[119.83063,30.3098],[119.82337,30.274],[119.86261,30.27197],[119.85988,30.24021],[119.83143,30.20108],[119.84962,30.17862],[119.77582,30.08582],[119.71107,30.08534],[119.65313,30.13072],[119.61347,30.12978],[119.56613,30.19803],[119.53284,30.18884],[119.49052,30.14356],[119.43936,30.14096],[119.4557,30.11207],[119.41552,30.0643],[119.43003,30.01364],[119.4125,29.98559],[119.41367,29.99831],[119.33216,30.01043],[119.30285,29.99659],[119.28128,30.01375],[119.24183,29.99733],[119.26149,29.94786],[119.2429,29.93749],[119.22665,29.96154],[119.11642,29.98173],[119.11129,30.01392],[119.05225,30.01257],[119.04404,29.99837],[119.01995,30.01604],[119.02407,30.03677],[118.98338,30.01841],[118.97725,30.03703],[118.93541,30.0129],[118.89353,30.01818],[118.87903,30.10157],[118.86174,30.10088],[118.85086,30.1222],[118.85904,30.13635],[118.88787,30.13145],[118.89395,30.1449],[118.88396,30.15222],[118.87664,30.13457],[118.8411,30.1564],[118.92734,30.20794],[118.87949,30.24312],[118.89017,30.26017],[118.8733,30.29139],[118.87578,30.31756],[118.93642,30.35599],[118.98234,30.35117],[118.98437,30.33357],[119.0264,30.33031],[119.05027,30.30536],[119.08579,30.32552],[119.18187,30.29403],[119.21903,30.3025],[119.223,30.29063],[119.24421,30.34397],[119.2724,30.3431],[119.32097,30.37441],[119.34427,30.35058],[119.37278,30.35777],[119.44058,30.39365],[119.44812,30.41525],[119.51021,30.40283],[119.56026,30.44825],[119.59675,30.4228],[119.64457,30.44546],[119.62705,30.42716],[119.63328,30.39493],[119.67724,30.41115]]]}},{"type":"Feature","id":"CTAMAP-2008-COUNTY-1143","properties":{"map_level":"county","source_name":"临海市","source_code":"331082","county_type":"县级市","prefecture_name":"台州市","prefecture_code":"331000","prefecture_type":"地级市","parent_entity_id":"CNUR-000096","parent_year_end_name":"台州市","province_name":"浙江省","province_code":"330000","snapshot_year":2008,"panel_year":2007,"link_status":"parent_linked","former_name":"","note":""},"geometry":{"type":"MultiPolygon","coordinates":[[[[121.20194,29.02952],[121.22605,29.00902],[121.27154,29.01909],[121.2968,28.97646],[121.32989,28.9733],[121.34951,28.94174],[121.37631,28.98028],[121.39753,28.98033],[121.42709,28.93485],[121.44991,28.92769],[121.45161,28.89571],[121.47558,28.88525],[121.48497,28.85166],[121.54965,28.85863],[121.61569,28.83857],[121.64314,28.86113],[121.67658,28.86273],[121.66205,28.83917],[121.68135,28.83278],[121.68749,28.80563],[121.65959,28.71754],[121.5294,28.69312],[121.53416,28.70395],[121.50136,28.73179],[121.46657,28.73006],[121.42831,28.764],[121.40652,28.75967],[121.37848,28.77928],[121.37882,28.75241],[121.34078,28.74293],[121.34653,28.69841],[121.31847,28.68112],[121.28286,28.71384],[121.24828,28.69715],[121.19211,28.72967],[121.05201,28.66733],[121.02575,28.68538],[121.00359,28.67842],[120.94776,28.72409],[120.92025,28.72778],[120.91034,28.74025],[120.93221,28.75567],[120.9017,28.8692],[120.82298,28.95419],[120.94164,29.03947],[121.02209,29.02171],[121.07817,29.0676],[121.20194,29.02952]]],[[[121.80403,28.7026],[121.78395,28.68179],[121.74317,28.69367],[121.75787,28.69142],[121.76137,28.70761],[121.78702,28.69225],[121.80403,28.7026]]],[[[121.87186,28.80314],[121.86048,28.80294],[121.8584,28.78602],[121.83342,28.77421],[121.85274,28.79744],[121.84685,28.8104],[121.87186,28.80314]]],[[[121.875,28.75017],[121.85871,28.74024],[121.86848,28.7312],[121.84358,28.73166],[121.85064,28.75241],[121.875,28.75017]]],[[[121.93724,28.72416],[121.91772,28.70887],[121.90971,28.7177],[121.93724,28.72416]]],[[[121.89032,28.76537],[121.89355,28.75438],[121.87636,28.7538],[121.89032,28.76537]]],[[[121.82015,28.76129],[121.8173,28.76942],[121.82511,28.77108],[121.82015,28.76129]]]]}},{"type":"Feature","id":"CTAMAP-2008-COUNTY-1213","properties":{"map_level":"county","source_name":"龙泉市","source_code":"331181","county_type":"县级市","prefecture_name":"丽水市","prefecture_code":"331100","prefecture_type":"地级市","parent_entity_id":"CNUR-000097","parent_year_end_name":"丽水市","province_name":"浙江省","province_code":"330000","snapshot_year":2008,"panel_year":2007,"link_status":"parent_linked","former_name":"","note":""},"geometry":{"type":"Polygon","coordinates":[[[119.16715,28.30586],[119.17961,28.2755],[119.2117,28.25729],[119.22384,28.27356],[119.20279,28.28667],[119.21188,28.30251],[119.26663,28.28567],[119.30285,28.24392],[119.32125,28.25818],[119.34405,28.24338],[119.38949,28.26242],[119.38164,28.23473],[119.40826,28.2012],[119.3744,28.13206],[119.40827,28.08938],[119.42053,28.03789],[119.38362,28.01297],[119.38392,27.97959],[119.34917,27.9999],[119.39028,27.91726],[119.37431,27.92626],[119.34376,27.90498],[119.28168,27.91],[119.25149,27.87144],[119.25887,27.8553],[119.19781,27.83064],[119.18306,27.84324],[119.15198,27.8366],[119.15949,27.8072],[119.18353,27.80151],[119.17646,27.76108],[119.15452,27.75607],[119.13322,27.70867],[119.12555,27.73181],[119.10805,27.71004],[119.07749,27.71235],[119.07161,27.7427],[119.03479,27.73344],[119.03301,27.77536],[119.01077,27.80141],[118.97724,27.79933],[118.99359,27.81417],[118.94049,27.82291],[118.92123,27.81226],[118.88584,27.85856],[118.83272,27.83614],[118.81404,27.9205],[118.74888,27.94435],[118.72435,27.97342],[118.72942,28.03415],[118.71289,28.03537],[118.71135,28.06686],[118.76752,28.11726],[118.79523,28.11734],[118.80484,28.14516],[118.79054,28.17179],[118.75619,28.17375],[118.80872,28.23388],[118.78847,28.24665],[118.76138,28.23925],[118.74944,28.25512],[118.80859,28.27189],[118.81346,28.29347],[118.85532,28.32055],[118.88548,28.29195],[118.88484,28.26204],[118.92898,28.26942],[118.93956,28.22594],[118.96014,28.21307],[118.98678,28.21426],[119.00592,28.23781],[118.98362,28.24858],[118.98847,28.27479],[119.02779,28.30243],[119.06667,28.27074],[119.09071,28.28865],[119.1112,28.33976],[119.13486,28.32948],[119.14542,28.2968],[119.16715,28.30586]]]}},{"type":"Feature","id":"CTAMAP-2008-COUNTY-1221","properties":{"map_level":"county","source_name":"龙湾区","source_code":"330303","county_type":"市辖区","prefecture_name":"温州市","prefecture_code":"330300","prefecture_type":"地级市","parent_entity_id":"CNUR-000089","parent_year_end_name":"温州市","province_name":"浙江省","province_code":"330000","snapshot_year":2008,"panel_year":2007,"link_status":"parent_linked","former_name":"","note":"2001年新设立龙湾区"},"geometry":{"type":"Polygon","coordinates":[[[120.80202,27.98424],[120.88506,27.93525],[120.91397,27.88293],[120.83131,27.76799],[120.74408,27.8279],[120.75419,27.85265],[120.73248,27.87389],[120.7512,27.87996],[120.74519,27.93558],[120.71568,27.95024],[120.72254,27.97923],[120.70508,27.9866],[120.73008,28.00249],[120.77295,27.97793],[120.80202,27.98424]]]}},{"type":"Feature","id":"CTAMAP-2008-COUNTY-1223","properties":{"map_level":"county","source_name":"龙游县","source_code":"330825","county_type":"县","prefecture_name":"衢州市","prefecture_code":"330800","prefecture_type":"地级市","parent_entity_id":"CNUR-000094","parent_year_end_name":"衢州市","province_name":"浙江省","province_code":"330000","snapshot_year":2008,"panel_year":2007,"link_status":"parent_linked","former_name":"","note":""},"geometry":{"type":"Polygon","coordinates":[[[119.25401,29.24981],[119.21624,29.19733],[119.23809,29.19123],[119.24788,29.13721],[119.26215,29.13769],[119.30191,29.08602],[119.31992,29.09653],[119.33093,29.07803],[119.30829,28.94769],[119.34081,28.89792],[119.32873,28.86834],[119.30607,28.86585],[119.30521,28.8465],[119.3274,28.84821],[119.33991,28.82895],[119.31613,28.80746],[119.26261,28.80833],[119.27178,28.80026],[119.24418,28.76675],[119.19044,28.78167],[119.13439,28.74119],[119.09475,28.7495],[119.05885,28.7365],[119.07513,28.77104],[119.06078,28.80425],[119.09542,28.82612],[119.11308,28.92935],[119.06049,28.97609],[119.07441,28.99184],[119.09133,28.98645],[119.09227,29.00777],[119.05476,29.04543],[119.04377,29.03885],[119.03023,29.04772],[119.05392,29.06605],[119.04686,29.06421],[119.03833,29.06964],[119.05601,29.07132],[119.05124,29.08705],[119.0629,29.07796],[119.09076,29.10054],[119.06521,29.13151],[119.07527,29.15516],[119.04717,29.17278],[119.0392,29.22208],[119.12057,29.23965],[119.13111,29.22256],[119.14687,29.22973],[119.18534,29.20989],[119.18539,29.23022],[119.20927,29.22675],[119.20629,29.25154],[119.18139,29.27129],[119.20629,29.29662],[119.22609,29.29254],[119.22914,29.25265],[119.25401,29.24981]]]}},{"type":"Feature","id":"CTAMAP-2008-COUNTY-1260","properties":{"map_level":"county","source_name":"鹿城区","source_code":"330302","county_type":"市辖区","prefecture_name":"温州市","prefecture_code":"330300","prefecture_type":"地级市","parent_entity_id":"CNUR-000089","parent_year_end_name":"温州市","province_name":"浙江省","province_code":"330000","snapshot_year":2008,"panel_year":2007,"link_status":"parent_linked","former_name":"","note":"2001年新设立鹿城区"},"geometry":{"type":"Polygon","coordinates":[[[120.78117,28.01507],[120.80202,27.98424],[120.79128,27.9785],[120.73008,28.00249],[120.70036,27.97956],[120.67102,27.98711],[120.64476,27.97361],[120.63627,28.01306],[120.61124,27.99854],[120.57766,28.00366],[120.5529,28.03602],[120.49724,28.03181],[120.49936,28.04352],[120.46393,28.06167],[120.42192,28.04806],[120.42287,28.07879],[120.3935,28.10148],[120.40804,28.123],[120.37974,28.14817],[120.43086,28.15986],[120.46282,28.13714],[120.55178,28.14059],[120.56017,28.10905],[120.59091,28.10002],[120.60507,28.03225],[120.78117,28.01507]]]}},{"type":"Feature","id":"CTAMAP-2008-COUNTY-1270","properties":{"map_level":"county","source_name":"路桥区","source_code":"331004","county_type":"市辖区","prefecture_name":"台州市","prefecture_code":"331000","prefecture_type":"地级市","parent_entity_id":"CNUR-000096","parent_year_end_name":"台州市","province_name":"浙江省","province_code":"330000","snapshot_year":2008,"panel_year":2007,"link_status":"parent_linked","former_name":"","note":""},"geometry":{"type":"MultiPolygon","coordinates":[[[[121.57953,28.5909],[121.59865,28.53709],[121.6305,28.51881],[121.61098,28.49326],[121.52378,28.50352],[121.48839,28.49852],[121.4763,28.47852],[121.47696,28.49145],[121.4451,28.49054],[121.42864,28.51254],[121.39281,28.49746],[121.36344,28.52083],[121.33429,28.51794],[121.30549,28.55154],[121.28733,28.62942],[121.34145,28.64436],[121.35592,28.60761],[121.40137,28.58019],[121.43271,28.59197],[121.44037,28.57364],[121.57953,28.5909]]],[[[121.60865,28.47038],[121.62193,28.49476],[121.63666,28.48692],[121.62972,28.47318],[121.65483,28.46419],[121.60865,28.47038]]]]}},{"type":"Feature","id":"CTAMAP-2008-COUNTY-1411","properties":{"map_level":"county","source_name":"南湖区","source_code":"330402","county_type":"市辖区","prefecture_name":"嘉兴市","prefecture_code":"330400","prefecture_type":"地级市","parent_entity_id":"CNUR-000090","parent_year_end_name":"嘉兴市","province_name":"浙江省","province_code":"330000","snapshot_year":2008,"panel_year":2007,"link_status":"parent_linked","former_name":"秀城区","note":"2005年秀城区更名为南湖区"},"geometry":{"type":"Polygon","coordinates":[[[120.95795,30.77904],[120.97803,30.72237],[120.97489,30.70601],[120.94735,30.7048],[120.9527,30.6323],[120.9327,30.61016],[120.85623,30.61015],[120.80144,30.63662],[120.78326,30.60749],[120.77147,30.63052],[120.75079,30.62572],[120.76513,30.70751],[120.74377,30.71693],[120.73907,30.70039],[120.69869,30.69095],[120.69845,30.70484],[120.66981,30.69878],[120.6781,30.71972],[120.64979,30.71932],[120.71758,30.75775],[120.72703,30.7853],[120.77793,30.77823],[120.804,30.78981],[120.79952,30.81189],[120.84482,30.84436],[120.87267,30.8286],[120.84526,30.78782],[120.89866,30.79105],[120.89732,30.77555],[120.91742,30.77963],[120.91599,30.76122],[120.95795,30.77904]]]}},{"type":"Feature","id":"CTAMAP-2008-COUNTY-1429","properties":{"map_level":"county","source_name":"南浔区","source_code":"330503","county_type":"市辖区","prefecture_name":"湖州市","prefecture_code":"330500","prefecture_type":"地级市","parent_entity_id":"CNUR-000091","parent_year_end_name":"湖州市","province_name":"浙江省","province_code":"330000","snapshot_year":2008,"panel_year":2007,"link_status":"parent_linked","former_name":"","note":"2003年新设立南浔区"},"geometry":{"type":"Polygon","coordinates":[[[120.48468,30.76587],[120.46537,30.76675],[120.48181,30.73019],[120.46203,30.70418],[120.4381,30.70403],[120.44866,30.68322],[120.37491,30.67153],[120.37343,30.65867],[120.34684,30.66723],[120.33931,30.64758],[120.31941,30.6544],[120.31277,30.64185],[120.29931,30.67653],[120.27631,30.6472],[120.25467,30.65292],[120.26457,30.62863],[120.20688,30.64383],[120.21645,30.67624],[120.1776,30.68147],[120.145,30.66568],[120.13355,30.69942],[120.06803,30.71329],[120.12027,30.80988],[120.2114,30.80558],[120.21486,30.83512],[120.32682,30.85701],[120.33715,30.8949],[120.36116,30.88228],[120.41953,30.90279],[120.41555,30.92989],[120.4317,30.92559],[120.43205,30.88616],[120.44734,30.87015],[120.43547,30.86092],[120.48468,30.76587]]]}},{"type":"Feature","id":"CTAMAP-2008-COUNTY-1451","properties":{"map_level":"county","source_name":"宁海县","source_code":"330226","county_type":"县","prefecture_name":"宁波市","prefecture_code":"330200","prefecture_type":"地级市","parent_entity_id":"CNUR-000088","parent_year_end_name":"宁波市","province_name":"浙江省","province_code":"330000","snapshot_year":2008,"panel_year":2007,"link_status":"parent_linked","former_name":"","note":""},"geometry":{"type":"MultiPolygon","coordinates":[[[[121.45529,29.51364],[121.4589,29.49185],[121.42719,29.46662],[121.44593,29.4397],[121.43471,29.41109],[121.46848,29.42166],[121.47545,29.46638],[121.50296,29.49192],[121.5331,29.46238],[121.51279,29.44578],[121.51361,29.41994],[121.4876,29.41125],[121.48717,29.38899],[121.5241,29.41239],[121.56666,29.47482],[121.58109,29.44888],[121.63685,29.44278],[121.65983,29.41014],[121.71781,29.41076],[121.7183,29.36517],[121.74006,29.34984],[121.75322,29.29079],[121.74235,29.27455],[121.78326,29.27491],[121.74781,29.15048],[121.7051,29.13192],[121.68501,29.1405],[121.62539,29.19011],[121.59958,29.26873],[121.58046,29.25892],[121.54052,29.2779],[121.51722,29.27029],[121.53929,29.27455],[121.58198,29.22986],[121.53243,29.22088],[121.52495,29.18825],[121.55062,29.16763],[121.53335,29.14486],[121.50046,29.15266],[121.4935,29.17028],[121.4741,29.1562],[121.45254,29.16789],[121.40116,29.15969],[121.3754,29.20326],[121.35004,29.18745],[121.36144,29.17998],[121.34429,29.13705],[121.31219,29.10766],[121.29058,29.11931],[121.29068,29.09428],[121.25032,29.11937],[121.25969,29.15733],[121.21732,29.21235],[121.16234,29.21118],[121.16324,29.2653],[121.17581,29.26402],[121.17398,29.29285],[121.1972,29.31381],[121.1831,29.32195],[121.22061,29.35955],[121.22417,29.40893],[121.26998,29.45167],[121.25611,29.46715],[121.27122,29.47126],[121.26601,29.4831],[121.2957,29.47603],[121.32562,29.50198],[121.36158,29.48687],[121.39155,29.52353],[121.41858,29.50722],[121.45529,29.51364]]],[[[121.79786,29.25064],[121.79536,29.27187],[121.81542,29.27267],[121.81254,29.25942],[121.79786,29.25064]]],[[[121.61075,29.50986],[121.59011,29.49663],[121.58835,29.4986],[121.60062,29.50988],[121.61075,29.50986]]],[[[121.58586,29.49418],[121.57653,29.49392],[121.58692,29.49785],[121.58586,29.49418]]],[[[121.59465,29.19263],[121.58755,29.19359],[121.59594,29.19836],[121.59465,29.19263]]],[[[121.56869,29.48921],[121.57264,29.48607],[121.5645,29.48531],[121.56869,29.48921]]],[[[121.79,29.27787],[121.79369,29.28294],[121.79084,29.27777],[121.79,29.27787]]]]}},{"type":"Feature","id":"CTAMAP-2008-COUNTY-1469","properties":{"map_level":"county","source_name":"瓯海区","source_code":"330304","county_type":"市辖区","prefecture_name":"温州市","prefecture_code":"330300","prefecture_type":"地级市","parent_entity_id":"CNUR-000089","parent_year_end_name":"温州市","province_name":"浙江省","province_code":"330000","snapshot_year":2008,"panel_year":2007,"link_status":"parent_linked","former_name":"","note":"2001年新设立瓯海区"},"geometry":{"type":"Polygon","coordinates":[[[120.3935,28.10148],[120.42287,28.07879],[120.42192,28.04806],[120.46393,28.06167],[120.49936,28.04352],[120.49724,28.03181],[120.5529,28.03602],[120.57766,28.00366],[120.61124,27.99854],[120.63627,28.01306],[120.65029,27.9724],[120.67102,27.98711],[120.71896,27.98346],[120.71568,27.95024],[120.74519,27.93558],[120.7512,27.87996],[120.68591,27.87059],[120.66791,27.85346],[120.61105,27.85393],[120.61719,27.87713],[120.59476,27.90977],[120.55023,27.89428],[120.48245,27.9334],[120.49955,27.94712],[120.4861,27.97287],[120.44904,27.97971],[120.40961,27.95922],[120.38966,27.97891],[120.33077,27.99317],[120.34236,28.05291],[120.37257,28.06029],[120.3545,28.09889],[120.3935,28.10148]]]}},{"type":"Feature","id":"CTAMAP-2008-COUNTY-1474","properties":{"map_level":"county","source_name":"磐安县","source_code":"330727","county_type":"县","prefecture_name":"金华市","prefecture_code":"330700","prefecture_type":"地级市","parent_entity_id":"CNUR-000093","parent_year_end_name":"金华市","province_name":"浙江省","province_code":"330000","snapshot_year":2008,"panel_year":2007,"link_status":"parent_linked","former_name":"","note":""},"geometry":{"type":"Polygon","coordinates":[[[120.77532,29.28161],[120.77359,29.20133],[120.70798,29.14791],[120.73892,29.11708],[120.71986,29.12302],[120.69005,29.0927],[120.70114,29.07694],[120.6906,29.03647],[120.69868,29.02402],[120.71121,29.04027],[120.72125,29.02845],[120.72491,28.98577],[120.66951,28.97657],[120.66044,28.91994],[120.64442,28.90436],[120.55691,28.8644],[120.52944,28.86921],[120.51053,28.8939],[120.47597,28.83101],[120.46309,28.84467],[120.42234,28.83478],[120.39781,28.85877],[120.38455,28.8325],[120.37126,28.83575],[120.29796,28.89518],[120.31218,28.94983],[120.37303,28.98069],[120.36645,28.9953],[120.4051,29.04189],[120.40921,29.07343],[120.45302,29.09291],[120.49044,29.07091],[120.49417,29.11991],[120.46665,29.14563],[120.50077,29.17195],[120.52866,29.16055],[120.55475,29.1752],[120.59235,29.23362],[120.62414,29.23953],[120.6553,29.2783],[120.70562,29.26133],[120.74954,29.3195],[120.7714,29.30574],[120.75339,29.28238],[120.77532,29.28161]]]}},{"type":"Feature","id":"CTAMAP-2008-COUNTY-1500","properties":{"map_level":"county","source_name":"平湖市","source_code":"330482","county_type":"县级市","prefecture_name":"嘉兴市","prefecture_code":"330400","prefecture_type":"地级市","parent_entity_id":"CNUR-000090","parent_year_end_name":"嘉兴市","province_name":"浙江省","province_code":"330000","snapshot_year":2008,"panel_year":2007,"link_status":"parent_linked","former_name":"","note":""},"geometry":{"type":"Polygon","coordinates":[[[121.26415,30.73691],[121.23945,30.49475],[121.07242,30.56522],[121.05029,30.58155],[121.02925,30.63591],[121.00279,30.62109],[120.94856,30.6399],[120.94735,30.7048],[120.97489,30.70601],[120.97803,30.72237],[120.95795,30.77904],[121.02292,30.7849],[121.036,30.82909],[121.09272,30.85895],[121.13291,30.83259],[121.12248,30.7809],[121.19245,30.77567],[121.2144,30.78825],[121.22761,30.75821],[121.26415,30.73691]]]}},{"type":"Feature","id":"CTAMAP-2008-COUNTY-1517","properties":{"map_level":"county","source_name":"平阳县","source_code":"330326","county_type":"县","prefecture_name":"温州市","prefecture_code":"330300","prefecture_type":"地级市","parent_entity_id":"CNUR-000089","parent_year_end_name":"温州市","province_name":"浙江省","province_code":"330000","snapshot_year":2008,"panel_year":2007,"link_status":"parent_linked","former_name":"","note":""},"geometry":{"type":"MultiPolygon","coordinates":[[[[120.68862,27.67768],[120.65996,27.61594],[120.63796,27.60544],[120.64823,27.59124],[120.59183,27.59391],[120.56529,27.57932],[120.54545,27.59678],[120.51102,27.58868],[120.50242,27.56623],[120.47484,27.58159],[120.49214,27.56238],[120.48003,27.54381],[120.45853,27.55669],[120.4402,27.5442],[120.41009,27.57316],[120.37935,27.57343],[120.27802,27.52672],[120.25831,27.53938],[120.19982,27.52671],[120.18037,27.53896],[120.168,27.52716],[120.06858,27.57923],[120.11561,27.60401],[120.10165,27.64392],[120.11675,27.65297],[120.12197,27.69049],[120.17563,27.68604],[120.21947,27.70183],[120.2388,27.73216],[120.25508,27.72378],[120.27787,27.74026],[120.30508,27.72023],[120.3214,27.75331],[120.38141,27.72188],[120.4,27.68537],[120.4258,27.69324],[120.45508,27.66913],[120.48008,27.68375],[120.48722,27.72],[120.49812,27.71587],[120.53953,27.76335],[120.57119,27.74821],[120.58473,27.75901],[120.61444,27.72585],[120.60196,27.69882],[120.68862,27.67768]]],[[[121.05339,27.48697],[121.08009,27.4748],[121.10572,27.44788],[121.08067,27.46385],[121.08835,27.45372],[121.06051,27.4653],[121.06579,27.44755],[121.04507,27.46154],[121.05128,27.47727],[121.06945,27.47301],[121.05339,27.48697]]],[[[121.11773,27.46931],[121.10577,27.46863],[121.10383,27.47674],[121.11773,27.46931]]],[[[121.08264,27.43472],[121.07987,27.42795],[121.07076,27.43501],[121.08264,27.43472]]],[[[121.08964,27.4964],[121.0849,27.49182],[121.08229,27.49524],[121.08964,27.4964]]],[[[121.1302,27.4739],[121.1221,27.47256],[121.12196,27.47599],[121.1302,27.4739]]]]}},{"type":"Feature","id":"CTAMAP-2008-COUNTY-1538","properties":{"map_level":"county","source_name":"浦江县","source_code":"330726","county_type":"县","prefecture_name":"金华市","prefecture_code":"330700","prefecture_type":"地级市","parent_entity_id":"CNUR-000093","parent_year_end_name":"金华市","province_name":"浙江省","province_code":"330000","snapshot_year":2008,"panel_year":2007,"link_status":"parent_linked","former_name":"","note":""},"geometry":{"type":"Polygon","coordinates":[[[119.94138,29.68408],[120.01134,29.65123],[120.03439,29.66096],[120.01941,29.647],[120.04027,29.62834],[120.01283,29.61991],[120.00145,29.5766],[120.03815,29.57098],[120.04658,29.55152],[120.08774,29.53696],[120.06822,29.51457],[120.10013,29.50928],[120.09806,29.48636],[120.08101,29.48327],[120.06152,29.43722],[119.97104,29.35388],[119.93666,29.38353],[119.91856,29.35981],[119.88846,29.36475],[119.89011,29.381],[119.8716,29.386],[119.8696,29.39072],[119.88041,29.4053],[119.8457,29.41654],[119.81609,29.41157],[119.80623,29.39264],[119.76667,29.40037],[119.69741,29.48852],[119.72238,29.51193],[119.70915,29.52273],[119.72951,29.52088],[119.716,29.54991],[119.7599,29.55755],[119.74657,29.57612],[119.76517,29.58354],[119.75471,29.60613],[119.77408,29.60949],[119.76332,29.62787],[119.77385,29.65275],[119.82896,29.68286],[119.8851,29.67845],[119.8931,29.66337],[119.94138,29.68408]]]}},{"type":"Feature","id":"CTAMAP-2008-COUNTY-1602","properties":{"map_level":"county","source_name":"青田县","source_code":"331121","county_type":"县","prefecture_name":"丽水市","prefecture_code":"331100","prefecture_type":"地级市","parent_entity_id":"CNUR-000097","parent_year_end_name":"丽水市","province_name":"浙江省","province_code":"330000","snapshot_year":2008,"panel_year":2007,"link_status":"parent_linked","former_name":"","note":""},"geometry":{"type":"Polygon","coordinates":[[[120.1121,28.47172],[120.13968,28.44331],[120.20048,28.47348],[120.25251,28.42364],[120.32848,28.41345],[120.34044,28.39538],[120.33018,28.37463],[120.3588,28.36121],[120.34206,28.33763],[120.40871,28.30617],[120.43479,28.23879],[120.41854,28.21791],[120.39925,28.22264],[120.4268,28.18997],[120.40908,28.18057],[120.41666,28.15808],[120.37974,28.14817],[120.40732,28.11776],[120.38585,28.09697],[120.3545,28.09889],[120.37257,28.06029],[120.34224,28.05267],[120.33572,27.97505],[120.28802,27.98103],[120.25889,27.95987],[120.24767,27.97006],[120.23502,27.93592],[120.1897,27.94368],[120.15969,27.98548],[120.06579,27.97448],[120.06241,27.9549],[120.0216,27.94205],[120.00237,27.95258],[119.96206,27.94224],[119.96527,27.96996],[119.95212,27.97749],[119.88824,27.95433],[119.86695,27.97464],[119.8888,28.0],[119.88169,28.01725],[119.94447,28.00032],[119.97203,28.06298],[119.94428,28.09281],[119.95292,28.11057],[119.91146,28.17438],[119.89167,28.17462],[119.89577,28.19763],[119.87367,28.22433],[119.85645,28.20569],[119.82273,28.20442],[119.79806,28.2482],[119.8177,28.28591],[119.93013,28.39258],[119.98937,28.42132],[120.00536,28.41277],[120.03579,28.45582],[120.08101,28.47162],[120.08332,28.48554],[120.08586,28.46456],[120.1121,28.47172]]]}},{"type":"Feature","id":"CTAMAP-2008-COUNTY-1629","properties":{"map_level":"county","source_name":"庆元县","source_code":"331126","county_type":"县","prefecture_name":"丽水市","prefecture_code":"331100","prefecture_type":"地级市","parent_entity_id":"CNUR-000097","parent_year_end_name":"丽水市","province_name":"浙江省","province_code":"330000","snapshot_year":2008,"panel_year":2007,"link_status":"parent_linked","former_name":"","note":""},"geometry":{"type":"Polygon","coordinates":[[[119.23144,27.84543],[119.23897,27.79022],[119.25602,27.80805],[119.28603,27.8048],[119.31907,27.77882],[119.32071,27.76314],[119.28017,27.72753],[119.32233,27.72],[119.35174,27.67733],[119.38882,27.69241],[119.41229,27.67496],[119.45558,27.71543],[119.4841,27.69214],[119.47597,27.66242],[119.49649,27.6535],[119.49961,27.61454],[119.46497,27.52779],[119.43475,27.51095],[119.4107,27.53872],[119.34076,27.5242],[119.34046,27.49153],[119.27517,27.45784],[119.26471,27.42512],[119.2428,27.42152],[119.24304,27.43386],[119.22039,27.41974],[119.14303,27.42848],[119.11682,27.43931],[119.12141,27.48388],[119.06101,27.47018],[118.9859,27.50647],[118.98484,27.48152],[118.95751,27.47327],[118.95232,27.45233],[118.89888,27.46514],[118.87266,27.51981],[118.85342,27.52218],[118.90666,27.57229],[118.89885,27.5945],[118.91266,27.61663],[118.86996,27.68566],[118.87131,27.70768],[118.89697,27.71087],[118.83551,27.78569],[118.8479,27.79875],[118.83272,27.83614],[118.88584,27.85856],[118.92123,27.81226],[118.94049,27.82291],[118.99359,27.81417],[118.97724,27.79933],[119.00665,27.80332],[119.02625,27.78546],[119.0363,27.73203],[119.07161,27.7427],[119.07678,27.71254],[119.1061,27.70978],[119.12791,27.7315],[119.13322,27.70867],[119.15452,27.75607],[119.17646,27.76108],[119.18353,27.80151],[119.15949,27.8072],[119.15198,27.8366],[119.18306,27.84324],[119.19781,27.83064],[119.23144,27.84543]]]}},{"type":"Feature","id":"CTAMAP-2008-COUNTY-1647","properties":{"map_level":"county","source_name":"衢江区","source_code":"330803","county_type":"市辖区","prefecture_name":"衢州市","prefecture_code":"330800","prefecture_type":"地级市","parent_entity_id":"CNUR-000094","parent_year_end_name":"衢州市","province_name":"浙江省","province_code":"330000","snapshot_year":2008,"panel_year":2007,"link_status":"parent_linked","former_name":"衢县","note":"2001年撤销衢县，设立衢江区"},"geometry":{"type":"Polygon","coordinates":[[[118.89691,29.33505],[118.95928,29.29821],[118.9483,29.28232],[118.97784,29.26193],[118.99776,29.21041],[119.03953,29.22281],[119.04717,29.17278],[119.07527,29.15516],[119.06521,29.13151],[119.09076,29.10054],[119.0629,29.07796],[119.05124,29.08705],[119.05601,29.07132],[119.03833,29.06964],[119.05392,29.06605],[119.03023,29.04772],[119.05476,29.04543],[119.09227,29.00777],[119.09133,28.98645],[119.07441,28.99184],[119.06049,28.97609],[119.11308,28.92935],[119.09542,28.82612],[119.06078,28.80425],[119.07513,28.77104],[119.05885,28.7365],[118.96345,28.65306],[118.92535,28.64336],[118.90508,28.60014],[118.90912,28.56668],[118.86375,28.5163],[118.84332,28.54439],[118.79365,28.5391],[118.7848,28.56529],[118.81214,28.64941],[118.78553,28.67072],[118.78202,28.75894],[118.73266,28.83543],[118.82278,28.92144],[118.83752,28.87417],[118.88244,28.8455],[118.87744,28.80847],[118.90043,28.84195],[118.9432,28.842],[118.9309,28.88938],[118.95204,28.90863],[118.92071,28.93261],[118.92562,28.95063],[118.88735,28.9539],[118.92167,28.98494],[118.87894,28.98046],[118.87311,29.01475],[118.89839,29.02818],[118.87984,29.03999],[118.88619,29.06558],[118.84887,29.09923],[118.83997,29.14922],[118.82353,29.14573],[118.82784,29.18154],[118.75872,29.19316],[118.74952,29.21618],[118.76226,29.2545],[118.89691,29.33505]]]}},{"type":"Feature","id":"CTAMAP-2008-COUNTY-1683","properties":{"map_level":"county","source_name":"瑞安市","source_code":"330381","county_type":"县级市","prefecture_name":"温州市","prefecture_code":"330300","prefecture_type":"地级市","parent_entity_id":"CNUR-000089","parent_year_end_name":"温州市","province_name":"浙江省","province_code":"330000","snapshot_year":2008,"panel_year":2007,"link_status":"parent_linked","former_name":"","note":""},"geometry":{"type":"MultiPolygon","coordinates":[[[[120.73255,27.87377],[120.75419,27.85265],[120.74408,27.8279],[120.7818,27.79521],[120.74751,27.72306],[120.72113,27.70768],[120.69104,27.7178],[120.67781,27.70329],[120.68862,27.67768],[120.60196,27.69882],[120.61222,27.7299],[120.58473,27.75901],[120.56969,27.74837],[120.54637,27.76587],[120.48722,27.72],[120.48008,27.68375],[120.45465,27.6692],[120.4258,27.69324],[120.4,27.68537],[120.38141,27.72188],[120.32289,27.75344],[120.30341,27.7384],[120.30508,27.72023],[120.27856,27.74029],[120.25092,27.72454],[120.2512,27.74397],[120.16931,27.80491],[120.19293,27.83681],[120.1873,27.86941],[120.22388,27.8895],[120.21745,27.91064],[120.24488,27.96764],[120.26033,27.96013],[120.31835,27.9829],[120.32515,27.97103],[120.3445,27.99149],[120.40961,27.95922],[120.44904,27.97971],[120.4861,27.97287],[120.49955,27.94712],[120.48245,27.9334],[120.55023,27.89428],[120.59476,27.90977],[120.61719,27.87713],[120.61105,27.85393],[120.73255,27.87377]]],[[[120.96479,27.66622],[120.98021,27.65591],[120.96656,27.64784],[120.96479,27.66622]]],[[[121.21041,27.6269],[121.19142,27.62484],[121.21595,27.63523],[121.21041,27.6269]]],[[[120.81967,27.64782],[120.82574,27.64793],[120.81948,27.64015],[120.81967,27.64782]]],[[[120.83742,27.68409],[120.82566,27.68776],[120.82812,27.69011],[120.83742,27.68409]]],[[[121.20571,27.61204],[121.20522,27.62138],[121.21232,27.62241],[121.20571,27.61204]]],[[[121.22422,27.61934],[121.21324,27.61559],[121.22018,27.62082],[121.22422,27.61934]]],[[[121.17371,27.63104],[121.16259,27.63076],[121.17069,27.63441],[121.17371,27.63104]]],[[[120.89664,27.71152],[120.88414,27.71044],[120.8981,27.71391],[120.89664,27.71152]]],[[[120.9072,27.70276],[120.90609,27.69407],[120.8981,27.69856],[120.9072,27.70276]]],[[[120.81614,27.6956],[120.81205,27.6972],[120.8189,27.6968],[120.81614,27.6956]]]]}},{"type":"Feature","id":"CTAMAP-2008-COUNTY-1697","properties":{"map_level":"county","source_name":"三门县","source_code":"331022","county_type":"县","prefecture_name":"台州市","prefecture_code":"331000","prefecture_type":"地级市","parent_entity_id":"CNUR-000096","parent_year_end_name":"台州市","province_name":"浙江省","province_code":"330000","snapshot_year":2008,"panel_year":2007,"link_status":"parent_linked","former_name":"","note":""},"geometry":{"type":"MultiPolygon","coordinates":[[[[121.43716,29.16259],[121.50798,29.12148],[121.64959,29.10383],[121.62851,29.07872],[121.63008,29.04207],[121.58971,29.04156],[121.57603,29.05527],[121.54422,29.0531],[121.52977,29.00188],[121.55963,29.01421],[121.54728,29.02396],[121.55866,29.05012],[121.59492,29.03531],[121.63113,29.03819],[121.66214,29.05368],[121.67924,29.02082],[121.70047,29.01725],[121.67762,29.01535],[121.68251,28.99022],[121.6646,28.97905],[121.71153,28.96016],[121.70432,28.94513],[121.72789,28.94443],[121.70016,28.91521],[121.65179,28.8987],[121.56911,28.92898],[121.54743,28.95514],[121.51385,28.94164],[121.56088,28.92531],[121.54975,28.90435],[121.58489,28.91038],[121.64342,28.88654],[121.64704,28.86366],[121.61569,28.83857],[121.54965,28.85863],[121.48488,28.8517],[121.47558,28.88525],[121.45161,28.89571],[121.44991,28.92769],[121.42709,28.93485],[121.39753,28.98033],[121.37631,28.98028],[121.34951,28.94174],[121.32989,28.9733],[121.2968,28.97646],[121.27154,29.01909],[121.22605,29.00902],[121.20194,29.02952],[121.25084,29.1171],[121.29068,29.09428],[121.29058,29.11931],[121.31219,29.10766],[121.33537,29.12646],[121.36144,29.17998],[121.35277,29.19068],[121.37705,29.20309],[121.40013,29.16008],[121.43716,29.16259]]],[[[121.53335,29.14486],[121.55713,29.17269],[121.59881,29.14735],[121.57104,29.13592],[121.53335,29.14486]]],[[[121.70053,28.90102],[121.68729,28.88526],[121.65632,28.896],[121.68028,28.90613],[121.70053,28.90102]]],[[[121.69024,29.10861],[121.68379,29.09869],[121.67853,29.11207],[121.69024,29.10861]]],[[[121.67532,29.0628],[121.65748,29.06258],[121.65429,29.06695],[121.67532,29.0628]]],[[[121.69207,29.09292],[121.70547,29.08593],[121.70321,29.08154],[121.69207,29.09292]]]]}},{"type":"Feature","id":"CTAMAP-2008-COUNTY-1736","properties":{"map_level":"county","source_name":"上城区","source_code":"330102","county_type":"市辖区","prefecture_name":"杭州市","prefecture_code":"330100","prefecture_type":"地级市","parent_entity_id":"CNUR-000087","parent_year_end_name":"杭州市","province_name":"浙江省","province_code":"330000","snapshot_year":2008,"panel_year":2007,"link_status":"parent_linked","former_name":"","note":""},"geometry":{"type":"Polygon","coordinates":[[[120.18353,30.26016],[120.20973,30.23214],[120.13413,30.19626],[120.15517,30.22631],[120.15408,30.26053],[120.18353,30.26016]]]}},{"type":"Feature","id":"CTAMAP-2008-COUNTY-1746","properties":{"map_level":"county","source_name":"上虞市","source_code":"330682","county_type":"县级市","prefecture_name":"绍兴市","prefecture_code":"330600","prefecture_type":"地级市","parent_entity_id":"CNUR-000092","parent_year_end_name":"绍兴市","province_name":"浙江省","province_code":"330000","snapshot_year":2008,"panel_year":2007,"link_status":"parent_linked","former_name":"","note":""},"geometry":{"type":"Polygon","coordinates":[[[121.00602,29.73683],[120.9815,29.74658],[120.95365,29.73605],[120.94439,29.75031],[120.90138,29.73615],[120.88498,29.76011],[120.88281,29.74706],[120.86154,29.74839],[120.84842,29.76017],[120.86747,29.76922],[120.85259,29.76989],[120.83723,29.83167],[120.74843,29.81102],[120.75322,29.79632],[120.73226,29.8071],[120.72615,29.87209],[120.76904,29.91432],[120.77442,30.01166],[120.72513,30.03791],[120.7394,30.05796],[120.72809,30.08572],[120.68351,30.09556],[120.64038,30.13179],[120.78791,30.26656],[120.86546,30.2753],[120.92321,30.16833],[120.92823,30.11638],[120.98817,30.05964],[120.98626,30.03157],[121.01362,30.01323],[121.03385,30.01797],[121.03374,30.00108],[121.06313,30.00883],[121.08788,29.98962],[121.04457,29.95869],[121.00993,29.90049],[121.04987,29.8539],[121.10026,29.84403],[121.09185,29.81361],[121.10306,29.80479],[121.05521,29.76245],[121.01961,29.76776],[121.03138,29.74729],[121.00602,29.73683]]]}},{"type":"Feature","id":"CTAMAP-2008-COUNTY-1768","properties":{"map_level":"county","source_name":"嵊泗县","source_code":"330922","county_type":"县","prefecture_name":"舟山市","prefecture_code":"330900","prefecture_type":"地级市","parent_entity_id":"CNUR-000095","parent_year_end_name":"舟山市","province_name":"浙江省","province_code":"330000","snapshot_year":2008,"panel_year":2007,"link_status":"parent_linked","former_name":"","note":""},"geometry":{"type":"MultiPolygon","coordinates":[[[[122.48474,30.7119],[122.52519,30.72649],[122.5344,30.70622],[122.42342,30.68691],[122.44014,30.71807],[122.42856,30.74358],[122.48474,30.7119]]],[[[122.10399,30.62397],[122.08948,30.60441],[122.03756,30.6429],[122.06858,30.64642],[122.10399,30.62397]]],[[[122.79301,30.7255],[122.77857,30.71669],[122.78531,30.69954],[122.75244,30.7091],[122.77616,30.73006],[122.79301,30.7255]]],[[[122.55578,30.67698],[122.58394,30.66613],[122.56044,30.65997],[122.56768,30.6475],[122.54343,30.65408],[122.55578,30.67698]]],[[[122.80321,30.72071],[122.82825,30.72741],[122.83216,30.70322],[122.80321,30.72071]]],[[[122.67435,30.863],[122.7011,30.85053],[122.685,30.84082],[122.66239,30.85041],[122.67435,30.863]]],[[[122.06843,30.57501],[122.05214,30.5938],[122.08566,30.59512],[122.07924,30.58156],[122.06843,30.57501]]],[[[122.10866,30.61475],[122.12861,30.59878],[122.09815,30.60446],[122.10866,30.61475]]],[[[122.41752,30.68614],[122.43067,30.67593],[122.40494,30.67385],[122.41752,30.68614]]],[[[122.01107,30.6606],[122.02403,30.66066],[122.04258,30.65464],[122.03829,30.64921],[122.01107,30.6606]]],[[[122.61265,30.82756],[122.63558,30.81845],[122.60508,30.82141],[122.61265,30.82756]]],[[[122.79235,30.77799],[122.7739,30.78625],[122.77175,30.78965],[122.78405,30.79247],[122.79235,30.77799]]],[[[122.52911,30.67412],[122.541,30.66205],[122.52013,30.67351],[122.52911,30.67412]]],[[[122.28534,30.65277],[122.29034,30.64244],[122.27338,30.64011],[122.28534,30.65277]]],[[[122.46301,30.74578],[122.44838,30.75669],[122.46445,30.75459],[122.46301,30.74578]]],[[[122.65038,30.82201],[122.63705,30.81913],[122.6412,30.8292],[122.65038,30.82201]]],[[[122.38875,30.74488],[122.38261,30.76156],[122.38942,30.76371],[122.39083,30.75772],[122.38875,30.74488]]],[[[121.62372,30.61469],[121.63329,30.6118],[121.61418,30.60986],[121.62372,30.61469]]],[[[122.42763,30.62001],[122.42162,30.62289],[122.42809,30.62499],[122.42763,30.62001]]],[[[122.512,30.6512],[122.51202,30.64473],[122.50876,30.6498],[122.512,30.6512]]],[[[122.14225,30.61997],[122.14476,30.61369],[122.13209,30.61693],[122.14225,30.61997]]],[[[122.7677,30.79761],[122.75977,30.7906],[122.75923,30.79635],[122.7677,30.79761]]]]}},{"type":"Feature","id":"CTAMAP-2008-COUNTY-1769","properties":{"map_level":"county","source_name":"嵊州市","source_code":"330683","county_type":"县级市","prefecture_name":"绍兴市","prefecture_code":"330600","prefecture_type":"地级市","parent_entity_id":"CNUR-000092","parent_year_end_name":"绍兴市","province_name":"浙江省","province_code":"330000","snapshot_year":2008,"panel_year":2007,"link_status":"parent_linked","former_name":"","note":""},"geometry":{"type":"Polygon","coordinates":[[[120.9815,29.74658],[121.03426,29.71973],[121.00596,29.71286],[121.01734,29.69125],[120.98952,29.69048],[120.98664,29.67823],[121.02849,29.66293],[121.05437,29.70258],[121.07064,29.63805],[121.11497,29.60649],[121.0996,29.58949],[121.11607,29.57728],[121.09005,29.51527],[121.01897,29.52146],[121.02383,29.54056],[120.98676,29.56002],[120.97586,29.54394],[120.9145,29.55808],[120.89168,29.53613],[120.84833,29.54308],[120.77361,29.49881],[120.7856,29.48508],[120.77219,29.44299],[120.74532,29.43902],[120.7164,29.36434],[120.66583,29.32912],[120.65089,29.33944],[120.6281,29.32561],[120.5814,29.35166],[120.56974,29.34163],[120.57419,29.3621],[120.5497,29.37083],[120.54951,29.39362],[120.51319,29.40683],[120.51526,29.46523],[120.46385,29.50165],[120.51329,29.53502],[120.48809,29.59417],[120.51494,29.61211],[120.51195,29.66893],[120.54717,29.71647],[120.56498,29.70663],[120.61405,29.74672],[120.66085,29.74927],[120.6692,29.71642],[120.69431,29.70081],[120.7398,29.7558],[120.74843,29.81102],[120.80805,29.83116],[120.838,29.83121],[120.85259,29.76989],[120.86747,29.76922],[120.84842,29.76017],[120.8618,29.74826],[120.88281,29.74706],[120.88498,29.76011],[120.90138,29.73615],[120.94439,29.75031],[120.95365,29.73605],[120.9815,29.74658]]]}},{"type":"Feature","id":"CTAMAP-2008-COUNTY-1845","properties":{"map_level":"county","source_name":"松阳县","source_code":"331124","county_type":"县","prefecture_name":"丽水市","prefecture_code":"331100","prefecture_type":"地级市","parent_entity_id":"CNUR-000097","parent_year_end_name":"丽水市","province_name":"浙江省","province_code":"330000","snapshot_year":2008,"panel_year":2007,"link_status":"parent_linked","former_name":"","note":""},"geometry":{"type":"Polygon","coordinates":[[[119.44449,28.55986],[119.52865,28.55914],[119.54504,28.53285],[119.58443,28.54233],[119.61425,28.52807],[119.6195,28.46415],[119.68234,28.47195],[119.68888,28.4337],[119.67061,28.41441],[119.71021,28.31825],[119.55041,28.31307],[119.54383,28.26166],[119.48634,28.27594],[119.43073,28.26004],[119.43649,28.24286],[119.41255,28.25618],[119.38927,28.24442],[119.37942,28.26536],[119.35916,28.24567],[119.32357,28.25855],[119.28727,28.24746],[119.26663,28.28567],[119.21469,28.30253],[119.20279,28.28667],[119.222,28.27882],[119.21429,28.25693],[119.17961,28.2755],[119.16462,28.31418],[119.1811,28.37258],[119.22146,28.40912],[119.24253,28.50784],[119.27111,28.50497],[119.28762,28.54426],[119.37886,28.60881],[119.39579,28.59229],[119.45234,28.5962],[119.44449,28.55986]]]}},{"type":"Feature","id":"CTAMAP-2008-COUNTY-1871","properties":{"map_level":"county","source_name":"遂昌县","source_code":"331123","county_type":"县","prefecture_name":"丽水市","prefecture_code":"331100","prefecture_type":"地级市","parent_entity_id":"CNUR-000097","parent_year_end_name":"丽水市","province_name":"浙江省","province_code":"330000","snapshot_year":2008,"panel_year":2007,"link_status":"parent_linked","former_name":"","note":""},"geometry":{"type":"Polygon","coordinates":[[[119.31613,28.80746],[119.33796,28.76084],[119.37323,28.78994],[119.41333,28.75242],[119.4686,28.7674],[119.45487,28.68413],[119.47561,28.66408],[119.45093,28.65029],[119.48646,28.62798],[119.5119,28.64128],[119.49373,28.62366],[119.51325,28.61066],[119.48829,28.55907],[119.44449,28.55986],[119.44958,28.597],[119.39579,28.59229],[119.37886,28.60881],[119.34129,28.59184],[119.28762,28.54426],[119.28357,28.52331],[119.2713,28.52582],[119.27111,28.50497],[119.24253,28.50784],[119.22146,28.40912],[119.1811,28.37258],[119.16715,28.30586],[119.14542,28.2968],[119.13486,28.32948],[119.1112,28.33976],[119.09071,28.28865],[119.06667,28.27074],[119.02779,28.30243],[118.98847,28.27479],[118.98362,28.24858],[119.00592,28.23781],[118.98678,28.21426],[118.93956,28.22594],[118.92898,28.26942],[118.88484,28.26204],[118.88673,28.28923],[118.85968,28.32191],[118.77208,28.25171],[118.72922,28.25741],[118.73462,28.29194],[118.72162,28.28897],[118.7176,28.31704],[118.69533,28.31328],[118.75239,28.40188],[118.75002,28.41997],[118.71694,28.41739],[118.71826,28.49648],[118.74544,28.52709],[118.77115,28.52119],[118.81984,28.55143],[118.86477,28.51671],[118.90912,28.56668],[118.90508,28.60014],[118.92535,28.64336],[118.96345,28.65306],[119.04838,28.73014],[119.09475,28.7495],[119.13439,28.74119],[119.19044,28.78167],[119.24418,28.76675],[119.27178,28.80026],[119.26261,28.80833],[119.31613,28.80746]]]}},{"type":"Feature","id":"CTAMAP-2008-COUNTY-1900","properties":{"map_level":"county","source_name":"泰顺县","source_code":"330329","county_type":"县","prefecture_name":"温州市","prefecture_code":"330300","prefecture_type":"地级市","parent_entity_id":"CNUR-000089","parent_year_end_name":"温州市","province_name":"浙江省","province_code":"330000","snapshot_year":2008,"panel_year":2007,"link_status":"parent_linked","former_name":"","note":""},"geometry":{"type":"Polygon","coordinates":[[[120.0643,27.56714],[120.06323,27.54568],[120.13145,27.51999],[120.12608,27.51002],[120.15591,27.50228],[120.16552,27.47616],[120.23319,27.45891],[120.24377,27.43695],[120.21354,27.42148],[120.13064,27.42548],[120.1281,27.39656],[120.09383,27.39529],[120.04619,27.34039],[119.99,27.38316],[119.95188,27.36789],[119.96191,27.36265],[119.93214,27.33948],[119.94081,27.31778],[119.90139,27.32188],[119.87153,27.30409],[119.84121,27.3274],[119.83813,27.30311],[119.81393,27.29956],[119.76588,27.30895],[119.76615,27.32999],[119.78055,27.32975],[119.68319,27.43717],[119.70481,27.4654],[119.70399,27.5178],[119.68254,27.54151],[119.65386,27.54505],[119.67206,27.57698],[119.6285,27.5845],[119.62014,27.61882],[119.64302,27.63855],[119.63156,27.67113],[119.65239,27.69566],[119.64692,27.71993],[119.76266,27.80918],[119.7872,27.78719],[119.8099,27.8116],[119.83195,27.80187],[119.82764,27.76029],[119.87439,27.72672],[119.88266,27.68166],[119.98138,27.69764],[119.99338,27.67511],[119.97995,27.62925],[120.00524,27.62461],[120.01112,27.59608],[120.0643,27.56714]]]}},{"type":"Feature","id":"CTAMAP-2008-COUNTY-1924","properties":{"map_level":"county","source_name":"天台县","source_code":"331023","county_type":"县","prefecture_name":"台州市","prefecture_code":"331000","prefecture_type":"地级市","parent_entity_id":"CNUR-000096","parent_year_end_name":"台州市","province_name":"浙江省","province_code":"330000","snapshot_year":2008,"panel_year":2007,"link_status":"parent_linked","former_name":"","note":""},"geometry":{"type":"Polygon","coordinates":[[[121.18902,29.32542],[121.19519,29.30881],[121.15891,29.25092],[121.16207,29.21162],[121.21618,29.21324],[121.25969,29.15733],[121.25142,29.10132],[121.19948,29.02665],[121.07817,29.0676],[121.02209,29.02171],[120.94164,29.03947],[120.83145,28.95613],[120.79406,28.96478],[120.7758,28.99638],[120.71458,28.97884],[120.72521,29.01135],[120.71151,29.04015],[120.70216,29.02421],[120.6906,29.03647],[120.70114,29.07694],[120.69005,29.0927],[120.71986,29.12302],[120.73892,29.11708],[120.70798,29.14791],[120.77359,29.20133],[120.7776,29.22698],[120.8233,29.23346],[120.85703,29.25753],[120.88744,29.24292],[120.88329,29.26776],[120.90753,29.30381],[120.94345,29.28682],[120.97197,29.32133],[120.98373,29.30858],[121.01499,29.32481],[121.02307,29.31075],[121.05359,29.32715],[121.11059,29.30598],[121.11858,29.34002],[121.14629,29.33341],[121.16134,29.34689],[121.15966,29.32838],[121.18902,29.32542]]]}},{"type":"Feature","id":"CTAMAP-2008-COUNTY-1957","properties":{"map_level":"county","source_name":"桐庐县","source_code":"330122","county_type":"县","prefecture_name":"杭州市","prefecture_code":"330100","prefecture_type":"地级市","parent_entity_id":"CNUR-000087","parent_year_end_name":"杭州市","province_name":"浙江省","province_code":"330000","snapshot_year":2008,"panel_year":2007,"link_status":"parent_linked","former_name":"","note":""},"geometry":{"type":"Polygon","coordinates":[[[119.88633,29.76462],[119.91078,29.71125],[119.95011,29.71917],[119.93918,29.7115],[119.97047,29.6906],[119.96618,29.6738],[119.94138,29.68408],[119.8931,29.66337],[119.8851,29.67845],[119.82896,29.68286],[119.77385,29.65275],[119.7656,29.6028],[119.72744,29.62038],[119.70011,29.59149],[119.66972,29.65302],[119.62035,29.65831],[119.59996,29.71454],[119.56347,29.75514],[119.48997,29.72415],[119.41982,29.76165],[119.39277,29.7457],[119.38039,29.77445],[119.34353,29.71869],[119.28488,29.72886],[119.28956,29.77834],[119.26569,29.79668],[119.26948,29.83443],[119.24133,29.82524],[119.18988,29.83982],[119.17513,29.85868],[119.19762,29.8981],[119.22493,29.90799],[119.21638,29.93909],[119.17693,29.95015],[119.22052,29.96298],[119.2429,29.93749],[119.258,29.94446],[119.24183,29.99733],[119.28617,30.0147],[119.30285,29.99659],[119.33216,30.01043],[119.41367,29.99831],[119.4125,29.98559],[119.43003,30.01364],[119.41552,30.0643],[119.43035,30.08718],[119.45323,30.09062],[119.46056,30.07457],[119.50453,30.06981],[119.49615,30.02392],[119.53197,30.016],[119.53908,29.98034],[119.59226,29.97518],[119.6251,29.93003],[119.67117,29.92426],[119.67223,29.8912],[119.70006,29.86048],[119.81014,29.88077],[119.84646,29.84404],[119.88543,29.84182],[119.85582,29.78631],[119.88633,29.76462]]]}},{"type":"Feature","id":"CTAMAP-2008-COUNTY-1958","properties":{"map_level":"county","source_name":"桐乡市","source_code":"330483","county_type":"县级市","prefecture_name":"嘉兴市","prefecture_code":"330400","prefecture_type":"地级市","parent_entity_id":"CNUR-000090","parent_year_end_name":"嘉兴市","province_name":"浙江省","province_code":"330000","snapshot_year":2008,"panel_year":2007,"link_status":"parent_linked","former_name":"","note":""},"geometry":{"type":"Polygon","coordinates":[[[120.64439,30.58658],[120.66398,30.55763],[120.65044,30.53913],[120.60661,30.54113],[120.57087,30.52393],[120.55888,30.48704],[120.42658,30.50501],[120.41939,30.4864],[120.37618,30.4945],[120.36688,30.47563],[120.32501,30.47155],[120.31453,30.52331],[120.29368,30.52392],[120.29148,30.56785],[120.31475,30.58051],[120.29448,30.59884],[120.33526,30.62272],[120.33439,30.6601],[120.44866,30.68322],[120.4381,30.70403],[120.46203,30.70418],[120.48181,30.73019],[120.46537,30.76675],[120.50036,30.76048],[120.52926,30.79686],[120.55522,30.79158],[120.57414,30.73022],[120.64184,30.68675],[120.62425,30.62834],[120.59895,30.61996],[120.61273,30.59023],[120.64439,30.58658]]]}},{"type":"Feature","id":"CTAMAP-2008-COUNTY-2020","properties":{"map_level":"county","source_name":"温岭市","source_code":"331081","county_type":"县级市","prefecture_name":"台州市","prefecture_code":"331000","prefecture_type":"地级市","parent_entity_id":"CNUR-000096","parent_year_end_name":"台州市","province_name":"浙江省","province_code":"330000","snapshot_year":2008,"panel_year":2007,"link_status":"parent_linked","former_name":"","note":""},"geometry":{"type":"MultiPolygon","coordinates":[[[[121.31912,28.53176],[121.39212,28.49754],[121.42864,28.51254],[121.4451,28.49054],[121.47696,28.49145],[121.4763,28.47852],[121.48839,28.49852],[121.52462,28.50357],[121.60592,28.48214],[121.59587,28.4287],[121.65947,28.40341],[121.61731,28.34832],[121.66537,28.34722],[121.64647,28.33139],[121.6402,28.28915],[121.616,28.27881],[121.62495,28.26568],[121.58267,28.25018],[121.59218,28.2733],[121.57136,28.27037],[121.57804,28.30167],[121.49209,28.332],[121.46008,28.32726],[121.46207,28.30399],[121.44775,28.30701],[121.43863,28.26636],[121.42231,28.25873],[121.34907,28.27798],[121.35799,28.32353],[121.29751,28.28627],[121.23808,28.28009],[121.24336,28.2912],[121.21457,28.32081],[121.23797,28.34922],[121.21566,28.34606],[121.20421,28.37537],[121.24153,28.38875],[121.25376,28.41111],[121.21796,28.42538],[121.22193,28.44078],[121.16777,28.50788],[121.24644,28.50954],[121.28108,28.5313],[121.31912,28.53176]]],[[[121.63511,28.43136],[121.66572,28.43348],[121.66936,28.43012],[121.63511,28.43136]]],[[[121.65281,28.35997],[121.6386,28.35292],[121.65477,28.36817],[121.65281,28.35997]]],[[[121.68549,28.28434],[121.67337,28.28789],[121.68312,28.29257],[121.68549,28.28434]]],[[[121.67606,28.41768],[121.68495,28.40721],[121.66763,28.41145],[121.67606,28.41768]]],[[[121.66991,28.42321],[121.65147,28.42047],[121.64944,28.4222],[121.66991,28.42321]]],[[[121.63989,28.23564],[121.63452,28.22451],[121.62834,28.22529],[121.63989,28.23564]]],[[[121.66423,28.40902],[121.65698,28.41093],[121.6685,28.41752],[121.66423,28.40902]]],[[[121.69142,28.38395],[121.682,28.37837],[121.68644,28.38792],[121.69142,28.38395]]],[[[121.64738,28.29638],[121.64695,28.3049],[121.65096,28.30283],[121.64738,28.29638]]],[[[121.68218,28.37748],[121.67942,28.3712],[121.67393,28.37494],[121.68218,28.37748]]],[[[121.72799,28.38322],[121.71974,28.38058],[121.72503,28.38578],[121.72799,28.38322]]],[[[121.66022,28.29313],[121.65447,28.29638],[121.66007,28.29925],[121.66022,28.29313]]]]}},{"type":"Feature","id":"CTAMAP-2008-COUNTY-2026","properties":{"map_level":"county","source_name":"文成县","source_code":"330328","county_type":"县","prefecture_name":"温州市","prefecture_code":"330300","prefecture_type":"地级市","parent_entity_id":"CNUR-000089","parent_year_end_name":"温州市","province_name":"浙江省","province_code":"330000","snapshot_year":2008,"panel_year":2007,"link_status":"parent_linked","former_name":"","note":""},"geometry":{"type":"Polygon","coordinates":[[[120.22604,27.93437],[120.22388,27.8895],[120.1873,27.86941],[120.19293,27.83681],[120.16931,27.80491],[120.25314,27.73931],[120.20106,27.69464],[120.12197,27.69049],[120.11675,27.65297],[120.10165,27.64392],[120.11561,27.60401],[120.09264,27.58216],[120.06926,27.58298],[120.07333,27.56618],[120.01134,27.59588],[120.00524,27.62461],[119.97995,27.62925],[119.99338,27.67511],[119.98445,27.69567],[119.88538,27.67934],[119.87439,27.72672],[119.82764,27.76029],[119.8313,27.80294],[119.80079,27.81036],[119.7872,27.78719],[119.78039,27.79923],[119.78035,27.8654],[119.79659,27.89143],[119.78365,27.91372],[119.80076,27.92884],[119.83068,27.9142],[119.84873,27.93736],[119.8255,27.95606],[119.85042,27.9657],[119.86136,27.95301],[119.86695,27.97464],[119.88824,27.95433],[119.95921,27.97601],[119.96206,27.94224],[120.00237,27.95258],[120.0216,27.94205],[120.06241,27.9549],[120.06579,27.97448],[120.15969,27.98548],[120.17452,27.95527],[120.22604,27.93437]]]}},{"type":"Feature","id":"CTAMAP-2008-COUNTY-2064","properties":{"map_level":"county","source_name":"吴兴区","source_code":"330502","county_type":"市辖区","prefecture_name":"湖州市","prefecture_code":"330500","prefecture_type":"地级市","parent_entity_id":"CNUR-000091","parent_year_end_name":"湖州市","province_name":"浙江省","province_code":"330000","snapshot_year":2008,"panel_year":2007,"link_status":"parent_linked","former_name":"","note":"2003年新设立吴兴区"},"geometry":{"type":"Polygon","coordinates":[[[120.36551,30.95031],[120.3555,30.89491],[120.33715,30.8949],[120.32682,30.85701],[120.21486,30.83512],[120.22014,30.81194],[120.18527,30.7988],[120.12027,30.80988],[120.06803,30.71329],[120.13355,30.69942],[120.14377,30.66626],[120.16653,30.66668],[120.1592,30.65282],[120.10111,30.64074],[120.07455,30.65691],[120.00921,30.63472],[119.99386,30.61363],[119.9365,30.6373],[119.91036,30.61552],[119.88342,30.61597],[119.91769,30.64608],[119.85981,30.69244],[119.88325,30.72881],[119.90828,30.72072],[119.95105,30.75708],[119.9339,30.77403],[119.95386,30.81707],[119.94439,30.88343],[119.96403,30.9256],[119.99789,30.92052],[120.10128,30.9629],[120.14449,30.93949],[120.22053,30.92864],[120.36551,30.95031]]]}},{"type":"Feature","id":"CTAMAP-2008-COUNTY-2105","properties":{"map_level":"county","source_name":"武义县","source_code":"330723","county_type":"县","prefecture_name":"金华市","prefecture_code":"330700","prefecture_type":"地级市","parent_entity_id":"CNUR-000093","parent_year_end_name":"金华市","province_name":"浙江省","province_code":"330000","snapshot_year":2008,"panel_year":2007,"link_status":"parent_linked","former_name":"","note":""},"geometry":{"type":"Polygon","coordinates":[[[119.89193,29.05182],[119.90597,29.04276],[119.89086,28.99559],[119.92116,29.00068],[119.93732,28.97938],[119.89062,28.93428],[119.91756,28.92939],[119.91628,28.89956],[119.93978,28.90487],[119.96624,28.86891],[119.97218,28.82349],[119.91077,28.80266],[119.9181,28.78672],[119.89947,28.75897],[119.87668,28.75616],[119.86533,28.72492],[119.83771,28.72131],[119.80236,28.6878],[119.80792,28.65732],[119.79222,28.63768],[119.74801,28.63867],[119.76946,28.5892],[119.74394,28.59631],[119.74566,28.57867],[119.71514,28.56926],[119.69751,28.53063],[119.66561,28.53353],[119.66006,28.55158],[119.62432,28.51982],[119.58666,28.54202],[119.53783,28.53471],[119.50957,28.56533],[119.49265,28.55316],[119.48632,28.56935],[119.51325,28.61066],[119.49373,28.62366],[119.5119,28.64128],[119.48775,28.62794],[119.47778,28.64336],[119.45513,28.63969],[119.4512,28.65462],[119.47561,28.66408],[119.45658,28.67317],[119.45568,28.74524],[119.48762,28.73261],[119.52674,28.7964],[119.5468,28.79767],[119.55685,28.84064],[119.57457,28.85213],[119.59501,28.8401],[119.61123,28.87461],[119.63031,28.86829],[119.65066,28.8943],[119.64664,28.92161],[119.67818,28.92309],[119.68236,28.93762],[119.70318,28.92802],[119.69688,28.93734],[119.71559,28.93954],[119.74191,28.9903],[119.78728,29.01099],[119.82871,29.00966],[119.84017,29.02997],[119.89193,29.05182]]]}},{"type":"Feature","id":"CTAMAP-2008-COUNTY-2111","properties":{"map_level":"county","source_name":"婺城区","source_code":"330702","county_type":"市辖区","prefecture_name":"金华市","prefecture_code":"330700","prefecture_type":"地级市","parent_entity_id":"CNUR-000093","parent_year_end_name":"金华市","province_name":"浙江省","province_code":"330000","snapshot_year":2008,"panel_year":2007,"link_status":"parent_linked","former_name":"","note":""},"geometry":{"type":"Polygon","coordinates":[[[119.76036,28.99415],[119.7298,28.97905],[119.70318,28.92802],[119.68236,28.93762],[119.67818,28.92309],[119.64664,28.92161],[119.65066,28.8943],[119.62734,28.86606],[119.61123,28.87461],[119.59501,28.8401],[119.57457,28.85213],[119.55685,28.84064],[119.5468,28.79767],[119.52674,28.7964],[119.48762,28.73261],[119.46431,28.74477],[119.4629,28.76974],[119.41333,28.75242],[119.38102,28.78955],[119.34614,28.75943],[119.32195,28.78314],[119.31613,28.80746],[119.34043,28.83062],[119.3274,28.84821],[119.30547,28.84573],[119.30607,28.86585],[119.32873,28.86834],[119.34081,28.89792],[119.30829,28.94769],[119.32916,29.04547],[119.32048,29.09259],[119.39528,29.14952],[119.44625,29.13357],[119.43171,29.11607],[119.4692,29.09386],[119.49731,29.1126],[119.50063,29.13502],[119.53824,29.14251],[119.54672,29.13171],[119.56381,29.18935],[119.596,29.2287],[119.63846,29.22206],[119.7169,29.25114],[119.64987,29.20643],[119.67611,29.14091],[119.6629,29.12394],[119.67537,29.10276],[119.66089,29.09425],[119.67371,29.04679],[119.73736,29.04661],[119.72522,28.99916],[119.76036,28.99415]]]}},{"type":"Feature","id":"CTAMAP-2008-COUNTY-2155","properties":{"map_level":"county","source_name":"下城区","source_code":"330103","county_type":"市辖区","prefecture_name":"杭州市","prefecture_code":"330100","prefecture_type":"地级市","parent_entity_id":"CNUR-000087","parent_year_end_name":"杭州市","province_name":"浙江省","province_code":"330000","snapshot_year":2008,"panel_year":2007,"link_status":"parent_linked","former_name":"","note":""},"geometry":{"type":"Polygon","coordinates":[[[120.18353,30.26016],[120.15408,30.26053],[120.14804,30.29064],[120.19516,30.35301],[120.20729,30.33679],[120.18372,30.31119],[120.18353,30.26016]]]}},{"type":"Feature","id":"CTAMAP-2008-COUNTY-2162","properties":{"map_level":"county","source_name":"仙居县","source_code":"331024","county_type":"县","prefecture_name":"台州市","prefecture_code":"331000","prefecture_type":"地级市","parent_entity_id":"CNUR-000096","parent_year_end_name":"台州市","province_name":"浙江省","province_code":"330000","snapshot_year":2008,"panel_year":2007,"link_status":"parent_linked","former_name":"","note":""},"geometry":{"type":"Polygon","coordinates":[[[120.82298,28.95419],[120.87941,28.87893],[120.89894,28.87351],[120.92051,28.8109],[120.91356,28.7869],[120.93221,28.75567],[120.91034,28.74025],[120.92216,28.72392],[120.90065,28.66481],[120.87337,28.6661],[120.90955,28.62536],[120.86482,28.63309],[120.80897,28.61855],[120.78814,28.58566],[120.75474,28.59457],[120.74426,28.61362],[120.70237,28.61525],[120.6847,28.58613],[120.6356,28.58205],[120.64419,28.56756],[120.61741,28.56058],[120.6153,28.536],[120.54521,28.53713],[120.48036,28.58685],[120.44223,28.58774],[120.39458,28.46807],[120.37546,28.50106],[120.33691,28.49878],[120.31151,28.52586],[120.29187,28.51423],[120.28655,28.54157],[120.31762,28.55709],[120.32106,28.57936],[120.37783,28.58615],[120.37476,28.60893],[120.34451,28.63577],[120.35308,28.64979],[120.31871,28.66984],[120.31878,28.6903],[120.34869,28.70964],[120.33973,28.73107],[120.36565,28.74321],[120.36748,28.77293],[120.39889,28.79083],[120.41646,28.83263],[120.44505,28.84534],[120.47699,28.83141],[120.51121,28.89415],[120.52944,28.86921],[120.55691,28.8644],[120.64442,28.90436],[120.67303,28.97994],[120.7758,28.99638],[120.78287,28.97387],[120.82298,28.95419]]]}},{"type":"Feature","id":"CTAMAP-2008-COUNTY-2194","properties":{"map_level":"county","source_name":"象山县","source_code":"330225","county_type":"县","prefecture_name":"宁波市","prefecture_code":"330200","prefecture_type":"地级市","parent_entity_id":"CNUR-000088","parent_year_end_name":"宁波市","province_name":"浙江省","province_code":"330000","snapshot_year":2008,"panel_year":2007,"link_status":"parent_linked","former_name":"","note":""},"geometry":{"type":"MultiPolygon","coordinates":[[[[121.79786,29.25064],[121.81703,29.2699],[121.79536,29.27187],[121.80447,29.3048],[121.83998,29.32902],[121.81248,29.33884],[121.79249,29.32003],[121.80378,29.35437],[121.79012,29.3643],[121.8078,29.37876],[121.76782,29.35761],[121.78809,29.34635],[121.78326,29.27491],[121.74964,29.27026],[121.7169,29.41183],[121.68608,29.40061],[121.65983,29.41014],[121.63685,29.44278],[121.58109,29.44888],[121.56666,29.47482],[121.72484,29.54132],[121.75122,29.52805],[121.7804,29.53654],[121.76167,29.51097],[121.76342,29.47893],[121.80188,29.47569],[121.84367,29.53601],[121.81774,29.54812],[121.74582,29.54307],[121.74348,29.55736],[121.79616,29.60484],[121.87893,29.61629],[121.91094,29.64245],[121.95233,29.63459],[121.95158,29.6187],[121.99072,29.59521],[121.97655,29.57728],[121.99165,29.55116],[121.95445,29.5094],[121.95616,29.47753],[121.98506,29.44756],[121.92551,29.38608],[121.91902,29.35857],[121.94526,29.33645],[121.92074,29.31399],[121.92494,29.28586],[121.99081,29.27949],[121.95869,29.25245],[121.97314,29.2225],[121.96148,29.21431],[121.94992,29.22767],[121.93647,29.19666],[121.87559,29.1683],[121.86057,29.17062],[121.81209,29.15759],[121.78253,29.17648],[121.79786,29.25064]]],[[[121.97857,29.15034],[121.98239,29.10898],[121.95821,29.09648],[121.97988,29.08946],[121.95874,29.08043],[121.94775,29.05172],[121.899,29.07403],[121.90781,29.08705],[121.8914,29.11893],[121.86728,29.13106],[121.93745,29.18492],[121.97857,29.15034]]],[[[121.78528,29.14961],[121.86764,29.14352],[121.8639,29.12974],[121.88666,29.11522],[121.87071,29.08984],[121.78321,29.11385],[121.78528,29.14961]]],[[[122.05253,29.19077],[122.0403,29.18022],[122.06884,29.17936],[122.0614,29.16839],[122.01178,29.15499],[122.01146,29.17359],[122.03525,29.17992],[122.03179,29.20855],[122.05253,29.19077]]],[[[121.78791,29.09935],[121.83834,29.08648],[121.82418,29.08619],[121.83711,29.07597],[121.82863,29.05433],[121.78669,29.07832],[121.78791,29.09935]]],[[[122.20822,29.4417],[122.22183,29.43221],[122.17666,29.41139],[122.17602,29.42685],[122.20822,29.4417]]],[[[121.96865,29.19237],[121.97333,29.1657],[121.94855,29.1888],[121.96865,29.19237]]],[[[121.79369,29.28294],[121.78707,29.29778],[121.7953,29.31618],[121.79941,29.29494],[121.79369,29.28294]]],[[[121.94894,29.04669],[121.92697,29.04363],[121.94884,29.04807],[121.94894,29.04669]]],[[[121.99318,29.50749],[121.97723,29.49909],[121.97291,29.50165],[121.98263,29.51115],[121.99318,29.50749]]],[[[121.94884,29.19914],[121.95829,29.21469],[121.96245,29.19856],[121.94884,29.19914]]],[[[122.02223,29.60838],[122.0186,29.62102],[122.02598,29.62703],[122.03132,29.61738],[122.02223,29.60838]]],[[[121.97366,29.34598],[121.96748,29.3432],[121.98069,29.35071],[121.97366,29.34598]]],[[[121.99115,29.22983],[121.99016,29.22221],[121.97979,29.23013],[121.99115,29.22983]]],[[[122.18955,29.46716],[122.1795,29.45833],[122.18045,29.46327],[122.18955,29.46716]]],[[[121.86593,29.16895],[121.86183,29.16133],[121.85409,29.16313],[121.86593,29.16895]]],[[[121.89164,29.16419],[121.8894,29.16884],[121.90221,29.16896],[121.89164,29.16419]]],[[[122.23795,28.86657],[122.22863,28.8566],[122.2264,28.86171],[122.23795,28.86657]]],[[[122.0091,29.23624],[122.00041,29.22778],[121.99739,29.2334],[122.0091,29.23624]]],[[[122.01427,29.41163],[122.00182,29.40749],[121.99809,29.41261],[122.00209,29.41493],[122.01427,29.41163]]],[[[121.98323,29.4775],[121.97846,29.47375],[121.97478,29.47819],[121.98323,29.4775]]],[[[122.00502,29.6278],[121.99682,29.6251],[122.00161,29.63205],[122.00502,29.6278]]],[[[122.18117,29.40321],[122.16976,29.40284],[122.17631,29.40855],[122.18117,29.40321]]],[[[122.26245,28.88947],[122.25476,28.88337],[122.25638,28.89116],[122.26245,28.88947]]],[[[122.22478,29.38213],[122.22348,29.3766],[122.21836,29.37865],[122.22478,29.38213]]]]}},{"type":"Feature","id":"CTAMAP-2008-COUNTY-2196","properties":{"map_level":"county","source_name":"萧山区","source_code":"330109","county_type":"市辖区","prefecture_name":"杭州市","prefecture_code":"330100","prefecture_type":"地级市","parent_entity_id":"CNUR-000087","parent_year_end_name":"杭州市","province_name":"浙江省","province_code":"330000","snapshot_year":2008,"panel_year":2007,"link_status":"parent_linked","former_name":"萧山市","note":"2001年撤销萧山市，设立萧山区"},"geometry":{"type":"Polygon","coordinates":[[[120.71401,30.29162],[120.63862,30.2199],[120.59477,30.14816],[120.51184,30.15718],[120.47986,30.17537],[120.45684,30.17045],[120.43827,30.13388],[120.42039,30.13315],[120.41495,30.15521],[120.39983,30.13188],[120.38085,30.1597],[120.34829,30.15412],[120.32252,30.12716],[120.2978,30.13464],[120.28251,30.10831],[120.33219,30.09538],[120.3338,30.06205],[120.31965,30.04788],[120.35106,30.01747],[120.35959,29.978],[120.33947,29.97657],[120.31044,29.93135],[120.28644,29.93788],[120.26857,29.92271],[120.25146,29.9454],[120.21711,29.94366],[120.1832,29.90632],[120.16175,29.91974],[120.13906,29.87501],[120.10339,29.84683],[120.07465,29.88296],[120.07724,29.91878],[120.09663,29.93944],[120.08577,29.95154],[120.09463,29.98374],[120.12114,29.99624],[120.13136,30.0259],[120.11972,30.05059],[120.12958,30.08272],[120.17669,30.11023],[120.14142,30.13951],[120.17058,30.15629],[120.21506,30.14232],[120.21698,30.18016],[120.2322,30.18724],[120.23071,30.23058],[120.21603,30.23899],[120.24407,30.27564],[120.29194,30.29093],[120.36547,30.25665],[120.43531,30.3767],[120.50123,30.39175],[120.6907,30.37973],[120.71401,30.29162]]]}},{"type":"Feature","id":"CTAMAP-2008-COUNTY-2214","properties":{"map_level":"county","source_name":"新昌县","source_code":"330624","county_type":"县","prefecture_name":"绍兴市","prefecture_code":"330600","prefecture_type":"地级市","parent_entity_id":"CNUR-000092","parent_year_end_name":"绍兴市","province_name":"浙江省","province_code":"330000","snapshot_year":2008,"panel_year":2007,"link_status":"parent_linked","former_name":"","note":""},"geometry":{"type":"Polygon","coordinates":[[[121.10925,29.55421],[121.22128,29.53739],[121.20967,29.45559],[121.22071,29.44883],[121.2048,29.43982],[121.22558,29.41349],[121.22485,29.37408],[121.19243,29.32608],[121.15966,29.32838],[121.16134,29.34689],[121.14629,29.33341],[121.11858,29.34002],[121.11059,29.30598],[121.05359,29.32715],[121.02307,29.31075],[121.01499,29.32481],[120.98373,29.30858],[120.97197,29.32133],[120.94345,29.28682],[120.90753,29.30381],[120.88329,29.26776],[120.88744,29.24292],[120.85703,29.25753],[120.82067,29.23245],[120.77628,29.22678],[120.77581,29.28044],[120.75339,29.28238],[120.77112,29.29402],[120.76743,29.3107],[120.70568,29.30662],[120.69823,29.35912],[120.72874,29.38246],[120.74532,29.43902],[120.7729,29.44418],[120.7856,29.48508],[120.77515,29.49985],[120.84833,29.54308],[120.89168,29.53613],[120.9145,29.55808],[120.94904,29.54259],[120.94614,29.55636],[120.97586,29.54394],[120.98676,29.56002],[121.02383,29.54056],[121.01897,29.52146],[121.08853,29.51462],[121.10925,29.55421]]]}},{"type":"Feature","id":"CTAMAP-2008-COUNTY-2284","properties":{"map_level":"county","source_name":"秀洲区","source_code":"330411","county_type":"市辖区","prefecture_name":"嘉兴市","prefecture_code":"330400","prefecture_type":"地级市","parent_entity_id":"CNUR-000090","parent_year_end_name":"嘉兴市","province_name":"浙江省","province_code":"330000","snapshot_year":2008,"panel_year":2007,"link_status":"parent_linked","former_name":"","note":""},"geometry":{"type":"Polygon","coordinates":[[[120.7035,30.97395],[120.77616,30.93927],[120.75724,30.92514],[120.76861,30.90115],[120.79841,30.90631],[120.79262,30.82989],[120.81525,30.84281],[120.81808,30.8267],[120.79243,30.80099],[120.804,30.78981],[120.77793,30.77823],[120.72703,30.7853],[120.71758,30.75775],[120.64979,30.71932],[120.6781,30.71972],[120.66981,30.69878],[120.69845,30.70484],[120.69869,30.69095],[120.73907,30.70039],[120.74377,30.71693],[120.76513,30.70751],[120.75079,30.62572],[120.77178,30.62966],[120.71596,30.58354],[120.61356,30.58978],[120.59895,30.61996],[120.62425,30.62834],[120.64208,30.68616],[120.57414,30.73022],[120.55522,30.79158],[120.52926,30.79686],[120.58485,30.85836],[120.65117,30.84942],[120.68036,30.88702],[120.69481,30.87112],[120.70763,30.92629],[120.679,30.95903],[120.7035,30.97395]]]}},{"type":"Feature","id":"CTAMAP-2008-COUNTY-2394","properties":{"map_level":"county","source_name":"义乌市","source_code":"330782","county_type":"县级市","prefecture_name":"金华市","prefecture_code":"330700","prefecture_type":"地级市","parent_entity_id":"CNUR-000093","parent_year_end_name":"金华市","province_name":"浙江省","province_code":"330000","snapshot_year":2008,"panel_year":2007,"link_status":"parent_linked","former_name":"","note":""},"geometry":{"type":"Polygon","coordinates":[[[120.25727,29.40193],[120.24218,29.40107],[120.22748,29.34122],[120.18994,29.30602],[120.15157,29.30554],[120.14477,29.28281],[120.16047,29.25082],[120.12784,29.24256],[120.08823,29.18391],[120.0826,29.10007],[119.97598,29.03664],[119.93741,29.06804],[119.89193,29.05182],[119.91487,29.11835],[119.93878,29.11898],[119.94084,29.17208],[119.90706,29.20355],[119.91022,29.25064],[119.82081,29.30862],[119.82206,29.32706],[119.89427,29.37186],[119.91856,29.35981],[119.93666,29.38353],[119.97104,29.35388],[120.06152,29.43722],[120.08101,29.48327],[120.16858,29.52131],[120.19132,29.55855],[120.20795,29.55257],[120.20418,29.52498],[120.28211,29.48737],[120.25647,29.47396],[120.27744,29.44295],[120.25727,29.40193]]]}},{"type":"Feature","id":"CTAMAP-2008-COUNTY-2404","properties":{"map_level":"county","source_name":"鄞州区","source_code":"330212","county_type":"市辖区","prefecture_name":"宁波市","prefecture_code":"330200","prefecture_type":"地级市","parent_entity_id":"CNUR-000088","parent_year_end_name":"宁波市","province_name":"浙江省","province_code":"330000","snapshot_year":2008,"panel_year":2007,"link_status":"parent_linked","former_name":"鄞县","note":"2002年撤销鄞县，设立鄞州区"},"geometry":{"type":"Polygon","coordinates":[[[121.3939,29.94703],[121.45198,29.93875],[121.46945,29.91572],[121.50135,29.92248],[121.50231,29.89188],[121.48035,29.88125],[121.50334,29.88354],[121.50941,29.82817],[121.53269,29.85331],[121.57296,29.84075],[121.59576,29.86404],[121.60351,29.85034],[121.62973,29.8611],[121.61046,29.88938],[121.61998,29.90787],[121.66103,29.90295],[121.6796,29.85311],[121.72948,29.87676],[121.83225,29.7653],[121.88937,29.74053],[121.88627,29.71704],[121.7573,29.62866],[121.72036,29.64153],[121.64061,29.62285],[121.62028,29.63887],[121.58843,29.62347],[121.5557,29.64384],[121.57258,29.69963],[121.475,29.71419],[121.45798,29.78815],[121.43894,29.78822],[121.4465,29.77682],[121.42963,29.77242],[121.41953,29.74386],[121.33634,29.73085],[121.25259,29.73962],[121.20087,29.72675],[121.14489,29.74518],[121.13958,29.78584],[121.17049,29.78574],[121.16863,29.81194],[121.22194,29.84611],[121.23285,29.88103],[121.28304,29.894],[121.31599,29.92646],[121.31985,29.90733],[121.35977,29.8981],[121.3939,29.94703]]]}},{"type":"Feature","id":"CTAMAP-2008-COUNTY-2433","properties":{"map_level":"county","source_name":"永嘉县","source_code":"330324","county_type":"县","prefecture_name":"温州市","prefecture_code":"330300","prefecture_type":"地级市","parent_entity_id":"CNUR-000089","parent_year_end_name":"温州市","province_name":"浙江省","province_code":"330000","snapshot_year":2008,"panel_year":2007,"link_status":"parent_linked","former_name":"","note":""},"geometry":{"type":"Polygon","coordinates":[[[120.79486,28.59161],[120.83782,28.54915],[120.82865,28.52585],[120.86581,28.49435],[120.88962,28.48729],[120.95771,28.51394],[120.9808,28.44797],[120.95864,28.4348],[120.95551,28.41042],[120.98067,28.40289],[120.97956,28.38445],[120.95684,28.37152],[120.95261,28.33967],[120.91563,28.32961],[120.91314,28.34298],[120.89185,28.34411],[120.87599,28.32608],[120.90115,28.29053],[120.90022,28.25813],[120.87762,28.23684],[120.90287,28.23567],[120.89806,28.21332],[120.83557,28.15484],[120.804,28.08502],[120.82419,28.07269],[120.80742,28.06998],[120.79265,28.02103],[120.60507,28.03225],[120.59091,28.10002],[120.56017,28.10905],[120.55449,28.13947],[120.46282,28.13714],[120.41666,28.15808],[120.40908,28.18057],[120.4268,28.18997],[120.39925,28.22264],[120.41854,28.21791],[120.43479,28.23879],[120.41707,28.25737],[120.42129,28.27917],[120.40871,28.30617],[120.34219,28.33743],[120.3588,28.36121],[120.33018,28.37463],[120.34044,28.39538],[120.32724,28.41139],[120.33993,28.43546],[120.37247,28.41449],[120.36734,28.45391],[120.38218,28.4816],[120.39458,28.46807],[120.41496,28.49494],[120.42608,28.57118],[120.44223,28.58774],[120.48036,28.58685],[120.54521,28.53713],[120.58217,28.53381],[120.62411,28.53983],[120.61741,28.56058],[120.64419,28.56756],[120.6356,28.58205],[120.6847,28.58613],[120.70237,28.61525],[120.79486,28.59161]]]}},{"type":"Feature","id":"CTAMAP-2008-COUNTY-2435","properties":{"map_level":"county","source_name":"永康市","source_code":"330784","county_type":"县级市","prefecture_name":"金华市","prefecture_code":"330700","prefecture_type":"地级市","parent_entity_id":"CNUR-000093","parent_year_end_name":"金华市","province_name":"浙江省","province_code":"330000","snapshot_year":2008,"panel_year":2007,"link_status":"parent_linked","former_name":"","note":""},"geometry":{"type":"Polygon","coordinates":[[[120.34254,28.98557],[120.30199,28.9359],[120.27302,28.93382],[120.2659,28.95265],[120.24591,28.91558],[120.25851,28.91277],[120.25817,28.87272],[120.20709,28.83234],[120.1953,28.81069],[120.20785,28.79773],[120.17069,28.77669],[120.13356,28.78507],[120.11935,28.76256],[120.08007,28.79076],[120.02442,28.76079],[119.97506,28.79842],[119.92987,28.79683],[119.97218,28.82349],[119.96624,28.86891],[119.93978,28.90487],[119.91628,28.89956],[119.9145,28.93215],[119.89062,28.93428],[119.93728,28.97618],[119.92116,29.00068],[119.89086,28.99559],[119.90688,29.05645],[119.93741,29.06804],[119.97598,29.03664],[119.99754,29.06005],[120.05061,29.07164],[120.0678,29.10209],[120.09587,29.09212],[120.10243,29.10692],[120.12667,29.09211],[120.17044,29.09657],[120.15157,29.0767],[120.23272,29.06231],[120.23757,29.03644],[120.28131,29.01178],[120.31321,29.01299],[120.31426,28.97684],[120.32586,28.96973],[120.34254,28.98557]]]}},{"type":"Feature","id":"CTAMAP-2008-COUNTY-2461","properties":{"map_level":"county","source_name":"余杭区","source_code":"330110","county_type":"市辖区","prefecture_name":"杭州市","prefecture_code":"330100","prefecture_type":"地级市","parent_entity_id":"CNUR-000087","parent_year_end_name":"杭州市","province_name":"浙江省","province_code":"330000","snapshot_year":2008,"panel_year":2007,"link_status":"parent_linked","former_name":"余杭市","note":"2001年撤销余杭市，设立余杭区"},"geometry":{"type":"Polygon","coordinates":[[[119.76728,30.55222],[119.75746,30.51831],[119.84616,30.50133],[119.87195,30.46182],[119.94486,30.4534],[119.95956,30.43211],[119.99615,30.44826],[120.03127,30.42812],[120.06007,30.43259],[120.06364,30.49993],[120.09563,30.4977],[120.11017,30.47671],[120.14168,30.48517],[120.14587,30.46939],[120.17797,30.48243],[120.19562,30.51758],[120.27429,30.50678],[120.3145,30.52333],[120.32206,30.47303],[120.33692,30.47375],[120.33508,30.43893],[120.30158,30.39568],[120.34007,30.36988],[120.29628,30.34992],[120.2916,30.31727],[120.26826,30.32285],[120.27346,30.34038],[120.26006,30.32887],[120.22764,30.344],[120.24296,30.36253],[120.22808,30.3783],[120.23655,30.38861],[120.20239,30.38082],[120.21173,30.39099],[120.19082,30.40226],[120.16551,30.3743],[120.12445,30.38504],[120.13262,30.34261],[120.081,30.33345],[120.06281,30.35605],[120.0191,30.35075],[120.01768,30.31804],[120.04979,30.3006],[120.05398,30.25534],[120.00255,30.2235],[120.01152,30.21641],[119.99043,30.18179],[119.93607,30.16193],[119.91611,30.19475],[119.84962,30.17862],[119.83143,30.20108],[119.85988,30.24021],[119.86017,30.27599],[119.82337,30.274],[119.83063,30.3098],[119.79659,30.30053],[119.8043,30.33555],[119.78526,30.33427],[119.80216,30.34531],[119.78578,30.3455],[119.7709,30.37867],[119.67724,30.41115],[119.70158,30.43197],[119.69039,30.45601],[119.70452,30.52059],[119.68771,30.55972],[119.76728,30.55222]]]}},{"type":"Feature","id":"CTAMAP-2008-COUNTY-2464","properties":{"map_level":"county","source_name":"余姚市","source_code":"330281","county_type":"县级市","prefecture_name":"宁波市","prefecture_code":"330200","prefecture_type":"地级市","parent_entity_id":"CNUR-000088","parent_year_end_name":"宁波市","province_name":"浙江省","province_code":"330000","snapshot_year":2008,"panel_year":2007,"link_status":"parent_linked","former_name":"","note":""},"geometry":{"type":"Polygon","coordinates":[[[121.4173,30.04424],[121.39175,30.01689],[121.4005,29.99689],[121.37873,29.98848],[121.37358,29.96324],[121.35179,29.96026],[121.38862,29.94936],[121.35977,29.8981],[121.31985,29.90733],[121.31599,29.92646],[121.28271,29.89383],[121.24915,29.89336],[121.22194,29.84611],[121.16906,29.81253],[121.17049,29.78574],[121.13958,29.78584],[121.14489,29.74518],[121.16787,29.72923],[121.18049,29.74301],[121.18782,29.72672],[121.14849,29.70924],[121.13428,29.68105],[121.11076,29.67592],[121.05368,29.70265],[121.02863,29.663],[120.99348,29.67426],[120.9885,29.68978],[121.01829,29.69299],[121.00596,29.71286],[121.03426,29.71973],[121.00602,29.73683],[121.03138,29.74729],[121.01961,29.76776],[121.05521,29.76245],[121.10306,29.80479],[121.09185,29.81361],[121.10026,29.84403],[121.04987,29.8539],[121.00993,29.90049],[121.04457,29.95869],[121.08788,29.98962],[121.06313,30.00883],[121.03374,30.00108],[121.03385,30.01797],[121.01362,30.01323],[120.98626,30.03157],[120.98817,30.05964],[120.92823,30.11638],[120.92321,30.16833],[120.86546,30.2753],[121.01897,30.33082],[121.03566,30.35518],[121.09355,30.27528],[121.05258,30.24183],[121.09464,30.24313],[121.09008,30.19784],[121.1039,30.17202],[121.11748,30.16215],[121.19824,30.17819],[121.2265,30.1583],[121.1698,30.11885],[121.20541,30.06962],[121.33472,30.07632],[121.35999,30.06427],[121.38702,30.07541],[121.4173,30.04424]]]}},{"type":"Feature","id":"CTAMAP-2008-COUNTY-2486","properties":{"map_level":"county","source_name":"玉环县","source_code":"331021","county_type":"县","prefecture_name":"台州市","prefecture_code":"331000","prefecture_type":"地级市","parent_entity_id":"CNUR-000096","parent_year_end_name":"台州市","province_name":"浙江省","province_code":"330000","snapshot_year":2008,"panel_year":2007,"link_status":"parent_linked","former_name":"","note":""},"geometry":{"type":"MultiPolygon","coordinates":[[[[121.42231,28.25873],[121.40113,28.2122],[121.36528,28.22357],[121.38146,28.20031],[121.36917,28.19395],[121.39335,28.18828],[121.3844,28.16368],[121.35887,28.1393],[121.33345,28.15115],[121.27605,28.08441],[121.2911,28.0713],[121.23295,28.0808],[121.24778,28.05516],[121.21874,28.07108],[121.20753,28.06162],[121.22372,28.0566],[121.1529,28.0407],[121.14335,28.05874],[121.15767,28.07339],[121.12919,28.13587],[121.1586,28.13756],[121.20343,28.17038],[121.20895,28.19658],[121.19404,28.21657],[121.21112,28.25844],[121.35799,28.32353],[121.34907,28.27798],[121.42231,28.25873]]],[[[121.16757,28.21363],[121.15079,28.22938],[121.17869,28.23869],[121.16757,28.21363]]],[[[121.52138,28.10462],[121.51165,28.09294],[121.49791,28.0772],[121.52138,28.10462]]],[[[121.36892,28.11222],[121.35129,28.09251],[121.33919,28.09504],[121.36892,28.11222]]],[[[121.40895,28.0866],[121.397,28.09524],[121.40568,28.10422],[121.40895,28.0866]]],[[[121.1578,28.16641],[121.14311,28.16567],[121.15104,28.17827],[121.1578,28.16641]]],[[[121.16135,28.26363],[121.15004,28.26215],[121.14911,28.27032],[121.16135,28.26363]]],[[[121.3994,28.13246],[121.3853,28.12235],[121.38193,28.12343],[121.3994,28.13246]]],[[[121.14607,28.02207],[121.15554,28.02053],[121.14175,28.01639],[121.14607,28.02207]]],[[[121.25624,28.05318],[121.24667,28.04582],[121.25029,28.05271],[121.25624,28.05318]]],[[[121.16764,28.25568],[121.16057,28.24623],[121.16173,28.2548],[121.16764,28.25568]]],[[[121.41329,28.05971],[121.40074,28.05334],[121.40074,28.05417],[121.41329,28.05971]]],[[[121.28986,28.06669],[121.27849,28.06063],[121.27663,28.06392],[121.28986,28.06669]]]]}},{"type":"Feature","id":"CTAMAP-2008-COUNTY-2521","properties":{"map_level":"county","source_name":"越城区","source_code":"330602","county_type":"市辖区","prefecture_name":"绍兴市","prefecture_code":"330600","prefecture_type":"地级市","parent_entity_id":"CNUR-000092","parent_year_end_name":"绍兴市","province_name":"浙江省","province_code":"330000","snapshot_year":2008,"panel_year":2007,"link_status":"parent_linked","former_name":"","note":"2001年新设立越城区"},"geometry":{"type":"Polygon","coordinates":[[[120.68408,30.09527],[120.67459,30.04707],[120.69915,30.04759],[120.69671,30.02018],[120.72964,29.99349],[120.70125,29.97738],[120.69092,29.92116],[120.65566,29.95637],[120.63411,29.95768],[120.63437,29.9453],[120.60847,29.947],[120.59106,29.88688],[120.55269,29.88319],[120.54141,29.90243],[120.51935,29.90341],[120.55169,29.95788],[120.53238,30.0032],[120.49687,30.01997],[120.51667,30.04428],[120.52356,30.10542],[120.56479,30.0975],[120.58332,30.13332],[120.64019,30.12944],[120.68408,30.09527]]]}},{"type":"Feature","id":"CTAMAP-2008-COUNTY-2527","properties":{"map_level":"county","source_name":"云和县","source_code":"331125","county_type":"县","prefecture_name":"丽水市","prefecture_code":"331100","prefecture_type":"地级市","parent_entity_id":"CNUR-000097","parent_year_end_name":"丽水市","province_name":"浙江省","province_code":"330000","snapshot_year":2008,"panel_year":2007,"link_status":"parent_linked","former_name":"","note":""},"geometry":{"type":"Polygon","coordinates":[[[119.63282,28.31343],[119.64454,28.29086],[119.69233,28.28596],[119.73921,28.23185],[119.72445,28.21801],[119.70735,28.22524],[119.68964,28.17956],[119.67477,28.17905],[119.73068,28.16435],[119.7182,28.13012],[119.68987,28.11374],[119.68721,28.08047],[119.64664,28.07457],[119.54496,27.99423],[119.49432,27.99163],[119.52318,27.93977],[119.51536,27.92532],[119.49012,27.93444],[119.43479,27.90682],[119.41482,27.92062],[119.40702,27.89485],[119.39303,27.89814],[119.38054,27.94445],[119.36484,27.95106],[119.3729,27.95866],[119.34643,27.9831],[119.3497,28.00067],[119.38464,27.98004],[119.38362,28.01297],[119.42053,28.03789],[119.40827,28.08938],[119.3744,28.13206],[119.40913,28.21052],[119.3823,28.23663],[119.41255,28.25618],[119.43649,28.24286],[119.43073,28.26004],[119.48634,28.27594],[119.54383,28.26166],[119.55041,28.31307],[119.63282,28.31343]]]}},{"type":"Feature","id":"CTAMAP-2008-COUNTY-2588","properties":{"map_level":"county","source_name":"长兴县","source_code":"330522","county_type":"县","prefecture_name":"湖州市","prefecture_code":"330500","prefecture_type":"地级市","parent_entity_id":"CNUR-000091","parent_year_end_name":"湖州市","province_name":"浙江省","province_code":"330000","snapshot_year":2008,"panel_year":2007,"link_status":"parent_linked","former_name":"","note":""},"geometry":{"type":"Polygon","coordinates":[[[119.91541,31.17357],[119.98963,31.03442],[120.10128,30.9629],[119.99789,30.92052],[119.96403,30.9256],[119.94439,30.88343],[119.95545,30.82582],[119.93692,30.7949],[119.9339,30.77403],[119.95113,30.76093],[119.93693,30.73714],[119.90828,30.72072],[119.88159,30.72672],[119.79378,30.80303],[119.79281,30.83804],[119.82527,30.84191],[119.80666,30.86765],[119.76475,30.84532],[119.73491,30.86651],[119.67371,30.84846],[119.65794,30.87461],[119.59993,30.85611],[119.55653,30.86237],[119.54806,30.9029],[119.58695,30.94904],[119.57483,30.96544],[119.63298,31.02879],[119.62072,31.08304],[119.64519,31.10531],[119.6147,31.12476],[119.64771,31.13321],[119.63335,31.13641],[119.63659,31.15032],[119.67548,31.16707],[119.69811,31.15346],[119.71037,31.17248],[119.76056,31.18256],[119.80274,31.15024],[119.82558,31.17423],[119.87277,31.16366],[119.91541,31.17357]]]}},{"type":"Feature","id":"CTAMAP-2008-COUNTY-2613","properties":{"map_level":"county","source_name":"镇海区","source_code":"330211","county_type":"市辖区","prefecture_name":"宁波市","prefecture_code":"330200","prefecture_type":"地级市","parent_entity_id":"CNUR-000088","parent_year_end_name":"宁波市","province_name":"浙江省","province_code":"330000","snapshot_year":2008,"panel_year":2007,"link_status":"parent_linked","former_name":"","note":""},"geometry":{"type":"Polygon","coordinates":[[[121.75505,29.97597],[121.63704,29.89732],[121.63906,29.91543],[121.59892,29.91819],[121.59631,29.94115],[121.53288,29.98575],[121.48058,29.99216],[121.46285,30.03583],[121.51825,30.06341],[121.59527,30.04151],[121.61902,30.06985],[121.62802,30.05708],[121.64781,30.0713],[121.67509,30.00127],[121.75505,29.97597]]]}},{"type":"Feature","id":"CTAMAP-2008-COUNTY-2658","properties":{"map_level":"county","source_name":"诸暨市","source_code":"330681","county_type":"县级市","prefecture_name":"绍兴市","prefecture_code":"330600","prefecture_type":"地级市","parent_entity_id":"CNUR-000092","parent_year_end_name":"绍兴市","province_name":"浙江省","province_code":"330000","snapshot_year":2008,"panel_year":2007,"link_status":"parent_linked","former_name":"","note":""},"geometry":{"type":"Polygon","coordinates":[[[120.53586,29.72091],[120.50962,29.65646],[120.51494,29.61211],[120.48809,29.59417],[120.51105,29.53156],[120.47192,29.51356],[120.45491,29.48597],[120.42213,29.48046],[120.40743,29.45264],[120.37602,29.45582],[120.35973,29.44029],[120.36591,29.41832],[120.33252,29.41426],[120.32084,29.38315],[120.28524,29.35777],[120.25593,29.39531],[120.27744,29.44295],[120.25647,29.47396],[120.28152,29.48651],[120.27534,29.49732],[120.20418,29.52498],[120.20795,29.55257],[120.19161,29.55854],[120.16858,29.52131],[120.11521,29.49235],[120.10092,29.49064],[120.0999,29.5094],[120.07319,29.50661],[120.08774,29.53696],[120.04658,29.55152],[120.03815,29.57098],[120.00138,29.57689],[120.01283,29.61991],[120.04027,29.62834],[120.01941,29.647],[120.03439,29.66096],[119.98533,29.6584],[119.96965,29.6917],[119.93918,29.7115],[119.95011,29.71917],[119.91078,29.71125],[119.88416,29.75813],[119.92478,29.74918],[120.02411,29.77203],[120.02973,29.81872],[120.09521,29.82121],[120.16175,29.91974],[120.1832,29.90632],[120.21711,29.94366],[120.25146,29.9454],[120.26857,29.92271],[120.28644,29.93788],[120.31044,29.93135],[120.33947,29.97657],[120.37138,29.98464],[120.39279,29.97593],[120.3943,29.95097],[120.41579,29.9381],[120.40912,29.92544],[120.44429,29.92627],[120.46012,29.89076],[120.53152,29.85117],[120.49601,29.80449],[120.50988,29.74797],[120.53586,29.72091]]]}},{"type":"Feature","id":"CTAMAP-2008-COUNTY-2702","properties":{"map_level":"county","source_name":"普陀区","source_code":"330903","county_type":"市辖区","prefecture_name":"舟山市","prefecture_code":"330900","prefecture_type":"地级市","parent_entity_id":"CNUR-000095","parent_year_end_name":"舟山市","province_name":"浙江省","province_code":"330000","snapshot_year":2008,"panel_year":2007,"link_status":"parent_linked","former_name":"","note":""},"geometry":{"type":"MultiPolygon","coordinates":[[[[122.12472,29.79141],[122.1347,29.75573],[122.20602,29.69307],[122.18113,29.65532],[122.17619,29.67462],[122.13717,29.66397],[122.13732,29.67906],[122.10844,29.67797],[122.04814,29.7163],[122.06918,29.77615],[122.12472,29.79141]]],[[[122.35137,29.95054],[122.42109,29.94548],[122.42701,29.92035],[122.40125,29.91896],[122.4296,29.90944],[122.43176,29.89079],[122.39073,29.85824],[122.41169,29.83211],[122.3822,29.83815],[122.36643,29.86438],[122.37126,29.89322],[122.32526,29.92657],[122.35137,29.95054]]],[[[122.22917,29.96925],[122.25679,30.03038],[122.23452,30.04848],[122.25538,30.06484],[122.28722,30.06565],[122.33831,30.01955],[122.31512,29.94452],[122.30004,29.94604],[122.27803,29.94146],[122.22917,29.96925]]],[[[122.26013,29.84663],[122.31424,29.83094],[122.29035,29.81316],[122.30839,29.80857],[122.30214,29.79697],[122.32138,29.77723],[122.27938,29.78457],[122.21973,29.8343],[122.26013,29.84663]]],[[[122.25154,29.75174],[122.30315,29.74569],[122.30748,29.73495],[122.25511,29.73522],[122.21405,29.77555],[122.2537,29.77734],[122.25154,29.75174]]],[[[122.20352,29.71625],[122.27722,29.69078],[122.27565,29.67839],[122.20352,29.71625]]],[[[122.39973,30.02665],[122.39653,30.0113],[122.41344,30.00355],[122.39262,30.00318],[122.38856,29.98001],[122.37339,29.97739],[122.37754,30.02504],[122.39973,30.02665]]],[[[122.29774,29.88546],[122.34435,29.87894],[122.30242,29.85277],[122.27976,29.86438],[122.29774,29.88546]]],[[[122.20716,29.96388],[122.26624,29.94294],[122.27285,29.93578],[122.20716,29.96388]]],[[[122.03927,29.74672],[122.01648,29.71592],[122.00805,29.7441],[122.03176,29.76182],[122.03927,29.74672]]],[[[122.25794,30.07871],[122.26187,30.10127],[122.29744,30.09203],[122.29544,30.07806],[122.25794,30.07871]]],[[[122.68655,30.18288],[122.66986,30.20479],[122.66939,30.21138],[122.68759,30.20249],[122.68655,30.18288]]],[[[122.30351,29.92568],[122.28863,29.9275],[122.28419,29.93769],[122.30727,29.9435],[122.30351,29.92568]]],[[[122.78283,30.12965],[122.76247,30.12675],[122.755,30.14253],[122.7683,30.141],[122.78283,30.12965]]],[[[122.64645,30.21283],[122.64268,30.18964],[122.6353,30.21416],[122.64645,30.21283]]],[[[122.27347,29.87025],[122.25572,29.8646],[122.25049,29.87639],[122.27347,29.87025]]],[[[122.37162,29.84393],[122.36533,29.83058],[122.3556,29.83949],[122.37162,29.84393]]],[[[122.17249,29.79858],[122.19036,29.79823],[122.19597,29.79246],[122.17899,29.79068],[122.17249,29.79858]]],[[[122.4309,30.03274],[122.42356,30.02732],[122.42243,30.04285],[122.4309,30.03274]]],[[[122.70953,30.19033],[122.69852,30.20283],[122.7085,30.21166],[122.70731,30.20233],[122.70953,30.19033]]],[[[122.45519,29.93296],[122.44701,29.94091],[122.4556,29.95033],[122.45812,29.9451],[122.45519,29.93296]]],[[[122.21562,29.72613],[122.20527,29.7222],[122.19381,29.7286],[122.21562,29.72613]]],[[[122.19484,29.81828],[122.18654,29.81175],[122.18195,29.81785],[122.19484,29.81828]]],[[[122.2262,29.63544],[122.21126,29.64046],[122.22673,29.63689],[122.2262,29.63544]]],[[[122.22849,29.74218],[122.22779,29.73566],[122.22148,29.74049],[122.22849,29.74218]]],[[[122.31957,29.84202],[122.32356,29.82776],[122.31554,29.8413],[122.31957,29.84202]]],[[[122.17499,29.8046],[122.15926,29.80313],[122.15757,29.80555],[122.17499,29.8046]]],[[[122.15238,29.6119],[122.14207,29.6126],[122.15574,29.62052],[122.15238,29.6119]]],[[[122.23897,29.66337],[122.24022,29.65747],[122.22575,29.66476],[122.23897,29.66337]]],[[[122.45446,29.95331],[122.4413,29.95708],[122.44585,29.95983],[122.45446,29.95331]]],[[[122.23388,29.80185],[122.22304,29.80319],[122.2196,29.80584],[122.22499,29.81087],[122.23388,29.80185]]],[[[122.72356,30.17512],[122.71186,30.17736],[122.71697,30.18164],[122.72356,30.17512]]],[[[122.19751,29.76158],[122.18977,29.76718],[122.19557,29.767],[122.19751,29.76158]]],[[[122.22239,29.69355],[122.21463,29.68681],[122.2095,29.69006],[122.22239,29.69355]]],[[[122.23757,29.67805],[122.23065,29.67564],[122.22935,29.68242],[122.23757,29.67805]]],[[[122.44919,29.97286],[122.44047,29.96995],[122.44789,29.97551],[122.44919,29.97286]]],[[[122.30584,29.89754],[122.30015,29.89302],[122.2967,29.89585],[122.30584,29.89754]]]]}},{"type":"Feature","id":"CTAMAP-2008-COUNTY-2727","properties":{"map_level":"county","source_name":"西湖区","source_code":"330106","county_type":"市辖区","prefecture_name":"杭州市","prefecture_code":"330100","prefecture_type":"地级市","parent_entity_id":"CNUR-000087","parent_year_end_name":"杭州市","province_name":"浙江省","province_code":"330000","snapshot_year":2008,"panel_year":2007,"link_status":"parent_linked","former_name":"","note":""},"geometry":{"type":"Polygon","coordinates":[[[120.06281,30.35605],[120.09987,30.29473],[120.13647,30.29617],[120.14929,30.27771],[120.15517,30.22631],[120.11866,30.16921],[120.17678,30.11292],[120.14407,30.09188],[120.12457,30.10112],[120.09983,30.07769],[120.04061,30.08739],[119.99748,30.1184],[120.01449,30.166],[119.99341,30.18622],[120.01152,30.21641],[120.00245,30.22334],[120.05398,30.25534],[120.04979,30.3006],[120.0242,30.30555],[120.01294,30.3349],[120.0191,30.35075],[120.06281,30.35605]]]}},{"type":"Feature","id":"CTAMAP-2008-COUNTY-2740","properties":{"map_level":"county","source_name":"江北区","source_code":"330205","county_type":"市辖区","prefecture_name":"宁波市","prefecture_code":"330200","prefecture_type":"地级市","parent_entity_id":"CNUR-000088","parent_year_end_name":"宁波市","province_name":"浙江省","province_code":"330000","snapshot_year":2008,"panel_year":2007,"link_status":"parent_linked","former_name":"","note":""},"geometry":{"type":"Polygon","coordinates":[[[121.47637,30.04623],[121.46292,30.03332],[121.48058,29.99216],[121.52493,29.99021],[121.59631,29.94115],[121.59892,29.91819],[121.64166,29.9103],[121.5718,29.89365],[121.55687,29.87496],[121.49617,29.92706],[121.46945,29.91572],[121.44863,29.94006],[121.4216,29.93432],[121.35147,29.95909],[121.37469,29.96408],[121.37873,29.98848],[121.4005,29.99689],[121.39175,30.01689],[121.41955,30.04715],[121.46893,30.05983],[121.47637,30.04623]]]}},{"type":"Feature","id":"CTAMAP-2008-COUNTY-2811","properties":{"map_level":"county","source_name":"江东区","source_code":"361029","county_type":"市辖区","prefecture_name":"宁波市","prefecture_code":"330200","prefecture_type":"地级市","parent_entity_id":"CNUR-000088","parent_year_end_name":"宁波市","province_name":"浙江省","province_code":"330000","snapshot_year":2008,"panel_year":2007,"link_status":"parent_linked","former_name":"","note":""},"geometry":{"type":"Polygon","coordinates":[[[121.54108,29.85314],[121.56607,29.8907],[121.61116,29.90527],[121.6303,29.87464],[121.62973,29.8611],[121.60351,29.85034],[121.59576,29.86404],[121.57296,29.84075],[121.54108,29.85314]]]}},{"type":"Feature","id":"CTAMAP-2008-COUNTY-2812","properties":{"map_level":"county","source_name":"海曙区","source_code":"330203","county_type":"市辖区","prefecture_name":"宁波市","prefecture_code":"330200","prefecture_type":"地级市","parent_entity_id":"CNUR-000088","parent_year_end_name":"宁波市","province_name":"浙江省","province_code":"330000","snapshot_year":2008,"panel_year":2007,"link_status":"parent_linked","former_name":"","note":""},"geometry":{"type":"Polygon","coordinates":[[[121.50941,29.82817],[121.50334,29.88354],[121.48035,29.88125],[121.52193,29.91322],[121.52449,29.89284],[121.55687,29.87496],[121.50941,29.82817]]]}}]}