{"type":"FeatureCollection","features":[{"type":"Feature","id":"CTAMAP-2023-COUNTY-0002","properties":{"map_level":"county","source_name":"阿巴嘎旗","source_code":"152522","county_type":"旗","prefecture_name":"锡林郭勒盟","prefecture_code":"152500","prefecture_type":"盟","parent_entity_id":"CNUR-000035","parent_year_end_name":"锡林郭勒盟","province_name":"内蒙古自治区","province_code":"150000","snapshot_year":2023,"panel_year":2022,"link_status":"parent_linked","former_name":"","note":""},"geometry":{"type":"Polygon","coordinates":[[[115.16584,45.39465],[115.37056,45.16499],[115.36859,45.09579],[115.38105,45.08305],[115.47732,45.02118],[115.52271,44.96408],[115.73171,44.87505],[115.66408,44.85973],[115.60489,44.81014],[115.52603,44.7961],[115.46833,44.69346],[115.42155,44.66916],[115.39412,44.599],[115.33565,44.57605],[115.3704,44.54446],[115.36011,44.51052],[115.44906,44.35065],[115.55167,44.27475],[115.54223,44.17049],[115.47222,44.15687],[115.47784,44.14025],[115.44014,44.09296],[115.40166,44.08449],[115.31842,43.99076],[115.35241,43.95182],[115.32823,43.91318],[115.37723,43.90374],[115.37135,43.87227],[115.52486,43.85779],[115.51391,43.8404],[115.59043,43.804],[115.63683,43.75158],[115.64054,43.7649],[115.68697,43.76822],[115.75853,43.74056],[115.9518,43.61002],[115.96819,43.56941],[116.04168,43.53901],[116.07542,43.48947],[116.10693,43.47981],[116.0891,43.40461],[116.10353,43.32306],[116.13642,43.23886],[116.1765,43.22265],[116.15102,43.1571],[116.09139,43.11441],[115.92828,43.10702],[115.88675,43.14121],[115.71426,43.11449],[115.61284,43.11969],[115.47343,43.10008],[115.37173,43.10894],[115.32239,43.09064],[115.18474,43.08615],[115.19099,43.09464],[115.15555,43.11985],[115.09248,43.14088],[114.97131,43.24137],[114.96529,43.26471],[114.9142,43.30989],[114.87784,43.30914],[114.82961,43.37294],[114.77805,43.38038],[114.77395,43.3645],[114.75971,43.40112],[114.6728,43.44809],[114.61975,43.54057],[114.52314,43.63338],[114.50379,43.6863],[114.43651,43.77361],[114.44777,43.82812],[114.38908,43.81641],[114.35355,43.83684],[114.32218,43.88069],[114.2141,43.96981],[114.21474,43.99192],[114.16275,44.04171],[114.17199,44.05922],[114.14864,44.08417],[114.06368,44.12603],[113.94156,44.29724],[113.81206,44.37752],[113.79535,44.44346],[113.72649,44.51976],[113.62645,44.57997],[113.56223,44.59244],[113.55684,44.62366],[113.52185,44.64812],[113.49687,44.77559],[113.62265,44.74441],[113.79102,44.84914],[113.85435,44.86121],[113.90255,44.912],[114.05843,44.92935],[114.10662,44.9547],[114.1498,44.99128],[114.1717,45.03554],[114.34076,45.11805],[114.45378,45.21073],[114.51481,45.28746],[114.54408,45.38502],[114.73723,45.4373],[114.96858,45.37527],[115.16584,45.39465]]]}},{"type":"Feature","id":"CTAMAP-2023-COUNTY-0005","properties":{"map_level":"county","source_name":"阿尔山市","source_code":"152202","county_type":"县级市","prefecture_name":"兴安盟","prefecture_code":"152200","prefecture_type":"盟","parent_entity_id":"CNUR-000034","parent_year_end_name":"兴安盟","province_name":"内蒙古自治区","province_code":"150000","snapshot_year":2023,"panel_year":2022,"link_status":"parent_linked","former_name":"","note":""},"geometry":{"type":"Polygon","coordinates":[[[120.48707,47.55294],[120.5861,47.54551],[120.59819,47.52946],[120.57562,47.50196],[120.5858,47.48848],[120.72637,47.38215],[120.72682,47.3556],[120.69534,47.34735],[120.70012,47.33177],[120.61902,47.29922],[120.61752,47.24139],[120.63923,47.24734],[120.73166,47.21636],[120.81757,47.14391],[120.87204,47.14679],[120.96709,47.09447],[121.06675,47.14819],[121.16808,47.13912],[121.2396,47.11005],[121.39851,47.15168],[121.33575,47.10857],[121.33553,47.05447],[121.28823,46.9813],[121.33607,46.92953],[121.25049,46.93625],[121.22012,46.91727],[121.18479,46.92671],[121.13764,46.94654],[121.1441,46.95704],[121.06896,47.01484],[120.98259,47.02507],[120.90222,46.99961],[120.87164,46.94435],[120.79798,46.91163],[120.76304,46.86572],[120.83214,46.81884],[120.83714,46.78736],[120.81473,46.74395],[120.84842,46.69316],[120.56783,46.66174],[120.54453,46.69282],[120.49319,46.70032],[120.4456,46.73205],[120.32116,46.75219],[120.24249,46.77414],[120.20822,46.8025],[120.07076,46.83559],[120.04138,46.87941],[119.98264,46.91333],[119.93919,46.9015],[119.85307,46.9158],[119.84581,46.94183],[119.86792,46.9554],[119.83635,46.96161],[119.78852,47.01134],[119.78291,47.04291],[119.79947,47.05148],[119.71487,47.17739],[119.62336,47.24519],[119.55878,47.24679],[119.55175,47.30127],[119.47448,47.32777],[119.58327,47.34972],[119.65037,47.40813],[119.76071,47.43486],[119.80417,47.46616],[119.80601,47.49559],[119.90125,47.56776],[119.9499,47.58049],[120.01466,47.55106],[120.10748,47.59581],[120.17537,47.6091],[120.1927,47.63054],[120.21866,47.62213],[120.26084,47.6549],[120.28994,47.62621],[120.31642,47.62487],[120.31651,47.60073],[120.48707,47.55294]]]}},{"type":"Feature","id":"CTAMAP-2023-COUNTY-0012","properties":{"map_level":"county","source_name":"阿拉善右旗","source_code":"152922","county_type":"旗","prefecture_name":"阿拉善盟","prefecture_code":"152900","prefecture_type":"盟","parent_entity_id":"CNUR-000036","parent_year_end_name":"阿拉善盟","province_name":"内蒙古自治区","province_code":"150000","snapshot_year":2023,"panel_year":2022,"link_status":"parent_linked","former_name":"","note":""},"geometry":{"type":"Polygon","coordinates":[[[103.41762,41.88019],[103.43306,41.78946],[103.52393,41.63564],[103.62885,41.55501],[103.77015,41.50697],[103.83722,41.45383],[103.92086,41.34261],[103.92977,41.29248],[104.1419,41.04257],[104.16955,40.97615],[104.16766,40.92324],[104.2322,40.86332],[104.23793,40.83784],[104.31953,40.82998],[104.35651,40.76012],[104.47241,40.61803],[104.55352,40.54548],[104.52963,40.51092],[104.53448,40.49222],[104.57566,40.49166],[104.58396,40.43455],[104.54138,40.40948],[104.54322,40.39598],[104.61956,40.35229],[104.57399,40.26272],[104.62684,40.14789],[104.47219,40.09475],[104.35361,40.08585],[104.19809,40.01555],[104.25449,39.98593],[104.19857,39.84003],[104.28309,39.62327],[104.22111,39.54999],[104.20978,39.45362],[104.0874,39.41929],[103.94299,39.45869],[103.84782,39.46069],[103.35795,39.33368],[103.13567,39.19702],[103.01005,39.09854],[102.60227,39.17279],[102.45407,39.25497],[102.35098,39.23118],[102.28185,39.19176],[101.82853,39.09284],[102.07145,38.89054],[101.93727,38.81215],[101.85467,38.71774],[101.77333,38.65882],[101.66817,38.6902],[101.60372,38.64814],[101.55779,38.71295],[101.39453,38.77237],[101.30703,38.78643],[101.30364,38.80075],[101.34086,38.82413],[101.33218,38.84652],[101.23783,38.8588],[101.23429,38.90623],[101.19649,38.94814],[101.22661,39.02116],[101.12544,38.97681],[100.96154,38.94372],[100.95783,39.00571],[100.90007,39.03008],[100.88045,38.99572],[100.82876,39.02762],[100.82676,39.07283],[100.86648,39.10965],[100.83882,39.19964],[100.82975,39.40408],[100.60721,39.38747],[100.49681,39.39984],[100.49778,39.48028],[100.3236,39.50827],[100.29806,39.57181],[100.31081,39.60806],[100.26236,39.6767],[100.11443,39.70473],[100.03492,39.75542],[99.90372,39.78739],[99.81356,39.86457],[99.67773,39.88833],[99.46041,39.87523],[99.44086,39.88347],[99.45622,39.89632],[99.49112,39.88218],[99.52893,39.88863],[99.69365,39.96032],[99.74966,40.00599],[99.84717,40.01439],[99.92632,40.06325],[99.95495,40.15121],[99.98681,40.18611],[100.16795,40.27659],[100.16797,40.41971],[100.17919,40.42563],[100.32684,40.40437],[100.49247,40.50928],[100.67037,40.52007],[100.88468,40.44616],[101.07528,40.45024],[101.25878,40.47501],[101.42274,40.42162],[101.54159,40.4238],[101.64113,40.50588],[101.77889,40.53191],[101.93994,40.71039],[102.29833,40.9114],[102.62929,41.07316],[102.78761,41.17925],[102.99823,41.28552],[103.10106,41.38467],[103.06106,41.41776],[103.0,41.7599],[102.90356,41.90725],[102.92526,42.06522],[103.41762,41.88019]]]}},{"type":"Feature","id":"CTAMAP-2023-COUNTY-0013","properties":{"map_level":"county","source_name":"阿拉善左旗","source_code":"152921","county_type":"旗","prefecture_name":"阿拉善盟","prefecture_code":"152900","prefecture_type":"盟","parent_entity_id":"CNUR-000036","parent_year_end_name":"阿拉善盟","province_name":"内蒙古自治区","province_code":"150000","snapshot_year":2023,"panel_year":2022,"link_status":"parent_linked","former_name":"","note":""},"geometry":{"type":"Polygon","coordinates":[[[103.41762,41.88019],[103.85824,41.79975],[104.07381,41.80378],[104.52523,41.87466],[104.51805,41.65895],[104.68267,41.64404],[104.91835,41.6513],[105.00429,41.57848],[105.22437,41.7494],[105.19508,41.58389],[105.21314,41.38854],[105.31297,41.19964],[105.32986,41.12997],[105.31364,41.11173],[105.3747,41.0579],[105.39863,41.01433],[105.39091,40.98323],[105.69265,40.8103],[105.83123,40.78079],[105.94007,40.73847],[106.11051,40.71655],[106.1509,40.69131],[106.17796,40.70341],[106.20666,40.67188],[106.24563,40.66821],[106.24275,40.62469],[106.28227,40.5944],[106.32059,40.597],[106.47491,40.55394],[106.49073,40.48398],[106.36926,40.49074],[106.3399,40.51855],[106.2809,40.53703],[106.26891,40.50876],[106.20581,40.51198],[106.2248,40.46418],[106.3236,40.34533],[106.42783,40.34739],[106.46324,40.32436],[106.51657,40.37272],[106.59888,40.38587],[106.81114,40.36358],[106.76085,40.29375],[106.70093,40.26129],[106.73537,40.19531],[106.86169,40.18385],[106.81748,40.10681],[106.74554,40.06365],[106.71656,40.02248],[106.73239,39.93054],[106.71361,39.91851],[106.7141,39.89131],[106.74946,39.84915],[106.75607,39.70662],[106.7916,39.68536],[106.76209,39.65639],[106.77035,39.63528],[106.63273,39.57308],[106.60129,39.53645],[106.63092,39.47518],[106.74653,39.43638],[106.73499,39.41563],[106.74579,39.38778],[106.6694,39.35374],[106.59829,39.37461],[106.50378,39.26943],[106.42845,39.28672],[106.27707,39.27346],[106.28101,39.14032],[106.21206,39.13177],[106.15223,39.15794],[106.10804,39.12015],[106.07139,39.02869],[106.08377,39.00477],[105.96587,38.89801],[105.97993,38.8741],[105.99962,38.8746],[105.98894,38.85473],[105.93231,38.8015],[105.89291,38.78706],[105.90244,38.72908],[105.84866,38.64008],[105.87112,38.59027],[105.85186,38.57288],[105.85886,38.52537],[105.83114,38.47168],[105.84604,38.44454],[105.82224,38.43224],[105.83112,38.38453],[105.81727,38.36059],[105.8623,38.29508],[105.82979,38.22816],[105.77704,38.21047],[105.76105,38.12136],[105.7778,38.07861],[105.84063,38.00431],[105.79526,37.95372],[105.8026,37.86124],[105.76923,37.81978],[105.76822,37.79439],[105.73874,37.79878],[105.66021,37.76891],[105.61862,37.77807],[105.61231,37.71846],[105.59692,37.70655],[105.44547,37.69983],[105.35853,37.7139],[105.17023,37.66343],[105.02144,37.57926],[104.86395,37.56636],[104.80192,37.5386],[104.43011,37.51464],[104.41657,37.5111],[104.40463,37.46432],[104.18093,37.40665],[103.86724,37.60661],[103.83766,37.64727],[103.67169,37.78499],[103.3975,37.86144],[103.35005,38.06644],[103.36074,38.0865],[103.5501,38.15952],[103.46393,38.35111],[103.41184,38.40452],[103.85942,38.64626],[104.03206,38.89186],[104.16922,38.93912],[104.19403,38.98761],[104.18757,39.04549],[104.20022,39.08396],[104.17423,39.15434],[104.0443,39.29664],[104.0874,39.41929],[104.20978,39.45362],[104.22111,39.54999],[104.28309,39.62327],[104.19857,39.84003],[104.25449,39.98593],[104.19809,40.01555],[104.32799,40.07762],[104.47219,40.09475],[104.63319,40.1565],[104.58403,40.22329],[104.57399,40.26272],[104.61956,40.35229],[104.54322,40.39598],[104.54138,40.40948],[104.58396,40.43455],[104.57566,40.49166],[104.53448,40.49222],[104.52963,40.51092],[104.55536,40.54249],[104.53697,40.57013],[104.47241,40.61803],[104.35651,40.76012],[104.31953,40.82998],[104.23793,40.83784],[104.2322,40.86332],[104.16766,40.92324],[104.16955,40.97615],[104.1419,41.04257],[103.92977,41.29248],[103.92086,41.34261],[103.83722,41.45383],[103.77015,41.50697],[103.62885,41.55501],[103.52393,41.63564],[103.43306,41.78946],[103.41762,41.88019]]]}},{"type":"Feature","id":"CTAMAP-2023-COUNTY-0015","properties":{"map_level":"county","source_name":"阿鲁科尔沁旗","source_code":"150421","county_type":"旗","prefecture_name":"赤峰市","prefecture_code":"150400","prefecture_type":"地级市","parent_entity_id":"CNUR-000028","parent_year_end_name":"赤峰市","province_name":"内蒙古自治区","province_code":"150000","snapshot_year":2023,"panel_year":2022,"link_status":"parent_linked","former_name":"","note":""},"geometry":{"type":"Polygon","coordinates":[[[120.79234,43.84749],[120.78125,43.8121],[120.8307,43.7866],[120.87075,43.73742],[120.98197,43.65154],[120.93894,43.62628],[120.93725,43.61066],[120.74967,43.55072],[120.74493,43.52039],[120.65145,43.45044],[120.41422,43.37519],[120.33291,43.37017],[120.28237,43.3887],[120.07738,43.36689],[120.07044,43.39637],[120.00359,43.43198],[120.05117,43.50794],[119.97984,43.54999],[119.94968,43.53603],[119.92808,43.60295],[119.80477,43.58015],[119.69774,43.60334],[119.66399,43.63051],[119.70258,43.63015],[119.71432,43.65395],[119.6828,43.72089],[119.78691,43.77842],[119.78599,43.80127],[119.80186,43.80959],[119.78872,43.81996],[119.80834,43.83702],[119.74384,43.87094],[119.73648,43.93835],[119.69551,43.9632],[119.64558,44.02018],[119.64998,44.04051],[119.61928,44.05606],[119.62944,44.06519],[119.61047,44.08453],[119.63306,44.13991],[119.62659,44.16812],[119.58045,44.19629],[119.55706,44.27574],[119.52038,44.32205],[119.52976,44.37444],[119.56183,44.39473],[119.54897,44.40218],[119.55374,44.42936],[119.59141,44.43676],[119.55841,44.47279],[119.56586,44.50269],[119.54306,44.54907],[119.49008,44.58861],[119.50057,44.64345],[119.46884,44.6735],[119.4718,44.68888],[119.40981,44.68806],[119.3621,44.78089],[119.24285,44.75063],[119.21283,44.77608],[119.15928,44.78488],[119.14277,44.82394],[119.06181,44.86671],[119.07519,44.93616],[119.10512,44.91758],[119.22248,44.91478],[119.22298,44.93265],[119.17779,44.9518],[119.15028,44.98879],[119.1619,45.01339],[119.20446,44.99676],[119.22225,45.01637],[119.19014,45.03051],[119.21499,45.04296],[119.17668,45.04643],[119.14988,45.07251],[119.15212,45.09806],[119.20609,45.14938],[119.27529,45.12477],[119.28684,45.08513],[119.33769,45.07578],[119.3672,45.11225],[119.35637,45.16119],[119.29974,45.19205],[119.3306,45.25027],[119.48526,45.22201],[119.50198,45.19226],[119.6479,45.10394],[119.74455,44.9256],[119.84089,44.89355],[119.85791,44.87095],[119.92424,44.84321],[120.06481,44.72819],[120.09721,44.65903],[120.17492,44.63348],[120.15287,44.59162],[120.29369,44.50247],[120.28802,44.48514],[120.31213,44.46294],[120.30607,44.4164],[120.33322,44.38894],[120.37231,44.38431],[120.38214,44.33598],[120.44854,44.26042],[120.49119,44.24742],[120.55525,44.25965],[120.56874,44.23338],[120.64077,44.23283],[120.64772,44.18382],[120.6831,44.18068],[120.7002,44.1272],[120.73964,44.11157],[120.72926,44.08636],[120.68865,44.05996],[120.68702,44.03493],[120.76904,43.9333],[120.79234,43.84749]]]}},{"type":"Feature","id":"CTAMAP-2023-COUNTY-0016","properties":{"map_level":"county","source_name":"阿荣旗","source_code":"150721","county_type":"旗","prefecture_name":"呼伦贝尔市","prefecture_code":"150700","prefecture_type":"地级市","parent_entity_id":"CNUR-000031","parent_year_end_name":"呼伦贝尔市","province_name":"内蒙古自治区","province_code":"150000","snapshot_year":2023,"panel_year":2022,"link_status":"parent_linked","former_name":"","note":""},"geometry":{"type":"Polygon","coordinates":[[[123.56391,49.07672],[123.55109,49.00649],[123.57678,49.00233],[123.64391,48.93903],[123.60322,48.85697],[123.64138,48.81127],[123.64573,48.77869],[123.69297,48.75813],[123.73188,48.6969],[123.76453,48.69159],[123.76011,48.57965],[123.81666,48.59463],[123.83627,48.567],[123.90705,48.55989],[123.92943,48.5377],[123.99592,48.52719],[124.01852,48.54621],[124.05074,48.5344],[124.06521,48.54829],[124.11411,48.5248],[124.23039,48.54542],[124.25959,48.53447],[124.07383,48.43489],[123.74089,48.19589],[123.55726,48.03365],[123.29059,47.94927],[123.1396,47.96119],[123.0889,47.99143],[123.05014,47.99265],[123.00977,48.02531],[122.99304,48.05908],[123.00607,48.08869],[122.93426,48.18445],[122.93698,48.24619],[122.9207,48.27918],[122.83535,48.35057],[122.83067,48.37814],[122.73871,48.42436],[122.74747,48.52755],[122.67296,48.5468],[122.64265,48.57387],[122.58349,48.58052],[122.57811,48.60775],[122.55138,48.60956],[122.51678,48.5869],[122.40315,48.61473],[122.38541,48.59993],[122.33831,48.60764],[122.29306,48.64118],[122.27234,48.629],[122.20483,48.64804],[122.18415,48.67271],[122.19411,48.69932],[122.15003,48.77625],[122.12499,48.79674],[122.07859,48.79895],[122.04382,48.85953],[122.07362,48.86713],[122.18574,48.82391],[122.3591,48.85668],[122.38779,48.87921],[122.38841,48.92634],[122.36627,48.93537],[122.37566,48.94607],[122.45509,48.94742],[122.45172,48.96477],[122.47545,48.96578],[122.47928,48.98482],[122.54321,49.01301],[122.53127,49.02257],[122.55688,49.05031],[122.61162,49.0654],[122.671,49.12372],[122.70224,49.12462],[122.73577,49.1568],[122.80351,49.15764],[122.84634,49.21216],[123.02994,49.29316],[123.0987,49.25763],[123.12833,49.27839],[123.20723,49.2754],[123.22835,49.22027],[123.29087,49.20835],[123.27528,49.17332],[123.34044,49.1126],[123.38149,49.12869],[123.40579,49.10681],[123.42535,49.12435],[123.46004,49.08962],[123.56391,49.07672]]]}},{"type":"Feature","id":"CTAMAP-2023-COUNTY-0051","properties":{"map_level":"county","source_name":"敖汉旗","source_code":"150430","county_type":"旗","prefecture_name":"赤峰市","prefecture_code":"150400","prefecture_type":"地级市","parent_entity_id":"CNUR-000028","parent_year_end_name":"赤峰市","province_name":"内蒙古自治区","province_code":"150000","snapshot_year":2023,"panel_year":2022,"link_status":"parent_linked","former_name":"","note":""},"geometry":{"type":"Polygon","coordinates":[[[120.87792,42.26779],[120.88268,42.24024],[120.82428,42.25052],[120.82124,42.22392],[120.7974,42.23347],[120.78745,42.21689],[120.73133,42.22082],[120.72012,42.19863],[120.64784,42.16535],[120.60818,42.15398],[120.57915,42.16304],[120.47139,42.10909],[120.47018,42.0901],[120.49333,42.08906],[120.47756,42.08311],[120.48193,42.06344],[120.44486,42.05461],[120.45031,42.01275],[120.41021,41.99563],[120.41563,41.98335],[120.36459,41.9912],[120.30456,41.94998],[120.3008,41.92384],[120.29037,41.93445],[120.27497,41.92341],[120.28463,41.91637],[120.26647,41.9234],[120.25469,41.90195],[120.29079,41.8875],[120.24587,41.88158],[120.18297,41.8444],[120.17949,41.82174],[120.12286,41.77043],[120.13152,41.72564],[120.07853,41.69279],[120.02974,41.70561],[120.01895,41.73434],[120.04602,41.77323],[120.02607,41.77894],[120.04297,41.82533],[120.02012,41.81533],[120.00714,41.83062],[119.98716,41.89713],[119.9499,41.91963],[119.95058,41.97416],[119.89436,42.01824],[119.87175,42.07195],[119.83587,42.09919],[119.8262,42.13979],[119.85604,42.17777],[119.84011,42.20909],[119.73632,42.21259],[119.61169,42.24942],[119.60248,42.2752],[119.56718,42.27859],[119.56516,42.29593],[119.53284,42.29254],[119.56604,42.3575],[119.49592,42.38683],[119.52761,42.42157],[119.56277,42.43046],[119.56694,42.49157],[119.61432,42.51159],[119.64927,42.58179],[119.74838,42.64498],[119.74878,42.66705],[119.71875,42.67626],[119.68142,42.73467],[119.69193,42.75694],[119.76413,42.7805],[119.76813,42.82578],[119.81796,42.82866],[119.79621,42.86089],[119.83251,42.86216],[119.83183,42.8999],[119.8547,42.91085],[119.84646,42.92574],[119.86765,42.97479],[119.99075,42.99838],[119.99761,42.98134],[120.08861,42.94838],[120.11886,42.96046],[120.15047,42.94346],[120.1499,42.95391],[120.19796,42.95871],[120.24105,42.94899],[120.31695,43.0074],[120.34202,43.00536],[120.35286,43.02749],[120.38056,42.98287],[120.4226,42.98399],[120.39728,42.93495],[120.41464,42.9124],[120.3908,42.88306],[120.41838,42.86478],[120.40909,42.85538],[120.44062,42.8181],[120.45295,42.75553],[120.50705,42.64735],[120.54356,42.59157],[120.55962,42.59649],[120.54593,42.58372],[120.55887,42.57885],[120.5644,42.53844],[120.59391,42.53038],[120.59019,42.51166],[120.66033,42.44001],[120.7632,42.39195],[120.7616,42.36435],[120.79743,42.35511],[120.79009,42.33419],[120.8547,42.28865],[120.8423,42.27628],[120.87792,42.26779]]]}},{"type":"Feature","id":"CTAMAP-2023-COUNTY-0059","properties":{"map_level":"county","source_name":"巴林右旗","source_code":"150423","county_type":"旗","prefecture_name":"赤峰市","prefecture_code":"150400","prefecture_type":"地级市","parent_entity_id":"CNUR-000028","parent_year_end_name":"赤峰市","province_name":"内蒙古自治区","province_code":"150000","snapshot_year":2023,"panel_year":2022,"link_status":"parent_linked","former_name":"","note":""},"geometry":{"type":"Polygon","coordinates":[[[118.77476,44.45351],[118.78852,44.38478],[118.73363,44.3284],[118.76143,44.29019],[118.76473,44.25208],[118.82212,44.21062],[118.84649,44.15951],[118.84822,44.12103],[118.86486,44.11372],[118.85081,44.07472],[118.91066,44.06161],[118.90065,44.03209],[118.92799,43.98881],[118.9136,43.94264],[118.97218,43.92968],[118.99656,43.90175],[119.01932,43.91005],[119.07246,43.88569],[119.07243,43.82499],[119.10653,43.80735],[119.09445,43.77152],[119.13645,43.74145],[119.12178,43.73294],[119.1941,43.68846],[119.21024,43.70508],[119.2995,43.67449],[119.39053,43.70683],[119.40194,43.68969],[119.42297,43.70921],[119.4209,43.76695],[119.45034,43.78821],[119.4624,43.76373],[119.49697,43.75265],[119.53365,43.66569],[119.61709,43.6205],[119.65858,43.61284],[119.66399,43.63051],[119.70727,43.5994],[119.80477,43.58015],[119.92808,43.60295],[119.94968,43.53603],[119.97984,43.54999],[120.05117,43.50794],[120.00359,43.43198],[120.07044,43.39637],[120.07738,43.36689],[119.95248,43.35266],[119.86186,43.31475],[119.80352,43.31458],[119.72509,43.27993],[119.67262,43.27922],[119.59289,43.25172],[119.52207,43.26885],[119.46606,43.25726],[119.30989,43.27003],[119.13337,43.20683],[119.03631,43.23291],[118.91247,43.22518],[118.73164,43.24896],[118.6416,43.24205],[118.57615,43.26602],[118.56236,43.29136],[118.49782,43.32647],[118.46489,43.37906],[118.42849,43.38369],[118.41611,43.40364],[118.34401,43.41335],[118.32188,43.43309],[118.27116,43.41508],[118.23337,43.43403],[118.21021,43.42103],[118.21751,43.46825],[118.18889,43.5006],[118.19967,43.54983],[118.30111,43.59448],[118.40977,43.59185],[118.35946,43.64344],[118.36978,43.65327],[118.33057,43.72241],[118.27933,43.77414],[118.27632,43.82909],[118.21422,43.95514],[118.23102,43.96315],[118.22569,43.97731],[118.24812,43.97821],[118.26618,43.93151],[118.32606,43.98079],[118.37833,43.96],[118.43425,43.97616],[118.42211,44.03088],[118.35257,44.08602],[118.35871,44.09818],[118.31261,44.16384],[118.30118,44.21403],[118.24175,44.2466],[118.24311,44.27992],[118.22067,44.30908],[118.24835,44.32717],[118.3395,44.30717],[118.41863,44.31239],[118.42926,44.33744],[118.46824,44.34153],[118.47168,44.38698],[118.54794,44.40006],[118.54777,44.43255],[118.58145,44.43826],[118.60431,44.46256],[118.63909,44.45776],[118.64573,44.43948],[118.7423,44.46684],[118.77476,44.45351]]]}},{"type":"Feature","id":"CTAMAP-2023-COUNTY-0060","properties":{"map_level":"county","source_name":"巴林左旗","source_code":"150422","county_type":"旗","prefecture_name":"赤峰市","prefecture_code":"150400","prefecture_type":"地级市","parent_entity_id":"CNUR-000028","parent_year_end_name":"赤峰市","province_name":"内蒙古自治区","province_code":"150000","snapshot_year":2023,"panel_year":2022,"link_status":"parent_linked","former_name":"","note":""},"geometry":{"type":"Polygon","coordinates":[[[119.66399,43.63051],[119.65858,43.61284],[119.61709,43.6205],[119.53365,43.66569],[119.49697,43.75265],[119.4624,43.76373],[119.44774,43.78911],[119.4209,43.76695],[119.42297,43.70921],[119.40842,43.69097],[119.39053,43.70683],[119.2995,43.67449],[119.21024,43.70508],[119.19234,43.68899],[119.12178,43.73294],[119.13645,43.74145],[119.09454,43.77123],[119.10653,43.80735],[119.07243,43.82499],[119.07246,43.88569],[119.01932,43.91005],[118.99656,43.90175],[118.97218,43.92968],[118.9136,43.94264],[118.92799,43.98881],[118.90065,44.03209],[118.91066,44.06161],[118.85081,44.07472],[118.86486,44.11372],[118.84822,44.12103],[118.84649,44.15951],[118.82212,44.21062],[118.76473,44.25208],[118.76143,44.29019],[118.73363,44.3284],[118.78852,44.38478],[118.7742,44.44774],[118.78968,44.46874],[118.9719,44.55595],[118.99056,44.65177],[118.96162,44.68941],[118.92075,44.70075],[118.92562,44.72024],[118.96478,44.72866],[118.99439,44.71229],[119.06144,44.70859],[119.14123,44.72985],[119.11058,44.74372],[119.11889,44.7602],[119.16645,44.75867],[119.18027,44.77968],[119.25267,44.74842],[119.3588,44.78251],[119.40981,44.68806],[119.4718,44.68888],[119.46884,44.6735],[119.50057,44.64345],[119.49008,44.58861],[119.54306,44.54907],[119.56586,44.50269],[119.55841,44.47279],[119.59141,44.43676],[119.55374,44.42936],[119.54897,44.40218],[119.56183,44.39473],[119.52976,44.37444],[119.52032,44.3223],[119.55706,44.27574],[119.58045,44.19629],[119.62659,44.16812],[119.63306,44.13991],[119.61047,44.08453],[119.62944,44.06519],[119.61928,44.05606],[119.64998,44.04051],[119.64558,44.02018],[119.69551,43.9632],[119.73648,43.93835],[119.74384,43.87094],[119.80834,43.83702],[119.78872,43.81996],[119.80186,43.80959],[119.78599,43.80127],[119.78691,43.77842],[119.6828,43.72089],[119.71432,43.65395],[119.70258,43.63015],[119.66399,43.63051]]]}},{"type":"Feature","id":"CTAMAP-2023-COUNTY-0079","properties":{"map_level":"county","source_name":"白云鄂博矿区","source_code":"150206","county_type":"市辖区","prefecture_name":"包头市","prefecture_code":"150200","prefecture_type":"地级市","parent_entity_id":"CNUR-000026","parent_year_end_name":"包头市","province_name":"内蒙古自治区","province_code":"150000","snapshot_year":2023,"panel_year":2022,"link_status":"parent_linked","former_name":"","note":""},"geometry":{"type":"MultiPolygon","coordinates":[[[[109.83431,41.88146],[109.87391,41.82078],[109.92702,41.82133],[109.98242,41.85196],[110.00648,41.84546],[110.04613,41.81791],[110.04462,41.71129],[110.02015,41.71118],[109.98512,41.68143],[109.96854,41.64383],[109.90713,41.66046],[109.83129,41.766],[109.81923,41.88388],[109.85376,41.93904],[109.86588,41.93209],[109.83431,41.88146]]],[[[110.19317,41.61329],[110.21771,41.56844],[110.18154,41.5844],[110.1716,41.65816],[110.21962,41.65849],[110.21996,41.62261],[110.19317,41.61329]]]]}},{"type":"Feature","id":"CTAMAP-2023-COUNTY-0156","properties":{"map_level":"county","source_name":"察哈尔右翼后旗","source_code":"150928","county_type":"旗","prefecture_name":"乌兰察布市","prefecture_code":"150900","prefecture_type":"地级市","parent_entity_id":"CNUR-000033","parent_year_end_name":"乌兰察布市","province_name":"内蒙古自治区","province_code":"150000","snapshot_year":2023,"panel_year":2022,"link_status":"parent_linked","former_name":"","note":""},"geometry":{"type":"Polygon","coordinates":[[[113.46899,41.39198],[113.43165,41.37553],[113.35887,41.29671],[113.35108,41.27224],[113.39726,41.25952],[113.41565,41.22437],[113.40096,41.18752],[113.36516,41.16711],[113.37498,41.15385],[113.27757,41.18425],[113.23502,41.16962],[113.18678,41.20299],[113.11685,41.22304],[113.07245,41.18338],[113.00571,41.18809],[112.9624,41.158],[112.87827,41.14358],[112.88146,41.12229],[112.78053,41.10545],[112.74546,41.06625],[112.70203,41.18011],[112.76206,41.22006],[112.80149,41.2689],[112.83889,41.34135],[112.83071,41.39288],[112.85642,41.41802],[112.821,41.50867],[112.77984,41.54236],[112.7653,41.60193],[112.76524,41.7144],[112.80848,41.75296],[112.76957,41.8459],[112.77378,41.89189],[112.98302,41.98584],[113.0351,41.98383],[113.07899,41.93066],[113.1198,41.95186],[113.15633,41.94197],[113.16295,41.9621],[113.14126,41.97636],[113.15712,41.98806],[113.21881,41.94887],[113.20744,41.91032],[113.25741,41.8906],[113.20522,41.87749],[113.17161,41.89501],[113.12424,41.87115],[113.15876,41.84303],[113.19928,41.83572],[113.2009,41.82265],[113.15143,41.79238],[113.16491,41.75885],[113.25319,41.72874],[113.2563,41.70222],[113.22907,41.69921],[113.24828,41.67361],[113.22163,41.68084],[113.21714,41.65912],[113.24198,41.65296],[113.25139,41.58262],[113.27295,41.56207],[113.31152,41.57599],[113.30796,41.54607],[113.37625,41.53183],[113.3729,41.54343],[113.3946,41.54914],[113.35502,41.5866],[113.36797,41.59227],[113.36215,41.60525],[113.38969,41.6075],[113.40356,41.59133],[113.40779,41.52142],[113.42773,41.546],[113.44791,41.53486],[113.42922,41.51343],[113.4443,41.4859],[113.4793,41.51376],[113.50215,41.51084],[113.512,41.48783],[113.45789,41.45967],[113.38533,41.48292],[113.29481,41.47574],[113.31609,41.45099],[113.34363,41.46427],[113.36772,41.44484],[113.29484,41.41005],[113.41303,41.41825],[113.42002,41.43964],[113.37413,41.45197],[113.39272,41.46055],[113.43834,41.44444],[113.44304,41.45683],[113.46196,41.44836],[113.4513,41.4227],[113.48254,41.4142],[113.46409,41.40869],[113.46899,41.39198]]]}},{"type":"Feature","id":"CTAMAP-2023-COUNTY-0157","properties":{"map_level":"county","source_name":"察哈尔右翼前旗","source_code":"150926","county_type":"旗","prefecture_name":"乌兰察布市","prefecture_code":"150900","prefecture_type":"地级市","parent_entity_id":"CNUR-000033","parent_year_end_name":"乌兰察布市","province_name":"内蒙古自治区","province_code":"150000","snapshot_year":2023,"panel_year":2022,"link_status":"parent_linked","former_name":"","note":""},"geometry":{"type":"Polygon","coordinates":[[[113.18661,41.20306],[113.15908,41.19394],[113.15325,41.15752],[113.20527,41.12688],[113.18364,41.11823],[113.19,41.10374],[113.17901,41.11319],[113.18828,41.09598],[113.16345,41.08372],[113.16968,41.07146],[113.14989,41.06036],[113.14613,41.07464],[113.11676,41.07828],[113.03686,41.05568],[113.04122,41.02217],[113.02146,40.99277],[113.04684,40.97902],[113.08336,40.98865],[113.12045,40.95458],[113.14618,40.98357],[113.16705,40.98715],[113.16146,40.99511],[113.16336,41.00132],[113.19203,40.98502],[113.14565,40.96872],[113.21812,40.98074],[113.23347,40.93966],[113.27596,40.92826],[113.28983,40.94304],[113.28402,40.9679],[113.31975,40.97851],[113.32015,41.04133],[113.33905,41.05609],[113.32389,41.0728],[113.27679,41.07899],[113.23971,41.07687],[113.24276,41.06232],[113.22819,41.05742],[113.19546,41.07711],[113.25013,41.11624],[113.26038,41.13139],[113.23953,41.15567],[113.27757,41.18425],[113.35735,41.15154],[113.37667,41.15536],[113.36516,41.16711],[113.41224,41.20151],[113.54995,41.20128],[113.56877,41.19337],[113.56733,41.1706],[113.59999,41.1793],[113.61417,41.16614],[113.57503,41.12907],[113.6615,41.09987],[113.64179,41.08623],[113.61943,41.10128],[113.60367,41.07912],[113.63428,41.03351],[113.58048,41.00092],[113.55103,40.94086],[113.58348,40.89921],[113.55421,40.88834],[113.5513,40.85726],[113.49344,40.83755],[113.52895,40.81663],[113.53524,40.79592],[113.50874,40.79131],[113.49546,40.75411],[113.40118,40.78958],[113.3547,40.74589],[113.35346,40.71868],[113.30658,40.69955],[113.22737,40.73521],[113.16196,40.72477],[113.17471,40.68887],[113.13878,40.68609],[113.06999,40.71699],[113.05664,40.74104],[113.01998,40.72812],[112.97945,40.76671],[112.89294,40.80591],[112.89011,40.85527],[112.92441,40.87773],[112.90357,40.9166],[112.95355,40.93529],[112.91229,40.99149],[112.82214,41.00314],[112.87418,41.02644],[112.88016,41.04806],[112.82495,41.06123],[112.80782,41.08487],[112.81108,41.11369],[112.88146,41.12229],[112.87827,41.14358],[112.9624,41.158],[113.00571,41.18809],[113.07245,41.18338],[113.11685,41.22304],[113.18661,41.20306]]]}},{"type":"Feature","id":"CTAMAP-2023-COUNTY-0158","properties":{"map_level":"county","source_name":"察哈尔右翼中旗","source_code":"150927","county_type":"旗","prefecture_name":"乌兰察布市","prefecture_code":"150900","prefecture_type":"地级市","parent_entity_id":"CNUR-000033","parent_year_end_name":"乌兰察布市","province_name":"内蒙古自治区","province_code":"150000","snapshot_year":2023,"panel_year":2022,"link_status":"parent_linked","former_name":"","note":""},"geometry":{"type":"Polygon","coordinates":[[[112.77969,41.81912],[112.80848,41.75296],[112.76524,41.7144],[112.7653,41.60193],[112.78067,41.54085],[112.84543,41.46864],[112.85628,41.41442],[112.83071,41.39288],[112.83889,41.34135],[112.80149,41.2689],[112.76206,41.22006],[112.70203,41.18011],[112.72061,41.14446],[112.70297,41.15249],[112.69772,41.13709],[112.63319,41.11239],[112.5874,41.12516],[112.58489,41.09281],[112.62535,41.06494],[112.5948,41.02229],[112.50431,41.0191],[112.4516,41.03742],[112.38129,41.02596],[112.31261,41.07069],[112.3467,41.06817],[112.35262,41.09846],[112.38253,41.10684],[112.35831,41.13255],[112.27471,41.13847],[112.22808,41.18565],[112.10742,41.25482],[112.07631,41.22945],[112.05394,41.24727],[112.00054,41.24021],[111.95141,41.26303],[111.9592,41.28193],[111.93169,41.29575],[111.93005,41.32779],[111.96593,41.35173],[111.96257,41.36697],[111.99501,41.40606],[112.03338,41.39713],[112.04732,41.42153],[112.11597,41.43609],[112.08724,41.50888],[112.09654,41.53874],[112.12252,41.55246],[112.13245,41.60768],[112.17063,41.61466],[112.15395,41.6581],[112.20918,41.68352],[112.24479,41.6674],[112.30828,41.68683],[112.42486,41.6395],[112.47036,41.80695],[112.58975,41.79278],[112.61375,41.80978],[112.68108,41.80598],[112.72123,41.83143],[112.77969,41.81912]]]}},{"type":"Feature","id":"CTAMAP-2023-COUNTY-0184","properties":{"map_level":"county","source_name":"陈巴尔虎旗","source_code":"150725","county_type":"旗","prefecture_name":"呼伦贝尔市","prefecture_code":"150700","prefecture_type":"地级市","parent_entity_id":"CNUR-000031","parent_year_end_name":"呼伦贝尔市","province_name":"内蒙古自治区","province_code":"150000","snapshot_year":2023,"panel_year":2022,"link_status":"parent_linked","former_name":"","note":""},"geometry":{"type":"Polygon","coordinates":[[[121.04685,50.02834],[121.04452,49.98293],[120.99684,49.95788],[120.96003,49.89686],[120.89302,49.8432],[120.92205,49.79916],[120.90888,49.78288],[120.92098,49.76791],[120.89953,49.73129],[120.88035,49.72646],[120.87054,49.67848],[120.90448,49.66612],[120.92545,49.625],[120.85559,49.62682],[120.82793,49.59053],[120.69527,49.57236],[120.59161,49.52096],[120.54118,49.47837],[120.5244,49.44364],[120.46885,49.43012],[120.45818,49.41818],[120.48836,49.40893],[120.49839,49.38586],[120.54065,49.37284],[120.52345,49.34265],[120.5793,49.29928],[120.55458,49.28379],[120.51767,49.28759],[120.48217,49.25886],[120.4503,49.26218],[120.37901,49.2339],[120.37854,49.25363],[120.39921,49.26633],[120.35525,49.30101],[120.35205,49.32196],[120.37579,49.34163],[120.35357,49.36697],[120.17046,49.26397],[120.02033,49.45464],[119.87155,49.44721],[119.80306,49.32142],[119.78132,49.33062],[119.72151,49.30564],[119.72741,49.25209],[119.67295,49.21559],[119.51711,49.19455],[119.55406,49.11343],[119.41109,49.05385],[119.34052,48.96766],[119.05397,48.86003],[118.95381,48.83737],[118.8659,48.78323],[118.82547,48.80233],[118.72944,48.80316],[118.53459,48.93597],[118.54487,48.99677],[118.3943,49.21522],[118.40026,49.41798],[118.43309,49.41767],[118.43386,49.43069],[118.39821,49.43529],[118.39023,49.5996],[118.36966,49.63356],[118.38967,49.64415],[118.39483,49.76573],[118.37156,49.78706],[118.39547,49.80468],[118.37741,49.82537],[118.4764,49.82837],[118.47094,49.8411],[118.4911,49.83981],[118.48101,49.87133],[118.5169,49.88017],[118.52517,49.90035],[118.55783,49.90078],[118.54366,49.90769],[118.56114,49.91078],[118.56603,49.92966],[118.60918,49.92459],[118.61365,49.9475],[118.64263,49.93601],[118.64417,49.94947],[118.73301,49.94504],[118.92173,49.9883],[118.9879,49.97358],[119.09367,49.99055],[119.12132,50.02212],[119.15798,50.02615],[119.18735,50.06547],[119.18065,50.08656],[119.22621,50.0733],[119.24792,50.09852],[119.28518,50.10836],[119.28715,50.13637],[119.31012,50.14255],[119.30668,50.16126],[119.34777,50.16893],[119.4948,50.12364],[119.57959,50.13541],[119.6491,50.18189],[119.72191,50.17246],[119.74304,50.20853],[119.83705,50.19811],[119.88126,50.12755],[119.84835,50.1125],[119.85254,50.0944],[119.89318,50.03732],[119.99486,49.99229],[120.09821,49.97527],[120.23371,50.00441],[120.4681,50.01052],[120.62759,50.06025],[120.66629,50.04804],[120.69574,50.06996],[120.74386,50.07138],[120.78088,50.11384],[120.82547,50.09759],[120.83709,50.07254],[120.87793,50.08306],[120.8851,50.10193],[120.91595,50.09883],[120.94359,50.0608],[121.04685,50.02834]]]}},{"type":"Feature","id":"CTAMAP-2023-COUNTY-0238","properties":{"map_level":"county","source_name":"达尔罕茂明安联合旗","source_code":"150223","county_type":"旗","prefecture_name":"包头市","prefecture_code":"150200","prefecture_type":"地级市","parent_entity_id":"CNUR-000026","parent_year_end_name":"包头市","province_name":"内蒙古自治区","province_code":"150000","snapshot_year":2023,"panel_year":2022,"link_status":"parent_linked","former_name":"","note":""},"geometry":{"type":"Polygon","coordinates":[[[111.41871,41.31678],[111.34848,41.31121],[111.33053,41.28692],[111.31729,41.30122],[111.27926,41.28985],[111.24645,41.26266],[111.25281,41.24517],[111.22973,41.23716],[111.09564,41.30632],[111.08633,41.28225],[111.02417,41.29569],[111.01864,41.32146],[110.97594,41.34364],[110.91635,41.31267],[110.86268,41.35519],[110.82973,41.35824],[110.81035,41.38435],[110.71586,41.38301],[110.62986,41.31751],[110.5652,41.32601],[110.56853,41.30776],[110.54569,41.28657],[110.20708,41.43604],[110.18509,41.43394],[110.16726,41.40235],[110.18063,41.38948],[110.15337,41.37951],[110.11267,41.40629],[110.06315,41.40418],[110.03787,41.42162],[109.96586,41.38159],[109.85035,41.47416],[109.79925,41.45315],[109.73082,41.48346],[109.6634,41.4824],[109.67625,41.50196],[109.66598,41.50525],[109.54394,41.49529],[109.46588,41.51755],[109.42683,41.55484],[109.42401,41.64723],[109.39768,41.65978],[109.3932,41.69213],[109.36641,41.70266],[109.35606,41.72722],[109.37053,41.7369],[109.33868,41.73597],[109.32366,41.78963],[109.2991,41.79237],[109.3028,41.81208],[109.27349,41.8189],[109.27882,41.84837],[109.24834,41.87777],[109.33853,41.91258],[109.38074,42.03469],[109.4153,42.06437],[109.46194,42.0775],[109.50407,42.15919],[109.47378,42.29359],[109.48157,42.31458],[109.45703,42.34908],[109.46998,42.37554],[109.41811,42.42479],[109.37795,42.42917],[109.3801,42.44697],[109.53517,42.47047],[109.67685,42.55786],[109.90138,42.63486],[110.10256,42.63945],[110.13302,42.67323],[110.33283,42.73484],[110.39044,42.71138],[110.51558,42.62439],[110.63266,42.49044],[110.69819,42.46922],[110.72385,42.44093],[110.71686,42.39236],[110.73654,42.29638],[110.78449,42.24044],[110.77819,42.1746],[110.9902,41.9188],[111.05284,41.79803],[111.11267,41.77029],[111.23691,41.66771],[111.36791,41.62937],[111.43438,41.51898],[111.44199,41.46317],[111.4275,41.42481],[111.38068,41.37912],[111.41762,41.34507],[111.41871,41.31678]],[[109.87391,41.82078],[109.83431,41.88146],[109.86588,41.93209],[109.85376,41.93904],[109.81923,41.88388],[109.83129,41.766],[109.90713,41.66046],[109.96854,41.64383],[109.98512,41.68143],[110.02015,41.71118],[110.04462,41.71129],[110.04613,41.81791],[110.00648,41.84546],[109.98242,41.85196],[109.92702,41.82133],[109.87391,41.82078]],[[110.19317,41.61329],[110.21996,41.62261],[110.21962,41.65849],[110.1716,41.65816],[110.18154,41.5844],[110.21771,41.56844],[110.19317,41.61329]]]}},{"type":"Feature","id":"CTAMAP-2023-COUNTY-0239","properties":{"map_level":"county","source_name":"达拉特旗","source_code":"150621","county_type":"旗","prefecture_name":"鄂尔多斯市","prefecture_code":"150600","prefecture_type":"地级市","parent_entity_id":"CNUR-000030","parent_year_end_name":"鄂尔多斯市","province_name":"内蒙古自治区","province_code":"150000","snapshot_year":2023,"panel_year":2022,"link_status":"parent_linked","former_name":"","note":""},"geometry":{"type":"Polygon","coordinates":[[[109.90761,40.53052],[110.0063,40.4997],[110.01474,40.52804],[110.03227,40.532],[110.05245,40.51644],[110.11824,40.52074],[110.14932,40.50121],[110.17318,40.55],[110.19948,40.54864],[110.24884,40.51595],[110.23664,40.47371],[110.30733,40.48911],[110.29891,40.44779],[110.36042,40.45905],[110.36497,40.43628],[110.38988,40.43256],[110.43142,40.39371],[110.47437,40.40357],[110.46965,40.38263],[110.48765,40.36622],[110.50784,40.39042],[110.54967,40.33814],[110.60328,40.31042],[110.62327,40.3228],[110.64091,40.27844],[110.68459,40.24362],[110.69923,40.17654],[110.71734,40.16876],[110.69538,40.16813],[110.67088,40.08415],[110.60364,40.02612],[110.57657,39.95228],[110.45041,39.93013],[110.40205,39.90653],[110.41931,39.85858],[110.38146,39.80586],[110.28163,39.85959],[110.21519,39.86347],[110.12545,39.93952],[110.06715,39.92407],[110.02637,39.94618],[110.01029,39.94009],[109.97233,39.97893],[109.93869,39.97279],[109.9426,39.95355],[109.897,39.94625],[109.88515,39.91934],[109.84699,39.90221],[109.64645,39.90724],[109.59208,39.95707],[109.54176,39.91075],[109.43371,39.94686],[109.33329,39.94049],[109.24046,39.95437],[109.2172,39.97327],[109.2679,40.05515],[109.13766,40.06525],[109.11525,40.05515],[109.09947,40.06726],[109.10718,40.08866],[109.06775,40.15983],[109.09174,40.21881],[109.11924,40.23678],[109.1132,40.29242],[109.03424,40.31084],[109.01569,40.3899],[108.98514,40.41195],[108.99636,40.43625],[109.02237,40.43932],[109.05502,40.47421],[109.03463,40.51627],[109.05703,40.54328],[109.15746,40.52911],[109.1734,40.51259],[109.21616,40.51918],[109.22318,40.48452],[109.24486,40.50136],[109.30726,40.50205],[109.33927,40.47381],[109.38704,40.47822],[109.40279,40.45615],[109.4229,40.51241],[109.45704,40.52174],[109.50394,40.50951],[109.56786,40.55373],[109.59901,40.53746],[109.63487,40.54285],[109.65173,40.52983],[109.65234,40.49708],[109.6877,40.49719],[109.70351,40.47716],[109.81766,40.51146],[109.8548,40.50551],[109.90761,40.53052]]]}},{"type":"Feature","id":"CTAMAP-2023-COUNTY-0315","properties":{"map_level":"county","source_name":"磴口县","source_code":"150822","county_type":"县","prefecture_name":"巴彦淖尔市","prefecture_code":"150800","prefecture_type":"地级市","parent_entity_id":"CNUR-000032","parent_year_end_name":"巴彦淖尔市","province_name":"内蒙古自治区","province_code":"150000","snapshot_year":2023,"panel_year":2022,"link_status":"parent_linked","former_name":"","note":""},"geometry":{"type":"Polygon","coordinates":[[[106.58547,40.75471],[106.70747,40.75724],[106.90101,40.72084],[106.94201,40.65557],[107.07191,40.64523],[107.07467,40.61041],[107.10557,40.57944],[107.09977,40.50323],[107.15499,40.4593],[107.16592,40.38747],[107.11851,40.34999],[107.04299,40.3299],[107.00132,40.24613],[106.91215,40.19568],[106.90079,40.17287],[106.86166,40.16753],[106.86153,40.18452],[106.73537,40.19531],[106.70093,40.26129],[106.76085,40.29375],[106.81533,40.35422],[106.80877,40.36882],[106.59888,40.38587],[106.51657,40.37272],[106.46324,40.32436],[106.42783,40.34739],[106.3236,40.34533],[106.2248,40.46418],[106.20581,40.51198],[106.26891,40.50876],[106.2809,40.53703],[106.3399,40.51855],[106.36926,40.49074],[106.49073,40.48398],[106.4833,40.54379],[106.3223,40.59662],[106.28227,40.5944],[106.24275,40.62469],[106.24563,40.66821],[106.20666,40.67188],[106.17796,40.70341],[106.15309,40.69229],[106.188,40.72273],[106.18153,40.738],[106.20796,40.747],[106.19339,40.75581],[106.20327,40.77656],[106.23354,40.77576],[106.25552,40.82498],[106.23093,40.84245],[106.27827,40.83925],[106.2617,40.87806],[106.29031,40.905],[106.31563,40.90486],[106.3292,40.93508],[106.35379,40.93827],[106.34439,40.94516],[106.43754,40.95287],[106.45623,40.90901],[106.43063,40.90428],[106.42881,40.88613],[106.48719,40.86663],[106.50407,40.77684],[106.58547,40.75471]]]}},{"type":"Feature","id":"CTAMAP-2023-COUNTY-0352","properties":{"map_level":"county","source_name":"东河区","source_code":"150202","county_type":"市辖区","prefecture_name":"包头市","prefecture_code":"150200","prefecture_type":"地级市","parent_entity_id":"CNUR-000026","parent_year_end_name":"包头市","province_name":"内蒙古自治区","province_code":"150000","snapshot_year":2023,"panel_year":2022,"link_status":"parent_linked","former_name":"","note":""},"geometry":{"type":"Polygon","coordinates":[[[110.43797,40.64223],[110.40726,40.625],[110.41575,40.54924],[110.36103,40.50365],[110.32802,40.49626],[110.31126,40.46068],[110.31325,40.50964],[110.23811,40.51236],[110.21865,40.5413],[110.18829,40.55078],[110.17318,40.55],[110.14932,40.50121],[110.11824,40.52074],[110.05245,40.51644],[110.03227,40.532],[110.01474,40.52804],[110.0063,40.4997],[109.98673,40.51077],[109.97138,40.60324],[109.98235,40.62203],[110.00135,40.60808],[110.10842,40.6348],[110.10896,40.65855],[110.16581,40.65719],[110.18889,40.64141],[110.21637,40.65205],[110.27649,40.61968],[110.28543,40.58704],[110.32369,40.63715],[110.43797,40.64223]]]}},{"type":"Feature","id":"CTAMAP-2023-COUNTY-0363","properties":{"map_level":"county","source_name":"东胜区","source_code":"150602","county_type":"市辖区","prefecture_name":"鄂尔多斯市","prefecture_code":"150600","prefecture_type":"地级市","parent_entity_id":"CNUR-000030","parent_year_end_name":"鄂尔多斯市","province_name":"内蒙古自治区","province_code":"150000","snapshot_year":2023,"panel_year":2022,"link_status":"parent_linked","former_name":"","note":""},"geometry":{"type":"Polygon","coordinates":[[[110.38146,39.80586],[110.35512,39.74396],[110.28938,39.72971],[110.16805,39.7824],[110.14914,39.71425],[110.06702,39.73377],[110.02749,39.69329],[109.98203,39.68695],[109.97364,39.65116],[109.75465,39.71148],[109.68862,39.75943],[109.65772,39.74073],[109.58215,39.74773],[109.36004,39.72237],[109.32763,39.7781],[109.28882,39.80081],[109.262,39.8014],[109.24177,39.77615],[109.22085,39.77466],[109.2118,39.80223],[109.15645,39.84386],[109.1362,39.9247],[109.1497,39.95192],[109.21205,39.9653],[109.33329,39.94049],[109.43371,39.94686],[109.54176,39.91075],[109.59208,39.95707],[109.64645,39.90724],[109.84857,39.90227],[109.88515,39.91934],[109.897,39.94625],[109.9426,39.95355],[109.93869,39.97279],[109.97233,39.97893],[110.01029,39.94009],[110.02637,39.94618],[110.06715,39.92407],[110.12545,39.93952],[110.21519,39.86347],[110.28163,39.85959],[110.38146,39.80586]]]}},{"type":"Feature","id":"CTAMAP-2023-COUNTY-0365","properties":{"map_level":"county","source_name":"东乌珠穆沁旗","source_code":"152525","county_type":"旗","prefecture_name":"锡林郭勒盟","prefecture_code":"152500","prefecture_type":"盟","parent_entity_id":"CNUR-000035","parent_year_end_name":"锡林郭勒盟","province_name":"内蒙古自治区","province_code":"150000","snapshot_year":2023,"panel_year":2022,"link_status":"parent_linked","former_name":"","note":""},"geometry":{"type":"Polygon","coordinates":[[[119.90409,46.66609],[119.94518,46.60411],[119.90128,46.53583],[119.94231,46.49199],[119.90315,46.42746],[119.97773,46.41717],[119.95504,46.39396],[119.89433,46.40213],[119.83113,46.37384],[119.83993,46.35073],[119.86717,46.3442],[119.85982,46.32664],[119.83119,46.31916],[119.82908,46.23348],[119.88293,46.20786],[119.84414,46.18191],[119.87263,46.14267],[119.87011,46.1222],[119.84844,46.10641],[119.8274,46.00302],[119.80144,45.98949],[119.82327,45.97279],[119.8014,45.81875],[119.74461,45.76102],[119.69361,45.73506],[119.70217,45.7012],[119.67497,45.66767],[119.58979,45.66834],[119.55888,45.65408],[119.5392,45.63464],[119.55267,45.61448],[119.48933,45.54838],[119.29734,45.46625],[119.31236,45.44122],[119.29974,45.43577],[119.30636,45.38359],[119.24127,45.30163],[119.29538,45.2587],[119.14279,45.31546],[119.07809,45.31563],[119.05153,45.29752],[118.98758,45.31094],[118.92611,45.30415],[118.91013,45.28205],[118.77283,45.28301],[118.49043,45.19316],[118.30583,45.2746],[118.28289,45.29151],[118.2783,45.31824],[118.23618,45.34172],[117.89271,45.3774],[117.61747,45.27295],[117.55447,45.16929],[117.52269,45.15108],[117.34582,45.12112],[117.30007,45.09043],[116.95978,45.039],[116.81019,44.99008],[116.66511,44.98846],[116.53853,45.01912],[116.48341,44.88373],[116.42937,44.86493],[116.23711,44.88888],[116.22729,44.87304],[116.19349,44.87177],[116.13502,44.84062],[116.16837,44.82704],[116.09207,44.77035],[116.10109,44.74086],[115.95584,44.69905],[115.85315,44.75752],[115.73171,44.87505],[115.52271,44.96408],[115.47732,45.02118],[115.38105,45.08305],[115.36859,45.09579],[115.37056,45.16499],[115.16584,45.39465],[115.35786,45.39121],[115.68975,45.45863],[115.93118,45.63398],[116.0203,45.65842],[116.02709,45.68083],[116.17079,45.68922],[116.2168,45.74439],[116.28196,45.77679],[116.28022,45.83794],[116.23489,45.87543],[116.26315,45.96535],[116.40437,46.12974],[116.42905,46.13509],[116.56102,46.25235],[116.57938,46.29014],[116.66861,46.32334],[116.74576,46.32735],[116.80584,46.35353],[116.82845,46.38149],[117.08519,46.35579],[117.36045,46.35957],[117.38839,46.47179],[117.43682,46.5266],[117.40862,46.57871],[117.5872,46.60132],[117.62848,46.58303],[117.66566,46.52949],[117.71117,46.51551],[117.76173,46.53365],[117.83847,46.53425],[117.86107,46.54614],[117.85393,46.56994],[117.91848,46.61188],[118.04994,46.63091],[118.11835,46.67672],[118.19063,46.68326],[118.30663,46.73671],[118.40109,46.72553],[118.43678,46.70221],[118.58247,46.69153],[118.64552,46.72029],[118.66813,46.69507],[118.77758,46.68317],[118.79233,46.69412],[118.78091,46.71339],[118.83731,46.76859],[118.89727,46.77145],[118.91297,46.76384],[118.91797,46.72267],[119.0003,46.74409],[119.10928,46.64058],[119.15259,46.65533],[119.23372,46.64819],[119.30677,46.6056],[119.35079,46.61488],[119.3637,46.59933],[119.42475,46.6351],[119.55003,46.63109],[119.57483,46.61679],[119.64165,46.6227],[119.67428,46.60345],[119.67028,46.58117],[119.76887,46.61699],[119.80027,46.65449],[119.79494,46.67752],[119.90409,46.66609]]]}},{"type":"Feature","id":"CTAMAP-2023-COUNTY-0392","properties":{"map_level":"county","source_name":"多伦县","source_code":"152531","county_type":"县","prefecture_name":"锡林郭勒盟","prefecture_code":"152500","prefecture_type":"盟","parent_entity_id":"CNUR-000035","parent_year_end_name":"锡林郭勒盟","province_name":"内蒙古自治区","province_code":"150000","snapshot_year":2023,"panel_year":2022,"link_status":"parent_linked","former_name":"","note":""},"geometry":{"type":"Polygon","coordinates":[[[116.90366,42.43624],[116.87871,42.3514],[116.91616,42.19218],[116.85168,42.18695],[116.77685,42.20567],[116.88583,42.10341],[116.86934,42.00835],[116.78259,41.9713],[116.7519,41.99154],[116.71838,41.95037],[116.58304,41.92353],[116.54033,41.93156],[116.49047,41.98069],[116.42889,41.93801],[116.38632,41.94197],[116.41413,41.98776],[116.37506,42.00789],[116.32768,42.00736],[116.29584,41.96816],[116.22312,41.93605],[116.19294,41.86213],[116.1316,41.8687],[116.10536,41.85179],[116.09939,41.83086],[116.12306,41.806],[116.09191,41.77418],[116.01014,41.77491],[115.99563,41.82713],[115.93121,41.90713],[115.91884,41.94007],[115.99184,42.07845],[116.06694,42.11852],[116.1077,42.17357],[116.17002,42.19871],[116.19587,42.23836],[116.19653,42.30714],[116.24334,42.36504],[116.28108,42.36988],[116.28474,42.39348],[116.37121,42.3741],[116.40109,42.34051],[116.4857,42.33108],[116.52178,42.36801],[116.55823,42.45101],[116.52754,42.52003],[116.55141,42.52886],[116.58196,42.59799],[116.62944,42.61279],[116.6321,42.57548],[116.6633,42.55391],[116.69203,42.5933],[116.79513,42.58099],[116.82298,42.55644],[116.81449,42.54496],[116.87953,42.53279],[116.86894,42.47836],[116.90366,42.43624]]]}},{"type":"Feature","id":"CTAMAP-2023-COUNTY-0397","properties":{"map_level":"county","source_name":"额尔古纳市","source_code":"150784","county_type":"县级市","prefecture_name":"呼伦贝尔市","prefecture_code":"150700","prefecture_type":"地级市","parent_entity_id":"CNUR-000031","parent_year_end_name":"呼伦贝尔市","province_name":"内蒙古自治区","province_code":"150000","snapshot_year":2023,"panel_year":2022,"link_status":"parent_linked","former_name":"","note":""},"geometry":{"type":"Polygon","coordinates":[[[121.71182,52.31508],[121.67126,52.30485],[121.73225,52.20317],[121.70307,52.16382],[121.74831,52.123],[121.70781,52.12697],[121.6977,52.11877],[121.70839,52.10321],[121.65265,52.09175],[121.65464,52.07032],[121.62859,52.07229],[121.60989,52.04214],[121.57838,52.0519],[121.52941,52.04337],[121.51649,52.02093],[121.48499,52.03442],[121.44024,52.02504],[121.38765,51.97579],[121.34211,51.98031],[121.33322,51.96075],[121.29433,51.9527],[121.32721,51.93664],[121.31583,51.90341],[121.33308,51.87859],[121.44513,51.90539],[121.60985,51.82355],[121.61437,51.80693],[121.56394,51.76796],[121.58057,51.75091],[121.53889,51.69686],[121.48273,51.67492],[121.47666,51.65555],[121.40433,51.65062],[121.42748,51.60751],[121.40919,51.52641],[121.43979,51.47998],[121.34261,51.4499],[121.34835,51.41653],[121.32897,51.39686],[121.27758,51.38539],[121.20223,51.32443],[121.08972,51.30892],[121.03652,51.23482],[121.01668,51.22885],[121.02201,51.20997],[121.00684,51.19665],[121.02913,51.14549],[120.97238,51.07879],[120.93937,51.07871],[120.93295,51.05583],[120.88779,51.05758],[120.86252,51.0786],[120.81793,51.07042],[120.80097,51.10239],[120.71795,51.09117],[120.68684,51.10736],[120.6939,51.11681],[120.66249,51.1466],[120.60805,51.16557],[120.46624,51.14853],[120.43112,51.13617],[120.40665,51.06147],[120.35506,51.04982],[120.3449,51.026],[120.29161,51.00364],[120.28935,50.96528],[120.24894,50.93691],[120.21612,50.86997],[120.18173,50.84502],[120.24743,50.8342],[120.32318,50.8597],[120.37025,50.85526],[120.45687,50.87596],[120.50449,50.81759],[120.58622,50.83759],[120.47673,50.73706],[120.50217,50.67865],[120.4798,50.63199],[120.51378,50.62191],[120.51423,50.59107],[120.54208,50.56967],[120.58644,50.56835],[120.69147,50.60762],[120.74955,50.54654],[120.76016,50.51198],[120.69117,50.46364],[120.71404,50.4133],[120.84422,50.43048],[120.87398,50.38611],[120.91436,50.37621],[120.90558,50.36493],[120.93056,50.3528],[120.987,50.27347],[120.98413,50.25258],[120.95774,50.23546],[121.01096,50.10573],[121.06229,50.06699],[121.04685,50.02834],[120.94359,50.0608],[120.91595,50.09883],[120.8851,50.10193],[120.87793,50.08306],[120.83709,50.07254],[120.82547,50.09759],[120.78088,50.11384],[120.74342,50.07123],[120.69574,50.06996],[120.66629,50.04804],[120.62692,50.06012],[120.4681,50.01052],[120.23371,50.00441],[120.09821,49.97527],[120.03628,49.98166],[119.89318,50.03732],[119.85254,50.0944],[119.84835,50.1125],[119.88126,50.12755],[119.83794,50.19775],[119.74304,50.20853],[119.72191,50.17246],[119.6491,50.18189],[119.57959,50.13541],[119.4948,50.12364],[119.4262,50.1361],[119.33264,50.16911],[119.32559,50.18156],[119.35253,50.19465],[119.3109,50.21728],[119.33988,50.25506],[119.31732,50.28202],[119.34335,50.28396],[119.34344,50.30295],[119.37841,50.31968],[119.3508,50.32646],[119.36133,50.34914],[119.32206,50.3603],[119.29449,50.34437],[119.26901,50.36452],[119.24441,50.34202],[119.22409,50.36408],[119.17842,50.34655],[119.18676,50.36225],[119.14788,50.36154],[119.16794,50.37798],[119.11814,50.38632],[119.1578,50.42168],[119.20641,50.40892],[119.21564,50.44023],[119.24267,50.4469],[119.23251,50.45891],[119.25596,50.46738],[119.25537,50.48664],[119.22657,50.50158],[119.25467,50.50947],[119.27503,50.55129],[119.26143,50.5671],[119.28821,50.57324],[119.27603,50.60466],[119.32572,50.62339],[119.32719,50.63996],[119.35155,50.63017],[119.38599,50.66193],[119.37417,50.67981],[119.42629,50.68331],[119.4923,50.7481],[119.48782,50.7737],[119.51626,50.78899],[119.48876,50.82933],[119.48339,50.87767],[119.56301,50.93335],[119.58976,50.98257],[119.62091,50.99353],[119.62385,51.00828],[119.6799,51.02024],[119.67389,51.03312],[119.71876,51.0492],[119.7108,51.07291],[119.75621,51.09063],[119.74408,51.11461],[119.76521,51.12387],[119.77587,51.15335],[119.75253,51.16249],[119.78089,51.16731],[119.75286,51.21308],[119.77297,51.22472],[119.81492,51.2139],[119.78937,51.2449],[119.82026,51.25999],[119.80461,51.28061],[119.87069,51.29469],[119.878,51.3371],[119.93947,51.36041],[119.9025,51.38855],[119.9638,51.39911],[119.96805,51.43547],[119.99578,51.45382],[119.97512,51.48132],[119.97805,51.50356],[120.04462,51.55186],[120.02752,51.58412],[120.05282,51.63337],[120.09493,51.64967],[120.07995,51.67729],[120.16701,51.67907],[120.26387,51.74881],[120.28708,51.7499],[120.30768,51.78345],[120.35478,51.78781],[120.39867,51.81304],[120.39277,51.83174],[120.46758,51.84996],[120.47164,51.88346],[120.5345,51.87799],[120.54839,51.91131],[120.65038,51.92537],[120.65573,51.95671],[120.71222,52.00836],[120.68143,52.02951],[120.68425,52.04652],[120.72043,52.07867],[120.7452,52.0773],[120.73547,52.09311],[120.76197,52.11181],[120.75335,52.13925],[120.77986,52.16273],[120.73778,52.20647],[120.75264,52.25375],[120.7095,52.26005],[120.69292,52.28624],[120.6315,52.31166],[120.61305,52.35359],[120.64323,52.36363],[120.64147,52.38816],[120.68263,52.42858],[120.67636,52.46616],[120.6996,52.49034],[120.68051,52.51144],[120.72391,52.54266],[120.67936,52.54702],[120.45564,52.64371],[120.39075,52.61505],[120.27942,52.62165],[120.1886,52.57772],[120.059,52.58724],[120.02658,52.63613],[120.06261,52.70398],[120.02792,52.77697],[120.08377,52.78302],[120.13842,52.81266],[120.1801,52.80654],[120.21415,52.8409],[120.28493,52.86388],[120.28922,52.89192],[120.33936,52.90074],[120.35299,52.93748],[120.40436,52.95692],[120.44064,53.00487],[120.52073,53.04309],[120.55366,53.07973],[120.63505,53.10309],[120.65098,53.13404],[120.6876,53.14511],[120.68462,53.1749],[120.83178,53.23787],[120.81295,53.26631],[120.87572,53.28194],[120.87573,53.29305],[121.03577,53.28693],[121.08839,53.30525],[121.12189,53.27508],[121.22033,53.27894],[121.29509,53.29662],[121.33009,53.32357],[121.40679,53.31666],[121.49311,53.33378],[121.54442,53.2915],[121.56672,53.29601],[121.6078,53.25862],[121.67355,53.23795],[121.67059,53.19883],[121.6458,53.19126],[121.65191,53.17368],[121.71181,53.14494],[121.74469,53.14708],[121.77762,53.11744],[121.76698,53.08843],[121.81343,53.0622],[121.77873,53.01648],[121.70311,52.99635],[121.65545,52.91072],[121.60132,52.89072],[121.5958,52.87005],[121.6147,52.85118],[121.5807,52.81976],[121.50087,52.77328],[121.47145,52.77171],[121.44583,52.7307],[121.37352,52.68447],[121.30165,52.67316],[121.28489,52.6495],[121.18314,52.59559],[121.22462,52.57272],[121.26918,52.58582],[121.31649,52.57205],[121.34571,52.53336],[121.4034,52.52076],[121.41344,52.49792],[121.48989,52.48239],[121.52045,52.45252],[121.55035,52.46055],[121.58142,52.44062],[121.63797,52.4433],[121.67508,52.41842],[121.65453,52.38688],[121.70845,52.34772],[121.71182,52.31508]]]}},{"type":"Feature","id":"CTAMAP-2023-COUNTY-0398","properties":{"map_level":"county","source_name":"额济纳旗","source_code":"152923","county_type":"旗","prefecture_name":"阿拉善盟","prefecture_code":"152900","prefecture_type":"盟","parent_entity_id":"CNUR-000036","parent_year_end_name":"阿拉善盟","province_name":"内蒙古自治区","province_code":"150000","snapshot_year":2023,"panel_year":2022,"link_status":"parent_linked","former_name":"","note":""},"geometry":{"type":"Polygon","coordinates":[[[102.92526,42.06522],[102.90356,41.90725],[103.0,41.7599],[103.06106,41.41776],[103.10106,41.38467],[102.99823,41.28552],[102.78761,41.17925],[102.62929,41.07316],[102.29833,40.9114],[101.93994,40.71039],[101.77889,40.53191],[101.64113,40.50588],[101.54159,40.4238],[101.42274,40.42162],[101.25878,40.47501],[101.07528,40.45024],[100.88468,40.44616],[100.67037,40.52007],[100.49247,40.50928],[100.32684,40.40437],[100.16797,40.41971],[100.16803,40.54023],[100.24102,40.61763],[100.23571,40.71572],[100.10622,40.87414],[100.05537,40.90665],[99.67163,40.9318],[99.56457,40.84575],[99.17325,40.85706],[99.17162,40.74611],[99.12408,40.71396],[99.10054,40.67517],[99.04025,40.69262],[98.98393,40.7818],[98.79001,40.70451],[98.78812,40.67854],[98.80612,40.65819],[98.80181,40.60613],[98.69672,40.67919],[98.66784,40.77191],[98.59308,40.75256],[98.56946,40.74581],[98.62735,40.67706],[98.3434,40.56729],[98.33232,40.91781],[98.24964,40.93795],[97.97153,41.09666],[97.61576,41.46333],[97.61433,41.47647],[97.84645,41.65509],[97.17172,42.79453],[98.19446,42.65198],[99.50532,42.56749],[99.9682,42.64837],[100.2675,42.63592],[100.32077,42.6896],[100.84826,42.67252],[101.56679,42.52742],[101.80148,42.50594],[102.07468,42.22864],[102.44695,42.14738],[102.54434,42.1623],[102.70979,42.15429],[102.92526,42.06522]]]}},{"type":"Feature","id":"CTAMAP-2023-COUNTY-0401","properties":{"map_level":"county","source_name":"鄂伦春自治旗","source_code":"150723","county_type":"自治旗","prefecture_name":"呼伦贝尔市","prefecture_code":"150700","prefecture_type":"地级市","parent_entity_id":"CNUR-000031","parent_year_end_name":"呼伦贝尔市","province_name":"内蒙古自治区","province_code":"150000","snapshot_year":2023,"panel_year":2022,"link_status":"parent_linked","former_name":"","note":""},"geometry":{"type":"Polygon","coordinates":[[[126.01193,50.92143],[126.02248,50.90238],[125.98813,50.9047],[125.9888,50.86995],[125.95368,50.89959],[125.93418,50.86972],[125.94434,50.85745],[125.88688,50.85604],[125.91545,50.83324],[125.87442,50.81892],[125.88315,50.80473],[125.86252,50.79294],[125.82847,50.79184],[125.83262,50.755],[125.79188,50.7724],[125.75048,50.7468],[125.78366,50.74108],[125.77326,50.72397],[125.81787,50.70273],[125.77981,50.67639],[125.79685,50.66144],[125.78514,50.64312],[125.80741,50.62244],[125.81651,50.54826],[125.76086,50.52935],[125.7504,50.50645],[125.7297,50.5214],[125.6781,50.49375],[125.69272,50.48191],[125.65889,50.47741],[125.62727,50.44312],[125.55715,50.44044],[125.57177,50.40066],[125.52706,50.41917],[125.50541,50.40753],[125.53034,50.37923],[125.51304,50.36828],[125.53935,50.3577],[125.50967,50.34494],[125.52225,50.32676],[125.4951,50.31975],[125.51398,50.31079],[125.45617,50.29446],[125.45957,50.26693],[125.43448,50.25772],[125.45649,50.22756],[125.42834,50.22939],[125.44083,50.21003],[125.41054,50.19443],[125.38095,50.19738],[125.37663,50.17111],[125.32686,50.16344],[125.37029,50.13674],[125.32091,50.13395],[125.31824,50.11719],[125.29629,50.13828],[125.2498,50.10101],[125.28159,50.09028],[125.27042,50.07099],[125.33097,50.0559],[125.24449,50.04395],[125.28566,50.02875],[125.28759,50.00565],[125.23722,49.98916],[125.22451,49.95669],[125.17679,49.95547],[125.21922,49.92191],[125.20618,49.90417],[125.23779,49.87087],[125.2153,49.86323],[125.22859,49.83876],[125.08879,49.79408],[125.0375,49.82477],[124.97126,49.89772],[124.93026,49.86676],[124.96259,49.85202],[124.96626,49.83302],[124.81677,49.84808],[124.73429,49.75951],[124.75407,49.74528],[124.72542,49.68599],[124.64211,49.68204],[124.62814,49.65277],[124.50893,49.6309],[124.40006,49.64392],[124.32839,49.57483],[124.33466,49.53261],[124.26902,49.50362],[124.31518,49.41116],[124.33787,49.39552],[124.32262,49.32364],[124.28101,49.3125],[124.22281,49.32888],[124.08733,49.30254],[124.03692,49.31643],[123.97693,49.27808],[123.9131,49.2709],[123.89794,49.24269],[123.91475,49.1883],[123.87981,49.15961],[123.80875,49.14716],[123.81855,49.09117],[123.78829,49.07723],[123.75222,49.02227],[123.63432,49.04357],[123.55239,49.08118],[123.46004,49.08962],[123.42625,49.1242],[123.40579,49.10681],[123.38149,49.12869],[123.34044,49.1126],[123.27528,49.17332],[123.29087,49.20835],[123.22835,49.22027],[123.20723,49.2754],[123.12833,49.27839],[123.0987,49.25763],[123.03184,49.29342],[122.84634,49.21216],[122.80351,49.15764],[122.73577,49.1568],[122.70224,49.12462],[122.671,49.12372],[122.61162,49.0654],[122.55688,49.05031],[122.53127,49.02257],[122.54321,49.01301],[122.47928,48.98482],[122.47545,48.96578],[122.45172,48.96477],[122.45509,48.94742],[122.37566,48.94607],[122.36627,48.93537],[122.3883,48.92651],[122.38919,48.90591],[122.37715,48.86541],[122.30075,48.85314],[122.25784,48.82927],[122.18574,48.82391],[122.08234,48.85833],[122.07422,48.89969],[122.04687,48.91505],[122.05305,48.93791],[121.99435,48.95329],[121.99831,48.99674],[122.02838,49.02951],[121.95611,49.05846],[122.00203,49.07988],[122.01904,49.14266],[121.9825,49.14752],[121.98283,49.16196],[121.94363,49.18236],[121.94222,49.23489],[121.86619,49.27372],[121.85008,49.32798],[121.81721,49.3334],[121.82323,49.36323],[121.78502,49.42435],[121.73021,49.44535],[121.75383,49.48488],[121.88961,49.48212],[121.95562,49.45516],[121.99873,49.47931],[122.01942,49.51169],[122.06898,49.51669],[122.09854,49.48783],[122.15862,49.51915],[122.1539,49.5343],[122.2069,49.54533],[122.18306,49.55643],[122.19452,49.5893],[122.23378,49.59725],[122.23847,49.62377],[122.26737,49.62568],[122.31347,49.68789],[122.36052,49.67477],[122.4225,49.70412],[122.39167,49.76526],[122.40861,49.77856],[122.40413,49.81294],[122.42492,49.81787],[122.42838,49.85118],[122.46629,49.88488],[122.46434,49.94369],[122.40117,49.9665],[122.3258,49.93532],[122.30138,49.97011],[122.27894,49.97489],[122.14254,49.88266],[122.09525,49.92692],[122.03347,49.95306],[121.97989,49.92002],[121.8809,49.93429],[121.86355,49.95667],[121.90003,49.97516],[121.89474,49.98855],[121.94304,50.00713],[121.92979,50.03042],[121.96249,50.04316],[121.99101,50.09839],[121.96711,50.1372],[121.86701,50.15882],[121.87611,50.21052],[121.79388,50.25686],[121.83778,50.28423],[121.82963,50.30391],[121.88005,50.3577],[121.90453,50.32802],[122.00819,50.34595],[122.0233,50.33642],[122.01733,50.32491],[122.08144,50.30749],[122.14467,50.32296],[122.15693,50.34886],[122.21684,50.36835],[122.23232,50.40316],[122.28002,50.42916],[122.24921,50.46291],[122.26103,50.48646],[122.21791,50.49845],[122.23156,50.53946],[122.22264,50.55563],[122.11906,50.59322],[122.16851,50.64846],[122.1712,50.67311],[122.204,50.7012],[122.23471,50.69903],[122.27246,50.78674],[122.48703,50.77924],[122.51433,50.85156],[122.59243,50.90098],[122.59271,50.92233],[122.55689,50.92188],[122.53616,50.95015],[122.55372,50.9565],[122.52767,51.01435],[122.54317,51.03469],[122.59268,51.03779],[122.58594,51.05116],[122.62156,51.07115],[122.66958,51.07656],[122.65803,51.13173],[122.70739,51.17692],[122.69639,51.22402],[122.62927,51.21582],[122.62486,51.27062],[122.65898,51.28807],[122.6257,51.33331],[122.71587,51.41053],[122.74441,51.41869],[122.74924,51.45399],[122.78947,51.48045],[122.85114,51.47252],[122.86902,51.44759],[122.90143,51.44484],[122.89326,51.41642],[122.96098,51.38739],[122.94969,51.36032],[122.99533,51.30946],[123.06006,51.31863],[123.12305,51.29543],[123.14089,51.3021],[123.27541,51.24475],[123.33351,51.2724],[123.44388,51.27063],[123.45194,51.28811],[123.52371,51.28315],[123.57506,51.29164],[123.57872,51.31089],[123.64982,51.31782],[123.65373,51.34616],[123.71093,51.39819],[123.787,51.35995],[123.83225,51.36374],[123.92074,51.30025],[123.97087,51.32149],[124.06298,51.31773],[124.08459,51.34047],[124.20615,51.3483],[124.29332,51.28847],[124.33032,51.2897],[124.33733,51.27068],[124.39683,51.27179],[124.42226,51.30595],[124.42488,51.3526],[124.47008,51.3608],[124.48905,51.3811],[124.55405,51.37352],[124.62278,51.32369],[124.74263,51.35451],[124.74994,51.37762],[124.78082,51.39432],[124.86655,51.37991],[124.90437,51.43257],[124.93685,51.44243],[124.91224,51.47859],[124.91714,51.49915],[125.05325,51.53306],[125.06959,51.55339],[125.05341,51.59701],[125.06047,51.6233],[125.09577,51.65664],[125.11856,51.65871],[125.1271,51.63099],[125.27168,51.63536],[125.3083,51.60716],[125.35916,51.61649],[125.37311,51.58353],[125.57052,51.44965],[125.56554,51.42933],[125.61657,51.39781],[125.61718,51.37933],[125.66297,51.34111],[125.68614,51.33802],[125.70013,51.30378],[125.75676,51.25997],[125.74624,51.22877],[125.81322,51.22554],[125.84652,51.20644],[125.87159,51.15884],[125.85793,51.14409],[125.907,51.13722],[125.93813,51.10714],[125.96598,51.12404],[125.98693,51.11801],[125.96936,51.09029],[125.98352,51.08439],[125.96819,51.08387],[126.05222,51.04109],[126.03139,51.03544],[126.04419,51.02865],[126.02582,51.00853],[126.034,50.9801],[126.06554,50.97854],[126.0351,50.92409],[126.02698,50.93336],[126.01193,50.92143]]]}},{"type":"Feature","id":"CTAMAP-2023-COUNTY-0402","properties":{"map_level":"county","source_name":"鄂托克旗","source_code":"150624","county_type":"旗","prefecture_name":"鄂尔多斯市","prefecture_code":"150600","prefecture_type":"地级市","parent_entity_id":"CNUR-000030","parent_year_end_name":"鄂尔多斯市","province_name":"内蒙古自治区","province_code":"150000","snapshot_year":2023,"panel_year":2022,"link_status":"parent_linked","former_name":"","note":""},"geometry":{"type":"Polygon","coordinates":[[[108.90586,39.38369],[108.82739,39.31783],[108.81122,39.29123],[108.81307,39.24774],[108.78243,39.24939],[108.76312,39.2228],[108.71177,39.24721],[108.66004,39.2408],[108.62295,39.22793],[108.55059,39.16528],[108.54319,39.08339],[108.50701,39.0204],[108.51439,38.9807],[108.47998,38.9149],[108.48092,38.80246],[108.50462,38.74702],[108.4723,38.68462],[108.48216,38.6144],[108.45042,38.44882],[108.42788,38.40821],[108.41664,38.28363],[108.33998,38.3731],[108.20781,38.44873],[108.10132,38.48925],[108.0623,38.53703],[108.02889,38.55284],[107.97415,38.66056],[107.91897,38.70155],[107.88584,38.66633],[107.8015,38.63012],[107.68837,38.70369],[107.62865,38.78609],[107.61919,38.73623],[107.4127,38.64422],[107.33471,38.65437],[107.29817,38.67498],[107.15598,38.6927],[107.1029,38.68539],[107.02524,38.7182],[106.98232,38.71774],[106.82272,38.83878],[106.95373,38.94434],[106.96628,39.05273],[106.98551,39.03516],[107.02902,39.0361],[107.05451,39.0602],[107.07561,39.04705],[107.11207,39.20528],[107.13506,39.22682],[107.12019,39.25127],[107.1349,39.26548],[107.13242,39.27902],[107.05478,39.22159],[106.93813,39.29895],[106.96378,39.45148],[106.9371,39.58198],[106.88281,39.67414],[106.90882,39.68113],[106.8922,39.6898],[106.91166,39.70715],[106.87127,39.79567],[106.91886,39.85209],[106.96253,39.85865],[106.96635,39.90874],[106.92853,39.91541],[106.85838,39.84211],[106.77288,39.81018],[106.76408,39.8651],[106.74403,39.85761],[106.7141,39.89131],[106.71361,39.91851],[106.73239,39.93054],[106.71656,40.02248],[106.74554,40.06365],[106.81489,40.10396],[106.84145,40.15707],[106.90079,40.17287],[106.91471,40.19645],[107.1584,40.04634],[107.28021,40.00918],[107.42316,39.91283],[107.52613,39.921],[107.69536,39.83531],[107.85062,39.80716],[107.9405,39.81026],[108.35887,39.67443],[108.65349,39.61193],[108.74722,39.55863],[108.78568,39.50587],[108.79569,39.44489],[108.90586,39.38369]]]}},{"type":"Feature","id":"CTAMAP-2023-COUNTY-0403","properties":{"map_level":"county","source_name":"鄂托克前旗","source_code":"150623","county_type":"旗","prefecture_name":"鄂尔多斯市","prefecture_code":"150600","prefecture_type":"地级市","parent_entity_id":"CNUR-000030","parent_year_end_name":"鄂尔多斯市","province_name":"内蒙古自治区","province_code":"150000","snapshot_year":2023,"panel_year":2022,"link_status":"parent_linked","former_name":"","note":""},"geometry":{"type":"Polygon","coordinates":[[[106.98232,38.71774],[107.02524,38.7182],[107.1029,38.68539],[107.15598,38.6927],[107.29817,38.67498],[107.33471,38.65437],[107.4127,38.64422],[107.61919,38.73623],[107.62865,38.78609],[107.68837,38.70369],[107.8015,38.63012],[107.88584,38.66633],[107.91897,38.70155],[107.97415,38.66056],[108.02889,38.55284],[108.0623,38.53703],[108.10132,38.48925],[108.20781,38.44873],[108.33998,38.3731],[108.41664,38.28363],[108.42939,38.1976],[108.38669,38.12861],[108.34312,38.00917],[108.28844,37.97623],[108.29643,37.92584],[108.3455,37.83992],[108.37966,37.82239],[108.44933,37.7454],[108.51886,37.71838],[108.53569,37.68892],[108.33,37.63156],[108.26427,37.66416],[108.20621,37.65807],[108.1434,37.62092],[108.01806,37.65055],[108.02006,37.69687],[108.00291,37.73299],[107.9878,37.73478],[107.97752,37.78659],[107.73759,37.84427],[107.6868,37.87447],[107.68748,37.88778],[107.64296,37.86421],[107.55494,37.89307],[107.48925,37.94402],[107.41519,37.93955],[107.40621,37.94796],[107.43546,37.99528],[107.35348,38.05051],[107.32978,38.08737],[107.23975,38.11043],[107.18504,38.15425],[107.13426,38.1591],[107.11904,38.14156],[107.02778,38.11615],[106.94373,38.13016],[106.76739,38.17272],[106.72382,38.20293],[106.54985,38.26248],[106.48444,38.30462],[106.47907,38.31977],[106.59618,38.3904],[106.64514,38.47287],[106.65919,38.60072],[106.69986,38.71408],[106.75223,38.74934],[106.82272,38.83878],[106.98232,38.71774]]]}},{"type":"Feature","id":"CTAMAP-2023-COUNTY-0404","properties":{"map_level":"county","source_name":"鄂温克族自治旗","source_code":"150724","county_type":"自治旗","prefecture_name":"呼伦贝尔市","prefecture_code":"150700","prefecture_type":"地级市","parent_entity_id":"CNUR-000031","parent_year_end_name":"呼伦贝尔市","province_name":"内蒙古自治区","province_code":"150000","snapshot_year":2023,"panel_year":2022,"link_status":"parent_linked","former_name":"","note":""},"geometry":{"type":"Polygon","coordinates":[[[120.6865,47.67905],[120.65887,47.64455],[120.60028,47.66252],[120.53146,47.62897],[120.52858,47.59614],[120.47925,47.55069],[120.31651,47.60073],[120.31642,47.62487],[120.28994,47.62621],[120.26184,47.65482],[120.21866,47.62213],[120.21007,47.62093],[120.21874,47.63826],[120.1736,47.67188],[120.12828,47.67874],[120.08717,47.76229],[120.0891,47.78669],[119.96278,47.94593],[119.9348,48.04931],[119.85267,48.04622],[119.80957,48.07206],[119.77221,48.05812],[119.74009,48.0724],[119.53918,48.07394],[119.44094,48.09336],[119.31272,48.15848],[119.27168,48.1568],[119.24755,48.21152],[119.25653,48.23039],[119.2126,48.27187],[119.14435,48.31143],[119.0534,48.32927],[119.04804,48.34523],[119.01641,48.34921],[118.90038,48.43508],[118.87474,48.46358],[118.90464,48.50222],[118.89436,48.51829],[118.92969,48.54432],[118.8805,48.57663],[118.85856,48.63079],[118.81764,48.6491],[118.84164,48.66451],[118.82979,48.69162],[118.83973,48.70277],[118.80242,48.73057],[118.95381,48.83737],[119.05397,48.86003],[119.34052,48.96766],[119.41109,49.05385],[119.4515,49.07565],[119.62036,49.12771],[119.74296,49.18441],[119.76733,49.17346],[119.75714,49.11459],[119.8013,49.09597],[119.96481,49.16018],[120.09448,49.14324],[120.17365,49.16729],[120.35858,49.17312],[120.40219,49.20602],[120.47463,49.21359],[120.54945,49.24874],[120.57154,49.29076],[120.58955,49.28775],[120.59476,49.26863],[120.57889,49.25812],[120.59808,49.24807],[120.58312,49.21975],[120.59408,49.18826],[120.66277,49.15077],[120.65897,49.11049],[120.71587,49.09171],[120.69642,49.07347],[120.73917,49.02348],[120.7196,48.99638],[120.82111,48.95018],[120.80283,48.90005],[120.84312,48.88693],[120.77091,48.83666],[120.82863,48.81252],[120.84416,48.78533],[120.87695,48.78073],[120.84573,48.73167],[120.84299,48.70775],[120.86212,48.69179],[120.83356,48.6425],[120.8432,48.54991],[120.87185,48.52285],[120.86119,48.48656],[120.93971,48.45448],[120.98473,48.4729],[121.08372,48.45711],[121.11411,48.47051],[121.13249,48.44064],[121.12043,48.42461],[121.15774,48.38669],[121.10967,48.33565],[121.0237,48.31022],[121.00339,48.26919],[121.00752,48.22436],[121.03735,48.20302],[121.02292,48.17413],[120.92734,48.14596],[120.8935,48.105],[120.83832,48.11763],[120.80787,48.10491],[120.81554,48.09028],[120.80156,48.07414],[120.81279,48.06489],[120.79946,48.04466],[120.85459,48.00739],[120.82064,47.99337],[120.83372,47.96409],[120.84981,47.94279],[120.92699,47.93841],[120.92345,47.90907],[120.81522,47.80012],[120.7073,47.81263],[120.64835,47.79194],[120.64489,47.75919],[120.66625,47.73355],[120.66049,47.68803],[120.6865,47.67905]]]}},{"type":"Feature","id":"CTAMAP-2023-COUNTY-0411","properties":{"map_level":"county","source_name":"二连浩特市","source_code":"152501","county_type":"县级市","prefecture_name":"锡林郭勒盟","prefecture_code":"152500","prefecture_type":"盟","parent_entity_id":"CNUR-000035","parent_year_end_name":"锡林郭勒盟","province_name":"内蒙古自治区","province_code":"150000","snapshot_year":2023,"panel_year":2022,"link_status":"parent_linked","former_name":"","note":""},"geometry":{"type":"Polygon","coordinates":[[[112.41084,43.66452],[112.43646,43.51015],[112.37041,43.30933],[112.385,43.23829],[112.35338,43.22733],[112.40291,43.15935],[112.34946,43.09638],[112.15611,43.00295],[111.98568,42.96222],[111.96397,43.14542],[111.98096,43.22037],[111.92993,43.26733],[111.83362,43.32963],[111.75381,43.30675],[111.60245,43.336],[111.52818,43.37902],[111.50151,43.36676],[111.39592,43.39913],[111.34697,43.43688],[111.45066,43.49217],[111.55846,43.48797],[111.78491,43.67111],[111.88419,43.67316],[111.94214,43.69267],[111.96102,43.74641],[111.95825,43.79826],[112.03925,43.78701],[112.0904,43.75624],[112.09848,43.73236],[112.41084,43.66452]]]}},{"type":"Feature","id":"CTAMAP-2023-COUNTY-0444","properties":{"map_level":"county","source_name":"丰镇市","source_code":"150981","county_type":"县级市","prefecture_name":"乌兰察布市","prefecture_code":"150900","prefecture_type":"地级市","parent_entity_id":"CNUR-000033","parent_year_end_name":"乌兰察布市","province_name":"内蒙古自治区","province_code":"150000","snapshot_year":2023,"panel_year":2022,"link_status":"parent_linked","former_name":"","note":""},"geometry":{"type":"Polygon","coordinates":[[[113.49546,40.75411],[113.48812,40.72088],[113.51583,40.66854],[113.67544,40.63144],[113.68629,40.61248],[113.72156,40.6207],[113.7634,40.58393],[113.77345,40.54767],[113.7888,40.54665],[113.782,40.50219],[113.7508,40.4684],[113.67514,40.44386],[113.66259,40.42022],[113.52934,40.33261],[113.36194,40.31186],[113.30933,40.3186],[113.25097,40.4138],[112.97551,40.35167],[112.95957,40.42131],[112.91868,40.44015],[112.91171,40.46141],[112.93018,40.48413],[112.9801,40.48451],[112.99487,40.49953],[112.98658,40.5389],[113.0203,40.56038],[112.98542,40.56488],[112.92633,40.60493],[112.86674,40.59795],[112.82515,40.61335],[112.79548,40.65422],[112.83974,40.64216],[112.82174,40.68895],[112.84014,40.72364],[112.83067,40.73561],[112.86319,40.76921],[112.90114,40.75586],[112.88443,40.77173],[112.91127,40.80404],[113.01998,40.72812],[113.05664,40.74104],[113.06999,40.71699],[113.13878,40.68609],[113.17471,40.68887],[113.16196,40.72477],[113.22737,40.73521],[113.30658,40.69955],[113.35346,40.71868],[113.3547,40.74589],[113.40118,40.78958],[113.49546,40.75411]]]}},{"type":"Feature","id":"CTAMAP-2023-COUNTY-0547","properties":{"map_level":"county","source_name":"根河市","source_code":"150785","county_type":"县级市","prefecture_name":"呼伦贝尔市","prefecture_code":"150700","prefecture_type":"地级市","parent_entity_id":"CNUR-000031","parent_year_end_name":"呼伦贝尔市","province_name":"内蒙古自治区","province_code":"150000","snapshot_year":2023,"panel_year":2022,"link_status":"parent_linked","former_name":"","note":""},"geometry":{"type":"Polygon","coordinates":[[[122.77948,52.25228],[122.75558,52.22509],[122.76948,52.17743],[122.72813,52.14737],[122.62962,52.13482],[122.64223,52.09821],[122.61778,52.07029],[122.64745,52.05909],[122.66615,51.97588],[122.71654,51.96851],[122.71171,51.94267],[122.72681,51.92142],[122.69328,51.88712],[122.71491,51.87751],[122.72463,51.83195],[122.76585,51.7694],[122.74139,51.74],[122.76514,51.72885],[122.77244,51.68968],[122.81197,51.65559],[122.81469,51.63357],[122.84768,51.61217],[122.82585,51.57922],[122.88062,51.54904],[122.88025,51.53391],[122.84835,51.5265],[122.87912,51.50412],[122.85114,51.47252],[122.78947,51.48045],[122.75096,51.45559],[122.74441,51.41869],[122.62604,51.334],[122.65898,51.28807],[122.62486,51.27062],[122.62927,51.21582],[122.69639,51.22402],[122.70739,51.17692],[122.65803,51.13173],[122.66958,51.07656],[122.62156,51.07115],[122.58594,51.05116],[122.59268,51.03779],[122.54317,51.03469],[122.52767,51.01435],[122.55372,50.9565],[122.53616,50.95015],[122.55689,50.92188],[122.59271,50.92233],[122.59372,50.90506],[122.51433,50.85156],[122.48787,50.77959],[122.27246,50.78674],[122.27863,50.8323],[122.2472,50.86935],[122.19195,50.87303],[122.09094,50.83995],[122.00674,50.87018],[121.97508,50.82855],[121.9362,50.8234],[121.89903,50.7887],[121.83228,50.81049],[121.71649,50.76986],[121.66045,50.70676],[121.49656,50.67122],[121.45981,50.59814],[121.34382,50.59346],[121.31595,50.57069],[121.25449,50.56285],[121.21479,50.53304],[121.15102,50.52865],[121.09019,50.48937],[121.00088,50.50732],[120.99663,50.49305],[120.95385,50.48591],[120.94843,50.45796],[120.92509,50.46334],[120.92638,50.45083],[120.76159,50.4254],[120.72977,50.40809],[120.68883,50.45686],[120.76016,50.51198],[120.74955,50.54654],[120.69147,50.60762],[120.58644,50.56835],[120.54208,50.56967],[120.51423,50.59107],[120.51378,50.62191],[120.4798,50.63199],[120.50217,50.67865],[120.47673,50.73706],[120.58595,50.83784],[120.50449,50.81759],[120.45687,50.87596],[120.37025,50.85526],[120.32318,50.8597],[120.24743,50.8342],[120.18184,50.8445],[120.21612,50.86997],[120.24894,50.93691],[120.28935,50.96528],[120.29161,51.00364],[120.3449,51.026],[120.35506,51.04982],[120.40665,51.06147],[120.43112,51.13617],[120.46624,51.14853],[120.60805,51.16557],[120.66249,51.1466],[120.6939,51.11681],[120.68684,51.10736],[120.71795,51.09117],[120.80097,51.10239],[120.81793,51.07042],[120.86252,51.0786],[120.88779,51.05758],[120.93295,51.05583],[120.93937,51.07871],[120.97238,51.07879],[121.02913,51.14549],[121.00684,51.19665],[121.02201,51.20997],[121.01668,51.22885],[121.03652,51.23482],[121.08972,51.30892],[121.20223,51.32443],[121.27758,51.38539],[121.32897,51.39686],[121.34835,51.41653],[121.34261,51.4499],[121.43979,51.47998],[121.40919,51.52641],[121.42748,51.60751],[121.40433,51.65062],[121.47666,51.65555],[121.48273,51.67492],[121.53889,51.69686],[121.58057,51.75091],[121.56394,51.76796],[121.61437,51.80693],[121.60985,51.82355],[121.44513,51.90539],[121.33308,51.87859],[121.31583,51.90341],[121.32721,51.93664],[121.29415,51.9521],[121.33322,51.96075],[121.34211,51.98031],[121.38765,51.97579],[121.44024,52.02504],[121.48499,52.03442],[121.51649,52.02093],[121.52941,52.04337],[121.57838,52.0519],[121.60989,52.04214],[121.62859,52.07229],[121.65464,52.07032],[121.65265,52.09175],[121.70839,52.10321],[121.6977,52.11877],[121.70781,52.12697],[121.74831,52.123],[121.70307,52.16382],[121.73225,52.20317],[121.67126,52.30492],[121.71182,52.31508],[121.83309,52.27944],[121.92651,52.28489],[121.94467,52.31539],[122.03798,52.38819],[122.03238,52.40904],[122.0819,52.41891],[122.0788,52.4428],[122.10313,52.44976],[122.13043,52.47862],[122.13266,52.50761],[122.15512,52.515],[122.16897,52.48392],[122.1999,52.4666],[122.3055,52.47413],[122.33868,52.4103],[122.36153,52.4102],[122.40111,52.374],[122.43578,52.39041],[122.47453,52.34806],[122.46751,52.29521],[122.58226,52.26617],[122.65391,52.28228],[122.69644,52.25311],[122.75609,52.26277],[122.77948,52.25228]]]}},{"type":"Feature","id":"CTAMAP-2023-COUNTY-0578","properties":{"map_level":"county","source_name":"固阳县","source_code":"150222","county_type":"县","prefecture_name":"包头市","prefecture_code":"150200","prefecture_type":"地级市","parent_entity_id":"CNUR-000026","parent_year_end_name":"包头市","province_name":"内蒙古自治区","province_code":"150000","snapshot_year":2023,"panel_year":2022,"link_status":"parent_linked","former_name":"","note":""},"geometry":{"type":"Polygon","coordinates":[[[110.43144,41.34692],[110.55866,41.26115],[110.55501,41.22259],[110.59597,41.2186],[110.61923,41.16531],[110.64154,41.15692],[110.63949,41.10039],[110.67195,41.05299],[110.65072,41.03617],[110.651,41.00599],[110.62031,40.9835],[110.62337,40.94064],[110.64182,40.91812],[110.70827,40.9384],[110.73876,40.91776],[110.7163,40.8642],[110.72948,40.85631],[110.72653,40.82471],[110.617,40.80828],[110.57891,40.81448],[110.55315,40.84762],[110.49849,40.86755],[110.4347,40.8595],[110.3865,40.87782],[110.33495,40.86112],[110.25557,40.89312],[110.2061,40.82296],[110.05128,40.80039],[110.03764,40.78343],[109.93777,40.7525],[109.92907,40.76652],[109.84675,40.77367],[109.81304,40.81188],[109.86293,40.84058],[109.88153,40.92322],[109.83139,40.94279],[109.80624,41.01004],[109.78568,40.99445],[109.75495,40.99713],[109.73103,41.03473],[109.69137,41.03641],[109.67367,41.06031],[109.67039,41.11033],[109.71074,41.11204],[109.71177,41.13694],[109.61427,41.27235],[109.62914,41.31871],[109.68941,41.33348],[109.68714,41.37468],[109.62101,41.43104],[109.6634,41.4824],[109.73082,41.48346],[109.79925,41.45315],[109.84943,41.47441],[109.94785,41.38636],[109.98668,41.38315],[110.03787,41.42162],[110.06315,41.40418],[110.11613,41.40502],[110.1474,41.37875],[110.18063,41.38948],[110.16726,41.40235],[110.17881,41.42713],[110.20658,41.43615],[110.3485,41.38257],[110.38344,41.35417],[110.43144,41.34692]]]}},{"type":"Feature","id":"CTAMAP-2023-COUNTY-0618","properties":{"map_level":"county","source_name":"海勃湾区","source_code":"150302","county_type":"市辖区","prefecture_name":"乌海市","prefecture_code":"150300","prefecture_type":"地级市","parent_entity_id":"CNUR-000027","parent_year_end_name":"乌海市","province_name":"内蒙古自治区","province_code":"150000","snapshot_year":2023,"panel_year":2022,"link_status":"parent_linked","former_name":"","note":""},"geometry":{"type":"Polygon","coordinates":[[[106.94977,39.50626],[106.90574,39.52203],[106.90001,39.5531],[106.86817,39.55123],[106.86963,39.50481],[106.74554,39.50254],[106.78839,39.61731],[106.76101,39.65297],[106.7916,39.68536],[106.75415,39.71195],[106.7623,39.75476],[106.74403,39.85761],[106.76408,39.8651],[106.77873,39.81192],[106.85838,39.84211],[106.92853,39.91541],[106.96635,39.90874],[106.96253,39.85865],[106.91886,39.85209],[106.87127,39.79567],[106.91166,39.70715],[106.8922,39.6898],[106.90882,39.68113],[106.88281,39.67414],[106.91742,39.6348],[106.94977,39.50626]]]}},{"type":"Feature","id":"CTAMAP-2023-COUNTY-0625","properties":{"map_level":"county","source_name":"海拉尔区","source_code":"150702","county_type":"市辖区","prefecture_name":"呼伦贝尔市","prefecture_code":"150700","prefecture_type":"地级市","parent_entity_id":"CNUR-000031","parent_year_end_name":"呼伦贝尔市","province_name":"内蒙古自治区","province_code":"150000","snapshot_year":2023,"panel_year":2022,"link_status":"parent_linked","former_name":"","note":""},"geometry":{"type":"Polygon","coordinates":[[[120.57154,49.29076],[120.54945,49.24874],[120.47463,49.21359],[120.40219,49.20602],[120.35858,49.17312],[120.17365,49.16729],[120.09448,49.14324],[119.96481,49.16018],[119.8013,49.09597],[119.75714,49.11459],[119.76733,49.17346],[119.74296,49.18441],[119.55406,49.11343],[119.51711,49.19455],[119.67295,49.21559],[119.72741,49.25209],[119.72151,49.30564],[119.78132,49.33062],[119.80306,49.32142],[119.87155,49.44721],[120.02033,49.45464],[120.05479,49.39809],[120.11532,49.34702],[120.1204,49.31978],[120.14946,49.29447],[120.17012,49.26416],[120.17046,49.26397],[120.35357,49.36697],[120.37579,49.34163],[120.35205,49.32196],[120.35525,49.30101],[120.39921,49.26633],[120.37854,49.25363],[120.3844,49.23068],[120.4503,49.26218],[120.48264,49.25903],[120.51829,49.28782],[120.57154,49.29076]]]}},{"type":"Feature","id":"CTAMAP-2023-COUNTY-0630","properties":{"map_level":"county","source_name":"海南区","source_code":"150303","county_type":"市辖区","prefecture_name":"乌海市","prefecture_code":"150300","prefecture_type":"地级市","parent_entity_id":"CNUR-000027","parent_year_end_name":"乌海市","province_name":"内蒙古自治区","province_code":"150000","snapshot_year":2023,"panel_year":2022,"link_status":"parent_linked","former_name":"","note":""},"geometry":{"type":"Polygon","coordinates":[[[106.94977,39.50626],[106.96378,39.45148],[106.93813,39.29895],[107.05478,39.22159],[107.13242,39.27902],[107.12019,39.25127],[107.13506,39.22682],[107.11207,39.20528],[107.07048,39.04382],[107.05451,39.0602],[107.02902,39.0361],[106.98551,39.03516],[106.92641,39.07632],[106.86,39.09143],[106.82878,39.18666],[106.78634,39.24404],[106.80185,39.27644],[106.79445,39.34752],[106.77862,39.37038],[106.74992,39.37337],[106.73551,39.41175],[106.75457,39.46936],[106.74651,39.49985],[106.86963,39.50481],[106.86817,39.55123],[106.90001,39.5531],[106.90574,39.52203],[106.94977,39.50626]]]}},{"type":"Feature","id":"CTAMAP-2023-COUNTY-0654","properties":{"map_level":"county","source_name":"杭锦后旗","source_code":"150826","county_type":"旗","prefecture_name":"巴彦淖尔市","prefecture_code":"150800","prefecture_type":"地级市","parent_entity_id":"CNUR-000032","parent_year_end_name":"巴彦淖尔市","province_name":"内蒙古自治区","province_code":"150000","snapshot_year":2023,"panel_year":2022,"link_status":"parent_linked","former_name":"","note":""},"geometry":{"type":"Polygon","coordinates":[[[107.36252,41.21298],[107.3858,41.22097],[107.38147,41.15172],[107.34459,41.13421],[107.32611,41.08265],[107.27753,41.05197],[107.22323,40.90907],[107.19028,40.89274],[107.18838,40.86265],[107.16674,40.86762],[107.16366,40.85343],[107.20122,40.82454],[107.15558,40.81085],[107.13763,40.83788],[107.10449,40.83034],[107.12936,40.67942],[107.16873,40.66075],[107.13252,40.63374],[107.12081,40.60045],[107.16223,40.574],[107.15563,40.52413],[107.19809,40.50487],[107.17863,40.47045],[107.13203,40.46683],[107.09991,40.5029],[107.10548,40.57985],[107.07467,40.61041],[107.06696,40.64788],[106.99338,40.64195],[106.94201,40.65557],[106.90101,40.72084],[106.70747,40.75724],[106.58547,40.75471],[106.60814,40.83854],[106.69273,40.84943],[106.79674,40.90353],[106.87379,40.92307],[106.87259,40.97327],[106.91423,40.9737],[106.92587,41.01005],[107.03488,41.02054],[107.12464,41.05056],[107.15861,41.088],[107.13008,41.13224],[107.21242,41.15137],[107.21859,41.18103],[107.27989,41.20653],[107.27218,41.21953],[107.30003,41.21759],[107.29106,41.2448],[107.30693,41.25057],[107.36252,41.21298]]]}},{"type":"Feature","id":"CTAMAP-2023-COUNTY-0655","properties":{"map_level":"county","source_name":"杭锦旗","source_code":"150625","county_type":"旗","prefecture_name":"鄂尔多斯市","prefecture_code":"150600","prefecture_type":"地级市","parent_entity_id":"CNUR-000030","parent_year_end_name":"鄂尔多斯市","province_name":"内蒙古自治区","province_code":"150000","snapshot_year":2023,"panel_year":2022,"link_status":"parent_linked","former_name":"","note":""},"geometry":{"type":"Polygon","coordinates":[[[108.16889,40.87977],[108.20387,40.85405],[108.20622,40.81973],[108.44975,40.79288],[108.48516,40.74592],[108.57547,40.70981],[108.5912,40.65145],[108.65112,40.66628],[108.71506,40.61801],[108.75746,40.62575],[108.76404,40.57411],[108.82101,40.54129],[108.87134,40.57076],[108.91898,40.55642],[108.92799,40.52728],[108.9972,40.5302],[108.99264,40.55602],[109.05703,40.54328],[109.03463,40.51627],[109.05502,40.47421],[109.02237,40.43932],[108.99636,40.43625],[108.98612,40.40681],[109.01569,40.3899],[109.03424,40.31084],[109.1132,40.29242],[109.11924,40.23678],[109.09174,40.21881],[109.06775,40.15983],[109.10718,40.08866],[109.09947,40.06726],[109.11525,40.05515],[109.13766,40.06525],[109.2679,40.05515],[109.21487,39.96438],[109.15116,39.95267],[109.1362,39.9247],[109.15645,39.84386],[109.2118,39.80223],[109.26922,39.68592],[109.19431,39.66971],[109.21004,39.63124],[109.20381,39.58742],[109.10767,39.59121],[109.07761,39.56556],[109.03426,39.4907],[109.06227,39.44505],[109.0564,39.42421],[108.92477,39.37464],[108.79569,39.44489],[108.78568,39.50587],[108.74722,39.55863],[108.65349,39.61193],[108.35887,39.67443],[107.9405,39.81026],[107.85062,39.80716],[107.69536,39.83531],[107.52613,39.921],[107.42316,39.91283],[107.28021,40.00918],[107.1584,40.04634],[106.91471,40.19645],[106.95101,40.20773],[107.02059,40.26549],[107.04299,40.3299],[107.11851,40.34999],[107.16592,40.38747],[107.14946,40.44972],[107.19876,40.49965],[107.15563,40.52413],[107.15923,40.57267],[107.1853,40.57832],[107.23919,40.55691],[107.28771,40.65467],[107.38687,40.64358],[107.48178,40.7108],[107.53199,40.70476],[107.60642,40.77691],[107.67669,40.75727],[107.69539,40.77714],[107.69415,40.81325],[107.73035,40.81053],[107.7232,40.8422],[107.74174,40.85953],[107.81672,40.83508],[107.85126,40.87304],[107.89368,40.84822],[107.96629,40.86086],[108.08223,40.83066],[108.16889,40.87977]]]}},{"type":"Feature","id":"CTAMAP-2023-COUNTY-0666","properties":{"map_level":"county","source_name":"和林格尔县","source_code":"150123","county_type":"县","prefecture_name":"呼和浩特市","prefecture_code":"150100","prefecture_type":"地级市","parent_entity_id":"CNUR-000025","parent_year_end_name":"呼和浩特市","province_name":"内蒙古自治区","province_code":"150000","snapshot_year":2023,"panel_year":2022,"link_status":"parent_linked","former_name":"","note":""},"geometry":{"type":"Polygon","coordinates":[[[112.03839,40.65429],[112.08059,40.61784],[112.09244,40.58557],[112.07916,40.57387],[112.05034,40.58179],[112.04619,40.557],[112.21829,40.44772],[112.21237,40.42522],[112.26134,40.3927],[112.22877,40.35374],[112.26409,40.35562],[112.25913,40.32928],[112.28483,40.311],[112.28007,40.28172],[112.30515,40.25264],[112.28344,40.22224],[112.29287,40.21031],[112.22649,40.16891],[112.22406,40.13149],[112.10986,39.97736],[111.99274,40.01059],[111.94464,40.10632],[111.85382,40.10779],[111.78582,40.08088],[111.74608,40.0955],[111.66191,40.08729],[111.64961,40.09163],[111.6674,40.1019],[111.66754,40.13415],[111.57938,40.13669],[111.56935,40.1623],[111.52131,40.17344],[111.53583,40.18939],[111.51778,40.19834],[111.52584,40.24926],[111.46903,40.27712],[111.48634,40.29822],[111.4781,40.32624],[111.4999,40.33832],[111.4269,40.346],[111.42711,40.36744],[111.45708,40.3772],[111.46408,40.41441],[111.49329,40.43191],[111.51383,40.55731],[111.7574,40.49625],[111.8049,40.51813],[111.77936,40.53803],[111.77811,40.56884],[111.7889,40.60363],[111.82554,40.61218],[111.81787,40.63489],[111.86799,40.65997],[111.92919,40.6519],[111.94093,40.69043],[111.96979,40.68533],[111.98302,40.66196],[112.03839,40.65429]]]}},{"type":"Feature","id":"CTAMAP-2023-COUNTY-0709","properties":{"map_level":"county","source_name":"红山区","source_code":"150402","county_type":"市辖区","prefecture_name":"赤峰市","prefecture_code":"150400","prefecture_type":"地级市","parent_entity_id":"CNUR-000028","parent_year_end_name":"赤峰市","province_name":"内蒙古自治区","province_code":"150000","snapshot_year":2023,"panel_year":2022,"link_status":"parent_linked","former_name":"","note":""},"geometry":{"type":"Polygon","coordinates":[[[119.17657,42.31584],[119.16641,42.29196],[119.1262,42.2951],[119.0949,42.27406],[119.04838,42.27102],[119.04317,42.2499],[119.02322,42.24582],[119.08858,42.22614],[119.07469,42.19709],[119.10305,42.16336],[119.0696,42.14595],[119.08702,42.11652],[119.07598,42.10455],[119.04408,42.10313],[118.99893,42.07654],[118.97639,42.04247],[118.94109,42.03367],[118.91445,42.0315],[118.83919,42.06559],[118.85717,42.08818],[118.84269,42.11707],[118.86665,42.12347],[118.85344,42.12862],[118.86395,42.16763],[118.91803,42.19782],[118.8812,42.23224],[118.95013,42.28278],[118.87848,42.32495],[118.8872,42.3431],[118.93823,42.32046],[118.94794,42.33167],[119.0734,42.31204],[119.17657,42.31584]]]}},{"type":"Feature","id":"CTAMAP-2023-COUNTY-0749","properties":{"map_level":"county","source_name":"化德县","source_code":"150922","county_type":"县","prefecture_name":"乌兰察布市","prefecture_code":"150900","prefecture_type":"地级市","parent_entity_id":"CNUR-000033","parent_year_end_name":"乌兰察布市","province_name":"内蒙古自治区","province_code":"150000","snapshot_year":2023,"panel_year":2022,"link_status":"parent_linked","former_name":"","note":""},"geometry":{"type":"Polygon","coordinates":[[[114.75202,42.21594],[114.80275,42.1983],[114.78345,42.18615],[114.80055,42.14749],[114.78288,42.12896],[114.64142,42.10297],[114.59225,42.1294],[114.51005,42.1178],[114.49581,42.06509],[114.47323,42.06217],[114.45937,42.03583],[114.5041,41.97114],[114.41531,41.93997],[114.34594,41.95184],[114.34325,41.92833],[114.31902,41.92708],[114.32424,41.91215],[114.29524,41.89339],[114.27591,41.85169],[114.19621,41.79134],[114.20137,41.73761],[114.13461,41.72845],[114.12973,41.70615],[114.09303,41.69921],[114.07553,41.66432],[114.05736,41.66961],[114.05663,41.64974],[113.98689,41.61345],[113.92323,41.62197],[113.92932,41.70486],[113.89825,41.69319],[113.84731,41.72179],[113.81746,41.75955],[113.83645,41.77756],[113.80191,41.81444],[113.8123,41.8401],[113.78173,41.84185],[113.80584,41.85208],[113.75475,41.87344],[113.74676,41.90229],[113.68636,41.93906],[113.71353,41.97629],[113.68528,42.04993],[113.63458,42.07934],[113.57608,42.07942],[113.55899,42.10071],[113.5656,42.13002],[113.62532,42.10298],[113.7024,42.12812],[113.75059,42.07477],[113.88874,42.05634],[113.90761,41.97624],[113.98068,41.95168],[113.97744,41.96338],[114.01266,41.9896],[114.02208,41.9606],[114.05037,41.9481],[114.06431,41.99855],[114.09877,41.98118],[114.05807,42.0418],[114.08667,42.06319],[114.09315,42.12371],[114.20668,42.12333],[114.2506,42.17367],[114.31326,42.18736],[114.36797,42.15157],[114.37016,42.10756],[114.44111,42.09678],[114.47252,42.11213],[114.45889,42.16874],[114.43103,42.1693],[114.39828,42.19803],[114.51002,42.22787],[114.56904,42.29488],[114.64368,42.26757],[114.67801,42.27179],[114.66328,42.24714],[114.68074,42.21898],[114.67013,42.19602],[114.75202,42.21594]]]}},{"type":"Feature","id":"CTAMAP-2023-COUNTY-0793","properties":{"map_level":"county","source_name":"回民区","source_code":"150103","county_type":"市辖区","prefecture_name":"呼和浩特市","prefecture_code":"150100","prefecture_type":"地级市","parent_entity_id":"CNUR-000025","parent_year_end_name":"呼和浩特市","province_name":"内蒙古自治区","province_code":"150000","snapshot_year":2023,"panel_year":2022,"link_status":"parent_linked","former_name":"","note":""},"geometry":{"type":"Polygon","coordinates":[[[111.5702,40.94832],[111.6688,40.80501],[111.56944,40.78816],[111.57853,40.79933],[111.54326,40.80038],[111.50982,40.84663],[111.44286,40.8666],[111.4452,40.93464],[111.50815,40.91412],[111.5702,40.94832]]]}},{"type":"Feature","id":"CTAMAP-2023-COUNTY-0817","properties":{"map_level":"county","source_name":"霍林郭勒市","source_code":"150581","county_type":"县级市","prefecture_name":"通辽市","prefecture_code":"150500","prefecture_type":"地级市","parent_entity_id":"CNUR-000029","parent_year_end_name":"通辽市","province_name":"内蒙古自治区","province_code":"150000","snapshot_year":2023,"panel_year":2022,"link_status":"parent_linked","former_name":"","note":""},"geometry":{"type":"Polygon","coordinates":[[[119.75166,45.57672],[119.70394,45.57155],[119.70143,45.53999],[119.73603,45.47975],[119.67806,45.475],[119.67731,45.44915],[119.62663,45.40331],[119.30636,45.38359],[119.29974,45.43577],[119.31236,45.44122],[119.29734,45.46625],[119.48933,45.54838],[119.55267,45.61448],[119.5392,45.63464],[119.55888,45.65408],[119.75166,45.57672]]]}},{"type":"Feature","id":"CTAMAP-2023-COUNTY-0836","properties":{"map_level":"county","source_name":"集宁区","source_code":"150902","county_type":"市辖区","prefecture_name":"乌兰察布市","prefecture_code":"150900","prefecture_type":"地级市","parent_entity_id":"CNUR-000033","parent_year_end_name":"乌兰察布市","province_name":"内蒙古自治区","province_code":"150000","snapshot_year":2023,"panel_year":2022,"link_status":"parent_linked","former_name":"","note":""},"geometry":{"type":"Polygon","coordinates":[[[113.18661,41.20306],[113.24828,41.16882],[113.23727,41.14889],[113.26038,41.13139],[113.19567,41.07337],[113.21352,41.07636],[113.22866,41.05741],[113.23971,41.07687],[113.27679,41.07899],[113.32389,41.0728],[113.33905,41.05609],[113.32015,41.04133],[113.31975,40.97851],[113.28402,40.9679],[113.28983,40.94304],[113.27338,40.92714],[113.23347,40.93966],[113.21812,40.98074],[113.14565,40.96872],[113.19203,40.98502],[113.16336,41.00132],[113.16705,40.98715],[113.12045,40.95458],[113.08336,40.98865],[113.04621,40.97907],[113.02069,40.99542],[113.04122,41.02217],[113.03686,41.05568],[113.11676,41.07828],[113.14613,41.07464],[113.14989,41.06036],[113.16968,41.07146],[113.16345,41.08372],[113.18828,41.09598],[113.17901,41.11319],[113.19,41.10374],[113.18364,41.11823],[113.20527,41.12688],[113.15325,41.15752],[113.15908,41.19394],[113.18661,41.20306]]]}},{"type":"Feature","id":"CTAMAP-2023-COUNTY-0992","properties":{"map_level":"county","source_name":"九原区","source_code":"150207","county_type":"市辖区","prefecture_name":"包头市","prefecture_code":"150200","prefecture_type":"地级市","parent_entity_id":"CNUR-000026","parent_year_end_name":"包头市","province_name":"内蒙古自治区","province_code":"150000","snapshot_year":2023,"panel_year":2022,"link_status":"parent_linked","former_name":"","note":""},"geometry":{"type":"Polygon","coordinates":[[[109.63521,40.7387],[109.64439,40.66579],[109.62163,40.65598],[109.62815,40.62072],[109.83778,40.60103],[109.83331,40.64167],[109.88736,40.64582],[109.94043,40.61723],[109.98853,40.66933],[110.02424,40.62803],[110.05874,40.64087],[110.03118,40.61285],[110.00135,40.60808],[109.98235,40.62203],[109.97158,40.6101],[109.98673,40.51077],[109.90761,40.53052],[109.8548,40.50551],[109.81766,40.51146],[109.70351,40.47716],[109.6877,40.49719],[109.65234,40.49708],[109.65173,40.52983],[109.63487,40.54285],[109.59901,40.53746],[109.56786,40.55373],[109.50394,40.50951],[109.4192,40.51538],[109.44044,40.53719],[109.41734,40.5486],[109.42692,40.55454],[109.41224,40.59194],[109.42539,40.59446],[109.42778,40.62124],[109.3946,40.64021],[109.40938,40.65998],[109.40447,40.7012],[109.47345,40.74865],[109.52292,40.73123],[109.63521,40.7387]]]}},{"type":"Feature","id":"CTAMAP-2023-COUNTY-1009","properties":{"map_level":"county","source_name":"开鲁县","source_code":"150523","county_type":"县","prefecture_name":"通辽市","prefecture_code":"150500","prefecture_type":"地级市","parent_entity_id":"CNUR-000029","parent_year_end_name":"通辽市","province_name":"内蒙古自治区","province_code":"150000","snapshot_year":2023,"panel_year":2022,"link_status":"parent_linked","former_name":"","note":""},"geometry":{"type":"Polygon","coordinates":[[[121.80313,43.79101],[121.7656,43.75429],[121.84741,43.69064],[121.84499,43.6327],[121.77827,43.62367],[121.74862,43.64371],[121.68611,43.62143],[121.68754,43.61052],[121.7305,43.61256],[121.7376,43.57513],[121.69068,43.5784],[121.69344,43.56395],[121.67596,43.55885],[121.71927,43.5338],[121.71567,43.47996],[121.81755,43.4747],[121.79754,43.45841],[121.80779,43.43551],[121.73983,43.44645],[121.69826,43.43659],[121.70223,43.41417],[121.73777,43.39431],[121.69415,43.3936],[121.70618,43.37885],[121.64022,43.37181],[121.63519,43.35822],[121.59874,43.36099],[121.58539,43.33926],[121.59938,43.30902],[121.56065,43.3201],[121.55474,43.35681],[121.51936,43.36778],[121.52203,43.39781],[121.48791,43.43335],[121.41172,43.45917],[121.3944,43.52363],[121.3602,43.53688],[121.17394,43.53666],[121.11198,43.51354],[121.04296,43.53123],[120.81296,43.46573],[120.76917,43.42605],[120.69945,43.40867],[120.41739,43.37599],[120.65145,43.45044],[120.74493,43.52039],[120.74967,43.55072],[120.93725,43.61066],[120.93894,43.62628],[120.97997,43.64955],[120.8307,43.7866],[120.78125,43.8121],[120.78089,43.83244],[120.79234,43.84749],[120.89995,43.86415],[121.01614,43.84067],[121.13303,43.84243],[121.10734,43.87617],[121.09879,43.90901],[121.12752,43.91526],[121.08467,43.97412],[121.08022,44.02417],[121.02842,44.0322],[121.10659,44.06156],[121.16282,44.06165],[121.20058,44.10206],[121.19645,44.12509],[121.23398,44.13704],[121.33537,44.12564],[121.38853,44.13506],[121.39678,44.10582],[121.46353,44.08132],[121.52617,44.03149],[121.55369,43.98086],[121.66574,43.90669],[121.66424,43.86779],[121.69393,43.82541],[121.80313,43.79101]]]}},{"type":"Feature","id":"CTAMAP-2023-COUNTY-1026","properties":{"map_level":"county","source_name":"科尔沁区","source_code":"150502","county_type":"市辖区","prefecture_name":"通辽市","prefecture_code":"150500","prefecture_type":"地级市","parent_entity_id":"CNUR-000029","parent_year_end_name":"通辽市","province_name":"内蒙古自治区","province_code":"150000","snapshot_year":2023,"panel_year":2022,"link_status":"parent_linked","former_name":"","note":""},"geometry":{"type":"Polygon","coordinates":[[[122.99555,43.69262],[122.87493,43.67809],[122.86235,43.63293],[122.57172,43.61523],[122.52684,43.59719],[122.54845,43.55975],[122.50529,43.52784],[122.41027,43.50596],[122.27397,43.50753],[122.27402,43.47787],[122.23339,43.45455],[122.24167,43.4036],[122.15523,43.40475],[122.12255,43.36569],[122.07241,43.37755],[122.06813,43.36073],[121.85179,43.37318],[121.78454,43.38948],[121.74429,43.38332],[121.75869,43.36706],[121.74045,43.36028],[121.69143,43.3898],[121.73777,43.39431],[121.70223,43.41417],[121.69826,43.43659],[121.74002,43.44645],[121.80601,43.43308],[121.79754,43.45841],[121.81924,43.46869],[121.71567,43.47996],[121.71927,43.5338],[121.67596,43.55885],[121.69344,43.56395],[121.69068,43.5784],[121.7376,43.57513],[121.7305,43.61256],[121.68754,43.61052],[121.68611,43.62143],[121.74862,43.64371],[121.77827,43.62367],[121.84499,43.6327],[121.84741,43.69064],[121.7656,43.75429],[121.8119,43.79641],[121.89281,43.79213],[121.94001,43.75602],[122.03918,43.75665],[122.052,43.69427],[122.12399,43.70101],[122.18764,43.81402],[122.17988,43.83093],[122.25002,43.83492],[122.25986,43.86559],[122.35462,43.87081],[122.34325,43.8962],[122.38892,43.90203],[122.43107,43.93732],[122.50308,43.95384],[122.53876,43.9356],[122.63176,43.96457],[122.65881,43.95994],[122.58173,43.87624],[122.578,43.81756],[122.70318,43.83669],[122.75751,43.79906],[122.79084,43.80359],[122.78719,43.8173],[122.80828,43.82537],[122.88845,43.80519],[122.90129,43.81493],[122.99931,43.76583],[123.0168,43.77677],[122.99555,43.69262]]]}},{"type":"Feature","id":"CTAMAP-2023-COUNTY-1027","properties":{"map_level":"county","source_name":"科尔沁右翼前旗","source_code":"152221","county_type":"旗","prefecture_name":"兴安盟","prefecture_code":"152200","prefecture_type":"盟","parent_entity_id":"CNUR-000034","parent_year_end_name":"兴安盟","province_name":"内蒙古自治区","province_code":"150000","snapshot_year":2023,"panel_year":2022,"link_status":"parent_linked","former_name":"","note":""},"geometry":{"type":"Polygon","coordinates":[[[121.25049,46.93625],[121.35216,46.92027],[121.39275,46.93355],[121.40796,46.90988],[121.46618,46.89326],[121.44956,46.87419],[121.44774,46.82177],[121.51644,46.78141],[121.50677,46.74344],[121.66259,46.66331],[121.69022,46.66329],[121.704,46.64306],[121.76426,46.64623],[121.77084,46.60599],[121.83736,46.53771],[121.8734,46.52698],[121.89521,46.49379],[121.95814,46.49575],[122.00896,46.4418],[122.11208,46.46154],[122.25758,46.40133],[122.35296,46.41695],[122.41309,46.3913],[122.5134,46.38089],[122.65787,46.44332],[122.72432,46.33637],[122.71039,46.31835],[122.72039,46.29462],[122.75177,46.28608],[122.77427,46.17161],[122.62341,46.13907],[122.49647,46.0589],[122.47794,46.06795],[122.5,46.08497],[122.48882,46.1408],[122.32036,46.13921],[122.33292,46.06914],[122.3094,46.04694],[122.28953,46.10112],[122.20673,46.14582],[122.20995,46.17367],[122.12158,46.2081],[122.10854,46.24269],[122.12859,46.25027],[122.12017,46.27669],[122.0402,46.28601],[122.00422,46.26473],[121.92652,46.29626],[121.88925,46.2881],[121.89027,46.25577],[121.87259,46.23266],[121.90758,46.23052],[121.92575,46.21297],[121.90138,46.19297],[121.90851,46.18252],[121.96382,46.14744],[121.99845,46.08077],[122.03054,46.05288],[122.16489,46.00049],[122.13478,45.98842],[122.09768,45.93515],[122.05657,45.92755],[121.9975,45.98054],[121.98209,45.9698],[121.92235,45.98662],[121.91282,46.00587],[121.86481,45.99753],[121.83793,46.02243],[121.80703,46.02408],[121.75303,45.99171],[121.7986,45.96685],[121.81546,45.91651],[121.80028,45.89928],[121.81122,45.87374],[121.77902,45.85755],[121.76128,45.8171],[121.71043,45.84035],[121.65639,45.89585],[121.59711,45.8986],[121.58137,45.8731],[121.53703,45.85962],[121.39717,45.88633],[121.3615,45.92967],[121.3662,45.94617],[121.29764,45.94585],[121.2536,46.02216],[121.17696,46.02947],[121.17111,46.04588],[121.12986,46.05907],[121.12794,46.08908],[121.05679,46.07505],[121.06996,46.05023],[121.04632,46.02836],[121.06712,45.99544],[121.0549,45.98461],[120.88122,45.90027],[120.81088,45.89761],[120.73331,45.84519],[120.63755,45.82656],[120.58325,45.82458],[120.52108,45.86459],[120.44592,45.84933],[120.41303,45.8227],[120.38598,45.87968],[120.32749,45.89916],[120.27227,45.87913],[120.21211,45.91745],[120.22253,45.97261],[120.18681,46.0161],[120.20704,46.02593],[120.20107,46.04963],[120.12639,46.06819],[120.04864,46.05995],[120.06166,46.09066],[120.0,46.11628],[119.92705,46.17907],[119.91791,46.20826],[119.82908,46.23348],[119.83119,46.31916],[119.85982,46.32664],[119.86717,46.3442],[119.83993,46.35073],[119.83113,46.37384],[119.89433,46.40213],[119.95504,46.39396],[119.97773,46.41717],[119.90315,46.42746],[119.94231,46.49199],[119.90128,46.53583],[119.94518,46.60411],[119.90372,46.65132],[119.90468,46.6843],[119.9276,46.70963],[119.90278,46.76462],[119.93081,46.79758],[119.9185,46.82348],[119.93135,46.84513],[119.9116,46.85013],[119.91089,46.89082],[119.92532,46.90586],[120.00123,46.90663],[120.04879,46.87283],[120.07076,46.83559],[120.20822,46.8025],[120.24249,46.77414],[120.32116,46.75219],[120.4456,46.73205],[120.49319,46.70032],[120.54453,46.69282],[120.56783,46.66174],[120.84842,46.69316],[120.81473,46.74395],[120.83714,46.78736],[120.83214,46.81884],[120.76304,46.86572],[120.79798,46.91163],[120.87164,46.94435],[120.90222,46.99961],[120.98259,47.02507],[121.06896,47.01484],[121.1441,46.95704],[121.13764,46.94654],[121.18479,46.92671],[121.22012,46.91727],[121.25049,46.93625]]]}},{"type":"Feature","id":"CTAMAP-2023-COUNTY-1028","properties":{"map_level":"county","source_name":"科尔沁右翼中旗","source_code":"152222","county_type":"旗","prefecture_name":"兴安盟","prefecture_code":"152200","prefecture_type":"盟","parent_entity_id":"CNUR-000034","parent_year_end_name":"兴安盟","province_name":"内蒙古自治区","province_code":"150000","snapshot_year":2023,"panel_year":2022,"link_status":"parent_linked","former_name":"","note":""},"geometry":{"type":"Polygon","coordinates":[[[120.73331,45.84519],[120.80735,45.81718],[120.9185,45.74008],[120.9476,45.74668],[121.01067,45.71755],[121.04912,45.67308],[121.10036,45.66055],[121.1124,45.60293],[121.1778,45.59709],[121.18616,45.55394],[121.21315,45.52592],[121.24371,45.51237],[121.31687,45.53088],[121.35404,45.52487],[121.32571,45.49746],[121.34685,45.48026],[121.38421,45.4823],[121.35909,45.44682],[121.4084,45.43218],[121.42186,45.37841],[121.47039,45.36647],[121.50934,45.28933],[121.54287,45.2709],[121.80407,45.19602],[122.00475,45.22986],[122.08361,45.28365],[122.14127,45.29342],[122.23322,45.27427],[122.22429,45.20483],[122.18676,45.17859],[122.13724,45.18088],[122.10381,45.13988],[122.11342,45.06644],[122.09286,45.0194],[122.06857,45.0045],[122.07314,44.91212],[122.03898,44.89744],[122.06748,44.87489],[122.09389,44.78027],[122.16326,44.7682],[122.13677,44.75165],[122.10466,44.76571],[122.09288,44.7427],[122.14654,44.74178],[122.15551,44.72622],[122.11145,44.70006],[122.09707,44.67186],[122.12573,44.57543],[122.19991,44.55116],[122.22243,44.47818],[122.28044,44.47579],[122.28599,44.30823],[122.26576,44.25362],[122.15809,44.25327],[122.09976,44.27008],[121.92885,44.34168],[121.87555,44.40133],[121.8238,44.40962],[121.59834,44.60757],[121.57975,44.6383],[121.59535,44.6543],[121.54265,44.66591],[121.52432,44.71861],[121.40306,44.78884],[121.41417,44.81611],[121.39545,44.84924],[121.23428,44.93212],[121.06881,44.98038],[121.04699,45.00153],[121.02734,44.99637],[120.97159,45.07028],[120.98212,45.10504],[120.93999,45.12125],[120.96721,45.15527],[120.96205,45.17169],[120.97319,45.16778],[120.96255,45.18188],[120.88245,45.21445],[120.82937,45.21428],[120.82219,45.25134],[120.73746,45.25822],[120.54869,45.35571],[120.55405,45.41471],[120.53342,45.43305],[120.48919,45.46234],[120.42886,45.46227],[120.41074,45.50044],[120.3388,45.51765],[120.3136,45.55406],[120.26299,45.55023],[120.16201,45.58939],[120.02142,45.59314],[119.99852,45.58339],[119.98786,45.55126],[120.01717,45.53328],[120.02524,45.49751],[119.99347,45.47852],[119.9007,45.50304],[119.91226,45.56],[119.86914,45.54553],[119.81656,45.57058],[119.78436,45.56231],[119.55888,45.65408],[119.58979,45.66834],[119.67497,45.66767],[119.70217,45.7012],[119.69361,45.73506],[119.74461,45.76102],[119.8014,45.81875],[119.82327,45.97279],[119.80144,45.98949],[119.8274,46.00302],[119.84844,46.10641],[119.87011,46.1222],[119.87263,46.14267],[119.84414,46.18191],[119.88251,46.20861],[119.91791,46.20826],[119.92705,46.17907],[120.0,46.11628],[120.06166,46.09066],[120.04864,46.05995],[120.12639,46.06819],[120.20107,46.04963],[120.20704,46.02593],[120.18681,46.0161],[120.22253,45.97261],[120.20908,45.92455],[120.27227,45.87913],[120.32749,45.89916],[120.38598,45.87968],[120.41303,45.8227],[120.44592,45.84933],[120.52108,45.86459],[120.58432,45.82441],[120.73331,45.84519]]]}},{"type":"Feature","id":"CTAMAP-2023-COUNTY-1029","properties":{"map_level":"county","source_name":"科尔沁左翼后旗","source_code":"150522","county_type":"旗","prefecture_name":"通辽市","prefecture_code":"150500","prefecture_type":"地级市","parent_entity_id":"CNUR-000029","parent_year_end_name":"通辽市","province_name":"内蒙古自治区","province_code":"150000","snapshot_year":2023,"panel_year":2022,"link_status":"parent_linked","former_name":"","note":""},"geometry":{"type":"Polygon","coordinates":[[[122.99555,43.69262],[122.99029,43.68209],[123.0173,43.67157],[123.08003,43.66813],[123.07922,43.63051],[123.16126,43.62109],[123.29253,43.5763],[123.30011,43.53264],[123.32365,43.51652],[123.30987,43.48952],[123.36951,43.47394],[123.41346,43.40744],[123.43631,43.41796],[123.43554,43.43503],[123.4805,43.44293],[123.51472,43.39916],[123.5393,43.41298],[123.60138,43.36462],[123.69854,43.36813],[123.70903,43.33168],[123.6967,43.32397],[123.71487,43.31342],[123.68986,43.29192],[123.69962,43.27179],[123.65883,43.26235],[123.67102,43.22214],[123.64043,43.20704],[123.66446,43.18154],[123.64221,43.17153],[123.6253,43.08645],[123.59697,43.06132],[123.60542,43.04621],[123.57533,43.03424],[123.57319,43.00815],[123.5207,43.00464],[123.50875,43.02477],[123.46563,43.04022],[123.25313,42.991],[123.17801,42.9231],[123.18163,42.8863],[123.16467,42.8497],[123.21594,42.82299],[123.18126,42.82302],[123.05442,42.76702],[122.97642,42.77576],[122.94051,42.7516],[122.92343,42.77002],[122.88191,42.768],[122.84998,42.70512],[122.7258,42.78468],[122.61984,42.77112],[122.57538,42.78791],[122.5612,42.82288],[122.43129,42.84047],[122.34595,42.82796],[122.36672,42.77349],[122.4503,42.77246],[122.45581,42.75468],[122.39406,42.70961],[122.39172,42.68274],[122.33392,42.66793],[122.25408,42.69445],[122.12837,42.78215],[122.05225,42.77608],[122.01895,42.80135],[122.02351,42.85089],[121.98417,42.87952],[121.92206,42.87891],[121.82642,42.95633],[121.81559,43.01207],[121.75573,43.12336],[121.747,43.19013],[121.58486,43.3028],[121.60155,43.31308],[121.58539,43.33926],[121.59874,43.36099],[121.70618,43.37885],[121.74045,43.36028],[121.7586,43.36658],[121.74429,43.38332],[121.75428,43.38803],[122.12255,43.36569],[122.15523,43.40475],[122.24167,43.4036],[122.23339,43.45455],[122.27402,43.47787],[122.27397,43.50753],[122.41027,43.50596],[122.50529,43.52784],[122.54845,43.55975],[122.52684,43.59719],[122.57172,43.61523],[122.86235,43.63293],[122.87493,43.67809],[122.99555,43.69262]]]}},{"type":"Feature","id":"CTAMAP-2023-COUNTY-1030","properties":{"map_level":"county","source_name":"科尔沁左翼中旗","source_code":"150521","county_type":"旗","prefecture_name":"通辽市","prefecture_code":"150500","prefecture_type":"地级市","parent_entity_id":"CNUR-000029","parent_year_end_name":"通辽市","province_name":"内蒙古自治区","province_code":"150000","snapshot_year":2023,"panel_year":2022,"link_status":"parent_linked","former_name":"","note":""},"geometry":{"type":"Polygon","coordinates":[[[123.11913,44.50714],[123.13135,44.48714],[123.11957,44.47487],[123.13077,44.45972],[123.11826,44.45579],[123.13594,44.42615],[123.12991,44.40385],[123.10819,44.40028],[123.11715,44.36209],[123.19079,44.34296],[123.27091,44.25049],[123.29383,44.19298],[123.384,44.16049],[123.34056,44.0855],[123.32208,44.08162],[123.31468,44.04981],[123.39297,43.97604],[123.37503,43.97244],[123.3757,43.95058],[123.41433,43.92601],[123.46084,43.85701],[123.45572,43.82018],[123.49128,43.77803],[123.47438,43.73802],[123.51366,43.70518],[123.53226,43.64061],[123.50388,43.62256],[123.50641,43.59011],[123.45238,43.5862],[123.41737,43.60976],[123.42708,43.57305],[123.45457,43.56602],[123.44676,43.54335],[123.35073,43.56517],[123.29589,43.54866],[123.29253,43.5763],[123.16126,43.62109],[123.07922,43.63051],[123.08003,43.66813],[122.99029,43.68209],[123.01904,43.74498],[123.0168,43.77677],[122.99931,43.76583],[122.90129,43.81493],[122.88845,43.80519],[122.80828,43.82537],[122.78719,43.8173],[122.79084,43.80359],[122.75751,43.79906],[122.70318,43.83669],[122.578,43.81756],[122.58173,43.87624],[122.65881,43.95994],[122.63176,43.96457],[122.53876,43.9356],[122.50308,43.95384],[122.43107,43.93732],[122.38892,43.90203],[122.34325,43.8962],[122.35462,43.87081],[122.25986,43.86559],[122.25002,43.83492],[122.17988,43.83093],[122.18764,43.81402],[122.12399,43.70101],[122.052,43.69427],[122.03918,43.75665],[121.94001,43.75602],[121.89281,43.79213],[121.80313,43.79101],[121.69393,43.82541],[121.66424,43.86779],[121.66574,43.90669],[121.55369,43.98086],[121.52617,44.03149],[121.46353,44.08132],[121.39678,44.10582],[121.37545,44.13977],[121.33537,44.12564],[121.26217,44.13938],[121.19645,44.12509],[121.21661,44.13995],[121.16198,44.21153],[121.15989,44.26591],[121.20252,44.29055],[121.33081,44.31736],[121.41505,44.38589],[121.42472,44.41216],[121.52768,44.3446],[121.5309,44.32544],[121.57423,44.29126],[121.6212,44.27941],[121.70201,44.28178],[121.91728,44.34828],[122.15809,44.25327],[122.22066,44.26168],[122.3137,44.23078],[122.47696,44.2348],[122.66997,44.28384],[122.75487,44.3677],[122.85818,44.40004],[123.03408,44.49701],[123.11913,44.50714]]]}},{"type":"Feature","id":"CTAMAP-2023-COUNTY-1036","properties":{"map_level":"county","source_name":"克什克腾旗","source_code":"150425","county_type":"旗","prefecture_name":"赤峰市","prefecture_code":"150400","prefecture_type":"地级市","parent_entity_id":"CNUR-000028","parent_year_end_name":"赤峰市","province_name":"内蒙古自治区","province_code":"150000","snapshot_year":2023,"panel_year":2022,"link_status":"parent_linked","former_name":"","note":""},"geometry":{"type":"Polygon","coordinates":[[[117.67968,44.09385],[117.6333,44.01606],[117.67732,43.97904],[117.70127,43.90647],[117.7712,43.83708],[117.76681,43.80479],[117.8071,43.77931],[117.81596,43.73536],[117.88531,43.66256],[117.88993,43.63174],[117.93528,43.57556],[117.92952,43.55448],[117.94751,43.5435],[117.93865,43.52353],[117.91185,43.51691],[117.89987,43.45813],[117.95981,43.39106],[118.00339,43.39822],[118.03305,43.37933],[118.03394,43.35674],[118.05793,43.34704],[118.04526,43.32615],[118.08682,43.2872],[118.07927,43.25578],[118.14254,43.24322],[118.26297,43.28878],[118.4365,43.26076],[118.41768,43.24207],[118.35071,43.24509],[118.32298,43.20538],[118.33451,43.16305],[118.36155,43.13974],[118.36078,43.09458],[118.31679,42.99933],[118.3532,42.97276],[118.36406,42.89325],[118.33895,42.87991],[118.30235,42.90497],[118.19776,42.82877],[118.11096,42.81252],[118.08248,42.7885],[117.99253,42.76396],[117.87413,42.65833],[117.83522,42.65493],[117.79328,42.61427],[117.681,42.58112],[117.58105,42.60277],[117.54198,42.60436],[117.52316,42.58816],[117.45572,42.59672],[117.42963,42.58193],[117.42615,42.55357],[117.38939,42.5341],[117.38466,42.51619],[117.40642,42.51557],[117.41028,42.49283],[117.40635,42.46924],[117.38442,42.4594],[117.32619,42.45869],[117.26959,42.47965],[117.15585,42.46384],[117.08897,42.48195],[117.07145,42.45861],[117.00699,42.45299],[116.9896,42.42331],[116.96578,42.42596],[116.88682,42.38566],[116.90366,42.43624],[116.86894,42.47836],[116.87953,42.53279],[116.81449,42.54496],[116.82298,42.55644],[116.79513,42.58099],[116.69203,42.5933],[116.6633,42.55391],[116.6321,42.57548],[116.62944,42.61279],[116.58196,42.59799],[116.57478,42.61185],[116.60281,42.63511],[116.66777,42.75943],[116.65861,42.9311],[116.4944,43.01309],[116.49745,43.04701],[116.39182,43.10462],[116.34987,43.15461],[116.36349,43.24112],[116.40747,43.25443],[116.42991,43.32619],[116.59958,43.41774],[116.61578,43.50316],[116.67475,43.51478],[116.78371,43.48179],[116.82562,43.5022],[116.79813,43.56302],[116.79956,43.60549],[116.83152,43.61253],[116.85219,43.65534],[116.96567,43.6715],[117.04738,43.75086],[116.99438,43.78049],[116.97963,43.83832],[117.00669,43.8485],[116.9931,43.91033],[117.02595,43.95267],[116.96454,43.98641],[116.95506,44.02293],[117.00441,44.05568],[117.11362,44.17735],[117.19946,44.21832],[117.5154,44.22507],[117.54668,44.18431],[117.62819,44.14662],[117.61568,44.12296],[117.67968,44.09385]]]}},{"type":"Feature","id":"CTAMAP-2023-COUNTY-1041","properties":{"map_level":"county","source_name":"库伦旗","source_code":"150524","county_type":"旗","prefecture_name":"通辽市","prefecture_code":"150500","prefecture_type":"地级市","parent_entity_id":"CNUR-000029","parent_year_end_name":"通辽市","province_name":"内蒙古自治区","province_code":"150000","snapshot_year":2023,"panel_year":2022,"link_status":"parent_linked","former_name":"","note":""},"geometry":{"type":"Polygon","coordinates":[[[122.20063,42.73018],[122.2043,42.70962],[122.19872,42.68193],[122.19071,42.67675],[122.19188,42.68875],[122.13756,42.68544],[122.05144,42.72011],[122.01864,42.70032],[121.98504,42.70311],[121.98072,42.68942],[121.96615,42.69897],[121.956,42.68287],[121.93181,42.68641],[121.93609,42.66309],[121.89659,42.63297],[121.91399,42.62707],[121.89645,42.62134],[121.91244,42.58667],[121.89202,42.59269],[121.90112,42.57016],[121.88049,42.55304],[121.86457,42.55904],[121.86611,42.52811],[121.82303,42.53613],[121.81118,42.50189],[121.7983,42.49802],[121.79708,42.51177],[121.74599,42.48723],[121.69215,42.43633],[121.65128,42.44097],[121.63274,42.47845],[121.59845,42.49378],[121.60071,42.51435],[121.5635,42.48447],[121.49901,42.48024],[121.47311,42.49407],[121.44645,42.47434],[121.40995,42.4838],[121.38178,42.47281],[121.37993,42.45005],[121.34397,42.45778],[121.30566,42.4381],[121.29339,42.39669],[121.20839,42.35959],[121.17881,42.41315],[121.1818,42.46486],[121.13108,42.50021],[121.16039,42.55503],[121.15182,42.5722],[121.19387,42.63151],[121.16265,42.67079],[121.15098,42.74028],[121.18319,42.76387],[121.1736,42.84438],[121.21662,42.92008],[121.15315,42.96283],[121.14845,43.02699],[121.20852,43.04895],[121.19001,43.09954],[121.35792,43.07366],[121.37984,43.0851],[121.43342,43.15223],[121.43822,43.19266],[121.54713,43.17134],[121.56402,43.18608],[121.5526,43.22652],[121.58486,43.3028],[121.747,43.19013],[121.75573,43.12336],[121.81559,43.01207],[121.82642,42.95633],[121.88239,42.90282],[121.91157,42.89857],[121.92206,42.87891],[121.98417,42.87952],[122.02351,42.85089],[122.01895,42.80135],[122.05225,42.77608],[122.12837,42.78215],[122.20063,42.73018]]]}},{"type":"Feature","id":"CTAMAP-2023-COUNTY-1048","properties":{"map_level":"county","source_name":"昆都仑区","source_code":"150203","county_type":"市辖区","prefecture_name":"包头市","prefecture_code":"150200","prefecture_type":"地级市","parent_entity_id":"CNUR-000026","parent_year_end_name":"包头市","province_name":"内蒙古自治区","province_code":"150000","snapshot_year":2023,"panel_year":2022,"link_status":"parent_linked","former_name":"","note":""},"geometry":{"type":"Polygon","coordinates":[[[109.85075,40.77231],[109.83441,40.70784],[109.85359,40.67679],[109.83331,40.64167],[109.83778,40.60103],[109.62815,40.62072],[109.62163,40.65598],[109.64439,40.66579],[109.63521,40.7387],[109.78654,40.75869],[109.79404,40.80058],[109.81304,40.81188],[109.85075,40.77231]]]}},{"type":"Feature","id":"CTAMAP-2023-COUNTY-1143","properties":{"map_level":"county","source_name":"凉城县","source_code":"150925","county_type":"县","prefecture_name":"乌兰察布市","prefecture_code":"150900","prefecture_type":"地级市","parent_entity_id":"CNUR-000033","parent_year_end_name":"乌兰察布市","province_name":"内蒙古自治区","province_code":"150000","snapshot_year":2023,"panel_year":2022,"link_status":"parent_linked","former_name":"","note":""},"geometry":{"type":"Polygon","coordinates":[[[112.8367,40.74272],[112.82174,40.68895],[112.83974,40.64216],[112.79548,40.65422],[112.80609,40.6251],[112.85939,40.59923],[112.95422,40.59612],[112.98542,40.56488],[113.0228,40.55354],[112.98688,40.53944],[112.99487,40.49953],[112.9801,40.48451],[112.93018,40.48413],[112.91171,40.46141],[112.91868,40.44015],[112.95957,40.42131],[112.97551,40.35167],[112.88992,40.3263],[112.84609,40.2016],[112.73976,40.16219],[112.61855,40.23801],[112.52355,40.26117],[112.45659,40.29859],[112.40679,40.29389],[112.3529,40.25539],[112.30354,40.25515],[112.28007,40.28172],[112.28483,40.311],[112.25913,40.32928],[112.26409,40.35562],[112.22877,40.35374],[112.26134,40.3927],[112.21237,40.42522],[112.21829,40.44772],[112.04619,40.557],[112.05034,40.58179],[112.07916,40.57387],[112.09244,40.58557],[112.08059,40.61784],[112.03839,40.65429],[112.10839,40.65746],[112.10464,40.68515],[112.12357,40.69659],[112.08603,40.73872],[112.14411,40.76146],[112.15079,40.79246],[112.22368,40.8437],[112.23714,40.83936],[112.24015,40.78862],[112.28358,40.80005],[112.28483,40.78301],[112.2997,40.78769],[112.29399,40.75088],[112.34053,40.73205],[112.37519,40.67813],[112.45723,40.675],[112.48842,40.64373],[112.50239,40.66371],[112.5402,40.65309],[112.54715,40.67394],[112.58015,40.67668],[112.59447,40.69749],[112.62229,40.68924],[112.66493,40.71472],[112.71256,40.70992],[112.71684,40.74387],[112.73554,40.75778],[112.7313,40.78245],[112.78724,40.76929],[112.81253,40.73892],[112.8367,40.74272]]]}},{"type":"Feature","id":"CTAMAP-2023-COUNTY-1158","properties":{"map_level":"county","source_name":"林西县","source_code":"150424","county_type":"县","prefecture_name":"赤峰市","prefecture_code":"150400","prefecture_type":"地级市","parent_entity_id":"CNUR-000028","parent_year_end_name":"赤峰市","province_name":"内蒙古自治区","province_code":"150000","snapshot_year":2023,"panel_year":2022,"link_status":"parent_linked","former_name":"","note":""},"geometry":{"type":"Polygon","coordinates":[[[118.25492,44.24038],[118.30118,44.21403],[118.31261,44.16384],[118.35871,44.09818],[118.35257,44.08602],[118.42211,44.03088],[118.43425,43.97616],[118.37833,43.96],[118.32606,43.98079],[118.26618,43.93151],[118.24812,43.97821],[118.22569,43.97731],[118.23102,43.96315],[118.21422,43.95514],[118.27632,43.82909],[118.27933,43.77414],[118.33057,43.72241],[118.36978,43.65327],[118.35946,43.64344],[118.40977,43.59185],[118.30111,43.59448],[118.19967,43.54983],[118.18889,43.5006],[118.21751,43.46825],[118.20854,43.4239],[118.23337,43.43403],[118.27116,43.41508],[118.32188,43.43309],[118.34401,43.41335],[118.41611,43.40364],[118.42849,43.38369],[118.46489,43.37906],[118.49782,43.32647],[118.56236,43.29136],[118.57615,43.26602],[118.5279,43.27441],[118.4365,43.26076],[118.26297,43.28878],[118.14254,43.24322],[118.0807,43.25453],[118.08682,43.2872],[118.04526,43.32615],[118.05793,43.34704],[118.03394,43.35674],[118.03305,43.37933],[118.00339,43.39822],[117.95981,43.39106],[117.89987,43.45813],[117.91185,43.51691],[117.93865,43.52353],[117.94751,43.5435],[117.92952,43.55448],[117.93528,43.57556],[117.88993,43.63174],[117.88531,43.66256],[117.81596,43.73536],[117.8071,43.77931],[117.76681,43.80479],[117.7707,43.83786],[117.70127,43.90647],[117.6645,43.99901],[117.63296,44.01701],[117.63704,44.0369],[117.69457,44.01451],[117.78909,44.0197],[117.79082,44.03634],[117.89988,44.12107],[118.05471,44.09865],[118.10814,44.12913],[118.1245,44.19526],[118.14533,44.20948],[118.16565,44.20291],[118.20609,44.25563],[118.23831,44.23233],[118.25492,44.24038]]]}},{"type":"Feature","id":"CTAMAP-2023-COUNTY-1167","properties":{"map_level":"county","source_name":"临河区","source_code":"150802","county_type":"市辖区","prefecture_name":"巴彦淖尔市","prefecture_code":"150800","prefecture_type":"地级市","parent_entity_id":"CNUR-000032","parent_year_end_name":"巴彦淖尔市","province_name":"内蒙古自治区","province_code":"150000","snapshot_year":2023,"panel_year":2022,"link_status":"parent_linked","former_name":"","note":""},"geometry":{"type":"Polygon","coordinates":[[[107.66473,41.25577],[107.6994,41.19106],[107.6742,41.12877],[107.72357,41.07457],[107.72535,41.05265],[107.69475,40.95106],[107.62122,40.90371],[107.68282,40.88158],[107.67705,40.85068],[107.59297,40.79322],[107.62266,40.77341],[107.58665,40.76669],[107.58049,40.73969],[107.53005,40.70362],[107.48178,40.7108],[107.38687,40.64358],[107.28771,40.65467],[107.23919,40.55691],[107.1853,40.57832],[107.14851,40.57473],[107.14224,40.59451],[107.12836,40.5866],[107.13226,40.63329],[107.16873,40.66075],[107.12936,40.67942],[107.10452,40.83044],[107.13763,40.83788],[107.15558,40.81085],[107.20122,40.82454],[107.16366,40.85343],[107.16674,40.86762],[107.18838,40.86265],[107.19028,40.89274],[107.22323,40.90907],[107.27753,41.05197],[107.32611,41.08265],[107.34459,41.13421],[107.38147,41.15172],[107.38609,41.2234],[107.48651,41.2449],[107.52568,41.23761],[107.63144,41.27706],[107.66473,41.25577]]]}},{"type":"Feature","id":"CTAMAP-2023-COUNTY-1346","properties":{"map_level":"county","source_name":"满洲里市","source_code":"150781","county_type":"县级市","prefecture_name":"呼伦贝尔市","prefecture_code":"150700","prefecture_type":"地级市","parent_entity_id":"CNUR-000031","parent_year_end_name":"呼伦贝尔市","province_name":"内蒙古自治区","province_code":"150000","snapshot_year":2023,"panel_year":2022,"link_status":"parent_linked","former_name":"","note":"2013年满洲里市拆分扎赉诺尔区"},"geometry":{"type":"Polygon","coordinates":[[[117.83116,49.54249],[117.85681,49.51885],[117.85145,49.48277],[117.86892,49.48359],[117.85026,49.47545],[117.8933,49.44944],[117.82432,49.44066],[117.84799,49.41837],[117.84645,49.39409],[117.82035,49.40867],[117.74647,49.34618],[117.72227,49.37186],[117.75607,49.40797],[117.73987,49.43607],[117.75694,49.47168],[117.70502,49.48594],[117.7214,49.49302],[117.70089,49.51521],[117.62235,49.52386],[117.48387,49.49114],[117.44305,49.52554],[117.21715,49.52489],[117.27306,49.63154],[117.47523,49.62942],[117.80238,49.51697],[117.83116,49.54249]]]}},{"type":"Feature","id":"CTAMAP-2023-COUNTY-1401","properties":{"map_level":"county","source_name":"莫力达瓦达斡尔族自治旗","source_code":"150722","county_type":"自治旗","prefecture_name":"呼伦贝尔市","prefecture_code":"150700","prefecture_type":"地级市","parent_entity_id":"CNUR-000031","parent_year_end_name":"呼伦贝尔市","province_name":"内蒙古自治区","province_code":"150000","snapshot_year":2023,"panel_year":2022,"link_status":"parent_linked","former_name":"","note":""},"geometry":{"type":"Polygon","coordinates":[[[125.17053,49.82593],[125.21994,49.78974],[125.19603,49.73416],[125.21826,49.72409],[125.21357,49.66968],[125.18505,49.62945],[125.17698,49.65622],[125.13361,49.67243],[125.12242,49.64065],[125.14164,49.61647],[125.16589,49.62847],[125.19695,49.59252],[125.2272,49.5908],[125.22792,49.57297],[125.20872,49.56454],[125.22602,49.55806],[125.22813,49.53641],[125.20257,49.53662],[125.23677,49.49625],[125.22058,49.48627],[125.26343,49.4521],[125.24837,49.39393],[125.26997,49.3787],[125.26925,49.35828],[125.24635,49.35564],[125.25722,49.33587],[125.2427,49.32592],[125.25759,49.31651],[125.20627,49.27696],[125.23,49.25432],[125.20555,49.24604],[125.22109,49.2283],[125.2122,49.18739],[125.17932,49.18399],[125.10824,49.12415],[125.02964,49.15152],[125.03036,49.17559],[124.97456,49.1611],[124.89869,49.18122],[124.85522,49.16553],[124.83824,49.12604],[124.80181,49.11327],[124.82286,49.07366],[124.81518,49.04245],[124.75701,48.97776],[124.74522,48.9238],[124.70578,48.91055],[124.70025,48.85971],[124.64712,48.8314],[124.6422,48.77533],[124.60662,48.74654],[124.61768,48.70131],[124.59671,48.63215],[124.52025,48.55849],[124.51807,48.54431],[124.5429,48.53068],[124.5266,48.51231],[124.53281,48.47518],[124.55007,48.46577],[124.50063,48.44557],[124.51983,48.41799],[124.50806,48.37735],[124.53546,48.36418],[124.53393,48.3333],[124.5759,48.29858],[124.54857,48.27093],[124.57245,48.25225],[124.54563,48.20539],[124.51195,48.18395],[124.52224,48.1719],[124.50489,48.1646],[124.52203,48.1581],[124.51944,48.14271],[124.42229,48.08064],[124.41096,48.08652],[124.43125,48.11016],[124.42229,48.12207],[124.46511,48.13128],[124.45602,48.15389],[124.47141,48.16514],[124.41643,48.18018],[124.40245,48.21341],[124.42159,48.22132],[124.4153,48.24401],[124.39554,48.24639],[124.39519,48.26333],[124.36954,48.27361],[124.31031,48.34554],[124.32067,48.39089],[124.302,48.41013],[124.32649,48.42957],[124.29727,48.45346],[124.30838,48.47876],[124.29539,48.5174],[124.2345,48.54533],[124.14666,48.52429],[124.11352,48.52496],[124.0853,48.5463],[124.0493,48.53434],[124.01852,48.54621],[123.99592,48.52719],[123.92943,48.5377],[123.90705,48.55989],[123.83627,48.567],[123.81666,48.59463],[123.76011,48.57965],[123.76453,48.69159],[123.73188,48.6969],[123.69297,48.75813],[123.64573,48.77869],[123.64138,48.81127],[123.60322,48.85697],[123.64391,48.93903],[123.57678,49.00233],[123.55109,49.00649],[123.56391,49.07672],[123.63444,49.04354],[123.75222,49.02227],[123.78829,49.07723],[123.81855,49.09117],[123.80875,49.14716],[123.87981,49.15961],[123.91475,49.1883],[123.89794,49.24269],[123.9131,49.2709],[123.97693,49.27808],[124.03692,49.31643],[124.08733,49.30254],[124.22281,49.32888],[124.28101,49.3125],[124.32262,49.32364],[124.33787,49.39552],[124.31518,49.41116],[124.26899,49.50348],[124.33466,49.53261],[124.32839,49.57483],[124.34892,49.58568],[124.35494,49.611],[124.40064,49.64421],[124.50893,49.6309],[124.62814,49.65277],[124.64211,49.68204],[124.72542,49.68599],[124.75407,49.74528],[124.73429,49.75951],[124.81677,49.84808],[124.96626,49.83302],[124.96259,49.85202],[124.93026,49.86676],[124.97126,49.89772],[125.0375,49.82477],[125.08649,49.7947],[125.17053,49.82593]]]}},{"type":"Feature","id":"CTAMAP-2023-COUNTY-1420","properties":{"map_level":"county","source_name":"奈曼旗","source_code":"150525","county_type":"旗","prefecture_name":"通辽市","prefecture_code":"150500","prefecture_type":"地级市","parent_entity_id":"CNUR-000029","parent_year_end_name":"通辽市","province_name":"内蒙古自治区","province_code":"150000","snapshot_year":2023,"panel_year":2022,"link_status":"parent_linked","former_name":"","note":""},"geometry":{"type":"Polygon","coordinates":[[[121.59888,43.30887],[121.55563,43.23751],[121.56627,43.19683],[121.54713,43.17134],[121.43822,43.19266],[121.43342,43.15223],[121.37984,43.0851],[121.35792,43.07366],[121.19001,43.09954],[121.20852,43.04895],[121.14845,43.02699],[121.15315,42.96283],[121.21662,42.92008],[121.1736,42.84438],[121.18319,42.76387],[121.15098,42.74028],[121.16265,42.67079],[121.19387,42.63151],[121.15182,42.5722],[121.16039,42.55503],[121.13108,42.50021],[121.1818,42.46486],[121.17881,42.41315],[121.20839,42.35959],[121.18013,42.34793],[121.14265,42.29874],[121.0226,42.24053],[120.94862,42.27498],[120.85455,42.26806],[120.83665,42.30755],[120.78932,42.33537],[120.79743,42.35511],[120.7616,42.36435],[120.7632,42.39195],[120.66033,42.44001],[120.59019,42.51166],[120.59391,42.53038],[120.5644,42.53844],[120.55887,42.57885],[120.54593,42.58372],[120.55962,42.59649],[120.54356,42.59157],[120.50705,42.64735],[120.45295,42.75553],[120.44062,42.8181],[120.40909,42.85538],[120.41838,42.86478],[120.3908,42.88306],[120.41464,42.9124],[120.39728,42.93495],[120.4226,42.98399],[120.38056,42.98287],[120.34204,43.05727],[120.37363,43.09592],[120.40793,43.09294],[120.40655,43.11243],[120.45525,43.13359],[120.47385,43.1882],[120.5496,43.2259],[120.58193,43.2738],[120.62624,43.2951],[120.62308,43.31694],[120.66222,43.32533],[120.72202,43.3909],[120.76577,43.41095],[120.7906,43.45559],[121.04296,43.53123],[121.11198,43.51354],[121.17394,43.53666],[121.3602,43.53688],[121.3944,43.52363],[121.41172,43.45917],[121.48791,43.43335],[121.52203,43.39781],[121.51936,43.36778],[121.55474,43.35681],[121.56065,43.3201],[121.59888,43.30887]]]}},{"type":"Feature","id":"CTAMAP-2023-COUNTY-1472","properties":{"map_level":"county","source_name":"宁城县","source_code":"150429","county_type":"县","prefecture_name":"赤峰市","prefecture_code":"150400","prefecture_type":"地级市","parent_entity_id":"CNUR-000028","parent_year_end_name":"赤峰市","province_name":"内蒙古自治区","province_code":"150000","snapshot_year":2023,"panel_year":2022,"link_status":"parent_linked","former_name":"","note":""},"geometry":{"type":"Polygon","coordinates":[[[119.31649,41.84483],[119.28343,41.78307],[119.31123,41.76191],[119.29403,41.74068],[119.31277,41.72718],[119.29336,41.70825],[119.3034,41.64577],[119.33715,41.61363],[119.41334,41.57927],[119.40778,41.55979],[119.35513,41.56365],[119.37619,41.52014],[119.39833,41.50793],[119.39982,41.47976],[119.3651,41.44893],[119.36874,41.41887],[119.30548,41.39857],[119.32416,41.38532],[119.31843,41.3279],[119.30718,41.34615],[119.28951,41.32298],[119.24314,41.32294],[119.1947,41.28665],[119.04196,41.29237],[118.94663,41.31267],[118.89215,41.29767],[118.85927,41.31287],[118.83391,41.36148],[118.84192,41.38119],[118.77715,41.358],[118.74042,41.32188],[118.6918,41.33097],[118.66509,41.35355],[118.52427,41.35673],[118.36893,41.31116],[118.34248,41.36974],[118.36145,41.38276],[118.34633,41.39195],[118.35417,41.41972],[118.33275,41.44671],[118.26483,41.46495],[118.31768,41.5086],[118.3042,41.5541],[118.35068,41.58096],[118.44007,41.57549],[118.45855,41.59133],[118.46338,41.6271],[118.4867,41.63961],[118.47547,41.65409],[118.48665,41.68079],[118.62202,41.73283],[118.67795,41.82376],[118.72126,41.82062],[118.78639,41.8517],[118.90208,41.84705],[118.99406,41.88456],[119.06787,41.83865],[119.21535,41.85633],[119.25463,41.84118],[119.31649,41.84483]]]}},{"type":"Feature","id":"CTAMAP-2023-COUNTY-1644","properties":{"map_level":"county","source_name":"清水河县","source_code":"150124","county_type":"县","prefecture_name":"呼和浩特市","prefecture_code":"150100","prefecture_type":"地级市","parent_entity_id":"CNUR-000025","parent_year_end_name":"呼和浩特市","province_name":"内蒙古自治区","province_code":"150000","snapshot_year":2023,"panel_year":2022,"link_status":"parent_linked","former_name":"","note":""},"geometry":{"type":"Polygon","coordinates":[[[111.42008,40.17825],[111.56935,40.1623],[111.57938,40.13669],[111.66754,40.13415],[111.6674,40.1019],[111.64961,40.09163],[111.66191,40.08729],[111.74608,40.0955],[111.78582,40.08088],[111.85382,40.10779],[111.94464,40.10632],[111.99274,40.01059],[112.10986,39.97736],[112.04689,39.90089],[112.02587,39.84854],[111.96473,39.79213],[111.9639,39.71174],[111.91785,39.66436],[111.93122,39.64494],[111.9257,39.60904],[111.89404,39.61653],[111.87211,39.60186],[111.82899,39.62071],[111.77525,39.58633],[111.63431,39.64397],[111.60928,39.63099],[111.50492,39.661],[111.43203,39.6403],[111.41679,39.66288],[111.43497,39.67067],[111.35507,39.72239],[111.36456,39.78745],[111.3916,39.8026],[111.38963,39.82339],[111.409,39.82572],[111.40644,39.85557],[111.43892,39.8964],[111.40544,40.04326],[111.35988,40.09661],[111.39588,40.113],[111.42008,40.17825]]]}},{"type":"Feature","id":"CTAMAP-2023-COUNTY-1719","properties":{"map_level":"county","source_name":"赛罕区","source_code":"150105","county_type":"市辖区","prefecture_name":"呼和浩特市","prefecture_code":"150100","prefecture_type":"地级市","parent_entity_id":"CNUR-000025","parent_year_end_name":"呼和浩特市","province_name":"内蒙古自治区","province_code":"150000","snapshot_year":2023,"panel_year":2022,"link_status":"parent_linked","former_name":"郊区","note":"2000年郊区更名和调整为赛罕区"},"geometry":{"type":"Polygon","coordinates":[[[112.17449,40.8092],[112.15079,40.79246],[112.14411,40.76146],[112.08603,40.73872],[112.1236,40.69702],[112.10464,40.68515],[112.10839,40.65746],[112.00007,40.6574],[111.94093,40.69043],[111.92981,40.65228],[111.86758,40.65983],[111.81726,40.63447],[111.82554,40.61218],[111.81046,40.60818],[111.78234,40.63055],[111.72701,40.63427],[111.71147,40.66536],[111.72945,40.67903],[111.74164,40.74043],[111.68807,40.75285],[111.67758,40.77906],[111.6891,40.77913],[111.66589,40.81092],[111.79673,40.85543],[111.80344,40.8811],[111.84357,40.91057],[111.8663,40.88914],[111.98918,40.89429],[112.02735,40.92626],[112.01217,40.93282],[112.01966,40.95153],[112.03824,40.95002],[112.03535,40.96769],[112.08768,40.94649],[112.12618,40.95353],[112.14073,40.90025],[112.15758,40.90111],[112.14702,40.8799],[112.18077,40.84862],[112.17449,40.8092]]]}},{"type":"Feature","id":"CTAMAP-2023-COUNTY-1756","properties":{"map_level":"county","source_name":"商都县","source_code":"150923","county_type":"县","prefecture_name":"乌兰察布市","prefecture_code":"150900","prefecture_type":"地级市","parent_entity_id":"CNUR-000033","parent_year_end_name":"乌兰察布市","province_name":"内蒙古自治区","province_code":"150000","snapshot_year":2023,"panel_year":2022,"link_status":"parent_linked","former_name":"","note":""},"geometry":{"type":"Polygon","coordinates":[[[113.36977,42.14117],[113.53779,42.1311],[113.57608,42.07942],[113.63458,42.07934],[113.6847,42.05054],[113.71353,41.97629],[113.68636,41.93906],[113.74676,41.90229],[113.75475,41.87344],[113.80584,41.85208],[113.78173,41.84185],[113.8123,41.8401],[113.80191,41.81444],[113.83645,41.77756],[113.81746,41.75955],[113.84731,41.72179],[113.89825,41.69319],[113.92932,41.70486],[113.92323,41.62197],[113.98802,41.61369],[114.05663,41.64974],[114.05736,41.66961],[114.07553,41.66432],[114.09303,41.69921],[114.12973,41.70615],[114.13461,41.72845],[114.19999,41.73631],[114.22584,41.71563],[114.23088,41.69659],[114.2126,41.69816],[114.2085,41.68248],[114.24774,41.6283],[114.22021,41.6169],[114.22435,41.51162],[114.09512,41.53578],[114.03467,41.52981],[113.94712,41.48184],[113.92534,41.48477],[113.91303,41.45278],[113.87701,41.43553],[113.86448,41.41154],[113.93748,41.39261],[113.93124,41.35531],[113.92004,41.32452],[113.86529,41.29642],[113.83866,41.29941],[113.79952,41.33318],[113.69403,41.35182],[113.67059,41.34193],[113.66318,41.2988],[113.64627,41.29475],[113.64127,41.33433],[113.61881,41.33784],[113.61281,41.36508],[113.63274,41.38769],[113.66007,41.38015],[113.6551,41.39646],[113.68305,41.42488],[113.6564,41.43922],[113.63403,41.42893],[113.62034,41.44883],[113.55546,41.44844],[113.56609,41.38989],[113.49903,41.41801],[113.46899,41.39198],[113.46409,41.40869],[113.48254,41.4142],[113.4482,41.42726],[113.46196,41.44836],[113.39272,41.46055],[113.37413,41.45197],[113.42002,41.43964],[113.41303,41.41825],[113.29708,41.40777],[113.30699,41.4253],[113.34857,41.42734],[113.36772,41.44484],[113.34363,41.46427],[113.31609,41.45099],[113.29481,41.47574],[113.38533,41.48292],[113.45789,41.45967],[113.51143,41.49092],[113.50215,41.51084],[113.4793,41.51376],[113.4443,41.4859],[113.42922,41.51343],[113.44791,41.53486],[113.42481,41.54605],[113.42485,41.52664],[113.40779,41.52142],[113.40356,41.59133],[113.38969,41.6075],[113.36215,41.60525],[113.36797,41.59227],[113.35502,41.5866],[113.3946,41.54914],[113.3729,41.54343],[113.37625,41.53183],[113.30796,41.54607],[113.31152,41.57599],[113.27295,41.56207],[113.25139,41.58262],[113.24198,41.65296],[113.21714,41.65912],[113.22163,41.68084],[113.24828,41.67361],[113.22907,41.69921],[113.2563,41.70222],[113.25319,41.72874],[113.16491,41.75885],[113.15143,41.79238],[113.2009,41.82265],[113.19928,41.83572],[113.15876,41.84303],[113.12433,41.87243],[113.17161,41.89501],[113.20522,41.87749],[113.25741,41.8906],[113.20796,41.90979],[113.21919,41.94857],[113.15712,41.98806],[113.21034,42.01053],[113.32325,42.11638],[113.36977,42.14117]]]}},{"type":"Feature","id":"CTAMAP-2023-COUNTY-1804","properties":{"map_level":"county","source_name":"石拐区","source_code":"150205","county_type":"市辖区","prefecture_name":"包头市","prefecture_code":"150200","prefecture_type":"地级市","parent_entity_id":"CNUR-000026","parent_year_end_name":"包头市","province_name":"内蒙古自治区","province_code":"150000","snapshot_year":2023,"panel_year":2022,"link_status":"parent_linked","former_name":"","note":""},"geometry":{"type":"Polygon","coordinates":[[[110.53848,40.84997],[110.54489,40.82504],[110.50753,40.81219],[110.48896,40.82699],[110.43333,40.77394],[110.461,40.75392],[110.42646,40.74556],[110.41838,40.71607],[110.44952,40.68951],[110.41493,40.68039],[110.45343,40.66861],[110.44489,40.6435],[110.32369,40.63715],[110.28543,40.58704],[110.27649,40.61968],[110.22759,40.65051],[110.17878,40.64205],[110.16581,40.65719],[110.10896,40.65855],[110.09908,40.63218],[110.04553,40.62447],[110.05874,40.64087],[110.02775,40.63606],[110.08536,40.71184],[110.09201,40.74641],[110.07368,40.80038],[110.2061,40.82296],[110.23181,40.84219],[110.22014,40.85647],[110.23958,40.85996],[110.2505,40.8919],[110.33495,40.86112],[110.3865,40.87782],[110.4347,40.8595],[110.49761,40.86772],[110.53848,40.84997]]]}},{"type":"Feature","id":"CTAMAP-2023-COUNTY-1864","properties":{"map_level":"county","source_name":"四子王旗","source_code":"150929","county_type":"旗","prefecture_name":"乌兰察布市","prefecture_code":"150900","prefecture_type":"地级市","parent_entity_id":"CNUR-000033","parent_year_end_name":"乌兰察布市","province_name":"内蒙古自治区","province_code":"150000","snapshot_year":2023,"panel_year":2022,"link_status":"parent_linked","former_name":"","note":""},"geometry":{"type":"Polygon","coordinates":[[[112.99498,41.98658],[112.77378,41.89189],[112.77782,41.81823],[112.72123,41.83143],[112.68108,41.80598],[112.61375,41.80978],[112.58975,41.79278],[112.47036,41.80695],[112.42486,41.6395],[112.30828,41.68683],[112.24479,41.6674],[112.20918,41.68352],[112.15395,41.6581],[112.17063,41.61466],[112.13245,41.60768],[112.12252,41.55246],[112.09654,41.53874],[112.08724,41.50888],[112.11597,41.43609],[112.04732,41.42153],[112.03338,41.39713],[111.99614,41.40679],[111.97533,41.38506],[111.96593,41.35173],[111.93005,41.32779],[111.93122,41.29681],[111.9592,41.28193],[111.95874,41.26179],[111.92146,41.25008],[111.91514,41.19321],[111.87718,41.22461],[111.82232,41.21598],[111.8337,41.2515],[111.7851,41.26202],[111.75268,41.29155],[111.73208,41.286],[111.72392,41.30917],[111.69415,41.29223],[111.68208,41.30671],[111.57576,41.30514],[111.52433,41.32965],[111.41871,41.31678],[111.41762,41.34507],[111.38068,41.37912],[111.4275,41.42481],[111.44199,41.46317],[111.43438,41.51898],[111.36791,41.62937],[111.23691,41.66771],[111.11267,41.77029],[111.05284,41.79803],[110.9902,41.9188],[110.77819,42.1746],[110.78449,42.24044],[110.73654,42.29638],[110.71686,42.39236],[110.72385,42.44093],[110.69819,42.46922],[110.63266,42.49044],[110.57163,42.57151],[110.43177,42.68825],[110.33283,42.73484],[110.43333,42.77982],[110.46317,42.8367],[110.62367,42.93358],[110.68252,43.01744],[110.6813,43.03708],[111.01217,43.32886],[111.14055,43.37811],[111.20867,43.27463],[111.3724,43.18018],[111.49619,43.17656],[111.62132,43.04234],[111.74542,42.98557],[112.02184,42.5826],[112.17345,42.53275],[112.17131,42.50895],[112.24751,42.48088],[112.39033,42.3855],[112.61852,42.33301],[112.64785,42.31417],[112.6301,42.27864],[112.68303,42.25264],[112.73088,42.14262],[112.8492,42.11529],[112.94527,42.00488],[112.99498,41.98658]]]}},{"type":"Feature","id":"CTAMAP-2023-COUNTY-1879","properties":{"map_level":"county","source_name":"苏尼特右旗","source_code":"152524","county_type":"旗","prefecture_name":"锡林郭勒盟","prefecture_code":"152500","prefecture_type":"盟","parent_entity_id":"CNUR-000035","parent_year_end_name":"锡林郭勒盟","province_name":"内蒙古自治区","province_code":"150000","snapshot_year":2023,"panel_year":2022,"link_status":"parent_linked","former_name":"","note":""},"geometry":{"type":"Polygon","coordinates":[[[114.26479,42.75681],[114.19251,42.71386],[114.09039,42.70064],[114.05029,42.67128],[114.05811,42.663],[113.9364,42.61731],[113.77275,42.46758],[113.69564,42.46511],[113.63649,42.40257],[113.54591,42.35665],[113.55763,42.33816],[113.53413,42.31206],[113.55142,42.28266],[113.49336,42.25108],[113.42141,42.2443],[113.41533,42.19636],[113.3795,42.17628],[113.36977,42.14117],[113.32325,42.11638],[113.21034,42.01053],[113.14126,41.97636],[113.16469,41.94813],[113.1198,41.95186],[113.07899,41.93066],[113.0351,41.98383],[112.94527,42.00488],[112.8492,42.11529],[112.73088,42.14262],[112.68303,42.25264],[112.6301,42.27864],[112.64785,42.31417],[112.61852,42.33301],[112.39033,42.3855],[112.24751,42.48088],[112.17131,42.50895],[112.17345,42.53275],[112.02184,42.5826],[111.74542,42.98557],[111.62132,43.04234],[111.49619,43.17656],[111.3724,43.18018],[111.20867,43.27463],[111.14055,43.37811],[111.34697,43.43688],[111.39592,43.39913],[111.50151,43.36676],[111.52818,43.37902],[111.60245,43.336],[111.75381,43.30675],[111.83362,43.32963],[111.98096,43.22037],[111.96397,43.14542],[111.98568,42.96222],[112.15611,43.00295],[112.34946,43.09638],[112.40291,43.15935],[112.35338,43.22733],[112.385,43.23829],[112.37041,43.30933],[112.43646,43.51015],[112.41084,43.66452],[112.50662,43.63275],[112.54195,43.60523],[112.77781,43.59845],[112.84046,43.57577],[113.02653,43.56358],[113.07864,43.57872],[113.23959,43.56816],[113.22281,43.51134],[113.32867,43.48726],[113.49623,43.50548],[113.58087,43.45905],[113.63737,43.36884],[113.77737,43.27129],[113.76796,43.25438],[113.83005,43.19365],[113.84571,43.13546],[113.90207,43.12674],[113.99566,43.058],[114.00062,43.03441],[114.09113,43.01098],[114.06816,42.97768],[114.07745,42.95629],[114.06265,42.92992],[114.09252,42.91521],[114.06187,42.89219],[114.09833,42.88927],[114.12353,42.84449],[114.19248,42.81429],[114.21454,42.78896],[114.20306,42.74876],[114.26479,42.75681]]]}},{"type":"Feature","id":"CTAMAP-2023-COUNTY-1880","properties":{"map_level":"county","source_name":"苏尼特左旗","source_code":"152523","county_type":"旗","prefecture_name":"锡林郭勒盟","prefecture_code":"152500","prefecture_type":"盟","parent_entity_id":"CNUR-000035","parent_year_end_name":"锡林郭勒盟","province_name":"内蒙古自治区","province_code":"150000","snapshot_year":2023,"panel_year":2022,"link_status":"parent_linked","former_name":"","note":""},"geometry":{"type":"Polygon","coordinates":[[[113.49687,44.77559],[113.52185,44.64812],[113.55684,44.62366],[113.56223,44.59244],[113.62645,44.57997],[113.72649,44.51976],[113.79535,44.44346],[113.81206,44.37752],[113.94156,44.29724],[114.06368,44.12603],[114.14864,44.08417],[114.17199,44.05922],[114.16275,44.04171],[114.21474,43.99192],[114.2141,43.96981],[114.32218,43.88069],[114.35355,43.83684],[114.38908,43.81641],[114.44777,43.82812],[114.43651,43.77361],[114.50379,43.6863],[114.52314,43.63338],[114.61975,43.54057],[114.6728,43.44809],[114.75971,43.40112],[114.77395,43.3645],[114.77805,43.38038],[114.82961,43.37294],[114.87784,43.30914],[114.9142,43.30989],[115.05461,43.17203],[115.09636,43.13858],[115.15555,43.11985],[115.19099,43.09464],[115.18474,43.08615],[114.91965,42.9935],[114.83959,42.95324],[114.76854,42.88837],[114.54242,42.84677],[114.37602,42.76775],[114.20306,42.74876],[114.21454,42.78896],[114.19248,42.81429],[114.12353,42.84449],[114.09833,42.88927],[114.06187,42.89219],[114.09252,42.91521],[114.06265,42.92992],[114.07745,42.95629],[114.06816,42.97768],[114.09113,43.01098],[114.00062,43.03441],[113.99566,43.058],[113.90207,43.12674],[113.84571,43.13546],[113.83005,43.19365],[113.76796,43.25438],[113.77737,43.27129],[113.63737,43.36884],[113.59554,43.4447],[113.52533,43.49472],[113.49623,43.50548],[113.32867,43.48726],[113.22281,43.51134],[113.23959,43.56816],[113.07864,43.57872],[113.02653,43.56358],[112.84046,43.57577],[112.77781,43.59845],[112.54023,43.60545],[112.50662,43.63275],[112.36993,43.67895],[112.09848,43.73236],[112.0904,43.75624],[112.03925,43.78701],[111.95825,43.79826],[111.86383,43.93725],[111.7752,44.00405],[111.65633,44.05861],[111.55639,44.16402],[111.51321,44.28216],[111.42406,44.31951],[111.40827,44.35605],[111.46919,44.48418],[111.50797,44.50708],[111.52546,44.55003],[111.56283,44.57508],[111.55342,44.64462],[111.57777,44.70418],[111.73837,44.94261],[111.76502,44.97455],[111.88364,45.04611],[111.99625,45.09001],[112.06376,45.09374],[112.10614,45.07171],[112.42485,45.0725],[112.53502,45.00043],[112.59534,44.93047],[112.70401,44.8793],[112.84774,44.8405],[113.0002,44.82826],[113.1184,44.79698],[113.49687,44.77559]]]}},{"type":"Feature","id":"CTAMAP-2023-COUNTY-1925","properties":{"map_level":"county","source_name":"太仆寺旗","source_code":"152527","county_type":"旗","prefecture_name":"锡林郭勒盟","prefecture_code":"152500","prefecture_type":"盟","parent_entity_id":"CNUR-000035","parent_year_end_name":"锡林郭勒盟","province_name":"内蒙古自治区","province_code":"150000","snapshot_year":2023,"panel_year":2022,"link_status":"parent_linked","former_name":"","note":""},"geometry":{"type":"Polygon","coordinates":[[[115.7963,41.91291],[115.76265,41.88519],[115.72603,41.89264],[115.72188,41.87267],[115.52794,41.77031],[115.3084,41.70098],[115.35571,41.66592],[115.3388,41.63348],[115.37078,41.60075],[115.35879,41.5937],[115.30429,41.59061],[115.27536,41.61948],[115.25675,41.61353],[115.25109,41.57907],[115.19757,41.56931],[115.19178,41.60224],[115.14496,41.60082],[115.1415,41.61439],[115.09222,41.62169],[115.04778,41.59575],[115.01587,41.6116],[114.85854,41.60084],[114.89784,41.63571],[114.8992,41.66998],[114.88803,41.78379],[114.86256,41.81156],[114.90445,41.81748],[114.93321,41.84483],[114.91376,41.85396],[114.90533,41.88333],[114.91948,41.8991],[114.90982,41.93491],[114.92696,41.94163],[114.90925,41.95707],[114.90164,42.00463],[114.86891,42.01939],[114.8827,42.02783],[114.85453,42.05291],[114.85464,42.10085],[114.87089,42.10675],[114.94452,42.09057],[115.01126,42.10129],[115.01963,42.11661],[115.0295,42.10354],[115.11056,42.10961],[115.1362,42.09038],[115.16002,42.10932],[115.21824,42.09034],[115.32547,42.09609],[115.45277,42.17677],[115.49803,42.15585],[115.4947,42.1112],[115.52259,42.09216],[115.53506,42.1305],[115.58145,42.13421],[115.60829,42.0912],[115.64886,42.08772],[115.68237,42.11173],[115.73405,42.10408],[115.80054,42.12637],[115.81762,42.10283],[115.81411,42.07026],[115.80018,42.02824],[115.77478,42.01351],[115.8093,41.96862],[115.7963,41.91291]]]}},{"type":"Feature","id":"CTAMAP-2023-COUNTY-2004","properties":{"map_level":"county","source_name":"突泉县","source_code":"152224","county_type":"县","prefecture_name":"兴安盟","prefecture_code":"152200","prefecture_type":"盟","parent_entity_id":"CNUR-000034","parent_year_end_name":"兴安盟","province_name":"内蒙古自治区","province_code":"150000","snapshot_year":2023,"panel_year":2022,"link_status":"parent_linked","former_name":"","note":""},"geometry":{"type":"Polygon","coordinates":[[[121.75157,45.817],[121.73438,45.78478],[121.71701,45.79223],[121.69134,45.76119],[121.65367,45.7693],[121.63896,45.75069],[121.68003,45.71036],[121.75084,45.68876],[121.80541,45.68503],[121.80953,45.70143],[121.86273,45.71746],[121.93934,45.71165],[121.96439,45.69086],[121.99745,45.6213],[121.99025,45.59699],[121.96073,45.59424],[121.99661,45.50587],[122.16409,45.43518],[122.17406,45.40733],[122.14004,45.36771],[122.14138,45.28987],[122.04775,45.2696],[122.00475,45.22986],[121.80407,45.19602],[121.54287,45.2709],[121.50934,45.28933],[121.47039,45.36647],[121.42186,45.37841],[121.4084,45.43218],[121.35909,45.44682],[121.38421,45.4823],[121.34685,45.48026],[121.32571,45.49746],[121.35404,45.52487],[121.31687,45.53088],[121.24371,45.51237],[121.21315,45.52592],[121.18616,45.55394],[121.1778,45.59709],[121.1124,45.60293],[121.10036,45.66055],[121.04912,45.67308],[121.01067,45.71755],[120.9476,45.74668],[120.9185,45.74008],[120.80735,45.81718],[120.73197,45.84256],[120.78844,45.88858],[120.88122,45.90027],[121.0549,45.98461],[121.06712,45.99544],[121.04632,46.02836],[121.06996,46.05023],[121.05679,46.07505],[121.12794,46.08908],[121.12986,46.05907],[121.17111,46.04588],[121.17696,46.02947],[121.2536,46.02216],[121.29764,45.94585],[121.3662,45.94617],[121.3615,45.92967],[121.39717,45.88633],[121.53703,45.85962],[121.58137,45.8731],[121.59711,45.8986],[121.65639,45.89585],[121.75157,45.817]]]}},{"type":"Feature","id":"CTAMAP-2023-COUNTY-2007","properties":{"map_level":"county","source_name":"土默特右旗","source_code":"150221","county_type":"旗","prefecture_name":"包头市","prefecture_code":"150200","prefecture_type":"地级市","parent_entity_id":"CNUR-000026","parent_year_end_name":"包头市","province_name":"内蒙古自治区","province_code":"150000","snapshot_year":2023,"panel_year":2022,"link_status":"parent_linked","former_name":"","note":""},"geometry":{"type":"Polygon","coordinates":[[[110.70109,40.81483],[110.72798,40.78457],[110.7458,40.79729],[110.77948,40.78992],[110.78623,40.72266],[110.80191,40.70464],[110.78199,40.6875],[110.79617,40.61129],[110.82481,40.58576],[110.8516,40.59896],[110.87263,40.58541],[110.87079,40.56275],[110.84621,40.5587],[110.83741,40.53401],[110.8833,40.51082],[110.89418,40.4829],[110.93895,40.49797],[110.98886,40.4523],[111.01395,40.45797],[111.02739,40.42253],[111.0766,40.42333],[111.09986,40.3797],[111.12076,40.38159],[111.11828,40.36262],[111.10297,40.36204],[111.10934,40.33051],[111.02573,40.31551],[111.02712,40.28637],[110.97067,40.25252],[110.96087,40.27513],[110.91595,40.24425],[110.85299,40.2606],[110.8621,40.28798],[110.83567,40.29696],[110.84077,40.26763],[110.80224,40.25873],[110.76265,40.27231],[110.76395,40.30539],[110.71974,40.29609],[110.71764,40.31343],[110.69062,40.30803],[110.68527,40.32316],[110.63974,40.30006],[110.61715,40.32653],[110.60555,40.31064],[110.58548,40.3175],[110.51028,40.38959],[110.48765,40.36622],[110.46965,40.38263],[110.47895,40.40064],[110.43142,40.39371],[110.38988,40.43256],[110.36497,40.43628],[110.36042,40.45905],[110.29891,40.44779],[110.30733,40.48911],[110.23583,40.47422],[110.24753,40.51075],[110.27576,40.50525],[110.28747,40.5191],[110.31585,40.50727],[110.31126,40.46068],[110.32802,40.49626],[110.36103,40.50365],[110.41575,40.54924],[110.40726,40.625],[110.45714,40.66156],[110.41583,40.67774],[110.44952,40.68951],[110.41821,40.72661],[110.42646,40.74556],[110.461,40.75392],[110.43333,40.77394],[110.48814,40.82649],[110.50753,40.81219],[110.54489,40.82504],[110.53848,40.84997],[110.57891,40.81448],[110.70109,40.81483]]]}},{"type":"Feature","id":"CTAMAP-2023-COUNTY-2008","properties":{"map_level":"county","source_name":"土默特左旗","source_code":"150121","county_type":"旗","prefecture_name":"呼和浩特市","prefecture_code":"150100","prefecture_type":"地级市","parent_entity_id":"CNUR-000025","parent_year_end_name":"呼和浩特市","province_name":"内蒙古自治区","province_code":"150000","snapshot_year":2023,"panel_year":2022,"link_status":"parent_linked","former_name":"","note":""},"geometry":{"type":"Polygon","coordinates":[[[111.43952,40.91255],[111.45385,40.85663],[111.49837,40.85233],[111.54326,40.80038],[111.57853,40.79933],[111.57698,40.75749],[111.50974,40.71246],[111.52233,40.68919],[111.57255,40.68678],[111.57028,40.69927],[111.61263,40.72425],[111.62506,40.71024],[111.60666,40.691],[111.61201,40.66326],[111.58513,40.65253],[111.61227,40.632],[111.69285,40.64682],[111.78318,40.63028],[111.80213,40.61227],[111.77811,40.56884],[111.79813,40.51183],[111.72289,40.49755],[111.59559,40.53065],[111.5836,40.54777],[111.52198,40.54642],[111.52605,40.56009],[111.49952,40.52973],[111.48013,40.5298],[111.45443,40.54367],[111.47603,40.57682],[111.45786,40.59426],[111.3846,40.56104],[111.33471,40.57178],[111.26952,40.56175],[111.27127,40.53606],[111.23034,40.53],[111.22221,40.51001],[111.16232,40.53117],[111.14926,40.49973],[111.11551,40.49946],[111.10905,40.44111],[111.02926,40.42189],[111.01395,40.45797],[110.98886,40.4523],[110.93895,40.49797],[110.89418,40.4829],[110.8833,40.51082],[110.83741,40.53401],[110.84621,40.5587],[110.87079,40.56275],[110.87263,40.58541],[110.8516,40.59896],[110.82481,40.58576],[110.79617,40.61129],[110.78199,40.6875],[110.80191,40.70464],[110.77509,40.78459],[110.8238,40.80906],[110.82263,40.82101],[111.01286,40.83225],[111.02354,40.86207],[111.07176,40.87303],[111.08428,40.91146],[111.15528,40.90294],[111.17568,40.92826],[111.22311,40.90041],[111.28182,40.91014],[111.34142,40.88806],[111.43952,40.91255]]]}},{"type":"Feature","id":"CTAMAP-2023-COUNTY-2013","properties":{"map_level":"county","source_name":"托克托县","source_code":"150122","county_type":"县","prefecture_name":"呼和浩特市","prefecture_code":"150100","prefecture_type":"地级市","parent_entity_id":"CNUR-000025","parent_year_end_name":"呼和浩特市","province_name":"内蒙古自治区","province_code":"150000","snapshot_year":2023,"panel_year":2022,"link_status":"parent_linked","former_name":"","note":""},"geometry":{"type":"Polygon","coordinates":[[[111.45443,40.54367],[111.50948,40.51532],[111.49329,40.43191],[111.46408,40.41441],[111.45708,40.3772],[111.42711,40.36744],[111.4269,40.346],[111.4999,40.33832],[111.4781,40.32624],[111.48634,40.29822],[111.46903,40.27712],[111.52584,40.24926],[111.51778,40.19834],[111.53583,40.18939],[111.52042,40.17496],[111.42008,40.17825],[111.39588,40.113],[111.35988,40.09661],[111.30959,40.15057],[111.22657,40.17041],[111.13626,40.24224],[111.04538,40.26375],[111.04288,40.29612],[111.02712,40.28637],[111.02573,40.31551],[111.10934,40.33051],[111.10297,40.36204],[111.11828,40.36262],[111.12076,40.38159],[111.09986,40.3797],[111.07446,40.42452],[111.10905,40.44111],[111.11551,40.49946],[111.14926,40.49973],[111.15441,40.52792],[111.1962,40.52724],[111.22221,40.51001],[111.23034,40.53],[111.27127,40.53606],[111.26952,40.56175],[111.33471,40.57178],[111.3846,40.56104],[111.46232,40.59475],[111.47603,40.57682],[111.45443,40.54367]]]}},{"type":"Feature","id":"CTAMAP-2023-COUNTY-2076","properties":{"map_level":"county","source_name":"翁牛特旗","source_code":"150426","county_type":"旗","prefecture_name":"赤峰市","prefecture_code":"150400","prefecture_type":"地级市","parent_entity_id":"CNUR-000028","parent_year_end_name":"赤峰市","province_name":"内蒙古自治区","province_code":"150000","snapshot_year":2023,"panel_year":2022,"link_status":"parent_linked","former_name":"","note":""},"geometry":{"type":"Polygon","coordinates":[[[120.76917,43.42605],[120.66222,43.32533],[120.62308,43.31694],[120.62624,43.2951],[120.58193,43.2738],[120.5496,43.2259],[120.47385,43.1882],[120.45525,43.13359],[120.40655,43.11243],[120.40793,43.09294],[120.36698,43.09014],[120.34204,43.05727],[120.35723,43.03707],[120.34243,43.00585],[120.31695,43.0074],[120.25822,42.95545],[120.15415,42.95449],[120.15047,42.94346],[120.11886,42.96046],[120.08861,42.94838],[119.99761,42.98134],[119.99075,42.99838],[119.86765,42.97479],[119.84646,42.92574],[119.8547,42.91085],[119.83183,42.8999],[119.83251,42.86216],[119.79621,42.86089],[119.81796,42.82866],[119.76813,42.82578],[119.76413,42.7805],[119.69193,42.75694],[119.68142,42.73467],[119.68454,42.71371],[119.71875,42.67626],[119.74878,42.66705],[119.75076,42.6491],[119.65134,42.58221],[119.59742,42.62374],[119.61602,42.66201],[119.59241,42.67755],[119.56168,42.64647],[119.48276,42.64121],[119.43931,42.66212],[119.43473,42.71006],[119.4026,42.70522],[119.38281,42.72643],[119.38325,42.70535],[119.3132,42.69905],[119.32292,42.68955],[119.30215,42.65691],[119.35825,42.6123],[119.30714,42.58901],[119.30143,42.54431],[119.27963,42.53053],[119.24733,42.53224],[119.2428,42.56073],[119.18751,42.55374],[119.16588,42.51959],[119.0953,42.48343],[118.94413,42.46212],[118.94459,42.50181],[118.97696,42.50551],[118.97238,42.51623],[118.8951,42.52375],[118.87779,42.53957],[118.83862,42.52422],[118.77011,42.52745],[118.73903,42.57414],[118.60724,42.57445],[118.58449,42.61299],[118.55238,42.59489],[118.47438,42.60834],[118.46881,42.62289],[118.43442,42.62196],[118.42479,42.60726],[118.34041,42.63463],[118.21493,42.64968],[118.17795,42.67247],[118.10901,42.66824],[118.01558,42.62651],[117.89169,42.62394],[117.8305,42.64193],[117.84316,42.65804],[117.87413,42.65833],[117.99253,42.76396],[118.08248,42.7885],[118.11096,42.81252],[118.19776,42.82877],[118.30235,42.90497],[118.33895,42.87991],[118.36396,42.89311],[118.3532,42.97276],[118.31679,42.99933],[118.36075,43.09427],[118.36155,43.13974],[118.33451,43.16305],[118.32298,43.20538],[118.35071,43.24509],[118.41768,43.24207],[118.4365,43.26076],[118.52892,43.27444],[118.64585,43.24112],[118.73164,43.24896],[118.91247,43.22518],[119.03631,43.23291],[119.13616,43.20692],[119.31102,43.27019],[119.46606,43.25726],[119.52207,43.26885],[119.59289,43.25172],[119.67262,43.27922],[119.72509,43.27993],[119.80352,43.31458],[119.86186,43.31475],[119.97855,43.35767],[120.28237,43.3887],[120.33291,43.37017],[120.5001,43.37816],[120.76917,43.42605]]]}},{"type":"Feature","id":"CTAMAP-2023-COUNTY-2081","properties":{"map_level":"county","source_name":"乌达区","source_code":"150304","county_type":"市辖区","prefecture_name":"乌海市","prefecture_code":"150300","prefecture_type":"地级市","parent_entity_id":"CNUR-000027","parent_year_end_name":"乌海市","province_name":"内蒙古自治区","province_code":"150000","snapshot_year":2023,"panel_year":2022,"link_status":"parent_linked","former_name":"","note":""},"geometry":{"type":"Polygon","coordinates":[[[106.74651,39.49985],[106.74653,39.43638],[106.71787,39.44006],[106.63092,39.47518],[106.60129,39.53645],[106.63273,39.57308],[106.77035,39.63528],[106.78737,39.6077],[106.74651,39.49985]]]}},{"type":"Feature","id":"CTAMAP-2023-COUNTY-2084","properties":{"map_level":"county","source_name":"乌拉特后旗","source_code":"150825","county_type":"旗","prefecture_name":"巴彦淖尔市","prefecture_code":"150800","prefecture_type":"地级市","parent_entity_id":"CNUR-000032","parent_year_end_name":"巴彦淖尔市","province_name":"内蒙古自治区","province_code":"150000","snapshot_year":2023,"panel_year":2022,"link_status":"parent_linked","former_name":"","note":""},"geometry":{"type":"Polygon","coordinates":[[[107.36252,41.21298],[107.30693,41.25057],[107.29106,41.2448],[107.30003,41.21759],[107.27218,41.21953],[107.27989,41.20653],[107.21859,41.18103],[107.21242,41.15137],[107.13008,41.13224],[107.15861,41.088],[107.12464,41.05056],[107.03488,41.02054],[106.92587,41.01005],[106.91423,40.9737],[106.87259,40.97327],[106.87379,40.92307],[106.79674,40.90353],[106.69273,40.84943],[106.60814,40.83854],[106.58547,40.75471],[106.50407,40.77684],[106.48883,40.86418],[106.42949,40.88457],[106.43063,40.90428],[106.45623,40.90901],[106.43754,40.95287],[106.41834,40.95338],[106.34655,40.9463],[106.35379,40.93827],[106.3292,40.93508],[106.31563,40.90486],[106.29031,40.905],[106.26188,40.87833],[106.28429,40.84593],[106.27153,40.83407],[106.26129,40.84785],[106.23101,40.84257],[106.25552,40.82498],[106.23354,40.77576],[106.20327,40.77656],[106.19339,40.75581],[106.20796,40.747],[106.18153,40.738],[106.188,40.72273],[106.1509,40.69131],[106.11051,40.71655],[105.94007,40.73847],[105.83123,40.78079],[105.69265,40.8103],[105.39091,40.98323],[105.39863,41.01433],[105.3747,41.0579],[105.31364,41.11173],[105.32986,41.12997],[105.31297,41.19964],[105.21314,41.38854],[105.19508,41.58389],[105.22437,41.7494],[105.28451,41.74691],[105.71613,41.93819],[106.60582,42.24171],[106.78147,42.29344],[107.04656,42.32002],[107.26717,42.3667],[107.26677,42.32242],[107.30735,42.25517],[107.31608,42.19644],[107.46656,42.00007],[107.55421,41.93406],[107.60234,41.87541],[107.62514,41.79718],[107.5909,41.76805],[107.4851,41.74183],[107.4816,41.71184],[107.42509,41.65578],[107.41931,41.61179],[107.46853,41.59557],[107.48242,41.56527],[107.47087,41.51157],[107.49976,41.50092],[107.51588,41.46409],[107.53946,41.45486],[107.49589,41.34245],[107.44314,41.30307],[107.46898,41.28429],[107.40562,41.26962],[107.36252,41.21298]]]}},{"type":"Feature","id":"CTAMAP-2023-COUNTY-2085","properties":{"map_level":"county","source_name":"乌拉特前旗","source_code":"150823","county_type":"旗","prefecture_name":"巴彦淖尔市","prefecture_code":"150800","prefecture_type":"地级市","parent_entity_id":"CNUR-000032","parent_year_end_name":"巴彦淖尔市","province_name":"内蒙古自治区","province_code":"150000","snapshot_year":2023,"panel_year":2022,"link_status":"parent_linked","former_name":"","note":""},"geometry":{"type":"Polygon","coordinates":[[[109.64855,41.23267],[109.71188,41.13644],[109.71074,41.11204],[109.67039,41.11033],[109.67367,41.06031],[109.69137,41.03641],[109.73103,41.03473],[109.75495,40.99713],[109.78568,40.99445],[109.80636,41.00995],[109.83139,40.94279],[109.88153,40.92322],[109.86156,40.87704],[109.86924,40.85446],[109.79515,40.80257],[109.78438,40.75792],[109.52292,40.73123],[109.47345,40.74865],[109.40447,40.7012],[109.40938,40.65998],[109.3946,40.64021],[109.42778,40.62124],[109.42539,40.59446],[109.41224,40.59194],[109.42692,40.55454],[109.41734,40.5486],[109.44044,40.53719],[109.4192,40.51538],[109.4269,40.50135],[109.40337,40.45626],[109.38704,40.47822],[109.33927,40.47381],[109.30793,40.50188],[109.24486,40.50136],[109.22318,40.48452],[109.21616,40.51918],[109.16909,40.51336],[109.15746,40.52911],[109.07774,40.53252],[109.04646,40.5496],[108.99264,40.55602],[108.9972,40.5302],[108.92799,40.52728],[108.91898,40.55642],[108.87134,40.57076],[108.82101,40.54129],[108.76404,40.57411],[108.75746,40.62575],[108.71506,40.61801],[108.65112,40.66628],[108.5912,40.65145],[108.57547,40.70981],[108.48516,40.74592],[108.44975,40.79288],[108.20622,40.81973],[108.20387,40.85405],[108.16889,40.87977],[108.19227,40.91148],[108.33746,40.93227],[108.35431,40.95345],[108.43365,40.96686],[108.45398,40.98575],[108.46873,40.97787],[108.46382,40.99555],[108.52649,41.01296],[108.50613,41.07038],[108.60575,41.0812],[108.6286,41.10597],[108.58514,41.11904],[108.60884,41.13986],[108.56674,41.12463],[108.55799,41.13906],[108.58048,41.13644],[108.57608,41.16137],[108.65136,41.16272],[108.69675,41.14154],[108.80412,41.21519],[108.88903,41.23215],[108.9549,41.26515],[109.07181,41.23911],[109.15517,41.2418],[109.2481,41.20193],[109.40322,41.23116],[109.54059,41.19336],[109.56913,41.20857],[109.58528,41.25884],[109.60136,41.25501],[109.60598,41.23298],[109.64855,41.23267]]]}},{"type":"Feature","id":"CTAMAP-2023-COUNTY-2086","properties":{"map_level":"county","source_name":"乌拉特中旗","source_code":"150824","county_type":"旗","prefecture_name":"巴彦淖尔市","prefecture_code":"150800","prefecture_type":"地级市","parent_entity_id":"CNUR-000032","parent_year_end_name":"巴彦淖尔市","province_name":"内蒙古自治区","province_code":"150000","snapshot_year":2023,"panel_year":2022,"link_status":"parent_linked","former_name":"","note":""},"geometry":{"type":"Polygon","coordinates":[[[109.3801,42.44697],[109.37795,42.42917],[109.41811,42.42479],[109.46998,42.37554],[109.45703,42.34908],[109.48157,42.31458],[109.47378,42.29359],[109.50407,42.15919],[109.46194,42.0775],[109.4153,42.06437],[109.38074,42.03469],[109.33853,41.91258],[109.24834,41.87777],[109.27882,41.84837],[109.27349,41.8189],[109.3028,41.81208],[109.2991,41.79237],[109.32366,41.78963],[109.33912,41.73555],[109.37028,41.73729],[109.35606,41.72722],[109.36641,41.70266],[109.3932,41.69213],[109.39768,41.65978],[109.42401,41.64723],[109.42683,41.55484],[109.45482,41.52547],[109.54394,41.49529],[109.67614,41.50246],[109.62101,41.43104],[109.68714,41.37468],[109.68941,41.33348],[109.62914,41.31871],[109.61595,41.28077],[109.62634,41.24526],[109.64855,41.23267],[109.60598,41.23298],[109.60136,41.25501],[109.58528,41.25884],[109.56913,41.20857],[109.54059,41.19336],[109.40322,41.23116],[109.2481,41.20193],[109.15517,41.2418],[109.07181,41.23911],[108.96953,41.26824],[108.88903,41.23215],[108.81568,41.22062],[108.69675,41.14154],[108.65136,41.16272],[108.57608,41.16137],[108.5807,41.13682],[108.56759,41.12944],[108.54463,41.1682],[108.45623,41.18609],[108.35304,41.17297],[108.26399,41.18213],[108.12927,41.22318],[108.09926,41.24732],[108.07878,41.23917],[108.10603,41.21612],[108.08155,41.21362],[108.0683,41.23793],[108.04922,41.20984],[108.01771,41.21127],[108.01731,41.18953],[107.99149,41.19488],[107.94782,41.16582],[107.93927,41.19807],[107.89372,41.17657],[107.81277,41.17561],[107.81368,41.19126],[107.78742,41.19462],[107.66773,41.27661],[107.65934,41.25292],[107.63144,41.27706],[107.52568,41.23761],[107.44245,41.23922],[107.36252,41.21298],[107.40562,41.26962],[107.46898,41.28429],[107.44314,41.30307],[107.49589,41.34245],[107.53946,41.45486],[107.51588,41.46409],[107.49976,41.50092],[107.47087,41.51157],[107.48242,41.56527],[107.46853,41.59557],[107.41931,41.61179],[107.42509,41.65578],[107.4816,41.71184],[107.4851,41.74183],[107.5909,41.76805],[107.62514,41.79718],[107.60234,41.87541],[107.55421,41.93406],[107.46656,42.00007],[107.31608,42.19644],[107.30735,42.25517],[107.2615,42.34646],[107.28629,42.41382],[107.46121,42.46209],[107.49529,42.45976],[107.56799,42.41466],[107.93163,42.40571],[108.01932,42.43418],[108.24151,42.45906],[108.29207,42.43711],[108.52448,42.4431],[108.69757,42.41129],[108.79012,42.41366],[108.83833,42.3937],[109.01803,42.45744],[109.28492,42.43341],[109.3801,42.44697]]]}},{"type":"Feature","id":"CTAMAP-2023-COUNTY-2087","properties":{"map_level":"county","source_name":"乌兰浩特市","source_code":"152201","county_type":"县级市","prefecture_name":"兴安盟","prefecture_code":"152200","prefecture_type":"盟","parent_entity_id":"CNUR-000034","parent_year_end_name":"兴安盟","province_name":"内蒙古自治区","province_code":"150000","snapshot_year":2023,"panel_year":2022,"link_status":"parent_linked","former_name":"","note":""},"geometry":{"type":"Polygon","coordinates":[[[122.77427,46.17161],[122.82239,45.91141],[122.79237,45.8471],[122.80316,45.78118],[122.74518,45.73411],[122.75507,45.72025],[122.73609,45.70312],[122.66569,45.69875],[122.65547,45.73132],[122.53616,45.77208],[122.49739,45.80857],[122.48994,45.85625],[122.4399,45.91483],[122.356,45.91535],[122.36704,45.854],[122.33169,45.85799],[122.2957,45.811],[122.25685,45.79299],[122.19499,45.85488],[122.08539,45.87986],[122.06506,45.9285],[122.09768,45.93515],[122.13478,45.98842],[122.16489,46.00049],[122.03054,46.05288],[121.99845,46.08077],[121.96382,46.14744],[121.90138,46.19297],[121.92453,46.21446],[121.87259,46.23266],[121.89027,46.25577],[121.88925,46.2881],[121.92652,46.29626],[122.00422,46.26473],[122.0402,46.28601],[122.12017,46.27669],[122.12859,46.25027],[122.10854,46.24269],[122.12158,46.2081],[122.20995,46.17367],[122.20673,46.14582],[122.28953,46.10112],[122.30955,46.04692],[122.33292,46.06914],[122.32036,46.13921],[122.48882,46.1408],[122.5,46.08497],[122.47794,46.06795],[122.49647,46.0589],[122.62341,46.13907],[122.77427,46.17161]]]}},{"type":"Feature","id":"CTAMAP-2023-COUNTY-2092","properties":{"map_level":"county","source_name":"乌审旗","source_code":"150626","county_type":"旗","prefecture_name":"鄂尔多斯市","prefecture_code":"150600","prefecture_type":"地级市","parent_entity_id":"CNUR-000030","parent_year_end_name":"鄂尔多斯市","province_name":"内蒙古自治区","province_code":"150000","snapshot_year":2023,"panel_year":2022,"link_status":"parent_linked","former_name":"","note":""},"geometry":{"type":"Polygon","coordinates":[[[109.68083,38.94217],[109.6217,38.85711],[109.55167,38.80536],[109.50373,38.82996],[109.39985,38.73],[109.33415,38.69381],[109.32074,38.66733],[109.35216,38.61906],[109.31897,38.59493],[109.26441,38.61659],[109.11849,38.47027],[109.04643,38.432],[109.05849,38.39833],[109.00863,38.36069],[108.97111,38.29351],[108.93868,38.17903],[109.06207,38.09377],[109.04196,38.05491],[109.06291,38.02182],[108.97786,37.96153],[108.96731,37.92946],[108.93228,37.92041],[108.87077,38.02888],[108.83041,38.05103],[108.7922,38.05148],[108.82165,38.01348],[108.82411,37.9827],[108.79472,37.94447],[108.7971,37.78342],[108.7773,37.75466],[108.77977,37.68753],[108.60133,37.65689],[108.53569,37.68892],[108.51886,37.71838],[108.44933,37.7454],[108.37966,37.82239],[108.3455,37.83992],[108.29643,37.92584],[108.28844,37.97623],[108.34312,38.00917],[108.43168,38.2067],[108.41643,38.27726],[108.42788,38.40821],[108.45042,38.44882],[108.48216,38.6144],[108.4723,38.68462],[108.50462,38.74702],[108.48092,38.80246],[108.47983,38.91384],[108.51439,38.9807],[108.50701,39.0204],[108.54319,39.08339],[108.5573,39.17401],[108.66004,39.2408],[108.71177,39.24721],[108.76312,39.2228],[108.78243,39.24939],[108.81307,39.24774],[108.81122,39.29123],[108.82739,39.31783],[108.90586,39.38369],[108.94327,39.37525],[109.00422,39.39508],[109.05736,39.37279],[109.13679,39.38508],[109.1352,39.33374],[109.16542,39.3079],[109.18596,39.32256],[109.18701,39.35731],[109.23194,39.38834],[109.32683,39.34917],[109.32365,39.32002],[109.29154,39.27754],[109.34812,39.22496],[109.38446,39.23171],[109.36818,39.27732],[109.41414,39.28443],[109.53415,39.1998],[109.52728,39.16336],[109.5049,39.15938],[109.50767,39.13041],[109.54894,39.105],[109.55468,39.08415],[109.50666,39.05627],[109.47644,38.991],[109.48927,38.95737],[109.55327,38.93442],[109.58662,38.93829],[109.63037,38.96908],[109.68083,38.94217]]]}},{"type":"Feature","id":"CTAMAP-2023-COUNTY-2117","properties":{"map_level":"county","source_name":"五原县","source_code":"150821","county_type":"县","prefecture_name":"巴彦淖尔市","prefecture_code":"150800","prefecture_type":"地级市","parent_entity_id":"CNUR-000032","parent_year_end_name":"巴彦淖尔市","province_name":"内蒙古自治区","province_code":"150000","snapshot_year":2023,"panel_year":2022,"link_status":"parent_linked","former_name":"","note":""},"geometry":{"type":"Polygon","coordinates":[[[108.54504,41.16805],[108.57009,41.12285],[108.61029,41.13934],[108.58514,41.11904],[108.6286,41.10597],[108.60575,41.0812],[108.50613,41.07038],[108.52649,41.01296],[108.46382,40.99555],[108.46873,40.97787],[108.45398,40.98575],[108.43365,40.96686],[108.35431,40.95345],[108.33746,40.93227],[108.19227,40.91148],[108.19023,40.89249],[108.15061,40.87756],[108.11228,40.83755],[108.04136,40.83425],[107.95435,40.86179],[107.89465,40.84806],[107.85126,40.87304],[107.81672,40.83508],[107.73274,40.85582],[107.73035,40.81053],[107.69415,40.81325],[107.69539,40.77714],[107.67669,40.75727],[107.59305,40.79297],[107.67759,40.85147],[107.6817,40.88265],[107.62122,40.90371],[107.69475,40.95106],[107.72326,41.03314],[107.72357,41.07457],[107.6742,41.12877],[107.6994,41.19106],[107.66856,41.22821],[107.6664,41.27664],[107.78742,41.19462],[107.81368,41.19126],[107.81277,41.17561],[107.89372,41.17657],[107.93927,41.19807],[107.94782,41.16582],[107.99149,41.19488],[108.01731,41.18953],[108.01771,41.21127],[108.04922,41.20984],[108.0683,41.23793],[108.08155,41.21362],[108.10603,41.21612],[108.07878,41.23917],[108.09926,41.24732],[108.12927,41.22318],[108.26268,41.18242],[108.35304,41.17297],[108.45676,41.18602],[108.54504,41.16805]]]}},{"type":"Feature","id":"CTAMAP-2023-COUNTY-2124","properties":{"map_level":"county","source_name":"武川县","source_code":"150125","county_type":"县","prefecture_name":"呼和浩特市","prefecture_code":"150100","prefecture_type":"地级市","parent_entity_id":"CNUR-000025","parent_year_end_name":"呼和浩特市","province_name":"内蒙古自治区","province_code":"150000","snapshot_year":2023,"panel_year":2022,"link_status":"parent_linked","former_name":"","note":""},"geometry":{"type":"Polygon","coordinates":[[[111.34848,41.31121],[111.52433,41.32965],[111.57576,41.30514],[111.68208,41.30671],[111.69415,41.29223],[111.72392,41.30917],[111.73208,41.286],[111.75268,41.29155],[111.7851,41.26202],[111.8337,41.2515],[111.82164,41.21773],[111.84738,41.22277],[111.86208,41.20416],[111.8708,41.12654],[111.84489,41.12617],[111.81253,41.08801],[111.79208,41.08656],[111.80167,41.07874],[111.78255,41.03662],[111.69837,40.98459],[111.71133,40.95584],[111.68375,40.95574],[111.70444,40.93867],[111.599,40.92741],[111.5702,40.94832],[111.50815,40.91412],[111.44607,40.93486],[111.43952,40.91255],[111.34142,40.88806],[111.28182,40.91014],[111.22311,40.90041],[111.17568,40.92826],[111.15528,40.90294],[111.08428,40.91146],[111.07176,40.87303],[111.02354,40.86207],[111.01286,40.83225],[110.86141,40.82977],[110.82263,40.82101],[110.79508,40.79075],[110.7458,40.79729],[110.72926,40.7845],[110.70109,40.81483],[110.72653,40.82471],[110.72948,40.85631],[110.7163,40.8642],[110.73876,40.91776],[110.70827,40.9384],[110.64182,40.91812],[110.62337,40.94064],[110.62031,40.9835],[110.651,41.00599],[110.65072,41.03617],[110.67195,41.05299],[110.63949,41.10039],[110.64154,41.15692],[110.61923,41.16531],[110.59597,41.2186],[110.55203,41.22579],[110.55851,41.26133],[110.5113,41.28753],[110.54683,41.28708],[110.56853,41.30776],[110.56653,41.32645],[110.62986,41.31751],[110.71586,41.38301],[110.81035,41.38435],[110.82973,41.35824],[110.86268,41.35519],[110.91635,41.31267],[110.97594,41.34364],[111.01864,41.32146],[111.02417,41.29569],[111.08633,41.28225],[111.09564,41.30632],[111.22973,41.23716],[111.25281,41.24517],[111.24645,41.26266],[111.27926,41.28985],[111.31729,41.30122],[111.33053,41.28692],[111.34848,41.31121]]]}},{"type":"Feature","id":"CTAMAP-2023-COUNTY-2173","properties":{"map_level":"county","source_name":"西乌珠穆沁旗","source_code":"152526","county_type":"旗","prefecture_name":"锡林郭勒盟","prefecture_code":"152500","prefecture_type":"盟","parent_entity_id":"CNUR-000035","parent_year_end_name":"锡林郭勒盟","province_name":"内蒙古自治区","province_code":"150000","snapshot_year":2023,"panel_year":2022,"link_status":"parent_linked","former_name":"","note":""},"geometry":{"type":"Polygon","coordinates":[[[119.14279,45.31546],[119.3306,45.25027],[119.29998,45.19101],[119.35501,45.16334],[119.3648,45.10269],[119.33523,45.07421],[119.28698,45.08506],[119.27529,45.12477],[119.20609,45.14938],[119.15212,45.09806],[119.14988,45.07251],[119.17668,45.04643],[119.21499,45.04296],[119.19014,45.03051],[119.22225,45.01637],[119.20446,44.99676],[119.1619,45.01339],[119.15028,44.98879],[119.17779,44.9518],[119.22298,44.93265],[119.22248,44.91478],[119.06845,44.92954],[119.06181,44.86671],[119.14277,44.82394],[119.14425,44.80119],[119.17538,44.77501],[119.16645,44.75867],[119.11889,44.7602],[119.11058,44.74372],[119.14123,44.72985],[119.064,44.70915],[118.99439,44.71229],[118.96478,44.72866],[118.92404,44.71907],[118.92075,44.70075],[118.96162,44.68941],[118.99056,44.65177],[118.97126,44.55529],[118.84407,44.50427],[118.77476,44.45351],[118.7423,44.46684],[118.64573,44.43948],[118.63909,44.45776],[118.60033,44.46138],[118.58145,44.43826],[118.54777,44.43255],[118.54794,44.40006],[118.47168,44.38698],[118.46824,44.34153],[118.42926,44.33744],[118.41749,44.31194],[118.3395,44.30717],[118.23942,44.3242],[118.22016,44.30645],[118.25548,44.23888],[118.23831,44.23233],[118.20671,44.25583],[118.16565,44.20291],[118.13748,44.20658],[118.10814,44.12913],[118.05471,44.09865],[117.89964,44.12099],[117.7836,44.01758],[117.69457,44.01451],[117.6419,44.03036],[117.67968,44.09385],[117.61568,44.12296],[117.62819,44.14662],[117.54668,44.18431],[117.5154,44.22507],[117.38598,44.22979],[117.19946,44.21832],[117.11362,44.17735],[117.00441,44.05568],[116.95506,44.02293],[116.96465,43.98637],[116.873,43.96272],[116.80745,44.02044],[116.73285,44.11941],[116.64648,44.107],[116.59657,44.11876],[116.59479,44.20281],[116.57895,44.24317],[116.38597,44.42488],[116.47321,44.57442],[116.56309,44.68653],[116.56597,44.74789],[116.52499,44.75999],[116.49424,44.80953],[116.42704,44.85939],[116.48341,44.88373],[116.53853,45.01912],[116.66511,44.98846],[116.81019,44.99008],[116.95978,45.039],[117.30007,45.09043],[117.34582,45.12112],[117.52269,45.15108],[117.55447,45.16929],[117.61747,45.27295],[117.89271,45.3774],[118.23618,45.34172],[118.2783,45.31824],[118.28289,45.29151],[118.30583,45.2746],[118.49043,45.19316],[118.77283,45.28301],[118.91013,45.28205],[118.92611,45.30415],[118.98758,45.31094],[119.05153,45.29752],[119.07809,45.31563],[119.14279,45.31546]]]}},{"type":"Feature","id":"CTAMAP-2023-COUNTY-2184","properties":{"map_level":"county","source_name":"锡林浩特市","source_code":"152502","county_type":"县级市","prefecture_name":"锡林郭勒盟","prefecture_code":"152500","prefecture_type":"盟","parent_entity_id":"CNUR-000035","parent_year_end_name":"锡林郭勒盟","province_name":"内蒙古自治区","province_code":"150000","snapshot_year":2023,"panel_year":2022,"link_status":"parent_linked","former_name":"","note":""},"geometry":{"type":"Polygon","coordinates":[[[116.42937,44.86493],[116.44206,44.83717],[116.49424,44.80953],[116.52499,44.75999],[116.56597,44.74789],[116.56494,44.69686],[116.55602,44.66245],[116.49633,44.60733],[116.38608,44.42461],[116.57895,44.24317],[116.59479,44.20281],[116.59657,44.11876],[116.64648,44.107],[116.73285,44.11941],[116.80745,44.02044],[116.873,43.96272],[116.96465,43.98637],[117.01506,43.96789],[117.02496,43.94071],[116.9931,43.91033],[117.00669,43.8485],[116.98023,43.83377],[116.99438,43.78049],[117.0475,43.7511],[116.96567,43.6715],[116.85219,43.65534],[116.83152,43.61253],[116.79956,43.60549],[116.79813,43.56302],[116.82562,43.5022],[116.78371,43.48179],[116.67475,43.51478],[116.61578,43.50316],[116.59958,43.41774],[116.42991,43.32619],[116.40747,43.25443],[116.36349,43.24112],[116.34987,43.15461],[116.42952,43.07575],[116.48784,43.05163],[116.43892,43.03193],[116.34495,43.05424],[116.34701,43.06475],[116.31586,43.05468],[116.33122,43.06931],[116.2561,43.09821],[116.18096,43.10238],[116.12167,43.13483],[116.15102,43.1571],[116.1765,43.22265],[116.13642,43.23886],[116.10353,43.32306],[116.0891,43.40461],[116.10693,43.47981],[116.07542,43.48947],[116.04168,43.53901],[115.96819,43.56941],[115.9518,43.61002],[115.75853,43.74056],[115.68697,43.76822],[115.64054,43.7649],[115.63683,43.75158],[115.59043,43.804],[115.51391,43.8404],[115.52486,43.85779],[115.37135,43.87227],[115.37723,43.90374],[115.32823,43.91318],[115.35241,43.95182],[115.31842,43.99076],[115.40166,44.08449],[115.44014,44.09296],[115.47784,44.14025],[115.47222,44.15687],[115.54223,44.17049],[115.55167,44.27475],[115.44906,44.35065],[115.36011,44.51052],[115.3704,44.54446],[115.33565,44.57605],[115.39412,44.599],[115.42155,44.66916],[115.46833,44.69346],[115.52603,44.7961],[115.60489,44.81014],[115.66408,44.85973],[115.73171,44.87505],[115.85315,44.75752],[115.95584,44.69905],[116.10109,44.74086],[116.09207,44.77035],[116.16837,44.82704],[116.13502,44.84062],[116.19349,44.87177],[116.22729,44.87304],[116.23711,44.88888],[116.42937,44.86493]]]}},{"type":"Feature","id":"CTAMAP-2023-COUNTY-2225","properties":{"map_level":"county","source_name":"镶黄旗","source_code":"152528","county_type":"旗","prefecture_name":"锡林郭勒盟","prefecture_code":"152500","prefecture_type":"盟","parent_entity_id":"CNUR-000035","parent_year_end_name":"锡林郭勒盟","province_name":"内蒙古自治区","province_code":"150000","snapshot_year":2023,"panel_year":2022,"link_status":"parent_linked","former_name":"","note":""},"geometry":{"type":"Polygon","coordinates":[[[114.75202,42.21594],[114.67013,42.19602],[114.68074,42.21898],[114.66328,42.24714],[114.67801,42.27179],[114.64368,42.26757],[114.56904,42.29488],[114.51002,42.22787],[114.39828,42.19803],[114.43103,42.1693],[114.45889,42.16874],[114.47252,42.11213],[114.44111,42.09678],[114.37016,42.10756],[114.36797,42.15157],[114.31326,42.18736],[114.2506,42.17367],[114.20668,42.12333],[114.09315,42.12371],[114.08667,42.06319],[114.05807,42.0418],[114.09877,41.98118],[114.06431,41.99855],[114.05037,41.9481],[114.02208,41.9606],[114.01266,41.9896],[113.97744,41.96338],[113.98068,41.95168],[113.90761,41.97624],[113.88874,42.05634],[113.75059,42.07477],[113.7024,42.12812],[113.62532,42.10298],[113.5656,42.13002],[113.55913,42.11691],[113.52829,42.13277],[113.36977,42.14117],[113.3795,42.17628],[113.41533,42.19636],[113.42141,42.2443],[113.49336,42.25108],[113.55142,42.28266],[113.53413,42.31206],[113.55763,42.33816],[113.54591,42.35665],[113.63649,42.40257],[113.69564,42.46511],[113.77275,42.46758],[113.9364,42.61731],[114.05811,42.663],[114.05029,42.67128],[114.09039,42.70064],[114.19251,42.71386],[114.26479,42.75681],[114.28562,42.71984],[114.33131,42.71616],[114.40977,42.66786],[114.46433,42.65979],[114.64247,42.49351],[114.70791,42.39736],[114.70806,42.36178],[114.7562,42.28376],[114.75202,42.21594]]]}},{"type":"Feature","id":"CTAMAP-2023-COUNTY-2248","properties":{"map_level":"county","source_name":"新巴尔虎右旗","source_code":"150727","county_type":"旗","prefecture_name":"呼伦贝尔市","prefecture_code":"150700","prefecture_type":"地级市","parent_entity_id":"CNUR-000031","parent_year_end_name":"呼伦贝尔市","province_name":"内蒙古自治区","province_code":"150000","snapshot_year":2023,"panel_year":2022,"link_status":"parent_linked","former_name":"","note":""},"geometry":{"type":"Polygon","coordinates":[[[117.27306,49.63154],[117.21715,49.52489],[117.44305,49.52554],[117.50287,49.4715],[117.50706,49.42783],[117.6566,49.38406],[117.62116,49.32603],[117.69351,49.31344],[117.63224,49.16397],[117.64699,49.03074],[117.67788,48.98166],[117.52564,48.82685],[117.63569,48.72776],[117.67181,48.67549],[117.65826,48.61565],[117.67126,48.60428],[117.64972,48.58222],[117.65963,48.53273],[117.63431,48.50542],[117.62074,48.44428],[117.59228,48.43744],[117.56813,48.38101],[117.5843,48.30621],[117.63548,48.24941],[117.6075,48.20448],[117.6105,48.17523],[117.66202,48.10565],[117.73716,48.09483],[117.74967,48.06449],[117.79803,48.04367],[117.80743,48.01474],[117.51962,47.76471],[117.48535,47.7557],[117.37679,47.63914],[117.0859,47.82057],[116.87282,47.89115],[116.78495,47.8974],[116.66474,47.88865],[116.44059,47.83428],[116.25892,47.87426],[116.10701,47.81507],[115.96077,47.68592],[115.93162,47.68003],[115.57359,47.91978],[115.53692,48.10017],[115.52485,48.10449],[115.54421,48.12837],[115.53074,48.14886],[115.81132,48.25736],[115.79068,48.52039],[116.07075,48.82163],[116.03911,48.87011],[116.71541,49.85053],[117.05377,49.69435],[117.27306,49.63154]]]}},{"type":"Feature","id":"CTAMAP-2023-COUNTY-2249","properties":{"map_level":"county","source_name":"新巴尔虎左旗","source_code":"150726","county_type":"旗","prefecture_name":"呼伦贝尔市","prefecture_code":"150700","prefecture_type":"地级市","parent_entity_id":"CNUR-000031","parent_year_end_name":"呼伦贝尔市","province_name":"内蒙古自治区","province_code":"150000","snapshot_year":2023,"panel_year":2022,"link_status":"parent_linked","former_name":"","note":""},"geometry":{"type":"Polygon","coordinates":[[[118.37948,49.77798],[118.39483,49.76573],[118.38967,49.64415],[118.36966,49.63356],[118.39023,49.5996],[118.39821,49.43529],[118.43386,49.43069],[118.43309,49.41767],[118.40026,49.41798],[118.3943,49.21522],[118.54487,48.99677],[118.53459,48.93597],[118.72944,48.80316],[118.82547,48.80233],[118.87639,48.77537],[118.80236,48.73043],[118.83973,48.70277],[118.82979,48.69162],[118.84164,48.66451],[118.81764,48.6491],[118.85856,48.63079],[118.8805,48.57663],[118.92969,48.54432],[118.89436,48.51829],[118.90464,48.50222],[118.87471,48.46342],[118.88783,48.44526],[119.01641,48.34921],[119.04804,48.34523],[119.0534,48.32927],[119.14435,48.31143],[119.21316,48.27145],[119.25653,48.23039],[119.24755,48.21152],[119.27184,48.15672],[119.31272,48.15848],[119.47954,48.07947],[119.74009,48.0724],[119.77221,48.05812],[119.80957,48.07206],[119.85267,48.04622],[119.9348,48.04931],[119.96278,47.94593],[120.0891,47.78669],[120.08717,47.76229],[120.12828,47.67874],[120.1736,47.67188],[120.21874,47.63826],[120.21174,47.62196],[120.1927,47.63054],[120.17537,47.6091],[120.10748,47.59581],[120.01466,47.55106],[119.9499,47.58049],[119.90125,47.56776],[119.80601,47.49559],[119.80417,47.46616],[119.76071,47.43486],[119.65037,47.40813],[119.58327,47.34972],[119.47957,47.33266],[119.44348,47.35032],[119.43012,47.37686],[119.36207,47.40317],[119.34679,47.42917],[119.31632,47.42225],[119.35603,47.47503],[119.1423,47.5384],[119.12392,47.65937],[118.76545,47.76826],[118.55608,47.99096],[118.43503,47.99153],[118.41591,48.01403],[118.28942,48.00288],[118.22925,48.02852],[118.23013,48.04119],[118.17,48.04855],[118.13305,48.03264],[118.11534,48.04555],[118.03958,48.01103],[117.94928,48.0097],[117.88788,48.02683],[117.80743,48.01474],[117.79803,48.04367],[117.74967,48.06449],[117.73716,48.09483],[117.66259,48.10531],[117.6314,48.13338],[117.60747,48.204],[117.63548,48.24941],[117.5843,48.30621],[117.56813,48.38101],[117.59228,48.43744],[117.62074,48.44428],[117.63431,48.50542],[117.65963,48.53273],[117.64972,48.58222],[117.67126,48.60428],[117.65826,48.61565],[117.67181,48.67549],[117.63569,48.72776],[117.52564,48.82685],[117.67788,48.98166],[117.64699,49.03074],[117.63224,49.16397],[117.69351,49.31344],[117.82035,49.40867],[117.84645,49.39409],[117.84799,49.41837],[117.82432,49.44066],[117.89308,49.44895],[117.85026,49.47545],[117.86892,49.48359],[117.85145,49.48277],[117.85681,49.51885],[117.83136,49.53477],[117.85915,49.59017],[117.93963,49.59529],[117.98091,49.62136],[118.07411,49.61619],[118.11365,49.67007],[118.1595,49.65813],[118.17643,49.68574],[118.19787,49.6828],[118.22746,49.73648],[118.28245,49.74387],[118.30494,49.77265],[118.37948,49.77798]]]}},{"type":"Feature","id":"CTAMAP-2023-COUNTY-2299","properties":{"map_level":"county","source_name":"兴和县","source_code":"150924","county_type":"县","prefecture_name":"乌兰察布市","prefecture_code":"150900","prefecture_type":"地级市","parent_entity_id":"CNUR-000033","parent_year_end_name":"乌兰察布市","province_name":"内蒙古自治区","province_code":"150000","snapshot_year":2023,"panel_year":2022,"link_status":"parent_linked","former_name":"","note":""},"geometry":{"type":"Polygon","coordinates":[[[113.89252,41.31377],[113.9085,41.29292],[113.9497,41.2846],[113.95962,41.23877],[113.97832,41.26846],[113.99983,41.24962],[113.99485,41.1828],[113.91278,41.17148],[113.87507,41.12822],[113.87753,41.10422],[113.83306,41.10775],[113.81809,41.09399],[113.95694,40.98907],[113.96881,40.99374],[113.97699,40.94155],[114.0485,40.92754],[114.03535,40.90265],[114.04651,40.86287],[114.06831,40.85204],[114.03801,40.82951],[114.07329,40.78892],[114.09756,40.79594],[114.09815,40.75708],[114.12668,40.74495],[114.05418,40.71871],[114.06114,40.64213],[114.03422,40.60923],[114.07157,40.57879],[114.06875,40.54157],[114.01103,40.51813],[113.94904,40.52003],[113.86316,40.44832],[113.78486,40.52045],[113.78844,40.54742],[113.77345,40.54767],[113.7634,40.58393],[113.72286,40.61989],[113.68629,40.61248],[113.67544,40.63144],[113.52085,40.66626],[113.4917,40.70687],[113.49765,40.77697],[113.53524,40.79592],[113.52895,40.81663],[113.49344,40.83755],[113.5513,40.85726],[113.55421,40.88834],[113.58348,40.89921],[113.55103,40.94086],[113.58048,41.00092],[113.63428,41.03351],[113.60367,41.07912],[113.61943,41.10128],[113.64179,41.08623],[113.6623,41.09753],[113.64721,41.11422],[113.57166,41.13232],[113.60944,41.15704],[113.60081,41.17901],[113.56904,41.16979],[113.56837,41.19385],[113.52946,41.20504],[113.50058,41.19404],[113.41224,41.20151],[113.40658,41.24982],[113.35037,41.27327],[113.38627,41.33076],[113.43544,41.37877],[113.47757,41.39251],[113.48737,41.41438],[113.56609,41.38989],[113.55546,41.44844],[113.62034,41.44883],[113.63403,41.42893],[113.6564,41.43922],[113.68305,41.42488],[113.6551,41.39646],[113.66007,41.38015],[113.63274,41.38769],[113.61281,41.36508],[113.61881,41.33784],[113.64127,41.33433],[113.64838,41.29388],[113.66318,41.2988],[113.67059,41.34193],[113.6903,41.35154],[113.79952,41.33318],[113.846,41.29681],[113.89252,41.31377]]]}},{"type":"Feature","id":"CTAMAP-2023-COUNTY-2346","properties":{"map_level":"county","source_name":"牙克石市","source_code":"150782","county_type":"县级市","prefecture_name":"呼伦贝尔市","prefecture_code":"150700","prefecture_type":"地级市","parent_entity_id":"CNUR-000031","parent_year_end_name":"呼伦贝尔市","province_name":"内蒙古自治区","province_code":"150000","snapshot_year":2023,"panel_year":2022,"link_status":"parent_linked","former_name":"","note":""},"geometry":{"type":"Polygon","coordinates":[[[122.27863,50.8323],[122.23471,50.69903],[122.204,50.7012],[122.1712,50.67311],[122.16851,50.64846],[122.11876,50.59247],[122.22264,50.55563],[122.23156,50.53946],[122.21791,50.49845],[122.26103,50.48646],[122.24921,50.46291],[122.28002,50.42916],[122.23232,50.40316],[122.21684,50.36835],[122.15693,50.34886],[122.14467,50.32296],[122.08144,50.30749],[122.01733,50.32491],[122.0233,50.33642],[122.00819,50.34595],[121.90453,50.32802],[121.88005,50.3577],[121.82963,50.30391],[121.83778,50.28423],[121.79388,50.25686],[121.87611,50.21052],[121.86701,50.15882],[121.96711,50.1372],[121.99101,50.09839],[121.96249,50.04316],[121.92979,50.03042],[121.94304,50.00713],[121.89474,49.98855],[121.90003,49.97516],[121.86355,49.95667],[121.8809,49.93429],[121.97989,49.92002],[122.03347,49.95306],[122.09525,49.92692],[122.14254,49.88266],[122.27894,49.97489],[122.30138,49.97011],[122.3258,49.93532],[122.40117,49.9665],[122.46434,49.94369],[122.46629,49.88488],[122.42838,49.85118],[122.42492,49.81787],[122.40413,49.81294],[122.40861,49.77856],[122.39167,49.76526],[122.4225,49.70412],[122.36052,49.67477],[122.31347,49.68789],[122.26737,49.62568],[122.23847,49.62377],[122.23378,49.59725],[122.19452,49.5893],[122.18306,49.55643],[122.2069,49.54533],[122.1539,49.5343],[122.15862,49.51915],[122.09854,49.48783],[122.04965,49.51656],[122.01786,49.51117],[121.99873,49.47931],[121.95562,49.45516],[121.88961,49.48212],[121.78204,49.48665],[121.74699,49.4833],[121.72952,49.4487],[121.78502,49.42435],[121.82323,49.36323],[121.81721,49.3334],[121.85008,49.32798],[121.86619,49.27372],[121.94222,49.23489],[121.94363,49.18236],[121.98283,49.16196],[121.9825,49.14752],[122.01904,49.14266],[122.00203,49.07988],[121.95611,49.05846],[122.02838,49.02951],[121.99831,48.99674],[121.99435,48.95329],[122.05305,48.93791],[122.04687,48.91505],[122.0842,48.87806],[122.04382,48.85953],[122.05867,48.82976],[122.07859,48.79895],[122.12499,48.79674],[122.15003,48.77625],[122.19411,48.69932],[122.18415,48.67271],[122.20483,48.64804],[122.27234,48.629],[122.29306,48.64118],[122.34041,48.60719],[122.38541,48.59993],[122.40315,48.61473],[122.48735,48.5973],[122.4917,48.58373],[122.45968,48.55048],[122.47409,48.52056],[122.45531,48.50195],[122.46042,48.47254],[122.42388,48.42991],[122.42391,48.37598],[122.449,48.30044],[122.36115,48.2769],[122.34325,48.21566],[122.29091,48.18],[122.24091,48.17233],[122.21431,48.18665],[122.18501,48.16236],[122.14683,48.15666],[122.04918,48.15115],[121.96044,48.18269],[121.89242,48.16377],[121.6862,48.2367],[121.5663,48.22659],[121.54288,48.20379],[121.547,48.17946],[121.50557,48.15109],[121.51644,48.08523],[121.50562,48.06069],[121.36601,48.03045],[121.2242,47.96869],[121.22551,47.90307],[121.28814,47.85688],[121.27743,47.81958],[121.18648,47.82466],[121.11837,47.79885],[121.04552,47.8099],[120.96268,47.76044],[120.96878,47.72727],[120.94487,47.70897],[120.86213,47.68133],[120.8237,47.68416],[120.79438,47.66071],[120.73351,47.65446],[120.66049,47.68803],[120.66625,47.73355],[120.64489,47.75919],[120.64835,47.79194],[120.7073,47.81263],[120.81522,47.80012],[120.92345,47.90907],[120.92699,47.93841],[120.84981,47.94279],[120.83372,47.96409],[120.82064,47.99337],[120.85459,48.00739],[120.79946,48.04466],[120.81279,48.06489],[120.80156,48.07414],[120.81554,48.09028],[120.80787,48.10491],[120.83832,48.11763],[120.8935,48.105],[120.92734,48.14596],[121.02292,48.17413],[121.03735,48.20302],[121.00752,48.22436],[121.00339,48.26919],[121.0237,48.31022],[121.10967,48.33565],[121.15797,48.38075],[121.12043,48.42461],[121.13249,48.44064],[121.11411,48.47051],[121.08372,48.45711],[120.98473,48.4729],[120.93971,48.45448],[120.86119,48.48656],[120.87185,48.52285],[120.8432,48.54991],[120.83356,48.6425],[120.86212,48.69179],[120.84299,48.70775],[120.84573,48.73167],[120.87695,48.78073],[120.84416,48.78533],[120.82863,48.81252],[120.77091,48.83666],[120.84312,48.88693],[120.80283,48.90005],[120.82111,48.95018],[120.7196,48.99638],[120.73917,49.02348],[120.69642,49.07347],[120.71587,49.09171],[120.65897,49.11049],[120.66277,49.15077],[120.59408,49.18826],[120.58312,49.21975],[120.59808,49.24807],[120.57889,49.25812],[120.59476,49.26863],[120.58955,49.28775],[120.52345,49.34265],[120.54065,49.37284],[120.4577,49.41898],[120.49538,49.44477],[120.5244,49.44364],[120.54118,49.47837],[120.59161,49.52096],[120.69527,49.57236],[120.82793,49.59053],[120.85559,49.62682],[120.92545,49.625],[120.90448,49.66612],[120.87054,49.67848],[120.88035,49.72646],[120.89953,49.73129],[120.92098,49.76791],[120.90888,49.78288],[120.92205,49.79916],[120.89302,49.8432],[120.96003,49.89686],[120.99684,49.95788],[121.04452,49.98293],[121.06236,50.0666],[121.01142,50.10514],[121.0082,50.13357],[120.98601,50.15354],[120.95774,50.23546],[120.98413,50.25258],[120.97895,50.29178],[120.90558,50.36493],[120.91436,50.37621],[120.87398,50.38611],[120.84422,50.43048],[120.92739,50.45121],[120.92509,50.46334],[120.94843,50.45796],[120.95385,50.48591],[120.99663,50.49305],[121.00088,50.50732],[121.09019,50.48937],[121.15102,50.52865],[121.21479,50.53304],[121.25449,50.56285],[121.31595,50.57069],[121.34382,50.59346],[121.45981,50.59814],[121.49656,50.67122],[121.66045,50.70676],[121.71649,50.76986],[121.83228,50.81049],[121.89903,50.7887],[121.9362,50.8234],[121.97508,50.82855],[122.00674,50.87018],[122.09094,50.83995],[122.19195,50.87303],[122.2472,50.86935],[122.27863,50.8323]]]}},{"type":"Feature","id":"CTAMAP-2023-COUNTY-2405","properties":{"map_level":"county","source_name":"伊金霍洛旗","source_code":"150627","county_type":"旗","prefecture_name":"鄂尔多斯市","prefecture_code":"150600","prefecture_type":"地级市","parent_entity_id":"CNUR-000030","parent_year_end_name":"鄂尔多斯市","province_name":"内蒙古自治区","province_code":"150000","snapshot_year":2023,"panel_year":2022,"link_status":"parent_linked","former_name":"","note":""},"geometry":{"type":"Polygon","coordinates":[[[109.66914,39.74437],[109.67955,39.72209],[109.65113,39.70015],[109.61933,39.69859],[109.60401,39.6685],[109.62936,39.64623],[109.70743,39.63843],[109.76667,39.58246],[109.85752,39.60293],[109.93305,39.57705],[110.01833,39.51238],[110.02918,39.52152],[110.01629,39.58518],[109.97397,39.64516],[109.97727,39.68185],[110.02749,39.69329],[110.06702,39.73377],[110.17566,39.70234],[110.15652,39.68506],[110.13575,39.69906],[110.13567,39.65913],[110.11079,39.62115],[110.12124,39.58601],[110.20078,39.562],[110.22419,39.5774],[110.21746,39.61284],[110.2745,39.59955],[110.31333,39.61767],[110.37843,39.50605],[110.37453,39.48889],[110.42223,39.46263],[110.41265,39.42857],[110.43357,39.39872],[110.41017,39.34782],[110.42293,39.33831],[110.38005,39.30912],[110.26341,39.40046],[110.26942,39.42516],[110.13048,39.45171],[110.12223,39.40923],[110.1716,39.36753],[110.20984,39.28151],[109.99209,39.20783],[109.95647,39.2115],[109.90084,39.27043],[109.87764,39.26371],[109.86539,39.24174],[109.95493,39.19102],[109.8914,39.14524],[109.91529,39.10227],[109.87981,39.10272],[109.85936,39.12343],[109.82606,39.108],[109.72126,39.01871],[109.69804,39.01845],[109.68635,38.98862],[109.66744,38.99773],[109.65722,38.98172],[109.67847,38.96583],[109.68083,38.94217],[109.63037,38.96908],[109.58662,38.93829],[109.55327,38.93442],[109.48927,38.95737],[109.47644,38.991],[109.50666,39.05627],[109.55468,39.08415],[109.54894,39.105],[109.50767,39.13041],[109.50518,39.15993],[109.53865,39.17966],[109.53291,39.20111],[109.41414,39.28443],[109.36818,39.27732],[109.38446,39.23171],[109.34812,39.22496],[109.29154,39.27754],[109.32365,39.32002],[109.32683,39.34917],[109.25046,39.38177],[109.23156,39.38822],[109.18701,39.35731],[109.18596,39.32256],[109.16542,39.3079],[109.1352,39.33374],[109.13718,39.3849],[109.04323,39.3729],[109.00422,39.39508],[109.06124,39.43051],[109.03426,39.4907],[109.07885,39.56701],[109.10767,39.59121],[109.20381,39.58742],[109.21004,39.63124],[109.19431,39.66971],[109.26922,39.68592],[109.25372,39.73905],[109.22085,39.77466],[109.24177,39.77615],[109.26155,39.80122],[109.32763,39.7781],[109.34532,39.72913],[109.36355,39.72168],[109.66914,39.74437]]]}},{"type":"Feature","id":"CTAMAP-2023-COUNTY-2534","properties":{"map_level":"county","source_name":"玉泉区","source_code":"150104","county_type":"市辖区","prefecture_name":"呼和浩特市","prefecture_code":"150100","prefecture_type":"地级市","parent_entity_id":"CNUR-000025","parent_year_end_name":"呼和浩特市","province_name":"内蒙古自治区","province_code":"150000","snapshot_year":2023,"panel_year":2022,"link_status":"parent_linked","former_name":"","note":""},"geometry":{"type":"Polygon","coordinates":[[[111.6688,40.80501],[111.6891,40.77913],[111.67758,40.77906],[111.68807,40.75285],[111.74164,40.74043],[111.72945,40.67903],[111.71147,40.66536],[111.72701,40.63427],[111.66675,40.6468],[111.61255,40.63195],[111.58583,40.64721],[111.61201,40.66326],[111.60666,40.691],[111.62506,40.71024],[111.61263,40.72425],[111.57028,40.69927],[111.57255,40.68678],[111.52233,40.68919],[111.50974,40.71246],[111.57698,40.75749],[111.58314,40.77514],[111.56944,40.78816],[111.6688,40.80501]]]}},{"type":"Feature","id":"CTAMAP-2023-COUNTY-2593","properties":{"map_level":"county","source_name":"扎赉诺尔区","source_code":"150703","county_type":"市辖区","prefecture_name":"呼伦贝尔市","prefecture_code":"150700","prefecture_type":"地级市","parent_entity_id":"CNUR-000031","parent_year_end_name":"呼伦贝尔市","province_name":"内蒙古自治区","province_code":"150000","snapshot_year":2023,"panel_year":2022,"link_status":"parent_linked","former_name":"","note":""},"geometry":{"type":"Polygon","coordinates":[[[117.74647,49.34618],[117.69351,49.31344],[117.62116,49.32603],[117.6566,49.38406],[117.50706,49.42783],[117.51046,49.45185],[117.48387,49.49114],[117.62235,49.52386],[117.70089,49.51521],[117.7214,49.49302],[117.70502,49.48594],[117.75694,49.47168],[117.73987,49.43607],[117.75607,49.40797],[117.72227,49.37186],[117.74647,49.34618]]]}},{"type":"Feature","id":"CTAMAP-2023-COUNTY-2594","properties":{"map_level":"county","source_name":"扎赉特旗","source_code":"152223","county_type":"旗","prefecture_name":"兴安盟","prefecture_code":"152200","prefecture_type":"盟","parent_entity_id":"CNUR-000034","parent_year_end_name":"兴安盟","province_name":"内蒙古自治区","province_code":"150000","snapshot_year":2023,"panel_year":2022,"link_status":"parent_linked","former_name":"","note":""},"geometry":{"type":"Polygon","coordinates":[[[123.52085,46.95722],[123.47748,46.84462],[123.50155,46.8242],[123.5562,46.82368],[123.56994,46.88817],[123.60129,46.88732],[123.59254,46.86208],[123.61562,46.84054],[123.57405,46.82421],[123.62683,46.81247],[123.62503,46.72655],[123.59791,46.68804],[123.27083,46.65966],[123.27291,46.61533],[123.22195,46.58646],[123.17403,46.61239],[123.07958,46.58941],[123.07134,46.62089],[123.03955,46.61588],[123.04598,46.57812],[122.9963,46.57259],[123.0051,46.43308],[123.17205,46.24614],[123.12186,46.20845],[123.12118,46.17267],[123.09636,46.16999],[123.10566,46.12799],[123.06341,46.12154],[123.03934,46.09803],[122.78712,46.07132],[122.75177,46.28608],[122.72039,46.29462],[122.71039,46.31835],[122.72432,46.33637],[122.65787,46.44332],[122.5134,46.38089],[122.41309,46.3913],[122.35296,46.41695],[122.25758,46.40133],[122.11208,46.46154],[122.00896,46.4418],[121.95814,46.49575],[121.89521,46.49379],[121.8734,46.52698],[121.83736,46.53771],[121.77084,46.60599],[121.76426,46.64623],[121.704,46.64306],[121.69022,46.66329],[121.66259,46.66331],[121.50677,46.74344],[121.51644,46.78141],[121.44774,46.82177],[121.44956,46.87419],[121.46618,46.89326],[121.40796,46.90988],[121.39275,46.93355],[121.35153,46.92031],[121.28823,46.9813],[121.33553,47.05447],[121.33575,47.10857],[121.41951,47.16977],[121.54193,47.19707],[121.58107,47.17028],[121.62848,47.17753],[121.63786,47.16678],[121.63257,47.19956],[121.66695,47.24755],[121.7453,47.28292],[121.92253,47.2396],[122.0776,47.17822],[122.10697,47.20455],[122.21059,47.2376],[122.31046,47.3061],[122.41175,47.34818],[122.41347,47.32891],[122.50395,47.24101],[122.54709,47.17352],[122.5914,47.1529],[122.62035,47.11548],[122.7456,47.0761],[122.84627,47.07023],[122.83647,47.04281],[122.77205,47.00089],[122.76855,46.97202],[122.79629,46.93538],[122.88924,46.95844],[122.89345,46.91633],[122.87387,46.8892],[122.89408,46.8607],[122.90101,46.80565],[122.92003,46.78147],[122.99195,46.75874],[122.98808,46.74058],[123.00549,46.72418],[123.16095,46.74727],[123.21794,46.82043],[123.2102,46.84953],[123.22882,46.86178],[123.30222,46.86026],[123.33393,46.82454],[123.36767,46.8355],[123.39978,46.90402],[123.39795,46.93352],[123.38365,46.93631],[123.35437,46.96856],[123.29712,46.96243],[123.29497,46.99806],[123.33477,46.98432],[123.41186,46.93247],[123.52085,46.95722]]]}},{"type":"Feature","id":"CTAMAP-2023-COUNTY-2595","properties":{"map_level":"county","source_name":"扎兰屯市","source_code":"150783","county_type":"县级市","prefecture_name":"呼伦贝尔市","prefecture_code":"150700","prefecture_type":"地级市","parent_entity_id":"CNUR-000031","parent_year_end_name":"呼伦贝尔市","province_name":"内蒙古自治区","province_code":"150000","snapshot_year":2023,"panel_year":2022,"link_status":"parent_linked","former_name":"","note":""},"geometry":{"type":"Polygon","coordinates":[[[123.29059,47.94927],[123.23746,47.85824],[123.16087,47.78158],[122.84639,47.67417],[122.75599,47.61116],[122.58727,47.54506],[122.53759,47.4932],[122.50157,47.39976],[122.0776,47.17822],[121.92253,47.2396],[121.7453,47.28292],[121.66695,47.24755],[121.63257,47.19956],[121.63786,47.16678],[121.62848,47.17753],[121.58407,47.16946],[121.5494,47.1952],[121.51958,47.19693],[121.44648,47.18289],[121.35692,47.13332],[121.24843,47.11135],[121.16808,47.13912],[121.06675,47.14819],[120.95482,47.09672],[120.87204,47.14679],[120.81757,47.14391],[120.78715,47.15977],[120.73166,47.21636],[120.63923,47.24734],[120.61752,47.24139],[120.61902,47.29922],[120.70012,47.33177],[120.69534,47.34735],[120.72682,47.3556],[120.72637,47.38215],[120.5858,47.48848],[120.57562,47.50196],[120.59819,47.52946],[120.5861,47.54551],[120.48707,47.55294],[120.52939,47.5974],[120.53146,47.62897],[120.58935,47.65991],[120.65887,47.64455],[120.6865,47.67905],[120.73351,47.65446],[120.79438,47.66071],[120.8237,47.68416],[120.86213,47.68133],[120.94487,47.70897],[120.96878,47.72727],[120.96268,47.76044],[121.04552,47.8099],[121.11837,47.79885],[121.18648,47.82466],[121.27743,47.81958],[121.28814,47.85688],[121.22551,47.90307],[121.2242,47.96869],[121.36601,48.03045],[121.50562,48.06069],[121.51644,48.08523],[121.50557,48.15109],[121.547,48.17946],[121.54288,48.20379],[121.5663,48.22659],[121.6862,48.2367],[121.8896,48.16432],[121.96044,48.18269],[122.04924,48.15114],[122.17474,48.16001],[122.21431,48.18665],[122.24091,48.17233],[122.29091,48.18],[122.34325,48.21566],[122.36115,48.2769],[122.449,48.30044],[122.421,48.40721],[122.46042,48.47254],[122.45592,48.50338],[122.47385,48.51748],[122.45968,48.55048],[122.49205,48.58943],[122.51751,48.58696],[122.55186,48.6097],[122.58695,48.60462],[122.57649,48.59399],[122.58855,48.57821],[122.64265,48.57387],[122.67296,48.5468],[122.74787,48.52717],[122.73871,48.42436],[122.83067,48.37814],[122.83535,48.35057],[122.9207,48.27918],[122.93698,48.24619],[122.93426,48.18445],[123.00607,48.08869],[122.99304,48.05908],[123.00999,48.02509],[123.05014,47.99265],[123.0889,47.99143],[123.1396,47.96119],[123.29059,47.94927]]]}},{"type":"Feature","id":"CTAMAP-2023-COUNTY-2596","properties":{"map_level":"county","source_name":"扎鲁特旗","source_code":"150526","county_type":"旗","prefecture_name":"通辽市","prefecture_code":"150500","prefecture_type":"地级市","parent_entity_id":"CNUR-000029","parent_year_end_name":"通辽市","province_name":"内蒙古自治区","province_code":"150000","snapshot_year":2023,"panel_year":2022,"link_status":"parent_linked","former_name":"","note":""},"geometry":{"type":"Polygon","coordinates":[[[121.92885,44.34168],[121.87857,44.34426],[121.86028,44.32434],[121.70201,44.28178],[121.6212,44.27941],[121.57423,44.29126],[121.5309,44.32544],[121.52768,44.3446],[121.42472,44.41216],[121.41505,44.38589],[121.33081,44.31736],[121.20252,44.29055],[121.15989,44.26591],[121.16198,44.21153],[121.21865,44.13302],[121.19645,44.12509],[121.20058,44.10206],[121.16297,44.06173],[121.10659,44.06156],[121.02842,44.0322],[121.08022,44.02417],[121.08467,43.97412],[121.12752,43.91526],[121.09879,43.90901],[121.10734,43.87617],[121.13303,43.84243],[121.01614,43.84067],[120.89995,43.86415],[120.79234,43.84749],[120.76904,43.9333],[120.68702,44.03493],[120.68865,44.05996],[120.72926,44.08636],[120.73964,44.11157],[120.7002,44.1272],[120.6831,44.18068],[120.64772,44.18382],[120.64077,44.23283],[120.56874,44.23338],[120.55525,44.25965],[120.49119,44.24742],[120.44854,44.26042],[120.38214,44.33598],[120.37231,44.38431],[120.33322,44.38894],[120.30607,44.4164],[120.31213,44.46294],[120.28802,44.48514],[120.29369,44.50247],[120.15287,44.59162],[120.17492,44.63348],[120.09721,44.65903],[120.06481,44.72819],[119.92424,44.84321],[119.85791,44.87095],[119.84089,44.89355],[119.74455,44.9256],[119.6479,45.10394],[119.50198,45.19226],[119.48526,45.22201],[119.31505,45.24401],[119.24127,45.30163],[119.30664,45.38373],[119.62663,45.40331],[119.67731,45.44915],[119.67806,45.475],[119.73603,45.47975],[119.70143,45.53999],[119.70994,45.57444],[119.81656,45.57058],[119.86909,45.54554],[119.91226,45.56],[119.9007,45.50304],[119.99408,45.47849],[120.02524,45.49751],[120.01717,45.53328],[119.98786,45.55126],[119.99852,45.58339],[120.02142,45.59314],[120.16201,45.58939],[120.26299,45.55023],[120.3136,45.55406],[120.3388,45.51765],[120.41074,45.50044],[120.42886,45.46227],[120.48919,45.46234],[120.53342,45.43305],[120.55405,45.41471],[120.54869,45.35571],[120.73746,45.25822],[120.82219,45.25134],[120.82937,45.21428],[120.88245,45.21445],[120.96255,45.18188],[120.97319,45.16778],[120.96205,45.17169],[120.96721,45.15527],[120.93999,45.12125],[120.98212,45.10504],[120.97159,45.07028],[121.02734,44.99637],[121.04699,45.00153],[121.06881,44.98038],[121.23428,44.93212],[121.39545,44.84924],[121.41417,44.81611],[121.40306,44.78884],[121.52432,44.71861],[121.54265,44.66591],[121.59535,44.6543],[121.57975,44.6383],[121.63744,44.56737],[121.74256,44.48728],[121.77263,44.44468],[121.81684,44.42768],[121.8238,44.40962],[121.87774,44.39974],[121.92885,44.34168]]]}},{"type":"Feature","id":"CTAMAP-2023-COUNTY-2668","properties":{"map_level":"county","source_name":"正蓝旗","source_code":"152530","county_type":"旗","prefecture_name":"锡林郭勒盟","prefecture_code":"152500","prefecture_type":"盟","parent_entity_id":"CNUR-000035","parent_year_end_name":"锡林郭勒盟","province_name":"内蒙古自治区","province_code":"150000","snapshot_year":2023,"panel_year":2022,"link_status":"parent_linked","former_name":"","note":""},"geometry":{"type":"Polygon","coordinates":[[[116.12167,43.13483],[116.18096,43.10238],[116.2561,43.09821],[116.33122,43.06931],[116.31586,43.05468],[116.34701,43.06475],[116.34495,43.05424],[116.43892,43.03193],[116.49745,43.04701],[116.4944,43.01309],[116.65861,42.9311],[116.66777,42.75943],[116.60281,42.63511],[116.57478,42.61185],[116.58196,42.59799],[116.55141,42.52886],[116.52754,42.52003],[116.5567,42.43436],[116.4857,42.33108],[116.40109,42.34051],[116.37121,42.3741],[116.28474,42.39348],[116.28108,42.36988],[116.24334,42.36504],[116.19653,42.30714],[116.19587,42.23836],[116.17405,42.20364],[116.1077,42.17357],[116.06694,42.11852],[115.99184,42.07845],[115.91901,41.94019],[115.82356,41.93286],[115.7963,41.91291],[115.8093,41.96862],[115.77478,42.01351],[115.80018,42.02824],[115.81411,42.07026],[115.81762,42.10283],[115.80054,42.12637],[115.73405,42.10408],[115.68237,42.11173],[115.64886,42.08772],[115.60829,42.0912],[115.58145,42.13421],[115.53506,42.1305],[115.52259,42.09216],[115.4947,42.1112],[115.49803,42.15585],[115.45277,42.17677],[115.50543,42.25423],[115.52941,42.26425],[115.54757,42.24752],[115.59012,42.31093],[115.58844,42.33859],[115.56961,42.35067],[115.59691,42.39752],[115.59091,42.41981],[115.44683,42.47082],[115.39585,42.50603],[115.42628,42.523],[115.4098,42.59138],[115.42074,42.60674],[115.32389,42.63889],[115.28635,42.68056],[115.33023,42.72208],[115.33833,42.76602],[115.31239,42.80693],[115.28568,42.81271],[115.27259,42.87411],[115.32942,42.93696],[115.30301,42.96782],[115.24259,42.96359],[115.16188,42.98404],[115.07973,42.97417],[115.01059,42.99704],[115.03532,43.02815],[115.18474,43.08615],[115.32239,43.09064],[115.37173,43.10894],[115.47343,43.10008],[115.61284,43.11969],[115.71426,43.11449],[115.88675,43.14121],[115.92828,43.10702],[116.09139,43.11441],[116.12167,43.13483]]]}},{"type":"Feature","id":"CTAMAP-2023-COUNTY-2670","properties":{"map_level":"county","source_name":"正镶白旗","source_code":"152529","county_type":"旗","prefecture_name":"锡林郭勒盟","prefecture_code":"152500","prefecture_type":"盟","parent_entity_id":"CNUR-000035","parent_year_end_name":"锡林郭勒盟","province_name":"内蒙古自治区","province_code":"150000","snapshot_year":2023,"panel_year":2022,"link_status":"parent_linked","former_name":"","note":""},"geometry":{"type":"Polygon","coordinates":[[[115.45277,42.17677],[115.32547,42.09609],[115.21824,42.09034],[115.16002,42.10932],[115.1362,42.09038],[115.11056,42.10961],[115.0295,42.10354],[115.01963,42.11661],[115.01126,42.10129],[114.94452,42.09057],[114.85412,42.10094],[114.82211,42.14557],[114.80055,42.14749],[114.78341,42.1859],[114.80275,42.1983],[114.75202,42.21594],[114.7562,42.28376],[114.70806,42.36178],[114.70791,42.39736],[114.64247,42.49351],[114.46433,42.65979],[114.40977,42.66786],[114.33131,42.71616],[114.28562,42.71984],[114.26479,42.75681],[114.37602,42.76775],[114.54242,42.84677],[114.76854,42.88837],[114.83959,42.95324],[115.02857,43.02465],[115.01059,42.99704],[115.07973,42.97417],[115.16188,42.98404],[115.24259,42.96359],[115.30301,42.96782],[115.32942,42.93696],[115.27334,42.8686],[115.28568,42.81271],[115.31239,42.80693],[115.33833,42.76602],[115.33023,42.72208],[115.28635,42.68056],[115.32389,42.63889],[115.42074,42.60674],[115.4098,42.59138],[115.42628,42.523],[115.39585,42.50603],[115.44683,42.47082],[115.59091,42.41981],[115.59691,42.39752],[115.56961,42.35067],[115.58844,42.33859],[115.59012,42.31093],[115.54757,42.24752],[115.52941,42.26425],[115.50543,42.25423],[115.45277,42.17677]]]}},{"type":"Feature","id":"CTAMAP-2023-COUNTY-2704","properties":{"map_level":"county","source_name":"准格尔旗","source_code":"150622","county_type":"旗","prefecture_name":"鄂尔多斯市","prefecture_code":"150600","prefecture_type":"地级市","parent_entity_id":"CNUR-000030","parent_year_end_name":"鄂尔多斯市","province_name":"内蒙古自治区","province_code":"150000","snapshot_year":2023,"panel_year":2022,"link_status":"parent_linked","former_name":"","note":""},"geometry":{"type":"Polygon","coordinates":[[[110.96839,40.25211],[111.04288,40.29612],[111.04538,40.26375],[111.13626,40.24224],[111.22657,40.17041],[111.30959,40.15057],[111.40544,40.04326],[111.43892,39.8964],[111.40644,39.85557],[111.409,39.82572],[111.38963,39.82339],[111.3916,39.8026],[111.36456,39.78745],[111.35411,39.72382],[111.43497,39.67067],[111.41772,39.65799],[111.45669,39.61158],[111.42346,39.61805],[111.43463,39.59619],[111.41593,39.53941],[111.42443,39.50658],[111.3665,39.4789],[111.35069,39.42947],[111.28147,39.41598],[111.1682,39.42314],[111.10739,39.37346],[111.11459,39.35932],[111.09467,39.35738],[111.07949,39.38024],[111.0923,39.40194],[111.05676,39.40039],[111.04809,39.43418],[111.13779,39.52332],[111.14945,39.56466],[111.13044,39.58498],[111.08464,39.55032],[111.03832,39.55076],[111.0328,39.56793],[111.01869,39.56976],[111.02848,39.5571],[110.95391,39.51769],[110.87802,39.50685],[110.86106,39.49131],[110.73638,39.3539],[110.70246,39.27604],[110.62464,39.26634],[110.57588,39.29683],[110.55254,39.3525],[110.51764,39.38193],[110.4924,39.35822],[110.42385,39.37794],[110.4336,39.40026],[110.41265,39.42857],[110.42138,39.4645],[110.37453,39.48889],[110.37843,39.50605],[110.31333,39.61767],[110.2745,39.59955],[110.21746,39.61284],[110.22419,39.5774],[110.20078,39.562],[110.12124,39.58601],[110.11079,39.62115],[110.13567,39.65913],[110.13575,39.69906],[110.15652,39.68506],[110.17554,39.69196],[110.14686,39.72261],[110.16774,39.78219],[110.2868,39.72953],[110.35442,39.74362],[110.37161,39.75966],[110.38393,39.82617],[110.41931,39.85858],[110.40205,39.90653],[110.45041,39.93013],[110.57657,39.95228],[110.60364,40.02612],[110.67088,40.08415],[110.69538,40.16813],[110.71734,40.16876],[110.69923,40.17654],[110.68459,40.24362],[110.64091,40.27844],[110.63605,40.30172],[110.68527,40.32316],[110.69062,40.30803],[110.71764,40.31343],[110.71974,40.29609],[110.76395,40.30539],[110.76265,40.27231],[110.80434,40.25864],[110.84077,40.26763],[110.83888,40.29638],[110.8621,40.28798],[110.85222,40.26091],[110.91493,40.24419],[110.95898,40.27507],[110.96839,40.25211]]]}},{"type":"Feature","id":"CTAMAP-2023-COUNTY-2708","properties":{"map_level":"county","source_name":"卓资县","source_code":"150921","county_type":"县","prefecture_name":"乌兰察布市","prefecture_code":"150900","prefecture_type":"地级市","parent_entity_id":"CNUR-000033","parent_year_end_name":"乌兰察布市","province_name":"内蒙古自治区","province_code":"150000","snapshot_year":2023,"panel_year":2022,"link_status":"parent_linked","former_name":"","note":""},"geometry":{"type":"Polygon","coordinates":[[[112.72061,41.14446],[112.74546,41.06625],[112.77725,41.10374],[112.8066,41.10599],[112.82495,41.06123],[112.88016,41.04806],[112.87418,41.02644],[112.82214,41.00314],[112.91229,40.99149],[112.95355,40.93529],[112.90357,40.9166],[112.9245,40.87873],[112.88907,40.85209],[112.90204,40.80241],[112.88444,40.77154],[112.90114,40.75586],[112.86319,40.76921],[112.81253,40.73892],[112.78724,40.76929],[112.7313,40.78245],[112.73554,40.75778],[112.71684,40.74387],[112.71256,40.70992],[112.66493,40.71472],[112.62229,40.68924],[112.59447,40.69749],[112.58015,40.67668],[112.54715,40.67394],[112.5402,40.65309],[112.50239,40.66371],[112.48884,40.64367],[112.45723,40.675],[112.37519,40.67813],[112.34053,40.73205],[112.29399,40.75088],[112.2997,40.78769],[112.28483,40.78301],[112.28358,40.80005],[112.24015,40.78862],[112.23612,40.84206],[112.17083,40.81086],[112.18077,40.84862],[112.14702,40.8799],[112.15881,40.89559],[112.14073,40.90025],[112.13845,40.93803],[112.11695,40.9607],[112.08768,40.94649],[112.03475,40.96767],[112.01102,41.00248],[112.02767,41.04526],[111.92415,41.09298],[111.90237,41.11199],[111.91196,41.12146],[111.87348,41.12944],[111.85297,41.21683],[111.8788,41.22418],[111.91382,41.1928],[111.92621,41.25458],[111.95874,41.26179],[112.00054,41.24021],[112.04377,41.24996],[112.07631,41.22945],[112.10742,41.25482],[112.22808,41.18565],[112.27471,41.13847],[112.34667,41.13708],[112.38748,41.11424],[112.35262,41.09846],[112.3467,41.06817],[112.31261,41.07069],[112.38846,41.02533],[112.4516,41.03742],[112.50431,41.0191],[112.5948,41.02229],[112.62535,41.06494],[112.58489,41.09281],[112.5874,41.12516],[112.63319,41.11239],[112.69772,41.13709],[112.70297,41.15249],[112.72061,41.14446]]]}},{"type":"Feature","id":"CTAMAP-2023-COUNTY-2748","properties":{"map_level":"county","source_name":"康巴什区","source_code":"150603","county_type":"市辖区","prefecture_name":"鄂尔多斯市","prefecture_code":"150600","prefecture_type":"地级市","parent_entity_id":"CNUR-000030","parent_year_end_name":"鄂尔多斯市","province_name":"内蒙古自治区","province_code":"150000","snapshot_year":2023,"panel_year":2022,"link_status":"parent_linked","former_name":"","note":"2016年新设康巴什区"},"geometry":{"type":"Polygon","coordinates":[[[109.97364,39.65116],[110.01629,39.58518],[110.02489,39.51403],[109.93305,39.57705],[109.85752,39.60293],[109.76667,39.58246],[109.70743,39.63843],[109.63996,39.64109],[109.60401,39.6685],[109.61933,39.69859],[109.65113,39.70015],[109.67955,39.72209],[109.66914,39.74437],[109.68862,39.75943],[109.75465,39.71148],[109.97364,39.65116]]]}},{"type":"Feature","id":"CTAMAP-2023-COUNTY-2807","properties":{"map_level":"county","source_name":"新城区","source_code":"150102","county_type":"市辖区","prefecture_name":"呼和浩特市","prefecture_code":"150100","prefecture_type":"地级市","parent_entity_id":"CNUR-000025","parent_year_end_name":"呼和浩特市","province_name":"内蒙古自治区","province_code":"150000","snapshot_year":2023,"panel_year":2022,"link_status":"parent_linked","former_name":"","note":""},"geometry":{"type":"Polygon","coordinates":[[[112.01102,41.00248],[112.03824,40.95002],[112.01966,40.95153],[112.01217,40.93282],[112.02735,40.92626],[111.98918,40.89429],[111.8663,40.88914],[111.84357,40.91057],[111.80344,40.8811],[111.79673,40.85543],[111.66589,40.81092],[111.5931,40.92994],[111.70444,40.93867],[111.68375,40.95574],[111.71133,40.95584],[111.69837,40.98459],[111.78255,41.03662],[111.80167,41.07874],[111.79208,41.08656],[111.8718,41.1319],[111.91196,41.12146],[111.90237,41.11199],[111.92415,41.09298],[112.02731,41.04569],[112.01102,41.00248]]]}},{"type":"Feature","id":"CTAMAP-2023-COUNTY-2813","properties":{"map_level":"county","source_name":"青山区","source_code":"150204","county_type":"市辖区","prefecture_name":"包头市","prefecture_code":"150200","prefecture_type":"地级市","parent_entity_id":"CNUR-000026","parent_year_end_name":"包头市","province_name":"内蒙古自治区","province_code":"150000","snapshot_year":2023,"panel_year":2022,"link_status":"parent_linked","former_name":"","note":""},"geometry":{"type":"Polygon","coordinates":[[[110.07913,40.80264],[110.08536,40.71184],[110.02424,40.62803],[109.98853,40.66933],[109.94043,40.61723],[109.88736,40.64582],[109.83688,40.64272],[109.85359,40.67679],[109.83441,40.70784],[109.85075,40.77231],[109.95218,40.75368],[110.07913,40.80264]]]}},{"type":"Feature","id":"CTAMAP-2023-COUNTY-2818","properties":{"map_level":"county","source_name":"松山区","source_code":"150404","county_type":"市辖区","prefecture_name":"赤峰市","prefecture_code":"150400","prefecture_type":"地级市","parent_entity_id":"CNUR-000028","parent_year_end_name":"赤峰市","province_name":"内蒙古自治区","province_code":"150000","snapshot_year":2023,"panel_year":2022,"link_status":"parent_linked","former_name":"","note":""},"geometry":{"type":"Polygon","coordinates":[[[119.64927,42.58179],[119.61432,42.51159],[119.56694,42.49157],[119.56277,42.43046],[119.50022,42.39667],[119.46887,42.40662],[119.45196,42.39408],[119.39535,42.3964],[119.38708,42.42145],[119.33769,42.41743],[119.32958,42.36633],[119.26769,42.38763],[119.26056,42.37723],[119.21235,42.38565],[119.22469,42.37509],[119.17218,42.31514],[119.15571,42.32492],[119.0734,42.31204],[118.94794,42.33167],[118.93823,42.32046],[118.8872,42.3431],[118.87848,42.32495],[118.95013,42.28278],[118.88677,42.23081],[118.8252,42.22761],[118.8209,42.2077],[118.80146,42.20443],[118.81654,42.19652],[118.81173,42.18051],[118.75223,42.12958],[118.75612,42.10545],[118.68037,42.11804],[118.57729,42.05427],[118.57589,42.08416],[118.53255,42.06843],[118.54548,42.09201],[118.51448,42.10846],[118.45335,42.08195],[118.38465,42.09245],[118.35603,42.11384],[118.28095,42.10595],[118.21674,42.08133],[118.2062,42.03992],[118.15461,42.02523],[118.10931,42.03701],[118.13818,42.04767],[118.13356,42.06576],[118.15257,42.05561],[118.15367,42.08611],[118.08534,42.10791],[118.10939,42.16704],[118.03566,42.1909],[117.96423,42.23941],[118.05381,42.28048],[118.05236,42.30656],[118.02172,42.3132],[118.00322,42.34258],[118.02541,42.37625],[118.01322,42.4003],[117.95783,42.42942],[117.92176,42.47235],[117.86995,42.49137],[117.85098,42.53925],[117.78744,42.58742],[117.81529,42.6397],[117.89169,42.62394],[118.01558,42.62651],[118.10901,42.66824],[118.17795,42.67247],[118.21493,42.64968],[118.34041,42.63463],[118.42479,42.60726],[118.43442,42.62196],[118.46881,42.62289],[118.47438,42.60834],[118.55238,42.59489],[118.58449,42.61299],[118.60724,42.57445],[118.65837,42.56652],[118.71977,42.58015],[118.74854,42.56903],[118.77011,42.52745],[118.79947,42.52123],[118.87779,42.53957],[118.8951,42.52375],[118.97238,42.51623],[118.97696,42.50551],[118.94459,42.50181],[118.9447,42.46214],[119.0953,42.48343],[119.16588,42.51959],[119.18751,42.55374],[119.2428,42.56073],[119.24733,42.53224],[119.27963,42.53053],[119.30143,42.54431],[119.30714,42.58901],[119.35825,42.6123],[119.30215,42.65691],[119.32292,42.68955],[119.3132,42.69905],[119.38325,42.70535],[119.38281,42.72643],[119.4026,42.70522],[119.43473,42.71006],[119.43931,42.66212],[119.48276,42.64121],[119.56168,42.64647],[119.59241,42.67755],[119.61602,42.66201],[119.59742,42.62374],[119.64927,42.58179]]]}},{"type":"Feature","id":"CTAMAP-2023-COUNTY-2845","properties":{"map_level":"county","source_name":"喀喇沁旗","source_code":"150428","county_type":"旗","prefecture_name":"赤峰市","prefecture_code":"150400","prefecture_type":"地级市","parent_entity_id":"CNUR-000028","parent_year_end_name":"赤峰市","province_name":"内蒙古自治区","province_code":"150000","snapshot_year":2023,"panel_year":2022,"link_status":"parent_linked","former_name":"","note":""},"geometry":{"type":"Polygon","coordinates":[[[119.24011,41.98904],[119.27017,41.98291],[119.26097,41.95934],[119.32272,41.95664],[119.31835,41.84467],[119.25463,41.84118],[119.21535,41.85633],[119.06787,41.83865],[118.99406,41.88456],[118.90208,41.84705],[118.78639,41.8517],[118.72126,41.82062],[118.67872,41.82402],[118.62202,41.73283],[118.48665,41.68079],[118.47547,41.65409],[118.4867,41.63961],[118.46374,41.62758],[118.45855,41.59133],[118.43625,41.5734],[118.35068,41.58096],[118.28361,41.55758],[118.22973,41.57709],[118.20713,41.62155],[118.21339,41.64006],[118.15515,41.6776],[118.14988,41.71935],[118.12868,41.72877],[118.14182,41.79648],[118.17912,41.81471],[118.2211,41.81215],[118.24505,41.76996],[118.27379,41.75968],[118.30161,41.77692],[118.3181,41.82827],[118.33949,41.84279],[118.32865,41.87543],[118.26109,41.91918],[118.29689,41.93733],[118.30711,41.98618],[118.28546,42.00544],[118.23035,42.0134],[118.27768,42.02645],[118.29077,42.04662],[118.25654,42.08606],[118.28064,42.10589],[118.35603,42.11384],[118.38465,42.09245],[118.45335,42.08195],[118.51448,42.10846],[118.54548,42.09201],[118.53196,42.06883],[118.57589,42.08416],[118.57141,42.06018],[118.58725,42.0554],[118.60018,42.07821],[118.68037,42.11804],[118.75612,42.10545],[118.75223,42.12958],[118.81173,42.18051],[118.81654,42.19652],[118.80229,42.20621],[118.8209,42.2077],[118.82813,42.22969],[118.87818,42.23443],[118.91803,42.19782],[118.87771,42.1862],[118.85292,42.14857],[118.86665,42.12347],[118.84269,42.11707],[118.85809,42.10614],[118.84121,42.06306],[118.92081,42.03082],[118.96982,42.03849],[119.01857,42.08713],[119.05652,42.06821],[119.07723,42.03032],[119.11593,42.05309],[119.15079,42.04519],[119.17752,42.02504],[119.16418,42.01866],[119.19002,41.98767],[119.09694,41.97282],[119.10919,41.93462],[119.13268,41.92467],[119.16273,41.93989],[119.20086,41.93505],[119.24011,41.98904]]]}},{"type":"Feature","id":"CTAMAP-2023-COUNTY-2846","properties":{"map_level":"county","source_name":"元宝山区","source_code":"150403","county_type":"市辖区","prefecture_name":"赤峰市","prefecture_code":"150400","prefecture_type":"地级市","parent_entity_id":"CNUR-000028","parent_year_end_name":"赤峰市","province_name":"内蒙古自治区","province_code":"150000","snapshot_year":2023,"panel_year":2022,"link_status":"parent_linked","former_name":"","note":""},"geometry":{"type":"Polygon","coordinates":[[[119.38713,42.42141],[119.39535,42.3964],[119.49879,42.40041],[119.48314,42.3505],[119.41056,42.30786],[119.34233,42.29951],[119.27815,42.26311],[119.23166,42.19875],[119.30142,42.14554],[119.30389,42.11985],[119.36835,42.1016],[119.36747,42.01966],[119.32101,41.97232],[119.32272,41.95664],[119.26097,41.95934],[119.27017,41.98291],[119.24011,41.98904],[119.20086,41.93505],[119.11105,41.93248],[119.09899,41.97474],[119.19002,41.98767],[119.16418,42.01866],[119.17752,42.02504],[119.15079,42.04519],[119.11593,42.05309],[119.07723,42.03032],[119.05652,42.06821],[119.0382,42.07302],[119.04395,42.10302],[119.08702,42.11652],[119.0696,42.14595],[119.10306,42.16368],[119.07469,42.19709],[119.08842,42.22633],[119.0233,42.24597],[119.04317,42.2499],[119.04838,42.27102],[119.0949,42.27406],[119.1262,42.2951],[119.16641,42.29196],[119.22469,42.37509],[119.21235,42.38565],[119.26056,42.37723],[119.26769,42.38763],[119.32958,42.36633],[119.33063,42.41298],[119.38713,42.42141]]]}}]}