{"type":"FeatureCollection","features":[{"type":"Feature","id":"CTAMAP-2023-COUNTY-0030","properties":{"map_level":"county","source_name":"安龙县","source_code":"522328","county_type":"县","prefecture_name":"黔西南布依族苗族自治州","prefecture_code":"522300","prefecture_type":"自治州","parent_entity_id":"CNUR-000263","parent_year_end_name":"黔西南布依族苗族自治州","province_name":"贵州省","province_code":"520000","snapshot_year":2023,"panel_year":2022,"link_status":"parent_linked","former_name":"","note":""},"geometry":{"type":"MultiPolygon","coordinates":[[[[105.62894,25.30015],[105.62243,25.27329],[105.63861,25.24332],[105.62587,25.21786],[105.6285,25.20506],[105.64945,25.20639],[105.64306,25.19169],[105.66005,25.16493],[105.64313,25.15922],[105.61829,25.12048],[105.62587,25.09831],[105.61389,25.09388],[105.61634,25.06573],[105.60322,25.04996],[105.61767,25.02564],[105.60166,25.00267],[105.6207,24.98808],[105.62602,24.99939],[105.6327,24.9985],[105.64359,24.97342],[105.60669,24.97617],[105.60447,24.95563],[105.59609,24.95167],[105.58372,24.96699],[105.57378,24.96176],[105.55173,24.97103],[105.53049,24.96009],[105.50139,24.9666],[105.49672,24.94572],[105.47999,24.94494],[105.46117,24.93019],[105.46098,24.91337],[105.44938,24.91024],[105.42644,24.93276],[105.38835,24.94463],[105.36156,24.946],[105.32136,24.92696],[105.26363,24.93305],[105.25441,24.94726],[105.25788,24.96538],[105.2326,24.96878],[105.23144,24.98119],[105.2123,24.98482],[105.2083,24.99857],[105.17614,24.98867],[105.15403,24.96178],[105.13091,24.96569],[105.12213,24.94923],[105.097,24.93924],[105.07846,24.91936],[105.04314,24.91466],[105.0311,24.93587],[105.03391,24.9586],[105.01255,24.95662],[104.99726,24.97915],[104.99712,24.98951],[105.01193,25.0014],[105.01674,24.98805],[105.04169,25.01067],[105.05181,25.00672],[105.05658,25.0199],[105.07661,25.01607],[105.09906,25.03351],[105.09963,25.06368],[105.11314,25.10822],[105.13215,25.13453],[105.16384,25.15788],[105.16444,25.16747],[105.18153,25.1693],[105.17244,25.17482],[105.18168,25.19615],[105.12968,25.2057],[105.1422,25.24255],[105.13455,25.26282],[105.1439,25.28771],[105.16724,25.29048],[105.23131,25.325],[105.25015,25.32851],[105.26013,25.3219],[105.27765,25.34831],[105.30238,25.35108],[105.34109,25.33766],[105.33589,25.32367],[105.35707,25.30446],[105.36332,25.30941],[105.35597,25.3362],[105.37219,25.34257],[105.39703,25.33808],[105.41233,25.37003],[105.43327,25.3846],[105.4536,25.38215],[105.47896,25.36595],[105.516,25.37057],[105.52012,25.35288],[105.59307,25.34097],[105.59749,25.32577],[105.6187,25.31141],[105.62119,25.29858],[105.62894,25.30015]]],[[[105.0955,24.93192],[105.08558,24.91748],[105.07826,24.91768],[105.0955,24.93192]]]]}},{"type":"Feature","id":"CTAMAP-2023-COUNTY-0115","properties":{"map_level":"county","source_name":"碧江区","source_code":"520602","county_type":"市辖区","prefecture_name":"铜仁市","prefecture_code":"520600","prefecture_type":"地级市","parent_entity_id":"CNUR-000262","parent_year_end_name":"铜仁市","province_name":"贵州省","province_code":"520000","snapshot_year":2023,"panel_year":2022,"link_status":"parent_linked","former_name":"铜仁市","note":"2011年撤销铜仁市，设立碧江区"},"geometry":{"type":"Polygon","coordinates":[[[109.32443,27.8721],[109.33389,27.86839],[109.31624,27.86193],[109.34414,27.84535],[109.32656,27.78489],[109.33172,27.7771],[109.34651,27.77602],[109.35797,27.75728],[109.35442,27.74688],[109.37003,27.74268],[109.35799,27.72496],[109.40715,27.72856],[109.42617,27.70415],[109.46958,27.6843],[109.45423,27.66678],[109.47106,27.6399],[109.44781,27.59033],[109.45828,27.57],[109.45364,27.56351],[109.4381,27.56625],[109.42149,27.55085],[109.41083,27.5594],[109.3879,27.55143],[109.3786,27.53768],[109.37421,27.57651],[109.34257,27.62767],[109.28346,27.61045],[109.26032,27.62174],[109.23864,27.61244],[109.2455,27.63522],[109.25835,27.64033],[109.25667,27.65426],[109.26303,27.65251],[109.25333,27.65935],[109.25831,27.66571],[109.22999,27.66752],[109.23574,27.68509],[109.22225,27.69166],[109.20143,27.67012],[109.19953,27.68],[109.1783,27.68786],[109.18142,27.6955],[109.1683,27.70358],[109.13311,27.67789],[109.13628,27.65401],[109.10004,27.64531],[109.08547,27.61989],[109.03616,27.61445],[109.02996,27.64559],[109.01291,27.65256],[108.9927,27.62703],[108.9723,27.63528],[108.93935,27.63527],[108.93573,27.65933],[108.97123,27.69331],[108.9553,27.70802],[108.95447,27.715],[108.96287,27.71657],[108.94041,27.73598],[108.93533,27.75067],[108.94175,27.78239],[108.95035,27.78919],[108.96243,27.7943],[109.00885,27.78478],[109.03919,27.80422],[109.05065,27.79317],[109.06277,27.79553],[109.10599,27.8301],[109.10568,27.85262],[109.08526,27.86409],[109.10055,27.87354],[109.1437,27.86783],[109.16467,27.85402],[109.16917,27.84158],[109.20062,27.84359],[109.19975,27.83321],[109.20686,27.85337],[109.24452,27.86674],[109.29428,27.85408],[109.32443,27.8721]],[[109.21338,27.7146],[109.19766,27.71848],[109.20307,27.71093],[109.21338,27.7146]]]}},{"type":"Feature","id":"CTAMAP-2023-COUNTY-0128","properties":{"map_level":"county","source_name":"播州区","source_code":"520304","county_type":"市辖区","prefecture_name":"遵义市","prefecture_code":"520300","prefecture_type":"地级市","parent_entity_id":"CNUR-000259","parent_year_end_name":"遵义市","province_name":"贵州省","province_code":"520000","snapshot_year":2023,"panel_year":2022,"link_status":"parent_linked","former_name":"遵义县","note":"2016年撤销遵义县，设立播州区"},"geometry":{"type":"Polygon","coordinates":[[[106.69191,27.66174],[106.72825,27.66524],[106.74611,27.64014],[106.7778,27.62633],[106.79705,27.6336],[106.80482,27.61607],[106.82353,27.63308],[106.84878,27.61188],[106.86207,27.6361],[106.88856,27.62761],[106.88587,27.60711],[106.90462,27.60928],[106.91611,27.60038],[106.90495,27.56993],[106.91698,27.55794],[106.92258,27.56499],[106.94512,27.56012],[106.97167,27.5705],[106.9751,27.56185],[106.99445,27.56627],[107.01223,27.60378],[107.02873,27.61181],[107.05331,27.59754],[107.05936,27.60958],[107.0666,27.59503],[107.08597,27.58824],[107.07332,27.56533],[107.08941,27.56643],[107.08767,27.54201],[107.1046,27.53144],[107.14313,27.55224],[107.15248,27.60327],[107.20636,27.57512],[107.26752,27.60746],[107.27594,27.54612],[107.26048,27.51979],[107.26987,27.51389],[107.27066,27.49281],[107.26102,27.4754],[107.26367,27.44299],[107.25382,27.42319],[107.24112,27.417],[107.24788,27.40417],[107.23286,27.4035],[107.19192,27.35876],[107.14931,27.35455],[107.09858,27.32385],[107.07536,27.32776],[107.04075,27.35491],[106.99718,27.35608],[106.9468,27.31036],[106.93123,27.30872],[106.89499,27.26274],[106.86154,27.29018],[106.86272,27.30354],[106.8542,27.31428],[106.83424,27.32596],[106.80515,27.32442],[106.79225,27.30966],[106.79077,27.27768],[106.7734,27.26038],[106.77551,27.25446],[106.753,27.25464],[106.76118,27.24128],[106.73905,27.22073],[106.73184,27.2303],[106.75129,27.25042],[106.73148,27.25883],[106.72696,27.29626],[106.71008,27.31017],[106.71228,27.32325],[106.69282,27.34038],[106.68834,27.35618],[106.72261,27.40903],[106.6982,27.43471],[106.70443,27.44279],[106.70157,27.45928],[106.69027,27.46841],[106.66747,27.46449],[106.63278,27.51717],[106.58628,27.5358],[106.56643,27.52094],[106.54644,27.52053],[106.54566,27.50677],[106.53869,27.51453],[106.52181,27.50893],[106.51557,27.50248],[106.52711,27.48818],[106.5074,27.47359],[106.46094,27.4949],[106.45163,27.51189],[106.41307,27.50808],[106.40338,27.49744],[106.36315,27.48614],[106.36625,27.47083],[106.34969,27.48027],[106.33029,27.47583],[106.32119,27.49467],[106.31191,27.49779],[106.30602,27.52963],[106.33778,27.5448],[106.33353,27.57958],[106.31519,27.58382],[106.30768,27.60127],[106.29465,27.60639],[106.30371,27.61678],[106.32194,27.61425],[106.33341,27.62683],[106.35149,27.61842],[106.38611,27.62048],[106.44012,27.60126],[106.45229,27.61356],[106.46969,27.61431],[106.45823,27.65161],[106.47483,27.65911],[106.48149,27.6664],[106.47831,27.67914],[106.49112,27.68519],[106.48006,27.70877],[106.49132,27.72784],[106.46518,27.74542],[106.48623,27.76088],[106.5009,27.78487],[106.49753,27.841],[106.50508,27.85258],[106.5434,27.8252],[106.56916,27.81924],[106.56499,27.78557],[106.5737,27.71505],[106.59732,27.70225],[106.60291,27.7174],[106.63916,27.71996],[106.65348,27.66906],[106.66385,27.66775],[106.66373,27.66029],[106.67615,27.68341],[106.69191,27.66174]]]}},{"type":"Feature","id":"CTAMAP-2023-COUNTY-0150","properties":{"map_level":"county","source_name":"册亨县","source_code":"522327","county_type":"县","prefecture_name":"黔西南布依族苗族自治州","prefecture_code":"522300","prefecture_type":"自治州","parent_entity_id":"CNUR-000263","parent_year_end_name":"黔西南布依族苗族自治州","province_name":"贵州省","province_code":"520000","snapshot_year":2023,"panel_year":2022,"link_status":"parent_linked","former_name":"","note":""},"geometry":{"type":"Polygon","coordinates":[[[105.90367,25.12502],[105.95224,25.07501],[105.95359,25.05546],[105.99647,25.03454],[106.01058,25.00991],[106.0595,25.01672],[106.07481,25.00893],[106.07509,24.99078],[106.05003,24.94683],[106.05753,24.92828],[106.11915,24.90132],[106.13123,24.91583],[106.12999,24.93838],[106.14141,24.95657],[106.1891,24.89909],[106.2013,24.86262],[106.19429,24.81826],[106.18113,24.804],[106.18417,24.79151],[106.17071,24.76593],[106.16259,24.76004],[106.14578,24.76556],[106.13211,24.73287],[106.0466,24.68915],[106.02041,24.63621],[105.98682,24.65248],[105.9837,24.66363],[105.9594,24.68014],[105.93507,24.72975],[105.88732,24.72598],[105.87808,24.73379],[105.86142,24.73258],[105.85305,24.72005],[105.82519,24.7059],[105.79771,24.70532],[105.7666,24.72067],[105.75574,24.73758],[105.70147,24.77227],[105.62559,24.77942],[105.59545,24.81053],[105.55775,24.80039],[105.49277,24.81386],[105.48658,24.84357],[105.45226,24.87637],[105.44498,24.91154],[105.46098,24.91337],[105.46117,24.93019],[105.47999,24.94494],[105.49672,24.94572],[105.50139,24.9666],[105.53049,24.96009],[105.55173,24.97103],[105.57378,24.96176],[105.58372,24.96699],[105.59609,24.95167],[105.60447,24.95563],[105.60669,24.97617],[105.62726,24.97905],[105.63305,24.97027],[105.64698,24.97557],[105.63557,24.98375],[105.6327,24.9985],[105.62602,24.99939],[105.6207,24.98808],[105.60166,25.00267],[105.61767,25.02564],[105.60322,25.04996],[105.61634,25.06573],[105.61389,25.09388],[105.62587,25.09831],[105.61829,25.12048],[105.64313,25.15922],[105.66005,25.16493],[105.64306,25.19169],[105.64945,25.20639],[105.6285,25.20506],[105.62587,25.21786],[105.63861,25.24332],[105.62243,25.27329],[105.62894,25.30015],[105.64223,25.29115],[105.65872,25.29222],[105.65537,25.27517],[105.66409,25.27055],[105.69257,25.26409],[105.70509,25.27107],[105.71245,25.25492],[105.72591,25.25605],[105.7309,25.23106],[105.75009,25.2214],[105.7521,25.21298],[105.73212,25.1925],[105.7399,25.16859],[105.79538,25.14454],[105.81647,25.15274],[105.83868,25.13008],[105.85406,25.12925],[105.85716,25.11964],[105.8799,25.11279],[105.90367,25.12502]]]}},{"type":"Feature","id":"CTAMAP-2023-COUNTY-0152","properties":{"map_level":"county","source_name":"岑巩县","source_code":"522626","county_type":"县","prefecture_name":"黔东南苗族侗族自治州","prefecture_code":"522600","prefecture_type":"自治州","parent_entity_id":"CNUR-000264","parent_year_end_name":"黔东南苗族侗族自治州","province_name":"贵州省","province_code":"520000","snapshot_year":2023,"panel_year":2022,"link_status":"parent_linked","former_name":"","note":""},"geometry":{"type":"Polygon","coordinates":[[[108.83978,27.4981],[108.86526,27.5004],[108.9054,27.49073],[108.92465,27.52455],[108.94452,27.50163],[108.97376,27.4916],[108.95183,27.47746],[108.95195,27.46458],[108.96428,27.456],[108.98966,27.45672],[108.99439,27.44232],[109.00395,27.45511],[109.01145,27.45203],[109.03445,27.42292],[109.03405,27.40181],[109.00972,27.37682],[108.96068,27.37547],[108.94101,27.36418],[108.90988,27.3704],[108.89687,27.34866],[108.8888,27.34822],[108.8846,27.3624],[108.85362,27.36853],[108.85576,27.35607],[108.83948,27.34849],[108.84233,27.3368],[108.86677,27.32311],[108.87246,27.3083],[108.86137,27.30795],[108.86765,27.28834],[108.84678,27.28362],[108.8434,27.2544],[108.82387,27.23984],[108.81013,27.21394],[108.8213,27.19391],[108.84015,27.18636],[108.80939,27.17207],[108.71591,27.16756],[108.70424,27.17086],[108.70418,27.17784],[108.68892,27.16587],[108.67186,27.17091],[108.65007,27.15693],[108.63991,27.16146],[108.63594,27.1826],[108.65838,27.19443],[108.65659,27.21427],[108.6316,27.22442],[108.60168,27.22062],[108.58762,27.20747],[108.57274,27.21218],[108.57591,27.22175],[108.56373,27.24244],[108.57516,27.26023],[108.56406,27.27284],[108.47935,27.2726],[108.4578,27.3029],[108.46023,27.31736],[108.4093,27.31763],[108.40442,27.34281],[108.37398,27.34605],[108.36088,27.33897],[108.33755,27.3584],[108.34513,27.3764],[108.40461,27.40903],[108.41314,27.41814],[108.40772,27.42344],[108.42025,27.42983],[108.46419,27.42316],[108.47851,27.40795],[108.48583,27.41006],[108.48436,27.42522],[108.51474,27.424],[108.51462,27.44559],[108.52664,27.45564],[108.54293,27.49787],[108.57247,27.48384],[108.57588,27.47486],[108.59655,27.51912],[108.60882,27.52528],[108.62636,27.52708],[108.65847,27.50787],[108.69442,27.52605],[108.71465,27.52012],[108.74203,27.49226],[108.74655,27.47282],[108.75779,27.4729],[108.75476,27.49125],[108.7602,27.4945],[108.76561,27.4884],[108.80016,27.49102],[108.82617,27.47931],[108.83018,27.48667],[108.81363,27.50274],[108.82126,27.50827],[108.83636,27.50833],[108.83978,27.4981]]]}},{"type":"Feature","id":"CTAMAP-2023-COUNTY-0210","properties":{"map_level":"county","source_name":"赤水市","source_code":"520381","county_type":"县级市","prefecture_name":"遵义市","prefecture_code":"520300","prefecture_type":"地级市","parent_entity_id":"CNUR-000259","parent_year_end_name":"遵义市","province_name":"贵州省","province_code":"520000","snapshot_year":2023,"panel_year":2022,"link_status":"parent_linked","former_name":"","note":""},"geometry":{"type":"Polygon","coordinates":[[[106.2684,28.53794],[106.26263,28.53377],[106.26914,28.53043],[106.26616,28.52194],[106.25416,28.51903],[106.25518,28.49981],[106.22782,28.51964],[106.22332,28.50775],[106.20347,28.49579],[106.20752,28.48577],[106.20138,28.47749],[106.16216,28.47097],[106.15193,28.47994],[106.13906,28.46664],[106.1409,28.45798],[106.10869,28.45753],[106.09078,28.42411],[106.10586,28.42029],[106.11498,28.40626],[106.06236,28.4313],[106.06283,28.39716],[106.03854,28.37532],[106.04627,28.36125],[106.02822,28.35349],[106.03254,28.33916],[106.02138,28.33978],[106.00994,28.31913],[105.97735,28.31711],[105.96792,28.3024],[105.93646,28.30709],[105.92761,28.29209],[105.91299,28.29125],[105.91198,28.2819],[105.89701,28.29924],[105.88048,28.2931],[105.87725,28.28324],[105.85591,28.2854],[105.84194,28.26388],[105.82073,28.30874],[105.79735,28.31204],[105.78008,28.34049],[105.76739,28.33238],[105.77568,28.31285],[105.73513,28.30805],[105.73252,28.27399],[105.68539,28.28751],[105.66457,28.31602],[105.64727,28.32163],[105.64132,28.31066],[105.6364,28.31567],[105.6509,28.36652],[105.64774,28.39338],[105.63658,28.40336],[105.6444,28.42455],[105.63576,28.43852],[105.60579,28.44619],[105.61617,28.46666],[105.60617,28.47696],[105.62297,28.50005],[105.62143,28.5233],[105.65972,28.52699],[105.66556,28.53818],[105.67968,28.53876],[105.67795,28.55586],[105.68935,28.57033],[105.691,28.594],[105.71305,28.59086],[105.74277,28.61988],[105.754,28.59328],[105.77447,28.60052],[105.78134,28.61458],[105.80584,28.60328],[105.86973,28.60649],[105.87941,28.5977],[105.9017,28.60624],[105.90202,28.61602],[105.8885,28.62627],[105.88786,28.67159],[105.93216,28.68453],[105.92868,28.7059],[105.95296,28.71778],[105.9636,28.76602],[105.97452,28.74967],[106.00793,28.73929],[106.02536,28.71775],[106.01638,28.71094],[106.03272,28.70881],[106.02714,28.6989],[106.03414,28.69274],[106.0408,28.6971],[106.05983,28.68782],[106.06523,28.69329],[106.08159,28.68426],[106.08332,28.65922],[106.10398,28.63382],[106.11743,28.63559],[106.12461,28.64666],[106.16111,28.63938],[106.18592,28.58199],[106.21624,28.57641],[106.24479,28.54857],[106.2684,28.53794]]]}},{"type":"Feature","id":"CTAMAP-2023-COUNTY-0230","properties":{"map_level":"county","source_name":"从江县","source_code":"522633","county_type":"县","prefecture_name":"黔东南苗族侗族自治州","prefecture_code":"522600","prefecture_type":"自治州","parent_entity_id":"CNUR-000264","parent_year_end_name":"黔东南苗族侗族自治州","province_name":"贵州省","province_code":"520000","snapshot_year":2023,"panel_year":2022,"link_status":"parent_linked","former_name":"","note":""},"geometry":{"type":"Polygon","coordinates":[[[108.73221,26.03963],[108.7378,26.03315],[108.74602,26.03964],[108.76327,26.03491],[108.7663,26.00416],[108.75104,25.98786],[108.76549,25.95633],[108.77551,25.95435],[108.78028,25.93351],[108.84115,25.9415],[108.84094,25.95225],[108.8608,25.9483],[108.87191,25.96005],[108.88838,25.95865],[108.91192,25.93371],[108.9074,25.89112],[108.91961,25.87918],[108.93772,25.87823],[108.94989,25.90238],[108.96987,25.89202],[108.98959,25.90628],[108.99387,25.93048],[109.01156,25.95699],[109.0141,25.98908],[109.02351,25.98342],[109.04413,25.99641],[109.06101,25.99048],[109.06143,25.97581],[109.08621,25.98137],[109.11427,25.96156],[109.1124,25.93051],[109.12768,25.92555],[109.12856,25.90851],[109.13786,25.90809],[109.14659,25.88924],[109.16286,25.88158],[109.16815,25.86236],[109.18711,25.85655],[109.18713,25.84251],[109.16838,25.82646],[109.17874,25.81555],[109.16179,25.79964],[109.17588,25.79164],[109.17417,25.78208],[109.18728,25.77868],[109.17414,25.76261],[109.15191,25.76158],[109.15407,25.75253],[109.14375,25.74419],[109.12721,25.76297],[109.14424,25.78291],[109.13938,25.7979],[109.12131,25.81153],[109.0905,25.80949],[109.09108,25.79793],[109.07725,25.79412],[109.07489,25.77947],[109.04485,25.79337],[109.00771,25.79529],[109.00565,25.78354],[108.99352,25.78704],[108.98491,25.78062],[108.99552,25.76335],[108.98242,25.76432],[108.96766,25.74781],[108.95431,25.7446],[108.9576,25.73387],[108.94004,25.73454],[108.93554,25.74379],[108.90734,25.72851],[108.906,25.71857],[108.89114,25.7161],[108.8946,25.68639],[108.91479,25.67969],[108.92479,25.68723],[108.94206,25.67944],[108.97509,25.70867],[108.97936,25.72319],[108.99675,25.72686],[108.99774,25.73806],[109.02679,25.72533],[109.04883,25.74722],[109.05001,25.73107],[109.0738,25.72247],[109.06682,25.71394],[109.06872,25.69537],[109.0542,25.68419],[109.02706,25.6337],[109.04413,25.61558],[109.03742,25.60877],[109.04637,25.57016],[109.08422,25.55246],[109.02263,25.51399],[108.98826,25.53939],[108.96853,25.53385],[108.96387,25.54845],[108.94583,25.5597],[108.89767,25.54334],[108.88511,25.54551],[108.88559,25.55944],[108.82127,25.55212],[108.80697,25.5285],[108.79248,25.55272],[108.77709,25.5571],[108.79324,25.58018],[108.78979,25.59551],[108.77648,25.60442],[108.78257,25.62447],[108.74593,25.64074],[108.68287,25.62494],[108.68309,25.58875],[108.66085,25.5908],[108.65487,25.5551],[108.6846,25.53697],[108.68643,25.52048],[108.66284,25.5324],[108.63117,25.52273],[108.61623,25.49486],[108.60342,25.49514],[108.61457,25.47765],[108.6248,25.4806],[108.62926,25.4683],[108.62051,25.4674],[108.60602,25.48127],[108.59503,25.45604],[108.59623,25.43503],[108.58397,25.42528],[108.59105,25.41125],[108.60964,25.41028],[108.61454,25.40155],[108.61344,25.36295],[108.62359,25.35586],[108.62617,25.33645],[108.62134,25.31162],[108.61348,25.30964],[108.58828,25.33476],[108.59065,25.35232],[108.58141,25.36594],[108.55917,25.37798],[108.55008,25.39735],[108.52115,25.42029],[108.50509,25.41725],[108.50842,25.42891],[108.50006,25.44807],[108.48395,25.45964],[108.43936,25.45279],[108.42506,25.43777],[108.41307,25.44792],[108.39555,25.49406],[108.35498,25.51673],[108.34547,25.53783],[108.31568,25.53384],[108.3133,25.52433],[108.30417,25.52834],[108.29848,25.52068],[108.28717,25.527],[108.27682,25.55963],[108.28022,25.5733],[108.25828,25.58829],[108.24187,25.58804],[108.2442,25.62002],[108.238,25.62984],[108.2671,25.65127],[108.29145,25.64915],[108.30121,25.65932],[108.31676,25.64707],[108.34138,25.65983],[108.34561,25.67722],[108.38091,25.66631],[108.41087,25.67866],[108.3835,25.71122],[108.38528,25.72693],[108.41539,25.74159],[108.43759,25.77283],[108.43305,25.78907],[108.45667,25.81679],[108.48693,25.83586],[108.50438,25.83231],[108.51864,25.81449],[108.52691,25.81674],[108.53377,25.83395],[108.54657,25.81437],[108.55469,25.81734],[108.56265,25.83207],[108.55551,25.84255],[108.56836,25.85327],[108.58729,25.85091],[108.59872,25.87973],[108.596,25.93537],[108.60469,25.95456],[108.62734,25.96663],[108.64098,25.965],[108.65013,25.98489],[108.67493,25.97852],[108.70806,25.99214],[108.71888,26.03404],[108.73221,26.03963]]]}},{"type":"Feature","id":"CTAMAP-2023-COUNTY-0247","properties":{"map_level":"county","source_name":"大方县","source_code":"520521","county_type":"县","prefecture_name":"毕节市","prefecture_code":"520500","prefecture_type":"地级市","parent_entity_id":"CNUR-000261","parent_year_end_name":"毕节市","province_name":"贵州省","province_code":"520000","snapshot_year":2023,"panel_year":2022,"link_status":"parent_linked","former_name":"","note":""},"geometry":{"type":"Polygon","coordinates":[[[106.12835,27.24752],[106.07199,27.2468],[106.05991,27.23024],[106.05824,27.23733],[106.03994,27.24171],[106.03387,27.23504],[106.03834,27.2309],[105.99692,27.21741],[106.01367,27.21676],[106.00458,27.20695],[106.00926,27.20054],[105.99666,27.19339],[105.98234,27.19921],[105.9507,27.18051],[105.91613,27.18631],[105.91061,27.20126],[105.88876,27.20198],[105.87618,27.16811],[105.83021,27.1573],[105.81624,27.1257],[105.80698,27.06117],[105.81488,27.03927],[105.78908,27.0137],[105.78993,26.98092],[105.81466,26.93823],[105.80496,26.92596],[105.77409,26.92586],[105.75483,26.93336],[105.74092,26.92926],[105.72511,26.94526],[105.68583,26.93034],[105.66938,26.9503],[105.64114,26.95487],[105.62513,26.94167],[105.63314,26.89503],[105.60655,26.8611],[105.60823,26.83769],[105.58567,26.8374],[105.57585,26.85746],[105.55273,26.87543],[105.55857,26.89162],[105.55213,26.90134],[105.46842,26.88562],[105.45573,26.89237],[105.45424,26.91281],[105.4303,26.91899],[105.42631,26.93966],[105.31983,26.9647],[105.31183,26.9574],[105.28274,26.95741],[105.26004,26.99548],[105.28248,27.0387],[105.2833,27.05671],[105.29337,27.06184],[105.28797,27.07455],[105.30599,27.07904],[105.32262,27.07345],[105.40911,27.10524],[105.41697,27.12977],[105.40689,27.17075],[105.44215,27.20489],[105.42547,27.23514],[105.40941,27.24332],[105.44912,27.25105],[105.4308,27.27978],[105.45086,27.29913],[105.53302,27.33648],[105.5261,27.34766],[105.53326,27.38257],[105.51178,27.38098],[105.50832,27.40147],[105.51851,27.41659],[105.49953,27.42937],[105.52193,27.45102],[105.52013,27.46425],[105.54385,27.47622],[105.54957,27.4955],[105.65859,27.51784],[105.67134,27.57843],[105.67781,27.58599],[105.71746,27.59092],[105.72556,27.60088],[105.74005,27.6],[105.74025,27.58395],[105.75027,27.57958],[105.79357,27.59347],[105.82803,27.58486],[105.83778,27.59327],[105.85882,27.59455],[105.86264,27.6052],[105.86651,27.59082],[105.88389,27.57703],[105.88575,27.56293],[105.86955,27.52799],[105.88775,27.52224],[105.888,27.49763],[105.8735,27.47681],[105.88239,27.47079],[105.89588,27.47579],[105.89899,27.45426],[105.94046,27.48338],[105.96073,27.47446],[105.97008,27.44879],[106.00214,27.43285],[105.98891,27.41092],[106.02126,27.39758],[106.01314,27.37336],[106.03934,27.37572],[106.04222,27.3628],[106.06193,27.35223],[106.07968,27.31828],[106.11265,27.30164],[106.12177,27.27537],[106.13229,27.26999],[106.12835,27.24752]]]}},{"type":"Feature","id":"CTAMAP-2023-COUNTY-0283","properties":{"map_level":"county","source_name":"丹寨县","source_code":"522636","county_type":"县","prefecture_name":"黔东南苗族侗族自治州","prefecture_code":"522600","prefecture_type":"自治州","parent_entity_id":"CNUR-000264","parent_year_end_name":"黔东南苗族侗族自治州","province_name":"贵州省","province_code":"520000","snapshot_year":2023,"panel_year":2022,"link_status":"parent_linked","former_name":"","note":""},"geometry":{"type":"Polygon","coordinates":[[[107.92606,26.42057],[107.92006,26.41008],[107.93454,26.40271],[107.96285,26.35916],[107.95557,26.34524],[107.94361,26.34483],[107.94199,26.33463],[107.96232,26.32739],[107.9904,26.30144],[108.01408,26.30004],[108.00936,26.28286],[108.02143,26.27523],[108.02281,26.24849],[108.05966,26.24643],[108.04582,26.22995],[108.05717,26.21965],[108.06902,26.22505],[108.07418,26.21172],[108.1003,26.23456],[108.11194,26.21594],[108.12928,26.2212],[108.13958,26.21555],[108.11219,26.15284],[108.11936,26.12888],[108.13069,26.11928],[108.13113,26.10055],[108.10624,26.07656],[108.05664,26.07912],[108.02131,26.09792],[107.99467,26.08269],[107.97459,26.08547],[107.96738,26.07392],[107.95647,26.07427],[107.95195,26.06157],[107.94819,26.07927],[107.93756,26.08007],[107.9399,26.08778],[107.92387,26.09448],[107.90139,26.12162],[107.88475,26.12074],[107.8726,26.12996],[107.86406,26.12519],[107.85287,26.14328],[107.84237,26.1327],[107.8387,26.11152],[107.82029,26.09781],[107.7867,26.12321],[107.78123,26.14686],[107.75984,26.15443],[107.75864,26.17521],[107.74224,26.18281],[107.74281,26.17401],[107.73245,26.17054],[107.7369,26.21744],[107.75055,26.22479],[107.74695,26.25025],[107.76497,26.26806],[107.76385,26.29177],[107.77308,26.29964],[107.77477,26.31328],[107.76553,26.32159],[107.78537,26.325],[107.7805,26.34699],[107.79414,26.3567],[107.81563,26.39632],[107.81369,26.41595],[107.82774,26.42015],[107.83985,26.40844],[107.86365,26.42003],[107.86963,26.43377],[107.8837,26.42063],[107.90236,26.42637],[107.92606,26.42057]]]}},{"type":"Feature","id":"CTAMAP-2023-COUNTY-0296","properties":{"map_level":"county","source_name":"道真仡佬族苗族自治县","source_code":"520325","county_type":"自治县","prefecture_name":"遵义市","prefecture_code":"520300","prefecture_type":"地级市","parent_entity_id":"CNUR-000259","parent_year_end_name":"遵义市","province_name":"贵州省","province_code":"520000","snapshot_year":2023,"panel_year":2022,"link_status":"parent_linked","former_name":"","note":""},"geometry":{"type":"Polygon","coordinates":[[[107.81881,29.03605],[107.81712,29.00969],[107.80473,28.986],[107.8386,28.96691],[107.85717,28.96692],[107.86356,28.95783],[107.84409,28.9293],[107.8258,28.91779],[107.80269,28.8725],[107.79243,28.79694],[107.78212,28.77818],[107.79877,28.76145],[107.77359,28.74036],[107.76952,28.71037],[107.75838,28.71625],[107.74433,28.71227],[107.72567,28.6967],[107.71847,28.65328],[107.70696,28.63986],[107.68524,28.65372],[107.67564,28.64383],[107.6395,28.63514],[107.63413,28.61985],[107.60214,28.61208],[107.58302,28.6216],[107.57652,28.63545],[107.53574,28.62504],[107.47723,28.67851],[107.49381,28.75465],[107.48513,28.76516],[107.4708,28.76414],[107.45862,28.78881],[107.44437,28.79137],[107.44973,28.80279],[107.44147,28.80531],[107.43031,28.82905],[107.4392,28.84301],[107.43116,28.8495],[107.40553,28.8379],[107.38158,28.8566],[107.39108,28.86251],[107.39648,28.88601],[107.4134,28.88961],[107.40912,28.91529],[107.43579,28.95149],[107.43314,28.95833],[107.4054,28.96502],[107.39197,28.99619],[107.3662,28.9972],[107.35952,29.01253],[107.39102,29.04311],[107.3862,29.06221],[107.3729,29.06983],[107.36522,29.09425],[107.36989,29.10572],[107.38889,29.09438],[107.40709,29.09717],[107.42346,29.13128],[107.40348,29.14402],[107.40679,29.16603],[107.39774,29.18813],[107.4234,29.1931],[107.43988,29.20775],[107.45894,29.19804],[107.4583,29.1792],[107.48077,29.17638],[107.5107,29.19753],[107.52654,29.1973],[107.55743,29.2242],[107.56655,29.21975],[107.58227,29.15584],[107.59043,29.14709],[107.5996,29.15409],[107.59711,29.16396],[107.62135,29.17464],[107.63099,29.16422],[107.65173,29.16568],[107.6612,29.15035],[107.69245,29.14584],[107.70573,29.16582],[107.70469,29.15776],[107.71372,29.15757],[107.71957,29.18529],[107.74689,29.20274],[107.7697,29.16626],[107.80687,29.14265],[107.78586,29.0883],[107.7803,29.04985],[107.81881,29.03605]]]}},{"type":"Feature","id":"CTAMAP-2023-COUNTY-0306","properties":{"map_level":"county","source_name":"德江县","source_code":"520626","county_type":"县","prefecture_name":"铜仁市","prefecture_code":"520600","prefecture_type":"地级市","parent_entity_id":"CNUR-000262","parent_year_end_name":"铜仁市","province_name":"贵州省","province_code":"520000","snapshot_year":2023,"panel_year":2022,"link_status":"parent_linked","former_name":"","note":""},"geometry":{"type":"Polygon","coordinates":[[[108.41979,28.21983],[108.38611,28.17112],[108.36902,28.1725],[108.34198,28.11457],[108.32165,28.10443],[108.32789,28.08315],[108.32287,28.07262],[108.30604,28.06149],[108.29347,28.08474],[108.26128,28.07289],[108.26071,28.06392],[108.21716,28.07266],[108.22115,28.0956],[108.20682,28.10791],[108.21551,28.15137],[108.19071,28.15519],[108.17368,28.13828],[108.1797,28.1054],[108.1528,28.10343],[108.1401,28.10742],[108.1341,28.12085],[108.11527,28.12367],[108.0985,28.10056],[108.08443,28.09678],[108.07788,28.07767],[108.04676,28.05825],[108.00262,28.06386],[107.99057,28.05154],[107.96628,28.05347],[107.97199,28.01789],[107.93896,28.00144],[107.92638,28.00223],[107.92632,28.01449],[107.89308,28.04218],[107.8776,28.06805],[107.85815,28.0407],[107.83373,28.03199],[107.83096,28.05007],[107.80726,28.04976],[107.80822,28.07091],[107.79037,28.06807],[107.77523,28.07528],[107.79728,28.13398],[107.7976,28.18488],[107.81254,28.18051],[107.84697,28.2068],[107.85771,28.20615],[107.86547,28.30614],[107.85717,28.32607],[107.86834,28.34982],[107.86342,28.36228],[107.87534,28.37829],[107.89601,28.37933],[107.9037,28.36709],[107.91445,28.36845],[107.91504,28.39213],[107.94778,28.38183],[107.9638,28.39055],[107.97653,28.37813],[107.99366,28.37757],[107.99552,28.3915],[107.9649,28.40131],[107.95501,28.41283],[107.97341,28.4533],[107.99244,28.4452],[108.00759,28.45087],[108.00865,28.43803],[107.97673,28.42969],[108.0,28.43094],[108.02169,28.41898],[108.00401,28.38245],[108.02895,28.3713],[108.05496,28.40902],[108.06583,28.43479],[108.04004,28.44386],[108.05677,28.46294],[108.04378,28.50038],[108.04827,28.51012],[108.06344,28.51437],[108.06416,28.53614],[108.04167,28.54858],[108.03304,28.56195],[108.04047,28.57566],[108.02153,28.58555],[108.08045,28.63067],[108.09458,28.62376],[108.11814,28.63568],[108.10621,28.61298],[108.13924,28.59438],[108.15204,28.56877],[108.17673,28.57162],[108.17819,28.54559],[108.17162,28.54173],[108.18042,28.53601],[108.17736,28.51684],[108.19677,28.49915],[108.16927,28.45147],[108.17884,28.44855],[108.17349,28.44025],[108.17812,28.42985],[108.19972,28.43271],[108.19441,28.40327],[108.20455,28.38378],[108.21826,28.36952],[108.22973,28.38248],[108.24586,28.37779],[108.28508,28.38684],[108.27438,28.37408],[108.31589,28.35333],[108.32855,28.33699],[108.31789,28.32068],[108.28764,28.31847],[108.29188,28.29256],[108.30613,28.27375],[108.32802,28.2555],[108.35968,28.2467],[108.36956,28.25905],[108.39159,28.25267],[108.41979,28.21983]]]}},{"type":"Feature","id":"CTAMAP-2023-COUNTY-0382","properties":{"map_level":"county","source_name":"都匀市","source_code":"522701","county_type":"县级市","prefecture_name":"黔南布依族苗族自治州","prefecture_code":"522700","prefecture_type":"自治州","parent_entity_id":"CNUR-000265","parent_year_end_name":"黔南布依族苗族自治州","province_name":"贵州省","province_code":"520000","snapshot_year":2023,"panel_year":2022,"link_status":"parent_linked","former_name":"","note":""},"geometry":{"type":"Polygon","coordinates":[[[107.71815,26.32067],[107.77477,26.31328],[107.77308,26.29964],[107.76385,26.29177],[107.76497,26.26806],[107.74695,26.25025],[107.75055,26.22479],[107.7369,26.21744],[107.7306,26.16222],[107.73946,26.1516],[107.72942,26.13949],[107.76411,26.1302],[107.76451,26.0661],[107.74133,26.05598],[107.72701,26.03959],[107.70957,26.04267],[107.69205,26.01143],[107.66117,26.00809],[107.65978,26.00002],[107.63769,25.98672],[107.59779,26.01792],[107.5733,26.00315],[107.53102,26.00833],[107.5234,26.00192],[107.51606,25.94157],[107.49917,25.94576],[107.49198,25.93278],[107.46849,25.93029],[107.46579,25.91349],[107.47636,25.89903],[107.46612,25.88087],[107.44892,25.87288],[107.44862,25.85863],[107.44056,25.85413],[107.42281,25.85734],[107.42487,25.8801],[107.41859,25.88739],[107.3742,25.87825],[107.37852,25.88904],[107.36138,25.88403],[107.34602,25.89478],[107.34019,25.91341],[107.36013,25.95097],[107.34968,25.96025],[107.36501,25.97088],[107.36382,25.98498],[107.33712,25.9913],[107.32946,25.98574],[107.2791,26.01035],[107.28268,25.99299],[107.26301,25.97093],[107.26404,25.95237],[107.254,25.94393],[107.23207,25.94358],[107.20886,25.95548],[107.20354,25.97857],[107.21991,26.00408],[107.21116,26.01432],[107.16476,26.02662],[107.16353,26.04986],[107.12064,26.05356],[107.12768,26.08513],[107.13612,26.09178],[107.1216,26.09978],[107.14333,26.11859],[107.16961,26.11274],[107.17776,26.10462],[107.17341,26.09665],[107.18528,26.1104],[107.19441,26.10631],[107.20146,26.14504],[107.21511,26.15856],[107.22085,26.19553],[107.23331,26.20482],[107.23118,26.2112],[107.26006,26.22262],[107.28719,26.27716],[107.31976,26.28769],[107.33279,26.30784],[107.35505,26.32011],[107.34229,26.33731],[107.32623,26.39189],[107.33958,26.40656],[107.38601,26.40156],[107.40061,26.37495],[107.4372,26.39444],[107.44064,26.41243],[107.50436,26.42318],[107.51612,26.41253],[107.52007,26.38577],[107.51491,26.3486],[107.52942,26.35041],[107.5352,26.36782],[107.58203,26.3692],[107.63309,26.31695],[107.64632,26.28234],[107.6784,26.31248],[107.6856,26.30139],[107.71815,26.32067]]]}},{"type":"Feature","id":"CTAMAP-2023-COUNTY-0384","properties":{"map_level":"county","source_name":"独山县","source_code":"522726","county_type":"县","prefecture_name":"黔南布依族苗族自治州","prefecture_code":"522700","prefecture_type":"自治州","parent_entity_id":"CNUR-000265","parent_year_end_name":"黔南布依族苗族自治州","province_name":"贵州省","province_code":"520000","snapshot_year":2023,"panel_year":2022,"link_status":"parent_linked","former_name":"","note":""},"geometry":{"type":"Polygon","coordinates":[[[107.66117,26.00809],[107.6893,25.99707],[107.69099,25.97136],[107.70992,25.9732],[107.71848,25.94814],[107.73054,25.93599],[107.74088,25.93878],[107.7417,25.93172],[107.72835,25.91878],[107.70787,25.92289],[107.71046,25.91262],[107.70172,25.90819],[107.71234,25.89703],[107.67656,25.86247],[107.67706,25.85412],[107.69655,25.83926],[107.74816,25.83009],[107.74861,25.82063],[107.75853,25.81654],[107.78042,25.83191],[107.80028,25.81611],[107.81684,25.83017],[107.81386,25.81429],[107.83344,25.77866],[107.82568,25.76182],[107.81768,25.77053],[107.79798,25.77182],[107.80974,25.74472],[107.80042,25.73957],[107.78669,25.74453],[107.77996,25.73419],[107.7954,25.71682],[107.80041,25.68893],[107.78567,25.68103],[107.7943,25.6602],[107.78639,25.64573],[107.77534,25.64355],[107.78131,25.63546],[107.772,25.62067],[107.75347,25.61539],[107.7385,25.62554],[107.73142,25.60549],[107.70838,25.61374],[107.68285,25.60135],[107.67614,25.6119],[107.63374,25.60182],[107.64226,25.5881],[107.62784,25.56895],[107.63446,25.55041],[107.62417,25.52932],[107.64764,25.48713],[107.61556,25.45793],[107.6588,25.40576],[107.65009,25.40301],[107.65529,25.38909],[107.64426,25.37445],[107.64301,25.35358],[107.65971,25.34912],[107.65177,25.32528],[107.64089,25.31275],[107.61837,25.30806],[107.62101,25.29406],[107.60873,25.28353],[107.61118,25.27072],[107.60264,25.25921],[107.58868,25.26517],[107.59066,25.25164],[107.57491,25.25737],[107.56501,25.2527],[107.53834,25.23762],[107.53246,25.22611],[107.52205,25.22745],[107.51342,25.21034],[107.5045,25.22254],[107.49751,25.21168],[107.46748,25.21714],[107.46598,25.2389],[107.48217,25.27223],[107.47409,25.28222],[107.48273,25.28912],[107.47028,25.29742],[107.44256,25.27776],[107.42131,25.29479],[107.41435,25.30952],[107.41721,25.33417],[107.39697,25.34954],[107.41846,25.38874],[107.39284,25.39253],[107.38944,25.40702],[107.36906,25.41369],[107.35418,25.39614],[107.34013,25.40584],[107.31331,25.40537],[107.30069,25.4295],[107.321,25.4387],[107.33116,25.46308],[107.31835,25.49622],[107.33249,25.51664],[107.35594,25.52784],[107.34384,25.55679],[107.35061,25.55912],[107.35418,25.58163],[107.34608,25.62186],[107.35226,25.64575],[107.39441,25.67878],[107.40484,25.73459],[107.43286,25.78695],[107.4133,25.85265],[107.44056,25.85413],[107.44862,25.85863],[107.44892,25.87288],[107.46785,25.88279],[107.47659,25.90012],[107.46579,25.91349],[107.46849,25.93029],[107.49198,25.93278],[107.49917,25.94576],[107.51606,25.94157],[107.52481,26.00383],[107.5446,26.00956],[107.5733,26.00315],[107.59779,26.01792],[107.63769,25.98672],[107.65978,26.00002],[107.66117,26.00809]]]}},{"type":"Feature","id":"CTAMAP-2023-COUNTY-0449","properties":{"map_level":"county","source_name":"凤冈县","source_code":"520327","county_type":"县","prefecture_name":"遵义市","prefecture_code":"520300","prefecture_type":"地级市","parent_entity_id":"CNUR-000259","parent_year_end_name":"遵义市","province_name":"贵州省","province_code":"520000","snapshot_year":2023,"panel_year":2022,"link_status":"parent_linked","former_name":"","note":""},"geometry":{"type":"Polygon","coordinates":[[[107.80359,28.20861],[107.79728,28.13398],[107.77523,28.07528],[107.79037,28.06807],[107.80822,28.07091],[107.80726,28.04976],[107.83096,28.05007],[107.83373,28.03199],[107.85815,28.0407],[107.8776,28.06805],[107.89308,28.04218],[107.92632,28.01449],[107.93026,28.00013],[107.91747,28.00177],[107.92242,27.98476],[107.90446,27.97959],[107.90017,27.94821],[107.91376,27.92754],[107.9051,27.91237],[107.91841,27.91301],[107.92481,27.90456],[107.91132,27.91041],[107.89705,27.90418],[107.89475,27.88632],[107.8785,27.88136],[107.8753,27.86951],[107.88554,27.83301],[107.92565,27.79786],[107.93159,27.78055],[107.94277,27.78228],[107.94605,27.77548],[107.92745,27.76253],[107.92874,27.75118],[107.91806,27.73923],[107.93334,27.69179],[107.89783,27.62854],[107.90517,27.5792],[107.88169,27.55253],[107.84261,27.55695],[107.8259,27.54046],[107.79847,27.5705],[107.77071,27.56647],[107.76396,27.58326],[107.77019,27.58863],[107.72075,27.61898],[107.72349,27.63024],[107.71652,27.63767],[107.69272,27.63185],[107.68438,27.63688],[107.68353,27.66372],[107.63885,27.68023],[107.62432,27.67699],[107.60653,27.69652],[107.59503,27.68615],[107.59694,27.69935],[107.6064,27.69909],[107.61978,27.71538],[107.61949,27.73438],[107.64876,27.75179],[107.65498,27.81069],[107.65333,27.8438],[107.64487,27.83324],[107.63622,27.839],[107.63851,27.84606],[107.61408,27.84775],[107.60116,27.87162],[107.63015,27.87603],[107.63233,27.89142],[107.65013,27.89787],[107.66369,27.91429],[107.67502,27.94227],[107.66595,27.93609],[107.6513,27.94646],[107.67359,27.97532],[107.66899,27.9919],[107.68632,28.0162],[107.67895,28.01844],[107.68303,28.02711],[107.67455,28.0394],[107.62459,28.06866],[107.60179,28.05694],[107.58885,28.07059],[107.55055,28.06638],[107.52211,28.08013],[107.53276,28.09207],[107.53341,28.11209],[107.54179,28.10992],[107.54735,28.13895],[107.57448,28.135],[107.587,28.16066],[107.60401,28.15753],[107.62746,28.16717],[107.63227,28.18809],[107.61683,28.20996],[107.62669,28.22238],[107.64641,28.22798],[107.65718,28.24558],[107.68145,28.25601],[107.67305,28.26808],[107.69629,28.2952],[107.66234,28.30999],[107.66777,28.32784],[107.68604,28.32638],[107.68799,28.3401],[107.6974,28.3457],[107.74667,28.31729],[107.77126,28.31839],[107.782,28.35421],[107.79497,28.33978],[107.79193,28.31921],[107.81369,28.32897],[107.81844,28.30199],[107.83139,28.29337],[107.8314,28.24454],[107.84311,28.22439],[107.80359,28.20861]]]}},{"type":"Feature","id":"CTAMAP-2023-COUNTY-0479","properties":{"map_level":"county","source_name":"福泉市","source_code":"522702","county_type":"县级市","prefecture_name":"黔南布依族苗族自治州","prefecture_code":"522700","prefecture_type":"自治州","parent_entity_id":"CNUR-000265","parent_year_end_name":"黔南布依族苗族自治州","province_name":"贵州省","province_code":"520000","snapshot_year":2023,"panel_year":2022,"link_status":"parent_linked","former_name":"","note":""},"geometry":{"type":"Polygon","coordinates":[[[107.6029,26.90752],[107.63776,26.87961],[107.64211,26.86682],[107.63116,26.8478],[107.63616,26.84123],[107.68629,26.84768],[107.68911,26.86877],[107.73492,26.84927],[107.72616,26.83935],[107.73454,26.82789],[107.76005,26.82656],[107.7606,26.80168],[107.69168,26.73993],[107.69456,26.727],[107.68335,26.71504],[107.69369,26.65753],[107.71067,26.64673],[107.71924,26.62962],[107.71544,26.61496],[107.74172,26.59973],[107.73871,26.58209],[107.71726,26.57293],[107.70566,26.58017],[107.67677,26.57541],[107.63275,26.61178],[107.61895,26.60507],[107.60935,26.6174],[107.5948,26.58706],[107.58344,26.59697],[107.58448,26.61658],[107.55936,26.60798],[107.55348,26.59219],[107.54458,26.59235],[107.53488,26.5767],[107.50919,26.57283],[107.50522,26.55508],[107.48223,26.56979],[107.4748,26.55028],[107.46109,26.54914],[107.45663,26.56761],[107.46549,26.58048],[107.44585,26.58396],[107.41999,26.56841],[107.42199,26.55551],[107.4044,26.56066],[107.4074,26.56698],[107.40099,26.56286],[107.39569,26.54093],[107.33112,26.56161],[107.32802,26.58019],[107.33639,26.60118],[107.367,26.60095],[107.35301,26.6121],[107.35976,26.64285],[107.35312,26.65736],[107.36509,26.67126],[107.35752,26.6846],[107.31839,26.69447],[107.31173,26.71826],[107.31812,26.73804],[107.28405,26.76048],[107.261,26.75411],[107.25803,26.76415],[107.24644,26.76768],[107.2746,26.8689],[107.24035,26.97221],[107.27451,26.98847],[107.28674,27.00677],[107.30071,27.00047],[107.31205,27.00674],[107.30969,27.02014],[107.3418,27.02753],[107.34789,27.04147],[107.37894,27.02528],[107.38827,26.99836],[107.38393,26.9841],[107.398,26.97734],[107.39248,26.96422],[107.40024,26.94488],[107.43144,26.94446],[107.46782,26.95922],[107.4848,26.95523],[107.52219,26.97256],[107.55812,26.95267],[107.52825,26.9078],[107.58697,26.89384],[107.6029,26.90752]]]}},{"type":"Feature","id":"CTAMAP-2023-COUNTY-0582","properties":{"map_level":"county","source_name":"关岭布依族苗族自治县","source_code":"520424","county_type":"自治县","prefecture_name":"安顺市","prefecture_code":"520400","prefecture_type":"地级市","parent_entity_id":"CNUR-000260","parent_year_end_name":"安顺市","province_name":"贵州省","province_code":"520000","snapshot_year":2023,"panel_year":2022,"link_status":"parent_linked","former_name":"","note":""},"geometry":{"type":"Polygon","coordinates":[[[105.57645,26.07838],[105.62626,26.02763],[105.63959,26.03552],[105.65925,26.02809],[105.66704,26.01504],[105.66898,25.99699],[105.654,25.98849],[105.66986,25.98773],[105.67812,25.97024],[105.67055,25.94022],[105.67987,25.89917],[105.71307,25.87209],[105.77034,25.84188],[105.80199,25.84409],[105.80727,25.81233],[105.822,25.80208],[105.81067,25.78383],[105.79362,25.78753],[105.77492,25.77976],[105.74961,25.79402],[105.72841,25.77967],[105.75112,25.773],[105.74811,25.74988],[105.77237,25.72792],[105.7702,25.67061],[105.78004,25.614],[105.74868,25.56603],[105.73428,25.56606],[105.72518,25.57738],[105.71496,25.59498],[105.71659,25.60879],[105.69039,25.63312],[105.68513,25.66164],[105.6471,25.67867],[105.62449,25.67725],[105.56962,25.71821],[105.55295,25.6994],[105.52832,25.69618],[105.5161,25.71597],[105.48946,25.73592],[105.48497,25.74967],[105.45003,25.76214],[105.43676,25.78103],[105.37901,25.82081],[105.36873,25.84293],[105.37428,25.89292],[105.32587,25.89792],[105.29843,25.91558],[105.28186,25.93817],[105.26122,25.94119],[105.25235,25.95459],[105.26011,25.9829],[105.24922,25.99909],[105.26685,26.01788],[105.33342,26.00825],[105.36644,26.01799],[105.38567,26.01184],[105.42866,26.02],[105.4403,26.01528],[105.46591,26.02711],[105.48591,26.02524],[105.48973,26.03413],[105.50735,26.03035],[105.50571,26.04305],[105.51784,26.06299],[105.52842,26.06292],[105.53088,26.07194],[105.55239,26.08245],[105.56269,26.07411],[105.57645,26.07838]]]}},{"type":"Feature","id":"CTAMAP-2023-COUNTY-0583","properties":{"map_level":"county","source_name":"观山湖区","source_code":"520115","county_type":"市辖区","prefecture_name":"贵阳市","prefecture_code":"520100","prefecture_type":"地级市","parent_entity_id":"CNUR-000257","parent_year_end_name":"贵阳市","province_name":"贵州省","province_code":"520000","snapshot_year":2023,"panel_year":2022,"link_status":"parent_linked","former_name":"","note":"2012年拆乌当区和清镇市部分区域，新设观山湖区"},"geometry":{"type":"Polygon","coordinates":[[[106.69029,26.64305],[106.68499,26.61567],[106.67279,26.60852],[106.63322,26.59522],[106.61561,26.60492],[106.60001,26.59813],[106.59016,26.57886],[106.60589,26.57488],[106.58605,26.56781],[106.57789,26.54727],[106.55333,26.53075],[106.52875,26.55522],[106.51606,26.55426],[106.51106,26.54224],[106.49888,26.54403],[106.51042,26.55467],[106.51331,26.57067],[106.53482,26.57798],[106.5059,26.59486],[106.50678,26.61412],[106.48146,26.61325],[106.47601,26.60391],[106.4815,26.5931],[106.47277,26.60196],[106.46061,26.59431],[106.45986,26.57534],[106.45586,26.56869],[106.44619,26.56671],[106.45852,26.58855],[106.44143,26.60436],[106.44584,26.62681],[106.48288,26.75355],[106.52341,26.74547],[106.54599,26.75377],[106.54594,26.74046],[106.5542,26.73822],[106.58584,26.74491],[106.58887,26.73341],[106.57112,26.70592],[106.58897,26.66864],[106.65447,26.66891],[106.68205,26.63745],[106.69029,26.64305]]]}},{"type":"Feature","id":"CTAMAP-2023-COUNTY-0610","properties":{"map_level":"county","source_name":"贵定县","source_code":"522723","county_type":"县","prefecture_name":"黔南布依族苗族自治州","prefecture_code":"522700","prefecture_type":"自治州","parent_entity_id":"CNUR-000265","parent_year_end_name":"黔南布依族苗族自治州","province_name":"贵州省","province_code":"520000","snapshot_year":2023,"panel_year":2022,"link_status":"parent_linked","former_name":"","note":""},"geometry":{"type":"Polygon","coordinates":[[[107.24644,26.76768],[107.25803,26.76415],[107.261,26.75411],[107.28405,26.76048],[107.31812,26.73804],[107.31173,26.71826],[107.31839,26.69447],[107.35752,26.6846],[107.36509,26.67126],[107.35312,26.65736],[107.35976,26.64285],[107.35301,26.6121],[107.367,26.60095],[107.33639,26.60118],[107.32802,26.58019],[107.33112,26.56161],[107.35586,26.54929],[107.32682,26.55493],[107.33105,26.54138],[107.31349,26.5314],[107.31884,26.50397],[107.3389,26.51034],[107.3542,26.49719],[107.33532,26.48823],[107.33067,26.46735],[107.30022,26.46048],[107.2984,26.45176],[107.30996,26.45214],[107.29362,26.43683],[107.31462,26.43279],[107.33002,26.40733],[107.33909,26.4053],[107.32623,26.39189],[107.34229,26.33731],[107.35505,26.32011],[107.33279,26.30784],[107.31976,26.28769],[107.28719,26.27716],[107.26006,26.22262],[107.23118,26.2112],[107.23331,26.20482],[107.22085,26.19553],[107.21511,26.15856],[107.20146,26.14504],[107.19441,26.10631],[107.18528,26.1104],[107.17341,26.09665],[107.17776,26.10462],[107.16961,26.11274],[107.13881,26.11814],[107.11786,26.09298],[107.10321,26.09348],[107.09308,26.09794],[107.08705,26.11885],[107.06786,26.12025],[107.06887,26.12962],[107.04203,26.1421],[107.0364,26.16528],[107.01237,26.1877],[107.00016,26.1866],[106.99762,26.20495],[107.01727,26.21774],[107.04074,26.22057],[107.04678,26.24466],[107.03759,26.24527],[107.03755,26.2526],[107.04554,26.26322],[107.06125,26.26575],[107.05976,26.2845],[107.07132,26.29523],[107.04425,26.29407],[107.01857,26.31365],[107.01036,26.33266],[106.98796,26.34549],[107.00464,26.35469],[107.04365,26.34575],[107.05905,26.35143],[107.06287,26.37043],[107.05088,26.38262],[107.07473,26.39602],[107.08941,26.42531],[107.06287,26.43109],[107.05892,26.43858],[107.09396,26.43524],[107.09506,26.44573],[107.07725,26.45191],[107.08053,26.46901],[107.09623,26.47814],[107.12488,26.47841],[107.12253,26.49487],[107.13847,26.49591],[107.14364,26.50756],[107.15424,26.50986],[107.16119,26.5322],[107.13228,26.52785],[107.11204,26.53759],[107.09894,26.51526],[107.06426,26.54736],[107.09348,26.57397],[107.08243,26.58022],[107.08086,26.60022],[107.10194,26.6144],[107.10646,26.62609],[107.12878,26.62807],[107.13966,26.6446],[107.12477,26.70011],[107.14607,26.70208],[107.14904,26.68692],[107.16591,26.69364],[107.13941,26.72497],[107.18014,26.73582],[107.20094,26.771],[107.24555,26.75882],[107.24644,26.76768]]]}},{"type":"Feature","id":"CTAMAP-2023-COUNTY-0686","properties":{"map_level":"county","source_name":"赫章县","source_code":"520527","county_type":"县","prefecture_name":"毕节市","prefecture_code":"520500","prefecture_type":"地级市","parent_entity_id":"CNUR-000261","parent_year_end_name":"毕节市","province_name":"贵州省","province_code":"520000","snapshot_year":2023,"panel_year":2022,"link_status":"parent_linked","former_name":"","note":""},"geometry":{"type":"Polygon","coordinates":[[[104.41422,27.43808],[104.46862,27.4178],[104.49504,27.41752],[104.48831,27.40608],[104.51472,27.40305],[104.50578,27.38953],[104.53804,27.33956],[104.53684,27.33013],[104.56825,27.33599],[104.6067,27.31069],[104.64997,27.32595],[104.67349,27.32249],[104.68501,27.33607],[104.72055,27.34543],[104.73678,27.33894],[104.74955,27.34915],[104.77177,27.32109],[104.78397,27.32271],[104.80389,27.35593],[104.84298,27.34594],[104.85443,27.33479],[104.85079,27.30477],[104.86857,27.29451],[104.86617,27.28263],[104.87582,27.26346],[104.88786,27.25941],[104.89234,27.24736],[104.88706,27.22678],[104.8678,27.21598],[104.87225,27.19258],[104.92544,27.17181],[104.94814,27.14054],[104.96369,27.13299],[104.96983,27.11422],[105.00903,27.10183],[105.007,27.08442],[104.99771,27.0809],[105.02193,27.05567],[105.01243,27.04649],[105.01897,27.0298],[104.94413,26.9835],[104.93584,26.95607],[105.00479,26.95434],[105.02383,26.92956],[104.96551,26.90683],[104.93632,26.88207],[104.92162,26.85545],[104.93356,26.84272],[104.90404,26.82853],[104.87144,26.84752],[104.86191,26.86092],[104.86505,26.8726],[104.84067,26.89426],[104.83367,26.89239],[104.80786,26.86949],[104.79864,26.83595],[104.78314,26.81773],[104.75158,26.79983],[104.75703,26.79204],[104.75137,26.77849],[104.73948,26.77657],[104.71027,26.78847],[104.69104,26.85721],[104.6635,26.83372],[104.64609,26.83989],[104.6376,26.87278],[104.65123,26.88976],[104.65066,26.90809],[104.62941,26.92556],[104.60388,26.91967],[104.60064,26.95243],[104.57146,26.96327],[104.56202,26.95244],[104.48517,26.95922],[104.47763,26.9632],[104.4855,26.9733],[104.47265,26.99321],[104.45121,26.989],[104.43072,27.00983],[104.41376,27.00747],[104.3789,27.02715],[104.3643,27.01905],[104.36437,26.99986],[104.34633,26.99222],[104.33307,27.00652],[104.33925,27.02274],[104.3344,27.03469],[104.3485,27.0482],[104.35338,27.06715],[104.34761,27.0761],[104.33468,27.07527],[104.33771,27.09824],[104.32545,27.09567],[104.31864,27.10245],[104.31781,27.11595],[104.32806,27.12776],[104.3134,27.15064],[104.32357,27.16342],[104.30519,27.17061],[104.29901,27.18301],[104.30963,27.22262],[104.29053,27.22837],[104.26999,27.26534],[104.19311,27.25206],[104.1711,27.26673],[104.19063,27.2915],[104.21552,27.28316],[104.21143,27.30359],[104.22683,27.29569],[104.24165,27.30275],[104.25177,27.29814],[104.25668,27.31253],[104.24508,27.33859],[104.27586,27.36477],[104.2769,27.37711],[104.28263,27.37124],[104.29089,27.37695],[104.30402,27.40836],[104.32601,27.41568],[104.33312,27.43615],[104.33877,27.43005],[104.33088,27.4476],[104.34877,27.46953],[104.40835,27.46146],[104.41422,27.43808]]]}},{"type":"Feature","id":"CTAMAP-2023-COUNTY-0706","properties":{"map_level":"county","source_name":"红花岗区","source_code":"520302","county_type":"市辖区","prefecture_name":"遵义市","prefecture_code":"520300","prefecture_type":"地级市","parent_entity_id":"CNUR-000259","parent_year_end_name":"遵义市","province_name":"贵州省","province_code":"520000","snapshot_year":2023,"panel_year":2022,"link_status":"parent_linked","former_name":"","note":""},"geometry":{"type":"Polygon","coordinates":[[[107.39821,27.93165],[107.40873,27.91365],[107.43541,27.89968],[107.41973,27.88563],[107.43216,27.87144],[107.42251,27.85322],[107.44029,27.84035],[107.40825,27.79768],[107.37591,27.78611],[107.37972,27.77174],[107.37127,27.75426],[107.34567,27.73073],[107.32354,27.72241],[107.32904,27.71343],[107.31802,27.69311],[107.34029,27.68688],[107.33015,27.68072],[107.32622,27.66266],[107.31475,27.66544],[107.30791,27.64576],[107.29245,27.6422],[107.26752,27.60746],[107.20636,27.57512],[107.15248,27.60327],[107.14313,27.55224],[107.1061,27.53142],[107.08767,27.54201],[107.08941,27.56643],[107.07332,27.56533],[107.08597,27.58824],[107.0666,27.59503],[107.05936,27.60958],[107.05331,27.59754],[107.02873,27.61181],[107.01223,27.60378],[106.99445,27.56627],[106.9751,27.56185],[106.97167,27.5705],[106.94512,27.56012],[106.92258,27.56499],[106.91698,27.55794],[106.90495,27.56993],[106.91611,27.60038],[106.90462,27.60928],[106.88587,27.60711],[106.88856,27.62761],[106.86207,27.6361],[106.84878,27.61188],[106.82353,27.63308],[106.80482,27.61607],[106.79705,27.6336],[106.7778,27.62633],[106.74611,27.64014],[106.72825,27.66524],[106.70987,27.66575],[106.7135,27.69819],[106.73386,27.7063],[106.73628,27.72841],[106.707,27.74474],[106.70866,27.75181],[106.69843,27.7592],[106.72249,27.77873],[106.73595,27.78027],[106.74118,27.77046],[106.75566,27.76765],[106.78801,27.79851],[106.80089,27.78776],[106.86543,27.7934],[106.88086,27.78586],[106.89549,27.75926],[106.89183,27.74342],[106.86975,27.73407],[106.88114,27.71321],[106.85538,27.71296],[106.85609,27.70169],[106.86854,27.70313],[106.86989,27.68964],[106.90563,27.69237],[106.91824,27.70345],[106.94873,27.70283],[106.97239,27.71254],[106.97011,27.72363],[106.97967,27.72772],[106.984,27.74213],[106.99281,27.74181],[106.99733,27.75967],[107.0184,27.75652],[107.04081,27.7667],[107.06026,27.74932],[107.0794,27.75071],[107.09141,27.74171],[107.09744,27.76123],[107.11641,27.76128],[107.11765,27.77284],[107.13343,27.74649],[107.15931,27.74268],[107.15452,27.76687],[107.16765,27.78229],[107.16687,27.7923],[107.14818,27.80416],[107.16287,27.81127],[107.16399,27.83048],[107.1735,27.83974],[107.14819,27.8757],[107.16811,27.87947],[107.17802,27.89253],[107.17507,27.85897],[107.23361,27.87281],[107.26704,27.8618],[107.28101,27.87018],[107.28291,27.88906],[107.31586,27.8875],[107.39821,27.93165]]]}},{"type":"Feature","id":"CTAMAP-2023-COUNTY-0735","properties":{"map_level":"county","source_name":"花溪区","source_code":"520111","county_type":"市辖区","prefecture_name":"贵阳市","prefecture_code":"520100","prefecture_type":"地级市","parent_entity_id":"CNUR-000257","parent_year_end_name":"贵阳市","province_name":"贵州省","province_code":"520000","snapshot_year":2023,"panel_year":2022,"link_status":"parent_linked","former_name":"小河区(花溪区)","note":"2012年撤销小河区，和花溪区设立新的花溪区"},"geometry":{"type":"Polygon","coordinates":[[[106.61376,26.56333],[106.66076,26.55075],[106.66553,26.51014],[106.66959,26.51672],[106.67996,26.51401],[106.6797,26.52338],[106.69484,26.52666],[106.70398,26.53927],[106.72462,26.53843],[106.72408,26.46766],[106.74767,26.47363],[106.74749,26.48356],[106.77359,26.49566],[106.77676,26.47742],[106.797,26.46034],[106.79547,26.45417],[106.81094,26.45282],[106.81505,26.43823],[106.80518,26.42934],[106.78371,26.43449],[106.7732,26.41212],[106.75323,26.39601],[106.76848,26.37807],[106.78301,26.37957],[106.78866,26.37008],[106.79807,26.38719],[106.8119,26.39351],[106.83141,26.39643],[106.84035,26.38768],[106.81242,26.37288],[106.81899,26.35661],[106.81238,26.34149],[106.80242,26.34491],[106.77608,26.3351],[106.7788,26.32332],[106.82306,26.31569],[106.83276,26.3063],[106.84676,26.31896],[106.86448,26.31876],[106.87153,26.31133],[106.86207,26.29857],[106.87658,26.2893],[106.87875,26.27708],[106.8516,26.25987],[106.84839,26.23953],[106.87427,26.23557],[106.88317,26.22001],[106.87287,26.20948],[106.85802,26.20984],[106.84967,26.18841],[106.83031,26.18442],[106.81106,26.19505],[106.80412,26.21151],[106.80798,26.22586],[106.78797,26.22893],[106.78946,26.27219],[106.75733,26.26521],[106.74219,26.29484],[106.73238,26.2796],[106.71811,26.27381],[106.69431,26.29167],[106.67201,26.2949],[106.65668,26.2662],[106.64595,26.27562],[106.62873,26.27238],[106.63072,26.24183],[106.61711,26.23826],[106.61349,26.2284],[106.59775,26.23615],[106.58516,26.22493],[106.55394,26.23762],[106.52464,26.23532],[106.50852,26.22425],[106.49771,26.2282],[106.51165,26.25017],[106.49723,26.24972],[106.4991,26.25943],[106.48223,26.26517],[106.4823,26.27271],[106.5176,26.30482],[106.51941,26.31486],[106.54821,26.32318],[106.55741,26.3401],[106.55284,26.36273],[106.56231,26.37365],[106.54631,26.3832],[106.49603,26.38345],[106.47496,26.39789],[106.45444,26.43752],[106.4817,26.46549],[106.48315,26.48642],[106.51283,26.47702],[106.50561,26.50122],[106.49619,26.50438],[106.51116,26.51949],[106.50301,26.53916],[106.51842,26.54895],[106.51606,26.55426],[106.52875,26.55522],[106.55176,26.53032],[106.57789,26.54727],[106.57636,26.55656],[106.59128,26.57111],[106.60489,26.57352],[106.61376,26.56333]]]}},{"type":"Feature","id":"CTAMAP-2023-COUNTY-0778","properties":{"map_level":"county","source_name":"黄平县","source_code":"522622","county_type":"县","prefecture_name":"黔东南苗族侗族自治州","prefecture_code":"522600","prefecture_type":"自治州","parent_entity_id":"CNUR-000264","parent_year_end_name":"黔东南苗族侗族自治州","province_name":"贵州省","province_code":"520000","snapshot_year":2023,"panel_year":2022,"link_status":"parent_linked","former_name":"","note":""},"geometry":{"type":"Polygon","coordinates":[[[107.86012,27.14109],[107.89721,27.16714],[107.90452,27.1646],[107.90562,27.12739],[107.92051,27.12795],[107.91169,27.09637],[107.91813,27.07652],[107.89605,27.04157],[107.91793,27.03073],[107.95851,27.03918],[107.96722,27.01946],[107.97791,27.01427],[107.97613,26.98499],[107.99494,26.98331],[107.99387,26.96723],[108.01373,26.96128],[108.03111,26.92425],[108.05541,26.92568],[108.05608,26.91168],[108.07009,26.90201],[108.0916,26.91489],[108.11091,26.9145],[108.12947,26.90781],[108.13669,26.89642],[108.15423,26.90136],[108.17556,26.8941],[108.18072,26.86165],[108.19865,26.84038],[108.15325,26.79533],[108.14185,26.79775],[108.13927,26.78395],[108.11677,26.77811],[108.09185,26.75754],[108.06244,26.76837],[108.03678,26.75559],[108.02547,26.73759],[108.00436,26.75514],[107.96813,26.76623],[107.95311,26.76169],[107.94319,26.74253],[107.92022,26.73428],[107.88851,26.76883],[107.847,26.77444],[107.83517,26.76837],[107.79401,26.78675],[107.78412,26.80348],[107.77444,26.79434],[107.76613,26.7982],[107.75949,26.82723],[107.73454,26.82789],[107.72616,26.83935],[107.73492,26.84927],[107.71051,26.86329],[107.68757,26.8688],[107.6879,26.84908],[107.67234,26.84214],[107.63257,26.84475],[107.64211,26.86682],[107.63776,26.87961],[107.6062,26.89886],[107.59625,26.91451],[107.62719,26.96085],[107.64164,26.95822],[107.66006,26.98034],[107.66056,26.99595],[107.64261,27.01024],[107.64503,27.02228],[107.62996,27.04869],[107.65678,27.08215],[107.68407,27.07674],[107.66629,27.09037],[107.66757,27.09877],[107.68393,27.10616],[107.68398,27.12085],[107.70748,27.1316],[107.69825,27.13032],[107.70236,27.14681],[107.695,27.15876],[107.68253,27.15635],[107.67296,27.18111],[107.6832,27.19428],[107.6778,27.20508],[107.64725,27.21127],[107.65961,27.22102],[107.66241,27.2398],[107.69823,27.23671],[107.69805,27.22722],[107.72244,27.23509],[107.7484,27.2189],[107.76667,27.2242],[107.7764,27.21086],[107.7552,27.20442],[107.75955,27.19068],[107.8087,27.18852],[107.82717,27.19801],[107.84257,27.18722],[107.81787,27.17132],[107.81657,27.16117],[107.84787,27.16837],[107.84836,27.1526],[107.86012,27.14109]]]}},{"type":"Feature","id":"CTAMAP-2023-COUNTY-0794","properties":{"map_level":"county","source_name":"汇川区","source_code":"520303","county_type":"市辖区","prefecture_name":"遵义市","prefecture_code":"520300","prefecture_type":"地级市","parent_entity_id":"CNUR-000259","parent_year_end_name":"遵义市","province_name":"贵州省","province_code":"520000","snapshot_year":2023,"panel_year":2022,"link_status":"parent_linked","former_name":"","note":"2003年新设立汇川区"},"geometry":{"type":"Polygon","coordinates":[[[106.98121,28.05275],[106.98839,28.02131],[106.97815,28.00321],[107.00172,27.97984],[107.0033,27.96478],[107.0142,27.95958],[106.99545,27.94463],[107.02171,27.87862],[107.01187,27.84821],[107.02346,27.84207],[107.0358,27.8527],[107.05009,27.84183],[107.04968,27.82559],[107.05974,27.82343],[107.07426,27.85284],[107.08621,27.84481],[107.11613,27.86764],[107.1415,27.87582],[107.1514,27.87034],[107.1735,27.83974],[107.16399,27.83048],[107.16287,27.81127],[107.14818,27.80416],[107.16687,27.7923],[107.16765,27.78229],[107.15452,27.76687],[107.15931,27.74268],[107.13343,27.74649],[107.11765,27.77284],[107.11641,27.76128],[107.09744,27.76123],[107.09141,27.74171],[107.0794,27.75071],[107.06026,27.74932],[107.04081,27.7667],[107.0184,27.75652],[106.99733,27.75967],[106.99281,27.74181],[106.984,27.74213],[106.97967,27.72772],[106.97011,27.72363],[106.97239,27.71254],[106.94873,27.70283],[106.91824,27.70345],[106.90563,27.69237],[106.86989,27.68964],[106.86854,27.70313],[106.85609,27.70169],[106.85489,27.71095],[106.8816,27.71381],[106.86975,27.73407],[106.89183,27.74342],[106.89549,27.75926],[106.88179,27.77404],[106.88296,27.78412],[106.86543,27.7934],[106.80089,27.78776],[106.78801,27.79851],[106.75566,27.76765],[106.74118,27.77046],[106.73595,27.78027],[106.72249,27.77873],[106.69843,27.7592],[106.70866,27.75181],[106.707,27.74474],[106.73628,27.72841],[106.73386,27.7063],[106.7135,27.69819],[106.70664,27.66096],[106.69191,27.66174],[106.67615,27.68341],[106.66844,27.66113],[106.6548,27.66756],[106.63916,27.71996],[106.60291,27.7174],[106.59732,27.70225],[106.5737,27.71505],[106.56499,27.78557],[106.56916,27.81924],[106.5434,27.8252],[106.50508,27.85258],[106.51814,27.86216],[106.54621,27.86441],[106.57379,27.85739],[106.57597,27.87809],[106.59717,27.9021],[106.58964,27.95042],[106.59596,27.97065],[106.58431,27.98324],[106.55245,27.99261],[106.5467,28.03053],[106.62494,28.0324],[106.64014,28.03896],[106.67193,28.02825],[106.66962,28.01041],[106.67492,27.9929],[106.68708,27.98465],[106.68214,27.95704],[106.68826,27.95324],[106.76006,27.97336],[106.7692,27.98901],[106.82968,27.98561],[106.84209,28.01698],[106.88747,28.07444],[106.91159,28.0538],[106.9311,28.0135],[106.94721,28.02248],[106.94078,28.05994],[106.98121,28.05275]]]}},{"type":"Feature","id":"CTAMAP-2023-COUNTY-0809","properties":{"map_level":"county","source_name":"惠水县","source_code":"522731","county_type":"县","prefecture_name":"黔南布依族苗族自治州","prefecture_code":"522700","prefecture_type":"自治州","parent_entity_id":"CNUR-000265","parent_year_end_name":"黔南布依族苗族自治州","province_name":"贵州省","province_code":"520000","snapshot_year":2023,"panel_year":2022,"link_status":"parent_linked","former_name":"","note":""},"geometry":{"type":"Polygon","coordinates":[[[106.85709,26.19594],[106.88594,26.19244],[106.89179,26.17121],[106.91753,26.17616],[106.91455,26.18645],[106.92626,26.18864],[106.92392,26.20028],[106.93199,26.20375],[106.97151,26.20194],[106.98175,26.19203],[106.99992,26.20048],[107.00016,26.1866],[107.0091,26.18992],[107.0364,26.16528],[107.04203,26.1421],[107.06887,26.12962],[107.06786,26.12025],[107.08705,26.11885],[107.09253,26.10465],[107.07243,26.09909],[107.01323,26.1114],[107.00636,26.10164],[107.00764,26.07593],[107.02765,26.06728],[107.04098,26.07043],[107.04723,26.0641],[107.04181,26.05375],[107.00291,26.0562],[106.99832,26.0382],[106.95551,26.03667],[106.95243,26.03083],[106.96896,26.02325],[106.95476,26.01862],[106.95599,25.99625],[106.94099,25.98901],[106.9386,25.97175],[106.86866,25.96021],[106.87493,25.93992],[106.85184,25.92109],[106.87176,25.91963],[106.89494,25.9369],[106.89874,25.93137],[106.87946,25.91588],[106.86383,25.91722],[106.85043,25.90207],[106.88044,25.88567],[106.85125,25.87916],[106.85989,25.86814],[106.85787,25.8539],[106.82123,25.83664],[106.82483,25.82746],[106.84221,25.8278],[106.84484,25.81411],[106.85571,25.83145],[106.87713,25.83753],[106.85822,25.8238],[106.86968,25.80944],[106.88125,25.82734],[106.89239,25.80935],[106.89633,25.77892],[106.84717,25.7556],[106.84348,25.74748],[106.78167,25.75518],[106.79229,25.7413],[106.79044,25.732],[106.76143,25.72719],[106.74441,25.73843],[106.70333,25.7301],[106.70023,25.72104],[106.68742,25.72285],[106.69181,25.70773],[106.68062,25.69248],[106.66243,25.71362],[106.63845,25.71977],[106.63938,25.73847],[106.62345,25.75362],[106.60346,25.74827],[106.62989,25.71265],[106.62915,25.69767],[106.61603,25.69349],[106.59682,25.70506],[106.60254,25.70809],[106.59475,25.72279],[106.57528,25.72537],[106.57113,25.74235],[106.54704,25.7485],[106.55587,25.72966],[106.54935,25.71796],[106.55535,25.70427],[106.51823,25.67615],[106.5138,25.69152],[106.48491,25.68642],[106.48997,25.70407],[106.47469,25.7114],[106.46463,25.73683],[106.39367,25.74031],[106.39207,25.76209],[106.44635,25.80239],[106.43408,25.81396],[106.44384,25.83786],[106.42659,25.84976],[106.44218,25.87742],[106.41918,25.89248],[106.43757,25.92169],[106.42359,25.92649],[106.44229,25.94425],[106.43897,25.95166],[106.45596,25.95958],[106.48931,25.95411],[106.49184,25.96443],[106.5056,25.95332],[106.5578,25.9432],[106.56978,25.94751],[106.56656,25.97118],[106.53888,25.98507],[106.54841,26.00205],[106.53815,26.01279],[106.53621,26.04291],[106.51367,26.05605],[106.51842,26.07391],[106.54098,26.07092],[106.55696,26.08278],[106.56441,26.10748],[106.55822,26.12159],[106.53265,26.12876],[106.52343,26.15194],[106.52727,26.16046],[106.57442,26.16003],[106.60366,26.17732],[106.63492,26.17924],[106.62141,26.21675],[106.60599,26.21959],[106.61711,26.23826],[106.63072,26.24183],[106.62873,26.27238],[106.64595,26.27562],[106.65668,26.2662],[106.67398,26.29585],[106.69431,26.29167],[106.71811,26.27381],[106.73238,26.2796],[106.74219,26.29484],[106.75733,26.26521],[106.78946,26.27219],[106.78797,26.22893],[106.80798,26.22586],[106.80412,26.21151],[106.81106,26.19505],[106.83031,26.18442],[106.85709,26.19594]]]}},{"type":"Feature","id":"CTAMAP-2023-COUNTY-0878","properties":{"map_level":"county","source_name":"剑河县","source_code":"522629","county_type":"县","prefecture_name":"黔东南苗族侗族自治州","prefecture_code":"522600","prefecture_type":"自治州","parent_entity_id":"CNUR-000264","parent_year_end_name":"黔东南苗族侗族自治州","province_name":"贵州省","province_code":"520000","snapshot_year":2023,"panel_year":2022,"link_status":"parent_linked","former_name":"","note":""},"geometry":{"type":"Polygon","coordinates":[[[109.02685,26.91053],[109.04941,26.90323],[109.06421,26.90977],[109.07311,26.89539],[109.05558,26.87783],[109.02532,26.87181],[109.01401,26.83977],[109.00334,26.84894],[108.9846,26.84417],[108.96486,26.8277],[108.9587,26.81164],[108.93946,26.80646],[108.92393,26.79122],[108.92577,26.7713],[108.94767,26.75301],[108.94437,26.73956],[108.96604,26.73222],[108.97024,26.68754],[108.94909,26.66984],[108.8974,26.67125],[108.88472,26.65769],[108.89776,26.65073],[108.87176,26.62836],[108.87232,26.61762],[108.87878,26.6034],[108.89354,26.59846],[108.88008,26.56617],[108.89356,26.55447],[108.86782,26.52706],[108.87274,26.52304],[108.86391,26.51241],[108.8297,26.49419],[108.81529,26.50363],[108.78636,26.49439],[108.76695,26.50908],[108.76071,26.4896],[108.73682,26.49578],[108.73123,26.48549],[108.67318,26.50288],[108.67047,26.51162],[108.64839,26.49012],[108.67214,26.4717],[108.65044,26.44226],[108.60682,26.45601],[108.59552,26.43255],[108.53595,26.39256],[108.48183,26.39291],[108.45228,26.36014],[108.44868,26.36831],[108.43834,26.35822],[108.42457,26.36604],[108.39878,26.36315],[108.37822,26.37968],[108.36641,26.35895],[108.33105,26.34916],[108.30052,26.36158],[108.28827,26.35715],[108.28644,26.37851],[108.30322,26.39227],[108.356,26.40215],[108.37453,26.38606],[108.42152,26.41145],[108.43886,26.46821],[108.46292,26.49574],[108.46162,26.50807],[108.4816,26.50876],[108.48464,26.51533],[108.43429,26.56807],[108.41229,26.581],[108.42744,26.61393],[108.44456,26.62898],[108.42677,26.64871],[108.42182,26.66704],[108.46041,26.6868],[108.42162,26.69554],[108.42611,26.70742],[108.41747,26.70356],[108.40892,26.71162],[108.38754,26.69105],[108.37518,26.69177],[108.37419,26.68216],[108.35434,26.68472],[108.34445,26.70452],[108.355,26.71316],[108.33691,26.72398],[108.35099,26.75881],[108.35061,26.77901],[108.40471,26.7887],[108.41564,26.80782],[108.43512,26.79552],[108.44258,26.8088],[108.45223,26.7794],[108.47725,26.79002],[108.47055,26.8204],[108.48051,26.81901],[108.49141,26.80124],[108.54911,26.83312],[108.55716,26.82071],[108.59345,26.80806],[108.59674,26.79691],[108.66699,26.7847],[108.69565,26.80259],[108.77141,26.80533],[108.79984,26.82863],[108.82161,26.83003],[108.8233,26.84558],[108.83561,26.84362],[108.85516,26.85895],[108.84915,26.86991],[108.86656,26.89216],[108.91471,26.92317],[109.01617,26.92161],[109.01641,26.91361],[109.00149,26.90419],[109.00919,26.899],[109.02685,26.91053]]]}},{"type":"Feature","id":"CTAMAP-2023-COUNTY-0891","properties":{"map_level":"county","source_name":"江口县","source_code":"520621","county_type":"县","prefecture_name":"铜仁市","prefecture_code":"520600","prefecture_type":"地级市","parent_entity_id":"CNUR-000262","parent_year_end_name":"铜仁市","province_name":"贵州省","province_code":"520000","snapshot_year":2023,"panel_year":2022,"link_status":"parent_linked","former_name":"","note":""},"geometry":{"type":"Polygon","coordinates":[[[109.06596,27.86489],[109.10568,27.85262],[109.10644,27.83131],[109.06277,27.79553],[109.05065,27.79317],[109.03919,27.80422],[109.00885,27.78478],[108.96243,27.7943],[108.94175,27.78239],[108.93601,27.7486],[108.96287,27.71657],[108.95447,27.715],[108.9553,27.70802],[108.97123,27.69331],[108.93573,27.65933],[108.93728,27.63965],[108.9992,27.62293],[108.95123,27.59778],[108.9595,27.58304],[108.93692,27.55235],[108.91941,27.55482],[108.91048,27.56769],[108.92117,27.57152],[108.87752,27.58474],[108.87729,27.5682],[108.86797,27.56017],[108.87272,27.55116],[108.84151,27.52741],[108.85505,27.51334],[108.85548,27.49624],[108.83978,27.4981],[108.83636,27.50833],[108.81349,27.50419],[108.83018,27.48667],[108.82594,27.47921],[108.80016,27.49102],[108.76561,27.4884],[108.7602,27.4945],[108.75476,27.49125],[108.75779,27.4729],[108.74346,27.4734],[108.74203,27.49226],[108.71872,27.51816],[108.69442,27.52605],[108.65847,27.50787],[108.62636,27.52708],[108.60118,27.52239],[108.57588,27.47486],[108.55493,27.49235],[108.55542,27.50653],[108.53745,27.532],[108.5386,27.55452],[108.55544,27.56161],[108.55659,27.57027],[108.54021,27.60473],[108.56754,27.62592],[108.5605,27.63128],[108.57303,27.66103],[108.61162,27.68828],[108.59169,27.70442],[108.5939,27.7158],[108.55971,27.7572],[108.49832,27.75115],[108.4914,27.78106],[108.50697,27.81408],[108.54688,27.81761],[108.54988,27.86804],[108.56461,27.8955],[108.61186,27.88848],[108.63867,27.90727],[108.69257,27.91938],[108.74355,27.95866],[108.78685,27.92913],[108.80937,27.95796],[108.8191,27.94833],[108.81575,27.93258],[108.84334,27.90869],[108.84194,27.89096],[108.86429,27.89962],[108.89392,27.89716],[108.91493,27.90728],[108.92687,27.90525],[108.93087,27.87626],[108.96208,27.88725],[108.98747,27.87888],[109.00013,27.8883],[108.99765,27.90884],[109.01138,27.91437],[109.01343,27.89641],[109.02377,27.89052],[109.04393,27.90693],[109.07949,27.90123],[109.07876,27.88723],[109.06258,27.86673],[109.03662,27.85203],[109.0431,27.82992],[109.06703,27.84011],[109.06596,27.86489]]]}},{"type":"Feature","id":"CTAMAP-2023-COUNTY-0930","properties":{"map_level":"county","source_name":"金沙县","source_code":"520523","county_type":"县","prefecture_name":"毕节市","prefecture_code":"520500","prefecture_type":"地级市","parent_entity_id":"CNUR-000261","parent_year_end_name":"毕节市","province_name":"贵州省","province_code":"520000","snapshot_year":2023,"panel_year":2022,"link_status":"parent_linked","former_name":"","note":""},"geometry":{"type":"Polygon","coordinates":[[[106.00023,27.75012],[106.00532,27.6931],[106.00012,27.67134],[106.01565,27.67202],[106.03517,27.65977],[106.03906,27.67109],[106.05647,27.67295],[106.09029,27.65642],[106.10436,27.65762],[106.1098,27.61692],[106.12523,27.61685],[106.14285,27.58652],[106.13782,27.57648],[106.14527,27.56493],[106.2038,27.56831],[106.23041,27.55822],[106.23466,27.58519],[106.26954,27.6015],[106.2711,27.61374],[106.28009,27.61683],[106.28577,27.60739],[106.30768,27.60127],[106.31519,27.58382],[106.33265,27.58077],[106.33748,27.54307],[106.30602,27.52963],[106.30498,27.51735],[106.33144,27.4754],[106.33481,27.48171],[106.34969,27.48027],[106.36625,27.47083],[106.36315,27.48614],[106.43399,27.51267],[106.43721,27.50602],[106.45316,27.51158],[106.46094,27.4949],[106.5074,27.47359],[106.52711,27.48818],[106.51557,27.50248],[106.52181,27.50893],[106.53869,27.51453],[106.54566,27.50677],[106.54644,27.52053],[106.56643,27.52094],[106.58628,27.5358],[106.63278,27.51717],[106.66747,27.46449],[106.69027,27.46841],[106.70157,27.45928],[106.70443,27.44279],[106.6982,27.43471],[106.72261,27.40903],[106.70544,27.37356],[106.68827,27.35791],[106.69282,27.34038],[106.71228,27.32325],[106.71008,27.31017],[106.68961,27.31411],[106.6621,27.30234],[106.63163,27.30334],[106.60607,27.26486],[106.5506,27.24609],[106.51971,27.22137],[106.49331,27.21365],[106.48602,27.20134],[106.44451,27.19194],[106.436,27.16018],[106.40992,27.15298],[106.39336,27.11554],[106.38578,27.1321],[106.37526,27.14077],[106.36546,27.13788],[106.35082,27.15554],[106.37149,27.17194],[106.35529,27.2148],[106.36871,27.2178],[106.39399,27.24327],[106.38765,27.24731],[106.39086,27.25795],[106.35933,27.27362],[106.366,27.30564],[106.35764,27.31856],[106.33827,27.30459],[106.3091,27.31266],[106.29349,27.32598],[106.27931,27.31027],[106.2326,27.34989],[106.21138,27.33424],[106.21323,27.32667],[106.19797,27.30998],[106.17513,27.30833],[106.15786,27.29677],[106.1636,27.28792],[106.15219,27.27178],[106.16262,27.25178],[106.13643,27.24246],[106.12747,27.24894],[106.13229,27.26999],[106.12177,27.27537],[106.11265,27.30164],[106.07968,27.31828],[106.06193,27.35223],[106.04222,27.3628],[106.03934,27.37572],[106.01314,27.37336],[106.02126,27.39758],[105.98891,27.41092],[106.00214,27.43285],[105.97008,27.44879],[105.96073,27.47446],[105.94046,27.48338],[105.89899,27.45426],[105.89588,27.47579],[105.88239,27.47079],[105.8735,27.47681],[105.888,27.49763],[105.88775,27.52224],[105.86955,27.52799],[105.88591,27.56104],[105.88389,27.57703],[105.86651,27.59082],[105.86576,27.60232],[105.82803,27.58486],[105.79357,27.59347],[105.79499,27.62281],[105.81022,27.63354],[105.82615,27.66631],[105.85429,27.67681],[105.85525,27.68454],[105.89704,27.71364],[105.92298,27.72198],[105.92997,27.73294],[105.98318,27.75362],[106.00023,27.75012]],[[106.14406,27.25106],[106.14541,27.26254],[106.13923,27.26514],[106.13444,27.25499],[106.14406,27.25106]]]}},{"type":"Feature","id":"CTAMAP-2023-COUNTY-0947","properties":{"map_level":"county","source_name":"锦屏县","source_code":"522628","county_type":"县","prefecture_name":"黔东南苗族侗族自治州","prefecture_code":"522600","prefecture_type":"自治州","parent_entity_id":"CNUR-000264","parent_year_end_name":"黔东南苗族侗族自治州","province_name":"贵州省","province_code":"520000","snapshot_year":2023,"panel_year":2022,"link_status":"parent_linked","former_name":"","note":""},"geometry":{"type":"Polygon","coordinates":[[[109.28632,26.70488],[109.29926,26.66508],[109.33454,26.65087],[109.35638,26.66135],[109.35724,26.64207],[109.37382,26.63294],[109.3718,26.62423],[109.38722,26.60451],[109.38297,26.57486],[109.3941,26.57362],[109.39324,26.55977],[109.40704,26.54349],[109.3739,26.52163],[109.38665,26.5043],[109.35817,26.47927],[109.37975,26.46591],[109.34345,26.44817],[109.32404,26.42829],[109.27755,26.43679],[109.26741,26.46279],[109.25821,26.46803],[109.24993,26.45058],[109.23682,26.45238],[109.23786,26.4426],[109.24957,26.44105],[109.23891,26.43077],[109.24136,26.42089],[109.27945,26.40667],[109.26403,26.39473],[109.22431,26.42434],[109.20143,26.41395],[109.21125,26.40965],[109.20876,26.39194],[109.19607,26.39209],[109.20128,26.39826],[109.19457,26.40145],[109.17113,26.38523],[109.16397,26.39779],[109.13588,26.39618],[109.12099,26.40572],[109.10132,26.38542],[109.08073,26.40516],[109.05598,26.40676],[109.04857,26.42839],[109.04027,26.43015],[109.02892,26.42035],[108.98108,26.42312],[108.96181,26.41436],[108.95936,26.43036],[108.93927,26.45127],[108.90783,26.42465],[108.89544,26.44102],[108.85792,26.42491],[108.8372,26.44311],[108.84365,26.4552],[108.82761,26.45574],[108.80936,26.4718],[108.8297,26.49419],[108.86917,26.51724],[108.86782,26.52706],[108.89318,26.55245],[108.8923,26.56132],[108.88008,26.56617],[108.89354,26.59846],[108.87878,26.6034],[108.87232,26.61762],[108.87176,26.62836],[108.89776,26.65073],[108.88472,26.65769],[108.89728,26.67123],[108.94876,26.66975],[108.96876,26.68232],[108.96738,26.72465],[109.01849,26.6992],[109.02718,26.7126],[109.02388,26.72201],[109.03529,26.70709],[109.07264,26.72835],[109.08903,26.71767],[109.11603,26.73464],[109.13788,26.73769],[109.16113,26.7196],[109.19816,26.75594],[109.22105,26.76561],[109.22181,26.77496],[109.23991,26.77898],[109.24805,26.77837],[109.26407,26.73217],[109.28632,26.70488]]]}},{"type":"Feature","id":"CTAMAP-2023-COUNTY-1012","properties":{"map_level":"county","source_name":"开阳县","source_code":"520121","county_type":"县","prefecture_name":"贵阳市","prefecture_code":"520100","prefecture_type":"地级市","parent_entity_id":"CNUR-000257","parent_year_end_name":"贵阳市","province_name":"贵州省","province_code":"520000","snapshot_year":2023,"panel_year":2022,"link_status":"parent_linked","former_name":"","note":""},"geometry":{"type":"Polygon","coordinates":[[[107.14931,27.35455],[107.20165,27.35423],[107.20482,27.33523],[107.18806,27.30854],[107.16203,27.28683],[107.16234,27.26491],[107.13372,27.2498],[107.15452,27.23275],[107.18847,27.24731],[107.23347,27.24525],[107.23365,27.23059],[107.25488,27.22455],[107.25786,27.21174],[107.24446,27.19227],[107.25336,27.17862],[107.22884,27.16534],[107.20768,27.17297],[107.16516,27.15176],[107.18509,27.13445],[107.18666,27.12062],[107.1643,27.09149],[107.17172,27.08436],[107.16297,27.03062],[107.16944,27.02382],[107.19119,27.02966],[107.19429,27.01149],[107.23172,26.99781],[107.26989,26.89093],[107.27318,26.84871],[107.26399,26.84267],[107.2624,26.80702],[107.25362,26.79626],[107.21524,26.81657],[107.19256,26.80692],[107.18144,26.82047],[107.13117,26.82625],[107.11704,26.8169],[107.10401,26.81936],[107.08675,26.80363],[107.072,26.80876],[107.06602,26.7932],[107.04902,26.78204],[107.04539,26.79322],[107.02944,26.7927],[107.00066,26.81594],[107.02863,26.84104],[107.0143,26.8492],[107.00793,26.87314],[107.01466,26.88339],[107.00373,26.89265],[106.97111,26.8736],[106.95593,26.90512],[106.93129,26.90581],[106.91307,26.89131],[106.89996,26.90358],[106.88481,26.88537],[106.86721,26.88873],[106.8625,26.89832],[106.87259,26.91696],[106.86636,26.92861],[106.87919,26.93961],[106.87651,26.9735],[106.86663,26.991],[106.78627,26.97968],[106.77179,26.97308],[106.77509,26.96168],[106.7595,26.96078],[106.74031,26.97832],[106.74095,26.9911],[106.77561,27.02429],[106.79383,27.05383],[106.79582,27.119],[106.78498,27.12736],[106.78927,27.13697],[106.82558,27.162],[106.84669,27.1975],[106.85513,27.186],[106.86789,27.19814],[106.86833,27.21897],[106.8873,27.25721],[106.93123,27.30872],[106.9468,27.31036],[107.00042,27.35716],[107.04075,27.35491],[107.09229,27.32316],[107.14931,27.35455]]]}},{"type":"Feature","id":"CTAMAP-2023-COUNTY-1016","properties":{"map_level":"county","source_name":"凯里市","source_code":"522601","county_type":"县级市","prefecture_name":"黔东南苗族侗族自治州","prefecture_code":"522600","prefecture_type":"自治州","parent_entity_id":"CNUR-000264","parent_year_end_name":"黔东南苗族侗族自治州","province_name":"贵州省","province_code":"520000","snapshot_year":2023,"panel_year":2022,"link_status":"parent_linked","former_name":"","note":""},"geometry":{"type":"Polygon","coordinates":[[[108.12401,26.78042],[108.15967,26.7336],[108.10708,26.69096],[108.12559,26.68992],[108.13595,26.67991],[108.12214,26.63509],[108.15072,26.62462],[108.18128,26.62879],[108.176,26.61614],[108.19289,26.60012],[108.20231,26.56684],[108.17272,26.55626],[108.17995,26.54862],[108.17617,26.54168],[108.16277,26.54793],[108.13978,26.5336],[108.13307,26.49963],[108.12076,26.48932],[108.096,26.49048],[108.08702,26.47224],[108.05004,26.49097],[108.05043,26.50253],[108.03603,26.51288],[108.0145,26.51382],[108.00762,26.47674],[107.99271,26.46209],[107.9762,26.46524],[107.96961,26.45465],[107.95256,26.4666],[107.942,26.461],[107.94643,26.44232],[107.92606,26.42057],[107.90236,26.42637],[107.8837,26.42063],[107.86963,26.43377],[107.86365,26.42003],[107.83648,26.40895],[107.82908,26.41492],[107.84686,26.44141],[107.83488,26.44522],[107.83359,26.46518],[107.80954,26.46851],[107.78806,26.44721],[107.78438,26.45885],[107.75157,26.48459],[107.74002,26.48125],[107.71576,26.49311],[107.73646,26.5317],[107.73112,26.55655],[107.71616,26.55203],[107.70816,26.5399],[107.69061,26.54272],[107.66435,26.5288],[107.65681,26.51914],[107.66602,26.51541],[107.66789,26.50185],[107.63281,26.49947],[107.58464,26.51353],[107.59566,26.52828],[107.58836,26.53785],[107.60083,26.55543],[107.5764,26.57849],[107.53999,26.58687],[107.55348,26.59219],[107.55936,26.60798],[107.58448,26.61658],[107.58474,26.59349],[107.59935,26.58731],[107.60935,26.6174],[107.61895,26.60507],[107.63275,26.61178],[107.67677,26.57541],[107.70566,26.58017],[107.71726,26.57293],[107.73743,26.58046],[107.74172,26.59973],[107.71544,26.61496],[107.71924,26.62962],[107.71067,26.64673],[107.69369,26.65753],[107.68335,26.71504],[107.69456,26.727],[107.69168,26.73993],[107.7606,26.80168],[107.77444,26.79434],[107.78412,26.80348],[107.79401,26.78675],[107.83517,26.76837],[107.847,26.77444],[107.88851,26.76883],[107.92022,26.73428],[107.94319,26.74253],[107.95311,26.76169],[107.96813,26.76623],[108.00436,26.75514],[108.02547,26.73759],[108.03678,26.75559],[108.06244,26.76837],[108.09185,26.75754],[108.12401,26.78042]]]}},{"type":"Feature","id":"CTAMAP-2023-COUNTY-1092","properties":{"map_level":"county","source_name":"雷山县","source_code":"522634","county_type":"县","prefecture_name":"黔东南苗族侗族自治州","prefecture_code":"522600","prefecture_type":"自治州","parent_entity_id":"CNUR-000264","parent_year_end_name":"黔东南苗族侗族自治州","province_name":"贵州省","province_code":"520000","snapshot_year":2023,"panel_year":2022,"link_status":"parent_linked","former_name":"","note":""},"geometry":{"type":"Polygon","coordinates":[[[108.32339,26.3976],[108.28652,26.37864],[108.28827,26.35715],[108.30271,26.34844],[108.27226,26.32886],[108.28725,26.3264],[108.29386,26.30707],[108.2883,26.27463],[108.26355,26.25416],[108.27601,26.24976],[108.28095,26.22514],[108.23044,26.18656],[108.23421,26.17964],[108.22355,26.18285],[108.21257,26.17201],[108.23374,26.15694],[108.22329,26.12308],[108.23579,26.11431],[108.23198,26.09895],[108.2152,26.08563],[108.20892,26.05561],[108.18894,26.04013],[108.17067,26.03803],[108.1612,26.04336],[108.155,26.06955],[108.16736,26.07543],[108.16654,26.08276],[108.14404,26.09715],[108.13502,26.09758],[108.12896,26.08471],[108.11655,26.08735],[108.13101,26.10022],[108.13069,26.11928],[108.11936,26.12888],[108.11219,26.15284],[108.13958,26.21555],[108.12928,26.2212],[108.11194,26.21594],[108.1003,26.23456],[108.07418,26.21172],[108.06902,26.22505],[108.05717,26.21965],[108.04582,26.22995],[108.05966,26.24643],[108.02281,26.24849],[108.02143,26.27523],[108.00936,26.28286],[108.01408,26.30004],[107.9904,26.30144],[107.96232,26.32739],[107.94199,26.33463],[107.94361,26.34483],[107.95557,26.34524],[107.96285,26.35916],[107.93454,26.40271],[107.91889,26.4126],[107.94643,26.44232],[107.942,26.461],[107.95256,26.4666],[107.96961,26.45465],[107.9762,26.46524],[107.99271,26.46209],[108.00762,26.47674],[108.0145,26.51382],[108.03603,26.51288],[108.05043,26.50253],[108.05004,26.49097],[108.08702,26.47224],[108.096,26.49048],[108.12076,26.48932],[108.13307,26.49963],[108.13978,26.5336],[108.16277,26.54793],[108.17617,26.54168],[108.17995,26.54862],[108.17272,26.55626],[108.20231,26.56684],[108.22998,26.54958],[108.23173,26.52658],[108.24225,26.52729],[108.23528,26.50453],[108.25799,26.50161],[108.27464,26.48306],[108.31189,26.46746],[108.32014,26.45377],[108.31702,26.44192],[108.33063,26.42666],[108.30611,26.41959],[108.29951,26.40739],[108.31267,26.40826],[108.32339,26.3976]]]}},{"type":"Feature","id":"CTAMAP-2023-COUNTY-1103","properties":{"map_level":"county","source_name":"黎平县","source_code":"522631","county_type":"县","prefecture_name":"黔东南苗族侗族自治州","prefecture_code":"522600","prefecture_type":"自治州","parent_entity_id":"CNUR-000264","parent_year_end_name":"黔东南苗族侗族自治州","province_name":"贵州省","province_code":"520000","snapshot_year":2023,"panel_year":2022,"link_status":"parent_linked","former_name":"","note":""},"geometry":{"type":"Polygon","coordinates":[[[108.8297,26.49419],[108.80931,26.47192],[108.82761,26.45574],[108.84365,26.4552],[108.8372,26.44311],[108.85263,26.42675],[108.8681,26.42446],[108.86941,26.43148],[108.89544,26.44102],[108.90783,26.42465],[108.93987,26.45121],[108.95936,26.43036],[108.96181,26.41436],[108.98108,26.42312],[109.02892,26.42035],[109.04027,26.43015],[109.04857,26.42839],[109.05598,26.40676],[109.08073,26.40516],[109.10405,26.38505],[109.12099,26.40572],[109.13588,26.39618],[109.16397,26.39779],[109.17113,26.38523],[109.19457,26.40145],[109.20128,26.39826],[109.19607,26.39209],[109.20876,26.39194],[109.21125,26.40965],[109.20143,26.41395],[109.22431,26.42434],[109.26422,26.39482],[109.27945,26.40667],[109.24136,26.42089],[109.23891,26.43077],[109.24957,26.44105],[109.23649,26.44798],[109.24993,26.45058],[109.25821,26.46803],[109.26741,26.46279],[109.27755,26.43679],[109.32404,26.42829],[109.30894,26.39176],[109.29765,26.39198],[109.29009,26.37774],[109.29656,26.3494],[109.28287,26.35084],[109.26823,26.33595],[109.27565,26.30127],[109.3209,26.29336],[109.31855,26.28473],[109.33097,26.27919],[109.33609,26.26664],[109.37694,26.28687],[109.42776,26.28852],[109.45643,26.31676],[109.46926,26.31012],[109.47195,26.30217],[109.43186,26.24754],[109.4457,26.23622],[109.45008,26.2121],[109.46169,26.21431],[109.46987,26.2047],[109.45433,26.19748],[109.46737,26.17568],[109.46975,26.15316],[109.48831,26.148],[109.49135,26.15543],[109.50966,26.13258],[109.50706,26.11793],[109.49992,26.09984],[109.46996,26.10312],[109.45861,26.09509],[109.44634,26.10401],[109.44753,26.05785],[109.47489,26.05033],[109.47834,26.02756],[109.45209,25.99461],[109.40105,25.96901],[109.43391,25.95868],[109.42719,25.92346],[109.38777,25.90282],[109.38571,25.87339],[109.36248,25.8469],[109.33409,25.83751],[109.33506,25.79822],[109.32393,25.7855],[109.33464,25.77437],[109.32176,25.76461],[109.33288,25.75738],[109.3368,25.73487],[109.30928,25.73632],[109.30739,25.72298],[109.27543,25.71748],[109.25208,25.72125],[109.2504,25.72897],[109.22702,25.74059],[109.2021,25.74197],[109.2023,25.7657],[109.19113,25.77078],[109.20061,25.77643],[109.20204,25.79134],[109.17464,25.80847],[109.17909,25.81952],[109.16838,25.82563],[109.18713,25.84251],[109.18711,25.85655],[109.16815,25.86236],[109.16286,25.88158],[109.14659,25.88924],[109.13786,25.90809],[109.12856,25.90851],[109.12768,25.92555],[109.1124,25.93051],[109.11427,25.96156],[109.08621,25.98137],[109.06143,25.97581],[109.06101,25.99048],[109.04413,25.99641],[109.02351,25.98342],[109.0141,25.98908],[109.01156,25.95699],[108.99387,25.93048],[108.98959,25.90628],[108.96987,25.89202],[108.94989,25.90238],[108.93772,25.87823],[108.91961,25.87918],[108.9074,25.89112],[108.91192,25.93371],[108.88838,25.95865],[108.87191,25.96005],[108.8608,25.9483],[108.84094,25.95225],[108.84115,25.9415],[108.78028,25.93351],[108.77551,25.95435],[108.76549,25.95633],[108.75104,25.98786],[108.7663,26.00416],[108.76327,26.03491],[108.73177,26.0363],[108.73219,26.05242],[108.71842,26.06732],[108.72465,26.07484],[108.71796,26.09017],[108.70038,26.09567],[108.69472,26.11631],[108.65148,26.10458],[108.63456,26.1082],[108.64749,26.16041],[108.68789,26.18697],[108.68607,26.19787],[108.6555,26.21707],[108.65812,26.22805],[108.64478,26.23718],[108.62539,26.2718],[108.64488,26.28496],[108.66579,26.28211],[108.67625,26.30134],[108.66685,26.30766],[108.67549,26.31904],[108.65472,26.33988],[108.65787,26.36152],[108.67005,26.37783],[108.6649,26.43],[108.65287,26.44684],[108.67214,26.4717],[108.64839,26.49012],[108.67286,26.5119],[108.67305,26.50294],[108.73123,26.48549],[108.73682,26.49578],[108.76071,26.4896],[108.76695,26.50908],[108.78636,26.49439],[108.81529,26.50363],[108.8297,26.49419]]]}},{"type":"Feature","id":"CTAMAP-2023-COUNTY-1121","properties":{"map_level":"county","source_name":"荔波县","source_code":"522722","county_type":"县","prefecture_name":"黔南布依族苗族自治州","prefecture_code":"522700","prefecture_type":"自治州","parent_entity_id":"CNUR-000265","parent_year_end_name":"黔南布依族苗族自治州","province_name":"贵州省","province_code":"520000","snapshot_year":2023,"panel_year":2022,"link_status":"parent_linked","former_name":"","note":""},"geometry":{"type":"Polygon","coordinates":[[[108.178,25.62575],[108.18582,25.61443],[108.21419,25.61286],[108.238,25.62984],[108.2442,25.62002],[108.24187,25.58804],[108.25828,25.58829],[108.28022,25.5733],[108.28215,25.53725],[108.29878,25.51787],[108.28868,25.48404],[108.25962,25.4802],[108.23686,25.46543],[108.23386,25.4559],[108.24871,25.438],[108.24248,25.42864],[108.22312,25.43105],[108.21677,25.45309],[108.19081,25.45966],[108.15468,25.44367],[108.15933,25.43094],[108.169,25.43393],[108.18529,25.42201],[108.18132,25.41473],[108.18908,25.40682],[108.17728,25.39276],[108.15359,25.39758],[108.13734,25.39207],[108.1514,25.3797],[108.14101,25.34764],[108.15413,25.32765],[108.13295,25.28763],[108.14362,25.2776],[108.12928,25.25526],[108.13451,25.23597],[108.12509,25.23689],[108.11248,25.21452],[108.07498,25.19592],[108.04271,25.20211],[108.00946,25.19335],[107.99404,25.19828],[107.98272,25.18524],[107.95497,25.18081],[107.89351,25.14759],[107.86615,25.14384],[107.86227,25.12806],[107.83488,25.11906],[107.80999,25.13046],[107.79185,25.11914],[107.77466,25.12585],[107.7601,25.12135],[107.75871,25.12729],[107.78763,25.14809],[107.77346,25.16307],[107.77901,25.17271],[107.75509,25.19287],[107.76234,25.22572],[107.7485,25.24279],[107.70916,25.21702],[107.70143,25.20224],[107.68224,25.19709],[107.69565,25.22575],[107.68177,25.2268],[107.68266,25.23607],[107.65947,25.24937],[107.66849,25.25257],[107.65608,25.26346],[107.66443,25.27957],[107.66058,25.29267],[107.64935,25.29889],[107.66593,25.31022],[107.66237,25.32204],[107.64864,25.32051],[107.65971,25.34912],[107.64301,25.35358],[107.64426,25.37445],[107.65529,25.38909],[107.65009,25.40301],[107.6588,25.40576],[107.61556,25.45793],[107.64764,25.48713],[107.62417,25.52932],[107.63446,25.55041],[107.62784,25.56895],[107.64226,25.5881],[107.63489,25.60309],[107.67614,25.6119],[107.68285,25.60135],[107.70838,25.61374],[107.73142,25.60549],[107.7385,25.62554],[107.75347,25.61539],[107.76988,25.61959],[107.77873,25.63739],[107.78876,25.63979],[107.80658,25.62748],[107.80739,25.60333],[107.79718,25.59289],[107.8233,25.58454],[107.81969,25.56713],[107.83211,25.55664],[107.84527,25.56082],[107.86578,25.53504],[107.87828,25.53017],[107.90719,25.53578],[107.91112,25.55505],[107.92717,25.56459],[107.93761,25.54749],[107.92767,25.52578],[107.93476,25.51601],[107.95283,25.51843],[107.95755,25.53584],[107.9859,25.5242],[108.01035,25.5443],[108.02372,25.51936],[108.03534,25.51703],[108.04369,25.5237],[108.0387,25.53947],[108.0483,25.56238],[108.09902,25.57578],[108.11113,25.60351],[108.12531,25.60554],[108.13343,25.59346],[108.13614,25.60724],[108.14559,25.60309],[108.178,25.62575]]]}},{"type":"Feature","id":"CTAMAP-2023-COUNTY-1219","properties":{"map_level":"county","source_name":"六枝特区","source_code":"520203","county_type":"特区","prefecture_name":"六盘水市","prefecture_code":"520200","prefecture_type":"地级市","parent_entity_id":"CNUR-000258","parent_year_end_name":"六盘水市","province_name":"贵州省","province_code":"520000","snapshot_year":2023,"panel_year":2022,"link_status":"parent_linked","former_name":"","note":""},"geometry":{"type":"Polygon","coordinates":[[[105.35027,26.51398],[105.33759,26.4979],[105.34931,26.47228],[105.36266,26.48418],[105.37601,26.46775],[105.43207,26.46097],[105.43533,26.43449],[105.46585,26.44491],[105.4757,26.45612],[105.47708,26.44854],[105.5048,26.439],[105.49927,26.41998],[105.5108,26.4185],[105.53146,26.36229],[105.49652,26.34287],[105.48347,26.31769],[105.49233,26.30773],[105.46931,26.28928],[105.46828,26.27274],[105.50673,26.22753],[105.52055,26.2412],[105.52898,26.23616],[105.52845,26.22571],[105.55626,26.23497],[105.58207,26.22942],[105.59918,26.2133],[105.65915,26.2125],[105.70179,26.18412],[105.71511,26.19271],[105.71891,26.17222],[105.70704,26.16734],[105.68623,26.17368],[105.66602,26.15475],[105.67185,26.14256],[105.66523,26.13798],[105.64373,26.14692],[105.63217,26.1422],[105.61796,26.16226],[105.60329,26.16546],[105.60533,26.11881],[105.59619,26.11622],[105.58779,26.06743],[105.57645,26.07838],[105.56269,26.07411],[105.55239,26.08245],[105.53088,26.07194],[105.52842,26.06292],[105.51784,26.06299],[105.50571,26.04305],[105.50658,26.02991],[105.48973,26.03413],[105.48591,26.02524],[105.46591,26.02711],[105.4403,26.01528],[105.42866,26.02],[105.38567,26.01184],[105.36644,26.01799],[105.33342,26.00825],[105.26685,26.01788],[105.24313,25.98313],[105.22461,26.00008],[105.20795,26.0413],[105.1857,26.06899],[105.19047,26.09558],[105.17186,26.12441],[105.17451,26.16147],[105.1854,26.17287],[105.15557,26.17737],[105.13551,26.1538],[105.12147,26.16645],[105.13613,26.17802],[105.13494,26.18817],[105.14706,26.19261],[105.14317,26.20177],[105.18108,26.21325],[105.17909,26.23103],[105.20684,26.25285],[105.20201,26.27023],[105.21874,26.31248],[105.23455,26.31933],[105.24019,26.34168],[105.23204,26.36007],[105.22401,26.36794],[105.19628,26.36816],[105.18261,26.39584],[105.23473,26.42839],[105.25673,26.4547],[105.21625,26.50031],[105.23348,26.50562],[105.24845,26.52481],[105.27556,26.52113],[105.29024,26.53575],[105.30435,26.53715],[105.32975,26.51523],[105.35027,26.51398]]]}},{"type":"Feature","id":"CTAMAP-2023-COUNTY-1232","properties":{"map_level":"county","source_name":"龙里县","source_code":"522730","county_type":"县","prefecture_name":"黔南布依族苗族自治州","prefecture_code":"522700","prefecture_type":"自治州","parent_entity_id":"CNUR-000265","parent_year_end_name":"黔南布依族苗族自治州","province_name":"贵州省","province_code":"520000","snapshot_year":2023,"panel_year":2022,"link_status":"parent_linked","former_name":"","note":""},"geometry":{"type":"Polygon","coordinates":[[[107.25022,26.79581],[107.24555,26.75882],[107.20094,26.771],[107.18014,26.73582],[107.13941,26.72497],[107.16591,26.69364],[107.14904,26.68692],[107.14607,26.70208],[107.12477,26.70011],[107.13966,26.6446],[107.12878,26.62807],[107.10646,26.62609],[107.07904,26.59753],[107.08243,26.58022],[107.09348,26.57397],[107.06426,26.54736],[107.08291,26.53538],[107.09048,26.52012],[107.1005,26.51592],[107.11204,26.53759],[107.13228,26.52785],[107.16119,26.5322],[107.15424,26.50986],[107.11951,26.49141],[107.12488,26.47841],[107.09623,26.47814],[107.07887,26.46696],[107.07725,26.45191],[107.09506,26.44573],[107.09396,26.43524],[107.05892,26.43858],[107.06287,26.43109],[107.08941,26.42531],[107.07473,26.39602],[107.05088,26.38262],[107.06287,26.37043],[107.05905,26.35143],[107.04365,26.34575],[107.00464,26.35469],[106.98845,26.34742],[107.04425,26.29407],[107.07132,26.29523],[107.05976,26.2845],[107.06125,26.26575],[107.04554,26.26322],[107.03755,26.2526],[107.03759,26.24527],[107.04678,26.24466],[107.04215,26.22283],[107.01727,26.21774],[106.98258,26.1921],[106.97151,26.20194],[106.92693,26.20205],[106.92626,26.18864],[106.91455,26.18645],[106.91753,26.17616],[106.89179,26.17121],[106.88594,26.19244],[106.85202,26.20164],[106.88317,26.22001],[106.87427,26.23557],[106.84839,26.23953],[106.8516,26.25987],[106.87948,26.27942],[106.86207,26.29857],[106.87067,26.31257],[106.84676,26.31896],[106.83276,26.3063],[106.82306,26.31569],[106.77802,26.32415],[106.78138,26.33868],[106.81238,26.34149],[106.81899,26.35661],[106.81242,26.37288],[106.84035,26.38768],[106.83141,26.39643],[106.8119,26.39351],[106.79807,26.38719],[106.78866,26.37008],[106.78301,26.37957],[106.76848,26.37807],[106.75323,26.39601],[106.7732,26.41212],[106.78371,26.43449],[106.80518,26.42934],[106.81579,26.43935],[106.81313,26.4482],[106.82805,26.4561],[106.81667,26.47256],[106.79809,26.47558],[106.84279,26.51816],[106.83448,26.5283],[106.84079,26.53964],[106.82937,26.55379],[106.83639,26.57197],[106.86897,26.57463],[106.88696,26.59063],[106.91117,26.58497],[106.90141,26.59481],[106.91595,26.59784],[106.91799,26.60522],[106.90655,26.62116],[106.89695,26.61769],[106.88492,26.63364],[106.87645,26.62503],[106.86159,26.63218],[106.87253,26.64239],[106.87536,26.63191],[106.88814,26.63716],[106.90036,26.66076],[106.91557,26.63947],[106.93054,26.64855],[106.9577,26.65004],[106.95903,26.66291],[106.94694,26.66203],[106.94092,26.67914],[106.97781,26.70161],[106.96136,26.71556],[106.96186,26.72657],[106.97811,26.72808],[106.96408,26.73473],[106.96408,26.74307],[106.97872,26.75637],[107.01186,26.75816],[107.02353,26.77142],[107.04713,26.7768],[107.072,26.80876],[107.08675,26.80363],[107.10375,26.81922],[107.11704,26.8169],[107.12544,26.82532],[107.16362,26.82439],[107.18144,26.82047],[107.19256,26.80692],[107.21574,26.81644],[107.25022,26.79581]]]}},{"type":"Feature","id":"CTAMAP-2023-COUNTY-1305","properties":{"map_level":"county","source_name":"罗甸县","source_code":"522728","county_type":"县","prefecture_name":"黔南布依族苗族自治州","prefecture_code":"522700","prefecture_type":"自治州","parent_entity_id":"CNUR-000265","parent_year_end_name":"黔南布依族苗族自治州","province_name":"贵州省","province_code":"520000","snapshot_year":2023,"panel_year":2022,"link_status":"parent_linked","former_name":"","note":""},"geometry":{"type":"Polygon","coordinates":[[[106.66243,25.71362],[106.68598,25.68072],[106.70397,25.67658],[106.71865,25.66097],[106.70837,25.64564],[106.71349,25.62318],[106.72911,25.62171],[106.74555,25.60279],[106.77865,25.58988],[106.80637,25.58776],[106.80373,25.58188],[106.81539,25.58937],[106.83379,25.58629],[106.85407,25.59875],[106.84971,25.61621],[106.86081,25.63382],[106.91491,25.64252],[106.94128,25.63627],[106.93457,25.62493],[106.9483,25.63289],[106.96525,25.61807],[106.99201,25.61185],[107.00592,25.59021],[106.97825,25.56976],[106.99775,25.55163],[107.01279,25.56398],[107.05694,25.57163],[107.07005,25.52844],[107.06692,25.51559],[107.0113,25.4986],[106.99433,25.44767],[106.9773,25.45134],[106.96002,25.44047],[106.98282,25.3634],[107.0096,25.35339],[107.00378,25.31207],[107.0097,25.2785],[106.98449,25.26207],[106.99271,25.24318],[106.97188,25.23626],[106.94036,25.25227],[106.90975,25.24671],[106.89842,25.22923],[106.89527,25.19436],[106.88406,25.18572],[106.85051,25.18976],[106.79017,25.17428],[106.76186,25.18606],[106.72356,25.1643],[106.69312,25.18183],[106.64524,25.1703],[106.63612,25.16342],[106.63651,25.13468],[106.59435,25.10861],[106.58664,25.09082],[106.54746,25.08539],[106.51603,25.06234],[106.52847,25.08332],[106.52468,25.09996],[106.46744,25.1675],[106.45937,25.17045],[106.45385,25.16067],[106.44125,25.17971],[106.4953,25.20311],[106.5016,25.21427],[106.48948,25.23402],[106.49773,25.25247],[106.47917,25.26511],[106.49147,25.26985],[106.49095,25.28021],[106.46098,25.32037],[106.42864,25.32331],[106.41599,25.33575],[106.41602,25.36436],[106.42727,25.37427],[106.41884,25.39592],[106.40238,25.40649],[106.38438,25.4049],[106.39209,25.41106],[106.38916,25.42119],[106.40192,25.41856],[106.41566,25.43264],[106.40765,25.45587],[106.39242,25.45641],[106.40263,25.46467],[106.39079,25.47033],[106.39243,25.49216],[106.4234,25.51073],[106.41757,25.52462],[106.43464,25.54187],[106.4262,25.56601],[106.4563,25.60334],[106.47085,25.60496],[106.46794,25.62822],[106.48488,25.63833],[106.48771,25.66225],[106.501,25.66945],[106.51439,25.66629],[106.52778,25.68713],[106.55535,25.70427],[106.54935,25.71796],[106.55587,25.72966],[106.54586,25.7481],[106.57113,25.74235],[106.57528,25.72537],[106.59475,25.72279],[106.60254,25.70809],[106.59682,25.70506],[106.61603,25.69349],[106.62915,25.69767],[106.62989,25.71265],[106.60346,25.74827],[106.62345,25.75362],[106.63938,25.73847],[106.63845,25.71977],[106.66243,25.71362]]]}},{"type":"Feature","id":"CTAMAP-2023-COUNTY-1327","properties":{"map_level":"county","source_name":"麻江县","source_code":"522635","county_type":"县","prefecture_name":"黔东南苗族侗族自治州","prefecture_code":"522600","prefecture_type":"自治州","parent_entity_id":"CNUR-000264","parent_year_end_name":"黔东南苗族侗族自治州","province_name":"贵州省","province_code":"520000","snapshot_year":2023,"panel_year":2022,"link_status":"parent_linked","former_name":"","note":""},"geometry":{"type":"Polygon","coordinates":[[[107.5414,26.5828],[107.5764,26.57849],[107.60083,26.55543],[107.58836,26.53785],[107.59566,26.52828],[107.58454,26.5178],[107.58776,26.51133],[107.62211,26.5075],[107.63281,26.49947],[107.66789,26.50185],[107.66602,26.51541],[107.65681,26.51914],[107.66435,26.5288],[107.69061,26.54272],[107.70816,26.5399],[107.71616,26.55203],[107.73112,26.55655],[107.73646,26.5317],[107.71576,26.49311],[107.74002,26.48125],[107.75157,26.48459],[107.78438,26.45885],[107.78806,26.44721],[107.80954,26.46851],[107.83359,26.46518],[107.83488,26.44522],[107.84686,26.44141],[107.83126,26.41897],[107.81369,26.41595],[107.81563,26.39632],[107.79414,26.3567],[107.7805,26.34699],[107.78537,26.325],[107.7638,26.31852],[107.71815,26.32067],[107.6856,26.30139],[107.6784,26.31248],[107.64632,26.28234],[107.63309,26.31695],[107.58203,26.3692],[107.5352,26.36782],[107.52942,26.35041],[107.51491,26.3486],[107.52007,26.38577],[107.51612,26.41253],[107.50436,26.42318],[107.44064,26.41243],[107.4372,26.39444],[107.40061,26.37495],[107.38601,26.40156],[107.33292,26.40522],[107.31462,26.43279],[107.29362,26.43683],[107.30996,26.45214],[107.2984,26.45176],[107.30022,26.46048],[107.33067,26.46735],[107.33532,26.48823],[107.3542,26.49719],[107.3389,26.51034],[107.3166,26.50769],[107.31362,26.53346],[107.33105,26.54138],[107.32682,26.55493],[107.35446,26.54876],[107.35568,26.55475],[107.39569,26.54093],[107.40099,26.56286],[107.4074,26.56698],[107.4044,26.56066],[107.42199,26.55551],[107.41999,26.56841],[107.44585,26.58396],[107.46549,26.58048],[107.45621,26.5625],[107.46587,26.54765],[107.4748,26.55028],[107.47948,26.56931],[107.50522,26.55508],[107.50919,26.57283],[107.5414,26.5828]]]}},{"type":"Feature","id":"CTAMAP-2023-COUNTY-1358","properties":{"map_level":"county","source_name":"湄潭县","source_code":"520328","county_type":"县","prefecture_name":"遵义市","prefecture_code":"520300","prefecture_type":"地级市","parent_entity_id":"CNUR-000259","parent_year_end_name":"遵义市","province_name":"贵州省","province_code":"520000","snapshot_year":2023,"panel_year":2022,"link_status":"parent_linked","former_name":"","note":""},"geometry":{"type":"Polygon","coordinates":[[[107.57635,28.13594],[107.54735,28.13895],[107.54179,28.10992],[107.53341,28.11209],[107.53276,28.09207],[107.52211,28.08013],[107.55055,28.06638],[107.58885,28.07059],[107.60179,28.05694],[107.62459,28.06866],[107.67455,28.0394],[107.68303,28.02711],[107.67895,28.01844],[107.68632,28.0162],[107.66899,27.9919],[107.67359,27.97532],[107.6513,27.94646],[107.66595,27.93609],[107.67502,27.94227],[107.66369,27.91429],[107.65013,27.89787],[107.63233,27.89142],[107.63015,27.87603],[107.60116,27.87162],[107.61408,27.84775],[107.63851,27.84606],[107.63622,27.839],[107.64487,27.83324],[107.65333,27.8438],[107.64876,27.75179],[107.61949,27.73438],[107.61978,27.71538],[107.6064,27.69909],[107.59694,27.69935],[107.59657,27.68435],[107.60653,27.69652],[107.6145,27.67977],[107.59878,27.68123],[107.57727,27.66039],[107.58442,27.6233],[107.57319,27.62535],[107.5654,27.61433],[107.54723,27.6179],[107.53573,27.60548],[107.50823,27.518],[107.51287,27.50427],[107.53264,27.50062],[107.54495,27.48305],[107.53546,27.44008],[107.50814,27.43574],[107.48866,27.41765],[107.47035,27.41701],[107.45782,27.3997],[107.43763,27.3933],[107.42985,27.37616],[107.43597,27.36765],[107.40725,27.34464],[107.39626,27.3672],[107.38346,27.36252],[107.37185,27.36846],[107.36761,27.38784],[107.39305,27.40582],[107.39723,27.4177],[107.36874,27.43819],[107.3723,27.44665],[107.34395,27.44589],[107.35497,27.47125],[107.33104,27.46232],[107.28454,27.47082],[107.26627,27.4881],[107.26987,27.51389],[107.26047,27.51897],[107.27594,27.54612],[107.2665,27.60288],[107.27097,27.61844],[107.28309,27.62259],[107.29245,27.6422],[107.30791,27.64576],[107.31475,27.66544],[107.32371,27.65976],[107.33015,27.68072],[107.34029,27.68688],[107.31802,27.69311],[107.32904,27.71343],[107.32354,27.72241],[107.34567,27.73073],[107.37127,27.75426],[107.37972,27.77174],[107.37591,27.78611],[107.40825,27.79768],[107.44029,27.84035],[107.42251,27.85322],[107.43216,27.87144],[107.41973,27.88563],[107.43481,27.90096],[107.40873,27.91365],[107.39507,27.93491],[107.47946,28.00742],[107.48008,28.02356],[107.49203,28.02655],[107.503,28.04669],[107.49173,28.06998],[107.50067,28.0833],[107.47513,28.07293],[107.46543,28.07704],[107.45804,28.09706],[107.44543,28.09641],[107.42825,28.07118],[107.41061,28.06928],[107.39852,28.07744],[107.39612,28.05754],[107.38083,28.06174],[107.3678,28.08035],[107.39274,28.08118],[107.38461,28.0962],[107.427,28.13611],[107.41517,28.15799],[107.43969,28.1519],[107.47247,28.15822],[107.47105,28.16672],[107.48485,28.16559],[107.49664,28.17433],[107.52375,28.20971],[107.5444,28.19948],[107.54703,28.1925],[107.53703,28.18307],[107.54285,28.17871],[107.5569,28.17827],[107.57609,28.19241],[107.58017,28.18688],[107.58453,28.18044],[107.55149,28.16608],[107.54225,28.15374],[107.57005,28.14527],[107.57635,28.13594]]]}},{"type":"Feature","id":"CTAMAP-2023-COUNTY-1418","properties":{"map_level":"county","source_name":"纳雍县","source_code":"520525","county_type":"县","prefecture_name":"毕节市","prefecture_code":"520500","prefecture_type":"地级市","parent_entity_id":"CNUR-000261","parent_year_end_name":"毕节市","province_name":"贵州省","province_code":"520000","snapshot_year":2023,"panel_year":2022,"link_status":"parent_linked","former_name":"","note":""},"geometry":{"type":"Polygon","coordinates":[[[105.33862,27.08437],[105.32262,27.07345],[105.30411,27.07906],[105.28537,27.07085],[105.29337,27.06184],[105.2833,27.05671],[105.28248,27.0387],[105.26004,26.99548],[105.28142,26.95866],[105.31183,26.9574],[105.31983,26.9647],[105.424,26.94083],[105.4303,26.91899],[105.45424,26.91281],[105.45573,26.89237],[105.46842,26.88562],[105.55213,26.90134],[105.55857,26.89162],[105.55273,26.87543],[105.57585,26.85746],[105.58924,26.82873],[105.61841,26.81509],[105.6224,26.80622],[105.60867,26.78389],[105.61798,26.73818],[105.58232,26.69556],[105.58424,26.67506],[105.54427,26.66695],[105.54,26.6789],[105.51178,26.6634],[105.47133,26.65698],[105.46569,26.64311],[105.41981,26.60582],[105.41754,26.57636],[105.39074,26.55408],[105.38487,26.52748],[105.34849,26.50391],[105.35027,26.51398],[105.32975,26.51523],[105.30435,26.53715],[105.26979,26.52081],[105.21559,26.5371],[105.20341,26.55147],[105.21217,26.57828],[105.19646,26.58089],[105.18861,26.59234],[105.16556,26.59335],[105.14406,26.57838],[105.13957,26.58222],[105.12792,26.62529],[105.12395,26.62976],[105.11169,26.6202],[105.09851,26.64749],[105.08287,26.65442],[105.09189,26.67141],[105.06706,26.72032],[105.09045,26.74497],[105.08038,26.763],[105.06986,26.76054],[105.04373,26.77526],[105.04353,26.78456],[105.05999,26.79427],[105.05871,26.80345],[105.02445,26.82097],[104.98916,26.8262],[104.99687,26.83711],[104.9862,26.85334],[105.02749,26.87121],[105.02109,26.89905],[105.02676,26.91051],[105.00256,26.92171],[105.02482,26.93084],[105.00479,26.95434],[104.97753,26.9501],[104.93564,26.95673],[104.94413,26.9835],[104.98248,27.00148],[104.99183,27.01711],[105.02183,27.03342],[105.01243,27.04649],[105.02193,27.05567],[104.99771,27.0809],[105.007,27.08442],[105.07418,27.05711],[105.10967,27.06519],[105.12688,27.06162],[105.15829,27.07571],[105.20183,27.06328],[105.24685,27.09861],[105.33862,27.08437]]]}},{"type":"Feature","id":"CTAMAP-2023-COUNTY-1445","properties":{"map_level":"county","source_name":"南明区","source_code":"520102","county_type":"市辖区","prefecture_name":"贵阳市","prefecture_code":"520100","prefecture_type":"地级市","parent_entity_id":"CNUR-000257","parent_year_end_name":"贵阳市","province_name":"贵州省","province_code":"520000","snapshot_year":2023,"panel_year":2022,"link_status":"parent_linked","former_name":"","note":""},"geometry":{"type":"Polygon","coordinates":[[[106.81313,26.4482],[106.80739,26.45555],[106.79547,26.45417],[106.797,26.46034],[106.77676,26.47742],[106.77359,26.49566],[106.74749,26.48356],[106.74767,26.47363],[106.72408,26.46766],[106.72462,26.53843],[106.70398,26.53927],[106.69484,26.52666],[106.6797,26.52338],[106.67996,26.51401],[106.66959,26.51672],[106.66553,26.51014],[106.66076,26.55075],[106.63866,26.56243],[106.66173,26.568],[106.67426,26.57992],[106.6869,26.57306],[106.70177,26.58078],[106.73447,26.57729],[106.76595,26.5923],[106.80199,26.57175],[106.80893,26.57485],[106.80752,26.58696],[106.82224,26.58932],[106.81089,26.60785],[106.84793,26.62849],[106.87645,26.62503],[106.88492,26.63364],[106.89695,26.61769],[106.90655,26.62116],[106.91799,26.60522],[106.91595,26.59784],[106.90141,26.59481],[106.91033,26.58402],[106.88696,26.59063],[106.87278,26.57621],[106.84227,26.57462],[106.83034,26.56242],[106.84079,26.53964],[106.83448,26.5283],[106.84279,26.51816],[106.79809,26.47558],[106.81667,26.47256],[106.82805,26.4561],[106.81313,26.4482]]]}},{"type":"Feature","id":"CTAMAP-2023-COUNTY-1498","properties":{"map_level":"county","source_name":"盘州市","source_code":"520281","county_type":"县级市","prefecture_name":"六盘水市","prefecture_code":"520200","prefecture_type":"地级市","parent_entity_id":"CNUR-000258","parent_year_end_name":"六盘水市","province_name":"贵州省","province_code":"520000","snapshot_year":2023,"panel_year":2022,"link_status":"parent_linked","former_name":"盘县","note":"2017年撤销盘县，设立盘州市"},"geometry":{"type":"Polygon","coordinates":[[[104.96292,26.05659],[104.95621,26.0471],[104.95878,26.02588],[104.92792,25.94367],[104.94744,25.92395],[104.93442,25.88238],[104.90893,25.84675],[104.90188,25.85272],[104.88825,25.83994],[104.88541,25.82161],[104.86971,25.80665],[104.87718,25.74075],[104.90418,25.71373],[104.91044,25.6956],[104.89571,25.68616],[104.90044,25.6594],[104.85159,25.62498],[104.8842,25.59189],[104.88711,25.5794],[104.8771,25.57473],[104.876,25.56369],[104.9002,25.56205],[104.91266,25.54815],[104.91504,25.51903],[104.88295,25.4718],[104.85603,25.44706],[104.85942,25.44094],[104.84667,25.41827],[104.85345,25.38421],[104.88353,25.37398],[104.88486,25.3625],[104.86574,25.35193],[104.84691,25.3677],[104.83799,25.35434],[104.80513,25.3452],[104.79116,25.33082],[104.77759,25.34852],[104.76369,25.3514],[104.75217,25.3391],[104.73497,25.34078],[104.7291,25.33133],[104.70143,25.32682],[104.68167,25.33858],[104.67202,25.38046],[104.65533,25.37693],[104.65232,25.35788],[104.6344,25.3684],[104.61307,25.36757],[104.57102,25.4064],[104.55867,25.39519],[104.54915,25.39737],[104.53533,25.41186],[104.54211,25.4172],[104.53936,25.46102],[104.54843,25.47468],[104.55358,25.51648],[104.54729,25.53329],[104.54135,25.52377],[104.54856,25.51477],[104.52133,25.52951],[104.4827,25.49715],[104.44844,25.49853],[104.44612,25.47861],[104.43402,25.476],[104.41694,25.50258],[104.43029,25.50839],[104.43399,25.52117],[104.43308,25.55582],[104.4208,25.58464],[104.40406,25.59718],[104.38465,25.5954],[104.36216,25.5775],[104.36457,25.6045],[104.34079,25.60777],[104.33585,25.60218],[104.32666,25.62311],[104.31498,25.6298],[104.32179,25.64403],[104.30911,25.66347],[104.32108,25.70932],[104.3215,25.7523],[104.32931,25.76704],[104.35095,25.73996],[104.36905,25.73447],[104.38848,25.76478],[104.39808,25.76593],[104.39976,25.80028],[104.42797,25.82198],[104.42167,25.84437],[104.43912,25.87324],[104.43201,25.89726],[104.41564,25.89552],[104.41209,25.91712],[104.44436,25.94403],[104.43942,25.95883],[104.45393,25.97608],[104.46777,26.01423],[104.45967,26.03199],[104.46986,26.05166],[104.45928,26.05972],[104.46621,26.06384],[104.45348,26.07798],[104.45512,26.08803],[104.46789,26.08999],[104.49408,26.0741],[104.52247,26.0999],[104.52626,26.1171],[104.51676,26.13662],[104.51645,26.16848],[104.53707,26.2004],[104.5382,26.21528],[104.54783,26.22028],[104.53967,26.256],[104.55455,26.27877],[104.57481,26.29446],[104.60157,26.29124],[104.61687,26.27953],[104.61541,26.26263],[104.60276,26.2594],[104.60922,26.24369],[104.63021,26.23018],[104.6273,26.20201],[104.64449,26.15213],[104.62941,26.14138],[104.65392,26.12706],[104.69357,26.12836],[104.69693,26.10513],[104.70913,26.0924],[104.70645,26.0791],[104.72299,26.09354],[104.78183,26.07851],[104.82686,26.10432],[104.86431,26.10757],[104.88797,26.09319],[104.89886,26.074],[104.91308,26.076],[104.915,26.05017],[104.94921,26.06503],[104.96292,26.05659]]]}},{"type":"Feature","id":"CTAMAP-2023-COUNTY-1515","properties":{"map_level":"county","source_name":"平坝区","source_code":"520403","county_type":"市辖区","prefecture_name":"安顺市","prefecture_code":"520400","prefecture_type":"地级市","parent_entity_id":"CNUR-000260","parent_year_end_name":"安顺市","province_name":"贵州省","province_code":"520000","snapshot_year":2023,"panel_year":2022,"link_status":"parent_linked","former_name":"平坝县","note":"2014年撤销平坝县，设立平坝区"},"geometry":{"type":"Polygon","coordinates":[[[106.45394,26.43071],[106.47496,26.39789],[106.49603,26.38345],[106.55996,26.3769],[106.55284,26.36273],[106.55741,26.3401],[106.54821,26.32318],[106.51941,26.31486],[106.48223,26.26517],[106.4495,26.27007],[106.43819,26.28046],[106.38979,26.28078],[106.38409,26.28918],[106.35075,26.27907],[106.34603,26.29857],[106.32725,26.29522],[106.31137,26.30248],[106.30392,26.29777],[106.30271,26.25783],[106.28828,26.25007],[106.27009,26.26116],[106.28645,26.2688],[106.29017,26.2787],[106.27788,26.28331],[106.28921,26.28916],[106.28028,26.30442],[106.24557,26.294],[106.23236,26.30408],[106.24043,26.28878],[106.23224,26.28756],[106.22334,26.30993],[106.19579,26.31602],[106.17165,26.29032],[106.1636,26.291],[106.14598,26.32458],[106.17048,26.32057],[106.18063,26.33672],[106.13288,26.35514],[106.14513,26.36583],[106.1555,26.36457],[106.15402,26.38887],[106.10286,26.39348],[106.10859,26.37293],[106.10295,26.36205],[106.06922,26.34871],[106.06299,26.35656],[106.08847,26.39244],[106.07527,26.41893],[106.0635,26.40898],[106.05429,26.41708],[106.05732,26.43212],[106.03677,26.43458],[106.03027,26.42437],[106.01078,26.42489],[106.00334,26.41753],[105.98782,26.43109],[105.98935,26.4464],[106.03664,26.4709],[106.05749,26.46214],[106.1243,26.49453],[106.12524,26.52656],[106.13665,26.54679],[106.13638,26.58437],[106.15376,26.5985],[106.14682,26.62871],[106.16714,26.61391],[106.15994,26.59899],[106.18464,26.59079],[106.17581,26.573],[106.18486,26.56786],[106.17952,26.55695],[106.19634,26.55163],[106.1982,26.53678],[106.22839,26.54054],[106.24408,26.55113],[106.24908,26.54507],[106.27283,26.55837],[106.2973,26.54165],[106.31003,26.54223],[106.32198,26.51962],[106.31105,26.4925],[106.34233,26.49028],[106.34845,26.48114],[106.32166,26.45616],[106.37283,26.44954],[106.38321,26.41913],[106.37882,26.40441],[106.38767,26.40008],[106.39441,26.4085],[106.38718,26.41777],[106.39793,26.43048],[106.3939,26.44499],[106.40971,26.44324],[106.41381,26.45839],[106.43249,26.46739],[106.44425,26.47018],[106.45131,26.45885],[106.4419,26.44059],[106.44898,26.42698],[106.45394,26.43071]]]}},{"type":"Feature","id":"CTAMAP-2023-COUNTY-1539","properties":{"map_level":"county","source_name":"平塘县","source_code":"522727","county_type":"县","prefecture_name":"黔南布依族苗族自治州","prefecture_code":"522700","prefecture_type":"自治州","parent_entity_id":"CNUR-000265","parent_year_end_name":"黔南布依族苗族自治州","province_name":"贵州省","province_code":"520000","snapshot_year":2023,"panel_year":2022,"link_status":"parent_linked","former_name":"","note":""},"geometry":{"type":"Polygon","coordinates":[[[107.09253,26.10465],[107.10321,26.09348],[107.13612,26.09178],[107.12768,26.08513],[107.12064,26.05356],[107.16353,26.04986],[107.16476,26.02662],[107.19857,26.0138],[107.20555,26.01765],[107.21956,26.00494],[107.20354,25.97857],[107.21386,25.95057],[107.25658,25.94515],[107.26404,25.95237],[107.26301,25.97093],[107.28268,25.99299],[107.2791,26.01035],[107.32946,25.98574],[107.33712,25.9913],[107.36382,25.98498],[107.36501,25.97088],[107.34968,25.96025],[107.36013,25.95097],[107.34019,25.91341],[107.34602,25.89478],[107.36138,25.88403],[107.37852,25.88904],[107.3742,25.87825],[107.41715,25.88792],[107.42487,25.8801],[107.42281,25.85734],[107.4133,25.85265],[107.41195,25.84092],[107.43457,25.79294],[107.40484,25.73459],[107.39441,25.67878],[107.35226,25.64575],[107.34608,25.62186],[107.35418,25.58163],[107.35061,25.55912],[107.34384,25.55679],[107.35605,25.52833],[107.33249,25.51664],[107.3236,25.50197],[107.30157,25.5044],[107.27478,25.53405],[107.22878,25.55433],[107.22536,25.58689],[107.23692,25.59635],[107.21005,25.61185],[107.18433,25.59995],[107.1813,25.58144],[107.13969,25.56625],[107.08949,25.57125],[107.0666,25.55933],[107.0564,25.57177],[107.01279,25.56398],[106.99852,25.55135],[106.97825,25.56976],[107.00592,25.59021],[106.99201,25.61185],[106.96525,25.61807],[106.9483,25.63289],[106.93457,25.62493],[106.94128,25.63627],[106.91491,25.64252],[106.86081,25.63382],[106.84971,25.61621],[106.85407,25.59875],[106.83379,25.58629],[106.81539,25.58937],[106.80373,25.58188],[106.80637,25.58776],[106.74933,25.60082],[106.72911,25.62171],[106.71349,25.62318],[106.70837,25.64564],[106.71865,25.66097],[106.70397,25.67658],[106.68598,25.68072],[106.68062,25.69248],[106.69181,25.70773],[106.68742,25.72285],[106.70023,25.72104],[106.70333,25.7301],[106.74441,25.73843],[106.76143,25.72719],[106.79044,25.732],[106.79229,25.7413],[106.78167,25.75518],[106.84348,25.74748],[106.84717,25.7556],[106.89633,25.77892],[106.89239,25.80935],[106.88125,25.82734],[106.86968,25.80944],[106.85822,25.8238],[106.87713,25.83753],[106.85571,25.83145],[106.84484,25.81411],[106.84221,25.8278],[106.82483,25.82746],[106.82123,25.83664],[106.85787,25.8539],[106.85989,25.86814],[106.85125,25.87916],[106.88044,25.88567],[106.85043,25.90207],[106.86383,25.91722],[106.87946,25.91588],[106.89874,25.93137],[106.89494,25.9369],[106.87176,25.91963],[106.85184,25.92109],[106.87493,25.93992],[106.86866,25.96021],[106.9386,25.97175],[106.94099,25.98901],[106.95599,25.99625],[106.95476,26.01862],[106.96896,26.02325],[106.95243,26.03083],[106.95551,26.03667],[106.99832,26.0382],[107.00291,26.0562],[107.04181,26.05375],[107.04723,26.0641],[107.04098,26.07043],[107.02765,26.06728],[107.00764,26.07593],[107.00636,26.10164],[107.01323,26.1114],[107.07243,26.09909],[107.09253,26.10465]]]}},{"type":"Feature","id":"CTAMAP-2023-COUNTY-1565","properties":{"map_level":"county","source_name":"普安县","source_code":"522323","county_type":"县","prefecture_name":"黔西南布依族苗族自治州","prefecture_code":"522300","prefecture_type":"自治州","parent_entity_id":"CNUR-000263","parent_year_end_name":"黔西南布依族苗族自治州","province_name":"贵州省","province_code":"520000","snapshot_year":2023,"panel_year":2022,"link_status":"parent_linked","former_name":"","note":""},"geometry":{"type":"Polygon","coordinates":[[[105.12147,26.16645],[105.13551,26.1538],[105.11261,26.16068],[105.10131,26.10009],[105.05304,26.07153],[105.05209,26.05278],[105.03921,26.04879],[105.04107,26.03791],[105.02079,26.02902],[105.01419,26.01491],[105.01744,25.97009],[105.03644,25.97638],[105.03559,25.95513],[105.05733,25.96393],[105.08229,25.95508],[105.10348,25.95859],[105.10953,25.94232],[105.12104,25.94232],[105.12469,25.93475],[105.11528,25.92044],[105.12487,25.91142],[105.10722,25.89342],[105.13244,25.885],[105.15637,25.8541],[105.10016,25.83675],[105.08807,25.80647],[105.09854,25.77577],[105.09478,25.75264],[105.09848,25.74171],[105.11646,25.73421],[105.08532,25.70346],[105.06991,25.70867],[105.05057,25.70156],[105.04816,25.68732],[105.04845,25.65872],[105.08043,25.65439],[105.06389,25.61867],[105.07991,25.59301],[105.09437,25.59472],[105.08738,25.5769],[105.11637,25.58548],[105.12063,25.57217],[105.1144,25.55538],[105.12106,25.53992],[105.08088,25.52159],[105.06583,25.49165],[105.0124,25.44667],[105.00325,25.43299],[105.00695,25.41484],[104.99899,25.3986],[104.96365,25.37668],[104.9552,25.38133],[104.92768,25.37232],[104.92299,25.35292],[104.94251,25.34845],[104.94992,25.33803],[104.94937,25.30897],[104.93627,25.30328],[104.91677,25.31489],[104.90793,25.29556],[104.90412,25.31955],[104.88188,25.32798],[104.89226,25.33291],[104.88664,25.34542],[104.89092,25.3645],[104.87861,25.37697],[104.85345,25.38421],[104.84698,25.4052],[104.85603,25.44706],[104.88295,25.4718],[104.91504,25.51903],[104.91026,25.55543],[104.876,25.56369],[104.8771,25.57473],[104.88711,25.5794],[104.8842,25.59189],[104.85159,25.62498],[104.90044,25.6594],[104.89571,25.68616],[104.91044,25.6956],[104.90418,25.71373],[104.87718,25.74075],[104.86971,25.80665],[104.88541,25.82161],[104.88825,25.83994],[104.90188,25.85272],[104.90893,25.84675],[104.93442,25.88238],[104.94744,25.92395],[104.92792,25.94367],[104.95878,26.02588],[104.95621,26.0471],[104.97512,26.0717],[104.99132,26.07122],[104.99191,26.08273],[105.01251,26.09579],[104.99502,26.09628],[104.99297,26.10856],[105.00434,26.12096],[104.99337,26.12963],[105.05019,26.17639],[105.07391,26.16355],[105.12147,26.16645]]]}},{"type":"Feature","id":"CTAMAP-2023-COUNTY-1566","properties":{"map_level":"county","source_name":"普定县","source_code":"520422","county_type":"县","prefecture_name":"安顺市","prefecture_code":"520400","prefecture_type":"地级市","parent_entity_id":"CNUR-000260","parent_year_end_name":"安顺市","province_name":"贵州省","province_code":"520000","snapshot_year":2023,"panel_year":2022,"link_status":"parent_linked","former_name":"","note":""},"geometry":{"type":"Polygon","coordinates":[[[105.98935,26.4464],[105.9598,26.4096],[105.96507,26.40197],[105.93139,26.38768],[105.92553,26.36858],[105.86222,26.33903],[105.85998,26.33146],[105.87717,26.31934],[105.87361,26.30554],[105.85539,26.30696],[105.86195,26.2865],[105.8381,26.27625],[105.83374,26.23527],[105.80786,26.23623],[105.80413,26.23108],[105.81641,26.21643],[105.79976,26.19964],[105.79117,26.20023],[105.77987,26.17704],[105.75914,26.17768],[105.74359,26.15329],[105.73337,26.15776],[105.73405,26.16922],[105.71995,26.17461],[105.71511,26.19271],[105.70179,26.18412],[105.65915,26.2125],[105.59918,26.2133],[105.58207,26.22942],[105.55626,26.23497],[105.52845,26.22571],[105.52898,26.23616],[105.52055,26.2412],[105.50673,26.22753],[105.46898,26.26599],[105.46931,26.28928],[105.49233,26.30773],[105.48347,26.31769],[105.50186,26.34833],[105.56375,26.3727],[105.6019,26.41573],[105.62991,26.43174],[105.66831,26.44168],[105.68928,26.43589],[105.69658,26.45483],[105.72652,26.4656],[105.75034,26.45233],[105.77968,26.47974],[105.84779,26.47964],[105.90552,26.52661],[105.92436,26.51517],[105.96304,26.52857],[105.97035,26.5141],[105.96119,26.50256],[105.97209,26.49554],[105.97384,26.46973],[105.95811,26.45761],[105.97107,26.44151],[105.98935,26.4464]]]}},{"type":"Feature","id":"CTAMAP-2023-COUNTY-1572","properties":{"map_level":"county","source_name":"七星关区","source_code":"520502","county_type":"市辖区","prefecture_name":"毕节市","prefecture_code":"520500","prefecture_type":"地级市","parent_entity_id":"CNUR-000261","parent_year_end_name":"毕节市","province_name":"贵州省","province_code":"520000","snapshot_year":2023,"panel_year":2022,"link_status":"parent_linked","former_name":"七星关区","note":"2011年撤销毕节市，设立七星关区"},"geometry":{"type":"Polygon","coordinates":[[[105.66274,27.68793],[105.69731,27.6803],[105.71147,27.68425],[105.71973,27.70988],[105.76128,27.72152],[105.84135,27.70922],[105.86708,27.73798],[105.90582,27.74965],[105.91895,27.75064],[105.92875,27.73123],[105.85525,27.68454],[105.85429,27.67681],[105.82615,27.66631],[105.81022,27.63354],[105.79499,27.62281],[105.79294,27.5914],[105.74487,27.58],[105.7407,27.59941],[105.73072,27.60223],[105.71746,27.59092],[105.67781,27.58599],[105.666,27.57157],[105.67172,27.56283],[105.65859,27.51784],[105.54957,27.4955],[105.54385,27.47622],[105.52013,27.46425],[105.52193,27.45102],[105.49953,27.42937],[105.51851,27.41659],[105.50832,27.40147],[105.51178,27.38098],[105.53326,27.38257],[105.5261,27.34766],[105.53302,27.33648],[105.45086,27.29913],[105.4308,27.27978],[105.44912,27.25105],[105.40941,27.24332],[105.42547,27.23514],[105.44215,27.20489],[105.40689,27.17075],[105.41697,27.12977],[105.40911,27.10524],[105.35515,27.08472],[105.24044,27.09792],[105.20183,27.06328],[105.15829,27.07571],[105.12688,27.06162],[105.10967,27.06519],[105.07418,27.05711],[105.00725,27.08401],[105.00903,27.10183],[104.96983,27.11422],[104.96369,27.13299],[104.94814,27.14054],[104.93055,27.16829],[104.87225,27.19258],[104.8678,27.21598],[104.88706,27.22678],[104.89234,27.24736],[104.88786,27.25941],[104.87582,27.26346],[104.86617,27.28263],[104.86857,27.29451],[104.90163,27.30981],[104.90929,27.32922],[104.93295,27.33821],[104.95857,27.36068],[104.98774,27.36994],[105.03031,27.40318],[105.04165,27.39773],[105.04314,27.40989],[105.06802,27.42292],[105.08584,27.42219],[105.09434,27.41348],[105.13301,27.41918],[105.14974,27.40691],[105.16122,27.41375],[105.18029,27.39706],[105.1794,27.37337],[105.18861,27.37586],[105.22732,27.43106],[105.23048,27.43939],[105.22225,27.44687],[105.23607,27.4707],[105.23274,27.49093],[105.24408,27.49553],[105.25784,27.51742],[105.24723,27.54622],[105.22939,27.54837],[105.24362,27.56633],[105.24074,27.57878],[105.30104,27.61534],[105.291,27.6368],[105.30592,27.65592],[105.29831,27.70018],[105.34981,27.75173],[105.37964,27.76079],[105.38808,27.75327],[105.39381,27.76639],[105.42716,27.76747],[105.43723,27.77881],[105.45532,27.77115],[105.48986,27.77633],[105.53349,27.75768],[105.55556,27.72416],[105.60182,27.71954],[105.60104,27.70362],[105.61685,27.69063],[105.62586,27.66444],[105.63958,27.66344],[105.66274,27.68793]]]}},{"type":"Feature","id":"CTAMAP-2023-COUNTY-1604","properties":{"map_level":"county","source_name":"黔西市","source_code":"520581","county_type":"县级市","prefecture_name":"毕节市","prefecture_code":"520500","prefecture_type":"地级市","parent_entity_id":"CNUR-000261","parent_year_end_name":"毕节市","province_name":"贵州省","province_code":"520000","snapshot_year":2023,"panel_year":2022,"link_status":"parent_linked","former_name":"黔西县","note":"2021年撤销黔西县，设立黔西市"},"geometry":{"type":"MultiPolygon","coordinates":[[[[106.38578,27.1321],[106.39235,27.09572],[106.41046,27.06595],[106.40454,27.04442],[106.42652,27.01874],[106.44675,27.01257],[106.41412,26.99128],[106.37525,26.97884],[106.35098,26.92474],[106.35604,26.90957],[106.34962,26.89116],[106.32912,26.88208],[106.29951,26.89943],[106.27337,26.86401],[106.25928,26.85973],[106.24313,26.87105],[106.22733,26.89764],[106.20601,26.8867],[106.19178,26.86795],[106.14002,26.8537],[106.12393,26.8312],[106.1198,26.80429],[106.10085,26.8032],[106.06795,26.81986],[106.04276,26.80037],[106.03235,26.81527],[106.00113,26.80064],[105.99672,26.77121],[105.97088,26.7751],[105.95685,26.76497],[105.9246,26.76449],[105.91347,26.78908],[105.8891,26.8013],[105.87325,26.82866],[105.86538,26.86685],[105.85293,26.87629],[105.86069,26.90027],[105.84447,26.92703],[105.81567,26.93711],[105.78993,26.98092],[105.78937,27.01502],[105.81521,27.04053],[105.80698,27.06117],[105.81624,27.1257],[105.83021,27.1573],[105.87618,27.16811],[105.88876,27.20198],[105.91061,27.20126],[105.91613,27.18631],[105.9507,27.18051],[105.98234,27.19921],[105.99666,27.19339],[106.00926,27.20054],[106.00458,27.20695],[106.01367,27.21676],[105.99692,27.21741],[106.03834,27.2309],[106.03387,27.23504],[106.04145,27.24227],[106.05824,27.23733],[106.05991,27.23024],[106.07199,27.2468],[106.14978,27.24469],[106.16297,27.2528],[106.15219,27.27178],[106.1636,27.28792],[106.15786,27.29677],[106.17513,27.30833],[106.19797,27.30998],[106.21323,27.32667],[106.21138,27.33424],[106.2326,27.34989],[106.27931,27.31027],[106.29349,27.32598],[106.32154,27.30729],[106.33827,27.30459],[106.35502,27.3189],[106.36368,27.31141],[106.35933,27.27362],[106.39086,27.25795],[106.38765,27.24731],[106.39399,27.24327],[106.36871,27.2178],[106.35529,27.2148],[106.37149,27.17194],[106.35082,27.15554],[106.36546,27.13788],[106.37526,27.14077],[106.38578,27.1321]]],[[[106.14406,27.25106],[106.13444,27.25499],[106.13923,27.26514],[106.14541,27.26254],[106.14406,27.25106]]]]}},{"type":"Feature","id":"CTAMAP-2023-COUNTY-1650","properties":{"map_level":"county","source_name":"清镇市","source_code":"520181","county_type":"县级市","prefecture_name":"贵阳市","prefecture_code":"520100","prefecture_type":"地级市","parent_entity_id":"CNUR-000257","parent_year_end_name":"贵阳市","province_name":"贵州省","province_code":"520000","snapshot_year":2023,"panel_year":2022,"link_status":"parent_linked","former_name":"","note":""},"geometry":{"type":"Polygon","coordinates":[[[106.53926,26.75945],[106.52804,26.74564],[106.48042,26.75161],[106.47349,26.70449],[106.44143,26.60436],[106.45852,26.58855],[106.44698,26.56625],[106.45986,26.57534],[106.46061,26.59431],[106.47277,26.60196],[106.47639,26.59433],[106.4815,26.5931],[106.47601,26.60391],[106.49367,26.61728],[106.50729,26.61356],[106.51005,26.58985],[106.53483,26.57846],[106.51331,26.57067],[106.51042,26.55467],[106.49888,26.54403],[106.51116,26.51949],[106.49619,26.50438],[106.50561,26.50122],[106.51283,26.47702],[106.48315,26.48642],[106.4817,26.46549],[106.44912,26.42698],[106.4419,26.44059],[106.45145,26.45841],[106.44472,26.46978],[106.41381,26.45839],[106.40971,26.44324],[106.3939,26.44499],[106.39793,26.43048],[106.38718,26.41777],[106.39441,26.4085],[106.38767,26.40008],[106.37723,26.40695],[106.38321,26.41913],[106.37283,26.44954],[106.32166,26.45616],[106.34845,26.48114],[106.34233,26.49028],[106.31105,26.4925],[106.32198,26.51962],[106.31003,26.54223],[106.2973,26.54165],[106.27283,26.55837],[106.24908,26.54507],[106.24408,26.55113],[106.22839,26.54054],[106.1982,26.53678],[106.19634,26.55163],[106.17952,26.55695],[106.18486,26.56786],[106.17581,26.573],[106.18464,26.59079],[106.15994,26.59899],[106.16409,26.61908],[106.14494,26.62871],[106.14406,26.64394],[106.11899,26.6565],[106.12517,26.66841],[106.16708,26.67147],[106.17072,26.68112],[106.15803,26.71825],[106.16883,26.7718],[106.1198,26.80429],[106.12393,26.8312],[106.14002,26.8537],[106.19178,26.86795],[106.20601,26.8867],[106.22733,26.89764],[106.24313,26.87105],[106.25928,26.85973],[106.27337,26.86401],[106.29951,26.89943],[106.32489,26.88284],[106.33687,26.8844],[106.353,26.89425],[106.35098,26.92474],[106.35872,26.9347],[106.39247,26.91183],[106.39113,26.89602],[106.41687,26.85883],[106.44545,26.87423],[106.45517,26.86792],[106.4364,26.84415],[106.43577,26.82204],[106.44418,26.81329],[106.43512,26.7947],[106.46591,26.78517],[106.48754,26.80653],[106.51657,26.80278],[106.53256,26.81457],[106.54745,26.80511],[106.53518,26.79057],[106.53926,26.75945]]]}},{"type":"Feature","id":"CTAMAP-2023-COUNTY-1651","properties":{"map_level":"county","source_name":"晴隆县","source_code":"522324","county_type":"县","prefecture_name":"黔西南布依族苗族自治州","prefecture_code":"522300","prefecture_type":"自治州","parent_entity_id":"CNUR-000263","parent_year_end_name":"黔西南布依族苗族自治州","province_name":"贵州省","province_code":"520000","snapshot_year":2023,"panel_year":2022,"link_status":"parent_linked","former_name":"","note":""},"geometry":{"type":"Polygon","coordinates":[[[105.25198,25.98945],[105.26011,25.9829],[105.25119,25.96123],[105.26122,25.94119],[105.28186,25.93817],[105.29843,25.91558],[105.32587,25.89792],[105.37497,25.89214],[105.37218,25.83453],[105.3876,25.81172],[105.41959,25.79123],[105.36362,25.7636],[105.32801,25.72733],[105.32701,25.71474],[105.31227,25.69803],[105.32284,25.6434],[105.33535,25.63047],[105.33015,25.61042],[105.30002,25.57716],[105.26293,25.55256],[105.24483,25.57146],[105.25298,25.58283],[105.24345,25.59204],[105.24387,25.60396],[105.23204,25.60886],[105.23575,25.62307],[105.2036,25.59968],[105.15833,25.63452],[105.08467,25.59236],[105.06389,25.61867],[105.08043,25.65439],[105.0471,25.66011],[105.04985,25.70013],[105.06429,25.70825],[105.08532,25.70346],[105.11646,25.73421],[105.09848,25.74171],[105.09478,25.75264],[105.09854,25.77577],[105.08807,25.80647],[105.09688,25.83152],[105.10598,25.84134],[105.15637,25.8541],[105.13244,25.885],[105.10722,25.89342],[105.12487,25.91142],[105.11528,25.92044],[105.12469,25.93475],[105.12104,25.94232],[105.10953,25.94232],[105.10348,25.95859],[105.08229,25.95508],[105.05733,25.96393],[105.03559,25.95513],[105.03644,25.97638],[105.01744,25.97009],[105.01419,26.01491],[105.02079,26.02902],[105.04107,26.03791],[105.03921,26.04879],[105.05209,26.05278],[105.05304,26.07153],[105.10131,26.10009],[105.11261,26.16068],[105.13551,26.1538],[105.15273,26.17558],[105.1722,26.17965],[105.1854,26.17287],[105.17451,26.16147],[105.17186,26.12441],[105.19047,26.09558],[105.1858,26.06867],[105.20795,26.0413],[105.2314,25.99069],[105.24456,25.98293],[105.25198,25.98945]]]}},{"type":"Feature","id":"CTAMAP-2023-COUNTY-1685","properties":{"map_level":"county","source_name":"仁怀市","source_code":"520382","county_type":"县级市","prefecture_name":"遵义市","prefecture_code":"520300","prefecture_type":"地级市","parent_entity_id":"CNUR-000259","parent_year_end_name":"遵义市","province_name":"贵州省","province_code":"520000","snapshot_year":2023,"panel_year":2022,"link_status":"parent_linked","former_name":"","note":""},"geometry":{"type":"Polygon","coordinates":[[[106.44392,28.13202],[106.456,28.07693],[106.48588,28.04751],[106.53087,28.04568],[106.54636,28.03251],[106.55245,27.99261],[106.58431,27.98324],[106.59596,27.97065],[106.58964,27.95042],[106.59717,27.9021],[106.57597,27.87809],[106.57379,27.85739],[106.51814,27.86216],[106.49774,27.84183],[106.5009,27.78487],[106.48623,27.76088],[106.46518,27.74542],[106.49132,27.72784],[106.48006,27.70877],[106.49112,27.68519],[106.47831,27.67914],[106.48149,27.6664],[106.47483,27.65911],[106.45823,27.65161],[106.46969,27.61431],[106.45229,27.61356],[106.44012,27.60126],[106.38611,27.62048],[106.35149,27.61842],[106.33341,27.62683],[106.32194,27.61425],[106.30371,27.61678],[106.29108,27.60556],[106.28106,27.61676],[106.2711,27.61374],[106.26954,27.6015],[106.23466,27.58519],[106.23041,27.55822],[106.2038,27.56831],[106.14527,27.56493],[106.13782,27.57648],[106.14285,27.58652],[106.12523,27.61685],[106.1098,27.61692],[106.10436,27.65762],[106.09029,27.65642],[106.05647,27.67295],[106.03906,27.67109],[106.03517,27.65977],[106.01565,27.67202],[106.00012,27.67134],[106.00532,27.6931],[106.00023,27.75012],[106.05125,27.76228],[106.05988,27.76817],[106.05691,27.77747],[106.0697,27.78146],[106.12094,27.78246],[106.18981,27.7577],[106.2065,27.76751],[106.22113,27.76445],[106.33944,27.82607],[106.31259,27.83783],[106.33411,27.86076],[106.33489,27.87855],[106.32103,27.883],[106.32953,27.88822],[106.32274,27.89982],[106.29829,27.90408],[106.30578,27.91638],[106.30469,27.94008],[106.32467,27.96186],[106.2899,28.00708],[106.26251,28.00706],[106.24011,28.01667],[106.23801,28.03178],[106.26174,28.05251],[106.26287,28.07057],[106.2466,28.09546],[106.22535,28.10444],[106.22313,28.11882],[106.20806,28.12241],[106.2031,28.13798],[106.22814,28.14652],[106.28197,28.12263],[106.3025,28.13078],[106.32948,28.12843],[106.33405,28.12148],[106.36558,28.13373],[106.36953,28.1502],[106.38356,28.16139],[106.39844,28.15992],[106.41753,28.17238],[106.41918,28.15569],[106.44392,28.13202]]]}},{"type":"Feature","id":"CTAMAP-2023-COUNTY-1697","properties":{"map_level":"county","source_name":"榕江县","source_code":"522632","county_type":"县","prefecture_name":"黔东南苗族侗族自治州","prefecture_code":"522600","prefecture_type":"自治州","parent_entity_id":"CNUR-000264","parent_year_end_name":"黔东南苗族侗族自治州","province_name":"贵州省","province_code":"520000","snapshot_year":2023,"panel_year":2022,"link_status":"parent_linked","former_name":"","note":""},"geometry":{"type":"Polygon","coordinates":[[[108.65279,26.44516],[108.66483,26.43027],[108.67005,26.37783],[108.65787,26.36152],[108.65473,26.33975],[108.67549,26.31904],[108.66685,26.30766],[108.67625,26.30134],[108.66579,26.28211],[108.64488,26.28496],[108.62539,26.2718],[108.64478,26.23718],[108.65812,26.22805],[108.6555,26.21707],[108.68607,26.19787],[108.68789,26.18697],[108.64749,26.16041],[108.63445,26.10843],[108.65148,26.10458],[108.69472,26.11631],[108.70038,26.09567],[108.71796,26.09017],[108.72465,26.07484],[108.71842,26.06732],[108.73219,26.05242],[108.73244,26.03997],[108.71878,26.03384],[108.70741,26.00868],[108.7119,25.99585],[108.67493,25.97852],[108.65013,25.98489],[108.64098,25.965],[108.62734,25.96663],[108.60469,25.95456],[108.596,25.93537],[108.59872,25.87973],[108.58729,25.85091],[108.56836,25.85327],[108.55551,25.84255],[108.56265,25.83207],[108.55469,25.81734],[108.54657,25.81437],[108.53377,25.83395],[108.52691,25.81674],[108.51864,25.81449],[108.50438,25.83231],[108.48693,25.83586],[108.45667,25.81679],[108.43305,25.78907],[108.43759,25.77283],[108.41539,25.74159],[108.38528,25.72693],[108.3835,25.71122],[108.41087,25.67866],[108.38091,25.66631],[108.34561,25.67722],[108.34138,25.65983],[108.31676,25.64707],[108.30121,25.65932],[108.29145,25.64915],[108.26717,25.65129],[108.21443,25.61288],[108.18559,25.61454],[108.178,25.62575],[108.18297,25.64731],[108.16598,25.6561],[108.15849,25.67789],[108.16325,25.70388],[108.09329,25.68292],[108.0985,25.69888],[108.09343,25.71226],[108.10406,25.72194],[108.09626,25.73966],[108.11042,25.75535],[108.07636,25.77802],[108.08776,25.81325],[108.11829,25.83532],[108.10122,25.84112],[108.10084,25.85182],[108.14635,25.88852],[108.13376,25.91937],[108.1453,25.92024],[108.18866,25.96302],[108.20655,25.96769],[108.21834,25.99209],[108.22105,26.01285],[108.21404,26.01421],[108.22124,26.05687],[108.20864,26.07289],[108.2276,26.09226],[108.23579,26.11431],[108.22329,26.12308],[108.23207,26.14145],[108.2312,26.16331],[108.21257,26.17201],[108.22355,26.18285],[108.23421,26.17964],[108.23044,26.18656],[108.28095,26.22514],[108.27601,26.24976],[108.26355,26.25416],[108.2883,26.27463],[108.29386,26.30707],[108.28725,26.3264],[108.27226,26.32886],[108.30224,26.3473],[108.28827,26.35715],[108.30052,26.36158],[108.33105,26.34916],[108.36641,26.35895],[108.37822,26.37968],[108.39878,26.36315],[108.42457,26.36604],[108.43834,26.35822],[108.44868,26.36831],[108.45271,26.3603],[108.48139,26.39273],[108.53403,26.39192],[108.56054,26.40575],[108.59619,26.43316],[108.60682,26.45601],[108.62103,26.44637],[108.65279,26.44516]]]}},{"type":"Feature","id":"CTAMAP-2023-COUNTY-1720","properties":{"map_level":"county","source_name":"三都水族自治县","source_code":"522732","county_type":"自治县","prefecture_name":"黔南布依族苗族自治州","prefecture_code":"522700","prefecture_type":"自治州","parent_entity_id":"CNUR-000265","parent_year_end_name":"黔南布依族苗族自治州","province_name":"贵州省","province_code":"520000","snapshot_year":2023,"panel_year":2022,"link_status":"parent_linked","former_name":"","note":""},"geometry":{"type":"Polygon","coordinates":[[[108.11655,26.08735],[108.12896,26.08471],[108.13502,26.09758],[108.14404,26.09715],[108.16654,26.08276],[108.16736,26.07543],[108.155,26.06955],[108.1612,26.04336],[108.17031,26.03813],[108.202,26.04894],[108.21271,26.06977],[108.22124,26.05687],[108.21404,26.01421],[108.22105,26.01285],[108.21834,25.99209],[108.20673,25.96792],[108.18866,25.96302],[108.1453,25.92024],[108.13376,25.91937],[108.14635,25.88852],[108.10084,25.85182],[108.10122,25.84112],[108.11829,25.83532],[108.08776,25.81325],[108.07636,25.77802],[108.11042,25.75535],[108.09626,25.73966],[108.10406,25.72194],[108.09343,25.71226],[108.0985,25.69888],[108.09329,25.68292],[108.16325,25.70388],[108.15849,25.67789],[108.16598,25.6561],[108.18297,25.64731],[108.18194,25.63108],[108.14559,25.60309],[108.13614,25.60724],[108.13343,25.59346],[108.12531,25.60554],[108.11113,25.60351],[108.09942,25.57598],[108.0483,25.56238],[108.0387,25.53947],[108.04369,25.5237],[108.03534,25.51703],[108.02372,25.51936],[108.01035,25.5443],[107.9859,25.5242],[107.95755,25.53584],[107.95283,25.51843],[107.93476,25.51601],[107.92767,25.52578],[107.93761,25.54749],[107.92717,25.56459],[107.91112,25.55505],[107.90719,25.53578],[107.87828,25.53017],[107.86578,25.53504],[107.84527,25.56082],[107.83211,25.55664],[107.81969,25.56713],[107.8233,25.58454],[107.79718,25.59289],[107.80768,25.60438],[107.80492,25.6311],[107.77587,25.63774],[107.7943,25.6602],[107.78567,25.68103],[107.80041,25.68893],[107.7954,25.71682],[107.77996,25.73419],[107.78669,25.74453],[107.80042,25.73957],[107.80974,25.74472],[107.79798,25.77182],[107.81768,25.77053],[107.82568,25.76182],[107.83344,25.77866],[107.81386,25.81429],[107.81995,25.82803],[107.80028,25.81611],[107.78042,25.83191],[107.75853,25.81654],[107.74861,25.82063],[107.74816,25.83009],[107.69655,25.83926],[107.67706,25.85412],[107.67656,25.86247],[107.71234,25.89703],[107.70172,25.90819],[107.71046,25.91262],[107.70787,25.92289],[107.72835,25.91878],[107.7417,25.93172],[107.74088,25.93878],[107.73054,25.93599],[107.71848,25.94814],[107.70992,25.9732],[107.69099,25.97136],[107.6893,25.99707],[107.67441,26.00712],[107.69205,26.01143],[107.70957,26.04267],[107.72701,26.03959],[107.74133,26.05598],[107.76451,26.0661],[107.76577,26.12517],[107.76187,26.13396],[107.72942,26.13949],[107.73946,26.1516],[107.73245,26.17054],[107.74281,26.17401],[107.74224,26.18281],[107.75864,26.17521],[107.75984,26.15443],[107.78123,26.14686],[107.7867,26.12321],[107.82029,26.09781],[107.8387,26.11152],[107.84237,26.1327],[107.85287,26.14328],[107.86406,26.12519],[107.8726,26.12996],[107.88475,26.12074],[107.90139,26.12162],[107.92387,26.09448],[107.9399,26.08778],[107.93756,26.08007],[107.94819,26.07927],[107.95195,26.06157],[107.95647,26.07427],[107.96738,26.07392],[107.97459,26.08547],[107.99467,26.08269],[108.02118,26.0979],[108.05722,26.079],[108.106,26.07651],[108.11655,26.08735]]]}},{"type":"Feature","id":"CTAMAP-2023-COUNTY-1725","properties":{"map_level":"county","source_name":"三穗县","source_code":"522624","county_type":"县","prefecture_name":"黔东南苗族侗族自治州","prefecture_code":"522600","prefecture_type":"自治州","parent_entity_id":"CNUR-000264","parent_year_end_name":"黔东南苗族侗族自治州","province_name":"贵州省","province_code":"520000","snapshot_year":2023,"panel_year":2022,"link_status":"parent_linked","former_name":"","note":""},"geometry":{"type":"Polygon","coordinates":[[[108.94895,27.0228],[108.94675,27.01479],[108.9791,26.99639],[108.99874,27.02079],[109.01333,27.02692],[109.03872,27.01408],[109.03902,26.97914],[109.0718,26.96582],[109.06939,26.9539],[109.05898,26.95161],[109.055,26.93134],[109.03386,26.92469],[109.00919,26.899],[109.00149,26.90419],[109.01641,26.91361],[109.01617,26.92161],[108.95515,26.92743],[108.91405,26.92291],[108.90467,26.91085],[108.88283,26.90629],[108.86656,26.89216],[108.84915,26.86991],[108.85516,26.85895],[108.83561,26.84362],[108.8233,26.84558],[108.82197,26.83025],[108.79984,26.82863],[108.77087,26.8052],[108.69565,26.80259],[108.66699,26.7847],[108.59674,26.79691],[108.59334,26.80814],[108.55091,26.828],[108.54924,26.84041],[108.56617,26.85381],[108.53409,26.88245],[108.54988,26.90444],[108.5306,26.9443],[108.54515,26.95972],[108.54066,26.97923],[108.59448,27.04173],[108.60868,27.04455],[108.6444,27.07457],[108.66604,27.07875],[108.71253,27.05394],[108.72208,27.0583],[108.72391,27.04183],[108.75084,27.01771],[108.77102,27.02304],[108.76245,27.03553],[108.79614,27.08386],[108.82357,27.06328],[108.83963,27.06397],[108.84276,27.045],[108.85951,27.02787],[108.86844,27.03412],[108.87105,27.00109],[108.89736,27.02212],[108.91419,27.02206],[108.91411,27.03303],[108.91881,27.01231],[108.94895,27.0228]]]}},{"type":"Feature","id":"CTAMAP-2023-COUNTY-1798","properties":{"map_level":"county","source_name":"施秉县","source_code":"522623","county_type":"县","prefecture_name":"黔东南苗族侗族自治州","prefecture_code":"522600","prefecture_type":"自治州","parent_entity_id":"CNUR-000264","parent_year_end_name":"黔东南苗族侗族自治州","province_name":"贵州省","province_code":"520000","snapshot_year":2023,"panel_year":2022,"link_status":"parent_linked","former_name":"","note":""},"geometry":{"type":"Polygon","coordinates":[[[108.16498,27.28533],[108.14596,27.26514],[108.14905,27.25778],[108.21283,27.28504],[108.2322,27.27047],[108.22015,27.25417],[108.25368,27.26008],[108.24823,27.23236],[108.23537,27.22376],[108.23507,27.21447],[108.24934,27.1915],[108.25073,27.17073],[108.25956,27.16451],[108.24234,27.14991],[108.24938,27.14435],[108.23832,27.12317],[108.26836,27.13831],[108.28819,27.13736],[108.27812,27.12754],[108.29424,27.11571],[108.27573,27.1033],[108.31114,27.05867],[108.30642,27.03775],[108.26288,27.03106],[108.23554,27.03602],[108.23473,27.02655],[108.26735,27.01047],[108.25115,26.9977],[108.25163,26.9701],[108.26566,26.96573],[108.26841,26.95185],[108.25217,26.92039],[108.30104,26.92533],[108.31643,26.93793],[108.34486,26.93927],[108.36073,26.94913],[108.41383,26.92567],[108.41086,26.90808],[108.37495,26.87688],[108.44392,26.88249],[108.46887,26.85409],[108.47315,26.82099],[108.46741,26.8164],[108.47725,26.79002],[108.45223,26.7794],[108.44692,26.80676],[108.44013,26.80862],[108.44018,26.79925],[108.42986,26.79659],[108.40583,26.81846],[108.41358,26.83469],[108.4005,26.83438],[108.39338,26.84565],[108.38625,26.83191],[108.35862,26.82124],[108.33533,26.82975],[108.32475,26.86358],[108.2972,26.86735],[108.26411,26.8588],[108.24928,26.8649],[108.19865,26.84038],[108.18072,26.86165],[108.17327,26.89643],[108.13669,26.89642],[108.12947,26.90781],[108.11091,26.9145],[108.0916,26.91489],[108.07772,26.9021],[108.06322,26.90489],[108.05541,26.92568],[108.03111,26.92425],[108.01373,26.96128],[107.99387,26.96723],[107.99494,26.98331],[107.97613,26.98499],[107.97791,27.01427],[107.96722,27.01946],[107.95851,27.03918],[107.91793,27.03073],[107.89605,27.04157],[107.91813,27.07652],[107.91169,27.09637],[107.92051,27.12795],[107.90562,27.12739],[107.90452,27.1646],[107.89721,27.16714],[107.87647,27.14853],[107.87703,27.17696],[107.88324,27.18252],[107.90053,27.17848],[107.92236,27.19982],[107.96471,27.20138],[107.96237,27.21945],[108.03169,27.23553],[108.04017,27.26148],[108.0036,27.2831],[108.00028,27.3104],[108.09212,27.33651],[108.10752,27.32277],[108.13807,27.31948],[108.14432,27.3021],[108.16498,27.28533]],[[107.94024,27.1683],[107.93242,27.17187],[107.92365,27.16414],[107.94311,27.14705],[107.95426,27.15749],[107.93514,27.16437],[107.94024,27.1683]]]}},{"type":"Feature","id":"CTAMAP-2023-COUNTY-1813","properties":{"map_level":"county","source_name":"石阡县","source_code":"520623","county_type":"县","prefecture_name":"铜仁市","prefecture_code":"520600","prefecture_type":"地级市","parent_entity_id":"CNUR-000262","parent_year_end_name":"铜仁市","province_name":"贵州省","province_code":"520000","snapshot_year":2023,"panel_year":2022,"link_status":"parent_linked","former_name":"","note":""},"geometry":{"type":"Polygon","coordinates":[[[108.33426,27.6832],[108.3677,27.62787],[108.39016,27.61765],[108.41482,27.58651],[108.45357,27.6092],[108.50879,27.62756],[108.52227,27.61585],[108.55555,27.63105],[108.56745,27.62686],[108.54021,27.60473],[108.55659,27.57027],[108.55544,27.56161],[108.5386,27.55452],[108.53745,27.532],[108.55542,27.50653],[108.55493,27.49235],[108.54293,27.49787],[108.53091,27.47837],[108.52664,27.45564],[108.51429,27.44468],[108.51474,27.424],[108.48436,27.42522],[108.48583,27.41006],[108.47851,27.40795],[108.46419,27.42316],[108.42025,27.42983],[108.40772,27.42344],[108.41314,27.41814],[108.40461,27.40903],[108.34513,27.3764],[108.32716,27.3494],[108.30991,27.35484],[108.28977,27.34632],[108.26501,27.34981],[108.24472,27.36853],[108.20858,27.36216],[108.16562,27.28515],[108.14432,27.3021],[108.13807,27.31948],[108.10752,27.32277],[108.09212,27.33651],[107.99447,27.30895],[107.97419,27.32687],[107.94795,27.31911],[107.95595,27.34588],[107.94728,27.35785],[107.91377,27.33734],[107.92874,27.32069],[107.91539,27.31389],[107.8954,27.34612],[107.86918,27.34636],[107.83319,27.32399],[107.82641,27.33872],[107.8114,27.32645],[107.80331,27.33187],[107.80909,27.33749],[107.80343,27.35178],[107.77322,27.35572],[107.77693,27.37706],[107.76081,27.39105],[107.79411,27.39916],[107.78526,27.40939],[107.79874,27.41661],[107.78526,27.43261],[107.79398,27.44585],[107.77994,27.45078],[107.7647,27.44524],[107.74979,27.46652],[107.76998,27.48962],[107.7782,27.48147],[107.80355,27.49276],[107.83733,27.55449],[107.87602,27.55024],[107.89265,27.56094],[107.90581,27.58145],[107.89917,27.63281],[107.93478,27.6293],[107.94811,27.60134],[107.9687,27.59235],[107.97333,27.56613],[107.98827,27.56354],[107.98815,27.52683],[108.0,27.52866],[108.01133,27.54503],[108.03194,27.53013],[108.03811,27.53761],[108.06885,27.59855],[108.06486,27.60856],[108.07694,27.61584],[108.07841,27.62949],[108.09254,27.64572],[108.08923,27.65602],[108.11966,27.67231],[108.12699,27.70165],[108.17148,27.69013],[108.16219,27.66695],[108.1722,27.66032],[108.16308,27.6381],[108.17015,27.63257],[108.19415,27.64234],[108.21002,27.63095],[108.22052,27.64229],[108.22395,27.65808],[108.20443,27.66029],[108.20684,27.69718],[108.23063,27.71855],[108.25011,27.71425],[108.25033,27.70172],[108.23626,27.68661],[108.27479,27.66155],[108.28989,27.65616],[108.33426,27.6832]],[[107.90845,27.33592],[107.91292,27.33719],[107.90743,27.33739],[107.90845,27.33592]]]}},{"type":"Feature","id":"CTAMAP-2023-COUNTY-1848","properties":{"map_level":"county","source_name":"水城区","source_code":"520204","county_type":"市辖区","prefecture_name":"六盘水市","prefecture_code":"520200","prefecture_type":"地级市","parent_entity_id":"CNUR-000258","parent_year_end_name":"六盘水市","province_name":"贵州省","province_code":"520000","snapshot_year":2023,"panel_year":2022,"link_status":"parent_linked","former_name":"水城县","note":""},"geometry":{"type":"Polygon","coordinates":[[[105.07168,26.6536],[105.09851,26.64749],[105.11169,26.6202],[105.12395,26.62976],[105.12792,26.62529],[105.14268,26.57881],[105.16556,26.59335],[105.18861,26.59234],[105.19646,26.58089],[105.21217,26.57828],[105.2045,26.54947],[105.21559,26.5371],[105.24845,26.52481],[105.23348,26.50562],[105.21625,26.50031],[105.2558,26.45246],[105.23473,26.42839],[105.18252,26.39713],[105.19628,26.36816],[105.2265,26.36705],[105.24019,26.34168],[105.23455,26.31933],[105.21874,26.31248],[105.20563,26.28071],[105.20684,26.25285],[105.17909,26.23103],[105.18108,26.21325],[105.14317,26.20177],[105.14706,26.19261],[105.13494,26.18817],[105.13613,26.17802],[105.12147,26.16645],[105.08686,26.16186],[105.04663,26.17433],[104.99337,26.12963],[105.00434,26.12096],[104.99297,26.10856],[104.99502,26.09628],[105.01251,26.09579],[104.99191,26.08273],[104.99132,26.07122],[104.97512,26.0717],[104.96449,26.05396],[104.94921,26.06503],[104.915,26.05017],[104.91308,26.076],[104.89886,26.074],[104.88797,26.09319],[104.86431,26.10757],[104.82686,26.10432],[104.78183,26.07851],[104.72299,26.09354],[104.70645,26.0791],[104.70913,26.0924],[104.69693,26.10513],[104.69357,26.12836],[104.65392,26.12706],[104.62941,26.14138],[104.64449,26.15213],[104.6273,26.20201],[104.63021,26.23018],[104.60922,26.24369],[104.60276,26.2594],[104.61541,26.26263],[104.61687,26.27953],[104.60157,26.29124],[104.57481,26.29446],[104.59329,26.32286],[104.65719,26.3392],[104.65743,26.36036],[104.67849,26.36804],[104.68219,26.38126],[104.66269,26.40071],[104.66292,26.43797],[104.63974,26.44302],[104.63004,26.4557],[104.63421,26.48579],[104.59772,26.52387],[104.56878,26.52852],[104.5677,26.54362],[104.61285,26.53836],[104.66516,26.51709],[104.67929,26.52324],[104.68171,26.52959],[104.66345,26.54045],[104.67679,26.5465],[104.67666,26.55803],[104.68592,26.55856],[104.69233,26.58726],[104.68637,26.60308],[104.69409,26.61955],[104.70606,26.61775],[104.71969,26.63335],[104.75634,26.61193],[104.74492,26.60372],[104.77103,26.58291],[104.77929,26.55841],[104.79905,26.56719],[104.85986,26.53051],[104.90319,26.51816],[104.89915,26.53902],[104.92091,26.55491],[104.92473,26.5711],[104.9431,26.56228],[104.97645,26.5784],[104.9838,26.59256],[104.97574,26.60515],[104.98422,26.63692],[105.0111,26.64156],[105.02858,26.68151],[105.04974,26.68518],[105.07168,26.6536]],[[105.05771,26.50204],[105.05204,26.50016],[105.07018,26.48289],[105.05771,26.50204]],[[105.04173,26.51834],[105.04605,26.51108],[105.0533,26.50634],[105.05589,26.50736],[105.04173,26.51834]]]}},{"type":"Feature","id":"CTAMAP-2023-COUNTY-1861","properties":{"map_level":"county","source_name":"思南县","source_code":"520624","county_type":"县","prefecture_name":"铜仁市","prefecture_code":"520600","prefecture_type":"地级市","parent_entity_id":"CNUR-000262","parent_year_end_name":"铜仁市","province_name":"贵州省","province_code":"520000","snapshot_year":2023,"panel_year":2022,"link_status":"parent_linked","former_name":"","note":""},"geometry":{"type":"Polygon","coordinates":[[[108.29347,28.08474],[108.30015,28.05374],[108.31449,28.04613],[108.32002,28.02852],[108.31141,28.0197],[108.32268,28.01017],[108.34009,28.01498],[108.33504,28.00841],[108.34506,28.0],[108.33977,27.97349],[108.36019,27.96444],[108.36083,27.92484],[108.35377,27.91263],[108.38105,27.90365],[108.37295,27.87528],[108.33706,27.88247],[108.32165,27.84785],[108.30707,27.83999],[108.32275,27.83019],[108.33598,27.83742],[108.33829,27.8513],[108.35473,27.8472],[108.35415,27.83398],[108.3693,27.82684],[108.38191,27.7983],[108.40735,27.80202],[108.42612,27.814],[108.44154,27.71904],[108.45141,27.71189],[108.39843,27.66581],[108.37356,27.67145],[108.34754,27.66445],[108.33426,27.6832],[108.28973,27.65614],[108.23637,27.68649],[108.25033,27.70172],[108.25011,27.71425],[108.22973,27.71831],[108.20684,27.69718],[108.20449,27.66016],[108.22407,27.65776],[108.20964,27.63091],[108.19415,27.64234],[108.16538,27.63402],[108.17236,27.65923],[108.16222,27.66727],[108.17148,27.69013],[108.12699,27.70165],[108.11966,27.67231],[108.08923,27.65602],[108.09254,27.64572],[108.07841,27.62949],[108.07694,27.61584],[108.06486,27.60856],[108.06885,27.59855],[108.03811,27.53761],[108.03194,27.53013],[108.01133,27.54503],[108.0,27.52866],[107.98815,27.52683],[107.98827,27.56354],[107.97333,27.56613],[107.9687,27.59235],[107.94811,27.60134],[107.93478,27.6293],[107.89917,27.63281],[107.93334,27.69179],[107.91806,27.73923],[107.92874,27.75118],[107.92745,27.76253],[107.94605,27.77548],[107.94277,27.78228],[107.93159,27.78055],[107.92565,27.79786],[107.87986,27.84485],[107.8785,27.88136],[107.89367,27.88508],[107.89162,27.89598],[107.90233,27.90713],[107.92481,27.90456],[107.91841,27.91301],[107.9051,27.91237],[107.91376,27.92754],[107.90017,27.94821],[107.90446,27.97959],[107.92242,27.98476],[107.91747,28.00177],[107.93896,28.00144],[107.97199,28.01789],[107.96628,28.05347],[107.99057,28.05154],[108.00262,28.06386],[108.04676,28.05825],[108.07788,28.07767],[108.08443,28.09678],[108.0985,28.10056],[108.11527,28.12367],[108.1341,28.12085],[108.1401,28.10742],[108.1528,28.10343],[108.1797,28.1054],[108.17368,28.13828],[108.19071,28.15519],[108.21551,28.15137],[108.20682,28.10791],[108.22115,28.0956],[108.21716,28.07266],[108.26071,28.06392],[108.26128,28.07289],[108.29347,28.08474]]]}},{"type":"Feature","id":"CTAMAP-2023-COUNTY-1872","properties":{"map_level":"county","source_name":"松桃苗族自治县","source_code":"520628","county_type":"自治县","prefecture_name":"铜仁市","prefecture_code":"520600","prefecture_type":"地级市","parent_entity_id":"CNUR-000262","parent_year_end_name":"铜仁市","province_name":"贵州省","province_code":"520000","snapshot_year":2023,"panel_year":2022,"link_status":"parent_linked","former_name":"","note":""},"geometry":{"type":"Polygon","coordinates":[[[108.71947,28.49591],[108.72213,28.4775],[108.73789,28.47061],[108.74108,28.45556],[108.77708,28.43045],[108.75468,28.39082],[108.77945,28.38313],[108.77168,28.34378],[108.7561,28.32998],[108.76636,28.31796],[108.72026,28.27986],[108.73448,28.22986],[108.75397,28.22627],[108.7555,28.19545],[108.77131,28.22118],[108.79315,28.22768],[108.80156,28.24661],[108.81757,28.24871],[108.82912,28.21349],[108.8412,28.20295],[108.8913,28.22312],[108.91704,28.22162],[108.92863,28.20996],[108.92627,28.19328],[108.969,28.17886],[108.98091,28.16681],[109.00034,28.16471],[109.01984,28.22328],[109.03348,28.22134],[109.03681,28.20642],[109.0756,28.18771],[109.09633,28.20398],[109.0755,28.25321],[109.11332,28.28229],[109.11139,28.29163],[109.13712,28.32489],[109.13208,28.33855],[109.14757,28.35109],[109.13374,28.36077],[109.15047,28.39449],[109.14371,28.41369],[109.16025,28.41926],[109.16219,28.43513],[109.17295,28.43498],[109.17616,28.44558],[109.16823,28.45198],[109.19702,28.47808],[109.2134,28.48344],[109.22758,28.47754],[109.26983,28.49793],[109.25604,28.46748],[109.25345,28.43766],[109.26295,28.38922],[109.28428,28.37658],[109.26338,28.34028],[109.26809,28.31247],[109.28415,28.30712],[109.28238,28.3013],[109.29524,28.29354],[109.29125,28.28059],[109.30139,28.27676],[109.33549,28.29711],[109.35756,28.28771],[109.34674,28.26666],[109.36592,28.28023],[109.39408,28.27467],[109.36291,28.2561],[109.3565,28.22468],[109.34111,28.21065],[109.33549,28.18668],[109.34192,28.16842],[109.33076,28.15862],[109.33639,28.14619],[109.30898,28.10497],[109.29419,28.05208],[109.2925,28.03352],[109.30165,28.0327],[109.30431,28.04184],[109.31941,28.04427],[109.33232,28.06694],[109.37386,28.03756],[109.35863,28.01175],[109.33915,28.01043],[109.31736,27.99737],[109.31093,27.97216],[109.29635,27.96278],[109.32058,27.86795],[109.29428,27.85408],[109.24452,27.86674],[109.20686,27.85337],[109.19975,27.83321],[109.20062,27.84359],[109.16917,27.84158],[109.16467,27.85402],[109.1437,27.86783],[109.10055,27.87354],[109.08526,27.86409],[109.06596,27.86489],[109.06703,27.84011],[109.0431,27.82992],[109.03662,27.85203],[109.06258,27.86673],[109.07876,27.88723],[109.07948,27.90126],[109.04393,27.90693],[109.02377,27.89052],[109.01343,27.89641],[109.01136,27.91436],[108.99765,27.90884],[109.00028,27.88886],[108.99359,27.88098],[108.96208,27.88725],[108.931,27.87625],[108.92288,27.90647],[108.84217,27.89089],[108.84334,27.90869],[108.81575,27.93258],[108.8191,27.94833],[108.80944,27.95792],[108.78579,27.92911],[108.74355,27.95866],[108.75146,28.00868],[108.74569,28.03589],[108.7542,28.0513],[108.73657,28.07133],[108.74901,28.0864],[108.74525,28.09875],[108.77337,28.11293],[108.78893,28.14834],[108.78512,28.15829],[108.802,28.17061],[108.75969,28.18716],[108.76514,28.16488],[108.75654,28.13409],[108.73487,28.14753],[108.72806,28.14138],[108.7164,28.1447],[108.70841,28.13053],[108.69071,28.12763],[108.68409,28.15015],[108.67278,28.14008],[108.65001,28.14439],[108.65444,28.1666],[108.64593,28.16947],[108.64913,28.19918],[108.64139,28.23655],[108.64985,28.28314],[108.6267,28.29238],[108.60361,28.2878],[108.59941,28.29637],[108.60435,28.32839],[108.66618,28.34083],[108.6737,28.35119],[108.67026,28.35759],[108.65337,28.35393],[108.65366,28.37141],[108.66177,28.38774],[108.69267,28.40375],[108.6846,28.4255],[108.63684,28.45871],[108.63997,28.47273],[108.69481,28.48519],[108.70525,28.50337],[108.71947,28.49591]]]}},{"type":"Feature","id":"CTAMAP-2023-COUNTY-1899","properties":{"map_level":"county","source_name":"绥阳县","source_code":"520323","county_type":"县","prefecture_name":"遵义市","prefecture_code":"520300","prefecture_type":"地级市","parent_entity_id":"CNUR-000259","parent_year_end_name":"遵义市","province_name":"贵州省","province_code":"520000","snapshot_year":2023,"panel_year":2022,"link_status":"parent_linked","former_name":"","note":""},"geometry":{"type":"Polygon","coordinates":[[[107.06012,28.49107],[107.09296,28.49077],[107.12255,28.47392],[107.13652,28.47946],[107.15842,28.467],[107.17174,28.45266],[107.17516,28.40423],[107.19446,28.39562],[107.21531,28.40274],[107.23302,28.4213],[107.26132,28.42945],[107.28535,28.45363],[107.29613,28.45299],[107.31841,28.4308],[107.32625,28.40606],[107.32259,28.37116],[107.29443,28.36827],[107.27221,28.35204],[107.25318,28.34976],[107.23992,28.33517],[107.24588,28.31503],[107.21903,28.29253],[107.22324,28.28053],[107.25033,28.27635],[107.26772,28.26185],[107.28065,28.26597],[107.31485,28.24754],[107.3216,28.22039],[107.33497,28.21025],[107.34796,28.22034],[107.35381,28.24178],[107.36059,28.23776],[107.35684,28.22344],[107.38602,28.20873],[107.38739,28.2492],[107.42233,28.24848],[107.425,28.26203],[107.44326,28.25725],[107.47656,28.28208],[107.49746,28.27422],[107.49368,28.25683],[107.50866,28.25496],[107.49959,28.22399],[107.51594,28.21747],[107.51869,28.20387],[107.49664,28.17433],[107.48485,28.16559],[107.47105,28.16672],[107.47247,28.15822],[107.43969,28.1519],[107.41517,28.15799],[107.427,28.13611],[107.38461,28.0962],[107.39274,28.08118],[107.3678,28.08035],[107.38083,28.06174],[107.39612,28.05754],[107.39852,28.07744],[107.41061,28.06928],[107.42825,28.07118],[107.4463,28.0971],[107.45843,28.09684],[107.46543,28.07704],[107.47513,28.07293],[107.501,28.08281],[107.49173,28.06998],[107.503,28.04669],[107.49203,28.02655],[107.48008,28.02356],[107.47946,28.00742],[107.39846,27.94013],[107.39821,27.93165],[107.31586,27.8875],[107.28291,27.88906],[107.28101,27.87018],[107.26704,27.8618],[107.23361,27.87281],[107.17507,27.85897],[107.17743,27.89238],[107.16811,27.87947],[107.11613,27.86764],[107.08621,27.84481],[107.07426,27.85284],[107.05974,27.82343],[107.04968,27.82559],[107.05009,27.84183],[107.0358,27.8527],[107.02346,27.84207],[107.01187,27.84821],[107.02171,27.87862],[106.99545,27.94463],[107.0142,27.95958],[107.0033,27.96478],[107.00172,27.97984],[106.97815,28.00321],[106.98839,28.02131],[106.96637,28.13359],[106.96963,28.14733],[106.95856,28.17873],[106.97872,28.19198],[106.98481,28.23149],[106.98228,28.24578],[106.97015,28.25198],[106.96303,28.30079],[106.97827,28.30542],[106.97528,28.32874],[106.98974,28.33937],[106.99386,28.35705],[106.95943,28.38889],[106.98154,28.43085],[106.99534,28.43712],[107.0117,28.433],[107.01955,28.44333],[107.0218,28.43159],[107.03245,28.42631],[107.0322,28.44165],[107.04365,28.43943],[107.06064,28.46268],[107.05537,28.47143],[107.06012,28.49107]]]}},{"type":"Feature","id":"CTAMAP-2023-COUNTY-1914","properties":{"map_level":"county","source_name":"台江县","source_code":"522630","county_type":"县","prefecture_name":"黔东南苗族侗族自治州","prefecture_code":"522600","prefecture_type":"自治州","parent_entity_id":"CNUR-000264","parent_year_end_name":"黔东南苗族侗族自治州","province_name":"贵州省","province_code":"520000","snapshot_year":2023,"panel_year":2022,"link_status":"parent_linked","former_name":"","note":""},"geometry":{"type":"Polygon","coordinates":[[[108.41564,26.80782],[108.40471,26.7887],[108.35053,26.77895],[108.35099,26.75881],[108.33695,26.72379],[108.355,26.71316],[108.34445,26.70452],[108.35465,26.68449],[108.37419,26.68216],[108.37518,26.69177],[108.38754,26.69105],[108.40892,26.71162],[108.41747,26.70356],[108.42611,26.70742],[108.42162,26.69554],[108.46041,26.6868],[108.42182,26.66704],[108.42677,26.64871],[108.44456,26.62898],[108.42744,26.61393],[108.41229,26.581],[108.43429,26.56807],[108.48464,26.51533],[108.4816,26.50876],[108.46162,26.50807],[108.46292,26.49574],[108.43886,26.46821],[108.42152,26.41145],[108.37259,26.38622],[108.356,26.40215],[108.32339,26.3976],[108.31267,26.40826],[108.29951,26.40739],[108.30611,26.41959],[108.33063,26.42666],[108.31702,26.44192],[108.31911,26.45714],[108.31175,26.46759],[108.27464,26.48306],[108.25799,26.50161],[108.23528,26.50453],[108.24225,26.52729],[108.23173,26.52658],[108.22998,26.54958],[108.20231,26.56684],[108.19289,26.60012],[108.176,26.61614],[108.18132,26.62874],[108.15072,26.62462],[108.1223,26.63488],[108.13595,26.67991],[108.12559,26.68992],[108.10706,26.69087],[108.15963,26.73326],[108.12401,26.78042],[108.13927,26.78395],[108.14323,26.79903],[108.15325,26.79533],[108.21808,26.85493],[108.2354,26.8528],[108.24928,26.8649],[108.26411,26.8588],[108.2972,26.86735],[108.32475,26.86358],[108.33213,26.85644],[108.33413,26.83034],[108.35862,26.82124],[108.38625,26.83191],[108.39338,26.84565],[108.4005,26.83438],[108.41358,26.83469],[108.40547,26.82042],[108.41564,26.80782]]]}},{"type":"Feature","id":"CTAMAP-2023-COUNTY-1963","properties":{"map_level":"county","source_name":"天柱县","source_code":"522627","county_type":"县","prefecture_name":"黔东南苗族侗族自治州","prefecture_code":"522600","prefecture_type":"自治州","parent_entity_id":"CNUR-000264","parent_year_end_name":"黔东南苗族侗族自治州","province_name":"贵州省","province_code":"520000","snapshot_year":2023,"panel_year":2022,"link_status":"parent_linked","former_name":"","note":""},"geometry":{"type":"MultiPolygon","coordinates":[[[[109.39369,27.16334],[109.41218,27.1569],[109.4266,27.12781],[109.46087,27.13876],[109.47017,27.13432],[109.46553,27.11889],[109.45349,27.11264],[109.45497,27.09717],[109.46256,27.09673],[109.45323,27.08818],[109.47662,27.08428],[109.47787,27.07454],[109.45129,27.06909],[109.48317,27.05735],[109.49184,27.06404],[109.48152,27.07284],[109.48666,27.08233],[109.5211,27.07228],[109.50613,27.0707],[109.5161,27.06119],[109.51998,27.02991],[109.53694,27.01715],[109.53833,27.00175],[109.52644,26.99613],[109.52306,26.98115],[109.54539,26.98787],[109.54266,26.97764],[109.55561,26.95715],[109.55277,26.9466],[109.53098,26.93919],[109.53183,26.92806],[109.50351,26.93302],[109.43414,26.89139],[109.43608,26.86389],[109.45286,26.87023],[109.4744,26.90202],[109.48431,26.89918],[109.49201,26.88367],[109.51418,26.87951],[109.50694,26.86571],[109.51327,26.85431],[109.49379,26.83395],[109.49215,26.8161],[109.52096,26.78612],[109.51228,26.761],[109.51808,26.75251],[109.50175,26.7516],[109.50531,26.7708],[109.49171,26.77117],[109.48575,26.76358],[109.46722,26.77236],[109.4566,26.76425],[109.4379,26.76557],[109.43362,26.75086],[109.40561,26.74343],[109.41483,26.72746],[109.37799,26.73252],[109.38803,26.71838],[109.36295,26.70289],[109.30675,26.71596],[109.29671,26.70289],[109.28632,26.70488],[109.26407,26.73217],[109.24754,26.77844],[109.22181,26.77496],[109.22105,26.76561],[109.19816,26.75594],[109.1613,26.71963],[109.13788,26.73769],[109.11603,26.73464],[109.08903,26.71767],[109.07264,26.72835],[109.03529,26.70709],[109.02388,26.72201],[109.02718,26.7126],[109.01849,26.6992],[108.97702,26.71579],[108.97133,26.72596],[108.9652,26.72312],[108.96017,26.73762],[108.94634,26.73717],[108.94767,26.75301],[108.92577,26.7713],[108.92393,26.79122],[108.93946,26.80646],[108.9587,26.81164],[108.96486,26.8277],[108.9846,26.84417],[109.00334,26.84894],[109.01401,26.83977],[109.02532,26.87181],[109.05558,26.87783],[109.07057,26.89148],[109.06421,26.90977],[109.04941,26.90323],[109.02685,26.91053],[109.03386,26.92469],[109.055,26.93134],[109.05898,26.95161],[109.06939,26.9539],[109.07205,26.96421],[109.03902,26.97914],[109.03994,27.01278],[109.01429,27.02709],[108.99841,27.02049],[108.98304,26.99676],[108.96596,27.00158],[108.94675,27.01479],[108.94814,27.03996],[108.93928,27.04105],[108.93635,27.05049],[108.96253,27.05435],[108.98246,27.07474],[109.00164,27.07883],[109.02176,27.10788],[109.04268,27.09965],[109.07798,27.11986],[109.12677,27.12699],[109.12858,27.11682],[109.10423,27.09565],[109.09642,27.07279],[109.12474,27.06885],[109.12737,27.07468],[109.14957,27.07517],[109.15942,27.06807],[109.17017,27.08943],[109.18343,27.08492],[109.20067,27.09798],[109.23794,27.15254],[109.25322,27.15264],[109.25031,27.14272],[109.25964,27.13007],[109.30119,27.142],[109.33014,27.14071],[109.33004,27.15347],[109.35346,27.15646],[109.3679,27.1499],[109.37434,27.15885],[109.38174,27.14709],[109.38942,27.14813],[109.39369,27.16334]],[[109.46988,26.83235],[109.47478,26.84155],[109.45695,26.8334],[109.46988,26.83235]]],[[[109.52331,26.74476],[109.55603,26.73928],[109.5633,26.74494],[109.55357,26.75825],[109.56532,26.75157],[109.57391,26.7574],[109.57355,26.77506],[109.59377,26.76163],[109.58157,26.75559],[109.57339,26.73636],[109.54405,26.72152],[109.53958,26.73111],[109.54589,26.73111],[109.52331,26.74476]]]]}},{"type":"Feature","id":"CTAMAP-2023-COUNTY-1996","properties":{"map_level":"county","source_name":"桐梓县","source_code":"520322","county_type":"县","prefecture_name":"遵义市","prefecture_code":"520300","prefecture_type":"地级市","parent_entity_id":"CNUR-000259","parent_year_end_name":"遵义市","province_name":"贵州省","province_code":"520000","snapshot_year":2023,"panel_year":2022,"link_status":"parent_linked","former_name":"","note":""},"geometry":{"type":"Polygon","coordinates":[[[107.21346,28.77692],[107.25221,28.76139],[107.25957,28.77026],[107.27194,28.75658],[107.27175,28.72344],[107.25147,28.69481],[107.18602,28.68615],[107.15967,28.64211],[107.12164,28.6608],[107.08998,28.65308],[107.07709,28.65892],[107.09911,28.62412],[107.07474,28.62143],[107.06693,28.60956],[107.08225,28.5861],[107.07934,28.54946],[107.08897,28.54378],[107.08174,28.48833],[107.06012,28.49107],[107.05537,28.47143],[107.06064,28.46268],[107.04365,28.43943],[107.0322,28.44165],[107.03245,28.42631],[107.0218,28.43159],[107.01955,28.44333],[107.0117,28.433],[106.99534,28.43712],[106.98154,28.43085],[106.95943,28.38889],[106.99386,28.35705],[106.98974,28.33937],[106.97528,28.32874],[106.97827,28.30542],[106.96303,28.30079],[106.97015,28.25198],[106.98228,28.24578],[106.98481,28.23149],[106.97872,28.19198],[106.95856,28.17873],[106.96963,28.14733],[106.96637,28.13359],[106.98212,28.05386],[106.94078,28.05994],[106.94721,28.02248],[106.93832,28.0136],[106.92499,28.01941],[106.91159,28.0538],[106.88747,28.07444],[106.84209,28.01698],[106.82968,27.98561],[106.7692,27.98901],[106.76006,27.97336],[106.68826,27.95324],[106.68214,27.95704],[106.68708,27.98465],[106.67492,27.9929],[106.66962,28.01041],[106.67193,28.02825],[106.64014,28.03896],[106.62494,28.0324],[106.59469,28.03653],[106.54759,28.02986],[106.53027,28.04607],[106.48588,28.04751],[106.456,28.07693],[106.44392,28.13202],[106.45444,28.12642],[106.45663,28.1319],[106.43759,28.14988],[106.45438,28.15778],[106.44344,28.16444],[106.4585,28.18251],[106.48127,28.17604],[106.49191,28.18689],[106.52725,28.18229],[106.53095,28.19626],[106.56782,28.16721],[106.5797,28.18012],[106.60859,28.17752],[106.63101,28.20001],[106.64989,28.19474],[106.65397,28.20985],[106.69256,28.24548],[106.68918,28.26661],[106.7033,28.28305],[106.69559,28.29036],[106.70795,28.29515],[106.71162,28.30602],[106.70492,28.3236],[106.71237,28.33997],[106.72908,28.35032],[106.72664,28.36397],[106.74063,28.37787],[106.7415,28.39948],[106.72114,28.41007],[106.70314,28.44691],[106.70449,28.45388],[106.7417,28.47196],[106.74016,28.49532],[106.72051,28.52347],[106.72462,28.54686],[106.73461,28.55856],[106.77678,28.56728],[106.77595,28.57887],[106.75557,28.59006],[106.75475,28.61473],[106.78184,28.62846],[106.79363,28.6014],[106.80792,28.59148],[106.82722,28.61074],[106.82596,28.62679],[106.86326,28.62945],[106.86132,28.65566],[106.88114,28.69285],[106.88233,28.69801],[106.85496,28.69427],[106.84826,28.70616],[106.85816,28.71333],[106.85091,28.72686],[106.82307,28.74157],[106.81896,28.75482],[106.83798,28.78389],[106.85839,28.78598],[106.86008,28.7778],[106.88663,28.80175],[106.92184,28.81309],[106.94692,28.76964],[106.96876,28.77978],[106.98946,28.77484],[106.97729,28.80763],[106.98546,28.83296],[106.97956,28.85442],[107.01333,28.86469],[107.01304,28.88897],[107.03518,28.8845],[107.0343,28.86802],[107.04856,28.87145],[107.04177,28.87771],[107.0457,28.88816],[107.06422,28.89891],[107.06985,28.88377],[107.05531,28.87168],[107.06209,28.86928],[107.08217,28.87557],[107.0902,28.89421],[107.14036,28.88792],[107.14084,28.8788],[107.14866,28.88701],[107.1655,28.88423],[107.1869,28.8928],[107.19923,28.87036],[107.1886,28.84128],[107.22135,28.83888],[107.20678,28.82142],[107.21346,28.77692]]]}},{"type":"Feature","id":"CTAMAP-2023-COUNTY-2024","properties":{"map_level":"county","source_name":"万山区","source_code":"520603","county_type":"市辖区","prefecture_name":"铜仁市","prefecture_code":"520600","prefecture_type":"地级市","parent_entity_id":"CNUR-000262","parent_year_end_name":"铜仁市","province_name":"贵州省","province_code":"520000","snapshot_year":2023,"panel_year":2022,"link_status":"parent_linked","former_name":"万山特区","note":"2011年撤销万山特区，设立万山区"},"geometry":{"type":"MultiPolygon","coordinates":[[[[109.3786,27.53768],[109.3417,27.51391],[109.33293,27.49848],[109.30597,27.48318],[109.29231,27.4845],[109.30773,27.4511],[109.29089,27.42461],[109.26428,27.43066],[109.24639,27.42178],[109.24361,27.43695],[109.22002,27.4385],[109.2174,27.45504],[109.20551,27.46021],[109.1904,27.43862],[109.15247,27.41564],[109.15694,27.4366],[109.14729,27.45023],[109.15515,27.45781],[109.15505,27.48558],[109.14622,27.49635],[109.15568,27.51305],[109.14793,27.52367],[109.11371,27.51323],[109.0904,27.52366],[109.08341,27.50693],[109.05644,27.49442],[109.06027,27.48611],[109.043,27.48337],[109.0282,27.45804],[109.00395,27.45511],[108.99511,27.4422],[108.98966,27.45672],[108.96428,27.456],[108.95195,27.46458],[108.95183,27.47746],[108.97376,27.4916],[108.94452,27.50163],[108.92465,27.52455],[108.90047,27.49014],[108.86526,27.5004],[108.85548,27.49624],[108.8534,27.51691],[108.84121,27.52528],[108.87272,27.55116],[108.86797,27.56017],[108.87729,27.5682],[108.87789,27.58496],[108.92117,27.57152],[108.91048,27.56753],[108.91941,27.55482],[108.93453,27.55117],[108.95933,27.58254],[108.95096,27.59745],[108.99759,27.61853],[108.9927,27.62703],[109.01237,27.65245],[109.02996,27.64559],[109.03616,27.61445],[109.08547,27.61989],[109.10004,27.64531],[109.13628,27.65401],[109.13311,27.67789],[109.16747,27.70369],[109.18142,27.6955],[109.1783,27.68786],[109.19953,27.68],[109.20143,27.67012],[109.22225,27.69166],[109.23574,27.68509],[109.22999,27.66752],[109.25831,27.66571],[109.25333,27.65935],[109.26303,27.65251],[109.25667,27.65426],[109.25835,27.64033],[109.2455,27.63522],[109.23864,27.61244],[109.26032,27.62174],[109.28346,27.61045],[109.34257,27.62767],[109.37421,27.57651],[109.3786,27.53768]]],[[[109.19766,27.71848],[109.20837,27.71603],[109.21338,27.7146],[109.20307,27.71093],[109.19766,27.71848]]]]}},{"type":"Feature","id":"CTAMAP-2023-COUNTY-2037","properties":{"map_level":"county","source_name":"望谟县","source_code":"522326","county_type":"县","prefecture_name":"黔西南布依族苗族自治州","prefecture_code":"522300","prefecture_type":"自治州","parent_entity_id":"CNUR-000263","parent_year_end_name":"黔西南布依族苗族自治州","province_name":"贵州省","province_code":"520000","snapshot_year":2023,"panel_year":2022,"link_status":"parent_linked","former_name":"","note":""},"geometry":{"type":"Polygon","coordinates":[[[106.41602,25.36436],[106.41834,25.33184],[106.42864,25.32331],[106.46098,25.32037],[106.49095,25.28021],[106.49147,25.26985],[106.47917,25.26511],[106.49773,25.25247],[106.48921,25.22737],[106.50175,25.21324],[106.48808,25.19737],[106.47493,25.19891],[106.45285,25.17932],[106.44125,25.17971],[106.45385,25.16067],[106.45937,25.17045],[106.46744,25.1675],[106.52468,25.09996],[106.52847,25.08332],[106.51587,25.05658],[106.45404,25.04096],[106.43892,25.02191],[106.32494,24.9903],[106.30172,24.97728],[106.26163,24.98138],[106.24277,24.97285],[106.21406,24.98502],[106.18407,24.95475],[106.14909,24.96355],[106.1303,24.93916],[106.13123,24.91583],[106.11915,24.90132],[106.06952,24.91923],[106.04995,24.93905],[106.05477,24.96067],[106.07509,24.99078],[106.07481,25.00893],[106.0595,25.01672],[106.01058,25.00991],[105.99647,25.03454],[105.95359,25.05546],[105.95224,25.07501],[105.91172,25.11133],[105.89749,25.13448],[105.9009,25.17357],[105.9078,25.18154],[105.90313,25.19276],[105.88357,25.23215],[105.83193,25.29687],[105.83748,25.31796],[105.84889,25.32114],[105.84575,25.34108],[105.87047,25.33185],[105.88017,25.37552],[105.91825,25.39617],[105.92109,25.41673],[105.90843,25.4167],[105.91554,25.42292],[105.90562,25.44043],[105.92067,25.4325],[105.93941,25.43809],[105.92673,25.44297],[105.92269,25.45366],[105.93349,25.45717],[105.9108,25.4737],[105.91174,25.49925],[105.99136,25.55394],[105.98162,25.56742],[105.97082,25.56895],[105.96826,25.56202],[105.9592,25.56842],[105.97712,25.60458],[105.97538,25.61698],[105.98868,25.59939],[105.98701,25.57272],[106.00569,25.5719],[106.01781,25.58013],[106.04252,25.55925],[106.05141,25.58518],[106.06793,25.59195],[106.07316,25.60332],[106.0824,25.59737],[106.07299,25.5907],[106.09901,25.57083],[106.09126,25.54129],[106.06393,25.53265],[106.08425,25.51072],[106.10261,25.50848],[106.10755,25.52099],[106.13577,25.48993],[106.1273,25.48046],[106.11948,25.48433],[106.12531,25.45334],[106.15331,25.47008],[106.15857,25.48494],[106.15857,25.46721],[106.19358,25.46687],[106.2022,25.44272],[106.21932,25.43097],[106.21331,25.42033],[106.22189,25.39995],[106.22951,25.3973],[106.24454,25.40835],[106.2757,25.40102],[106.29025,25.3942],[106.30679,25.36693],[106.33674,25.35695],[106.35951,25.36874],[106.41602,25.36436]]]}},{"type":"Feature","id":"CTAMAP-2023-COUNTY-2038","properties":{"map_level":"county","source_name":"威宁彝族回族苗族自治县","source_code":"520526","county_type":"自治县","prefecture_name":"毕节市","prefecture_code":"520500","prefecture_type":"地级市","parent_entity_id":"CNUR-000261","parent_year_end_name":"毕节市","province_name":"贵州省","province_code":"520000","snapshot_year":2023,"panel_year":2022,"link_status":"parent_linked","former_name":"","note":""},"geometry":{"type":"Polygon","coordinates":[[[104.12924,27.30962],[104.19311,27.25206],[104.26999,27.26534],[104.29053,27.22837],[104.30963,27.22262],[104.29901,27.18301],[104.30519,27.17061],[104.32357,27.16342],[104.3134,27.15064],[104.32806,27.12776],[104.31781,27.11595],[104.31864,27.10245],[104.32545,27.09567],[104.33771,27.09824],[104.33468,27.07527],[104.34761,27.0761],[104.35338,27.06715],[104.3485,27.0482],[104.3344,27.03469],[104.33925,27.02274],[104.33307,27.00652],[104.34633,26.99222],[104.36437,26.99986],[104.36832,27.02332],[104.38976,27.02537],[104.41376,27.00747],[104.43072,27.00983],[104.45121,26.989],[104.47265,26.99321],[104.4855,26.9733],[104.47925,26.96174],[104.56202,26.95244],[104.57146,26.96327],[104.6018,26.95136],[104.60388,26.91967],[104.62941,26.92556],[104.64926,26.90995],[104.65195,26.89306],[104.6376,26.87278],[104.6424,26.8582],[104.63434,26.84012],[104.5945,26.78956],[104.60425,26.77918],[104.59473,26.77063],[104.59545,26.75255],[104.61576,26.74626],[104.61828,26.7244],[104.64631,26.73024],[104.65365,26.74615],[104.67143,26.7559],[104.67643,26.78426],[104.70198,26.80373],[104.71244,26.78585],[104.7504,26.77439],[104.7439,26.75217],[104.75782,26.74644],[104.76101,26.72404],[104.75241,26.7134],[104.76157,26.70612],[104.76146,26.68987],[104.74547,26.6909],[104.73373,26.68194],[104.73613,26.65599],[104.74614,26.64257],[104.71833,26.63266],[104.70606,26.61775],[104.69409,26.61955],[104.68589,26.60148],[104.69233,26.58726],[104.68592,26.55856],[104.67666,26.55803],[104.67679,26.5465],[104.66345,26.54045],[104.68071,26.52418],[104.66516,26.51709],[104.61285,26.53836],[104.5677,26.54362],[104.57781,26.56945],[104.55381,26.59433],[104.54084,26.5884],[104.498,26.59282],[104.48518,26.58283],[104.4706,26.59113],[104.4559,26.61399],[104.46519,26.65513],[104.43999,26.67576],[104.43988,26.68862],[104.41849,26.71512],[104.39661,26.71174],[104.39593,26.68989],[104.3794,26.66751],[104.37864,26.65365],[104.36271,26.64641],[104.36127,26.63516],[104.34627,26.62309],[104.30513,26.61689],[104.30176,26.63043],[104.27997,26.63697],[104.26921,26.63504],[104.26467,26.62329],[104.2401,26.63142],[104.22804,26.62353],[104.20237,26.62962],[104.18732,26.64242],[104.17126,26.63872],[104.15767,26.64991],[104.12487,26.64711],[104.10129,26.61023],[104.06634,26.57731],[104.06226,26.56354],[104.07163,26.52595],[104.04859,26.50908],[104.03574,26.51897],[104.00381,26.51422],[103.99933,26.52435],[103.86329,26.5159],[103.84092,26.53461],[103.81688,26.53384],[103.81379,26.55651],[103.76216,26.58936],[103.76747,26.60774],[103.74641,26.62832],[103.75909,26.65274],[103.757,26.69099],[103.76635,26.70341],[103.76927,26.73098],[103.76141,26.74133],[103.74646,26.72904],[103.72891,26.73892],[103.70086,26.81724],[103.70539,26.83284],[103.7205,26.84122],[103.72012,26.85499],[103.77716,26.8777],[103.76144,26.90959],[103.77592,26.94718],[103.75203,26.96662],[103.72871,27.02452],[103.70313,27.05262],[103.67262,27.05477],[103.65187,27.02624],[103.6113,27.0083],[103.62738,27.02095],[103.62201,27.03882],[103.61315,27.04087],[103.59942,27.06385],[103.61076,27.08184],[103.64312,27.06898],[103.65843,27.07206],[103.65089,27.09576],[103.6194,27.1014],[103.62564,27.12068],[103.67363,27.13485],[103.69569,27.13047],[103.70968,27.14413],[103.70649,27.16459],[103.71825,27.16471],[103.74687,27.2146],[103.76135,27.21785],[103.78721,27.24266],[103.78711,27.25714],[103.79797,27.25041],[103.80156,27.27075],[103.83293,27.2706],[103.84349,27.29076],[103.86196,27.2928],[103.87346,27.33624],[103.90285,27.3481],[103.90271,27.38668],[103.92396,27.41667],[103.93076,27.44799],[103.97818,27.4204],[104.01325,27.43271],[104.01914,27.3789],[104.08207,27.33422],[104.11094,27.34147],[104.12775,27.33017],[104.12924,27.30962]]]}},{"type":"Feature","id":"CTAMAP-2023-COUNTY-2078","properties":{"map_level":"county","source_name":"瓮安县","source_code":"522725","county_type":"县","prefecture_name":"黔南布依族苗族自治州","prefecture_code":"522700","prefecture_type":"自治州","parent_entity_id":"CNUR-000265","parent_year_end_name":"黔南布依族苗族自治州","province_name":"贵州省","province_code":"520000","snapshot_year":2023,"panel_year":2022,"link_status":"parent_linked","former_name":"","note":""},"geometry":{"type":"Polygon","coordinates":[[[107.43171,27.37555],[107.46082,27.37151],[107.48124,27.38384],[107.49152,27.36726],[107.48762,27.33896],[107.50183,27.33355],[107.50072,27.32033],[107.47403,27.30435],[107.4745,27.28779],[107.45323,27.27233],[107.46127,27.23652],[107.46572,27.24444],[107.47916,27.24115],[107.50183,27.20858],[107.51792,27.20901],[107.52088,27.21794],[107.50553,27.23931],[107.51112,27.25163],[107.52939,27.2199],[107.56009,27.22729],[107.5445,27.25768],[107.55321,27.27013],[107.59684,27.26962],[107.5989,27.26236],[107.65282,27.26872],[107.63744,27.2545],[107.66279,27.23853],[107.65961,27.22102],[107.64725,27.21127],[107.6778,27.20508],[107.6832,27.19428],[107.67296,27.18111],[107.68253,27.15635],[107.695,27.15876],[107.70236,27.14681],[107.69825,27.13032],[107.70748,27.1316],[107.68398,27.12085],[107.68393,27.10616],[107.66757,27.09877],[107.66629,27.09037],[107.68407,27.07674],[107.65678,27.08215],[107.63059,27.05066],[107.64503,27.02228],[107.64261,27.01024],[107.66056,26.99595],[107.66006,26.98034],[107.64961,26.9632],[107.62105,26.9539],[107.59625,26.91451],[107.6029,26.90752],[107.59305,26.89427],[107.52825,26.9078],[107.55812,26.95267],[107.52219,26.97256],[107.4848,26.95523],[107.46782,26.95922],[107.43144,26.94446],[107.40024,26.94488],[107.39248,26.96422],[107.398,26.97734],[107.38393,26.9841],[107.38827,26.99836],[107.37894,27.02528],[107.3594,27.03802],[107.34789,27.04147],[107.3418,27.02753],[107.30969,27.02014],[107.31205,27.00674],[107.30071,27.00047],[107.28674,27.00677],[107.27451,26.98847],[107.24035,26.97221],[107.22722,27.00291],[107.19429,27.01149],[107.19119,27.02966],[107.16944,27.02382],[107.16297,27.03062],[107.17172,27.08436],[107.1643,27.09149],[107.18666,27.12062],[107.18509,27.13445],[107.16516,27.15176],[107.20768,27.17297],[107.22884,27.16534],[107.25336,27.17862],[107.24446,27.19227],[107.25778,27.21741],[107.23365,27.23059],[107.23347,27.24525],[107.18847,27.24731],[107.15452,27.23275],[107.13378,27.25269],[107.16234,27.26491],[107.16203,27.28683],[107.18806,27.30854],[107.20482,27.33523],[107.20165,27.35423],[107.19192,27.35876],[107.19744,27.36798],[107.23286,27.4035],[107.24788,27.40417],[107.24112,27.417],[107.25382,27.42319],[107.26367,27.44299],[107.2649,27.48669],[107.30825,27.46336],[107.35497,27.47125],[107.34395,27.44589],[107.3723,27.44665],[107.36874,27.43819],[107.39723,27.4177],[107.39305,27.40582],[107.36761,27.38784],[107.37358,27.36613],[107.39626,27.3672],[107.40486,27.34612],[107.4137,27.34505],[107.41583,27.35444],[107.43597,27.36765],[107.43171,27.37555]]]}},{"type":"Feature","id":"CTAMAP-2023-COUNTY-2082","properties":{"map_level":"county","source_name":"乌当区","source_code":"520112","county_type":"市辖区","prefecture_name":"贵阳市","prefecture_code":"520100","prefecture_type":"地级市","parent_entity_id":"CNUR-000257","parent_year_end_name":"贵阳市","province_name":"贵州省","province_code":"520000","snapshot_year":2023,"panel_year":2022,"link_status":"parent_linked","former_name":"","note":""},"geometry":{"type":"Polygon","coordinates":[[[106.86744,26.90922],[106.86586,26.89065],[106.87963,26.88426],[106.89996,26.90358],[106.91307,26.89131],[106.93559,26.90667],[106.96021,26.90323],[106.97111,26.8736],[107.00373,26.89265],[107.01466,26.88339],[107.00793,26.87314],[107.0143,26.8492],[107.02863,26.84104],[107.00066,26.81594],[107.02944,26.7927],[107.04539,26.79322],[107.04902,26.78204],[107.01186,26.75816],[106.97872,26.75637],[106.96408,26.74307],[106.96408,26.73473],[106.97811,26.72808],[106.96186,26.72657],[106.96136,26.71556],[106.97781,26.70161],[106.94092,26.67914],[106.94694,26.66203],[106.95903,26.66291],[106.9577,26.65004],[106.93054,26.64855],[106.91557,26.63947],[106.90762,26.65899],[106.89846,26.6601],[106.88814,26.63716],[106.87536,26.63191],[106.87253,26.64239],[106.86159,26.63218],[106.86549,26.62515],[106.84793,26.62849],[106.81089,26.60785],[106.82224,26.58932],[106.80752,26.58696],[106.80893,26.57485],[106.79844,26.5718],[106.7684,26.58567],[106.77932,26.61195],[106.76591,26.6185],[106.75522,26.60901],[106.74416,26.61012],[106.74701,26.61831],[106.7287,26.63117],[106.71878,26.65377],[106.72305,26.68082],[106.73587,26.68656],[106.751,26.68209],[106.74943,26.70842],[106.7367,26.73286],[106.78584,26.74954],[106.80073,26.78837],[106.81959,26.7966],[106.81483,26.80763],[106.80516,26.80388],[106.77987,26.8235],[106.765,26.8225],[106.77214,26.83726],[106.75629,26.8509],[106.76812,26.86081],[106.7444,26.86268],[106.75362,26.87268],[106.76731,26.87244],[106.79078,26.88671],[106.80543,26.88074],[106.81355,26.89279],[106.85248,26.8978],[106.85897,26.91031],[106.86744,26.90922]]]}},{"type":"Feature","id":"CTAMAP-2023-COUNTY-2151","properties":{"map_level":"county","source_name":"务川仡佬族苗族自治县","source_code":"520326","county_type":"自治县","prefecture_name":"遵义市","prefecture_code":"520300","prefecture_type":"地级市","parent_entity_id":"CNUR-000259","parent_year_end_name":"遵义市","province_name":"贵州省","province_code":"520000","snapshot_year":2023,"panel_year":2022,"link_status":"parent_linked","former_name":"","note":""},"geometry":{"type":"Polygon","coordinates":[[[108.12698,28.64363],[108.09458,28.62376],[108.0802,28.63057],[108.02155,28.58569],[108.04047,28.57566],[108.03318,28.56147],[108.06387,28.53666],[108.06536,28.52628],[108.06344,28.51437],[108.04827,28.51012],[108.04378,28.50038],[108.05677,28.46294],[108.04004,28.44386],[108.06584,28.43461],[108.0451,28.39189],[108.02718,28.3704],[108.00393,28.38252],[108.02169,28.41898],[108.0,28.43094],[107.97673,28.42969],[108.00865,28.43803],[108.00759,28.45087],[107.99244,28.4452],[107.97341,28.4533],[107.95501,28.41283],[107.9649,28.40131],[107.99552,28.3915],[107.99366,28.37757],[107.97653,28.37813],[107.9638,28.39055],[107.94778,28.38183],[107.91504,28.39213],[107.91445,28.36845],[107.9037,28.36709],[107.89601,28.37933],[107.87534,28.37829],[107.86342,28.36228],[107.86834,28.34982],[107.85717,28.32607],[107.86547,28.30614],[107.85771,28.20615],[107.84697,28.2068],[107.82804,28.18761],[107.81254,28.18051],[107.7976,28.18488],[107.80359,28.20861],[107.84316,28.22493],[107.8314,28.24454],[107.83139,28.29337],[107.81844,28.30199],[107.81369,28.32897],[107.79125,28.32008],[107.79497,28.33978],[107.78731,28.35165],[107.782,28.35421],[107.76765,28.3171],[107.74667,28.31729],[107.6974,28.3457],[107.6866,28.33752],[107.68888,28.3285],[107.66777,28.32784],[107.66234,28.30999],[107.6449,28.3048],[107.63249,28.3184],[107.63753,28.3217],[107.63098,28.33273],[107.60919,28.34012],[107.60432,28.35363],[107.61794,28.36204],[107.6091,28.37608],[107.63689,28.39079],[107.6319,28.39774],[107.61869,28.39418],[107.61764,28.40056],[107.63062,28.40662],[107.62474,28.43068],[107.63953,28.44948],[107.63578,28.47199],[107.64876,28.48965],[107.64033,28.50383],[107.62626,28.50174],[107.62328,28.5211],[107.6529,28.51055],[107.6572,28.5167],[107.63866,28.54952],[107.63698,28.56719],[107.66132,28.5752],[107.66719,28.58928],[107.68521,28.58444],[107.70347,28.59517],[107.7035,28.63418],[107.71847,28.65328],[107.72567,28.6967],[107.74433,28.71227],[107.75838,28.71625],[107.76952,28.71037],[107.77359,28.74036],[107.79791,28.75926],[107.78212,28.77818],[107.79243,28.79694],[107.80269,28.8725],[107.8258,28.91779],[107.85705,28.94523],[107.86783,28.98621],[107.88382,28.99627],[107.87905,29.01181],[107.90263,29.00862],[107.92582,29.03901],[108.01819,29.04071],[108.06468,29.08924],[108.07419,29.0639],[108.06714,29.05863],[108.07018,29.01381],[108.0994,28.99239],[108.09528,28.98625],[108.1058,28.97668],[108.10488,28.96521],[108.12678,28.9502],[108.13438,28.93272],[108.12001,28.87077],[108.1535,28.85906],[108.15403,28.83878],[108.16737,28.83855],[108.18272,28.80188],[108.20371,28.8209],[108.2108,28.78639],[108.19423,28.75579],[108.17678,28.75225],[108.18228,28.72976],[108.17137,28.71873],[108.17619,28.70604],[108.16283,28.68214],[108.11671,28.6559],[108.12698,28.64363]]]}},{"type":"Feature","id":"CTAMAP-2023-COUNTY-2178","properties":{"map_level":"county","source_name":"西秀区","source_code":"520402","county_type":"市辖区","prefecture_name":"安顺市","prefecture_code":"520400","prefecture_type":"地级市","parent_entity_id":"CNUR-000260","parent_year_end_name":"安顺市","province_name":"贵州省","province_code":"520000","snapshot_year":2023,"panel_year":2022,"link_status":"parent_linked","former_name":"","note":""},"geometry":{"type":"MultiPolygon","coordinates":[[[[106.27015,26.26183],[106.27473,26.2421],[106.25167,26.24895],[106.23352,26.22758],[106.2586,26.22861],[106.29642,26.20447],[106.28081,26.19512],[106.27183,26.14877],[106.25096,26.13447],[106.27915,26.13074],[106.27727,26.1145],[106.29266,26.10786],[106.28395,26.0974],[106.26066,26.09343],[106.24512,26.10684],[106.23226,26.09782],[106.23942,26.07679],[106.22144,26.03892],[106.23105,26.02908],[106.2198,26.02707],[106.21237,26.0365],[106.20772,26.02742],[106.21878,26.00596],[106.21463,25.98558],[106.20623,25.99156],[106.19487,25.98754],[106.1916,25.96803],[106.17887,25.96986],[106.17686,25.9549],[106.1632,25.94521],[106.15809,25.94482],[106.15009,25.99467],[106.11837,26.0004],[106.11328,26.01256],[106.09226,26.00214],[106.08089,26.01119],[106.07906,26.03276],[106.06502,26.04349],[106.02937,26.02522],[106.01635,25.99987],[105.98688,26.01804],[105.96687,26.00847],[105.93772,26.01633],[105.90763,25.99683],[105.91065,26.0122],[105.89491,26.01221],[105.89335,26.03789],[105.86792,26.03086],[105.86046,26.03445],[105.86597,26.05385],[105.84425,26.06705],[105.83515,26.05881],[105.82727,26.06262],[105.87594,26.12088],[105.88385,26.14554],[105.84941,26.15205],[105.83961,26.14569],[105.83684,26.15173],[105.80138,26.13446],[105.7944,26.13862],[105.80399,26.1515],[105.77663,26.13691],[105.75444,26.144],[105.74492,26.15636],[105.75914,26.17768],[105.77987,26.17704],[105.79117,26.20023],[105.79976,26.19964],[105.81641,26.21643],[105.80413,26.23108],[105.80786,26.23623],[105.83374,26.23527],[105.8381,26.27625],[105.86195,26.2865],[105.85539,26.30696],[105.87361,26.30554],[105.87717,26.31934],[105.85998,26.33146],[105.86222,26.33903],[105.92553,26.36858],[105.93139,26.38768],[105.96507,26.40197],[105.9598,26.4096],[105.97436,26.42122],[105.98213,26.44421],[105.99186,26.44526],[105.98782,26.43109],[106.00334,26.41753],[106.01078,26.42489],[106.03027,26.42437],[106.03677,26.43458],[106.05732,26.43212],[106.05628,26.41143],[106.06454,26.40893],[106.07527,26.41893],[106.08847,26.39244],[106.06299,26.35656],[106.06922,26.34871],[106.10295,26.36205],[106.10859,26.37293],[106.10286,26.39348],[106.15402,26.38887],[106.1555,26.36457],[106.14513,26.36583],[106.13288,26.35514],[106.18063,26.33672],[106.17048,26.32057],[106.14598,26.32458],[106.16297,26.29167],[106.17165,26.29032],[106.19579,26.31602],[106.22334,26.30993],[106.23224,26.28756],[106.24043,26.28878],[106.23236,26.30408],[106.24557,26.294],[106.28028,26.30442],[106.28921,26.28916],[106.27788,26.28331],[106.29017,26.2787],[106.28645,26.2688],[106.27015,26.26183]]],[[[106.34528,26.29889],[106.36269,26.26737],[106.35737,26.25576],[106.34689,26.25611],[106.34782,26.2418],[106.33712,26.22639],[106.31379,26.22304],[106.29428,26.23845],[106.30821,26.28889],[106.3042,26.29829],[106.34528,26.29889]]]]}},{"type":"Feature","id":"CTAMAP-2023-COUNTY-2180","properties":{"map_level":"county","source_name":"息烽县","source_code":"520122","county_type":"县","prefecture_name":"贵阳市","prefecture_code":"520100","prefecture_type":"地级市","parent_entity_id":"CNUR-000257","parent_year_end_name":"贵阳市","province_name":"贵州省","province_code":"520000","snapshot_year":2023,"panel_year":2022,"link_status":"parent_linked","former_name":"","note":""},"geometry":{"type":"Polygon","coordinates":[[[106.89307,27.26298],[106.86833,27.21897],[106.86789,27.19814],[106.85513,27.186],[106.84669,27.1975],[106.82558,27.162],[106.78927,27.13697],[106.78498,27.12736],[106.79582,27.119],[106.79723,27.06452],[106.77934,27.02894],[106.74249,26.99422],[106.7402,26.9778],[106.71137,26.97358],[106.69098,26.97959],[106.67425,26.96593],[106.65889,26.97969],[106.62655,26.96715],[106.59944,26.97141],[106.59854,26.98802],[106.58227,26.98529],[106.55467,27.00399],[106.56677,27.01714],[106.51492,27.0304],[106.49969,27.05382],[106.50216,27.07124],[106.52228,27.07896],[106.49816,27.09859],[106.48651,27.11968],[106.4988,27.14953],[106.46577,27.15255],[106.46977,27.17896],[106.45351,27.19653],[106.48602,27.20134],[106.49331,27.21365],[106.51971,27.22137],[106.5506,27.24609],[106.60607,27.26486],[106.62916,27.30208],[106.6621,27.30234],[106.68961,27.31411],[106.71891,27.30865],[106.73148,27.25883],[106.75129,27.25042],[106.73184,27.2303],[106.73905,27.22073],[106.76118,27.24128],[106.753,27.25464],[106.77551,27.25446],[106.7734,27.26038],[106.79077,27.27768],[106.79225,27.30966],[106.80515,27.32442],[106.83424,27.32596],[106.8542,27.31428],[106.86272,27.30354],[106.86154,27.29018],[106.89307,27.26298]]]}},{"type":"Feature","id":"CTAMAP-2023-COUNTY-2187","properties":{"map_level":"county","source_name":"习水县","source_code":"520330","county_type":"县","prefecture_name":"遵义市","prefecture_code":"520300","prefecture_type":"地级市","parent_entity_id":"CNUR-000259","parent_year_end_name":"遵义市","province_name":"贵州省","province_code":"520000","snapshot_year":2023,"panel_year":2022,"link_status":"parent_linked","former_name":"","note":""},"geometry":{"type":"Polygon","coordinates":[[[106.70449,28.45388],[106.70559,28.43603],[106.71723,28.42721],[106.72114,28.41007],[106.7415,28.39948],[106.74058,28.3777],[106.72664,28.36397],[106.72908,28.35032],[106.71237,28.33997],[106.70492,28.3236],[106.71162,28.30602],[106.70795,28.29515],[106.69559,28.29036],[106.7033,28.28305],[106.68918,28.26661],[106.69202,28.24456],[106.66674,28.22498],[106.64989,28.19474],[106.63101,28.20001],[106.60859,28.17752],[106.5797,28.18012],[106.56782,28.16721],[106.53095,28.19626],[106.52725,28.18229],[106.49191,28.18689],[106.48127,28.17604],[106.4585,28.18251],[106.44344,28.16444],[106.45438,28.15778],[106.43759,28.14988],[106.45556,28.13507],[106.45544,28.12676],[106.41918,28.15569],[106.41664,28.1724],[106.39844,28.15992],[106.38356,28.16139],[106.36953,28.1502],[106.36558,28.13373],[106.33405,28.12148],[106.32948,28.12843],[106.3025,28.13078],[106.28197,28.12263],[106.22814,28.14652],[106.19515,28.13852],[106.11869,28.17043],[106.085,28.16484],[106.02407,28.13503],[106.03042,28.1106],[106.01773,28.1121],[106.00861,28.12347],[105.98445,28.12165],[105.97829,28.11011],[105.96544,28.13767],[105.93853,28.14778],[105.93428,28.13661],[105.91905,28.14118],[105.89286,28.12345],[105.876,28.12563],[105.87499,28.14292],[105.8573,28.16286],[105.86609,28.20388],[105.88791,28.2405],[105.87227,28.24872],[105.87037,28.25817],[105.85714,28.25213],[105.84238,28.26171],[105.85591,28.2854],[105.87725,28.28324],[105.88048,28.2931],[105.89701,28.29924],[105.91198,28.2819],[105.91299,28.29125],[105.92761,28.29209],[105.93646,28.30709],[105.96792,28.3024],[105.97735,28.31711],[106.00994,28.31913],[106.02138,28.33978],[106.03254,28.33916],[106.03196,28.35841],[106.04627,28.36125],[106.03854,28.37532],[106.06283,28.39716],[106.06236,28.4313],[106.11498,28.40626],[106.10586,28.42029],[106.09078,28.42411],[106.10869,28.45753],[106.1409,28.45798],[106.13906,28.46664],[106.15193,28.47994],[106.16216,28.47097],[106.20138,28.47749],[106.20752,28.48577],[106.20347,28.49579],[106.22332,28.50775],[106.22782,28.51964],[106.25518,28.49981],[106.25416,28.51903],[106.26616,28.52194],[106.26914,28.53043],[106.26263,28.53377],[106.27455,28.54227],[106.28696,28.54133],[106.30198,28.50581],[106.32756,28.48357],[106.37395,28.48114],[106.36841,28.52911],[106.38102,28.54356],[106.38334,28.56814],[106.39507,28.57448],[106.42786,28.55956],[106.43728,28.56234],[106.47381,28.53334],[106.5038,28.54231],[106.46261,28.591],[106.47311,28.6026],[106.49238,28.58986],[106.50323,28.57023],[106.51202,28.56746],[106.52038,28.57633],[106.50468,28.58407],[106.48963,28.60993],[106.50305,28.63907],[106.49908,28.66374],[106.51537,28.66596],[106.525,28.67794],[106.48293,28.74933],[106.46231,28.76164],[106.45069,28.78127],[106.44803,28.79607],[106.46261,28.79725],[106.44603,28.81741],[106.46501,28.8291],[106.45748,28.83428],[106.46566,28.83718],[106.48867,28.8093],[106.53043,28.78184],[106.53078,28.7698],[106.54586,28.77367],[106.55564,28.76392],[106.55699,28.72367],[106.5694,28.70741],[106.60724,28.69229],[106.62459,28.66235],[106.64219,28.66895],[106.64714,28.65446],[106.63969,28.64714],[106.61386,28.64663],[106.63314,28.62746],[106.62674,28.60859],[106.60894,28.61261],[106.60165,28.59627],[106.61214,28.55441],[106.58368,28.52746],[106.56068,28.52508],[106.56008,28.48918],[106.58708,28.49366],[106.5799,28.5109],[106.58866,28.51662],[106.60889,28.50452],[106.62862,28.50765],[106.62892,28.49192],[106.64363,28.48259],[106.6603,28.49698],[106.6697,28.48502],[106.68471,28.48886],[106.6938,28.4785],[106.68766,28.4641],[106.70449,28.45388]]]}},{"type":"Feature","id":"CTAMAP-2023-COUNTY-2307","properties":{"map_level":"county","source_name":"兴仁市","source_code":"522302","county_type":"县级市","prefecture_name":"黔西南布依族苗族自治州","prefecture_code":"522300","prefecture_type":"自治州","parent_entity_id":"CNUR-000263","parent_year_end_name":"黔西南布依族苗族自治州","province_name":"贵州省","province_code":"520000","snapshot_year":2023,"panel_year":2022,"link_status":"parent_linked","former_name":"兴仁县","note":"2018年撤销兴仁县，设立兴仁市"},"geometry":{"type":"Polygon","coordinates":[[[105.53284,25.69454],[105.5361,25.66145],[105.5271,25.64449],[105.55988,25.61187],[105.55072,25.60786],[105.54507,25.58693],[105.51648,25.56824],[105.51239,25.52585],[105.50142,25.50853],[105.47689,25.48502],[105.45273,25.48624],[105.44127,25.47021],[105.4417,25.45446],[105.45351,25.44884],[105.45039,25.42391],[105.42023,25.40924],[105.43134,25.39966],[105.43327,25.3846],[105.41233,25.37003],[105.39703,25.33808],[105.37219,25.34257],[105.35597,25.3362],[105.36199,25.30684],[105.35617,25.30456],[105.34483,25.32223],[105.33589,25.32367],[105.34109,25.33766],[105.30238,25.35108],[105.27765,25.34831],[105.26013,25.3219],[105.25015,25.32851],[105.23131,25.325],[105.16167,25.28907],[105.10447,25.28863],[105.0861,25.28026],[105.06532,25.28797],[105.04326,25.28066],[105.04451,25.31221],[105.02119,25.31849],[105.00093,25.30888],[105.01497,25.30101],[105.01584,25.29183],[104.9974,25.29117],[104.98718,25.27561],[104.9689,25.2828],[104.94198,25.28318],[104.9278,25.275],[104.92449,25.28404],[104.90436,25.28166],[104.91529,25.3142],[104.93627,25.30328],[104.94937,25.30897],[104.94992,25.33803],[104.94251,25.34845],[104.92299,25.35292],[104.9256,25.36986],[104.9552,25.38133],[104.96365,25.37668],[104.99899,25.3986],[105.00695,25.41484],[105.00325,25.43299],[105.0124,25.44667],[105.06583,25.49165],[105.08088,25.52159],[105.12106,25.53992],[105.1144,25.55538],[105.12063,25.57217],[105.11637,25.58548],[105.08627,25.57867],[105.11826,25.6164],[105.15833,25.63452],[105.2036,25.59968],[105.23575,25.62307],[105.23204,25.60886],[105.24387,25.60396],[105.24345,25.59204],[105.25298,25.58283],[105.24483,25.57146],[105.25854,25.55402],[105.26897,25.55466],[105.33015,25.61042],[105.33535,25.63047],[105.32284,25.6434],[105.31227,25.69803],[105.32701,25.71474],[105.32801,25.72733],[105.36362,25.7636],[105.41959,25.79123],[105.45003,25.76214],[105.48497,25.74967],[105.48946,25.73592],[105.53284,25.69454]]]}},{"type":"Feature","id":"CTAMAP-2023-COUNTY-2312","properties":{"map_level":"county","source_name":"兴义市","source_code":"522301","county_type":"县级市","prefecture_name":"黔西南布依族苗族自治州","prefecture_code":"522300","prefecture_type":"自治州","parent_entity_id":"CNUR-000263","parent_year_end_name":"黔西南布依族苗族自治州","province_name":"贵州省","province_code":"520000","snapshot_year":2023,"panel_year":2022,"link_status":"parent_linked","former_name":"兴仁县","note":""},"geometry":{"type":"Polygon","coordinates":[[[104.88653,25.36553],[104.89226,25.33291],[104.88188,25.32798],[104.90412,25.31955],[104.90958,25.2905],[104.90436,25.28166],[104.92449,25.28404],[104.9278,25.275],[104.94198,25.28318],[104.9689,25.2828],[104.98718,25.27561],[104.9974,25.29117],[105.01584,25.29183],[105.01497,25.30101],[105.00093,25.30888],[105.02119,25.31849],[105.04451,25.31221],[105.04326,25.28066],[105.06532,25.28797],[105.0861,25.28026],[105.09765,25.28746],[105.13915,25.28974],[105.13496,25.25613],[105.1422,25.24255],[105.12968,25.2057],[105.18168,25.19615],[105.17244,25.17482],[105.18249,25.17164],[105.16444,25.16747],[105.16384,25.15788],[105.13215,25.13453],[105.11314,25.10822],[105.09963,25.06368],[105.09906,25.03351],[105.07661,25.01607],[105.05658,25.0199],[105.05181,25.00672],[105.04169,25.01067],[105.01674,24.98805],[105.01395,25.00221],[104.99639,24.98827],[105.01167,24.95721],[105.03411,24.95832],[105.0311,24.93587],[105.04314,24.91466],[105.07846,24.91936],[105.06012,24.88992],[105.03334,24.87285],[105.03879,24.85624],[105.02381,24.82369],[105.03128,24.79118],[104.97816,24.77235],[104.90134,24.75816],[104.87868,24.74619],[104.86301,24.73221],[104.85855,24.7049],[104.84192,24.68185],[104.75989,24.6601],[104.7492,24.65152],[104.7406,24.62377],[104.72359,24.62116],[104.69641,24.6365],[104.70154,24.64704],[104.69384,24.65416],[104.62777,24.66357],[104.59388,24.71286],[104.57039,24.71714],[104.55547,24.7314],[104.52696,24.73591],[104.53981,24.75885],[104.54332,24.78001],[104.53524,24.79711],[104.54478,24.82702],[104.56907,24.84805],[104.59455,24.88811],[104.63309,24.90734],[104.64956,24.94452],[104.66199,24.95503],[104.66169,24.96753],[104.6853,24.97846],[104.68506,24.9905],[104.71171,25.00146],[104.69765,25.04095],[104.68235,25.05752],[104.61737,25.06218],[104.65904,25.066],[104.68355,25.08071],[104.69341,25.12574],[104.7151,25.14344],[104.7325,25.17649],[104.73074,25.1891],[104.72096,25.19498],[104.73941,25.21103],[104.76668,25.20305],[104.80705,25.16086],[104.81533,25.15822],[104.81404,25.16886],[104.82132,25.1715],[104.80654,25.19388],[104.81534,25.2009],[104.80636,25.23266],[104.82766,25.24026],[104.81629,25.26501],[104.80468,25.26644],[104.79004,25.25406],[104.7657,25.2786],[104.75419,25.27896],[104.7537,25.26604],[104.73806,25.26893],[104.70666,25.28333],[104.70529,25.29982],[104.66768,25.29623],[104.66057,25.28502],[104.63639,25.30045],[104.64793,25.30654],[104.64025,25.35652],[104.64605,25.36323],[104.65329,25.35805],[104.65736,25.37899],[104.67202,25.38046],[104.68167,25.33858],[104.70143,25.32682],[104.7291,25.33133],[104.73497,25.34078],[104.75217,25.3391],[104.76369,25.3514],[104.77759,25.34852],[104.79116,25.33082],[104.80513,25.3452],[104.83799,25.35434],[104.84691,25.3677],[104.86574,25.35193],[104.88653,25.36553]]]}},{"type":"Feature","id":"CTAMAP-2023-COUNTY-2317","properties":{"map_level":"county","source_name":"修文县","source_code":"520123","county_type":"县","prefecture_name":"贵阳市","prefecture_code":"520100","prefecture_type":"地级市","parent_entity_id":"CNUR-000257","parent_year_end_name":"贵阳市","province_name":"贵州省","province_code":"520000","snapshot_year":2023,"panel_year":2022,"link_status":"parent_linked","former_name":"","note":""},"geometry":{"type":"Polygon","coordinates":[[[106.74031,26.97832],[106.7595,26.96078],[106.77461,26.96153],[106.77552,26.97628],[106.81489,26.97971],[106.8486,26.99321],[106.85579,26.9868],[106.86663,26.991],[106.87651,26.9735],[106.87919,26.93961],[106.86636,26.92861],[106.87239,26.91327],[106.85897,26.91031],[106.85248,26.8978],[106.81355,26.89279],[106.80543,26.88074],[106.79078,26.88671],[106.74679,26.86843],[106.74462,26.86229],[106.76812,26.86081],[106.75639,26.84907],[106.77214,26.83726],[106.75466,26.81532],[106.70598,26.80278],[106.69298,26.78914],[106.65477,26.78444],[106.64085,26.79406],[106.63685,26.78157],[106.61894,26.78356],[106.58412,26.7539],[106.56761,26.76237],[106.53926,26.75945],[106.53518,26.79057],[106.54745,26.80511],[106.53256,26.81457],[106.51657,26.80278],[106.48754,26.80653],[106.46591,26.78517],[106.43512,26.7947],[106.44418,26.81329],[106.43577,26.82204],[106.4364,26.84415],[106.45517,26.86792],[106.44545,26.87423],[106.41687,26.85883],[106.39113,26.89602],[106.39247,26.91183],[106.35872,26.9347],[106.35837,26.94929],[106.3765,26.9804],[106.41412,26.99128],[106.44675,27.01257],[106.42652,27.01874],[106.40454,27.04442],[106.41046,27.06595],[106.39117,27.10087],[106.40481,27.14581],[106.41612,27.1568],[106.436,27.16018],[106.44297,27.19023],[106.45351,27.19653],[106.46977,27.17896],[106.46577,27.15255],[106.49923,27.14871],[106.48593,27.12246],[106.49816,27.09859],[106.52228,27.07896],[106.49856,27.06515],[106.51492,27.0304],[106.56677,27.01714],[106.55467,27.00399],[106.58227,26.98529],[106.59854,26.98802],[106.59944,26.97141],[106.62655,26.96715],[106.65889,26.97969],[106.67425,26.96593],[106.69098,26.97959],[106.71137,26.97358],[106.74031,26.97832]]]}},{"type":"Feature","id":"CTAMAP-2023-COUNTY-2360","properties":{"map_level":"county","source_name":"沿河土家族自治县","source_code":"520627","county_type":"自治县","prefecture_name":"铜仁市","prefecture_code":"520600","prefecture_type":"地级市","parent_entity_id":"CNUR-000262","parent_year_end_name":"铜仁市","province_name":"贵州省","province_code":"520000","snapshot_year":2023,"panel_year":2022,"link_status":"parent_linked","former_name":"","note":""},"geometry":{"type":"Polygon","coordinates":[[[108.29387,29.05073],[108.31817,28.95762],[108.33632,28.95035],[108.34584,28.93686],[108.35293,28.89488],[108.34199,28.85861],[108.35061,28.83744],[108.34842,28.81916],[108.38115,28.80687],[108.38469,28.79373],[108.38031,28.77564],[108.34485,28.74083],[108.34361,28.71277],[108.32905,28.67938],[108.34772,28.67902],[108.3864,28.65499],[108.46908,28.63065],[108.49853,28.63016],[108.4993,28.64095],[108.53284,28.65608],[108.55591,28.65137],[108.56395,28.66652],[108.58311,28.65124],[108.58232,28.64306],[108.59453,28.64529],[108.59816,28.63819],[108.62417,28.64507],[108.63147,28.63584],[108.63099,28.62304],[108.60078,28.59413],[108.6075,28.54614],[108.57393,28.53985],[108.56922,28.53077],[108.58401,28.46435],[108.60733,28.44155],[108.6036,28.4109],[108.58405,28.40842],[108.57251,28.38662],[108.57508,28.34767],[108.59534,28.34445],[108.60396,28.33361],[108.60034,28.30912],[108.58442,28.30976],[108.5826,28.31804],[108.56709,28.30259],[108.56204,28.32222],[108.54602,28.32089],[108.53359,28.34335],[108.52551,28.33185],[108.50984,28.33256],[108.49297,28.27792],[108.47663,28.27865],[108.46784,28.26987],[108.43619,28.21052],[108.40678,28.23031],[108.39159,28.25267],[108.36956,28.25905],[108.35968,28.2467],[108.32802,28.2555],[108.30613,28.27375],[108.29188,28.29256],[108.28764,28.31847],[108.31789,28.32068],[108.32855,28.33699],[108.31589,28.35333],[108.27438,28.37408],[108.28508,28.38684],[108.24586,28.37779],[108.22973,28.38248],[108.21826,28.36952],[108.20455,28.38378],[108.19441,28.40327],[108.19972,28.43271],[108.17812,28.42985],[108.17349,28.44025],[108.17884,28.44855],[108.16927,28.45147],[108.19677,28.49915],[108.17736,28.51684],[108.18042,28.53601],[108.17162,28.54173],[108.17819,28.54559],[108.17673,28.57162],[108.15204,28.56877],[108.13924,28.59438],[108.10618,28.61305],[108.12698,28.64363],[108.11671,28.6559],[108.16283,28.68214],[108.17619,28.70604],[108.17137,28.71873],[108.18228,28.72976],[108.17678,28.75225],[108.19423,28.75579],[108.2108,28.78639],[108.20371,28.8209],[108.18272,28.80188],[108.16737,28.83855],[108.15403,28.83878],[108.1535,28.85906],[108.12001,28.87077],[108.13438,28.93272],[108.12678,28.9502],[108.10488,28.96521],[108.1058,28.97668],[108.09528,28.98625],[108.0994,28.99239],[108.07018,29.01381],[108.06714,29.05863],[108.07419,29.0639],[108.06468,29.08924],[108.11903,29.07236],[108.12945,29.05567],[108.19231,29.0747],[108.20105,29.05899],[108.22634,29.0503],[108.21948,29.03498],[108.22966,29.03043],[108.25166,29.04438],[108.26431,29.09266],[108.29116,29.08887],[108.30361,29.0821],[108.29387,29.05073]]]}},{"type":"Feature","id":"CTAMAP-2023-COUNTY-2448","properties":{"map_level":"county","source_name":"印江土家族苗族自治县","source_code":"520625","county_type":"自治县","prefecture_name":"铜仁市","prefecture_code":"520600","prefecture_type":"地级市","parent_entity_id":"CNUR-000262","parent_year_end_name":"铜仁市","province_name":"贵州省","province_code":"520000","snapshot_year":2023,"panel_year":2022,"link_status":"parent_linked","former_name":"","note":""},"geometry":{"type":"Polygon","coordinates":[[[108.60034,28.30912],[108.60361,28.2878],[108.6267,28.29238],[108.64985,28.28314],[108.64139,28.23655],[108.64913,28.19918],[108.64593,28.16947],[108.65444,28.1666],[108.64915,28.14494],[108.6727,28.14007],[108.68409,28.15015],[108.69071,28.12763],[108.70841,28.13053],[108.7164,28.1447],[108.72806,28.14138],[108.73487,28.14753],[108.75654,28.13409],[108.76514,28.16488],[108.75969,28.18716],[108.80194,28.16952],[108.78516,28.15837],[108.78893,28.14834],[108.77333,28.11287],[108.74525,28.09875],[108.74901,28.0864],[108.73657,28.07133],[108.7542,28.0513],[108.74569,28.03589],[108.75146,28.00868],[108.74355,27.95866],[108.69257,27.91938],[108.63867,27.90727],[108.61186,27.88848],[108.56461,27.8955],[108.54988,27.86804],[108.54688,27.81761],[108.50726,27.81421],[108.49538,27.80046],[108.49326,27.75565],[108.50424,27.75024],[108.55971,27.7572],[108.59376,27.71601],[108.59138,27.70501],[108.60969,27.6925],[108.61001,27.68308],[108.58319,27.67184],[108.5605,27.63128],[108.52227,27.61585],[108.50879,27.62756],[108.45357,27.6092],[108.41482,27.58651],[108.39016,27.61765],[108.3677,27.62787],[108.34754,27.66445],[108.40463,27.66882],[108.45237,27.71716],[108.44154,27.71904],[108.42612,27.814],[108.40735,27.80202],[108.38191,27.7983],[108.3693,27.82684],[108.35415,27.83398],[108.35473,27.8472],[108.33829,27.8513],[108.33598,27.83742],[108.32275,27.83019],[108.30707,27.83999],[108.32165,27.84785],[108.33706,27.88247],[108.37295,27.87528],[108.38105,27.90365],[108.35377,27.91263],[108.36083,27.92484],[108.36019,27.96444],[108.33977,27.97349],[108.34506,28.0],[108.33504,28.00841],[108.34009,28.01498],[108.32268,28.01017],[108.31141,28.0197],[108.32002,28.02852],[108.31449,28.04613],[108.30015,28.05374],[108.30189,28.06286],[108.32219,28.07146],[108.32789,28.08315],[108.32165,28.10443],[108.34198,28.11457],[108.36902,28.1725],[108.38611,28.17112],[108.41979,28.21983],[108.43619,28.21052],[108.46784,28.26987],[108.47801,28.27909],[108.49277,28.27762],[108.50984,28.33256],[108.52551,28.33185],[108.53359,28.34335],[108.54602,28.32089],[108.56204,28.32222],[108.56709,28.30259],[108.5826,28.31804],[108.58442,28.30976],[108.60034,28.30912]]]}},{"type":"Feature","id":"CTAMAP-2023-COUNTY-2507","properties":{"map_level":"county","source_name":"余庆县","source_code":"520329","county_type":"县","prefecture_name":"遵义市","prefecture_code":"520300","prefecture_type":"地级市","parent_entity_id":"CNUR-000259","parent_year_end_name":"遵义市","province_name":"贵州省","province_code":"520000","snapshot_year":2023,"panel_year":2022,"link_status":"parent_linked","former_name":"","note":""},"geometry":{"type":"MultiPolygon","coordinates":[[[[107.8259,27.54046],[107.80355,27.49276],[107.7782,27.48147],[107.76998,27.48962],[107.74889,27.4642],[107.7647,27.44524],[107.77994,27.45078],[107.79398,27.44585],[107.78526,27.43261],[107.79874,27.41661],[107.78526,27.40939],[107.79411,27.39916],[107.76081,27.39105],[107.77693,27.37706],[107.77322,27.35572],[107.80343,27.35178],[107.80909,27.33749],[107.80331,27.33187],[107.8114,27.32645],[107.82641,27.33872],[107.83319,27.32399],[107.86918,27.34636],[107.8954,27.34612],[107.91539,27.31389],[107.92874,27.32069],[107.91377,27.33734],[107.95189,27.35612],[107.9559,27.34511],[107.94795,27.31911],[107.97419,27.32687],[107.98932,27.30944],[108.0001,27.30882],[108.0036,27.2831],[108.04017,27.26148],[108.03169,27.23553],[107.96237,27.21945],[107.96804,27.20423],[107.96061,27.19983],[107.92236,27.19982],[107.90053,27.17848],[107.88185,27.18186],[107.87746,27.1497],[107.86632,27.13891],[107.84836,27.1526],[107.84787,27.16837],[107.81574,27.16214],[107.81787,27.17132],[107.84257,27.18722],[107.82717,27.19801],[107.8087,27.18852],[107.75955,27.19068],[107.7552,27.20442],[107.7764,27.21086],[107.77063,27.222],[107.7484,27.2189],[107.72244,27.23509],[107.69805,27.22722],[107.69823,27.23671],[107.66241,27.2398],[107.63744,27.2545],[107.65282,27.26872],[107.5989,27.26236],[107.59684,27.26962],[107.55321,27.27013],[107.5445,27.25768],[107.56009,27.22729],[107.52716,27.22048],[107.51112,27.25163],[107.50553,27.23931],[107.52214,27.21257],[107.50633,27.20734],[107.47916,27.24115],[107.4641,27.2439],[107.46394,27.23534],[107.45713,27.24069],[107.45323,27.27233],[107.4745,27.28779],[107.47403,27.30435],[107.50072,27.32033],[107.50183,27.33355],[107.48762,27.33896],[107.49152,27.36726],[107.48124,27.38384],[107.46082,27.37151],[107.43069,27.37985],[107.43614,27.39209],[107.45782,27.3997],[107.47035,27.41701],[107.48866,27.41765],[107.51722,27.43966],[107.53546,27.44008],[107.54495,27.48305],[107.53264,27.50062],[107.51287,27.50427],[107.50843,27.52414],[107.53761,27.60908],[107.54723,27.6179],[107.5654,27.61433],[107.57319,27.62535],[107.58442,27.6233],[107.57527,27.64637],[107.5896,27.67483],[107.6145,27.67977],[107.61465,27.691],[107.62432,27.67699],[107.63885,27.68023],[107.67279,27.67047],[107.68548,27.66192],[107.68438,27.63688],[107.69272,27.63185],[107.71652,27.63767],[107.72349,27.63024],[107.72075,27.61898],[107.77019,27.58863],[107.76396,27.58326],[107.77071,27.56647],[107.79847,27.5705],[107.8259,27.54046]]],[[[107.94024,27.1683],[107.93514,27.16437],[107.95426,27.15749],[107.94311,27.14705],[107.92365,27.16414],[107.93242,27.17187],[107.94024,27.1683]]],[[[107.91292,27.33719],[107.90845,27.33592],[107.90743,27.33739],[107.91292,27.33719]]]]}},{"type":"Feature","id":"CTAMAP-2023-COUNTY-2533","properties":{"map_level":"county","source_name":"玉屏侗族自治县","source_code":"520622","county_type":"自治县","prefecture_name":"铜仁市","prefecture_code":"520600","prefecture_type":"地级市","parent_entity_id":"CNUR-000262","parent_year_end_name":"铜仁市","province_name":"贵州省","province_code":"520000","snapshot_year":2023,"panel_year":2022,"link_status":"parent_linked","former_name":"","note":""},"geometry":{"type":"Polygon","coordinates":[[[109.15518,27.45801],[109.13653,27.45114],[109.11804,27.42093],[109.10968,27.4284],[109.10444,27.42384],[109.11196,27.41521],[109.11885,27.41755],[109.13077,27.43351],[109.13907,27.42517],[109.11184,27.40385],[109.12007,27.39115],[109.1098,27.37492],[109.11095,27.35504],[109.10065,27.35949],[109.09578,27.35269],[109.10005,27.33987],[109.07376,27.33783],[109.06691,27.32623],[109.04166,27.33783],[109.05329,27.29943],[109.04241,27.29355],[109.0389,27.27999],[109.01939,27.28569],[108.99513,27.26707],[108.98261,27.27351],[108.98251,27.26062],[108.96198,27.23981],[108.90218,27.21344],[108.91835,27.20301],[108.92304,27.16481],[108.90934,27.16232],[108.90114,27.13835],[108.88377,27.12598],[108.88386,27.13371],[108.85272,27.15491],[108.85448,27.16982],[108.83944,27.18739],[108.80959,27.20719],[108.82387,27.23984],[108.84375,27.25511],[108.84678,27.28362],[108.8677,27.28845],[108.86061,27.30678],[108.87241,27.30811],[108.8692,27.32029],[108.84914,27.32869],[108.83991,27.34495],[108.84551,27.35569],[108.85603,27.35651],[108.85362,27.36853],[108.8846,27.3624],[108.88947,27.34807],[108.89872,27.34976],[108.90988,27.3704],[108.94101,27.36418],[108.96068,27.37547],[109.01806,27.3807],[109.03389,27.40116],[109.03445,27.42292],[109.01145,27.45203],[109.0282,27.45804],[109.043,27.48337],[109.06027,27.48611],[109.05654,27.49451],[109.08341,27.50693],[109.09045,27.52368],[109.11353,27.51325],[109.12978,27.52313],[109.14793,27.52367],[109.15427,27.51613],[109.14622,27.49635],[109.15371,27.4937],[109.15518,27.45801]]]}},{"type":"Feature","id":"CTAMAP-2023-COUNTY-2578","properties":{"map_level":"county","source_name":"云岩区","source_code":"520103","county_type":"市辖区","prefecture_name":"贵阳市","prefecture_code":"520100","prefecture_type":"地级市","parent_entity_id":"CNUR-000257","parent_year_end_name":"贵阳市","province_name":"贵州省","province_code":"520000","snapshot_year":2023,"panel_year":2022,"link_status":"parent_linked","former_name":"","note":""},"geometry":{"type":"Polygon","coordinates":[[[106.72567,26.67447],[106.71714,26.66484],[106.7223,26.66581],[106.71878,26.65377],[106.72724,26.63317],[106.74364,26.62371],[106.74416,26.61012],[106.75522,26.60901],[106.76591,26.6185],[106.77932,26.61195],[106.77061,26.59871],[106.77492,26.59151],[106.74381,26.58641],[106.73447,26.57729],[106.70177,26.58078],[106.6869,26.57306],[106.67426,26.57992],[106.66173,26.568],[106.64671,26.56919],[106.6357,26.55555],[106.61376,26.56333],[106.60522,26.5778],[106.59016,26.57886],[106.60001,26.59813],[106.61561,26.60492],[106.63322,26.59522],[106.68499,26.61567],[106.68341,26.63236],[106.7046,26.67543],[106.72567,26.67447]]]}},{"type":"Feature","id":"CTAMAP-2023-COUNTY-2627","properties":{"map_level":"county","source_name":"长顺县","source_code":"522729","county_type":"县","prefecture_name":"黔南布依族苗族自治州","prefecture_code":"522700","prefecture_type":"自治州","parent_entity_id":"CNUR-000265","parent_year_end_name":"黔南布依族苗族自治州","province_name":"贵州省","province_code":"520000","snapshot_year":2023,"panel_year":2022,"link_status":"parent_linked","former_name":"","note":""},"geometry":{"type":"MultiPolygon","coordinates":[[[[106.4495,26.27007],[106.49751,26.26119],[106.49723,26.24972],[106.51165,26.25017],[106.49769,26.22893],[106.50852,26.22425],[106.52464,26.23532],[106.56223,26.23709],[106.58516,26.22493],[106.59775,26.23615],[106.60945,26.23572],[106.61498,26.22593],[106.60599,26.21959],[106.62141,26.21675],[106.63662,26.18154],[106.60366,26.17732],[106.57442,26.16003],[106.52727,26.16046],[106.52343,26.15194],[106.53265,26.12876],[106.55822,26.12159],[106.56441,26.10748],[106.55696,26.08278],[106.54098,26.07092],[106.51842,26.07391],[106.51367,26.05605],[106.53621,26.04291],[106.53815,26.01279],[106.54841,26.00205],[106.53888,25.98507],[106.56656,25.97118],[106.56978,25.94751],[106.5578,25.9432],[106.5056,25.95332],[106.49184,25.96443],[106.48931,25.95411],[106.45013,25.95879],[106.42359,25.92649],[106.43749,25.92223],[106.41918,25.89248],[106.44218,25.87742],[106.42659,25.84976],[106.44384,25.83786],[106.43408,25.81396],[106.44635,25.80239],[106.3944,25.76472],[106.39138,25.74272],[106.46463,25.73683],[106.47469,25.7114],[106.48997,25.70407],[106.48491,25.68642],[106.5138,25.69152],[106.5151,25.66681],[106.501,25.66945],[106.48771,25.66225],[106.48345,25.64805],[106.47043,25.65042],[106.44864,25.66304],[106.45393,25.67311],[106.42538,25.68319],[106.40821,25.64981],[106.36337,25.65619],[106.33856,25.67332],[106.32009,25.67402],[106.31463,25.68467],[106.28878,25.69773],[106.30576,25.72069],[106.30445,25.73123],[106.27872,25.71484],[106.23132,25.70142],[106.23116,25.71698],[106.25586,25.73524],[106.24985,25.74468],[106.25177,25.78963],[106.24075,25.7965],[106.24005,25.83579],[106.26645,25.85407],[106.27235,25.88605],[106.27967,25.8869],[106.28237,25.90263],[106.29709,25.91834],[106.27125,25.92715],[106.2717,25.9412],[106.28801,25.94167],[106.28126,25.96154],[106.30913,25.97775],[106.31135,25.99279],[106.29554,25.99576],[106.29971,26.00601],[106.2824,26.00823],[106.2726,26.02303],[106.24921,26.02326],[106.25048,26.03522],[106.23211,26.02527],[106.22144,26.03892],[106.23297,26.05185],[106.23942,26.07679],[106.2302,26.09427],[106.24087,26.10693],[106.26066,26.09343],[106.28395,26.0974],[106.29266,26.10786],[106.27727,26.1145],[106.27915,26.13074],[106.25096,26.13447],[106.27183,26.14877],[106.28081,26.19512],[106.29642,26.20447],[106.2586,26.22861],[106.23352,26.22758],[106.25167,26.24895],[106.27473,26.2421],[106.27762,26.25162],[106.29396,26.25211],[106.29428,26.23845],[106.30963,26.22507],[106.33712,26.22639],[106.34782,26.2418],[106.34689,26.25611],[106.35737,26.25576],[106.36269,26.26737],[106.35075,26.27907],[106.37603,26.28874],[106.41459,26.27711],[106.43819,26.28046],[106.4495,26.27007]]],[[[106.2198,26.02707],[106.21145,26.02325],[106.20772,26.02592],[106.21237,26.0365],[106.2198,26.02707]]]]}},{"type":"Feature","id":"CTAMAP-2023-COUNTY-2649","properties":{"map_level":"county","source_name":"贞丰县","source_code":"522325","county_type":"县","prefecture_name":"黔西南布依族苗族自治州","prefecture_code":"522300","prefecture_type":"自治州","parent_entity_id":"CNUR-000263","parent_year_end_name":"黔西南布依族苗族自治州","province_name":"贵州省","province_code":"520000","snapshot_year":2023,"panel_year":2022,"link_status":"parent_linked","former_name":"","note":""},"geometry":{"type":"Polygon","coordinates":[[[105.74868,25.56603],[105.74953,25.54359],[105.77871,25.50098],[105.78378,25.46376],[105.83917,25.45339],[105.87916,25.42717],[105.90662,25.42981],[105.91554,25.42292],[105.90798,25.4183],[105.91171,25.41371],[105.92109,25.41673],[105.91825,25.39617],[105.88017,25.37552],[105.87047,25.33185],[105.84575,25.34108],[105.84889,25.32114],[105.83748,25.31796],[105.83218,25.30094],[105.88357,25.23215],[105.9078,25.18154],[105.89734,25.13896],[105.90367,25.12502],[105.88965,25.11358],[105.85716,25.11964],[105.85406,25.12925],[105.83868,25.13008],[105.81647,25.15274],[105.79538,25.14454],[105.7399,25.16859],[105.73212,25.1925],[105.7521,25.21298],[105.75009,25.2214],[105.7309,25.23106],[105.72591,25.25605],[105.71245,25.25492],[105.70509,25.27107],[105.69257,25.26409],[105.65555,25.27444],[105.66176,25.28938],[105.62335,25.29674],[105.59307,25.34097],[105.52012,25.35288],[105.516,25.37057],[105.50352,25.36422],[105.46662,25.36959],[105.45901,25.37994],[105.42874,25.38667],[105.43134,25.39966],[105.42058,25.40613],[105.45039,25.42391],[105.45351,25.44884],[105.43873,25.4639],[105.45135,25.48511],[105.47689,25.48502],[105.50142,25.50853],[105.51239,25.52585],[105.51648,25.56824],[105.54507,25.58693],[105.55072,25.60786],[105.55988,25.61187],[105.5271,25.64449],[105.5361,25.66145],[105.53043,25.69152],[105.55295,25.6994],[105.56631,25.71776],[105.61051,25.6931],[105.62449,25.67725],[105.6471,25.67867],[105.68513,25.66164],[105.69039,25.63312],[105.71659,25.60879],[105.71496,25.59498],[105.72518,25.57738],[105.73428,25.56606],[105.74868,25.56603]]]}},{"type":"Feature","id":"CTAMAP-2023-COUNTY-2658","properties":{"map_level":"county","source_name":"镇宁布依族苗族自治县","source_code":"520423","county_type":"自治县","prefecture_name":"安顺市","prefecture_code":"520400","prefecture_type":"地级市","parent_entity_id":"CNUR-000260","parent_year_end_name":"安顺市","province_name":"贵州省","province_code":"520000","snapshot_year":2023,"panel_year":2022,"link_status":"parent_linked","former_name":"","note":""},"geometry":{"type":"Polygon","coordinates":[[[105.74492,26.15636],[105.75444,26.144],[105.77663,26.13691],[105.80399,26.1515],[105.7944,26.13862],[105.80138,26.13446],[105.83684,26.15173],[105.83961,26.14569],[105.84941,26.15205],[105.88385,26.14554],[105.87594,26.12088],[105.82727,26.06262],[105.83515,26.05881],[105.84425,26.06705],[105.86597,26.05385],[105.86046,26.03445],[105.86792,26.03086],[105.89335,26.03789],[105.89491,26.01221],[105.91065,26.0122],[105.90763,25.99683],[105.93772,26.01633],[105.96687,26.00847],[105.98688,26.01804],[106.01555,25.99987],[106.00792,25.99537],[106.01234,25.98147],[106.00017,25.95938],[105.98379,25.94672],[105.98573,25.9264],[105.99785,25.92167],[106.01393,25.88786],[105.98348,25.88172],[105.97715,25.8631],[105.94834,25.83763],[105.93362,25.834],[105.91661,25.80514],[105.91887,25.79169],[105.93736,25.78317],[105.91977,25.75858],[105.92255,25.72885],[105.94055,25.7132],[105.96028,25.71371],[105.939,25.70253],[105.92882,25.66826],[105.95177,25.64035],[105.94943,25.62736],[105.96613,25.62854],[105.97767,25.60957],[105.9592,25.56842],[105.96826,25.56202],[105.97082,25.56895],[105.98162,25.56742],[105.99136,25.55394],[105.91174,25.49925],[105.9108,25.4737],[105.93349,25.45717],[105.92269,25.45366],[105.92673,25.44297],[105.94032,25.44043],[105.92067,25.4325],[105.90626,25.44069],[105.90328,25.42731],[105.87916,25.42717],[105.83917,25.45339],[105.78378,25.46376],[105.77871,25.50098],[105.74953,25.54359],[105.74887,25.56933],[105.78013,25.61459],[105.7702,25.67061],[105.77237,25.72792],[105.74811,25.74988],[105.75112,25.773],[105.72841,25.77967],[105.74961,25.79402],[105.77492,25.77976],[105.79362,25.78753],[105.81067,25.78383],[105.822,25.80208],[105.80727,25.81233],[105.8058,25.83861],[105.79389,25.84508],[105.77034,25.84188],[105.71307,25.87209],[105.67987,25.89917],[105.67055,25.94022],[105.67812,25.97024],[105.66986,25.98773],[105.654,25.98849],[105.66898,25.99699],[105.66704,26.01504],[105.65925,26.02809],[105.63959,26.03552],[105.62626,26.02763],[105.58651,26.06628],[105.59619,26.11622],[105.60533,26.11881],[105.60329,26.16546],[105.61796,26.16226],[105.63217,26.1422],[105.64373,26.14692],[105.66523,26.13798],[105.67185,26.14256],[105.66602,26.15475],[105.68724,26.17402],[105.71288,26.1675],[105.71902,26.17615],[105.73405,26.16922],[105.73404,26.15698],[105.74492,26.15636]]]}},{"type":"Feature","id":"CTAMAP-2023-COUNTY-2664","properties":{"map_level":"county","source_name":"镇远县","source_code":"522625","county_type":"县","prefecture_name":"黔东南苗族侗族自治州","prefecture_code":"522600","prefecture_type":"自治州","parent_entity_id":"CNUR-000264","parent_year_end_name":"黔东南苗族侗族自治州","province_name":"贵州省","province_code":"520000","snapshot_year":2023,"panel_year":2022,"link_status":"parent_linked","former_name":"","note":""},"geometry":{"type":"Polygon","coordinates":[[[108.33755,27.3584],[108.36088,27.33897],[108.37398,27.34605],[108.40442,27.34281],[108.4093,27.31763],[108.46023,27.31736],[108.4578,27.3029],[108.47935,27.2726],[108.56406,27.27284],[108.57516,27.26023],[108.56373,27.24244],[108.57591,27.22175],[108.57274,27.21218],[108.58762,27.20747],[108.60168,27.22062],[108.6316,27.22442],[108.65659,27.21427],[108.65838,27.19443],[108.63594,27.1826],[108.64078,27.16082],[108.65309,27.15624],[108.67091,27.1706],[108.68892,27.16587],[108.70418,27.17784],[108.70424,27.17086],[108.71591,27.16756],[108.80939,27.17207],[108.83807,27.18518],[108.85442,27.16997],[108.85272,27.15491],[108.88419,27.13337],[108.88173,27.11274],[108.8589,27.11926],[108.85208,27.10104],[108.82166,27.09267],[108.80581,27.10109],[108.78719,27.08893],[108.79652,27.07787],[108.76245,27.03553],[108.77318,27.02791],[108.76583,27.01853],[108.74121,27.02185],[108.72391,27.04183],[108.72208,27.0583],[108.71253,27.05394],[108.66604,27.07875],[108.6444,27.07457],[108.60868,27.04455],[108.59448,27.04173],[108.54066,26.97923],[108.54515,26.95972],[108.53084,26.94928],[108.5499,26.90534],[108.53409,26.88245],[108.56617,26.85381],[108.54911,26.83312],[108.49141,26.80124],[108.47315,26.82099],[108.46887,26.85409],[108.44392,26.88249],[108.37517,26.87653],[108.4157,26.91861],[108.37697,26.94578],[108.36019,26.94906],[108.34486,26.93927],[108.31643,26.93793],[108.30104,26.92533],[108.25231,26.92017],[108.26841,26.95185],[108.26566,26.96573],[108.25163,26.9701],[108.25115,26.9977],[108.26735,27.01047],[108.23473,27.02655],[108.23554,27.03602],[108.26288,27.03106],[108.30642,27.03775],[108.31114,27.05867],[108.27573,27.1033],[108.29424,27.11571],[108.27812,27.12754],[108.28819,27.13736],[108.26836,27.13831],[108.23832,27.12317],[108.24938,27.14435],[108.24234,27.14991],[108.25956,27.16451],[108.25073,27.17073],[108.24934,27.1915],[108.23507,27.21447],[108.23537,27.22376],[108.24823,27.23236],[108.25368,27.26008],[108.22015,27.25417],[108.2322,27.27047],[108.21283,27.28504],[108.16062,27.25892],[108.14538,27.26223],[108.16876,27.28673],[108.20858,27.36216],[108.24472,27.36853],[108.26501,27.34981],[108.28941,27.34631],[108.30899,27.35482],[108.32716,27.3494],[108.33755,27.3584]]]}},{"type":"Feature","id":"CTAMAP-2023-COUNTY-2666","properties":{"map_level":"county","source_name":"正安县","source_code":"520324","county_type":"县","prefecture_name":"遵义市","prefecture_code":"520300","prefecture_type":"地级市","parent_entity_id":"CNUR-000259","parent_year_end_name":"遵义市","province_name":"贵州省","province_code":"520000","snapshot_year":2023,"panel_year":2022,"link_status":"parent_linked","former_name":"","note":""},"geometry":{"type":"Polygon","coordinates":[[[107.70696,28.63986],[107.6999,28.59114],[107.68521,28.58444],[107.66719,28.58928],[107.66132,28.5752],[107.63698,28.56719],[107.63866,28.54952],[107.6572,28.5167],[107.6529,28.51055],[107.62328,28.5211],[107.62626,28.50174],[107.64033,28.50383],[107.64876,28.48965],[107.63578,28.47199],[107.63953,28.44948],[107.62474,28.43068],[107.63062,28.40662],[107.61764,28.40056],[107.61869,28.39418],[107.6319,28.39774],[107.63689,28.39079],[107.60966,28.3768],[107.61794,28.36204],[107.60432,28.35363],[107.61007,28.339],[107.63098,28.33273],[107.64244,28.30545],[107.65865,28.31232],[107.69629,28.2952],[107.67305,28.26808],[107.68271,28.26146],[107.67881,28.25283],[107.65718,28.24558],[107.64641,28.22798],[107.62669,28.22238],[107.61683,28.20996],[107.63227,28.18809],[107.62746,28.16717],[107.60401,28.15753],[107.587,28.16066],[107.57635,28.13594],[107.57005,28.14527],[107.54225,28.15374],[107.55149,28.16608],[107.58453,28.18044],[107.57609,28.19241],[107.5569,28.17827],[107.53715,28.18259],[107.54703,28.1925],[107.5444,28.19948],[107.53126,28.20895],[107.51869,28.20387],[107.51594,28.21747],[107.49959,28.22399],[107.50866,28.25496],[107.49368,28.25683],[107.49618,28.27544],[107.47656,28.28208],[107.44326,28.25725],[107.425,28.26203],[107.42233,28.24848],[107.38739,28.2492],[107.38602,28.20873],[107.35684,28.22344],[107.36059,28.23776],[107.35381,28.24178],[107.34796,28.22034],[107.33497,28.21025],[107.3216,28.22039],[107.31485,28.24754],[107.28065,28.26597],[107.26772,28.26185],[107.25033,28.27635],[107.22243,28.28132],[107.21903,28.29253],[107.24588,28.31503],[107.23992,28.33517],[107.25318,28.34976],[107.27221,28.35204],[107.29443,28.36827],[107.32259,28.37116],[107.32455,28.41613],[107.29613,28.45299],[107.28451,28.45333],[107.26132,28.42945],[107.23302,28.4213],[107.21531,28.40274],[107.19446,28.39562],[107.17516,28.40423],[107.17174,28.45266],[107.15842,28.467],[107.13652,28.47946],[107.12255,28.47392],[107.09296,28.49077],[107.08101,28.48996],[107.09004,28.51624],[107.08897,28.54378],[107.07934,28.54946],[107.08225,28.5861],[107.06693,28.60956],[107.07474,28.62143],[107.09911,28.62412],[107.07709,28.65892],[107.08998,28.65308],[107.12164,28.6608],[107.15967,28.64211],[107.18602,28.68615],[107.25147,28.69481],[107.27323,28.73166],[107.2702,28.75896],[107.25957,28.77026],[107.25221,28.76139],[107.24387,28.76448],[107.25013,28.79703],[107.3296,28.81413],[107.341,28.83046],[107.32862,28.84724],[107.36414,28.84802],[107.38158,28.8566],[107.40553,28.8379],[107.43116,28.8495],[107.4392,28.84301],[107.43031,28.82905],[107.44147,28.80531],[107.44973,28.80279],[107.44437,28.79137],[107.45862,28.78881],[107.4708,28.76414],[107.48513,28.76516],[107.49381,28.75465],[107.47723,28.67851],[107.53574,28.62504],[107.57652,28.63545],[107.58302,28.6216],[107.60214,28.61208],[107.63413,28.61985],[107.6395,28.63514],[107.67564,28.64383],[107.68524,28.65372],[107.70696,28.63986]]]}},{"type":"Feature","id":"CTAMAP-2023-COUNTY-2675","properties":{"map_level":"county","source_name":"织金县","source_code":"520524","county_type":"县","prefecture_name":"毕节市","prefecture_code":"520500","prefecture_type":"地级市","parent_entity_id":"CNUR-000261","parent_year_end_name":"毕节市","province_name":"贵州省","province_code":"520000","snapshot_year":2023,"panel_year":2022,"link_status":"parent_linked","former_name":"","note":""},"geometry":{"type":"Polygon","coordinates":[[[105.81466,26.93823],[105.84447,26.92703],[105.86069,26.90027],[105.85293,26.87629],[105.86538,26.86685],[105.87325,26.82866],[105.8891,26.8013],[105.91347,26.78908],[105.92559,26.76368],[105.95685,26.76497],[105.97088,26.7751],[105.99672,26.77121],[106.00113,26.80064],[106.03235,26.81527],[106.04941,26.80038],[106.06795,26.81986],[106.10085,26.8032],[106.14042,26.79525],[106.1671,26.77584],[106.15803,26.71825],[106.1692,26.67407],[106.12517,26.66841],[106.11899,26.6565],[106.1449,26.64287],[106.15376,26.5985],[106.13638,26.58437],[106.13665,26.54679],[106.12524,26.52656],[106.12283,26.49271],[106.05749,26.46214],[106.03794,26.47136],[106.0171,26.45617],[105.97107,26.44151],[105.95811,26.45761],[105.97384,26.46973],[105.97209,26.49554],[105.96119,26.50256],[105.97035,26.5141],[105.96801,26.5242],[105.94715,26.52749],[105.92436,26.51517],[105.90552,26.52661],[105.84779,26.47964],[105.79848,26.47549],[105.78526,26.48115],[105.75034,26.45233],[105.72652,26.4656],[105.69658,26.45483],[105.68928,26.43589],[105.66831,26.44168],[105.62991,26.43174],[105.6019,26.41573],[105.56375,26.3727],[105.53146,26.36229],[105.5108,26.4185],[105.49927,26.41998],[105.50599,26.43188],[105.49658,26.44498],[105.47947,26.44723],[105.4757,26.45612],[105.46585,26.44491],[105.43533,26.43449],[105.43207,26.46097],[105.37601,26.46775],[105.36266,26.48418],[105.34931,26.47228],[105.33759,26.4979],[105.38487,26.52748],[105.39074,26.55408],[105.41754,26.57636],[105.41981,26.60582],[105.46569,26.64311],[105.47133,26.65698],[105.51178,26.6634],[105.54,26.6789],[105.54427,26.66695],[105.58424,26.67506],[105.58232,26.69556],[105.61798,26.73818],[105.60867,26.78389],[105.6224,26.80622],[105.58908,26.83481],[105.60823,26.83769],[105.60655,26.8611],[105.63132,26.88886],[105.62513,26.94167],[105.6491,26.95635],[105.67399,26.9474],[105.68583,26.93034],[105.72511,26.94526],[105.74092,26.92926],[105.75483,26.93336],[105.77409,26.92586],[105.80496,26.92596],[105.81466,26.93823]]]}},{"type":"Feature","id":"CTAMAP-2023-COUNTY-2689","properties":{"map_level":"county","source_name":"钟山区","source_code":"520201","county_type":"市辖区","prefecture_name":"六盘水市","prefecture_code":"520200","prefecture_type":"地级市","parent_entity_id":"CNUR-000258","parent_year_end_name":"六盘水市","province_name":"贵州省","province_code":"520000","snapshot_year":2023,"panel_year":2022,"link_status":"parent_linked","former_name":"","note":""},"geometry":{"type":"MultiPolygon","coordinates":[[[[105.02443,26.91326],[105.02749,26.87121],[104.9862,26.85334],[104.99687,26.83711],[104.98916,26.8262],[105.02445,26.82097],[105.05871,26.80345],[105.05745,26.78973],[105.04306,26.77817],[105.08743,26.75463],[105.08902,26.74148],[105.06706,26.72032],[105.07787,26.70639],[105.07587,26.69334],[105.0876,26.68775],[105.08944,26.65846],[105.07973,26.64883],[105.04974,26.68518],[105.02858,26.68151],[105.0111,26.64156],[104.98422,26.63692],[104.97574,26.60515],[104.9838,26.59256],[104.97645,26.5784],[104.9431,26.56228],[104.92473,26.5711],[104.92091,26.55491],[104.89915,26.53902],[104.90319,26.51816],[104.85986,26.53051],[104.79905,26.56719],[104.77929,26.55841],[104.77103,26.58291],[104.74492,26.60372],[104.75634,26.61193],[104.71969,26.63335],[104.74649,26.64329],[104.73613,26.65599],[104.73521,26.68409],[104.76146,26.68987],[104.76157,26.70612],[104.75241,26.7134],[104.76101,26.72404],[104.75782,26.74644],[104.7439,26.75217],[104.75162,26.77003],[104.74644,26.77897],[104.75703,26.79204],[104.75158,26.79983],[104.79084,26.82636],[104.80193,26.84054],[104.80786,26.86949],[104.83367,26.89239],[104.84067,26.89426],[104.86505,26.8726],[104.86191,26.86092],[104.87144,26.84752],[104.90404,26.82853],[104.93356,26.84272],[104.92162,26.85545],[104.93632,26.88207],[104.96927,26.90978],[104.9986,26.92306],[105.02443,26.91326]]],[[[104.65201,26.8338],[104.6635,26.83372],[104.69104,26.85721],[104.70198,26.80373],[104.67643,26.78426],[104.67143,26.7559],[104.65365,26.74615],[104.64631,26.73024],[104.61828,26.7244],[104.61576,26.74626],[104.59545,26.75255],[104.59473,26.77063],[104.60425,26.77918],[104.5945,26.78956],[104.63434,26.84012],[104.63882,26.85703],[104.65201,26.8338]]],[[[105.05204,26.50016],[105.05771,26.50204],[105.07018,26.48289],[105.05204,26.50016]]],[[[105.04332,26.52154],[105.05579,26.50858],[105.0533,26.50634],[105.04332,26.52154]]]]}},{"type":"Feature","id":"CTAMAP-2023-COUNTY-2721","properties":{"map_level":"county","source_name":"紫云苗族布依族自治县","source_code":"520425","county_type":"自治县","prefecture_name":"安顺市","prefecture_code":"520400","prefecture_type":"地级市","parent_entity_id":"CNUR-000260","parent_year_end_name":"安顺市","province_name":"贵州省","province_code":"520000","snapshot_year":2023,"panel_year":2022,"link_status":"parent_linked","former_name":"","note":""},"geometry":{"type":"Polygon","coordinates":[[[106.21309,26.02372],[106.23887,26.02566],[106.25048,26.03522],[106.24921,26.02326],[106.2726,26.02303],[106.2824,26.00823],[106.29971,26.00601],[106.29554,25.99576],[106.31135,25.99279],[106.30913,25.97775],[106.28126,25.96154],[106.28801,25.94167],[106.2717,25.9412],[106.27125,25.92715],[106.29709,25.91834],[106.28237,25.90263],[106.27967,25.8869],[106.27235,25.88605],[106.26645,25.85407],[106.24005,25.83579],[106.24075,25.7965],[106.25177,25.78963],[106.24985,25.74468],[106.25586,25.73524],[106.23116,25.71698],[106.23132,25.70142],[106.27872,25.71484],[106.30445,25.73123],[106.30576,25.72069],[106.28791,25.69949],[106.32009,25.67402],[106.33856,25.67332],[106.36337,25.65619],[106.40778,25.64972],[106.42937,25.68315],[106.45393,25.67311],[106.44864,25.66304],[106.48531,25.64679],[106.48488,25.63833],[106.46794,25.62822],[106.47085,25.60496],[106.4563,25.60334],[106.4262,25.56601],[106.43464,25.54187],[106.41757,25.52462],[106.4234,25.51073],[106.39243,25.49216],[106.39079,25.47033],[106.40263,25.46467],[106.39242,25.45641],[106.40765,25.45587],[106.41566,25.43264],[106.40192,25.41856],[106.38916,25.42119],[106.39209,25.41106],[106.38438,25.4049],[106.40238,25.40649],[106.41884,25.39592],[106.42727,25.37427],[106.41498,25.36383],[106.35951,25.36874],[106.33674,25.35695],[106.30679,25.36693],[106.29025,25.3942],[106.2757,25.40102],[106.24454,25.40835],[106.22951,25.3973],[106.22189,25.39995],[106.21331,25.42033],[106.21932,25.43097],[106.2022,25.44272],[106.19358,25.46687],[106.15857,25.46721],[106.15857,25.48494],[106.15331,25.47008],[106.12531,25.45334],[106.11948,25.48433],[106.1273,25.48046],[106.13577,25.48993],[106.10755,25.52099],[106.10261,25.50848],[106.08425,25.51072],[106.06393,25.53265],[106.09126,25.54129],[106.09901,25.57083],[106.07299,25.5907],[106.0824,25.59737],[106.07316,25.60332],[106.06793,25.59195],[106.05141,25.58518],[106.04252,25.55925],[106.01781,25.58013],[106.00569,25.5719],[105.98701,25.57272],[105.98868,25.59939],[105.96613,25.62854],[105.94943,25.62736],[105.95177,25.64035],[105.92882,25.66826],[105.939,25.70253],[105.96028,25.71371],[105.94055,25.7132],[105.92255,25.72885],[105.91977,25.75858],[105.93736,25.78317],[105.91887,25.79169],[105.91661,25.80514],[105.93362,25.834],[105.94834,25.83763],[105.97715,25.8631],[105.98348,25.88172],[106.01393,25.88786],[105.99785,25.92167],[105.98573,25.9264],[105.98379,25.94672],[106.00017,25.95938],[106.01234,25.98147],[106.00792,25.99537],[106.01913,26.00146],[106.02937,26.02522],[106.06502,26.04349],[106.07906,26.03276],[106.08089,26.01119],[106.09226,26.00214],[106.11328,26.01256],[106.11837,26.0004],[106.15009,25.99467],[106.15809,25.94482],[106.17686,25.9549],[106.17887,25.96986],[106.1916,25.96803],[106.19487,25.98754],[106.20623,25.99156],[106.21463,25.98558],[106.21309,26.02372]]]}},{"type":"Feature","id":"CTAMAP-2023-COUNTY-2797","properties":{"map_level":"county","source_name":"白云区","source_code":"520113","county_type":"市辖区","prefecture_name":"贵阳市","prefecture_code":"520100","prefecture_type":"地级市","parent_entity_id":"CNUR-000257","parent_year_end_name":"贵阳市","province_name":"贵州省","province_code":"520000","snapshot_year":2023,"panel_year":2022,"link_status":"parent_linked","former_name":"","note":""},"geometry":{"type":"Polygon","coordinates":[[[106.72567,26.67447],[106.7046,26.67543],[106.68233,26.63741],[106.65447,26.66891],[106.59,26.66775],[106.57112,26.70592],[106.58887,26.73341],[106.58584,26.74491],[106.5542,26.73822],[106.54594,26.74046],[106.54599,26.75377],[106.53703,26.75487],[106.56275,26.7625],[106.58412,26.7539],[106.61894,26.78356],[106.63685,26.78157],[106.64085,26.79406],[106.65477,26.78444],[106.69298,26.78914],[106.70598,26.80278],[106.74005,26.80801],[106.76279,26.8247],[106.77987,26.8235],[106.80516,26.80388],[106.81483,26.80763],[106.81959,26.7966],[106.80073,26.78837],[106.78584,26.74954],[106.7367,26.73286],[106.74943,26.70842],[106.751,26.68209],[106.73119,26.68572],[106.72305,26.68082],[106.72567,26.67447]]]}}]}