{"type":"FeatureCollection","features":[{"type":"Feature","id":"CTAMAP-2009-COUNTY-0019","properties":{"map_level":"county","source_name":"安定区","source_code":"621102","county_type":"市辖区","prefecture_name":"定西市","prefecture_code":"621100","prefecture_type":"地级市","parent_entity_id":"CNUR-000309","parent_year_end_name":"定西市","province_name":"甘肃省","province_code":"620000","snapshot_year":2009,"panel_year":2008,"link_status":"parent_linked","former_name":"定西县","note":"2003年撤销定西县，设立安定区"},"geometry":{"type":"Polygon","coordinates":[[[105.01705,35.44509],[105.01664,35.43721],[104.98928,35.42761],[104.99144,35.41461],[104.96091,35.37263],[104.9643,35.36204],[104.93476,35.35264],[104.92451,35.3131],[104.89591,35.30824],[104.88819,35.29891],[104.86602,35.31362],[104.87496,35.32407],[104.82492,35.32723],[104.82057,35.35492],[104.83002,35.37801],[104.82401,35.38747],[104.81211,35.38287],[104.78529,35.39926],[104.78363,35.3855],[104.76441,35.38539],[104.75664,35.36961],[104.73936,35.37127],[104.70349,35.35235],[104.6448,35.38574],[104.549,35.3779],[104.51861,35.34688],[104.47594,35.33162],[104.45938,35.36863],[104.44916,35.37668],[104.42662,35.37058],[104.42268,35.38405],[104.37938,35.3738],[104.36599,35.38847],[104.33895,35.38217],[104.30459,35.3581],[104.31311,35.40357],[104.3094,35.42272],[104.32348,35.43605],[104.319,35.45363],[104.30805,35.44577],[104.28746,35.44632],[104.25348,35.47035],[104.24107,35.49792],[104.21295,35.506],[104.22917,35.51933],[104.2262,35.55041],[104.23869,35.55316],[104.23374,35.56713],[104.23973,35.5783],[104.28097,35.57235],[104.28828,35.59273],[104.30639,35.60082],[104.30239,35.64414],[104.32926,35.66009],[104.31222,35.67349],[104.32468,35.72635],[104.35573,35.73984],[104.35573,35.75572],[104.36786,35.76972],[104.38133,35.76831],[104.39917,35.79537],[104.40623,35.84715],[104.41862,35.86423],[104.44468,35.87433],[104.44032,35.89598],[104.42299,35.91705],[104.43745,35.97628],[104.47955,35.99275],[104.48235,36.02186],[104.52974,36.01468],[104.55844,36.02818],[104.58215,36.02696],[104.59971,36.0426],[104.61563,36.04521],[104.62221,36.03583],[104.65907,36.04132],[104.67794,36.03396],[104.67374,36.02353],[104.6366,36.00357],[104.65377,35.98733],[104.67169,35.99006],[104.70305,35.948],[104.71061,35.95497],[104.72427,35.95301],[104.73595,35.94145],[104.73473,35.93266],[104.76668,35.91805],[104.7627,35.89022],[104.81357,35.87727],[104.81502,35.86698],[104.83022,35.8669],[104.82899,35.85453],[104.85748,35.8528],[104.86619,35.81107],[104.86201,35.79793],[104.88196,35.78822],[104.88945,35.75898],[104.89798,35.7595],[104.92546,35.73388],[104.96073,35.72937],[104.97681,35.71417],[104.99089,35.68877],[104.98298,35.67068],[104.98801,35.63179],[104.96493,35.61248],[104.95023,35.55054],[104.93379,35.54568],[104.92951,35.51027],[104.9413,35.4933],[104.96325,35.4904],[104.9726,35.4774],[104.99378,35.47259],[104.99542,35.46061],[105.01705,35.44509]]]}},{"type":"Feature","id":"CTAMAP-2009-COUNTY-0028","properties":{"map_level":"county","source_name":"安宁区","source_code":"620105","county_type":"市辖区","prefecture_name":"兰州市","prefecture_code":"620100","prefecture_type":"地级市","parent_entity_id":"CNUR-000299","parent_year_end_name":"兰州市","province_name":"甘肃省","province_code":"620000","snapshot_year":2009,"panel_year":2008,"link_status":"parent_linked","former_name":"","note":""},"geometry":{"type":"Polygon","coordinates":[[[103.78054,36.11972],[103.77708,36.11147],[103.78609,36.09549],[103.77745,36.0776],[103.72186,36.09305],[103.70818,36.08227],[103.69068,36.0885],[103.64195,36.13168],[103.61077,36.13869],[103.58887,36.1269],[103.5717,36.13834],[103.57996,36.15181],[103.5769,36.16542],[103.60171,36.17942],[103.62162,36.16167],[103.65555,36.15726],[103.66446,36.14579],[103.68302,36.15021],[103.69265,36.13696],[103.70737,36.1448],[103.73399,36.1259],[103.7719,36.12675],[103.78054,36.11972]]]}},{"type":"Feature","id":"CTAMAP-2009-COUNTY-0071","properties":{"map_level":"county","source_name":"白银区","source_code":"620402","county_type":"市辖区","prefecture_name":"白银市","prefecture_code":"620400","prefecture_type":"地级市","parent_entity_id":"CNUR-000302","parent_year_end_name":"白银市","province_name":"甘肃省","province_code":"620000","snapshot_year":2009,"panel_year":2008,"link_status":"parent_linked","former_name":"","note":""},"geometry":{"type":"Polygon","coordinates":[[[104.27871,36.73065],[104.26674,36.72107],[104.27057,36.7019],[104.29471,36.66613],[104.27809,36.64086],[104.26265,36.63482],[104.26001,36.61181],[104.28537,36.59201],[104.28696,36.58033],[104.30173,36.57373],[104.30513,36.55616],[104.33865,36.50854],[104.4024,36.46943],[104.41391,36.4364],[104.388,36.41958],[104.40206,36.39046],[104.34474,36.37541],[104.31745,36.37916],[104.31183,36.36463],[104.29469,36.35477],[104.25686,36.36261],[104.22535,36.3569],[104.21603,36.35065],[104.21591,36.33682],[104.1833,36.34321],[104.16239,36.32337],[104.1597,36.30359],[104.13856,36.29356],[104.12737,36.25091],[104.11034,36.26017],[104.11696,36.26237],[104.11386,36.27531],[104.12778,36.30267],[104.1109,36.3071],[104.10673,36.32495],[104.12609,36.33904],[104.10537,36.35239],[104.0917,36.38239],[104.08257,36.38122],[104.06357,36.39781],[104.06034,36.41184],[104.04645,36.41453],[104.04572,36.43943],[104.03801,36.44242],[104.0398,36.45712],[104.04909,36.46422],[104.03943,36.48058],[104.01395,36.49486],[104.01932,36.5214],[104.03179,36.53598],[104.02372,36.54056],[104.0259,36.55451],[104.03966,36.57305],[104.01724,36.57328],[104.00029,36.58414],[103.98732,36.57921],[103.96435,36.58963],[103.94885,36.6115],[103.95887,36.62551],[103.89654,36.67213],[103.91324,36.69334],[103.8903,36.71091],[103.91522,36.72402],[103.92819,36.71998],[103.95752,36.73947],[103.97107,36.73891],[103.97573,36.72686],[103.98729,36.7285],[103.99792,36.75347],[104.02281,36.74661],[104.05848,36.75622],[104.05757,36.76146],[104.07987,36.75889],[104.12616,36.78463],[104.18418,36.78483],[104.21776,36.77255],[104.22639,36.75988],[104.21378,36.75089],[104.21968,36.72958],[104.26312,36.73869],[104.27871,36.73065]]]}},{"type":"Feature","id":"CTAMAP-2009-COUNTY-0181","properties":{"map_level":"county","source_name":"成县","source_code":"621221","county_type":"县","prefecture_name":"陇南市","prefecture_code":"621200","prefecture_type":"地级市","parent_entity_id":"CNUR-000310","parent_year_end_name":"陇南市","province_name":"甘肃省","province_code":"620000","snapshot_year":2009,"panel_year":2008,"link_status":"parent_linked","former_name":"","note":""},"geometry":{"type":"Polygon","coordinates":[[[105.94748,33.64646],[105.95591,33.59657],[105.91828,33.55898],[105.89746,33.56599],[105.88669,33.53904],[105.83367,33.53893],[105.79581,33.57833],[105.78252,33.57005],[105.74913,33.58496],[105.75052,33.57591],[105.71641,33.56924],[105.71029,33.55199],[105.69172,33.55252],[105.69325,33.54259],[105.67625,33.5445],[105.65774,33.53561],[105.65852,33.55214],[105.63344,33.55432],[105.63629,33.5454],[105.62912,33.54233],[105.62064,33.55637],[105.5957,33.5555],[105.5555,33.56884],[105.52538,33.59916],[105.49144,33.59962],[105.46083,33.61293],[105.43559,33.63158],[105.43852,33.63794],[105.46486,33.63768],[105.44437,33.64875],[105.42352,33.63801],[105.39084,33.65438],[105.42011,33.66825],[105.40808,33.66934],[105.40715,33.67915],[105.43925,33.71394],[105.4376,33.73202],[105.4521,33.74416],[105.45037,33.77406],[105.49062,33.79809],[105.49178,33.83215],[105.48317,33.8551],[105.48867,33.87195],[105.47272,33.88604],[105.48598,33.92542],[105.51986,33.94054],[105.59807,33.94765],[105.64341,34.00204],[105.63441,34.01322],[105.67984,34.02454],[105.70813,34.04557],[105.73488,34.03832],[105.73198,34.01665],[105.75572,33.98126],[105.74493,33.94484],[105.71993,33.94017],[105.72433,33.91976],[105.70965,33.8817],[105.72031,33.87159],[105.7342,33.88537],[105.74237,33.88359],[105.75692,33.86346],[105.75134,33.85279],[105.77078,33.85067],[105.78139,33.83885],[105.77117,33.81573],[105.78633,33.80376],[105.80559,33.7983],[105.84457,33.80345],[105.88046,33.82604],[105.89482,33.77887],[105.94277,33.75383],[105.94181,33.74166],[105.92362,33.72678],[105.92582,33.70237],[105.94179,33.69624],[105.92708,33.65206],[105.94748,33.64646]]]}},{"type":"Feature","id":"CTAMAP-2009-COUNTY-0206","properties":{"map_level":"county","source_name":"崇信县","source_code":"620823","county_type":"县","prefecture_name":"平凉市","prefecture_code":"620800","prefecture_type":"地级市","parent_entity_id":"CNUR-000306","parent_year_end_name":"平凉市","province_name":"甘肃省","province_code":"620000","snapshot_year":2009,"panel_year":2008,"link_status":"parent_linked","former_name":"","note":""},"geometry":{"type":"Polygon","coordinates":[[[107.10524,35.38178],[107.10487,35.36525],[107.11757,35.36147],[107.12867,35.37502],[107.14865,35.36458],[107.17056,35.36917],[107.18547,35.3571],[107.19238,35.36058],[107.18776,35.34491],[107.20358,35.34024],[107.20063,35.32398],[107.17379,35.31831],[107.16103,35.28986],[107.17093,35.28681],[107.17395,35.27277],[107.19275,35.26826],[107.18808,35.2484],[107.21281,35.24274],[107.21424,35.22732],[107.19605,35.21333],[107.18663,35.22346],[107.14985,35.22287],[107.12167,35.20377],[107.10173,35.21818],[107.10847,35.223],[107.09409,35.24491],[107.06487,35.24041],[107.06391,35.22406],[107.07684,35.21244],[107.06852,35.20407],[107.06797,35.15963],[107.0589,35.14897],[107.02248,35.14681],[107.00511,35.10773],[107.02072,35.08324],[107.05605,35.07638],[107.05966,35.05321],[107.06712,35.04891],[107.05244,35.02646],[107.04266,35.02773],[107.04611,35.03962],[107.03593,35.04327],[107.02689,35.03069],[107.00479,35.0303],[107.00037,35.05163],[106.98073,35.06398],[106.98453,35.07158],[106.96109,35.06595],[106.9362,35.0837],[106.92132,35.07672],[106.89658,35.09648],[106.87862,35.09484],[106.87216,35.11316],[106.87919,35.12667],[106.86332,35.13476],[106.8419,35.13091],[106.83601,35.14716],[106.81648,35.16032],[106.82996,35.19189],[106.85354,35.19911],[106.83471,35.2123],[106.85068,35.23866],[106.84363,35.264],[106.82966,35.26912],[106.84417,35.27299],[106.85061,35.28663],[106.84027,35.29339],[106.8285,35.28876],[106.81611,35.3081],[106.8471,35.3317],[106.86246,35.32487],[106.86949,35.31198],[106.89321,35.32121],[106.8561,35.34478],[106.84996,35.36718],[106.85494,35.37533],[106.8764,35.36792],[106.90702,35.37797],[106.90851,35.36744],[106.92427,35.36971],[106.92298,35.39428],[106.94019,35.40382],[106.95621,35.40017],[106.96545,35.38666],[106.97814,35.39725],[106.98508,35.38641],[107.03066,35.38831],[107.06487,35.3773],[107.08251,35.38679],[107.08843,35.37917],[107.10524,35.38178]]]}},{"type":"Feature","id":"CTAMAP-2009-COUNTY-0280","properties":{"map_level":"county","source_name":"宕昌县","source_code":"621223","county_type":"县","prefecture_name":"陇南市","prefecture_code":"621200","prefecture_type":"地级市","parent_entity_id":"CNUR-000310","parent_year_end_name":"陇南市","province_name":"甘肃省","province_code":"620000","snapshot_year":2009,"panel_year":2008,"link_status":"parent_linked","former_name":"","note":""},"geometry":{"type":"Polygon","coordinates":[[[104.64005,34.22844],[104.62875,34.21879],[104.63064,34.20736],[104.62025,34.19291],[104.63339,34.16572],[104.65432,34.15571],[104.65597,34.13534],[104.69926,34.09929],[104.70684,34.07945],[104.74047,34.04447],[104.76163,33.99056],[104.77475,33.9863],[104.78454,33.99337],[104.804,33.9783],[104.78991,33.95705],[104.7934,33.94296],[104.80672,33.93252],[104.80727,33.92109],[104.79465,33.91444],[104.80168,33.89965],[104.78256,33.8977],[104.7798,33.87508],[104.74078,33.88057],[104.73948,33.82385],[104.7336,33.81239],[104.72355,33.81097],[104.72505,33.79882],[104.74399,33.79367],[104.75866,33.7749],[104.74751,33.77837],[104.71432,33.76265],[104.72546,33.74258],[104.76607,33.72522],[104.77923,33.71093],[104.7741,33.69866],[104.76052,33.69793],[104.76118,33.66419],[104.70461,33.64514],[104.73649,33.59538],[104.69756,33.56658],[104.67877,33.57678],[104.65788,33.57327],[104.63119,33.59118],[104.63373,33.60389],[104.62212,33.60603],[104.6374,33.61663],[104.62591,33.62803],[104.63575,33.64018],[104.62382,33.64602],[104.6146,33.62608],[104.58819,33.62168],[104.57432,33.60861],[104.57631,33.59132],[104.59551,33.58376],[104.58959,33.57851],[104.57996,33.57216],[104.55899,33.5876],[104.55078,33.58152],[104.56099,33.59669],[104.55192,33.6002],[104.54088,33.5924],[104.53517,33.60687],[104.52298,33.60509],[104.52875,33.613],[104.51749,33.61646],[104.54668,33.64417],[104.53517,33.65225],[104.52399,33.64287],[104.50333,33.6433],[104.49952,33.66174],[104.51254,33.66046],[104.50601,33.67676],[104.48292,33.69349],[104.48573,33.70872],[104.5169,33.7251],[104.53785,33.76136],[104.49716,33.77517],[104.45414,33.77752],[104.44155,33.79712],[104.44555,33.80793],[104.4068,33.84743],[104.3398,33.85257],[104.31672,33.88106],[104.25909,33.90598],[104.23876,33.93071],[104.20114,33.94219],[104.17759,33.96595],[104.13658,33.98911],[104.11813,33.9878],[104.10638,33.99635],[104.10454,34.01118],[104.07329,34.01411],[104.07616,34.02338],[104.06424,34.0454],[104.03702,34.04916],[104.02138,34.08121],[104.03095,34.12605],[104.05556,34.15656],[104.07194,34.19512],[104.08769,34.18963],[104.13506,34.19767],[104.14705,34.19133],[104.16749,34.20928],[104.16414,34.24778],[104.12888,34.26945],[104.10754,34.31814],[104.12723,34.32737],[104.13338,34.33912],[104.14598,34.34004],[104.14768,34.35294],[104.1823,34.35728],[104.1997,34.37659],[104.26326,34.35388],[104.26659,34.3441],[104.2762,34.35619],[104.27585,34.37196],[104.29439,34.38307],[104.3018,34.36824],[104.32795,34.38076],[104.35297,34.37055],[104.35936,34.33586],[104.38296,34.33324],[104.39564,34.3403],[104.41523,34.33392],[104.42299,34.30742],[104.43892,34.29413],[104.44195,34.27243],[104.43081,34.26171],[104.45008,34.22954],[104.48305,34.22286],[104.52347,34.19392],[104.53352,34.20694],[104.52972,34.22089],[104.54915,34.20562],[104.56138,34.20877],[104.56819,34.20237],[104.58994,34.21948],[104.59281,34.23127],[104.60275,34.22461],[104.62114,34.23732],[104.64005,34.22844]]]}},{"type":"Feature","id":"CTAMAP-2009-COUNTY-0309","properties":{"map_level":"county","source_name":"迭部县","source_code":"623024","county_type":"县","prefecture_name":"甘南藏族自治州","prefecture_code":"623000","prefecture_type":"自治州","parent_entity_id":"CNUR-000312","parent_year_end_name":"甘南藏族自治州","province_name":"甘肃省","province_code":"620000","snapshot_year":2009,"panel_year":2008,"link_status":"parent_linked","former_name":"","note":""},"geometry":{"type":"Polygon","coordinates":[[[103.71317,34.2784],[103.72411,34.28962],[103.74055,34.29212],[103.76317,34.28928],[103.76925,34.27395],[103.78162,34.26901],[103.81479,34.284],[103.83942,34.2732],[103.85594,34.27933],[103.87551,34.27201],[103.89079,34.25704],[103.90073,34.23121],[103.92637,34.21349],[103.94345,34.1888],[103.9732,34.17147],[103.98097,34.17454],[104.03095,34.12605],[104.02138,34.08121],[104.02899,34.0734],[104.02566,34.06546],[104.03702,34.04916],[104.06424,34.0454],[104.07616,34.02338],[104.07329,34.01411],[104.06371,34.01575],[104.03826,33.98982],[104.04665,33.9749],[104.02853,33.9766],[104.00736,33.96021],[103.99357,33.96489],[103.97906,33.95683],[103.94153,33.95457],[103.90417,33.93826],[103.86116,33.86264],[103.89817,33.84493],[103.91959,33.81289],[103.95297,33.80487],[103.96621,33.78912],[103.98969,33.7842],[104.06106,33.73759],[104.0557,33.71901],[104.03871,33.70874],[104.04494,33.68731],[103.96485,33.6755],[103.86277,33.68855],[103.84681,33.67938],[103.81844,33.68123],[103.79999,33.66606],[103.76337,33.65744],[103.75029,33.67217],[103.68834,33.69527],[103.68476,33.68812],[103.67428,33.6947],[103.66617,33.6875],[103.66428,33.70112],[103.64785,33.69736],[103.66662,33.71297],[103.66412,33.72125],[103.65478,33.7166],[103.6496,33.7232],[103.6445,33.71105],[103.63303,33.71022],[103.62642,33.71446],[103.63105,33.7257],[103.61899,33.72752],[103.61819,33.71732],[103.61,33.71503],[103.59686,33.71955],[103.59505,33.73137],[103.578,33.7061],[103.55954,33.7003],[103.54459,33.67327],[103.51755,33.68479],[103.54329,33.7218],[103.54726,33.74225],[103.52898,33.7512],[103.53785,33.76822],[103.5297,33.78033],[103.52969,33.80217],[103.51824,33.81178],[103.47399,33.81171],[103.46037,33.78862],[103.44129,33.77877],[103.44098,33.75831],[103.43088,33.7454],[103.38771,33.75401],[103.33779,33.74302],[103.27712,33.77488],[103.28402,33.79993],[103.26912,33.81152],[103.24435,33.81458],[103.21575,33.79385],[103.15834,33.80703],[103.15033,33.82268],[103.16439,33.85503],[103.16317,33.87027],[103.18374,33.90407],[103.16629,33.93218],[103.14917,33.92684],[103.12203,33.93527],[103.11812,33.96368],[103.15712,34.00584],[103.14539,34.03686],[103.11652,34.03637],[103.12802,34.06821],[103.14275,34.06244],[103.16909,34.0667],[103.16596,34.07745],[103.17704,34.08081],[103.14703,34.10457],[103.13292,34.10176],[103.12078,34.1124],[103.12811,34.13308],[103.11362,34.17676],[103.04826,34.19681],[103.03774,34.18626],[103.00677,34.18544],[102.97063,34.19838],[102.97171,34.24402],[102.9578,34.2616],[102.95838,34.28018],[102.94888,34.28577],[102.95688,34.29644],[102.91573,34.31289],[102.92888,34.32612],[103.03511,34.2763],[103.0838,34.27792],[103.11853,34.2685],[103.18889,34.2821],[103.21204,34.29984],[103.24518,34.28004],[103.35641,34.26707],[103.37557,34.24784],[103.40866,34.2559],[103.42763,34.29627],[103.43912,34.30313],[103.4381,34.31647],[103.4547,34.31879],[103.50328,34.29891],[103.47878,34.28106],[103.49495,34.27019],[103.45566,34.25152],[103.47312,34.23341],[103.4709,34.22275],[103.49278,34.21101],[103.54909,34.23016],[103.57678,34.22578],[103.5931,34.2322],[103.6548,34.21506],[103.65595,34.23834],[103.67229,34.23567],[103.69946,34.2498],[103.7065,34.26873],[103.71616,34.27235],[103.71317,34.2784]]]}},{"type":"Feature","id":"CTAMAP-2009-COUNTY-0356","properties":{"map_level":"county","source_name":"东乡族自治县","source_code":"622926","county_type":"自治县","prefecture_name":"临夏回族自治州","prefecture_code":"622900","prefecture_type":"自治州","parent_entity_id":"CNUR-000311","parent_year_end_name":"临夏回族自治州","province_name":"甘肃省","province_code":"620000","snapshot_year":2009,"panel_year":2008,"link_status":"parent_linked","former_name":"","note":""},"geometry":{"type":"MultiPolygon","coordinates":[[[[103.46608,35.87937],[103.51345,35.85321],[103.54923,35.80303],[103.56637,35.80907],[103.5668,35.79844],[103.59421,35.77751],[103.59613,35.7542],[103.62134,35.75306],[103.62507,35.73981],[103.6413,35.73031],[103.6449,35.71312],[103.72645,35.65599],[103.74463,35.63501],[103.70729,35.59509],[103.71807,35.55219],[103.6734,35.54194],[103.66371,35.55555],[103.66069,35.53771],[103.64008,35.5315],[103.62957,35.53947],[103.62448,35.52821],[103.61111,35.52312],[103.54667,35.51106],[103.54169,35.49828],[103.49909,35.5097],[103.46814,35.50646],[103.46228,35.51317],[103.45413,35.49942],[103.43917,35.49851],[103.42828,35.51351],[103.43505,35.5312],[103.38557,35.52185],[103.37118,35.51096],[103.35159,35.5176],[103.30627,35.50971],[103.29386,35.49449],[103.28373,35.50642],[103.29163,35.51807],[103.27329,35.52517],[103.29546,35.5572],[103.28518,35.56399],[103.27215,35.56036],[103.28093,35.56963],[103.26693,35.61111],[103.28079,35.63315],[103.26076,35.63658],[103.25389,35.65474],[103.27231,35.68923],[103.2421,35.70789],[103.24061,35.71852],[103.22394,35.72185],[103.21009,35.74408],[103.19714,35.74668],[103.16375,35.8111],[103.22485,35.85237],[103.30052,35.87248],[103.31082,35.89785],[103.34757,35.9242],[103.35271,35.91356],[103.39495,35.92745],[103.4226,35.91883],[103.46608,35.87937]]],[[[103.4883,35.50686],[103.50194,35.50198],[103.49883,35.49397],[103.48015,35.49939],[103.4883,35.50686]]]]}},{"type":"Feature","id":"CTAMAP-2009-COUNTY-0493","properties":{"map_level":"county","source_name":"甘谷县","source_code":"620523","county_type":"县","prefecture_name":"天水市","prefecture_code":"620500","prefecture_type":"地级市","parent_entity_id":"CNUR-000303","parent_year_end_name":"天水市","province_name":"甘肃省","province_code":"620000","snapshot_year":2009,"panel_year":2008,"link_status":"parent_linked","former_name":"","note":""},"geometry":{"type":"Polygon","coordinates":[[[105.33356,35.04651],[105.32686,35.04384],[105.33453,35.0344],[105.3493,35.03111],[105.34172,35.00692],[105.34618,34.9947],[105.35484,34.99328],[105.3575,35.00576],[105.36458,34.98958],[105.38223,34.9944],[105.38807,34.99872],[105.38356,35.00876],[105.3951,35.01684],[105.39975,35.00339],[105.44268,35.00125],[105.45397,34.99152],[105.45018,34.95092],[105.48134,34.93377],[105.47831,34.90944],[105.49868,34.89725],[105.49406,34.88799],[105.48404,34.89218],[105.48135,34.87804],[105.49101,34.87376],[105.48772,34.85655],[105.49795,34.82922],[105.525,34.80415],[105.50106,34.80219],[105.49903,34.76117],[105.47664,34.74637],[105.47613,34.7245],[105.45336,34.73107],[105.44315,34.71312],[105.44349,34.69213],[105.42643,34.66762],[105.41691,34.66406],[105.41221,34.67398],[105.3984,34.67243],[105.39244,34.68095],[105.36976,34.65513],[105.3197,34.64629],[105.28876,34.61738],[105.2837,34.60117],[105.26606,34.59073],[105.23415,34.5898],[105.21795,34.56941],[105.22807,34.55749],[105.21567,34.54576],[105.21927,34.52893],[105.20852,34.52152],[105.14207,34.52643],[105.13134,34.562],[105.13949,34.58519],[105.1232,34.58712],[105.10187,34.60749],[105.11271,34.62007],[105.10513,34.62391],[105.11961,34.63954],[105.10288,34.65194],[105.09138,34.67652],[105.06603,34.68956],[105.07304,34.70581],[105.06152,34.74713],[105.07858,34.75645],[105.07778,34.76607],[105.04989,34.77495],[105.06968,34.81268],[105.12162,34.84071],[105.10776,34.85555],[105.07552,34.84759],[105.06648,34.8532],[105.07084,34.86746],[105.06418,34.87333],[105.04805,34.86655],[105.0424,34.85196],[105.03614,34.85436],[105.02375,34.87338],[105.02578,34.89134],[105.00646,34.88364],[105.01684,34.91404],[104.99358,34.91993],[104.98069,34.91196],[104.9757,34.91855],[104.99132,34.94001],[105.00386,34.94027],[105.00569,34.92808],[105.02627,34.92227],[105.04984,34.94182],[105.0568,34.93963],[105.07394,34.95579],[105.06315,34.97308],[105.05156,34.97694],[105.06262,34.98373],[105.078,34.97343],[105.13396,34.97182],[105.14683,34.96],[105.16146,34.97222],[105.17598,34.97005],[105.19012,34.95478],[105.18949,34.93794],[105.21323,34.93281],[105.22211,34.94483],[105.25085,34.95791],[105.26102,34.98156],[105.25401,34.99814],[105.23845,35.00687],[105.24164,35.01525],[105.27009,35.03626],[105.28467,35.0216],[105.27494,35.01616],[105.29489,35.01176],[105.29906,35.02653],[105.29052,35.05062],[105.31588,35.03918],[105.32072,35.04815],[105.33356,35.04651]]]}},{"type":"Feature","id":"CTAMAP-2009-COUNTY-0498","properties":{"map_level":"county","source_name":"甘州区","source_code":"620702","county_type":"市辖区","prefecture_name":"张掖市","prefecture_code":"620700","prefecture_type":"地级市","parent_entity_id":"CNUR-000305","parent_year_end_name":"张掖市","province_name":"甘肃省","province_code":"620000","snapshot_year":2009,"panel_year":2008,"link_status":"parent_linked","former_name":"张掖市","note":"2002年撤销张掖市，设立甘州区"},"geometry":{"type":"Polygon","coordinates":[[[100.84531,39.01743],[100.84676,38.9869],[100.83559,38.98642],[100.71976,38.87978],[100.71786,38.87397],[100.73582,38.8661],[100.71694,38.83401],[100.68752,38.80556],[100.69046,38.79369],[100.63297,38.76245],[100.60637,38.73307],[100.5259,38.73311],[100.5218,38.70759],[100.49947,38.6896],[100.50318,38.6713],[100.51266,38.66892],[100.50748,38.65667],[100.51806,38.6589],[100.50995,38.63161],[100.45511,38.58322],[100.38516,38.54437],[100.38431,38.55739],[100.37097,38.5615],[100.35949,38.57923],[100.36534,38.5908],[100.32075,38.60495],[100.31538,38.61254],[100.3216,38.61845],[100.30177,38.62851],[100.2947,38.64647],[100.30179,38.65796],[100.29062,38.66054],[100.28829,38.66962],[100.2457,38.67282],[100.24109,38.70086],[100.19461,38.70564],[100.17638,38.71576],[100.18785,38.75572],[100.17715,38.78043],[100.16257,38.78389],[100.15146,38.80672],[100.16276,38.81342],[100.15212,38.83367],[100.12079,38.86399],[100.14402,38.92597],[100.11414,38.93737],[100.10649,38.97247],[100.09694,38.98309],[100.10651,38.9914],[100.22741,38.99574],[100.22852,39.01775],[100.21234,39.06368],[100.19212,39.08366],[100.19704,39.10039],[100.18162,39.10701],[100.19105,39.14156],[100.2234,39.16601],[100.21574,39.20037],[100.22078,39.21248],[100.26623,39.21007],[100.28276,39.18095],[100.3063,39.1758],[100.32732,39.15895],[100.38662,39.14609],[100.40064,39.12619],[100.44176,39.14968],[100.4355,39.18252],[100.45148,39.18856],[100.46345,39.22499],[100.47707,39.23078],[100.49548,39.27746],[100.502,39.3159],[100.49681,39.39984],[100.60721,39.38747],[100.70808,39.40439],[100.82975,39.40408],[100.83882,39.19964],[100.8463,39.19411],[100.84427,39.17628],[100.86648,39.10965],[100.82676,39.07283],[100.82876,39.02762],[100.84531,39.01743]]]}},{"type":"Feature","id":"CTAMAP-2009-COUNTY-0509","properties":{"map_level":"county","source_name":"皋兰县","source_code":"620122","county_type":"县","prefecture_name":"兰州市","prefecture_code":"620100","prefecture_type":"地级市","parent_entity_id":"CNUR-000299","parent_year_end_name":"兰州市","province_name":"甘肃省","province_code":"620000","snapshot_year":2009,"panel_year":2008,"link_status":"parent_linked","former_name":"","note":""},"geometry":{"type":"Polygon","coordinates":[[[103.9324,36.72416],[103.89047,36.71121],[103.91324,36.69334],[103.89641,36.67239],[103.95887,36.62551],[103.94885,36.6115],[103.9712,36.5847],[104.03966,36.57305],[104.0259,36.55451],[104.02372,36.54056],[104.03179,36.53598],[104.01932,36.5214],[104.01414,36.49433],[104.03943,36.48058],[104.04909,36.46422],[104.0398,36.45712],[104.03801,36.44242],[104.04572,36.43943],[104.04645,36.41453],[104.06034,36.41184],[104.06357,36.39781],[104.08257,36.38122],[104.0917,36.38239],[104.10537,36.35239],[104.12622,36.33873],[104.10675,36.32528],[104.1109,36.3071],[104.12778,36.30267],[104.11386,36.27531],[104.11696,36.26237],[104.11042,36.26001],[104.14564,36.24672],[104.15315,36.25947],[104.18137,36.26111],[104.17877,36.2428],[104.19298,36.21699],[104.20824,36.21229],[104.20813,36.20505],[104.22244,36.20584],[104.22807,36.19177],[104.20685,36.181],[104.21128,36.17195],[104.19885,36.14532],[104.1913,36.15169],[104.1728,36.13355],[104.16426,36.13574],[104.14518,36.11126],[104.14132,36.12213],[104.13544,36.09699],[104.11475,36.09591],[104.10123,36.10032],[104.10343,36.10784],[104.08267,36.11275],[104.04549,36.10394],[104.01945,36.08737],[103.99881,36.1079],[103.98255,36.09884],[103.96504,36.10505],[103.94269,36.09479],[103.94193,36.13227],[103.90368,36.15386],[103.88332,36.15346],[103.90596,36.14743],[103.87976,36.1104],[103.86747,36.1133],[103.86011,36.13983],[103.83709,36.15965],[103.82882,36.1585],[103.81989,36.13715],[103.82209,36.11914],[103.80331,36.11746],[103.7985,36.1482],[103.78547,36.14494],[103.79186,36.13631],[103.78302,36.11899],[103.7719,36.12675],[103.73399,36.1259],[103.70737,36.1448],[103.69265,36.13696],[103.68302,36.15021],[103.66446,36.14579],[103.65555,36.15726],[103.62162,36.16167],[103.60171,36.17942],[103.57458,36.16444],[103.58233,36.17376],[103.55135,36.21303],[103.55892,36.21535],[103.55048,36.22846],[103.59027,36.22917],[103.59407,36.24803],[103.61545,36.25186],[103.61165,36.26594],[103.62287,36.27161],[103.61089,36.27391],[103.60887,36.28769],[103.67437,36.29807],[103.67605,36.3138],[103.69329,36.33215],[103.68223,36.34664],[103.69751,36.35545],[103.70248,36.38339],[103.72621,36.40025],[103.71777,36.41756],[103.73524,36.4385],[103.72486,36.46632],[103.69668,36.48666],[103.70542,36.51151],[103.66179,36.54784],[103.66251,36.56875],[103.67747,36.57403],[103.67878,36.58169],[103.67891,36.59442],[103.66813,36.59956],[103.66959,36.62925],[103.72906,36.62955],[103.74526,36.63854],[103.76401,36.68087],[103.76449,36.69123],[103.71928,36.72556],[103.71242,36.78216],[103.70534,36.78483],[103.72823,36.80524],[103.79816,36.79086],[103.79382,36.80452],[103.75935,36.82808],[103.75535,36.8445],[103.76753,36.85331],[103.78724,36.82935],[103.81233,36.8234],[103.81305,36.80507],[103.82338,36.79842],[103.83601,36.81479],[103.85596,36.80378],[103.90041,36.80428],[103.90322,36.79226],[103.88773,36.78025],[103.89426,36.77048],[103.9079,36.77381],[103.91893,36.76635],[103.92036,36.7521],[103.94047,36.74754],[103.9324,36.72416]]]}},{"type":"Feature","id":"CTAMAP-2009-COUNTY-0521","properties":{"map_level":"county","source_name":"高台县","source_code":"620724","county_type":"县","prefecture_name":"张掖市","prefecture_code":"620700","prefecture_type":"地级市","parent_entity_id":"CNUR-000305","parent_year_end_name":"张掖市","province_name":"甘肃省","province_code":"620000","snapshot_year":2009,"panel_year":2008,"link_status":"parent_linked","former_name":"","note":""},"geometry":{"type":"Polygon","coordinates":[[[100.11428,39.70482],[100.11226,39.68116],[100.05062,39.65251],[100.00478,39.64054],[100.00296,39.6292],[99.94987,39.57645],[99.95725,39.54528],[99.937,39.36726],[99.96158,39.35782],[99.91836,39.34748],[99.92978,39.34525],[99.93969,39.32041],[99.96938,39.30247],[99.92497,39.2916],[99.9273,39.26704],[99.94325,39.25264],[99.85653,39.16907],[99.82086,39.18768],[99.77501,39.19273],[99.75693,39.2144],[99.70675,39.24212],[99.67946,39.23606],[99.575,39.25626],[99.54975,39.25092],[99.54404,39.16146],[99.53259,39.17092],[99.48118,39.09688],[99.46065,39.11267],[99.42046,39.11315],[99.42031,39.09595],[99.43111,39.08331],[99.33269,39.07172],[99.32874,39.08485],[99.27484,39.1146],[99.26309,39.14503],[99.24068,39.15663],[99.19054,39.15402],[99.17223,39.16965],[99.21056,39.21571],[99.20886,39.25283],[99.19367,39.2758],[99.19599,39.28451],[99.28754,39.29101],[99.30322,39.34894],[99.23689,39.45931],[99.39259,39.35652],[99.4227,39.34691],[99.4917,39.38987],[99.56625,39.39644],[99.56593,39.45351],[99.55395,39.51462],[99.52026,39.60867],[99.4977,39.64622],[99.42841,39.64746],[99.37548,39.66218],[99.36741,39.63811],[99.3326,39.62813],[99.19943,39.67137],[99.15648,39.71139],[99.06554,39.72172],[98.95844,39.77933],[98.98386,39.83042],[99.02704,39.85512],[99.06909,39.85025],[99.08054,39.83955],[99.10354,39.84099],[99.14088,39.79561],[99.19474,39.80477],[99.22822,39.85107],[99.2377,39.84945],[99.24678,39.8331],[99.32314,39.84572],[99.39004,39.88004],[99.43796,39.88413],[99.46041,39.87523],[99.67773,39.88833],[99.82023,39.86221],[99.90372,39.78739],[99.96456,39.76692],[100.03492,39.75542],[100.11428,39.70482]]]}},{"type":"Feature","id":"CTAMAP-2009-COUNTY-0554","properties":{"map_level":"county","source_name":"古浪县","source_code":"620622","county_type":"县","prefecture_name":"武威市","prefecture_code":"620600","prefecture_type":"地级市","parent_entity_id":"CNUR-000304","parent_year_end_name":"武威市","province_name":"甘肃省","province_code":"620000","snapshot_year":2009,"panel_year":2008,"link_status":"parent_linked","former_name":"","note":""},"geometry":{"type":"Polygon","coordinates":[[[103.86724,37.60661],[103.8398,37.63195],[103.81737,37.60724],[103.78698,37.59146],[103.75607,37.53772],[103.7536,37.51778],[103.77822,37.48835],[103.76075,37.44887],[103.76739,37.42853],[103.74488,37.42329],[103.72848,37.39281],[103.73248,37.37775],[103.76765,37.35593],[103.76097,37.3398],[103.77487,37.32604],[103.76067,37.30004],[103.75401,37.31132],[103.74477,37.30766],[103.75579,37.27578],[103.73976,37.28295],[103.71969,37.25909],[103.74428,37.24291],[103.72535,37.22913],[103.68544,37.23476],[103.65259,37.16025],[103.65003,37.13456],[103.64062,37.12796],[103.53444,37.13814],[103.52232,37.14501],[103.52113,37.15653],[103.53964,37.17734],[103.52469,37.19356],[103.49068,37.19467],[103.48926,37.18001],[103.47886,37.17785],[103.46636,37.19057],[103.47255,37.19983],[103.46253,37.19951],[103.45293,37.21058],[103.43765,37.20363],[103.39246,37.20816],[103.37489,37.22418],[103.37043,37.24585],[103.3217,37.2593],[103.3085,37.25477],[103.28962,37.26755],[103.27861,37.26426],[103.24258,37.29422],[103.26559,37.3282],[103.24002,37.33414],[103.19157,37.37515],[103.14698,37.3668],[103.1058,37.33072],[103.08086,37.33271],[103.06441,37.34386],[103.0242,37.34341],[103.01733,37.33774],[103.0221,37.33052],[103.00181,37.34031],[102.9761,37.34105],[102.9484,37.32118],[102.93406,37.32676],[102.92888,37.30328],[102.93957,37.28817],[102.95596,37.28139],[102.96132,37.26685],[102.90881,37.26859],[102.89394,37.24661],[102.85656,37.2789],[102.8408,37.32348],[102.8025,37.31739],[102.78568,37.32196],[102.80405,37.34253],[102.8239,37.34843],[102.82758,37.36307],[102.84473,37.37204],[102.8421,37.38061],[102.81735,37.38319],[102.79355,37.37179],[102.75773,37.36955],[102.73542,37.37903],[102.71909,37.37023],[102.72444,37.39129],[102.75433,37.42275],[102.7474,37.44482],[102.76028,37.45896],[102.75572,37.47228],[102.76479,37.49352],[102.85774,37.60755],[102.86851,37.61156],[102.8639,37.62853],[102.88291,37.6581],[102.93302,37.67077],[102.94296,37.68092],[102.9823,37.67706],[102.99271,37.7034],[102.97437,37.71171],[102.98371,37.71717],[102.96381,37.73596],[102.96216,37.75843],[103.05899,37.77151],[103.38786,37.91651],[103.3975,37.86144],[103.67169,37.78499],[103.83766,37.64727],[103.86724,37.60661]]]}},{"type":"Feature","id":"CTAMAP-2009-COUNTY-0582","properties":{"map_level":"county","source_name":"广河县","source_code":"622924","county_type":"县","prefecture_name":"临夏回族自治州","prefecture_code":"622900","prefecture_type":"自治州","parent_entity_id":"CNUR-000311","parent_year_end_name":"临夏回族自治州","province_name":"甘肃省","province_code":"620000","snapshot_year":2009,"panel_year":2008,"link_status":"parent_linked","former_name":"","note":""},"geometry":{"type":"Polygon","coordinates":[[[103.82095,35.44333],[103.77089,35.43287],[103.74882,35.45092],[103.69334,35.45051],[103.63304,35.44108],[103.55717,35.41253],[103.47084,35.34108],[103.44328,35.29313],[103.42842,35.28258],[103.41662,35.33018],[103.4396,35.38804],[103.42623,35.40113],[103.41405,35.39615],[103.40635,35.41633],[103.39633,35.41187],[103.40296,35.45426],[103.38384,35.45741],[103.43074,35.45912],[103.43786,35.47477],[103.44767,35.47671],[103.43501,35.49639],[103.45413,35.49942],[103.45909,35.51236],[103.54169,35.49828],[103.54667,35.51106],[103.61111,35.52312],[103.62448,35.52821],[103.62957,35.53947],[103.64008,35.5315],[103.66069,35.53771],[103.66371,35.55555],[103.6734,35.54194],[103.69625,35.55174],[103.71382,35.54925],[103.71879,35.56301],[103.70729,35.59509],[103.74463,35.63501],[103.77422,35.61347],[103.78671,35.56704],[103.80647,35.53632],[103.82807,35.52197],[103.83524,35.50019],[103.85752,35.49894],[103.82095,35.44333]],[[103.4883,35.50686],[103.48015,35.49939],[103.49883,35.49397],[103.50194,35.50198],[103.4883,35.50686]]]}},{"type":"Feature","id":"CTAMAP-2009-COUNTY-0641","properties":{"map_level":"county","source_name":"合水县","source_code":"621024","county_type":"县","prefecture_name":"庆阳市","prefecture_code":"621000","prefecture_type":"地级市","parent_entity_id":"CNUR-000308","parent_year_end_name":"庆阳市","province_name":"甘肃省","province_code":"620000","snapshot_year":2009,"panel_year":2008,"link_status":"parent_linked","former_name":"","note":""},"geometry":{"type":"Polygon","coordinates":[[[108.64588,36.38471],[108.63641,36.3585],[108.6367,36.31158],[108.65057,36.27397],[108.6454,36.24265],[108.65458,36.21371],[108.70901,36.1432],[108.69202,36.11794],[108.70362,36.10967],[108.67863,36.08346],[108.6749,36.05179],[108.68207,36.02124],[108.65707,35.99245],[108.64659,35.94401],[108.63358,35.9473],[108.62388,35.93636],[108.58151,35.95023],[108.55733,35.93304],[108.55848,35.91903],[108.51768,35.90643],[108.49668,35.88593],[108.49272,35.87284],[108.50138,35.86697],[108.49601,35.86093],[108.36616,35.85371],[108.36079,35.82869],[108.34505,35.81373],[108.24327,35.84285],[108.22906,35.81583],[108.18263,35.83238],[108.16612,35.79525],[108.15994,35.80383],[108.13353,35.79395],[108.1246,35.7729],[108.1499,35.73199],[108.14487,35.71485],[108.11996,35.71577],[108.11433,35.67513],[108.08119,35.65331],[108.02694,35.63338],[108.0044,35.6406],[108.00057,35.67901],[107.99042,35.68089],[107.9892,35.67085],[107.97927,35.68239],[107.94334,35.68757],[107.91598,35.67583],[107.87101,35.70958],[107.84307,35.77381],[107.85953,35.78076],[107.84382,35.79894],[107.86878,35.82765],[107.86065,35.83988],[107.88324,35.85099],[107.90463,35.8799],[107.96431,35.87532],[107.94955,35.88684],[107.94421,35.93135],[107.97664,35.93839],[107.9732,35.94946],[107.98352,35.96498],[107.99285,35.97614],[108.00302,35.97366],[108.02253,36.01048],[108.01829,36.03118],[108.06733,36.04774],[108.06995,36.06021],[108.05544,36.0654],[108.04489,36.08733],[108.04989,36.09426],[108.09631,36.08851],[108.079,36.10852],[108.09235,36.11523],[108.0769,36.13932],[108.11766,36.16177],[108.14688,36.16577],[108.1616,36.19762],[108.19381,36.23413],[108.24093,36.21362],[108.26547,36.17169],[108.30893,36.15097],[108.32066,36.13118],[108.33762,36.12986],[108.35601,36.14832],[108.38028,36.14741],[108.39131,36.15346],[108.43301,36.22508],[108.49778,36.25441],[108.5021,36.28491],[108.52946,36.33356],[108.53544,36.38538],[108.55949,36.43333],[108.59539,36.42734],[108.61054,36.43854],[108.64588,36.38471]]]}},{"type":"Feature","id":"CTAMAP-2009-COUNTY-0643","properties":{"map_level":"county","source_name":"合作市","source_code":"623001","county_type":"县级市","prefecture_name":"甘南藏族自治州","prefecture_code":"623000","prefecture_type":"自治州","parent_entity_id":"CNUR-000312","parent_year_end_name":"甘南藏族自治州","province_name":"甘肃省","province_code":"620000","snapshot_year":2009,"panel_year":2008,"link_status":"parent_linked","former_name":"","note":""},"geometry":{"type":"Polygon","coordinates":[[[103.08401,35.27396],[103.09671,35.24656],[103.14597,35.22784],[103.20894,35.2371],[103.26752,35.2334],[103.29577,35.18352],[103.35814,35.14389],[103.39422,35.14164],[103.40113,35.11929],[103.39627,35.11473],[103.38049,35.11672],[103.37933,35.12694],[103.36703,35.1355],[103.34822,35.13471],[103.3622,35.1256],[103.3771,35.09895],[103.37535,35.08423],[103.40018,35.06494],[103.38512,35.04048],[103.39201,35.02778],[103.38389,35.00617],[103.34391,35.00126],[103.3578,34.98223],[103.31628,34.94783],[103.24588,34.90894],[103.21231,34.87747],[103.21356,34.86879],[103.16372,34.8906],[103.14077,34.88558],[103.11238,34.89487],[103.10397,34.88936],[103.06801,34.89517],[103.05674,34.87831],[103.02952,34.88345],[103.04426,34.85997],[103.07264,34.84495],[103.08552,34.82611],[103.10987,34.82737],[103.12473,34.81957],[103.1355,34.78807],[103.13086,34.76662],[103.15524,34.74685],[103.13781,34.73306],[103.09143,34.73322],[103.0789,34.72576],[103.08486,34.70097],[103.08034,34.6861],[103.04111,34.63115],[103.02493,34.62765],[103.02122,34.60879],[102.97048,34.58668],[102.95117,34.60873],[102.95308,34.63075],[102.93482,34.63947],[102.93802,34.66687],[102.90877,34.67738],[102.89971,34.6865],[102.90117,34.70266],[102.89085,34.7024],[102.90776,34.72401],[102.91299,34.74874],[102.93341,34.76052],[102.94206,34.77694],[102.92939,34.82662],[102.93918,34.84568],[102.93421,34.85758],[102.90216,34.85956],[102.8954,34.87031],[102.89915,34.88181],[102.88949,34.88862],[102.83452,34.8955],[102.81711,34.91627],[102.7978,34.92089],[102.80267,34.94543],[102.79627,34.96052],[102.80936,34.97132],[102.8511,34.97731],[102.85114,34.99665],[102.83966,35.00109],[102.84281,35.02354],[102.87951,35.05058],[102.8551,35.08513],[102.8626,35.10862],[102.8518,35.12749],[102.86653,35.1441],[102.89463,35.14403],[102.91869,35.16324],[102.9406,35.16778],[102.96208,35.19749],[102.97585,35.23908],[102.9702,35.25162],[102.98667,35.28253],[102.9957,35.28817],[103.04922,35.27013],[103.08401,35.27396]]]}},{"type":"Feature","id":"CTAMAP-2009-COUNTY-0654","properties":{"map_level":"county","source_name":"和政县","source_code":"622925","county_type":"县","prefecture_name":"临夏回族自治州","prefecture_code":"622900","prefecture_type":"自治州","parent_entity_id":"CNUR-000311","parent_year_end_name":"临夏回族自治州","province_name":"甘肃省","province_code":"620000","snapshot_year":2009,"panel_year":2008,"link_status":"parent_linked","former_name":"","note":""},"geometry":{"type":"Polygon","coordinates":[[[103.42828,35.51351],[103.44767,35.47671],[103.43786,35.47477],[103.43074,35.45912],[103.38384,35.45741],[103.40296,35.45426],[103.39633,35.41187],[103.40635,35.41633],[103.41405,35.39615],[103.42623,35.40113],[103.4396,35.38804],[103.42858,35.3487],[103.41846,35.34421],[103.41675,35.31944],[103.42894,35.28717],[103.42167,35.26557],[103.42908,35.25872],[103.45475,35.25844],[103.46678,35.23747],[103.50259,35.2345],[103.52199,35.24514],[103.50778,35.23325],[103.52832,35.22273],[103.55661,35.22254],[103.56375,35.19406],[103.57219,35.20242],[103.58762,35.20115],[103.58785,35.18327],[103.60029,35.19286],[103.60805,35.18291],[103.63515,35.18099],[103.6232,35.16424],[103.64193,35.12748],[103.63796,35.11692],[103.6492,35.11011],[103.66032,35.07583],[103.69488,35.06256],[103.70318,35.04313],[103.6535,35.06407],[103.60724,35.10411],[103.58708,35.10766],[103.51884,35.14544],[103.48958,35.14663],[103.48559,35.12529],[103.40855,35.14337],[103.35814,35.14389],[103.29577,35.18352],[103.25986,35.23761],[103.14597,35.22784],[103.0941,35.24971],[103.08401,35.27396],[103.09822,35.29358],[103.10081,35.33763],[103.1269,35.36666],[103.11741,35.39189],[103.15696,35.42425],[103.16198,35.44374],[103.14815,35.45827],[103.16943,35.49338],[103.1901,35.49175],[103.19774,35.50149],[103.25353,35.51427],[103.26473,35.4998],[103.28373,35.50642],[103.29589,35.49468],[103.30627,35.50971],[103.35159,35.5176],[103.37118,35.51096],[103.38557,35.52185],[103.43505,35.5312],[103.42828,35.51351]]]}},{"type":"Feature","id":"CTAMAP-2009-COUNTY-0684","properties":{"map_level":"county","source_name":"红古区","source_code":"620111","county_type":"市辖区","prefecture_name":"兰州市","prefecture_code":"620100","prefecture_type":"地级市","parent_entity_id":"CNUR-000299","parent_year_end_name":"兰州市","province_name":"甘肃省","province_code":"620000","snapshot_year":2009,"panel_year":2008,"link_status":"parent_linked","former_name":"","note":""},"geometry":{"type":"Polygon","coordinates":[[[103.37023,36.22076],[103.36307,36.20739],[103.36799,36.17079],[103.3568,36.14526],[103.33526,36.13309],[103.31873,36.13823],[103.31147,36.15174],[103.25836,36.14627],[103.25638,36.15919],[103.22971,36.16034],[103.2278,36.16858],[103.20235,36.16807],[103.19039,36.18024],[103.16489,36.17549],[103.15636,36.1888],[103.12166,36.19514],[103.10829,36.22111],[103.09605,36.20833],[103.0689,36.20708],[103.06271,36.2192],[103.01925,36.23214],[103.02209,36.25716],[102.99073,36.26405],[102.96895,36.28406],[102.92099,36.29892],[102.89506,36.33246],[102.8576,36.33088],[102.8366,36.34091],[102.82782,36.36676],[102.84868,36.37482],[102.84491,36.3911],[102.8585,36.39683],[102.85821,36.41559],[102.87086,36.43061],[102.86653,36.47017],[102.90917,36.45705],[102.94102,36.46814],[102.94982,36.46277],[102.9524,36.43981],[102.9599,36.43721],[102.93194,36.40864],[102.92338,36.41902],[102.91433,36.4177],[102.90625,36.39322],[102.92329,36.36906],[102.92573,36.34759],[102.9487,36.34645],[102.95813,36.33907],[102.95574,36.33148],[102.98157,36.32667],[103.00202,36.33655],[103.04142,36.32057],[103.04261,36.30927],[103.05356,36.30202],[103.10116,36.3213],[103.13573,36.30129],[103.15104,36.345],[103.18003,36.35288],[103.21147,36.38097],[103.22561,36.33613],[103.20423,36.29927],[103.2126,36.26089],[103.20209,36.2518],[103.20328,36.23283],[103.2416,36.21825],[103.28193,36.22875],[103.28504,36.23756],[103.31516,36.2486],[103.33405,36.24636],[103.37023,36.22076]]]}},{"type":"Feature","id":"CTAMAP-2009-COUNTY-0716","properties":{"map_level":"county","source_name":"华池县","source_code":"621023","county_type":"县","prefecture_name":"庆阳市","prefecture_code":"621000","prefecture_type":"地级市","parent_entity_id":"CNUR-000308","parent_year_end_name":"庆阳市","province_name":"甘肃省","province_code":"620000","snapshot_year":2009,"panel_year":2008,"link_status":"parent_linked","former_name":"","note":""},"geometry":{"type":"Polygon","coordinates":[[[107.49709,36.85528],[107.53163,36.84565],[107.52476,36.8406],[107.54103,36.82377],[107.54264,36.83574],[107.55633,36.83049],[107.58949,36.83496],[107.62766,36.81786],[107.66178,36.83075],[107.68421,36.82404],[107.68445,36.81388],[107.70055,36.8038],[107.71635,36.80217],[107.73251,36.81251],[107.79995,36.77889],[107.81544,36.7767],[107.82851,36.78468],[107.86015,36.76688],[107.87713,36.74727],[107.90089,36.74518],[107.92254,36.71052],[107.93474,36.70461],[107.9342,36.65558],[107.96943,36.66665],[107.98053,36.65191],[107.98122,36.67506],[108.00725,36.68133],[108.02081,36.66133],[108.01724,36.64697],[107.99647,36.64511],[107.99871,36.63398],[108.05337,36.59429],[108.06741,36.61255],[108.06984,36.59963],[108.07887,36.61409],[108.08761,36.60342],[108.08828,36.58363],[108.11189,36.59218],[108.11651,36.57634],[108.13321,36.5815],[108.13352,36.56339],[108.15407,36.55981],[108.19406,36.62575],[108.20144,36.63306],[108.21654,36.63156],[108.20202,36.60685],[108.20432,36.57385],[108.23983,36.56996],[108.25493,36.54689],[108.26334,36.56815],[108.28389,36.5527],[108.2919,36.56743],[108.31734,36.55672],[108.34467,36.55584],[108.3587,36.52636],[108.38835,36.49959],[108.40054,36.47453],[108.39633,36.44629],[108.49119,36.42126],[108.51012,36.44574],[108.5029,36.46233],[108.50665,36.47483],[108.55978,36.42936],[108.53544,36.38538],[108.52946,36.33356],[108.5021,36.28491],[108.49778,36.25441],[108.43866,36.22982],[108.39073,36.15278],[108.35601,36.14832],[108.33762,36.12986],[108.32066,36.13118],[108.30893,36.15097],[108.26547,36.17169],[108.24093,36.21362],[108.19445,36.23413],[108.16337,36.20019],[108.14688,36.16577],[108.11766,36.16177],[108.07696,36.13921],[108.06491,36.13943],[108.05506,36.15794],[108.04454,36.15917],[108.02219,36.13613],[108.00728,36.13808],[107.97728,36.17991],[107.9622,36.17131],[107.9297,36.19951],[107.9046,36.18554],[107.88678,36.20199],[107.87811,36.23513],[107.86833,36.23524],[107.86395,36.22678],[107.86422,36.2373],[107.85469,36.24092],[107.84933,36.23163],[107.83455,36.25634],[107.82229,36.24377],[107.82659,36.21494],[107.84861,36.21494],[107.84388,36.2049],[107.81076,36.19524],[107.79747,36.19975],[107.79438,36.18815],[107.78432,36.19263],[107.78032,36.18112],[107.75573,36.17915],[107.75833,36.16941],[107.75108,36.16669],[107.73389,36.17079],[107.7381,36.19227],[107.71926,36.2073],[107.73596,36.21499],[107.74179,36.23243],[107.71691,36.2462],[107.7264,36.25698],[107.68467,36.27421],[107.67267,36.29903],[107.66043,36.30593],[107.68697,36.34099],[107.66521,36.42054],[107.64511,36.42321],[107.64931,36.43757],[107.66951,36.44346],[107.68348,36.43787],[107.6784,36.45295],[107.69104,36.48],[107.72,36.47752],[107.72883,36.49162],[107.74338,36.49105],[107.73624,36.50423],[107.74007,36.52496],[107.7229,36.5273],[107.71918,36.52091],[107.70015,36.53052],[107.69716,36.53738],[107.72285,36.54549],[107.72525,36.5575],[107.69919,36.57055],[107.68939,36.56499],[107.66541,36.5729],[107.65672,36.60109],[107.6605,36.61759],[107.63936,36.63157],[107.63343,36.62364],[107.62243,36.63946],[107.62272,36.65275],[107.65679,36.69348],[107.61081,36.73838],[107.60692,36.76525],[107.57324,36.77106],[107.56223,36.75967],[107.56317,36.74703],[107.54424,36.74001],[107.53928,36.77274],[107.51429,36.80134],[107.52037,36.82068],[107.48679,36.83981],[107.49709,36.85528]]]}},{"type":"Feature","id":"CTAMAP-2009-COUNTY-0722","properties":{"map_level":"county","source_name":"华亭县","source_code":"620824","county_type":"县","prefecture_name":"平凉市","prefecture_code":"620800","prefecture_type":"地级市","parent_entity_id":"CNUR-000306","parent_year_end_name":"平凉市","province_name":"甘肃省","province_code":"620000","snapshot_year":2009,"panel_year":2008,"link_status":"parent_linked","former_name":"","note":""},"geometry":{"type":"Polygon","coordinates":[[[106.83379,35.27154],[106.83266,35.26442],[106.84363,35.264],[106.85068,35.23866],[106.83471,35.2123],[106.85354,35.19911],[106.82996,35.19189],[106.81648,35.16032],[106.83601,35.14716],[106.8419,35.13091],[106.86332,35.13476],[106.87919,35.12667],[106.87216,35.11316],[106.87694,35.09383],[106.85553,35.09416],[106.84079,35.08136],[106.82133,35.08122],[106.73068,35.10426],[106.71054,35.09945],[106.70201,35.08285],[106.66419,35.07748],[106.65936,35.06943],[106.64169,35.07953],[106.63708,35.07252],[106.61416,35.07284],[106.57253,35.09139],[106.57046,35.08102],[106.55583,35.09229],[106.53696,35.08349],[106.54118,35.06871],[106.52269,35.03139],[106.49877,35.03465],[106.48434,35.02171],[106.45825,35.04046],[106.44363,35.03309],[106.4268,35.03892],[106.40265,35.03494],[106.37742,35.06027],[106.39373,35.08204],[106.37383,35.08815],[106.37186,35.13681],[106.40173,35.16702],[106.38281,35.18739],[106.37981,35.22452],[106.35872,35.23514],[106.37108,35.25534],[106.36302,35.27061],[106.41148,35.27921],[106.43257,35.29896],[106.46947,35.31183],[106.4852,35.32885],[106.48875,35.35215],[106.50142,35.36014],[106.49427,35.38828],[106.55814,35.39254],[106.55774,35.38141],[106.5898,35.38046],[106.59501,35.35778],[106.60959,35.36209],[106.61107,35.3567],[106.63321,35.36901],[106.65155,35.32932],[106.6739,35.32074],[106.69684,35.32407],[106.72713,35.28456],[106.76709,35.28728],[106.77383,35.29564],[106.78513,35.29233],[106.78789,35.28037],[106.83379,35.27154]]]}},{"type":"Feature","id":"CTAMAP-2009-COUNTY-0747","properties":{"map_level":"county","source_name":"环县","source_code":"621022","county_type":"县","prefecture_name":"庆阳市","prefecture_code":"621000","prefecture_type":"地级市","parent_entity_id":"CNUR-000308","parent_year_end_name":"庆阳市","province_name":"甘肃省","province_code":"620000","snapshot_year":2009,"panel_year":2008,"link_status":"parent_linked","former_name":"","note":""},"geometry":{"type":"Polygon","coordinates":[[[107.26374,37.09905],[107.27904,37.0665],[107.27714,37.04647],[107.26944,37.04126],[107.27848,37.03296],[107.30284,36.9128],[107.33427,36.92692],[107.33365,36.91931],[107.3584,36.90358],[107.3743,36.90928],[107.41495,36.89855],[107.42953,36.90853],[107.43902,36.88871],[107.45467,36.90474],[107.48745,36.91071],[107.48629,36.8945],[107.52731,36.86714],[107.5203,36.85196],[107.49709,36.85528],[107.48679,36.83981],[107.52037,36.82068],[107.51429,36.80134],[107.53928,36.77274],[107.54424,36.74001],[107.56317,36.74703],[107.56223,36.75967],[107.57324,36.77106],[107.60692,36.76525],[107.61081,36.73838],[107.65679,36.69348],[107.62272,36.65275],[107.62243,36.63946],[107.63343,36.62364],[107.63936,36.63157],[107.6605,36.61759],[107.65672,36.60109],[107.66541,36.5729],[107.68939,36.56499],[107.69919,36.57055],[107.72525,36.5575],[107.72285,36.54549],[107.69716,36.53738],[107.71918,36.52091],[107.73825,36.52687],[107.73637,36.50321],[107.74338,36.49105],[107.72883,36.49162],[107.72,36.47752],[107.69104,36.48],[107.6784,36.45295],[107.68348,36.43787],[107.66951,36.44346],[107.64596,36.43299],[107.64647,36.4207],[107.66521,36.42054],[107.68697,36.34099],[107.65536,36.29915],[107.62912,36.28735],[107.63083,36.27457],[107.6223,36.26903],[107.60869,36.28625],[107.57728,36.29062],[107.55165,36.27595],[107.54232,36.27816],[107.54065,36.26342],[107.52312,36.2674],[107.51645,36.26053],[107.49971,36.26883],[107.48025,36.25621],[107.46962,36.26187],[107.45506,36.2301],[107.40969,36.22637],[107.40177,36.24341],[107.35763,36.21884],[107.35518,36.23487],[107.34297,36.23035],[107.31783,36.16869],[107.31665,36.14581],[107.33368,36.12739],[107.32348,36.12167],[107.317,36.09626],[107.32869,36.07056],[107.27703,36.01387],[107.26885,36.02687],[107.25831,36.02321],[107.25698,36.04906],[107.22956,36.06321],[107.22188,36.08156],[107.20754,36.07674],[107.18258,36.08287],[107.16535,36.10454],[107.14613,36.09532],[107.14196,36.07662],[107.13161,36.07564],[107.13242,36.09049],[107.12536,36.09483],[107.11801,36.08908],[107.10749,36.10129],[107.06489,36.09014],[107.05909,36.1042],[107.07193,36.11573],[107.05232,36.10916],[107.03599,36.11789],[107.03465,36.13243],[107.02129,36.13109],[107.02309,36.1222],[107.01362,36.13513],[106.996,36.13237],[107.0032,36.15534],[106.9944,36.16166],[106.9943,36.17658],[107.01045,36.19129],[107.01009,36.19985],[107.0236,36.19309],[107.02507,36.20316],[107.00275,36.2131],[107.01093,36.22839],[107.00344,36.22764],[106.99754,36.25494],[106.98673,36.2549],[106.98505,36.26681],[106.97273,36.25987],[106.95823,36.27603],[106.95704,36.25143],[106.9434,36.24363],[106.95128,36.23339],[106.93912,36.22794],[106.94172,36.20598],[106.93465,36.20338],[106.92601,36.21636],[106.90715,36.2183],[106.90591,36.23258],[106.89672,36.21908],[106.85796,36.24814],[106.85579,36.24104],[106.83957,36.24679],[106.825,36.23618],[106.82967,36.22949],[106.82345,36.21549],[106.81362,36.22236],[106.80158,36.21144],[106.78447,36.22651],[106.76984,36.22251],[106.76823,36.21275],[106.7588,36.21508],[106.73161,36.23733],[106.71174,36.23203],[106.69767,36.2396],[106.68033,36.27385],[106.65976,36.26299],[106.65312,36.26733],[106.64931,36.25728],[106.63952,36.28518],[106.63355,36.26587],[106.60743,36.27293],[106.60087,36.29609],[106.59031,36.27063],[106.58025,36.28363],[106.55546,36.29233],[106.55399,36.26362],[106.53663,36.25404],[106.48236,36.28263],[106.46574,36.31192],[106.47858,36.3153],[106.50254,36.28942],[106.50741,36.29199],[106.49497,36.31204],[106.50079,36.36336],[106.50311,36.37003],[106.52738,36.37136],[106.52218,36.39108],[106.48309,36.40209],[106.48808,36.42287],[106.50058,36.41466],[106.50767,36.42298],[106.49605,36.43422],[106.51552,36.45608],[106.51847,36.47776],[106.4898,36.49452],[106.47988,36.48067],[106.47218,36.49551],[106.45091,36.49681],[106.42851,36.51781],[106.40641,36.51917],[106.41146,36.53194],[106.39414,36.5477],[106.36716,36.54873],[106.35705,36.57329],[106.36395,36.5766],[106.38711,36.55634],[106.39138,36.57719],[106.42607,36.55889],[106.45156,36.55979],[106.45128,36.57293],[106.4634,36.58194],[106.43893,36.60094],[106.44066,36.62481],[106.4645,36.62018],[106.48818,36.62946],[106.48656,36.68548],[106.50649,36.69308],[106.52637,36.68973],[106.51104,36.71689],[106.55024,36.738],[106.56662,36.73301],[106.57268,36.74619],[106.59147,36.74636],[106.60714,36.73034],[106.61172,36.73786],[106.62808,36.72332],[106.64144,36.72347],[106.62765,36.73533],[106.62298,36.75279],[106.63309,36.7605],[106.6376,36.8027],[106.6539,36.8115],[106.63626,36.83379],[106.6382,36.85301],[106.62257,36.86194],[106.6348,36.86777],[106.63583,36.88223],[106.62193,36.89245],[106.60496,36.88107],[106.59612,36.89507],[106.60463,36.90975],[106.57551,36.93056],[106.54674,36.93922],[106.54783,36.95535],[106.53461,36.97857],[106.5384,36.98542],[106.56595,36.9578],[106.57091,36.94613],[106.56412,36.94575],[106.57531,36.93479],[106.5871,36.94034],[106.59083,36.96898],[106.61855,36.95922],[106.63895,36.96255],[106.63726,37.01178],[106.65356,37.00756],[106.66244,37.01716],[106.64544,37.0366],[106.64122,37.06485],[106.61623,37.09564],[106.6026,37.12948],[106.61342,37.1347],[106.63655,37.11863],[106.65843,37.1256],[106.66689,37.11068],[106.68313,37.12971],[106.69502,37.11749],[106.72435,37.12088],[106.72287,37.10897],[106.74371,37.09994],[106.75571,37.08049],[106.75191,37.10109],[106.7687,37.12139],[106.76182,37.1352],[106.77633,37.1583],[106.81202,37.14283],[106.85038,37.11348],[106.86674,37.11549],[106.8915,37.09998],[106.91266,37.12313],[106.90918,37.132],[106.88654,37.13952],[106.90194,37.1511],[106.94368,37.13196],[106.95927,37.11253],[106.97971,37.10715],[106.99554,37.10803],[106.9845,37.11742],[106.98915,37.12165],[107.02468,37.10664],[107.02046,37.13033],[107.02586,37.14019],[107.0571,37.12357],[107.08176,37.12556],[107.0895,37.11669],[107.13366,37.13498],[107.17758,37.14084],[107.23201,37.097],[107.24993,37.10384],[107.26374,37.09905]]]}},{"type":"Feature","id":"CTAMAP-2009-COUNTY-0769","properties":{"map_level":"county","source_name":"徽县","source_code":"621227","county_type":"县","prefecture_name":"陇南市","prefecture_code":"621200","prefecture_type":"地级市","parent_entity_id":"CNUR-000310","parent_year_end_name":"陇南市","province_name":"甘肃省","province_code":"620000","snapshot_year":2009,"panel_year":2008,"link_status":"parent_linked","former_name":"","note":""},"geometry":{"type":"Polygon","coordinates":[[[105.95284,34.15035],[106.03503,34.16121],[106.0674,34.14762],[106.07296,34.13283],[106.09343,34.12863],[106.11096,34.11345],[106.12743,34.11343],[106.1476,34.12526],[106.18543,34.11211],[106.22166,34.11824],[106.19824,34.05201],[106.24063,34.05888],[106.26355,34.04913],[106.27496,34.01755],[106.27265,34.00656],[106.23908,34.00728],[106.23166,33.95085],[106.21308,33.9392],[106.24768,33.90727],[106.25091,33.86559],[106.23631,33.84931],[106.24773,33.82864],[106.23469,33.80599],[106.19354,33.78937],[106.21051,33.77248],[106.20356,33.75292],[106.22812,33.74908],[106.22836,33.73732],[106.24858,33.73391],[106.26403,33.73775],[106.27193,33.7529],[106.3031,33.7458],[106.31725,33.73789],[106.31272,33.72791],[106.32538,33.7227],[106.32067,33.70423],[106.34991,33.69633],[106.36378,33.67719],[106.39409,33.67809],[106.39381,33.67022],[106.40678,33.66237],[106.40229,33.63811],[106.44807,33.62552],[106.44125,33.61978],[106.36882,33.61882],[106.37293,33.60484],[106.35486,33.60201],[106.3413,33.58701],[106.30953,33.59708],[106.31194,33.60752],[106.28521,33.61041],[106.25306,33.59125],[106.23156,33.56705],[106.20164,33.56461],[106.18266,33.54567],[106.14516,33.56083],[106.13697,33.57623],[106.14317,33.58333],[106.12711,33.58121],[106.12819,33.57329],[106.10221,33.57283],[106.10618,33.59275],[106.12094,33.59354],[106.12611,33.60347],[106.08236,33.6191],[106.06036,33.60591],[106.03834,33.60967],[106.02393,33.59659],[106.01531,33.60014],[106.01405,33.61166],[105.99347,33.60554],[105.9524,33.61519],[105.94748,33.64646],[105.92708,33.65206],[105.94179,33.69624],[105.92582,33.70237],[105.92362,33.72678],[105.94181,33.74166],[105.94277,33.75383],[105.89482,33.77887],[105.88046,33.82604],[105.84457,33.80345],[105.80559,33.7983],[105.78633,33.80376],[105.77117,33.81573],[105.78139,33.83885],[105.77078,33.85067],[105.75134,33.85279],[105.75692,33.86346],[105.74237,33.88359],[105.7342,33.88537],[105.72031,33.87159],[105.70965,33.8817],[105.72433,33.91976],[105.71993,33.94017],[105.74493,33.94484],[105.75572,33.98126],[105.73198,34.01665],[105.73488,34.03832],[105.70813,34.04557],[105.67984,34.02454],[105.6341,34.01085],[105.6182,34.01779],[105.5976,34.04191],[105.59816,34.05452],[105.58511,34.05226],[105.58072,34.06639],[105.58642,34.07436],[105.57491,34.08138],[105.58553,34.08812],[105.59224,34.07718],[105.59426,34.10781],[105.62041,34.0981],[105.61197,34.08276],[105.63699,34.08252],[105.649,34.12394],[105.66136,34.13071],[105.66062,34.14415],[105.7007,34.16466],[105.71512,34.16168],[105.71775,34.17556],[105.76751,34.16561],[105.77512,34.14964],[105.76729,34.13036],[105.77748,34.12224],[105.79925,34.13879],[105.80785,34.1364],[105.81107,34.14951],[105.83056,34.15501],[105.85682,34.15504],[105.86388,34.12623],[105.8995,34.12144],[105.91189,34.13562],[105.95284,34.15035]]]}},{"type":"Feature","id":"CTAMAP-2009-COUNTY-0776","properties":{"map_level":"county","source_name":"会宁县","source_code":"620422","county_type":"县","prefecture_name":"白银市","prefecture_code":"620400","prefecture_type":"地级市","parent_entity_id":"CNUR-000302","parent_year_end_name":"白银市","province_name":"甘肃省","province_code":"620000","snapshot_year":2009,"panel_year":2008,"link_status":"parent_linked","former_name":"","note":""},"geometry":{"type":"Polygon","coordinates":[[[105.4212,36.33069],[105.44906,36.32332],[105.47394,36.29159],[105.4704,36.27684],[105.45678,36.26715],[105.46234,36.25082],[105.45389,36.24131],[105.45683,36.22314],[105.47573,36.21276],[105.49726,36.15894],[105.51092,36.14789],[105.48747,36.10127],[105.42702,36.10397],[105.40354,36.07514],[105.38838,36.07693],[105.38609,36.06367],[105.35921,36.04863],[105.36187,36.03466],[105.33995,36.03382],[105.32139,35.94187],[105.33331,35.91346],[105.32085,35.90647],[105.34081,35.87878],[105.37871,35.87182],[105.3956,35.85771],[105.3922,35.84747],[105.38182,35.85369],[105.36957,35.84696],[105.37738,35.81336],[105.37001,35.80613],[105.37858,35.79274],[105.40661,35.82275],[105.41487,35.81381],[105.42544,35.82028],[105.42752,35.7898],[105.45274,35.7698],[105.45012,35.74761],[105.4694,35.74899],[105.47793,35.72747],[105.47761,35.72164],[105.45781,35.72224],[105.45107,35.71475],[105.44752,35.69877],[105.46014,35.6684],[105.50756,35.61496],[105.52612,35.61629],[105.52171,35.60868],[105.49776,35.61063],[105.47387,35.60194],[105.47107,35.54841],[105.40675,35.53283],[105.40998,35.51989],[105.39961,35.51478],[105.4142,35.49245],[105.37645,35.48854],[105.35958,35.49607],[105.34428,35.48791],[105.32779,35.49364],[105.29971,35.48744],[105.29647,35.4991],[105.28522,35.49793],[105.27087,35.47808],[105.24528,35.48714],[105.21863,35.48213],[105.20598,35.46044],[105.18962,35.4544],[105.1788,35.43825],[105.14556,35.44877],[105.11981,35.4438],[105.11451,35.43874],[105.12264,35.43078],[105.11892,35.41838],[105.10589,35.42089],[105.09594,35.41246],[105.08299,35.41581],[105.06725,35.43737],[105.06903,35.45433],[105.04498,35.45863],[105.01705,35.44509],[104.99542,35.46061],[104.99378,35.47259],[104.9726,35.4774],[104.96325,35.4904],[104.9413,35.4933],[104.92951,35.51027],[104.93379,35.54568],[104.95023,35.55054],[104.96493,35.61248],[104.98801,35.63179],[104.9879,35.69686],[104.96073,35.72937],[104.92546,35.73388],[104.89798,35.7595],[104.88945,35.75898],[104.88196,35.78822],[104.86201,35.79793],[104.86619,35.81107],[104.85748,35.8528],[104.82899,35.85453],[104.83022,35.8669],[104.81502,35.86698],[104.81357,35.87727],[104.7627,35.89022],[104.76668,35.91805],[104.73473,35.93266],[104.73595,35.94145],[104.72427,35.95301],[104.71061,35.95497],[104.70305,35.948],[104.67169,35.99006],[104.65377,35.98733],[104.6366,36.00357],[104.67374,36.02353],[104.67794,36.03396],[104.65907,36.04132],[104.62221,36.03583],[104.61563,36.04521],[104.59971,36.0426],[104.58215,36.02696],[104.55844,36.02818],[104.52974,36.01468],[104.49627,36.02066],[104.50577,36.0383],[104.52,36.0438],[104.51836,36.06069],[104.53356,36.0741],[104.53337,36.08308],[104.563,36.09779],[104.55685,36.128],[104.5766,36.16989],[104.55544,36.17784],[104.56335,36.19383],[104.60519,36.21332],[104.6432,36.21587],[104.67657,36.23722],[104.71004,36.23696],[104.79891,36.28694],[104.85135,36.33959],[104.86999,36.32455],[104.87361,36.31207],[104.92913,36.32458],[104.94133,36.34551],[104.98343,36.35141],[104.99189,36.34992],[104.98755,36.33834],[105.00827,36.34852],[105.02052,36.34234],[105.02987,36.35037],[105.02266,36.34022],[105.02851,36.32993],[105.08985,36.31865],[105.10857,36.3231],[105.10189,36.35708],[105.11385,36.36045],[105.13795,36.34475],[105.14687,36.34897],[105.15805,36.36486],[105.14269,36.3723],[105.19542,36.39605],[105.19878,36.41832],[105.20431,36.42571],[105.21853,36.42433],[105.21812,36.43533],[105.23548,36.42998],[105.24574,36.43586],[105.25793,36.42798],[105.27758,36.38467],[105.29717,36.38422],[105.30169,36.36252],[105.32054,36.34037],[105.33946,36.34323],[105.34234,36.33474],[105.36177,36.33077],[105.3806,36.35839],[105.4212,36.33069]]]}},{"type":"Feature","id":"CTAMAP-2009-COUNTY-0801","properties":{"map_level":"county","source_name":"积石山保安族东乡族撒拉族自治县","source_code":"622927","county_type":"自治县","prefecture_name":"临夏回族自治州","prefecture_code":"622900","prefecture_type":"自治州","parent_entity_id":"CNUR-000311","parent_year_end_name":"临夏回族自治州","province_name":"甘肃省","province_code":"620000","snapshot_year":2009,"panel_year":2008,"link_status":"parent_linked","former_name":"","note":""},"geometry":{"type":"Polygon","coordinates":[[[102.94798,35.83634],[102.9793,35.83208],[103.00975,35.80451],[103.03296,35.79808],[103.05232,35.8047],[103.04724,35.78937],[103.06704,35.76677],[103.09129,35.76196],[103.09367,35.7346],[103.10457,35.71862],[103.0991,35.6418],[103.08721,35.63485],[103.06954,35.64149],[103.07596,35.61429],[103.05939,35.61926],[103.02866,35.60807],[103.01049,35.57634],[103.00181,35.57743],[102.99499,35.59824],[102.9832,35.58883],[102.96606,35.59413],[102.94728,35.58043],[102.92576,35.57895],[102.90597,35.56204],[102.8559,35.56241],[102.76803,35.59831],[102.76032,35.62318],[102.7647,35.65147],[102.74021,35.65985],[102.72595,35.69243],[102.69737,35.71837],[102.69413,35.74947],[102.68348,35.76926],[102.69439,35.79709],[102.70742,35.80222],[102.71502,35.81719],[102.73835,35.82171],[102.78208,35.86223],[102.81613,35.85077],[102.84006,35.85667],[102.85993,35.84551],[102.91046,35.84702],[102.92117,35.83391],[102.9409,35.83032],[102.94798,35.83634]]]}},{"type":"Feature","id":"CTAMAP-2009-COUNTY-0833","properties":{"map_level":"county","source_name":"嘉峪关市","source_code":"620200","county_type":"不统计","prefecture_name":"嘉峪关市","prefecture_code":"620200","prefecture_type":"地级市","parent_entity_id":"CNUR-000300","parent_year_end_name":"嘉峪关市","province_name":"甘肃省","province_code":"620000","snapshot_year":2009,"panel_year":2008,"link_status":"parent_linked","former_name":"","note":""},"geometry":{"type":"Polygon","coordinates":[[[98.46692,39.96962],[98.49463,39.95063],[98.49425,39.92017],[98.51944,39.90869],[98.51351,39.89768],[98.51856,39.89259],[98.48693,39.86463],[98.49003,39.8389],[98.35201,39.77672],[98.35983,39.75563],[98.40337,39.73282],[98.41251,39.71514],[98.36891,39.65311],[98.36179,39.66157],[98.3233,39.66385],[98.27913,39.69149],[98.25991,39.69345],[98.25655,39.70154],[98.24063,39.70572],[98.24698,39.71976],[98.21668,39.727],[98.17332,39.72295],[98.14927,39.69626],[98.03527,39.6977],[97.9682,39.66194],[97.93843,39.69559],[97.85529,39.70971],[97.97335,39.77968],[97.99131,39.80796],[98.03164,39.82766],[97.98298,39.88215],[98.0024,39.92317],[98.02359,39.94558],[98.06798,39.95467],[98.06079,39.99935],[98.16227,39.97064],[98.32723,39.9551],[98.37234,39.95637],[98.39303,39.96516],[98.43959,39.95382],[98.46692,39.96962]]]}},{"type":"Feature","id":"CTAMAP-2009-COUNTY-0900","properties":{"map_level":"county","source_name":"金川区","source_code":"620302","county_type":"市辖区","prefecture_name":"金昌市","prefecture_code":"620300","prefecture_type":"地级市","parent_entity_id":"CNUR-000301","parent_year_end_name":"金昌市","province_name":"甘肃省","province_code":"620000","snapshot_year":2009,"panel_year":2008,"link_status":"parent_linked","former_name":"","note":""},"geometry":{"type":"Polygon","coordinates":[[[102.57129,38.417],[102.5152,38.42605],[102.50789,38.39554],[102.34738,38.37633],[102.33346,38.34981],[102.29971,38.3685],[102.27769,38.35874],[102.27011,38.36888],[102.22073,38.38861],[102.21661,38.38336],[102.19351,38.39016],[102.18975,38.38337],[102.17382,38.39128],[102.11023,38.39682],[102.02747,38.47241],[102.00624,38.47084],[101.98204,38.48515],[101.96132,38.52319],[101.94017,38.50706],[101.93227,38.47597],[101.9042,38.48441],[101.90547,38.49516],[101.87946,38.54912],[101.82432,38.56861],[101.79829,38.55096],[101.79608,38.53229],[101.7786,38.53064],[101.7739,38.53375],[101.78475,38.58227],[101.76396,38.5842],[101.76717,38.56215],[101.74277,38.55646],[101.73358,38.56546],[101.74818,38.59097],[101.7295,38.59521],[101.69165,38.56482],[101.67167,38.58668],[101.57705,38.62771],[101.64758,38.68535],[101.66817,38.6902],[101.74194,38.6773],[101.77333,38.65882],[101.85467,38.71774],[101.93727,38.81215],[102.07145,38.89054],[101.96713,38.99411],[102.08569,38.98076],[102.09108,38.95988],[102.14222,38.93955],[102.2679,38.9134],[102.27639,38.94427],[102.41594,38.89244],[102.41001,38.88496],[102.4239,38.87709],[102.44049,38.80186],[102.41308,38.78193],[102.39273,38.66871],[102.44918,38.6273],[102.45767,38.59308],[102.4789,38.58304],[102.49416,38.54766],[102.51925,38.51443],[102.53439,38.50871],[102.53387,38.50032],[102.61387,38.47082],[102.57129,38.417]]]}},{"type":"Feature","id":"CTAMAP-2009-COUNTY-0936","properties":{"map_level":"county","source_name":"泾川县","source_code":"620821","county_type":"县","prefecture_name":"平凉市","prefecture_code":"620800","prefecture_type":"地级市","parent_entity_id":"CNUR-000306","parent_year_end_name":"平凉市","province_name":"甘肃省","province_code":"620000","snapshot_year":2009,"panel_year":2008,"link_status":"parent_linked","former_name":"","note":""},"geometry":{"type":"Polygon","coordinates":[[[107.59517,35.49418],[107.60051,35.47999],[107.58982,35.4623],[107.6016,35.4552],[107.61344,35.46361],[107.61934,35.45933],[107.63038,35.43259],[107.66105,35.42795],[107.67105,35.43648],[107.69925,35.42333],[107.6938,35.37872],[107.71725,35.35398],[107.73212,35.35435],[107.74023,35.34072],[107.7335,35.32247],[107.74155,35.31127],[107.71056,35.30514],[107.70397,35.29714],[107.70767,35.29281],[107.7234,35.30159],[107.73768,35.29356],[107.73124,35.27803],[107.73731,35.27412],[107.72676,35.26729],[107.71638,35.27107],[107.71178,35.26484],[107.72583,35.26481],[107.70549,35.25748],[107.71618,35.245],[107.70581,35.24376],[107.69392,35.25755],[107.6901,35.25179],[107.66007,35.25774],[107.64929,35.24566],[107.65844,35.24027],[107.65381,35.23156],[107.6647,35.2154],[107.68006,35.21949],[107.68832,35.20445],[107.65853,35.19065],[107.63699,35.19765],[107.61105,35.18577],[107.59273,35.18866],[107.58425,35.17482],[107.57098,35.18915],[107.56508,35.17547],[107.56433,35.1906],[107.54657,35.19347],[107.53177,35.21549],[107.49633,35.21663],[107.48896,35.21005],[107.47246,35.22087],[107.45829,35.21903],[107.46028,35.23314],[107.43623,35.2353],[107.42333,35.21906],[107.39877,35.22075],[107.38065,35.20783],[107.3491,35.20796],[107.33911,35.19731],[107.32394,35.21302],[107.29421,35.20536],[107.275,35.23685],[107.26162,35.21524],[107.26932,35.20901],[107.26103,35.20226],[107.25686,35.21466],[107.2143,35.23135],[107.21281,35.24274],[107.19037,35.24581],[107.19275,35.26826],[107.17395,35.27277],[107.17093,35.28681],[107.16103,35.28986],[107.17379,35.31831],[107.20063,35.32398],[107.20358,35.34024],[107.18776,35.34491],[107.19122,35.36186],[107.18547,35.3571],[107.17056,35.36917],[107.14865,35.36458],[107.12867,35.37502],[107.12237,35.36092],[107.10487,35.36525],[107.10524,35.38178],[107.12066,35.40507],[107.1674,35.38702],[107.17453,35.41188],[107.16907,35.41201],[107.16438,35.43749],[107.19209,35.4467],[107.16669,35.46637],[107.1802,35.48724],[107.16903,35.4982],[107.18378,35.51989],[107.19125,35.50778],[107.2229,35.513],[107.24993,35.49804],[107.25558,35.52125],[107.29601,35.51716],[107.29658,35.50871],[107.31722,35.49922],[107.32509,35.48658],[107.3554,35.49583],[107.38423,35.48506],[107.39424,35.49257],[107.39467,35.50525],[107.41365,35.50215],[107.44641,35.48398],[107.46855,35.4825],[107.46932,35.46288],[107.49196,35.45581],[107.50195,35.46588],[107.49965,35.48063],[107.51832,35.48945],[107.52594,35.50315],[107.54077,35.49296],[107.53992,35.47929],[107.56671,35.47568],[107.56356,35.46252],[107.57262,35.45307],[107.57084,35.46068],[107.5904,35.47004],[107.57883,35.4823],[107.59517,35.49418]]]}},{"type":"Feature","id":"CTAMAP-2009-COUNTY-0952","properties":{"map_level":"county","source_name":"景泰县","source_code":"620423","county_type":"县","prefecture_name":"白银市","prefecture_code":"620400","prefecture_type":"地级市","parent_entity_id":"CNUR-000302","parent_year_end_name":"白银市","province_name":"甘肃省","province_code":"620000","snapshot_year":2009,"panel_year":2008,"link_status":"parent_linked","former_name":"","note":""},"geometry":{"type":"Polygon","coordinates":[[[103.86724,37.60661],[103.93568,37.57095],[104.17947,37.40695],[104.23512,37.4114],[104.2825,37.42997],[104.29459,37.41357],[104.36189,37.41756],[104.43357,37.44587],[104.44599,37.42334],[104.45713,37.41937],[104.49829,37.42117],[104.51706,37.43456],[104.54175,37.42292],[104.57255,37.42567],[104.67002,37.41098],[104.67621,37.40569],[104.65717,37.37226],[104.66466,37.35592],[104.69815,37.3445],[104.71456,37.34915],[104.71088,37.32903],[104.66751,37.3154],[104.65103,37.29097],[104.62153,37.29842],[104.616,37.29213],[104.62142,37.27799],[104.57298,37.26145],[104.55454,37.26567],[104.55751,37.24943],[104.53314,37.25219],[104.53499,37.23438],[104.52489,37.24015],[104.51364,37.23049],[104.50336,37.23579],[104.50933,37.22568],[104.50463,37.22191],[104.48319,37.22593],[104.46653,37.19949],[104.41574,37.19231],[104.40084,37.19764],[104.388,37.18588],[104.35488,37.17793],[104.32795,37.18176],[104.2904,37.16439],[104.29712,37.15318],[104.32133,37.15459],[104.3308,37.13783],[104.35127,37.12555],[104.29965,37.13548],[104.30052,37.1156],[104.28989,37.10276],[104.29428,37.08893],[104.28259,37.08624],[104.28176,37.07224],[104.27007,37.0683],[104.27491,37.06101],[104.26807,37.04901],[104.28147,37.02403],[104.31332,37.0171],[104.32788,36.99723],[104.3078,36.96452],[104.31829,36.94977],[104.32057,36.9165],[104.30203,36.90367],[104.32248,36.89791],[104.36033,36.91197],[104.41242,36.84637],[104.40241,36.83123],[104.42455,36.81025],[104.42484,36.78072],[104.4061,36.74336],[104.35452,36.7273],[104.32841,36.76815],[104.31102,36.75276],[104.30472,36.73065],[104.26312,36.73869],[104.21968,36.72958],[104.21378,36.75089],[104.22639,36.75988],[104.21776,36.77255],[104.18418,36.78483],[104.12616,36.78463],[104.07987,36.75889],[104.05757,36.76146],[104.05848,36.75622],[104.02281,36.74661],[103.99792,36.75347],[103.98729,36.7285],[103.97573,36.72686],[103.97107,36.73891],[103.95903,36.73964],[103.9324,36.72416],[103.94047,36.74754],[103.92036,36.7521],[103.91893,36.76635],[103.9079,36.77381],[103.89426,36.77048],[103.88773,36.78025],[103.90336,36.79255],[103.89941,36.80488],[103.85596,36.80378],[103.83601,36.81479],[103.82338,36.79842],[103.81305,36.80507],[103.81233,36.8234],[103.78724,36.82935],[103.76733,36.85332],[103.75535,36.8445],[103.75935,36.82808],[103.79382,36.80452],[103.79816,36.79086],[103.72823,36.80524],[103.7098,36.78399],[103.69844,36.78411],[103.67436,36.79164],[103.66281,36.81626],[103.65151,36.81289],[103.6168,36.82777],[103.60198,36.84746],[103.62151,36.86867],[103.59045,36.88188],[103.57026,36.92478],[103.5451,36.94969],[103.576,36.98567],[103.57884,37.00015],[103.55582,37.0259],[103.57844,37.04567],[103.58519,37.06755],[103.61614,37.06347],[103.63307,37.08039],[103.63252,37.11255],[103.6175,37.12553],[103.65003,37.13456],[103.6541,37.16449],[103.68702,37.23666],[103.72457,37.22904],[103.7445,37.24319],[103.71969,37.25909],[103.73976,37.28295],[103.75579,37.27578],[103.74477,37.30766],[103.75401,37.31132],[103.76067,37.30004],[103.77494,37.32648],[103.76097,37.3398],[103.76765,37.35593],[103.73248,37.37775],[103.72848,37.39281],[103.74488,37.42329],[103.76739,37.42853],[103.76075,37.44887],[103.77822,37.48835],[103.7536,37.51778],[103.75607,37.53772],[103.78698,37.59146],[103.81737,37.60724],[103.8398,37.63195],[103.86724,37.60661]]]}},{"type":"Feature","id":"CTAMAP-2009-COUNTY-0960","properties":{"map_level":"county","source_name":"靖远县","source_code":"620421","county_type":"县","prefecture_name":"白银市","prefecture_code":"620400","prefecture_type":"地级市","parent_entity_id":"CNUR-000302","parent_year_end_name":"白银市","province_name":"甘肃省","province_code":"620000","snapshot_year":2009,"panel_year":2008,"link_status":"parent_linked","former_name":"","note":""},"geometry":{"type":"MultiPolygon","coordinates":[[[[105.19961,36.70586],[105.11262,36.75578],[105.08705,36.76033],[105.07199,36.74865],[105.00468,36.76197],[105.00523,36.78671],[104.9915,36.7888],[104.97853,36.80234],[104.82667,36.84485],[104.82099,36.85319],[104.84163,36.86823],[104.84047,36.89171],[104.86285,36.92039],[104.86211,36.94051],[104.84309,36.95368],[104.80345,36.94417],[104.81022,36.95946],[104.80037,36.98961],[104.76976,36.97707],[104.76204,36.99528],[104.62316,36.98471],[104.61443,36.97671],[104.56181,36.99082],[104.57379,36.95317],[104.56268,36.95276],[104.55415,36.94158],[104.52494,36.95144],[104.50574,36.87036],[104.454,36.87723],[104.41963,36.87013],[104.41107,36.84819],[104.36033,36.91197],[104.32248,36.89791],[104.30476,36.90133],[104.30269,36.90825],[104.3208,36.91825],[104.31829,36.94977],[104.30804,36.96585],[104.32788,36.99723],[104.31332,37.0171],[104.28147,37.02403],[104.26807,37.04901],[104.27491,37.06101],[104.27007,37.0683],[104.28176,37.07224],[104.28259,37.08624],[104.29428,37.08893],[104.28989,37.10276],[104.30052,37.1156],[104.29965,37.13548],[104.35127,37.12555],[104.3308,37.13783],[104.32133,37.15459],[104.29712,37.15318],[104.2904,37.16439],[104.32795,37.18176],[104.35488,37.17793],[104.38729,37.18567],[104.40142,37.19775],[104.41574,37.19231],[104.46167,37.19763],[104.47477,37.20522],[104.48319,37.22593],[104.50463,37.22191],[104.50933,37.22568],[104.50336,37.23579],[104.51364,37.23049],[104.52489,37.24015],[104.53499,37.23438],[104.53314,37.25219],[104.55751,37.24943],[104.55454,37.26567],[104.57298,37.26145],[104.60884,37.27752],[104.59688,37.24463],[104.60703,37.22228],[104.62822,37.20267],[104.7158,37.20727],[104.74934,37.23695],[104.76434,37.23713],[104.77233,37.24637],[104.79036,37.22803],[104.80285,37.23448],[104.85516,37.21198],[104.85532,37.18264],[104.88655,37.15451],[104.89517,37.12744],[104.91703,37.11124],[104.9131,37.09452],[104.95115,37.07822],[104.95135,37.03963],[104.96626,37.03033],[104.98501,37.03839],[105.01019,37.03158],[105.00762,37.01663],[105.02777,37.00653],[105.05434,37.02253],[105.1072,36.99975],[105.16156,36.99463],[105.16529,36.96696],[105.18227,36.94145],[105.18303,36.92558],[105.17377,36.92892],[105.18027,36.90306],[105.17511,36.89213],[105.18754,36.88608],[105.20278,36.8976],[105.22068,36.89389],[105.22291,36.88606],[105.24177,36.89415],[105.2757,36.86925],[105.27333,36.8528],[105.29382,36.84336],[105.28852,36.8356],[105.29728,36.82241],[105.32893,36.80581],[105.33756,36.76437],[105.32177,36.74682],[105.30665,36.74088],[105.27373,36.75286],[105.2679,36.73901],[105.23658,36.74136],[105.23542,36.73245],[105.21271,36.72922],[105.19961,36.70586]]],[[[105.21832,36.43177],[105.21853,36.42433],[105.20431,36.42571],[105.19878,36.41832],[105.19542,36.39605],[105.14269,36.3723],[105.15805,36.36486],[105.14687,36.34897],[105.13795,36.34475],[105.11385,36.36045],[105.10189,36.35708],[105.10857,36.3231],[105.08985,36.31865],[105.02851,36.32993],[105.02266,36.34022],[105.02987,36.35037],[105.02052,36.34234],[105.00827,36.34852],[104.98755,36.33834],[104.99189,36.34992],[104.98343,36.35141],[104.94133,36.34551],[104.92913,36.32458],[104.87361,36.31207],[104.86999,36.32455],[104.85135,36.33959],[104.79891,36.28694],[104.758,36.26157],[104.70284,36.23441],[104.67657,36.23722],[104.6432,36.21587],[104.60519,36.21332],[104.56335,36.19383],[104.55544,36.17784],[104.56931,36.17566],[104.57487,36.16826],[104.52837,36.16802],[104.50839,36.20993],[104.5377,36.22887],[104.54055,36.24915],[104.51955,36.26212],[104.51453,36.29018],[104.49942,36.31448],[104.4983,36.35029],[104.50828,36.37682],[104.50416,36.42912],[104.4836,36.44325],[104.45327,36.41466],[104.4366,36.4087],[104.43931,36.39776],[104.42722,36.38684],[104.40164,36.38969],[104.388,36.41958],[104.41391,36.4364],[104.4024,36.46943],[104.33865,36.50854],[104.30513,36.55616],[104.30173,36.57373],[104.28696,36.58033],[104.28537,36.59201],[104.26001,36.61181],[104.26265,36.63482],[104.27809,36.64086],[104.29471,36.66613],[104.27877,36.68099],[104.26674,36.72107],[104.28096,36.73123],[104.30472,36.73065],[104.31102,36.75276],[104.32841,36.76815],[104.35452,36.7273],[104.4061,36.74336],[104.42361,36.78345],[104.42894,36.77824],[104.44335,36.79788],[104.50389,36.7955],[104.53863,36.7635],[104.59641,36.78682],[104.64021,36.7462],[104.66621,36.73661],[104.66857,36.72061],[104.70592,36.70959],[104.72692,36.76031],[104.74372,36.76331],[104.75144,36.75852],[104.75361,36.73654],[104.77803,36.7092],[104.79058,36.71053],[104.81949,36.69125],[104.81735,36.64002],[104.83417,36.61903],[104.8537,36.61188],[104.85606,36.55988],[104.89516,36.57806],[104.90919,36.57485],[104.92491,36.59197],[104.94228,36.59783],[104.97705,36.58335],[105.00656,36.55533],[105.05444,36.55146],[105.07477,36.54139],[105.09264,36.54909],[105.11323,36.54073],[105.11037,36.52124],[105.14129,36.50692],[105.15298,36.48425],[105.21832,36.43177]]]]}},{"type":"Feature","id":"CTAMAP-2009-COUNTY-0965","properties":{"map_level":"county","source_name":"静宁县","source_code":"620826","county_type":"县","prefecture_name":"平凉市","prefecture_code":"620800","prefecture_type":"地级市","parent_entity_id":"CNUR-000306","parent_year_end_name":"平凉市","province_name":"甘肃省","province_code":"620000","snapshot_year":2009,"panel_year":2008,"link_status":"parent_linked","former_name":"","note":""},"geometry":{"type":"Polygon","coordinates":[[[105.81192,35.57661],[105.81949,35.54345],[105.83191,35.53824],[105.83132,35.496],[105.83995,35.49061],[105.86553,35.54324],[105.87535,35.53832],[105.8861,35.5486],[105.92234,35.53526],[105.95423,35.5382],[105.99883,35.5228],[106.00641,35.52632],[106.01261,35.51198],[106.00621,35.50143],[106.0174,35.49494],[106.06189,35.50464],[106.06705,35.49242],[106.07962,35.51279],[106.09617,35.50107],[106.0835,35.48971],[106.06261,35.49102],[106.06826,35.46322],[106.0513,35.45512],[106.04488,35.46096],[106.05459,35.48632],[106.04937,35.49059],[105.98972,35.47773],[105.92275,35.45175],[105.90395,35.45622],[105.88641,35.44619],[105.89346,35.41353],[105.88753,35.4009],[105.89419,35.39379],[105.87982,35.38076],[105.87244,35.38462],[105.8592,35.35636],[105.84487,35.35362],[105.85483,35.34448],[105.8497,35.33691],[105.85436,35.31639],[105.86822,35.28721],[105.84986,35.28239],[105.84851,35.26765],[105.83261,35.26871],[105.81783,35.2217],[105.79043,35.20455],[105.79525,35.19249],[105.7795,35.18413],[105.78522,35.15153],[105.7736,35.14454],[105.77118,35.1249],[105.78947,35.11481],[105.79191,35.10311],[105.78179,35.09195],[105.78585,35.07778],[105.77227,35.04074],[105.78404,35.04352],[105.78507,35.03514],[105.76836,35.02337],[105.74537,35.02036],[105.7357,35.03379],[105.74215,35.05074],[105.72877,35.05139],[105.72854,35.03376],[105.71942,35.03211],[105.70002,35.0712],[105.68421,35.07682],[105.66163,35.1016],[105.65437,35.09707],[105.63167,35.11477],[105.64664,35.15641],[105.63045,35.17457],[105.60927,35.17626],[105.61644,35.18595],[105.60395,35.20001],[105.61273,35.2066],[105.60973,35.21959],[105.61793,35.23247],[105.57127,35.20369],[105.54854,35.2339],[105.55116,35.24371],[105.53377,35.26222],[105.53755,35.28812],[105.54821,35.29192],[105.54997,35.30536],[105.53572,35.30299],[105.52565,35.32297],[105.53551,35.34061],[105.49475,35.35682],[105.48584,35.3898],[105.47075,35.38465],[105.47481,35.34676],[105.45305,35.34488],[105.44618,35.35197],[105.44905,35.36742],[105.43982,35.35566],[105.42807,35.35634],[105.44004,35.36462],[105.42338,35.38128],[105.42308,35.39838],[105.38536,35.42411],[105.3815,35.45695],[105.34724,35.4764],[105.34374,35.4859],[105.35958,35.49607],[105.37645,35.48854],[105.4142,35.49245],[105.39961,35.51478],[105.40998,35.51989],[105.40675,35.53283],[105.47107,35.54841],[105.47387,35.60194],[105.52319,35.6108],[105.52589,35.61726],[105.50756,35.61496],[105.48167,35.64078],[105.44752,35.69877],[105.45591,35.72136],[105.47761,35.72164],[105.47793,35.72747],[105.50173,35.71852],[105.52668,35.72831],[105.53465,35.7221],[105.54203,35.73005],[105.55182,35.72666],[105.56659,35.71544],[105.55575,35.69988],[105.56249,35.68858],[105.5747,35.70244],[105.57029,35.7125],[105.57572,35.71621],[105.66599,35.75147],[105.67497,35.73805],[105.69953,35.73407],[105.71061,35.7411],[105.73349,35.72342],[105.74087,35.73334],[105.75011,35.73232],[105.75579,35.72268],[105.73802,35.70013],[105.72451,35.70199],[105.71731,35.72819],[105.70179,35.70375],[105.68679,35.69934],[105.68737,35.68531],[105.71634,35.68041],[105.71996,35.67272],[105.70951,35.64715],[105.73674,35.63623],[105.74505,35.62452],[105.76106,35.63165],[105.75583,35.61886],[105.74111,35.61498],[105.77646,35.5996],[105.78175,35.59163],[105.77289,35.58705],[105.79601,35.56568],[105.81192,35.57661]]]}},{"type":"Feature","id":"CTAMAP-2009-COUNTY-0998","properties":{"map_level":"county","source_name":"康乐县","source_code":"622922","county_type":"县","prefecture_name":"临夏回族自治州","prefecture_code":"622900","prefecture_type":"自治州","parent_entity_id":"CNUR-000311","parent_year_end_name":"临夏回族自治州","province_name":"甘肃省","province_code":"620000","snapshot_year":2009,"panel_year":2008,"link_status":"parent_linked","former_name":"","note":""},"geometry":{"type":"Polygon","coordinates":[[[103.79855,35.43648],[103.81331,35.41632],[103.81145,35.396],[103.80353,35.39283],[103.80038,35.39961],[103.77821,35.38861],[103.7739,35.35449],[103.74839,35.31412],[103.73564,35.31482],[103.73083,35.2753],[103.71548,35.26476],[103.6878,35.21989],[103.69095,35.20887],[103.68251,35.20517],[103.6852,35.19782],[103.71972,35.19488],[103.71012,35.18389],[103.71646,35.15915],[103.71004,35.14752],[103.71809,35.1236],[103.72634,35.13104],[103.74582,35.11389],[103.73408,35.10032],[103.74701,35.0893],[103.73588,35.06751],[103.74351,35.05753],[103.74061,35.04509],[103.7826,35.01273],[103.78755,34.99734],[103.82725,34.98547],[103.84316,34.96083],[103.84377,34.94164],[103.83158,34.91711],[103.83936,34.90294],[103.82635,34.90841],[103.82174,34.92213],[103.79052,34.93093],[103.71084,34.91963],[103.6834,34.9084],[103.66896,34.9168],[103.66522,34.93459],[103.68214,34.95431],[103.71029,34.96124],[103.71438,34.97178],[103.73052,34.9792],[103.72914,35.00181],[103.71683,35.00336],[103.69036,34.98693],[103.67783,34.99282],[103.70095,35.00826],[103.7271,35.01108],[103.70333,35.04177],[103.67793,35.0376],[103.67445,35.0532],[103.70318,35.04313],[103.70216,35.05499],[103.68219,35.07132],[103.66032,35.07583],[103.6492,35.11011],[103.63796,35.11692],[103.64193,35.12748],[103.6232,35.16424],[103.63515,35.18099],[103.60805,35.18291],[103.60029,35.19286],[103.58785,35.18327],[103.58762,35.20115],[103.57219,35.20242],[103.56375,35.19406],[103.55661,35.22254],[103.52832,35.22273],[103.50778,35.23325],[103.52199,35.24514],[103.50259,35.2345],[103.46678,35.23747],[103.45475,35.25844],[103.42908,35.25872],[103.42157,35.26611],[103.47084,35.34108],[103.55717,35.41253],[103.63304,35.44108],[103.69334,35.45051],[103.74882,35.45092],[103.77089,35.43287],[103.79855,35.43648]]]}},{"type":"Feature","id":"CTAMAP-2009-COUNTY-1001","properties":{"map_level":"county","source_name":"康县","source_code":"621224","county_type":"县","prefecture_name":"陇南市","prefecture_code":"621200","prefecture_type":"地级市","parent_entity_id":"CNUR-000310","parent_year_end_name":"陇南市","province_name":"甘肃省","province_code":"620000","snapshot_year":2009,"panel_year":2008,"link_status":"parent_linked","former_name":"","note":""},"geometry":{"type":"Polygon","coordinates":[[[105.87483,33.5388],[105.86991,33.51938],[105.83665,33.49496],[105.83332,33.47798],[105.84079,33.47114],[105.82325,33.46471],[105.83407,33.43862],[105.81962,33.38255],[105.77466,33.39172],[105.76564,33.3785],[105.75804,33.37932],[105.7323,33.38734],[105.72889,33.39767],[105.69887,33.39132],[105.75433,33.32307],[105.75034,33.31583],[105.73505,33.31511],[105.74719,33.28764],[105.78703,33.28418],[105.79132,33.26562],[105.83038,33.25589],[105.85852,33.23449],[105.89689,33.24565],[105.9188,33.24349],[105.93299,33.23149],[105.92909,33.22519],[105.94419,33.22102],[105.93259,33.21857],[105.93664,33.21411],[105.9586,33.21234],[105.97161,33.16344],[105.96791,33.14937],[105.94192,33.1558],[105.94264,33.17757],[105.92462,33.17939],[105.93561,33.18737],[105.92805,33.20177],[105.91344,33.17986],[105.92179,33.16967],[105.89099,33.14848],[105.90289,33.139],[105.92432,33.14999],[105.92117,33.13703],[105.90574,33.13261],[105.93417,33.12079],[105.9141,33.10738],[105.91434,33.09502],[105.9287,33.07841],[105.91122,33.06863],[105.90822,33.05773],[105.92584,33.02898],[105.91526,33.0184],[105.91622,32.99691],[105.89756,32.9907],[105.88575,32.97069],[105.86923,32.9648],[105.85848,32.94333],[105.8199,32.95913],[105.80356,32.94096],[105.75297,32.92643],[105.7257,32.90657],[105.70236,32.91532],[105.6917,32.90684],[105.66289,32.90667],[105.64671,32.892],[105.61969,32.88423],[105.61338,32.89003],[105.61419,32.9192],[105.59748,32.95135],[105.62195,32.9532],[105.64041,32.96938],[105.63345,32.98639],[105.61066,32.99113],[105.60062,33.01609],[105.56442,33.02074],[105.54976,33.03719],[105.54946,33.05859],[105.53062,33.068],[105.50008,33.11993],[105.48347,33.1201],[105.44117,33.15533],[105.42896,33.15247],[105.40792,33.16658],[105.38588,33.16314],[105.36301,33.20039],[105.34652,33.2063],[105.35896,33.23119],[105.33929,33.25889],[105.35886,33.27353],[105.35687,33.30547],[105.40585,33.32968],[105.38441,33.36572],[105.41009,33.39353],[105.38833,33.41757],[105.36587,33.42301],[105.35707,33.45176],[105.32321,33.47507],[105.28267,33.47256],[105.29169,33.49539],[105.28684,33.54088],[105.30394,33.55487],[105.30799,33.58201],[105.34052,33.57626],[105.37837,33.609],[105.39616,33.6514],[105.42352,33.63801],[105.43549,33.6474],[105.45504,33.64383],[105.46486,33.63768],[105.43532,33.63264],[105.46083,33.61293],[105.49144,33.59962],[105.52538,33.59916],[105.5555,33.56884],[105.5957,33.5555],[105.62064,33.55637],[105.62912,33.54233],[105.63594,33.55515],[105.65852,33.55214],[105.65774,33.53561],[105.67625,33.5445],[105.69325,33.54259],[105.69172,33.55252],[105.71029,33.55199],[105.71641,33.56924],[105.75052,33.57591],[105.74913,33.58496],[105.78252,33.57005],[105.79581,33.57833],[105.83367,33.53893],[105.87483,33.5388]]]}},{"type":"Feature","id":"CTAMAP-2009-COUNTY-1016","properties":{"map_level":"county","source_name":"崆峒区","source_code":"620802","county_type":"市辖区","prefecture_name":"平凉市","prefecture_code":"620800","prefecture_type":"地级市","parent_entity_id":"CNUR-000306","parent_year_end_name":"平凉市","province_name":"甘肃省","province_code":"620000","snapshot_year":2009,"panel_year":2008,"link_status":"parent_linked","former_name":"平凉市","note":"2002年撤销平凉市，设立崆峒区"},"geometry":{"type":"Polygon","coordinates":[[[106.74819,35.68859],[106.87284,35.63145],[106.88087,35.63363],[106.91567,35.58373],[106.95775,35.56148],[106.9986,35.52075],[107.04802,35.49137],[107.0538,35.46497],[107.05986,35.48068],[107.09424,35.46418],[107.09577,35.47733],[107.11804,35.49365],[107.16895,35.46474],[107.19209,35.4467],[107.16438,35.43749],[107.16907,35.41201],[107.17453,35.41188],[107.1672,35.38666],[107.12066,35.40507],[107.10368,35.3801],[107.08272,35.38065],[107.08251,35.38679],[107.06487,35.3773],[107.03066,35.38831],[106.98508,35.38641],[106.97814,35.39725],[106.96545,35.38666],[106.95621,35.40017],[106.94019,35.40382],[106.92298,35.39428],[106.92427,35.36971],[106.90851,35.36744],[106.90702,35.37797],[106.8764,35.36792],[106.85494,35.37533],[106.84996,35.36718],[106.8561,35.34478],[106.89321,35.32121],[106.86949,35.31198],[106.86246,35.32487],[106.8471,35.3317],[106.82001,35.31493],[106.81561,35.30583],[106.8285,35.28876],[106.84027,35.29339],[106.85061,35.28663],[106.84417,35.27299],[106.83379,35.27154],[106.78789,35.28037],[106.78513,35.29233],[106.77383,35.29564],[106.76709,35.28728],[106.72713,35.28456],[106.69684,35.32407],[106.6739,35.32074],[106.65155,35.32932],[106.63321,35.36901],[106.61107,35.3567],[106.60959,35.36209],[106.59501,35.35778],[106.5898,35.38046],[106.55774,35.38141],[106.55814,35.39254],[106.49014,35.39034],[106.50046,35.41799],[106.47799,35.44956],[106.48504,35.48416],[106.46111,35.48146],[106.4592,35.50209],[106.43547,35.52469],[106.44669,35.53641],[106.45418,35.57633],[106.47678,35.57744],[106.46156,35.62068],[106.44885,35.63229],[106.45587,35.64418],[106.43217,35.66449],[106.42982,35.68888],[106.44495,35.69585],[106.46078,35.71861],[106.48333,35.72295],[106.48803,35.73651],[106.5132,35.73485],[106.5177,35.72548],[106.52167,35.74234],[106.56015,35.74025],[106.59268,35.72799],[106.59261,35.74649],[106.59839,35.74829],[106.60672,35.73853],[106.61487,35.74416],[106.62607,35.71499],[106.66917,35.70066],[106.66437,35.71794],[106.67668,35.73142],[106.69255,35.72445],[106.69841,35.71066],[106.72633,35.68813],[106.74819,35.68859]]]}},{"type":"Feature","id":"CTAMAP-2009-COUNTY-1083","properties":{"map_level":"county","source_name":"礼县","source_code":"621226","county_type":"县","prefecture_name":"陇南市","prefecture_code":"621200","prefecture_type":"地级市","parent_entity_id":"CNUR-000310","parent_year_end_name":"陇南市","province_name":"甘肃省","province_code":"620000","snapshot_year":2009,"panel_year":2008,"link_status":"parent_linked","former_name":"","note":""},"geometry":{"type":"Polygon","coordinates":[[[105.55172,34.10256],[105.53698,34.09746],[105.52038,34.11393],[105.51078,34.1034],[105.49775,34.10528],[105.50018,34.09262],[105.48793,34.07994],[105.45393,34.08404],[105.44247,34.09489],[105.40859,34.18687],[105.39122,34.217],[105.38096,34.22191],[105.3862,34.22756],[105.33863,34.2147],[105.32726,34.20492],[105.33241,34.16751],[105.29163,34.15545],[105.27411,34.13838],[105.23865,34.14048],[105.22505,34.11738],[105.19675,34.11292],[105.16927,34.08869],[105.1852,34.06713],[105.19049,34.04098],[105.18306,34.02561],[105.15607,34.01313],[105.15294,33.99125],[105.13751,33.9782],[105.1517,33.95703],[105.13807,33.93838],[105.14073,33.91503],[105.11394,33.90857],[105.11358,33.86679],[105.12787,33.85478],[105.11705,33.84529],[105.11799,33.83159],[105.12614,33.8264],[105.12045,33.81755],[105.14691,33.81148],[105.15253,33.80315],[105.15199,33.78335],[105.13422,33.76905],[105.13364,33.74789],[105.1566,33.73534],[105.15769,33.70071],[105.11513,33.71358],[105.07009,33.70688],[105.07172,33.68992],[105.05178,33.67625],[105.04538,33.65679],[105.06353,33.62146],[105.05099,33.60281],[105.01494,33.59499],[104.9818,33.6206],[104.97714,33.64811],[104.95614,33.65441],[104.94777,33.68145],[104.93413,33.67499],[104.92138,33.68486],[104.92435,33.69228],[104.90576,33.70092],[104.88805,33.69033],[104.88946,33.66683],[104.87096,33.65383],[104.8631,33.6363],[104.82807,33.63539],[104.78641,33.66081],[104.75387,33.64936],[104.74562,33.648],[104.73008,33.64986],[104.73553,33.6595],[104.76118,33.66419],[104.76052,33.69793],[104.7741,33.69866],[104.77923,33.71093],[104.76607,33.72522],[104.72228,33.74667],[104.71566,33.76588],[104.74751,33.77837],[104.75831,33.77426],[104.76006,33.78094],[104.72505,33.79882],[104.72355,33.81097],[104.7336,33.81239],[104.73948,33.82385],[104.74078,33.88057],[104.7798,33.87508],[104.78256,33.8977],[104.80168,33.89965],[104.79465,33.91444],[104.80727,33.92109],[104.80672,33.93252],[104.7934,33.94296],[104.78991,33.95705],[104.804,33.9783],[104.78454,33.99337],[104.77475,33.9863],[104.76163,33.99056],[104.74047,34.04447],[104.70684,34.07945],[104.69926,34.09929],[104.65597,34.13534],[104.65432,34.15571],[104.63339,34.16572],[104.62025,34.19291],[104.6301,34.22019],[104.6909,34.23993],[104.69165,34.25376],[104.71682,34.2511],[104.73483,34.23182],[104.7494,34.23948],[104.7838,34.23341],[104.77828,34.2457],[104.78759,34.2593],[104.80709,34.25427],[104.81251,34.27905],[104.84146,34.28372],[104.86487,34.30908],[104.84953,34.32357],[104.85805,34.33811],[104.84032,34.37753],[104.84984,34.38424],[104.88793,34.38023],[104.95121,34.39192],[104.97455,34.3829],[104.99021,34.40146],[104.97976,34.40858],[104.98586,34.42664],[105.02911,34.41962],[105.04987,34.44178],[105.06632,34.44363],[105.07995,34.46182],[105.10639,34.46304],[105.1254,34.51086],[105.14151,34.51487],[105.14207,34.52643],[105.19874,34.52635],[105.20042,34.51985],[105.22301,34.53431],[105.23993,34.52992],[105.24493,34.51638],[105.23691,34.5143],[105.25079,34.4991],[105.25864,34.44932],[105.2883,34.44072],[105.29367,34.42926],[105.30947,34.43136],[105.3034,34.44163],[105.30876,34.44301],[105.34652,34.43238],[105.38123,34.41117],[105.40418,34.42347],[105.4176,34.41995],[105.46815,34.38306],[105.51523,34.30985],[105.54725,34.32052],[105.55471,34.30761],[105.52398,34.2791],[105.55067,34.2592],[105.53718,34.24653],[105.55716,34.22485],[105.54381,34.22207],[105.55359,34.21162],[105.55643,34.17809],[105.54567,34.15455],[105.561,34.14146],[105.54852,34.11856],[105.55172,34.10256]]]}},{"type":"Feature","id":"CTAMAP-2009-COUNTY-1122","properties":{"map_level":"county","source_name":"凉州区","source_code":"620602","county_type":"市辖区","prefecture_name":"武威市","prefecture_code":"620600","prefecture_type":"地级市","parent_entity_id":"CNUR-000304","parent_year_end_name":"武威市","province_name":"甘肃省","province_code":"620000","snapshot_year":2009,"panel_year":2008,"link_status":"parent_linked","former_name":"","note":""},"geometry":{"type":"Polygon","coordinates":[[[103.36074,38.0865],[103.3478,38.0569],[103.35691,38.04365],[103.35523,38.01588],[103.37766,37.96719],[103.38786,37.91651],[103.05899,37.77151],[102.96216,37.75843],[102.96381,37.73596],[102.98371,37.71717],[102.97437,37.71171],[102.99271,37.7034],[102.9823,37.67706],[102.94296,37.68092],[102.93302,37.67077],[102.88291,37.6581],[102.8639,37.62853],[102.86851,37.61156],[102.85774,37.60755],[102.76479,37.49352],[102.75572,37.47228],[102.76028,37.45896],[102.7474,37.44482],[102.75433,37.42275],[102.743,37.40415],[102.73034,37.39781],[102.71927,37.41856],[102.69036,37.40411],[102.67302,37.4064],[102.67384,37.3872],[102.65241,37.39507],[102.64426,37.40734],[102.6553,37.41524],[102.65343,37.42236],[102.62014,37.42912],[102.60443,37.45689],[102.59695,37.45786],[102.59107,37.44467],[102.57906,37.45285],[102.59496,37.47547],[102.57001,37.49537],[102.56391,37.5089],[102.5712,37.51604],[102.56183,37.53845],[102.54693,37.54034],[102.5434,37.5504],[102.55254,37.55526],[102.56582,37.54185],[102.57769,37.54149],[102.60766,37.55969],[102.63879,37.54983],[102.65809,37.56646],[102.64964,37.59015],[102.6753,37.60448],[102.67272,37.63303],[102.65978,37.6442],[102.63445,37.64516],[102.63147,37.66689],[102.60761,37.66809],[102.60225,37.67964],[102.58532,37.67978],[102.55512,37.65686],[102.53676,37.65755],[102.55849,37.68085],[102.53462,37.69044],[102.54123,37.71608],[102.53143,37.72171],[102.51903,37.71494],[102.50568,37.7303],[102.50575,37.74718],[102.47432,37.73157],[102.4591,37.73943],[102.45123,37.74893],[102.46533,37.7663],[102.45698,37.78345],[102.4457,37.78644],[102.44452,37.80157],[102.42506,37.79188],[102.45327,37.80973],[102.43588,37.84668],[102.45102,37.8535],[102.44122,37.87304],[102.4091,37.87989],[102.3948,37.89427],[102.35828,37.87729],[102.35071,37.86606],[102.33074,37.87572],[102.25823,37.86737],[102.23449,37.8615],[102.22184,37.84631],[102.15332,37.87418],[102.15179,37.88446],[102.17294,37.89867],[102.16169,37.92421],[102.16975,37.92916],[102.17126,37.96207],[102.15014,37.96844],[102.14736,37.98002],[102.12338,37.99714],[102.12485,38.00556],[102.10677,38.0113],[102.1057,38.02482],[102.09237,38.03392],[102.132,38.04384],[102.16167,38.06192],[102.17459,38.05158],[102.18447,38.06224],[102.19122,38.05523],[102.21065,38.06043],[102.23219,38.11309],[102.27539,38.12848],[102.32129,38.13067],[102.32088,38.13819],[102.37153,38.14542],[102.39953,38.13614],[102.41116,38.11244],[102.43257,38.11068],[102.53271,38.185],[102.60874,38.1723],[102.64125,38.15897],[102.69541,38.15393],[102.7131,38.16],[102.75071,38.21302],[102.74956,38.1844],[102.75898,38.17545],[102.76355,38.18162],[102.80115,38.18267],[102.81383,38.1729],[103.17045,38.17051],[103.24643,38.10465],[103.29066,38.10337],[103.31528,38.0689],[103.36074,38.0865]]]}},{"type":"Feature","id":"CTAMAP-2009-COUNTY-1129","properties":{"map_level":"county","source_name":"两当县","source_code":"621228","county_type":"县","prefecture_name":"陇南市","prefecture_code":"621200","prefecture_type":"地级市","parent_entity_id":"CNUR-000310","parent_year_end_name":"陇南市","province_name":"甘肃省","province_code":"620000","snapshot_year":2009,"panel_year":2008,"link_status":"parent_linked","former_name":"","note":""},"geometry":{"type":"Polygon","coordinates":[[[106.57567,33.63162],[106.5769,33.57797],[106.54816,33.57841],[106.55842,33.54608],[106.55515,33.53214],[106.53927,33.51957],[106.51025,33.51513],[106.48806,33.5408],[106.46544,33.5265],[106.44802,33.56492],[106.45127,33.58191],[106.44125,33.61978],[106.44864,33.6266],[106.40229,33.63811],[106.40678,33.66237],[106.39381,33.67022],[106.39409,33.67809],[106.36378,33.67719],[106.34991,33.69633],[106.32431,33.70127],[106.31823,33.71038],[106.32538,33.7227],[106.31272,33.72791],[106.31725,33.73789],[106.3031,33.7458],[106.27193,33.7529],[106.26403,33.73775],[106.24858,33.73391],[106.22836,33.73732],[106.22812,33.74908],[106.20356,33.75292],[106.21051,33.77248],[106.19354,33.78937],[106.23469,33.80599],[106.24773,33.82864],[106.23631,33.84931],[106.25091,33.86559],[106.24768,33.90727],[106.21308,33.9392],[106.23166,33.95085],[106.23908,34.00728],[106.27265,34.00656],[106.27496,34.01755],[106.26355,34.04913],[106.24063,34.05888],[106.20072,34.04963],[106.19804,34.06118],[106.21339,34.10633],[106.24381,34.13443],[106.24053,34.15439],[106.25122,34.15286],[106.26318,34.16305],[106.27248,34.19218],[106.26597,34.20966],[106.27872,34.22776],[106.31879,34.23197],[106.3407,34.1701],[106.31975,34.1362],[106.33357,34.10399],[106.3616,34.10038],[106.37592,34.11289],[106.41063,34.11149],[106.4408,34.12623],[106.45222,34.14529],[106.46581,34.14589],[106.4691,34.17896],[106.48962,34.20024],[106.48391,34.25201],[106.5174,34.24365],[106.52269,34.25764],[106.55305,34.22808],[106.55261,34.20569],[106.56082,34.19795],[106.55618,34.19119],[106.56672,34.16447],[106.58097,34.15118],[106.57815,34.14316],[106.55632,34.1112],[106.4968,34.11264],[106.50484,34.07353],[106.48003,34.03571],[106.46642,34.03282],[106.47572,33.99587],[106.46214,33.95962],[106.44994,33.95752],[106.44155,33.93649],[106.40377,33.90771],[106.41769,33.89489],[106.4132,33.88402],[106.42285,33.87032],[106.44639,33.87055],[106.45888,33.88605],[106.49074,33.8572],[106.49364,33.85011],[106.48013,33.8335],[106.46469,33.83392],[106.45662,33.81881],[106.45487,33.79247],[106.47672,33.78778],[106.47983,33.77614],[106.48441,33.74505],[106.47684,33.71697],[106.51948,33.70288],[106.53506,33.68079],[106.551,33.67517],[106.54598,33.66082],[106.57567,33.63162]]]}},{"type":"Feature","id":"CTAMAP-2009-COUNTY-1152","properties":{"map_level":"county","source_name":"临潭县","source_code":"623021","county_type":"县","prefecture_name":"甘南藏族自治州","prefecture_code":"623000","prefecture_type":"自治州","parent_entity_id":"CNUR-000312","parent_year_end_name":"甘南藏族自治州","province_name":"甘肃省","province_code":"620000","snapshot_year":2009,"panel_year":2008,"link_status":"parent_linked","former_name":"","note":""},"geometry":{"type":"MultiPolygon","coordinates":[[[[103.67445,35.0532],[103.67793,35.0376],[103.70333,35.04177],[103.7271,35.01108],[103.70095,35.00826],[103.67783,34.99282],[103.69036,34.98693],[103.72717,35.00494],[103.73052,34.9792],[103.71438,34.97178],[103.71029,34.96124],[103.68214,34.95431],[103.66522,34.93459],[103.66896,34.9168],[103.6853,34.90835],[103.71084,34.91963],[103.79052,34.93093],[103.82174,34.92213],[103.82635,34.90841],[103.8393,34.90285],[103.83225,34.89979],[103.8366,34.89204],[103.79127,34.87698],[103.79941,34.86205],[103.77274,34.82258],[103.78186,34.81611],[103.76486,34.8087],[103.78481,34.8067],[103.77389,34.78602],[103.80014,34.75816],[103.79656,34.74362],[103.80836,34.74547],[103.84896,34.69258],[103.85971,34.68826],[103.83883,34.61992],[103.8249,34.60338],[103.84587,34.5831],[103.83034,34.56316],[103.83089,34.5488],[103.813,34.54023],[103.76745,34.54051],[103.7665,34.52577],[103.78632,34.50366],[103.76132,34.49269],[103.68834,34.52447],[103.68888,34.53346],[103.67825,34.53728],[103.68446,34.55267],[103.67259,34.5662],[103.63947,34.56853],[103.64699,34.55344],[103.6399,34.5485],[103.63183,34.55767],[103.618,34.55055],[103.61418,34.56285],[103.62236,34.56776],[103.60765,34.57599],[103.55939,34.57243],[103.55653,34.58319],[103.57313,34.58851],[103.57162,34.63035],[103.55694,34.63685],[103.5423,34.62679],[103.56117,34.61341],[103.54151,34.60926],[103.52306,34.61592],[103.51393,34.64085],[103.52176,34.64807],[103.51906,34.65989],[103.50809,34.66805],[103.49352,34.66529],[103.49746,34.64341],[103.48556,34.63491],[103.47417,34.63769],[103.47286,34.62687],[103.44848,34.62943],[103.43024,34.6177],[103.42472,34.64488],[103.43912,34.65863],[103.43704,34.67239],[103.41373,34.66449],[103.41313,34.65535],[103.4235,34.65244],[103.41408,34.64271],[103.39357,34.6579],[103.38414,34.65235],[103.35945,34.66173],[103.32725,34.6404],[103.29889,34.64601],[103.29379,34.6285],[103.31148,34.59616],[103.30325,34.57868],[103.26427,34.55856],[103.23676,34.52475],[103.22787,34.5223],[103.20221,34.5375],[103.20022,34.56062],[103.21422,34.57244],[103.19732,34.59073],[103.19539,34.63173],[103.20748,34.64266],[103.22986,34.63607],[103.23575,34.64286],[103.2765,34.62942],[103.27853,34.64022],[103.25167,34.66168],[103.30193,34.66673],[103.28852,34.6833],[103.25081,34.67996],[103.25001,34.69362],[103.26196,34.71061],[103.27993,34.71312],[103.34282,34.70371],[103.34395,34.71562],[103.3008,34.71856],[103.31113,34.73684],[103.33282,34.73452],[103.33242,34.74877],[103.3608,34.73427],[103.35717,34.71897],[103.36388,34.71094],[103.39904,34.71751],[103.39375,34.70313],[103.41399,34.7126],[103.4085,34.73539],[103.45289,34.73592],[103.46534,34.73013],[103.49587,34.73384],[103.48972,34.71753],[103.52667,34.70314],[103.5408,34.71256],[103.57448,34.70392],[103.57389,34.7192],[103.54223,34.71598],[103.53728,34.72583],[103.58011,34.7391],[103.57985,34.75082],[103.59393,34.76161],[103.59085,34.79455],[103.61355,34.79903],[103.61367,34.82324],[103.63007,34.83371],[103.64578,34.83339],[103.63967,34.85694],[103.62488,34.87179],[103.60784,34.87853],[103.57308,34.86696],[103.56475,34.88885],[103.6016,34.95642],[103.59837,34.98706],[103.61864,34.9979],[103.60346,35.0322],[103.62712,35.04489],[103.63271,35.08079],[103.67445,35.0532]],[[103.44139,34.7079],[103.43693,34.70117],[103.44996,34.68203],[103.44193,34.66751],[103.45046,34.66688],[103.47628,34.69909],[103.44139,34.7079]]],[[[103.18534,34.79943],[103.21917,34.78808],[103.22192,34.77545],[103.24126,34.7647],[103.19857,34.75157],[103.17948,34.78651],[103.18534,34.79943]]],[[[103.35485,34.77854],[103.32516,34.76731],[103.32925,34.79352],[103.32256,34.81414],[103.3448,34.8089],[103.35907,34.79293],[103.35485,34.77854]]]]}},{"type":"Feature","id":"CTAMAP-2009-COUNTY-1153","properties":{"map_level":"county","source_name":"临洮县","source_code":"621124","county_type":"县","prefecture_name":"定西市","prefecture_code":"621100","prefecture_type":"地级市","parent_entity_id":"CNUR-000309","parent_year_end_name":"定西市","province_name":"甘肃省","province_code":"620000","snapshot_year":2009,"panel_year":2008,"link_status":"parent_linked","former_name":"","note":""},"geometry":{"type":"Polygon","coordinates":[[[103.62123,35.93874],[103.64448,35.9314],[103.6615,35.91354],[103.68188,35.92653],[103.705,35.92598],[103.71482,35.92227],[103.71355,35.91095],[103.74785,35.8942],[103.76426,35.88929],[103.77411,35.89769],[103.78113,35.84904],[103.79275,35.8535],[103.79978,35.84374],[103.8335,35.84175],[103.83935,35.82883],[103.83332,35.81973],[103.84676,35.80634],[103.84587,35.77835],[103.86682,35.79726],[103.90351,35.77398],[103.9179,35.75551],[103.98295,35.73515],[104.00029,35.71505],[104.01749,35.71537],[104.02446,35.69988],[104.05739,35.68175],[104.06617,35.66374],[104.09005,35.65553],[104.09961,35.6369],[104.11318,35.63759],[104.12949,35.62051],[104.15748,35.64301],[104.15463,35.65197],[104.16012,35.64414],[104.17538,35.64919],[104.20776,35.6126],[104.19678,35.59546],[104.22574,35.59201],[104.23973,35.5783],[104.23374,35.56713],[104.23869,35.55316],[104.2262,35.55041],[104.22917,35.51933],[104.21295,35.506],[104.24107,35.49792],[104.25348,35.47035],[104.28746,35.44632],[104.30805,35.44577],[104.319,35.45363],[104.32348,35.43605],[104.3094,35.42272],[104.31311,35.40357],[104.30459,35.3581],[104.28621,35.36185],[104.27779,35.37726],[104.24914,35.39345],[104.22803,35.37992],[104.21562,35.41566],[104.18845,35.38888],[104.17356,35.39617],[104.16784,35.38257],[104.14007,35.38684],[104.13574,35.35056],[104.14228,35.33447],[104.15331,35.3291],[104.11196,35.30874],[104.11726,35.29947],[104.10637,35.28717],[104.10612,35.2686],[104.09602,35.26466],[104.09711,35.2563],[104.075,35.22833],[104.04141,35.21339],[104.02581,35.19396],[103.99568,35.18897],[103.97241,35.21828],[103.96694,35.24864],[103.9486,35.25604],[103.92779,35.25366],[103.91556,35.2416],[103.92194,35.23003],[103.8928,35.23294],[103.88113,35.22343],[103.89939,35.22594],[103.90145,35.21841],[103.87511,35.20744],[103.88427,35.19932],[103.88253,35.17295],[103.85487,35.12048],[103.83297,35.12534],[103.83325,35.11664],[103.82223,35.11652],[103.81371,35.12666],[103.78373,35.12337],[103.78544,35.10732],[103.79637,35.0962],[103.79903,35.06145],[103.76169,35.07497],[103.75351,35.08939],[103.73408,35.10032],[103.74348,35.1201],[103.72634,35.13104],[103.71887,35.12333],[103.71323,35.12872],[103.71012,35.18389],[103.71972,35.19488],[103.6852,35.19782],[103.68251,35.20517],[103.69095,35.20887],[103.6878,35.21989],[103.71548,35.26476],[103.73083,35.2753],[103.73564,35.31482],[103.74839,35.31412],[103.7739,35.35449],[103.77821,35.38861],[103.80038,35.39961],[103.80353,35.39283],[103.81145,35.396],[103.81331,35.41632],[103.79855,35.43648],[103.82095,35.44333],[103.85752,35.49894],[103.83757,35.49777],[103.82226,35.52917],[103.80647,35.53632],[103.76606,35.623],[103.66936,35.69027],[103.64434,35.7137],[103.6413,35.73031],[103.62507,35.73981],[103.62134,35.75306],[103.59613,35.7542],[103.59421,35.77751],[103.5668,35.79844],[103.56637,35.80907],[103.54923,35.80303],[103.51345,35.85321],[103.46608,35.87937],[103.47356,35.88975],[103.46974,35.91616],[103.4849,35.91262],[103.51196,35.94508],[103.55105,35.93372],[103.55807,35.90692],[103.57361,35.90322],[103.59901,35.91012],[103.60739,35.93165],[103.62123,35.93874]]]}},{"type":"Feature","id":"CTAMAP-2009-COUNTY-1158","properties":{"map_level":"county","source_name":"临夏市","source_code":"622901","county_type":"县级市","prefecture_name":"临夏回族自治州","prefecture_code":"622900","prefecture_type":"自治州","parent_entity_id":"CNUR-000311","parent_year_end_name":"临夏回族自治州","province_name":"甘肃省","province_code":"620000","snapshot_year":2009,"panel_year":2008,"link_status":"parent_linked","former_name":"","note":""},"geometry":{"type":"Polygon","coordinates":[[[103.25472,35.65352],[103.26076,35.63658],[103.28079,35.63315],[103.27033,35.623],[103.26982,35.59513],[103.25463,35.59248],[103.24142,35.57297],[103.15976,35.54149],[103.16766,35.53462],[103.14495,35.53022],[103.12882,35.51659],[103.11487,35.51465],[103.10749,35.52891],[103.11593,35.53909],[103.09251,35.55039],[103.07988,35.54727],[103.08907,35.55699],[103.12816,35.56025],[103.14445,35.57719],[103.18828,35.59614],[103.23074,35.64319],[103.25472,35.65352]]]}},{"type":"Feature","id":"CTAMAP-2009-COUNTY-1159","properties":{"map_level":"county","source_name":"临夏县","source_code":"622921","county_type":"县","prefecture_name":"临夏回族自治州","prefecture_code":"622900","prefecture_type":"自治州","parent_entity_id":"CNUR-000311","parent_year_end_name":"临夏回族自治州","province_name":"甘肃省","province_code":"620000","snapshot_year":2009,"panel_year":2008,"link_status":"parent_linked","former_name":"","note":""},"geometry":{"type":"Polygon","coordinates":[[[103.25472,35.65352],[103.23074,35.64319],[103.18828,35.59614],[103.14445,35.57719],[103.12816,35.56025],[103.0811,35.55267],[103.08057,35.5467],[103.09251,35.55039],[103.11593,35.53909],[103.10749,35.52891],[103.11487,35.51465],[103.16766,35.53462],[103.15976,35.54149],[103.24142,35.57297],[103.25552,35.59277],[103.27419,35.59492],[103.28093,35.56963],[103.27215,35.56036],[103.28518,35.56399],[103.29546,35.5572],[103.27326,35.5263],[103.29163,35.51807],[103.27877,35.50193],[103.26473,35.4998],[103.25353,35.51427],[103.23109,35.51209],[103.16386,35.48697],[103.14815,35.45827],[103.16198,35.44374],[103.15696,35.42425],[103.11741,35.39189],[103.1269,35.36666],[103.10081,35.33763],[103.09822,35.29358],[103.08401,35.27396],[103.04922,35.27013],[102.9957,35.28817],[102.9702,35.25162],[102.95262,35.26238],[102.94582,35.30392],[102.9545,35.31591],[102.95767,35.3853],[102.94672,35.40795],[102.91122,35.42993],[102.88448,35.40636],[102.86137,35.41367],[102.81984,35.46431],[102.74744,35.48524],[102.74233,35.49411],[102.78095,35.52795],[102.77874,35.53426],[102.72629,35.5243],[102.72547,35.53275],[102.74169,35.54616],[102.77931,35.54913],[102.79137,35.56083],[102.80447,35.55775],[102.80203,35.57183],[102.76803,35.59831],[102.87029,35.55929],[102.90872,35.56251],[102.92576,35.57895],[102.94728,35.58043],[102.96606,35.59413],[102.9832,35.58883],[102.99499,35.59824],[103.00181,35.57743],[103.01049,35.57634],[103.02866,35.60807],[103.05939,35.61926],[103.07596,35.61429],[103.06954,35.64149],[103.08721,35.63485],[103.09971,35.64394],[103.10457,35.71862],[103.09367,35.7346],[103.09129,35.76196],[103.13979,35.78455],[103.16375,35.8111],[103.19714,35.74668],[103.21009,35.74408],[103.22394,35.72185],[103.24061,35.71852],[103.2421,35.70789],[103.27231,35.68923],[103.25472,35.65352]]]}},{"type":"Feature","id":"CTAMAP-2009-COUNTY-1166","properties":{"map_level":"county","source_name":"临泽县","source_code":"620723","county_type":"县","prefecture_name":"张掖市","prefecture_code":"620700","prefecture_type":"地级市","parent_entity_id":"CNUR-000305","parent_year_end_name":"张掖市","province_name":"甘肃省","province_code":"620000","snapshot_year":2009,"panel_year":2008,"link_status":"parent_linked","former_name":"","note":""},"geometry":{"type":"Polygon","coordinates":[[[100.49778,39.48028],[100.502,39.3159],[100.49259,39.26478],[100.47707,39.23078],[100.46345,39.22499],[100.45148,39.18856],[100.4355,39.18252],[100.44176,39.14968],[100.41687,39.13056],[100.40064,39.12619],[100.38662,39.14609],[100.32732,39.15895],[100.3063,39.1758],[100.28276,39.18095],[100.26623,39.21007],[100.22078,39.21248],[100.21574,39.20037],[100.2234,39.16601],[100.19105,39.14156],[100.18162,39.10701],[100.19704,39.10039],[100.19212,39.08366],[100.21234,39.06368],[100.22852,39.01775],[100.22741,38.99574],[100.10651,38.9914],[100.08926,38.96472],[100.06953,38.96058],[100.05399,38.9653],[100.03823,38.95741],[100.01828,38.96777],[100.00689,38.95968],[99.99524,38.96329],[99.99025,38.96672],[100.00747,38.98585],[99.9987,38.9931],[100.00939,39.01153],[100.03116,39.01689],[100.02336,39.02747],[100.0387,39.03497],[100.0264,39.06044],[100.00122,39.05838],[99.99064,39.07141],[99.9955,39.08247],[99.99029,39.08777],[99.92648,39.12003],[99.88518,39.16311],[99.85653,39.16907],[99.94325,39.25264],[99.9273,39.26704],[99.92497,39.2916],[99.96938,39.30247],[99.93969,39.32041],[99.92978,39.34525],[99.91836,39.34748],[99.96158,39.35782],[99.937,39.36726],[99.95725,39.54528],[99.94987,39.57645],[100.00296,39.6292],[100.00478,39.64054],[100.05062,39.65251],[100.11226,39.68116],[100.11428,39.70482],[100.26236,39.6767],[100.31081,39.60806],[100.29806,39.57181],[100.3236,39.50827],[100.49778,39.48028]]]}},{"type":"Feature","id":"CTAMAP-2009-COUNTY-1177","properties":{"map_level":"county","source_name":"灵台县","source_code":"620822","county_type":"县","prefecture_name":"平凉市","prefecture_code":"620800","prefecture_type":"地级市","parent_entity_id":"CNUR-000306","parent_year_end_name":"平凉市","province_name":"甘肃省","province_code":"620000","snapshot_year":2009,"panel_year":2008,"link_status":"parent_linked","former_name":"","note":""},"geometry":{"type":"Polygon","coordinates":[[[107.21619,35.22992],[107.25686,35.21466],[107.26103,35.20226],[107.26932,35.20901],[107.26162,35.21524],[107.275,35.23685],[107.29421,35.20536],[107.32394,35.21302],[107.33911,35.19731],[107.3491,35.20796],[107.38065,35.20783],[107.39877,35.22075],[107.42333,35.21906],[107.43623,35.2353],[107.45741,35.2345],[107.45829,35.21903],[107.47246,35.22087],[107.48896,35.21005],[107.49633,35.21663],[107.53177,35.21549],[107.54657,35.19347],[107.56433,35.1906],[107.56546,35.17543],[107.57098,35.18915],[107.58425,35.17482],[107.59273,35.18866],[107.61105,35.18577],[107.63699,35.19765],[107.65853,35.19065],[107.68405,35.20139],[107.71345,35.1781],[107.70861,35.15968],[107.72434,35.12732],[107.71688,35.11408],[107.76137,35.08781],[107.75519,35.07145],[107.79418,35.03557],[107.80699,35.02611],[107.84411,35.02513],[107.83633,35.01461],[107.83919,35.00455],[107.85946,34.99788],[107.84517,34.98222],[107.80194,34.97446],[107.79513,34.96765],[107.79979,34.95739],[107.76592,34.96405],[107.71566,34.95208],[107.70862,34.9652],[107.69993,34.95095],[107.67048,34.95155],[107.65216,34.9446],[107.64545,34.93245],[107.63459,34.93664],[107.63484,34.91931],[107.62184,34.92247],[107.62824,34.96095],[107.61025,34.96911],[107.59725,34.96365],[107.59317,34.95234],[107.57307,34.96776],[107.56067,34.96501],[107.54134,34.93816],[107.52252,34.9279],[107.52556,34.91469],[107.49363,34.90765],[107.4738,34.92414],[107.46684,34.91479],[107.44849,34.91588],[107.41119,34.93573],[107.37515,34.93297],[107.36349,34.91265],[107.33761,34.94147],[107.30367,34.93709],[107.29141,34.94462],[107.27742,34.90995],[107.25761,34.90813],[107.24794,34.88337],[107.22779,34.89125],[107.21818,34.87916],[107.2024,34.88707],[107.18945,34.88126],[107.17864,34.89628],[107.18433,34.90663],[107.17034,34.93731],[107.14661,34.93765],[107.1377,34.94896],[107.11992,34.94679],[107.08656,34.97253],[107.08157,34.98048],[107.09187,34.99543],[107.08671,35.0134],[107.05244,35.02646],[107.06712,35.04891],[107.05966,35.05321],[107.05605,35.07638],[107.02072,35.08324],[107.00511,35.10773],[107.02248,35.14681],[107.0589,35.14897],[107.06797,35.15963],[107.06852,35.20407],[107.07684,35.21244],[107.06391,35.22406],[107.06753,35.24252],[107.09409,35.24491],[107.10847,35.223],[107.10173,35.21818],[107.12167,35.20377],[107.14985,35.22287],[107.18663,35.22346],[107.19605,35.21333],[107.21619,35.22992]]]}},{"type":"Feature","id":"CTAMAP-2009-COUNTY-1237","properties":{"map_level":"county","source_name":"陇西县","source_code":"621122","county_type":"县","prefecture_name":"定西市","prefecture_code":"621100","prefecture_type":"地级市","parent_entity_id":"CNUR-000309","parent_year_end_name":"定西市","province_name":"甘肃省","province_code":"620000","snapshot_year":2009,"panel_year":2008,"link_status":"parent_linked","former_name":"","note":""},"geometry":{"type":"Polygon","coordinates":[[[104.87785,35.30066],[104.85096,35.27054],[104.84851,35.25566],[104.85696,35.24316],[104.83413,35.23724],[104.83381,35.22596],[104.79696,35.19564],[104.83283,35.2055],[104.85813,35.1907],[104.87257,35.14907],[104.88635,35.14447],[104.88401,35.13103],[104.86423,35.13772],[104.84371,35.1311],[104.82843,35.09522],[104.83421,35.06902],[104.84651,35.08035],[104.85848,35.05979],[104.87195,35.06671],[104.8812,35.05666],[104.8606,35.03979],[104.87286,35.02861],[104.87466,35.00708],[104.86736,34.99429],[104.87212,34.97082],[104.89419,34.93953],[104.89238,34.92857],[104.90734,34.91711],[104.89889,34.90765],[104.90691,34.90484],[104.90123,34.88932],[104.88977,34.87628],[104.89293,34.86299],[104.75505,34.87023],[104.73757,34.85948],[104.73907,34.86687],[104.72755,34.87078],[104.70205,34.85751],[104.65867,34.87583],[104.63481,34.8769],[104.61779,34.87239],[104.61432,34.85563],[104.59699,34.84073],[104.57311,34.85836],[104.56682,34.87711],[104.55313,34.87582],[104.53897,34.89043],[104.49444,34.8858],[104.47931,34.89362],[104.39125,34.89752],[104.38649,34.92199],[104.36881,34.93468],[104.34762,34.94054],[104.35247,34.92457],[104.34198,34.91607],[104.32367,34.92974],[104.32547,34.95558],[104.31419,34.9608],[104.32812,35.0179],[104.32326,35.02785],[104.34715,35.04269],[104.35134,35.06376],[104.40041,35.1019],[104.3509,35.10286],[104.35633,35.13897],[104.33615,35.13486],[104.33395,35.15432],[104.34246,35.16758],[104.38863,35.19811],[104.39939,35.22692],[104.38364,35.22973],[104.38625,35.23975],[104.40705,35.25809],[104.44167,35.26408],[104.47594,35.33162],[104.51861,35.34688],[104.549,35.3779],[104.6448,35.38574],[104.70349,35.35235],[104.73936,35.37127],[104.75664,35.36961],[104.76441,35.38539],[104.78363,35.3855],[104.78529,35.39926],[104.81211,35.38287],[104.82401,35.38747],[104.83002,35.37801],[104.82057,35.35492],[104.82492,35.32723],[104.87496,35.32407],[104.86602,35.31362],[104.87785,35.30066]]]}},{"type":"Feature","id":"CTAMAP-2009-COUNTY-1268","properties":{"map_level":"county","source_name":"碌曲县","source_code":"623026","county_type":"县","prefecture_name":"甘南藏族自治州","prefecture_code":"623000","prefecture_type":"自治州","parent_entity_id":"CNUR-000312","parent_year_end_name":"甘南藏族自治州","province_name":"甘肃省","province_code":"620000","snapshot_year":2009,"panel_year":2008,"link_status":"parent_linked","former_name":"","note":""},"geometry":{"type":"Polygon","coordinates":[[[102.87282,34.69154],[102.90117,34.70266],[102.89971,34.6865],[102.90877,34.67738],[102.93802,34.66687],[102.93482,34.63947],[102.95308,34.63075],[102.95117,34.60873],[102.96967,34.58439],[102.92056,34.54095],[102.93214,34.53066],[102.93528,34.51008],[102.91608,34.48863],[102.91209,34.47079],[102.84864,34.45117],[102.82729,34.42765],[102.8169,34.39388],[102.79736,34.36432],[102.77773,34.35643],[102.76752,34.32908],[102.79324,34.31951],[102.78446,34.28986],[102.79733,34.28496],[102.77669,34.23944],[102.72834,34.23859],[102.71054,34.21481],[102.69596,34.21286],[102.69485,34.19982],[102.65821,34.19316],[102.65545,34.18393],[102.6457,34.18273],[102.6472,34.1673],[102.63351,34.17315],[102.62442,34.16235],[102.61359,34.16492],[102.6107,34.15439],[102.5963,34.15304],[102.63316,34.12847],[102.63449,34.11533],[102.65048,34.12],[102.66176,34.11418],[102.65681,34.07564],[102.60212,34.10271],[102.56727,34.1002],[102.56469,34.09011],[102.5131,34.08597],[102.49314,34.0763],[102.46268,34.07436],[102.4358,34.08808],[102.41607,34.04408],[102.40385,34.03398],[102.38983,33.9718],[102.37206,33.97614],[102.36251,33.97007],[102.35384,33.98081],[102.34199,33.97075],[102.32561,33.98543],[102.31076,33.96824],[102.31392,33.99581],[102.30509,33.99623],[102.28759,33.97851],[102.27012,33.9927],[102.26547,34.0159],[102.24382,34.03831],[102.25086,34.05466],[102.22146,34.0637],[102.21064,34.05769],[102.21297,34.04803],[102.1463,34.08322],[102.11734,34.08813],[102.09749,34.11107],[102.08415,34.11209],[102.08506,34.12739],[102.07309,34.13113],[102.05959,34.1496],[102.00728,34.16673],[102.0126,34.18776],[102.02856,34.19231],[102.01472,34.22655],[102.06177,34.23173],[102.05637,34.25279],[102.06529,34.29391],[102.14507,34.27301],[102.1479,34.29403],[102.15466,34.29281],[102.16735,34.3087],[102.16718,34.3281],[102.18648,34.3561],[102.21972,34.34084],[102.25729,34.35587],[102.20788,34.40443],[102.196,34.43314],[102.17254,34.45151],[102.17064,34.47578],[102.15387,34.50911],[102.13592,34.50551],[102.11745,34.5248],[102.10639,34.52116],[102.09196,34.53729],[102.08094,34.53822],[102.07704,34.55523],[102.08534,34.58333],[102.09255,34.58572],[102.11755,34.58632],[102.15449,34.57103],[102.1981,34.58103],[102.22255,34.60478],[102.2259,34.62334],[102.24049,34.62508],[102.26948,34.65056],[102.28359,34.64252],[102.29786,34.6627],[102.31672,34.6536],[102.32744,34.66536],[102.34784,34.71763],[102.33663,34.74006],[102.30416,34.75092],[102.30602,34.76064],[102.29408,34.77577],[102.26764,34.78806],[102.26657,34.79802],[102.28459,34.825],[102.36809,34.79971],[102.38395,34.77286],[102.38411,34.7523],[102.41531,34.72483],[102.47845,34.71931],[102.49717,34.7093],[102.50827,34.71566],[102.5117,34.70188],[102.54879,34.71266],[102.55758,34.70848],[102.57969,34.69061],[102.57985,34.66476],[102.62969,34.6485],[102.62005,34.6287],[102.62573,34.61216],[102.685,34.60927],[102.71458,34.62306],[102.70472,34.65277],[102.72241,34.66112],[102.74079,34.64786],[102.7632,34.66717],[102.79309,34.66406],[102.79582,34.68882],[102.81209,34.7039],[102.82725,34.66861],[102.84324,34.66399],[102.85592,34.66891],[102.83191,34.69039],[102.8337,34.69989],[102.86694,34.69855],[102.87282,34.69154]]]}},{"type":"Feature","id":"CTAMAP-2009-COUNTY-1318","properties":{"map_level":"county","source_name":"玛曲县","source_code":"623025","county_type":"县","prefecture_name":"甘南藏族自治州","prefecture_code":"623000","prefecture_type":"自治州","parent_entity_id":"CNUR-000312","parent_year_end_name":"甘南藏族自治州","province_name":"甘肃省","province_code":"620000","snapshot_year":2009,"panel_year":2008,"link_status":"parent_linked","former_name":"","note":""},"geometry":{"type":"Polygon","coordinates":[[[100.94964,34.38476],[100.97353,34.3702],[100.98486,34.37557],[101.00106,34.36768],[101.02864,34.33992],[101.04915,34.34011],[101.05253,34.32604],[101.14364,34.33318],[101.16825,34.31997],[101.19205,34.33817],[101.2264,34.33126],[101.23368,34.32583],[101.22794,34.29876],[101.26384,34.29445],[101.26693,34.28109],[101.29456,34.26959],[101.32255,34.2707],[101.32976,34.25321],[101.32047,34.25135],[101.32403,34.24598],[101.3683,34.24918],[101.43933,34.22266],[101.48313,34.21981],[101.48931,34.1977],[101.51271,34.19965],[101.53677,34.21361],[101.55412,34.20416],[101.55734,34.19282],[101.57863,34.19856],[101.6042,34.17596],[101.64903,34.157],[101.65343,34.15049],[101.64121,34.1404],[101.65115,34.12362],[101.68582,34.10912],[101.69284,34.12169],[101.70241,34.12053],[101.71274,34.10985],[101.71414,34.08529],[101.72709,34.1013],[101.73586,34.08124],[101.75566,34.10159],[101.76177,34.12422],[101.786,34.1331],[101.83864,34.12666],[101.84801,34.13349],[101.8476,34.15477],[101.86615,34.15019],[101.87265,34.13183],[101.89434,34.1359],[101.95571,34.10956],[101.9672,34.15642],[101.95728,34.16375],[101.96934,34.16996],[102.01644,34.16564],[102.05959,34.1496],[102.07309,34.13113],[102.08506,34.12739],[102.08415,34.11209],[102.09749,34.11107],[102.11306,34.09035],[102.1463,34.08322],[102.21297,34.04803],[102.21064,34.05769],[102.22146,34.0637],[102.25086,34.05466],[102.24382,34.03831],[102.26547,34.0159],[102.2701,33.99473],[102.25667,33.97717],[102.26002,33.9671],[102.24641,33.97568],[102.25425,33.98027],[102.24732,33.9882],[102.23952,33.98377],[102.24239,33.97377],[102.22759,33.97074],[102.2385,33.96578],[102.21427,33.96025],[102.19501,33.98045],[102.18068,33.98017],[102.1796,33.9721],[102.17247,33.96985],[102.17785,33.98102],[102.16577,33.98482],[102.12968,33.968],[102.15165,33.95989],[102.18644,33.93148],[102.23011,33.87136],[102.26253,33.84641],[102.26428,33.8294],[102.23655,33.80289],[102.23668,33.7921],[102.28347,33.78761],[102.31929,33.75947],[102.3122,33.74713],[102.28707,33.73469],[102.28455,33.71807],[102.30436,33.71212],[102.3239,33.7356],[102.34011,33.73078],[102.31372,33.67063],[102.33348,33.64],[102.33809,33.61293],[102.39236,33.59435],[102.41159,33.57984],[102.44338,33.57435],[102.45425,33.55527],[102.47593,33.54537],[102.47063,33.53064],[102.44425,33.53288],[102.46026,33.50608],[102.45008,33.48834],[102.46086,33.47778],[102.44852,33.4662],[102.46721,33.45391],[102.44078,33.45506],[102.43312,33.44122],[102.40286,33.42756],[102.39261,33.40665],[102.36653,33.41407],[102.36597,33.39356],[102.35537,33.3954],[102.34382,33.41378],[102.31183,33.399],[102.29526,33.41539],[102.27152,33.41074],[102.26491,33.42376],[102.25593,33.412],[102.26041,33.39926],[102.2337,33.38965],[102.22743,33.37882],[102.23349,33.37202],[102.18588,33.33234],[102.20343,33.32179],[102.20045,33.3031],[102.2093,33.29099],[102.21568,33.25024],[102.20684,33.22675],[102.16039,33.24286],[102.14165,33.27627],[102.11486,33.28502],[102.11344,33.2977],[102.10699,33.29771],[102.09719,33.27665],[102.1081,33.26062],[102.09507,33.24936],[102.09927,33.23528],[102.08622,33.22802],[102.09513,33.21841],[102.08041,33.2057],[102.07972,33.1948],[102.06613,33.20186],[102.02671,33.19664],[101.97878,33.20344],[101.96594,33.19164],[101.93333,33.18829],[101.92405,33.16054],[101.88459,33.1372],[101.86667,33.10658],[101.82519,33.12058],[101.82058,33.1352],[101.83829,33.15025],[101.83933,33.19262],[101.82909,33.21503],[101.76951,33.24809],[101.76563,33.26606],[101.80763,33.29041],[101.82215,33.27302],[101.83013,33.29375],[101.84793,33.30022],[101.85872,33.31504],[101.87587,33.31682],[101.87084,33.32948],[101.8844,33.38446],[101.91218,33.40774],[101.91359,33.42774],[101.94505,33.44356],[101.92466,33.44928],[101.9273,33.47283],[101.90134,33.48963],[101.90327,33.51076],[101.89617,33.51977],[101.90566,33.54284],[101.90172,33.55572],[101.88088,33.56794],[101.88087,33.58187],[101.85622,33.58862],[101.84232,33.60503],[101.82991,33.5835],[101.83008,33.55688],[101.80901,33.54855],[101.7986,33.55838],[101.78149,33.55888],[101.75754,33.53851],[101.74933,33.51092],[101.7335,33.4985],[101.64764,33.50475],[101.63038,33.49416],[101.61553,33.52009],[101.61837,33.55989],[101.6105,33.56757],[101.60988,33.5939],[101.61666,33.60521],[101.60584,33.63135],[101.58569,33.64207],[101.58593,33.67256],[101.57688,33.67751],[101.55834,33.67072],[101.54258,33.69657],[101.51053,33.69611],[101.49866,33.70473],[101.46784,33.6879],[101.43169,33.68627],[101.42157,33.6559],[101.38919,33.64674],[101.31001,33.66611],[101.30303,33.66011],[101.2803,33.66405],[101.23339,33.68716],[101.21499,33.67255],[101.18456,33.66649],[101.18115,33.65601],[101.16532,33.6612],[101.174,33.68612],[101.16334,33.69557],[101.16107,33.72215],[101.17846,33.74387],[101.18766,33.74519],[101.18234,33.76753],[101.19023,33.78898],[101.14811,33.82875],[101.15269,33.84501],[101.11108,33.85268],[101.10654,33.86275],[101.08535,33.85815],[101.0519,33.86539],[101.04312,33.88626],[101.03059,33.88448],[101.01862,33.89936],[100.99401,33.89268],[100.96448,33.94899],[100.92625,33.97736],[100.92978,33.99301],[100.90177,34.01919],[100.89655,34.03819],[100.88205,34.03456],[100.86599,34.072],[100.87045,34.08471],[100.84662,34.09164],[100.83807,34.11575],[100.80687,34.15582],[100.7872,34.16079],[100.76265,34.17992],[100.80773,34.24745],[100.79679,34.25806],[100.82046,34.32075],[100.86979,34.33594],[100.89079,34.35868],[100.89303,34.37651],[100.94964,34.38476]]]}},{"type":"Feature","id":"CTAMAP-2009-COUNTY-1320","properties":{"map_level":"county","source_name":"麦积区","source_code":"620503","county_type":"市辖区","prefecture_name":"天水市","prefecture_code":"620500","prefecture_type":"地级市","parent_entity_id":"CNUR-000303","parent_year_end_name":"天水市","province_name":"甘肃省","province_code":"620000","snapshot_year":2009,"panel_year":2008,"link_status":"parent_linked","former_name":"北道区","note":"2004年北道区更名为麦积区"},"geometry":{"type":"Polygon","coordinates":[[[105.50106,34.80219],[105.54515,34.79941],[105.54478,34.77975],[105.62426,34.77147],[105.6401,34.7588],[105.65501,34.75759],[105.66839,34.77461],[105.69308,34.77814],[105.69489,34.7522],[105.72632,34.75711],[105.73957,34.74097],[105.74916,34.75917],[105.76825,34.76188],[105.77697,34.74037],[105.76909,34.73228],[105.77414,34.72173],[105.76321,34.70973],[105.77312,34.70791],[105.77321,34.69834],[105.76305,34.68232],[105.76666,34.64843],[105.75856,34.63933],[105.79267,34.62847],[105.81401,34.6326],[105.81359,34.62629],[105.82842,34.62],[105.84472,34.63281],[105.85661,34.63146],[105.8491,34.6074],[105.86531,34.59445],[105.8809,34.61144],[105.90339,34.613],[105.91979,34.60562],[105.9249,34.59182],[105.95728,34.60287],[105.97383,34.59155],[105.98416,34.59637],[106.00973,34.56722],[106.0223,34.56851],[106.02841,34.58147],[106.03654,34.57789],[106.04459,34.59057],[106.05204,34.57727],[106.06659,34.58098],[106.06722,34.56699],[106.08219,34.5792],[106.10125,34.58064],[106.09945,34.59122],[106.11069,34.59806],[106.11524,34.57655],[106.13753,34.5786],[106.14567,34.56785],[106.17311,34.5796],[106.18265,34.56541],[106.21016,34.57574],[106.22122,34.55387],[106.23603,34.54861],[106.29235,34.5588],[106.30802,34.54946],[106.31282,34.5352],[106.32841,34.56297],[106.34003,34.53839],[106.32929,34.5188],[106.36372,34.51337],[106.37695,34.52209],[106.38198,34.51199],[106.3936,34.5107],[106.41,34.52565],[106.44325,34.52498],[106.45292,34.53266],[106.46635,34.52435],[106.4818,34.526],[106.48489,34.51764],[106.50766,34.51041],[106.50988,34.4992],[106.54167,34.48566],[106.54845,34.49119],[106.56832,34.48531],[106.5643,34.47613],[106.59894,34.466],[106.58686,34.45575],[106.61589,34.45005],[106.61052,34.4425],[106.63416,34.39314],[106.64786,34.39334],[106.65984,34.3824],[106.67531,34.38555],[106.6778,34.37564],[106.6891,34.37964],[106.69544,34.37041],[106.70423,34.37765],[106.71419,34.37258],[106.71012,34.35017],[106.68164,34.33519],[106.69629,34.32731],[106.6935,34.28948],[106.70122,34.2841],[106.69099,34.27396],[106.68138,34.2752],[106.67585,34.25657],[106.66581,34.25284],[106.64346,34.24795],[106.61469,34.26623],[106.58568,34.25167],[106.5698,34.2823],[106.55074,34.28228],[106.52342,34.29762],[106.48134,34.24921],[106.4891,34.24168],[106.48962,34.20024],[106.4691,34.17896],[106.46581,34.14589],[106.45222,34.14529],[106.4408,34.12623],[106.41063,34.11149],[106.37592,34.11289],[106.36322,34.10056],[106.33357,34.10399],[106.31975,34.1362],[106.3407,34.1701],[106.33768,34.19331],[106.32646,34.20337],[106.31819,34.23238],[106.27759,34.22703],[106.26597,34.20966],[106.27248,34.19218],[106.26318,34.16305],[106.25122,34.15286],[106.24053,34.15439],[106.24381,34.13443],[106.22175,34.11823],[106.18543,34.11211],[106.1476,34.12526],[106.12743,34.11343],[106.11096,34.11345],[106.09343,34.12863],[106.07296,34.13283],[106.0674,34.14762],[106.03503,34.16121],[105.95284,34.15035],[105.95335,34.16383],[105.98374,34.20318],[106.01337,34.22199],[106.0141,34.22721],[106.0036,34.22439],[105.99682,34.24334],[106.00727,34.28227],[105.97206,34.28025],[105.97692,34.2995],[105.97031,34.30675],[105.95721,34.2977],[105.9468,34.30003],[105.94135,34.31928],[105.94853,34.32809],[105.9144,34.3435],[105.89514,34.38143],[105.88018,34.39172],[105.86443,34.3696],[105.84789,34.36797],[105.82459,34.37548],[105.8104,34.40427],[105.80085,34.40494],[105.79984,34.44985],[105.78852,34.45392],[105.79321,34.48193],[105.764,34.49575],[105.75636,34.52193],[105.76498,34.56244],[105.77913,34.55836],[105.78458,34.57683],[105.79976,34.5741],[105.80435,34.59429],[105.75294,34.59917],[105.7222,34.61205],[105.71807,34.62066],[105.70043,34.61939],[105.69495,34.63379],[105.67464,34.64611],[105.62427,34.64907],[105.60036,34.64591],[105.59675,34.63619],[105.5856,34.63859],[105.5748,34.61664],[105.55687,34.62194],[105.55902,34.61496],[105.537,34.60883],[105.50876,34.61974],[105.50122,34.60703],[105.48887,34.61075],[105.4834,34.6268],[105.46028,34.63136],[105.44367,34.65293],[105.42607,34.65845],[105.43654,34.66558],[105.42411,34.67057],[105.44349,34.69213],[105.44315,34.71312],[105.45336,34.73107],[105.47613,34.7245],[105.47664,34.74637],[105.49903,34.76117],[105.50106,34.80219]]]}},{"type":"Feature","id":"CTAMAP-2009-COUNTY-1365","properties":{"map_level":"county","source_name":"民乐县","source_code":"620722","county_type":"县","prefecture_name":"张掖市","prefecture_code":"620700","prefecture_type":"地级市","parent_entity_id":"CNUR-000305","parent_year_end_name":"张掖市","province_name":"甘肃省","province_code":"620000","snapshot_year":2009,"panel_year":2008,"link_status":"parent_linked","former_name":"","note":""},"geometry":{"type":"Polygon","coordinates":[[[100.75178,38.7726],[100.86719,38.7532],[100.92576,38.759],[100.96679,38.70519],[100.95026,38.69046],[100.94866,38.67697],[100.96102,38.65208],[100.96585,38.56564],[100.99356,38.53286],[100.99426,38.49894],[101.00263,38.48675],[100.99528,38.47926],[101.00924,38.43946],[101.00006,38.41196],[100.9892,38.41209],[100.98246,38.42741],[100.97728,38.40006],[100.96008,38.38354],[100.9982,38.34566],[100.98175,38.31045],[100.99967,38.31322],[101.01232,38.29584],[101.00339,38.21271],[100.96048,38.18822],[100.95438,38.1497],[100.96685,38.12133],[101.02866,38.07529],[101.03326,38.04718],[101.02566,37.97367],[100.97668,38.00722],[100.95906,38.01152],[100.95519,38.00488],[100.92604,38.00645],[100.91524,37.99987],[100.89559,38.01384],[100.88596,38.05432],[100.92127,38.08545],[100.91743,38.12833],[100.92317,38.14885],[100.93688,38.16016],[100.89978,38.17945],[100.85901,38.14739],[100.84214,38.14778],[100.78696,38.19291],[100.75522,38.23549],[100.71189,38.25324],[100.74668,38.27422],[100.76134,38.2594],[100.77502,38.25979],[100.79403,38.27917],[100.82078,38.29007],[100.8311,38.32766],[100.81749,38.3705],[100.78881,38.35428],[100.77672,38.37158],[100.7531,38.357],[100.74232,38.36354],[100.74084,38.37622],[100.72777,38.37923],[100.7365,38.38787],[100.72752,38.40328],[100.72222,38.39549],[100.70498,38.40222],[100.67775,38.36633],[100.6641,38.33159],[100.66797,38.31881],[100.64672,38.30557],[100.62601,38.26672],[100.59846,38.25573],[100.59388,38.24285],[100.57308,38.25071],[100.54441,38.24539],[100.51911,38.27368],[100.50829,38.27313],[100.51651,38.30249],[100.54718,38.3145],[100.55978,38.34452],[100.5881,38.35222],[100.61517,38.38733],[100.61217,38.42462],[100.58406,38.44454],[100.57641,38.43846],[100.57109,38.4542],[100.55116,38.46878],[100.50453,38.46038],[100.48971,38.46517],[100.47847,38.49122],[100.46408,38.48816],[100.46027,38.49743],[100.4409,38.49872],[100.44133,38.51715],[100.45048,38.52733],[100.40845,38.50893],[100.387,38.5216],[100.38658,38.54591],[100.45511,38.58322],[100.50995,38.63161],[100.51806,38.6589],[100.50748,38.65667],[100.51266,38.66892],[100.50318,38.6713],[100.49947,38.6896],[100.5218,38.70759],[100.5259,38.73311],[100.60637,38.73307],[100.63297,38.76245],[100.69046,38.79369],[100.68752,38.80556],[100.75178,38.7726]]]}},{"type":"Feature","id":"CTAMAP-2009-COUNTY-1366","properties":{"map_level":"county","source_name":"民勤县","source_code":"620621","county_type":"县","prefecture_name":"武威市","prefecture_code":"620600","prefecture_type":"地级市","parent_entity_id":"CNUR-000304","parent_year_end_name":"武威市","province_name":"甘肃省","province_code":"620000","snapshot_year":2009,"panel_year":2008,"link_status":"parent_linked","former_name":"","note":""},"geometry":{"type":"Polygon","coordinates":[[[104.0874,39.41929],[104.0443,39.29664],[104.17423,39.15434],[104.20006,39.0852],[104.18757,39.04549],[104.19403,38.98761],[104.16922,38.93912],[104.03206,38.89186],[103.85942,38.64626],[103.41184,38.40452],[103.46393,38.35111],[103.5501,38.15952],[103.31528,38.0689],[103.29066,38.10337],[103.24643,38.10465],[103.17045,38.17051],[102.81383,38.1729],[102.80115,38.18267],[102.76355,38.18162],[102.75898,38.17545],[102.74956,38.1844],[102.75071,38.21302],[102.7131,38.16],[102.69541,38.15393],[102.67746,38.15801],[102.67299,38.18843],[102.71367,38.1858],[102.72405,38.20105],[102.71465,38.21703],[102.72676,38.22542],[102.7223,38.24735],[102.71088,38.25825],[102.6999,38.25582],[102.70553,38.26183],[102.70067,38.27409],[102.68745,38.28219],[102.6901,38.34858],[102.70288,38.40823],[102.67453,38.41625],[102.57129,38.417],[102.61387,38.47082],[102.53387,38.50032],[102.53439,38.50871],[102.51925,38.51443],[102.49416,38.54766],[102.4789,38.58304],[102.45767,38.59308],[102.44918,38.6273],[102.39273,38.66871],[102.41308,38.78193],[102.44049,38.80186],[102.4239,38.87709],[102.41001,38.88496],[102.41594,38.89244],[102.27639,38.94427],[102.2679,38.9134],[102.14222,38.93955],[102.09108,38.95988],[102.08569,38.98076],[101.96713,38.99411],[102.07145,38.89054],[101.82853,39.09284],[102.28185,39.19176],[102.35098,39.23118],[102.45407,39.25497],[102.60227,39.17279],[103.01005,39.09854],[103.13567,39.19702],[103.16897,39.20587],[103.35795,39.33368],[103.84782,39.46069],[103.94299,39.45869],[104.0874,39.41929]]]}},{"type":"Feature","id":"CTAMAP-2009-COUNTY-1368","properties":{"map_level":"county","source_name":"岷县","source_code":"621126","county_type":"县","prefecture_name":"定西市","prefecture_code":"621100","prefecture_type":"地级市","parent_entity_id":"CNUR-000309","parent_year_end_name":"定西市","province_name":"甘肃省","province_code":"620000","snapshot_year":2009,"panel_year":2008,"link_status":"parent_linked","former_name":"","note":""},"geometry":{"type":"Polygon","coordinates":[[[104.01338,34.74354],[104.03942,34.71802],[104.07102,34.72968],[104.08219,34.72666],[104.08119,34.69836],[104.09374,34.68976],[104.08648,34.68082],[104.08711,34.65116],[104.09897,34.6419],[104.12096,34.64658],[104.20492,34.62338],[104.21291,34.61552],[104.19281,34.57601],[104.21383,34.57199],[104.23869,34.54519],[104.28335,34.53631],[104.28924,34.52075],[104.3219,34.5154],[104.35368,34.5567],[104.35057,34.57905],[104.35605,34.58321],[104.39775,34.58195],[104.40068,34.56688],[104.41024,34.56368],[104.42264,34.56465],[104.42468,34.57582],[104.44993,34.57459],[104.456,34.55796],[104.47548,34.55189],[104.47759,34.53986],[104.4955,34.54919],[104.52777,34.54324],[104.53799,34.52407],[104.56533,34.51456],[104.55532,34.48185],[104.53809,34.47588],[104.54289,34.46814],[104.56577,34.47083],[104.58966,34.49334],[104.60646,34.49869],[104.63863,34.4857],[104.65365,34.46468],[104.68046,34.45215],[104.68344,34.43634],[104.7099,34.42863],[104.73713,34.45581],[104.74403,34.47731],[104.7573,34.47122],[104.78748,34.49344],[104.78265,34.43056],[104.79389,34.43182],[104.80845,34.44869],[104.82835,34.44787],[104.8769,34.42753],[104.90093,34.43989],[104.93675,34.43368],[104.95547,34.44432],[104.98584,34.42772],[104.97976,34.40858],[104.99021,34.40146],[104.97455,34.3829],[104.94037,34.39162],[104.88793,34.38023],[104.85971,34.38655],[104.84032,34.37753],[104.85805,34.33811],[104.84953,34.32357],[104.86487,34.30908],[104.84146,34.28372],[104.81251,34.27905],[104.80709,34.25427],[104.78759,34.2593],[104.77828,34.2457],[104.783,34.23274],[104.7494,34.23948],[104.73483,34.23182],[104.71682,34.2511],[104.69165,34.25376],[104.6909,34.23993],[104.66259,34.23076],[104.63986,34.22842],[104.62114,34.23732],[104.60275,34.22461],[104.59281,34.23127],[104.58994,34.21948],[104.56819,34.20237],[104.56138,34.20877],[104.54915,34.20562],[104.52972,34.22089],[104.53352,34.20694],[104.52347,34.19392],[104.48305,34.22286],[104.45008,34.22954],[104.43081,34.26171],[104.44195,34.27243],[104.43892,34.29413],[104.42299,34.30742],[104.41523,34.33392],[104.39564,34.3403],[104.38296,34.33324],[104.35936,34.33586],[104.35297,34.37055],[104.32795,34.38076],[104.3018,34.36824],[104.29439,34.38307],[104.27585,34.37196],[104.2762,34.35619],[104.26659,34.3441],[104.26326,34.35388],[104.1997,34.37659],[104.1823,34.35728],[104.14768,34.35294],[104.14598,34.34004],[104.13338,34.33912],[104.12723,34.32737],[104.10754,34.31814],[104.12888,34.26945],[104.16414,34.24778],[104.16749,34.20928],[104.14705,34.19133],[104.13506,34.19767],[104.08769,34.18963],[104.07194,34.19512],[104.05556,34.15656],[104.03095,34.12605],[103.98097,34.17454],[103.9732,34.17147],[103.94345,34.1888],[103.92637,34.21349],[103.90073,34.23121],[103.89079,34.25704],[103.87551,34.27201],[103.85594,34.27933],[103.83942,34.2732],[103.81479,34.284],[103.78162,34.26901],[103.76925,34.27395],[103.76317,34.28928],[103.74055,34.29212],[103.72411,34.28962],[103.71317,34.2784],[103.69989,34.28047],[103.69139,34.31154],[103.69935,34.32592],[103.70944,34.32258],[103.73267,34.33355],[103.74276,34.36597],[103.75534,34.37109],[103.76931,34.3933],[103.78831,34.39279],[103.814,34.43533],[103.80815,34.45875],[103.80032,34.463],[103.80834,34.48674],[103.79323,34.49274],[103.76592,34.53435],[103.76745,34.54051],[103.813,34.54023],[103.82852,34.54702],[103.83558,34.55531],[103.83034,34.56316],[103.84587,34.5831],[103.8249,34.60338],[103.83883,34.61992],[103.85971,34.68826],[103.83072,34.71922],[103.85194,34.74175],[103.87468,34.74916],[103.9111,34.75001],[103.92038,34.73558],[103.93842,34.73995],[103.96535,34.72776],[103.98463,34.74071],[103.99933,34.73542],[104.01338,34.74354]]]}},{"type":"Feature","id":"CTAMAP-2009-COUNTY-1465","properties":{"map_level":"county","source_name":"宁县","source_code":"621026","county_type":"县","prefecture_name":"庆阳市","prefecture_code":"621000","prefecture_type":"地级市","parent_entity_id":"CNUR-000308","parent_year_end_name":"庆阳市","province_name":"甘肃省","province_code":"620000","snapshot_year":2009,"panel_year":2008,"link_status":"parent_linked","former_name":"","note":""},"geometry":{"type":"Polygon","coordinates":[[[108.52676,35.74695],[108.52286,35.72868],[108.51066,35.71924],[108.5303,35.70917],[108.51313,35.69925],[108.52669,35.68244],[108.51408,35.64903],[108.52258,35.64535],[108.53737,35.60428],[108.56196,35.59389],[108.47168,35.60306],[108.41778,35.5953],[108.39956,35.58968],[108.3991,35.58266],[108.41075,35.57961],[108.39555,35.55694],[108.3074,35.55547],[108.29812,35.53853],[108.312,35.53676],[108.30529,35.50523],[108.33979,35.48821],[108.2844,35.48419],[108.21834,35.43558],[108.14279,35.3967],[108.08087,35.37639],[108.05574,35.38149],[108.01645,35.32386],[107.94121,35.26816],[107.93036,35.26904],[107.92651,35.25063],[107.90461,35.26079],[107.86202,35.25779],[107.84057,35.27686],[107.82835,35.27244],[107.7859,35.29637],[107.77488,35.29548],[107.77285,35.30247],[107.74765,35.30472],[107.7335,35.32247],[107.73619,35.34913],[107.71725,35.35398],[107.6938,35.37872],[107.69852,35.40315],[107.69316,35.40691],[107.70103,35.41851],[107.67408,35.43498],[107.68909,35.45095],[107.71037,35.50028],[107.69011,35.55498],[107.7146,35.52768],[107.73133,35.55915],[107.81925,35.58955],[107.84274,35.58959],[107.84602,35.60564],[107.86711,35.60468],[107.86113,35.64282],[107.87988,35.65676],[107.88318,35.69432],[107.9034,35.68984],[107.91598,35.67583],[107.94334,35.68757],[107.97927,35.68239],[107.9892,35.67085],[107.99042,35.68089],[108.00057,35.67901],[108.0044,35.6406],[108.02655,35.63335],[108.10554,35.66629],[108.11433,35.67513],[108.11996,35.71577],[108.14487,35.71485],[108.1499,35.73199],[108.1246,35.7729],[108.13353,35.79395],[108.15994,35.80383],[108.16612,35.79525],[108.18263,35.83238],[108.22906,35.81583],[108.24327,35.84285],[108.34505,35.81373],[108.36079,35.82869],[108.36616,35.85371],[108.43788,35.8611],[108.46699,35.85532],[108.50219,35.86679],[108.50172,35.85263],[108.51431,35.84421],[108.5226,35.8224],[108.5252,35.78406],[108.51709,35.77235],[108.52676,35.74695]]]}},{"type":"Feature","id":"CTAMAP-2009-COUNTY-1494","properties":{"map_level":"county","source_name":"平川区","source_code":"620403","county_type":"市辖区","prefecture_name":"白银市","prefecture_code":"620400","prefecture_type":"地级市","parent_entity_id":"CNUR-000302","parent_year_end_name":"白银市","province_name":"甘肃省","province_code":"620000","snapshot_year":2009,"panel_year":2008,"link_status":"parent_linked","former_name":"","note":""},"geometry":{"type":"Polygon","coordinates":[[[105.19961,36.70586],[105.2033,36.68116],[105.22445,36.65997],[105.21651,36.63108],[105.23823,36.62556],[105.24605,36.6017],[105.2573,36.60255],[105.26717,36.59315],[105.26154,36.58922],[105.27185,36.56276],[105.24537,36.54757],[105.27773,36.5225],[105.31764,36.53653],[105.35764,36.49762],[105.36594,36.4598],[105.35891,36.43895],[105.36552,36.43159],[105.37956,36.44125],[105.39459,36.43064],[105.39783,36.38512],[105.41535,36.37761],[105.39663,36.36898],[105.4212,36.33069],[105.3806,36.35839],[105.36177,36.33077],[105.34234,36.33474],[105.33946,36.34323],[105.32054,36.34037],[105.30169,36.36252],[105.29717,36.38422],[105.27758,36.38467],[105.25685,36.42897],[105.206,36.43906],[105.15298,36.48425],[105.14129,36.50692],[105.11037,36.52124],[105.11323,36.54073],[105.09264,36.54909],[105.07477,36.54139],[105.05444,36.55146],[105.00656,36.55533],[104.97705,36.58335],[104.94228,36.59783],[104.92491,36.59197],[104.90919,36.57485],[104.89516,36.57806],[104.85606,36.55988],[104.8537,36.61188],[104.83417,36.61903],[104.81735,36.64002],[104.81949,36.69125],[104.79058,36.71053],[104.77803,36.7092],[104.75316,36.7373],[104.74903,36.7607],[104.72692,36.76031],[104.70592,36.70959],[104.66857,36.72061],[104.66621,36.73661],[104.64021,36.7462],[104.59641,36.78682],[104.53863,36.7635],[104.50091,36.79625],[104.44204,36.79766],[104.42796,36.77825],[104.42101,36.79079],[104.42455,36.81025],[104.40256,36.83225],[104.4103,36.83603],[104.41079,36.85788],[104.41963,36.87013],[104.454,36.87723],[104.50574,36.87036],[104.52494,36.95144],[104.55415,36.94158],[104.56268,36.95276],[104.57379,36.95317],[104.56181,36.99082],[104.61443,36.97671],[104.62316,36.98471],[104.76204,36.99528],[104.76976,36.97707],[104.80037,36.98961],[104.81022,36.95946],[104.80345,36.94417],[104.84309,36.95368],[104.86211,36.94051],[104.86285,36.92039],[104.84047,36.89171],[104.84163,36.86823],[104.82099,36.85319],[104.82667,36.84485],[104.97853,36.80234],[104.9915,36.7888],[105.00523,36.78671],[105.00468,36.76197],[105.07199,36.74865],[105.08705,36.76033],[105.11262,36.75578],[105.19961,36.70586]]]}},{"type":"Feature","id":"CTAMAP-2009-COUNTY-1547","properties":{"map_level":"county","source_name":"七里河区","source_code":"620103","county_type":"市辖区","prefecture_name":"兰州市","prefecture_code":"620100","prefecture_type":"地级市","parent_entity_id":"CNUR-000299","parent_year_end_name":"兰州市","province_name":"甘肃省","province_code":"620000","snapshot_year":2009,"panel_year":2008,"link_status":"parent_linked","former_name":"","note":""},"geometry":{"type":"Polygon","coordinates":[[[103.72186,36.09305],[103.80747,36.06487],[103.80367,36.04367],[103.8746,35.96186],[103.8734,35.93835],[103.90816,35.91504],[103.89704,35.8939],[103.90895,35.85511],[103.8678,35.85993],[103.84823,35.87404],[103.83035,35.84774],[103.78113,35.84904],[103.77411,35.89769],[103.76426,35.88929],[103.74785,35.8942],[103.71355,35.91095],[103.71482,35.92227],[103.705,35.92598],[103.68188,35.92653],[103.6615,35.91354],[103.64448,35.9314],[103.62123,35.93874],[103.61658,35.96605],[103.63711,35.978],[103.65267,35.96995],[103.66592,35.98202],[103.67789,36.03405],[103.68887,36.04057],[103.67257,36.04917],[103.68567,36.07844],[103.66617,36.08506],[103.67192,36.0996],[103.70818,36.08227],[103.72186,36.09305]]]}},{"type":"Feature","id":"CTAMAP-2009-COUNTY-1587","properties":{"map_level":"county","source_name":"秦安县","source_code":"620522","county_type":"县","prefecture_name":"天水市","prefecture_code":"620500","prefecture_type":"地级市","parent_entity_id":"CNUR-000303","parent_year_end_name":"天水市","province_name":"甘肃省","province_code":"620000","snapshot_year":2009,"panel_year":2008,"link_status":"parent_linked","former_name":"","note":""},"geometry":{"type":"Polygon","coordinates":[[[105.63993,35.14076],[105.63167,35.11477],[105.65437,35.09707],[105.66163,35.1016],[105.68421,35.07682],[105.70002,35.0712],[105.71942,35.03211],[105.72854,35.03376],[105.72877,35.05139],[105.74215,35.05074],[105.7357,35.03379],[105.74537,35.02036],[105.78363,35.03169],[105.78404,35.04352],[105.77227,35.04074],[105.78585,35.07778],[105.79332,35.06741],[105.82256,35.0653],[105.82337,35.07159],[105.84017,35.07381],[105.84805,35.05921],[105.87918,35.05176],[105.88643,35.06326],[105.89776,35.05225],[105.8941,35.0632],[105.90066,35.06843],[105.92587,35.05767],[105.93769,35.06967],[105.95469,35.06871],[105.9629,35.06239],[105.96202,35.03849],[105.98143,35.03702],[105.99086,35.02099],[106.0143,35.025],[106.01629,35.01803],[106.00572,35.01735],[106.01344,35.00053],[106.03436,34.99986],[106.04326,34.97346],[106.05215,34.97035],[106.02462,34.9601],[106.0309,34.9417],[106.02078,34.93029],[106.00862,34.934],[105.99426,34.95486],[105.97878,34.94707],[105.97726,34.92991],[105.92936,34.92849],[105.92949,34.91587],[105.9202,34.91171],[105.92818,34.89843],[105.92514,34.88501],[105.87306,34.85881],[105.87054,34.84641],[105.88215,34.83897],[105.88514,34.82252],[105.86461,34.82019],[105.85721,34.80908],[105.86739,34.7746],[105.84833,34.77314],[105.84166,34.78006],[105.81495,34.76717],[105.809,34.73867],[105.77756,34.72625],[105.76922,34.73157],[105.77695,34.74212],[105.76825,34.76188],[105.74916,34.75917],[105.73957,34.74097],[105.72632,34.75711],[105.69489,34.7522],[105.69308,34.77814],[105.66839,34.77461],[105.65501,34.75759],[105.6401,34.7588],[105.62426,34.77147],[105.54478,34.77975],[105.54515,34.79941],[105.5273,34.79986],[105.49795,34.82922],[105.48772,34.85655],[105.49101,34.87376],[105.48127,34.87959],[105.48404,34.89218],[105.49406,34.88799],[105.49868,34.89725],[105.47831,34.90944],[105.47997,34.93639],[105.45018,34.95092],[105.45397,34.99152],[105.44268,35.00125],[105.39975,35.00339],[105.3951,35.01684],[105.38356,35.00876],[105.38807,34.99872],[105.38223,34.9944],[105.36458,34.98958],[105.3575,35.00576],[105.35484,34.99328],[105.34618,34.9947],[105.34172,35.00692],[105.3493,35.03111],[105.32686,35.04384],[105.34556,35.04285],[105.35057,35.06835],[105.39152,35.06083],[105.38909,35.08453],[105.40615,35.08469],[105.40847,35.11185],[105.43948,35.12396],[105.44655,35.13405],[105.45712,35.1322],[105.45544,35.12384],[105.47228,35.11071],[105.47829,35.09229],[105.51022,35.08068],[105.50842,35.06877],[105.52456,35.05609],[105.53302,35.08606],[105.55896,35.12296],[105.53077,35.14554],[105.55509,35.1547],[105.55459,35.16762],[105.57173,35.17594],[105.59388,35.15736],[105.63993,35.14076]]]}},{"type":"Feature","id":"CTAMAP-2009-COUNTY-1590","properties":{"map_level":"county","source_name":"秦州区","source_code":"620502","county_type":"市辖区","prefecture_name":"天水市","prefecture_code":"620500","prefecture_type":"地级市","parent_entity_id":"CNUR-000303","parent_year_end_name":"天水市","province_name":"甘肃省","province_code":"620000","snapshot_year":2009,"panel_year":2008,"link_status":"parent_linked","former_name":"秦城区","note":"2004年秦城区更名为秦州区"},"geometry":{"type":"Polygon","coordinates":[[[105.41691,34.66406],[105.43654,34.66558],[105.42607,34.65845],[105.44367,34.65293],[105.46028,34.63136],[105.4834,34.6268],[105.48887,34.61075],[105.50122,34.60703],[105.50876,34.61974],[105.537,34.60883],[105.55902,34.61496],[105.55687,34.62194],[105.5748,34.61664],[105.5856,34.63859],[105.59675,34.63619],[105.60036,34.64591],[105.62427,34.64907],[105.67464,34.64611],[105.69495,34.63379],[105.70043,34.61939],[105.71807,34.62066],[105.7222,34.61205],[105.75294,34.59917],[105.80435,34.59429],[105.79976,34.5741],[105.78458,34.57683],[105.77913,34.55836],[105.76498,34.56244],[105.75636,34.52193],[105.764,34.49575],[105.79321,34.48193],[105.78852,34.45392],[105.79984,34.44985],[105.80085,34.40494],[105.8104,34.40427],[105.82459,34.37548],[105.84789,34.36797],[105.86443,34.3696],[105.88018,34.39172],[105.89514,34.38143],[105.9144,34.3435],[105.94853,34.32809],[105.94135,34.31928],[105.9468,34.30003],[105.95721,34.2977],[105.97031,34.30675],[105.97692,34.2995],[105.97206,34.28025],[106.00727,34.28227],[105.99682,34.24334],[106.0036,34.22439],[106.0141,34.22721],[106.01337,34.22199],[105.98374,34.20318],[105.95335,34.16383],[105.95284,34.15035],[105.91189,34.13562],[105.8995,34.12144],[105.86388,34.12623],[105.85682,34.15504],[105.83056,34.15501],[105.81107,34.14951],[105.80785,34.1364],[105.79925,34.13879],[105.77748,34.12224],[105.76729,34.13036],[105.77512,34.14964],[105.76751,34.16561],[105.71775,34.17556],[105.71512,34.16168],[105.7007,34.16466],[105.66062,34.14415],[105.66136,34.13071],[105.649,34.12394],[105.63699,34.08252],[105.61197,34.08276],[105.62041,34.0981],[105.6003,34.10713],[105.5905,34.10376],[105.59714,34.09352],[105.58991,34.07601],[105.58795,34.08725],[105.56093,34.09167],[105.54852,34.11856],[105.561,34.14146],[105.5491,34.14598],[105.54551,34.15927],[105.55643,34.17809],[105.55359,34.21162],[105.54397,34.22364],[105.55716,34.22485],[105.53718,34.24653],[105.55067,34.2592],[105.52398,34.2791],[105.55471,34.30761],[105.54725,34.32052],[105.51523,34.30985],[105.46815,34.38306],[105.4176,34.41995],[105.40418,34.42347],[105.38123,34.41117],[105.34652,34.43238],[105.30876,34.44301],[105.3034,34.44163],[105.30947,34.43136],[105.29367,34.42926],[105.2883,34.44072],[105.25864,34.44932],[105.25079,34.4991],[105.23691,34.5143],[105.24493,34.51638],[105.24272,34.52764],[105.22553,34.52929],[105.21519,34.54131],[105.22807,34.55749],[105.21795,34.56941],[105.23415,34.5898],[105.26475,34.59035],[105.2837,34.60117],[105.28876,34.61738],[105.3197,34.64629],[105.36976,34.65513],[105.39244,34.68095],[105.3984,34.67243],[105.41221,34.67398],[105.41691,34.66406]]]}},{"type":"Feature","id":"CTAMAP-2009-COUNTY-1621","properties":{"map_level":"county","source_name":"清水县","source_code":"620521","county_type":"县","prefecture_name":"天水市","prefecture_code":"620500","prefecture_type":"地级市","parent_entity_id":"CNUR-000303","parent_year_end_name":"天水市","province_name":"甘肃省","province_code":"620000","snapshot_year":2009,"panel_year":2008,"link_status":"parent_linked","former_name":"","note":""},"geometry":{"type":"Polygon","coordinates":[[[106.48155,34.74692],[106.49471,34.73033],[106.48133,34.71749],[106.4637,34.70876],[106.45691,34.71573],[106.44447,34.69649],[106.45123,34.68497],[106.44638,34.66711],[106.46821,34.65223],[106.46266,34.64226],[106.44249,34.63676],[106.41789,34.65665],[106.41499,34.64336],[106.39636,34.63727],[106.38427,34.62198],[106.37915,34.62751],[106.366,34.6131],[106.35452,34.61656],[106.33308,34.59633],[106.30898,34.58886],[106.30704,34.58173],[106.32848,34.57497],[106.34006,34.55997],[106.33725,34.55535],[106.32567,34.56261],[106.31446,34.53532],[106.30802,34.54946],[106.29235,34.5588],[106.23603,34.54861],[106.22122,34.55387],[106.21016,34.57574],[106.18265,34.56541],[106.17311,34.5796],[106.14567,34.56785],[106.13753,34.5786],[106.11524,34.57655],[106.11069,34.59806],[106.09945,34.59122],[106.10125,34.58064],[106.08219,34.5792],[106.06722,34.56699],[106.06659,34.58098],[106.05204,34.57727],[106.04199,34.59128],[106.03654,34.57789],[106.02841,34.58147],[106.0223,34.56851],[106.00973,34.56722],[105.98416,34.59637],[105.97383,34.59155],[105.95728,34.60287],[105.9249,34.59182],[105.91979,34.60562],[105.90339,34.613],[105.8809,34.61144],[105.86531,34.59445],[105.8491,34.6074],[105.85661,34.63146],[105.84472,34.63281],[105.82842,34.62],[105.81359,34.62629],[105.81401,34.6326],[105.79267,34.62847],[105.75856,34.63933],[105.76666,34.64843],[105.76305,34.68232],[105.77321,34.69834],[105.77312,34.70791],[105.76321,34.70973],[105.7728,34.72693],[105.809,34.73867],[105.81251,34.76534],[105.83957,34.77972],[105.86739,34.7746],[105.85721,34.80908],[105.86461,34.82019],[105.88514,34.82252],[105.88215,34.83897],[105.87054,34.84641],[105.87306,34.85881],[105.92514,34.88501],[105.92818,34.89843],[105.9202,34.91171],[105.92949,34.91587],[105.92936,34.92849],[105.97726,34.92991],[105.97878,34.94707],[105.99426,34.95486],[106.00862,34.934],[106.02078,34.93029],[106.0309,34.9417],[106.02462,34.9601],[106.0474,34.96926],[106.05746,34.96151],[106.08117,34.96367],[106.07207,34.93027],[106.10448,34.93553],[106.10198,34.91758],[106.07754,34.91687],[106.09015,34.88767],[106.1582,34.90838],[106.17198,34.888],[106.18781,34.8902],[106.2128,34.9111],[106.20924,34.91836],[106.19508,34.91782],[106.19716,34.92618],[106.22691,34.92475],[106.23041,34.88993],[106.23918,34.89075],[106.24381,34.87778],[106.26907,34.88284],[106.31526,34.85535],[106.38134,34.84665],[106.42972,34.85967],[106.43366,34.85198],[106.41665,34.846],[106.45868,34.83064],[106.47283,34.80284],[106.46608,34.7928],[106.48009,34.77318],[106.48155,34.74692]]]}},{"type":"Feature","id":"CTAMAP-2009-COUNTY-1629","properties":{"map_level":"county","source_name":"庆城县","source_code":"621021","county_type":"县","prefecture_name":"庆阳市","prefecture_code":"621000","prefecture_type":"地级市","parent_entity_id":"CNUR-000308","parent_year_end_name":"庆阳市","province_name":"甘肃省","province_code":"620000","snapshot_year":2009,"panel_year":2008,"link_status":"parent_linked","former_name":"","note":""},"geometry":{"type":"Polygon","coordinates":[[[108.07696,36.13921],[108.09235,36.11523],[108.079,36.10852],[108.09631,36.08851],[108.04989,36.09426],[108.04489,36.08733],[108.05544,36.0654],[108.06995,36.06021],[108.06733,36.04774],[108.01829,36.03118],[108.02253,36.01048],[108.00302,35.97366],[107.99285,35.97614],[107.98352,35.96498],[107.9732,35.94946],[107.97664,35.93839],[107.94421,35.93135],[107.94955,35.88684],[107.96431,35.87532],[107.90463,35.8799],[107.88324,35.85099],[107.86065,35.83988],[107.86878,35.82765],[107.84382,35.79894],[107.85953,35.78076],[107.84307,35.77381],[107.86671,35.71256],[107.84744,35.71848],[107.83633,35.74165],[107.80795,35.75817],[107.78275,35.76238],[107.76377,35.77945],[107.72378,35.77765],[107.71381,35.78785],[107.70286,35.78506],[107.66124,35.85304],[107.61956,35.86681],[107.6066,35.85874],[107.59218,35.8624],[107.5676,35.83606],[107.49265,35.8252],[107.46544,35.81071],[107.45663,35.83812],[107.45965,35.87866],[107.44647,35.87666],[107.43275,35.90298],[107.39883,35.91587],[107.39355,35.92871],[107.40065,35.94288],[107.38881,35.94056],[107.37976,35.96972],[107.33491,35.9673],[107.30403,35.99042],[107.30264,36.00702],[107.2774,36.01778],[107.30002,36.03375],[107.31055,36.05688],[107.32869,36.07056],[107.317,36.09626],[107.32348,36.12167],[107.33368,36.12739],[107.31665,36.14581],[107.31783,36.16869],[107.34297,36.23035],[107.35518,36.23487],[107.35763,36.21884],[107.40177,36.24341],[107.40969,36.22637],[107.45506,36.2301],[107.46319,36.25914],[107.48025,36.25621],[107.49971,36.26883],[107.51645,36.26053],[107.52312,36.2674],[107.54065,36.26342],[107.54232,36.27816],[107.55165,36.27595],[107.57728,36.29062],[107.60869,36.28625],[107.6223,36.26903],[107.63083,36.27457],[107.62912,36.28735],[107.66043,36.30593],[107.67267,36.29903],[107.68467,36.27421],[107.7264,36.25698],[107.71691,36.2462],[107.74179,36.23243],[107.73596,36.21499],[107.71926,36.2073],[107.7381,36.19227],[107.73261,36.17301],[107.74334,36.16651],[107.75833,36.16941],[107.75573,36.17915],[107.78032,36.18112],[107.78432,36.19263],[107.79438,36.18815],[107.79747,36.19975],[107.81076,36.19524],[107.84388,36.2049],[107.84861,36.21494],[107.82659,36.21494],[107.82229,36.24377],[107.83455,36.25634],[107.84933,36.23163],[107.85469,36.24092],[107.86422,36.2373],[107.86395,36.22678],[107.86833,36.23524],[107.87811,36.23513],[107.88678,36.20199],[107.9046,36.18554],[107.9297,36.19951],[107.9622,36.17131],[107.97728,36.17991],[108.00728,36.13808],[108.02219,36.13613],[108.04454,36.15917],[108.05506,36.15794],[108.06491,36.13943],[108.07696,36.13921]]]}},{"type":"Feature","id":"CTAMAP-2009-COUNTY-1723","properties":{"map_level":"county","source_name":"山丹县","source_code":"620725","county_type":"县","prefecture_name":"张掖市","prefecture_code":"620700","prefecture_type":"地级市","parent_entity_id":"CNUR-000305","parent_year_end_name":"张掖市","province_name":"甘肃省","province_code":"620000","snapshot_year":2009,"panel_year":2008,"link_status":"parent_linked","former_name":"","note":""},"geometry":{"type":"Polygon","coordinates":[[[101.60372,38.64814],[101.56131,38.61148],[101.56702,38.57838],[101.51838,38.55542],[101.5415,38.52713],[101.54944,38.49468],[101.51959,38.48969],[101.51313,38.49682],[101.50168,38.49487],[101.50472,38.4674],[101.52825,38.46324],[101.5145,38.43761],[101.48411,38.41682],[101.46696,38.39315],[101.45038,38.38745],[101.41144,38.39734],[101.39205,38.38808],[101.36827,38.38848],[101.36652,38.3685],[101.33239,38.3669],[101.34262,38.32023],[101.38965,38.3193],[101.39599,38.28521],[101.41329,38.28061],[101.48411,38.23203],[101.46491,38.19899],[101.4077,38.15127],[101.40017,38.13242],[101.4014,38.1018],[101.37998,38.05892],[101.33206,38.03407],[101.23985,38.03185],[101.21794,38.00901],[101.16071,37.98212],[101.12977,37.92589],[101.11268,37.91901],[101.10098,37.94645],[101.0897,37.93915],[101.07373,37.94178],[101.02801,37.97608],[101.02866,38.07529],[100.96685,38.12133],[100.95611,38.13841],[100.96048,38.18822],[101.00339,38.21271],[101.01232,38.29584],[100.99967,38.31322],[100.98175,38.31045],[100.9982,38.34566],[100.96008,38.38354],[100.97728,38.40006],[100.98246,38.42741],[100.9892,38.41209],[101.00006,38.41196],[101.00924,38.43946],[100.99528,38.47926],[101.00263,38.48675],[100.99426,38.49894],[100.99356,38.53286],[100.96585,38.56564],[100.96102,38.65208],[100.94866,38.67697],[100.95026,38.69046],[100.96679,38.70519],[100.92576,38.759],[100.86719,38.7532],[100.79631,38.76901],[100.75915,38.76696],[100.71675,38.79564],[100.68752,38.80556],[100.71694,38.83401],[100.73582,38.8661],[100.71786,38.87397],[100.71976,38.87978],[100.83559,38.98642],[100.84676,38.9869],[100.84531,39.01743],[100.88045,38.99572],[100.90007,39.03008],[100.95783,39.00571],[100.96881,38.96657],[100.96154,38.94372],[101.12544,38.97681],[101.22661,39.02116],[101.19649,38.94814],[101.23429,38.90623],[101.23783,38.8588],[101.33218,38.84652],[101.34086,38.82413],[101.33319,38.80833],[101.30364,38.80075],[101.30703,38.78643],[101.32674,38.77632],[101.39453,38.77237],[101.4711,38.73703],[101.55779,38.71295],[101.60372,38.64814]]]}},{"type":"Feature","id":"CTAMAP-2009-COUNTY-1854","properties":{"map_level":"county","source_name":"肃北蒙古族自治县","source_code":"620923","county_type":"自治县","prefecture_name":"酒泉市","prefecture_code":"620900","prefecture_type":"地级市","parent_entity_id":"CNUR-000307","parent_year_end_name":"酒泉市","province_name":"甘肃省","province_code":"620000","snapshot_year":2009,"panel_year":2008,"link_status":"parent_linked","former_name":"","note":""},"geometry":{"type":"MultiPolygon","coordinates":[[[[98.33152,40.91816],[97.94317,40.82023],[97.64952,40.78565],[97.62579,40.75237],[97.57335,40.74473],[97.54421,40.72014],[97.49824,40.70688],[97.43663,40.71178],[97.40867,40.72969],[97.26871,40.75188],[97.16229,40.74171],[97.08518,40.74691],[96.8695,40.80188],[96.77735,40.83967],[96.65962,40.85232],[96.50003,40.92915],[96.43753,40.94762],[96.36138,41.02412],[96.26364,41.02965],[96.20804,41.01668],[96.05508,41.06356],[96.03463,41.07799],[95.90518,41.102],[95.88039,41.11904],[95.86741,41.14705],[95.83532,41.16942],[95.81095,41.20479],[95.81263,41.22553],[95.77041,41.29907],[95.76699,41.33214],[95.72894,41.35086],[95.70199,41.40852],[95.69215,41.41167],[95.66601,41.46162],[95.63484,41.58693],[95.60315,41.67149],[95.61227,41.77889],[95.60364,41.80106],[95.67153,41.82729],[95.8571,41.84908],[95.88311,41.86571],[96.03349,41.92063],[96.11593,41.98418],[96.13651,42.01785],[96.13794,42.05243],[96.07614,42.1479],[96.17757,42.21631],[96.04006,42.32485],[96.04103,42.35119],[96.06506,42.41279],[95.97788,42.43524],[96.0166,42.48047],[96.023,42.54072],[96.07215,42.56781],[96.10275,42.60244],[96.1571,42.61819],[96.16714,42.63006],[96.21464,42.64342],[96.38478,42.72535],[96.74832,42.7569],[96.97773,42.75433],[97.17172,42.79453],[97.23891,42.66668],[97.50004,42.2423],[97.84645,41.65509],[97.61395,41.47611],[97.61601,41.46288],[97.63182,41.4525],[97.62876,41.43953],[97.97153,41.09666],[98.14155,41.00039],[98.18416,40.9867],[98.24964,40.93795],[98.33152,40.91816]]],[[[96.0,39.89167],[96.11301,39.89091],[96.32888,39.92788],[96.34283,39.9217],[96.33989,39.904],[96.36976,39.8783],[96.4841,39.85683],[96.52678,39.79295],[96.70322,39.76175],[96.71672,39.73323],[96.81256,39.68964],[96.90388,39.76472],[96.92804,39.77255],[96.97857,39.76513],[97.00453,39.77423],[97.01518,39.80128],[97.08154,39.80478],[97.11681,39.78038],[97.1681,39.77579],[97.18004,39.76791],[97.19017,39.74352],[97.26451,39.7059],[97.29872,39.70712],[97.32855,39.69097],[97.3722,39.68992],[97.43684,39.6683],[97.49418,39.67125],[97.54948,39.65425],[97.57192,39.63183],[97.61821,39.6304],[97.58407,39.60313],[97.56939,39.56338],[97.50881,39.52732],[97.48022,39.47623],[97.4763,39.37235],[97.45346,39.35158],[97.43102,39.3494],[97.40846,39.32312],[97.39547,39.31965],[97.40118,39.30125],[97.39294,39.23978],[97.42739,39.17215],[97.43157,39.12538],[97.42018,39.124],[97.42033,39.13612],[97.40285,39.14833],[97.3653,39.14898],[97.34458,39.17501],[97.30627,39.16112],[97.21122,39.19678],[97.16945,39.18952],[97.13541,39.20317],[97.12606,39.19668],[97.09002,39.20416],[97.06231,39.19784],[97.04761,39.20924],[97.01222,39.2126],[96.96203,39.1976],[97.01251,39.14136],[96.97145,39.10314],[96.97304,39.08523],[96.96053,39.07489],[96.96517,39.06092],[96.95556,39.04204],[96.96857,39.03467],[96.97068,39.02426],[96.93418,38.9709],[96.94752,38.93465],[96.93893,38.90855],[96.9503,38.90395],[96.9553,38.888],[96.99353,38.88399],[96.98364,38.86857],[96.99319,38.8348],[96.98732,38.79184],[97.00007,38.76078],[97.02226,38.75499],[97.00853,38.7025],[97.01622,38.68603],[97.03511,38.67872],[97.04362,38.68519],[97.05566,38.67201],[97.04674,38.65297],[97.03421,38.64979],[97.05204,38.64422],[97.0553,38.59282],[96.99429,38.5634],[96.93553,38.55432],[96.90102,38.57261],[96.87304,38.57414],[96.80924,38.60804],[96.79442,38.60777],[96.81541,38.56428],[96.80823,38.5619],[96.79919,38.57138],[96.77281,38.5664],[96.76161,38.55533],[96.76009,38.54686],[96.79082,38.52694],[96.77876,38.50485],[96.75167,38.49946],[96.70111,38.50625],[96.69174,38.49593],[96.67037,38.49796],[96.65761,38.4886],[96.69848,38.45759],[96.68984,38.43037],[96.64656,38.42516],[96.6096,38.43503],[96.5834,38.42756],[96.56095,38.43774],[96.53475,38.43816],[96.52782,38.45839],[96.51148,38.46685],[96.50622,38.48033],[96.51451,38.49054],[96.50615,38.4954],[96.51485,38.50548],[96.51192,38.52359],[96.52459,38.53526],[96.47789,38.54626],[96.48019,38.55715],[96.47134,38.56363],[96.43976,38.57012],[96.42111,38.56584],[96.40485,38.58485],[96.38352,38.58471],[96.32644,38.62272],[96.31918,38.63757],[96.30404,38.63616],[96.29057,38.64482],[96.28099,38.62376],[96.25125,38.60748],[96.23778,38.62305],[96.22452,38.61674],[96.19771,38.62274],[96.19111,38.63312],[96.16675,38.63285],[96.14506,38.67194],[96.11114,38.66481],[96.09323,38.6529],[96.07603,38.658],[96.06404,38.67407],[96.04367,38.67492],[96.03677,38.68626],[96.04691,38.72813],[96.03548,38.73886],[95.9719,38.76268],[95.95315,38.76091],[95.94157,38.77032],[95.907,38.76307],[95.88981,38.7804],[95.88002,38.8073],[95.82772,38.83143],[95.79444,38.86343],[95.77473,38.86979],[95.76959,38.85454],[95.76043,38.85077],[95.68731,38.88095],[95.67696,38.90996],[95.65561,38.91027],[95.63356,38.94013],[95.60544,38.96143],[95.58855,38.96495],[95.5809,38.98607],[95.58656,38.99409],[95.57652,39.00423],[95.55989,39.01085],[95.54797,39.00013],[95.50759,39.01216],[95.45696,39.0552],[95.43822,39.06323],[95.43029,39.05934],[95.40396,39.07523],[95.39493,39.09042],[95.3717,39.10324],[95.36658,39.12377],[95.33949,39.13584],[95.33304,39.14901],[95.3002,39.16871],[95.30305,39.18431],[95.28953,39.1993],[95.23066,39.18278],[95.18996,39.19215],[95.16642,39.17459],[95.14903,39.17216],[95.09524,39.20254],[95.06206,39.19452],[95.055,39.20713],[95.01387,39.21735],[94.97226,39.21588],[94.95773,39.23007],[94.9245,39.23568],[94.91549,39.24913],[94.92953,39.26992],[94.92113,39.27894],[94.94495,39.32158],[94.91252,39.32163],[94.82074,39.34845],[94.79073,39.37099],[94.785,39.38452],[94.75486,39.38066],[94.73826,39.38705],[94.72068,39.42192],[94.68671,39.45474],[94.68123,39.47059],[94.68836,39.49731],[94.67748,39.50065],[94.6924,39.52272],[94.70993,39.62784],[94.70623,39.64216],[94.58918,39.64269],[94.55005,39.72383],[94.60598,39.72849],[94.7313,39.75769],[94.76627,39.77841],[94.85736,39.80893],[95.01133,39.83857],[95.1235,39.8787],[95.33385,39.92852],[95.40569,39.94086],[95.44717,39.93922],[95.50373,40.02345],[95.52213,39.95569],[95.64573,39.91751],[95.89894,39.86877],[96.0,39.89167]]]]}},{"type":"Feature","id":"CTAMAP-2009-COUNTY-1856","properties":{"map_level":"county","source_name":"肃州区","source_code":"620902","county_type":"市辖区","prefecture_name":"酒泉市","prefecture_code":"620900","prefecture_type":"地级市","parent_entity_id":"CNUR-000307","parent_year_end_name":"酒泉市","province_name":"甘肃省","province_code":"620000","snapshot_year":2009,"panel_year":2008,"link_status":"parent_linked","former_name":"酒泉市","note":"2002年撤销酒泉市，设立肃州区"},"geometry":{"type":"Polygon","coordinates":[[[98.98374,39.8302],[98.96095,39.79173],[98.95061,39.71316],[98.93993,39.713],[98.94046,39.69188],[98.9546,39.66237],[98.81847,39.66802],[98.80993,39.66167],[98.79981,39.60312],[98.81497,39.59901],[98.81519,39.59104],[98.8684,39.58895],[98.8705,39.59417],[98.93793,39.57666],[98.94434,39.59232],[98.97674,39.61865],[99.02829,39.63243],[99.04544,39.62752],[99.07167,39.61565],[99.05468,39.58966],[99.07233,39.55021],[99.10099,39.51271],[99.16675,39.48098],[99.23686,39.45935],[99.30322,39.34894],[99.28754,39.29101],[99.19599,39.28451],[99.19367,39.2758],[99.20886,39.25283],[99.21056,39.21571],[99.17094,39.16075],[99.16253,39.17006],[99.18028,39.18101],[99.13865,39.207],[99.1408,39.24998],[99.1196,39.26139],[99.08964,39.26195],[99.08254,39.27286],[99.06222,39.25686],[99.04336,39.28972],[99.01974,39.30652],[98.98431,39.31138],[98.97491,39.33013],[98.90849,39.33166],[98.90358,39.31364],[98.88065,39.3295],[98.8657,39.32329],[98.82611,39.34962],[98.81515,39.34665],[98.81852,39.35869],[98.79997,39.36153],[98.76387,39.39294],[98.7337,39.38739],[98.73035,39.39779],[98.68088,39.4315],[98.61727,39.43909],[98.60185,39.45136],[98.56987,39.45943],[98.56101,39.46694],[98.57934,39.48254],[98.55181,39.46921],[98.51084,39.47292],[98.51585,39.4798],[98.5335,39.47571],[98.53936,39.48189],[98.52928,39.48568],[98.5492,39.50891],[98.42992,39.57778],[98.39823,39.53636],[98.3614,39.54122],[98.32842,39.56843],[98.35607,39.63278],[98.38276,39.66606],[98.39102,39.68998],[98.41329,39.7089],[98.40593,39.73048],[98.35983,39.75563],[98.35201,39.77672],[98.49003,39.8389],[98.48693,39.86463],[98.51856,39.89259],[98.51351,39.89768],[98.51944,39.90869],[98.49674,39.9151],[98.49463,39.95063],[98.46692,39.96962],[98.47333,39.97501],[98.51852,39.98478],[98.56245,39.96969],[98.5826,39.97574],[98.60543,39.95458],[98.63324,39.94277],[98.63511,39.92835],[98.64699,39.92308],[98.67488,39.93439],[98.70857,39.91549],[98.77209,39.92386],[98.79289,39.90727],[98.82605,39.90094],[98.95256,39.8999],[98.96788,39.89472],[98.98161,39.85291],[98.9768,39.83357],[98.98374,39.8302]]]}},{"type":"Feature","id":"CTAMAP-2009-COUNTY-1931","properties":{"map_level":"county","source_name":"天祝藏族自治县","source_code":"620623","county_type":"自治县","prefecture_name":"武威市","prefecture_code":"620600","prefecture_type":"地级市","parent_entity_id":"CNUR-000304","parent_year_end_name":"武威市","province_name":"甘肃省","province_code":"620000","snapshot_year":2009,"panel_year":2008,"link_status":"parent_linked","former_name":"","note":""},"geometry":{"type":"MultiPolygon","coordinates":[[[[102.69088,36.77539],[102.72836,36.75961],[102.71949,36.75467],[102.72678,36.75054],[102.73586,36.75513],[102.73622,36.74584],[102.74671,36.74096],[102.72313,36.73908],[102.72954,36.72948],[102.71534,36.72781],[102.72212,36.72548],[102.73882,36.73201],[102.74669,36.7315],[102.73335,36.728],[102.75065,36.72129],[102.74627,36.70801],[102.75965,36.6929],[102.73662,36.69411],[102.76045,36.68342],[102.72855,36.66909],[102.75948,36.67407],[102.73742,36.6698],[102.73577,36.66293],[102.72469,36.66364],[102.72851,36.66853],[102.71234,36.66927],[102.72341,36.66534],[102.7133,36.66317],[102.72133,36.65878],[102.68903,36.66508],[102.71701,36.65583],[102.76231,36.66442],[102.7654,36.67177],[102.76846,36.67224],[102.77279,36.65774],[102.75696,36.65476],[102.76869,36.65095],[102.74507,36.65116],[102.7501,36.64279],[102.74087,36.64172],[102.7427,36.63978],[102.76909,36.64764],[102.77011,36.63627],[102.77998,36.62974],[102.76798,36.62216],[102.78331,36.62008],[102.7705,36.61116],[102.78352,36.60706],[102.76537,36.60462],[102.77911,36.60271],[102.78179,36.59486],[102.77583,36.58962],[102.76216,36.59311],[102.75992,36.59235],[102.79895,36.58515],[102.80206,36.56326],[102.78271,36.57143],[102.77782,36.57176],[102.77322,36.57064],[102.79037,36.56654],[102.78865,36.55574],[102.80111,36.54994],[102.80023,36.54284],[102.78408,36.53928],[102.80349,36.5287],[102.79141,36.51756],[102.79691,36.49962],[102.77019,36.52134],[102.75085,36.5263],[102.7327,36.56206],[102.73667,36.57043],[102.76018,36.56893],[102.76256,36.57551],[102.71321,36.59933],[102.72184,36.61473],[102.68293,36.61876],[102.62828,36.65218],[102.60514,36.68191],[102.59986,36.71727],[102.6122,36.7385],[102.64263,36.734],[102.64957,36.7476],[102.69088,36.77539]]],[[[102.73034,37.39781],[102.71909,37.37023],[102.73542,37.37903],[102.75773,37.36955],[102.79355,37.37179],[102.81735,37.38319],[102.8421,37.38061],[102.84473,37.37204],[102.82758,37.36307],[102.8239,37.34843],[102.80405,37.34253],[102.78568,37.32196],[102.8025,37.31739],[102.8408,37.32348],[102.85656,37.2789],[102.89394,37.24661],[102.90881,37.26859],[102.96132,37.26685],[102.95596,37.28139],[102.93957,37.28817],[102.92888,37.30328],[102.93406,37.32676],[102.9484,37.32118],[102.9761,37.34105],[103.00181,37.34031],[103.0221,37.33052],[103.01733,37.33774],[103.0242,37.34341],[103.06441,37.34386],[103.08086,37.33271],[103.1058,37.33072],[103.14698,37.3668],[103.19157,37.37515],[103.24002,37.33414],[103.26559,37.3282],[103.24258,37.29422],[103.27861,37.26426],[103.28962,37.26755],[103.3085,37.25477],[103.3217,37.2593],[103.37043,37.24585],[103.37489,37.22418],[103.39246,37.20816],[103.43765,37.20363],[103.45293,37.21058],[103.46253,37.19951],[103.47255,37.19983],[103.46636,37.19057],[103.47886,37.17785],[103.48926,37.18001],[103.49068,37.19467],[103.52469,37.19356],[103.53964,37.17734],[103.52113,37.15653],[103.52675,37.14155],[103.60369,37.13304],[103.63252,37.11255],[103.63307,37.08039],[103.61614,37.06347],[103.58519,37.06755],[103.57844,37.04567],[103.55582,37.0259],[103.57863,37.00261],[103.56875,36.97683],[103.49827,36.96172],[103.44616,36.9821],[103.43746,36.99589],[103.37217,36.99769],[103.3147,36.98652],[103.31329,36.96706],[103.30497,36.95831],[103.30784,36.94875],[103.3224,36.94489],[103.33149,36.95878],[103.34631,36.95766],[103.34608,36.92645],[103.36812,36.90694],[103.38052,36.91982],[103.40385,36.92424],[103.40588,36.93265],[103.41757,36.93066],[103.43613,36.94971],[103.45352,36.93547],[103.47733,36.93988],[103.49886,36.89543],[103.51728,36.90258],[103.53819,36.88292],[103.53465,36.86719],[103.51635,36.84979],[103.4703,36.87398],[103.46977,36.86028],[103.45022,36.83238],[103.39597,36.82592],[103.37432,36.85388],[103.37928,36.87626],[103.36673,36.88925],[103.34611,36.89494],[103.34419,36.9166],[103.31221,36.90644],[103.27902,36.91498],[103.26387,36.90755],[103.24602,36.91552],[103.27539,36.95219],[103.26644,36.95612],[103.25558,36.95851],[103.2275,36.94573],[103.22401,36.93517],[103.20117,36.94336],[103.2019,36.93115],[103.18242,36.92828],[103.17379,36.93426],[103.17393,36.94957],[103.14669,36.95117],[103.14267,36.94554],[103.10846,36.95171],[103.07261,36.94456],[103.06572,36.95933],[102.97494,36.94881],[102.95327,36.92873],[102.9138,36.93363],[102.88433,36.90754],[102.88116,36.90156],[102.90166,36.87866],[102.8955,36.87314],[102.90034,36.86569],[102.87648,36.8565],[102.86883,36.84136],[102.85306,36.83616],[102.84159,36.84531],[102.80956,36.84227],[102.84418,36.80911],[102.83143,36.80771],[102.82073,36.79395],[102.84081,36.78266],[102.8328,36.76361],[102.81446,36.76118],[102.80425,36.7746],[102.77778,36.7619],[102.74945,36.7662],[102.72843,36.75345],[102.72275,36.75314],[102.72838,36.75534],[102.72986,36.7625],[102.68453,36.80915],[102.67591,36.80722],[102.64633,36.83421],[102.63734,36.8529],[102.62576,36.85109],[102.62437,36.85876],[102.58584,36.86933],[102.57195,36.88261],[102.5593,36.90227],[102.55951,36.91925],[102.52574,36.92751],[102.52048,36.9402],[102.49802,36.94306],[102.49606,36.9564],[102.46491,36.95446],[102.44881,36.96862],[102.46526,36.97614],[102.46984,36.99527],[102.50475,37.0195],[102.48523,37.07854],[102.49537,37.08715],[102.51078,37.09209],[102.52963,37.08673],[102.60025,37.10474],[102.64048,37.09991],[102.63623,37.12085],[102.60732,37.15085],[102.60206,37.17122],[102.57817,37.17156],[102.53498,37.21272],[102.48784,37.22297],[102.47798,37.24107],[102.45569,37.24977],[102.45142,37.27096],[102.41771,37.29314],[102.4257,37.30796],[102.36232,37.32949],[102.30936,37.35958],[102.2979,37.3698],[102.29851,37.39049],[102.26894,37.39243],[102.2472,37.41054],[102.19554,37.41904],[102.17134,37.46005],[102.12629,37.48113],[102.10122,37.4816],[102.10066,37.49158],[102.12036,37.51584],[102.11553,37.53115],[102.12818,37.54687],[102.09972,37.5736],[102.07138,37.5832],[102.06321,37.59165],[102.06571,37.60097],[102.03476,37.62472],[102.05313,37.64731],[102.046,37.66342],[102.05092,37.68314],[102.07632,37.69168],[102.07485,37.70635],[102.08383,37.71256],[102.09031,37.73809],[102.12372,37.7604],[102.12461,37.77564],[102.13712,37.77757],[102.16593,37.81977],[102.19868,37.8314],[102.20395,37.85757],[102.2083,37.84855],[102.22184,37.84631],[102.23449,37.8615],[102.25823,37.86737],[102.33074,37.87572],[102.35071,37.86606],[102.35828,37.87729],[102.39637,37.89384],[102.4091,37.87989],[102.4474,37.86849],[102.45102,37.8535],[102.43588,37.84668],[102.45327,37.80973],[102.42506,37.79188],[102.44452,37.80157],[102.4457,37.78644],[102.45698,37.78345],[102.46511,37.76127],[102.45195,37.74746],[102.47432,37.73157],[102.50575,37.74718],[102.50568,37.7303],[102.51903,37.71494],[102.53143,37.72171],[102.54123,37.71608],[102.53462,37.69044],[102.55849,37.68085],[102.53676,37.65755],[102.55512,37.65686],[102.58532,37.67978],[102.60225,37.67964],[102.60761,37.66809],[102.63147,37.66689],[102.63445,37.64516],[102.65978,37.6442],[102.67799,37.6259],[102.67452,37.60287],[102.64964,37.59015],[102.65809,37.56646],[102.63879,37.54983],[102.60658,37.55967],[102.56995,37.54067],[102.55572,37.55437],[102.54496,37.5533],[102.54693,37.54034],[102.56183,37.53845],[102.5712,37.51604],[102.56391,37.5089],[102.57001,37.49537],[102.59496,37.47547],[102.57906,37.45285],[102.59107,37.44467],[102.59695,37.45786],[102.60443,37.45689],[102.62014,37.42912],[102.65343,37.42236],[102.6553,37.41524],[102.64426,37.40734],[102.65241,37.39507],[102.67384,37.3872],[102.67302,37.4064],[102.69036,37.40411],[102.71927,37.41856],[102.73034,37.39781]]]]}},{"type":"Feature","id":"CTAMAP-2009-COUNTY-1948","properties":{"map_level":"county","source_name":"通渭县","source_code":"621121","county_type":"县","prefecture_name":"定西市","prefecture_code":"621100","prefecture_type":"地级市","parent_entity_id":"CNUR-000309","parent_year_end_name":"定西市","province_name":"甘肃省","province_code":"620000","snapshot_year":2009,"panel_year":2008,"link_status":"parent_linked","former_name":"","note":""},"geometry":{"type":"Polygon","coordinates":[[[105.34428,35.48791],[105.34724,35.4764],[105.3815,35.45695],[105.38536,35.42411],[105.42308,35.39838],[105.42338,35.38128],[105.44004,35.36462],[105.42807,35.35634],[105.43982,35.35566],[105.44905,35.36742],[105.44618,35.35197],[105.45305,35.34488],[105.47481,35.34676],[105.47075,35.38465],[105.48584,35.3898],[105.49475,35.35682],[105.53551,35.34061],[105.52565,35.32297],[105.53572,35.30299],[105.54997,35.30536],[105.54821,35.29192],[105.53755,35.28812],[105.53377,35.26222],[105.55116,35.24371],[105.54854,35.2339],[105.57127,35.20369],[105.61793,35.23247],[105.60973,35.21959],[105.61273,35.2066],[105.60395,35.20001],[105.61644,35.18595],[105.60927,35.17626],[105.63045,35.17457],[105.64664,35.15641],[105.64085,35.14176],[105.59388,35.15736],[105.57476,35.1759],[105.55459,35.16762],[105.55509,35.1547],[105.53077,35.14554],[105.55896,35.12296],[105.53302,35.08606],[105.52456,35.05609],[105.50842,35.06877],[105.51022,35.08068],[105.47829,35.09229],[105.47228,35.11071],[105.45544,35.12384],[105.45712,35.1322],[105.44655,35.13405],[105.43948,35.12396],[105.40847,35.11185],[105.40615,35.08469],[105.38909,35.08453],[105.39152,35.06083],[105.35057,35.06835],[105.34411,35.04148],[105.32447,35.04867],[105.31588,35.03918],[105.29208,35.05154],[105.29,35.03831],[105.29906,35.02653],[105.29489,35.01176],[105.27494,35.01616],[105.28467,35.0216],[105.27009,35.03626],[105.24164,35.01525],[105.23845,35.00687],[105.25401,34.99814],[105.26102,34.98156],[105.25085,34.95791],[105.22211,34.94483],[105.21323,34.93281],[105.18949,34.93794],[105.19012,34.95478],[105.17598,34.97005],[105.16146,34.97222],[105.14683,34.96],[105.13396,34.97182],[105.078,34.97343],[105.06262,34.98373],[105.05156,34.97694],[105.06315,34.97308],[105.07394,34.95579],[105.02824,34.92285],[105.00569,34.92808],[105.00386,34.94027],[104.96647,34.94038],[104.96731,34.95447],[104.93321,34.93692],[104.91796,34.9511],[104.89301,34.92763],[104.89419,34.93953],[104.86816,34.98621],[104.87286,35.02861],[104.8606,35.03979],[104.8812,35.05666],[104.87195,35.06671],[104.85848,35.05979],[104.84651,35.08035],[104.83421,35.06902],[104.82843,35.09522],[104.84371,35.1311],[104.86423,35.13772],[104.88401,35.13103],[104.88635,35.14447],[104.87257,35.14907],[104.85813,35.1907],[104.83283,35.2055],[104.79696,35.19564],[104.83381,35.22596],[104.83413,35.23724],[104.85696,35.24316],[104.84851,35.25566],[104.86462,35.29126],[104.87785,35.30066],[104.8903,35.29895],[104.89591,35.30824],[104.92451,35.3131],[104.93139,35.32245],[104.92713,35.3413],[104.93476,35.35264],[104.9643,35.36204],[104.96091,35.37263],[104.99144,35.41461],[104.98928,35.42761],[105.01664,35.43721],[105.01705,35.44509],[105.03372,35.45442],[105.06903,35.45433],[105.06725,35.43737],[105.08299,35.41581],[105.09594,35.41246],[105.10589,35.42089],[105.11892,35.41838],[105.12264,35.43078],[105.11451,35.43874],[105.11981,35.4438],[105.14556,35.44877],[105.1788,35.43825],[105.18962,35.4544],[105.20598,35.46044],[105.21863,35.48213],[105.24528,35.48714],[105.27087,35.47808],[105.28522,35.49793],[105.29647,35.4991],[105.29971,35.48744],[105.32779,35.49364],[105.34428,35.48791]]]}},{"type":"Feature","id":"CTAMAP-2009-COUNTY-2016","properties":{"map_level":"county","source_name":"渭源县","source_code":"621123","county_type":"县","prefecture_name":"定西市","prefecture_code":"621100","prefecture_type":"地级市","parent_entity_id":"CNUR-000309","parent_year_end_name":"定西市","province_name":"甘肃省","province_code":"620000","snapshot_year":2009,"panel_year":2008,"link_status":"parent_linked","former_name":"","note":""},"geometry":{"type":"Polygon","coordinates":[[[104.30459,35.3581],[104.33895,35.38217],[104.36599,35.38847],[104.37938,35.3738],[104.42268,35.38405],[104.42662,35.37058],[104.44916,35.37668],[104.45938,35.36863],[104.47609,35.32934],[104.44167,35.26408],[104.40705,35.25809],[104.38625,35.23975],[104.38364,35.22973],[104.39939,35.22692],[104.38863,35.19811],[104.33527,35.1577],[104.3345,35.1362],[104.35633,35.13897],[104.3509,35.10286],[104.40041,35.1019],[104.35134,35.06376],[104.34715,35.04269],[104.32326,35.02785],[104.32812,35.0179],[104.31419,34.9608],[104.32499,34.94884],[104.28921,34.93898],[104.28555,34.9161],[104.26753,34.90412],[104.23606,34.89956],[104.20671,34.91394],[104.20111,34.9298],[104.15033,34.93325],[104.14702,34.94633],[104.13348,34.95443],[104.09743,34.95979],[104.08137,34.95368],[104.09336,34.92484],[104.07754,34.91133],[104.07622,34.89048],[104.0258,34.89318],[104.00912,34.90864],[104.0234,34.91968],[104.01617,34.93778],[103.98585,34.9377],[103.9834,34.94569],[103.9558,34.95412],[103.9386,34.93566],[103.92651,34.94212],[103.92787,34.96027],[103.91227,34.97218],[103.86083,34.98851],[103.83273,34.97899],[103.8145,34.99372],[103.78755,34.99734],[103.7826,35.01273],[103.74061,35.04509],[103.74351,35.05753],[103.73588,35.06751],[103.74438,35.08868],[103.75351,35.08939],[103.76169,35.07497],[103.78487,35.06202],[103.79903,35.06145],[103.79637,35.0962],[103.78544,35.10732],[103.78373,35.12337],[103.81371,35.12666],[103.82223,35.11652],[103.83325,35.11664],[103.83297,35.12534],[103.85487,35.12048],[103.88253,35.17295],[103.88427,35.19932],[103.87511,35.20744],[103.90145,35.21841],[103.89939,35.22594],[103.88113,35.22343],[103.8928,35.23294],[103.92194,35.23003],[103.91556,35.2416],[103.92779,35.25366],[103.9486,35.25604],[103.96694,35.24864],[103.97241,35.21828],[103.99568,35.18897],[104.02581,35.19396],[104.04141,35.21339],[104.075,35.22833],[104.09711,35.2563],[104.09602,35.26466],[104.10612,35.2686],[104.10637,35.28717],[104.11726,35.29947],[104.11196,35.30874],[104.15331,35.3291],[104.14228,35.33447],[104.13574,35.35056],[104.14007,35.38684],[104.16784,35.38257],[104.17356,35.39617],[104.18845,35.38888],[104.21562,35.41566],[104.22803,35.37992],[104.24914,35.39345],[104.27779,35.37726],[104.28621,35.36185],[104.30459,35.3581]]]}},{"type":"Feature","id":"CTAMAP-2009-COUNTY-2033","properties":{"map_level":"county","source_name":"文县","source_code":"621222","county_type":"县","prefecture_name":"陇南市","prefecture_code":"621200","prefecture_type":"地级市","parent_entity_id":"CNUR-000310","parent_year_end_name":"陇南市","province_name":"甘肃省","province_code":"620000","snapshot_year":2009,"panel_year":2008,"link_status":"parent_linked","former_name":"","note":""},"geometry":{"type":"Polygon","coordinates":[[[104.75999,33.31921],[104.81549,33.3253],[104.84997,33.31526],[104.85941,33.28536],[104.90278,33.27447],[104.91214,33.25518],[104.98255,33.20424],[104.98889,33.19154],[105.01147,33.18661],[105.0056,33.15896],[104.9843,33.14628],[105.00462,33.10712],[104.99303,33.07781],[104.99922,33.05942],[104.9688,33.04702],[104.96475,33.0328],[105.00271,32.94888],[105.02379,32.93987],[105.05483,32.90914],[105.07323,32.90488],[105.08241,32.88593],[105.09851,32.87976],[105.09607,32.86315],[105.11775,32.85053],[105.13098,32.85554],[105.14148,32.87843],[105.17588,32.88615],[105.18829,32.86555],[105.19504,32.86662],[105.21716,32.91163],[105.23217,32.91753],[105.25037,32.90338],[105.2586,32.88237],[105.27722,32.8703],[105.30914,32.80327],[105.31653,32.79941],[105.32626,32.81039],[105.34485,32.81227],[105.35394,32.83353],[105.38881,32.83763],[105.41499,32.80386],[105.42537,32.77506],[105.43858,32.77619],[105.44142,32.762],[105.44676,32.77003],[105.45277,32.76623],[105.44938,32.73743],[105.42277,32.73563],[105.37494,32.71048],[105.36458,32.71448],[105.34318,32.68503],[105.30512,32.67371],[105.28753,32.65682],[105.25994,32.65405],[105.23887,32.671],[105.2174,32.66813],[105.21232,32.6411],[105.19988,32.63009],[105.1167,32.59808],[105.10765,32.59639],[105.09414,32.60855],[105.07679,32.63934],[105.02606,32.65275],[105.01201,32.64176],[104.9686,32.63596],[104.9232,32.60947],[104.87941,32.60342],[104.86978,32.61384],[104.87003,32.62694],[104.82648,32.66513],[104.78953,32.64497],[104.75708,32.64792],[104.7412,32.63763],[104.71844,32.64936],[104.70291,32.6763],[104.64311,32.66202],[104.60885,32.69117],[104.59054,32.69661],[104.58112,32.72427],[104.56889,32.73141],[104.55145,32.73632],[104.53124,32.72703],[104.5076,32.75738],[104.45435,32.75095],[104.44526,32.76368],[104.42433,32.7709],[104.4174,32.7838],[104.36948,32.80947],[104.36451,32.82301],[104.29102,32.83875],[104.28896,32.87106],[104.27453,32.888],[104.28466,32.94315],[104.30226,32.95433],[104.34172,32.94278],[104.36796,32.94741],[104.38161,32.99616],[104.424,33.01691],[104.41424,33.03478],[104.39004,33.04094],[104.3657,33.03077],[104.33065,33.04545],[104.34852,33.05897],[104.35803,33.08139],[104.36792,33.08349],[104.35093,33.08806],[104.35726,33.10127],[104.38051,33.11018],[104.35561,33.14615],[104.34531,33.18946],[104.3247,33.21672],[104.32092,33.26959],[104.30052,33.30529],[104.32854,33.31722],[104.34582,33.30286],[104.38332,33.30106],[104.40844,33.28378],[104.39445,33.29708],[104.39164,33.31445],[104.46218,33.33561],[104.48524,33.3301],[104.49889,33.34322],[104.53782,33.27693],[104.5303,33.26175],[104.53411,33.23399],[104.55778,33.2316],[104.57733,33.21993],[104.64087,33.23756],[104.63543,33.24926],[104.64306,33.28312],[104.66171,33.29349],[104.66278,33.30383],[104.70828,33.30676],[104.72258,33.29874],[104.7564,33.30902],[104.75999,33.31921]]]}},{"type":"Feature","id":"CTAMAP-2009-COUNTY-2086","properties":{"map_level":"county","source_name":"武都区","source_code":"621202","county_type":"市辖区","prefecture_name":"陇南市","prefecture_code":"621200","prefecture_type":"地级市","parent_entity_id":"CNUR-000310","parent_year_end_name":"陇南市","province_name":"甘肃省","province_code":"620000","snapshot_year":2009,"panel_year":2008,"link_status":"parent_linked","former_name":"武都县","note":"2004年撤销武都县，设立武都区"},"geometry":{"type":"Polygon","coordinates":[[[105.3693,33.64705],[105.39616,33.6514],[105.37837,33.609],[105.34052,33.57626],[105.30799,33.58201],[105.30394,33.55487],[105.28684,33.54088],[105.29169,33.49539],[105.28267,33.47256],[105.32321,33.47507],[105.35707,33.45176],[105.36587,33.42301],[105.38833,33.41757],[105.41009,33.39353],[105.38441,33.36572],[105.40585,33.32968],[105.35687,33.30547],[105.35886,33.27353],[105.33929,33.25889],[105.35896,33.23119],[105.34652,33.2063],[105.36301,33.20039],[105.38588,33.16314],[105.40792,33.16658],[105.42896,33.15247],[105.44117,33.15533],[105.48347,33.1201],[105.50008,33.11993],[105.53062,33.068],[105.54946,33.05859],[105.54976,33.03719],[105.56442,33.02074],[105.60062,33.01609],[105.61066,32.99113],[105.63345,32.98639],[105.64081,32.97051],[105.62195,32.9532],[105.59748,32.95135],[105.61747,32.90079],[105.61465,32.88629],[105.5887,32.88076],[105.57294,32.88827],[105.55903,32.91115],[105.53433,32.90896],[105.52104,32.92264],[105.4968,32.91281],[105.46136,32.93274],[105.42234,32.93335],[105.40805,32.92172],[105.40458,32.88748],[105.38489,32.8808],[105.39528,32.8543],[105.38796,32.85053],[105.39465,32.84562],[105.39075,32.839],[105.35394,32.83353],[105.34485,32.81227],[105.32626,32.81039],[105.31546,32.79932],[105.30645,32.80593],[105.29193,32.8471],[105.27614,32.86118],[105.27722,32.8703],[105.2586,32.88237],[105.25037,32.90338],[105.23217,32.91753],[105.21716,32.91163],[105.19504,32.86662],[105.18829,32.86555],[105.17588,32.88615],[105.15625,32.88388],[105.13859,32.87603],[105.13098,32.85554],[105.11775,32.85053],[105.09607,32.86315],[105.09851,32.87976],[105.08241,32.88593],[105.07165,32.90632],[105.05483,32.90914],[105.02379,32.93987],[105.00271,32.94888],[104.96458,33.03627],[104.97061,33.04824],[104.99922,33.05942],[104.99303,33.07781],[105.00462,33.10712],[104.9843,33.14628],[105.0056,33.15896],[105.01147,33.18661],[104.98889,33.19154],[104.98255,33.20424],[104.91214,33.25518],[104.90278,33.27447],[104.85941,33.28536],[104.84997,33.31526],[104.81549,33.3253],[104.76464,33.31809],[104.71697,33.3395],[104.70878,33.35317],[104.71781,33.3631],[104.70859,33.37808],[104.70881,33.39987],[104.72807,33.41006],[104.69784,33.43609],[104.69651,33.45921],[104.65424,33.48004],[104.65059,33.48851],[104.61096,33.50064],[104.58907,33.52135],[104.57654,33.52217],[104.56966,33.53805],[104.58197,33.53708],[104.57996,33.57216],[104.59551,33.58376],[104.57631,33.59132],[104.57406,33.60777],[104.58819,33.62168],[104.6146,33.62608],[104.62427,33.64587],[104.63575,33.64018],[104.62591,33.62803],[104.6374,33.61663],[104.62212,33.60603],[104.63373,33.60389],[104.63119,33.59118],[104.65788,33.57327],[104.67877,33.57678],[104.69756,33.56658],[104.73649,33.59538],[104.70528,33.63613],[104.70538,33.6458],[104.75387,33.64936],[104.78641,33.66081],[104.82807,33.63539],[104.8631,33.6363],[104.87096,33.65383],[104.88946,33.66683],[104.88805,33.69033],[104.90576,33.70092],[104.92435,33.69228],[104.92138,33.68486],[104.93413,33.67499],[104.94777,33.68145],[104.95614,33.65441],[104.97473,33.65087],[104.97971,33.62337],[105.01294,33.59509],[105.05099,33.60281],[105.06262,33.6324],[105.09051,33.62004],[105.10489,33.63155],[105.11835,33.62861],[105.15969,33.6444],[105.18963,33.6733],[105.26269,33.70842],[105.31892,33.66656],[105.31799,33.65587],[105.30438,33.65759],[105.30077,33.65138],[105.3693,33.64705]]]}},{"type":"Feature","id":"CTAMAP-2009-COUNTY-2100","properties":{"map_level":"county","source_name":"武山县","source_code":"620524","county_type":"县","prefecture_name":"天水市","prefecture_code":"620500","prefecture_type":"地级市","parent_entity_id":"CNUR-000303","parent_year_end_name":"天水市","province_name":"甘肃省","province_code":"620000","snapshot_year":2009,"panel_year":2008,"link_status":"parent_linked","former_name":"","note":""},"geometry":{"type":"Polygon","coordinates":[[[104.99132,34.94001],[104.9757,34.91855],[104.98069,34.91196],[104.99358,34.91993],[105.01684,34.91404],[105.00646,34.88364],[105.02578,34.89134],[105.02375,34.87338],[105.03545,34.85474],[105.0424,34.85196],[105.04805,34.86655],[105.06418,34.87333],[105.07084,34.86746],[105.06648,34.8532],[105.07552,34.84759],[105.10776,34.85555],[105.12162,34.84071],[105.06968,34.81268],[105.04989,34.77495],[105.07778,34.76607],[105.07858,34.75645],[105.06152,34.74713],[105.07304,34.70581],[105.06603,34.68956],[105.09138,34.67652],[105.10288,34.65194],[105.11961,34.63954],[105.10513,34.62391],[105.11271,34.62007],[105.10187,34.60749],[105.1232,34.58712],[105.13949,34.58519],[105.13134,34.562],[105.13813,34.55664],[105.14151,34.51487],[105.1254,34.51086],[105.10639,34.46304],[105.07995,34.46182],[105.06632,34.44363],[105.04987,34.44178],[105.02911,34.41962],[104.98586,34.42664],[104.95547,34.44432],[104.93675,34.43368],[104.90093,34.43989],[104.8769,34.42753],[104.82835,34.44787],[104.80845,34.44869],[104.79389,34.43182],[104.78265,34.43056],[104.79174,34.48852],[104.77801,34.48941],[104.7573,34.47122],[104.7422,34.47932],[104.74629,34.49432],[104.7392,34.504],[104.75079,34.52953],[104.74129,34.55441],[104.69938,34.54144],[104.66793,34.57778],[104.68851,34.62004],[104.68283,34.62944],[104.69571,34.6745],[104.64576,34.65758],[104.59137,34.65502],[104.59961,34.67894],[104.59582,34.69749],[104.58724,34.69798],[104.59892,34.71096],[104.57388,34.7212],[104.6037,34.7453],[104.57993,34.77848],[104.59833,34.81568],[104.59583,34.83944],[104.61432,34.85563],[104.61779,34.87239],[104.63481,34.8769],[104.65867,34.87583],[104.70205,34.85751],[104.72755,34.87078],[104.73907,34.86687],[104.73757,34.85948],[104.75505,34.87023],[104.88836,34.86025],[104.89533,34.86842],[104.88977,34.87628],[104.90708,34.90332],[104.89889,34.90765],[104.90734,34.91711],[104.89554,34.92643],[104.90687,34.94373],[104.92004,34.95149],[104.93321,34.93692],[104.96731,34.95447],[104.96647,34.94038],[104.99132,34.94001]]]}},{"type":"Feature","id":"CTAMAP-2009-COUNTY-2119","properties":{"map_level":"county","source_name":"西峰区","source_code":"621002","county_type":"市辖区","prefecture_name":"庆阳市","prefecture_code":"621000","prefecture_type":"地级市","parent_entity_id":"CNUR-000308","parent_year_end_name":"庆阳市","province_name":"甘肃省","province_code":"620000","snapshot_year":2009,"panel_year":2008,"link_status":"parent_linked","former_name":"西峰市和庆阳县","note":"2002年撤销西峰市和庆阳县，设立西峰区"},"geometry":{"type":"Polygon","coordinates":[[[107.86979,35.71359],[107.88863,35.69441],[107.87748,35.68027],[107.87988,35.65676],[107.86113,35.64282],[107.86711,35.60468],[107.84602,35.60564],[107.84274,35.58959],[107.81925,35.58955],[107.73133,35.55915],[107.7146,35.52768],[107.69011,35.55498],[107.71037,35.50028],[107.70594,35.48533],[107.67408,35.43498],[107.64076,35.42637],[107.61344,35.46361],[107.6016,35.4552],[107.58982,35.4623],[107.60114,35.49288],[107.58314,35.52041],[107.56499,35.51992],[107.57015,35.52558],[107.55777,35.53704],[107.56694,35.55004],[107.55262,35.55996],[107.5562,35.5717],[107.5298,35.61354],[107.54219,35.6202],[107.5208,35.62347],[107.51997,35.65187],[107.5019,35.67113],[107.49793,35.7439],[107.48214,35.759],[107.46579,35.81349],[107.52795,35.83339],[107.5676,35.83606],[107.59218,35.8624],[107.6066,35.85874],[107.61956,35.86681],[107.66124,35.85304],[107.70286,35.78506],[107.71381,35.78785],[107.72378,35.77765],[107.76377,35.77945],[107.78275,35.76238],[107.80795,35.75817],[107.83633,35.74165],[107.84909,35.71742],[107.86979,35.71359]]]}},{"type":"Feature","id":"CTAMAP-2009-COUNTY-2122","properties":{"map_level":"county","source_name":"西固区","source_code":"620104","county_type":"市辖区","prefecture_name":"兰州市","prefecture_code":"620100","prefecture_type":"地级市","parent_entity_id":"CNUR-000299","parent_year_end_name":"兰州市","province_name":"甘肃省","province_code":"620000","snapshot_year":2009,"panel_year":2008,"link_status":"parent_linked","former_name":"","note":""},"geometry":{"type":"Polygon","coordinates":[[[103.55135,36.21303],[103.58233,36.17376],[103.57234,36.16709],[103.58007,36.15471],[103.57453,36.13325],[103.58887,36.1269],[103.61868,36.13876],[103.65097,36.12744],[103.67509,36.10202],[103.66617,36.08506],[103.68567,36.07844],[103.67257,36.04917],[103.68887,36.04057],[103.67789,36.03405],[103.66794,35.9847],[103.65267,35.96995],[103.63711,35.978],[103.62433,35.97505],[103.6318,35.98146],[103.61868,35.99659],[103.63109,36.01717],[103.59533,36.0695],[103.57317,36.06305],[103.5682,36.09284],[103.537,36.10522],[103.49286,36.1087],[103.49388,36.10008],[103.47929,36.09912],[103.47273,36.11078],[103.46445,36.11075],[103.44289,36.07407],[103.41868,36.07144],[103.40433,36.08691],[103.4116,36.11546],[103.4056,36.12649],[103.36507,36.12039],[103.34391,36.12288],[103.33526,36.13309],[103.3568,36.14526],[103.36799,36.17079],[103.36571,36.21841],[103.38868,36.23081],[103.42528,36.22361],[103.43958,36.19823],[103.50434,36.2174],[103.55135,36.21303]]]}},{"type":"Feature","id":"CTAMAP-2009-COUNTY-2123","properties":{"map_level":"county","source_name":"西和县","source_code":"621225","county_type":"县","prefecture_name":"陇南市","prefecture_code":"621200","prefecture_type":"地级市","parent_entity_id":"CNUR-000310","parent_year_end_name":"陇南市","province_name":"甘肃省","province_code":"620000","snapshot_year":2009,"panel_year":2008,"link_status":"parent_linked","former_name":"","note":""},"geometry":{"type":"Polygon","coordinates":[[[105.55172,34.10256],[105.58522,34.07722],[105.58511,34.05226],[105.59816,34.05452],[105.5976,34.04191],[105.6182,34.01779],[105.64341,34.00204],[105.59807,33.94765],[105.51986,33.94054],[105.48598,33.92542],[105.47272,33.88604],[105.48867,33.87195],[105.48317,33.8551],[105.49178,33.83215],[105.49062,33.79809],[105.45037,33.77406],[105.4521,33.74416],[105.4376,33.73202],[105.43925,33.71394],[105.40715,33.67915],[105.40757,33.66992],[105.41818,33.66624],[105.3693,33.64705],[105.31844,33.65398],[105.30568,33.64941],[105.29942,33.65338],[105.31799,33.65587],[105.31892,33.66656],[105.26269,33.70842],[105.18963,33.6733],[105.1644,33.64716],[105.13227,33.63234],[105.10847,33.63274],[105.08816,33.6203],[105.04842,33.64234],[105.05014,33.67211],[105.07172,33.68992],[105.07009,33.70688],[105.11513,33.71358],[105.15433,33.69984],[105.16016,33.70395],[105.1566,33.73534],[105.13364,33.74789],[105.13422,33.76905],[105.15199,33.78335],[105.15253,33.80315],[105.14691,33.81148],[105.12045,33.81755],[105.12614,33.8264],[105.11799,33.83159],[105.11705,33.84529],[105.12787,33.85478],[105.11358,33.86679],[105.11394,33.90857],[105.14073,33.91503],[105.13807,33.93838],[105.1517,33.95703],[105.13751,33.9782],[105.15294,33.99125],[105.15607,34.01313],[105.18306,34.02561],[105.19049,34.04098],[105.1852,34.06713],[105.1695,34.08719],[105.18045,34.1033],[105.20721,34.11755],[105.22505,34.11738],[105.23865,34.14048],[105.27411,34.13838],[105.29163,34.15545],[105.33241,34.16751],[105.32982,34.20947],[105.38542,34.2282],[105.38096,34.22191],[105.39122,34.217],[105.40859,34.18687],[105.44573,34.08956],[105.48793,34.07994],[105.50018,34.09262],[105.49775,34.10528],[105.51078,34.1034],[105.52038,34.11393],[105.53698,34.09746],[105.55172,34.10256]]]}},{"type":"Feature","id":"CTAMAP-2009-COUNTY-2159","properties":{"map_level":"county","source_name":"夏河县","source_code":"623027","county_type":"县","prefecture_name":"甘南藏族自治州","prefecture_code":"623000","prefecture_type":"自治州","parent_entity_id":"CNUR-000312","parent_year_end_name":"甘南藏族自治州","province_name":"甘肃省","province_code":"620000","snapshot_year":2009,"panel_year":2008,"link_status":"parent_linked","former_name":"","note":""},"geometry":{"type":"Polygon","coordinates":[[[102.69053,35.53139],[102.76386,35.47557],[102.81984,35.46431],[102.86137,35.41367],[102.88448,35.40636],[102.91122,35.42993],[102.93091,35.42334],[102.95742,35.38683],[102.94663,35.28823],[102.95262,35.26238],[102.9745,35.24809],[102.97094,35.22015],[102.9406,35.16778],[102.91869,35.16324],[102.89463,35.14403],[102.86653,35.1441],[102.8518,35.12749],[102.8626,35.10862],[102.8551,35.08513],[102.87911,35.04934],[102.84281,35.02354],[102.83966,35.00109],[102.85114,34.99665],[102.8511,34.97731],[102.80936,34.97132],[102.79627,34.96052],[102.80267,34.94543],[102.7978,34.92089],[102.81711,34.91627],[102.83452,34.8955],[102.88949,34.88862],[102.89915,34.88181],[102.89872,34.86214],[102.9327,34.85901],[102.93901,34.84703],[102.92939,34.82662],[102.94206,34.77694],[102.93341,34.76052],[102.91299,34.74874],[102.90396,34.71781],[102.87282,34.69154],[102.86694,34.69855],[102.8337,34.69989],[102.83191,34.69039],[102.85533,34.66633],[102.82725,34.66861],[102.81209,34.7039],[102.79582,34.68882],[102.79309,34.66406],[102.7632,34.66717],[102.74079,34.64786],[102.72241,34.66112],[102.70472,34.65277],[102.71458,34.62306],[102.685,34.60927],[102.62573,34.61216],[102.62005,34.6287],[102.62969,34.6485],[102.57985,34.66476],[102.57969,34.69061],[102.55758,34.70848],[102.54879,34.71266],[102.5117,34.70188],[102.50827,34.71566],[102.49717,34.7093],[102.47845,34.71931],[102.41531,34.72483],[102.38411,34.7523],[102.38395,34.77286],[102.36809,34.79971],[102.28752,34.82678],[102.27254,34.81043],[102.26764,34.78806],[102.29408,34.77577],[102.30602,34.76064],[102.30416,34.75092],[102.33663,34.74006],[102.34784,34.71763],[102.31672,34.6536],[102.29786,34.6627],[102.28359,34.64252],[102.26872,34.65026],[102.24049,34.62508],[102.22536,34.62284],[102.22255,34.60478],[102.1981,34.58103],[102.15449,34.57103],[102.11755,34.58632],[102.08608,34.5838],[102.07665,34.53679],[102.0,34.53999],[101.97252,34.54971],[101.97415,34.55875],[101.96052,34.56537],[101.95489,34.58528],[101.93261,34.58944],[101.91885,34.62605],[101.91595,34.66589],[101.92883,34.68508],[101.9144,34.71576],[101.92128,34.76332],[101.91593,34.78653],[101.92547,34.80841],[101.92178,34.83754],[101.93234,34.84519],[101.91993,34.85514],[101.91606,34.87805],[101.92614,34.87854],[101.93423,34.89044],[101.97789,34.89502],[101.97698,34.90329],[102.00316,34.89674],[102.0227,34.90194],[102.04751,34.88774],[102.0659,34.89377],[102.05061,34.90391],[102.04958,34.93211],[102.07326,34.94873],[102.06628,34.95849],[102.08424,34.96786],[102.09382,34.98937],[102.1059,34.99071],[102.12994,35.01583],[102.13625,35.00944],[102.15635,35.01098],[102.17192,35.03337],[102.21107,35.036],[102.21685,35.06066],[102.25031,35.04905],[102.27847,35.05838],[102.293,35.07144],[102.30932,35.12945],[102.33785,35.1408],[102.34238,35.16278],[102.37191,35.16183],[102.40451,35.17931],[102.37837,35.21421],[102.3766,35.22951],[102.36173,35.23949],[102.36835,35.26138],[102.3391,35.28275],[102.3093,35.28355],[102.27608,35.30572],[102.29144,35.31762],[102.309,35.31284],[102.3167,35.34316],[102.30599,35.3495],[102.30431,35.36176],[102.28483,35.36772],[102.28038,35.38799],[102.29203,35.42533],[102.31321,35.43541],[102.40587,35.40902],[102.4054,35.41557],[102.44693,35.43821],[102.4483,35.44985],[102.43603,35.4557],[102.43922,35.46666],[102.44824,35.47908],[102.45591,35.47368],[102.46057,35.48085],[102.45978,35.50714],[102.48337,35.5166],[102.49598,35.57247],[102.51288,35.57046],[102.50271,35.58943],[102.51835,35.5789],[102.52928,35.58145],[102.54845,35.56042],[102.58428,35.54245],[102.69053,35.53139]]]}},{"type":"Feature","id":"CTAMAP-2009-COUNTY-2428","properties":{"map_level":"county","source_name":"永登县","source_code":"620121","county_type":"县","prefecture_name":"兰州市","prefecture_code":"620100","prefecture_type":"地级市","parent_entity_id":"CNUR-000299","parent_year_end_name":"兰州市","province_name":"甘肃省","province_code":"620000","snapshot_year":2009,"panel_year":2008,"link_status":"parent_linked","former_name":"","note":""},"geometry":{"type":"Polygon","coordinates":[[[103.56266,36.97369],[103.5451,36.94969],[103.57026,36.92478],[103.59045,36.88188],[103.62151,36.86867],[103.60188,36.84844],[103.60875,36.83788],[103.62499,36.82253],[103.65151,36.81289],[103.66281,36.81626],[103.67436,36.79164],[103.71242,36.78216],[103.71928,36.72556],[103.76449,36.69123],[103.74526,36.63854],[103.7243,36.62754],[103.66869,36.62549],[103.66813,36.59956],[103.67891,36.59442],[103.67878,36.58169],[103.67747,36.57403],[103.66251,36.56875],[103.66179,36.54784],[103.70542,36.51151],[103.69668,36.48666],[103.72486,36.46632],[103.73524,36.4385],[103.71777,36.41756],[103.72621,36.40025],[103.70248,36.38339],[103.69751,36.35545],[103.68223,36.34664],[103.69329,36.33215],[103.67605,36.3138],[103.67125,36.29487],[103.6516,36.29932],[103.60887,36.28769],[103.61089,36.27391],[103.62287,36.27161],[103.61165,36.26594],[103.61545,36.25186],[103.59407,36.24803],[103.59027,36.22917],[103.55128,36.22976],[103.55435,36.21308],[103.50434,36.2174],[103.43958,36.19823],[103.42528,36.22361],[103.39252,36.23127],[103.37023,36.22076],[103.33405,36.24636],[103.30295,36.24716],[103.28193,36.22875],[103.2416,36.21825],[103.20328,36.23283],[103.20209,36.2518],[103.2126,36.26089],[103.20423,36.29927],[103.22561,36.33613],[103.21147,36.38097],[103.18003,36.35288],[103.15104,36.345],[103.13573,36.30129],[103.10116,36.3213],[103.04993,36.30231],[103.04142,36.32057],[103.01137,36.33359],[102.97478,36.327],[102.95574,36.33148],[102.95813,36.33907],[102.9487,36.34645],[102.92573,36.34759],[102.92329,36.36906],[102.90861,36.3837],[102.90651,36.39829],[102.91433,36.4177],[102.92338,36.41902],[102.93194,36.40864],[102.9599,36.43721],[102.9524,36.43981],[102.94354,36.46762],[102.90917,36.45705],[102.86653,36.47017],[102.87086,36.43061],[102.85821,36.41559],[102.8585,36.39683],[102.84491,36.3911],[102.84938,36.37565],[102.82515,36.37475],[102.8163,36.39206],[102.82452,36.4072],[102.8077,36.40828],[102.80677,36.42135],[102.79118,36.42727],[102.78602,36.44733],[102.76482,36.46545],[102.78725,36.48253],[102.78756,36.50367],[102.79768,36.50118],[102.79165,36.51837],[102.80351,36.52856],[102.78414,36.53881],[102.80134,36.54392],[102.78865,36.55574],[102.79224,36.56493],[102.77322,36.57064],[102.80206,36.56326],[102.79895,36.58515],[102.78286,36.58427],[102.75992,36.59237],[102.78179,36.59486],[102.77911,36.60271],[102.76533,36.60485],[102.78351,36.60701],[102.77036,36.61211],[102.77546,36.61865],[102.78152,36.61886],[102.78205,36.61911],[102.78329,36.61999],[102.7833,36.62009],[102.76798,36.62216],[102.7783,36.62551],[102.77901,36.63393],[102.77011,36.63627],[102.76896,36.64769],[102.7427,36.63978],[102.74087,36.64172],[102.7501,36.64279],[102.74507,36.65116],[102.76843,36.65068],[102.75696,36.65479],[102.77279,36.65774],[102.77181,36.6661],[102.76718,36.67254],[102.76231,36.66442],[102.71654,36.65582],[102.70891,36.65661],[102.68902,36.66524],[102.72133,36.65878],[102.7133,36.66317],[102.72341,36.66534],[102.71234,36.66927],[102.73577,36.66293],[102.73742,36.6698],[102.75948,36.67407],[102.72855,36.66909],[102.76045,36.68342],[102.73662,36.69411],[102.75965,36.6929],[102.74627,36.70801],[102.75065,36.72129],[102.73335,36.728],[102.74669,36.7315],[102.72212,36.72548],[102.71534,36.72781],[102.72954,36.72948],[102.72313,36.73908],[102.74671,36.74096],[102.73622,36.74584],[102.73586,36.75513],[102.72678,36.75054],[102.71946,36.7547],[102.7284,36.75901],[102.71934,36.7699],[102.72986,36.7625],[102.72838,36.75534],[102.72275,36.75314],[102.72843,36.75345],[102.74945,36.7662],[102.77778,36.7619],[102.80425,36.7746],[102.81792,36.76023],[102.83752,36.76837],[102.83874,36.78681],[102.82073,36.79395],[102.83143,36.80771],[102.84418,36.80911],[102.80868,36.8411],[102.84159,36.84531],[102.84863,36.83637],[102.86137,36.83799],[102.87658,36.85658],[102.90007,36.86526],[102.8955,36.87314],[102.90148,36.879],[102.88109,36.90183],[102.9034,36.92619],[102.91772,36.93536],[102.95327,36.92873],[102.97485,36.94879],[103.06572,36.95933],[103.07261,36.94456],[103.10846,36.95171],[103.14267,36.94554],[103.14669,36.95117],[103.17393,36.94957],[103.17682,36.93007],[103.19521,36.92907],[103.20231,36.93157],[103.20117,36.94336],[103.22401,36.93517],[103.2275,36.94573],[103.25734,36.95849],[103.27539,36.95219],[103.24602,36.91552],[103.26387,36.90755],[103.27902,36.91498],[103.31221,36.90644],[103.3441,36.91665],[103.34595,36.89516],[103.36673,36.88925],[103.37928,36.87626],[103.37432,36.85388],[103.38627,36.83325],[103.4021,36.82539],[103.45022,36.83238],[103.46977,36.86028],[103.4703,36.87398],[103.51635,36.84979],[103.53465,36.86719],[103.53819,36.88292],[103.51728,36.90258],[103.49886,36.89543],[103.47733,36.93988],[103.45352,36.93547],[103.43973,36.95],[103.41757,36.93066],[103.40588,36.93265],[103.40228,36.92321],[103.38052,36.91982],[103.36613,36.90735],[103.34608,36.92645],[103.34631,36.95766],[103.33149,36.95878],[103.3224,36.94489],[103.30784,36.94875],[103.3147,36.98652],[103.4218,36.9983],[103.43746,36.99589],[103.46437,36.97235],[103.49827,36.96172],[103.56266,36.97369]]]}},{"type":"Feature","id":"CTAMAP-2009-COUNTY-2435","properties":{"map_level":"county","source_name":"永靖县","source_code":"622923","county_type":"县","prefecture_name":"临夏回族自治州","prefecture_code":"622900","prefecture_type":"自治州","parent_entity_id":"CNUR-000311","parent_year_end_name":"临夏回族自治州","province_name":"甘肃省","province_code":"620000","snapshot_year":2009,"panel_year":2008,"link_status":"parent_linked","former_name":"","note":""},"geometry":{"type":"Polygon","coordinates":[[[103.31873,36.13823],[103.34391,36.12288],[103.36507,36.12039],[103.4056,36.12649],[103.4116,36.11546],[103.40433,36.08691],[103.41868,36.07144],[103.44289,36.07407],[103.46445,36.11075],[103.47273,36.11078],[103.47929,36.09912],[103.49388,36.10008],[103.49286,36.1087],[103.537,36.10522],[103.5682,36.09284],[103.57317,36.06305],[103.59533,36.0695],[103.63109,36.01717],[103.61868,35.99659],[103.6318,35.98146],[103.61473,35.96091],[103.62032,35.93426],[103.60739,35.93165],[103.59901,35.91012],[103.57361,35.90322],[103.55807,35.90692],[103.55105,35.93372],[103.51196,35.94508],[103.4849,35.91262],[103.46974,35.91616],[103.47356,35.88975],[103.46608,35.87937],[103.4226,35.91883],[103.39495,35.92745],[103.35271,35.91356],[103.34757,35.9242],[103.31082,35.89785],[103.30052,35.87248],[103.22485,35.85237],[103.1654,35.81294],[103.13979,35.78455],[103.09129,35.76196],[103.06704,35.76677],[103.04724,35.78937],[103.05232,35.8047],[103.03296,35.79808],[103.00975,35.80451],[102.9793,35.83208],[102.94798,35.83634],[102.94644,35.85269],[102.95411,35.86211],[102.94539,35.8848],[102.94313,35.94509],[102.9497,35.96721],[102.97156,35.99507],[102.95008,36.02396],[102.97372,36.03633],[102.96615,36.04473],[102.92824,36.04956],[102.91591,36.06635],[102.89458,36.06657],[102.87999,36.08339],[102.88478,36.09272],[102.9114,36.08963],[102.93984,36.10621],[102.95283,36.14003],[102.94725,36.15068],[102.96424,36.15164],[102.98512,36.19409],[103.01586,36.20461],[103.04342,36.19862],[103.09386,36.20769],[103.10545,36.22188],[103.12166,36.19514],[103.15636,36.1888],[103.16489,36.17549],[103.19039,36.18024],[103.20235,36.16807],[103.2278,36.16858],[103.22971,36.16034],[103.25638,36.15919],[103.25836,36.14627],[103.31147,36.15174],[103.31873,36.13823]]]}},{"type":"Feature","id":"CTAMAP-2009-COUNTY-2476","properties":{"map_level":"county","source_name":"榆中县","source_code":"620123","county_type":"县","prefecture_name":"兰州市","prefecture_code":"620100","prefecture_type":"地级市","parent_entity_id":"CNUR-000299","parent_year_end_name":"兰州市","province_name":"甘肃省","province_code":"620000","snapshot_year":2009,"panel_year":2008,"link_status":"parent_linked","former_name":"","note":""},"geometry":{"type":"Polygon","coordinates":[[[104.57487,36.16826],[104.55685,36.128],[104.563,36.09779],[104.53337,36.08308],[104.53356,36.0741],[104.51836,36.06069],[104.52,36.0438],[104.50577,36.0383],[104.49627,36.02066],[104.48235,36.02186],[104.47955,35.99275],[104.43745,35.97628],[104.42299,35.91705],[104.44032,35.89598],[104.44468,35.87433],[104.41862,35.86423],[104.40623,35.84715],[104.39917,35.79537],[104.38133,35.76831],[104.36786,35.76972],[104.35573,35.75572],[104.35573,35.73984],[104.32468,35.72635],[104.31222,35.67349],[104.32926,35.66009],[104.30239,35.64414],[104.30692,35.60235],[104.28828,35.59273],[104.28097,35.57235],[104.23973,35.5783],[104.22574,35.59201],[104.19678,35.59546],[104.20776,35.6126],[104.17538,35.64919],[104.16012,35.64414],[104.15463,35.65197],[104.15748,35.64301],[104.12949,35.62051],[104.11318,35.63759],[104.09961,35.6369],[104.09005,35.65553],[104.06617,35.66374],[104.05739,35.68175],[104.02446,35.69988],[104.01749,35.71537],[104.00029,35.71505],[103.98295,35.73515],[103.9179,35.75551],[103.87173,35.795],[103.84375,35.78151],[103.84676,35.80634],[103.83332,35.81973],[103.83935,35.82883],[103.8335,35.84175],[103.82442,35.84597],[103.83962,35.86758],[103.85295,35.87369],[103.8678,35.85993],[103.90895,35.85511],[103.89704,35.8939],[103.90816,35.91504],[103.8734,35.93835],[103.87307,35.9567],[103.87881,35.97899],[103.89086,35.99889],[103.8991,35.99914],[103.90279,36.01464],[103.94208,36.03499],[103.93187,36.05371],[103.9744,36.05625],[103.97909,36.099],[103.99852,36.10786],[104.01217,36.10063],[104.01671,36.08749],[104.04549,36.10394],[104.08267,36.11275],[104.10343,36.10784],[104.10123,36.10032],[104.11475,36.09591],[104.13544,36.09699],[104.14117,36.12197],[104.14518,36.11126],[104.16426,36.13574],[104.1728,36.13355],[104.1913,36.15169],[104.19862,36.14513],[104.21128,36.17195],[104.20685,36.181],[104.22756,36.19063],[104.22244,36.20584],[104.20813,36.20505],[104.20824,36.21229],[104.19354,36.21651],[104.18505,36.22887],[104.18137,36.26111],[104.15296,36.25939],[104.14658,36.2468],[104.12755,36.25089],[104.13856,36.29356],[104.1597,36.30359],[104.16239,36.32337],[104.18283,36.34297],[104.21591,36.33682],[104.22076,36.35494],[104.2558,36.36254],[104.29469,36.35477],[104.31183,36.36463],[104.31745,36.37916],[104.34474,36.37541],[104.41256,36.39128],[104.4264,36.38639],[104.43931,36.39776],[104.4366,36.4087],[104.48686,36.44313],[104.50416,36.42912],[104.50709,36.40988],[104.49951,36.31408],[104.51453,36.29018],[104.51955,36.26212],[104.54055,36.24915],[104.5377,36.22887],[104.51006,36.21378],[104.50916,36.20291],[104.52837,36.16802],[104.57487,36.16826]]]}},{"type":"Feature","id":"CTAMAP-2009-COUNTY-2563","properties":{"map_level":"county","source_name":"张家川回族自治县","source_code":"620525","county_type":"自治县","prefecture_name":"天水市","prefecture_code":"620500","prefecture_type":"地级市","parent_entity_id":"CNUR-000303","parent_year_end_name":"天水市","province_name":"甘肃省","province_code":"620000","snapshot_year":2009,"panel_year":2008,"link_status":"parent_linked","former_name":"","note":""},"geometry":{"type":"Polygon","coordinates":[[[106.37186,35.13681],[106.37383,35.08815],[106.39373,35.08204],[106.37742,35.06027],[106.3993,35.03658],[106.44363,35.03309],[106.45825,35.04046],[106.49139,35.0176],[106.49684,34.99443],[106.47881,34.98102],[106.48923,34.96049],[106.48506,34.94115],[106.49631,34.93757],[106.50321,34.92362],[106.51541,34.92222],[106.50607,34.89598],[106.51142,34.88812],[106.55214,34.86166],[106.5581,34.83605],[106.54677,34.82997],[106.56123,34.79895],[106.57468,34.78902],[106.5712,34.77159],[106.54704,34.76469],[106.54191,34.7492],[106.50569,34.74356],[106.49608,34.74866],[106.49171,34.73954],[106.482,34.74645],[106.48009,34.77318],[106.46608,34.7928],[106.47283,34.80284],[106.45868,34.83064],[106.41665,34.846],[106.43366,34.85198],[106.42972,34.85967],[106.38134,34.84665],[106.31526,34.85535],[106.26907,34.88284],[106.24381,34.87778],[106.23918,34.89075],[106.23041,34.88993],[106.22691,34.92475],[106.19716,34.92618],[106.19508,34.91782],[106.20924,34.91836],[106.2128,34.9111],[106.18781,34.8902],[106.17198,34.888],[106.1582,34.90838],[106.09015,34.88767],[106.07754,34.91687],[106.10198,34.91758],[106.10448,34.93553],[106.07107,34.93114],[106.08117,34.96367],[106.05467,34.96255],[106.03436,34.99986],[106.0213,35.00389],[106.01612,34.99678],[106.00573,35.01661],[106.01629,35.01803],[106.0143,35.025],[105.99086,35.02099],[105.98143,35.03702],[105.96202,35.03849],[105.95873,35.06775],[105.93769,35.06967],[105.93025,35.05926],[105.92761,35.09851],[105.95537,35.09895],[105.97089,35.11701],[105.98767,35.12074],[105.99012,35.11242],[106.00956,35.10378],[106.00139,35.08718],[106.02321,35.09302],[106.05923,35.12476],[106.08788,35.11603],[106.1377,35.13501],[106.13591,35.14287],[106.1442,35.14825],[106.14463,35.1339],[106.15628,35.12098],[106.17775,35.16587],[106.20815,35.15279],[106.27056,35.17291],[106.27977,35.15938],[106.30148,35.14903],[106.30302,35.13445],[106.31342,35.13556],[106.3134,35.11711],[106.37186,35.13681]]]}},{"type":"Feature","id":"CTAMAP-2009-COUNTY-2571","properties":{"map_level":"county","source_name":"漳县","source_code":"621125","county_type":"县","prefecture_name":"定西市","prefecture_code":"621100","prefecture_type":"地级市","parent_entity_id":"CNUR-000309","parent_year_end_name":"定西市","province_name":"甘肃省","province_code":"620000","snapshot_year":2009,"panel_year":2008,"link_status":"parent_linked","former_name":"","note":""},"geometry":{"type":"Polygon","coordinates":[[[104.32097,34.94469],[104.32367,34.92974],[104.34198,34.91607],[104.35247,34.92457],[104.34762,34.94054],[104.38019,34.92885],[104.39125,34.89752],[104.47931,34.89362],[104.49444,34.8858],[104.53897,34.89043],[104.55313,34.87582],[104.56682,34.87711],[104.57311,34.85836],[104.59395,34.84503],[104.59833,34.81568],[104.57993,34.77848],[104.6037,34.7453],[104.57388,34.7212],[104.59892,34.71096],[104.58724,34.69798],[104.59582,34.69749],[104.59961,34.67894],[104.59137,34.65502],[104.64576,34.65758],[104.69571,34.6745],[104.68283,34.62944],[104.68851,34.62004],[104.66793,34.57778],[104.69938,34.54144],[104.73676,34.5566],[104.75043,34.531],[104.7392,34.504],[104.74674,34.48633],[104.73713,34.45581],[104.71569,34.43212],[104.68344,34.43634],[104.68046,34.45215],[104.65365,34.46468],[104.63863,34.4857],[104.60646,34.49869],[104.58966,34.49334],[104.56577,34.47083],[104.54289,34.46814],[104.53809,34.47588],[104.55532,34.48185],[104.56533,34.51456],[104.53799,34.52407],[104.52777,34.54324],[104.4955,34.54919],[104.47759,34.53986],[104.47548,34.55189],[104.456,34.55796],[104.44993,34.57459],[104.42468,34.57582],[104.42264,34.56465],[104.41024,34.56368],[104.40068,34.56688],[104.39775,34.58195],[104.35605,34.58321],[104.35251,34.55446],[104.31922,34.51412],[104.28924,34.52075],[104.28335,34.53631],[104.22743,34.55122],[104.2152,34.57101],[104.19246,34.57647],[104.21291,34.61552],[104.20492,34.62338],[104.12096,34.64658],[104.09897,34.6419],[104.08711,34.65116],[104.08648,34.68082],[104.09374,34.68976],[104.08119,34.69836],[104.08415,34.72379],[104.07102,34.72968],[104.0376,34.71872],[104.01338,34.74354],[104.02203,34.77748],[104.01174,34.78834],[103.99679,34.7885],[103.99517,34.80984],[103.97992,34.82028],[103.97693,34.83353],[103.96174,34.83953],[104.02161,34.87746],[104.02805,34.89308],[104.07622,34.89048],[104.07754,34.91133],[104.09336,34.92484],[104.08137,34.95368],[104.09743,34.95979],[104.13348,34.95443],[104.14702,34.94633],[104.15033,34.93325],[104.20111,34.9298],[104.20671,34.91394],[104.24278,34.89825],[104.28555,34.9161],[104.28921,34.93898],[104.32097,34.94469]]]}},{"type":"Feature","id":"CTAMAP-2009-COUNTY-2622","properties":{"map_level":"county","source_name":"镇原县","source_code":"621027","county_type":"县","prefecture_name":"庆阳市","prefecture_code":"621000","prefecture_type":"地级市","parent_entity_id":"CNUR-000308","parent_year_end_name":"庆阳市","province_name":"甘肃省","province_code":"620000","snapshot_year":2009,"panel_year":2008,"link_status":"parent_linked","former_name":"","note":""},"geometry":{"type":"Polygon","coordinates":[[[107.27884,36.01418],[107.30264,36.00702],[107.30403,35.99042],[107.33491,35.9673],[107.37976,35.96972],[107.38881,35.94056],[107.40065,35.94288],[107.39355,35.92871],[107.39883,35.91587],[107.43275,35.90298],[107.44647,35.87666],[107.45965,35.87866],[107.45663,35.83812],[107.48214,35.759],[107.50006,35.73641],[107.5019,35.67113],[107.51997,35.65187],[107.52131,35.62263],[107.54219,35.6202],[107.5298,35.61354],[107.5562,35.5717],[107.55262,35.55996],[107.56694,35.55004],[107.55777,35.53704],[107.57015,35.52558],[107.56499,35.51992],[107.58314,35.52041],[107.60114,35.49288],[107.57883,35.4823],[107.5904,35.47004],[107.57084,35.46068],[107.57481,35.45408],[107.56356,35.46252],[107.56671,35.47568],[107.53992,35.47929],[107.54077,35.49296],[107.52631,35.50324],[107.51832,35.48945],[107.49965,35.48063],[107.50195,35.46588],[107.49196,35.45581],[107.46932,35.46288],[107.46855,35.4825],[107.44542,35.48434],[107.41965,35.50054],[107.39467,35.50525],[107.39424,35.49257],[107.38423,35.48506],[107.3554,35.49583],[107.32509,35.48658],[107.31722,35.49922],[107.29658,35.50871],[107.29601,35.51716],[107.25558,35.52125],[107.24993,35.49804],[107.2229,35.513],[107.19125,35.50778],[107.18378,35.51989],[107.16903,35.4982],[107.1802,35.48724],[107.16669,35.46637],[107.11804,35.49365],[107.09577,35.47733],[107.09424,35.46418],[107.05986,35.48068],[107.0538,35.46497],[107.04802,35.49137],[106.9986,35.52075],[106.95775,35.56148],[106.91567,35.58373],[106.88087,35.63363],[106.87284,35.63145],[106.75124,35.68701],[106.73532,35.70204],[106.76269,35.73024],[106.80041,35.70897],[106.81702,35.71959],[106.81948,35.7462],[106.84743,35.74526],[106.85994,35.73641],[106.87016,35.77937],[106.8847,35.77577],[106.88416,35.76253],[106.8941,35.7631],[106.89764,35.7754],[106.90371,35.7677],[106.90923,35.77151],[106.91088,35.79506],[106.88737,35.81062],[106.9174,35.80225],[106.92503,35.80768],[106.90991,35.83017],[106.89573,35.82715],[106.87175,35.85559],[106.86336,35.86852],[106.8677,35.87545],[106.87945,35.8667],[106.87461,35.88287],[106.86844,35.87835],[106.8476,35.88724],[106.87568,35.91342],[106.88856,35.91786],[106.90286,35.91082],[106.9084,35.93269],[106.92465,35.9255],[106.94144,35.94102],[106.92492,35.95261],[106.91426,35.93712],[106.90391,35.93813],[106.8978,35.94284],[106.88537,35.97172],[106.89423,35.97253],[106.89097,35.96422],[106.90713,35.96729],[106.91014,35.96179],[106.89907,35.95193],[106.91142,35.94069],[106.91423,35.96533],[106.94536,35.99155],[106.9446,36.0048],[106.92369,36.01586],[106.92621,36.02924],[106.93769,36.03285],[106.93474,36.06393],[106.95488,36.07577],[106.95306,36.09211],[106.93108,36.10756],[106.94223,36.1223],[106.93789,36.1264],[106.92838,36.11449],[106.92133,36.11633],[106.92608,36.13873],[106.90508,36.13122],[106.89467,36.16914],[106.88411,36.16673],[106.86466,36.1832],[106.85357,36.20701],[106.83757,36.20591],[106.825,36.23618],[106.83957,36.24679],[106.84631,36.23983],[106.86348,36.24575],[106.89672,36.21908],[106.90591,36.23258],[106.90715,36.2183],[106.92601,36.21636],[106.93465,36.20338],[106.94172,36.20598],[106.93912,36.22794],[106.95128,36.23339],[106.9434,36.24363],[106.95704,36.25143],[106.95771,36.27609],[106.97273,36.25987],[106.98505,36.26681],[106.98673,36.2549],[106.99793,36.25435],[107.00344,36.22764],[107.01093,36.22839],[107.00275,36.2131],[107.02507,36.20316],[107.0236,36.19309],[107.01009,36.19985],[107.01045,36.19129],[106.9943,36.17658],[106.9944,36.16166],[107.0032,36.15534],[106.996,36.13237],[107.01362,36.13513],[107.02309,36.1222],[107.02129,36.13109],[107.03465,36.13243],[107.03599,36.11789],[107.05232,36.10916],[107.07193,36.11573],[107.05909,36.1042],[107.06489,36.09014],[107.10749,36.10129],[107.11801,36.08908],[107.12536,36.09483],[107.13242,36.09049],[107.13161,36.07564],[107.14196,36.07662],[107.14613,36.09532],[107.16535,36.10454],[107.18258,36.08287],[107.20754,36.07674],[107.22188,36.08156],[107.22956,36.06321],[107.25698,36.04906],[107.25831,36.02321],[107.26885,36.02687],[107.27884,36.01418]]]}},{"type":"Feature","id":"CTAMAP-2009-COUNTY-2628","properties":{"map_level":"county","source_name":"正宁县","source_code":"621025","county_type":"县","prefecture_name":"庆阳市","prefecture_code":"621000","prefecture_type":"地级市","parent_entity_id":"CNUR-000308","parent_year_end_name":"庆阳市","province_name":"甘肃省","province_code":"620000","snapshot_year":2009,"panel_year":2008,"link_status":"parent_linked","former_name":"","note":""},"geometry":{"type":"Polygon","coordinates":[[[108.56196,35.59389],[108.56665,35.58428],[108.61588,35.55506],[108.62002,35.53322],[108.60324,35.51776],[108.6001,35.50207],[108.61453,35.48339],[108.61226,35.46588],[108.63403,35.4056],[108.61105,35.38062],[108.60426,35.35894],[108.60564,35.3354],[108.61586,35.33353],[108.60036,35.31118],[108.5818,35.30658],[108.57736,35.29235],[108.56081,35.29208],[108.53911,35.30691],[108.51624,35.28729],[108.44216,35.27356],[108.39293,35.27884],[108.37623,35.28948],[108.35941,35.27826],[108.34655,35.28628],[108.3526,35.29083],[108.34053,35.302],[108.3207,35.28701],[108.30868,35.28747],[108.30294,35.29736],[108.30453,35.2797],[108.29303,35.26901],[108.25218,35.26824],[108.24984,35.25287],[108.22366,35.27611],[108.22801,35.28717],[108.21765,35.30026],[108.1664,35.30644],[108.14324,35.28492],[108.12636,35.2911],[108.11643,35.28114],[108.07787,35.275],[108.03992,35.25457],[107.96311,35.24259],[107.94777,35.24882],[107.95639,35.2656],[107.94121,35.26816],[107.94099,35.27408],[108.01616,35.32359],[108.05574,35.38149],[108.08087,35.37639],[108.14279,35.3967],[108.21834,35.43558],[108.2844,35.48419],[108.33979,35.48821],[108.30529,35.50523],[108.312,35.53676],[108.29812,35.53853],[108.3074,35.55547],[108.39555,35.55694],[108.41075,35.57961],[108.3991,35.58266],[108.39956,35.58968],[108.41778,35.5953],[108.47168,35.60306],[108.56196,35.59389]]]}},{"type":"Feature","id":"CTAMAP-2009-COUNTY-2652","properties":{"map_level":"county","source_name":"舟曲县","source_code":"623023","county_type":"县","prefecture_name":"甘南藏族自治州","prefecture_code":"623000","prefecture_type":"自治州","parent_entity_id":"CNUR-000312","parent_year_end_name":"甘南藏族自治州","province_name":"甘肃省","province_code":"620000","snapshot_year":2009,"panel_year":2008,"link_status":"parent_linked","former_name":"","note":""},"geometry":{"type":"Polygon","coordinates":[[[104.06371,34.01575],[104.10454,34.01118],[104.10638,33.99635],[104.11813,33.9878],[104.13658,33.98911],[104.17759,33.96595],[104.20114,33.94219],[104.23876,33.93071],[104.25909,33.90598],[104.31672,33.88106],[104.3398,33.85257],[104.4068,33.84743],[104.44555,33.80793],[104.44155,33.79712],[104.45818,33.77524],[104.49716,33.77517],[104.53785,33.76136],[104.5169,33.7251],[104.511,33.72755],[104.48376,33.70621],[104.48904,33.70127],[104.48322,33.69257],[104.50385,33.6805],[104.51254,33.66046],[104.49952,33.66174],[104.50103,33.64634],[104.52399,33.64287],[104.53517,33.65225],[104.54668,33.64417],[104.52676,33.63192],[104.51815,33.61368],[104.52875,33.613],[104.5216,33.60666],[104.53517,33.60687],[104.54088,33.5924],[104.55192,33.6002],[104.56099,33.59669],[104.55163,33.58087],[104.55899,33.5876],[104.57978,33.57712],[104.58197,33.53708],[104.56966,33.53805],[104.57935,33.51909],[104.58907,33.52135],[104.61096,33.50064],[104.65059,33.48851],[104.65424,33.48004],[104.69761,33.45805],[104.69784,33.43609],[104.72807,33.41006],[104.70881,33.39987],[104.70859,33.37808],[104.71781,33.3631],[104.70878,33.35317],[104.71163,33.34514],[104.75612,33.32239],[104.7564,33.30902],[104.72258,33.29874],[104.70828,33.30676],[104.66718,33.30615],[104.66171,33.29349],[104.64306,33.28312],[104.63543,33.24926],[104.64087,33.23756],[104.57733,33.21993],[104.55778,33.2316],[104.53411,33.23399],[104.5303,33.26175],[104.53782,33.27693],[104.49889,33.34322],[104.48524,33.3301],[104.46218,33.33561],[104.43382,33.3244],[104.37115,33.35022],[104.32783,33.32995],[104.31286,33.34016],[104.29533,33.33193],[104.26409,33.39643],[104.24968,33.4095],[104.21983,33.40548],[104.21518,33.44369],[104.17903,33.46945],[104.17376,33.51435],[104.15792,33.5266],[104.15321,33.54389],[104.16697,33.57557],[104.17894,33.58028],[104.16588,33.61472],[104.13486,33.63488],[104.10873,33.66423],[104.04494,33.68731],[104.03871,33.70874],[104.0557,33.71901],[104.06106,33.73759],[103.98969,33.7842],[103.96621,33.78912],[103.95297,33.80487],[103.92639,33.80868],[103.89817,33.84493],[103.8614,33.86136],[103.90417,33.93826],[103.94153,33.95457],[103.97906,33.95683],[103.99357,33.96489],[104.00736,33.96021],[104.02853,33.9766],[104.04665,33.9749],[104.03826,33.98982],[104.06371,34.01575]]]}},{"type":"Feature","id":"CTAMAP-2009-COUNTY-2663","properties":{"map_level":"county","source_name":"庄浪县","source_code":"620825","county_type":"县","prefecture_name":"平凉市","prefecture_code":"620800","prefecture_type":"地级市","parent_entity_id":"CNUR-000306","parent_year_end_name":"平凉市","province_name":"甘肃省","province_code":"620000","snapshot_year":2009,"panel_year":2008,"link_status":"parent_linked","former_name":"","note":""},"geometry":{"type":"Polygon","coordinates":[[[106.04775,35.44884],[106.06808,35.46297],[106.06425,35.45541],[106.07349,35.44765],[106.08252,35.40567],[106.09886,35.40164],[106.0935,35.39086],[106.10205,35.38788],[106.09741,35.38159],[106.1079,35.36252],[106.12542,35.39641],[106.16241,35.42061],[106.1688,35.43737],[106.18806,35.41181],[106.23449,35.41108],[106.24705,35.36904],[106.23754,35.35834],[106.25139,35.33499],[106.27157,35.32883],[106.28128,35.30251],[106.31641,35.27828],[106.31452,35.2677],[106.32942,35.25215],[106.34074,35.25247],[106.36655,35.22729],[106.37981,35.22452],[106.38281,35.18739],[106.39971,35.16278],[106.37327,35.13742],[106.3134,35.11711],[106.31342,35.13556],[106.30302,35.13445],[106.30148,35.14903],[106.27977,35.15938],[106.27056,35.17291],[106.20815,35.15279],[106.17775,35.16587],[106.15628,35.12098],[106.14463,35.1339],[106.1442,35.14825],[106.13591,35.14287],[106.1377,35.13501],[106.08788,35.11603],[106.05923,35.12476],[106.02321,35.09302],[106.00139,35.08718],[106.00956,35.10378],[105.99012,35.11242],[105.98767,35.12074],[105.97089,35.11701],[105.95537,35.09895],[105.92761,35.09851],[105.92587,35.05767],[105.90066,35.06843],[105.8941,35.0632],[105.89776,35.05225],[105.88643,35.06326],[105.87918,35.05176],[105.84805,35.05921],[105.84017,35.07381],[105.82337,35.07159],[105.82256,35.0653],[105.78893,35.0686],[105.79471,35.07298],[105.78179,35.09195],[105.79057,35.11183],[105.77118,35.1249],[105.7736,35.14454],[105.78522,35.15153],[105.7795,35.18413],[105.79525,35.19249],[105.79043,35.20455],[105.81783,35.2217],[105.83261,35.26871],[105.84851,35.26765],[105.84986,35.28239],[105.86822,35.28721],[105.85436,35.31639],[105.8497,35.33691],[105.85483,35.34448],[105.84487,35.35362],[105.8592,35.35636],[105.874,35.38612],[105.87918,35.38072],[105.88698,35.38519],[105.8944,35.39464],[105.88776,35.40776],[105.89764,35.41596],[105.9264,35.42719],[105.94192,35.42303],[105.95568,35.43417],[105.96325,35.42689],[105.98766,35.43807],[105.99266,35.44947],[106.00123,35.44035],[106.00688,35.45618],[106.02717,35.47104],[106.04775,35.44884]],[[106.06218,35.43728],[106.05912,35.42783],[106.06804,35.42064],[106.07094,35.43153],[106.06218,35.43728]]]}},{"type":"Feature","id":"CTAMAP-2009-COUNTY-2667","properties":{"map_level":"county","source_name":"卓尼县","source_code":"623022","county_type":"县","prefecture_name":"甘南藏族自治州","prefecture_code":"623000","prefecture_type":"自治州","parent_entity_id":"CNUR-000312","parent_year_end_name":"甘南藏族自治州","province_name":"甘肃省","province_code":"620000","snapshot_year":2009,"panel_year":2008,"link_status":"parent_linked","former_name":"","note":""},"geometry":{"type":"MultiPolygon","coordinates":[[[[103.63271,35.08079],[103.62712,35.04489],[103.60212,35.02703],[103.6184,34.99702],[103.59837,34.98706],[103.6016,34.95642],[103.56475,34.88885],[103.57308,34.86696],[103.60784,34.87853],[103.62488,34.87179],[103.63967,34.85694],[103.64578,34.83339],[103.63007,34.83371],[103.61367,34.82324],[103.61355,34.79903],[103.59085,34.79455],[103.59393,34.76161],[103.57985,34.75082],[103.58011,34.7391],[103.53728,34.72583],[103.54223,34.71598],[103.57389,34.7192],[103.57448,34.70392],[103.5408,34.71256],[103.52667,34.70314],[103.48972,34.71753],[103.49587,34.73384],[103.46534,34.73013],[103.45289,34.73592],[103.4085,34.73539],[103.41399,34.7126],[103.39375,34.70313],[103.39904,34.71751],[103.36388,34.71094],[103.35717,34.71897],[103.3608,34.73427],[103.34523,34.73667],[103.33329,34.74914],[103.33282,34.73452],[103.31113,34.73684],[103.3008,34.71856],[103.34395,34.71562],[103.34282,34.70371],[103.27993,34.71312],[103.26196,34.71061],[103.25001,34.69362],[103.25081,34.67996],[103.28852,34.6833],[103.30193,34.66673],[103.25167,34.66168],[103.27853,34.64022],[103.2765,34.62942],[103.23575,34.64286],[103.22986,34.63607],[103.20748,34.64266],[103.19539,34.63173],[103.19732,34.59073],[103.21422,34.57244],[103.19846,34.55206],[103.20113,34.53859],[103.22787,34.5223],[103.27322,34.56555],[103.30325,34.57868],[103.31148,34.59616],[103.29379,34.6285],[103.29889,34.64601],[103.32725,34.6404],[103.35945,34.66173],[103.38414,34.65235],[103.39357,34.6579],[103.41408,34.64271],[103.4235,34.65244],[103.41313,34.65535],[103.41373,34.66449],[103.43955,34.67242],[103.43912,34.65863],[103.42472,34.64488],[103.43024,34.6177],[103.44848,34.62943],[103.47286,34.62687],[103.47417,34.63769],[103.48556,34.63491],[103.49746,34.64341],[103.49352,34.66529],[103.50697,34.66833],[103.51848,34.66183],[103.52176,34.64807],[103.51393,34.64085],[103.52306,34.61592],[103.54151,34.60926],[103.56117,34.61341],[103.5423,34.62679],[103.55694,34.63685],[103.57162,34.63035],[103.57313,34.58851],[103.55653,34.58319],[103.55939,34.57243],[103.60765,34.57599],[103.62236,34.56776],[103.61418,34.56285],[103.618,34.55055],[103.63183,34.55767],[103.6399,34.5485],[103.64699,34.55344],[103.63947,34.56853],[103.67072,34.56685],[103.68446,34.55267],[103.67825,34.53728],[103.68888,34.53346],[103.68834,34.52447],[103.76132,34.49269],[103.78935,34.50259],[103.79323,34.49274],[103.80834,34.48674],[103.80032,34.463],[103.80815,34.45875],[103.814,34.43533],[103.78831,34.39279],[103.76931,34.3933],[103.75534,34.37109],[103.74276,34.36597],[103.73267,34.33355],[103.69514,34.32195],[103.69437,34.28873],[103.71715,34.27593],[103.69989,34.25011],[103.67229,34.23567],[103.65763,34.23981],[103.6548,34.21506],[103.5931,34.2322],[103.57678,34.22578],[103.54909,34.23016],[103.52377,34.21736],[103.4842,34.21185],[103.45566,34.25152],[103.49495,34.27019],[103.47878,34.28106],[103.50328,34.29891],[103.4547,34.31879],[103.4381,34.31647],[103.43912,34.30313],[103.42763,34.29627],[103.40866,34.2559],[103.37866,34.24796],[103.35641,34.26707],[103.24518,34.28004],[103.20858,34.30032],[103.20401,34.28761],[103.16434,34.27484],[103.11853,34.2685],[103.0838,34.27792],[103.03511,34.2763],[102.92888,34.32612],[102.91573,34.31289],[102.87888,34.31463],[102.85878,34.30579],[102.86255,34.28546],[102.85415,34.2724],[102.79388,34.27587],[102.7962,34.28725],[102.78446,34.28986],[102.79324,34.31951],[102.76773,34.33348],[102.77808,34.35699],[102.79579,34.36256],[102.81008,34.38291],[102.82729,34.42765],[102.85468,34.45517],[102.91209,34.47079],[102.91608,34.48863],[102.93528,34.51008],[102.93214,34.53066],[102.92056,34.54095],[102.99261,34.6016],[103.02122,34.60879],[103.02493,34.62765],[103.04111,34.63115],[103.08034,34.6861],[103.08486,34.70097],[103.0789,34.72576],[103.09143,34.73322],[103.13781,34.73306],[103.15334,34.74185],[103.15523,34.74758],[103.13086,34.76662],[103.1355,34.78807],[103.12473,34.81957],[103.10987,34.82737],[103.08552,34.82611],[103.07264,34.84495],[103.04426,34.85997],[103.02952,34.88345],[103.05674,34.87831],[103.06801,34.89517],[103.10397,34.88936],[103.11238,34.89487],[103.14077,34.88558],[103.16372,34.8906],[103.21356,34.86879],[103.21231,34.87747],[103.24588,34.90894],[103.32905,34.95733],[103.3578,34.98223],[103.34391,35.00126],[103.38709,35.01014],[103.39201,35.02778],[103.38512,35.04048],[103.40018,35.06494],[103.37535,35.08423],[103.3771,35.09895],[103.3488,35.13558],[103.36703,35.1355],[103.37933,35.12694],[103.38049,35.11672],[103.39627,35.11473],[103.40113,35.11929],[103.39422,35.14164],[103.48559,35.12529],[103.48643,35.14144],[103.50001,35.15056],[103.60724,35.10411],[103.63271,35.08079]],[[103.21917,34.78808],[103.18534,34.79943],[103.17948,34.78651],[103.19857,34.75157],[103.24126,34.7647],[103.22192,34.77545],[103.21917,34.78808]],[[103.32516,34.76731],[103.35485,34.77854],[103.35907,34.79293],[103.3448,34.8089],[103.32256,34.81414],[103.32925,34.79352],[103.32516,34.76731]]],[[[104.02805,34.89308],[104.02161,34.87746],[103.96174,34.83953],[103.97693,34.83353],[103.97992,34.82028],[103.99517,34.80984],[103.99679,34.7885],[104.01174,34.78834],[104.02203,34.77748],[104.01349,34.74172],[104.00052,34.73558],[103.98769,34.74146],[103.96535,34.72776],[103.93842,34.73995],[103.92038,34.73558],[103.9111,34.75001],[103.87468,34.74916],[103.85194,34.74175],[103.82644,34.71961],[103.82581,34.72965],[103.80836,34.74547],[103.79656,34.74362],[103.80014,34.75816],[103.77389,34.78602],[103.78481,34.8067],[103.76486,34.8087],[103.78186,34.81611],[103.77274,34.82258],[103.79941,34.86205],[103.79127,34.87698],[103.83727,34.89305],[103.83246,34.92666],[103.8457,34.95533],[103.83273,34.97899],[103.86083,34.98851],[103.91227,34.97218],[103.92787,34.96027],[103.92651,34.94212],[103.9386,34.93566],[103.9558,34.95412],[103.9834,34.94569],[103.98585,34.9377],[104.01617,34.93778],[104.0234,34.91968],[104.00912,34.90864],[104.02805,34.89308]]],[[[103.44139,34.7079],[103.47628,34.69909],[103.45046,34.66688],[103.44193,34.66751],[103.44996,34.68203],[103.43693,34.70117],[103.44139,34.7079]]]]}},{"type":"Feature","id":"CTAMAP-2009-COUNTY-2744","properties":{"map_level":"county","source_name":"城关区","source_code":"620102","county_type":"市辖区","prefecture_name":"兰州市","prefecture_code":"620100","prefecture_type":"地级市","parent_entity_id":"CNUR-000299","parent_year_end_name":"兰州市","province_name":"甘肃省","province_code":"620000","snapshot_year":2009,"panel_year":2008,"link_status":"parent_linked","former_name":"","note":""},"geometry":{"type":"Polygon","coordinates":[[[103.97909,36.099],[103.9744,36.05625],[103.93187,36.05371],[103.94208,36.03499],[103.90279,36.01464],[103.8746,35.96186],[103.80367,36.04367],[103.80747,36.06487],[103.77745,36.0776],[103.78609,36.09549],[103.77708,36.11147],[103.79186,36.13631],[103.78609,36.14604],[103.8023,36.14614],[103.80268,36.11776],[103.82209,36.11914],[103.81989,36.13715],[103.83375,36.15948],[103.85534,36.1467],[103.87102,36.11181],[103.87976,36.1104],[103.90458,36.14312],[103.88355,36.15149],[103.88601,36.15682],[103.93889,36.13603],[103.94269,36.09479],[103.96504,36.10505],[103.97909,36.099]]]}},{"type":"Feature","id":"CTAMAP-2009-COUNTY-2771","properties":{"map_level":"county","source_name":"永昌县","source_code":"620321","county_type":"县","prefecture_name":"金昌市","prefecture_code":"620300","prefecture_type":"地级市","parent_entity_id":"CNUR-000301","parent_year_end_name":"金昌市","province_name":"甘肃省","province_code":"620000","snapshot_year":2009,"panel_year":2008,"link_status":"parent_linked","former_name":"","note":""},"geometry":{"type":"Polygon","coordinates":[[[101.69136,38.565],[101.7359,38.59521],[101.74818,38.59097],[101.73358,38.56546],[101.74277,38.55646],[101.76252,38.55794],[101.76396,38.5842],[101.77093,38.58706],[101.78475,38.58227],[101.7775,38.53102],[101.79608,38.53229],[101.79829,38.55096],[101.82432,38.56861],[101.87946,38.54912],[101.90547,38.49516],[101.9042,38.48441],[101.93227,38.47597],[101.94017,38.50706],[101.96132,38.52319],[101.98204,38.48515],[102.00624,38.47084],[102.02747,38.47241],[102.11023,38.39682],[102.17382,38.39128],[102.18975,38.38337],[102.19351,38.39016],[102.21661,38.38336],[102.22073,38.38861],[102.27011,38.36888],[102.27769,38.35874],[102.29971,38.3685],[102.33346,38.34981],[102.34738,38.37633],[102.50789,38.39554],[102.5152,38.42605],[102.70019,38.41224],[102.68745,38.28219],[102.70067,38.27409],[102.70553,38.26183],[102.6999,38.25582],[102.71088,38.25825],[102.7223,38.24735],[102.72676,38.22542],[102.71465,38.21703],[102.72405,38.20105],[102.71267,38.18517],[102.67299,38.18843],[102.67746,38.15801],[102.64125,38.15897],[102.60874,38.1723],[102.53042,38.18446],[102.43257,38.11068],[102.41116,38.11244],[102.39953,38.13614],[102.37153,38.14542],[102.32088,38.13819],[102.32129,38.13067],[102.27539,38.12848],[102.23219,38.11309],[102.21065,38.06043],[102.19122,38.05523],[102.18447,38.06224],[102.17459,38.05158],[102.16167,38.06192],[102.08247,38.02473],[102.075,38.03144],[102.0576,38.02221],[102.03629,38.02892],[102.02436,38.04203],[102.01462,38.08101],[101.99795,38.09049],[101.9802,38.09375],[101.96118,38.07826],[101.94039,38.07826],[101.88409,38.10111],[101.85244,38.09812],[101.81396,38.06325],[101.79772,38.0631],[101.75737,38.08573],[101.73913,38.08684],[101.73627,38.09418],[101.70339,38.08967],[101.68851,38.06911],[101.64758,38.08811],[101.62344,38.06027],[101.61121,38.06452],[101.57651,38.05528],[101.52592,38.06545],[101.51201,38.0606],[101.49524,38.06844],[101.49236,38.05451],[101.44481,38.03937],[101.41037,38.06171],[101.38321,38.06522],[101.4014,38.1018],[101.40017,38.13242],[101.4077,38.15127],[101.46491,38.19899],[101.48411,38.23203],[101.41329,38.28061],[101.39599,38.28521],[101.38965,38.3193],[101.34262,38.32023],[101.33239,38.3669],[101.36652,38.3685],[101.36827,38.38848],[101.39205,38.38808],[101.41144,38.39734],[101.45038,38.38745],[101.46696,38.39315],[101.48411,38.41682],[101.5145,38.43761],[101.52825,38.46324],[101.50472,38.4674],[101.50168,38.49487],[101.51313,38.49682],[101.51959,38.48969],[101.54944,38.49468],[101.5415,38.52713],[101.51838,38.55542],[101.56702,38.57838],[101.56131,38.61148],[101.57705,38.62771],[101.67167,38.58668],[101.69136,38.565]]]}},{"type":"Feature","id":"CTAMAP-2009-COUNTY-2772","properties":{"map_level":"county","source_name":"阿克塞哈萨克族自治县","source_code":"620924","county_type":"自治县","prefecture_name":"酒泉市","prefecture_code":"620900","prefecture_type":"地级市","parent_entity_id":"CNUR-000307","parent_year_end_name":"酒泉市","province_name":"甘肃省","province_code":"620000","snapshot_year":2009,"panel_year":2008,"link_status":"parent_linked","former_name":"","note":""},"geometry":{"type":"Polygon","coordinates":[[[93.46426,39.867],[93.49921,39.86336],[93.53172,39.84776],[93.55842,39.77532],[93.68888,39.75357],[93.70455,39.74633],[93.70188,39.73265],[93.71007,39.72978],[93.85995,39.72228],[93.99996,39.65971],[94.1859,39.64853],[94.25748,39.67777],[94.30856,39.68146],[94.52267,39.64296],[94.70623,39.64216],[94.70993,39.62784],[94.6924,39.52272],[94.67748,39.50065],[94.68836,39.49731],[94.68123,39.47059],[94.68671,39.45474],[94.72068,39.42192],[94.73826,39.38705],[94.75486,39.38066],[94.785,39.38452],[94.79073,39.37099],[94.82074,39.34845],[94.91252,39.32163],[94.94495,39.32158],[94.92113,39.27894],[94.92953,39.26992],[94.91549,39.24913],[94.9245,39.23568],[94.95773,39.23007],[94.97226,39.21588],[95.01387,39.21735],[95.055,39.20713],[95.06206,39.19452],[95.09524,39.20254],[95.14903,39.17216],[95.16642,39.17459],[95.18996,39.19215],[95.23066,39.18278],[95.28953,39.1993],[95.30305,39.18431],[95.3002,39.16871],[95.33304,39.14901],[95.33949,39.13584],[95.36658,39.12377],[95.3717,39.10324],[95.39493,39.09042],[95.40396,39.07523],[95.43029,39.05934],[95.43822,39.06323],[95.45696,39.0552],[95.50759,39.01216],[95.54797,39.00013],[95.55989,39.01085],[95.57652,39.00423],[95.58656,38.99409],[95.5809,38.98607],[95.58855,38.96495],[95.60544,38.96143],[95.63356,38.94013],[95.65561,38.91027],[95.67696,38.90996],[95.68731,38.88095],[95.76043,38.85077],[95.76959,38.85454],[95.77473,38.86979],[95.79444,38.86343],[95.82772,38.83143],[95.88002,38.8073],[95.88981,38.7804],[95.907,38.76307],[95.94157,38.77032],[95.95315,38.76091],[95.9719,38.76268],[96.03548,38.73886],[96.04691,38.72813],[96.03677,38.68626],[96.04367,38.67492],[96.06404,38.67407],[96.07603,38.658],[96.09323,38.6529],[96.11114,38.66481],[96.14506,38.67194],[96.16675,38.63285],[96.19111,38.63312],[96.19771,38.62274],[96.22452,38.61674],[96.23778,38.62305],[96.25125,38.60748],[96.28099,38.62376],[96.29057,38.64482],[96.30404,38.63616],[96.31918,38.63757],[96.32644,38.62272],[96.38352,38.58471],[96.40485,38.58485],[96.42111,38.56584],[96.43976,38.57012],[96.47134,38.56363],[96.48019,38.55715],[96.47789,38.54626],[96.52459,38.53526],[96.51192,38.52359],[96.51485,38.50548],[96.50615,38.4954],[96.51451,38.49054],[96.50622,38.48033],[96.51148,38.46685],[96.52782,38.45839],[96.53475,38.43816],[96.56095,38.43774],[96.5834,38.42756],[96.6096,38.43503],[96.64656,38.42516],[96.68984,38.43037],[96.68726,38.41438],[96.62364,38.34655],[96.63384,38.31662],[96.65519,38.29603],[96.64809,38.29212],[96.66326,38.25937],[96.66533,38.22215],[96.44363,38.27849],[96.3961,38.28071],[96.33896,38.25501],[96.31107,38.20046],[96.31247,38.18954],[96.30155,38.18215],[96.31257,38.1619],[96.30482,38.1557],[96.26329,38.14505],[96.25284,38.1668],[96.22808,38.16962],[96.21202,38.16713],[96.2185,38.1555],[96.2113,38.15074],[96.19148,38.14899],[96.16298,38.16717],[96.14626,38.16676],[96.14659,38.17554],[96.10062,38.18774],[96.07308,38.18769],[96.06385,38.17213],[96.03791,38.18332],[96.02414,38.19855],[95.98467,38.20964],[95.96896,38.22664],[95.93867,38.23718],[95.929,38.25112],[95.93289,38.2579],[95.89739,38.2892],[95.85541,38.28434],[95.83659,38.34249],[95.82537,38.35401],[95.77448,38.3555],[95.76314,38.36149],[95.76301,38.37135],[95.7481,38.36683],[95.73051,38.37309],[95.70192,38.39968],[95.67316,38.39024],[95.66108,38.36449],[95.63797,38.36553],[95.61148,38.33995],[95.58118,38.34174],[95.56882,38.3257],[95.53525,38.31407],[95.51691,38.29509],[95.50537,38.29628],[95.50427,38.30948],[95.49379,38.31532],[95.45367,38.29137],[95.44028,38.31052],[95.38677,38.30122],[95.36092,38.3136],[95.33297,38.3079],[95.32103,38.32044],[95.26742,38.29729],[95.22824,38.33065],[95.21059,38.32564],[95.20342,38.3313],[95.18704,38.36259],[95.19085,38.37161],[95.16803,38.38653],[95.13904,38.39167],[95.12257,38.41344],[95.10617,38.4168],[95.07154,38.40198],[95.04344,38.41809],[95.03149,38.41128],[95.01628,38.42588],[94.98245,38.42371],[94.9712,38.43035],[94.88341,38.41442],[94.87635,38.40026],[94.85455,38.39124],[94.65002,38.38385],[94.6099,38.37099],[94.59524,38.37384],[94.55055,38.35027],[94.52837,38.36139],[94.52779,38.42223],[94.51203,38.44173],[94.36966,38.76165],[94.32753,38.75266],[94.27337,38.7595],[93.97171,38.7247],[93.9494,38.71435],[93.87422,38.72044],[93.79884,38.75052],[93.77079,38.77229],[93.75451,38.80604],[93.76852,38.82056],[93.88295,38.82604],[93.88347,38.86747],[93.833,38.86739],[93.73034,38.9237],[93.49364,38.91838],[93.28245,38.89361],[93.23639,38.91565],[93.18761,38.91906],[93.17917,38.92278],[93.19662,39.04571],[93.16399,39.09012],[93.13011,39.10767],[93.125,39.12204],[93.14085,39.15942],[93.11974,39.17785],[93.09803,39.17606],[93.06592,39.15054],[93.04437,39.14603],[92.99709,39.15157],[92.97608,39.14371],[92.96001,39.16512],[92.93832,39.16859],[92.89014,39.16061],[92.86505,39.13823],[92.82929,39.14313],[92.81141,39.1321],[92.80537,39.13876],[92.77901,39.13908],[92.72798,39.1212],[92.70978,39.1272],[92.68949,39.11401],[92.67481,39.11744],[92.6587,39.10928],[92.64432,39.11931],[92.61097,39.10881],[92.5458,39.1108],[92.53753,39.09993],[92.49279,39.10169],[92.45784,39.06377],[92.45647,39.04185],[92.42292,39.04687],[92.40689,39.03731],[92.38647,39.05996],[92.35507,39.0645],[92.34937,39.08293],[92.36469,39.09538],[92.34264,39.14562],[92.34591,39.20215],[92.33852,39.23742],[92.38041,39.25864],[92.52452,39.3679],[92.63882,39.51382],[92.70238,39.71466],[92.76373,39.7126],[92.82054,39.69568],[93.00117,39.67746],[93.08327,39.67733],[93.24378,39.73159],[93.23343,39.76374],[93.2544,39.77338],[93.26517,39.82037],[93.29449,39.83757],[93.30003,39.84882],[93.46426,39.867]]]}},{"type":"Feature","id":"CTAMAP-2009-COUNTY-2774","properties":{"map_level":"county","source_name":"敦煌市","source_code":"620982","county_type":"县级市","prefecture_name":"酒泉市","prefecture_code":"620900","prefecture_type":"地级市","parent_entity_id":"CNUR-000307","parent_year_end_name":"酒泉市","province_name":"甘肃省","province_code":"620000","snapshot_year":2009,"panel_year":2008,"link_status":"parent_linked","former_name":"","note":""},"geometry":{"type":"Polygon","coordinates":[[[94.81182,40.90306],[94.83495,40.88796],[94.83879,40.87261],[94.8518,40.86744],[94.90108,40.73563],[94.88298,40.6265],[94.89448,40.46883],[95.27619,40.40456],[95.26609,40.26499],[95.29264,40.26149],[95.46059,40.32064],[95.45499,40.30242],[95.44273,40.29609],[95.45049,40.28179],[95.43715,40.2578],[95.42051,40.16431],[95.4366,40.13951],[95.43478,40.11104],[95.455,40.09458],[95.4582,40.06897],[95.48063,40.02944],[95.50373,40.02345],[95.44717,39.93922],[95.40569,39.94086],[95.33385,39.92852],[95.1235,39.8787],[95.01133,39.83857],[94.85736,39.80893],[94.76627,39.77841],[94.7313,39.75769],[94.60598,39.72849],[94.55047,39.72412],[94.58918,39.64269],[94.52267,39.64296],[94.30856,39.68146],[94.25748,39.67777],[94.1859,39.64853],[93.99996,39.65971],[93.85995,39.72228],[93.71007,39.72978],[93.70188,39.73265],[93.70455,39.74633],[93.68888,39.75357],[93.55842,39.77532],[93.53221,39.84724],[93.47274,39.86962],[93.30003,39.84882],[93.29449,39.83757],[93.26517,39.82037],[93.2544,39.77338],[93.23343,39.76374],[93.24378,39.73159],[93.08327,39.67733],[93.00117,39.67746],[92.82054,39.69568],[92.76373,39.7126],[92.70238,39.71466],[92.74431,39.86756],[92.79532,40.15317],[92.9058,40.31008],[92.91949,40.39125],[92.92734,40.57201],[93.50483,40.64757],[93.75928,40.66397],[93.81968,40.7928],[93.80611,40.876],[93.90697,40.98242],[94.00932,41.11352],[94.18266,41.2671],[94.53304,41.50454],[94.74887,41.53678],[94.77382,41.57136],[94.77212,41.16273],[94.76582,41.14876],[94.80732,41.13895],[94.82447,41.12394],[94.8224,41.0701],[94.8374,41.03],[94.82884,40.94514],[94.81049,40.91638],[94.81182,40.90306]]]}},{"type":"Feature","id":"CTAMAP-2009-COUNTY-2776","properties":{"map_level":"county","source_name":"金塔县","source_code":"620921","county_type":"县","prefecture_name":"酒泉市","prefecture_code":"620900","prefecture_type":"地级市","parent_entity_id":"CNUR-000307","parent_year_end_name":"酒泉市","province_name":"甘肃省","province_code":"620000","snapshot_year":2009,"panel_year":2008,"link_status":"parent_linked","former_name":"","note":""},"geometry":{"type":"Polygon","coordinates":[[[100.10622,40.87414],[100.23571,40.71572],[100.24102,40.61763],[100.16803,40.54023],[100.16795,40.27659],[99.98824,40.18738],[99.95495,40.15121],[99.92632,40.06325],[99.85844,40.01854],[99.74966,40.00599],[99.73293,39.98576],[99.69365,39.96032],[99.51996,39.88551],[99.49112,39.88218],[99.45052,39.89556],[99.44097,39.88378],[99.39004,39.88004],[99.32314,39.84572],[99.24678,39.8331],[99.2377,39.84945],[99.22822,39.85107],[99.19474,39.80477],[99.14088,39.79561],[99.11279,39.83584],[99.08054,39.83955],[99.06909,39.85025],[99.02658,39.85504],[98.98374,39.8302],[98.97757,39.83303],[98.98161,39.85291],[98.9668,39.89565],[98.93216,39.90252],[98.82605,39.90094],[98.79289,39.90727],[98.77209,39.92386],[98.70857,39.91549],[98.67488,39.93439],[98.63904,39.92455],[98.63324,39.94277],[98.60543,39.95458],[98.5826,39.97574],[98.56245,39.96969],[98.54522,39.97994],[98.51203,39.98438],[98.47333,39.97501],[98.43959,39.95382],[98.39303,39.96516],[98.37234,39.95637],[98.32723,39.9551],[98.16227,39.97064],[98.06079,39.99935],[98.125,40.13221],[98.09942,40.22264],[98.02647,40.28236],[98.0754,40.35463],[98.15277,40.44396],[98.16576,40.62069],[98.26956,40.8243],[98.33152,40.91816],[98.3434,40.56729],[98.62735,40.67706],[98.56946,40.74596],[98.66784,40.77191],[98.69672,40.67919],[98.80181,40.60613],[98.7951,40.63061],[98.80612,40.65819],[98.78812,40.67854],[98.79001,40.70451],[98.98393,40.7818],[99.04025,40.69262],[99.10054,40.67517],[99.12408,40.71396],[99.17162,40.74611],[99.17325,40.85706],[99.56457,40.84575],[99.67163,40.9318],[100.05537,40.90665],[100.10622,40.87414]]]}},{"type":"Feature","id":"CTAMAP-2009-COUNTY-2777","properties":{"map_level":"county","source_name":"肃南裕固族自治县","source_code":"620721","county_type":"自治县","prefecture_name":"张掖市","prefecture_code":"620700","prefecture_type":"地级市","parent_entity_id":"CNUR-000305","parent_year_end_name":"张掖市","province_name":"甘肃省","province_code":"620000","snapshot_year":2009,"panel_year":2008,"link_status":"parent_linked","former_name":"","note":""},"geometry":{"type":"MultiPolygon","coordinates":[[[[98.21668,39.727],[98.24732,39.71945],[98.24063,39.70572],[98.25655,39.70154],[98.25991,39.69345],[98.27913,39.69149],[98.3233,39.66385],[98.36179,39.66157],[98.36877,39.65337],[98.32842,39.56843],[98.3614,39.54122],[98.39823,39.53636],[98.42992,39.57778],[98.5492,39.50891],[98.52928,39.48568],[98.53936,39.48189],[98.5335,39.47571],[98.51585,39.4798],[98.51084,39.47292],[98.55181,39.46921],[98.57934,39.48254],[98.56101,39.46694],[98.56987,39.45943],[98.60185,39.45136],[98.61727,39.43909],[98.68088,39.4315],[98.73035,39.39779],[98.7337,39.38739],[98.76387,39.39294],[98.79997,39.36153],[98.81852,39.35869],[98.81515,39.34665],[98.82611,39.34962],[98.8657,39.32329],[98.88065,39.3295],[98.90358,39.31364],[98.90849,39.33166],[98.97491,39.33013],[98.98431,39.31138],[99.01974,39.30652],[99.04336,39.28972],[99.06222,39.25686],[99.08254,39.27286],[99.08964,39.26195],[99.1196,39.26139],[99.1408,39.24998],[99.13865,39.207],[99.18028,39.18101],[99.1626,39.17018],[99.16348,39.16326],[99.17094,39.16075],[99.17223,39.16965],[99.19054,39.15402],[99.24068,39.15663],[99.26309,39.14503],[99.27484,39.1146],[99.32874,39.08485],[99.3324,39.07178],[99.43111,39.08331],[99.42031,39.09595],[99.42046,39.11315],[99.46065,39.11267],[99.48118,39.09688],[99.53259,39.17092],[99.54404,39.16146],[99.54975,39.25092],[99.575,39.25626],[99.67946,39.23606],[99.70675,39.24212],[99.75693,39.2144],[99.77501,39.19273],[99.7988,39.19394],[99.86209,39.16474],[99.88324,39.16422],[99.92648,39.12003],[99.99522,39.08348],[99.99064,39.07141],[100.00122,39.05838],[100.02426,39.06175],[100.03976,39.04014],[100.02336,39.02747],[100.03116,39.01689],[100.00939,39.01153],[99.9987,38.9931],[100.00747,38.98585],[99.99045,38.9663],[100.00614,38.95953],[100.01828,38.96777],[100.03823,38.95741],[100.05399,38.9653],[100.06953,38.96058],[100.08926,38.96472],[100.09762,38.98186],[100.11004,38.96302],[100.11414,38.93737],[100.14326,38.92793],[100.12079,38.86399],[100.15212,38.83367],[100.16276,38.81342],[100.15146,38.80672],[100.16257,38.78389],[100.17715,38.78043],[100.18785,38.75572],[100.17684,38.71525],[100.19461,38.70564],[100.24073,38.70104],[100.2457,38.67282],[100.28792,38.66977],[100.29062,38.66054],[100.30171,38.65819],[100.29726,38.63528],[100.31447,38.62457],[100.31339,38.61743],[100.3216,38.61845],[100.31538,38.61254],[100.32057,38.60509],[100.36534,38.5908],[100.35949,38.57923],[100.37097,38.5615],[100.38431,38.55739],[100.39123,38.51651],[100.42167,38.51086],[100.45048,38.52733],[100.44133,38.51715],[100.4409,38.49872],[100.46027,38.49743],[100.46408,38.48816],[100.47847,38.49122],[100.48957,38.46533],[100.50157,38.46039],[100.54013,38.47179],[100.55201,38.46828],[100.57109,38.4542],[100.57641,38.43846],[100.58406,38.44454],[100.61217,38.42462],[100.61517,38.38733],[100.5881,38.35222],[100.55978,38.34452],[100.54718,38.3145],[100.51999,38.30629],[100.50833,38.27314],[100.49497,38.27255],[100.47281,38.28803],[100.46683,38.2692],[100.43623,38.26731],[100.42967,38.27319],[100.43586,38.29622],[100.42209,38.30696],[100.39525,38.29213],[100.37266,38.30916],[100.35905,38.30731],[100.31817,38.32521],[100.3312,38.34061],[100.30034,38.38814],[100.27059,38.37751],[100.26001,38.36415],[100.24753,38.37282],[100.25284,38.38329],[100.24759,38.41856],[100.23119,38.44631],[100.1642,38.45966],[100.14828,38.47885],[100.11108,38.49665],[100.08603,38.49306],[100.06191,38.51949],[100.02667,38.51037],[99.99926,38.46751],[100.02934,38.44415],[100.02124,38.43162],[100.04468,38.42827],[100.04627,38.42077],[100.06699,38.41816],[100.08042,38.40518],[100.09035,38.4075],[100.11945,38.35642],[100.11272,38.35201],[100.11688,38.34284],[100.16735,38.32049],[100.15651,38.30984],[100.15851,38.28932],[100.18357,38.24161],[100.1826,38.22928],[100.17853,38.21873],[100.15742,38.21653],[100.12609,38.22966],[100.11678,38.25159],[100.09872,38.25864],[100.09306,38.26638],[100.09881,38.27055],[100.07578,38.28487],[100.05728,38.2806],[100.039,38.28643],[100.00687,38.31277],[99.95765,38.31503],[99.94234,38.34072],[99.91305,38.33682],[99.89938,38.3479],[99.84441,38.35955],[99.83589,38.36876],[99.81444,38.3673],[99.79646,38.38672],[99.77707,38.39036],[99.77081,38.40697],[99.73227,38.40818],[99.71888,38.42152],[99.65734,38.43965],[99.65913,38.46452],[99.652,38.47068],[99.59807,38.48901],[99.52457,38.54898],[99.5121,38.56739],[99.5093,38.6097],[99.48402,38.61561],[99.4526,38.60518],[99.42894,38.62049],[99.43545,38.63131],[99.41507,38.65993],[99.41623,38.66979],[99.38561,38.6761],[99.37647,38.7087],[99.3624,38.71295],[99.3494,38.73667],[99.32143,38.73975],[99.31026,38.75842],[99.25948,38.77255],[99.23577,38.79173],[99.21782,38.79441],[99.21781,38.80188],[99.17879,38.81522],[99.17458,38.83028],[99.15718,38.83207],[99.14889,38.85029],[99.09149,38.88008],[99.06394,38.9047],[99.07936,38.93403],[99.10209,38.94471],[99.09837,38.95496],[99.05623,38.95443],[99.04435,38.97285],[99.02096,38.98229],[98.9946,38.9754],[98.98402,38.98429],[98.95634,38.98455],[98.93465,38.99413],[98.90334,39.0108],[98.88298,39.04213],[98.81839,39.06328],[98.82269,39.0717],[98.81169,39.087],[98.74232,39.08541],[98.72928,39.0556],[98.70478,39.04295],[98.66482,38.99436],[98.61277,38.97917],[98.62422,38.95424],[98.6159,38.94663],[98.59666,38.94647],[98.58045,38.92834],[98.52534,38.95549],[98.48319,38.94871],[98.44249,38.96349],[98.42852,38.97788],[98.4352,38.99805],[98.40841,38.99711],[98.39938,39.02394],[98.38128,39.03237],[98.29077,39.03726],[98.27572,38.97507],[98.2367,38.92273],[98.25205,38.90754],[98.24707,38.88137],[98.17272,38.84305],[98.15225,38.82001],[98.11944,38.80823],[98.11614,38.79733],[98.0932,38.78486],[98.06843,38.81662],[98.03101,38.8318],[98.01143,38.85896],[97.98078,38.86061],[97.9334,38.88153],[97.90972,38.8817],[97.89003,38.89842],[97.86904,38.90344],[97.85311,38.92221],[97.84064,38.92111],[97.81165,38.93934],[97.77327,38.9402],[97.72173,38.96777],[97.68513,38.9696],[97.67955,38.98246],[97.68532,39.00526],[97.55673,39.05738],[97.54912,39.06852],[97.49158,39.07966],[97.48923,39.09316],[97.47383,39.09853],[97.476,39.10654],[97.46389,39.11899],[97.44367,39.11235],[97.43137,39.12571],[97.42739,39.17215],[97.39294,39.23978],[97.40118,39.30125],[97.39547,39.31965],[97.40846,39.32312],[97.43102,39.3494],[97.45346,39.35158],[97.47641,39.37249],[97.47832,39.4713],[97.50881,39.52732],[97.56939,39.56338],[97.58407,39.60313],[97.61821,39.6304],[97.65616,39.63025],[97.6733,39.67568],[97.69097,39.68237],[97.69991,39.69684],[97.80958,39.67875],[97.82921,39.68463],[97.85393,39.70968],[97.87977,39.70864],[97.93843,39.69559],[97.9682,39.66194],[98.03527,39.6977],[98.14927,39.69626],[98.17332,39.72295],[98.21668,39.727]]],[[[101.88762,38.09855],[101.94784,38.07771],[101.96954,38.08168],[101.9802,38.09375],[101.99795,38.09049],[102.01462,38.08101],[102.02436,38.04203],[102.04317,38.0244],[102.0576,38.02221],[102.075,38.03144],[102.08401,38.02492],[102.09237,38.03392],[102.1057,38.02482],[102.10677,38.0113],[102.12485,38.00556],[102.12338,37.99714],[102.14736,37.98002],[102.15014,37.96844],[102.17126,37.96207],[102.16975,37.92916],[102.16169,37.92421],[102.17294,37.89867],[102.15179,37.88446],[102.15332,37.87418],[102.20395,37.85757],[102.19868,37.8314],[102.16593,37.81977],[102.13712,37.77757],[102.12461,37.77564],[102.12372,37.7604],[102.09031,37.73809],[102.08383,37.71256],[102.07485,37.70635],[102.07632,37.69168],[102.05092,37.68314],[102.046,37.66342],[102.05313,37.64731],[102.03476,37.62472],[102.046,37.65186],[102.01916,37.68041],[102.0139,37.70758],[101.99677,37.72575],[101.93436,37.72386],[101.87187,37.68605],[101.86189,37.65865],[101.85152,37.66432],[101.8125,37.65355],[101.81269,37.68148],[101.78924,37.69545],[101.65699,37.73219],[101.66795,37.7583],[101.64099,37.7747],[101.59612,37.82828],[101.54279,37.83831],[101.49953,37.85788],[101.46709,37.85503],[101.45662,37.86659],[101.43825,37.86777],[101.40178,37.8396],[101.40141,37.83115],[101.37783,37.82128],[101.3753,37.80025],[101.35343,37.78966],[101.34752,37.7988],[101.31071,37.80952],[101.30175,37.82429],[101.28184,37.82775],[101.27879,37.83524],[101.25505,37.83265],[101.17056,37.86006],[101.14802,37.8761],[101.14868,37.89519],[101.11268,37.91901],[101.12977,37.92589],[101.16071,37.98212],[101.21794,38.00901],[101.24487,38.03328],[101.33206,38.03407],[101.39437,38.06642],[101.44247,38.03922],[101.49236,38.05451],[101.49524,38.06844],[101.51201,38.0606],[101.52592,38.06545],[101.57651,38.05528],[101.61121,38.06452],[101.62344,38.06027],[101.64758,38.08811],[101.68851,38.06911],[101.70339,38.08967],[101.73627,38.09418],[101.73913,38.08684],[101.75737,38.08573],[101.79772,38.0631],[101.81396,38.06325],[101.85244,38.09812],[101.88762,38.09855]]],[[[99.21207,39.66703],[99.3326,39.62813],[99.36741,39.63811],[99.37548,39.66218],[99.42841,39.64746],[99.4977,39.64622],[99.52026,39.60867],[99.55395,39.51462],[99.56593,39.45351],[99.56625,39.39644],[99.4917,39.38987],[99.4227,39.34691],[99.39259,39.35652],[99.23792,39.45919],[99.16675,39.48098],[99.10099,39.51271],[99.07233,39.55021],[99.05468,39.58966],[99.07167,39.61565],[99.02829,39.63243],[98.97674,39.61865],[98.94434,39.59232],[98.93793,39.57666],[98.8705,39.59417],[98.8684,39.58895],[98.81519,39.59104],[98.81497,39.59901],[98.79981,39.60312],[98.80993,39.66167],[98.81847,39.66802],[98.9546,39.66237],[98.94046,39.69188],[98.93993,39.713],[98.95061,39.71316],[98.95844,39.77933],[99.06554,39.72172],[99.15648,39.71139],[99.21207,39.66703]]],[[[100.72592,38.40441],[100.73629,38.38622],[100.72777,38.37923],[100.74084,38.37622],[100.74232,38.36354],[100.7531,38.357],[100.77672,38.37158],[100.78881,38.35428],[100.81749,38.3705],[100.8311,38.32766],[100.82417,38.29385],[100.79106,38.27716],[100.77502,38.25979],[100.76134,38.2594],[100.74668,38.27422],[100.70193,38.24771],[100.62601,38.26672],[100.64672,38.30557],[100.66797,38.31881],[100.6641,38.33159],[100.68517,38.38045],[100.70498,38.40222],[100.72222,38.39549],[100.72592,38.40441]]]]}},{"type":"Feature","id":"CTAMAP-2009-COUNTY-2780","properties":{"map_level":"county","source_name":"玉门市","source_code":"620981","county_type":"县级市","prefecture_name":"酒泉市","prefecture_code":"620900","prefecture_type":"地级市","parent_entity_id":"CNUR-000307","parent_year_end_name":"酒泉市","province_name":"甘肃省","province_code":"620000","snapshot_year":2009,"panel_year":2008,"link_status":"parent_linked","former_name":"","note":""},"geometry":{"type":"Polygon","coordinates":[[[98.33149,40.91811],[98.26956,40.8243],[98.16576,40.62069],[98.15277,40.44396],[98.0754,40.35463],[98.02647,40.28236],[98.09942,40.22264],[98.125,40.13221],[98.06385,40.01619],[98.05734,39.99466],[98.06777,39.97983],[98.06798,39.95467],[98.02359,39.94558],[98.0024,39.92317],[97.98298,39.88215],[98.03189,39.82806],[97.99131,39.80796],[97.97335,39.77968],[97.85393,39.70968],[97.82921,39.68463],[97.78612,39.67953],[97.70018,39.69694],[97.69097,39.68237],[97.6733,39.67568],[97.65616,39.63025],[97.57192,39.63183],[97.54948,39.65425],[97.49418,39.67125],[97.43684,39.6683],[97.3722,39.68992],[97.32855,39.69097],[97.29872,39.70712],[97.26451,39.7059],[97.19017,39.74352],[97.18004,39.76791],[97.1681,39.77579],[97.11681,39.78038],[97.08597,39.80271],[97.06799,39.80543],[97.01518,39.80128],[97.00453,39.77423],[96.97857,39.76513],[96.92804,39.77255],[96.90388,39.76472],[96.82584,39.70663],[96.81345,39.68944],[96.71672,39.73323],[96.70322,39.76175],[96.52678,39.79295],[96.4841,39.85683],[96.50756,39.86803],[96.50433,39.88648],[96.51075,39.89013],[96.54094,39.88972],[96.54171,39.90288],[96.55968,39.90043],[96.59857,39.91788],[96.6403,39.95644],[96.64869,39.99733],[96.73692,40.05269],[96.75064,40.10491],[96.79837,40.17625],[96.82175,40.3241],[96.88032,40.4278],[96.90628,40.44819],[96.89805,40.48474],[96.91953,40.55164],[96.91373,40.63312],[96.92134,40.67652],[96.93906,40.69856],[96.93797,40.71312],[96.97721,40.75272],[96.97315,40.77722],[97.08518,40.74691],[97.16229,40.74171],[97.26871,40.75188],[97.40867,40.72969],[97.43663,40.71178],[97.49824,40.70688],[97.54421,40.72014],[97.57335,40.74473],[97.62579,40.75237],[97.64952,40.78565],[97.94317,40.82023],[98.33149,40.91811]]]}},{"type":"Feature","id":"CTAMAP-2009-COUNTY-2781","properties":{"map_level":"county","source_name":"瓜州县","source_code":"620922","county_type":"县","prefecture_name":"酒泉市","prefecture_code":"620900","prefecture_type":"地级市","parent_entity_id":"CNUR-000307","parent_year_end_name":"酒泉市","province_name":"甘肃省","province_code":"620000","snapshot_year":2009,"panel_year":2008,"link_status":"parent_linked","former_name":"安西县","note":"2006年安西县更名为瓜州县"},"geometry":{"type":"Polygon","coordinates":[[[95.6377,41.57449],[95.66601,41.46162],[95.69215,41.41167],[95.70199,41.40852],[95.73341,41.34571],[95.76699,41.33214],[95.77041,41.29907],[95.81263,41.22553],[95.81095,41.20479],[95.83532,41.16942],[95.86741,41.14705],[95.87702,41.12223],[95.90518,41.102],[96.03463,41.07799],[96.05508,41.06356],[96.20804,41.01668],[96.26364,41.02965],[96.36138,41.02412],[96.43753,40.94762],[96.50003,40.92915],[96.62077,40.86671],[96.66711,40.85038],[96.77735,40.83967],[96.86594,40.80297],[96.97315,40.77722],[96.97721,40.75272],[96.93797,40.71312],[96.93906,40.69856],[96.92134,40.67652],[96.91373,40.63312],[96.91953,40.55164],[96.89805,40.48474],[96.90628,40.44819],[96.88032,40.4278],[96.82175,40.3241],[96.79794,40.17522],[96.75064,40.10491],[96.73416,40.04787],[96.64869,39.99733],[96.6403,39.95644],[96.58739,39.91059],[96.55579,39.89953],[96.54171,39.90288],[96.54094,39.88972],[96.51075,39.89013],[96.50433,39.88648],[96.50756,39.86803],[96.4841,39.85683],[96.36976,39.8783],[96.33989,39.904],[96.34283,39.9217],[96.32732,39.92793],[96.11301,39.89091],[95.96403,39.88755],[95.89894,39.86877],[95.64573,39.91751],[95.55384,39.94396],[95.52213,39.95569],[95.50373,40.02345],[95.48063,40.02944],[95.4582,40.06897],[95.455,40.09458],[95.43478,40.11104],[95.4366,40.13951],[95.42051,40.16431],[95.43715,40.2578],[95.45049,40.28179],[95.44273,40.29609],[95.45499,40.30242],[95.46059,40.32064],[95.29264,40.26149],[95.26609,40.26499],[95.27619,40.40456],[94.89448,40.46883],[94.88298,40.6265],[94.90108,40.73563],[94.8518,40.86744],[94.83879,40.87261],[94.83495,40.88796],[94.8108,40.90526],[94.81169,40.91957],[94.82884,40.94514],[94.8374,41.03],[94.8224,41.0701],[94.82447,41.12394],[94.80732,41.13895],[94.76582,41.14876],[94.77212,41.16273],[94.77382,41.57136],[94.80865,41.61779],[94.86106,41.66716],[94.96765,41.71727],[95.00994,41.72473],[95.13563,41.77137],[95.17045,41.73107],[95.19723,41.71923],[95.19298,41.69224],[95.22139,41.6593],[95.24911,41.60666],[95.29631,41.565],[95.30686,41.57232],[95.33294,41.64117],[95.36012,41.66829],[95.57007,41.79378],[95.60364,41.80106],[95.61227,41.77889],[95.60315,41.67149],[95.6377,41.57449]]]}}]}