{"type":"FeatureCollection","features":[{"type":"Feature","id":"CTAMAP-2019-COUNTY-0050","properties":{"map_level":"county","source_name":"八步区","source_code":"451102","county_type":"市辖区","prefecture_name":"贺州市","prefecture_code":"451100","prefecture_type":"地级市","parent_entity_id":"CNUR-000227","parent_year_end_name":"贺州市","province_name":"广西壮族自治区","province_code":"450000","snapshot_year":2019,"panel_year":2018,"link_status":"parent_linked","former_name":"","note":""},"geometry":{"type":"Polygon","coordinates":[[[112.01726,24.74304],[111.95589,24.72456],[111.93139,24.68433],[111.9483,24.65123],[111.92269,24.63387],[111.93325,24.59804],[111.96575,24.58287],[112.00106,24.53856],[112.00499,24.50361],[111.98146,24.48889],[111.9809,24.46732],[112.01577,24.44644],[112.03662,24.39654],[112.05544,24.3895],[112.05383,24.34104],[112.02432,24.29912],[111.98645,24.28263],[111.9804,24.25951],[111.95304,24.26755],[111.93604,24.23411],[111.91839,24.23889],[111.90798,24.22416],[111.87402,24.23209],[111.86532,24.18427],[111.88394,24.16539],[111.88256,24.08215],[111.93625,23.98517],[111.90712,23.94668],[111.84968,23.95124],[111.84163,23.90706],[111.81722,23.91399],[111.80729,23.88898],[111.82005,23.83489],[111.80499,23.80859],[111.74728,23.81528],[111.70715,23.84061],[111.69209,23.83978],[111.69087,23.82667],[111.68827,23.82001],[111.68556,23.81889],[111.64993,23.83638],[111.64211,23.95047],[111.59251,23.97385],[111.5718,24.00336],[111.54313,24.0],[111.53115,24.04973],[111.58568,24.09254],[111.56729,24.1069],[111.57059,24.14619],[111.54743,24.14215],[111.50812,24.17055],[111.59691,24.20715],[111.58293,24.29013],[111.61118,24.32196],[111.58471,24.37193],[111.59274,24.39185],[111.52969,24.39394],[111.50708,24.41119],[111.57579,24.43201],[111.60047,24.479],[111.66204,24.47781],[111.6781,24.51678],[111.63825,24.56199],[111.57727,24.58786],[111.57921,24.68852],[111.58951,24.70092],[111.6371,24.69175],[111.63301,24.71693],[111.65471,24.75706],[111.70246,24.79267],[111.73789,24.7816],[111.7794,24.79873],[111.80419,24.77882],[111.86285,24.78109],[111.87282,24.75807],[111.88924,24.77271],[111.93176,24.76372],[111.95694,24.77638],[112.01726,24.74304]]]}},{"type":"Feature","id":"CTAMAP-2019-COUNTY-0058","properties":{"map_level":"county","source_name":"巴马瑶族自治县","source_code":"451227","county_type":"自治县","prefecture_name":"河池市","prefecture_code":"451200","prefecture_type":"地级市","parent_entity_id":"CNUR-000228","parent_year_end_name":"河池市","province_name":"广西壮族自治区","province_code":"450000","snapshot_year":2019,"panel_year":2018,"link_status":"parent_linked","former_name":"","note":""},"geometry":{"type":"Polygon","coordinates":[[[107.13647,24.3768],[107.12433,24.36563],[107.1699,24.36877],[107.18433,24.35593],[107.24842,24.37655],[107.23507,24.36285],[107.26189,24.35766],[107.24212,24.33027],[107.27257,24.33062],[107.28284,24.25466],[107.32587,24.23007],[107.38195,24.25097],[107.38628,24.22636],[107.42132,24.22371],[107.43542,24.23838],[107.42127,24.2639],[107.44199,24.29113],[107.4728,24.28033],[107.46672,24.2608],[107.48486,24.25258],[107.49159,24.28004],[107.52342,24.27612],[107.50343,24.26471],[107.54484,24.22165],[107.51154,24.16185],[107.48345,24.16452],[107.46108,24.14487],[107.43473,24.15532],[107.40242,24.12392],[107.37282,24.16869],[107.3325,24.13624],[107.35233,24.1237],[107.39616,23.98983],[107.42383,23.98965],[107.44752,23.94386],[107.47343,23.94013],[107.4734,23.90565],[107.4607,23.89989],[107.47672,23.8658],[107.44935,23.8348],[107.42418,23.83499],[107.40176,23.87534],[107.38651,23.87373],[107.37265,23.9222],[107.34894,23.90839],[107.30206,23.92133],[107.27751,23.99872],[107.26179,23.99712],[107.24892,23.96953],[107.19265,23.97316],[107.13116,24.00885],[107.1197,24.05265],[107.05431,24.06413],[107.01337,24.02695],[106.94037,24.08827],[106.95524,24.11218],[106.90876,24.10087],[106.85669,24.16849],[106.86671,24.19883],[106.9104,24.22033],[106.92266,24.2573],[106.956,24.27368],[106.96162,24.30615],[106.99223,24.31962],[106.99542,24.34447],[107.04637,24.34484],[107.07371,24.38058],[107.11323,24.3679],[107.12703,24.40149],[107.13647,24.3768]]]}},{"type":"Feature","id":"CTAMAP-2019-COUNTY-0104","properties":{"map_level":"county","source_name":"北流市","source_code":"450981","county_type":"县级市","prefecture_name":"玉林市","prefecture_code":"450900","prefecture_type":"地级市","parent_entity_id":"CNUR-000225","parent_year_end_name":"玉林市","province_name":"广西壮族自治区","province_code":"450000","snapshot_year":2019,"panel_year":2018,"link_status":"parent_linked","former_name":"","note":""},"geometry":{"type":"Polygon","coordinates":[[[110.67816,22.47693],[110.68927,22.44952],[110.70631,22.44602],[110.70516,22.37365],[110.73653,22.36384],[110.74389,22.33329],[110.78426,22.28981],[110.75669,22.27967],[110.72166,22.30046],[110.68279,22.25199],[110.64935,22.2427],[110.64611,22.21578],[110.67493,22.1766],[110.63752,22.15567],[110.60196,22.15815],[110.59695,22.18635],[110.55603,22.19939],[110.52629,22.15777],[110.48726,22.14512],[110.42688,22.20979],[110.37622,22.22399],[110.39671,22.24064],[110.401,22.29851],[110.41612,22.30146],[110.42595,22.33553],[110.34205,22.35931],[110.36842,22.41458],[110.35946,22.43662],[110.3235,22.43901],[110.33453,22.45594],[110.31951,22.46792],[110.34516,22.50917],[110.30884,22.54349],[110.3126,22.56372],[110.24259,22.59912],[110.25599,22.63331],[110.27944,22.61767],[110.29328,22.62691],[110.31496,22.68257],[110.27639,22.70651],[110.25204,22.68607],[110.21396,22.72084],[110.15839,22.70282],[110.1315,22.74736],[110.14928,22.7867],[110.13536,22.81432],[110.21646,22.86875],[110.28332,22.88331],[110.32337,22.87265],[110.3425,22.894],[110.37497,22.89277],[110.39938,22.92056],[110.41498,22.91636],[110.47112,22.8555],[110.44093,22.79834],[110.46336,22.76055],[110.48178,22.76127],[110.48492,22.73225],[110.52217,22.71664],[110.50938,22.65953],[110.53321,22.61708],[110.62988,22.55566],[110.62271,22.50466],[110.63918,22.46282],[110.67816,22.47693]]]}},{"type":"Feature","id":"CTAMAP-2019-COUNTY-0117","properties":{"map_level":"county","source_name":"宾阳县","source_code":"450126","county_type":"县","prefecture_name":"南宁市","prefecture_code":"450100","prefecture_type":"地级市","parent_entity_id":"CNUR-000217","parent_year_end_name":"南宁市","province_name":"广西壮族自治区","province_code":"450000","snapshot_year":2019,"panel_year":2018,"link_status":"parent_linked","former_name":"","note":""},"geometry":{"type":"Polygon","coordinates":[[[109.21278,23.29949],[109.237,23.28717],[109.2089,23.27489],[109.25591,23.21335],[109.23551,23.15161],[109.24554,23.13474],[109.19196,23.10829],[109.18676,23.06841],[109.16093,23.07567],[109.12713,23.05493],[109.13988,23.03373],[109.11817,23.00261],[109.07045,22.98801],[109.07322,22.93268],[109.02772,22.93399],[109.02176,22.91959],[108.98081,22.94838],[108.96391,22.94399],[108.95856,22.91417],[108.89785,22.91052],[108.87635,22.97779],[108.85224,22.95768],[108.81151,22.98205],[108.77781,22.9694],[108.76628,23.00136],[108.77557,23.02171],[108.72075,23.05639],[108.71985,23.08388],[108.69643,23.10249],[108.67691,23.09202],[108.53422,23.13666],[108.58813,23.20649],[108.61447,23.19874],[108.63436,23.21656],[108.67737,23.20043],[108.68618,23.23495],[108.72648,23.26762],[108.71506,23.29409],[108.7243,23.31724],[108.75333,23.34828],[108.79744,23.34772],[108.82752,23.36923],[108.83326,23.39282],[108.86016,23.40195],[108.84839,23.42059],[108.86454,23.44825],[108.90866,23.43042],[108.91133,23.39435],[108.93462,23.36292],[108.96214,23.35672],[108.96404,23.37312],[108.98444,23.35179],[109.04615,23.35586],[109.05265,23.3253],[109.09458,23.3464],[109.08196,23.31796],[109.10539,23.29394],[109.12763,23.28867],[109.13952,23.30279],[109.19365,23.26915],[109.2033,23.27596],[109.18857,23.28638],[109.21278,23.29949]]]}},{"type":"Feature","id":"CTAMAP-2019-COUNTY-0128","properties":{"map_level":"county","source_name":"博白县","source_code":"450923","county_type":"县","prefecture_name":"玉林市","prefecture_code":"450900","prefecture_type":"地级市","parent_entity_id":"CNUR-000225","parent_year_end_name":"玉林市","province_name":"广西壮族自治区","province_code":"450000","snapshot_year":2019,"panel_year":2018,"link_status":"parent_linked","former_name":"","note":""},"geometry":{"type":"Polygon","coordinates":[[[110.14997,22.36213],[110.15551,22.33523],[110.19962,22.30625],[110.08012,22.23012],[110.09985,22.2276],[110.12227,22.19737],[110.1303,22.14178],[110.15825,22.14272],[110.14587,22.09831],[110.15055,22.07576],[110.18473,22.05704],[110.173,22.0295],[110.19306,21.96068],[110.28605,21.9205],[110.27935,21.89492],[110.22861,21.88147],[110.17784,21.90225],[110.13489,21.88677],[110.1196,21.90526],[110.10339,21.87332],[110.09139,21.88852],[110.04908,21.85935],[109.98304,21.88239],[109.94084,21.8489],[109.92707,21.75488],[109.93772,21.74129],[109.90141,21.69653],[109.91162,21.67177],[109.89893,21.65562],[109.83532,21.63938],[109.80594,21.64789],[109.79676,21.62978],[109.77035,21.6756],[109.74418,21.65539],[109.71831,21.67392],[109.69386,21.66851],[109.68496,21.76804],[109.70425,21.8038],[109.69375,21.80742],[109.70056,21.89706],[109.65525,21.89585],[109.6321,21.91079],[109.61656,21.89868],[109.60105,21.93384],[109.59036,21.92272],[109.59624,21.94671],[109.57077,21.97328],[109.59184,21.9743],[109.56645,22.05148],[109.57552,22.06898],[109.54035,22.1044],[109.55358,22.18891],[109.57733,22.19945],[109.5887,22.30707],[109.6395,22.32126],[109.67556,22.30315],[109.65985,22.32877],[109.72376,22.36009],[109.72804,22.38476],[109.77546,22.32526],[109.80813,22.3102],[109.84274,22.31957],[109.85021,22.34653],[109.83481,22.35739],[109.85882,22.38512],[109.85073,22.408],[109.80462,22.4399],[109.83054,22.47461],[109.84743,22.45467],[109.8846,22.46063],[109.93018,22.43344],[109.91476,22.41361],[109.92778,22.37745],[109.98958,22.37722],[110.01544,22.35268],[110.09639,22.32493],[110.12133,22.35842],[110.14997,22.36213]]]}},{"type":"Feature","id":"CTAMAP-2019-COUNTY-0141","properties":{"map_level":"county","source_name":"苍梧县","source_code":"450421","county_type":"县","prefecture_name":"梧州市","prefecture_code":"450400","prefecture_type":"地级市","parent_entity_id":"CNUR-000220","parent_year_end_name":"梧州市","province_name":"广西壮族自治区","province_code":"450000","snapshot_year":2019,"panel_year":2018,"link_status":"parent_linked","former_name":"","note":"2013年拆分苍梧县的4个镇，划归龙圩区管辖"},"geometry":{"type":"Polygon","coordinates":[[[111.50812,24.17055],[111.54743,24.14215],[111.57059,24.14619],[111.56729,24.1069],[111.58568,24.09254],[111.53115,24.04973],[111.54313,24.0],[111.58633,23.99594],[111.59251,23.97385],[111.62675,23.96628],[111.65065,23.92814],[111.64926,23.82585],[111.62295,23.79145],[111.62467,23.74419],[111.61226,23.73628],[111.63744,23.71679],[111.66142,23.72081],[111.66016,23.70269],[111.61999,23.67878],[111.61068,23.64175],[111.48176,23.62917],[111.48446,23.56463],[111.43863,23.56018],[111.40136,23.5298],[111.37876,23.53384],[111.369,23.54933],[111.32266,23.55129],[111.33465,23.60146],[111.32107,23.6799],[111.34275,23.68412],[111.33963,23.70928],[111.31733,23.73696],[111.25037,23.73372],[111.21279,23.70187],[111.21276,23.66603],[111.14722,23.66287],[111.12508,23.64951],[111.12433,23.62307],[111.08013,23.6535],[111.07323,23.63909],[111.05209,23.6479],[111.01529,23.62994],[111.02925,23.58447],[111.07389,23.55534],[111.08494,23.52992],[111.19738,23.4851],[111.15005,23.43063],[111.09576,23.45391],[111.01507,23.43204],[110.97136,23.43674],[110.94648,23.48413],[110.92383,23.49167],[110.93637,23.51157],[110.92856,23.52988],[110.88627,23.47087],[110.8787,23.48176],[110.89166,23.49095],[110.84815,23.53475],[110.87611,23.55629],[110.86246,23.57317],[110.88043,23.60665],[110.9638,23.66518],[110.95152,23.72219],[110.97812,23.72573],[110.98075,23.77118],[111.00036,23.75978],[111.02132,23.78116],[111.00916,23.81725],[111.03128,23.80775],[111.05378,23.83174],[111.07803,23.83061],[111.09892,23.88584],[111.1244,23.89271],[111.16719,23.94955],[111.2021,23.94693],[111.24032,23.88759],[111.28402,23.88715],[111.30785,23.86746],[111.3615,23.87316],[111.35587,23.89175],[111.39123,23.9096],[111.41157,23.94541],[111.38929,24.02235],[111.40321,24.04829],[111.39727,24.07745],[111.48005,24.09896],[111.47789,24.13064],[111.49674,24.13809],[111.48636,24.15542],[111.50812,24.17055]]]}},{"type":"Feature","id":"CTAMAP-2019-COUNTY-0150","properties":{"map_level":"county","source_name":"岑溪市","source_code":"450481","county_type":"县级市","prefecture_name":"梧州市","prefecture_code":"450400","prefecture_type":"地级市","parent_entity_id":"CNUR-000220","parent_year_end_name":"梧州市","province_name":"广西壮族自治区","province_code":"450000","snapshot_year":2019,"panel_year":2018,"link_status":"parent_linked","former_name":"","note":""},"geometry":{"type":"Polygon","coordinates":[[[111.11279,23.15696],[111.12325,23.11978],[111.20866,23.13523],[111.21358,23.11306],[111.24486,23.09914],[111.2292,23.06648],[111.2796,23.06085],[111.29111,23.00992],[111.34788,23.00522],[111.37014,22.92768],[111.28423,22.80651],[111.2519,22.79729],[111.21428,22.75112],[111.0533,22.73306],[111.08501,22.69649],[111.05045,22.65068],[111.02213,22.6541],[110.99211,22.63384],[110.95324,22.63962],[110.94442,22.61255],[110.89243,22.61713],[110.84151,22.70802],[110.78039,22.72806],[110.78707,22.74247],[110.76923,22.76692],[110.79703,22.84844],[110.78673,22.86135],[110.74998,22.85224],[110.71878,22.9048],[110.73631,22.95221],[110.7647,22.95872],[110.74679,22.97513],[110.75359,23.02463],[110.73531,23.06111],[110.75439,23.06311],[110.75576,23.09095],[110.80207,23.1274],[110.83382,23.12998],[110.85868,23.10665],[110.84529,23.16402],[110.86225,23.18791],[110.90618,23.19011],[110.92608,23.20898],[110.96246,23.20666],[110.95872,23.17269],[110.97615,23.15489],[111.0342,23.15532],[111.05477,23.17401],[111.06917,23.15564],[111.11279,23.15696]]]}},{"type":"Feature","id":"CTAMAP-2019-COUNTY-0246","properties":{"map_level":"county","source_name":"大化瑶族自治县","source_code":"451229","county_type":"自治县","prefecture_name":"河池市","prefecture_code":"451200","prefecture_type":"地级市","parent_entity_id":"CNUR-000228","parent_year_end_name":"河池市","province_name":"广西壮族自治区","province_code":"450000","snapshot_year":2019,"panel_year":2018,"link_status":"parent_linked","former_name":"","note":""},"geometry":{"type":"MultiPolygon","coordinates":[[[[107.76055,24.36731],[107.77463,24.36061],[107.76331,24.32476],[107.78784,24.31472],[107.77263,24.27084],[107.78325,24.25205],[107.76995,24.19722],[107.78596,24.18615],[107.77443,24.17303],[107.77916,24.1612],[107.81456,24.1642],[107.7774,24.11367],[107.77314,24.07634],[107.79732,24.07304],[107.79276,24.05907],[107.81888,24.03905],[107.83408,24.04754],[107.83171,24.02384],[107.88093,24.02759],[107.89973,24.01429],[107.89021,24.00236],[107.90991,23.98228],[107.85754,23.95683],[107.87339,23.94291],[107.85852,23.93162],[107.87999,23.91487],[107.92974,23.92591],[107.93128,23.90931],[107.98117,23.89732],[107.98711,23.88722],[107.96576,23.87922],[107.97817,23.87996],[107.98298,23.84974],[107.9614,23.83781],[108.02326,23.83173],[108.03959,23.79424],[108.0126,23.76252],[108.03435,23.71013],[107.99231,23.67096],[107.99187,23.63958],[107.96688,23.62876],[107.93543,23.66257],[107.86798,23.60153],[107.81717,23.61039],[107.78936,23.56888],[107.7533,23.57546],[107.71614,23.55659],[107.69959,23.58687],[107.7036,23.63295],[107.77076,23.6767],[107.79486,23.66104],[107.81883,23.67774],[107.82942,23.7188],[107.80913,23.75547],[107.78432,23.77027],[107.74837,23.76129],[107.7321,23.78664],[107.74903,23.79585],[107.7392,23.80268],[107.69546,23.79402],[107.67248,23.80795],[107.63832,23.77681],[107.56753,23.8036],[107.568,23.83886],[107.54204,23.84112],[107.52452,23.8631],[107.54639,23.88504],[107.51451,23.8957],[107.48945,23.87225],[107.46299,23.89453],[107.47343,23.94013],[107.44752,23.94386],[107.42383,23.98965],[107.39616,23.98983],[107.35233,24.1237],[107.3325,24.13624],[107.37282,24.16869],[107.40242,24.12392],[107.43473,24.15532],[107.46108,24.14487],[107.48345,24.16452],[107.51154,24.16185],[107.53423,24.18416],[107.53843,24.22626],[107.55994,24.24273],[107.52747,24.27996],[107.55055,24.25956],[107.56986,24.27882],[107.57778,24.25775],[107.59343,24.26049],[107.59146,24.28138],[107.56542,24.28878],[107.55393,24.31158],[107.59221,24.30527],[107.59805,24.26278],[107.61278,24.26145],[107.62333,24.31008],[107.64285,24.31464],[107.63716,24.3392],[107.65407,24.33974],[107.66215,24.32205],[107.76055,24.36731]]],[[[107.55821,24.35226],[107.58686,24.33221],[107.57016,24.31884],[107.54421,24.33639],[107.5295,24.32572],[107.55821,24.35226]]]]}},{"type":"Feature","id":"CTAMAP-2019-COUNTY-0260","properties":{"map_level":"county","source_name":"大新县","source_code":"451424","county_type":"县","prefecture_name":"崇左市","prefecture_code":"451400","prefecture_type":"地级市","parent_entity_id":"CNUR-000230","parent_year_end_name":"崇左市","province_name":"广西壮族自治区","province_code":"450000","snapshot_year":2019,"panel_year":2018,"link_status":"parent_linked","former_name":"","note":""},"geometry":{"type":"Polygon","coordinates":[[[107.35053,23.08398],[107.33228,23.05138],[107.35682,23.03495],[107.43984,23.05457],[107.47273,23.03518],[107.4967,22.9814],[107.49565,22.93751],[107.47179,22.92598],[107.49563,22.85756],[107.47669,22.85232],[107.47954,22.8309],[107.43968,22.84668],[107.42492,22.83721],[107.41102,22.82171],[107.42822,22.80613],[107.414,22.75915],[107.39315,22.77002],[107.37574,22.75238],[107.39478,22.73959],[107.3916,22.72285],[107.3634,22.71864],[107.30998,22.67754],[107.31202,22.65131],[107.33241,22.64354],[107.32153,22.59296],[107.34979,22.57974],[107.32391,22.52741],[107.32133,22.54729],[107.28126,22.54401],[107.25468,22.57461],[107.2478,22.63575],[107.27959,22.66372],[107.23048,22.64726],[107.22226,22.66449],[107.20314,22.61767],[107.17668,22.61653],[107.12773,22.58607],[107.12177,22.56092],[107.0971,22.55948],[107.12568,22.53707],[107.13241,22.50083],[107.07354,22.49901],[107.06855,22.52719],[107.03858,22.53032],[107.03413,22.55289],[107.00498,22.56886],[107.00927,22.59715],[106.95674,22.6253],[106.93066,22.61275],[106.90843,22.62177],[106.82701,22.70592],[106.81167,22.70564],[106.79552,22.74066],[106.77028,22.74626],[106.78349,22.77108],[106.82938,22.79197],[106.82165,22.81371],[106.76509,22.81121],[106.76895,22.82666],[106.72282,22.85541],[106.70709,22.88875],[106.66204,22.89421],[106.67722,22.92597],[106.7154,22.94573],[106.71567,22.9652],[106.74101,22.96996],[106.76179,23.00545],[106.79638,23.0214],[106.79064,23.04923],[106.83646,23.09978],[106.83058,23.06123],[106.84728,23.06541],[106.8563,23.02292],[106.88671,22.99514],[106.88177,22.97423],[106.82021,22.94049],[106.81807,22.91729],[106.82358,22.90507],[106.84197,22.91008],[106.86602,22.85067],[106.90221,22.83141],[106.96782,22.85153],[106.98827,22.84118],[106.9872,22.86309],[107.01134,22.87663],[107.0481,22.86825],[107.04763,22.9079],[107.07209,22.92388],[107.10559,22.91288],[107.09788,22.93047],[107.11356,22.94454],[107.14992,22.94641],[107.15206,22.96408],[107.13135,22.9653],[107.14239,22.98296],[107.21772,23.00399],[107.25038,22.988],[107.27216,23.00919],[107.2436,23.02828],[107.28199,23.05207],[107.27491,23.06629],[107.35053,23.08398]]]}},{"type":"Feature","id":"CTAMAP-2019-COUNTY-0295","properties":{"map_level":"county","source_name":"德保县","source_code":"451024","county_type":"县","prefecture_name":"百色市","prefecture_code":"451000","prefecture_type":"地级市","parent_entity_id":"CNUR-000226","parent_year_end_name":"百色市","province_name":"广西壮族自治区","province_code":"450000","snapshot_year":2019,"panel_year":2018,"link_status":"parent_linked","former_name":"","note":""},"geometry":{"type":"Polygon","coordinates":[[[106.38947,23.65752],[106.38801,23.6338],[106.40081,23.63266],[106.39796,23.64951],[106.4087,23.63484],[106.37305,23.61271],[106.41224,23.61448],[106.39517,23.57002],[106.46292,23.54551],[106.45107,23.49567],[106.47247,23.48589],[106.52164,23.5096],[106.6437,23.48758],[106.63684,23.50386],[106.67344,23.533],[106.70642,23.49528],[106.74153,23.48603],[106.90371,23.4899],[106.89091,23.46278],[106.92378,23.43583],[106.92227,23.3928],[106.95197,23.35337],[106.99402,23.33687],[106.99086,23.30291],[106.93576,23.30799],[106.93487,23.27955],[106.9128,23.26631],[106.91949,23.24257],[106.8992,23.22306],[106.87597,23.22758],[106.83413,23.19623],[106.76583,23.17913],[106.78822,23.15876],[106.7628,23.13285],[106.77651,23.10745],[106.76285,23.08218],[106.783,23.06903],[106.71861,23.02757],[106.69274,23.01916],[106.68931,23.04134],[106.66054,23.03569],[106.64779,23.0773],[106.62048,23.08384],[106.59633,23.13808],[106.64287,23.16979],[106.6248,23.18701],[106.5732,23.19159],[106.56519,23.22686],[106.54746,23.23278],[106.54674,23.28282],[106.52564,23.30028],[106.49555,23.2747],[106.42492,23.27888],[106.40787,23.31256],[106.42166,23.35267],[106.38668,23.38398],[106.36542,23.38284],[106.36086,23.40122],[106.32091,23.37496],[106.2923,23.40722],[106.26209,23.39262],[106.24861,23.42198],[106.19981,23.43144],[106.14798,23.47318],[106.15201,23.49644],[106.17553,23.49824],[106.19318,23.53436],[106.19618,23.56518],[106.16136,23.59449],[106.17704,23.62224],[106.2305,23.61458],[106.24317,23.66759],[106.31819,23.65926],[106.35945,23.67648],[106.38947,23.65752]]]}},{"type":"Feature","id":"CTAMAP-2019-COUNTY-0316","properties":{"map_level":"county","source_name":"叠彩区","source_code":"450303","county_type":"市辖区","prefecture_name":"桂林市","prefecture_code":"450300","prefecture_type":"地级市","parent_entity_id":"CNUR-000219","parent_year_end_name":"桂林市","province_name":"广西壮族自治区","province_code":"450000","snapshot_year":2019,"panel_year":2018,"link_status":"parent_linked","former_name":"","note":""},"geometry":{"type":"Polygon","coordinates":[[[110.37728,25.30241],[110.33479,25.28936],[110.31331,25.309],[110.30062,25.28571],[110.2725,25.30385],[110.34143,25.3614],[110.38267,25.32818],[110.37728,25.30241]]]}},{"type":"Feature","id":"CTAMAP-2019-COUNTY-0348","properties":{"map_level":"county","source_name":"东兰县","source_code":"451224","county_type":"县","prefecture_name":"河池市","prefecture_code":"451200","prefecture_type":"地级市","parent_entity_id":"CNUR-000228","parent_year_end_name":"河池市","province_name":"广西壮族自治区","province_code":"450000","snapshot_year":2019,"panel_year":2018,"link_status":"parent_linked","former_name":"","note":""},"geometry":{"type":"Polygon","coordinates":[[[107.56247,24.69636],[107.55222,24.64052],[107.61065,24.58297],[107.62369,24.58694],[107.62513,24.56778],[107.64101,24.56988],[107.63515,24.51882],[107.65806,24.50716],[107.65862,24.45518],[107.67678,24.42322],[107.66867,24.40371],[107.71,24.40226],[107.72827,24.35674],[107.66215,24.32205],[107.65407,24.33974],[107.63716,24.3392],[107.64285,24.31464],[107.62333,24.31008],[107.61278,24.26145],[107.59805,24.26278],[107.59221,24.30527],[107.5611,24.31519],[107.55243,24.30907],[107.59146,24.28138],[107.59343,24.26049],[107.57778,24.25775],[107.56986,24.27882],[107.55055,24.25956],[107.53021,24.28189],[107.55952,24.2478],[107.55312,24.23287],[107.52855,24.22977],[107.52682,24.25321],[107.50343,24.26471],[107.5194,24.28083],[107.49159,24.28004],[107.48486,24.25258],[107.46672,24.2608],[107.4728,24.28033],[107.44508,24.29118],[107.42127,24.2639],[107.43542,24.23838],[107.42132,24.22371],[107.38628,24.22636],[107.38195,24.25097],[107.32587,24.23007],[107.28284,24.25466],[107.27257,24.33062],[107.24212,24.33027],[107.26189,24.35766],[107.23507,24.36285],[107.24842,24.37655],[107.18433,24.35593],[107.1699,24.36877],[107.14224,24.36211],[107.1291,24.41291],[107.09918,24.40799],[107.12428,24.43977],[107.10267,24.45208],[107.15993,24.48582],[107.16971,24.50936],[107.20278,24.52997],[107.28282,24.53765],[107.27511,24.57183],[107.23029,24.62883],[107.22682,24.75016],[107.20791,24.74823],[107.20536,24.77143],[107.09729,24.74433],[107.08604,24.77346],[107.11055,24.81898],[107.16547,24.81582],[107.22208,24.84193],[107.24546,24.82596],[107.31493,24.85044],[107.33973,24.80728],[107.32731,24.79069],[107.34171,24.76633],[107.33725,24.72964],[107.36092,24.70667],[107.39421,24.70518],[107.40915,24.74363],[107.4472,24.76011],[107.48604,24.73322],[107.51511,24.7416],[107.56247,24.69636]],[[107.58686,24.33221],[107.55821,24.35226],[107.5295,24.32572],[107.54421,24.33639],[107.57016,24.31884],[107.58686,24.33221]]]}},{"type":"Feature","id":"CTAMAP-2019-COUNTY-0364","properties":{"map_level":"county","source_name":"东兴市","source_code":"450681","county_type":"县级市","prefecture_name":"防城港市","prefecture_code":"450600","prefecture_type":"地级市","parent_entity_id":"CNUR-000222","parent_year_end_name":"防城港市","province_name":"广西壮族自治区","province_code":"450000","snapshot_year":2019,"panel_year":2018,"link_status":"parent_linked","former_name":"","note":""},"geometry":{"type":"Polygon","coordinates":[[[108.20532,21.66308],[108.2082,21.60451],[108.16629,21.60288],[108.17477,21.58292],[108.13704,21.57372],[108.18881,21.53386],[108.12137,21.51738],[108.13093,21.53562],[108.10438,21.53191],[108.08627,21.55123],[108.07206,21.53445],[108.02456,21.55009],[107.95521,21.53656],[107.94276,21.56967],[107.88793,21.60149],[107.88246,21.62957],[107.90624,21.64245],[107.9356,21.72568],[107.99122,21.72113],[108.04175,21.67774],[108.07474,21.66151],[108.09198,21.67424],[108.11072,21.6527],[108.13278,21.66284],[108.12979,21.69208],[108.1949,21.71901],[108.2178,21.68684],[108.20532,21.66308]]]}},{"type":"Feature","id":"CTAMAP-2019-COUNTY-0372","properties":{"map_level":"county","source_name":"都安瑶族自治县","source_code":"451228","county_type":"自治县","prefecture_name":"河池市","prefecture_code":"451200","prefecture_type":"地级市","parent_entity_id":"CNUR-000228","parent_year_end_name":"河池市","province_name":"广西壮族自治区","province_code":"450000","snapshot_year":2019,"panel_year":2018,"link_status":"parent_linked","former_name":"","note":""},"geometry":{"type":"Polygon","coordinates":[[[108.05421,24.55215],[108.04323,24.53928],[108.08757,24.50398],[108.0705,24.46221],[108.11702,24.4255],[108.11582,24.40355],[108.19165,24.38741],[108.20106,24.3998],[108.1814,24.43197],[108.1949,24.43632],[108.24637,24.39933],[108.26209,24.41978],[108.28113,24.401],[108.31042,24.40302],[108.31692,24.36543],[108.33755,24.35887],[108.3282,24.33987],[108.39366,24.3302],[108.37566,24.29278],[108.41662,24.29164],[108.41704,24.31103],[108.42928,24.30888],[108.48673,24.24585],[108.47814,24.21297],[108.49288,24.19334],[108.46721,24.15998],[108.49666,24.11205],[108.48123,24.1018],[108.50679,24.03203],[108.45354,24.0124],[108.44146,24.03082],[108.40773,24.03382],[108.36381,24.01038],[108.36594,23.9856],[108.35061,23.97181],[108.36265,23.92642],[108.30894,23.90014],[108.28642,23.85004],[108.30507,23.84185],[108.27503,23.80062],[108.26033,23.82012],[108.25262,23.80609],[108.2483,23.81687],[108.22867,23.80958],[108.21777,23.85759],[108.19902,23.87426],[108.17428,23.85144],[108.17613,23.82602],[108.12789,23.85522],[108.09062,23.79811],[108.03959,23.79424],[108.02326,23.83173],[107.9614,23.83781],[107.98298,23.84974],[107.97817,23.87996],[107.96576,23.87922],[107.98711,23.88722],[107.98117,23.89732],[107.93128,23.90931],[107.92974,23.92591],[107.87999,23.91487],[107.85852,23.93162],[107.87339,23.94291],[107.85754,23.95683],[107.90991,23.98228],[107.89021,24.00236],[107.89973,24.01429],[107.88093,24.02759],[107.83171,24.02384],[107.83408,24.04754],[107.81888,24.03905],[107.79276,24.05907],[107.79732,24.07304],[107.77314,24.07634],[107.7774,24.11367],[107.81456,24.1642],[107.77916,24.1612],[107.77443,24.17303],[107.78596,24.18615],[107.76995,24.19722],[107.78325,24.25205],[107.77263,24.27084],[107.78784,24.31472],[107.76331,24.32476],[107.77463,24.36061],[107.76055,24.36731],[107.76519,24.39864],[107.80204,24.42248],[107.80648,24.40468],[107.8297,24.41152],[107.84695,24.37596],[107.87554,24.41693],[107.89294,24.41511],[107.86455,24.47517],[107.93122,24.49565],[107.94028,24.55578],[107.92882,24.58001],[107.98978,24.58021],[108.05421,24.55215]]]}},{"type":"Feature","id":"CTAMAP-2019-COUNTY-0415","properties":{"map_level":"county","source_name":"防城区","source_code":"450603","county_type":"市辖区","prefecture_name":"防城港市","prefecture_code":"450600","prefecture_type":"地级市","parent_entity_id":"CNUR-000222","parent_year_end_name":"防城港市","province_name":"广西壮族自治区","province_code":"450000","snapshot_year":2019,"panel_year":2018,"link_status":"parent_linked","former_name":"","note":""},"geometry":{"type":"MultiPolygon","coordinates":[[[[108.19248,22.00424],[108.20752,21.97902],[108.23613,21.97153],[108.25166,21.92823],[108.2888,21.90539],[108.38591,21.9317],[108.44978,21.91078],[108.46544,21.88961],[108.46092,21.85224],[108.50327,21.81332],[108.51395,21.7794],[108.50219,21.73196],[108.45618,21.74909],[108.41599,21.72632],[108.41174,21.70742],[108.33511,21.71213],[108.33178,21.65906],[108.32936,21.68729],[108.31472,21.66718],[108.31992,21.61888],[108.30019,21.59729],[108.32214,21.59982],[108.32325,21.58826],[108.29354,21.5399],[108.21088,21.50583],[108.27115,21.5971],[108.25104,21.58915],[108.24462,21.61889],[108.21323,21.62867],[108.20532,21.66308],[108.2178,21.68684],[108.1949,21.71901],[108.12979,21.69208],[108.13278,21.66284],[108.11072,21.6527],[108.09198,21.67424],[108.07474,21.66151],[108.04175,21.67774],[107.99122,21.72113],[107.9356,21.72568],[107.90624,21.64245],[107.88246,21.62957],[107.85817,21.65473],[107.8417,21.64138],[107.81463,21.65873],[107.68215,21.60549],[107.60034,21.59426],[107.57733,21.61818],[107.54293,21.58937],[107.48254,21.59853],[107.49801,21.61464],[107.4788,21.65563],[107.50137,21.66574],[107.49369,21.67867],[107.53723,21.72226],[107.62704,21.75736],[107.64754,21.74516],[107.70453,21.76059],[107.70723,21.79035],[107.75898,21.81693],[107.8197,21.81124],[107.89062,21.83569],[107.88519,21.86839],[108.04538,21.90773],[108.15984,21.99196],[108.18221,21.98481],[108.19248,22.00424]]],[[[108.34923,21.66901],[108.34408,21.67155],[108.34754,21.67503],[108.34923,21.66901]]]]}},{"type":"Feature","id":"CTAMAP-2019-COUNTY-0445","properties":{"map_level":"county","source_name":"凤山县","source_code":"451223","county_type":"县","prefecture_name":"河池市","prefecture_code":"451200","prefecture_type":"地级市","parent_entity_id":"CNUR-000228","parent_year_end_name":"河池市","province_name":"广西壮族自治区","province_code":"450000","snapshot_year":2019,"panel_year":2018,"link_status":"parent_linked","former_name":"","note":""},"geometry":{"type":"MultiPolygon","coordinates":[[[[107.08815,24.77676],[107.09729,24.74433],[107.20536,24.77143],[107.20791,24.74823],[107.22682,24.75016],[107.23029,24.62883],[107.27511,24.57183],[107.2828,24.53733],[107.20278,24.52997],[107.16971,24.50936],[107.15993,24.48582],[107.10267,24.45208],[107.12453,24.4442],[107.09594,24.41586],[107.13039,24.41153],[107.11925,24.37264],[107.07371,24.38058],[107.04637,24.34484],[106.99542,24.34447],[106.99223,24.31962],[106.95329,24.29638],[106.95325,24.27019],[106.92266,24.2573],[106.89541,24.26705],[106.90506,24.28334],[106.87628,24.31527],[106.89873,24.34144],[106.87969,24.36044],[106.89896,24.37699],[106.88522,24.40829],[106.87537,24.39163],[106.84093,24.40923],[106.83079,24.44166],[106.79754,24.45943],[106.81853,24.48509],[106.79742,24.50114],[106.80246,24.51355],[106.76721,24.51404],[106.75691,24.53308],[106.77422,24.58824],[106.76293,24.61208],[106.72958,24.62352],[106.68603,24.60065],[106.68671,24.62139],[106.71516,24.6495],[106.80433,24.66719],[106.91325,24.60704],[106.94128,24.62677],[106.93,24.76192],[106.94562,24.77038],[106.98009,24.73318],[107.00063,24.73861],[107.01486,24.72367],[106.98402,24.77512],[107.01445,24.78811],[107.01589,24.82464],[107.03215,24.82074],[107.05828,24.76873],[107.08815,24.77676]]],[[[107.12936,24.37793],[107.14175,24.36837],[107.12433,24.36563],[107.12936,24.37793]]]]}},{"type":"Feature","id":"CTAMAP-2019-COUNTY-0456","properties":{"map_level":"county","source_name":"扶绥县","source_code":"451421","county_type":"县","prefecture_name":"崇左市","prefecture_code":"451400","prefecture_type":"地级市","parent_entity_id":"CNUR-000230","parent_year_end_name":"崇左市","province_name":"广西壮族自治区","province_code":"450000","snapshot_year":2019,"panel_year":2018,"link_status":"parent_linked","former_name":"","note":""},"geometry":{"type":"Polygon","coordinates":[[[107.74054,22.9479],[107.79292,22.88136],[107.85405,22.88064],[107.87679,22.84946],[107.96092,22.84649],[107.97298,22.79191],[108.02591,22.78875],[107.99465,22.69472],[108.03651,22.65913],[108.0679,22.6731],[108.08257,22.70453],[108.09919,22.64614],[108.08071,22.62475],[108.00086,22.61004],[107.98982,22.58177],[108.01207,22.54508],[107.98187,22.50331],[108.06059,22.45971],[108.08342,22.4611],[108.08269,22.40794],[108.11157,22.39119],[108.06742,22.35806],[108.04531,22.36077],[108.02552,22.33621],[107.98479,22.3281],[107.98266,22.29961],[107.94072,22.27125],[107.94931,22.25159],[107.92261,22.25606],[107.8994,22.21086],[107.81557,22.22119],[107.74386,22.20776],[107.72473,22.1895],[107.59863,22.18562],[107.5754,22.20198],[107.58491,22.21584],[107.5586,22.22989],[107.55152,22.26233],[107.60365,22.29238],[107.61723,22.28445],[107.62347,22.29914],[107.60312,22.32557],[107.64115,22.33378],[107.64362,22.39244],[107.60501,22.40912],[107.59609,22.43115],[107.53751,22.45017],[107.5189,22.50264],[107.52452,22.51454],[107.5447,22.50505],[107.54798,22.53359],[107.5981,22.54262],[107.5869,22.56129],[107.6102,22.57492],[107.64831,22.58736],[107.6404,22.56845],[107.66429,22.55185],[107.68262,22.57198],[107.71294,22.57548],[107.69265,22.59889],[107.7373,22.63395],[107.73983,22.66574],[107.79351,22.6693],[107.77995,22.69739],[107.7391,22.70942],[107.72828,22.75533],[107.69264,22.80124],[107.70555,22.83949],[107.6878,22.86453],[107.69953,22.88129],[107.62994,22.93856],[107.70866,22.95406],[107.74054,22.9479]]]}},{"type":"Feature","id":"CTAMAP-2019-COUNTY-0469","properties":{"map_level":"county","source_name":"福绵区","source_code":"450903","county_type":"市辖区","prefecture_name":"玉林市","prefecture_code":"450900","prefecture_type":"地级市","parent_entity_id":"CNUR-000225","parent_year_end_name":"玉林市","province_name":"广西壮族自治区","province_code":"450000","snapshot_year":2019,"panel_year":2018,"link_status":"parent_linked","former_name":"","note":""},"geometry":{"type":"Polygon","coordinates":[[[109.99399,22.63677],[109.99917,22.62167],[110.09074,22.62041],[110.10418,22.57043],[110.14325,22.56833],[110.15291,22.54564],[110.12396,22.52938],[110.15374,22.49577],[110.12907,22.46209],[110.17316,22.38987],[110.14748,22.35689],[110.12133,22.35842],[110.10106,22.32583],[110.0532,22.3502],[110.04665,22.33793],[109.98958,22.37722],[109.927,22.37785],[109.91476,22.41361],[109.93018,22.43344],[109.8846,22.46063],[109.8471,22.45481],[109.8267,22.47896],[109.86504,22.5173],[109.84006,22.58462],[109.81139,22.60207],[109.81649,22.62099],[109.99399,22.63677]]]}},{"type":"Feature","id":"CTAMAP-2019-COUNTY-0485","properties":{"map_level":"county","source_name":"富川瑶族自治县","source_code":"451123","county_type":"自治县","prefecture_name":"贺州市","prefecture_code":"451100","prefecture_type":"地级市","parent_entity_id":"CNUR-000227","parent_year_end_name":"贺州市","province_name":"广西壮族自治区","province_code":"450000","snapshot_year":2019,"panel_year":2018,"link_status":"parent_linked","former_name":"","note":""},"geometry":{"type":"Polygon","coordinates":[[[111.4653,25.03452],[111.4581,24.99946],[111.42858,24.97016],[111.46152,24.93548],[111.44616,24.90375],[111.46044,24.88797],[111.44986,24.85324],[111.48147,24.80376],[111.45884,24.73271],[111.42516,24.68925],[111.44763,24.66559],[111.46788,24.67782],[111.49782,24.66807],[111.39385,24.62492],[111.35375,24.65649],[111.24015,24.65551],[111.2434,24.67007],[111.1857,24.71846],[111.1727,24.74944],[111.15685,24.82839],[111.16656,24.90548],[111.11472,24.90018],[111.09127,24.93921],[111.10274,25.04115],[111.19759,25.07426],[111.22477,25.1202],[111.2669,25.15134],[111.33099,25.10296],[111.39911,25.12857],[111.4029,25.10908],[111.42493,25.10692],[111.41318,25.04317],[111.4653,25.03452]]]}},{"type":"Feature","id":"CTAMAP-2019-COUNTY-0512","properties":{"map_level":"county","source_name":"港北区","source_code":"450802","county_type":"市辖区","prefecture_name":"贵港市","prefecture_code":"450800","prefecture_type":"地级市","parent_entity_id":"CNUR-000224","parent_year_end_name":"贵港市","province_name":"广西壮族自治区","province_code":"450000","snapshot_year":2019,"panel_year":2018,"link_status":"parent_linked","former_name":"","note":""},"geometry":{"type":"Polygon","coordinates":[[[109.66068,23.42939],[109.72858,23.39306],[109.75533,23.35132],[109.76763,23.36192],[109.79468,23.31458],[109.82031,23.31175],[109.82067,23.24612],[109.80342,23.23343],[109.81811,23.22565],[109.80275,23.21414],[109.82565,23.17606],[109.80706,23.16061],[109.86489,23.09968],[109.82822,23.09958],[109.8091,23.07581],[109.78132,23.0729],[109.75779,23.07837],[109.73442,23.11167],[109.71006,23.09647],[109.66531,23.10482],[109.63308,23.07809],[109.60366,23.08785],[109.54064,23.0386],[109.46514,23.04683],[109.46221,23.06679],[109.48329,23.07174],[109.4727,23.11032],[109.48827,23.11484],[109.47397,23.11931],[109.48715,23.15407],[109.43595,23.17579],[109.45289,23.21346],[109.44154,23.2218],[109.50923,23.23448],[109.51323,23.28012],[109.64328,23.42489],[109.66068,23.42939]]]}},{"type":"Feature","id":"CTAMAP-2019-COUNTY-0513","properties":{"map_level":"county","source_name":"港口区","source_code":"450602","county_type":"市辖区","prefecture_name":"防城港市","prefecture_code":"450600","prefecture_type":"地级市","parent_entity_id":"CNUR-000222","parent_year_end_name":"防城港市","province_name":"广西壮族自治区","province_code":"450000","snapshot_year":2019,"panel_year":2018,"link_status":"parent_linked","former_name":"","note":""},"geometry":{"type":"MultiPolygon","coordinates":[[[[108.50219,21.73196],[108.51819,21.7069],[108.54815,21.72297],[108.52891,21.68881],[108.56162,21.70636],[108.56731,21.66504],[108.55287,21.66823],[108.54132,21.63469],[108.5245,21.63922],[108.53218,21.61823],[108.5143,21.59269],[108.47934,21.582],[108.49248,21.61425],[108.48013,21.60433],[108.47845,21.57084],[108.45966,21.57027],[108.45789,21.56598],[108.47559,21.55928],[108.37445,21.53958],[108.38033,21.57419],[108.4,21.57706],[108.39052,21.59686],[108.43209,21.59982],[108.44403,21.61546],[108.40555,21.60897],[108.41874,21.63665],[108.47129,21.66655],[108.41214,21.64947],[108.43805,21.69166],[108.39192,21.66216],[108.37076,21.68221],[108.33858,21.68776],[108.33549,21.70876],[108.41174,21.70742],[108.41599,21.72632],[108.45618,21.74909],[108.50219,21.73196]]],[[[108.35419,21.67097],[108.38751,21.65939],[108.36618,21.63811],[108.37424,21.62459],[108.3504,21.58355],[108.35257,21.55629],[108.32614,21.60304],[108.35419,21.67097]]]]}},{"type":"Feature","id":"CTAMAP-2019-COUNTY-0514","properties":{"map_level":"county","source_name":"港南区","source_code":"450803","county_type":"市辖区","prefecture_name":"贵港市","prefecture_code":"450800","prefecture_type":"地级市","parent_entity_id":"CNUR-000224","parent_year_end_name":"贵港市","province_name":"广西壮族自治区","province_code":"450000","snapshot_year":2019,"panel_year":2018,"link_status":"parent_linked","former_name":"","note":""},"geometry":{"type":"Polygon","coordinates":[[[109.8573,23.09687],[109.8817,23.06986],[109.87447,23.04679],[109.8894,23.02824],[109.86961,23.0006],[109.80018,22.96821],[109.85759,22.90682],[109.82824,22.90048],[109.86395,22.87841],[109.81881,22.88994],[109.79884,22.84654],[109.78483,22.85904],[109.75224,22.84653],[109.75736,22.78025],[109.78762,22.75784],[109.78133,22.74542],[109.72797,22.73707],[109.72273,22.70044],[109.62327,22.6577],[109.60706,22.67551],[109.61466,22.6902],[109.58234,22.71479],[109.57201,22.76298],[109.55177,22.77736],[109.50157,22.77453],[109.51062,22.81606],[109.53094,22.81766],[109.51479,22.83147],[109.5688,22.87783],[109.57121,22.93407],[109.60322,22.91448],[109.64337,22.92491],[109.58775,22.95751],[109.60666,22.98687],[109.5697,22.98968],[109.56768,23.05056],[109.60366,23.08785],[109.63308,23.07809],[109.66531,23.10482],[109.71006,23.09647],[109.73442,23.11167],[109.75779,23.07837],[109.78132,23.0729],[109.8091,23.07581],[109.82822,23.09958],[109.8573,23.09687]]]}},{"type":"Feature","id":"CTAMAP-2019-COUNTY-0546","properties":{"map_level":"county","source_name":"恭城瑶族自治县","source_code":"450332","county_type":"自治县","prefecture_name":"桂林市","prefecture_code":"450300","prefecture_type":"地级市","parent_entity_id":"CNUR-000219","parent_year_end_name":"桂林市","province_name":"广西壮族自治区","province_code":"450000","snapshot_year":2019,"panel_year":2018,"link_status":"parent_linked","former_name":"","note":""},"geometry":{"type":"Polygon","coordinates":[[[111.0973,25.28768],[111.10736,25.2192],[110.99579,25.16855],[110.94587,25.04559],[110.97283,24.98936],[110.9654,24.97034],[110.98765,24.96195],[110.97706,24.91687],[111.08068,24.94549],[111.11469,24.90019],[111.16656,24.90548],[111.15685,24.82839],[111.17124,24.77298],[111.15198,24.77661],[111.13269,24.74009],[111.09963,24.73181],[111.10141,24.70848],[111.08305,24.70842],[111.04986,24.67475],[111.02367,24.67593],[111.00339,24.63417],[110.95956,24.61592],[110.94115,24.64169],[110.9154,24.63962],[110.88595,24.66015],[110.83497,24.76873],[110.81993,24.77954],[110.80267,24.76346],[110.80267,24.77741],[110.77576,24.78946],[110.77343,24.84432],[110.75962,24.83901],[110.67546,24.89707],[110.61177,25.06538],[110.62134,25.08165],[110.64007,25.07782],[110.65166,25.13149],[110.78385,25.11868],[110.76405,25.15315],[110.72446,25.17574],[110.73,25.21516],[110.78323,25.20102],[110.79468,25.18234],[110.8321,25.18605],[110.87631,25.23601],[110.92495,25.24399],[110.91779,25.22789],[110.93334,25.22282],[111.0973,25.28768]]]}},{"type":"Feature","id":"CTAMAP-2019-COUNTY-0581","properties":{"map_level":"county","source_name":"灌阳县","source_code":"450327","county_type":"县","prefecture_name":"桂林市","prefecture_code":"450300","prefecture_type":"地级市","parent_entity_id":"CNUR-000219","parent_year_end_name":"桂林市","province_name":"广西壮族自治区","province_code":"450000","snapshot_year":2019,"panel_year":2018,"link_status":"parent_linked","former_name":"","note":""},"geometry":{"type":"Polygon","coordinates":[[[111.30399,25.70736],[111.30521,25.64828],[111.33792,25.60776],[111.31654,25.55395],[111.32377,25.52206],[111.29557,25.45178],[111.25931,25.42489],[111.25164,25.39877],[111.2064,25.36685],[111.17819,25.37097],[111.12964,25.30201],[111.00709,25.24368],[110.92879,25.22254],[110.91727,25.22958],[110.92495,25.24399],[110.88606,25.23894],[110.8321,25.18605],[110.79665,25.18185],[110.78323,25.20102],[110.72598,25.21614],[110.72233,25.23823],[110.74399,25.24694],[110.74228,25.29884],[110.76969,25.33588],[110.84244,25.375],[110.8805,25.36618],[110.88105,25.42928],[110.95528,25.51622],[110.95078,25.53657],[110.96659,25.54985],[110.95081,25.58868],[110.96488,25.60444],[111.0987,25.62862],[111.08386,25.64522],[111.09681,25.64847],[111.09736,25.67207],[111.14676,25.66744],[111.15856,25.73836],[111.20206,25.73627],[111.20833,25.75901],[111.27733,25.73063],[111.27522,25.71273],[111.25331,25.71053],[111.26892,25.69627],[111.30399,25.70736]]]}},{"type":"Feature","id":"CTAMAP-2019-COUNTY-0606","properties":{"map_level":"county","source_name":"桂平市","source_code":"450881","county_type":"县级市","prefecture_name":"贵港市","prefecture_code":"450800","prefecture_type":"地级市","parent_entity_id":"CNUR-000224","parent_year_end_name":"贵港市","province_name":"广西壮族自治区","province_code":"450000","snapshot_year":2019,"panel_year":2018,"link_status":"parent_linked","former_name":"","note":""},"geometry":{"type":"Polygon","coordinates":[[[110.34627,23.08853],[110.31647,23.0152],[110.29629,23.02829],[110.29238,22.9779],[110.25092,22.93405],[110.26321,22.87388],[110.21938,22.8673],[110.22037,22.89455],[110.1911,22.90774],[110.10472,22.89623],[110.07886,22.97119],[110.04884,22.95063],[110.01032,22.96478],[109.99032,22.99796],[109.94753,23.02349],[109.88683,23.02969],[109.87447,23.04679],[109.8817,23.06986],[109.85481,23.09079],[109.86434,23.10945],[109.80801,23.15806],[109.82565,23.17606],[109.80275,23.21414],[109.81811,23.22565],[109.80342,23.23343],[109.82067,23.24612],[109.82054,23.31128],[109.79468,23.31458],[109.76763,23.36192],[109.75533,23.35132],[109.69466,23.41377],[109.72479,23.41999],[109.73613,23.46973],[109.76615,23.46063],[109.79121,23.48852],[109.84153,23.47545],[109.85782,23.44095],[109.88683,23.47607],[109.88966,23.56051],[109.92557,23.63306],[109.91968,23.67626],[109.94841,23.69141],[109.94756,23.72501],[109.97405,23.73956],[109.98983,23.78178],[110.01965,23.77939],[110.06417,23.80234],[110.09312,23.74864],[110.15978,23.73305],[110.16976,23.67077],[110.21024,23.68827],[110.21255,23.71538],[110.23822,23.7187],[110.2245,23.63909],[110.25523,23.61518],[110.26395,23.59296],[110.25313,23.58157],[110.29267,23.5748],[110.29196,23.54964],[110.32496,23.54167],[110.32061,23.52214],[110.33879,23.5155],[110.34724,23.4712],[110.36685,23.46512],[110.37005,23.43113],[110.34131,23.40042],[110.34391,23.36709],[110.31614,23.3342],[110.3339,23.29307],[110.30539,23.28325],[110.29829,23.21504],[110.26205,23.16239],[110.29698,23.12018],[110.33517,23.11387],[110.34627,23.08853]]]}},{"type":"Feature","id":"CTAMAP-2019-COUNTY-0612","properties":{"map_level":"county","source_name":"海城区","source_code":"450502","county_type":"市辖区","prefecture_name":"北海市","prefecture_code":"450500","prefecture_type":"地级市","parent_entity_id":"CNUR-000221","parent_year_end_name":"北海市","province_name":"广西壮族自治区","province_code":"450000","snapshot_year":2019,"panel_year":2018,"link_status":"parent_linked","former_name":"","note":""},"geometry":{"type":"MultiPolygon","coordinates":[[[[109.04812,21.45811],[109.07374,21.48807],[109.08663,21.4813],[109.10168,21.48359],[109.12328,21.49058],[109.14742,21.5044],[109.16807,21.53114],[109.15928,21.56365],[109.19808,21.59362],[109.20552,21.51698],[109.16439,21.47058],[109.16196,21.44673],[109.15029,21.46229],[109.09556,21.44613],[109.04812,21.45811]]],[[[109.13657,21.06302],[109.12368,21.01871],[109.1039,21.02981],[109.09855,21.00878],[109.08618,21.01571],[109.08301,21.04915],[109.11034,21.06804],[109.13657,21.06302]]],[[[109.2045,20.91017],[109.21846,20.91005],[109.21237,20.90232],[109.2045,20.91017]]],[[[109.10771,21.48858],[109.08517,21.48263],[109.08463,21.48334],[109.10771,21.48858]]]]}},{"type":"Feature","id":"CTAMAP-2019-COUNTY-0651","properties":{"map_level":"county","source_name":"合浦县","source_code":"450521","county_type":"县","prefecture_name":"北海市","prefecture_code":"450500","prefecture_type":"地级市","parent_entity_id":"CNUR-000221","parent_year_end_name":"北海市","province_name":"广西壮族自治区","province_code":"450000","snapshot_year":2019,"panel_year":2018,"link_status":"parent_linked","former_name":"","note":""},"geometry":{"type":"MultiPolygon","coordinates":[[[[109.60383,21.91209],[109.61656,21.89868],[109.6321,21.91079],[109.65525,21.89585],[109.70056,21.89706],[109.69375,21.80742],[109.70425,21.8038],[109.68564,21.77706],[109.68366,21.6914],[109.70067,21.66498],[109.71831,21.67392],[109.74418,21.65539],[109.76158,21.66922],[109.73902,21.61955],[109.77177,21.48876],[109.75909,21.49977],[109.75187,21.45911],[109.65141,21.51933],[109.66775,21.53654],[109.66519,21.59478],[109.68205,21.61355],[109.64282,21.59681],[109.636,21.56007],[109.60928,21.57906],[109.61767,21.5953],[109.60017,21.62227],[109.61609,21.64726],[109.58123,21.6286],[109.57736,21.66487],[109.56147,21.67264],[109.56976,21.69089],[109.55521,21.70003],[109.60028,21.73789],[109.59894,21.77301],[109.59181,21.73815],[109.54755,21.73678],[109.52745,21.70602],[109.50066,21.70359],[109.53392,21.68562],[109.53633,21.65561],[109.43802,21.67656],[109.39823,21.66888],[109.40234,21.64542],[109.34994,21.68876],[109.29392,21.64881],[109.26577,21.58989],[109.24715,21.61472],[109.22132,21.61589],[109.15814,21.55765],[109.14438,21.58437],[109.09654,21.58473],[109.07589,21.59979],[109.07589,21.63073],[109.09225,21.63477],[109.1244,21.66513],[109.07366,21.6332],[109.06652,21.59489],[109.04623,21.60447],[109.06573,21.62486],[109.07136,21.64038],[109.07074,21.65322],[109.08686,21.66633],[109.06966,21.65711],[109.05013,21.62636],[108.96522,21.59695],[108.90899,21.61721],[108.8937,21.65763],[108.85068,21.6843],[108.87031,21.71271],[108.86367,21.74308],[108.88655,21.73856],[108.93984,21.76347],[108.96179,21.79234],[108.95301,21.82233],[108.96629,21.83498],[108.96687,21.81933],[108.9828,21.83787],[109.02133,21.83552],[109.03069,21.85241],[109.08489,21.8544],[109.09423,21.88072],[109.12848,21.85344],[109.14982,21.86229],[109.1855,21.84383],[109.25854,21.86906],[109.25414,21.89382],[109.27457,21.89329],[109.26376,21.91429],[109.3059,21.90661],[109.30657,21.88627],[109.32937,21.91058],[109.38509,21.89187],[109.38809,21.91274],[109.41037,21.90651],[109.43044,21.92134],[109.45417,21.88957],[109.4774,21.90517],[109.48756,21.88445],[109.5162,21.87511],[109.53861,21.90175],[109.60383,21.91209]]],[[[109.06031,21.62038],[109.0332,21.61474],[109.06695,21.63386],[109.06031,21.62038]]],[[[108.85775,21.71684],[108.85053,21.71183],[108.85541,21.72496],[108.85775,21.71684]]],[[[109.06908,21.65164],[109.06735,21.64983],[109.06879,21.65301],[109.0717,21.65508],[109.06908,21.65164]]]]}},{"type":"Feature","id":"CTAMAP-2019-COUNTY-0652","properties":{"map_level":"county","source_name":"合山市","source_code":"451381","county_type":"县级市","prefecture_name":"来宾市","prefecture_code":"451300","prefecture_type":"地级市","parent_entity_id":"CNUR-000229","parent_year_end_name":"来宾市","province_name":"广西壮族自治区","province_code":"450000","snapshot_year":2019,"panel_year":2018,"link_status":"parent_linked","former_name":"","note":""},"geometry":{"type":"Polygon","coordinates":[[[108.95258,23.88736],[109.01531,23.90473],[109.00684,23.89037],[109.0254,23.86201],[109.01522,23.8382],[108.99664,23.8407],[108.99947,23.77206],[109.04367,23.76154],[109.04331,23.73726],[109.00112,23.71501],[108.96751,23.71744],[108.90519,23.66424],[108.88811,23.68027],[108.89314,23.69913],[108.85189,23.72185],[108.85763,23.75405],[108.88412,23.75508],[108.84614,23.78462],[108.86895,23.81622],[108.83806,23.82131],[108.82897,23.83854],[108.87109,23.87716],[108.86203,23.90254],[108.89103,23.92779],[108.95258,23.88736]]]}},{"type":"Feature","id":"CTAMAP-2019-COUNTY-0689","properties":{"map_level":"county","source_name":"横县","source_code":"450127","county_type":"县","prefecture_name":"南宁市","prefecture_code":"450100","prefecture_type":"地级市","parent_entity_id":"CNUR-000217","parent_year_end_name":"南宁市","province_name":"广西壮族自治区","province_code":"450000","snapshot_year":2019,"panel_year":2018,"link_status":"parent_linked","former_name":"","note":""},"geometry":{"type":"Polygon","coordinates":[[[109.51479,22.83147],[109.53094,22.81766],[109.51062,22.81606],[109.50157,22.77453],[109.55177,22.77736],[109.57201,22.76298],[109.58234,22.71479],[109.61818,22.68258],[109.57762,22.68418],[109.51365,22.63845],[109.48645,22.65468],[109.44588,22.63337],[109.44053,22.61304],[109.43457,22.63508],[109.34707,22.63173],[109.28526,22.56442],[109.31253,22.51338],[109.2605,22.48703],[109.24578,22.51283],[109.18608,22.52032],[109.19279,22.54126],[109.15894,22.55634],[109.14896,22.54091],[109.17012,22.52186],[109.1423,22.51272],[109.04917,22.52408],[109.02836,22.50869],[108.97593,22.54678],[108.95527,22.52096],[108.86838,22.51458],[108.83849,22.54479],[108.85465,22.57362],[108.83373,22.58347],[108.83592,22.60039],[108.8274,22.59019],[108.81508,22.63479],[108.79404,22.64491],[108.84186,22.75164],[108.81887,22.77072],[108.80633,22.82418],[108.81469,22.85352],[108.7999,22.89762],[108.82116,22.89715],[108.8178,22.97387],[108.85224,22.95768],[108.87635,22.97779],[108.90569,22.90788],[108.95856,22.91417],[108.96391,22.94399],[108.98081,22.94838],[109.01446,22.92012],[109.02772,22.93399],[109.07322,22.93268],[109.07045,22.98801],[109.11688,23.00143],[109.13988,23.03373],[109.12713,23.05493],[109.16093,23.07567],[109.18676,23.06841],[109.19196,23.10829],[109.24143,23.13415],[109.2499,23.09835],[109.32144,23.09824],[109.34576,23.06966],[109.31037,23.00939],[109.34652,22.98623],[109.37743,22.93385],[109.47817,22.89362],[109.48035,22.88105],[109.44771,22.86746],[109.4756,22.82641],[109.51479,22.83147]]]}},{"type":"Feature","id":"CTAMAP-2019-COUNTY-0759","properties":{"map_level":"county","source_name":"环江毛南族自治县","source_code":"451226","county_type":"自治县","prefecture_name":"河池市","prefecture_code":"451200","prefecture_type":"地级市","parent_entity_id":"CNUR-000228","parent_year_end_name":"河池市","province_name":"广西壮族自治区","province_code":"450000","snapshot_year":2019,"panel_year":2018,"link_status":"parent_linked","former_name":"","note":""},"geometry":{"type":"Polygon","coordinates":[[[108.58828,25.33476],[108.64221,25.29682],[108.65127,25.21753],[108.71439,25.17731],[108.7073,25.1558],[108.69114,25.16564],[108.67067,25.11896],[108.71054,25.10456],[108.69117,25.09281],[108.68511,25.05793],[108.64994,25.0754],[108.60238,25.04386],[108.61059,24.99258],[108.49735,24.99509],[108.51006,24.96046],[108.49268,24.93786],[108.50769,24.93078],[108.47564,24.90634],[108.49249,24.87274],[108.4759,24.85755],[108.42354,24.86143],[108.44069,24.81991],[108.42484,24.77557],[108.38508,24.73367],[108.32035,24.73344],[108.30656,24.75171],[108.2711,24.73789],[108.2177,24.76083],[108.17973,24.75451],[108.1739,24.79498],[108.152,24.80242],[108.12261,24.76495],[108.0642,24.77687],[108.05242,24.79595],[108.00357,24.76767],[107.9417,24.83641],[107.9031,24.84142],[107.92423,24.85106],[107.91063,24.85332],[107.91551,24.87276],[107.90308,24.86948],[107.91898,24.89263],[107.89785,24.87953],[107.88108,24.90165],[107.90393,24.90568],[107.88221,24.92465],[107.90975,24.95871],[107.90227,24.99674],[107.87591,25.02954],[107.8727,25.08199],[107.83488,25.11906],[107.99404,25.19828],[108.07498,25.19592],[108.1332,25.23354],[108.14362,25.2776],[108.13295,25.28763],[108.15413,25.32765],[108.14101,25.34764],[108.1514,25.3797],[108.13734,25.39207],[108.17728,25.39276],[108.18911,25.4071],[108.15468,25.44367],[108.19081,25.45966],[108.24248,25.42864],[108.23686,25.46543],[108.28868,25.48404],[108.30417,25.52834],[108.34547,25.53783],[108.39555,25.49406],[108.42506,25.43777],[108.46299,25.45862],[108.49996,25.4482],[108.50509,25.41725],[108.55008,25.39735],[108.59058,25.35245],[108.58828,25.33476]]]}},{"type":"Feature","id":"CTAMAP-2019-COUNTY-0887","properties":{"map_level":"county","source_name":"江南区","source_code":"450105","county_type":"市辖区","prefecture_name":"南宁市","prefecture_code":"450100","prefecture_type":"地级市","parent_entity_id":"CNUR-000217","parent_year_end_name":"南宁市","province_name":"广西壮族自治区","province_code":"450000","snapshot_year":2019,"panel_year":2018,"link_status":"parent_linked","former_name":"","note":""},"geometry":{"type":"Polygon","coordinates":[[[108.31308,22.81371],[108.32121,22.79396],[108.34279,22.79169],[108.30942,22.76653],[108.31712,22.70488],[108.33544,22.68963],[108.31708,22.67894],[108.30643,22.61868],[108.27017,22.59103],[108.30052,22.56601],[108.28352,22.55641],[108.28239,22.51342],[108.2518,22.49723],[108.20845,22.50381],[108.21787,22.49227],[108.15497,22.42077],[108.18125,22.3817],[108.16193,22.34162],[108.13186,22.33719],[108.09576,22.362],[108.11161,22.39485],[108.08269,22.40794],[108.08342,22.4611],[108.06059,22.45971],[107.98187,22.50331],[108.01207,22.54508],[107.98982,22.58177],[108.00086,22.61004],[108.08071,22.62475],[108.10137,22.65291],[108.08168,22.70539],[108.04446,22.65882],[107.99566,22.69],[107.99288,22.71775],[108.01447,22.73558],[108.01422,22.77261],[108.0292,22.77665],[108.02342,22.81386],[108.05773,22.83712],[108.03701,22.84155],[108.06075,22.86325],[108.07595,22.83344],[108.12231,22.8431],[108.10582,22.80378],[108.16778,22.75976],[108.19995,22.78051],[108.18948,22.82197],[108.24709,22.82999],[108.28919,22.80414],[108.31308,22.81371]]]}},{"type":"Feature","id":"CTAMAP-2019-COUNTY-0896","properties":{"map_level":"county","source_name":"江州区","source_code":"451402","county_type":"市辖区","prefecture_name":"崇左市","prefecture_code":"451400","prefecture_type":"地级市","parent_entity_id":"CNUR-000230","parent_year_end_name":"崇左市","province_name":"广西壮族自治区","province_code":"450000","snapshot_year":2019,"panel_year":2018,"link_status":"parent_linked","former_name":"","note":""},"geometry":{"type":"Polygon","coordinates":[[[107.6878,22.86453],[107.70555,22.83949],[107.69264,22.80124],[107.72828,22.75533],[107.7391,22.70942],[107.77995,22.69739],[107.79354,22.66944],[107.73983,22.66574],[107.7373,22.63395],[107.69265,22.59889],[107.71294,22.57548],[107.66385,22.55191],[107.6404,22.56845],[107.64325,22.58649],[107.59324,22.56845],[107.59759,22.54229],[107.54798,22.53359],[107.53714,22.49829],[107.52338,22.51401],[107.53632,22.45125],[107.59609,22.43115],[107.60501,22.40912],[107.63791,22.40483],[107.64449,22.38814],[107.64115,22.33378],[107.60312,22.32557],[107.62347,22.29914],[107.61723,22.28445],[107.60365,22.29238],[107.55152,22.26233],[107.5586,22.22989],[107.58491,22.21584],[107.55407,22.16026],[107.50371,22.15866],[107.50533,22.21395],[107.48744,22.19517],[107.45636,22.20726],[107.33594,22.17211],[107.31665,22.20795],[107.24308,22.2223],[107.24387,22.26466],[107.26495,22.27574],[107.25759,22.29219],[107.28653,22.33462],[107.26242,22.34378],[107.23862,22.32787],[107.22647,22.35446],[107.19633,22.347],[107.19106,22.36096],[107.16128,22.3306],[107.16418,22.39673],[107.20563,22.42241],[107.21204,22.44723],[107.19892,22.44774],[107.20251,22.46267],[107.1458,22.45466],[107.12705,22.48177],[107.12568,22.53707],[107.0971,22.55948],[107.12111,22.56049],[107.14183,22.59675],[107.20883,22.6225],[107.21303,22.6599],[107.23048,22.64726],[107.27436,22.66593],[107.27666,22.64991],[107.24772,22.63548],[107.25468,22.57461],[107.28126,22.54401],[107.32133,22.54729],[107.32391,22.52741],[107.34979,22.57974],[107.32153,22.59296],[107.33241,22.64354],[107.31202,22.65131],[107.30998,22.67754],[107.3634,22.71864],[107.3916,22.72285],[107.39478,22.73959],[107.37574,22.75238],[107.39315,22.77002],[107.414,22.75915],[107.42822,22.80613],[107.41102,22.82171],[107.42492,22.83721],[107.43968,22.84668],[107.47954,22.8309],[107.47688,22.8525],[107.56711,22.86284],[107.56823,22.8913],[107.61206,22.90723],[107.647,22.90274],[107.66541,22.8594],[107.6878,22.86453]]]}},{"type":"Feature","id":"CTAMAP-2019-COUNTY-0914","properties":{"map_level":"county","source_name":"金城江区","source_code":"451202","county_type":"市辖区","prefecture_name":"河池市","prefecture_code":"451200","prefecture_type":"地级市","parent_entity_id":"CNUR-000228","parent_year_end_name":"河池市","province_name":"广西壮族自治区","province_code":"450000","snapshot_year":2019,"panel_year":2018,"link_status":"parent_linked","former_name":"","note":""},"geometry":{"type":"Polygon","coordinates":[[[108.22483,24.75598],[108.22506,24.68922],[108.1778,24.66689],[108.22543,24.59768],[108.20276,24.53605],[108.17175,24.5298],[108.12882,24.55584],[108.09879,24.53443],[108.07216,24.56168],[108.05437,24.55209],[107.98978,24.58021],[107.92882,24.58001],[107.94028,24.55578],[107.93122,24.49565],[107.86455,24.47517],[107.89294,24.41511],[107.87554,24.41693],[107.84695,24.37596],[107.8297,24.41152],[107.80648,24.40468],[107.79606,24.42358],[107.76519,24.39864],[107.76599,24.3703],[107.72827,24.35674],[107.71,24.40226],[107.66867,24.40371],[107.67678,24.42322],[107.65862,24.45518],[107.65806,24.50716],[107.63515,24.51882],[107.64101,24.56988],[107.62513,24.56778],[107.62369,24.58694],[107.61065,24.58297],[107.54809,24.65017],[107.56045,24.69337],[107.58348,24.71022],[107.55733,24.78273],[107.57085,24.80398],[107.61322,24.80981],[107.6083,24.78614],[107.63141,24.74705],[107.67354,24.77182],[107.71711,24.76978],[107.70386,24.81111],[107.72054,24.83339],[107.67755,24.87253],[107.69887,24.89176],[107.74193,24.89042],[107.77197,24.92006],[107.82087,24.92396],[107.87071,24.88766],[107.88221,24.92465],[107.90393,24.90568],[107.88124,24.9029],[107.88592,24.88413],[107.91898,24.89263],[107.90308,24.86948],[107.91551,24.87276],[107.91063,24.85332],[107.92423,24.85106],[107.9031,24.84142],[107.96771,24.81673],[107.9955,24.77044],[108.05242,24.79595],[108.0642,24.77687],[108.12227,24.76487],[108.152,24.80242],[108.1739,24.79498],[108.17187,24.75787],[108.22483,24.75598]]]}},{"type":"Feature","id":"CTAMAP-2019-COUNTY-0934","properties":{"map_level":"county","source_name":"金秀瑶族自治县","source_code":"451324","county_type":"自治县","prefecture_name":"来宾市","prefecture_code":"451300","prefecture_type":"地级市","parent_entity_id":"CNUR-000229","parent_year_end_name":"来宾市","province_name":"广西壮族自治区","province_code":"450000","snapshot_year":2019,"panel_year":2018,"link_status":"parent_linked","former_name":"","note":""},"geometry":{"type":"Polygon","coordinates":[[[110.11209,24.46436],[110.14222,24.44261],[110.19366,24.45019],[110.19942,24.41696],[110.18503,24.40661],[110.20483,24.40138],[110.18366,24.38496],[110.19514,24.34921],[110.26083,24.36374],[110.264,24.30495],[110.3109,24.30099],[110.31819,24.27885],[110.3671,24.27755],[110.35247,24.22163],[110.39908,24.225],[110.44869,24.18956],[110.41387,24.15109],[110.44609,24.14481],[110.45596,24.12659],[110.40753,24.11809],[110.39825,24.09973],[110.38503,24.12762],[110.3664,24.11961],[110.3711,24.08447],[110.33634,24.05829],[110.35682,24.06425],[110.37191,24.04254],[110.38394,24.06159],[110.39671,24.053],[110.36703,24.03637],[110.31178,24.02751],[110.30561,24.01758],[110.2853,23.96554],[110.29262,23.92135],[110.31079,23.91065],[110.28792,23.85886],[110.25815,23.89852],[110.23909,23.89101],[110.20814,23.91369],[110.18689,23.85894],[110.14125,23.88641],[110.06417,23.80234],[110.01965,23.77939],[109.98983,23.78178],[109.97405,23.73956],[109.94756,23.72501],[109.94841,23.69141],[109.9257,23.6889],[109.90343,23.73112],[109.86383,23.71822],[109.86277,23.69462],[109.83224,23.69772],[109.84028,23.72269],[109.81671,23.73914],[109.83169,23.7467],[109.84035,23.82714],[109.82833,23.8396],[109.83336,23.89412],[109.89872,23.88766],[109.91428,23.90798],[109.9438,23.89272],[109.93933,23.91701],[109.97367,23.9242],[109.97418,23.9543],[109.99754,23.95231],[110.01484,24.02892],[110.07415,24.05805],[110.04731,24.07785],[110.03739,24.13585],[109.92602,24.14666],[109.92108,24.16591],[109.89561,24.169],[109.91972,24.18588],[109.91227,24.21429],[109.92566,24.20459],[109.91586,24.24059],[109.94514,24.24177],[109.95511,24.26096],[110.00862,24.25869],[110.0323,24.2825],[110.01271,24.33291],[110.04615,24.37212],[110.06437,24.46274],[110.11209,24.46436]]]}},{"type":"Feature","id":"CTAMAP-2019-COUNTY-0973","properties":{"map_level":"county","source_name":"靖西市","source_code":"451081","county_type":"县级市","prefecture_name":"百色市","prefecture_code":"451000","prefecture_type":"地级市","parent_entity_id":"CNUR-000226","parent_year_end_name":"百色市","province_name":"广西壮族自治区","province_code":"450000","snapshot_year":2019,"panel_year":2018,"link_status":"parent_linked","former_name":"靖西县","note":"2015年撤销靖西县，设立靖西区"},"geometry":{"type":"Polygon","coordinates":[[[106.1865,23.54232],[106.17565,23.49843],[106.1542,23.49903],[106.14837,23.4795],[106.17633,23.44424],[106.24861,23.42198],[106.26209,23.39262],[106.29242,23.40719],[106.32091,23.37496],[106.36251,23.40069],[106.36542,23.38284],[106.38668,23.38398],[106.42166,23.35267],[106.40787,23.31256],[106.42492,23.27888],[106.49555,23.2747],[106.51941,23.30226],[106.54656,23.2832],[106.54746,23.23278],[106.56519,23.22686],[106.5732,23.19159],[106.6248,23.18701],[106.64287,23.16979],[106.59531,23.13314],[106.6192,23.10883],[106.62087,23.08338],[106.64779,23.0773],[106.66054,23.03569],[106.68931,23.04134],[106.69274,23.01916],[106.78066,23.06586],[106.78953,23.09042],[106.81108,23.07963],[106.79014,23.0481],[106.79638,23.0214],[106.67618,22.92485],[106.66366,22.87302],[106.63984,22.87378],[106.59642,22.93197],[106.56386,22.92504],[106.52149,22.95067],[106.4838,22.90431],[106.36943,22.88354],[106.3556,22.85855],[106.31396,22.86301],[106.25418,22.88919],[106.26563,22.90882],[106.19826,22.98258],[106.10263,22.98429],[106.07912,23.00058],[106.02136,22.99137],[106.02572,23.01835],[105.98191,23.01601],[105.9587,23.03716],[105.94113,23.06714],[105.96381,23.09485],[105.95373,23.12357],[105.97157,23.20393],[105.9499,23.21364],[105.94205,23.24511],[106.00835,23.26956],[105.99287,23.28527],[106.02717,23.2862],[106.03417,23.31479],[106.09106,23.34906],[106.09124,23.40281],[106.07629,23.42791],[106.10665,23.47371],[106.07146,23.5081],[106.08501,23.53412],[106.10403,23.53004],[106.13883,23.57588],[106.1865,23.54232]]]}},{"type":"Feature","id":"CTAMAP-2019-COUNTY-1082","properties":{"map_level":"county","source_name":"乐业县","source_code":"451028","county_type":"县","prefecture_name":"百色市","prefecture_code":"451000","prefecture_type":"地级市","parent_entity_id":"CNUR-000226","parent_year_end_name":"百色市","province_name":"广西壮族自治区","province_code":"450000","snapshot_year":2019,"panel_year":2018,"link_status":"parent_linked","former_name":"","note":""},"geometry":{"type":"Polygon","coordinates":[[[106.80433,24.66719],[106.71516,24.6495],[106.68262,24.60304],[106.71072,24.60351],[106.6885,24.58946],[106.67625,24.60468],[106.64486,24.59979],[106.61421,24.56681],[106.57617,24.57389],[106.56563,24.59338],[106.55004,24.58369],[106.53206,24.60284],[106.50123,24.55024],[106.40795,24.56734],[106.41117,24.57976],[106.39013,24.57362],[106.35109,24.59311],[106.34774,24.63139],[106.29186,24.68079],[106.28146,24.7466],[106.18098,24.78712],[106.2013,24.86262],[106.14141,24.95657],[106.1861,24.95548],[106.21285,24.98483],[106.30035,24.97706],[106.40014,25.00805],[106.51442,25.05558],[106.55299,25.08731],[106.60089,25.04965],[106.61885,25.06765],[106.66856,25.06085],[106.6974,25.09535],[106.74064,25.10158],[106.75431,25.08505],[106.73889,25.06784],[106.76068,25.02816],[106.7224,25.03],[106.71817,25.00579],[106.76464,24.93872],[106.82347,24.89833],[106.84727,24.85032],[106.83205,24.86092],[106.80677,24.84738],[106.78028,24.78908],[106.71397,24.8185],[106.65781,24.79592],[106.689,24.75491],[106.78679,24.70818],[106.7824,24.6913],[106.81358,24.68767],[106.80433,24.66719]]]}},{"type":"Feature","id":"CTAMAP-2019-COUNTY-1116","properties":{"map_level":"county","source_name":"荔浦市","source_code":"450381","county_type":"县级市","prefecture_name":"桂林市","prefecture_code":"450300","prefecture_type":"地级市","parent_entity_id":"CNUR-000219","parent_year_end_name":"桂林市","province_name":"广西壮族自治区","province_code":"450000","snapshot_year":2019,"panel_year":2018,"link_status":"parent_linked","former_name":"荔浦县","note":"2018年撤销荔浦县，设立荔浦市"},"geometry":{"type":"Polygon","coordinates":[[[110.19292,24.76778],[110.27034,24.74911],[110.28326,24.72712],[110.35992,24.7179],[110.36342,24.67281],[110.41,24.66735],[110.43197,24.67969],[110.45758,24.66079],[110.51403,24.67],[110.54299,24.64412],[110.57786,24.64243],[110.55413,24.55941],[110.57932,24.54424],[110.58643,24.44787],[110.64969,24.44074],[110.6533,24.37481],[110.69028,24.36848],[110.69263,24.34436],[110.6105,24.40073],[110.58695,24.39911],[110.56665,24.36359],[110.55013,24.36828],[110.54244,24.40702],[110.49993,24.346],[110.46427,24.36174],[110.47502,24.33941],[110.45684,24.31647],[110.41591,24.34144],[110.39956,24.32435],[110.38671,24.33297],[110.341,24.31537],[110.32038,24.27873],[110.3109,24.30099],[110.264,24.30495],[110.26284,24.36279],[110.22423,24.36539],[110.19514,24.34921],[110.18366,24.38496],[110.20483,24.40138],[110.18503,24.40661],[110.19942,24.41696],[110.19366,24.45019],[110.16035,24.43972],[110.11218,24.46018],[110.1374,24.53246],[110.16777,24.55096],[110.14805,24.62309],[110.17233,24.64069],[110.13658,24.64835],[110.12837,24.69346],[110.14673,24.70312],[110.14829,24.73586],[110.18458,24.74592],[110.19292,24.76778]]]}},{"type":"Feature","id":"CTAMAP-2019-COUNTY-1135","properties":{"map_level":"county","source_name":"良庆区","source_code":"450108","county_type":"市辖区","prefecture_name":"南宁市","prefecture_code":"450100","prefecture_type":"地级市","parent_entity_id":"CNUR-000217","parent_year_end_name":"南宁市","province_name":"广西壮族自治区","province_code":"450000","snapshot_year":2019,"panel_year":2018,"link_status":"parent_linked","former_name":"","note":""},"geometry":{"type":"Polygon","coordinates":[[[108.42236,22.7677],[108.44209,22.72989],[108.42914,22.72107],[108.43979,22.68262],[108.4259,22.66842],[108.4449,22.64963],[108.4279,22.60973],[108.43923,22.58723],[108.41381,22.57034],[108.43746,22.5152],[108.43227,22.43232],[108.43889,22.4182],[108.46452,22.41839],[108.48193,22.44616],[108.50116,22.42931],[108.53723,22.44542],[108.56568,22.42617],[108.54307,22.3979],[108.5647,22.37239],[108.54504,22.36327],[108.54301,22.31059],[108.52431,22.27777],[108.5032,22.27801],[108.49125,22.24065],[108.43139,22.25201],[108.41073,22.27205],[108.36762,22.24532],[108.3177,22.24],[108.27689,22.20897],[108.27623,22.22597],[108.24057,22.24406],[108.22908,22.28887],[108.20286,22.29473],[108.18562,22.27674],[108.1464,22.2916],[108.1283,22.33703],[108.16193,22.34162],[108.17925,22.37738],[108.15497,22.42077],[108.21787,22.49227],[108.20845,22.50381],[108.2518,22.49723],[108.28225,22.51306],[108.28352,22.55641],[108.30052,22.56601],[108.27017,22.59103],[108.30643,22.61868],[108.31708,22.67894],[108.33544,22.68963],[108.31712,22.70488],[108.31341,22.77273],[108.37352,22.78624],[108.41076,22.76001],[108.42236,22.7677]]]}},{"type":"Feature","id":"CTAMAP-2019-COUNTY-1158","properties":{"map_level":"county","source_name":"临桂区","source_code":"450312","county_type":"市辖区","prefecture_name":"桂林市","prefecture_code":"450300","prefecture_type":"地级市","parent_entity_id":"CNUR-000219","parent_year_end_name":"桂林市","province_name":"广西壮族自治区","province_code":"450000","snapshot_year":2019,"panel_year":2018,"link_status":"parent_linked","former_name":"临桂县","note":"2013年撤销临桂县，设立临桂区"},"geometry":{"type":"Polygon","coordinates":[[[110.10995,25.66023],[110.09039,25.63152],[110.13799,25.57772],[110.10953,25.55031],[110.1059,25.42352],[110.14557,25.41543],[110.14264,25.38856],[110.16892,25.40143],[110.19951,25.39031],[110.17831,25.38272],[110.18718,25.35079],[110.22053,25.33215],[110.21611,25.31006],[110.24803,25.29074],[110.21783,25.25467],[110.23404,25.21121],[110.22659,25.18585],[110.27186,25.15272],[110.25105,25.10782],[110.26378,25.08625],[110.24895,25.08239],[110.2735,25.03844],[110.30817,25.04276],[110.33957,24.98913],[110.30225,24.97103],[110.34022,24.90727],[110.29929,24.89762],[110.29387,24.88143],[110.30683,24.87508],[110.26438,24.8399],[110.22215,24.83351],[110.1878,24.86332],[110.18495,24.98725],[110.1332,25.03831],[110.14715,25.05623],[110.09201,25.09803],[110.09074,25.13972],[110.03167,25.15504],[109.95324,25.13114],[109.91322,25.18291],[109.86315,25.18713],[109.87219,25.23464],[109.88966,25.24244],[109.87394,25.27668],[109.85447,25.27299],[109.84262,25.28792],[109.85896,25.32363],[109.84204,25.36662],[109.86891,25.35892],[109.86637,25.39774],[109.88276,25.4214],[109.84393,25.43969],[109.80237,25.42245],[109.75726,25.44509],[109.77567,25.49339],[109.79004,25.48066],[109.79899,25.49671],[109.83155,25.48942],[109.84843,25.50252],[109.82683,25.54413],[109.8606,25.58161],[109.92212,25.55961],[109.93954,25.62475],[109.91569,25.66898],[109.96914,25.66974],[109.98696,25.68556],[110.02539,25.6711],[110.04575,25.68612],[110.07292,25.67037],[110.09386,25.67976],[110.10995,25.66023]]]}},{"type":"Feature","id":"CTAMAP-2019-COUNTY-1187","properties":{"map_level":"county","source_name":"灵川县","source_code":"450323","county_type":"县","prefecture_name":"桂林市","prefecture_code":"450300","prefecture_type":"地级市","parent_entity_id":"CNUR-000219","parent_year_end_name":"桂林市","province_name":"广西壮族自治区","province_code":"450000","snapshot_year":2019,"panel_year":2018,"link_status":"parent_linked","former_name":"","note":""},"geometry":{"type":"Polygon","coordinates":[[[110.75433,25.31096],[110.73387,25.27163],[110.74306,25.24403],[110.72233,25.23823],[110.72446,25.17574],[110.76405,25.15315],[110.78289,25.11766],[110.65187,25.13153],[110.64007,25.07782],[110.55659,25.05717],[110.5381,25.0306],[110.51343,25.05234],[110.47347,25.0524],[110.48699,25.07259],[110.42795,25.11542],[110.43049,25.14528],[110.39573,25.15579],[110.40244,25.13121],[110.38793,25.12552],[110.3626,25.158],[110.38191,25.17701],[110.36839,25.21288],[110.39628,25.27642],[110.37399,25.30534],[110.38036,25.3308],[110.33834,25.36119],[110.29872,25.33359],[110.27001,25.33811],[110.23312,25.29505],[110.21535,25.31156],[110.22053,25.33215],[110.17808,25.37051],[110.19949,25.39035],[110.16892,25.40143],[110.14264,25.38856],[110.14557,25.41543],[110.10633,25.42282],[110.10953,25.55031],[110.13799,25.57772],[110.12739,25.59831],[110.10911,25.5968],[110.0904,25.64605],[110.1295,25.66632],[110.13893,25.69061],[110.17463,25.69715],[110.2077,25.7854],[110.23526,25.79043],[110.27541,25.73822],[110.2952,25.66137],[110.28451,25.63367],[110.34689,25.59415],[110.3378,25.57391],[110.36742,25.56463],[110.36336,25.58274],[110.39224,25.59091],[110.44111,25.54458],[110.45157,25.4813],[110.49298,25.50822],[110.52231,25.50264],[110.49788,25.47409],[110.50858,25.45336],[110.49747,25.43788],[110.55427,25.38195],[110.55212,25.35034],[110.63057,25.35881],[110.69499,25.345],[110.7218,25.31146],[110.75433,25.31096]]]}},{"type":"Feature","id":"CTAMAP-2019-COUNTY-1189","properties":{"map_level":"county","source_name":"灵山县","source_code":"450721","county_type":"县","prefecture_name":"钦州市","prefecture_code":"450700","prefecture_type":"地级市","parent_entity_id":"CNUR-000223","parent_year_end_name":"钦州市","province_name":"广西壮族自治区","province_code":"450000","snapshot_year":2019,"panel_year":2018,"link_status":"parent_linked","former_name":"","note":""},"geometry":{"type":"Polygon","coordinates":[[[109.51365,22.63845],[109.49901,22.60302],[109.57306,22.55298],[109.48584,22.46111],[109.48235,22.39422],[109.4632,22.38073],[109.45345,22.39919],[109.43998,22.38978],[109.43803,22.36205],[109.41059,22.35837],[109.38618,22.30743],[109.3398,22.28022],[109.31948,22.23349],[109.29923,22.22714],[109.30346,22.21317],[109.26335,22.1912],[109.26573,22.16813],[109.23189,22.15511],[109.28233,22.09279],[109.25773,22.03669],[109.27163,21.97242],[109.30111,21.92893],[109.2944,21.91126],[109.26376,21.91429],[109.27457,21.89329],[109.25414,21.89382],[109.25854,21.86906],[109.21981,21.86559],[109.21937,21.85097],[109.15602,21.85191],[109.14291,21.8975],[109.11032,21.92913],[109.09861,21.92056],[109.0571,22.01559],[109.0375,22.02049],[109.03284,22.00574],[108.99692,22.04255],[109.01638,22.09757],[108.9995,22.08542],[108.97203,22.0932],[108.96596,22.13046],[108.93394,22.10979],[108.9174,22.11822],[108.9066,22.14538],[108.94212,22.16307],[108.87133,22.18564],[108.90707,22.25577],[108.87827,22.27656],[108.84923,22.26828],[108.84132,22.33206],[108.82483,22.34339],[108.8051,22.33412],[108.78975,22.3547],[108.77536,22.3448],[108.70332,22.40417],[108.71922,22.41153],[108.68911,22.43095],[108.69389,22.45684],[108.71622,22.45963],[108.70688,22.4877],[108.83849,22.54479],[108.86838,22.51458],[108.95527,22.52096],[108.97593,22.54678],[109.02836,22.50869],[109.04917,22.52408],[109.1423,22.51272],[109.17012,22.52186],[109.14896,22.54091],[109.15894,22.55634],[109.19279,22.54126],[109.18608,22.52032],[109.24578,22.51283],[109.2605,22.48703],[109.31253,22.51338],[109.28526,22.56442],[109.34707,22.63173],[109.43457,22.63508],[109.44053,22.61304],[109.44588,22.63337],[109.48645,22.65468],[109.51365,22.63845]]]}},{"type":"Feature","id":"CTAMAP-2019-COUNTY-1197","properties":{"map_level":"county","source_name":"凌云县","source_code":"451027","county_type":"县","prefecture_name":"百色市","prefecture_code":"451000","prefecture_type":"地级市","parent_entity_id":"CNUR-000226","parent_year_end_name":"百色市","province_name":"广西壮族自治区","province_code":"450000","snapshot_year":2019,"panel_year":2018,"link_status":"parent_linked","former_name":"","note":""},"geometry":{"type":"Polygon","coordinates":[[[106.92266,24.2573],[106.9104,24.22033],[106.86381,24.19587],[106.81999,24.20191],[106.78301,24.1796],[106.74523,24.20765],[106.73631,24.19416],[106.72372,24.20087],[106.71383,24.16399],[106.69349,24.16812],[106.6669,24.13798],[106.59865,24.11944],[106.58544,24.09645],[106.49931,24.12904],[106.46712,24.15491],[106.47522,24.2161],[106.39935,24.32884],[106.40563,24.34798],[106.42876,24.34584],[106.4344,24.37207],[106.411,24.39377],[106.38092,24.38943],[106.38665,24.4276],[106.40614,24.42643],[106.42632,24.47216],[106.39701,24.49318],[106.42051,24.51739],[106.41929,24.56473],[106.50657,24.55196],[106.5254,24.58428],[106.51649,24.59565],[106.53206,24.60284],[106.55004,24.58369],[106.56563,24.59338],[106.57617,24.57389],[106.61421,24.56681],[106.64486,24.59979],[106.67625,24.60468],[106.6885,24.58946],[106.71621,24.61975],[106.75064,24.61984],[106.77422,24.58824],[106.7569,24.5376],[106.76533,24.51605],[106.79975,24.51581],[106.81853,24.48509],[106.79754,24.45943],[106.83079,24.44166],[106.85547,24.39655],[106.87595,24.39177],[106.88522,24.40829],[106.89848,24.38228],[106.87969,24.36044],[106.89873,24.34144],[106.87628,24.31527],[106.90506,24.28334],[106.89541,24.26705],[106.92266,24.2573]]]}},{"type":"Feature","id":"CTAMAP-2019-COUNTY-1204","properties":{"map_level":"county","source_name":"柳北区","source_code":"450205","county_type":"市辖区","prefecture_name":"柳州市","prefecture_code":"450200","prefecture_type":"地级市","parent_entity_id":"CNUR-000218","parent_year_end_name":"柳州市","province_name":"广西壮族自治区","province_code":"450000","snapshot_year":2019,"panel_year":2018,"link_status":"parent_linked","former_name":"","note":""},"geometry":{"type":"Polygon","coordinates":[[[109.50414,24.44457],[109.47056,24.39814],[109.42024,24.38824],[109.41822,24.32435],[109.39555,24.32067],[109.39367,24.34635],[109.30547,24.37955],[109.31222,24.45608],[109.33729,24.47117],[109.32106,24.50092],[109.27826,24.52624],[109.28216,24.57582],[109.34094,24.57324],[109.36122,24.55457],[109.36196,24.52508],[109.39708,24.54006],[109.41666,24.51428],[109.43858,24.5117],[109.40969,24.50752],[109.4396,24.46346],[109.47937,24.47073],[109.50414,24.44457]]]}},{"type":"Feature","id":"CTAMAP-2019-COUNTY-1205","properties":{"map_level":"county","source_name":"柳城县","source_code":"450222","county_type":"县","prefecture_name":"柳州市","prefecture_code":"450200","prefecture_type":"地级市","parent_entity_id":"CNUR-000218","parent_year_end_name":"柳州市","province_name":"广西壮族自治区","province_code":"450000","snapshot_year":2019,"panel_year":2018,"link_status":"parent_linked","former_name":"","note":""},"geometry":{"type":"Polygon","coordinates":[[[109.15473,24.82261],[109.21905,24.82429],[109.24563,24.78426],[109.27724,24.78602],[109.30214,24.75916],[109.33314,24.75834],[109.38782,24.80912],[109.38593,24.78392],[109.40721,24.7582],[109.47794,24.75678],[109.50742,24.77356],[109.52176,24.76247],[109.53102,24.73186],[109.48814,24.70696],[109.49818,24.69289],[109.47204,24.65505],[109.49932,24.62757],[109.55141,24.62293],[109.54815,24.60469],[109.57729,24.60619],[109.60583,24.56086],[109.59171,24.54272],[109.55982,24.53903],[109.55451,24.51502],[109.57847,24.49993],[109.53275,24.44182],[109.49367,24.44457],[109.47937,24.47073],[109.44424,24.46039],[109.40969,24.50752],[109.43843,24.51192],[109.41666,24.51428],[109.39708,24.54006],[109.36044,24.52578],[109.35768,24.56097],[109.31336,24.58336],[109.28216,24.57582],[109.27336,24.53732],[109.33729,24.47117],[109.25638,24.42829],[109.19523,24.44398],[109.19735,24.45939],[109.17406,24.46731],[109.14697,24.51345],[109.13015,24.48822],[109.09062,24.47306],[109.07369,24.49072],[109.02097,24.48008],[108.98674,24.49213],[108.94653,24.47375],[108.91346,24.50403],[108.88577,24.50727],[108.88252,24.52349],[108.83331,24.53547],[108.84743,24.573],[108.91168,24.59548],[108.89694,24.62416],[108.95337,24.64676],[108.97393,24.67532],[108.95068,24.6889],[108.93437,24.74029],[108.96859,24.74057],[108.95243,24.75276],[108.98954,24.75981],[109.03339,24.8278],[109.08677,24.83322],[109.09698,24.80106],[109.12922,24.79417],[109.15473,24.82261]]]}},{"type":"Feature","id":"CTAMAP-2019-COUNTY-1207","properties":{"map_level":"county","source_name":"柳江区","source_code":"450206","county_type":"市辖区","prefecture_name":"柳州市","prefecture_code":"450200","prefecture_type":"地级市","parent_entity_id":"CNUR-000218","parent_year_end_name":"柳州市","province_name":"广西壮族自治区","province_code":"450000","snapshot_year":2019,"panel_year":2018,"link_status":"parent_linked","former_name":"柳江县","note":"2016年撤销柳江县，设立柳江区"},"geometry":{"type":"Polygon","coordinates":[[[109.40408,24.2455],[109.40117,24.22285],[109.42905,24.21209],[109.47285,24.23893],[109.4791,24.18599],[109.46661,24.18509],[109.4675,24.20502],[109.43776,24.17796],[109.48148,24.15416],[109.50111,24.0798],[109.54497,24.06554],[109.50009,24.05334],[109.48059,24.00372],[109.49997,23.99132],[109.48625,23.9651],[109.46651,23.97004],[109.44191,23.94312],[109.43873,23.92],[109.35962,23.90882],[109.32021,23.98995],[109.29058,24.00379],[109.28736,24.04544],[109.21971,24.05841],[109.21629,24.02262],[109.14365,24.02468],[109.13233,24.06126],[109.09058,24.06678],[109.09576,24.09276],[109.05219,24.09447],[109.02586,24.128],[108.97119,24.12278],[108.95949,24.17],[108.92783,24.18642],[108.9376,24.24449],[108.91314,24.27121],[108.92937,24.32442],[108.91983,24.36569],[108.97343,24.38985],[108.99559,24.37754],[109.0096,24.40442],[109.03394,24.41317],[109.05083,24.40518],[109.04902,24.38301],[109.06198,24.38663],[109.05806,24.37231],[109.10781,24.3708],[109.11023,24.33839],[109.12696,24.33839],[109.11173,24.30944],[109.16465,24.29467],[109.18184,24.3105],[109.22179,24.30612],[109.23114,24.31957],[109.23739,24.29857],[109.27556,24.31677],[109.29863,24.30825],[109.30492,24.27745],[109.3344,24.26317],[109.37274,24.27549],[109.37925,24.25367],[109.40408,24.2455]]]}},{"type":"Feature","id":"CTAMAP-2019-COUNTY-1209","properties":{"map_level":"county","source_name":"柳南区","source_code":"450204","county_type":"市辖区","prefecture_name":"柳州市","prefecture_code":"450200","prefecture_type":"地级市","parent_entity_id":"CNUR-000218","parent_year_end_name":"柳州市","province_name":"广西壮族自治区","province_code":"450000","snapshot_year":2019,"panel_year":2018,"link_status":"parent_linked","former_name":"","note":""},"geometry":{"type":"Polygon","coordinates":[[[109.31232,24.45556],[109.30547,24.37955],[109.39476,24.34543],[109.40408,24.2455],[109.37925,24.25367],[109.37274,24.27549],[109.3344,24.26317],[109.30492,24.27745],[109.29863,24.30825],[109.27556,24.31677],[109.23739,24.29857],[109.23114,24.31957],[109.22179,24.30612],[109.18184,24.3105],[109.16465,24.29467],[109.11173,24.30944],[109.12696,24.33839],[109.11023,24.33839],[109.10781,24.3708],[109.06138,24.3705],[109.06198,24.38663],[109.04464,24.39085],[109.05083,24.40518],[109.0096,24.40442],[109.00091,24.42499],[109.04299,24.45951],[109.03027,24.48842],[109.07369,24.49072],[109.09062,24.47306],[109.13015,24.48822],[109.14697,24.51345],[109.20157,24.43934],[109.25638,24.42829],[109.31232,24.45556]]]}},{"type":"Feature","id":"CTAMAP-2019-COUNTY-1234","properties":{"map_level":"county","source_name":"龙胜各族自治县","source_code":"450328","county_type":"自治县","prefecture_name":"桂林市","prefecture_code":"450300","prefecture_type":"地级市","parent_entity_id":"CNUR-000219","parent_year_end_name":"桂林市","province_name":"广西壮族自治区","province_code":"450000","snapshot_year":2019,"panel_year":2018,"link_status":"parent_linked","former_name":"","note":""},"geometry":{"type":"Polygon","coordinates":[[[110.27651,25.97046],[110.29814,25.94415],[110.28379,25.8925],[110.33858,25.89347],[110.35244,25.84412],[110.30261,25.8403],[110.2697,25.78937],[110.20998,25.7873],[110.17514,25.69785],[110.13893,25.69061],[110.12182,25.66182],[110.04575,25.68612],[110.02539,25.6711],[109.98696,25.68556],[109.96914,25.66974],[109.91569,25.66898],[109.93954,25.62475],[109.92212,25.55961],[109.86223,25.58238],[109.82683,25.54413],[109.84832,25.50237],[109.83155,25.48942],[109.79899,25.49671],[109.79004,25.48066],[109.77412,25.49295],[109.77212,25.53919],[109.73731,25.55359],[109.73741,25.58241],[109.80939,25.66064],[109.77679,25.69312],[109.79958,25.73613],[109.71849,25.81063],[109.73075,25.85652],[109.755,25.87849],[109.77684,25.86979],[109.81195,25.88472],[109.8265,25.91266],[109.81034,25.97905],[109.782,25.98978],[109.78564,26.01717],[109.80811,26.04804],[109.86172,26.03101],[109.87913,26.04764],[109.90834,26.1558],[109.96469,26.204],[109.98064,26.18593],[110.01207,26.18782],[110.02397,26.16795],[110.09241,26.17324],[110.09657,26.13669],[110.05807,26.04143],[110.08068,26.04535],[110.1011,26.02269],[110.11948,26.04047],[110.1538,26.02077],[110.18836,26.07164],[110.23582,26.03824],[110.2559,25.99494],[110.24526,25.97403],[110.27651,25.97046]]]}},{"type":"Feature","id":"CTAMAP-2019-COUNTY-1238","properties":{"map_level":"county","source_name":"龙圩区","source_code":"450406","county_type":"市辖区","prefecture_name":"梧州市","prefecture_code":"450400","prefecture_type":"地级市","parent_entity_id":"CNUR-000220","parent_year_end_name":"梧州市","province_name":"广西壮族自治区","province_code":"450000","snapshot_year":2019,"panel_year":2018,"link_status":"parent_linked","former_name":"","note":""},"geometry":{"type":"Polygon","coordinates":[[[111.38053,23.41095],[111.387,23.38576],[111.35674,23.32984],[111.37224,23.30751],[111.34387,23.27461],[111.36705,23.2651],[111.35943,23.24351],[111.383,23.2146],[111.37892,23.16953],[111.39401,23.16299],[111.36351,23.14568],[111.37613,23.12585],[111.36855,23.09247],[111.38846,23.07111],[111.42903,23.07476],[111.42878,23.03912],[111.38436,23.00876],[111.39776,22.9903],[111.35698,22.97036],[111.33684,23.01377],[111.29111,23.00992],[111.2796,23.06085],[111.2292,23.06648],[111.24486,23.09914],[111.21358,23.11306],[111.20866,23.13523],[111.12325,23.11978],[111.11279,23.15696],[111.15549,23.23944],[111.13911,23.34729],[111.19081,23.36526],[111.17089,23.42208],[111.235,23.42715],[111.26174,23.45735],[111.31131,23.4254],[111.38053,23.41095]]]}},{"type":"Feature","id":"CTAMAP-2019-COUNTY-1241","properties":{"map_level":"county","source_name":"龙州县","source_code":"451423","county_type":"县","prefecture_name":"崇左市","prefecture_code":"451400","prefecture_type":"地级市","parent_entity_id":"CNUR-000230","parent_year_end_name":"崇左市","province_name":"广西壮族自治区","province_code":"450000","snapshot_year":2019,"panel_year":2018,"link_status":"parent_linked","former_name":"","note":""},"geometry":{"type":"Polygon","coordinates":[[[107.12707,22.49511],[107.14842,22.45256],[107.20269,22.46263],[107.20671,22.42373],[107.16442,22.39718],[107.16241,22.36945],[107.09349,22.37575],[107.05157,22.33285],[107.07506,22.28035],[107.01628,22.25886],[106.98453,22.28463],[106.99126,22.24672],[106.95951,22.21214],[106.92275,22.20256],[106.89074,22.16065],[106.88378,22.17446],[106.86097,22.17022],[106.83016,22.14674],[106.78104,22.16156],[106.80056,22.19252],[106.73089,22.20764],[106.71936,22.26218],[106.67101,22.28347],[106.65496,22.33807],[106.55876,22.35315],[106.59207,22.38869],[106.5656,22.40922],[106.55725,22.46242],[106.57498,22.47289],[106.60291,22.60063],[106.62683,22.60954],[106.65747,22.57813],[106.72057,22.58336],[106.71786,22.61683],[106.7531,22.6757],[106.77028,22.74626],[106.79552,22.74066],[106.81167,22.70564],[106.82701,22.70592],[106.90843,22.62177],[106.93066,22.61275],[106.95674,22.6253],[107.00927,22.59715],[107.00498,22.56886],[107.03413,22.55289],[107.03858,22.53032],[107.06855,22.52719],[107.07354,22.49901],[107.12707,22.49511]]]}},{"type":"Feature","id":"CTAMAP-2019-COUNTY-1243","properties":{"map_level":"county","source_name":"隆安县","source_code":"450123","county_type":"县","prefecture_name":"南宁市","prefecture_code":"450100","prefecture_type":"地级市","parent_entity_id":"CNUR-000217","parent_year_end_name":"南宁市","province_name":"广西壮族自治区","province_code":"450000","snapshot_year":2019,"panel_year":2018,"link_status":"parent_linked","former_name":"","note":""},"geometry":{"type":"Polygon","coordinates":[[[107.83087,23.34233],[107.83229,23.32185],[107.83792,23.33354],[107.85891,23.32733],[107.84534,23.30898],[107.8626,23.28418],[107.84662,23.26003],[107.87674,23.26285],[107.84474,23.22626],[107.87195,23.22762],[107.87603,23.2077],[107.91088,23.23251],[107.93006,23.22436],[107.92138,23.21588],[107.96163,23.19467],[107.95489,23.18374],[107.98582,23.18809],[108.0,23.14911],[108.03542,23.16479],[108.05459,23.15243],[108.08079,23.0979],[108.0175,23.06783],[107.87202,22.93751],[107.85752,22.96071],[107.82825,22.96235],[107.82361,22.94305],[107.7597,22.91859],[107.739,22.94855],[107.63952,22.94973],[107.62994,22.93856],[107.69953,22.88129],[107.6878,22.86453],[107.66541,22.8594],[107.647,22.90274],[107.61206,22.90723],[107.56823,22.8913],[107.57048,22.86457],[107.50324,22.84659],[107.47197,22.92417],[107.49646,22.94018],[107.49631,22.98313],[107.47273,23.03518],[107.43984,23.05457],[107.38356,23.05123],[107.36628,23.03199],[107.33228,23.05138],[107.35053,23.08398],[107.38788,23.09835],[107.32462,23.13464],[107.35518,23.1525],[107.34072,23.1935],[107.36397,23.19942],[107.38327,23.2526],[107.42243,23.26043],[107.47639,23.25133],[107.46263,23.23046],[107.47247,23.2234],[107.48873,23.2366],[107.55936,23.20693],[107.55903,23.22981],[107.58203,23.23278],[107.56662,23.28476],[107.57869,23.29917],[107.64443,23.27751],[107.69762,23.28132],[107.70867,23.30196],[107.74597,23.31394],[107.74403,23.33917],[107.76963,23.35246],[107.81481,23.34656],[107.81366,23.33432],[107.83087,23.34233]],[[107.9866,23.1089],[107.96352,23.08783],[107.96618,23.07131],[108.00585,23.08095],[108.0091,23.09948],[107.9866,23.1089]]]}},{"type":"Feature","id":"CTAMAP-2019-COUNTY-1248","properties":{"map_level":"county","source_name":"隆林各族自治县","source_code":"451031","county_type":"自治县","prefecture_name":"百色市","prefecture_code":"451000","prefecture_type":"地级市","parent_entity_id":"CNUR-000226","parent_year_end_name":"百色市","province_name":"广西壮族自治区","province_code":"450000","snapshot_year":2019,"panel_year":2018,"link_status":"parent_linked","former_name":"","note":""},"geometry":{"type":"Polygon","coordinates":[[[105.44498,24.91154],[105.49522,24.81138],[105.56505,24.80022],[105.59404,24.81088],[105.62224,24.78083],[105.67484,24.77669],[105.66036,24.74385],[105.68888,24.70202],[105.67983,24.64885],[105.66096,24.6314],[105.67335,24.58044],[105.56238,24.45953],[105.57369,24.44594],[105.64131,24.45951],[105.62754,24.40165],[105.56672,24.37231],[105.53387,24.39133],[105.50857,24.37876],[105.46033,24.39534],[105.33491,24.39922],[105.32055,24.42706],[105.24136,24.4524],[105.22735,24.48684],[105.23356,24.5218],[105.174,24.51909],[105.14559,24.56668],[105.11458,24.54845],[105.08783,24.60171],[105.05016,24.57095],[104.96815,24.57956],[104.95913,24.56757],[104.93634,24.5806],[104.89471,24.54644],[104.86372,24.5535],[104.85729,24.59492],[104.83732,24.58624],[104.82332,24.60044],[104.83476,24.65776],[104.82063,24.66343],[104.85635,24.70056],[104.86634,24.73683],[105.03097,24.79093],[105.03349,24.8731],[105.097,24.93924],[105.13123,24.96584],[105.15435,24.96195],[105.19068,24.99661],[105.2572,24.96611],[105.26363,24.93305],[105.32136,24.92696],[105.38835,24.94463],[105.44498,24.91154]],[[105.08558,24.91748],[105.0955,24.93192],[105.07826,24.91768],[105.08558,24.91748]]]}},{"type":"Feature","id":"CTAMAP-2019-COUNTY-1273","properties":{"map_level":"county","source_name":"陆川县","source_code":"450922","county_type":"县","prefecture_name":"玉林市","prefecture_code":"450900","prefecture_type":"地级市","parent_entity_id":"CNUR-000225","parent_year_end_name":"玉林市","province_name":"广西壮族自治区","province_code":"450000","snapshot_year":2019,"panel_year":2018,"link_status":"parent_linked","former_name":"","note":""},"geometry":{"type":"Polygon","coordinates":[[[110.24357,22.60144],[110.25336,22.58373],[110.29165,22.5819],[110.3126,22.56372],[110.30884,22.54349],[110.34516,22.50917],[110.31951,22.46792],[110.33453,22.45594],[110.3235,22.43901],[110.35946,22.43662],[110.36842,22.41458],[110.34205,22.35931],[110.42595,22.33553],[110.41612,22.30146],[110.401,22.29851],[110.39671,22.24064],[110.37479,22.23084],[110.41367,22.21175],[110.40616,22.19312],[110.37633,22.16677],[110.34388,22.19874],[110.32193,22.16322],[110.36056,22.12691],[110.3616,22.09952],[110.3461,22.09962],[110.34847,21.97902],[110.38669,21.95269],[110.36839,21.9361],[110.39127,21.91608],[110.38305,21.89276],[110.33133,21.88982],[110.19605,21.95622],[110.173,22.0295],[110.18473,22.05704],[110.149,22.08225],[110.15825,22.14272],[110.1303,22.14178],[110.12227,22.19737],[110.09985,22.2276],[110.08012,22.23012],[110.19962,22.30625],[110.15531,22.33562],[110.14997,22.36213],[110.17267,22.393],[110.12907,22.46209],[110.15281,22.48671],[110.15053,22.51022],[110.12414,22.52994],[110.18543,22.54517],[110.17163,22.56173],[110.1879,22.58922],[110.21259,22.59691],[110.22958,22.58502],[110.24357,22.60144]]]}},{"type":"Feature","id":"CTAMAP-2019-COUNTY-1280","properties":{"map_level":"county","source_name":"鹿寨县","source_code":"450223","county_type":"县","prefecture_name":"柳州市","prefecture_code":"450200","prefecture_type":"地级市","parent_entity_id":"CNUR-000218","parent_year_end_name":"柳州市","province_name":"广西壮族自治区","province_code":"450000","snapshot_year":2019,"panel_year":2018,"link_status":"parent_linked","former_name":"","note":""},"geometry":{"type":"Polygon","coordinates":[[[110.08666,24.6507],[110.17233,24.64069],[110.14805,24.62309],[110.16765,24.54997],[110.1374,24.53246],[110.12258,24.47054],[110.06462,24.46327],[110.04615,24.37212],[110.01271,24.33291],[110.0365,24.28854],[110.00862,24.25869],[109.97888,24.26549],[109.93227,24.23767],[109.90443,24.24238],[109.9029,24.27326],[109.93049,24.27448],[109.90661,24.30292],[109.84529,24.27695],[109.84467,24.26181],[109.7975,24.26126],[109.79541,24.23885],[109.75773,24.21539],[109.72777,24.2478],[109.67081,24.26209],[109.61058,24.25712],[109.60609,24.23171],[109.58549,24.24586],[109.55322,24.23697],[109.51409,24.26449],[109.54202,24.28901],[109.52983,24.31826],[109.55718,24.3511],[109.64594,24.32101],[109.64484,24.34239],[109.70489,24.3708],[109.71181,24.39143],[109.69002,24.42193],[109.64557,24.43412],[109.64413,24.45808],[109.67497,24.49894],[109.65585,24.52943],[109.66561,24.56027],[109.63842,24.57405],[109.60907,24.55858],[109.57729,24.60619],[109.54815,24.60469],[109.55141,24.62293],[109.49932,24.62757],[109.47204,24.65505],[109.49818,24.69289],[109.48814,24.70696],[109.53102,24.73186],[109.52176,24.76247],[109.55544,24.77199],[109.56817,24.82973],[109.65198,24.83625],[109.66005,24.86044],[109.74481,24.82542],[109.80297,24.81732],[109.8296,24.83198],[109.84836,24.8099],[109.884,24.81392],[109.88517,24.77163],[109.89857,24.76104],[109.93519,24.78281],[109.9344,24.72095],[109.95563,24.70146],[109.97976,24.71303],[109.98487,24.68086],[110.02062,24.66185],[110.06234,24.68511],[110.08666,24.6507]]]}},{"type":"Feature","id":"CTAMAP-2019-COUNTY-1296","properties":{"map_level":"county","source_name":"罗城仫佬族自治县","source_code":"451225","county_type":"自治县","prefecture_name":"河池市","prefecture_code":"451200","prefecture_type":"地级市","parent_entity_id":"CNUR-000228","parent_year_end_name":"河池市","province_name":"广西壮族自治区","province_code":"450000","snapshot_year":2019,"panel_year":2018,"link_status":"parent_linked","former_name":"","note":""},"geometry":{"type":"Polygon","coordinates":[[[109.15294,24.8387],[109.12922,24.79417],[109.09698,24.80106],[109.08677,24.83322],[109.03281,24.82752],[108.98954,24.75981],[108.95243,24.75276],[108.96859,24.74057],[108.92913,24.73324],[108.95068,24.6889],[108.97393,24.67541],[108.95337,24.64676],[108.87464,24.61415],[108.8639,24.62621],[108.79554,24.62698],[108.78264,24.65847],[108.72071,24.623],[108.70929,24.63785],[108.68042,24.6365],[108.67601,24.70239],[108.65529,24.74953],[108.62264,24.72944],[108.60151,24.74069],[108.5705,24.71006],[108.52359,24.75307],[108.52686,24.79579],[108.49942,24.81091],[108.49244,24.88817],[108.47564,24.90634],[108.50769,24.93078],[108.49268,24.93786],[108.51006,24.96046],[108.49786,24.99557],[108.61059,24.99258],[108.60238,25.04386],[108.64994,25.0754],[108.68511,25.05793],[108.69117,25.09281],[108.72756,25.09992],[108.74425,25.1292],[108.79373,25.13061],[108.81059,25.11413],[108.84765,25.15997],[108.85204,25.15812],[108.86078,25.14462],[108.86561,25.14233],[108.90508,25.15528],[108.90072,25.13512],[108.95222,25.12448],[108.98503,25.17689],[109.00169,25.16669],[109.04689,25.19906],[109.09041,25.1698],[109.10171,25.10425],[109.0822,25.06174],[109.08748,25.03599],[108.99336,24.96842],[108.98042,24.94335],[108.99947,24.92189],[109.06343,24.91637],[109.08081,24.91969],[109.0904,24.95057],[109.11648,24.95215],[109.15323,24.91335],[109.13288,24.89443],[109.1423,24.86473],[109.13145,24.8432],[109.15294,24.8387]]]}},{"type":"Feature","id":"CTAMAP-2019-COUNTY-1329","properties":{"map_level":"county","source_name":"马山县","source_code":"450124","county_type":"县","prefecture_name":"南宁市","prefecture_code":"450100","prefecture_type":"地级市","parent_entity_id":"CNUR-000217","parent_year_end_name":"南宁市","province_name":"广西壮族自治区","province_code":"450000","snapshot_year":2019,"panel_year":2018,"link_status":"parent_linked","former_name":"","note":""},"geometry":{"type":"Polygon","coordinates":[[[108.47587,24.02205],[108.49483,23.99314],[108.44325,23.98146],[108.41829,23.92529],[108.47013,23.89254],[108.4422,23.85678],[108.4534,23.84555],[108.41172,23.81984],[108.41634,23.80025],[108.43936,23.80548],[108.43256,23.78807],[108.47042,23.78021],[108.48574,23.74729],[108.46924,23.73601],[108.50009,23.70195],[108.45953,23.65919],[108.40344,23.66626],[108.39225,23.65243],[108.38204,23.62858],[108.40313,23.60415],[108.37683,23.57053],[108.40214,23.5283],[108.32771,23.54729],[108.26325,23.50065],[108.20159,23.50256],[108.19234,23.47806],[108.16392,23.48203],[108.12843,23.4566],[108.06615,23.47227],[108.06684,23.40191],[108.00064,23.41873],[108.00877,23.45334],[107.94018,23.46546],[107.91415,23.48742],[107.83095,23.43092],[107.7324,23.45379],[107.73531,23.52642],[107.71161,23.55779],[107.7533,23.57546],[107.78936,23.56888],[107.81717,23.61039],[107.86798,23.60153],[107.93543,23.66257],[107.96688,23.62876],[107.99187,23.63958],[107.99231,23.67096],[108.03435,23.71013],[108.0126,23.76252],[108.01937,23.78194],[108.05407,23.80336],[108.09062,23.79811],[108.12789,23.85522],[108.17255,23.82462],[108.17641,23.85573],[108.19902,23.87426],[108.21777,23.85759],[108.22867,23.80958],[108.2483,23.81687],[108.25262,23.80609],[108.26033,23.82012],[108.27503,23.80062],[108.30507,23.84185],[108.28642,23.85004],[108.30894,23.90014],[108.36265,23.92642],[108.35061,23.97181],[108.36594,23.9856],[108.36381,24.01038],[108.40773,24.03382],[108.44146,24.03082],[108.45354,24.0124],[108.47587,24.02205]]]}},{"type":"Feature","id":"CTAMAP-2019-COUNTY-1357","properties":{"map_level":"county","source_name":"蒙山县","source_code":"450423","county_type":"县","prefecture_name":"梧州市","prefecture_code":"450400","prefecture_type":"地级市","parent_entity_id":"CNUR-000220","parent_year_end_name":"梧州市","province_name":"广西壮族自治区","province_code":"450000","snapshot_year":2019,"panel_year":2018,"link_status":"parent_linked","former_name":"","note":""},"geometry":{"type":"Polygon","coordinates":[[[110.56665,24.36359],[110.57223,24.32454],[110.61971,24.31482],[110.60123,24.25533],[110.62067,24.25204],[110.62856,24.22316],[110.67258,24.21402],[110.71947,24.17383],[110.68445,24.12536],[110.68372,24.07862],[110.66918,24.06364],[110.74846,24.01548],[110.7307,24.00963],[110.71797,23.94954],[110.76537,23.94754],[110.71845,23.88174],[110.64727,23.88209],[110.62869,23.86001],[110.57692,23.89403],[110.58407,23.92],[110.52549,24.03913],[110.48139,24.05226],[110.42451,24.00953],[110.39945,24.01744],[110.39131,24.06088],[110.37191,24.04254],[110.35682,24.06425],[110.33629,24.05842],[110.3711,24.08447],[110.36047,24.10635],[110.37913,24.1276],[110.39825,24.09973],[110.40753,24.11809],[110.45635,24.12806],[110.41387,24.15109],[110.45185,24.18663],[110.39908,24.225],[110.35247,24.22163],[110.3671,24.27755],[110.32182,24.27955],[110.32563,24.29972],[110.41591,24.34144],[110.45684,24.31647],[110.47502,24.33941],[110.46427,24.36174],[110.49993,24.346],[110.54244,24.40702],[110.55006,24.36834],[110.56665,24.36359]]]}},{"type":"Feature","id":"CTAMAP-2019-COUNTY-1409","properties":{"map_level":"county","source_name":"那坡县","source_code":"451026","county_type":"县","prefecture_name":"百色市","prefecture_code":"451000","prefecture_type":"地级市","parent_entity_id":"CNUR-000226","parent_year_end_name":"百色市","province_name":"广西壮族自治区","province_code":"450000","snapshot_year":2019,"panel_year":2018,"link_status":"parent_linked","former_name":"","note":""},"geometry":{"type":"Polygon","coordinates":[[[106.07634,23.50295],[106.10665,23.47371],[106.07629,23.42791],[106.09124,23.40281],[106.09106,23.34906],[106.03417,23.31479],[106.02717,23.2862],[105.99287,23.28527],[106.00835,23.26956],[105.94193,23.2447],[105.9499,23.21364],[105.97157,23.20393],[105.95373,23.12357],[105.96381,23.09485],[105.9411,23.06662],[105.98116,23.01638],[106.0112,23.02636],[106.02861,23.01322],[106.00164,22.98427],[106.00454,22.95153],[105.90669,22.94334],[105.87591,22.91867],[105.83463,22.99222],[105.74139,23.03353],[105.7239,23.06504],[105.64419,23.08302],[105.62492,23.06662],[105.56295,23.07645],[105.56523,23.16363],[105.52631,23.22448],[105.53081,23.24522],[105.56298,23.25892],[105.58305,23.31041],[105.64846,23.34973],[105.67135,23.34277],[105.67669,23.32435],[105.69778,23.33197],[105.66697,23.35433],[105.69087,23.36962],[105.62627,23.40476],[105.69632,23.40065],[105.75656,23.46339],[105.80915,23.46862],[105.82076,23.51683],[105.86431,23.53605],[105.90031,23.52196],[105.9033,23.50039],[105.98962,23.49388],[105.98279,23.45864],[105.99564,23.44902],[106.03256,23.48937],[106.04747,23.48186],[106.07634,23.50295]]]}},{"type":"Feature","id":"CTAMAP-2019-COUNTY-1421","properties":{"map_level":"county","source_name":"南丹县","source_code":"451221","county_type":"县","prefecture_name":"河池市","prefecture_code":"451200","prefecture_type":"地级市","parent_entity_id":"CNUR-000228","parent_year_end_name":"河池市","province_name":"广西壮族自治区","province_code":"450000","snapshot_year":2019,"panel_year":2018,"link_status":"parent_linked","former_name":"","note":""},"geometry":{"type":"Polygon","coordinates":[[[107.3236,25.50197],[107.33116,25.46308],[107.321,25.4387],[107.30172,25.43385],[107.30588,25.41214],[107.35418,25.39614],[107.36906,25.41369],[107.41846,25.38874],[107.39697,25.34954],[107.41721,25.33417],[107.42131,25.29479],[107.44256,25.27776],[107.47028,25.29742],[107.48273,25.28912],[107.46748,25.21714],[107.5045,25.22254],[107.51342,25.21034],[107.56501,25.2527],[107.59066,25.25164],[107.58868,25.26517],[107.61118,25.27072],[107.61837,25.30806],[107.66237,25.32204],[107.64935,25.29889],[107.66443,25.27957],[107.65947,25.24937],[107.69664,25.22046],[107.68224,25.19709],[107.73842,25.24153],[107.75889,25.23488],[107.75509,25.19287],[107.78763,25.14809],[107.7601,25.12135],[107.83205,25.12181],[107.8727,25.08199],[107.87591,25.02954],[107.90227,24.99674],[107.90975,24.95871],[107.87071,24.88766],[107.82087,24.92396],[107.78597,24.92162],[107.73893,24.88904],[107.69887,24.89176],[107.67755,24.87253],[107.72054,24.83339],[107.70386,24.81111],[107.71711,24.76978],[107.67354,24.77182],[107.63141,24.74705],[107.6083,24.78614],[107.61322,24.80981],[107.57085,24.80398],[107.55733,24.78273],[107.58348,24.71022],[107.56592,24.69677],[107.51511,24.7416],[107.48604,24.73322],[107.4472,24.76011],[107.40915,24.74363],[107.39421,24.70518],[107.36092,24.70667],[107.33725,24.72964],[107.33235,24.83175],[107.26612,24.88663],[107.27047,24.91023],[107.32779,24.91019],[107.32942,24.95221],[107.29746,25.05473],[107.28425,25.07453],[107.26225,25.06992],[107.23282,25.12111],[107.20721,25.11723],[107.20678,25.14042],[107.22984,25.15123],[107.20565,25.1747],[107.22807,25.19389],[107.16133,25.20711],[107.1066,25.28534],[107.11372,25.30872],[107.13145,25.30936],[107.13609,25.38017],[107.16457,25.38483],[107.16357,25.3959],[107.09408,25.3941],[107.07547,25.4439],[107.0219,25.46007],[107.00376,25.48254],[107.0113,25.4986],[107.06692,25.51559],[107.06152,25.56036],[107.17215,25.57733],[107.20313,25.61334],[107.23692,25.59635],[107.22878,25.55433],[107.3236,25.50197]]]}},{"type":"Feature","id":"CTAMAP-2019-COUNTY-1477","properties":{"map_level":"county","source_name":"宁明县","source_code":"451422","county_type":"县","prefecture_name":"崇左市","prefecture_code":"451400","prefecture_type":"地级市","parent_entity_id":"CNUR-000230","parent_year_end_name":"崇左市","province_name":"广西壮族自治区","province_code":"450000","snapshot_year":2019,"panel_year":2018,"link_status":"parent_linked","former_name":"","note":""},"geometry":{"type":"Polygon","coordinates":[[[107.16241,22.36945],[107.16462,22.32838],[107.19106,22.36096],[107.19633,22.347],[107.22647,22.35446],[107.23862,22.32787],[107.26242,22.34378],[107.28653,22.33462],[107.25759,22.29219],[107.26495,22.27574],[107.24387,22.26466],[107.24189,22.22342],[107.31665,22.20795],[107.32525,22.17449],[107.45764,22.20743],[107.48486,22.19455],[107.50533,22.21395],[107.50371,22.15866],[107.55404,22.16024],[107.5754,22.20198],[107.59863,22.18562],[107.62434,22.19074],[107.6361,22.13651],[107.66574,22.11971],[107.65367,22.09592],[107.67481,22.08518],[107.64287,22.05909],[107.64841,22.03943],[107.6291,22.04122],[107.584,21.98507],[107.56852,21.95528],[107.57626,21.93928],[107.55393,21.9344],[107.53849,21.88826],[107.56871,21.84743],[107.54486,21.80921],[107.56714,21.79347],[107.54451,21.76379],[107.55566,21.72769],[107.49369,21.67867],[107.50019,21.66459],[107.43494,21.64983],[107.38259,21.59653],[107.35994,21.60148],[107.35838,21.65646],[107.30226,21.7393],[107.25943,21.72788],[107.24287,21.70618],[107.2126,21.71246],[107.08725,21.80527],[107.01564,21.82065],[107.00776,21.85288],[107.05609,21.8911],[107.0549,21.91995],[106.99497,21.94955],[106.95169,21.92516],[106.9158,21.97243],[106.91308,21.98361],[106.94052,21.97821],[106.96652,21.99293],[106.97637,22.01114],[106.95993,22.04015],[106.99636,22.05472],[106.98489,22.09675],[106.95113,22.10319],[106.94298,22.1452],[106.9785,22.18932],[106.95983,22.21865],[106.9935,22.24989],[106.98431,22.28443],[107.01092,22.25946],[107.05235,22.26757],[107.079,22.28763],[107.05221,22.33456],[107.09349,22.37575],[107.16241,22.36945]]]}},{"type":"Feature","id":"CTAMAP-2019-COUNTY-1517","properties":{"map_level":"county","source_name":"平桂区","source_code":"451103","county_type":"市辖区","prefecture_name":"贺州市","prefecture_code":"451100","prefecture_type":"地级市","parent_entity_id":"CNUR-000227","parent_year_end_name":"贺州市","province_name":"广西壮族自治区","province_code":"450000","snapshot_year":2019,"panel_year":2018,"link_status":"parent_linked","former_name":"","note":"2016年新设平桂区"},"geometry":{"type":"Polygon","coordinates":[[[111.56992,24.65168],[111.58441,24.62742],[111.58263,24.57953],[111.63825,24.56199],[111.6781,24.51678],[111.66204,24.47781],[111.60047,24.479],[111.57579,24.43201],[111.50708,24.41119],[111.52969,24.39394],[111.59274,24.39185],[111.58471,24.37193],[111.61118,24.32196],[111.58293,24.29013],[111.59691,24.20715],[111.49293,24.16491],[111.4844,24.14375],[111.49594,24.13347],[111.47809,24.13109],[111.46918,24.09093],[111.39727,24.07745],[111.40321,24.04829],[111.38929,24.02235],[111.41157,23.94541],[111.39123,23.9096],[111.35587,23.89175],[111.3615,23.87316],[111.30785,23.86746],[111.28402,23.88715],[111.24032,23.88759],[111.20249,23.94649],[111.2367,23.97778],[111.23071,24.00964],[111.26704,24.09965],[111.30105,24.1065],[111.30665,24.17517],[111.27482,24.20407],[111.31209,24.23521],[111.30739,24.31675],[111.31789,24.32356],[111.35404,24.28809],[111.39254,24.30056],[111.42757,24.38957],[111.42686,24.40934],[111.35482,24.44002],[111.35589,24.46013],[111.32472,24.47619],[111.34566,24.49392],[111.34007,24.51367],[111.3716,24.52687],[111.32817,24.55698],[111.34661,24.58148],[111.33045,24.64942],[111.35492,24.65617],[111.39385,24.62492],[111.47622,24.6676],[111.50056,24.66813],[111.52394,24.63984],[111.56992,24.65168]]]}},{"type":"Feature","id":"CTAMAP-2019-COUNTY-1518","properties":{"map_level":"county","source_name":"平果县","source_code":"451023","county_type":"县","prefecture_name":"百色市","prefecture_code":"451000","prefecture_type":"地级市","parent_entity_id":"CNUR-000226","parent_year_end_name":"百色市","province_name":"广西壮族自治区","province_code":"450000","snapshot_year":2019,"panel_year":2018,"link_status":"parent_linked","former_name":"平果县","note":""},"geometry":{"type":"Polygon","coordinates":[[[107.71161,23.55779],[107.73404,23.53271],[107.7263,23.48359],[107.74207,23.44543],[107.83095,23.43092],[107.88295,23.44411],[107.85154,23.38886],[107.82494,23.37302],[107.82604,23.33752],[107.76963,23.35246],[107.74403,23.33917],[107.74597,23.31394],[107.70867,23.30196],[107.69762,23.28132],[107.64443,23.27751],[107.57869,23.29917],[107.56662,23.28476],[107.58203,23.23278],[107.55903,23.22981],[107.55936,23.20693],[107.48873,23.2366],[107.46513,23.22644],[107.46802,23.25503],[107.37963,23.24777],[107.38097,23.27008],[107.36293,23.27044],[107.35036,23.29365],[107.35001,23.32905],[107.29634,23.34478],[107.34893,23.38865],[107.34447,23.42494],[107.40365,23.44502],[107.39806,23.46175],[107.41299,23.47604],[107.439,23.46],[107.41557,23.50964],[107.43235,23.53818],[107.42047,23.5578],[107.43078,23.565],[107.41032,23.5811],[107.42406,23.61082],[107.39714,23.62952],[107.37438,23.62222],[107.34783,23.651],[107.39813,23.67627],[107.42982,23.67172],[107.39399,23.69859],[107.40225,23.7177],[107.35876,23.73537],[107.37234,23.7623],[107.36064,23.78069],[107.36905,23.83691],[107.44899,23.83465],[107.47542,23.88087],[107.4899,23.87229],[107.51451,23.8957],[107.54658,23.88487],[107.5285,23.8539],[107.56775,23.83914],[107.5646,23.80649],[107.60167,23.78511],[107.64043,23.77711],[107.67248,23.80795],[107.69546,23.79402],[107.7392,23.80268],[107.74903,23.79585],[107.7321,23.78664],[107.74837,23.76129],[107.78432,23.77027],[107.80718,23.75718],[107.82942,23.7188],[107.81988,23.67904],[107.79486,23.66104],[107.77076,23.6767],[107.70398,23.63357],[107.71161,23.55779]]]}},{"type":"Feature","id":"CTAMAP-2019-COUNTY-1522","properties":{"map_level":"county","source_name":"平乐县","source_code":"450330","county_type":"县","prefecture_name":"桂林市","prefecture_code":"450300","prefecture_type":"地级市","parent_entity_id":"CNUR-000219","parent_year_end_name":"桂林市","province_name":"广西壮族自治区","province_code":"450000","snapshot_year":2019,"panel_year":2018,"link_status":"parent_linked","former_name":"","note":""},"geometry":{"type":"Polygon","coordinates":[[[110.98737,24.62569],[111.0,24.60459],[110.9782,24.5798],[111.04533,24.49946],[111.02519,24.48382],[111.03703,24.45371],[111.01262,24.44834],[111.01781,24.42516],[110.98747,24.37892],[110.95677,24.37488],[111.02073,24.34882],[110.97475,24.30087],[110.95547,24.30156],[110.93902,24.34007],[110.87902,24.26126],[110.84536,24.39282],[110.81027,24.38925],[110.78525,24.35873],[110.78961,24.32261],[110.73105,24.32706],[110.69263,24.34436],[110.69028,24.36848],[110.6533,24.37481],[110.64969,24.44074],[110.58643,24.44787],[110.57932,24.54424],[110.55413,24.55941],[110.57526,24.63884],[110.6148,24.66884],[110.58345,24.73552],[110.65895,24.77367],[110.63694,24.79345],[110.65697,24.80407],[110.65283,24.85503],[110.66016,24.87145],[110.67726,24.86831],[110.67546,24.89707],[110.75962,24.83901],[110.77381,24.84393],[110.77576,24.78946],[110.80267,24.77741],[110.80267,24.76346],[110.81993,24.77954],[110.83497,24.76873],[110.88595,24.66015],[110.9154,24.63962],[110.94115,24.64169],[110.95908,24.61604],[110.98737,24.62569]]]}},{"type":"Feature","id":"CTAMAP-2019-COUNTY-1527","properties":{"map_level":"county","source_name":"平南县","source_code":"450821","county_type":"县","prefecture_name":"贵港市","prefecture_code":"450800","prefecture_type":"地级市","parent_entity_id":"CNUR-000224","parent_year_end_name":"贵港市","province_name":"广西壮族自治区","province_code":"450000","snapshot_year":2019,"panel_year":2018,"link_status":"parent_linked","former_name":"","note":""},"geometry":{"type":"Polygon","coordinates":[[[110.39945,24.01744],[110.39412,23.96092],[110.35116,23.92839],[110.35475,23.8834],[110.40532,23.8751],[110.40153,23.86186],[110.43845,23.86773],[110.45254,23.84302],[110.47259,23.85476],[110.47731,23.82484],[110.5093,23.79934],[110.54929,23.82448],[110.57908,23.7906],[110.54315,23.72148],[110.54858,23.70493],[110.56718,23.70928],[110.5668,23.6778],[110.53763,23.66017],[110.58387,23.62347],[110.5765,23.59727],[110.61404,23.55418],[110.6246,23.46262],[110.57959,23.44759],[110.57537,23.37937],[110.55957,23.36905],[110.58197,23.36023],[110.58625,23.32569],[110.6112,23.33197],[110.65846,23.30728],[110.64803,23.25037],[110.58475,23.21098],[110.56932,23.22982],[110.54091,23.20556],[110.55096,23.13213],[110.50534,23.10349],[110.49059,23.06827],[110.45596,23.07453],[110.41212,23.04428],[110.39587,23.0647],[110.33583,23.04664],[110.32975,23.06866],[110.34627,23.08853],[110.33517,23.11387],[110.29698,23.12018],[110.26205,23.16198],[110.29829,23.21504],[110.30539,23.28325],[110.3339,23.29307],[110.31614,23.3342],[110.34391,23.36709],[110.34131,23.40042],[110.37005,23.43113],[110.36685,23.46512],[110.34724,23.4712],[110.33879,23.5155],[110.32061,23.52214],[110.32496,23.54167],[110.29196,23.54964],[110.29267,23.5748],[110.25313,23.58157],[110.26395,23.59296],[110.25523,23.61518],[110.2245,23.63909],[110.23822,23.7187],[110.21255,23.71538],[110.21024,23.68827],[110.16976,23.67077],[110.15978,23.73305],[110.09312,23.74864],[110.06417,23.80234],[110.14125,23.88641],[110.18862,23.86015],[110.20814,23.91369],[110.23909,23.89101],[110.25815,23.89852],[110.28792,23.85886],[110.31079,23.91065],[110.29262,23.92135],[110.2853,23.96554],[110.31094,24.02663],[110.38681,24.04402],[110.39945,24.01744]]]}},{"type":"Feature","id":"CTAMAP-2019-COUNTY-1544","properties":{"map_level":"county","source_name":"凭祥市","source_code":"451481","county_type":"县级市","prefecture_name":"崇左市","prefecture_code":"451400","prefecture_type":"地级市","parent_entity_id":"CNUR-000230","parent_year_end_name":"崇左市","province_name":"广西壮族自治区","province_code":"450000","snapshot_year":2019,"panel_year":2018,"link_status":"parent_linked","former_name":"","note":""},"geometry":{"type":"Polygon","coordinates":[[[106.96035,22.21394],[106.9785,22.18932],[106.94297,22.1511],[106.94768,22.11392],[106.98489,22.09675],[106.99708,22.06512],[106.98815,22.0463],[106.95993,22.04015],[106.97637,22.01114],[106.96652,21.99293],[106.94052,21.97821],[106.91308,21.98361],[106.9158,21.97243],[106.86198,21.9878],[106.81585,21.97694],[106.78193,22.00921],[106.73931,22.01329],[106.71799,21.97883],[106.68924,21.9676],[106.67601,21.99578],[106.70248,22.02404],[106.71289,22.0762],[106.68948,22.13893],[106.70295,22.16246],[106.67309,22.18209],[106.67437,22.20685],[106.69879,22.21125],[106.68887,22.27373],[106.71936,22.26218],[106.74261,22.19732],[106.80056,22.19252],[106.77899,22.16785],[106.79822,22.15368],[106.83016,22.14674],[106.88378,22.17446],[106.89074,22.16065],[106.92275,22.20256],[106.96035,22.21394]]]}},{"type":"Feature","id":"CTAMAP-2019-COUNTY-1555","properties":{"map_level":"county","source_name":"浦北县","source_code":"450722","county_type":"县","prefecture_name":"钦州市","prefecture_code":"450700","prefecture_type":"地级市","parent_entity_id":"CNUR-000223","parent_year_end_name":"钦州市","province_name":"广西壮族自治区","province_code":"450000","snapshot_year":2019,"panel_year":2018,"link_status":"parent_linked","former_name":"","note":""},"geometry":{"type":"Polygon","coordinates":[[[109.57762,22.68418],[109.62327,22.6577],[109.65801,22.6654],[109.65971,22.6099],[109.7158,22.58237],[109.71456,22.56203],[109.75884,22.56265],[109.75843,22.58714],[109.77265,22.58997],[109.85421,22.55808],[109.86398,22.51056],[109.80462,22.4399],[109.85073,22.408],[109.85882,22.38512],[109.83481,22.35739],[109.85021,22.34653],[109.84274,22.31957],[109.80813,22.3102],[109.77546,22.32526],[109.72804,22.38476],[109.72376,22.36009],[109.65985,22.32877],[109.67556,22.30315],[109.6395,22.32126],[109.5887,22.30707],[109.57733,22.19945],[109.55358,22.18891],[109.54027,22.10522],[109.57552,22.06898],[109.56645,22.05148],[109.59184,21.9743],[109.57084,21.97271],[109.59524,21.94885],[109.59029,21.92296],[109.60105,21.93384],[109.60383,21.91209],[109.53861,21.90175],[109.51956,21.87527],[109.48756,21.88445],[109.4774,21.90517],[109.45417,21.88957],[109.42973,21.92141],[109.41037,21.90651],[109.38809,21.91274],[109.38509,21.89187],[109.32937,21.91058],[109.30657,21.88627],[109.30824,21.90385],[109.293,21.90539],[109.30111,21.92893],[109.27163,21.97242],[109.27557,22.00099],[109.26008,22.0118],[109.28233,22.09279],[109.23218,22.15597],[109.26573,22.16813],[109.26335,22.1912],[109.30346,22.21317],[109.29923,22.22714],[109.31948,22.23349],[109.3398,22.28022],[109.38618,22.30743],[109.41059,22.35837],[109.43803,22.36205],[109.43998,22.38978],[109.45345,22.39919],[109.4632,22.38073],[109.48235,22.39422],[109.48584,22.46111],[109.57306,22.55298],[109.49498,22.61148],[109.51009,22.60838],[109.51541,22.64509],[109.55919,22.65948],[109.57762,22.68418]]]}},{"type":"Feature","id":"CTAMAP-2019-COUNTY-1568","properties":{"map_level":"county","source_name":"七星区","source_code":"450305","county_type":"市辖区","prefecture_name":"桂林市","prefecture_code":"450300","prefecture_type":"地级市","parent_entity_id":"CNUR-000219","parent_year_end_name":"桂林市","province_name":"广西壮族自治区","province_code":"450000","snapshot_year":2019,"panel_year":2018,"link_status":"parent_linked","former_name":"","note":""},"geometry":{"type":"Polygon","coordinates":[[[110.37728,25.30241],[110.39628,25.27642],[110.37181,25.2146],[110.28823,25.2514],[110.31331,25.309],[110.33479,25.28936],[110.37728,25.30241]]]}},{"type":"Feature","id":"CTAMAP-2019-COUNTY-1605","properties":{"map_level":"county","source_name":"钦北区","source_code":"450703","county_type":"市辖区","prefecture_name":"钦州市","prefecture_code":"450700","prefecture_type":"地级市","parent_entity_id":"CNUR-000223","parent_year_end_name":"钦州市","province_name":"广西壮族自治区","province_code":"450000","snapshot_year":2019,"panel_year":2018,"link_status":"parent_linked","former_name":"","note":""},"geometry":{"type":"Polygon","coordinates":[[[108.68598,22.46621],[108.6903,22.42824],[108.71908,22.41358],[108.70816,22.39833],[108.77536,22.3448],[108.78975,22.3547],[108.8051,22.33412],[108.82773,22.34228],[108.84471,22.32506],[108.84923,22.26828],[108.87827,22.27656],[108.90707,22.25577],[108.87096,22.18644],[108.94225,22.16238],[108.9066,22.14538],[108.90555,22.11695],[108.83304,22.11126],[108.8253,22.13193],[108.76294,22.10741],[108.73598,22.07489],[108.74866,22.11817],[108.69646,22.10997],[108.64347,22.0085],[108.59522,22.04235],[108.60966,22.05256],[108.60472,22.079],[108.56495,22.03616],[108.55219,22.07492],[108.51391,22.08812],[108.48055,22.06444],[108.43872,22.06268],[108.43357,22.037],[108.45371,22.0137],[108.40382,21.96474],[108.41603,21.9149],[108.38591,21.9317],[108.2888,21.90539],[108.25166,21.92823],[108.23613,21.97153],[108.20752,21.97902],[108.19248,22.00424],[108.19535,22.03205],[108.21969,22.05588],[108.19233,22.07324],[108.19194,22.10236],[108.21244,22.1097],[108.18099,22.14451],[108.1888,22.16585],[108.29578,22.21544],[108.3177,22.24],[108.36762,22.24532],[108.41073,22.27205],[108.43139,22.25201],[108.49125,22.24065],[108.5032,22.27801],[108.52431,22.27777],[108.54301,22.31059],[108.54504,22.36327],[108.5647,22.37239],[108.54307,22.3979],[108.55479,22.42319],[108.57986,22.43382],[108.6034,22.41812],[108.63025,22.46335],[108.66017,22.43236],[108.68598,22.46621]]]}},{"type":"Feature","id":"CTAMAP-2019-COUNTY-1606","properties":{"map_level":"county","source_name":"钦南区","source_code":"450702","county_type":"市辖区","prefecture_name":"钦州市","prefecture_code":"450700","prefecture_type":"地级市","parent_entity_id":"CNUR-000223","parent_year_end_name":"钦州市","province_name":"广西壮族自治区","province_code":"450000","snapshot_year":2019,"panel_year":2018,"link_status":"parent_linked","former_name":"","note":""},"geometry":{"type":"MultiPolygon","coordinates":[[[[108.91283,22.12789],[108.9332,22.10966],[108.96596,22.13046],[108.97723,22.09066],[109.01638,22.09757],[108.99692,22.04255],[109.03284,22.00574],[109.0375,22.02049],[109.0571,22.01559],[109.09861,21.92056],[109.10802,21.93],[109.12636,21.9168],[109.14982,21.86229],[109.12848,21.85344],[109.10221,21.88197],[109.08489,21.8544],[109.03069,21.85241],[109.02133,21.83552],[108.9828,21.83787],[108.96687,21.81933],[108.96629,21.83498],[108.95301,21.82233],[108.96179,21.79234],[108.93984,21.76347],[108.89224,21.74733],[108.89194,21.7685],[108.86662,21.74858],[108.86748,21.77577],[108.82773,21.81352],[108.84524,21.78099],[108.83319,21.7937],[108.82432,21.79061],[108.85591,21.76441],[108.84438,21.70899],[108.81993,21.70789],[108.86567,21.62664],[108.83203,21.62006],[108.81069,21.63867],[108.744,21.60593],[108.73088,21.64333],[108.70671,21.65187],[108.71096,21.66934],[108.726,21.66108],[108.70598,21.69109],[108.71624,21.73353],[108.65744,21.66003],[108.63528,21.69163],[108.65792,21.78074],[108.63923,21.75992],[108.6253,21.77444],[108.6377,21.75443],[108.62259,21.69602],[108.59498,21.71288],[108.59699,21.73663],[108.59231,21.76239],[108.56159,21.78979],[108.58997,21.82957],[108.60233,21.82725],[108.61227,21.84482],[108.602,21.86208],[108.63383,21.88153],[108.62758,21.88943],[108.60532,21.90159],[108.55046,21.89077],[108.54956,21.91645],[108.52051,21.88322],[108.49877,21.88303],[108.50349,21.87015],[108.47907,21.86992],[108.49364,21.8509],[108.47796,21.84267],[108.46202,21.85767],[108.46114,21.89758],[108.43247,21.92097],[108.41603,21.9149],[108.40382,21.96474],[108.45343,22.0125],[108.43357,22.037],[108.43872,22.06268],[108.48055,22.06444],[108.51391,22.08812],[108.55219,22.07492],[108.56495,22.03616],[108.60472,22.079],[108.60966,22.05256],[108.59522,22.04235],[108.64347,22.0085],[108.69646,22.10997],[108.74866,22.11817],[108.73598,22.07489],[108.80324,22.12614],[108.8253,22.13193],[108.84406,22.11052],[108.91283,22.12789]]],[[[108.6215,21.88972],[108.58382,21.83754],[108.57263,21.83805],[108.5914,21.86496],[108.57482,21.88376],[108.6215,21.88972]]],[[[108.50637,21.72518],[108.5041,21.76338],[108.54962,21.75216],[108.52086,21.72167],[108.50637,21.72518]]],[[[108.69424,21.61324],[108.68834,21.5967],[108.67242,21.59444],[108.69424,21.61324]]],[[[108.59105,21.76114],[108.58068,21.75118],[108.56523,21.76592],[108.57516,21.77029],[108.59105,21.76114]]],[[[108.57592,21.73815],[108.59535,21.73061],[108.5864,21.7175],[108.57592,21.73815]]],[[[108.55236,21.74673],[108.55334,21.7304],[108.54027,21.73513],[108.55236,21.74673]]],[[[108.5677,21.77809],[108.56519,21.768],[108.56442,21.77756],[108.5677,21.77809]]],[[[108.57536,21.74632],[108.56995,21.74856],[108.56999,21.75194],[108.57536,21.74632]]]]}},{"type":"Feature","id":"CTAMAP-2019-COUNTY-1626","properties":{"map_level":"county","source_name":"青秀区","source_code":"450103","county_type":"市辖区","prefecture_name":"南宁市","prefecture_code":"450100","prefecture_type":"地级市","parent_entity_id":"CNUR-000217","parent_year_end_name":"南宁市","province_name":"广西壮族自治区","province_code":"450000","snapshot_year":2019,"panel_year":2018,"link_status":"parent_linked","former_name":"","note":""},"geometry":{"type":"Polygon","coordinates":[[[108.76664,22.99967],[108.77781,22.9694],[108.81151,22.98205],[108.8201,22.96049],[108.82116,22.89715],[108.80109,22.8989],[108.79995,22.88343],[108.81887,22.77072],[108.84186,22.75164],[108.81297,22.67601],[108.79441,22.70765],[108.75613,22.72743],[108.72613,22.67712],[108.66706,22.66146],[108.65852,22.67786],[108.62584,22.68456],[108.61489,22.72954],[108.59781,22.72287],[108.59464,22.7876],[108.56901,22.80984],[108.51662,22.77876],[108.51427,22.79608],[108.50111,22.79464],[108.49196,22.75728],[108.47031,22.80999],[108.42764,22.78795],[108.41563,22.75999],[108.37352,22.78624],[108.32657,22.77386],[108.3426,22.79234],[108.32121,22.79396],[108.31325,22.81615],[108.39624,22.86905],[108.48123,22.84498],[108.49735,22.85929],[108.56082,22.85749],[108.59609,22.88905],[108.64517,22.89592],[108.66489,22.93123],[108.69443,22.93927],[108.71221,22.99473],[108.76664,22.99967]]]}},{"type":"Feature","id":"CTAMAP-2019-COUNTY-1670","properties":{"map_level":"county","source_name":"全州县","source_code":"450324","county_type":"县","prefecture_name":"桂林市","prefecture_code":"450300","prefecture_type":"地级市","parent_entity_id":"CNUR-000219","parent_year_end_name":"桂林市","province_name":"广西壮族自治区","province_code":"450000","snapshot_year":2019,"panel_year":2018,"link_status":"parent_linked","former_name":"","note":""},"geometry":{"type":"Polygon","coordinates":[[[111.00248,26.36155],[110.99827,26.34283],[111.03678,26.33877],[111.03584,26.32413],[111.06455,26.32681],[111.09932,26.30603],[111.20045,26.30919],[111.20891,26.26636],[111.26279,26.28026],[111.28509,26.26598],[111.28718,26.22256],[111.26427,26.21854],[111.26937,26.17307],[111.25096,26.14692],[111.26631,26.12185],[111.25057,26.10112],[111.26254,26.10198],[111.24271,26.08033],[111.2595,26.04899],[111.22685,26.05111],[111.19002,25.96773],[111.22952,25.91862],[111.21978,25.90815],[111.24405,25.87084],[111.28709,25.85863],[111.32515,25.91103],[111.34448,25.8972],[111.36992,25.91008],[111.37943,25.88501],[111.45001,25.89082],[111.45762,25.87457],[111.48813,25.87121],[111.4232,25.8399],[111.43851,25.77496],[111.4073,25.77103],[111.39871,25.74758],[111.32509,25.74014],[111.30399,25.70736],[111.27159,25.69517],[111.25331,25.71053],[111.27547,25.71301],[111.26654,25.73821],[111.23348,25.73846],[111.20969,25.75911],[111.20206,25.73627],[111.16668,25.7459],[111.14704,25.71501],[111.14676,25.66744],[111.09736,25.67207],[111.09681,25.64847],[111.08386,25.64522],[111.09902,25.62905],[111.06678,25.61461],[111.0518,25.61153],[111.05584,25.62403],[110.96488,25.60444],[110.95081,25.58868],[110.96659,25.54985],[110.95078,25.53657],[110.95521,25.51612],[110.92889,25.49629],[110.86713,25.49505],[110.84627,25.51922],[110.80637,25.526],[110.80163,25.54833],[110.80388,25.60704],[110.83881,25.66536],[110.84059,25.69996],[110.77,25.72776],[110.80324,25.74047],[110.77953,25.76832],[110.74164,25.76273],[110.73252,25.74046],[110.66256,25.73636],[110.63178,25.78717],[110.63269,25.82554],[110.64822,25.85894],[110.71554,25.92079],[110.72045,25.96071],[110.75172,25.97645],[110.73711,26.02226],[110.84647,26.15315],[110.88878,26.23373],[110.92369,26.25776],[110.93437,26.29127],[110.92149,26.32187],[110.94152,26.33504],[110.9401,26.37666],[110.96905,26.38849],[111.00248,26.36155]]]}},{"type":"Feature","id":"CTAMAP-2019-COUNTY-1689","properties":{"map_level":"county","source_name":"容县","source_code":"450921","county_type":"县","prefecture_name":"玉林市","prefecture_code":"450900","prefecture_type":"地级市","parent_entity_id":"CNUR-000225","parent_year_end_name":"玉林市","province_name":"广西壮族自治区","province_code":"450000","snapshot_year":2019,"panel_year":2018,"link_status":"parent_linked","former_name":"","note":""},"geometry":{"type":"Polygon","coordinates":[[[110.54572,23.12899],[110.58813,23.09272],[110.60336,23.09756],[110.604,23.11921],[110.65879,23.11787],[110.66599,23.09009],[110.67984,23.0896],[110.67432,23.07355],[110.70612,23.06208],[110.70687,23.04502],[110.74039,23.05689],[110.75359,23.02463],[110.74679,22.97513],[110.7647,22.95872],[110.73631,22.95221],[110.71878,22.9048],[110.74998,22.85224],[110.78673,22.86135],[110.79703,22.84844],[110.76923,22.76692],[110.78565,22.7166],[110.84151,22.70802],[110.89243,22.61713],[110.88337,22.58785],[110.82781,22.59234],[110.79493,22.56021],[110.7722,22.58995],[110.75694,22.58754],[110.75905,22.56557],[110.74323,22.56022],[110.75892,22.52184],[110.7341,22.50247],[110.74448,22.48008],[110.73439,22.46726],[110.68486,22.48267],[110.63918,22.46282],[110.62271,22.50466],[110.62988,22.55566],[110.53321,22.61708],[110.50938,22.65953],[110.52217,22.71664],[110.48492,22.73225],[110.48178,22.76127],[110.46336,22.76055],[110.44093,22.79834],[110.47053,22.84977],[110.45755,22.88436],[110.39938,22.92056],[110.38627,22.89928],[110.3425,22.894],[110.32337,22.87265],[110.26546,22.87557],[110.25262,22.89697],[110.26562,22.90576],[110.25092,22.93405],[110.29238,22.9779],[110.28493,23.00249],[110.29889,23.03101],[110.31539,23.01467],[110.33133,23.05309],[110.36129,23.04605],[110.40391,23.06388],[110.41212,23.04428],[110.45596,23.07453],[110.49059,23.06827],[110.50534,23.10349],[110.54572,23.12899]]]}},{"type":"Feature","id":"CTAMAP-2019-COUNTY-1692","properties":{"map_level":"county","source_name":"融安县","source_code":"450224","county_type":"县","prefecture_name":"柳州市","prefecture_code":"450200","prefecture_type":"地级市","parent_entity_id":"CNUR-000218","parent_year_end_name":"柳州市","province_name":"广西壮族自治区","province_code":"450000","snapshot_year":2019,"panel_year":2018,"link_status":"parent_linked","former_name":"","note":""},"geometry":{"type":"Polygon","coordinates":[[[109.77464,25.49244],[109.75044,25.42729],[109.75841,25.37795],[109.74297,25.38028],[109.74384,25.29724],[109.7105,25.22265],[109.64104,25.16809],[109.63467,25.12653],[109.65772,25.08747],[109.63328,25.02546],[109.64782,24.98906],[109.6144,24.97361],[109.62929,24.94053],[109.61488,24.93811],[109.62718,24.89224],[109.6166,24.83818],[109.56293,24.82616],[109.55544,24.77199],[109.53583,24.75967],[109.50772,24.77357],[109.47794,24.75678],[109.40721,24.7582],[109.38593,24.78392],[109.38782,24.80912],[109.33258,24.75805],[109.30174,24.75925],[109.27724,24.78602],[109.24563,24.78426],[109.21507,24.82518],[109.24487,24.89695],[109.23255,24.91055],[109.23983,24.95792],[109.27011,24.96384],[109.30767,25.01855],[109.32187,25.08527],[109.29842,25.10267],[109.33027,25.11465],[109.31005,25.16673],[109.33674,25.18685],[109.27853,25.21694],[109.31933,25.23347],[109.37819,25.29929],[109.34063,25.33248],[109.35883,25.34584],[109.35224,25.37503],[109.41338,25.39052],[109.4391,25.36351],[109.4761,25.37214],[109.53507,25.48138],[109.62285,25.52607],[109.64757,25.56487],[109.66737,25.55436],[109.73984,25.57748],[109.73731,25.55359],[109.77212,25.53919],[109.77464,25.49244]]]}},{"type":"Feature","id":"CTAMAP-2019-COUNTY-1693","properties":{"map_level":"county","source_name":"融水苗族自治县","source_code":"450225","county_type":"自治县","prefecture_name":"柳州市","prefecture_code":"450200","prefecture_type":"地级市","parent_entity_id":"CNUR-000218","parent_year_end_name":"柳州市","province_name":"广西壮族自治区","province_code":"450000","snapshot_year":2019,"panel_year":2018,"link_status":"parent_linked","former_name":"","note":""},"geometry":{"type":"Polygon","coordinates":[[[109.4315,25.38484],[109.35224,25.37503],[109.35883,25.34584],[109.34063,25.33248],[109.37819,25.29929],[109.31933,25.23347],[109.28063,25.22319],[109.30027,25.19825],[109.33674,25.18758],[109.31005,25.16673],[109.33027,25.11465],[109.29842,25.10267],[109.32187,25.08527],[109.31808,25.0561],[109.27011,24.96384],[109.24031,24.95986],[109.23255,24.91055],[109.24487,24.89695],[109.21877,24.82693],[109.16947,24.82066],[109.13186,24.84007],[109.13288,24.89443],[109.15429,24.90877],[109.11648,24.95215],[109.0904,24.95057],[109.08081,24.91969],[109.06343,24.91637],[108.99947,24.92189],[108.98042,24.94335],[108.99336,24.96842],[109.08748,25.03599],[109.0822,25.06174],[109.10171,25.10425],[109.08995,25.17059],[109.04685,25.19906],[109.00169,25.16669],[108.98503,25.17689],[108.95222,25.12448],[108.90072,25.13512],[108.90077,25.15671],[108.86561,25.14233],[108.8453,25.15999],[108.81059,25.11413],[108.78677,25.13193],[108.74425,25.1292],[108.72687,25.09946],[108.67697,25.10759],[108.69114,25.16564],[108.7073,25.1558],[108.71439,25.17731],[108.651,25.21796],[108.64221,25.29682],[108.62066,25.31333],[108.61454,25.40155],[108.58396,25.4251],[108.60602,25.48127],[108.62926,25.4683],[108.60342,25.49514],[108.63117,25.52273],[108.66284,25.5324],[108.68634,25.52033],[108.65487,25.5551],[108.65442,25.57784],[108.68309,25.58875],[108.68287,25.62494],[108.71927,25.63718],[108.76172,25.63911],[108.78257,25.62447],[108.77648,25.60442],[108.79324,25.58018],[108.77709,25.5571],[108.80697,25.5285],[108.82127,25.55212],[108.88559,25.55944],[108.89767,25.54334],[108.94583,25.5597],[108.96853,25.53385],[108.98826,25.53939],[109.02195,25.51401],[109.04885,25.52607],[109.08422,25.55246],[109.04637,25.57016],[109.04413,25.61558],[109.02706,25.6337],[109.06694,25.71429],[109.15843,25.73305],[109.14975,25.70651],[109.16954,25.70671],[109.18382,25.66591],[109.22366,25.63804],[109.23103,25.65166],[109.21565,25.66356],[109.22842,25.68436],[109.27066,25.68607],[109.30571,25.66984],[109.28848,25.6302],[109.32184,25.62805],[109.32786,25.61311],[109.35209,25.62869],[109.38458,25.58889],[109.41787,25.60747],[109.45555,25.59155],[109.46781,25.53992],[109.44426,25.48014],[109.4652,25.45702],[109.4219,25.41449],[109.4315,25.38484]]]}},{"type":"Feature","id":"CTAMAP-2019-COUNTY-1716","properties":{"map_level":"county","source_name":"三江侗族自治县","source_code":"450226","county_type":"自治县","prefecture_name":"柳州市","prefecture_code":"450200","prefecture_type":"地级市","parent_entity_id":"CNUR-000218","parent_year_end_name":"柳州市","province_name":"广西壮族自治区","province_code":"450000","snapshot_year":2019,"panel_year":2018,"link_status":"parent_linked","former_name":"","note":""},"geometry":{"type":"Polygon","coordinates":[[[109.76236,25.89358],[109.73075,25.85652],[109.71848,25.81057],[109.79953,25.73629],[109.77679,25.69312],[109.80939,25.66064],[109.726,25.56806],[109.6618,25.55402],[109.64757,25.56487],[109.62285,25.52607],[109.56478,25.48664],[109.53856,25.48512],[109.48184,25.37967],[109.46095,25.36666],[109.4391,25.36351],[109.4219,25.41449],[109.4652,25.45702],[109.44426,25.48014],[109.46781,25.53992],[109.45553,25.59157],[109.41787,25.60747],[109.38458,25.58889],[109.35209,25.62869],[109.32786,25.61311],[109.32184,25.62805],[109.28848,25.6302],[109.30571,25.66984],[109.27066,25.68607],[109.22842,25.68436],[109.21565,25.66356],[109.23103,25.65166],[109.22366,25.63804],[109.18382,25.66591],[109.16954,25.70671],[109.14975,25.70651],[109.1592,25.73297],[109.07132,25.72244],[109.04883,25.74722],[109.02722,25.72541],[108.99448,25.73696],[108.94206,25.67944],[108.8927,25.6888],[108.89136,25.7164],[108.93554,25.74379],[108.9576,25.73387],[108.95431,25.7446],[108.99552,25.76335],[108.98491,25.78062],[109.00734,25.79518],[109.07489,25.77947],[109.0905,25.80949],[109.11218,25.81225],[109.13896,25.79901],[109.14424,25.78291],[109.12721,25.76297],[109.14354,25.74424],[109.18728,25.77868],[109.1619,25.79908],[109.17302,25.80929],[109.20198,25.79149],[109.19113,25.77078],[109.20257,25.74161],[109.27543,25.71748],[109.3368,25.73487],[109.32176,25.76461],[109.33464,25.77437],[109.32393,25.7855],[109.33409,25.83751],[109.38255,25.86822],[109.38932,25.90436],[109.42316,25.91599],[109.43523,25.95632],[109.40059,25.96814],[109.45209,25.99461],[109.4787,26.03386],[109.53285,25.99811],[109.54315,26.02563],[109.57339,26.01353],[109.62105,26.05297],[109.64862,26.04973],[109.6498,26.01759],[109.67962,26.02182],[109.69428,26.00015],[109.70422,26.01713],[109.7261,25.99468],[109.70462,25.95575],[109.68699,25.96306],[109.68004,25.88596],[109.76236,25.89358]]]}},{"type":"Feature","id":"CTAMAP-2019-COUNTY-1762","properties":{"map_level":"county","source_name":"上林县","source_code":"450125","county_type":"县","prefecture_name":"南宁市","prefecture_code":"450100","prefecture_type":"地级市","parent_entity_id":"CNUR-000217","parent_year_end_name":"南宁市","province_name":"广西壮族自治区","province_code":"450000","snapshot_year":2019,"panel_year":2018,"link_status":"parent_linked","former_name":"","note":""},"geometry":{"type":"Polygon","coordinates":[[[108.72745,23.79996],[108.77963,23.77071],[108.77321,23.73032],[108.80028,23.71817],[108.76919,23.6884],[108.77629,23.64753],[108.79373,23.63372],[108.77879,23.61806],[108.80801,23.56844],[108.81786,23.49737],[108.86282,23.46665],[108.84839,23.42059],[108.86029,23.40251],[108.83326,23.39282],[108.83101,23.37319],[108.79744,23.34772],[108.73956,23.33563],[108.71506,23.29409],[108.72609,23.26673],[108.68618,23.23495],[108.67737,23.20043],[108.63436,23.21656],[108.60335,23.20043],[108.57965,23.22574],[108.60086,23.27707],[108.58637,23.31333],[108.54936,23.32794],[108.53428,23.38303],[108.48633,23.39743],[108.49959,23.42827],[108.46793,23.45337],[108.46609,23.47996],[108.43063,23.47863],[108.40208,23.51566],[108.40397,23.53762],[108.37683,23.57053],[108.40313,23.60415],[108.3821,23.62969],[108.40344,23.66626],[108.45953,23.65919],[108.49152,23.69358],[108.50246,23.66497],[108.62523,23.7688],[108.72745,23.79996]]]}},{"type":"Feature","id":"CTAMAP-2019-COUNTY-1764","properties":{"map_level":"county","source_name":"上思县","source_code":"450621","county_type":"县","prefecture_name":"防城港市","prefecture_code":"450600","prefecture_type":"地级市","parent_entity_id":"CNUR-000222","parent_year_end_name":"防城港市","province_name":"广西壮族自治区","province_code":"450000","snapshot_year":2019,"panel_year":2018,"link_status":"parent_linked","former_name":"","note":""},"geometry":{"type":"Polygon","coordinates":[[[108.09182,22.37445],[108.13127,22.34401],[108.1293,22.31312],[108.1464,22.2916],[108.18562,22.27674],[108.20286,22.29473],[108.2252,22.2915],[108.24057,22.24406],[108.27701,22.22489],[108.27689,22.20897],[108.2074,22.18203],[108.1796,22.14947],[108.19337,22.11796],[108.2123,22.11296],[108.20414,22.09671],[108.19194,22.10236],[108.19259,22.07248],[108.21969,22.05588],[108.19535,22.03205],[108.18221,21.98481],[108.15984,21.99196],[108.04538,21.90773],[107.88519,21.86839],[107.89062,21.83569],[107.8197,21.81124],[107.75898,21.81693],[107.70723,21.79035],[107.70453,21.76059],[107.64754,21.74516],[107.62704,21.75736],[107.55566,21.72769],[107.54451,21.76379],[107.56714,21.79347],[107.54486,21.80921],[107.56871,21.84743],[107.53849,21.88826],[107.55393,21.9344],[107.57626,21.93928],[107.56852,21.95528],[107.584,21.98507],[107.6291,22.04122],[107.64841,22.03943],[107.64287,22.05909],[107.67481,22.08518],[107.65367,22.09592],[107.66243,22.12756],[107.6361,22.13651],[107.62755,22.19501],[107.72473,22.1895],[107.74386,22.20776],[107.81557,22.22119],[107.8994,22.21086],[107.92261,22.25606],[107.94931,22.25159],[107.94072,22.27125],[107.98266,22.29961],[107.98479,22.3281],[108.09182,22.37445]]]}},{"type":"Feature","id":"CTAMAP-2019-COUNTY-1925","properties":{"map_level":"county","source_name":"覃塘区","source_code":"450804","county_type":"市辖区","prefecture_name":"贵港市","prefecture_code":"450800","prefecture_type":"地级市","parent_entity_id":"CNUR-000224","parent_year_end_name":"贵港市","province_name":"广西壮族自治区","province_code":"450000","snapshot_year":2019,"panel_year":2018,"link_status":"parent_linked","former_name":"","note":"2003年新设立覃塘区"},"geometry":{"type":"Polygon","coordinates":[[[109.47812,23.3864],[109.4974,23.33915],[109.5393,23.30396],[109.50906,23.27192],[109.50923,23.23448],[109.44154,23.2218],[109.45289,23.21346],[109.43595,23.17579],[109.48715,23.15407],[109.47397,23.11931],[109.48827,23.11484],[109.4727,23.11032],[109.48329,23.07174],[109.45838,23.05648],[109.53496,23.03755],[109.56722,23.06207],[109.5692,22.9906],[109.60666,22.98687],[109.58775,22.95751],[109.64367,22.92762],[109.60322,22.91448],[109.5727,22.93557],[109.5688,22.87783],[109.49974,22.82598],[109.47653,22.82568],[109.45109,22.85165],[109.44771,22.86746],[109.48035,22.88105],[109.47817,22.89362],[109.37743,22.93385],[109.34652,22.98623],[109.31037,23.00939],[109.34576,23.06966],[109.32144,23.09824],[109.24948,23.09858],[109.23551,23.15161],[109.25591,23.21335],[109.2089,23.27489],[109.237,23.28717],[109.20272,23.31203],[109.21617,23.32291],[109.20709,23.33548],[109.26164,23.34973],[109.27147,23.3766],[109.32561,23.41863],[109.35335,23.41758],[109.36687,23.38353],[109.39672,23.3852],[109.42464,23.36254],[109.43911,23.38147],[109.47812,23.3864]]]}},{"type":"Feature","id":"CTAMAP-2019-COUNTY-1938","properties":{"map_level":"county","source_name":"藤县","source_code":"450422","county_type":"县","prefecture_name":"梧州市","prefecture_code":"450400","prefecture_type":"地级市","parent_entity_id":"CNUR-000220","parent_year_end_name":"梧州市","province_name":"广西壮族自治区","province_code":"450000","snapshot_year":2019,"panel_year":2018,"link_status":"parent_linked","former_name":"","note":""},"geometry":{"type":"Polygon","coordinates":[[[110.76537,23.94754],[110.86259,23.88087],[110.86718,23.86497],[110.83182,23.83618],[110.85328,23.80786],[110.88766,23.81436],[110.89113,23.78822],[110.87103,23.7663],[110.89468,23.74735],[110.88746,23.70715],[110.9209,23.66323],[110.94826,23.66727],[110.86255,23.57395],[110.87611,23.55629],[110.84871,23.53014],[110.89166,23.49095],[110.87842,23.47879],[110.90076,23.47695],[110.93424,23.52793],[110.92383,23.49167],[110.94648,23.48413],[110.97136,23.43674],[111.10392,23.45224],[111.17089,23.42208],[111.19081,23.36526],[111.13911,23.34729],[111.15549,23.23944],[111.11279,23.15696],[111.06917,23.15564],[111.05477,23.17401],[111.0342,23.15532],[110.97615,23.15489],[110.95872,23.17269],[110.96246,23.20666],[110.92608,23.20898],[110.90618,23.19011],[110.86225,23.18791],[110.84529,23.16402],[110.85868,23.10665],[110.83382,23.12998],[110.80136,23.12714],[110.75576,23.09095],[110.75439,23.06311],[110.71805,23.04292],[110.67432,23.07355],[110.67984,23.0896],[110.66599,23.09009],[110.65879,23.11787],[110.604,23.11921],[110.60336,23.09756],[110.58813,23.09272],[110.54572,23.12899],[110.55457,23.15998],[110.54091,23.20556],[110.56932,23.22982],[110.58475,23.21098],[110.64803,23.25037],[110.65846,23.28307],[110.65825,23.30844],[110.6112,23.33197],[110.58625,23.32569],[110.58197,23.36023],[110.55957,23.36905],[110.57537,23.37937],[110.57959,23.44759],[110.6246,23.46262],[110.61404,23.55418],[110.5765,23.59727],[110.58387,23.62347],[110.53763,23.66017],[110.5668,23.6778],[110.56718,23.70928],[110.54858,23.70493],[110.54315,23.72148],[110.57908,23.7906],[110.54929,23.82448],[110.5093,23.79934],[110.47731,23.82484],[110.47259,23.85476],[110.45254,23.84302],[110.43845,23.86773],[110.40153,23.86186],[110.40532,23.8751],[110.35837,23.88016],[110.35104,23.92775],[110.39412,23.96092],[110.39945,24.01744],[110.44333,24.0152],[110.48139,24.05226],[110.52586,24.03872],[110.58407,23.92],[110.57692,23.89403],[110.61114,23.86312],[110.68478,23.88973],[110.71845,23.88174],[110.76537,23.94754]]]}},{"type":"Feature","id":"CTAMAP-2019-COUNTY-1939","properties":{"map_level":"county","source_name":"天等县","source_code":"451425","county_type":"县","prefecture_name":"崇左市","prefecture_code":"451400","prefecture_type":"地级市","parent_entity_id":"CNUR-000230","parent_year_end_name":"崇左市","province_name":"广西壮族自治区","province_code":"450000","snapshot_year":2019,"panel_year":2018,"link_status":"parent_linked","former_name":"","note":""},"geometry":{"type":"Polygon","coordinates":[[[107.26144,23.34599],[107.35001,23.32905],[107.3505,23.29334],[107.36293,23.27044],[107.38097,23.27008],[107.36521,23.2013],[107.34065,23.19335],[107.35518,23.1525],[107.32462,23.13464],[107.38788,23.09835],[107.27514,23.06647],[107.28199,23.05207],[107.2436,23.02828],[107.27216,23.00919],[107.25038,22.988],[107.21772,23.00399],[107.14239,22.98296],[107.13135,22.9653],[107.15206,22.96408],[107.14992,22.94641],[107.11356,22.94454],[107.09788,22.93047],[107.10559,22.91288],[107.07209,22.92388],[107.04763,22.9079],[107.0481,22.86825],[107.01134,22.87663],[106.9872,22.86309],[106.98835,22.84122],[106.96782,22.85153],[106.92091,22.8309],[106.86607,22.85063],[106.85658,22.88962],[106.83919,22.89422],[106.8418,22.91027],[106.82332,22.90516],[106.8169,22.92883],[106.88177,22.97423],[106.88671,22.99514],[106.8563,23.02292],[106.84728,23.06541],[106.83048,23.06143],[106.83941,23.09949],[106.81043,23.07931],[106.76297,23.08193],[106.77651,23.10745],[106.76288,23.13322],[106.78835,23.15678],[106.76583,23.17913],[106.83413,23.19623],[106.87597,23.22758],[106.8992,23.22306],[106.91949,23.24257],[106.9128,23.26631],[106.93487,23.27955],[106.93669,23.3088],[107.03526,23.30866],[107.03789,23.27406],[107.07248,23.27559],[107.12115,23.28679],[107.17897,23.33395],[107.23533,23.31805],[107.26144,23.34599]]]}},{"type":"Feature","id":"CTAMAP-2019-COUNTY-1940","properties":{"map_level":"county","source_name":"天峨县","source_code":"451222","county_type":"县","prefecture_name":"河池市","prefecture_code":"451200","prefecture_type":"地级市","parent_entity_id":"CNUR-000228","parent_year_end_name":"河池市","province_name":"广西壮族自治区","province_code":"450000","snapshot_year":2019,"panel_year":2018,"link_status":"parent_linked","former_name":"","note":""},"geometry":{"type":"Polygon","coordinates":[[[107.31493,24.85044],[107.24546,24.82596],[107.22208,24.84193],[107.16547,24.81582],[107.11055,24.81898],[107.08815,24.77676],[107.05828,24.76873],[107.03215,24.82074],[107.01589,24.82464],[107.01445,24.78811],[106.98402,24.77512],[107.01486,24.72367],[107.00063,24.73861],[106.98009,24.73318],[106.94562,24.77038],[106.92341,24.74994],[106.94496,24.69743],[106.92852,24.68622],[106.94388,24.65215],[106.93199,24.64642],[106.94128,24.62677],[106.90927,24.60611],[106.86787,24.64084],[106.8055,24.6642],[106.81701,24.68365],[106.7824,24.6913],[106.78679,24.70818],[106.66248,24.77769],[106.65831,24.79777],[106.69494,24.81722],[106.78028,24.78908],[106.80677,24.84738],[106.83205,24.86092],[106.84727,24.85032],[106.82347,24.89833],[106.76464,24.93872],[106.71817,25.00579],[106.7224,25.03],[106.76068,25.02816],[106.73835,25.07175],[106.7542,25.08548],[106.74064,25.10158],[106.7145,25.09993],[106.66856,25.06085],[106.61885,25.06765],[106.60089,25.04965],[106.56745,25.08714],[106.63651,25.13468],[106.64524,25.1703],[106.69312,25.18183],[106.72356,25.1643],[106.76186,25.18606],[106.79017,25.17428],[106.88406,25.18572],[106.91613,25.25096],[106.99271,25.24318],[106.98449,25.26207],[107.0097,25.2785],[107.0096,25.35339],[106.98282,25.3634],[106.95983,25.43811],[106.99433,25.44767],[107.00376,25.48254],[107.0219,25.46007],[107.07547,25.4439],[107.09408,25.3941],[107.16357,25.3959],[107.16457,25.38483],[107.13609,25.38017],[107.13145,25.30936],[107.11372,25.30872],[107.1066,25.28534],[107.16133,25.20711],[107.22807,25.19389],[107.20565,25.1747],[107.22984,25.15123],[107.20678,25.14042],[107.20721,25.11723],[107.23282,25.12111],[107.26225,25.06992],[107.28425,25.07453],[107.29746,25.05473],[107.32942,24.95221],[107.32779,24.91019],[107.27047,24.91023],[107.26612,24.88663],[107.31493,24.85044]]]}},{"type":"Feature","id":"CTAMAP-2019-COUNTY-1955","properties":{"map_level":"county","source_name":"田东县","source_code":"451022","county_type":"县","prefecture_name":"百色市","prefecture_code":"451000","prefecture_type":"地级市","parent_entity_id":"CNUR-000226","parent_year_end_name":"百色市","province_name":"广西壮族自治区","province_code":"450000","snapshot_year":2019,"panel_year":2018,"link_status":"parent_linked","former_name":"","note":""},"geometry":{"type":"Polygon","coordinates":[[[107.42436,23.83831],[107.36614,23.83301],[107.37478,23.8182],[107.36064,23.78069],[107.37234,23.7623],[107.35876,23.73537],[107.40225,23.7177],[107.39399,23.69859],[107.42966,23.67114],[107.39813,23.67627],[107.3477,23.65235],[107.37438,23.62222],[107.39714,23.62952],[107.42406,23.61082],[107.41032,23.5811],[107.43078,23.565],[107.42047,23.5578],[107.43235,23.53818],[107.41557,23.50964],[107.439,23.46],[107.41299,23.47604],[107.39806,23.46175],[107.40365,23.44502],[107.34447,23.42494],[107.35101,23.39229],[107.31078,23.35012],[107.26624,23.34814],[107.23533,23.31805],[107.18392,23.33543],[107.11392,23.28361],[107.03789,23.27406],[107.03897,23.3074],[106.99439,23.30764],[106.99402,23.33687],[106.94894,23.35601],[106.92,23.39867],[106.92378,23.43583],[106.89091,23.46278],[106.90329,23.47007],[106.89886,23.51602],[106.92027,23.53455],[106.91639,23.55554],[106.94253,23.57517],[106.94242,23.59417],[106.92325,23.59848],[106.95176,23.60459],[106.97189,23.63159],[107.01222,23.62301],[106.98891,23.64404],[107.06661,23.76041],[107.0631,23.7994],[107.08448,23.81745],[107.04074,23.86198],[107.04594,23.88589],[107.08404,23.90384],[107.09989,23.89304],[107.13171,23.903],[107.13515,23.93574],[107.11988,23.94515],[107.13417,23.95598],[107.12532,23.97454],[107.1391,24.01065],[107.19275,23.97314],[107.24892,23.96953],[107.26179,23.99712],[107.2774,23.99877],[107.30206,23.92133],[107.34894,23.90839],[107.37265,23.9222],[107.38352,23.87824],[107.40176,23.87534],[107.42436,23.83831]]]}},{"type":"Feature","id":"CTAMAP-2019-COUNTY-1957","properties":{"map_level":"county","source_name":"田林县","source_code":"451029","county_type":"县","prefecture_name":"百色市","prefecture_code":"451000","prefecture_type":"地级市","parent_entity_id":"CNUR-000226","parent_year_end_name":"百色市","province_name":"广西壮族自治区","province_code":"450000","snapshot_year":2019,"panel_year":2018,"link_status":"parent_linked","former_name":"","note":""},"geometry":{"type":"Polygon","coordinates":[[[106.41117,24.57976],[106.42051,24.51739],[106.39701,24.49318],[106.42632,24.47216],[106.40614,24.42643],[106.38665,24.4276],[106.38092,24.38943],[106.411,24.39377],[106.4344,24.37207],[106.42876,24.34584],[106.40563,24.34798],[106.39867,24.33286],[106.41447,24.29026],[106.39749,24.26492],[106.38126,24.27073],[106.36738,24.22665],[106.3341,24.24829],[106.27804,24.20043],[106.27606,24.18035],[106.30367,24.15143],[106.28987,24.1093],[106.22415,24.0974],[106.1931,24.04786],[106.16489,24.04315],[106.16028,24.00867],[106.13902,24.00898],[106.12805,23.96282],[106.07817,23.99541],[106.09284,24.027],[106.05242,24.04799],[106.04555,24.09082],[106.00385,24.10719],[106.00129,24.12836],[105.95551,24.1149],[105.91844,24.12383],[105.89754,24.11161],[105.89302,24.044],[105.84686,24.05888],[105.83997,24.03338],[105.7952,24.02633],[105.78428,24.03388],[105.79776,24.05643],[105.75734,24.07457],[105.73827,24.05921],[105.69731,24.06553],[105.64381,24.03387],[105.62481,24.1297],[105.56325,24.13418],[105.60986,24.25239],[105.56108,24.25238],[105.55721,24.26897],[105.53065,24.27767],[105.55601,24.31648],[105.61752,24.31476],[105.62888,24.33958],[105.58166,24.3521],[105.56584,24.37245],[105.62754,24.40165],[105.64474,24.45577],[105.57369,24.44594],[105.56238,24.45953],[105.67335,24.58044],[105.66096,24.6314],[105.67983,24.64885],[105.68888,24.70202],[105.66036,24.74385],[105.67378,24.77891],[105.79771,24.70532],[105.82519,24.7059],[105.86142,24.73258],[105.93507,24.72975],[105.95042,24.69006],[106.01751,24.63537],[106.05168,24.69352],[106.10845,24.71548],[106.14528,24.76518],[106.16435,24.76055],[106.19417,24.7857],[106.28146,24.7466],[106.28992,24.68395],[106.34774,24.63139],[106.35109,24.59311],[106.39894,24.57025],[106.41117,24.57976]]]}},{"type":"Feature","id":"CTAMAP-2019-COUNTY-1958","properties":{"map_level":"county","source_name":"田阳县","source_code":"451021","county_type":"县","prefecture_name":"百色市","prefecture_code":"451000","prefecture_type":"地级市","parent_entity_id":"CNUR-000226","parent_year_end_name":"百色市","province_name":"广西壮族自治区","province_code":"450000","snapshot_year":2019,"panel_year":2018,"link_status":"parent_linked","former_name":"","note":""},"geometry":{"type":"Polygon","coordinates":[[[107.1391,24.01065],[107.12532,23.97454],[107.13417,23.95598],[107.11988,23.94515],[107.13515,23.93574],[107.13171,23.903],[107.09989,23.89304],[107.08369,23.90377],[107.04057,23.87696],[107.08481,23.81427],[107.06336,23.80017],[107.06669,23.76069],[107.04703,23.71846],[107.01028,23.69011],[107.01154,23.66494],[106.98891,23.64404],[107.01405,23.62524],[106.97189,23.63159],[106.95176,23.60459],[106.92325,23.59848],[106.94242,23.59417],[106.94253,23.57517],[106.89969,23.51821],[106.9051,23.48819],[106.86277,23.49764],[106.74153,23.48603],[106.70642,23.49528],[106.67344,23.533],[106.63684,23.50386],[106.6437,23.48758],[106.52164,23.5096],[106.46998,23.48581],[106.45008,23.49671],[106.46219,23.50499],[106.45704,23.5533],[106.39462,23.5708],[106.41269,23.614],[106.37249,23.61561],[106.40364,23.62942],[106.4122,23.64571],[106.39778,23.6495],[106.39756,23.63159],[106.38047,23.64513],[106.43822,23.70368],[106.47431,23.70636],[106.48347,23.68972],[106.52453,23.71364],[106.55612,23.71148],[106.53896,23.73662],[106.57779,23.7352],[106.59245,23.7684],[106.63527,23.79247],[106.69283,23.75972],[106.76484,23.77342],[106.766,23.75031],[106.78479,23.74638],[106.79639,23.78622],[106.77836,23.82198],[106.798,23.82855],[106.7957,23.86502],[106.81113,23.85069],[106.84869,23.87118],[106.91828,23.84482],[106.93512,23.93728],[106.92727,23.96991],[106.88579,24.00155],[106.89514,24.06361],[106.87262,24.08679],[106.88736,24.11847],[106.90876,24.10087],[106.95524,24.11218],[106.94037,24.08827],[107.01337,24.02695],[107.05431,24.06413],[107.1197,24.05265],[107.1391,24.01065]]]}},{"type":"Feature","id":"CTAMAP-2019-COUNTY-1962","properties":{"map_level":"county","source_name":"铁山港区","source_code":"450512","county_type":"市辖区","prefecture_name":"北海市","prefecture_code":"450500","prefecture_type":"地级市","parent_entity_id":"CNUR-000221","parent_year_end_name":"北海市","province_name":"广西壮族自治区","province_code":"450000","snapshot_year":2019,"panel_year":2018,"link_status":"parent_linked","former_name":"","note":""},"geometry":{"type":"MultiPolygon","coordinates":[[[[109.43802,21.67656],[109.53352,21.64453],[109.5675,21.61394],[109.58634,21.57965],[109.56121,21.54014],[109.59781,21.52906],[109.57072,21.53648],[109.55628,21.52223],[109.54302,21.50663],[109.557,21.49357],[109.5505,21.47775],[109.5192,21.49066],[109.44713,21.45765],[109.33061,21.45271],[109.32899,21.48924],[109.39587,21.504],[109.3785,21.5925],[109.3949,21.61222],[109.3755,21.62753],[109.38051,21.65139],[109.39299,21.66129],[109.40496,21.64598],[109.39823,21.66888],[109.43802,21.67656]]],[[[109.50803,21.47373],[109.52919,21.45036],[109.53584,21.45108],[109.53284,21.44491],[109.50883,21.45599],[109.50803,21.47373]]]]}},{"type":"Feature","id":"CTAMAP-2019-COUNTY-2014","properties":{"map_level":"county","source_name":"万秀区","source_code":"450403","county_type":"市辖区","prefecture_name":"梧州市","prefecture_code":"450400","prefecture_type":"地级市","parent_entity_id":"CNUR-000220","parent_year_end_name":"梧州市","province_name":"广西壮族自治区","province_code":"450000","snapshot_year":2019,"panel_year":2018,"link_status":"parent_linked","former_name":"蝶山区(万秀区)","note":"2013年撤销蝶山区，和万秀区设立新的万秀区"},"geometry":{"type":"Polygon","coordinates":[[[111.4766,23.56131],[111.4554,23.50286],[111.42335,23.46868],[111.39398,23.4713],[111.38053,23.41095],[111.31131,23.4254],[111.26174,23.45735],[111.28687,23.46897],[111.28035,23.50899],[111.21241,23.54674],[111.24684,23.58627],[111.23836,23.61591],[111.20149,23.62074],[111.21279,23.70187],[111.27289,23.73658],[111.31733,23.73696],[111.33963,23.70928],[111.34275,23.68412],[111.32107,23.6799],[111.33465,23.60146],[111.3244,23.54998],[111.369,23.54933],[111.39852,23.5295],[111.43863,23.56018],[111.4766,23.56131]]]}},{"type":"Feature","id":"CTAMAP-2019-COUNTY-2123","properties":{"map_level":"county","source_name":"武鸣区","source_code":"450110","county_type":"市辖区","prefecture_name":"南宁市","prefecture_code":"450100","prefecture_type":"地级市","parent_entity_id":"CNUR-000217","parent_year_end_name":"南宁市","province_name":"广西壮族自治区","province_code":"450000","snapshot_year":2019,"panel_year":2018,"link_status":"parent_linked","former_name":"武鸣县","note":"2015年撤销武鸣县，设立武鸣区"},"geometry":{"type":"Polygon","coordinates":[[[108.40214,23.5283],[108.42479,23.48433],[108.46609,23.47996],[108.46793,23.45337],[108.49959,23.42827],[108.48633,23.39743],[108.53428,23.38303],[108.54936,23.32794],[108.58637,23.31333],[108.60086,23.27707],[108.57777,23.24007],[108.58953,23.20307],[108.53422,23.13666],[108.60959,23.11407],[108.60986,23.04752],[108.57647,23.04122],[108.55364,23.01215],[108.4916,23.04717],[108.44903,23.02834],[108.44134,23.00132],[108.38942,23.00128],[108.35185,22.97552],[108.27006,22.95869],[108.2559,22.93387],[108.20889,22.93593],[108.16709,22.90904],[108.1679,22.98414],[108.18431,23.00433],[108.16316,23.02633],[108.16593,23.05461],[108.10903,23.04555],[108.07867,23.07626],[108.08878,23.09146],[108.06555,23.10845],[108.05459,23.15243],[108.03542,23.16479],[108.0,23.14911],[107.98582,23.18809],[107.95489,23.18374],[107.96163,23.19467],[107.92138,23.21588],[107.93006,23.22436],[107.91088,23.23251],[107.87603,23.2077],[107.87195,23.22762],[107.84474,23.22626],[107.87674,23.26285],[107.84662,23.26003],[107.8626,23.28418],[107.84534,23.30898],[107.85891,23.32733],[107.8318,23.32242],[107.83351,23.34736],[107.81707,23.34952],[107.82494,23.37302],[107.88202,23.42885],[107.86843,23.45161],[107.91378,23.48744],[107.94018,23.46546],[108.00877,23.45334],[108.00064,23.41873],[108.06684,23.40191],[108.06615,23.47227],[108.12843,23.4566],[108.16392,23.48203],[108.19234,23.47806],[108.20159,23.50256],[108.26325,23.50065],[108.32771,23.54729],[108.40214,23.5283]]]}},{"type":"Feature","id":"CTAMAP-2019-COUNTY-2131","properties":{"map_level":"county","source_name":"武宣县","source_code":"451323","county_type":"县","prefecture_name":"来宾市","prefecture_code":"451300","prefecture_type":"地级市","parent_entity_id":"CNUR-000229","parent_year_end_name":"来宾市","province_name":"广西壮族自治区","province_code":"450000","snapshot_year":2019,"panel_year":2018,"link_status":"parent_linked","former_name":"","note":""},"geometry":{"type":"Polygon","coordinates":[[[109.7863,23.74361],[109.84028,23.72269],[109.82997,23.69908],[109.85261,23.69103],[109.86632,23.7204],[109.90343,23.73112],[109.9257,23.6889],[109.91393,23.5899],[109.88966,23.56051],[109.88683,23.47607],[109.85782,23.44095],[109.84153,23.47545],[109.79227,23.48885],[109.76615,23.46063],[109.73613,23.46973],[109.72479,23.41999],[109.69843,23.40487],[109.66068,23.42939],[109.64328,23.42489],[109.53608,23.30414],[109.48322,23.3617],[109.48247,23.39431],[109.44769,23.41884],[109.4782,23.45919],[109.4643,23.46777],[109.46945,23.54073],[109.49873,23.53854],[109.59505,23.65487],[109.58113,23.66398],[109.58332,23.69917],[109.54209,23.70011],[109.5866,23.7525],[109.57421,23.78751],[109.52035,23.81329],[109.54363,23.87525],[109.56835,23.89937],[109.65365,23.92919],[109.66867,23.9003],[109.69141,23.89198],[109.65157,23.88201],[109.69033,23.85898],[109.70372,23.78368],[109.77062,23.78253],[109.7863,23.74361]]]}},{"type":"Feature","id":"CTAMAP-2019-COUNTY-2154","properties":{"map_level":"county","source_name":"西林县","source_code":"451030","county_type":"县","prefecture_name":"百色市","prefecture_code":"451000","prefecture_type":"地级市","parent_entity_id":"CNUR-000226","parent_year_end_name":"百色市","province_name":"广西壮族自治区","province_code":"450000","snapshot_year":2019,"panel_year":2018,"link_status":"parent_linked","former_name":"","note":""},"geometry":{"type":"Polygon","coordinates":[[[104.8412,24.68135],[104.82063,24.66343],[104.83476,24.65776],[104.82332,24.60044],[104.83732,24.58624],[104.85915,24.59285],[104.86372,24.5535],[104.90625,24.5488],[104.93634,24.5806],[104.95913,24.56757],[104.96815,24.57956],[105.05016,24.57095],[105.08783,24.60171],[105.11458,24.54845],[105.14559,24.56668],[105.174,24.51909],[105.23356,24.5218],[105.22735,24.48684],[105.24136,24.4524],[105.32055,24.42706],[105.33491,24.39922],[105.46033,24.39534],[105.50857,24.37876],[105.53387,24.39133],[105.58166,24.3521],[105.62888,24.33958],[105.61752,24.31476],[105.55601,24.31648],[105.5321,24.28219],[105.56108,24.25238],[105.60986,24.25239],[105.56325,24.13418],[105.52525,24.13088],[105.50668,24.0284],[105.41215,24.0314],[105.39396,24.06735],[105.32946,24.09719],[105.3146,24.12038],[105.27063,24.10377],[105.29021,24.08114],[105.27348,24.06481],[105.19949,24.10598],[105.17444,24.1601],[105.22467,24.1659],[105.24175,24.20757],[105.23023,24.2221],[105.21268,24.21656],[105.19767,24.25434],[105.17478,24.25562],[105.15597,24.28304],[105.17549,24.29022],[105.16878,24.30538],[105.19453,24.33809],[105.14118,24.3715],[105.10833,24.3685],[105.09473,24.39166],[105.10775,24.41448],[105.05019,24.44387],[104.94118,24.40892],[104.84319,24.44997],[104.81065,24.43894],[104.75324,24.46025],[104.75023,24.43808],[104.71357,24.44584],[104.70029,24.42352],[104.72406,24.34652],[104.69707,24.32021],[104.64798,24.36712],[104.60656,24.37823],[104.62659,24.40438],[104.61494,24.42272],[104.57299,24.42601],[104.56504,24.47549],[104.53927,24.50916],[104.54757,24.52302],[104.51763,24.53898],[104.50346,24.63052],[104.48373,24.6489],[104.46642,24.63742],[104.44654,24.64416],[104.48906,24.6578],[104.52761,24.73477],[104.59388,24.71286],[104.62777,24.66357],[104.69384,24.65416],[104.72359,24.62116],[104.7406,24.62377],[104.75989,24.6601],[104.8412,24.68135]]]}},{"type":"Feature","id":"CTAMAP-2019-COUNTY-2166","properties":{"map_level":"county","source_name":"西乡塘区","source_code":"450107","county_type":"市辖区","prefecture_name":"南宁市","prefecture_code":"450100","prefecture_type":"地级市","parent_entity_id":"CNUR-000217","parent_year_end_name":"南宁市","province_name":"广西壮族自治区","province_code":"450000","snapshot_year":2019,"panel_year":2018,"link_status":"parent_linked","former_name":"","note":""},"geometry":{"type":"MultiPolygon","coordinates":[[[[108.35185,22.97552],[108.35207,22.91505],[108.31308,22.81371],[108.28919,22.80414],[108.24709,22.82999],[108.18948,22.82197],[108.20042,22.78186],[108.16975,22.75992],[108.10582,22.80378],[108.12231,22.8431],[108.07595,22.83344],[108.06075,22.86325],[108.03701,22.84155],[108.05773,22.83712],[108.02342,22.81386],[108.02591,22.78875],[107.97298,22.79191],[107.96092,22.84649],[107.87679,22.84946],[107.85405,22.88064],[107.79292,22.88136],[107.7597,22.91859],[107.82361,22.94305],[107.82825,22.96235],[107.85752,22.96071],[107.87202,22.93751],[108.0175,23.06783],[108.08083,23.09865],[108.07867,23.07626],[108.10903,23.04555],[108.16593,23.05461],[108.16316,23.02633],[108.18431,23.00433],[108.1679,22.98414],[108.16709,22.90904],[108.20889,22.93593],[108.2559,22.93387],[108.27006,22.95869],[108.3127,22.9751],[108.35185,22.97552]]],[[[107.9866,23.1089],[108.0091,23.09948],[108.00585,23.08095],[107.96618,23.07131],[107.96352,23.08783],[107.9866,23.1089]]]]}},{"type":"Feature","id":"CTAMAP-2019-COUNTY-2223","properties":{"map_level":"county","source_name":"象山区","source_code":"450304","county_type":"市辖区","prefecture_name":"桂林市","prefecture_code":"450300","prefecture_type":"地级市","parent_entity_id":"CNUR-000219","parent_year_end_name":"桂林市","province_name":"广西壮族自治区","province_code":"450000","snapshot_year":2019,"panel_year":2018,"link_status":"parent_linked","former_name":"","note":""},"geometry":{"type":"Polygon","coordinates":[[[110.29478,25.27407],[110.28823,25.2514],[110.31118,25.23441],[110.30454,25.20488],[110.32186,25.20726],[110.32279,25.1823],[110.30257,25.17413],[110.31622,25.16092],[110.31103,25.13966],[110.26866,25.13133],[110.26257,25.16906],[110.22335,25.19708],[110.23215,25.23356],[110.27046,25.2523],[110.25487,25.26373],[110.29478,25.27407]]]}},{"type":"Feature","id":"CTAMAP-2019-COUNTY-2225","properties":{"map_level":"county","source_name":"象州县","source_code":"451322","county_type":"县","prefecture_name":"来宾市","prefecture_code":"451300","prefecture_type":"地级市","parent_entity_id":"CNUR-000229","parent_year_end_name":"来宾市","province_name":"广西壮族自治区","province_code":"450000","snapshot_year":2019,"panel_year":2018,"link_status":"parent_linked","former_name":"","note":""},"geometry":{"type":"Polygon","coordinates":[[[109.90304,24.24406],[109.92566,24.20459],[109.91227,24.21429],[109.91972,24.18588],[109.89561,24.169],[109.92108,24.16591],[109.92602,24.14666],[110.03739,24.13585],[110.04731,24.07785],[110.07415,24.05805],[110.01484,24.02892],[109.99754,23.95231],[109.97418,23.9543],[109.97367,23.9242],[109.93933,23.91701],[109.9438,23.89272],[109.91428,23.90798],[109.89872,23.88766],[109.83336,23.89412],[109.82833,23.8396],[109.84035,23.82714],[109.82303,23.7339],[109.7863,23.74361],[109.77062,23.78253],[109.70372,23.78368],[109.69033,23.85898],[109.65157,23.88201],[109.69141,23.89198],[109.65253,23.92944],[109.56016,23.89448],[109.5204,23.83241],[109.53457,23.80074],[109.51721,23.78303],[109.48105,23.79308],[109.48176,23.8519],[109.42352,23.91254],[109.46651,23.97004],[109.48625,23.9651],[109.49997,23.99132],[109.48059,24.00372],[109.50009,24.05334],[109.56867,24.06242],[109.61022,24.11552],[109.61221,24.14486],[109.70806,24.15781],[109.7111,24.19269],[109.74244,24.22151],[109.77397,24.21904],[109.7975,24.26126],[109.84467,24.26181],[109.84529,24.27695],[109.90661,24.30292],[109.93049,24.27448],[109.9029,24.27326],[109.90304,24.24406]]]}},{"type":"Feature","id":"CTAMAP-2019-COUNTY-2236","properties":{"map_level":"county","source_name":"忻城县","source_code":"451321","county_type":"县","prefecture_name":"来宾市","prefecture_code":"451300","prefecture_type":"地级市","parent_entity_id":"CNUR-000229","parent_year_end_name":"来宾市","province_name":"广西壮族自治区","province_code":"450000","snapshot_year":2019,"panel_year":2018,"link_status":"parent_linked","former_name":"","note":""},"geometry":{"type":"Polygon","coordinates":[[[108.91504,24.26516],[108.9376,24.24449],[108.92783,24.18642],[108.95949,24.17],[108.97119,24.12278],[108.99351,24.13478],[109.02897,24.12713],[109.05219,24.09447],[109.10334,24.0856],[109.06299,24.06068],[109.0564,24.03067],[109.02664,24.00967],[109.04199,23.99887],[109.01983,23.91886],[108.95477,23.88716],[108.89103,23.92779],[108.86203,23.90254],[108.87109,23.87716],[108.82897,23.83854],[108.83806,23.82131],[108.7692,23.82501],[108.74096,23.86149],[108.7354,23.80476],[108.62523,23.7688],[108.49742,23.66539],[108.49979,23.70663],[108.4684,23.73934],[108.48574,23.74729],[108.48249,23.76294],[108.45986,23.7886],[108.4302,23.78989],[108.43328,23.81036],[108.41432,23.80333],[108.41426,23.82737],[108.4534,23.84555],[108.4422,23.85678],[108.47131,23.89673],[108.4407,23.9006],[108.45063,23.9149],[108.43929,23.92228],[108.41986,23.91994],[108.43876,23.95615],[108.43005,23.9672],[108.45651,23.9893],[108.47362,23.98002],[108.49483,23.99314],[108.47587,24.02205],[108.48802,24.03366],[108.51326,24.00524],[108.56281,24.01132],[108.55498,24.04745],[108.581,24.03764],[108.59381,24.04829],[108.58082,24.09658],[108.59173,24.1504],[108.65317,24.13793],[108.68348,24.16099],[108.67358,24.17993],[108.69639,24.23464],[108.6777,24.24535],[108.68717,24.27064],[108.66773,24.29182],[108.73673,24.31529],[108.72286,24.33769],[108.75234,24.3857],[108.76315,24.36609],[108.79174,24.36188],[108.80194,24.37608],[108.83602,24.3568],[108.85871,24.2741],[108.91504,24.26516]]]}},{"type":"Feature","id":"CTAMAP-2019-COUNTY-2286","properties":{"map_level":"county","source_name":"兴安县","source_code":"450325","county_type":"县","prefecture_name":"桂林市","prefecture_code":"450300","prefecture_type":"地级市","parent_entity_id":"CNUR-000219","parent_year_end_name":"桂林市","province_name":"广西壮族自治区","province_code":"450000","snapshot_year":2019,"panel_year":2018,"link_status":"parent_linked","former_name":"","note":""},"geometry":{"type":"Polygon","coordinates":[[[110.63178,25.78717],[110.66175,25.73694],[110.68445,25.72983],[110.73652,25.74191],[110.74164,25.76273],[110.76328,25.77112],[110.79516,25.7594],[110.80324,25.74047],[110.76991,25.72787],[110.84093,25.69593],[110.80388,25.60704],[110.80637,25.526],[110.84627,25.51922],[110.86683,25.49511],[110.92889,25.49629],[110.93013,25.47691],[110.88105,25.42928],[110.8805,25.36618],[110.84312,25.37511],[110.80568,25.36166],[110.75828,25.31094],[110.7218,25.31146],[110.69499,25.345],[110.63057,25.35881],[110.55212,25.35034],[110.55427,25.38195],[110.49747,25.43788],[110.50858,25.45336],[110.49788,25.47409],[110.52231,25.50264],[110.49298,25.50822],[110.45157,25.4813],[110.44111,25.54458],[110.39224,25.59091],[110.36336,25.58274],[110.36742,25.56463],[110.3378,25.57391],[110.34689,25.59415],[110.28451,25.63367],[110.2952,25.66137],[110.27541,25.73822],[110.23526,25.79043],[110.26996,25.78951],[110.30633,25.84224],[110.35244,25.84412],[110.33559,25.80121],[110.34193,25.77012],[110.35675,25.76707],[110.38651,25.796],[110.37845,25.82161],[110.42246,25.89319],[110.46472,25.91626],[110.49354,25.86886],[110.52818,25.85025],[110.52836,25.83167],[110.59604,25.83377],[110.59211,25.77015],[110.63178,25.78717]]]}},{"type":"Feature","id":"CTAMAP-2019-COUNTY-2287","properties":{"map_level":"county","source_name":"兴宾区","source_code":"451302","county_type":"市辖区","prefecture_name":"来宾市","prefecture_code":"451300","prefecture_type":"地级市","parent_entity_id":"CNUR-000229","parent_year_end_name":"来宾市","province_name":"广西壮族自治区","province_code":"450000","snapshot_year":2019,"panel_year":2018,"link_status":"parent_linked","former_name":"","note":""},"geometry":{"type":"Polygon","coordinates":[[[109.06322,24.06089],[109.12392,24.06649],[109.14196,24.02552],[109.18249,24.01539],[109.21728,24.02321],[109.21857,24.05815],[109.28736,24.04544],[109.29058,24.00379],[109.32021,23.98995],[109.35583,23.91051],[109.42386,23.91051],[109.48176,23.8519],[109.48105,23.79308],[109.51239,23.78037],[109.53457,23.80074],[109.55741,23.79825],[109.5866,23.7525],[109.54146,23.70466],[109.58375,23.69873],[109.59286,23.64848],[109.49873,23.53854],[109.46945,23.54073],[109.4643,23.46777],[109.4782,23.45919],[109.44769,23.41884],[109.48086,23.3877],[109.43911,23.38147],[109.42464,23.36254],[109.39672,23.3852],[109.36687,23.38353],[109.35335,23.41758],[109.32448,23.4183],[109.27147,23.3766],[109.26164,23.34973],[109.20655,23.33488],[109.21617,23.32291],[109.20272,23.31203],[109.21569,23.30352],[109.18857,23.28638],[109.2033,23.27596],[109.19365,23.26915],[109.13952,23.30279],[109.12763,23.28867],[109.10539,23.29394],[109.08196,23.31796],[109.09458,23.3464],[109.05265,23.3253],[109.04615,23.35586],[108.98444,23.35179],[108.97568,23.371],[108.96214,23.35672],[108.9268,23.37019],[108.90866,23.43042],[108.86454,23.44825],[108.85986,23.47267],[108.81786,23.49737],[108.80801,23.56844],[108.77879,23.61806],[108.7933,23.6361],[108.77629,23.64753],[108.76919,23.6884],[108.80028,23.71817],[108.77321,23.73032],[108.77963,23.77071],[108.72745,23.79996],[108.74349,23.86227],[108.7692,23.82501],[108.86731,23.81842],[108.84614,23.78462],[108.88416,23.75534],[108.85763,23.75405],[108.85189,23.72185],[108.89314,23.69913],[108.88811,23.68027],[108.90519,23.66424],[108.96751,23.71744],[109.03557,23.7283],[109.04367,23.76154],[108.9998,23.77159],[108.9937,23.79549],[108.99664,23.8407],[109.01522,23.8382],[109.0254,23.86201],[109.00684,23.89037],[109.01531,23.90473],[109.00115,23.9005],[109.01892,23.93811],[109.03711,23.94431],[109.04199,23.99887],[109.02683,24.01005],[109.0564,24.03067],[109.06322,24.06089]]]}},{"type":"Feature","id":"CTAMAP-2019-COUNTY-2295","properties":{"map_level":"county","source_name":"兴宁区","source_code":"450102","county_type":"市辖区","prefecture_name":"南宁市","prefecture_code":"450100","prefecture_type":"地级市","parent_entity_id":"CNUR-000217","parent_year_end_name":"南宁市","province_name":"广西壮族自治区","province_code":"450000","snapshot_year":2019,"panel_year":2018,"link_status":"parent_linked","former_name":"","note":""},"geometry":{"type":"Polygon","coordinates":[[[108.76664,22.99967],[108.71221,22.99473],[108.69443,22.93927],[108.66489,22.93123],[108.64517,22.89592],[108.59609,22.88905],[108.56817,22.86028],[108.49735,22.85929],[108.48123,22.84498],[108.40083,22.87112],[108.31872,22.81579],[108.30869,22.82429],[108.3279,22.84091],[108.32371,22.86136],[108.35207,22.91505],[108.35042,22.97189],[108.36797,22.99363],[108.44134,23.00132],[108.44903,23.02834],[108.4916,23.04717],[108.56289,23.01558],[108.57647,23.04122],[108.60986,23.04752],[108.61234,23.10948],[108.67691,23.09202],[108.69643,23.10249],[108.71985,23.08388],[108.72075,23.05639],[108.77557,23.02171],[108.76664,22.99967]]]}},{"type":"Feature","id":"CTAMAP-2019-COUNTY-2303","properties":{"map_level":"county","source_name":"兴业县","source_code":"450924","county_type":"县","prefecture_name":"玉林市","prefecture_code":"450900","prefecture_type":"地级市","parent_entity_id":"CNUR-000225","parent_year_end_name":"玉林市","province_name":"广西壮族自治区","province_code":"450000","snapshot_year":2019,"panel_year":2018,"link_status":"parent_linked","former_name":"","note":""},"geometry":{"type":"Polygon","coordinates":[[[110.21646,22.86875],[110.11582,22.80844],[110.10727,22.75864],[110.07202,22.75174],[110.06867,22.73426],[110.02673,22.71637],[110.03678,22.68136],[109.99513,22.65392],[109.99608,22.63646],[109.96595,22.64155],[109.93611,22.62344],[109.84046,22.63226],[109.81127,22.61363],[109.8379,22.57448],[109.77265,22.58997],[109.75843,22.58714],[109.75884,22.56265],[109.73794,22.55869],[109.71456,22.56203],[109.7158,22.58237],[109.65971,22.6099],[109.65498,22.66256],[109.67221,22.68299],[109.72316,22.70079],[109.72797,22.73707],[109.75183,22.73182],[109.78762,22.75784],[109.75791,22.77875],[109.75103,22.84514],[109.78483,22.85904],[109.79884,22.84654],[109.81881,22.88994],[109.85742,22.87408],[109.86395,22.87841],[109.82824,22.90048],[109.85759,22.90682],[109.80051,22.9786],[109.86961,23.0006],[109.8894,23.02824],[109.94753,23.02349],[109.99032,22.99796],[110.01032,22.96478],[110.04884,22.95063],[110.07886,22.97119],[110.10472,22.89623],[110.1911,22.90774],[110.22037,22.89455],[110.21646,22.86875]]]}},{"type":"Feature","id":"CTAMAP-2019-COUNTY-2311","properties":{"map_level":"county","source_name":"秀峰区","source_code":"450302","county_type":"市辖区","prefecture_name":"桂林市","prefecture_code":"450300","prefecture_type":"地级市","parent_entity_id":"CNUR-000219","parent_year_end_name":"桂林市","province_name":"广西壮族自治区","province_code":"450000","snapshot_year":2019,"panel_year":2018,"link_status":"parent_linked","former_name":"","note":""},"geometry":{"type":"Polygon","coordinates":[[[110.29637,25.33441],[110.2725,25.30399],[110.30062,25.28571],[110.29478,25.27407],[110.25487,25.26373],[110.27046,25.2523],[110.23013,25.22843],[110.21783,25.25467],[110.24804,25.29061],[110.2537,25.32523],[110.29637,25.33441]]]}},{"type":"Feature","id":"CTAMAP-2019-COUNTY-2369","properties":{"map_level":"county","source_name":"雁山区","source_code":"450311","county_type":"市辖区","prefecture_name":"桂林市","prefecture_code":"450300","prefecture_type":"地级市","parent_entity_id":"CNUR-000219","parent_year_end_name":"桂林市","province_name":"广西壮族自治区","province_code":"450000","snapshot_year":2019,"panel_year":2018,"link_status":"parent_linked","former_name":"","note":""},"geometry":{"type":"Polygon","coordinates":[[[110.37017,25.2154],[110.3822,25.17905],[110.36258,25.15812],[110.37918,25.13247],[110.40244,25.13121],[110.39884,25.15671],[110.43049,25.14528],[110.42795,25.11542],[110.48767,25.07012],[110.46951,25.04135],[110.43899,25.05837],[110.40643,25.01639],[110.33445,25.01594],[110.34682,25.00338],[110.33543,24.99752],[110.30803,25.04289],[110.27266,25.03912],[110.25115,25.10849],[110.26279,25.12868],[110.31103,25.13966],[110.31622,25.16092],[110.30257,25.17413],[110.32134,25.18001],[110.32404,25.20024],[110.30458,25.20473],[110.31118,25.23441],[110.33972,25.23738],[110.37017,25.2154]]]}},{"type":"Feature","id":"CTAMAP-2019-COUNTY-2380","properties":{"map_level":"county","source_name":"阳朔县","source_code":"450321","county_type":"县","prefecture_name":"桂林市","prefecture_code":"450300","prefecture_type":"地级市","parent_entity_id":"CNUR-000219","parent_year_end_name":"桂林市","province_name":"广西壮族自治区","province_code":"450000","snapshot_year":2019,"panel_year":2018,"link_status":"parent_linked","former_name":"","note":""},"geometry":{"type":"Polygon","coordinates":[[[110.61177,25.06538],[110.67801,24.8726],[110.66009,24.87139],[110.65697,24.80407],[110.63694,24.79345],[110.65749,24.77135],[110.58345,24.73552],[110.6148,24.66884],[110.59509,24.64717],[110.56632,24.63686],[110.51508,24.66978],[110.45758,24.66079],[110.43197,24.67969],[110.41,24.66735],[110.36342,24.67281],[110.35992,24.7179],[110.28326,24.72712],[110.27034,24.74911],[110.22563,24.76022],[110.23831,24.78869],[110.22307,24.83595],[110.26438,24.8399],[110.30683,24.87508],[110.29387,24.88143],[110.29929,24.89762],[110.34022,24.90727],[110.30225,24.97103],[110.33957,24.98913],[110.33425,25.01588],[110.40643,25.01639],[110.43899,25.05837],[110.46951,25.04135],[110.47296,25.05287],[110.51343,25.05234],[110.52997,25.02945],[110.55659,25.05717],[110.61177,25.06538]]]}},{"type":"Feature","id":"CTAMAP-2019-COUNTY-2421","properties":{"map_level":"county","source_name":"宜州区","source_code":"451203","county_type":"市辖区","prefecture_name":"河池市","prefecture_code":"451200","prefecture_type":"地级市","parent_entity_id":"CNUR-000228","parent_year_end_name":"河池市","province_name":"广西壮族自治区","province_code":"450000","snapshot_year":2019,"panel_year":2018,"link_status":"parent_linked","former_name":"宜州市","note":"2016年撤销宜州市，设立宜州区"},"geometry":{"type":"Polygon","coordinates":[[[108.4898,24.86652],[108.49942,24.81091],[108.52686,24.79579],[108.51773,24.76544],[108.56179,24.71358],[108.60151,24.74069],[108.62264,24.72944],[108.6532,24.75059],[108.67003,24.72627],[108.6833,24.6332],[108.73365,24.62434],[108.7828,24.65847],[108.80005,24.62555],[108.90014,24.6228],[108.91168,24.59548],[108.84743,24.573],[108.83331,24.53547],[108.88252,24.52349],[108.93507,24.47498],[108.98674,24.49213],[109.02637,24.48278],[109.04299,24.45951],[109.00091,24.42499],[109.0097,24.40303],[108.99559,24.37754],[108.97343,24.38985],[108.92787,24.37914],[108.92937,24.32442],[108.90186,24.25944],[108.85871,24.2741],[108.83602,24.3568],[108.80194,24.37608],[108.79174,24.36188],[108.76315,24.36609],[108.75234,24.3857],[108.72286,24.33769],[108.73673,24.31529],[108.66773,24.29182],[108.68717,24.27064],[108.6777,24.24535],[108.69639,24.23464],[108.67358,24.17993],[108.68348,24.16099],[108.65317,24.13793],[108.59173,24.1504],[108.58082,24.09658],[108.59381,24.04829],[108.581,24.03764],[108.55498,24.04745],[108.56395,24.01347],[108.53414,24.00189],[108.501,24.01972],[108.50567,24.05068],[108.48123,24.1018],[108.49666,24.11205],[108.467,24.1628],[108.49288,24.19334],[108.47814,24.21297],[108.48673,24.24585],[108.46411,24.2822],[108.41722,24.31105],[108.41803,24.2921],[108.37588,24.29262],[108.39366,24.3302],[108.33077,24.33789],[108.33755,24.35887],[108.31692,24.36543],[108.31412,24.39983],[108.28033,24.40133],[108.26606,24.41972],[108.24637,24.39933],[108.18283,24.4341],[108.20106,24.3998],[108.18704,24.38559],[108.11582,24.40355],[108.11702,24.4255],[108.0705,24.46221],[108.08384,24.5134],[108.04281,24.54172],[108.07185,24.56173],[108.09879,24.53443],[108.12882,24.55584],[108.16072,24.53302],[108.19948,24.53346],[108.22074,24.55856],[108.22543,24.59768],[108.1778,24.66689],[108.22506,24.68922],[108.218,24.75092],[108.38508,24.73367],[108.42484,24.77557],[108.44069,24.81991],[108.42354,24.86143],[108.4898,24.86652]]]}},{"type":"Feature","id":"CTAMAP-2019-COUNTY-2435","properties":{"map_level":"county","source_name":"银海区","source_code":"450503","county_type":"市辖区","prefecture_name":"北海市","prefecture_code":"450500","prefecture_type":"地级市","parent_entity_id":"CNUR-000221","parent_year_end_name":"北海市","province_name":"广西壮族自治区","province_code":"450000","snapshot_year":2019,"panel_year":2018,"link_status":"parent_linked","former_name":"","note":""},"geometry":{"type":"Polygon","coordinates":[[[109.37312,21.67809],[109.3755,21.62753],[109.3949,21.61222],[109.3785,21.5925],[109.39399,21.55968],[109.3924,21.49599],[109.33016,21.48996],[109.32158,21.45651],[109.25216,21.43061],[109.23678,21.44775],[109.24088,21.48056],[109.22711,21.42399],[109.15828,21.41634],[109.15825,21.4028],[109.04711,21.44091],[109.04812,21.45811],[109.09556,21.44613],[109.15029,21.46229],[109.16196,21.44673],[109.16439,21.47058],[109.20552,21.51698],[109.20253,21.60568],[109.24184,21.61676],[109.26577,21.58989],[109.29392,21.64881],[109.34994,21.68876],[109.37312,21.67809]]]}},{"type":"Feature","id":"CTAMAP-2019-COUNTY-2454","properties":{"map_level":"county","source_name":"邕宁区","source_code":"450109","county_type":"市辖区","prefecture_name":"南宁市","prefecture_code":"450100","prefecture_type":"地级市","parent_entity_id":"CNUR-000217","parent_year_end_name":"南宁市","province_name":"广西壮族自治区","province_code":"450000","snapshot_year":2019,"panel_year":2018,"link_status":"parent_linked","former_name":"","note":""},"geometry":{"type":"Polygon","coordinates":[[[108.80663,22.67604],[108.79404,22.64491],[108.81079,22.64062],[108.81122,22.61662],[108.85641,22.56124],[108.80629,22.52687],[108.78078,22.52986],[108.73538,22.48917],[108.7095,22.49138],[108.71258,22.45511],[108.68598,22.46621],[108.66017,22.43236],[108.63025,22.46335],[108.59764,22.41631],[108.53723,22.44542],[108.50116,22.42931],[108.48193,22.44616],[108.46452,22.41839],[108.43889,22.4182],[108.42747,22.5005],[108.43746,22.5152],[108.41386,22.56724],[108.43923,22.58723],[108.4279,22.60973],[108.44491,22.64739],[108.4259,22.66842],[108.43979,22.68262],[108.42914,22.72107],[108.44209,22.72989],[108.4233,22.75211],[108.42764,22.78795],[108.47152,22.80979],[108.49196,22.75728],[108.50111,22.79464],[108.51427,22.79608],[108.51662,22.77876],[108.56901,22.80984],[108.59464,22.7876],[108.59614,22.72611],[108.61489,22.72954],[108.62951,22.68229],[108.65852,22.67786],[108.66706,22.66146],[108.70769,22.66497],[108.75613,22.72743],[108.77006,22.72718],[108.80663,22.67604]]]}},{"type":"Feature","id":"CTAMAP-2019-COUNTY-2462","properties":{"map_level":"county","source_name":"永福县","source_code":"450326","county_type":"县","prefecture_name":"桂林市","prefecture_code":"450300","prefecture_type":"地级市","parent_entity_id":"CNUR-000219","parent_year_end_name":"桂林市","province_name":"广西壮族自治区","province_code":"450000","snapshot_year":2019,"panel_year":2018,"link_status":"parent_linked","former_name":"","note":""},"geometry":{"type":"Polygon","coordinates":[[[110.22215,24.83351],[110.23831,24.78869],[110.22476,24.76198],[110.19316,24.76789],[110.18458,24.74592],[110.14829,24.73586],[110.14673,24.70312],[110.12837,24.69346],[110.13426,24.65392],[110.09276,24.6502],[110.06234,24.68511],[110.02042,24.66187],[109.98444,24.68122],[109.97956,24.71318],[109.95474,24.70188],[109.93432,24.72118],[109.93522,24.78277],[109.89845,24.7611],[109.88517,24.77163],[109.884,24.81392],[109.84836,24.8099],[109.8296,24.83198],[109.80297,24.81732],[109.74481,24.82542],[109.66041,24.86044],[109.65198,24.83625],[109.6166,24.83818],[109.62718,24.89224],[109.61488,24.93811],[109.62929,24.94053],[109.6144,24.97361],[109.64782,24.98906],[109.63328,25.02546],[109.65772,25.08747],[109.63467,25.12653],[109.64104,25.16809],[109.71101,25.22331],[109.74463,25.29956],[109.74297,25.38028],[109.75841,25.37795],[109.75044,25.42729],[109.7638,25.44143],[109.80237,25.42245],[109.82969,25.42454],[109.83684,25.43954],[109.88033,25.42502],[109.86891,25.35892],[109.84204,25.36662],[109.85896,25.32363],[109.84262,25.28792],[109.85447,25.27299],[109.87394,25.27668],[109.88966,25.24244],[109.87219,25.23464],[109.86315,25.18713],[109.91322,25.18291],[109.95324,25.13114],[110.03167,25.15504],[110.09074,25.13972],[110.09201,25.09803],[110.14715,25.05623],[110.1332,25.03831],[110.18495,24.98725],[110.18511,24.86927],[110.22215,24.83351]]]}},{"type":"Feature","id":"CTAMAP-2019-COUNTY-2488","properties":{"map_level":"county","source_name":"右江区","source_code":"451002","county_type":"市辖区","prefecture_name":"百色市","prefecture_code":"451000","prefecture_type":"地级市","parent_entity_id":"CNUR-000226","parent_year_end_name":"百色市","province_name":"广西壮族自治区","province_code":"450000","snapshot_year":2019,"panel_year":2018,"link_status":"parent_linked","former_name":"","note":""},"geometry":{"type":"Polygon","coordinates":[[[106.86543,24.19669],[106.85669,24.16849],[106.89086,24.1308],[106.87262,24.08679],[106.89514,24.06361],[106.88579,24.00155],[106.92727,23.96991],[106.93512,23.93728],[106.91828,23.84482],[106.84869,23.87118],[106.81113,23.85069],[106.7957,23.86502],[106.798,23.82855],[106.77836,23.82198],[106.79639,23.78622],[106.78373,23.74607],[106.76334,23.75409],[106.76484,23.77342],[106.69283,23.75972],[106.63527,23.79247],[106.59245,23.7684],[106.57779,23.7352],[106.53896,23.73662],[106.55612,23.71148],[106.52453,23.71364],[106.48347,23.68972],[106.47431,23.70636],[106.43822,23.70368],[106.38947,23.65752],[106.35945,23.67648],[106.31819,23.65926],[106.24285,23.6675],[106.2305,23.61458],[106.17704,23.62224],[106.16198,23.60473],[106.17254,23.57455],[106.19618,23.56518],[106.1865,23.54232],[106.11856,23.58791],[106.16013,23.72429],[106.1452,23.73417],[106.13317,23.80201],[106.19498,23.83122],[106.16946,23.8652],[106.19105,23.86273],[106.19391,23.88209],[106.1581,23.88652],[106.13704,23.92426],[106.13902,24.00898],[106.16028,24.00867],[106.16489,24.04315],[106.1931,24.04786],[106.23656,24.10783],[106.28987,24.1093],[106.30367,24.15143],[106.27496,24.19487],[106.32539,24.24381],[106.36738,24.22665],[106.38126,24.27073],[106.39749,24.26492],[106.41584,24.29497],[106.47522,24.2161],[106.46816,24.1534],[106.5735,24.09293],[106.59865,24.11944],[106.6669,24.13798],[106.69349,24.16812],[106.71383,24.16399],[106.72602,24.20191],[106.73631,24.19416],[106.74523,24.20765],[106.78301,24.1796],[106.81999,24.20191],[106.86543,24.19669]]]}},{"type":"Feature","id":"CTAMAP-2019-COUNTY-2499","properties":{"map_level":"county","source_name":"鱼峰区","source_code":"450203","county_type":"市辖区","prefecture_name":"柳州市","prefecture_code":"450200","prefecture_type":"地级市","parent_entity_id":"CNUR-000218","parent_year_end_name":"柳州市","province_name":"广西壮族自治区","province_code":"450000","snapshot_year":2019,"panel_year":2018,"link_status":"parent_linked","former_name":"","note":""},"geometry":{"type":"Polygon","coordinates":[[[109.74244,24.22151],[109.70869,24.18938],[109.70806,24.15781],[109.61221,24.14486],[109.61022,24.11552],[109.56771,24.06212],[109.50111,24.0798],[109.48148,24.15416],[109.43776,24.17796],[109.4675,24.20502],[109.46661,24.18509],[109.4791,24.18599],[109.47285,24.23893],[109.43592,24.21222],[109.4005,24.22465],[109.40393,24.31005],[109.44776,24.32669],[109.46716,24.30979],[109.51857,24.41669],[109.50414,24.44457],[109.53266,24.44175],[109.57833,24.49953],[109.55451,24.51502],[109.55992,24.53918],[109.59171,24.54272],[109.63364,24.57333],[109.66561,24.56027],[109.65585,24.52943],[109.67482,24.50301],[109.64413,24.45808],[109.64572,24.43371],[109.69002,24.42193],[109.71017,24.37985],[109.64484,24.34239],[109.64594,24.32101],[109.55718,24.3511],[109.52983,24.31826],[109.54202,24.28901],[109.51366,24.26545],[109.55322,24.23697],[109.58549,24.24586],[109.60609,24.23171],[109.61058,24.25712],[109.67081,24.26209],[109.72777,24.2478],[109.74244,24.22151]]]}},{"type":"Feature","id":"CTAMAP-2019-COUNTY-2526","properties":{"map_level":"county","source_name":"玉州区","source_code":"450902","county_type":"市辖区","prefecture_name":"玉林市","prefecture_code":"450900","prefecture_type":"地级市","parent_entity_id":"CNUR-000225","parent_year_end_name":"玉林市","province_name":"广西壮族自治区","province_code":"450000","snapshot_year":2019,"panel_year":2018,"link_status":"parent_linked","former_name":"","note":"2013年拆分玉州区的6个镇，划归福绵区管辖"},"geometry":{"type":"Polygon","coordinates":[[[110.25599,22.63331],[110.22958,22.58502],[110.21259,22.59691],[110.1879,22.58922],[110.17163,22.56173],[110.18543,22.54517],[110.16537,22.53536],[110.14325,22.56833],[110.10418,22.57043],[110.09074,22.62041],[109.99917,22.62167],[109.99143,22.64957],[110.03678,22.68136],[110.02673,22.71637],[110.06867,22.73426],[110.07202,22.75174],[110.10727,22.75864],[110.1142,22.8061],[110.14521,22.8189],[110.13536,22.81432],[110.14854,22.78223],[110.1315,22.74736],[110.15839,22.70282],[110.21396,22.72084],[110.25204,22.68607],[110.27639,22.70651],[110.31496,22.68257],[110.29328,22.62691],[110.27944,22.61767],[110.25599,22.63331]]]}},{"type":"Feature","id":"CTAMAP-2019-COUNTY-2624","properties":{"map_level":"county","source_name":"长洲区","source_code":"450405","county_type":"市辖区","prefecture_name":"梧州市","prefecture_code":"450400","prefecture_type":"地级市","parent_entity_id":"CNUR-000220","parent_year_end_name":"梧州市","province_name":"广西壮族自治区","province_code":"450000","snapshot_year":2019,"panel_year":2018,"link_status":"parent_linked","former_name":"郊区","note":"2003年撤销郊区，设立长洲区"},"geometry":{"type":"Polygon","coordinates":[[[111.21088,23.66567],[111.20149,23.62074],[111.23836,23.61591],[111.24684,23.58627],[111.21241,23.54674],[111.28035,23.50899],[111.28687,23.46897],[111.23978,23.42925],[111.19642,23.41881],[111.15005,23.43063],[111.19379,23.48943],[111.13867,23.49908],[111.12251,23.52399],[111.08494,23.52992],[111.07389,23.55534],[111.02925,23.58447],[111.01529,23.62994],[111.05209,23.6479],[111.07323,23.63909],[111.08013,23.6535],[111.12184,23.6226],[111.13292,23.63045],[111.12508,23.64951],[111.14722,23.66287],[111.21088,23.66567]]]}},{"type":"Feature","id":"CTAMAP-2019-COUNTY-2629","properties":{"map_level":"county","source_name":"昭平县","source_code":"451121","county_type":"县","prefecture_name":"贺州市","prefecture_code":"451100","prefecture_type":"地级市","parent_entity_id":"CNUR-000227","parent_year_end_name":"贺州市","province_name":"广西壮族自治区","province_code":"450000","snapshot_year":2019,"panel_year":2018,"link_status":"parent_linked","former_name":"","note":""},"geometry":{"type":"Polygon","coordinates":[[[110.69263,24.34436],[110.7795,24.31741],[110.79345,24.32628],[110.78525,24.35873],[110.83495,24.39791],[110.85147,24.38634],[110.87906,24.26126],[110.93911,24.3401],[110.96289,24.29847],[110.99875,24.31234],[111.00948,24.33482],[111.09689,24.34145],[111.09475,24.31168],[111.12137,24.30422],[111.12433,24.3288],[111.20474,24.34781],[111.22192,24.327],[111.31057,24.31307],[111.31209,24.23521],[111.27482,24.20407],[111.30665,24.17517],[111.30105,24.1065],[111.2668,24.09919],[111.23071,24.00964],[111.2367,23.97778],[111.20249,23.94649],[111.15285,23.94568],[111.1244,23.89271],[111.09892,23.88584],[111.07803,23.83061],[111.05378,23.83174],[111.03128,23.80775],[111.00916,23.81725],[111.02132,23.78116],[111.00036,23.75978],[110.98075,23.77118],[110.97812,23.72573],[110.95152,23.72219],[110.95666,23.65556],[110.94347,23.67194],[110.9209,23.66323],[110.88746,23.70715],[110.89468,23.74735],[110.87103,23.7663],[110.89113,23.78822],[110.88766,23.81436],[110.85328,23.80786],[110.8316,23.83712],[110.86803,23.86658],[110.85277,23.89324],[110.82981,23.89787],[110.77633,23.95129],[110.71797,23.94954],[110.7307,24.00963],[110.74846,24.01548],[110.66918,24.06364],[110.68372,24.07862],[110.68445,24.12536],[110.71947,24.17383],[110.67258,24.21402],[110.62856,24.22316],[110.62067,24.25204],[110.60123,24.25533],[110.61971,24.31482],[110.57223,24.32454],[110.56665,24.36359],[110.58695,24.39911],[110.6105,24.40073],[110.69263,24.34436]]]}},{"type":"Feature","id":"CTAMAP-2019-COUNTY-2681","properties":{"map_level":"county","source_name":"钟山县","source_code":"451122","county_type":"县","prefecture_name":"贺州市","prefecture_code":"451100","prefecture_type":"地级市","parent_entity_id":"CNUR-000227","parent_year_end_name":"贺州市","province_name":"广西壮族自治区","province_code":"450000","snapshot_year":2019,"panel_year":2018,"link_status":"parent_linked","former_name":"","note":""},"geometry":{"type":"Polygon","coordinates":[[[111.17124,24.77298],[111.17874,24.72981],[111.2434,24.67007],[111.23904,24.65633],[111.33045,24.64942],[111.34661,24.58148],[111.32817,24.55698],[111.3716,24.52687],[111.34007,24.51367],[111.34566,24.49392],[111.32472,24.47619],[111.35589,24.46013],[111.35482,24.44002],[111.42871,24.39993],[111.40934,24.32624],[111.3729,24.29102],[111.33043,24.29882],[111.31789,24.32356],[111.28352,24.30805],[111.26639,24.32797],[111.22192,24.327],[111.20474,24.34781],[111.15822,24.34341],[111.12396,24.32855],[111.12255,24.3047],[111.10367,24.30677],[111.09813,24.34109],[111.01937,24.33475],[111.01594,24.35401],[110.95724,24.37306],[110.98747,24.37892],[111.01781,24.42516],[111.01262,24.44834],[111.03703,24.45371],[111.02519,24.48382],[111.04533,24.49946],[110.9782,24.5798],[111.0,24.60459],[110.98625,24.63118],[111.00339,24.63417],[111.02367,24.67593],[111.04986,24.67475],[111.08305,24.70842],[111.10141,24.70848],[111.09963,24.73181],[111.13269,24.74009],[111.15198,24.77661],[111.17124,24.77298]]]}},{"type":"Feature","id":"CTAMAP-2019-COUNTY-2704","properties":{"map_level":"county","source_name":"资源县","source_code":"450329","county_type":"县","prefecture_name":"桂林市","prefecture_code":"450300","prefecture_type":"地级市","parent_entity_id":"CNUR-000219","parent_year_end_name":"桂林市","province_name":"广西壮族自治区","province_code":"450000","snapshot_year":2019,"panel_year":2018,"link_status":"parent_linked","former_name":"","note":""},"geometry":{"type":"Polygon","coordinates":[[[110.91647,26.25821],[110.73711,26.02226],[110.75189,25.97677],[110.7205,25.96077],[110.71554,25.92079],[110.64822,25.85894],[110.62937,25.78338],[110.59211,25.77015],[110.59604,25.83377],[110.52836,25.83167],[110.52818,25.85025],[110.49354,25.86886],[110.46461,25.91626],[110.42258,25.89334],[110.39858,25.85906],[110.37844,25.82157],[110.38633,25.79567],[110.34198,25.77006],[110.33559,25.80121],[110.35817,25.83551],[110.35008,25.88338],[110.3199,25.90062],[110.28379,25.8925],[110.29814,25.94415],[110.27651,25.97046],[110.32709,25.98694],[110.35233,26.06732],[110.38749,26.11546],[110.47485,26.1859],[110.49653,26.17155],[110.52646,26.2052],[110.55183,26.24727],[110.55121,26.29051],[110.61779,26.34009],[110.63843,26.31149],[110.6795,26.32035],[110.70871,26.29851],[110.74336,26.31962],[110.75132,26.30681],[110.73443,26.27485],[110.75659,26.25012],[110.79342,26.27111],[110.83228,26.25757],[110.89137,26.28073],[110.91164,26.27816],[110.91647,26.25821]]]}},{"type":"Feature","id":"CTAMAP-2019-COUNTY-2784","properties":{"map_level":"county","source_name":"城中区","source_code":"450202","county_type":"市辖区","prefecture_name":"柳州市","prefecture_code":"450200","prefecture_type":"地级市","parent_entity_id":"CNUR-000218","parent_year_end_name":"柳州市","province_name":"广西壮族自治区","province_code":"450000","snapshot_year":2019,"panel_year":2018,"link_status":"parent_linked","former_name":"","note":""},"geometry":{"type":"Polygon","coordinates":[[[109.50506,24.43191],[109.51857,24.41669],[109.46716,24.30979],[109.44776,24.32669],[109.39997,24.31162],[109.41822,24.32435],[109.42024,24.38824],[109.46792,24.39649],[109.50506,24.43191]]]}}]}