event_id,year,section,event_type,prefecture_names,prefecture_entity_ids,county_names,old_county_units,new_county_units,change_description,county_unit_types,scope,description,source_title,source_url,source_id,source_type,source_locator,source_confidence,review_status
RMRB-COUNTY-1983-10-28-001,1983,河北省 / 1983-01—1983-09,jurisdiction_transfer,唐山市,CNUR-000004,滦县、乐亭十县,滦县、乐亭十县,唐山市,撤销唐山地区。将丰润、丰南、滦县、滦南、玉田、遵化、迁西、迁安、唐海、乐亭十县划归唐山市管辖,县,county_level,河北省：撤销唐山地区。将丰润、丰南、滦县、滦南、玉田、遵化、迁西、迁安、唐海、乐亭十县划归唐山市管辖,今年1至3季度全国县级以上行政区划变动情况,https://cn.govopendata.com/renminribao/1983/10/28/4/,SRC-RMRB-1983-10-28,people_daily_summary,人民日报 1983-10-28 第4版,primary_text,source_text_parsed_review_required
RMRB-COUNTY-1983-10-28-002,1983,河北省 / 1983-01—1983-09,jurisdiction_transfer,承德地区、秦皇岛市,CNUR-000005、CNUR-000355,卢龙三县、青龙县,卢龙三县、青龙县,秦皇岛市,秦皇岛市改由省直接领导，将唐山地区的抚宁、昌黎、卢龙三县和承德地区的青龙县划归秦皇岛市管辖,县,county_level,河北省：秦皇岛市改由省直接领导，将唐山地区的抚宁、昌黎、卢龙三县和承德地区的青龙县划归秦皇岛市管辖,今年1至3季度全国县级以上行政区划变动情况,https://cn.govopendata.com/renminribao/1983/10/28/4/,SRC-RMRB-1983-10-28,people_daily_summary,人民日报 1983-10-28 第4版,primary_text,source_text_parsed_review_required
RMRB-COUNTY-1983-10-28-003,1983,河北省 / 1983-01—1983-09,merge,廊坊市,CNUR-000012,安次县,安次县,,撤销安次县，将安次县的行政区域并入廊坊市,县,county_level,河北省：撤销安次县，将安次县的行政区域并入廊坊市,今年1至3季度全国县级以上行政区划变动情况,https://cn.govopendata.com/renminribao/1983/10/28/4/,SRC-RMRB-1983-10-28,people_daily_summary,人民日报 1983-10-28 第4版,primary_text,source_text_parsed_review_required
RMRB-COUNTY-1983-10-28-004,1983,河北省 / 1983-01—1983-09,merge,衡水市,CNUR-000013,衡水县,衡水县,,撤销衡水县，将衡水县的行政区域并入衡水市,县,county_level,河北省：撤销衡水县，将衡水县的行政区域并入衡水市,今年1至3季度全国县级以上行政区划变动情况,https://cn.govopendata.com/renminribao/1983/10/28/4/,SRC-RMRB-1983-10-28,people_daily_summary,人民日报 1983-10-28 第4版,primary_text,source_text_parsed_review_required
RMRB-COUNTY-1983-10-28-005,1983,河北省 / 1983-01—1983-09,merge,,,交河县,交河县,,撤销交河县，将交河县的行政区域并入泊头市,县,county_level,河北省：撤销交河县，将交河县的行政区域并入泊头市,今年1至3季度全国县级以上行政区划变动情况,https://cn.govopendata.com/renminribao/1983/10/28/4/,SRC-RMRB-1983-10-28,people_daily_summary,人民日报 1983-10-28 第4版,primary_text,source_text_parsed_review_required
RMRB-COUNTY-1983-10-28-006,1983,山西省 / 1983-01—1983-09,jurisdiction_transfer,长治市,CNUR-000017,潞城二县,潞城二县,长治市,将晋东南地区的长治、潞城二县划归长治市管辖,县,county_level,山西省：将晋东南地区的长治、潞城二县划归长治市管辖,今年1至3季度全国县级以上行政区划变动情况,https://cn.govopendata.com/renminribao/1983/10/28/4/,SRC-RMRB-1983-10-28,people_daily_summary,人民日报 1983-10-28 第4版,primary_text,source_text_parsed_review_required
RMRB-COUNTY-1983-10-28-007,1983,山西省 / 1983-01—1983-09,jurisdiction_transfer,晋中地区、阳泉市,CNUR-000016、CNUR-000020,盂县、二县,盂县、二县,阳泉市,将晋中地区的平定、盂县二县划归阳泉市管辖,县,county_level,山西省：将晋中地区的平定、盂县二县划归阳泉市管辖,今年1至3季度全国县级以上行政区划变动情况,https://cn.govopendata.com/renminribao/1983/10/28/4/,SRC-RMRB-1983-10-28,people_daily_summary,人民日报 1983-10-28 第4版,primary_text,source_text_parsed_review_required
RMRB-COUNTY-1983-10-28-008,1983,山西省 / 1983-01—1983-09,merge,,,榆次县,榆次县,,撤销榆次县，将榆次县的行政区域并入榆次市,县,county_level,山西省：撤销榆次县，将榆次县的行政区域并入榆次市,今年1至3季度全国县级以上行政区划变动情况,https://cn.govopendata.com/renminribao/1983/10/28/4/,SRC-RMRB-1983-10-28,people_daily_summary,人民日报 1983-10-28 第4版,primary_text,source_text_parsed_review_required
RMRB-COUNTY-1983-10-28-009,1983,山西省 / 1983-01—1983-09,merge,临汾市,CNUR-000023,临汾县,临汾县,,撤销临汾县，将临汾县的行政区域并入临汾市,县,county_level,山西省：撤销临汾县，将临汾县的行政区域并入临汾市,今年1至3季度全国县级以上行政区划变动情况,https://cn.govopendata.com/renminribao/1983/10/28/4/,SRC-RMRB-1983-10-28,people_daily_summary,人民日报 1983-10-28 第4版,primary_text,source_text_parsed_review_required
RMRB-COUNTY-1983-10-28-010,1983,山西省 / 1983-01—1983-09,split,运城市,CNUR-000021,运城县,运城县,运城市,撤销运城县，设立运城市，为省辖（县级）市,县,county_level,山西省：撤销运城县，设立运城市，为省辖（县级）市,今年1至3季度全国县级以上行政区划变动情况,https://cn.govopendata.com/renminribao/1983/10/28/4/,SRC-RMRB-1983-10-28,people_daily_summary,人民日报 1983-10-28 第4版,primary_text,source_text_parsed_review_required
RMRB-COUNTY-1983-10-28-011,1983,山西省 / 1983-01—1983-09,split,晋城市,CNUR-000018,晋城县,晋城县,晋城市,撤销晋城县，设立晋城市，为省辖（县级）市,县,county_level,山西省：撤销晋城县，设立晋城市，为省辖（县级）市,今年1至3季度全国县级以上行政区划变动情况,https://cn.govopendata.com/renminribao/1983/10/28/4/,SRC-RMRB-1983-10-28,people_daily_summary,人民日报 1983-10-28 第4版,primary_text,source_text_parsed_review_required
RMRB-COUNTY-1983-10-28-012,1983,山西省 / 1983-01—1983-09,split,忻州市,CNUR-000022,忻县,忻县,忻州市,撤销忻县，设立忻州市，为省辖（县级）市,县,county_level,山西省：撤销忻县，设立忻州市，为省辖（县级）市,今年1至3季度全国县级以上行政区划变动情况,https://cn.govopendata.com/renminribao/1983/10/28/4/,SRC-RMRB-1983-10-28,people_daily_summary,人民日报 1983-10-28 第4版,primary_text,source_text_parsed_review_required
RMRB-COUNTY-1983-10-28-013,1983,山西省 / 1983-01—1983-09,rename,忻州地区,CNUR-000022,忻县,忻县,,忻县地区更名为忻州地区,县,county_level,山西省：忻县地区更名为忻州地区,今年1至3季度全国县级以上行政区划变动情况,https://cn.govopendata.com/renminribao/1983/10/28/4/,SRC-RMRB-1983-10-28,people_daily_summary,人民日报 1983-10-28 第4版,primary_text,source_text_parsed_review_required
RMRB-COUNTY-1983-10-28-014,1983,吉林省 / 1983-01—1983-09,jurisdiction_transfer,四平市、辽源市,CNUR-000053、CNUR-000054,伊通四县、东丰县,伊通四县,四平市,撤销四平地区。四平市、辽源市改由省直接领导。将怀德、梨树、双辽、伊通四县划归四平市管辖；将东丰县划归辽源市管辖,县,county_level,吉林省：撤销四平地区。四平市、辽源市改由省直接领导。将怀德、梨树、双辽、伊通四县划归四平市管辖；将东丰县划归辽源市管辖,今年1至3季度全国县级以上行政区划变动情况,https://cn.govopendata.com/renminribao/1983/10/28/4/,SRC-RMRB-1983-10-28,people_daily_summary,人民日报 1983-10-28 第4版,primary_text,source_text_parsed_review_required
RMRB-COUNTY-1983-10-28-015,1983,吉林省 / 1983-01—1983-09,jurisdiction_transfer,长春市,CNUR-000051,双阳五县,双阳五县,长春市,撤销德惠地区。将农安、德惠、榆树、九台、双阳五县划归长春市管辖,县,county_level,吉林省：撤销德惠地区。将农安、德惠、榆树、九台、双阳五县划归长春市管辖,今年1至3季度全国县级以上行政区划变动情况,https://cn.govopendata.com/renminribao/1983/10/28/4/,SRC-RMRB-1983-10-28,people_daily_summary,人民日报 1983-10-28 第4版,primary_text,source_text_parsed_review_required
RMRB-COUNTY-1983-10-28-016,1983,吉林省 / 1983-01—1983-09,jurisdiction_transfer,吉林市,CNUR-000052,磐石五县,磐石五县,吉林市,撤销永吉地区。将永吉、舒兰、蛟河、桦甸、磐石五县划归吉林市管辖,县,county_level,吉林省：撤销永吉地区。将永吉、舒兰、蛟河、桦甸、磐石五县划归吉林市管辖,今年1至3季度全国县级以上行政区划变动情况,https://cn.govopendata.com/renminribao/1983/10/28/4/,SRC-RMRB-1983-10-28,people_daily_summary,人民日报 1983-10-28 第4版,primary_text,source_text_parsed_review_required
RMRB-COUNTY-1983-10-28-017,1983,吉林省 / 1983-01—1983-09,rename,,,延吉县、更名为龙井县,延吉县,龙井县,将延吉县更名为龙井县,县,county_level,吉林省：将延吉县更名为龙井县,今年1至3季度全国县级以上行政区划变动情况,https://cn.govopendata.com/renminribao/1983/10/28/4/,SRC-RMRB-1983-10-28,people_daily_summary,人民日报 1983-10-28 第4版,primary_text,source_text_parsed_review_required
RMRB-COUNTY-1983-10-28-018,1983,黑龙江省 / 1983-01—1983-09,jurisdiction_transfer,牡丹江市、鸡西市,CNUR-000062、CNUR-000069,密山七县、绥芬河市、鸡东县,密山七县,牡丹江市,撤销牡丹江地区。将海林、林口、宁安、穆棱、东宁、虎林、密山七县划归牡丹江市管辖，绥芬河市仍为省辖（县级）市。将鸡东县划归鸡西市管辖,县、市,county_level,黑龙江省：撤销牡丹江地区。将海林、林口、宁安、穆棱、东宁、虎林、密山七县划归牡丹江市管辖，绥芬河市仍为省辖（县级）市。将鸡东县划归鸡西市管辖,今年1至3季度全国县级以上行政区划变动情况,https://cn.govopendata.com/renminribao/1983/10/28/4/,SRC-RMRB-1983-10-28,people_daily_summary,人民日报 1983-10-28 第4版,primary_text,source_text_parsed_review_required
RMRB-COUNTY-1983-10-28-019,1983,黑龙江省 / 1983-01—1983-09,jurisdiction_transfer,松花江地区、哈尔滨市,CNUR-000060、CNUR-000360,阿城两县,阿城两县,哈尔滨市,将松花江地区的呼兰、阿城两县划归哈尔滨市管辖,县,county_level,黑龙江省：将松花江地区的呼兰、阿城两县划归哈尔滨市管辖,今年1至3季度全国县级以上行政区划变动情况,https://cn.govopendata.com/renminribao/1983/10/28/4/,SRC-RMRB-1983-10-28,people_daily_summary,人民日报 1983-10-28 第4版,primary_text,source_text_parsed_review_required
RMRB-COUNTY-1983-10-28-020,1983,黑龙江省 / 1983-01—1983-09,merge,黑河市,CNUR-000070,爱辉县,爱辉县,,撤销爱辉县，将爱辉县的行政区域并入黑河市,县,county_level,黑龙江省：撤销爱辉县，将爱辉县的行政区域并入黑河市,今年1至3季度全国县级以上行政区划变动情况,https://cn.govopendata.com/renminribao/1983/10/28/4/,SRC-RMRB-1983-10-28,people_daily_summary,人民日报 1983-10-28 第4版,primary_text,source_text_parsed_review_required
RMRB-COUNTY-1983-10-28-021,1983,黑龙江省 / 1983-01—1983-09,merge,,,通北县,通北县,,撤销通北县，将通北县的行政区域并入北安市,县,county_level,黑龙江省：撤销通北县，将通北县的行政区域并入北安市,今年1至3季度全国县级以上行政区划变动情况,https://cn.govopendata.com/renminribao/1983/10/28/4/,SRC-RMRB-1983-10-28,people_daily_summary,人民日报 1983-10-28 第4版,primary_text,source_text_parsed_review_required
RMRB-COUNTY-1983-10-28-022,1983,江苏省 / 1983-01—1983-09,jurisdiction_transfer,无锡市、苏州市,CNUR-000075、CNUR-000078,吴县、沙洲五县、常熟县、常熟市、无锡二县,常熟县,常熟市,撤销苏州地区。将吴县、吴江、昆山、太仓、沙洲五县划归苏州市管辖，撤销常熟县，设立常熟市，为省辖（县级）市。将江阴、无锡二县划归无锡市管辖,县、市,county_level,江苏省：撤销苏州地区。将吴县、吴江、昆山、太仓、沙洲五县划归苏州市管辖，撤销常熟县，设立常熟市，为省辖（县级）市。将江阴、无锡二县划归无锡市管辖,今年1至3季度全国县级以上行政区划变动情况,https://cn.govopendata.com/renminribao/1983/10/28/4/,SRC-RMRB-1983-10-28,people_daily_summary,人民日报 1983-10-28 第4版,primary_text,source_text_parsed_review_required
RMRB-COUNTY-1983-10-28-023,1983,江苏省 / 1983-01—1983-09,jurisdiction_transfer,南京市、常州市、无锡市、镇江市,CNUR-000074、CNUR-000075、CNUR-000077、CNUR-000084,句容四县、溧水二县、宜兴县、溧阳三县,句容四县,镇江市,撤销镇江地区。镇江市改由省直接领导。将丹徒、丹阳、扬中、句容四县划归镇江市管辖。将高淳、溧水二县划归南京市管辖；将宜兴县划归无锡市管辖；将武进、金坛、溧阳三县划归常州市管辖,县,county_level,江苏省：撤销镇江地区。镇江市改由省直接领导。将丹徒、丹阳、扬中、句容四县划归镇江市管辖。将高淳、溧水二县划归南京市管辖；将宜兴县划归无锡市管辖；将武进、金坛、溧阳三县划归常州市管辖,今年1至3季度全国县级以上行政区划变动情况,https://cn.govopendata.com/renminribao/1983/10/28/4/,SRC-RMRB-1983-10-28,people_daily_summary,人民日报 1983-10-28 第4版,primary_text,source_text_parsed_review_required
RMRB-COUNTY-1983-10-28-024,1983,江苏省 / 1983-01—1983-09,jurisdiction_transfer,南通市,CNUR-000079,海安六县,海安六县,南通市,撤销南通地区。将南通、海门、启东、如东、如皋、海安六县划归南通市管辖,县,county_level,江苏省：撤销南通地区。将南通、海门、启东、如东、如皋、海安六县划归南通市管辖,今年1至3季度全国县级以上行政区划变动情况,https://cn.govopendata.com/renminribao/1983/10/28/4/,SRC-RMRB-1983-10-28,people_daily_summary,人民日报 1983-10-28 第4版,primary_text,source_text_parsed_review_required
RMRB-COUNTY-1983-10-28-025,1983,江苏省 / 1983-01—1983-09,jurisdiction_transfer,连云港市、徐州市,CNUR-000076、CNUR-000080,丰县、沛县、邳县、新沂六县、赣榆二县,丰县、沛县、邳县、新沂六县,徐州市,撤销徐州地区。将铜山、丰县、沛县、邳县、睢宁、新沂六县划归徐州市管辖；将东海、赣榆二县划归连云港市管辖,县,county_level,江苏省：撤销徐州地区。将铜山、丰县、沛县、邳县、睢宁、新沂六县划归徐州市管辖；将东海、赣榆二县划归连云港市管辖,今年1至3季度全国县级以上行政区划变动情况,https://cn.govopendata.com/renminribao/1983/10/28/4/,SRC-RMRB-1983-10-28,people_daily_summary,人民日报 1983-10-28 第4版,primary_text,source_text_parsed_review_required
RMRB-COUNTY-1983-10-28-026,1983,江苏省 / 1983-01—1983-09,jurisdiction_transfer,扬州市、泰州市,CNUR-000083、CNUR-000085,泰县、仪征九县,泰县、仪征九县,扬州市,撤销扬州地区。扬州市改由省直接领导。将江都、邗江、泰县、高邮、靖江、宝应、泰兴、兴化、仪征九县划归扬州市管辖，泰州市仍为省辖（县级）市,县,county_level,江苏省：撤销扬州地区。扬州市改由省直接领导。将江都、邗江、泰县、高邮、靖江、宝应、泰兴、兴化、仪征九县划归扬州市管辖，泰州市仍为省辖（县级）市,今年1至3季度全国县级以上行政区划变动情况,https://cn.govopendata.com/renminribao/1983/10/28/4/,SRC-RMRB-1983-10-28,people_daily_summary,人民日报 1983-10-28 第4版,primary_text,source_text_parsed_review_required
RMRB-COUNTY-1983-10-28-027,1983,江苏省 / 1983-01—1983-09,jurisdiction_transfer,盐城市,CNUR-000082,盐城县、响水七县,盐城县,盐城市,撤销盐城地区。撤销盐城县，设立盐城市，由省直接领导。将建湖、射阳、阜宁、大丰、滨海、东台、响水七县划归盐城市管辖,县,county_level,江苏省：撤销盐城地区。撤销盐城县，设立盐城市，由省直接领导。将建湖、射阳、阜宁、大丰、滨海、东台、响水七县划归盐城市管辖,今年1至3季度全国县级以上行政区划变动情况,https://cn.govopendata.com/renminribao/1983/10/28/4/,SRC-RMRB-1983-10-28,people_daily_summary,人民日报 1983-10-28 第4版,primary_text,source_text_parsed_review_required
RMRB-COUNTY-1983-10-28-028,1983,江苏省 / 1983-01—1983-09,jurisdiction_transfer,连云港市、淮阴市,CNUR-000080、CNUR-000081,清江市、更名为淮阴市、金湖十一县、灌云县,金湖十一县,淮阴市,撤销淮阴地区。清江市更名为淮阴市，淮阴市改由省直接领导。将淮阴、沭阳、洪泽、灌南、泗洪、涟水、宿迁、淮安、泗阳、盱眙、金湖十一县划归淮阴市管辖；将灌云县划归连云港市管辖,县、市,county_level,江苏省：撤销淮阴地区。清江市更名为淮阴市，淮阴市改由省直接领导。将淮阴、沭阳、洪泽、灌南、泗洪、涟水、宿迁、淮安、泗阳、盱眙、金湖十一县划归淮阴市管辖；将灌云县划归连云港市管辖,今年1至3季度全国县级以上行政区划变动情况,https://cn.govopendata.com/renminribao/1983/10/28/4/,SRC-RMRB-1983-10-28,people_daily_summary,人民日报 1983-10-28 第4版,primary_text,source_text_parsed_review_required
RMRB-COUNTY-1983-10-28-029,1983,浙江省 / 1983-01—1983-09,jurisdiction_transfer,宁波市,CNUR-000088,鄞县、象山六县,鄞县、象山六县,宁波市,撤销宁波地区。将鄞县、慈溪、余姚、奉化、宁海、象山六县划归宁波市管辖,县,county_level,浙江省：撤销宁波地区。将鄞县、慈溪、余姚、奉化、宁海、象山六县划归宁波市管辖,今年1至3季度全国县级以上行政区划变动情况,https://cn.govopendata.com/renminribao/1983/10/28/4/,SRC-RMRB-1983-10-28,people_daily_summary,人民日报 1983-10-28 第4版,primary_text,source_text_parsed_review_required
RMRB-COUNTY-1983-10-28-030,1983,浙江省 / 1983-01—1983-09,jurisdiction_transfer,嘉兴市、湖州市,CNUR-000090、CNUR-000091,桐乡五县、安吉三县,桐乡五县,嘉兴市,撤销嘉兴地区。嘉兴市、湖州市改由省直接领导。将嘉善、平湖、海宁、海盐、桐乡五县划归嘉兴市管辖；将德清、长兴、安吉三县划归湖州市管辖,县,county_level,浙江省：撤销嘉兴地区。嘉兴市、湖州市改由省直接领导。将嘉善、平湖、海宁、海盐、桐乡五县划归嘉兴市管辖；将德清、长兴、安吉三县划归湖州市管辖,今年1至3季度全国县级以上行政区划变动情况,https://cn.govopendata.com/renminribao/1983/10/28/4/,SRC-RMRB-1983-10-28,people_daily_summary,人民日报 1983-10-28 第4版,primary_text,source_text_parsed_review_required
RMRB-COUNTY-1983-10-28-031,1983,浙江省 / 1983-01—1983-09,jurisdiction_transfer,绍兴市,CNUR-000092,绍兴县、域为绍兴县、嵊县、绍兴五县,嵊县、绍兴五县,绍兴市,撤销绍兴地区。恢复绍兴县，以绍兴市的部分行政区域为绍兴县的行政区域。将上虞、诸暨、嵊县、新昌、绍兴五县划归绍兴市管辖,县,county_level,浙江省：撤销绍兴地区。恢复绍兴县，以绍兴市的部分行政区域为绍兴县的行政区域。将上虞、诸暨、嵊县、新昌、绍兴五县划归绍兴市管辖,今年1至3季度全国县级以上行政区划变动情况,https://cn.govopendata.com/renminribao/1983/10/28/4/,SRC-RMRB-1983-10-28,people_daily_summary,人民日报 1983-10-28 第4版,primary_text,source_text_parsed_review_required
RMRB-COUNTY-1983-10-28-032,1983,浙江省 / 1983-01—1983-09,county_change,,,磐安县、东阳县、域为磐安县,,,恢复磐安县，以东阳县的部分行政区域为磐安县的行政区域,县,county_level,浙江省：恢复磐安县，以东阳县的部分行政区域为磐安县的行政区域,今年1至3季度全国县级以上行政区划变动情况,https://cn.govopendata.com/renminribao/1983/10/28/4/,SRC-RMRB-1983-10-28,people_daily_summary,人民日报 1983-10-28 第4版,primary_text,source_text_parsed_review_required
RMRB-COUNTY-1983-10-28-033,1983,浙江省 / 1983-01—1983-09,county_change,衢州市、金华市,CNUR-000093、CNUR-000094,龙游县、域为龙游县,,,恢复龙游县，以衢州市、金华市的部分行政区域为龙游县的行政区域,县,county_level,浙江省：恢复龙游县，以衢州市、金华市的部分行政区域为龙游县的行政区域,今年1至3季度全国县级以上行政区划变动情况,https://cn.govopendata.com/renminribao/1983/10/28/4/,SRC-RMRB-1983-10-28,people_daily_summary,人民日报 1983-10-28 第4版,primary_text,source_text_parsed_review_required
RMRB-COUNTY-1983-10-28-034,1983,福建省 / 1983-01—1983-09,jurisdiction_transfer,三明市,CNUR-000118,沙县、大田十县,沙县、大田十县,三明市,撤销三明地区。三明市改由省直接领导，将永安、宁化、清流、明溪、建宁、泰宁、将乐、沙县、尤溪、大田十县划归三明市管辖,县,county_level,福建省：撤销三明地区。三明市改由省直接领导，将永安、宁化、清流、明溪、建宁、泰宁、将乐、沙县、尤溪、大田十县划归三明市管辖,今年1至3季度全国县级以上行政区划变动情况,https://cn.govopendata.com/renminribao/1983/10/28/4/,SRC-RMRB-1983-10-28,people_daily_summary,人民日报 1983-10-28 第4版,primary_text,source_text_parsed_review_required
RMRB-COUNTY-1983-10-28-035,1983,福建省 / 1983-01—1983-09,jurisdiction_transfer,宁德地区、福州市,CNUR-000115、CNUR-000123,平潭五县、罗源二县,平潭五县、罗源二县,福州市,撤销莆田地区。将闽清、永泰、福清、长乐、平潭五县和宁德地区的连江、罗源二县划归福州市管辖,县,county_level,福建省：撤销莆田地区。将闽清、永泰、福清、长乐、平潭五县和宁德地区的连江、罗源二县划归福州市管辖,今年1至3季度全国县级以上行政区划变动情况,https://cn.govopendata.com/renminribao/1983/10/28/4/,SRC-RMRB-1983-10-28,people_daily_summary,人民日报 1983-10-28 第4版,primary_text,source_text_parsed_review_required
RMRB-COUNTY-1983-10-28-036,1983,福建省 / 1983-01—1983-09,jurisdiction_transfer,莆田市,CNUR-000117,莆田县、域为莆田市、仙游两县,仙游两县,莆田市,设立莆田市，以莆田县的部分行政区域为莆田市的行政区域，莆田市由省直接领导。将原莆田地区的莆田、仙游两县划归莆田市管辖,县、市,county_level,福建省：设立莆田市，以莆田县的部分行政区域为莆田市的行政区域，莆田市由省直接领导。将原莆田地区的莆田、仙游两县划归莆田市管辖,今年1至3季度全国县级以上行政区划变动情况,https://cn.govopendata.com/renminribao/1983/10/28/4/,SRC-RMRB-1983-10-28,people_daily_summary,人民日报 1983-10-28 第4版,primary_text,source_text_parsed_review_required
RMRB-COUNTY-1983-10-28-037,1983,福建省 / 1983-01—1983-09,split,,,邵武县、邵武市,邵武县,邵武市,撤销邵武县，设立邵武市，为省辖（县级）市,县、市,county_level,福建省：撤销邵武县，设立邵武市，为省辖（县级）市,今年1至3季度全国县级以上行政区划变动情况,https://cn.govopendata.com/renminribao/1983/10/28/4/,SRC-RMRB-1983-10-28,people_daily_summary,人民日报 1983-10-28 第4版,primary_text,source_text_parsed_review_required
RMRB-COUNTY-1983-10-28-038,1983,山东省 / 1983-01—1983-09,merge,济宁市,CNUR-000142,邹县、微山七县、济宁县、泗水二县,邹县、微山七县,济宁市,撤销济宁地区。济宁市改由省直接领导。将兖州、曲阜、邹县、嘉祥、金乡、鱼台、微山七县划归济宁市管辖。撤销济宁县，将济宁县的行政区域并入济宁市；将汶上、泗水二县划归泰安地区,县,county_level,山东省：撤销济宁地区。济宁市改由省直接领导。将兖州、曲阜、邹县、嘉祥、金乡、鱼台、微山七县划归济宁市管辖。撤销济宁县，将济宁县的行政区域并入济宁市；将汶上、泗水二县划归泰安地区,今年1至3季度全国县级以上行政区划变动情况,https://cn.govopendata.com/renminribao/1983/10/28/4/,SRC-RMRB-1983-10-28,people_daily_summary,人民日报 1983-10-28 第4版,primary_text,source_text_parsed_review_required
RMRB-COUNTY-1983-10-28-039,1983,山东省 / 1983-01—1983-09,merge,潍坊市,CNUR-000141,寿光九县、潍县,寿光九县,潍坊市,撤销潍坊地区，潍坊市改由省直接领导。将昌邑、昌乐、安丘、高密、诸城、五莲、临朐、益都、寿光九县划归潍坊市管辖。撤销潍县，将潍县的行政区域并入潍坊市,县,county_level,山东省：撤销潍坊地区，潍坊市改由省直接领导。将昌邑、昌乐、安丘、高密、诸城、五莲、临朐、益都、寿光九县划归潍坊市管辖。撤销潍县，将潍县的行政区域并入潍坊市,今年1至3季度全国县级以上行政区划变动情况,https://cn.govopendata.com/renminribao/1983/10/28/4/,SRC-RMRB-1983-10-28,people_daily_summary,人民日报 1983-10-28 第4版,primary_text,source_text_parsed_review_required
RMRB-COUNTY-1983-10-28-040,1983,山东省 / 1983-01—1983-09,merge,威海市、烟台市,CNUR-000140、CNUR-000144,掖县、黄县、长岛十二县、福山县,掖县、黄县、长岛十二县,烟台市,撤销烟台地区。烟台市改由省直接领导。将荣成、文登、牟平、乳山、海阳、莱阳、掖县、招远、栖霞、黄县、蓬莱、长岛十二县划归烟台市管辖，威海市仍为省辖（县级）市。撤销福山县，将福山县的行政区域并入烟台市,县,county_level,山东省：撤销烟台地区。烟台市改由省直接领导。将荣成、文登、牟平、乳山、海阳、莱阳、掖县、招远、栖霞、黄县、蓬莱、长岛十二县划归烟台市管辖，威海市仍为省辖（县级）市。撤销福山县，将福山县的行政区域并入烟台市,今年1至3季度全国县级以上行政区划变动情况,https://cn.govopendata.com/renminribao/1983/10/28/4/,SRC-RMRB-1983-10-28,people_daily_summary,人民日报 1983-10-28 第4版,primary_text,source_text_parsed_review_required
RMRB-COUNTY-1983-10-28-041,1983,山东省 / 1983-01—1983-09,abolish,聊城市,CNUR-000149,聊城县,聊城县,,撤销聊城县，恢复聊城市，为省辖（县级）市,县,county_level,山东省：撤销聊城县，恢复聊城市，为省辖（县级）市,今年1至3季度全国县级以上行政区划变动情况,https://cn.govopendata.com/renminribao/1983/10/28/4/,SRC-RMRB-1983-10-28,people_daily_summary,人民日报 1983-10-28 第4版,primary_text,source_text_parsed_review_required
RMRB-COUNTY-1983-10-28-042,1983,山东省 / 1983-01—1983-09,abolish,,,临清县、临清市,临清县,,撤销临清县，恢复临清市，为省辖（县级）市,县、市,county_level,山东省：撤销临清县，恢复临清市，为省辖（县级）市,今年1至3季度全国县级以上行政区划变动情况,https://cn.govopendata.com/renminribao/1983/10/28/4/,SRC-RMRB-1983-10-28,people_daily_summary,人民日报 1983-10-28 第4版,primary_text,source_text_parsed_review_required
RMRB-COUNTY-1983-10-28-043,1983,山东省 / 1983-01—1983-09,abolish,临沂市,CNUR-000147,临沂县,临沂县,,撤销临沂县，恢复临沂市，为省辖（县级）市,县,county_level,山东省：撤销临沂县，恢复临沂市，为省辖（县级）市,今年1至3季度全国县级以上行政区划变动情况,https://cn.govopendata.com/renminribao/1983/10/28/4/,SRC-RMRB-1983-10-28,people_daily_summary,人民日报 1983-10-28 第4版,primary_text,source_text_parsed_review_required
RMRB-COUNTY-1983-10-28-044,1983,山东省 / 1983-01—1983-09,abolish,菏泽市,CNUR-000151,菏泽县,菏泽县,,撤销菏泽县，恢复菏泽市，为省辖（县级）市,县,county_level,山东省：撤销菏泽县，恢复菏泽市，为省辖（县级）市,今年1至3季度全国县级以上行政区划变动情况,https://cn.govopendata.com/renminribao/1983/10/28/4/,SRC-RMRB-1983-10-28,people_daily_summary,人民日报 1983-10-28 第4版,primary_text,source_text_parsed_review_required
RMRB-COUNTY-1983-10-28-045,1983,山东省 / 1983-01—1983-09,split,莱芜市,CNUR-000146,莱芜县,莱芜县,莱芜市,撤销莱芜县，设立莱芜市，为省辖（县级）市,县,county_level,山东省：撤销莱芜县，设立莱芜市，为省辖（县级）市,今年1至3季度全国县级以上行政区划变动情况,https://cn.govopendata.com/renminribao/1983/10/28/4/,SRC-RMRB-1983-10-28,people_daily_summary,人民日报 1983-10-28 第4版,primary_text,source_text_parsed_review_required
RMRB-COUNTY-1983-10-28-046,1983,山东省 / 1983-01—1983-09,merge,,,新汶市、新泰县、与新泰县、新泰市,新汶市,新泰县,撤销新汶市、新泰县。新汶市与新泰县合并，设立新泰市，为省辖（县级）市,县、市,county_level,山东省：撤销新汶市、新泰县。新汶市与新泰县合并，设立新泰市，为省辖（县级）市,今年1至3季度全国县级以上行政区划变动情况,https://cn.govopendata.com/renminribao/1983/10/28/4/,SRC-RMRB-1983-10-28,people_daily_summary,人民日报 1983-10-28 第4版,primary_text,source_text_parsed_review_required
RMRB-COUNTY-1983-10-28-047,1983,山东省 / 1983-01—1983-09,jurisdiction_transfer,青岛市,CNUR-000136,莱西县、平度县,莱西县、平度县,青岛市,将烟台地区的莱西县、潍坊地区的平度县划归青岛市管辖,县,county_level,山东省：将烟台地区的莱西县、潍坊地区的平度县划归青岛市管辖,今年1至3季度全国县级以上行政区划变动情况,https://cn.govopendata.com/renminribao/1983/10/28/4/,SRC-RMRB-1983-10-28,people_daily_summary,人民日报 1983-10-28 第4版,primary_text,source_text_parsed_review_required
RMRB-COUNTY-1983-10-28-048,1983,山东省 / 1983-01—1983-09,jurisdiction_transfer,惠民地区、淄博市,CNUR-000137、CNUR-000150,桓台县,桓台县,淄博市,将惠民地区的桓台县划归淄博市管辖,县,county_level,山东省：将惠民地区的桓台县划归淄博市管辖,今年1至3季度全国县级以上行政区划变动情况,https://cn.govopendata.com/renminribao/1983/10/28/4/,SRC-RMRB-1983-10-28,people_daily_summary,人民日报 1983-10-28 第4版,primary_text,source_text_parsed_review_required
RMRB-COUNTY-1983-10-28-049,1983,山东省 / 1983-01—1983-09,jurisdiction_transfer,惠民地区、东营市,CNUR-000139、CNUR-000150,广饶县,广饶县,东营市,将惠民地区的广饶县划归东营市管辖,县,county_level,山东省：将惠民地区的广饶县划归东营市管辖,今年1至3季度全国县级以上行政区划变动情况,https://cn.govopendata.com/renminribao/1983/10/28/4/,SRC-RMRB-1983-10-28,people_daily_summary,人民日报 1983-10-28 第4版,primary_text,source_text_parsed_review_required
RMRB-COUNTY-1983-10-28-050,1983,河南省 / 1983-01—1983-09,jurisdiction_transfer,开封市、郑州市,CNUR-000152、CNUR-000153,巩县、密县、中牟五县、杞县、开封五县,巩县、密县、中牟五县,郑州市,撤销开封地区。将巩县、新郑、密县、登封、中牟五县划归郑州市管辖；将兰考、尉氏、通许、杞县、开封五县划归开封市管辖,县,county_level,河南省：撤销开封地区。将巩县、新郑、密县、登封、中牟五县划归郑州市管辖；将兰考、尉氏、通许、杞县、开封五县划归开封市管辖,今年1至3季度全国县级以上行政区划变动情况,https://cn.govopendata.com/renminribao/1983/10/28/4/,SRC-RMRB-1983-10-28,people_daily_summary,人民日报 1983-10-28 第4版,primary_text,source_text_parsed_review_required
RMRB-COUNTY-1983-10-28-051,1983,河南省 / 1983-01—1983-09,jurisdiction_transfer,安阳市,CNUR-000156,浚县、淇县、林县、汤阴五县,浚县、淇县、林县、汤阴五县,安阳市,撤销安阳地区，安阳市改由省直接领导。将安阳、浚县、淇县、林县、汤阴五县划归安阳市管辖,县,county_level,河南省：撤销安阳地区，安阳市改由省直接领导。将安阳、浚县、淇县、林县、汤阴五县划归安阳市管辖,今年1至3季度全国县级以上行政区划变动情况,https://cn.govopendata.com/renminribao/1983/10/28/4/,SRC-RMRB-1983-10-28,people_daily_summary,人民日报 1983-10-28 第4版,primary_text,source_text_parsed_review_required
RMRB-COUNTY-1983-10-28-052,1983,河南省 / 1983-01—1983-09,jurisdiction_transfer,濮阳市,CNUR-000160,濮阳县、滑县、范县、台前七县,濮阳县,濮阳市,撤销濮阳县，设立濮阳市，由省直接领导。将安阳地区的内黄、滑县、清丰、南乐、长垣、范县、台前七县划归濮阳市管辖,县,county_level,河南省：撤销濮阳县，设立濮阳市，由省直接领导。将安阳地区的内黄、滑县、清丰、南乐、长垣、范县、台前七县划归濮阳市管辖,今年1至3季度全国县级以上行政区划变动情况,https://cn.govopendata.com/renminribao/1983/10/28/4/,SRC-RMRB-1983-10-28,people_daily_summary,人民日报 1983-10-28 第4版,primary_text,source_text_parsed_review_required
RMRB-COUNTY-1983-10-28-053,1983,河南省 / 1983-01—1983-09,jurisdiction_transfer,新乡市,CNUR-000158,汲县、新乡两县,汲县、新乡两县,新乡市,新乡市改由省直接领导，将新乡地区的汲县、新乡两县划归新乡市管辖,县,county_level,河南省：新乡市改由省直接领导，将新乡地区的汲县、新乡两县划归新乡市管辖,今年1至3季度全国县级以上行政区划变动情况,https://cn.govopendata.com/renminribao/1983/10/28/4/,SRC-RMRB-1983-10-28,people_daily_summary,人民日报 1983-10-28 第4版,primary_text,source_text_parsed_review_required
RMRB-COUNTY-1983-10-28-054,1983,河南省 / 1983-01—1983-09,jurisdiction_transfer,焦作市,CNUR-000159,博爱两县,博爱两县,焦作市,将新乡地区的修武、博爱两县划归焦作市管辖,县,county_level,河南省：将新乡地区的修武、博爱两县划归焦作市管辖,今年1至3季度全国县级以上行政区划变动情况,https://cn.govopendata.com/renminribao/1983/10/28/4/,SRC-RMRB-1983-10-28,people_daily_summary,人民日报 1983-10-28 第4版,primary_text,source_text_parsed_review_required
RMRB-COUNTY-1983-10-28-055,1983,河南省 / 1983-01—1983-09,jurisdiction_transfer,平顶山市,CNUR-000155,叶县、三县,叶县、三县,平顶山市,将许昌地区的宝丰、鲁山、叶县三县划归平顶山市管辖,县,county_level,河南省：将许昌地区的宝丰、鲁山、叶县三县划归平顶山市管辖,今年1至3季度全国县级以上行政区划变动情况,https://cn.govopendata.com/renminribao/1983/10/28/4/,SRC-RMRB-1983-10-28,people_daily_summary,人民日报 1983-10-28 第4版,primary_text,source_text_parsed_review_required
RMRB-COUNTY-1983-10-28-056,1983,河南省 / 1983-01—1983-09,jurisdiction_transfer,洛阳市,CNUR-000154,孟津三县,孟津三县,洛阳市,将洛阳地区的新安、偃师、孟津三县划归洛阳市管辖,县,county_level,河南省：将洛阳地区的新安、偃师、孟津三县划归洛阳市管辖,今年1至3季度全国县级以上行政区划变动情况,https://cn.govopendata.com/renminribao/1983/10/28/4/,SRC-RMRB-1983-10-28,people_daily_summary,人民日报 1983-10-28 第4版,primary_text,source_text_parsed_review_required
RMRB-COUNTY-1983-10-28-057,1983,湖北省 / 1983-01—1983-09,jurisdiction_transfer,襄樊市、随州市,CNUR-000173、CNUR-000180,谷城六县、老河口市,谷城六县,襄樊市,撤销襄阳地区。将襄阳、枣阳、宜城、南漳、保康、谷城六县划归襄樊市管辖。随州市、老河口市仍为省辖（县级）市,县、市,county_level,湖北省：撤销襄阳地区。将襄阳、枣阳、宜城、南漳、保康、谷城六县划归襄樊市管辖。随州市、老河口市仍为省辖（县级）市,今年1至3季度全国县级以上行政区划变动情况,https://cn.govopendata.com/renminribao/1983/10/28/4/,SRC-RMRB-1983-10-28,people_daily_summary,人民日报 1983-10-28 第4版,primary_text,source_text_parsed_review_required
RMRB-COUNTY-1983-10-28-058,1983,湖北省 / 1983-01—1983-09,merge,鄂西土家族苗族自治州,CNUR-000181,鹤峰土家族自治县、鹤峰县、来凤土家族自治县、来凤县、恩施县,鹤峰土家族自治县,鹤峰县,撤销恩施地区。设立鄂西土家族苗族自治州。撤销鹤峰土家族自治县，恢复鹤峰县。撤销来凤土家族自治县，恢复来凤县。撤销恩施县，将恩施县的行政区域并入恩施市,县、自治县,county_level,湖北省：撤销恩施地区。设立鄂西土家族苗族自治州。撤销鹤峰土家族自治县，恢复鹤峰县。撤销来凤土家族自治县，恢复来凤县。撤销恩施县，将恩施县的行政区域并入恩施市,今年1至3季度全国县级以上行政区划变动情况,https://cn.govopendata.com/renminribao/1983/10/28/4/,SRC-RMRB-1983-10-28,people_daily_summary,人民日报 1983-10-28 第4版,primary_text,source_text_parsed_review_required
RMRB-COUNTY-1983-10-28-059,1983,湖北省 / 1983-01—1983-09,merge,荆门市,CNUR-000175,荆门县,荆门县,,荆门市改由省直接领导。撤销荆门县，将荆门县的行政区域并入荆门市,县,county_level,湖北省：荆门市改由省直接领导。撤销荆门县，将荆门县的行政区域并入荆门市,今年1至3季度全国县级以上行政区划变动情况,https://cn.govopendata.com/renminribao/1983/10/28/4/,SRC-RMRB-1983-10-28,people_daily_summary,人民日报 1983-10-28 第4版,primary_text,source_text_parsed_review_required
RMRB-COUNTY-1983-10-28-060,1983,湖北省 / 1983-01—1983-09,jurisdiction_transfer,鄂州市,CNUR-000174,鄂城市、鄂城县,鄂城市、鄂城县,鄂州市,撤销鄂城市、鄂城县，设立鄂州市。鄂州市由省直接领导,县、市,county_level,湖北省：撤销鄂城市、鄂城县，设立鄂州市。鄂州市由省直接领导,今年1至3季度全国县级以上行政区划变动情况,https://cn.govopendata.com/renminribao/1983/10/28/4/,SRC-RMRB-1983-10-28,people_daily_summary,人民日报 1983-10-28 第4版,primary_text,source_text_parsed_review_required
RMRB-COUNTY-1983-10-28-061,1983,湖北省 / 1983-01—1983-09,split,孝感市,CNUR-000176,孝感县,孝感县,孝感市,撤销孝感县，设立孝感市，为省辖（县级）市,县,county_level,湖北省：撤销孝感县，设立孝感市，为省辖（县级）市,今年1至3季度全国县级以上行政区划变动情况,https://cn.govopendata.com/renminribao/1983/10/28/4/,SRC-RMRB-1983-10-28,people_daily_summary,人民日报 1983-10-28 第4版,primary_text,source_text_parsed_review_required
RMRB-COUNTY-1983-10-28-062,1983,湖北省 / 1983-01—1983-09,split,咸宁市,CNUR-000179,咸宁县,咸宁县,咸宁市,撤销咸宁县，设立咸宁市，为省辖（县级）市,县,county_level,湖北省：撤销咸宁县，设立咸宁市，为省辖（县级）市,今年1至3季度全国县级以上行政区划变动情况,https://cn.govopendata.com/renminribao/1983/10/28/4/,SRC-RMRB-1983-10-28,people_daily_summary,人民日报 1983-10-28 第4版,primary_text,source_text_parsed_review_required
RMRB-COUNTY-1983-10-28-063,1983,湖北省 / 1983-01—1983-09,split,,,均县、丹江口市,均县,丹江口市,撤销均县，设立丹江口市，为省辖（县级）市,县、市,county_level,湖北省：撤销均县，设立丹江口市，为省辖（县级）市,今年1至3季度全国县级以上行政区划变动情况,https://cn.govopendata.com/renminribao/1983/10/28/4/,SRC-RMRB-1983-10-28,people_daily_summary,人民日报 1983-10-28 第4版,primary_text,source_text_parsed_review_required
RMRB-COUNTY-1983-10-28-064,1983,湖北省 / 1983-01—1983-09,merge,随州市,CNUR-000180,随县,随县,,撤销随县，将随县的行政区域并入随州市,县,county_level,湖北省：撤销随县，将随县的行政区域并入随州市,今年1至3季度全国县级以上行政区划变动情况,https://cn.govopendata.com/renminribao/1983/10/28/4/,SRC-RMRB-1983-10-28,people_daily_summary,人民日报 1983-10-28 第4版,primary_text,source_text_parsed_review_required
RMRB-COUNTY-1983-10-28-065,1983,湖北省 / 1983-01—1983-09,merge,,,光化县,光化县,,撤销光化县，将光化县的行政区域并入老河口市,县,county_level,湖北省：撤销光化县，将光化县的行政区域并入老河口市,今年1至3季度全国县级以上行政区划变动情况,https://cn.govopendata.com/renminribao/1983/10/28/4/,SRC-RMRB-1983-10-28,people_daily_summary,人民日报 1983-10-28 第4版,primary_text,source_text_parsed_review_required
RMRB-COUNTY-1983-10-28-066,1983,湖北省 / 1983-01—1983-09,jurisdiction_transfer,黄冈地区、武汉市,CNUR-000169、CNUR-000178,黄陂县、新洲县,黄陂县、新洲县,武汉市,将孝感地区的黄陂县、黄冈地区的新洲县划归武汉市管辖,县,county_level,湖北省：将孝感地区的黄陂县、黄冈地区的新洲县划归武汉市管辖,今年1至3季度全国县级以上行政区划变动情况,https://cn.govopendata.com/renminribao/1983/10/28/4/,SRC-RMRB-1983-10-28,people_daily_summary,人民日报 1983-10-28 第4版,primary_text,source_text_parsed_review_required
RMRB-COUNTY-1983-10-28-067,1983,湖北省 / 1983-01—1983-09,jurisdiction_transfer,郧阳地区,CNUR-000357,神农架林区,神农架林区,,郧阳地区的神农架林区改由省直接领导,区,county_level,湖北省：郧阳地区的神农架林区改由省直接领导,今年1至3季度全国县级以上行政区划变动情况,https://cn.govopendata.com/renminribao/1983/10/28/4/,SRC-RMRB-1983-10-28,people_daily_summary,人民日报 1983-10-28 第4版,primary_text,source_text_parsed_review_required
RMRB-COUNTY-1983-10-28-068,1983,湖南省 / 1983-01—1983-09,jurisdiction_transfer,益阳地区、株洲市、湘潭市、长沙市,CNUR-000182、CNUR-000183、CNUR-000184、CNUR-000190,攸县、酃县、醴陵四县、湘乡两县、浏阳县、宁乡县,攸县、酃县、醴陵四县,株洲市,撤销湘潭地区。将攸县、茶陵、酃县、醴陵四县划归株洲市管辖；将湘潭、湘乡两县划归湘潭市管辖；将浏阳县和益阳地区的宁乡县划归长沙市管辖,县,county_level,湖南省：撤销湘潭地区。将攸县、茶陵、酃县、醴陵四县划归株洲市管辖；将湘潭、湘乡两县划归湘潭市管辖；将浏阳县和益阳地区的宁乡县划归长沙市管辖,今年1至3季度全国县级以上行政区划变动情况,https://cn.govopendata.com/renminribao/1983/10/28/4/,SRC-RMRB-1983-10-28,people_daily_summary,人民日报 1983-10-28 第4版,primary_text,source_text_parsed_review_required
RMRB-COUNTY-1983-10-28-069,1983,湖南省 / 1983-01—1983-09,jurisdiction_transfer,零陵地区、衡阳市,CNUR-000185、CNUR-000192,祁东六县、耒阳县、祁阳县,祁东六县、耒阳县,衡阳市,撤销衡阳地区。将衡阳、衡南、衡山、衡东、常宁、祁东六县和郴州地区的耒阳县划归衡阳市管辖；将祁阳县划归零陵地区,县,county_level,湖南省：撤销衡阳地区。将衡阳、衡南、衡山、衡东、常宁、祁东六县和郴州地区的耒阳县划归衡阳市管辖；将祁阳县划归零陵地区,今年1至3季度全国县级以上行政区划变动情况,https://cn.govopendata.com/renminribao/1983/10/28/4/,SRC-RMRB-1983-10-28,people_daily_summary,人民日报 1983-10-28 第4版,primary_text,source_text_parsed_review_required
RMRB-COUNTY-1983-10-28-070,1983,湖南省 / 1983-01—1983-09,jurisdiction_transfer,娄底地区、邵阳市,CNUR-000186、CNUR-000194,新邵两县,新邵两县,邵阳市,将娄底地区的邵东、新邵两县划归邵阳市管辖,县,county_level,湖南省：将娄底地区的邵东、新邵两县划归邵阳市管辖,今年1至3季度全国县级以上行政区划变动情况,https://cn.govopendata.com/renminribao/1983/10/28/4/,SRC-RMRB-1983-10-28,people_daily_summary,人民日报 1983-10-28 第4版,primary_text,source_text_parsed_review_required
RMRB-COUNTY-1983-10-28-071,1983,湖南省 / 1983-01—1983-09,jurisdiction_transfer,岳阳市,CNUR-000187,岳阳县、域为岳阳县、归岳阳市,岳阳县,域为岳阳县,岳阳市改由省直接领导。恢复岳阳县，以岳阳市的部分行政区域为岳阳县的行政区域，岳阳县归岳阳市管辖,县、市,county_level,湖南省：岳阳市改由省直接领导。恢复岳阳县，以岳阳市的部分行政区域为岳阳县的行政区域，岳阳县归岳阳市管辖,今年1至3季度全国县级以上行政区划变动情况,https://cn.govopendata.com/renminribao/1983/10/28/4/,SRC-RMRB-1983-10-28,people_daily_summary,人民日报 1983-10-28 第4版,primary_text,source_text_parsed_review_required
RMRB-COUNTY-1983-10-28-072,1983,广西壮族自治区 / 1983-01—1983-09,split,,,罗城县、罗城仫佬族自治县,罗城县,罗城仫佬族自治县,撤销罗城县，设立罗城仫佬族自治县,县、自治县,county_level,广西壮族自治区：撤销罗城县，设立罗城仫佬族自治县,今年1至3季度全国县级以上行政区划变动情况,https://cn.govopendata.com/renminribao/1983/10/28/4/,SRC-RMRB-1983-10-28,people_daily_summary,人民日报 1983-10-28 第4版,primary_text,source_text_parsed_review_required
RMRB-COUNTY-1983-10-28-073,1983,广西壮族自治区 / 1983-01—1983-09,split,,,富川县、富川瑶族自治县,富川县,富川瑶族自治县,撤销富川县，设立富川瑶族自治县,县、自治县,county_level,广西壮族自治区：撤销富川县，设立富川瑶族自治县,今年1至3季度全国县级以上行政区划变动情况,https://cn.govopendata.com/renminribao/1983/10/28/4/,SRC-RMRB-1983-10-28,people_daily_summary,人民日报 1983-10-28 第4版,primary_text,source_text_parsed_review_required
RMRB-COUNTY-1983-10-28-074,1983,四川省 / 1983-01—1983-09,jurisdiction_transfer,重庆市,CNUR-000235,潼南八县,潼南八县,重庆市,撤销永川地区。将永川、江津、合川、璧山、荣昌、大足、铜梁、潼南八县划归重庆市管辖,县,county_level,四川省：撤销永川地区。将永川、江津、合川、璧山、荣昌、大足、铜梁、潼南八县划归重庆市管辖,今年1至3季度全国县级以上行政区划变动情况,https://cn.govopendata.com/renminribao/1983/10/28/4/,SRC-RMRB-1983-10-28,people_daily_summary,人民日报 1983-10-28 第4版,primary_text,source_text_parsed_review_required
RMRB-COUNTY-1983-10-28-075,1983,四川省 / 1983-01—1983-09,jurisdiction_transfer,成都市,CNUR-000236,郫县、灌县、彭县、大邑十县,郫县、灌县、彭县、大邑十县,成都市,撤销温江地区。将温江、郫县、灌县、彭县、新都、新津、崇庆、邛崃、蒲江、大邑十县划归成都市管辖,县,county_level,四川省：撤销温江地区。将温江、郫县、灌县、彭县、新都、新津、崇庆、邛崃、蒲江、大邑十县划归成都市管辖,今年1至3季度全国县级以上行政区划变动情况,https://cn.govopendata.com/renminribao/1983/10/28/4/,SRC-RMRB-1983-10-28,people_daily_summary,人民日报 1983-10-28 第4版,primary_text,source_text_parsed_review_required
RMRB-COUNTY-1983-10-28-076,1983,四川省 / 1983-01—1983-09,jurisdiction_transfer,宜宾地区、泸州市,CNUR-000239、CNUR-000248,泸县、合江三县,泸县、合江三县,泸州市,泸州市改由省直接领导。将宜宾地区的泸县、纳溪、合江三县划归泸州市管辖,县,county_level,四川省：泸州市改由省直接领导。将宜宾地区的泸县、纳溪、合江三县划归泸州市管辖,今年1至3季度全国县级以上行政区划变动情况,https://cn.govopendata.com/renminribao/1983/10/28/4/,SRC-RMRB-1983-10-28,people_daily_summary,人民日报 1983-10-28 第4版,primary_text,source_text_parsed_review_required
RMRB-COUNTY-1983-10-28-077,1983,四川省 / 1983-01—1983-09,jurisdiction_transfer,宜宾地区、自贡市,CNUR-000237、CNUR-000248,富顺县,富顺县,自贡市,将宜宾地区的富顺县划归自贡市管辖,县,county_level,四川省：将宜宾地区的富顺县划归自贡市管辖,今年1至3季度全国县级以上行政区划变动情况,https://cn.govopendata.com/renminribao/1983/10/28/4/,SRC-RMRB-1983-10-28,people_daily_summary,人民日报 1983-10-28 第4版,primary_text,source_text_parsed_review_required
RMRB-COUNTY-1983-10-28-078,1983,四川省 / 1983-01—1983-09,jurisdiction_transfer,德阳市,CNUR-000240,德阳县、域为德阳市、绵竹三县、什邡两县,绵竹三县、什邡两县,德阳市,设立德阳市，以德阳县的部分行政区域为德阳市的行政区域，德阳市由省直接领导。将绵阳地区的德阳、中江、绵竹三县和原温江地区的广汉、什邡两县划归德阳市管辖,县、市,county_level,四川省：设立德阳市，以德阳县的部分行政区域为德阳市的行政区域，德阳市由省直接领导。将绵阳地区的德阳、中江、绵竹三县和原温江地区的广汉、什邡两县划归德阳市管辖,今年1至3季度全国县级以上行政区划变动情况,https://cn.govopendata.com/renminribao/1983/10/28/4/,SRC-RMRB-1983-10-28,people_daily_summary,人民日报 1983-10-28 第4版,primary_text,source_text_parsed_review_required
RMRB-COUNTY-1983-10-28-079,1983,四川省 / 1983-01—1983-09,split,涪陵市,CNUR-000344,涪陵县,涪陵县,涪陵市,撤销涪陵县，设立涪陵市，为省辖（县级）市,县,county_level,四川省：撤销涪陵县，设立涪陵市，为省辖（县级）市,今年1至3季度全国县级以上行政区划变动情况,https://cn.govopendata.com/renminribao/1983/10/28/4/,SRC-RMRB-1983-10-28,people_daily_summary,人民日报 1983-10-28 第4版,primary_text,source_text_parsed_review_required
RMRB-COUNTY-1983-10-28-080,1983,四川省 / 1983-01—1983-09,split,雅安市,CNUR-000251,雅安县,雅安县,雅安市,撤销雅安县，设立雅安市，为省辖（县级）市,县,county_level,四川省：撤销雅安县，设立雅安市，为省辖（县级）市,今年1至3季度全国县级以上行政区划变动情况,https://cn.govopendata.com/renminribao/1983/10/28/4/,SRC-RMRB-1983-10-28,people_daily_summary,人民日报 1983-10-28 第4版,primary_text,source_text_parsed_review_required
RMRB-COUNTY-1983-10-28-081,1983,四川省 / 1983-01—1983-09,split,,,酉阳县、酉阳土家族苗族自治县,酉阳县,酉阳土家族苗族自治县,撤销酉阳县，设立酉阳土家族苗族自治县,县、自治县,county_level,四川省：撤销酉阳县，设立酉阳土家族苗族自治县,今年1至3季度全国县级以上行政区划变动情况,https://cn.govopendata.com/renminribao/1983/10/28/4/,SRC-RMRB-1983-10-28,people_daily_summary,人民日报 1983-10-28 第4版,primary_text,source_text_parsed_review_required
RMRB-COUNTY-1983-10-28-082,1983,四川省 / 1983-01—1983-09,split,,,秀山县、秀山土家族苗族自治县,秀山县,秀山土家族苗族自治县,撤销秀山县，设立秀山土家族苗族自治县,县、自治县,county_level,四川省：撤销秀山县，设立秀山土家族苗族自治县,今年1至3季度全国县级以上行政区划变动情况,https://cn.govopendata.com/renminribao/1983/10/28/4/,SRC-RMRB-1983-10-28,people_daily_summary,人民日报 1983-10-28 第4版,primary_text,source_text_parsed_review_required
RMRB-COUNTY-1983-10-28-083,1983,云南省 / 1983-01—1983-09,jurisdiction_transfer,楚雄彝族自治州、曲靖地区、昆明市,CNUR-000266、CNUR-000267、CNUR-000274,宜良县、嵩明县、路南彝族自治县、楚雄彝族自治州的禄劝县,宜良县、嵩明县、路南彝族自治县、楚雄彝族自治州的禄劝县,昆明市,将曲靖地区的宜良县、嵩明县、路南彝族自治县和楚雄彝族自治州的禄劝县划归昆明市管辖,县、自治县,county_level,云南省：将曲靖地区的宜良县、嵩明县、路南彝族自治县和楚雄彝族自治州的禄劝县划归昆明市管辖,今年1至3季度全国县级以上行政区划变动情况,https://cn.govopendata.com/renminribao/1983/10/28/4/,SRC-RMRB-1983-10-28,people_daily_summary,人民日报 1983-10-28 第4版,primary_text,source_text_parsed_review_required
RMRB-COUNTY-1983-10-28-084,1983,云南省 / 1983-01—1983-09,split,曲靖市,CNUR-000267,曲靖县、沾益县,曲靖县、沾益县,曲靖市,撤销曲靖县、沾益县，设立曲靖市，为省辖（县级）市,县,county_level,云南省：撤销曲靖县、沾益县，设立曲靖市，为省辖（县级）市,今年1至3季度全国县级以上行政区划变动情况,https://cn.govopendata.com/renminribao/1983/10/28/4/,SRC-RMRB-1983-10-28,people_daily_summary,人民日报 1983-10-28 第4版,primary_text,source_text_parsed_review_required
RMRB-COUNTY-1983-10-28-085,1983,云南省 / 1983-01—1983-09,split,玉溪市,CNUR-000268,玉溪县,玉溪县,玉溪市,撤销玉溪县，设立玉溪市，为省辖（县级）市,县,county_level,云南省：撤销玉溪县，设立玉溪市，为省辖（县级）市,今年1至3季度全国县级以上行政区划变动情况,https://cn.govopendata.com/renminribao/1983/10/28/4/,SRC-RMRB-1983-10-28,people_daily_summary,人民日报 1983-10-28 第4版,primary_text,source_text_parsed_review_required
RMRB-COUNTY-1983-10-28-086,1983,云南省 / 1983-01—1983-09,split,,,楚雄县、楚雄市,楚雄县,楚雄市,撤销楚雄县，设立楚雄市，为省辖（县级）市,县、市,county_level,云南省：撤销楚雄县，设立楚雄市，为省辖（县级）市,今年1至3季度全国县级以上行政区划变动情况,https://cn.govopendata.com/renminribao/1983/10/28/4/,SRC-RMRB-1983-10-28,people_daily_summary,人民日报 1983-10-28 第4版,primary_text,source_text_parsed_review_required
RMRB-COUNTY-1983-10-28-087,1983,云南省 / 1983-01—1983-09,split,保山市,CNUR-000269,保山县,保山县,保山市,撤销保山县，设立保山市，为省辖（县级）市,县,county_level,云南省：撤销保山县，设立保山市，为省辖（县级）市,今年1至3季度全国县级以上行政区划变动情况,https://cn.govopendata.com/renminribao/1983/10/28/4/,SRC-RMRB-1983-10-28,people_daily_summary,人民日报 1983-10-28 第4版,primary_text,source_text_parsed_review_required
RMRB-COUNTY-1983-10-28-088,1983,云南省 / 1983-01—1983-09,split,,,下关市、大理县、大理市,下关市、大理县,大理市,撤销下关市、大理县，设立大理市，为省辖（县级）市,县、市,county_level,云南省：撤销下关市、大理县，设立大理市，为省辖（县级）市,今年1至3季度全国县级以上行政区划变动情况,https://cn.govopendata.com/renminribao/1983/10/28/4/,SRC-RMRB-1983-10-28,people_daily_summary,人民日报 1983-10-28 第4版,primary_text,source_text_parsed_review_required
RMRB-COUNTY-1983-10-28-089,1983,云南省 / 1983-01—1983-09,merge,昭通市,CNUR-000270,昭通县,昭通县,,撤销昭通县，将昭通县的行政区域并入昭通市,县,county_level,云南省：撤销昭通县，将昭通县的行政区域并入昭通市,今年1至3季度全国县级以上行政区划变动情况,https://cn.govopendata.com/renminribao/1983/10/28/4/,SRC-RMRB-1983-10-28,people_daily_summary,人民日报 1983-10-28 第4版,primary_text,source_text_parsed_review_required
RMRB-COUNTY-1983-10-28-090,1983,贵州省 / 1983-01—1983-09,split,,,凯里县、凯里市,凯里县,凯里市,撤销凯里县，设立凯里市，为省辖（县级）市,县、市,county_level,贵州省：撤销凯里县，设立凯里市，为省辖（县级）市,今年1至3季度全国县级以上行政区划变动情况,https://cn.govopendata.com/renminribao/1983/10/28/4/,SRC-RMRB-1983-10-28,people_daily_summary,人民日报 1983-10-28 第4版,primary_text,source_text_parsed_review_required
RMRB-COUNTY-1983-10-28-091,1983,贵州省 / 1983-01—1983-09,merge,,,都匀县,都匀县,,撤销都匀县，将都匀县的行政区域并入都匀市,县,county_level,贵州省：撤销都匀县，将都匀县的行政区域并入都匀市,今年1至3季度全国县级以上行政区划变动情况,https://cn.govopendata.com/renminribao/1983/10/28/4/,SRC-RMRB-1983-10-28,people_daily_summary,人民日报 1983-10-28 第4版,primary_text,source_text_parsed_review_required
RMRB-COUNTY-1983-10-28-092,1983,贵州省 / 1983-01—1983-09,split,,,玉屏县、玉屏侗族自治县,玉屏县,玉屏侗族自治县,撤销玉屏县，设立玉屏侗族自治县,县、自治县,county_level,贵州省：撤销玉屏县，设立玉屏侗族自治县,今年1至3季度全国县级以上行政区划变动情况,https://cn.govopendata.com/renminribao/1983/10/28/4/,SRC-RMRB-1983-10-28,people_daily_summary,人民日报 1983-10-28 第4版,primary_text,source_text_parsed_review_required
RMRB-COUNTY-1983-10-28-093,1983,陕西省 / 1983-01—1983-09,jurisdiction_transfer,咸阳市、宝鸡市,CNUR-000291、CNUR-000292,乾县、彬县、淳化十县、武功县、杨陵区,乾县、彬县、淳化十县、宝鸡市、武功县、杨陵区,咸阳市,撤销咸阳地区，咸阳市改由省直接领导。将兴平、三原、泾阳、乾县、礼泉、永寿、彬县、长武、旬邑、淳化十县和宝鸡市的武功县、杨陵区划归咸阳市管辖,区、县,county_level,陕西省：撤销咸阳地区，咸阳市改由省直接领导。将兴平、三原、泾阳、乾县、礼泉、永寿、彬县、长武、旬邑、淳化十县和宝鸡市的武功县、杨陵区划归咸阳市管辖,今年1至3季度全国县级以上行政区划变动情况,https://cn.govopendata.com/renminribao/1983/10/28/4/,SRC-RMRB-1983-10-28,people_daily_summary,人民日报 1983-10-28 第4版,primary_text,source_text_parsed_review_required
RMRB-COUNTY-1983-10-28-094,1983,陕西省 / 1983-01—1983-09,jurisdiction_transfer,渭南地区、咸阳地区、西安市,CNUR-000293、CNUR-000292、CNUR-000289,临潼县、蓝田县、户县、周至县、高陵县,临潼县、蓝田县、户县、周至县、高陵县,西安市,将渭南地区的临潼、蓝田二县和咸阳地区的户县、周至、高陵三县划归西安市管辖,县,county_level,陕西省：将渭南地区的临潼、蓝田二县和咸阳地区的户县、周至、高陵三县划归西安市管辖,今年1至3季度全国县级以上行政区划变动情况,https://cn.govopendata.com/renminribao/1983/10/28/4/,SRC-RMRB-1983-10-28,people_daily_summary,人民日报 1983-10-28 第4版,primary_text,reviewed_manual_override
RMRB-COUNTY-1983-10-28-095,1983,陕西省 / 1983-01—1983-09,jurisdiction_transfer,延安地区、铜川市,CNUR-000290、CNUR-000294,宜君县,宜君县,铜川市,将延安地区的宜君县划归铜川市管辖,县,county_level,陕西省：将延安地区的宜君县划归铜川市管辖,今年1至3季度全国县级以上行政区划变动情况,https://cn.govopendata.com/renminribao/1983/10/28/4/,SRC-RMRB-1983-10-28,people_daily_summary,人民日报 1983-10-28 第4版,primary_text,source_text_parsed_review_required
RMRB-COUNTY-1983-10-28-096,1983,陕西省 / 1983-01—1983-09,split,渭南市,CNUR-000293,渭南县,渭南县,渭南市,撤销渭南县，设立渭南市，为省辖（县级）市,县,county_level,陕西省：撤销渭南县，设立渭南市，为省辖（县级）市,今年1至3季度全国县级以上行政区划变动情况,https://cn.govopendata.com/renminribao/1983/10/28/4/,SRC-RMRB-1983-10-28,people_daily_summary,人民日报 1983-10-28 第4版,primary_text,source_text_parsed_review_required
RMRB-COUNTY-1983-10-28-097,1983,陕西省 / 1983-01—1983-09,split,渭南市,CNUR-000293,韩城县、韩城市,韩城县,韩城市,撤销韩城县，设立韩城市，为省辖（县级）市,县、市,county_level,陕西省：撤销韩城县，设立韩城市，为省辖（县级）市,今年1至3季度全国县级以上行政区划变动情况,https://cn.govopendata.com/renminribao/1983/10/28/4/,SRC-RMRB-1983-10-28,people_daily_summary,人民日报 1983-10-28 第4版,primary_text,source_text_parsed_review_required
RMRB-COUNTY-1983-10-28-098,1983,甘肃省 / 1983-01—1983-09,abolish,平凉市,CNUR-000306,平凉县,平凉县,,撤销平凉县，恢复平凉市，为省辖（县级）市,县,county_level,甘肃省：撤销平凉县，恢复平凉市，为省辖（县级）市,今年1至3季度全国县级以上行政区划变动情况,https://cn.govopendata.com/renminribao/1983/10/28/4/,SRC-RMRB-1983-10-28,people_daily_summary,人民日报 1983-10-28 第4版,primary_text,source_text_parsed_review_required
RMRB-COUNTY-1983-10-28-099,1983,甘肃省 / 1983-01—1983-09,residence_change,,,临夏市、临夏县、域为临夏市,,,恢复临夏市，以临夏县的部分行政区域为临夏市的行政区域，临夏市为省辖（县级）市。临夏县人民政府迁至韩家集,县、市,county_level,甘肃省：恢复临夏市，以临夏县的部分行政区域为临夏市的行政区域，临夏市为省辖（县级）市。临夏县人民政府迁至韩家集,今年1至3季度全国县级以上行政区划变动情况,https://cn.govopendata.com/renminribao/1983/10/28/4/,SRC-RMRB-1983-10-28,people_daily_summary,人民日报 1983-10-28 第4版,primary_text,source_text_parsed_review_required
RMRB-COUNTY-1983-10-28-100,1983,宁夏回族自治区 / 1983-01—1983-09,split,,,彭阳县、固原县、域为彭阳县,,固原县,设立彭阳县，以固原县的部分行政区域为彭阳县的行政区域。,县,county_level,宁夏回族自治区：设立彭阳县，以固原县的部分行政区域为彭阳县的行政区域。,今年1至3季度全国县级以上行政区划变动情况,https://cn.govopendata.com/renminribao/1983/10/28/4/,SRC-RMRB-1983-10-28,people_daily_summary,人民日报 1983-10-28 第4版,primary_text,source_text_parsed_review_required
RMRB-COUNTY-1983-10-28-101,1983,新疆维吾尔自治区 / 1983-01—1983-09,split,,,昌吉县、昌吉市,昌吉县,昌吉市,撤销昌吉县，设立昌吉市，为自治区辖（县级）市,县、市,county_level,新疆维吾尔自治区：撤销昌吉县，设立昌吉市，为自治区辖（县级）市,今年1至3季度全国县级以上行政区划变动情况,https://cn.govopendata.com/renminribao/1983/10/28/4/,SRC-RMRB-1983-10-28,people_daily_summary,人民日报 1983-10-28 第4版,primary_text,source_text_parsed_review_required
RMRB-COUNTY-1983-10-28-102,1983,新疆维吾尔自治区 / 1983-01—1983-09,split,,,阿克苏县、阿克苏市,阿克苏县,阿克苏市,撤销阿克苏县，设立阿克苏市，为自治区辖（县级）市,县、市,county_level,新疆维吾尔自治区：撤销阿克苏县，设立阿克苏市，为自治区辖（县级）市,今年1至3季度全国县级以上行政区划变动情况,https://cn.govopendata.com/renminribao/1983/10/28/4/,SRC-RMRB-1983-10-28,people_daily_summary,人民日报 1983-10-28 第4版,primary_text,source_text_parsed_review_required
RMRB-COUNTY-1983-10-28-103,1983,新疆维吾尔自治区 / 1983-01—1983-09,split,,,田市、田县、域为和田市,,田县,设立和田市，以和田县的部分行政区域为和田市的行政区域，和田市为自治区辖（县级）市,县、市,county_level,新疆维吾尔自治区：设立和田市，以和田县的部分行政区域为和田市的行政区域，和田市为自治区辖（县级）市,今年1至3季度全国县级以上行政区划变动情况,https://cn.govopendata.com/renminribao/1983/10/28/4/,SRC-RMRB-1983-10-28,people_daily_summary,人民日报 1983-10-28 第4版,primary_text,source_text_parsed_review_required
RMRB-COUNTY-1983-10-28-104,1983,新疆维吾尔自治区 / 1983-01—1983-09,merge,哈密市,CNUR-000329,哈密县,哈密县,,撤销哈密县，将哈密县的行政区域并入哈密市,县,county_level,新疆维吾尔自治区：撤销哈密县，将哈密县的行政区域并入哈密市,今年1至3季度全国县级以上行政区划变动情况,https://cn.govopendata.com/renminribao/1983/10/28/4/,SRC-RMRB-1983-10-28,people_daily_summary,人民日报 1983-10-28 第4版,primary_text,source_text_parsed_review_required
RMRB-COUNTY-1983-10-28-105,1983,新疆维吾尔自治区 / 1983-01—1983-09,merge,,,库尔勒县,库尔勒县,,撤销库尔勒县，将库尔勒县的行政区域并入库尔勒市,县,county_level,新疆维吾尔自治区：撤销库尔勒县，将库尔勒县的行政区域并入库尔勒市,今年1至3季度全国县级以上行政区划变动情况,https://cn.govopendata.com/renminribao/1983/10/28/4/,SRC-RMRB-1983-10-28,people_daily_summary,人民日报 1983-10-28 第4版,primary_text,source_text_parsed_review_required
RMRB-COUNTY-1983-10-28-106,1983,新疆维吾尔自治区 / 1983-01—1983-09,residence_change,,,吉木乃县,,,吉木乃县人民政府驻地迁至托普铁热克,县,county_level,新疆维吾尔自治区：吉木乃县人民政府驻地迁至托普铁热克,今年1至3季度全国县级以上行政区划变动情况,https://cn.govopendata.com/renminribao/1983/10/28/4/,SRC-RMRB-1983-10-28,people_daily_summary,人民日报 1983-10-28 第4版,primary_text,source_text_parsed_review_required
RMRB-COUNTY-1984-01-31-001,1984,内蒙古自治区 / 1984-07—1984-12,split,,,临河县、临河市、域为临河市,临河县,临河市,：撤销临河县，设立临河市（县级），以原临河县的行政区域为临河市的行政区域。,县、市,county_level,内蒙古自治区：：撤销临河县，设立临河市（县级），以原临河县的行政区域为临河市的行政区域。,一九八四年下半年全国行政区划变更情况,https://cn.govopendata.com/renminribao/1985/1/31/4/,SRC-RMRB-1984-01-31,people_daily_summary,人民日报 1985-01-31 第4版,primary_text,source_text_parsed_review_required
RMRB-COUNTY-1984-01-31-002,1984,黑龙江省 / 1984-07—1984-12,split,,,安达县、安达市、域为安达市,安达县,安达市,撤销安达县，设立安达市（县级），以原安达县的行政区域为安达市的行政区域,县、市,county_level,黑龙江省：撤销安达县，设立安达市（县级），以原安达县的行政区域为安达市的行政区域,一九八四年下半年全国行政区划变更情况,https://cn.govopendata.com/renminribao/1985/1/31/4/,SRC-RMRB-1984-01-31,people_daily_summary,人民日报 1985-01-31 第4版,primary_text,source_text_parsed_review_required
RMRB-COUNTY-1984-01-31-003,1984,黑龙江省 / 1984-07—1984-12,merge,,,友谊县、合并于集贤县、域为友谊县,友谊县,合并于集贤县,恢复友谊县，以合并于集贤县的原友谊县的行政区域为友谊县的行政区域，县人民政府驻友谊镇,县,county_level,黑龙江省：恢复友谊县，以合并于集贤县的原友谊县的行政区域为友谊县的行政区域，县人民政府驻友谊镇,一九八四年下半年全国行政区划变更情况,https://cn.govopendata.com/renminribao/1985/1/31/4/,SRC-RMRB-1984-01-31,people_daily_summary,人民日报 1985-01-31 第4版,primary_text,source_text_parsed_review_required
RMRB-COUNTY-1984-01-31-004,1984,黑龙江省 / 1984-07—1984-12,jurisdiction_transfer,齐齐哈尔市,CNUR-000061,杜尔伯特蒙古族自治县、共十一县,杜尔伯特蒙古族自治县、共十一县,齐齐哈尔市,撤销嫩江地区，将讷河、拜泉、龙江、依安、克山、克东、甘南、泰来、富裕、林甸、杜尔伯特蒙古族自治县共十一县划归齐齐哈尔市管辖,县、自治县,county_level,黑龙江省：撤销嫩江地区，将讷河、拜泉、龙江、依安、克山、克东、甘南、泰来、富裕、林甸、杜尔伯特蒙古族自治县共十一县划归齐齐哈尔市管辖,一九八四年下半年全国行政区划变更情况,https://cn.govopendata.com/renminribao/1985/1/31/4/,SRC-RMRB-1984-01-31,people_daily_summary,人民日报 1985-01-31 第4版,primary_text,source_text_parsed_review_required
RMRB-COUNTY-1984-01-31-005,1984,黑龙江省 / 1984-07—1984-12,jurisdiction_transfer,佳木斯市,CNUR-000067,友谊共十三县,友谊共十三县,佳木斯市,撤销合江地区，将桦南、集贤、宝清、富锦、依兰、汤原、桦川、萝北、绥滨、饶河、同江、抚远、友谊共十三县划归佳木斯市管辖,县,county_level,黑龙江省：撤销合江地区，将桦南、集贤、宝清、富锦、依兰、汤原、桦川、萝北、绥滨、饶河、同江、抚远、友谊共十三县划归佳木斯市管辖,一九八四年下半年全国行政区划变更情况,https://cn.govopendata.com/renminribao/1985/1/31/4/,SRC-RMRB-1984-01-31,people_daily_summary,人民日报 1985-01-31 第4版,primary_text,source_text_parsed_review_required
RMRB-COUNTY-1984-01-31-006,1984,福建省 / 1984-07—1984-12,split,,,永安县、永安市、域为永安市,永安县,永安市,：撤销永安县，设立永安市（县级），以原永安县的行政区域为永安市的行政区域。,县、市,county_level,福建省：：撤销永安县，设立永安市（县级），以原永安县的行政区域为永安市的行政区域。,一九八四年下半年全国行政区划变更情况,https://cn.govopendata.com/renminribao/1985/1/31/4/,SRC-RMRB-1984-01-31,people_daily_summary,人民日报 1985-01-31 第4版,primary_text,source_text_parsed_review_required
RMRB-COUNTY-1984-01-31-007,1984,江西省 / 1984-07—1984-12,split,,,井冈山县、井冈山市、域为井冈山市,井冈山县,井冈山市,：撤销井冈山县，设立井冈山市（县级），以原井冈山县的行政区域为井冈山市的行政区域。,县、市,county_level,江西省：：撤销井冈山县，设立井冈山市（县级），以原井冈山县的行政区域为井冈山市的行政区域。,一九八四年下半年全国行政区划变更情况,https://cn.govopendata.com/renminribao/1985/1/31/4/,SRC-RMRB-1984-01-31,people_daily_summary,人民日报 1985-01-31 第4版,primary_text,source_text_parsed_review_required
RMRB-COUNTY-1984-01-31-008,1984,湖北省 / 1984-07—1984-12,split,,,五峰县、五峰土家族自治县、域为五峰土家族自治县,五峰县,五峰土家族自治县,撤销五峰县，设立五峰土家族自治县，以原五峰县的行政区域为五峰土家族自治县的行政区域,县、自治县,county_level,湖北省：撤销五峰县，设立五峰土家族自治县，以原五峰县的行政区域为五峰土家族自治县的行政区域,一九八四年下半年全国行政区划变更情况,https://cn.govopendata.com/renminribao/1985/1/31/4/,SRC-RMRB-1984-01-31,people_daily_summary,人民日报 1985-01-31 第4版,primary_text,source_text_parsed_review_required
RMRB-COUNTY-1984-01-31-009,1984,湖北省 / 1984-07—1984-12,split,,,长阳县、长阳土家族自治县、域为长阳土家族自治县,长阳县,长阳土家族自治县,撤销长阳县，设立长阳土家族自治县，以原长阳县的行政区域为长阳土家族自治县的行政区域,县、自治县,county_level,湖北省：撤销长阳县，设立长阳土家族自治县，以原长阳县的行政区域为长阳土家族自治县的行政区域,一九八四年下半年全国行政区划变更情况,https://cn.govopendata.com/renminribao/1985/1/31/4/,SRC-RMRB-1984-01-31,people_daily_summary,人民日报 1985-01-31 第4版,primary_text,source_text_parsed_review_required
RMRB-COUNTY-1984-01-31-010,1984,湖南省 / 1984-07—1984-12,split,,,资兴县、资兴市、域和郴县、域为资兴市,资兴县,资兴市,：撤销资兴县，设立资兴市（县级），以原资兴县的行政区域和郴县的部分行政区域为资兴市的行政区域。,县、市,county_level,湖南省：：撤销资兴县，设立资兴市（县级），以原资兴县的行政区域和郴县的部分行政区域为资兴市的行政区域。,一九八四年下半年全国行政区划变更情况,https://cn.govopendata.com/renminribao/1985/1/31/4/,SRC-RMRB-1984-01-31,people_daily_summary,人民日报 1985-01-31 第4版,primary_text,source_text_parsed_review_required
RMRB-COUNTY-1984-01-31-011,1984,四川省 / 1984-07—1984-12,merge,德阳市,CNUR-000240,德阳县、中区,德阳县,中区,：撤销德阳县，将原德阳县的行政区域并入德阳市。德阳市设立市中区。,区、县,county_level,四川省：：撤销德阳县，将原德阳县的行政区域并入德阳市。德阳市设立市中区。,一九八四年下半年全国行政区划变更情况,https://cn.govopendata.com/renminribao/1985/1/31/4/,SRC-RMRB-1984-01-31,people_daily_summary,人民日报 1985-01-31 第4版,primary_text,source_text_parsed_review_required
RMRB-COUNTY-1984-01-31-012,1984,宁夏回族自治区 / 1984-07—1984-12,abolish,,,青铜峡县、青铜峡市、域为青铜峡市,青铜峡县,,：撤销青铜峡县，恢复青铜峡市（县级），以原青铜峡县的行政区域为青铜峡市行政区域。,县、市,county_level,宁夏回族自治区：：撤销青铜峡县，恢复青铜峡市（县级），以原青铜峡县的行政区域为青铜峡市行政区域。,一九八四年下半年全国行政区划变更情况,https://cn.govopendata.com/renminribao/1985/1/31/4/,SRC-RMRB-1984-01-31,people_daily_summary,人民日报 1985-01-31 第4版,primary_text,source_text_parsed_review_required
RMRB-COUNTY-1984-01-31-013,1984,新疆维吾尔自治区 / 1984-07—1984-12,jurisdiction_transfer,伊犁哈萨克自治州、伊犁地区,CNUR-000337、CNUR-000338,伊犁哈萨克自治州直辖的伊宁市、伊宁县、尼勒克县、新源县、巩留县、特克斯县、昭苏县、霍城县、察布查尔锡伯自治县,伊犁哈萨克自治州直辖的伊宁市、伊宁县、尼勒克县、新源县、巩留县、特克斯县、昭苏县、霍城县、察布查尔锡伯自治县,伊宁县,恢复伊犁地区，将原伊犁哈萨克自治州直辖的伊宁市、伊宁县、尼勒克县、新源县、巩留县、特克斯县、昭苏县、霍城县、察布查尔锡伯自治县划归伊犁地区。伊犁地区行政公署驻伊宁市,县、市、自治县,county_level,新疆维吾尔自治区：恢复伊犁地区，将原伊犁哈萨克自治州直辖的伊宁市、伊宁县、尼勒克县、新源县、巩留县、特克斯县、昭苏县、霍城县、察布查尔锡伯自治县划归伊犁地区。伊犁地区行政公署驻伊宁市,一九八四年下半年全国行政区划变更情况,https://cn.govopendata.com/renminribao/1985/1/31/4/,SRC-RMRB-1984-01-31,people_daily_summary,人民日报 1985-01-31 第4版,primary_text,source_text_parsed_review_required
RMRB-COUNTY-1984-01-31-014,1984,新疆维吾尔自治区 / 1984-07—1984-12,jurisdiction_transfer,伊犁哈萨克自治州、阿勒泰地区、伊犁地区、塔城地区,CNUR-000337、CNUR-000338、CNUR-000339、CNUR-000340,奎屯市,奎屯市,,伊犁哈萨克自治州管辖伊犁地区、塔城地区、阿勒泰地区和奎屯市（县级,市,county_level,新疆维吾尔自治区：伊犁哈萨克自治州管辖伊犁地区、塔城地区、阿勒泰地区和奎屯市（县级,一九八四年下半年全国行政区划变更情况,https://cn.govopendata.com/renminribao/1985/1/31/4/,SRC-RMRB-1984-01-31,people_daily_summary,人民日报 1985-01-31 第4版,primary_text,source_text_parsed_review_required
RMRB-COUNTY-1984-01-31-015,1984,新疆维吾尔自治区 / 1984-07—1984-12,split,,,塔城县、塔城市、域为塔城市,塔城县,塔城市,撤销塔城县，设立塔城市（县级），以原塔城县的行政区域为塔城市的行政区域,县、市,county_level,新疆维吾尔自治区：撤销塔城县，设立塔城市（县级），以原塔城县的行政区域为塔城市的行政区域,一九八四年下半年全国行政区划变更情况,https://cn.govopendata.com/renminribao/1985/1/31/4/,SRC-RMRB-1984-01-31,people_daily_summary,人民日报 1985-01-31 第4版,primary_text,source_text_parsed_review_required
RMRB-COUNTY-1984-01-31-016,1984,新疆维吾尔自治区 / 1984-07—1984-12,split,,,阿勒泰县、阿勒泰市、域为阿勒泰市,阿勒泰县,阿勒泰市,撤销阿勒泰县，设立阿勒泰市（县级），以原阿勒泰县的行政区域为阿勒泰市的行政区域,县、市,county_level,新疆维吾尔自治区：撤销阿勒泰县，设立阿勒泰市（县级），以原阿勒泰县的行政区域为阿勒泰市的行政区域,一九八四年下半年全国行政区划变更情况,https://cn.govopendata.com/renminribao/1985/1/31/4/,SRC-RMRB-1984-01-31,people_daily_summary,人民日报 1985-01-31 第4版,primary_text,source_text_parsed_review_required
RMRB-COUNTY-1984-01-31-017,1984,新疆维吾尔自治区 / 1984-07—1984-12,split,吐鲁番市,CNUR-000328,吐鲁番县、域为吐鲁番市,吐鲁番县,吐鲁番市,撤销吐鲁番县，设立吐鲁番市（县级），以原吐鲁番县的行政区域为吐鲁番市的行政区域,县、市,county_level,新疆维吾尔自治区：撤销吐鲁番县，设立吐鲁番市（县级），以原吐鲁番县的行政区域为吐鲁番市的行政区域,一九八四年下半年全国行政区划变更情况,https://cn.govopendata.com/renminribao/1985/1/31/4/,SRC-RMRB-1984-01-31,people_daily_summary,人民日报 1985-01-31 第4版,primary_text,source_text_parsed_review_required
RMRB-COUNTY-1985-09-12-001,1985,山西省 / 1985-01—1985-06,jurisdiction_transfer,长治市,CNUR-000017,沁县、沁源九县,沁县、沁源九县,长治市,撤销晋东南地区，将原晋东南地区的襄垣、屯留、平顺、黎城、壶关、长子、武乡、沁县、沁源九县划归长治市管辖,县,county_level,山西省：撤销晋东南地区，将原晋东南地区的襄垣、屯留、平顺、黎城、壶关、长子、武乡、沁县、沁源九县划归长治市管辖,1985年上半年全国县级以上行政区划变更情况,https://cn.govopendata.com/renminribao/1985/9/12/4/,SRC-RMRB-1985-09-12,people_daily_summary,人民日报 1985-09-12 第4版,primary_text,source_text_parsed_review_required
RMRB-COUNTY-1985-09-12-002,1985,山西省 / 1985-01—1985-06,jurisdiction_transfer,晋城市,CNUR-000018,升为地级市、陵川四县,陵川四县,晋城市,晋城市升为地级市，将原晋东南地区的沁水、阳城、高平、陵川四县划归晋城市管辖,县、市,county_level,山西省：晋城市升为地级市，将原晋东南地区的沁水、阳城、高平、陵川四县划归晋城市管辖,1985年上半年全国县级以上行政区划变更情况,https://cn.govopendata.com/renminribao/1985/9/12/4/,SRC-RMRB-1985-09-12,people_daily_summary,人民日报 1985-09-12 第4版,primary_text,source_text_parsed_review_required
RMRB-COUNTY-1985-09-12-003,1985,辽宁省 / 1985-01—1985-06,split,,,岫岩县、岫岩满族自治县、域为岫岩满族自治县,岫岩县,岫岩满族自治县,撤销岫岩县，设立岫岩满族自治县。以原岫岩县的行政区域为岫岩满族自治县的行政区域,县、自治县,county_level,辽宁省：撤销岫岩县，设立岫岩满族自治县。以原岫岩县的行政区域为岫岩满族自治县的行政区域,1985年上半年全国县级以上行政区划变更情况,https://cn.govopendata.com/renminribao/1985/9/12/4/,SRC-RMRB-1985-09-12,people_daily_summary,人民日报 1985-09-12 第4版,primary_text,source_text_parsed_review_required
RMRB-COUNTY-1985-09-12-004,1985,辽宁省 / 1985-01—1985-06,split,,,凤城县、凤城满族自治县、域为凤城满族自治县,凤城县,凤城满族自治县,撤销凤城县，设立凤城满族自治县。以原凤城县的行政区域为凤城满族自治县的行政区域,县、自治县,county_level,辽宁省：撤销凤城县，设立凤城满族自治县。以原凤城县的行政区域为凤城满族自治县的行政区域,1985年上半年全国县级以上行政区划变更情况,https://cn.govopendata.com/renminribao/1985/9/12/4/,SRC-RMRB-1985-09-12,people_daily_summary,人民日报 1985-09-12 第4版,primary_text,source_text_parsed_review_required
RMRB-COUNTY-1985-09-12-005,1985,辽宁省 / 1985-01—1985-06,split,,,新宾县、新宾满族自治县、域为新宾满族自治县,新宾县,新宾满族自治县,撤销新宾县，设立新宾满族自治县。以原新宾县的行政区域为新宾满族自治县的行政区域,县、自治县,county_level,辽宁省：撤销新宾县，设立新宾满族自治县。以原新宾县的行政区域为新宾满族自治县的行政区域,1985年上半年全国县级以上行政区划变更情况,https://cn.govopendata.com/renminribao/1985/9/12/4/,SRC-RMRB-1985-09-12,people_daily_summary,人民日报 1985-09-12 第4版,primary_text,source_text_parsed_review_required
RMRB-COUNTY-1985-09-12-006,1985,辽宁省 / 1985-01—1985-06,split,锦西市,CNUR-000050,锦西县、域为锦西市,锦西县,锦西市,撤销锦西县，设立锦西市（县级）。以原锦西县的行政区域为锦西市的行政区域,县、市,county_level,辽宁省：撤销锦西县，设立锦西市（县级）。以原锦西县的行政区域为锦西市的行政区域,1985年上半年全国县级以上行政区划变更情况,https://cn.govopendata.com/renminribao/1985/9/12/4/,SRC-RMRB-1985-09-12,people_daily_summary,人民日报 1985-09-12 第4版,primary_text,source_text_parsed_review_required
RMRB-COUNTY-1985-09-12-007,1985,辽宁省 / 1985-01—1985-06,split,,,北票县、北票市、域为北票市,北票县,北票市,撤销北票县，设立北票市（县级）。以原北票县的行政区域为北票市的行政区域,县、市,county_level,辽宁省：撤销北票县，设立北票市（县级）。以原北票县的行政区域为北票市的行政区域,1985年上半年全国县级以上行政区划变更情况,https://cn.govopendata.com/renminribao/1985/9/12/4/,SRC-RMRB-1985-09-12,people_daily_summary,人民日报 1985-09-12 第4版,primary_text,source_text_parsed_review_required
RMRB-COUNTY-1985-09-12-008,1985,辽宁省 / 1985-01—1985-06,split,,,海城县、海城市、域为海城市,海城县,海城市,撤销海城县，设立海城市（县级）。以原海城县的行政区域为海城市的行政区域,县、市,county_level,辽宁省：撤销海城县，设立海城市（县级）。以原海城县的行政区域为海城市的行政区域,1985年上半年全国县级以上行政区划变更情况,https://cn.govopendata.com/renminribao/1985/9/12/4/,SRC-RMRB-1985-09-12,people_daily_summary,人民日报 1985-09-12 第4版,primary_text,source_text_parsed_review_required
RMRB-COUNTY-1985-09-12-009,1985,辽宁省 / 1985-01—1985-06,split,,,瓦房店市、域为瓦房店市,,瓦房店市,撤销复县，设立瓦房店市（县级）。以原复县的行政区域为瓦房店市的行政区域,市,county_level,辽宁省：撤销复县，设立瓦房店市（县级）。以原复县的行政区域为瓦房店市的行政区域,1985年上半年全国县级以上行政区划变更情况,https://cn.govopendata.com/renminribao/1985/9/12/4/,SRC-RMRB-1985-09-12,people_daily_summary,人民日报 1985-09-12 第4版,primary_text,source_text_parsed_review_required
RMRB-COUNTY-1985-09-12-010,1985,吉林省 / 1985-01—1985-06,jurisdiction_transfer,通化市,CNUR-000055,升为地级市、集安两县,集安两县,通化市,撤销通化地区，通化市升为地级市，将原通化地区的通化、集安两县划归通化市管辖,县、市,county_level,吉林省：撤销通化地区，通化市升为地级市，将原通化地区的通化、集安两县划归通化市管辖,1985年上半年全国县级以上行政区划变更情况,https://cn.govopendata.com/renminribao/1985/9/12/4/,SRC-RMRB-1985-09-12,people_daily_summary,人民日报 1985-09-12 第4版,primary_text,source_text_parsed_review_required
RMRB-COUNTY-1985-09-12-011,1985,吉林省 / 1985-01—1985-06,jurisdiction_transfer,浑江市,CNUR-000056,升为地级市、靖宇两县、长白朝鲜族自治县,靖宇两县、长白朝鲜族自治县,浑江市,浑江市升为地级市，并将原通化地区的抚松、靖宇两县和长白朝鲜族自治县划归浑江市管辖,县、市、自治县,county_level,吉林省：浑江市升为地级市，并将原通化地区的抚松、靖宇两县和长白朝鲜族自治县划归浑江市管辖,1985年上半年全国县级以上行政区划变更情况,https://cn.govopendata.com/renminribao/1985/9/12/4/,SRC-RMRB-1985-09-12,people_daily_summary,人民日报 1985-09-12 第4版,primary_text,source_text_parsed_review_required
RMRB-COUNTY-1985-09-12-012,1985,吉林省 / 1985-01—1985-06,jurisdiction_transfer,,,海龙县、梅河口市、域为梅河口市、柳河两县,海龙县,梅河口市,撤销海龙县，设立梅河口市（地级），以原海龙县的行政区域为梅河口市的行政区域，并将原通化地区的辉南、柳河两县划归梅河口市管辖,县、市,county_level,吉林省：撤销海龙县，设立梅河口市（地级），以原海龙县的行政区域为梅河口市的行政区域，并将原通化地区的辉南、柳河两县划归梅河口市管辖,1985年上半年全国县级以上行政区划变更情况,https://cn.govopendata.com/renminribao/1985/9/12/4/,SRC-RMRB-1985-09-12,people_daily_summary,人民日报 1985-09-12 第4版,primary_text,source_text_parsed_review_required
RMRB-COUNTY-1985-09-12-013,1985,吉林省 / 1985-01—1985-06,jurisdiction_transfer,四平市,CNUR-000053,怀德县、公主岭市、域为公主岭市、并将四平市、伊通县,怀德县,公主岭市,撤销怀德县，设立公主岭市（地级），以原怀德县的行政区域为公主岭市的行政区域，并将四平市的伊通县划归公主岭市管辖,县、市,county_level,吉林省：撤销怀德县，设立公主岭市（地级），以原怀德县的行政区域为公主岭市的行政区域，并将四平市的伊通县划归公主岭市管辖,1985年上半年全国县级以上行政区划变更情况,https://cn.govopendata.com/renminribao/1985/9/12/4/,SRC-RMRB-1985-09-12,people_daily_summary,人民日报 1985-09-12 第4版,primary_text,source_text_parsed_review_required
RMRB-COUNTY-1985-09-12-014,1985,吉林省 / 1985-01—1985-06,split,,,敦化县、敦化市、域为敦化市,敦化县,敦化市,撤销敦化县，设立敦化市（县级），以原敦化县的行政区域为敦化市的行政区域,县、市,county_level,吉林省：撤销敦化县，设立敦化市（县级），以原敦化县的行政区域为敦化市的行政区域,1985年上半年全国县级以上行政区划变更情况,https://cn.govopendata.com/renminribao/1985/9/12/4/,SRC-RMRB-1985-09-12,people_daily_summary,人民日报 1985-09-12 第4版,primary_text,source_text_parsed_review_required
RMRB-COUNTY-1985-09-12-015,1985,浙江省 / 1985-01—1985-06,jurisdiction_transfer,金华市,CNUR-000093,升为地级市、浦江六县,浦江六县,金华市,撤销金华地区，金华市升为地级市，将原金华地区的永康、武义、东阳、磐安、义乌、浦江六县划归金华市管辖,县、市,county_level,浙江省：撤销金华地区，金华市升为地级市，将原金华地区的永康、武义、东阳、磐安、义乌、浦江六县划归金华市管辖,1985年上半年全国县级以上行政区划变更情况,https://cn.govopendata.com/renminribao/1985/9/12/4/,SRC-RMRB-1985-09-12,people_daily_summary,人民日报 1985-09-12 第4版,primary_text,source_text_parsed_review_required
RMRB-COUNTY-1985-09-12-016,1985,浙江省 / 1985-01—1985-06,county_change,金华市,CNUR-000093,金华县、域为金华县,,,恢复金华县，以金华市的部分行政区域为金华县的行政区域,县,county_level,浙江省：恢复金华县，以金华市的部分行政区域为金华县的行政区域,1985年上半年全国县级以上行政区划变更情况,https://cn.govopendata.com/renminribao/1985/9/12/4/,SRC-RMRB-1985-09-12,people_daily_summary,人民日报 1985-09-12 第4版,primary_text,source_text_parsed_review_required
RMRB-COUNTY-1985-09-12-017,1985,浙江省 / 1985-01—1985-06,split,,,兰溪县、兰溪市、域为兰溪市,兰溪县,兰溪市,撤销兰溪县，设立兰溪市（县级），以原兰溪县的行政区域为兰溪市的行政区域,县、市,county_level,浙江省：撤销兰溪县，设立兰溪市（县级），以原兰溪县的行政区域为兰溪市的行政区域,1985年上半年全国县级以上行政区划变更情况,https://cn.govopendata.com/renminribao/1985/9/12/4/,SRC-RMRB-1985-09-12,people_daily_summary,人民日报 1985-09-12 第4版,primary_text,source_text_parsed_review_required
RMRB-COUNTY-1985-09-12-018,1985,浙江省 / 1985-01—1985-06,jurisdiction_transfer,衢州市,CNUR-000094,升为地级市、江山四县,江山四县,衢州市,衢州市升为地级市，并将原金华地区的龙游、开化、常山、江山四县划归衢州市管辖,县、市,county_level,浙江省：衢州市升为地级市，并将原金华地区的龙游、开化、常山、江山四县划归衢州市管辖,1985年上半年全国县级以上行政区划变更情况,https://cn.govopendata.com/renminribao/1985/9/12/4/,SRC-RMRB-1985-09-12,people_daily_summary,人民日报 1985-09-12 第4版,primary_text,source_text_parsed_review_required
RMRB-COUNTY-1985-09-12-019,1985,浙江省 / 1985-01—1985-06,county_change,衢州市,CNUR-000094,衢县、域为衢县,,,恢复衢县，以原衢州市的部分行政区域为衢县的行政区域,县,county_level,浙江省：恢复衢县，以原衢州市的部分行政区域为衢县的行政区域,1985年上半年全国县级以上行政区划变更情况,https://cn.govopendata.com/renminribao/1985/9/12/4/,SRC-RMRB-1985-09-12,people_daily_summary,人民日报 1985-09-12 第4版,primary_text,source_text_parsed_review_required
RMRB-COUNTY-1985-09-12-020,1985,福建省 / 1985-01—1985-06,jurisdiction_transfer,泉州市,CNUR-000119,升为地级市、等七县,等七县,泉州市,撤销晋江地区，泉州市升为地级市，将原晋江地区的惠安、晋江、南安、安溪、永春、德化、金门（待回归）等七县划归泉州市管辖,县、市,county_level,福建省：撤销晋江地区，泉州市升为地级市，将原晋江地区的惠安、晋江、南安、安溪、永春、德化、金门（待回归）等七县划归泉州市管辖,1985年上半年全国县级以上行政区划变更情况,https://cn.govopendata.com/renminribao/1985/9/12/4/,SRC-RMRB-1985-09-12,people_daily_summary,人民日报 1985-09-12 第4版,primary_text,source_text_parsed_review_required
RMRB-COUNTY-1985-09-12-021,1985,福建省 / 1985-01—1985-06,jurisdiction_transfer,漳州市,CNUR-000120,升为地级市、华安等九县,华安等九县,漳州市,撤销龙溪地区，漳州市升为地级市，将原龙溪地区的龙海、云霄、漳浦、诏安、长泰、东山、南靖、平和、华安等九县划归漳州市管辖,县、市,county_level,福建省：撤销龙溪地区，漳州市升为地级市，将原龙溪地区的龙海、云霄、漳浦、诏安、长泰、东山、南靖、平和、华安等九县划归漳州市管辖,1985年上半年全国县级以上行政区划变更情况,https://cn.govopendata.com/renminribao/1985/9/12/4/,SRC-RMRB-1985-09-12,people_daily_summary,人民日报 1985-09-12 第4版,primary_text,source_text_parsed_review_required
RMRB-COUNTY-1985-09-12-022,1985,江西省 / 1985-01—1985-06,merge,宜春市,CNUR-000132,宜春县,宜春县,,撤销宜春县，将原宜春县的行政区域并入宜春市。,县,county_level,江西省：撤销宜春县，将原宜春县的行政区域并入宜春市。,1985年上半年全国县级以上行政区划变更情况,https://cn.govopendata.com/renminribao/1985/9/12/4/,SRC-RMRB-1985-09-12,people_daily_summary,人民日报 1985-09-12 第4版,primary_text,source_text_parsed_review_required
RMRB-COUNTY-1985-09-12-023,1985,山东省 / 1985-01—1985-06,split,日照市,CNUR-000145,日照县、域为日照市,日照县,日照市,撤销日照县，设立日照市（县级），以原日照县和石臼港办事处的行政区域为日照市的行政区域，日照市驻石臼所,县、市,county_level,山东省：撤销日照县，设立日照市（县级），以原日照县和石臼港办事处的行政区域为日照市的行政区域，日照市驻石臼所,1985年上半年全国县级以上行政区划变更情况,https://cn.govopendata.com/renminribao/1985/9/12/4/,SRC-RMRB-1985-09-12,people_daily_summary,人民日报 1985-09-12 第4版,primary_text,source_text_parsed_review_required
RMRB-COUNTY-1985-09-12-024,1985,山东省 / 1985-01—1985-06,jurisdiction_transfer,泰安市,CNUR-000143,升为地级市、东平三县、新泰两市,东平三县,泰安市,撤销泰安地区，泰安市升为地级市，将原泰安地区的宁阳、肥城、东平三县划归泰安市管辖，莱芜、新泰两市由泰安市代管,县、市,county_level,山东省：撤销泰安地区，泰安市升为地级市，将原泰安地区的宁阳、肥城、东平三县划归泰安市管辖，莱芜、新泰两市由泰安市代管,1985年上半年全国县级以上行政区划变更情况,https://cn.govopendata.com/renminribao/1985/9/12/4/,SRC-RMRB-1985-09-12,people_daily_summary,人民日报 1985-09-12 第4版,primary_text,source_text_parsed_review_required
RMRB-COUNTY-1985-09-12-025,1985,山东省 / 1985-01—1985-06,jurisdiction_transfer,济宁市,CNUR-000142,泗水两县,泗水两县,济宁市,将原泰安地区的汶上、泗水两县划归济宁市管辖,县,county_level,山东省：将原泰安地区的汶上、泗水两县划归济宁市管辖,1985年上半年全国县级以上行政区划变更情况,https://cn.govopendata.com/renminribao/1985/9/12/4/,SRC-RMRB-1985-09-12,people_daily_summary,人民日报 1985-09-12 第4版,primary_text,source_text_parsed_review_required
RMRB-COUNTY-1985-09-12-026,1985,山东省 / 1985-01—1985-06,jurisdiction_transfer,济南市,CNUR-000135,平阴县,平阴县,济南市,将原泰安地区的平阴县划归济南市管辖,县,county_level,山东省：将原泰安地区的平阴县划归济南市管辖,1985年上半年全国县级以上行政区划变更情况,https://cn.govopendata.com/renminribao/1985/9/12/4/,SRC-RMRB-1985-09-12,people_daily_summary,人民日报 1985-09-12 第4版,primary_text,source_text_parsed_review_required
RMRB-COUNTY-1985-09-12-027,1985,湖南省 / 1985-01—1985-06,split,,,醴陵县、醴陵市、域为醴陵市,醴陵县,醴陵市,撤销醴陵县，设立醴陵市（县级），以原醴陵县的行政区域为醴陵市的行政区域,县、市,county_level,湖南省：撤销醴陵县，设立醴陵市（县级），以原醴陵县的行政区域为醴陵市的行政区域,1985年上半年全国县级以上行政区划变更情况,https://cn.govopendata.com/renminribao/1985/9/12/4/,SRC-RMRB-1985-09-12,people_daily_summary,人民日报 1985-09-12 第4版,primary_text,source_text_parsed_review_required
RMRB-COUNTY-1985-09-12-028,1985,湖南省 / 1985-01—1985-06,split,大庸市,CNUR-000189,大庸县、域为大庸市,大庸县,大庸市,撤销大庸县，设立大庸市（县级），以原大庸县的行政区域为大庸市的行政区域,县、市,county_level,湖南省：撤销大庸县，设立大庸市（县级），以原大庸县的行政区域为大庸市的行政区域,1985年上半年全国县级以上行政区划变更情况,https://cn.govopendata.com/renminribao/1985/9/12/4/,SRC-RMRB-1985-09-12,people_daily_summary,人民日报 1985-09-12 第4版,primary_text,source_text_parsed_review_required
RMRB-COUNTY-1985-09-12-029,1985,四川省 / 1985-01—1985-06,split,,,华云工农区、华蓥市、域为华蓥市,华云工农区,华蓥市,撤销华云工农区，设立华蓥市（县级），以原华云工农区的行政区域为华蓥市的行政区域,区、市,county_level,四川省：撤销华云工农区，设立华蓥市（县级），以原华云工农区的行政区域为华蓥市的行政区域,1985年上半年全国县级以上行政区划变更情况,https://cn.govopendata.com/renminribao/1985/9/12/4/,SRC-RMRB-1985-09-12,people_daily_summary,人民日报 1985-09-12 第4版,primary_text,source_text_parsed_review_required
RMRB-COUNTY-1985-09-12-030,1985,四川省 / 1985-01—1985-06,jurisdiction_transfer,绵阳市,CNUR-000241,升为地级市、安县、平武等七县,安县、平武等七县,绵阳市,撤销绵阳地区，绵阳市升为地级市，将原绵阳地区的江油、三台、盐亭、安县、梓潼、北川、平武等七县划归绵阳市管辖,县、市,county_level,四川省：撤销绵阳地区，绵阳市升为地级市，将原绵阳地区的江油、三台、盐亭、安县、梓潼、北川、平武等七县划归绵阳市管辖,1985年上半年全国县级以上行政区划变更情况,https://cn.govopendata.com/renminribao/1985/9/12/4/,SRC-RMRB-1985-09-12,people_daily_summary,人民日报 1985-09-12 第4版,primary_text,source_text_parsed_review_required
RMRB-COUNTY-1985-09-12-031,1985,四川省 / 1985-01—1985-06,jurisdiction_transfer,广元市,CNUR-000242,广元县、域为广元市、剑阁三县,广元县,广元市,撤销广元县，设立广元市（地级），以原广元县的行政区域为广元市的行政区域。并将原绵阳地区的旺苍、青川、剑阁三县划归广元市管辖,县、市,county_level,四川省：撤销广元县，设立广元市（地级），以原广元县的行政区域为广元市的行政区域。并将原绵阳地区的旺苍、青川、剑阁三县划归广元市管辖,1985年上半年全国县级以上行政区划变更情况,https://cn.govopendata.com/renminribao/1985/9/12/4/,SRC-RMRB-1985-09-12,people_daily_summary,人民日报 1985-09-12 第4版,primary_text,source_text_parsed_review_required
RMRB-COUNTY-1985-09-12-032,1985,四川省 / 1985-01—1985-06,jurisdiction_transfer,遂宁市,CNUR-000243,遂宁县、域为遂宁市、射洪两县,遂宁县,遂宁市,撤销遂宁县，设立遂宁市（地级），以原遂宁县的行政区域为遂宁市的行政区域。并将原绵阳地区的蓬溪、射洪两县划归遂宁市管辖,县、市,county_level,四川省：撤销遂宁县，设立遂宁市（地级），以原遂宁县的行政区域为遂宁市的行政区域。并将原绵阳地区的蓬溪、射洪两县划归遂宁市管辖,1985年上半年全国县级以上行政区划变更情况,https://cn.govopendata.com/renminribao/1985/9/12/4/,SRC-RMRB-1985-09-12,people_daily_summary,人民日报 1985-09-12 第4版,primary_text,source_text_parsed_review_required
RMRB-COUNTY-1985-09-12-033,1985,四川省 / 1985-01—1985-06,jurisdiction_transfer,内江市,CNUR-000244,升为地级市、隆昌八县,隆昌八县,内江市,撤销内江地区，内江市升为地级市，将原内江地区的内江、乐至、安岳、威远、资中、资阳、简阳、隆昌八县划归内江市管辖,县、市,county_level,四川省：撤销内江地区，内江市升为地级市，将原内江地区的内江、乐至、安岳、威远、资中、资阳、简阳、隆昌八县划归内江市管辖,1985年上半年全国县级以上行政区划变更情况,https://cn.govopendata.com/renminribao/1985/9/12/4/,SRC-RMRB-1985-09-12,people_daily_summary,人民日报 1985-09-12 第4版,primary_text,source_text_parsed_review_required
RMRB-COUNTY-1985-09-12-034,1985,四川省 / 1985-01—1985-06,jurisdiction_transfer,乐山市,CNUR-000245,升为地级市、金口河工农区、丹棱十一县、马边两个彝族自治县,金口河工农区,乐山市,撤销乐山地区，乐山市升为地级市，撤销金口河工农区，将金口河工农区的行政区域划归乐山市。并将原乐山地区的仁寿、眉山、犍为、井研、峨眉、夹江、洪雅、彭山、沐川、青神、丹棱十一县和峨边、马边两个彝族自治县划归乐山市管辖,区、县、市、自治县,county_level,四川省：撤销乐山地区，乐山市升为地级市，撤销金口河工农区，将金口河工农区的行政区域划归乐山市。并将原乐山地区的仁寿、眉山、犍为、井研、峨眉、夹江、洪雅、彭山、沐川、青神、丹棱十一县和峨边、马边两个彝族自治县划归乐山市管辖,1985年上半年全国县级以上行政区划变更情况,https://cn.govopendata.com/renminribao/1985/9/12/4/,SRC-RMRB-1985-09-12,people_daily_summary,人民日报 1985-09-12 第4版,primary_text,source_text_parsed_review_required
RMRB-COUNTY-1985-09-12-035,1985,四川省 / 1985-01—1985-06,jurisdiction_transfer,宜宾地区、泸州市,CNUR-000239、CNUR-000248,叙永两县,叙永两县,泸州市,将宜宾地区的古蔺、叙永两县划归泸州市管辖,县,county_level,四川省：将宜宾地区的古蔺、叙永两县划归泸州市管辖,1985年上半年全国县级以上行政区划变更情况,https://cn.govopendata.com/renminribao/1985/9/12/4/,SRC-RMRB-1985-09-12,people_daily_summary,人民日报 1985-09-12 第4版,primary_text,source_text_parsed_review_required
RMRB-COUNTY-1985-09-12-036,1985,云南省 / 1985-01—1985-06,split,,,畹町市、域为畹町市,,畹町市,撤销畹町镇（县级），设立畹町市（县级），以原畹町镇的行政区域为畹町市的行政区域,市,county_level,云南省：撤销畹町镇（县级），设立畹町市（县级），以原畹町镇的行政区域为畹町市的行政区域,1985年上半年全国县级以上行政区划变更情况,https://cn.govopendata.com/renminribao/1985/9/12/4/,SRC-RMRB-1985-09-12,people_daily_summary,人民日报 1985-09-12 第4版,primary_text,source_text_parsed_review_required
RMRB-COUNTY-1985-09-12-037,1985,云南省 / 1985-01—1985-06,split,,,双江县、双江拉祜族佤族布朗族傣族自治县、域为双江拉祜族佤族布朗族傣族自治县,双江县,双江拉祜族佤族布朗族傣族自治县,撤销双江县，设立双江拉祜族佤族布朗族傣族自治县。以原双江县的行政区域为双江拉祜族佤族布朗族傣族自治县的行政区域,县、自治县,county_level,云南省：撤销双江县，设立双江拉祜族佤族布朗族傣族自治县。以原双江县的行政区域为双江拉祜族佤族布朗族傣族自治县的行政区域,1985年上半年全国县级以上行政区划变更情况,https://cn.govopendata.com/renminribao/1985/9/12/4/,SRC-RMRB-1985-09-12,people_daily_summary,人民日报 1985-09-12 第4版,primary_text,source_text_parsed_review_required
RMRB-COUNTY-1985-09-12-038,1985,云南省 / 1985-01—1985-06,split,,,维西县、维西傈僳族自治县、域为维西傈僳族自治县,维西县,维西傈僳族自治县,撤销维西县，设立维西傈僳族自治县。以原维西县的行政区域为维西傈僳族自治县的行政区域,县、自治县,county_level,云南省：撤销维西县，设立维西傈僳族自治县。以原维西县的行政区域为维西傈僳族自治县的行政区域,1985年上半年全国县级以上行政区划变更情况,https://cn.govopendata.com/renminribao/1985/9/12/4/,SRC-RMRB-1985-09-12,people_daily_summary,人民日报 1985-09-12 第4版,primary_text,source_text_parsed_review_required
RMRB-COUNTY-1985-09-12-039,1985,云南省 / 1985-01—1985-06,split,,,景东县、景谷彝族自治县、域为景东彝族自治县,景东县,景谷彝族自治县,撤销景东县，设立景谷彝族自治县。以原景东县的行政区域为景东彝族自治县的行政区域,县、自治县,county_level,云南省：撤销景东县，设立景谷彝族自治县。以原景东县的行政区域为景东彝族自治县的行政区域,1985年上半年全国县级以上行政区划变更情况,https://cn.govopendata.com/renminribao/1985/9/12/4/,SRC-RMRB-1985-09-12,people_daily_summary,人民日报 1985-09-12 第4版,primary_text,source_text_parsed_review_required
RMRB-COUNTY-1985-09-12-040,1985,云南省 / 1985-01—1985-06,split,,,景谷县、景古傣族彝族自治县、域为景谷傣族彝族自治县,景谷县,景古傣族彝族自治县,撤销景谷县，设立景古傣族彝族自治县。以原景谷县的行政区域为景谷傣族彝族自治县的行政区域,县、自治县,county_level,云南省：撤销景谷县，设立景古傣族彝族自治县。以原景谷县的行政区域为景谷傣族彝族自治县的行政区域,1985年上半年全国县级以上行政区划变更情况,https://cn.govopendata.com/renminribao/1985/9/12/4/,SRC-RMRB-1985-09-12,people_daily_summary,人民日报 1985-09-12 第4版,primary_text,source_text_parsed_review_required
RMRB-COUNTY-1985-09-12-041,1985,云南省 / 1985-01—1985-06,split,,,普洱县、普洱哈尼族彝族自治县、域为普洱哈尼族彝族自治县,普洱县,普洱哈尼族彝族自治县,撤销普洱县，设立普洱哈尼族彝族自治县。以原普洱县的行政区域为普洱哈尼族彝族自治县的行政区域,县、自治县,county_level,云南省：撤销普洱县，设立普洱哈尼族彝族自治县。以原普洱县的行政区域为普洱哈尼族彝族自治县的行政区域,1985年上半年全国县级以上行政区划变更情况,https://cn.govopendata.com/renminribao/1985/9/12/4/,SRC-RMRB-1985-09-12,people_daily_summary,人民日报 1985-09-12 第4版,primary_text,source_text_parsed_review_required
RMRB-COUNTY-1985-09-12-042,1985,云南省 / 1985-01—1985-06,split,,,漾濞县、漾濞彝族自治县、域为漾濞彝族自治县,漾濞县,漾濞彝族自治县,撤销漾濞县，设立漾濞彝族自治县。以原漾濞县的行政区域为漾濞彝族自治县的行政区域,县、自治县,county_level,云南省：撤销漾濞县，设立漾濞彝族自治县。以原漾濞县的行政区域为漾濞彝族自治县的行政区域,1985年上半年全国县级以上行政区划变更情况,https://cn.govopendata.com/renminribao/1985/9/12/4/,SRC-RMRB-1985-09-12,people_daily_summary,人民日报 1985-09-12 第4版,primary_text,source_text_parsed_review_required
RMRB-COUNTY-1985-09-12-043,1985,云南省 / 1985-01—1985-06,split,,,禄劝县、禄劝彝族苗族自治县、域为禄劝彝族苗族自治县,禄劝县,禄劝彝族苗族自治县,撤销禄劝县，设立禄劝彝族苗族自治县。以原禄劝县的行政区域为禄劝彝族苗族自治县的行政区域,县、自治县,county_level,云南省：撤销禄劝县，设立禄劝彝族苗族自治县。以原禄劝县的行政区域为禄劝彝族苗族自治县的行政区域,1985年上半年全国县级以上行政区划变更情况,https://cn.govopendata.com/renminribao/1985/9/12/4/,SRC-RMRB-1985-09-12,people_daily_summary,人民日报 1985-09-12 第4版,primary_text,source_text_parsed_review_required
RMRB-COUNTY-1985-09-12-044,1985,云南省 / 1985-01—1985-06,split,,,金平县、金平苗族瑶族傣族自治县、域为金平苗族瑶族傣族自治县,金平县,金平苗族瑶族傣族自治县,撤销金平县，设立金平苗族瑶族傣族自治县。以原金平县的行政区域为金平苗族瑶族傣族自治县的行政区域,县、自治县,county_level,云南省：撤销金平县，设立金平苗族瑶族傣族自治县。以原金平县的行政区域为金平苗族瑶族傣族自治县的行政区域,1985年上半年全国县级以上行政区划变更情况,https://cn.govopendata.com/renminribao/1985/9/12/4/,SRC-RMRB-1985-09-12,people_daily_summary,人民日报 1985-09-12 第4版,primary_text,source_text_parsed_review_required
RMRB-COUNTY-1985-09-12-045,1985,甘肃省 / 1985-01—1985-06,split,武威市,CNUR-000304,武威县、域为武威市,武威县,武威市,撤销武威县，设立武威市（县级），以原武威县的行政区域为武威市的行政区域,县、市,county_level,甘肃省：撤销武威县，设立武威市（县级），以原武威县的行政区域为武威市的行政区域,1985年上半年全国县级以上行政区划变更情况,https://cn.govopendata.com/renminribao/1985/9/12/4/,SRC-RMRB-1985-09-12,people_daily_summary,人民日报 1985-09-12 第4版,primary_text,source_text_parsed_review_required
RMRB-COUNTY-1985-09-12-046,1985,甘肃省 / 1985-01—1985-06,rename,陇南地区,CNUR-000310,迁驻成县,迁驻成县,,将武都地区行政公署由武都县迁驻成县，更名为陇南地区,县,county_level,甘肃省：将武都地区行政公署由武都县迁驻成县，更名为陇南地区,1985年上半年全国县级以上行政区划变更情况,https://cn.govopendata.com/renminribao/1985/9/12/4/,SRC-RMRB-1985-09-12,people_daily_summary,人民日报 1985-09-12 第4版,primary_text,source_text_parsed_review_required
RMRB-COUNTY-1985-09-12-047,1985,甘肃省 / 1985-01—1985-06,jurisdiction_transfer,定西地区、陇南地区,CNUR-000309、CNUR-000310,西和县、礼县、漳县、岷县,西和县、礼县,礼县,将天水地区的西和县、礼县划归陇南地区，将天水地区的漳县和原武都地区的岷县划归定西地区,县,county_level,甘肃省：将天水地区的西和县、礼县划归陇南地区，将天水地区的漳县和原武都地区的岷县划归定西地区,1985年上半年全国县级以上行政区划变更情况,https://cn.govopendata.com/renminribao/1985/9/12/4/,SRC-RMRB-1985-09-12,people_daily_summary,人民日报 1985-09-12 第4版,primary_text,source_text_parsed_review_required
RMRB-COUNTY-1985-09-12-048,1985,甘肃省 / 1985-01—1985-06,jurisdiction_transfer,定西地区、武威地区、兰州市、白银市,CNUR-000299、CNUR-000302、CNUR-000304、CNUR-000309,白银区、靖远两县、域为白银市、靖远县、会宁县、景泰县,靖远县、会宁县、景泰县,白银市,恢复白银市（地级）。以兰州市的白银区和皋兰、靖远两县的部分行政区域为白银市的行政区域。将定西地区的靖远县、会宁县和武威地区的景泰县划归白银市管辖,区、县、市,county_level,甘肃省：恢复白银市（地级）。以兰州市的白银区和皋兰、靖远两县的部分行政区域为白银市的行政区域。将定西地区的靖远县、会宁县和武威地区的景泰县划归白银市管辖,1985年上半年全国县级以上行政区划变更情况,https://cn.govopendata.com/renminribao/1985/9/12/4/,SRC-RMRB-1985-09-12,people_daily_summary,人民日报 1985-09-12 第4版,primary_text,source_text_parsed_review_required
RMRB-COUNTY-1985-09-12-049,1985,甘肃省 / 1985-01—1985-06,split,张掖市,CNUR-000305,张掖县、域为张掖市,张掖县,张掖市,撤销张掖县，设立张掖市（县级），以原张掖县的行政区域为张掖市的行政区域,县、市,county_level,甘肃省：撤销张掖县，设立张掖市（县级），以原张掖县的行政区域为张掖市的行政区域,1985年上半年全国县级以上行政区划变更情况,https://cn.govopendata.com/renminribao/1985/9/12/4/,SRC-RMRB-1985-09-12,people_daily_summary,人民日报 1985-09-12 第4版,primary_text,source_text_parsed_review_required
RMRB-COUNTY-1985-09-12-050,1985,甘肃省 / 1985-01—1985-06,split,酒泉市,CNUR-000307,酒泉县、域为酒泉市,酒泉县,酒泉市,撤销酒泉县，设立酒泉市（县级），以原酒泉县的行政区域为酒泉市的行政区域,县、市,county_level,甘肃省：撤销酒泉县，设立酒泉市（县级），以原酒泉县的行政区域为酒泉市的行政区域,1985年上半年全国县级以上行政区划变更情况,https://cn.govopendata.com/renminribao/1985/9/12/4/,SRC-RMRB-1985-09-12,people_daily_summary,人民日报 1985-09-12 第4版,primary_text,source_text_parsed_review_required
RMRB-COUNTY-1985-09-12-051,1985,甘肃省 / 1985-01—1985-06,split,,,西峰市、庆阳县、域为西峰市,,庆阳县,设立西峰市（县级），以原庆阳县的部分行政区域为西峰市的行政区域,县、市,county_level,甘肃省：设立西峰市（县级），以原庆阳县的部分行政区域为西峰市的行政区域,1985年上半年全国县级以上行政区划变更情况,https://cn.govopendata.com/renminribao/1985/9/12/4/,SRC-RMRB-1985-09-12,people_daily_summary,人民日报 1985-09-12 第4版,primary_text,source_text_parsed_review_required
RMRB-COUNTY-1985-09-12-052,1985,青海省 / 1985-01—1985-06,rename,海西蒙古族藏族自治州,CNUR-000320,,,,将海西蒙古族藏族哈萨克族自治州更名为海西蒙古族藏族自治州。,,county_level,青海省：将海西蒙古族藏族哈萨克族自治州更名为海西蒙古族藏族自治州。,1985年上半年全国县级以上行政区划变更情况,https://cn.govopendata.com/renminribao/1985/9/12/4/,SRC-RMRB-1985-09-12,people_daily_summary,人民日报 1985-09-12 第4版,primary_text,source_text_parsed_review_required
RMRB-COUNTY-1985-09-12-053,1985,新疆维吾尔自治区 / 1985-01—1985-06,split,,,博乐县、博乐市、域为博乐市,博乐县,博乐市,撤销博乐县，设立博乐市（县级），以原博乐县的行政区域为博乐市的行政区域。,县、市,county_level,新疆维吾尔自治区：撤销博乐县，设立博乐市（县级），以原博乐县的行政区域为博乐市的行政区域。,1985年上半年全国县级以上行政区划变更情况,https://cn.govopendata.com/renminribao/1985/9/12/4/,SRC-RMRB-1985-09-12,people_daily_summary,人民日报 1985-09-12 第4版,primary_text,source_text_parsed_review_required
RMRB-COUNTY-1986-01-26-001,1985,内蒙古自治区 / 1985-07—1985-12,jurisdiction_transfer,哲里木盟,CNUR-000029,霍林郭勒市、哲里木盟扎鲁特旗、域为霍林郭勒市,霍林郭勒市,哲里木盟扎鲁特旗,设立霍林郭勒市（县级）。以哲里木盟扎鲁特旗的部分行政区域为霍林郭勒市的行政区域，霍林郭勒市由哲里木盟领导，市人民政府驻珠斯花。,市、旗,county_level,内蒙古自治区：设立霍林郭勒市（县级）。以哲里木盟扎鲁特旗的部分行政区域为霍林郭勒市的行政区域，霍林郭勒市由哲里木盟领导，市人民政府驻珠斯花。,一九八五年下半年全国县级以上行政区划变更情况,https://cn.govopendata.com/renminribao/1986/01/26/4/,SRC-RMRB-1986-01-26,people_daily_summary,人民日报 1986-01-26 第4版,primary_text,source_text_parsed_review_required
RMRB-COUNTY-1986-01-26-002,1985,吉林省 / 1985-07—1985-12,jurisdiction_transfer,四平市,CNUR-000053,公主岭市、改为县级市、伊通县,公主岭市,县级市,将公主岭市改为县级市，将伊通县划归四平市管辖,县、县级市、市,county_level,吉林省：将公主岭市改为县级市，将伊通县划归四平市管辖,一九八五年下半年全国县级以上行政区划变更情况,https://cn.govopendata.com/renminribao/1986/01/26/4/,SRC-RMRB-1986-01-26,people_daily_summary,人民日报 1986-01-26 第4版,primary_text,source_text_parsed_review_required
RMRB-COUNTY-1986-01-26-003,1985,吉林省 / 1985-07—1985-12,jurisdiction_transfer,通化市,CNUR-000055,梅河口市、改为县级市、柳河两县,梅河口市,县级市,将梅河口市改为县级市，将辉南、柳河两县划归通化市管辖,县、县级市、市,county_level,吉林省：将梅河口市改为县级市，将辉南、柳河两县划归通化市管辖,一九八五年下半年全国县级以上行政区划变更情况,https://cn.govopendata.com/renminribao/1986/01/26/4/,SRC-RMRB-1986-01-26,people_daily_summary,人民日报 1986-01-26 第4版,primary_text,source_text_parsed_review_required
RMRB-COUNTY-1986-01-26-004,1985,浙江省 / 1985-07—1985-12,merge,宁波市,CNUR-000088,镇海县、镇海区、扩大宁波市、滨海区,镇海县,镇海区,撤销镇海县，将原镇海县的行政区域并入宁波市。设立宁波市镇海区，扩大宁波市滨海区,区、县、市,county_level,浙江省：撤销镇海县，将原镇海县的行政区域并入宁波市。设立宁波市镇海区，扩大宁波市滨海区,一九八五年下半年全国县级以上行政区划变更情况,https://cn.govopendata.com/renminribao/1986/01/26/4/,SRC-RMRB-1986-01-26,people_daily_summary,人民日报 1986-01-26 第4版,primary_text,source_text_parsed_review_required
RMRB-COUNTY-1986-01-26-005,1985,浙江省 / 1985-07—1985-12,split,,,余姚县、余姚市、域为余姚市,余姚县,余姚市,撤销余姚县，设立余姚市（县级）。以原余姚县的行政区域为余姚市的行政区域,县、市,county_level,浙江省：撤销余姚县，设立余姚市（县级）。以原余姚县的行政区域为余姚市的行政区域,一九八五年下半年全国县级以上行政区划变更情况,https://cn.govopendata.com/renminribao/1986/01/26/4/,SRC-RMRB-1986-01-26,people_daily_summary,人民日报 1986-01-26 第4版,primary_text,source_text_parsed_review_required
RMRB-COUNTY-1986-01-26-006,1985,福建省 / 1985-07—1985-12,split,泉州市,CNUR-000119,鲤城区、暂不设郊区,,暂不设郊区,泉州市设立鲤城区，暂不设郊区。,区,county_level,福建省：泉州市设立鲤城区，暂不设郊区。,一九八五年下半年全国县级以上行政区划变更情况,https://cn.govopendata.com/renminribao/1986/01/26/4/,SRC-RMRB-1986-01-26,people_daily_summary,人民日报 1986-01-26 第4版,primary_text,source_text_parsed_review_required
RMRB-COUNTY-1986-01-26-007,1985,河南省 / 1985-07—1985-12,split,濮阳市,CNUR-000160,,,,濮阳市设立市区。,,county_level,河南省：濮阳市设立市区。,一九八五年下半年全国县级以上行政区划变更情况,https://cn.govopendata.com/renminribao/1986/01/26/4/,SRC-RMRB-1986-01-26,people_daily_summary,人民日报 1986-01-26 第4版,primary_text,source_text_parsed_review_required
RMRB-COUNTY-1986-01-26-008,1985,广东省 / 1985-07—1985-12,split,东莞市,CNUR-000212,东莞县、域为东莞市,东莞县,东莞市,撤销东莞县，设立东莞市（县级）。以原东莞县的行政区域为东莞市的行政区域。,县、市,county_level,广东省：撤销东莞县，设立东莞市（县级）。以原东莞县的行政区域为东莞市的行政区域。,一九八五年下半年全国县级以上行政区划变更情况,https://cn.govopendata.com/renminribao/1986/01/26/4/,SRC-RMRB-1986-01-26,people_daily_summary,人民日报 1986-01-26 第4版,primary_text,source_text_parsed_review_required
RMRB-COUNTY-1986-01-26-009,1985,四川省 / 1985-07—1985-12,jurisdiction_transfer,南充地区、广元市,CNUR-000242、CNUR-000246,苍溪县,苍溪县,广元市,将南充地区的苍溪县划归广元市管辖。,县,county_level,四川省：将南充地区的苍溪县划归广元市管辖。,一九八五年下半年全国县级以上行政区划变更情况,https://cn.govopendata.com/renminribao/1986/01/26/4/,SRC-RMRB-1986-01-26,people_daily_summary,人民日报 1986-01-26 第4版,primary_text,source_text_parsed_review_required
RMRB-COUNTY-1986-01-26-010,1985,甘肃省 / 1985-07—1985-12,merge,天水市,CNUR-000303,升为地级市、天水县、秦城区、北道区,升为地级市,天水县,撤销天水地区，天水市升为地级市。撤销天水县，将原天水县的行政区域并入天水市。天水市设立秦城区、北道区,区、县、市,county_level,甘肃省：撤销天水地区，天水市升为地级市。撤销天水县，将原天水县的行政区域并入天水市。天水市设立秦城区、北道区,一九八五年下半年全国县级以上行政区划变更情况,https://cn.govopendata.com/renminribao/1986/01/26/4/,SRC-RMRB-1986-01-26,people_daily_summary,人民日报 1986-01-26 第4版,primary_text,source_text_parsed_review_required
RMRB-COUNTY-1986-01-26-011,1985,甘肃省 / 1985-07—1985-12,jurisdiction_transfer,天水市,CNUR-000303,清水县、张家川回族自治县、五县,清水县、张家川回族自治县、五县,天水市,将原天水地区的秦安、武山、甘谷、清水县和张家川回族自治县五县划归天水市管辖,县、自治县,county_level,甘肃省：将原天水地区的秦安、武山、甘谷、清水县和张家川回族自治县五县划归天水市管辖,一九八五年下半年全国县级以上行政区划变更情况,https://cn.govopendata.com/renminribao/1986/01/26/4/,SRC-RMRB-1986-01-26,people_daily_summary,人民日报 1986-01-26 第4版,primary_text,source_text_parsed_review_required
RMRB-COUNTY-1986-01-26-012,1985,甘肃省 / 1985-07—1985-12,jurisdiction_transfer,陇南地区,CNUR-000310,徽县、两当二县,徽县、两当二县,两当二县,将原天水地区的徽县、两当二县划归陇南地区管辖,县,county_level,甘肃省：将原天水地区的徽县、两当二县划归陇南地区管辖,一九八五年下半年全国县级以上行政区划变更情况,https://cn.govopendata.com/renminribao/1986/01/26/4/,SRC-RMRB-1986-01-26,people_daily_summary,人民日报 1986-01-26 第4版,primary_text,source_text_parsed_review_required
RMRB-COUNTY-1986-01-26-013,1985,青海省 / 1985-07—1985-12,split,,,民和县、民和回族土族自治县、域为民和回族土族自治县,民和县,民和回族土族自治县,撤销民和县，设立民和回族土族自治县，以原民和县的行政区域为民和回族土族自治县的行政区域,县、自治县,county_level,青海省：撤销民和县，设立民和回族土族自治县，以原民和县的行政区域为民和回族土族自治县的行政区域,一九八五年下半年全国县级以上行政区划变更情况,https://cn.govopendata.com/renminribao/1986/01/26/4/,SRC-RMRB-1986-01-26,people_daily_summary,人民日报 1986-01-26 第4版,primary_text,source_text_parsed_review_required
RMRB-COUNTY-1986-01-26-014,1985,青海省 / 1985-07—1985-12,split,,,大通县、大通回族土族自治县、域为大通回族土族自治县、使读者及时了解全国县,大通县,大通回族土族自治县,撤销大通县，设立大通回族土族自治县，以原大通县的行政区域为大通回族土族自治县的行政区域。注：为使读者及时了解全国县级以上行政区划变更情况和适应党、政、军机关、人民团体及各单位工作需要，民政部每年编一本《中华人民共和国行政区划简册》，由测绘出版社出版，新华书店公开发行。1986年新版本预计6月出书，读者需要可向新华书店购买,县、自治县,county_level,青海省：撤销大通县，设立大通回族土族自治县，以原大通县的行政区域为大通回族土族自治县的行政区域。注：为使读者及时了解全国县级以上行政区划变更情况和适应党、政、军机关、人民团体及各单位工作需要，民政部每年编一本《中华人民共和国行政区划简册》，由测绘出版社出版，新华书店公开发行。1986年新版本预计6月出书，读者需要可向新华书店购买,一九八五年下半年全国县级以上行政区划变更情况,https://cn.govopendata.com/renminribao/1986/01/26/4/,SRC-RMRB-1986-01-26,people_daily_summary,人民日报 1986-01-26 第4版,primary_text,source_text_parsed_review_required
RMRB-COUNTY-1986-07-18-001,1986,河北省 / 1986-01—1986-06,split,,,定县、定州市、域为定州市,定县,定州市,撤销定县，设立定州市（县级），以原定县的行政区域为定州市的行政区域,县、市,county_level,河北省：撤销定县，设立定州市（县级），以原定县的行政区域为定州市的行政区域,一九八六年上半年全国县级以上行政区划变更情况,https://cn.govopendata.com/renminribao/1986/7/18/4/,SRC-RMRB-1986-07-18,people_daily_summary,人民日报 1986-07-18 第4版,primary_text,source_text_parsed_review_required
RMRB-COUNTY-1986-07-18-002,1986,河北省 / 1986-01—1986-06,split,,,束鹿县、辛集市、域为辛集市,束鹿县,辛集市,撤销束鹿县，设立辛集市（县级），以原束鹿县的行政区域为辛集市的行政区域,县、市,county_level,河北省：撤销束鹿县，设立辛集市（县级），以原束鹿县的行政区域为辛集市的行政区域,一九八六年上半年全国县级以上行政区划变更情况,https://cn.govopendata.com/renminribao/1986/7/18/4/,SRC-RMRB-1986-07-18,people_daily_summary,人民日报 1986-07-18 第4版,primary_text,source_text_parsed_review_required
RMRB-COUNTY-1986-07-18-003,1986,河北省 / 1986-01—1986-06,split,,,南宫县、南宫市、域为南宫市,南宫县,南宫市,撤销南宫县，设立南宫市（县级），以原南宫县的行政区域为南宫市的行政区域,县、市,county_level,河北省：撤销南宫县，设立南宫市（县级），以原南宫县的行政区域为南宫市的行政区域,一九八六年上半年全国县级以上行政区划变更情况,https://cn.govopendata.com/renminribao/1986/7/18/4/,SRC-RMRB-1986-07-18,people_daily_summary,人民日报 1986-07-18 第4版,primary_text,source_text_parsed_review_required
RMRB-COUNTY-1986-07-18-004,1986,河北省 / 1986-01—1986-06,split,,,任丘县、任丘市、域为任丘市,任丘县,任丘市,撤销任丘县，设立任丘市（县级），以原任丘县的行政区域为任丘市的行政区域,县、市,county_level,河北省：撤销任丘县，设立任丘市（县级），以原任丘县的行政区域为任丘市的行政区域,一九八六年上半年全国县级以上行政区划变更情况,https://cn.govopendata.com/renminribao/1986/7/18/4/,SRC-RMRB-1986-07-18,people_daily_summary,人民日报 1986-07-18 第4版,primary_text,source_text_parsed_review_required
RMRB-COUNTY-1986-07-18-005,1986,河北省 / 1986-01—1986-06,jurisdiction_transfer,石家庄地区、石家庄市,CNUR-000003、CNUR-000350,栾城两县,栾城两县,石家庄市,将石家庄地区的正定、栾城两县划归石家庄市领导,县,county_level,河北省：将石家庄地区的正定、栾城两县划归石家庄市领导,一九八六年上半年全国县级以上行政区划变更情况,https://cn.govopendata.com/renminribao/1986/7/18/4/,SRC-RMRB-1986-07-18,people_daily_summary,人民日报 1986-07-18 第4版,primary_text,source_text_parsed_review_required
RMRB-COUNTY-1986-07-18-006,1986,河北省 / 1986-01—1986-06,jurisdiction_transfer,邯郸地区、邯郸市,CNUR-000006、CNUR-000353,武安县,武安县,邯郸市,将邯郸地区的武安县划归邯郸市领导,县,county_level,河北省：将邯郸地区的武安县划归邯郸市领导,一九八六年上半年全国县级以上行政区划变更情况,https://cn.govopendata.com/renminribao/1986/7/18/4/,SRC-RMRB-1986-07-18,people_daily_summary,人民日报 1986-07-18 第4版,primary_text,source_text_parsed_review_required
RMRB-COUNTY-1986-07-18-007,1986,河北省 / 1986-01—1986-06,jurisdiction_transfer,保定地区、保定市,CNUR-000008、CNUR-000356,清苑县,清苑县,保定市,将保定地区的清苑县划归保定市领导,县,county_level,河北省：将保定地区的清苑县划归保定市领导,一九八六年上半年全国县级以上行政区划变更情况,https://cn.govopendata.com/renminribao/1986/7/18/4/,SRC-RMRB-1986-07-18,people_daily_summary,人民日报 1986-07-18 第4版,primary_text,source_text_parsed_review_required
RMRB-COUNTY-1986-07-18-008,1986,河北省 / 1986-01—1986-06,jurisdiction_transfer,沧州地区、沧州市,CNUR-000011、CNUR-000352,青县,青县,沧州市,将沧州地区的青县划归沧州市领导,县,county_level,河北省：将沧州地区的青县划归沧州市领导,一九八六年上半年全国县级以上行政区划变更情况,https://cn.govopendata.com/renminribao/1986/7/18/4/,SRC-RMRB-1986-07-18,people_daily_summary,人民日报 1986-07-18 第4版,primary_text,source_text_parsed_review_required
RMRB-COUNTY-1986-07-18-009,1986,河北省 / 1986-01—1986-06,jurisdiction_transfer,邢台地区、邢台市,CNUR-000007、CNUR-000354,邢台县,邢台县,邢台市,将邢台地区的邢台县划归邢台市领导,县,county_level,河北省：将邢台地区的邢台县划归邢台市领导,一九八六年上半年全国县级以上行政区划变更情况,https://cn.govopendata.com/renminribao/1986/7/18/4/,SRC-RMRB-1986-07-18,people_daily_summary,人民日报 1986-07-18 第4版,primary_text,source_text_parsed_review_required
RMRB-COUNTY-1986-07-18-010,1986,河北省 / 1986-01—1986-06,abolish,邯郸市,CNUR-000006,郊区,郊区,,撤销邯郸市郊区,区,county_level,河北省：撤销邯郸市郊区,一九八六年上半年全国县级以上行政区划变更情况,https://cn.govopendata.com/renminribao/1986/7/18/4/,SRC-RMRB-1986-07-18,people_daily_summary,人民日报 1986-07-18 第4版,primary_text,source_text_parsed_review_required
RMRB-COUNTY-1986-07-18-011,1986,江苏省 / 1986-01—1986-06,split,,,仪征县、仪征市、域为仪征市,仪征县,仪征市,撤销仪征县，设立仪征市（县级），以原仪征县的行政区域为仪征市的行政区域,县、市,county_level,江苏省：撤销仪征县，设立仪征市（县级），以原仪征县的行政区域为仪征市的行政区域,一九八六年上半年全国县级以上行政区划变更情况,https://cn.govopendata.com/renminribao/1986/7/18/4/,SRC-RMRB-1986-07-18,people_daily_summary,人民日报 1986-07-18 第4版,primary_text,source_text_parsed_review_required
RMRB-COUNTY-1986-07-18-012,1986,江苏省 / 1986-01—1986-06,split,连云港市,CNUR-000080,新海区、海州两区,,海州两区,将连云港市新海区划分为新浦、海州两区,区,county_level,江苏省：将连云港市新海区划分为新浦、海州两区,一九八六年上半年全国县级以上行政区划变更情况,https://cn.govopendata.com/renminribao/1986/7/18/4/,SRC-RMRB-1986-07-18,people_daily_summary,人民日报 1986-07-18 第4版,primary_text,source_text_parsed_review_required
RMRB-COUNTY-1986-07-18-013,1986,浙江省 / 1986-01—1986-06,split,丽水市,CNUR-000097,丽水县、域为丽水市,丽水县,丽水市,撤销丽水县，设立丽水市（县级），以原丽水县的行政区域为丽水市的行政区域,县、市,county_level,浙江省：撤销丽水县，设立丽水市（县级），以原丽水县的行政区域为丽水市的行政区域,一九八六年上半年全国县级以上行政区划变更情况,https://cn.govopendata.com/renminribao/1986/7/18/4/,SRC-RMRB-1986-07-18,people_daily_summary,人民日报 1986-07-18 第4版,primary_text,source_text_parsed_review_required
RMRB-COUNTY-1986-07-18-014,1986,浙江省 / 1986-01—1986-06,split,,,临海县、临海市、域为临海市,临海县,临海市,撤销临海县，设立临海市（县级），以原临海县的行政区域为临海市的行政区域,县、市,county_level,浙江省：撤销临海县，设立临海市（县级），以原临海县的行政区域为临海市的行政区域,一九八六年上半年全国县级以上行政区划变更情况,https://cn.govopendata.com/renminribao/1986/7/18/4/,SRC-RMRB-1986-07-18,people_daily_summary,人民日报 1986-07-18 第4版,primary_text,source_text_parsed_review_required
RMRB-COUNTY-1986-07-18-015,1986,安徽省 / 1986-01—1986-06,split,亳州市,CNUR-000112,亳县、域为亳州市,亳县,亳州市,撤销亳县，设立亳州市（县级），以原亳县的行政区域为亳州市的行政区域。,县、市,county_level,安徽省：撤销亳县，设立亳州市（县级），以原亳县的行政区域为亳州市的行政区域。,一九八六年上半年全国县级以上行政区划变更情况,https://cn.govopendata.com/renminribao/1986/7/18/4/,SRC-RMRB-1986-07-18,people_daily_summary,人民日报 1986-07-18 第4版,primary_text,source_text_parsed_review_required
RMRB-COUNTY-1986-07-18-016,1986,山东省 / 1986-01—1986-06,split,,,益都县、青州市、域为青州市,益都县,青州市,撤销益都县，设立青州市（县级），以原益都县的行政区域为青州市的行政区域,县、市,county_level,山东省：撤销益都县，设立青州市（县级），以原益都县的行政区域为青州市的行政区域,一九八六年上半年全国县级以上行政区划变更情况,https://cn.govopendata.com/renminribao/1986/7/18/4/,SRC-RMRB-1986-07-18,people_daily_summary,人民日报 1986-07-18 第4版,primary_text,source_text_parsed_review_required
RMRB-COUNTY-1986-07-18-017,1986,山东省 / 1986-01—1986-06,split,,,曲阜县、曲阜市、域为曲阜市,曲阜县,曲阜市,撤销曲阜县，设立曲阜市（县级），以原曲阜县的行政区域为曲阜市的行政区域,县、市,county_level,山东省：撤销曲阜县，设立曲阜市（县级），以原曲阜县的行政区域为曲阜市的行政区域,一九八六年上半年全国县级以上行政区划变更情况,https://cn.govopendata.com/renminribao/1986/7/18/4/,SRC-RMRB-1986-07-18,people_daily_summary,人民日报 1986-07-18 第4版,primary_text,source_text_parsed_review_required
RMRB-COUNTY-1986-07-18-018,1986,河南省 / 1986-01—1986-06,jurisdiction_transfer,新乡市、焦作市,CNUR-000158、CNUR-000159,辉县、封丘五县、温县、孟县、济源五县,辉县、封丘五县,新乡市,撤销新乡地区，将辉县、获嘉、原阳、延津、封丘五县划归新乡市管辖；将武陟、沁阳、温县、孟县、济源五县划归焦作市管辖,县,county_level,河南省：撤销新乡地区，将辉县、获嘉、原阳、延津、封丘五县划归新乡市管辖；将武陟、沁阳、温县、孟县、济源五县划归焦作市管辖,一九八六年上半年全国县级以上行政区划变更情况,https://cn.govopendata.com/renminribao/1986/7/18/4/,SRC-RMRB-1986-07-18,people_daily_summary,人民日报 1986-07-18 第4版,primary_text,source_text_parsed_review_required
RMRB-COUNTY-1986-07-18-019,1986,河南省 / 1986-01—1986-06,jurisdiction_transfer,平顶山市、漯河市、许昌市,CNUR-000155、CNUR-000161、CNUR-000162,漯河两市、升为地级市、禹县、鄢陵四县、郾城三县、郏县、襄城两县,禹县、鄢陵四县,许昌市,撤销许昌地区，许昌、漯河两市升为地级市。将禹县、长葛、许昌、鄢陵四县划归许昌市管辖；将舞阳、临颍、郾城三县划归漯河市管辖；将郏县、襄城两县划归平顶山市管辖,县、市,county_level,河南省：撤销许昌地区，许昌、漯河两市升为地级市。将禹县、长葛、许昌、鄢陵四县划归许昌市管辖；将舞阳、临颍、郾城三县划归漯河市管辖；将郏县、襄城两县划归平顶山市管辖,一九八六年上半年全国县级以上行政区划变更情况,https://cn.govopendata.com/renminribao/1986/7/18/4/,SRC-RMRB-1986-07-18,people_daily_summary,人民日报 1986-07-18 第4版,primary_text,source_text_parsed_review_required
RMRB-COUNTY-1986-07-18-020,1986,河南省 / 1986-01—1986-06,jurisdiction_transfer,三门峡市、平顶山市、洛阳市,CNUR-000154、CNUR-000155、CNUR-000163,升为地级市、陕县、卢氏四县、义马市、嵩县、伊川六县、临汝县,陕县、卢氏四县,三门峡市,撤销洛阳地区，三门峡市升为地级市，将渑池、陕县、灵宝、卢氏四县划归三门峡市管辖，义马市（县级）由三门峡市代管；将栾川、嵩县、汝阳、宜阳、洛宁、伊川六县划归洛阳市管辖；将临汝县划归平顶山市管辖,县、市,county_level,河南省：撤销洛阳地区，三门峡市升为地级市，将渑池、陕县、灵宝、卢氏四县划归三门峡市管辖，义马市（县级）由三门峡市代管；将栾川、嵩县、汝阳、宜阳、洛宁、伊川六县划归洛阳市管辖；将临汝县划归平顶山市管辖,一九八六年上半年全国县级以上行政区划变更情况,https://cn.govopendata.com/renminribao/1986/7/18/4/,SRC-RMRB-1986-07-18,people_daily_summary,人民日报 1986-07-18 第4版,primary_text,source_text_parsed_review_required
RMRB-COUNTY-1986-07-18-021,1986,河南省 / 1986-01—1986-06,jurisdiction_transfer,安阳市、鹤壁市,CNUR-000156、CNUR-000157,浚县、淇县,安阳市、浚县、淇县,鹤壁市,将安阳市的浚县、淇县划归鹤壁市管辖,县,county_level,河南省：将安阳市的浚县、淇县划归鹤壁市管辖,一九八六年上半年全国县级以上行政区划变更情况,https://cn.govopendata.com/renminribao/1986/7/18/4/,SRC-RMRB-1986-07-18,people_daily_summary,人民日报 1986-07-18 第4版,primary_text,source_text_parsed_review_required
RMRB-COUNTY-1986-07-18-022,1986,河南省 / 1986-01—1986-06,jurisdiction_transfer,安阳市、新乡市、濮阳市,CNUR-000156、CNUR-000158、CNUR-000160,滑县、内黄两县、长垣县,濮阳市、滑县、内黄两县,安阳市,将濮阳市的滑县、内黄两县划归安阳市管辖；将长垣县划归新乡市管辖,县,county_level,河南省：将濮阳市的滑县、内黄两县划归安阳市管辖；将长垣县划归新乡市管辖,一九八六年上半年全国县级以上行政区划变更情况,https://cn.govopendata.com/renminribao/1986/7/18/4/,SRC-RMRB-1986-07-18,people_daily_summary,人民日报 1986-07-18 第4版,primary_text,source_text_parsed_review_required
RMRB-COUNTY-1986-07-18-023,1986,河南省 / 1986-01—1986-06,split,许昌市,CNUR-000161,魏都区,,,许昌市设立魏都区,区,county_level,河南省：许昌市设立魏都区,一九八六年上半年全国县级以上行政区划变更情况,https://cn.govopendata.com/renminribao/1986/7/18/4/,SRC-RMRB-1986-07-18,people_daily_summary,人民日报 1986-07-18 第4版,primary_text,source_text_parsed_review_required
RMRB-COUNTY-1986-07-18-024,1986,河南省 / 1986-01—1986-06,split,漯河市,CNUR-000162,源汇区,,,漯河市设立源汇区,区,county_level,河南省：漯河市设立源汇区,一九八六年上半年全国县级以上行政区划变更情况,https://cn.govopendata.com/renminribao/1986/7/18/4/,SRC-RMRB-1986-07-18,people_daily_summary,人民日报 1986-07-18 第4版,primary_text,source_text_parsed_review_required
RMRB-COUNTY-1986-07-18-025,1986,河南省 / 1986-01—1986-06,split,三门峡市,CNUR-000163,湖滨区,,,三门峡市设立湖滨区,区,county_level,河南省：三门峡市设立湖滨区,一九八六年上半年全国县级以上行政区划变更情况,https://cn.govopendata.com/renminribao/1986/7/18/4/,SRC-RMRB-1986-07-18,people_daily_summary,人民日报 1986-07-18 第4版,primary_text,source_text_parsed_review_required
RMRB-COUNTY-1986-07-18-026,1986,湖北省 / 1986-01—1986-06,split,,,应城县、应城市、域为应城市,应城县,应城市,撤销应城县，设立应城市（县级），以原应城县的行政区域为应城市的行政区域,县、市,county_level,湖北省：撤销应城县，设立应城市（县级），以原应城县的行政区域为应城市的行政区域,一九八六年上半年全国县级以上行政区划变更情况,https://cn.govopendata.com/renminribao/1986/7/18/4/,SRC-RMRB-1986-07-18,people_daily_summary,人民日报 1986-07-18 第4版,primary_text,source_text_parsed_review_required
RMRB-COUNTY-1986-07-18-027,1986,湖北省 / 1986-01—1986-06,split,,,蒲圻县、蒲圻市、域为蒲圻市,蒲圻县,蒲圻市,撤销蒲圻县，设立蒲圻市（县级），以原蒲圻县的行政区域为蒲圻市的行政区域,县、市,county_level,湖北省：撤销蒲圻县，设立蒲圻市（县级），以原蒲圻县的行政区域为蒲圻市的行政区域,一九八六年上半年全国县级以上行政区划变更情况,https://cn.govopendata.com/renminribao/1986/7/18/4/,SRC-RMRB-1986-07-18,people_daily_summary,人民日报 1986-07-18 第4版,primary_text,source_text_parsed_review_required
RMRB-COUNTY-1986-07-18-028,1986,湖北省 / 1986-01—1986-06,split,,,沔阳县、仙桃市、域为仙桃市,沔阳县,仙桃市,撤销沔阳县，设立仙桃市（县级），以原沔阳县的行政区域为仙桃市的行政区域,县、市,county_level,湖北省：撤销沔阳县，设立仙桃市（县级），以原沔阳县的行政区域为仙桃市的行政区域,一九八六年上半年全国县级以上行政区划变更情况,https://cn.govopendata.com/renminribao/1986/7/18/4/,SRC-RMRB-1986-07-18,people_daily_summary,人民日报 1986-07-18 第4版,primary_text,source_text_parsed_review_required
RMRB-COUNTY-1986-07-18-029,1986,湖北省 / 1986-01—1986-06,split,,,石首县、石首市、域为石首市,石首县,石首市,撤销石首县，设立石首市（县级），以原石首县的行政区域为石首市的行政区域,县、市,county_level,湖北省：撤销石首县，设立石首市（县级），以原石首县的行政区域为石首市的行政区域,一九八六年上半年全国县级以上行政区划变更情况,https://cn.govopendata.com/renminribao/1986/7/18/4/,SRC-RMRB-1986-07-18,people_daily_summary,人民日报 1986-07-18 第4版,primary_text,source_text_parsed_review_required
RMRB-COUNTY-1986-07-18-030,1986,湖北省 / 1986-01—1986-06,split,,,麻城县、麻城市、域为麻城市,麻城县,麻城市,撤销麻城县，设立麻城市（县级），以原麻城县的行政区域为麻城市的行政区域,县、市,county_level,湖北省：撤销麻城县，设立麻城市（县级），以原麻城县的行政区域为麻城市的行政区域,一九八六年上半年全国县级以上行政区划变更情况,https://cn.govopendata.com/renminribao/1986/7/18/4/,SRC-RMRB-1986-07-18,people_daily_summary,人民日报 1986-07-18 第4版,primary_text,source_text_parsed_review_required
RMRB-COUNTY-1986-07-18-031,1986,湖北省 / 1986-01—1986-06,split,,,利川县、利川市、域为利川市,利川县,利川市,撤销利川县，设立利川市（县级），以原利川县的行政区域为利川市的行政区域,县、市,county_level,湖北省：撤销利川县，设立利川市（县级），以原利川县的行政区域为利川市的行政区域,一九八六年上半年全国县级以上行政区划变更情况,https://cn.govopendata.com/renminribao/1986/7/18/4/,SRC-RMRB-1986-07-18,people_daily_summary,人民日报 1986-07-18 第4版,primary_text,source_text_parsed_review_required
RMRB-COUNTY-1986-07-18-032,1986,湖南省 / 1986-01—1986-06,jurisdiction_transfer,岳阳市,CNUR-000187,平江五县,平江五县,岳阳市,撤销岳阳地区，将临湘、华容、湘阴、汨罗、平江五县划归岳阳市管辖,县,county_level,湖南省：撤销岳阳地区，将临湘、华容、湘阴、汨罗、平江五县划归岳阳市管辖,一九八六年上半年全国县级以上行政区划变更情况,https://cn.govopendata.com/renminribao/1986/7/18/4/,SRC-RMRB-1986-07-18,people_daily_summary,人民日报 1986-07-18 第4版,primary_text,source_text_parsed_review_required
RMRB-COUNTY-1986-07-18-033,1986,湖南省 / 1986-01—1986-06,jurisdiction_transfer,邵阳市,CNUR-000186,新宁县、城步苗族自治县、七县,新宁县、城步苗族自治县、七县,邵阳市,撤销邵阳地区，将邵阳、隆回、洞口、武冈、绥宁、新宁县和城步苗族自治县七县划归邵阳市管辖,县、自治县,county_level,湖南省：撤销邵阳地区，将邵阳、隆回、洞口、武冈、绥宁、新宁县和城步苗族自治县七县划归邵阳市管辖,一九八六年上半年全国县级以上行政区划变更情况,https://cn.govopendata.com/renminribao/1986/7/18/4/,SRC-RMRB-1986-07-18,people_daily_summary,人民日报 1986-07-18 第4版,primary_text,source_text_parsed_review_required
RMRB-COUNTY-1986-07-18-034,1986,广东省 / 1986-01—1986-06,residence_change,肇庆市,CNUR-000205,高要县、人民政府驻地由肇庆市,,,高要县人民政府驻地由肇庆市迁至南岸镇,县、市,county_level,广东省：高要县人民政府驻地由肇庆市迁至南岸镇,一九八六年上半年全国县级以上行政区划变更情况,https://cn.govopendata.com/renminribao/1986/7/18/4/,SRC-RMRB-1986-07-18,people_daily_summary,人民日报 1986-07-18 第4版,primary_text,source_text_parsed_review_required
RMRB-COUNTY-1986-07-18-035,1986,广东省 / 1986-01—1986-06,county_change,海口市,CNUR-000231,升为地级市,,,海口市升为地级市,市,county_level,广东省：海口市升为地级市,一九八六年上半年全国县级以上行政区划变更情况,https://cn.govopendata.com/renminribao/1986/7/18/4/,SRC-RMRB-1986-07-18,people_daily_summary,人民日报 1986-07-18 第4版,primary_text,source_text_parsed_review_required
RMRB-COUNTY-1986-07-18-036,1986,广东省 / 1986-01—1986-06,jurisdiction_transfer,,,通什市、乐东三县,通什市,乐东三县,设立通什市（县级），以保亭、琼中、乐东三县的部分行政区域，为通什市的行政区域。通什市由海南黎族苗族自治州领导,县、市,county_level,广东省：设立通什市（县级），以保亭、琼中、乐东三县的部分行政区域，为通什市的行政区域。通什市由海南黎族苗族自治州领导,一九八六年上半年全国县级以上行政区划变更情况,https://cn.govopendata.com/renminribao/1986/7/18/4/,SRC-RMRB-1986-07-18,people_daily_summary,人民日报 1986-07-18 第4版,primary_text,source_text_parsed_review_required
RMRB-COUNTY-1986-07-18-037,1986,四川省 / 1986-01—1986-06,merge,,,西昌县,西昌县,西昌市,撤销西昌县，将其行政区域并入西昌市。,县,county_level,四川省：撤销西昌县，将其行政区域并入西昌市。,一九八六年上半年全国县级以上行政区划变更情况,https://cn.govopendata.com/renminribao/1986/7/18/4/,SRC-RMRB-1986-07-18,people_daily_summary,人民日报 1986-07-18 第4版,primary_text,source_text_parsed_review_required
RMRB-COUNTY-1986-07-18-038,1986,西藏自治区 / 1986-01—1986-06,rename,,,穷结县、改为琼结县,穷结县,琼结县,将穷结县改为琼结县。,县,county_level,西藏自治区：将穷结县改为琼结县。,一九八六年上半年全国县级以上行政区划变更情况,https://cn.govopendata.com/renminribao/1986/7/18/4/,SRC-RMRB-1986-07-18,people_daily_summary,人民日报 1986-07-18 第4版,primary_text,source_text_parsed_review_required
RMRB-COUNTY-1986-07-18-039,1986,青海省 / 1986-01—1986-06,split,西宁市,CNUR-000313,城西区、城北两个区,,城北两个区,将西宁市原城西区分设为城西、城北两个区,区,county_level,青海省：将西宁市原城西区分设为城西、城北两个区,一九八六年上半年全国县级以上行政区划变更情况,https://cn.govopendata.com/renminribao/1986/7/18/4/,SRC-RMRB-1986-07-18,people_daily_summary,人民日报 1986-07-18 第4版,primary_text,source_text_parsed_review_required
RMRB-COUNTY-1986-07-18-040,1986,青海省 / 1986-01—1986-06,abolish,西宁市,CNUR-000313,郊区,郊区,,撤销西宁市郊区,区,county_level,青海省：撤销西宁市郊区,一九八六年上半年全国县级以上行政区划变更情况,https://cn.govopendata.com/renminribao/1986/7/18/4/,SRC-RMRB-1986-07-18,people_daily_summary,人民日报 1986-07-18 第4版,primary_text,source_text_parsed_review_required
RMRB-COUNTY-1986-07-18-041,1986,新疆维吾尔自治区 / 1986-01—1986-06,split,,,阿图什县、阿图什市、域为阿图什市,阿图什县,阿图什市,撤销阿图什县，设立阿图什市（县级），以原阿图什县的行政区域为阿图什市的行政区域。,县、市,county_level,新疆维吾尔自治区：撤销阿图什县，设立阿图什市（县级），以原阿图什县的行政区域为阿图什市的行政区域。,一九八六年上半年全国县级以上行政区划变更情况,https://cn.govopendata.com/renminribao/1986/7/18/4/,SRC-RMRB-1986-07-18,people_daily_summary,人民日报 1986-07-18 第4版,primary_text,source_text_parsed_review_required
RMRB-COUNTY-1987-02-10-001,1986,北京市 / 1986-07—1986-12,split,,,房山县、燕山区、房山区、域为房山区,房山县、燕山区,房山区,撤销房山县和燕山区，设立房山区，以原房山县和燕山区的行政区域为房山区的行政区域。,区、县,county_level,北京市：撤销房山县和燕山区，设立房山区，以原房山县和燕山区的行政区域为房山区的行政区域。,1986年下半年全国县级以上行政区划变更情况,https://cn.govopendata.com/renminribao/1987/2/10/4/,SRC-RMRB-1987-02-10,people_daily_summary,人民日报 1987-02-10 第4版,primary_text,source_text_parsed_review_required
RMRB-COUNTY-1987-02-10-002,1986,河北省 / 1986-07—1986-12,split,,,涿县、涿州市、域为涿州市,涿县,涿州市,撤销涿县，设立涿州市（县级），以原涿县的行政区域为涿州市的行政区域,县、市,county_level,河北省：撤销涿县，设立涿州市（县级），以原涿县的行政区域为涿州市的行政区域,1986年下半年全国县级以上行政区划变更情况,https://cn.govopendata.com/renminribao/1987/2/10/4/,SRC-RMRB-1987-02-10,people_daily_summary,人民日报 1987-02-10 第4版,primary_text,source_text_parsed_review_required
RMRB-COUNTY-1987-02-10-003,1986,河北省 / 1986-07—1986-12,split,,,青龙县、青龙满族自治县、域为青龙满族自治县,青龙县,青龙满族自治县,撤销青龙县，设立青龙满族自治县，以原青龙县的行政区域为青龙满族自治县的行政区域,县、自治县,county_level,河北省：撤销青龙县，设立青龙满族自治县，以原青龙县的行政区域为青龙满族自治县的行政区域,1986年下半年全国县级以上行政区划变更情况,https://cn.govopendata.com/renminribao/1987/2/10/4/,SRC-RMRB-1987-02-10,people_daily_summary,人民日报 1987-02-10 第4版,primary_text,source_text_parsed_review_required
RMRB-COUNTY-1987-02-10-004,1986,河北省 / 1986-07—1986-12,split,,,丰宁县、丰宁满族自治县、域为丰宁满族自治县,丰宁县,丰宁满族自治县,撤销丰宁县，设立丰宁满族自治县，以原丰宁县的行政区域为丰宁满族自治县的行政区域,县、自治县,county_level,河北省：撤销丰宁县，设立丰宁满族自治县，以原丰宁县的行政区域为丰宁满族自治县的行政区域,1986年下半年全国县级以上行政区划变更情况,https://cn.govopendata.com/renminribao/1987/2/10/4/,SRC-RMRB-1987-02-10,people_daily_summary,人民日报 1987-02-10 第4版,primary_text,source_text_parsed_review_required
RMRB-COUNTY-1987-02-10-005,1986,内蒙古自治区 / 1986-07—1986-12,merge,通辽市,CNUR-000029,通辽县,通辽县,通辽市,撤销通辽县，将其行政区域并入通辽市。,县,county_level,内蒙古自治区：撤销通辽县，将其行政区域并入通辽市。,1986年下半年全国县级以上行政区划变更情况,https://cn.govopendata.com/renminribao/1987/2/10/4/,SRC-RMRB-1987-02-10,people_daily_summary,人民日报 1987-02-10 第4版,primary_text,source_text_parsed_review_required
RMRB-COUNTY-1987-02-10-006,1986,辽宁省 / 1986-07—1986-12,abolish,铁岭市,CNUR-000048,铁法区、铁法市、域为铁法市,铁法区,,撤销铁岭市铁法区，恢复铁法市（县级），以原铁法区的行政区域为铁法市的行政区域,区、市,county_level,辽宁省：撤销铁岭市铁法区，恢复铁法市（县级），以原铁法区的行政区域为铁法市的行政区域,1986年下半年全国县级以上行政区划变更情况,https://cn.govopendata.com/renminribao/1987/2/10/4/,SRC-RMRB-1987-02-10,people_daily_summary,人民日报 1987-02-10 第4版,primary_text,source_text_parsed_review_required
RMRB-COUNTY-1987-02-10-007,1986,辽宁省 / 1986-07—1986-12,abolish,盘锦市,CNUR-000047,郊区、盘山县、域为盘山县,郊区,,撤销盘锦市郊区，恢复盘山县，以原盘锦市郊区的行政区域为盘山县的行政区域,区、县,county_level,辽宁省：撤销盘锦市郊区，恢复盘山县，以原盘锦市郊区的行政区域为盘山县的行政区域,1986年下半年全国县级以上行政区划变更情况,https://cn.govopendata.com/renminribao/1987/2/10/4/,SRC-RMRB-1987-02-10,people_daily_summary,人民日报 1987-02-10 第4版,primary_text,source_text_parsed_review_required
RMRB-COUNTY-1987-02-10-008,1986,辽宁省 / 1986-07—1986-12,rename,盘锦市,CNUR-000047,盘山区、更名为双台子区,盘锦市、盘山区,双台子区,将盘锦市盘山区更名为双台子区,区,county_level,辽宁省：将盘锦市盘山区更名为双台子区,1986年下半年全国县级以上行政区划变更情况,https://cn.govopendata.com/renminribao/1987/2/10/4/,SRC-RMRB-1987-02-10,people_daily_summary,人民日报 1987-02-10 第4版,primary_text,source_text_parsed_review_required
RMRB-COUNTY-1987-02-10-009,1986,辽宁省 / 1986-07—1986-12,split,,,兴城县、兴城市、域为兴城市,兴城县,兴城市,撤销兴城县，设立兴城市（县级），以原兴城县的行政区域为兴城市的行政区域,县、市,county_level,辽宁省：撤销兴城县，设立兴城市（县级），以原兴城县的行政区域为兴城市的行政区域,1986年下半年全国县级以上行政区划变更情况,https://cn.govopendata.com/renminribao/1987/2/10/4/,SRC-RMRB-1987-02-10,people_daily_summary,人民日报 1987-02-10 第4版,primary_text,source_text_parsed_review_required
RMRB-COUNTY-1987-02-10-010,1986,吉林省 / 1986-07—1986-12,split,通化市,CNUR-000055,东昌区、二道江区,,二道江区,通化市设立东昌区、二道江区,区,county_level,吉林省：通化市设立东昌区、二道江区,1986年下半年全国县级以上行政区划变更情况,https://cn.govopendata.com/renminribao/1987/2/10/4/,SRC-RMRB-1987-02-10,people_daily_summary,人民日报 1987-02-10 第4版,primary_text,source_text_parsed_review_required
RMRB-COUNTY-1987-02-10-011,1986,吉林省 / 1986-07—1986-12,split,浑江市,CNUR-000056,八道江区、临江区、三岔子区,,临江区,浑江市设立八道江区、临江区、三岔子区,区,county_level,吉林省：浑江市设立八道江区、临江区、三岔子区,1986年下半年全国县级以上行政区划变更情况,https://cn.govopendata.com/renminribao/1987/2/10/4/,SRC-RMRB-1987-02-10,people_daily_summary,人民日报 1987-02-10 第4版,primary_text,source_text_parsed_review_required
RMRB-COUNTY-1987-02-10-012,1986,黑龙江省 / 1986-07—1986-12,split,,,镜泊湖市、宁安县、域为镜泊湖市,,宁安县,设立镜泊湖市（县级），以原宁安县的部分行政区域为镜泊湖市的行政区域，市政府驻渤海镇,县、市,county_level,黑龙江省：设立镜泊湖市（县级），以原宁安县的部分行政区域为镜泊湖市的行政区域，市政府驻渤海镇,1986年下半年全国县级以上行政区划变更情况,https://cn.govopendata.com/renminribao/1987/2/10/4/,SRC-RMRB-1987-02-10,people_daily_summary,人民日报 1987-02-10 第4版,primary_text,source_text_parsed_review_required
RMRB-COUNTY-1987-02-10-013,1986,黑龙江省 / 1986-07—1986-12,split,,,肇东县、肇东市、域为肇东市,肇东县,肇东市,撤销肇东县，设立肇东市（县级），以原肇东县的行政区域为肇东市的行政区域,县、市,county_level,黑龙江省：撤销肇东县，设立肇东市（县级），以原肇东县的行政区域为肇东市的行政区域,1986年下半年全国县级以上行政区划变更情况,https://cn.govopendata.com/renminribao/1987/2/10/4/,SRC-RMRB-1987-02-10,people_daily_summary,人民日报 1987-02-10 第4版,primary_text,source_text_parsed_review_required
RMRB-COUNTY-1987-02-10-014,1986,江苏省 / 1986-07—1986-12,split,,,沙洲县、张家港市、域为张家港市,沙洲县,张家港市,撤销沙洲县，设立张家港市（县级），以原沙洲县的行政区域为张家港市的行政区域，市人民政府驻杨舍镇,县、市,county_level,江苏省：撤销沙洲县，设立张家港市（县级），以原沙洲县的行政区域为张家港市的行政区域，市人民政府驻杨舍镇,1986年下半年全国县级以上行政区划变更情况,https://cn.govopendata.com/renminribao/1987/2/10/4/,SRC-RMRB-1987-02-10,people_daily_summary,人民日报 1987-02-10 第4版,primary_text,source_text_parsed_review_required
RMRB-COUNTY-1987-02-10-015,1986,江苏省 / 1986-07—1986-12,jurisdiction_transfer,常州市,CNUR-000077,广化区、天宁区,广化区,钟楼区、天宁区,常州市撤销广化区，将原广化区的行政区域分别划归钟楼区和天宁区,区,county_level,江苏省：常州市撤销广化区，将原广化区的行政区域分别划归钟楼区和天宁区,1986年下半年全国县级以上行政区划变更情况,https://cn.govopendata.com/renminribao/1987/2/10/4/,SRC-RMRB-1987-02-10,people_daily_summary,人民日报 1987-02-10 第4版,primary_text,source_text_parsed_review_required
RMRB-COUNTY-1987-02-10-016,1986,浙江省 / 1986-07—1986-12,split,,,海宁县、海宁市、域为海宁市,海宁县,海宁市,撤销海宁县，设立海宁市（县级），以原海宁县的行政区域为海宁市的行政区域。,县、市,county_level,浙江省：撤销海宁县，设立海宁市（县级），以原海宁县的行政区域为海宁市的行政区域。,1986年下半年全国县级以上行政区划变更情况,https://cn.govopendata.com/renminribao/1987/2/10/4/,SRC-RMRB-1987-02-10,people_daily_summary,人民日报 1987-02-10 第4版,primary_text,source_text_parsed_review_required
RMRB-COUNTY-1987-02-10-017,1986,山东省 / 1986-07—1986-12,split,,,黄县、龙口市、域为龙口市,黄县,龙口市,撤销黄县，设立龙口市（县级），以原黄县的行政区域为龙口市的行政区域，市人民政府驻龙口。,县、市,county_level,山东省：撤销黄县，设立龙口市（县级），以原黄县的行政区域为龙口市的行政区域，市人民政府驻龙口。,1986年下半年全国县级以上行政区划变更情况,https://cn.govopendata.com/renminribao/1987/2/10/4/,SRC-RMRB-1987-02-10,people_daily_summary,人民日报 1987-02-10 第4版,primary_text,source_text_parsed_review_required
RMRB-COUNTY-1987-02-10-018,1986,湖北省 / 1986-07—1986-12,split,宜昌市,CNUR-000172,西陵区、伍家岗区、点军区,,伍家岗区,宜昌市设立西陵区、伍家岗区、点军区。,区,county_level,湖北省：宜昌市设立西陵区、伍家岗区、点军区。,1986年下半年全国县级以上行政区划变更情况,https://cn.govopendata.com/renminribao/1987/2/10/4/,SRC-RMRB-1987-02-10,people_daily_summary,人民日报 1987-02-10 第4版,primary_text,source_text_parsed_review_required
RMRB-COUNTY-1987-02-10-019,1986,湖南省 / 1986-07—1986-12,split,,,湘乡县、湘乡市、域为湘乡市,湘乡县,湘乡市,撤销湘乡县，设立湘乡市（县级），以原湘乡县的行政区域为湘乡市的行政区域,县、市,county_level,湖南省：撤销湘乡县，设立湘乡市（县级），以原湘乡县的行政区域为湘乡市的行政区域,1986年下半年全国县级以上行政区划变更情况,https://cn.govopendata.com/renminribao/1987/2/10/4/,SRC-RMRB-1987-02-10,people_daily_summary,人民日报 1987-02-10 第4版,primary_text,source_text_parsed_review_required
RMRB-COUNTY-1987-02-10-020,1986,湖南省 / 1986-07—1986-12,split,,,耒阳县、耒阳市、域为耒阳市,耒阳县,耒阳市,撤销耒阳县，设立耒阳市（县级），以原耒阳县的行政区域为耒阳市的行政区域,县、市,county_level,湖南省：撤销耒阳县，设立耒阳市（县级），以原耒阳县的行政区域为耒阳市的行政区域,1986年下半年全国县级以上行政区划变更情况,https://cn.govopendata.com/renminribao/1987/2/10/4/,SRC-RMRB-1987-02-10,people_daily_summary,人民日报 1987-02-10 第4版,primary_text,source_text_parsed_review_required
RMRB-COUNTY-1987-02-10-021,1986,湖南省 / 1986-07—1986-12,split,,,芷江县、芷江侗族自治县、域为芷江侗族自治县,芷江县,芷江侗族自治县,撤销芷江县，设立芷江侗族自治县，以原芷江县的行政区域为芷江侗族自治县的行政区域,县、自治县,county_level,湖南省：撤销芷江县，设立芷江侗族自治县，以原芷江县的行政区域为芷江侗族自治县的行政区域,1986年下半年全国县级以上行政区划变更情况,https://cn.govopendata.com/renminribao/1987/2/10/4/,SRC-RMRB-1987-02-10,people_daily_summary,人民日报 1987-02-10 第4版,primary_text,source_text_parsed_review_required
RMRB-COUNTY-1987-02-10-022,1986,广西壮族自治区 / 1986-07—1986-12,split,,,环江县、环江毛南族自治县、域为环江毛南族自治县,环江县,环江毛南族自治县,撤销环江县，设立环江毛南族自治县，以原环江县的行政区域为环江毛南族自治县的行政区域。,县、自治县,county_level,广西壮族自治区：撤销环江县，设立环江毛南族自治县，以原环江县的行政区域为环江毛南族自治县的行政区域。,1986年下半年全国县级以上行政区划变更情况,https://cn.govopendata.com/renminribao/1987/2/10/4/,SRC-RMRB-1987-02-10,people_daily_summary,人民日报 1987-02-10 第4版,primary_text,source_text_parsed_review_required
RMRB-COUNTY-1987-02-10-023,1986,贵州省 / 1986-07—1986-12,split,,,务川县、务川仡佬族苗族自治县、域为务川仡佬族苗族自治县,务川县,务川仡佬族苗族自治县,撤销务川县，设立务川仡佬族苗族自治县，以原务川县的行政区域为务川仡佬族苗族自治县的行政区域,县、自治县,county_level,贵州省：撤销务川县，设立务川仡佬族苗族自治县，以原务川县的行政区域为务川仡佬族苗族自治县的行政区域,1986年下半年全国县级以上行政区划变更情况,https://cn.govopendata.com/renminribao/1987/2/10/4/,SRC-RMRB-1987-02-10,people_daily_summary,人民日报 1987-02-10 第4版,primary_text,source_text_parsed_review_required
RMRB-COUNTY-1987-02-10-024,1986,贵州省 / 1986-07—1986-12,split,,,道真县、道真仡佬族苗族自治县、域为道真仡佬族苗族自治县,道真县,道真仡佬族苗族自治县,撤销道真县，设立道真仡佬族苗族自治县，以原道真县的行政区域为道真仡佬族苗族自治县的行政区域,县、自治县,county_level,贵州省：撤销道真县，设立道真仡佬族苗族自治县，以原道真县的行政区域为道真仡佬族苗族自治县的行政区域,1986年下半年全国县级以上行政区划变更情况,https://cn.govopendata.com/renminribao/1987/2/10/4/,SRC-RMRB-1987-02-10,people_daily_summary,人民日报 1987-02-10 第4版,primary_text,source_text_parsed_review_required
RMRB-COUNTY-1987-02-10-025,1986,贵州省 / 1986-07—1986-12,split,,,沿河县、沿河土家族自治县、域为沿河土家族自治县,沿河县,沿河土家族自治县,撤销沿河县，设立沿河土家族自治县，以原沿河县的行政区域为沿河土家族自治县的行政区域,县、自治县,county_level,贵州省：撤销沿河县，设立沿河土家族自治县，以原沿河县的行政区域为沿河土家族自治县的行政区域,1986年下半年全国县级以上行政区划变更情况,https://cn.govopendata.com/renminribao/1987/2/10/4/,SRC-RMRB-1987-02-10,people_daily_summary,人民日报 1987-02-10 第4版,primary_text,source_text_parsed_review_required
RMRB-COUNTY-1987-02-10-026,1986,贵州省 / 1986-07—1986-12,split,,,印江县、印江土家族苗族自治县、域为印江土家族苗族自治县,印江县,印江土家族苗族自治县,撤销印江县，设立印江土家族苗族自治县，以原印江县的行政区域为印江土家族苗族自治县的行政区域,县、自治县,county_level,贵州省：撤销印江县，设立印江土家族苗族自治县，以原印江县的行政区域为印江土家族苗族自治县的行政区域,1986年下半年全国县级以上行政区划变更情况,https://cn.govopendata.com/renminribao/1987/2/10/4/,SRC-RMRB-1987-02-10,people_daily_summary,人民日报 1987-02-10 第4版,primary_text,source_text_parsed_review_required
RMRB-COUNTY-1987-02-10-027,1986,云南省 / 1986-07—1986-12,jurisdiction_transfer,,,碧江县、洛本卓两个区、匹河三个区,碧江县、洛本卓两个区,泸水县,撤销碧江县，将原碧江县的古登、洛本卓两个区划归泸水县，架科底、子里甲、匹河三个区划归福贡县。,区、县,county_level,云南省：撤销碧江县，将原碧江县的古登、洛本卓两个区划归泸水县，架科底、子里甲、匹河三个区划归福贡县。,1986年下半年全国县级以上行政区划变更情况,https://cn.govopendata.com/renminribao/1987/2/10/4/,SRC-RMRB-1987-02-10,people_daily_summary,人民日报 1987-02-10 第4版,primary_text,source_text_parsed_review_required
RMRB-COUNTY-1987-02-10-028,1986,西藏自治区 / 1986-07—1986-12,jurisdiction_transfer,日喀则地区、山南地区,CNUR-000283、CNUR-000286,白朗六县、浪卡子县,白朗六县,白朗六县,撤销江孜地区，将原划归江孜地区所辖的亚东、康马、岗巴、江孜、仁布、白朗六县仍划归日喀则地区；浪卡子县仍划归山南地区,县,county_level,西藏自治区：撤销江孜地区，将原划归江孜地区所辖的亚东、康马、岗巴、江孜、仁布、白朗六县仍划归日喀则地区；浪卡子县仍划归山南地区,1986年下半年全国县级以上行政区划变更情况,https://cn.govopendata.com/renminribao/1987/2/10/4/,SRC-RMRB-1987-02-10,people_daily_summary,人民日报 1987-02-10 第4版,primary_text,source_text_parsed_review_required
RMRB-COUNTY-1987-02-10-029,1986,西藏自治区 / 1986-07—1986-12,split,日喀则市,CNUR-000283,日喀则县、域为日喀则市,日喀则县,日喀则市,撤销日喀则县，设立日喀则市（县级），以原日喀则县的行政区域为日喀则市的行政区域,县、市,county_level,西藏自治区：撤销日喀则县，设立日喀则市（县级），以原日喀则县的行政区域为日喀则市的行政区域,1986年下半年全国县级以上行政区划变更情况,https://cn.govopendata.com/renminribao/1987/2/10/4/,SRC-RMRB-1987-02-10,people_daily_summary,人民日报 1987-02-10 第4版,primary_text,source_text_parsed_review_required
RMRB-COUNTY-1987-02-10-030,1986,陕西省 / 1986-07—1986-12,split,咸阳市,CNUR-000292,渭城区,,,咸阳市设立渭城区。（朱孝庆）,区,county_level,陕西省：咸阳市设立渭城区。（朱孝庆）,1986年下半年全国县级以上行政区划变更情况,https://cn.govopendata.com/renminribao/1987/2/10/4/,SRC-RMRB-1987-02-10,people_daily_summary,人民日报 1987-02-10 第4版,primary_text,source_text_parsed_review_required
XZQH-COUNTY-1983-Q4-001,1983,国务院批复转录 / 1983-10—1983-12,merge,七台河市、佳木斯市,CNUR-000067、CNUR-000068,国务院关于黑龙江省地市、勃利县、宝清县、五大连池市、德都县、焦得布林场等为五大连池市,勃利县,七台河市,10月8日，《国务院关于黑龙江省地市机构改革方案的批复》（(83)国函字213号）同意：一、将合江地区的佳木斯市、七台河市改由省直接领导。二、将合江地区的勃利县划归七台河市管辖；将宝清县的红卫、岚峰两个公社并入七台河市。三、设立五大连池市（县级）。以德都县的五大连池镇及五大连池农场、大庆农场和尾山农场的一个分场以及81112、80301部队农场、焦得布林场等为五大连池市的行政区域。（四、(略)）,县、市,county_level,：10月8日，《国务院关于黑龙江省地市机构改革方案的批复》（(83)国函字213号）同意：一、将合江地区的佳木斯市、七台河市改由省直接领导。二、将合江地区的勃利县划归七台河市管辖；将宝清县的红卫、岚峰两个公社并入七台河市。三、设立五大连池市（县级）。以德都县的五大连池镇及五大连池农场、大庆农场和尾山农场的一个分场以及81112、80301部队农场、焦得布林场等为五大连池市的行政区域。（四、(略)）,1983年行政区划（第7页）,https://www.xzqh.org/html/show/cn/1983_7.html,SRC-XZQH-1983-Q4,secondary_transcription,区划地名网 1983年行政区划 第7页,secondary_transcription,secondary_transcription_review_required
XZQH-COUNTY-1983-Q4-002,1983,国务院批复转录 / 1983-10—1983-12,merge,辽源市,CNUR-000054,国务院关于吉林省恢复东辽县、同意恢复东辽县、合并于辽源市、东辽县、域为东辽县、县人民政府驻辽源市,国务院关于吉林省恢复东辽县,同意恢复东辽县,10月8日，《国务院关于吉林省恢复东辽县的批复》（(83)国函字214号）：同意恢复东辽县，以合并于辽源市的原东辽县的行政区域为东辽县的行政区域，县人民政府驻辽源市。东辽县由辽源市管辖。,县、市,county_level,：10月8日，《国务院关于吉林省恢复东辽县的批复》（(83)国函字214号）：同意恢复东辽县，以合并于辽源市的原东辽县的行政区域为东辽县的行政区域，县人民政府驻辽源市。东辽县由辽源市管辖。,1983年行政区划（第7页）,https://www.xzqh.org/html/show/cn/1983_7.html,SRC-XZQH-1983-Q4,secondary_transcription,区划地名网 1983年行政区划 第7页,secondary_transcription,secondary_transcription_review_required
XZQH-COUNTY-1983-Q4-003,1983,国务院批复转录 / 1983-10—1983-12,jurisdiction_transfer,南宁地区、柳州地区、桂林地区、梧州地区、钦州地区、北海市、南宁市、柳州市、桂林市、梧州市、河池市、玉林市、百色市、钦州市,CNUR-000217、CNUR-000218、CNUR-000219、CNUR-000220、CNUR-000221、CNUR-000223、CNUR-000225、CNUR-000226、CNUR-000228、CNUR-000346、CNUR-000361、CNUR-000362、CNUR-000363,地市、武鸣两县、柳城两县、临桂县、苍梧县、玉林县、域为玉林市、钦州县、域为钦州市、百色县、域为百色市、河池县、域为河池市,玉林县,玉林市,10月8日，《国务院关于广西壮族自治区地市机构改革方案的批复》（(83)国函字215号）同意：一、将南宁地区的邕宁、武鸣两县划归南宁市管辖。二、将柳州地区的柳江、柳城两县划归柳州市管辖。三、将桂林地区的临桂县划归桂林市管辖。四、将梧州地区的苍梧县划归梧州市管辖。五、钦州地区的北海市改由自治区直接领导。六、撤销玉林县，设立玉林市（县级），以玉林县的行政区域为玉林市的行政区域。七、撤销钦州县，设立钦州市（县级），以钦州县的行政区域为钦州市的行政区域。八、撤销百色县，设立百色市（县级），以百色县的行政区域为百色市的行政区域。九、撤销河池县，设立河池市（县级），以河池县的行政区域为河池市的行政区域。,县、市,county_level,：10月8日，《国务院关于广西壮族自治区地市机构改革方案的批复》（(83)国函字215号）同意：一、将南宁地区的邕宁、武鸣两县划归南宁市管辖。二、将柳州地区的柳江、柳城两县划归柳州市管辖。三、将桂林地区的临桂县划归桂林市管辖。四、将梧州地区的苍梧县划归梧州市管辖。五、钦州地区的北海市改由自治区直接领导。六、撤销玉林县，设立玉林市（县级），以玉林县的行政区域为玉林市的行政区域。七、撤销钦州县，设立钦州市（县级），以钦州县的行政区域为钦州市的行政区域。八、撤销百色县，设立百色市（县级），以百色县的行政区域为百色市的行政区域。九、撤销河池县，设立河池市（县级），以河池县的行政区域为河池市的行政区域。,1983年行政区划（第7页）,https://www.xzqh.org/html/show/cn/1983_7.html,SRC-XZQH-1983-Q4,secondary_transcription,区划地名网 1983年行政区划 第7页,secondary_transcription,secondary_transcription_review_required
XZQH-COUNTY-1983-Q4-004,1983,国务院批复转录 / 1983-10—1983-12,merge,赤峰市,CNUR-000028,盟市、宁城县、林西县、喀喇沁旗、敖汉旗、翁牛特旗、巴林右旗、巴林左旗、阿鲁科尔沁旗、克什克腾旗、赤峰县、该县、域及喀喇沁旗、红山区、元宝山区、郊区、喜桂图旗、牙克石市、域为牙克石市、布特哈旗、扎兰屯市、域为扎兰屯市、阿巴哈纳尔旗、锡林浩特市、域为锡林浩特市、东胜县、东胜市、域为东胜市,喜桂图旗,牙克石市,10月10日，《国务院关于内蒙古自治区盟市机构改革方案的批复》（(83)国函字218号）同意：一、撤销昭乌达盟，将宁城县、林西县、喀喇沁旗、敖汉旗、翁牛特旗、巴林右旗、巴林左旗、阿鲁科尔沁旗、克什克腾旗划归赤峰市管辖。撤销赤峰县，将该县的行政区域及喀喇沁旗的山前公社，马蹄营子公社的公格营子、西六家、四家、喇嘛地、岭上五个大队，娄子店公社的三道营子、四道营子、乔家窝铺三个大队，甸子公社的望甘池、昌盛远两个大队并入赤峰市。赤峰市设红山区、元宝山区、郊区。二、撤销喜桂图旗，设立牙克石市（县级），以喜桂图旗的行政区域为牙克石市的行政区域。三、撤销布特哈旗，设立扎兰屯市（县级），以布特哈旗的行政区域为扎兰屯市的行政区域。四、撤销阿巴哈纳尔旗，设立锡林浩特市（县级），以阿巴哈纳尔旗的行政区域为锡林浩特市的行政区域。五、撤销东胜县，设立东胜市（县级），以东胜县的行政区域为东胜市的行政区域。（六、(略)）,区、县、市、旗,county_level,：10月10日，《国务院关于内蒙古自治区盟市机构改革方案的批复》（(83)国函字218号）同意：一、撤销昭乌达盟，将宁城县、林西县、喀喇沁旗、敖汉旗、翁牛特旗、巴林右旗、巴林左旗、阿鲁科尔沁旗、克什克腾旗划归赤峰市管辖。撤销赤峰县，将该县的行政区域及喀喇沁旗的山前公社，马蹄营子公社的公格营子、西六家、四家、喇嘛地、岭上五个大队，娄子店公社的三道营子、四道营子、乔家窝铺三个大队，甸子公社的望甘池、昌盛远两个大队并入赤峰市。赤峰市设红山区、元宝山区、郊区。二、撤销喜桂图旗，设立牙克石市（县级），以喜桂图旗的行政区域为牙克石市的行政区域。三、撤销布特哈旗，设立扎兰屯市（县级），以布特哈旗的行政区域为扎兰屯市的行政区域。四、撤销阿巴哈纳尔旗，设立锡林浩特市（县级），以阿巴哈纳尔旗的行政区域为锡林浩特市的行政区域。五、撤销东胜县，设立东胜市（县级），以东胜县的行政区域为东胜市的行政区域。（六、(略)）,1983年行政区划（第7页）,https://www.xzqh.org/html/show/cn/1983_7.html,SRC-XZQH-1983-Q4,secondary_transcription,区划地名网 1983年行政区划 第7页,secondary_transcription,secondary_transcription_review_required
XZQH-COUNTY-1983-Q4-005,1983,国务院批复转录 / 1983-10—1983-12,abolish,吴忠市,CNUR-000323,吴忠县、域为吴忠市,吴忠县,,11月10日，《国务院关于宁夏回族自治区恢复吴忠市的批复》（(83)国函字240号）：同意撤销吴忠县，恢复吴忠市（县级），以吴忠县的行政区域为吴忠市的行政区域。,县、市,county_level,：11月10日，《国务院关于宁夏回族自治区恢复吴忠市的批复》（(83)国函字240号）：同意撤销吴忠县，恢复吴忠市（县级），以吴忠县的行政区域为吴忠市的行政区域。,1983年行政区划（第7页）,https://www.xzqh.org/html/show/cn/1983_7.html,SRC-XZQH-1983-Q4,secondary_transcription,区划地名网 1983年行政区划 第7页,secondary_transcription,secondary_transcription_review_required
XZQH-COUNTY-1983-Q4-006,1983,国务院批复转录 / 1983-10—1983-12,split,,,彭水苗族土家族自治县、石柱土家族自治县、自治县、黔江县、域为自治县、彭水县、石柱县,,石柱土家族自治县,11月14日，《国务院关于四川省设立黔江土家族苗族自治县、彭水苗族土家族自治县、石柱土家族自治县的批复》（(83)国函字242号）：一、同意设立黔江土家族苗族自治县。自治县以原黔江县的行政区域为自治县的行政区域。自治县人民政府驻联合镇。撤销黔江县。二、同意设立彭水苗族土家族自治县。自治县以原彭水县的行政区域为自治县的行政区域。自治县人民政府驻汉葭镇。撤销彭水县。三、同意设立石柱土家族自治县，自治县以原石柱县的行政区域为自治县的行政区域。自治县人民政府驻城关镇。撤销石柱县。,县、自治县,county_level,：11月14日，《国务院关于四川省设立黔江土家族苗族自治县、彭水苗族土家族自治县、石柱土家族自治县的批复》（(83)国函字242号）：一、同意设立黔江土家族苗族自治县。自治县以原黔江县的行政区域为自治县的行政区域。自治县人民政府驻联合镇。撤销黔江县。二、同意设立彭水苗族土家族自治县。自治县以原彭水县的行政区域为自治县的行政区域。自治县人民政府驻汉葭镇。撤销彭水县。三、同意设立石柱土家族自治县，自治县以原石柱县的行政区域为自治县的行政区域。自治县人民政府驻城关镇。撤销石柱县。,1983年行政区划（第7页）,https://www.xzqh.org/html/show/cn/1983_7.html,SRC-XZQH-1983-Q4,secondary_transcription,区划地名网 1983年行政区划 第7页,secondary_transcription,secondary_transcription_review_required
XZQH-COUNTY-1983-Q4-007,1983,国务院批复转录 / 1983-10—1983-12,jurisdiction_transfer,张家口地区、石家庄地区、保定地区、张家口市、承德地区、沧州地区、石家庄市、邯郸地区、保定市、承德市、沧州市、邯郸市,CNUR-000003、CNUR-000006、CNUR-000008、CNUR-000009、CNUR-000010、CNUR-000011、CNUR-000350、CNUR-000351、CNUR-000352、CNUR-000353、CNUR-000355、CNUR-000356,国务院关于河北省邯郸等六个市、实行市、管县、张家口六个市、井陉二县、邯郸县、满城县、沧县、承德县、宣化县,井陉二县,石家庄市,11月15日，《国务院关于河北省邯郸等六个市实行市管县的批复》（(83)国函字243号）同意：一、邯郸、邢台、保定、沧州、承德、张家口六个市改由省直接领导。二、将石家庄地区的获鹿、井陉二县划归石家庄市管辖。三、将邯郸地区的邯郸县划归邯郸市管辖。四、将保定地区的满城县划归保定市管辖。五、将沧州地区的沧县划归沧州市管辖。六、将承德地区的承德县划归承德市管辖。七、将张家口地区的宣化县划归张家口市管辖。,县、市,county_level,：11月15日，《国务院关于河北省邯郸等六个市实行市管县的批复》（(83)国函字243号）同意：一、邯郸、邢台、保定、沧州、承德、张家口六个市改由省直接领导。二、将石家庄地区的获鹿、井陉二县划归石家庄市管辖。三、将邯郸地区的邯郸县划归邯郸市管辖。四、将保定地区的满城县划归保定市管辖。五、将沧州地区的沧县划归沧州市管辖。六、将承德地区的承德县划归承德市管辖。七、将张家口地区的宣化县划归张家口市管辖。,1983年行政区划（第7页）,https://www.xzqh.org/html/show/cn/1983_7.html,SRC-XZQH-1983-Q4,secondary_transcription,区划地名网 1983年行政区划 第7页,secondary_transcription,secondary_transcription_review_required
XZQH-COUNTY-1983-Q4-008,1983,国务院批复转录 / 1983-10—1983-12,split,黄山市,CNUR-000106,太平县、域和歙县、石台县、广阳公社及黄山管理局现有辖区,,域和歙县,12月1日，《国务院关于安徽省设立黄山市的批复》（(83)国函字254号）：同意设立黄山市（县级）。撤销太平县建制，以太平县的行政区域和歙县黄山公社、石台县广阳公社及黄山管理局现有辖区为黄山市的行政区域。,区、县,county_level,：12月1日，《国务院关于安徽省设立黄山市的批复》（(83)国函字254号）：同意设立黄山市（县级）。撤销太平县建制，以太平县的行政区域和歙县黄山公社、石台县广阳公社及黄山管理局现有辖区为黄山市的行政区域。,1983年行政区划（第7页）,https://www.xzqh.org/html/show/cn/1983_7.html,SRC-XZQH-1983-Q4,secondary_transcription,区划地名网 1983年行政区划 第7页,secondary_transcription,secondary_transcription_review_required
XZQH-COUNTY-1983-Q4-009,1983,国务院批复转录 / 1983-10—1983-12,merge,惠阳地区、中山市、佛山市、广州市、梅州市、汕头市、江门市、湛江市、潮州市、珠海市、茂名市、韶关市,CNUR-000196、CNUR-000197、CNUR-000199、CNUR-000200、CNUR-000201、CNUR-000202、CNUR-000203、CNUR-000204、CNUR-000207、CNUR-000213、CNUR-000214、CNUR-000347,国务院关于广东省实行市、领导县、高明四县、鹤山五县、斗门县、中山县、域为中山市、南澳八县、陆丰两县、潮安县、连县、乳源瑶族自治县、连南瑶族自治县、连山壮族瑶族自治县、共十一县、佛冈两县、吴川五县、电白四县、阳春两县、梅县、与梅州市,中山县,中山市,12月22日，《国务院关于广东省实行市领导县体制的批复》（(83)国函字269号）同意：一、撤销佛山地区。将南海、三水、顺德、高明四县划归佛山市管辖；将开平、台山、恩平、新会、鹤山五县划归江门市管辖；将斗门县划归珠海市管辖。撤销中山县，设立中山市（县级），以中山县的行政区域为中山市的行政区域。二、撤销汕头地区。将澄海、潮阳、揭阳、揭西、普宁、惠来、饶平、南澳八县划归汕头市管辖；将海丰、陆丰两县划归惠阳地区。撤销潮安县，将潮安县的行政区域并入潮州市。三、撤销韶关地区。将南雄、始兴、仁化、乐昌、翁源、英德、阳山、连县、乳源瑶族自治县、连南瑶族自治县、连山壮族瑶族自治县共十一县划归韶关市管辖；将清远、佛冈两县划归广州市管辖。四、撤销湛江地区。将徐闻、海康、廉江、遂溪、吴川五县划归湛江市管辖；将高州、化州、信宜、电白四县划归茂名市管辖；将阳江、阳春两县划归江门市管辖。五、撤销梅县、梅州市。梅县与梅州市合并，设立梅县市（县级）。,县、市、自治县,county_level,：12月22日，《国务院关于广东省实行市领导县体制的批复》（(83)国函字269号）同意：一、撤销佛山地区。将南海、三水、顺德、高明四县划归佛山市管辖；将开平、台山、恩平、新会、鹤山五县划归江门市管辖；将斗门县划归珠海市管辖。撤销中山县，设立中山市（县级），以中山县的行政区域为中山市的行政区域。二、撤销汕头地区。将澄海、潮阳、揭阳、揭西、普宁、惠来、饶平、南澳八县划归汕头市管辖；将海丰、陆丰两县划归惠阳地区。撤销潮安县，将潮安县的行政区域并入潮州市。三、撤销韶关地区。将南雄、始兴、仁化、乐昌、翁源、英德、阳山、连县、乳源瑶族自治县、连南瑶族自治县、连山壮族瑶族自治县共十一县划归韶关市管辖；将清远、佛冈两县划归广州市管辖。四、撤销湛江地区。将徐闻、海康、廉江、遂溪、吴川五县划归湛江市管辖；将高州、化州、信宜、电白四县划归茂名市管辖；将阳江、阳春两县划归江门市管辖。五、撤销梅县、梅州市。梅县与梅州市合并，设立梅县市（县级）。,1983年行政区划（第7页）,https://www.xzqh.org/html/show/cn/1983_7.html,SRC-XZQH-1983-Q4,secondary_transcription,区划地名网 1983年行政区划 第7页,secondary_transcription,secondary_transcription_review_required
XZQH-COUNTY-1983-Q4-010,1983,国务院批复转录 / 1983-10—1983-12,county_change,宁波市,CNUR-000088,国务院关于浙江省调整宁波市、同意将鄞县、潘火公社二个大队和镇海县,,,12月26日，《国务院关于浙江省调整宁波市行政区划的批复》（(83)国函字270号）：同意将鄞县的段塘镇、福明公社，以及望春公社二个大队，梅墟公社四个大队，潘火公社二个大队和镇海县的城关镇、俞范镇、新凑颍?约白?泄?缌?龃蠖樱?俳??缥甯龃蠖樱?「酃?缡?龃蠖樱??瞎?缫桓龃蠖踊?槟?ㄊ泄芟健本站内容是根据各种公开资料整理，仅供行政区划爱好者交流使用。本站对本页内容准确性、及时性不作任何保证。如需转载或引用，请自行核实内容。转载请保留本页地址:https://www.xzqh.org/html/show/cn/1983.html上一页1234567下一页首页国内行政区划苏家洼镇2021年行政区划2020年行政区划2019年行政区划2018年行政区划2017年行政区划2016年行政区划2015年行政区划2014年行政区划2013年行政区划2012年行政区划2011年行政区划2010年行政区划2009年行政区划2008年行政区划2007年行政区划2006年行政区划2005年行政区划2004年行政区划2003年行政区划2002年行政区划2001年行政区划2000年行政区划1999年行政区划1998年行政区划1997年行政区划1996年行政区划1995年行政区划1994年行政区划1993年行政区划1992年行政区划1991年行政区划1990年行政区划1989年行政区划1988年行政区划1987年行政区划1986年行政区划1985年行政区划1984年行政区划1983年行政区划1982年行政区划1981年行政区划1980年行政区划1979年行政区划1978年行政区划张西堡镇广府镇南沿村镇永合会镇西苏乡界河店乡刘营乡刘汉乡正西乡讲武乡曲陌乡辛庄堡乡西河庄乡网站首页|返回顶部|网站地图|联系我们©2001-2022  区划地名网（行政区划网） 沪ICP备13003942号-1,县、市,county_level,：12月26日，《国务院关于浙江省调整宁波市行政区划的批复》（(83)国函字270号）：同意将鄞县的段塘镇、福明公社，以及望春公社二个大队，梅墟公社四个大队，潘火公社二个大队和镇海县的城关镇、俞范镇、新凑颍?约白?泄?缌?龃蠖樱?俳??缥甯龃蠖樱?「酃?缡?龃蠖樱??瞎?缫桓龃蠖踊?槟?ㄊ泄芟健本站内容是根据各种公开资料整理，仅供行政区划爱好者交流使用。本站对本页内容准确性、及时性不作任何保证。如需转载或引用，请自行核实内容。转载请保留本页地址:https://www.xzqh.org/html/show/cn/1983.html上一页1234567下一页首页国内行政区划苏家洼镇2021年行政区划2020年行政区划2019年行政区划2018年行政区划2017年行政区划2016年行政区划2015年行政区划2014年行政区划2013年行政区划2012年行政区划2011年行政区划2010年行政区划2009年行政区划2008年行政区划2007年行政区划2006年行政区划2005年行政区划2004年行政区划2003年行政区划2002年行政区划2001年行政区划2000年行政区划1999年行政区划1998年行政区划1997年行政区划1996年行政区划1995年行政区划1994年行政区划1993年行政区划1992年行政区划1991年行政区划1990年行政区划1989年行政区划1988年行政区划1987年行政区划1986年行政区划1985年行政区划1984年行政区划1983年行政区划1982年行政区划1981年行政区划1980年行政区划1979年行政区划1978年行政区划张西堡镇广府镇南沿村镇永合会镇西苏乡界河店乡刘营乡刘汉乡正西乡讲武乡曲陌乡辛庄堡乡西河庄乡网站首页|返回顶部|网站地图|联系我们©2001-2022  区划地名网（行政区划网） 沪ICP备13003942号-1,1983年行政区划（第7页）,https://www.xzqh.org/html/show/cn/1983_7.html,SRC-XZQH-1983-Q4,secondary_transcription,区划地名网 1983年行政区划 第7页,secondary_transcription,secondary_transcription_review_required
XZQH-COUNTY-1984-H1-001,1984,国务院批复转录 / 1984-01—1984-06,jurisdiction_transfer,三亚市、海口市,CNUR-000231、CNUR-000232,儋县、海南黎族苗族自治州及其所属的三亚市、昌江县,儋县,海南黎族苗族自治州及其所属的三亚市,5月31日，《第六届全国人民代表大会第二次会议关于海南行政区建置的决定》：第六届全国人民代表大会第二次会议审议了国务院关于成立海南行政区人民政府的议案，决定设立海南行政区，统一管辖海口市、琼山、琼海、文昌、万宁、定安、屯昌、澄迈、临高、儋县和海南黎族苗族自治州及其所属的三亚市、东方、乐东、琼中、保亭、陵水、白沙、昌江县以及西沙群岛、南沙群岛、中沙群岛的岛礁及其海域。海南行政区设人民代表大会和人民政府，是一级地方国家政权机关。行政区人民政府设主席、副主席，由行政区人民代表大会选举产生。海南行政区人民政府归广东省人民政府领导。海南行政区的国家机构的组织和职权另行规定。,县、市,county_level,：5月31日，《第六届全国人民代表大会第二次会议关于海南行政区建置的决定》：第六届全国人民代表大会第二次会议审议了国务院关于成立海南行政区人民政府的议案，决定设立海南行政区，统一管辖海口市、琼山、琼海、文昌、万宁、定安、屯昌、澄迈、临高、儋县和海南黎族苗族自治州及其所属的三亚市、东方、乐东、琼中、保亭、陵水、白沙、昌江县以及西沙群岛、南沙群岛、中沙群岛的岛礁及其海域。海南行政区设人民代表大会和人民政府，是一级地方国家政权机关。行政区人民政府设主席、副主席，由行政区人民代表大会选举产生。海南行政区人民政府归广东省人民政府领导。海南行政区的国家机构的组织和职权另行规定。,1984年行政区划（第3页）,https://www.xzqh.org/html/show/cn/1984_3.html,SRC-XZQH-1984-H1,secondary_transcription,区划地名网 1984年行政区划 第3页,secondary_transcription,secondary_transcription_review_required
XZQH-COUNTY-1984-H1-002,1984,国务院批复转录 / 1984-01—1984-06,jurisdiction_transfer,营口市,CNUR-000044,国务院关于辽宁省调整营口市、同意调整营口市、与盖县、盖县、鲅鱼圈区,盖县,营口市,1月27日，《国务院关于辽宁省调整营口市行政区域界线的批复》（(84)国函字18号）：同意调整营口市与盖县的行政区域界线，将盖县的鲅鱼圈公社划归营口市管辖，设立鲅鱼圈区。,区、县、市,county_level,：1月27日，《国务院关于辽宁省调整营口市行政区域界线的批复》（(84)国函字18号）：同意调整营口市与盖县的行政区域界线，将盖县的鲅鱼圈公社划归营口市管辖，设立鲅鱼圈区。,1984年行政区划（第3页）,https://www.xzqh.org/html/show/cn/1984_3.html,SRC-XZQH-1984-H1,secondary_transcription,区划地名网 1984年行政区划 第3页,secondary_transcription,secondary_transcription_review_required
XZQH-COUNTY-1984-H1-003,1984,国务院批复转录 / 1984-01—1984-06,jurisdiction_transfer,,,国务院关于四川省调整达县、市与达县、同意将达县、河市,国务院关于四川省调整达县,市与达县,2月6日，《国务院关于四川省调整达县市与达县行政区域界线的批复》（(84)国函字21号）：同意将达县罗江公社的三生产大队四生产队；河市公社的一生产大队二生产队，二生产大队七、九、十二生产队，八生产大队一、二、三、四、五、六、十一生产队，共十二个生产队划归达县市。,县、市,county_level,：2月6日，《国务院关于四川省调整达县市与达县行政区域界线的批复》（(84)国函字21号）：同意将达县罗江公社的三生产大队四生产队；河市公社的一生产大队二生产队，二生产大队七、九、十二生产队，八生产大队一、二、三、四、五、六、十一生产队，共十二个生产队划归达县市。,1984年行政区划（第3页）,https://www.xzqh.org/html/show/cn/1984_3.html,SRC-XZQH-1984-H1,secondary_transcription,区划地名网 1984年行政区划 第3页,secondary_transcription,secondary_transcription_review_required
XZQH-COUNTY-1984-H1-004,1984,国务院批复转录 / 1984-01—1984-06,jurisdiction_transfer,,,国务院关于云南省调整东川市、与寻甸回族彝族自治县、同意将寻甸回族彝族自治县,寻甸回族彝族自治县,东川市,3月2日，《国务院关于云南省调整东川市与寻甸回族彝族自治县行政区域界线的批复》（(84)国函字35号）：同意将寻甸回族彝族自治县的阿旺公社划归东川市管辖。,市、自治县,county_level,：3月2日，《国务院关于云南省调整东川市与寻甸回族彝族自治县行政区域界线的批复》（(84)国函字35号）：同意将寻甸回族彝族自治县的阿旺公社划归东川市管辖。,1984年行政区划（第3页）,https://www.xzqh.org/html/show/cn/1984_3.html,SRC-XZQH-1984-H1,secondary_transcription,区划地名网 1984年行政区划 第3页,secondary_transcription,secondary_transcription_review_required
XZQH-COUNTY-1984-H1-005,1984,国务院批复转录 / 1984-01—1984-06,county_change,,,国务院关于甘肃省天祝藏族自治县、迁移县、同意天祝藏族自治县,,,3月23日，《国务院关于甘肃省天祝藏族自治县迁移县址的批复》（(84)国函字53号）：同意天祝藏族自治县的县址从安远镇迁到华藏寺。,县、自治县,county_level,：3月23日，《国务院关于甘肃省天祝藏族自治县迁移县址的批复》（(84)国函字53号）：同意天祝藏族自治县的县址从安远镇迁到华藏寺。,1984年行政区划（第3页）,https://www.xzqh.org/html/show/cn/1984_3.html,SRC-XZQH-1984-H1,secondary_transcription,区划地名网 1984年行政区划 第3页,secondary_transcription,secondary_transcription_review_required
XZQH-COUNTY-1984-H1-006,1984,国务院批复转录 / 1984-01—1984-06,jurisdiction_transfer,岳阳市、株洲市、益阳市、衡阳市、郴州市,CNUR-000183、CNUR-000185、CNUR-000187、CNUR-000190、CNUR-000191,国务院关于湖南省调整部分市、调整株洲市、株洲县、调整衡阳市、衡南二县、衡阳县、衡南县、平田四个大队和云市、调整郴州市、与郴县、郴县、调整益阳市、与益阳县、益阳县、调整岳阳市、与临湘县、临湘县、长炼两厂厂区、南区、北区、郊区、三个区,株洲县,株洲市,4月6日，《国务院关于湖南省调整部分市县行政区域界线的批复》（(84)国函字58号）同意：一、调整株洲市和株洲县的行政区域界线，将株洲县的龙头铺、明照、蝶屏、云田四个公社和白关公社的关口、新庄、道田、百井、罗塘、五里墩六个大队划归株洲市管辖。二、调整衡阳市与衡阳、衡南二县的行政区域界线，将衡阳县的新安公社，衡南县车江公社的沿江、兴隆、新田、平田四个大队和云市公社的新龙大队划归衡阳市管辖。三、调整郴州市与郴县的行政区域界线，将郴县安和公社的下塘、坦山、安和、下风、张家坪、雷大桥、增湖七个大队划归郴州市管辖。四、调整益阳市与益阳县的行政区域界线，将益阳县的长春、过鹿坪、香铺仑、迎丰桥、李昌港、新桥河、杨林坳七个公社和新桥河镇划归益阳市管辖。五、调整岳阳市与临湘县的行政区域界线，将临湘县的岳化、长炼两厂厂区，云溪、路口两镇，云溪、陆城、文桥三个公社，路口公社的路口、南岳、牌楼、江湖、枧冲、南太、南山、新华、省塘九个大队，新合大队的李家、沈家、马形、陀鹤四个生产队，松阳湖农场、白泥湖、芭蕉湖划归岳阳市管辖。岳阳市设南区、北区、郊区三个区。,区、县、市,county_level,：4月6日，《国务院关于湖南省调整部分市县行政区域界线的批复》（(84)国函字58号）同意：一、调整株洲市和株洲县的行政区域界线，将株洲县的龙头铺、明照、蝶屏、云田四个公社和白关公社的关口、新庄、道田、百井、罗塘、五里墩六个大队划归株洲市管辖。二、调整衡阳市与衡阳、衡南二县的行政区域界线，将衡阳县的新安公社，衡南县车江公社的沿江、兴隆、新田、平田四个大队和云市公社的新龙大队划归衡阳市管辖。三、调整郴州市与郴县的行政区域界线，将郴县安和公社的下塘、坦山、安和、下风、张家坪、雷大桥、增湖七个大队划归郴州市管辖。四、调整益阳市与益阳县的行政区域界线，将益阳县的长春、过鹿坪、香铺仑、迎丰桥、李昌港、新桥河、杨林坳七个公社和新桥河镇划归益阳市管辖。五、调整岳阳市与临湘县的行政区域界线，将临湘县的岳化、长炼两厂厂区，云溪、路口两镇，云溪、陆城、文桥三个公社，路口公社的路口、南岳、牌楼、江湖、枧冲、南太、南山、新华、省塘九个大队，新合大队的李家、沈家、马形、陀鹤四个生产队，松阳湖农场、白泥湖、芭蕉湖划归岳阳市管辖。岳阳市设南区、北区、郊区三个区。,1984年行政区划（第3页）,https://www.xzqh.org/html/show/cn/1984_3.html,SRC-XZQH-1984-H1,secondary_transcription,区划地名网 1984年行政区划 第3页,secondary_transcription,secondary_transcription_review_required
XZQH-COUNTY-1984-H1-007,1984,国务院批复转录 / 1984-01—1984-06,jurisdiction_transfer,,,峨边彝族自治县、马边彝族自治县、马边县、自治县、域为自治县、峨边县,马边彝族自治县、峨边彝族自治县,马边彝族自治县,4月9日，《国务院关于四川省设立马边彝族自治县和峨边彝族自治县的批复》（(84)国函字59号）同意：一、设立马边彝族自治县，撤销马边县。自治县以原马边县的行政区域为自治县的行政区域。自治县人民政府驻城关镇。二、设立峨边彝族自治县，撤销峨边县。自治县以原峨边县的行政区域为自治县的行政区域。自治县人民政府驻城关镇。三、将马边彝族自治县和峨边彝族自治县划归乐山地区。,县、自治县,county_level,：4月9日，《国务院关于四川省设立马边彝族自治县和峨边彝族自治县的批复》（(84)国函字59号）同意：一、设立马边彝族自治县，撤销马边县。自治县以原马边县的行政区域为自治县的行政区域。自治县人民政府驻城关镇。二、设立峨边彝族自治县，撤销峨边县。自治县以原峨边县的行政区域为自治县的行政区域。自治县人民政府驻城关镇。三、将马边彝族自治县和峨边彝族自治县划归乐山地区。,1984年行政区划（第3页）,https://www.xzqh.org/html/show/cn/1984_3.html,SRC-XZQH-1984-H1,secondary_transcription,区划地名网 1984年行政区划 第3页,secondary_transcription,secondary_transcription_review_required
XZQH-COUNTY-1984-H1-008,1984,国务院批复转录 / 1984-01—1984-06,jurisdiction_transfer,襄樊市,CNUR-000173,国务院关于湖北省扩大襄樊市、郊区、同意将襄阳县、县林场和隆中风景区、部分区,襄阳县、县林场和隆中风景区、部分区,襄樊市,4月27日，《国务院关于湖北省扩大襄樊市郊区的批复》（(84)国函字68号）：同意将襄阳县的三十一个大队、县林场和隆中风景区的部分区域划归襄樊市管辖。,区、县、市,county_level,：4月27日，《国务院关于湖北省扩大襄樊市郊区的批复》（(84)国函字68号）：同意将襄阳县的三十一个大队、县林场和隆中风景区的部分区域划归襄樊市管辖。,1984年行政区划（第3页）,https://www.xzqh.org/html/show/cn/1984_3.html,SRC-XZQH-1984-H1,secondary_transcription,区划地名网 1984年行政区划 第3页,secondary_transcription,secondary_transcription_review_required
XZQH-COUNTY-1984-H1-009,1984,国务院批复转录 / 1984-01—1984-06,jurisdiction_transfer,辽阳市,CNUR-000046,国务院关于辽宁省扩大辽阳市、郊区、弓长岭区、同意将辽阳县,辽阳县,辽阳市,5月10日，《国务院关于辽宁省扩大辽阳市郊区和设立弓长岭区的批复》（(84)国函字74号）：同意将辽阳县的弓长岭镇、安平镇和安平乡划归辽阳市管辖，设立弓长岭区。,区、县、市,county_level,：5月10日，《国务院关于辽宁省扩大辽阳市郊区和设立弓长岭区的批复》（(84)国函字74号）：同意将辽阳县的弓长岭镇、安平镇和安平乡划归辽阳市管辖，设立弓长岭区。,1984年行政区划（第3页）,https://www.xzqh.org/html/show/cn/1984_3.html,SRC-XZQH-1984-H1,secondary_transcription,区划地名网 1984年行政区划 第3页,secondary_transcription,secondary_transcription_review_required
XZQH-COUNTY-1984-H1-010,1984,国务院批复转录 / 1984-01—1984-06,jurisdiction_transfer,宜昌市、武汉市、沙市市、鄂州市,CNUR-000169、CNUR-000172、CNUR-000174、CNUR-000359,沙市、郊区、江陵县、宜昌县,鄂州市,武汉市,5月10日，《国务院关于湖北省扩大武汉、沙市、宜昌市郊区的批复》（(84)国函字76号）同意：一、将鄂州市左岭公社的金王、吕墩二个大队划归武汉市管辖。二、将江陵县岑河公社的常湾大队，麻林大队的十一个生产队，观音垱公社的白水、向湖二个大队划归沙市市管辖。三、将宜昌县的长岭、联棚二乡，小溪塔镇的碑垭大队，土门乡灵宝大队的八个生产队、车站大队的四个生产队，天台乡钟家畈大队的第八生产队划归宜昌市管辖。,区、县、市,county_level,：5月10日，《国务院关于湖北省扩大武汉、沙市、宜昌市郊区的批复》（(84)国函字76号）同意：一、将鄂州市左岭公社的金王、吕墩二个大队划归武汉市管辖。二、将江陵县岑河公社的常湾大队，麻林大队的十一个生产队，观音垱公社的白水、向湖二个大队划归沙市市管辖。三、将宜昌县的长岭、联棚二乡，小溪塔镇的碑垭大队，土门乡灵宝大队的八个生产队、车站大队的四个生产队，天台乡钟家畈大队的第八生产队划归宜昌市管辖。,1984年行政区划（第3页）,https://www.xzqh.org/html/show/cn/1984_3.html,SRC-XZQH-1984-H1,secondary_transcription,区划地名网 1984年行政区划 第3页,secondary_transcription,secondary_transcription_review_required
XZQH-COUNTY-1984-H1-011,1984,国务院批复转录 / 1984-01—1984-06,split,三亚市,CNUR-000232,崖县、域为三亚市,崖县、三亚市,三亚市,5月19日，《国务院关于广东省撤销崖县设立三亚市的批复》（(84)国函字82号）：同意撤销崖县，设立三亚市（县级）。以原崖县的行政区域为三亚市的行政区域。,县、市,county_level,：5月19日，《国务院关于广东省撤销崖县设立三亚市的批复》（(84)国函字82号）：同意撤销崖县，设立三亚市（县级）。以原崖县的行政区域为三亚市的行政区域。,1984年行政区划（第3页）,https://www.xzqh.org/html/show/cn/1984_3.html,SRC-XZQH-1984-H1,secondary_transcription,区划地名网 1984年行政区划 第3页,secondary_transcription,secondary_transcription_review_required
XZQH-COUNTY-1984-H1-012,1984,国务院批复转录 / 1984-01—1984-06,jurisdiction_transfer,佛山市,CNUR-000201,国务院关于广东省扩大佛山市、郊区、同意将南海县,南海县,佛山市,5月24日，《国务院关于广东省扩大佛山市郊区的批复》（(84)国函字84号）：同意将南海县的石(石肯)、叠南、叠北三个乡划归佛山市管辖。【注：(石肯)读音gěng】,区、县、市,county_level,：5月24日，《国务院关于广东省扩大佛山市郊区的批复》（(84)国函字84号）：同意将南海县的石(石肯)、叠南、叠北三个乡划归佛山市管辖。【注：(石肯)读音gěng】,1984年行政区划（第3页）,https://www.xzqh.org/html/show/cn/1984_3.html,SRC-XZQH-1984-H1,secondary_transcription,区划地名网 1984年行政区划 第3页,secondary_transcription,secondary_transcription_review_required
XZQH-COUNTY-1984-H1-013,1984,国务院批复转录 / 1984-01—1984-06,jurisdiction_transfer,盘锦市、营口市,CNUR-000044、CNUR-000047,盘山县、域为盘锦市、郊区、三个区、大洼县,盘山县,盘锦市,6月5日，《国务院关于辽宁省设立盘锦市的批复》（(84)国函字89号）同意：一、撤销盘山县，设立盘锦市（地级），以原盘山县的行政区域为盘锦市的行政区域。盘锦市设盘山、兴隆台、郊区三个区。二、将营口市的大洼县划归盘锦市管辖。,区、县、市,county_level,：6月5日，《国务院关于辽宁省设立盘锦市的批复》（(84)国函字89号）同意：一、撤销盘山县，设立盘锦市（地级），以原盘山县的行政区域为盘锦市的行政区域。盘锦市设盘山、兴隆台、郊区三个区。二、将营口市的大洼县划归盘锦市管辖。,1984年行政区划（第3页）,https://www.xzqh.org/html/show/cn/1984_3.html,SRC-XZQH-1984-H1,secondary_transcription,区划地名网 1984年行政区划 第3页,secondary_transcription,secondary_transcription_review_required
XZQH-COUNTY-1984-H1-014,1984,国务院批复转录 / 1984-01—1984-06,residence_change,,,国务院关于湖南省江华瑶族自治县、同意江华瑶族自治县,,,6月18日，《国务院关于湖南省江华瑶族自治县驻地迁至沱江镇的批复》（(84)国函字99号）：同意江华瑶族自治县驻地由水口镇迁至沱江镇。,自治县,county_level,：6月18日，《国务院关于湖南省江华瑶族自治县驻地迁至沱江镇的批复》（(84)国函字99号）：同意江华瑶族自治县驻地由水口镇迁至沱江镇。,1984年行政区划（第3页）,https://www.xzqh.org/html/show/cn/1984_3.html,SRC-XZQH-1984-H1,secondary_transcription,区划地名网 1984年行政区划 第3页,secondary_transcription,secondary_transcription_review_required
XZQH-COUNTY-1984-H1-015,1984,国务院批复转录 / 1984-01—1984-06,jurisdiction_transfer,永州市,CNUR-000192,冷水滩市、零陵县、水口山六个区、四十个公社和楚江圩区、楚江圩四个区、二十六个公社和邮亭圩区、白塘公社为冷水滩市,零陵县、水口山六个区、四十个公社和楚江圩区,永州市,6月22日，《国务院关于湖南省撤销零陵县恢复冷水滩市的批复》（(84)国函字101号）同意：一、撤销零陵县。将零陵县的邮亭圩、菱角塘、黄田铺、富家桥、珠山、水口山六个区的四十个公社和楚江圩区的接履桥公社划归永州市管辖。二、恢复冷水滩市。以零陵县的冷水滩镇和冷水滩、黄阳司、普利桥、楚江圩四个区的二十六个公社和邮亭圩区的白塘公社为冷水滩市的行政区域。,区、县、市,county_level,：6月22日，《国务院关于湖南省撤销零陵县恢复冷水滩市的批复》（(84)国函字101号）同意：一、撤销零陵县。将零陵县的邮亭圩、菱角塘、黄田铺、富家桥、珠山、水口山六个区的四十个公社和楚江圩区的接履桥公社划归永州市管辖。二、恢复冷水滩市。以零陵县的冷水滩镇和冷水滩、黄阳司、普利桥、楚江圩四个区的二十六个公社和邮亭圩区的白塘公社为冷水滩市的行政区域。,1984年行政区划（第3页）,https://www.xzqh.org/html/show/cn/1984_3.html,SRC-XZQH-1984-H1,secondary_transcription,区划地名网 1984年行政区划 第3页,secondary_transcription,secondary_transcription_review_required
