prefecture_entity_id,prefecture_name,year,whole_city_break_count,district_jump_count,district_merge_count,whole_city_break_flag,district_jump_flag,sample_entry_flag,treatment_summary
CNUR-000001,北京市,1999,0,1,0,0,1,0,district_scope_jump
CNUR-000001,北京市,2000,0,0,0,0,0,0,stable
CNUR-000001,北京市,2001,0,3,0,0,1,0,district_scope_jump
CNUR-000001,北京市,2002,0,0,0,0,0,0,stable
CNUR-000001,北京市,2003,0,0,0,0,0,0,stable
CNUR-000001,北京市,2004,0,0,0,0,0,0,stable
CNUR-000001,北京市,2005,0,0,0,0,0,0,stable
CNUR-000001,北京市,2006,0,0,0,0,0,0,stable
CNUR-000001,北京市,2007,0,0,0,0,0,0,stable
CNUR-000001,北京市,2008,0,0,0,0,0,0,stable
CNUR-000001,北京市,2009,0,0,0,0,0,0,stable
CNUR-000001,北京市,2010,0,0,0,0,0,0,stable
CNUR-000001,北京市,2011,0,0,0,0,0,0,stable
CNUR-000001,北京市,2012,0,0,0,0,0,0,stable
CNUR-000001,北京市,2013,0,0,0,0,0,0,stable
CNUR-000001,北京市,2014,0,0,0,0,0,0,stable
CNUR-000001,北京市,2015,0,2,0,0,1,0,district_scope_jump
CNUR-000001,北京市,2016,0,0,0,0,0,0,stable
CNUR-000001,北京市,2017,0,0,0,0,0,0,stable
CNUR-000001,北京市,2018,0,0,0,0,0,0,stable
CNUR-000001,北京市,2019,0,0,0,0,0,0,stable
CNUR-000001,北京市,2020,0,0,0,0,0,0,stable
CNUR-000002,天津市,1999,0,0,0,0,0,0,stable
CNUR-000002,天津市,2000,0,1,0,0,1,0,district_scope_jump
CNUR-000002,天津市,2001,0,1,0,0,1,0,district_scope_jump
CNUR-000002,天津市,2002,0,0,0,0,0,0,stable
CNUR-000002,天津市,2003,0,0,0,0,0,0,stable
CNUR-000002,天津市,2004,0,0,0,0,0,0,stable
CNUR-000002,天津市,2005,0,0,0,0,0,0,stable
CNUR-000002,天津市,2006,0,0,0,0,0,0,stable
CNUR-000002,天津市,2007,0,0,0,0,0,0,stable
CNUR-000002,天津市,2008,0,0,0,0,0,0,stable
CNUR-000002,天津市,2009,0,0,0,0,0,0,stable
CNUR-000002,天津市,2010,0,0,0,0,0,0,stable
CNUR-000002,天津市,2011,0,0,0,0,0,0,stable
CNUR-000002,天津市,2012,0,0,0,0,0,0,stable
CNUR-000002,天津市,2013,0,0,0,0,0,0,stable
CNUR-000002,天津市,2014,0,0,0,0,0,0,stable
CNUR-000002,天津市,2015,0,2,0,0,1,0,district_scope_jump
CNUR-000002,天津市,2016,0,1,0,0,1,0,district_scope_jump
CNUR-000002,天津市,2017,0,0,0,0,0,0,stable
CNUR-000002,天津市,2018,0,0,0,0,0,0,stable
CNUR-000002,天津市,2019,0,0,0,0,0,0,stable
CNUR-000002,天津市,2020,0,0,0,0,0,0,stable
CNUR-000003,石家庄市,1999,0,0,0,0,0,0,stable
CNUR-000003,石家庄市,2000,0,0,0,0,0,0,stable
CNUR-000003,石家庄市,2001,0,0,0,0,0,0,stable
CNUR-000003,石家庄市,2002,0,0,0,0,0,0,stable
CNUR-000003,石家庄市,2003,0,0,0,0,0,0,stable
CNUR-000003,石家庄市,2004,0,0,0,0,0,0,stable
CNUR-000003,石家庄市,2005,0,0,0,0,0,0,stable
CNUR-000003,石家庄市,2006,0,0,0,0,0,0,stable
CNUR-000003,石家庄市,2007,0,0,0,0,0,0,stable
CNUR-000003,石家庄市,2008,0,0,0,0,0,0,stable
CNUR-000003,石家庄市,2009,0,0,0,0,0,0,stable
CNUR-000003,石家庄市,2010,0,0,0,0,0,0,stable
CNUR-000003,石家庄市,2011,0,0,0,0,0,0,stable
CNUR-000003,石家庄市,2012,0,0,0,0,0,0,stable
CNUR-000003,石家庄市,2013,0,0,0,0,0,0,stable
CNUR-000003,石家庄市,2014,0,3,0,0,1,0,district_scope_jump
CNUR-000003,石家庄市,2015,0,0,0,0,0,0,stable
CNUR-000003,石家庄市,2016,0,0,0,0,0,0,stable
CNUR-000003,石家庄市,2017,0,0,0,0,0,0,stable
CNUR-000003,石家庄市,2018,0,0,0,0,0,0,stable
CNUR-000003,石家庄市,2019,0,0,0,0,0,0,stable
CNUR-000003,石家庄市,2020,0,0,0,0,0,0,stable
CNUR-000004,唐山市,1999,0,0,0,0,0,0,stable
CNUR-000004,唐山市,2000,0,0,0,0,0,0,stable
CNUR-000004,唐山市,2001,0,0,0,0,0,0,stable
CNUR-000004,唐山市,2002,0,2,0,0,1,0,district_scope_jump
CNUR-000004,唐山市,2003,0,0,0,0,0,0,stable
CNUR-000004,唐山市,2004,0,0,0,0,0,0,stable
CNUR-000004,唐山市,2005,0,0,0,0,0,0,stable
CNUR-000004,唐山市,2006,0,0,0,0,0,0,stable
CNUR-000004,唐山市,2007,0,0,0,0,0,0,stable
CNUR-000004,唐山市,2008,0,0,0,0,0,0,stable
CNUR-000004,唐山市,2009,0,0,0,0,0,0,stable
CNUR-000004,唐山市,2010,0,0,0,0,0,0,stable
CNUR-000004,唐山市,2011,0,0,0,0,0,0,stable
CNUR-000004,唐山市,2012,0,1,0,0,1,0,district_scope_jump
CNUR-000004,唐山市,2013,0,0,0,0,0,0,stable
CNUR-000004,唐山市,2014,0,0,0,0,0,0,stable
CNUR-000004,唐山市,2015,0,0,0,0,0,0,stable
CNUR-000004,唐山市,2016,0,0,0,0,0,0,stable
CNUR-000004,唐山市,2017,0,0,0,0,0,0,stable
CNUR-000004,唐山市,2018,0,0,0,0,0,0,stable
CNUR-000004,唐山市,2019,0,0,0,0,0,0,stable
CNUR-000004,唐山市,2020,0,0,0,0,0,0,stable
CNUR-000005,秦皇岛市,1999,0,0,0,0,0,0,stable
CNUR-000005,秦皇岛市,2000,0,0,0,0,0,0,stable
CNUR-000005,秦皇岛市,2001,0,0,0,0,0,0,stable
CNUR-000005,秦皇岛市,2002,0,0,0,0,0,0,stable
CNUR-000005,秦皇岛市,2003,0,0,0,0,0,0,stable
CNUR-000005,秦皇岛市,2004,0,0,0,0,0,0,stable
CNUR-000005,秦皇岛市,2005,0,0,0,0,0,0,stable
CNUR-000005,秦皇岛市,2006,0,0,0,0,0,0,stable
CNUR-000005,秦皇岛市,2007,0,0,0,0,0,0,stable
CNUR-000005,秦皇岛市,2008,0,0,0,0,0,0,stable
CNUR-000005,秦皇岛市,2009,0,0,0,0,0,0,stable
CNUR-000005,秦皇岛市,2010,0,0,0,0,0,0,stable
CNUR-000005,秦皇岛市,2011,0,0,0,0,0,0,stable
CNUR-000005,秦皇岛市,2012,0,0,0,0,0,0,stable
CNUR-000005,秦皇岛市,2013,0,0,0,0,0,0,stable
CNUR-000005,秦皇岛市,2014,0,0,0,0,0,0,stable
CNUR-000005,秦皇岛市,2015,0,1,0,0,1,0,district_scope_jump
CNUR-000005,秦皇岛市,2016,0,0,0,0,0,0,stable
CNUR-000005,秦皇岛市,2017,0,0,0,0,0,0,stable
CNUR-000005,秦皇岛市,2018,0,0,0,0,0,0,stable
CNUR-000005,秦皇岛市,2019,0,0,0,0,0,0,stable
CNUR-000005,秦皇岛市,2020,0,0,0,0,0,0,stable
CNUR-000006,邯郸市,1999,0,0,0,0,0,0,stable
CNUR-000006,邯郸市,2000,0,0,0,0,0,0,stable
CNUR-000006,邯郸市,2001,0,0,0,0,0,0,stable
CNUR-000006,邯郸市,2002,0,0,0,0,0,0,stable
CNUR-000006,邯郸市,2003,0,0,0,0,0,0,stable
CNUR-000006,邯郸市,2004,0,0,0,0,0,0,stable
CNUR-000006,邯郸市,2005,0,0,0,0,0,0,stable
CNUR-000006,邯郸市,2006,0,0,0,0,0,0,stable
CNUR-000006,邯郸市,2007,0,0,0,0,0,0,stable
CNUR-000006,邯郸市,2008,0,0,0,0,0,0,stable
CNUR-000006,邯郸市,2009,0,0,0,0,0,0,stable
CNUR-000006,邯郸市,2010,0,0,0,0,0,0,stable
CNUR-000006,邯郸市,2011,0,0,0,0,0,0,stable
CNUR-000006,邯郸市,2012,0,0,0,0,0,0,stable
CNUR-000006,邯郸市,2013,0,0,0,0,0,0,stable
CNUR-000006,邯郸市,2014,0,0,0,0,0,0,stable
CNUR-000006,邯郸市,2015,0,0,0,0,0,0,stable
CNUR-000006,邯郸市,2016,0,3,0,0,1,0,district_scope_jump
CNUR-000006,邯郸市,2017,0,0,0,0,0,0,stable
CNUR-000006,邯郸市,2018,0,0,0,0,0,0,stable
CNUR-000006,邯郸市,2019,0,0,0,0,0,0,stable
CNUR-000006,邯郸市,2020,0,0,0,0,0,0,stable
CNUR-000007,邢台市,1999,0,0,0,0,0,0,stable
CNUR-000007,邢台市,2000,0,0,0,0,0,0,stable
CNUR-000007,邢台市,2001,0,0,0,0,0,0,stable
CNUR-000007,邢台市,2002,0,0,0,0,0,0,stable
CNUR-000007,邢台市,2003,0,0,0,0,0,0,stable
CNUR-000007,邢台市,2004,0,0,0,0,0,0,stable
CNUR-000007,邢台市,2005,0,0,0,0,0,0,stable
CNUR-000007,邢台市,2006,0,0,0,0,0,0,stable
CNUR-000007,邢台市,2007,0,0,0,0,0,0,stable
CNUR-000007,邢台市,2008,0,0,0,0,0,0,stable
CNUR-000007,邢台市,2009,0,0,0,0,0,0,stable
CNUR-000007,邢台市,2010,0,0,0,0,0,0,stable
CNUR-000007,邢台市,2011,0,0,0,0,0,0,stable
CNUR-000007,邢台市,2012,0,0,0,0,0,0,stable
CNUR-000007,邢台市,2013,0,0,0,0,0,0,stable
CNUR-000007,邢台市,2014,0,0,0,0,0,0,stable
CNUR-000007,邢台市,2015,0,0,0,0,0,0,stable
CNUR-000007,邢台市,2016,0,0,0,0,0,0,stable
CNUR-000007,邢台市,2017,0,0,0,0,0,0,stable
CNUR-000007,邢台市,2018,0,0,0,0,0,0,stable
CNUR-000007,邢台市,2019,0,0,0,0,0,0,stable
CNUR-000007,邢台市,2020,0,2,0,0,1,0,district_scope_jump
CNUR-000008,保定市,1999,0,0,0,0,0,0,stable
CNUR-000008,保定市,2000,0,0,0,0,0,0,stable
CNUR-000008,保定市,2001,0,0,0,0,0,0,stable
CNUR-000008,保定市,2002,0,0,0,0,0,0,stable
CNUR-000008,保定市,2003,0,0,0,0,0,0,stable
CNUR-000008,保定市,2004,0,0,0,0,0,0,stable
CNUR-000008,保定市,2005,0,0,0,0,0,0,stable
CNUR-000008,保定市,2006,0,0,0,0,0,0,stable
CNUR-000008,保定市,2007,0,0,0,0,0,0,stable
CNUR-000008,保定市,2008,0,0,0,0,0,0,stable
CNUR-000008,保定市,2009,0,0,0,0,0,0,stable
CNUR-000008,保定市,2010,0,0,0,0,0,0,stable
CNUR-000008,保定市,2011,0,0,0,0,0,0,stable
CNUR-000008,保定市,2012,0,0,0,0,0,0,stable
CNUR-000008,保定市,2013,0,0,0,0,0,0,stable
CNUR-000008,保定市,2014,0,0,0,0,0,0,stable
CNUR-000008,保定市,2015,0,3,0,0,1,0,district_scope_jump
CNUR-000008,保定市,2016,0,0,0,0,0,0,stable
CNUR-000008,保定市,2017,0,0,0,0,0,0,stable
CNUR-000008,保定市,2018,0,0,0,0,0,0,stable
CNUR-000008,保定市,2019,0,0,0,0,0,0,stable
CNUR-000008,保定市,2020,0,0,0,0,0,0,stable
CNUR-000009,张家口市,1999,0,0,0,0,0,0,stable
CNUR-000009,张家口市,2000,0,0,0,0,0,0,stable
CNUR-000009,张家口市,2001,0,0,0,0,0,0,stable
CNUR-000009,张家口市,2002,0,0,0,0,0,0,stable
CNUR-000009,张家口市,2003,0,0,0,0,0,0,stable
CNUR-000009,张家口市,2004,0,0,0,0,0,0,stable
CNUR-000009,张家口市,2005,0,0,0,0,0,0,stable
CNUR-000009,张家口市,2006,0,0,0,0,0,0,stable
CNUR-000009,张家口市,2007,0,0,0,0,0,0,stable
CNUR-000009,张家口市,2008,0,0,0,0,0,0,stable
CNUR-000009,张家口市,2009,0,0,0,0,0,0,stable
CNUR-000009,张家口市,2010,0,0,0,0,0,0,stable
CNUR-000009,张家口市,2011,0,0,0,0,0,0,stable
CNUR-000009,张家口市,2012,0,0,0,0,0,0,stable
CNUR-000009,张家口市,2013,0,0,0,0,0,0,stable
CNUR-000009,张家口市,2014,0,0,0,0,0,0,stable
CNUR-000009,张家口市,2015,0,0,0,0,0,0,stable
CNUR-000009,张家口市,2016,0,3,0,0,1,0,district_scope_jump
CNUR-000009,张家口市,2017,0,0,0,0,0,0,stable
CNUR-000009,张家口市,2018,0,0,0,0,0,0,stable
CNUR-000009,张家口市,2019,0,0,0,0,0,0,stable
CNUR-000009,张家口市,2020,0,0,0,0,0,0,stable
CNUR-000010,承德市,1999,0,0,0,0,0,0,stable
CNUR-000010,承德市,2000,0,0,0,0,0,0,stable
CNUR-000010,承德市,2001,0,0,0,0,0,0,stable
CNUR-000010,承德市,2002,0,0,0,0,0,0,stable
CNUR-000010,承德市,2003,0,0,0,0,0,0,stable
CNUR-000010,承德市,2004,0,0,0,0,0,0,stable
CNUR-000010,承德市,2005,0,0,0,0,0,0,stable
CNUR-000010,承德市,2006,0,0,0,0,0,0,stable
CNUR-000010,承德市,2007,0,0,0,0,0,0,stable
CNUR-000010,承德市,2008,0,0,0,0,0,0,stable
CNUR-000010,承德市,2009,0,0,0,0,0,0,stable
CNUR-000010,承德市,2010,0,0,0,0,0,0,stable
CNUR-000010,承德市,2011,0,0,0,0,0,0,stable
CNUR-000010,承德市,2012,0,0,0,0,0,0,stable
CNUR-000010,承德市,2013,0,0,0,0,0,0,stable
CNUR-000010,承德市,2014,0,0,0,0,0,0,stable
CNUR-000010,承德市,2015,0,0,0,0,0,0,stable
CNUR-000010,承德市,2016,0,0,0,0,0,0,stable
CNUR-000010,承德市,2017,0,0,0,0,0,0,stable
CNUR-000010,承德市,2018,0,0,0,0,0,0,stable
CNUR-000010,承德市,2019,0,0,0,0,0,0,stable
CNUR-000010,承德市,2020,0,0,0,0,0,0,stable
CNUR-000011,沧州市,1999,0,0,0,0,0,0,stable
CNUR-000011,沧州市,2000,0,0,0,0,0,0,stable
CNUR-000011,沧州市,2001,0,0,0,0,0,0,stable
CNUR-000011,沧州市,2002,0,0,0,0,0,0,stable
CNUR-000011,沧州市,2003,0,0,0,0,0,0,stable
CNUR-000011,沧州市,2004,0,0,0,0,0,0,stable
CNUR-000011,沧州市,2005,0,0,0,0,0,0,stable
CNUR-000011,沧州市,2006,0,0,0,0,0,0,stable
CNUR-000011,沧州市,2007,0,0,0,0,0,0,stable
CNUR-000011,沧州市,2008,0,0,0,0,0,0,stable
CNUR-000011,沧州市,2009,0,0,0,0,0,0,stable
CNUR-000011,沧州市,2010,0,0,0,0,0,0,stable
CNUR-000011,沧州市,2011,0,0,0,0,0,0,stable
CNUR-000011,沧州市,2012,0,0,0,0,0,0,stable
CNUR-000011,沧州市,2013,0,0,0,0,0,0,stable
CNUR-000011,沧州市,2014,0,0,0,0,0,0,stable
CNUR-000011,沧州市,2015,0,0,0,0,0,0,stable
CNUR-000011,沧州市,2016,0,0,0,0,0,0,stable
CNUR-000011,沧州市,2017,0,0,0,0,0,0,stable
CNUR-000011,沧州市,2018,0,0,0,0,0,0,stable
CNUR-000011,沧州市,2019,0,0,0,0,0,0,stable
CNUR-000011,沧州市,2020,0,0,0,0,0,0,stable
CNUR-000012,廊坊市,1999,0,0,0,0,0,0,stable
CNUR-000012,廊坊市,2000,0,0,0,0,0,0,stable
CNUR-000012,廊坊市,2001,0,0,0,0,0,0,stable
CNUR-000012,廊坊市,2002,0,0,0,0,0,0,stable
CNUR-000012,廊坊市,2003,0,0,0,0,0,0,stable
CNUR-000012,廊坊市,2004,0,0,0,0,0,0,stable
CNUR-000012,廊坊市,2005,0,0,0,0,0,0,stable
CNUR-000012,廊坊市,2006,0,0,0,0,0,0,stable
CNUR-000012,廊坊市,2007,0,0,0,0,0,0,stable
CNUR-000012,廊坊市,2008,0,0,0,0,0,0,stable
CNUR-000012,廊坊市,2009,0,0,0,0,0,0,stable
CNUR-000012,廊坊市,2010,0,0,0,0,0,0,stable
CNUR-000012,廊坊市,2011,0,0,0,0,0,0,stable
CNUR-000012,廊坊市,2012,0,0,0,0,0,0,stable
CNUR-000012,廊坊市,2013,0,0,0,0,0,0,stable
CNUR-000012,廊坊市,2014,0,0,0,0,0,0,stable
CNUR-000012,廊坊市,2015,0,0,0,0,0,0,stable
CNUR-000012,廊坊市,2016,0,0,0,0,0,0,stable
CNUR-000012,廊坊市,2017,0,0,0,0,0,0,stable
CNUR-000012,廊坊市,2018,0,0,0,0,0,0,stable
CNUR-000012,廊坊市,2019,0,0,0,0,0,0,stable
CNUR-000012,廊坊市,2020,0,0,0,0,0,0,stable
CNUR-000013,衡水市,1999,0,0,0,0,0,0,stable
CNUR-000013,衡水市,2000,0,0,0,0,0,0,stable
CNUR-000013,衡水市,2001,0,0,0,0,0,0,stable
CNUR-000013,衡水市,2002,0,0,0,0,0,0,stable
CNUR-000013,衡水市,2003,0,0,0,0,0,0,stable
CNUR-000013,衡水市,2004,0,0,0,0,0,0,stable
CNUR-000013,衡水市,2005,0,0,0,0,0,0,stable
CNUR-000013,衡水市,2006,0,0,0,0,0,0,stable
CNUR-000013,衡水市,2007,0,0,0,0,0,0,stable
CNUR-000013,衡水市,2008,0,0,0,0,0,0,stable
CNUR-000013,衡水市,2009,0,0,0,0,0,0,stable
CNUR-000013,衡水市,2010,0,0,0,0,0,0,stable
CNUR-000013,衡水市,2011,0,0,0,0,0,0,stable
CNUR-000013,衡水市,2012,0,0,0,0,0,0,stable
CNUR-000013,衡水市,2013,0,0,0,0,0,0,stable
CNUR-000013,衡水市,2014,0,0,0,0,0,0,stable
CNUR-000013,衡水市,2015,0,0,0,0,0,0,stable
CNUR-000013,衡水市,2016,0,1,0,0,1,0,district_scope_jump
CNUR-000013,衡水市,2017,0,0,0,0,0,0,stable
CNUR-000013,衡水市,2018,0,0,0,0,0,0,stable
CNUR-000013,衡水市,2019,0,0,0,0,0,0,stable
CNUR-000013,衡水市,2020,0,0,0,0,0,0,stable
CNUR-000014,太原市,1999,0,0,0,0,0,0,stable
CNUR-000014,太原市,2000,0,0,0,0,0,0,stable
CNUR-000014,太原市,2001,0,0,0,0,0,0,stable
CNUR-000014,太原市,2002,0,0,0,0,0,0,stable
CNUR-000014,太原市,2003,0,0,0,0,0,0,stable
CNUR-000014,太原市,2004,0,0,0,0,0,0,stable
CNUR-000014,太原市,2005,0,0,0,0,0,0,stable
CNUR-000014,太原市,2006,0,0,0,0,0,0,stable
CNUR-000014,太原市,2007,0,0,0,0,0,0,stable
CNUR-000014,太原市,2008,0,0,0,0,0,0,stable
CNUR-000014,太原市,2009,0,0,0,0,0,0,stable
CNUR-000014,太原市,2010,0,0,0,0,0,0,stable
CNUR-000014,太原市,2011,0,0,0,0,0,0,stable
CNUR-000014,太原市,2012,0,0,0,0,0,0,stable
CNUR-000014,太原市,2013,0,0,0,0,0,0,stable
CNUR-000014,太原市,2014,0,0,0,0,0,0,stable
CNUR-000014,太原市,2015,0,0,0,0,0,0,stable
CNUR-000014,太原市,2016,0,0,0,0,0,0,stable
CNUR-000014,太原市,2017,0,0,0,0,0,0,stable
CNUR-000014,太原市,2018,0,0,0,0,0,0,stable
CNUR-000014,太原市,2019,0,0,0,0,0,0,stable
CNUR-000014,太原市,2020,0,0,0,0,0,0,stable
CNUR-000015,大同市,1999,0,0,0,0,0,0,stable
CNUR-000015,大同市,2000,0,0,0,0,0,0,stable
CNUR-000015,大同市,2001,0,0,0,0,0,0,stable
CNUR-000015,大同市,2002,0,0,0,0,0,0,stable
CNUR-000015,大同市,2003,0,0,0,0,0,0,stable
CNUR-000015,大同市,2004,0,0,0,0,0,0,stable
CNUR-000015,大同市,2005,0,0,0,0,0,0,stable
CNUR-000015,大同市,2006,0,0,0,0,0,0,stable
CNUR-000015,大同市,2007,0,0,0,0,0,0,stable
CNUR-000015,大同市,2008,0,0,0,0,0,0,stable
CNUR-000015,大同市,2009,0,0,0,0,0,0,stable
CNUR-000015,大同市,2010,0,0,0,0,0,0,stable
CNUR-000015,大同市,2011,0,0,0,0,0,0,stable
CNUR-000015,大同市,2012,0,0,0,0,0,0,stable
CNUR-000015,大同市,2013,0,0,0,0,0,0,stable
CNUR-000015,大同市,2014,0,0,0,0,0,0,stable
CNUR-000015,大同市,2015,0,0,0,0,0,0,stable
CNUR-000015,大同市,2016,0,0,0,0,0,0,stable
CNUR-000015,大同市,2017,0,0,0,0,0,0,stable
CNUR-000015,大同市,2018,0,1,0,0,1,0,district_scope_jump
CNUR-000015,大同市,2019,0,0,0,0,0,0,stable
CNUR-000015,大同市,2020,0,0,0,0,0,0,stable
CNUR-000016,阳泉市,1999,0,0,0,0,0,0,stable
CNUR-000016,阳泉市,2000,0,0,0,0,0,0,stable
CNUR-000016,阳泉市,2001,0,0,0,0,0,0,stable
CNUR-000016,阳泉市,2002,0,0,0,0,0,0,stable
CNUR-000016,阳泉市,2003,0,0,0,0,0,0,stable
CNUR-000016,阳泉市,2004,0,0,0,0,0,0,stable
CNUR-000016,阳泉市,2005,0,0,0,0,0,0,stable
CNUR-000016,阳泉市,2006,0,0,0,0,0,0,stable
CNUR-000016,阳泉市,2007,0,0,0,0,0,0,stable
CNUR-000016,阳泉市,2008,0,0,0,0,0,0,stable
CNUR-000016,阳泉市,2009,0,0,0,0,0,0,stable
CNUR-000016,阳泉市,2010,0,0,0,0,0,0,stable
CNUR-000016,阳泉市,2011,0,0,0,0,0,0,stable
CNUR-000016,阳泉市,2012,0,0,0,0,0,0,stable
CNUR-000016,阳泉市,2013,0,0,0,0,0,0,stable
CNUR-000016,阳泉市,2014,0,0,0,0,0,0,stable
CNUR-000016,阳泉市,2015,0,0,0,0,0,0,stable
CNUR-000016,阳泉市,2016,0,0,0,0,0,0,stable
CNUR-000016,阳泉市,2017,0,0,0,0,0,0,stable
CNUR-000016,阳泉市,2018,0,0,0,0,0,0,stable
CNUR-000016,阳泉市,2019,0,0,0,0,0,0,stable
CNUR-000016,阳泉市,2020,0,0,0,0,0,0,stable
CNUR-000017,长治市,1999,0,0,0,0,0,0,stable
CNUR-000017,长治市,2000,0,0,0,0,0,0,stable
CNUR-000017,长治市,2001,0,0,0,0,0,0,stable
CNUR-000017,长治市,2002,0,0,0,0,0,0,stable
CNUR-000017,长治市,2003,0,0,0,0,0,0,stable
CNUR-000017,长治市,2004,0,0,0,0,0,0,stable
CNUR-000017,长治市,2005,0,0,0,0,0,0,stable
CNUR-000017,长治市,2006,0,0,0,0,0,0,stable
CNUR-000017,长治市,2007,0,0,0,0,0,0,stable
CNUR-000017,长治市,2008,0,0,0,0,0,0,stable
CNUR-000017,长治市,2009,0,0,0,0,0,0,stable
CNUR-000017,长治市,2010,0,0,0,0,0,0,stable
CNUR-000017,长治市,2011,0,0,0,0,0,0,stable
CNUR-000017,长治市,2012,0,0,0,0,0,0,stable
CNUR-000017,长治市,2013,0,0,0,0,0,0,stable
CNUR-000017,长治市,2014,0,0,0,0,0,0,stable
CNUR-000017,长治市,2015,0,0,0,0,0,0,stable
CNUR-000017,长治市,2016,0,0,0,0,0,0,stable
CNUR-000017,长治市,2017,0,0,0,0,0,0,stable
CNUR-000017,长治市,2018,0,2,1,0,1,0,district_scope_jump|district_merge
CNUR-000017,长治市,2019,0,0,0,0,0,0,stable
CNUR-000017,长治市,2020,0,0,0,0,0,0,stable
CNUR-000018,晋城市,1999,0,0,0,0,0,0,stable
CNUR-000018,晋城市,2000,0,0,0,0,0,0,stable
CNUR-000018,晋城市,2001,0,0,0,0,0,0,stable
CNUR-000018,晋城市,2002,0,0,0,0,0,0,stable
CNUR-000018,晋城市,2003,0,0,0,0,0,0,stable
CNUR-000018,晋城市,2004,0,0,0,0,0,0,stable
CNUR-000018,晋城市,2005,0,0,0,0,0,0,stable
CNUR-000018,晋城市,2006,0,0,0,0,0,0,stable
CNUR-000018,晋城市,2007,0,0,0,0,0,0,stable
CNUR-000018,晋城市,2008,0,0,0,0,0,0,stable
CNUR-000018,晋城市,2009,0,0,0,0,0,0,stable
CNUR-000018,晋城市,2010,0,0,0,0,0,0,stable
CNUR-000018,晋城市,2011,0,0,0,0,0,0,stable
CNUR-000018,晋城市,2012,0,0,0,0,0,0,stable
CNUR-000018,晋城市,2013,0,0,0,0,0,0,stable
CNUR-000018,晋城市,2014,0,0,0,0,0,0,stable
CNUR-000018,晋城市,2015,0,0,0,0,0,0,stable
CNUR-000018,晋城市,2016,0,0,0,0,0,0,stable
CNUR-000018,晋城市,2017,0,0,0,0,0,0,stable
CNUR-000018,晋城市,2018,0,0,0,0,0,0,stable
CNUR-000018,晋城市,2019,0,0,0,0,0,0,stable
CNUR-000018,晋城市,2020,0,0,0,0,0,0,stable
CNUR-000019,朔州市,1999,0,0,0,0,0,0,stable
CNUR-000019,朔州市,2000,0,0,0,0,0,0,stable
CNUR-000019,朔州市,2001,0,0,0,0,0,0,stable
CNUR-000019,朔州市,2002,0,0,0,0,0,0,stable
CNUR-000019,朔州市,2003,0,0,0,0,0,0,stable
CNUR-000019,朔州市,2004,0,0,0,0,0,0,stable
CNUR-000019,朔州市,2005,0,0,0,0,0,0,stable
CNUR-000019,朔州市,2006,0,0,0,0,0,0,stable
CNUR-000019,朔州市,2007,0,0,0,0,0,0,stable
CNUR-000019,朔州市,2008,0,0,0,0,0,0,stable
CNUR-000019,朔州市,2009,0,0,0,0,0,0,stable
CNUR-000019,朔州市,2010,0,0,0,0,0,0,stable
CNUR-000019,朔州市,2011,0,0,0,0,0,0,stable
CNUR-000019,朔州市,2012,0,0,0,0,0,0,stable
CNUR-000019,朔州市,2013,0,0,0,0,0,0,stable
CNUR-000019,朔州市,2014,0,0,0,0,0,0,stable
CNUR-000019,朔州市,2015,0,0,0,0,0,0,stable
CNUR-000019,朔州市,2016,0,0,0,0,0,0,stable
CNUR-000019,朔州市,2017,0,0,0,0,0,0,stable
CNUR-000019,朔州市,2018,0,0,0,0,0,0,stable
CNUR-000019,朔州市,2019,0,0,0,0,0,0,stable
CNUR-000019,朔州市,2020,0,0,0,0,0,0,stable
CNUR-000020,晋中市,1999,0,0,0,0,0,0,stable
CNUR-000020,晋中市,2000,0,0,0,0,0,0,stable
CNUR-000020,晋中市,2001,0,0,0,0,0,0,stable
CNUR-000020,晋中市,2002,0,0,0,0,0,0,stable
CNUR-000020,晋中市,2003,0,0,0,0,0,0,stable
CNUR-000020,晋中市,2004,0,0,0,0,0,0,stable
CNUR-000020,晋中市,2005,0,0,0,0,0,0,stable
CNUR-000020,晋中市,2006,0,0,0,0,0,0,stable
CNUR-000020,晋中市,2007,0,0,0,0,0,0,stable
CNUR-000020,晋中市,2008,0,0,0,0,0,0,stable
CNUR-000020,晋中市,2009,0,0,0,0,0,0,stable
CNUR-000020,晋中市,2010,0,0,0,0,0,0,stable
CNUR-000020,晋中市,2011,0,0,0,0,0,0,stable
CNUR-000020,晋中市,2012,0,0,0,0,0,0,stable
CNUR-000020,晋中市,2013,0,0,0,0,0,0,stable
CNUR-000020,晋中市,2014,0,0,0,0,0,0,stable
CNUR-000020,晋中市,2015,0,0,0,0,0,0,stable
CNUR-000020,晋中市,2016,0,0,0,0,0,0,stable
CNUR-000020,晋中市,2017,0,0,0,0,0,0,stable
CNUR-000020,晋中市,2018,0,0,0,0,0,0,stable
CNUR-000020,晋中市,2019,0,1,0,0,1,0,district_scope_jump
CNUR-000020,晋中市,2020,0,0,0,0,0,0,stable
CNUR-000021,运城市,1999,0,0,0,0,0,0,stable
CNUR-000021,运城市,2000,0,0,0,0,0,0,stable
CNUR-000021,运城市,2001,0,0,0,0,0,0,stable
CNUR-000021,运城市,2002,0,0,0,0,0,0,stable
CNUR-000021,运城市,2003,0,0,0,0,0,0,stable
CNUR-000021,运城市,2004,0,0,0,0,0,0,stable
CNUR-000021,运城市,2005,0,0,0,0,0,0,stable
CNUR-000021,运城市,2006,0,0,0,0,0,0,stable
CNUR-000021,运城市,2007,0,0,0,0,0,0,stable
CNUR-000021,运城市,2008,0,0,0,0,0,0,stable
CNUR-000021,运城市,2009,0,0,0,0,0,0,stable
CNUR-000021,运城市,2010,0,0,0,0,0,0,stable
CNUR-000021,运城市,2011,0,0,0,0,0,0,stable
CNUR-000021,运城市,2012,0,0,0,0,0,0,stable
CNUR-000021,运城市,2013,0,0,0,0,0,0,stable
CNUR-000021,运城市,2014,0,0,0,0,0,0,stable
CNUR-000021,运城市,2015,0,0,0,0,0,0,stable
CNUR-000021,运城市,2016,0,0,0,0,0,0,stable
CNUR-000021,运城市,2017,0,0,0,0,0,0,stable
CNUR-000021,运城市,2018,0,0,0,0,0,0,stable
CNUR-000021,运城市,2019,0,0,0,0,0,0,stable
CNUR-000021,运城市,2020,0,0,0,0,0,0,stable
CNUR-000022,忻州市,1999,0,0,0,0,0,0,stable
CNUR-000022,忻州市,2000,0,0,0,0,0,0,stable
CNUR-000022,忻州市,2001,0,0,0,0,0,0,stable
CNUR-000022,忻州市,2002,0,0,0,0,0,0,stable
CNUR-000022,忻州市,2003,0,0,0,0,0,0,stable
CNUR-000022,忻州市,2004,0,0,0,0,0,0,stable
CNUR-000022,忻州市,2005,0,0,0,0,0,0,stable
CNUR-000022,忻州市,2006,0,0,0,0,0,0,stable
CNUR-000022,忻州市,2007,0,0,0,0,0,0,stable
CNUR-000022,忻州市,2008,0,0,0,0,0,0,stable
CNUR-000022,忻州市,2009,0,0,0,0,0,0,stable
CNUR-000022,忻州市,2010,0,0,0,0,0,0,stable
CNUR-000022,忻州市,2011,0,0,0,0,0,0,stable
CNUR-000022,忻州市,2012,0,0,0,0,0,0,stable
CNUR-000022,忻州市,2013,0,0,0,0,0,0,stable
CNUR-000022,忻州市,2014,0,0,0,0,0,0,stable
CNUR-000022,忻州市,2015,0,0,0,0,0,0,stable
CNUR-000022,忻州市,2016,0,0,0,0,0,0,stable
CNUR-000022,忻州市,2017,0,0,0,0,0,0,stable
CNUR-000022,忻州市,2018,0,0,0,0,0,0,stable
CNUR-000022,忻州市,2019,0,0,0,0,0,0,stable
CNUR-000022,忻州市,2020,0,0,0,0,0,0,stable
CNUR-000023,临汾市,1999,0,0,0,0,0,0,stable
CNUR-000023,临汾市,2000,0,0,0,0,0,0,stable
CNUR-000023,临汾市,2001,0,0,0,0,0,0,stable
CNUR-000023,临汾市,2002,0,0,0,0,0,0,stable
CNUR-000023,临汾市,2003,0,0,0,0,0,0,stable
CNUR-000023,临汾市,2004,0,0,0,0,0,0,stable
CNUR-000023,临汾市,2005,0,0,0,0,0,0,stable
CNUR-000023,临汾市,2006,0,0,0,0,0,0,stable
CNUR-000023,临汾市,2007,0,0,0,0,0,0,stable
CNUR-000023,临汾市,2008,0,0,0,0,0,0,stable
CNUR-000023,临汾市,2009,0,0,0,0,0,0,stable
CNUR-000023,临汾市,2010,0,0,0,0,0,0,stable
CNUR-000023,临汾市,2011,0,0,0,0,0,0,stable
CNUR-000023,临汾市,2012,0,0,0,0,0,0,stable
CNUR-000023,临汾市,2013,0,0,0,0,0,0,stable
CNUR-000023,临汾市,2014,0,0,0,0,0,0,stable
CNUR-000023,临汾市,2015,0,0,0,0,0,0,stable
CNUR-000023,临汾市,2016,0,0,0,0,0,0,stable
CNUR-000023,临汾市,2017,0,0,0,0,0,0,stable
CNUR-000023,临汾市,2018,0,0,0,0,0,0,stable
CNUR-000023,临汾市,2019,0,0,0,0,0,0,stable
CNUR-000023,临汾市,2020,0,0,0,0,0,0,stable
CNUR-000024,吕梁市,1999,0,0,0,0,0,0,stable
CNUR-000024,吕梁市,2000,0,0,0,0,0,0,stable
CNUR-000024,吕梁市,2001,0,0,0,0,0,0,stable
CNUR-000024,吕梁市,2002,0,0,0,0,0,0,stable
CNUR-000024,吕梁市,2003,0,0,0,0,0,0,stable
CNUR-000024,吕梁市,2004,0,0,0,0,0,0,stable
CNUR-000024,吕梁市,2005,0,0,0,0,0,0,stable
CNUR-000024,吕梁市,2006,0,0,0,0,0,0,stable
CNUR-000024,吕梁市,2007,0,0,0,0,0,0,stable
CNUR-000024,吕梁市,2008,0,0,0,0,0,0,stable
CNUR-000024,吕梁市,2009,0,0,0,0,0,0,stable
CNUR-000024,吕梁市,2010,0,0,0,0,0,0,stable
CNUR-000024,吕梁市,2011,0,0,0,0,0,0,stable
CNUR-000024,吕梁市,2012,0,0,0,0,0,0,stable
CNUR-000024,吕梁市,2013,0,0,0,0,0,0,stable
CNUR-000024,吕梁市,2014,0,0,0,0,0,0,stable
CNUR-000024,吕梁市,2015,0,0,0,0,0,0,stable
CNUR-000024,吕梁市,2016,0,0,0,0,0,0,stable
CNUR-000024,吕梁市,2017,0,0,0,0,0,0,stable
CNUR-000024,吕梁市,2018,0,0,0,0,0,0,stable
CNUR-000024,吕梁市,2019,0,0,0,0,0,0,stable
CNUR-000024,吕梁市,2020,0,0,0,0,0,0,stable
CNUR-000025,呼和浩特市,1999,0,0,0,0,0,0,stable
CNUR-000025,呼和浩特市,2000,0,0,0,0,0,0,stable
CNUR-000025,呼和浩特市,2001,0,0,0,0,0,0,stable
CNUR-000025,呼和浩特市,2002,0,0,0,0,0,0,stable
CNUR-000025,呼和浩特市,2003,0,0,0,0,0,0,stable
CNUR-000025,呼和浩特市,2004,0,0,0,0,0,0,stable
CNUR-000025,呼和浩特市,2005,0,0,0,0,0,0,stable
CNUR-000025,呼和浩特市,2006,0,0,0,0,0,0,stable
CNUR-000025,呼和浩特市,2007,0,0,0,0,0,0,stable
CNUR-000025,呼和浩特市,2008,0,0,0,0,0,0,stable
CNUR-000025,呼和浩特市,2009,0,0,0,0,0,0,stable
CNUR-000025,呼和浩特市,2010,0,0,0,0,0,0,stable
CNUR-000025,呼和浩特市,2011,0,0,0,0,0,0,stable
CNUR-000025,呼和浩特市,2012,0,0,0,0,0,0,stable
CNUR-000025,呼和浩特市,2013,0,0,0,0,0,0,stable
CNUR-000025,呼和浩特市,2014,0,0,0,0,0,0,stable
CNUR-000025,呼和浩特市,2015,0,0,0,0,0,0,stable
CNUR-000025,呼和浩特市,2016,0,0,0,0,0,0,stable
CNUR-000025,呼和浩特市,2017,0,0,0,0,0,0,stable
CNUR-000025,呼和浩特市,2018,0,0,0,0,0,0,stable
CNUR-000025,呼和浩特市,2019,0,0,0,0,0,0,stable
CNUR-000025,呼和浩特市,2020,0,0,0,0,0,0,stable
CNUR-000026,包头市,1999,0,0,0,0,0,0,stable
CNUR-000026,包头市,2000,0,0,0,0,0,0,stable
CNUR-000026,包头市,2001,0,0,0,0,0,0,stable
CNUR-000026,包头市,2002,0,0,0,0,0,0,stable
CNUR-000026,包头市,2003,0,0,0,0,0,0,stable
CNUR-000026,包头市,2004,0,0,0,0,0,0,stable
CNUR-000026,包头市,2005,0,0,0,0,0,0,stable
CNUR-000026,包头市,2006,0,0,0,0,0,0,stable
CNUR-000026,包头市,2007,0,0,0,0,0,0,stable
CNUR-000026,包头市,2008,0,0,0,0,0,0,stable
CNUR-000026,包头市,2009,0,0,0,0,0,0,stable
CNUR-000026,包头市,2010,0,0,0,0,0,0,stable
CNUR-000026,包头市,2011,0,0,0,0,0,0,stable
CNUR-000026,包头市,2012,0,0,0,0,0,0,stable
CNUR-000026,包头市,2013,0,0,0,0,0,0,stable
CNUR-000026,包头市,2014,0,0,0,0,0,0,stable
CNUR-000026,包头市,2015,0,0,0,0,0,0,stable
CNUR-000026,包头市,2016,0,0,0,0,0,0,stable
CNUR-000026,包头市,2017,0,0,0,0,0,0,stable
CNUR-000026,包头市,2018,0,0,0,0,0,0,stable
CNUR-000026,包头市,2019,0,0,0,0,0,0,stable
CNUR-000026,包头市,2020,0,0,0,0,0,0,stable
CNUR-000027,乌海市,1999,0,0,0,0,0,0,stable
CNUR-000027,乌海市,2000,0,0,0,0,0,0,stable
CNUR-000027,乌海市,2001,0,0,0,0,0,0,stable
CNUR-000027,乌海市,2002,0,0,0,0,0,0,stable
CNUR-000027,乌海市,2003,0,0,0,0,0,0,stable
CNUR-000027,乌海市,2004,0,0,0,0,0,0,stable
CNUR-000027,乌海市,2005,0,0,0,0,0,0,stable
CNUR-000027,乌海市,2006,0,0,0,0,0,0,stable
CNUR-000027,乌海市,2007,0,0,0,0,0,0,stable
CNUR-000027,乌海市,2008,0,0,0,0,0,0,stable
CNUR-000027,乌海市,2009,0,0,0,0,0,0,stable
CNUR-000027,乌海市,2010,0,0,0,0,0,0,stable
CNUR-000027,乌海市,2011,0,0,0,0,0,0,stable
CNUR-000027,乌海市,2012,0,0,0,0,0,0,stable
CNUR-000027,乌海市,2013,0,0,0,0,0,0,stable
CNUR-000027,乌海市,2014,0,0,0,0,0,0,stable
CNUR-000027,乌海市,2015,0,0,0,0,0,0,stable
CNUR-000027,乌海市,2016,0,0,0,0,0,0,stable
CNUR-000027,乌海市,2017,0,0,0,0,0,0,stable
CNUR-000027,乌海市,2018,0,0,0,0,0,0,stable
CNUR-000027,乌海市,2019,0,0,0,0,0,0,stable
CNUR-000027,乌海市,2020,0,0,0,0,0,0,stable
CNUR-000028,赤峰市,1999,0,0,0,0,0,0,stable
CNUR-000028,赤峰市,2000,0,0,0,0,0,0,stable
CNUR-000028,赤峰市,2001,0,0,0,0,0,0,stable
CNUR-000028,赤峰市,2002,0,0,0,0,0,0,stable
CNUR-000028,赤峰市,2003,0,0,0,0,0,0,stable
CNUR-000028,赤峰市,2004,0,0,0,0,0,0,stable
CNUR-000028,赤峰市,2005,0,0,0,0,0,0,stable
CNUR-000028,赤峰市,2006,0,0,0,0,0,0,stable
CNUR-000028,赤峰市,2007,0,0,0,0,0,0,stable
CNUR-000028,赤峰市,2008,0,0,0,0,0,0,stable
CNUR-000028,赤峰市,2009,0,0,0,0,0,0,stable
CNUR-000028,赤峰市,2010,0,0,0,0,0,0,stable
CNUR-000028,赤峰市,2011,0,0,0,0,0,0,stable
CNUR-000028,赤峰市,2012,0,0,0,0,0,0,stable
CNUR-000028,赤峰市,2013,0,0,0,0,0,0,stable
CNUR-000028,赤峰市,2014,0,0,0,0,0,0,stable
CNUR-000028,赤峰市,2015,0,0,0,0,0,0,stable
CNUR-000028,赤峰市,2016,0,0,0,0,0,0,stable
CNUR-000028,赤峰市,2017,0,0,0,0,0,0,stable
CNUR-000028,赤峰市,2018,0,0,0,0,0,0,stable
CNUR-000028,赤峰市,2019,0,0,0,0,0,0,stable
CNUR-000028,赤峰市,2020,0,0,0,0,0,0,stable
CNUR-000029,通辽市,1999,0,0,0,0,0,0,stable
CNUR-000029,通辽市,2000,0,0,0,0,0,0,stable
CNUR-000029,通辽市,2001,0,0,0,0,0,0,stable
CNUR-000029,通辽市,2002,0,0,0,0,0,0,stable
CNUR-000029,通辽市,2003,0,0,0,0,0,0,stable
CNUR-000029,通辽市,2004,0,0,0,0,0,0,stable
CNUR-000029,通辽市,2005,0,0,0,0,0,0,stable
CNUR-000029,通辽市,2006,0,0,0,0,0,0,stable
CNUR-000029,通辽市,2007,0,0,0,0,0,0,stable
CNUR-000029,通辽市,2008,0,0,0,0,0,0,stable
CNUR-000029,通辽市,2009,0,0,0,0,0,0,stable
CNUR-000029,通辽市,2010,0,0,0,0,0,0,stable
CNUR-000029,通辽市,2011,0,0,0,0,0,0,stable
CNUR-000029,通辽市,2012,0,0,0,0,0,0,stable
CNUR-000029,通辽市,2013,0,0,0,0,0,0,stable
CNUR-000029,通辽市,2014,0,0,0,0,0,0,stable
CNUR-000029,通辽市,2015,0,0,0,0,0,0,stable
CNUR-000029,通辽市,2016,0,0,0,0,0,0,stable
CNUR-000029,通辽市,2017,0,0,0,0,0,0,stable
CNUR-000029,通辽市,2018,0,0,0,0,0,0,stable
CNUR-000029,通辽市,2019,0,0,0,0,0,0,stable
CNUR-000029,通辽市,2020,0,0,0,0,0,0,stable
CNUR-000030,鄂尔多斯市,1999,0,0,0,0,0,0,stable
CNUR-000030,鄂尔多斯市,2000,0,0,0,0,0,0,stable
CNUR-000030,鄂尔多斯市,2001,0,0,0,0,0,0,stable
CNUR-000030,鄂尔多斯市,2002,0,0,0,0,0,0,stable
CNUR-000030,鄂尔多斯市,2003,0,0,0,0,0,0,stable
CNUR-000030,鄂尔多斯市,2004,0,0,0,0,0,0,stable
CNUR-000030,鄂尔多斯市,2005,0,0,0,0,0,0,stable
CNUR-000030,鄂尔多斯市,2006,0,0,0,0,0,0,stable
CNUR-000030,鄂尔多斯市,2007,0,0,0,0,0,0,stable
CNUR-000030,鄂尔多斯市,2008,0,0,0,0,0,0,stable
CNUR-000030,鄂尔多斯市,2009,0,0,0,0,0,0,stable
CNUR-000030,鄂尔多斯市,2010,0,0,0,0,0,0,stable
CNUR-000030,鄂尔多斯市,2011,0,0,0,0,0,0,stable
CNUR-000030,鄂尔多斯市,2012,0,0,0,0,0,0,stable
CNUR-000030,鄂尔多斯市,2013,0,0,0,0,0,0,stable
CNUR-000030,鄂尔多斯市,2014,0,0,0,0,0,0,stable
CNUR-000030,鄂尔多斯市,2015,0,0,0,0,0,0,stable
CNUR-000030,鄂尔多斯市,2016,0,0,0,0,0,0,stable
CNUR-000030,鄂尔多斯市,2017,0,0,0,0,0,0,stable
CNUR-000030,鄂尔多斯市,2018,0,0,0,0,0,0,stable
CNUR-000030,鄂尔多斯市,2019,0,0,0,0,0,0,stable
CNUR-000030,鄂尔多斯市,2020,0,0,0,0,0,0,stable
CNUR-000031,呼伦贝尔市,1999,0,0,0,0,0,0,stable
CNUR-000031,呼伦贝尔市,2000,0,0,0,0,0,0,stable
CNUR-000031,呼伦贝尔市,2001,0,0,0,0,0,0,stable
CNUR-000031,呼伦贝尔市,2002,0,0,0,0,0,0,stable
CNUR-000031,呼伦贝尔市,2003,0,0,0,0,0,0,stable
CNUR-000031,呼伦贝尔市,2004,0,0,0,0,0,0,stable
CNUR-000031,呼伦贝尔市,2005,0,0,0,0,0,0,stable
CNUR-000031,呼伦贝尔市,2006,0,0,0,0,0,0,stable
CNUR-000031,呼伦贝尔市,2007,0,0,0,0,0,0,stable
CNUR-000031,呼伦贝尔市,2008,0,0,0,0,0,0,stable
CNUR-000031,呼伦贝尔市,2009,0,0,0,0,0,0,stable
CNUR-000031,呼伦贝尔市,2010,0,0,0,0,0,0,stable
CNUR-000031,呼伦贝尔市,2011,0,0,0,0,0,0,stable
CNUR-000031,呼伦贝尔市,2012,0,0,0,0,0,0,stable
CNUR-000031,呼伦贝尔市,2013,0,0,0,0,0,0,stable
CNUR-000031,呼伦贝尔市,2014,0,0,0,0,0,0,stable
CNUR-000031,呼伦贝尔市,2015,0,0,0,0,0,0,stable
CNUR-000031,呼伦贝尔市,2016,0,0,0,0,0,0,stable
CNUR-000031,呼伦贝尔市,2017,0,0,0,0,0,0,stable
CNUR-000031,呼伦贝尔市,2018,0,0,0,0,0,0,stable
CNUR-000031,呼伦贝尔市,2019,0,0,0,0,0,0,stable
CNUR-000031,呼伦贝尔市,2020,0,0,0,0,0,0,stable
CNUR-000032,巴彦淖尔市,1999,0,0,0,0,0,0,stable
CNUR-000032,巴彦淖尔市,2000,0,0,0,0,0,0,stable
CNUR-000032,巴彦淖尔市,2001,0,0,0,0,0,0,stable
CNUR-000032,巴彦淖尔市,2002,0,0,0,0,0,0,stable
CNUR-000032,巴彦淖尔市,2003,0,0,0,0,0,0,stable
CNUR-000032,巴彦淖尔市,2004,0,0,0,0,0,0,stable
CNUR-000032,巴彦淖尔市,2005,0,0,0,0,0,0,stable
CNUR-000032,巴彦淖尔市,2006,0,0,0,0,0,0,stable
CNUR-000032,巴彦淖尔市,2007,0,0,0,0,0,0,stable
CNUR-000032,巴彦淖尔市,2008,0,0,0,0,0,0,stable
CNUR-000032,巴彦淖尔市,2009,0,0,0,0,0,0,stable
CNUR-000032,巴彦淖尔市,2010,0,0,0,0,0,0,stable
CNUR-000032,巴彦淖尔市,2011,0,0,0,0,0,0,stable
CNUR-000032,巴彦淖尔市,2012,0,0,0,0,0,0,stable
CNUR-000032,巴彦淖尔市,2013,0,0,0,0,0,0,stable
CNUR-000032,巴彦淖尔市,2014,0,0,0,0,0,0,stable
CNUR-000032,巴彦淖尔市,2015,0,0,0,0,0,0,stable
CNUR-000032,巴彦淖尔市,2016,0,0,0,0,0,0,stable
CNUR-000032,巴彦淖尔市,2017,0,0,0,0,0,0,stable
CNUR-000032,巴彦淖尔市,2018,0,0,0,0,0,0,stable
CNUR-000032,巴彦淖尔市,2019,0,0,0,0,0,0,stable
CNUR-000032,巴彦淖尔市,2020,0,0,0,0,0,0,stable
CNUR-000033,乌兰察布市,1999,0,0,0,0,0,0,stable
CNUR-000033,乌兰察布市,2000,0,0,0,0,0,0,stable
CNUR-000033,乌兰察布市,2001,0,0,0,0,0,0,stable
CNUR-000033,乌兰察布市,2002,0,0,0,0,0,0,stable
CNUR-000033,乌兰察布市,2003,0,0,0,0,0,0,stable
CNUR-000033,乌兰察布市,2004,0,0,0,0,0,0,stable
CNUR-000033,乌兰察布市,2005,0,0,0,0,0,0,stable
CNUR-000033,乌兰察布市,2006,0,0,0,0,0,0,stable
CNUR-000033,乌兰察布市,2007,0,0,0,0,0,0,stable
CNUR-000033,乌兰察布市,2008,0,0,0,0,0,0,stable
CNUR-000033,乌兰察布市,2009,0,0,0,0,0,0,stable
CNUR-000033,乌兰察布市,2010,0,0,0,0,0,0,stable
CNUR-000033,乌兰察布市,2011,0,0,0,0,0,0,stable
CNUR-000033,乌兰察布市,2012,0,0,0,0,0,0,stable
CNUR-000033,乌兰察布市,2013,0,0,0,0,0,0,stable
CNUR-000033,乌兰察布市,2014,0,0,0,0,0,0,stable
CNUR-000033,乌兰察布市,2015,0,0,0,0,0,0,stable
CNUR-000033,乌兰察布市,2016,0,0,0,0,0,0,stable
CNUR-000033,乌兰察布市,2017,0,0,0,0,0,0,stable
CNUR-000033,乌兰察布市,2018,0,0,0,0,0,0,stable
CNUR-000033,乌兰察布市,2019,0,0,0,0,0,0,stable
CNUR-000033,乌兰察布市,2020,0,0,0,0,0,0,stable
CNUR-000034,兴安盟,1999,0,0,0,0,0,0,stable
CNUR-000034,兴安盟,2000,0,0,0,0,0,0,stable
CNUR-000034,兴安盟,2001,0,0,0,0,0,0,stable
CNUR-000034,兴安盟,2002,0,0,0,0,0,0,stable
CNUR-000034,兴安盟,2003,0,0,0,0,0,0,stable
CNUR-000034,兴安盟,2004,0,0,0,0,0,0,stable
CNUR-000034,兴安盟,2005,0,0,0,0,0,0,stable
CNUR-000034,兴安盟,2006,0,0,0,0,0,0,stable
CNUR-000034,兴安盟,2007,0,0,0,0,0,0,stable
CNUR-000034,兴安盟,2008,0,0,0,0,0,0,stable
CNUR-000034,兴安盟,2009,0,0,0,0,0,0,stable
CNUR-000034,兴安盟,2010,0,0,0,0,0,0,stable
CNUR-000034,兴安盟,2011,0,0,0,0,0,0,stable
CNUR-000034,兴安盟,2012,0,0,0,0,0,0,stable
CNUR-000034,兴安盟,2013,0,0,0,0,0,0,stable
CNUR-000034,兴安盟,2014,0,0,0,0,0,0,stable
CNUR-000034,兴安盟,2015,0,0,0,0,0,0,stable
CNUR-000034,兴安盟,2016,0,0,0,0,0,0,stable
CNUR-000034,兴安盟,2017,0,0,0,0,0,0,stable
CNUR-000034,兴安盟,2018,0,0,0,0,0,0,stable
CNUR-000034,兴安盟,2019,0,0,0,0,0,0,stable
CNUR-000034,兴安盟,2020,0,0,0,0,0,0,stable
CNUR-000035,锡林郭勒盟,1999,0,0,0,0,0,0,stable
CNUR-000035,锡林郭勒盟,2000,0,0,0,0,0,0,stable
CNUR-000035,锡林郭勒盟,2001,0,0,0,0,0,0,stable
CNUR-000035,锡林郭勒盟,2002,0,0,0,0,0,0,stable
CNUR-000035,锡林郭勒盟,2003,0,0,0,0,0,0,stable
CNUR-000035,锡林郭勒盟,2004,0,0,0,0,0,0,stable
CNUR-000035,锡林郭勒盟,2005,0,0,0,0,0,0,stable
CNUR-000035,锡林郭勒盟,2006,0,0,0,0,0,0,stable
CNUR-000035,锡林郭勒盟,2007,0,0,0,0,0,0,stable
CNUR-000035,锡林郭勒盟,2008,0,0,0,0,0,0,stable
CNUR-000035,锡林郭勒盟,2009,0,0,0,0,0,0,stable
CNUR-000035,锡林郭勒盟,2010,0,0,0,0,0,0,stable
CNUR-000035,锡林郭勒盟,2011,0,0,0,0,0,0,stable
CNUR-000035,锡林郭勒盟,2012,0,0,0,0,0,0,stable
CNUR-000035,锡林郭勒盟,2013,0,0,0,0,0,0,stable
CNUR-000035,锡林郭勒盟,2014,0,0,0,0,0,0,stable
CNUR-000035,锡林郭勒盟,2015,0,0,0,0,0,0,stable
CNUR-000035,锡林郭勒盟,2016,0,0,0,0,0,0,stable
CNUR-000035,锡林郭勒盟,2017,0,0,0,0,0,0,stable
CNUR-000035,锡林郭勒盟,2018,0,0,0,0,0,0,stable
CNUR-000035,锡林郭勒盟,2019,0,0,0,0,0,0,stable
CNUR-000035,锡林郭勒盟,2020,0,0,0,0,0,0,stable
CNUR-000036,阿拉善盟,1999,0,0,0,0,0,0,stable
CNUR-000036,阿拉善盟,2000,0,0,0,0,0,0,stable
CNUR-000036,阿拉善盟,2001,0,0,0,0,0,0,stable
CNUR-000036,阿拉善盟,2002,0,0,0,0,0,0,stable
CNUR-000036,阿拉善盟,2003,0,0,0,0,0,0,stable
CNUR-000036,阿拉善盟,2004,0,0,0,0,0,0,stable
CNUR-000036,阿拉善盟,2005,0,0,0,0,0,0,stable
CNUR-000036,阿拉善盟,2006,0,0,0,0,0,0,stable
CNUR-000036,阿拉善盟,2007,0,0,0,0,0,0,stable
CNUR-000036,阿拉善盟,2008,0,0,0,0,0,0,stable
CNUR-000036,阿拉善盟,2009,0,0,0,0,0,0,stable
CNUR-000036,阿拉善盟,2010,0,0,0,0,0,0,stable
CNUR-000036,阿拉善盟,2011,0,0,0,0,0,0,stable
CNUR-000036,阿拉善盟,2012,0,0,0,0,0,0,stable
CNUR-000036,阿拉善盟,2013,0,0,0,0,0,0,stable
CNUR-000036,阿拉善盟,2014,0,0,0,0,0,0,stable
CNUR-000036,阿拉善盟,2015,0,0,0,0,0,0,stable
CNUR-000036,阿拉善盟,2016,0,0,0,0,0,0,stable
CNUR-000036,阿拉善盟,2017,0,0,0,0,0,0,stable
CNUR-000036,阿拉善盟,2018,0,0,0,0,0,0,stable
CNUR-000036,阿拉善盟,2019,0,0,0,0,0,0,stable
CNUR-000036,阿拉善盟,2020,0,0,0,0,0,0,stable
CNUR-000037,沈阳市,1999,0,0,0,0,0,0,stable
CNUR-000037,沈阳市,2000,0,0,0,0,0,0,stable
CNUR-000037,沈阳市,2001,0,0,0,0,0,0,stable
CNUR-000037,沈阳市,2002,0,0,0,0,0,0,stable
CNUR-000037,沈阳市,2003,0,0,0,0,0,0,stable
CNUR-000037,沈阳市,2004,0,0,0,0,0,0,stable
CNUR-000037,沈阳市,2005,0,0,0,0,0,0,stable
CNUR-000037,沈阳市,2006,0,0,0,0,0,0,stable
CNUR-000037,沈阳市,2007,0,0,0,0,0,0,stable
CNUR-000037,沈阳市,2008,0,0,0,0,0,0,stable
CNUR-000037,沈阳市,2009,0,0,0,0,0,0,stable
CNUR-000037,沈阳市,2010,0,0,0,0,0,0,stable
CNUR-000037,沈阳市,2011,0,0,0,0,0,0,stable
CNUR-000037,沈阳市,2012,0,0,0,0,0,0,stable
CNUR-000037,沈阳市,2013,0,0,0,0,0,0,stable
CNUR-000037,沈阳市,2014,0,0,0,0,0,0,stable
CNUR-000037,沈阳市,2015,0,0,0,0,0,0,stable
CNUR-000037,沈阳市,2016,0,1,0,0,1,0,district_scope_jump
CNUR-000037,沈阳市,2017,0,0,0,0,0,0,stable
CNUR-000037,沈阳市,2018,0,0,0,0,0,0,stable
CNUR-000037,沈阳市,2019,0,0,0,0,0,0,stable
CNUR-000037,沈阳市,2020,0,0,0,0,0,0,stable
CNUR-000038,大连市,1999,0,0,0,0,0,0,stable
CNUR-000038,大连市,2000,0,0,0,0,0,0,stable
CNUR-000038,大连市,2001,0,0,0,0,0,0,stable
CNUR-000038,大连市,2002,0,0,0,0,0,0,stable
CNUR-000038,大连市,2003,0,0,0,0,0,0,stable
CNUR-000038,大连市,2004,0,0,0,0,0,0,stable
CNUR-000038,大连市,2005,0,0,0,0,0,0,stable
CNUR-000038,大连市,2006,0,0,0,0,0,0,stable
CNUR-000038,大连市,2007,0,0,0,0,0,0,stable
CNUR-000038,大连市,2008,0,0,0,0,0,0,stable
CNUR-000038,大连市,2009,0,0,0,0,0,0,stable
CNUR-000038,大连市,2010,0,0,0,0,0,0,stable
CNUR-000038,大连市,2011,0,0,0,0,0,0,stable
CNUR-000038,大连市,2012,0,0,0,0,0,0,stable
CNUR-000038,大连市,2013,0,0,0,0,0,0,stable
CNUR-000038,大连市,2014,0,0,0,0,0,0,stable
CNUR-000038,大连市,2015,0,1,0,0,1,0,district_scope_jump
CNUR-000038,大连市,2016,0,0,0,0,0,0,stable
CNUR-000038,大连市,2017,0,0,0,0,0,0,stable
CNUR-000038,大连市,2018,0,0,0,0,0,0,stable
CNUR-000038,大连市,2019,0,0,0,0,0,0,stable
CNUR-000038,大连市,2020,0,0,0,0,0,0,stable
CNUR-000039,鞍山市,1999,0,0,0,0,0,0,stable
CNUR-000039,鞍山市,2000,0,0,0,0,0,0,stable
CNUR-000039,鞍山市,2001,0,0,0,0,0,0,stable
CNUR-000039,鞍山市,2002,0,0,0,0,0,0,stable
CNUR-000039,鞍山市,2003,0,0,0,0,0,0,stable
CNUR-000039,鞍山市,2004,0,0,0,0,0,0,stable
CNUR-000039,鞍山市,2005,0,0,0,0,0,0,stable
CNUR-000039,鞍山市,2006,0,0,0,0,0,0,stable
CNUR-000039,鞍山市,2007,0,0,0,0,0,0,stable
CNUR-000039,鞍山市,2008,0,0,0,0,0,0,stable
CNUR-000039,鞍山市,2009,0,0,0,0,0,0,stable
CNUR-000039,鞍山市,2010,0,0,0,0,0,0,stable
CNUR-000039,鞍山市,2011,0,0,0,0,0,0,stable
CNUR-000039,鞍山市,2012,0,0,0,0,0,0,stable
CNUR-000039,鞍山市,2013,0,0,0,0,0,0,stable
CNUR-000039,鞍山市,2014,0,0,0,0,0,0,stable
CNUR-000039,鞍山市,2015,0,0,0,0,0,0,stable
CNUR-000039,鞍山市,2016,0,0,0,0,0,0,stable
CNUR-000039,鞍山市,2017,0,0,0,0,0,0,stable
CNUR-000039,鞍山市,2018,0,0,0,0,0,0,stable
CNUR-000039,鞍山市,2019,0,0,0,0,0,0,stable
CNUR-000039,鞍山市,2020,0,0,0,0,0,0,stable
CNUR-000040,抚顺市,1999,0,0,0,0,0,0,stable
CNUR-000040,抚顺市,2000,0,0,0,0,0,0,stable
CNUR-000040,抚顺市,2001,0,0,0,0,0,0,stable
CNUR-000040,抚顺市,2002,0,0,0,0,0,0,stable
CNUR-000040,抚顺市,2003,0,0,0,0,0,0,stable
CNUR-000040,抚顺市,2004,0,0,0,0,0,0,stable
CNUR-000040,抚顺市,2005,0,0,0,0,0,0,stable
CNUR-000040,抚顺市,2006,0,0,0,0,0,0,stable
CNUR-000040,抚顺市,2007,0,0,0,0,0,0,stable
CNUR-000040,抚顺市,2008,0,0,0,0,0,0,stable
CNUR-000040,抚顺市,2009,0,0,0,0,0,0,stable
CNUR-000040,抚顺市,2010,0,0,0,0,0,0,stable
CNUR-000040,抚顺市,2011,0,0,0,0,0,0,stable
CNUR-000040,抚顺市,2012,0,0,0,0,0,0,stable
CNUR-000040,抚顺市,2013,0,0,0,0,0,0,stable
CNUR-000040,抚顺市,2014,0,0,0,0,0,0,stable
CNUR-000040,抚顺市,2015,0,0,0,0,0,0,stable
CNUR-000040,抚顺市,2016,0,0,0,0,0,0,stable
CNUR-000040,抚顺市,2017,0,0,0,0,0,0,stable
CNUR-000040,抚顺市,2018,0,0,0,0,0,0,stable
CNUR-000040,抚顺市,2019,0,0,0,0,0,0,stable
CNUR-000040,抚顺市,2020,0,0,0,0,0,0,stable
CNUR-000041,本溪市,1999,0,0,0,0,0,0,stable
CNUR-000041,本溪市,2000,0,0,0,0,0,0,stable
CNUR-000041,本溪市,2001,0,0,0,0,0,0,stable
CNUR-000041,本溪市,2002,0,0,0,0,0,0,stable
CNUR-000041,本溪市,2003,0,0,0,0,0,0,stable
CNUR-000041,本溪市,2004,0,0,0,0,0,0,stable
CNUR-000041,本溪市,2005,0,0,0,0,0,0,stable
CNUR-000041,本溪市,2006,0,0,0,0,0,0,stable
CNUR-000041,本溪市,2007,0,0,0,0,0,0,stable
CNUR-000041,本溪市,2008,0,0,0,0,0,0,stable
CNUR-000041,本溪市,2009,0,0,0,0,0,0,stable
CNUR-000041,本溪市,2010,0,0,0,0,0,0,stable
CNUR-000041,本溪市,2011,0,0,0,0,0,0,stable
CNUR-000041,本溪市,2012,0,0,0,0,0,0,stable
CNUR-000041,本溪市,2013,0,0,0,0,0,0,stable
CNUR-000041,本溪市,2014,0,0,0,0,0,0,stable
CNUR-000041,本溪市,2015,0,0,0,0,0,0,stable
CNUR-000041,本溪市,2016,0,0,0,0,0,0,stable
CNUR-000041,本溪市,2017,0,0,0,0,0,0,stable
CNUR-000041,本溪市,2018,0,0,0,0,0,0,stable
CNUR-000041,本溪市,2019,0,0,0,0,0,0,stable
CNUR-000041,本溪市,2020,0,0,0,0,0,0,stable
CNUR-000042,丹东市,1999,0,0,0,0,0,0,stable
CNUR-000042,丹东市,2000,0,0,0,0,0,0,stable
CNUR-000042,丹东市,2001,0,0,0,0,0,0,stable
CNUR-000042,丹东市,2002,0,0,0,0,0,0,stable
CNUR-000042,丹东市,2003,0,0,0,0,0,0,stable
CNUR-000042,丹东市,2004,0,0,0,0,0,0,stable
CNUR-000042,丹东市,2005,0,0,0,0,0,0,stable
CNUR-000042,丹东市,2006,0,0,0,0,0,0,stable
CNUR-000042,丹东市,2007,0,0,0,0,0,0,stable
CNUR-000042,丹东市,2008,0,0,0,0,0,0,stable
CNUR-000042,丹东市,2009,0,0,0,0,0,0,stable
CNUR-000042,丹东市,2010,0,0,0,0,0,0,stable
CNUR-000042,丹东市,2011,0,0,0,0,0,0,stable
CNUR-000042,丹东市,2012,0,0,0,0,0,0,stable
CNUR-000042,丹东市,2013,0,0,0,0,0,0,stable
CNUR-000042,丹东市,2014,0,0,0,0,0,0,stable
CNUR-000042,丹东市,2015,0,0,0,0,0,0,stable
CNUR-000042,丹东市,2016,0,0,0,0,0,0,stable
CNUR-000042,丹东市,2017,0,0,0,0,0,0,stable
CNUR-000042,丹东市,2018,0,0,0,0,0,0,stable
CNUR-000042,丹东市,2019,0,0,0,0,0,0,stable
CNUR-000042,丹东市,2020,0,0,0,0,0,0,stable
CNUR-000043,锦州市,1999,0,0,0,0,0,0,stable
CNUR-000043,锦州市,2000,0,0,0,0,0,0,stable
CNUR-000043,锦州市,2001,0,0,0,0,0,0,stable
CNUR-000043,锦州市,2002,0,0,0,0,0,0,stable
CNUR-000043,锦州市,2003,0,0,0,0,0,0,stable
CNUR-000043,锦州市,2004,0,0,0,0,0,0,stable
CNUR-000043,锦州市,2005,0,0,0,0,0,0,stable
CNUR-000043,锦州市,2006,0,0,0,0,0,0,stable
CNUR-000043,锦州市,2007,0,0,0,0,0,0,stable
CNUR-000043,锦州市,2008,0,0,0,0,0,0,stable
CNUR-000043,锦州市,2009,0,0,0,0,0,0,stable
CNUR-000043,锦州市,2010,0,0,0,0,0,0,stable
CNUR-000043,锦州市,2011,0,0,0,0,0,0,stable
CNUR-000043,锦州市,2012,0,0,0,0,0,0,stable
CNUR-000043,锦州市,2013,0,0,0,0,0,0,stable
CNUR-000043,锦州市,2014,0,0,0,0,0,0,stable
CNUR-000043,锦州市,2015,0,0,0,0,0,0,stable
CNUR-000043,锦州市,2016,0,0,0,0,0,0,stable
CNUR-000043,锦州市,2017,0,0,0,0,0,0,stable
CNUR-000043,锦州市,2018,0,0,0,0,0,0,stable
CNUR-000043,锦州市,2019,0,0,0,0,0,0,stable
CNUR-000043,锦州市,2020,0,0,0,0,0,0,stable
CNUR-000044,营口市,1999,0,0,0,0,0,0,stable
CNUR-000044,营口市,2000,0,0,0,0,0,0,stable
CNUR-000044,营口市,2001,0,0,0,0,0,0,stable
CNUR-000044,营口市,2002,0,0,0,0,0,0,stable
CNUR-000044,营口市,2003,0,0,0,0,0,0,stable
CNUR-000044,营口市,2004,0,1,0,0,1,0,district_scope_jump
CNUR-000044,营口市,2005,0,0,0,0,0,0,stable
CNUR-000044,营口市,2006,0,0,0,0,0,0,stable
CNUR-000044,营口市,2007,0,0,0,0,0,0,stable
CNUR-000044,营口市,2008,0,0,0,0,0,0,stable
CNUR-000044,营口市,2009,0,0,0,0,0,0,stable
CNUR-000044,营口市,2010,0,0,0,0,0,0,stable
CNUR-000044,营口市,2011,0,0,0,0,0,0,stable
CNUR-000044,营口市,2012,0,0,0,0,0,0,stable
CNUR-000044,营口市,2013,0,0,0,0,0,0,stable
CNUR-000044,营口市,2014,0,0,0,0,0,0,stable
CNUR-000044,营口市,2015,0,0,0,0,0,0,stable
CNUR-000044,营口市,2016,0,0,0,0,0,0,stable
CNUR-000044,营口市,2017,0,0,0,0,0,0,stable
CNUR-000044,营口市,2018,0,0,0,0,0,0,stable
CNUR-000044,营口市,2019,0,0,0,0,0,0,stable
CNUR-000044,营口市,2020,0,0,0,0,0,0,stable
CNUR-000045,阜新市,1999,0,0,0,0,0,0,stable
CNUR-000045,阜新市,2000,0,0,0,0,0,0,stable
CNUR-000045,阜新市,2001,0,0,0,0,0,0,stable
CNUR-000045,阜新市,2002,0,0,0,0,0,0,stable
CNUR-000045,阜新市,2003,0,0,0,0,0,0,stable
CNUR-000045,阜新市,2004,0,0,0,0,0,0,stable
CNUR-000045,阜新市,2005,0,0,0,0,0,0,stable
CNUR-000045,阜新市,2006,0,0,0,0,0,0,stable
CNUR-000045,阜新市,2007,0,0,0,0,0,0,stable
CNUR-000045,阜新市,2008,0,0,0,0,0,0,stable
CNUR-000045,阜新市,2009,0,0,0,0,0,0,stable
CNUR-000045,阜新市,2010,0,0,0,0,0,0,stable
CNUR-000045,阜新市,2011,0,0,0,0,0,0,stable
CNUR-000045,阜新市,2012,0,0,0,0,0,0,stable
CNUR-000045,阜新市,2013,0,0,0,0,0,0,stable
CNUR-000045,阜新市,2014,0,0,0,0,0,0,stable
CNUR-000045,阜新市,2015,0,0,0,0,0,0,stable
CNUR-000045,阜新市,2016,0,0,0,0,0,0,stable
CNUR-000045,阜新市,2017,0,0,0,0,0,0,stable
CNUR-000045,阜新市,2018,0,0,0,0,0,0,stable
CNUR-000045,阜新市,2019,0,0,0,0,0,0,stable
CNUR-000045,阜新市,2020,0,0,0,0,0,0,stable
CNUR-000046,辽阳市,1999,0,0,0,0,0,0,stable
CNUR-000046,辽阳市,2000,0,0,0,0,0,0,stable
CNUR-000046,辽阳市,2001,0,0,0,0,0,0,stable
CNUR-000046,辽阳市,2002,0,0,0,0,0,0,stable
CNUR-000046,辽阳市,2003,0,0,0,0,0,0,stable
CNUR-000046,辽阳市,2004,0,0,0,0,0,0,stable
CNUR-000046,辽阳市,2005,0,0,0,0,0,0,stable
CNUR-000046,辽阳市,2006,0,0,0,0,0,0,stable
CNUR-000046,辽阳市,2007,0,0,0,0,0,0,stable
CNUR-000046,辽阳市,2008,0,0,0,0,0,0,stable
CNUR-000046,辽阳市,2009,0,0,0,0,0,0,stable
CNUR-000046,辽阳市,2010,0,0,0,0,0,0,stable
CNUR-000046,辽阳市,2011,0,0,0,0,0,0,stable
CNUR-000046,辽阳市,2012,0,0,0,0,0,0,stable
CNUR-000046,辽阳市,2013,0,0,0,0,0,0,stable
CNUR-000046,辽阳市,2014,0,0,0,0,0,0,stable
CNUR-000046,辽阳市,2015,0,0,0,0,0,0,stable
CNUR-000046,辽阳市,2016,0,0,0,0,0,0,stable
CNUR-000046,辽阳市,2017,0,0,0,0,0,0,stable
CNUR-000046,辽阳市,2018,0,0,0,0,0,0,stable
CNUR-000046,辽阳市,2019,0,0,0,0,0,0,stable
CNUR-000046,辽阳市,2020,0,0,0,0,0,0,stable
CNUR-000047,盘锦市,1999,0,0,0,0,0,0,stable
CNUR-000047,盘锦市,2000,0,0,0,0,0,0,stable
CNUR-000047,盘锦市,2001,0,0,0,0,0,0,stable
CNUR-000047,盘锦市,2002,0,0,0,0,0,0,stable
CNUR-000047,盘锦市,2003,0,0,0,0,0,0,stable
CNUR-000047,盘锦市,2004,0,0,0,0,0,0,stable
CNUR-000047,盘锦市,2005,0,0,0,0,0,0,stable
CNUR-000047,盘锦市,2006,0,0,0,0,0,0,stable
CNUR-000047,盘锦市,2007,0,0,0,0,0,0,stable
CNUR-000047,盘锦市,2008,0,0,0,0,0,0,stable
CNUR-000047,盘锦市,2009,0,0,0,0,0,0,stable
CNUR-000047,盘锦市,2010,0,0,0,0,0,0,stable
CNUR-000047,盘锦市,2011,0,0,0,0,0,0,stable
CNUR-000047,盘锦市,2012,0,0,0,0,0,0,stable
CNUR-000047,盘锦市,2013,0,0,0,0,0,0,stable
CNUR-000047,盘锦市,2014,0,0,0,0,0,0,stable
CNUR-000047,盘锦市,2015,0,0,0,0,0,0,stable
CNUR-000047,盘锦市,2016,0,1,0,0,1,0,district_scope_jump
CNUR-000047,盘锦市,2017,0,0,0,0,0,0,stable
CNUR-000047,盘锦市,2018,0,0,0,0,0,0,stable
CNUR-000047,盘锦市,2019,0,0,0,0,0,0,stable
CNUR-000047,盘锦市,2020,0,0,0,0,0,0,stable
CNUR-000048,铁岭市,1999,0,0,0,0,0,0,stable
CNUR-000048,铁岭市,2000,0,0,0,0,0,0,stable
CNUR-000048,铁岭市,2001,0,0,0,0,0,0,stable
CNUR-000048,铁岭市,2002,0,0,0,0,0,0,stable
CNUR-000048,铁岭市,2003,0,0,0,0,0,0,stable
CNUR-000048,铁岭市,2004,0,0,0,0,0,0,stable
CNUR-000048,铁岭市,2005,0,0,0,0,0,0,stable
CNUR-000048,铁岭市,2006,0,0,0,0,0,0,stable
CNUR-000048,铁岭市,2007,0,0,0,0,0,0,stable
CNUR-000048,铁岭市,2008,0,0,0,0,0,0,stable
CNUR-000048,铁岭市,2009,0,0,0,0,0,0,stable
CNUR-000048,铁岭市,2010,0,0,0,0,0,0,stable
CNUR-000048,铁岭市,2011,0,0,0,0,0,0,stable
CNUR-000048,铁岭市,2012,0,0,0,0,0,0,stable
CNUR-000048,铁岭市,2013,0,0,0,0,0,0,stable
CNUR-000048,铁岭市,2014,0,0,0,0,0,0,stable
CNUR-000048,铁岭市,2015,0,0,0,0,0,0,stable
CNUR-000048,铁岭市,2016,0,0,0,0,0,0,stable
CNUR-000048,铁岭市,2017,0,0,0,0,0,0,stable
CNUR-000048,铁岭市,2018,0,0,0,0,0,0,stable
CNUR-000048,铁岭市,2019,0,0,0,0,0,0,stable
CNUR-000048,铁岭市,2020,0,0,0,0,0,0,stable
CNUR-000049,朝阳市,1999,0,0,0,0,0,0,stable
CNUR-000049,朝阳市,2000,0,0,0,0,0,0,stable
CNUR-000049,朝阳市,2001,0,0,0,0,0,0,stable
CNUR-000049,朝阳市,2002,0,0,0,0,0,0,stable
CNUR-000049,朝阳市,2003,0,0,0,0,0,0,stable
CNUR-000049,朝阳市,2004,0,0,0,0,0,0,stable
CNUR-000049,朝阳市,2005,0,0,0,0,0,0,stable
CNUR-000049,朝阳市,2006,0,2,0,0,1,0,district_scope_jump
CNUR-000049,朝阳市,2007,0,0,0,0,0,0,stable
CNUR-000049,朝阳市,2008,0,0,0,0,0,0,stable
CNUR-000049,朝阳市,2009,0,0,0,0,0,0,stable
CNUR-000049,朝阳市,2010,0,0,0,0,0,0,stable
CNUR-000049,朝阳市,2011,0,0,0,0,0,0,stable
CNUR-000049,朝阳市,2012,0,0,0,0,0,0,stable
CNUR-000049,朝阳市,2013,0,0,0,0,0,0,stable
CNUR-000049,朝阳市,2014,0,0,0,0,0,0,stable
CNUR-000049,朝阳市,2015,0,0,0,0,0,0,stable
CNUR-000049,朝阳市,2016,0,0,0,0,0,0,stable
CNUR-000049,朝阳市,2017,0,0,0,0,0,0,stable
CNUR-000049,朝阳市,2018,0,0,0,0,0,0,stable
CNUR-000049,朝阳市,2019,0,0,0,0,0,0,stable
CNUR-000049,朝阳市,2020,0,0,0,0,0,0,stable
CNUR-000050,葫芦岛市,1999,0,0,0,0,0,0,stable
CNUR-000050,葫芦岛市,2000,0,0,0,0,0,0,stable
CNUR-000050,葫芦岛市,2001,0,0,0,0,0,0,stable
CNUR-000050,葫芦岛市,2002,0,0,0,0,0,0,stable
CNUR-000050,葫芦岛市,2003,0,0,0,0,0,0,stable
CNUR-000050,葫芦岛市,2004,0,0,0,0,0,0,stable
CNUR-000050,葫芦岛市,2005,0,0,0,0,0,0,stable
CNUR-000050,葫芦岛市,2006,0,0,0,0,0,0,stable
CNUR-000050,葫芦岛市,2007,0,0,0,0,0,0,stable
CNUR-000050,葫芦岛市,2008,0,0,0,0,0,0,stable
CNUR-000050,葫芦岛市,2009,0,0,0,0,0,0,stable
CNUR-000050,葫芦岛市,2010,0,0,0,0,0,0,stable
CNUR-000050,葫芦岛市,2011,0,0,0,0,0,0,stable
CNUR-000050,葫芦岛市,2012,0,0,0,0,0,0,stable
CNUR-000050,葫芦岛市,2013,0,0,0,0,0,0,stable
CNUR-000050,葫芦岛市,2014,0,0,0,0,0,0,stable
CNUR-000050,葫芦岛市,2015,0,0,0,0,0,0,stable
CNUR-000050,葫芦岛市,2016,0,0,0,0,0,0,stable
CNUR-000050,葫芦岛市,2017,0,0,0,0,0,0,stable
CNUR-000050,葫芦岛市,2018,0,0,0,0,0,0,stable
CNUR-000050,葫芦岛市,2019,0,0,0,0,0,0,stable
CNUR-000050,葫芦岛市,2020,0,0,0,0,0,0,stable
CNUR-000051,长春市,1999,0,0,0,0,0,0,stable
CNUR-000051,长春市,2000,0,0,0,0,0,0,stable
CNUR-000051,长春市,2001,0,0,0,0,0,0,stable
CNUR-000051,长春市,2002,0,0,0,0,0,0,stable
CNUR-000051,长春市,2003,0,0,0,0,0,0,stable
CNUR-000051,长春市,2004,0,0,0,0,0,0,stable
CNUR-000051,长春市,2005,0,0,0,0,0,0,stable
CNUR-000051,长春市,2006,0,0,0,0,0,0,stable
CNUR-000051,长春市,2007,0,0,0,0,0,0,stable
CNUR-000051,长春市,2008,0,0,0,0,0,0,stable
CNUR-000051,长春市,2009,0,0,0,0,0,0,stable
CNUR-000051,长春市,2010,0,0,0,0,0,0,stable
CNUR-000051,长春市,2011,0,0,0,0,0,0,stable
CNUR-000051,长春市,2012,0,0,0,0,0,0,stable
CNUR-000051,长春市,2013,0,0,0,0,0,0,stable
CNUR-000051,长春市,2014,0,1,0,0,1,0,district_scope_jump
CNUR-000051,长春市,2015,0,0,0,0,0,0,stable
CNUR-000051,长春市,2016,0,0,0,0,0,0,stable
CNUR-000051,长春市,2017,0,0,0,0,0,0,stable
CNUR-000051,长春市,2018,0,0,0,0,0,0,stable
CNUR-000051,长春市,2019,0,0,0,0,0,0,stable
CNUR-000051,长春市,2020,1,0,0,1,0,0,whole_city_break
CNUR-000052,吉林市,1999,0,0,0,0,0,0,stable
CNUR-000052,吉林市,2000,0,0,0,0,0,0,stable
CNUR-000052,吉林市,2001,0,0,0,0,0,0,stable
CNUR-000052,吉林市,2002,0,0,0,0,0,0,stable
CNUR-000052,吉林市,2003,0,0,0,0,0,0,stable
CNUR-000052,吉林市,2004,0,0,0,0,0,0,stable
CNUR-000052,吉林市,2005,0,0,0,0,0,0,stable
CNUR-000052,吉林市,2006,0,0,0,0,0,0,stable
CNUR-000052,吉林市,2007,0,0,0,0,0,0,stable
CNUR-000052,吉林市,2008,0,0,0,0,0,0,stable
CNUR-000052,吉林市,2009,0,0,0,0,0,0,stable
CNUR-000052,吉林市,2010,0,0,0,0,0,0,stable
CNUR-000052,吉林市,2011,0,0,0,0,0,0,stable
CNUR-000052,吉林市,2012,0,0,0,0,0,0,stable
CNUR-000052,吉林市,2013,0,0,0,0,0,0,stable
CNUR-000052,吉林市,2014,0,0,0,0,0,0,stable
CNUR-000052,吉林市,2015,0,0,0,0,0,0,stable
CNUR-000052,吉林市,2016,0,0,0,0,0,0,stable
CNUR-000052,吉林市,2017,0,0,0,0,0,0,stable
CNUR-000052,吉林市,2018,0,0,0,0,0,0,stable
CNUR-000052,吉林市,2019,0,0,0,0,0,0,stable
CNUR-000052,吉林市,2020,0,0,0,0,0,0,stable
CNUR-000053,四平市,1999,0,0,0,0,0,0,stable
CNUR-000053,四平市,2000,0,0,0,0,0,0,stable
CNUR-000053,四平市,2001,0,0,0,0,0,0,stable
CNUR-000053,四平市,2002,0,0,0,0,0,0,stable
CNUR-000053,四平市,2003,0,0,0,0,0,0,stable
CNUR-000053,四平市,2004,0,0,0,0,0,0,stable
CNUR-000053,四平市,2005,0,0,0,0,0,0,stable
CNUR-000053,四平市,2006,0,0,0,0,0,0,stable
CNUR-000053,四平市,2007,0,0,0,0,0,0,stable
CNUR-000053,四平市,2008,0,0,0,0,0,0,stable
CNUR-000053,四平市,2009,0,0,0,0,0,0,stable
CNUR-000053,四平市,2010,0,0,0,0,0,0,stable
CNUR-000053,四平市,2011,0,0,0,0,0,0,stable
CNUR-000053,四平市,2012,0,0,0,0,0,0,stable
CNUR-000053,四平市,2013,0,0,0,0,0,0,stable
CNUR-000053,四平市,2014,0,0,0,0,0,0,stable
CNUR-000053,四平市,2015,0,0,0,0,0,0,stable
CNUR-000053,四平市,2016,0,0,0,0,0,0,stable
CNUR-000053,四平市,2017,0,0,0,0,0,0,stable
CNUR-000053,四平市,2018,0,0,0,0,0,0,stable
CNUR-000053,四平市,2019,0,0,0,0,0,0,stable
CNUR-000053,四平市,2020,1,0,0,1,0,0,whole_city_break
CNUR-000054,辽源市,1999,0,0,0,0,0,0,stable
CNUR-000054,辽源市,2000,0,0,0,0,0,0,stable
CNUR-000054,辽源市,2001,0,0,0,0,0,0,stable
CNUR-000054,辽源市,2002,0,0,0,0,0,0,stable
CNUR-000054,辽源市,2003,0,0,0,0,0,0,stable
CNUR-000054,辽源市,2004,0,0,0,0,0,0,stable
CNUR-000054,辽源市,2005,0,0,0,0,0,0,stable
CNUR-000054,辽源市,2006,0,0,0,0,0,0,stable
CNUR-000054,辽源市,2007,0,0,0,0,0,0,stable
CNUR-000054,辽源市,2008,0,0,0,0,0,0,stable
CNUR-000054,辽源市,2009,0,0,0,0,0,0,stable
CNUR-000054,辽源市,2010,0,0,0,0,0,0,stable
CNUR-000054,辽源市,2011,0,0,0,0,0,0,stable
CNUR-000054,辽源市,2012,0,0,0,0,0,0,stable
CNUR-000054,辽源市,2013,0,0,0,0,0,0,stable
CNUR-000054,辽源市,2014,0,0,0,0,0,0,stable
CNUR-000054,辽源市,2015,0,0,0,0,0,0,stable
CNUR-000054,辽源市,2016,0,0,0,0,0,0,stable
CNUR-000054,辽源市,2017,0,0,0,0,0,0,stable
CNUR-000054,辽源市,2018,0,0,0,0,0,0,stable
CNUR-000054,辽源市,2019,0,0,0,0,0,0,stable
CNUR-000054,辽源市,2020,0,0,0,0,0,0,stable
CNUR-000055,通化市,1999,0,0,0,0,0,0,stable
CNUR-000055,通化市,2000,0,0,0,0,0,0,stable
CNUR-000055,通化市,2001,0,0,0,0,0,0,stable
CNUR-000055,通化市,2002,0,0,0,0,0,0,stable
CNUR-000055,通化市,2003,0,0,0,0,0,0,stable
CNUR-000055,通化市,2004,0,0,0,0,0,0,stable
CNUR-000055,通化市,2005,0,0,0,0,0,0,stable
CNUR-000055,通化市,2006,0,0,0,0,0,0,stable
CNUR-000055,通化市,2007,0,0,0,0,0,0,stable
CNUR-000055,通化市,2008,0,0,0,0,0,0,stable
CNUR-000055,通化市,2009,0,0,0,0,0,0,stable
CNUR-000055,通化市,2010,0,0,0,0,0,0,stable
CNUR-000055,通化市,2011,0,0,0,0,0,0,stable
CNUR-000055,通化市,2012,0,0,0,0,0,0,stable
CNUR-000055,通化市,2013,0,0,0,0,0,0,stable
CNUR-000055,通化市,2014,0,0,0,0,0,0,stable
CNUR-000055,通化市,2015,0,0,0,0,0,0,stable
CNUR-000055,通化市,2016,0,0,0,0,0,0,stable
CNUR-000055,通化市,2017,0,0,0,0,0,0,stable
CNUR-000055,通化市,2018,0,0,0,0,0,0,stable
CNUR-000055,通化市,2019,0,0,0,0,0,0,stable
CNUR-000055,通化市,2020,0,0,0,0,0,0,stable
CNUR-000056,白山市,1999,0,0,0,0,0,0,stable
CNUR-000056,白山市,2000,0,0,0,0,0,0,stable
CNUR-000056,白山市,2001,0,0,0,0,0,0,stable
CNUR-000056,白山市,2002,0,0,0,0,0,0,stable
CNUR-000056,白山市,2003,0,0,0,0,0,0,stable
CNUR-000056,白山市,2004,0,0,0,0,0,0,stable
CNUR-000056,白山市,2005,0,0,0,0,0,0,stable
CNUR-000056,白山市,2006,0,1,0,0,1,0,district_scope_jump
CNUR-000056,白山市,2007,0,0,0,0,0,0,stable
CNUR-000056,白山市,2008,0,0,0,0,0,0,stable
CNUR-000056,白山市,2009,0,0,0,0,0,0,stable
CNUR-000056,白山市,2010,0,0,0,0,0,0,stable
CNUR-000056,白山市,2011,0,0,0,0,0,0,stable
CNUR-000056,白山市,2012,0,0,0,0,0,0,stable
CNUR-000056,白山市,2013,0,0,0,0,0,0,stable
CNUR-000056,白山市,2014,0,0,0,0,0,0,stable
CNUR-000056,白山市,2015,0,0,0,0,0,0,stable
CNUR-000056,白山市,2016,0,0,0,0,0,0,stable
CNUR-000056,白山市,2017,0,0,0,0,0,0,stable
CNUR-000056,白山市,2018,0,0,0,0,0,0,stable
CNUR-000056,白山市,2019,0,0,0,0,0,0,stable
CNUR-000056,白山市,2020,0,0,0,0,0,0,stable
CNUR-000057,松原市,1999,0,0,0,0,0,0,stable
CNUR-000057,松原市,2000,0,0,0,0,0,0,stable
CNUR-000057,松原市,2001,0,0,0,0,0,0,stable
CNUR-000057,松原市,2002,0,0,0,0,0,0,stable
CNUR-000057,松原市,2003,0,0,0,0,0,0,stable
CNUR-000057,松原市,2004,0,0,0,0,0,0,stable
CNUR-000057,松原市,2005,0,0,0,0,0,0,stable
CNUR-000057,松原市,2006,0,0,0,0,0,0,stable
CNUR-000057,松原市,2007,0,0,0,0,0,0,stable
CNUR-000057,松原市,2008,0,0,0,0,0,0,stable
CNUR-000057,松原市,2009,0,0,0,0,0,0,stable
CNUR-000057,松原市,2010,0,0,0,0,0,0,stable
CNUR-000057,松原市,2011,0,0,0,0,0,0,stable
CNUR-000057,松原市,2012,0,0,0,0,0,0,stable
CNUR-000057,松原市,2013,0,0,0,0,0,0,stable
CNUR-000057,松原市,2014,0,0,0,0,0,0,stable
CNUR-000057,松原市,2015,0,0,0,0,0,0,stable
CNUR-000057,松原市,2016,0,0,0,0,0,0,stable
CNUR-000057,松原市,2017,0,0,0,0,0,0,stable
CNUR-000057,松原市,2018,0,0,0,0,0,0,stable
CNUR-000057,松原市,2019,0,0,0,0,0,0,stable
CNUR-000057,松原市,2020,0,0,0,0,0,0,stable
CNUR-000058,白城市,1999,0,0,0,0,0,0,stable
CNUR-000058,白城市,2000,0,0,0,0,0,0,stable
CNUR-000058,白城市,2001,0,0,0,0,0,0,stable
CNUR-000058,白城市,2002,0,0,0,0,0,0,stable
CNUR-000058,白城市,2003,0,0,0,0,0,0,stable
CNUR-000058,白城市,2004,0,0,0,0,0,0,stable
CNUR-000058,白城市,2005,0,0,0,0,0,0,stable
CNUR-000058,白城市,2006,0,0,0,0,0,0,stable
CNUR-000058,白城市,2007,0,0,0,0,0,0,stable
CNUR-000058,白城市,2008,0,0,0,0,0,0,stable
CNUR-000058,白城市,2009,0,0,0,0,0,0,stable
CNUR-000058,白城市,2010,0,0,0,0,0,0,stable
CNUR-000058,白城市,2011,0,0,0,0,0,0,stable
CNUR-000058,白城市,2012,0,0,0,0,0,0,stable
CNUR-000058,白城市,2013,0,0,0,0,0,0,stable
CNUR-000058,白城市,2014,0,0,0,0,0,0,stable
CNUR-000058,白城市,2015,0,0,0,0,0,0,stable
CNUR-000058,白城市,2016,0,0,0,0,0,0,stable
CNUR-000058,白城市,2017,0,0,0,0,0,0,stable
CNUR-000058,白城市,2018,0,0,0,0,0,0,stable
CNUR-000058,白城市,2019,0,0,0,0,0,0,stable
CNUR-000058,白城市,2020,0,0,0,0,0,0,stable
CNUR-000059,延边朝鲜族自治州,1999,0,0,0,0,0,0,stable
CNUR-000059,延边朝鲜族自治州,2000,0,0,0,0,0,0,stable
CNUR-000059,延边朝鲜族自治州,2001,0,0,0,0,0,0,stable
CNUR-000059,延边朝鲜族自治州,2002,0,0,0,0,0,0,stable
CNUR-000059,延边朝鲜族自治州,2003,0,0,0,0,0,0,stable
CNUR-000059,延边朝鲜族自治州,2004,0,0,0,0,0,0,stable
CNUR-000059,延边朝鲜族自治州,2005,0,0,0,0,0,0,stable
CNUR-000059,延边朝鲜族自治州,2006,0,0,0,0,0,0,stable
CNUR-000059,延边朝鲜族自治州,2007,0,0,0,0,0,0,stable
CNUR-000059,延边朝鲜族自治州,2008,0,0,0,0,0,0,stable
CNUR-000059,延边朝鲜族自治州,2009,0,0,0,0,0,0,stable
CNUR-000059,延边朝鲜族自治州,2010,0,0,0,0,0,0,stable
CNUR-000059,延边朝鲜族自治州,2011,0,0,0,0,0,0,stable
CNUR-000059,延边朝鲜族自治州,2012,0,0,0,0,0,0,stable
CNUR-000059,延边朝鲜族自治州,2013,0,0,0,0,0,0,stable
CNUR-000059,延边朝鲜族自治州,2014,0,0,0,0,0,0,stable
CNUR-000059,延边朝鲜族自治州,2015,0,0,0,0,0,0,stable
CNUR-000059,延边朝鲜族自治州,2016,0,0,0,0,0,0,stable
CNUR-000059,延边朝鲜族自治州,2017,0,0,0,0,0,0,stable
CNUR-000059,延边朝鲜族自治州,2018,0,0,0,0,0,0,stable
CNUR-000059,延边朝鲜族自治州,2019,0,0,0,0,0,0,stable
CNUR-000059,延边朝鲜族自治州,2020,0,0,0,0,0,0,stable
CNUR-000060,哈尔滨市,1999,0,0,0,0,0,0,stable
CNUR-000060,哈尔滨市,2000,0,0,0,0,0,0,stable
CNUR-000060,哈尔滨市,2001,0,0,0,0,0,0,stable
CNUR-000060,哈尔滨市,2002,0,0,0,0,0,0,stable
CNUR-000060,哈尔滨市,2003,0,0,0,0,0,0,stable
CNUR-000060,哈尔滨市,2004,0,1,0,0,1,0,district_scope_jump
CNUR-000060,哈尔滨市,2005,0,0,0,0,0,0,stable
CNUR-000060,哈尔滨市,2006,0,0,1,0,0,0,district_merge
CNUR-000060,哈尔滨市,2007,0,0,0,0,0,0,stable
CNUR-000060,哈尔滨市,2008,0,0,0,0,0,0,stable
CNUR-000060,哈尔滨市,2009,0,0,0,0,0,0,stable
CNUR-000060,哈尔滨市,2010,0,0,0,0,0,0,stable
CNUR-000060,哈尔滨市,2011,0,0,0,0,0,0,stable
CNUR-000060,哈尔滨市,2012,0,0,0,0,0,0,stable
CNUR-000060,哈尔滨市,2013,0,0,0,0,0,0,stable
CNUR-000060,哈尔滨市,2014,0,1,0,0,1,0,district_scope_jump
CNUR-000060,哈尔滨市,2015,0,0,0,0,0,0,stable
CNUR-000060,哈尔滨市,2016,0,0,0,0,0,0,stable
CNUR-000060,哈尔滨市,2017,0,0,0,0,0,0,stable
CNUR-000060,哈尔滨市,2018,0,0,0,0,0,0,stable
CNUR-000060,哈尔滨市,2019,0,0,0,0,0,0,stable
CNUR-000060,哈尔滨市,2020,0,0,0,0,0,0,stable
CNUR-000061,齐齐哈尔市,1999,0,0,0,0,0,0,stable
CNUR-000061,齐齐哈尔市,2000,0,0,0,0,0,0,stable
CNUR-000061,齐齐哈尔市,2001,0,0,0,0,0,0,stable
CNUR-000061,齐齐哈尔市,2002,0,0,0,0,0,0,stable
CNUR-000061,齐齐哈尔市,2003,0,0,0,0,0,0,stable
CNUR-000061,齐齐哈尔市,2004,0,0,0,0,0,0,stable
CNUR-000061,齐齐哈尔市,2005,0,0,0,0,0,0,stable
CNUR-000061,齐齐哈尔市,2006,0,0,0,0,0,0,stable
CNUR-000061,齐齐哈尔市,2007,0,0,0,0,0,0,stable
CNUR-000061,齐齐哈尔市,2008,0,0,0,0,0,0,stable
CNUR-000061,齐齐哈尔市,2009,0,0,0,0,0,0,stable
CNUR-000061,齐齐哈尔市,2010,0,0,0,0,0,0,stable
CNUR-000061,齐齐哈尔市,2011,0,0,0,0,0,0,stable
CNUR-000061,齐齐哈尔市,2012,0,0,0,0,0,0,stable
CNUR-000061,齐齐哈尔市,2013,0,0,0,0,0,0,stable
CNUR-000061,齐齐哈尔市,2014,0,0,0,0,0,0,stable
CNUR-000061,齐齐哈尔市,2015,0,0,0,0,0,0,stable
CNUR-000061,齐齐哈尔市,2016,0,0,0,0,0,0,stable
CNUR-000061,齐齐哈尔市,2017,0,0,0,0,0,0,stable
CNUR-000061,齐齐哈尔市,2018,0,0,0,0,0,0,stable
CNUR-000061,齐齐哈尔市,2019,0,0,0,0,0,0,stable
CNUR-000061,齐齐哈尔市,2020,0,0,0,0,0,0,stable
CNUR-000062,鸡西市,1999,0,0,0,0,0,0,stable
CNUR-000062,鸡西市,2000,0,0,0,0,0,0,stable
CNUR-000062,鸡西市,2001,0,0,0,0,0,0,stable
CNUR-000062,鸡西市,2002,0,0,0,0,0,0,stable
CNUR-000062,鸡西市,2003,0,0,0,0,0,0,stable
CNUR-000062,鸡西市,2004,0,0,0,0,0,0,stable
CNUR-000062,鸡西市,2005,0,0,0,0,0,0,stable
CNUR-000062,鸡西市,2006,0,0,0,0,0,0,stable
CNUR-000062,鸡西市,2007,0,0,0,0,0,0,stable
CNUR-000062,鸡西市,2008,0,0,0,0,0,0,stable
CNUR-000062,鸡西市,2009,0,0,0,0,0,0,stable
CNUR-000062,鸡西市,2010,0,0,0,0,0,0,stable
CNUR-000062,鸡西市,2011,0,0,0,0,0,0,stable
CNUR-000062,鸡西市,2012,0,0,0,0,0,0,stable
CNUR-000062,鸡西市,2013,0,0,0,0,0,0,stable
CNUR-000062,鸡西市,2014,0,0,0,0,0,0,stable
CNUR-000062,鸡西市,2015,0,0,0,0,0,0,stable
CNUR-000062,鸡西市,2016,0,0,0,0,0,0,stable
CNUR-000062,鸡西市,2017,0,0,0,0,0,0,stable
CNUR-000062,鸡西市,2018,0,0,0,0,0,0,stable
CNUR-000062,鸡西市,2019,0,0,0,0,0,0,stable
CNUR-000062,鸡西市,2020,0,0,0,0,0,0,stable
CNUR-000063,鹤岗市,1999,0,0,0,0,0,0,stable
CNUR-000063,鹤岗市,2000,0,0,0,0,0,0,stable
CNUR-000063,鹤岗市,2001,0,0,0,0,0,0,stable
CNUR-000063,鹤岗市,2002,0,0,0,0,0,0,stable
CNUR-000063,鹤岗市,2003,0,0,0,0,0,0,stable
CNUR-000063,鹤岗市,2004,0,0,0,0,0,0,stable
CNUR-000063,鹤岗市,2005,0,0,0,0,0,0,stable
CNUR-000063,鹤岗市,2006,0,0,0,0,0,0,stable
CNUR-000063,鹤岗市,2007,0,0,0,0,0,0,stable
CNUR-000063,鹤岗市,2008,0,0,0,0,0,0,stable
CNUR-000063,鹤岗市,2009,0,0,0,0,0,0,stable
CNUR-000063,鹤岗市,2010,0,0,0,0,0,0,stable
CNUR-000063,鹤岗市,2011,0,0,0,0,0,0,stable
CNUR-000063,鹤岗市,2012,0,0,0,0,0,0,stable
CNUR-000063,鹤岗市,2013,0,0,0,0,0,0,stable
CNUR-000063,鹤岗市,2014,0,0,0,0,0,0,stable
CNUR-000063,鹤岗市,2015,0,0,0,0,0,0,stable
CNUR-000063,鹤岗市,2016,0,0,0,0,0,0,stable
CNUR-000063,鹤岗市,2017,0,0,0,0,0,0,stable
CNUR-000063,鹤岗市,2018,0,0,0,0,0,0,stable
CNUR-000063,鹤岗市,2019,0,0,0,0,0,0,stable
CNUR-000063,鹤岗市,2020,0,0,0,0,0,0,stable
CNUR-000064,双鸭山市,1999,0,0,0,0,0,0,stable
CNUR-000064,双鸭山市,2000,0,0,0,0,0,0,stable
CNUR-000064,双鸭山市,2001,0,0,0,0,0,0,stable
CNUR-000064,双鸭山市,2002,0,0,0,0,0,0,stable
CNUR-000064,双鸭山市,2003,0,0,0,0,0,0,stable
CNUR-000064,双鸭山市,2004,0,0,0,0,0,0,stable
CNUR-000064,双鸭山市,2005,0,0,0,0,0,0,stable
CNUR-000064,双鸭山市,2006,0,0,0,0,0,0,stable
CNUR-000064,双鸭山市,2007,0,0,0,0,0,0,stable
CNUR-000064,双鸭山市,2008,0,0,0,0,0,0,stable
CNUR-000064,双鸭山市,2009,0,0,0,0,0,0,stable
CNUR-000064,双鸭山市,2010,0,0,0,0,0,0,stable
CNUR-000064,双鸭山市,2011,0,0,0,0,0,0,stable
CNUR-000064,双鸭山市,2012,0,0,0,0,0,0,stable
CNUR-000064,双鸭山市,2013,0,0,0,0,0,0,stable
CNUR-000064,双鸭山市,2014,0,0,0,0,0,0,stable
CNUR-000064,双鸭山市,2015,0,0,0,0,0,0,stable
CNUR-000064,双鸭山市,2016,0,0,0,0,0,0,stable
CNUR-000064,双鸭山市,2017,0,0,0,0,0,0,stable
CNUR-000064,双鸭山市,2018,0,0,0,0,0,0,stable
CNUR-000064,双鸭山市,2019,0,0,0,0,0,0,stable
CNUR-000064,双鸭山市,2020,0,0,0,0,0,0,stable
CNUR-000065,大庆市,1999,0,0,0,0,0,0,stable
CNUR-000065,大庆市,2000,0,0,0,0,0,0,stable
CNUR-000065,大庆市,2001,0,0,0,0,0,0,stable
CNUR-000065,大庆市,2002,0,0,0,0,0,0,stable
CNUR-000065,大庆市,2003,0,0,0,0,0,0,stable
CNUR-000065,大庆市,2004,0,0,0,0,0,0,stable
CNUR-000065,大庆市,2005,0,0,0,0,0,0,stable
CNUR-000065,大庆市,2006,0,0,0,0,0,0,stable
CNUR-000065,大庆市,2007,0,0,0,0,0,0,stable
CNUR-000065,大庆市,2008,0,0,0,0,0,0,stable
CNUR-000065,大庆市,2009,0,0,0,0,0,0,stable
CNUR-000065,大庆市,2010,0,0,0,0,0,0,stable
CNUR-000065,大庆市,2011,0,0,0,0,0,0,stable
CNUR-000065,大庆市,2012,0,0,0,0,0,0,stable
CNUR-000065,大庆市,2013,0,0,0,0,0,0,stable
CNUR-000065,大庆市,2014,0,0,0,0,0,0,stable
CNUR-000065,大庆市,2015,0,0,0,0,0,0,stable
CNUR-000065,大庆市,2016,0,0,0,0,0,0,stable
CNUR-000065,大庆市,2017,0,0,0,0,0,0,stable
CNUR-000065,大庆市,2018,0,0,0,0,0,0,stable
CNUR-000065,大庆市,2019,0,0,0,0,0,0,stable
CNUR-000065,大庆市,2020,0,0,0,0,0,0,stable
CNUR-000066,伊春市,1999,0,0,0,0,0,0,stable
CNUR-000066,伊春市,2000,0,0,0,0,0,0,stable
CNUR-000066,伊春市,2001,0,0,0,0,0,0,stable
CNUR-000066,伊春市,2002,0,0,0,0,0,0,stable
CNUR-000066,伊春市,2003,0,0,0,0,0,0,stable
CNUR-000066,伊春市,2004,0,0,0,0,0,0,stable
CNUR-000066,伊春市,2005,0,0,0,0,0,0,stable
CNUR-000066,伊春市,2006,0,0,0,0,0,0,stable
CNUR-000066,伊春市,2007,0,0,0,0,0,0,stable
CNUR-000066,伊春市,2008,0,0,0,0,0,0,stable
CNUR-000066,伊春市,2009,0,0,0,0,0,0,stable
CNUR-000066,伊春市,2010,0,0,0,0,0,0,stable
CNUR-000066,伊春市,2011,0,0,0,0,0,0,stable
CNUR-000066,伊春市,2012,0,0,0,0,0,0,stable
CNUR-000066,伊春市,2013,0,0,0,0,0,0,stable
CNUR-000066,伊春市,2014,0,0,0,0,0,0,stable
CNUR-000066,伊春市,2015,0,0,0,0,0,0,stable
CNUR-000066,伊春市,2016,0,0,0,0,0,0,stable
CNUR-000066,伊春市,2017,0,0,0,0,0,0,stable
CNUR-000066,伊春市,2018,0,0,0,0,0,0,stable
CNUR-000066,伊春市,2019,0,0,0,0,0,0,stable
CNUR-000066,伊春市,2020,0,0,0,0,0,0,stable
CNUR-000067,佳木斯市,1999,0,0,0,0,0,0,stable
CNUR-000067,佳木斯市,2000,0,0,0,0,0,0,stable
CNUR-000067,佳木斯市,2001,0,0,0,0,0,0,stable
CNUR-000067,佳木斯市,2002,0,0,0,0,0,0,stable
CNUR-000067,佳木斯市,2003,0,0,0,0,0,0,stable
CNUR-000067,佳木斯市,2004,0,0,0,0,0,0,stable
CNUR-000067,佳木斯市,2005,0,0,0,0,0,0,stable
CNUR-000067,佳木斯市,2006,0,0,0,0,0,0,stable
CNUR-000067,佳木斯市,2007,0,0,0,0,0,0,stable
CNUR-000067,佳木斯市,2008,0,0,0,0,0,0,stable
CNUR-000067,佳木斯市,2009,0,0,0,0,0,0,stable
CNUR-000067,佳木斯市,2010,0,0,0,0,0,0,stable
CNUR-000067,佳木斯市,2011,0,0,0,0,0,0,stable
CNUR-000067,佳木斯市,2012,0,0,0,0,0,0,stable
CNUR-000067,佳木斯市,2013,0,0,0,0,0,0,stable
CNUR-000067,佳木斯市,2014,0,0,0,0,0,0,stable
CNUR-000067,佳木斯市,2015,0,0,0,0,0,0,stable
CNUR-000067,佳木斯市,2016,0,0,0,0,0,0,stable
CNUR-000067,佳木斯市,2017,0,0,0,0,0,0,stable
CNUR-000067,佳木斯市,2018,0,0,0,0,0,0,stable
CNUR-000067,佳木斯市,2019,0,0,0,0,0,0,stable
CNUR-000067,佳木斯市,2020,0,0,0,0,0,0,stable
CNUR-000068,七台河市,1999,0,0,0,0,0,0,stable
CNUR-000068,七台河市,2000,0,0,0,0,0,0,stable
CNUR-000068,七台河市,2001,0,0,0,0,0,0,stable
CNUR-000068,七台河市,2002,0,0,0,0,0,0,stable
CNUR-000068,七台河市,2003,0,0,0,0,0,0,stable
CNUR-000068,七台河市,2004,0,0,0,0,0,0,stable
CNUR-000068,七台河市,2005,0,0,0,0,0,0,stable
CNUR-000068,七台河市,2006,0,0,0,0,0,0,stable
CNUR-000068,七台河市,2007,0,0,0,0,0,0,stable
CNUR-000068,七台河市,2008,0,0,0,0,0,0,stable
CNUR-000068,七台河市,2009,0,0,0,0,0,0,stable
CNUR-000068,七台河市,2010,0,0,0,0,0,0,stable
CNUR-000068,七台河市,2011,0,0,0,0,0,0,stable
CNUR-000068,七台河市,2012,0,0,0,0,0,0,stable
CNUR-000068,七台河市,2013,0,0,0,0,0,0,stable
CNUR-000068,七台河市,2014,0,0,0,0,0,0,stable
CNUR-000068,七台河市,2015,0,0,0,0,0,0,stable
CNUR-000068,七台河市,2016,0,0,0,0,0,0,stable
CNUR-000068,七台河市,2017,0,0,0,0,0,0,stable
CNUR-000068,七台河市,2018,0,0,0,0,0,0,stable
CNUR-000068,七台河市,2019,0,0,0,0,0,0,stable
CNUR-000068,七台河市,2020,0,0,0,0,0,0,stable
CNUR-000069,牡丹江市,1999,0,0,0,0,0,0,stable
CNUR-000069,牡丹江市,2000,0,0,0,0,0,0,stable
CNUR-000069,牡丹江市,2001,0,0,0,0,0,0,stable
CNUR-000069,牡丹江市,2002,0,0,0,0,0,0,stable
CNUR-000069,牡丹江市,2003,0,0,0,0,0,0,stable
CNUR-000069,牡丹江市,2004,0,0,0,0,0,0,stable
CNUR-000069,牡丹江市,2005,0,0,0,0,0,0,stable
CNUR-000069,牡丹江市,2006,0,0,0,0,0,0,stable
CNUR-000069,牡丹江市,2007,0,0,0,0,0,0,stable
CNUR-000069,牡丹江市,2008,0,0,0,0,0,0,stable
CNUR-000069,牡丹江市,2009,0,0,0,0,0,0,stable
CNUR-000069,牡丹江市,2010,0,0,0,0,0,0,stable
CNUR-000069,牡丹江市,2011,0,0,0,0,0,0,stable
CNUR-000069,牡丹江市,2012,0,0,0,0,0,0,stable
CNUR-000069,牡丹江市,2013,0,0,0,0,0,0,stable
CNUR-000069,牡丹江市,2014,0,0,0,0,0,0,stable
CNUR-000069,牡丹江市,2015,0,0,0,0,0,0,stable
CNUR-000069,牡丹江市,2016,0,0,0,0,0,0,stable
CNUR-000069,牡丹江市,2017,0,0,0,0,0,0,stable
CNUR-000069,牡丹江市,2018,0,0,0,0,0,0,stable
CNUR-000069,牡丹江市,2019,0,0,0,0,0,0,stable
CNUR-000069,牡丹江市,2020,0,0,0,0,0,0,stable
CNUR-000070,黑河市,1999,0,0,0,0,0,0,stable
CNUR-000070,黑河市,2000,0,0,0,0,0,0,stable
CNUR-000070,黑河市,2001,0,0,0,0,0,0,stable
CNUR-000070,黑河市,2002,0,0,0,0,0,0,stable
CNUR-000070,黑河市,2003,0,0,0,0,0,0,stable
CNUR-000070,黑河市,2004,0,0,0,0,0,0,stable
CNUR-000070,黑河市,2005,0,0,0,0,0,0,stable
CNUR-000070,黑河市,2006,0,0,0,0,0,0,stable
CNUR-000070,黑河市,2007,0,0,0,0,0,0,stable
CNUR-000070,黑河市,2008,0,0,0,0,0,0,stable
CNUR-000070,黑河市,2009,0,0,0,0,0,0,stable
CNUR-000070,黑河市,2010,0,0,0,0,0,0,stable
CNUR-000070,黑河市,2011,0,0,0,0,0,0,stable
CNUR-000070,黑河市,2012,0,0,0,0,0,0,stable
CNUR-000070,黑河市,2013,0,0,0,0,0,0,stable
CNUR-000070,黑河市,2014,0,0,0,0,0,0,stable
CNUR-000070,黑河市,2015,0,0,0,0,0,0,stable
CNUR-000070,黑河市,2016,0,0,0,0,0,0,stable
CNUR-000070,黑河市,2017,0,0,0,0,0,0,stable
CNUR-000070,黑河市,2018,0,0,0,0,0,0,stable
CNUR-000070,黑河市,2019,0,0,0,0,0,0,stable
CNUR-000070,黑河市,2020,0,0,0,0,0,0,stable
CNUR-000071,绥化市,1999,0,0,0,0,0,0,stable
CNUR-000071,绥化市,2000,0,0,0,0,0,0,stable
CNUR-000071,绥化市,2001,0,0,0,0,0,0,stable
CNUR-000071,绥化市,2002,0,0,0,0,0,0,stable
CNUR-000071,绥化市,2003,0,0,0,0,0,0,stable
CNUR-000071,绥化市,2004,0,0,0,0,0,0,stable
CNUR-000071,绥化市,2005,0,0,0,0,0,0,stable
CNUR-000071,绥化市,2006,0,0,0,0,0,0,stable
CNUR-000071,绥化市,2007,0,0,0,0,0,0,stable
CNUR-000071,绥化市,2008,0,0,0,0,0,0,stable
CNUR-000071,绥化市,2009,0,0,0,0,0,0,stable
CNUR-000071,绥化市,2010,0,0,0,0,0,0,stable
CNUR-000071,绥化市,2011,0,0,0,0,0,0,stable
CNUR-000071,绥化市,2012,0,0,0,0,0,0,stable
CNUR-000071,绥化市,2013,0,0,0,0,0,0,stable
CNUR-000071,绥化市,2014,0,0,0,0,0,0,stable
CNUR-000071,绥化市,2015,0,0,0,0,0,0,stable
CNUR-000071,绥化市,2016,0,0,0,0,0,0,stable
CNUR-000071,绥化市,2017,0,0,0,0,0,0,stable
CNUR-000071,绥化市,2018,0,0,0,0,0,0,stable
CNUR-000071,绥化市,2019,0,0,0,0,0,0,stable
CNUR-000071,绥化市,2020,0,0,0,0,0,0,stable
CNUR-000072,大兴安岭地区,1999,0,0,0,0,0,0,stable
CNUR-000072,大兴安岭地区,2000,0,0,0,0,0,0,stable
CNUR-000072,大兴安岭地区,2001,0,0,0,0,0,0,stable
CNUR-000072,大兴安岭地区,2002,0,0,0,0,0,0,stable
CNUR-000072,大兴安岭地区,2003,0,0,0,0,0,0,stable
CNUR-000072,大兴安岭地区,2004,0,0,0,0,0,0,stable
CNUR-000072,大兴安岭地区,2005,0,0,0,0,0,0,stable
CNUR-000072,大兴安岭地区,2006,0,0,0,0,0,0,stable
CNUR-000072,大兴安岭地区,2007,0,0,0,0,0,0,stable
CNUR-000072,大兴安岭地区,2008,0,0,0,0,0,0,stable
CNUR-000072,大兴安岭地区,2009,0,0,0,0,0,0,stable
CNUR-000072,大兴安岭地区,2010,0,0,0,0,0,0,stable
CNUR-000072,大兴安岭地区,2011,0,0,0,0,0,0,stable
CNUR-000072,大兴安岭地区,2012,0,0,0,0,0,0,stable
CNUR-000072,大兴安岭地区,2013,0,0,0,0,0,0,stable
CNUR-000072,大兴安岭地区,2014,0,0,0,0,0,0,stable
CNUR-000072,大兴安岭地区,2015,0,0,0,0,0,0,stable
CNUR-000072,大兴安岭地区,2016,0,0,0,0,0,0,stable
CNUR-000072,大兴安岭地区,2017,0,0,0,0,0,0,stable
CNUR-000072,大兴安岭地区,2018,0,0,0,0,0,0,stable
CNUR-000072,大兴安岭地区,2019,0,0,0,0,0,0,stable
CNUR-000072,大兴安岭地区,2020,0,0,0,0,0,0,stable
CNUR-000073,上海市,1999,0,1,0,0,1,0,district_scope_jump
CNUR-000073,上海市,2000,0,0,0,0,0,0,stable
CNUR-000073,上海市,2001,0,2,0,0,1,0,district_scope_jump
CNUR-000073,上海市,2002,0,0,0,0,0,0,stable
CNUR-000073,上海市,2003,0,0,0,0,0,0,stable
CNUR-000073,上海市,2004,0,0,0,0,0,0,stable
CNUR-000073,上海市,2005,0,0,0,0,0,0,stable
CNUR-000073,上海市,2006,0,0,0,0,0,0,stable
CNUR-000073,上海市,2007,0,0,0,0,0,0,stable
CNUR-000073,上海市,2008,0,0,0,0,0,0,stable
CNUR-000073,上海市,2009,0,0,1,0,0,0,district_merge
CNUR-000073,上海市,2010,0,0,0,0,0,0,stable
CNUR-000073,上海市,2011,0,0,1,0,0,0,district_merge
CNUR-000073,上海市,2012,0,0,0,0,0,0,stable
CNUR-000073,上海市,2013,0,0,0,0,0,0,stable
CNUR-000073,上海市,2014,0,0,0,0,0,0,stable
CNUR-000073,上海市,2015,0,0,0,0,0,0,stable
CNUR-000073,上海市,2016,0,1,0,0,1,0,district_scope_jump
CNUR-000073,上海市,2017,0,0,0,0,0,0,stable
CNUR-000073,上海市,2018,0,0,0,0,0,0,stable
CNUR-000073,上海市,2019,0,0,0,0,0,0,stable
CNUR-000073,上海市,2020,0,0,0,0,0,0,stable
CNUR-000074,南京市,1999,0,0,0,0,0,0,stable
CNUR-000074,南京市,2000,0,1,0,0,1,0,district_scope_jump
CNUR-000074,南京市,2001,0,0,0,0,0,0,stable
CNUR-000074,南京市,2002,0,2,0,0,1,0,district_scope_jump
CNUR-000074,南京市,2003,0,0,0,0,0,0,stable
CNUR-000074,南京市,2004,0,0,0,0,0,0,stable
CNUR-000074,南京市,2005,0,0,0,0,0,0,stable
CNUR-000074,南京市,2006,0,0,0,0,0,0,stable
CNUR-000074,南京市,2007,0,0,0,0,0,0,stable
CNUR-000074,南京市,2008,0,0,0,0,0,0,stable
CNUR-000074,南京市,2009,0,0,0,0,0,0,stable
CNUR-000074,南京市,2010,0,0,0,0,0,0,stable
CNUR-000074,南京市,2011,0,0,0,0,0,0,stable
CNUR-000074,南京市,2012,0,0,0,0,0,0,stable
CNUR-000074,南京市,2013,0,2,2,0,1,0,district_scope_jump|district_merge
CNUR-000074,南京市,2014,0,0,0,0,0,0,stable
CNUR-000074,南京市,2015,0,0,0,0,0,0,stable
CNUR-000074,南京市,2016,0,0,0,0,0,0,stable
CNUR-000074,南京市,2017,0,0,0,0,0,0,stable
CNUR-000074,南京市,2018,0,0,0,0,0,0,stable
CNUR-000074,南京市,2019,0,0,0,0,0,0,stable
CNUR-000074,南京市,2020,0,0,0,0,0,0,stable
CNUR-000075,无锡市,1999,0,0,0,0,0,0,stable
CNUR-000075,无锡市,2000,0,0,1,0,0,0,district_merge
CNUR-000075,无锡市,2001,0,0,0,0,0,0,stable
CNUR-000075,无锡市,2002,0,0,0,0,0,0,stable
CNUR-000075,无锡市,2003,0,0,0,0,0,0,stable
CNUR-000075,无锡市,2004,0,0,0,0,0,0,stable
CNUR-000075,无锡市,2005,0,0,0,0,0,0,stable
CNUR-000075,无锡市,2006,0,0,0,0,0,0,stable
CNUR-000075,无锡市,2007,0,0,0,0,0,0,stable
CNUR-000075,无锡市,2008,0,0,0,0,0,0,stable
CNUR-000075,无锡市,2009,0,0,0,0,0,0,stable
CNUR-000075,无锡市,2010,0,0,0,0,0,0,stable
CNUR-000075,无锡市,2011,0,0,0,0,0,0,stable
CNUR-000075,无锡市,2012,0,0,0,0,0,0,stable
CNUR-000075,无锡市,2013,0,0,0,0,0,0,stable
CNUR-000075,无锡市,2014,0,0,0,0,0,0,stable
CNUR-000075,无锡市,2015,0,0,0,0,0,0,stable
CNUR-000075,无锡市,2016,0,0,0,0,0,0,stable
CNUR-000075,无锡市,2017,0,0,0,0,0,0,stable
CNUR-000075,无锡市,2018,0,0,0,0,0,0,stable
CNUR-000075,无锡市,2019,0,0,0,0,0,0,stable
CNUR-000075,无锡市,2020,0,0,0,0,0,0,stable
CNUR-000076,徐州市,1999,0,0,0,0,0,0,stable
CNUR-000076,徐州市,2000,0,0,0,0,0,0,stable
CNUR-000076,徐州市,2001,0,0,0,0,0,0,stable
CNUR-000076,徐州市,2002,0,0,0,0,0,0,stable
CNUR-000076,徐州市,2003,0,0,0,0,0,0,stable
CNUR-000076,徐州市,2004,0,0,0,0,0,0,stable
CNUR-000076,徐州市,2005,0,1,0,0,1,0,district_scope_jump
CNUR-000076,徐州市,2006,0,0,0,0,0,0,stable
CNUR-000076,徐州市,2007,0,0,0,0,0,0,stable
CNUR-000076,徐州市,2008,0,0,0,0,0,0,stable
CNUR-000076,徐州市,2009,0,0,0,0,0,0,stable
CNUR-000076,徐州市,2010,0,1,0,0,1,0,district_scope_jump
CNUR-000076,徐州市,2011,0,0,0,0,0,0,stable
CNUR-000076,徐州市,2012,0,0,0,0,0,0,stable
CNUR-000076,徐州市,2013,0,0,0,0,0,0,stable
CNUR-000076,徐州市,2014,0,0,0,0,0,0,stable
CNUR-000076,徐州市,2015,0,0,0,0,0,0,stable
CNUR-000076,徐州市,2016,0,0,0,0,0,0,stable
CNUR-000076,徐州市,2017,0,0,0,0,0,0,stable
CNUR-000076,徐州市,2018,0,0,0,0,0,0,stable
CNUR-000076,徐州市,2019,0,0,0,0,0,0,stable
CNUR-000076,徐州市,2020,0,0,0,0,0,0,stable
CNUR-000077,常州市,1999,0,0,0,0,0,0,stable
CNUR-000077,常州市,2000,0,0,0,0,0,0,stable
CNUR-000077,常州市,2001,0,0,0,0,0,0,stable
CNUR-000077,常州市,2002,0,1,0,0,1,0,district_scope_jump
CNUR-000077,常州市,2003,0,0,0,0,0,0,stable
CNUR-000077,常州市,2004,0,0,0,0,0,0,stable
CNUR-000077,常州市,2005,0,0,0,0,0,0,stable
CNUR-000077,常州市,2006,0,0,0,0,0,0,stable
CNUR-000077,常州市,2007,0,0,0,0,0,0,stable
CNUR-000077,常州市,2008,0,0,0,0,0,0,stable
CNUR-000077,常州市,2009,0,0,0,0,0,0,stable
CNUR-000077,常州市,2010,0,0,0,0,0,0,stable
CNUR-000077,常州市,2011,0,0,0,0,0,0,stable
CNUR-000077,常州市,2012,0,0,0,0,0,0,stable
CNUR-000077,常州市,2013,0,0,0,0,0,0,stable
CNUR-000077,常州市,2014,0,0,0,0,0,0,stable
CNUR-000077,常州市,2015,0,1,0,0,1,0,district_scope_jump
CNUR-000077,常州市,2016,0,0,0,0,0,0,stable
CNUR-000077,常州市,2017,0,0,0,0,0,0,stable
CNUR-000077,常州市,2018,0,0,0,0,0,0,stable
CNUR-000077,常州市,2019,0,0,0,0,0,0,stable
CNUR-000077,常州市,2020,0,0,0,0,0,0,stable
CNUR-000078,苏州市,1999,0,0,0,0,0,0,stable
CNUR-000078,苏州市,2000,0,1,0,0,1,0,district_scope_jump
CNUR-000078,苏州市,2001,0,0,0,0,0,0,stable
CNUR-000078,苏州市,2002,0,0,0,0,0,0,stable
CNUR-000078,苏州市,2003,0,0,0,0,0,0,stable
CNUR-000078,苏州市,2004,0,0,0,0,0,0,stable
CNUR-000078,苏州市,2005,0,0,0,0,0,0,stable
CNUR-000078,苏州市,2006,0,0,0,0,0,0,stable
CNUR-000078,苏州市,2007,0,0,0,0,0,0,stable
CNUR-000078,苏州市,2008,0,0,0,0,0,0,stable
CNUR-000078,苏州市,2009,0,0,0,0,0,0,stable
CNUR-000078,苏州市,2010,0,0,0,0,0,0,stable
CNUR-000078,苏州市,2011,0,0,0,0,0,0,stable
CNUR-000078,苏州市,2012,0,1,1,0,1,0,district_scope_jump|district_merge
CNUR-000078,苏州市,2013,0,0,0,0,0,0,stable
CNUR-000078,苏州市,2014,0,0,0,0,0,0,stable
CNUR-000078,苏州市,2015,0,0,0,0,0,0,stable
CNUR-000078,苏州市,2016,0,0,0,0,0,0,stable
CNUR-000078,苏州市,2017,0,0,0,0,0,0,stable
CNUR-000078,苏州市,2018,0,0,0,0,0,0,stable
CNUR-000078,苏州市,2019,0,0,0,0,0,0,stable
CNUR-000078,苏州市,2020,0,0,0,0,0,0,stable
CNUR-000079,南通市,1999,0,0,0,0,0,0,stable
CNUR-000079,南通市,2000,0,0,0,0,0,0,stable
CNUR-000079,南通市,2001,0,0,0,0,0,0,stable
CNUR-000079,南通市,2002,0,0,0,0,0,0,stable
CNUR-000079,南通市,2003,0,0,0,0,0,0,stable
CNUR-000079,南通市,2004,0,0,0,0,0,0,stable
CNUR-000079,南通市,2005,0,0,0,0,0,0,stable
CNUR-000079,南通市,2006,0,0,0,0,0,0,stable
CNUR-000079,南通市,2007,0,0,0,0,0,0,stable
CNUR-000079,南通市,2008,0,0,0,0,0,0,stable
CNUR-000079,南通市,2009,0,0,0,0,0,0,stable
CNUR-000079,南通市,2010,0,0,0,0,0,0,stable
CNUR-000079,南通市,2011,0,0,0,0,0,0,stable
CNUR-000079,南通市,2012,0,0,0,0,0,0,stable
CNUR-000079,南通市,2013,0,0,0,0,0,0,stable
CNUR-000079,南通市,2014,0,0,0,0,0,0,stable
CNUR-000079,南通市,2015,0,0,0,0,0,0,stable
CNUR-000079,南通市,2016,0,0,0,0,0,0,stable
CNUR-000079,南通市,2017,0,0,0,0,0,0,stable
CNUR-000079,南通市,2018,0,0,0,0,0,0,stable
CNUR-000079,南通市,2019,0,0,0,0,0,0,stable
CNUR-000079,南通市,2020,0,1,2,0,1,0,district_scope_jump|district_merge
CNUR-000080,连云港市,1999,0,0,0,0,0,0,stable
CNUR-000080,连云港市,2000,0,0,0,0,0,0,stable
CNUR-000080,连云港市,2001,0,0,0,0,0,0,stable
CNUR-000080,连云港市,2002,0,0,0,0,0,0,stable
CNUR-000080,连云港市,2003,0,0,0,0,0,0,stable
CNUR-000080,连云港市,2004,0,0,0,0,0,0,stable
CNUR-000080,连云港市,2005,0,0,0,0,0,0,stable
CNUR-000080,连云港市,2006,0,0,0,0,0,0,stable
CNUR-000080,连云港市,2007,0,0,0,0,0,0,stable
CNUR-000080,连云港市,2008,0,0,0,0,0,0,stable
CNUR-000080,连云港市,2009,0,0,0,0,0,0,stable
CNUR-000080,连云港市,2010,0,0,0,0,0,0,stable
CNUR-000080,连云港市,2011,0,0,0,0,0,0,stable
CNUR-000080,连云港市,2012,0,0,0,0,0,0,stable
CNUR-000080,连云港市,2013,0,0,0,0,0,0,stable
CNUR-000080,连云港市,2014,0,1,0,0,1,0,district_scope_jump
CNUR-000080,连云港市,2015,0,0,0,0,0,0,stable
CNUR-000080,连云港市,2016,0,0,0,0,0,0,stable
CNUR-000080,连云港市,2017,0,0,0,0,0,0,stable
CNUR-000080,连云港市,2018,0,0,0,0,0,0,stable
CNUR-000080,连云港市,2019,0,0,0,0,0,0,stable
CNUR-000080,连云港市,2020,0,0,0,0,0,0,stable
CNUR-000081,淮安市,1999,0,0,0,0,0,0,stable
CNUR-000081,淮安市,2000,0,0,0,0,0,0,stable
CNUR-000081,淮安市,2001,0,0,0,0,0,0,stable
CNUR-000081,淮安市,2002,0,0,0,0,0,0,stable
CNUR-000081,淮安市,2003,0,0,0,0,0,0,stable
CNUR-000081,淮安市,2004,0,0,0,0,0,0,stable
CNUR-000081,淮安市,2005,0,0,0,0,0,0,stable
CNUR-000081,淮安市,2006,0,0,0,0,0,0,stable
CNUR-000081,淮安市,2007,0,0,0,0,0,0,stable
CNUR-000081,淮安市,2008,0,0,0,0,0,0,stable
CNUR-000081,淮安市,2009,0,0,0,0,0,0,stable
CNUR-000081,淮安市,2010,0,0,0,0,0,0,stable
CNUR-000081,淮安市,2011,0,0,0,0,0,0,stable
CNUR-000081,淮安市,2012,0,0,0,0,0,0,stable
CNUR-000081,淮安市,2013,0,0,0,0,0,0,stable
CNUR-000081,淮安市,2014,0,0,0,0,0,0,stable
CNUR-000081,淮安市,2015,0,0,0,0,0,0,stable
CNUR-000081,淮安市,2016,0,1,1,0,1,0,district_scope_jump|district_merge
CNUR-000081,淮安市,2017,0,0,0,0,0,0,stable
CNUR-000081,淮安市,2018,0,0,0,0,0,0,stable
CNUR-000081,淮安市,2019,0,0,0,0,0,0,stable
CNUR-000081,淮安市,2020,0,0,0,0,0,0,stable
CNUR-000082,盐城市,1999,0,0,0,0,0,0,stable
CNUR-000082,盐城市,2000,0,0,0,0,0,0,stable
CNUR-000082,盐城市,2001,0,0,0,0,0,0,stable
CNUR-000082,盐城市,2002,0,0,0,0,0,0,stable
CNUR-000082,盐城市,2003,0,1,0,0,1,0,district_scope_jump
CNUR-000082,盐城市,2004,0,0,0,0,0,0,stable
CNUR-000082,盐城市,2005,0,0,0,0,0,0,stable
CNUR-000082,盐城市,2006,0,0,0,0,0,0,stable
CNUR-000082,盐城市,2007,0,0,0,0,0,0,stable
CNUR-000082,盐城市,2008,0,0,0,0,0,0,stable
CNUR-000082,盐城市,2009,0,0,0,0,0,0,stable
CNUR-000082,盐城市,2010,0,0,0,0,0,0,stable
CNUR-000082,盐城市,2011,0,0,0,0,0,0,stable
CNUR-000082,盐城市,2012,0,0,0,0,0,0,stable
CNUR-000082,盐城市,2013,0,0,0,0,0,0,stable
CNUR-000082,盐城市,2014,0,0,0,0,0,0,stable
CNUR-000082,盐城市,2015,0,1,0,0,1,0,district_scope_jump
CNUR-000082,盐城市,2016,0,0,0,0,0,0,stable
CNUR-000082,盐城市,2017,0,0,0,0,0,0,stable
CNUR-000082,盐城市,2018,0,0,0,0,0,0,stable
CNUR-000082,盐城市,2019,0,0,0,0,0,0,stable
CNUR-000082,盐城市,2020,0,0,0,0,0,0,stable
CNUR-000083,扬州市,1999,0,0,0,0,0,0,stable
CNUR-000083,扬州市,2000,0,1,0,0,1,0,district_scope_jump
CNUR-000083,扬州市,2001,0,0,0,0,0,0,stable
CNUR-000083,扬州市,2002,0,0,0,0,0,0,stable
CNUR-000083,扬州市,2003,0,0,0,0,0,0,stable
CNUR-000083,扬州市,2004,0,0,0,0,0,0,stable
CNUR-000083,扬州市,2005,0,0,0,0,0,0,stable
CNUR-000083,扬州市,2006,0,0,0,0,0,0,stable
CNUR-000083,扬州市,2007,0,0,0,0,0,0,stable
CNUR-000083,扬州市,2008,0,0,0,0,0,0,stable
CNUR-000083,扬州市,2009,0,0,0,0,0,0,stable
CNUR-000083,扬州市,2010,0,0,0,0,0,0,stable
CNUR-000083,扬州市,2011,0,1,0,0,1,0,district_scope_jump
CNUR-000083,扬州市,2012,0,0,0,0,0,0,stable
CNUR-000083,扬州市,2013,0,0,0,0,0,0,stable
CNUR-000083,扬州市,2014,0,0,0,0,0,0,stable
CNUR-000083,扬州市,2015,0,0,0,0,0,0,stable
CNUR-000083,扬州市,2016,0,0,0,0,0,0,stable
CNUR-000083,扬州市,2017,0,0,0,0,0,0,stable
CNUR-000083,扬州市,2018,0,0,0,0,0,0,stable
CNUR-000083,扬州市,2019,0,0,0,0,0,0,stable
CNUR-000083,扬州市,2020,0,0,0,0,0,0,stable
CNUR-000084,镇江市,1999,0,0,0,0,0,0,stable
CNUR-000084,镇江市,2000,0,0,0,0,0,0,stable
CNUR-000084,镇江市,2001,0,0,0,0,0,0,stable
CNUR-000084,镇江市,2002,0,1,0,0,1,0,district_scope_jump
CNUR-000084,镇江市,2003,0,0,0,0,0,0,stable
CNUR-000084,镇江市,2004,0,0,0,0,0,0,stable
CNUR-000084,镇江市,2005,0,0,0,0,0,0,stable
CNUR-000084,镇江市,2006,0,0,0,0,0,0,stable
CNUR-000084,镇江市,2007,0,0,0,0,0,0,stable
CNUR-000084,镇江市,2008,0,0,0,0,0,0,stable
CNUR-000084,镇江市,2009,0,0,0,0,0,0,stable
CNUR-000084,镇江市,2010,0,0,0,0,0,0,stable
CNUR-000084,镇江市,2011,0,0,0,0,0,0,stable
CNUR-000084,镇江市,2012,0,0,0,0,0,0,stable
CNUR-000084,镇江市,2013,0,0,0,0,0,0,stable
CNUR-000084,镇江市,2014,0,0,0,0,0,0,stable
CNUR-000084,镇江市,2015,0,0,0,0,0,0,stable
CNUR-000084,镇江市,2016,0,0,0,0,0,0,stable
CNUR-000084,镇江市,2017,0,0,0,0,0,0,stable
CNUR-000084,镇江市,2018,0,0,0,0,0,0,stable
CNUR-000084,镇江市,2019,0,0,0,0,0,0,stable
CNUR-000084,镇江市,2020,0,0,0,0,0,0,stable
CNUR-000085,泰州市,1999,0,0,0,0,0,0,stable
CNUR-000085,泰州市,2000,0,0,0,0,0,0,stable
CNUR-000085,泰州市,2001,0,0,0,0,0,0,stable
CNUR-000085,泰州市,2002,0,0,0,0,0,0,stable
CNUR-000085,泰州市,2003,0,0,0,0,0,0,stable
CNUR-000085,泰州市,2004,0,0,0,0,0,0,stable
CNUR-000085,泰州市,2005,0,0,0,0,0,0,stable
CNUR-000085,泰州市,2006,0,0,0,0,0,0,stable
CNUR-000085,泰州市,2007,0,0,0,0,0,0,stable
CNUR-000085,泰州市,2008,0,0,0,0,0,0,stable
CNUR-000085,泰州市,2009,0,0,0,0,0,0,stable
CNUR-000085,泰州市,2010,0,0,0,0,0,0,stable
CNUR-000085,泰州市,2011,0,0,0,0,0,0,stable
CNUR-000085,泰州市,2012,0,1,0,0,1,0,district_scope_jump
CNUR-000085,泰州市,2013,0,0,0,0,0,0,stable
CNUR-000085,泰州市,2014,0,0,0,0,0,0,stable
CNUR-000085,泰州市,2015,0,0,0,0,0,0,stable
CNUR-000085,泰州市,2016,0,0,0,0,0,0,stable
CNUR-000085,泰州市,2017,0,0,0,0,0,0,stable
CNUR-000085,泰州市,2018,0,0,0,0,0,0,stable
CNUR-000085,泰州市,2019,0,0,0,0,0,0,stable
CNUR-000085,泰州市,2020,0,0,0,0,0,0,stable
CNUR-000086,宿迁市,1999,0,0,0,0,0,0,stable
CNUR-000086,宿迁市,2000,0,0,0,0,0,0,stable
CNUR-000086,宿迁市,2001,0,0,0,0,0,0,stable
CNUR-000086,宿迁市,2002,0,0,0,0,0,0,stable
CNUR-000086,宿迁市,2003,0,0,0,0,0,0,stable
CNUR-000086,宿迁市,2004,0,1,0,0,1,0,district_scope_jump
CNUR-000086,宿迁市,2005,0,0,0,0,0,0,stable
CNUR-000086,宿迁市,2006,0,0,0,0,0,0,stable
CNUR-000086,宿迁市,2007,0,0,0,0,0,0,stable
CNUR-000086,宿迁市,2008,0,0,0,0,0,0,stable
CNUR-000086,宿迁市,2009,0,0,0,0,0,0,stable
CNUR-000086,宿迁市,2010,0,0,0,0,0,0,stable
CNUR-000086,宿迁市,2011,0,0,0,0,0,0,stable
CNUR-000086,宿迁市,2012,0,0,0,0,0,0,stable
CNUR-000086,宿迁市,2013,0,0,0,0,0,0,stable
CNUR-000086,宿迁市,2014,0,0,0,0,0,0,stable
CNUR-000086,宿迁市,2015,0,0,0,0,0,0,stable
CNUR-000086,宿迁市,2016,0,0,0,0,0,0,stable
CNUR-000086,宿迁市,2017,0,0,0,0,0,0,stable
CNUR-000086,宿迁市,2018,0,0,0,0,0,0,stable
CNUR-000086,宿迁市,2019,0,0,0,0,0,0,stable
CNUR-000086,宿迁市,2020,0,0,0,0,0,0,stable
CNUR-000087,杭州市,1999,0,0,0,0,0,0,stable
CNUR-000087,杭州市,2000,0,0,0,0,0,0,stable
CNUR-000087,杭州市,2001,0,2,0,0,1,0,district_scope_jump
CNUR-000087,杭州市,2002,0,0,0,0,0,0,stable
CNUR-000087,杭州市,2003,0,0,0,0,0,0,stable
CNUR-000087,杭州市,2004,0,0,0,0,0,0,stable
CNUR-000087,杭州市,2005,0,0,0,0,0,0,stable
CNUR-000087,杭州市,2006,0,0,0,0,0,0,stable
CNUR-000087,杭州市,2007,0,0,0,0,0,0,stable
CNUR-000087,杭州市,2008,0,0,0,0,0,0,stable
CNUR-000087,杭州市,2009,0,0,0,0,0,0,stable
CNUR-000087,杭州市,2010,0,0,0,0,0,0,stable
CNUR-000087,杭州市,2011,0,0,0,0,0,0,stable
CNUR-000087,杭州市,2012,0,0,0,0,0,0,stable
CNUR-000087,杭州市,2013,0,0,0,0,0,0,stable
CNUR-000087,杭州市,2014,0,1,0,0,1,0,district_scope_jump
CNUR-000087,杭州市,2015,0,0,0,0,0,0,stable
CNUR-000087,杭州市,2016,0,0,0,0,0,0,stable
CNUR-000087,杭州市,2017,0,1,0,0,1,0,district_scope_jump
CNUR-000087,杭州市,2018,0,0,0,0,0,0,stable
CNUR-000087,杭州市,2019,0,0,0,0,0,0,stable
CNUR-000087,杭州市,2020,0,0,0,0,0,0,stable
CNUR-000088,宁波市,1999,0,0,0,0,0,0,stable
CNUR-000088,宁波市,2000,0,0,0,0,0,0,stable
CNUR-000088,宁波市,2001,0,0,0,0,0,0,stable
CNUR-000088,宁波市,2002,0,1,0,0,1,0,district_scope_jump
CNUR-000088,宁波市,2003,0,0,0,0,0,0,stable
CNUR-000088,宁波市,2004,0,0,0,0,0,0,stable
CNUR-000088,宁波市,2005,0,0,0,0,0,0,stable
CNUR-000088,宁波市,2006,0,0,0,0,0,0,stable
CNUR-000088,宁波市,2007,0,0,0,0,0,0,stable
CNUR-000088,宁波市,2008,0,0,0,0,0,0,stable
CNUR-000088,宁波市,2009,0,0,0,0,0,0,stable
CNUR-000088,宁波市,2010,0,0,0,0,0,0,stable
CNUR-000088,宁波市,2011,0,0,0,0,0,0,stable
CNUR-000088,宁波市,2012,0,0,0,0,0,0,stable
CNUR-000088,宁波市,2013,0,0,0,0,0,0,stable
CNUR-000088,宁波市,2014,0,0,0,0,0,0,stable
CNUR-000088,宁波市,2015,0,0,0,0,0,0,stable
CNUR-000088,宁波市,2016,0,1,0,0,1,0,district_scope_jump
CNUR-000088,宁波市,2017,0,0,0,0,0,0,stable
CNUR-000088,宁波市,2018,0,0,0,0,0,0,stable
CNUR-000088,宁波市,2019,0,0,0,0,0,0,stable
CNUR-000088,宁波市,2020,0,0,0,0,0,0,stable
CNUR-000089,温州市,1999,0,0,0,0,0,0,stable
CNUR-000089,温州市,2000,0,0,0,0,0,0,stable
CNUR-000089,温州市,2001,0,1,0,0,1,0,district_scope_jump
CNUR-000089,温州市,2002,0,0,0,0,0,0,stable
CNUR-000089,温州市,2003,0,0,0,0,0,0,stable
CNUR-000089,温州市,2004,0,0,0,0,0,0,stable
CNUR-000089,温州市,2005,0,0,0,0,0,0,stable
CNUR-000089,温州市,2006,0,0,0,0,0,0,stable
CNUR-000089,温州市,2007,0,0,0,0,0,0,stable
CNUR-000089,温州市,2008,0,0,0,0,0,0,stable
CNUR-000089,温州市,2009,0,0,0,0,0,0,stable
CNUR-000089,温州市,2010,0,0,0,0,0,0,stable
CNUR-000089,温州市,2011,0,0,0,0,0,0,stable
CNUR-000089,温州市,2012,0,0,0,0,0,0,stable
CNUR-000089,温州市,2013,0,0,0,0,0,0,stable
CNUR-000089,温州市,2014,0,0,0,0,0,0,stable
CNUR-000089,温州市,2015,0,1,0,0,1,0,district_scope_jump
CNUR-000089,温州市,2016,0,0,0,0,0,0,stable
CNUR-000089,温州市,2017,0,0,0,0,0,0,stable
CNUR-000089,温州市,2018,0,0,0,0,0,0,stable
CNUR-000089,温州市,2019,0,0,0,0,0,0,stable
CNUR-000089,温州市,2020,0,0,0,0,0,0,stable
CNUR-000090,嘉兴市,1999,0,0,0,0,0,0,stable
CNUR-000090,嘉兴市,2000,0,0,0,0,0,0,stable
CNUR-000090,嘉兴市,2001,0,0,0,0,0,0,stable
CNUR-000090,嘉兴市,2002,0,0,0,0,0,0,stable
CNUR-000090,嘉兴市,2003,0,0,0,0,0,0,stable
CNUR-000090,嘉兴市,2004,0,0,0,0,0,0,stable
CNUR-000090,嘉兴市,2005,0,0,0,0,0,0,stable
CNUR-000090,嘉兴市,2006,0,0,0,0,0,0,stable
CNUR-000090,嘉兴市,2007,0,0,0,0,0,0,stable
CNUR-000090,嘉兴市,2008,0,0,0,0,0,0,stable
CNUR-000090,嘉兴市,2009,0,0,0,0,0,0,stable
CNUR-000090,嘉兴市,2010,0,0,0,0,0,0,stable
CNUR-000090,嘉兴市,2011,0,0,0,0,0,0,stable
CNUR-000090,嘉兴市,2012,0,0,0,0,0,0,stable
CNUR-000090,嘉兴市,2013,0,0,0,0,0,0,stable
CNUR-000090,嘉兴市,2014,0,0,0,0,0,0,stable
CNUR-000090,嘉兴市,2015,0,0,0,0,0,0,stable
CNUR-000090,嘉兴市,2016,0,0,0,0,0,0,stable
CNUR-000090,嘉兴市,2017,0,0,0,0,0,0,stable
CNUR-000090,嘉兴市,2018,0,0,0,0,0,0,stable
CNUR-000090,嘉兴市,2019,0,0,0,0,0,0,stable
CNUR-000090,嘉兴市,2020,0,0,0,0,0,0,stable
CNUR-000091,湖州市,1999,0,0,0,0,0,0,stable
CNUR-000091,湖州市,2000,0,0,0,0,0,0,stable
CNUR-000091,湖州市,2001,0,0,0,0,0,0,stable
CNUR-000091,湖州市,2002,0,0,0,0,0,0,stable
CNUR-000091,湖州市,2003,0,0,0,0,0,0,stable
CNUR-000091,湖州市,2004,0,0,0,0,0,0,stable
CNUR-000091,湖州市,2005,0,0,0,0,0,0,stable
CNUR-000091,湖州市,2006,0,0,0,0,0,0,stable
CNUR-000091,湖州市,2007,0,0,0,0,0,0,stable
CNUR-000091,湖州市,2008,0,0,0,0,0,0,stable
CNUR-000091,湖州市,2009,0,0,0,0,0,0,stable
CNUR-000091,湖州市,2010,0,0,0,0,0,0,stable
CNUR-000091,湖州市,2011,0,0,0,0,0,0,stable
CNUR-000091,湖州市,2012,0,0,0,0,0,0,stable
CNUR-000091,湖州市,2013,0,0,0,0,0,0,stable
CNUR-000091,湖州市,2014,0,0,0,0,0,0,stable
CNUR-000091,湖州市,2015,0,0,0,0,0,0,stable
CNUR-000091,湖州市,2016,0,0,0,0,0,0,stable
CNUR-000091,湖州市,2017,0,0,0,0,0,0,stable
CNUR-000091,湖州市,2018,0,0,0,0,0,0,stable
CNUR-000091,湖州市,2019,0,0,0,0,0,0,stable
CNUR-000091,湖州市,2020,0,0,0,0,0,0,stable
CNUR-000092,绍兴市,1999,0,0,0,0,0,0,stable
CNUR-000092,绍兴市,2000,0,0,0,0,0,0,stable
CNUR-000092,绍兴市,2001,0,1,0,0,1,0,district_scope_jump
CNUR-000092,绍兴市,2002,0,0,0,0,0,0,stable
CNUR-000092,绍兴市,2003,0,0,0,0,0,0,stable
CNUR-000092,绍兴市,2004,0,0,0,0,0,0,stable
CNUR-000092,绍兴市,2005,0,0,0,0,0,0,stable
CNUR-000092,绍兴市,2006,0,0,0,0,0,0,stable
CNUR-000092,绍兴市,2007,0,0,0,0,0,0,stable
CNUR-000092,绍兴市,2008,0,0,0,0,0,0,stable
CNUR-000092,绍兴市,2009,0,0,0,0,0,0,stable
CNUR-000092,绍兴市,2010,0,0,0,0,0,0,stable
CNUR-000092,绍兴市,2011,0,0,0,0,0,0,stable
CNUR-000092,绍兴市,2012,0,0,0,0,0,0,stable
CNUR-000092,绍兴市,2013,0,2,0,0,1,0,district_scope_jump
CNUR-000092,绍兴市,2014,0,0,0,0,0,0,stable
CNUR-000092,绍兴市,2015,0,0,0,0,0,0,stable
CNUR-000092,绍兴市,2016,0,0,0,0,0,0,stable
CNUR-000092,绍兴市,2017,0,0,0,0,0,0,stable
CNUR-000092,绍兴市,2018,0,0,0,0,0,0,stable
CNUR-000092,绍兴市,2019,0,0,0,0,0,0,stable
CNUR-000092,绍兴市,2020,0,0,0,0,0,0,stable
CNUR-000093,金华市,1999,0,0,0,0,0,0,stable
CNUR-000093,金华市,2000,0,1,0,0,1,0,district_scope_jump
CNUR-000093,金华市,2001,0,0,0,0,0,0,stable
CNUR-000093,金华市,2002,0,0,0,0,0,0,stable
CNUR-000093,金华市,2003,0,0,0,0,0,0,stable
CNUR-000093,金华市,2004,0,0,0,0,0,0,stable
CNUR-000093,金华市,2005,0,0,0,0,0,0,stable
CNUR-000093,金华市,2006,0,0,0,0,0,0,stable
CNUR-000093,金华市,2007,0,0,0,0,0,0,stable
CNUR-000093,金华市,2008,0,0,0,0,0,0,stable
CNUR-000093,金华市,2009,0,0,0,0,0,0,stable
CNUR-000093,金华市,2010,0,0,0,0,0,0,stable
CNUR-000093,金华市,2011,0,0,0,0,0,0,stable
CNUR-000093,金华市,2012,0,0,0,0,0,0,stable
CNUR-000093,金华市,2013,0,0,0,0,0,0,stable
CNUR-000093,金华市,2014,0,0,0,0,0,0,stable
CNUR-000093,金华市,2015,0,0,0,0,0,0,stable
CNUR-000093,金华市,2016,0,0,0,0,0,0,stable
CNUR-000093,金华市,2017,0,0,0,0,0,0,stable
CNUR-000093,金华市,2018,0,0,0,0,0,0,stable
CNUR-000093,金华市,2019,0,0,0,0,0,0,stable
CNUR-000093,金华市,2020,0,0,0,0,0,0,stable
CNUR-000094,衢州市,1999,0,0,0,0,0,0,stable
CNUR-000094,衢州市,2000,0,0,0,0,0,0,stable
CNUR-000094,衢州市,2001,0,1,0,0,1,0,district_scope_jump
CNUR-000094,衢州市,2002,0,0,0,0,0,0,stable
CNUR-000094,衢州市,2003,0,0,0,0,0,0,stable
CNUR-000094,衢州市,2004,0,0,0,0,0,0,stable
CNUR-000094,衢州市,2005,0,0,0,0,0,0,stable
CNUR-000094,衢州市,2006,0,0,0,0,0,0,stable
CNUR-000094,衢州市,2007,0,0,0,0,0,0,stable
CNUR-000094,衢州市,2008,0,0,0,0,0,0,stable
CNUR-000094,衢州市,2009,0,0,0,0,0,0,stable
CNUR-000094,衢州市,2010,0,0,0,0,0,0,stable
CNUR-000094,衢州市,2011,0,0,0,0,0,0,stable
CNUR-000094,衢州市,2012,0,0,0,0,0,0,stable
CNUR-000094,衢州市,2013,0,0,0,0,0,0,stable
CNUR-000094,衢州市,2014,0,0,0,0,0,0,stable
CNUR-000094,衢州市,2015,0,0,0,0,0,0,stable
CNUR-000094,衢州市,2016,0,0,0,0,0,0,stable
CNUR-000094,衢州市,2017,0,0,0,0,0,0,stable
CNUR-000094,衢州市,2018,0,0,0,0,0,0,stable
CNUR-000094,衢州市,2019,0,0,0,0,0,0,stable
CNUR-000094,衢州市,2020,0,0,0,0,0,0,stable
CNUR-000095,舟山市,1999,0,0,0,0,0,0,stable
CNUR-000095,舟山市,2000,0,0,0,0,0,0,stable
CNUR-000095,舟山市,2001,0,0,0,0,0,0,stable
CNUR-000095,舟山市,2002,0,0,0,0,0,0,stable
CNUR-000095,舟山市,2003,0,0,0,0,0,0,stable
CNUR-000095,舟山市,2004,0,0,0,0,0,0,stable
CNUR-000095,舟山市,2005,0,0,0,0,0,0,stable
CNUR-000095,舟山市,2006,0,0,0,0,0,0,stable
CNUR-000095,舟山市,2007,0,0,0,0,0,0,stable
CNUR-000095,舟山市,2008,0,0,0,0,0,0,stable
CNUR-000095,舟山市,2009,0,0,0,0,0,0,stable
CNUR-000095,舟山市,2010,0,0,0,0,0,0,stable
CNUR-000095,舟山市,2011,0,0,0,0,0,0,stable
CNUR-000095,舟山市,2012,0,0,0,0,0,0,stable
CNUR-000095,舟山市,2013,0,0,0,0,0,0,stable
CNUR-000095,舟山市,2014,0,0,0,0,0,0,stable
CNUR-000095,舟山市,2015,0,0,0,0,0,0,stable
CNUR-000095,舟山市,2016,0,0,0,0,0,0,stable
CNUR-000095,舟山市,2017,0,0,0,0,0,0,stable
CNUR-000095,舟山市,2018,0,0,0,0,0,0,stable
CNUR-000095,舟山市,2019,0,0,0,0,0,0,stable
CNUR-000095,舟山市,2020,0,0,0,0,0,0,stable
CNUR-000096,台州市,1999,0,0,0,0,0,0,stable
CNUR-000096,台州市,2000,0,0,0,0,0,0,stable
CNUR-000096,台州市,2001,0,0,0,0,0,0,stable
CNUR-000096,台州市,2002,0,0,0,0,0,0,stable
CNUR-000096,台州市,2003,0,0,0,0,0,0,stable
CNUR-000096,台州市,2004,0,0,0,0,0,0,stable
CNUR-000096,台州市,2005,0,0,0,0,0,0,stable
CNUR-000096,台州市,2006,0,0,0,0,0,0,stable
CNUR-000096,台州市,2007,0,0,0,0,0,0,stable
CNUR-000096,台州市,2008,0,0,0,0,0,0,stable
CNUR-000096,台州市,2009,0,0,0,0,0,0,stable
CNUR-000096,台州市,2010,0,0,0,0,0,0,stable
CNUR-000096,台州市,2011,0,0,0,0,0,0,stable
CNUR-000096,台州市,2012,0,0,0,0,0,0,stable
CNUR-000096,台州市,2013,0,0,0,0,0,0,stable
CNUR-000096,台州市,2014,0,0,0,0,0,0,stable
CNUR-000096,台州市,2015,0,0,0,0,0,0,stable
CNUR-000096,台州市,2016,0,0,0,0,0,0,stable
CNUR-000096,台州市,2017,0,0,0,0,0,0,stable
CNUR-000096,台州市,2018,0,0,0,0,0,0,stable
CNUR-000096,台州市,2019,0,0,0,0,0,0,stable
CNUR-000096,台州市,2020,0,0,0,0,0,0,stable
CNUR-000097,丽水市,1999,0,0,0,0,0,0,stable
CNUR-000097,丽水市,2000,0,0,0,0,0,0,stable
CNUR-000097,丽水市,2001,0,0,0,0,0,0,stable
CNUR-000097,丽水市,2002,0,0,0,0,0,0,stable
CNUR-000097,丽水市,2003,0,0,0,0,0,0,stable
CNUR-000097,丽水市,2004,0,0,0,0,0,0,stable
CNUR-000097,丽水市,2005,0,0,0,0,0,0,stable
CNUR-000097,丽水市,2006,0,0,0,0,0,0,stable
CNUR-000097,丽水市,2007,0,0,0,0,0,0,stable
CNUR-000097,丽水市,2008,0,0,0,0,0,0,stable
CNUR-000097,丽水市,2009,0,0,0,0,0,0,stable
CNUR-000097,丽水市,2010,0,0,0,0,0,0,stable
CNUR-000097,丽水市,2011,0,0,0,0,0,0,stable
CNUR-000097,丽水市,2012,0,0,0,0,0,0,stable
CNUR-000097,丽水市,2013,0,0,0,0,0,0,stable
CNUR-000097,丽水市,2014,0,0,0,0,0,0,stable
CNUR-000097,丽水市,2015,0,0,0,0,0,0,stable
CNUR-000097,丽水市,2016,0,0,0,0,0,0,stable
CNUR-000097,丽水市,2017,0,0,0,0,0,0,stable
CNUR-000097,丽水市,2018,0,0,0,0,0,0,stable
CNUR-000097,丽水市,2019,0,0,0,0,0,0,stable
CNUR-000097,丽水市,2020,0,0,0,0,0,0,stable
CNUR-000098,合肥市,1999,0,0,0,0,0,0,stable
CNUR-000098,合肥市,2000,0,0,0,0,0,0,stable
CNUR-000098,合肥市,2001,0,0,0,0,0,0,stable
CNUR-000098,合肥市,2002,0,1,0,0,1,0,district_scope_jump
CNUR-000098,合肥市,2003,0,0,0,0,0,0,stable
CNUR-000098,合肥市,2004,0,0,0,0,0,0,stable
CNUR-000098,合肥市,2005,0,0,0,0,0,0,stable
CNUR-000098,合肥市,2006,0,0,0,0,0,0,stable
CNUR-000098,合肥市,2007,0,0,0,0,0,0,stable
CNUR-000098,合肥市,2008,0,0,0,0,0,0,stable
CNUR-000098,合肥市,2009,0,0,0,0,0,0,stable
CNUR-000098,合肥市,2010,0,0,0,0,0,0,stable
CNUR-000098,合肥市,2011,1,0,0,1,0,0,whole_city_break
CNUR-000098,合肥市,2012,0,0,0,0,0,0,stable
CNUR-000098,合肥市,2013,0,0,0,0,0,0,stable
CNUR-000098,合肥市,2014,0,0,0,0,0,0,stable
CNUR-000098,合肥市,2015,0,0,0,0,0,0,stable
CNUR-000098,合肥市,2016,0,0,0,0,0,0,stable
CNUR-000098,合肥市,2017,0,0,0,0,0,0,stable
CNUR-000098,合肥市,2018,0,0,0,0,0,0,stable
CNUR-000098,合肥市,2019,0,0,0,0,0,0,stable
CNUR-000098,合肥市,2020,0,0,0,0,0,0,stable
CNUR-000099,芜湖市,1999,0,0,0,0,0,0,stable
CNUR-000099,芜湖市,2000,0,0,0,0,0,0,stable
CNUR-000099,芜湖市,2001,0,0,0,0,0,0,stable
CNUR-000099,芜湖市,2002,0,0,0,0,0,0,stable
CNUR-000099,芜湖市,2003,0,0,0,0,0,0,stable
CNUR-000099,芜湖市,2004,0,0,0,0,0,0,stable
CNUR-000099,芜湖市,2005,0,0,0,0,0,0,stable
CNUR-000099,芜湖市,2006,0,0,0,0,0,0,stable
CNUR-000099,芜湖市,2007,0,0,0,0,0,0,stable
CNUR-000099,芜湖市,2008,0,0,0,0,0,0,stable
CNUR-000099,芜湖市,2009,0,0,0,0,0,0,stable
CNUR-000099,芜湖市,2010,0,0,0,0,0,0,stable
CNUR-000099,芜湖市,2011,1,0,0,1,0,0,whole_city_break
CNUR-000099,芜湖市,2012,0,0,0,0,0,0,stable
CNUR-000099,芜湖市,2013,0,0,0,0,0,0,stable
CNUR-000099,芜湖市,2014,0,0,0,0,0,0,stable
CNUR-000099,芜湖市,2015,0,0,0,0,0,0,stable
CNUR-000099,芜湖市,2016,0,0,0,0,0,0,stable
CNUR-000099,芜湖市,2017,0,0,0,0,0,0,stable
CNUR-000099,芜湖市,2018,0,0,0,0,0,0,stable
CNUR-000099,芜湖市,2019,0,0,0,0,0,0,stable
CNUR-000099,芜湖市,2020,0,2,2,0,1,0,district_scope_jump|district_merge
CNUR-000100,蚌埠市,1999,0,0,0,0,0,0,stable
CNUR-000100,蚌埠市,2000,0,0,0,0,0,0,stable
CNUR-000100,蚌埠市,2001,0,0,0,0,0,0,stable
CNUR-000100,蚌埠市,2002,0,0,0,0,0,0,stable
CNUR-000100,蚌埠市,2003,0,0,0,0,0,0,stable
CNUR-000100,蚌埠市,2004,0,1,0,0,1,0,district_scope_jump
CNUR-000100,蚌埠市,2005,0,0,0,0,0,0,stable
CNUR-000100,蚌埠市,2006,0,0,0,0,0,0,stable
CNUR-000100,蚌埠市,2007,0,0,0,0,0,0,stable
CNUR-000100,蚌埠市,2008,0,0,0,0,0,0,stable
CNUR-000100,蚌埠市,2009,0,0,0,0,0,0,stable
CNUR-000100,蚌埠市,2010,0,0,0,0,0,0,stable
CNUR-000100,蚌埠市,2011,0,0,0,0,0,0,stable
CNUR-000100,蚌埠市,2012,0,0,0,0,0,0,stable
CNUR-000100,蚌埠市,2013,0,0,0,0,0,0,stable
CNUR-000100,蚌埠市,2014,0,0,0,0,0,0,stable
CNUR-000100,蚌埠市,2015,0,0,0,0,0,0,stable
CNUR-000100,蚌埠市,2016,0,0,0,0,0,0,stable
CNUR-000100,蚌埠市,2017,0,0,0,0,0,0,stable
CNUR-000100,蚌埠市,2018,0,0,0,0,0,0,stable
CNUR-000100,蚌埠市,2019,0,0,0,0,0,0,stable
CNUR-000100,蚌埠市,2020,0,0,0,0,0,0,stable
CNUR-000101,淮南市,1999,0,0,0,0,0,0,stable
CNUR-000101,淮南市,2000,0,0,0,0,0,0,stable
CNUR-000101,淮南市,2001,0,0,0,0,0,0,stable
CNUR-000101,淮南市,2002,0,0,0,0,0,0,stable
CNUR-000101,淮南市,2003,0,0,0,0,0,0,stable
CNUR-000101,淮南市,2004,0,1,0,0,1,0,district_scope_jump
CNUR-000101,淮南市,2005,0,0,0,0,0,0,stable
CNUR-000101,淮南市,2006,0,0,0,0,0,0,stable
CNUR-000101,淮南市,2007,0,0,0,0,0,0,stable
CNUR-000101,淮南市,2008,0,0,0,0,0,0,stable
CNUR-000101,淮南市,2009,0,0,0,0,0,0,stable
CNUR-000101,淮南市,2010,0,0,0,0,0,0,stable
CNUR-000101,淮南市,2011,0,0,0,0,0,0,stable
CNUR-000101,淮南市,2012,0,0,0,0,0,0,stable
CNUR-000101,淮南市,2013,0,0,0,0,0,0,stable
CNUR-000101,淮南市,2014,0,0,0,0,0,0,stable
CNUR-000101,淮南市,2015,1,0,0,1,0,0,whole_city_break
CNUR-000101,淮南市,2016,0,0,0,0,0,0,stable
CNUR-000101,淮南市,2017,0,0,0,0,0,0,stable
CNUR-000101,淮南市,2018,0,0,0,0,0,0,stable
CNUR-000101,淮南市,2019,0,0,0,0,0,0,stable
CNUR-000101,淮南市,2020,0,0,0,0,0,0,stable
CNUR-000102,马鞍山市,1999,0,0,0,0,0,0,stable
CNUR-000102,马鞍山市,2000,0,0,0,0,0,0,stable
CNUR-000102,马鞍山市,2001,0,0,0,0,0,0,stable
CNUR-000102,马鞍山市,2002,0,0,0,0,0,0,stable
CNUR-000102,马鞍山市,2003,0,0,0,0,0,0,stable
CNUR-000102,马鞍山市,2004,0,0,0,0,0,0,stable
CNUR-000102,马鞍山市,2005,0,0,0,0,0,0,stable
CNUR-000102,马鞍山市,2006,0,0,0,0,0,0,stable
CNUR-000102,马鞍山市,2007,0,0,0,0,0,0,stable
CNUR-000102,马鞍山市,2008,0,0,0,0,0,0,stable
CNUR-000102,马鞍山市,2009,0,0,0,0,0,0,stable
CNUR-000102,马鞍山市,2010,0,0,0,0,0,0,stable
CNUR-000102,马鞍山市,2011,1,0,0,1,0,0,whole_city_break
CNUR-000102,马鞍山市,2012,0,0,1,0,0,0,district_merge
CNUR-000102,马鞍山市,2013,0,0,0,0,0,0,stable
CNUR-000102,马鞍山市,2014,0,0,0,0,0,0,stable
CNUR-000102,马鞍山市,2015,0,0,0,0,0,0,stable
CNUR-000102,马鞍山市,2016,0,0,0,0,0,0,stable
CNUR-000102,马鞍山市,2017,0,0,0,0,0,0,stable
CNUR-000102,马鞍山市,2018,0,0,0,0,0,0,stable
CNUR-000102,马鞍山市,2019,0,0,0,0,0,0,stable
CNUR-000102,马鞍山市,2020,0,0,0,0,0,0,stable
CNUR-000103,淮北市,1999,0,0,0,0,0,0,stable
CNUR-000103,淮北市,2000,0,0,0,0,0,0,stable
CNUR-000103,淮北市,2001,0,0,0,0,0,0,stable
CNUR-000103,淮北市,2002,0,0,0,0,0,0,stable
CNUR-000103,淮北市,2003,0,0,0,0,0,0,stable
CNUR-000103,淮北市,2004,0,0,0,0,0,0,stable
CNUR-000103,淮北市,2005,0,0,0,0,0,0,stable
CNUR-000103,淮北市,2006,0,0,0,0,0,0,stable
CNUR-000103,淮北市,2007,0,0,0,0,0,0,stable
CNUR-000103,淮北市,2008,0,0,0,0,0,0,stable
CNUR-000103,淮北市,2009,0,0,0,0,0,0,stable
CNUR-000103,淮北市,2010,0,0,0,0,0,0,stable
CNUR-000103,淮北市,2011,0,0,0,0,0,0,stable
CNUR-000103,淮北市,2012,0,0,0,0,0,0,stable
CNUR-000103,淮北市,2013,0,0,0,0,0,0,stable
CNUR-000103,淮北市,2014,0,0,0,0,0,0,stable
CNUR-000103,淮北市,2015,0,0,0,0,0,0,stable
CNUR-000103,淮北市,2016,0,0,0,0,0,0,stable
CNUR-000103,淮北市,2017,0,0,0,0,0,0,stable
CNUR-000103,淮北市,2018,0,0,0,0,0,0,stable
CNUR-000103,淮北市,2019,0,0,0,0,0,0,stable
CNUR-000103,淮北市,2020,0,0,0,0,0,0,stable
CNUR-000104,铜陵市,1999,0,0,0,0,0,0,stable
CNUR-000104,铜陵市,2000,0,0,0,0,0,0,stable
CNUR-000104,铜陵市,2001,0,0,0,0,0,0,stable
CNUR-000104,铜陵市,2002,0,0,0,0,0,0,stable
CNUR-000104,铜陵市,2003,0,0,0,0,0,0,stable
CNUR-000104,铜陵市,2004,0,0,0,0,0,0,stable
CNUR-000104,铜陵市,2005,0,0,0,0,0,0,stable
CNUR-000104,铜陵市,2006,0,0,0,0,0,0,stable
CNUR-000104,铜陵市,2007,0,0,0,0,0,0,stable
CNUR-000104,铜陵市,2008,0,0,0,0,0,0,stable
CNUR-000104,铜陵市,2009,0,0,0,0,0,0,stable
CNUR-000104,铜陵市,2010,0,0,0,0,0,0,stable
CNUR-000104,铜陵市,2011,0,0,0,0,0,0,stable
CNUR-000104,铜陵市,2012,0,0,0,0,0,0,stable
CNUR-000104,铜陵市,2013,0,0,0,0,0,0,stable
CNUR-000104,铜陵市,2014,0,0,0,0,0,0,stable
CNUR-000104,铜陵市,2015,1,1,0,1,1,0,whole_city_break|district_scope_jump
CNUR-000104,铜陵市,2016,0,0,0,0,0,0,stable
CNUR-000104,铜陵市,2017,0,0,0,0,0,0,stable
CNUR-000104,铜陵市,2018,0,0,0,0,0,0,stable
CNUR-000104,铜陵市,2019,0,0,0,0,0,0,stable
CNUR-000104,铜陵市,2020,0,0,0,0,0,0,stable
CNUR-000105,安庆市,1999,0,0,0,0,0,0,stable
CNUR-000105,安庆市,2000,0,0,0,0,0,0,stable
CNUR-000105,安庆市,2001,0,0,0,0,0,0,stable
CNUR-000105,安庆市,2002,0,0,0,0,0,0,stable
CNUR-000105,安庆市,2003,0,0,0,0,0,0,stable
CNUR-000105,安庆市,2004,0,0,0,0,0,0,stable
CNUR-000105,安庆市,2005,0,0,0,0,0,0,stable
CNUR-000105,安庆市,2006,0,0,0,0,0,0,stable
CNUR-000105,安庆市,2007,0,0,0,0,0,0,stable
CNUR-000105,安庆市,2008,0,0,0,0,0,0,stable
CNUR-000105,安庆市,2009,0,0,0,0,0,0,stable
CNUR-000105,安庆市,2010,0,0,0,0,0,0,stable
CNUR-000105,安庆市,2011,0,0,0,0,0,0,stable
CNUR-000105,安庆市,2012,0,0,0,0,0,0,stable
CNUR-000105,安庆市,2013,0,0,0,0,0,0,stable
CNUR-000105,安庆市,2014,0,0,0,0,0,0,stable
CNUR-000105,安庆市,2015,0,0,0,0,0,0,stable
CNUR-000105,安庆市,2016,0,0,0,0,0,0,stable
CNUR-000105,安庆市,2017,0,0,0,0,0,0,stable
CNUR-000105,安庆市,2018,0,0,0,0,0,0,stable
CNUR-000105,安庆市,2019,0,0,0,0,0,0,stable
CNUR-000105,安庆市,2020,0,0,0,0,0,0,stable
CNUR-000106,黄山市,1999,0,0,0,0,0,0,stable
CNUR-000106,黄山市,2000,0,0,0,0,0,0,stable
CNUR-000106,黄山市,2001,0,0,0,0,0,0,stable
CNUR-000106,黄山市,2002,0,0,0,0,0,0,stable
CNUR-000106,黄山市,2003,0,0,0,0,0,0,stable
CNUR-000106,黄山市,2004,0,0,0,0,0,0,stable
CNUR-000106,黄山市,2005,0,0,0,0,0,0,stable
CNUR-000106,黄山市,2006,0,0,0,0,0,0,stable
CNUR-000106,黄山市,2007,0,0,0,0,0,0,stable
CNUR-000106,黄山市,2008,0,0,0,0,0,0,stable
CNUR-000106,黄山市,2009,0,0,0,0,0,0,stable
CNUR-000106,黄山市,2010,0,0,0,0,0,0,stable
CNUR-000106,黄山市,2011,0,0,0,0,0,0,stable
CNUR-000106,黄山市,2012,0,0,0,0,0,0,stable
CNUR-000106,黄山市,2013,0,0,0,0,0,0,stable
CNUR-000106,黄山市,2014,0,0,0,0,0,0,stable
CNUR-000106,黄山市,2015,0,0,0,0,0,0,stable
CNUR-000106,黄山市,2016,0,0,0,0,0,0,stable
CNUR-000106,黄山市,2017,0,0,0,0,0,0,stable
CNUR-000106,黄山市,2018,0,0,0,0,0,0,stable
CNUR-000106,黄山市,2019,0,0,0,0,0,0,stable
CNUR-000106,黄山市,2020,0,0,0,0,0,0,stable
CNUR-000107,滁州市,1999,0,0,0,0,0,0,stable
CNUR-000107,滁州市,2000,0,0,0,0,0,0,stable
CNUR-000107,滁州市,2001,0,0,0,0,0,0,stable
CNUR-000107,滁州市,2002,0,0,0,0,0,0,stable
CNUR-000107,滁州市,2003,0,0,0,0,0,0,stable
CNUR-000107,滁州市,2004,0,0,0,0,0,0,stable
CNUR-000107,滁州市,2005,0,0,0,0,0,0,stable
CNUR-000107,滁州市,2006,0,0,0,0,0,0,stable
CNUR-000107,滁州市,2007,0,0,0,0,0,0,stable
CNUR-000107,滁州市,2008,0,0,0,0,0,0,stable
CNUR-000107,滁州市,2009,0,0,0,0,0,0,stable
CNUR-000107,滁州市,2010,0,0,0,0,0,0,stable
CNUR-000107,滁州市,2011,0,0,0,0,0,0,stable
CNUR-000107,滁州市,2012,0,0,0,0,0,0,stable
CNUR-000107,滁州市,2013,0,0,0,0,0,0,stable
CNUR-000107,滁州市,2014,0,0,0,0,0,0,stable
CNUR-000107,滁州市,2015,0,0,0,0,0,0,stable
CNUR-000107,滁州市,2016,0,0,0,0,0,0,stable
CNUR-000107,滁州市,2017,0,0,0,0,0,0,stable
CNUR-000107,滁州市,2018,0,0,0,0,0,0,stable
CNUR-000107,滁州市,2019,0,0,0,0,0,0,stable
CNUR-000107,滁州市,2020,0,0,0,0,0,0,stable
CNUR-000108,阜阳市,1999,0,0,0,0,0,0,stable
CNUR-000108,阜阳市,2000,0,0,0,0,0,0,stable
CNUR-000108,阜阳市,2001,0,0,0,0,0,0,stable
CNUR-000108,阜阳市,2002,0,0,0,0,0,0,stable
CNUR-000108,阜阳市,2003,0,0,0,0,0,0,stable
CNUR-000108,阜阳市,2004,0,0,0,0,0,0,stable
CNUR-000108,阜阳市,2005,0,0,0,0,0,0,stable
CNUR-000108,阜阳市,2006,0,0,0,0,0,0,stable
CNUR-000108,阜阳市,2007,0,0,0,0,0,0,stable
CNUR-000108,阜阳市,2008,0,0,0,0,0,0,stable
CNUR-000108,阜阳市,2009,0,0,0,0,0,0,stable
CNUR-000108,阜阳市,2010,0,0,0,0,0,0,stable
CNUR-000108,阜阳市,2011,0,0,0,0,0,0,stable
CNUR-000108,阜阳市,2012,0,0,0,0,0,0,stable
CNUR-000108,阜阳市,2013,0,0,0,0,0,0,stable
CNUR-000108,阜阳市,2014,0,0,0,0,0,0,stable
CNUR-000108,阜阳市,2015,0,0,0,0,0,0,stable
CNUR-000108,阜阳市,2016,0,0,0,0,0,0,stable
CNUR-000108,阜阳市,2017,0,0,0,0,0,0,stable
CNUR-000108,阜阳市,2018,0,0,0,0,0,0,stable
CNUR-000108,阜阳市,2019,0,0,0,0,0,0,stable
CNUR-000108,阜阳市,2020,0,0,0,0,0,0,stable
CNUR-000109,宿州市,1999,0,0,0,0,0,0,stable
CNUR-000109,宿州市,2000,0,0,0,0,0,0,stable
CNUR-000109,宿州市,2001,0,0,0,0,0,0,stable
CNUR-000109,宿州市,2002,0,0,0,0,0,0,stable
CNUR-000109,宿州市,2003,0,0,0,0,0,0,stable
CNUR-000109,宿州市,2004,0,0,0,0,0,0,stable
CNUR-000109,宿州市,2005,0,0,0,0,0,0,stable
CNUR-000109,宿州市,2006,0,0,0,0,0,0,stable
CNUR-000109,宿州市,2007,0,0,0,0,0,0,stable
CNUR-000109,宿州市,2008,0,0,0,0,0,0,stable
CNUR-000109,宿州市,2009,0,0,0,0,0,0,stable
CNUR-000109,宿州市,2010,0,0,0,0,0,0,stable
CNUR-000109,宿州市,2011,0,0,0,0,0,0,stable
CNUR-000109,宿州市,2012,0,0,0,0,0,0,stable
CNUR-000109,宿州市,2013,0,0,0,0,0,0,stable
CNUR-000109,宿州市,2014,0,0,0,0,0,0,stable
CNUR-000109,宿州市,2015,0,0,0,0,0,0,stable
CNUR-000109,宿州市,2016,0,0,0,0,0,0,stable
CNUR-000109,宿州市,2017,0,0,0,0,0,0,stable
CNUR-000109,宿州市,2018,0,0,0,0,0,0,stable
CNUR-000109,宿州市,2019,0,0,0,0,0,0,stable
CNUR-000109,宿州市,2020,0,0,0,0,0,0,stable
CNUR-000111,六安市,1999,0,0,0,0,0,0,stable
CNUR-000111,六安市,2000,0,0,0,0,0,0,stable
CNUR-000111,六安市,2001,0,0,0,0,0,0,stable
CNUR-000111,六安市,2002,0,0,0,0,0,0,stable
CNUR-000111,六安市,2003,0,0,0,0,0,0,stable
CNUR-000111,六安市,2004,0,0,0,0,0,0,stable
CNUR-000111,六安市,2005,0,0,0,0,0,0,stable
CNUR-000111,六安市,2006,0,0,0,0,0,0,stable
CNUR-000111,六安市,2007,0,0,0,0,0,0,stable
CNUR-000111,六安市,2008,0,0,0,0,0,0,stable
CNUR-000111,六安市,2009,0,0,0,0,0,0,stable
CNUR-000111,六安市,2010,0,0,0,0,0,0,stable
CNUR-000111,六安市,2011,0,0,0,0,0,0,stable
CNUR-000111,六安市,2012,0,0,0,0,0,0,stable
CNUR-000111,六安市,2013,0,0,0,0,0,0,stable
CNUR-000111,六安市,2014,0,0,0,0,0,0,stable
CNUR-000111,六安市,2015,1,0,0,1,0,0,whole_city_break
CNUR-000111,六安市,2016,0,0,0,0,0,0,stable
CNUR-000111,六安市,2017,0,0,0,0,0,0,stable
CNUR-000111,六安市,2018,0,0,0,0,0,0,stable
CNUR-000111,六安市,2019,0,0,0,0,0,0,stable
CNUR-000111,六安市,2020,0,0,0,0,0,0,stable
CNUR-000112,亳州市,1999,0,0,0,0,0,0,stable
CNUR-000112,亳州市,2000,0,0,0,0,0,1,sample_entry
CNUR-000112,亳州市,2001,0,0,0,0,0,0,stable
CNUR-000112,亳州市,2002,0,0,0,0,0,0,stable
CNUR-000112,亳州市,2003,0,0,0,0,0,0,stable
CNUR-000112,亳州市,2004,0,0,0,0,0,0,stable
CNUR-000112,亳州市,2005,0,0,0,0,0,0,stable
CNUR-000112,亳州市,2006,0,0,0,0,0,0,stable
CNUR-000112,亳州市,2007,0,0,0,0,0,0,stable
CNUR-000112,亳州市,2008,0,0,0,0,0,0,stable
CNUR-000112,亳州市,2009,0,0,0,0,0,0,stable
CNUR-000112,亳州市,2010,0,0,0,0,0,0,stable
CNUR-000112,亳州市,2011,0,0,0,0,0,0,stable
CNUR-000112,亳州市,2012,0,0,0,0,0,0,stable
CNUR-000112,亳州市,2013,0,0,0,0,0,0,stable
CNUR-000112,亳州市,2014,0,0,0,0,0,0,stable
CNUR-000112,亳州市,2015,0,0,0,0,0,0,stable
CNUR-000112,亳州市,2016,0,0,0,0,0,0,stable
CNUR-000112,亳州市,2017,0,0,0,0,0,0,stable
CNUR-000112,亳州市,2018,0,0,0,0,0,0,stable
CNUR-000112,亳州市,2019,0,0,0,0,0,0,stable
CNUR-000112,亳州市,2020,0,0,0,0,0,0,stable
CNUR-000113,池州市,1999,0,0,0,0,0,0,stable
CNUR-000113,池州市,2000,0,0,0,0,0,0,stable
CNUR-000113,池州市,2001,0,0,0,0,0,0,stable
CNUR-000113,池州市,2002,0,0,0,0,0,0,stable
CNUR-000113,池州市,2003,0,0,0,0,0,0,stable
CNUR-000113,池州市,2004,0,0,0,0,0,0,stable
CNUR-000113,池州市,2005,0,0,0,0,0,0,stable
CNUR-000113,池州市,2006,0,0,0,0,0,0,stable
CNUR-000113,池州市,2007,0,0,0,0,0,0,stable
CNUR-000113,池州市,2008,0,0,0,0,0,0,stable
CNUR-000113,池州市,2009,0,0,0,0,0,0,stable
CNUR-000113,池州市,2010,0,0,0,0,0,0,stable
CNUR-000113,池州市,2011,0,0,0,0,0,0,stable
CNUR-000113,池州市,2012,0,0,0,0,0,0,stable
CNUR-000113,池州市,2013,0,0,0,0,0,0,stable
CNUR-000113,池州市,2014,0,0,0,0,0,0,stable
CNUR-000113,池州市,2015,0,0,0,0,0,0,stable
CNUR-000113,池州市,2016,0,0,0,0,0,0,stable
CNUR-000113,池州市,2017,0,0,0,0,0,0,stable
CNUR-000113,池州市,2018,0,0,0,0,0,0,stable
CNUR-000113,池州市,2019,0,0,0,0,0,0,stable
CNUR-000113,池州市,2020,0,0,0,0,0,0,stable
CNUR-000114,宣城市,1999,0,0,0,0,0,0,stable
CNUR-000114,宣城市,2000,0,0,0,0,0,0,stable
CNUR-000114,宣城市,2001,0,0,0,0,0,0,stable
CNUR-000114,宣城市,2002,0,0,0,0,0,0,stable
CNUR-000114,宣城市,2003,0,0,0,0,0,0,stable
CNUR-000114,宣城市,2004,0,0,0,0,0,0,stable
CNUR-000114,宣城市,2005,0,0,0,0,0,0,stable
CNUR-000114,宣城市,2006,0,0,0,0,0,0,stable
CNUR-000114,宣城市,2007,0,0,0,0,0,0,stable
CNUR-000114,宣城市,2008,0,0,0,0,0,0,stable
CNUR-000114,宣城市,2009,0,0,0,0,0,0,stable
CNUR-000114,宣城市,2010,0,0,0,0,0,0,stable
CNUR-000114,宣城市,2011,0,0,0,0,0,0,stable
CNUR-000114,宣城市,2012,0,0,0,0,0,0,stable
CNUR-000114,宣城市,2013,0,0,0,0,0,0,stable
CNUR-000114,宣城市,2014,0,0,0,0,0,0,stable
CNUR-000114,宣城市,2015,0,0,0,0,0,0,stable
CNUR-000114,宣城市,2016,0,0,0,0,0,0,stable
CNUR-000114,宣城市,2017,0,0,0,0,0,0,stable
CNUR-000114,宣城市,2018,0,0,0,0,0,0,stable
CNUR-000114,宣城市,2019,0,0,0,0,0,0,stable
CNUR-000114,宣城市,2020,0,0,0,0,0,0,stable
CNUR-000115,福州市,1999,0,0,0,0,0,0,stable
CNUR-000115,福州市,2000,0,0,0,0,0,0,stable
CNUR-000115,福州市,2001,0,0,0,0,0,0,stable
CNUR-000115,福州市,2002,0,0,0,0,0,0,stable
CNUR-000115,福州市,2003,0,0,0,0,0,0,stable
CNUR-000115,福州市,2004,0,0,0,0,0,0,stable
CNUR-000115,福州市,2005,0,0,0,0,0,0,stable
CNUR-000115,福州市,2006,0,0,0,0,0,0,stable
CNUR-000115,福州市,2007,0,0,0,0,0,0,stable
CNUR-000115,福州市,2008,0,0,0,0,0,0,stable
CNUR-000115,福州市,2009,0,0,0,0,0,0,stable
CNUR-000115,福州市,2010,0,0,0,0,0,0,stable
CNUR-000115,福州市,2011,0,0,0,0,0,0,stable
CNUR-000115,福州市,2012,0,0,0,0,0,0,stable
CNUR-000115,福州市,2013,0,0,0,0,0,0,stable
CNUR-000115,福州市,2014,0,0,0,0,0,0,stable
CNUR-000115,福州市,2015,0,0,0,0,0,0,stable
CNUR-000115,福州市,2016,0,0,0,0,0,0,stable
CNUR-000115,福州市,2017,0,1,0,0,1,0,district_scope_jump
CNUR-000115,福州市,2018,0,0,0,0,0,0,stable
CNUR-000115,福州市,2019,0,0,0,0,0,0,stable
CNUR-000115,福州市,2020,0,0,0,0,0,0,stable
CNUR-000116,厦门市,1999,0,0,0,0,0,0,stable
CNUR-000116,厦门市,2000,0,0,0,0,0,0,stable
CNUR-000116,厦门市,2001,0,0,0,0,0,0,stable
CNUR-000116,厦门市,2002,0,0,0,0,0,0,stable
CNUR-000116,厦门市,2003,0,0,0,0,0,0,stable
CNUR-000116,厦门市,2004,0,0,0,0,0,0,stable
CNUR-000116,厦门市,2005,0,0,0,0,0,0,stable
CNUR-000116,厦门市,2006,0,0,0,0,0,0,stable
CNUR-000116,厦门市,2007,0,0,0,0,0,0,stable
CNUR-000116,厦门市,2008,0,0,0,0,0,0,stable
CNUR-000116,厦门市,2009,0,0,0,0,0,0,stable
CNUR-000116,厦门市,2010,0,0,0,0,0,0,stable
CNUR-000116,厦门市,2011,0,0,0,0,0,0,stable
CNUR-000116,厦门市,2012,0,0,0,0,0,0,stable
CNUR-000116,厦门市,2013,0,0,0,0,0,0,stable
CNUR-000116,厦门市,2014,0,0,0,0,0,0,stable
CNUR-000116,厦门市,2015,0,0,0,0,0,0,stable
CNUR-000116,厦门市,2016,0,0,0,0,0,0,stable
CNUR-000116,厦门市,2017,0,0,0,0,0,0,stable
CNUR-000116,厦门市,2018,0,0,0,0,0,0,stable
CNUR-000116,厦门市,2019,0,0,0,0,0,0,stable
CNUR-000116,厦门市,2020,0,0,0,0,0,0,stable
CNUR-000117,莆田市,1999,0,0,0,0,0,0,stable
CNUR-000117,莆田市,2000,0,0,0,0,0,0,stable
CNUR-000117,莆田市,2001,0,0,0,0,0,0,stable
CNUR-000117,莆田市,2002,0,0,0,0,0,0,stable
CNUR-000117,莆田市,2003,0,0,0,0,0,0,stable
CNUR-000117,莆田市,2004,0,0,0,0,0,0,stable
CNUR-000117,莆田市,2005,0,0,0,0,0,0,stable
CNUR-000117,莆田市,2006,0,0,0,0,0,0,stable
CNUR-000117,莆田市,2007,0,0,0,0,0,0,stable
CNUR-000117,莆田市,2008,0,0,0,0,0,0,stable
CNUR-000117,莆田市,2009,0,0,0,0,0,0,stable
CNUR-000117,莆田市,2010,0,0,0,0,0,0,stable
CNUR-000117,莆田市,2011,0,0,0,0,0,0,stable
CNUR-000117,莆田市,2012,0,0,0,0,0,0,stable
CNUR-000117,莆田市,2013,0,0,0,0,0,0,stable
CNUR-000117,莆田市,2014,0,0,0,0,0,0,stable
CNUR-000117,莆田市,2015,0,0,0,0,0,0,stable
CNUR-000117,莆田市,2016,0,0,0,0,0,0,stable
CNUR-000117,莆田市,2017,0,0,0,0,0,0,stable
CNUR-000117,莆田市,2018,0,0,0,0,0,0,stable
CNUR-000117,莆田市,2019,0,0,0,0,0,0,stable
CNUR-000117,莆田市,2020,0,0,0,0,0,0,stable
CNUR-000118,三明市,1999,0,0,0,0,0,0,stable
CNUR-000118,三明市,2000,0,0,0,0,0,0,stable
CNUR-000118,三明市,2001,0,0,0,0,0,0,stable
CNUR-000118,三明市,2002,0,0,0,0,0,0,stable
CNUR-000118,三明市,2003,0,0,0,0,0,0,stable
CNUR-000118,三明市,2004,0,0,0,0,0,0,stable
CNUR-000118,三明市,2005,0,0,0,0,0,0,stable
CNUR-000118,三明市,2006,0,0,0,0,0,0,stable
CNUR-000118,三明市,2007,0,0,0,0,0,0,stable
CNUR-000118,三明市,2008,0,0,0,0,0,0,stable
CNUR-000118,三明市,2009,0,0,0,0,0,0,stable
CNUR-000118,三明市,2010,0,0,0,0,0,0,stable
CNUR-000118,三明市,2011,0,0,0,0,0,0,stable
CNUR-000118,三明市,2012,0,0,0,0,0,0,stable
CNUR-000118,三明市,2013,0,0,0,0,0,0,stable
CNUR-000118,三明市,2014,0,0,0,0,0,0,stable
CNUR-000118,三明市,2015,0,0,0,0,0,0,stable
CNUR-000118,三明市,2016,0,0,0,0,0,0,stable
CNUR-000118,三明市,2017,0,0,0,0,0,0,stable
CNUR-000118,三明市,2018,0,0,0,0,0,0,stable
CNUR-000118,三明市,2019,0,0,0,0,0,0,stable
CNUR-000118,三明市,2020,0,0,0,0,0,0,stable
CNUR-000119,泉州市,1999,0,0,0,0,0,0,stable
CNUR-000119,泉州市,2000,0,0,0,0,0,0,stable
CNUR-000119,泉州市,2001,0,0,0,0,0,0,stable
CNUR-000119,泉州市,2002,0,0,0,0,0,0,stable
CNUR-000119,泉州市,2003,0,0,0,0,0,0,stable
CNUR-000119,泉州市,2004,0,0,0,0,0,0,stable
CNUR-000119,泉州市,2005,0,0,0,0,0,0,stable
CNUR-000119,泉州市,2006,0,0,0,0,0,0,stable
CNUR-000119,泉州市,2007,0,0,0,0,0,0,stable
CNUR-000119,泉州市,2008,0,0,0,0,0,0,stable
CNUR-000119,泉州市,2009,0,0,0,0,0,0,stable
CNUR-000119,泉州市,2010,0,0,0,0,0,0,stable
CNUR-000119,泉州市,2011,0,0,0,0,0,0,stable
CNUR-000119,泉州市,2012,0,0,0,0,0,0,stable
CNUR-000119,泉州市,2013,0,0,0,0,0,0,stable
CNUR-000119,泉州市,2014,0,0,0,0,0,0,stable
CNUR-000119,泉州市,2015,0,0,0,0,0,0,stable
CNUR-000119,泉州市,2016,0,0,0,0,0,0,stable
CNUR-000119,泉州市,2017,0,0,0,0,0,0,stable
CNUR-000119,泉州市,2018,0,0,0,0,0,0,stable
CNUR-000119,泉州市,2019,0,0,0,0,0,0,stable
CNUR-000119,泉州市,2020,0,0,0,0,0,0,stable
CNUR-000120,漳州市,1999,0,0,0,0,0,0,stable
CNUR-000120,漳州市,2000,0,0,0,0,0,0,stable
CNUR-000120,漳州市,2001,0,0,0,0,0,0,stable
CNUR-000120,漳州市,2002,0,0,0,0,0,0,stable
CNUR-000120,漳州市,2003,0,0,0,0,0,0,stable
CNUR-000120,漳州市,2004,0,0,0,0,0,0,stable
CNUR-000120,漳州市,2005,0,0,0,0,0,0,stable
CNUR-000120,漳州市,2006,0,0,0,0,0,0,stable
CNUR-000120,漳州市,2007,0,0,0,0,0,0,stable
CNUR-000120,漳州市,2008,0,0,0,0,0,0,stable
CNUR-000120,漳州市,2009,0,0,0,0,0,0,stable
CNUR-000120,漳州市,2010,0,0,0,0,0,0,stable
CNUR-000120,漳州市,2011,0,0,0,0,0,0,stable
CNUR-000120,漳州市,2012,0,0,0,0,0,0,stable
CNUR-000120,漳州市,2013,0,0,0,0,0,0,stable
CNUR-000120,漳州市,2014,0,0,0,0,0,0,stable
CNUR-000120,漳州市,2015,0,0,0,0,0,0,stable
CNUR-000120,漳州市,2016,0,0,0,0,0,0,stable
CNUR-000120,漳州市,2017,0,0,0,0,0,0,stable
CNUR-000120,漳州市,2018,0,0,0,0,0,0,stable
CNUR-000120,漳州市,2019,0,0,0,0,0,0,stable
CNUR-000120,漳州市,2020,0,0,0,0,0,0,stable
CNUR-000121,南平市,1999,0,0,0,0,0,0,stable
CNUR-000121,南平市,2000,0,0,0,0,0,0,stable
CNUR-000121,南平市,2001,0,0,0,0,0,0,stable
CNUR-000121,南平市,2002,0,0,0,0,0,0,stable
CNUR-000121,南平市,2003,0,0,0,0,0,0,stable
CNUR-000121,南平市,2004,0,0,0,0,0,0,stable
CNUR-000121,南平市,2005,0,0,0,0,0,0,stable
CNUR-000121,南平市,2006,0,0,0,0,0,0,stable
CNUR-000121,南平市,2007,0,0,0,0,0,0,stable
CNUR-000121,南平市,2008,0,0,0,0,0,0,stable
CNUR-000121,南平市,2009,0,0,0,0,0,0,stable
CNUR-000121,南平市,2010,0,0,0,0,0,0,stable
CNUR-000121,南平市,2011,0,0,0,0,0,0,stable
CNUR-000121,南平市,2012,0,0,0,0,0,0,stable
CNUR-000121,南平市,2013,0,0,0,0,0,0,stable
CNUR-000121,南平市,2014,0,1,0,0,1,0,district_scope_jump
CNUR-000121,南平市,2015,0,0,0,0,0,0,stable
CNUR-000121,南平市,2016,0,0,0,0,0,0,stable
CNUR-000121,南平市,2017,0,0,0,0,0,0,stable
CNUR-000121,南平市,2018,0,0,0,0,0,0,stable
CNUR-000121,南平市,2019,0,0,0,0,0,0,stable
CNUR-000121,南平市,2020,0,0,0,0,0,0,stable
CNUR-000122,龙岩市,1999,0,0,0,0,0,0,stable
CNUR-000122,龙岩市,2000,0,0,0,0,0,0,stable
CNUR-000122,龙岩市,2001,0,0,0,0,0,0,stable
CNUR-000122,龙岩市,2002,0,0,0,0,0,0,stable
CNUR-000122,龙岩市,2003,0,0,0,0,0,0,stable
CNUR-000122,龙岩市,2004,0,0,0,0,0,0,stable
CNUR-000122,龙岩市,2005,0,0,0,0,0,0,stable
CNUR-000122,龙岩市,2006,0,0,0,0,0,0,stable
CNUR-000122,龙岩市,2007,0,0,0,0,0,0,stable
CNUR-000122,龙岩市,2008,0,0,0,0,0,0,stable
CNUR-000122,龙岩市,2009,0,0,0,0,0,0,stable
CNUR-000122,龙岩市,2010,0,0,0,0,0,0,stable
CNUR-000122,龙岩市,2011,0,0,0,0,0,0,stable
CNUR-000122,龙岩市,2012,0,0,0,0,0,0,stable
CNUR-000122,龙岩市,2013,0,0,0,0,0,0,stable
CNUR-000122,龙岩市,2014,0,1,0,0,1,0,district_scope_jump
CNUR-000122,龙岩市,2015,0,0,0,0,0,0,stable
CNUR-000122,龙岩市,2016,0,0,0,0,0,0,stable
CNUR-000122,龙岩市,2017,0,0,0,0,0,0,stable
CNUR-000122,龙岩市,2018,0,0,0,0,0,0,stable
CNUR-000122,龙岩市,2019,0,0,0,0,0,0,stable
CNUR-000122,龙岩市,2020,0,0,0,0,0,0,stable
CNUR-000123,宁德市,1999,0,0,0,0,0,0,stable
CNUR-000123,宁德市,2000,0,0,0,0,0,0,stable
CNUR-000123,宁德市,2001,0,0,0,0,0,0,stable
CNUR-000123,宁德市,2002,0,0,0,0,0,0,stable
CNUR-000123,宁德市,2003,0,0,0,0,0,0,stable
CNUR-000123,宁德市,2004,0,0,0,0,0,0,stable
CNUR-000123,宁德市,2005,0,0,0,0,0,0,stable
CNUR-000123,宁德市,2006,0,0,0,0,0,0,stable
CNUR-000123,宁德市,2007,0,0,0,0,0,0,stable
CNUR-000123,宁德市,2008,0,0,0,0,0,0,stable
CNUR-000123,宁德市,2009,0,0,0,0,0,0,stable
CNUR-000123,宁德市,2010,0,0,0,0,0,0,stable
CNUR-000123,宁德市,2011,0,0,0,0,0,0,stable
CNUR-000123,宁德市,2012,0,0,0,0,0,0,stable
CNUR-000123,宁德市,2013,0,0,0,0,0,0,stable
CNUR-000123,宁德市,2014,0,0,0,0,0,0,stable
CNUR-000123,宁德市,2015,0,0,0,0,0,0,stable
CNUR-000123,宁德市,2016,0,0,0,0,0,0,stable
CNUR-000123,宁德市,2017,0,0,0,0,0,0,stable
CNUR-000123,宁德市,2018,0,0,0,0,0,0,stable
CNUR-000123,宁德市,2019,0,0,0,0,0,0,stable
CNUR-000123,宁德市,2020,0,0,0,0,0,0,stable
CNUR-000124,南昌市,1999,0,0,0,0,0,0,stable
CNUR-000124,南昌市,2000,0,0,0,0,0,0,stable
CNUR-000124,南昌市,2001,0,0,0,0,0,0,stable
CNUR-000124,南昌市,2002,0,0,0,0,0,0,stable
CNUR-000124,南昌市,2003,0,0,0,0,0,0,stable
CNUR-000124,南昌市,2004,0,0,0,0,0,0,stable
CNUR-000124,南昌市,2005,0,0,0,0,0,0,stable
CNUR-000124,南昌市,2006,0,0,0,0,0,0,stable
CNUR-000124,南昌市,2007,0,0,0,0,0,0,stable
CNUR-000124,南昌市,2008,0,0,0,0,0,0,stable
CNUR-000124,南昌市,2009,0,0,0,0,0,0,stable
CNUR-000124,南昌市,2010,0,0,0,0,0,0,stable
CNUR-000124,南昌市,2011,0,0,0,0,0,0,stable
CNUR-000124,南昌市,2012,0,0,0,0,0,0,stable
CNUR-000124,南昌市,2013,0,0,0,0,0,0,stable
CNUR-000124,南昌市,2014,0,0,0,0,0,0,stable
CNUR-000124,南昌市,2015,0,1,0,0,1,0,district_scope_jump
CNUR-000124,南昌市,2016,0,0,0,0,0,0,stable
CNUR-000124,南昌市,2017,0,0,0,0,0,0,stable
CNUR-000124,南昌市,2018,0,0,0,0,0,0,stable
CNUR-000124,南昌市,2019,0,0,1,0,0,0,district_merge
CNUR-000124,南昌市,2020,0,0,0,0,0,0,stable
CNUR-000125,景德镇市,1999,0,0,0,0,0,0,stable
CNUR-000125,景德镇市,2000,0,0,0,0,0,0,stable
CNUR-000125,景德镇市,2001,0,0,0,0,0,0,stable
CNUR-000125,景德镇市,2002,0,0,0,0,0,0,stable
CNUR-000125,景德镇市,2003,0,0,0,0,0,0,stable
CNUR-000125,景德镇市,2004,0,0,0,0,0,0,stable
CNUR-000125,景德镇市,2005,0,0,0,0,0,0,stable
CNUR-000125,景德镇市,2006,0,0,0,0,0,0,stable
CNUR-000125,景德镇市,2007,0,0,0,0,0,0,stable
CNUR-000125,景德镇市,2008,0,0,0,0,0,0,stable
CNUR-000125,景德镇市,2009,0,0,0,0,0,0,stable
CNUR-000125,景德镇市,2010,0,0,0,0,0,0,stable
CNUR-000125,景德镇市,2011,0,0,0,0,0,0,stable
CNUR-000125,景德镇市,2012,0,0,0,0,0,0,stable
CNUR-000125,景德镇市,2013,0,0,0,0,0,0,stable
CNUR-000125,景德镇市,2014,0,0,0,0,0,0,stable
CNUR-000125,景德镇市,2015,0,0,0,0,0,0,stable
CNUR-000125,景德镇市,2016,0,0,0,0,0,0,stable
CNUR-000125,景德镇市,2017,0,0,0,0,0,0,stable
CNUR-000125,景德镇市,2018,0,0,0,0,0,0,stable
CNUR-000125,景德镇市,2019,0,0,0,0,0,0,stable
CNUR-000125,景德镇市,2020,0,0,0,0,0,0,stable
CNUR-000126,萍乡市,1999,0,0,0,0,0,0,stable
CNUR-000126,萍乡市,2000,0,0,0,0,0,0,stable
CNUR-000126,萍乡市,2001,0,0,0,0,0,0,stable
CNUR-000126,萍乡市,2002,0,0,0,0,0,0,stable
CNUR-000126,萍乡市,2003,0,0,0,0,0,0,stable
CNUR-000126,萍乡市,2004,0,0,0,0,0,0,stable
CNUR-000126,萍乡市,2005,0,0,0,0,0,0,stable
CNUR-000126,萍乡市,2006,0,0,0,0,0,0,stable
CNUR-000126,萍乡市,2007,0,0,0,0,0,0,stable
CNUR-000126,萍乡市,2008,0,0,0,0,0,0,stable
CNUR-000126,萍乡市,2009,0,0,0,0,0,0,stable
CNUR-000126,萍乡市,2010,0,0,0,0,0,0,stable
CNUR-000126,萍乡市,2011,0,0,0,0,0,0,stable
CNUR-000126,萍乡市,2012,0,0,0,0,0,0,stable
CNUR-000126,萍乡市,2013,0,0,0,0,0,0,stable
CNUR-000126,萍乡市,2014,0,0,0,0,0,0,stable
CNUR-000126,萍乡市,2015,0,0,0,0,0,0,stable
CNUR-000126,萍乡市,2016,0,0,0,0,0,0,stable
CNUR-000126,萍乡市,2017,0,0,0,0,0,0,stable
CNUR-000126,萍乡市,2018,0,0,0,0,0,0,stable
CNUR-000126,萍乡市,2019,0,0,0,0,0,0,stable
CNUR-000126,萍乡市,2020,0,0,0,0,0,0,stable
CNUR-000127,九江市,1999,0,0,0,0,0,0,stable
CNUR-000127,九江市,2000,0,0,0,0,0,0,stable
CNUR-000127,九江市,2001,0,0,0,0,0,0,stable
CNUR-000127,九江市,2002,0,0,0,0,0,0,stable
CNUR-000127,九江市,2003,0,0,0,0,0,0,stable
CNUR-000127,九江市,2004,0,0,0,0,0,0,stable
CNUR-000127,九江市,2005,0,0,0,0,0,0,stable
CNUR-000127,九江市,2006,0,0,0,0,0,0,stable
CNUR-000127,九江市,2007,0,0,0,0,0,0,stable
CNUR-000127,九江市,2008,0,0,0,0,0,0,stable
CNUR-000127,九江市,2009,0,0,0,0,0,0,stable
CNUR-000127,九江市,2010,0,0,0,0,0,0,stable
CNUR-000127,九江市,2011,0,0,0,0,0,0,stable
CNUR-000127,九江市,2012,0,0,0,0,0,0,stable
CNUR-000127,九江市,2013,0,0,0,0,0,0,stable
CNUR-000127,九江市,2014,0,0,0,0,0,0,stable
CNUR-000127,九江市,2015,0,0,0,0,0,0,stable
CNUR-000127,九江市,2016,0,0,0,0,0,0,stable
CNUR-000127,九江市,2017,0,1,0,0,1,0,district_scope_jump
CNUR-000127,九江市,2018,0,0,0,0,0,0,stable
CNUR-000127,九江市,2019,0,0,0,0,0,0,stable
CNUR-000127,九江市,2020,0,0,0,0,0,0,stable
CNUR-000128,新余市,1999,0,0,0,0,0,0,stable
CNUR-000128,新余市,2000,0,0,0,0,0,0,stable
CNUR-000128,新余市,2001,0,0,0,0,0,0,stable
CNUR-000128,新余市,2002,0,0,0,0,0,0,stable
CNUR-000128,新余市,2003,0,0,0,0,0,0,stable
CNUR-000128,新余市,2004,0,0,0,0,0,0,stable
CNUR-000128,新余市,2005,0,0,0,0,0,0,stable
CNUR-000128,新余市,2006,0,0,0,0,0,0,stable
CNUR-000128,新余市,2007,0,0,0,0,0,0,stable
CNUR-000128,新余市,2008,0,0,0,0,0,0,stable
CNUR-000128,新余市,2009,0,0,0,0,0,0,stable
CNUR-000128,新余市,2010,0,0,0,0,0,0,stable
CNUR-000128,新余市,2011,0,0,0,0,0,0,stable
CNUR-000128,新余市,2012,0,0,0,0,0,0,stable
CNUR-000128,新余市,2013,0,0,0,0,0,0,stable
CNUR-000128,新余市,2014,0,0,0,0,0,0,stable
CNUR-000128,新余市,2015,0,0,0,0,0,0,stable
CNUR-000128,新余市,2016,0,0,0,0,0,0,stable
CNUR-000128,新余市,2017,0,0,0,0,0,0,stable
CNUR-000128,新余市,2018,0,0,0,0,0,0,stable
CNUR-000128,新余市,2019,0,0,0,0,0,0,stable
CNUR-000128,新余市,2020,0,0,0,0,0,0,stable
CNUR-000129,鹰潭市,1999,0,0,0,0,0,0,stable
CNUR-000129,鹰潭市,2000,0,0,0,0,0,0,stable
CNUR-000129,鹰潭市,2001,0,0,0,0,0,0,stable
CNUR-000129,鹰潭市,2002,0,0,0,0,0,0,stable
CNUR-000129,鹰潭市,2003,0,0,0,0,0,0,stable
CNUR-000129,鹰潭市,2004,0,0,0,0,0,0,stable
CNUR-000129,鹰潭市,2005,0,0,0,0,0,0,stable
CNUR-000129,鹰潭市,2006,0,0,0,0,0,0,stable
CNUR-000129,鹰潭市,2007,0,0,0,0,0,0,stable
CNUR-000129,鹰潭市,2008,0,0,0,0,0,0,stable
CNUR-000129,鹰潭市,2009,0,0,0,0,0,0,stable
CNUR-000129,鹰潭市,2010,0,0,0,0,0,0,stable
CNUR-000129,鹰潭市,2011,0,0,0,0,0,0,stable
CNUR-000129,鹰潭市,2012,0,0,0,0,0,0,stable
CNUR-000129,鹰潭市,2013,0,0,0,0,0,0,stable
CNUR-000129,鹰潭市,2014,0,0,0,0,0,0,stable
CNUR-000129,鹰潭市,2015,0,0,0,0,0,0,stable
CNUR-000129,鹰潭市,2016,0,0,0,0,0,0,stable
CNUR-000129,鹰潭市,2017,0,0,0,0,0,0,stable
CNUR-000129,鹰潭市,2018,0,1,0,0,1,0,district_scope_jump
CNUR-000129,鹰潭市,2019,0,0,0,0,0,0,stable
CNUR-000129,鹰潭市,2020,0,0,0,0,0,0,stable
CNUR-000130,赣州市,1999,0,0,0,0,0,0,stable
CNUR-000130,赣州市,2000,0,0,0,0,0,0,stable
CNUR-000130,赣州市,2001,0,0,0,0,0,0,stable
CNUR-000130,赣州市,2002,0,0,0,0,0,0,stable
CNUR-000130,赣州市,2003,0,0,0,0,0,0,stable
CNUR-000130,赣州市,2004,0,0,0,0,0,0,stable
CNUR-000130,赣州市,2005,0,0,0,0,0,0,stable
CNUR-000130,赣州市,2006,0,0,0,0,0,0,stable
CNUR-000130,赣州市,2007,0,0,0,0,0,0,stable
CNUR-000130,赣州市,2008,0,0,0,0,0,0,stable
CNUR-000130,赣州市,2009,0,0,0,0,0,0,stable
CNUR-000130,赣州市,2010,0,0,0,0,0,0,stable
CNUR-000130,赣州市,2011,0,0,0,0,0,0,stable
CNUR-000130,赣州市,2012,0,0,0,0,0,0,stable
CNUR-000130,赣州市,2013,0,1,0,0,1,0,district_scope_jump
CNUR-000130,赣州市,2014,0,0,0,0,0,0,stable
CNUR-000130,赣州市,2015,0,0,0,0,0,0,stable
CNUR-000130,赣州市,2016,0,1,0,0,1,0,district_scope_jump
CNUR-000130,赣州市,2017,0,0,0,0,0,0,stable
CNUR-000130,赣州市,2018,0,0,0,0,0,0,stable
CNUR-000130,赣州市,2019,0,0,0,0,0,0,stable
CNUR-000130,赣州市,2020,0,0,0,0,0,0,stable
CNUR-000131,吉安市,1999,0,0,0,0,0,0,stable
CNUR-000131,吉安市,2000,0,0,0,0,0,0,stable
CNUR-000131,吉安市,2001,0,0,0,0,0,0,stable
CNUR-000131,吉安市,2002,0,0,0,0,0,0,stable
CNUR-000131,吉安市,2003,0,0,0,0,0,0,stable
CNUR-000131,吉安市,2004,0,0,0,0,0,0,stable
CNUR-000131,吉安市,2005,0,0,0,0,0,0,stable
CNUR-000131,吉安市,2006,0,0,0,0,0,0,stable
CNUR-000131,吉安市,2007,0,0,0,0,0,0,stable
CNUR-000131,吉安市,2008,0,0,0,0,0,0,stable
CNUR-000131,吉安市,2009,0,0,0,0,0,0,stable
CNUR-000131,吉安市,2010,0,0,0,0,0,0,stable
CNUR-000131,吉安市,2011,0,0,0,0,0,0,stable
CNUR-000131,吉安市,2012,0,0,0,0,0,0,stable
CNUR-000131,吉安市,2013,0,0,0,0,0,0,stable
CNUR-000131,吉安市,2014,0,0,0,0,0,0,stable
CNUR-000131,吉安市,2015,0,0,0,0,0,0,stable
CNUR-000131,吉安市,2016,0,0,0,0,0,0,stable
CNUR-000131,吉安市,2017,0,0,0,0,0,0,stable
CNUR-000131,吉安市,2018,0,0,0,0,0,0,stable
CNUR-000131,吉安市,2019,0,0,0,0,0,0,stable
CNUR-000131,吉安市,2020,0,0,0,0,0,0,stable
CNUR-000132,宜春市,1999,0,0,0,0,0,0,stable
CNUR-000132,宜春市,2000,0,0,0,0,0,0,stable
CNUR-000132,宜春市,2001,0,0,0,0,0,0,stable
CNUR-000132,宜春市,2002,0,0,0,0,0,0,stable
CNUR-000132,宜春市,2003,0,0,0,0,0,0,stable
CNUR-000132,宜春市,2004,0,0,0,0,0,0,stable
CNUR-000132,宜春市,2005,0,0,0,0,0,0,stable
CNUR-000132,宜春市,2006,0,0,0,0,0,0,stable
CNUR-000132,宜春市,2007,0,0,0,0,0,0,stable
CNUR-000132,宜春市,2008,0,0,0,0,0,0,stable
CNUR-000132,宜春市,2009,0,0,0,0,0,0,stable
CNUR-000132,宜春市,2010,0,0,0,0,0,0,stable
CNUR-000132,宜春市,2011,0,0,0,0,0,0,stable
CNUR-000132,宜春市,2012,0,0,0,0,0,0,stable
CNUR-000132,宜春市,2013,0,0,0,0,0,0,stable
CNUR-000132,宜春市,2014,0,0,0,0,0,0,stable
CNUR-000132,宜春市,2015,0,0,0,0,0,0,stable
CNUR-000132,宜春市,2016,0,0,0,0,0,0,stable
CNUR-000132,宜春市,2017,0,0,0,0,0,0,stable
CNUR-000132,宜春市,2018,0,0,0,0,0,0,stable
CNUR-000132,宜春市,2019,0,0,0,0,0,0,stable
CNUR-000132,宜春市,2020,0,0,0,0,0,0,stable
CNUR-000133,抚州市,1999,0,0,0,0,0,0,stable
CNUR-000133,抚州市,2000,0,0,0,0,0,0,stable
CNUR-000133,抚州市,2001,0,0,0,0,0,0,stable
CNUR-000133,抚州市,2002,0,0,0,0,0,0,stable
CNUR-000133,抚州市,2003,0,0,0,0,0,0,stable
CNUR-000133,抚州市,2004,0,0,0,0,0,0,stable
CNUR-000133,抚州市,2005,0,0,0,0,0,0,stable
CNUR-000133,抚州市,2006,0,0,0,0,0,0,stable
CNUR-000133,抚州市,2007,0,0,0,0,0,0,stable
CNUR-000133,抚州市,2008,0,0,0,0,0,0,stable
CNUR-000133,抚州市,2009,0,0,0,0,0,0,stable
CNUR-000133,抚州市,2010,0,0,0,0,0,0,stable
CNUR-000133,抚州市,2011,0,0,0,0,0,0,stable
CNUR-000133,抚州市,2012,0,0,0,0,0,0,stable
CNUR-000133,抚州市,2013,0,0,0,0,0,0,stable
CNUR-000133,抚州市,2014,0,0,0,0,0,0,stable
CNUR-000133,抚州市,2015,0,0,0,0,0,0,stable
CNUR-000133,抚州市,2016,0,1,0,0,1,0,district_scope_jump
CNUR-000133,抚州市,2017,0,0,0,0,0,0,stable
CNUR-000133,抚州市,2018,0,0,0,0,0,0,stable
CNUR-000133,抚州市,2019,0,0,0,0,0,0,stable
CNUR-000133,抚州市,2020,0,0,0,0,0,0,stable
CNUR-000134,上饶市,1999,0,0,0,0,0,0,stable
CNUR-000134,上饶市,2000,0,0,0,0,0,0,stable
CNUR-000134,上饶市,2001,0,0,0,0,0,0,stable
CNUR-000134,上饶市,2002,0,0,0,0,0,0,stable
CNUR-000134,上饶市,2003,0,0,0,0,0,0,stable
CNUR-000134,上饶市,2004,0,0,0,0,0,0,stable
CNUR-000134,上饶市,2005,0,0,0,0,0,0,stable
CNUR-000134,上饶市,2006,0,0,0,0,0,0,stable
CNUR-000134,上饶市,2007,0,0,0,0,0,0,stable
CNUR-000134,上饶市,2008,0,0,0,0,0,0,stable
CNUR-000134,上饶市,2009,0,0,0,0,0,0,stable
CNUR-000134,上饶市,2010,0,0,0,0,0,0,stable
CNUR-000134,上饶市,2011,0,0,0,0,0,0,stable
CNUR-000134,上饶市,2012,0,0,0,0,0,0,stable
CNUR-000134,上饶市,2013,0,0,0,0,0,0,stable
CNUR-000134,上饶市,2014,0,0,0,0,0,0,stable
CNUR-000134,上饶市,2015,0,1,0,0,1,0,district_scope_jump
CNUR-000134,上饶市,2016,0,0,0,0,0,0,stable
CNUR-000134,上饶市,2017,0,0,0,0,0,0,stable
CNUR-000134,上饶市,2018,0,0,0,0,0,0,stable
CNUR-000134,上饶市,2019,0,1,0,0,1,0,district_scope_jump
CNUR-000134,上饶市,2020,0,0,0,0,0,0,stable
CNUR-000135,济南市,1999,0,0,0,0,0,0,stable
CNUR-000135,济南市,2000,0,0,0,0,0,0,stable
CNUR-000135,济南市,2001,0,1,0,0,1,0,district_scope_jump
CNUR-000135,济南市,2002,0,0,0,0,0,0,stable
CNUR-000135,济南市,2003,0,0,0,0,0,0,stable
CNUR-000135,济南市,2004,0,0,0,0,0,0,stable
CNUR-000135,济南市,2005,0,0,0,0,0,0,stable
CNUR-000135,济南市,2006,0,0,0,0,0,0,stable
CNUR-000135,济南市,2007,0,0,0,0,0,0,stable
CNUR-000135,济南市,2008,0,0,0,0,0,0,stable
CNUR-000135,济南市,2009,0,0,0,0,0,0,stable
CNUR-000135,济南市,2010,0,0,0,0,0,0,stable
CNUR-000135,济南市,2011,0,0,0,0,0,0,stable
CNUR-000135,济南市,2012,0,0,0,0,0,0,stable
CNUR-000135,济南市,2013,0,0,0,0,0,0,stable
CNUR-000135,济南市,2014,0,0,0,0,0,0,stable
CNUR-000135,济南市,2015,0,0,0,0,0,0,stable
CNUR-000135,济南市,2016,0,1,0,0,1,0,district_scope_jump
CNUR-000135,济南市,2017,0,0,0,0,0,0,stable
CNUR-000135,济南市,2018,0,1,0,0,1,0,district_scope_jump
CNUR-000135,济南市,2019,1,0,0,1,0,0,whole_city_break
CNUR-000135,济南市,2020,0,0,0,0,0,0,stable
CNUR-000136,青岛市,1999,0,0,0,0,0,0,stable
CNUR-000136,青岛市,2000,0,0,0,0,0,0,stable
CNUR-000136,青岛市,2001,0,0,0,0,0,0,stable
CNUR-000136,青岛市,2002,0,0,0,0,0,0,stable
CNUR-000136,青岛市,2003,0,0,0,0,0,0,stable
CNUR-000136,青岛市,2004,0,0,0,0,0,0,stable
CNUR-000136,青岛市,2005,0,0,0,0,0,0,stable
CNUR-000136,青岛市,2006,0,0,0,0,0,0,stable
CNUR-000136,青岛市,2007,0,0,0,0,0,0,stable
CNUR-000136,青岛市,2008,0,0,0,0,0,0,stable
CNUR-000136,青岛市,2009,0,0,0,0,0,0,stable
CNUR-000136,青岛市,2010,0,0,0,0,0,0,stable
CNUR-000136,青岛市,2011,0,0,0,0,0,0,stable
CNUR-000136,青岛市,2012,0,0,1,0,0,0,district_merge
CNUR-000136,青岛市,2013,0,0,0,0,0,0,stable
CNUR-000136,青岛市,2014,0,0,0,0,0,0,stable
CNUR-000136,青岛市,2015,0,0,0,0,0,0,stable
CNUR-000136,青岛市,2016,0,0,0,0,0,0,stable
CNUR-000136,青岛市,2017,0,1,0,0,1,0,district_scope_jump
CNUR-000136,青岛市,2018,0,0,0,0,0,0,stable
CNUR-000136,青岛市,2019,0,0,0,0,0,0,stable
CNUR-000136,青岛市,2020,0,0,0,0,0,0,stable
CNUR-000137,淄博市,1999,0,0,0,0,0,0,stable
CNUR-000137,淄博市,2000,0,0,0,0,0,0,stable
CNUR-000137,淄博市,2001,0,0,0,0,0,0,stable
CNUR-000137,淄博市,2002,0,0,0,0,0,0,stable
CNUR-000137,淄博市,2003,0,0,0,0,0,0,stable
CNUR-000137,淄博市,2004,0,0,0,0,0,0,stable
CNUR-000137,淄博市,2005,0,0,0,0,0,0,stable
CNUR-000137,淄博市,2006,0,0,0,0,0,0,stable
CNUR-000137,淄博市,2007,0,0,0,0,0,0,stable
CNUR-000137,淄博市,2008,0,0,0,0,0,0,stable
CNUR-000137,淄博市,2009,0,0,0,0,0,0,stable
CNUR-000137,淄博市,2010,0,0,0,0,0,0,stable
CNUR-000137,淄博市,2011,0,0,0,0,0,0,stable
CNUR-000137,淄博市,2012,0,0,0,0,0,0,stable
CNUR-000137,淄博市,2013,0,0,0,0,0,0,stable
CNUR-000137,淄博市,2014,0,0,0,0,0,0,stable
CNUR-000137,淄博市,2015,0,0,0,0,0,0,stable
CNUR-000137,淄博市,2016,0,0,0,0,0,0,stable
CNUR-000137,淄博市,2017,0,0,0,0,0,0,stable
CNUR-000137,淄博市,2018,0,0,0,0,0,0,stable
CNUR-000137,淄博市,2019,0,0,0,0,0,0,stable
CNUR-000137,淄博市,2020,0,0,0,0,0,0,stable
CNUR-000138,枣庄市,1999,0,0,0,0,0,0,stable
CNUR-000138,枣庄市,2000,0,0,0,0,0,0,stable
CNUR-000138,枣庄市,2001,0,0,0,0,0,0,stable
CNUR-000138,枣庄市,2002,0,0,0,0,0,0,stable
CNUR-000138,枣庄市,2003,0,0,0,0,0,0,stable
CNUR-000138,枣庄市,2004,0,0,0,0,0,0,stable
CNUR-000138,枣庄市,2005,0,0,0,0,0,0,stable
CNUR-000138,枣庄市,2006,0,0,0,0,0,0,stable
CNUR-000138,枣庄市,2007,0,0,0,0,0,0,stable
CNUR-000138,枣庄市,2008,0,0,0,0,0,0,stable
CNUR-000138,枣庄市,2009,0,0,0,0,0,0,stable
CNUR-000138,枣庄市,2010,0,0,0,0,0,0,stable
CNUR-000138,枣庄市,2011,0,0,0,0,0,0,stable
CNUR-000138,枣庄市,2012,0,0,0,0,0,0,stable
CNUR-000138,枣庄市,2013,0,0,0,0,0,0,stable
CNUR-000138,枣庄市,2014,0,0,0,0,0,0,stable
CNUR-000138,枣庄市,2015,0,0,0,0,0,0,stable
CNUR-000138,枣庄市,2016,0,0,0,0,0,0,stable
CNUR-000138,枣庄市,2017,0,0,0,0,0,0,stable
CNUR-000138,枣庄市,2018,0,0,0,0,0,0,stable
CNUR-000138,枣庄市,2019,0,0,0,0,0,0,stable
CNUR-000138,枣庄市,2020,0,0,0,0,0,0,stable
CNUR-000139,东营市,1999,0,0,0,0,0,0,stable
CNUR-000139,东营市,2000,0,0,0,0,0,0,stable
CNUR-000139,东营市,2001,0,0,0,0,0,0,stable
CNUR-000139,东营市,2002,0,0,0,0,0,0,stable
CNUR-000139,东营市,2003,0,0,0,0,0,0,stable
CNUR-000139,东营市,2004,0,0,0,0,0,0,stable
CNUR-000139,东营市,2005,0,0,0,0,0,0,stable
CNUR-000139,东营市,2006,0,0,0,0,0,0,stable
CNUR-000139,东营市,2007,0,0,0,0,0,0,stable
CNUR-000139,东营市,2008,0,0,0,0,0,0,stable
CNUR-000139,东营市,2009,0,0,0,0,0,0,stable
CNUR-000139,东营市,2010,0,0,0,0,0,0,stable
CNUR-000139,东营市,2011,0,0,0,0,0,0,stable
CNUR-000139,东营市,2012,0,0,0,0,0,0,stable
CNUR-000139,东营市,2013,0,0,0,0,0,0,stable
CNUR-000139,东营市,2014,0,0,0,0,0,0,stable
CNUR-000139,东营市,2015,0,0,0,0,0,0,stable
CNUR-000139,东营市,2016,0,1,0,0,1,0,district_scope_jump
CNUR-000139,东营市,2017,0,0,0,0,0,0,stable
CNUR-000139,东营市,2018,0,0,0,0,0,0,stable
CNUR-000139,东营市,2019,0,0,0,0,0,0,stable
CNUR-000139,东营市,2020,0,0,0,0,0,0,stable
CNUR-000140,烟台市,1999,0,0,0,0,0,0,stable
CNUR-000140,烟台市,2000,0,0,0,0,0,0,stable
CNUR-000140,烟台市,2001,0,0,0,0,0,0,stable
CNUR-000140,烟台市,2002,0,0,0,0,0,0,stable
CNUR-000140,烟台市,2003,0,0,0,0,0,0,stable
CNUR-000140,烟台市,2004,0,0,0,0,0,0,stable
CNUR-000140,烟台市,2005,0,0,0,0,0,0,stable
CNUR-000140,烟台市,2006,0,0,0,0,0,0,stable
CNUR-000140,烟台市,2007,0,0,0,0,0,0,stable
CNUR-000140,烟台市,2008,0,0,0,0,0,0,stable
CNUR-000140,烟台市,2009,0,0,0,0,0,0,stable
CNUR-000140,烟台市,2010,0,0,0,0,0,0,stable
CNUR-000140,烟台市,2011,0,0,0,0,0,0,stable
CNUR-000140,烟台市,2012,0,0,0,0,0,0,stable
CNUR-000140,烟台市,2013,0,0,0,0,0,0,stable
CNUR-000140,烟台市,2014,0,0,0,0,0,0,stable
CNUR-000140,烟台市,2015,1,0,0,1,0,0,whole_city_break
CNUR-000140,烟台市,2016,0,0,0,0,0,0,stable
CNUR-000140,烟台市,2017,0,0,0,0,0,0,stable
CNUR-000140,烟台市,2018,0,0,0,0,0,0,stable
CNUR-000140,烟台市,2019,0,0,0,0,0,0,stable
CNUR-000140,烟台市,2020,0,0,0,0,0,0,stable
CNUR-000141,潍坊市,1999,0,0,0,0,0,0,stable
CNUR-000141,潍坊市,2000,0,0,0,0,0,0,stable
CNUR-000141,潍坊市,2001,0,0,0,0,0,0,stable
CNUR-000141,潍坊市,2002,0,0,0,0,0,0,stable
CNUR-000141,潍坊市,2003,0,0,0,0,0,0,stable
CNUR-000141,潍坊市,2004,0,0,0,0,0,0,stable
CNUR-000141,潍坊市,2005,0,0,0,0,0,0,stable
CNUR-000141,潍坊市,2006,0,0,0,0,0,0,stable
CNUR-000141,潍坊市,2007,0,0,0,0,0,0,stable
CNUR-000141,潍坊市,2008,0,0,0,0,0,0,stable
CNUR-000141,潍坊市,2009,0,0,0,0,0,0,stable
CNUR-000141,潍坊市,2010,0,0,0,0,0,0,stable
CNUR-000141,潍坊市,2011,0,0,0,0,0,0,stable
CNUR-000141,潍坊市,2012,0,0,0,0,0,0,stable
CNUR-000141,潍坊市,2013,0,0,0,0,0,0,stable
CNUR-000141,潍坊市,2014,0,0,0,0,0,0,stable
CNUR-000141,潍坊市,2015,0,0,0,0,0,0,stable
CNUR-000141,潍坊市,2016,0,0,0,0,0,0,stable
CNUR-000141,潍坊市,2017,0,0,0,0,0,0,stable
CNUR-000141,潍坊市,2018,0,0,0,0,0,0,stable
CNUR-000141,潍坊市,2019,0,0,0,0,0,0,stable
CNUR-000141,潍坊市,2020,0,0,0,0,0,0,stable
CNUR-000142,济宁市,1999,0,0,0,0,0,0,stable
CNUR-000142,济宁市,2000,0,0,0,0,0,0,stable
CNUR-000142,济宁市,2001,0,0,0,0,0,0,stable
CNUR-000142,济宁市,2002,0,0,0,0,0,0,stable
CNUR-000142,济宁市,2003,0,0,0,0,0,0,stable
CNUR-000142,济宁市,2004,0,0,0,0,0,0,stable
CNUR-000142,济宁市,2005,0,0,0,0,0,0,stable
CNUR-000142,济宁市,2006,0,0,0,0,0,0,stable
CNUR-000142,济宁市,2007,0,0,0,0,0,0,stable
CNUR-000142,济宁市,2008,0,0,0,0,0,0,stable
CNUR-000142,济宁市,2009,0,0,0,0,0,0,stable
CNUR-000142,济宁市,2010,0,0,0,0,0,0,stable
CNUR-000142,济宁市,2011,0,0,0,0,0,0,stable
CNUR-000142,济宁市,2012,0,0,0,0,0,0,stable
CNUR-000142,济宁市,2013,0,0,1,0,0,0,district_merge
CNUR-000142,济宁市,2014,0,0,0,0,0,0,stable
CNUR-000142,济宁市,2015,0,0,0,0,0,0,stable
CNUR-000142,济宁市,2016,0,0,0,0,0,0,stable
CNUR-000142,济宁市,2017,0,0,0,0,0,0,stable
CNUR-000142,济宁市,2018,0,0,0,0,0,0,stable
CNUR-000142,济宁市,2019,0,0,0,0,0,0,stable
CNUR-000142,济宁市,2020,0,0,0,0,0,0,stable
CNUR-000143,泰安市,1999,0,0,0,0,0,0,stable
CNUR-000143,泰安市,2000,0,0,0,0,0,0,stable
CNUR-000143,泰安市,2001,0,0,0,0,0,0,stable
CNUR-000143,泰安市,2002,0,0,0,0,0,0,stable
CNUR-000143,泰安市,2003,0,0,0,0,0,0,stable
CNUR-000143,泰安市,2004,0,0,0,0,0,0,stable
CNUR-000143,泰安市,2005,0,0,0,0,0,0,stable
CNUR-000143,泰安市,2006,0,0,0,0,0,0,stable
CNUR-000143,泰安市,2007,0,0,0,0,0,0,stable
CNUR-000143,泰安市,2008,0,0,0,0,0,0,stable
CNUR-000143,泰安市,2009,0,0,0,0,0,0,stable
CNUR-000143,泰安市,2010,0,0,0,0,0,0,stable
CNUR-000143,泰安市,2011,0,0,0,0,0,0,stable
CNUR-000143,泰安市,2012,0,0,0,0,0,0,stable
CNUR-000143,泰安市,2013,0,0,0,0,0,0,stable
CNUR-000143,泰安市,2014,0,0,0,0,0,0,stable
CNUR-000143,泰安市,2015,0,0,0,0,0,0,stable
CNUR-000143,泰安市,2016,0,0,0,0,0,0,stable
CNUR-000143,泰安市,2017,0,0,0,0,0,0,stable
CNUR-000143,泰安市,2018,0,0,0,0,0,0,stable
CNUR-000143,泰安市,2019,0,0,0,0,0,0,stable
CNUR-000143,泰安市,2020,0,0,0,0,0,0,stable
CNUR-000144,威海市,1999,0,0,0,0,0,0,stable
CNUR-000144,威海市,2000,0,0,0,0,0,0,stable
CNUR-000144,威海市,2001,0,0,0,0,0,0,stable
CNUR-000144,威海市,2002,0,0,0,0,0,0,stable
CNUR-000144,威海市,2003,0,0,0,0,0,0,stable
CNUR-000144,威海市,2004,0,0,0,0,0,0,stable
CNUR-000144,威海市,2005,0,0,0,0,0,0,stable
CNUR-000144,威海市,2006,0,0,0,0,0,0,stable
CNUR-000144,威海市,2007,0,0,0,0,0,0,stable
CNUR-000144,威海市,2008,0,0,0,0,0,0,stable
CNUR-000144,威海市,2009,0,0,0,0,0,0,stable
CNUR-000144,威海市,2010,0,0,0,0,0,0,stable
CNUR-000144,威海市,2011,0,0,0,0,0,0,stable
CNUR-000144,威海市,2012,0,0,0,0,0,0,stable
CNUR-000144,威海市,2013,0,0,0,0,0,0,stable
CNUR-000144,威海市,2014,0,1,0,0,1,0,district_scope_jump
CNUR-000144,威海市,2015,0,0,0,0,0,0,stable
CNUR-000144,威海市,2016,0,0,0,0,0,0,stable
CNUR-000144,威海市,2017,0,0,0,0,0,0,stable
CNUR-000144,威海市,2018,0,0,0,0,0,0,stable
CNUR-000144,威海市,2019,0,0,0,0,0,0,stable
CNUR-000144,威海市,2020,0,0,0,0,0,0,stable
CNUR-000145,日照市,1999,0,0,0,0,0,0,stable
CNUR-000145,日照市,2000,0,0,0,0,0,0,stable
CNUR-000145,日照市,2001,0,0,0,0,0,0,stable
CNUR-000145,日照市,2002,0,0,0,0,0,0,stable
CNUR-000145,日照市,2003,0,0,0,0,0,0,stable
CNUR-000145,日照市,2004,0,0,0,0,0,0,stable
CNUR-000145,日照市,2005,0,0,0,0,0,0,stable
CNUR-000145,日照市,2006,0,0,0,0,0,0,stable
CNUR-000145,日照市,2007,0,0,0,0,0,0,stable
CNUR-000145,日照市,2008,0,0,0,0,0,0,stable
CNUR-000145,日照市,2009,0,0,0,0,0,0,stable
CNUR-000145,日照市,2010,0,0,0,0,0,0,stable
CNUR-000145,日照市,2011,0,0,0,0,0,0,stable
CNUR-000145,日照市,2012,0,0,0,0,0,0,stable
CNUR-000145,日照市,2013,0,0,0,0,0,0,stable
CNUR-000145,日照市,2014,0,0,0,0,0,0,stable
CNUR-000145,日照市,2015,0,0,0,0,0,0,stable
CNUR-000145,日照市,2016,0,0,0,0,0,0,stable
CNUR-000145,日照市,2017,0,0,0,0,0,0,stable
CNUR-000145,日照市,2018,0,0,0,0,0,0,stable
CNUR-000145,日照市,2019,0,0,0,0,0,0,stable
CNUR-000145,日照市,2020,0,0,0,0,0,0,stable
CNUR-000147,临沂市,1999,0,0,0,0,0,0,stable
CNUR-000147,临沂市,2000,0,0,0,0,0,0,stable
CNUR-000147,临沂市,2001,0,0,0,0,0,0,stable
CNUR-000147,临沂市,2002,0,0,0,0,0,0,stable
CNUR-000147,临沂市,2003,0,0,0,0,0,0,stable
CNUR-000147,临沂市,2004,0,0,0,0,0,0,stable
CNUR-000147,临沂市,2005,0,0,0,0,0,0,stable
CNUR-000147,临沂市,2006,0,0,0,0,0,0,stable
CNUR-000147,临沂市,2007,0,0,0,0,0,0,stable
CNUR-000147,临沂市,2008,0,0,0,0,0,0,stable
CNUR-000147,临沂市,2009,0,0,0,0,0,0,stable
CNUR-000147,临沂市,2010,0,0,0,0,0,0,stable
CNUR-000147,临沂市,2011,0,0,0,0,0,0,stable
CNUR-000147,临沂市,2012,0,0,0,0,0,0,stable
CNUR-000147,临沂市,2013,0,0,0,0,0,0,stable
CNUR-000147,临沂市,2014,0,0,0,0,0,0,stable
CNUR-000147,临沂市,2015,0,0,0,0,0,0,stable
CNUR-000147,临沂市,2016,0,0,0,0,0,0,stable
CNUR-000147,临沂市,2017,0,0,0,0,0,0,stable
CNUR-000147,临沂市,2018,0,0,0,0,0,0,stable
CNUR-000147,临沂市,2019,0,0,0,0,0,0,stable
CNUR-000147,临沂市,2020,0,0,0,0,0,0,stable
CNUR-000148,德州市,1999,0,0,0,0,0,0,stable
CNUR-000148,德州市,2000,0,0,0,0,0,0,stable
CNUR-000148,德州市,2001,0,0,0,0,0,0,stable
CNUR-000148,德州市,2002,0,0,0,0,0,0,stable
CNUR-000148,德州市,2003,0,0,0,0,0,0,stable
CNUR-000148,德州市,2004,0,0,0,0,0,0,stable
CNUR-000148,德州市,2005,0,0,0,0,0,0,stable
CNUR-000148,德州市,2006,0,0,0,0,0,0,stable
CNUR-000148,德州市,2007,0,0,0,0,0,0,stable
CNUR-000148,德州市,2008,0,0,0,0,0,0,stable
CNUR-000148,德州市,2009,0,0,0,0,0,0,stable
CNUR-000148,德州市,2010,0,0,0,0,0,0,stable
CNUR-000148,德州市,2011,0,0,0,0,0,0,stable
CNUR-000148,德州市,2012,0,0,0,0,0,0,stable
CNUR-000148,德州市,2013,0,0,0,0,0,0,stable
CNUR-000148,德州市,2014,0,1,0,0,1,0,district_scope_jump
CNUR-000148,德州市,2015,0,0,0,0,0,0,stable
CNUR-000148,德州市,2016,0,0,0,0,0,0,stable
CNUR-000148,德州市,2017,0,0,0,0,0,0,stable
CNUR-000148,德州市,2018,0,0,0,0,0,0,stable
CNUR-000148,德州市,2019,0,0,0,0,0,0,stable
CNUR-000148,德州市,2020,0,0,0,0,0,0,stable
CNUR-000149,聊城市,1999,0,0,0,0,0,0,stable
CNUR-000149,聊城市,2000,0,0,0,0,0,0,stable
CNUR-000149,聊城市,2001,0,0,0,0,0,0,stable
CNUR-000149,聊城市,2002,0,0,0,0,0,0,stable
CNUR-000149,聊城市,2003,0,0,0,0,0,0,stable
CNUR-000149,聊城市,2004,0,0,0,0,0,0,stable
CNUR-000149,聊城市,2005,0,0,0,0,0,0,stable
CNUR-000149,聊城市,2006,0,0,0,0,0,0,stable
CNUR-000149,聊城市,2007,0,0,0,0,0,0,stable
CNUR-000149,聊城市,2008,0,0,0,0,0,0,stable
CNUR-000149,聊城市,2009,0,0,0,0,0,0,stable
CNUR-000149,聊城市,2010,0,0,0,0,0,0,stable
CNUR-000149,聊城市,2011,0,0,0,0,0,0,stable
CNUR-000149,聊城市,2012,0,0,0,0,0,0,stable
CNUR-000149,聊城市,2013,0,0,0,0,0,0,stable
CNUR-000149,聊城市,2014,0,0,0,0,0,0,stable
CNUR-000149,聊城市,2015,0,0,0,0,0,0,stable
CNUR-000149,聊城市,2016,0,0,0,0,0,0,stable
CNUR-000149,聊城市,2017,0,0,0,0,0,0,stable
CNUR-000149,聊城市,2018,0,0,0,0,0,0,stable
CNUR-000149,聊城市,2019,0,1,0,0,1,0,district_scope_jump
CNUR-000149,聊城市,2020,0,0,0,0,0,0,stable
CNUR-000150,滨州市,1999,0,0,0,0,0,0,stable
CNUR-000150,滨州市,2000,0,0,0,0,0,0,stable
CNUR-000150,滨州市,2001,0,0,0,0,0,0,stable
CNUR-000150,滨州市,2002,0,0,0,0,0,0,stable
CNUR-000150,滨州市,2003,0,0,0,0,0,0,stable
CNUR-000150,滨州市,2004,0,0,0,0,0,0,stable
CNUR-000150,滨州市,2005,0,0,0,0,0,0,stable
CNUR-000150,滨州市,2006,0,0,0,0,0,0,stable
CNUR-000150,滨州市,2007,0,0,0,0,0,0,stable
CNUR-000150,滨州市,2008,0,0,0,0,0,0,stable
CNUR-000150,滨州市,2009,0,0,0,0,0,0,stable
CNUR-000150,滨州市,2010,0,0,0,0,0,0,stable
CNUR-000150,滨州市,2011,0,0,0,0,0,0,stable
CNUR-000150,滨州市,2012,0,0,0,0,0,0,stable
CNUR-000150,滨州市,2013,0,0,0,0,0,0,stable
CNUR-000150,滨州市,2014,0,1,0,0,1,0,district_scope_jump
CNUR-000150,滨州市,2015,0,0,0,0,0,0,stable
CNUR-000150,滨州市,2016,0,0,0,0,0,0,stable
CNUR-000150,滨州市,2017,0,0,0,0,0,0,stable
CNUR-000150,滨州市,2018,0,0,0,0,0,0,stable
CNUR-000150,滨州市,2019,0,0,0,0,0,0,stable
CNUR-000150,滨州市,2020,0,0,0,0,0,0,stable
CNUR-000151,菏泽市,1999,0,0,0,0,0,0,stable
CNUR-000151,菏泽市,2000,0,0,0,0,0,0,stable
CNUR-000151,菏泽市,2001,0,0,0,0,0,0,stable
CNUR-000151,菏泽市,2002,0,0,0,0,0,0,stable
CNUR-000151,菏泽市,2003,0,0,0,0,0,0,stable
CNUR-000151,菏泽市,2004,0,0,0,0,0,0,stable
CNUR-000151,菏泽市,2005,0,0,0,0,0,0,stable
CNUR-000151,菏泽市,2006,0,0,0,0,0,0,stable
CNUR-000151,菏泽市,2007,0,0,0,0,0,0,stable
CNUR-000151,菏泽市,2008,0,0,0,0,0,0,stable
CNUR-000151,菏泽市,2009,0,0,0,0,0,0,stable
CNUR-000151,菏泽市,2010,0,0,0,0,0,0,stable
CNUR-000151,菏泽市,2011,0,0,0,0,0,0,stable
CNUR-000151,菏泽市,2012,0,0,0,0,0,0,stable
CNUR-000151,菏泽市,2013,0,0,0,0,0,0,stable
CNUR-000151,菏泽市,2014,0,0,0,0,0,0,stable
CNUR-000151,菏泽市,2015,0,0,0,0,0,0,stable
CNUR-000151,菏泽市,2016,0,1,0,0,1,0,district_scope_jump
CNUR-000151,菏泽市,2017,0,0,0,0,0,0,stable
CNUR-000151,菏泽市,2018,0,0,0,0,0,0,stable
CNUR-000151,菏泽市,2019,0,0,0,0,0,0,stable
CNUR-000151,菏泽市,2020,0,0,0,0,0,0,stable
CNUR-000152,郑州市,1999,0,0,0,0,0,0,stable
CNUR-000152,郑州市,2000,0,0,0,0,0,0,stable
CNUR-000152,郑州市,2001,0,0,0,0,0,0,stable
CNUR-000152,郑州市,2002,0,0,0,0,0,0,stable
CNUR-000152,郑州市,2003,0,0,0,0,0,0,stable
CNUR-000152,郑州市,2004,0,0,0,0,0,0,stable
CNUR-000152,郑州市,2005,0,0,0,0,0,0,stable
CNUR-000152,郑州市,2006,0,0,0,0,0,0,stable
CNUR-000152,郑州市,2007,0,0,0,0,0,0,stable
CNUR-000152,郑州市,2008,0,0,0,0,0,0,stable
CNUR-000152,郑州市,2009,0,0,0,0,0,0,stable
CNUR-000152,郑州市,2010,0,0,0,0,0,0,stable
CNUR-000152,郑州市,2011,0,0,0,0,0,0,stable
CNUR-000152,郑州市,2012,0,0,0,0,0,0,stable
CNUR-000152,郑州市,2013,0,0,0,0,0,0,stable
CNUR-000152,郑州市,2014,0,0,0,0,0,0,stable
CNUR-000152,郑州市,2015,0,0,0,0,0,0,stable
CNUR-000152,郑州市,2016,0,0,0,0,0,0,stable
CNUR-000152,郑州市,2017,0,0,0,0,0,0,stable
CNUR-000152,郑州市,2018,0,0,0,0,0,0,stable
CNUR-000152,郑州市,2019,0,0,0,0,0,0,stable
CNUR-000152,郑州市,2020,0,0,0,0,0,0,stable
CNUR-000153,开封市,1999,0,0,0,0,0,0,stable
CNUR-000153,开封市,2000,0,0,0,0,0,0,stable
CNUR-000153,开封市,2001,0,0,0,0,0,0,stable
CNUR-000153,开封市,2002,0,0,0,0,0,0,stable
CNUR-000153,开封市,2003,0,0,0,0,0,0,stable
CNUR-000153,开封市,2004,0,0,0,0,0,0,stable
CNUR-000153,开封市,2005,0,0,0,0,0,0,stable
CNUR-000153,开封市,2006,0,0,0,0,0,0,stable
CNUR-000153,开封市,2007,0,0,0,0,0,0,stable
CNUR-000153,开封市,2008,0,0,0,0,0,0,stable
CNUR-000153,开封市,2009,0,0,0,0,0,0,stable
CNUR-000153,开封市,2010,0,0,0,0,0,0,stable
CNUR-000153,开封市,2011,0,0,0,0,0,0,stable
CNUR-000153,开封市,2012,0,0,0,0,0,0,stable
CNUR-000153,开封市,2013,0,0,0,0,0,0,stable
CNUR-000153,开封市,2014,0,1,0,0,1,0,district_scope_jump
CNUR-000153,开封市,2015,0,0,0,0,0,0,stable
CNUR-000153,开封市,2016,0,0,0,0,0,0,stable
CNUR-000153,开封市,2017,0,0,0,0,0,0,stable
CNUR-000153,开封市,2018,0,0,0,0,0,0,stable
CNUR-000153,开封市,2019,0,0,0,0,0,0,stable
CNUR-000153,开封市,2020,0,0,0,0,0,0,stable
CNUR-000154,洛阳市,1999,0,0,0,0,0,0,stable
CNUR-000154,洛阳市,2000,0,0,0,0,0,0,stable
CNUR-000154,洛阳市,2001,0,0,0,0,0,0,stable
CNUR-000154,洛阳市,2002,0,0,0,0,0,0,stable
CNUR-000154,洛阳市,2003,0,0,0,0,0,0,stable
CNUR-000154,洛阳市,2004,0,0,0,0,0,0,stable
CNUR-000154,洛阳市,2005,0,0,0,0,0,0,stable
CNUR-000154,洛阳市,2006,0,0,0,0,0,0,stable
CNUR-000154,洛阳市,2007,0,0,0,0,0,0,stable
CNUR-000154,洛阳市,2008,0,0,0,0,0,0,stable
CNUR-000154,洛阳市,2009,0,0,0,0,0,0,stable
CNUR-000154,洛阳市,2010,0,0,0,0,0,0,stable
CNUR-000154,洛阳市,2011,0,0,0,0,0,0,stable
CNUR-000154,洛阳市,2012,0,0,0,0,0,0,stable
CNUR-000154,洛阳市,2013,0,0,0,0,0,0,stable
CNUR-000154,洛阳市,2014,0,0,0,0,0,0,stable
CNUR-000154,洛阳市,2015,0,0,0,0,0,0,stable
CNUR-000154,洛阳市,2016,0,0,0,0,0,0,stable
CNUR-000154,洛阳市,2017,0,0,0,0,0,0,stable
CNUR-000154,洛阳市,2018,0,0,0,0,0,0,stable
CNUR-000154,洛阳市,2019,0,0,0,0,0,0,stable
CNUR-000154,洛阳市,2020,0,0,0,0,0,0,stable
CNUR-000155,平顶山市,1999,0,0,0,0,0,0,stable
CNUR-000155,平顶山市,2000,0,0,0,0,0,0,stable
CNUR-000155,平顶山市,2001,0,0,0,0,0,0,stable
CNUR-000155,平顶山市,2002,0,0,0,0,0,0,stable
CNUR-000155,平顶山市,2003,0,0,0,0,0,0,stable
CNUR-000155,平顶山市,2004,0,0,0,0,0,0,stable
CNUR-000155,平顶山市,2005,0,0,0,0,0,0,stable
CNUR-000155,平顶山市,2006,0,0,0,0,0,0,stable
CNUR-000155,平顶山市,2007,0,0,0,0,0,0,stable
CNUR-000155,平顶山市,2008,0,0,0,0,0,0,stable
CNUR-000155,平顶山市,2009,0,0,0,0,0,0,stable
CNUR-000155,平顶山市,2010,0,0,0,0,0,0,stable
CNUR-000155,平顶山市,2011,0,0,0,0,0,0,stable
CNUR-000155,平顶山市,2012,0,0,0,0,0,0,stable
CNUR-000155,平顶山市,2013,0,0,0,0,0,0,stable
CNUR-000155,平顶山市,2014,0,0,0,0,0,0,stable
CNUR-000155,平顶山市,2015,0,0,0,0,0,0,stable
CNUR-000155,平顶山市,2016,0,0,0,0,0,0,stable
CNUR-000155,平顶山市,2017,0,0,0,0,0,0,stable
CNUR-000155,平顶山市,2018,0,0,0,0,0,0,stable
CNUR-000155,平顶山市,2019,0,0,0,0,0,0,stable
CNUR-000155,平顶山市,2020,0,0,0,0,0,0,stable
CNUR-000156,安阳市,1999,0,0,0,0,0,0,stable
CNUR-000156,安阳市,2000,0,0,0,0,0,0,stable
CNUR-000156,安阳市,2001,0,0,0,0,0,0,stable
CNUR-000156,安阳市,2002,0,0,0,0,0,0,stable
CNUR-000156,安阳市,2003,0,0,0,0,0,0,stable
CNUR-000156,安阳市,2004,0,0,0,0,0,0,stable
CNUR-000156,安阳市,2005,0,0,0,0,0,0,stable
CNUR-000156,安阳市,2006,0,0,0,0,0,0,stable
CNUR-000156,安阳市,2007,0,0,0,0,0,0,stable
CNUR-000156,安阳市,2008,0,0,0,0,0,0,stable
CNUR-000156,安阳市,2009,0,0,0,0,0,0,stable
CNUR-000156,安阳市,2010,0,0,0,0,0,0,stable
CNUR-000156,安阳市,2011,0,0,0,0,0,0,stable
CNUR-000156,安阳市,2012,0,0,0,0,0,0,stable
CNUR-000156,安阳市,2013,0,0,0,0,0,0,stable
CNUR-000156,安阳市,2014,0,0,0,0,0,0,stable
CNUR-000156,安阳市,2015,0,0,0,0,0,0,stable
CNUR-000156,安阳市,2016,0,0,0,0,0,0,stable
CNUR-000156,安阳市,2017,0,0,0,0,0,0,stable
CNUR-000156,安阳市,2018,0,0,0,0,0,0,stable
CNUR-000156,安阳市,2019,0,0,0,0,0,0,stable
CNUR-000156,安阳市,2020,0,0,0,0,0,0,stable
CNUR-000157,鹤壁市,1999,0,0,0,0,0,0,stable
CNUR-000157,鹤壁市,2000,0,0,0,0,0,0,stable
CNUR-000157,鹤壁市,2001,0,0,0,0,0,0,stable
CNUR-000157,鹤壁市,2002,0,0,0,0,0,0,stable
CNUR-000157,鹤壁市,2003,0,0,0,0,0,0,stable
CNUR-000157,鹤壁市,2004,0,0,0,0,0,0,stable
CNUR-000157,鹤壁市,2005,0,0,0,0,0,0,stable
CNUR-000157,鹤壁市,2006,0,0,0,0,0,0,stable
CNUR-000157,鹤壁市,2007,0,0,0,0,0,0,stable
CNUR-000157,鹤壁市,2008,0,0,0,0,0,0,stable
CNUR-000157,鹤壁市,2009,0,0,0,0,0,0,stable
CNUR-000157,鹤壁市,2010,0,0,0,0,0,0,stable
CNUR-000157,鹤壁市,2011,0,0,0,0,0,0,stable
CNUR-000157,鹤壁市,2012,0,0,0,0,0,0,stable
CNUR-000157,鹤壁市,2013,0,0,0,0,0,0,stable
CNUR-000157,鹤壁市,2014,0,0,0,0,0,0,stable
CNUR-000157,鹤壁市,2015,0,0,0,0,0,0,stable
CNUR-000157,鹤壁市,2016,0,0,0,0,0,0,stable
CNUR-000157,鹤壁市,2017,0,0,0,0,0,0,stable
CNUR-000157,鹤壁市,2018,0,0,0,0,0,0,stable
CNUR-000157,鹤壁市,2019,0,0,0,0,0,0,stable
CNUR-000157,鹤壁市,2020,0,0,0,0,0,0,stable
CNUR-000158,新乡市,1999,0,0,0,0,0,0,stable
CNUR-000158,新乡市,2000,0,0,0,0,0,0,stable
CNUR-000158,新乡市,2001,0,0,0,0,0,0,stable
CNUR-000158,新乡市,2002,0,0,0,0,0,0,stable
CNUR-000158,新乡市,2003,0,0,0,0,0,0,stable
CNUR-000158,新乡市,2004,0,0,0,0,0,0,stable
CNUR-000158,新乡市,2005,0,0,0,0,0,0,stable
CNUR-000158,新乡市,2006,0,0,0,0,0,0,stable
CNUR-000158,新乡市,2007,0,0,0,0,0,0,stable
CNUR-000158,新乡市,2008,0,0,0,0,0,0,stable
CNUR-000158,新乡市,2009,0,0,0,0,0,0,stable
CNUR-000158,新乡市,2010,0,0,0,0,0,0,stable
CNUR-000158,新乡市,2011,0,0,0,0,0,0,stable
CNUR-000158,新乡市,2012,0,0,0,0,0,0,stable
CNUR-000158,新乡市,2013,0,0,0,0,0,0,stable
CNUR-000158,新乡市,2014,0,0,0,0,0,0,stable
CNUR-000158,新乡市,2015,0,0,0,0,0,0,stable
CNUR-000158,新乡市,2016,0,0,0,0,0,0,stable
CNUR-000158,新乡市,2017,0,0,0,0,0,0,stable
CNUR-000158,新乡市,2018,0,0,0,0,0,0,stable
CNUR-000158,新乡市,2019,0,0,0,0,0,0,stable
CNUR-000158,新乡市,2020,0,0,0,0,0,0,stable
CNUR-000159,焦作市,1999,0,0,0,0,0,0,stable
CNUR-000159,焦作市,2000,0,0,0,0,0,0,stable
CNUR-000159,焦作市,2001,0,0,0,0,0,0,stable
CNUR-000159,焦作市,2002,0,0,0,0,0,0,stable
CNUR-000159,焦作市,2003,0,0,0,0,0,0,stable
CNUR-000159,焦作市,2004,0,0,0,0,0,0,stable
CNUR-000159,焦作市,2005,0,0,0,0,0,0,stable
CNUR-000159,焦作市,2006,0,0,0,0,0,0,stable
CNUR-000159,焦作市,2007,0,0,0,0,0,0,stable
CNUR-000159,焦作市,2008,0,0,0,0,0,0,stable
CNUR-000159,焦作市,2009,0,0,0,0,0,0,stable
CNUR-000159,焦作市,2010,0,0,0,0,0,0,stable
CNUR-000159,焦作市,2011,0,0,0,0,0,0,stable
CNUR-000159,焦作市,2012,0,0,0,0,0,0,stable
CNUR-000159,焦作市,2013,0,0,0,0,0,0,stable
CNUR-000159,焦作市,2014,0,0,0,0,0,0,stable
CNUR-000159,焦作市,2015,0,0,0,0,0,0,stable
CNUR-000159,焦作市,2016,0,0,0,0,0,0,stable
CNUR-000159,焦作市,2017,0,0,0,0,0,0,stable
CNUR-000159,焦作市,2018,0,0,0,0,0,0,stable
CNUR-000159,焦作市,2019,0,0,0,0,0,0,stable
CNUR-000159,焦作市,2020,0,0,0,0,0,0,stable
CNUR-000160,濮阳市,1999,0,0,0,0,0,0,stable
CNUR-000160,濮阳市,2000,0,0,0,0,0,0,stable
CNUR-000160,濮阳市,2001,0,0,0,0,0,0,stable
CNUR-000160,濮阳市,2002,0,0,0,0,0,0,stable
CNUR-000160,濮阳市,2003,0,0,0,0,0,0,stable
CNUR-000160,濮阳市,2004,0,0,0,0,0,0,stable
CNUR-000160,濮阳市,2005,0,0,0,0,0,0,stable
CNUR-000160,濮阳市,2006,0,0,0,0,0,0,stable
CNUR-000160,濮阳市,2007,0,0,0,0,0,0,stable
CNUR-000160,濮阳市,2008,0,0,0,0,0,0,stable
CNUR-000160,濮阳市,2009,0,0,0,0,0,0,stable
CNUR-000160,濮阳市,2010,0,0,0,0,0,0,stable
CNUR-000160,濮阳市,2011,0,0,0,0,0,0,stable
CNUR-000160,濮阳市,2012,0,0,0,0,0,0,stable
CNUR-000160,濮阳市,2013,0,0,0,0,0,0,stable
CNUR-000160,濮阳市,2014,0,0,0,0,0,0,stable
CNUR-000160,濮阳市,2015,0,0,0,0,0,0,stable
CNUR-000160,濮阳市,2016,0,0,0,0,0,0,stable
CNUR-000160,濮阳市,2017,0,0,0,0,0,0,stable
CNUR-000160,濮阳市,2018,0,0,0,0,0,0,stable
CNUR-000160,濮阳市,2019,0,0,0,0,0,0,stable
CNUR-000160,濮阳市,2020,0,0,0,0,0,0,stable
CNUR-000161,许昌市,1999,0,0,0,0,0,0,stable
CNUR-000161,许昌市,2000,0,0,0,0,0,0,stable
CNUR-000161,许昌市,2001,0,0,0,0,0,0,stable
CNUR-000161,许昌市,2002,0,0,0,0,0,0,stable
CNUR-000161,许昌市,2003,0,0,0,0,0,0,stable
CNUR-000161,许昌市,2004,0,0,0,0,0,0,stable
CNUR-000161,许昌市,2005,0,0,0,0,0,0,stable
CNUR-000161,许昌市,2006,0,0,0,0,0,0,stable
CNUR-000161,许昌市,2007,0,0,0,0,0,0,stable
CNUR-000161,许昌市,2008,0,0,0,0,0,0,stable
CNUR-000161,许昌市,2009,0,0,0,0,0,0,stable
CNUR-000161,许昌市,2010,0,0,0,0,0,0,stable
CNUR-000161,许昌市,2011,0,0,0,0,0,0,stable
CNUR-000161,许昌市,2012,0,0,0,0,0,0,stable
CNUR-000161,许昌市,2013,0,0,0,0,0,0,stable
CNUR-000161,许昌市,2014,0,0,0,0,0,0,stable
CNUR-000161,许昌市,2015,0,0,0,0,0,0,stable
CNUR-000161,许昌市,2016,0,1,0,0,1,0,district_scope_jump
CNUR-000161,许昌市,2017,0,0,0,0,0,0,stable
CNUR-000161,许昌市,2018,0,0,0,0,0,0,stable
CNUR-000161,许昌市,2019,0,0,0,0,0,0,stable
CNUR-000161,许昌市,2020,0,0,0,0,0,0,stable
CNUR-000162,漯河市,1999,0,0,0,0,0,0,stable
CNUR-000162,漯河市,2000,0,0,0,0,0,0,stable
CNUR-000162,漯河市,2001,0,0,0,0,0,0,stable
CNUR-000162,漯河市,2002,0,0,0,0,0,0,stable
CNUR-000162,漯河市,2003,0,0,0,0,0,0,stable
CNUR-000162,漯河市,2004,0,1,0,0,1,0,district_scope_jump
CNUR-000162,漯河市,2005,0,0,0,0,0,0,stable
CNUR-000162,漯河市,2006,0,0,0,0,0,0,stable
CNUR-000162,漯河市,2007,0,0,0,0,0,0,stable
CNUR-000162,漯河市,2008,0,0,0,0,0,0,stable
CNUR-000162,漯河市,2009,0,0,0,0,0,0,stable
CNUR-000162,漯河市,2010,0,0,0,0,0,0,stable
CNUR-000162,漯河市,2011,0,0,0,0,0,0,stable
CNUR-000162,漯河市,2012,0,0,0,0,0,0,stable
CNUR-000162,漯河市,2013,0,0,0,0,0,0,stable
CNUR-000162,漯河市,2014,0,0,0,0,0,0,stable
CNUR-000162,漯河市,2015,0,0,0,0,0,0,stable
CNUR-000162,漯河市,2016,0,0,0,0,0,0,stable
CNUR-000162,漯河市,2017,0,0,0,0,0,0,stable
CNUR-000162,漯河市,2018,0,0,0,0,0,0,stable
CNUR-000162,漯河市,2019,0,0,0,0,0,0,stable
CNUR-000162,漯河市,2020,0,0,0,0,0,0,stable
CNUR-000163,三门峡市,1999,0,0,0,0,0,0,stable
CNUR-000163,三门峡市,2000,0,0,0,0,0,0,stable
CNUR-000163,三门峡市,2001,0,0,0,0,0,0,stable
CNUR-000163,三门峡市,2002,0,0,0,0,0,0,stable
CNUR-000163,三门峡市,2003,0,0,0,0,0,0,stable
CNUR-000163,三门峡市,2004,0,0,0,0,0,0,stable
CNUR-000163,三门峡市,2005,0,0,0,0,0,0,stable
CNUR-000163,三门峡市,2006,0,0,0,0,0,0,stable
CNUR-000163,三门峡市,2007,0,0,0,0,0,0,stable
CNUR-000163,三门峡市,2008,0,0,0,0,0,0,stable
CNUR-000163,三门峡市,2009,0,0,0,0,0,0,stable
CNUR-000163,三门峡市,2010,0,0,0,0,0,0,stable
CNUR-000163,三门峡市,2011,0,0,0,0,0,0,stable
CNUR-000163,三门峡市,2012,0,0,0,0,0,0,stable
CNUR-000163,三门峡市,2013,0,0,0,0,0,0,stable
CNUR-000163,三门峡市,2014,0,0,0,0,0,0,stable
CNUR-000163,三门峡市,2015,0,1,0,0,1,0,district_scope_jump
CNUR-000163,三门峡市,2016,0,0,0,0,0,0,stable
CNUR-000163,三门峡市,2017,0,0,0,0,0,0,stable
CNUR-000163,三门峡市,2018,0,0,0,0,0,0,stable
CNUR-000163,三门峡市,2019,0,0,0,0,0,0,stable
CNUR-000163,三门峡市,2020,0,0,0,0,0,0,stable
CNUR-000164,南阳市,1999,0,0,0,0,0,0,stable
CNUR-000164,南阳市,2000,0,0,0,0,0,0,stable
CNUR-000164,南阳市,2001,0,0,0,0,0,0,stable
CNUR-000164,南阳市,2002,0,0,0,0,0,0,stable
CNUR-000164,南阳市,2003,0,0,0,0,0,0,stable
CNUR-000164,南阳市,2004,0,0,0,0,0,0,stable
CNUR-000164,南阳市,2005,0,0,0,0,0,0,stable
CNUR-000164,南阳市,2006,0,0,0,0,0,0,stable
CNUR-000164,南阳市,2007,0,0,0,0,0,0,stable
CNUR-000164,南阳市,2008,0,0,0,0,0,0,stable
CNUR-000164,南阳市,2009,0,0,0,0,0,0,stable
CNUR-000164,南阳市,2010,0,0,0,0,0,0,stable
CNUR-000164,南阳市,2011,0,0,0,0,0,0,stable
CNUR-000164,南阳市,2012,0,0,0,0,0,0,stable
CNUR-000164,南阳市,2013,0,0,0,0,0,0,stable
CNUR-000164,南阳市,2014,0,0,0,0,0,0,stable
CNUR-000164,南阳市,2015,0,0,0,0,0,0,stable
CNUR-000164,南阳市,2016,0,0,0,0,0,0,stable
CNUR-000164,南阳市,2017,0,0,0,0,0,0,stable
CNUR-000164,南阳市,2018,0,0,0,0,0,0,stable
CNUR-000164,南阳市,2019,0,0,0,0,0,0,stable
CNUR-000164,南阳市,2020,0,0,0,0,0,0,stable
CNUR-000165,商丘市,1999,0,0,0,0,0,0,stable
CNUR-000165,商丘市,2000,0,0,0,0,0,0,stable
CNUR-000165,商丘市,2001,0,0,0,0,0,0,stable
CNUR-000165,商丘市,2002,0,0,0,0,0,0,stable
CNUR-000165,商丘市,2003,0,0,0,0,0,0,stable
CNUR-000165,商丘市,2004,0,0,0,0,0,0,stable
CNUR-000165,商丘市,2005,0,0,0,0,0,0,stable
CNUR-000165,商丘市,2006,0,0,0,0,0,0,stable
CNUR-000165,商丘市,2007,0,0,0,0,0,0,stable
CNUR-000165,商丘市,2008,0,0,0,0,0,0,stable
CNUR-000165,商丘市,2009,0,0,0,0,0,0,stable
CNUR-000165,商丘市,2010,0,0,0,0,0,0,stable
CNUR-000165,商丘市,2011,0,0,0,0,0,0,stable
CNUR-000165,商丘市,2012,0,0,0,0,0,0,stable
CNUR-000165,商丘市,2013,0,0,0,0,0,0,stable
CNUR-000165,商丘市,2014,0,0,0,0,0,0,stable
CNUR-000165,商丘市,2015,0,0,0,0,0,0,stable
CNUR-000165,商丘市,2016,0,0,0,0,0,0,stable
CNUR-000165,商丘市,2017,0,0,0,0,0,0,stable
CNUR-000165,商丘市,2018,0,0,0,0,0,0,stable
CNUR-000165,商丘市,2019,0,0,0,0,0,0,stable
CNUR-000165,商丘市,2020,0,0,0,0,0,0,stable
CNUR-000166,信阳市,1999,0,0,0,0,0,0,stable
CNUR-000166,信阳市,2000,0,0,0,0,0,0,stable
CNUR-000166,信阳市,2001,0,0,0,0,0,0,stable
CNUR-000166,信阳市,2002,0,0,0,0,0,0,stable
CNUR-000166,信阳市,2003,0,0,0,0,0,0,stable
CNUR-000166,信阳市,2004,0,0,0,0,0,0,stable
CNUR-000166,信阳市,2005,0,0,0,0,0,0,stable
CNUR-000166,信阳市,2006,0,0,0,0,0,0,stable
CNUR-000166,信阳市,2007,0,0,0,0,0,0,stable
CNUR-000166,信阳市,2008,0,0,0,0,0,0,stable
CNUR-000166,信阳市,2009,0,0,0,0,0,0,stable
CNUR-000166,信阳市,2010,0,0,0,0,0,0,stable
CNUR-000166,信阳市,2011,0,0,0,0,0,0,stable
CNUR-000166,信阳市,2012,0,0,0,0,0,0,stable
CNUR-000166,信阳市,2013,0,0,0,0,0,0,stable
CNUR-000166,信阳市,2014,0,0,0,0,0,0,stable
CNUR-000166,信阳市,2015,0,0,0,0,0,0,stable
CNUR-000166,信阳市,2016,0,0,0,0,0,0,stable
CNUR-000166,信阳市,2017,0,0,0,0,0,0,stable
CNUR-000166,信阳市,2018,0,0,0,0,0,0,stable
CNUR-000166,信阳市,2019,0,0,0,0,0,0,stable
CNUR-000166,信阳市,2020,0,0,0,0,0,0,stable
CNUR-000167,周口市,1999,0,0,0,0,0,0,stable
CNUR-000167,周口市,2000,0,0,0,0,0,0,stable
CNUR-000167,周口市,2001,0,0,0,0,0,0,stable
CNUR-000167,周口市,2002,0,0,0,0,0,0,stable
CNUR-000167,周口市,2003,0,0,0,0,0,0,stable
CNUR-000167,周口市,2004,0,0,0,0,0,0,stable
CNUR-000167,周口市,2005,0,0,0,0,0,0,stable
CNUR-000167,周口市,2006,0,0,0,0,0,0,stable
CNUR-000167,周口市,2007,0,0,0,0,0,0,stable
CNUR-000167,周口市,2008,0,0,0,0,0,0,stable
CNUR-000167,周口市,2009,0,0,0,0,0,0,stable
CNUR-000167,周口市,2010,0,0,0,0,0,0,stable
CNUR-000167,周口市,2011,0,0,0,0,0,0,stable
CNUR-000167,周口市,2012,0,0,0,0,0,0,stable
CNUR-000167,周口市,2013,0,0,0,0,0,0,stable
CNUR-000167,周口市,2014,0,0,0,0,0,0,stable
CNUR-000167,周口市,2015,0,0,0,0,0,0,stable
CNUR-000167,周口市,2016,0,0,0,0,0,0,stable
CNUR-000167,周口市,2017,0,0,0,0,0,0,stable
CNUR-000167,周口市,2018,0,0,0,0,0,0,stable
CNUR-000167,周口市,2019,0,1,0,0,1,0,district_scope_jump
CNUR-000167,周口市,2020,0,0,0,0,0,0,stable
CNUR-000168,驻马店市,1999,0,0,0,0,0,0,stable
CNUR-000168,驻马店市,2000,0,0,0,0,0,0,stable
CNUR-000168,驻马店市,2001,0,1,0,0,1,0,district_scope_jump
CNUR-000168,驻马店市,2002,0,0,0,0,0,0,stable
CNUR-000168,驻马店市,2003,0,0,0,0,0,0,stable
CNUR-000168,驻马店市,2004,0,0,0,0,0,0,stable
CNUR-000168,驻马店市,2005,0,0,0,0,0,0,stable
CNUR-000168,驻马店市,2006,0,0,0,0,0,0,stable
CNUR-000168,驻马店市,2007,0,0,0,0,0,0,stable
CNUR-000168,驻马店市,2008,0,0,0,0,0,0,stable
CNUR-000168,驻马店市,2009,0,0,0,0,0,0,stable
CNUR-000168,驻马店市,2010,0,0,0,0,0,0,stable
CNUR-000168,驻马店市,2011,0,0,0,0,0,0,stable
CNUR-000168,驻马店市,2012,0,0,0,0,0,0,stable
CNUR-000168,驻马店市,2013,0,0,0,0,0,0,stable
CNUR-000168,驻马店市,2014,0,0,0,0,0,0,stable
CNUR-000168,驻马店市,2015,0,0,0,0,0,0,stable
CNUR-000168,驻马店市,2016,0,0,0,0,0,0,stable
CNUR-000168,驻马店市,2017,0,0,0,0,0,0,stable
CNUR-000168,驻马店市,2018,0,0,0,0,0,0,stable
CNUR-000168,驻马店市,2019,0,0,0,0,0,0,stable
CNUR-000168,驻马店市,2020,0,0,0,0,0,0,stable
CNUR-000169,武汉市,1999,0,0,0,0,0,0,stable
CNUR-000169,武汉市,2000,0,0,0,0,0,0,stable
CNUR-000169,武汉市,2001,0,0,0,0,0,0,stable
CNUR-000169,武汉市,2002,0,0,0,0,0,0,stable
CNUR-000169,武汉市,2003,0,0,0,0,0,0,stable
CNUR-000169,武汉市,2004,0,0,0,0,0,0,stable
CNUR-000169,武汉市,2005,0,0,0,0,0,0,stable
CNUR-000169,武汉市,2006,0,0,0,0,0,0,stable
CNUR-000169,武汉市,2007,0,0,0,0,0,0,stable
CNUR-000169,武汉市,2008,0,0,0,0,0,0,stable
CNUR-000169,武汉市,2009,0,0,0,0,0,0,stable
CNUR-000169,武汉市,2010,0,0,0,0,0,0,stable
CNUR-000169,武汉市,2011,0,0,0,0,0,0,stable
CNUR-000169,武汉市,2012,0,0,0,0,0,0,stable
CNUR-000169,武汉市,2013,0,0,0,0,0,0,stable
CNUR-000169,武汉市,2014,0,0,0,0,0,0,stable
CNUR-000169,武汉市,2015,0,0,0,0,0,0,stable
CNUR-000169,武汉市,2016,0,0,0,0,0,0,stable
CNUR-000169,武汉市,2017,0,0,0,0,0,0,stable
CNUR-000169,武汉市,2018,0,0,0,0,0,0,stable
CNUR-000169,武汉市,2019,0,0,0,0,0,0,stable
CNUR-000169,武汉市,2020,0,0,0,0,0,0,stable
CNUR-000170,黄石市,1999,0,0,0,0,0,0,stable
CNUR-000170,黄石市,2000,0,0,0,0,0,0,stable
CNUR-000170,黄石市,2001,0,0,0,0,0,0,stable
CNUR-000170,黄石市,2002,0,0,0,0,0,0,stable
CNUR-000170,黄石市,2003,0,0,0,0,0,0,stable
CNUR-000170,黄石市,2004,0,0,0,0,0,0,stable
CNUR-000170,黄石市,2005,0,0,0,0,0,0,stable
CNUR-000170,黄石市,2006,0,0,0,0,0,0,stable
CNUR-000170,黄石市,2007,0,0,0,0,0,0,stable
CNUR-000170,黄石市,2008,0,0,0,0,0,0,stable
CNUR-000170,黄石市,2009,0,0,0,0,0,0,stable
CNUR-000170,黄石市,2010,0,0,0,0,0,0,stable
CNUR-000170,黄石市,2011,0,0,0,0,0,0,stable
CNUR-000170,黄石市,2012,0,0,0,0,0,0,stable
CNUR-000170,黄石市,2013,0,0,0,0,0,0,stable
CNUR-000170,黄石市,2014,0,0,0,0,0,0,stable
CNUR-000170,黄石市,2015,0,0,0,0,0,0,stable
CNUR-000170,黄石市,2016,0,0,0,0,0,0,stable
CNUR-000170,黄石市,2017,0,0,0,0,0,0,stable
CNUR-000170,黄石市,2018,0,0,0,0,0,0,stable
CNUR-000170,黄石市,2019,0,0,0,0,0,0,stable
CNUR-000170,黄石市,2020,0,0,0,0,0,0,stable
CNUR-000171,十堰市,1999,0,0,0,0,0,0,stable
CNUR-000171,十堰市,2000,0,0,0,0,0,0,stable
CNUR-000171,十堰市,2001,0,0,0,0,0,0,stable
CNUR-000171,十堰市,2002,0,0,0,0,0,0,stable
CNUR-000171,十堰市,2003,0,0,0,0,0,0,stable
CNUR-000171,十堰市,2004,0,0,0,0,0,0,stable
CNUR-000171,十堰市,2005,0,0,0,0,0,0,stable
CNUR-000171,十堰市,2006,0,0,0,0,0,0,stable
CNUR-000171,十堰市,2007,0,0,0,0,0,0,stable
CNUR-000171,十堰市,2008,0,0,0,0,0,0,stable
CNUR-000171,十堰市,2009,0,0,0,0,0,0,stable
CNUR-000171,十堰市,2010,0,0,0,0,0,0,stable
CNUR-000171,十堰市,2011,0,0,0,0,0,0,stable
CNUR-000171,十堰市,2012,0,0,0,0,0,0,stable
CNUR-000171,十堰市,2013,0,0,0,0,0,0,stable
CNUR-000171,十堰市,2014,0,1,0,0,1,0,district_scope_jump
CNUR-000171,十堰市,2015,0,0,0,0,0,0,stable
CNUR-000171,十堰市,2016,0,0,0,0,0,0,stable
CNUR-000171,十堰市,2017,0,0,0,0,0,0,stable
CNUR-000171,十堰市,2018,0,0,0,0,0,0,stable
CNUR-000171,十堰市,2019,0,0,0,0,0,0,stable
CNUR-000171,十堰市,2020,0,0,0,0,0,0,stable
CNUR-000172,宜昌市,1999,0,0,0,0,0,0,stable
CNUR-000172,宜昌市,2000,0,0,0,0,0,0,stable
CNUR-000172,宜昌市,2001,0,1,0,0,1,0,district_scope_jump
CNUR-000172,宜昌市,2002,0,0,0,0,0,0,stable
CNUR-000172,宜昌市,2003,0,0,0,0,0,0,stable
CNUR-000172,宜昌市,2004,0,0,0,0,0,0,stable
CNUR-000172,宜昌市,2005,0,0,0,0,0,0,stable
CNUR-000172,宜昌市,2006,0,0,0,0,0,0,stable
CNUR-000172,宜昌市,2007,0,0,0,0,0,0,stable
CNUR-000172,宜昌市,2008,0,0,0,0,0,0,stable
CNUR-000172,宜昌市,2009,0,0,0,0,0,0,stable
CNUR-000172,宜昌市,2010,0,0,0,0,0,0,stable
CNUR-000172,宜昌市,2011,0,0,0,0,0,0,stable
CNUR-000172,宜昌市,2012,0,0,0,0,0,0,stable
CNUR-000172,宜昌市,2013,0,0,0,0,0,0,stable
CNUR-000172,宜昌市,2014,0,0,0,0,0,0,stable
CNUR-000172,宜昌市,2015,0,0,0,0,0,0,stable
CNUR-000172,宜昌市,2016,0,0,0,0,0,0,stable
CNUR-000172,宜昌市,2017,0,0,0,0,0,0,stable
CNUR-000172,宜昌市,2018,0,0,0,0,0,0,stable
CNUR-000172,宜昌市,2019,0,0,0,0,0,0,stable
CNUR-000172,宜昌市,2020,0,0,0,0,0,0,stable
CNUR-000173,襄阳市,1999,0,0,0,0,0,0,stable
CNUR-000173,襄阳市,2000,0,0,0,0,0,0,stable
CNUR-000173,襄阳市,2001,0,1,0,0,1,0,district_scope_jump
CNUR-000173,襄阳市,2002,0,0,0,0,0,0,stable
CNUR-000173,襄阳市,2003,0,0,0,0,0,0,stable
CNUR-000173,襄阳市,2004,0,0,0,0,0,0,stable
CNUR-000173,襄阳市,2005,0,0,0,0,0,0,stable
CNUR-000173,襄阳市,2006,0,0,0,0,0,0,stable
CNUR-000173,襄阳市,2007,0,0,0,0,0,0,stable
CNUR-000173,襄阳市,2008,0,0,0,0,0,0,stable
CNUR-000173,襄阳市,2009,0,0,0,0,0,0,stable
CNUR-000173,襄阳市,2010,0,0,0,0,0,0,stable
CNUR-000173,襄阳市,2011,0,0,0,0,0,0,stable
CNUR-000173,襄阳市,2012,0,0,0,0,0,0,stable
CNUR-000173,襄阳市,2013,0,0,0,0,0,0,stable
CNUR-000173,襄阳市,2014,0,0,0,0,0,0,stable
CNUR-000173,襄阳市,2015,0,0,0,0,0,0,stable
CNUR-000173,襄阳市,2016,0,0,0,0,0,0,stable
CNUR-000173,襄阳市,2017,0,0,0,0,0,0,stable
CNUR-000173,襄阳市,2018,0,0,0,0,0,0,stable
CNUR-000173,襄阳市,2019,0,0,0,0,0,0,stable
CNUR-000173,襄阳市,2020,0,0,0,0,0,0,stable
CNUR-000174,鄂州市,1999,0,0,0,0,0,0,stable
CNUR-000174,鄂州市,2000,0,0,0,0,0,0,stable
CNUR-000174,鄂州市,2001,0,0,0,0,0,0,stable
CNUR-000174,鄂州市,2002,0,0,0,0,0,0,stable
CNUR-000174,鄂州市,2003,0,0,0,0,0,0,stable
CNUR-000174,鄂州市,2004,0,0,0,0,0,0,stable
CNUR-000174,鄂州市,2005,0,0,0,0,0,0,stable
CNUR-000174,鄂州市,2006,0,0,0,0,0,0,stable
CNUR-000174,鄂州市,2007,0,0,0,0,0,0,stable
CNUR-000174,鄂州市,2008,0,0,0,0,0,0,stable
CNUR-000174,鄂州市,2009,0,0,0,0,0,0,stable
CNUR-000174,鄂州市,2010,0,0,0,0,0,0,stable
CNUR-000174,鄂州市,2011,0,0,0,0,0,0,stable
CNUR-000174,鄂州市,2012,0,0,0,0,0,0,stable
CNUR-000174,鄂州市,2013,0,0,0,0,0,0,stable
CNUR-000174,鄂州市,2014,0,0,0,0,0,0,stable
CNUR-000174,鄂州市,2015,0,0,0,0,0,0,stable
CNUR-000174,鄂州市,2016,0,0,0,0,0,0,stable
CNUR-000174,鄂州市,2017,0,0,0,0,0,0,stable
CNUR-000174,鄂州市,2018,0,0,0,0,0,0,stable
CNUR-000174,鄂州市,2019,0,0,0,0,0,0,stable
CNUR-000174,鄂州市,2020,0,0,0,0,0,0,stable
CNUR-000175,荆门市,1999,0,0,0,0,0,0,stable
CNUR-000175,荆门市,2000,0,0,0,0,0,0,stable
CNUR-000175,荆门市,2001,0,0,0,0,0,0,stable
CNUR-000175,荆门市,2002,0,0,0,0,0,0,stable
CNUR-000175,荆门市,2003,0,0,0,0,0,0,stable
CNUR-000175,荆门市,2004,0,0,0,0,0,0,stable
CNUR-000175,荆门市,2005,0,0,0,0,0,0,stable
CNUR-000175,荆门市,2006,0,0,0,0,0,0,stable
CNUR-000175,荆门市,2007,0,0,0,0,0,0,stable
CNUR-000175,荆门市,2008,0,0,0,0,0,0,stable
CNUR-000175,荆门市,2009,0,0,0,0,0,0,stable
CNUR-000175,荆门市,2010,0,0,0,0,0,0,stable
CNUR-000175,荆门市,2011,0,0,0,0,0,0,stable
CNUR-000175,荆门市,2012,0,0,0,0,0,0,stable
CNUR-000175,荆门市,2013,0,0,0,0,0,0,stable
CNUR-000175,荆门市,2014,0,0,0,0,0,0,stable
CNUR-000175,荆门市,2015,0,0,0,0,0,0,stable
CNUR-000175,荆门市,2016,0,0,0,0,0,0,stable
CNUR-000175,荆门市,2017,0,0,0,0,0,0,stable
CNUR-000175,荆门市,2018,0,0,0,0,0,0,stable
CNUR-000175,荆门市,2019,0,0,0,0,0,0,stable
CNUR-000175,荆门市,2020,0,0,0,0,0,0,stable
CNUR-000176,孝感市,1999,0,0,0,0,0,0,stable
CNUR-000176,孝感市,2000,0,0,0,0,0,0,stable
CNUR-000176,孝感市,2001,0,0,0,0,0,0,stable
CNUR-000176,孝感市,2002,0,0,0,0,0,0,stable
CNUR-000176,孝感市,2003,0,0,0,0,0,0,stable
CNUR-000176,孝感市,2004,0,0,0,0,0,0,stable
CNUR-000176,孝感市,2005,0,0,0,0,0,0,stable
CNUR-000176,孝感市,2006,0,0,0,0,0,0,stable
CNUR-000176,孝感市,2007,0,0,0,0,0,0,stable
CNUR-000176,孝感市,2008,0,0,0,0,0,0,stable
CNUR-000176,孝感市,2009,0,0,0,0,0,0,stable
CNUR-000176,孝感市,2010,0,0,0,0,0,0,stable
CNUR-000176,孝感市,2011,0,0,0,0,0,0,stable
CNUR-000176,孝感市,2012,0,0,0,0,0,0,stable
CNUR-000176,孝感市,2013,0,0,0,0,0,0,stable
CNUR-000176,孝感市,2014,0,0,0,0,0,0,stable
CNUR-000176,孝感市,2015,0,0,0,0,0,0,stable
CNUR-000176,孝感市,2016,0,0,0,0,0,0,stable
CNUR-000176,孝感市,2017,0,0,0,0,0,0,stable
CNUR-000176,孝感市,2018,0,0,0,0,0,0,stable
CNUR-000176,孝感市,2019,0,0,0,0,0,0,stable
CNUR-000176,孝感市,2020,0,0,0,0,0,0,stable
CNUR-000177,荆州市,1999,0,0,0,0,0,0,stable
CNUR-000177,荆州市,2000,0,0,0,0,0,0,stable
CNUR-000177,荆州市,2001,0,0,0,0,0,0,stable
CNUR-000177,荆州市,2002,0,0,0,0,0,0,stable
CNUR-000177,荆州市,2003,0,0,0,0,0,0,stable
CNUR-000177,荆州市,2004,0,0,0,0,0,0,stable
CNUR-000177,荆州市,2005,0,0,0,0,0,0,stable
CNUR-000177,荆州市,2006,0,0,0,0,0,0,stable
CNUR-000177,荆州市,2007,0,0,0,0,0,0,stable
CNUR-000177,荆州市,2008,0,0,0,0,0,0,stable
CNUR-000177,荆州市,2009,0,0,0,0,0,0,stable
CNUR-000177,荆州市,2010,0,0,0,0,0,0,stable
CNUR-000177,荆州市,2011,0,0,0,0,0,0,stable
CNUR-000177,荆州市,2012,0,0,0,0,0,0,stable
CNUR-000177,荆州市,2013,0,0,0,0,0,0,stable
CNUR-000177,荆州市,2014,0,0,0,0,0,0,stable
CNUR-000177,荆州市,2015,0,0,0,0,0,0,stable
CNUR-000177,荆州市,2016,0,0,0,0,0,0,stable
CNUR-000177,荆州市,2017,0,0,0,0,0,0,stable
CNUR-000177,荆州市,2018,0,0,0,0,0,0,stable
CNUR-000177,荆州市,2019,0,0,0,0,0,0,stable
CNUR-000177,荆州市,2020,0,0,0,0,0,0,stable
CNUR-000178,黄冈市,1999,0,0,0,0,0,0,stable
CNUR-000178,黄冈市,2000,0,0,0,0,0,0,stable
CNUR-000178,黄冈市,2001,0,0,0,0,0,0,stable
CNUR-000178,黄冈市,2002,0,0,0,0,0,0,stable
CNUR-000178,黄冈市,2003,0,0,0,0,0,0,stable
CNUR-000178,黄冈市,2004,0,0,0,0,0,0,stable
CNUR-000178,黄冈市,2005,0,0,0,0,0,0,stable
CNUR-000178,黄冈市,2006,0,0,0,0,0,0,stable
CNUR-000178,黄冈市,2007,0,0,0,0,0,0,stable
CNUR-000178,黄冈市,2008,0,0,0,0,0,0,stable
CNUR-000178,黄冈市,2009,0,0,0,0,0,0,stable
CNUR-000178,黄冈市,2010,0,0,0,0,0,0,stable
CNUR-000178,黄冈市,2011,0,0,0,0,0,0,stable
CNUR-000178,黄冈市,2012,0,0,0,0,0,0,stable
CNUR-000178,黄冈市,2013,0,0,0,0,0,0,stable
CNUR-000178,黄冈市,2014,0,0,0,0,0,0,stable
CNUR-000178,黄冈市,2015,0,0,0,0,0,0,stable
CNUR-000178,黄冈市,2016,0,0,0,0,0,0,stable
CNUR-000178,黄冈市,2017,0,0,0,0,0,0,stable
CNUR-000178,黄冈市,2018,0,0,0,0,0,0,stable
CNUR-000178,黄冈市,2019,0,0,0,0,0,0,stable
CNUR-000178,黄冈市,2020,0,0,0,0,0,0,stable
CNUR-000179,咸宁市,1999,0,0,0,0,0,0,stable
CNUR-000179,咸宁市,2000,0,0,0,0,0,0,stable
CNUR-000179,咸宁市,2001,0,0,0,0,0,0,stable
CNUR-000179,咸宁市,2002,0,0,0,0,0,0,stable
CNUR-000179,咸宁市,2003,0,0,0,0,0,0,stable
CNUR-000179,咸宁市,2004,0,0,0,0,0,0,stable
CNUR-000179,咸宁市,2005,0,0,0,0,0,0,stable
CNUR-000179,咸宁市,2006,0,0,0,0,0,0,stable
CNUR-000179,咸宁市,2007,0,0,0,0,0,0,stable
CNUR-000179,咸宁市,2008,0,0,0,0,0,0,stable
CNUR-000179,咸宁市,2009,0,0,0,0,0,0,stable
CNUR-000179,咸宁市,2010,0,0,0,0,0,0,stable
CNUR-000179,咸宁市,2011,0,0,0,0,0,0,stable
CNUR-000179,咸宁市,2012,0,0,0,0,0,0,stable
CNUR-000179,咸宁市,2013,0,0,0,0,0,0,stable
CNUR-000179,咸宁市,2014,0,0,0,0,0,0,stable
CNUR-000179,咸宁市,2015,0,0,0,0,0,0,stable
CNUR-000179,咸宁市,2016,0,0,0,0,0,0,stable
CNUR-000179,咸宁市,2017,0,0,0,0,0,0,stable
CNUR-000179,咸宁市,2018,0,0,0,0,0,0,stable
CNUR-000179,咸宁市,2019,0,0,0,0,0,0,stable
CNUR-000179,咸宁市,2020,0,0,0,0,0,0,stable
CNUR-000180,随州市,1999,0,0,0,0,0,0,stable
CNUR-000180,随州市,2000,0,0,0,0,0,1,sample_entry
CNUR-000180,随州市,2001,0,0,0,0,0,0,stable
CNUR-000180,随州市,2002,0,0,0,0,0,0,stable
CNUR-000180,随州市,2003,0,0,0,0,0,0,stable
CNUR-000180,随州市,2004,0,0,0,0,0,0,stable
CNUR-000180,随州市,2005,0,0,0,0,0,0,stable
CNUR-000180,随州市,2006,0,0,0,0,0,0,stable
CNUR-000180,随州市,2007,0,0,0,0,0,0,stable
CNUR-000180,随州市,2008,0,0,0,0,0,0,stable
CNUR-000180,随州市,2009,0,0,0,0,0,0,stable
CNUR-000180,随州市,2010,0,0,0,0,0,0,stable
CNUR-000180,随州市,2011,0,0,0,0,0,0,stable
CNUR-000180,随州市,2012,0,0,0,0,0,0,stable
CNUR-000180,随州市,2013,0,0,0,0,0,0,stable
CNUR-000180,随州市,2014,0,0,0,0,0,0,stable
CNUR-000180,随州市,2015,0,0,0,0,0,0,stable
CNUR-000180,随州市,2016,0,0,0,0,0,0,stable
CNUR-000180,随州市,2017,0,0,0,0,0,0,stable
CNUR-000180,随州市,2018,0,0,0,0,0,0,stable
CNUR-000180,随州市,2019,0,0,0,0,0,0,stable
CNUR-000180,随州市,2020,0,0,0,0,0,0,stable
CNUR-000181,恩施土家族苗族自治州,1999,0,0,0,0,0,0,stable
CNUR-000181,恩施土家族苗族自治州,2000,0,0,0,0,0,0,stable
CNUR-000181,恩施土家族苗族自治州,2001,0,0,0,0,0,0,stable
CNUR-000181,恩施土家族苗族自治州,2002,0,0,0,0,0,0,stable
CNUR-000181,恩施土家族苗族自治州,2003,0,0,0,0,0,0,stable
CNUR-000181,恩施土家族苗族自治州,2004,0,0,0,0,0,0,stable
CNUR-000181,恩施土家族苗族自治州,2005,0,0,0,0,0,0,stable
CNUR-000181,恩施土家族苗族自治州,2006,0,0,0,0,0,0,stable
CNUR-000181,恩施土家族苗族自治州,2007,0,0,0,0,0,0,stable
CNUR-000181,恩施土家族苗族自治州,2008,0,0,0,0,0,0,stable
CNUR-000181,恩施土家族苗族自治州,2009,0,0,0,0,0,0,stable
CNUR-000181,恩施土家族苗族自治州,2010,0,0,0,0,0,0,stable
CNUR-000181,恩施土家族苗族自治州,2011,0,0,0,0,0,0,stable
CNUR-000181,恩施土家族苗族自治州,2012,0,0,0,0,0,0,stable
CNUR-000181,恩施土家族苗族自治州,2013,0,0,0,0,0,0,stable
CNUR-000181,恩施土家族苗族自治州,2014,0,0,0,0,0,0,stable
CNUR-000181,恩施土家族苗族自治州,2015,0,0,0,0,0,0,stable
CNUR-000181,恩施土家族苗族自治州,2016,0,0,0,0,0,0,stable
CNUR-000181,恩施土家族苗族自治州,2017,0,0,0,0,0,0,stable
CNUR-000181,恩施土家族苗族自治州,2018,0,0,0,0,0,0,stable
CNUR-000181,恩施土家族苗族自治州,2019,0,0,0,0,0,0,stable
CNUR-000181,恩施土家族苗族自治州,2020,0,0,0,0,0,0,stable
CNUR-000182,长沙市,1999,0,0,0,0,0,0,stable
CNUR-000182,长沙市,2000,0,0,0,0,0,0,stable
CNUR-000182,长沙市,2001,0,0,0,0,0,0,stable
CNUR-000182,长沙市,2002,0,0,0,0,0,0,stable
CNUR-000182,长沙市,2003,0,0,0,0,0,0,stable
CNUR-000182,长沙市,2004,0,0,0,0,0,0,stable
CNUR-000182,长沙市,2005,0,0,0,0,0,0,stable
CNUR-000182,长沙市,2006,0,0,0,0,0,0,stable
CNUR-000182,长沙市,2007,0,0,0,0,0,0,stable
CNUR-000182,长沙市,2008,0,0,0,0,0,0,stable
CNUR-000182,长沙市,2009,0,0,0,0,0,0,stable
CNUR-000182,长沙市,2010,0,0,0,0,0,0,stable
CNUR-000182,长沙市,2011,0,1,0,0,1,0,district_scope_jump
CNUR-000182,长沙市,2012,0,0,0,0,0,0,stable
CNUR-000182,长沙市,2013,0,0,0,0,0,0,stable
CNUR-000182,长沙市,2014,0,0,0,0,0,0,stable
CNUR-000182,长沙市,2015,0,0,0,0,0,0,stable
CNUR-000182,长沙市,2016,0,0,0,0,0,0,stable
CNUR-000182,长沙市,2017,0,0,0,0,0,0,stable
CNUR-000182,长沙市,2018,0,0,0,0,0,0,stable
CNUR-000182,长沙市,2019,0,0,0,0,0,0,stable
CNUR-000182,长沙市,2020,0,0,0,0,0,0,stable
CNUR-000183,株洲市,1999,0,0,0,0,0,0,stable
CNUR-000183,株洲市,2000,0,0,0,0,0,0,stable
CNUR-000183,株洲市,2001,0,0,0,0,0,0,stable
CNUR-000183,株洲市,2002,0,0,0,0,0,0,stable
CNUR-000183,株洲市,2003,0,0,0,0,0,0,stable
CNUR-000183,株洲市,2004,0,0,0,0,0,0,stable
CNUR-000183,株洲市,2005,0,0,0,0,0,0,stable
CNUR-000183,株洲市,2006,0,0,0,0,0,0,stable
CNUR-000183,株洲市,2007,0,0,0,0,0,0,stable
CNUR-000183,株洲市,2008,0,0,0,0,0,0,stable
CNUR-000183,株洲市,2009,0,0,0,0,0,0,stable
CNUR-000183,株洲市,2010,0,0,0,0,0,0,stable
CNUR-000183,株洲市,2011,0,0,0,0,0,0,stable
CNUR-000183,株洲市,2012,0,0,0,0,0,0,stable
CNUR-000183,株洲市,2013,0,0,0,0,0,0,stable
CNUR-000183,株洲市,2014,0,0,0,0,0,0,stable
CNUR-000183,株洲市,2015,0,0,0,0,0,0,stable
CNUR-000183,株洲市,2016,0,0,0,0,0,0,stable
CNUR-000183,株洲市,2017,0,0,0,0,0,0,stable
CNUR-000183,株洲市,2018,0,1,0,0,1,0,district_scope_jump
CNUR-000183,株洲市,2019,0,0,0,0,0,0,stable
CNUR-000183,株洲市,2020,0,0,0,0,0,0,stable
CNUR-000184,湘潭市,1999,0,0,0,0,0,0,stable
CNUR-000184,湘潭市,2000,0,0,0,0,0,0,stable
CNUR-000184,湘潭市,2001,0,0,0,0,0,0,stable
CNUR-000184,湘潭市,2002,0,0,0,0,0,0,stable
CNUR-000184,湘潭市,2003,0,0,0,0,0,0,stable
CNUR-000184,湘潭市,2004,0,0,0,0,0,0,stable
CNUR-000184,湘潭市,2005,0,0,0,0,0,0,stable
CNUR-000184,湘潭市,2006,0,0,0,0,0,0,stable
CNUR-000184,湘潭市,2007,0,0,0,0,0,0,stable
CNUR-000184,湘潭市,2008,0,0,0,0,0,0,stable
CNUR-000184,湘潭市,2009,0,0,0,0,0,0,stable
CNUR-000184,湘潭市,2010,0,0,0,0,0,0,stable
CNUR-000184,湘潭市,2011,0,0,0,0,0,0,stable
CNUR-000184,湘潭市,2012,0,0,0,0,0,0,stable
CNUR-000184,湘潭市,2013,0,0,0,0,0,0,stable
CNUR-000184,湘潭市,2014,0,0,0,0,0,0,stable
CNUR-000184,湘潭市,2015,0,0,0,0,0,0,stable
CNUR-000184,湘潭市,2016,0,0,0,0,0,0,stable
CNUR-000184,湘潭市,2017,0,0,0,0,0,0,stable
CNUR-000184,湘潭市,2018,0,0,0,0,0,0,stable
CNUR-000184,湘潭市,2019,0,0,0,0,0,0,stable
CNUR-000184,湘潭市,2020,0,0,0,0,0,0,stable
CNUR-000185,衡阳市,1999,0,0,0,0,0,0,stable
CNUR-000185,衡阳市,2000,0,0,0,0,0,0,stable
CNUR-000185,衡阳市,2001,0,0,0,0,0,0,stable
CNUR-000185,衡阳市,2002,0,0,0,0,0,0,stable
CNUR-000185,衡阳市,2003,0,0,0,0,0,0,stable
CNUR-000185,衡阳市,2004,0,0,0,0,0,0,stable
CNUR-000185,衡阳市,2005,0,0,0,0,0,0,stable
CNUR-000185,衡阳市,2006,0,0,0,0,0,0,stable
CNUR-000185,衡阳市,2007,0,0,0,0,0,0,stable
CNUR-000185,衡阳市,2008,0,0,0,0,0,0,stable
CNUR-000185,衡阳市,2009,0,0,0,0,0,0,stable
CNUR-000185,衡阳市,2010,0,0,0,0,0,0,stable
CNUR-000185,衡阳市,2011,0,0,0,0,0,0,stable
CNUR-000185,衡阳市,2012,0,0,0,0,0,0,stable
CNUR-000185,衡阳市,2013,0,0,0,0,0,0,stable
CNUR-000185,衡阳市,2014,0,0,0,0,0,0,stable
CNUR-000185,衡阳市,2015,0,0,0,0,0,0,stable
CNUR-000185,衡阳市,2016,0,0,0,0,0,0,stable
CNUR-000185,衡阳市,2017,0,0,0,0,0,0,stable
CNUR-000185,衡阳市,2018,0,0,0,0,0,0,stable
CNUR-000185,衡阳市,2019,0,0,0,0,0,0,stable
CNUR-000185,衡阳市,2020,0,0,0,0,0,0,stable
CNUR-000186,邵阳市,1999,0,0,0,0,0,0,stable
CNUR-000186,邵阳市,2000,0,0,0,0,0,0,stable
CNUR-000186,邵阳市,2001,0,0,0,0,0,0,stable
CNUR-000186,邵阳市,2002,0,0,0,0,0,0,stable
CNUR-000186,邵阳市,2003,0,0,0,0,0,0,stable
CNUR-000186,邵阳市,2004,0,0,0,0,0,0,stable
CNUR-000186,邵阳市,2005,0,0,0,0,0,0,stable
CNUR-000186,邵阳市,2006,0,0,0,0,0,0,stable
CNUR-000186,邵阳市,2007,0,0,0,0,0,0,stable
CNUR-000186,邵阳市,2008,0,0,0,0,0,0,stable
CNUR-000186,邵阳市,2009,0,0,0,0,0,0,stable
CNUR-000186,邵阳市,2010,0,0,0,0,0,0,stable
CNUR-000186,邵阳市,2011,0,0,0,0,0,0,stable
CNUR-000186,邵阳市,2012,0,0,0,0,0,0,stable
CNUR-000186,邵阳市,2013,0,0,0,0,0,0,stable
CNUR-000186,邵阳市,2014,0,0,0,0,0,0,stable
CNUR-000186,邵阳市,2015,0,0,0,0,0,0,stable
CNUR-000186,邵阳市,2016,0,0,0,0,0,0,stable
CNUR-000186,邵阳市,2017,0,0,0,0,0,0,stable
CNUR-000186,邵阳市,2018,0,0,0,0,0,0,stable
CNUR-000186,邵阳市,2019,0,0,0,0,0,0,stable
CNUR-000186,邵阳市,2020,0,0,0,0,0,0,stable
CNUR-000187,岳阳市,1999,0,0,0,0,0,0,stable
CNUR-000187,岳阳市,2000,0,0,0,0,0,0,stable
CNUR-000187,岳阳市,2001,0,0,0,0,0,0,stable
CNUR-000187,岳阳市,2002,0,0,0,0,0,0,stable
CNUR-000187,岳阳市,2003,0,0,0,0,0,0,stable
CNUR-000187,岳阳市,2004,0,0,0,0,0,0,stable
CNUR-000187,岳阳市,2005,0,0,0,0,0,0,stable
CNUR-000187,岳阳市,2006,0,0,0,0,0,0,stable
CNUR-000187,岳阳市,2007,0,0,0,0,0,0,stable
CNUR-000187,岳阳市,2008,0,0,0,0,0,0,stable
CNUR-000187,岳阳市,2009,0,0,0,0,0,0,stable
CNUR-000187,岳阳市,2010,0,0,0,0,0,0,stable
CNUR-000187,岳阳市,2011,0,0,0,0,0,0,stable
CNUR-000187,岳阳市,2012,0,0,0,0,0,0,stable
CNUR-000187,岳阳市,2013,0,0,0,0,0,0,stable
CNUR-000187,岳阳市,2014,0,0,0,0,0,0,stable
CNUR-000187,岳阳市,2015,0,0,0,0,0,0,stable
CNUR-000187,岳阳市,2016,0,0,0,0,0,0,stable
CNUR-000187,岳阳市,2017,0,0,0,0,0,0,stable
CNUR-000187,岳阳市,2018,0,0,0,0,0,0,stable
CNUR-000187,岳阳市,2019,0,0,0,0,0,0,stable
CNUR-000187,岳阳市,2020,0,0,0,0,0,0,stable
CNUR-000188,常德市,1999,0,0,0,0,0,0,stable
CNUR-000188,常德市,2000,0,0,0,0,0,0,stable
CNUR-000188,常德市,2001,0,0,0,0,0,0,stable
CNUR-000188,常德市,2002,0,0,0,0,0,0,stable
CNUR-000188,常德市,2003,0,0,0,0,0,0,stable
CNUR-000188,常德市,2004,0,0,0,0,0,0,stable
CNUR-000188,常德市,2005,0,0,0,0,0,0,stable
CNUR-000188,常德市,2006,0,0,0,0,0,0,stable
CNUR-000188,常德市,2007,0,0,0,0,0,0,stable
CNUR-000188,常德市,2008,0,0,0,0,0,0,stable
CNUR-000188,常德市,2009,0,0,0,0,0,0,stable
CNUR-000188,常德市,2010,0,0,0,0,0,0,stable
CNUR-000188,常德市,2011,0,0,0,0,0,0,stable
CNUR-000188,常德市,2012,0,0,0,0,0,0,stable
CNUR-000188,常德市,2013,0,0,0,0,0,0,stable
CNUR-000188,常德市,2014,0,0,0,0,0,0,stable
CNUR-000188,常德市,2015,0,0,0,0,0,0,stable
CNUR-000188,常德市,2016,0,0,0,0,0,0,stable
CNUR-000188,常德市,2017,0,0,0,0,0,0,stable
CNUR-000188,常德市,2018,0,0,0,0,0,0,stable
CNUR-000188,常德市,2019,0,0,0,0,0,0,stable
CNUR-000188,常德市,2020,0,0,0,0,0,0,stable
CNUR-000189,张家界市,1999,0,0,0,0,0,0,stable
CNUR-000189,张家界市,2000,0,0,0,0,0,0,stable
CNUR-000189,张家界市,2001,0,0,0,0,0,0,stable
CNUR-000189,张家界市,2002,0,0,0,0,0,0,stable
CNUR-000189,张家界市,2003,0,0,0,0,0,0,stable
CNUR-000189,张家界市,2004,0,0,0,0,0,0,stable
CNUR-000189,张家界市,2005,0,0,0,0,0,0,stable
CNUR-000189,张家界市,2006,0,0,0,0,0,0,stable
CNUR-000189,张家界市,2007,0,0,0,0,0,0,stable
CNUR-000189,张家界市,2008,0,0,0,0,0,0,stable
CNUR-000189,张家界市,2009,0,0,0,0,0,0,stable
CNUR-000189,张家界市,2010,0,0,0,0,0,0,stable
CNUR-000189,张家界市,2011,0,0,0,0,0,0,stable
CNUR-000189,张家界市,2012,0,0,0,0,0,0,stable
CNUR-000189,张家界市,2013,0,0,0,0,0,0,stable
CNUR-000189,张家界市,2014,0,0,0,0,0,0,stable
CNUR-000189,张家界市,2015,0,0,0,0,0,0,stable
CNUR-000189,张家界市,2016,0,0,0,0,0,0,stable
CNUR-000189,张家界市,2017,0,0,0,0,0,0,stable
CNUR-000189,张家界市,2018,0,0,0,0,0,0,stable
CNUR-000189,张家界市,2019,0,0,0,0,0,0,stable
CNUR-000189,张家界市,2020,0,0,0,0,0,0,stable
CNUR-000190,益阳市,1999,0,0,0,0,0,0,stable
CNUR-000190,益阳市,2000,0,0,0,0,0,0,stable
CNUR-000190,益阳市,2001,0,0,0,0,0,0,stable
CNUR-000190,益阳市,2002,0,0,0,0,0,0,stable
CNUR-000190,益阳市,2003,0,0,0,0,0,0,stable
CNUR-000190,益阳市,2004,0,0,0,0,0,0,stable
CNUR-000190,益阳市,2005,0,0,0,0,0,0,stable
CNUR-000190,益阳市,2006,0,0,0,0,0,0,stable
CNUR-000190,益阳市,2007,0,0,0,0,0,0,stable
CNUR-000190,益阳市,2008,0,0,0,0,0,0,stable
CNUR-000190,益阳市,2009,0,0,0,0,0,0,stable
CNUR-000190,益阳市,2010,0,0,0,0,0,0,stable
CNUR-000190,益阳市,2011,0,0,0,0,0,0,stable
CNUR-000190,益阳市,2012,0,0,0,0,0,0,stable
CNUR-000190,益阳市,2013,0,0,0,0,0,0,stable
CNUR-000190,益阳市,2014,0,0,0,0,0,0,stable
CNUR-000190,益阳市,2015,0,0,0,0,0,0,stable
CNUR-000190,益阳市,2016,0,0,0,0,0,0,stable
CNUR-000190,益阳市,2017,0,0,0,0,0,0,stable
CNUR-000190,益阳市,2018,0,0,0,0,0,0,stable
CNUR-000190,益阳市,2019,0,0,0,0,0,0,stable
CNUR-000190,益阳市,2020,0,0,0,0,0,0,stable
CNUR-000191,郴州市,1999,0,0,0,0,0,0,stable
CNUR-000191,郴州市,2000,0,0,0,0,0,0,stable
CNUR-000191,郴州市,2001,0,0,0,0,0,0,stable
CNUR-000191,郴州市,2002,0,0,0,0,0,0,stable
CNUR-000191,郴州市,2003,0,0,0,0,0,0,stable
CNUR-000191,郴州市,2004,0,0,0,0,0,0,stable
CNUR-000191,郴州市,2005,0,0,0,0,0,0,stable
CNUR-000191,郴州市,2006,0,0,0,0,0,0,stable
CNUR-000191,郴州市,2007,0,0,0,0,0,0,stable
CNUR-000191,郴州市,2008,0,0,0,0,0,0,stable
CNUR-000191,郴州市,2009,0,0,0,0,0,0,stable
CNUR-000191,郴州市,2010,0,0,0,0,0,0,stable
CNUR-000191,郴州市,2011,0,0,0,0,0,0,stable
CNUR-000191,郴州市,2012,0,0,0,0,0,0,stable
CNUR-000191,郴州市,2013,0,0,0,0,0,0,stable
CNUR-000191,郴州市,2014,0,0,0,0,0,0,stable
CNUR-000191,郴州市,2015,0,0,0,0,0,0,stable
CNUR-000191,郴州市,2016,0,0,0,0,0,0,stable
CNUR-000191,郴州市,2017,0,0,0,0,0,0,stable
CNUR-000191,郴州市,2018,0,0,0,0,0,0,stable
CNUR-000191,郴州市,2019,0,0,0,0,0,0,stable
CNUR-000191,郴州市,2020,0,0,0,0,0,0,stable
CNUR-000192,永州市,1999,0,0,0,0,0,0,stable
CNUR-000192,永州市,2000,0,0,0,0,0,0,stable
CNUR-000192,永州市,2001,0,0,0,0,0,0,stable
CNUR-000192,永州市,2002,0,0,0,0,0,0,stable
CNUR-000192,永州市,2003,0,0,0,0,0,0,stable
CNUR-000192,永州市,2004,0,0,0,0,0,0,stable
CNUR-000192,永州市,2005,0,0,0,0,0,0,stable
CNUR-000192,永州市,2006,0,0,0,0,0,0,stable
CNUR-000192,永州市,2007,0,0,0,0,0,0,stable
CNUR-000192,永州市,2008,0,0,0,0,0,0,stable
CNUR-000192,永州市,2009,0,0,0,0,0,0,stable
CNUR-000192,永州市,2010,0,0,0,0,0,0,stable
CNUR-000192,永州市,2011,0,0,0,0,0,0,stable
CNUR-000192,永州市,2012,0,0,0,0,0,0,stable
CNUR-000192,永州市,2013,0,0,0,0,0,0,stable
CNUR-000192,永州市,2014,0,0,0,0,0,0,stable
CNUR-000192,永州市,2015,0,0,0,0,0,0,stable
CNUR-000192,永州市,2016,0,0,0,0,0,0,stable
CNUR-000192,永州市,2017,0,0,0,0,0,0,stable
CNUR-000192,永州市,2018,0,0,0,0,0,0,stable
CNUR-000192,永州市,2019,0,0,0,0,0,0,stable
CNUR-000192,永州市,2020,0,0,0,0,0,0,stable
CNUR-000193,怀化市,1999,0,0,0,0,0,0,stable
CNUR-000193,怀化市,2000,0,0,0,0,0,0,stable
CNUR-000193,怀化市,2001,0,0,0,0,0,0,stable
CNUR-000193,怀化市,2002,0,0,0,0,0,0,stable
CNUR-000193,怀化市,2003,0,0,0,0,0,0,stable
CNUR-000193,怀化市,2004,0,0,0,0,0,0,stable
CNUR-000193,怀化市,2005,0,0,0,0,0,0,stable
CNUR-000193,怀化市,2006,0,0,0,0,0,0,stable
CNUR-000193,怀化市,2007,0,0,0,0,0,0,stable
CNUR-000193,怀化市,2008,0,0,0,0,0,0,stable
CNUR-000193,怀化市,2009,0,0,0,0,0,0,stable
CNUR-000193,怀化市,2010,0,0,0,0,0,0,stable
CNUR-000193,怀化市,2011,0,0,0,0,0,0,stable
CNUR-000193,怀化市,2012,0,0,0,0,0,0,stable
CNUR-000193,怀化市,2013,0,0,0,0,0,0,stable
CNUR-000193,怀化市,2014,0,0,0,0,0,0,stable
CNUR-000193,怀化市,2015,0,0,0,0,0,0,stable
CNUR-000193,怀化市,2016,0,0,0,0,0,0,stable
CNUR-000193,怀化市,2017,0,0,0,0,0,0,stable
CNUR-000193,怀化市,2018,0,0,0,0,0,0,stable
CNUR-000193,怀化市,2019,0,0,0,0,0,0,stable
CNUR-000193,怀化市,2020,0,0,0,0,0,0,stable
CNUR-000194,娄底市,1999,0,0,0,0,0,0,stable
CNUR-000194,娄底市,2000,0,0,0,0,0,0,stable
CNUR-000194,娄底市,2001,0,0,0,0,0,0,stable
CNUR-000194,娄底市,2002,0,0,0,0,0,0,stable
CNUR-000194,娄底市,2003,0,0,0,0,0,0,stable
CNUR-000194,娄底市,2004,0,0,0,0,0,0,stable
CNUR-000194,娄底市,2005,0,0,0,0,0,0,stable
CNUR-000194,娄底市,2006,0,0,0,0,0,0,stable
CNUR-000194,娄底市,2007,0,0,0,0,0,0,stable
CNUR-000194,娄底市,2008,0,0,0,0,0,0,stable
CNUR-000194,娄底市,2009,0,0,0,0,0,0,stable
CNUR-000194,娄底市,2010,0,0,0,0,0,0,stable
CNUR-000194,娄底市,2011,0,0,0,0,0,0,stable
CNUR-000194,娄底市,2012,0,0,0,0,0,0,stable
CNUR-000194,娄底市,2013,0,0,0,0,0,0,stable
CNUR-000194,娄底市,2014,0,0,0,0,0,0,stable
CNUR-000194,娄底市,2015,0,0,0,0,0,0,stable
CNUR-000194,娄底市,2016,0,0,0,0,0,0,stable
CNUR-000194,娄底市,2017,0,0,0,0,0,0,stable
CNUR-000194,娄底市,2018,0,0,0,0,0,0,stable
CNUR-000194,娄底市,2019,0,0,0,0,0,0,stable
CNUR-000194,娄底市,2020,0,0,0,0,0,0,stable
CNUR-000195,湘西土家族苗族自治州,1999,0,0,0,0,0,0,stable
CNUR-000195,湘西土家族苗族自治州,2000,0,0,0,0,0,0,stable
CNUR-000195,湘西土家族苗族自治州,2001,0,0,0,0,0,0,stable
CNUR-000195,湘西土家族苗族自治州,2002,0,0,0,0,0,0,stable
CNUR-000195,湘西土家族苗族自治州,2003,0,0,0,0,0,0,stable
CNUR-000195,湘西土家族苗族自治州,2004,0,0,0,0,0,0,stable
CNUR-000195,湘西土家族苗族自治州,2005,0,0,0,0,0,0,stable
CNUR-000195,湘西土家族苗族自治州,2006,0,0,0,0,0,0,stable
CNUR-000195,湘西土家族苗族自治州,2007,0,0,0,0,0,0,stable
CNUR-000195,湘西土家族苗族自治州,2008,0,0,0,0,0,0,stable
CNUR-000195,湘西土家族苗族自治州,2009,0,0,0,0,0,0,stable
CNUR-000195,湘西土家族苗族自治州,2010,0,0,0,0,0,0,stable
CNUR-000195,湘西土家族苗族自治州,2011,0,0,0,0,0,0,stable
CNUR-000195,湘西土家族苗族自治州,2012,0,0,0,0,0,0,stable
CNUR-000195,湘西土家族苗族自治州,2013,0,0,0,0,0,0,stable
CNUR-000195,湘西土家族苗族自治州,2014,0,0,0,0,0,0,stable
CNUR-000195,湘西土家族苗族自治州,2015,0,0,0,0,0,0,stable
CNUR-000195,湘西土家族苗族自治州,2016,0,0,0,0,0,0,stable
CNUR-000195,湘西土家族苗族自治州,2017,0,0,0,0,0,0,stable
CNUR-000195,湘西土家族苗族自治州,2018,0,0,0,0,0,0,stable
CNUR-000195,湘西土家族苗族自治州,2019,0,0,0,0,0,0,stable
CNUR-000195,湘西土家族苗族自治州,2020,0,0,0,0,0,0,stable
CNUR-000196,广州市,1999,0,0,0,0,0,0,stable
CNUR-000196,广州市,2000,0,2,0,0,1,0,district_scope_jump
CNUR-000196,广州市,2001,0,0,0,0,0,0,stable
CNUR-000196,广州市,2002,0,0,0,0,0,0,stable
CNUR-000196,广州市,2003,0,0,0,0,0,0,stable
CNUR-000196,广州市,2004,0,0,0,0,0,0,stable
CNUR-000196,广州市,2005,0,0,0,0,0,0,stable
CNUR-000196,广州市,2006,0,0,0,0,0,0,stable
CNUR-000196,广州市,2007,0,0,0,0,0,0,stable
CNUR-000196,广州市,2008,0,0,0,0,0,0,stable
CNUR-000196,广州市,2009,0,0,0,0,0,0,stable
CNUR-000196,广州市,2010,0,0,0,0,0,0,stable
CNUR-000196,广州市,2011,0,0,0,0,0,0,stable
CNUR-000196,广州市,2012,0,0,0,0,0,0,stable
CNUR-000196,广州市,2013,0,0,0,0,0,0,stable
CNUR-000196,广州市,2014,0,2,0,0,1,0,district_scope_jump
CNUR-000196,广州市,2015,0,0,0,0,0,0,stable
CNUR-000196,广州市,2016,0,0,0,0,0,0,stable
CNUR-000196,广州市,2017,0,0,0,0,0,0,stable
CNUR-000196,广州市,2018,0,0,0,0,0,0,stable
CNUR-000196,广州市,2019,0,0,0,0,0,0,stable
CNUR-000196,广州市,2020,0,0,0,0,0,0,stable
CNUR-000197,韶关市,1999,0,0,0,0,0,0,stable
CNUR-000197,韶关市,2000,0,0,0,0,0,0,stable
CNUR-000197,韶关市,2001,0,0,0,0,0,0,stable
CNUR-000197,韶关市,2002,0,0,0,0,0,0,stable
CNUR-000197,韶关市,2003,0,0,0,0,0,0,stable
CNUR-000197,韶关市,2004,0,1,0,0,1,0,district_scope_jump
CNUR-000197,韶关市,2005,0,0,0,0,0,0,stable
CNUR-000197,韶关市,2006,0,0,0,0,0,0,stable
CNUR-000197,韶关市,2007,0,0,0,0,0,0,stable
CNUR-000197,韶关市,2008,0,0,0,0,0,0,stable
CNUR-000197,韶关市,2009,0,0,0,0,0,0,stable
CNUR-000197,韶关市,2010,0,0,0,0,0,0,stable
CNUR-000197,韶关市,2011,0,0,0,0,0,0,stable
CNUR-000197,韶关市,2012,0,0,0,0,0,0,stable
CNUR-000197,韶关市,2013,0,0,0,0,0,0,stable
CNUR-000197,韶关市,2014,0,0,0,0,0,0,stable
CNUR-000197,韶关市,2015,0,0,0,0,0,0,stable
CNUR-000197,韶关市,2016,0,0,0,0,0,0,stable
CNUR-000197,韶关市,2017,0,0,0,0,0,0,stable
CNUR-000197,韶关市,2018,0,0,0,0,0,0,stable
CNUR-000197,韶关市,2019,0,0,0,0,0,0,stable
CNUR-000197,韶关市,2020,0,0,0,0,0,0,stable
CNUR-000198,深圳市,1999,0,0,0,0,0,0,stable
CNUR-000198,深圳市,2000,0,0,0,0,0,0,stable
CNUR-000198,深圳市,2001,0,0,0,0,0,0,stable
CNUR-000198,深圳市,2002,0,0,0,0,0,0,stable
CNUR-000198,深圳市,2003,0,0,0,0,0,0,stable
CNUR-000198,深圳市,2004,0,0,0,0,0,0,stable
CNUR-000198,深圳市,2005,0,0,0,0,0,0,stable
CNUR-000198,深圳市,2006,0,0,0,0,0,0,stable
CNUR-000198,深圳市,2007,0,0,0,0,0,0,stable
CNUR-000198,深圳市,2008,0,0,0,0,0,0,stable
CNUR-000198,深圳市,2009,0,0,0,0,0,0,stable
CNUR-000198,深圳市,2010,0,0,0,0,0,0,stable
CNUR-000198,深圳市,2011,0,0,0,0,0,0,stable
CNUR-000198,深圳市,2012,0,0,0,0,0,0,stable
CNUR-000198,深圳市,2013,0,0,0,0,0,0,stable
CNUR-000198,深圳市,2014,0,0,0,0,0,0,stable
CNUR-000198,深圳市,2015,0,0,0,0,0,0,stable
CNUR-000198,深圳市,2016,0,0,0,0,0,0,stable
CNUR-000198,深圳市,2017,0,0,0,0,0,0,stable
CNUR-000198,深圳市,2018,0,0,0,0,0,0,stable
CNUR-000198,深圳市,2019,0,0,0,0,0,0,stable
CNUR-000198,深圳市,2020,0,0,0,0,0,0,stable
CNUR-000199,珠海市,1999,0,0,0,0,0,0,stable
CNUR-000199,珠海市,2000,0,0,0,0,0,0,stable
CNUR-000199,珠海市,2001,0,1,0,0,1,0,district_scope_jump
CNUR-000199,珠海市,2002,0,0,0,0,0,0,stable
CNUR-000199,珠海市,2003,0,0,0,0,0,0,stable
CNUR-000199,珠海市,2004,0,0,0,0,0,0,stable
CNUR-000199,珠海市,2005,0,0,0,0,0,0,stable
CNUR-000199,珠海市,2006,0,0,0,0,0,0,stable
CNUR-000199,珠海市,2007,0,0,0,0,0,0,stable
CNUR-000199,珠海市,2008,0,0,0,0,0,0,stable
CNUR-000199,珠海市,2009,0,0,0,0,0,0,stable
CNUR-000199,珠海市,2010,0,0,0,0,0,0,stable
CNUR-000199,珠海市,2011,0,0,0,0,0,0,stable
CNUR-000199,珠海市,2012,0,0,0,0,0,0,stable
CNUR-000199,珠海市,2013,0,0,0,0,0,0,stable
CNUR-000199,珠海市,2014,0,0,0,0,0,0,stable
CNUR-000199,珠海市,2015,0,0,0,0,0,0,stable
CNUR-000199,珠海市,2016,0,0,0,0,0,0,stable
CNUR-000199,珠海市,2017,0,0,0,0,0,0,stable
CNUR-000199,珠海市,2018,0,0,0,0,0,0,stable
CNUR-000199,珠海市,2019,0,0,0,0,0,0,stable
CNUR-000199,珠海市,2020,0,0,0,0,0,0,stable
CNUR-000200,汕头市,1999,0,0,0,0,0,0,stable
CNUR-000200,汕头市,2000,0,0,0,0,0,0,stable
CNUR-000200,汕头市,2001,0,0,0,0,0,0,stable
CNUR-000200,汕头市,2002,0,0,0,0,0,0,stable
CNUR-000200,汕头市,2003,0,2,0,0,1,0,district_scope_jump
CNUR-000200,汕头市,2004,0,0,0,0,0,0,stable
CNUR-000200,汕头市,2005,0,0,0,0,0,0,stable
CNUR-000200,汕头市,2006,0,0,0,0,0,0,stable
CNUR-000200,汕头市,2007,0,0,0,0,0,0,stable
CNUR-000200,汕头市,2008,0,0,0,0,0,0,stable
CNUR-000200,汕头市,2009,0,0,0,0,0,0,stable
CNUR-000200,汕头市,2010,0,0,0,0,0,0,stable
CNUR-000200,汕头市,2011,0,0,0,0,0,0,stable
CNUR-000200,汕头市,2012,0,0,0,0,0,0,stable
CNUR-000200,汕头市,2013,0,0,0,0,0,0,stable
CNUR-000200,汕头市,2014,0,0,0,0,0,0,stable
CNUR-000200,汕头市,2015,0,0,0,0,0,0,stable
CNUR-000200,汕头市,2016,0,0,0,0,0,0,stable
CNUR-000200,汕头市,2017,0,0,0,0,0,0,stable
CNUR-000200,汕头市,2018,0,0,0,0,0,0,stable
CNUR-000200,汕头市,2019,0,0,0,0,0,0,stable
CNUR-000200,汕头市,2020,0,0,0,0,0,0,stable
CNUR-000201,佛山市,1999,0,0,0,0,0,0,stable
CNUR-000201,佛山市,2000,0,0,0,0,0,0,stable
CNUR-000201,佛山市,2001,0,0,0,0,0,0,stable
CNUR-000201,佛山市,2002,0,4,0,0,1,0,district_scope_jump
CNUR-000201,佛山市,2003,0,0,0,0,0,0,stable
CNUR-000201,佛山市,2004,0,0,0,0,0,0,stable
CNUR-000201,佛山市,2005,0,0,0,0,0,0,stable
CNUR-000201,佛山市,2006,0,0,0,0,0,0,stable
CNUR-000201,佛山市,2007,0,0,0,0,0,0,stable
CNUR-000201,佛山市,2008,0,0,0,0,0,0,stable
CNUR-000201,佛山市,2009,0,0,0,0,0,0,stable
CNUR-000201,佛山市,2010,0,0,0,0,0,0,stable
CNUR-000201,佛山市,2011,0,0,0,0,0,0,stable
CNUR-000201,佛山市,2012,0,0,0,0,0,0,stable
CNUR-000201,佛山市,2013,0,0,0,0,0,0,stable
CNUR-000201,佛山市,2014,0,0,0,0,0,0,stable
CNUR-000201,佛山市,2015,0,0,0,0,0,0,stable
CNUR-000201,佛山市,2016,0,0,0,0,0,0,stable
CNUR-000201,佛山市,2017,0,0,0,0,0,0,stable
CNUR-000201,佛山市,2018,0,0,0,0,0,0,stable
CNUR-000201,佛山市,2019,0,0,0,0,0,0,stable
CNUR-000201,佛山市,2020,0,0,0,0,0,0,stable
CNUR-000202,江门市,1999,0,0,0,0,0,0,stable
CNUR-000202,江门市,2000,0,0,0,0,0,0,stable
CNUR-000202,江门市,2001,0,0,0,0,0,0,stable
CNUR-000202,江门市,2002,0,1,0,0,1,0,district_scope_jump
CNUR-000202,江门市,2003,0,0,0,0,0,0,stable
CNUR-000202,江门市,2004,0,0,0,0,0,0,stable
CNUR-000202,江门市,2005,0,0,0,0,0,0,stable
CNUR-000202,江门市,2006,0,0,0,0,0,0,stable
CNUR-000202,江门市,2007,0,0,0,0,0,0,stable
CNUR-000202,江门市,2008,0,0,0,0,0,0,stable
CNUR-000202,江门市,2009,0,0,0,0,0,0,stable
CNUR-000202,江门市,2010,0,0,0,0,0,0,stable
CNUR-000202,江门市,2011,0,0,0,0,0,0,stable
CNUR-000202,江门市,2012,0,0,0,0,0,0,stable
CNUR-000202,江门市,2013,0,0,0,0,0,0,stable
CNUR-000202,江门市,2014,0,0,0,0,0,0,stable
CNUR-000202,江门市,2015,0,0,0,0,0,0,stable
CNUR-000202,江门市,2016,0,0,0,0,0,0,stable
CNUR-000202,江门市,2017,0,0,0,0,0,0,stable
CNUR-000202,江门市,2018,0,0,0,0,0,0,stable
CNUR-000202,江门市,2019,0,0,0,0,0,0,stable
CNUR-000202,江门市,2020,0,0,0,0,0,0,stable
CNUR-000203,湛江市,1999,0,0,0,0,0,0,stable
CNUR-000203,湛江市,2000,0,0,0,0,0,0,stable
CNUR-000203,湛江市,2001,0,0,0,0,0,0,stable
CNUR-000203,湛江市,2002,0,0,0,0,0,0,stable
CNUR-000203,湛江市,2003,0,0,0,0,0,0,stable
CNUR-000203,湛江市,2004,0,0,0,0,0,0,stable
CNUR-000203,湛江市,2005,0,0,0,0,0,0,stable
CNUR-000203,湛江市,2006,0,0,0,0,0,0,stable
CNUR-000203,湛江市,2007,0,0,0,0,0,0,stable
CNUR-000203,湛江市,2008,0,0,0,0,0,0,stable
CNUR-000203,湛江市,2009,0,0,0,0,0,0,stable
CNUR-000203,湛江市,2010,0,0,0,0,0,0,stable
CNUR-000203,湛江市,2011,0,0,0,0,0,0,stable
CNUR-000203,湛江市,2012,0,0,0,0,0,0,stable
CNUR-000203,湛江市,2013,0,0,0,0,0,0,stable
CNUR-000203,湛江市,2014,0,0,0,0,0,0,stable
CNUR-000203,湛江市,2015,0,0,0,0,0,0,stable
CNUR-000203,湛江市,2016,0,0,0,0,0,0,stable
CNUR-000203,湛江市,2017,0,0,0,0,0,0,stable
CNUR-000203,湛江市,2018,0,0,0,0,0,0,stable
CNUR-000203,湛江市,2019,0,0,0,0,0,0,stable
CNUR-000203,湛江市,2020,0,0,0,0,0,0,stable
CNUR-000204,茂名市,1999,0,0,0,0,0,0,stable
CNUR-000204,茂名市,2000,0,0,0,0,0,0,stable
CNUR-000204,茂名市,2001,0,0,0,0,0,0,stable
CNUR-000204,茂名市,2002,0,0,0,0,0,0,stable
CNUR-000204,茂名市,2003,0,0,0,0,0,0,stable
CNUR-000204,茂名市,2004,0,0,0,0,0,0,stable
CNUR-000204,茂名市,2005,0,0,0,0,0,0,stable
CNUR-000204,茂名市,2006,0,0,0,0,0,0,stable
CNUR-000204,茂名市,2007,0,0,0,0,0,0,stable
CNUR-000204,茂名市,2008,0,0,0,0,0,0,stable
CNUR-000204,茂名市,2009,0,0,0,0,0,0,stable
CNUR-000204,茂名市,2010,0,0,0,0,0,0,stable
CNUR-000204,茂名市,2011,0,0,0,0,0,0,stable
CNUR-000204,茂名市,2012,0,0,0,0,0,0,stable
CNUR-000204,茂名市,2013,0,0,0,0,0,0,stable
CNUR-000204,茂名市,2014,0,1,0,0,1,0,district_scope_jump
CNUR-000204,茂名市,2015,0,0,0,0,0,0,stable
CNUR-000204,茂名市,2016,0,0,0,0,0,0,stable
CNUR-000204,茂名市,2017,0,0,0,0,0,0,stable
CNUR-000204,茂名市,2018,0,0,0,0,0,0,stable
CNUR-000204,茂名市,2019,0,0,0,0,0,0,stable
CNUR-000204,茂名市,2020,0,0,0,0,0,0,stable
CNUR-000205,肇庆市,1999,0,0,0,0,0,0,stable
CNUR-000205,肇庆市,2000,0,0,0,0,0,0,stable
CNUR-000205,肇庆市,2001,0,0,0,0,0,0,stable
CNUR-000205,肇庆市,2002,0,0,0,0,0,0,stable
CNUR-000205,肇庆市,2003,0,0,0,0,0,0,stable
CNUR-000205,肇庆市,2004,0,0,0,0,0,0,stable
CNUR-000205,肇庆市,2005,0,0,0,0,0,0,stable
CNUR-000205,肇庆市,2006,0,0,0,0,0,0,stable
CNUR-000205,肇庆市,2007,0,0,0,0,0,0,stable
CNUR-000205,肇庆市,2008,0,0,0,0,0,0,stable
CNUR-000205,肇庆市,2009,0,0,0,0,0,0,stable
CNUR-000205,肇庆市,2010,0,0,0,0,0,0,stable
CNUR-000205,肇庆市,2011,0,0,0,0,0,0,stable
CNUR-000205,肇庆市,2012,0,0,0,0,0,0,stable
CNUR-000205,肇庆市,2013,0,0,0,0,0,0,stable
CNUR-000205,肇庆市,2014,0,0,0,0,0,0,stable
CNUR-000205,肇庆市,2015,0,1,0,0,1,0,district_scope_jump
CNUR-000205,肇庆市,2016,0,0,0,0,0,0,stable
CNUR-000205,肇庆市,2017,0,0,0,0,0,0,stable
CNUR-000205,肇庆市,2018,0,0,0,0,0,0,stable
CNUR-000205,肇庆市,2019,0,0,0,0,0,0,stable
CNUR-000205,肇庆市,2020,0,0,0,0,0,0,stable
CNUR-000206,惠州市,1999,0,0,0,0,0,0,stable
CNUR-000206,惠州市,2000,0,0,0,0,0,0,stable
CNUR-000206,惠州市,2001,0,0,0,0,0,0,stable
CNUR-000206,惠州市,2002,0,0,0,0,0,0,stable
CNUR-000206,惠州市,2003,0,1,0,0,1,0,district_scope_jump
CNUR-000206,惠州市,2004,0,0,0,0,0,0,stable
CNUR-000206,惠州市,2005,0,0,0,0,0,0,stable
CNUR-000206,惠州市,2006,0,0,0,0,0,0,stable
CNUR-000206,惠州市,2007,0,0,0,0,0,0,stable
CNUR-000206,惠州市,2008,0,0,0,0,0,0,stable
CNUR-000206,惠州市,2009,0,0,0,0,0,0,stable
CNUR-000206,惠州市,2010,0,0,0,0,0,0,stable
CNUR-000206,惠州市,2011,0,0,0,0,0,0,stable
CNUR-000206,惠州市,2012,0,0,0,0,0,0,stable
CNUR-000206,惠州市,2013,0,0,0,0,0,0,stable
CNUR-000206,惠州市,2014,0,0,0,0,0,0,stable
CNUR-000206,惠州市,2015,0,0,0,0,0,0,stable
CNUR-000206,惠州市,2016,0,0,0,0,0,0,stable
CNUR-000206,惠州市,2017,0,0,0,0,0,0,stable
CNUR-000206,惠州市,2018,0,0,0,0,0,0,stable
CNUR-000206,惠州市,2019,0,0,0,0,0,0,stable
CNUR-000206,惠州市,2020,0,0,0,0,0,0,stable
CNUR-000207,梅州市,1999,0,0,0,0,0,0,stable
CNUR-000207,梅州市,2000,0,0,0,0,0,0,stable
CNUR-000207,梅州市,2001,0,0,0,0,0,0,stable
CNUR-000207,梅州市,2002,0,0,0,0,0,0,stable
CNUR-000207,梅州市,2003,0,0,0,0,0,0,stable
CNUR-000207,梅州市,2004,0,0,0,0,0,0,stable
CNUR-000207,梅州市,2005,0,0,0,0,0,0,stable
CNUR-000207,梅州市,2006,0,0,0,0,0,0,stable
CNUR-000207,梅州市,2007,0,0,0,0,0,0,stable
CNUR-000207,梅州市,2008,0,0,0,0,0,0,stable
CNUR-000207,梅州市,2009,0,0,0,0,0,0,stable
CNUR-000207,梅州市,2010,0,0,0,0,0,0,stable
CNUR-000207,梅州市,2011,0,0,0,0,0,0,stable
CNUR-000207,梅州市,2012,0,0,0,0,0,0,stable
CNUR-000207,梅州市,2013,0,1,0,0,1,0,district_scope_jump
CNUR-000207,梅州市,2014,0,0,0,0,0,0,stable
CNUR-000207,梅州市,2015,0,0,0,0,0,0,stable
CNUR-000207,梅州市,2016,0,0,0,0,0,0,stable
CNUR-000207,梅州市,2017,0,0,0,0,0,0,stable
CNUR-000207,梅州市,2018,0,0,0,0,0,0,stable
CNUR-000207,梅州市,2019,0,0,0,0,0,0,stable
CNUR-000207,梅州市,2020,0,0,0,0,0,0,stable
CNUR-000208,汕尾市,1999,0,0,0,0,0,0,stable
CNUR-000208,汕尾市,2000,0,0,0,0,0,0,stable
CNUR-000208,汕尾市,2001,0,0,0,0,0,0,stable
CNUR-000208,汕尾市,2002,0,0,0,0,0,0,stable
CNUR-000208,汕尾市,2003,0,0,0,0,0,0,stable
CNUR-000208,汕尾市,2004,0,0,0,0,0,0,stable
CNUR-000208,汕尾市,2005,0,0,0,0,0,0,stable
CNUR-000208,汕尾市,2006,0,0,0,0,0,0,stable
CNUR-000208,汕尾市,2007,0,0,0,0,0,0,stable
CNUR-000208,汕尾市,2008,0,0,0,0,0,0,stable
CNUR-000208,汕尾市,2009,0,0,0,0,0,0,stable
CNUR-000208,汕尾市,2010,0,0,0,0,0,0,stable
CNUR-000208,汕尾市,2011,0,0,0,0,0,0,stable
CNUR-000208,汕尾市,2012,0,0,0,0,0,0,stable
CNUR-000208,汕尾市,2013,0,0,0,0,0,0,stable
CNUR-000208,汕尾市,2014,0,0,0,0,0,0,stable
CNUR-000208,汕尾市,2015,0,0,0,0,0,0,stable
CNUR-000208,汕尾市,2016,0,0,0,0,0,0,stable
CNUR-000208,汕尾市,2017,0,0,0,0,0,0,stable
CNUR-000208,汕尾市,2018,0,0,0,0,0,0,stable
CNUR-000208,汕尾市,2019,0,0,0,0,0,0,stable
CNUR-000208,汕尾市,2020,0,0,0,0,0,0,stable
CNUR-000209,河源市,1999,0,0,0,0,0,0,stable
CNUR-000209,河源市,2000,0,0,0,0,0,0,stable
CNUR-000209,河源市,2001,0,0,0,0,0,0,stable
CNUR-000209,河源市,2002,0,0,0,0,0,0,stable
CNUR-000209,河源市,2003,0,0,0,0,0,0,stable
CNUR-000209,河源市,2004,0,0,0,0,0,0,stable
CNUR-000209,河源市,2005,0,0,0,0,0,0,stable
CNUR-000209,河源市,2006,0,0,0,0,0,0,stable
CNUR-000209,河源市,2007,0,0,0,0,0,0,stable
CNUR-000209,河源市,2008,0,0,0,0,0,0,stable
CNUR-000209,河源市,2009,0,0,0,0,0,0,stable
CNUR-000209,河源市,2010,0,0,0,0,0,0,stable
CNUR-000209,河源市,2011,0,0,0,0,0,0,stable
CNUR-000209,河源市,2012,0,0,0,0,0,0,stable
CNUR-000209,河源市,2013,0,0,0,0,0,0,stable
CNUR-000209,河源市,2014,0,0,0,0,0,0,stable
CNUR-000209,河源市,2015,0,0,0,0,0,0,stable
CNUR-000209,河源市,2016,0,0,0,0,0,0,stable
CNUR-000209,河源市,2017,0,0,0,0,0,0,stable
CNUR-000209,河源市,2018,0,0,0,0,0,0,stable
CNUR-000209,河源市,2019,0,0,0,0,0,0,stable
CNUR-000209,河源市,2020,0,0,0,0,0,0,stable
CNUR-000210,阳江市,1999,0,0,0,0,0,0,stable
CNUR-000210,阳江市,2000,0,0,0,0,0,0,stable
CNUR-000210,阳江市,2001,0,0,0,0,0,0,stable
CNUR-000210,阳江市,2002,0,0,0,0,0,0,stable
CNUR-000210,阳江市,2003,0,0,0,0,0,0,stable
CNUR-000210,阳江市,2004,0,0,0,0,0,0,stable
CNUR-000210,阳江市,2005,0,0,0,0,0,0,stable
CNUR-000210,阳江市,2006,0,0,0,0,0,0,stable
CNUR-000210,阳江市,2007,0,0,0,0,0,0,stable
CNUR-000210,阳江市,2008,0,0,0,0,0,0,stable
CNUR-000210,阳江市,2009,0,0,0,0,0,0,stable
CNUR-000210,阳江市,2010,0,0,0,0,0,0,stable
CNUR-000210,阳江市,2011,0,0,0,0,0,0,stable
CNUR-000210,阳江市,2012,0,0,0,0,0,0,stable
CNUR-000210,阳江市,2013,0,0,0,0,0,0,stable
CNUR-000210,阳江市,2014,0,1,0,0,1,0,district_scope_jump
CNUR-000210,阳江市,2015,0,0,0,0,0,0,stable
CNUR-000210,阳江市,2016,0,0,0,0,0,0,stable
CNUR-000210,阳江市,2017,0,0,0,0,0,0,stable
CNUR-000210,阳江市,2018,0,0,0,0,0,0,stable
CNUR-000210,阳江市,2019,0,0,0,0,0,0,stable
CNUR-000210,阳江市,2020,0,0,0,0,0,0,stable
CNUR-000211,清远市,1999,0,0,0,0,0,0,stable
CNUR-000211,清远市,2000,0,0,0,0,0,0,stable
CNUR-000211,清远市,2001,0,0,0,0,0,0,stable
CNUR-000211,清远市,2002,0,0,0,0,0,0,stable
CNUR-000211,清远市,2003,0,0,0,0,0,0,stable
CNUR-000211,清远市,2004,0,0,0,0,0,0,stable
CNUR-000211,清远市,2005,0,0,0,0,0,0,stable
CNUR-000211,清远市,2006,0,0,0,0,0,0,stable
CNUR-000211,清远市,2007,0,0,0,0,0,0,stable
CNUR-000211,清远市,2008,0,0,0,0,0,0,stable
CNUR-000211,清远市,2009,0,0,0,0,0,0,stable
CNUR-000211,清远市,2010,0,0,0,0,0,0,stable
CNUR-000211,清远市,2011,0,0,0,0,0,0,stable
CNUR-000211,清远市,2012,0,1,0,0,1,0,district_scope_jump
CNUR-000211,清远市,2013,0,0,0,0,0,0,stable
CNUR-000211,清远市,2014,0,0,0,0,0,0,stable
CNUR-000211,清远市,2015,0,0,0,0,0,0,stable
CNUR-000211,清远市,2016,0,0,0,0,0,0,stable
CNUR-000211,清远市,2017,0,0,0,0,0,0,stable
CNUR-000211,清远市,2018,0,0,0,0,0,0,stable
CNUR-000211,清远市,2019,0,0,0,0,0,0,stable
CNUR-000211,清远市,2020,0,0,0,0,0,0,stable
CNUR-000212,东莞市,1999,0,0,0,0,0,0,stable
CNUR-000212,东莞市,2000,0,0,0,0,0,0,stable
CNUR-000212,东莞市,2001,0,0,0,0,0,0,stable
CNUR-000212,东莞市,2002,0,0,0,0,0,0,stable
CNUR-000212,东莞市,2003,0,0,0,0,0,0,stable
CNUR-000212,东莞市,2004,0,0,0,0,0,0,stable
CNUR-000212,东莞市,2005,0,0,0,0,0,0,stable
CNUR-000212,东莞市,2006,0,0,0,0,0,0,stable
CNUR-000212,东莞市,2007,0,0,0,0,0,0,stable
CNUR-000212,东莞市,2008,0,0,0,0,0,0,stable
CNUR-000212,东莞市,2009,0,0,0,0,0,0,stable
CNUR-000212,东莞市,2010,0,0,0,0,0,0,stable
CNUR-000212,东莞市,2011,0,0,0,0,0,0,stable
CNUR-000212,东莞市,2012,0,0,0,0,0,0,stable
CNUR-000212,东莞市,2013,0,0,0,0,0,0,stable
CNUR-000212,东莞市,2014,0,0,0,0,0,0,stable
CNUR-000212,东莞市,2015,0,0,0,0,0,0,stable
CNUR-000212,东莞市,2016,0,0,0,0,0,0,stable
CNUR-000212,东莞市,2017,0,0,0,0,0,0,stable
CNUR-000212,东莞市,2018,0,0,0,0,0,0,stable
CNUR-000212,东莞市,2019,0,0,0,0,0,0,stable
CNUR-000212,东莞市,2020,0,0,0,0,0,0,stable
CNUR-000213,中山市,1999,0,0,0,0,0,0,stable
CNUR-000213,中山市,2000,0,0,0,0,0,0,stable
CNUR-000213,中山市,2001,0,0,0,0,0,0,stable
CNUR-000213,中山市,2002,0,0,0,0,0,0,stable
CNUR-000213,中山市,2003,0,0,0,0,0,0,stable
CNUR-000213,中山市,2004,0,0,0,0,0,0,stable
CNUR-000213,中山市,2005,0,0,0,0,0,0,stable
CNUR-000213,中山市,2006,0,0,0,0,0,0,stable
CNUR-000213,中山市,2007,0,0,0,0,0,0,stable
CNUR-000213,中山市,2008,0,0,0,0,0,0,stable
CNUR-000213,中山市,2009,0,0,0,0,0,0,stable
CNUR-000213,中山市,2010,0,0,0,0,0,0,stable
CNUR-000213,中山市,2011,0,0,0,0,0,0,stable
CNUR-000213,中山市,2012,0,0,0,0,0,0,stable
CNUR-000213,中山市,2013,0,0,0,0,0,0,stable
CNUR-000213,中山市,2014,0,0,0,0,0,0,stable
CNUR-000213,中山市,2015,0,0,0,0,0,0,stable
CNUR-000213,中山市,2016,0,0,0,0,0,0,stable
CNUR-000213,中山市,2017,0,0,0,0,0,0,stable
CNUR-000213,中山市,2018,0,0,0,0,0,0,stable
CNUR-000213,中山市,2019,0,0,0,0,0,0,stable
CNUR-000213,中山市,2020,0,0,0,0,0,0,stable
CNUR-000214,潮州市,1999,0,0,0,0,0,0,stable
CNUR-000214,潮州市,2000,0,0,0,0,0,0,stable
CNUR-000214,潮州市,2001,0,0,0,0,0,0,stable
CNUR-000214,潮州市,2002,0,0,0,0,0,0,stable
CNUR-000214,潮州市,2003,0,0,0,0,0,0,stable
CNUR-000214,潮州市,2004,0,0,0,0,0,0,stable
CNUR-000214,潮州市,2005,0,0,0,0,0,0,stable
CNUR-000214,潮州市,2006,0,0,0,0,0,0,stable
CNUR-000214,潮州市,2007,0,0,0,0,0,0,stable
CNUR-000214,潮州市,2008,0,0,0,0,0,0,stable
CNUR-000214,潮州市,2009,0,0,0,0,0,0,stable
CNUR-000214,潮州市,2010,0,0,0,0,0,0,stable
CNUR-000214,潮州市,2011,0,0,0,0,0,0,stable
CNUR-000214,潮州市,2012,0,0,0,0,0,0,stable
CNUR-000214,潮州市,2013,0,1,0,0,1,0,district_scope_jump
CNUR-000214,潮州市,2014,0,0,0,0,0,0,stable
CNUR-000214,潮州市,2015,0,0,0,0,0,0,stable
CNUR-000214,潮州市,2016,0,0,0,0,0,0,stable
CNUR-000214,潮州市,2017,0,0,0,0,0,0,stable
CNUR-000214,潮州市,2018,0,0,0,0,0,0,stable
CNUR-000214,潮州市,2019,0,0,0,0,0,0,stable
CNUR-000214,潮州市,2020,0,0,0,0,0,0,stable
CNUR-000215,揭阳市,1999,0,0,0,0,0,0,stable
CNUR-000215,揭阳市,2000,0,0,0,0,0,0,stable
CNUR-000215,揭阳市,2001,0,0,0,0,0,0,stable
CNUR-000215,揭阳市,2002,0,0,0,0,0,0,stable
CNUR-000215,揭阳市,2003,0,0,0,0,0,0,stable
CNUR-000215,揭阳市,2004,0,0,0,0,0,0,stable
CNUR-000215,揭阳市,2005,0,0,0,0,0,0,stable
CNUR-000215,揭阳市,2006,0,0,0,0,0,0,stable
CNUR-000215,揭阳市,2007,0,0,0,0,0,0,stable
CNUR-000215,揭阳市,2008,0,0,0,0,0,0,stable
CNUR-000215,揭阳市,2009,0,0,0,0,0,0,stable
CNUR-000215,揭阳市,2010,0,0,0,0,0,0,stable
CNUR-000215,揭阳市,2011,0,0,0,0,0,0,stable
CNUR-000215,揭阳市,2012,0,1,0,0,1,0,district_scope_jump
CNUR-000215,揭阳市,2013,0,0,0,0,0,0,stable
CNUR-000215,揭阳市,2014,0,0,0,0,0,0,stable
CNUR-000215,揭阳市,2015,0,0,0,0,0,0,stable
CNUR-000215,揭阳市,2016,0,0,0,0,0,0,stable
CNUR-000215,揭阳市,2017,0,0,0,0,0,0,stable
CNUR-000215,揭阳市,2018,0,0,0,0,0,0,stable
CNUR-000215,揭阳市,2019,0,0,0,0,0,0,stable
CNUR-000215,揭阳市,2020,0,0,0,0,0,0,stable
CNUR-000216,云浮市,1999,0,0,0,0,0,0,stable
CNUR-000216,云浮市,2000,0,0,0,0,0,0,stable
CNUR-000216,云浮市,2001,0,0,0,0,0,0,stable
CNUR-000216,云浮市,2002,0,0,0,0,0,0,stable
CNUR-000216,云浮市,2003,0,0,0,0,0,0,stable
CNUR-000216,云浮市,2004,0,0,0,0,0,0,stable
CNUR-000216,云浮市,2005,0,0,0,0,0,0,stable
CNUR-000216,云浮市,2006,0,0,0,0,0,0,stable
CNUR-000216,云浮市,2007,0,0,0,0,0,0,stable
CNUR-000216,云浮市,2008,0,0,0,0,0,0,stable
CNUR-000216,云浮市,2009,0,0,0,0,0,0,stable
CNUR-000216,云浮市,2010,0,0,0,0,0,0,stable
CNUR-000216,云浮市,2011,0,0,0,0,0,0,stable
CNUR-000216,云浮市,2012,0,0,0,0,0,0,stable
CNUR-000216,云浮市,2013,0,0,0,0,0,0,stable
CNUR-000216,云浮市,2014,0,1,0,0,1,0,district_scope_jump
CNUR-000216,云浮市,2015,0,0,0,0,0,0,stable
CNUR-000216,云浮市,2016,0,0,0,0,0,0,stable
CNUR-000216,云浮市,2017,0,0,0,0,0,0,stable
CNUR-000216,云浮市,2018,0,0,0,0,0,0,stable
CNUR-000216,云浮市,2019,0,0,0,0,0,0,stable
CNUR-000216,云浮市,2020,0,0,0,0,0,0,stable
CNUR-000217,南宁市,1999,0,0,0,0,0,0,stable
CNUR-000217,南宁市,2000,0,0,0,0,0,0,stable
CNUR-000217,南宁市,2001,0,0,0,0,0,0,stable
CNUR-000217,南宁市,2002,1,0,0,1,0,0,whole_city_break
CNUR-000217,南宁市,2003,0,0,0,0,0,0,stable
CNUR-000217,南宁市,2004,0,1,0,0,1,0,district_scope_jump
CNUR-000217,南宁市,2005,0,0,0,0,0,0,stable
CNUR-000217,南宁市,2006,0,0,0,0,0,0,stable
CNUR-000217,南宁市,2007,0,0,0,0,0,0,stable
CNUR-000217,南宁市,2008,0,0,0,0,0,0,stable
CNUR-000217,南宁市,2009,0,0,0,0,0,0,stable
CNUR-000217,南宁市,2010,0,0,0,0,0,0,stable
CNUR-000217,南宁市,2011,0,0,0,0,0,0,stable
CNUR-000217,南宁市,2012,0,0,0,0,0,0,stable
CNUR-000217,南宁市,2013,0,0,0,0,0,0,stable
CNUR-000217,南宁市,2014,0,0,0,0,0,0,stable
CNUR-000217,南宁市,2015,0,1,0,0,1,0,district_scope_jump
CNUR-000217,南宁市,2016,0,0,0,0,0,0,stable
CNUR-000217,南宁市,2017,0,0,0,0,0,0,stable
CNUR-000217,南宁市,2018,0,0,0,0,0,0,stable
CNUR-000217,南宁市,2019,0,0,0,0,0,0,stable
CNUR-000217,南宁市,2020,0,0,0,0,0,0,stable
CNUR-000218,柳州市,1999,0,0,0,0,0,0,stable
CNUR-000218,柳州市,2000,0,0,0,0,0,0,stable
CNUR-000218,柳州市,2001,0,0,0,0,0,0,stable
CNUR-000218,柳州市,2002,1,0,0,1,0,0,whole_city_break
CNUR-000218,柳州市,2003,0,0,0,0,0,0,stable
CNUR-000218,柳州市,2004,0,0,0,0,0,0,stable
CNUR-000218,柳州市,2005,0,0,0,0,0,0,stable
CNUR-000218,柳州市,2006,0,0,0,0,0,0,stable
CNUR-000218,柳州市,2007,0,0,0,0,0,0,stable
CNUR-000218,柳州市,2008,0,0,0,0,0,0,stable
CNUR-000218,柳州市,2009,0,0,0,0,0,0,stable
CNUR-000218,柳州市,2010,0,0,0,0,0,0,stable
CNUR-000218,柳州市,2011,0,0,0,0,0,0,stable
CNUR-000218,柳州市,2012,0,0,0,0,0,0,stable
CNUR-000218,柳州市,2013,0,0,0,0,0,0,stable
CNUR-000218,柳州市,2014,0,0,0,0,0,0,stable
CNUR-000218,柳州市,2015,0,0,0,0,0,0,stable
CNUR-000218,柳州市,2016,0,1,0,0,1,0,district_scope_jump
CNUR-000218,柳州市,2017,0,0,0,0,0,0,stable
CNUR-000218,柳州市,2018,0,0,0,0,0,0,stable
CNUR-000218,柳州市,2019,0,0,0,0,0,0,stable
CNUR-000218,柳州市,2020,0,0,0,0,0,0,stable
CNUR-000219,桂林市,1999,0,0,0,0,0,0,stable
CNUR-000219,桂林市,2000,0,0,0,0,0,0,stable
CNUR-000219,桂林市,2001,0,0,0,0,0,0,stable
CNUR-000219,桂林市,2002,0,0,0,0,0,0,stable
CNUR-000219,桂林市,2003,0,0,0,0,0,0,stable
CNUR-000219,桂林市,2004,0,0,0,0,0,0,stable
CNUR-000219,桂林市,2005,0,0,0,0,0,0,stable
CNUR-000219,桂林市,2006,0,0,0,0,0,0,stable
CNUR-000219,桂林市,2007,0,0,0,0,0,0,stable
CNUR-000219,桂林市,2008,0,0,0,0,0,0,stable
CNUR-000219,桂林市,2009,0,0,0,0,0,0,stable
CNUR-000219,桂林市,2010,0,0,0,0,0,0,stable
CNUR-000219,桂林市,2011,0,0,0,0,0,0,stable
CNUR-000219,桂林市,2012,0,0,0,0,0,0,stable
CNUR-000219,桂林市,2013,0,1,0,0,1,0,district_scope_jump
CNUR-000219,桂林市,2014,0,0,0,0,0,0,stable
CNUR-000219,桂林市,2015,0,0,0,0,0,0,stable
CNUR-000219,桂林市,2016,0,0,0,0,0,0,stable
CNUR-000219,桂林市,2017,0,0,0,0,0,0,stable
CNUR-000219,桂林市,2018,0,0,0,0,0,0,stable
CNUR-000219,桂林市,2019,0,0,0,0,0,0,stable
CNUR-000219,桂林市,2020,0,0,0,0,0,0,stable
CNUR-000220,梧州市,1999,0,0,0,0,0,0,stable
CNUR-000220,梧州市,2000,0,0,0,0,0,0,stable
CNUR-000220,梧州市,2001,0,0,0,0,0,0,stable
CNUR-000220,梧州市,2002,0,0,0,0,0,0,stable
CNUR-000220,梧州市,2003,0,0,0,0,0,0,stable
CNUR-000220,梧州市,2004,0,0,0,0,0,0,stable
CNUR-000220,梧州市,2005,0,0,0,0,0,0,stable
CNUR-000220,梧州市,2006,0,0,0,0,0,0,stable
CNUR-000220,梧州市,2007,0,0,0,0,0,0,stable
CNUR-000220,梧州市,2008,0,0,0,0,0,0,stable
CNUR-000220,梧州市,2009,0,0,0,0,0,0,stable
CNUR-000220,梧州市,2010,0,0,0,0,0,0,stable
CNUR-000220,梧州市,2011,0,0,0,0,0,0,stable
CNUR-000220,梧州市,2012,0,0,0,0,0,0,stable
CNUR-000220,梧州市,2013,0,0,0,0,0,0,stable
CNUR-000220,梧州市,2014,0,0,0,0,0,0,stable
CNUR-000220,梧州市,2015,0,0,0,0,0,0,stable
CNUR-000220,梧州市,2016,0,0,0,0,0,0,stable
CNUR-000220,梧州市,2017,0,0,0,0,0,0,stable
CNUR-000220,梧州市,2018,0,0,0,0,0,0,stable
CNUR-000220,梧州市,2019,0,0,0,0,0,0,stable
CNUR-000220,梧州市,2020,0,0,0,0,0,0,stable
CNUR-000221,北海市,1999,0,0,0,0,0,0,stable
CNUR-000221,北海市,2000,0,0,0,0,0,0,stable
CNUR-000221,北海市,2001,0,0,0,0,0,0,stable
CNUR-000221,北海市,2002,0,0,0,0,0,0,stable
CNUR-000221,北海市,2003,0,0,0,0,0,0,stable
CNUR-000221,北海市,2004,0,0,0,0,0,0,stable
CNUR-000221,北海市,2005,0,0,0,0,0,0,stable
CNUR-000221,北海市,2006,0,0,0,0,0,0,stable
CNUR-000221,北海市,2007,0,0,0,0,0,0,stable
CNUR-000221,北海市,2008,0,0,0,0,0,0,stable
CNUR-000221,北海市,2009,0,0,0,0,0,0,stable
CNUR-000221,北海市,2010,0,0,0,0,0,0,stable
CNUR-000221,北海市,2011,0,0,0,0,0,0,stable
CNUR-000221,北海市,2012,0,0,0,0,0,0,stable
CNUR-000221,北海市,2013,0,0,0,0,0,0,stable
CNUR-000221,北海市,2014,0,0,0,0,0,0,stable
CNUR-000221,北海市,2015,0,0,0,0,0,0,stable
CNUR-000221,北海市,2016,0,0,0,0,0,0,stable
CNUR-000221,北海市,2017,0,0,0,0,0,0,stable
CNUR-000221,北海市,2018,0,0,0,0,0,0,stable
CNUR-000221,北海市,2019,0,0,0,0,0,0,stable
CNUR-000221,北海市,2020,0,0,0,0,0,0,stable
CNUR-000222,防城港市,1999,0,0,0,0,0,0,stable
CNUR-000222,防城港市,2000,0,0,0,0,0,0,stable
CNUR-000222,防城港市,2001,0,0,0,0,0,0,stable
CNUR-000222,防城港市,2002,0,0,0,0,0,0,stable
CNUR-000222,防城港市,2003,0,0,0,0,0,0,stable
CNUR-000222,防城港市,2004,0,0,0,0,0,0,stable
CNUR-000222,防城港市,2005,0,0,0,0,0,0,stable
CNUR-000222,防城港市,2006,0,0,0,0,0,0,stable
CNUR-000222,防城港市,2007,0,0,0,0,0,0,stable
CNUR-000222,防城港市,2008,0,0,0,0,0,0,stable
CNUR-000222,防城港市,2009,0,0,0,0,0,0,stable
CNUR-000222,防城港市,2010,0,0,0,0,0,0,stable
CNUR-000222,防城港市,2011,0,0,0,0,0,0,stable
CNUR-000222,防城港市,2012,0,0,0,0,0,0,stable
CNUR-000222,防城港市,2013,0,0,0,0,0,0,stable
CNUR-000222,防城港市,2014,0,0,0,0,0,0,stable
CNUR-000222,防城港市,2015,0,0,0,0,0,0,stable
CNUR-000222,防城港市,2016,0,0,0,0,0,0,stable
CNUR-000222,防城港市,2017,0,0,0,0,0,0,stable
CNUR-000222,防城港市,2018,0,0,0,0,0,0,stable
CNUR-000222,防城港市,2019,0,0,0,0,0,0,stable
CNUR-000222,防城港市,2020,0,0,0,0,0,0,stable
CNUR-000223,钦州市,1999,0,0,0,0,0,0,stable
CNUR-000223,钦州市,2000,0,0,0,0,0,0,stable
CNUR-000223,钦州市,2001,0,0,0,0,0,0,stable
CNUR-000223,钦州市,2002,0,0,0,0,0,0,stable
CNUR-000223,钦州市,2003,0,0,0,0,0,0,stable
CNUR-000223,钦州市,2004,0,0,0,0,0,0,stable
CNUR-000223,钦州市,2005,0,0,0,0,0,0,stable
CNUR-000223,钦州市,2006,0,0,0,0,0,0,stable
CNUR-000223,钦州市,2007,0,0,0,0,0,0,stable
CNUR-000223,钦州市,2008,0,0,0,0,0,0,stable
CNUR-000223,钦州市,2009,0,0,0,0,0,0,stable
CNUR-000223,钦州市,2010,0,0,0,0,0,0,stable
CNUR-000223,钦州市,2011,0,0,0,0,0,0,stable
CNUR-000223,钦州市,2012,0,0,0,0,0,0,stable
CNUR-000223,钦州市,2013,0,0,0,0,0,0,stable
CNUR-000223,钦州市,2014,0,0,0,0,0,0,stable
CNUR-000223,钦州市,2015,0,0,0,0,0,0,stable
CNUR-000223,钦州市,2016,0,0,0,0,0,0,stable
CNUR-000223,钦州市,2017,0,0,0,0,0,0,stable
CNUR-000223,钦州市,2018,0,0,0,0,0,0,stable
CNUR-000223,钦州市,2019,0,0,0,0,0,0,stable
CNUR-000223,钦州市,2020,0,0,0,0,0,0,stable
CNUR-000224,贵港市,1999,0,0,0,0,0,0,stable
CNUR-000224,贵港市,2000,0,0,0,0,0,0,stable
CNUR-000224,贵港市,2001,0,0,0,0,0,0,stable
CNUR-000224,贵港市,2002,0,0,0,0,0,0,stable
CNUR-000224,贵港市,2003,0,0,0,0,0,0,stable
CNUR-000224,贵港市,2004,0,0,0,0,0,0,stable
CNUR-000224,贵港市,2005,0,0,0,0,0,0,stable
CNUR-000224,贵港市,2006,0,0,0,0,0,0,stable
CNUR-000224,贵港市,2007,0,0,0,0,0,0,stable
CNUR-000224,贵港市,2008,0,0,0,0,0,0,stable
CNUR-000224,贵港市,2009,0,0,0,0,0,0,stable
CNUR-000224,贵港市,2010,0,0,0,0,0,0,stable
CNUR-000224,贵港市,2011,0,0,0,0,0,0,stable
CNUR-000224,贵港市,2012,0,0,0,0,0,0,stable
CNUR-000224,贵港市,2013,0,0,0,0,0,0,stable
CNUR-000224,贵港市,2014,0,0,0,0,0,0,stable
CNUR-000224,贵港市,2015,0,0,0,0,0,0,stable
CNUR-000224,贵港市,2016,0,0,0,0,0,0,stable
CNUR-000224,贵港市,2017,0,0,0,0,0,0,stable
CNUR-000224,贵港市,2018,0,0,0,0,0,0,stable
CNUR-000224,贵港市,2019,0,0,0,0,0,0,stable
CNUR-000224,贵港市,2020,0,0,0,0,0,0,stable
CNUR-000225,玉林市,1999,0,0,0,0,0,0,stable
CNUR-000225,玉林市,2000,0,0,0,0,0,0,stable
CNUR-000225,玉林市,2001,0,0,0,0,0,0,stable
CNUR-000225,玉林市,2002,0,0,0,0,0,0,stable
CNUR-000225,玉林市,2003,0,0,0,0,0,0,stable
CNUR-000225,玉林市,2004,0,0,0,0,0,0,stable
CNUR-000225,玉林市,2005,0,0,0,0,0,0,stable
CNUR-000225,玉林市,2006,0,0,0,0,0,0,stable
CNUR-000225,玉林市,2007,0,0,0,0,0,0,stable
CNUR-000225,玉林市,2008,0,0,0,0,0,0,stable
CNUR-000225,玉林市,2009,0,0,0,0,0,0,stable
CNUR-000225,玉林市,2010,0,0,0,0,0,0,stable
CNUR-000225,玉林市,2011,0,0,0,0,0,0,stable
CNUR-000225,玉林市,2012,0,0,0,0,0,0,stable
CNUR-000225,玉林市,2013,0,0,0,0,0,0,stable
CNUR-000225,玉林市,2014,0,0,0,0,0,0,stable
CNUR-000225,玉林市,2015,0,0,0,0,0,0,stable
CNUR-000225,玉林市,2016,0,0,0,0,0,0,stable
CNUR-000225,玉林市,2017,0,0,0,0,0,0,stable
CNUR-000225,玉林市,2018,0,0,0,0,0,0,stable
CNUR-000225,玉林市,2019,0,0,0,0,0,0,stable
CNUR-000225,玉林市,2020,0,0,0,0,0,0,stable
CNUR-000226,百色市,1999,0,0,0,0,0,0,stable
CNUR-000226,百色市,2000,0,0,0,0,0,0,stable
CNUR-000226,百色市,2001,0,0,0,0,0,0,stable
CNUR-000226,百色市,2002,0,0,0,0,0,0,stable
CNUR-000226,百色市,2003,0,0,0,0,0,0,stable
CNUR-000226,百色市,2004,0,0,0,0,0,0,stable
CNUR-000226,百色市,2005,0,0,0,0,0,0,stable
CNUR-000226,百色市,2006,0,0,0,0,0,0,stable
CNUR-000226,百色市,2007,0,0,0,0,0,0,stable
CNUR-000226,百色市,2008,0,0,0,0,0,0,stable
CNUR-000226,百色市,2009,0,0,0,0,0,0,stable
CNUR-000226,百色市,2010,0,0,0,0,0,0,stable
CNUR-000226,百色市,2011,0,0,0,0,0,0,stable
CNUR-000226,百色市,2012,0,0,0,0,0,0,stable
CNUR-000226,百色市,2013,0,0,0,0,0,0,stable
CNUR-000226,百色市,2014,0,0,0,0,0,0,stable
CNUR-000226,百色市,2015,0,0,0,0,0,0,stable
CNUR-000226,百色市,2016,0,0,0,0,0,0,stable
CNUR-000226,百色市,2017,0,0,0,0,0,0,stable
CNUR-000226,百色市,2018,0,0,0,0,0,0,stable
CNUR-000226,百色市,2019,0,1,0,0,1,0,district_scope_jump
CNUR-000226,百色市,2020,0,0,0,0,0,0,stable
CNUR-000227,贺州市,1999,0,0,0,0,0,0,stable
CNUR-000227,贺州市,2000,0,0,0,0,0,0,stable
CNUR-000227,贺州市,2001,0,0,0,0,0,0,stable
CNUR-000227,贺州市,2002,0,0,0,0,0,0,stable
CNUR-000227,贺州市,2003,0,0,0,0,0,0,stable
CNUR-000227,贺州市,2004,0,0,0,0,0,0,stable
CNUR-000227,贺州市,2005,0,0,0,0,0,0,stable
CNUR-000227,贺州市,2006,0,0,0,0,0,0,stable
CNUR-000227,贺州市,2007,0,0,0,0,0,0,stable
CNUR-000227,贺州市,2008,0,0,0,0,0,0,stable
CNUR-000227,贺州市,2009,0,0,0,0,0,0,stable
CNUR-000227,贺州市,2010,0,0,0,0,0,0,stable
CNUR-000227,贺州市,2011,0,0,0,0,0,0,stable
CNUR-000227,贺州市,2012,0,0,0,0,0,0,stable
CNUR-000227,贺州市,2013,0,0,0,0,0,0,stable
CNUR-000227,贺州市,2014,0,0,0,0,0,0,stable
CNUR-000227,贺州市,2015,0,0,0,0,0,0,stable
CNUR-000227,贺州市,2016,0,0,0,0,0,0,stable
CNUR-000227,贺州市,2017,0,0,0,0,0,0,stable
CNUR-000227,贺州市,2018,0,0,0,0,0,0,stable
CNUR-000227,贺州市,2019,0,0,0,0,0,0,stable
CNUR-000227,贺州市,2020,0,0,0,0,0,0,stable
CNUR-000228,河池市,1999,0,0,0,0,0,0,stable
CNUR-000228,河池市,2000,0,0,0,0,0,0,stable
CNUR-000228,河池市,2001,0,0,0,0,0,0,stable
CNUR-000228,河池市,2002,0,0,0,0,0,0,stable
CNUR-000228,河池市,2003,0,0,0,0,0,0,stable
CNUR-000228,河池市,2004,0,0,0,0,0,0,stable
CNUR-000228,河池市,2005,0,0,0,0,0,0,stable
CNUR-000228,河池市,2006,0,0,0,0,0,0,stable
CNUR-000228,河池市,2007,0,0,0,0,0,0,stable
CNUR-000228,河池市,2008,0,0,0,0,0,0,stable
CNUR-000228,河池市,2009,0,0,0,0,0,0,stable
CNUR-000228,河池市,2010,0,0,0,0,0,0,stable
CNUR-000228,河池市,2011,0,0,0,0,0,0,stable
CNUR-000228,河池市,2012,0,0,0,0,0,0,stable
CNUR-000228,河池市,2013,0,0,0,0,0,0,stable
CNUR-000228,河池市,2014,0,0,0,0,0,0,stable
CNUR-000228,河池市,2015,0,0,0,0,0,0,stable
CNUR-000228,河池市,2016,0,0,0,0,0,0,stable
CNUR-000228,河池市,2017,0,0,0,0,0,0,stable
CNUR-000228,河池市,2018,0,0,0,0,0,0,stable
CNUR-000228,河池市,2019,0,0,0,0,0,0,stable
CNUR-000228,河池市,2020,0,0,0,0,0,0,stable
CNUR-000229,来宾市,1999,0,0,0,0,0,0,stable
CNUR-000229,来宾市,2000,0,0,0,0,0,0,stable
CNUR-000229,来宾市,2001,0,0,0,0,0,0,stable
CNUR-000229,来宾市,2002,1,0,0,1,0,1,whole_city_break|sample_entry
CNUR-000229,来宾市,2003,0,0,0,0,0,0,stable
CNUR-000229,来宾市,2004,0,0,0,0,0,0,stable
CNUR-000229,来宾市,2005,0,0,0,0,0,0,stable
CNUR-000229,来宾市,2006,0,0,0,0,0,0,stable
CNUR-000229,来宾市,2007,0,0,0,0,0,0,stable
CNUR-000229,来宾市,2008,0,0,0,0,0,0,stable
CNUR-000229,来宾市,2009,0,0,0,0,0,0,stable
CNUR-000229,来宾市,2010,0,0,0,0,0,0,stable
CNUR-000229,来宾市,2011,0,0,0,0,0,0,stable
CNUR-000229,来宾市,2012,0,0,0,0,0,0,stable
CNUR-000229,来宾市,2013,0,0,0,0,0,0,stable
CNUR-000229,来宾市,2014,0,0,0,0,0,0,stable
CNUR-000229,来宾市,2015,0,0,0,0,0,0,stable
CNUR-000229,来宾市,2016,0,0,0,0,0,0,stable
CNUR-000229,来宾市,2017,0,0,0,0,0,0,stable
CNUR-000229,来宾市,2018,0,0,0,0,0,0,stable
CNUR-000229,来宾市,2019,0,0,0,0,0,0,stable
CNUR-000229,来宾市,2020,0,0,0,0,0,0,stable
CNUR-000230,崇左市,1999,0,0,0,0,0,0,stable
CNUR-000230,崇左市,2000,0,0,0,0,0,0,stable
CNUR-000230,崇左市,2001,0,0,0,0,0,0,stable
CNUR-000230,崇左市,2002,1,0,0,1,0,1,whole_city_break|sample_entry
CNUR-000230,崇左市,2003,0,0,0,0,0,0,stable
CNUR-000230,崇左市,2004,0,0,0,0,0,0,stable
CNUR-000230,崇左市,2005,0,0,0,0,0,0,stable
CNUR-000230,崇左市,2006,0,0,0,0,0,0,stable
CNUR-000230,崇左市,2007,0,0,0,0,0,0,stable
CNUR-000230,崇左市,2008,0,0,0,0,0,0,stable
CNUR-000230,崇左市,2009,0,0,0,0,0,0,stable
CNUR-000230,崇左市,2010,0,0,0,0,0,0,stable
CNUR-000230,崇左市,2011,0,0,0,0,0,0,stable
CNUR-000230,崇左市,2012,0,0,0,0,0,0,stable
CNUR-000230,崇左市,2013,0,0,0,0,0,0,stable
CNUR-000230,崇左市,2014,0,0,0,0,0,0,stable
CNUR-000230,崇左市,2015,0,0,0,0,0,0,stable
CNUR-000230,崇左市,2016,0,0,0,0,0,0,stable
CNUR-000230,崇左市,2017,0,0,0,0,0,0,stable
CNUR-000230,崇左市,2018,0,0,0,0,0,0,stable
CNUR-000230,崇左市,2019,0,0,0,0,0,0,stable
CNUR-000230,崇左市,2020,0,0,0,0,0,0,stable
CNUR-000231,海口市,1999,0,0,0,0,0,0,stable
CNUR-000231,海口市,2000,0,0,0,0,0,0,stable
CNUR-000231,海口市,2001,0,0,0,0,0,0,stable
CNUR-000231,海口市,2002,0,0,0,0,0,0,stable
CNUR-000231,海口市,2003,0,0,0,0,0,0,stable
CNUR-000231,海口市,2004,0,0,0,0,0,0,stable
CNUR-000231,海口市,2005,0,0,0,0,0,0,stable
CNUR-000231,海口市,2006,0,0,0,0,0,0,stable
CNUR-000231,海口市,2007,0,0,0,0,0,0,stable
CNUR-000231,海口市,2008,0,0,0,0,0,0,stable
CNUR-000231,海口市,2009,0,0,0,0,0,0,stable
CNUR-000231,海口市,2010,0,0,0,0,0,0,stable
CNUR-000231,海口市,2011,0,0,0,0,0,0,stable
CNUR-000231,海口市,2012,0,0,0,0,0,0,stable
CNUR-000231,海口市,2013,0,0,0,0,0,0,stable
CNUR-000231,海口市,2014,0,0,0,0,0,0,stable
CNUR-000231,海口市,2015,0,0,0,0,0,0,stable
CNUR-000231,海口市,2016,0,0,0,0,0,0,stable
CNUR-000231,海口市,2017,0,0,0,0,0,0,stable
CNUR-000231,海口市,2018,0,0,0,0,0,0,stable
CNUR-000231,海口市,2019,0,0,0,0,0,0,stable
CNUR-000231,海口市,2020,0,0,0,0,0,0,stable
CNUR-000232,三亚市,1999,0,0,0,0,0,0,stable
CNUR-000232,三亚市,2000,0,0,0,0,0,0,stable
CNUR-000232,三亚市,2001,0,0,0,0,0,0,stable
CNUR-000232,三亚市,2002,0,0,0,0,0,0,stable
CNUR-000232,三亚市,2003,0,0,0,0,0,0,stable
CNUR-000232,三亚市,2004,0,0,0,0,0,0,stable
CNUR-000232,三亚市,2005,0,0,0,0,0,0,stable
CNUR-000232,三亚市,2006,0,0,0,0,0,0,stable
CNUR-000232,三亚市,2007,0,0,0,0,0,0,stable
CNUR-000232,三亚市,2008,0,0,0,0,0,0,stable
CNUR-000232,三亚市,2009,0,0,0,0,0,0,stable
CNUR-000232,三亚市,2010,0,0,0,0,0,0,stable
CNUR-000232,三亚市,2011,0,0,0,0,0,0,stable
CNUR-000232,三亚市,2012,0,0,0,0,0,0,stable
CNUR-000232,三亚市,2013,0,0,0,0,0,0,stable
CNUR-000232,三亚市,2014,0,0,0,0,0,0,stable
CNUR-000232,三亚市,2015,0,0,0,0,0,0,stable
CNUR-000232,三亚市,2016,0,0,0,0,0,0,stable
CNUR-000232,三亚市,2017,0,0,0,0,0,0,stable
CNUR-000232,三亚市,2018,0,0,0,0,0,0,stable
CNUR-000232,三亚市,2019,0,0,0,0,0,0,stable
CNUR-000232,三亚市,2020,0,0,0,0,0,0,stable
CNUR-000233,三沙市,1999,0,0,0,0,0,0,stable
CNUR-000233,三沙市,2000,0,0,0,0,0,0,stable
CNUR-000233,三沙市,2001,0,0,0,0,0,0,stable
CNUR-000233,三沙市,2002,0,0,0,0,0,0,stable
CNUR-000233,三沙市,2003,0,0,0,0,0,0,stable
CNUR-000233,三沙市,2004,0,0,0,0,0,0,stable
CNUR-000233,三沙市,2005,0,0,0,0,0,0,stable
CNUR-000233,三沙市,2006,0,0,0,0,0,0,stable
CNUR-000233,三沙市,2007,0,0,0,0,0,0,stable
CNUR-000233,三沙市,2008,0,0,0,0,0,0,stable
CNUR-000233,三沙市,2009,0,0,0,0,0,0,stable
CNUR-000233,三沙市,2010,0,0,0,0,0,0,stable
CNUR-000233,三沙市,2011,0,0,0,0,0,0,stable
CNUR-000233,三沙市,2012,0,0,0,0,0,1,sample_entry
CNUR-000233,三沙市,2013,0,0,0,0,0,0,stable
CNUR-000233,三沙市,2014,0,0,0,0,0,0,stable
CNUR-000233,三沙市,2015,0,0,0,0,0,0,stable
CNUR-000233,三沙市,2016,0,0,0,0,0,0,stable
CNUR-000233,三沙市,2017,0,0,0,0,0,0,stable
CNUR-000233,三沙市,2018,0,0,0,0,0,0,stable
CNUR-000233,三沙市,2019,0,0,0,0,0,0,stable
CNUR-000233,三沙市,2020,0,0,0,0,0,0,stable
CNUR-000234,儋州市,1999,0,0,0,0,0,0,stable
CNUR-000234,儋州市,2000,0,0,0,0,0,0,stable
CNUR-000234,儋州市,2001,0,0,0,0,0,0,stable
CNUR-000234,儋州市,2002,0,0,0,0,0,0,stable
CNUR-000234,儋州市,2003,0,0,0,0,0,0,stable
CNUR-000234,儋州市,2004,0,0,0,0,0,0,stable
CNUR-000234,儋州市,2005,0,0,0,0,0,0,stable
CNUR-000234,儋州市,2006,0,0,0,0,0,0,stable
CNUR-000234,儋州市,2007,0,0,0,0,0,0,stable
CNUR-000234,儋州市,2008,0,0,0,0,0,0,stable
CNUR-000234,儋州市,2009,0,0,0,0,0,0,stable
CNUR-000234,儋州市,2010,0,0,0,0,0,0,stable
CNUR-000234,儋州市,2011,0,0,0,0,0,0,stable
CNUR-000234,儋州市,2012,0,0,0,0,0,0,stable
CNUR-000234,儋州市,2013,0,0,0,0,0,0,stable
CNUR-000234,儋州市,2014,0,0,0,0,0,0,stable
CNUR-000234,儋州市,2015,0,0,0,0,0,1,sample_entry
CNUR-000234,儋州市,2016,0,0,0,0,0,0,stable
CNUR-000234,儋州市,2017,0,0,0,0,0,0,stable
CNUR-000234,儋州市,2018,0,0,0,0,0,0,stable
CNUR-000234,儋州市,2019,0,0,0,0,0,0,stable
CNUR-000234,儋州市,2020,0,0,0,0,0,0,stable
CNUR-000235,重庆市,1999,0,0,0,0,0,0,stable
CNUR-000235,重庆市,2000,0,1,0,0,1,0,district_scope_jump
CNUR-000235,重庆市,2001,0,1,0,0,1,0,district_scope_jump
CNUR-000235,重庆市,2002,0,0,0,0,0,0,stable
CNUR-000235,重庆市,2003,0,0,0,0,0,0,stable
CNUR-000235,重庆市,2004,0,0,0,0,0,0,stable
CNUR-000235,重庆市,2005,0,0,0,0,0,0,stable
CNUR-000235,重庆市,2006,0,0,0,0,0,0,stable
CNUR-000235,重庆市,2007,0,0,0,0,0,0,stable
CNUR-000235,重庆市,2008,0,0,0,0,0,0,stable
CNUR-000235,重庆市,2009,0,0,0,0,0,0,stable
CNUR-000235,重庆市,2010,0,0,0,0,0,0,stable
CNUR-000235,重庆市,2011,0,2,0,0,1,0,district_scope_jump
CNUR-000235,重庆市,2012,0,0,0,0,0,0,stable
CNUR-000235,重庆市,2013,0,0,0,0,0,0,stable
CNUR-000235,重庆市,2014,0,2,0,0,1,0,district_scope_jump
CNUR-000235,重庆市,2015,0,2,0,0,1,0,district_scope_jump
CNUR-000235,重庆市,2016,0,3,0,0,1,0,district_scope_jump
CNUR-000235,重庆市,2017,0,0,0,0,0,0,stable
CNUR-000235,重庆市,2018,0,0,0,0,0,0,stable
CNUR-000235,重庆市,2019,0,0,0,0,0,0,stable
CNUR-000235,重庆市,2020,0,0,0,0,0,0,stable
CNUR-000236,成都市,1999,0,0,0,0,0,0,stable
CNUR-000236,成都市,2000,0,0,0,0,0,0,stable
CNUR-000236,成都市,2001,0,1,0,0,1,0,district_scope_jump
CNUR-000236,成都市,2002,0,1,0,0,1,0,district_scope_jump
CNUR-000236,成都市,2003,0,0,0,0,0,0,stable
CNUR-000236,成都市,2004,0,0,0,0,0,0,stable
CNUR-000236,成都市,2005,0,0,0,0,0,0,stable
CNUR-000236,成都市,2006,0,0,0,0,0,0,stable
CNUR-000236,成都市,2007,0,0,0,0,0,0,stable
CNUR-000236,成都市,2008,0,0,0,0,0,0,stable
CNUR-000236,成都市,2009,0,0,0,0,0,0,stable
CNUR-000236,成都市,2010,0,0,0,0,0,0,stable
CNUR-000236,成都市,2011,0,0,0,0,0,0,stable
CNUR-000236,成都市,2012,0,0,0,0,0,0,stable
CNUR-000236,成都市,2013,0,0,0,0,0,0,stable
CNUR-000236,成都市,2014,0,0,0,0,0,0,stable
CNUR-000236,成都市,2015,0,1,0,0,1,0,district_scope_jump
CNUR-000236,成都市,2016,1,1,0,1,1,0,whole_city_break|district_scope_jump
CNUR-000236,成都市,2017,0,0,0,0,0,0,stable
CNUR-000236,成都市,2018,0,0,0,0,0,0,stable
CNUR-000236,成都市,2019,0,0,0,0,0,0,stable
CNUR-000236,成都市,2020,0,1,0,0,1,0,district_scope_jump
CNUR-000237,自贡市,1999,0,0,0,0,0,0,stable
CNUR-000237,自贡市,2000,0,0,0,0,0,0,stable
CNUR-000237,自贡市,2001,0,0,0,0,0,0,stable
CNUR-000237,自贡市,2002,0,0,0,0,0,0,stable
CNUR-000237,自贡市,2003,0,0,0,0,0,0,stable
CNUR-000237,自贡市,2004,0,0,0,0,0,0,stable
CNUR-000237,自贡市,2005,0,2,0,0,1,0,district_scope_jump
CNUR-000237,自贡市,2006,0,0,0,0,0,0,stable
CNUR-000237,自贡市,2007,0,0,0,0,0,0,stable
CNUR-000237,自贡市,2008,0,0,0,0,0,0,stable
CNUR-000237,自贡市,2009,0,0,0,0,0,0,stable
CNUR-000237,自贡市,2010,0,0,0,0,0,0,stable
CNUR-000237,自贡市,2011,0,0,0,0,0,0,stable
CNUR-000237,自贡市,2012,0,0,0,0,0,0,stable
CNUR-000237,自贡市,2013,0,0,0,0,0,0,stable
CNUR-000237,自贡市,2014,0,0,0,0,0,0,stable
CNUR-000237,自贡市,2015,0,0,0,0,0,0,stable
CNUR-000237,自贡市,2016,0,0,0,0,0,0,stable
CNUR-000237,自贡市,2017,0,0,0,0,0,0,stable
CNUR-000237,自贡市,2018,0,0,0,0,0,0,stable
CNUR-000237,自贡市,2019,0,0,0,0,0,0,stable
CNUR-000237,自贡市,2020,0,0,0,0,0,0,stable
CNUR-000238,攀枝花市,1999,0,0,0,0,0,0,stable
CNUR-000238,攀枝花市,2000,0,0,0,0,0,0,stable
CNUR-000238,攀枝花市,2001,0,0,0,0,0,0,stable
CNUR-000238,攀枝花市,2002,0,0,0,0,0,0,stable
CNUR-000238,攀枝花市,2003,0,0,0,0,0,0,stable
CNUR-000238,攀枝花市,2004,0,0,0,0,0,0,stable
CNUR-000238,攀枝花市,2005,0,0,0,0,0,0,stable
CNUR-000238,攀枝花市,2006,0,0,0,0,0,0,stable
CNUR-000238,攀枝花市,2007,0,0,0,0,0,0,stable
CNUR-000238,攀枝花市,2008,0,0,0,0,0,0,stable
CNUR-000238,攀枝花市,2009,0,0,0,0,0,0,stable
CNUR-000238,攀枝花市,2010,0,0,0,0,0,0,stable
CNUR-000238,攀枝花市,2011,0,0,0,0,0,0,stable
CNUR-000238,攀枝花市,2012,0,0,0,0,0,0,stable
CNUR-000238,攀枝花市,2013,0,0,0,0,0,0,stable
CNUR-000238,攀枝花市,2014,0,0,0,0,0,0,stable
CNUR-000238,攀枝花市,2015,0,0,0,0,0,0,stable
CNUR-000238,攀枝花市,2016,0,0,0,0,0,0,stable
CNUR-000238,攀枝花市,2017,0,0,0,0,0,0,stable
CNUR-000238,攀枝花市,2018,0,0,0,0,0,0,stable
CNUR-000238,攀枝花市,2019,0,0,0,0,0,0,stable
CNUR-000238,攀枝花市,2020,0,0,0,0,0,0,stable
CNUR-000239,泸州市,1999,0,0,0,0,0,0,stable
CNUR-000239,泸州市,2000,0,0,0,0,0,0,stable
CNUR-000239,泸州市,2001,0,0,0,0,0,0,stable
CNUR-000239,泸州市,2002,0,0,0,0,0,0,stable
CNUR-000239,泸州市,2003,0,0,0,0,0,0,stable
CNUR-000239,泸州市,2004,0,0,0,0,0,0,stable
CNUR-000239,泸州市,2005,0,0,0,0,0,0,stable
CNUR-000239,泸州市,2006,0,0,0,0,0,0,stable
CNUR-000239,泸州市,2007,0,0,0,0,0,0,stable
CNUR-000239,泸州市,2008,0,0,0,0,0,0,stable
CNUR-000239,泸州市,2009,0,0,0,0,0,0,stable
CNUR-000239,泸州市,2010,0,0,0,0,0,0,stable
CNUR-000239,泸州市,2011,0,0,0,0,0,0,stable
CNUR-000239,泸州市,2012,0,0,0,0,0,0,stable
CNUR-000239,泸州市,2013,0,0,0,0,0,0,stable
CNUR-000239,泸州市,2014,0,0,0,0,0,0,stable
CNUR-000239,泸州市,2015,0,0,0,0,0,0,stable
CNUR-000239,泸州市,2016,0,0,0,0,0,0,stable
CNUR-000239,泸州市,2017,0,0,0,0,0,0,stable
CNUR-000239,泸州市,2018,0,0,0,0,0,0,stable
CNUR-000239,泸州市,2019,0,0,0,0,0,0,stable
CNUR-000239,泸州市,2020,0,0,0,0,0,0,stable
CNUR-000240,德阳市,1999,0,0,0,0,0,0,stable
CNUR-000240,德阳市,2000,0,0,0,0,0,0,stable
CNUR-000240,德阳市,2001,0,0,0,0,0,0,stable
CNUR-000240,德阳市,2002,0,0,0,0,0,0,stable
CNUR-000240,德阳市,2003,0,0,0,0,0,0,stable
CNUR-000240,德阳市,2004,0,0,0,0,0,0,stable
CNUR-000240,德阳市,2005,0,0,0,0,0,0,stable
CNUR-000240,德阳市,2006,0,0,0,0,0,0,stable
CNUR-000240,德阳市,2007,0,0,0,0,0,0,stable
CNUR-000240,德阳市,2008,0,0,0,0,0,0,stable
CNUR-000240,德阳市,2009,0,0,0,0,0,0,stable
CNUR-000240,德阳市,2010,0,0,0,0,0,0,stable
CNUR-000240,德阳市,2011,0,0,0,0,0,0,stable
CNUR-000240,德阳市,2012,0,0,0,0,0,0,stable
CNUR-000240,德阳市,2013,0,0,0,0,0,0,stable
CNUR-000240,德阳市,2014,0,0,0,0,0,0,stable
CNUR-000240,德阳市,2015,0,0,0,0,0,0,stable
CNUR-000240,德阳市,2016,0,0,0,0,0,0,stable
CNUR-000240,德阳市,2017,0,1,0,0,1,0,district_scope_jump
CNUR-000240,德阳市,2018,0,0,0,0,0,0,stable
CNUR-000240,德阳市,2019,0,0,0,0,0,0,stable
CNUR-000240,德阳市,2020,0,0,0,0,0,0,stable
CNUR-000241,绵阳市,1999,0,0,0,0,0,0,stable
CNUR-000241,绵阳市,2000,0,0,0,0,0,0,stable
CNUR-000241,绵阳市,2001,0,0,0,0,0,0,stable
CNUR-000241,绵阳市,2002,0,0,0,0,0,0,stable
CNUR-000241,绵阳市,2003,0,0,0,0,0,0,stable
CNUR-000241,绵阳市,2004,0,0,0,0,0,0,stable
CNUR-000241,绵阳市,2005,0,0,0,0,0,0,stable
CNUR-000241,绵阳市,2006,0,0,0,0,0,0,stable
CNUR-000241,绵阳市,2007,0,0,0,0,0,0,stable
CNUR-000241,绵阳市,2008,0,0,0,0,0,0,stable
CNUR-000241,绵阳市,2009,0,0,0,0,0,0,stable
CNUR-000241,绵阳市,2010,0,0,0,0,0,0,stable
CNUR-000241,绵阳市,2011,0,0,0,0,0,0,stable
CNUR-000241,绵阳市,2012,0,0,0,0,0,0,stable
CNUR-000241,绵阳市,2013,0,0,0,0,0,0,stable
CNUR-000241,绵阳市,2014,0,0,0,0,0,0,stable
CNUR-000241,绵阳市,2015,0,0,0,0,0,0,stable
CNUR-000241,绵阳市,2016,0,1,0,0,1,0,district_scope_jump
CNUR-000241,绵阳市,2017,0,0,0,0,0,0,stable
CNUR-000241,绵阳市,2018,0,0,0,0,0,0,stable
CNUR-000241,绵阳市,2019,0,0,0,0,0,0,stable
CNUR-000241,绵阳市,2020,0,0,0,0,0,0,stable
CNUR-000242,广元市,1999,0,0,0,0,0,0,stable
CNUR-000242,广元市,2000,0,0,0,0,0,0,stable
CNUR-000242,广元市,2001,0,0,0,0,0,0,stable
CNUR-000242,广元市,2002,0,0,0,0,0,0,stable
CNUR-000242,广元市,2003,0,0,0,0,0,0,stable
CNUR-000242,广元市,2004,0,0,0,0,0,0,stable
CNUR-000242,广元市,2005,0,0,0,0,0,0,stable
CNUR-000242,广元市,2006,0,0,0,0,0,0,stable
CNUR-000242,广元市,2007,0,0,0,0,0,0,stable
CNUR-000242,广元市,2008,0,0,0,0,0,0,stable
CNUR-000242,广元市,2009,0,0,0,0,0,0,stable
CNUR-000242,广元市,2010,0,0,0,0,0,0,stable
CNUR-000242,广元市,2011,0,0,0,0,0,0,stable
CNUR-000242,广元市,2012,0,0,0,0,0,0,stable
CNUR-000242,广元市,2013,0,0,0,0,0,0,stable
CNUR-000242,广元市,2014,0,0,0,0,0,0,stable
CNUR-000242,广元市,2015,0,0,0,0,0,0,stable
CNUR-000242,广元市,2016,0,0,0,0,0,0,stable
CNUR-000242,广元市,2017,0,0,0,0,0,0,stable
CNUR-000242,广元市,2018,0,0,0,0,0,0,stable
CNUR-000242,广元市,2019,0,0,0,0,0,0,stable
CNUR-000242,广元市,2020,0,0,0,0,0,0,stable
CNUR-000243,遂宁市,1999,0,0,0,0,0,0,stable
CNUR-000243,遂宁市,2000,0,0,0,0,0,0,stable
CNUR-000243,遂宁市,2001,0,0,0,0,0,0,stable
CNUR-000243,遂宁市,2002,0,0,0,0,0,0,stable
CNUR-000243,遂宁市,2003,0,0,0,0,0,0,stable
CNUR-000243,遂宁市,2004,0,0,0,0,0,0,stable
CNUR-000243,遂宁市,2005,0,0,0,0,0,0,stable
CNUR-000243,遂宁市,2006,0,0,0,0,0,0,stable
CNUR-000243,遂宁市,2007,0,0,0,0,0,0,stable
CNUR-000243,遂宁市,2008,0,0,0,0,0,0,stable
CNUR-000243,遂宁市,2009,0,0,0,0,0,0,stable
CNUR-000243,遂宁市,2010,0,0,0,0,0,0,stable
CNUR-000243,遂宁市,2011,0,0,0,0,0,0,stable
CNUR-000243,遂宁市,2012,0,0,0,0,0,0,stable
CNUR-000243,遂宁市,2013,0,0,0,0,0,0,stable
CNUR-000243,遂宁市,2014,0,0,0,0,0,0,stable
CNUR-000243,遂宁市,2015,0,0,0,0,0,0,stable
CNUR-000243,遂宁市,2016,0,0,0,0,0,0,stable
CNUR-000243,遂宁市,2017,0,0,0,0,0,0,stable
CNUR-000243,遂宁市,2018,0,0,0,0,0,0,stable
CNUR-000243,遂宁市,2019,0,0,0,0,0,0,stable
CNUR-000243,遂宁市,2020,0,0,0,0,0,0,stable
CNUR-000244,内江市,1999,0,0,0,0,0,0,stable
CNUR-000244,内江市,2000,0,0,0,0,0,0,stable
CNUR-000244,内江市,2001,0,0,0,0,0,0,stable
CNUR-000244,内江市,2002,0,0,0,0,0,0,stable
CNUR-000244,内江市,2003,0,0,0,0,0,0,stable
CNUR-000244,内江市,2004,0,0,0,0,0,0,stable
CNUR-000244,内江市,2005,0,0,0,0,0,0,stable
CNUR-000244,内江市,2006,0,0,0,0,0,0,stable
CNUR-000244,内江市,2007,0,0,0,0,0,0,stable
CNUR-000244,内江市,2008,0,0,0,0,0,0,stable
CNUR-000244,内江市,2009,0,0,0,0,0,0,stable
CNUR-000244,内江市,2010,0,0,0,0,0,0,stable
CNUR-000244,内江市,2011,0,0,0,0,0,0,stable
CNUR-000244,内江市,2012,0,0,0,0,0,0,stable
CNUR-000244,内江市,2013,0,0,0,0,0,0,stable
CNUR-000244,内江市,2014,0,0,0,0,0,0,stable
CNUR-000244,内江市,2015,0,0,0,0,0,0,stable
CNUR-000244,内江市,2016,0,0,0,0,0,0,stable
CNUR-000244,内江市,2017,0,0,0,0,0,0,stable
CNUR-000244,内江市,2018,0,0,0,0,0,0,stable
CNUR-000244,内江市,2019,0,0,0,0,0,0,stable
CNUR-000244,内江市,2020,0,0,0,0,0,0,stable
CNUR-000245,乐山市,1999,0,0,0,0,0,0,stable
CNUR-000245,乐山市,2000,0,0,0,0,0,0,stable
CNUR-000245,乐山市,2001,0,0,0,0,0,0,stable
CNUR-000245,乐山市,2002,0,0,0,0,0,0,stable
CNUR-000245,乐山市,2003,0,0,0,0,0,0,stable
CNUR-000245,乐山市,2004,0,0,0,0,0,0,stable
CNUR-000245,乐山市,2005,0,0,0,0,0,0,stable
CNUR-000245,乐山市,2006,0,0,0,0,0,0,stable
CNUR-000245,乐山市,2007,0,0,0,0,0,0,stable
CNUR-000245,乐山市,2008,0,0,0,0,0,0,stable
CNUR-000245,乐山市,2009,0,0,0,0,0,0,stable
CNUR-000245,乐山市,2010,0,0,0,0,0,0,stable
CNUR-000245,乐山市,2011,0,0,0,0,0,0,stable
CNUR-000245,乐山市,2012,0,0,0,0,0,0,stable
CNUR-000245,乐山市,2013,0,0,0,0,0,0,stable
CNUR-000245,乐山市,2014,0,0,0,0,0,0,stable
CNUR-000245,乐山市,2015,0,0,0,0,0,0,stable
CNUR-000245,乐山市,2016,0,0,0,0,0,0,stable
CNUR-000245,乐山市,2017,0,0,0,0,0,0,stable
CNUR-000245,乐山市,2018,0,0,0,0,0,0,stable
CNUR-000245,乐山市,2019,0,0,0,0,0,0,stable
CNUR-000245,乐山市,2020,0,0,0,0,0,0,stable
CNUR-000246,南充市,1999,0,0,0,0,0,0,stable
CNUR-000246,南充市,2000,0,0,0,0,0,0,stable
CNUR-000246,南充市,2001,0,0,0,0,0,0,stable
CNUR-000246,南充市,2002,0,0,0,0,0,0,stable
CNUR-000246,南充市,2003,0,0,0,0,0,0,stable
CNUR-000246,南充市,2004,0,0,0,0,0,0,stable
CNUR-000246,南充市,2005,0,0,0,0,0,0,stable
CNUR-000246,南充市,2006,0,0,0,0,0,0,stable
CNUR-000246,南充市,2007,0,0,0,0,0,0,stable
CNUR-000246,南充市,2008,0,0,0,0,0,0,stable
CNUR-000246,南充市,2009,0,0,0,0,0,0,stable
CNUR-000246,南充市,2010,0,0,0,0,0,0,stable
CNUR-000246,南充市,2011,0,0,0,0,0,0,stable
CNUR-000246,南充市,2012,0,0,0,0,0,0,stable
CNUR-000246,南充市,2013,0,0,0,0,0,0,stable
CNUR-000246,南充市,2014,0,0,0,0,0,0,stable
CNUR-000246,南充市,2015,0,0,0,0,0,0,stable
CNUR-000246,南充市,2016,0,0,0,0,0,0,stable
CNUR-000246,南充市,2017,0,0,0,0,0,0,stable
CNUR-000246,南充市,2018,0,0,0,0,0,0,stable
CNUR-000246,南充市,2019,0,0,0,0,0,0,stable
CNUR-000246,南充市,2020,0,0,0,0,0,0,stable
CNUR-000247,眉山市,1999,0,0,0,0,0,0,stable
CNUR-000247,眉山市,2000,0,0,0,0,0,0,stable
CNUR-000247,眉山市,2001,0,0,0,0,0,0,stable
CNUR-000247,眉山市,2002,0,0,0,0,0,0,stable
CNUR-000247,眉山市,2003,0,0,0,0,0,0,stable
CNUR-000247,眉山市,2004,0,0,0,0,0,0,stable
CNUR-000247,眉山市,2005,0,0,0,0,0,0,stable
CNUR-000247,眉山市,2006,0,0,0,0,0,0,stable
CNUR-000247,眉山市,2007,0,0,0,0,0,0,stable
CNUR-000247,眉山市,2008,0,0,0,0,0,0,stable
CNUR-000247,眉山市,2009,0,0,0,0,0,0,stable
CNUR-000247,眉山市,2010,0,0,0,0,0,0,stable
CNUR-000247,眉山市,2011,0,0,0,0,0,0,stable
CNUR-000247,眉山市,2012,0,0,0,0,0,0,stable
CNUR-000247,眉山市,2013,0,0,0,0,0,0,stable
CNUR-000247,眉山市,2014,0,1,0,0,1,0,district_scope_jump
CNUR-000247,眉山市,2015,0,0,0,0,0,0,stable
CNUR-000247,眉山市,2016,0,0,0,0,0,0,stable
CNUR-000247,眉山市,2017,0,0,0,0,0,0,stable
CNUR-000247,眉山市,2018,0,0,0,0,0,0,stable
CNUR-000247,眉山市,2019,0,0,0,0,0,0,stable
CNUR-000247,眉山市,2020,0,0,0,0,0,0,stable
CNUR-000248,宜宾市,1999,0,0,0,0,0,0,stable
CNUR-000248,宜宾市,2000,0,0,0,0,0,0,stable
CNUR-000248,宜宾市,2001,0,0,0,0,0,0,stable
CNUR-000248,宜宾市,2002,0,0,0,0,0,0,stable
CNUR-000248,宜宾市,2003,0,0,0,0,0,0,stable
CNUR-000248,宜宾市,2004,0,0,0,0,0,0,stable
CNUR-000248,宜宾市,2005,0,0,0,0,0,0,stable
CNUR-000248,宜宾市,2006,0,0,0,0,0,0,stable
CNUR-000248,宜宾市,2007,0,0,0,0,0,0,stable
CNUR-000248,宜宾市,2008,0,0,0,0,0,0,stable
CNUR-000248,宜宾市,2009,0,0,0,0,0,0,stable
CNUR-000248,宜宾市,2010,0,0,0,0,0,0,stable
CNUR-000248,宜宾市,2011,0,1,0,0,1,0,district_scope_jump
CNUR-000248,宜宾市,2012,0,0,0,0,0,0,stable
CNUR-000248,宜宾市,2013,0,0,0,0,0,0,stable
CNUR-000248,宜宾市,2014,0,0,0,0,0,0,stable
CNUR-000248,宜宾市,2015,0,0,0,0,0,0,stable
CNUR-000248,宜宾市,2016,0,0,0,0,0,0,stable
CNUR-000248,宜宾市,2017,0,0,0,0,0,0,stable
CNUR-000248,宜宾市,2018,0,1,0,0,1,0,district_scope_jump
CNUR-000248,宜宾市,2019,0,0,0,0,0,0,stable
CNUR-000248,宜宾市,2020,0,0,0,0,0,0,stable
CNUR-000249,广安市,1999,0,0,0,0,0,0,stable
CNUR-000249,广安市,2000,0,0,0,0,0,0,stable
CNUR-000249,广安市,2001,0,0,0,0,0,0,stable
CNUR-000249,广安市,2002,0,0,0,0,0,0,stable
CNUR-000249,广安市,2003,0,0,0,0,0,0,stable
CNUR-000249,广安市,2004,0,0,0,0,0,0,stable
CNUR-000249,广安市,2005,0,0,0,0,0,0,stable
CNUR-000249,广安市,2006,0,0,0,0,0,0,stable
CNUR-000249,广安市,2007,0,0,0,0,0,0,stable
CNUR-000249,广安市,2008,0,0,0,0,0,0,stable
CNUR-000249,广安市,2009,0,0,0,0,0,0,stable
CNUR-000249,广安市,2010,0,0,0,0,0,0,stable
CNUR-000249,广安市,2011,0,0,0,0,0,0,stable
CNUR-000249,广安市,2012,0,0,0,0,0,0,stable
CNUR-000249,广安市,2013,0,0,0,0,0,0,stable
CNUR-000249,广安市,2014,0,0,0,0,0,0,stable
CNUR-000249,广安市,2015,0,0,0,0,0,0,stable
CNUR-000249,广安市,2016,0,0,0,0,0,0,stable
CNUR-000249,广安市,2017,0,0,0,0,0,0,stable
CNUR-000249,广安市,2018,0,0,0,0,0,0,stable
CNUR-000249,广安市,2019,0,0,0,0,0,0,stable
CNUR-000249,广安市,2020,0,0,0,0,0,0,stable
CNUR-000250,达州市,1999,0,0,0,0,0,0,stable
CNUR-000250,达州市,2000,0,0,0,0,0,0,stable
CNUR-000250,达州市,2001,0,0,0,0,0,0,stable
CNUR-000250,达州市,2002,0,0,0,0,0,0,stable
CNUR-000250,达州市,2003,0,0,0,0,0,0,stable
CNUR-000250,达州市,2004,0,0,0,0,0,0,stable
CNUR-000250,达州市,2005,0,0,0,0,0,0,stable
CNUR-000250,达州市,2006,0,0,0,0,0,0,stable
CNUR-000250,达州市,2007,0,0,0,0,0,0,stable
CNUR-000250,达州市,2008,0,0,0,0,0,0,stable
CNUR-000250,达州市,2009,0,0,0,0,0,0,stable
CNUR-000250,达州市,2010,0,0,0,0,0,0,stable
CNUR-000250,达州市,2011,0,0,0,0,0,0,stable
CNUR-000250,达州市,2012,0,0,0,0,0,0,stable
CNUR-000250,达州市,2013,0,1,0,0,1,0,district_scope_jump
CNUR-000250,达州市,2014,0,0,0,0,0,0,stable
CNUR-000250,达州市,2015,0,0,0,0,0,0,stable
CNUR-000250,达州市,2016,0,0,0,0,0,0,stable
CNUR-000250,达州市,2017,0,0,0,0,0,0,stable
CNUR-000250,达州市,2018,0,0,0,0,0,0,stable
CNUR-000250,达州市,2019,0,0,0,0,0,0,stable
CNUR-000250,达州市,2020,0,0,0,0,0,0,stable
CNUR-000251,雅安市,1999,0,0,0,0,0,0,stable
CNUR-000251,雅安市,2000,0,0,0,0,0,0,stable
CNUR-000251,雅安市,2001,0,0,0,0,0,0,stable
CNUR-000251,雅安市,2002,0,0,0,0,0,0,stable
CNUR-000251,雅安市,2003,0,0,0,0,0,0,stable
CNUR-000251,雅安市,2004,0,0,0,0,0,0,stable
CNUR-000251,雅安市,2005,0,0,0,0,0,0,stable
CNUR-000251,雅安市,2006,0,0,0,0,0,0,stable
CNUR-000251,雅安市,2007,0,0,0,0,0,0,stable
CNUR-000251,雅安市,2008,0,0,0,0,0,0,stable
CNUR-000251,雅安市,2009,0,0,0,0,0,0,stable
CNUR-000251,雅安市,2010,0,0,0,0,0,0,stable
CNUR-000251,雅安市,2011,0,0,0,0,0,0,stable
CNUR-000251,雅安市,2012,0,1,0,0,1,0,district_scope_jump
CNUR-000251,雅安市,2013,0,0,0,0,0,0,stable
CNUR-000251,雅安市,2014,0,0,0,0,0,0,stable
CNUR-000251,雅安市,2015,0,0,0,0,0,0,stable
CNUR-000251,雅安市,2016,0,0,0,0,0,0,stable
CNUR-000251,雅安市,2017,0,0,0,0,0,0,stable
CNUR-000251,雅安市,2018,0,0,0,0,0,0,stable
CNUR-000251,雅安市,2019,0,0,0,0,0,0,stable
CNUR-000251,雅安市,2020,0,0,0,0,0,0,stable
CNUR-000252,巴中市,1999,0,0,0,0,0,0,stable
CNUR-000252,巴中市,2000,0,0,0,0,0,0,stable
CNUR-000252,巴中市,2001,0,0,0,0,0,0,stable
CNUR-000252,巴中市,2002,0,0,0,0,0,0,stable
CNUR-000252,巴中市,2003,0,0,0,0,0,0,stable
CNUR-000252,巴中市,2004,0,0,0,0,0,0,stable
CNUR-000252,巴中市,2005,0,0,0,0,0,0,stable
CNUR-000252,巴中市,2006,0,0,0,0,0,0,stable
CNUR-000252,巴中市,2007,0,0,0,0,0,0,stable
CNUR-000252,巴中市,2008,0,0,0,0,0,0,stable
CNUR-000252,巴中市,2009,0,0,0,0,0,0,stable
CNUR-000252,巴中市,2010,0,0,0,0,0,0,stable
CNUR-000252,巴中市,2011,0,0,0,0,0,0,stable
CNUR-000252,巴中市,2012,0,0,0,0,0,0,stable
CNUR-000252,巴中市,2013,0,0,0,0,0,0,stable
CNUR-000252,巴中市,2014,0,0,0,0,0,0,stable
CNUR-000252,巴中市,2015,0,0,0,0,0,0,stable
CNUR-000252,巴中市,2016,0,0,0,0,0,0,stable
CNUR-000252,巴中市,2017,0,0,0,0,0,0,stable
CNUR-000252,巴中市,2018,0,0,0,0,0,0,stable
CNUR-000252,巴中市,2019,0,0,0,0,0,0,stable
CNUR-000252,巴中市,2020,0,0,0,0,0,0,stable
CNUR-000253,资阳市,1999,0,0,0,0,0,0,stable
CNUR-000253,资阳市,2000,0,0,0,0,0,0,stable
CNUR-000253,资阳市,2001,0,0,0,0,0,0,stable
CNUR-000253,资阳市,2002,0,0,0,0,0,0,stable
CNUR-000253,资阳市,2003,0,0,0,0,0,0,stable
CNUR-000253,资阳市,2004,0,0,0,0,0,0,stable
CNUR-000253,资阳市,2005,0,0,0,0,0,0,stable
CNUR-000253,资阳市,2006,0,0,0,0,0,0,stable
CNUR-000253,资阳市,2007,0,0,0,0,0,0,stable
CNUR-000253,资阳市,2008,0,0,0,0,0,0,stable
CNUR-000253,资阳市,2009,0,0,0,0,0,0,stable
CNUR-000253,资阳市,2010,0,0,0,0,0,0,stable
CNUR-000253,资阳市,2011,0,0,0,0,0,0,stable
CNUR-000253,资阳市,2012,0,0,0,0,0,0,stable
CNUR-000253,资阳市,2013,0,0,0,0,0,0,stable
CNUR-000253,资阳市,2014,0,0,0,0,0,0,stable
CNUR-000253,资阳市,2015,0,0,0,0,0,0,stable
CNUR-000253,资阳市,2016,1,0,0,1,0,0,whole_city_break
CNUR-000253,资阳市,2017,0,0,0,0,0,0,stable
CNUR-000253,资阳市,2018,0,0,0,0,0,0,stable
CNUR-000253,资阳市,2019,0,0,0,0,0,0,stable
CNUR-000253,资阳市,2020,0,0,0,0,0,0,stable
CNUR-000254,阿坝藏族羌族自治州,1999,0,0,0,0,0,0,stable
CNUR-000254,阿坝藏族羌族自治州,2000,0,0,0,0,0,0,stable
CNUR-000254,阿坝藏族羌族自治州,2001,0,0,0,0,0,0,stable
CNUR-000254,阿坝藏族羌族自治州,2002,0,0,0,0,0,0,stable
CNUR-000254,阿坝藏族羌族自治州,2003,0,0,0,0,0,0,stable
CNUR-000254,阿坝藏族羌族自治州,2004,0,0,0,0,0,0,stable
CNUR-000254,阿坝藏族羌族自治州,2005,0,0,0,0,0,0,stable
CNUR-000254,阿坝藏族羌族自治州,2006,0,0,0,0,0,0,stable
CNUR-000254,阿坝藏族羌族自治州,2007,0,0,0,0,0,0,stable
CNUR-000254,阿坝藏族羌族自治州,2008,0,0,0,0,0,0,stable
CNUR-000254,阿坝藏族羌族自治州,2009,0,0,0,0,0,0,stable
CNUR-000254,阿坝藏族羌族自治州,2010,0,0,0,0,0,0,stable
CNUR-000254,阿坝藏族羌族自治州,2011,0,0,0,0,0,0,stable
CNUR-000254,阿坝藏族羌族自治州,2012,0,0,0,0,0,0,stable
CNUR-000254,阿坝藏族羌族自治州,2013,0,0,0,0,0,0,stable
CNUR-000254,阿坝藏族羌族自治州,2014,0,0,0,0,0,0,stable
CNUR-000254,阿坝藏族羌族自治州,2015,0,0,0,0,0,0,stable
CNUR-000254,阿坝藏族羌族自治州,2016,0,0,0,0,0,0,stable
CNUR-000254,阿坝藏族羌族自治州,2017,0,0,0,0,0,0,stable
CNUR-000254,阿坝藏族羌族自治州,2018,0,0,0,0,0,0,stable
CNUR-000254,阿坝藏族羌族自治州,2019,0,0,0,0,0,0,stable
CNUR-000254,阿坝藏族羌族自治州,2020,0,0,0,0,0,0,stable
CNUR-000255,甘孜藏族自治州,1999,0,0,0,0,0,0,stable
CNUR-000255,甘孜藏族自治州,2000,0,0,0,0,0,0,stable
CNUR-000255,甘孜藏族自治州,2001,0,0,0,0,0,0,stable
CNUR-000255,甘孜藏族自治州,2002,0,0,0,0,0,0,stable
CNUR-000255,甘孜藏族自治州,2003,0,0,0,0,0,0,stable
CNUR-000255,甘孜藏族自治州,2004,0,0,0,0,0,0,stable
CNUR-000255,甘孜藏族自治州,2005,0,0,0,0,0,0,stable
CNUR-000255,甘孜藏族自治州,2006,0,0,0,0,0,0,stable
CNUR-000255,甘孜藏族自治州,2007,0,0,0,0,0,0,stable
CNUR-000255,甘孜藏族自治州,2008,0,0,0,0,0,0,stable
CNUR-000255,甘孜藏族自治州,2009,0,0,0,0,0,0,stable
CNUR-000255,甘孜藏族自治州,2010,0,0,0,0,0,0,stable
CNUR-000255,甘孜藏族自治州,2011,0,0,0,0,0,0,stable
CNUR-000255,甘孜藏族自治州,2012,0,0,0,0,0,0,stable
CNUR-000255,甘孜藏族自治州,2013,0,0,0,0,0,0,stable
CNUR-000255,甘孜藏族自治州,2014,0,0,0,0,0,0,stable
CNUR-000255,甘孜藏族自治州,2015,0,0,0,0,0,0,stable
CNUR-000255,甘孜藏族自治州,2016,0,0,0,0,0,0,stable
CNUR-000255,甘孜藏族自治州,2017,0,0,0,0,0,0,stable
CNUR-000255,甘孜藏族自治州,2018,0,0,0,0,0,0,stable
CNUR-000255,甘孜藏族自治州,2019,0,0,0,0,0,0,stable
CNUR-000255,甘孜藏族自治州,2020,0,0,0,0,0,0,stable
CNUR-000256,凉山彝族自治州,1999,0,0,0,0,0,0,stable
CNUR-000256,凉山彝族自治州,2000,0,0,0,0,0,0,stable
CNUR-000256,凉山彝族自治州,2001,0,0,0,0,0,0,stable
CNUR-000256,凉山彝族自治州,2002,0,0,0,0,0,0,stable
CNUR-000256,凉山彝族自治州,2003,0,0,0,0,0,0,stable
CNUR-000256,凉山彝族自治州,2004,0,0,0,0,0,0,stable
CNUR-000256,凉山彝族自治州,2005,0,0,0,0,0,0,stable
CNUR-000256,凉山彝族自治州,2006,0,0,0,0,0,0,stable
CNUR-000256,凉山彝族自治州,2007,0,0,0,0,0,0,stable
CNUR-000256,凉山彝族自治州,2008,0,0,0,0,0,0,stable
CNUR-000256,凉山彝族自治州,2009,0,0,0,0,0,0,stable
CNUR-000256,凉山彝族自治州,2010,0,0,0,0,0,0,stable
CNUR-000256,凉山彝族自治州,2011,0,0,0,0,0,0,stable
CNUR-000256,凉山彝族自治州,2012,0,0,0,0,0,0,stable
CNUR-000256,凉山彝族自治州,2013,0,0,0,0,0,0,stable
CNUR-000256,凉山彝族自治州,2014,0,0,0,0,0,0,stable
CNUR-000256,凉山彝族自治州,2015,0,0,0,0,0,0,stable
CNUR-000256,凉山彝族自治州,2016,0,0,0,0,0,0,stable
CNUR-000256,凉山彝族自治州,2017,0,0,0,0,0,0,stable
CNUR-000256,凉山彝族自治州,2018,0,0,0,0,0,0,stable
CNUR-000256,凉山彝族自治州,2019,0,0,0,0,0,0,stable
CNUR-000256,凉山彝族自治州,2020,0,0,0,0,0,0,stable
CNUR-000257,贵阳市,1999,0,0,0,0,0,0,stable
CNUR-000257,贵阳市,2000,0,0,0,0,0,0,stable
CNUR-000257,贵阳市,2001,0,0,0,0,0,0,stable
CNUR-000257,贵阳市,2002,0,0,0,0,0,0,stable
CNUR-000257,贵阳市,2003,0,0,0,0,0,0,stable
CNUR-000257,贵阳市,2004,0,0,0,0,0,0,stable
CNUR-000257,贵阳市,2005,0,0,0,0,0,0,stable
CNUR-000257,贵阳市,2006,0,0,0,0,0,0,stable
CNUR-000257,贵阳市,2007,0,0,0,0,0,0,stable
CNUR-000257,贵阳市,2008,0,0,0,0,0,0,stable
CNUR-000257,贵阳市,2009,0,0,0,0,0,0,stable
CNUR-000257,贵阳市,2010,0,0,0,0,0,0,stable
CNUR-000257,贵阳市,2011,0,0,0,0,0,0,stable
CNUR-000257,贵阳市,2012,0,0,1,0,0,0,district_merge
CNUR-000257,贵阳市,2013,0,0,0,0,0,0,stable
CNUR-000257,贵阳市,2014,0,0,0,0,0,0,stable
CNUR-000257,贵阳市,2015,0,0,0,0,0,0,stable
CNUR-000257,贵阳市,2016,0,0,0,0,0,0,stable
CNUR-000257,贵阳市,2017,0,0,0,0,0,0,stable
CNUR-000257,贵阳市,2018,0,0,0,0,0,0,stable
CNUR-000257,贵阳市,2019,0,0,0,0,0,0,stable
CNUR-000257,贵阳市,2020,0,0,0,0,0,0,stable
CNUR-000258,六盘水市,1999,0,0,0,0,0,0,stable
CNUR-000258,六盘水市,2000,0,0,0,0,0,0,stable
CNUR-000258,六盘水市,2001,0,0,0,0,0,0,stable
CNUR-000258,六盘水市,2002,0,0,0,0,0,0,stable
CNUR-000258,六盘水市,2003,0,0,0,0,0,0,stable
CNUR-000258,六盘水市,2004,0,0,0,0,0,0,stable
CNUR-000258,六盘水市,2005,0,0,0,0,0,0,stable
CNUR-000258,六盘水市,2006,0,0,0,0,0,0,stable
CNUR-000258,六盘水市,2007,0,0,0,0,0,0,stable
CNUR-000258,六盘水市,2008,0,0,0,0,0,0,stable
CNUR-000258,六盘水市,2009,0,0,0,0,0,0,stable
CNUR-000258,六盘水市,2010,0,0,0,0,0,0,stable
CNUR-000258,六盘水市,2011,0,0,0,0,0,0,stable
CNUR-000258,六盘水市,2012,0,0,0,0,0,0,stable
CNUR-000258,六盘水市,2013,0,0,0,0,0,0,stable
CNUR-000258,六盘水市,2014,0,0,0,0,0,0,stable
CNUR-000258,六盘水市,2015,0,0,0,0,0,0,stable
CNUR-000258,六盘水市,2016,0,0,0,0,0,0,stable
CNUR-000258,六盘水市,2017,0,0,0,0,0,0,stable
CNUR-000258,六盘水市,2018,0,0,0,0,0,0,stable
CNUR-000258,六盘水市,2019,0,0,0,0,0,0,stable
CNUR-000258,六盘水市,2020,0,1,0,0,1,0,district_scope_jump
CNUR-000259,遵义市,1999,0,0,0,0,0,0,stable
CNUR-000259,遵义市,2000,0,0,0,0,0,0,stable
CNUR-000259,遵义市,2001,0,0,0,0,0,0,stable
CNUR-000259,遵义市,2002,0,0,0,0,0,0,stable
CNUR-000259,遵义市,2003,0,0,0,0,0,0,stable
CNUR-000259,遵义市,2004,0,0,0,0,0,0,stable
CNUR-000259,遵义市,2005,0,0,0,0,0,0,stable
CNUR-000259,遵义市,2006,0,0,0,0,0,0,stable
CNUR-000259,遵义市,2007,0,0,0,0,0,0,stable
CNUR-000259,遵义市,2008,0,0,0,0,0,0,stable
CNUR-000259,遵义市,2009,0,0,0,0,0,0,stable
CNUR-000259,遵义市,2010,0,0,0,0,0,0,stable
CNUR-000259,遵义市,2011,0,0,0,0,0,0,stable
CNUR-000259,遵义市,2012,0,0,0,0,0,0,stable
CNUR-000259,遵义市,2013,0,0,0,0,0,0,stable
CNUR-000259,遵义市,2014,0,0,0,0,0,0,stable
CNUR-000259,遵义市,2015,0,0,0,0,0,0,stable
CNUR-000259,遵义市,2016,0,1,0,0,1,0,district_scope_jump
CNUR-000259,遵义市,2017,0,0,0,0,0,0,stable
CNUR-000259,遵义市,2018,0,0,0,0,0,0,stable
CNUR-000259,遵义市,2019,0,0,0,0,0,0,stable
CNUR-000259,遵义市,2020,0,0,0,0,0,0,stable
CNUR-000260,安顺市,1999,0,0,0,0,0,0,stable
CNUR-000260,安顺市,2000,0,0,0,0,0,0,stable
CNUR-000260,安顺市,2001,0,0,0,0,0,0,stable
CNUR-000260,安顺市,2002,0,0,0,0,0,0,stable
CNUR-000260,安顺市,2003,0,0,0,0,0,0,stable
CNUR-000260,安顺市,2004,0,0,0,0,0,0,stable
CNUR-000260,安顺市,2005,0,0,0,0,0,0,stable
CNUR-000260,安顺市,2006,0,0,0,0,0,0,stable
CNUR-000260,安顺市,2007,0,0,0,0,0,0,stable
CNUR-000260,安顺市,2008,0,0,0,0,0,0,stable
CNUR-000260,安顺市,2009,0,0,0,0,0,0,stable
CNUR-000260,安顺市,2010,0,0,0,0,0,0,stable
CNUR-000260,安顺市,2011,0,0,0,0,0,0,stable
CNUR-000260,安顺市,2012,0,0,0,0,0,0,stable
CNUR-000260,安顺市,2013,0,0,0,0,0,0,stable
CNUR-000260,安顺市,2014,0,1,0,0,1,0,district_scope_jump
CNUR-000260,安顺市,2015,0,0,0,0,0,0,stable
CNUR-000260,安顺市,2016,0,0,0,0,0,0,stable
CNUR-000260,安顺市,2017,0,0,0,0,0,0,stable
CNUR-000260,安顺市,2018,0,0,0,0,0,0,stable
CNUR-000260,安顺市,2019,0,0,0,0,0,0,stable
CNUR-000260,安顺市,2020,0,0,0,0,0,0,stable
CNUR-000261,毕节市,1999,0,0,0,0,0,0,stable
CNUR-000261,毕节市,2000,0,0,0,0,0,0,stable
CNUR-000261,毕节市,2001,0,0,0,0,0,0,stable
CNUR-000261,毕节市,2002,0,0,0,0,0,0,stable
CNUR-000261,毕节市,2003,0,0,0,0,0,0,stable
CNUR-000261,毕节市,2004,0,0,0,0,0,0,stable
CNUR-000261,毕节市,2005,0,0,0,0,0,0,stable
CNUR-000261,毕节市,2006,0,0,0,0,0,0,stable
CNUR-000261,毕节市,2007,0,0,0,0,0,0,stable
CNUR-000261,毕节市,2008,0,0,0,0,0,0,stable
CNUR-000261,毕节市,2009,0,0,0,0,0,0,stable
CNUR-000261,毕节市,2010,0,0,0,0,0,0,stable
CNUR-000261,毕节市,2011,0,0,0,0,0,0,stable
CNUR-000261,毕节市,2012,0,0,0,0,0,0,stable
CNUR-000261,毕节市,2013,0,0,0,0,0,0,stable
CNUR-000261,毕节市,2014,0,0,0,0,0,0,stable
CNUR-000261,毕节市,2015,0,0,0,0,0,0,stable
CNUR-000261,毕节市,2016,0,0,0,0,0,0,stable
CNUR-000261,毕节市,2017,0,0,0,0,0,0,stable
CNUR-000261,毕节市,2018,0,0,0,0,0,0,stable
CNUR-000261,毕节市,2019,0,0,0,0,0,0,stable
CNUR-000261,毕节市,2020,0,0,0,0,0,0,stable
CNUR-000262,铜仁市,1999,0,0,0,0,0,0,stable
CNUR-000262,铜仁市,2000,0,0,0,0,0,0,stable
CNUR-000262,铜仁市,2001,0,0,0,0,0,0,stable
CNUR-000262,铜仁市,2002,0,0,0,0,0,0,stable
CNUR-000262,铜仁市,2003,0,0,0,0,0,0,stable
CNUR-000262,铜仁市,2004,0,0,0,0,0,0,stable
CNUR-000262,铜仁市,2005,0,0,0,0,0,0,stable
CNUR-000262,铜仁市,2006,0,0,0,0,0,0,stable
CNUR-000262,铜仁市,2007,0,0,0,0,0,0,stable
CNUR-000262,铜仁市,2008,0,0,0,0,0,0,stable
CNUR-000262,铜仁市,2009,0,0,0,0,0,0,stable
CNUR-000262,铜仁市,2010,0,0,0,0,0,0,stable
CNUR-000262,铜仁市,2011,0,0,0,0,0,0,stable
CNUR-000262,铜仁市,2012,0,0,0,0,0,0,stable
CNUR-000262,铜仁市,2013,0,0,0,0,0,0,stable
CNUR-000262,铜仁市,2014,0,0,0,0,0,0,stable
CNUR-000262,铜仁市,2015,0,0,0,0,0,0,stable
CNUR-000262,铜仁市,2016,0,0,0,0,0,0,stable
CNUR-000262,铜仁市,2017,0,0,0,0,0,0,stable
CNUR-000262,铜仁市,2018,0,0,0,0,0,0,stable
CNUR-000262,铜仁市,2019,0,0,0,0,0,0,stable
CNUR-000262,铜仁市,2020,0,0,0,0,0,0,stable
CNUR-000263,黔西南布依族苗族自治州,1999,0,0,0,0,0,0,stable
CNUR-000263,黔西南布依族苗族自治州,2000,0,0,0,0,0,0,stable
CNUR-000263,黔西南布依族苗族自治州,2001,0,0,0,0,0,0,stable
CNUR-000263,黔西南布依族苗族自治州,2002,0,0,0,0,0,0,stable
CNUR-000263,黔西南布依族苗族自治州,2003,0,0,0,0,0,0,stable
CNUR-000263,黔西南布依族苗族自治州,2004,0,0,0,0,0,0,stable
CNUR-000263,黔西南布依族苗族自治州,2005,0,0,0,0,0,0,stable
CNUR-000263,黔西南布依族苗族自治州,2006,0,0,0,0,0,0,stable
CNUR-000263,黔西南布依族苗族自治州,2007,0,0,0,0,0,0,stable
CNUR-000263,黔西南布依族苗族自治州,2008,0,0,0,0,0,0,stable
CNUR-000263,黔西南布依族苗族自治州,2009,0,0,0,0,0,0,stable
CNUR-000263,黔西南布依族苗族自治州,2010,0,0,0,0,0,0,stable
CNUR-000263,黔西南布依族苗族自治州,2011,0,0,0,0,0,0,stable
CNUR-000263,黔西南布依族苗族自治州,2012,0,0,0,0,0,0,stable
CNUR-000263,黔西南布依族苗族自治州,2013,0,0,0,0,0,0,stable
CNUR-000263,黔西南布依族苗族自治州,2014,0,0,0,0,0,0,stable
CNUR-000263,黔西南布依族苗族自治州,2015,0,0,0,0,0,0,stable
CNUR-000263,黔西南布依族苗族自治州,2016,0,0,0,0,0,0,stable
CNUR-000263,黔西南布依族苗族自治州,2017,0,0,0,0,0,0,stable
CNUR-000263,黔西南布依族苗族自治州,2018,0,0,0,0,0,0,stable
CNUR-000263,黔西南布依族苗族自治州,2019,0,0,0,0,0,0,stable
CNUR-000263,黔西南布依族苗族自治州,2020,0,0,0,0,0,0,stable
CNUR-000264,黔东南苗族侗族自治州,1999,0,0,0,0,0,0,stable
CNUR-000264,黔东南苗族侗族自治州,2000,0,0,0,0,0,0,stable
CNUR-000264,黔东南苗族侗族自治州,2001,0,0,0,0,0,0,stable
CNUR-000264,黔东南苗族侗族自治州,2002,0,0,0,0,0,0,stable
CNUR-000264,黔东南苗族侗族自治州,2003,0,0,0,0,0,0,stable
CNUR-000264,黔东南苗族侗族自治州,2004,0,0,0,0,0,0,stable
CNUR-000264,黔东南苗族侗族自治州,2005,0,0,0,0,0,0,stable
CNUR-000264,黔东南苗族侗族自治州,2006,0,0,0,0,0,0,stable
CNUR-000264,黔东南苗族侗族自治州,2007,0,0,0,0,0,0,stable
CNUR-000264,黔东南苗族侗族自治州,2008,0,0,0,0,0,0,stable
CNUR-000264,黔东南苗族侗族自治州,2009,0,0,0,0,0,0,stable
CNUR-000264,黔东南苗族侗族自治州,2010,0,0,0,0,0,0,stable
CNUR-000264,黔东南苗族侗族自治州,2011,0,0,0,0,0,0,stable
CNUR-000264,黔东南苗族侗族自治州,2012,0,0,0,0,0,0,stable
CNUR-000264,黔东南苗族侗族自治州,2013,0,0,0,0,0,0,stable
CNUR-000264,黔东南苗族侗族自治州,2014,0,0,0,0,0,0,stable
CNUR-000264,黔东南苗族侗族自治州,2015,0,0,0,0,0,0,stable
CNUR-000264,黔东南苗族侗族自治州,2016,0,0,0,0,0,0,stable
CNUR-000264,黔东南苗族侗族自治州,2017,0,0,0,0,0,0,stable
CNUR-000264,黔东南苗族侗族自治州,2018,0,0,0,0,0,0,stable
CNUR-000264,黔东南苗族侗族自治州,2019,0,0,0,0,0,0,stable
CNUR-000264,黔东南苗族侗族自治州,2020,0,0,0,0,0,0,stable
CNUR-000265,黔南布依族苗族自治州,1999,0,0,0,0,0,0,stable
CNUR-000265,黔南布依族苗族自治州,2000,0,0,0,0,0,0,stable
CNUR-000265,黔南布依族苗族自治州,2001,0,0,0,0,0,0,stable
CNUR-000265,黔南布依族苗族自治州,2002,0,0,0,0,0,0,stable
CNUR-000265,黔南布依族苗族自治州,2003,0,0,0,0,0,0,stable
CNUR-000265,黔南布依族苗族自治州,2004,0,0,0,0,0,0,stable
CNUR-000265,黔南布依族苗族自治州,2005,0,0,0,0,0,0,stable
CNUR-000265,黔南布依族苗族自治州,2006,0,0,0,0,0,0,stable
CNUR-000265,黔南布依族苗族自治州,2007,0,0,0,0,0,0,stable
CNUR-000265,黔南布依族苗族自治州,2008,0,0,0,0,0,0,stable
CNUR-000265,黔南布依族苗族自治州,2009,0,0,0,0,0,0,stable
CNUR-000265,黔南布依族苗族自治州,2010,0,0,0,0,0,0,stable
CNUR-000265,黔南布依族苗族自治州,2011,0,0,0,0,0,0,stable
CNUR-000265,黔南布依族苗族自治州,2012,0,0,0,0,0,0,stable
CNUR-000265,黔南布依族苗族自治州,2013,0,0,0,0,0,0,stable
CNUR-000265,黔南布依族苗族自治州,2014,0,0,0,0,0,0,stable
CNUR-000265,黔南布依族苗族自治州,2015,0,0,0,0,0,0,stable
CNUR-000265,黔南布依族苗族自治州,2016,0,0,0,0,0,0,stable
CNUR-000265,黔南布依族苗族自治州,2017,0,0,0,0,0,0,stable
CNUR-000265,黔南布依族苗族自治州,2018,0,0,0,0,0,0,stable
CNUR-000265,黔南布依族苗族自治州,2019,0,0,0,0,0,0,stable
CNUR-000265,黔南布依族苗族自治州,2020,0,0,0,0,0,0,stable
CNUR-000266,昆明市,1999,0,0,0,0,0,0,stable
CNUR-000266,昆明市,2000,0,0,0,0,0,0,stable
CNUR-000266,昆明市,2001,0,0,0,0,0,0,stable
CNUR-000266,昆明市,2002,0,0,0,0,0,0,stable
CNUR-000266,昆明市,2003,0,0,0,0,0,0,stable
CNUR-000266,昆明市,2004,0,0,0,0,0,0,stable
CNUR-000266,昆明市,2005,0,0,0,0,0,0,stable
CNUR-000266,昆明市,2006,0,0,0,0,0,0,stable
CNUR-000266,昆明市,2007,0,0,0,0,0,0,stable
CNUR-000266,昆明市,2008,0,0,0,0,0,0,stable
CNUR-000266,昆明市,2009,0,0,0,0,0,0,stable
CNUR-000266,昆明市,2010,0,0,0,0,0,0,stable
CNUR-000266,昆明市,2011,0,1,0,0,1,0,district_scope_jump
CNUR-000266,昆明市,2012,0,0,0,0,0,0,stable
CNUR-000266,昆明市,2013,0,0,0,0,0,0,stable
CNUR-000266,昆明市,2014,0,0,0,0,0,0,stable
CNUR-000266,昆明市,2015,0,0,0,0,0,0,stable
CNUR-000266,昆明市,2016,0,1,0,0,1,0,district_scope_jump
CNUR-000266,昆明市,2017,0,0,0,0,0,0,stable
CNUR-000266,昆明市,2018,0,0,0,0,0,0,stable
CNUR-000266,昆明市,2019,0,0,0,0,0,0,stable
CNUR-000266,昆明市,2020,0,0,0,0,0,0,stable
CNUR-000267,曲靖市,1999,0,0,0,0,0,0,stable
CNUR-000267,曲靖市,2000,0,0,0,0,0,0,stable
CNUR-000267,曲靖市,2001,0,0,0,0,0,0,stable
CNUR-000267,曲靖市,2002,0,0,0,0,0,0,stable
CNUR-000267,曲靖市,2003,0,0,0,0,0,0,stable
CNUR-000267,曲靖市,2004,0,0,0,0,0,0,stable
CNUR-000267,曲靖市,2005,0,0,0,0,0,0,stable
CNUR-000267,曲靖市,2006,0,0,0,0,0,0,stable
CNUR-000267,曲靖市,2007,0,0,0,0,0,0,stable
CNUR-000267,曲靖市,2008,0,0,0,0,0,0,stable
CNUR-000267,曲靖市,2009,0,0,0,0,0,0,stable
CNUR-000267,曲靖市,2010,0,0,0,0,0,0,stable
CNUR-000267,曲靖市,2011,0,0,0,0,0,0,stable
CNUR-000267,曲靖市,2012,0,0,0,0,0,0,stable
CNUR-000267,曲靖市,2013,0,0,0,0,0,0,stable
CNUR-000267,曲靖市,2014,0,0,0,0,0,0,stable
CNUR-000267,曲靖市,2015,0,0,0,0,0,0,stable
CNUR-000267,曲靖市,2016,0,1,0,0,1,0,district_scope_jump
CNUR-000267,曲靖市,2017,0,0,0,0,0,0,stable
CNUR-000267,曲靖市,2018,0,1,0,0,1,0,district_scope_jump
CNUR-000267,曲靖市,2019,0,0,0,0,0,0,stable
CNUR-000267,曲靖市,2020,0,0,0,0,0,0,stable
CNUR-000268,玉溪市,1999,0,0,0,0,0,0,stable
CNUR-000268,玉溪市,2000,0,0,0,0,0,0,stable
CNUR-000268,玉溪市,2001,0,0,0,0,0,0,stable
CNUR-000268,玉溪市,2002,0,0,0,0,0,0,stable
CNUR-000268,玉溪市,2003,0,0,0,0,0,0,stable
CNUR-000268,玉溪市,2004,0,0,0,0,0,0,stable
CNUR-000268,玉溪市,2005,0,0,0,0,0,0,stable
CNUR-000268,玉溪市,2006,0,0,0,0,0,0,stable
CNUR-000268,玉溪市,2007,0,0,0,0,0,0,stable
CNUR-000268,玉溪市,2008,0,0,0,0,0,0,stable
CNUR-000268,玉溪市,2009,0,0,0,0,0,0,stable
CNUR-000268,玉溪市,2010,0,0,0,0,0,0,stable
CNUR-000268,玉溪市,2011,0,0,0,0,0,0,stable
CNUR-000268,玉溪市,2012,0,0,0,0,0,0,stable
CNUR-000268,玉溪市,2013,0,0,0,0,0,0,stable
CNUR-000268,玉溪市,2014,0,0,0,0,0,0,stable
CNUR-000268,玉溪市,2015,0,1,0,0,1,0,district_scope_jump
CNUR-000268,玉溪市,2016,0,0,0,0,0,0,stable
CNUR-000268,玉溪市,2017,0,0,0,0,0,0,stable
CNUR-000268,玉溪市,2018,0,0,0,0,0,0,stable
CNUR-000268,玉溪市,2019,0,0,0,0,0,0,stable
CNUR-000268,玉溪市,2020,0,0,0,0,0,0,stable
CNUR-000269,保山市,1999,0,0,0,0,0,0,stable
CNUR-000269,保山市,2000,0,0,0,0,0,0,stable
CNUR-000269,保山市,2001,0,0,0,0,0,0,stable
CNUR-000269,保山市,2002,0,0,0,0,0,0,stable
CNUR-000269,保山市,2003,0,0,0,0,0,0,stable
CNUR-000269,保山市,2004,0,0,0,0,0,0,stable
CNUR-000269,保山市,2005,0,0,0,0,0,0,stable
CNUR-000269,保山市,2006,0,0,0,0,0,0,stable
CNUR-000269,保山市,2007,0,0,0,0,0,0,stable
CNUR-000269,保山市,2008,0,0,0,0,0,0,stable
CNUR-000269,保山市,2009,0,0,0,0,0,0,stable
CNUR-000269,保山市,2010,0,0,0,0,0,0,stable
CNUR-000269,保山市,2011,0,0,0,0,0,0,stable
CNUR-000269,保山市,2012,0,0,0,0,0,0,stable
CNUR-000269,保山市,2013,0,0,0,0,0,0,stable
CNUR-000269,保山市,2014,0,0,0,0,0,0,stable
CNUR-000269,保山市,2015,0,0,0,0,0,0,stable
CNUR-000269,保山市,2016,0,0,0,0,0,0,stable
CNUR-000269,保山市,2017,0,0,0,0,0,0,stable
CNUR-000269,保山市,2018,0,0,0,0,0,0,stable
CNUR-000269,保山市,2019,0,0,0,0,0,0,stable
CNUR-000269,保山市,2020,0,0,0,0,0,0,stable
CNUR-000270,昭通市,1999,0,0,0,0,0,0,stable
CNUR-000270,昭通市,2000,0,0,0,0,0,0,stable
CNUR-000270,昭通市,2001,0,0,0,0,0,0,stable
CNUR-000270,昭通市,2002,0,0,0,0,0,0,stable
CNUR-000270,昭通市,2003,0,0,0,0,0,0,stable
CNUR-000270,昭通市,2004,0,0,0,0,0,0,stable
CNUR-000270,昭通市,2005,0,0,0,0,0,0,stable
CNUR-000270,昭通市,2006,0,0,0,0,0,0,stable
CNUR-000270,昭通市,2007,0,0,0,0,0,0,stable
CNUR-000270,昭通市,2008,0,0,0,0,0,0,stable
CNUR-000270,昭通市,2009,0,0,0,0,0,0,stable
CNUR-000270,昭通市,2010,0,0,0,0,0,0,stable
CNUR-000270,昭通市,2011,0,0,0,0,0,0,stable
CNUR-000270,昭通市,2012,0,0,0,0,0,0,stable
CNUR-000270,昭通市,2013,0,0,0,0,0,0,stable
CNUR-000270,昭通市,2014,0,0,0,0,0,0,stable
CNUR-000270,昭通市,2015,0,0,0,0,0,0,stable
CNUR-000270,昭通市,2016,0,0,0,0,0,0,stable
CNUR-000270,昭通市,2017,0,0,0,0,0,0,stable
CNUR-000270,昭通市,2018,0,0,0,0,0,0,stable
CNUR-000270,昭通市,2019,0,0,0,0,0,0,stable
CNUR-000270,昭通市,2020,0,0,0,0,0,0,stable
CNUR-000271,丽江市,1999,0,0,0,0,0,0,stable
CNUR-000271,丽江市,2000,0,0,0,0,0,0,stable
CNUR-000271,丽江市,2001,0,0,0,0,0,0,stable
CNUR-000271,丽江市,2002,0,0,0,0,0,0,stable
CNUR-000271,丽江市,2003,0,0,0,0,0,0,stable
CNUR-000271,丽江市,2004,0,0,0,0,0,0,stable
CNUR-000271,丽江市,2005,0,0,0,0,0,0,stable
CNUR-000271,丽江市,2006,0,0,0,0,0,0,stable
CNUR-000271,丽江市,2007,0,0,0,0,0,0,stable
CNUR-000271,丽江市,2008,0,0,0,0,0,0,stable
CNUR-000271,丽江市,2009,0,0,0,0,0,0,stable
CNUR-000271,丽江市,2010,0,0,0,0,0,0,stable
CNUR-000271,丽江市,2011,0,0,0,0,0,0,stable
CNUR-000271,丽江市,2012,0,0,0,0,0,0,stable
CNUR-000271,丽江市,2013,0,0,0,0,0,0,stable
CNUR-000271,丽江市,2014,0,0,0,0,0,0,stable
CNUR-000271,丽江市,2015,0,0,0,0,0,0,stable
CNUR-000271,丽江市,2016,0,0,0,0,0,0,stable
CNUR-000271,丽江市,2017,0,0,0,0,0,0,stable
CNUR-000271,丽江市,2018,0,0,0,0,0,0,stable
CNUR-000271,丽江市,2019,0,0,0,0,0,0,stable
CNUR-000271,丽江市,2020,0,0,0,0,0,0,stable
CNUR-000272,普洱市,1999,0,0,0,0,0,0,stable
CNUR-000272,普洱市,2000,0,0,0,0,0,0,stable
CNUR-000272,普洱市,2001,0,0,0,0,0,0,stable
CNUR-000272,普洱市,2002,0,0,0,0,0,0,stable
CNUR-000272,普洱市,2003,0,0,0,0,0,0,stable
CNUR-000272,普洱市,2004,0,0,0,0,0,0,stable
CNUR-000272,普洱市,2005,0,0,0,0,0,0,stable
CNUR-000272,普洱市,2006,0,0,0,0,0,0,stable
CNUR-000272,普洱市,2007,0,0,0,0,0,0,stable
CNUR-000272,普洱市,2008,0,0,0,0,0,0,stable
CNUR-000272,普洱市,2009,0,0,0,0,0,0,stable
CNUR-000272,普洱市,2010,0,0,0,0,0,0,stable
CNUR-000272,普洱市,2011,0,0,0,0,0,0,stable
CNUR-000272,普洱市,2012,0,0,0,0,0,0,stable
CNUR-000272,普洱市,2013,0,0,0,0,0,0,stable
CNUR-000272,普洱市,2014,0,0,0,0,0,0,stable
CNUR-000272,普洱市,2015,0,0,0,0,0,0,stable
CNUR-000272,普洱市,2016,0,0,0,0,0,0,stable
CNUR-000272,普洱市,2017,0,0,0,0,0,0,stable
CNUR-000272,普洱市,2018,0,0,0,0,0,0,stable
CNUR-000272,普洱市,2019,0,0,0,0,0,0,stable
CNUR-000272,普洱市,2020,0,0,0,0,0,0,stable
CNUR-000273,临沧市,1999,0,0,0,0,0,0,stable
CNUR-000273,临沧市,2000,0,0,0,0,0,0,stable
CNUR-000273,临沧市,2001,0,0,0,0,0,0,stable
CNUR-000273,临沧市,2002,0,0,0,0,0,0,stable
CNUR-000273,临沧市,2003,0,0,0,0,0,0,stable
CNUR-000273,临沧市,2004,0,0,0,0,0,0,stable
CNUR-000273,临沧市,2005,0,0,0,0,0,0,stable
CNUR-000273,临沧市,2006,0,0,0,0,0,0,stable
CNUR-000273,临沧市,2007,0,0,0,0,0,0,stable
CNUR-000273,临沧市,2008,0,0,0,0,0,0,stable
CNUR-000273,临沧市,2009,0,0,0,0,0,0,stable
CNUR-000273,临沧市,2010,0,0,0,0,0,0,stable
CNUR-000273,临沧市,2011,0,0,0,0,0,0,stable
CNUR-000273,临沧市,2012,0,0,0,0,0,0,stable
CNUR-000273,临沧市,2013,0,0,0,0,0,0,stable
CNUR-000273,临沧市,2014,0,0,0,0,0,0,stable
CNUR-000273,临沧市,2015,0,0,0,0,0,0,stable
CNUR-000273,临沧市,2016,0,0,0,0,0,0,stable
CNUR-000273,临沧市,2017,0,0,0,0,0,0,stable
CNUR-000273,临沧市,2018,0,0,0,0,0,0,stable
CNUR-000273,临沧市,2019,0,0,0,0,0,0,stable
CNUR-000273,临沧市,2020,0,0,0,0,0,0,stable
CNUR-000274,楚雄彝族自治州,1999,0,0,0,0,0,0,stable
CNUR-000274,楚雄彝族自治州,2000,0,0,0,0,0,0,stable
CNUR-000274,楚雄彝族自治州,2001,0,0,0,0,0,0,stable
CNUR-000274,楚雄彝族自治州,2002,0,0,0,0,0,0,stable
CNUR-000274,楚雄彝族自治州,2003,0,0,0,0,0,0,stable
CNUR-000274,楚雄彝族自治州,2004,0,0,0,0,0,0,stable
CNUR-000274,楚雄彝族自治州,2005,0,0,0,0,0,0,stable
CNUR-000274,楚雄彝族自治州,2006,0,0,0,0,0,0,stable
CNUR-000274,楚雄彝族自治州,2007,0,0,0,0,0,0,stable
CNUR-000274,楚雄彝族自治州,2008,0,0,0,0,0,0,stable
CNUR-000274,楚雄彝族自治州,2009,0,0,0,0,0,0,stable
CNUR-000274,楚雄彝族自治州,2010,0,0,0,0,0,0,stable
CNUR-000274,楚雄彝族自治州,2011,0,0,0,0,0,0,stable
CNUR-000274,楚雄彝族自治州,2012,0,0,0,0,0,0,stable
CNUR-000274,楚雄彝族自治州,2013,0,0,0,0,0,0,stable
CNUR-000274,楚雄彝族自治州,2014,0,0,0,0,0,0,stable
CNUR-000274,楚雄彝族自治州,2015,0,0,0,0,0,0,stable
CNUR-000274,楚雄彝族自治州,2016,0,0,0,0,0,0,stable
CNUR-000274,楚雄彝族自治州,2017,0,0,0,0,0,0,stable
CNUR-000274,楚雄彝族自治州,2018,0,0,0,0,0,0,stable
CNUR-000274,楚雄彝族自治州,2019,0,0,0,0,0,0,stable
CNUR-000274,楚雄彝族自治州,2020,0,0,0,0,0,0,stable
CNUR-000275,红河哈尼族彝族自治州,1999,0,0,0,0,0,0,stable
CNUR-000275,红河哈尼族彝族自治州,2000,0,0,0,0,0,0,stable
CNUR-000275,红河哈尼族彝族自治州,2001,0,0,0,0,0,0,stable
CNUR-000275,红河哈尼族彝族自治州,2002,0,0,0,0,0,0,stable
CNUR-000275,红河哈尼族彝族自治州,2003,0,0,0,0,0,0,stable
CNUR-000275,红河哈尼族彝族自治州,2004,0,0,0,0,0,0,stable
CNUR-000275,红河哈尼族彝族自治州,2005,0,0,0,0,0,0,stable
CNUR-000275,红河哈尼族彝族自治州,2006,0,0,0,0,0,0,stable
CNUR-000275,红河哈尼族彝族自治州,2007,0,0,0,0,0,0,stable
CNUR-000275,红河哈尼族彝族自治州,2008,0,0,0,0,0,0,stable
CNUR-000275,红河哈尼族彝族自治州,2009,0,0,0,0,0,0,stable
CNUR-000275,红河哈尼族彝族自治州,2010,0,0,0,0,0,0,stable
CNUR-000275,红河哈尼族彝族自治州,2011,0,0,0,0,0,0,stable
CNUR-000275,红河哈尼族彝族自治州,2012,0,0,0,0,0,0,stable
CNUR-000275,红河哈尼族彝族自治州,2013,0,0,0,0,0,0,stable
CNUR-000275,红河哈尼族彝族自治州,2014,0,0,0,0,0,0,stable
CNUR-000275,红河哈尼族彝族自治州,2015,0,0,0,0,0,0,stable
CNUR-000275,红河哈尼族彝族自治州,2016,0,0,0,0,0,0,stable
CNUR-000275,红河哈尼族彝族自治州,2017,0,0,0,0,0,0,stable
CNUR-000275,红河哈尼族彝族自治州,2018,0,0,0,0,0,0,stable
CNUR-000275,红河哈尼族彝族自治州,2019,0,0,0,0,0,0,stable
CNUR-000275,红河哈尼族彝族自治州,2020,0,0,0,0,0,0,stable
CNUR-000276,文山壮族苗族自治州,1999,0,0,0,0,0,0,stable
CNUR-000276,文山壮族苗族自治州,2000,0,0,0,0,0,0,stable
CNUR-000276,文山壮族苗族自治州,2001,0,0,0,0,0,0,stable
CNUR-000276,文山壮族苗族自治州,2002,0,0,0,0,0,0,stable
CNUR-000276,文山壮族苗族自治州,2003,0,0,0,0,0,0,stable
CNUR-000276,文山壮族苗族自治州,2004,0,0,0,0,0,0,stable
CNUR-000276,文山壮族苗族自治州,2005,0,0,0,0,0,0,stable
CNUR-000276,文山壮族苗族自治州,2006,0,0,0,0,0,0,stable
CNUR-000276,文山壮族苗族自治州,2007,0,0,0,0,0,0,stable
CNUR-000276,文山壮族苗族自治州,2008,0,0,0,0,0,0,stable
CNUR-000276,文山壮族苗族自治州,2009,0,0,0,0,0,0,stable
CNUR-000276,文山壮族苗族自治州,2010,0,0,0,0,0,0,stable
CNUR-000276,文山壮族苗族自治州,2011,0,0,0,0,0,0,stable
CNUR-000276,文山壮族苗族自治州,2012,0,0,0,0,0,0,stable
CNUR-000276,文山壮族苗族自治州,2013,0,0,0,0,0,0,stable
CNUR-000276,文山壮族苗族自治州,2014,0,0,0,0,0,0,stable
CNUR-000276,文山壮族苗族自治州,2015,0,0,0,0,0,0,stable
CNUR-000276,文山壮族苗族自治州,2016,0,0,0,0,0,0,stable
CNUR-000276,文山壮族苗族自治州,2017,0,0,0,0,0,0,stable
CNUR-000276,文山壮族苗族自治州,2018,0,0,0,0,0,0,stable
CNUR-000276,文山壮族苗族自治州,2019,0,0,0,0,0,0,stable
CNUR-000276,文山壮族苗族自治州,2020,0,0,0,0,0,0,stable
CNUR-000277,西双版纳傣族自治州,1999,0,0,0,0,0,0,stable
CNUR-000277,西双版纳傣族自治州,2000,0,0,0,0,0,0,stable
CNUR-000277,西双版纳傣族自治州,2001,0,0,0,0,0,0,stable
CNUR-000277,西双版纳傣族自治州,2002,0,0,0,0,0,0,stable
CNUR-000277,西双版纳傣族自治州,2003,0,0,0,0,0,0,stable
CNUR-000277,西双版纳傣族自治州,2004,0,0,0,0,0,0,stable
CNUR-000277,西双版纳傣族自治州,2005,0,0,0,0,0,0,stable
CNUR-000277,西双版纳傣族自治州,2006,0,0,0,0,0,0,stable
CNUR-000277,西双版纳傣族自治州,2007,0,0,0,0,0,0,stable
CNUR-000277,西双版纳傣族自治州,2008,0,0,0,0,0,0,stable
CNUR-000277,西双版纳傣族自治州,2009,0,0,0,0,0,0,stable
CNUR-000277,西双版纳傣族自治州,2010,0,0,0,0,0,0,stable
CNUR-000277,西双版纳傣族自治州,2011,0,0,0,0,0,0,stable
CNUR-000277,西双版纳傣族自治州,2012,0,0,0,0,0,0,stable
CNUR-000277,西双版纳傣族自治州,2013,0,0,0,0,0,0,stable
CNUR-000277,西双版纳傣族自治州,2014,0,0,0,0,0,0,stable
CNUR-000277,西双版纳傣族自治州,2015,0,0,0,0,0,0,stable
CNUR-000277,西双版纳傣族自治州,2016,0,0,0,0,0,0,stable
CNUR-000277,西双版纳傣族自治州,2017,0,0,0,0,0,0,stable
CNUR-000277,西双版纳傣族自治州,2018,0,0,0,0,0,0,stable
CNUR-000277,西双版纳傣族自治州,2019,0,0,0,0,0,0,stable
CNUR-000277,西双版纳傣族自治州,2020,0,0,0,0,0,0,stable
CNUR-000278,大理白族自治州,1999,0,0,0,0,0,0,stable
CNUR-000278,大理白族自治州,2000,0,0,0,0,0,0,stable
CNUR-000278,大理白族自治州,2001,0,0,0,0,0,0,stable
CNUR-000278,大理白族自治州,2002,0,0,0,0,0,0,stable
CNUR-000278,大理白族自治州,2003,0,0,0,0,0,0,stable
CNUR-000278,大理白族自治州,2004,0,0,0,0,0,0,stable
CNUR-000278,大理白族自治州,2005,0,0,0,0,0,0,stable
CNUR-000278,大理白族自治州,2006,0,0,0,0,0,0,stable
CNUR-000278,大理白族自治州,2007,0,0,0,0,0,0,stable
CNUR-000278,大理白族自治州,2008,0,0,0,0,0,0,stable
CNUR-000278,大理白族自治州,2009,0,0,0,0,0,0,stable
CNUR-000278,大理白族自治州,2010,0,0,0,0,0,0,stable
CNUR-000278,大理白族自治州,2011,0,0,0,0,0,0,stable
CNUR-000278,大理白族自治州,2012,0,0,0,0,0,0,stable
CNUR-000278,大理白族自治州,2013,0,0,0,0,0,0,stable
CNUR-000278,大理白族自治州,2014,0,0,0,0,0,0,stable
CNUR-000278,大理白族自治州,2015,0,0,0,0,0,0,stable
CNUR-000278,大理白族自治州,2016,0,0,0,0,0,0,stable
CNUR-000278,大理白族自治州,2017,0,0,0,0,0,0,stable
CNUR-000278,大理白族自治州,2018,0,0,0,0,0,0,stable
CNUR-000278,大理白族自治州,2019,0,0,0,0,0,0,stable
CNUR-000278,大理白族自治州,2020,0,0,0,0,0,0,stable
CNUR-000279,德宏傣族景颇族自治州,1999,0,0,0,0,0,0,stable
CNUR-000279,德宏傣族景颇族自治州,2000,0,0,0,0,0,0,stable
CNUR-000279,德宏傣族景颇族自治州,2001,0,0,0,0,0,0,stable
CNUR-000279,德宏傣族景颇族自治州,2002,0,0,0,0,0,0,stable
CNUR-000279,德宏傣族景颇族自治州,2003,0,0,0,0,0,0,stable
CNUR-000279,德宏傣族景颇族自治州,2004,0,0,0,0,0,0,stable
CNUR-000279,德宏傣族景颇族自治州,2005,0,0,0,0,0,0,stable
CNUR-000279,德宏傣族景颇族自治州,2006,0,0,0,0,0,0,stable
CNUR-000279,德宏傣族景颇族自治州,2007,0,0,0,0,0,0,stable
CNUR-000279,德宏傣族景颇族自治州,2008,0,0,0,0,0,0,stable
CNUR-000279,德宏傣族景颇族自治州,2009,0,0,0,0,0,0,stable
CNUR-000279,德宏傣族景颇族自治州,2010,0,0,0,0,0,0,stable
CNUR-000279,德宏傣族景颇族自治州,2011,0,0,0,0,0,0,stable
CNUR-000279,德宏傣族景颇族自治州,2012,0,0,0,0,0,0,stable
CNUR-000279,德宏傣族景颇族自治州,2013,0,0,0,0,0,0,stable
CNUR-000279,德宏傣族景颇族自治州,2014,0,0,0,0,0,0,stable
CNUR-000279,德宏傣族景颇族自治州,2015,0,0,0,0,0,0,stable
CNUR-000279,德宏傣族景颇族自治州,2016,0,0,0,0,0,0,stable
CNUR-000279,德宏傣族景颇族自治州,2017,0,0,0,0,0,0,stable
CNUR-000279,德宏傣族景颇族自治州,2018,0,0,0,0,0,0,stable
CNUR-000279,德宏傣族景颇族自治州,2019,0,0,0,0,0,0,stable
CNUR-000279,德宏傣族景颇族自治州,2020,0,0,0,0,0,0,stable
CNUR-000280,怒江傈僳族自治州,1999,0,0,0,0,0,0,stable
CNUR-000280,怒江傈僳族自治州,2000,0,0,0,0,0,0,stable
CNUR-000280,怒江傈僳族自治州,2001,0,0,0,0,0,0,stable
CNUR-000280,怒江傈僳族自治州,2002,0,0,0,0,0,0,stable
CNUR-000280,怒江傈僳族自治州,2003,0,0,0,0,0,0,stable
CNUR-000280,怒江傈僳族自治州,2004,0,0,0,0,0,0,stable
CNUR-000280,怒江傈僳族自治州,2005,0,0,0,0,0,0,stable
CNUR-000280,怒江傈僳族自治州,2006,0,0,0,0,0,0,stable
CNUR-000280,怒江傈僳族自治州,2007,0,0,0,0,0,0,stable
CNUR-000280,怒江傈僳族自治州,2008,0,0,0,0,0,0,stable
CNUR-000280,怒江傈僳族自治州,2009,0,0,0,0,0,0,stable
CNUR-000280,怒江傈僳族自治州,2010,0,0,0,0,0,0,stable
CNUR-000280,怒江傈僳族自治州,2011,0,0,0,0,0,0,stable
CNUR-000280,怒江傈僳族自治州,2012,0,0,0,0,0,0,stable
CNUR-000280,怒江傈僳族自治州,2013,0,0,0,0,0,0,stable
CNUR-000280,怒江傈僳族自治州,2014,0,0,0,0,0,0,stable
CNUR-000280,怒江傈僳族自治州,2015,0,0,0,0,0,0,stable
CNUR-000280,怒江傈僳族自治州,2016,0,0,0,0,0,0,stable
CNUR-000280,怒江傈僳族自治州,2017,0,0,0,0,0,0,stable
CNUR-000280,怒江傈僳族自治州,2018,0,0,0,0,0,0,stable
CNUR-000280,怒江傈僳族自治州,2019,0,0,0,0,0,0,stable
CNUR-000280,怒江傈僳族自治州,2020,0,0,0,0,0,0,stable
CNUR-000281,迪庆藏族自治州,1999,0,0,0,0,0,0,stable
CNUR-000281,迪庆藏族自治州,2000,0,0,0,0,0,0,stable
CNUR-000281,迪庆藏族自治州,2001,0,0,0,0,0,0,stable
CNUR-000281,迪庆藏族自治州,2002,0,0,0,0,0,0,stable
CNUR-000281,迪庆藏族自治州,2003,0,0,0,0,0,0,stable
CNUR-000281,迪庆藏族自治州,2004,0,0,0,0,0,0,stable
CNUR-000281,迪庆藏族自治州,2005,0,0,0,0,0,0,stable
CNUR-000281,迪庆藏族自治州,2006,0,0,0,0,0,0,stable
CNUR-000281,迪庆藏族自治州,2007,0,0,0,0,0,0,stable
CNUR-000281,迪庆藏族自治州,2008,0,0,0,0,0,0,stable
CNUR-000281,迪庆藏族自治州,2009,0,0,0,0,0,0,stable
CNUR-000281,迪庆藏族自治州,2010,0,0,0,0,0,0,stable
CNUR-000281,迪庆藏族自治州,2011,0,0,0,0,0,0,stable
CNUR-000281,迪庆藏族自治州,2012,0,0,0,0,0,0,stable
CNUR-000281,迪庆藏族自治州,2013,0,0,0,0,0,0,stable
CNUR-000281,迪庆藏族自治州,2014,0,0,0,0,0,0,stable
CNUR-000281,迪庆藏族自治州,2015,0,0,0,0,0,0,stable
CNUR-000281,迪庆藏族自治州,2016,0,0,0,0,0,0,stable
CNUR-000281,迪庆藏族自治州,2017,0,0,0,0,0,0,stable
CNUR-000281,迪庆藏族自治州,2018,0,0,0,0,0,0,stable
CNUR-000281,迪庆藏族自治州,2019,0,0,0,0,0,0,stable
CNUR-000281,迪庆藏族自治州,2020,0,0,0,0,0,0,stable
CNUR-000282,拉萨市,1999,0,0,0,0,0,0,stable
CNUR-000282,拉萨市,2000,0,0,0,0,0,0,stable
CNUR-000282,拉萨市,2001,0,0,0,0,0,0,stable
CNUR-000282,拉萨市,2002,0,0,0,0,0,0,stable
CNUR-000282,拉萨市,2003,0,0,0,0,0,0,stable
CNUR-000282,拉萨市,2004,0,0,0,0,0,0,stable
CNUR-000282,拉萨市,2005,0,0,0,0,0,0,stable
CNUR-000282,拉萨市,2006,0,0,0,0,0,0,stable
CNUR-000282,拉萨市,2007,0,0,0,0,0,0,stable
CNUR-000282,拉萨市,2008,0,0,0,0,0,0,stable
CNUR-000282,拉萨市,2009,0,0,0,0,0,0,stable
CNUR-000282,拉萨市,2010,0,0,0,0,0,0,stable
CNUR-000282,拉萨市,2011,0,0,0,0,0,0,stable
CNUR-000282,拉萨市,2012,0,0,0,0,0,0,stable
CNUR-000282,拉萨市,2013,0,0,0,0,0,0,stable
CNUR-000282,拉萨市,2014,0,0,0,0,0,0,stable
CNUR-000282,拉萨市,2015,0,1,0,0,1,0,district_scope_jump
CNUR-000282,拉萨市,2016,0,0,0,0,0,0,stable
CNUR-000282,拉萨市,2017,0,1,0,0,1,0,district_scope_jump
CNUR-000282,拉萨市,2018,0,0,0,0,0,0,stable
CNUR-000282,拉萨市,2019,0,0,0,0,0,0,stable
CNUR-000282,拉萨市,2020,0,0,0,0,0,0,stable
CNUR-000283,日喀则市,1999,0,0,0,0,0,0,stable
CNUR-000283,日喀则市,2000,0,0,0,0,0,0,stable
CNUR-000283,日喀则市,2001,0,0,0,0,0,0,stable
CNUR-000283,日喀则市,2002,0,0,0,0,0,0,stable
CNUR-000283,日喀则市,2003,0,0,0,0,0,0,stable
CNUR-000283,日喀则市,2004,0,0,0,0,0,0,stable
CNUR-000283,日喀则市,2005,0,0,0,0,0,0,stable
CNUR-000283,日喀则市,2006,0,0,0,0,0,0,stable
CNUR-000283,日喀则市,2007,0,0,0,0,0,0,stable
CNUR-000283,日喀则市,2008,0,0,0,0,0,0,stable
CNUR-000283,日喀则市,2009,0,0,0,0,0,0,stable
CNUR-000283,日喀则市,2010,0,0,0,0,0,0,stable
CNUR-000283,日喀则市,2011,0,0,0,0,0,0,stable
CNUR-000283,日喀则市,2012,0,0,0,0,0,0,stable
CNUR-000283,日喀则市,2013,0,0,0,0,0,0,stable
CNUR-000283,日喀则市,2014,0,0,0,0,0,0,stable
CNUR-000283,日喀则市,2015,0,0,0,0,0,0,stable
CNUR-000283,日喀则市,2016,0,0,0,0,0,0,stable
CNUR-000283,日喀则市,2017,0,0,0,0,0,0,stable
CNUR-000283,日喀则市,2018,0,0,0,0,0,0,stable
CNUR-000283,日喀则市,2019,0,0,0,0,0,0,stable
CNUR-000283,日喀则市,2020,0,0,0,0,0,0,stable
CNUR-000284,昌都市,1999,0,0,0,0,0,0,stable
CNUR-000284,昌都市,2000,0,0,0,0,0,0,stable
CNUR-000284,昌都市,2001,0,0,0,0,0,0,stable
CNUR-000284,昌都市,2002,0,0,0,0,0,0,stable
CNUR-000284,昌都市,2003,0,0,0,0,0,0,stable
CNUR-000284,昌都市,2004,0,0,0,0,0,0,stable
CNUR-000284,昌都市,2005,0,0,0,0,0,0,stable
CNUR-000284,昌都市,2006,0,0,0,0,0,0,stable
CNUR-000284,昌都市,2007,0,0,0,0,0,0,stable
CNUR-000284,昌都市,2008,0,0,0,0,0,0,stable
CNUR-000284,昌都市,2009,0,0,0,0,0,0,stable
CNUR-000284,昌都市,2010,0,0,0,0,0,0,stable
CNUR-000284,昌都市,2011,0,0,0,0,0,0,stable
CNUR-000284,昌都市,2012,0,0,0,0,0,0,stable
CNUR-000284,昌都市,2013,0,0,0,0,0,0,stable
CNUR-000284,昌都市,2014,0,0,0,0,0,0,stable
CNUR-000284,昌都市,2015,0,0,0,0,0,0,stable
CNUR-000284,昌都市,2016,0,0,0,0,0,0,stable
CNUR-000284,昌都市,2017,0,0,0,0,0,0,stable
CNUR-000284,昌都市,2018,0,0,0,0,0,0,stable
CNUR-000284,昌都市,2019,0,0,0,0,0,0,stable
CNUR-000284,昌都市,2020,0,0,0,0,0,0,stable
CNUR-000285,林芝市,1999,0,0,0,0,0,0,stable
CNUR-000285,林芝市,2000,0,0,0,0,0,0,stable
CNUR-000285,林芝市,2001,0,0,0,0,0,0,stable
CNUR-000285,林芝市,2002,0,0,0,0,0,0,stable
CNUR-000285,林芝市,2003,0,0,0,0,0,0,stable
CNUR-000285,林芝市,2004,0,0,0,0,0,0,stable
CNUR-000285,林芝市,2005,0,0,0,0,0,0,stable
CNUR-000285,林芝市,2006,0,0,0,0,0,0,stable
CNUR-000285,林芝市,2007,0,0,0,0,0,0,stable
CNUR-000285,林芝市,2008,0,0,0,0,0,0,stable
CNUR-000285,林芝市,2009,0,0,0,0,0,0,stable
CNUR-000285,林芝市,2010,0,0,0,0,0,0,stable
CNUR-000285,林芝市,2011,0,0,0,0,0,0,stable
CNUR-000285,林芝市,2012,0,0,0,0,0,0,stable
CNUR-000285,林芝市,2013,0,0,0,0,0,0,stable
CNUR-000285,林芝市,2014,0,0,0,0,0,0,stable
CNUR-000285,林芝市,2015,0,0,0,0,0,0,stable
CNUR-000285,林芝市,2016,0,0,0,0,0,0,stable
CNUR-000285,林芝市,2017,0,0,0,0,0,0,stable
CNUR-000285,林芝市,2018,0,0,0,0,0,0,stable
CNUR-000285,林芝市,2019,0,0,0,0,0,0,stable
CNUR-000285,林芝市,2020,0,0,0,0,0,0,stable
CNUR-000286,山南市,1999,0,0,0,0,0,0,stable
CNUR-000286,山南市,2000,0,0,0,0,0,0,stable
CNUR-000286,山南市,2001,0,0,0,0,0,0,stable
CNUR-000286,山南市,2002,0,0,0,0,0,0,stable
CNUR-000286,山南市,2003,0,0,0,0,0,0,stable
CNUR-000286,山南市,2004,0,0,0,0,0,0,stable
CNUR-000286,山南市,2005,0,0,0,0,0,0,stable
CNUR-000286,山南市,2006,0,0,0,0,0,0,stable
CNUR-000286,山南市,2007,0,0,0,0,0,0,stable
CNUR-000286,山南市,2008,0,0,0,0,0,0,stable
CNUR-000286,山南市,2009,0,0,0,0,0,0,stable
CNUR-000286,山南市,2010,0,0,0,0,0,0,stable
CNUR-000286,山南市,2011,0,0,0,0,0,0,stable
CNUR-000286,山南市,2012,0,0,0,0,0,0,stable
CNUR-000286,山南市,2013,0,0,0,0,0,0,stable
CNUR-000286,山南市,2014,0,0,0,0,0,0,stable
CNUR-000286,山南市,2015,0,0,0,0,0,0,stable
CNUR-000286,山南市,2016,0,0,0,0,0,0,stable
CNUR-000286,山南市,2017,0,0,0,0,0,0,stable
CNUR-000286,山南市,2018,0,0,0,0,0,0,stable
CNUR-000286,山南市,2019,0,0,0,0,0,0,stable
CNUR-000286,山南市,2020,0,0,0,0,0,0,stable
CNUR-000287,那曲市,1999,0,0,0,0,0,0,stable
CNUR-000287,那曲市,2000,0,0,0,0,0,0,stable
CNUR-000287,那曲市,2001,0,0,0,0,0,0,stable
CNUR-000287,那曲市,2002,0,0,0,0,0,0,stable
CNUR-000287,那曲市,2003,0,0,0,0,0,0,stable
CNUR-000287,那曲市,2004,0,0,0,0,0,0,stable
CNUR-000287,那曲市,2005,0,0,0,0,0,0,stable
CNUR-000287,那曲市,2006,0,0,0,0,0,0,stable
CNUR-000287,那曲市,2007,0,0,0,0,0,0,stable
CNUR-000287,那曲市,2008,0,0,0,0,0,0,stable
CNUR-000287,那曲市,2009,0,0,0,0,0,0,stable
CNUR-000287,那曲市,2010,0,0,0,0,0,0,stable
CNUR-000287,那曲市,2011,0,0,0,0,0,0,stable
CNUR-000287,那曲市,2012,0,0,0,0,0,0,stable
CNUR-000287,那曲市,2013,0,0,0,0,0,0,stable
CNUR-000287,那曲市,2014,0,0,0,0,0,0,stable
CNUR-000287,那曲市,2015,0,0,0,0,0,0,stable
CNUR-000287,那曲市,2016,0,0,0,0,0,0,stable
CNUR-000287,那曲市,2017,0,1,0,0,1,0,district_scope_jump
CNUR-000287,那曲市,2018,0,0,0,0,0,0,stable
CNUR-000287,那曲市,2019,0,0,0,0,0,0,stable
CNUR-000287,那曲市,2020,0,0,0,0,0,0,stable
CNUR-000288,阿里地区,1999,0,0,0,0,0,0,stable
CNUR-000288,阿里地区,2000,0,0,0,0,0,0,stable
CNUR-000288,阿里地区,2001,0,0,0,0,0,0,stable
CNUR-000288,阿里地区,2002,0,0,0,0,0,0,stable
CNUR-000288,阿里地区,2003,0,0,0,0,0,0,stable
CNUR-000288,阿里地区,2004,0,0,0,0,0,0,stable
CNUR-000288,阿里地区,2005,0,0,0,0,0,0,stable
CNUR-000288,阿里地区,2006,0,0,0,0,0,0,stable
CNUR-000288,阿里地区,2007,0,0,0,0,0,0,stable
CNUR-000288,阿里地区,2008,0,0,0,0,0,0,stable
CNUR-000288,阿里地区,2009,0,0,0,0,0,0,stable
CNUR-000288,阿里地区,2010,0,0,0,0,0,0,stable
CNUR-000288,阿里地区,2011,0,0,0,0,0,0,stable
CNUR-000288,阿里地区,2012,0,0,0,0,0,0,stable
CNUR-000288,阿里地区,2013,0,0,0,0,0,0,stable
CNUR-000288,阿里地区,2014,0,0,0,0,0,0,stable
CNUR-000288,阿里地区,2015,0,0,0,0,0,0,stable
CNUR-000288,阿里地区,2016,0,0,0,0,0,0,stable
CNUR-000288,阿里地区,2017,0,0,0,0,0,0,stable
CNUR-000288,阿里地区,2018,0,0,0,0,0,0,stable
CNUR-000288,阿里地区,2019,0,0,0,0,0,0,stable
CNUR-000288,阿里地区,2020,0,0,0,0,0,0,stable
CNUR-000289,西安市,1999,0,0,0,0,0,0,stable
CNUR-000289,西安市,2000,0,0,0,0,0,0,stable
CNUR-000289,西安市,2001,0,0,0,0,0,0,stable
CNUR-000289,西安市,2002,0,1,0,0,1,0,district_scope_jump
CNUR-000289,西安市,2003,0,0,0,0,0,0,stable
CNUR-000289,西安市,2004,0,0,0,0,0,0,stable
CNUR-000289,西安市,2005,0,0,0,0,0,0,stable
CNUR-000289,西安市,2006,0,0,0,0,0,0,stable
CNUR-000289,西安市,2007,0,0,0,0,0,0,stable
CNUR-000289,西安市,2008,0,0,0,0,0,0,stable
CNUR-000289,西安市,2009,0,0,0,0,0,0,stable
CNUR-000289,西安市,2010,0,0,0,0,0,0,stable
CNUR-000289,西安市,2011,0,0,0,0,0,0,stable
CNUR-000289,西安市,2012,0,0,0,0,0,0,stable
CNUR-000289,西安市,2013,0,0,0,0,0,0,stable
CNUR-000289,西安市,2014,0,1,0,0,1,0,district_scope_jump
CNUR-000289,西安市,2015,0,0,0,0,0,0,stable
CNUR-000289,西安市,2016,0,1,0,0,1,0,district_scope_jump
CNUR-000289,西安市,2017,0,0,0,0,0,0,stable
CNUR-000289,西安市,2018,0,0,0,0,0,0,stable
CNUR-000289,西安市,2019,0,0,0,0,0,0,stable
CNUR-000289,西安市,2020,0,0,0,0,0,0,stable
CNUR-000290,铜川市,1999,0,0,0,0,0,0,stable
CNUR-000290,铜川市,2000,0,0,0,0,0,0,stable
CNUR-000290,铜川市,2001,0,0,0,0,0,0,stable
CNUR-000290,铜川市,2002,0,1,0,0,1,0,district_scope_jump
CNUR-000290,铜川市,2003,0,0,0,0,0,0,stable
CNUR-000290,铜川市,2004,0,0,0,0,0,0,stable
CNUR-000290,铜川市,2005,0,0,0,0,0,0,stable
CNUR-000290,铜川市,2006,0,0,0,0,0,0,stable
CNUR-000290,铜川市,2007,0,0,0,0,0,0,stable
CNUR-000290,铜川市,2008,0,0,0,0,0,0,stable
CNUR-000290,铜川市,2009,0,0,0,0,0,0,stable
CNUR-000290,铜川市,2010,0,0,0,0,0,0,stable
CNUR-000290,铜川市,2011,0,0,0,0,0,0,stable
CNUR-000290,铜川市,2012,0,0,0,0,0,0,stable
CNUR-000290,铜川市,2013,0,0,0,0,0,0,stable
CNUR-000290,铜川市,2014,0,0,0,0,0,0,stable
CNUR-000290,铜川市,2015,0,0,0,0,0,0,stable
CNUR-000290,铜川市,2016,0,0,0,0,0,0,stable
CNUR-000290,铜川市,2017,0,0,0,0,0,0,stable
CNUR-000290,铜川市,2018,0,0,0,0,0,0,stable
CNUR-000290,铜川市,2019,0,0,0,0,0,0,stable
CNUR-000290,铜川市,2020,0,0,0,0,0,0,stable
CNUR-000291,宝鸡市,1999,0,0,0,0,0,0,stable
CNUR-000291,宝鸡市,2000,0,0,0,0,0,0,stable
CNUR-000291,宝鸡市,2001,0,0,0,0,0,0,stable
CNUR-000291,宝鸡市,2002,0,0,0,0,0,0,stable
CNUR-000291,宝鸡市,2003,0,1,0,0,1,0,district_scope_jump
CNUR-000291,宝鸡市,2004,0,0,0,0,0,0,stable
CNUR-000291,宝鸡市,2005,0,0,0,0,0,0,stable
CNUR-000291,宝鸡市,2006,0,0,0,0,0,0,stable
CNUR-000291,宝鸡市,2007,0,0,0,0,0,0,stable
CNUR-000291,宝鸡市,2008,0,0,0,0,0,0,stable
CNUR-000291,宝鸡市,2009,0,0,0,0,0,0,stable
CNUR-000291,宝鸡市,2010,0,0,0,0,0,0,stable
CNUR-000291,宝鸡市,2011,0,0,0,0,0,0,stable
CNUR-000291,宝鸡市,2012,0,0,0,0,0,0,stable
CNUR-000291,宝鸡市,2013,0,0,0,0,0,0,stable
CNUR-000291,宝鸡市,2014,0,0,0,0,0,0,stable
CNUR-000291,宝鸡市,2015,0,0,0,0,0,0,stable
CNUR-000291,宝鸡市,2016,0,0,0,0,0,0,stable
CNUR-000291,宝鸡市,2017,0,0,0,0,0,0,stable
CNUR-000291,宝鸡市,2018,0,0,0,0,0,0,stable
CNUR-000291,宝鸡市,2019,0,0,0,0,0,0,stable
CNUR-000291,宝鸡市,2020,0,0,0,0,0,0,stable
CNUR-000292,咸阳市,1999,0,0,0,0,0,0,stable
CNUR-000292,咸阳市,2000,0,0,0,0,0,0,stable
CNUR-000292,咸阳市,2001,0,0,0,0,0,0,stable
CNUR-000292,咸阳市,2002,0,0,0,0,0,0,stable
CNUR-000292,咸阳市,2003,0,0,0,0,0,0,stable
CNUR-000292,咸阳市,2004,0,0,0,0,0,0,stable
CNUR-000292,咸阳市,2005,0,0,0,0,0,0,stable
CNUR-000292,咸阳市,2006,0,0,0,0,0,0,stable
CNUR-000292,咸阳市,2007,0,0,0,0,0,0,stable
CNUR-000292,咸阳市,2008,0,0,0,0,0,0,stable
CNUR-000292,咸阳市,2009,0,0,0,0,0,0,stable
CNUR-000292,咸阳市,2010,0,0,0,0,0,0,stable
CNUR-000292,咸阳市,2011,0,0,0,0,0,0,stable
CNUR-000292,咸阳市,2012,0,0,0,0,0,0,stable
CNUR-000292,咸阳市,2013,0,0,0,0,0,0,stable
CNUR-000292,咸阳市,2014,0,0,0,0,0,0,stable
CNUR-000292,咸阳市,2015,0,0,0,0,0,0,stable
CNUR-000292,咸阳市,2016,0,0,0,0,0,0,stable
CNUR-000292,咸阳市,2017,0,0,0,0,0,0,stable
CNUR-000292,咸阳市,2018,0,0,0,0,0,0,stable
CNUR-000292,咸阳市,2019,0,0,0,0,0,0,stable
CNUR-000292,咸阳市,2020,0,0,0,0,0,0,stable
CNUR-000293,渭南市,1999,0,0,0,0,0,0,stable
CNUR-000293,渭南市,2000,0,0,0,0,0,0,stable
CNUR-000293,渭南市,2001,0,0,0,0,0,0,stable
CNUR-000293,渭南市,2002,0,0,0,0,0,0,stable
CNUR-000293,渭南市,2003,0,0,0,0,0,0,stable
CNUR-000293,渭南市,2004,0,0,0,0,0,0,stable
CNUR-000293,渭南市,2005,0,0,0,0,0,0,stable
CNUR-000293,渭南市,2006,0,0,0,0,0,0,stable
CNUR-000293,渭南市,2007,0,0,0,0,0,0,stable
CNUR-000293,渭南市,2008,0,0,0,0,0,0,stable
CNUR-000293,渭南市,2009,0,0,0,0,0,0,stable
CNUR-000293,渭南市,2010,0,0,0,0,0,0,stable
CNUR-000293,渭南市,2011,0,0,0,0,0,0,stable
CNUR-000293,渭南市,2012,0,0,0,0,0,0,stable
CNUR-000293,渭南市,2013,0,0,0,0,0,0,stable
CNUR-000293,渭南市,2014,0,0,0,0,0,0,stable
CNUR-000293,渭南市,2015,0,1,0,0,1,0,district_scope_jump
CNUR-000293,渭南市,2016,0,0,0,0,0,0,stable
CNUR-000293,渭南市,2017,0,0,0,0,0,0,stable
CNUR-000293,渭南市,2018,0,0,0,0,0,0,stable
CNUR-000293,渭南市,2019,0,0,0,0,0,0,stable
CNUR-000293,渭南市,2020,0,0,0,0,0,0,stable
CNUR-000294,延安市,1999,0,0,0,0,0,0,stable
CNUR-000294,延安市,2000,0,0,0,0,0,0,stable
CNUR-000294,延安市,2001,0,0,0,0,0,0,stable
CNUR-000294,延安市,2002,0,0,0,0,0,0,stable
CNUR-000294,延安市,2003,0,0,0,0,0,0,stable
CNUR-000294,延安市,2004,0,0,0,0,0,0,stable
CNUR-000294,延安市,2005,0,0,0,0,0,0,stable
CNUR-000294,延安市,2006,0,0,0,0,0,0,stable
CNUR-000294,延安市,2007,0,0,0,0,0,0,stable
CNUR-000294,延安市,2008,0,0,0,0,0,0,stable
CNUR-000294,延安市,2009,0,0,0,0,0,0,stable
CNUR-000294,延安市,2010,0,0,0,0,0,0,stable
CNUR-000294,延安市,2011,0,0,0,0,0,0,stable
CNUR-000294,延安市,2012,0,0,0,0,0,0,stable
CNUR-000294,延安市,2013,0,0,0,0,0,0,stable
CNUR-000294,延安市,2014,0,0,0,0,0,0,stable
CNUR-000294,延安市,2015,0,0,0,0,0,0,stable
CNUR-000294,延安市,2016,0,1,0,0,1,0,district_scope_jump
CNUR-000294,延安市,2017,0,0,0,0,0,0,stable
CNUR-000294,延安市,2018,0,0,0,0,0,0,stable
CNUR-000294,延安市,2019,0,0,0,0,0,0,stable
CNUR-000294,延安市,2020,0,0,0,0,0,0,stable
CNUR-000295,汉中市,1999,0,0,0,0,0,0,stable
CNUR-000295,汉中市,2000,0,0,0,0,0,0,stable
CNUR-000295,汉中市,2001,0,0,0,0,0,0,stable
CNUR-000295,汉中市,2002,0,0,0,0,0,0,stable
CNUR-000295,汉中市,2003,0,0,0,0,0,0,stable
CNUR-000295,汉中市,2004,0,0,0,0,0,0,stable
CNUR-000295,汉中市,2005,0,0,0,0,0,0,stable
CNUR-000295,汉中市,2006,0,0,0,0,0,0,stable
CNUR-000295,汉中市,2007,0,0,0,0,0,0,stable
CNUR-000295,汉中市,2008,0,0,0,0,0,0,stable
CNUR-000295,汉中市,2009,0,0,0,0,0,0,stable
CNUR-000295,汉中市,2010,0,0,0,0,0,0,stable
CNUR-000295,汉中市,2011,0,0,0,0,0,0,stable
CNUR-000295,汉中市,2012,0,0,0,0,0,0,stable
CNUR-000295,汉中市,2013,0,0,0,0,0,0,stable
CNUR-000295,汉中市,2014,0,0,0,0,0,0,stable
CNUR-000295,汉中市,2015,0,0,0,0,0,0,stable
CNUR-000295,汉中市,2016,0,0,0,0,0,0,stable
CNUR-000295,汉中市,2017,0,1,0,0,1,0,district_scope_jump
CNUR-000295,汉中市,2018,0,0,0,0,0,0,stable
CNUR-000295,汉中市,2019,0,0,0,0,0,0,stable
CNUR-000295,汉中市,2020,0,0,0,0,0,0,stable
CNUR-000296,榆林市,1999,0,0,0,0,0,0,stable
CNUR-000296,榆林市,2000,0,0,0,0,0,0,stable
CNUR-000296,榆林市,2001,0,0,0,0,0,0,stable
CNUR-000296,榆林市,2002,0,0,0,0,0,0,stable
CNUR-000296,榆林市,2003,0,0,0,0,0,0,stable
CNUR-000296,榆林市,2004,0,0,0,0,0,0,stable
CNUR-000296,榆林市,2005,0,0,0,0,0,0,stable
CNUR-000296,榆林市,2006,0,0,0,0,0,0,stable
CNUR-000296,榆林市,2007,0,0,0,0,0,0,stable
CNUR-000296,榆林市,2008,0,0,0,0,0,0,stable
CNUR-000296,榆林市,2009,0,0,0,0,0,0,stable
CNUR-000296,榆林市,2010,0,0,0,0,0,0,stable
CNUR-000296,榆林市,2011,0,0,0,0,0,0,stable
CNUR-000296,榆林市,2012,0,0,0,0,0,0,stable
CNUR-000296,榆林市,2013,0,0,0,0,0,0,stable
CNUR-000296,榆林市,2014,0,0,0,0,0,0,stable
CNUR-000296,榆林市,2015,0,1,0,0,1,0,district_scope_jump
CNUR-000296,榆林市,2016,0,0,0,0,0,0,stable
CNUR-000296,榆林市,2017,0,0,0,0,0,0,stable
CNUR-000296,榆林市,2018,0,0,0,0,0,0,stable
CNUR-000296,榆林市,2019,0,0,0,0,0,0,stable
CNUR-000296,榆林市,2020,0,0,0,0,0,0,stable
CNUR-000297,安康市,1999,0,0,0,0,0,0,stable
CNUR-000297,安康市,2000,0,0,0,0,0,0,stable
CNUR-000297,安康市,2001,0,0,0,0,0,0,stable
CNUR-000297,安康市,2002,0,0,0,0,0,0,stable
CNUR-000297,安康市,2003,0,0,0,0,0,0,stable
CNUR-000297,安康市,2004,0,0,0,0,0,0,stable
CNUR-000297,安康市,2005,0,0,0,0,0,0,stable
CNUR-000297,安康市,2006,0,0,0,0,0,0,stable
CNUR-000297,安康市,2007,0,0,0,0,0,0,stable
CNUR-000297,安康市,2008,0,0,0,0,0,0,stable
CNUR-000297,安康市,2009,0,0,0,0,0,0,stable
CNUR-000297,安康市,2010,0,0,0,0,0,0,stable
CNUR-000297,安康市,2011,0,0,0,0,0,0,stable
CNUR-000297,安康市,2012,0,0,0,0,0,0,stable
CNUR-000297,安康市,2013,0,0,0,0,0,0,stable
CNUR-000297,安康市,2014,0,0,0,0,0,0,stable
CNUR-000297,安康市,2015,0,0,0,0,0,0,stable
CNUR-000297,安康市,2016,0,0,0,0,0,0,stable
CNUR-000297,安康市,2017,0,0,0,0,0,0,stable
CNUR-000297,安康市,2018,0,0,0,0,0,0,stable
CNUR-000297,安康市,2019,0,0,0,0,0,0,stable
CNUR-000297,安康市,2020,0,0,0,0,0,0,stable
CNUR-000298,商洛市,1999,0,0,0,0,0,0,stable
CNUR-000298,商洛市,2000,0,0,0,0,0,0,stable
CNUR-000298,商洛市,2001,0,0,0,0,0,0,stable
CNUR-000298,商洛市,2002,0,0,0,0,0,0,stable
CNUR-000298,商洛市,2003,0,0,0,0,0,0,stable
CNUR-000298,商洛市,2004,0,0,0,0,0,0,stable
CNUR-000298,商洛市,2005,0,0,0,0,0,0,stable
CNUR-000298,商洛市,2006,0,0,0,0,0,0,stable
CNUR-000298,商洛市,2007,0,0,0,0,0,0,stable
CNUR-000298,商洛市,2008,0,0,0,0,0,0,stable
CNUR-000298,商洛市,2009,0,0,0,0,0,0,stable
CNUR-000298,商洛市,2010,0,0,0,0,0,0,stable
CNUR-000298,商洛市,2011,0,0,0,0,0,0,stable
CNUR-000298,商洛市,2012,0,0,0,0,0,0,stable
CNUR-000298,商洛市,2013,0,0,0,0,0,0,stable
CNUR-000298,商洛市,2014,0,0,0,0,0,0,stable
CNUR-000298,商洛市,2015,0,0,0,0,0,0,stable
CNUR-000298,商洛市,2016,0,0,0,0,0,0,stable
CNUR-000298,商洛市,2017,0,0,0,0,0,0,stable
CNUR-000298,商洛市,2018,0,0,0,0,0,0,stable
CNUR-000298,商洛市,2019,0,0,0,0,0,0,stable
CNUR-000298,商洛市,2020,0,0,0,0,0,0,stable
CNUR-000299,兰州市,1999,0,0,0,0,0,0,stable
CNUR-000299,兰州市,2000,0,0,0,0,0,0,stable
CNUR-000299,兰州市,2001,0,0,0,0,0,0,stable
CNUR-000299,兰州市,2002,0,0,0,0,0,0,stable
CNUR-000299,兰州市,2003,0,0,0,0,0,0,stable
CNUR-000299,兰州市,2004,0,0,0,0,0,0,stable
CNUR-000299,兰州市,2005,0,0,0,0,0,0,stable
CNUR-000299,兰州市,2006,0,0,0,0,0,0,stable
CNUR-000299,兰州市,2007,0,0,0,0,0,0,stable
CNUR-000299,兰州市,2008,0,0,0,0,0,0,stable
CNUR-000299,兰州市,2009,0,0,0,0,0,0,stable
CNUR-000299,兰州市,2010,0,0,0,0,0,0,stable
CNUR-000299,兰州市,2011,0,0,0,0,0,0,stable
CNUR-000299,兰州市,2012,0,0,0,0,0,0,stable
CNUR-000299,兰州市,2013,0,0,0,0,0,0,stable
CNUR-000299,兰州市,2014,0,0,0,0,0,0,stable
CNUR-000299,兰州市,2015,0,0,0,0,0,0,stable
CNUR-000299,兰州市,2016,0,0,0,0,0,0,stable
CNUR-000299,兰州市,2017,0,0,0,0,0,0,stable
CNUR-000299,兰州市,2018,0,0,0,0,0,0,stable
CNUR-000299,兰州市,2019,0,0,0,0,0,0,stable
CNUR-000299,兰州市,2020,0,0,0,0,0,0,stable
CNUR-000300,嘉峪关市,1999,0,0,0,0,0,0,stable
CNUR-000300,嘉峪关市,2000,0,0,0,0,0,0,stable
CNUR-000300,嘉峪关市,2001,0,0,0,0,0,0,stable
CNUR-000300,嘉峪关市,2002,0,0,0,0,0,0,stable
CNUR-000300,嘉峪关市,2003,0,0,0,0,0,0,stable
CNUR-000300,嘉峪关市,2004,0,0,0,0,0,0,stable
CNUR-000300,嘉峪关市,2005,0,0,0,0,0,0,stable
CNUR-000300,嘉峪关市,2006,0,0,0,0,0,0,stable
CNUR-000300,嘉峪关市,2007,0,0,0,0,0,0,stable
CNUR-000300,嘉峪关市,2008,0,0,0,0,0,0,stable
CNUR-000300,嘉峪关市,2009,0,0,0,0,0,0,stable
CNUR-000300,嘉峪关市,2010,0,0,0,0,0,0,stable
CNUR-000300,嘉峪关市,2011,0,0,0,0,0,0,stable
CNUR-000300,嘉峪关市,2012,0,0,0,0,0,0,stable
CNUR-000300,嘉峪关市,2013,0,0,0,0,0,0,stable
CNUR-000300,嘉峪关市,2014,0,0,0,0,0,0,stable
CNUR-000300,嘉峪关市,2015,0,0,0,0,0,0,stable
CNUR-000300,嘉峪关市,2016,0,0,0,0,0,0,stable
CNUR-000300,嘉峪关市,2017,0,0,0,0,0,0,stable
CNUR-000300,嘉峪关市,2018,0,0,0,0,0,0,stable
CNUR-000300,嘉峪关市,2019,0,0,0,0,0,0,stable
CNUR-000300,嘉峪关市,2020,0,0,0,0,0,0,stable
CNUR-000301,金昌市,1999,0,0,0,0,0,0,stable
CNUR-000301,金昌市,2000,0,0,0,0,0,0,stable
CNUR-000301,金昌市,2001,0,0,0,0,0,0,stable
CNUR-000301,金昌市,2002,0,0,0,0,0,0,stable
CNUR-000301,金昌市,2003,0,0,0,0,0,0,stable
CNUR-000301,金昌市,2004,0,0,0,0,0,0,stable
CNUR-000301,金昌市,2005,0,0,0,0,0,0,stable
CNUR-000301,金昌市,2006,0,0,0,0,0,0,stable
CNUR-000301,金昌市,2007,0,0,0,0,0,0,stable
CNUR-000301,金昌市,2008,0,0,0,0,0,0,stable
CNUR-000301,金昌市,2009,0,0,0,0,0,0,stable
CNUR-000301,金昌市,2010,0,0,0,0,0,0,stable
CNUR-000301,金昌市,2011,0,0,0,0,0,0,stable
CNUR-000301,金昌市,2012,0,0,0,0,0,0,stable
CNUR-000301,金昌市,2013,0,0,0,0,0,0,stable
CNUR-000301,金昌市,2014,0,0,0,0,0,0,stable
CNUR-000301,金昌市,2015,0,0,0,0,0,0,stable
CNUR-000301,金昌市,2016,0,0,0,0,0,0,stable
CNUR-000301,金昌市,2017,0,0,0,0,0,0,stable
CNUR-000301,金昌市,2018,0,0,0,0,0,0,stable
CNUR-000301,金昌市,2019,0,0,0,0,0,0,stable
CNUR-000301,金昌市,2020,0,0,0,0,0,0,stable
CNUR-000302,白银市,1999,0,0,0,0,0,0,stable
CNUR-000302,白银市,2000,0,0,0,0,0,0,stable
CNUR-000302,白银市,2001,0,0,0,0,0,0,stable
CNUR-000302,白银市,2002,0,0,0,0,0,0,stable
CNUR-000302,白银市,2003,0,0,0,0,0,0,stable
CNUR-000302,白银市,2004,0,0,0,0,0,0,stable
CNUR-000302,白银市,2005,0,0,0,0,0,0,stable
CNUR-000302,白银市,2006,0,0,0,0,0,0,stable
CNUR-000302,白银市,2007,0,0,0,0,0,0,stable
CNUR-000302,白银市,2008,0,0,0,0,0,0,stable
CNUR-000302,白银市,2009,0,0,0,0,0,0,stable
CNUR-000302,白银市,2010,0,0,0,0,0,0,stable
CNUR-000302,白银市,2011,0,0,0,0,0,0,stable
CNUR-000302,白银市,2012,0,0,0,0,0,0,stable
CNUR-000302,白银市,2013,0,0,0,0,0,0,stable
CNUR-000302,白银市,2014,0,0,0,0,0,0,stable
CNUR-000302,白银市,2015,0,0,0,0,0,0,stable
CNUR-000302,白银市,2016,0,0,0,0,0,0,stable
CNUR-000302,白银市,2017,0,0,0,0,0,0,stable
CNUR-000302,白银市,2018,0,0,0,0,0,0,stable
CNUR-000302,白银市,2019,0,0,0,0,0,0,stable
CNUR-000302,白银市,2020,0,0,0,0,0,0,stable
CNUR-000303,天水市,1999,0,0,0,0,0,0,stable
CNUR-000303,天水市,2000,0,0,0,0,0,0,stable
CNUR-000303,天水市,2001,0,0,0,0,0,0,stable
CNUR-000303,天水市,2002,0,0,0,0,0,0,stable
CNUR-000303,天水市,2003,0,0,0,0,0,0,stable
CNUR-000303,天水市,2004,0,0,0,0,0,0,stable
CNUR-000303,天水市,2005,0,0,0,0,0,0,stable
CNUR-000303,天水市,2006,0,0,0,0,0,0,stable
CNUR-000303,天水市,2007,0,0,0,0,0,0,stable
CNUR-000303,天水市,2008,0,0,0,0,0,0,stable
CNUR-000303,天水市,2009,0,0,0,0,0,0,stable
CNUR-000303,天水市,2010,0,0,0,0,0,0,stable
CNUR-000303,天水市,2011,0,0,0,0,0,0,stable
CNUR-000303,天水市,2012,0,0,0,0,0,0,stable
CNUR-000303,天水市,2013,0,0,0,0,0,0,stable
CNUR-000303,天水市,2014,0,0,0,0,0,0,stable
CNUR-000303,天水市,2015,0,0,0,0,0,0,stable
CNUR-000303,天水市,2016,0,0,0,0,0,0,stable
CNUR-000303,天水市,2017,0,0,0,0,0,0,stable
CNUR-000303,天水市,2018,0,0,0,0,0,0,stable
CNUR-000303,天水市,2019,0,0,0,0,0,0,stable
CNUR-000303,天水市,2020,0,0,0,0,0,0,stable
CNUR-000304,武威市,1999,0,0,0,0,0,0,stable
CNUR-000304,武威市,2000,0,0,0,0,0,0,stable
CNUR-000304,武威市,2001,0,0,0,0,0,0,stable
CNUR-000304,武威市,2002,0,0,0,0,0,0,stable
CNUR-000304,武威市,2003,0,0,0,0,0,0,stable
CNUR-000304,武威市,2004,0,0,0,0,0,0,stable
CNUR-000304,武威市,2005,0,0,0,0,0,0,stable
CNUR-000304,武威市,2006,0,0,0,0,0,0,stable
CNUR-000304,武威市,2007,0,0,0,0,0,0,stable
CNUR-000304,武威市,2008,0,0,0,0,0,0,stable
CNUR-000304,武威市,2009,0,0,0,0,0,0,stable
CNUR-000304,武威市,2010,0,0,0,0,0,0,stable
CNUR-000304,武威市,2011,0,0,0,0,0,0,stable
CNUR-000304,武威市,2012,0,0,0,0,0,0,stable
CNUR-000304,武威市,2013,0,0,0,0,0,0,stable
CNUR-000304,武威市,2014,0,0,0,0,0,0,stable
CNUR-000304,武威市,2015,0,0,0,0,0,0,stable
CNUR-000304,武威市,2016,0,0,0,0,0,0,stable
CNUR-000304,武威市,2017,0,0,0,0,0,0,stable
CNUR-000304,武威市,2018,0,0,0,0,0,0,stable
CNUR-000304,武威市,2019,0,0,0,0,0,0,stable
CNUR-000304,武威市,2020,0,0,0,0,0,0,stable
CNUR-000305,张掖市,1999,0,0,0,0,0,0,stable
CNUR-000305,张掖市,2000,0,0,0,0,0,0,stable
CNUR-000305,张掖市,2001,0,0,0,0,0,0,stable
CNUR-000305,张掖市,2002,0,0,0,0,0,0,stable
CNUR-000305,张掖市,2003,0,0,0,0,0,0,stable
CNUR-000305,张掖市,2004,0,0,0,0,0,0,stable
CNUR-000305,张掖市,2005,0,0,0,0,0,0,stable
CNUR-000305,张掖市,2006,0,0,0,0,0,0,stable
CNUR-000305,张掖市,2007,0,0,0,0,0,0,stable
CNUR-000305,张掖市,2008,0,0,0,0,0,0,stable
CNUR-000305,张掖市,2009,0,0,0,0,0,0,stable
CNUR-000305,张掖市,2010,0,0,0,0,0,0,stable
CNUR-000305,张掖市,2011,0,0,0,0,0,0,stable
CNUR-000305,张掖市,2012,0,0,0,0,0,0,stable
CNUR-000305,张掖市,2013,0,0,0,0,0,0,stable
CNUR-000305,张掖市,2014,0,0,0,0,0,0,stable
CNUR-000305,张掖市,2015,0,0,0,0,0,0,stable
CNUR-000305,张掖市,2016,0,0,0,0,0,0,stable
CNUR-000305,张掖市,2017,0,0,0,0,0,0,stable
CNUR-000305,张掖市,2018,0,0,0,0,0,0,stable
CNUR-000305,张掖市,2019,0,0,0,0,0,0,stable
CNUR-000305,张掖市,2020,0,0,0,0,0,0,stable
CNUR-000306,平凉市,1999,0,0,0,0,0,0,stable
CNUR-000306,平凉市,2000,0,0,0,0,0,0,stable
CNUR-000306,平凉市,2001,0,0,0,0,0,0,stable
CNUR-000306,平凉市,2002,0,0,0,0,0,0,stable
CNUR-000306,平凉市,2003,0,0,0,0,0,0,stable
CNUR-000306,平凉市,2004,0,0,0,0,0,0,stable
CNUR-000306,平凉市,2005,0,0,0,0,0,0,stable
CNUR-000306,平凉市,2006,0,0,0,0,0,0,stable
CNUR-000306,平凉市,2007,0,0,0,0,0,0,stable
CNUR-000306,平凉市,2008,0,0,0,0,0,0,stable
CNUR-000306,平凉市,2009,0,0,0,0,0,0,stable
CNUR-000306,平凉市,2010,0,0,0,0,0,0,stable
CNUR-000306,平凉市,2011,0,0,0,0,0,0,stable
CNUR-000306,平凉市,2012,0,0,0,0,0,0,stable
CNUR-000306,平凉市,2013,0,0,0,0,0,0,stable
CNUR-000306,平凉市,2014,0,0,0,0,0,0,stable
CNUR-000306,平凉市,2015,0,0,0,0,0,0,stable
CNUR-000306,平凉市,2016,0,0,0,0,0,0,stable
CNUR-000306,平凉市,2017,0,0,0,0,0,0,stable
CNUR-000306,平凉市,2018,0,0,0,0,0,0,stable
CNUR-000306,平凉市,2019,0,0,0,0,0,0,stable
CNUR-000306,平凉市,2020,0,0,0,0,0,0,stable
CNUR-000307,酒泉市,1999,0,0,0,0,0,0,stable
CNUR-000307,酒泉市,2000,0,0,0,0,0,0,stable
CNUR-000307,酒泉市,2001,0,0,0,0,0,0,stable
CNUR-000307,酒泉市,2002,0,0,0,0,0,0,stable
CNUR-000307,酒泉市,2003,0,0,0,0,0,0,stable
CNUR-000307,酒泉市,2004,0,0,0,0,0,0,stable
CNUR-000307,酒泉市,2005,0,0,0,0,0,0,stable
CNUR-000307,酒泉市,2006,0,0,0,0,0,0,stable
CNUR-000307,酒泉市,2007,0,0,0,0,0,0,stable
CNUR-000307,酒泉市,2008,0,0,0,0,0,0,stable
CNUR-000307,酒泉市,2009,0,0,0,0,0,0,stable
CNUR-000307,酒泉市,2010,0,0,0,0,0,0,stable
CNUR-000307,酒泉市,2011,0,0,0,0,0,0,stable
CNUR-000307,酒泉市,2012,0,0,0,0,0,0,stable
CNUR-000307,酒泉市,2013,0,0,0,0,0,0,stable
CNUR-000307,酒泉市,2014,0,0,0,0,0,0,stable
CNUR-000307,酒泉市,2015,0,0,0,0,0,0,stable
CNUR-000307,酒泉市,2016,0,0,0,0,0,0,stable
CNUR-000307,酒泉市,2017,0,0,0,0,0,0,stable
CNUR-000307,酒泉市,2018,0,0,0,0,0,0,stable
CNUR-000307,酒泉市,2019,0,0,0,0,0,0,stable
CNUR-000307,酒泉市,2020,0,0,0,0,0,0,stable
CNUR-000308,庆阳市,1999,0,0,0,0,0,0,stable
CNUR-000308,庆阳市,2000,0,0,0,0,0,0,stable
CNUR-000308,庆阳市,2001,0,0,0,0,0,0,stable
CNUR-000308,庆阳市,2002,0,0,0,0,0,0,stable
CNUR-000308,庆阳市,2003,0,0,0,0,0,0,stable
CNUR-000308,庆阳市,2004,0,0,0,0,0,0,stable
CNUR-000308,庆阳市,2005,0,0,0,0,0,0,stable
CNUR-000308,庆阳市,2006,0,0,0,0,0,0,stable
CNUR-000308,庆阳市,2007,0,0,0,0,0,0,stable
CNUR-000308,庆阳市,2008,0,0,0,0,0,0,stable
CNUR-000308,庆阳市,2009,0,0,0,0,0,0,stable
CNUR-000308,庆阳市,2010,0,0,0,0,0,0,stable
CNUR-000308,庆阳市,2011,0,0,0,0,0,0,stable
CNUR-000308,庆阳市,2012,0,0,0,0,0,0,stable
CNUR-000308,庆阳市,2013,0,0,0,0,0,0,stable
CNUR-000308,庆阳市,2014,0,0,0,0,0,0,stable
CNUR-000308,庆阳市,2015,0,0,0,0,0,0,stable
CNUR-000308,庆阳市,2016,0,0,0,0,0,0,stable
CNUR-000308,庆阳市,2017,0,0,0,0,0,0,stable
CNUR-000308,庆阳市,2018,0,0,0,0,0,0,stable
CNUR-000308,庆阳市,2019,0,0,0,0,0,0,stable
CNUR-000308,庆阳市,2020,0,0,0,0,0,0,stable
CNUR-000309,定西市,1999,0,0,0,0,0,0,stable
CNUR-000309,定西市,2000,0,0,0,0,0,0,stable
CNUR-000309,定西市,2001,0,0,0,0,0,0,stable
CNUR-000309,定西市,2002,0,0,0,0,0,0,stable
CNUR-000309,定西市,2003,0,0,0,0,0,0,stable
CNUR-000309,定西市,2004,0,0,0,0,0,0,stable
CNUR-000309,定西市,2005,0,0,0,0,0,0,stable
CNUR-000309,定西市,2006,0,0,0,0,0,0,stable
CNUR-000309,定西市,2007,0,0,0,0,0,0,stable
CNUR-000309,定西市,2008,0,0,0,0,0,0,stable
CNUR-000309,定西市,2009,0,0,0,0,0,0,stable
CNUR-000309,定西市,2010,0,0,0,0,0,0,stable
CNUR-000309,定西市,2011,0,0,0,0,0,0,stable
CNUR-000309,定西市,2012,0,0,0,0,0,0,stable
CNUR-000309,定西市,2013,0,0,0,0,0,0,stable
CNUR-000309,定西市,2014,0,0,0,0,0,0,stable
CNUR-000309,定西市,2015,0,0,0,0,0,0,stable
CNUR-000309,定西市,2016,0,0,0,0,0,0,stable
CNUR-000309,定西市,2017,0,0,0,0,0,0,stable
CNUR-000309,定西市,2018,0,0,0,0,0,0,stable
CNUR-000309,定西市,2019,0,0,0,0,0,0,stable
CNUR-000309,定西市,2020,0,0,0,0,0,0,stable
CNUR-000310,陇南市,1999,0,0,0,0,0,0,stable
CNUR-000310,陇南市,2000,0,0,0,0,0,0,stable
CNUR-000310,陇南市,2001,0,0,0,0,0,0,stable
CNUR-000310,陇南市,2002,0,0,0,0,0,0,stable
CNUR-000310,陇南市,2003,0,0,0,0,0,0,stable
CNUR-000310,陇南市,2004,0,0,0,0,0,0,stable
CNUR-000310,陇南市,2005,0,0,0,0,0,0,stable
CNUR-000310,陇南市,2006,0,0,0,0,0,0,stable
CNUR-000310,陇南市,2007,0,0,0,0,0,0,stable
CNUR-000310,陇南市,2008,0,0,0,0,0,0,stable
CNUR-000310,陇南市,2009,0,0,0,0,0,0,stable
CNUR-000310,陇南市,2010,0,0,0,0,0,0,stable
CNUR-000310,陇南市,2011,0,0,0,0,0,0,stable
CNUR-000310,陇南市,2012,0,0,0,0,0,0,stable
CNUR-000310,陇南市,2013,0,0,0,0,0,0,stable
CNUR-000310,陇南市,2014,0,0,0,0,0,0,stable
CNUR-000310,陇南市,2015,0,0,0,0,0,0,stable
CNUR-000310,陇南市,2016,0,0,0,0,0,0,stable
CNUR-000310,陇南市,2017,0,0,0,0,0,0,stable
CNUR-000310,陇南市,2018,0,0,0,0,0,0,stable
CNUR-000310,陇南市,2019,0,0,0,0,0,0,stable
CNUR-000310,陇南市,2020,0,0,0,0,0,0,stable
CNUR-000311,临夏回族自治州,1999,0,0,0,0,0,0,stable
CNUR-000311,临夏回族自治州,2000,0,0,0,0,0,0,stable
CNUR-000311,临夏回族自治州,2001,0,0,0,0,0,0,stable
CNUR-000311,临夏回族自治州,2002,0,0,0,0,0,0,stable
CNUR-000311,临夏回族自治州,2003,0,0,0,0,0,0,stable
CNUR-000311,临夏回族自治州,2004,0,0,0,0,0,0,stable
CNUR-000311,临夏回族自治州,2005,0,0,0,0,0,0,stable
CNUR-000311,临夏回族自治州,2006,0,0,0,0,0,0,stable
CNUR-000311,临夏回族自治州,2007,0,0,0,0,0,0,stable
CNUR-000311,临夏回族自治州,2008,0,0,0,0,0,0,stable
CNUR-000311,临夏回族自治州,2009,0,0,0,0,0,0,stable
CNUR-000311,临夏回族自治州,2010,0,0,0,0,0,0,stable
CNUR-000311,临夏回族自治州,2011,0,0,0,0,0,0,stable
CNUR-000311,临夏回族自治州,2012,0,0,0,0,0,0,stable
CNUR-000311,临夏回族自治州,2013,0,0,0,0,0,0,stable
CNUR-000311,临夏回族自治州,2014,0,0,0,0,0,0,stable
CNUR-000311,临夏回族自治州,2015,0,0,0,0,0,0,stable
CNUR-000311,临夏回族自治州,2016,0,0,0,0,0,0,stable
CNUR-000311,临夏回族自治州,2017,0,0,0,0,0,0,stable
CNUR-000311,临夏回族自治州,2018,0,0,0,0,0,0,stable
CNUR-000311,临夏回族自治州,2019,0,0,0,0,0,0,stable
CNUR-000311,临夏回族自治州,2020,0,0,0,0,0,0,stable
CNUR-000312,甘南藏族自治州,1999,0,0,0,0,0,0,stable
CNUR-000312,甘南藏族自治州,2000,0,0,0,0,0,0,stable
CNUR-000312,甘南藏族自治州,2001,0,0,0,0,0,0,stable
CNUR-000312,甘南藏族自治州,2002,0,0,0,0,0,0,stable
CNUR-000312,甘南藏族自治州,2003,0,0,0,0,0,0,stable
CNUR-000312,甘南藏族自治州,2004,0,0,0,0,0,0,stable
CNUR-000312,甘南藏族自治州,2005,0,0,0,0,0,0,stable
CNUR-000312,甘南藏族自治州,2006,0,0,0,0,0,0,stable
CNUR-000312,甘南藏族自治州,2007,0,0,0,0,0,0,stable
CNUR-000312,甘南藏族自治州,2008,0,0,0,0,0,0,stable
CNUR-000312,甘南藏族自治州,2009,0,0,0,0,0,0,stable
CNUR-000312,甘南藏族自治州,2010,0,0,0,0,0,0,stable
CNUR-000312,甘南藏族自治州,2011,0,0,0,0,0,0,stable
CNUR-000312,甘南藏族自治州,2012,0,0,0,0,0,0,stable
CNUR-000312,甘南藏族自治州,2013,0,0,0,0,0,0,stable
CNUR-000312,甘南藏族自治州,2014,0,0,0,0,0,0,stable
CNUR-000312,甘南藏族自治州,2015,0,0,0,0,0,0,stable
CNUR-000312,甘南藏族自治州,2016,0,0,0,0,0,0,stable
CNUR-000312,甘南藏族自治州,2017,0,0,0,0,0,0,stable
CNUR-000312,甘南藏族自治州,2018,0,0,0,0,0,0,stable
CNUR-000312,甘南藏族自治州,2019,0,0,0,0,0,0,stable
CNUR-000312,甘南藏族自治州,2020,0,0,0,0,0,0,stable
CNUR-000313,西宁市,1999,0,0,0,0,0,0,stable
CNUR-000313,西宁市,2000,0,0,0,0,0,0,stable
CNUR-000313,西宁市,2001,0,0,0,0,0,0,stable
CNUR-000313,西宁市,2002,0,0,0,0,0,0,stable
CNUR-000313,西宁市,2003,0,0,0,0,0,0,stable
CNUR-000313,西宁市,2004,0,0,0,0,0,0,stable
CNUR-000313,西宁市,2005,0,0,0,0,0,0,stable
CNUR-000313,西宁市,2006,0,0,0,0,0,0,stable
CNUR-000313,西宁市,2007,0,0,0,0,0,0,stable
CNUR-000313,西宁市,2008,0,0,0,0,0,0,stable
CNUR-000313,西宁市,2009,0,0,0,0,0,0,stable
CNUR-000313,西宁市,2010,0,0,0,0,0,0,stable
CNUR-000313,西宁市,2011,0,0,0,0,0,0,stable
CNUR-000313,西宁市,2012,0,0,0,0,0,0,stable
CNUR-000313,西宁市,2013,0,0,0,0,0,0,stable
CNUR-000313,西宁市,2014,0,0,0,0,0,0,stable
CNUR-000313,西宁市,2015,0,0,0,0,0,0,stable
CNUR-000313,西宁市,2016,0,0,0,0,0,0,stable
CNUR-000313,西宁市,2017,0,0,0,0,0,0,stable
CNUR-000313,西宁市,2018,0,0,0,0,0,0,stable
CNUR-000313,西宁市,2019,0,1,0,0,1,0,district_scope_jump
CNUR-000313,西宁市,2020,0,0,0,0,0,0,stable
CNUR-000314,海东市,1999,0,0,0,0,0,0,stable
CNUR-000314,海东市,2000,0,0,0,0,0,0,stable
CNUR-000314,海东市,2001,0,0,0,0,0,0,stable
CNUR-000314,海东市,2002,0,0,0,0,0,0,stable
CNUR-000314,海东市,2003,0,0,0,0,0,0,stable
CNUR-000314,海东市,2004,0,0,0,0,0,0,stable
CNUR-000314,海东市,2005,0,0,0,0,0,0,stable
CNUR-000314,海东市,2006,0,0,0,0,0,0,stable
CNUR-000314,海东市,2007,0,0,0,0,0,0,stable
CNUR-000314,海东市,2008,0,0,0,0,0,0,stable
CNUR-000314,海东市,2009,0,0,0,0,0,0,stable
CNUR-000314,海东市,2010,0,0,0,0,0,0,stable
CNUR-000314,海东市,2011,0,0,0,0,0,0,stable
CNUR-000314,海东市,2012,0,0,0,0,0,0,stable
CNUR-000314,海东市,2013,0,0,0,0,0,0,stable
CNUR-000314,海东市,2014,0,0,0,0,0,0,stable
CNUR-000314,海东市,2015,0,1,0,0,1,0,district_scope_jump
CNUR-000314,海东市,2016,0,0,0,0,0,0,stable
CNUR-000314,海东市,2017,0,0,0,0,0,0,stable
CNUR-000314,海东市,2018,0,0,0,0,0,0,stable
CNUR-000314,海东市,2019,0,0,0,0,0,0,stable
CNUR-000314,海东市,2020,0,0,0,0,0,0,stable
CNUR-000315,海北藏族自治州,1999,0,0,0,0,0,0,stable
CNUR-000315,海北藏族自治州,2000,0,0,0,0,0,0,stable
CNUR-000315,海北藏族自治州,2001,0,0,0,0,0,0,stable
CNUR-000315,海北藏族自治州,2002,0,0,0,0,0,0,stable
CNUR-000315,海北藏族自治州,2003,0,0,0,0,0,0,stable
CNUR-000315,海北藏族自治州,2004,0,0,0,0,0,0,stable
CNUR-000315,海北藏族自治州,2005,0,0,0,0,0,0,stable
CNUR-000315,海北藏族自治州,2006,0,0,0,0,0,0,stable
CNUR-000315,海北藏族自治州,2007,0,0,0,0,0,0,stable
CNUR-000315,海北藏族自治州,2008,0,0,0,0,0,0,stable
CNUR-000315,海北藏族自治州,2009,0,0,0,0,0,0,stable
CNUR-000315,海北藏族自治州,2010,0,0,0,0,0,0,stable
CNUR-000315,海北藏族自治州,2011,0,0,0,0,0,0,stable
CNUR-000315,海北藏族自治州,2012,0,0,0,0,0,0,stable
CNUR-000315,海北藏族自治州,2013,0,0,0,0,0,0,stable
CNUR-000315,海北藏族自治州,2014,0,0,0,0,0,0,stable
CNUR-000315,海北藏族自治州,2015,0,0,0,0,0,0,stable
CNUR-000315,海北藏族自治州,2016,0,0,0,0,0,0,stable
CNUR-000315,海北藏族自治州,2017,0,0,0,0,0,0,stable
CNUR-000315,海北藏族自治州,2018,0,0,0,0,0,0,stable
CNUR-000315,海北藏族自治州,2019,0,0,0,0,0,0,stable
CNUR-000315,海北藏族自治州,2020,0,0,0,0,0,0,stable
CNUR-000316,黄南藏族自治州,1999,0,0,0,0,0,0,stable
CNUR-000316,黄南藏族自治州,2000,0,0,0,0,0,0,stable
CNUR-000316,黄南藏族自治州,2001,0,0,0,0,0,0,stable
CNUR-000316,黄南藏族自治州,2002,0,0,0,0,0,0,stable
CNUR-000316,黄南藏族自治州,2003,0,0,0,0,0,0,stable
CNUR-000316,黄南藏族自治州,2004,0,0,0,0,0,0,stable
CNUR-000316,黄南藏族自治州,2005,0,0,0,0,0,0,stable
CNUR-000316,黄南藏族自治州,2006,0,0,0,0,0,0,stable
CNUR-000316,黄南藏族自治州,2007,0,0,0,0,0,0,stable
CNUR-000316,黄南藏族自治州,2008,0,0,0,0,0,0,stable
CNUR-000316,黄南藏族自治州,2009,0,0,0,0,0,0,stable
CNUR-000316,黄南藏族自治州,2010,0,0,0,0,0,0,stable
CNUR-000316,黄南藏族自治州,2011,0,0,0,0,0,0,stable
CNUR-000316,黄南藏族自治州,2012,0,0,0,0,0,0,stable
CNUR-000316,黄南藏族自治州,2013,0,0,0,0,0,0,stable
CNUR-000316,黄南藏族自治州,2014,0,0,0,0,0,0,stable
CNUR-000316,黄南藏族自治州,2015,0,0,0,0,0,0,stable
CNUR-000316,黄南藏族自治州,2016,0,0,0,0,0,0,stable
CNUR-000316,黄南藏族自治州,2017,0,0,0,0,0,0,stable
CNUR-000316,黄南藏族自治州,2018,0,0,0,0,0,0,stable
CNUR-000316,黄南藏族自治州,2019,0,0,0,0,0,0,stable
CNUR-000316,黄南藏族自治州,2020,0,0,0,0,0,0,stable
CNUR-000317,海南藏族自治州,1999,0,0,0,0,0,0,stable
CNUR-000317,海南藏族自治州,2000,0,0,0,0,0,0,stable
CNUR-000317,海南藏族自治州,2001,0,0,0,0,0,0,stable
CNUR-000317,海南藏族自治州,2002,0,0,0,0,0,0,stable
CNUR-000317,海南藏族自治州,2003,0,0,0,0,0,0,stable
CNUR-000317,海南藏族自治州,2004,0,0,0,0,0,0,stable
CNUR-000317,海南藏族自治州,2005,0,0,0,0,0,0,stable
CNUR-000317,海南藏族自治州,2006,0,0,0,0,0,0,stable
CNUR-000317,海南藏族自治州,2007,0,0,0,0,0,0,stable
CNUR-000317,海南藏族自治州,2008,0,0,0,0,0,0,stable
CNUR-000317,海南藏族自治州,2009,0,0,0,0,0,0,stable
CNUR-000317,海南藏族自治州,2010,0,0,0,0,0,0,stable
CNUR-000317,海南藏族自治州,2011,0,0,0,0,0,0,stable
CNUR-000317,海南藏族自治州,2012,0,0,0,0,0,0,stable
CNUR-000317,海南藏族自治州,2013,0,0,0,0,0,0,stable
CNUR-000317,海南藏族自治州,2014,0,0,0,0,0,0,stable
CNUR-000317,海南藏族自治州,2015,0,0,0,0,0,0,stable
CNUR-000317,海南藏族自治州,2016,0,0,0,0,0,0,stable
CNUR-000317,海南藏族自治州,2017,0,0,0,0,0,0,stable
CNUR-000317,海南藏族自治州,2018,0,0,0,0,0,0,stable
CNUR-000317,海南藏族自治州,2019,0,0,0,0,0,0,stable
CNUR-000317,海南藏族自治州,2020,0,0,0,0,0,0,stable
CNUR-000318,果洛藏族自治州,1999,0,0,0,0,0,0,stable
CNUR-000318,果洛藏族自治州,2000,0,0,0,0,0,0,stable
CNUR-000318,果洛藏族自治州,2001,0,0,0,0,0,0,stable
CNUR-000318,果洛藏族自治州,2002,0,0,0,0,0,0,stable
CNUR-000318,果洛藏族自治州,2003,0,0,0,0,0,0,stable
CNUR-000318,果洛藏族自治州,2004,0,0,0,0,0,0,stable
CNUR-000318,果洛藏族自治州,2005,0,0,0,0,0,0,stable
CNUR-000318,果洛藏族自治州,2006,0,0,0,0,0,0,stable
CNUR-000318,果洛藏族自治州,2007,0,0,0,0,0,0,stable
CNUR-000318,果洛藏族自治州,2008,0,0,0,0,0,0,stable
CNUR-000318,果洛藏族自治州,2009,0,0,0,0,0,0,stable
CNUR-000318,果洛藏族自治州,2010,0,0,0,0,0,0,stable
CNUR-000318,果洛藏族自治州,2011,0,0,0,0,0,0,stable
CNUR-000318,果洛藏族自治州,2012,0,0,0,0,0,0,stable
CNUR-000318,果洛藏族自治州,2013,0,0,0,0,0,0,stable
CNUR-000318,果洛藏族自治州,2014,0,0,0,0,0,0,stable
CNUR-000318,果洛藏族自治州,2015,0,0,0,0,0,0,stable
CNUR-000318,果洛藏族自治州,2016,0,0,0,0,0,0,stable
CNUR-000318,果洛藏族自治州,2017,0,0,0,0,0,0,stable
CNUR-000318,果洛藏族自治州,2018,0,0,0,0,0,0,stable
CNUR-000318,果洛藏族自治州,2019,0,0,0,0,0,0,stable
CNUR-000318,果洛藏族自治州,2020,0,0,0,0,0,0,stable
CNUR-000319,玉树藏族自治州,1999,0,0,0,0,0,0,stable
CNUR-000319,玉树藏族自治州,2000,0,0,0,0,0,0,stable
CNUR-000319,玉树藏族自治州,2001,0,0,0,0,0,0,stable
CNUR-000319,玉树藏族自治州,2002,0,0,0,0,0,0,stable
CNUR-000319,玉树藏族自治州,2003,0,0,0,0,0,0,stable
CNUR-000319,玉树藏族自治州,2004,0,0,0,0,0,0,stable
CNUR-000319,玉树藏族自治州,2005,0,0,0,0,0,0,stable
CNUR-000319,玉树藏族自治州,2006,0,0,0,0,0,0,stable
CNUR-000319,玉树藏族自治州,2007,0,0,0,0,0,0,stable
CNUR-000319,玉树藏族自治州,2008,0,0,0,0,0,0,stable
CNUR-000319,玉树藏族自治州,2009,0,0,0,0,0,0,stable
CNUR-000319,玉树藏族自治州,2010,0,0,0,0,0,0,stable
CNUR-000319,玉树藏族自治州,2011,0,0,0,0,0,0,stable
CNUR-000319,玉树藏族自治州,2012,0,0,0,0,0,0,stable
CNUR-000319,玉树藏族自治州,2013,0,0,0,0,0,0,stable
CNUR-000319,玉树藏族自治州,2014,0,0,0,0,0,0,stable
CNUR-000319,玉树藏族自治州,2015,0,0,0,0,0,0,stable
CNUR-000319,玉树藏族自治州,2016,0,0,0,0,0,0,stable
CNUR-000319,玉树藏族自治州,2017,0,0,0,0,0,0,stable
CNUR-000319,玉树藏族自治州,2018,0,0,0,0,0,0,stable
CNUR-000319,玉树藏族自治州,2019,0,0,0,0,0,0,stable
CNUR-000319,玉树藏族自治州,2020,0,0,0,0,0,0,stable
CNUR-000320,海西蒙古族藏族自治州,1999,0,0,0,0,0,0,stable
CNUR-000320,海西蒙古族藏族自治州,2000,0,0,0,0,0,0,stable
CNUR-000320,海西蒙古族藏族自治州,2001,0,0,0,0,0,0,stable
CNUR-000320,海西蒙古族藏族自治州,2002,0,0,0,0,0,0,stable
CNUR-000320,海西蒙古族藏族自治州,2003,0,0,0,0,0,0,stable
CNUR-000320,海西蒙古族藏族自治州,2004,0,0,0,0,0,0,stable
CNUR-000320,海西蒙古族藏族自治州,2005,0,0,0,0,0,0,stable
CNUR-000320,海西蒙古族藏族自治州,2006,0,0,0,0,0,0,stable
CNUR-000320,海西蒙古族藏族自治州,2007,0,0,0,0,0,0,stable
CNUR-000320,海西蒙古族藏族自治州,2008,0,0,0,0,0,0,stable
CNUR-000320,海西蒙古族藏族自治州,2009,0,0,0,0,0,0,stable
CNUR-000320,海西蒙古族藏族自治州,2010,0,0,0,0,0,0,stable
CNUR-000320,海西蒙古族藏族自治州,2011,0,0,0,0,0,0,stable
CNUR-000320,海西蒙古族藏族自治州,2012,0,0,0,0,0,0,stable
CNUR-000320,海西蒙古族藏族自治州,2013,0,0,0,0,0,0,stable
CNUR-000320,海西蒙古族藏族自治州,2014,0,0,0,0,0,0,stable
CNUR-000320,海西蒙古族藏族自治州,2015,0,0,0,0,0,0,stable
CNUR-000320,海西蒙古族藏族自治州,2016,0,0,0,0,0,0,stable
CNUR-000320,海西蒙古族藏族自治州,2017,0,0,0,0,0,0,stable
CNUR-000320,海西蒙古族藏族自治州,2018,0,0,0,0,0,0,stable
CNUR-000320,海西蒙古族藏族自治州,2019,0,0,0,0,0,0,stable
CNUR-000320,海西蒙古族藏族自治州,2020,0,0,0,0,0,0,stable
CNUR-000321,银川市,1999,0,0,0,0,0,0,stable
CNUR-000321,银川市,2000,0,0,0,0,0,0,stable
CNUR-000321,银川市,2001,0,0,0,0,0,0,stable
CNUR-000321,银川市,2002,0,0,0,0,0,0,stable
CNUR-000321,银川市,2003,0,0,0,0,0,0,stable
CNUR-000321,银川市,2004,0,0,0,0,0,0,stable
CNUR-000321,银川市,2005,0,0,0,0,0,0,stable
CNUR-000321,银川市,2006,0,0,0,0,0,0,stable
CNUR-000321,银川市,2007,0,0,0,0,0,0,stable
CNUR-000321,银川市,2008,0,0,0,0,0,0,stable
CNUR-000321,银川市,2009,0,0,0,0,0,0,stable
CNUR-000321,银川市,2010,0,0,0,0,0,0,stable
CNUR-000321,银川市,2011,0,0,0,0,0,0,stable
CNUR-000321,银川市,2012,0,0,0,0,0,0,stable
CNUR-000321,银川市,2013,0,0,0,0,0,0,stable
CNUR-000321,银川市,2014,0,0,0,0,0,0,stable
CNUR-000321,银川市,2015,0,0,0,0,0,0,stable
CNUR-000321,银川市,2016,0,0,0,0,0,0,stable
CNUR-000321,银川市,2017,0,0,0,0,0,0,stable
CNUR-000321,银川市,2018,0,0,0,0,0,0,stable
CNUR-000321,银川市,2019,0,0,0,0,0,0,stable
CNUR-000321,银川市,2020,0,0,0,0,0,0,stable
CNUR-000322,石嘴山市,1999,0,0,0,0,0,0,stable
CNUR-000322,石嘴山市,2000,0,0,0,0,0,0,stable
CNUR-000322,石嘴山市,2001,0,0,0,0,0,0,stable
CNUR-000322,石嘴山市,2002,0,1,0,0,1,0,district_scope_jump
CNUR-000322,石嘴山市,2003,0,1,0,0,1,0,district_scope_jump
CNUR-000322,石嘴山市,2004,0,0,0,0,0,0,stable
CNUR-000322,石嘴山市,2005,0,0,0,0,0,0,stable
CNUR-000322,石嘴山市,2006,0,0,0,0,0,0,stable
CNUR-000322,石嘴山市,2007,0,0,0,0,0,0,stable
CNUR-000322,石嘴山市,2008,0,0,0,0,0,0,stable
CNUR-000322,石嘴山市,2009,0,0,0,0,0,0,stable
CNUR-000322,石嘴山市,2010,0,0,0,0,0,0,stable
CNUR-000322,石嘴山市,2011,0,0,0,0,0,0,stable
CNUR-000322,石嘴山市,2012,0,0,0,0,0,0,stable
CNUR-000322,石嘴山市,2013,0,0,0,0,0,0,stable
CNUR-000322,石嘴山市,2014,0,0,0,0,0,0,stable
CNUR-000322,石嘴山市,2015,0,0,0,0,0,0,stable
CNUR-000322,石嘴山市,2016,0,0,0,0,0,0,stable
CNUR-000322,石嘴山市,2017,0,0,0,0,0,0,stable
CNUR-000322,石嘴山市,2018,0,0,0,0,0,0,stable
CNUR-000322,石嘴山市,2019,0,0,0,0,0,0,stable
CNUR-000322,石嘴山市,2020,0,0,0,0,0,0,stable
CNUR-000323,吴忠市,1999,0,0,0,0,0,0,stable
CNUR-000323,吴忠市,2000,0,0,0,0,0,0,stable
CNUR-000323,吴忠市,2001,0,0,0,0,0,0,stable
CNUR-000323,吴忠市,2002,0,0,0,0,0,0,stable
CNUR-000323,吴忠市,2003,1,0,0,1,0,0,whole_city_break
CNUR-000323,吴忠市,2004,0,0,0,0,0,0,stable
CNUR-000323,吴忠市,2005,0,0,0,0,0,0,stable
CNUR-000323,吴忠市,2006,0,0,0,0,0,0,stable
CNUR-000323,吴忠市,2007,0,0,0,0,0,0,stable
CNUR-000323,吴忠市,2008,0,0,0,0,0,0,stable
CNUR-000323,吴忠市,2009,0,0,0,0,0,0,stable
CNUR-000323,吴忠市,2010,0,0,0,0,0,0,stable
CNUR-000323,吴忠市,2011,0,0,0,0,0,0,stable
CNUR-000323,吴忠市,2012,0,0,0,0,0,0,stable
CNUR-000323,吴忠市,2013,0,0,0,0,0,0,stable
CNUR-000323,吴忠市,2014,0,0,0,0,0,0,stable
CNUR-000323,吴忠市,2015,0,0,0,0,0,0,stable
CNUR-000323,吴忠市,2016,0,0,0,0,0,0,stable
CNUR-000323,吴忠市,2017,0,0,0,0,0,0,stable
CNUR-000323,吴忠市,2018,0,0,0,0,0,0,stable
CNUR-000323,吴忠市,2019,0,0,0,0,0,0,stable
CNUR-000323,吴忠市,2020,0,0,0,0,0,0,stable
CNUR-000324,固原市,1999,0,0,0,0,0,0,stable
CNUR-000324,固原市,2000,0,0,0,0,0,0,stable
CNUR-000324,固原市,2001,0,0,0,0,0,0,stable
CNUR-000324,固原市,2002,0,0,0,0,0,0,stable
CNUR-000324,固原市,2003,1,0,0,1,0,0,whole_city_break
CNUR-000324,固原市,2004,0,0,0,0,0,0,stable
CNUR-000324,固原市,2005,0,0,0,0,0,0,stable
CNUR-000324,固原市,2006,0,0,0,0,0,0,stable
CNUR-000324,固原市,2007,0,0,0,0,0,0,stable
CNUR-000324,固原市,2008,0,0,0,0,0,0,stable
CNUR-000324,固原市,2009,0,0,0,0,0,0,stable
CNUR-000324,固原市,2010,0,0,0,0,0,0,stable
CNUR-000324,固原市,2011,0,0,0,0,0,0,stable
CNUR-000324,固原市,2012,0,0,0,0,0,0,stable
CNUR-000324,固原市,2013,0,0,0,0,0,0,stable
CNUR-000324,固原市,2014,0,0,0,0,0,0,stable
CNUR-000324,固原市,2015,0,0,0,0,0,0,stable
CNUR-000324,固原市,2016,0,0,0,0,0,0,stable
CNUR-000324,固原市,2017,0,0,0,0,0,0,stable
CNUR-000324,固原市,2018,0,0,0,0,0,0,stable
CNUR-000324,固原市,2019,0,0,0,0,0,0,stable
CNUR-000324,固原市,2020,0,0,0,0,0,0,stable
CNUR-000325,中卫市,1999,0,0,0,0,0,0,stable
CNUR-000325,中卫市,2000,0,0,0,0,0,0,stable
CNUR-000325,中卫市,2001,0,0,0,0,0,0,stable
CNUR-000325,中卫市,2002,0,0,0,0,0,0,stable
CNUR-000325,中卫市,2003,1,0,0,1,0,1,whole_city_break|sample_entry
CNUR-000325,中卫市,2004,0,0,0,0,0,0,stable
CNUR-000325,中卫市,2005,0,0,0,0,0,0,stable
CNUR-000325,中卫市,2006,0,0,0,0,0,0,stable
CNUR-000325,中卫市,2007,0,0,0,0,0,0,stable
CNUR-000325,中卫市,2008,0,0,0,0,0,0,stable
CNUR-000325,中卫市,2009,0,0,0,0,0,0,stable
CNUR-000325,中卫市,2010,0,0,0,0,0,0,stable
CNUR-000325,中卫市,2011,0,0,0,0,0,0,stable
CNUR-000325,中卫市,2012,0,0,0,0,0,0,stable
CNUR-000325,中卫市,2013,0,0,0,0,0,0,stable
CNUR-000325,中卫市,2014,0,0,0,0,0,0,stable
CNUR-000325,中卫市,2015,0,0,0,0,0,0,stable
CNUR-000325,中卫市,2016,0,0,0,0,0,0,stable
CNUR-000325,中卫市,2017,0,0,0,0,0,0,stable
CNUR-000325,中卫市,2018,0,0,0,0,0,0,stable
CNUR-000325,中卫市,2019,0,0,0,0,0,0,stable
CNUR-000325,中卫市,2020,0,0,0,0,0,0,stable
CNUR-000326,乌鲁木齐市,1999,0,0,0,0,0,0,stable
CNUR-000326,乌鲁木齐市,2000,0,0,0,0,0,0,stable
CNUR-000326,乌鲁木齐市,2001,0,1,0,0,1,0,district_scope_jump
CNUR-000326,乌鲁木齐市,2002,0,1,0,0,1,0,district_scope_jump
CNUR-000326,乌鲁木齐市,2003,0,0,0,0,0,0,stable
CNUR-000326,乌鲁木齐市,2004,0,0,0,0,0,0,stable
CNUR-000326,乌鲁木齐市,2005,0,0,0,0,0,0,stable
CNUR-000326,乌鲁木齐市,2006,0,0,0,0,0,0,stable
CNUR-000326,乌鲁木齐市,2007,0,0,0,0,0,0,stable
CNUR-000326,乌鲁木齐市,2008,0,0,0,0,0,0,stable
CNUR-000326,乌鲁木齐市,2009,0,0,0,0,0,0,stable
CNUR-000326,乌鲁木齐市,2010,0,0,0,0,0,0,stable
CNUR-000326,乌鲁木齐市,2011,0,0,0,0,0,0,stable
CNUR-000326,乌鲁木齐市,2012,0,0,0,0,0,0,stable
CNUR-000326,乌鲁木齐市,2013,0,0,0,0,0,0,stable
CNUR-000326,乌鲁木齐市,2014,0,0,0,0,0,0,stable
CNUR-000326,乌鲁木齐市,2015,0,0,0,0,0,0,stable
CNUR-000326,乌鲁木齐市,2016,0,0,0,0,0,0,stable
CNUR-000326,乌鲁木齐市,2017,0,0,0,0,0,0,stable
CNUR-000326,乌鲁木齐市,2018,0,0,0,0,0,0,stable
CNUR-000326,乌鲁木齐市,2019,0,0,0,0,0,0,stable
CNUR-000326,乌鲁木齐市,2020,0,0,0,0,0,0,stable
CNUR-000327,克拉玛依市,1999,0,0,0,0,0,0,stable
CNUR-000327,克拉玛依市,2000,0,0,0,0,0,0,stable
CNUR-000327,克拉玛依市,2001,0,0,0,0,0,0,stable
CNUR-000327,克拉玛依市,2002,0,0,0,0,0,0,stable
CNUR-000327,克拉玛依市,2003,0,0,0,0,0,0,stable
CNUR-000327,克拉玛依市,2004,0,0,0,0,0,0,stable
CNUR-000327,克拉玛依市,2005,0,0,0,0,0,0,stable
CNUR-000327,克拉玛依市,2006,0,0,0,0,0,0,stable
CNUR-000327,克拉玛依市,2007,0,0,0,0,0,0,stable
CNUR-000327,克拉玛依市,2008,0,0,0,0,0,0,stable
CNUR-000327,克拉玛依市,2009,0,0,0,0,0,0,stable
CNUR-000327,克拉玛依市,2010,0,0,0,0,0,0,stable
CNUR-000327,克拉玛依市,2011,0,0,0,0,0,0,stable
CNUR-000327,克拉玛依市,2012,0,0,0,0,0,0,stable
CNUR-000327,克拉玛依市,2013,0,0,0,0,0,0,stable
CNUR-000327,克拉玛依市,2014,0,0,0,0,0,0,stable
CNUR-000327,克拉玛依市,2015,0,0,0,0,0,0,stable
CNUR-000327,克拉玛依市,2016,0,0,0,0,0,0,stable
CNUR-000327,克拉玛依市,2017,0,0,0,0,0,0,stable
CNUR-000327,克拉玛依市,2018,0,0,0,0,0,0,stable
CNUR-000327,克拉玛依市,2019,0,0,0,0,0,0,stable
CNUR-000327,克拉玛依市,2020,0,0,0,0,0,0,stable
CNUR-000328,吐鲁番市,1999,0,0,0,0,0,0,stable
CNUR-000328,吐鲁番市,2000,0,0,0,0,0,0,stable
CNUR-000328,吐鲁番市,2001,0,0,0,0,0,0,stable
CNUR-000328,吐鲁番市,2002,0,0,0,0,0,0,stable
CNUR-000328,吐鲁番市,2003,0,0,0,0,0,0,stable
CNUR-000328,吐鲁番市,2004,0,0,0,0,0,0,stable
CNUR-000328,吐鲁番市,2005,0,0,0,0,0,0,stable
CNUR-000328,吐鲁番市,2006,0,0,0,0,0,0,stable
CNUR-000328,吐鲁番市,2007,0,0,0,0,0,0,stable
CNUR-000328,吐鲁番市,2008,0,0,0,0,0,0,stable
CNUR-000328,吐鲁番市,2009,0,0,0,0,0,0,stable
CNUR-000328,吐鲁番市,2010,0,0,0,0,0,0,stable
CNUR-000328,吐鲁番市,2011,0,0,0,0,0,0,stable
CNUR-000328,吐鲁番市,2012,0,0,0,0,0,0,stable
CNUR-000328,吐鲁番市,2013,0,0,0,0,0,0,stable
CNUR-000328,吐鲁番市,2014,0,0,0,0,0,0,stable
CNUR-000328,吐鲁番市,2015,0,0,0,0,0,0,stable
CNUR-000328,吐鲁番市,2016,0,0,0,0,0,0,stable
CNUR-000328,吐鲁番市,2017,0,0,0,0,0,0,stable
CNUR-000328,吐鲁番市,2018,0,0,0,0,0,0,stable
CNUR-000328,吐鲁番市,2019,0,0,0,0,0,0,stable
CNUR-000328,吐鲁番市,2020,0,0,0,0,0,0,stable
CNUR-000329,哈密市,1999,0,0,0,0,0,0,stable
CNUR-000329,哈密市,2000,0,0,0,0,0,0,stable
CNUR-000329,哈密市,2001,0,0,0,0,0,0,stable
CNUR-000329,哈密市,2002,0,0,0,0,0,0,stable
CNUR-000329,哈密市,2003,0,0,0,0,0,0,stable
CNUR-000329,哈密市,2004,0,0,0,0,0,0,stable
CNUR-000329,哈密市,2005,0,0,0,0,0,0,stable
CNUR-000329,哈密市,2006,0,0,0,0,0,0,stable
CNUR-000329,哈密市,2007,0,0,0,0,0,0,stable
CNUR-000329,哈密市,2008,0,0,0,0,0,0,stable
CNUR-000329,哈密市,2009,0,0,0,0,0,0,stable
CNUR-000329,哈密市,2010,0,0,0,0,0,0,stable
CNUR-000329,哈密市,2011,0,0,0,0,0,0,stable
CNUR-000329,哈密市,2012,0,0,0,0,0,0,stable
CNUR-000329,哈密市,2013,0,0,0,0,0,0,stable
CNUR-000329,哈密市,2014,0,0,0,0,0,0,stable
CNUR-000329,哈密市,2015,0,0,0,0,0,0,stable
CNUR-000329,哈密市,2016,0,0,0,0,0,0,stable
CNUR-000329,哈密市,2017,0,0,0,0,0,0,stable
CNUR-000329,哈密市,2018,0,0,0,0,0,0,stable
CNUR-000329,哈密市,2019,0,0,0,0,0,0,stable
CNUR-000329,哈密市,2020,0,0,0,0,0,0,stable
CNUR-000330,昌吉回族自治州,1999,0,0,0,0,0,0,stable
CNUR-000330,昌吉回族自治州,2000,0,0,0,0,0,0,stable
CNUR-000330,昌吉回族自治州,2001,0,0,0,0,0,0,stable
CNUR-000330,昌吉回族自治州,2002,0,0,0,0,0,0,stable
CNUR-000330,昌吉回族自治州,2003,0,0,0,0,0,0,stable
CNUR-000330,昌吉回族自治州,2004,0,0,0,0,0,0,stable
CNUR-000330,昌吉回族自治州,2005,0,0,0,0,0,0,stable
CNUR-000330,昌吉回族自治州,2006,0,0,0,0,0,0,stable
CNUR-000330,昌吉回族自治州,2007,0,0,0,0,0,0,stable
CNUR-000330,昌吉回族自治州,2008,0,0,0,0,0,0,stable
CNUR-000330,昌吉回族自治州,2009,0,0,0,0,0,0,stable
CNUR-000330,昌吉回族自治州,2010,0,0,0,0,0,0,stable
CNUR-000330,昌吉回族自治州,2011,0,0,0,0,0,0,stable
CNUR-000330,昌吉回族自治州,2012,0,0,0,0,0,0,stable
CNUR-000330,昌吉回族自治州,2013,0,0,0,0,0,0,stable
CNUR-000330,昌吉回族自治州,2014,0,0,0,0,0,0,stable
CNUR-000330,昌吉回族自治州,2015,0,0,0,0,0,0,stable
CNUR-000330,昌吉回族自治州,2016,0,0,0,0,0,0,stable
CNUR-000330,昌吉回族自治州,2017,0,0,0,0,0,0,stable
CNUR-000330,昌吉回族自治州,2018,0,0,0,0,0,0,stable
CNUR-000330,昌吉回族自治州,2019,0,0,0,0,0,0,stable
CNUR-000330,昌吉回族自治州,2020,0,0,0,0,0,0,stable
CNUR-000331,博尔塔拉蒙古自治州,1999,0,0,0,0,0,0,stable
CNUR-000331,博尔塔拉蒙古自治州,2000,0,0,0,0,0,0,stable
CNUR-000331,博尔塔拉蒙古自治州,2001,0,0,0,0,0,0,stable
CNUR-000331,博尔塔拉蒙古自治州,2002,0,0,0,0,0,0,stable
CNUR-000331,博尔塔拉蒙古自治州,2003,0,0,0,0,0,0,stable
CNUR-000331,博尔塔拉蒙古自治州,2004,0,0,0,0,0,0,stable
CNUR-000331,博尔塔拉蒙古自治州,2005,0,0,0,0,0,0,stable
CNUR-000331,博尔塔拉蒙古自治州,2006,0,0,0,0,0,0,stable
CNUR-000331,博尔塔拉蒙古自治州,2007,0,0,0,0,0,0,stable
CNUR-000331,博尔塔拉蒙古自治州,2008,0,0,0,0,0,0,stable
CNUR-000331,博尔塔拉蒙古自治州,2009,0,0,0,0,0,0,stable
CNUR-000331,博尔塔拉蒙古自治州,2010,0,0,0,0,0,0,stable
CNUR-000331,博尔塔拉蒙古自治州,2011,0,0,0,0,0,0,stable
CNUR-000331,博尔塔拉蒙古自治州,2012,0,0,0,0,0,0,stable
CNUR-000331,博尔塔拉蒙古自治州,2013,0,0,0,0,0,0,stable
CNUR-000331,博尔塔拉蒙古自治州,2014,0,0,0,0,0,0,stable
CNUR-000331,博尔塔拉蒙古自治州,2015,0,0,0,0,0,0,stable
CNUR-000331,博尔塔拉蒙古自治州,2016,0,0,0,0,0,0,stable
CNUR-000331,博尔塔拉蒙古自治州,2017,0,0,0,0,0,0,stable
CNUR-000331,博尔塔拉蒙古自治州,2018,0,0,0,0,0,0,stable
CNUR-000331,博尔塔拉蒙古自治州,2019,0,0,0,0,0,0,stable
CNUR-000331,博尔塔拉蒙古自治州,2020,0,0,0,0,0,0,stable
CNUR-000332,巴音郭楞蒙古自治州,1999,0,0,0,0,0,0,stable
CNUR-000332,巴音郭楞蒙古自治州,2000,0,0,0,0,0,0,stable
CNUR-000332,巴音郭楞蒙古自治州,2001,0,0,0,0,0,0,stable
CNUR-000332,巴音郭楞蒙古自治州,2002,0,0,0,0,0,0,stable
CNUR-000332,巴音郭楞蒙古自治州,2003,0,0,0,0,0,0,stable
CNUR-000332,巴音郭楞蒙古自治州,2004,0,0,0,0,0,0,stable
CNUR-000332,巴音郭楞蒙古自治州,2005,0,0,0,0,0,0,stable
CNUR-000332,巴音郭楞蒙古自治州,2006,0,0,0,0,0,0,stable
CNUR-000332,巴音郭楞蒙古自治州,2007,0,0,0,0,0,0,stable
CNUR-000332,巴音郭楞蒙古自治州,2008,0,0,0,0,0,0,stable
CNUR-000332,巴音郭楞蒙古自治州,2009,0,0,0,0,0,0,stable
CNUR-000332,巴音郭楞蒙古自治州,2010,0,0,0,0,0,0,stable
CNUR-000332,巴音郭楞蒙古自治州,2011,0,0,0,0,0,0,stable
CNUR-000332,巴音郭楞蒙古自治州,2012,0,0,0,0,0,0,stable
CNUR-000332,巴音郭楞蒙古自治州,2013,0,0,0,0,0,0,stable
CNUR-000332,巴音郭楞蒙古自治州,2014,0,0,0,0,0,0,stable
CNUR-000332,巴音郭楞蒙古自治州,2015,0,0,0,0,0,0,stable
CNUR-000332,巴音郭楞蒙古自治州,2016,0,0,0,0,0,0,stable
CNUR-000332,巴音郭楞蒙古自治州,2017,0,0,0,0,0,0,stable
CNUR-000332,巴音郭楞蒙古自治州,2018,0,0,0,0,0,0,stable
CNUR-000332,巴音郭楞蒙古自治州,2019,0,0,0,0,0,0,stable
CNUR-000332,巴音郭楞蒙古自治州,2020,0,0,0,0,0,0,stable
CNUR-000333,阿克苏地区,1999,0,0,0,0,0,0,stable
CNUR-000333,阿克苏地区,2000,0,0,0,0,0,0,stable
CNUR-000333,阿克苏地区,2001,0,0,0,0,0,0,stable
CNUR-000333,阿克苏地区,2002,0,0,0,0,0,0,stable
CNUR-000333,阿克苏地区,2003,0,0,0,0,0,0,stable
CNUR-000333,阿克苏地区,2004,0,0,0,0,0,0,stable
CNUR-000333,阿克苏地区,2005,0,0,0,0,0,0,stable
CNUR-000333,阿克苏地区,2006,0,0,0,0,0,0,stable
CNUR-000333,阿克苏地区,2007,0,0,0,0,0,0,stable
CNUR-000333,阿克苏地区,2008,0,0,0,0,0,0,stable
CNUR-000333,阿克苏地区,2009,0,0,0,0,0,0,stable
CNUR-000333,阿克苏地区,2010,0,0,0,0,0,0,stable
CNUR-000333,阿克苏地区,2011,0,0,0,0,0,0,stable
CNUR-000333,阿克苏地区,2012,0,0,0,0,0,0,stable
CNUR-000333,阿克苏地区,2013,0,0,0,0,0,0,stable
CNUR-000333,阿克苏地区,2014,0,0,0,0,0,0,stable
CNUR-000333,阿克苏地区,2015,0,0,0,0,0,0,stable
CNUR-000333,阿克苏地区,2016,0,0,0,0,0,0,stable
CNUR-000333,阿克苏地区,2017,0,0,0,0,0,0,stable
CNUR-000333,阿克苏地区,2018,0,0,0,0,0,0,stable
CNUR-000333,阿克苏地区,2019,0,0,0,0,0,0,stable
CNUR-000333,阿克苏地区,2020,0,0,0,0,0,0,stable
CNUR-000334,克孜勒苏柯尔克孜自治州,1999,0,0,0,0,0,0,stable
CNUR-000334,克孜勒苏柯尔克孜自治州,2000,0,0,0,0,0,0,stable
CNUR-000334,克孜勒苏柯尔克孜自治州,2001,0,0,0,0,0,0,stable
CNUR-000334,克孜勒苏柯尔克孜自治州,2002,0,0,0,0,0,0,stable
CNUR-000334,克孜勒苏柯尔克孜自治州,2003,0,0,0,0,0,0,stable
CNUR-000334,克孜勒苏柯尔克孜自治州,2004,0,0,0,0,0,0,stable
CNUR-000334,克孜勒苏柯尔克孜自治州,2005,0,0,0,0,0,0,stable
CNUR-000334,克孜勒苏柯尔克孜自治州,2006,0,0,0,0,0,0,stable
CNUR-000334,克孜勒苏柯尔克孜自治州,2007,0,0,0,0,0,0,stable
CNUR-000334,克孜勒苏柯尔克孜自治州,2008,0,0,0,0,0,0,stable
CNUR-000334,克孜勒苏柯尔克孜自治州,2009,0,0,0,0,0,0,stable
CNUR-000334,克孜勒苏柯尔克孜自治州,2010,0,0,0,0,0,0,stable
CNUR-000334,克孜勒苏柯尔克孜自治州,2011,0,0,0,0,0,0,stable
CNUR-000334,克孜勒苏柯尔克孜自治州,2012,0,0,0,0,0,0,stable
CNUR-000334,克孜勒苏柯尔克孜自治州,2013,0,0,0,0,0,0,stable
CNUR-000334,克孜勒苏柯尔克孜自治州,2014,0,0,0,0,0,0,stable
CNUR-000334,克孜勒苏柯尔克孜自治州,2015,0,0,0,0,0,0,stable
CNUR-000334,克孜勒苏柯尔克孜自治州,2016,0,0,0,0,0,0,stable
CNUR-000334,克孜勒苏柯尔克孜自治州,2017,0,0,0,0,0,0,stable
CNUR-000334,克孜勒苏柯尔克孜自治州,2018,0,0,0,0,0,0,stable
CNUR-000334,克孜勒苏柯尔克孜自治州,2019,0,0,0,0,0,0,stable
CNUR-000334,克孜勒苏柯尔克孜自治州,2020,0,0,0,0,0,0,stable
CNUR-000335,喀什地区,1999,0,0,0,0,0,0,stable
CNUR-000335,喀什地区,2000,0,0,0,0,0,0,stable
CNUR-000335,喀什地区,2001,0,0,0,0,0,0,stable
CNUR-000335,喀什地区,2002,0,0,0,0,0,0,stable
CNUR-000335,喀什地区,2003,0,0,0,0,0,0,stable
CNUR-000335,喀什地区,2004,0,0,0,0,0,0,stable
CNUR-000335,喀什地区,2005,0,0,0,0,0,0,stable
CNUR-000335,喀什地区,2006,0,0,0,0,0,0,stable
CNUR-000335,喀什地区,2007,0,0,0,0,0,0,stable
CNUR-000335,喀什地区,2008,0,0,0,0,0,0,stable
CNUR-000335,喀什地区,2009,0,0,0,0,0,0,stable
CNUR-000335,喀什地区,2010,0,0,0,0,0,0,stable
CNUR-000335,喀什地区,2011,0,0,0,0,0,0,stable
CNUR-000335,喀什地区,2012,0,0,0,0,0,0,stable
CNUR-000335,喀什地区,2013,0,0,0,0,0,0,stable
CNUR-000335,喀什地区,2014,0,0,0,0,0,0,stable
CNUR-000335,喀什地区,2015,0,0,0,0,0,0,stable
CNUR-000335,喀什地区,2016,0,0,0,0,0,0,stable
CNUR-000335,喀什地区,2017,0,0,0,0,0,0,stable
CNUR-000335,喀什地区,2018,0,0,0,0,0,0,stable
CNUR-000335,喀什地区,2019,0,0,0,0,0,0,stable
CNUR-000335,喀什地区,2020,0,0,0,0,0,0,stable
CNUR-000336,和田地区,1999,0,0,0,0,0,0,stable
CNUR-000336,和田地区,2000,0,0,0,0,0,0,stable
CNUR-000336,和田地区,2001,0,0,0,0,0,0,stable
CNUR-000336,和田地区,2002,0,0,0,0,0,0,stable
CNUR-000336,和田地区,2003,0,0,0,0,0,0,stable
CNUR-000336,和田地区,2004,0,0,0,0,0,0,stable
CNUR-000336,和田地区,2005,0,0,0,0,0,0,stable
CNUR-000336,和田地区,2006,0,0,0,0,0,0,stable
CNUR-000336,和田地区,2007,0,0,0,0,0,0,stable
CNUR-000336,和田地区,2008,0,0,0,0,0,0,stable
CNUR-000336,和田地区,2009,0,0,0,0,0,0,stable
CNUR-000336,和田地区,2010,0,0,0,0,0,0,stable
CNUR-000336,和田地区,2011,0,0,0,0,0,0,stable
CNUR-000336,和田地区,2012,0,0,0,0,0,0,stable
CNUR-000336,和田地区,2013,0,0,0,0,0,0,stable
CNUR-000336,和田地区,2014,0,0,0,0,0,0,stable
CNUR-000336,和田地区,2015,0,0,0,0,0,0,stable
CNUR-000336,和田地区,2016,0,0,0,0,0,0,stable
CNUR-000336,和田地区,2017,0,0,0,0,0,0,stable
CNUR-000336,和田地区,2018,0,0,0,0,0,0,stable
CNUR-000336,和田地区,2019,0,0,0,0,0,0,stable
CNUR-000336,和田地区,2020,0,0,0,0,0,0,stable
CNUR-000337,伊犁哈萨克自治州,1999,0,0,0,0,0,0,stable
CNUR-000337,伊犁哈萨克自治州,2000,0,0,0,0,0,0,stable
CNUR-000337,伊犁哈萨克自治州,2001,0,0,0,0,0,0,stable
CNUR-000337,伊犁哈萨克自治州,2002,0,0,0,0,0,0,stable
CNUR-000337,伊犁哈萨克自治州,2003,0,0,0,0,0,0,stable
CNUR-000337,伊犁哈萨克自治州,2004,0,0,0,0,0,0,stable
CNUR-000337,伊犁哈萨克自治州,2005,0,0,0,0,0,0,stable
CNUR-000337,伊犁哈萨克自治州,2006,0,0,0,0,0,0,stable
CNUR-000337,伊犁哈萨克自治州,2007,0,0,0,0,0,0,stable
CNUR-000337,伊犁哈萨克自治州,2008,0,0,0,0,0,0,stable
CNUR-000337,伊犁哈萨克自治州,2009,0,0,0,0,0,0,stable
CNUR-000337,伊犁哈萨克自治州,2010,0,0,0,0,0,0,stable
CNUR-000337,伊犁哈萨克自治州,2011,0,0,0,0,0,0,stable
CNUR-000337,伊犁哈萨克自治州,2012,0,0,0,0,0,0,stable
CNUR-000337,伊犁哈萨克自治州,2013,0,0,0,0,0,0,stable
CNUR-000337,伊犁哈萨克自治州,2014,0,0,0,0,0,0,stable
CNUR-000337,伊犁哈萨克自治州,2015,0,0,0,0,0,0,stable
CNUR-000337,伊犁哈萨克自治州,2016,0,0,0,0,0,0,stable
CNUR-000337,伊犁哈萨克自治州,2017,0,0,0,0,0,0,stable
CNUR-000337,伊犁哈萨克自治州,2018,0,0,0,0,0,0,stable
CNUR-000337,伊犁哈萨克自治州,2019,0,0,0,0,0,0,stable
CNUR-000337,伊犁哈萨克自治州,2020,0,0,0,0,0,0,stable
CNUR-000339,塔城地区,1999,0,0,0,0,0,0,stable
CNUR-000339,塔城地区,2000,0,0,0,0,0,0,stable
CNUR-000339,塔城地区,2001,0,0,0,0,0,0,stable
CNUR-000339,塔城地区,2002,0,0,0,0,0,0,stable
CNUR-000339,塔城地区,2003,0,0,0,0,0,0,stable
CNUR-000339,塔城地区,2004,0,0,0,0,0,0,stable
CNUR-000339,塔城地区,2005,0,0,0,0,0,0,stable
CNUR-000339,塔城地区,2006,0,0,0,0,0,0,stable
CNUR-000339,塔城地区,2007,0,0,0,0,0,0,stable
CNUR-000339,塔城地区,2008,0,0,0,0,0,0,stable
CNUR-000339,塔城地区,2009,0,0,0,0,0,0,stable
CNUR-000339,塔城地区,2010,0,0,0,0,0,0,stable
CNUR-000339,塔城地区,2011,0,0,0,0,0,0,stable
CNUR-000339,塔城地区,2012,0,0,0,0,0,0,stable
CNUR-000339,塔城地区,2013,0,0,0,0,0,0,stable
CNUR-000339,塔城地区,2014,0,0,0,0,0,0,stable
CNUR-000339,塔城地区,2015,0,0,0,0,0,0,stable
CNUR-000339,塔城地区,2016,0,0,0,0,0,0,stable
CNUR-000339,塔城地区,2017,0,0,0,0,0,0,stable
CNUR-000339,塔城地区,2018,0,0,0,0,0,0,stable
CNUR-000339,塔城地区,2019,0,0,0,0,0,0,stable
CNUR-000339,塔城地区,2020,0,0,0,0,0,0,stable
CNUR-000340,阿勒泰地区,1999,0,0,0,0,0,0,stable
CNUR-000340,阿勒泰地区,2000,0,0,0,0,0,0,stable
CNUR-000340,阿勒泰地区,2001,0,0,0,0,0,0,stable
CNUR-000340,阿勒泰地区,2002,0,0,0,0,0,0,stable
CNUR-000340,阿勒泰地区,2003,0,0,0,0,0,0,stable
CNUR-000340,阿勒泰地区,2004,0,0,0,0,0,0,stable
CNUR-000340,阿勒泰地区,2005,0,0,0,0,0,0,stable
CNUR-000340,阿勒泰地区,2006,0,0,0,0,0,0,stable
CNUR-000340,阿勒泰地区,2007,0,0,0,0,0,0,stable
CNUR-000340,阿勒泰地区,2008,0,0,0,0,0,0,stable
CNUR-000340,阿勒泰地区,2009,0,0,0,0,0,0,stable
CNUR-000340,阿勒泰地区,2010,0,0,0,0,0,0,stable
CNUR-000340,阿勒泰地区,2011,0,0,0,0,0,0,stable
CNUR-000340,阿勒泰地区,2012,0,0,0,0,0,0,stable
CNUR-000340,阿勒泰地区,2013,0,0,0,0,0,0,stable
CNUR-000340,阿勒泰地区,2014,0,0,0,0,0,0,stable
CNUR-000340,阿勒泰地区,2015,0,0,0,0,0,0,stable
CNUR-000340,阿勒泰地区,2016,0,0,0,0,0,0,stable
CNUR-000340,阿勒泰地区,2017,0,0,0,0,0,0,stable
CNUR-000340,阿勒泰地区,2018,0,0,0,0,0,0,stable
CNUR-000340,阿勒泰地区,2019,0,0,0,0,0,0,stable
CNUR-000340,阿勒泰地区,2020,0,0,0,0,0,0,stable
