event_id,year,province_name,event_type,entity_id,entity_ids,prefecture_names,prefecture_entity_ids,old_prefecture_name,new_prefecture_name,approval_date,document_number,automatic_continuity,confidence,review_status,risk_flags,description,review_note,source_url,source_revision_id,source_locator,source_layer,source_id,source_type,source_confidence
EARLY-PREFECTURE-RMRB-COUNTY-1983-10-28-001,1983,河北省,jurisdiction_transfer,CNUR-000004,CNUR-000004,唐山市,CNUR-000004,唐山地区,唐山市,,,false,medium,early_source_text_parsed,early_year_before_roster|source_text_parsed,撤销唐山地区。将丰润、丰南、滦县、滦南、玉田、遵化、迁西、迁安、唐海、乐亭十县划归唐山市管辖,早期材料中的市级、地区级或盟级变化；保留原文，实体年度状态仍从1987年开始。,https://cn.govopendata.com/renminribao/1983/10/28/4/,,人民日报 1983-10-28 第4版,early_people_daily_city_extraction,SRC-RMRB-1983-10-28,people_daily_summary,primary_text
EARLY-PREFECTURE-RMRB-COUNTY-1983-10-28-002,1983,河北省,upgrade,CNUR-000005,CNUR-000005、CNUR-000355,承德地区、秦皇岛市,CNUR-000005、CNUR-000355,秦皇岛市,秦皇岛市,,,false,medium,early_source_text_parsed,early_year_before_roster|source_text_parsed,秦皇岛市改由省直接领导，将唐山地区的抚宁、昌黎、卢龙三县和承德地区的青龙县划归秦皇岛市管辖,早期材料中的市级、地区级或盟级变化；保留原文，实体年度状态仍从1987年开始。,https://cn.govopendata.com/renminribao/1983/10/28/4/,,人民日报 1983-10-28 第4版,early_people_daily_city_extraction,SRC-RMRB-1983-10-28,people_daily_summary,primary_text
EARLY-PREFECTURE-RMRB-COUNTY-1983-10-28-013,1983,山西省,rename,CNUR-000022,CNUR-000022,忻州地区,CNUR-000022,忻县地区,,,,false,medium,early_source_text_parsed,early_year_before_roster|source_text_parsed,忻县地区更名为忻州地区,早期材料中的市级、地区级或盟级变化；保留原文，实体年度状态仍从1987年开始。,https://cn.govopendata.com/renminribao/1983/10/28/4/,,人民日报 1983-10-28 第4版,early_people_daily_city_extraction,SRC-RMRB-1983-10-28,people_daily_summary,primary_text
EARLY-PREFECTURE-RMRB-COUNTY-1983-10-28-014,1983,吉林省,upgrade,CNUR-000053,CNUR-000053、CNUR-000054,四平市、辽源市,CNUR-000053、CNUR-000054,四平地区,辽源市、四平市,,,false,medium,early_source_text_parsed,early_year_before_roster|source_text_parsed,撤销四平地区。四平市、辽源市改由省直接领导。将怀德、梨树、双辽、伊通四县划归四平市管辖；将东丰县划归辽源市管辖,早期材料中的市级、地区级或盟级变化；保留原文，实体年度状态仍从1987年开始。,https://cn.govopendata.com/renminribao/1983/10/28/4/,,人民日报 1983-10-28 第4版,early_people_daily_city_extraction,SRC-RMRB-1983-10-28,people_daily_summary,primary_text
EARLY-PREFECTURE-RMRB-COUNTY-1983-10-28-015,1983,吉林省,jurisdiction_transfer,CNUR-000051,CNUR-000051,长春市,CNUR-000051,德惠地区,长春市,,,false,medium,early_source_text_parsed,early_year_before_roster|source_text_parsed,撤销德惠地区。将农安、德惠、榆树、九台、双阳五县划归长春市管辖,早期材料中的市级、地区级或盟级变化；保留原文，实体年度状态仍从1987年开始。,https://cn.govopendata.com/renminribao/1983/10/28/4/,,人民日报 1983-10-28 第4版,early_people_daily_city_extraction,SRC-RMRB-1983-10-28,people_daily_summary,primary_text
EARLY-PREFECTURE-RMRB-COUNTY-1983-10-28-016,1983,吉林省,jurisdiction_transfer,CNUR-000052,CNUR-000052,吉林市,CNUR-000052,永吉地区,吉林市,,,false,medium,early_source_text_parsed,early_year_before_roster|source_text_parsed,撤销永吉地区。将永吉、舒兰、蛟河、桦甸、磐石五县划归吉林市管辖,早期材料中的市级、地区级或盟级变化；保留原文，实体年度状态仍从1987年开始。,https://cn.govopendata.com/renminribao/1983/10/28/4/,,人民日报 1983-10-28 第4版,early_people_daily_city_extraction,SRC-RMRB-1983-10-28,people_daily_summary,primary_text
EARLY-PREFECTURE-RMRB-COUNTY-1983-10-28-018,1983,黑龙江省,jurisdiction_transfer,CNUR-000062,CNUR-000062、CNUR-000069,牡丹江市、鸡西市,CNUR-000062、CNUR-000069,牡丹江地区,牡丹江市、鸡西市,,,false,medium,early_source_text_parsed,early_year_before_roster|source_text_parsed,撤销牡丹江地区。将海林、林口、宁安、穆棱、东宁、虎林、密山七县划归牡丹江市管辖，绥芬河市仍为省辖（县级）市。将鸡东县划归鸡西市管辖,早期材料中的市级、地区级或盟级变化；保留原文，实体年度状态仍从1987年开始。,https://cn.govopendata.com/renminribao/1983/10/28/4/,,人民日报 1983-10-28 第4版,early_people_daily_city_extraction,SRC-RMRB-1983-10-28,people_daily_summary,primary_text
EARLY-PREFECTURE-RMRB-COUNTY-1983-10-28-022,1983,江苏省,jurisdiction_transfer,CNUR-000075,CNUR-000075、CNUR-000078,无锡市、苏州市,CNUR-000075、CNUR-000078,苏州地区,无锡市、苏州市,,,false,medium,early_source_text_parsed,early_year_before_roster|source_text_parsed,撤销苏州地区。将吴县、吴江、昆山、太仓、沙洲五县划归苏州市管辖，撤销常熟县，设立常熟市，为省辖（县级）市。将江阴、无锡二县划归无锡市管辖,早期材料中的市级、地区级或盟级变化；保留原文，实体年度状态仍从1987年开始。,https://cn.govopendata.com/renminribao/1983/10/28/4/,,人民日报 1983-10-28 第4版,early_people_daily_city_extraction,SRC-RMRB-1983-10-28,people_daily_summary,primary_text
EARLY-PREFECTURE-RMRB-COUNTY-1983-10-28-023,1983,江苏省,upgrade,CNUR-000074,CNUR-000074、CNUR-000075、CNUR-000077、CNUR-000084,南京市、常州市、无锡市、镇江市,CNUR-000074、CNUR-000075、CNUR-000077、CNUR-000084,镇江地区,镇江市、南京市、常州市、无锡市,,,false,medium,early_source_text_parsed,early_year_before_roster|source_text_parsed,撤销镇江地区。镇江市改由省直接领导。将丹徒、丹阳、扬中、句容四县划归镇江市管辖。将高淳、溧水二县划归南京市管辖；将宜兴县划归无锡市管辖；将武进、金坛、溧阳三县划归常州市管辖,早期材料中的市级、地区级或盟级变化；保留原文，实体年度状态仍从1987年开始。,https://cn.govopendata.com/renminribao/1983/10/28/4/,,人民日报 1983-10-28 第4版,early_people_daily_city_extraction,SRC-RMRB-1983-10-28,people_daily_summary,primary_text
EARLY-PREFECTURE-RMRB-COUNTY-1983-10-28-024,1983,江苏省,jurisdiction_transfer,CNUR-000079,CNUR-000079,南通市,CNUR-000079,南通地区,南通市,,,false,medium,early_source_text_parsed,early_year_before_roster|source_text_parsed,撤销南通地区。将南通、海门、启东、如东、如皋、海安六县划归南通市管辖,早期材料中的市级、地区级或盟级变化；保留原文，实体年度状态仍从1987年开始。,https://cn.govopendata.com/renminribao/1983/10/28/4/,,人民日报 1983-10-28 第4版,early_people_daily_city_extraction,SRC-RMRB-1983-10-28,people_daily_summary,primary_text
EARLY-PREFECTURE-RMRB-COUNTY-1983-10-28-025,1983,江苏省,jurisdiction_transfer,CNUR-000076,CNUR-000076、CNUR-000080,连云港市、徐州市,CNUR-000076、CNUR-000080,徐州地区,连云港市、徐州市,,,false,medium,early_source_text_parsed,early_year_before_roster|source_text_parsed,撤销徐州地区。将铜山、丰县、沛县、邳县、睢宁、新沂六县划归徐州市管辖；将东海、赣榆二县划归连云港市管辖,早期材料中的市级、地区级或盟级变化；保留原文，实体年度状态仍从1987年开始。,https://cn.govopendata.com/renminribao/1983/10/28/4/,,人民日报 1983-10-28 第4版,early_people_daily_city_extraction,SRC-RMRB-1983-10-28,people_daily_summary,primary_text
EARLY-PREFECTURE-RMRB-COUNTY-1983-10-28-026,1983,江苏省,upgrade,CNUR-000083,CNUR-000083、CNUR-000085,扬州市、泰州市,CNUR-000083、CNUR-000085,扬州地区,扬州市、泰州市,,,false,medium,early_source_text_parsed,early_year_before_roster|source_text_parsed,撤销扬州地区。扬州市改由省直接领导。将江都、邗江、泰县、高邮、靖江、宝应、泰兴、兴化、仪征九县划归扬州市管辖，泰州市仍为省辖（县级）市,早期材料中的市级、地区级或盟级变化；保留原文，实体年度状态仍从1987年开始。,https://cn.govopendata.com/renminribao/1983/10/28/4/,,人民日报 1983-10-28 第4版,early_people_daily_city_extraction,SRC-RMRB-1983-10-28,people_daily_summary,primary_text
EARLY-PREFECTURE-RMRB-COUNTY-1983-10-28-027,1983,江苏省,jurisdiction_transfer,CNUR-000082,CNUR-000082,盐城市,CNUR-000082,盐城地区,盐城市,,,false,medium,early_source_text_parsed,early_year_before_roster|source_text_parsed,撤销盐城地区。撤销盐城县，设立盐城市，由省直接领导。将建湖、射阳、阜宁、大丰、滨海、东台、响水七县划归盐城市管辖,早期材料中的市级、地区级或盟级变化；保留原文，实体年度状态仍从1987年开始。,https://cn.govopendata.com/renminribao/1983/10/28/4/,,人民日报 1983-10-28 第4版,early_people_daily_city_extraction,SRC-RMRB-1983-10-28,people_daily_summary,primary_text
EARLY-PREFECTURE-RMRB-COUNTY-1983-10-28-028,1983,江苏省,rename,CNUR-000080,CNUR-000080、CNUR-000081,连云港市、淮阴市,CNUR-000080、CNUR-000081,淮阴地区,淮阴市、连云港市,,,false,medium,early_source_text_parsed,early_year_before_roster|source_text_parsed,撤销淮阴地区。清江市更名为淮阴市，淮阴市改由省直接领导。将淮阴、沭阳、洪泽、灌南、泗洪、涟水、宿迁、淮安、泗阳、盱眙、金湖十一县划归淮阴市管辖；将灌云县划归连云港市管辖,早期材料中的市级、地区级或盟级变化；保留原文，实体年度状态仍从1987年开始。,https://cn.govopendata.com/renminribao/1983/10/28/4/,,人民日报 1983-10-28 第4版,early_people_daily_city_extraction,SRC-RMRB-1983-10-28,people_daily_summary,primary_text
EARLY-PREFECTURE-RMRB-COUNTY-1983-10-28-029,1983,浙江省,jurisdiction_transfer,CNUR-000088,CNUR-000088,宁波市,CNUR-000088,宁波地区,宁波市,,,false,medium,early_source_text_parsed,early_year_before_roster|source_text_parsed,撤销宁波地区。将鄞县、慈溪、余姚、奉化、宁海、象山六县划归宁波市管辖,早期材料中的市级、地区级或盟级变化；保留原文，实体年度状态仍从1987年开始。,https://cn.govopendata.com/renminribao/1983/10/28/4/,,人民日报 1983-10-28 第4版,early_people_daily_city_extraction,SRC-RMRB-1983-10-28,people_daily_summary,primary_text
EARLY-PREFECTURE-RMRB-COUNTY-1983-10-28-030,1983,浙江省,upgrade,CNUR-000090,CNUR-000090、CNUR-000091,嘉兴市、湖州市,CNUR-000090、CNUR-000091,嘉兴地区,湖州市、嘉兴市,,,false,medium,early_source_text_parsed,early_year_before_roster|source_text_parsed,撤销嘉兴地区。嘉兴市、湖州市改由省直接领导。将嘉善、平湖、海宁、海盐、桐乡五县划归嘉兴市管辖；将德清、长兴、安吉三县划归湖州市管辖,早期材料中的市级、地区级或盟级变化；保留原文，实体年度状态仍从1987年开始。,https://cn.govopendata.com/renminribao/1983/10/28/4/,,人民日报 1983-10-28 第4版,early_people_daily_city_extraction,SRC-RMRB-1983-10-28,people_daily_summary,primary_text
EARLY-PREFECTURE-RMRB-COUNTY-1983-10-28-031,1983,浙江省,jurisdiction_transfer,CNUR-000092,CNUR-000092,绍兴市,CNUR-000092,绍兴地区,绍兴市,,,false,medium,early_source_text_parsed,early_year_before_roster|source_text_parsed,撤销绍兴地区。恢复绍兴县，以绍兴市的部分行政区域为绍兴县的行政区域。将上虞、诸暨、嵊县、新昌、绍兴五县划归绍兴市管辖,早期材料中的市级、地区级或盟级变化；保留原文，实体年度状态仍从1987年开始。,https://cn.govopendata.com/renminribao/1983/10/28/4/,,人民日报 1983-10-28 第4版,early_people_daily_city_extraction,SRC-RMRB-1983-10-28,people_daily_summary,primary_text
EARLY-PREFECTURE-RMRB-COUNTY-1983-10-28-034,1983,福建省,upgrade,CNUR-000118,CNUR-000118,三明市,CNUR-000118,三明地区,三明市,,,false,medium,early_source_text_parsed,early_year_before_roster|source_text_parsed,撤销三明地区。三明市改由省直接领导，将永安、宁化、清流、明溪、建宁、泰宁、将乐、沙县、尤溪、大田十县划归三明市管辖,早期材料中的市级、地区级或盟级变化；保留原文，实体年度状态仍从1987年开始。,https://cn.govopendata.com/renminribao/1983/10/28/4/,,人民日报 1983-10-28 第4版,early_people_daily_city_extraction,SRC-RMRB-1983-10-28,people_daily_summary,primary_text
EARLY-PREFECTURE-RMRB-COUNTY-1983-10-28-035,1983,福建省,jurisdiction_transfer,CNUR-000115,CNUR-000115、CNUR-000123,宁德地区、福州市,CNUR-000115、CNUR-000123,莆田地区,福州市,,,false,medium,early_source_text_parsed,early_year_before_roster|source_text_parsed,撤销莆田地区。将闽清、永泰、福清、长乐、平潭五县和宁德地区的连江、罗源二县划归福州市管辖,早期材料中的市级、地区级或盟级变化；保留原文，实体年度状态仍从1987年开始。,https://cn.govopendata.com/renminribao/1983/10/28/4/,,人民日报 1983-10-28 第4版,early_people_daily_city_extraction,SRC-RMRB-1983-10-28,people_daily_summary,primary_text
EARLY-PREFECTURE-RMRB-COUNTY-1983-10-28-038,1983,山东省,upgrade,CNUR-000142,CNUR-000142,济宁市,CNUR-000142,济宁地区,济宁市,,,false,medium,early_source_text_parsed,early_year_before_roster|source_text_parsed,撤销济宁地区。济宁市改由省直接领导。将兖州、曲阜、邹县、嘉祥、金乡、鱼台、微山七县划归济宁市管辖。撤销济宁县，将济宁县的行政区域并入济宁市；将汶上、泗水二县划归泰安地区,早期材料中的市级、地区级或盟级变化；保留原文，实体年度状态仍从1987年开始。,https://cn.govopendata.com/renminribao/1983/10/28/4/,,人民日报 1983-10-28 第4版,early_people_daily_city_extraction,SRC-RMRB-1983-10-28,people_daily_summary,primary_text
EARLY-PREFECTURE-RMRB-COUNTY-1983-10-28-039,1983,山东省,upgrade,CNUR-000141,CNUR-000141,潍坊市,CNUR-000141,潍坊地区,潍坊市,,,false,medium,early_source_text_parsed,early_year_before_roster|source_text_parsed,撤销潍坊地区，潍坊市改由省直接领导。将昌邑、昌乐、安丘、高密、诸城、五莲、临朐、益都、寿光九县划归潍坊市管辖。撤销潍县，将潍县的行政区域并入潍坊市,早期材料中的市级、地区级或盟级变化；保留原文，实体年度状态仍从1987年开始。,https://cn.govopendata.com/renminribao/1983/10/28/4/,,人民日报 1983-10-28 第4版,early_people_daily_city_extraction,SRC-RMRB-1983-10-28,people_daily_summary,primary_text
EARLY-PREFECTURE-RMRB-COUNTY-1983-10-28-040,1983,山东省,upgrade,CNUR-000140,CNUR-000140、CNUR-000144,威海市、烟台市,CNUR-000140、CNUR-000144,烟台地区,烟台市、威海市,,,false,medium,early_source_text_parsed,early_year_before_roster|source_text_parsed,撤销烟台地区。烟台市改由省直接领导。将荣成、文登、牟平、乳山、海阳、莱阳、掖县、招远、栖霞、黄县、蓬莱、长岛十二县划归烟台市管辖，威海市仍为省辖（县级）市。撤销福山县，将福山县的行政区域并入烟台市,早期材料中的市级、地区级或盟级变化；保留原文，实体年度状态仍从1987年开始。,https://cn.govopendata.com/renminribao/1983/10/28/4/,,人民日报 1983-10-28 第4版,early_people_daily_city_extraction,SRC-RMRB-1983-10-28,people_daily_summary,primary_text
EARLY-PREFECTURE-RMRB-COUNTY-1983-10-28-050,1983,河南省,jurisdiction_transfer,CNUR-000152,CNUR-000152、CNUR-000153,开封市、郑州市,CNUR-000152、CNUR-000153,开封地区,开封市、郑州市,,,false,medium,early_source_text_parsed,early_year_before_roster|source_text_parsed,撤销开封地区。将巩县、新郑、密县、登封、中牟五县划归郑州市管辖；将兰考、尉氏、通许、杞县、开封五县划归开封市管辖,早期材料中的市级、地区级或盟级变化；保留原文，实体年度状态仍从1987年开始。,https://cn.govopendata.com/renminribao/1983/10/28/4/,,人民日报 1983-10-28 第4版,early_people_daily_city_extraction,SRC-RMRB-1983-10-28,people_daily_summary,primary_text
EARLY-PREFECTURE-RMRB-COUNTY-1983-10-28-051,1983,河南省,upgrade,CNUR-000156,CNUR-000156,安阳市,CNUR-000156,安阳地区,安阳市,,,false,medium,early_source_text_parsed,early_year_before_roster|source_text_parsed,撤销安阳地区，安阳市改由省直接领导。将安阳、浚县、淇县、林县、汤阴五县划归安阳市管辖,早期材料中的市级、地区级或盟级变化；保留原文，实体年度状态仍从1987年开始。,https://cn.govopendata.com/renminribao/1983/10/28/4/,,人民日报 1983-10-28 第4版,early_people_daily_city_extraction,SRC-RMRB-1983-10-28,people_daily_summary,primary_text
EARLY-PREFECTURE-RMRB-COUNTY-1983-10-28-053,1983,河南省,upgrade,CNUR-000158,CNUR-000158,新乡市,CNUR-000158,新乡市,新乡市,,,false,medium,early_source_text_parsed,early_year_before_roster|source_text_parsed,新乡市改由省直接领导，将新乡地区的汲县、新乡两县划归新乡市管辖,早期材料中的市级、地区级或盟级变化；保留原文，实体年度状态仍从1987年开始。,https://cn.govopendata.com/renminribao/1983/10/28/4/,,人民日报 1983-10-28 第4版,early_people_daily_city_extraction,SRC-RMRB-1983-10-28,people_daily_summary,primary_text
EARLY-PREFECTURE-RMRB-COUNTY-1983-10-28-057,1983,湖北省,jurisdiction_transfer,CNUR-000173,CNUR-000173、CNUR-000180,襄樊市、随州市,CNUR-000173、CNUR-000180,襄阳地区,襄樊市、随州市,,,false,medium,early_source_text_parsed,early_year_before_roster|source_text_parsed,撤销襄阳地区。将襄阳、枣阳、宜城、南漳、保康、谷城六县划归襄樊市管辖。随州市、老河口市仍为省辖（县级）市,早期材料中的市级、地区级或盟级变化；保留原文，实体年度状态仍从1987年开始。,https://cn.govopendata.com/renminribao/1983/10/28/4/,,人民日报 1983-10-28 第4版,early_people_daily_city_extraction,SRC-RMRB-1983-10-28,people_daily_summary,primary_text
EARLY-PREFECTURE-RMRB-COUNTY-1983-10-28-058,1983,湖北省,jurisdiction_transfer,CNUR-000181,CNUR-000181,鄂西土家族苗族自治州,CNUR-000181,恩施地区,鄂西土家族苗族自治州,,,false,medium,early_source_text_parsed,early_year_before_roster|source_text_parsed,撤销恩施地区。设立鄂西土家族苗族自治州。撤销鹤峰土家族自治县，恢复鹤峰县。撤销来凤土家族自治县，恢复来凤县。撤销恩施县，将恩施县的行政区域并入恩施市,早期材料中的市级、地区级或盟级变化；保留原文，实体年度状态仍从1987年开始。,https://cn.govopendata.com/renminribao/1983/10/28/4/,,人民日报 1983-10-28 第4版,early_people_daily_city_extraction,SRC-RMRB-1983-10-28,people_daily_summary,primary_text
EARLY-PREFECTURE-RMRB-COUNTY-1983-10-28-059,1983,湖北省,upgrade,CNUR-000175,CNUR-000175,荆门市,CNUR-000175,荆门市,荆门市,,,false,medium,early_source_text_parsed,early_year_before_roster|source_text_parsed,荆门市改由省直接领导。撤销荆门县，将荆门县的行政区域并入荆门市,早期材料中的市级、地区级或盟级变化；保留原文，实体年度状态仍从1987年开始。,https://cn.govopendata.com/renminribao/1983/10/28/4/,,人民日报 1983-10-28 第4版,early_people_daily_city_extraction,SRC-RMRB-1983-10-28,people_daily_summary,primary_text
EARLY-PREFECTURE-RMRB-COUNTY-1983-10-28-068,1983,湖南省,jurisdiction_transfer,CNUR-000182,CNUR-000182、CNUR-000183、CNUR-000184、CNUR-000190,益阳地区、株洲市、湘潭市、长沙市,CNUR-000182、CNUR-000183、CNUR-000184、CNUR-000190,湘潭地区,株洲市、湘潭市、长沙市,,,false,medium,early_source_text_parsed,early_year_before_roster|source_text_parsed,撤销湘潭地区。将攸县、茶陵、酃县、醴陵四县划归株洲市管辖；将湘潭、湘乡两县划归湘潭市管辖；将浏阳县和益阳地区的宁乡县划归长沙市管辖,早期材料中的市级、地区级或盟级变化；保留原文，实体年度状态仍从1987年开始。,https://cn.govopendata.com/renminribao/1983/10/28/4/,,人民日报 1983-10-28 第4版,early_people_daily_city_extraction,SRC-RMRB-1983-10-28,people_daily_summary,primary_text
EARLY-PREFECTURE-RMRB-COUNTY-1983-10-28-069,1983,湖南省,jurisdiction_transfer,CNUR-000185,CNUR-000185、CNUR-000192,零陵地区、衡阳市,CNUR-000185、CNUR-000192,衡阳地区,衡阳市,,,false,medium,early_source_text_parsed,early_year_before_roster|source_text_parsed,撤销衡阳地区。将衡阳、衡南、衡山、衡东、常宁、祁东六县和郴州地区的耒阳县划归衡阳市管辖；将祁阳县划归零陵地区,早期材料中的市级、地区级或盟级变化；保留原文，实体年度状态仍从1987年开始。,https://cn.govopendata.com/renminribao/1983/10/28/4/,,人民日报 1983-10-28 第4版,early_people_daily_city_extraction,SRC-RMRB-1983-10-28,people_daily_summary,primary_text
EARLY-PREFECTURE-RMRB-COUNTY-1983-10-28-071,1983,湖南省,upgrade,CNUR-000187,CNUR-000187,岳阳市,CNUR-000187,岳阳市,岳阳市,,,false,medium,early_source_text_parsed,early_year_before_roster|source_text_parsed,岳阳市改由省直接领导。恢复岳阳县，以岳阳市的部分行政区域为岳阳县的行政区域，岳阳县归岳阳市管辖,早期材料中的市级、地区级或盟级变化；保留原文，实体年度状态仍从1987年开始。,https://cn.govopendata.com/renminribao/1983/10/28/4/,,人民日报 1983-10-28 第4版,early_people_daily_city_extraction,SRC-RMRB-1983-10-28,people_daily_summary,primary_text
EARLY-PREFECTURE-RMRB-COUNTY-1983-10-28-074,1983,四川省,jurisdiction_transfer,CNUR-000235,CNUR-000235,重庆市,CNUR-000235,永川地区,重庆市,,,false,medium,early_source_text_parsed,early_year_before_roster|source_text_parsed,撤销永川地区。将永川、江津、合川、璧山、荣昌、大足、铜梁、潼南八县划归重庆市管辖,早期材料中的市级、地区级或盟级变化；保留原文，实体年度状态仍从1987年开始。,https://cn.govopendata.com/renminribao/1983/10/28/4/,,人民日报 1983-10-28 第4版,early_people_daily_city_extraction,SRC-RMRB-1983-10-28,people_daily_summary,primary_text
EARLY-PREFECTURE-RMRB-COUNTY-1983-10-28-075,1983,四川省,jurisdiction_transfer,CNUR-000236,CNUR-000236,成都市,CNUR-000236,温江地区,成都市,,,false,medium,early_source_text_parsed,early_year_before_roster|source_text_parsed,撤销温江地区。将温江、郫县、灌县、彭县、新都、新津、崇庆、邛崃、蒲江、大邑十县划归成都市管辖,早期材料中的市级、地区级或盟级变化；保留原文，实体年度状态仍从1987年开始。,https://cn.govopendata.com/renminribao/1983/10/28/4/,,人民日报 1983-10-28 第4版,early_people_daily_city_extraction,SRC-RMRB-1983-10-28,people_daily_summary,primary_text
EARLY-PREFECTURE-RMRB-COUNTY-1983-10-28-076,1983,四川省,upgrade,CNUR-000239,CNUR-000239、CNUR-000248,宜宾地区、泸州市,CNUR-000239、CNUR-000248,泸州市,泸州市,,,false,medium,early_source_text_parsed,early_year_before_roster|source_text_parsed,泸州市改由省直接领导。将宜宾地区的泸县、纳溪、合江三县划归泸州市管辖,早期材料中的市级、地区级或盟级变化；保留原文，实体年度状态仍从1987年开始。,https://cn.govopendata.com/renminribao/1983/10/28/4/,,人民日报 1983-10-28 第4版,early_people_daily_city_extraction,SRC-RMRB-1983-10-28,people_daily_summary,primary_text
EARLY-PREFECTURE-RMRB-COUNTY-1983-10-28-093,1983,陕西省,upgrade,CNUR-000291,CNUR-000291、CNUR-000292,咸阳市、宝鸡市,CNUR-000291、CNUR-000292,咸阳地区,咸阳市、宝鸡市,,,false,medium,early_source_text_parsed,early_year_before_roster|source_text_parsed,撤销咸阳地区，咸阳市改由省直接领导。将兴平、三原、泾阳、乾县、礼泉、永寿、彬县、长武、旬邑、淳化十县和宝鸡市的武功县、杨陵区划归咸阳市管辖,早期材料中的市级、地区级或盟级变化；保留原文，实体年度状态仍从1987年开始。,https://cn.govopendata.com/renminribao/1983/10/28/4/,,人民日报 1983-10-28 第4版,early_people_daily_city_extraction,SRC-RMRB-1983-10-28,people_daily_summary,primary_text
EARLY-PREFECTURE-XZQH-COUNTY-1983-Q4-001,1983,国务院批复转录,upgrade,CNUR-000067,CNUR-000067、CNUR-000068,七台河市、佳木斯市,CNUR-000067、CNUR-000068,七台河市、佳木斯市,七台河市、佳木斯市,1983-10-08,(83)国函字213号,false,low,early_secondary_transcription_review_required,early_year_before_roster|secondary_transcription,10月8日，《国务院关于黑龙江省地市机构改革方案的批复》（(83)国函字213号）同意：一、将合江地区的佳木斯市、七台河市改由省直接领导。二、将合江地区的勃利县划归七台河市管辖；将宝清县的红卫、岚峰两个公社并入七台河市。三、设立五大连池市（县级）。以德都县的五大连池镇及五大连池农场、大庆农场和尾山农场的一个分场以及81112、80301部队农场、焦得布林场等为五大连池市的行政区域。（四、(略)）,早期材料中的市级、地区级或盟级变化；保留原文，实体年度状态仍从1987年开始。,https://www.xzqh.org/html/show/cn/1983_7.html,,区划地名网 1983年行政区划 第7页,early_secondary_city_extraction,SRC-XZQH-1983-Q4,secondary_transcription,secondary_transcription
EARLY-PREFECTURE-XZQH-COUNTY-1983-Q4-004,1983,国务院批复转录,jurisdiction_transfer,CNUR-000028,CNUR-000028,赤峰市,CNUR-000028,昭乌达盟,赤峰市,1983-10-10,(83)国函字218号,false,low,early_secondary_transcription_review_required,early_year_before_roster|secondary_transcription,10月10日，《国务院关于内蒙古自治区盟市机构改革方案的批复》（(83)国函字218号）同意：一、撤销昭乌达盟，将宁城县、林西县、喀喇沁旗、敖汉旗、翁牛特旗、巴林右旗、巴林左旗、阿鲁科尔沁旗、克什克腾旗划归赤峰市管辖。撤销赤峰县，将该县的行政区域及喀喇沁旗的山前公社，马蹄营子公社的公格营子、西六家、四家、喇嘛地、岭上五个大队，娄子店公社的三道营子、四道营子、乔家窝铺三个大队，甸子公社的望甘池、昌盛远两个大队并入赤峰市。赤峰市设红山区、元宝山区、郊区。二、撤销喜桂图旗，设立牙克石市（县级），以喜桂图旗的行政区域为牙克石市的行政区域。三、撤销布特哈旗，设立扎兰屯市（县级），以布特哈旗的行政区域为扎兰屯市的行政区域。四、撤销阿巴哈纳尔旗，设立锡林浩特市（县级），以阿巴哈纳尔旗的行政区域为锡林浩特市的行政区域。五、撤销东胜县，设立东胜市（县级），以东胜县的行政区域为东胜市的行政区域。（六、(略)）,早期材料中的市级、地区级或盟级变化；保留原文，实体年度状态仍从1987年开始。,https://www.xzqh.org/html/show/cn/1983_7.html,,区划地名网 1983年行政区划 第7页,early_secondary_city_extraction,SRC-XZQH-1983-Q4,secondary_transcription,secondary_transcription
EARLY-PREFECTURE-XZQH-COUNTY-1983-Q4-007,1983,国务院批复转录,upgrade,CNUR-000003,CNUR-000003、CNUR-000006、CNUR-000008、CNUR-000009、CNUR-000010、CNUR-000011、CNUR-000350、CNUR-000351、CNUR-000352、CNUR-000353、CNUR-000355、CNUR-000356,张家口地区、石家庄地区、保定地区、张家口市、承德地区、沧州地区、石家庄市、邯郸地区、保定市、承德市、沧州市、邯郸市,CNUR-000003、CNUR-000006、CNUR-000008、CNUR-000009、CNUR-000010、CNUR-000011、CNUR-000350、CNUR-000351、CNUR-000352、CNUR-000353、CNUR-000355、CNUR-000356,张家口六个市、张家口市、石家庄市、保定市、承德市、沧州市、邯郸市,张家口六个市、张家口市、石家庄市、保定市、承德市、沧州市、邯郸市,1983-11-15,(83)国函字243号,false,low,early_secondary_transcription_review_required,early_year_before_roster|secondary_transcription,11月15日，《国务院关于河北省邯郸等六个市实行市管县的批复》（(83)国函字243号）同意：一、邯郸、邢台、保定、沧州、承德、张家口六个市改由省直接领导。二、将石家庄地区的获鹿、井陉二县划归石家庄市管辖。三、将邯郸地区的邯郸县划归邯郸市管辖。四、将保定地区的满城县划归保定市管辖。五、将沧州地区的沧县划归沧州市管辖。六、将承德地区的承德县划归承德市管辖。七、将张家口地区的宣化县划归张家口市管辖。,早期材料中的市级、地区级或盟级变化；保留原文，实体年度状态仍从1987年开始。,https://www.xzqh.org/html/show/cn/1983_7.html,,区划地名网 1983年行政区划 第7页,early_secondary_city_extraction,SRC-XZQH-1983-Q4,secondary_transcription,secondary_transcription
EARLY-PREFECTURE-XZQH-COUNTY-1983-Q4-009,1983,国务院批复转录,jurisdiction_transfer,CNUR-000196,CNUR-000196、CNUR-000197、CNUR-000199、CNUR-000200、CNUR-000201、CNUR-000202、CNUR-000203、CNUR-000204、CNUR-000207、CNUR-000213、CNUR-000214、CNUR-000347,惠阳地区、中山市、佛山市、广州市、梅州市、汕头市、江门市、湛江市、潮州市、珠海市、茂名市、韶关市,CNUR-000196、CNUR-000197、CNUR-000199、CNUR-000200、CNUR-000201、CNUR-000202、CNUR-000203、CNUR-000204、CNUR-000207、CNUR-000213、CNUR-000214、CNUR-000347,佛山地区、汕头地区、韶关地区、湛江地区,中山市、佛山市、广州市、梅州市、汕头市、江门市、湛江市、潮州市、珠海市、茂名市、韶关市,1983-12-22,(83)国函字269号,false,low,early_secondary_transcription_review_required,early_year_before_roster|secondary_transcription,12月22日，《国务院关于广东省实行市领导县体制的批复》（(83)国函字269号）同意：一、撤销佛山地区。将南海、三水、顺德、高明四县划归佛山市管辖；将开平、台山、恩平、新会、鹤山五县划归江门市管辖；将斗门县划归珠海市管辖。撤销中山县，设立中山市（县级），以中山县的行政区域为中山市的行政区域。二、撤销汕头地区。将澄海、潮阳、揭阳、揭西、普宁、惠来、饶平、南澳八县划归汕头市管辖；将海丰、陆丰两县划归惠阳地区。撤销潮安县，将潮安县的行政区域并入潮州市。三、撤销韶关地区。将南雄、始兴、仁化、乐昌、翁源、英德、阳山、连县、乳源瑶族自治县、连南瑶族自治县、连山壮族瑶族自治县共十一县划归韶关市管辖；将清远、佛冈两县划归广州市管辖。四、撤销湛江地区。将徐闻、海康、廉江、遂溪、吴川五县划归湛江市管辖；将高州、化州、信宜、电白四县划归茂名市管辖；将阳江、阳春两县划归江门市管辖。五、撤销梅县、梅州市。梅县与梅州市合并，设立梅县市（县级）。,早期材料中的市级、地区级或盟级变化；保留原文，实体年度状态仍从1987年开始。,https://www.xzqh.org/html/show/cn/1983_7.html,,区划地名网 1983年行政区划 第7页,early_secondary_city_extraction,SRC-XZQH-1983-Q4,secondary_transcription,secondary_transcription
EARLY-PREFECTURE-RMRB-COUNTY-1984-01-31-004,1984,黑龙江省,jurisdiction_transfer,CNUR-000061,CNUR-000061,齐齐哈尔市,CNUR-000061,嫩江地区,齐齐哈尔市,,,false,medium,early_source_text_parsed,early_year_before_roster|source_text_parsed,撤销嫩江地区，将讷河、拜泉、龙江、依安、克山、克东、甘南、泰来、富裕、林甸、杜尔伯特蒙古族自治县共十一县划归齐齐哈尔市管辖,早期材料中的市级、地区级或盟级变化；保留原文，实体年度状态仍从1987年开始。,https://cn.govopendata.com/renminribao/1985/1/31/4/,,人民日报 1985-01-31 第4版,early_people_daily_city_extraction,SRC-RMRB-1984-01-31,people_daily_summary,primary_text
EARLY-PREFECTURE-RMRB-COUNTY-1984-01-31-005,1984,黑龙江省,jurisdiction_transfer,CNUR-000067,CNUR-000067,佳木斯市,CNUR-000067,合江地区,佳木斯市,,,false,medium,early_source_text_parsed,early_year_before_roster|source_text_parsed,撤销合江地区，将桦南、集贤、宝清、富锦、依兰、汤原、桦川、萝北、绥滨、饶河、同江、抚远、友谊共十三县划归佳木斯市管辖,早期材料中的市级、地区级或盟级变化；保留原文，实体年度状态仍从1987年开始。,https://cn.govopendata.com/renminribao/1985/1/31/4/,,人民日报 1985-01-31 第4版,early_people_daily_city_extraction,SRC-RMRB-1984-01-31,people_daily_summary,primary_text
EARLY-PREFECTURE-XZQH-COUNTY-1984-H1-013,1984,国务院批复转录,establish,CNUR-000044,CNUR-000044、CNUR-000047,盘锦市、营口市,CNUR-000044、CNUR-000047,,盘锦市、营口市,1984-06-05,(84)国函字89号,false,low,early_secondary_transcription_review_required,early_year_before_roster|secondary_transcription,6月5日，《国务院关于辽宁省设立盘锦市的批复》（(84)国函字89号）同意：一、撤销盘山县，设立盘锦市（地级），以原盘山县的行政区域为盘锦市的行政区域。盘锦市设盘山、兴隆台、郊区三个区。二、将营口市的大洼县划归盘锦市管辖。,早期材料中的市级、地区级或盟级变化；保留原文，实体年度状态仍从1987年开始。,https://www.xzqh.org/html/show/cn/1984_3.html,,区划地名网 1984年行政区划 第3页,early_secondary_city_extraction,SRC-XZQH-1984-H1,secondary_transcription,secondary_transcription
EARLY-PREFECTURE-RMRB-COUNTY-1985-09-12-001,1985,山西省,jurisdiction_transfer,CNUR-000017,CNUR-000017,长治市,CNUR-000017,晋东南地区,长治市,,,false,medium,early_source_text_parsed,early_year_before_roster|source_text_parsed,撤销晋东南地区，将原晋东南地区的襄垣、屯留、平顺、黎城、壶关、长子、武乡、沁县、沁源九县划归长治市管辖,早期材料中的市级、地区级或盟级变化；保留原文，实体年度状态仍从1987年开始。,https://cn.govopendata.com/renminribao/1985/9/12/4/,,人民日报 1985-09-12 第4版,early_people_daily_city_extraction,SRC-RMRB-1985-09-12,people_daily_summary,primary_text
EARLY-PREFECTURE-RMRB-COUNTY-1985-09-12-002,1985,山西省,upgrade,CNUR-000018,CNUR-000018,晋城市,CNUR-000018,晋东南地区,晋城市,,,false,medium,early_source_text_parsed,early_year_before_roster|source_text_parsed,晋城市升为地级市，将原晋东南地区的沁水、阳城、高平、陵川四县划归晋城市管辖,早期材料中的市级、地区级或盟级变化；保留原文，实体年度状态仍从1987年开始。,https://cn.govopendata.com/renminribao/1985/9/12/4/,,人民日报 1985-09-12 第4版,early_people_daily_city_extraction,SRC-RMRB-1985-09-12,people_daily_summary,primary_text
EARLY-PREFECTURE-RMRB-COUNTY-1985-09-12-010,1985,吉林省,upgrade,CNUR-000055,CNUR-000055,通化市,CNUR-000055,通化地区,通化市,,,false,medium,early_source_text_parsed,early_year_before_roster|source_text_parsed,撤销通化地区，通化市升为地级市，将原通化地区的通化、集安两县划归通化市管辖,早期材料中的市级、地区级或盟级变化；保留原文，实体年度状态仍从1987年开始。,https://cn.govopendata.com/renminribao/1985/9/12/4/,,人民日报 1985-09-12 第4版,early_people_daily_city_extraction,SRC-RMRB-1985-09-12,people_daily_summary,primary_text
EARLY-PREFECTURE-RMRB-COUNTY-1985-09-12-011,1985,吉林省,upgrade,CNUR-000056,CNUR-000056,浑江市,CNUR-000056,通化地区,浑江市,,,false,medium,early_source_text_parsed,early_year_before_roster|source_text_parsed,浑江市升为地级市，并将原通化地区的抚松、靖宇两县和长白朝鲜族自治县划归浑江市管辖,早期材料中的市级、地区级或盟级变化；保留原文，实体年度状态仍从1987年开始。,https://cn.govopendata.com/renminribao/1985/9/12/4/,,人民日报 1985-09-12 第4版,early_people_daily_city_extraction,SRC-RMRB-1985-09-12,people_daily_summary,primary_text
EARLY-PREFECTURE-RMRB-COUNTY-1985-09-12-012,1985,吉林省,establish,,,,,通化地区,梅河口市,,,false,medium,early_source_text_parsed,early_year_before_roster|source_text_parsed,撤销海龙县，设立梅河口市（地级），以原海龙县的行政区域为梅河口市的行政区域，并将原通化地区的辉南、柳河两县划归梅河口市管辖,早期材料中的市级、地区级或盟级变化；保留原文，实体年度状态仍从1987年开始。,https://cn.govopendata.com/renminribao/1985/9/12/4/,,人民日报 1985-09-12 第4版,early_people_daily_city_extraction,SRC-RMRB-1985-09-12,people_daily_summary,primary_text
EARLY-PREFECTURE-RMRB-COUNTY-1985-09-12-013,1985,吉林省,establish,CNUR-000053,CNUR-000053,四平市,CNUR-000053,,公主岭市、四平市,,,false,medium,early_source_text_parsed,early_year_before_roster|source_text_parsed,撤销怀德县，设立公主岭市（地级），以原怀德县的行政区域为公主岭市的行政区域，并将四平市的伊通县划归公主岭市管辖,早期材料中的市级、地区级或盟级变化；保留原文，实体年度状态仍从1987年开始。,https://cn.govopendata.com/renminribao/1985/9/12/4/,,人民日报 1985-09-12 第4版,early_people_daily_city_extraction,SRC-RMRB-1985-09-12,people_daily_summary,primary_text
EARLY-PREFECTURE-RMRB-COUNTY-1985-09-12-015,1985,浙江省,upgrade,CNUR-000093,CNUR-000093,金华市,CNUR-000093,金华地区,金华市,,,false,medium,early_source_text_parsed,early_year_before_roster|source_text_parsed,撤销金华地区，金华市升为地级市，将原金华地区的永康、武义、东阳、磐安、义乌、浦江六县划归金华市管辖,早期材料中的市级、地区级或盟级变化；保留原文，实体年度状态仍从1987年开始。,https://cn.govopendata.com/renminribao/1985/9/12/4/,,人民日报 1985-09-12 第4版,early_people_daily_city_extraction,SRC-RMRB-1985-09-12,people_daily_summary,primary_text
EARLY-PREFECTURE-RMRB-COUNTY-1985-09-12-018,1985,浙江省,upgrade,CNUR-000094,CNUR-000094,衢州市,CNUR-000094,金华地区,衢州市,,,false,medium,early_source_text_parsed,early_year_before_roster|source_text_parsed,衢州市升为地级市，并将原金华地区的龙游、开化、常山、江山四县划归衢州市管辖,早期材料中的市级、地区级或盟级变化；保留原文，实体年度状态仍从1987年开始。,https://cn.govopendata.com/renminribao/1985/9/12/4/,,人民日报 1985-09-12 第4版,early_people_daily_city_extraction,SRC-RMRB-1985-09-12,people_daily_summary,primary_text
EARLY-PREFECTURE-RMRB-COUNTY-1985-09-12-020,1985,福建省,upgrade,CNUR-000119,CNUR-000119,泉州市,CNUR-000119,晋江地区,泉州市,,,false,medium,early_source_text_parsed,early_year_before_roster|source_text_parsed,撤销晋江地区，泉州市升为地级市，将原晋江地区的惠安、晋江、南安、安溪、永春、德化、金门（待回归）等七县划归泉州市管辖,早期材料中的市级、地区级或盟级变化；保留原文，实体年度状态仍从1987年开始。,https://cn.govopendata.com/renminribao/1985/9/12/4/,,人民日报 1985-09-12 第4版,early_people_daily_city_extraction,SRC-RMRB-1985-09-12,people_daily_summary,primary_text
EARLY-PREFECTURE-RMRB-COUNTY-1985-09-12-021,1985,福建省,upgrade,CNUR-000120,CNUR-000120,漳州市,CNUR-000120,龙溪地区,漳州市,,,false,medium,early_source_text_parsed,early_year_before_roster|source_text_parsed,撤销龙溪地区，漳州市升为地级市，将原龙溪地区的龙海、云霄、漳浦、诏安、长泰、东山、南靖、平和、华安等九县划归漳州市管辖,早期材料中的市级、地区级或盟级变化；保留原文，实体年度状态仍从1987年开始。,https://cn.govopendata.com/renminribao/1985/9/12/4/,,人民日报 1985-09-12 第4版,early_people_daily_city_extraction,SRC-RMRB-1985-09-12,people_daily_summary,primary_text
EARLY-PREFECTURE-RMRB-COUNTY-1985-09-12-024,1985,山东省,upgrade,CNUR-000143,CNUR-000143,泰安市,CNUR-000143,泰安地区,泰安市,,,false,medium,early_source_text_parsed,early_year_before_roster|source_text_parsed,撤销泰安地区，泰安市升为地级市，将原泰安地区的宁阳、肥城、东平三县划归泰安市管辖，莱芜、新泰两市由泰安市代管,早期材料中的市级、地区级或盟级变化；保留原文，实体年度状态仍从1987年开始。,https://cn.govopendata.com/renminribao/1985/9/12/4/,,人民日报 1985-09-12 第4版,early_people_daily_city_extraction,SRC-RMRB-1985-09-12,people_daily_summary,primary_text
EARLY-PREFECTURE-RMRB-COUNTY-1985-09-12-030,1985,四川省,upgrade,CNUR-000241,CNUR-000241,绵阳市,CNUR-000241,绵阳地区,绵阳市,,,false,medium,early_source_text_parsed,early_year_before_roster|source_text_parsed,撤销绵阳地区，绵阳市升为地级市，将原绵阳地区的江油、三台、盐亭、安县、梓潼、北川、平武等七县划归绵阳市管辖,早期材料中的市级、地区级或盟级变化；保留原文，实体年度状态仍从1987年开始。,https://cn.govopendata.com/renminribao/1985/9/12/4/,,人民日报 1985-09-12 第4版,early_people_daily_city_extraction,SRC-RMRB-1985-09-12,people_daily_summary,primary_text
EARLY-PREFECTURE-RMRB-COUNTY-1985-09-12-031,1985,四川省,establish,CNUR-000242,CNUR-000242,广元市,CNUR-000242,绵阳地区,广元市,,,false,medium,early_source_text_parsed,early_year_before_roster|source_text_parsed,撤销广元县，设立广元市（地级），以原广元县的行政区域为广元市的行政区域。并将原绵阳地区的旺苍、青川、剑阁三县划归广元市管辖,早期材料中的市级、地区级或盟级变化；保留原文，实体年度状态仍从1987年开始。,https://cn.govopendata.com/renminribao/1985/9/12/4/,,人民日报 1985-09-12 第4版,early_people_daily_city_extraction,SRC-RMRB-1985-09-12,people_daily_summary,primary_text
EARLY-PREFECTURE-RMRB-COUNTY-1985-09-12-032,1985,四川省,establish,CNUR-000243,CNUR-000243,遂宁市,CNUR-000243,绵阳地区,遂宁市,,,false,medium,early_source_text_parsed,early_year_before_roster|source_text_parsed,撤销遂宁县，设立遂宁市（地级），以原遂宁县的行政区域为遂宁市的行政区域。并将原绵阳地区的蓬溪、射洪两县划归遂宁市管辖,早期材料中的市级、地区级或盟级变化；保留原文，实体年度状态仍从1987年开始。,https://cn.govopendata.com/renminribao/1985/9/12/4/,,人民日报 1985-09-12 第4版,early_people_daily_city_extraction,SRC-RMRB-1985-09-12,people_daily_summary,primary_text
EARLY-PREFECTURE-RMRB-COUNTY-1985-09-12-033,1985,四川省,upgrade,CNUR-000244,CNUR-000244,内江市,CNUR-000244,内江地区,内江市,,,false,medium,early_source_text_parsed,early_year_before_roster|source_text_parsed,撤销内江地区，内江市升为地级市，将原内江地区的内江、乐至、安岳、威远、资中、资阳、简阳、隆昌八县划归内江市管辖,早期材料中的市级、地区级或盟级变化；保留原文，实体年度状态仍从1987年开始。,https://cn.govopendata.com/renminribao/1985/9/12/4/,,人民日报 1985-09-12 第4版,early_people_daily_city_extraction,SRC-RMRB-1985-09-12,people_daily_summary,primary_text
EARLY-PREFECTURE-RMRB-COUNTY-1985-09-12-034,1985,四川省,upgrade,CNUR-000245,CNUR-000245,乐山市,CNUR-000245,乐山地区,乐山市,,,false,medium,early_source_text_parsed,early_year_before_roster|source_text_parsed,撤销乐山地区，乐山市升为地级市，撤销金口河工农区，将金口河工农区的行政区域划归乐山市。并将原乐山地区的仁寿、眉山、犍为、井研、峨眉、夹江、洪雅、彭山、沐川、青神、丹棱十一县和峨边、马边两个彝族自治县划归乐山市管辖,早期材料中的市级、地区级或盟级变化；保留原文，实体年度状态仍从1987年开始。,https://cn.govopendata.com/renminribao/1985/9/12/4/,,人民日报 1985-09-12 第4版,early_people_daily_city_extraction,SRC-RMRB-1985-09-12,people_daily_summary,primary_text
EARLY-PREFECTURE-RMRB-COUNTY-1985-09-12-048,1985,甘肃省,establish,CNUR-000299,CNUR-000299、CNUR-000302、CNUR-000304、CNUR-000309,定西地区、武威地区、兰州市、白银市,CNUR-000299、CNUR-000302、CNUR-000304、CNUR-000309,,白银市、兰州市,,,false,medium,early_source_text_parsed,early_year_before_roster|source_text_parsed,恢复白银市（地级）。以兰州市的白银区和皋兰、靖远两县的部分行政区域为白银市的行政区域。将定西地区的靖远县、会宁县和武威地区的景泰县划归白银市管辖,早期材料中的市级、地区级或盟级变化；保留原文，实体年度状态仍从1987年开始。,https://cn.govopendata.com/renminribao/1985/9/12/4/,,人民日报 1985-09-12 第4版,early_people_daily_city_extraction,SRC-RMRB-1985-09-12,people_daily_summary,primary_text
EARLY-PREFECTURE-RMRB-COUNTY-1986-01-26-010,1985,甘肃省,upgrade,CNUR-000303,CNUR-000303,天水市,CNUR-000303,天水地区,天水市,,,false,medium,early_source_text_parsed,early_year_before_roster|source_text_parsed,撤销天水地区，天水市升为地级市。撤销天水县，将原天水县的行政区域并入天水市。天水市设立秦城区、北道区,早期材料中的市级、地区级或盟级变化；保留原文，实体年度状态仍从1987年开始。,https://cn.govopendata.com/renminribao/1986/01/26/4/,,人民日报 1986-01-26 第4版,early_people_daily_city_extraction,SRC-RMRB-1986-01-26,people_daily_summary,primary_text
EARLY-PREFECTURE-RMRB-COUNTY-1986-07-18-018,1986,河南省,jurisdiction_transfer,CNUR-000158,CNUR-000158、CNUR-000159,新乡市、焦作市,CNUR-000158、CNUR-000159,新乡地区,新乡市、焦作市,,,false,medium,early_source_text_parsed,early_year_before_roster|source_text_parsed,撤销新乡地区，将辉县、获嘉、原阳、延津、封丘五县划归新乡市管辖；将武陟、沁阳、温县、孟县、济源五县划归焦作市管辖,早期材料中的市级、地区级或盟级变化；保留原文，实体年度状态仍从1987年开始。,https://cn.govopendata.com/renminribao/1986/7/18/4/,,人民日报 1986-07-18 第4版,early_people_daily_city_extraction,SRC-RMRB-1986-07-18,people_daily_summary,primary_text
EARLY-PREFECTURE-RMRB-COUNTY-1986-07-18-019,1986,河南省,upgrade,CNUR-000155,CNUR-000155、CNUR-000161、CNUR-000162,平顶山市、漯河市、许昌市,CNUR-000155、CNUR-000161、CNUR-000162,许昌地区,漯河两市、平顶山市、漯河市、许昌市,,,false,medium,early_source_text_parsed,early_year_before_roster|source_text_parsed,撤销许昌地区，许昌、漯河两市升为地级市。将禹县、长葛、许昌、鄢陵四县划归许昌市管辖；将舞阳、临颍、郾城三县划归漯河市管辖；将郏县、襄城两县划归平顶山市管辖,早期材料中的市级、地区级或盟级变化；保留原文，实体年度状态仍从1987年开始。,https://cn.govopendata.com/renminribao/1986/7/18/4/,,人民日报 1986-07-18 第4版,early_people_daily_city_extraction,SRC-RMRB-1986-07-18,people_daily_summary,primary_text
EARLY-PREFECTURE-RMRB-COUNTY-1986-07-18-020,1986,河南省,upgrade,CNUR-000154,CNUR-000154、CNUR-000155、CNUR-000163,三门峡市、平顶山市、洛阳市,CNUR-000154、CNUR-000155、CNUR-000163,洛阳地区,三门峡市、平顶山市、洛阳市,,,false,medium,early_source_text_parsed,early_year_before_roster|source_text_parsed,撤销洛阳地区，三门峡市升为地级市，将渑池、陕县、灵宝、卢氏四县划归三门峡市管辖，义马市（县级）由三门峡市代管；将栾川、嵩县、汝阳、宜阳、洛宁、伊川六县划归洛阳市管辖；将临汝县划归平顶山市管辖,早期材料中的市级、地区级或盟级变化；保留原文，实体年度状态仍从1987年开始。,https://cn.govopendata.com/renminribao/1986/7/18/4/,,人民日报 1986-07-18 第4版,early_people_daily_city_extraction,SRC-RMRB-1986-07-18,people_daily_summary,primary_text
EARLY-PREFECTURE-RMRB-COUNTY-1986-07-18-032,1986,湖南省,jurisdiction_transfer,CNUR-000187,CNUR-000187,岳阳市,CNUR-000187,岳阳地区,岳阳市,,,false,medium,early_source_text_parsed,early_year_before_roster|source_text_parsed,撤销岳阳地区，将临湘、华容、湘阴、汨罗、平江五县划归岳阳市管辖,早期材料中的市级、地区级或盟级变化；保留原文，实体年度状态仍从1987年开始。,https://cn.govopendata.com/renminribao/1986/7/18/4/,,人民日报 1986-07-18 第4版,early_people_daily_city_extraction,SRC-RMRB-1986-07-18,people_daily_summary,primary_text
EARLY-PREFECTURE-RMRB-COUNTY-1986-07-18-033,1986,湖南省,jurisdiction_transfer,CNUR-000186,CNUR-000186,邵阳市,CNUR-000186,邵阳地区,邵阳市,,,false,medium,early_source_text_parsed,early_year_before_roster|source_text_parsed,撤销邵阳地区，将邵阳、隆回、洞口、武冈、绥宁、新宁县和城步苗族自治县七县划归邵阳市管辖,早期材料中的市级、地区级或盟级变化；保留原文，实体年度状态仍从1987年开始。,https://cn.govopendata.com/renminribao/1986/7/18/4/,,人民日报 1986-07-18 第4版,early_people_daily_city_extraction,SRC-RMRB-1986-07-18,people_daily_summary,primary_text
EARLY-PREFECTURE-RMRB-COUNTY-1986-07-18-035,1986,广东省,upgrade,CNUR-000231,CNUR-000231,海口市,CNUR-000231,海口市,海口市,,,false,medium,early_source_text_parsed,early_year_before_roster|source_text_parsed,海口市升为地级市,早期材料中的市级、地区级或盟级变化；保留原文，实体年度状态仍从1987年开始。,https://cn.govopendata.com/renminribao/1986/7/18/4/,,人民日报 1986-07-18 第4版,early_people_daily_city_extraction,SRC-RMRB-1986-07-18,people_daily_summary,primary_text
EARLY-PREFECTURE-RMRB-COUNTY-1987-02-10-028,1986,西藏自治区,jurisdiction_transfer,CNUR-000283,CNUR-000283、CNUR-000286,日喀则地区、山南地区,CNUR-000283、CNUR-000286,江孜地区、划归江孜地区,,,,false,medium,early_source_text_parsed,early_year_before_roster|source_text_parsed,撤销江孜地区，将原划归江孜地区所辖的亚东、康马、岗巴、江孜、仁布、白朗六县仍划归日喀则地区；浪卡子县仍划归山南地区,早期材料中的市级、地区级或盟级变化；保留原文，实体年度状态仍从1987年开始。,https://cn.govopendata.com/renminribao/1987/2/10/4/,,人民日报 1987-02-10 第4版,early_people_daily_city_extraction,SRC-RMRB-1987-02-10,people_daily_summary,primary_text
WIKI-1987-001,1987,安徽省,upgrade,CNUR-000106,CNUR-000106,徽州地区、黄山市,CNUR-000106,徽州地区,黄山市,1987-11-27,国函〔1987〕185号,true,high,accepted_rule_extraction,,"colspan=""3""|徽州地区 |342700 |rowspan=""11""|11月27日国务院批复同意<br>国函〔1987〕185号 |撤销徽州地区，设立黄山市（地级） |colspan=""2""|黄山市 |341000",,https://zh.wikipedia.org/wiki/1987%E5%B9%B4%E4%B8%AD%E5%8D%8E%E4%BA%BA%E6%B0%91%E5%85%B1%E5%92%8C%E5%9B%BD%E5%8E%BF%E7%BA%A7%E4%BB%A5%E4%B8%8A%E8%A1%8C%E6%94%BF%E5%8C%BA%E5%88%92%E5%8F%98%E6%9B%B4%E5%88%97%E8%A1%A8,71416601,row:2,wikipedia_semantic_normalization,SRC-WIKI-1987,wikipedia,revisioned_secondary
WIKI-1987-002,1987,浙江省,upgrade,CNUR-000095,CNUR-000095,舟山地区、舟山市,CNUR-000095,舟山地区,舟山市,1987-01-23,国函〔1987〕20号,true,high,accepted_rule_extraction,,"colspan=""3""|舟山地区 |332800 |rowspan=""5""|1月23日国务院批复同意<br>国函〔1987〕20号 |撤销舟山地区，设立舟山市（地级），实行市管县领导体制 |colspan=""2""|舟山市 |330900",,https://zh.wikipedia.org/wiki/1987%E5%B9%B4%E4%B8%AD%E5%8D%8E%E4%BA%BA%E6%B0%91%E5%85%B1%E5%92%8C%E5%9B%BD%E5%8E%BF%E7%BA%A7%E4%BB%A5%E4%B8%8A%E8%A1%8C%E6%94%BF%E5%8C%BA%E5%88%92%E5%8F%98%E6%9B%B4%E5%88%97%E8%A1%A8,71416601,row:20,wikipedia_semantic_normalization,SRC-WIKI-1987,wikipedia,revisioned_secondary
WIKI-1987-003,1987,广东省,abolish,CNUR-000341,CNUR-000341,海南黎族苗族自治州,CNUR-000341,海南黎族苗族自治州,,1987-11-20,国函〔1987〕181号,false,medium,accepted_manual_review,,"rowspan=""10""|海南行政区管辖<br>||colspan=""2""|海南黎族苗族自治州||442200 |rowspan=""10""|11月20日国务院批复同意<br>国函〔1987〕181号 |撤销海南黎族苗族自治州，原自治州所辖市县继续享受少数民族地区各项优惠政策 |colspan=""3""",abolished historical autonomous prefecture; former counties moved to direct Hainan Administrative Region control,https://zh.wikipedia.org/wiki/1987%E5%B9%B4%E4%B8%AD%E5%8D%8E%E4%BA%BA%E6%B0%91%E5%85%B1%E5%92%8C%E5%9B%BD%E5%8E%BF%E7%BA%A7%E4%BB%A5%E4%B8%8A%E8%A1%8C%E6%94%BF%E5%8C%BA%E5%88%92%E5%8F%98%E6%9B%B4%E5%88%97%E8%A1%A8,71416601,row:26,wikipedia_semantic_normalization,SRC-WIKI-1987,wikipedia,revisioned_secondary
WIKI-1987-004,1987,四川省,rename,CNUR-000238,CNUR-000238,渡口市、攀枝花市,CNUR-000238,渡口市,攀枝花市,1987-01-23,国函〔1987〕19号,true,high,accepted_rule_extraction,,"colspan=""2"" |渡口市||510400||国务院1月23日批复同意<br>国函〔1987〕19号||将渡口市更名为攀枝花市||colspan=""2"" |攀枝花市",,https://zh.wikipedia.org/wiki/1987%E5%B9%B4%E4%B8%AD%E5%8D%8E%E4%BA%BA%E6%B0%91%E5%85%B1%E5%92%8C%E5%9B%BD%E5%8E%BF%E7%BA%A7%E4%BB%A5%E4%B8%8A%E8%A1%8C%E6%94%BF%E5%8C%BA%E5%88%92%E5%8F%98%E6%9B%B4%E5%88%97%E8%A1%A8,71416601,row:37,wikipedia_semantic_normalization,SRC-WIKI-1987,wikipedia,revisioned_secondary
WIKI-1987-005,1987,四川省,rename,CNUR-000254,CNUR-000254,阿坝藏族自治州、阿坝藏族羌族自治州,CNUR-000254,阿坝藏族自治州,阿坝藏族羌族自治州,1987-07-24,国函〔1987〕125号,true,high,accepted_rule_extraction,,"colspan=""2"" |阿坝藏族自治州||513200||rowspan=""2""|国务院7月24日批复同意<br>国函〔1987〕125号||将阿坝藏族自治州更名为阿坝藏族羌族自治州||colspan=""2"" |阿坝藏族羌族自治州",,https://zh.wikipedia.org/wiki/1987%E5%B9%B4%E4%B8%AD%E5%8D%8E%E4%BA%BA%E6%B0%91%E5%85%B1%E5%92%8C%E5%9B%BD%E5%8E%BF%E7%BA%A7%E4%BB%A5%E4%B8%8A%E8%A1%8C%E6%94%BF%E5%8C%BA%E5%88%92%E5%8F%98%E6%9B%B4%E5%88%97%E8%A1%A8,71416601,row:38,wikipedia_semantic_normalization,SRC-WIKI-1987,wikipedia,revisioned_secondary
WIKI-1988-006,1988,河北省,upgrade,CNUR-000012,CNUR-000012,廊坊地区、廊坊市,CNUR-000012,廊坊地区,廊坊市,1988-09-13,国函〔1988〕114号,true,high,accepted_rule_extraction,,"colspan=""2""|廊坊地区 |132800 |rowspan=""10""|9月13日国务院批复同意<br>国函〔1988〕114号 |撤销廊坊地区，设立廊坊市（地级），实行市县领导体制 |colspan=""2""|廊坊市 |131000",,https://zh.wikipedia.org/wiki/1988%E5%B9%B4%E4%B8%AD%E5%8D%8E%E4%BA%BA%E6%B0%91%E5%85%B1%E5%92%8C%E5%9B%BD%E5%8E%BF%E7%BA%A7%E4%BB%A5%E4%B8%8A%E8%A1%8C%E6%94%BF%E5%8C%BA%E5%88%92%E5%8F%98%E6%9B%B4%E5%88%97%E8%A1%A8,93182311,row:2,wikipedia_semantic_normalization,SRC-WIKI-1988,wikipedia,revisioned_secondary
WIKI-1988-007,1988,山西省,establish,CNUR-000019,CNUR-000019,朔州市,CNUR-000019,,朔州市,1988-03-24,国函〔1988〕50号,false,medium,accepted_manual_review,,"colspan=""3""| ||rowspan=""3""|3月24日国务院批复同意<br>国函〔1988〕50号||rowspan=""3""|撤销朔县、平鲁县，设立朔州市（地级）和朔州市朔城区、平鲁区<br>以原朔县的行政区域为朔城区的行政区域，以原平鲁县的行政区域为平鲁区的行政区域||colspan=""2""|朔州市||140600",朔州市 was explicitly established as a prefecture-level city,https://zh.wikipedia.org/wiki/1988%E5%B9%B4%E4%B8%AD%E5%8D%8E%E4%BA%BA%E6%B0%91%E5%85%B1%E5%92%8C%E5%9B%BD%E5%8E%BF%E7%BA%A7%E4%BB%A5%E4%B8%8A%E8%A1%8C%E6%94%BF%E5%8C%BA%E5%88%92%E5%8F%98%E6%9B%B4%E5%88%97%E8%A1%A8,93182311,row:13,wikipedia_semantic_normalization,SRC-WIKI-1988,wikipedia,revisioned_secondary
WIKI-1988-008,1988,湖南省,upgrade,CNUR-000188,CNUR-000188,常德地区、常德市,CNUR-000188,常德地区,常德市,1988-01-23,国函〔1988〕23号,true,high,accepted_rule_extraction,,"colspan=""2""|常德地区 |432400 |rowspan=""11""|1月23日国务院批复同意<br>国函〔1988〕23号 |rowspan=""3""|撤销常德地区、常德县，实行市县领导体制，常德市升格为地级市<br>设立常德市武陵区，以原常德市全部和常德县部分乡镇行政区域为武陵区行政区域；设立常德市鼎城区，以原常德县剩余乡镇行政区域为鼎城区行政区域 |colspan=""2""|常德市 |430700",,https://zh.wikipedia.org/wiki/1988%E5%B9%B4%E4%B8%AD%E5%8D%8E%E4%BA%BA%E6%B0%91%E5%85%B1%E5%92%8C%E5%9B%BD%E5%8E%BF%E7%BA%A7%E4%BB%A5%E4%B8%8A%E8%A1%8C%E6%94%BF%E5%8C%BA%E5%88%92%E5%8F%98%E6%9B%B4%E5%88%97%E8%A1%A8,93182311,row:17,wikipedia_semantic_normalization,SRC-WIKI-1988,wikipedia,revisioned_secondary
WIKI-1988-009,1988,广东省,upgrade,CNUR-000205,CNUR-000205,肇庆地区、肇庆市,CNUR-000205,肇庆地区,肇庆市,1988-01-07,国函〔1988〕6号,true,high,accepted_rule_extraction,,"colspan=""2""|肇庆地区 |442800 |rowspan=""49""|1月7日国务院批复同意<br>国函〔1988〕6号 |rowspan=""3""|撤销肇庆地区，将肇庆市升为地级市；设立肇庆市端州区、鼎湖区 |colspan=""2""|肇庆市 |441200",,https://zh.wikipedia.org/wiki/1988%E5%B9%B4%E4%B8%AD%E5%8D%8E%E4%BA%BA%E6%B0%91%E5%85%B1%E5%92%8C%E5%9B%BD%E5%8E%BF%E7%BA%A7%E4%BB%A5%E4%B8%8A%E8%A1%8C%E6%94%BF%E5%8C%BA%E5%88%92%E5%8F%98%E6%9B%B4%E5%88%97%E8%A1%A8,93182311,row:32,wikipedia_semantic_normalization,SRC-WIKI-1988,wikipedia,revisioned_secondary
WIKI-1988-010,1988,广东省,split,CNUR-000347,CNUR-000347,惠阳地区、惠州市,CNUR-000347,惠阳地区,惠州市,,,false,medium,accepted_manual_review,multi_entity_relation,"colspan=""2""|惠阳地区 |442500 |rowspan=""2""|撤销惠阳地区，将惠州市升为地级市；设立惠州市惠城区 |colspan=""2""|惠州市 |441300",惠阳地区撤销并形成惠州、汕尾、河源三个主要后继实体,https://zh.wikipedia.org/wiki/1988%E5%B9%B4%E4%B8%AD%E5%8D%8E%E4%BA%BA%E6%B0%91%E5%85%B1%E5%92%8C%E5%9B%BD%E5%8E%BF%E7%BA%A7%E4%BB%A5%E4%B8%8A%E8%A1%8C%E6%94%BF%E5%8C%BA%E5%88%92%E5%8F%98%E6%9B%B4%E5%88%97%E8%A1%A8,93182311,row:45,wikipedia_semantic_normalization,SRC-WIKI-1988,wikipedia,revisioned_secondary
WIKI-1988-011,1988,广东省,establish,CNUR-000208,CNUR-000208,汕尾市,CNUR-000208,,汕尾市,,,false,medium,accepted_manual_review,,"rowspan=""3""|海丰县||rowspan=""3""|442531||rowspan=""2""|设立汕尾市（地级）和汕尾市城区，以海丰县部分镇为汕尾市城区的行政区域||colspan=""2""|汕尾市||441500",汕尾市 was explicitly established as a prefecture-level city,https://zh.wikipedia.org/wiki/1988%E5%B9%B4%E4%B8%AD%E5%8D%8E%E4%BA%BA%E6%B0%91%E5%85%B1%E5%92%8C%E5%9B%BD%E5%8E%BF%E7%BA%A7%E4%BB%A5%E4%B8%8A%E8%A1%8C%E6%94%BF%E5%8C%BA%E5%88%92%E5%8F%98%E6%9B%B4%E5%88%97%E8%A1%A8,93182311,row:50,wikipedia_semantic_normalization,SRC-WIKI-1988,wikipedia,revisioned_secondary
WIKI-1988-012,1988,广东省,establish,CNUR-000209,CNUR-000209,河源市,CNUR-000209,,河源市,,,false,medium,accepted_manual_review,,"rowspan=""3""|河源县||rowspan=""3""|442525||rowspan=""3""|撤销河源县，设立河源市（地级）和河源市源城区、郊区||colspan=""2""|河源市||441600",河源市 was explicitly established as a prefecture-level city,https://zh.wikipedia.org/wiki/1988%E5%B9%B4%E4%B8%AD%E5%8D%8E%E4%BA%BA%E6%B0%91%E5%85%B1%E5%92%8C%E5%9B%BD%E5%8E%BF%E7%BA%A7%E4%BB%A5%E4%B8%8A%E8%A1%8C%E6%94%BF%E5%8C%BA%E5%88%92%E5%8F%98%E6%9B%B4%E5%88%97%E8%A1%A8,93182311,row:56,wikipedia_semantic_normalization,SRC-WIKI-1988,wikipedia,revisioned_secondary
WIKI-1988-013,1988,广东省,upgrade,CNUR-000207,CNUR-000207,梅县地区、梅州市,CNUR-000207,梅县地区,梅州市,,,true,high,accepted_rule_extraction,,"colspan=""2""|梅县地区 |442400 |rowspan=""3""|撤销梅县地区，设立梅州市（地级）<br>撤销梅县市，分设梅县、梅州市梅江区<br>梅县由梅州市管辖 |colspan=""2""|梅州市 |441400",,https://zh.wikipedia.org/wiki/1988%E5%B9%B4%E4%B8%AD%E5%8D%8E%E4%BA%BA%E6%B0%91%E5%85%B1%E5%92%8C%E5%9B%BD%E5%8E%BF%E7%BA%A7%E4%BB%A5%E4%B8%8A%E8%A1%8C%E6%94%BF%E5%8C%BA%E5%88%92%E5%8F%98%E6%9B%B4%E5%88%97%E8%A1%A8,93182311,row:64,wikipedia_semantic_normalization,SRC-WIKI-1988,wikipedia,revisioned_secondary
WIKI-1988-014,1988,广东省,establish,CNUR-000210,CNUR-000210,阳江市,CNUR-000210,,阳江市,,,false,medium,accepted_manual_review,,"rowspan=""4""|江门市管辖||rowspan=""4""|阳江县||rowspan=""4""|440726||rowspan=""4""|撤销阳江县，设立阳江市（地级）、阳西县和阳江市江城区、阳东区<br>阳西县由阳江市管辖||colspan=""2""|阳江市||441700",阳江市 was explicitly established as a prefecture-level city,https://zh.wikipedia.org/wiki/1988%E5%B9%B4%E4%B8%AD%E5%8D%8E%E4%BA%BA%E6%B0%91%E5%85%B1%E5%92%8C%E5%9B%BD%E5%8E%BF%E7%BA%A7%E4%BB%A5%E4%B8%8A%E8%A1%8C%E6%94%BF%E5%8C%BA%E5%88%92%E5%8F%98%E6%9B%B4%E5%88%97%E8%A1%A8,93182311,row:73,wikipedia_semantic_normalization,SRC-WIKI-1988,wikipedia,revisioned_secondary
WIKI-1988-015,1988,广东省,establish,CNUR-000211,CNUR-000211,清远市,CNUR-000211,,清远市,,,false,medium,accepted_manual_review,,"rowspan=""3""|广州市管辖||rowspan=""3""|清远县||rowspan=""3""|440127||rowspan=""3""|撤销清远县，设立清远市（地级）和清远市清城区、清郊区||colspan=""2""|清远市||441800",清远市 was explicitly established as a prefecture-level city,https://zh.wikipedia.org/wiki/1988%E5%B9%B4%E4%B8%AD%E5%8D%8E%E4%BA%BA%E6%B0%91%E5%85%B1%E5%92%8C%E5%9B%BD%E5%8E%BF%E7%BA%A7%E4%BB%A5%E4%B8%8A%E8%A1%8C%E6%94%BF%E5%8C%BA%E5%88%92%E5%8F%98%E6%9B%B4%E5%88%97%E8%A1%A8,93182311,row:77,wikipedia_semantic_normalization,SRC-WIKI-1988,wikipedia,revisioned_secondary
WIKI-1988-016,1988,安徽省,merge,CNUR-000348,CNUR-000348,安庆地区、安庆市,CNUR-000348,安庆地区,安庆市,1988-08-17,国函〔1988〕105号,false,medium,accepted_manual_review,,"colspan=""2""|安庆地区||342800 |rowspan=""13""|8月17日国务院批复同意<br>国函〔1988〕105号 |撤销安庆地区与原安庆市，实行地市合并，设立新的安庆市 |colspan=""3""",安庆地区 and the existing city were merged into the unified 安庆市,https://zh.wikipedia.org/wiki/1988%E5%B9%B4%E4%B8%AD%E5%8D%8E%E4%BA%BA%E6%B0%91%E5%85%B1%E5%92%8C%E5%9B%BD%E5%8E%BF%E7%BA%A7%E4%BB%A5%E4%B8%8A%E8%A1%8C%E6%94%BF%E5%8C%BA%E5%88%92%E5%8F%98%E6%9B%B4%E5%88%97%E8%A1%A8,93182311,row:82,wikipedia_semantic_normalization,SRC-WIKI-1988,wikipedia,revisioned_secondary
WIKI-1988-017,1988,安徽省,establish_prefecture,CNUR-000113,CNUR-000113,池州地区,CNUR-000113,,池州地区,,,false,medium,accepted_manual_review,,"colspan=""2""| ||设立池州地区||colspan=""2""|池州地区||342900",池州地区 later continued as the Chizhou research entity,https://zh.wikipedia.org/wiki/1988%E5%B9%B4%E4%B8%AD%E5%8D%8E%E4%BA%BA%E6%B0%91%E5%85%B1%E5%92%8C%E5%9B%BD%E5%8E%BF%E7%BA%A7%E4%BB%A5%E4%B8%8A%E8%A1%8C%E6%94%BF%E5%8C%BA%E5%88%92%E5%8F%98%E6%9B%B4%E5%88%97%E8%A1%A8,93182311,row:91,wikipedia_semantic_normalization,SRC-WIKI-1988,wikipedia,revisioned_secondary
WIKI-1988-018,1988,福建省,rename,CNUR-000121,CNUR-000121,建阳地区、南平地区,CNUR-000121,建阳地区,南平地区,1988-10-24,国函〔1988〕128号,true,high,accepted_manual_review,,建阳地区||352100||国务院10月24日批复同意<br>国函〔1988〕128号||将建阳地区驻地由建阳县迁至南平市<br>建阳地区更名为南平地区||南平地区,建阳地区 renamed 南平地区 and later became 南平市,https://zh.wikipedia.org/wiki/1988%E5%B9%B4%E4%B8%AD%E5%8D%8E%E4%BA%BA%E6%B0%91%E5%85%B1%E5%92%8C%E5%9B%BD%E5%8E%BF%E7%BA%A7%E4%BB%A5%E4%B8%8A%E8%A1%8C%E6%94%BF%E5%8C%BA%E5%88%92%E5%8F%98%E6%9B%B4%E5%88%97%E8%A1%A8,93182311,row:102,wikipedia_semantic_normalization,SRC-WIKI-1988,wikipedia,revisioned_secondary
WIKI-1992-019,1992,安徽省,upgrade,CNUR-000107,CNUR-000107,滁县地区、滁州市,CNUR-000107,滁县地区,滁州市,1992-12-20,国函〔1992〕201号,true,high,accepted_rule_extraction,,"colspan=""2""|滁县地区 |342300 |rowspan=""3""|撤销滁县地区和滁州市（县级）<br>设立滁州市（地级）和滁州市琅琊区、南谯区 |colspan=""2""|滁州市 |341100 |rowspan=""9""|国务院12月20日批复同意<br>国函〔1992〕201号",,https://zh.wikipedia.org/wiki/1992%E5%B9%B4%E4%B8%AD%E5%8D%8E%E4%BA%BA%E6%B0%91%E5%85%B1%E5%92%8C%E5%9B%BD%E5%8E%BF%E7%BA%A7%E4%BB%A5%E4%B8%8A%E8%A1%8C%E6%94%BF%E5%8C%BA%E5%88%92%E5%8F%98%E6%9B%B4%E5%88%97%E8%A1%A8,88403920,row:2,wikipedia_semantic_normalization,SRC-WIKI-1992,wikipedia,revisioned_secondary
WIKI-1992-020,1992,四川省,upgrade,CNUR-000342,CNUR-000342,万县地区、万县市,CNUR-000342,万县地区,万县市,1992-12-11,国函〔1992〕194号,true,high,accepted_manual_review,,"colspan=""2"" id=""5122""|万县地区 |512200 |rowspan=""5""|撤销万县地区及万县市、万县，设立万县市（地级）<br>新设万县市设三个市辖区：龙宝区、天城区和五桥区 |colspan=""2""|万县市 |511200 |rowspan=""13""|国务院12月11日批复同意<br>国函〔1992〕194号",Wanxian Prefecture continued as the historical prefecture-level Wanxian City until 1997,https://zh.wikipedia.org/wiki/1992%E5%B9%B4%E4%B8%AD%E5%8D%8E%E4%BA%BA%E6%B0%91%E5%85%B1%E5%92%8C%E5%9B%BD%E5%8E%BF%E7%BA%A7%E4%BB%A5%E4%B8%8A%E8%A1%8C%E6%94%BF%E5%8C%BA%E5%88%92%E5%8F%98%E6%9B%B4%E5%88%97%E8%A1%A8,88403920,row:12,wikipedia_semantic_normalization,SRC-WIKI-1992,wikipedia,revisioned_secondary
WIKI-1992-021,1992,湖北省,abolish,CNUR-000349,CNUR-000349,宜昌地区,CNUR-000349,宜昌地区,,1992-07-06,国函〔1992〕72号,false,medium,accepted_manual_review,,"colspan=""2""|宜昌地区||422700||撤销宜昌地区||colspan=""3""| ||rowspan=""10""|国务院7月6日批复同意<br>国函〔1992〕72号",宜昌地区 merged into the existing 宜昌市,https://zh.wikipedia.org/wiki/1992%E5%B9%B4%E4%B8%AD%E5%8D%8E%E4%BA%BA%E6%B0%91%E5%85%B1%E5%92%8C%E5%9B%BD%E5%8E%BF%E7%BA%A7%E4%BB%A5%E4%B8%8A%E8%A1%8C%E6%94%BF%E5%8C%BA%E5%88%92%E5%8F%98%E6%9B%B4%E5%88%97%E8%A1%A8,88403920,row:26,wikipedia_semantic_normalization,SRC-WIKI-1992,wikipedia,revisioned_secondary
WIKI-1992-022,1992,吉林省,establish,CNUR-000057,CNUR-000057,松原市,CNUR-000057,,松原市,1992-06-06,国函〔1992〕60号,false,medium,accepted_manual_review,,"rowspan=""5""|白城地区管辖 |rowspan=""2""|扶余市||rowspan=""2""|222303 |rowspan=""2""|撤销扶余市，设立松原市（地级）<br>设立松原市扶余区 |colspan=""2""|松原市||220700 |rowspan=""5""|国务院6月6日批复同意<br>国函〔1992〕60号",松原市 was explicitly established as a prefecture-level city,https://zh.wikipedia.org/wiki/1992%E5%B9%B4%E4%B8%AD%E5%8D%8E%E4%BA%BA%E6%B0%91%E5%85%B1%E5%92%8C%E5%9B%BD%E5%8E%BF%E7%BA%A7%E4%BB%A5%E4%B8%8A%E8%A1%8C%E6%94%BF%E5%8C%BA%E5%88%92%E5%8F%98%E6%9B%B4%E5%88%97%E8%A1%A8,88403920,row:37,wikipedia_semantic_normalization,SRC-WIKI-1992,wikipedia,revisioned_secondary
WIKI-1992-023,1992,山东省,rename,CNUR-000150,CNUR-000150,惠民地区、滨州地区,CNUR-000150,惠民地区,滨州地区,1992-02-12,国函〔1992〕15号,true,high,accepted_manual_review,,"colspan=""2""|惠民地区||372300 |惠民地区更名为滨州地区 |colspan=""2""|滨州地区 |国务院批准<br>民政部2月12日批复同意<br>国函〔1992〕15号",惠民地区 renamed 滨州地区 and later became 滨州市,https://zh.wikipedia.org/wiki/1992%E5%B9%B4%E4%B8%AD%E5%8D%8E%E4%BA%BA%E6%B0%91%E5%85%B1%E5%92%8C%E5%9B%BD%E5%8E%BF%E7%BA%A7%E4%BB%A5%E4%B8%8A%E8%A1%8C%E6%94%BF%E5%8C%BA%E5%88%92%E5%8F%98%E6%9B%B4%E5%88%97%E8%A1%A8,88403920,row:47,wikipedia_semantic_normalization,SRC-WIKI-1992,wikipedia,revisioned_secondary
WIKI-1993-024,1993,吉林省,upgrade,CNUR-000058,CNUR-000058,白城地区、白城市,CNUR-000058,白城地区,白城市,1993-06-14,国函〔1993〕87号,true,high,accepted_rule_extraction,,"colspan=""2"" |白城地区 |222300 |rowspan=""2""|撤销白城地区，设立白城市（地级）<br>撤销白城市（县级），设立白城市洮北区（县级） |colspan=""2""|白城市||220800 |rowspan=""6""|国务院6月14日批复同意<br>国函〔1993〕87号",,https://zh.wikipedia.org/wiki/1993%E5%B9%B4%E4%B8%AD%E5%8D%8E%E4%BA%BA%E6%B0%91%E5%85%B1%E5%92%8C%E5%9B%BD%E5%8E%BF%E7%BA%A7%E4%BB%A5%E4%B8%8A%E8%A1%8C%E6%94%BF%E5%8C%BA%E5%88%92%E5%8F%98%E6%9B%B4%E5%88%97%E8%A1%A8,91124767,row:2,wikipedia_semantic_normalization,SRC-WIKI-1993,wikipedia,revisioned_secondary
WIKI-1993-025,1993,黑龙江省,upgrade,CNUR-000070,CNUR-000070,黑河地区、黑河市,CNUR-000070,黑河地区,黑河市,1993-02-08,国函〔1994〕12号,true,high,accepted_rule_extraction,document_year_differs_from_page_year,"colspan=""2"" |黑河地区 |232600 |rowspan=""2""|撤销黑河地区，设立黑河市（地级）<br>撤销黑河市（县级），设立黑河市爱辉区（县级） |colspan=""2""|黑河市||231100 |rowspan=""8""|国务院2月8日批复同意<br>国函〔1994〕12号",,https://zh.wikipedia.org/wiki/1993%E5%B9%B4%E4%B8%AD%E5%8D%8E%E4%BA%BA%E6%B0%91%E5%85%B1%E5%92%8C%E5%9B%BD%E5%8E%BF%E7%BA%A7%E4%BB%A5%E4%B8%8A%E8%A1%8C%E6%94%BF%E5%8C%BA%E5%88%92%E5%8F%98%E6%9B%B4%E5%88%97%E8%A1%A8,91124767,row:9,wikipedia_semantic_normalization,SRC-WIKI-1993,wikipedia,revisioned_secondary
WIKI-1993-026,1993,湖北省,establish,CNUR-000176,CNUR-000176,孝感市,CNUR-000176,,孝感市,1993-02-08,国函〔1993〕46号,false,medium,accepted_manual_review,,"colspan=""2"" |孝感地区 |232600 |rowspan=""3""|孝感地区和县级孝感市，设立孝感市（地级）<br>孝感市设立孝南区和孝昌县 |colspan=""2""|孝感市||231100 |rowspan=""9""|国务院2月8日批复同意<br>国函〔1993〕46号",孝感市 was explicitly established as a prefecture-level city,https://zh.wikipedia.org/wiki/1993%E5%B9%B4%E4%B8%AD%E5%8D%8E%E4%BA%BA%E6%B0%91%E5%85%B1%E5%92%8C%E5%9B%BD%E5%8E%BF%E7%BA%A7%E4%BB%A5%E4%B8%8A%E8%A1%8C%E6%94%BF%E5%8C%BA%E5%88%92%E5%8F%98%E6%9B%B4%E5%88%97%E8%A1%A8,91124767,row:18,wikipedia_semantic_normalization,SRC-WIKI-1993,wikipedia,revisioned_secondary
WIKI-1993-027,1993,四川省,upgrade,CNUR-000246,CNUR-000246,南充地区、南充市,CNUR-000246,南充地区,南充市,1993-07-02,国函〔1993〕96号,true,high,accepted_rule_extraction,,"colspan=""2"" |南充地区 |512900 |rowspan=""4""|撤销南充地区、南充市和南充县，设立南充市（地级）<br>南充市设立顺庆区、高坪区和嘉陵区 |colspan=""2""|南充市||231100 |rowspan=""16""|国务院7月2日批复同意<br>国函〔1993〕96号",,https://zh.wikipedia.org/wiki/1993%E5%B9%B4%E4%B8%AD%E5%8D%8E%E4%BA%BA%E6%B0%91%E5%85%B1%E5%92%8C%E5%9B%BD%E5%8E%BF%E7%BA%A7%E4%BB%A5%E4%B8%8A%E8%A1%8C%E6%94%BF%E5%8C%BA%E5%88%92%E5%8F%98%E6%9B%B4%E5%88%97%E8%A1%A8,91124767,row:28,wikipedia_semantic_normalization,SRC-WIKI-1993,wikipedia,revisioned_secondary
WIKI-1993-028,1993,河北省,merge,CNUR-000350,CNUR-000350,石家庄地区,CNUR-000350,石家庄地区,,1993-06-19,国函〔1993〕89号,false,medium,accepted_manual_review,,"colspan=""2""|石家庄地区||132300||撤销石家庄地区，实行地、市合并||colspan=""3""| ||rowspan=""79""|国务院6月19日批复同意<br>国函〔1993〕89号",石家庄地区 merged into 石家庄市,https://zh.wikipedia.org/wiki/1993%E5%B9%B4%E4%B8%AD%E5%8D%8E%E4%BA%BA%E6%B0%91%E5%85%B1%E5%92%8C%E5%9B%BD%E5%8E%BF%E7%BA%A7%E4%BB%A5%E4%B8%8A%E8%A1%8C%E6%94%BF%E5%8C%BA%E5%88%92%E5%8F%98%E6%9B%B4%E5%88%97%E8%A1%A8,91124767,row:44,wikipedia_semantic_normalization,SRC-WIKI-1993,wikipedia,revisioned_secondary
WIKI-1993-029,1993,山西省,abolish,CNUR-000343,CNUR-000343,雁北地区,CNUR-000343,雁北地区,,1993-06-14,国函〔1993〕93号,false,medium,accepted_manual_review,multi_entity_relation,"colspan=""2""|雁北地区||142100||撤销雁北地区||colspan=""3""| ||rowspan=""11""|国务院6月14日批复同意<br>国函〔1993〕93号",Yanbei was abolished and split between Datong and Shuozhou,https://zh.wikipedia.org/wiki/1993%E5%B9%B4%E4%B8%AD%E5%8D%8E%E4%BA%BA%E6%B0%91%E5%85%B1%E5%92%8C%E5%9B%BD%E5%8E%BF%E7%BA%A7%E4%BB%A5%E4%B8%8A%E8%A1%8C%E6%94%BF%E5%8C%BA%E5%88%92%E5%8F%98%E6%9B%B4%E5%88%97%E8%A1%A8,91124767,row:124,wikipedia_semantic_normalization,SRC-WIKI-1993,wikipedia,revisioned_secondary
WIKI-1993-030,1993,广西壮族自治区,establish,CNUR-000222,CNUR-000222,防城港市,CNUR-000222,,防城港市,1993-05-23,国函〔1993〕68号,false,medium,accepted_manual_review,,"rowspan=""4""|钦州地区管辖||rowspan=""3""|防城各族自治县|| rowspan=""3"" |452822 ||rowspan=""4""|撤销防城各族自治县和防城港区，设立防城港市（地级）<br>防城港市辖港口、防城两个区和上思县||colspan=""2""|防城港市||450600 |rowspan=""5""|国务院5月23日批复同意<br>国函〔1993〕68号",防城港市 was explicitly established as a prefecture-level city,https://zh.wikipedia.org/wiki/1993%E5%B9%B4%E4%B8%AD%E5%8D%8E%E4%BA%BA%E6%B0%91%E5%85%B1%E5%92%8C%E5%9B%BD%E5%8E%BF%E7%BA%A7%E4%BB%A5%E4%B8%8A%E8%A1%8C%E6%94%BF%E5%8C%BA%E5%88%92%E5%8F%98%E6%9B%B4%E5%88%97%E8%A1%A8,91124767,row:135,wikipedia_semantic_normalization,SRC-WIKI-1993,wikipedia,revisioned_secondary
WIKI-1993-031,1993,湖北省,rename,CNUR-000181,CNUR-000181,鄂西土家族苗族自治州、恩施土家族苗族自治州,CNUR-000181,鄂西土家族苗族自治州,恩施土家族苗族自治州,1993-04-04,国函〔1993〕36号,true,high,accepted_rule_extraction,,"colspan=""2""|鄂西土家族苗族自治州||422800 |鄂西土家族苗族自治州更名为恩施土家族苗族自治州 |colspan=""2""|恩施土家族苗族自治州 | 国务院4月4日批复同意<br>国函〔1993〕36号",,https://zh.wikipedia.org/wiki/1993%E5%B9%B4%E4%B8%AD%E5%8D%8E%E4%BA%BA%E6%B0%91%E5%85%B1%E5%92%8C%E5%9B%BD%E5%8E%BF%E7%BA%A7%E4%BB%A5%E4%B8%8A%E8%A1%8C%E6%94%BF%E5%8C%BA%E5%88%92%E5%8F%98%E6%9B%B4%E5%88%97%E8%A1%A8,91124767,row:145,wikipedia_semantic_normalization,SRC-WIKI-1993,wikipedia,revisioned_secondary
WIKI-1994-032,1994,浙江省,upgrade,CNUR-000096,CNUR-000096,台州地区、台州市,CNUR-000096,台州地区,台州市,1994-08-20,国函〔1994〕86号,true,high,accepted_rule_extraction,,"colspan=""2"" id=""86""|台州地区 |332700 |rowspan=""4""|撤销台州地区和县级黄岩市、椒江市，设立台州市（地级）<br>台州市新设椒江区、黄岩区和路桥区 |colspan=""2""|台州市||331000 |rowspan=""10""|国务院8月20日批复同意<br>国函〔1994〕86号",,https://zh.wikipedia.org/wiki/1994%E5%B9%B4%E4%B8%AD%E5%8D%8E%E4%BA%BA%E6%B0%91%E5%85%B1%E5%92%8C%E5%9B%BD%E5%8E%BF%E7%BA%A7%E4%BB%A5%E4%B8%8A%E8%A1%8C%E6%94%BF%E5%8C%BA%E5%88%92%E5%8F%98%E6%9B%B4%E5%88%97%E8%A1%A8,93187675,row:2,wikipedia_semantic_normalization,SRC-WIKI-1994,wikipedia,revisioned_secondary
WIKI-1994-033,1994,福建省,upgrade,CNUR-000121,CNUR-000121,南平地区、南平市,CNUR-000121,南平地区,南平市,1994-09-05,国函〔1994〕94号,true,high,accepted_rule_extraction,,"colspan=""2"" id=""94""| 南平地区 |332700 |rowspan=""2""|撤销南平地区和县级南平市，设立地级南平市<br>南平市新设延平区 |colspan=""2""|南平市||331000 |rowspan=""11""|国务院9月5日批复同意<br>国函〔1994〕94号",,https://zh.wikipedia.org/wiki/1994%E5%B9%B4%E4%B8%AD%E5%8D%8E%E4%BA%BA%E6%B0%91%E5%85%B1%E5%92%8C%E5%9B%BD%E5%8E%BF%E7%BA%A7%E4%BB%A5%E4%B8%8A%E8%A1%8C%E6%94%BF%E5%8C%BA%E5%88%92%E5%8F%98%E6%9B%B4%E5%88%97%E8%A1%A8,93187675,row:13,wikipedia_semantic_normalization,SRC-WIKI-1994,wikipedia,revisioned_secondary
WIKI-1994-034,1994,山东省,upgrade,CNUR-000147,CNUR-000147,临沂地区、临沂市,CNUR-000147,临沂地区,临沂市,1994-12-17,国函〔1994〕131号,true,high,accepted_rule_extraction,,"colspan=""2"" |临沂地区 |372800 |rowspan=""4""|撤销临沂地区和县级临沂市，设立地级临沂市<br>临沂市设立兰山区、罗庄区和河东区 |colspan=""2""|临沂市||371300 |rowspan=""13""|国务院12月17日批复同意<br>国函〔1994〕131号",,https://zh.wikipedia.org/wiki/1994%E5%B9%B4%E4%B8%AD%E5%8D%8E%E4%BA%BA%E6%B0%91%E5%85%B1%E5%92%8C%E5%9B%BD%E5%8E%BF%E7%BA%A7%E4%BB%A5%E4%B8%8A%E8%A1%8C%E6%94%BF%E5%8C%BA%E5%88%92%E5%8F%98%E6%9B%B4%E5%88%97%E8%A1%A8,93187675,row:25,wikipedia_semantic_normalization,SRC-WIKI-1994,wikipedia,revisioned_secondary
WIKI-1994-035,1994,山东省,upgrade,CNUR-000148,CNUR-000148,德州地区、德州市,CNUR-000148,德州地区,德州市,1994-12-17,国函〔1994〕132号,true,high,accepted_rule_extraction,,"colspan=""2"" |德州地区 |372400 |rowspan=""2""|撤销德州地区和县级德州市，设立地级德州市<br>德州市设立德城区 |colspan=""2""|德州市||371400 |rowspan=""12""|国务院12月17日批复同意<br>国函〔1994〕132号",,https://zh.wikipedia.org/wiki/1994%E5%B9%B4%E4%B8%AD%E5%8D%8E%E4%BA%BA%E6%B0%91%E5%85%B1%E5%92%8C%E5%9B%BD%E5%8E%BF%E7%BA%A7%E4%BB%A5%E4%B8%8A%E8%A1%8C%E6%94%BF%E5%8C%BA%E5%88%92%E5%8F%98%E6%9B%B4%E5%88%97%E8%A1%A8,93187675,row:38,wikipedia_semantic_normalization,SRC-WIKI-1994,wikipedia,revisioned_secondary
WIKI-1994-036,1994,河南省,upgrade,CNUR-000164,CNUR-000164,南阳地区、南阳市,CNUR-000164,南阳地区,南阳市,1994-07-01,国函〔1994〕67号,true,high,accepted_rule_extraction,,"colspan=""2"" |南阳地区 |412900 |rowspan=""3""|撤销南阳地区和县级南阳市、南阳县，设立地级南阳市<br>南阳市新设宛城区和卧龙区 |colspan=""2""|南阳市||411300 |rowspan=""14""|国务院7月1日批复同意<br>国函〔1994〕67号",,https://zh.wikipedia.org/wiki/1994%E5%B9%B4%E4%B8%AD%E5%8D%8E%E4%BA%BA%E6%B0%91%E5%85%B1%E5%92%8C%E5%9B%BD%E5%8E%BF%E7%BA%A7%E4%BB%A5%E4%B8%8A%E8%A1%8C%E6%94%BF%E5%8C%BA%E5%88%92%E5%8F%98%E6%9B%B4%E5%88%97%E8%A1%A8,93187675,row:51,wikipedia_semantic_normalization,SRC-WIKI-1994,wikipedia,revisioned_secondary
WIKI-1994-037,1994,湖南省,upgrade,CNUR-000190,CNUR-000190,益阳地区、益阳市,CNUR-000190,益阳地区,益阳市,1994-03-07,国函〔1994〕17号,true,high,accepted_rule_extraction,,"colspan=""2""|益阳地区 |422100 |rowspan=""3""|撤销益阳地区、益阳市和益阳县，设立益阳市（地级）<br>益阳市新设资阳区和赫山区 |colspan=""2""|益阳市||421100 |rowspan=""7""|国务院3月7日批复同意<br>国函〔1994〕17号",,https://zh.wikipedia.org/wiki/1994%E5%B9%B4%E4%B8%AD%E5%8D%8E%E4%BA%BA%E6%B0%91%E5%85%B1%E5%92%8C%E5%9B%BD%E5%8E%BF%E7%BA%A7%E4%BB%A5%E4%B8%8A%E8%A1%8C%E6%94%BF%E5%8C%BA%E5%88%92%E5%8F%98%E6%9B%B4%E5%88%97%E8%A1%A8,93187675,row:66,wikipedia_semantic_normalization,SRC-WIKI-1994,wikipedia,revisioned_secondary
WIKI-1994-038,1994,湖南省,establish,CNUR-000191,CNUR-000191,郴州市,CNUR-000191,,郴州市,1994-12-17,国函〔1994〕136号,false,medium,accepted_manual_review,,"colspan=""2"" |郴州地区 |412900 |rowspan=""3""|郴州地区、县级郴州市和郴县，设立郴州市（地级）<br>郴州市新设北湖区和苏仙区 |colspan=""2""|郴州市||411300 |rowspan=""12""|国务院12月17日批复同意<br>国函〔1994〕136号",郴州市 was explicitly established as a prefecture-level city,https://zh.wikipedia.org/wiki/1994%E5%B9%B4%E4%B8%AD%E5%8D%8E%E4%BA%BA%E6%B0%91%E5%85%B1%E5%92%8C%E5%9B%BD%E5%8E%BF%E7%BA%A7%E4%BB%A5%E4%B8%8A%E8%A1%8C%E6%94%BF%E5%8C%BA%E5%88%92%E5%8F%98%E6%9B%B4%E5%88%97%E8%A1%A8,93187675,row:73,wikipedia_semantic_normalization,SRC-WIKI-1994,wikipedia,revisioned_secondary
WIKI-1994-039,1994,广西壮族自治区,upgrade,CNUR-000223,CNUR-000223,钦州地区、钦州市,CNUR-000223,钦州地区,钦州市,1994-06-28,国函〔1994〕62号,true,high,accepted_rule_extraction,,"colspan=""2""|钦州地区 |452800 |rowspan=""3""|撤销钦州地区和县级钦州市，设立地级钦州市<br>钦州市新设钦南区和钦北区 |colspan=""2""|钦州市||450700 |rowspan=""5""|国务院6月28日批复同意<br>国函〔1994〕62号",,https://zh.wikipedia.org/wiki/1994%E5%B9%B4%E4%B8%AD%E5%8D%8E%E4%BA%BA%E6%B0%91%E5%85%B1%E5%92%8C%E5%9B%BD%E5%8E%BF%E7%BA%A7%E4%BB%A5%E4%B8%8A%E8%A1%8C%E6%94%BF%E5%8C%BA%E5%88%92%E5%8F%98%E6%9B%B4%E5%88%97%E8%A1%A8,93187675,row:86,wikipedia_semantic_normalization,SRC-WIKI-1994,wikipedia,revisioned_secondary
WIKI-1994-040,1994,陕西省,upgrade,CNUR-000293,CNUR-000293,渭南地区、渭南市,CNUR-000293,渭南地区,渭南市,1994-12-17,国函〔1994〕135号,true,high,accepted_rule_extraction,,"colspan=""2"" |渭南地区 |612100 |rowspan=""2""|撤销渭南地区和县级渭南市，设立地级渭南市<br>渭南市新设临渭区 |colspan=""2""|渭南市||610500 |rowspan=""12""|国务院12月17日批复同意<br>国函〔1994〕135号",,https://zh.wikipedia.org/wiki/1994%E5%B9%B4%E4%B8%AD%E5%8D%8E%E4%BA%BA%E6%B0%91%E5%85%B1%E5%92%8C%E5%9B%BD%E5%8E%BF%E7%BA%A7%E4%BB%A5%E4%B8%8A%E8%A1%8C%E6%94%BF%E5%8C%BA%E5%88%92%E5%8F%98%E6%9B%B4%E5%88%97%E8%A1%A8,93187675,row:92,wikipedia_semantic_normalization,SRC-WIKI-1994,wikipedia,revisioned_secondary
WIKI-1994-041,1994,湖北省,merge,CNUR-000357,CNUR-000357,郧阳地区,CNUR-000357,郧阳地区,,1994-09-29,国函〔1994〕98号,false,medium,accepted_manual_review,,"colspan=""2""|郧阳地区||422600 |撤销郧阳地区，与十堰市实行地、市合并 |colspan=""3""| |rowspan=""7""|国务院9月29日批复同意<br>国函〔1994〕98号",郧阳地区 merged into 十堰市,https://zh.wikipedia.org/wiki/1994%E5%B9%B4%E4%B8%AD%E5%8D%8E%E4%BA%BA%E6%B0%91%E5%85%B1%E5%92%8C%E5%9B%BD%E5%8E%BF%E7%BA%A7%E4%BB%A5%E4%B8%8A%E8%A1%8C%E6%94%BF%E5%8C%BA%E5%88%92%E5%8F%98%E6%9B%B4%E5%88%97%E8%A1%A8,93187675,row:126,wikipedia_semantic_normalization,SRC-WIKI-1994,wikipedia,revisioned_secondary
WIKI-1994-042,1994,湖北省,merge,CNUR-000358,CNUR-000358,荆州地区、荆沙市,CNUR-000358,荆州地区,荆沙市,1994-09-29,国函〔1994〕99号,false,medium,accepted_manual_review,multi_entity_relation,"colspan=""2"" rowspan=""2""|沙市市||rowspan=""2""|420400 |rowspan=""5""|撤销荆州地区、沙市市和江陵县，设立荆沙市（地级）<br>荆沙市新设沙市区、荆州区和江陵区 |colspan=""2""|荆沙市||421000 |rowspan=""15""|国务院9月29日批复同意<br>国函〔1994〕99号",荆州地区与原地级沙市市共同组建新的荆沙市,https://zh.wikipedia.org/wiki/1994%E5%B9%B4%E4%B8%AD%E5%8D%8E%E4%BA%BA%E6%B0%91%E5%85%B1%E5%92%8C%E5%9B%BD%E5%8E%BF%E7%BA%A7%E4%BB%A5%E4%B8%8A%E8%A1%8C%E6%94%BF%E5%8C%BA%E5%88%92%E5%8F%98%E6%9B%B4%E5%88%97%E8%A1%A8,93187675,row:133,wikipedia_semantic_normalization,SRC-WIKI-1994,wikipedia,revisioned_secondary
WIKI-1994-043,1994,辽宁省,rename,CNUR-000050,CNUR-000050,锦西市、葫芦岛市,CNUR-000050,锦西市,葫芦岛市,1994-09-20,国函〔1994〕97号,true,high,accepted_rule_extraction,,"colspan=""2""|锦西市||211400 |rowspan=""2""|锦西市更名为葫芦岛市<br>葫芦岛区更名为龙港区 |colspan=""2""|葫芦岛市 |rowspan=""2""|国务院9月20日批复同意<br>国函〔1994〕97号",,https://zh.wikipedia.org/wiki/1994%E5%B9%B4%E4%B8%AD%E5%8D%8E%E4%BA%BA%E6%B0%91%E5%85%B1%E5%92%8C%E5%9B%BD%E5%8E%BF%E7%BA%A7%E4%BB%A5%E4%B8%8A%E8%A1%8C%E6%94%BF%E5%8C%BA%E5%88%92%E5%8F%98%E6%9B%B4%E5%88%97%E8%A1%A8,93187675,row:153,wikipedia_semantic_normalization,SRC-WIKI-1994,wikipedia,revisioned_secondary
WIKI-1994-044,1994,吉林省,rename,CNUR-000056,CNUR-000056,浑江市、白山市,CNUR-000056,浑江市,白山市,1994-01-31,国函〔1994〕8号,true,high,accepted_rule_extraction,,"colspan=""2""|浑江市||220600 |浑江市更名为白山市 |colspan=""2""|白山市 | 国务院1月31日批复同意<br>国函〔1994〕8号",,https://zh.wikipedia.org/wiki/1994%E5%B9%B4%E4%B8%AD%E5%8D%8E%E4%BA%BA%E6%B0%91%E5%85%B1%E5%92%8C%E5%9B%BD%E5%8E%BF%E7%BA%A7%E4%BB%A5%E4%B8%8A%E8%A1%8C%E6%94%BF%E5%8C%BA%E5%88%92%E5%8F%98%E6%9B%B4%E5%88%97%E8%A1%A8,93187675,row:156,wikipedia_semantic_normalization,SRC-WIKI-1994,wikipedia,revisioned_secondary
WIKI-1994-045,1994,湖南省,rename,CNUR-000189,CNUR-000189,大庸市、张家界市,CNUR-000189,大庸市,张家界市,1994-04-04,国函〔1994〕25号,true,high,accepted_rule_extraction,,"colspan=""2""|大庸市||430800 |大庸市更名为张家界市 |colspan=""2""|张家界市 | 国务院4月4日批复同意<br>国函〔1994〕25号",,https://zh.wikipedia.org/wiki/1994%E5%B9%B4%E4%B8%AD%E5%8D%8E%E4%BA%BA%E6%B0%91%E5%85%B1%E5%92%8C%E5%9B%BD%E5%8E%BF%E7%BA%A7%E4%BB%A5%E4%B8%8A%E8%A1%8C%E6%94%BF%E5%8C%BA%E5%88%92%E5%8F%98%E6%9B%B4%E5%88%97%E8%A1%A8,93187675,row:158,wikipedia_semantic_normalization,SRC-WIKI-1994,wikipedia,revisioned_secondary
WIKI-1995-046,1995,湖北省,upgrade,CNUR-000178,CNUR-000178,黄冈地区、黄冈市,CNUR-000178,黄冈地区,黄冈市,1995-12-23,国函〔1995〕130号,true,high,accepted_rule_extraction,,"colspan=""2""|黄冈地区 |422100 |rowspan=""3""|撤销黄冈地区和黄州市，设立地级黄冈市<br>黄冈市设立黄州区和团风县 |colspan=""2""|黄冈市||421100 |rowspan=""11""|国务院12月23日批复同意<br>国函〔1995〕130号",,https://zh.wikipedia.org/wiki/1995%E5%B9%B4%E4%B8%AD%E5%8D%8E%E4%BA%BA%E6%B0%91%E5%85%B1%E5%92%8C%E5%9B%BD%E5%8E%BF%E7%BA%A7%E4%BB%A5%E4%B8%8A%E8%A1%8C%E6%94%BF%E5%8C%BA%E5%88%92%E5%8F%98%E6%9B%B4%E5%88%97%E8%A1%A8,93188363,row:2,wikipedia_semantic_normalization,SRC-WIKI-1995,wikipedia,revisioned_secondary
WIKI-1995-047,1995,湖南省,upgrade,CNUR-000192,CNUR-000192,零陵地区、永州市,CNUR-000192,零陵地区,永州市,1995-11-05,国函〔1995〕110号,true,high,accepted_rule_extraction,,"colspan=""2""|零陵地区 |432900 |rowspan=""3""|撤销零陵地区和永州市、冷水滩市，设立地级永州市<br>永州市新设芝山区、冷水滩区 |colspan=""2""|永州市||431100 |rowspan=""12""|国务院11月5日批复同意<br>国函〔1995〕110号",,https://zh.wikipedia.org/wiki/1995%E5%B9%B4%E4%B8%AD%E5%8D%8E%E4%BA%BA%E6%B0%91%E5%85%B1%E5%92%8C%E5%9B%BD%E5%8E%BF%E7%BA%A7%E4%BB%A5%E4%B8%8A%E8%A1%8C%E6%94%BF%E5%8C%BA%E5%88%92%E5%8F%98%E6%9B%B4%E5%88%97%E8%A1%A8,93188363,row:14,wikipedia_semantic_normalization,SRC-WIKI-1995,wikipedia,revisioned_secondary
WIKI-1995-048,1995,四川省,upgrade,CNUR-000344,CNUR-000344,涪陵地区、涪陵市,CNUR-000344,涪陵地区,涪陵市,1995-11-05,国函〔1995〕106号,true,high,accepted_manual_review,,"colspan=""2""|涪陵地区 |512300 |撤销涪陵地区，设立地级涪陵市 |colspan=""2""|涪陵市 |511400 |rowspan=""7""|国务院11月5日批复同意<br>国函〔1995〕106号",Fuling Prefecture continued as historical prefecture-level Fuling City until 1997,https://zh.wikipedia.org/wiki/1995%E5%B9%B4%E4%B8%AD%E5%8D%8E%E4%BA%BA%E6%B0%91%E5%85%B1%E5%92%8C%E5%9B%BD%E5%8E%BF%E7%BA%A7%E4%BB%A5%E4%B8%8A%E8%A1%8C%E6%94%BF%E5%8C%BA%E5%88%92%E5%8F%98%E6%9B%B4%E5%88%97%E8%A1%A8,93188363,row:27,wikipedia_semantic_normalization,SRC-WIKI-1995,wikipedia,revisioned_secondary
WIKI-1996-049,1996,河北省,upgrade,CNUR-000013,CNUR-000013,衡水地区、衡水市,CNUR-000013,衡水地区,衡水市,1996-05-31,国函〔1996〕39号,true,high,accepted_rule_extraction,,"colspan=""2""|衡水地区 |133000 |撤销衡水地区，设立地级衡水市 |colspan=""2""|衡水市 |131100 |rowspan=""12""|国务院5月31日批复同意<br>国函〔1996〕39号",,https://zh.wikipedia.org/wiki/1996%E5%B9%B4%E4%B8%AD%E5%8D%8E%E4%BA%BA%E6%B0%91%E5%85%B1%E5%92%8C%E5%9B%BD%E5%8E%BF%E7%BA%A7%E4%BB%A5%E4%B8%8A%E8%A1%8C%E6%94%BF%E5%8C%BA%E5%88%92%E5%8F%98%E6%9B%B4%E5%88%97%E8%A1%A8,93189391,row:2,wikipedia_semantic_normalization,SRC-WIKI-1996,wikipedia,revisioned_secondary
WIKI-1996-050,1996,安徽省,upgrade,CNUR-000108,CNUR-000108,阜阳地区、阜阳市,CNUR-000108,阜阳地区,阜阳市,1996-01-01,国函〔1996〕1号,true,high,accepted_rule_extraction,,"colspan=""2""|阜阳地区 |342100 |撤销阜阳地区，设立地级阜阳市 |colspan=""2""|阜阳市 |341200 |rowspan=""13""|国务院1月1日批复同意<br>国函〔1996〕1号",,https://zh.wikipedia.org/wiki/1996%E5%B9%B4%E4%B8%AD%E5%8D%8E%E4%BA%BA%E6%B0%91%E5%85%B1%E5%92%8C%E5%9B%BD%E5%8E%BF%E7%BA%A7%E4%BB%A5%E4%B8%8A%E8%A1%8C%E6%94%BF%E5%8C%BA%E5%88%92%E5%8F%98%E6%9B%B4%E5%88%97%E8%A1%A8,93189391,row:15,wikipedia_semantic_normalization,SRC-WIKI-1996,wikipedia,revisioned_secondary
WIKI-1996-051,1996,福建省,upgrade,CNUR-000122,CNUR-000122,龙岩地区、龙岩市,CNUR-000122,龙岩地区,龙岩市,1996-11-20,国函〔1996〕100号,true,high,accepted_rule_extraction,,"colspan=""2""|龙岩地区 |352600 |撤销龙岩地区，设立地级龙岩市 |colspan=""2""|龙岩市 |511500 |rowspan=""8""|国务院11月20日批复同意<br>国函〔1996〕100号",,https://zh.wikipedia.org/wiki/1996%E5%B9%B4%E4%B8%AD%E5%8D%8E%E4%BA%BA%E6%B0%91%E5%85%B1%E5%92%8C%E5%9B%BD%E5%8E%BF%E7%BA%A7%E4%BB%A5%E4%B8%8A%E8%A1%8C%E6%94%BF%E5%8C%BA%E5%88%92%E5%8F%98%E6%9B%B4%E5%88%97%E8%A1%A8,93189391,row:29,wikipedia_semantic_normalization,SRC-WIKI-1996,wikipedia,revisioned_secondary
WIKI-1996-052,1996,四川省,upgrade,CNUR-000248,CNUR-000248,宜宾地区、宜宾市,CNUR-000248,宜宾地区,宜宾市,1996-10-05,国函〔1996〕80号,true,high,accepted_rule_extraction,,"colspan=""2""|宜宾地区 |512500 |撤销宜宾地区，设立地级宜宾市 |colspan=""2""|宜宾市 |511500 |rowspan=""11""|国务院10月5日批复同意<br>国函〔1996〕80号",,https://zh.wikipedia.org/wiki/1996%E5%B9%B4%E4%B8%AD%E5%8D%8E%E4%BA%BA%E6%B0%91%E5%85%B1%E5%92%8C%E5%9B%BD%E5%8E%BF%E7%BA%A7%E4%BB%A5%E4%B8%8A%E8%A1%8C%E6%94%BF%E5%8C%BA%E5%88%92%E5%8F%98%E6%9B%B4%E5%88%97%E8%A1%A8,93189391,row:38,wikipedia_semantic_normalization,SRC-WIKI-1996,wikipedia,revisioned_secondary
WIKI-1996-053,1996,陕西省,upgrade,CNUR-000295,CNUR-000295,汉中地区、汉中市,CNUR-000295,汉中地区,汉中市,1996-02-21,国函〔1996〕11号,true,high,accepted_rule_extraction,,"colspan=""2""|汉中地区 |612300 |撤销汉中地区，设立地级汉中市 |colspan=""2""|汉中市 |610700 |rowspan=""12""|国务院2月21日批复同意<br>国函〔1996〕11号",,https://zh.wikipedia.org/wiki/1996%E5%B9%B4%E4%B8%AD%E5%8D%8E%E4%BA%BA%E6%B0%91%E5%85%B1%E5%92%8C%E5%9B%BD%E5%8E%BF%E7%BA%A7%E4%BB%A5%E4%B8%8A%E8%A1%8C%E6%94%BF%E5%8C%BA%E5%88%92%E5%8F%98%E6%9B%B4%E5%88%97%E8%A1%A8,93189391,row:50,wikipedia_semantic_normalization,SRC-WIKI-1996,wikipedia,revisioned_secondary
WIKI-1996-054,1996,陕西省,upgrade,CNUR-000294,CNUR-000294,延安地区、延安市,CNUR-000294,延安地区,延安市,1996-11-05,国函〔1996〕94号,true,high,accepted_rule_extraction,,"colspan=""2""|延安地区 |612600 |撤销延安地区，设立地级延安市 |colspan=""2""|延安市 |610600 |rowspan=""14""|国务院11月5日批复同意<br>国函〔1996〕94号",,https://zh.wikipedia.org/wiki/1996%E5%B9%B4%E4%B8%AD%E5%8D%8E%E4%BA%BA%E6%B0%91%E5%85%B1%E5%92%8C%E5%9B%BD%E5%8E%BF%E7%BA%A7%E4%BB%A5%E4%B8%8A%E8%A1%8C%E6%94%BF%E5%8C%BA%E5%88%92%E5%8F%98%E6%9B%B4%E5%88%97%E8%A1%A8,93189391,row:62,wikipedia_semantic_normalization,SRC-WIKI-1996,wikipedia,revisioned_secondary
WIKI-1996-055,1996,湖北省,rename,CNUR-000177,CNUR-000177,荆沙市、荆州市,CNUR-000177,荆沙市,荆州市,1996-11-20,国函〔1996〕99号,true,high,accepted_rule_extraction,,荆沙市||421000 |将荆沙市更名为荆州市 |荆州市 | 国务院11月20日批复同意<br>国函〔1996〕99号,,https://zh.wikipedia.org/wiki/1996%E5%B9%B4%E4%B8%AD%E5%8D%8E%E4%BA%BA%E6%B0%91%E5%85%B1%E5%92%8C%E5%9B%BD%E5%8E%BF%E7%BA%A7%E4%BB%A5%E4%B8%8A%E8%A1%8C%E6%94%BF%E5%8C%BA%E5%88%92%E5%8F%98%E6%9B%B4%E5%88%97%E8%A1%A8,93189391,row:99,wikipedia_semantic_normalization,SRC-WIKI-1996,wikipedia,revisioned_secondary
WIKI-1996-056,1996,四川省,jurisdiction_transfer,CNUR-000345,CNUR-000345,,CNUR-000345,,,1996-09-05,,false,medium,accepted_manual_review,multi_entity_relation,"万县市||511200||rowspan=""3""|涪陵市、万县市和黔江地区的党政工作和政治、经济社会发展及三峡库区移民工作等，均由重庆市代四川省行使管理职能。||rowspan=""3""|重庆市代管||万县市||rowspan=""3""|中共中央、国务院9月5日批复同意<br>重庆市9月15日行使代管职能","multi-entity transition: Wanxian City, Fuling City, and Qianjiang Prefecture were entrusted to Chongqing administration",https://zh.wikipedia.org/wiki/1996%E5%B9%B4%E4%B8%AD%E5%8D%8E%E4%BA%BA%E6%B0%91%E5%85%B1%E5%92%8C%E5%9B%BD%E5%8E%BF%E7%BA%A7%E4%BB%A5%E4%B8%8A%E8%A1%8C%E6%94%BF%E5%8C%BA%E5%88%92%E5%8F%98%E6%9B%B4%E5%88%97%E8%A1%A8,93189391,row:101,wikipedia_semantic_normalization,SRC-WIKI-1996,wikipedia,revisioned_secondary
WIKI-1997-057,1997,山东省,upgrade,CNUR-000149,CNUR-000149,聊城地区、聊城市,CNUR-000149,聊城地区,聊城市,1997-08-29,国函〔1997〕82号,true,high,accepted_rule_extraction,,"colspan=""2""|聊城地区 |372500 |rowspan=""9""|8月29日国务院批复同意<br>国函〔1997〕82号 |撤销聊城地区，设立地级聊城市 |colspan=""2""|聊城市 |371500",,https://zh.wikipedia.org/wiki/1997%E5%B9%B4%E4%B8%AD%E5%8D%8E%E4%BA%BA%E6%B0%91%E5%85%B1%E5%92%8C%E5%9B%BD%E5%8E%BF%E7%BA%A7%E4%BB%A5%E4%B8%8A%E8%A1%8C%E6%94%BF%E5%8C%BA%E5%88%92%E5%8F%98%E6%9B%B4%E5%88%97%E8%A1%A8,86945547,row:2,wikipedia_semantic_normalization,SRC-WIKI-1997,wikipedia,revisioned_secondary
WIKI-1997-058,1997,河南省,upgrade,CNUR-000165,CNUR-000165,商丘地区、商丘市,CNUR-000165,商丘地区,商丘市,1997-06-10,国函〔1997〕46号,true,high,accepted_rule_extraction,,"colspan=""2""|商丘地区 |412300 |rowspan=""10""|6月10日国务院批复同意<br>国函〔1997〕46号 |撤销商丘地区，设立地级商丘市 |colspan=""2""|商丘市 |411400",,https://zh.wikipedia.org/wiki/1997%E5%B9%B4%E4%B8%AD%E5%8D%8E%E4%BA%BA%E6%B0%91%E5%85%B1%E5%92%8C%E5%9B%BD%E5%8E%BF%E7%BA%A7%E4%BB%A5%E4%B8%8A%E8%A1%8C%E6%94%BF%E5%8C%BA%E5%88%92%E5%8F%98%E6%9B%B4%E5%88%97%E8%A1%A8,86945547,row:12,wikipedia_semantic_normalization,SRC-WIKI-1997,wikipedia,revisioned_secondary
WIKI-1997-059,1997,湖南省,upgrade,CNUR-000193,CNUR-000193,怀化地区、怀化市,CNUR-000193,怀化地区,怀化市,1997-04-22,国函〔1997〕105号,true,high,accepted_rule_extraction,,"colspan=""2""|怀化地区 |433000 |rowspan=""14""|4月22日国务院批复同意<br>国函〔1997〕105号 |撤销怀化地区，设立地级怀化市 |colspan=""2""|怀化市 |431200",,https://zh.wikipedia.org/wiki/1997%E5%B9%B4%E4%B8%AD%E5%8D%8E%E4%BA%BA%E6%B0%91%E5%85%B1%E5%92%8C%E5%9B%BD%E5%8E%BF%E7%BA%A7%E4%BB%A5%E4%B8%8A%E8%A1%8C%E6%94%BF%E5%8C%BA%E5%88%92%E5%8F%98%E6%9B%B4%E5%88%97%E8%A1%A8,86945547,row:23,wikipedia_semantic_normalization,SRC-WIKI-1997,wikipedia,revisioned_secondary
WIKI-1997-060,1997,广西壮族自治区,upgrade,CNUR-000225,CNUR-000225,玉林地区、玉林市,CNUR-000225,玉林地区,玉林市,1997-04-22,国函〔1997〕26号,true,high,accepted_rule_extraction,,"colspan=""2""|玉林地区 |452500 |rowspan=""7""|4月22日国务院批复同意<br>国函〔1997〕26号 |撤销玉林地区，设立地级玉林市 |colspan=""2""|玉林市 |450900",,https://zh.wikipedia.org/wiki/1997%E5%B9%B4%E4%B8%AD%E5%8D%8E%E4%BA%BA%E6%B0%91%E5%85%B1%E5%92%8C%E5%9B%BD%E5%8E%BF%E7%BA%A7%E4%BB%A5%E4%B8%8A%E8%A1%8C%E6%94%BF%E5%8C%BA%E5%88%92%E5%8F%98%E6%9B%B4%E5%88%97%E8%A1%A8,86945547,row:38,wikipedia_semantic_normalization,SRC-WIKI-1997,wikipedia,revisioned_secondary
WIKI-1997-061,1997,贵州省,upgrade,CNUR-000259,CNUR-000259,遵义地区、遵义市,CNUR-000259,遵义地区,遵义市,1997-05-06,国函〔1997〕45号,true,high,accepted_rule_extraction,,"colspan=""2""|遵义地区 |522100 |rowspan=""14""|5月6日国务院批复同意<br>国函〔1997〕45号 |撤销遵义地区，设立地级遵义市 |colspan=""2""|遵义市 |520300",,https://zh.wikipedia.org/wiki/1997%E5%B9%B4%E4%B8%AD%E5%8D%8E%E4%BA%BA%E6%B0%91%E5%85%B1%E5%92%8C%E5%9B%BD%E5%8E%BF%E7%BA%A7%E4%BB%A5%E4%B8%8A%E8%A1%8C%E6%94%BF%E5%8C%BA%E5%88%92%E5%8F%98%E6%9B%B4%E5%88%97%E8%A1%A8,86945547,row:46,wikipedia_semantic_normalization,SRC-WIKI-1997,wikipedia,revisioned_secondary
WIKI-1997-062,1997,云南省,upgrade,CNUR-000267,CNUR-000267,曲靖地区、曲靖市,CNUR-000267,曲靖地区,曲靖市,1997-05-06,国函〔1997〕32号,true,high,accepted_rule_extraction,,"colspan=""2""|曲靖地区 |532200 |rowspan=""11""|5月6日国务院批复同意<br>国函〔1997〕32号 |撤销曲靖地区，设立地级曲靖市 |colspan=""2""|曲靖市 |530300",,https://zh.wikipedia.org/wiki/1997%E5%B9%B4%E4%B8%AD%E5%8D%8E%E4%BA%BA%E6%B0%91%E5%85%B1%E5%92%8C%E5%9B%BD%E5%8E%BF%E7%BA%A7%E4%BB%A5%E4%B8%8A%E8%A1%8C%E6%94%BF%E5%8C%BA%E5%88%92%E5%8F%98%E6%9B%B4%E5%88%97%E8%A1%A8,86945547,row:61,wikipedia_semantic_normalization,SRC-WIKI-1997,wikipedia,revisioned_secondary
WIKI-1997-063,1997,云南省,upgrade,CNUR-000268,CNUR-000268,玉溪地区、玉溪市,CNUR-000268,玉溪地区,玉溪市,1997-12-13,国函〔1997〕108号,true,high,accepted_rule_extraction,,"colspan=""2""|玉溪地区 |532400 |rowspan=""10""|12月13日国务院批复同意<br>国函〔1997〕108号 |撤销玉溪地区，设立地级玉溪市 |colspan=""2""|玉溪市 |530400",,https://zh.wikipedia.org/wiki/1997%E5%B9%B4%E4%B8%AD%E5%8D%8E%E4%BA%BA%E6%B0%91%E5%85%B1%E5%92%8C%E5%9B%BD%E5%8E%BF%E7%BA%A7%E4%BB%A5%E4%B8%8A%E8%A1%8C%E6%94%BF%E5%8C%BA%E5%88%92%E5%8F%98%E6%9B%B4%E5%88%97%E8%A1%A8,86945547,row:72,wikipedia_semantic_normalization,SRC-WIKI-1997,wikipedia,revisioned_secondary
WIKI-1997-064,1997,广西壮族自治区,split,CNUR-000363,CNUR-000363,梧州地区、贺州地区,CNUR-000363,梧州地区,贺州地区,1997-02-27,国函〔1997〕12号,false,medium,accepted_manual_review,multi_entity_relation,"colspan=""2""|梧州地区 |452400 |rowspan=""8""|2月27日国务院批复同意<br>国函〔1997〕12号 |将梧州地区行署驻地由梧州市区迁至贺州市八步镇，梧州地区更名为贺州地区 |colspan=""2""|贺州地区 |未变",梧州地区主要分为贺州地区并将三县市划归既有梧州市,https://zh.wikipedia.org/wiki/1997%E5%B9%B4%E4%B8%AD%E5%8D%8E%E4%BA%BA%E6%B0%91%E5%85%B1%E5%92%8C%E5%9B%BD%E5%8E%BF%E7%BA%A7%E4%BB%A5%E4%B8%8A%E8%A1%8C%E6%94%BF%E5%8C%BA%E5%88%92%E5%8F%98%E6%9B%B4%E5%88%97%E8%A1%A8,86945547,row:83,wikipedia_semantic_normalization,SRC-WIKI-1997,wikipedia,revisioned_secondary
WIKI-1997-065,1997,四川省,establish_prefecture,CNUR-000247,CNUR-000247,眉山地区,CNUR-000247,,眉山地区,1997-05-30,国函〔1997〕41号,false,medium,accepted_manual_review,,"colspan=""3""| ||rowspan=""7""|5月30日国务院批复同意<br>国函〔1997〕41号||设立眉山地区||colspan=""2""|眉山地区||513800",眉山地区 later became 眉山市,https://zh.wikipedia.org/wiki/1997%E5%B9%B4%E4%B8%AD%E5%8D%8E%E4%BA%BA%E6%B0%91%E5%85%B1%E5%92%8C%E5%9B%BD%E5%8E%BF%E7%BA%A7%E4%BB%A5%E4%B8%8A%E8%A1%8C%E6%94%BF%E5%8C%BA%E5%88%92%E5%8F%98%E6%9B%B4%E5%88%97%E8%A1%A8,86945547,row:92,wikipedia_semantic_normalization,SRC-WIKI-1997,wikipedia,revisioned_secondary
WIKI-1998-066,1998,安徽省,upgrade,CNUR-000109,CNUR-000109,宿县地区、宿州市,CNUR-000109,宿县地区,宿州市,1998-12-06,国函〔1998〕102号,true,high,accepted_rule_extraction,,"colspan=""2""|宿县地区 |342200 |rowspan=""6""|国务院12月6日批复同意<br>国函〔1998〕102号 |撤销宿县地区，设立地级宿州市 |colspan=""2""|宿州市 |341300",,https://zh.wikipedia.org/wiki/1998%E5%B9%B4%E4%B8%AD%E5%8D%8E%E4%BA%BA%E6%B0%91%E5%85%B1%E5%92%8C%E5%9B%BD%E5%8E%BF%E7%BA%A7%E4%BB%A5%E4%B8%8A%E8%A1%8C%E6%94%BF%E5%8C%BA%E5%88%92%E5%8F%98%E6%9B%B4%E5%88%97%E8%A1%A8,67074272,row:2,wikipedia_semantic_normalization,SRC-WIKI-1998,wikipedia,revisioned_secondary
WIKI-1998-067,1998,江西省,upgrade,CNUR-000130,CNUR-000130,赣州地区、赣州市,CNUR-000130,赣州地区,赣州市,1998-12-24,国函〔1998〕114号,true,high,accepted_rule_extraction,,"colspan=""2""|赣州地区 |362100 |rowspan=""19""|国务院12月24日批复同意<br>国函〔1998〕114号 |撤销赣州地区，设立地级赣州市 |colspan=""2""|赣州市 |360700",,https://zh.wikipedia.org/wiki/1998%E5%B9%B4%E4%B8%AD%E5%8D%8E%E4%BA%BA%E6%B0%91%E5%85%B1%E5%92%8C%E5%9B%BD%E5%8E%BF%E7%BA%A7%E4%BB%A5%E4%B8%8A%E8%A1%8C%E6%94%BF%E5%8C%BA%E5%88%92%E5%8F%98%E6%9B%B4%E5%88%97%E8%A1%A8,67074272,row:9,wikipedia_semantic_normalization,SRC-WIKI-1998,wikipedia,revisioned_secondary
WIKI-1998-068,1998,河南省,upgrade,CNUR-000166,CNUR-000166,信阳地区、信阳市,CNUR-000166,信阳地区,信阳市,1998-06-09,国函〔1998〕44号,true,high,accepted_rule_extraction,,"colspan=""2""|信阳地区 |413000 |rowspan=""11""|国务院6月9日批复同意<br>国函〔1998〕44号 |撤销信阳地区，设立地级信阳市 |colspan=""2""|信阳市 |421200",,https://zh.wikipedia.org/wiki/1998%E5%B9%B4%E4%B8%AD%E5%8D%8E%E4%BA%BA%E6%B0%91%E5%85%B1%E5%92%8C%E5%9B%BD%E5%8E%BF%E7%BA%A7%E4%BB%A5%E4%B8%8A%E8%A1%8C%E6%94%BF%E5%8C%BA%E5%88%92%E5%8F%98%E6%9B%B4%E5%88%97%E8%A1%A8,67074272,row:29,wikipedia_semantic_normalization,SRC-WIKI-1998,wikipedia,revisioned_secondary
WIKI-1998-069,1998,湖北省,upgrade,CNUR-000179,CNUR-000179,咸宁地区、咸宁市,CNUR-000179,咸宁地区,咸宁市,1998-12-06,国函〔1998〕102号,true,high,accepted_rule_extraction,,"colspan=""2""|咸宁地区 |422300 |rowspan=""7""|国务院12月6日批复同意<br>国函〔1998〕102号 |撤销咸宁地区，设立地级咸宁市 |colspan=""2""|咸宁市 |421200",,https://zh.wikipedia.org/wiki/1998%E5%B9%B4%E4%B8%AD%E5%8D%8E%E4%BA%BA%E6%B0%91%E5%85%B1%E5%92%8C%E5%9B%BD%E5%8E%BF%E7%BA%A7%E4%BB%A5%E4%B8%8A%E8%A1%8C%E6%94%BF%E5%8C%BA%E5%88%92%E5%8F%98%E6%9B%B4%E5%88%97%E8%A1%A8,67074272,row:41,wikipedia_semantic_normalization,SRC-WIKI-1998,wikipedia,revisioned_secondary
WIKI-1998-070,1998,四川省,upgrade,CNUR-000249,CNUR-000249,广安地区、广安市,CNUR-000249,广安地区,广安市,1998-07-31,国函〔1998〕60号,true,high,accepted_rule_extraction,,"colspan=""2""|广安地区 |513600 |rowspan=""6""|国务院7月31日批复同意<br>国函〔1998〕60号 |撤销广安地区，设立地级广安市 |colspan=""2""|广安市 |511600",,https://zh.wikipedia.org/wiki/1998%E5%B9%B4%E4%B8%AD%E5%8D%8E%E4%BA%BA%E6%B0%91%E5%85%B1%E5%92%8C%E5%9B%BD%E5%8E%BF%E7%BA%A7%E4%BB%A5%E4%B8%8A%E8%A1%8C%E6%94%BF%E5%8C%BA%E5%88%92%E5%8F%98%E6%9B%B4%E5%88%97%E8%A1%A8,67074272,row:49,wikipedia_semantic_normalization,SRC-WIKI-1998,wikipedia,revisioned_secondary
WIKI-1998-071,1998,宁夏回族自治区,upgrade,CNUR-000323,CNUR-000323,银南地区、吴忠市,CNUR-000323,银南地区,吴忠市,1998-05-11,国函〔1998〕33号,true,high,accepted_rule_extraction,,"colspan=""2""|银南地区 |642100 |rowspan=""8""|国务院5月11日批复同意<br>国函〔1998〕33号 |撤销银南地区，设立地级吴忠市 |colspan=""2""|吴忠市 |640300",,https://zh.wikipedia.org/wiki/1998%E5%B9%B4%E4%B8%AD%E5%8D%8E%E4%BA%BA%E6%B0%91%E5%85%B1%E5%92%8C%E5%9B%BD%E5%8E%BF%E7%BA%A7%E4%BB%A5%E4%B8%8A%E8%A1%8C%E6%94%BF%E5%8C%BA%E5%88%92%E5%8F%98%E6%9B%B4%E5%88%97%E8%A1%A8,67074272,row:56,wikipedia_semantic_normalization,SRC-WIKI-1998,wikipedia,revisioned_secondary
WIKI-1998-072,1998,四川省,establish_prefecture,CNUR-000253,CNUR-000253,资阳地区,CNUR-000253,,资阳地区,1998-02-26,国函〔1988〕15号,false,medium,accepted_manual_review,document_year_differs_from_page_year,"colspan=""3""| ||rowspan=""6""|国务院2月26日批复同意<br>国函〔1988〕15号||rowspan=""6""|设立资阳地区||colspan=""2""|资阳地区||513900",资阳地区 later became 资阳市,https://zh.wikipedia.org/wiki/1998%E5%B9%B4%E4%B8%AD%E5%8D%8E%E4%BA%BA%E6%B0%91%E5%85%B1%E5%92%8C%E5%9B%BD%E5%8E%BF%E7%BA%A7%E4%BB%A5%E4%B8%8A%E8%A1%8C%E6%94%BF%E5%8C%BA%E5%88%92%E5%8F%98%E6%9B%B4%E5%88%97%E8%A1%A8,67074272,row:77,wikipedia_semantic_normalization,SRC-WIKI-1998,wikipedia,revisioned_secondary
WIKI-1999-073,1999,山西省,upgrade,CNUR-000020,CNUR-000020,晋中地区、晋中市,CNUR-000020,晋中地区,晋中市,1999-09-24,国函〔1999〕124号,true,high,accepted_rule_extraction,,"colspan=""2""|晋中地区 |142400 |rowspan=""12""|9月24日中华人民共和国国务院同意<br>国函〔1999〕124号 |撤销晋中地区，设立地级晋中市 |colspan=""2""|晋中市 |140700",,https://zh.wikipedia.org/wiki/1999%E5%B9%B4%E4%B8%AD%E5%8D%8E%E4%BA%BA%E6%B0%91%E5%85%B1%E5%92%8C%E5%9B%BD%E5%8E%BF%E7%BA%A7%E4%BB%A5%E4%B8%8A%E8%A1%8C%E6%94%BF%E5%8C%BA%E5%88%92%E5%8F%98%E6%9B%B4%E5%88%97%E8%A1%A8,89282870,row:2,wikipedia_semantic_normalization,SRC-WIKI-1999,wikipedia,revisioned_secondary
WIKI-1999-074,1999,黑龙江省,upgrade,CNUR-000071,CNUR-000071,绥化地区、绥化市,CNUR-000071,绥化地区,绥化市,1999-12-28,国函〔1999〕154号,true,high,accepted_rule_extraction,,"colspan=""2""|绥化地区 |232300 |rowspan=""11""|12月28日中华人民共和国国务院同意<br>国函〔1999〕154号 |撤销绥化地区，设立地级绥化市 |colspan=""2""|绥化市 |231200",,https://zh.wikipedia.org/wiki/1999%E5%B9%B4%E4%B8%AD%E5%8D%8E%E4%BA%BA%E6%B0%91%E5%85%B1%E5%92%8C%E5%9B%BD%E5%8E%BF%E7%BA%A7%E4%BB%A5%E4%B8%8A%E8%A1%8C%E6%94%BF%E5%8C%BA%E5%88%92%E5%8F%98%E6%9B%B4%E5%88%97%E8%A1%A8,89282870,row:15,wikipedia_semantic_normalization,SRC-WIKI-1999,wikipedia,revisioned_secondary
WIKI-1999-075,1999,安徽省,upgrade,CNUR-000110,CNUR-000110,巢湖地区、巢湖市,CNUR-000110,巢湖地区,巢湖市,1999-07-09,国函〔1999〕80号,true,high,accepted_rule_extraction,,"colspan=""2""|巢湖地区 |342600 |rowspan=""6""|7月9日中华人民共和国国务院同意<br>国函〔1999〕80号 |撤销巢湖地区，设立地级巢湖市 |colspan=""2""|巢湖市 |341400",,https://zh.wikipedia.org/wiki/1999%E5%B9%B4%E4%B8%AD%E5%8D%8E%E4%BA%BA%E6%B0%91%E5%85%B1%E5%92%8C%E5%9B%BD%E5%8E%BF%E7%BA%A7%E4%BB%A5%E4%B8%8A%E8%A1%8C%E6%94%BF%E5%8C%BA%E5%88%92%E5%8F%98%E6%9B%B4%E5%88%97%E8%A1%A8,89282870,row:27,wikipedia_semantic_normalization,SRC-WIKI-1999,wikipedia,revisioned_secondary
WIKI-1999-076,1999,安徽省,upgrade,CNUR-000111,CNUR-000111,六安地区、六安市,CNUR-000111,六安地区,六安市,1999-09-02,国函〔1999〕109号,true,high,accepted_rule_extraction,,"colspan=""2""|六安地区 |342400 |rowspan=""8""|9月2日中华人民共和国国务院同意<br>国函〔1999〕109号 |撤销六安地区，设立地级六安市 |colspan=""2""|六安市 |341500",,https://zh.wikipedia.org/wiki/1999%E5%B9%B4%E4%B8%AD%E5%8D%8E%E4%BA%BA%E6%B0%91%E5%85%B1%E5%92%8C%E5%9B%BD%E5%8E%BF%E7%BA%A7%E4%BB%A5%E4%B8%8A%E8%A1%8C%E6%94%BF%E5%8C%BA%E5%88%92%E5%8F%98%E6%9B%B4%E5%88%97%E8%A1%A8,89282870,row:33,wikipedia_semantic_normalization,SRC-WIKI-1999,wikipedia,revisioned_secondary
WIKI-1999-077,1999,福建省,upgrade,CNUR-000123,CNUR-000123,宁德地区、宁德市,CNUR-000123,宁德地区,宁德市,1999-11-14,国函〔1999〕136号,true,high,accepted_rule_extraction,,"colspan=""2""|宁德地区 |352200 |rowspan=""10""|11月14日中华人民共和国国务院同意<br>国函〔1999〕136号 |撤销宁德地区，设立地级宁德市 |colspan=""2""|宁德市 |350900",,https://zh.wikipedia.org/wiki/1999%E5%B9%B4%E4%B8%AD%E5%8D%8E%E4%BA%BA%E6%B0%91%E5%85%B1%E5%92%8C%E5%9B%BD%E5%8E%BF%E7%BA%A7%E4%BB%A5%E4%B8%8A%E8%A1%8C%E6%94%BF%E5%8C%BA%E5%88%92%E5%8F%98%E6%9B%B4%E5%88%97%E8%A1%A8,89282870,row:42,wikipedia_semantic_normalization,SRC-WIKI-1999,wikipedia,revisioned_secondary
WIKI-1999-078,1999,湖南省,upgrade,CNUR-000194,CNUR-000194,娄底地区、娄底市,CNUR-000194,娄底地区,娄底市,1999-01-20,国函〔1999〕6号,true,high,accepted_rule_extraction,,"colspan=""2""|娄底地区 |432500 |rowspan=""6""|1月20日中华人民共和国国务院同意<br>国函〔1999〕6号 |撤销娄底地区，设立地级娄底市 |colspan=""2""|娄底市 |431300",,https://zh.wikipedia.org/wiki/1999%E5%B9%B4%E4%B8%AD%E5%8D%8E%E4%BA%BA%E6%B0%91%E5%85%B1%E5%92%8C%E5%9B%BD%E5%8E%BF%E7%BA%A7%E4%BB%A5%E4%B8%8A%E8%A1%8C%E6%94%BF%E5%8C%BA%E5%88%92%E5%8F%98%E6%9B%B4%E5%88%97%E8%A1%A8,89282870,row:53,wikipedia_semantic_normalization,SRC-WIKI-1999,wikipedia,revisioned_secondary
WIKI-1999-079,1999,四川省,upgrade,CNUR-000250,CNUR-000250,达川地区、达州市,CNUR-000250,达川地区,达州市,1999-06-20,国函〔1999〕51号,true,high,accepted_rule_extraction,,"colspan=""2""|达川地区 |513000 |rowspan=""8""|6月20日中华人民共和国国务院同意<br>国函〔1999〕51号 |撤销达川地区，设立地级达州市 |colspan=""2""|达州市 |511700",,https://zh.wikipedia.org/wiki/1999%E5%B9%B4%E4%B8%AD%E5%8D%8E%E4%BA%BA%E6%B0%91%E5%85%B1%E5%92%8C%E5%9B%BD%E5%8E%BF%E7%BA%A7%E4%BB%A5%E4%B8%8A%E8%A1%8C%E6%94%BF%E5%8C%BA%E5%88%92%E5%8F%98%E6%9B%B4%E5%88%97%E8%A1%A8,89282870,row:60,wikipedia_semantic_normalization,SRC-WIKI-1999,wikipedia,revisioned_secondary
WIKI-1999-080,1999,陕西省,upgrade,CNUR-000296,CNUR-000296,榆林地区、榆林市,CNUR-000296,榆林地区,榆林市,1999-12-05,国函〔1999〕141号,true,high,accepted_rule_extraction,,"colspan=""2""|榆林地区 |612700 |rowspan=""13""|12月5日中华人民共和国国务院同意<br>国函〔1999〕141号 |撤销榆林地区，设立地级榆林市 |colspan=""2""|榆林市 |610800",,https://zh.wikipedia.org/wiki/1999%E5%B9%B4%E4%B8%AD%E5%8D%8E%E4%BA%BA%E6%B0%91%E5%85%B1%E5%92%8C%E5%9B%BD%E5%8E%BF%E7%BA%A7%E4%BB%A5%E4%B8%8A%E8%A1%8C%E6%94%BF%E5%8C%BA%E5%88%92%E5%8F%98%E6%9B%B4%E5%88%97%E8%A1%A8,89282870,row:69,wikipedia_semantic_normalization,SRC-WIKI-1999,wikipedia,revisioned_secondary
WIKI-1999-081,1999,内蒙古自治区,upgrade,CNUR-000029,CNUR-000029,哲里木盟、通辽市,CNUR-000029,哲里木盟,通辽市,1999-01-13,国函〔1999〕5号,true,high,accepted_rule_extraction,,"colspan=""2""|哲里木盟 |152300 |rowspan=""9""|1月13日中华人民共和国国务院同意<br>国函〔1999〕5号 |撤销哲里木盟，设立地级通辽市 |colspan=""2""|通辽市 |150500",,https://zh.wikipedia.org/wiki/1999%E5%B9%B4%E4%B8%AD%E5%8D%8E%E4%BA%BA%E6%B0%91%E5%85%B1%E5%92%8C%E5%9B%BD%E5%8E%BF%E7%BA%A7%E4%BB%A5%E4%B8%8A%E8%A1%8C%E6%94%BF%E5%8C%BA%E5%88%92%E5%8F%98%E6%9B%B4%E5%88%97%E8%A1%A8,89282870,row:83,wikipedia_semantic_normalization,SRC-WIKI-1999,wikipedia,revisioned_secondary
PL-2000-001,2000,江西省,upgrade,CNUR-000131,CNUR-000131,吉安地区、吉安市,CNUR-000131,吉安地区,吉安市,2000-05-11,,true,high,accepted_reviewed,,年度页记载撤销吉安地区，设立地级吉安市。,地级市数量增加1；全部地级单位净变化0。,https://zh.wikipedia.org/wiki/2000年中华人民共和国县级以上行政区划变更列表,,turn324400view0:L188-L248,reviewed_event_workbook,SRC-WIKI-2000,wikipedia,revisioned_secondary
PL-2000-002,2000,浙江省,upgrade,CNUR-000097,CNUR-000097,丽水地区、丽水市,CNUR-000097,丽水地区,丽水市,2000-05-20,,true,high,accepted_reviewed,,年度页记载撤销丽水地区，设立地级丽水市。,地级市数量增加1；全部地级单位净变化0。,https://zh.wikipedia.org/wiki/2000年中华人民共和国县级以上行政区划变更列表,,turn324400view0:L188-L248,reviewed_event_workbook,SRC-WIKI-2000,wikipedia,revisioned_secondary
PL-2000-003,2000,江西省,upgrade,CNUR-000132,CNUR-000132,宜春地区、宜春市,CNUR-000132,宜春地区,宜春市,2000-05-22,,true,high,accepted_reviewed,,年度页记载撤销宜春地区，设立地级宜春市。,地级市数量增加1；全部地级单位净变化0。,https://zh.wikipedia.org/wiki/2000年中华人民共和国县级以上行政区划变更列表,,turn324400view0:L188-L248,reviewed_event_workbook,SRC-WIKI-2000,wikipedia,revisioned_secondary
PL-2000-004,2000,河南省,upgrade,CNUR-000167,CNUR-000167,周口地区、周口市,CNUR-000167,周口地区,周口市,2000-06-08,,true,high,accepted_reviewed,,年度页记载撤销周口地区，设立地级周口市。,地级市数量增加1；全部地级单位净变化0。,https://zh.wikipedia.org/wiki/2000年中华人民共和国县级以上行政区划变更列表,,turn324400view0:L188-L248,reviewed_event_workbook,SRC-WIKI-2000,wikipedia,revisioned_secondary
PL-2000-005,2000,河南省,upgrade,CNUR-000168,CNUR-000168,驻马店地区、驻马店市,CNUR-000168,驻马店地区,驻马店市,2000-06-08,,true,high,accepted_reviewed,,年度页记载撤销驻马店地区，设立地级驻马店市。,地级市数量增加1；全部地级单位净变化0。,https://zh.wikipedia.org/wiki/2000年中华人民共和国县级以上行政区划变更列表,,turn324400view0:L188-L248,reviewed_event_workbook,SRC-WIKI-2000,wikipedia,revisioned_secondary
PL-2000-006,2000,山东省,upgrade,CNUR-000150,CNUR-000150,滨州地区、滨州市,CNUR-000150,滨州地区,滨州市,2000-06-10,,true,high,accepted_reviewed,,年度页记载撤销滨州地区，设立地级滨州市。,地级市数量增加1；全部地级单位净变化0。,https://zh.wikipedia.org/wiki/2000年中华人民共和国县级以上行政区划变更列表,,turn324400view0:L188-L248,reviewed_event_workbook,SRC-WIKI-2000,wikipedia,revisioned_secondary
PL-2000-007,2000,四川省,upgrade,CNUR-000247,CNUR-000247,眉山地区、眉山市,CNUR-000247,眉山地区,眉山市,2000-06-10,,true,high,accepted_reviewed,,年度页记载撤销眉山地区，设立地级眉山市。,地级市数量增加1；全部地级单位净变化0。,https://zh.wikipedia.org/wiki/2000年中华人民共和国县级以上行政区划变更列表,,turn324400view0:L188-L248,reviewed_event_workbook,SRC-WIKI-2000,wikipedia,revisioned_secondary
PL-2000-008,2000,四川省,upgrade,CNUR-000251,CNUR-000251,雅安地区、雅安市,CNUR-000251,雅安地区,雅安市,2000-06-14,,true,high,accepted_reviewed,,年度页记载撤销雅安地区，设立地级雅安市。,地级市数量增加1；全部地级单位净变化0。,https://zh.wikipedia.org/wiki/2000年中华人民共和国县级以上行政区划变更列表,,turn324400view0:L188-L248,reviewed_event_workbook,SRC-WIKI-2000,wikipedia,revisioned_secondary
PL-2000-009,2000,四川省,upgrade,CNUR-000252,CNUR-000252,巴中地区、巴中市,CNUR-000252,巴中地区,巴中市,2000-06-14,,true,high,accepted_reviewed,,年度页记载撤销巴中地区，设立地级巴中市。,地级市数量增加1；全部地级单位净变化0。,https://zh.wikipedia.org/wiki/2000年中华人民共和国县级以上行政区划变更列表,,turn324400view0:L188-L248,reviewed_event_workbook,SRC-WIKI-2000,wikipedia,revisioned_secondary
PL-2000-010,2000,四川省,upgrade,CNUR-000253,CNUR-000253,资阳地区、资阳市,CNUR-000253,资阳地区,资阳市,2000-06-14,,true,high,accepted_reviewed,,年度页记载撤销资阳地区，设立地级资阳市。,地级市数量增加1；全部地级单位净变化0。,https://zh.wikipedia.org/wiki/2000年中华人民共和国县级以上行政区划变更列表,,turn324400view0:L188-L248,reviewed_event_workbook,SRC-WIKI-2000,wikipedia,revisioned_secondary
PL-2000-011,2000,山西省,upgrade,CNUR-000021,CNUR-000021,运城地区、运城市,CNUR-000021,运城地区,运城市,2000-06-14,,true,high,accepted_reviewed,,年度页记载撤销运城地区，设立地级运城市。,地级市数量增加1；全部地级单位净变化0。,https://zh.wikipedia.org/wiki/2000年中华人民共和国县级以上行政区划变更列表,,turn324400view0:L188-L248,reviewed_event_workbook,SRC-WIKI-2000,wikipedia,revisioned_secondary
PL-2000-012,2000,山西省,upgrade,CNUR-000022,CNUR-000022,忻州地区、忻州市,CNUR-000022,忻州地区,忻州市,2000-06-14,,true,high,accepted_reviewed,,年度页记载撤销忻州地区，设立地级忻州市。,地级市数量增加1；全部地级单位净变化0。,https://zh.wikipedia.org/wiki/2000年中华人民共和国县级以上行政区划变更列表,,turn324400view0:L188-L248,reviewed_event_workbook,SRC-WIKI-2000,wikipedia,revisioned_secondary
PL-2000-013,2000,山西省,upgrade,CNUR-000023,CNUR-000023,临汾地区、临汾市,CNUR-000023,临汾地区,临汾市,2000-06-23,,true,high,accepted_reviewed,,年度页记载撤销临汾地区，设立地级临汾市。,地级市数量增加1；全部地级单位净变化0。,https://zh.wikipedia.org/wiki/2000年中华人民共和国县级以上行政区划变更列表,,turn324400view0:L188-L248,reviewed_event_workbook,SRC-WIKI-2000,wikipedia,revisioned_secondary
PL-2000-014,2000,贵州省,upgrade,CNUR-000260,CNUR-000260,安顺地区、安顺市,CNUR-000260,安顺地区,安顺市,2000-06-23,,true,high,accepted_reviewed,,年度页记载撤销安顺地区，设立地级安顺市。,地级市数量增加1；全部地级单位净变化0。,https://zh.wikipedia.org/wiki/2000年中华人民共和国县级以上行政区划变更列表,,turn324400view0:L188-L248,reviewed_event_workbook,SRC-WIKI-2000,wikipedia,revisioned_secondary
PL-2000-015,2000,陕西省,upgrade,CNUR-000297,CNUR-000297,安康地区、安康市,CNUR-000297,安康地区,安康市,2000-06-23,,true,high,accepted_reviewed,,年度页记载撤销安康地区，设立地级安康市。,地级市数量增加1；全部地级单位净变化0。,https://zh.wikipedia.org/wiki/2000年中华人民共和国县级以上行政区划变更列表,,turn324400view0:L188-L248,reviewed_event_workbook,SRC-WIKI-2000,wikipedia,revisioned_secondary
PL-2000-016,2000,江西省,upgrade,CNUR-000133,CNUR-000133,抚州地区、抚州市,CNUR-000133,抚州地区,抚州市,2000-06-23,,true,high,accepted_reviewed,,年度页记载撤销抚州地区，设立地级抚州市。,地级市数量增加1；全部地级单位净变化0。,https://zh.wikipedia.org/wiki/2000年中华人民共和国县级以上行政区划变更列表,,turn324400view0:L188-L248,reviewed_event_workbook,SRC-WIKI-2000,wikipedia,revisioned_secondary
PL-2000-017,2000,江西省,upgrade,CNUR-000134,CNUR-000134,上饶地区、上饶市,CNUR-000134,上饶地区,上饶市,2000-06-23,,true,high,accepted_reviewed,,年度页记载撤销上饶地区，设立地级上饶市。,地级市数量增加1；全部地级单位净变化0。,https://zh.wikipedia.org/wiki/2000年中华人民共和国县级以上行政区划变更列表,,turn324400view0:L188-L248,reviewed_event_workbook,SRC-WIKI-2000,wikipedia,revisioned_secondary
PL-2000-018,2000,山东省,upgrade,CNUR-000151,CNUR-000151,菏泽地区、菏泽市,CNUR-000151,菏泽地区,菏泽市,2000-06-23,,true,high,accepted_reviewed,,年度页记载撤销菏泽地区，设立地级菏泽市。,地级市数量增加1；全部地级单位净变化0。,https://zh.wikipedia.org/wiki/2000年中华人民共和国县级以上行政区划变更列表,,turn324400view0:L188-L248,reviewed_event_workbook,SRC-WIKI-2000,wikipedia,revisioned_secondary
PL-2000-019,2000,安徽省,upgrade,CNUR-000113,CNUR-000113,池州地区、池州市,CNUR-000113,池州地区,池州市,2000-06-25,,true,high,accepted_reviewed,,年度页记载撤销池州地区，设立地级池州市。,地级市数量增加1；全部地级单位净变化0。,https://zh.wikipedia.org/wiki/2000年中华人民共和国县级以上行政区划变更列表,,turn324400view0:L188-L248,reviewed_event_workbook,SRC-WIKI-2000,wikipedia,revisioned_secondary
PL-2000-020,2000,安徽省,upgrade,CNUR-000114,CNUR-000114,宣城地区、宣城市,CNUR-000114,宣城地区,宣城市,2000-06-25,,true,high,accepted_reviewed,,年度页记载撤销宣城地区，设立地级宣城市。,地级市数量增加1；全部地级单位净变化0。,https://zh.wikipedia.org/wiki/2000年中华人民共和国县级以上行政区划变更列表,,turn324400view0:L188-L248,reviewed_event_workbook,SRC-WIKI-2000,wikipedia,revisioned_secondary
PL-2000-021,2000,云南省,upgrade,CNUR-000269,CNUR-000269,保山地区、保山市,CNUR-000269,保山地区,保山市,2000-12-30,,true,high,accepted_reviewed,,年度页记载撤销保山地区，设立地级保山市。,地级市数量增加1；全部地级单位净变化0。,https://zh.wikipedia.org/wiki/2000年中华人民共和国县级以上行政区划变更列表,,turn324400view0:L188-L248,reviewed_event_workbook,SRC-WIKI-2000,wikipedia,revisioned_secondary
PL-2000-022,2000,安徽省,upgrade,CNUR-000112,CNUR-000112,亳州市,CNUR-000112,亳州市,亳州市,2000-05-21,,true,high,accepted_reviewed,,撤销县级亳州市，设立地级亳州市，并划入涡阳、蒙城、利辛三县。,按用户口径计为新增地级市。,https://zh.wikipedia.org/wiki/2000年中华人民共和国县级以上行政区划变更列表,,turn324400view0:L200-L202,reviewed_event_workbook,SRC-WIKI-2000,wikipedia,revisioned_secondary
PL-2000-023,2000,湖北省,upgrade,CNUR-000180,CNUR-000180,随州市,CNUR-000180,随州市,随州市,2000-06-25,,true,high,accepted_reviewed,,撤销县级随州市，设立地级随州市，并由其代管广水市。,按用户口径计为新增地级市。,https://zh.wikipedia.org/wiki/2000年中华人民共和国县级以上行政区划变更列表,,turn324400view0:L235-L237,reviewed_event_workbook,SRC-WIKI-2000,wikipedia,revisioned_secondary
PL-2000-024,2000,江苏省,rename,CNUR-000081,CNUR-000081,淮阴市、淮安市,CNUR-000081,淮阴市,淮安市,2000-12-21,,true,high,accepted_reviewed,,地级淮阴市更名为淮安市；同步调整原县级淮安市和淮阴县建制。,实体连续，地级单位净变化0。,https://zh.wikipedia.org/wiki/2000年中华人民共和国县级以上行政区划变更列表,,turn324400view0:L242-L246,reviewed_event_workbook,SRC-WIKI-2000,wikipedia,revisioned_secondary
PL-2001-001,2001,云南省,upgrade,CNUR-000270,CNUR-000270,昭通地区、昭通市,CNUR-000270,昭通地区,昭通市,2001-01-13,,true,high,accepted_reviewed,,年度页记载撤销昭通地区并设立地级昭通市。,地级市数量增加1；全部地级单位净变化0。,https://zh.wikipedia.org/wiki/2001年中华人民共和国县级以上行政区划变更列表,,turn362959view0:L233-L252,reviewed_event_workbook,SRC-WIKI-2001,wikipedia,revisioned_secondary
PL-2001-002,2001,内蒙古自治区,upgrade,CNUR-000030,CNUR-000030,伊克昭盟、鄂尔多斯市,CNUR-000030,伊克昭盟,鄂尔多斯市,2001-02-26,,true,high,accepted_reviewed,,年度页记载撤销伊克昭盟并设立地级鄂尔多斯市。,地级市数量增加1；全部地级单位净变化0。,https://zh.wikipedia.org/wiki/2001年中华人民共和国县级以上行政区划变更列表,,turn362959view0:L233-L252,reviewed_event_workbook,SRC-WIKI-2001,wikipedia,revisioned_secondary
PL-2001-003,2001,甘肃省,upgrade,CNUR-000304,CNUR-000304,武威地区、武威市,CNUR-000304,武威地区,武威市,2001-05-09,,true,high,accepted_reviewed,,年度页记载撤销武威地区并设立地级武威市。,地级市数量增加1；全部地级单位净变化0。,https://zh.wikipedia.org/wiki/2001年中华人民共和国县级以上行政区划变更列表,,turn362959view0:L233-L252,reviewed_event_workbook,SRC-WIKI-2001,wikipedia,revisioned_secondary
PL-2001-004,2001,宁夏回族自治区,upgrade,CNUR-000324,CNUR-000324,固原地区、固原市,CNUR-000324,固原地区,固原市,2001-07-07,,true,high,accepted_reviewed,,年度页记载撤销固原地区并设立地级固原市。,地级市数量增加1；全部地级单位净变化0。,https://zh.wikipedia.org/wiki/2001年中华人民共和国县级以上行政区划变更列表,,turn362959view0:L233-L252,reviewed_event_workbook,SRC-WIKI-2001,wikipedia,revisioned_secondary
PL-2001-005,2001,陕西省,upgrade,CNUR-000298,CNUR-000298,商洛地区、商洛市,CNUR-000298,商洛地区,商洛市,2001-08-31,,true,high,accepted_reviewed,,年度页记载撤销商洛地区并设立地级商洛市。,地级市数量增加1；全部地级单位净变化0。,https://zh.wikipedia.org/wiki/2001年中华人民共和国县级以上行政区划变更列表,,turn362959view0:L233-L252,reviewed_event_workbook,SRC-WIKI-2001,wikipedia,revisioned_secondary
PL-2001-006,2001,内蒙古自治区,upgrade,CNUR-000031,CNUR-000031,呼伦贝尔盟、呼伦贝尔市,CNUR-000031,呼伦贝尔盟,呼伦贝尔市,2001-10-10,,true,high,accepted_reviewed,,年度页记载撤销呼伦贝尔盟并设立地级呼伦贝尔市。,地级市数量增加1；全部地级单位净变化0。,https://zh.wikipedia.org/wiki/2001年中华人民共和国县级以上行政区划变更列表,,turn362959view0:L233-L252,reviewed_event_workbook,SRC-WIKI-2001,wikipedia,revisioned_secondary
PL-2001-007,2001,新疆维吾尔自治区,abolish,CNUR-000338,CNUR-000338,伊犁地区,CNUR-000338,伊犁地区,,2001-10-06,,false,high,accepted_reviewed,,撤销伊犁地区，其所辖市县划归伊犁哈萨克自治州管辖。,没有新设地级单位，全部地级单位净减少1。,https://zh.wikipedia.org/wiki/2001年中华人民共和国县级以上行政区划变更列表,,turn362959view0:L247-L250,reviewed_event_workbook,SRC-WIKI-2001,wikipedia,revisioned_secondary
PL-2002-001,2002,甘肃省,upgrade,CNUR-000305,CNUR-000305,张掖地区、张掖市,CNUR-000305,张掖地区,张掖市,2002-03-01,,true,high,accepted_reviewed,,年度页记载撤销张掖地区并设立地级张掖市。,部分新市名称与原地区驻地县不同，但仍属于地区撤销、新设地级市。,https://zh.wikipedia.org/wiki/2002年中华人民共和国县级以上行政区划变更列表,,turn362959view1:L239-L269,reviewed_event_workbook,SRC-WIKI-2002,wikipedia,revisioned_secondary
PL-2002-002,2002,广西壮族自治区,upgrade,CNUR-000226,CNUR-000226,百色地区、百色市,CNUR-000226,百色地区,百色市,2002-06-02,,true,high,accepted_reviewed,,年度页记载撤销百色地区并设立地级百色市。,部分新市名称与原地区驻地县不同，但仍属于地区撤销、新设地级市。,https://zh.wikipedia.org/wiki/2002年中华人民共和国县级以上行政区划变更列表,,turn362959view1:L239-L269,reviewed_event_workbook,SRC-WIKI-2002,wikipedia,revisioned_secondary
PL-2002-003,2002,甘肃省,upgrade,CNUR-000306,CNUR-000306,平凉地区、平凉市,CNUR-000306,平凉地区,平凉市,2002-06-02,,true,high,accepted_reviewed,,年度页记载撤销平凉地区并设立地级平凉市。,部分新市名称与原地区驻地县不同，但仍属于地区撤销、新设地级市。,https://zh.wikipedia.org/wiki/2002年中华人民共和国县级以上行政区划变更列表,,turn362959view1:L239-L269,reviewed_event_workbook,SRC-WIKI-2002,wikipedia,revisioned_secondary
PL-2002-004,2002,广西壮族自治区,upgrade,CNUR-000227,CNUR-000227,贺州地区、贺州市,CNUR-000227,贺州地区,贺州市,2002-06-18,,true,high,accepted_reviewed,,年度页记载撤销贺州地区并设立地级贺州市。,部分新市名称与原地区驻地县不同，但仍属于地区撤销、新设地级市。,https://zh.wikipedia.org/wiki/2002年中华人民共和国县级以上行政区划变更列表,,turn362959view1:L239-L269,reviewed_event_workbook,SRC-WIKI-2002,wikipedia,revisioned_secondary
PL-2002-005,2002,广西壮族自治区,upgrade,CNUR-000228,CNUR-000228,河池地区、河池市,CNUR-000228,河池地区,河池市,2002-06-18,,true,high,accepted_reviewed,,年度页记载撤销河池地区并设立地级河池市。,部分新市名称与原地区驻地县不同，但仍属于地区撤销、新设地级市。,https://zh.wikipedia.org/wiki/2002年中华人民共和国县级以上行政区划变更列表,,turn362959view1:L239-L269,reviewed_event_workbook,SRC-WIKI-2002,wikipedia,revisioned_secondary
PL-2002-006,2002,甘肃省,upgrade,CNUR-000307,CNUR-000307,酒泉地区、酒泉市,CNUR-000307,酒泉地区,酒泉市,2002-06-18,,true,high,accepted_reviewed,,年度页记载撤销酒泉地区并设立地级酒泉市。,部分新市名称与原地区驻地县不同，但仍属于地区撤销、新设地级市。,https://zh.wikipedia.org/wiki/2002年中华人民共和国县级以上行政区划变更列表,,turn362959view1:L239-L269,reviewed_event_workbook,SRC-WIKI-2002,wikipedia,revisioned_secondary
PL-2002-007,2002,甘肃省,upgrade,CNUR-000308,CNUR-000308,庆阳地区、庆阳市,CNUR-000308,庆阳地区,庆阳市,2002-06-22,,true,high,accepted_reviewed,,年度页记载撤销庆阳地区并设立地级庆阳市。,部分新市名称与原地区驻地县不同，但仍属于地区撤销、新设地级市。,https://zh.wikipedia.org/wiki/2002年中华人民共和国县级以上行政区划变更列表,,turn362959view1:L239-L269,reviewed_event_workbook,SRC-WIKI-2002,wikipedia,revisioned_secondary
PL-2002-008,2002,广西壮族自治区,split,CNUR-000362,CNUR-000362,柳州地区、来宾市,CNUR-000362,柳州地区,来宾市,2002-09-29,,false,high,accepted_reviewed,split_event,年度页记载撤销柳州地区并设立地级来宾市。,部分新市名称与原地区驻地县不同，但仍属于地区撤销、新设地级市。,https://zh.wikipedia.org/wiki/2002年中华人民共和国县级以上行政区划变更列表,,turn362959view1:L239-L269,reviewed_event_workbook,SRC-WIKI-2002,wikipedia,revisioned_secondary
PL-2002-009,2002,广西壮族自治区,split,CNUR-000346,CNUR-000346,南宁地区、崇左市,CNUR-000346,南宁地区,崇左市,2002-12-23,,false,high,accepted_reviewed,split_event,年度页记载撤销南宁地区并设立地级崇左市。,部分新市名称与原地区驻地县不同，但仍属于地区撤销、新设地级市。,https://zh.wikipedia.org/wiki/2002年中华人民共和国县级以上行政区划变更列表,,turn362959view1:L239-L269,reviewed_event_workbook,SRC-WIKI-2002,wikipedia,revisioned_secondary
PL-2002-010,2002,云南省,upgrade,CNUR-000271,CNUR-000271,丽江地区、丽江市,CNUR-000271,丽江地区,丽江市,2002-12-26,,true,high,accepted_reviewed,,年度页记载撤销丽江地区并设立地级丽江市。,部分新市名称与原地区驻地县不同，但仍属于地区撤销、新设地级市。,https://zh.wikipedia.org/wiki/2002年中华人民共和国县级以上行政区划变更列表,,turn362959view1:L239-L269,reviewed_event_workbook,SRC-WIKI-2002,wikipedia,revisioned_secondary
PL-2003-001,2003,甘肃省,upgrade,CNUR-000309,CNUR-000309,定西地区、定西市,CNUR-000309,定西地区,定西市,2003-04-04,,true,high,accepted_reviewed,,年度页记载撤销定西地区并设立地级定西市。,地级市数量增加1；全部地级单位净变化0。,https://zh.wikipedia.org/wiki/2003年中华人民共和国县级以上行政区划变更列表,,turn362959view2:L208-L224,reviewed_event_workbook,SRC-WIKI-2003,wikipedia,revisioned_secondary
PL-2003-002,2003,山西省,upgrade,CNUR-000024,CNUR-000024,吕梁地区、吕梁市,CNUR-000024,吕梁地区,吕梁市,2003-10-23,,true,high,accepted_reviewed,,年度页记载撤销吕梁地区并设立地级吕梁市。,地级市数量增加1；全部地级单位净变化0。,https://zh.wikipedia.org/wiki/2003年中华人民共和国县级以上行政区划变更列表,,turn362959view2:L208-L224,reviewed_event_workbook,SRC-WIKI-2003,wikipedia,revisioned_secondary
PL-2003-003,2003,云南省,upgrade,CNUR-000272,CNUR-000272,思茅地区、思茅市,CNUR-000272,思茅地区,思茅市,2003-10-30,,true,high,accepted_reviewed,,年度页记载撤销思茅地区并设立地级思茅市。,地级市数量增加1；全部地级单位净变化0。,https://zh.wikipedia.org/wiki/2003年中华人民共和国县级以上行政区划变更列表,,turn362959view2:L208-L224,reviewed_event_workbook,SRC-WIKI-2003,wikipedia,revisioned_secondary
PL-2003-004,2003,内蒙古自治区,upgrade,CNUR-000032,CNUR-000032,巴彦淖尔盟、巴彦淖尔市,CNUR-000032,巴彦淖尔盟,巴彦淖尔市,2003-12-01,,true,high,accepted_reviewed,,年度页记载撤销巴彦淖尔盟并设立地级巴彦淖尔市。,地级市数量增加1；全部地级单位净变化0。,https://zh.wikipedia.org/wiki/2003年中华人民共和国县级以上行政区划变更列表,,turn362959view2:L208-L224,reviewed_event_workbook,SRC-WIKI-2003,wikipedia,revisioned_secondary
PL-2003-005,2003,内蒙古自治区,upgrade,CNUR-000033,CNUR-000033,乌兰察布盟、乌兰察布市,CNUR-000033,乌兰察布盟,乌兰察布市,2003-12-01,,true,high,accepted_reviewed,,年度页记载撤销乌兰察布盟并设立地级乌兰察布市。,地级市数量增加1；全部地级单位净变化0。,https://zh.wikipedia.org/wiki/2003年中华人民共和国县级以上行政区划变更列表,,turn362959view2:L208-L224,reviewed_event_workbook,SRC-WIKI-2003,wikipedia,revisioned_secondary
PL-2003-006,2003,宁夏回族自治区,establish,CNUR-000325,CNUR-000325,中卫县、中卫市,CNUR-000325,中卫县,中卫市,2003-12-31,国函〔2003〕139号,false,high,accepted_reviewed,,撤销中卫县，设立地级中卫市，并设沙坡头区，划入中宁县、海原县。,原单位为县级，按用户口径计为新增地级市。,https://zh.wikipedia.org/wiki/2003年中华人民共和国县级以上行政区划变更列表,,Wikipedia 2003 page relevant event,reviewed_event_workbook,SRC-WIKI-2003,wikipedia,revisioned_secondary
PL-2004-001,2004,甘肃省,upgrade,CNUR-000310,CNUR-000310,陇南地区、陇南市,CNUR-000310,陇南地区,陇南市,2004-01-11,国函〔2004〕1号,true,high,accepted_reviewed,,撤销陇南地区和武都县，设立地级陇南市及武都区。,地级市数量增加1；全部地级单位净变化0。,https://zh.wikipedia.org/wiki/2004年中华人民共和国县级以上行政区划变更列表,,Wikipedia 2004 page relevant event,reviewed_event_workbook,SRC-WIKI-2004,wikipedia,revisioned_secondary
PL-2007-001,2007,云南省,rename,CNUR-000272,CNUR-000272,思茅市、普洱市,CNUR-000272,思茅市,普洱市,2007-01-21,国函〔2007〕8号,true,high,accepted_reviewed,,思茅市更名为普洱市，翠云区同步更名为思茅区。,实体连续，地级单位净变化0。,https://zh.wikipedia.org/wiki/2007年中华人民共和国县级以上行政区划变更列表,,Wikipedia 2007 page relevant event,reviewed_event_workbook,SRC-WIKI-2007,wikipedia,revisioned_secondary
PL-2010-001,2010,湖北省,rename,CNUR-000173,CNUR-000173,襄樊市、襄阳市,CNUR-000173,襄樊市,襄阳市,2010-11-26,国函〔2010〕129号,true,high,accepted_reviewed,,年度页“更名”表记录襄樊市更名为襄阳市；同时襄阳区更名为襄州区。,名称和建制层级连续；新增与撤销均按历史名称记录，地级单位净变化为0。,https://zh.wikipedia.org/wiki/2010年中华人民共和国县级以上行政区划变更列表,,turn191560view0:L143-L151,reviewed_event_workbook,SRC-WIKI-2010,wikipedia,revisioned_secondary
PL-2011-001,2011,安徽省,split,CNUR-000110,CNUR-000110,巢湖市,CNUR-000110,巢湖市,,2011-07-14,国函〔2011〕84号,false,high,accepted_reviewed,split_event,年度页记载撤销地级巢湖市，原辖县区分别划归合肥、芜湖、马鞍山，并设县级巢湖市。,县级巢湖市是新县级单位，不计入地级新增。,https://zh.wikipedia.org/wiki/2011年中华人民共和国县级以上行政区划变更列表,,turn191560view1:L141-L155,reviewed_event_workbook,SRC-WIKI-2011,wikipedia,revisioned_secondary
PL-2011-002,2011,贵州省,upgrade,CNUR-000261,CNUR-000261,毕节地区、毕节市,CNUR-000261,毕节地区,毕节市,2011-10-22,国函〔2011〕130号,true,high,accepted_reviewed,,撤销毕节地区，设立地级毕节市；原县级毕节市撤销并设七星关区。,地级市数量增加1；全部地级单位数量净变化0。,https://zh.wikipedia.org/wiki/2011年中华人民共和国县级以上行政区划变更列表,,turn191560view1:L156-L159,reviewed_event_workbook,SRC-WIKI-2011,wikipedia,revisioned_secondary
PL-2011-003,2011,贵州省,upgrade,CNUR-000262,CNUR-000262,铜仁地区、铜仁市,CNUR-000262,铜仁地区,铜仁市,2011-10-22,国函〔2011〕131号,true,high,accepted_reviewed,,撤销铜仁地区，设立地级铜仁市；原县级铜仁市撤销并设碧江区、万山区。,地级市数量增加1；全部地级单位数量净变化0。,https://zh.wikipedia.org/wiki/2011年中华人民共和国县级以上行政区划变更列表,,turn191560view1:L160-L166,reviewed_event_workbook,SRC-WIKI-2011,wikipedia,revisioned_secondary
PL-2012-001,2012,海南省,establish,CNUR-000233,CNUR-000233,西沙群岛、南沙群岛、中沙群岛办事处、三沙市,CNUR-000233,西沙群岛、南沙群岛、中沙群岛办事处,三沙市,2012-06-21,民政部公告,false,high,accepted_reviewed,,撤销西沙群岛、南沙群岛、中沙群岛办事处，设立地级三沙市。,原办事处不按地级行政单位计入撤销，因此地级单位净增1。,https://zh.wikipedia.org/wiki/2012年中华人民共和国县级以上行政区划变更列表,,turn389418view0:L160-L165,reviewed_event_workbook,SRC-WIKI-2012,wikipedia,revisioned_secondary
PL-2013-001,2013,青海省,upgrade,CNUR-000314,CNUR-000314,海东地区、海东市,CNUR-000314,海东地区,海东市,2013-02-08,国函〔2013〕23号,true,high,accepted_reviewed,,撤销海东地区和乐都县，设立地级海东市，并设乐都区。,地级市数量增加1；全部地级单位数量净变化0。,https://zh.wikipedia.org/wiki/2013年中华人民共和国县级以上行政区划变更列表,,turn389418view1:L182-L188,reviewed_event_workbook,SRC-WIKI-2013,wikipedia,revisioned_secondary
PL-2014-001,2014,西藏自治区,upgrade,CNUR-000283,CNUR-000283,日喀则地区、日喀则市,CNUR-000283,日喀则地区,日喀则市,2014-06-26,国函〔2014〕79号,true,high,accepted_reviewed,,撤销日喀则地区和县级日喀则市，设立地级日喀则市，并设桑珠孜区。,同名县级市终止，不计作地级撤销。,https://zh.wikipedia.org/wiki/2014年中华人民共和国县级以上行政区划变更列表,,turn654406view0:L155-L162,reviewed_event_workbook,SRC-WIKI-2014,wikipedia,revisioned_secondary
PL-2015-001,2015,海南省,upgrade,CNUR-000234,CNUR-000234,儋州市,CNUR-000234,儋州市,儋州市,2015-02-19,国函〔2015〕41号,true,high,accepted_reviewed,,撤销县级儋州市，设立地级儋州市。,按用户口径视为新增地级市；原县级市终止不计地级撤销。,https://zh.wikipedia.org/wiki/2015年中华人民共和国县级以上行政区划变更列表,,turn138300view1:L189-L194,reviewed_event_workbook,SRC-WIKI-2015,wikipedia,revisioned_secondary
PL-2015-002,2015,西藏自治区,upgrade,CNUR-000285,CNUR-000285,林芝地区、林芝市,CNUR-000285,林芝地区,林芝市,2015-03-16,国函〔2015〕51号,true,high,accepted_reviewed,,撤销林芝地区和林芝县，设立地级林芝市，并设巴宜区。,地级市数量增加1；全部地级单位数量净变化0。,https://zh.wikipedia.org/wiki/2015年中华人民共和国县级以上行政区划变更列表,,turn654406view1:L167-L176,reviewed_event_workbook,SRC-WIKI-2015,wikipedia,revisioned_secondary
PL-2015-003,2015,新疆维吾尔自治区,upgrade,CNUR-000328,CNUR-000328,吐鲁番地区、吐鲁番市,CNUR-000328,吐鲁番地区,吐鲁番市,2015-03-16,国函〔2015〕52号,true,high,accepted_reviewed,,撤销吐鲁番地区和县级吐鲁番市，设立地级吐鲁番市，并设高昌区。,地级市数量增加1；全部地级单位数量净变化0。,https://zh.wikipedia.org/wiki/2015年中华人民共和国县级以上行政区划变更列表,,turn654406view1:L177-L181,reviewed_event_workbook,SRC-WIKI-2015,wikipedia,revisioned_secondary
PL-2016-001,2016,西藏自治区,upgrade,CNUR-000286,CNUR-000286,山南地区、山南市,CNUR-000286,山南地区,山南市,2016-01-07,国函〔2016〕8号,true,high,accepted_reviewed,,撤销山南地区和乃东县，设立地级山南市，并设乃东区。,按批准日期归入2016年；地级市数量增加1，全部地级单位净变化0。,https://zh.wikipedia.org/wiki/2016年中华人民共和国县级以上行政区划变更列表,,Wikipedia 2016 page lines 218–228,reviewed_event_workbook,SRC-WIKI-2016,wikipedia,revisioned_secondary
PL-2016-002,2016,新疆维吾尔自治区,upgrade,CNUR-000329,CNUR-000329,哈密地区、哈密市,CNUR-000329,哈密地区,哈密市,2016-01-07,国函〔2016〕9号,true,high,accepted_reviewed,,撤销哈密地区和县级哈密市，设立地级哈密市，并设伊州区。,同名县级市终止不计地级撤销。,https://zh.wikipedia.org/wiki/2016年中华人民共和国县级以上行政区划变更列表,,Wikipedia 2016 page lines 229–233,reviewed_event_workbook,SRC-WIKI-2016,wikipedia,revisioned_secondary
PL-2017-001,2017,西藏自治区,upgrade,CNUR-000287,CNUR-000287,那曲地区、那曲市,CNUR-000287,那曲地区,那曲市,2017-07-18,国函〔2017〕109号,true,high,accepted_reviewed,,撤销那曲地区和那曲县，设立地级那曲市，并设色尼区；2018年4月公布。,按批准年份归入2017年；公布实施发生于2018年。,https://zh.wikipedia.org/wiki/2017年中华人民共和国县级以上行政区划变更列表,,Wikipedia 2017 page ‘其它’ section,reviewed_event_workbook,SRC-WIKI-2017,wikipedia,revisioned_secondary
PL-2018-001,2018,山东省,merge,CNUR-000146,CNUR-000146,莱芜市、济南市,CNUR-000146,莱芜市,济南市,2018-12-26,国函〔2018〕163号,false,high,accepted_reviewed,merge_event|publication_year_differs,撤销地级莱芜市，将其所辖区域划归济南市；2019年1月公布。,按批准年份归入2018年；济南市为既存地级市，不计新增。,https://zh.wikipedia.org/wiki/2019年中华人民共和国县级以上行政区划变更列表,,Wikipedia 2019 page lines 168–173,reviewed_event_workbook,SRC-WIKI-2019,wikipedia,revisioned_secondary
