{"type":"FeatureCollection","features":[{"type":"Feature","id":"CTAMAP-2016-COUNTY-0083","properties":{"map_level":"county","source_name":"宝安区","source_code":"440306","county_type":"市辖区","prefecture_name":"深圳市","prefecture_code":"440300","prefecture_type":"地级市","parent_entity_id":"CNUR-000198","parent_year_end_name":"深圳市","province_name":"广东省","province_code":"440000","snapshot_year":2016,"panel_year":2015,"link_status":"parent_linked","former_name":"","note":""},"geometry":{"type":"Polygon","coordinates":[[[113.87335,22.85538],[113.90964,22.84106],[113.91394,22.84541],[113.92043,22.84694],[113.92871,22.84465],[113.91439,22.83921],[113.89689,22.84313],[113.98605,22.80301],[113.99784,22.76632],[114.04418,22.77426],[114.04351,22.7597],[114.07012,22.74332],[114.09264,22.74908],[114.10825,22.72368],[114.08833,22.70241],[114.09323,22.67054],[114.08342,22.6618],[114.06975,22.6771],[114.04915,22.66224],[114.06066,22.58881],[114.01839,22.58511],[113.98442,22.63779],[113.9394,22.65372],[113.91092,22.55982],[113.88436,22.54158],[113.86048,22.55308],[113.85787,22.52499],[113.82452,22.6026],[113.80734,22.60584],[113.75399,22.6902],[113.75165,22.71711],[113.79604,22.78731],[113.83222,22.80387],[113.83602,22.83552],[113.86766,22.84019],[113.87335,22.85538]]]}},{"type":"Feature","id":"CTAMAP-2016-COUNTY-0130","properties":{"map_level":"county","source_name":"博罗县","source_code":"441322","county_type":"县","prefecture_name":"惠州市","prefecture_code":"441300","prefecture_type":"地级市","parent_entity_id":"CNUR-000206","parent_year_end_name":"惠州市","province_name":"广东省","province_code":"440000","snapshot_year":2016,"panel_year":2015,"link_status":"parent_linked","former_name":"","note":""},"geometry":{"type":"Polygon","coordinates":[[[114.52398,23.67131],[114.55263,23.62299],[114.5513,23.59198],[114.60238,23.53932],[114.61952,23.53188],[114.61861,23.55119],[114.65095,23.56562],[114.65949,23.53567],[114.69491,23.52569],[114.67792,23.49687],[114.69213,23.46348],[114.63192,23.41522],[114.59571,23.41044],[114.59532,23.38887],[114.57038,23.37871],[114.5427,23.39987],[114.5048,23.36237],[114.49839,23.32319],[114.51639,23.32801],[114.56697,23.27013],[114.50068,23.24733],[114.47404,23.26657],[114.42424,23.20467],[114.35694,23.20652],[114.29167,23.12469],[114.20233,23.11393],[114.12061,23.05027],[114.06851,23.10057],[114.0106,23.0868],[113.96255,23.11697],[113.84244,23.11927],[113.84351,23.15049],[113.89983,23.18277],[113.87781,23.19398],[113.90035,23.22168],[113.87163,23.26841],[113.88849,23.34487],[113.93538,23.34565],[113.95512,23.31584],[113.99084,23.30263],[113.98054,23.33322],[113.99613,23.34714],[114.0373,23.338],[114.04644,23.4034],[114.08596,23.42959],[114.14946,23.43971],[114.20704,23.47792],[114.24042,23.44777],[114.25501,23.45139],[114.33662,23.57941],[114.37631,23.6244],[114.39545,23.6228],[114.3878,23.65752],[114.35957,23.66323],[114.3702,23.68313],[114.40807,23.6929],[114.41681,23.70938],[114.43486,23.68999],[114.47089,23.70587],[114.52398,23.67131]]]}},{"type":"Feature","id":"CTAMAP-2016-COUNTY-0158","properties":{"map_level":"county","source_name":"禅城区","source_code":"440604","county_type":"市辖区","prefecture_name":"佛山市","prefecture_code":"440600","prefecture_type":"地级市","parent_entity_id":"CNUR-000201","parent_year_end_name":"佛山市","province_name":"广东省","province_code":"440000","snapshot_year":2016,"panel_year":2015,"link_status":"parent_linked","former_name":"城区和石湾区","note":"2002年撤销城区和石湾区，设立禅城区"},"geometry":{"type":"Polygon","coordinates":[[[113.16302,22.99766],[113.12678,22.97731],[113.05022,22.98076],[113.06326,22.93944],[113.03867,22.92489],[113.01283,22.92897],[112.97426,22.98248],[112.98118,23.03209],[113.02361,23.02868],[113.04858,23.05352],[113.1143,23.06625],[113.13509,23.02662],[113.15165,23.02453],[113.13428,23.00923],[113.16302,22.99766]]]}},{"type":"Feature","id":"CTAMAP-2016-COUNTY-0176","properties":{"map_level":"county","source_name":"潮南区","source_code":"440514","county_type":"市辖区","prefecture_name":"汕头市","prefecture_code":"440500","prefecture_type":"地级市","parent_entity_id":"CNUR-000200","parent_year_end_name":"汕头市","province_name":"广东省","province_code":"440000","snapshot_year":2016,"panel_year":2015,"link_status":"parent_linked","former_name":"","note":""},"geometry":{"type":"Polygon","coordinates":[[[116.30447,23.29904],[116.40412,23.27188],[116.45005,23.28533],[116.47122,23.20573],[116.51667,23.20335],[116.58806,23.24047],[116.61161,23.22738],[116.6154,23.20669],[116.55119,23.15701],[116.53651,23.1039],[116.46999,23.10674],[116.37566,23.04237],[116.34166,23.06091],[116.32418,23.10277],[116.28817,23.10088],[116.23997,23.14277],[116.24844,23.1944],[116.26478,23.20676],[116.2583,23.2261],[116.28491,23.23744],[116.30447,23.29904]]]}},{"type":"Feature","id":"CTAMAP-2016-COUNTY-0177","properties":{"map_level":"county","source_name":"潮阳区","source_code":"440513","county_type":"市辖区","prefecture_name":"汕头市","prefecture_code":"440500","prefecture_type":"地级市","parent_entity_id":"CNUR-000200","parent_year_end_name":"汕头市","province_name":"广东省","province_code":"440000","snapshot_year":2016,"panel_year":2015,"link_status":"parent_linked","former_name":"潮阳市","note":"2003年撤销潮阳市，设立潮阳区"},"geometry":{"type":"Polygon","coordinates":[[[116.52872,23.43518],[116.5774,23.35139],[116.56759,23.32706],[116.59561,23.32282],[116.59555,23.34168],[116.61066,23.34597],[116.62846,23.29507],[116.61473,23.27978],[116.6777,23.21915],[116.64825,23.16579],[116.60729,23.18356],[116.61872,23.21853],[116.59067,23.24047],[116.51667,23.20335],[116.47122,23.20573],[116.45005,23.28533],[116.40412,23.27188],[116.32346,23.30404],[116.31427,23.33356],[116.34607,23.33952],[116.35077,23.4067],[116.31771,23.42497],[116.31289,23.44897],[116.34525,23.45221],[116.37376,23.50322],[116.4047,23.51564],[116.4191,23.47058],[116.47807,23.50323],[116.48612,23.48399],[116.46231,23.44181],[116.52872,23.43518]]]}},{"type":"Feature","id":"CTAMAP-2016-COUNTY-0198","properties":{"map_level":"county","source_name":"澄海区","source_code":"440515","county_type":"市辖区","prefecture_name":"汕头市","prefecture_code":"440500","prefecture_type":"地级市","parent_entity_id":"CNUR-000200","parent_year_end_name":"汕头市","province_name":"广东省","province_code":"440000","snapshot_year":2016,"panel_year":2015,"link_status":"parent_linked","former_name":"澄海市","note":"2003年撤销澄海市，设立澄海区"},"geometry":{"type":"Polygon","coordinates":[[[116.91287,23.55258],[116.87546,23.55301],[116.89557,23.54397],[116.86107,23.50401],[116.8723,23.46315],[116.82119,23.4575],[116.86404,23.44603],[116.86632,23.41592],[116.84866,23.41776],[116.8285,23.3865],[116.8009,23.4294],[116.71457,23.47306],[116.70094,23.50832],[116.70171,23.54659],[116.71543,23.55512],[116.6977,23.57615],[116.70884,23.60043],[116.73308,23.60463],[116.75613,23.57661],[116.78063,23.58175],[116.79109,23.61294],[116.82347,23.61454],[116.82654,23.6484],[116.86996,23.61733],[116.89504,23.6195],[116.91287,23.55258]]]}},{"type":"Feature","id":"CTAMAP-2016-COUNTY-0204","properties":{"map_level":"county","source_name":"赤坎区","source_code":"440802","county_type":"市辖区","prefecture_name":"湛江市","prefecture_code":"440800","prefecture_type":"地级市","parent_entity_id":"CNUR-000203","parent_year_end_name":"湛江市","province_name":"广东省","province_code":"440000","snapshot_year":2016,"panel_year":2015,"link_status":"parent_linked","former_name":"","note":""},"geometry":{"type":"Polygon","coordinates":[[[110.40932,21.24365],[110.33484,21.2384],[110.34556,21.26585],[110.32114,21.3003],[110.36027,21.32067],[110.38491,21.30475],[110.40896,21.32681],[110.41643,21.29056],[110.38925,21.26686],[110.40932,21.24365]]]}},{"type":"Feature","id":"CTAMAP-2016-COUNTY-0224","properties":{"map_level":"county","source_name":"从化区","source_code":"440117","county_type":"市辖区","prefecture_name":"广州市","prefecture_code":"440100","prefecture_type":"地级市","parent_entity_id":"CNUR-000196","parent_year_end_name":"广州市","province_name":"广东省","province_code":"440000","snapshot_year":2016,"panel_year":2015,"link_status":"parent_linked","former_name":"从化市","note":"2014年撤销从化市，设立从化区"},"geometry":{"type":"Polygon","coordinates":[[[114.00382,23.93597],[114.04953,23.84667],[114.03115,23.79662],[114.05381,23.77787],[114.01813,23.75479],[114.00572,23.77986],[113.9711,23.76054],[113.96736,23.7414],[113.9142,23.73331],[113.8846,23.69144],[113.84251,23.6819],[113.83382,23.6573],[113.81389,23.66002],[113.8225,23.64665],[113.80814,23.63076],[113.8269,23.6224],[113.74877,23.60758],[113.71342,23.51926],[113.65929,23.46548],[113.63663,23.46517],[113.58012,23.4214],[113.55213,23.37023],[113.44986,23.45178],[113.46221,23.46923],[113.42998,23.48737],[113.44119,23.50979],[113.42273,23.54431],[113.34884,23.54227],[113.31839,23.57145],[113.33427,23.58806],[113.27463,23.6119],[113.29087,23.62676],[113.28242,23.64552],[113.32549,23.64796],[113.34641,23.6717],[113.37189,23.73178],[113.43722,23.72918],[113.4753,23.68621],[113.55311,23.70373],[113.56268,23.68231],[113.59417,23.66843],[113.63332,23.70731],[113.63035,23.75211],[113.61,23.78284],[113.63463,23.81726],[113.71312,23.8237],[113.70628,23.86353],[113.75305,23.86016],[113.78493,23.90644],[113.85957,23.93188],[114.00382,23.93597]]]}},{"type":"Feature","id":"CTAMAP-2016-COUNTY-0250","properties":{"map_level":"county","source_name":"大埔县","source_code":"441422","county_type":"县","prefecture_name":"梅州市","prefecture_code":"441400","prefecture_type":"地级市","parent_entity_id":"CNUR-000207","parent_year_end_name":"梅州市","province_name":"广东省","province_code":"440000","snapshot_year":2016,"panel_year":2015,"link_status":"parent_linked","former_name":"","note":""},"geometry":{"type":"Polygon","coordinates":[[[116.89956,24.37368],[116.89027,24.35512],[116.91506,24.32366],[116.90939,24.28924],[116.93483,24.28725],[116.92871,24.22536],[116.89678,24.22714],[116.90043,24.20497],[116.86679,24.16739],[116.84767,24.1861],[116.82937,24.16499],[116.80489,24.17195],[116.77402,24.15184],[116.75969,24.12802],[116.76199,24.0797],[116.74901,24.08454],[116.72943,24.05559],[116.70759,24.06578],[116.69509,24.05456],[116.7063,24.02997],[116.6928,24.0056],[116.52013,24.13099],[116.48283,24.20484],[116.42933,24.20463],[116.38964,24.22422],[116.36885,24.18929],[116.31991,24.20441],[116.31182,24.22171],[116.33936,24.26683],[116.42515,24.32936],[116.43457,24.3636],[116.41495,24.38552],[116.41788,24.4274],[116.49168,24.478],[116.48705,24.50082],[116.53196,24.50742],[116.55395,24.55225],[116.53451,24.56758],[116.54671,24.60858],[116.59262,24.65778],[116.62509,24.64493],[116.72507,24.66983],[116.74766,24.6583],[116.79714,24.68052],[116.81053,24.65756],[116.75271,24.58368],[116.76266,24.56708],[116.75087,24.55414],[116.80836,24.48659],[116.82851,24.49952],[116.83939,24.48837],[116.85558,24.46219],[116.8348,24.44234],[116.89956,24.37368]]]}},{"type":"Feature","id":"CTAMAP-2016-COUNTY-0303","properties":{"map_level":"county","source_name":"德庆县","source_code":"441226","county_type":"县","prefecture_name":"肇庆市","prefecture_code":"441200","prefecture_type":"地级市","parent_entity_id":"CNUR-000205","parent_year_end_name":"肇庆市","province_name":"广东省","province_code":"440000","snapshot_year":2016,"panel_year":2015,"link_status":"parent_linked","former_name":"","note":""},"geometry":{"type":"MultiPolygon","coordinates":[[[[112.26324,23.43547],[112.22267,23.41853],[112.20348,23.43398],[112.18355,23.40344],[112.2186,23.36516],[112.20521,23.32289],[112.22516,23.32327],[112.22732,23.34392],[112.25711,23.33943],[112.24896,23.26115],[112.22325,23.2643],[112.18519,23.22342],[112.18811,23.20368],[112.21836,23.19052],[112.22204,23.15851],[112.18006,23.12615],[112.24009,23.13758],[112.24924,23.1211],[112.1783,23.07633],[112.09867,23.0924],[112.03351,23.07453],[111.98043,23.09447],[111.96511,23.13171],[111.89699,23.12817],[111.86344,23.14381],[111.76299,23.13536],[111.65698,23.1596],[111.63285,23.18833],[111.58328,23.19056],[111.52908,23.22175],[111.54522,23.23944],[111.54813,23.22718],[111.60508,23.22259],[111.61365,23.23823],[111.63204,23.21393],[111.64715,23.21904],[111.63218,23.27493],[111.64852,23.30279],[111.67289,23.28875],[111.72652,23.30297],[111.72978,23.35193],[111.76558,23.40204],[111.81992,23.37964],[111.86242,23.40993],[111.91942,23.39133],[111.97477,23.40581],[111.98495,23.43705],[112.03045,23.48039],[112.07592,23.4905],[112.09584,23.47973],[112.12101,23.50758],[112.25398,23.46645],[112.26324,23.43547]]],[[[112.25588,23.34929],[112.25086,23.35048],[112.25209,23.35137],[112.25588,23.34929]]]]}},{"type":"Feature","id":"CTAMAP-2016-COUNTY-0311","properties":{"map_level":"county","source_name":"电白区","source_code":"440904","county_type":"市辖区","prefecture_name":"茂名市","prefecture_code":"440900","prefecture_type":"地级市","parent_entity_id":"CNUR-000204","parent_year_end_name":"茂名市","province_name":"广东省","province_code":"440000","snapshot_year":2016,"panel_year":2015,"link_status":"parent_linked","former_name":"","note":"撤销茂港区、电白县，新设电白区"},"geometry":{"type":"MultiPolygon","coordinates":[[[[111.18512,21.38904],[111.18442,21.3811],[111.179,21.37394],[111.18512,21.38904]]],[[[111.04059,21.50159],[111.03659,21.49298],[111.03646,21.49987],[111.04059,21.50159]]],[[[111.27839,21.98954],[111.28507,21.91065],[111.41381,21.84894],[111.41757,21.81435],[111.37006,21.77591],[111.38373,21.75917],[111.37651,21.73696],[111.43224,21.70933],[111.4096,21.59924],[111.45037,21.53227],[111.42234,21.52092],[111.41464,21.53172],[111.40014,21.53339],[111.4175,21.52426],[111.25758,21.41531],[111.25244,21.44593],[111.2775,21.43624],[111.29436,21.47815],[111.27388,21.49838],[111.24341,21.49145],[111.22561,21.50873],[111.18698,21.51269],[111.18714,21.49661],[111.22072,21.5006],[111.2337,21.48088],[111.10058,21.4608],[111.08509,21.47939],[111.09529,21.48481],[111.07254,21.48892],[111.07963,21.51102],[111.0322,21.5186],[111.03462,21.53647],[111.032,21.53804],[110.99815,21.48761],[111.01693,21.48515],[111.01784,21.47145],[111.05462,21.48692],[111.08437,21.46696],[110.99272,21.42628],[110.9659,21.42253],[110.9548,21.45379],[110.95396,21.43956],[110.9279,21.44858],[110.8898,21.43237],[110.87589,21.44733],[110.89346,21.46389],[110.86597,21.47378],[110.86319,21.51552],[110.91313,21.53296],[110.87949,21.5652],[110.91621,21.56779],[110.91899,21.58015],[110.93138,21.56302],[110.93384,21.60116],[110.96835,21.63792],[110.94602,21.62811],[110.92397,21.69238],[110.97421,21.72964],[110.96593,21.76318],[110.98726,21.77746],[111.01696,21.74691],[111.0662,21.78986],[111.09865,21.78584],[111.10697,21.80289],[111.07485,21.84416],[111.09919,21.87588],[111.1927,21.83605],[111.16803,21.84804],[111.1721,21.87702],[111.19971,21.89043],[111.22063,21.97348],[111.27839,21.98954]]]]}},{"type":"Feature","id":"CTAMAP-2016-COUNTY-0318","properties":{"map_level":"county","source_name":"鼎湖区","source_code":"441203","county_type":"市辖区","prefecture_name":"肇庆市","prefecture_code":"441200","prefecture_type":"地级市","parent_entity_id":"CNUR-000205","parent_year_end_name":"肇庆市","province_name":"广东省","province_code":"440000","snapshot_year":2016,"panel_year":2015,"link_status":"parent_linked","former_name":"","note":""},"geometry":{"type":"Polygon","coordinates":[[[112.76407,23.22593],[112.77584,23.16496],[112.76268,23.14102],[112.69101,23.09512],[112.60753,23.10113],[112.60612,23.12678],[112.57476,23.14013],[112.54311,23.09795],[112.47124,23.19752],[112.44234,23.27389],[112.50069,23.31459],[112.58682,23.27646],[112.65261,23.30468],[112.68609,23.30038],[112.70842,23.28425],[112.71262,23.21996],[112.76407,23.22593]]]}},{"type":"Feature","id":"CTAMAP-2016-COUNTY-0342","properties":{"map_level":"county","source_name":"东莞市","source_code":"441900","county_type":"不统计","prefecture_name":"东莞市","prefecture_code":"441900","prefecture_type":"地级市","parent_entity_id":"CNUR-000212","parent_year_end_name":"东莞市","province_name":"广东省","province_code":"440000","snapshot_year":2016,"panel_year":2015,"link_status":"parent_linked","former_name":"","note":""},"geometry":{"type":"Polygon","coordinates":[[[113.71944,23.14487],[113.96255,23.11697],[114.0106,23.0868],[114.06851,23.10057],[114.14308,23.02894],[114.12205,22.99331],[114.16053,22.98235],[114.17866,22.99844],[114.21772,22.98179],[114.2085,22.93071],[114.25547,22.9024],[114.22625,22.88285],[114.22903,22.81976],[114.17437,22.78189],[114.21079,22.73837],[114.17434,22.6597],[114.14839,22.66345],[114.16116,22.68371],[114.13897,22.71629],[114.10173,22.72597],[114.09264,22.74908],[114.07012,22.74332],[114.04356,22.77449],[113.99784,22.76632],[113.98605,22.80301],[113.89698,22.84186],[113.91439,22.83921],[113.92579,22.84586],[113.87335,22.85538],[113.86766,22.84019],[113.83602,22.83552],[113.83222,22.80387],[113.79604,22.78731],[113.78622,22.75638],[113.7487,22.7343],[113.71278,22.75952],[113.71073,22.74331],[113.66589,22.746],[113.57043,22.84824],[113.51226,23.02903],[113.54496,23.08028],[113.71944,23.14487]]]}},{"type":"Feature","id":"CTAMAP-2016-COUNTY-0366","properties":{"map_level":"county","source_name":"东源县","source_code":"441625","county_type":"县","prefecture_name":"河源市","prefecture_code":"441600","prefecture_type":"地级市","parent_entity_id":"CNUR-000209","parent_year_end_name":"河源市","province_name":"广东省","province_code":"440000","snapshot_year":2016,"panel_year":2015,"link_status":"parent_linked","former_name":"","note":""},"geometry":{"type":"Polygon","coordinates":[[[115.07846,24.16465],[115.05402,24.11289],[115.06579,24.09759],[115.10742,24.11853],[115.11662,24.0691],[115.17336,24.01163],[115.16729,24.00173],[115.13605,24.01239],[115.13686,23.99817],[115.17737,23.97895],[115.16451,23.95275],[115.201,23.93986],[115.24192,23.95366],[115.32546,23.86309],[115.35568,23.84891],[115.35259,23.79479],[115.31184,23.75992],[115.22393,23.7615],[115.12722,23.68942],[115.08431,23.69539],[115.00813,23.76018],[114.96466,23.7238],[114.9319,23.75077],[114.86476,23.7442],[114.82083,23.75738],[114.76183,23.73975],[114.7281,23.76042],[114.73017,23.81768],[114.69013,23.85016],[114.63764,23.77052],[114.60038,23.76217],[114.61396,23.74363],[114.59084,23.72658],[114.59356,23.69983],[114.52398,23.67131],[114.47089,23.70587],[114.43428,23.6901],[114.37496,23.74648],[114.36218,23.728],[114.33656,23.75422],[114.34379,23.79282],[114.32151,23.8357],[114.37708,23.93328],[114.38746,24.02509],[114.43729,24.03726],[114.43782,24.07171],[114.47326,24.08475],[114.48993,24.121],[114.50553,24.10925],[114.52443,24.14016],[114.53215,24.1256],[114.57702,24.13114],[114.59525,24.09761],[114.61152,24.11614],[114.64007,24.11699],[114.61615,24.15939],[114.62859,24.17169],[114.66197,24.13722],[114.66283,24.11497],[114.72057,24.11534],[114.73219,24.14537],[114.76991,24.16058],[114.78774,24.1519],[114.83062,24.18087],[114.82457,24.19682],[114.842,24.2093],[114.857,24.21109],[114.86472,24.1902],[114.88306,24.24029],[114.93542,24.25953],[114.96267,24.24322],[114.97117,24.20972],[115.00736,24.21128],[115.02344,24.18556],[115.07846,24.16465]]]}},{"type":"Feature","id":"CTAMAP-2016-COUNTY-0376","properties":{"map_level":"county","source_name":"斗门区","source_code":"440403","county_type":"市辖区","prefecture_name":"珠海市","prefecture_code":"440400","prefecture_type":"地级市","parent_entity_id":"CNUR-000199","parent_year_end_name":"珠海市","province_name":"广东省","province_code":"440000","snapshot_year":2016,"panel_year":2015,"link_status":"parent_linked","former_name":"斗门县","note":"2001年撤销斗门县，设立斗门区"},"geometry":{"type":"Polygon","coordinates":[[[113.25751,22.39664],[113.31613,22.33188],[113.34615,22.25193],[113.38227,22.23676],[113.41535,22.18946],[113.3285,22.13623],[113.29664,22.14128],[113.23002,22.08271],[113.20404,22.11096],[113.21422,22.11965],[113.23466,22.09981],[113.22386,22.13164],[113.24062,22.15355],[113.20134,22.15163],[113.19657,22.13449],[113.10373,22.09105],[113.11622,22.1495],[113.10466,22.20112],[113.16016,22.23776],[113.17959,22.29731],[113.18797,22.36209],[113.15776,22.40127],[113.17476,22.40696],[113.18648,22.38479],[113.20833,22.40276],[113.25751,22.39664]]]}},{"type":"Feature","id":"CTAMAP-2016-COUNTY-0381","properties":{"map_level":"county","source_name":"端州区","source_code":"441202","county_type":"市辖区","prefecture_name":"肇庆市","prefecture_code":"441200","prefecture_type":"地级市","parent_entity_id":"CNUR-000205","parent_year_end_name":"肇庆市","province_name":"广东省","province_code":"440000","snapshot_year":2016,"panel_year":2015,"link_status":"parent_linked","former_name":"","note":""},"geometry":{"type":"Polygon","coordinates":[[[112.54311,23.09795],[112.51899,23.05928],[112.48116,23.03992],[112.41767,23.04528],[112.3939,23.0785],[112.4031,23.11167],[112.42685,23.10556],[112.42874,23.1178],[112.40168,23.12591],[112.41989,23.15257],[112.46692,23.15372],[112.49355,23.175],[112.54311,23.09795]]]}},{"type":"Feature","id":"CTAMAP-2016-COUNTY-0396","properties":{"map_level":"county","source_name":"恩平市","source_code":"440785","county_type":"县级市","prefecture_name":"江门市","prefecture_code":"440700","prefecture_type":"地级市","parent_entity_id":"CNUR-000202","parent_year_end_name":"江门市","province_name":"广东省","province_code":"440000","snapshot_year":2016,"panel_year":2015,"link_status":"parent_linked","former_name":"","note":""},"geometry":{"type":"Polygon","coordinates":[[[112.39584,22.13291],[112.37301,22.13668],[112.35573,22.09526],[112.37121,22.05734],[112.39585,22.04582],[112.36574,22.0064],[112.38689,21.93293],[112.34593,21.91571],[112.31312,21.97903],[112.21835,22.01435],[112.22103,22.06913],[112.18009,22.06944],[112.15132,22.09846],[112.12079,22.09926],[112.09593,22.13811],[112.02919,22.11626],[112.02161,22.12937],[112.04576,22.1489],[112.03126,22.17626],[112.0466,22.21048],[111.99774,22.25692],[112.05475,22.28469],[112.07687,22.35374],[112.11423,22.35909],[112.11506,22.33981],[112.12538,22.35325],[112.14183,22.34163],[112.15163,22.38103],[112.16337,22.38688],[112.18095,22.36789],[112.19276,22.40542],[112.23821,22.41794],[112.29491,22.3911],[112.38,22.49506],[112.39407,22.49505],[112.43824,22.46919],[112.45767,22.44715],[112.45465,22.42714],[112.52032,22.41085],[112.52336,22.38921],[112.52156,22.35137],[112.47862,22.34674],[112.48726,22.25215],[112.42725,22.22149],[112.39584,22.13291]]]}},{"type":"Feature","id":"CTAMAP-2016-COUNTY-0405","properties":{"map_level":"county","source_name":"番禺区","source_code":"440113","county_type":"市辖区","prefecture_name":"广州市","prefecture_code":"440100","prefecture_type":"地级市","parent_entity_id":"CNUR-000196","parent_year_end_name":"广州市","province_name":"广东省","province_code":"440000","snapshot_year":2016,"panel_year":2015,"link_status":"parent_linked","former_name":"","note":"2012年将东涌镇、大岗镇、榄核镇划归南沙区"},"geometry":{"type":"Polygon","coordinates":[[[113.51226,23.02903],[113.55522,22.92446],[113.56252,22.86176],[113.46524,22.90755],[113.38178,22.90617],[113.29466,22.88034],[113.27051,22.89625],[113.27693,22.93032],[113.2931,22.93702],[113.24464,22.97582],[113.25783,23.05267],[113.3486,23.04609],[113.39434,23.08272],[113.40256,23.06514],[113.46183,23.07762],[113.51226,23.02903]]]}},{"type":"Feature","id":"CTAMAP-2016-COUNTY-0431","properties":{"map_level":"county","source_name":"丰顺县","source_code":"441423","county_type":"县","prefecture_name":"梅州市","prefecture_code":"441400","prefecture_type":"地级市","parent_entity_id":"CNUR-000207","parent_year_end_name":"梅州市","province_name":"广东省","province_code":"440000","snapshot_year":2016,"panel_year":2015,"link_status":"parent_linked","former_name":"","note":""},"geometry":{"type":"Polygon","coordinates":[[[116.68736,24.0091],[116.6884,23.98213],[116.64615,23.99811],[116.6334,23.9714],[116.60614,23.97099],[116.62135,23.95182],[116.6021,23.94952],[116.58754,23.90341],[116.55398,23.91011],[116.53161,23.88416],[116.49169,23.87226],[116.5224,23.83424],[116.50701,23.82566],[116.49124,23.75441],[116.42206,23.78305],[116.36379,23.73538],[116.33097,23.77626],[116.27096,23.76178],[116.17496,23.68686],[116.18664,23.64383],[116.1452,23.61741],[116.08317,23.62904],[116.06263,23.64763],[116.01636,23.64677],[116.00136,23.67799],[115.98136,23.67945],[115.89767,23.62181],[115.84384,23.66006],[115.89757,23.70213],[115.92942,23.7697],[116.01942,23.82885],[116.01803,23.8952],[116.03359,23.90333],[116.02366,23.92065],[116.07266,23.94203],[116.09604,23.96686],[116.08298,23.99279],[116.16401,24.04888],[116.17224,24.10023],[116.20228,24.0988],[116.1873,24.12213],[116.19526,24.13583],[116.25404,24.11242],[116.25572,24.13451],[116.29532,24.1622],[116.30029,24.19333],[116.32173,24.20768],[116.36972,24.18923],[116.38964,24.22422],[116.42933,24.20463],[116.48283,24.20484],[116.52013,24.13099],[116.68736,24.0091]]]}},{"type":"Feature","id":"CTAMAP-2016-COUNTY-0436","properties":{"map_level":"county","source_name":"封开县","source_code":"441225","county_type":"县","prefecture_name":"肇庆市","prefecture_code":"441200","prefecture_type":"地级市","parent_entity_id":"CNUR-000205","parent_year_end_name":"肇庆市","province_name":"广东省","province_code":"440000","snapshot_year":2016,"panel_year":2015,"link_status":"parent_linked","former_name":"","note":""},"geometry":{"type":"Polygon","coordinates":[[[112.02853,23.47836],[111.98495,23.43705],[111.97477,23.40581],[111.91942,23.39133],[111.86242,23.40993],[111.81992,23.37964],[111.76472,23.40148],[111.72978,23.35193],[111.72652,23.30297],[111.67289,23.28875],[111.64852,23.30279],[111.63218,23.27493],[111.64715,23.21904],[111.63204,23.21393],[111.6172,23.238],[111.60692,23.22281],[111.54813,23.22718],[111.54522,23.23944],[111.57403,23.25722],[111.52709,23.32711],[111.5112,23.28777],[111.46009,23.27486],[111.41574,23.31874],[111.35698,23.32721],[111.387,23.38576],[111.37808,23.40338],[111.39398,23.4713],[111.42335,23.46868],[111.48446,23.56463],[111.48176,23.62917],[111.61068,23.64175],[111.61999,23.67878],[111.66016,23.70269],[111.66142,23.72081],[111.63744,23.71679],[111.61226,23.73628],[111.64993,23.83638],[111.68615,23.81878],[111.69209,23.83978],[111.70715,23.84061],[111.74728,23.81528],[111.80499,23.80859],[111.82005,23.83489],[111.80729,23.88898],[111.81722,23.91399],[111.84163,23.90706],[111.84968,23.95124],[111.90712,23.94668],[111.92525,23.97751],[111.95355,23.96615],[111.97495,23.97999],[111.98237,23.96442],[111.96149,23.93416],[111.9699,23.91774],[111.93981,23.8005],[111.87792,23.71637],[111.88851,23.69042],[111.92586,23.68393],[111.93842,23.65481],[111.96786,23.65],[111.97446,23.62459],[111.9546,23.56974],[111.97785,23.49461],[111.96526,23.48115],[111.99457,23.47883],[111.98782,23.45872],[112.01607,23.48477],[112.02853,23.47836]]]}},{"type":"Feature","id":"CTAMAP-2016-COUNTY-0458","properties":{"map_level":"county","source_name":"佛冈县","source_code":"441821","county_type":"县","prefecture_name":"清远市","prefecture_code":"441800","prefecture_type":"地级市","parent_entity_id":"CNUR-000211","parent_year_end_name":"清远市","province_name":"广东省","province_code":"440000","snapshot_year":2016,"panel_year":2015,"link_status":"parent_linked","former_name":"","note":""},"geometry":{"type":"Polygon","coordinates":[[[113.74665,24.03009],[113.71331,23.99568],[113.7351,23.96358],[113.76918,23.95737],[113.79537,23.90623],[113.75305,23.86016],[113.70628,23.86353],[113.71312,23.8237],[113.63463,23.81726],[113.61,23.78284],[113.63035,23.75211],[113.63332,23.70731],[113.59417,23.66843],[113.56268,23.68231],[113.55311,23.70373],[113.4753,23.68621],[113.4361,23.72959],[113.29563,23.74366],[113.3494,23.83797],[113.33687,23.85618],[113.35732,23.88909],[113.34057,23.90237],[113.39605,23.93108],[113.42591,23.9247],[113.4402,23.95535],[113.48174,23.94737],[113.49876,23.96552],[113.52578,23.96587],[113.51036,23.99516],[113.52931,24.07051],[113.55565,24.06014],[113.58044,24.08744],[113.60581,24.08259],[113.61852,24.12023],[113.62603,24.09852],[113.67227,24.06892],[113.72391,24.08542],[113.74541,24.06026],[113.74665,24.03009]]]}},{"type":"Feature","id":"CTAMAP-2016-COUNTY-0472","properties":{"map_level":"county","source_name":"福田区","source_code":"440304","county_type":"市辖区","prefecture_name":"深圳市","prefecture_code":"440300","prefecture_type":"地级市","parent_entity_id":"CNUR-000198","parent_year_end_name":"深圳市","province_name":"广东省","province_code":"440000","snapshot_year":2016,"panel_year":2015,"link_status":"parent_linked","former_name":"","note":""},"geometry":{"type":"Polygon","coordinates":[[[114.06066,22.58881],[114.09816,22.56965],[114.09988,22.53574],[114.07818,22.52986],[114.08176,22.51786],[114.0492,22.50235],[113.98861,22.52959],[114.00326,22.58129],[114.06066,22.58881]]]}},{"type":"Feature","id":"CTAMAP-2016-COUNTY-0523","properties":{"map_level":"county","source_name":"高明区","source_code":"440608","county_type":"市辖区","prefecture_name":"佛山市","prefecture_code":"440600","prefecture_type":"地级市","parent_entity_id":"CNUR-000201","parent_year_end_name":"佛山市","province_name":"广东省","province_code":"440000","snapshot_year":2016,"panel_year":2015,"link_status":"parent_linked","former_name":"高明市","note":"2002年撤销高明市，设立高明区"},"geometry":{"type":"Polygon","coordinates":[[[112.83218,23.01597],[112.91798,22.86047],[112.85909,22.88531],[112.83292,22.84739],[112.84805,22.81273],[112.80696,22.79465],[112.81787,22.78362],[112.79787,22.72652],[112.74827,22.69592],[112.7122,22.69452],[112.70318,22.71319],[112.69033,22.69851],[112.68489,22.72178],[112.70534,22.72797],[112.69134,22.76195],[112.67545,22.74951],[112.69601,22.73135],[112.67606,22.73633],[112.67506,22.71704],[112.66056,22.72719],[112.66044,22.71575],[112.64606,22.72863],[112.61601,22.70416],[112.58297,22.70161],[112.59533,22.69035],[112.57708,22.66372],[112.54141,22.64523],[112.53055,22.6806],[112.55172,22.69715],[112.51673,22.73111],[112.48779,22.72835],[112.47163,22.70683],[112.44347,22.71112],[112.40668,22.67381],[112.38816,22.77505],[112.47834,22.7981],[112.49916,22.8277],[112.52524,22.81776],[112.56689,22.83626],[112.5556,22.87529],[112.58197,22.86615],[112.68484,22.90254],[112.68955,22.93021],[112.67075,22.94734],[112.72429,22.93884],[112.74032,22.99328],[112.75682,22.98164],[112.78263,23.00718],[112.78947,22.99323],[112.83218,23.01597]]]}},{"type":"Feature","id":"CTAMAP-2016-COUNTY-0531","properties":{"map_level":"county","source_name":"高要区","source_code":"441204","county_type":"市辖区","prefecture_name":"肇庆市","prefecture_code":"441200","prefecture_type":"地级市","parent_entity_id":"CNUR-000205","parent_year_end_name":"肇庆市","province_name":"广东省","province_code":"440000","snapshot_year":2016,"panel_year":2015,"link_status":"parent_linked","former_name":"高要市","note":"2015年撤销高要市，设立高要区"},"geometry":{"type":"Polygon","coordinates":[[[112.42386,23.37305],[112.48948,23.31105],[112.44237,23.27308],[112.47124,23.19752],[112.49531,23.17954],[112.46692,23.15372],[112.41989,23.15257],[112.40168,23.12591],[112.42874,23.1178],[112.42685,23.10556],[112.4031,23.11167],[112.39409,23.08994],[112.40596,23.05173],[112.49493,23.04281],[112.57476,23.14013],[112.60612,23.12678],[112.60753,23.10113],[112.69101,23.09512],[112.76268,23.14102],[112.77584,23.16496],[112.83218,23.01597],[112.78947,22.99323],[112.78263,23.00718],[112.75682,22.98164],[112.74032,22.99328],[112.72429,22.93884],[112.67075,22.94734],[112.68955,22.93021],[112.68484,22.90254],[112.58197,22.86615],[112.5556,22.87529],[112.56689,22.83626],[112.52524,22.81776],[112.49916,22.8277],[112.47834,22.7981],[112.38694,22.77343],[112.37007,22.79983],[112.31042,22.7921],[112.32978,22.81292],[112.30641,22.83111],[112.2905,22.87612],[112.30209,22.91377],[112.2515,22.91502],[112.25167,22.95407],[112.28481,22.95506],[112.27642,22.97495],[112.29434,23.01148],[112.28097,23.04963],[112.32199,23.10724],[112.28008,23.13224],[112.24924,23.1211],[112.24009,23.13758],[112.18006,23.12615],[112.22204,23.15851],[112.21836,23.19052],[112.18811,23.20368],[112.18519,23.22342],[112.22325,23.2643],[112.24896,23.26115],[112.25711,23.33943],[112.22732,23.34392],[112.22516,23.32327],[112.20521,23.32289],[112.2186,23.36516],[112.18355,23.40344],[112.20348,23.43398],[112.22267,23.41853],[112.26324,23.43547],[112.31598,23.42086],[112.34112,23.43368],[112.37789,23.40471],[112.38526,23.36667],[112.42386,23.37305]],[[112.25086,23.35048],[112.2502,23.34972],[112.25588,23.34929],[112.25086,23.35048]]]}},{"type":"Feature","id":"CTAMAP-2016-COUNTY-0534","properties":{"map_level":"county","source_name":"高州市","source_code":"440981","county_type":"县级市","prefecture_name":"茂名市","prefecture_code":"440900","prefecture_type":"地级市","parent_entity_id":"CNUR-000204","parent_year_end_name":"茂名市","province_name":"广东省","province_code":"440000","snapshot_year":2016,"panel_year":2015,"link_status":"parent_linked","former_name":"","note":""},"geometry":{"type":"Polygon","coordinates":[[[111.37892,22.24883],[111.34406,22.22096],[111.34929,22.1929],[111.3218,22.1736],[111.33552,22.12484],[111.281,22.05761],[111.30054,22.01392],[111.26339,21.98002],[111.22063,21.97348],[111.19971,21.89043],[111.17242,21.878],[111.16803,21.84804],[111.1927,21.83605],[111.09919,21.87588],[111.07485,21.84416],[111.10697,21.80289],[111.10019,21.78733],[111.0662,21.78986],[111.01334,21.74633],[110.98726,21.77746],[110.96469,21.75642],[110.93857,21.75614],[110.90724,21.79233],[110.87852,21.78377],[110.83056,21.82463],[110.81062,21.80469],[110.81268,21.77886],[110.76307,21.77891],[110.78042,21.72764],[110.74698,21.70988],[110.71108,21.74398],[110.68662,21.73067],[110.67784,21.75887],[110.64756,21.76047],[110.67286,21.82841],[110.65473,21.84335],[110.65552,21.93007],[110.61301,21.95973],[110.62465,21.98717],[110.64208,21.98332],[110.65094,22.0492],[110.68175,22.05564],[110.68429,22.0733],[110.64644,22.08835],[110.6576,22.12142],[110.70693,22.13022],[110.64314,22.23085],[110.68279,22.25199],[110.71645,22.2983],[110.79544,22.27189],[110.77255,22.23663],[110.79048,22.21195],[110.83331,22.21956],[110.87779,22.1862],[110.88193,22.20118],[110.90502,22.1949],[110.9518,22.23364],[111.00848,22.23178],[111.04724,22.26712],[111.07225,22.24207],[111.17452,22.2694],[111.20449,22.26404],[111.23484,22.29023],[111.25795,22.27049],[111.32508,22.31311],[111.36039,22.29174],[111.37892,22.24883]]]}},{"type":"Feature","id":"CTAMAP-2016-COUNTY-0593","properties":{"map_level":"county","source_name":"广宁县","source_code":"441223","county_type":"县","prefecture_name":"肇庆市","prefecture_code":"441200","prefecture_type":"地级市","parent_entity_id":"CNUR-000205","parent_year_end_name":"肇庆市","province_name":"广东省","province_code":"440000","snapshot_year":2016,"panel_year":2015,"link_status":"parent_linked","former_name":"","note":""},"geometry":{"type":"Polygon","coordinates":[[[112.51094,23.97931],[112.61539,23.94635],[112.6775,23.94179],[112.68512,23.89061],[112.66716,23.86846],[112.66961,23.83239],[112.65101,23.81627],[112.70108,23.80991],[112.69825,23.7583],[112.73594,23.75445],[112.70593,23.71465],[112.72211,23.7141],[112.71408,23.68734],[112.69342,23.68891],[112.69722,23.64062],[112.65287,23.62072],[112.65718,23.59158],[112.61354,23.59487],[112.56804,23.56983],[112.57115,23.48372],[112.51728,23.46204],[112.49056,23.47255],[112.49387,23.45677],[112.46423,23.44852],[112.41142,23.3662],[112.38526,23.36667],[112.36051,23.42447],[112.26324,23.43547],[112.25398,23.46645],[112.21831,23.46926],[112.14664,23.51004],[112.11895,23.50676],[112.09584,23.47973],[112.05783,23.48589],[112.07265,23.52503],[112.09891,23.52365],[112.13842,23.5577],[112.13956,23.57824],[112.15587,23.57874],[112.16446,23.60344],[112.13589,23.62113],[112.12445,23.6561],[112.13997,23.66592],[112.13806,23.69788],[112.19535,23.7175],[112.20856,23.78156],[112.23056,23.78217],[112.24441,23.73439],[112.29222,23.77339],[112.34327,23.76108],[112.33521,23.82335],[112.36258,23.84101],[112.38098,23.89854],[112.47097,23.93421],[112.51094,23.97931]]]}},{"type":"Feature","id":"CTAMAP-2016-COUNTY-0614","properties":{"map_level":"county","source_name":"海丰县","source_code":"441521","county_type":"县","prefecture_name":"汕尾市","prefecture_code":"441500","prefecture_type":"地级市","parent_entity_id":"CNUR-000208","parent_year_end_name":"汕尾市","province_name":"广东省","province_code":"440000","snapshot_year":2016,"panel_year":2015,"link_status":"parent_linked","former_name":"","note":""},"geometry":{"type":"MultiPolygon","coordinates":[[[[115.42164,23.23756],[115.50333,23.20866],[115.49315,23.13121],[115.52884,23.06867],[115.50814,23.03095],[115.50709,22.98125],[115.47239,22.92258],[115.49342,22.91869],[115.55067,22.84453],[115.57442,22.84788],[115.59516,22.87519],[115.61229,22.86509],[115.56043,22.80974],[115.50593,22.79497],[115.49639,22.8102],[115.45746,22.8067],[115.42399,22.83866],[115.41768,22.86602],[115.3965,22.84337],[115.3622,22.86234],[115.32506,22.91629],[115.30553,22.90517],[115.30979,22.87184],[115.25628,22.82273],[115.21018,22.83482],[115.17431,22.82196],[115.16471,22.80452],[115.18427,22.77942],[115.14857,22.81336],[115.04846,22.79763],[115.0475,22.7505],[115.01771,22.73903],[115.03243,22.71679],[115.01979,22.7061],[114.99048,22.75654],[114.9957,22.77614],[114.93992,22.81225],[114.94554,22.83776],[114.92394,22.85017],[114.93677,22.88033],[114.91841,22.91482],[114.99295,22.94133],[115.07996,23.01034],[115.13995,22.99633],[115.17221,23.03993],[115.28545,23.09822],[115.27886,23.15989],[115.31764,23.16401],[115.3375,23.19668],[115.42164,23.23756]]],[[[115.1127,22.7841],[115.10325,22.78498],[115.11071,22.78744],[115.1127,22.7841]]],[[[115.18135,22.7402],[115.19062,22.74418],[115.19055,22.73815],[115.18135,22.7402]]]]}},{"type":"Feature","id":"CTAMAP-2016-COUNTY-0629","properties":{"map_level":"county","source_name":"海珠区","source_code":"440105","county_type":"市辖区","prefecture_name":"广州市","prefecture_code":"440100","prefecture_type":"地级市","parent_entity_id":"CNUR-000196","parent_year_end_name":"广州市","province_name":"广东省","province_code":"440000","snapshot_year":2016,"panel_year":2015,"link_status":"parent_linked","former_name":"","note":""},"geometry":{"type":"Polygon","coordinates":[[[113.23676,23.10596],[113.38796,23.10849],[113.4166,23.09125],[113.34242,23.04598],[113.27187,23.05739],[113.23676,23.10596]]]}},{"type":"Feature","id":"CTAMAP-2016-COUNTY-0645","properties":{"map_level":"county","source_name":"濠江区","source_code":"440512","county_type":"市辖区","prefecture_name":"汕头市","prefecture_code":"440500","prefecture_type":"地级市","parent_entity_id":"CNUR-000200","parent_year_end_name":"汕头市","province_name":"广东省","province_code":"440000","snapshot_year":2016,"panel_year":2015,"link_status":"parent_linked","former_name":"河浦区","note":"2003年撤销河浦区，设立濠江区"},"geometry":{"type":"Polygon","coordinates":[[[116.67494,23.34762],[116.76284,23.32292],[116.77565,23.24714],[116.80827,23.23865],[116.79061,23.21186],[116.7267,23.26548],[116.72281,23.25321],[116.73312,23.25614],[116.74098,23.24623],[116.6777,23.21915],[116.61473,23.27978],[116.62846,23.29507],[116.61066,23.34597],[116.63758,23.33171],[116.67494,23.34762]]]}},{"type":"Feature","id":"CTAMAP-2016-COUNTY-0657","properties":{"map_level":"county","source_name":"和平县","source_code":"441624","county_type":"县","prefecture_name":"河源市","prefecture_code":"441600","prefecture_type":"地级市","parent_entity_id":"CNUR-000209","parent_year_end_name":"河源市","province_name":"广东省","province_code":"440000","snapshot_year":2016,"panel_year":2015,"link_status":"parent_linked","former_name":"","note":""},"geometry":{"type":"Polygon","coordinates":[[[115.19027,24.6946],[115.20401,24.66531],[115.27155,24.61611],[115.23817,24.58919],[115.24109,24.5728],[115.21034,24.55744],[115.2427,24.52129],[115.21585,24.5142],[115.23654,24.49397],[115.21856,24.46958],[115.24006,24.42467],[115.21155,24.40547],[115.20552,24.35613],[115.17353,24.33562],[115.19107,24.273],[115.23058,24.26498],[115.23421,24.23967],[115.21169,24.21035],[115.18056,24.20596],[115.15526,24.18119],[115.11237,24.18518],[115.06243,24.16248],[115.05847,24.18203],[115.02344,24.18556],[115.00736,24.21128],[114.97117,24.20972],[114.96267,24.24322],[114.92664,24.25782],[114.916,24.29928],[114.87703,24.28288],[114.8475,24.31668],[114.81935,24.2919],[114.80558,24.32796],[114.79334,24.27623],[114.74309,24.28665],[114.75667,24.33791],[114.74242,24.34646],[114.75242,24.35771],[114.73209,24.40721],[114.75042,24.42117],[114.68935,24.47564],[114.71176,24.55622],[114.73282,24.56755],[114.72758,24.61523],[114.77832,24.61632],[114.82068,24.59207],[114.84423,24.6062],[114.86499,24.56509],[114.88946,24.58592],[114.90798,24.66827],[114.9311,24.6692],[114.93645,24.65239],[114.9985,24.68327],[115.01998,24.67086],[115.04904,24.71356],[115.11689,24.66702],[115.14267,24.69248],[115.19027,24.6946]]]}},{"type":"Feature","id":"CTAMAP-2016-COUNTY-0680","properties":{"map_level":"county","source_name":"鹤山市","source_code":"440784","county_type":"县级市","prefecture_name":"江门市","prefecture_code":"440700","prefecture_type":"地级市","parent_entity_id":"CNUR-000202","parent_year_end_name":"江门市","province_name":"广东省","province_code":"440000","snapshot_year":2016,"panel_year":2015,"link_status":"parent_linked","former_name":"","note":""},"geometry":{"type":"Polygon","coordinates":[[[113.04362,22.80983],[113.01738,22.76814],[113.02067,22.70231],[112.97651,22.69136],[112.98784,22.66881],[112.97493,22.65254],[112.91639,22.62362],[112.96761,22.60437],[112.97331,22.56745],[112.9268,22.55739],[112.90272,22.57438],[112.83348,22.5404],[112.81809,22.55692],[112.79291,22.55073],[112.79835,22.48032],[112.77315,22.47035],[112.74367,22.47817],[112.74533,22.53404],[112.71118,22.57718],[112.7099,22.60114],[112.68995,22.58031],[112.59622,22.60309],[112.60408,22.55444],[112.52467,22.58086],[112.47175,22.70589],[112.49438,22.73177],[112.52825,22.72625],[112.55172,22.69715],[112.53055,22.6806],[112.54141,22.64523],[112.57708,22.66372],[112.59533,22.69035],[112.58297,22.70161],[112.61601,22.70416],[112.64606,22.72863],[112.66044,22.71575],[112.66056,22.72719],[112.67506,22.71704],[112.67606,22.73633],[112.69601,22.73135],[112.67545,22.74951],[112.69134,22.76195],[112.70534,22.72797],[112.68489,22.72178],[112.69033,22.69851],[112.70318,22.71319],[112.7122,22.69452],[112.74827,22.69592],[112.80267,22.73157],[112.81787,22.78362],[112.80696,22.79465],[112.84805,22.81273],[112.84028,22.83955],[112.87684,22.85331],[112.89375,22.84386],[112.9193,22.85925],[112.97941,22.80391],[113.04362,22.80983]]]}},{"type":"Feature","id":"CTAMAP-2016-COUNTY-0721","properties":{"map_level":"county","source_name":"花都区","source_code":"440114","county_type":"市辖区","prefecture_name":"广州市","prefecture_code":"440100","prefecture_type":"地级市","parent_entity_id":"CNUR-000196","parent_year_end_name":"广州市","province_name":"广东省","province_code":"440000","snapshot_year":2016,"panel_year":2015,"link_status":"parent_linked","former_name":"花都市","note":"2000年花都市更名为花都区"},"geometry":{"type":"Polygon","coordinates":[[[113.27463,23.6119],[113.33427,23.58806],[113.31839,23.57145],[113.34884,23.54227],[113.42273,23.54431],[113.44119,23.50979],[113.42998,23.48737],[113.45443,23.48185],[113.44986,23.45178],[113.46977,23.43309],[113.39493,23.39372],[113.37664,23.42334],[113.33226,23.39177],[113.30364,23.39624],[113.22808,23.335],[113.20832,23.33943],[113.20238,23.36416],[113.1655,23.36262],[113.14815,23.33921],[113.14989,23.30293],[113.10815,23.3091],[113.06565,23.28449],[113.07388,23.25069],[113.04377,23.25587],[113.04605,23.28113],[113.0184,23.32751],[113.03813,23.35592],[113.01152,23.34325],[113.00718,23.35686],[112.98239,23.35669],[112.97486,23.38313],[112.99526,23.40909],[112.9748,23.43415],[112.98375,23.44588],[112.9559,23.42868],[112.95595,23.44649],[112.97368,23.4684],[113.04852,23.47359],[113.12338,23.51494],[113.14887,23.50528],[113.18714,23.51718],[113.20723,23.54291],[113.19725,23.5795],[113.22323,23.59684],[113.23992,23.59003],[113.23852,23.60788],[113.27463,23.6119]]]}},{"type":"Feature","id":"CTAMAP-2016-COUNTY-0739","properties":{"map_level":"county","source_name":"化州市","source_code":"440982","county_type":"县级市","prefecture_name":"茂名市","prefecture_code":"440900","prefecture_type":"地级市","parent_entity_id":"CNUR-000204","parent_year_end_name":"茂名市","province_name":"广东省","province_code":"440000","snapshot_year":2016,"panel_year":2015,"link_status":"parent_linked","former_name":"","note":""},"geometry":{"type":"Polygon","coordinates":[[[110.67493,22.1766],[110.70692,22.12887],[110.6576,22.12142],[110.64644,22.08835],[110.68429,22.0733],[110.68175,22.05564],[110.65094,22.0492],[110.64208,21.98332],[110.62465,21.98717],[110.61281,21.95633],[110.65552,21.93007],[110.65473,21.84335],[110.67286,21.82841],[110.64756,21.76047],[110.67784,21.75887],[110.68662,21.73067],[110.71108,21.74398],[110.74698,21.70988],[110.73066,21.61671],[110.7433,21.59194],[110.7208,21.56735],[110.72945,21.53772],[110.69055,21.51745],[110.66959,21.52363],[110.67769,21.4921],[110.64035,21.50391],[110.6412,21.48505],[110.61641,21.48379],[110.59571,21.50998],[110.57562,21.50092],[110.56043,21.51947],[110.53785,21.4757],[110.49394,21.47453],[110.48669,21.4852],[110.50433,21.48155],[110.50607,21.50214],[110.47901,21.51783],[110.47451,21.55472],[110.42075,21.55878],[110.42025,21.57893],[110.43866,21.58955],[110.42269,21.60251],[110.40841,21.5887],[110.40078,21.637],[110.38852,21.62975],[110.40519,21.65283],[110.38204,21.65234],[110.37774,21.66965],[110.40357,21.6759],[110.40727,21.6835],[110.3761,21.6779],[110.34681,21.71207],[110.38377,21.79159],[110.37194,21.80964],[110.34197,21.80396],[110.3605,21.80933],[110.35318,21.81806],[110.33474,21.80894],[110.34742,21.86675],[110.39036,21.85958],[110.38553,21.90672],[110.40843,21.91052],[110.39568,21.91594],[110.4137,21.93818],[110.43754,21.94131],[110.34847,21.97902],[110.3461,22.09962],[110.3616,22.09952],[110.36056,22.12691],[110.32193,22.16322],[110.34388,22.19874],[110.3855,22.17046],[110.41367,22.21175],[110.48726,22.14512],[110.52629,22.15777],[110.55472,22.19926],[110.59695,22.18635],[110.5962,22.16171],[110.62513,22.15194],[110.67493,22.1766]]]}},{"type":"Feature","id":"CTAMAP-2016-COUNTY-0743","properties":{"map_level":"county","source_name":"怀集县","source_code":"441224","county_type":"县","prefecture_name":"肇庆市","prefecture_code":"441200","prefecture_type":"地级市","parent_entity_id":"CNUR-000205","parent_year_end_name":"肇庆市","province_name":"广东省","province_code":"440000","snapshot_year":2016,"panel_year":2015,"link_status":"parent_linked","former_name":"","note":""},"geometry":{"type":"Polygon","coordinates":[[[112.36839,24.34971],[112.41594,24.28854],[112.44276,24.28768],[112.45226,24.24247],[112.42468,24.13029],[112.48072,24.11797],[112.51396,24.01987],[112.50328,24.01178],[112.51094,23.97931],[112.47097,23.93421],[112.38098,23.89854],[112.36258,23.84101],[112.33521,23.82335],[112.34327,23.76108],[112.29222,23.77339],[112.24441,23.73439],[112.23056,23.78217],[112.20856,23.78156],[112.19535,23.7175],[112.13806,23.69788],[112.13997,23.66592],[112.12445,23.6561],[112.13589,23.62113],[112.16446,23.60344],[112.15587,23.57874],[112.13956,23.57824],[112.13842,23.5577],[112.09891,23.52365],[112.07265,23.52503],[112.05439,23.48161],[112.01845,23.48582],[111.98469,23.45899],[111.99472,23.47831],[111.96526,23.48115],[111.97785,23.49461],[111.9546,23.56974],[111.97446,23.62459],[111.96786,23.65],[111.93842,23.65481],[111.92586,23.68393],[111.88851,23.69042],[111.87792,23.71637],[111.93981,23.8005],[111.9699,23.91774],[111.96149,23.93416],[111.98252,23.96742],[111.97495,23.97999],[111.95355,23.96615],[111.92525,23.97751],[111.93685,23.98724],[111.87355,24.11275],[111.88394,24.16539],[111.8654,24.18371],[111.87213,24.23004],[111.90798,24.22416],[111.91839,24.23889],[111.95104,24.23948],[111.99166,24.18969],[112.03889,24.19191],[112.03588,24.21775],[112.07023,24.26348],[112.15925,24.18794],[112.20779,24.22368],[112.21256,24.24739],[112.24587,24.24775],[112.25128,24.32385],[112.28744,24.32975],[112.28605,24.39168],[112.36839,24.34971]]]}},{"type":"Feature","id":"CTAMAP-2016-COUNTY-0768","properties":{"map_level":"county","source_name":"黄埔区","source_code":"440112","county_type":"市辖区","prefecture_name":"广州市","prefecture_code":"440100","prefecture_type":"地级市","parent_entity_id":"CNUR-000196","parent_year_end_name":"广州市","province_name":"广东省","province_code":"440000","snapshot_year":2016,"panel_year":2015,"link_status":"parent_linked","former_name":"","note":"2014年萝岗区并入黄埔区"},"geometry":{"type":"Polygon","coordinates":[[[113.4919,23.41449],[113.58414,23.35175],[113.58548,23.32258],[113.60387,23.31389],[113.5853,23.31553],[113.59835,23.24598],[113.57152,23.23407],[113.57617,23.18542],[113.54172,23.16676],[113.54459,23.11049],[113.56538,23.08683],[113.54265,23.07781],[113.51226,23.02903],[113.46764,23.07577],[113.39446,23.07099],[113.43852,23.13577],[113.3955,23.21414],[113.40403,23.24829],[113.42216,23.24172],[113.43314,23.27021],[113.43643,23.24879],[113.46622,23.24475],[113.50146,23.27139],[113.48977,23.2893],[113.50139,23.31924],[113.45781,23.33964],[113.47169,23.35847],[113.46335,23.39802],[113.4919,23.41449]]]}},{"type":"Feature","id":"CTAMAP-2016-COUNTY-0791","properties":{"map_level":"county","source_name":"惠城区","source_code":"441302","county_type":"市辖区","prefecture_name":"惠州市","prefecture_code":"441300","prefecture_type":"地级市","parent_entity_id":"CNUR-000206","parent_year_end_name":"惠州市","province_name":"广东省","province_code":"440000","snapshot_year":2016,"panel_year":2015,"link_status":"parent_linked","former_name":"","note":""},"geometry":{"type":"Polygon","coordinates":[[[114.77852,23.22717],[114.7236,23.22903],[114.64258,23.13225],[114.57403,23.13258],[114.56989,23.09327],[114.53397,23.06441],[114.53327,23.02537],[114.49414,23.0024],[114.50261,22.98849],[114.4573,22.94892],[114.40689,22.96483],[114.39509,23.00089],[114.35488,23.01925],[114.3055,22.98571],[114.31586,22.9678],[114.29447,22.9827],[114.27439,22.97615],[114.22541,22.91736],[114.20546,22.94422],[114.21895,22.96657],[114.21035,22.98923],[114.17866,22.99844],[114.15457,22.98228],[114.11906,22.99725],[114.13425,23.02652],[114.14593,23.02278],[114.12267,23.05099],[114.15096,23.08523],[114.22051,23.12043],[114.29167,23.12469],[114.35694,23.20652],[114.4209,23.20292],[114.47404,23.26657],[114.50068,23.24733],[114.56697,23.27013],[114.51639,23.32801],[114.49801,23.32421],[114.50568,23.36388],[114.5427,23.39987],[114.5741,23.3788],[114.59532,23.38887],[114.60161,23.41303],[114.64604,23.39938],[114.64781,23.41487],[114.70286,23.40743],[114.68864,23.39676],[114.69569,23.37037],[114.71503,23.36181],[114.72297,23.33431],[114.77792,23.304],[114.76389,23.28208],[114.78707,23.25249],[114.77852,23.22717]]]}},{"type":"Feature","id":"CTAMAP-2016-COUNTY-0792","properties":{"map_level":"county","source_name":"惠东县","source_code":"441323","county_type":"县","prefecture_name":"惠州市","prefecture_code":"441300","prefecture_type":"地级市","parent_entity_id":"CNUR-000206","parent_year_end_name":"惠州市","province_name":"广东省","province_code":"440000","snapshot_year":2016,"panel_year":2015,"link_status":"parent_linked","former_name":"","note":""},"geometry":{"type":"MultiPolygon","coordinates":[[[[115.3984,23.2526],[115.42164,23.23756],[115.3375,23.19668],[115.31764,23.16401],[115.27886,23.15989],[115.28545,23.09822],[115.17221,23.03993],[115.13995,22.99633],[115.07996,23.01034],[114.99295,22.94133],[114.91841,22.91482],[114.93677,22.88033],[114.92394,22.85017],[114.94554,22.83776],[114.93992,22.81225],[114.9957,22.77614],[114.99048,22.75654],[115.01979,22.7061],[114.97555,22.68826],[114.95082,22.70737],[114.95307,22.73663],[114.93625,22.75148],[114.90397,22.74915],[114.88078,22.76764],[114.86754,22.75873],[114.88511,22.74431],[114.87806,22.7281],[114.91785,22.72473],[114.96552,22.69315],[114.96854,22.67874],[114.90435,22.60703],[114.91346,22.55623],[114.88217,22.54507],[114.89224,22.57862],[114.86482,22.60053],[114.75493,22.58923],[114.73661,22.6055],[114.7432,22.74342],[114.82534,22.79389],[114.795,22.82781],[114.78348,22.81665],[114.77054,22.83269],[114.7741,22.79802],[114.74476,22.77771],[114.70169,22.7935],[114.6769,22.83515],[114.59438,22.81351],[114.59656,22.84276],[114.57642,22.8591],[114.58241,22.89209],[114.55659,22.91726],[114.58128,22.94269],[114.60662,22.93165],[114.6119,22.99018],[114.63846,23.00041],[114.61596,23.01544],[114.63708,23.04148],[114.61309,23.1306],[114.64365,23.13281],[114.65083,23.15554],[114.68236,23.16925],[114.69101,23.20323],[114.73662,23.23379],[114.77852,23.22717],[114.84761,23.1689],[114.8645,23.19161],[114.85532,23.21377],[114.90629,23.27696],[114.90838,23.34162],[114.93537,23.35184],[114.98371,23.297],[115.00481,23.33406],[115.0507,23.32368],[115.11586,23.37112],[115.14323,23.36336],[115.17215,23.3836],[115.26239,23.38405],[115.30293,23.36263],[115.30453,23.3113],[115.3299,23.32493],[115.38947,23.29094],[115.3984,23.2526]]],[[[114.94642,22.73157],[114.94554,22.71132],[114.92879,22.72119],[114.93314,22.73405],[114.94642,22.73157]]],[[[114.83661,22.51549],[114.84959,22.51271],[114.83587,22.50585],[114.83661,22.51549]]],[[[114.72093,22.58901],[114.71531,22.58335],[114.71753,22.5915],[114.72093,22.58901]]]]}},{"type":"Feature","id":"CTAMAP-2016-COUNTY-0794","properties":{"map_level":"county","source_name":"惠来县","source_code":"445224","county_type":"县","prefecture_name":"揭阳市","prefecture_code":"445200","prefecture_type":"地级市","parent_entity_id":"CNUR-000215","parent_year_end_name":"揭阳市","province_name":"广东省","province_code":"440000","snapshot_year":2016,"panel_year":2015,"link_status":"parent_linked","former_name":"","note":""},"geometry":{"type":"Polygon","coordinates":[[[116.21593,23.14728],[116.28817,23.10088],[116.32418,23.10277],[116.34166,23.06091],[116.37576,23.04234],[116.46999,23.10674],[116.53651,23.1039],[116.5553,23.08765],[116.54667,23.05711],[116.56425,23.01937],[116.54594,22.99751],[116.52162,22.99821],[116.49651,22.93871],[116.45743,22.9494],[116.38076,22.92887],[116.32138,22.96165],[116.29511,22.95989],[116.2203,22.91939],[116.17594,22.92669],[116.15163,22.88894],[116.13068,22.90209],[116.10128,22.89263],[116.00544,22.94876],[115.97824,22.92793],[115.96117,22.94854],[115.97261,22.97396],[115.96261,22.95182],[115.93691,22.96242],[115.95483,23.02402],[115.93354,23.00878],[115.91796,23.02668],[115.94642,23.02726],[115.96183,23.04975],[115.9309,23.07173],[115.91913,23.11271],[115.97361,23.09777],[116.01529,23.12239],[116.04478,23.09841],[116.0631,23.18124],[116.10836,23.17519],[116.13381,23.14046],[116.14801,23.17391],[116.17093,23.16554],[116.19507,23.18024],[116.21593,23.14728]]]}},{"type":"Feature","id":"CTAMAP-2016-COUNTY-0799","properties":{"map_level":"county","source_name":"惠阳区","source_code":"441303","county_type":"市辖区","prefecture_name":"惠州市","prefecture_code":"441300","prefecture_type":"地级市","parent_entity_id":"CNUR-000206","parent_year_end_name":"惠州市","province_name":"广东省","province_code":"440000","snapshot_year":2016,"panel_year":2015,"link_status":"parent_linked","former_name":"惠阳市","note":"2003年撤销惠阳市，设立惠阳区"},"geometry":{"type":"MultiPolygon","coordinates":[[[[114.61356,23.13104],[114.63708,23.04148],[114.61596,23.01544],[114.63846,23.00041],[114.6119,22.99018],[114.60662,22.93165],[114.58128,22.94269],[114.55659,22.91726],[114.58241,22.89209],[114.57642,22.8591],[114.59656,22.84276],[114.59438,22.81351],[114.6769,22.83515],[114.70195,22.79848],[114.68719,22.78025],[114.58294,22.72684],[114.55624,22.72828],[114.5752,22.69192],[114.53563,22.71377],[114.54017,22.68791],[114.51184,22.68367],[114.50859,22.66599],[114.42707,22.66359],[114.44008,22.69462],[114.39918,22.72475],[114.41795,22.76312],[114.40236,22.78155],[114.38372,22.75952],[114.35094,22.7677],[114.34315,22.81177],[114.27947,22.81215],[114.25615,22.78451],[114.22926,22.79619],[114.22625,22.88285],[114.2555,22.90273],[114.23071,22.91933],[114.2668,22.97063],[114.29447,22.9827],[114.31586,22.9678],[114.30654,22.98699],[114.36705,23.01978],[114.37378,23.0017],[114.39509,23.00089],[114.40689,22.96483],[114.4573,22.94892],[114.50261,22.98849],[114.49414,23.0024],[114.53327,23.02537],[114.53397,23.06441],[114.56989,23.09327],[114.56726,23.12587],[114.58338,23.13782],[114.61356,23.13104]]],[[[114.61597,22.46871],[114.65136,22.46539],[114.62453,22.45187],[114.61597,22.46871]]],[[[114.63943,22.5888],[114.65175,22.57732],[114.65395,22.56385],[114.63721,22.5762],[114.63943,22.5888]]],[[[114.64539,22.4443],[114.65109,22.43712],[114.63782,22.43177],[114.64539,22.4443]]],[[[114.58898,22.71745],[114.58344,22.70797],[114.58018,22.71752],[114.58898,22.71745]]],[[[114.60607,22.67476],[114.61326,22.67127],[114.60109,22.66378],[114.60607,22.67476]]],[[[114.6488,22.67211],[114.64348,22.66789],[114.64646,22.67749],[114.6488,22.67211]]],[[[114.6493,22.66641],[114.64487,22.66046],[114.64599,22.66686],[114.6493,22.66641]]]]}},{"type":"Feature","id":"CTAMAP-2016-COUNTY-0874","properties":{"map_level":"county","source_name":"江城区","source_code":"441702","county_type":"市辖区","prefecture_name":"阳江市","prefecture_code":"441700","prefecture_type":"地级市","parent_entity_id":"CNUR-000210","parent_year_end_name":"阳江市","province_name":"广东省","province_code":"440000","snapshot_year":2016,"panel_year":2015,"link_status":"parent_linked","former_name":"","note":""},"geometry":{"type":"MultiPolygon","coordinates":[[[[112.02051,21.78956],[112.05392,21.77503],[111.95596,21.72767],[111.97139,21.74928],[111.89165,21.6917],[111.83512,21.68588],[111.83057,21.67382],[111.81936,21.69688],[111.83601,21.7086],[111.83734,21.71952],[111.81898,21.70039],[111.81088,21.71255],[111.83699,21.73274],[111.82041,21.74239],[111.84182,21.75079],[111.79923,21.73411],[111.80586,21.76419],[111.79428,21.75394],[111.78923,21.76466],[111.81297,21.81256],[111.80571,21.82911],[111.74735,21.86412],[111.72853,21.90363],[111.7118,21.90464],[111.7163,21.91873],[111.73701,21.94469],[111.78281,21.9491],[111.79421,21.96584],[111.94307,21.90575],[111.99459,21.93473],[112.0107,21.96178],[112.02747,21.95924],[111.9928,21.8711],[112.02051,21.78956]]],[[[111.92033,21.66599],[111.93891,21.64463],[111.98905,21.65697],[112.01921,21.63679],[111.96466,21.6068],[111.91329,21.60581],[111.86026,21.56261],[111.84883,21.57253],[111.80583,21.55865],[111.85286,21.61116],[111.84831,21.63642],[111.83317,21.64038],[111.84713,21.65767],[111.87882,21.64335],[111.92033,21.66599]]],[[[112.17704,21.54889],[112.18507,21.55276],[112.19941,21.55205],[112.17704,21.54889]]],[[[112.1246,21.6436],[112.11287,21.644],[112.12292,21.64739],[112.1246,21.6436]]],[[[111.81958,21.72561],[111.81161,21.72308],[111.81792,21.73372],[111.81958,21.72561]]],[[[112.14268,21.60779],[112.13623,21.60517],[112.13887,21.61565],[112.14268,21.60779]]]]}},{"type":"Feature","id":"CTAMAP-2016-COUNTY-0879","properties":{"map_level":"county","source_name":"江海区","source_code":"440704","county_type":"市辖区","prefecture_name":"江门市","prefecture_code":"440700","prefecture_type":"地级市","parent_entity_id":"CNUR-000202","parent_year_end_name":"江门市","province_name":"广东省","province_code":"440000","snapshot_year":2016,"panel_year":2015,"link_status":"parent_linked","former_name":"","note":""},"geometry":{"type":"Polygon","coordinates":[[[113.16278,22.60248],[113.18278,22.55977],[113.17245,22.52944],[113.08036,22.48598],[113.07011,22.56503],[113.09873,22.60052],[113.16278,22.60248]]]}},{"type":"Feature","id":"CTAMAP-2016-COUNTY-0905","properties":{"map_level":"county","source_name":"蕉岭县","source_code":"441427","county_type":"县","prefecture_name":"梅州市","prefecture_code":"441400","prefecture_type":"地级市","parent_entity_id":"CNUR-000207","parent_year_end_name":"梅州市","province_name":"广东省","province_code":"440000","snapshot_year":2016,"panel_year":2015,"link_status":"parent_linked","former_name":"","note":""},"geometry":{"type":"Polygon","coordinates":[[[116.39004,24.88053],[116.3889,24.86137],[116.41423,24.84342],[116.3732,24.82573],[116.37076,24.76953],[116.3497,24.76647],[116.35673,24.74798],[116.32005,24.72251],[116.32222,24.67618],[116.2788,24.6352],[116.30288,24.62407],[116.30402,24.58879],[116.28335,24.56109],[116.18313,24.57212],[116.187,24.52751],[116.1587,24.49262],[116.17102,24.4745],[116.14376,24.46675],[116.12515,24.42453],[116.09992,24.47558],[116.03797,24.49687],[116.02227,24.53287],[116.05132,24.55629],[116.02185,24.61498],[116.04792,24.64379],[116.03922,24.6762],[116.08628,24.69762],[116.08379,24.72643],[116.09973,24.72339],[116.11699,24.75233],[116.09285,24.79117],[116.07386,24.79528],[116.08513,24.80484],[116.06986,24.81661],[116.07325,24.83659],[116.09356,24.85406],[116.1483,24.84748],[116.18702,24.88136],[116.21725,24.83282],[116.24313,24.83452],[116.22707,24.80268],[116.2443,24.79539],[116.33804,24.82956],[116.35716,24.87188],[116.39004,24.88053]]]}},{"type":"Feature","id":"CTAMAP-2016-COUNTY-0906","properties":{"map_level":"county","source_name":"揭东区","source_code":"445203","county_type":"市辖区","prefecture_name":"揭阳市","prefecture_code":"445200","prefecture_type":"地级市","parent_entity_id":"CNUR-000215","parent_year_end_name":"揭阳市","province_name":"广东省","province_code":"440000","snapshot_year":2016,"panel_year":2015,"link_status":"parent_linked","former_name":"揭东县","note":"2012年撤销揭东县，设立揭东区"},"geometry":{"type":"Polygon","coordinates":[[[116.31718,23.77692],[116.43723,23.67145],[116.50959,23.65729],[116.528,23.5823],[116.4914,23.5684],[116.4905,23.5536],[116.4657,23.5642],[116.4487,23.5393],[116.39043,23.56591],[116.38571,23.59252],[116.35042,23.59694],[116.32447,23.57893],[116.3407,23.5689],[116.3372,23.5467],[116.27909,23.53873],[116.25661,23.51928],[116.20607,23.52821],[116.16858,23.51411],[116.09382,23.54459],[116.11445,23.58622],[116.10984,23.61985],[116.16179,23.62005],[116.18423,23.64018],[116.17474,23.68643],[116.19966,23.69487],[116.2183,23.7276],[116.22965,23.72102],[116.26654,23.75959],[116.31718,23.77692]]]}},{"type":"Feature","id":"CTAMAP-2016-COUNTY-0907","properties":{"map_level":"county","source_name":"揭西县","source_code":"445222","county_type":"县","prefecture_name":"揭阳市","prefecture_code":"445200","prefecture_type":"地级市","parent_entity_id":"CNUR-000215","parent_year_end_name":"揭阳市","province_name":"广东省","province_code":"440000","snapshot_year":2016,"panel_year":2015,"link_status":"parent_linked","former_name":"","note":""},"geometry":{"type":"Polygon","coordinates":[[[116.10984,23.61985],[116.11445,23.58622],[116.09382,23.54459],[116.15685,23.52685],[116.16858,23.51411],[116.15942,23.49937],[116.18594,23.48493],[116.15434,23.46291],[116.16356,23.45204],[116.14593,23.44679],[116.15123,23.4287],[116.1207,23.4256],[116.10112,23.39192],[116.08759,23.40281],[116.08232,23.38278],[116.04885,23.36976],[116.0,23.38501],[115.98078,23.35719],[115.95206,23.38821],[115.92579,23.38991],[115.92601,23.37224],[115.89591,23.36885],[115.8581,23.31399],[115.82079,23.33004],[115.76908,23.38607],[115.67053,23.35758],[115.66336,23.38523],[115.67924,23.40916],[115.60191,23.47461],[115.61642,23.51035],[115.68075,23.56008],[115.71991,23.51617],[115.74518,23.53021],[115.78073,23.5191],[115.8092,23.58044],[115.79244,23.59816],[115.806,23.60438],[115.79635,23.62257],[115.83789,23.66486],[115.89767,23.62181],[115.98136,23.67945],[116.00151,23.67797],[116.01609,23.64691],[116.06312,23.64749],[116.10984,23.61985]]]}},{"type":"Feature","id":"CTAMAP-2016-COUNTY-0922","properties":{"map_level":"county","source_name":"金平区","source_code":"440511","county_type":"市辖区","prefecture_name":"汕头市","prefecture_code":"440500","prefecture_type":"地级市","parent_entity_id":"CNUR-000200","parent_year_end_name":"汕头市","province_name":"广东省","province_code":"440000","snapshot_year":2016,"panel_year":2015,"link_status":"parent_linked","former_name":"升平区","note":"2003年撤销升平区，设立金平区"},"geometry":{"type":"Polygon","coordinates":[[[116.62565,23.43147],[116.69793,23.43937],[116.69713,23.40606],[116.72023,23.39422],[116.70268,23.38662],[116.7115,23.3389],[116.67494,23.34762],[116.63758,23.33171],[116.61066,23.34597],[116.59555,23.34168],[116.59561,23.32282],[116.56759,23.32706],[116.5774,23.35139],[116.56456,23.39034],[116.58718,23.42925],[116.57631,23.46475],[116.62565,23.43147]]]}},{"type":"Feature","id":"CTAMAP-2016-COUNTY-0929","properties":{"map_level":"county","source_name":"金湾区","source_code":"440404","county_type":"市辖区","prefecture_name":"珠海市","prefecture_code":"440400","prefecture_type":"地级市","parent_entity_id":"CNUR-000199","parent_year_end_name":"珠海市","province_name":"广东省","province_code":"440000","snapshot_year":2016,"panel_year":2015,"link_status":"parent_linked","former_name":"","note":""},"geometry":{"type":"MultiPolygon","coordinates":[[[[113.36222,22.15305],[113.37751,22.09211],[113.39706,22.09476],[113.41515,22.06841],[113.39016,22.02923],[113.40613,22.00824],[113.36204,21.98887],[113.3446,22.00701],[113.29852,22.00538],[113.27758,22.06822],[113.2609,22.0833],[113.26938,22.04256],[113.23859,22.02136],[113.26301,21.95394],[113.29537,21.9206],[113.26175,21.87468],[113.21883,21.9025],[113.21472,21.92364],[113.23278,21.94575],[113.20433,21.93602],[113.21591,21.96385],[113.1967,21.95128],[113.15406,21.98975],[113.10373,22.09105],[113.19657,22.13449],[113.20134,22.15163],[113.24062,22.15355],[113.22386,22.13164],[113.23466,22.09981],[113.21422,22.11965],[113.20404,22.11096],[113.23002,22.08271],[113.29664,22.14128],[113.3285,22.13623],[113.36222,22.15305]]],[[[113.42273,22.16921],[113.37819,22.13347],[113.36462,22.15408],[113.41535,22.18946],[113.42273,22.16921]]],[[[113.13348,21.87322],[113.17378,21.86291],[113.19874,21.86954],[113.1364,21.83703],[113.13348,21.87322]]],[[[113.12124,21.90004],[113.13312,21.93258],[113.14461,21.94004],[113.1507,21.92301],[113.12124,21.90004]]],[[[113.44972,22.07627],[113.44183,22.06342],[113.43546,22.06204],[113.44972,22.07627]]],[[[113.16882,21.95589],[113.16087,21.94773],[113.16091,21.95601],[113.16882,21.95589]]],[[[113.43323,22.08039],[113.4272,22.08014],[113.43486,22.08208],[113.43323,22.08039]]]]}},{"type":"Feature","id":"CTAMAP-2016-COUNTY-1003","properties":{"map_level":"county","source_name":"开平市","source_code":"440783","county_type":"县级市","prefecture_name":"江门市","prefecture_code":"440700","prefecture_type":"地级市","parent_entity_id":"CNUR-000202","parent_year_end_name":"江门市","province_name":"广东省","province_code":"440000","snapshot_year":2016,"panel_year":2015,"link_status":"parent_linked","former_name":"","note":""},"geometry":{"type":"Polygon","coordinates":[[[112.51669,22.60995],[112.52467,22.58086],[112.60408,22.55444],[112.59622,22.60309],[112.68995,22.58031],[112.7099,22.60114],[112.71118,22.57718],[112.74533,22.53404],[112.74367,22.47817],[112.79144,22.47789],[112.81265,22.44757],[112.79838,22.42919],[112.75112,22.43996],[112.75673,22.40993],[112.72987,22.37179],[112.73557,22.3502],[112.68243,22.33292],[112.67017,22.31133],[112.6699,22.35304],[112.6457,22.35915],[112.6359,22.34824],[112.65128,22.30339],[112.57274,22.28473],[112.56315,22.25577],[112.58868,22.24607],[112.5722,22.19379],[112.59988,22.18688],[112.59874,22.15669],[112.63021,22.14355],[112.61899,22.10867],[112.58195,22.07591],[112.59205,22.05204],[112.62787,22.03604],[112.60294,21.97349],[112.5244,22.01237],[112.50777,22.04241],[112.51268,22.01618],[112.48681,22.01422],[112.47471,22.04815],[112.49108,22.08844],[112.45809,22.11488],[112.40431,22.10418],[112.41172,22.12098],[112.39666,22.12568],[112.42725,22.22149],[112.48726,22.25215],[112.47728,22.34065],[112.52156,22.35137],[112.52173,22.40918],[112.45465,22.42714],[112.45767,22.44715],[112.43824,22.46919],[112.39407,22.49505],[112.38,22.49506],[112.29491,22.3911],[112.23055,22.4294],[112.25719,22.48359],[112.25332,22.506],[112.29923,22.52243],[112.30383,22.57535],[112.32503,22.57112],[112.31807,22.55725],[112.33119,22.54823],[112.35916,22.55243],[112.33735,22.56702],[112.36996,22.5551],[112.3729,22.59583],[112.40129,22.6212],[112.39502,22.63803],[112.4143,22.66679],[112.43023,22.66408],[112.43029,22.62267],[112.46041,22.58803],[112.51669,22.60995]]]}},{"type":"Feature","id":"CTAMAP-2016-COUNTY-1073","properties":{"map_level":"county","source_name":"乐昌市","source_code":"440281","county_type":"县级市","prefecture_name":"韶关市","prefecture_code":"440200","prefecture_type":"地级市","parent_entity_id":"CNUR-000197","parent_year_end_name":"韶关市","province_name":"广东省","province_code":"440000","snapshot_year":2016,"panel_year":2015,"link_status":"parent_linked","former_name":"","note":""},"geometry":{"type":"Polygon","coordinates":[[[113.30016,25.51776],[113.30699,25.44646],[113.35534,25.44029],[113.36665,25.40787],[113.41173,25.40149],[113.43894,25.36257],[113.4776,25.38088],[113.51106,25.3727],[113.51443,25.3569],[113.53351,25.37213],[113.5751,25.34806],[113.54111,25.25987],[113.53374,25.17785],[113.50738,25.15261],[113.5199,25.09766],[113.44686,25.06519],[113.43635,25.03276],[113.42119,25.04922],[113.40896,25.03419],[113.3767,25.04082],[113.35459,25.01933],[113.32203,25.03154],[113.29403,25.02268],[113.26733,25.04609],[113.26325,25.07668],[113.2317,25.05858],[113.20167,25.06469],[113.18844,25.08683],[113.20008,25.11025],[113.16658,25.1491],[113.1351,25.08201],[113.07945,25.07516],[113.08987,25.016],[113.0756,24.99445],[113.05506,24.98104],[113.03744,24.99198],[113.01793,24.96276],[113.00241,24.96408],[113.00438,24.9851],[112.97254,25.02904],[113.0106,25.08459],[112.95999,25.14727],[112.96538,25.1681],[113.03111,25.20919],[113.01359,25.21133],[112.99,25.24957],[112.95107,25.25716],[112.89668,25.24088],[112.863,25.2518],[112.87026,25.27682],[112.85123,25.29205],[112.84677,25.33909],[112.86554,25.32953],[112.88739,25.34322],[112.89759,25.31189],[112.91916,25.29923],[112.96229,25.36095],[113.01897,25.34799],[113.02849,25.37018],[113.07552,25.38632],[113.08623,25.41998],[113.12725,25.4177],[113.112,25.44916],[113.14705,25.47096],[113.13465,25.47295],[113.14404,25.49462],[113.17412,25.47151],[113.2211,25.51354],[113.2408,25.51946],[113.27791,25.49679],[113.28541,25.51982],[113.30016,25.51776]]]}},{"type":"Feature","id":"CTAMAP-2016-COUNTY-1084","properties":{"map_level":"county","source_name":"雷州市","source_code":"440882","county_type":"县级市","prefecture_name":"湛江市","prefecture_code":"440800","prefecture_type":"地级市","parent_entity_id":"CNUR-000203","parent_year_end_name":"湛江市","province_name":"广东省","province_code":"440000","snapshot_year":2016,"panel_year":2015,"link_status":"parent_linked","former_name":"","note":""},"geometry":{"type":"MultiPolygon","coordinates":[[[[110.11692,21.01696],[110.14831,21.00672],[110.16799,20.97528],[110.16314,20.92093],[110.19279,20.85728],[110.18425,20.84282],[110.22857,20.85601],[110.26363,20.83848],[110.32345,20.84793],[110.38076,20.82239],[110.38747,20.72126],[110.37417,20.70721],[110.35573,20.71422],[110.32959,20.78081],[110.32298,20.78013],[110.33128,20.75084],[110.30538,20.73453],[110.32822,20.74134],[110.33471,20.70356],[110.29743,20.68571],[110.30309,20.6687],[110.28932,20.65959],[110.30036,20.65397],[110.32442,20.68009],[110.33643,20.66688],[110.31292,20.61012],[110.27938,20.60126],[110.25955,20.56968],[110.25628,20.58301],[110.24613,20.56869],[110.20645,20.57101],[110.19576,20.54401],[110.16943,20.53076],[110.13182,20.5345],[110.11701,20.56468],[110.10331,20.55686],[110.09918,20.54],[110.1146,20.52832],[110.07372,20.50906],[110.08893,20.50479],[110.08186,20.47529],[110.09723,20.46197],[110.0633,20.42925],[110.0347,20.44369],[110.01002,20.42659],[109.99168,20.44745],[109.97942,20.43828],[109.97279,20.47235],[109.94509,20.43854],[109.93648,20.4966],[109.91886,20.43623],[109.89975,20.49209],[109.82207,20.51237],[109.8122,20.54312],[109.82806,20.54518],[109.841,20.55329],[109.83379,20.5638],[109.82884,20.54911],[109.82444,20.58523],[109.79443,20.62923],[109.74199,20.63377],[109.7477,20.67767],[109.77402,20.6952],[109.79463,20.68057],[109.82687,20.71019],[109.79817,20.71392],[109.79438,20.68605],[109.74851,20.73823],[109.75972,20.80597],[109.7261,20.80722],[109.72698,20.79348],[109.67965,20.85944],[109.66907,20.95774],[109.68083,20.95478],[109.69035,21.0129],[109.69611,20.99805],[109.7224,21.01282],[109.76637,20.99994],[109.83565,21.0567],[109.8723,21.02618],[109.8597,21.06844],[109.87909,21.08483],[109.86701,21.11393],[109.88292,21.11284],[109.91121,21.17665],[109.935,21.18153],[109.95955,21.16745],[110.00494,21.18173],[110.03526,21.16649],[110.07114,21.10103],[110.04936,21.07339],[110.04865,21.03817],[110.09958,21.0421],[110.11692,21.01696]]],[[[109.73868,20.798],[109.73957,20.7807],[109.75068,20.76362],[109.73508,20.78186],[109.73868,20.798]]]]}},{"type":"Feature","id":"CTAMAP-2016-COUNTY-1115","properties":{"map_level":"county","source_name":"荔湾区","source_code":"440103","county_type":"市辖区","prefecture_name":"广州市","prefecture_code":"440100","prefecture_type":"地级市","parent_entity_id":"CNUR-000196","parent_year_end_name":"广州市","province_name":"广东省","province_code":"440000","snapshot_year":2016,"panel_year":2015,"link_status":"parent_linked","former_name":"","note":""},"geometry":{"type":"Polygon","coordinates":[[[113.24908,23.10983],[113.23676,23.10596],[113.27187,23.05739],[113.2138,23.04469],[113.17274,23.07011],[113.21044,23.09887],[113.19895,23.11946],[113.21035,23.15246],[113.22155,23.14006],[113.23754,23.16226],[113.24908,23.10983]]]}},{"type":"Feature","id":"CTAMAP-2016-COUNTY-1120","properties":{"map_level":"county","source_name":"连南瑶族自治县","source_code":"441826","county_type":"自治县","prefecture_name":"清远市","prefecture_code":"441800","prefecture_type":"地级市","parent_entity_id":"CNUR-000211","parent_year_end_name":"清远市","province_name":"广东省","province_code":"440000","snapshot_year":2016,"panel_year":2015,"link_status":"parent_linked","former_name":"","note":""},"geometry":{"type":"Polygon","coordinates":[[[112.38765,24.62239],[112.36517,24.50065],[112.38148,24.49773],[112.37393,24.47704],[112.39109,24.45973],[112.43806,24.47175],[112.4219,24.42694],[112.44791,24.41706],[112.46278,24.44415],[112.46236,24.4146],[112.48172,24.41475],[112.48197,24.39306],[112.45541,24.38355],[112.47089,24.34594],[112.43075,24.38451],[112.40942,24.30649],[112.36839,24.34971],[112.28908,24.39147],[112.28938,24.33798],[112.27397,24.32424],[112.22289,24.35473],[112.19419,24.40125],[112.16279,24.37036],[112.13843,24.3749],[112.13381,24.39144],[112.15076,24.39517],[112.11239,24.42614],[112.10702,24.47947],[112.05028,24.54777],[112.0888,24.53959],[112.11621,24.55378],[112.11012,24.60214],[112.12738,24.656],[112.16169,24.65077],[112.20983,24.69702],[112.22761,24.68663],[112.2683,24.70918],[112.23796,24.74595],[112.17641,24.77174],[112.19109,24.79457],[112.15359,24.82862],[112.16961,24.92946],[112.20606,24.92625],[112.25749,24.8866],[112.27016,24.85481],[112.25787,24.84418],[112.27402,24.83708],[112.25676,24.82058],[112.26829,24.79052],[112.29453,24.77882],[112.28905,24.75127],[112.31423,24.71267],[112.31473,24.67794],[112.33836,24.68371],[112.32747,24.66269],[112.34408,24.62918],[112.37349,24.63563],[112.36912,24.61559],[112.38765,24.62239]]]}},{"type":"Feature","id":"CTAMAP-2016-COUNTY-1121","properties":{"map_level":"county","source_name":"连平县","source_code":"441623","county_type":"县","prefecture_name":"河源市","prefecture_code":"441600","prefecture_type":"地级市","parent_entity_id":"CNUR-000209","parent_year_end_name":"河源市","province_name":"广东省","province_code":"440000","snapshot_year":2016,"panel_year":2015,"link_status":"parent_linked","former_name":"","note":""},"geometry":{"type":"Polygon","coordinates":[[[114.38618,24.56556],[114.39756,24.50255],[114.42401,24.48772],[114.52402,24.56202],[114.58597,24.53934],[114.62124,24.57996],[114.65937,24.58669],[114.70584,24.52171],[114.68935,24.47564],[114.75042,24.42117],[114.73209,24.40721],[114.75242,24.35771],[114.74242,24.34646],[114.75667,24.33791],[114.74309,24.28665],[114.79334,24.27623],[114.80558,24.32796],[114.81935,24.2919],[114.8475,24.31668],[114.87703,24.28288],[114.91867,24.29774],[114.92803,24.25446],[114.88306,24.24029],[114.86472,24.1902],[114.857,24.21109],[114.842,24.2093],[114.82457,24.19682],[114.83062,24.18087],[114.78774,24.1519],[114.76991,24.16058],[114.73219,24.14537],[114.72057,24.11534],[114.66283,24.11497],[114.66197,24.13722],[114.62859,24.17169],[114.61615,24.15939],[114.64007,24.11699],[114.58937,24.0973],[114.55432,24.15443],[114.59214,24.16795],[114.58243,24.19371],[114.59526,24.21427],[114.55415,24.25021],[114.47096,24.16899],[114.45376,24.1708],[114.47906,24.12081],[114.4565,24.11605],[114.42673,24.13685],[114.42038,24.12004],[114.41465,24.14261],[114.36634,24.13413],[114.34631,24.14661],[114.32667,24.12711],[114.2858,24.17881],[114.29295,24.20562],[114.27115,24.21385],[114.24847,24.25569],[114.26981,24.26045],[114.24756,24.26731],[114.28861,24.35412],[114.24442,24.36297],[114.25108,24.40377],[114.23629,24.42573],[114.3085,24.48088],[114.26618,24.53307],[114.30621,24.56032],[114.30345,24.57636],[114.33554,24.58739],[114.34213,24.57655],[114.35192,24.5939],[114.34864,24.58302],[114.38618,24.56556]]]}},{"type":"Feature","id":"CTAMAP-2016-COUNTY-1123","properties":{"map_level":"county","source_name":"连山壮族瑶族自治县","source_code":"441825","county_type":"自治县","prefecture_name":"清远市","prefecture_code":"441800","prefecture_type":"地级市","parent_entity_id":"CNUR-000211","parent_year_end_name":"清远市","province_name":"广东省","province_code":"440000","snapshot_year":2016,"panel_year":2015,"link_status":"parent_linked","former_name":"","note":""},"geometry":{"type":"Polygon","coordinates":[[[112.2553,24.32639],[112.24587,24.24775],[112.21256,24.24739],[112.20779,24.22368],[112.15925,24.18794],[112.07023,24.26348],[112.03588,24.21775],[112.03889,24.19191],[111.99167,24.18968],[111.95982,24.23598],[111.93704,24.23879],[111.95304,24.26755],[111.9804,24.25951],[111.98645,24.28263],[112.02447,24.29928],[112.05383,24.34104],[112.05675,24.37351],[112.01856,24.44341],[111.9809,24.46732],[111.98146,24.48889],[112.00499,24.50361],[112.00121,24.53803],[111.92994,24.60292],[111.92277,24.63429],[111.9483,24.65123],[111.93139,24.68433],[111.95609,24.72474],[112.01205,24.73689],[112.03058,24.77791],[112.1225,24.84504],[112.16626,24.8483],[112.15363,24.82823],[112.19109,24.79457],[112.1813,24.76441],[112.23652,24.74689],[112.2683,24.70918],[112.22761,24.68663],[112.20983,24.69702],[112.16169,24.65077],[112.12738,24.656],[112.11012,24.60214],[112.11621,24.55378],[112.04906,24.53826],[112.10702,24.47947],[112.11239,24.42614],[112.1508,24.39508],[112.13381,24.39144],[112.13843,24.3749],[112.16279,24.37036],[112.19419,24.40125],[112.2553,24.32639]]]}},{"type":"Feature","id":"CTAMAP-2016-COUNTY-1124","properties":{"map_level":"county","source_name":"连州市","source_code":"441882","county_type":"县级市","prefecture_name":"清远市","prefecture_code":"441800","prefecture_type":"地级市","parent_entity_id":"CNUR-000211","parent_year_end_name":"清远市","province_name":"广东省","province_code":"440000","snapshot_year":2016,"panel_year":2015,"link_status":"parent_linked","former_name":"","note":""},"geometry":{"type":"Polygon","coordinates":[[[112.62605,25.14394],[112.70676,25.08603],[112.71016,25.02841],[112.73671,25.00033],[112.73742,24.9616],[112.77992,24.94463],[112.76425,24.87048],[112.69947,24.86304],[112.6856,24.79021],[112.64301,24.75699],[112.6484,24.72685],[112.59399,24.72788],[112.56338,24.67517],[112.43876,24.65683],[112.40046,24.61934],[112.36912,24.61559],[112.37349,24.63563],[112.34408,24.62918],[112.32747,24.66269],[112.33861,24.68327],[112.31473,24.67794],[112.31423,24.71267],[112.28905,24.75127],[112.29453,24.77882],[112.26829,24.79052],[112.25708,24.81954],[112.27402,24.83716],[112.25787,24.84418],[112.27016,24.85481],[112.25749,24.8866],[112.20606,24.92625],[112.1361,24.94072],[112.11445,24.96899],[112.11692,24.99432],[112.14873,25.03049],[112.18073,25.18644],[112.2414,25.18863],[112.25115,25.16426],[112.29666,25.15962],[112.30861,25.17853],[112.35683,25.19572],[112.38184,25.15329],[112.40582,25.14214],[112.43661,25.18966],[112.45235,25.15445],[112.54773,25.12661],[112.62605,25.14394]]]}},{"type":"Feature","id":"CTAMAP-2016-COUNTY-1131","properties":{"map_level":"county","source_name":"廉江市","source_code":"440881","county_type":"县级市","prefecture_name":"湛江市","prefecture_code":"440800","prefecture_type":"地级市","parent_entity_id":"CNUR-000203","parent_year_end_name":"湛江市","province_name":"广东省","province_code":"440000","snapshot_year":2016,"panel_year":2015,"link_status":"parent_linked","former_name":"","note":""},"geometry":{"type":"MultiPolygon","coordinates":[[[[110.38359,21.89292],[110.39036,21.85958],[110.35489,21.87212],[110.33595,21.83298],[110.34018,21.80292],[110.34364,21.81188],[110.35318,21.81806],[110.3605,21.80933],[110.34614,21.81211],[110.34197,21.80396],[110.37194,21.80964],[110.38377,21.79159],[110.34625,21.71446],[110.3761,21.6779],[110.40727,21.6835],[110.37781,21.66314],[110.40519,21.65283],[110.38811,21.63205],[110.40078,21.637],[110.40495,21.59181],[110.42269,21.60251],[110.43866,21.58955],[110.42025,21.57893],[110.42015,21.55942],[110.47256,21.55645],[110.47901,21.51783],[110.50491,21.50654],[110.50472,21.48196],[110.48669,21.4852],[110.47582,21.44395],[110.45006,21.44176],[110.44497,21.45543],[110.43111,21.42822],[110.41218,21.44227],[110.41487,21.42252],[110.38654,21.40499],[110.36438,21.43652],[110.32823,21.43047],[110.26464,21.47501],[110.27398,21.49717],[110.19284,21.50966],[110.17848,21.50126],[110.17807,21.47188],[110.19871,21.45854],[110.20647,21.42237],[110.1756,21.45697],[110.15384,21.44913],[110.13743,21.41661],[110.09798,21.44669],[109.95247,21.42046],[109.91279,21.44382],[109.92175,21.4697],[109.83005,21.45206],[109.7927,21.47043],[109.79333,21.53062],[109.76247,21.56034],[109.76743,21.56988],[109.77521,21.57079],[109.77759,21.57716],[109.74985,21.57457],[109.73952,21.60359],[109.76175,21.67016],[109.77365,21.673],[109.79676,21.62978],[109.80594,21.64789],[109.83532,21.63938],[109.89893,21.65562],[109.91162,21.67177],[109.90141,21.69653],[109.93772,21.74129],[109.92707,21.75488],[109.94084,21.8489],[109.98205,21.88195],[110.04908,21.85935],[110.09139,21.88852],[110.10339,21.87332],[110.1196,21.90526],[110.13489,21.88677],[110.19267,21.90253],[110.25227,21.88307],[110.27935,21.89492],[110.28605,21.9205],[110.33133,21.88982],[110.38359,21.89292]]],[[[110.39287,21.90885],[110.36839,21.9361],[110.37874,21.94745],[110.40837,21.95639],[110.43674,21.94302],[110.4132,21.93781],[110.39568,21.91594],[110.40843,21.91052],[110.39287,21.90885]]]]}},{"type":"Feature","id":"CTAMAP-2016-COUNTY-1212","properties":{"map_level":"county","source_name":"龙川县","source_code":"441622","county_type":"县","prefecture_name":"河源市","prefecture_code":"441600","prefecture_type":"地级市","parent_entity_id":"CNUR-000209","parent_year_end_name":"河源市","province_name":"广东省","province_code":"440000","snapshot_year":2016,"panel_year":2015,"link_status":"parent_linked","former_name":"","note":""},"geometry":{"type":"Polygon","coordinates":[[[115.5554,24.64566],[115.51508,24.63216],[115.50126,24.60568],[115.51016,24.57975],[115.47882,24.56601],[115.47824,24.54258],[115.48995,24.49703],[115.54884,24.4881],[115.54635,24.47126],[115.56827,24.48004],[115.5697,24.4628],[115.58915,24.46403],[115.56786,24.44051],[115.57788,24.40873],[115.54394,24.36134],[115.58789,24.24766],[115.56553,24.23801],[115.56597,24.20499],[115.5327,24.19243],[115.54197,24.1734],[115.50004,24.19117],[115.51679,24.14542],[115.50403,24.14208],[115.5287,24.1262],[115.52226,24.09905],[115.50681,24.1015],[115.49408,24.1337],[115.47735,24.12701],[115.47472,24.14572],[115.4346,24.12607],[115.44353,24.11145],[115.41269,24.07022],[115.44132,24.041],[115.44812,23.96948],[115.40351,23.9531],[115.38668,23.8833],[115.35568,23.84891],[115.32546,23.86309],[115.24192,23.95366],[115.201,23.93986],[115.16462,23.95264],[115.17737,23.97895],[115.13686,23.99817],[115.13605,24.01239],[115.16729,24.00173],[115.17336,24.01163],[115.11662,24.0691],[115.10742,24.11853],[115.06579,24.09759],[115.05402,24.11289],[115.07986,24.16857],[115.11569,24.18576],[115.15673,24.18178],[115.18056,24.20596],[115.21169,24.21035],[115.23421,24.23967],[115.23058,24.26498],[115.19107,24.273],[115.17353,24.33562],[115.20552,24.35613],[115.21155,24.40547],[115.24006,24.42467],[115.21856,24.46958],[115.23654,24.49397],[115.21585,24.5142],[115.2427,24.52129],[115.21034,24.55744],[115.24109,24.5728],[115.23817,24.58919],[115.27155,24.61611],[115.20401,24.66531],[115.18038,24.7109],[115.25455,24.73108],[115.27952,24.75824],[115.35548,24.73752],[115.3682,24.77717],[115.40524,24.79724],[115.46974,24.76655],[115.50325,24.71892],[115.5211,24.71987],[115.51581,24.70388],[115.55158,24.68659],[115.5554,24.64566]]]}},{"type":"Feature","id":"CTAMAP-2016-COUNTY-1214","properties":{"map_level":"county","source_name":"龙岗区","source_code":"440307","county_type":"市辖区","prefecture_name":"深圳市","prefecture_code":"440300","prefecture_type":"地级市","parent_entity_id":"CNUR-000198","parent_year_end_name":"深圳市","province_name":"广东省","province_code":"440000","snapshot_year":2016,"panel_year":2015,"link_status":"parent_linked","former_name":"","note":""},"geometry":{"type":"Polygon","coordinates":[[[114.22445,22.81173],[114.256,22.78451],[114.27947,22.81215],[114.34315,22.81177],[114.35094,22.7677],[114.38368,22.75953],[114.40236,22.78155],[114.41795,22.76312],[114.39918,22.72475],[114.44062,22.69203],[114.42299,22.67914],[114.42703,22.66361],[114.49986,22.67169],[114.50513,22.64591],[114.59554,22.65447],[114.57808,22.61872],[114.54005,22.59398],[114.50831,22.59295],[114.49879,22.5556],[114.54722,22.57039],[114.56543,22.5481],[114.60558,22.54454],[114.62131,22.50969],[114.55869,22.47809],[114.54089,22.48327],[114.5006,22.45099],[114.48171,22.47083],[114.48664,22.53548],[114.45918,22.56983],[114.4328,22.57706],[114.42616,22.60201],[114.38843,22.61476],[114.34619,22.6003],[114.33034,22.62865],[114.28569,22.62222],[114.26497,22.65667],[114.26053,22.62508],[114.23403,22.61763],[114.21442,22.58452],[114.18639,22.61876],[114.12648,22.58909],[114.05648,22.60208],[114.04915,22.66224],[114.06975,22.6771],[114.08342,22.6618],[114.09323,22.67054],[114.08833,22.70241],[114.11033,22.72563],[114.13897,22.71629],[114.16116,22.68371],[114.14839,22.66345],[114.17434,22.6597],[114.21079,22.73837],[114.17437,22.78189],[114.22445,22.81173]]]}},{"type":"Feature","id":"CTAMAP-2016-COUNTY-1217","properties":{"map_level":"county","source_name":"龙湖区","source_code":"440507","county_type":"市辖区","prefecture_name":"汕头市","prefecture_code":"440500","prefecture_type":"地级市","parent_entity_id":"CNUR-000200","parent_year_end_name":"汕头市","province_name":"广东省","province_code":"440000","snapshot_year":2016,"panel_year":2015,"link_status":"parent_linked","former_name":"","note":""},"geometry":{"type":"Polygon","coordinates":[[[116.7907,23.4369],[116.8174,23.3753],[116.777,23.325],[116.7115,23.3389],[116.70268,23.38662],[116.72023,23.39422],[116.69713,23.40606],[116.69758,23.45853],[116.71457,23.47306],[116.7907,23.4369]]]}},{"type":"Feature","id":"CTAMAP-2016-COUNTY-1225","properties":{"map_level":"county","source_name":"龙门县","source_code":"441324","county_type":"县","prefecture_name":"惠州市","prefecture_code":"441300","prefecture_type":"地级市","parent_entity_id":"CNUR-000206","parent_year_end_name":"惠州市","province_name":"广东省","province_code":"440000","snapshot_year":2016,"panel_year":2015,"link_status":"parent_linked","former_name":"","note":""},"geometry":{"type":"Polygon","coordinates":[[[114.34347,23.88998],[114.35234,23.87335],[114.32151,23.8357],[114.34379,23.79282],[114.33656,23.75422],[114.36218,23.728],[114.37496,23.74648],[114.39572,23.71378],[114.41662,23.71046],[114.35922,23.6714],[114.3878,23.65752],[114.39536,23.62263],[114.37631,23.6244],[114.33662,23.57941],[114.31412,23.5256],[114.25323,23.4498],[114.21135,23.47803],[114.18372,23.47095],[114.14946,23.43971],[114.0526,23.41004],[114.0373,23.338],[113.99613,23.34714],[113.97643,23.37949],[113.99541,23.39197],[113.97845,23.41138],[113.98246,23.43562],[113.9464,23.44589],[113.94973,23.4686],[113.97693,23.47552],[113.92945,23.48135],[113.94155,23.49509],[113.86618,23.54269],[113.84536,23.57737],[113.856,23.61229],[113.81252,23.62563],[113.81389,23.66002],[113.83496,23.65795],[113.84251,23.6819],[113.8846,23.69144],[113.9142,23.73331],[113.96736,23.7414],[113.9711,23.76054],[114.00572,23.77986],[114.01813,23.75479],[114.05381,23.77787],[114.03018,23.81595],[114.04953,23.84667],[114.03139,23.90392],[114.05229,23.93922],[114.0886,23.92648],[114.14936,23.9397],[114.16932,23.96164],[114.22594,23.94302],[114.26438,23.96338],[114.23223,23.91285],[114.34347,23.88998]]]}},{"type":"Feature","id":"CTAMAP-2016-COUNTY-1272","properties":{"map_level":"county","source_name":"陆丰市","source_code":"441581","county_type":"县级市","prefecture_name":"汕尾市","prefecture_code":"441500","prefecture_type":"地级市","parent_entity_id":"CNUR-000208","parent_year_end_name":"汕尾市","province_name":"广东省","province_code":"440000","snapshot_year":2016,"panel_year":2015,"link_status":"parent_linked","former_name":"","note":""},"geometry":{"type":"MultiPolygon","coordinates":[[[[116.71176,20.71061],[116.73043,20.69752],[116.7063,20.70554],[116.71176,20.71061]]],[[[116.76521,20.77423],[116.76521,20.77423],[116.76521,20.77423],[116.76521,20.77423]]],[[[116.76521,20.77423],[116.85602,20.78252],[116.90772,20.7586],[116.92753,20.66885],[116.90066,20.62193],[116.85864,20.59153],[116.79167,20.58515],[116.7452,20.60337],[116.75409,20.62091],[116.84452,20.63093],[116.88563,20.68571],[116.87663,20.73617],[116.75864,20.74824],[116.76521,20.77423]]],[[[115.98215,20.92284],[115.93503,20.94847],[115.92721,20.99569],[115.94976,21.00244],[115.98272,20.96925],[115.99727,20.936],[115.98215,20.92284]]],[[[116.03926,21.11255],[116.06269,21.04278],[116.03552,21.02289],[115.98477,21.03801],[115.93981,21.0853],[115.96063,21.12621],[116.01992,21.12662],[116.03926,21.11255]]],[[[115.77119,23.14823],[115.82514,23.12867],[115.84554,23.10027],[115.85899,23.12055],[115.90379,23.12907],[115.9309,23.07173],[115.96037,23.0555],[115.94642,23.02726],[115.91856,23.02163],[115.93652,23.00877],[115.95483,23.02402],[115.93691,22.96242],[115.96105,22.95137],[115.97432,22.97284],[115.96117,22.94854],[115.97824,22.92793],[116.00544,22.94876],[116.10128,22.89263],[116.13068,22.90209],[116.14543,22.88894],[116.16791,22.89598],[116.17594,22.92669],[116.2203,22.91939],[116.09517,22.81956],[116.07824,22.84753],[116.03859,22.84863],[115.98309,22.83],[115.95488,22.80237],[115.95452,22.81474],[115.90386,22.7914],[115.87993,22.79803],[115.81571,22.74122],[115.79494,22.76186],[115.7916,22.81815],[115.81142,22.80606],[115.80993,22.8194],[115.75084,22.84753],[115.69809,22.84991],[115.695,22.87527],[115.61424,22.86184],[115.61505,22.87388],[115.59606,22.87542],[115.57295,22.84701],[115.54526,22.84734],[115.49342,22.91869],[115.47239,22.92258],[115.50709,22.98125],[115.50814,23.03095],[115.52887,23.06809],[115.4993,23.12452],[115.5721,23.12093],[115.58498,23.15359],[115.59232,23.13407],[115.60854,23.15258],[115.65114,23.12725],[115.75633,23.13361],[115.77589,23.119],[115.76526,23.14686],[115.77508,23.16169],[115.77119,23.14823]]]]}},{"type":"Feature","id":"CTAMAP-2016-COUNTY-1273","properties":{"map_level":"county","source_name":"陆河县","source_code":"441523","county_type":"县","prefecture_name":"汕尾市","prefecture_code":"441500","prefecture_type":"地级市","parent_entity_id":"CNUR-000208","parent_year_end_name":"汕尾市","province_name":"广东省","province_code":"440000","snapshot_year":2016,"panel_year":2015,"link_status":"parent_linked","former_name":"","note":""},"geometry":{"type":"Polygon","coordinates":[[[115.60191,23.47461],[115.67924,23.40916],[115.66336,23.38523],[115.67053,23.35758],[115.76908,23.38607],[115.81427,23.34135],[115.78986,23.30609],[115.82712,23.26093],[115.75188,23.24719],[115.75185,23.19835],[115.7371,23.19405],[115.73313,23.21166],[115.72485,23.20236],[115.72674,23.18088],[115.77508,23.16169],[115.76526,23.14686],[115.77589,23.119],[115.75633,23.13361],[115.65114,23.12725],[115.60854,23.15258],[115.59232,23.13407],[115.58498,23.15359],[115.5721,23.12093],[115.5301,23.1328],[115.5003,23.12209],[115.491,23.15773],[115.5047,23.16677],[115.50333,23.20866],[115.41272,23.24794],[115.41897,23.27962],[115.45011,23.28623],[115.46057,23.31381],[115.49352,23.3237],[115.46806,23.32989],[115.46736,23.37421],[115.49967,23.38058],[115.52232,23.43147],[115.56377,23.43883],[115.60191,23.47461]]]}},{"type":"Feature","id":"CTAMAP-2016-COUNTY-1296","properties":{"map_level":"county","source_name":"罗定市","source_code":"445381","county_type":"县级市","prefecture_name":"云浮市","prefecture_code":"445300","prefecture_type":"地级市","parent_entity_id":"CNUR-000216","parent_year_end_name":"云浮市","province_name":"广东省","province_code":"440000","snapshot_year":2016,"panel_year":2015,"link_status":"parent_linked","former_name":"","note":""},"geometry":{"type":"Polygon","coordinates":[[[111.7243,22.80485],[111.75207,22.7831],[111.75982,22.80519],[111.76901,22.78837],[111.80091,22.80054],[111.77936,22.76615],[111.79995,22.75936],[111.8028,22.77362],[111.83366,22.77843],[111.83602,22.74636],[111.88262,22.72597],[111.87432,22.7038],[111.81865,22.68348],[111.80747,22.63217],[111.72788,22.56854],[111.68615,22.48494],[111.66666,22.50629],[111.62178,22.5141],[111.61463,22.50042],[111.60583,22.54955],[111.59079,22.55446],[111.53964,22.5204],[111.52143,22.48352],[111.47639,22.50623],[111.46398,22.49307],[111.47472,22.46008],[111.43406,22.43006],[111.41111,22.43493],[111.39786,22.48413],[111.40834,22.5151],[111.3451,22.50943],[111.33159,22.52567],[111.27127,22.49461],[111.28857,22.55019],[111.32215,22.55997],[111.27709,22.59432],[111.21957,22.58721],[111.19202,22.61314],[111.16896,22.60872],[111.1388,22.62888],[111.11827,22.7043],[111.08625,22.6962],[111.05157,22.72964],[111.21428,22.75112],[111.2519,22.79729],[111.28423,22.80651],[111.31972,22.86902],[111.35434,22.89262],[111.37002,22.94046],[111.41979,22.95536],[111.45026,22.95652],[111.48921,22.89832],[111.49605,22.84331],[111.5407,22.84677],[111.56869,22.79442],[111.60768,22.81303],[111.60224,22.82422],[111.63011,22.8202],[111.62273,22.80871],[111.63971,22.7967],[111.66294,22.83633],[111.69393,22.82093],[111.68162,22.80991],[111.7243,22.80485]]]}},{"type":"Feature","id":"CTAMAP-2016-COUNTY-1297","properties":{"map_level":"county","source_name":"罗湖区","source_code":"440303","county_type":"市辖区","prefecture_name":"深圳市","prefecture_code":"440300","prefecture_type":"地级市","parent_entity_id":"CNUR-000198","parent_year_end_name":"深圳市","province_name":"广东省","province_code":"440000","snapshot_year":2016,"panel_year":2015,"link_status":"parent_linked","former_name":"","note":""},"geometry":{"type":"Polygon","coordinates":[[[114.21442,22.58452],[114.19939,22.5568],[114.16107,22.56191],[114.11171,22.52949],[114.09816,22.56965],[114.06066,22.58881],[114.07807,22.60397],[114.12648,22.58909],[114.18639,22.61876],[114.21442,22.58452]]]}},{"type":"Feature","id":"CTAMAP-2016-COUNTY-1321","properties":{"map_level":"county","source_name":"麻章区","source_code":"440811","county_type":"市辖区","prefecture_name":"湛江市","prefecture_code":"440800","prefecture_type":"地级市","parent_entity_id":"CNUR-000203","parent_year_end_name":"湛江市","province_name":"广东省","province_code":"440000","snapshot_year":2016,"panel_year":2015,"link_status":"parent_linked","former_name":"","note":""},"geometry":{"type":"MultiPolygon","coordinates":[[[[110.2891,21.32723],[110.33608,21.29468],[110.34556,21.26585],[110.33402,21.23977],[110.34714,21.23585],[110.31354,21.18238],[110.35629,21.12128],[110.25928,21.08856],[110.23792,21.0983],[110.24764,21.07937],[110.22144,21.03414],[110.21293,21.07],[110.22588,21.10365],[110.2026,21.12052],[110.22142,21.12377],[110.2238,21.1451],[110.23245,21.12576],[110.23573,21.13557],[110.21126,21.15861],[110.23061,21.16842],[110.22867,21.15095],[110.23209,21.16819],[110.22182,21.18442],[110.21718,21.17097],[110.17606,21.18452],[110.19755,21.21797],[110.18216,21.21354],[110.18458,21.22975],[110.22258,21.26728],[110.20224,21.26858],[110.20037,21.27828],[110.21826,21.27166],[110.23034,21.30072],[110.2696,21.29517],[110.2891,21.32723]]],[[[110.40728,21.09499],[110.43161,21.05291],[110.44338,21.06178],[110.42748,21.07859],[110.46892,21.05714],[110.51296,21.07783],[110.55029,21.06206],[110.52435,20.92615],[110.50372,20.92734],[110.50113,20.95033],[110.4565,20.99831],[110.34527,20.99526],[110.25183,20.95913],[110.29744,21.03273],[110.32531,21.02793],[110.30453,21.07166],[110.36688,21.07271],[110.40728,21.09499]]],[[[110.19876,21.11034],[110.20995,21.07105],[110.18388,21.06273],[110.20199,21.05757],[110.17332,21.00378],[110.18325,20.99568],[110.15559,20.98547],[110.14831,21.00672],[110.11692,21.01696],[110.13677,21.05257],[110.12697,21.10743],[110.16344,21.13036],[110.19876,21.11034]]],[[[110.59156,20.94915],[110.63717,20.92999],[110.60703,20.87133],[110.58482,20.86571],[110.56146,20.8713],[110.54917,20.90311],[110.59156,20.94915]]],[[[110.20881,20.98274],[110.24697,20.96082],[110.20038,20.94651],[110.20881,20.98274]]],[[[110.41227,21.11275],[110.41865,21.0985],[110.39147,21.10358],[110.41227,21.11275]]],[[[110.48139,20.92515],[110.49416,20.92515],[110.4995,20.91703],[110.48139,20.92515]]]]}},{"type":"Feature","id":"CTAMAP-2016-COUNTY-1340","properties":{"map_level":"county","source_name":"茂南区","source_code":"440902","county_type":"市辖区","prefecture_name":"茂名市","prefecture_code":"440900","prefecture_type":"地级市","parent_entity_id":"CNUR-000204","parent_year_end_name":"茂名市","province_name":"广东省","province_code":"440000","snapshot_year":2016,"panel_year":2015,"link_status":"parent_linked","former_name":"","note":""},"geometry":{"type":"Polygon","coordinates":[[[110.96153,21.75544],[110.97421,21.72964],[110.92397,21.69238],[110.94602,21.62811],[110.96835,21.63792],[110.93384,21.60116],[110.93138,21.56302],[110.91899,21.58015],[110.91621,21.56779],[110.87949,21.5652],[110.91313,21.53296],[110.87366,21.52927],[110.84238,21.49096],[110.84844,21.52385],[110.815,21.54713],[110.80992,21.58602],[110.79164,21.58603],[110.79369,21.63445],[110.73601,21.64765],[110.75025,21.72184],[110.78042,21.72764],[110.76307,21.77891],[110.81268,21.77886],[110.81062,21.80469],[110.83056,21.82463],[110.87332,21.78598],[110.90724,21.79233],[110.91949,21.76878],[110.96153,21.75544]]]}},{"type":"Feature","id":"CTAMAP-2016-COUNTY-1344","properties":{"map_level":"county","source_name":"梅江区","source_code":"441402","county_type":"市辖区","prefecture_name":"梅州市","prefecture_code":"441400","prefecture_type":"地级市","parent_entity_id":"CNUR-000207","parent_year_end_name":"梅州市","province_name":"广东省","province_code":"440000","snapshot_year":2016,"panel_year":2015,"link_status":"parent_linked","former_name":"","note":""},"geometry":{"type":"Polygon","coordinates":[[[116.33544,24.26051],[116.33285,24.24292],[116.31234,24.23666],[116.31991,24.20441],[116.30029,24.19333],[116.29532,24.1622],[116.25572,24.13451],[116.25615,24.11431],[116.23405,24.11199],[116.20045,24.13756],[116.18789,24.12512],[116.09295,24.17563],[116.07889,24.17051],[116.07347,24.19825],[116.11012,24.22951],[116.08515,24.25751],[116.11082,24.30698],[116.07486,24.29974],[116.04146,24.33558],[116.01892,24.32532],[115.9996,24.33809],[115.99701,24.39292],[116.0077,24.41567],[116.02572,24.41053],[116.0459,24.43622],[116.06399,24.43535],[116.11692,24.37852],[116.11714,24.3392],[116.1482,24.33602],[116.15905,24.35829],[116.23532,24.34505],[116.22216,24.32451],[116.23971,24.32934],[116.29491,24.27074],[116.33544,24.26051]]]}},{"type":"Feature","id":"CTAMAP-2016-COUNTY-1347","properties":{"map_level":"county","source_name":"梅县区","source_code":"441403","county_type":"市辖区","prefecture_name":"梅州市","prefecture_code":"441400","prefecture_type":"地级市","parent_entity_id":"CNUR-000207","parent_year_end_name":"梅州市","province_name":"广东省","province_code":"440000","snapshot_year":2016,"panel_year":2015,"link_status":"parent_linked","former_name":"梅县","note":"2013年撤销梅县，设立梅县区"},"geometry":{"type":"Polygon","coordinates":[[[116.41465,24.76952],[116.40969,24.74994],[116.43978,24.71871],[116.47863,24.72372],[116.49733,24.70055],[116.51232,24.65652],[116.50009,24.62368],[116.52379,24.60745],[116.54619,24.61547],[116.55423,24.59971],[116.53451,24.56758],[116.55395,24.55225],[116.53196,24.50742],[116.4903,24.50288],[116.49168,24.478],[116.4287,24.44427],[116.41359,24.392],[116.43457,24.3636],[116.42554,24.33011],[116.34933,24.26367],[116.29491,24.27074],[116.23971,24.32934],[116.22216,24.32451],[116.23532,24.34505],[116.15905,24.35829],[116.1482,24.33602],[116.11714,24.3392],[116.11692,24.37852],[116.06399,24.43535],[116.0459,24.43622],[116.02572,24.41053],[116.0077,24.41567],[115.99209,24.34446],[116.01892,24.32532],[116.04146,24.33558],[116.07486,24.29974],[116.11082,24.30698],[116.08515,24.25751],[116.11012,24.22951],[116.07347,24.19825],[116.07666,24.17374],[116.20404,24.11205],[116.20026,24.09781],[116.17224,24.10023],[116.16401,24.04888],[116.08298,23.99279],[116.09604,23.96686],[116.07266,23.94203],[116.00825,23.9133],[115.99673,23.94474],[116.02619,23.97907],[115.98827,23.98128],[115.9736,24.0231],[115.90696,24.05741],[115.92628,24.0724],[115.96414,24.06747],[115.93701,24.09165],[115.93745,24.10992],[115.98044,24.13628],[115.96716,24.15704],[115.9867,24.16105],[115.95377,24.18617],[115.94383,24.24503],[115.88254,24.2682],[115.85279,24.34105],[115.80547,24.34958],[115.78024,24.37672],[115.7942,24.44856],[115.82252,24.4783],[115.92164,24.48311],[115.92751,24.45274],[115.98001,24.40292],[115.9853,24.43496],[116.02074,24.43398],[115.99871,24.48386],[116.05312,24.49815],[116.09057,24.48441],[116.13004,24.42655],[116.14376,24.46675],[116.17102,24.4745],[116.1587,24.49262],[116.187,24.52751],[116.18313,24.57212],[116.28518,24.56206],[116.307,24.60738],[116.2788,24.6352],[116.32222,24.67618],[116.32005,24.72251],[116.35673,24.74798],[116.3497,24.76647],[116.37076,24.76953],[116.37147,24.79331],[116.39412,24.79724],[116.41465,24.76952]]]}},{"type":"Feature","id":"CTAMAP-2016-COUNTY-1413","properties":{"map_level":"county","source_name":"南澳县","source_code":"440523","county_type":"县","prefecture_name":"汕头市","prefecture_code":"440500","prefecture_type":"地级市","parent_entity_id":"CNUR-000200","parent_year_end_name":"汕头市","province_name":"广东省","province_code":"440000","snapshot_year":2016,"panel_year":2015,"link_status":"parent_linked","former_name":"","note":""},"geometry":{"type":"MultiPolygon","coordinates":[[[[117.12549,23.4805],[117.1232,23.45856],[117.1499,23.44604],[117.1303,23.44074],[117.13976,23.41366],[117.12132,23.39247],[117.0872,23.41193],[117.04699,23.40334],[116.941,23.42626],[116.9803,23.46334],[117.02227,23.43615],[117.05896,23.47538],[117.0877,23.4603],[117.12549,23.4805]]],[[[117.10234,23.47895],[117.09646,23.47853],[117.10183,23.48264],[117.10234,23.47895]]],[[[117.27965,23.25999],[117.28376,23.25638],[117.28153,23.25637],[117.27965,23.25999]]],[[[117.29785,23.27921],[117.30348,23.27641],[117.29921,23.27271],[117.29785,23.27921]]]]}},{"type":"Feature","id":"CTAMAP-2016-COUNTY-1424","properties":{"map_level":"county","source_name":"南海区","source_code":"440605","county_type":"市辖区","prefecture_name":"佛山市","prefecture_code":"440600","prefecture_type":"地级市","parent_entity_id":"CNUR-000201","parent_year_end_name":"佛山市","province_name":"广东省","province_code":"440000","snapshot_year":2016,"panel_year":2015,"link_status":"parent_linked","former_name":"南海市","note":"2002年撤销南海市，设立南海区"},"geometry":{"type":"Polygon","coordinates":[[[113.14616,23.30299],[113.17398,23.27358],[113.17035,23.22469],[113.20495,23.19307],[113.18022,23.15913],[113.20805,23.14415],[113.19903,23.11184],[113.21137,23.10119],[113.17218,23.07186],[113.20601,23.04597],[113.24997,23.04721],[113.24443,22.98076],[113.21074,23.00918],[113.14594,22.99731],[113.13436,23.01051],[113.15165,23.02453],[113.13509,23.02662],[113.1143,23.06625],[113.04858,23.05352],[113.02361,23.02868],[112.98118,23.03209],[112.97437,22.98199],[113.01283,22.92897],[113.04997,22.92092],[113.0435,22.88716],[113.00381,22.87292],[113.05884,22.82293],[113.05672,22.80225],[112.97941,22.80391],[112.9193,22.85925],[112.83913,22.84123],[112.86486,22.88841],[112.91798,22.86047],[112.86442,22.9446],[112.90252,22.98205],[112.90016,22.99951],[112.87426,23.01204],[112.85793,23.10087],[112.87421,23.11979],[112.90914,23.11223],[112.88931,23.14461],[112.92807,23.16151],[112.94018,23.22584],[112.96059,23.2271],[112.96278,23.24089],[112.97291,23.21912],[113.02918,23.21187],[113.02673,23.22809],[113.05345,23.23209],[113.04377,23.25587],[113.0749,23.25235],[113.06565,23.28449],[113.10815,23.3091],[113.14616,23.30299]]]}},{"type":"Feature","id":"CTAMAP-2016-COUNTY-1440","properties":{"map_level":"county","source_name":"南沙区","source_code":"440115","county_type":"市辖区","prefecture_name":"广州市","prefecture_code":"440100","prefecture_type":"地级市","parent_entity_id":"CNUR-000196","parent_year_end_name":"广州市","province_name":"广东省","province_code":"440000","snapshot_year":2016,"panel_year":2015,"link_status":"parent_linked","former_name":"","note":"2012年将东涌镇、大岗镇、榄核镇纳入辖区"},"geometry":{"type":"MultiPolygon","coordinates":[[[[113.56252,22.86176],[113.64451,22.7604],[113.55018,22.74196],[113.64423,22.63971],[113.65631,22.58149],[113.63435,22.5628],[113.59525,22.60955],[113.55955,22.60676],[113.5314,22.67041],[113.45113,22.73566],[113.35738,22.77791],[113.35147,22.79481],[113.38799,22.8125],[113.30893,22.83072],[113.2909,22.86524],[113.29466,22.88034],[113.41867,22.91032],[113.46524,22.90755],[113.56252,22.86176]]],[[[113.63694,22.7183],[113.67655,22.66031],[113.69576,22.57385],[113.6548,22.65018],[113.58238,22.72234],[113.63694,22.7183]]]]}},{"type":"Feature","id":"CTAMAP-2016-COUNTY-1443","properties":{"map_level":"county","source_name":"南雄市","source_code":"440282","county_type":"县级市","prefecture_name":"韶关市","prefecture_code":"440200","prefecture_type":"地级市","parent_entity_id":"CNUR-000197","parent_year_end_name":"韶关市","province_name":"广东省","province_code":"440000","snapshot_year":2016,"panel_year":2015,"link_status":"parent_linked","former_name":"","note":""},"geometry":{"type":"Polygon","coordinates":[[[114.56598,25.40491],[114.57127,25.38402],[114.57637,25.40072],[114.59693,25.38821],[114.59352,25.36361],[114.62017,25.33405],[114.71033,25.31853],[114.71889,25.28697],[114.73876,25.27757],[114.74468,25.24429],[114.733,25.24142],[114.74457,25.23305],[114.72034,25.23674],[114.69424,25.22181],[114.69072,25.1986],[114.67441,25.19806],[114.67988,25.17593],[114.73157,25.15843],[114.73494,25.13031],[114.70565,25.11019],[114.66104,25.10616],[114.63803,25.0739],[114.59912,25.08796],[114.55674,25.08178],[114.53398,25.02953],[114.50993,25.02773],[114.50413,25.00391],[114.45311,24.99911],[114.45075,24.97964],[114.41444,24.97323],[114.41803,24.95917],[114.36314,24.95334],[114.32672,24.97019],[114.27175,24.9504],[114.23552,24.95697],[114.25492,25.03611],[114.21243,25.06687],[114.18633,25.06477],[114.14812,25.14485],[114.09183,25.13216],[114.05367,25.1419],[113.99659,25.09976],[113.98608,25.12962],[113.96033,25.13149],[113.92542,25.17313],[113.97496,25.23252],[113.96031,25.24031],[113.97814,25.27622],[114.01103,25.28268],[114.03496,25.25385],[114.05067,25.28111],[114.07831,25.27783],[114.11166,25.30594],[114.18681,25.32093],[114.20034,25.3018],[114.2589,25.29408],[114.2678,25.30528],[114.29467,25.29231],[114.31038,25.34221],[114.37549,25.31867],[114.41978,25.34016],[114.44269,25.38939],[114.47605,25.37337],[114.53348,25.42178],[114.56598,25.40491]]]}},{"type":"Feature","id":"CTAMAP-2016-COUNTY-1498","properties":{"map_level":"county","source_name":"蓬江区","source_code":"440703","county_type":"市辖区","prefecture_name":"江门市","prefecture_code":"440700","prefecture_type":"地级市","parent_entity_id":"CNUR-000202","parent_year_end_name":"江门市","province_name":"广东省","province_code":"440000","snapshot_year":2016,"panel_year":2015,"link_status":"parent_linked","former_name":"","note":""},"geometry":{"type":"Polygon","coordinates":[[[113.04362,22.80983],[113.0946,22.70055],[113.16077,22.67119],[113.15142,22.6277],[113.16278,22.60248],[113.09873,22.60052],[113.06959,22.56412],[113.00828,22.57779],[112.95651,22.55304],[112.9488,22.56348],[112.97331,22.56745],[112.9709,22.60009],[112.91639,22.62362],[112.97493,22.65254],[112.98784,22.66881],[112.97651,22.69136],[113.02067,22.70231],[113.01738,22.76814],[113.04362,22.80983]]]}},{"type":"Feature","id":"CTAMAP-2016-COUNTY-1538","properties":{"map_level":"county","source_name":"平远县","source_code":"441426","county_type":"县","prefecture_name":"梅州市","prefecture_code":"441400","prefecture_type":"地级市","parent_entity_id":"CNUR-000207","parent_year_end_name":"梅州市","province_name":"广东省","province_code":"440000","snapshot_year":2016,"panel_year":2015,"link_status":"parent_linked","former_name":"","note":""},"geometry":{"type":"Polygon","coordinates":[[[116.08597,24.83934],[116.07325,24.83659],[116.06986,24.81661],[116.08513,24.80484],[116.07296,24.79747],[116.11348,24.77048],[116.11699,24.75233],[116.09973,24.72339],[116.08379,24.72643],[116.08628,24.69762],[116.03922,24.6762],[116.04792,24.64379],[116.02185,24.61498],[116.05132,24.55629],[116.02227,24.53287],[116.03836,24.51804],[116.03742,24.48892],[115.99871,24.48386],[116.01927,24.43215],[115.9853,24.43496],[115.97793,24.403],[115.92751,24.45274],[115.92164,24.48311],[115.80646,24.47135],[115.79455,24.49443],[115.74943,24.51169],[115.73017,24.5444],[115.76588,24.56583],[115.84958,24.56823],[115.78235,24.6342],[115.77735,24.66605],[115.7563,24.67179],[115.8014,24.68972],[115.80148,24.70664],[115.76564,24.71177],[115.7514,24.74942],[115.77327,24.77499],[115.75849,24.79455],[115.77197,24.83363],[115.78723,24.83847],[115.7767,24.86628],[115.80119,24.86079],[115.81581,24.90983],[115.86104,24.89369],[115.85758,24.86656],[115.9039,24.88381],[115.8802,24.90049],[115.87778,24.94073],[115.97518,24.91886],[115.98061,24.9022],[116.01468,24.90813],[116.08597,24.83934]]]}},{"type":"Feature","id":"CTAMAP-2016-COUNTY-1543","properties":{"map_level":"county","source_name":"坡头区","source_code":"440804","county_type":"市辖区","prefecture_name":"湛江市","prefecture_code":"440800","prefecture_type":"地级市","parent_entity_id":"CNUR-000203","parent_year_end_name":"湛江市","province_name":"广东省","province_code":"440000","snapshot_year":2016,"panel_year":2015,"link_status":"parent_linked","former_name":"","note":""},"geometry":{"type":"MultiPolygon","coordinates":[[[[110.46154,21.45209],[110.52584,21.41866],[110.53475,21.37963],[110.56465,21.36342],[110.51781,21.30617],[110.58805,21.26804],[110.63249,21.29186],[110.64051,21.23967],[110.62995,21.22704],[110.61139,21.22124],[110.60537,21.23316],[110.60352,21.21947],[110.55967,21.22303],[110.52895,21.20789],[110.48917,21.22108],[110.45612,21.20623],[110.45016,21.19092],[110.42725,21.19758],[110.44819,21.24092],[110.42544,21.2671],[110.45027,21.30477],[110.42515,21.29742],[110.43336,21.38619],[110.42168,21.36699],[110.38654,21.40499],[110.41487,21.42252],[110.41218,21.44227],[110.43111,21.42822],[110.44497,21.45543],[110.45886,21.43857],[110.45946,21.449],[110.46154,21.45209]]],[[[110.4936,21.21391],[110.50685,21.18047],[110.62018,21.2096],[110.56667,21.09383],[110.53324,21.09223],[110.5123,21.13465],[110.51616,21.16098],[110.48514,21.14384],[110.43028,21.171],[110.46328,21.20311],[110.4936,21.21391]]],[[[110.51035,21.21153],[110.50751,21.20724],[110.50248,21.21236],[110.51035,21.21153]]]]}},{"type":"Feature","id":"CTAMAP-2016-COUNTY-1560","properties":{"map_level":"county","source_name":"普宁市","source_code":"445281","county_type":"县级市","prefecture_name":"揭阳市","prefecture_code":"445200","prefecture_type":"地级市","parent_entity_id":"CNUR-000215","parent_year_end_name":"揭阳市","province_name":"广东省","province_code":"440000","snapshot_year":2016,"panel_year":2015,"link_status":"parent_linked","former_name":"","note":""},"geometry":{"type":"Polygon","coordinates":[[[116.26849,23.52692],[116.29394,23.49303],[116.27825,23.47545],[116.31275,23.45786],[116.31771,23.42497],[116.35038,23.40762],[116.35084,23.353],[116.34527,23.33814],[116.31427,23.33356],[116.32356,23.3042],[116.30447,23.29904],[116.28491,23.23744],[116.2583,23.2261],[116.26478,23.20676],[116.24844,23.1944],[116.23997,23.14277],[116.21593,23.14728],[116.19507,23.18024],[116.17093,23.16554],[116.14801,23.17391],[116.13381,23.14046],[116.10836,23.17519],[116.0631,23.18124],[116.04478,23.09841],[116.01529,23.12239],[115.97205,23.09771],[115.895,23.1301],[115.85899,23.12055],[115.84571,23.10025],[115.82531,23.12856],[115.72472,23.18326],[115.72839,23.21028],[115.73749,23.19383],[115.75185,23.19835],[115.75188,23.24719],[115.82712,23.26093],[115.79327,23.2894],[115.79709,23.32648],[115.81431,23.33712],[115.86814,23.31813],[115.89591,23.36885],[115.92608,23.37231],[115.92598,23.38996],[115.95206,23.38821],[115.97995,23.35709],[116.0,23.38501],[116.04538,23.36888],[116.07972,23.38097],[116.11965,23.42493],[116.15123,23.4287],[116.14593,23.44679],[116.16356,23.45204],[116.15434,23.46291],[116.18594,23.48493],[116.15942,23.49937],[116.16751,23.51345],[116.26849,23.52692]]]}},{"type":"Feature","id":"CTAMAP-2016-COUNTY-1627","properties":{"map_level":"county","source_name":"清城区","source_code":"441802","county_type":"市辖区","prefecture_name":"清远市","prefecture_code":"441800","prefecture_type":"地级市","parent_entity_id":"CNUR-000211","parent_year_end_name":"清远市","province_name":"广东省","province_code":"440000","snapshot_year":2016,"panel_year":2015,"link_status":"parent_linked","former_name":"","note":""},"geometry":{"type":"Polygon","coordinates":[[[113.33687,23.85618],[113.3494,23.83797],[113.29563,23.74366],[113.37045,23.73449],[113.36992,23.71526],[113.32549,23.64796],[113.28662,23.64801],[113.28695,23.61975],[113.19725,23.5795],[113.20723,23.54291],[113.18841,23.51813],[113.14887,23.50528],[113.12338,23.51494],[113.04852,23.47359],[112.96824,23.46751],[112.95281,23.44965],[112.92498,23.46538],[112.91987,23.48942],[112.8996,23.48951],[112.88489,23.52469],[112.95203,23.57831],[112.96159,23.64508],[113.00356,23.69523],[112.9946,23.72032],[113.01603,23.72355],[113.01976,23.76346],[113.09407,23.77832],[113.05128,23.83303],[113.06134,23.85402],[113.09428,23.85575],[113.08522,23.87142],[113.09658,23.8884],[113.18901,23.89045],[113.19541,23.86824],[113.26856,23.84546],[113.33687,23.85618]]]}},{"type":"Feature","id":"CTAMAP-2016-COUNTY-1637","properties":{"map_level":"county","source_name":"清新区","source_code":"441803","county_type":"市辖区","prefecture_name":"清远市","prefecture_code":"441800","prefecture_type":"地级市","parent_entity_id":"CNUR-000211","parent_year_end_name":"清远市","province_name":"广东省","province_code":"440000","snapshot_year":2016,"panel_year":2015,"link_status":"parent_linked","former_name":"清新县","note":"2012年撤销清新县，设立清新区"},"geometry":{"type":"Polygon","coordinates":[[[113.09818,23.88868],[113.08522,23.87142],[113.09428,23.85575],[113.06134,23.85402],[113.05128,23.83303],[113.09407,23.77832],[113.01976,23.76346],[113.01603,23.72355],[112.9946,23.72032],[113.00356,23.69523],[112.96159,23.64508],[112.95203,23.57831],[112.91128,23.55434],[112.89451,23.57062],[112.88889,23.55499],[112.85823,23.57595],[112.8221,23.56995],[112.82653,23.54809],[112.79685,23.54822],[112.79511,23.59064],[112.74498,23.6116],[112.74694,23.63127],[112.77748,23.64924],[112.77595,23.67453],[112.73346,23.67076],[112.74044,23.68944],[112.72353,23.68141],[112.72211,23.7141],[112.70596,23.71236],[112.73594,23.75445],[112.69825,23.7583],[112.70108,23.80991],[112.65101,23.81627],[112.66961,23.83239],[112.66716,23.86846],[112.68512,23.89061],[112.6775,23.94179],[112.58545,23.95811],[112.56327,23.99785],[112.56928,24.04502],[112.60792,24.08022],[112.5957,24.10366],[112.6259,24.16173],[112.61879,24.22292],[112.65328,24.23278],[112.71248,24.21142],[112.72198,24.24912],[112.76983,24.26531],[112.75401,24.26972],[112.76237,24.31729],[112.80498,24.26659],[112.82945,24.26751],[112.83249,24.22691],[112.80922,24.21709],[112.80224,24.18978],[112.83042,24.12606],[112.86214,24.12539],[112.91158,24.09326],[112.89797,24.06198],[112.91265,24.04171],[112.97403,24.05584],[112.98822,23.96465],[113.08465,23.92555],[113.09818,23.88868]]]}},{"type":"Feature","id":"CTAMAP-2016-COUNTY-1655","properties":{"map_level":"county","source_name":"曲江区","source_code":"440205","county_type":"市辖区","prefecture_name":"韶关市","prefecture_code":"440200","prefecture_type":"地级市","parent_entity_id":"CNUR-000197","parent_year_end_name":"韶关市","province_name":"广东省","province_code":"440000","snapshot_year":2016,"panel_year":2015,"link_status":"parent_linked","former_name":"","note":""},"geometry":{"type":"Polygon","coordinates":[[[113.9395,24.85121],[113.9733,24.81656],[113.96208,24.76265],[113.90796,24.72159],[113.88884,24.68697],[113.90636,24.67237],[113.87601,24.62465],[113.81508,24.62588],[113.77428,24.60221],[113.78116,24.55598],[113.74883,24.52346],[113.70987,24.5644],[113.68788,24.54895],[113.66676,24.55432],[113.65515,24.49041],[113.66859,24.46631],[113.59618,24.49688],[113.58448,24.519],[113.537,24.5116],[113.51576,24.47666],[113.50115,24.48817],[113.43593,24.45694],[113.41009,24.46319],[113.41196,24.48741],[113.37454,24.48526],[113.37589,24.49637],[113.29068,24.4592],[113.26606,24.46834],[113.24835,24.50662],[113.21118,24.49809],[113.2011,24.52458],[113.21589,24.52647],[113.21848,24.555],[113.25613,24.57062],[113.25619,24.58967],[113.32152,24.57833],[113.33445,24.60407],[113.37186,24.59879],[113.39498,24.60689],[113.39764,24.62332],[113.42476,24.62386],[113.46436,24.70958],[113.50534,24.73863],[113.52513,24.70683],[113.58067,24.71129],[113.59631,24.75852],[113.63976,24.75198],[113.69892,24.78082],[113.72247,24.82872],[113.6926,24.85312],[113.70234,24.86541],[113.7477,24.87533],[113.7587,24.8528],[113.81041,24.83002],[113.86296,24.84496],[113.89843,24.82103],[113.90673,24.84027],[113.9395,24.85121]]]}},{"type":"Feature","id":"CTAMAP-2016-COUNTY-1674","properties":{"map_level":"county","source_name":"仁化县","source_code":"440224","county_type":"县","prefecture_name":"韶关市","prefecture_code":"440200","prefecture_type":"地级市","parent_entity_id":"CNUR-000197","parent_year_end_name":"韶关市","province_name":"广东省","province_code":"440000","snapshot_year":2016,"panel_year":2015,"link_status":"parent_linked","former_name":"","note":""},"geometry":{"type":"Polygon","coordinates":[[[113.97746,25.41729],[114.01205,25.38753],[114.03842,25.39351],[114.02429,25.37749],[114.03899,25.35596],[114.02181,25.33373],[114.05132,25.31424],[114.02091,25.30514],[113.99608,25.27198],[113.9713,25.2719],[113.96031,25.24031],[113.97496,25.23252],[113.92587,25.17598],[113.95804,25.13321],[113.98608,25.12962],[113.99659,25.09976],[113.97754,25.10776],[113.93244,25.08051],[113.93049,25.04239],[113.90113,25.02836],[113.9137,25.0267],[113.92926,24.97025],[113.92321,24.9356],[113.90486,24.94137],[113.90004,24.90467],[113.9395,24.85121],[113.90673,24.84027],[113.90256,24.82084],[113.86296,24.84496],[113.81041,24.83002],[113.7587,24.8528],[113.7477,24.87533],[113.68133,24.86146],[113.66684,24.89033],[113.71561,24.97752],[113.67128,24.97594],[113.62547,24.94679],[113.60527,24.95799],[113.57506,24.98477],[113.5524,25.0572],[113.51461,25.09625],[113.50738,25.15261],[113.53374,25.17785],[113.55378,25.30439],[113.60581,25.33032],[113.67562,25.33678],[113.7011,25.36399],[113.7316,25.35188],[113.74203,25.36876],[113.75317,25.33284],[113.81662,25.33326],[113.83305,25.36625],[113.87077,25.38265],[113.87924,25.43896],[113.90793,25.4463],[113.99391,25.44766],[114.00258,25.44084],[113.97746,25.41729]]]}},{"type":"Feature","id":"CTAMAP-2016-COUNTY-1686","properties":{"map_level":"county","source_name":"榕城区","source_code":"445202","county_type":"市辖区","prefecture_name":"揭阳市","prefecture_code":"445200","prefecture_type":"地级市","parent_entity_id":"CNUR-000215","parent_year_end_name":"揭阳市","province_name":"广东省","province_code":"440000","snapshot_year":2016,"panel_year":2015,"link_status":"parent_linked","former_name":"","note":""},"geometry":{"type":"Polygon","coordinates":[[[116.52899,23.58439],[116.56315,23.57095],[116.56259,23.54696],[116.53995,23.53143],[116.54664,23.48974],[116.60765,23.47426],[116.6286,23.45249],[116.62128,23.43087],[116.57631,23.46475],[116.58718,23.42925],[116.56449,23.38072],[116.52872,23.43518],[116.46231,23.44181],[116.48612,23.48399],[116.47909,23.50289],[116.4191,23.47058],[116.4047,23.51564],[116.37376,23.50322],[116.32769,23.44483],[116.27815,23.47563],[116.29394,23.49303],[116.26849,23.52692],[116.3372,23.5467],[116.3407,23.5689],[116.32447,23.57893],[116.35042,23.59694],[116.38571,23.59252],[116.39043,23.56591],[116.4487,23.5393],[116.4657,23.5642],[116.4905,23.5536],[116.4914,23.5684],[116.52899,23.58439]]]}},{"type":"Feature","id":"CTAMAP-2016-COUNTY-1697","properties":{"map_level":"county","source_name":"乳源瑶族自治县","source_code":"440232","county_type":"自治县","prefecture_name":"韶关市","prefecture_code":"440200","prefecture_type":"地级市","parent_entity_id":"CNUR-000197","parent_year_end_name":"韶关市","province_name":"广东省","province_code":"440000","snapshot_year":2016,"panel_year":2015,"link_status":"parent_linked","former_name":"","note":""},"geometry":{"type":"Polygon","coordinates":[[[113.42065,25.04917],[113.46106,24.9526],[113.45407,24.92043],[113.42033,24.89627],[113.39761,24.85367],[113.42955,24.82192],[113.41517,24.78342],[113.36956,24.77946],[113.39839,24.77293],[113.38025,24.74315],[113.38698,24.72468],[113.36954,24.72832],[113.32017,24.6849],[113.26447,24.68784],[113.25275,24.67524],[113.24826,24.69076],[113.20455,24.69617],[113.16851,24.66494],[113.15208,24.66988],[113.15159,24.62259],[113.12302,24.60725],[113.16685,24.58298],[113.14425,24.56562],[113.16554,24.56006],[113.18181,24.57974],[113.21103,24.50312],[113.2011,24.47855],[113.15613,24.48549],[113.14755,24.4704],[113.11319,24.50339],[113.09156,24.5034],[113.08108,24.47578],[113.06266,24.47044],[112.97084,24.54964],[112.95681,24.59307],[112.87969,24.6003],[112.89051,24.6537],[112.9109,24.66484],[112.89276,24.7199],[112.9214,24.72003],[112.93502,24.7417],[112.92745,24.7588],[112.95745,24.80169],[112.94438,24.81918],[113.01511,24.85957],[112.98439,24.93946],[113.03739,24.99196],[113.05506,24.98104],[113.0756,24.99445],[113.08987,25.016],[113.07945,25.07516],[113.1351,25.08201],[113.16311,25.14791],[113.19231,25.12749],[113.20167,25.06469],[113.2317,25.05858],[113.26325,25.07668],[113.26733,25.04609],[113.29395,25.02271],[113.32203,25.03154],[113.35459,25.01933],[113.3767,25.04082],[113.40896,25.03419],[113.42065,25.04917]]]}},{"type":"Feature","id":"CTAMAP-2016-COUNTY-1715","properties":{"map_level":"county","source_name":"三水区","source_code":"440607","county_type":"市辖区","prefecture_name":"佛山市","prefecture_code":"440600","prefecture_type":"地级市","parent_entity_id":"CNUR-000201","parent_year_end_name":"佛山市","province_name":"广东省","province_code":"440000","snapshot_year":2016,"panel_year":2015,"link_status":"parent_linked","former_name":"三水市","note":"2002年撤销三水市，设立三水区"},"geometry":{"type":"Polygon","coordinates":[[[112.91128,23.55434],[112.88266,23.51607],[112.8996,23.48951],[112.92261,23.48731],[112.92617,23.46466],[112.95281,23.44965],[112.96972,23.46575],[112.95374,23.4292],[112.98375,23.44588],[112.9748,23.43415],[112.99526,23.40909],[112.97486,23.38313],[112.98239,23.35669],[113.00718,23.35686],[113.01152,23.34325],[113.03813,23.35592],[113.0184,23.32751],[113.05345,23.23209],[113.02673,23.22809],[113.01964,23.21032],[112.97272,23.21921],[112.96278,23.24089],[112.96059,23.2271],[112.94018,23.22584],[112.92807,23.16151],[112.88931,23.14461],[112.90914,23.11223],[112.87421,23.11979],[112.85793,23.10087],[112.87426,23.01204],[112.90016,22.99951],[112.90252,22.98205],[112.86808,22.95946],[112.8347,23.00401],[112.79194,23.14826],[112.75911,23.20522],[112.76804,23.22843],[112.78184,23.20851],[112.79457,23.23091],[112.79715,23.20294],[112.8397,23.22805],[112.84126,23.24161],[112.81591,23.24444],[112.8617,23.29472],[112.8813,23.34704],[112.85733,23.3512],[112.82649,23.3934],[112.80071,23.39015],[112.80119,23.3701],[112.77924,23.37674],[112.79956,23.45231],[112.84101,23.48979],[112.8462,23.53095],[112.82673,23.53926],[112.8221,23.56995],[112.85823,23.57595],[112.88889,23.55499],[112.89451,23.57062],[112.91128,23.55434]]]}},{"type":"Feature","id":"CTAMAP-2016-COUNTY-1809","properties":{"map_level":"county","source_name":"始兴县","source_code":"440222","county_type":"县","prefecture_name":"韶关市","prefecture_code":"440200","prefecture_type":"地级市","parent_entity_id":"CNUR-000197","parent_year_end_name":"韶关市","province_name":"广东省","province_code":"440000","snapshot_year":2016,"panel_year":2015,"link_status":"parent_linked","former_name":"","note":""},"geometry":{"type":"Polygon","coordinates":[[[114.39164,24.95317],[114.38449,24.91493],[114.39858,24.88044],[114.3366,24.81106],[114.33363,24.75606],[114.28096,24.73293],[114.27434,24.70771],[114.16394,24.69401],[114.18577,24.66049],[114.17289,24.66371],[114.14557,24.62557],[114.08191,24.60413],[114.05055,24.61977],[114.02294,24.52935],[113.99053,24.52112],[113.88681,24.56881],[113.89491,24.59692],[113.87601,24.62465],[113.90656,24.67306],[113.88891,24.68767],[113.90882,24.72268],[113.95315,24.74874],[113.9736,24.81323],[113.90004,24.90467],[113.90486,24.94137],[113.92321,24.9356],[113.92926,24.97025],[113.9137,25.0267],[113.90113,25.02836],[113.93049,25.04239],[113.93244,25.08051],[113.97754,25.10776],[114.0,25.09997],[114.05367,25.1419],[114.09183,25.13216],[114.14812,25.14485],[114.18633,25.06477],[114.21243,25.06687],[114.25492,25.03611],[114.23552,24.95697],[114.27175,24.9504],[114.32672,24.97019],[114.33554,24.95697],[114.39164,24.95317]]]}},{"type":"Feature","id":"CTAMAP-2016-COUNTY-1841","properties":{"map_level":"county","source_name":"顺德区","source_code":"440606","county_type":"市辖区","prefecture_name":"佛山市","prefecture_code":"440600","prefecture_type":"地级市","parent_entity_id":"CNUR-000201","parent_year_end_name":"佛山市","province_name":"广东省","province_code":"440000","snapshot_year":2016,"panel_year":2015,"link_status":"parent_linked","former_name":"顺德市","note":"2002年撤销顺德市，设立顺德区"},"geometry":{"type":"Polygon","coordinates":[[[113.19593,23.01083],[113.2906,22.94289],[113.27051,22.89625],[113.29466,22.88034],[113.30788,22.83183],[113.38799,22.8125],[113.35147,22.79481],[113.35908,22.77618],[113.32476,22.7448],[113.26126,22.72746],[113.23442,22.74711],[113.19457,22.68004],[113.15583,22.67665],[113.0946,22.70055],[113.05884,22.82293],[113.00381,22.87292],[113.0435,22.88716],[113.05141,22.91461],[113.03837,22.92908],[113.06326,22.93944],[113.04537,22.97676],[113.12678,22.97731],[113.19593,23.01083]]]}},{"type":"Feature","id":"CTAMAP-2016-COUNTY-1851","properties":{"map_level":"county","source_name":"四会市","source_code":"441284","county_type":"县级市","prefecture_name":"肇庆市","prefecture_code":"441200","prefecture_type":"地级市","parent_entity_id":"CNUR-000205","parent_year_end_name":"肇庆市","province_name":"广东省","province_code":"440000","snapshot_year":2016,"panel_year":2015,"link_status":"parent_linked","former_name":"","note":""},"geometry":{"type":"Polygon","coordinates":[[[112.69342,23.68891],[112.72808,23.67929],[112.74044,23.68944],[112.73497,23.67011],[112.77595,23.67453],[112.77748,23.64924],[112.74694,23.63127],[112.74498,23.6116],[112.79511,23.59064],[112.79685,23.54822],[112.8462,23.53095],[112.84101,23.48979],[112.79956,23.45231],[112.77924,23.37674],[112.80119,23.3701],[112.80071,23.39015],[112.82649,23.3934],[112.85733,23.3512],[112.8813,23.34704],[112.8617,23.29472],[112.81591,23.24444],[112.84126,23.24161],[112.8397,23.22805],[112.80926,23.22022],[112.80507,23.20299],[112.79302,23.23141],[112.78184,23.20851],[112.78064,23.22672],[112.74679,23.23398],[112.71262,23.21996],[112.7187,23.25308],[112.69733,23.29741],[112.65261,23.30468],[112.5688,23.27915],[112.51664,23.31545],[112.48694,23.31154],[112.42386,23.37305],[112.46423,23.44852],[112.49387,23.45677],[112.49056,23.47255],[112.51728,23.46204],[112.57115,23.48372],[112.56804,23.56983],[112.61354,23.59487],[112.65718,23.59158],[112.65287,23.62072],[112.69722,23.64062],[112.69342,23.68891]]]}},{"type":"Feature","id":"CTAMAP-2016-COUNTY-1892","properties":{"map_level":"county","source_name":"遂溪县","source_code":"440823","county_type":"县","prefecture_name":"湛江市","prefecture_code":"440800","prefecture_type":"地级市","parent_entity_id":"CNUR-000203","parent_year_end_name":"湛江市","province_name":"广东省","province_code":"440000","snapshot_year":2016,"panel_year":2015,"link_status":"parent_linked","former_name":"","note":""},"geometry":{"type":"Polygon","coordinates":[[[110.36438,21.43652],[110.40956,21.32849],[110.39049,21.325],[110.38491,21.30475],[110.36027,21.32067],[110.32143,21.30047],[110.2891,21.32723],[110.2696,21.29517],[110.23034,21.30072],[110.21826,21.27166],[110.20037,21.27828],[110.22258,21.26728],[110.18458,21.22975],[110.18216,21.21354],[110.19755,21.21797],[110.17606,21.18452],[110.21718,21.17097],[110.22557,21.18288],[110.23209,21.16819],[110.2324,21.15472],[110.23061,21.16842],[110.21126,21.15861],[110.21498,21.1469],[110.22523,21.14627],[110.2348,21.13016],[110.2238,21.1451],[110.20644,21.10991],[110.1829,21.10822],[110.16344,21.13036],[110.1309,21.11376],[110.13677,21.05257],[110.11692,21.01696],[110.09958,21.0421],[110.04865,21.03817],[110.04936,21.07339],[110.07114,21.10103],[110.03526,21.16649],[110.00494,21.18173],[109.95955,21.16745],[109.935,21.18153],[109.91121,21.17665],[109.88292,21.11284],[109.86701,21.11393],[109.87909,21.08483],[109.8597,21.06844],[109.8723,21.02618],[109.83377,21.05649],[109.76637,20.99994],[109.7224,21.01282],[109.69461,20.99868],[109.70964,21.06554],[109.67537,21.1202],[109.73453,21.19134],[109.73908,21.17244],[109.74961,21.16722],[109.74149,21.18223],[109.76902,21.21247],[109.77525,21.29641],[109.75706,21.34512],[109.76991,21.35498],[109.79239,21.3325],[109.80191,21.35147],[109.91672,21.35833],[109.90186,21.3741],[109.90839,21.41507],[109.93814,21.4346],[109.95247,21.42046],[109.99844,21.42318],[110.09798,21.44669],[110.13743,21.41661],[110.15384,21.44913],[110.1756,21.45697],[110.20647,21.42237],[110.19871,21.45854],[110.17807,21.47188],[110.19119,21.50968],[110.27398,21.49717],[110.26464,21.47501],[110.32823,21.43047],[110.36438,21.43652]]]}},{"type":"Feature","id":"CTAMAP-2016-COUNTY-1903","properties":{"map_level":"county","source_name":"台山市","source_code":"440781","county_type":"县级市","prefecture_name":"江门市","prefecture_code":"440700","prefecture_type":"地级市","parent_entity_id":"CNUR-000202","parent_year_end_name":"江门市","province_name":"广东省","province_code":"440000","snapshot_year":2016,"panel_year":2015,"link_status":"parent_linked","former_name":"","note":""},"geometry":{"type":"MultiPolygon","coordinates":[[[[112.80655,22.43973],[112.81534,22.41096],[112.86432,22.38649],[112.8713,22.35922],[112.90025,22.35776],[112.96629,22.26063],[112.94824,22.17249],[112.99282,22.15239],[113.02599,22.10561],[113.00967,22.07501],[113.02898,21.94959],[112.98974,21.92024],[112.98291,21.89224],[112.90729,21.85236],[112.86203,21.91201],[112.84511,21.91284],[112.8578,21.93483],[112.82281,21.9634],[112.8261,21.94713],[112.75205,21.9239],[112.74167,21.88889],[112.70947,21.89077],[112.68807,21.85002],[112.65898,21.8388],[112.64473,21.78623],[112.62174,21.78934],[112.62456,21.77225],[112.5649,21.75474],[112.43213,21.81509],[112.41802,21.85153],[112.42234,21.91674],[112.44928,21.93249],[112.50208,21.94145],[112.50757,21.94826],[112.4601,21.95303],[112.40869,21.90417],[112.37194,21.99468],[112.39634,22.02723],[112.40097,22.05086],[112.39949,22.06723],[112.39496,22.04982],[112.37121,22.05734],[112.37211,22.08115],[112.35577,22.09412],[112.37301,22.13668],[112.41029,22.12317],[112.40431,22.10418],[112.45809,22.11488],[112.49108,22.08844],[112.47471,22.04815],[112.48681,22.01422],[112.51268,22.01618],[112.50777,22.04241],[112.5244,22.01237],[112.60294,21.97349],[112.62787,22.03604],[112.59205,22.05204],[112.58195,22.07591],[112.61899,22.10867],[112.63021,22.14355],[112.59874,22.15669],[112.59988,22.18688],[112.5722,22.19379],[112.58868,22.24607],[112.56315,22.25577],[112.57274,22.28473],[112.65128,22.30339],[112.6359,22.34824],[112.6457,22.35915],[112.6699,22.35304],[112.67017,22.31133],[112.68243,22.33292],[112.73557,22.3502],[112.72987,22.37179],[112.75673,22.40993],[112.75112,22.43996],[112.7952,22.42918],[112.80655,22.43973]]],[[[112.8301,21.7784],[112.87206,21.77386],[112.87239,21.76031],[112.85927,21.74452],[112.82401,21.74612],[112.79946,21.69091],[112.81579,21.6584],[112.78857,21.62098],[112.8103,21.59112],[112.76725,21.56904],[112.76846,21.59475],[112.74879,21.58762],[112.76167,21.61438],[112.72742,21.61566],[112.74762,21.65043],[112.77586,21.64823],[112.78377,21.68264],[112.74845,21.68658],[112.72961,21.66999],[112.705,21.68117],[112.71626,21.69323],[112.70395,21.7007],[112.73618,21.72879],[112.76796,21.72406],[112.77898,21.77003],[112.78937,21.75735],[112.8301,21.7784]]],[[[112.38689,21.93293],[112.41382,21.82056],[112.40765,21.74211],[112.30815,21.70437],[112.29587,21.74435],[112.32001,21.76083],[112.3221,21.80132],[112.36498,21.86407],[112.33789,21.87935],[112.34002,21.90948],[112.38689,21.93293]]],[[[112.65343,21.70878],[112.66099,21.68745],[112.6343,21.67751],[112.63058,21.65831],[112.65519,21.63582],[112.62811,21.63513],[112.61516,21.60991],[112.56345,21.6249],[112.5377,21.6097],[112.55613,21.59404],[112.52114,21.59024],[112.53859,21.63969],[112.5684,21.6472],[112.55644,21.66866],[112.58445,21.67562],[112.60407,21.70383],[112.65343,21.70878]]],[[[113.04461,21.87047],[113.01614,21.84578],[113.0041,21.87074],[113.03364,21.88463],[113.04461,21.87047]]],[[[112.45302,21.69133],[112.45105,21.6521],[112.43174,21.65911],[112.45302,21.69133]]],[[[112.85655,21.60609],[112.90082,21.61006],[112.8865,21.59907],[112.85655,21.60609]]],[[[112.80945,21.5719],[112.78858,21.56873],[112.81268,21.5817],[112.80945,21.5719]]],[[[112.59489,21.59513],[112.58224,21.58959],[112.57508,21.59309],[112.58597,21.60178],[112.59489,21.59513]]],[[[112.64964,21.60827],[112.65583,21.59904],[112.64687,21.60157],[112.64964,21.60827]]],[[[112.68594,21.70411],[112.67327,21.70354],[112.68255,21.71615],[112.68594,21.70411]]],[[[112.37508,22.00749],[112.37575,22.00356],[112.37173,22.00197],[112.37508,22.00749]]],[[[112.66665,21.61969],[112.66147,21.61385],[112.65968,21.61746],[112.66665,21.61969]]],[[[112.39931,22.05365],[112.39632,22.04974],[112.39796,22.05613],[112.39931,22.05365]]]]}},{"type":"Feature","id":"CTAMAP-2016-COUNTY-1937","properties":{"map_level":"county","source_name":"天河区","source_code":"440106","county_type":"市辖区","prefecture_name":"广州市","prefecture_code":"440100","prefecture_type":"地级市","parent_entity_id":"CNUR-000196","parent_year_end_name":"广州市","province_name":"广东省","province_code":"440000","snapshot_year":2016,"panel_year":2015,"link_status":"parent_linked","former_name":"","note":""},"geometry":{"type":"Polygon","coordinates":[[[113.39511,23.24832],[113.3955,23.21414],[113.4354,23.12837],[113.40909,23.10056],[113.30972,23.11519],[113.30355,23.17153],[113.32806,23.17616],[113.3541,23.23263],[113.39511,23.24832]]]}},{"type":"Feature","id":"CTAMAP-2016-COUNTY-2061","properties":{"map_level":"county","source_name":"翁源县","source_code":"440229","county_type":"县","prefecture_name":"韶关市","prefecture_code":"440200","prefecture_type":"地级市","parent_entity_id":"CNUR-000197","parent_year_end_name":"韶关市","province_name":"广东省","province_code":"440000","snapshot_year":2016,"panel_year":2015,"link_status":"parent_linked","former_name":"","note":""},"geometry":{"type":"Polygon","coordinates":[[[114.27372,24.63442],[114.30621,24.56032],[114.26618,24.53307],[114.3085,24.48088],[114.23629,24.42573],[114.25108,24.40377],[114.24442,24.36297],[114.28861,24.35412],[114.26755,24.32676],[114.27614,24.30603],[114.26133,24.28492],[114.25036,24.29469],[114.24393,24.26802],[114.21158,24.27305],[114.08738,24.22943],[114.07947,24.19474],[114.09194,24.17282],[114.06012,24.12302],[114.04523,24.12396],[114.03367,24.15407],[113.99683,24.14799],[113.96321,24.20775],[113.89102,24.21183],[113.88684,24.24396],[113.83632,24.26648],[113.84327,24.32852],[113.81085,24.34888],[113.79808,24.40606],[113.75811,24.41937],[113.74755,24.44081],[113.72074,24.43999],[113.70736,24.41383],[113.65519,24.48944],[113.66676,24.55432],[113.68788,24.54895],[113.70987,24.5644],[113.74883,24.52346],[113.78116,24.55598],[113.77428,24.60221],[113.81508,24.62588],[113.87601,24.62465],[113.89491,24.59692],[113.88686,24.56874],[113.9906,24.5211],[114.03451,24.54355],[114.02743,24.56683],[114.05055,24.61977],[114.08933,24.60592],[114.18652,24.65615],[114.27372,24.63442]]]}},{"type":"Feature","id":"CTAMAP-2016-COUNTY-2085","properties":{"map_level":"county","source_name":"吴川市","source_code":"440883","county_type":"县级市","prefecture_name":"湛江市","prefecture_code":"440800","prefecture_type":"地级市","parent_entity_id":"CNUR-000203","parent_year_end_name":"湛江市","province_name":"广东省","province_code":"440000","snapshot_year":2016,"panel_year":2015,"link_status":"parent_linked","former_name":"","note":""},"geometry":{"type":"Polygon","coordinates":[[[110.86551,21.50811],[110.86597,21.47378],[110.89346,21.46389],[110.87589,21.44733],[110.8898,21.43237],[110.9279,21.44858],[110.95396,21.43956],[110.95559,21.4537],[110.9659,21.42253],[110.92692,21.41767],[110.88164,21.38587],[110.79684,21.40273],[110.74362,21.38433],[110.64051,21.23967],[110.63249,21.29186],[110.58805,21.26804],[110.51781,21.30617],[110.56465,21.36342],[110.53475,21.37963],[110.52584,21.41866],[110.47847,21.4465],[110.47977,21.46749],[110.53785,21.4757],[110.56043,21.51947],[110.57562,21.50092],[110.59571,21.50998],[110.61641,21.48379],[110.6412,21.48505],[110.64035,21.50391],[110.68338,21.49387],[110.66919,21.52299],[110.72479,21.52755],[110.72233,21.57527],[110.7433,21.59194],[110.73067,21.61687],[110.75696,21.6506],[110.79369,21.63445],[110.79164,21.58603],[110.80992,21.58602],[110.815,21.54713],[110.84844,21.52385],[110.85201,21.50638],[110.83595,21.4964],[110.86551,21.50811]]]}},{"type":"Feature","id":"CTAMAP-2016-COUNTY-2096","properties":{"map_level":"county","source_name":"五华县","source_code":"441424","county_type":"县","prefecture_name":"梅州市","prefecture_code":"441400","prefecture_type":"地级市","parent_entity_id":"CNUR-000207","parent_year_end_name":"梅州市","province_name":"广东省","province_code":"440000","snapshot_year":2016,"panel_year":2015,"link_status":"parent_linked","former_name":"","note":""},"geometry":{"type":"Polygon","coordinates":[[[115.54197,24.1734],[115.59459,24.18108],[115.61295,24.16283],[115.61362,24.12015],[115.71128,24.07495],[115.70602,24.05447],[115.72177,24.05581],[115.74067,24.02169],[115.76473,24.02452],[115.7757,24.00145],[115.80265,24.02389],[115.86084,23.98874],[115.92139,23.87664],[115.93973,23.88475],[116.00416,23.85561],[116.01963,23.82943],[115.92942,23.7697],[115.89757,23.70213],[115.81333,23.64689],[115.79544,23.61814],[115.806,23.60438],[115.79243,23.59839],[115.80918,23.5803],[115.78073,23.5191],[115.74518,23.53021],[115.71991,23.51617],[115.68075,23.56008],[115.61476,23.50849],[115.6106,23.47674],[115.56377,23.43883],[115.52232,23.43147],[115.49967,23.38058],[115.47024,23.376],[115.45258,23.38519],[115.45024,23.41974],[115.43036,23.43259],[115.43226,23.45926],[115.40929,23.49263],[115.43493,23.5031],[115.42705,23.52563],[115.44546,23.55824],[115.43096,23.56514],[115.42136,23.6085],[115.45183,23.70718],[115.40223,23.70563],[115.40761,23.72533],[115.37847,23.74994],[115.38744,23.77965],[115.36305,23.76035],[115.31196,23.76382],[115.35259,23.79479],[115.34903,23.8445],[115.37089,23.85239],[115.38668,23.8833],[115.40351,23.9531],[115.44812,23.96948],[115.44132,24.041],[115.41269,24.07022],[115.44353,24.11145],[115.4346,24.12607],[115.47472,24.14572],[115.47735,24.12701],[115.49408,24.1337],[115.50681,24.1015],[115.52226,24.09905],[115.5287,24.1262],[115.50403,24.14208],[115.51679,24.14542],[115.50004,24.19117],[115.54197,24.1734]]]}},{"type":"Feature","id":"CTAMAP-2016-COUNTY-2114","properties":{"map_level":"county","source_name":"武江区","source_code":"440203","county_type":"市辖区","prefecture_name":"韶关市","prefecture_code":"440200","prefecture_type":"地级市","parent_entity_id":"CNUR-000197","parent_year_end_name":"韶关市","province_name":"广东省","province_code":"440000","snapshot_year":2016,"panel_year":2015,"link_status":"parent_linked","former_name":"","note":""},"geometry":{"type":"Polygon","coordinates":[[[113.50876,24.73681],[113.46436,24.70958],[113.42476,24.62386],[113.39764,24.62332],[113.39498,24.60689],[113.37186,24.59879],[113.33445,24.60407],[113.32152,24.57833],[113.25619,24.58967],[113.25603,24.57052],[113.21848,24.555],[113.21589,24.52647],[113.2011,24.52458],[113.17849,24.58464],[113.17604,24.56562],[113.15828,24.56098],[113.14504,24.56992],[113.16685,24.58298],[113.14534,24.58922],[113.14506,24.60452],[113.12121,24.60247],[113.15159,24.62259],[113.15208,24.66988],[113.16851,24.66494],[113.20455,24.69617],[113.24826,24.69076],[113.25275,24.67524],[113.26447,24.68784],[113.32017,24.6849],[113.36954,24.72832],[113.38681,24.72449],[113.38025,24.74315],[113.39839,24.77293],[113.36956,24.77946],[113.41517,24.78342],[113.42955,24.82192],[113.39761,24.85367],[113.44569,24.91798],[113.49478,24.88798],[113.49244,24.86228],[113.51837,24.87343],[113.52494,24.89374],[113.54396,24.86785],[113.5371,24.8219],[113.57668,24.82841],[113.58802,24.81534],[113.56959,24.72819],[113.50876,24.73681]]]}},{"type":"Feature","id":"CTAMAP-2016-COUNTY-2179","properties":{"map_level":"county","source_name":"霞山区","source_code":"440803","county_type":"市辖区","prefecture_name":"湛江市","prefecture_code":"440800","prefecture_type":"地级市","parent_entity_id":"CNUR-000203","parent_year_end_name":"湛江市","province_name":"广东省","province_code":"440000","snapshot_year":2016,"panel_year":2015,"link_status":"parent_linked","former_name":"","note":""},"geometry":{"type":"MultiPolygon","coordinates":[[[[110.40932,21.24365],[110.42386,21.22564],[110.40387,21.1459],[110.35095,21.1244],[110.31488,21.17819],[110.32161,21.20388],[110.34714,21.23585],[110.40932,21.24365]]],[[[110.44115,21.16437],[110.43702,21.15097],[110.41595,21.15704],[110.42406,21.16452],[110.44115,21.16437]]]]}},{"type":"Feature","id":"CTAMAP-2016-COUNTY-2202","properties":{"map_level":"county","source_name":"香洲区","source_code":"440402","county_type":"市辖区","prefecture_name":"珠海市","prefecture_code":"440400","prefecture_type":"地级市","parent_entity_id":"CNUR-000199","parent_year_end_name":"珠海市","province_name":"广东省","province_code":"440000","snapshot_year":2016,"panel_year":2015,"link_status":"parent_linked","former_name":"","note":""},"geometry":{"type":"MultiPolygon","coordinates":[[[[113.56236,22.41563],[113.56651,22.38719],[113.62154,22.37862],[113.62335,22.3617],[113.5908,22.34714],[113.60663,22.31947],[113.57487,22.30339],[113.57694,22.26883],[113.58899,22.24113],[113.53308,22.21231],[113.52202,22.1734],[113.54691,22.14666],[113.55468,22.07937],[113.52073,22.08182],[113.49306,22.06087],[113.47827,22.07744],[113.49714,22.07747],[113.46744,22.09618],[113.40863,22.20646],[113.48181,22.23002],[113.47352,22.24245],[113.50772,22.25355],[113.46449,22.31245],[113.49838,22.32849],[113.48397,22.35236],[113.48949,22.41096],[113.56236,22.41563]]],[[[114.31581,22.06626],[114.29491,22.04007],[114.2178,22.02223],[114.23415,22.03648],[114.31581,22.06626]]],[[[113.65246,22.43767],[113.65959,22.41763],[113.64465,22.39713],[113.61325,22.39268],[113.61651,22.43108],[113.65246,22.43767]]],[[[113.76766,22.0006],[113.7607,21.96543],[113.73736,21.9926],[113.76766,22.0006]]],[[[114.05953,21.91213],[114.05659,21.90076],[114.0717,21.90145],[114.03332,21.88358],[114.05953,21.91213]]],[[[113.71025,21.94981],[113.74648,21.94275],[113.7174,21.92531],[113.71025,21.94981]]],[[[114.18312,22.0124],[114.21375,22.01233],[114.22274,21.99844],[114.17784,21.99294],[114.18312,22.0124]]],[[[113.7818,22.41729],[113.81207,22.418],[113.81824,22.40056],[113.7818,22.41729]]],[[[114.16817,21.99612],[114.15011,21.98279],[114.11921,21.98583],[114.14747,22.00174],[114.16817,21.99612]]],[[[113.83253,22.13327],[113.81602,22.12402],[113.81564,22.15788],[113.82335,22.15862],[113.83253,22.13327]]],[[[113.71701,22.02917],[113.71178,22.01065],[113.69054,22.02368],[113.69768,22.03175],[113.71701,22.02917]]],[[[113.68871,21.9654],[113.70021,21.94376],[113.67603,21.94423],[113.68871,21.9654]]],[[[114.04143,22.11244],[114.05081,22.09642],[114.04691,22.08917],[114.02327,22.10012],[114.04143,22.11244]]],[[[114.026,21.87585],[114.00314,21.8524],[114.00601,21.86637],[114.026,21.87585]]],[[[113.93354,22.04175],[113.915,22.03876],[113.91999,22.05204],[113.93354,22.04175]]],[[[113.7964,22.17649],[113.81149,22.16368],[113.80991,22.16028],[113.7964,22.17649]]],[[[113.82056,22.0064],[113.83114,21.99973],[113.8382,22.00248],[113.82374,21.99193],[113.82056,22.0064]]],[[[113.89813,22.12172],[113.88185,22.11555],[113.8919,22.12767],[113.89813,22.12172]]],[[[114.13321,21.97234],[114.1382,21.96955],[114.12241,21.96512],[114.13321,21.97234]]],[[[113.66854,22.04313],[113.66249,22.02624],[113.66149,22.04213],[113.66854,22.04313]]],[[[113.58512,22.21302],[113.57161,22.20403],[113.57205,22.2143],[113.58512,22.21302]]],[[[113.99565,22.05163],[113.99521,22.03834],[113.98922,22.04972],[113.99565,22.05163]]],[[[114.01423,22.03249],[114.00294,22.02869],[114.00926,22.04082],[114.01423,22.03249]]],[[[113.58979,22.28296],[113.58007,22.27788],[113.58401,22.28968],[113.58979,22.28296]]],[[[113.70327,22.14558],[113.71547,22.14313],[113.70286,22.13821],[113.70327,22.14558]]],[[[113.70202,22.10296],[113.69647,22.09768],[113.69638,22.10361],[113.70202,22.10296]]],[[[113.80044,22.0065],[113.81424,22.00423],[113.8073,22.00141],[113.80044,22.0065]]],[[[113.91363,22.03997],[113.90624,22.04079],[113.9134,22.04346],[113.91363,22.03997]]],[[[113.97698,22.06408],[113.97385,22.05737],[113.97256,22.06404],[113.97698,22.06408]]],[[[114.01075,22.04136],[114.0214,22.04395],[114.01447,22.039],[114.01075,22.04136]]],[[[113.69703,22.04787],[113.68896,22.04398],[113.69558,22.04878],[113.69703,22.04787]]],[[[113.59462,22.24833],[113.6005,22.25151],[113.60016,22.24718],[113.59462,22.24833]]]]}},{"type":"Feature","id":"CTAMAP-2016-COUNTY-2204","properties":{"map_level":"county","source_name":"湘桥区","source_code":"445102","county_type":"市辖区","prefecture_name":"潮州市","prefecture_code":"445100","prefecture_type":"地级市","parent_entity_id":"CNUR-000214","parent_year_end_name":"潮州市","province_name":"广东省","province_code":"440000","snapshot_year":2016,"panel_year":2015,"link_status":"parent_linked","former_name":"","note":""},"geometry":{"type":"Polygon","coordinates":[[[116.80917,23.65533],[116.82347,23.61454],[116.79109,23.61294],[116.78063,23.58175],[116.7511,23.57812],[116.73308,23.60463],[116.70884,23.60043],[116.69789,23.57642],[116.6347,23.63624],[116.61786,23.6288],[116.62474,23.64885],[116.59718,23.66172],[116.58083,23.72139],[116.56631,23.71645],[116.56405,23.72853],[116.58431,23.73971],[116.67616,23.73178],[116.76248,23.76888],[116.77288,23.7113],[116.79804,23.7107],[116.83125,23.67774],[116.80917,23.65533]]]}},{"type":"Feature","id":"CTAMAP-2016-COUNTY-2242","properties":{"map_level":"county","source_name":"新丰县","source_code":"440233","county_type":"县","prefecture_name":"韶关市","prefecture_code":"440200","prefecture_type":"地级市","parent_entity_id":"CNUR-000197","parent_year_end_name":"韶关市","province_name":"广东省","province_code":"440000","snapshot_year":2016,"panel_year":2015,"link_status":"parent_linked","former_name":"","note":""},"geometry":{"type":"Polygon","coordinates":[[[114.26039,24.28515],[114.24732,24.26581],[114.26981,24.26045],[114.24847,24.25569],[114.27115,24.21385],[114.29295,24.20562],[114.2858,24.17881],[114.32806,24.12678],[114.34631,24.14661],[114.36634,24.13413],[114.39066,24.1445],[114.41465,24.14261],[114.42038,24.12004],[114.42673,24.13685],[114.47547,24.11908],[114.45515,24.17231],[114.47096,24.16899],[114.55415,24.25021],[114.59526,24.21427],[114.58243,24.19371],[114.59214,24.16795],[114.55488,24.15584],[114.55427,24.12736],[114.53215,24.1256],[114.52976,24.14215],[114.50469,24.10878],[114.48538,24.11833],[114.47326,24.08475],[114.43244,24.0648],[114.43729,24.03726],[114.38746,24.02509],[114.37742,23.93435],[114.34481,23.8905],[114.23223,23.91285],[114.26438,23.96338],[114.22594,23.94302],[114.16932,23.96164],[114.14936,23.9397],[114.0886,23.92648],[114.05229,23.93922],[114.03139,23.90392],[114.00382,23.93597],[113.85957,23.93188],[113.80243,23.90317],[113.76918,23.95737],[113.7351,23.96358],[113.71331,23.99568],[113.74322,24.0295],[113.78392,24.02665],[113.79903,24.05438],[113.82653,24.06417],[113.84131,24.08795],[113.83171,24.12132],[113.866,24.13932],[113.85378,24.16503],[113.8868,24.18882],[113.92441,24.18903],[113.91628,24.20371],[113.95785,24.21021],[113.99692,24.14792],[114.03367,24.15407],[114.04523,24.12396],[114.06737,24.12421],[114.08112,24.13906],[114.07126,24.15763],[114.09194,24.17282],[114.07947,24.19474],[114.08738,24.22943],[114.21158,24.27305],[114.24393,24.26802],[114.25036,24.29469],[114.26039,24.28515]]]}},{"type":"Feature","id":"CTAMAP-2016-COUNTY-2249","properties":{"map_level":"county","source_name":"新会区","source_code":"440705","county_type":"市辖区","prefecture_name":"江门市","prefecture_code":"440700","prefecture_type":"地级市","parent_entity_id":"CNUR-000202","parent_year_end_name":"江门市","province_name":"广东省","province_code":"440000","snapshot_year":2016,"panel_year":2015,"link_status":"parent_linked","former_name":"新会市","note":"2002年撤销新会市，设立新会区"},"geometry":{"type":"Polygon","coordinates":[[[113.06959,22.56412],[113.08036,22.48598],[113.1305,22.50121],[113.18296,22.54436],[113.23583,22.47752],[113.25751,22.39664],[113.20833,22.40276],[113.18648,22.38479],[113.17476,22.40696],[113.15776,22.40127],[113.18797,22.36209],[113.16237,22.24143],[113.10008,22.20558],[113.07994,22.22524],[113.08449,22.16917],[113.0723,22.15577],[113.08328,22.14628],[113.05921,22.11845],[113.03045,22.13884],[113.01544,22.11786],[112.99282,22.15239],[112.94824,22.17249],[112.96629,22.26063],[112.94455,22.29922],[112.90025,22.35776],[112.8713,22.35922],[112.86432,22.38649],[112.8137,22.41299],[112.79129,22.49714],[112.80327,22.5359],[112.79047,22.54567],[112.81809,22.55692],[112.83814,22.54127],[112.90272,22.57438],[112.95879,22.55266],[113.00828,22.57779],[113.06959,22.56412]]]}},{"type":"Feature","id":"CTAMAP-2016-COUNTY-2269","properties":{"map_level":"county","source_name":"新兴县","source_code":"445321","county_type":"县","prefecture_name":"云浮市","prefecture_code":"445300","prefecture_type":"地级市","parent_entity_id":"CNUR-000216","parent_year_end_name":"云浮市","province_name":"广东省","province_code":"440000","snapshot_year":2016,"panel_year":2015,"link_status":"parent_linked","former_name":"","note":""},"geometry":{"type":"Polygon","coordinates":[[[112.30675,22.83632],[112.32978,22.81292],[112.31042,22.7921],[112.37891,22.79505],[112.40668,22.67381],[112.45862,22.71441],[112.48677,22.69188],[112.51669,22.60995],[112.46041,22.58803],[112.43029,22.62267],[112.43023,22.66408],[112.4143,22.66679],[112.39502,22.63803],[112.40129,22.6212],[112.3729,22.59583],[112.36996,22.5551],[112.33735,22.56702],[112.35916,22.55243],[112.33119,22.54823],[112.31807,22.55725],[112.32503,22.57112],[112.30383,22.57535],[112.29923,22.52243],[112.25195,22.50309],[112.25719,22.48359],[112.23058,22.436],[112.23939,22.41129],[112.19276,22.40542],[112.18095,22.36789],[112.13669,22.4184],[112.07348,22.42212],[111.97775,22.50849],[111.96447,22.55027],[111.99432,22.5911],[111.96058,22.63042],[111.9838,22.65163],[112.04003,22.65299],[112.06312,22.7325],[112.07921,22.74619],[112.0866,22.73427],[112.09461,22.76905],[112.11729,22.78604],[112.15361,22.78687],[112.2259,22.84042],[112.26306,22.82622],[112.30675,22.83632]]]}},{"type":"Feature","id":"CTAMAP-2016-COUNTY-2276","properties":{"map_level":"county","source_name":"信宜市","source_code":"440983","county_type":"县级市","prefecture_name":"茂名市","prefecture_code":"440900","prefecture_type":"地级市","parent_entity_id":"CNUR-000204","parent_year_end_name":"茂名市","province_name":"广东省","province_code":"440000","snapshot_year":2016,"panel_year":2015,"link_status":"parent_linked","former_name":"","note":""},"geometry":{"type":"Polygon","coordinates":[[[111.66666,22.50629],[111.6742,22.46],[111.59233,22.37506],[111.5124,22.3687],[111.48678,22.33777],[111.46035,22.33244],[111.45373,22.27476],[111.41687,22.27546],[111.37695,22.24826],[111.36162,22.29022],[111.32508,22.31311],[111.25795,22.27049],[111.23484,22.29023],[111.20449,22.26404],[111.17452,22.2694],[111.07225,22.24207],[111.04724,22.26712],[111.00848,22.23178],[110.9518,22.23364],[110.90502,22.1949],[110.88193,22.20118],[110.87779,22.1862],[110.83985,22.21738],[110.79691,22.20999],[110.7754,22.2235],[110.79653,22.2693],[110.74389,22.33329],[110.7429,22.35659],[110.70516,22.37365],[110.70631,22.44602],[110.68927,22.44952],[110.67816,22.47658],[110.73905,22.46979],[110.7341,22.50247],[110.75892,22.52184],[110.74323,22.56022],[110.75905,22.56557],[110.7576,22.58802],[110.7722,22.58995],[110.79493,22.56021],[110.82781,22.59234],[110.87851,22.58596],[110.89243,22.61713],[110.94442,22.61255],[110.95324,22.63962],[110.99211,22.63384],[111.02213,22.6541],[111.05045,22.65068],[111.10534,22.7071],[111.13137,22.68664],[111.1388,22.62888],[111.16896,22.60872],[111.19202,22.61314],[111.21409,22.58855],[111.28413,22.592],[111.32215,22.55997],[111.28857,22.55019],[111.27127,22.49461],[111.33159,22.52567],[111.3451,22.50943],[111.40834,22.5151],[111.39793,22.48255],[111.4171,22.42924],[111.46614,22.44514],[111.46398,22.49307],[111.47639,22.50623],[111.52143,22.48352],[111.53964,22.5204],[111.59079,22.55446],[111.60583,22.54955],[111.61463,22.50042],[111.62178,22.5141],[111.66666,22.50629]]]}},{"type":"Feature","id":"CTAMAP-2016-COUNTY-2292","properties":{"map_level":"county","source_name":"兴宁市","source_code":"441481","county_type":"县级市","prefecture_name":"梅州市","prefecture_code":"441400","prefecture_type":"地级市","parent_entity_id":"CNUR-000207","parent_year_end_name":"梅州市","province_name":"广东省","province_code":"440000","snapshot_year":2016,"panel_year":2015,"link_status":"parent_linked","former_name":"","note":""},"geometry":{"type":"Polygon","coordinates":[[[115.5554,24.64566],[115.57143,24.61667],[115.60174,24.62896],[115.66767,24.60767],[115.6796,24.5505],[115.73017,24.5444],[115.74943,24.51169],[115.79455,24.49443],[115.81055,24.47022],[115.77837,24.41457],[115.78024,24.37672],[115.80547,24.34958],[115.85279,24.34105],[115.88585,24.26539],[115.9493,24.23873],[115.95377,24.18617],[115.9867,24.16105],[115.96716,24.15704],[115.98044,24.13628],[115.93745,24.10992],[115.93701,24.09165],[115.96414,24.06747],[115.92628,24.0724],[115.90696,24.05741],[115.9736,24.0231],[115.98827,23.98128],[116.02619,23.97907],[115.99556,23.94045],[116.00825,23.9133],[116.02366,23.92065],[116.03359,23.90333],[116.01803,23.8952],[116.02394,23.85769],[115.98526,23.85321],[115.93957,23.88478],[115.92248,23.87571],[115.86084,23.98874],[115.80379,24.02371],[115.77794,24.00097],[115.76232,24.02621],[115.74067,24.02169],[115.72177,24.05581],[115.70602,24.05447],[115.71128,24.07495],[115.61304,24.12074],[115.61295,24.16283],[115.59459,24.18108],[115.56874,24.17101],[115.53269,24.18424],[115.55304,24.21037],[115.56597,24.20499],[115.56553,24.23801],[115.58823,24.24914],[115.54394,24.36134],[115.57788,24.40873],[115.56786,24.44051],[115.58915,24.46403],[115.5697,24.4628],[115.56827,24.48004],[115.54635,24.47126],[115.54884,24.4881],[115.48995,24.49703],[115.47846,24.56475],[115.51016,24.57975],[115.50126,24.60568],[115.51508,24.63216],[115.5554,24.64566]]]}},{"type":"Feature","id":"CTAMAP-2016-COUNTY-2316","properties":{"map_level":"county","source_name":"徐闻县","source_code":"440825","county_type":"县","prefecture_name":"湛江市","prefecture_code":"440800","prefecture_type":"地级市","parent_entity_id":"CNUR-000203","parent_year_end_name":"湛江市","province_name":"广东省","province_code":"440000","snapshot_year":2016,"panel_year":2015,"link_status":"parent_linked","former_name":"","note":""},"geometry":{"type":"MultiPolygon","coordinates":[[[[110.01002,20.42659],[110.0347,20.44369],[110.0633,20.42925],[110.09102,20.45302],[110.07851,20.49424],[110.08893,20.50479],[110.07372,20.50906],[110.1146,20.52832],[110.09918,20.54],[110.10331,20.55686],[110.11701,20.56468],[110.13182,20.5345],[110.16943,20.53076],[110.19576,20.54401],[110.20645,20.57101],[110.24613,20.56869],[110.25628,20.58301],[110.25955,20.56968],[110.27898,20.60094],[110.33236,20.63139],[110.34463,20.671],[110.36931,20.63817],[110.38894,20.66696],[110.38568,20.64103],[110.43524,20.6675],[110.45419,20.64665],[110.46194,20.67477],[110.4842,20.58133],[110.44437,20.57903],[110.42391,20.63772],[110.39593,20.6053],[110.40823,20.58099],[110.45047,20.56301],[110.47213,20.57756],[110.53186,20.47776],[110.51828,20.42795],[110.47984,20.39877],[110.43764,20.32931],[110.40633,20.30589],[110.37415,20.30865],[110.332,20.26957],[110.29074,20.26425],[110.28346,20.24332],[110.27219,20.26567],[110.21874,20.28163],[110.23135,20.26798],[110.19694,20.27412],[110.18939,20.24752],[110.12405,20.23667],[110.11444,20.2637],[110.08008,20.26885],[110.06217,20.29051],[110.0135,20.28728],[110.01404,20.26879],[109.98107,20.29049],[109.9193,20.22327],[109.93559,20.29036],[109.92406,20.34238],[109.88857,20.35794],[109.87374,20.39943],[109.90811,20.43023],[109.97171,20.4028],[109.96347,20.38813],[109.97999,20.34638],[109.99631,20.35139],[109.97971,20.38267],[110.0117,20.40642],[110.01002,20.42659]]],[[[110.59023,20.37852],[110.56506,20.3354],[110.55368,20.33336],[110.57394,20.37158],[110.59023,20.37852]]],[[[110.41776,20.71035],[110.42955,20.69525],[110.42722,20.67857],[110.40128,20.68345],[110.41776,20.71035]]],[[[110.3488,20.68422],[110.37186,20.67337],[110.36924,20.6672],[110.3488,20.68422]]],[[[110.40831,20.61092],[110.42259,20.60455],[110.41865,20.59098],[110.40831,20.61092]]],[[[110.54678,20.55291],[110.55355,20.54686],[110.55188,20.53817],[110.54678,20.55291]]]]}},{"type":"Feature","id":"CTAMAP-2016-COUNTY-2354","properties":{"map_level":"county","source_name":"盐田区","source_code":"440308","county_type":"市辖区","prefecture_name":"深圳市","prefecture_code":"440300","prefecture_type":"地级市","parent_entity_id":"CNUR-000198","parent_year_end_name":"深圳市","province_name":"广东省","province_code":"440000","snapshot_year":2016,"panel_year":2015,"link_status":"parent_linked","former_name":"","note":""},"geometry":{"type":"Polygon","coordinates":[[[114.3344,22.62611],[114.34619,22.6003],[114.30489,22.59742],[114.30002,22.57307],[114.27947,22.58874],[114.26969,22.58409],[114.28855,22.5669],[114.24917,22.57075],[114.22665,22.54375],[114.19939,22.5568],[114.23403,22.61763],[114.26053,22.62508],[114.26487,22.65665],[114.28569,22.62222],[114.3344,22.62611]]]}},{"type":"Feature","id":"CTAMAP-2016-COUNTY-2368","properties":{"map_level":"county","source_name":"阳春市","source_code":"441781","county_type":"县级市","prefecture_name":"阳江市","prefecture_code":"441700","prefecture_type":"地级市","parent_entity_id":"CNUR-000210","parent_year_end_name":"阳江市","province_name":"广东省","province_code":"440000","snapshot_year":2016,"panel_year":2015,"link_status":"parent_linked","former_name":"","note":""},"geometry":{"type":"Polygon","coordinates":[[[111.81865,22.68348],[111.86612,22.66191],[111.8646,22.63634],[111.85169,22.63464],[111.85429,22.6086],[111.81712,22.60024],[111.89284,22.57372],[111.95469,22.63537],[111.99432,22.5911],[111.96447,22.55027],[111.97775,22.50849],[112.07348,22.42212],[112.13669,22.4184],[112.15725,22.40295],[112.14183,22.34163],[112.12538,22.35325],[112.11506,22.33981],[112.11423,22.35909],[112.07687,22.35374],[112.04133,22.27027],[112.00608,22.26974],[111.99918,22.25079],[111.94563,22.26444],[111.94296,22.17301],[111.87295,22.12576],[111.87617,22.09505],[111.83377,22.04642],[111.80211,22.02806],[111.78858,22.04638],[111.78097,22.0343],[111.79897,22.02652],[111.76321,22.00498],[111.79182,21.98399],[111.79441,21.95529],[111.73701,21.94469],[111.70644,21.90188],[111.67347,21.90575],[111.66345,21.88922],[111.59452,21.90862],[111.56701,21.89294],[111.56915,21.87997],[111.51286,21.88034],[111.41463,21.84347],[111.29077,21.90522],[111.27888,21.99659],[111.30265,22.02802],[111.281,22.05761],[111.33552,22.12484],[111.3218,22.1736],[111.34929,22.1929],[111.34053,22.21396],[111.35422,22.2355],[111.41687,22.27546],[111.45373,22.27476],[111.46035,22.33244],[111.48678,22.33777],[111.5124,22.3687],[111.59233,22.37506],[111.6742,22.46],[111.67454,22.48386],[111.70773,22.50952],[111.72788,22.56854],[111.80747,22.63217],[111.81865,22.68348]]]}},{"type":"Feature","id":"CTAMAP-2016-COUNTY-2369","properties":{"map_level":"county","source_name":"阳东区","source_code":"441704","county_type":"市辖区","prefecture_name":"阳江市","prefecture_code":"441700","prefecture_type":"地级市","parent_entity_id":"CNUR-000210","parent_year_end_name":"阳江市","province_name":"广东省","province_code":"440000","snapshot_year":2016,"panel_year":2015,"link_status":"parent_linked","former_name":"阳东县","note":"2014年撤销阳东县，设立阳东区"},"geometry":{"type":"Polygon","coordinates":[[[111.99918,22.25079],[112.0466,22.21048],[112.03126,22.17626],[112.04576,22.1489],[112.02161,22.12937],[112.02919,22.11626],[112.09593,22.13811],[112.12079,22.09926],[112.15132,22.09846],[112.18009,22.06944],[112.22103,22.06913],[112.21835,22.01435],[112.31312,21.97903],[112.33446,21.94931],[112.33789,21.87935],[112.36498,21.86407],[112.3221,21.80132],[112.32001,21.76083],[112.29587,21.74435],[112.30306,21.70799],[112.2394,21.70716],[112.24171,21.73048],[112.198,21.74532],[112.19972,21.79233],[112.18252,21.80536],[112.07429,21.78323],[112.01695,21.79075],[111.9928,21.8711],[112.02747,21.95924],[111.92162,21.90422],[111.87042,21.94065],[111.80209,21.95655],[111.76321,22.00498],[111.79897,22.02652],[111.78097,22.0343],[111.78858,22.04638],[111.80344,22.02808],[111.8369,22.04913],[111.87617,22.09505],[111.87295,22.12576],[111.94296,22.17301],[111.94563,22.26444],[111.99918,22.25079]]]}},{"type":"Feature","id":"CTAMAP-2016-COUNTY-2374","properties":{"map_level":"county","source_name":"阳山县","source_code":"441823","county_type":"县","prefecture_name":"清远市","prefecture_code":"441800","prefecture_type":"地级市","parent_entity_id":"CNUR-000211","parent_year_end_name":"清远市","province_name":"广东省","province_code":"440000","snapshot_year":2016,"panel_year":2015,"link_status":"parent_linked","former_name":"","note":""},"geometry":{"type":"Polygon","coordinates":[[[112.99065,24.92753],[113.01501,24.85927],[112.94438,24.81918],[112.95745,24.80169],[112.92745,24.7588],[112.93502,24.7417],[112.9214,24.72003],[112.89276,24.7199],[112.9109,24.66484],[112.89051,24.6537],[112.87877,24.61982],[112.8821,24.59827],[112.95859,24.59047],[112.97256,24.55313],[112.9495,24.54708],[112.94708,24.48647],[112.87922,24.4816],[112.85467,24.44731],[112.86109,24.42481],[112.84294,24.41278],[112.88202,24.37541],[112.75536,24.32671],[112.75402,24.26963],[112.76983,24.26531],[112.72198,24.24912],[112.71259,24.21151],[112.65328,24.23278],[112.61884,24.22298],[112.6259,24.16173],[112.5957,24.10366],[112.60792,24.08022],[112.56303,24.02427],[112.57215,23.97191],[112.51094,23.97931],[112.50328,24.01178],[112.51396,24.01987],[112.48072,24.11797],[112.4238,24.13435],[112.45226,24.24247],[112.4421,24.28859],[112.41567,24.28912],[112.41197,24.34332],[112.43892,24.38662],[112.47089,24.34594],[112.45541,24.38355],[112.4829,24.39956],[112.48152,24.4151],[112.46236,24.4146],[112.46278,24.44415],[112.44791,24.41706],[112.42099,24.42782],[112.43269,24.47671],[112.39163,24.45961],[112.37393,24.47704],[112.38156,24.49753],[112.36517,24.50065],[112.38765,24.62239],[112.43876,24.65683],[112.55535,24.6706],[112.59399,24.72788],[112.64601,24.72462],[112.64301,24.75699],[112.6856,24.79021],[112.69947,24.86304],[112.76379,24.8699],[112.77427,24.90151],[112.85909,24.89893],[112.90362,24.92348],[112.99065,24.92753]]]}},{"type":"Feature","id":"CTAMAP-2016-COUNTY-2376","properties":{"map_level":"county","source_name":"阳西县","source_code":"441721","county_type":"县","prefecture_name":"阳江市","prefecture_code":"441700","prefecture_type":"地级市","parent_entity_id":"CNUR-000210","parent_year_end_name":"阳江市","province_name":"广东省","province_code":"440000","snapshot_year":2016,"panel_year":2015,"link_status":"parent_linked","former_name":"","note":""},"geometry":{"type":"MultiPolygon","coordinates":[[[[111.67347,21.90575],[111.72853,21.90363],[111.74735,21.86412],[111.78001,21.85486],[111.81289,21.81305],[111.7731,21.7627],[111.75966,21.77657],[111.72073,21.76072],[111.70784,21.76906],[111.69654,21.76582],[111.68785,21.77372],[111.68554,21.77095],[111.73553,21.71801],[111.74229,21.73029],[111.78664,21.7135],[111.7827,21.66184],[111.77405,21.64269],[111.75856,21.64364],[111.78521,21.61992],[111.6969,21.60019],[111.67034,21.57054],[111.66993,21.53289],[111.64526,21.51625],[111.63157,21.54043],[111.61232,21.54878],[111.63181,21.52647],[111.59272,21.53291],[111.54429,21.50729],[111.54794,21.52444],[111.52414,21.52521],[111.474,21.50295],[111.45525,21.52301],[111.48583,21.526],[111.46567,21.52834],[111.43817,21.58021],[111.41295,21.57975],[111.42204,21.61634],[111.40954,21.63979],[111.43224,21.70933],[111.37651,21.73696],[111.38373,21.75917],[111.37037,21.77703],[111.41757,21.81435],[111.4221,21.85264],[111.51286,21.88034],[111.56915,21.87997],[111.56701,21.89294],[111.59452,21.90862],[111.66345,21.88922],[111.67347,21.90575]]],[[[111.78959,21.69943],[111.80779,21.696],[111.79136,21.67813],[111.78959,21.69943]]]]}},{"type":"Feature","id":"CTAMAP-2016-COUNTY-2438","properties":{"map_level":"county","source_name":"英德市","source_code":"441881","county_type":"县级市","prefecture_name":"清远市","prefecture_code":"441800","prefecture_type":"地级市","parent_entity_id":"CNUR-000211","parent_year_end_name":"清远市","province_name":"广东省","province_code":"440000","snapshot_year":2016,"panel_year":2015,"link_status":"parent_linked","former_name":"","note":""},"geometry":{"type":"Polygon","coordinates":[[[112.97084,24.54964],[113.06266,24.47044],[113.08108,24.47578],[113.09156,24.5034],[113.11319,24.50339],[113.14755,24.4704],[113.15613,24.48549],[113.1993,24.47727],[113.2418,24.50828],[113.26609,24.46831],[113.29047,24.45923],[113.37203,24.49682],[113.37454,24.48526],[113.41196,24.48741],[113.41009,24.46319],[113.43593,24.45694],[113.50115,24.48817],[113.51576,24.47666],[113.537,24.5116],[113.59296,24.5162],[113.59618,24.49688],[113.66859,24.46631],[113.70736,24.41383],[113.72074,24.43999],[113.74755,24.44081],[113.75811,24.41937],[113.79808,24.40606],[113.81085,24.34888],[113.84327,24.32852],[113.83632,24.26648],[113.88684,24.24396],[113.89102,24.21183],[113.92548,24.19086],[113.89292,24.192],[113.85378,24.16503],[113.86614,24.13956],[113.83171,24.12132],[113.84127,24.08787],[113.77933,24.02485],[113.74665,24.03009],[113.74541,24.06026],[113.72391,24.08542],[113.67227,24.06892],[113.62603,24.09852],[113.61852,24.12023],[113.60581,24.08259],[113.58044,24.08744],[113.55565,24.06014],[113.52931,24.07051],[113.51036,23.99516],[113.52578,23.96587],[113.49876,23.96552],[113.48174,23.94737],[113.4402,23.95535],[113.42591,23.9247],[113.36098,23.92088],[113.34057,23.90237],[113.35761,23.88672],[113.33611,23.85542],[113.26856,23.84546],[113.19541,23.86824],[113.18901,23.89045],[113.10199,23.88523],[113.08465,23.92555],[112.98822,23.96465],[112.97403,24.05584],[112.91265,24.04171],[112.89797,24.06198],[112.91158,24.09326],[112.86214,24.12539],[112.83042,24.12606],[112.80224,24.18978],[112.80922,24.21709],[112.83249,24.22691],[112.82945,24.26751],[112.80498,24.26659],[112.75503,24.32633],[112.882,24.37538],[112.84294,24.41278],[112.86241,24.42828],[112.85468,24.44733],[112.88155,24.48352],[112.94603,24.48473],[112.9495,24.54708],[112.97084,24.54964]]]}},{"type":"Feature","id":"CTAMAP-2016-COUNTY-2523","properties":{"map_level":"county","source_name":"郁南县","source_code":"445322","county_type":"县","prefecture_name":"云浮市","prefecture_code":"445300","prefecture_type":"地级市","parent_entity_id":"CNUR-000216","parent_year_end_name":"云浮市","province_name":"广东省","province_code":"440000","snapshot_year":2016,"panel_year":2015,"link_status":"parent_linked","former_name":"","note":""},"geometry":{"type":"Polygon","coordinates":[[[111.57403,23.25722],[111.5336,23.21658],[111.58328,23.19056],[111.63083,23.18931],[111.65698,23.1596],[111.7733,23.13418],[111.86707,23.14351],[111.8935,23.12888],[111.88067,23.08295],[111.90411,23.04167],[111.88379,23.02123],[111.84535,23.02573],[111.84836,22.96619],[111.82212,22.95026],[111.81922,22.93071],[111.87639,22.90218],[111.8843,22.87258],[111.86912,22.89645],[111.83404,22.84659],[111.76813,22.85602],[111.7474,22.80888],[111.68654,22.80816],[111.69393,22.82093],[111.66294,22.83633],[111.63971,22.7967],[111.62273,22.80871],[111.63011,22.8202],[111.60224,22.82422],[111.60768,22.81303],[111.56869,22.79442],[111.5407,22.84677],[111.49605,22.84331],[111.48921,22.89832],[111.45026,22.95652],[111.36295,22.9466],[111.35834,22.97115],[111.39776,22.9903],[111.38436,23.00876],[111.42878,23.03912],[111.42927,23.07444],[111.38846,23.07111],[111.36855,23.09247],[111.37613,23.12585],[111.36351,23.14568],[111.39401,23.16299],[111.37892,23.16953],[111.383,23.2146],[111.35943,23.24351],[111.36705,23.2651],[111.34499,23.27192],[111.34751,23.29057],[111.37224,23.30751],[111.37359,23.32909],[111.39089,23.32758],[111.46009,23.27486],[111.5112,23.28777],[111.52709,23.32711],[111.57403,23.25722]]]}},{"type":"Feature","id":"CTAMAP-2016-COUNTY-2539","properties":{"map_level":"county","source_name":"源城区","source_code":"441602","county_type":"市辖区","prefecture_name":"河源市","prefecture_code":"441600","prefecture_type":"地级市","parent_entity_id":"CNUR-000209","parent_year_end_name":"河源市","province_name":"广东省","province_code":"440000","snapshot_year":2016,"panel_year":2015,"link_status":"parent_linked","former_name":"","note":""},"geometry":{"type":"Polygon","coordinates":[[[114.76183,23.73975],[114.69707,23.7],[114.67473,23.65491],[114.67222,23.59585],[114.61861,23.55119],[114.61957,23.53191],[114.56331,23.57331],[114.52398,23.67131],[114.59356,23.69983],[114.59084,23.72658],[114.61396,23.74363],[114.60038,23.76217],[114.63764,23.77052],[114.68639,23.84789],[114.73017,23.81768],[114.7281,23.76042],[114.76183,23.73975]]]}},{"type":"Feature","id":"CTAMAP-2016-COUNTY-2552","properties":{"map_level":"county","source_name":"越秀区","source_code":"440104","county_type":"市辖区","prefecture_name":"广州市","prefecture_code":"440100","prefecture_type":"地级市","parent_entity_id":"CNUR-000196","parent_year_end_name":"广州市","province_name":"广东省","province_code":"440000","snapshot_year":2016,"panel_year":2015,"link_status":"parent_linked","former_name":"","note":""},"geometry":{"type":"Polygon","coordinates":[[[113.30086,23.16238],[113.31765,23.11181],[113.24908,23.10983],[113.23569,23.16996],[113.25634,23.15088],[113.30086,23.16238]]]}},{"type":"Feature","id":"CTAMAP-2016-COUNTY-2553","properties":{"map_level":"county","source_name":"云安区","source_code":"445303","county_type":"市辖区","prefecture_name":"云浮市","prefecture_code":"445300","prefecture_type":"地级市","parent_entity_id":"CNUR-000216","parent_year_end_name":"云浮市","province_name":"广东省","province_code":"440000","snapshot_year":2016,"panel_year":2015,"link_status":"parent_linked","former_name":"云安县","note":"2014年撤销云安县，设立云安区"},"geometry":{"type":"Polygon","coordinates":[[[112.24924,23.1211],[112.30314,23.12473],[112.32103,23.09571],[112.17196,22.96688],[112.15648,22.96245],[112.15372,22.98623],[112.10147,23.01138],[112.06083,23.01553],[112.06166,22.98982],[112.03128,23.02836],[112.00683,22.99504],[111.97047,22.98446],[111.9684,22.94402],[111.98137,22.9306],[111.95542,22.87716],[111.98601,22.86941],[112.02571,22.88918],[112.03381,22.87341],[111.99682,22.79344],[112.00312,22.73537],[111.98668,22.71123],[112.01781,22.68884],[112.00222,22.65251],[111.93459,22.62451],[111.89284,22.57372],[111.83155,22.58838],[111.81665,22.60225],[111.85429,22.6086],[111.86662,22.65109],[111.84092,22.68864],[111.87432,22.7038],[111.88262,22.72597],[111.83602,22.74636],[111.83366,22.77843],[111.8028,22.77362],[111.79995,22.75936],[111.77936,22.76615],[111.80091,22.80054],[111.76901,22.78837],[111.75982,22.80519],[111.75207,22.7831],[111.7243,22.80485],[111.7474,22.80888],[111.76813,22.85602],[111.83404,22.84659],[111.86912,22.89645],[111.88646,22.87561],[111.8746,22.90378],[111.84154,22.90853],[111.81922,22.93071],[111.82212,22.95026],[111.84836,22.96619],[111.84535,23.02573],[111.88379,23.02123],[111.90411,23.04167],[111.88067,23.08295],[111.8935,23.12888],[111.96511,23.13171],[111.98426,23.09137],[112.03943,23.07366],[112.09867,23.0924],[112.1783,23.07633],[112.24924,23.1211]]]}},{"type":"Feature","id":"CTAMAP-2016-COUNTY-2554","properties":{"map_level":"county","source_name":"云城区","source_code":"445302","county_type":"市辖区","prefecture_name":"云浮市","prefecture_code":"445300","prefecture_type":"地级市","parent_entity_id":"CNUR-000216","parent_year_end_name":"云浮市","province_name":"广东省","province_code":"440000","snapshot_year":2016,"panel_year":2015,"link_status":"parent_linked","former_name":"","note":""},"geometry":{"type":"Polygon","coordinates":[[[112.30675,22.83632],[112.26306,22.82622],[112.2259,22.84042],[112.15361,22.78687],[112.11729,22.78604],[112.09461,22.76905],[112.0866,22.73427],[112.07921,22.74619],[112.06312,22.7325],[112.04526,22.6586],[112.02623,22.64565],[112.00222,22.65251],[112.01816,22.69234],[111.98738,22.70703],[112.00312,22.73537],[111.99682,22.79344],[112.03381,22.87341],[112.02571,22.88918],[111.98601,22.86941],[111.95542,22.87716],[111.98137,22.9306],[111.9684,22.94402],[111.97047,22.98446],[112.00683,22.99504],[112.03128,23.02836],[112.06166,22.98982],[112.06083,23.01553],[112.10147,23.01138],[112.15372,22.98623],[112.16007,22.96218],[112.25047,23.04179],[112.28069,23.04802],[112.29434,23.01148],[112.27642,22.97495],[112.28481,22.95506],[112.25167,22.95407],[112.2515,22.91502],[112.30209,22.91377],[112.2905,22.87612],[112.30675,22.83632]]]}},{"type":"Feature","id":"CTAMAP-2016-COUNTY-2578","properties":{"map_level":"county","source_name":"增城区","source_code":"440118","county_type":"市辖区","prefecture_name":"广州市","prefecture_code":"440100","prefecture_type":"地级市","parent_entity_id":"CNUR-000196","parent_year_end_name":"广州市","province_name":"广东省","province_code":"440000","snapshot_year":2016,"panel_year":2015,"link_status":"parent_linked","former_name":"增城市","note":"2014年撤销增城市，设立增城区"},"geometry":{"type":"Polygon","coordinates":[[[113.99613,23.34714],[113.98054,23.33322],[113.98603,23.30053],[113.93538,23.34565],[113.88849,23.34487],[113.87163,23.26841],[113.90035,23.22168],[113.87781,23.19398],[113.89983,23.18277],[113.85336,23.16006],[113.83401,23.11987],[113.71944,23.14487],[113.57641,23.08825],[113.54459,23.11049],[113.54218,23.16839],[113.57617,23.18542],[113.57152,23.23407],[113.59835,23.24598],[113.5853,23.31553],[113.60387,23.31389],[113.58548,23.32258],[113.56064,23.38544],[113.58012,23.4214],[113.63663,23.46517],[113.65929,23.46548],[113.71342,23.51926],[113.74877,23.60758],[113.8269,23.6224],[113.85511,23.61323],[113.85905,23.58956],[113.84536,23.57737],[113.86618,23.54269],[113.94155,23.49509],[113.92945,23.48135],[113.97693,23.47552],[113.94973,23.4686],[113.9464,23.44589],[113.98246,23.43562],[113.97845,23.41138],[113.99541,23.39197],[113.97643,23.37949],[113.99613,23.34714]]]}},{"type":"Feature","id":"CTAMAP-2016-COUNTY-2638","properties":{"map_level":"county","source_name":"浈江区","source_code":"440204","county_type":"市辖区","prefecture_name":"韶关市","prefecture_code":"440200","prefecture_type":"地级市","parent_entity_id":"CNUR-000197","parent_year_end_name":"韶关市","province_name":"广东省","province_code":"440000","snapshot_year":2016,"panel_year":2015,"link_status":"parent_linked","former_name":"","note":""},"geometry":{"type":"Polygon","coordinates":[[[113.66682,24.89021],[113.72244,24.82896],[113.69892,24.78082],[113.63976,24.75198],[113.59631,24.75852],[113.58375,24.71216],[113.52513,24.70683],[113.50745,24.7351],[113.5661,24.72483],[113.5889,24.81226],[113.57778,24.82823],[113.5371,24.8219],[113.54396,24.86785],[113.52494,24.89374],[113.51837,24.87343],[113.49244,24.86228],[113.49478,24.88798],[113.4539,24.90229],[113.46003,24.96045],[113.42808,25.03216],[113.44686,25.06519],[113.51461,25.09625],[113.5524,25.0572],[113.57607,24.9833],[113.62547,24.94679],[113.67128,24.97594],[113.71561,24.97752],[113.66682,24.89021]]]}},{"type":"Feature","id":"CTAMAP-2016-COUNTY-2671","properties":{"map_level":"county","source_name":"中山市","source_code":"442000","county_type":"不统计","prefecture_name":"中山市","prefecture_code":"442000","prefecture_type":"地级市","parent_entity_id":"CNUR-000213","parent_year_end_name":"中山市","province_name":"广东省","province_code":"440000","snapshot_year":2016,"panel_year":2015,"link_status":"parent_linked","former_name":"","note":""},"geometry":{"type":"Polygon","coordinates":[[[113.58263,22.60057],[113.55411,22.58319],[113.59576,22.58392],[113.61474,22.56829],[113.62551,22.50539],[113.59274,22.50128],[113.58529,22.55243],[113.56915,22.56358],[113.58661,22.4958],[113.57041,22.46911],[113.58012,22.42716],[113.48949,22.41096],[113.48397,22.35236],[113.49838,22.32849],[113.46449,22.31245],[113.50772,22.25355],[113.47352,22.24245],[113.48181,22.23002],[113.40863,22.20646],[113.34615,22.25193],[113.31613,22.33188],[113.25751,22.39664],[113.23583,22.47752],[113.18296,22.54436],[113.15224,22.61585],[113.16564,22.65424],[113.15583,22.67665],[113.19457,22.68004],[113.23442,22.74711],[113.26126,22.72746],[113.32476,22.7448],[113.35908,22.77618],[113.45113,22.73566],[113.5314,22.67041],[113.55955,22.60676],[113.58263,22.60057]]]}},{"type":"Feature","id":"CTAMAP-2016-COUNTY-2708","properties":{"map_level":"county","source_name":"紫金县","source_code":"441621","county_type":"县","prefecture_name":"河源市","prefecture_code":"441600","prefecture_type":"地级市","parent_entity_id":"CNUR-000209","parent_year_end_name":"河源市","province_name":"广东省","province_code":"440000","snapshot_year":2016,"panel_year":2015,"link_status":"parent_linked","former_name":"","note":""},"geometry":{"type":"Polygon","coordinates":[[[115.47024,23.376],[115.46806,23.32989],[115.49352,23.3237],[115.46057,23.31381],[115.45011,23.28623],[115.41897,23.27962],[115.41366,23.24642],[115.3984,23.2526],[115.38947,23.29094],[115.3299,23.32493],[115.30453,23.3113],[115.30293,23.36263],[115.26239,23.38405],[115.17215,23.3836],[115.14323,23.36336],[115.11586,23.37112],[115.0507,23.32368],[115.00481,23.33406],[114.98371,23.297],[114.93537,23.35184],[114.90838,23.34162],[114.90629,23.27696],[114.85532,23.21377],[114.86443,23.19128],[114.84191,23.16816],[114.78418,23.20992],[114.7869,23.2531],[114.76389,23.28208],[114.77792,23.304],[114.72297,23.33431],[114.71503,23.36181],[114.69569,23.37037],[114.68864,23.39676],[114.70286,23.40743],[114.62921,23.40746],[114.69453,23.46851],[114.67792,23.49687],[114.69491,23.52569],[114.65949,23.53567],[114.64962,23.58145],[114.67222,23.59585],[114.67473,23.65491],[114.69707,23.7],[114.76975,23.7472],[114.9319,23.75077],[114.96466,23.7238],[115.00813,23.76018],[115.08431,23.69539],[115.12742,23.68943],[115.22393,23.7615],[115.34237,23.75774],[115.38494,23.7806],[115.39394,23.77073],[115.37847,23.74994],[115.40761,23.72533],[115.40223,23.70563],[115.45183,23.70718],[115.42136,23.6085],[115.43096,23.56514],[115.44546,23.55824],[115.42705,23.52563],[115.43493,23.5031],[115.40929,23.49263],[115.43226,23.45926],[115.43036,23.43259],[115.45024,23.41974],[115.45258,23.38519],[115.47024,23.376]]]}},{"type":"Feature","id":"CTAMAP-2016-COUNTY-2740","properties":{"map_level":"county","source_name":"城区","source_code":"441502","county_type":"市辖区","prefecture_name":"汕尾市","prefecture_code":"441500","prefecture_type":"地级市","parent_entity_id":"CNUR-000208","parent_year_end_name":"汕尾市","province_name":"广东省","province_code":"440000","snapshot_year":2016,"panel_year":2015,"link_status":"parent_linked","former_name":"","note":""},"geometry":{"type":"MultiPolygon","coordinates":[[[[115.56043,22.80974],[115.52151,22.75372],[115.54473,22.71426],[115.55852,22.75429],[115.58176,22.74249],[115.60103,22.75214],[115.55913,22.70092],[115.57773,22.67271],[115.57017,22.65377],[115.46873,22.70379],[115.38158,22.68919],[115.35148,22.71201],[115.33951,22.7327],[115.35167,22.76124],[115.40472,22.74905],[115.43135,22.76292],[115.41374,22.7879],[115.36178,22.76265],[115.31319,22.79378],[115.22829,22.78496],[115.23361,22.80426],[115.28448,22.8301],[115.28564,22.85371],[115.31215,22.86182],[115.32813,22.91306],[115.38797,22.84512],[115.41962,22.86486],[115.42399,22.83866],[115.46161,22.80361],[115.4908,22.81133],[115.50593,22.79497],[115.56043,22.80974]]],[[[115.56792,22.65265],[115.57013,22.65041],[115.56665,22.65081],[115.56792,22.65265]]]]}},{"type":"Feature","id":"CTAMAP-2016-COUNTY-2768","properties":{"map_level":"county","source_name":"南山区","source_code":"440305","county_type":"市辖区","prefecture_name":"深圳市","prefecture_code":"440300","prefecture_type":"地级市","parent_entity_id":"CNUR-000198","parent_year_end_name":"深圳市","province_name":"广东省","province_code":"440000","snapshot_year":2016,"panel_year":2015,"link_status":"parent_linked","former_name":"","note":""},"geometry":{"type":"MultiPolygon","coordinates":[[[[113.96214,22.65371],[114.01949,22.58698],[114.00114,22.57933],[113.98941,22.52481],[113.95063,22.52259],[113.94755,22.49096],[113.90308,22.47486],[113.88687,22.44638],[113.86293,22.51623],[113.92165,22.57688],[113.93257,22.64801],[113.96214,22.65371]]],[[[113.85193,22.51259],[113.84557,22.50783],[113.83757,22.51881],[113.85193,22.51259]]],[[[113.84704,22.49962],[113.83465,22.50151],[113.83779,22.50653],[113.84704,22.49962]]]]}},{"type":"Feature","id":"CTAMAP-2016-COUNTY-2771","properties":{"map_level":"county","source_name":"白云区","source_code":"440111","county_type":"市辖区","prefecture_name":"广州市","prefecture_code":"440100","prefecture_type":"地级市","parent_entity_id":"CNUR-000196","parent_year_end_name":"广州市","province_name":"广东省","province_code":"440000","snapshot_year":2016,"panel_year":2015,"link_status":"parent_linked","former_name":"","note":""},"geometry":{"type":"Polygon","coordinates":[[[113.4919,23.41449],[113.46335,23.39802],[113.47169,23.35847],[113.45781,23.33964],[113.50371,23.31505],[113.48717,23.2561],[113.44478,23.2465],[113.43926,23.26777],[113.42254,23.26826],[113.42216,23.24172],[113.41174,23.25148],[113.40012,23.23404],[113.39511,23.24832],[113.34906,23.22918],[113.34336,23.19922],[113.32806,23.17616],[113.30355,23.17153],[113.30677,23.15981],[113.25634,23.15088],[113.23891,23.17198],[113.22155,23.14006],[113.21115,23.1526],[113.18313,23.14783],[113.20495,23.19307],[113.17035,23.22469],[113.17398,23.27358],[113.14377,23.29325],[113.16037,23.35851],[113.20238,23.36416],[113.20832,23.33943],[113.22808,23.335],[113.30364,23.39624],[113.33226,23.39177],[113.37664,23.42334],[113.39406,23.39373],[113.46706,23.43117],[113.4919,23.41449]]]}},{"type":"Feature","id":"CTAMAP-2016-COUNTY-2794","properties":{"map_level":"county","source_name":"饶平县","source_code":"445122","county_type":"县","prefecture_name":"潮州市","prefecture_code":"445100","prefecture_type":"地级市","parent_entity_id":"CNUR-000214","parent_year_end_name":"潮州市","province_name":"广东省","province_code":"440000","snapshot_year":2016,"panel_year":2015,"link_status":"parent_linked","former_name":"","note":""},"geometry":{"type":"MultiPolygon","coordinates":[[[[116.75506,23.91751],[116.6928,24.0055],[116.7063,24.02997],[116.69509,24.05456],[116.70759,24.06578],[116.72943,24.05559],[116.74901,24.08454],[116.76199,24.0797],[116.75969,24.12802],[116.78212,24.15862],[116.80489,24.17195],[116.82937,24.16499],[116.84767,24.1861],[116.86036,24.16805],[116.876,24.1727],[116.90703,24.23489],[116.98334,24.1958],[116.98863,24.17565],[116.94556,24.14823],[116.92215,24.10344],[116.9306,24.05839],[116.94772,24.05385],[116.93775,24.03288],[116.94966,24.0067],[116.97689,24.0],[116.97558,23.94241],[116.95019,23.92291],[116.97243,23.87252],[116.95524,23.86899],[116.99866,23.86257],[117.02863,23.828],[117.01627,23.81135],[117.05586,23.68981],[117.11882,23.64878],[117.14271,23.65608],[117.18868,23.61986],[117.082,23.54505],[117.0742,23.62004],[117.03057,23.62545],[117.01823,23.61323],[116.98779,23.63028],[116.95911,23.60944],[116.97594,23.59667],[116.96435,23.551],[116.99914,23.56726],[117.01866,23.55337],[116.99644,23.5422],[116.98949,23.50855],[116.93728,23.52273],[116.93259,23.53569],[116.96344,23.54333],[116.92192,23.54175],[116.89504,23.6195],[116.8062,23.64494],[116.83125,23.67774],[116.79804,23.7107],[116.77139,23.71333],[116.76619,23.76697],[116.72685,23.7576],[116.71129,23.80016],[116.7384,23.82144],[116.74462,23.87592],[116.78091,23.87039],[116.7853,23.88366],[116.74476,23.90145],[116.75506,23.91751]]],[[[117.01869,23.57862],[117.04029,23.57224],[117.02975,23.56577],[117.01869,23.57862]]],[[[117.06137,23.57395],[117.07601,23.5607],[117.06154,23.56795],[117.06137,23.57395]]],[[[116.87642,23.55312],[116.88442,23.55266],[116.88954,23.5467],[116.87642,23.55312]]]]}},{"type":"Feature","id":"CTAMAP-2016-COUNTY-2795","properties":{"map_level":"county","source_name":"潮安区","source_code":"445103","county_type":"市辖区","prefecture_name":"潮州市","prefecture_code":"445100","prefecture_type":"地级市","parent_entity_id":"CNUR-000214","parent_year_end_name":"潮州市","province_name":"广东省","province_code":"440000","snapshot_year":2016,"panel_year":2015,"link_status":"parent_linked","former_name":"潮安县","note":"2013年撤销潮安县，设立潮安区"},"geometry":{"type":"Polygon","coordinates":[[[116.70812,23.99996],[116.75506,23.91751],[116.74476,23.90145],[116.7853,23.88366],[116.78091,23.87039],[116.74462,23.87592],[116.7384,23.82144],[116.71129,23.80016],[116.72885,23.75546],[116.67616,23.73178],[116.58431,23.73971],[116.56405,23.72853],[116.56631,23.71645],[116.58083,23.72139],[116.59718,23.66172],[116.62474,23.64885],[116.61786,23.6288],[116.6347,23.63624],[116.71543,23.55512],[116.70067,23.54164],[116.7151,23.47355],[116.69793,23.43937],[116.63332,23.42758],[116.61542,23.46909],[116.54622,23.4903],[116.53995,23.53143],[116.56259,23.54696],[116.56315,23.57095],[116.52173,23.59322],[116.52916,23.61893],[116.50959,23.65729],[116.43723,23.67145],[116.42736,23.69286],[116.37178,23.7153],[116.36381,23.7361],[116.42156,23.78304],[116.4918,23.75472],[116.50701,23.82566],[116.5224,23.83424],[116.49172,23.8723],[116.53161,23.88416],[116.55398,23.91011],[116.59949,23.91216],[116.6021,23.94952],[116.6215,23.95268],[116.60516,23.96955],[116.6334,23.9714],[116.63997,23.99633],[116.68823,23.98211],[116.6862,24.0084],[116.70812,23.99996]]]}}]}