{"type":"FeatureCollection","features":[{"type":"Feature","id":"CTAMAP-2018-COUNTY-0035","properties":{"map_level":"county","source_name":"安图县","source_code":"222426","county_type":"县","prefecture_name":"延边朝鲜族自治州","prefecture_code":"222400","prefecture_type":"自治州","parent_entity_id":"CNUR-000059","parent_year_end_name":"延边朝鲜族自治州","province_name":"吉林省","province_code":"220000","snapshot_year":2018,"panel_year":2017,"link_status":"parent_linked","former_name":"","note":""},"geometry":{"type":"Polygon","coordinates":[[[129.0458,43.37853],[129.04344,43.36902],[129.02346,43.36176],[129.02616,43.33699],[129.07177,43.30637],[129.076,43.2952],[129.09473,43.28858],[129.08364,43.27761],[129.08488,43.26487],[129.0718,43.25997],[129.0888,43.22579],[129.06263,43.20562],[129.03912,43.20044],[129.03962,43.18276],[129.02739,43.16471],[129.05337,43.12723],[129.0702,43.11771],[129.15413,43.10873],[129.17559,43.08772],[129.17407,43.0724],[129.18322,43.0684],[129.15488,43.05489],[129.13306,43.05743],[129.11796,43.03737],[129.12249,43.01908],[129.1377,43.01065],[129.1402,42.98364],[129.1142,42.98308],[129.09705,42.97362],[129.04748,42.97879],[129.01086,42.97155],[128.99454,42.97355],[128.98972,42.99382],[128.9703,42.97589],[128.93135,42.96458],[128.93618,42.94977],[128.90418,42.95196],[128.88269,42.93337],[128.88782,42.9222],[128.87964,42.90941],[128.83054,42.9388],[128.81097,42.93356],[128.811,42.89922],[128.78341,42.89442],[128.80326,42.85362],[128.81334,42.84755],[128.81723,42.82569],[128.77695,42.80259],[128.73368,42.83305],[128.70213,42.83394],[128.67244,42.84854],[128.66096,42.84353],[128.60312,42.86872],[128.59782,42.8488],[128.56933,42.84105],[128.55464,42.81691],[128.53532,42.81096],[128.51881,42.78738],[128.52725,42.77256],[128.5255,42.75222],[128.53613,42.73832],[128.53091,42.72598],[128.58054,42.68889],[128.57993,42.66705],[128.60302,42.64431],[128.5982,42.63789],[128.60378,42.62921],[128.59358,42.6131],[128.62155,42.59739],[128.627,42.57109],[128.61838,42.53636],[128.62458,42.53133],[128.61447,42.51758],[128.63551,42.50557],[128.65543,42.47594],[128.63753,42.44737],[128.64315,42.43405],[128.67754,42.41446],[128.67323,42.40099],[128.69119,42.38541],[128.67929,42.36027],[128.65293,42.34576],[128.66056,42.32991],[128.68374,42.32395],[128.69298,42.30324],[128.64837,42.29228],[128.62786,42.30374],[128.60987,42.29932],[128.58975,42.27531],[128.56477,42.26584],[128.56346,42.24906],[128.52496,42.22225],[128.47834,42.21882],[128.44009,42.22525],[128.41698,42.21026],[128.38859,42.20903],[128.39471,42.19117],[128.37928,42.176],[128.38223,42.16501],[128.41339,42.15539],[128.41498,42.12905],[128.44706,42.11346],[128.44065,42.08194],[128.45651,42.04038],[128.45158,42.01628],[128.28464,42.02411],[128.08984,42.01871],[128.05639,42.00835],[128.03209,42.02896],[128.01595,42.07444],[127.98162,42.12291],[127.95513,42.14138],[127.96253,42.16241],[127.90975,42.20182],[127.90308,42.24056],[127.87921,42.24119],[127.86257,42.27435],[127.84872,42.28116],[127.82227,42.27918],[127.80247,42.30339],[127.81111,42.32039],[127.83772,42.32869],[127.88269,42.32823],[127.89777,42.34689],[127.89664,42.36455],[127.93967,42.36618],[127.95706,42.3934],[128.00318,42.41365],[128.01256,42.4484],[128.0375,42.47748],[128.02535,42.49382],[128.02986,42.51714],[128.01764,42.52817],[128.02253,42.53866],[128.01375,42.54043],[128.02226,42.55998],[128.00751,42.56027],[128.00801,42.57187],[127.98597,42.58297],[127.98104,42.59549],[127.98659,42.59994],[127.96192,42.60964],[127.96737,42.62005],[127.95253,42.61953],[127.94818,42.63935],[127.95942,42.65352],[127.91691,42.67156],[127.87844,42.67384],[127.87742,42.68574],[127.89316,42.68201],[127.89306,42.68925],[127.86893,42.69455],[127.84107,42.73044],[127.87117,42.72873],[127.91135,42.70443],[127.93037,42.73473],[127.95559,42.74693],[127.94329,42.77907],[127.94865,42.78764],[127.99204,42.77738],[128.0046,42.76134],[128.04561,42.75192],[128.07468,42.76698],[128.1174,42.76001],[128.14669,42.78448],[128.13686,42.80343],[128.16904,42.85779],[128.11736,42.87155],[128.12784,42.89809],[128.10035,42.91011],[128.08439,42.92695],[128.08476,42.94744],[128.12521,42.98233],[128.11594,43.0005],[128.1299,43.0112],[128.10886,43.02233],[128.0846,43.01653],[128.06363,43.02735],[128.0716,43.04556],[128.0687,43.05927],[128.11596,43.07277],[128.1389,43.0689],[128.14925,43.07802],[128.16365,43.07255],[128.22044,43.08082],[128.23268,43.09435],[128.2276,43.10659],[128.24984,43.12986],[128.28729,43.12416],[128.29979,43.14382],[128.32935,43.13993],[128.35643,43.11905],[128.38915,43.13046],[128.4088,43.12157],[128.441,43.12276],[128.45567,43.10976],[128.486,43.11605],[128.50253,43.10232],[128.51397,43.11131],[128.57393,43.10832],[128.60514,43.08296],[128.63258,43.09506],[128.63531,43.11589],[128.67764,43.12815],[128.65443,43.17354],[128.66684,43.18668],[128.64935,43.19492],[128.63233,43.22097],[128.64063,43.24841],[128.66481,43.26451],[128.67363,43.28231],[128.70773,43.2957],[128.73213,43.28895],[128.74055,43.27514],[128.75507,43.27803],[128.76971,43.30863],[128.81635,43.327],[128.83135,43.31944],[128.84372,43.32296],[128.85129,43.33737],[128.8735,43.33856],[128.87959,43.35914],[128.90109,43.36378],[128.91302,43.37729],[128.93732,43.37942],[128.93864,43.39181],[128.94896,43.38865],[128.95512,43.39605],[128.98492,43.40068],[129.00107,43.38777],[129.02046,43.38941],[129.0458,43.37853]]]}},{"type":"Feature","id":"CTAMAP-2018-COUNTY-0168","properties":{"map_level":"county","source_name":"昌邑区","source_code":"220202","county_type":"市辖区","prefecture_name":"吉林市","prefecture_code":"220200","prefecture_type":"地级市","parent_entity_id":"CNUR-000052","parent_year_end_name":"吉林市","province_name":"吉林省","province_code":"220000","snapshot_year":2018,"panel_year":2017,"link_status":"parent_linked","former_name":"","note":""},"geometry":{"type":"Polygon","coordinates":[[[126.44906,44.17299],[126.40833,44.12697],[126.4299,44.12263],[126.43305,44.11536],[126.42266,44.10773],[126.42332,44.07002],[126.47811,44.04672],[126.47606,43.99756],[126.49419,43.97753],[126.49772,43.95769],[126.47559,43.94413],[126.47207,43.93394],[126.52369,43.92382],[126.54366,43.89304],[126.59331,43.88223],[126.59741,43.84317],[126.58483,43.83135],[126.55968,43.83453],[126.56145,43.85663],[126.53322,43.85977],[126.50988,43.87464],[126.49097,43.88917],[126.49973,43.89428],[126.49777,43.90446],[126.47247,43.90177],[126.45037,43.93192],[126.3901,43.93793],[126.3818,43.96986],[126.35472,43.96048],[126.34836,43.94771],[126.33831,43.95156],[126.33178,43.93912],[126.32566,43.94752],[126.31192,43.94817],[126.29206,43.94376],[126.29166,43.93546],[126.2398,43.9248],[126.21624,43.90688],[126.22013,43.89888],[126.20246,43.89867],[126.19566,43.88317],[126.17729,43.87944],[126.17174,43.89987],[126.14787,43.90269],[126.13589,43.91613],[126.14142,43.92634],[126.15895,43.91746],[126.19433,43.92625],[126.17691,43.92669],[126.16982,43.95656],[126.14354,43.94844],[126.13986,43.96322],[126.126,43.96341],[126.09596,43.98507],[126.0837,43.97257],[126.03847,43.98136],[126.01692,43.97657],[125.99343,43.99495],[126.00868,44.03627],[126.04637,44.06489],[126.0572,44.0643],[126.05852,44.07827],[126.08238,44.09881],[126.08712,44.11332],[126.10429,44.1241],[126.12766,44.11141],[126.13455,44.11744],[126.1281,44.12958],[126.15599,44.13719],[126.15141,44.14798],[126.17148,44.16176],[126.20291,44.15461],[126.21836,44.17397],[126.26681,44.17984],[126.26911,44.16419],[126.275,44.15614],[126.28153,44.1754],[126.29368,44.17628],[126.2926,44.19088],[126.32554,44.18509],[126.34377,44.17241],[126.38879,44.18007],[126.41919,44.16872],[126.44906,44.17299]]]}},{"type":"Feature","id":"CTAMAP-2018-COUNTY-0217","properties":{"map_level":"county","source_name":"船营区","source_code":"220204","county_type":"市辖区","prefecture_name":"吉林市","prefecture_code":"220200","prefecture_type":"地级市","parent_entity_id":"CNUR-000052","parent_year_end_name":"吉林市","province_name":"吉林省","province_code":"220000","snapshot_year":2018,"panel_year":2017,"link_status":"parent_linked","former_name":"","note":""},"geometry":{"type":"Polygon","coordinates":[[[126.55968,43.83453],[126.54105,43.83115],[126.52825,43.8078],[126.5065,43.80205],[126.49169,43.78632],[126.38527,43.77472],[126.3634,43.75988],[126.36623,43.75049],[126.35234,43.73565],[126.31802,43.74348],[126.29764,43.72232],[126.28732,43.72428],[126.28122,43.71499],[126.26152,43.71403],[126.2459,43.7028],[126.22443,43.71666],[126.22659,43.74022],[126.21116,43.7447],[126.20085,43.73929],[126.17773,43.75783],[126.17274,43.76899],[126.19902,43.76902],[126.20597,43.77681],[126.1589,43.80095],[126.16053,43.82117],[126.12746,43.81747],[126.11884,43.84449],[126.13432,43.85527],[126.13363,43.86459],[126.10851,43.86929],[126.11938,43.87584],[126.10276,43.88665],[126.08191,43.86138],[126.03606,43.87949],[126.03789,43.89616],[126.03039,43.89568],[126.03916,43.91107],[126.01777,43.93089],[126.03094,43.93698],[126.01781,43.97245],[126.03821,43.98137],[126.0837,43.97257],[126.09532,43.98526],[126.126,43.96341],[126.13986,43.96322],[126.14354,43.94844],[126.16982,43.95656],[126.17691,43.92669],[126.19433,43.92625],[126.15895,43.91746],[126.14142,43.92634],[126.13589,43.91613],[126.14787,43.90269],[126.17174,43.89987],[126.17729,43.87944],[126.19566,43.88317],[126.20246,43.89867],[126.22013,43.89888],[126.21624,43.90688],[126.2398,43.9248],[126.29166,43.93546],[126.29206,43.94376],[126.31192,43.94817],[126.32566,43.94752],[126.33178,43.93912],[126.33831,43.95156],[126.34836,43.94771],[126.35472,43.96048],[126.3818,43.96986],[126.3901,43.93793],[126.45037,43.93192],[126.47247,43.90177],[126.49777,43.90446],[126.49973,43.89428],[126.4917,43.88752],[126.53322,43.85977],[126.56145,43.85663],[126.55968,43.83453]]]}},{"type":"Feature","id":"CTAMAP-2018-COUNTY-0236","properties":{"map_level":"county","source_name":"大安市","source_code":"220882","county_type":"县级市","prefecture_name":"白城市","prefecture_code":"220800","prefecture_type":"地级市","parent_entity_id":"CNUR-000058","parent_year_end_name":"白城市","province_name":"吉林省","province_code":"220000","snapshot_year":2018,"panel_year":2017,"link_status":"parent_linked","former_name":"","note":""},"geometry":{"type":"Polygon","coordinates":[[[124.07549,45.73419],[124.0923,45.71823],[124.09512,45.69885],[124.13234,45.68455],[124.13278,45.67639],[124.11519,45.66509],[124.14457,45.65836],[124.13061,45.63113],[124.13923,45.6211],[124.17495,45.61217],[124.22695,45.63101],[124.23256,45.62169],[124.21823,45.60657],[124.21961,45.59633],[124.23317,45.58852],[124.26636,45.58796],[124.25409,45.55855],[124.27591,45.53958],[124.35479,45.54079],[124.36279,45.51415],[124.34479,45.48902],[124.3637,45.47272],[124.36772,45.45494],[124.2793,45.41838],[124.23449,45.38942],[124.10841,45.33048],[124.08555,45.32728],[124.06634,45.31111],[124.05963,45.2867],[124.08103,45.26186],[124.06284,45.23386],[123.96845,45.22391],[123.91201,45.20625],[123.74041,45.06232],[123.62612,45.00759],[123.58124,44.96976],[123.53463,44.95113],[123.49592,44.9664],[123.49028,44.98173],[123.50733,44.99076],[123.48942,45.0114],[123.47813,45.06153],[123.45649,45.0768],[123.44185,45.1019],[123.42639,45.16667],[123.41995,45.175],[123.40744,45.17172],[123.40049,45.20349],[123.37919,45.20378],[123.36379,45.1903],[123.33658,45.20078],[123.32904,45.24944],[123.308,45.25493],[123.296,45.27998],[123.31029,45.28051],[123.28431,45.29441],[123.27379,45.31742],[123.26018,45.32042],[123.24185,45.33899],[123.2451,45.35054],[123.14908,45.44896],[123.16322,45.47166],[123.1627,45.48679],[123.18251,45.50455],[123.177,45.51025],[123.18451,45.51966],[123.1807,45.52565],[123.21211,45.55717],[123.23314,45.56381],[123.23914,45.58455],[123.23341,45.59311],[123.29513,45.6257],[123.30802,45.65583],[123.32294,45.66124],[123.31395,45.66941],[123.3265,45.69006],[123.34876,45.69196],[123.35689,45.70219],[123.39694,45.70018],[123.45277,45.72646],[123.46907,45.74893],[123.54991,45.75949],[123.56788,45.74462],[123.60967,45.74502],[123.62197,45.73726],[123.61947,45.73202],[123.64772,45.72127],[123.69204,45.72404],[123.69411,45.71476],[123.71221,45.73554],[123.75355,45.73919],[123.76336,45.72547],[123.7663,45.73512],[123.81014,45.73461],[123.83265,45.71147],[123.84991,45.70682],[123.87457,45.70684],[123.933,45.72541],[124.00556,45.72107],[124.03393,45.71162],[124.07549,45.73419]]]}},{"type":"Feature","id":"CTAMAP-2018-COUNTY-0299","properties":{"map_level":"county","source_name":"德惠市","source_code":"220183","county_type":"县级市","prefecture_name":"长春市","prefecture_code":"220100","prefecture_type":"地级市","parent_entity_id":"CNUR-000051","parent_year_end_name":"长春市","province_name":"吉林省","province_code":"220000","snapshot_year":2018,"panel_year":2017,"link_status":"parent_linked","former_name":"","note":""},"geometry":{"type":"Polygon","coordinates":[[[126.00997,44.78249],[126.04626,44.78411],[126.0444,44.77237],[126.07382,44.77506],[126.08835,44.76136],[126.12965,44.77088],[126.16093,44.75769],[126.15237,44.73662],[126.16657,44.71886],[126.2207,44.70559],[126.23974,44.69113],[126.27786,44.69537],[126.26639,44.68846],[126.27159,44.67811],[126.28829,44.67438],[126.29366,44.66082],[126.33365,44.63892],[126.32422,44.62135],[126.33531,44.60409],[126.35264,44.59616],[126.33948,44.57764],[126.36393,44.57582],[126.40291,44.54999],[126.40772,44.52381],[126.40054,44.51536],[126.33596,44.52014],[126.28614,44.50998],[126.21784,44.52531],[126.09411,44.49618],[126.03732,44.46061],[125.98682,44.45427],[125.99386,44.42754],[125.98543,44.41346],[125.99565,44.40012],[125.99166,44.38913],[125.9487,44.40357],[125.91888,44.40417],[125.91809,44.38621],[125.94649,44.38209],[125.94009,44.37712],[125.94405,44.35134],[125.9271,44.34012],[125.92646,44.34591],[125.91323,44.3456],[125.89667,44.33085],[125.85802,44.32621],[125.85342,44.34012],[125.82687,44.34525],[125.82193,44.35563],[125.82884,44.35965],[125.81228,44.40043],[125.78314,44.39052],[125.78267,44.36356],[125.76699,44.35088],[125.74038,44.35476],[125.6936,44.32918],[125.66292,44.32735],[125.648,44.31622],[125.6363,44.31803],[125.63704,44.32855],[125.60463,44.32962],[125.5971,44.2932],[125.57833,44.27155],[125.5941,44.2523],[125.58641,44.21818],[125.54951,44.22074],[125.54666,44.23324],[125.5286,44.23071],[125.51803,44.23685],[125.5202,44.25069],[125.49633,44.24247],[125.47123,44.25748],[125.45504,44.25555],[125.45581,44.26081],[125.44521,44.25164],[125.43083,44.25446],[125.41535,44.27225],[125.42036,44.26835],[125.41135,44.29727],[125.39811,44.30451],[125.41593,44.32035],[125.3836,44.33706],[125.37534,44.35344],[125.35688,44.35027],[125.33022,44.38622],[125.32831,44.3932],[125.35803,44.39845],[125.36308,44.41823],[125.37421,44.42045],[125.37014,44.45256],[125.35207,44.45591],[125.35598,44.46767],[125.38484,44.48446],[125.34659,44.5176],[125.35035,44.52688],[125.40301,44.55623],[125.40934,44.57877],[125.46372,44.61502],[125.47056,44.63691],[125.50149,44.64834],[125.56236,44.65198],[125.56073,44.65933],[125.61008,44.68309],[125.60842,44.69054],[125.63511,44.70753],[125.62368,44.72003],[125.64278,44.74229],[125.63544,44.7502],[125.64003,44.76021],[125.67963,44.76247],[125.68023,44.78425],[125.7021,44.80177],[125.70812,44.79654],[125.71604,44.80823],[125.72622,44.8041],[125.73225,44.8098],[125.72317,44.8222],[125.71103,44.81917],[125.72109,44.83428],[125.7553,44.8393],[125.74405,44.8534],[125.75686,44.86834],[125.75714,44.88594],[125.78268,44.87841],[125.77506,44.86523],[125.80537,44.84956],[125.79695,44.83562],[125.80249,44.8304],[125.82375,44.83925],[125.8658,44.83522],[125.86842,44.82266],[125.90265,44.80465],[125.91407,44.76947],[125.94612,44.75937],[126.00997,44.78249]],[[126.21781,44.70015],[126.20536,44.70729],[126.21574,44.69294],[126.22555,44.69728],[126.21633,44.69271],[126.21713,44.68355],[126.24757,44.68869],[126.24655,44.69023],[126.23792,44.69095],[126.22988,44.69426],[126.21576,44.70585],[126.21781,44.70015]]]}},{"type":"Feature","id":"CTAMAP-2018-COUNTY-0335","properties":{"map_level":"county","source_name":"东昌区","source_code":"220502","county_type":"市辖区","prefecture_name":"通化市","prefecture_code":"220500","prefecture_type":"地级市","parent_entity_id":"CNUR-000055","parent_year_end_name":"通化市","province_name":"吉林省","province_code":"220000","snapshot_year":2018,"panel_year":2017,"link_status":"parent_linked","former_name":"","note":""},"geometry":{"type":"Polygon","coordinates":[[[125.98052,41.79089],[125.97943,41.77554],[125.99453,41.77346],[125.98438,41.76303],[126.02885,41.75001],[126.02151,41.72493],[126.02891,41.71299],[126.04987,41.71087],[126.11583,41.67886],[126.04031,41.63182],[126.0511,41.61026],[126.11066,41.56038],[126.10201,41.54429],[126.0729,41.53867],[126.05776,41.55418],[126.03306,41.563],[125.98783,41.56136],[125.98805,41.57284],[125.97096,41.58799],[125.94693,41.57962],[125.89537,41.5959],[125.8805,41.59168],[125.87323,41.56777],[125.85571,41.56946],[125.8614,41.57544],[125.84003,41.62631],[125.9075,41.64625],[125.91017,41.66471],[125.88217,41.67107],[125.88098,41.68704],[125.86931,41.69469],[125.87732,41.70593],[125.86972,41.72726],[125.84313,41.74137],[125.84495,41.76601],[125.90755,41.7894],[125.91187,41.82085],[125.92837,41.8146],[125.92258,41.80146],[125.94005,41.78081],[125.98052,41.79089]]]}},{"type":"Feature","id":"CTAMAP-2018-COUNTY-0339","properties":{"map_level":"county","source_name":"东丰县","source_code":"220421","county_type":"县","prefecture_name":"辽源市","prefecture_code":"220400","prefecture_type":"地级市","parent_entity_id":"CNUR-000054","parent_year_end_name":"辽源市","province_name":"吉林省","province_code":"220000","snapshot_year":2018,"panel_year":2017,"link_status":"parent_linked","former_name":"","note":""},"geometry":{"type":"Polygon","coordinates":[[[125.63028,43.06823],[125.67038,43.04067],[125.71789,43.02129],[125.74558,42.97015],[125.75221,42.94046],[125.73705,42.92781],[125.72909,42.88066],[125.73607,42.84421],[125.75128,42.83785],[125.7501,42.81967],[125.8382,42.76371],[125.82388,42.75499],[125.81395,42.76023],[125.80565,42.7463],[125.78998,42.75091],[125.66843,42.73084],[125.64154,42.73675],[125.63834,42.73039],[125.66937,42.70889],[125.6536,42.68995],[125.65288,42.66108],[125.65893,42.63949],[125.68201,42.61679],[125.67574,42.60572],[125.72172,42.6031],[125.70268,42.59208],[125.69527,42.57143],[125.67385,42.56101],[125.65971,42.53792],[125.64132,42.54938],[125.62845,42.54538],[125.61778,42.52512],[125.60948,42.52525],[125.61066,42.51647],[125.5809,42.50711],[125.57822,42.48078],[125.55628,42.4326],[125.43566,42.38018],[125.39997,42.38199],[125.34127,42.35894],[125.32928,42.33812],[125.27946,42.31282],[125.23589,42.31038],[125.21528,42.29818],[125.1693,42.30573],[125.16669,42.31594],[125.17514,42.3281],[125.16138,42.35343],[125.1881,42.35793],[125.19763,42.36696],[125.17951,42.3791],[125.19107,42.4056],[125.18057,42.41185],[125.18079,42.42451],[125.13473,42.44186],[125.14351,42.45663],[125.12974,42.46905],[125.10461,42.47378],[125.09819,42.48863],[125.06049,42.50035],[125.08473,42.51134],[125.06075,42.53321],[125.07061,42.53724],[125.07017,42.55642],[125.08508,42.5695],[125.07526,42.58629],[125.09324,42.61072],[125.08082,42.62313],[125.04882,42.62163],[125.06989,42.64848],[125.0708,42.6792],[125.08145,42.68019],[125.08673,42.69475],[125.15575,42.66649],[125.19256,42.66556],[125.23173,42.69393],[125.26346,42.68991],[125.31079,42.72657],[125.32102,42.7229],[125.31429,42.74471],[125.3265,42.75193],[125.36819,42.74494],[125.37266,42.75845],[125.38658,42.75279],[125.42367,42.76981],[125.45934,42.77254],[125.46274,42.78271],[125.45372,42.7887],[125.4859,42.79995],[125.49248,42.81701],[125.4881,42.82635],[125.54232,42.83633],[125.51829,42.84958],[125.52889,42.87073],[125.52077,42.88966],[125.50805,42.89428],[125.51965,42.91539],[125.5107,42.9301],[125.54057,42.95015],[125.56442,42.94644],[125.57695,42.96075],[125.58768,42.96058],[125.57315,42.97683],[125.57585,42.9979],[125.55377,43.01215],[125.55404,43.0249],[125.52825,43.03769],[125.49972,43.03144],[125.47333,43.05841],[125.47529,43.06764],[125.45267,43.07585],[125.45814,43.08943],[125.42691,43.09909],[125.41519,43.13021],[125.39715,43.13323],[125.39356,43.14558],[125.36312,43.14732],[125.35078,43.15795],[125.36826,43.19744],[125.36166,43.21608],[125.36823,43.22207],[125.39808,43.21742],[125.41658,43.23109],[125.44272,43.22097],[125.48589,43.18335],[125.47322,43.16059],[125.48814,43.09863],[125.54643,43.09268],[125.58025,43.06846],[125.63028,43.06823]]]}},{"type":"Feature","id":"CTAMAP-2018-COUNTY-0349","properties":{"map_level":"county","source_name":"东辽县","source_code":"220422","county_type":"县","prefecture_name":"辽源市","prefecture_code":"220400","prefecture_type":"地级市","parent_entity_id":"CNUR-000054","parent_year_end_name":"辽源市","province_name":"吉林省","province_code":"220000","snapshot_year":2018,"panel_year":2017,"link_status":"parent_linked","former_name":"","note":""},"geometry":{"type":"Polygon","coordinates":[[[125.39715,43.13323],[125.41519,43.13021],[125.42803,43.09797],[125.45814,43.08943],[125.45267,43.07585],[125.47529,43.06764],[125.47333,43.05841],[125.49972,43.03144],[125.5321,43.03625],[125.55404,43.0249],[125.55377,43.01215],[125.57585,42.9979],[125.57315,42.97683],[125.58766,42.9605],[125.57695,42.96075],[125.56442,42.94644],[125.54057,42.95015],[125.5107,42.9301],[125.51965,42.91539],[125.50805,42.89428],[125.52077,42.88966],[125.52889,42.87073],[125.51829,42.84958],[125.54232,42.83633],[125.4881,42.82635],[125.49248,42.81701],[125.48611,42.80027],[125.45542,42.79141],[125.46274,42.78271],[125.45419,42.77002],[125.42367,42.76981],[125.38658,42.75279],[125.37266,42.75845],[125.36819,42.74494],[125.3265,42.75193],[125.31429,42.74471],[125.32102,42.7229],[125.31079,42.72657],[125.26346,42.68991],[125.23173,42.69393],[125.19256,42.66556],[125.15575,42.66649],[125.08673,42.69475],[125.08145,42.68019],[125.0708,42.6792],[125.07392,42.67061],[125.0661,42.66249],[125.07332,42.65764],[125.04995,42.6229],[125.02296,42.61491],[125.00461,42.63018],[125.01348,42.65126],[125.00859,42.66355],[124.98711,42.67449],[124.95924,42.67534],[124.97995,42.68435],[124.98324,42.6931],[124.96217,42.72041],[124.98359,42.72578],[124.99058,42.74289],[124.97359,42.75082],[124.98732,42.76897],[124.97006,42.78482],[124.96878,42.80093],[124.92251,42.81775],[124.90706,42.8132],[124.90962,42.80226],[124.89478,42.78615],[124.86759,42.78704],[124.85279,42.8199],[124.84459,42.8904],[124.86186,42.91759],[124.86568,42.98351],[124.855,42.98905],[124.8507,43.01157],[124.83416,43.02641],[124.84973,43.03358],[124.85334,43.04971],[124.8853,43.07231],[124.87895,43.09691],[124.89038,43.11745],[124.88543,43.13064],[124.96266,43.17427],[124.95947,43.18635],[124.96799,43.19217],[125.00522,43.19616],[125.03494,43.21853],[125.05621,43.2105],[125.19236,43.22709],[125.24041,43.17415],[125.30787,43.13166],[125.37569,43.10306],[125.39715,43.13323]],[[125.0732,42.91654],[125.06635,42.90854],[125.07662,42.89325],[125.07265,42.87726],[125.08111,42.87424],[125.07382,42.86218],[125.07684,42.84959],[125.09534,42.83376],[125.11545,42.83105],[125.12686,42.81346],[125.15512,42.83185],[125.16123,42.84716],[125.19757,42.85314],[125.21538,42.82962],[125.269,42.87259],[125.29976,42.85954],[125.32443,42.87158],[125.31501,42.89066],[125.32321,42.90987],[125.3005,42.91151],[125.3063,42.93269],[125.28712,42.93874],[125.28666,42.97032],[125.27187,42.98279],[125.28115,42.99198],[125.26334,43.00832],[125.26447,43.01569],[125.24573,43.02274],[125.23981,43.03657],[125.21337,43.04331],[125.21057,43.05205],[125.18122,43.05333],[125.16452,43.06746],[125.14866,43.05992],[125.15309,43.03762],[125.10733,43.03968],[125.05924,43.00741],[125.02984,43.00759],[125.00302,43.02005],[124.99389,42.99144],[125.00424,42.96345],[125.05189,42.96967],[125.06564,42.93967],[125.05243,42.9233],[125.0732,42.91654]]]}},{"type":"Feature","id":"CTAMAP-2018-COUNTY-0383","properties":{"map_level":"county","source_name":"敦化市","source_code":"222403","county_type":"县级市","prefecture_name":"延边朝鲜族自治州","prefecture_code":"222400","prefecture_type":"自治州","parent_entity_id":"CNUR-000059","parent_year_end_name":"延边朝鲜族自治州","province_name":"吉林省","province_code":"220000","snapshot_year":2018,"panel_year":2017,"link_status":"parent_linked","former_name":"","note":""},"geometry":{"type":"Polygon","coordinates":[[[128.4592,44.19404],[128.46542,44.15862],[128.49662,44.12443],[128.52274,44.10996],[128.56023,44.04832],[128.56856,44.04546],[128.57978,43.98625],[128.6127,43.95143],[128.63415,43.94541],[128.63517,43.9317],[128.62331,43.91927],[128.63228,43.90383],[128.63022,43.88924],[128.67548,43.89028],[128.69087,43.90082],[128.71933,43.89124],[128.75255,43.85952],[128.7126,43.81591],[128.73454,43.80253],[128.75285,43.75847],[128.76108,43.75627],[128.73126,43.75056],[128.72108,43.73824],[128.73737,43.73689],[128.74675,43.72517],[128.76179,43.72986],[128.76528,43.71756],[128.77933,43.71122],[128.78117,43.68424],[128.80341,43.65677],[128.82861,43.58495],[128.84479,43.57311],[128.84811,43.55478],[128.86074,43.55555],[128.86991,43.54145],[128.88839,43.53845],[128.93874,43.55328],[128.9568,43.53655],[129.00612,43.52049],[129.03393,43.53869],[129.08678,43.54497],[129.09773,43.51437],[129.11834,43.50719],[129.13519,43.48976],[129.14893,43.48886],[129.16311,43.42166],[129.21183,43.40602],[129.20178,43.39549],[129.17205,43.38643],[129.18261,43.36771],[129.15986,43.35566],[129.12963,43.36437],[129.09834,43.38968],[129.04957,43.37832],[129.02046,43.38941],[129.00107,43.38777],[128.98613,43.40049],[128.95538,43.39613],[128.95077,43.38907],[128.93627,43.39089],[128.93732,43.37942],[128.91302,43.37729],[128.90109,43.36378],[128.87959,43.35914],[128.8735,43.33856],[128.85129,43.33737],[128.84372,43.32296],[128.83135,43.31944],[128.81635,43.327],[128.76971,43.30863],[128.75507,43.27803],[128.74055,43.27514],[128.73213,43.28895],[128.70773,43.2957],[128.67363,43.28231],[128.66481,43.26451],[128.64063,43.24841],[128.63233,43.22097],[128.64935,43.19492],[128.66684,43.18668],[128.65443,43.17354],[128.67764,43.12815],[128.63531,43.11589],[128.63258,43.09506],[128.60514,43.08296],[128.57393,43.10832],[128.51397,43.11131],[128.50253,43.10232],[128.486,43.11605],[128.45567,43.10976],[128.441,43.12276],[128.4088,43.12157],[128.38915,43.13046],[128.35643,43.11905],[128.32935,43.13993],[128.29979,43.14382],[128.28729,43.12416],[128.24984,43.12986],[128.2276,43.10659],[128.23268,43.09435],[128.22044,43.08082],[128.16365,43.07255],[128.14925,43.07802],[128.1389,43.0689],[128.11596,43.07277],[128.07236,43.06192],[128.06363,43.02735],[128.0846,43.01653],[128.10886,43.02233],[128.13057,43.00871],[128.11594,43.0005],[128.12521,42.98233],[128.08446,42.94699],[128.08439,42.92695],[128.10035,42.91011],[128.12784,42.89809],[128.11736,42.87155],[128.16904,42.85779],[128.13686,42.80343],[128.14638,42.78378],[128.11686,42.75984],[128.07468,42.76698],[128.04561,42.75192],[128.0046,42.76134],[127.99204,42.77738],[127.94865,42.78764],[127.94329,42.77907],[127.95559,42.74693],[127.93099,42.73532],[127.91064,42.70447],[127.86719,42.72956],[127.85922,42.73968],[127.86308,42.75044],[127.8284,42.76095],[127.83194,42.78626],[127.84665,42.8088],[127.80976,42.83754],[127.81915,42.86609],[127.81363,42.87315],[127.78617,42.87253],[127.75336,42.89997],[127.73443,42.887],[127.66892,42.90039],[127.6058,42.95122],[127.58007,42.9536],[127.55199,42.97684],[127.52413,42.9825],[127.49363,43.0202],[127.4733,43.0194],[127.46284,43.02879],[127.47778,43.05815],[127.49571,43.06806],[127.48674,43.08902],[127.49752,43.11756],[127.47401,43.13639],[127.52614,43.14381],[127.54125,43.15378],[127.56167,43.1841],[127.57542,43.18516],[127.62792,43.221],[127.65121,43.25774],[127.6479,43.28116],[127.60943,43.3031],[127.6284,43.31719],[127.61328,43.33487],[127.67653,43.35211],[127.67427,43.36188],[127.69427,43.38499],[127.70563,43.42542],[127.69025,43.43479],[127.70069,43.46295],[127.69196,43.48236],[127.71352,43.50654],[127.74517,43.50392],[127.75531,43.52103],[127.76865,43.52352],[127.76929,43.55171],[127.78484,43.5509],[127.78595,43.56176],[127.81312,43.58012],[127.81051,43.58832],[127.82239,43.59578],[127.83511,43.59283],[127.85899,43.62232],[127.89041,43.62247],[127.89353,43.64299],[127.91044,43.6547],[127.90004,43.66879],[127.90005,43.68558],[127.90761,43.69228],[127.90437,43.70081],[127.91869,43.70457],[127.91218,43.72608],[127.85141,43.74426],[127.8331,43.77736],[127.8381,43.79804],[127.80729,43.80969],[127.81168,43.81838],[127.80146,43.82607],[127.81056,43.83371],[127.80575,43.83777],[127.81473,43.85493],[127.83144,43.86484],[127.84599,43.85845],[127.85673,43.86758],[127.8452,43.8939],[127.79295,43.91242],[127.75625,43.93486],[127.76959,43.93438],[127.78007,43.95413],[127.77311,43.9687],[127.7868,43.97119],[127.77625,43.97682],[127.77715,43.99388],[127.86299,44.05171],[127.85893,44.0601],[127.88359,44.06748],[127.90677,44.06269],[127.94344,44.086],[128.00099,44.09198],[128.02066,44.10597],[128.03811,44.10171],[128.09557,44.13279],[128.08072,44.14096],[128.08039,44.15779],[128.06839,44.15664],[128.05379,44.16702],[128.06399,44.17963],[128.08592,44.17919],[128.08408,44.21242],[128.09856,44.21258],[128.09572,44.2279],[128.08066,44.23748],[128.0858,44.24562],[128.06057,44.24667],[128.05714,44.25822],[128.08399,44.27482],[128.09509,44.29115],[128.08117,44.2913],[128.07425,44.30489],[128.05839,44.30516],[128.05,44.32673],[128.05781,44.33931],[128.04386,44.34818],[128.0662,44.37258],[128.09021,44.35195],[128.10565,44.35643],[128.11753,44.34635],[128.14069,44.35521],[128.16179,44.34211],[128.18268,44.36272],[128.20534,44.42967],[128.21579,44.44019],[128.24813,44.44474],[128.25385,44.45678],[128.28615,44.46532],[128.29059,44.48029],[128.34015,44.50714],[128.36648,44.51197],[128.38219,44.48717],[128.42119,44.47114],[128.43012,44.45053],[128.45626,44.43077],[128.45042,44.40822],[128.47525,44.37342],[128.46885,44.34369],[128.43996,44.3374],[128.46888,44.3085],[128.44723,44.25614],[128.4653,44.24543],[128.44362,44.20168],[128.4592,44.19404]]]}},{"type":"Feature","id":"CTAMAP-2018-COUNTY-0400","properties":{"map_level":"county","source_name":"二道江区","source_code":"220503","county_type":"市辖区","prefecture_name":"通化市","prefecture_code":"220500","prefecture_type":"地级市","parent_entity_id":"CNUR-000055","parent_year_end_name":"通化市","province_name":"吉林省","province_code":"220000","snapshot_year":2018,"panel_year":2017,"link_status":"parent_linked","former_name":"","note":""},"geometry":{"type":"Polygon","coordinates":[[[126.20224,41.82175],[126.24091,41.84634],[126.26519,41.84205],[126.2724,41.82982],[126.29229,41.82697],[126.31551,41.79852],[126.29895,41.74339],[126.27975,41.7365],[126.28829,41.72777],[126.27535,41.69371],[126.28937,41.69319],[126.29951,41.67308],[126.28441,41.66271],[126.25684,41.6715],[126.17714,41.66929],[126.17776,41.67728],[126.19685,41.68347],[126.17346,41.71676],[126.15295,41.71059],[126.13435,41.68563],[126.11583,41.67886],[126.04987,41.71087],[126.02891,41.71299],[126.02154,41.72437],[126.02563,41.75413],[126.00211,41.75378],[125.98438,41.76303],[125.99453,41.77346],[125.97943,41.77554],[125.98052,41.79089],[125.96108,41.79614],[125.98566,41.83908],[126.05518,41.86237],[126.06685,41.83722],[126.10024,41.82292],[126.09464,41.79544],[126.10111,41.78347],[126.1153,41.78638],[126.12526,41.7776],[126.16947,41.78805],[126.16885,41.79701],[126.19798,41.80689],[126.20224,41.82175]]]}},{"type":"Feature","id":"CTAMAP-2018-COUNTY-0401","properties":{"map_level":"county","source_name":"二道区","source_code":"220105","county_type":"市辖区","prefecture_name":"长春市","prefecture_code":"220100","prefecture_type":"地级市","parent_entity_id":"CNUR-000051","parent_year_end_name":"长春市","province_name":"吉林省","province_code":"220000","snapshot_year":2018,"panel_year":2017,"link_status":"parent_linked","former_name":"","note":""},"geometry":{"type":"Polygon","coordinates":[[[125.51741,43.93452],[125.53591,43.93254],[125.51279,43.90223],[125.5245,43.90539],[125.52713,43.89942],[125.58342,43.93232],[125.62058,43.93357],[125.62841,43.91546],[125.68375,43.93692],[125.69467,43.9306],[125.69431,43.91245],[125.71139,43.90838],[125.74636,43.92359],[125.78863,43.92284],[125.81199,43.90049],[125.81189,43.87566],[125.81952,43.86403],[125.80426,43.82861],[125.79568,43.82518],[125.80334,43.82193],[125.80273,43.81155],[125.79778,43.789],[125.78895,43.7866],[125.798,43.7816],[125.78385,43.77217],[125.76149,43.77386],[125.7152,43.79168],[125.67058,43.79133],[125.65541,43.78146],[125.63439,43.78452],[125.60352,43.77254],[125.59617,43.75542],[125.56292,43.75731],[125.54719,43.77383],[125.57131,43.8012],[125.55328,43.80991],[125.49524,43.81426],[125.50411,43.83274],[125.51991,43.83372],[125.50438,43.84794],[125.50777,43.85397],[125.47629,43.85682],[125.46238,43.8477],[125.42774,43.85225],[125.40086,43.82723],[125.38723,43.86242],[125.35213,43.86205],[125.34532,43.87926],[125.35846,43.89899],[125.35834,43.96169],[125.42632,43.95754],[125.42287,43.92764],[125.44172,43.93525],[125.4556,43.93028],[125.45606,43.94304],[125.49217,43.93805],[125.502,43.92275],[125.51741,43.93452]]]}},{"type":"Feature","id":"CTAMAP-2018-COUNTY-0427","properties":{"map_level":"county","source_name":"丰满区","source_code":"220211","county_type":"市辖区","prefecture_name":"吉林市","prefecture_code":"220200","prefecture_type":"地级市","parent_entity_id":"CNUR-000052","parent_year_end_name":"吉林市","province_name":"吉林省","province_code":"220000","snapshot_year":2018,"panel_year":2017,"link_status":"parent_linked","former_name":"","note":""},"geometry":{"type":"Polygon","coordinates":[[[126.81263,43.81758],[126.80525,43.80986],[126.82973,43.78169],[126.81903,43.75644],[126.82893,43.74505],[126.78703,43.70729],[126.77466,43.66624],[126.79737,43.65176],[126.85498,43.65614],[126.89899,43.64005],[126.92446,43.64666],[126.94007,43.63372],[126.93369,43.61803],[126.8988,43.59166],[126.91925,43.57393],[126.92259,43.49896],[126.93194,43.47048],[126.91165,43.46681],[126.91251,43.4556],[126.86703,43.44282],[126.85789,43.4463],[126.8566,43.46158],[126.81888,43.48197],[126.79479,43.46678],[126.71541,43.47087],[126.71018,43.45507],[126.69674,43.44612],[126.63519,43.46298],[126.62944,43.48394],[126.60019,43.503],[126.60379,43.52261],[126.63816,43.53262],[126.62672,43.53901],[126.63016,43.5622],[126.60819,43.57543],[126.61541,43.59719],[126.60322,43.59899],[126.59227,43.62705],[126.61958,43.64141],[126.61653,43.66297],[126.58316,43.69696],[126.57975,43.7137],[126.54719,43.72162],[126.47053,43.70803],[126.46566,43.68224],[126.42775,43.67314],[126.41048,43.69239],[126.40084,43.68946],[126.37632,43.70524],[126.37023,43.71915],[126.37571,43.72735],[126.3598,43.74033],[126.3634,43.75988],[126.38527,43.77472],[126.49063,43.78592],[126.5065,43.80205],[126.52825,43.8078],[126.54105,43.83115],[126.58483,43.83135],[126.59741,43.84317],[126.59671,43.86558],[126.59998,43.85904],[126.63483,43.86296],[126.6481,43.85209],[126.69845,43.84619],[126.71596,43.82613],[126.72723,43.83086],[126.74833,43.81116],[126.81263,43.81758]]]}},{"type":"Feature","id":"CTAMAP-2018-COUNTY-0456","properties":{"map_level":"county","source_name":"扶余市","source_code":"220781","county_type":"县级市","prefecture_name":"松原市","prefecture_code":"220700","prefecture_type":"地级市","parent_entity_id":"CNUR-000057","parent_year_end_name":"松原市","province_name":"吉林省","province_code":"220000","snapshot_year":2018,"panel_year":2017,"link_status":"parent_linked","former_name":"扶余县","note":"2013年撤销扶余县，设立扶余市"},"geometry":{"type":"Polygon","coordinates":[[[125.68452,45.5137],[125.69918,45.50085],[125.67967,45.48899],[125.70272,45.48255],[125.70327,45.47476],[125.69073,45.47444],[125.68974,45.46233],[125.70725,45.45826],[125.68911,45.44904],[125.70103,45.4439],[125.69818,45.4257],[125.70663,45.42235],[125.71132,45.40165],[125.68832,45.35135],[125.70177,45.33767],[125.71853,45.33602],[125.70831,45.32308],[125.72566,45.32148],[125.74759,45.29719],[125.74252,45.29094],[125.75019,45.28062],[125.75739,45.28344],[125.7532,45.28973],[125.76631,45.29282],[125.78064,45.28697],[125.78233,45.27771],[125.77093,45.2709],[125.78684,45.27459],[125.80811,45.2672],[125.80592,45.24691],[125.81362,45.23624],[125.85943,45.2296],[125.86625,45.21717],[125.88166,45.21905],[125.90771,45.19462],[125.98229,45.19332],[125.98771,45.18616],[125.96496,45.174],[125.99422,45.17724],[125.98973,45.16066],[126.02113,45.16039],[126.03972,45.16957],[126.07673,45.16293],[126.08623,45.14629],[126.10446,45.13985],[126.11151,45.14947],[126.11526,45.1417],[126.14187,45.14358],[126.17733,45.12138],[126.18919,45.10253],[126.16693,45.08767],[126.17604,45.07741],[126.16698,45.046],[126.18594,45.00066],[126.13875,44.97986],[126.13749,44.97215],[126.14903,44.95064],[126.18073,44.93105],[126.18616,44.91414],[126.17795,44.90659],[126.16101,44.91013],[126.15779,44.89986],[126.13934,44.89969],[126.14111,44.92467],[126.10166,44.92202],[126.0921,44.89138],[126.05445,44.90061],[126.05425,44.87343],[126.04405,44.85993],[126.03525,44.86096],[126.03186,44.84621],[126.04953,44.84563],[126.03696,44.82756],[126.04328,44.82441],[126.0419,44.8124],[126.03135,44.80257],[126.03975,44.78828],[126.01199,44.78503],[125.94691,44.75948],[125.91407,44.76947],[125.90265,44.80465],[125.86842,44.82266],[125.8658,44.83522],[125.82375,44.83925],[125.80249,44.8304],[125.79695,44.83562],[125.80537,44.84956],[125.77879,44.86057],[125.7751,44.86833],[125.78268,44.87841],[125.75402,44.88792],[125.74651,44.90879],[125.72412,44.92569],[125.69968,44.92264],[125.6865,44.93732],[125.66778,44.94277],[125.63612,44.93837],[125.62698,44.91777],[125.57887,44.88894],[125.54625,44.8955],[125.51874,44.88127],[125.48994,44.8798],[125.47774,44.86972],[125.45692,44.89009],[125.45054,44.88613],[125.42756,44.89618],[125.40022,44.87056],[125.37855,44.87048],[125.38405,44.87959],[125.36765,44.88689],[125.33036,44.88088],[125.30253,44.8624],[125.26423,44.86937],[125.21795,44.89879],[125.19147,44.92818],[125.18994,44.94774],[125.17398,44.95825],[125.18292,44.95693],[125.1937,44.96835],[125.1845,44.98749],[125.19233,44.99553],[125.18482,44.9992],[125.20213,45.01944],[125.23897,45.01681],[125.26879,45.05004],[125.25884,45.06015],[125.23549,45.06128],[125.21899,45.07581],[125.23186,45.08536],[125.21858,45.11669],[125.20012,45.12992],[125.14806,45.10615],[125.15226,45.09969],[125.14235,45.08692],[125.12887,45.08603],[125.11048,45.1122],[125.0809,45.12371],[125.0428,45.12131],[125.02902,45.14148],[125.03899,45.15067],[125.02471,45.15799],[125.02892,45.16585],[125.01928,45.17111],[125.02642,45.18527],[125.01003,45.21143],[124.9906,45.21694],[125.01174,45.23553],[124.99632,45.23678],[124.99541,45.24392],[125.02953,45.26671],[125.01426,45.28625],[125.02932,45.30779],[125.04277,45.30678],[125.09026,45.33175],[125.10122,45.32708],[125.09007,45.3384],[125.09558,45.36465],[125.08668,45.37877],[125.13724,45.40952],[125.18021,45.39625],[125.25151,45.41749],[125.29859,45.39935],[125.31043,45.40273],[125.30479,45.41448],[125.31496,45.41978],[125.33596,45.39312],[125.35449,45.38868],[125.4029,45.42336],[125.4253,45.45353],[125.42797,45.46458],[125.41474,45.48591],[125.47327,45.48572],[125.49063,45.46527],[125.58177,45.48968],[125.61913,45.52098],[125.65601,45.50365],[125.68452,45.5137]]]}},{"type":"Feature","id":"CTAMAP-2018-COUNTY-0475","properties":{"map_level":"county","source_name":"抚松县","source_code":"220621","county_type":"县","prefecture_name":"白山市","prefecture_code":"220600","prefecture_type":"地级市","parent_entity_id":"CNUR-000056","parent_year_end_name":"白山市","province_name":"吉林省","province_code":"220000","snapshot_year":2018,"panel_year":2017,"link_status":"parent_linked","former_name":"","note":""},"geometry":{"type":"Polygon","coordinates":[[[127.83194,42.78626],[127.82954,42.75918],[127.86308,42.75044],[127.85932,42.7393],[127.86828,42.73225],[127.84953,42.73365],[127.84173,42.72675],[127.86893,42.69455],[127.8934,42.68867],[127.89316,42.68201],[127.87742,42.68574],[127.87774,42.67446],[127.91691,42.67156],[127.9592,42.65378],[127.94818,42.63935],[127.95253,42.61953],[127.96737,42.62005],[127.96192,42.60964],[127.98659,42.59994],[127.98104,42.59549],[127.98597,42.58297],[128.00801,42.57187],[128.00751,42.56027],[128.02226,42.55998],[128.01375,42.54043],[128.02253,42.53866],[128.01764,42.52817],[128.02986,42.51714],[128.02535,42.49382],[128.0375,42.47748],[128.01256,42.4484],[128.00122,42.41187],[127.95706,42.3934],[127.93888,42.36579],[127.89664,42.36455],[127.89777,42.34689],[127.88269,42.32823],[127.83772,42.32869],[127.81111,42.32039],[127.80314,42.29974],[127.82227,42.27918],[127.84872,42.28116],[127.86257,42.27435],[127.87921,42.24119],[127.90308,42.24056],[127.91599,42.193],[127.96253,42.16241],[127.95513,42.14138],[127.98162,42.12291],[128.01595,42.07444],[128.03209,42.02896],[128.05639,42.00835],[128.02787,41.99783],[128.07417,41.96168],[128.07293,41.93845],[128.08462,41.9199],[128.08198,41.91236],[128.05666,41.91054],[128.08179,41.86178],[128.06711,41.85354],[128.06466,41.83926],[128.04727,41.82055],[128.02563,41.82183],[127.97295,41.80007],[127.95111,41.77797],[127.95627,41.77245],[127.94227,41.75126],[127.91557,41.74565],[127.90144,41.72827],[127.85892,41.73904],[127.82933,41.71112],[127.81386,41.72465],[127.81368,41.73758],[127.78529,41.73781],[127.75802,41.75359],[127.68675,41.76832],[127.65856,41.79115],[127.61997,41.78893],[127.58951,41.80747],[127.59501,41.81468],[127.58754,41.83557],[127.59598,41.8377],[127.57662,41.8474],[127.56833,41.86099],[127.48929,41.86515],[127.45564,41.88502],[127.45111,41.90118],[127.46713,41.92491],[127.45403,41.94645],[127.46534,41.98379],[127.43391,42.0321],[127.32637,42.04256],[127.28411,42.05114],[127.28012,42.05951],[127.22489,42.062],[127.2114,42.07669],[127.20858,42.07067],[127.18793,42.07155],[127.16615,42.05286],[127.17385,42.0654],[127.16688,42.09826],[127.17209,42.12956],[127.11973,42.12508],[127.0804,42.14826],[127.11009,42.17598],[127.20923,42.18363],[127.22721,42.21437],[127.2151,42.22845],[127.26075,42.24817],[127.25469,42.25342],[127.26497,42.26907],[127.25162,42.27332],[127.27041,42.27776],[127.25158,42.29641],[127.2666,42.31902],[127.25069,42.34212],[127.22643,42.35851],[127.22008,42.34237],[127.18508,42.32568],[127.13403,42.33545],[127.13442,42.31618],[127.11027,42.31887],[127.09525,42.30773],[127.07923,42.30715],[127.08187,42.3199],[127.03998,42.33222],[127.04492,42.34585],[127.03119,42.35183],[127.03962,42.36584],[127.02211,42.37026],[127.03682,42.39861],[127.05595,42.4136],[127.04894,42.42709],[127.05354,42.45123],[127.02916,42.4708],[127.05096,42.48265],[127.06355,42.50043],[127.06028,42.51138],[127.08092,42.53425],[127.08466,42.57335],[127.11223,42.5898],[127.10184,42.59611],[127.10406,42.60243],[127.12178,42.6084],[127.14117,42.63234],[127.17281,42.62097],[127.2115,42.63322],[127.19963,42.60108],[127.23411,42.59739],[127.27262,42.6123],[127.27941,42.62893],[127.31514,42.638],[127.33447,42.60297],[127.3479,42.59776],[127.34682,42.58373],[127.40048,42.56594],[127.42802,42.57063],[127.45309,42.55912],[127.46254,42.56591],[127.45851,42.59411],[127.49175,42.60152],[127.49228,42.60911],[127.47968,42.61019],[127.48047,42.62817],[127.54037,42.64144],[127.5677,42.66675],[127.58514,42.66901],[127.59412,42.69232],[127.61204,42.7067],[127.64089,42.71377],[127.6459,42.72497],[127.63487,42.73207],[127.6446,42.74051],[127.64115,42.7485],[127.65127,42.75905],[127.6622,42.75262],[127.68843,42.77351],[127.70746,42.77579],[127.70295,42.78934],[127.72272,42.80038],[127.70534,42.79987],[127.71486,42.81815],[127.79508,42.81041],[127.8077,42.79375],[127.83194,42.78626]]]}},{"type":"Feature","id":"CTAMAP-2018-COUNTY-0544","properties":{"map_level":"county","source_name":"公主岭市","source_code":"220381","county_type":"县级市","prefecture_name":"四平市","prefecture_code":"220300","prefecture_type":"地级市","parent_entity_id":"CNUR-000053","parent_year_end_name":"四平市","province_name":"吉林省","province_code":"220000","snapshot_year":2018,"panel_year":2017,"link_status":"parent_linked","former_name":"","note":""},"geometry":{"type":"Polygon","coordinates":[[[125.04591,43.93336],[125.05424,43.91684],[125.0886,43.90176],[125.09614,43.89107],[125.08915,43.8845],[125.09738,43.88683],[125.10353,43.87788],[125.08887,43.87514],[125.10175,43.85318],[125.09183,43.81515],[125.1156,43.80174],[125.14432,43.7613],[125.19955,43.74068],[125.21032,43.72414],[125.23472,43.71426],[125.24494,43.71757],[125.30074,43.68963],[125.28945,43.68712],[125.28877,43.66993],[125.31188,43.65472],[125.19075,43.63311],[125.05725,43.59338],[125.02893,43.57865],[125.01091,43.56051],[125.00913,43.5487],[124.98958,43.54962],[125.00008,43.53871],[124.98062,43.51579],[124.91088,43.49509],[124.89327,43.48207],[124.89175,43.46833],[124.90467,43.45852],[124.90887,43.44135],[124.9046,43.42861],[124.86432,43.41578],[124.86439,43.39817],[124.87887,43.36193],[124.90047,43.34863],[124.92045,43.31379],[124.86977,43.28668],[124.83526,43.2308],[124.8322,43.193],[124.85296,43.1727],[124.83492,43.1591],[124.7739,43.2082],[124.7798,43.21592],[124.77136,43.22935],[124.79602,43.23973],[124.75507,43.27711],[124.76996,43.32356],[124.75076,43.38229],[124.73342,43.39252],[124.72511,43.42084],[124.71074,43.43029],[124.67706,43.49393],[124.67157,43.51336],[124.68851,43.55071],[124.6878,43.57413],[124.67398,43.59201],[124.67495,43.62813],[124.65701,43.66128],[124.59341,43.68735],[124.57316,43.71713],[124.52019,43.75253],[124.49214,43.74562],[124.45535,43.75798],[124.42728,43.75342],[124.35619,43.76878],[124.20873,43.75322],[124.1845,43.70934],[124.16628,43.70476],[124.09943,43.70094],[124.07532,43.71067],[124.06943,43.71597],[124.07586,43.74143],[124.03237,43.79646],[124.0659,43.81075],[124.07871,43.86073],[124.03022,43.92952],[124.00944,44.00223],[124.05589,44.00673],[124.0698,44.01892],[124.12673,44.00419],[124.15112,44.01129],[124.15839,43.99536],[124.1816,43.98913],[124.17972,43.98302],[124.21224,43.9977],[124.21552,43.98928],[124.23182,43.99021],[124.23157,43.98285],[124.24699,43.98523],[124.24743,43.99698],[124.30189,43.98872],[124.31801,44.00426],[124.37206,44.02063],[124.37272,44.03076],[124.37506,44.02099],[124.38261,44.02806],[124.39275,44.02488],[124.39102,44.03696],[124.41926,44.03472],[124.43445,44.06129],[124.44726,44.06225],[124.49965,44.09838],[124.49476,44.10668],[124.50823,44.11386],[124.64928,44.11997],[124.66427,44.13677],[124.71198,44.14886],[124.71956,44.1442],[124.73491,44.15766],[124.74896,44.14862],[124.73132,44.13064],[124.75091,44.13508],[124.76262,44.11979],[124.74334,44.09618],[124.75645,44.08237],[124.75207,44.06233],[124.76073,44.06439],[124.79931,44.03935],[124.84429,44.04831],[124.85913,44.01952],[124.87988,44.02594],[124.88152,44.01569],[124.93077,44.00336],[124.91022,43.98409],[124.9168,43.9767],[124.91403,43.96314],[124.92228,43.94965],[124.95312,43.93948],[124.95928,43.91887],[124.94963,43.90975],[124.9539,43.8985],[124.98727,43.91411],[125.02576,43.91717],[125.0227,43.92858],[125.04591,43.93336]]]}},{"type":"Feature","id":"CTAMAP-2018-COUNTY-0658","properties":{"map_level":"county","source_name":"和龙市","source_code":"222406","county_type":"县级市","prefecture_name":"延边朝鲜族自治州","prefecture_code":"222400","prefecture_type":"自治州","parent_entity_id":"CNUR-000059","parent_year_end_name":"延边朝鲜族自治州","province_name":"吉林省","province_code":"220000","snapshot_year":2018,"panel_year":2017,"link_status":"parent_linked","former_name":"","note":""},"geometry":{"type":"Polygon","coordinates":[[[128.93763,42.952],[128.93763,42.93557],[128.95464,42.90811],[128.97518,42.88882],[128.98835,42.88787],[128.9846,42.87407],[129.00099,42.84654],[128.99413,42.83044],[129.03872,42.78424],[129.05439,42.78172],[129.07196,42.76607],[129.09144,42.77075],[129.11192,42.76167],[129.12974,42.76892],[129.14646,42.76382],[129.20011,42.78385],[129.22389,42.78384],[129.24936,42.8014],[129.30806,42.79081],[129.35114,42.79765],[129.35762,42.77224],[129.37202,42.76276],[129.40261,42.71293],[129.40463,42.68589],[129.38681,42.66673],[129.39216,42.66156],[129.38461,42.65215],[129.39227,42.64654],[129.36971,42.63548],[129.32893,42.63549],[129.27195,42.62115],[129.2999,42.59383],[129.28227,42.5814],[129.29036,42.57707],[129.29254,42.5603],[129.25636,42.53853],[129.30238,42.51176],[129.30157,42.46126],[129.32026,42.44328],[129.32315,42.42617],[129.31927,42.4182],[129.30778,42.42314],[129.30433,42.41331],[129.31231,42.40575],[129.30077,42.40385],[129.31962,42.38445],[129.29496,42.39003],[129.29067,42.37922],[129.27033,42.38796],[129.2597,42.37218],[129.24289,42.37963],[129.22389,42.3517],[129.25659,42.33032],[129.25022,42.32006],[129.22433,42.31324],[129.2046,42.32118],[129.19287,42.31471],[129.21295,42.30279],[129.23632,42.30812],[129.20114,42.28566],[129.22542,42.28184],[129.21759,42.2656],[129.17639,42.25963],[129.1759,42.23704],[129.20184,42.24242],[129.20645,42.23569],[129.19672,42.22408],[129.20659,42.21295],[129.22,42.21683],[129.22117,42.20431],[129.18879,42.20308],[129.18929,42.18949],[129.15837,42.18363],[129.16592,42.16387],[129.12682,42.16008],[129.13118,42.15343],[129.11346,42.13865],[129.08585,42.1389],[129.06811,42.15674],[129.06318,42.151],[129.07138,42.13809],[129.03978,42.13304],[129.04182,42.11628],[129.03242,42.11201],[129.03459,42.1056],[129.00938,42.09936],[129.00336,42.08914],[128.96226,42.09373],[128.94569,42.07829],[128.94559,42.06341],[128.95872,42.05524],[128.94696,42.02522],[128.93825,42.02686],[128.91932,42.01219],[128.90643,42.00955],[128.88425,42.02615],[128.83537,42.02421],[128.8055,42.04232],[128.77005,42.03164],[128.74495,42.0513],[128.7291,42.04962],[128.72976,42.04102],[128.67764,42.01183],[128.63043,42.03713],[128.60087,42.03057],[128.5898,42.0225],[128.58864,42.0071],[128.56817,41.9976],[128.5013,41.99781],[128.46444,42.00729],[128.45102,42.01725],[128.45651,42.04038],[128.44065,42.08194],[128.44706,42.11346],[128.41498,42.12905],[128.41339,42.15539],[128.38223,42.16501],[128.37928,42.176],[128.39471,42.19117],[128.38795,42.20824],[128.41698,42.21026],[128.44009,42.22525],[128.47834,42.21882],[128.52496,42.22225],[128.56346,42.24906],[128.56477,42.26584],[128.58975,42.27531],[128.60987,42.29932],[128.62786,42.30374],[128.64837,42.29228],[128.69298,42.30324],[128.68374,42.32395],[128.66056,42.32991],[128.65293,42.34576],[128.67929,42.36027],[128.69119,42.38541],[128.67323,42.40099],[128.67754,42.41446],[128.64315,42.43405],[128.63753,42.44737],[128.65543,42.47594],[128.63551,42.50557],[128.61447,42.51758],[128.62458,42.53133],[128.61838,42.53636],[128.627,42.57109],[128.62155,42.59739],[128.59358,42.6131],[128.60378,42.62921],[128.5982,42.63789],[128.60302,42.64431],[128.57993,42.66705],[128.58054,42.68889],[128.53091,42.72598],[128.53613,42.73832],[128.5255,42.75222],[128.52001,42.79031],[128.53532,42.81096],[128.55464,42.81691],[128.5696,42.84127],[128.59782,42.8488],[128.60312,42.86872],[128.66096,42.84353],[128.67244,42.84854],[128.70213,42.83394],[128.73368,42.83305],[128.77224,42.80377],[128.79546,42.80891],[128.81699,42.82976],[128.78336,42.89665],[128.811,42.89922],[128.81097,42.93356],[128.83054,42.9388],[128.87964,42.90941],[128.88782,42.9222],[128.88269,42.93337],[128.90418,42.95196],[128.93763,42.952]]]}},{"type":"Feature","id":"CTAMAP-2018-COUNTY-0744","properties":{"map_level":"county","source_name":"桦甸市","source_code":"220282","county_type":"县级市","prefecture_name":"吉林市","prefecture_code":"220200","prefecture_type":"地级市","parent_entity_id":"CNUR-000052","parent_year_end_name":"吉林市","province_name":"吉林省","province_code":"220000","snapshot_year":2018,"panel_year":2017,"link_status":"parent_linked","former_name":"","note":""},"geometry":{"type":"Polygon","coordinates":[[[126.93194,43.47048],[126.9497,43.45762],[126.9778,43.45512],[127.01893,43.40213],[127.07739,43.40081],[127.11047,43.38667],[127.14037,43.39444],[127.12251,43.36525],[127.10367,43.35564],[127.0949,43.32604],[127.12291,43.28493],[127.15002,43.27832],[127.12324,43.24439],[127.18182,43.24752],[127.20889,43.20918],[127.22875,43.20593],[127.28208,43.22899],[127.3002,43.22217],[127.36744,43.22381],[127.37085,43.23272],[127.39912,43.23218],[127.41664,43.24056],[127.42247,43.25897],[127.47769,43.27928],[127.51794,43.28461],[127.52969,43.29467],[127.54683,43.29536],[127.56731,43.28145],[127.58823,43.30602],[127.63885,43.28954],[127.65367,43.27131],[127.65253,43.26181],[127.62792,43.221],[127.57542,43.18516],[127.56167,43.1841],[127.5527,43.166],[127.52628,43.14386],[127.47401,43.13639],[127.49752,43.11756],[127.48674,43.08902],[127.49571,43.06806],[127.47762,43.05796],[127.46343,43.02635],[127.49363,43.0202],[127.52413,42.9825],[127.55199,42.97684],[127.58007,42.9536],[127.6058,42.95122],[127.66892,42.90039],[127.73443,42.887],[127.75336,42.89997],[127.78617,42.87253],[127.81363,42.87315],[127.81915,42.86609],[127.80976,42.83754],[127.84663,42.80898],[127.83445,42.78925],[127.8077,42.79375],[127.79508,42.81041],[127.71486,42.81815],[127.70534,42.79987],[127.72272,42.80038],[127.70295,42.78934],[127.70746,42.77579],[127.68843,42.77351],[127.6622,42.75262],[127.65127,42.75905],[127.64115,42.7485],[127.6446,42.74051],[127.63487,42.73207],[127.6459,42.72497],[127.64089,42.71377],[127.61204,42.7067],[127.59412,42.69232],[127.58514,42.66901],[127.5677,42.66675],[127.54037,42.64144],[127.48047,42.62817],[127.47968,42.61019],[127.49228,42.60911],[127.49175,42.60152],[127.45851,42.59411],[127.46254,42.56591],[127.45187,42.55886],[127.42802,42.57063],[127.40048,42.56594],[127.34682,42.58373],[127.3479,42.59776],[127.33447,42.60297],[127.31514,42.638],[127.27941,42.62893],[127.27262,42.6123],[127.23701,42.59772],[127.19963,42.60108],[127.22034,42.65467],[127.24153,42.67843],[127.24771,42.70825],[127.22634,42.71995],[127.19441,42.76382],[127.19604,42.78653],[127.18612,42.80417],[127.19578,42.83328],[127.19014,42.84122],[127.14715,42.79961],[127.08714,42.79811],[127.06421,42.81109],[127.03003,42.8025],[127.01011,42.7865],[126.98423,42.80251],[126.95427,42.80818],[126.93757,42.80258],[126.90223,42.80677],[126.89182,42.80039],[126.8899,42.78173],[126.81631,42.77509],[126.79474,42.73474],[126.80511,42.70312],[126.78214,42.69353],[126.76853,42.66919],[126.7548,42.66462],[126.72664,42.69348],[126.68188,42.7047],[126.67278,42.71781],[126.64442,42.72667],[126.65376,42.74328],[126.64272,42.77305],[126.68492,42.79707],[126.6588,42.83492],[126.61805,42.82738],[126.60729,42.84689],[126.61842,42.86882],[126.61183,42.88052],[126.59674,42.87527],[126.58821,42.88295],[126.58878,42.89414],[126.60925,42.91106],[126.61018,42.92654],[126.57967,42.94326],[126.59557,42.97523],[126.59155,42.98997],[126.57221,42.98741],[126.55534,43.006],[126.55363,43.02163],[126.54148,43.03429],[126.54704,43.05104],[126.50686,43.06374],[126.44574,43.12251],[126.41214,43.12326],[126.39372,43.15316],[126.36162,43.14186],[126.33303,43.15476],[126.32908,43.18227],[126.31613,43.20343],[126.28502,43.2034],[126.26937,43.22903],[126.27431,43.24245],[126.3251,43.24408],[126.33968,43.2566],[126.34109,43.27333],[126.35115,43.28387],[126.33611,43.29389],[126.31217,43.29542],[126.30986,43.31621],[126.28409,43.32729],[126.30921,43.35872],[126.33784,43.34931],[126.34939,43.35869],[126.34885,43.37928],[126.39648,43.39247],[126.40681,43.40638],[126.43315,43.38582],[126.42309,43.37327],[126.43624,43.3608],[126.43544,43.34771],[126.46914,43.33718],[126.48255,43.34622],[126.49218,43.33319],[126.51848,43.32241],[126.52116,43.31076],[126.55871,43.31803],[126.56097,43.33163],[126.5453,43.3435],[126.55246,43.35337],[126.5942,43.36328],[126.61106,43.37885],[126.6086,43.39853],[126.65459,43.41211],[126.64433,43.43411],[126.64944,43.45892],[126.69685,43.44614],[126.71018,43.45507],[126.71541,43.47087],[126.79479,43.46678],[126.81888,43.48197],[126.8566,43.46158],[126.85789,43.4463],[126.86682,43.44279],[126.91251,43.4556],[126.91165,43.46681],[126.93194,43.47048]]]}},{"type":"Feature","id":"CTAMAP-2018-COUNTY-0779","properties":{"map_level":"county","source_name":"辉南县","source_code":"220523","county_type":"县","prefecture_name":"通化市","prefecture_code":"220500","prefecture_type":"地级市","parent_entity_id":"CNUR-000055","parent_year_end_name":"通化市","province_name":"吉林省","province_code":"220000","snapshot_year":2018,"panel_year":2017,"link_status":"parent_linked","former_name":"","note":""},"geometry":{"type":"Polygon","coordinates":[[[126.64396,42.7286],[126.67278,42.71781],[126.68188,42.7047],[126.72664,42.69348],[126.74434,42.66873],[126.73398,42.66288],[126.73422,42.64937],[126.71354,42.62787],[126.70586,42.60737],[126.68112,42.6049],[126.66458,42.59069],[126.64564,42.59235],[126.61794,42.57559],[126.63499,42.5308],[126.62348,42.46847],[126.60716,42.45792],[126.57277,42.46351],[126.55813,42.44367],[126.50518,42.40871],[126.51404,42.39514],[126.51217,42.3703],[126.53437,42.34384],[126.52163,42.32027],[126.52512,42.30072],[126.51688,42.28726],[126.47456,42.27786],[126.38816,42.29115],[126.3467,42.28539],[126.32647,42.2716],[126.29398,42.27009],[126.27105,42.28028],[126.26496,42.27187],[126.20824,42.27015],[126.21159,42.29418],[126.20099,42.29804],[126.18938,42.32088],[126.20329,42.34044],[126.1607,42.33077],[126.09736,42.34627],[126.10955,42.36443],[126.12897,42.36877],[126.12782,42.38752],[126.14486,42.41333],[126.14261,42.43247],[126.13642,42.4486],[126.11492,42.44743],[126.06513,42.48894],[126.0643,42.51007],[126.0427,42.55593],[126.01342,42.58574],[126.02503,42.60261],[126.02184,42.61139],[126.03983,42.63213],[126.03595,42.65643],[126.04223,42.66372],[126.02334,42.66519],[126.01266,42.65797],[125.98994,42.67655],[125.97596,42.67709],[125.98887,42.69719],[126.00103,42.70129],[125.9985,42.71338],[126.01469,42.73338],[126.01254,42.74396],[126.02761,42.75396],[126.04114,42.75086],[126.06436,42.77505],[126.06213,42.78585],[126.09908,42.78107],[126.14268,42.78966],[126.16592,42.7816],[126.18946,42.7888],[126.23288,42.77232],[126.31307,42.81296],[126.34528,42.802],[126.36756,42.81383],[126.38569,42.80844],[126.39164,42.7962],[126.38126,42.77709],[126.39233,42.75876],[126.386,42.75231],[126.39424,42.73531],[126.38412,42.72928],[126.37733,42.70649],[126.3834,42.69412],[126.41607,42.67654],[126.50165,42.68341],[126.53541,42.66606],[126.55858,42.66856],[126.56818,42.69],[126.62347,42.71188],[126.64396,42.7286]]]}},{"type":"Feature","id":"CTAMAP-2018-COUNTY-0801","properties":{"map_level":"county","source_name":"浑江区","source_code":"220602","county_type":"市辖区","prefecture_name":"白山市","prefecture_code":"220600","prefecture_type":"地级市","parent_entity_id":"CNUR-000056","parent_year_end_name":"白山市","province_name":"吉林省","province_code":"220000","snapshot_year":2018,"panel_year":2017,"link_status":"parent_linked","former_name":"","note":""},"geometry":{"type":"Polygon","coordinates":[[[126.57315,41.82606],[126.55265,41.79821],[126.57795,41.76569],[126.57502,41.73716],[126.6113,41.72183],[126.60907,41.709],[126.62996,41.6919],[126.68348,41.67231],[126.64583,41.65645],[126.6218,41.67441],[126.60622,41.67031],[126.60324,41.63952],[126.5865,41.62139],[126.5605,41.61691],[126.56275,41.58991],[126.57761,41.57044],[126.57688,41.55242],[126.55578,41.54659],[126.5476,41.5326],[126.51973,41.53373],[126.49905,41.4995],[126.46282,41.49843],[126.45897,41.5176],[126.4354,41.51787],[126.4227,41.50733],[126.39495,41.51325],[126.40689,41.53103],[126.37557,41.56465],[126.39919,41.58235],[126.39648,41.60721],[126.41799,41.65675],[126.39855,41.66625],[126.32912,41.66125],[126.31375,41.65303],[126.31123,41.66372],[126.29573,41.6685],[126.29009,41.69237],[126.27535,41.69371],[126.28829,41.72777],[126.27975,41.7365],[126.29895,41.74339],[126.31551,41.79852],[126.29229,41.82697],[126.2724,41.82982],[126.26519,41.84205],[126.24091,41.84634],[126.22455,41.84046],[126.21376,41.853],[126.23302,41.87094],[126.23344,41.88572],[126.20899,41.88979],[126.2034,41.90302],[126.18189,41.89843],[126.16966,41.91559],[126.11449,41.95053],[126.12774,41.96371],[126.14012,41.96187],[126.16176,41.97467],[126.19798,41.97112],[126.23094,41.99621],[126.24872,41.99676],[126.25379,42.01259],[126.28688,42.03439],[126.31896,42.03588],[126.36279,42.06141],[126.40021,42.05767],[126.47125,42.07105],[126.50496,42.05305],[126.53125,42.02123],[126.51619,42.00035],[126.5241,41.96746],[126.51166,41.9576],[126.50269,41.96386],[126.49966,41.9445],[126.48457,41.93301],[126.48457,41.90367],[126.52354,41.89399],[126.55651,41.90001],[126.57975,41.85578],[126.57315,41.82606]]]}},{"type":"Feature","id":"CTAMAP-2018-COUNTY-0825","properties":{"map_level":"county","source_name":"集安市","source_code":"220582","county_type":"县级市","prefecture_name":"通化市","prefecture_code":"220500","prefecture_type":"地级市","parent_entity_id":"CNUR-000055","parent_year_end_name":"通化市","province_name":"吉林省","province_code":"220000","snapshot_year":2018,"panel_year":2017,"link_status":"parent_linked","former_name":"","note":""},"geometry":{"type":"Polygon","coordinates":[[[126.05776,41.55418],[126.10169,41.52573],[126.10989,41.50101],[126.12599,41.48317],[126.11514,41.4105],[126.14114,41.40345],[126.14202,41.37934],[126.15151,41.37307],[126.15831,41.33792],[126.20301,41.32888],[126.22518,41.34405],[126.26571,41.34426],[126.30178,41.3658],[126.31659,41.36556],[126.30819,41.38106],[126.32035,41.3951],[126.31952,41.41075],[126.34464,41.42341],[126.34569,41.44567],[126.39457,41.47173],[126.38262,41.49062],[126.39352,41.51433],[126.4227,41.50733],[126.4354,41.51787],[126.45897,41.5176],[126.46282,41.49843],[126.4985,41.49943],[126.51973,41.53373],[126.5476,41.5326],[126.5411,41.52268],[126.54614,41.51263],[126.53471,41.49692],[126.54585,41.48757],[126.52679,41.47606],[126.49612,41.43284],[126.50022,41.42433],[126.4927,41.40215],[126.50525,41.38145],[126.53247,41.37251],[126.53476,41.3614],[126.52,41.34765],[126.47485,41.34591],[126.50963,41.36265],[126.50639,41.37085],[126.48873,41.37173],[126.43133,41.35077],[126.43223,41.32977],[126.40542,41.32858],[126.39392,41.30232],[126.36229,41.28134],[126.35497,41.24469],[126.31703,41.22848],[126.30473,41.18918],[126.28332,41.18698],[126.2911,41.17064],[126.28222,41.16053],[126.23586,41.1456],[126.22389,41.12825],[126.1881,41.11563],[126.16463,41.09219],[126.11783,41.0889],[126.109,41.0716],[126.13047,41.05541],[126.11858,41.03257],[126.09574,41.03344],[126.10133,41.0025],[126.06404,40.99634],[126.07567,40.97456],[126.05146,40.96337],[126.05132,40.94907],[126.03599,40.9409],[126.03311,40.92639],[126.00142,40.93222],[125.97378,40.91465],[125.97908,40.90874],[126.0098,40.91376],[126.0176,40.90306],[125.99455,40.89503],[125.96842,40.9033],[125.96242,40.88531],[125.93919,40.87778],[125.90934,40.88785],[125.91175,40.91124],[125.89618,40.89733],[125.86826,40.9068],[125.85514,40.88445],[125.80745,40.86421],[125.79723,40.86738],[125.79579,40.88428],[125.76823,40.89303],[125.73969,40.87233],[125.7007,40.86467],[125.68502,40.89459],[125.64953,40.91513],[125.64096,40.90585],[125.57315,40.89181],[125.5837,40.92941],[125.60918,40.94044],[125.62961,40.94002],[125.64395,40.96839],[125.67613,40.97867],[125.67811,41.01969],[125.72061,41.0534],[125.73357,41.08469],[125.70604,41.09396],[125.70775,41.10306],[125.72698,41.12292],[125.75178,41.12798],[125.75975,41.14641],[125.78561,41.16484],[125.73135,41.17756],[125.72945,41.19208],[125.75244,41.23048],[125.74369,41.24338],[125.69078,41.24377],[125.68028,41.27071],[125.66979,41.27557],[125.64084,41.26274],[125.63335,41.27672],[125.63638,41.29414],[125.6148,41.31529],[125.63047,41.32269],[125.63377,41.33637],[125.60834,41.3597],[125.63163,41.37944],[125.65253,41.3708],[125.67145,41.37618],[125.64408,41.40914],[125.67273,41.40839],[125.68277,41.4431],[125.69342,41.45192],[125.72896,41.45046],[125.7541,41.46299],[125.75245,41.4942],[125.77412,41.48517],[125.79092,41.48789],[125.79447,41.51676],[125.78075,41.52349],[125.78096,41.53651],[125.81918,41.53327],[125.82676,41.54107],[125.82516,41.56345],[125.87323,41.56777],[125.88575,41.59456],[125.94693,41.57962],[125.97096,41.58799],[125.98805,41.57284],[125.98783,41.56136],[126.03306,41.563],[126.05776,41.55418]]]}},{"type":"Feature","id":"CTAMAP-2018-COUNTY-0893","properties":{"map_level":"county","source_name":"江源区","source_code":"220605","county_type":"市辖区","prefecture_name":"白山市","prefecture_code":"220600","prefecture_type":"地级市","parent_entity_id":"CNUR-000056","parent_year_end_name":"白山市","province_name":"吉林省","province_code":"220000","snapshot_year":2018,"panel_year":2017,"link_status":"parent_linked","former_name":"江源县","note":"2006年撤销江源县，设立江源区"},"geometry":{"type":"Polygon","coordinates":[[[127.04904,42.14595],[127.10555,42.13777],[127.11973,42.12508],[127.172,42.12965],[127.16688,42.09826],[127.17385,42.0654],[127.16527,42.05364],[127.19038,42.07251],[127.20858,42.07067],[127.21185,42.07664],[127.22516,42.06641],[127.2176,42.05331],[127.19274,42.04053],[127.19625,42.02266],[127.15908,42.0191],[127.16127,42.00916],[127.13454,41.9913],[127.106,41.99369],[127.09485,41.98347],[126.99616,42.01012],[126.96301,41.98026],[126.96186,41.9694],[126.97511,41.95683],[126.93971,41.93757],[126.91742,41.95515],[126.84929,41.97175],[126.83114,41.99121],[126.83457,41.99921],[126.81713,41.99314],[126.79351,42.00068],[126.74986,41.9806],[126.72616,41.94936],[126.73424,41.94128],[126.73188,41.92598],[126.70371,41.90216],[126.70416,41.8897],[126.67963,41.86034],[126.63713,41.84564],[126.6126,41.82377],[126.59665,41.82047],[126.57315,41.82606],[126.57975,41.85578],[126.55651,41.90001],[126.52354,41.89399],[126.48457,41.90367],[126.48457,41.93301],[126.49966,41.9445],[126.50269,41.96386],[126.51166,41.9576],[126.5241,41.96746],[126.51619,42.00035],[126.53116,42.02086],[126.52801,42.02883],[126.50496,42.05305],[126.47125,42.07105],[126.39154,42.06135],[126.39588,42.07649],[126.38616,42.09355],[126.4223,42.11814],[126.44543,42.12318],[126.44227,42.13753],[126.46175,42.15577],[126.46422,42.17431],[126.47937,42.17686],[126.48481,42.18827],[126.50092,42.1943],[126.54204,42.18247],[126.54705,42.19617],[126.56954,42.20288],[126.57918,42.22718],[126.59876,42.22408],[126.59913,42.20442],[126.65523,42.18177],[126.67051,42.16706],[126.6923,42.17296],[126.70542,42.12684],[126.80627,42.13196],[126.83495,42.11884],[126.84268,42.13063],[126.86281,42.13143],[126.86853,42.14563],[126.89171,42.1469],[126.92166,42.11909],[126.97848,42.10326],[127.00025,42.13119],[126.99709,42.14577],[127.0105,42.15441],[127.00144,42.16665],[127.0308,42.16143],[127.04904,42.14595]]]}},{"type":"Feature","id":"CTAMAP-2018-COUNTY-0903","properties":{"map_level":"county","source_name":"蛟河市","source_code":"220281","county_type":"县级市","prefecture_name":"吉林市","prefecture_code":"220200","prefecture_type":"地级市","parent_entity_id":"CNUR-000052","parent_year_end_name":"吉林市","province_name":"吉林省","province_code":"220000","snapshot_year":2018,"panel_year":2017,"link_status":"parent_linked","former_name":"","note":""},"geometry":{"type":"Polygon","coordinates":[[[127.75018,44.0817],[127.77775,44.06955],[127.80189,44.08439],[127.83559,44.08164],[127.86358,44.05481],[127.78241,44.0],[127.77616,43.97735],[127.7868,43.97119],[127.77294,43.96816],[127.77995,43.95378],[127.76959,43.93438],[127.75625,43.93486],[127.79295,43.91242],[127.8452,43.8939],[127.85673,43.86758],[127.84599,43.85845],[127.83144,43.86484],[127.81473,43.85493],[127.80575,43.83777],[127.81056,43.83371],[127.80146,43.82607],[127.81168,43.81838],[127.80729,43.80969],[127.8381,43.79804],[127.8331,43.77736],[127.85141,43.74426],[127.91218,43.72608],[127.91869,43.70457],[127.90437,43.70081],[127.90761,43.69228],[127.90005,43.68558],[127.90004,43.66879],[127.91054,43.65513],[127.89353,43.64299],[127.89041,43.62247],[127.85899,43.62232],[127.83511,43.59283],[127.82239,43.59578],[127.81051,43.58832],[127.81312,43.58012],[127.78595,43.56176],[127.78484,43.5509],[127.76929,43.55171],[127.76865,43.52352],[127.75531,43.52103],[127.74517,43.50392],[127.71352,43.50654],[127.69185,43.48205],[127.70069,43.46295],[127.69025,43.43479],[127.70563,43.42542],[127.69495,43.38629],[127.67427,43.36188],[127.67653,43.35211],[127.61328,43.33487],[127.62792,43.32058],[127.62413,43.30985],[127.58206,43.30476],[127.56731,43.28145],[127.54683,43.29536],[127.53018,43.29478],[127.51794,43.28461],[127.47769,43.27928],[127.42202,43.25876],[127.42406,43.24867],[127.40409,43.23353],[127.37085,43.23272],[127.36744,43.22381],[127.35613,43.22156],[127.28208,43.22899],[127.22875,43.20593],[127.20209,43.21302],[127.18121,43.24775],[127.12324,43.24439],[127.15002,43.27832],[127.12291,43.28493],[127.0949,43.32604],[127.10367,43.35564],[127.12251,43.36525],[127.14037,43.39444],[127.11047,43.38667],[127.07739,43.40081],[127.01893,43.40213],[126.9778,43.45512],[126.94749,43.45839],[126.92704,43.47566],[126.9199,43.57132],[126.8988,43.59166],[126.93823,43.62334],[126.94007,43.63372],[126.93207,43.64116],[126.92173,43.64717],[126.89413,43.64087],[126.85498,43.65614],[126.79976,43.65133],[126.77424,43.66704],[126.78703,43.70729],[126.82905,43.74556],[126.81903,43.75644],[126.82973,43.78169],[126.80525,43.81147],[126.82474,43.83928],[126.84804,43.8532],[126.83513,43.87528],[126.81107,43.89329],[126.81163,43.9031],[126.83521,43.89732],[126.85466,43.90896],[126.82765,43.92659],[126.83278,43.93616],[126.82479,43.94014],[126.85387,43.96838],[126.84091,43.97644],[126.82037,44.01082],[126.7908,44.01079],[126.77303,44.02937],[126.77405,44.03808],[126.74815,44.04326],[126.74921,44.05065],[126.76785,44.05402],[126.76849,44.0657],[126.7538,44.07887],[126.77222,44.1059],[126.81088,44.09695],[126.81232,44.10269],[126.81904,44.0946],[126.84274,44.09732],[126.8835,44.14378],[126.89287,44.14519],[126.92206,44.13874],[126.93168,44.12583],[126.94374,44.13496],[126.96903,44.12991],[126.97465,44.13511],[126.98839,44.12971],[126.98467,44.12246],[127.00585,44.12787],[127.02362,44.11741],[127.05512,44.12007],[127.06472,44.10856],[127.08817,44.11187],[127.09902,44.09566],[127.13308,44.09552],[127.14068,44.08455],[127.17103,44.08959],[127.15989,44.07711],[127.16326,44.05416],[127.18548,44.04976],[127.17216,44.02366],[127.15909,44.02099],[127.16562,43.97838],[127.18502,43.96553],[127.22811,43.96186],[127.2325,43.95574],[127.25638,43.96493],[127.27564,43.96317],[127.27267,43.98905],[127.31247,44.00327],[127.33341,44.0212],[127.33071,44.04582],[127.34461,44.05551],[127.3465,44.07455],[127.37318,44.10988],[127.43829,44.1161],[127.45044,44.09387],[127.47664,44.09246],[127.51325,44.06855],[127.52924,44.05113],[127.52267,44.04528],[127.52558,44.02913],[127.57902,44.03469],[127.60561,44.00332],[127.60378,43.99541],[127.63013,43.99666],[127.64331,43.98895],[127.70059,44.021],[127.70924,44.03667],[127.72474,44.03779],[127.73919,44.05437],[127.73544,44.07109],[127.75018,44.0817]]]}},{"type":"Feature","id":"CTAMAP-2018-COUNTY-0972","properties":{"map_level":"county","source_name":"靖宇县","source_code":"220622","county_type":"县","prefecture_name":"白山市","prefecture_code":"220600","prefecture_type":"地级市","parent_entity_id":"CNUR-000056","parent_year_end_name":"白山市","province_name":"吉林省","province_code":"220000","snapshot_year":2018,"panel_year":2017,"link_status":"parent_linked","former_name":"","note":""},"geometry":{"type":"Polygon","coordinates":[[[127.2115,42.63322],[127.17281,42.62097],[127.1434,42.63319],[127.12178,42.6084],[127.10406,42.60243],[127.10184,42.59611],[127.11223,42.5898],[127.08466,42.57335],[127.08092,42.53425],[127.06028,42.51138],[127.06355,42.50043],[127.05096,42.48265],[127.02916,42.4708],[127.05354,42.45123],[127.04894,42.42709],[127.05595,42.4136],[127.03682,42.39861],[127.02211,42.37026],[127.03962,42.36584],[127.03119,42.35183],[127.04492,42.34585],[127.03998,42.33222],[127.08187,42.3199],[127.07923,42.30715],[127.09525,42.30773],[127.11027,42.31887],[127.13442,42.31618],[127.13403,42.33545],[127.18508,42.32568],[127.22008,42.34237],[127.2259,42.35846],[127.25069,42.34212],[127.26757,42.31565],[127.2517,42.29484],[127.27041,42.27592],[127.25184,42.27393],[127.26497,42.26907],[127.25497,42.25473],[127.2599,42.24724],[127.2151,42.22845],[127.22721,42.21437],[127.20923,42.18363],[127.11009,42.17598],[127.07402,42.1421],[127.00144,42.16665],[127.0105,42.15441],[126.99709,42.14577],[127.00025,42.13119],[126.97848,42.10326],[126.92166,42.11909],[126.89171,42.1469],[126.86853,42.14563],[126.86281,42.13143],[126.84268,42.13063],[126.83495,42.11884],[126.80627,42.13196],[126.70579,42.1268],[126.6923,42.17296],[126.67051,42.16706],[126.65523,42.18177],[126.59913,42.20442],[126.59821,42.22441],[126.57513,42.22634],[126.52079,42.25236],[126.51705,42.2923],[126.53444,42.34331],[126.51217,42.3703],[126.51404,42.39514],[126.50518,42.40871],[126.55813,42.44367],[126.57277,42.46351],[126.60716,42.45792],[126.6234,42.46836],[126.63499,42.5308],[126.61794,42.57559],[126.64564,42.59235],[126.66458,42.59069],[126.68112,42.6049],[126.70586,42.60737],[126.71354,42.62787],[126.73422,42.64937],[126.73398,42.66288],[126.74466,42.66994],[126.76853,42.66919],[126.78214,42.69353],[126.80444,42.70227],[126.79474,42.73474],[126.81621,42.77503],[126.8899,42.78173],[126.89182,42.80039],[126.90223,42.80677],[126.93757,42.80258],[126.95427,42.80818],[126.98423,42.80251],[127.01011,42.7865],[127.03003,42.8025],[127.06421,42.81109],[127.08714,42.79811],[127.14715,42.79961],[127.19014,42.84122],[127.19578,42.83328],[127.18612,42.80417],[127.19604,42.78653],[127.19441,42.76382],[127.22634,42.71995],[127.24771,42.70825],[127.24153,42.67843],[127.2115,42.63322]]]}},{"type":"Feature","id":"CTAMAP-2018-COUNTY-0983","properties":{"map_level":"county","source_name":"九台区","source_code":"220113","county_type":"市辖区","prefecture_name":"长春市","prefecture_code":"220100","prefecture_type":"地级市","parent_entity_id":"CNUR-000051","parent_year_end_name":"长春市","province_name":"吉林省","province_code":"220000","snapshot_year":2018,"panel_year":2017,"link_status":"parent_linked","former_name":"九台市","note":"2014年撤销九台市，设立九台区"},"geometry":{"type":"Polygon","coordinates":[[[126.40772,44.52381],[126.41393,44.513],[126.44023,44.49996],[126.41782,44.48535],[126.41741,44.4633],[126.43593,44.44038],[126.4195,44.42109],[126.47871,44.4128],[126.47277,44.39012],[126.48644,44.37889],[126.44756,44.35387],[126.46504,44.33703],[126.46513,44.31142],[126.48821,44.2977],[126.46895,44.28436],[126.45647,44.25215],[126.468,44.2403],[126.49481,44.2349],[126.49782,44.22385],[126.46594,44.20683],[126.46401,44.18256],[126.44906,44.17299],[126.41919,44.16872],[126.38879,44.18007],[126.34377,44.17241],[126.32554,44.18509],[126.2926,44.19088],[126.29368,44.17628],[126.28153,44.1754],[126.275,44.15614],[126.26735,44.17974],[126.22908,44.17671],[126.20291,44.15461],[126.17148,44.16176],[126.15677,44.1557],[126.15075,44.14286],[126.15615,44.13739],[126.1281,44.12958],[126.13455,44.11744],[126.12723,44.11123],[126.10065,44.12376],[126.0587,44.07853],[126.0572,44.0643],[126.04637,44.06489],[126.01089,44.03826],[125.9963,44.01424],[125.99343,43.99495],[126.01951,43.97661],[126.03072,43.94024],[126.01777,43.93089],[126.03842,43.91454],[126.03039,43.89568],[126.03789,43.89616],[126.03606,43.87949],[125.98357,43.87294],[125.97818,43.85447],[125.95506,43.8468],[125.91159,43.85934],[125.89388,43.85164],[125.88478,43.86206],[125.85892,43.85159],[125.85439,43.8585],[125.81913,43.8615],[125.81199,43.90049],[125.78733,43.92352],[125.74636,43.92359],[125.71139,43.90838],[125.69431,43.91245],[125.69467,43.9306],[125.68375,43.93692],[125.62841,43.91546],[125.62058,43.93357],[125.58342,43.93232],[125.52713,43.89942],[125.5245,43.90539],[125.51279,43.90223],[125.53561,43.92688],[125.53493,43.93373],[125.51741,43.93452],[125.52789,43.95751],[125.51134,43.96725],[125.49041,43.96666],[125.49254,43.97698],[125.48378,43.97458],[125.47873,43.98659],[125.4833,44.00442],[125.45213,44.00625],[125.43039,43.99604],[125.41566,44.05929],[125.42128,44.0722],[125.43349,44.07972],[125.44908,44.07174],[125.47026,44.07887],[125.48708,44.10255],[125.53783,44.09629],[125.54914,44.10874],[125.56734,44.0989],[125.57717,44.10494],[125.58746,44.13254],[125.57595,44.14881],[125.57181,44.18878],[125.5871,44.20659],[125.58435,44.22659],[125.5941,44.2523],[125.57833,44.27155],[125.5971,44.2932],[125.60463,44.32962],[125.63704,44.32855],[125.6363,44.31803],[125.648,44.31622],[125.66292,44.32735],[125.6936,44.32918],[125.74038,44.35476],[125.76699,44.35088],[125.78267,44.36356],[125.78314,44.39052],[125.81228,44.40043],[125.82884,44.35965],[125.82193,44.35563],[125.82687,44.34525],[125.85342,44.34012],[125.85802,44.32621],[125.89667,44.33085],[125.91323,44.3456],[125.92646,44.34591],[125.9271,44.34012],[125.94405,44.35134],[125.94009,44.37712],[125.94649,44.38209],[125.91809,44.38621],[125.91888,44.40417],[125.9487,44.40357],[125.99166,44.38913],[125.99565,44.40012],[125.98543,44.41346],[125.99386,44.42754],[125.98682,44.45427],[126.03732,44.46061],[126.09411,44.49618],[126.21784,44.52531],[126.28614,44.50998],[126.33596,44.52014],[126.40054,44.51536],[126.40772,44.52381]]]}},{"type":"Feature","id":"CTAMAP-2018-COUNTY-1035","properties":{"map_level":"county","source_name":"宽城区","source_code":"220103","county_type":"市辖区","prefecture_name":"长春市","prefecture_code":"220100","prefecture_type":"地级市","parent_entity_id":"CNUR-000051","parent_year_end_name":"长春市","province_name":"吉林省","province_code":"220000","snapshot_year":2018,"panel_year":2017,"link_status":"parent_linked","former_name":"","note":""},"geometry":{"type":"Polygon","coordinates":[[[125.58837,44.21867],[125.57181,44.18878],[125.57595,44.14881],[125.58746,44.13254],[125.57717,44.10494],[125.56734,44.0989],[125.54914,44.10874],[125.53783,44.09629],[125.48708,44.10255],[125.47026,44.07887],[125.44908,44.07174],[125.43349,44.07972],[125.41572,44.06157],[125.43039,43.99604],[125.45213,44.00625],[125.4833,44.00442],[125.47873,43.98659],[125.48378,43.97458],[125.49254,43.97698],[125.49041,43.96666],[125.51134,43.96725],[125.52789,43.95751],[125.51801,43.93508],[125.502,43.92275],[125.49217,43.93805],[125.45606,43.94304],[125.4556,43.93028],[125.44172,43.93525],[125.42287,43.92764],[125.42632,43.95754],[125.35834,43.96169],[125.35641,43.91393],[125.34323,43.90867],[125.34738,43.90056],[125.29406,43.89301],[125.3042,43.92429],[125.26182,43.92673],[125.28252,43.94271],[125.27427,43.94673],[125.28319,43.95659],[125.24344,43.99323],[125.19039,43.94867],[125.16927,43.97099],[125.15566,43.96176],[125.13951,43.96698],[125.14106,43.98442],[125.12067,43.99258],[125.1309,43.99839],[125.11998,44.0],[125.12527,44.00344],[125.10579,44.00419],[125.08218,43.97085],[125.05408,43.9785],[125.06097,43.99517],[125.05179,43.99526],[125.04796,44.01899],[125.05542,44.0226],[125.04427,44.02916],[125.04014,44.05552],[125.04754,44.06687],[125.02298,44.11879],[125.04858,44.11698],[125.06947,44.10159],[125.07813,44.11494],[125.10431,44.11415],[125.11415,44.09955],[125.12419,44.11117],[125.16593,44.10911],[125.19911,44.09268],[125.23918,44.10923],[125.26359,44.10523],[125.25063,44.13807],[125.24872,44.1683],[125.26336,44.18453],[125.24218,44.19603],[125.27308,44.21094],[125.2966,44.20678],[125.35342,44.23069],[125.35489,44.22075],[125.37954,44.21408],[125.3991,44.24066],[125.43083,44.25446],[125.44926,44.2528],[125.45378,44.26089],[125.49633,44.24247],[125.5202,44.25069],[125.51803,44.23685],[125.54666,44.23324],[125.54951,44.22074],[125.58837,44.21867]]]}},{"type":"Feature","id":"CTAMAP-2018-COUNTY-1092","properties":{"map_level":"county","source_name":"梨树县","source_code":"220322","county_type":"县","prefecture_name":"四平市","prefecture_code":"220300","prefecture_type":"地级市","parent_entity_id":"CNUR-000053","parent_year_end_name":"四平市","province_name":"吉林省","province_code":"220000","snapshot_year":2018,"panel_year":2017,"link_status":"parent_linked","former_name":"","note":""},"geometry":{"type":"Polygon","coordinates":[[[124.75714,43.35926],[124.70571,43.32647],[124.67213,43.3171],[124.6655,43.34688],[124.64574,43.34073],[124.65201,43.35197],[124.64223,43.37896],[124.61949,43.3785],[124.60446,43.39578],[124.61187,43.40147],[124.60688,43.40606],[124.58968,43.38968],[124.57832,43.41535],[124.55612,43.41387],[124.56107,43.42065],[124.54454,43.43697],[124.53975,43.43037],[124.54632,43.42521],[124.52541,43.41582],[124.52888,43.40816],[124.51933,43.40706],[124.51926,43.3976],[124.50022,43.40824],[124.50089,43.39984],[124.48498,43.39869],[124.47931,43.40578],[124.47706,43.39239],[124.4681,43.39156],[124.471,43.3603],[124.42238,43.36717],[124.43513,43.35831],[124.42845,43.34465],[124.4713,43.34073],[124.45564,43.32238],[124.47071,43.31232],[124.4742,43.29308],[124.44881,43.29211],[124.43991,43.28314],[124.44695,43.27989],[124.4422,43.27352],[124.40102,43.28119],[124.37281,43.24858],[124.35822,43.26414],[124.33747,43.25834],[124.33055,43.27311],[124.29073,43.27947],[124.27685,43.27162],[124.26491,43.24134],[124.25212,43.24423],[124.24759,43.22961],[124.24435,43.2363],[124.22279,43.2327],[124.21066,43.25397],[124.17287,43.23973],[124.12859,43.25182],[124.10835,43.24473],[124.11099,43.27459],[124.09213,43.27848],[124.09505,43.2917],[124.05902,43.28986],[124.02662,43.27826],[123.98672,43.30614],[123.95823,43.33849],[123.91784,43.358],[123.88995,43.35924],[123.89554,43.37664],[123.88687,43.38721],[123.84644,43.40375],[123.84738,43.42905],[123.86526,43.44837],[123.84903,43.4642],[123.81985,43.46913],[123.79183,43.48727],[123.78509,43.48821],[123.78056,43.47733],[123.75859,43.48547],[123.77526,43.51423],[123.81212,43.54152],[123.89229,43.58827],[123.9815,43.62526],[124.00935,43.65449],[124.04617,43.65965],[124.06378,43.68916],[124.10668,43.70311],[124.18408,43.70897],[124.20873,43.75322],[124.35619,43.76878],[124.42728,43.75342],[124.45535,43.75798],[124.49214,43.74562],[124.51883,43.75294],[124.57316,43.71713],[124.59341,43.68735],[124.66065,43.65683],[124.67495,43.62813],[124.67398,43.59201],[124.6878,43.57413],[124.68851,43.55071],[124.67157,43.51336],[124.67706,43.49393],[124.71074,43.43029],[124.72511,43.42084],[124.73342,43.39252],[124.75072,43.38237],[124.75714,43.35926]]]}},{"type":"Feature","id":"CTAMAP-2018-COUNTY-1160","properties":{"map_level":"county","source_name":"临江市","source_code":"220681","county_type":"县级市","prefecture_name":"白山市","prefecture_code":"220600","prefecture_type":"地级市","parent_entity_id":"CNUR-000056","parent_year_end_name":"白山市","province_name":"吉林省","province_code":"220000","snapshot_year":2018,"panel_year":2017,"link_status":"parent_linked","former_name":"","note":""},"geometry":{"type":"Polygon","coordinates":[[[127.82933,41.71112],[127.8174,41.69795],[127.78702,41.69344],[127.73983,41.67032],[127.6423,41.67582],[127.57739,41.65171],[127.54278,41.6614],[127.53006,41.65168],[127.51068,41.65701],[127.49042,41.64297],[127.4596,41.64589],[127.46248,41.63514],[127.4384,41.62914],[127.44657,41.62356],[127.38993,41.62256],[127.32315,41.58802],[127.30159,41.59074],[127.26247,41.55822],[127.26736,41.55042],[127.25062,41.54785],[127.25352,41.539],[127.2308,41.54039],[127.2235,41.5331],[127.22545,41.52153],[127.2102,41.51731],[127.20666,41.53132],[127.17391,41.52445],[127.16806,41.53814],[127.15921,41.53978],[127.1404,41.52407],[127.13404,41.52874],[127.13688,41.53891],[127.10916,41.53603],[127.09772,41.54318],[127.09965,41.55303],[127.11701,41.54892],[127.11313,41.5589],[127.12134,41.56648],[127.1398,41.56899],[127.14278,41.58448],[127.17751,41.58583],[127.1784,41.59291],[127.12349,41.59785],[127.1165,41.60442],[127.12232,41.60972],[127.11766,41.62257],[127.10163,41.61831],[127.08553,41.62462],[127.10292,41.64163],[127.07152,41.64377],[127.06256,41.65802],[127.03137,41.67011],[127.0431,41.69127],[127.06524,41.68678],[127.0764,41.70128],[127.05023,41.70131],[127.04742,41.74114],[127.00161,41.74378],[127.00296,41.76029],[126.98077,41.76293],[126.97238,41.77455],[126.93095,41.77135],[126.92993,41.78442],[126.94661,41.79099],[126.94219,41.80666],[126.92501,41.80999],[126.87841,41.78692],[126.85321,41.75993],[126.83562,41.71994],[126.82617,41.72014],[126.81615,41.74241],[126.80429,41.74649],[126.79495,41.73298],[126.79102,41.70974],[126.79761,41.69555],[126.79119,41.69122],[126.77314,41.69576],[126.77066,41.71381],[126.73854,41.74178],[126.70954,41.75444],[126.69118,41.75058],[126.6812,41.72936],[126.72118,41.70938],[126.68287,41.68043],[126.68348,41.67231],[126.62996,41.6919],[126.60907,41.709],[126.6113,41.72183],[126.57502,41.73716],[126.57795,41.76569],[126.55265,41.79821],[126.57315,41.82606],[126.6109,41.82303],[126.62056,41.83682],[126.67963,41.86034],[126.70416,41.8897],[126.70371,41.90216],[126.73188,41.92598],[126.73424,41.94128],[126.72616,41.94936],[126.74986,41.9806],[126.77336,41.99335],[126.80013,42.00152],[126.81713,41.99314],[126.83457,41.99921],[126.83114,41.99121],[126.84929,41.97175],[126.91742,41.95515],[126.93971,41.93757],[126.97511,41.95683],[126.96186,41.9694],[126.96301,41.98026],[126.98464,41.99408],[126.98911,42.00767],[127.00594,42.01061],[127.01795,41.99913],[127.04146,42.00251],[127.09398,41.98353],[127.106,41.99369],[127.13379,41.9911],[127.15832,42.00587],[127.15908,42.0191],[127.19625,42.02266],[127.19274,42.04053],[127.22489,42.062],[127.24602,42.06276],[127.28012,42.05951],[127.28411,42.05114],[127.32637,42.04256],[127.43391,42.0321],[127.46534,41.98379],[127.45403,41.94645],[127.46713,41.92491],[127.45111,41.90118],[127.45564,41.88502],[127.48929,41.86515],[127.56833,41.86099],[127.57662,41.8474],[127.59598,41.8377],[127.58754,41.83557],[127.59501,41.81468],[127.58951,41.80747],[127.61997,41.78893],[127.65856,41.79115],[127.68675,41.76832],[127.75802,41.75359],[127.78529,41.73781],[127.81368,41.73758],[127.81386,41.72465],[127.82933,41.71112]]]}},{"type":"Feature","id":"CTAMAP-2018-COUNTY-1205","properties":{"map_level":"county","source_name":"柳河县","source_code":"220524","county_type":"县","prefecture_name":"通化市","prefecture_code":"220500","prefecture_type":"地级市","parent_entity_id":"CNUR-000055","parent_year_end_name":"通化市","province_name":"吉林省","province_code":"220000","snapshot_year":2018,"panel_year":2017,"link_status":"parent_linked","former_name":"","note":""},"geometry":{"type":"Polygon","coordinates":[[[126.51688,42.28726],[126.52079,42.25236],[126.57513,42.22634],[126.5702,42.20372],[126.54705,42.19617],[126.54167,42.18239],[126.50092,42.1943],[126.48481,42.18827],[126.47937,42.17686],[126.46422,42.17431],[126.46175,42.15577],[126.44227,42.13753],[126.44543,42.12318],[126.4223,42.11814],[126.38616,42.09355],[126.39588,42.07649],[126.39154,42.06135],[126.36279,42.06141],[126.31896,42.03588],[126.28537,42.03544],[126.29774,42.0639],[126.29159,42.07034],[126.29524,42.08041],[126.26248,42.0873],[126.26122,42.11143],[126.23629,42.11997],[126.18724,42.10671],[126.14307,42.08537],[126.13859,42.07538],[126.08902,42.06696],[126.06646,42.07617],[126.03705,42.07079],[126.02508,42.05277],[125.96629,42.0386],[125.94865,42.01499],[125.93528,42.02354],[125.92003,42.02056],[125.89615,41.9985],[125.86555,41.99133],[125.87272,41.96755],[125.85633,41.94821],[125.80958,41.94644],[125.79014,41.91209],[125.75855,41.89682],[125.73831,41.90549],[125.70206,41.89582],[125.67732,41.90115],[125.63624,41.89393],[125.63834,41.88794],[125.62582,41.88028],[125.61317,41.88104],[125.60271,41.89686],[125.57687,41.89655],[125.56874,41.91554],[125.54233,41.93806],[125.54745,41.94811],[125.5245,41.9647],[125.51865,41.98097],[125.46752,41.96951],[125.44565,41.94128],[125.42388,41.94289],[125.42037,41.93022],[125.43323,41.91526],[125.39739,41.90419],[125.38213,41.90558],[125.38513,41.91319],[125.36881,41.92542],[125.34539,41.92607],[125.34059,41.93675],[125.2859,41.95752],[125.29186,41.97158],[125.32978,41.98482],[125.33548,41.99781],[125.36076,42.00017],[125.35723,42.01495],[125.41162,42.06276],[125.41675,42.08479],[125.40586,42.09827],[125.44239,42.0968],[125.45063,42.10996],[125.45898,42.10892],[125.48157,42.12861],[125.48415,42.1339],[125.45022,42.15985],[125.45502,42.17504],[125.49539,42.18088],[125.51497,42.17436],[125.52609,42.18194],[125.51841,42.19504],[125.52274,42.20229],[125.53679,42.21632],[125.56477,42.22597],[125.55234,42.2466],[125.57796,42.25983],[125.60867,42.25549],[125.62017,42.27391],[125.61557,42.28612],[125.59731,42.28785],[125.60388,42.2933],[125.59632,42.31108],[125.61233,42.31721],[125.64056,42.30372],[125.65778,42.31606],[125.67077,42.34516],[125.72223,42.32441],[125.74001,42.33326],[125.7504,42.32781],[125.80102,42.36268],[125.80124,42.37781],[125.83508,42.37046],[125.85779,42.40802],[125.86712,42.4106],[125.86533,42.42089],[125.89547,42.46689],[125.92989,42.48365],[125.96475,42.51542],[125.98505,42.51852],[126.00977,42.56718],[126.02271,42.57807],[126.04691,42.54775],[126.0643,42.51007],[126.06513,42.48894],[126.11492,42.44743],[126.13642,42.4486],[126.14261,42.43247],[126.14486,42.41333],[126.12782,42.38752],[126.12897,42.36877],[126.10955,42.36443],[126.09719,42.34652],[126.1607,42.33077],[126.20329,42.34044],[126.18938,42.32088],[126.20099,42.29804],[126.21159,42.29418],[126.20514,42.27153],[126.26496,42.27187],[126.27105,42.28028],[126.29398,42.27009],[126.32647,42.2716],[126.3467,42.28539],[126.38816,42.29115],[126.47456,42.27786],[126.51688,42.28726]]]}},{"type":"Feature","id":"CTAMAP-2018-COUNTY-1221","properties":{"map_level":"county","source_name":"龙井市","source_code":"222405","county_type":"县级市","prefecture_name":"延边朝鲜族自治州","prefecture_code":"222400","prefecture_type":"自治州","parent_entity_id":"CNUR-000059","parent_year_end_name":"延边朝鲜族自治州","province_name":"吉林省","province_code":"220000","snapshot_year":2018,"panel_year":2017,"link_status":"parent_linked","former_name":"","note":""},"geometry":{"type":"MultiPolygon","coordinates":[[[[129.79369,42.77745],[129.78179,42.76632],[129.77217,42.73121],[129.76071,42.7264],[129.76012,42.70874],[129.77579,42.68959],[129.80372,42.67855],[129.79318,42.67243],[129.78457,42.6797],[129.77421,42.67202],[129.77434,42.65296],[129.78408,42.64247],[129.77095,42.64368],[129.76485,42.65526],[129.74732,42.6472],[129.76659,42.63252],[129.75239,42.62335],[129.75443,42.61545],[129.77932,42.61374],[129.77916,42.60507],[129.7582,42.60135],[129.73667,42.57611],[129.73536,42.558],[129.7465,42.54191],[129.73265,42.49605],[129.74033,42.49088],[129.74451,42.46728],[129.70426,42.42691],[129.67365,42.43445],[129.64639,42.42497],[129.61903,42.46103],[129.60989,42.46194],[129.58428,42.44702],[129.60843,42.44276],[129.59601,42.41292],[129.57388,42.41077],[129.55807,42.38847],[129.57172,42.38501],[129.56982,42.38016],[129.55008,42.3756],[129.55302,42.36383],[129.54606,42.36023],[129.54511,42.36891],[129.53408,42.36536],[129.52182,42.3908],[129.49841,42.39916],[129.49628,42.41123],[129.4588,42.42258],[129.44214,42.4429],[129.4194,42.43261],[129.39594,42.45145],[129.38185,42.42287],[129.35544,42.42904],[129.36844,42.45116],[129.35141,42.45438],[129.33546,42.4395],[129.35664,42.42044],[129.3406,42.41761],[129.35082,42.40892],[129.34264,42.40688],[129.32953,42.42013],[129.33262,42.43015],[129.32315,42.42617],[129.32026,42.44328],[129.30162,42.46112],[129.30075,42.51494],[129.25641,42.53809],[129.29254,42.5603],[129.29036,42.57707],[129.28227,42.5814],[129.2999,42.59383],[129.27195,42.62115],[129.32893,42.63549],[129.36971,42.63548],[129.39227,42.64654],[129.38461,42.65215],[129.39216,42.66156],[129.38681,42.66673],[129.40463,42.68589],[129.40261,42.71293],[129.37202,42.76276],[129.35762,42.77224],[129.35114,42.79765],[129.38075,42.8076],[129.39562,42.82646],[129.41163,42.82497],[129.40689,42.84883],[129.42476,42.87341],[129.44221,42.87274],[129.46075,42.83512],[129.53762,42.84867],[129.56204,42.8449],[129.58342,42.85811],[129.6075,42.88836],[129.63188,42.88225],[129.65054,42.89327],[129.6939,42.89992],[129.71421,42.86445],[129.69924,42.84832],[129.71395,42.83768],[129.67679,42.80912],[129.67337,42.79354],[129.7242,42.78914],[129.75,42.79536],[129.79369,42.77745]]],[[[129.1677,43.05797],[129.16954,43.02965],[129.19532,43.01242],[129.22505,42.96858],[129.24193,42.96121],[129.25019,42.93835],[129.25937,42.93402],[129.25989,42.92012],[129.27811,42.91231],[129.28469,42.89445],[129.27998,42.8744],[129.3119,42.8352],[129.31157,42.81153],[129.30188,42.79466],[129.24936,42.8014],[129.22389,42.78384],[129.20011,42.78385],[129.14646,42.76382],[129.12974,42.76892],[129.11192,42.76167],[129.09144,42.77075],[129.07196,42.76607],[129.05439,42.78172],[129.03872,42.78424],[128.99413,42.83044],[129.00099,42.84654],[128.9846,42.87407],[128.98835,42.88787],[128.97518,42.88882],[128.95005,42.91407],[128.93135,42.96458],[128.9703,42.97589],[128.99151,42.99424],[128.98991,42.97952],[129.0019,42.97219],[129.04748,42.97879],[129.09705,42.97362],[129.11458,42.98317],[129.13782,42.98157],[129.13796,43.00995],[129.12249,43.01908],[129.11796,43.03737],[129.13306,43.05743],[129.1677,43.05797]]]]}},{"type":"Feature","id":"CTAMAP-2018-COUNTY-1231","properties":{"map_level":"county","source_name":"龙山区","source_code":"220402","county_type":"市辖区","prefecture_name":"辽源市","prefecture_code":"220400","prefecture_type":"地级市","parent_entity_id":"CNUR-000054","parent_year_end_name":"辽源市","province_name":"吉林省","province_code":"220000","snapshot_year":2018,"panel_year":2017,"link_status":"parent_linked","former_name":"","note":""},"geometry":{"type":"Polygon","coordinates":[[[125.0732,42.91654],[125.09556,42.9113],[125.11823,42.91662],[125.1334,42.90709],[125.14217,42.91427],[125.16005,42.91278],[125.16372,42.93444],[125.18768,42.96945],[125.18003,42.98095],[125.18863,42.99619],[125.24456,43.02645],[125.26447,43.01569],[125.26334,43.00832],[125.28109,42.99216],[125.27187,42.98279],[125.28666,42.97032],[125.28457,42.94466],[125.3063,42.93269],[125.30062,42.91136],[125.32321,42.90987],[125.31501,42.89066],[125.32443,42.87158],[125.29976,42.85954],[125.269,42.87259],[125.21538,42.82962],[125.19757,42.85314],[125.16123,42.84716],[125.15512,42.83185],[125.12686,42.81346],[125.11545,42.83105],[125.09534,42.83376],[125.07684,42.84959],[125.07382,42.86218],[125.08111,42.87424],[125.07265,42.87726],[125.07662,42.89325],[125.06635,42.90854],[125.0732,42.91654]]]}},{"type":"Feature","id":"CTAMAP-2018-COUNTY-1234","properties":{"map_level":"county","source_name":"龙潭区","source_code":"220203","county_type":"市辖区","prefecture_name":"吉林市","prefecture_code":"220200","prefecture_type":"地级市","parent_entity_id":"CNUR-000052","parent_year_end_name":"吉林市","province_name":"吉林省","province_code":"220000","snapshot_year":2018,"panel_year":2017,"link_status":"parent_linked","former_name":"","note":""},"geometry":{"type":"Polygon","coordinates":[[[126.81904,44.0946],[126.81232,44.10269],[126.81088,44.09695],[126.77022,44.10475],[126.7538,44.07887],[126.76849,44.0657],[126.76785,44.05402],[126.74668,44.04838],[126.77405,44.03808],[126.77303,44.02937],[126.7908,44.01079],[126.82003,44.01112],[126.84091,43.97644],[126.85387,43.96838],[126.83559,43.95583],[126.82476,43.93631],[126.83278,43.93616],[126.82746,43.92717],[126.83405,43.91868],[126.85452,43.90832],[126.83521,43.89732],[126.81125,43.89937],[126.84804,43.8532],[126.82474,43.83928],[126.81263,43.81758],[126.7619,43.80884],[126.74829,43.81118],[126.72723,43.83086],[126.71596,43.82613],[126.69845,43.84619],[126.6481,43.85209],[126.63483,43.86296],[126.59961,43.85916],[126.59218,43.86346],[126.59162,43.88374],[126.54366,43.89304],[126.52369,43.92382],[126.47285,43.93284],[126.47559,43.94413],[126.49772,43.95769],[126.49419,43.97753],[126.47606,43.99756],[126.47811,44.04672],[126.42332,44.07002],[126.42266,44.10773],[126.43305,44.11536],[126.4299,44.12263],[126.40833,44.12697],[126.44103,44.16962],[126.46324,44.18137],[126.46461,44.20519],[126.49361,44.21844],[126.50324,44.24052],[126.52466,44.23874],[126.53639,44.22448],[126.56717,44.24126],[126.601,44.22528],[126.63315,44.23886],[126.65849,44.23474],[126.66429,44.2378],[126.65601,44.24178],[126.65911,44.24693],[126.68063,44.27057],[126.67317,44.28595],[126.69662,44.29214],[126.69887,44.30521],[126.72959,44.29683],[126.73307,44.28582],[126.71953,44.27267],[126.71916,44.25558],[126.74817,44.27087],[126.76846,44.23678],[126.79539,44.23026],[126.78322,44.2124],[126.79972,44.20566],[126.77097,44.18796],[126.78849,44.15393],[126.78447,44.14609],[126.79612,44.14353],[126.79907,44.12515],[126.81904,44.0946]]]}},{"type":"Feature","id":"CTAMAP-2018-COUNTY-1315","properties":{"map_level":"county","source_name":"绿园区","source_code":"220106","county_type":"市辖区","prefecture_name":"长春市","prefecture_code":"220100","prefecture_type":"地级市","parent_entity_id":"CNUR-000051","parent_year_end_name":"长春市","province_name":"吉林省","province_code":"220000","snapshot_year":2018,"panel_year":2017,"link_status":"parent_linked","former_name":"","note":""},"geometry":{"type":"Polygon","coordinates":[[[125.29406,43.89301],[125.25676,43.85148],[125.15357,43.77943],[125.14214,43.81878],[125.09515,43.84024],[125.10115,43.85757],[125.08887,43.87514],[125.10353,43.87788],[125.09738,43.88683],[125.08915,43.8845],[125.09614,43.89107],[125.0886,43.90176],[125.05034,43.92088],[125.04252,43.95568],[125.06063,43.97908],[125.08493,43.97231],[125.10709,44.00469],[125.13036,43.99942],[125.12067,43.99258],[125.14106,43.98442],[125.1436,43.96381],[125.15701,43.96198],[125.16927,43.97099],[125.1901,43.94869],[125.24344,43.99323],[125.28319,43.95659],[125.27427,43.94673],[125.28252,43.94271],[125.26182,43.92673],[125.3042,43.92429],[125.29406,43.89301]]]}},{"type":"Feature","id":"CTAMAP-2018-COUNTY-1344","properties":{"map_level":"county","source_name":"梅河口市","source_code":"220581","county_type":"县级市","prefecture_name":"通化市","prefecture_code":"220500","prefecture_type":"地级市","parent_entity_id":"CNUR-000055","parent_year_end_name":"通化市","province_name":"吉林省","province_code":"220000","snapshot_year":2018,"panel_year":2017,"link_status":"parent_linked","former_name":"","note":""},"geometry":{"type":"Polygon","coordinates":[[[126.06158,42.78401],[126.06436,42.77505],[126.04114,42.75086],[126.02761,42.75396],[126.01254,42.74396],[126.01469,42.73338],[125.9985,42.71338],[126.00103,42.70129],[125.98887,42.69719],[125.97596,42.67709],[125.98994,42.67655],[126.01266,42.65797],[126.02334,42.66519],[126.04223,42.66372],[126.03595,42.65643],[126.03983,42.63213],[126.0128,42.58821],[126.02175,42.57584],[126.00977,42.56718],[125.98505,42.51852],[125.96475,42.51542],[125.92989,42.48365],[125.89547,42.46689],[125.86533,42.42089],[125.86712,42.4106],[125.85779,42.40802],[125.83508,42.37046],[125.80124,42.37781],[125.80102,42.36268],[125.7504,42.32781],[125.74001,42.33326],[125.72223,42.32441],[125.67077,42.34516],[125.65778,42.31606],[125.64056,42.30372],[125.61233,42.31721],[125.59632,42.31108],[125.60388,42.2933],[125.59731,42.28785],[125.61557,42.28612],[125.61887,42.27048],[125.607,42.254],[125.57796,42.25983],[125.55234,42.2466],[125.56477,42.22597],[125.53679,42.21632],[125.52274,42.20229],[125.51841,42.19504],[125.52609,42.18194],[125.51431,42.1741],[125.46293,42.179],[125.45252,42.17253],[125.44632,42.15275],[125.424,42.15025],[125.36249,42.18034],[125.34903,42.17622],[125.34559,42.15204],[125.35132,42.14377],[125.31299,42.13941],[125.29932,42.14719],[125.30828,42.16244],[125.31062,42.19846],[125.29175,42.17276],[125.27431,42.17191],[125.30133,42.19998],[125.29877,42.21051],[125.30662,42.21744],[125.27446,42.22864],[125.28326,42.24485],[125.27009,42.26715],[125.29304,42.28716],[125.27252,42.29438],[125.25675,42.31084],[125.31175,42.32636],[125.32928,42.33812],[125.34127,42.35894],[125.39997,42.38199],[125.43566,42.38018],[125.55628,42.4326],[125.57822,42.48078],[125.5809,42.50711],[125.61066,42.51647],[125.60948,42.52525],[125.61778,42.52512],[125.62845,42.54538],[125.64132,42.54938],[125.65971,42.53792],[125.67385,42.56101],[125.69527,42.57143],[125.70268,42.59208],[125.72172,42.6031],[125.67574,42.60572],[125.68201,42.61679],[125.65893,42.63949],[125.65288,42.66108],[125.6536,42.68995],[125.66937,42.70889],[125.63834,42.73039],[125.64154,42.73675],[125.66843,42.73084],[125.78998,42.75091],[125.80565,42.7463],[125.81395,42.76023],[125.82388,42.75499],[125.8382,42.76371],[125.75109,42.81838],[125.75122,42.83796],[125.73607,42.84421],[125.72909,42.88066],[125.73453,42.91454],[125.75272,42.94323],[125.74558,42.97015],[125.73051,42.98894],[125.73368,43.00841],[125.76672,43.01761],[125.80357,43.00422],[125.81937,42.99136],[125.82834,42.96447],[125.85935,42.95696],[125.84658,42.95275],[125.85726,42.94452],[125.83359,42.92319],[125.90338,42.90134],[125.90609,42.85845],[125.92866,42.83193],[125.9668,42.81222],[125.98841,42.81198],[126.00139,42.79544],[126.02251,42.78711],[126.06158,42.78401]]]}},{"type":"Feature","id":"CTAMAP-2018-COUNTY-1424","properties":{"map_level":"county","source_name":"南关区","source_code":"220102","county_type":"市辖区","prefecture_name":"长春市","prefecture_code":"220100","prefecture_type":"地级市","parent_entity_id":"CNUR-000051","parent_year_end_name":"长春市","province_name":"吉林省","province_code":"220000","snapshot_year":2018,"panel_year":2017,"link_status":"parent_linked","former_name":"","note":""},"geometry":{"type":"Polygon","coordinates":[[[125.35641,43.91393],[125.35521,43.88769],[125.34524,43.87979],[125.35213,43.86205],[125.38723,43.86242],[125.40086,43.82723],[125.42774,43.85225],[125.46238,43.8477],[125.47629,43.85682],[125.50147,43.85725],[125.51991,43.83372],[125.50411,43.83274],[125.49524,43.81426],[125.55328,43.80991],[125.57131,43.8012],[125.54719,43.77383],[125.56146,43.75875],[125.55247,43.75473],[125.54162,43.72001],[125.4657,43.69141],[125.47832,43.67956],[125.47205,43.66955],[125.50996,43.65821],[125.48964,43.60996],[125.47595,43.60292],[125.47433,43.61141],[125.43957,43.60275],[125.41978,43.58438],[125.38493,43.57987],[125.38667,43.55329],[125.36768,43.54867],[125.38539,43.53074],[125.35324,43.51111],[125.32883,43.5324],[125.31788,43.53021],[125.31841,43.52119],[125.29943,43.51968],[125.32623,43.61251],[125.31406,43.62856],[125.32749,43.63402],[125.31951,43.64172],[125.32587,43.64827],[125.32019,43.6685],[125.32997,43.67481],[125.32015,43.68337],[125.3439,43.70613],[125.34786,43.75032],[125.31497,43.76404],[125.25841,43.74884],[125.24714,43.76931],[125.25092,43.78506],[125.26858,43.78691],[125.26276,43.80873],[125.31947,43.83062],[125.318,43.89335],[125.34738,43.90056],[125.34323,43.90867],[125.35641,43.91393]]]}},{"type":"Feature","id":"CTAMAP-2018-COUNTY-1470","properties":{"map_level":"county","source_name":"宁江区","source_code":"220702","county_type":"市辖区","prefecture_name":"松原市","prefecture_code":"220700","prefecture_type":"地级市","parent_entity_id":"CNUR-000057","parent_year_end_name":"松原市","province_name":"吉林省","province_code":"220000","snapshot_year":2018,"panel_year":2017,"link_status":"parent_linked","former_name":"","note":""},"geometry":{"type":"Polygon","coordinates":[[[125.08668,45.37877],[125.09558,45.36465],[125.09007,45.3384],[125.10125,45.33172],[125.10122,45.32708],[125.09026,45.33175],[125.04277,45.30678],[125.03035,45.30889],[125.01426,45.28625],[125.02832,45.27124],[125.02723,45.26169],[125.01127,45.25907],[124.99497,45.2433],[124.99632,45.23678],[125.01174,45.23553],[124.9906,45.21694],[125.01003,45.21143],[125.02642,45.18527],[125.01928,45.17111],[125.02892,45.16585],[125.02471,45.15799],[125.03899,45.15067],[125.02902,45.14148],[125.03171,45.13441],[125.0428,45.12131],[125.0809,45.12371],[125.11048,45.1122],[125.12887,45.08603],[125.14235,45.08692],[125.15561,45.11001],[125.20012,45.12992],[125.21135,45.12465],[125.23186,45.08536],[125.21899,45.07581],[125.23549,45.06128],[125.25884,45.06015],[125.26879,45.05004],[125.23897,45.01681],[125.20213,45.01944],[125.18482,44.9992],[125.19233,44.99553],[125.1845,44.98749],[125.1937,44.96835],[125.17488,44.95366],[125.18994,44.94774],[125.19147,44.92818],[125.21795,44.89879],[125.26423,44.86937],[125.30253,44.8624],[125.34028,44.8842],[125.36737,44.88257],[125.32869,44.87612],[125.29483,44.84912],[125.26883,44.86126],[125.26507,44.8538],[125.24637,44.85438],[125.22234,44.87258],[125.19379,44.86778],[125.17175,44.8747],[125.1572,44.91987],[125.0926,44.95778],[125.0797,44.97947],[125.06912,44.97897],[125.06717,44.9587],[125.04616,44.95071],[125.04073,44.93896],[125.02762,44.96669],[125.00481,44.96789],[125.01104,44.99436],[124.99929,45.01466],[125.02615,45.03192],[125.00206,45.0485],[124.97801,45.05154],[124.95906,45.07376],[124.92514,45.08088],[124.91802,45.10291],[124.90681,45.10539],[124.90124,45.12067],[124.88522,45.12162],[124.87949,45.13406],[124.85584,45.13622],[124.84005,45.1155],[124.8173,45.12549],[124.81201,45.11347],[124.84437,45.09946],[124.85184,45.11033],[124.87163,45.09914],[124.85906,45.09499],[124.86909,45.08743],[124.8564,45.06863],[124.7932,45.07538],[124.76034,45.09848],[124.71402,45.10017],[124.68988,45.08706],[124.67673,45.12637],[124.66702,45.12991],[124.6783,45.14866],[124.65495,45.14582],[124.6467,45.16576],[124.62541,45.16956],[124.63292,45.17768],[124.6129,45.18657],[124.61135,45.20778],[124.57554,45.21282],[124.58488,45.23651],[124.61929,45.25605],[124.63782,45.27921],[124.66876,45.27466],[124.72727,45.29366],[124.70655,45.30986],[124.72531,45.3507],[124.70258,45.35414],[124.69666,45.36751],[124.66182,45.3836],[124.66066,45.40077],[124.67462,45.41344],[124.6559,45.43797],[124.68568,45.4502],[124.72879,45.44222],[124.74693,45.46428],[124.76199,45.46766],[124.77487,45.46347],[124.76968,45.44292],[124.77855,45.43443],[124.82689,45.45387],[124.87777,45.43598],[124.88694,45.44723],[124.87585,45.4903],[124.90325,45.51836],[124.91022,45.53973],[124.93056,45.53106],[124.93545,45.50697],[124.94636,45.49436],[125.0261,45.48767],[125.02788,45.46049],[125.04396,45.42586],[125.08613,45.41702],[125.08148,45.40505],[125.06189,45.39736],[125.05968,45.38608],[125.06805,45.37823],[125.08668,45.37877]]]}},{"type":"Feature","id":"CTAMAP-2018-COUNTY-1484","properties":{"map_level":"county","source_name":"农安县","source_code":"220122","county_type":"县","prefecture_name":"长春市","prefecture_code":"220100","prefecture_type":"地级市","parent_entity_id":"CNUR-000051","parent_year_end_name":"长春市","province_name":"吉林省","province_code":"220000","snapshot_year":2018,"panel_year":2017,"link_status":"parent_linked","former_name":"","note":""},"geometry":{"type":"Polygon","coordinates":[[[125.74651,44.90879],[125.75686,44.86834],[125.74405,44.8534],[125.7553,44.8393],[125.72109,44.83428],[125.71103,44.81917],[125.72317,44.8222],[125.73225,44.8098],[125.72622,44.8041],[125.71604,44.80823],[125.70812,44.79654],[125.7021,44.80177],[125.68023,44.78425],[125.67963,44.76247],[125.64003,44.76021],[125.63544,44.7502],[125.64278,44.74229],[125.62368,44.72003],[125.63511,44.70753],[125.60842,44.69054],[125.61008,44.68309],[125.56073,44.65933],[125.56236,44.65198],[125.50149,44.64834],[125.47056,44.63691],[125.46372,44.61502],[125.40934,44.57877],[125.40301,44.55623],[125.35035,44.52688],[125.34659,44.5176],[125.38484,44.48446],[125.35598,44.46767],[125.35207,44.45591],[125.37014,44.45256],[125.375,44.42243],[125.36308,44.41823],[125.35803,44.39845],[125.3284,44.39038],[125.35688,44.35027],[125.37534,44.35344],[125.3836,44.33706],[125.41593,44.32035],[125.39811,44.30451],[125.41135,44.29727],[125.42036,44.26835],[125.41535,44.27225],[125.43083,44.25446],[125.3991,44.24066],[125.37954,44.21408],[125.35489,44.22075],[125.35342,44.23069],[125.2966,44.20678],[125.27308,44.21094],[125.24218,44.19603],[125.26336,44.18453],[125.24872,44.1683],[125.25063,44.13807],[125.26359,44.10523],[125.23918,44.10923],[125.19911,44.09268],[125.16593,44.10911],[125.12419,44.11117],[125.11415,44.09955],[125.10431,44.11415],[125.07813,44.11494],[125.06947,44.10159],[125.04858,44.11698],[125.02298,44.11879],[125.04619,44.07238],[125.04295,44.03223],[125.05542,44.0226],[125.04796,44.01899],[125.05179,43.99526],[125.06097,43.99517],[125.05408,43.9785],[125.06303,43.97553],[125.0499,43.97043],[125.04252,43.95568],[125.05042,43.93631],[125.0227,43.92858],[125.02594,43.91724],[124.98727,43.91411],[124.9539,43.8985],[124.94963,43.90975],[124.95928,43.91887],[124.95312,43.93948],[124.92228,43.94965],[124.91403,43.96314],[124.9168,43.9767],[124.91022,43.98409],[124.93077,44.00336],[124.88152,44.01569],[124.87988,44.02594],[124.85913,44.01952],[124.84429,44.04831],[124.79931,44.03935],[124.76073,44.06439],[124.75207,44.06233],[124.75645,44.08237],[124.74334,44.09618],[124.76262,44.11979],[124.75091,44.13508],[124.73132,44.13064],[124.74896,44.14862],[124.72974,44.15675],[124.71855,44.17587],[124.75263,44.20187],[124.75532,44.22318],[124.7456,44.21835],[124.74563,44.20802],[124.71094,44.19021],[124.69491,44.20516],[124.66544,44.19694],[124.66336,44.20742],[124.62693,44.20138],[124.60274,44.21815],[124.59419,44.26176],[124.61438,44.28132],[124.60696,44.28695],[124.62183,44.29558],[124.61457,44.3222],[124.60066,44.33701],[124.61881,44.35731],[124.59596,44.36876],[124.59514,44.37424],[124.60321,44.37319],[124.59388,44.38776],[124.56753,44.39235],[124.54476,44.42217],[124.56303,44.43434],[124.57964,44.42656],[124.62817,44.43207],[124.6373,44.44667],[124.59907,44.46869],[124.58057,44.47042],[124.57431,44.47938],[124.58662,44.489],[124.58201,44.49497],[124.53937,44.51246],[124.5691,44.53283],[124.5692,44.54341],[124.54636,44.56749],[124.58052,44.59696],[124.6226,44.61858],[124.61205,44.62767],[124.62833,44.63887],[124.71208,44.65811],[124.74045,44.64766],[124.77241,44.66708],[124.77566,44.67851],[124.79674,44.6616],[124.81285,44.67052],[124.8202,44.66408],[124.82352,44.68137],[124.80099,44.70218],[124.86365,44.73109],[124.89182,44.72423],[124.95212,44.75229],[124.9865,44.75756],[125.01987,44.78597],[125.03574,44.76868],[125.08124,44.77037],[125.09818,44.75294],[125.08839,44.76564],[125.12389,44.77034],[125.12714,44.78262],[125.14788,44.79479],[125.15058,44.7876],[125.16466,44.78609],[125.23313,44.8071],[125.25743,44.79468],[125.30627,44.812],[125.27884,44.83518],[125.2556,44.82836],[125.22535,44.84304],[125.22545,44.85173],[125.24071,44.85803],[125.26507,44.8538],[125.26883,44.86126],[125.29483,44.84912],[125.32869,44.87612],[125.36541,44.8825],[125.38405,44.87959],[125.38031,44.86978],[125.40022,44.87056],[125.42601,44.89611],[125.45054,44.88613],[125.45692,44.89009],[125.47613,44.86968],[125.54625,44.8955],[125.57887,44.88894],[125.62698,44.91777],[125.63612,44.93837],[125.66689,44.94274],[125.6865,44.93732],[125.69968,44.92264],[125.72412,44.92569],[125.74651,44.90879]]]}},{"type":"Feature","id":"CTAMAP-2018-COUNTY-1491","properties":{"map_level":"county","source_name":"磐石市","source_code":"220284","county_type":"县级市","prefecture_name":"吉林市","prefecture_code":"220200","prefecture_type":"地级市","parent_entity_id":"CNUR-000052","parent_year_end_name":"吉林市","province_name":"吉林省","province_code":"220000","snapshot_year":2018,"panel_year":2017,"link_status":"parent_linked","former_name":"","note":""},"geometry":{"type":"Polygon","coordinates":[[[126.30921,43.35872],[126.28469,43.32537],[126.30986,43.31621],[126.31217,43.29542],[126.33611,43.29389],[126.351,43.28196],[126.3251,43.24408],[126.27431,43.24245],[126.26937,43.22903],[126.28502,43.2034],[126.31613,43.20343],[126.32908,43.18227],[126.33303,43.15476],[126.36162,43.14186],[126.39453,43.15289],[126.41214,43.12326],[126.44574,43.12251],[126.50686,43.06374],[126.54704,43.05104],[126.54148,43.03429],[126.55363,43.02163],[126.55534,43.006],[126.57221,42.98741],[126.59155,42.98997],[126.59557,42.97523],[126.57947,42.9443],[126.5877,42.94176],[126.58541,42.93487],[126.61013,42.92712],[126.60925,42.91106],[126.58739,42.88554],[126.59674,42.87527],[126.61183,42.88052],[126.61842,42.86882],[126.60738,42.85333],[126.61048,42.83979],[126.6269,42.82399],[126.6588,42.83492],[126.68428,42.79922],[126.66332,42.77981],[126.64272,42.77305],[126.65376,42.74328],[126.64301,42.7269],[126.59688,42.69852],[126.56818,42.69],[126.55858,42.66856],[126.53541,42.66606],[126.50165,42.68341],[126.43213,42.67355],[126.3834,42.69412],[126.37733,42.70649],[126.38412,42.72928],[126.39424,42.73531],[126.386,42.75231],[126.39233,42.75876],[126.38126,42.77722],[126.39164,42.79638],[126.37525,42.81411],[126.34815,42.80191],[126.30384,42.81173],[126.29117,42.79641],[126.27083,42.79515],[126.23055,42.77208],[126.18946,42.7888],[126.16783,42.78168],[126.14268,42.78966],[126.05151,42.78216],[126.00139,42.79544],[125.98841,42.81198],[125.9668,42.81222],[125.92866,42.83193],[125.90609,42.85845],[125.90338,42.90134],[125.83359,42.92319],[125.85726,42.94452],[125.84658,42.95275],[125.85935,42.95696],[125.82834,42.96447],[125.81937,42.99136],[125.80357,43.00422],[125.76612,43.01764],[125.7282,43.00302],[125.71789,43.02129],[125.67038,43.04067],[125.65439,43.05609],[125.65186,43.07551],[125.67393,43.05772],[125.69784,43.05363],[125.72884,43.0637],[125.73288,43.07244],[125.72224,43.08209],[125.7252,43.0881],[125.744,43.08077],[125.7834,43.09597],[125.76995,43.10098],[125.74885,43.12839],[125.70601,43.12193],[125.69419,43.14658],[125.68412,43.15006],[125.67202,43.18194],[125.64755,43.19863],[125.64147,43.22021],[125.6918,43.26027],[125.77559,43.29025],[125.80479,43.31252],[125.85063,43.29194],[125.94345,43.32095],[125.95912,43.33965],[125.97223,43.33402],[126.00629,43.34636],[126.01467,43.36012],[125.99318,43.37311],[125.98712,43.39717],[125.97055,43.41637],[126.00495,43.43136],[126.01928,43.44751],[126.03847,43.45019],[126.04431,43.43821],[126.05967,43.44487],[126.06924,43.43756],[126.08007,43.4397],[126.08597,43.45151],[126.13083,43.45155],[126.12352,43.42634],[126.13543,43.40214],[126.16559,43.38946],[126.18625,43.40726],[126.18135,43.4136],[126.23494,43.40692],[126.24139,43.40459],[126.23169,43.39814],[126.2385,43.39125],[126.25512,43.38941],[126.25778,43.37912],[126.30921,43.35872]]]}},{"type":"Feature","id":"CTAMAP-2018-COUNTY-1589","properties":{"map_level":"county","source_name":"前郭尔罗斯蒙古族自治县","source_code":"220721","county_type":"自治县","prefecture_name":"松原市","prefecture_code":"220700","prefecture_type":"地级市","parent_entity_id":"CNUR-000057","parent_year_end_name":"松原市","province_name":"吉林省","province_code":"220000","snapshot_year":2018,"panel_year":2017,"link_status":"parent_linked","former_name":"","note":""},"geometry":{"type":"Polygon","coordinates":[[[124.6559,45.43797],[124.67462,45.41344],[124.66066,45.40077],[124.66182,45.3836],[124.69666,45.36751],[124.70258,45.35414],[124.72531,45.3507],[124.70655,45.30986],[124.72727,45.29366],[124.66876,45.27466],[124.63782,45.27921],[124.61929,45.25605],[124.58488,45.23651],[124.57554,45.21282],[124.61135,45.20778],[124.6129,45.18657],[124.63292,45.17768],[124.62541,45.16956],[124.6467,45.16576],[124.65495,45.14582],[124.6783,45.14866],[124.66702,45.12991],[124.67673,45.12637],[124.68988,45.08706],[124.71402,45.10017],[124.76034,45.09848],[124.7932,45.07538],[124.8564,45.06863],[124.86909,45.08743],[124.85906,45.09499],[124.87163,45.09914],[124.85184,45.11033],[124.84437,45.09946],[124.81201,45.11347],[124.8173,45.12549],[124.84005,45.1155],[124.85584,45.13622],[124.87949,45.13406],[124.88522,45.12162],[124.90124,45.12067],[124.90681,45.10539],[124.91802,45.10291],[124.92514,45.08088],[124.95906,45.07376],[124.97801,45.05154],[125.00206,45.0485],[125.02615,45.03192],[124.99929,45.01466],[125.01104,44.99436],[125.00255,44.97522],[125.00481,44.96789],[125.02762,44.96669],[125.03922,44.93904],[125.04616,44.95071],[125.06562,44.95651],[125.06912,44.97897],[125.0797,44.97947],[125.0926,44.95778],[125.1572,44.91987],[125.17073,44.87519],[125.19379,44.86778],[125.22513,44.87163],[125.2445,44.86128],[125.22545,44.85173],[125.22535,44.84304],[125.2556,44.82836],[125.27884,44.83518],[125.30627,44.812],[125.25743,44.79468],[125.23313,44.8071],[125.16466,44.78609],[125.15058,44.7876],[125.14788,44.79479],[125.12714,44.78262],[125.12389,44.77034],[125.08839,44.76564],[125.09818,44.75294],[125.08124,44.77037],[125.03574,44.76868],[125.01987,44.78597],[124.9865,44.75756],[124.95212,44.75229],[124.89182,44.72423],[124.86365,44.73109],[124.80099,44.70218],[124.82352,44.68137],[124.8202,44.66408],[124.81285,44.67052],[124.79674,44.6616],[124.77566,44.67851],[124.77241,44.66708],[124.74045,44.64766],[124.71208,44.65811],[124.62833,44.63887],[124.61205,44.62767],[124.6226,44.61858],[124.58052,44.59696],[124.54636,44.56749],[124.5692,44.54341],[124.5691,44.53283],[124.54082,44.51811],[124.54113,44.51032],[124.45044,44.48829],[124.32382,44.43914],[124.26647,44.40089],[124.18744,44.36186],[124.09173,44.29715],[124.0036,44.34226],[124.02709,44.35585],[123.94178,44.39067],[123.78595,44.48897],[123.73042,44.51038],[123.71065,44.55422],[123.66931,44.58769],[123.68274,44.59265],[123.67445,44.60041],[123.65762,44.59981],[123.61265,44.63767],[124.33761,44.71108],[124.3064,44.9087],[124.3536,44.91265],[124.33494,45.01464],[124.38247,45.01839],[124.36987,45.08567],[124.32061,45.0813],[124.30737,45.1466],[124.25999,45.14282],[124.25238,45.20361],[124.23387,45.22376],[124.197,45.24134],[124.18895,45.27068],[124.14255,45.26967],[124.13053,45.30075],[124.06971,45.29658],[124.05963,45.2867],[124.06634,45.31111],[124.08555,45.32728],[124.10841,45.33048],[124.36235,45.45384],[124.40307,45.43601],[124.4248,45.44962],[124.47196,45.45524],[124.50126,45.42254],[124.54305,45.40915],[124.57823,45.42717],[124.56812,45.4443],[124.57328,45.45095],[124.62552,45.43419],[124.6559,45.43797]]]}},{"type":"Feature","id":"CTAMAP-2018-COUNTY-1591","properties":{"map_level":"county","source_name":"乾安县","source_code":"220723","county_type":"县","prefecture_name":"松原市","prefecture_code":"220700","prefecture_type":"地级市","parent_entity_id":"CNUR-000057","parent_year_end_name":"松原市","province_name":"吉林省","province_code":"220000","snapshot_year":2018,"panel_year":2017,"link_status":"parent_linked","former_name":"","note":""},"geometry":{"type":"Polygon","coordinates":[[[123.61265,44.63767],[123.53594,44.70367],[123.51747,44.70515],[123.51929,44.72541],[123.41318,44.85356],[123.49154,44.92899],[123.48614,44.95752],[123.5132,44.96446],[123.52434,44.94989],[123.56613,44.96134],[123.62612,45.00759],[123.72482,45.05309],[123.91201,45.20625],[123.96845,45.22391],[124.06284,45.23386],[124.08103,45.26186],[124.05963,45.2867],[124.06971,45.29658],[124.13053,45.30075],[124.14255,45.26967],[124.18895,45.27068],[124.197,45.24134],[124.23387,45.22376],[124.25238,45.20361],[124.25999,45.14282],[124.30737,45.1466],[124.32061,45.0813],[124.36987,45.08567],[124.38247,45.01839],[124.33494,45.01464],[124.3536,44.91265],[124.3064,44.9087],[124.33396,44.70881],[123.61265,44.63767]]]}},{"type":"Feature","id":"CTAMAP-2018-COUNTY-1818","properties":{"map_level":"county","source_name":"舒兰市","source_code":"220283","county_type":"县级市","prefecture_name":"吉林市","prefecture_code":"220200","prefecture_type":"地级市","parent_entity_id":"CNUR-000052","parent_year_end_name":"吉林市","province_name":"吉林省","province_code":"220000","snapshot_year":2018,"panel_year":2017,"link_status":"parent_linked","former_name":"","note":""},"geometry":{"type":"Polygon","coordinates":[[[127.75018,44.0817],[127.73544,44.07109],[127.73919,44.05437],[127.72474,44.03779],[127.70924,44.03667],[127.70059,44.021],[127.64331,43.98895],[127.63013,43.99666],[127.60378,43.99541],[127.60561,44.00332],[127.57902,44.03469],[127.52558,44.02913],[127.52267,44.04528],[127.52924,44.05113],[127.51325,44.06855],[127.47664,44.09246],[127.45044,44.09387],[127.43829,44.1161],[127.37318,44.10988],[127.3465,44.07455],[127.34461,44.05551],[127.33071,44.04582],[127.33341,44.0212],[127.31247,44.00327],[127.26905,43.98437],[127.27564,43.96317],[127.25638,43.96493],[127.2325,43.95574],[127.22811,43.96186],[127.18502,43.96553],[127.16591,43.97788],[127.15792,44.00405],[127.15929,44.02155],[127.17216,44.02366],[127.18548,44.04976],[127.16326,44.05416],[127.15989,44.07711],[127.17103,44.08959],[127.14068,44.08455],[127.13308,44.09552],[127.09902,44.09566],[127.08817,44.11187],[127.06472,44.10856],[127.05512,44.12007],[127.02362,44.11741],[127.00585,44.12787],[126.98467,44.12246],[126.98839,44.12971],[126.97465,44.13511],[126.96903,44.12991],[126.94374,44.13496],[126.93168,44.12583],[126.92206,44.13874],[126.89023,44.14529],[126.85456,44.10448],[126.81904,44.0946],[126.79907,44.12515],[126.79612,44.14353],[126.78447,44.14609],[126.78849,44.15393],[126.77097,44.18796],[126.79972,44.20566],[126.78322,44.2124],[126.79559,44.22985],[126.76846,44.23678],[126.74817,44.27087],[126.71916,44.25558],[126.71953,44.27267],[126.73307,44.28582],[126.72759,44.30059],[126.70887,44.29823],[126.69887,44.30521],[126.69662,44.29214],[126.67317,44.28595],[126.68063,44.27057],[126.65911,44.24693],[126.65601,44.24178],[126.66429,44.2378],[126.65849,44.23474],[126.63315,44.23886],[126.601,44.22528],[126.56717,44.24126],[126.53639,44.22448],[126.52466,44.23874],[126.50649,44.2417],[126.49712,44.23283],[126.46367,44.24263],[126.45661,44.25376],[126.46867,44.28391],[126.48821,44.2977],[126.46513,44.31142],[126.46504,44.33703],[126.44768,44.35578],[126.48665,44.3815],[126.47277,44.39012],[126.47639,44.41667],[126.4195,44.42109],[126.43593,44.44038],[126.41741,44.4633],[126.41782,44.48535],[126.44023,44.49996],[126.41393,44.513],[126.40772,44.52381],[126.43594,44.53219],[126.43499,44.54256],[126.44835,44.55422],[126.45816,44.54401],[126.50646,44.53689],[126.5407,44.54371],[126.55471,44.55473],[126.54888,44.56116],[126.5536,44.56586],[126.58671,44.56829],[126.61504,44.55601],[126.60349,44.57161],[126.6209,44.57338],[126.62939,44.56764],[126.62602,44.5579],[126.64099,44.55554],[126.63514,44.55174],[126.63858,44.54281],[126.67787,44.54237],[126.70403,44.52903],[126.70337,44.53531],[126.72554,44.53255],[126.72207,44.51656],[126.79041,44.52051],[126.80494,44.52923],[126.85061,44.53462],[126.85773,44.51976],[126.87452,44.51015],[126.90517,44.52254],[126.93159,44.52052],[126.96287,44.52914],[127.02201,44.56193],[127.04757,44.56488],[127.08275,44.5914],[127.08828,44.61355],[127.13122,44.6055],[127.16312,44.63011],[127.16541,44.64068],[127.20414,44.64604],[127.22146,44.64104],[127.20824,44.62245],[127.25644,44.61076],[127.27085,44.63861],[127.39516,44.63211],[127.40421,44.62031],[127.4878,44.59869],[127.5181,44.57515],[127.55191,44.57144],[127.56203,44.55822],[127.56478,44.54895],[127.54038,44.53666],[127.53027,44.52043],[127.47915,44.5265],[127.45918,44.51432],[127.46901,44.49654],[127.45771,44.47899],[127.47286,44.45561],[127.4939,44.44837],[127.5018,44.4363],[127.47723,44.39953],[127.50057,44.39088],[127.51539,44.37616],[127.51539,44.35876],[127.52779,44.35755],[127.56564,44.32619],[127.57329,44.30788],[127.61604,44.28019],[127.60851,44.26875],[127.6178,44.25311],[127.60883,44.25243],[127.58453,44.22587],[127.6199,44.18627],[127.63552,44.19167],[127.67515,44.16472],[127.69297,44.17395],[127.71351,44.20015],[127.71495,44.15571],[127.72959,44.11208],[127.72268,44.09697],[127.75018,44.0817]]]}},{"type":"Feature","id":"CTAMAP-2018-COUNTY-1828","properties":{"map_level":"county","source_name":"双辽市","source_code":"220382","county_type":"县级市","prefecture_name":"四平市","prefecture_code":"220300","prefecture_type":"地级市","parent_entity_id":"CNUR-000053","parent_year_end_name":"四平市","province_name":"吉林省","province_code":"220000","snapshot_year":2018,"panel_year":2017,"link_status":"parent_linked","former_name":"","note":""},"geometry":{"type":"Polygon","coordinates":[[[124.00944,44.00223],[124.03022,43.92952],[124.07871,43.86073],[124.0659,43.81075],[124.03237,43.79646],[124.07586,43.74143],[124.06953,43.7156],[124.09943,43.70094],[124.06378,43.68916],[124.04617,43.65965],[124.00651,43.65302],[123.9815,43.62526],[123.89229,43.58827],[123.77526,43.51423],[123.75905,43.48755],[123.76625,43.48102],[123.74428,43.46924],[123.73618,43.43314],[123.70347,43.41393],[123.69122,43.3769],[123.69854,43.36813],[123.60138,43.36462],[123.57861,43.37474],[123.5393,43.41298],[123.5264,43.39912],[123.51472,43.39916],[123.4805,43.44293],[123.43554,43.43503],[123.43631,43.41796],[123.41346,43.40744],[123.36951,43.47394],[123.35816,43.48079],[123.32915,43.47832],[123.30987,43.48952],[123.32365,43.51652],[123.30028,43.5324],[123.29837,43.54825],[123.35073,43.56517],[123.44676,43.54335],[123.45457,43.56602],[123.43992,43.57838],[123.42708,43.57305],[123.41474,43.59566],[123.41737,43.60976],[123.45238,43.5862],[123.50641,43.59011],[123.50388,43.62256],[123.53053,43.62957],[123.53228,43.6403],[123.5119,43.6789],[123.51968,43.68701],[123.51366,43.70518],[123.47438,43.73802],[123.49128,43.77803],[123.45572,43.82018],[123.46084,43.85701],[123.45174,43.87257],[123.43762,43.87481],[123.4325,43.8986],[123.41433,43.92601],[123.3757,43.95058],[123.37503,43.97244],[123.39297,43.97604],[123.35355,44.01511],[123.32137,44.03199],[123.31468,44.04981],[123.32509,44.05369],[123.32224,44.0687],[123.38441,44.06747],[123.4699,44.08015],[123.54187,44.07588],[123.57357,44.08691],[123.63166,44.07627],[123.65397,44.09003],[123.65732,44.10565],[123.6765,44.10806],[123.72286,44.04037],[123.7537,44.03441],[123.76668,44.02121],[123.75622,44.00487],[123.81238,43.98407],[123.85374,43.99849],[124.00944,44.00223]]]}},{"type":"Feature","id":"CTAMAP-2018-COUNTY-1836","properties":{"map_level":"county","source_name":"双阳区","source_code":"220112","county_type":"市辖区","prefecture_name":"长春市","prefecture_code":"220100","prefecture_type":"地级市","parent_entity_id":"CNUR-000051","parent_year_end_name":"长春市","province_name":"吉林省","province_code":"220000","snapshot_year":2018,"panel_year":2017,"link_status":"parent_linked","former_name":"","note":""},"geometry":{"type":"Polygon","coordinates":[[[125.78911,43.78705],[125.81457,43.77369],[125.80456,43.76565],[125.82287,43.74879],[125.84326,43.69561],[125.86589,43.68709],[125.86169,43.6788],[125.88374,43.64333],[125.88005,43.6164],[125.88625,43.59898],[125.87548,43.56697],[125.84861,43.53475],[125.86739,43.52332],[125.85255,43.49296],[125.86327,43.48886],[125.8795,43.45601],[125.90866,43.44929],[125.90634,43.44453],[125.93128,43.43093],[125.94503,43.40754],[125.97697,43.41067],[125.99318,43.37311],[126.01471,43.35906],[126.0,43.34258],[125.97223,43.33402],[125.95912,43.33965],[125.944,43.3212],[125.90769,43.31457],[125.90927,43.30791],[125.88562,43.29934],[125.8395,43.29218],[125.80681,43.31318],[125.77559,43.29025],[125.6918,43.26027],[125.67237,43.27572],[125.62292,43.29426],[125.6079,43.30918],[125.59039,43.31195],[125.53664,43.35566],[125.54196,43.36516],[125.5771,43.37987],[125.5756,43.404],[125.51,43.40683],[125.48888,43.41939],[125.50852,43.4332],[125.50741,43.43948],[125.48319,43.45262],[125.48918,43.47051],[125.45243,43.49798],[125.4528,43.51991],[125.44122,43.52949],[125.4511,43.54049],[125.45295,43.56136],[125.44316,43.60002],[125.47372,43.61136],[125.47595,43.60292],[125.48406,43.6042],[125.5091,43.65214],[125.50515,43.66162],[125.49011,43.65931],[125.47205,43.66955],[125.47832,43.67956],[125.46609,43.68691],[125.46784,43.69556],[125.50616,43.70173],[125.54162,43.72001],[125.55247,43.75473],[125.59617,43.75542],[125.60352,43.77254],[125.63439,43.78452],[125.65541,43.78146],[125.67058,43.79133],[125.7152,43.79168],[125.78385,43.77217],[125.798,43.7816],[125.78911,43.78705]]]}},{"type":"Feature","id":"CTAMAP-2018-COUNTY-1926","properties":{"map_level":"county","source_name":"洮北区","source_code":"220802","county_type":"市辖区","prefecture_name":"白城市","prefecture_code":"220800","prefecture_type":"地级市","parent_entity_id":"CNUR-000058","parent_year_end_name":"白城市","province_name":"吉林省","province_code":"220000","snapshot_year":2018,"panel_year":2017,"link_status":"parent_linked","former_name":"","note":""},"geometry":{"type":"Polygon","coordinates":[[[122.81436,45.88574],[122.8911,45.8564],[122.94293,45.81002],[122.99953,45.73725],[122.95078,45.71223],[122.97347,45.67793],[123.00596,45.65697],[123.12672,45.67878],[123.14907,45.66812],[123.21141,45.66146],[123.20662,45.65571],[123.22047,45.64541],[123.21051,45.63113],[123.25734,45.61737],[123.25088,45.61669],[123.25615,45.60046],[123.23341,45.59311],[123.23914,45.58455],[123.23314,45.56381],[123.21211,45.55717],[123.1807,45.52565],[123.18451,45.51966],[123.177,45.51025],[123.18251,45.50455],[123.1627,45.48679],[123.16322,45.47166],[123.14877,45.44819],[123.08997,45.41243],[123.07932,45.39627],[123.03313,45.39108],[123.01583,45.36929],[122.98796,45.36306],[122.98888,45.3572],[122.91947,45.35675],[122.90677,45.37133],[122.87732,45.36674],[122.85901,45.37224],[122.84007,45.36344],[122.81911,45.37165],[122.79687,45.36515],[122.78516,45.38273],[122.76121,45.38973],[122.76099,45.4029],[122.7327,45.40335],[122.72049,45.41907],[122.69821,45.42698],[122.69462,45.44361],[122.67781,45.45908],[122.63125,45.47208],[122.59689,45.52486],[122.55735,45.53478],[122.53487,45.55821],[122.51107,45.56553],[122.51141,45.58631],[122.49958,45.58997],[122.49695,45.60374],[122.47318,45.62537],[122.47781,45.63701],[122.44838,45.65892],[122.44249,45.67928],[122.44715,45.7088],[122.4335,45.72417],[122.41339,45.7315],[122.41906,45.74219],[122.40471,45.75983],[122.40111,45.78088],[122.35742,45.80107],[122.37355,45.83456],[122.37048,45.85127],[122.3575,45.85352],[122.36704,45.854],[122.3564,45.88489],[122.356,45.91535],[122.4399,45.91483],[122.48994,45.85625],[122.49739,45.80857],[122.53616,45.77208],[122.65547,45.73132],[122.66569,45.69875],[122.73609,45.70312],[122.74065,45.71858],[122.75507,45.72025],[122.74518,45.73411],[122.80316,45.78118],[122.79237,45.8471],[122.81436,45.88574]]]}},{"type":"Feature","id":"CTAMAP-2018-COUNTY-1927","properties":{"map_level":"county","source_name":"洮南市","source_code":"220881","county_type":"县级市","prefecture_name":"白城市","prefecture_code":"220800","prefecture_type":"地级市","parent_entity_id":"CNUR-000058","parent_year_end_name":"白城市","province_name":"吉林省","province_code":"220000","snapshot_year":2018,"panel_year":2017,"link_status":"parent_linked","former_name":"","note":""},"geometry":{"type":"Polygon","coordinates":[[[122.06506,45.9285],[122.07692,45.91545],[122.07574,45.89553],[122.08539,45.87986],[122.19499,45.85488],[122.21229,45.84107],[122.21503,45.82787],[122.2362,45.82492],[122.25295,45.79288],[122.2957,45.811],[122.29322,45.81628],[122.30669,45.82279],[122.29706,45.8279],[122.31493,45.82842],[122.31535,45.8423],[122.33201,45.84963],[122.33169,45.85799],[122.37048,45.85127],[122.36954,45.81866],[122.35742,45.80107],[122.40111,45.78088],[122.40471,45.75983],[122.41906,45.74219],[122.41339,45.7315],[122.4335,45.72417],[122.44715,45.7088],[122.44249,45.67928],[122.44838,45.65892],[122.47781,45.63701],[122.47318,45.62537],[122.49695,45.60374],[122.49958,45.58997],[122.51141,45.58631],[122.51107,45.56553],[122.53487,45.55821],[122.55735,45.53478],[122.59689,45.52486],[122.63125,45.47208],[122.67781,45.45908],[122.69462,45.44361],[122.69821,45.42698],[122.72049,45.41907],[122.7327,45.40335],[122.76099,45.4029],[122.76121,45.38973],[122.78516,45.38273],[122.79332,45.36688],[122.82083,45.37168],[122.84007,45.36344],[122.85901,45.37224],[122.87732,45.36674],[122.90677,45.37133],[122.91947,45.35675],[122.98575,45.3562],[122.98796,45.36306],[123.01583,45.36929],[123.03313,45.39108],[123.07932,45.39627],[123.08997,45.41243],[123.14931,45.44894],[123.2451,45.35054],[123.24185,45.33899],[123.26018,45.32042],[123.27379,45.31742],[123.28431,45.29441],[123.31029,45.28051],[123.296,45.27998],[123.308,45.25493],[123.32904,45.24944],[123.33658,45.20078],[123.29663,45.20764],[123.20367,45.16655],[123.1251,45.14414],[123.00623,45.1379],[123.00458,45.15285],[122.99019,45.15718],[122.97404,45.14417],[122.91698,45.12956],[122.88778,45.13565],[122.79422,45.12043],[122.75931,45.07882],[122.69079,45.05674],[122.59918,45.04016],[122.54268,45.04978],[122.46594,45.08558],[122.46204,45.10964],[122.32348,45.18396],[122.32404,45.21774],[122.29587,45.23931],[122.29407,45.25702],[122.14127,45.29342],[122.14004,45.36771],[122.17406,45.40733],[122.16409,45.43518],[122.0175,45.48815],[121.99661,45.50587],[121.98765,45.55079],[121.96676,45.56705],[121.96073,45.59424],[121.99025,45.59699],[121.99745,45.6213],[121.96439,45.69086],[121.94334,45.70919],[121.85509,45.71708],[121.80953,45.70143],[121.80541,45.68503],[121.75084,45.68876],[121.68003,45.71036],[121.65866,45.72787],[121.6641,45.73764],[121.63896,45.75069],[121.65165,45.76863],[121.69106,45.76108],[121.69017,45.76909],[121.72253,45.7842],[121.71701,45.79223],[121.72966,45.784],[121.74817,45.79293],[121.74773,45.81313],[121.76685,45.82457],[121.75966,45.83486],[121.78877,45.86625],[121.81122,45.87374],[121.80082,45.89266],[121.81546,45.91651],[121.7977,45.94255],[121.80458,45.94652],[121.8033,45.95968],[121.7782,45.98338],[121.76372,45.98232],[121.75303,45.99171],[121.80619,46.01584],[121.80703,46.02408],[121.83793,46.02243],[121.86481,45.99753],[121.91282,46.00587],[121.92235,45.98662],[121.95369,45.98524],[121.98209,45.9698],[121.9975,45.98054],[122.00085,45.9644],[122.0335,45.95718],[122.04611,45.93318],[122.06506,45.9285]]]}},{"type":"Feature","id":"CTAMAP-2018-COUNTY-1967","properties":{"map_level":"county","source_name":"通化县","source_code":"220521","county_type":"县","prefecture_name":"通化市","prefecture_code":"220500","prefecture_type":"地级市","parent_entity_id":"CNUR-000055","parent_year_end_name":"通化市","province_name":"吉林省","province_code":"220000","snapshot_year":2018,"panel_year":2017,"link_status":"parent_linked","former_name":"","note":""},"geometry":{"type":"MultiPolygon","coordinates":[[[[126.28688,42.03439],[126.25379,42.01259],[126.24872,41.99676],[126.23094,41.99621],[126.19798,41.97112],[126.16176,41.97467],[126.14012,41.96187],[126.12774,41.96371],[126.11449,41.95053],[126.16966,41.91559],[126.18189,41.89843],[126.2034,41.90302],[126.20872,41.88995],[126.23702,41.8816],[126.21376,41.853],[126.22326,41.83436],[126.20286,41.82244],[126.19798,41.80689],[126.16885,41.79701],[126.16947,41.78805],[126.1337,41.77804],[126.11484,41.78646],[126.10111,41.78347],[126.09464,41.79544],[126.10024,41.82292],[126.06675,41.83732],[126.05548,41.86241],[125.98566,41.83908],[125.96026,41.80309],[125.96116,41.79596],[125.98052,41.79089],[125.94005,41.78081],[125.92258,41.80146],[125.92837,41.8146],[125.91187,41.82085],[125.90755,41.7894],[125.84526,41.76636],[125.84313,41.74137],[125.86972,41.72726],[125.87732,41.70593],[125.86931,41.69469],[125.88098,41.68704],[125.88217,41.67107],[125.91017,41.66471],[125.9075,41.64625],[125.84015,41.6265],[125.86107,41.57308],[125.82516,41.56345],[125.82676,41.54107],[125.81918,41.53327],[125.78096,41.53651],[125.78075,41.52349],[125.79447,41.51676],[125.79229,41.48908],[125.77796,41.48463],[125.75245,41.4942],[125.7541,41.46299],[125.72896,41.45046],[125.69342,41.45192],[125.68277,41.4431],[125.67273,41.40839],[125.64408,41.40914],[125.64842,41.39635],[125.672,41.38022],[125.66839,41.37439],[125.65253,41.3708],[125.63564,41.38023],[125.60834,41.3597],[125.58352,41.36373],[125.57536,41.36898],[125.58213,41.38041],[125.57556,41.3923],[125.54262,41.39877],[125.54536,41.41241],[125.52844,41.4267],[125.53645,41.4658],[125.52659,41.47701],[125.51048,41.47643],[125.51192,41.48696],[125.48767,41.50654],[125.48711,41.51657],[125.50128,41.53158],[125.47101,41.54557],[125.47054,41.55803],[125.45632,41.56596],[125.45766,41.57864],[125.44417,41.59541],[125.44797,41.61937],[125.46417,41.63702],[125.45285,41.64094],[125.44417,41.67162],[125.4256,41.67235],[125.40556,41.68894],[125.31912,41.66786],[125.30894,41.67711],[125.32651,41.71086],[125.32781,41.73437],[125.31086,41.79175],[125.29627,41.80148],[125.2878,41.82546],[125.29031,41.88408],[125.30132,41.92251],[125.36837,41.92555],[125.38513,41.91319],[125.38306,41.9052],[125.42043,41.90708],[125.43451,41.91769],[125.42037,41.93022],[125.42183,41.94155],[125.44565,41.94128],[125.46752,41.96951],[125.51822,41.98105],[125.5245,41.9647],[125.54745,41.94811],[125.54233,41.93806],[125.56874,41.91554],[125.57687,41.89655],[125.60271,41.89686],[125.61522,41.87976],[125.63727,41.88682],[125.63624,41.89393],[125.67732,41.90115],[125.70206,41.89582],[125.73831,41.90549],[125.75855,41.89682],[125.79014,41.91209],[125.80958,41.94644],[125.85633,41.94821],[125.87272,41.96755],[125.86555,41.99133],[125.89615,41.9985],[125.92003,42.02056],[125.93528,42.02354],[125.94865,42.01499],[125.96629,42.0386],[126.02508,42.05277],[126.03705,42.07079],[126.06646,42.07617],[126.08902,42.06696],[126.13859,42.07538],[126.14307,42.08537],[126.18724,42.10671],[126.24695,42.12149],[126.26305,42.10884],[126.26248,42.0873],[126.29524,42.08041],[126.29159,42.07034],[126.29774,42.0639],[126.28688,42.03439]]],[[[126.29573,41.6685],[126.31123,41.66372],[126.31375,41.65303],[126.32912,41.66125],[126.39855,41.66625],[126.41799,41.65675],[126.39648,41.60721],[126.39919,41.58235],[126.37557,41.56465],[126.40692,41.5309],[126.38262,41.49062],[126.39457,41.47173],[126.34569,41.44567],[126.34464,41.42341],[126.31952,41.41075],[126.32035,41.3951],[126.30819,41.38106],[126.31659,41.36556],[126.30178,41.3658],[126.26571,41.34426],[126.22518,41.34405],[126.20301,41.32888],[126.15854,41.33762],[126.15151,41.37307],[126.14202,41.37934],[126.14114,41.40345],[126.11514,41.4105],[126.12599,41.48317],[126.10989,41.50101],[126.10169,41.52573],[126.0729,41.53867],[126.10201,41.54429],[126.11066,41.56038],[126.0511,41.61026],[126.04086,41.63425],[126.11325,41.67268],[126.12285,41.68543],[126.13422,41.68554],[126.15295,41.71059],[126.17337,41.71676],[126.19685,41.68347],[126.17776,41.67728],[126.17714,41.66929],[126.25684,41.6715],[126.28164,41.66202],[126.29573,41.6685]]]]}},{"type":"Feature","id":"CTAMAP-2018-COUNTY-1972","properties":{"map_level":"county","source_name":"通榆县","source_code":"220822","county_type":"县","prefecture_name":"白城市","prefecture_code":"220800","prefecture_type":"地级市","parent_entity_id":"CNUR-000058","parent_year_end_name":"白城市","province_name":"吉林省","province_code":"220000","snapshot_year":2018,"panel_year":2017,"link_status":"parent_linked","former_name":"","note":""},"geometry":{"type":"Polygon","coordinates":[[[123.29663,45.20764],[123.36379,45.1903],[123.37919,45.20378],[123.40049,45.20349],[123.40744,45.17172],[123.41995,45.175],[123.42639,45.16667],[123.44185,45.1019],[123.45649,45.0768],[123.47813,45.06153],[123.48942,45.0114],[123.50733,44.99076],[123.49028,44.98173],[123.50433,44.96325],[123.4855,44.95663],[123.49154,44.92899],[123.41318,44.85356],[123.51929,44.72541],[123.51747,44.70515],[123.4514,44.69483],[123.41618,44.67046],[123.2835,44.63389],[123.27955,44.6221],[123.23882,44.59496],[123.21423,44.58857],[123.20698,44.57237],[123.18843,44.573],[123.14224,44.55191],[123.13394,44.52141],[123.11913,44.50714],[123.03408,44.49701],[122.85818,44.40004],[122.75487,44.3677],[122.66997,44.28384],[122.59411,44.27124],[122.47696,44.2348],[122.3137,44.23078],[122.26576,44.25362],[122.2603,44.26521],[122.28599,44.30823],[122.28878,44.40892],[122.28044,44.47579],[122.22243,44.47818],[122.20901,44.49176],[122.2169,44.49579],[122.21841,44.52427],[122.19991,44.55116],[122.12573,44.57543],[122.13244,44.58605],[122.12604,44.60161],[122.10748,44.61336],[122.09707,44.67186],[122.11145,44.70006],[122.15551,44.72622],[122.14654,44.74178],[122.09674,44.73418],[122.09288,44.7427],[122.10466,44.76571],[122.13677,44.75165],[122.16326,44.7682],[122.09389,44.78027],[122.08635,44.79742],[122.09283,44.81501],[122.07603,44.8382],[122.06748,44.87489],[122.05033,44.88074],[122.048,44.89489],[122.03898,44.89744],[122.04661,44.91077],[122.07314,44.91212],[122.08076,44.95083],[122.06857,45.0045],[122.09286,45.0194],[122.11342,45.06644],[122.10381,45.13988],[122.13724,45.18088],[122.18676,45.17859],[122.22429,45.20483],[122.23604,45.24575],[122.23321,45.27396],[122.26,45.26799],[122.26121,45.26031],[122.29407,45.25702],[122.29587,45.23931],[122.32404,45.21774],[122.32348,45.18396],[122.46204,45.10964],[122.46594,45.08558],[122.5735,45.04161],[122.59918,45.04016],[122.73312,45.06874],[122.75931,45.07882],[122.79422,45.12043],[122.88778,45.13565],[122.91698,45.12956],[122.97404,45.14417],[122.99019,45.15718],[123.00458,45.15285],[123.00623,45.1379],[123.1251,45.14414],[123.20367,45.16655],[123.29663,45.20764]]]}},{"type":"Feature","id":"CTAMAP-2018-COUNTY-1991","properties":{"map_level":"county","source_name":"图们市","source_code":"222402","county_type":"县级市","prefecture_name":"延边朝鲜族自治州","prefecture_code":"222400","prefecture_type":"自治州","parent_entity_id":"CNUR-000059","parent_year_end_name":"延边朝鲜族自治州","province_name":"吉林省","province_code":"220000","snapshot_year":2018,"panel_year":2017,"link_status":"parent_linked","former_name":"","note":""},"geometry":{"type":"Polygon","coordinates":[[[130.20585,43.21142],[130.14002,43.15579],[130.13439,43.12682],[130.14104,43.11605],[130.12916,43.08927],[130.09808,43.08302],[130.08628,43.07429],[130.08778,43.05998],[130.06587,43.05462],[130.07245,43.03345],[130.0854,43.02672],[130.07851,43.00336],[130.08472,42.98114],[130.07513,42.97461],[130.01966,42.96396],[129.99815,42.97826],[129.96039,42.97554],[129.95036,42.9867],[129.95655,43.00664],[129.94765,43.00954],[129.9083,43.00672],[129.88013,42.99454],[129.87958,42.98099],[129.9164,42.9753],[129.90713,42.96684],[129.86667,42.9725],[129.85164,42.96154],[129.85067,42.9445],[129.86929,42.91912],[129.84381,42.92097],[129.83736,42.86572],[129.81175,42.84843],[129.80139,42.81446],[129.80872,42.79063],[129.79369,42.77745],[129.75,42.79536],[129.7242,42.78914],[129.67275,42.7943],[129.67905,42.81155],[129.71395,42.83768],[129.69924,42.84832],[129.71421,42.86445],[129.6961,42.88894],[129.69105,42.91431],[129.6486,42.92598],[129.60982,42.9097],[129.53396,42.93462],[129.54496,42.96289],[129.54466,43.00004],[129.5614,43.01763],[129.59572,43.02575],[129.59364,43.04687],[129.57738,43.07557],[129.58716,43.08706],[129.58397,43.0933],[129.60207,43.0979],[129.60757,43.10991],[129.6496,43.11526],[129.66284,43.13932],[129.65636,43.1554],[129.67894,43.16785],[129.70922,43.168],[129.7281,43.14801],[129.72648,43.1315],[129.74353,43.12184],[129.77148,43.12101],[129.78979,43.14205],[129.82161,43.14298],[129.83742,43.15821],[129.8961,43.13479],[129.93064,43.15298],[129.95278,43.14894],[129.97038,43.16229],[129.98918,43.15622],[130.00446,43.16767],[130.01149,43.15979],[130.02808,43.15984],[130.0357,43.17302],[130.05476,43.16124],[130.07841,43.17809],[130.11678,43.17387],[130.11585,43.19897],[130.13804,43.21296],[130.18423,43.20661],[130.20585,43.21142]]]}},{"type":"Feature","id":"CTAMAP-2018-COUNTY-2015","properties":{"map_level":"county","source_name":"汪清县","source_code":"222424","county_type":"县","prefecture_name":"延边朝鲜族自治州","prefecture_code":"222400","prefecture_type":"自治州","parent_entity_id":"CNUR-000059","parent_year_end_name":"延边朝鲜族自治州","province_name":"吉林省","province_code":"220000","snapshot_year":2018,"panel_year":2017,"link_status":"parent_linked","former_name":"","note":""},"geometry":{"type":"Polygon","coordinates":[[[130.35845,44.04128],[130.35087,44.02158],[130.36024,44.0117],[130.35636,43.98918],[130.32922,43.95641],[130.36118,43.91252],[130.37604,43.9036],[130.35878,43.88649],[130.37899,43.85135],[130.35538,43.84031],[130.37236,43.82308],[130.37254,43.77887],[130.41641,43.74099],[130.38685,43.69965],[130.40576,43.64956],[130.44232,43.64379],[130.4618,43.65388],[130.48166,43.65283],[130.4989,43.63401],[130.53905,43.62069],[130.55255,43.62768],[130.5823,43.61138],[130.58926,43.61881],[130.6171,43.62178],[130.62547,43.61287],[130.6203,43.58315],[130.66002,43.58128],[130.66491,43.5635],[130.69262,43.56556],[130.6952,43.5576],[130.72103,43.55745],[130.72841,43.54414],[130.75268,43.53704],[130.76752,43.52124],[130.78552,43.52504],[130.79711,43.50347],[130.81636,43.50032],[130.83392,43.45356],[130.85235,43.43687],[130.90046,43.43203],[130.85403,43.41773],[130.84953,43.40561],[130.82396,43.39883],[130.82058,43.40963],[130.79876,43.42036],[130.77339,43.4148],[130.73022,43.42872],[130.70372,43.40149],[130.68685,43.39748],[130.6728,43.37169],[130.70822,43.35136],[130.71629,43.32716],[130.70896,43.31823],[130.72391,43.29702],[130.69781,43.27571],[130.68287,43.23786],[130.68932,43.2065],[130.66436,43.19725],[130.65528,43.1799],[130.61656,43.17561],[130.55885,43.1978],[130.48551,43.20842],[130.47781,43.22389],[130.44711,43.22742],[130.43906,43.24056],[130.42667,43.24214],[130.4222,43.26576],[130.37847,43.2587],[130.35482,43.26824],[130.34145,43.24926],[130.3186,43.25638],[130.29084,43.2317],[130.25492,43.23446],[130.21792,43.21294],[130.18423,43.20661],[130.13649,43.21252],[130.11567,43.19863],[130.11678,43.17387],[130.07841,43.17809],[130.05476,43.16124],[130.0357,43.17302],[130.02808,43.15984],[130.01149,43.15979],[130.00446,43.16767],[129.98918,43.15622],[129.97038,43.16229],[129.95278,43.14894],[129.93064,43.15298],[129.8961,43.13479],[129.83742,43.15821],[129.82161,43.14298],[129.78979,43.14205],[129.77148,43.12101],[129.74708,43.12114],[129.72648,43.1315],[129.7281,43.14801],[129.70922,43.168],[129.68727,43.17091],[129.65636,43.1554],[129.66284,43.13932],[129.6496,43.11526],[129.60757,43.10991],[129.57783,43.15895],[129.56654,43.15991],[129.56119,43.1773],[129.54466,43.18749],[129.51607,43.18771],[129.50334,43.17777],[129.43263,43.19776],[129.38724,43.19386],[129.35022,43.23425],[129.33379,43.24143],[129.33074,43.25434],[129.30298,43.26726],[129.29467,43.2799],[129.29854,43.28976],[129.28811,43.29685],[129.30192,43.32999],[129.2839,43.35292],[129.2895,43.36458],[129.2668,43.37908],[129.2694,43.40757],[129.16635,43.4182],[129.15572,43.43398],[129.14983,43.46829],[129.15561,43.4771],[129.14893,43.48886],[129.13519,43.48976],[129.11834,43.50719],[129.09773,43.51437],[129.08483,43.54022],[129.09131,43.55361],[129.11456,43.55276],[129.14209,43.56826],[129.16013,43.56806],[129.16335,43.55969],[129.18596,43.57338],[129.1988,43.5723],[129.20217,43.58126],[129.22317,43.59116],[129.22536,43.63253],[129.20681,43.66445],[129.20768,43.69389],[129.2254,43.70681],[129.2098,43.72298],[129.21436,43.73961],[129.20444,43.74519],[129.21191,43.74975],[129.2043,43.77964],[129.24754,43.81686],[129.27154,43.81119],[129.28357,43.79445],[129.3004,43.79536],[129.3025,43.80983],[129.35021,43.79612],[129.39968,43.8168],[129.40569,43.84015],[129.43229,43.8424],[129.4607,43.86346],[129.46125,43.87206],[129.49125,43.8778],[129.51826,43.8683],[129.56091,43.86874],[129.60227,43.87996],[129.64956,43.86954],[129.69031,43.88008],[129.72878,43.87698],[129.73261,43.89333],[129.7592,43.88997],[129.77903,43.89935],[129.77051,43.92582],[129.78712,43.93803],[129.77542,43.96062],[129.80395,43.96507],[129.86141,44.01033],[129.86259,44.0],[129.87365,43.9979],[129.90096,44.02193],[129.91766,44.01314],[129.9318,44.02571],[129.96549,44.01666],[129.97915,43.9965],[129.99301,43.99653],[129.99438,43.98714],[129.98182,43.97999],[130.01075,43.95903],[130.01835,43.94119],[130.01036,43.93283],[130.01673,43.91492],[130.0024,43.89065],[130.01413,43.85937],[130.04095,43.84883],[130.04947,43.83615],[130.07223,43.83472],[130.10218,43.84815],[130.10975,43.87166],[130.13672,43.87647],[130.14638,43.88864],[130.14672,43.9129],[130.17872,43.92911],[130.18242,43.93843],[130.22082,43.94656],[130.23163,43.93803],[130.24902,43.94536],[130.26822,43.96584],[130.26527,43.97897],[130.29925,44.0],[130.31215,44.03735],[130.3401,44.04874],[130.35845,44.04128]]]}},{"type":"Feature","id":"CTAMAP-2018-COUNTY-2341","properties":{"map_level":"county","source_name":"延吉市","source_code":"222401","county_type":"县级市","prefecture_name":"延边朝鲜族自治州","prefecture_code":"222400","prefecture_type":"自治州","parent_entity_id":"CNUR-000059","parent_year_end_name":"延边朝鲜族自治州","province_name":"吉林省","province_code":"220000","snapshot_year":2018,"panel_year":2017,"link_status":"parent_linked","former_name":"","note":""},"geometry":{"type":"Polygon","coordinates":[[[129.60757,43.10991],[129.60207,43.0979],[129.58405,43.09339],[129.58716,43.08706],[129.57732,43.07642],[129.59364,43.04687],[129.59572,43.02575],[129.5614,43.01763],[129.54466,43.00004],[129.54496,42.96289],[129.53396,42.93462],[129.60982,42.9097],[129.62495,42.9213],[129.67231,42.92388],[129.67988,42.91294],[129.69131,42.91409],[129.69447,42.90044],[129.65054,42.89327],[129.63188,42.88225],[129.6075,42.88836],[129.58342,42.85811],[129.56204,42.8449],[129.53762,42.84867],[129.46075,42.83512],[129.44221,42.87274],[129.42476,42.87341],[129.40689,42.84883],[129.41163,42.82497],[129.39562,42.82646],[129.38075,42.8076],[129.36227,42.80035],[129.30726,42.79115],[129.30246,42.79984],[129.31331,42.83201],[129.27998,42.8744],[129.28469,42.89445],[129.27811,42.91231],[129.25989,42.92012],[129.25937,42.93402],[129.25019,42.93835],[129.24193,42.96121],[129.22505,42.96858],[129.19532,43.01242],[129.16954,43.02965],[129.1677,43.05797],[129.18335,43.0689],[129.17407,43.0724],[129.17559,43.08772],[129.15413,43.10873],[129.0702,43.11771],[129.05337,43.12723],[129.02739,43.16471],[129.03962,43.18276],[129.03912,43.20044],[129.06263,43.20562],[129.0888,43.22579],[129.0718,43.25997],[129.08488,43.26487],[129.08364,43.27761],[129.09473,43.28858],[129.03996,43.32208],[129.02616,43.33699],[129.02346,43.36176],[129.04344,43.36902],[129.0458,43.37853],[129.0979,43.38973],[129.12963,43.36437],[129.16059,43.35577],[129.18261,43.36771],[129.17205,43.38643],[129.20178,43.39549],[129.21007,43.41022],[129.26913,43.4077],[129.2668,43.37908],[129.2895,43.36458],[129.2839,43.35292],[129.30192,43.32999],[129.28811,43.29685],[129.29854,43.28976],[129.29467,43.2799],[129.30298,43.26726],[129.33032,43.25472],[129.33379,43.24143],[129.35022,43.23425],[129.38742,43.19378],[129.43263,43.19776],[129.50334,43.17777],[129.51607,43.18771],[129.54466,43.18749],[129.56119,43.1773],[129.56654,43.15991],[129.57783,43.15895],[129.60757,43.10991]]]}},{"type":"Feature","id":"CTAMAP-2018-COUNTY-2396","properties":{"map_level":"county","source_name":"伊通满族自治县","source_code":"220323","county_type":"自治县","prefecture_name":"四平市","prefecture_code":"220300","prefecture_type":"地级市","parent_entity_id":"CNUR-000053","parent_year_end_name":"四平市","province_name":"吉林省","province_code":"220000","snapshot_year":2018,"panel_year":2017,"link_status":"parent_linked","former_name":"","note":""},"geometry":{"type":"Polygon","coordinates":[[[125.3554,43.51191],[125.38539,43.53074],[125.36768,43.54867],[125.38667,43.55329],[125.38493,43.57987],[125.41978,43.58438],[125.43957,43.60275],[125.44654,43.59724],[125.45295,43.56136],[125.4511,43.54049],[125.44122,43.52949],[125.4528,43.51991],[125.45243,43.49798],[125.48918,43.47051],[125.4824,43.45354],[125.49497,43.45138],[125.50878,43.43402],[125.48888,43.41939],[125.51,43.40683],[125.57599,43.40368],[125.5771,43.37987],[125.54196,43.36516],[125.53664,43.35566],[125.59039,43.31195],[125.6079,43.30918],[125.62292,43.29426],[125.67237,43.27572],[125.6918,43.26027],[125.64147,43.22021],[125.64164,43.2089],[125.67202,43.18194],[125.68412,43.15006],[125.69419,43.14658],[125.70601,43.12193],[125.74885,43.12839],[125.76995,43.10098],[125.7834,43.09597],[125.744,43.08077],[125.7252,43.0881],[125.72224,43.08209],[125.73288,43.07244],[125.72884,43.0637],[125.69717,43.05358],[125.67393,43.05772],[125.654,43.07546],[125.65523,43.05582],[125.63028,43.06823],[125.58025,43.06846],[125.54643,43.09268],[125.48814,43.09863],[125.47322,43.16059],[125.48589,43.18335],[125.44272,43.22097],[125.41658,43.23109],[125.39808,43.21742],[125.36823,43.22207],[125.36044,43.21398],[125.36826,43.19744],[125.3506,43.15819],[125.36312,43.14732],[125.39356,43.14558],[125.3977,43.13798],[125.37719,43.10315],[125.2629,43.1557],[125.19236,43.22709],[125.05621,43.2105],[125.03494,43.21853],[125.00522,43.19616],[124.96799,43.19217],[124.95947,43.18635],[124.96266,43.17427],[124.88543,43.13064],[124.83492,43.1591],[124.85296,43.1727],[124.8322,43.193],[124.83526,43.2308],[124.86977,43.28668],[124.92045,43.31379],[124.90047,43.34863],[124.87887,43.36193],[124.86439,43.39817],[124.86432,43.41578],[124.9046,43.42861],[124.90467,43.45852],[124.89175,43.46833],[124.89129,43.47787],[124.90946,43.49454],[124.98062,43.51579],[125.00008,43.53871],[124.98958,43.54962],[125.00999,43.54932],[125.01091,43.56051],[125.0331,43.58181],[125.19075,43.63311],[125.28372,43.64736],[125.30279,43.60949],[125.28338,43.59691],[125.28897,43.58963],[125.2767,43.5785],[125.278,43.56526],[125.26875,43.55357],[125.28316,43.53489],[125.25605,43.5321],[125.25536,43.51298],[125.26706,43.51207],[125.26215,43.50702],[125.26765,43.49185],[125.23537,43.4778],[125.24333,43.44812],[125.29654,43.44319],[125.29966,43.4513],[125.31176,43.45108],[125.35219,43.4776],[125.37373,43.47106],[125.37894,43.4796],[125.3554,43.51191]]]}},{"type":"Feature","id":"CTAMAP-2018-COUNTY-2461","properties":{"map_level":"county","source_name":"永吉县","source_code":"220221","county_type":"县","prefecture_name":"吉林市","prefecture_code":"220200","prefecture_type":"地级市","parent_entity_id":"CNUR-000052","parent_year_end_name":"吉林市","province_name":"吉林省","province_code":"220000","snapshot_year":2018,"panel_year":2017,"link_status":"parent_linked","former_name":"","note":""},"geometry":{"type":"Polygon","coordinates":[[[126.3598,43.74033],[126.37571,43.72735],[126.37023,43.71915],[126.37632,43.70524],[126.40084,43.68946],[126.41048,43.69239],[126.42775,43.67314],[126.46566,43.68224],[126.47053,43.70803],[126.54719,43.72162],[126.57831,43.71497],[126.58316,43.69696],[126.61653,43.66297],[126.61958,43.64141],[126.59227,43.62705],[126.60322,43.59899],[126.61541,43.59719],[126.60819,43.57543],[126.63016,43.5622],[126.62672,43.53901],[126.63816,43.53262],[126.60379,43.52261],[126.60019,43.503],[126.62944,43.48394],[126.63451,43.46339],[126.64944,43.45892],[126.64433,43.43411],[126.65581,43.4188],[126.6494,43.40974],[126.6086,43.39853],[126.61106,43.37885],[126.5942,43.36328],[126.55246,43.35337],[126.5453,43.3435],[126.56097,43.33163],[126.55942,43.31828],[126.52116,43.31076],[126.51848,43.32241],[126.49218,43.33319],[126.48255,43.34622],[126.46914,43.33718],[126.43544,43.34771],[126.43624,43.3608],[126.42309,43.37327],[126.43315,43.38582],[126.40681,43.40638],[126.39648,43.39247],[126.34885,43.37928],[126.34939,43.35869],[126.33757,43.34928],[126.25778,43.37912],[126.25539,43.38925],[126.23262,43.39552],[126.24139,43.40459],[126.23494,43.40692],[126.18135,43.4136],[126.18625,43.40726],[126.16524,43.38945],[126.12949,43.40679],[126.13222,43.41503],[126.12352,43.42634],[126.13166,43.44883],[126.12055,43.45366],[126.08597,43.45151],[126.08007,43.4397],[126.06924,43.43756],[126.05967,43.44487],[126.04431,43.43821],[126.03874,43.44998],[126.0286,43.4505],[125.97018,43.41147],[125.94503,43.40754],[125.93128,43.43093],[125.90634,43.44453],[125.90866,43.44929],[125.8795,43.45601],[125.86327,43.48886],[125.85255,43.49296],[125.86739,43.52332],[125.84861,43.53475],[125.87548,43.56697],[125.88625,43.59898],[125.88005,43.6164],[125.88374,43.64333],[125.86169,43.6788],[125.86589,43.68709],[125.84326,43.69561],[125.82287,43.74879],[125.80456,43.76565],[125.81488,43.77299],[125.7972,43.7882],[125.80334,43.82193],[125.7956,43.82479],[125.80426,43.82861],[125.81712,43.8617],[125.85439,43.8585],[125.85892,43.85159],[125.88398,43.86207],[125.89388,43.85164],[125.91416,43.8591],[125.95506,43.8468],[125.97818,43.85447],[125.98357,43.87294],[126.02779,43.8795],[126.08191,43.86138],[126.10276,43.88665],[126.11938,43.87584],[126.10851,43.86929],[126.13373,43.86447],[126.13432,43.85527],[126.11884,43.84449],[126.12746,43.81747],[126.16053,43.82117],[126.1589,43.80095],[126.20597,43.77681],[126.19902,43.76902],[126.17274,43.76899],[126.17773,43.75783],[126.20085,43.73929],[126.21116,43.7447],[126.22659,43.74022],[126.22443,43.71666],[126.24542,43.70304],[126.26152,43.71403],[126.28122,43.71499],[126.28732,43.72428],[126.29764,43.72232],[126.31802,43.74348],[126.34564,43.73381],[126.3598,43.74033]]]}},{"type":"Feature","id":"CTAMAP-2018-COUNTY-2503","properties":{"map_level":"county","source_name":"榆树市","source_code":"220182","county_type":"县级市","prefecture_name":"长春市","prefecture_code":"220100","prefecture_type":"地级市","parent_entity_id":"CNUR-000051","parent_year_end_name":"长春市","province_name":"吉林省","province_code":"220000","snapshot_year":2018,"panel_year":2017,"link_status":"parent_linked","former_name":"","note":""},"geometry":{"type":"MultiPolygon","coordinates":[[[[127.04286,44.56442],[127.02201,44.56193],[126.978,44.53401],[126.93159,44.52052],[126.90517,44.52254],[126.87452,44.51015],[126.85773,44.51976],[126.85061,44.53462],[126.80494,44.52923],[126.79041,44.52051],[126.72207,44.51656],[126.72554,44.53255],[126.70337,44.53531],[126.70403,44.52903],[126.67787,44.54237],[126.63858,44.54281],[126.63514,44.55174],[126.64099,44.55554],[126.62602,44.5579],[126.62939,44.56764],[126.6209,44.57338],[126.60349,44.57161],[126.61504,44.55601],[126.58671,44.56829],[126.5536,44.56586],[126.54888,44.56116],[126.55471,44.55473],[126.5407,44.54371],[126.50646,44.53689],[126.45816,44.54401],[126.44835,44.55422],[126.43499,44.54256],[126.43594,44.53219],[126.40772,44.52381],[126.40291,44.54999],[126.36393,44.57582],[126.33948,44.57764],[126.35264,44.59616],[126.33531,44.60409],[126.32422,44.62135],[126.33365,44.63892],[126.29366,44.66082],[126.28829,44.67438],[126.27159,44.67811],[126.26639,44.68846],[126.27786,44.69537],[126.23974,44.69113],[126.2207,44.70559],[126.16657,44.71886],[126.15237,44.73662],[126.16093,44.75769],[126.12965,44.77088],[126.08835,44.76136],[126.07382,44.77506],[126.0444,44.77237],[126.04626,44.78411],[126.00997,44.78249],[126.04124,44.79058],[126.03135,44.80257],[126.0419,44.8124],[126.04328,44.82441],[126.03696,44.82756],[126.04953,44.84563],[126.03186,44.84621],[126.03525,44.86096],[126.04405,44.85993],[126.05425,44.87343],[126.05445,44.90061],[126.0921,44.89138],[126.10166,44.92202],[126.14111,44.92467],[126.13934,44.89969],[126.15779,44.89986],[126.16101,44.91013],[126.17795,44.90659],[126.18616,44.91414],[126.18073,44.93105],[126.14903,44.95064],[126.1376,44.97097],[126.13875,44.97986],[126.18594,45.00066],[126.16698,45.046],[126.17604,45.07741],[126.16693,45.08767],[126.18919,45.10253],[126.17733,45.12138],[126.16912,45.12145],[126.16434,45.1389],[126.19624,45.15117],[126.20751,45.14245],[126.22394,45.14529],[126.22924,45.13771],[126.24417,45.14103],[126.23918,45.14759],[126.25625,45.14898],[126.25816,45.16658],[126.28577,45.1629],[126.27415,45.17038],[126.28772,45.17537],[126.2834,45.18823],[126.29569,45.18841],[126.29835,45.17558],[126.3167,45.17666],[126.33268,45.19071],[126.35229,45.18358],[126.35786,45.19445],[126.4128,45.23036],[126.43124,45.22068],[126.51142,45.24488],[126.53867,45.23715],[126.54958,45.24755],[126.57472,45.24924],[126.58951,45.24414],[126.58527,45.23143],[126.59781,45.23962],[126.64096,45.22122],[126.63721,45.21067],[126.655,45.20343],[126.6563,45.1938],[126.68302,45.18451],[126.72354,45.18618],[126.72846,45.17429],[126.75705,45.17448],[126.78014,45.15732],[126.78723,45.13266],[126.80959,45.13528],[126.82003,45.14553],[126.83106,45.1301],[126.85092,45.14086],[126.95523,45.13594],[126.95006,45.11987],[126.97418,45.10546],[126.96087,45.08283],[126.96263,45.07188],[126.99206,45.05476],[127.00773,45.02582],[127.04349,45.00415],[127.03157,44.99005],[127.05131,44.98842],[127.0731,44.96264],[127.06851,44.95575],[127.0867,44.94561],[127.07819,44.94084],[127.07816,44.91352],[127.06797,44.91689],[127.06619,44.90432],[127.03624,44.90397],[127.00178,44.88472],[126.99637,44.85413],[126.97823,44.82294],[126.99145,44.76287],[127.03402,44.71459],[127.02352,44.67377],[127.03835,44.64871],[127.03593,44.61057],[127.02096,44.59869],[127.03528,44.588],[127.04286,44.56442]]],[[[126.20536,44.70729],[126.21559,44.70513],[126.21565,44.70254],[126.21781,44.70015],[126.21576,44.70585],[126.22988,44.69426],[126.23792,44.69095],[126.24655,44.69023],[126.24757,44.68869],[126.21713,44.68355],[126.21633,44.69271],[126.21863,44.6904],[126.22043,44.6916],[126.22303,44.69541],[126.22555,44.69728],[126.21574,44.69294],[126.20536,44.70729]]]]}},{"type":"Feature","id":"CTAMAP-2018-COUNTY-2603","properties":{"map_level":"county","source_name":"长白朝鲜族自治县","source_code":"220623","county_type":"自治县","prefecture_name":"白山市","prefecture_code":"220600","prefecture_type":"地级市","parent_entity_id":"CNUR-000056","parent_year_end_name":"白山市","province_name":"吉林省","province_code":"220000","snapshot_year":2018,"panel_year":2017,"link_status":"parent_linked","former_name":"","note":""},"geometry":{"type":"Polygon","coordinates":[[[127.22545,41.52153],[127.22551,41.53721],[127.25339,41.5389],[127.25062,41.54785],[127.26736,41.55042],[127.26247,41.55822],[127.30159,41.59074],[127.32315,41.58802],[127.38993,41.62256],[127.44657,41.62356],[127.4384,41.62914],[127.46248,41.63514],[127.4596,41.64589],[127.49042,41.64297],[127.51068,41.65701],[127.53006,41.65168],[127.54278,41.6614],[127.57739,41.65171],[127.6423,41.67582],[127.74019,41.67039],[127.78702,41.69344],[127.8174,41.69795],[127.85892,41.73904],[127.9008,41.72818],[127.91557,41.74565],[127.93419,41.74478],[127.95528,41.76962],[127.95111,41.77797],[127.97295,41.80007],[128.02563,41.82183],[128.04601,41.81969],[128.06466,41.83926],[128.06711,41.85354],[128.08174,41.8615],[128.05652,41.91004],[128.0843,41.91763],[128.06875,41.96693],[128.10009,41.94434],[128.09908,41.90916],[128.10838,41.89414],[128.09646,41.83824],[128.10447,41.79462],[128.13497,41.77825],[128.1414,41.7478],[128.16096,41.71271],[128.1837,41.70898],[128.21556,41.67943],[128.23653,41.68035],[128.26379,41.66531],[128.26065,41.65829],[128.28417,41.62623],[128.29753,41.62796],[128.2996,41.61596],[128.28692,41.61052],[128.29649,41.60114],[128.31033,41.60158],[128.30433,41.59413],[128.31216,41.58675],[128.31163,41.57153],[128.28584,41.55166],[128.29596,41.5371],[128.28083,41.53423],[128.27761,41.52227],[128.23082,41.49166],[128.23909,41.48462],[128.22792,41.45458],[128.23983,41.44787],[128.21466,41.43842],[128.20197,41.40894],[128.18599,41.41153],[128.1658,41.40277],[128.15462,41.38487],[128.12108,41.37899],[128.10758,41.36063],[128.08387,41.3724],[128.10251,41.38354],[128.0969,41.39666],[128.07907,41.39102],[128.0811,41.37991],[128.07498,41.37677],[128.06583,41.39253],[128.03078,41.39238],[128.04049,41.41399],[128.02983,41.41944],[128.01974,41.40915],[128.01172,41.41206],[128.0131,41.42632],[127.99686,41.42887],[128.00866,41.43552],[128.00824,41.44535],[127.99748,41.44354],[127.97887,41.41482],[127.97574,41.43078],[127.94212,41.43732],[127.94556,41.44761],[127.93592,41.44711],[127.93259,41.4565],[127.92778,41.44365],[127.90537,41.42689],[127.8854,41.43181],[127.88249,41.44502],[127.87432,41.44505],[127.8663,41.41462],[127.87226,41.40749],[127.86443,41.40122],[127.84502,41.42015],[127.8294,41.41713],[127.82749,41.40462],[127.81239,41.41978],[127.79863,41.42182],[127.78736,41.40454],[127.77664,41.42441],[127.76386,41.41915],[127.73758,41.42461],[127.71634,41.41676],[127.68507,41.42185],[127.6681,41.41211],[127.6524,41.42685],[127.64785,41.42015],[127.6602,41.4075],[127.64997,41.40349],[127.62736,41.41309],[127.61287,41.43052],[127.58911,41.42399],[127.55685,41.43146],[127.53934,41.45021],[127.53989,41.47488],[127.52052,41.46505],[127.4935,41.47546],[127.47597,41.46827],[127.4732,41.47998],[127.46581,41.48079],[127.46155,41.46124],[127.42317,41.46216],[127.41031,41.45573],[127.39568,41.4777],[127.38178,41.47986],[127.35511,41.47676],[127.35663,41.46304],[127.34763,41.46033],[127.28951,41.48339],[127.27298,41.47595],[127.25154,41.47887],[127.24788,41.48606],[127.27341,41.49191],[127.28019,41.5077],[127.26098,41.51131],[127.24088,41.49731],[127.22774,41.50693],[127.23485,41.51893],[127.22545,41.52153]]]}},{"type":"Feature","id":"CTAMAP-2018-COUNTY-2609","properties":{"map_level":"county","source_name":"长岭县","source_code":"220722","county_type":"县","prefecture_name":"松原市","prefecture_code":"220700","prefecture_type":"地级市","parent_entity_id":"CNUR-000057","parent_year_end_name":"松原市","province_name":"吉林省","province_code":"220000","snapshot_year":2018,"panel_year":2017,"link_status":"parent_linked","former_name":"","note":""},"geometry":{"type":"Polygon","coordinates":[[[123.4514,44.69483],[123.53594,44.70367],[123.65762,44.59981],[123.67445,44.60041],[123.68274,44.59265],[123.66931,44.58769],[123.71065,44.55422],[123.73042,44.51038],[123.78595,44.48897],[123.94178,44.39067],[124.02709,44.35585],[124.0036,44.34226],[124.09173,44.29715],[124.18744,44.36186],[124.35511,44.45345],[124.45251,44.48883],[124.54113,44.51032],[124.55869,44.50525],[124.58667,44.48944],[124.57491,44.48209],[124.57771,44.47252],[124.6373,44.44667],[124.62817,44.43207],[124.57964,44.42656],[124.56303,44.43434],[124.54476,44.42217],[124.56753,44.39235],[124.59388,44.38776],[124.60321,44.37319],[124.59514,44.37424],[124.59596,44.36876],[124.61881,44.35731],[124.60066,44.33701],[124.61457,44.3222],[124.62183,44.29558],[124.60696,44.28695],[124.61438,44.28132],[124.59419,44.26176],[124.60274,44.21815],[124.62693,44.20138],[124.66336,44.20742],[124.66544,44.19694],[124.69491,44.20516],[124.71094,44.19021],[124.74563,44.20802],[124.7456,44.21835],[124.75532,44.22318],[124.75558,44.20611],[124.71981,44.17975],[124.72974,44.15675],[124.72559,44.14657],[124.66427,44.13677],[124.64928,44.11997],[124.50823,44.11386],[124.49476,44.10668],[124.49965,44.09838],[124.44726,44.06225],[124.43445,44.06129],[124.41926,44.03472],[124.39102,44.03696],[124.39275,44.02488],[124.38261,44.02806],[124.37506,44.02099],[124.37272,44.03076],[124.37206,44.02063],[124.31801,44.00426],[124.30189,43.98872],[124.24743,43.99698],[124.24699,43.98523],[124.23157,43.98285],[124.23182,43.99021],[124.21552,43.98928],[124.21224,43.9977],[124.17972,43.98302],[124.1816,43.98913],[124.15839,43.99536],[124.15112,44.01129],[124.12673,44.00419],[124.0698,44.01892],[124.05589,44.00673],[123.96916,43.99686],[123.85374,43.99849],[123.81238,43.98407],[123.75622,44.00487],[123.76668,44.02121],[123.7537,44.03441],[123.72286,44.04037],[123.6765,44.10806],[123.65732,44.10565],[123.65397,44.09003],[123.63166,44.07627],[123.57357,44.08691],[123.54187,44.07588],[123.4699,44.08015],[123.38441,44.06747],[123.32224,44.0687],[123.32208,44.08162],[123.34056,44.0855],[123.35542,44.13107],[123.3779,44.1394],[123.384,44.16049],[123.31736,44.17761],[123.29383,44.19298],[123.28687,44.21204],[123.28065,44.20968],[123.27091,44.25049],[123.19079,44.34296],[123.16749,44.34311],[123.14243,44.35947],[123.11715,44.36209],[123.12206,44.36473],[123.10819,44.40028],[123.12991,44.40385],[123.13594,44.42615],[123.11826,44.45579],[123.13077,44.45972],[123.11957,44.47487],[123.13135,44.48714],[123.12982,44.50029],[123.11913,44.50714],[123.13394,44.52141],[123.14224,44.55191],[123.18843,44.573],[123.20698,44.57237],[123.21423,44.58857],[123.23882,44.59496],[123.27955,44.6221],[123.2835,44.63389],[123.41618,44.67046],[123.4514,44.69483]]]}},{"type":"Feature","id":"CTAMAP-2018-COUNTY-2646","properties":{"map_level":"county","source_name":"镇赉县","source_code":"220821","county_type":"县","prefecture_name":"白城市","prefecture_code":"220800","prefecture_type":"地级市","parent_entity_id":"CNUR-000058","parent_year_end_name":"白城市","province_name":"吉林省","province_code":"220000","snapshot_year":2018,"panel_year":2017,"link_status":"parent_linked","former_name":"","note":""},"geometry":{"type":"Polygon","coordinates":[[[124.04996,45.88892],[124.06262,45.83804],[124.03302,45.83816],[124.02636,45.83161],[124.03598,45.81208],[124.05971,45.797],[123.99361,45.77127],[124.01181,45.74619],[124.04875,45.75005],[124.07549,45.73419],[124.03393,45.71162],[124.00556,45.72107],[123.933,45.72541],[123.87457,45.70684],[123.84991,45.70682],[123.83265,45.71147],[123.81014,45.73461],[123.7663,45.73512],[123.76336,45.72547],[123.75355,45.73919],[123.70605,45.73304],[123.69411,45.71476],[123.69204,45.72404],[123.64772,45.72127],[123.61947,45.73202],[123.62197,45.73726],[123.60967,45.74502],[123.56788,45.74462],[123.55375,45.75862],[123.51147,45.75755],[123.4661,45.74756],[123.45277,45.72646],[123.39694,45.70018],[123.35689,45.70219],[123.34876,45.69196],[123.3266,45.69013],[123.31395,45.66941],[123.32294,45.66124],[123.30802,45.65583],[123.29918,45.63032],[123.25607,45.60746],[123.25088,45.61669],[123.25702,45.61785],[123.24496,45.62467],[123.22794,45.6215],[123.21051,45.63113],[123.22047,45.64541],[123.20662,45.65571],[123.21141,45.66146],[123.14907,45.66812],[123.12672,45.67878],[123.00596,45.65697],[122.97347,45.67793],[122.95078,45.71223],[122.99953,45.73725],[122.91488,45.83929],[122.888,45.85817],[122.81436,45.88574],[122.82239,45.91141],[122.78712,46.07132],[123.03934,46.09803],[123.06341,46.12154],[123.10566,46.12799],[123.09636,46.16999],[123.12118,46.17267],[123.12186,46.20845],[123.138,46.22747],[123.21679,46.26864],[123.24167,46.27149],[123.24714,46.26349],[123.2726,46.26141],[123.28051,46.24829],[123.31404,46.25263],[123.32937,46.24212],[123.34151,46.24388],[123.34911,46.22614],[123.3668,46.22094],[123.38258,46.22799],[123.38749,46.24261],[123.42431,46.24208],[123.44626,46.23039],[123.49279,46.25768],[123.5379,46.23332],[123.5561,46.23421],[123.5634,46.22189],[123.59032,46.23236],[123.59861,46.25011],[123.77056,46.26173],[123.84333,46.30063],[123.89369,46.30215],[123.90317,46.2975],[123.8964,46.28989],[123.90151,46.27591],[123.89019,46.26462],[123.90049,46.25636],[123.9127,46.2542],[123.9297,46.2854],[123.95382,46.28866],[123.96282,46.2757],[123.94604,46.25031],[123.94956,46.23989],[123.97663,46.22288],[123.9508,46.20997],[123.95076,46.20096],[123.97011,46.18181],[123.96657,46.16095],[124.00275,46.16172],[123.98367,46.13774],[124.01072,46.11744],[123.98545,46.09726],[124.01054,46.08599],[124.01179,46.07488],[123.9966,46.06005],[124.02429,46.04689],[124.03121,46.0338],[124.0295,46.01515],[123.98268,46.01595],[123.9857,46.00332],[124.01551,45.98803],[124.00029,45.97804],[123.9725,45.97797],[123.95769,45.95864],[123.95971,45.93983],[123.99673,45.90205],[124.04996,45.88892]]]}},{"type":"Feature","id":"CTAMAP-2018-COUNTY-2747","properties":{"map_level":"county","source_name":"铁西区","source_code":"220302","county_type":"市辖区","prefecture_name":"四平市","prefecture_code":"220300","prefecture_type":"地级市","parent_entity_id":"CNUR-000053","parent_year_end_name":"四平市","province_name":"吉林省","province_code":"220000","snapshot_year":2018,"panel_year":2017,"link_status":"parent_linked","former_name":"","note":""},"geometry":{"type":"Polygon","coordinates":[[[124.75714,43.35926],[124.76996,43.32356],[124.75507,43.27711],[124.79559,43.23743],[124.77136,43.22935],[124.77924,43.21453],[124.74937,43.20245],[124.72512,43.20272],[124.68551,43.17148],[124.64783,43.16839],[124.61528,43.14058],[124.60388,43.14363],[124.59019,43.16181],[124.47717,43.20438],[124.45864,43.2204],[124.42089,43.20979],[124.40728,43.19537],[124.38703,43.19693],[124.3477,43.12188],[124.26774,43.17629],[124.2802,43.20577],[124.2774,43.22741],[124.2604,43.22825],[124.25004,43.23796],[124.25212,43.24423],[124.26491,43.24134],[124.27685,43.27162],[124.29726,43.28071],[124.32405,43.2747],[124.33629,43.25875],[124.35822,43.26414],[124.37281,43.24858],[124.40102,43.28119],[124.42734,43.2741],[124.42433,43.27978],[124.43276,43.27175],[124.44243,43.27381],[124.44695,43.27989],[124.43991,43.28314],[124.44881,43.29211],[124.47264,43.29029],[124.47403,43.30684],[124.45564,43.32238],[124.4713,43.34073],[124.42845,43.34465],[124.43513,43.35831],[124.42225,43.36693],[124.471,43.3603],[124.4681,43.39156],[124.47706,43.39239],[124.47931,43.40578],[124.48498,43.39869],[124.50089,43.39984],[124.50022,43.40824],[124.51926,43.3976],[124.51933,43.40706],[124.52888,43.40816],[124.52541,43.41582],[124.54632,43.42521],[124.53975,43.43037],[124.54401,43.43685],[124.56107,43.42065],[124.55612,43.41387],[124.57832,43.41535],[124.58968,43.38968],[124.60688,43.40606],[124.61187,43.40147],[124.60446,43.39578],[124.61949,43.3785],[124.64223,43.37896],[124.65201,43.35197],[124.64574,43.34073],[124.6655,43.34688],[124.67213,43.3171],[124.70571,43.32647],[124.75714,43.35926]]]}},{"type":"Feature","id":"CTAMAP-2018-COUNTY-2751","properties":{"map_level":"county","source_name":"铁东区","source_code":"220303","county_type":"市辖区","prefecture_name":"四平市","prefecture_code":"220300","prefecture_type":"地级市","parent_entity_id":"CNUR-000053","parent_year_end_name":"四平市","province_name":"吉林省","province_code":"220000","snapshot_year":2018,"panel_year":2017,"link_status":"parent_linked","former_name":"","note":""},"geometry":{"type":"Polygon","coordinates":[[[124.7781,43.21426],[124.77917,43.19803],[124.88543,43.13064],[124.85224,43.11672],[124.83592,43.12467],[124.80165,43.11449],[124.7927,43.1203],[124.78024,43.11499],[124.77774,43.10113],[124.75249,43.08385],[124.74353,43.06753],[124.7125,43.06757],[124.68495,43.05219],[124.6694,43.0291],[124.67175,43.00006],[124.65451,42.98131],[124.65458,42.97164],[124.62949,42.9708],[124.63305,42.95276],[124.59792,42.93194],[124.59804,42.92154],[124.58036,42.9029],[124.53775,42.88364],[124.53319,42.86494],[124.50785,42.87082],[124.49381,42.85651],[124.46902,42.85282],[124.46092,42.83922],[124.46664,42.82558],[124.45957,42.82012],[124.44556,42.8236],[124.44853,42.85],[124.42944,42.87817],[124.41952,42.87167],[124.36304,42.87994],[124.36235,42.90096],[124.42535,42.92808],[124.43613,42.93945],[124.43595,42.95649],[124.41654,42.97329],[124.36477,42.97016],[124.32734,42.99487],[124.41969,43.07356],[124.3477,43.12188],[124.38703,43.19693],[124.40728,43.19537],[124.43521,43.21614],[124.46378,43.21974],[124.47717,43.20438],[124.59019,43.16181],[124.60388,43.14363],[124.61528,43.14058],[124.64783,43.16839],[124.68551,43.17148],[124.72512,43.20272],[124.74937,43.20245],[124.7781,43.21426]]]}},{"type":"Feature","id":"CTAMAP-2018-COUNTY-2753","properties":{"map_level":"county","source_name":"西安区","source_code":"220403","county_type":"市辖区","prefecture_name":"辽源市","prefecture_code":"220400","prefecture_type":"地级市","parent_entity_id":"CNUR-000054","parent_year_end_name":"辽源市","province_name":"吉林省","province_code":"220000","snapshot_year":2018,"panel_year":2017,"link_status":"parent_linked","former_name":"","note":""},"geometry":{"type":"Polygon","coordinates":[[[125.24299,43.02652],[125.18863,42.99619],[125.18003,42.98095],[125.18768,42.96945],[125.16372,42.93444],[125.16419,42.91625],[125.14217,42.91427],[125.13886,42.90746],[125.11856,42.91656],[125.09556,42.9113],[125.05266,42.92317],[125.06564,42.93967],[125.05212,42.96945],[125.00819,42.96109],[124.99441,42.98753],[125.00472,43.02112],[125.02984,43.00759],[125.05924,43.00741],[125.10733,43.03968],[125.15309,43.03762],[125.14866,43.05992],[125.15465,43.06702],[125.16657,43.06698],[125.18122,43.05333],[125.20489,43.05491],[125.21337,43.04331],[125.24275,43.03492],[125.24299,43.02652]]]}},{"type":"Feature","id":"CTAMAP-2018-COUNTY-2787","properties":{"map_level":"county","source_name":"朝阳区","source_code":"220104","county_type":"市辖区","prefecture_name":"长春市","prefecture_code":"220100","prefecture_type":"地级市","parent_entity_id":"CNUR-000051","parent_year_end_name":"长春市","province_name":"吉林省","province_code":"220000","snapshot_year":2018,"panel_year":2017,"link_status":"parent_linked","former_name":"","note":""},"geometry":{"type":"Polygon","coordinates":[[[125.318,43.89335],[125.31947,43.83062],[125.26276,43.80873],[125.26858,43.78691],[125.25092,43.78506],[125.24714,43.76931],[125.25841,43.74884],[125.31497,43.76404],[125.34786,43.75032],[125.3439,43.70613],[125.32015,43.68337],[125.32997,43.67481],[125.32019,43.6685],[125.32587,43.64827],[125.31951,43.64172],[125.32749,43.63402],[125.31406,43.62856],[125.32623,43.61251],[125.29955,43.5156],[125.32103,43.52329],[125.32057,43.53301],[125.33362,43.53144],[125.37176,43.4951],[125.37885,43.47728],[125.37154,43.47034],[125.35219,43.4776],[125.31176,43.45108],[125.29966,43.4513],[125.29654,43.44319],[125.28419,43.44762],[125.26826,43.44145],[125.24333,43.44812],[125.23389,43.47335],[125.24272,43.4853],[125.26765,43.49185],[125.26215,43.50702],[125.26706,43.51207],[125.25536,43.51298],[125.25605,43.5321],[125.28316,43.53489],[125.26875,43.55357],[125.278,43.56526],[125.2767,43.5785],[125.28897,43.58963],[125.28338,43.59691],[125.30279,43.60949],[125.28372,43.64736],[125.31188,43.65472],[125.28877,43.66993],[125.28945,43.68712],[125.30191,43.68868],[125.24494,43.71757],[125.23472,43.71426],[125.21032,43.72414],[125.19955,43.74068],[125.14432,43.7613],[125.1156,43.80174],[125.08931,43.82317],[125.10179,43.84034],[125.13721,43.82319],[125.15357,43.77943],[125.25676,43.85148],[125.29406,43.89301],[125.318,43.89335]]]}},{"type":"Feature","id":"CTAMAP-2018-COUNTY-2848","properties":{"map_level":"county","source_name":"珲春市","source_code":"222404","county_type":"县级市","prefecture_name":"延边朝鲜族自治州","prefecture_code":"222400","prefecture_type":"自治州","parent_entity_id":"CNUR-000059","parent_year_end_name":"延边朝鲜族自治州","province_name":"吉林省","province_code":"220000","snapshot_year":2018,"panel_year":2017,"link_status":"parent_linked","former_name":"","note":""},"geometry":{"type":"MultiPolygon","coordinates":[[[[130.22643,42.78843],[130.25613,42.8409],[130.24888,42.85522],[130.26511,42.86907],[130.27053,42.88468],[130.26601,42.88978],[130.26608,42.87638],[130.25841,42.88514],[130.26113,42.90406],[130.21695,42.9031],[130.16881,42.91375],[130.13774,42.90215],[130.10449,42.91436],[130.10325,42.92731],[130.13265,42.93374],[130.11504,42.95373],[130.1451,42.97052],[130.14533,42.9777],[130.10839,42.98821],[130.08472,42.98114],[130.07851,43.00336],[130.0854,43.02672],[130.07245,43.03345],[130.06587,43.05352],[130.07354,43.06138],[130.08778,43.05998],[130.08628,43.07429],[130.09808,43.08302],[130.12916,43.08927],[130.14104,43.11605],[130.13439,43.12682],[130.14002,43.15579],[130.20742,43.2129],[130.25492,43.23446],[130.29084,43.2317],[130.3186,43.25638],[130.34145,43.24926],[130.35283,43.26811],[130.37847,43.2587],[130.41802,43.26683],[130.42667,43.24214],[130.43906,43.24056],[130.44711,43.22742],[130.47781,43.22389],[130.48397,43.20892],[130.55885,43.1978],[130.61656,43.17561],[130.63886,43.18306],[130.65464,43.17968],[130.66436,43.19725],[130.68932,43.2065],[130.68287,43.23786],[130.69781,43.27571],[130.72391,43.29702],[130.70896,43.31823],[130.71629,43.32716],[130.70822,43.35136],[130.6728,43.37169],[130.68685,43.39748],[130.70372,43.40149],[130.72427,43.42706],[130.77339,43.4148],[130.79876,43.42036],[130.82058,43.40963],[130.82347,43.39883],[130.84862,43.40518],[130.85403,43.41773],[130.90003,43.43155],[130.92323,43.46144],[130.95303,43.48358],[130.97844,43.49112],[130.99286,43.50531],[131.019,43.50604],[131.06087,43.47985],[131.08286,43.45625],[131.11315,43.44501],[131.11818,43.43076],[131.13488,43.423],[131.17013,43.44277],[131.19349,43.43948],[131.1972,43.45187],[131.22347,43.4562],[131.22835,43.47317],[131.28499,43.4667],[131.28132,43.47388],[131.29888,43.47696],[131.29106,43.49458],[131.29691,43.49957],[131.30818,43.49352],[131.30718,43.46849],[131.29121,43.4367],[131.3046,43.4101],[131.3038,43.3947],[131.27221,43.37871],[131.26541,43.36731],[131.25741,43.29412],[131.24641,43.26553],[131.20362,43.23633],[131.19162,43.21573],[131.21318,43.18328],[131.20582,43.13595],[131.16043,43.09816],[131.16283,43.06896],[131.11204,43.06316],[131.11318,43.04799],[131.08824,43.02217],[131.11444,42.96698],[131.14523,42.96098],[131.13663,42.93538],[131.09844,42.91239],[131.02605,42.92559],[131.01085,42.90359],[131.03267,42.86375],[131.00724,42.85727],[130.9706,42.85702],[130.93047,42.8726],[130.88584,42.85178],[130.82726,42.87995],[130.78887,42.87147],[130.76719,42.83433],[130.73802,42.83807],[130.71462,42.82931],[130.70412,42.84106],[130.67262,42.84609],[130.59119,42.81015],[130.55754,42.81215],[130.5209,42.78173],[130.45533,42.76354],[130.41719,42.72839],[130.39685,42.7244],[130.41495,42.7072],[130.44038,42.70072],[130.45608,42.68352],[130.52663,42.69748],[130.56477,42.68402],[130.5887,42.66333],[130.61463,42.62494],[130.62759,42.58854],[130.61092,42.54937],[130.58373,42.55703],[130.56367,42.55216],[130.57128,42.52984],[130.56793,42.49969],[130.59708,42.48684],[130.59715,42.4423],[130.63235,42.42774],[130.63904,42.41998],[130.60806,42.43347],[130.57989,42.431],[130.5698,42.43712],[130.58453,42.48258],[130.55623,42.49071],[130.54935,42.50205],[130.55113,42.52374],[130.52759,42.54254],[130.52618,42.56695],[130.51145,42.58072],[130.52389,42.60011],[130.52038,42.61293],[130.51274,42.61849],[130.50464,42.62187],[130.49685,42.62312],[130.48252,42.62097],[130.47233,42.61662],[130.45789,42.59465],[130.47754,42.56226],[130.46235,42.54944],[130.43722,42.55176],[130.41527,42.57203],[130.43803,42.60305],[130.41615,42.61525],[130.39659,42.60143],[130.37711,42.60045],[130.37583,42.61806],[130.3485,42.64144],[130.31969,42.65256],[130.28917,42.70118],[130.25128,42.70684],[130.24912,42.72649],[130.23938,42.73208],[130.24489,42.76969],[130.22643,42.78843]]],[[[130.24012,42.82556],[130.24305,42.83736],[130.24231,42.84778],[130.24744,42.84003],[130.24012,42.82556]]],[[[130.56554,42.45006],[130.56385,42.45858],[130.57066,42.46695],[130.57034,42.4606],[130.56554,42.45006]]],[[[130.24032,42.81331],[130.23787,42.82145],[130.24395,42.82513],[130.24032,42.81331]]],[[[130.49202,42.62203],[130.5044,42.62146],[130.5054,42.62047],[130.49718,42.61943],[130.49202,42.62203]]],[[[130.26459,42.87023],[130.26257,42.86763],[130.26237,42.86768],[130.26459,42.87023]]]]}}]}