event_id,year,section,event_type,prefecture_names,prefecture_entity_ids,county_names,old_county_units,new_county_units,change_description,county_unit_types,scope,description,source_title,source_url,revision_id,review_status,source_id,source_type,source_locator,source_confidence
RMRB-COUNTY-1983-10-28-001,1983,河北省 / 1983-01—1983-09,jurisdiction_transfer,唐山市,CNUR-000004,滦县、乐亭十县,滦县、乐亭十县,唐山市,撤销唐山地区。将丰润、丰南、滦县、滦南、玉田、遵化、迁西、迁安、唐海、乐亭十县划归唐山市管辖,县,county_level,河北省：撤销唐山地区。将丰润、丰南、滦县、滦南、玉田、遵化、迁西、迁安、唐海、乐亭十县划归唐山市管辖,今年1至3季度全国县级以上行政区划变动情况,https://cn.govopendata.com/renminribao/1983/10/28/4/,,source_text_parsed_review_required,SRC-RMRB-1983-10-28,people_daily_summary,人民日报 1983-10-28 第4版,primary_text
RMRB-COUNTY-1983-10-28-002,1983,河北省 / 1983-01—1983-09,jurisdiction_transfer,承德地区、秦皇岛市,CNUR-000005、CNUR-000355,卢龙三县、青龙县,卢龙三县、青龙县,秦皇岛市,秦皇岛市改由省直接领导，将唐山地区的抚宁、昌黎、卢龙三县和承德地区的青龙县划归秦皇岛市管辖,县,county_level,河北省：秦皇岛市改由省直接领导，将唐山地区的抚宁、昌黎、卢龙三县和承德地区的青龙县划归秦皇岛市管辖,今年1至3季度全国县级以上行政区划变动情况,https://cn.govopendata.com/renminribao/1983/10/28/4/,,source_text_parsed_review_required,SRC-RMRB-1983-10-28,people_daily_summary,人民日报 1983-10-28 第4版,primary_text
RMRB-COUNTY-1983-10-28-003,1983,河北省 / 1983-01—1983-09,merge,廊坊市,CNUR-000012,安次县,安次县,,撤销安次县，将安次县的行政区域并入廊坊市,县,county_level,河北省：撤销安次县，将安次县的行政区域并入廊坊市,今年1至3季度全国县级以上行政区划变动情况,https://cn.govopendata.com/renminribao/1983/10/28/4/,,source_text_parsed_review_required,SRC-RMRB-1983-10-28,people_daily_summary,人民日报 1983-10-28 第4版,primary_text
RMRB-COUNTY-1983-10-28-004,1983,河北省 / 1983-01—1983-09,merge,衡水市,CNUR-000013,衡水县,衡水县,,撤销衡水县，将衡水县的行政区域并入衡水市,县,county_level,河北省：撤销衡水县，将衡水县的行政区域并入衡水市,今年1至3季度全国县级以上行政区划变动情况,https://cn.govopendata.com/renminribao/1983/10/28/4/,,source_text_parsed_review_required,SRC-RMRB-1983-10-28,people_daily_summary,人民日报 1983-10-28 第4版,primary_text
RMRB-COUNTY-1983-10-28-005,1983,河北省 / 1983-01—1983-09,merge,,,交河县,交河县,,撤销交河县，将交河县的行政区域并入泊头市,县,county_level,河北省：撤销交河县，将交河县的行政区域并入泊头市,今年1至3季度全国县级以上行政区划变动情况,https://cn.govopendata.com/renminribao/1983/10/28/4/,,source_text_parsed_review_required,SRC-RMRB-1983-10-28,people_daily_summary,人民日报 1983-10-28 第4版,primary_text
RMRB-COUNTY-1983-10-28-006,1983,山西省 / 1983-01—1983-09,jurisdiction_transfer,长治市,CNUR-000017,潞城二县,潞城二县,长治市,将晋东南地区的长治、潞城二县划归长治市管辖,县,county_level,山西省：将晋东南地区的长治、潞城二县划归长治市管辖,今年1至3季度全国县级以上行政区划变动情况,https://cn.govopendata.com/renminribao/1983/10/28/4/,,source_text_parsed_review_required,SRC-RMRB-1983-10-28,people_daily_summary,人民日报 1983-10-28 第4版,primary_text
RMRB-COUNTY-1983-10-28-007,1983,山西省 / 1983-01—1983-09,jurisdiction_transfer,晋中地区、阳泉市,CNUR-000016、CNUR-000020,盂县、二县,盂县、二县,阳泉市,将晋中地区的平定、盂县二县划归阳泉市管辖,县,county_level,山西省：将晋中地区的平定、盂县二县划归阳泉市管辖,今年1至3季度全国县级以上行政区划变动情况,https://cn.govopendata.com/renminribao/1983/10/28/4/,,source_text_parsed_review_required,SRC-RMRB-1983-10-28,people_daily_summary,人民日报 1983-10-28 第4版,primary_text
RMRB-COUNTY-1983-10-28-008,1983,山西省 / 1983-01—1983-09,merge,,,榆次县,榆次县,,撤销榆次县，将榆次县的行政区域并入榆次市,县,county_level,山西省：撤销榆次县，将榆次县的行政区域并入榆次市,今年1至3季度全国县级以上行政区划变动情况,https://cn.govopendata.com/renminribao/1983/10/28/4/,,source_text_parsed_review_required,SRC-RMRB-1983-10-28,people_daily_summary,人民日报 1983-10-28 第4版,primary_text
RMRB-COUNTY-1983-10-28-009,1983,山西省 / 1983-01—1983-09,merge,临汾市,CNUR-000023,临汾县,临汾县,,撤销临汾县，将临汾县的行政区域并入临汾市,县,county_level,山西省：撤销临汾县，将临汾县的行政区域并入临汾市,今年1至3季度全国县级以上行政区划变动情况,https://cn.govopendata.com/renminribao/1983/10/28/4/,,source_text_parsed_review_required,SRC-RMRB-1983-10-28,people_daily_summary,人民日报 1983-10-28 第4版,primary_text
RMRB-COUNTY-1983-10-28-010,1983,山西省 / 1983-01—1983-09,split,运城市,CNUR-000021,运城县,运城县,运城市,撤销运城县，设立运城市，为省辖（县级）市,县,county_level,山西省：撤销运城县，设立运城市，为省辖（县级）市,今年1至3季度全国县级以上行政区划变动情况,https://cn.govopendata.com/renminribao/1983/10/28/4/,,source_text_parsed_review_required,SRC-RMRB-1983-10-28,people_daily_summary,人民日报 1983-10-28 第4版,primary_text
RMRB-COUNTY-1983-10-28-011,1983,山西省 / 1983-01—1983-09,split,晋城市,CNUR-000018,晋城县,晋城县,晋城市,撤销晋城县，设立晋城市，为省辖（县级）市,县,county_level,山西省：撤销晋城县，设立晋城市，为省辖（县级）市,今年1至3季度全国县级以上行政区划变动情况,https://cn.govopendata.com/renminribao/1983/10/28/4/,,source_text_parsed_review_required,SRC-RMRB-1983-10-28,people_daily_summary,人民日报 1983-10-28 第4版,primary_text
RMRB-COUNTY-1983-10-28-012,1983,山西省 / 1983-01—1983-09,split,忻州市,CNUR-000022,忻县,忻县,忻州市,撤销忻县，设立忻州市，为省辖（县级）市,县,county_level,山西省：撤销忻县，设立忻州市，为省辖（县级）市,今年1至3季度全国县级以上行政区划变动情况,https://cn.govopendata.com/renminribao/1983/10/28/4/,,source_text_parsed_review_required,SRC-RMRB-1983-10-28,people_daily_summary,人民日报 1983-10-28 第4版,primary_text
RMRB-COUNTY-1983-10-28-013,1983,山西省 / 1983-01—1983-09,rename,忻州地区,CNUR-000022,忻县,忻县,,忻县地区更名为忻州地区,县,county_level,山西省：忻县地区更名为忻州地区,今年1至3季度全国县级以上行政区划变动情况,https://cn.govopendata.com/renminribao/1983/10/28/4/,,source_text_parsed_review_required,SRC-RMRB-1983-10-28,people_daily_summary,人民日报 1983-10-28 第4版,primary_text
RMRB-COUNTY-1983-10-28-014,1983,吉林省 / 1983-01—1983-09,jurisdiction_transfer,四平市、辽源市,CNUR-000053、CNUR-000054,伊通四县、东丰县,伊通四县,四平市,撤销四平地区。四平市、辽源市改由省直接领导。将怀德、梨树、双辽、伊通四县划归四平市管辖；将东丰县划归辽源市管辖,县,county_level,吉林省：撤销四平地区。四平市、辽源市改由省直接领导。将怀德、梨树、双辽、伊通四县划归四平市管辖；将东丰县划归辽源市管辖,今年1至3季度全国县级以上行政区划变动情况,https://cn.govopendata.com/renminribao/1983/10/28/4/,,source_text_parsed_review_required,SRC-RMRB-1983-10-28,people_daily_summary,人民日报 1983-10-28 第4版,primary_text
RMRB-COUNTY-1983-10-28-015,1983,吉林省 / 1983-01—1983-09,jurisdiction_transfer,长春市,CNUR-000051,双阳五县,双阳五县,长春市,撤销德惠地区。将农安、德惠、榆树、九台、双阳五县划归长春市管辖,县,county_level,吉林省：撤销德惠地区。将农安、德惠、榆树、九台、双阳五县划归长春市管辖,今年1至3季度全国县级以上行政区划变动情况,https://cn.govopendata.com/renminribao/1983/10/28/4/,,source_text_parsed_review_required,SRC-RMRB-1983-10-28,people_daily_summary,人民日报 1983-10-28 第4版,primary_text
RMRB-COUNTY-1983-10-28-016,1983,吉林省 / 1983-01—1983-09,jurisdiction_transfer,吉林市,CNUR-000052,磐石五县,磐石五县,吉林市,撤销永吉地区。将永吉、舒兰、蛟河、桦甸、磐石五县划归吉林市管辖,县,county_level,吉林省：撤销永吉地区。将永吉、舒兰、蛟河、桦甸、磐石五县划归吉林市管辖,今年1至3季度全国县级以上行政区划变动情况,https://cn.govopendata.com/renminribao/1983/10/28/4/,,source_text_parsed_review_required,SRC-RMRB-1983-10-28,people_daily_summary,人民日报 1983-10-28 第4版,primary_text
RMRB-COUNTY-1983-10-28-017,1983,吉林省 / 1983-01—1983-09,rename,,,延吉县、更名为龙井县,延吉县,龙井县,将延吉县更名为龙井县,县,county_level,吉林省：将延吉县更名为龙井县,今年1至3季度全国县级以上行政区划变动情况,https://cn.govopendata.com/renminribao/1983/10/28/4/,,source_text_parsed_review_required,SRC-RMRB-1983-10-28,people_daily_summary,人民日报 1983-10-28 第4版,primary_text
RMRB-COUNTY-1983-10-28-018,1983,黑龙江省 / 1983-01—1983-09,jurisdiction_transfer,牡丹江市、鸡西市,CNUR-000062、CNUR-000069,密山七县、绥芬河市、鸡东县,密山七县,牡丹江市,撤销牡丹江地区。将海林、林口、宁安、穆棱、东宁、虎林、密山七县划归牡丹江市管辖，绥芬河市仍为省辖（县级）市。将鸡东县划归鸡西市管辖,县、市,county_level,黑龙江省：撤销牡丹江地区。将海林、林口、宁安、穆棱、东宁、虎林、密山七县划归牡丹江市管辖，绥芬河市仍为省辖（县级）市。将鸡东县划归鸡西市管辖,今年1至3季度全国县级以上行政区划变动情况,https://cn.govopendata.com/renminribao/1983/10/28/4/,,source_text_parsed_review_required,SRC-RMRB-1983-10-28,people_daily_summary,人民日报 1983-10-28 第4版,primary_text
RMRB-COUNTY-1983-10-28-019,1983,黑龙江省 / 1983-01—1983-09,jurisdiction_transfer,松花江地区、哈尔滨市,CNUR-000060、CNUR-000360,阿城两县,阿城两县,哈尔滨市,将松花江地区的呼兰、阿城两县划归哈尔滨市管辖,县,county_level,黑龙江省：将松花江地区的呼兰、阿城两县划归哈尔滨市管辖,今年1至3季度全国县级以上行政区划变动情况,https://cn.govopendata.com/renminribao/1983/10/28/4/,,source_text_parsed_review_required,SRC-RMRB-1983-10-28,people_daily_summary,人民日报 1983-10-28 第4版,primary_text
RMRB-COUNTY-1983-10-28-020,1983,黑龙江省 / 1983-01—1983-09,merge,黑河市,CNUR-000070,爱辉县,爱辉县,,撤销爱辉县，将爱辉县的行政区域并入黑河市,县,county_level,黑龙江省：撤销爱辉县，将爱辉县的行政区域并入黑河市,今年1至3季度全国县级以上行政区划变动情况,https://cn.govopendata.com/renminribao/1983/10/28/4/,,source_text_parsed_review_required,SRC-RMRB-1983-10-28,people_daily_summary,人民日报 1983-10-28 第4版,primary_text
RMRB-COUNTY-1983-10-28-021,1983,黑龙江省 / 1983-01—1983-09,merge,,,通北县,通北县,,撤销通北县，将通北县的行政区域并入北安市,县,county_level,黑龙江省：撤销通北县，将通北县的行政区域并入北安市,今年1至3季度全国县级以上行政区划变动情况,https://cn.govopendata.com/renminribao/1983/10/28/4/,,source_text_parsed_review_required,SRC-RMRB-1983-10-28,people_daily_summary,人民日报 1983-10-28 第4版,primary_text
RMRB-COUNTY-1983-10-28-022,1983,江苏省 / 1983-01—1983-09,jurisdiction_transfer,无锡市、苏州市,CNUR-000075、CNUR-000078,吴县、沙洲五县、常熟县、常熟市、无锡二县,常熟县,常熟市,撤销苏州地区。将吴县、吴江、昆山、太仓、沙洲五县划归苏州市管辖，撤销常熟县，设立常熟市，为省辖（县级）市。将江阴、无锡二县划归无锡市管辖,县、市,county_level,江苏省：撤销苏州地区。将吴县、吴江、昆山、太仓、沙洲五县划归苏州市管辖，撤销常熟县，设立常熟市，为省辖（县级）市。将江阴、无锡二县划归无锡市管辖,今年1至3季度全国县级以上行政区划变动情况,https://cn.govopendata.com/renminribao/1983/10/28/4/,,source_text_parsed_review_required,SRC-RMRB-1983-10-28,people_daily_summary,人民日报 1983-10-28 第4版,primary_text
RMRB-COUNTY-1983-10-28-023,1983,江苏省 / 1983-01—1983-09,jurisdiction_transfer,南京市、常州市、无锡市、镇江市,CNUR-000074、CNUR-000075、CNUR-000077、CNUR-000084,句容四县、溧水二县、宜兴县、溧阳三县,句容四县,镇江市,撤销镇江地区。镇江市改由省直接领导。将丹徒、丹阳、扬中、句容四县划归镇江市管辖。将高淳、溧水二县划归南京市管辖；将宜兴县划归无锡市管辖；将武进、金坛、溧阳三县划归常州市管辖,县,county_level,江苏省：撤销镇江地区。镇江市改由省直接领导。将丹徒、丹阳、扬中、句容四县划归镇江市管辖。将高淳、溧水二县划归南京市管辖；将宜兴县划归无锡市管辖；将武进、金坛、溧阳三县划归常州市管辖,今年1至3季度全国县级以上行政区划变动情况,https://cn.govopendata.com/renminribao/1983/10/28/4/,,source_text_parsed_review_required,SRC-RMRB-1983-10-28,people_daily_summary,人民日报 1983-10-28 第4版,primary_text
RMRB-COUNTY-1983-10-28-024,1983,江苏省 / 1983-01—1983-09,jurisdiction_transfer,南通市,CNUR-000079,海安六县,海安六县,南通市,撤销南通地区。将南通、海门、启东、如东、如皋、海安六县划归南通市管辖,县,county_level,江苏省：撤销南通地区。将南通、海门、启东、如东、如皋、海安六县划归南通市管辖,今年1至3季度全国县级以上行政区划变动情况,https://cn.govopendata.com/renminribao/1983/10/28/4/,,source_text_parsed_review_required,SRC-RMRB-1983-10-28,people_daily_summary,人民日报 1983-10-28 第4版,primary_text
RMRB-COUNTY-1983-10-28-025,1983,江苏省 / 1983-01—1983-09,jurisdiction_transfer,连云港市、徐州市,CNUR-000076、CNUR-000080,丰县、沛县、邳县、新沂六县、赣榆二县,丰县、沛县、邳县、新沂六县,徐州市,撤销徐州地区。将铜山、丰县、沛县、邳县、睢宁、新沂六县划归徐州市管辖；将东海、赣榆二县划归连云港市管辖,县,county_level,江苏省：撤销徐州地区。将铜山、丰县、沛县、邳县、睢宁、新沂六县划归徐州市管辖；将东海、赣榆二县划归连云港市管辖,今年1至3季度全国县级以上行政区划变动情况,https://cn.govopendata.com/renminribao/1983/10/28/4/,,source_text_parsed_review_required,SRC-RMRB-1983-10-28,people_daily_summary,人民日报 1983-10-28 第4版,primary_text
RMRB-COUNTY-1983-10-28-026,1983,江苏省 / 1983-01—1983-09,jurisdiction_transfer,扬州市、泰州市,CNUR-000083、CNUR-000085,泰县、仪征九县,泰县、仪征九县,扬州市,撤销扬州地区。扬州市改由省直接领导。将江都、邗江、泰县、高邮、靖江、宝应、泰兴、兴化、仪征九县划归扬州市管辖，泰州市仍为省辖（县级）市,县,county_level,江苏省：撤销扬州地区。扬州市改由省直接领导。将江都、邗江、泰县、高邮、靖江、宝应、泰兴、兴化、仪征九县划归扬州市管辖，泰州市仍为省辖（县级）市,今年1至3季度全国县级以上行政区划变动情况,https://cn.govopendata.com/renminribao/1983/10/28/4/,,source_text_parsed_review_required,SRC-RMRB-1983-10-28,people_daily_summary,人民日报 1983-10-28 第4版,primary_text
RMRB-COUNTY-1983-10-28-027,1983,江苏省 / 1983-01—1983-09,jurisdiction_transfer,盐城市,CNUR-000082,盐城县、响水七县,盐城县,盐城市,撤销盐城地区。撤销盐城县，设立盐城市，由省直接领导。将建湖、射阳、阜宁、大丰、滨海、东台、响水七县划归盐城市管辖,县,county_level,江苏省：撤销盐城地区。撤销盐城县，设立盐城市，由省直接领导。将建湖、射阳、阜宁、大丰、滨海、东台、响水七县划归盐城市管辖,今年1至3季度全国县级以上行政区划变动情况,https://cn.govopendata.com/renminribao/1983/10/28/4/,,source_text_parsed_review_required,SRC-RMRB-1983-10-28,people_daily_summary,人民日报 1983-10-28 第4版,primary_text
RMRB-COUNTY-1983-10-28-028,1983,江苏省 / 1983-01—1983-09,jurisdiction_transfer,连云港市、淮阴市,CNUR-000080、CNUR-000081,清江市、更名为淮阴市、金湖十一县、灌云县,金湖十一县,淮阴市,撤销淮阴地区。清江市更名为淮阴市，淮阴市改由省直接领导。将淮阴、沭阳、洪泽、灌南、泗洪、涟水、宿迁、淮安、泗阳、盱眙、金湖十一县划归淮阴市管辖；将灌云县划归连云港市管辖,县、市,county_level,江苏省：撤销淮阴地区。清江市更名为淮阴市，淮阴市改由省直接领导。将淮阴、沭阳、洪泽、灌南、泗洪、涟水、宿迁、淮安、泗阳、盱眙、金湖十一县划归淮阴市管辖；将灌云县划归连云港市管辖,今年1至3季度全国县级以上行政区划变动情况,https://cn.govopendata.com/renminribao/1983/10/28/4/,,source_text_parsed_review_required,SRC-RMRB-1983-10-28,people_daily_summary,人民日报 1983-10-28 第4版,primary_text
RMRB-COUNTY-1983-10-28-029,1983,浙江省 / 1983-01—1983-09,jurisdiction_transfer,宁波市,CNUR-000088,鄞县、象山六县,鄞县、象山六县,宁波市,撤销宁波地区。将鄞县、慈溪、余姚、奉化、宁海、象山六县划归宁波市管辖,县,county_level,浙江省：撤销宁波地区。将鄞县、慈溪、余姚、奉化、宁海、象山六县划归宁波市管辖,今年1至3季度全国县级以上行政区划变动情况,https://cn.govopendata.com/renminribao/1983/10/28/4/,,source_text_parsed_review_required,SRC-RMRB-1983-10-28,people_daily_summary,人民日报 1983-10-28 第4版,primary_text
RMRB-COUNTY-1983-10-28-030,1983,浙江省 / 1983-01—1983-09,jurisdiction_transfer,嘉兴市、湖州市,CNUR-000090、CNUR-000091,桐乡五县、安吉三县,桐乡五县,嘉兴市,撤销嘉兴地区。嘉兴市、湖州市改由省直接领导。将嘉善、平湖、海宁、海盐、桐乡五县划归嘉兴市管辖；将德清、长兴、安吉三县划归湖州市管辖,县,county_level,浙江省：撤销嘉兴地区。嘉兴市、湖州市改由省直接领导。将嘉善、平湖、海宁、海盐、桐乡五县划归嘉兴市管辖；将德清、长兴、安吉三县划归湖州市管辖,今年1至3季度全国县级以上行政区划变动情况,https://cn.govopendata.com/renminribao/1983/10/28/4/,,source_text_parsed_review_required,SRC-RMRB-1983-10-28,people_daily_summary,人民日报 1983-10-28 第4版,primary_text
RMRB-COUNTY-1983-10-28-031,1983,浙江省 / 1983-01—1983-09,jurisdiction_transfer,绍兴市,CNUR-000092,绍兴县、域为绍兴县、嵊县、绍兴五县,嵊县、绍兴五县,绍兴市,撤销绍兴地区。恢复绍兴县，以绍兴市的部分行政区域为绍兴县的行政区域。将上虞、诸暨、嵊县、新昌、绍兴五县划归绍兴市管辖,县,county_level,浙江省：撤销绍兴地区。恢复绍兴县，以绍兴市的部分行政区域为绍兴县的行政区域。将上虞、诸暨、嵊县、新昌、绍兴五县划归绍兴市管辖,今年1至3季度全国县级以上行政区划变动情况,https://cn.govopendata.com/renminribao/1983/10/28/4/,,source_text_parsed_review_required,SRC-RMRB-1983-10-28,people_daily_summary,人民日报 1983-10-28 第4版,primary_text
RMRB-COUNTY-1983-10-28-032,1983,浙江省 / 1983-01—1983-09,county_change,,,磐安县、东阳县、域为磐安县,,,恢复磐安县，以东阳县的部分行政区域为磐安县的行政区域,县,county_level,浙江省：恢复磐安县，以东阳县的部分行政区域为磐安县的行政区域,今年1至3季度全国县级以上行政区划变动情况,https://cn.govopendata.com/renminribao/1983/10/28/4/,,source_text_parsed_review_required,SRC-RMRB-1983-10-28,people_daily_summary,人民日报 1983-10-28 第4版,primary_text
RMRB-COUNTY-1983-10-28-033,1983,浙江省 / 1983-01—1983-09,county_change,衢州市、金华市,CNUR-000093、CNUR-000094,龙游县、域为龙游县,,,恢复龙游县，以衢州市、金华市的部分行政区域为龙游县的行政区域,县,county_level,浙江省：恢复龙游县，以衢州市、金华市的部分行政区域为龙游县的行政区域,今年1至3季度全国县级以上行政区划变动情况,https://cn.govopendata.com/renminribao/1983/10/28/4/,,source_text_parsed_review_required,SRC-RMRB-1983-10-28,people_daily_summary,人民日报 1983-10-28 第4版,primary_text
RMRB-COUNTY-1983-10-28-034,1983,福建省 / 1983-01—1983-09,jurisdiction_transfer,三明市,CNUR-000118,沙县、大田十县,沙县、大田十县,三明市,撤销三明地区。三明市改由省直接领导，将永安、宁化、清流、明溪、建宁、泰宁、将乐、沙县、尤溪、大田十县划归三明市管辖,县,county_level,福建省：撤销三明地区。三明市改由省直接领导，将永安、宁化、清流、明溪、建宁、泰宁、将乐、沙县、尤溪、大田十县划归三明市管辖,今年1至3季度全国县级以上行政区划变动情况,https://cn.govopendata.com/renminribao/1983/10/28/4/,,source_text_parsed_review_required,SRC-RMRB-1983-10-28,people_daily_summary,人民日报 1983-10-28 第4版,primary_text
RMRB-COUNTY-1983-10-28-035,1983,福建省 / 1983-01—1983-09,jurisdiction_transfer,宁德地区、福州市,CNUR-000115、CNUR-000123,平潭五县、罗源二县,平潭五县、罗源二县,福州市,撤销莆田地区。将闽清、永泰、福清、长乐、平潭五县和宁德地区的连江、罗源二县划归福州市管辖,县,county_level,福建省：撤销莆田地区。将闽清、永泰、福清、长乐、平潭五县和宁德地区的连江、罗源二县划归福州市管辖,今年1至3季度全国县级以上行政区划变动情况,https://cn.govopendata.com/renminribao/1983/10/28/4/,,source_text_parsed_review_required,SRC-RMRB-1983-10-28,people_daily_summary,人民日报 1983-10-28 第4版,primary_text
RMRB-COUNTY-1983-10-28-036,1983,福建省 / 1983-01—1983-09,jurisdiction_transfer,莆田市,CNUR-000117,莆田县、域为莆田市、仙游两县,仙游两县,莆田市,设立莆田市，以莆田县的部分行政区域为莆田市的行政区域，莆田市由省直接领导。将原莆田地区的莆田、仙游两县划归莆田市管辖,县、市,county_level,福建省：设立莆田市，以莆田县的部分行政区域为莆田市的行政区域，莆田市由省直接领导。将原莆田地区的莆田、仙游两县划归莆田市管辖,今年1至3季度全国县级以上行政区划变动情况,https://cn.govopendata.com/renminribao/1983/10/28/4/,,source_text_parsed_review_required,SRC-RMRB-1983-10-28,people_daily_summary,人民日报 1983-10-28 第4版,primary_text
RMRB-COUNTY-1983-10-28-037,1983,福建省 / 1983-01—1983-09,split,,,邵武县、邵武市,邵武县,邵武市,撤销邵武县，设立邵武市，为省辖（县级）市,县、市,county_level,福建省：撤销邵武县，设立邵武市，为省辖（县级）市,今年1至3季度全国县级以上行政区划变动情况,https://cn.govopendata.com/renminribao/1983/10/28/4/,,source_text_parsed_review_required,SRC-RMRB-1983-10-28,people_daily_summary,人民日报 1983-10-28 第4版,primary_text
RMRB-COUNTY-1983-10-28-038,1983,山东省 / 1983-01—1983-09,merge,济宁市,CNUR-000142,邹县、微山七县、济宁县、泗水二县,邹县、微山七县,济宁市,撤销济宁地区。济宁市改由省直接领导。将兖州、曲阜、邹县、嘉祥、金乡、鱼台、微山七县划归济宁市管辖。撤销济宁县，将济宁县的行政区域并入济宁市；将汶上、泗水二县划归泰安地区,县,county_level,山东省：撤销济宁地区。济宁市改由省直接领导。将兖州、曲阜、邹县、嘉祥、金乡、鱼台、微山七县划归济宁市管辖。撤销济宁县，将济宁县的行政区域并入济宁市；将汶上、泗水二县划归泰安地区,今年1至3季度全国县级以上行政区划变动情况,https://cn.govopendata.com/renminribao/1983/10/28/4/,,source_text_parsed_review_required,SRC-RMRB-1983-10-28,people_daily_summary,人民日报 1983-10-28 第4版,primary_text
RMRB-COUNTY-1983-10-28-039,1983,山东省 / 1983-01—1983-09,merge,潍坊市,CNUR-000141,寿光九县、潍县,寿光九县,潍坊市,撤销潍坊地区，潍坊市改由省直接领导。将昌邑、昌乐、安丘、高密、诸城、五莲、临朐、益都、寿光九县划归潍坊市管辖。撤销潍县，将潍县的行政区域并入潍坊市,县,county_level,山东省：撤销潍坊地区，潍坊市改由省直接领导。将昌邑、昌乐、安丘、高密、诸城、五莲、临朐、益都、寿光九县划归潍坊市管辖。撤销潍县，将潍县的行政区域并入潍坊市,今年1至3季度全国县级以上行政区划变动情况,https://cn.govopendata.com/renminribao/1983/10/28/4/,,source_text_parsed_review_required,SRC-RMRB-1983-10-28,people_daily_summary,人民日报 1983-10-28 第4版,primary_text
RMRB-COUNTY-1983-10-28-040,1983,山东省 / 1983-01—1983-09,merge,威海市、烟台市,CNUR-000140、CNUR-000144,掖县、黄县、长岛十二县、福山县,掖县、黄县、长岛十二县,烟台市,撤销烟台地区。烟台市改由省直接领导。将荣成、文登、牟平、乳山、海阳、莱阳、掖县、招远、栖霞、黄县、蓬莱、长岛十二县划归烟台市管辖，威海市仍为省辖（县级）市。撤销福山县，将福山县的行政区域并入烟台市,县,county_level,山东省：撤销烟台地区。烟台市改由省直接领导。将荣成、文登、牟平、乳山、海阳、莱阳、掖县、招远、栖霞、黄县、蓬莱、长岛十二县划归烟台市管辖，威海市仍为省辖（县级）市。撤销福山县，将福山县的行政区域并入烟台市,今年1至3季度全国县级以上行政区划变动情况,https://cn.govopendata.com/renminribao/1983/10/28/4/,,source_text_parsed_review_required,SRC-RMRB-1983-10-28,people_daily_summary,人民日报 1983-10-28 第4版,primary_text
RMRB-COUNTY-1983-10-28-041,1983,山东省 / 1983-01—1983-09,abolish,聊城市,CNUR-000149,聊城县,聊城县,,撤销聊城县，恢复聊城市，为省辖（县级）市,县,county_level,山东省：撤销聊城县，恢复聊城市，为省辖（县级）市,今年1至3季度全国县级以上行政区划变动情况,https://cn.govopendata.com/renminribao/1983/10/28/4/,,source_text_parsed_review_required,SRC-RMRB-1983-10-28,people_daily_summary,人民日报 1983-10-28 第4版,primary_text
RMRB-COUNTY-1983-10-28-042,1983,山东省 / 1983-01—1983-09,abolish,,,临清县、临清市,临清县,,撤销临清县，恢复临清市，为省辖（县级）市,县、市,county_level,山东省：撤销临清县，恢复临清市，为省辖（县级）市,今年1至3季度全国县级以上行政区划变动情况,https://cn.govopendata.com/renminribao/1983/10/28/4/,,source_text_parsed_review_required,SRC-RMRB-1983-10-28,people_daily_summary,人民日报 1983-10-28 第4版,primary_text
RMRB-COUNTY-1983-10-28-043,1983,山东省 / 1983-01—1983-09,abolish,临沂市,CNUR-000147,临沂县,临沂县,,撤销临沂县，恢复临沂市，为省辖（县级）市,县,county_level,山东省：撤销临沂县，恢复临沂市，为省辖（县级）市,今年1至3季度全国县级以上行政区划变动情况,https://cn.govopendata.com/renminribao/1983/10/28/4/,,source_text_parsed_review_required,SRC-RMRB-1983-10-28,people_daily_summary,人民日报 1983-10-28 第4版,primary_text
RMRB-COUNTY-1983-10-28-044,1983,山东省 / 1983-01—1983-09,abolish,菏泽市,CNUR-000151,菏泽县,菏泽县,,撤销菏泽县，恢复菏泽市，为省辖（县级）市,县,county_level,山东省：撤销菏泽县，恢复菏泽市，为省辖（县级）市,今年1至3季度全国县级以上行政区划变动情况,https://cn.govopendata.com/renminribao/1983/10/28/4/,,source_text_parsed_review_required,SRC-RMRB-1983-10-28,people_daily_summary,人民日报 1983-10-28 第4版,primary_text
RMRB-COUNTY-1983-10-28-045,1983,山东省 / 1983-01—1983-09,split,莱芜市,CNUR-000146,莱芜县,莱芜县,莱芜市,撤销莱芜县，设立莱芜市，为省辖（县级）市,县,county_level,山东省：撤销莱芜县，设立莱芜市，为省辖（县级）市,今年1至3季度全国县级以上行政区划变动情况,https://cn.govopendata.com/renminribao/1983/10/28/4/,,source_text_parsed_review_required,SRC-RMRB-1983-10-28,people_daily_summary,人民日报 1983-10-28 第4版,primary_text
RMRB-COUNTY-1983-10-28-046,1983,山东省 / 1983-01—1983-09,merge,,,新汶市、新泰县、与新泰县、新泰市,新汶市,新泰县,撤销新汶市、新泰县。新汶市与新泰县合并，设立新泰市，为省辖（县级）市,县、市,county_level,山东省：撤销新汶市、新泰县。新汶市与新泰县合并，设立新泰市，为省辖（县级）市,今年1至3季度全国县级以上行政区划变动情况,https://cn.govopendata.com/renminribao/1983/10/28/4/,,source_text_parsed_review_required,SRC-RMRB-1983-10-28,people_daily_summary,人民日报 1983-10-28 第4版,primary_text
RMRB-COUNTY-1983-10-28-047,1983,山东省 / 1983-01—1983-09,jurisdiction_transfer,青岛市,CNUR-000136,莱西县、平度县,莱西县、平度县,青岛市,将烟台地区的莱西县、潍坊地区的平度县划归青岛市管辖,县,county_level,山东省：将烟台地区的莱西县、潍坊地区的平度县划归青岛市管辖,今年1至3季度全国县级以上行政区划变动情况,https://cn.govopendata.com/renminribao/1983/10/28/4/,,source_text_parsed_review_required,SRC-RMRB-1983-10-28,people_daily_summary,人民日报 1983-10-28 第4版,primary_text
RMRB-COUNTY-1983-10-28-048,1983,山东省 / 1983-01—1983-09,jurisdiction_transfer,惠民地区、淄博市,CNUR-000137、CNUR-000150,桓台县,桓台县,淄博市,将惠民地区的桓台县划归淄博市管辖,县,county_level,山东省：将惠民地区的桓台县划归淄博市管辖,今年1至3季度全国县级以上行政区划变动情况,https://cn.govopendata.com/renminribao/1983/10/28/4/,,source_text_parsed_review_required,SRC-RMRB-1983-10-28,people_daily_summary,人民日报 1983-10-28 第4版,primary_text
RMRB-COUNTY-1983-10-28-049,1983,山东省 / 1983-01—1983-09,jurisdiction_transfer,惠民地区、东营市,CNUR-000139、CNUR-000150,广饶县,广饶县,东营市,将惠民地区的广饶县划归东营市管辖,县,county_level,山东省：将惠民地区的广饶县划归东营市管辖,今年1至3季度全国县级以上行政区划变动情况,https://cn.govopendata.com/renminribao/1983/10/28/4/,,source_text_parsed_review_required,SRC-RMRB-1983-10-28,people_daily_summary,人民日报 1983-10-28 第4版,primary_text
RMRB-COUNTY-1983-10-28-050,1983,河南省 / 1983-01—1983-09,jurisdiction_transfer,开封市、郑州市,CNUR-000152、CNUR-000153,巩县、密县、中牟五县、杞县、开封五县,巩县、密县、中牟五县,郑州市,撤销开封地区。将巩县、新郑、密县、登封、中牟五县划归郑州市管辖；将兰考、尉氏、通许、杞县、开封五县划归开封市管辖,县,county_level,河南省：撤销开封地区。将巩县、新郑、密县、登封、中牟五县划归郑州市管辖；将兰考、尉氏、通许、杞县、开封五县划归开封市管辖,今年1至3季度全国县级以上行政区划变动情况,https://cn.govopendata.com/renminribao/1983/10/28/4/,,source_text_parsed_review_required,SRC-RMRB-1983-10-28,people_daily_summary,人民日报 1983-10-28 第4版,primary_text
RMRB-COUNTY-1983-10-28-051,1983,河南省 / 1983-01—1983-09,jurisdiction_transfer,安阳市,CNUR-000156,浚县、淇县、林县、汤阴五县,浚县、淇县、林县、汤阴五县,安阳市,撤销安阳地区，安阳市改由省直接领导。将安阳、浚县、淇县、林县、汤阴五县划归安阳市管辖,县,county_level,河南省：撤销安阳地区，安阳市改由省直接领导。将安阳、浚县、淇县、林县、汤阴五县划归安阳市管辖,今年1至3季度全国县级以上行政区划变动情况,https://cn.govopendata.com/renminribao/1983/10/28/4/,,source_text_parsed_review_required,SRC-RMRB-1983-10-28,people_daily_summary,人民日报 1983-10-28 第4版,primary_text
RMRB-COUNTY-1983-10-28-052,1983,河南省 / 1983-01—1983-09,jurisdiction_transfer,濮阳市,CNUR-000160,濮阳县、滑县、范县、台前七县,濮阳县,濮阳市,撤销濮阳县，设立濮阳市，由省直接领导。将安阳地区的内黄、滑县、清丰、南乐、长垣、范县、台前七县划归濮阳市管辖,县,county_level,河南省：撤销濮阳县，设立濮阳市，由省直接领导。将安阳地区的内黄、滑县、清丰、南乐、长垣、范县、台前七县划归濮阳市管辖,今年1至3季度全国县级以上行政区划变动情况,https://cn.govopendata.com/renminribao/1983/10/28/4/,,source_text_parsed_review_required,SRC-RMRB-1983-10-28,people_daily_summary,人民日报 1983-10-28 第4版,primary_text
RMRB-COUNTY-1983-10-28-053,1983,河南省 / 1983-01—1983-09,jurisdiction_transfer,新乡市,CNUR-000158,汲县、新乡两县,汲县、新乡两县,新乡市,新乡市改由省直接领导，将新乡地区的汲县、新乡两县划归新乡市管辖,县,county_level,河南省：新乡市改由省直接领导，将新乡地区的汲县、新乡两县划归新乡市管辖,今年1至3季度全国县级以上行政区划变动情况,https://cn.govopendata.com/renminribao/1983/10/28/4/,,source_text_parsed_review_required,SRC-RMRB-1983-10-28,people_daily_summary,人民日报 1983-10-28 第4版,primary_text
RMRB-COUNTY-1983-10-28-054,1983,河南省 / 1983-01—1983-09,jurisdiction_transfer,焦作市,CNUR-000159,博爱两县,博爱两县,焦作市,将新乡地区的修武、博爱两县划归焦作市管辖,县,county_level,河南省：将新乡地区的修武、博爱两县划归焦作市管辖,今年1至3季度全国县级以上行政区划变动情况,https://cn.govopendata.com/renminribao/1983/10/28/4/,,source_text_parsed_review_required,SRC-RMRB-1983-10-28,people_daily_summary,人民日报 1983-10-28 第4版,primary_text
RMRB-COUNTY-1983-10-28-055,1983,河南省 / 1983-01—1983-09,jurisdiction_transfer,平顶山市,CNUR-000155,叶县、三县,叶县、三县,平顶山市,将许昌地区的宝丰、鲁山、叶县三县划归平顶山市管辖,县,county_level,河南省：将许昌地区的宝丰、鲁山、叶县三县划归平顶山市管辖,今年1至3季度全国县级以上行政区划变动情况,https://cn.govopendata.com/renminribao/1983/10/28/4/,,source_text_parsed_review_required,SRC-RMRB-1983-10-28,people_daily_summary,人民日报 1983-10-28 第4版,primary_text
RMRB-COUNTY-1983-10-28-056,1983,河南省 / 1983-01—1983-09,jurisdiction_transfer,洛阳市,CNUR-000154,孟津三县,孟津三县,洛阳市,将洛阳地区的新安、偃师、孟津三县划归洛阳市管辖,县,county_level,河南省：将洛阳地区的新安、偃师、孟津三县划归洛阳市管辖,今年1至3季度全国县级以上行政区划变动情况,https://cn.govopendata.com/renminribao/1983/10/28/4/,,source_text_parsed_review_required,SRC-RMRB-1983-10-28,people_daily_summary,人民日报 1983-10-28 第4版,primary_text
RMRB-COUNTY-1983-10-28-057,1983,湖北省 / 1983-01—1983-09,jurisdiction_transfer,襄樊市、随州市,CNUR-000173、CNUR-000180,谷城六县、老河口市,谷城六县,襄樊市,撤销襄阳地区。将襄阳、枣阳、宜城、南漳、保康、谷城六县划归襄樊市管辖。随州市、老河口市仍为省辖（县级）市,县、市,county_level,湖北省：撤销襄阳地区。将襄阳、枣阳、宜城、南漳、保康、谷城六县划归襄樊市管辖。随州市、老河口市仍为省辖（县级）市,今年1至3季度全国县级以上行政区划变动情况,https://cn.govopendata.com/renminribao/1983/10/28/4/,,source_text_parsed_review_required,SRC-RMRB-1983-10-28,people_daily_summary,人民日报 1983-10-28 第4版,primary_text
RMRB-COUNTY-1983-10-28-058,1983,湖北省 / 1983-01—1983-09,merge,鄂西土家族苗族自治州,CNUR-000181,鹤峰土家族自治县、鹤峰县、来凤土家族自治县、来凤县、恩施县,鹤峰土家族自治县,鹤峰县,撤销恩施地区。设立鄂西土家族苗族自治州。撤销鹤峰土家族自治县，恢复鹤峰县。撤销来凤土家族自治县，恢复来凤县。撤销恩施县，将恩施县的行政区域并入恩施市,县、自治县,county_level,湖北省：撤销恩施地区。设立鄂西土家族苗族自治州。撤销鹤峰土家族自治县，恢复鹤峰县。撤销来凤土家族自治县，恢复来凤县。撤销恩施县，将恩施县的行政区域并入恩施市,今年1至3季度全国县级以上行政区划变动情况,https://cn.govopendata.com/renminribao/1983/10/28/4/,,source_text_parsed_review_required,SRC-RMRB-1983-10-28,people_daily_summary,人民日报 1983-10-28 第4版,primary_text
RMRB-COUNTY-1983-10-28-059,1983,湖北省 / 1983-01—1983-09,merge,荆门市,CNUR-000175,荆门县,荆门县,,荆门市改由省直接领导。撤销荆门县，将荆门县的行政区域并入荆门市,县,county_level,湖北省：荆门市改由省直接领导。撤销荆门县，将荆门县的行政区域并入荆门市,今年1至3季度全国县级以上行政区划变动情况,https://cn.govopendata.com/renminribao/1983/10/28/4/,,source_text_parsed_review_required,SRC-RMRB-1983-10-28,people_daily_summary,人民日报 1983-10-28 第4版,primary_text
RMRB-COUNTY-1983-10-28-060,1983,湖北省 / 1983-01—1983-09,jurisdiction_transfer,鄂州市,CNUR-000174,鄂城市、鄂城县,鄂城市、鄂城县,鄂州市,撤销鄂城市、鄂城县，设立鄂州市。鄂州市由省直接领导,县、市,county_level,湖北省：撤销鄂城市、鄂城县，设立鄂州市。鄂州市由省直接领导,今年1至3季度全国县级以上行政区划变动情况,https://cn.govopendata.com/renminribao/1983/10/28/4/,,source_text_parsed_review_required,SRC-RMRB-1983-10-28,people_daily_summary,人民日报 1983-10-28 第4版,primary_text
RMRB-COUNTY-1983-10-28-061,1983,湖北省 / 1983-01—1983-09,split,孝感市,CNUR-000176,孝感县,孝感县,孝感市,撤销孝感县，设立孝感市，为省辖（县级）市,县,county_level,湖北省：撤销孝感县，设立孝感市，为省辖（县级）市,今年1至3季度全国县级以上行政区划变动情况,https://cn.govopendata.com/renminribao/1983/10/28/4/,,source_text_parsed_review_required,SRC-RMRB-1983-10-28,people_daily_summary,人民日报 1983-10-28 第4版,primary_text
RMRB-COUNTY-1983-10-28-062,1983,湖北省 / 1983-01—1983-09,split,咸宁市,CNUR-000179,咸宁县,咸宁县,咸宁市,撤销咸宁县，设立咸宁市，为省辖（县级）市,县,county_level,湖北省：撤销咸宁县，设立咸宁市，为省辖（县级）市,今年1至3季度全国县级以上行政区划变动情况,https://cn.govopendata.com/renminribao/1983/10/28/4/,,source_text_parsed_review_required,SRC-RMRB-1983-10-28,people_daily_summary,人民日报 1983-10-28 第4版,primary_text
RMRB-COUNTY-1983-10-28-063,1983,湖北省 / 1983-01—1983-09,split,,,均县、丹江口市,均县,丹江口市,撤销均县，设立丹江口市，为省辖（县级）市,县、市,county_level,湖北省：撤销均县，设立丹江口市，为省辖（县级）市,今年1至3季度全国县级以上行政区划变动情况,https://cn.govopendata.com/renminribao/1983/10/28/4/,,source_text_parsed_review_required,SRC-RMRB-1983-10-28,people_daily_summary,人民日报 1983-10-28 第4版,primary_text
RMRB-COUNTY-1983-10-28-064,1983,湖北省 / 1983-01—1983-09,merge,随州市,CNUR-000180,随县,随县,,撤销随县，将随县的行政区域并入随州市,县,county_level,湖北省：撤销随县，将随县的行政区域并入随州市,今年1至3季度全国县级以上行政区划变动情况,https://cn.govopendata.com/renminribao/1983/10/28/4/,,source_text_parsed_review_required,SRC-RMRB-1983-10-28,people_daily_summary,人民日报 1983-10-28 第4版,primary_text
RMRB-COUNTY-1983-10-28-065,1983,湖北省 / 1983-01—1983-09,merge,,,光化县,光化县,,撤销光化县，将光化县的行政区域并入老河口市,县,county_level,湖北省：撤销光化县，将光化县的行政区域并入老河口市,今年1至3季度全国县级以上行政区划变动情况,https://cn.govopendata.com/renminribao/1983/10/28/4/,,source_text_parsed_review_required,SRC-RMRB-1983-10-28,people_daily_summary,人民日报 1983-10-28 第4版,primary_text
RMRB-COUNTY-1983-10-28-066,1983,湖北省 / 1983-01—1983-09,jurisdiction_transfer,黄冈地区、武汉市,CNUR-000169、CNUR-000178,黄陂县、新洲县,黄陂县、新洲县,武汉市,将孝感地区的黄陂县、黄冈地区的新洲县划归武汉市管辖,县,county_level,湖北省：将孝感地区的黄陂县、黄冈地区的新洲县划归武汉市管辖,今年1至3季度全国县级以上行政区划变动情况,https://cn.govopendata.com/renminribao/1983/10/28/4/,,source_text_parsed_review_required,SRC-RMRB-1983-10-28,people_daily_summary,人民日报 1983-10-28 第4版,primary_text
RMRB-COUNTY-1983-10-28-067,1983,湖北省 / 1983-01—1983-09,jurisdiction_transfer,郧阳地区,CNUR-000357,神农架林区,神农架林区,,郧阳地区的神农架林区改由省直接领导,区,county_level,湖北省：郧阳地区的神农架林区改由省直接领导,今年1至3季度全国县级以上行政区划变动情况,https://cn.govopendata.com/renminribao/1983/10/28/4/,,source_text_parsed_review_required,SRC-RMRB-1983-10-28,people_daily_summary,人民日报 1983-10-28 第4版,primary_text
RMRB-COUNTY-1983-10-28-068,1983,湖南省 / 1983-01—1983-09,jurisdiction_transfer,益阳地区、株洲市、湘潭市、长沙市,CNUR-000182、CNUR-000183、CNUR-000184、CNUR-000190,攸县、酃县、醴陵四县、湘乡两县、浏阳县、宁乡县,攸县、酃县、醴陵四县,株洲市,撤销湘潭地区。将攸县、茶陵、酃县、醴陵四县划归株洲市管辖；将湘潭、湘乡两县划归湘潭市管辖；将浏阳县和益阳地区的宁乡县划归长沙市管辖,县,county_level,湖南省：撤销湘潭地区。将攸县、茶陵、酃县、醴陵四县划归株洲市管辖；将湘潭、湘乡两县划归湘潭市管辖；将浏阳县和益阳地区的宁乡县划归长沙市管辖,今年1至3季度全国县级以上行政区划变动情况,https://cn.govopendata.com/renminribao/1983/10/28/4/,,source_text_parsed_review_required,SRC-RMRB-1983-10-28,people_daily_summary,人民日报 1983-10-28 第4版,primary_text
RMRB-COUNTY-1983-10-28-069,1983,湖南省 / 1983-01—1983-09,jurisdiction_transfer,零陵地区、衡阳市,CNUR-000185、CNUR-000192,祁东六县、耒阳县、祁阳县,祁东六县、耒阳县,衡阳市,撤销衡阳地区。将衡阳、衡南、衡山、衡东、常宁、祁东六县和郴州地区的耒阳县划归衡阳市管辖；将祁阳县划归零陵地区,县,county_level,湖南省：撤销衡阳地区。将衡阳、衡南、衡山、衡东、常宁、祁东六县和郴州地区的耒阳县划归衡阳市管辖；将祁阳县划归零陵地区,今年1至3季度全国县级以上行政区划变动情况,https://cn.govopendata.com/renminribao/1983/10/28/4/,,source_text_parsed_review_required,SRC-RMRB-1983-10-28,people_daily_summary,人民日报 1983-10-28 第4版,primary_text
RMRB-COUNTY-1983-10-28-070,1983,湖南省 / 1983-01—1983-09,jurisdiction_transfer,娄底地区、邵阳市,CNUR-000186、CNUR-000194,新邵两县,新邵两县,邵阳市,将娄底地区的邵东、新邵两县划归邵阳市管辖,县,county_level,湖南省：将娄底地区的邵东、新邵两县划归邵阳市管辖,今年1至3季度全国县级以上行政区划变动情况,https://cn.govopendata.com/renminribao/1983/10/28/4/,,source_text_parsed_review_required,SRC-RMRB-1983-10-28,people_daily_summary,人民日报 1983-10-28 第4版,primary_text
RMRB-COUNTY-1983-10-28-071,1983,湖南省 / 1983-01—1983-09,jurisdiction_transfer,岳阳市,CNUR-000187,岳阳县、域为岳阳县、归岳阳市,岳阳县,域为岳阳县,岳阳市改由省直接领导。恢复岳阳县，以岳阳市的部分行政区域为岳阳县的行政区域，岳阳县归岳阳市管辖,县、市,county_level,湖南省：岳阳市改由省直接领导。恢复岳阳县，以岳阳市的部分行政区域为岳阳县的行政区域，岳阳县归岳阳市管辖,今年1至3季度全国县级以上行政区划变动情况,https://cn.govopendata.com/renminribao/1983/10/28/4/,,source_text_parsed_review_required,SRC-RMRB-1983-10-28,people_daily_summary,人民日报 1983-10-28 第4版,primary_text
RMRB-COUNTY-1983-10-28-072,1983,广西壮族自治区 / 1983-01—1983-09,split,,,罗城县、罗城仫佬族自治县,罗城县,罗城仫佬族自治县,撤销罗城县，设立罗城仫佬族自治县,县、自治县,county_level,广西壮族自治区：撤销罗城县，设立罗城仫佬族自治县,今年1至3季度全国县级以上行政区划变动情况,https://cn.govopendata.com/renminribao/1983/10/28/4/,,source_text_parsed_review_required,SRC-RMRB-1983-10-28,people_daily_summary,人民日报 1983-10-28 第4版,primary_text
RMRB-COUNTY-1983-10-28-073,1983,广西壮族自治区 / 1983-01—1983-09,split,,,富川县、富川瑶族自治县,富川县,富川瑶族自治县,撤销富川县，设立富川瑶族自治县,县、自治县,county_level,广西壮族自治区：撤销富川县，设立富川瑶族自治县,今年1至3季度全国县级以上行政区划变动情况,https://cn.govopendata.com/renminribao/1983/10/28/4/,,source_text_parsed_review_required,SRC-RMRB-1983-10-28,people_daily_summary,人民日报 1983-10-28 第4版,primary_text
RMRB-COUNTY-1983-10-28-074,1983,四川省 / 1983-01—1983-09,jurisdiction_transfer,重庆市,CNUR-000235,潼南八县,潼南八县,重庆市,撤销永川地区。将永川、江津、合川、璧山、荣昌、大足、铜梁、潼南八县划归重庆市管辖,县,county_level,四川省：撤销永川地区。将永川、江津、合川、璧山、荣昌、大足、铜梁、潼南八县划归重庆市管辖,今年1至3季度全国县级以上行政区划变动情况,https://cn.govopendata.com/renminribao/1983/10/28/4/,,source_text_parsed_review_required,SRC-RMRB-1983-10-28,people_daily_summary,人民日报 1983-10-28 第4版,primary_text
RMRB-COUNTY-1983-10-28-075,1983,四川省 / 1983-01—1983-09,jurisdiction_transfer,成都市,CNUR-000236,郫县、灌县、彭县、大邑十县,郫县、灌县、彭县、大邑十县,成都市,撤销温江地区。将温江、郫县、灌县、彭县、新都、新津、崇庆、邛崃、蒲江、大邑十县划归成都市管辖,县,county_level,四川省：撤销温江地区。将温江、郫县、灌县、彭县、新都、新津、崇庆、邛崃、蒲江、大邑十县划归成都市管辖,今年1至3季度全国县级以上行政区划变动情况,https://cn.govopendata.com/renminribao/1983/10/28/4/,,source_text_parsed_review_required,SRC-RMRB-1983-10-28,people_daily_summary,人民日报 1983-10-28 第4版,primary_text
RMRB-COUNTY-1983-10-28-076,1983,四川省 / 1983-01—1983-09,jurisdiction_transfer,宜宾地区、泸州市,CNUR-000239、CNUR-000248,泸县、合江三县,泸县、合江三县,泸州市,泸州市改由省直接领导。将宜宾地区的泸县、纳溪、合江三县划归泸州市管辖,县,county_level,四川省：泸州市改由省直接领导。将宜宾地区的泸县、纳溪、合江三县划归泸州市管辖,今年1至3季度全国县级以上行政区划变动情况,https://cn.govopendata.com/renminribao/1983/10/28/4/,,source_text_parsed_review_required,SRC-RMRB-1983-10-28,people_daily_summary,人民日报 1983-10-28 第4版,primary_text
RMRB-COUNTY-1983-10-28-077,1983,四川省 / 1983-01—1983-09,jurisdiction_transfer,宜宾地区、自贡市,CNUR-000237、CNUR-000248,富顺县,富顺县,自贡市,将宜宾地区的富顺县划归自贡市管辖,县,county_level,四川省：将宜宾地区的富顺县划归自贡市管辖,今年1至3季度全国县级以上行政区划变动情况,https://cn.govopendata.com/renminribao/1983/10/28/4/,,source_text_parsed_review_required,SRC-RMRB-1983-10-28,people_daily_summary,人民日报 1983-10-28 第4版,primary_text
RMRB-COUNTY-1983-10-28-078,1983,四川省 / 1983-01—1983-09,jurisdiction_transfer,德阳市,CNUR-000240,德阳县、域为德阳市、绵竹三县、什邡两县,绵竹三县、什邡两县,德阳市,设立德阳市，以德阳县的部分行政区域为德阳市的行政区域，德阳市由省直接领导。将绵阳地区的德阳、中江、绵竹三县和原温江地区的广汉、什邡两县划归德阳市管辖,县、市,county_level,四川省：设立德阳市，以德阳县的部分行政区域为德阳市的行政区域，德阳市由省直接领导。将绵阳地区的德阳、中江、绵竹三县和原温江地区的广汉、什邡两县划归德阳市管辖,今年1至3季度全国县级以上行政区划变动情况,https://cn.govopendata.com/renminribao/1983/10/28/4/,,source_text_parsed_review_required,SRC-RMRB-1983-10-28,people_daily_summary,人民日报 1983-10-28 第4版,primary_text
RMRB-COUNTY-1983-10-28-079,1983,四川省 / 1983-01—1983-09,split,涪陵市,CNUR-000344,涪陵县,涪陵县,涪陵市,撤销涪陵县，设立涪陵市，为省辖（县级）市,县,county_level,四川省：撤销涪陵县，设立涪陵市，为省辖（县级）市,今年1至3季度全国县级以上行政区划变动情况,https://cn.govopendata.com/renminribao/1983/10/28/4/,,source_text_parsed_review_required,SRC-RMRB-1983-10-28,people_daily_summary,人民日报 1983-10-28 第4版,primary_text
RMRB-COUNTY-1983-10-28-080,1983,四川省 / 1983-01—1983-09,split,雅安市,CNUR-000251,雅安县,雅安县,雅安市,撤销雅安县，设立雅安市，为省辖（县级）市,县,county_level,四川省：撤销雅安县，设立雅安市，为省辖（县级）市,今年1至3季度全国县级以上行政区划变动情况,https://cn.govopendata.com/renminribao/1983/10/28/4/,,source_text_parsed_review_required,SRC-RMRB-1983-10-28,people_daily_summary,人民日报 1983-10-28 第4版,primary_text
RMRB-COUNTY-1983-10-28-081,1983,四川省 / 1983-01—1983-09,split,,,酉阳县、酉阳土家族苗族自治县,酉阳县,酉阳土家族苗族自治县,撤销酉阳县，设立酉阳土家族苗族自治县,县、自治县,county_level,四川省：撤销酉阳县，设立酉阳土家族苗族自治县,今年1至3季度全国县级以上行政区划变动情况,https://cn.govopendata.com/renminribao/1983/10/28/4/,,source_text_parsed_review_required,SRC-RMRB-1983-10-28,people_daily_summary,人民日报 1983-10-28 第4版,primary_text
RMRB-COUNTY-1983-10-28-082,1983,四川省 / 1983-01—1983-09,split,,,秀山县、秀山土家族苗族自治县,秀山县,秀山土家族苗族自治县,撤销秀山县，设立秀山土家族苗族自治县,县、自治县,county_level,四川省：撤销秀山县，设立秀山土家族苗族自治县,今年1至3季度全国县级以上行政区划变动情况,https://cn.govopendata.com/renminribao/1983/10/28/4/,,source_text_parsed_review_required,SRC-RMRB-1983-10-28,people_daily_summary,人民日报 1983-10-28 第4版,primary_text
RMRB-COUNTY-1983-10-28-083,1983,云南省 / 1983-01—1983-09,jurisdiction_transfer,楚雄彝族自治州、曲靖地区、昆明市,CNUR-000266、CNUR-000267、CNUR-000274,宜良县、嵩明县、路南彝族自治县、楚雄彝族自治州的禄劝县,宜良县、嵩明县、路南彝族自治县、楚雄彝族自治州的禄劝县,昆明市,将曲靖地区的宜良县、嵩明县、路南彝族自治县和楚雄彝族自治州的禄劝县划归昆明市管辖,县、自治县,county_level,云南省：将曲靖地区的宜良县、嵩明县、路南彝族自治县和楚雄彝族自治州的禄劝县划归昆明市管辖,今年1至3季度全国县级以上行政区划变动情况,https://cn.govopendata.com/renminribao/1983/10/28/4/,,source_text_parsed_review_required,SRC-RMRB-1983-10-28,people_daily_summary,人民日报 1983-10-28 第4版,primary_text
RMRB-COUNTY-1983-10-28-084,1983,云南省 / 1983-01—1983-09,split,曲靖市,CNUR-000267,曲靖县、沾益县,曲靖县、沾益县,曲靖市,撤销曲靖县、沾益县，设立曲靖市，为省辖（县级）市,县,county_level,云南省：撤销曲靖县、沾益县，设立曲靖市，为省辖（县级）市,今年1至3季度全国县级以上行政区划变动情况,https://cn.govopendata.com/renminribao/1983/10/28/4/,,source_text_parsed_review_required,SRC-RMRB-1983-10-28,people_daily_summary,人民日报 1983-10-28 第4版,primary_text
RMRB-COUNTY-1983-10-28-085,1983,云南省 / 1983-01—1983-09,split,玉溪市,CNUR-000268,玉溪县,玉溪县,玉溪市,撤销玉溪县，设立玉溪市，为省辖（县级）市,县,county_level,云南省：撤销玉溪县，设立玉溪市，为省辖（县级）市,今年1至3季度全国县级以上行政区划变动情况,https://cn.govopendata.com/renminribao/1983/10/28/4/,,source_text_parsed_review_required,SRC-RMRB-1983-10-28,people_daily_summary,人民日报 1983-10-28 第4版,primary_text
RMRB-COUNTY-1983-10-28-086,1983,云南省 / 1983-01—1983-09,split,,,楚雄县、楚雄市,楚雄县,楚雄市,撤销楚雄县，设立楚雄市，为省辖（县级）市,县、市,county_level,云南省：撤销楚雄县，设立楚雄市，为省辖（县级）市,今年1至3季度全国县级以上行政区划变动情况,https://cn.govopendata.com/renminribao/1983/10/28/4/,,source_text_parsed_review_required,SRC-RMRB-1983-10-28,people_daily_summary,人民日报 1983-10-28 第4版,primary_text
RMRB-COUNTY-1983-10-28-087,1983,云南省 / 1983-01—1983-09,split,保山市,CNUR-000269,保山县,保山县,保山市,撤销保山县，设立保山市，为省辖（县级）市,县,county_level,云南省：撤销保山县，设立保山市，为省辖（县级）市,今年1至3季度全国县级以上行政区划变动情况,https://cn.govopendata.com/renminribao/1983/10/28/4/,,source_text_parsed_review_required,SRC-RMRB-1983-10-28,people_daily_summary,人民日报 1983-10-28 第4版,primary_text
RMRB-COUNTY-1983-10-28-088,1983,云南省 / 1983-01—1983-09,split,,,下关市、大理县、大理市,下关市、大理县,大理市,撤销下关市、大理县，设立大理市，为省辖（县级）市,县、市,county_level,云南省：撤销下关市、大理县，设立大理市，为省辖（县级）市,今年1至3季度全国县级以上行政区划变动情况,https://cn.govopendata.com/renminribao/1983/10/28/4/,,source_text_parsed_review_required,SRC-RMRB-1983-10-28,people_daily_summary,人民日报 1983-10-28 第4版,primary_text
RMRB-COUNTY-1983-10-28-089,1983,云南省 / 1983-01—1983-09,merge,昭通市,CNUR-000270,昭通县,昭通县,,撤销昭通县，将昭通县的行政区域并入昭通市,县,county_level,云南省：撤销昭通县，将昭通县的行政区域并入昭通市,今年1至3季度全国县级以上行政区划变动情况,https://cn.govopendata.com/renminribao/1983/10/28/4/,,source_text_parsed_review_required,SRC-RMRB-1983-10-28,people_daily_summary,人民日报 1983-10-28 第4版,primary_text
RMRB-COUNTY-1983-10-28-090,1983,贵州省 / 1983-01—1983-09,split,,,凯里县、凯里市,凯里县,凯里市,撤销凯里县，设立凯里市，为省辖（县级）市,县、市,county_level,贵州省：撤销凯里县，设立凯里市，为省辖（县级）市,今年1至3季度全国县级以上行政区划变动情况,https://cn.govopendata.com/renminribao/1983/10/28/4/,,source_text_parsed_review_required,SRC-RMRB-1983-10-28,people_daily_summary,人民日报 1983-10-28 第4版,primary_text
RMRB-COUNTY-1983-10-28-091,1983,贵州省 / 1983-01—1983-09,merge,,,都匀县,都匀县,,撤销都匀县，将都匀县的行政区域并入都匀市,县,county_level,贵州省：撤销都匀县，将都匀县的行政区域并入都匀市,今年1至3季度全国县级以上行政区划变动情况,https://cn.govopendata.com/renminribao/1983/10/28/4/,,source_text_parsed_review_required,SRC-RMRB-1983-10-28,people_daily_summary,人民日报 1983-10-28 第4版,primary_text
RMRB-COUNTY-1983-10-28-092,1983,贵州省 / 1983-01—1983-09,split,,,玉屏县、玉屏侗族自治县,玉屏县,玉屏侗族自治县,撤销玉屏县，设立玉屏侗族自治县,县、自治县,county_level,贵州省：撤销玉屏县，设立玉屏侗族自治县,今年1至3季度全国县级以上行政区划变动情况,https://cn.govopendata.com/renminribao/1983/10/28/4/,,source_text_parsed_review_required,SRC-RMRB-1983-10-28,people_daily_summary,人民日报 1983-10-28 第4版,primary_text
RMRB-COUNTY-1983-10-28-093,1983,陕西省 / 1983-01—1983-09,jurisdiction_transfer,咸阳市、宝鸡市,CNUR-000291、CNUR-000292,乾县、彬县、淳化十县、武功县、杨陵区,乾县、彬县、淳化十县、宝鸡市、武功县、杨陵区,咸阳市,撤销咸阳地区，咸阳市改由省直接领导。将兴平、三原、泾阳、乾县、礼泉、永寿、彬县、长武、旬邑、淳化十县和宝鸡市的武功县、杨陵区划归咸阳市管辖,区、县,county_level,陕西省：撤销咸阳地区，咸阳市改由省直接领导。将兴平、三原、泾阳、乾县、礼泉、永寿、彬县、长武、旬邑、淳化十县和宝鸡市的武功县、杨陵区划归咸阳市管辖,今年1至3季度全国县级以上行政区划变动情况,https://cn.govopendata.com/renminribao/1983/10/28/4/,,source_text_parsed_review_required,SRC-RMRB-1983-10-28,people_daily_summary,人民日报 1983-10-28 第4版,primary_text
RMRB-COUNTY-1983-10-28-094,1983,陕西省 / 1983-01—1983-09,jurisdiction_transfer,渭南地区、咸阳地区、西安市,CNUR-000293、CNUR-000292、CNUR-000289,临潼县、蓝田县、户县、周至县、高陵县,临潼县、蓝田县、户县、周至县、高陵县,西安市,将渭南地区的临潼、蓝田二县和咸阳地区的户县、周至、高陵三县划归西安市管辖,县,county_level,陕西省：将渭南地区的临潼、蓝田二县和咸阳地区的户县、周至、高陵三县划归西安市管辖,今年1至3季度全国县级以上行政区划变动情况,https://cn.govopendata.com/renminribao/1983/10/28/4/,,reviewed_manual_override,SRC-RMRB-1983-10-28,people_daily_summary,人民日报 1983-10-28 第4版,primary_text
RMRB-COUNTY-1983-10-28-095,1983,陕西省 / 1983-01—1983-09,jurisdiction_transfer,延安地区、铜川市,CNUR-000290、CNUR-000294,宜君县,宜君县,铜川市,将延安地区的宜君县划归铜川市管辖,县,county_level,陕西省：将延安地区的宜君县划归铜川市管辖,今年1至3季度全国县级以上行政区划变动情况,https://cn.govopendata.com/renminribao/1983/10/28/4/,,source_text_parsed_review_required,SRC-RMRB-1983-10-28,people_daily_summary,人民日报 1983-10-28 第4版,primary_text
RMRB-COUNTY-1983-10-28-096,1983,陕西省 / 1983-01—1983-09,split,渭南市,CNUR-000293,渭南县,渭南县,渭南市,撤销渭南县，设立渭南市，为省辖（县级）市,县,county_level,陕西省：撤销渭南县，设立渭南市，为省辖（县级）市,今年1至3季度全国县级以上行政区划变动情况,https://cn.govopendata.com/renminribao/1983/10/28/4/,,source_text_parsed_review_required,SRC-RMRB-1983-10-28,people_daily_summary,人民日报 1983-10-28 第4版,primary_text
RMRB-COUNTY-1983-10-28-097,1983,陕西省 / 1983-01—1983-09,split,渭南市,CNUR-000293,韩城县、韩城市,韩城县,韩城市,撤销韩城县，设立韩城市，为省辖（县级）市,县、市,county_level,陕西省：撤销韩城县，设立韩城市，为省辖（县级）市,今年1至3季度全国县级以上行政区划变动情况,https://cn.govopendata.com/renminribao/1983/10/28/4/,,source_text_parsed_review_required,SRC-RMRB-1983-10-28,people_daily_summary,人民日报 1983-10-28 第4版,primary_text
RMRB-COUNTY-1983-10-28-098,1983,甘肃省 / 1983-01—1983-09,abolish,平凉市,CNUR-000306,平凉县,平凉县,,撤销平凉县，恢复平凉市，为省辖（县级）市,县,county_level,甘肃省：撤销平凉县，恢复平凉市，为省辖（县级）市,今年1至3季度全国县级以上行政区划变动情况,https://cn.govopendata.com/renminribao/1983/10/28/4/,,source_text_parsed_review_required,SRC-RMRB-1983-10-28,people_daily_summary,人民日报 1983-10-28 第4版,primary_text
RMRB-COUNTY-1983-10-28-099,1983,甘肃省 / 1983-01—1983-09,residence_change,,,临夏市、临夏县、域为临夏市,,,恢复临夏市，以临夏县的部分行政区域为临夏市的行政区域，临夏市为省辖（县级）市。临夏县人民政府迁至韩家集,县、市,county_level,甘肃省：恢复临夏市，以临夏县的部分行政区域为临夏市的行政区域，临夏市为省辖（县级）市。临夏县人民政府迁至韩家集,今年1至3季度全国县级以上行政区划变动情况,https://cn.govopendata.com/renminribao/1983/10/28/4/,,source_text_parsed_review_required,SRC-RMRB-1983-10-28,people_daily_summary,人民日报 1983-10-28 第4版,primary_text
RMRB-COUNTY-1983-10-28-100,1983,宁夏回族自治区 / 1983-01—1983-09,split,,,彭阳县、固原县、域为彭阳县,,固原县,设立彭阳县，以固原县的部分行政区域为彭阳县的行政区域。,县,county_level,宁夏回族自治区：设立彭阳县，以固原县的部分行政区域为彭阳县的行政区域。,今年1至3季度全国县级以上行政区划变动情况,https://cn.govopendata.com/renminribao/1983/10/28/4/,,source_text_parsed_review_required,SRC-RMRB-1983-10-28,people_daily_summary,人民日报 1983-10-28 第4版,primary_text
RMRB-COUNTY-1983-10-28-101,1983,新疆维吾尔自治区 / 1983-01—1983-09,split,,,昌吉县、昌吉市,昌吉县,昌吉市,撤销昌吉县，设立昌吉市，为自治区辖（县级）市,县、市,county_level,新疆维吾尔自治区：撤销昌吉县，设立昌吉市，为自治区辖（县级）市,今年1至3季度全国县级以上行政区划变动情况,https://cn.govopendata.com/renminribao/1983/10/28/4/,,source_text_parsed_review_required,SRC-RMRB-1983-10-28,people_daily_summary,人民日报 1983-10-28 第4版,primary_text
RMRB-COUNTY-1983-10-28-102,1983,新疆维吾尔自治区 / 1983-01—1983-09,split,,,阿克苏县、阿克苏市,阿克苏县,阿克苏市,撤销阿克苏县，设立阿克苏市，为自治区辖（县级）市,县、市,county_level,新疆维吾尔自治区：撤销阿克苏县，设立阿克苏市，为自治区辖（县级）市,今年1至3季度全国县级以上行政区划变动情况,https://cn.govopendata.com/renminribao/1983/10/28/4/,,source_text_parsed_review_required,SRC-RMRB-1983-10-28,people_daily_summary,人民日报 1983-10-28 第4版,primary_text
RMRB-COUNTY-1983-10-28-103,1983,新疆维吾尔自治区 / 1983-01—1983-09,split,,,田市、田县、域为和田市,,田县,设立和田市，以和田县的部分行政区域为和田市的行政区域，和田市为自治区辖（县级）市,县、市,county_level,新疆维吾尔自治区：设立和田市，以和田县的部分行政区域为和田市的行政区域，和田市为自治区辖（县级）市,今年1至3季度全国县级以上行政区划变动情况,https://cn.govopendata.com/renminribao/1983/10/28/4/,,source_text_parsed_review_required,SRC-RMRB-1983-10-28,people_daily_summary,人民日报 1983-10-28 第4版,primary_text
RMRB-COUNTY-1983-10-28-104,1983,新疆维吾尔自治区 / 1983-01—1983-09,merge,哈密市,CNUR-000329,哈密县,哈密县,,撤销哈密县，将哈密县的行政区域并入哈密市,县,county_level,新疆维吾尔自治区：撤销哈密县，将哈密县的行政区域并入哈密市,今年1至3季度全国县级以上行政区划变动情况,https://cn.govopendata.com/renminribao/1983/10/28/4/,,source_text_parsed_review_required,SRC-RMRB-1983-10-28,people_daily_summary,人民日报 1983-10-28 第4版,primary_text
RMRB-COUNTY-1983-10-28-105,1983,新疆维吾尔自治区 / 1983-01—1983-09,merge,,,库尔勒县,库尔勒县,,撤销库尔勒县，将库尔勒县的行政区域并入库尔勒市,县,county_level,新疆维吾尔自治区：撤销库尔勒县，将库尔勒县的行政区域并入库尔勒市,今年1至3季度全国县级以上行政区划变动情况,https://cn.govopendata.com/renminribao/1983/10/28/4/,,source_text_parsed_review_required,SRC-RMRB-1983-10-28,people_daily_summary,人民日报 1983-10-28 第4版,primary_text
RMRB-COUNTY-1983-10-28-106,1983,新疆维吾尔自治区 / 1983-01—1983-09,residence_change,,,吉木乃县,,,吉木乃县人民政府驻地迁至托普铁热克,县,county_level,新疆维吾尔自治区：吉木乃县人民政府驻地迁至托普铁热克,今年1至3季度全国县级以上行政区划变动情况,https://cn.govopendata.com/renminribao/1983/10/28/4/,,source_text_parsed_review_required,SRC-RMRB-1983-10-28,people_daily_summary,人民日报 1983-10-28 第4版,primary_text
XZQH-COUNTY-1983-Q4-001,1983,国务院批复转录 / 1983-10—1983-12,merge,七台河市、佳木斯市,CNUR-000067、CNUR-000068,国务院关于黑龙江省地市、勃利县、宝清县、五大连池市、德都县、焦得布林场等为五大连池市,勃利县,七台河市,10月8日，《国务院关于黑龙江省地市机构改革方案的批复》（(83)国函字213号）同意：一、将合江地区的佳木斯市、七台河市改由省直接领导。二、将合江地区的勃利县划归七台河市管辖；将宝清县的红卫、岚峰两个公社并入七台河市。三、设立五大连池市（县级）。以德都县的五大连池镇及五大连池农场、大庆农场和尾山农场的一个分场以及81112、80301部队农场、焦得布林场等为五大连池市的行政区域。（四、(略)）,县、市,county_level,：10月8日，《国务院关于黑龙江省地市机构改革方案的批复》（(83)国函字213号）同意：一、将合江地区的佳木斯市、七台河市改由省直接领导。二、将合江地区的勃利县划归七台河市管辖；将宝清县的红卫、岚峰两个公社并入七台河市。三、设立五大连池市（县级）。以德都县的五大连池镇及五大连池农场、大庆农场和尾山农场的一个分场以及81112、80301部队农场、焦得布林场等为五大连池市的行政区域。（四、(略)）,1983年行政区划（第7页）,https://www.xzqh.org/html/show/cn/1983_7.html,,secondary_transcription_review_required,SRC-XZQH-1983-Q4,secondary_transcription,区划地名网 1983年行政区划 第7页,secondary_transcription
XZQH-COUNTY-1983-Q4-002,1983,国务院批复转录 / 1983-10—1983-12,merge,辽源市,CNUR-000054,国务院关于吉林省恢复东辽县、同意恢复东辽县、合并于辽源市、东辽县、域为东辽县、县人民政府驻辽源市,国务院关于吉林省恢复东辽县,同意恢复东辽县,10月8日，《国务院关于吉林省恢复东辽县的批复》（(83)国函字214号）：同意恢复东辽县，以合并于辽源市的原东辽县的行政区域为东辽县的行政区域，县人民政府驻辽源市。东辽县由辽源市管辖。,县、市,county_level,：10月8日，《国务院关于吉林省恢复东辽县的批复》（(83)国函字214号）：同意恢复东辽县，以合并于辽源市的原东辽县的行政区域为东辽县的行政区域，县人民政府驻辽源市。东辽县由辽源市管辖。,1983年行政区划（第7页）,https://www.xzqh.org/html/show/cn/1983_7.html,,secondary_transcription_review_required,SRC-XZQH-1983-Q4,secondary_transcription,区划地名网 1983年行政区划 第7页,secondary_transcription
XZQH-COUNTY-1983-Q4-003,1983,国务院批复转录 / 1983-10—1983-12,jurisdiction_transfer,南宁地区、柳州地区、桂林地区、梧州地区、钦州地区、北海市、南宁市、柳州市、桂林市、梧州市、河池市、玉林市、百色市、钦州市,CNUR-000217、CNUR-000218、CNUR-000219、CNUR-000220、CNUR-000221、CNUR-000223、CNUR-000225、CNUR-000226、CNUR-000228、CNUR-000346、CNUR-000361、CNUR-000362、CNUR-000363,地市、武鸣两县、柳城两县、临桂县、苍梧县、玉林县、域为玉林市、钦州县、域为钦州市、百色县、域为百色市、河池县、域为河池市,玉林县,玉林市,10月8日，《国务院关于广西壮族自治区地市机构改革方案的批复》（(83)国函字215号）同意：一、将南宁地区的邕宁、武鸣两县划归南宁市管辖。二、将柳州地区的柳江、柳城两县划归柳州市管辖。三、将桂林地区的临桂县划归桂林市管辖。四、将梧州地区的苍梧县划归梧州市管辖。五、钦州地区的北海市改由自治区直接领导。六、撤销玉林县，设立玉林市（县级），以玉林县的行政区域为玉林市的行政区域。七、撤销钦州县，设立钦州市（县级），以钦州县的行政区域为钦州市的行政区域。八、撤销百色县，设立百色市（县级），以百色县的行政区域为百色市的行政区域。九、撤销河池县，设立河池市（县级），以河池县的行政区域为河池市的行政区域。,县、市,county_level,：10月8日，《国务院关于广西壮族自治区地市机构改革方案的批复》（(83)国函字215号）同意：一、将南宁地区的邕宁、武鸣两县划归南宁市管辖。二、将柳州地区的柳江、柳城两县划归柳州市管辖。三、将桂林地区的临桂县划归桂林市管辖。四、将梧州地区的苍梧县划归梧州市管辖。五、钦州地区的北海市改由自治区直接领导。六、撤销玉林县，设立玉林市（县级），以玉林县的行政区域为玉林市的行政区域。七、撤销钦州县，设立钦州市（县级），以钦州县的行政区域为钦州市的行政区域。八、撤销百色县，设立百色市（县级），以百色县的行政区域为百色市的行政区域。九、撤销河池县，设立河池市（县级），以河池县的行政区域为河池市的行政区域。,1983年行政区划（第7页）,https://www.xzqh.org/html/show/cn/1983_7.html,,secondary_transcription_review_required,SRC-XZQH-1983-Q4,secondary_transcription,区划地名网 1983年行政区划 第7页,secondary_transcription
XZQH-COUNTY-1983-Q4-004,1983,国务院批复转录 / 1983-10—1983-12,merge,赤峰市,CNUR-000028,盟市、宁城县、林西县、喀喇沁旗、敖汉旗、翁牛特旗、巴林右旗、巴林左旗、阿鲁科尔沁旗、克什克腾旗、赤峰县、该县、域及喀喇沁旗、红山区、元宝山区、郊区、喜桂图旗、牙克石市、域为牙克石市、布特哈旗、扎兰屯市、域为扎兰屯市、阿巴哈纳尔旗、锡林浩特市、域为锡林浩特市、东胜县、东胜市、域为东胜市,喜桂图旗,牙克石市,10月10日，《国务院关于内蒙古自治区盟市机构改革方案的批复》（(83)国函字218号）同意：一、撤销昭乌达盟，将宁城县、林西县、喀喇沁旗、敖汉旗、翁牛特旗、巴林右旗、巴林左旗、阿鲁科尔沁旗、克什克腾旗划归赤峰市管辖。撤销赤峰县，将该县的行政区域及喀喇沁旗的山前公社，马蹄营子公社的公格营子、西六家、四家、喇嘛地、岭上五个大队，娄子店公社的三道营子、四道营子、乔家窝铺三个大队，甸子公社的望甘池、昌盛远两个大队并入赤峰市。赤峰市设红山区、元宝山区、郊区。二、撤销喜桂图旗，设立牙克石市（县级），以喜桂图旗的行政区域为牙克石市的行政区域。三、撤销布特哈旗，设立扎兰屯市（县级），以布特哈旗的行政区域为扎兰屯市的行政区域。四、撤销阿巴哈纳尔旗，设立锡林浩特市（县级），以阿巴哈纳尔旗的行政区域为锡林浩特市的行政区域。五、撤销东胜县，设立东胜市（县级），以东胜县的行政区域为东胜市的行政区域。（六、(略)）,区、县、市、旗,county_level,：10月10日，《国务院关于内蒙古自治区盟市机构改革方案的批复》（(83)国函字218号）同意：一、撤销昭乌达盟，将宁城县、林西县、喀喇沁旗、敖汉旗、翁牛特旗、巴林右旗、巴林左旗、阿鲁科尔沁旗、克什克腾旗划归赤峰市管辖。撤销赤峰县，将该县的行政区域及喀喇沁旗的山前公社，马蹄营子公社的公格营子、西六家、四家、喇嘛地、岭上五个大队，娄子店公社的三道营子、四道营子、乔家窝铺三个大队，甸子公社的望甘池、昌盛远两个大队并入赤峰市。赤峰市设红山区、元宝山区、郊区。二、撤销喜桂图旗，设立牙克石市（县级），以喜桂图旗的行政区域为牙克石市的行政区域。三、撤销布特哈旗，设立扎兰屯市（县级），以布特哈旗的行政区域为扎兰屯市的行政区域。四、撤销阿巴哈纳尔旗，设立锡林浩特市（县级），以阿巴哈纳尔旗的行政区域为锡林浩特市的行政区域。五、撤销东胜县，设立东胜市（县级），以东胜县的行政区域为东胜市的行政区域。（六、(略)）,1983年行政区划（第7页）,https://www.xzqh.org/html/show/cn/1983_7.html,,secondary_transcription_review_required,SRC-XZQH-1983-Q4,secondary_transcription,区划地名网 1983年行政区划 第7页,secondary_transcription
XZQH-COUNTY-1983-Q4-005,1983,国务院批复转录 / 1983-10—1983-12,abolish,吴忠市,CNUR-000323,吴忠县、域为吴忠市,吴忠县,,11月10日，《国务院关于宁夏回族自治区恢复吴忠市的批复》（(83)国函字240号）：同意撤销吴忠县，恢复吴忠市（县级），以吴忠县的行政区域为吴忠市的行政区域。,县、市,county_level,：11月10日，《国务院关于宁夏回族自治区恢复吴忠市的批复》（(83)国函字240号）：同意撤销吴忠县，恢复吴忠市（县级），以吴忠县的行政区域为吴忠市的行政区域。,1983年行政区划（第7页）,https://www.xzqh.org/html/show/cn/1983_7.html,,secondary_transcription_review_required,SRC-XZQH-1983-Q4,secondary_transcription,区划地名网 1983年行政区划 第7页,secondary_transcription
XZQH-COUNTY-1983-Q4-006,1983,国务院批复转录 / 1983-10—1983-12,split,,,彭水苗族土家族自治县、石柱土家族自治县、自治县、黔江县、域为自治县、彭水县、石柱县,,石柱土家族自治县,11月14日，《国务院关于四川省设立黔江土家族苗族自治县、彭水苗族土家族自治县、石柱土家族自治县的批复》（(83)国函字242号）：一、同意设立黔江土家族苗族自治县。自治县以原黔江县的行政区域为自治县的行政区域。自治县人民政府驻联合镇。撤销黔江县。二、同意设立彭水苗族土家族自治县。自治县以原彭水县的行政区域为自治县的行政区域。自治县人民政府驻汉葭镇。撤销彭水县。三、同意设立石柱土家族自治县，自治县以原石柱县的行政区域为自治县的行政区域。自治县人民政府驻城关镇。撤销石柱县。,县、自治县,county_level,：11月14日，《国务院关于四川省设立黔江土家族苗族自治县、彭水苗族土家族自治县、石柱土家族自治县的批复》（(83)国函字242号）：一、同意设立黔江土家族苗族自治县。自治县以原黔江县的行政区域为自治县的行政区域。自治县人民政府驻联合镇。撤销黔江县。二、同意设立彭水苗族土家族自治县。自治县以原彭水县的行政区域为自治县的行政区域。自治县人民政府驻汉葭镇。撤销彭水县。三、同意设立石柱土家族自治县，自治县以原石柱县的行政区域为自治县的行政区域。自治县人民政府驻城关镇。撤销石柱县。,1983年行政区划（第7页）,https://www.xzqh.org/html/show/cn/1983_7.html,,secondary_transcription_review_required,SRC-XZQH-1983-Q4,secondary_transcription,区划地名网 1983年行政区划 第7页,secondary_transcription
XZQH-COUNTY-1983-Q4-007,1983,国务院批复转录 / 1983-10—1983-12,jurisdiction_transfer,张家口地区、石家庄地区、保定地区、张家口市、承德地区、沧州地区、石家庄市、邯郸地区、保定市、承德市、沧州市、邯郸市,CNUR-000003、CNUR-000006、CNUR-000008、CNUR-000009、CNUR-000010、CNUR-000011、CNUR-000350、CNUR-000351、CNUR-000352、CNUR-000353、CNUR-000355、CNUR-000356,国务院关于河北省邯郸等六个市、实行市、管县、张家口六个市、井陉二县、邯郸县、满城县、沧县、承德县、宣化县,井陉二县,石家庄市,11月15日，《国务院关于河北省邯郸等六个市实行市管县的批复》（(83)国函字243号）同意：一、邯郸、邢台、保定、沧州、承德、张家口六个市改由省直接领导。二、将石家庄地区的获鹿、井陉二县划归石家庄市管辖。三、将邯郸地区的邯郸县划归邯郸市管辖。四、将保定地区的满城县划归保定市管辖。五、将沧州地区的沧县划归沧州市管辖。六、将承德地区的承德县划归承德市管辖。七、将张家口地区的宣化县划归张家口市管辖。,县、市,county_level,：11月15日，《国务院关于河北省邯郸等六个市实行市管县的批复》（(83)国函字243号）同意：一、邯郸、邢台、保定、沧州、承德、张家口六个市改由省直接领导。二、将石家庄地区的获鹿、井陉二县划归石家庄市管辖。三、将邯郸地区的邯郸县划归邯郸市管辖。四、将保定地区的满城县划归保定市管辖。五、将沧州地区的沧县划归沧州市管辖。六、将承德地区的承德县划归承德市管辖。七、将张家口地区的宣化县划归张家口市管辖。,1983年行政区划（第7页）,https://www.xzqh.org/html/show/cn/1983_7.html,,secondary_transcription_review_required,SRC-XZQH-1983-Q4,secondary_transcription,区划地名网 1983年行政区划 第7页,secondary_transcription
XZQH-COUNTY-1983-Q4-008,1983,国务院批复转录 / 1983-10—1983-12,split,黄山市,CNUR-000106,太平县、域和歙县、石台县、广阳公社及黄山管理局现有辖区,,域和歙县,12月1日，《国务院关于安徽省设立黄山市的批复》（(83)国函字254号）：同意设立黄山市（县级）。撤销太平县建制，以太平县的行政区域和歙县黄山公社、石台县广阳公社及黄山管理局现有辖区为黄山市的行政区域。,区、县,county_level,：12月1日，《国务院关于安徽省设立黄山市的批复》（(83)国函字254号）：同意设立黄山市（县级）。撤销太平县建制，以太平县的行政区域和歙县黄山公社、石台县广阳公社及黄山管理局现有辖区为黄山市的行政区域。,1983年行政区划（第7页）,https://www.xzqh.org/html/show/cn/1983_7.html,,secondary_transcription_review_required,SRC-XZQH-1983-Q4,secondary_transcription,区划地名网 1983年行政区划 第7页,secondary_transcription
XZQH-COUNTY-1983-Q4-009,1983,国务院批复转录 / 1983-10—1983-12,merge,惠阳地区、中山市、佛山市、广州市、梅州市、汕头市、江门市、湛江市、潮州市、珠海市、茂名市、韶关市,CNUR-000196、CNUR-000197、CNUR-000199、CNUR-000200、CNUR-000201、CNUR-000202、CNUR-000203、CNUR-000204、CNUR-000207、CNUR-000213、CNUR-000214、CNUR-000347,国务院关于广东省实行市、领导县、高明四县、鹤山五县、斗门县、中山县、域为中山市、南澳八县、陆丰两县、潮安县、连县、乳源瑶族自治县、连南瑶族自治县、连山壮族瑶族自治县、共十一县、佛冈两县、吴川五县、电白四县、阳春两县、梅县、与梅州市,中山县,中山市,12月22日，《国务院关于广东省实行市领导县体制的批复》（(83)国函字269号）同意：一、撤销佛山地区。将南海、三水、顺德、高明四县划归佛山市管辖；将开平、台山、恩平、新会、鹤山五县划归江门市管辖；将斗门县划归珠海市管辖。撤销中山县，设立中山市（县级），以中山县的行政区域为中山市的行政区域。二、撤销汕头地区。将澄海、潮阳、揭阳、揭西、普宁、惠来、饶平、南澳八县划归汕头市管辖；将海丰、陆丰两县划归惠阳地区。撤销潮安县，将潮安县的行政区域并入潮州市。三、撤销韶关地区。将南雄、始兴、仁化、乐昌、翁源、英德、阳山、连县、乳源瑶族自治县、连南瑶族自治县、连山壮族瑶族自治县共十一县划归韶关市管辖；将清远、佛冈两县划归广州市管辖。四、撤销湛江地区。将徐闻、海康、廉江、遂溪、吴川五县划归湛江市管辖；将高州、化州、信宜、电白四县划归茂名市管辖；将阳江、阳春两县划归江门市管辖。五、撤销梅县、梅州市。梅县与梅州市合并，设立梅县市（县级）。,县、市、自治县,county_level,：12月22日，《国务院关于广东省实行市领导县体制的批复》（(83)国函字269号）同意：一、撤销佛山地区。将南海、三水、顺德、高明四县划归佛山市管辖；将开平、台山、恩平、新会、鹤山五县划归江门市管辖；将斗门县划归珠海市管辖。撤销中山县，设立中山市（县级），以中山县的行政区域为中山市的行政区域。二、撤销汕头地区。将澄海、潮阳、揭阳、揭西、普宁、惠来、饶平、南澳八县划归汕头市管辖；将海丰、陆丰两县划归惠阳地区。撤销潮安县，将潮安县的行政区域并入潮州市。三、撤销韶关地区。将南雄、始兴、仁化、乐昌、翁源、英德、阳山、连县、乳源瑶族自治县、连南瑶族自治县、连山壮族瑶族自治县共十一县划归韶关市管辖；将清远、佛冈两县划归广州市管辖。四、撤销湛江地区。将徐闻、海康、廉江、遂溪、吴川五县划归湛江市管辖；将高州、化州、信宜、电白四县划归茂名市管辖；将阳江、阳春两县划归江门市管辖。五、撤销梅县、梅州市。梅县与梅州市合并，设立梅县市（县级）。,1983年行政区划（第7页）,https://www.xzqh.org/html/show/cn/1983_7.html,,secondary_transcription_review_required,SRC-XZQH-1983-Q4,secondary_transcription,区划地名网 1983年行政区划 第7页,secondary_transcription
XZQH-COUNTY-1983-Q4-010,1983,国务院批复转录 / 1983-10—1983-12,county_change,宁波市,CNUR-000088,国务院关于浙江省调整宁波市、同意将鄞县、潘火公社二个大队和镇海县,,,12月26日，《国务院关于浙江省调整宁波市行政区划的批复》（(83)国函字270号）：同意将鄞县的段塘镇、福明公社，以及望春公社二个大队，梅墟公社四个大队，潘火公社二个大队和镇海县的城关镇、俞范镇、新凑颍?约白?泄?缌?龃蠖樱?俳??缥甯龃蠖樱?「酃?缡?龃蠖樱??瞎?缫桓龃蠖踊?槟?ㄊ泄芟健本站内容是根据各种公开资料整理，仅供行政区划爱好者交流使用。本站对本页内容准确性、及时性不作任何保证。如需转载或引用，请自行核实内容。转载请保留本页地址:https://www.xzqh.org/html/show/cn/1983.html上一页1234567下一页首页国内行政区划苏家洼镇2021年行政区划2020年行政区划2019年行政区划2018年行政区划2017年行政区划2016年行政区划2015年行政区划2014年行政区划2013年行政区划2012年行政区划2011年行政区划2010年行政区划2009年行政区划2008年行政区划2007年行政区划2006年行政区划2005年行政区划2004年行政区划2003年行政区划2002年行政区划2001年行政区划2000年行政区划1999年行政区划1998年行政区划1997年行政区划1996年行政区划1995年行政区划1994年行政区划1993年行政区划1992年行政区划1991年行政区划1990年行政区划1989年行政区划1988年行政区划1987年行政区划1986年行政区划1985年行政区划1984年行政区划1983年行政区划1982年行政区划1981年行政区划1980年行政区划1979年行政区划1978年行政区划张西堡镇广府镇南沿村镇永合会镇西苏乡界河店乡刘营乡刘汉乡正西乡讲武乡曲陌乡辛庄堡乡西河庄乡网站首页|返回顶部|网站地图|联系我们©2001-2022  区划地名网（行政区划网） 沪ICP备13003942号-1,县、市,county_level,：12月26日，《国务院关于浙江省调整宁波市行政区划的批复》（(83)国函字270号）：同意将鄞县的段塘镇、福明公社，以及望春公社二个大队，梅墟公社四个大队，潘火公社二个大队和镇海县的城关镇、俞范镇、新凑颍?约白?泄?缌?龃蠖樱?俳??缥甯龃蠖樱?「酃?缡?龃蠖樱??瞎?缫桓龃蠖踊?槟?ㄊ泄芟健本站内容是根据各种公开资料整理，仅供行政区划爱好者交流使用。本站对本页内容准确性、及时性不作任何保证。如需转载或引用，请自行核实内容。转载请保留本页地址:https://www.xzqh.org/html/show/cn/1983.html上一页1234567下一页首页国内行政区划苏家洼镇2021年行政区划2020年行政区划2019年行政区划2018年行政区划2017年行政区划2016年行政区划2015年行政区划2014年行政区划2013年行政区划2012年行政区划2011年行政区划2010年行政区划2009年行政区划2008年行政区划2007年行政区划2006年行政区划2005年行政区划2004年行政区划2003年行政区划2002年行政区划2001年行政区划2000年行政区划1999年行政区划1998年行政区划1997年行政区划1996年行政区划1995年行政区划1994年行政区划1993年行政区划1992年行政区划1991年行政区划1990年行政区划1989年行政区划1988年行政区划1987年行政区划1986年行政区划1985年行政区划1984年行政区划1983年行政区划1982年行政区划1981年行政区划1980年行政区划1979年行政区划1978年行政区划张西堡镇广府镇南沿村镇永合会镇西苏乡界河店乡刘营乡刘汉乡正西乡讲武乡曲陌乡辛庄堡乡西河庄乡网站首页|返回顶部|网站地图|联系我们©2001-2022  区划地名网（行政区划网） 沪ICP备13003942号-1,1983年行政区划（第7页）,https://www.xzqh.org/html/show/cn/1983_7.html,,secondary_transcription_review_required,SRC-XZQH-1983-Q4,secondary_transcription,区划地名网 1983年行政区划 第7页,secondary_transcription
RMRB-COUNTY-1984-01-31-001,1984,内蒙古自治区 / 1984-07—1984-12,split,,,临河县、临河市、域为临河市,临河县,临河市,：撤销临河县，设立临河市（县级），以原临河县的行政区域为临河市的行政区域。,县、市,county_level,内蒙古自治区：：撤销临河县，设立临河市（县级），以原临河县的行政区域为临河市的行政区域。,一九八四年下半年全国行政区划变更情况,https://cn.govopendata.com/renminribao/1985/1/31/4/,,source_text_parsed_review_required,SRC-RMRB-1984-01-31,people_daily_summary,人民日报 1985-01-31 第4版,primary_text
RMRB-COUNTY-1984-01-31-002,1984,黑龙江省 / 1984-07—1984-12,split,,,安达县、安达市、域为安达市,安达县,安达市,撤销安达县，设立安达市（县级），以原安达县的行政区域为安达市的行政区域,县、市,county_level,黑龙江省：撤销安达县，设立安达市（县级），以原安达县的行政区域为安达市的行政区域,一九八四年下半年全国行政区划变更情况,https://cn.govopendata.com/renminribao/1985/1/31/4/,,source_text_parsed_review_required,SRC-RMRB-1984-01-31,people_daily_summary,人民日报 1985-01-31 第4版,primary_text
RMRB-COUNTY-1984-01-31-003,1984,黑龙江省 / 1984-07—1984-12,merge,,,友谊县、合并于集贤县、域为友谊县,友谊县,合并于集贤县,恢复友谊县，以合并于集贤县的原友谊县的行政区域为友谊县的行政区域，县人民政府驻友谊镇,县,county_level,黑龙江省：恢复友谊县，以合并于集贤县的原友谊县的行政区域为友谊县的行政区域，县人民政府驻友谊镇,一九八四年下半年全国行政区划变更情况,https://cn.govopendata.com/renminribao/1985/1/31/4/,,source_text_parsed_review_required,SRC-RMRB-1984-01-31,people_daily_summary,人民日报 1985-01-31 第4版,primary_text
RMRB-COUNTY-1984-01-31-004,1984,黑龙江省 / 1984-07—1984-12,jurisdiction_transfer,齐齐哈尔市,CNUR-000061,杜尔伯特蒙古族自治县、共十一县,杜尔伯特蒙古族自治县、共十一县,齐齐哈尔市,撤销嫩江地区，将讷河、拜泉、龙江、依安、克山、克东、甘南、泰来、富裕、林甸、杜尔伯特蒙古族自治县共十一县划归齐齐哈尔市管辖,县、自治县,county_level,黑龙江省：撤销嫩江地区，将讷河、拜泉、龙江、依安、克山、克东、甘南、泰来、富裕、林甸、杜尔伯特蒙古族自治县共十一县划归齐齐哈尔市管辖,一九八四年下半年全国行政区划变更情况,https://cn.govopendata.com/renminribao/1985/1/31/4/,,source_text_parsed_review_required,SRC-RMRB-1984-01-31,people_daily_summary,人民日报 1985-01-31 第4版,primary_text
RMRB-COUNTY-1984-01-31-005,1984,黑龙江省 / 1984-07—1984-12,jurisdiction_transfer,佳木斯市,CNUR-000067,友谊共十三县,友谊共十三县,佳木斯市,撤销合江地区，将桦南、集贤、宝清、富锦、依兰、汤原、桦川、萝北、绥滨、饶河、同江、抚远、友谊共十三县划归佳木斯市管辖,县,county_level,黑龙江省：撤销合江地区，将桦南、集贤、宝清、富锦、依兰、汤原、桦川、萝北、绥滨、饶河、同江、抚远、友谊共十三县划归佳木斯市管辖,一九八四年下半年全国行政区划变更情况,https://cn.govopendata.com/renminribao/1985/1/31/4/,,source_text_parsed_review_required,SRC-RMRB-1984-01-31,people_daily_summary,人民日报 1985-01-31 第4版,primary_text
RMRB-COUNTY-1984-01-31-006,1984,福建省 / 1984-07—1984-12,split,,,永安县、永安市、域为永安市,永安县,永安市,：撤销永安县，设立永安市（县级），以原永安县的行政区域为永安市的行政区域。,县、市,county_level,福建省：：撤销永安县，设立永安市（县级），以原永安县的行政区域为永安市的行政区域。,一九八四年下半年全国行政区划变更情况,https://cn.govopendata.com/renminribao/1985/1/31/4/,,source_text_parsed_review_required,SRC-RMRB-1984-01-31,people_daily_summary,人民日报 1985-01-31 第4版,primary_text
RMRB-COUNTY-1984-01-31-007,1984,江西省 / 1984-07—1984-12,split,,,井冈山县、井冈山市、域为井冈山市,井冈山县,井冈山市,：撤销井冈山县，设立井冈山市（县级），以原井冈山县的行政区域为井冈山市的行政区域。,县、市,county_level,江西省：：撤销井冈山县，设立井冈山市（县级），以原井冈山县的行政区域为井冈山市的行政区域。,一九八四年下半年全国行政区划变更情况,https://cn.govopendata.com/renminribao/1985/1/31/4/,,source_text_parsed_review_required,SRC-RMRB-1984-01-31,people_daily_summary,人民日报 1985-01-31 第4版,primary_text
RMRB-COUNTY-1984-01-31-008,1984,湖北省 / 1984-07—1984-12,split,,,五峰县、五峰土家族自治县、域为五峰土家族自治县,五峰县,五峰土家族自治县,撤销五峰县，设立五峰土家族自治县，以原五峰县的行政区域为五峰土家族自治县的行政区域,县、自治县,county_level,湖北省：撤销五峰县，设立五峰土家族自治县，以原五峰县的行政区域为五峰土家族自治县的行政区域,一九八四年下半年全国行政区划变更情况,https://cn.govopendata.com/renminribao/1985/1/31/4/,,source_text_parsed_review_required,SRC-RMRB-1984-01-31,people_daily_summary,人民日报 1985-01-31 第4版,primary_text
RMRB-COUNTY-1984-01-31-009,1984,湖北省 / 1984-07—1984-12,split,,,长阳县、长阳土家族自治县、域为长阳土家族自治县,长阳县,长阳土家族自治县,撤销长阳县，设立长阳土家族自治县，以原长阳县的行政区域为长阳土家族自治县的行政区域,县、自治县,county_level,湖北省：撤销长阳县，设立长阳土家族自治县，以原长阳县的行政区域为长阳土家族自治县的行政区域,一九八四年下半年全国行政区划变更情况,https://cn.govopendata.com/renminribao/1985/1/31/4/,,source_text_parsed_review_required,SRC-RMRB-1984-01-31,people_daily_summary,人民日报 1985-01-31 第4版,primary_text
RMRB-COUNTY-1984-01-31-010,1984,湖南省 / 1984-07—1984-12,split,,,资兴县、资兴市、域和郴县、域为资兴市,资兴县,资兴市,：撤销资兴县，设立资兴市（县级），以原资兴县的行政区域和郴县的部分行政区域为资兴市的行政区域。,县、市,county_level,湖南省：：撤销资兴县，设立资兴市（县级），以原资兴县的行政区域和郴县的部分行政区域为资兴市的行政区域。,一九八四年下半年全国行政区划变更情况,https://cn.govopendata.com/renminribao/1985/1/31/4/,,source_text_parsed_review_required,SRC-RMRB-1984-01-31,people_daily_summary,人民日报 1985-01-31 第4版,primary_text
RMRB-COUNTY-1984-01-31-011,1984,四川省 / 1984-07—1984-12,merge,德阳市,CNUR-000240,德阳县、中区,德阳县,中区,：撤销德阳县，将原德阳县的行政区域并入德阳市。德阳市设立市中区。,区、县,county_level,四川省：：撤销德阳县，将原德阳县的行政区域并入德阳市。德阳市设立市中区。,一九八四年下半年全国行政区划变更情况,https://cn.govopendata.com/renminribao/1985/1/31/4/,,source_text_parsed_review_required,SRC-RMRB-1984-01-31,people_daily_summary,人民日报 1985-01-31 第4版,primary_text
RMRB-COUNTY-1984-01-31-012,1984,宁夏回族自治区 / 1984-07—1984-12,abolish,,,青铜峡县、青铜峡市、域为青铜峡市,青铜峡县,,：撤销青铜峡县，恢复青铜峡市（县级），以原青铜峡县的行政区域为青铜峡市行政区域。,县、市,county_level,宁夏回族自治区：：撤销青铜峡县，恢复青铜峡市（县级），以原青铜峡县的行政区域为青铜峡市行政区域。,一九八四年下半年全国行政区划变更情况,https://cn.govopendata.com/renminribao/1985/1/31/4/,,source_text_parsed_review_required,SRC-RMRB-1984-01-31,people_daily_summary,人民日报 1985-01-31 第4版,primary_text
RMRB-COUNTY-1984-01-31-013,1984,新疆维吾尔自治区 / 1984-07—1984-12,jurisdiction_transfer,伊犁哈萨克自治州、伊犁地区,CNUR-000337、CNUR-000338,伊犁哈萨克自治州直辖的伊宁市、伊宁县、尼勒克县、新源县、巩留县、特克斯县、昭苏县、霍城县、察布查尔锡伯自治县,伊犁哈萨克自治州直辖的伊宁市、伊宁县、尼勒克县、新源县、巩留县、特克斯县、昭苏县、霍城县、察布查尔锡伯自治县,伊宁县,恢复伊犁地区，将原伊犁哈萨克自治州直辖的伊宁市、伊宁县、尼勒克县、新源县、巩留县、特克斯县、昭苏县、霍城县、察布查尔锡伯自治县划归伊犁地区。伊犁地区行政公署驻伊宁市,县、市、自治县,county_level,新疆维吾尔自治区：恢复伊犁地区，将原伊犁哈萨克自治州直辖的伊宁市、伊宁县、尼勒克县、新源县、巩留县、特克斯县、昭苏县、霍城县、察布查尔锡伯自治县划归伊犁地区。伊犁地区行政公署驻伊宁市,一九八四年下半年全国行政区划变更情况,https://cn.govopendata.com/renminribao/1985/1/31/4/,,source_text_parsed_review_required,SRC-RMRB-1984-01-31,people_daily_summary,人民日报 1985-01-31 第4版,primary_text
RMRB-COUNTY-1984-01-31-014,1984,新疆维吾尔自治区 / 1984-07—1984-12,jurisdiction_transfer,伊犁哈萨克自治州、阿勒泰地区、伊犁地区、塔城地区,CNUR-000337、CNUR-000338、CNUR-000339、CNUR-000340,奎屯市,奎屯市,,伊犁哈萨克自治州管辖伊犁地区、塔城地区、阿勒泰地区和奎屯市（县级,市,county_level,新疆维吾尔自治区：伊犁哈萨克自治州管辖伊犁地区、塔城地区、阿勒泰地区和奎屯市（县级,一九八四年下半年全国行政区划变更情况,https://cn.govopendata.com/renminribao/1985/1/31/4/,,source_text_parsed_review_required,SRC-RMRB-1984-01-31,people_daily_summary,人民日报 1985-01-31 第4版,primary_text
RMRB-COUNTY-1984-01-31-015,1984,新疆维吾尔自治区 / 1984-07—1984-12,split,,,塔城县、塔城市、域为塔城市,塔城县,塔城市,撤销塔城县，设立塔城市（县级），以原塔城县的行政区域为塔城市的行政区域,县、市,county_level,新疆维吾尔自治区：撤销塔城县，设立塔城市（县级），以原塔城县的行政区域为塔城市的行政区域,一九八四年下半年全国行政区划变更情况,https://cn.govopendata.com/renminribao/1985/1/31/4/,,source_text_parsed_review_required,SRC-RMRB-1984-01-31,people_daily_summary,人民日报 1985-01-31 第4版,primary_text
RMRB-COUNTY-1984-01-31-016,1984,新疆维吾尔自治区 / 1984-07—1984-12,split,,,阿勒泰县、阿勒泰市、域为阿勒泰市,阿勒泰县,阿勒泰市,撤销阿勒泰县，设立阿勒泰市（县级），以原阿勒泰县的行政区域为阿勒泰市的行政区域,县、市,county_level,新疆维吾尔自治区：撤销阿勒泰县，设立阿勒泰市（县级），以原阿勒泰县的行政区域为阿勒泰市的行政区域,一九八四年下半年全国行政区划变更情况,https://cn.govopendata.com/renminribao/1985/1/31/4/,,source_text_parsed_review_required,SRC-RMRB-1984-01-31,people_daily_summary,人民日报 1985-01-31 第4版,primary_text
RMRB-COUNTY-1984-01-31-017,1984,新疆维吾尔自治区 / 1984-07—1984-12,split,吐鲁番市,CNUR-000328,吐鲁番县、域为吐鲁番市,吐鲁番县,吐鲁番市,撤销吐鲁番县，设立吐鲁番市（县级），以原吐鲁番县的行政区域为吐鲁番市的行政区域,县、市,county_level,新疆维吾尔自治区：撤销吐鲁番县，设立吐鲁番市（县级），以原吐鲁番县的行政区域为吐鲁番市的行政区域,一九八四年下半年全国行政区划变更情况,https://cn.govopendata.com/renminribao/1985/1/31/4/,,source_text_parsed_review_required,SRC-RMRB-1984-01-31,people_daily_summary,人民日报 1985-01-31 第4版,primary_text
XZQH-COUNTY-1984-H1-001,1984,国务院批复转录 / 1984-01—1984-06,jurisdiction_transfer,三亚市、海口市,CNUR-000231、CNUR-000232,儋县、海南黎族苗族自治州及其所属的三亚市、昌江县,儋县,海南黎族苗族自治州及其所属的三亚市,5月31日，《第六届全国人民代表大会第二次会议关于海南行政区建置的决定》：第六届全国人民代表大会第二次会议审议了国务院关于成立海南行政区人民政府的议案，决定设立海南行政区，统一管辖海口市、琼山、琼海、文昌、万宁、定安、屯昌、澄迈、临高、儋县和海南黎族苗族自治州及其所属的三亚市、东方、乐东、琼中、保亭、陵水、白沙、昌江县以及西沙群岛、南沙群岛、中沙群岛的岛礁及其海域。海南行政区设人民代表大会和人民政府，是一级地方国家政权机关。行政区人民政府设主席、副主席，由行政区人民代表大会选举产生。海南行政区人民政府归广东省人民政府领导。海南行政区的国家机构的组织和职权另行规定。,县、市,county_level,：5月31日，《第六届全国人民代表大会第二次会议关于海南行政区建置的决定》：第六届全国人民代表大会第二次会议审议了国务院关于成立海南行政区人民政府的议案，决定设立海南行政区，统一管辖海口市、琼山、琼海、文昌、万宁、定安、屯昌、澄迈、临高、儋县和海南黎族苗族自治州及其所属的三亚市、东方、乐东、琼中、保亭、陵水、白沙、昌江县以及西沙群岛、南沙群岛、中沙群岛的岛礁及其海域。海南行政区设人民代表大会和人民政府，是一级地方国家政权机关。行政区人民政府设主席、副主席，由行政区人民代表大会选举产生。海南行政区人民政府归广东省人民政府领导。海南行政区的国家机构的组织和职权另行规定。,1984年行政区划（第3页）,https://www.xzqh.org/html/show/cn/1984_3.html,,secondary_transcription_review_required,SRC-XZQH-1984-H1,secondary_transcription,区划地名网 1984年行政区划 第3页,secondary_transcription
XZQH-COUNTY-1984-H1-002,1984,国务院批复转录 / 1984-01—1984-06,jurisdiction_transfer,营口市,CNUR-000044,国务院关于辽宁省调整营口市、同意调整营口市、与盖县、盖县、鲅鱼圈区,盖县,营口市,1月27日，《国务院关于辽宁省调整营口市行政区域界线的批复》（(84)国函字18号）：同意调整营口市与盖县的行政区域界线，将盖县的鲅鱼圈公社划归营口市管辖，设立鲅鱼圈区。,区、县、市,county_level,：1月27日，《国务院关于辽宁省调整营口市行政区域界线的批复》（(84)国函字18号）：同意调整营口市与盖县的行政区域界线，将盖县的鲅鱼圈公社划归营口市管辖，设立鲅鱼圈区。,1984年行政区划（第3页）,https://www.xzqh.org/html/show/cn/1984_3.html,,secondary_transcription_review_required,SRC-XZQH-1984-H1,secondary_transcription,区划地名网 1984年行政区划 第3页,secondary_transcription
XZQH-COUNTY-1984-H1-003,1984,国务院批复转录 / 1984-01—1984-06,jurisdiction_transfer,,,国务院关于四川省调整达县、市与达县、同意将达县、河市,国务院关于四川省调整达县,市与达县,2月6日，《国务院关于四川省调整达县市与达县行政区域界线的批复》（(84)国函字21号）：同意将达县罗江公社的三生产大队四生产队；河市公社的一生产大队二生产队，二生产大队七、九、十二生产队，八生产大队一、二、三、四、五、六、十一生产队，共十二个生产队划归达县市。,县、市,county_level,：2月6日，《国务院关于四川省调整达县市与达县行政区域界线的批复》（(84)国函字21号）：同意将达县罗江公社的三生产大队四生产队；河市公社的一生产大队二生产队，二生产大队七、九、十二生产队，八生产大队一、二、三、四、五、六、十一生产队，共十二个生产队划归达县市。,1984年行政区划（第3页）,https://www.xzqh.org/html/show/cn/1984_3.html,,secondary_transcription_review_required,SRC-XZQH-1984-H1,secondary_transcription,区划地名网 1984年行政区划 第3页,secondary_transcription
XZQH-COUNTY-1984-H1-004,1984,国务院批复转录 / 1984-01—1984-06,jurisdiction_transfer,,,国务院关于云南省调整东川市、与寻甸回族彝族自治县、同意将寻甸回族彝族自治县,寻甸回族彝族自治县,东川市,3月2日，《国务院关于云南省调整东川市与寻甸回族彝族自治县行政区域界线的批复》（(84)国函字35号）：同意将寻甸回族彝族自治县的阿旺公社划归东川市管辖。,市、自治县,county_level,：3月2日，《国务院关于云南省调整东川市与寻甸回族彝族自治县行政区域界线的批复》（(84)国函字35号）：同意将寻甸回族彝族自治县的阿旺公社划归东川市管辖。,1984年行政区划（第3页）,https://www.xzqh.org/html/show/cn/1984_3.html,,secondary_transcription_review_required,SRC-XZQH-1984-H1,secondary_transcription,区划地名网 1984年行政区划 第3页,secondary_transcription
XZQH-COUNTY-1984-H1-005,1984,国务院批复转录 / 1984-01—1984-06,county_change,,,国务院关于甘肃省天祝藏族自治县、迁移县、同意天祝藏族自治县,,,3月23日，《国务院关于甘肃省天祝藏族自治县迁移县址的批复》（(84)国函字53号）：同意天祝藏族自治县的县址从安远镇迁到华藏寺。,县、自治县,county_level,：3月23日，《国务院关于甘肃省天祝藏族自治县迁移县址的批复》（(84)国函字53号）：同意天祝藏族自治县的县址从安远镇迁到华藏寺。,1984年行政区划（第3页）,https://www.xzqh.org/html/show/cn/1984_3.html,,secondary_transcription_review_required,SRC-XZQH-1984-H1,secondary_transcription,区划地名网 1984年行政区划 第3页,secondary_transcription
XZQH-COUNTY-1984-H1-006,1984,国务院批复转录 / 1984-01—1984-06,jurisdiction_transfer,岳阳市、株洲市、益阳市、衡阳市、郴州市,CNUR-000183、CNUR-000185、CNUR-000187、CNUR-000190、CNUR-000191,国务院关于湖南省调整部分市、调整株洲市、株洲县、调整衡阳市、衡南二县、衡阳县、衡南县、平田四个大队和云市、调整郴州市、与郴县、郴县、调整益阳市、与益阳县、益阳县、调整岳阳市、与临湘县、临湘县、长炼两厂厂区、南区、北区、郊区、三个区,株洲县,株洲市,4月6日，《国务院关于湖南省调整部分市县行政区域界线的批复》（(84)国函字58号）同意：一、调整株洲市和株洲县的行政区域界线，将株洲县的龙头铺、明照、蝶屏、云田四个公社和白关公社的关口、新庄、道田、百井、罗塘、五里墩六个大队划归株洲市管辖。二、调整衡阳市与衡阳、衡南二县的行政区域界线，将衡阳县的新安公社，衡南县车江公社的沿江、兴隆、新田、平田四个大队和云市公社的新龙大队划归衡阳市管辖。三、调整郴州市与郴县的行政区域界线，将郴县安和公社的下塘、坦山、安和、下风、张家坪、雷大桥、增湖七个大队划归郴州市管辖。四、调整益阳市与益阳县的行政区域界线，将益阳县的长春、过鹿坪、香铺仑、迎丰桥、李昌港、新桥河、杨林坳七个公社和新桥河镇划归益阳市管辖。五、调整岳阳市与临湘县的行政区域界线，将临湘县的岳化、长炼两厂厂区，云溪、路口两镇，云溪、陆城、文桥三个公社，路口公社的路口、南岳、牌楼、江湖、枧冲、南太、南山、新华、省塘九个大队，新合大队的李家、沈家、马形、陀鹤四个生产队，松阳湖农场、白泥湖、芭蕉湖划归岳阳市管辖。岳阳市设南区、北区、郊区三个区。,区、县、市,county_level,：4月6日，《国务院关于湖南省调整部分市县行政区域界线的批复》（(84)国函字58号）同意：一、调整株洲市和株洲县的行政区域界线，将株洲县的龙头铺、明照、蝶屏、云田四个公社和白关公社的关口、新庄、道田、百井、罗塘、五里墩六个大队划归株洲市管辖。二、调整衡阳市与衡阳、衡南二县的行政区域界线，将衡阳县的新安公社，衡南县车江公社的沿江、兴隆、新田、平田四个大队和云市公社的新龙大队划归衡阳市管辖。三、调整郴州市与郴县的行政区域界线，将郴县安和公社的下塘、坦山、安和、下风、张家坪、雷大桥、增湖七个大队划归郴州市管辖。四、调整益阳市与益阳县的行政区域界线，将益阳县的长春、过鹿坪、香铺仑、迎丰桥、李昌港、新桥河、杨林坳七个公社和新桥河镇划归益阳市管辖。五、调整岳阳市与临湘县的行政区域界线，将临湘县的岳化、长炼两厂厂区，云溪、路口两镇，云溪、陆城、文桥三个公社，路口公社的路口、南岳、牌楼、江湖、枧冲、南太、南山、新华、省塘九个大队，新合大队的李家、沈家、马形、陀鹤四个生产队，松阳湖农场、白泥湖、芭蕉湖划归岳阳市管辖。岳阳市设南区、北区、郊区三个区。,1984年行政区划（第3页）,https://www.xzqh.org/html/show/cn/1984_3.html,,secondary_transcription_review_required,SRC-XZQH-1984-H1,secondary_transcription,区划地名网 1984年行政区划 第3页,secondary_transcription
XZQH-COUNTY-1984-H1-007,1984,国务院批复转录 / 1984-01—1984-06,jurisdiction_transfer,,,峨边彝族自治县、马边彝族自治县、马边县、自治县、域为自治县、峨边县,马边彝族自治县、峨边彝族自治县,马边彝族自治县,4月9日，《国务院关于四川省设立马边彝族自治县和峨边彝族自治县的批复》（(84)国函字59号）同意：一、设立马边彝族自治县，撤销马边县。自治县以原马边县的行政区域为自治县的行政区域。自治县人民政府驻城关镇。二、设立峨边彝族自治县，撤销峨边县。自治县以原峨边县的行政区域为自治县的行政区域。自治县人民政府驻城关镇。三、将马边彝族自治县和峨边彝族自治县划归乐山地区。,县、自治县,county_level,：4月9日，《国务院关于四川省设立马边彝族自治县和峨边彝族自治县的批复》（(84)国函字59号）同意：一、设立马边彝族自治县，撤销马边县。自治县以原马边县的行政区域为自治县的行政区域。自治县人民政府驻城关镇。二、设立峨边彝族自治县，撤销峨边县。自治县以原峨边县的行政区域为自治县的行政区域。自治县人民政府驻城关镇。三、将马边彝族自治县和峨边彝族自治县划归乐山地区。,1984年行政区划（第3页）,https://www.xzqh.org/html/show/cn/1984_3.html,,secondary_transcription_review_required,SRC-XZQH-1984-H1,secondary_transcription,区划地名网 1984年行政区划 第3页,secondary_transcription
XZQH-COUNTY-1984-H1-008,1984,国务院批复转录 / 1984-01—1984-06,jurisdiction_transfer,襄樊市,CNUR-000173,国务院关于湖北省扩大襄樊市、郊区、同意将襄阳县、县林场和隆中风景区、部分区,襄阳县、县林场和隆中风景区、部分区,襄樊市,4月27日，《国务院关于湖北省扩大襄樊市郊区的批复》（(84)国函字68号）：同意将襄阳县的三十一个大队、县林场和隆中风景区的部分区域划归襄樊市管辖。,区、县、市,county_level,：4月27日，《国务院关于湖北省扩大襄樊市郊区的批复》（(84)国函字68号）：同意将襄阳县的三十一个大队、县林场和隆中风景区的部分区域划归襄樊市管辖。,1984年行政区划（第3页）,https://www.xzqh.org/html/show/cn/1984_3.html,,secondary_transcription_review_required,SRC-XZQH-1984-H1,secondary_transcription,区划地名网 1984年行政区划 第3页,secondary_transcription
XZQH-COUNTY-1984-H1-009,1984,国务院批复转录 / 1984-01—1984-06,jurisdiction_transfer,辽阳市,CNUR-000046,国务院关于辽宁省扩大辽阳市、郊区、弓长岭区、同意将辽阳县,辽阳县,辽阳市,5月10日，《国务院关于辽宁省扩大辽阳市郊区和设立弓长岭区的批复》（(84)国函字74号）：同意将辽阳县的弓长岭镇、安平镇和安平乡划归辽阳市管辖，设立弓长岭区。,区、县、市,county_level,：5月10日，《国务院关于辽宁省扩大辽阳市郊区和设立弓长岭区的批复》（(84)国函字74号）：同意将辽阳县的弓长岭镇、安平镇和安平乡划归辽阳市管辖，设立弓长岭区。,1984年行政区划（第3页）,https://www.xzqh.org/html/show/cn/1984_3.html,,secondary_transcription_review_required,SRC-XZQH-1984-H1,secondary_transcription,区划地名网 1984年行政区划 第3页,secondary_transcription
XZQH-COUNTY-1984-H1-010,1984,国务院批复转录 / 1984-01—1984-06,jurisdiction_transfer,宜昌市、武汉市、沙市市、鄂州市,CNUR-000169、CNUR-000172、CNUR-000174、CNUR-000359,沙市、郊区、江陵县、宜昌县,鄂州市,武汉市,5月10日，《国务院关于湖北省扩大武汉、沙市、宜昌市郊区的批复》（(84)国函字76号）同意：一、将鄂州市左岭公社的金王、吕墩二个大队划归武汉市管辖。二、将江陵县岑河公社的常湾大队，麻林大队的十一个生产队，观音垱公社的白水、向湖二个大队划归沙市市管辖。三、将宜昌县的长岭、联棚二乡，小溪塔镇的碑垭大队，土门乡灵宝大队的八个生产队、车站大队的四个生产队，天台乡钟家畈大队的第八生产队划归宜昌市管辖。,区、县、市,county_level,：5月10日，《国务院关于湖北省扩大武汉、沙市、宜昌市郊区的批复》（(84)国函字76号）同意：一、将鄂州市左岭公社的金王、吕墩二个大队划归武汉市管辖。二、将江陵县岑河公社的常湾大队，麻林大队的十一个生产队，观音垱公社的白水、向湖二个大队划归沙市市管辖。三、将宜昌县的长岭、联棚二乡，小溪塔镇的碑垭大队，土门乡灵宝大队的八个生产队、车站大队的四个生产队，天台乡钟家畈大队的第八生产队划归宜昌市管辖。,1984年行政区划（第3页）,https://www.xzqh.org/html/show/cn/1984_3.html,,secondary_transcription_review_required,SRC-XZQH-1984-H1,secondary_transcription,区划地名网 1984年行政区划 第3页,secondary_transcription
XZQH-COUNTY-1984-H1-011,1984,国务院批复转录 / 1984-01—1984-06,split,三亚市,CNUR-000232,崖县、域为三亚市,崖县、三亚市,三亚市,5月19日，《国务院关于广东省撤销崖县设立三亚市的批复》（(84)国函字82号）：同意撤销崖县，设立三亚市（县级）。以原崖县的行政区域为三亚市的行政区域。,县、市,county_level,：5月19日，《国务院关于广东省撤销崖县设立三亚市的批复》（(84)国函字82号）：同意撤销崖县，设立三亚市（县级）。以原崖县的行政区域为三亚市的行政区域。,1984年行政区划（第3页）,https://www.xzqh.org/html/show/cn/1984_3.html,,secondary_transcription_review_required,SRC-XZQH-1984-H1,secondary_transcription,区划地名网 1984年行政区划 第3页,secondary_transcription
XZQH-COUNTY-1984-H1-012,1984,国务院批复转录 / 1984-01—1984-06,jurisdiction_transfer,佛山市,CNUR-000201,国务院关于广东省扩大佛山市、郊区、同意将南海县,南海县,佛山市,5月24日，《国务院关于广东省扩大佛山市郊区的批复》（(84)国函字84号）：同意将南海县的石(石肯)、叠南、叠北三个乡划归佛山市管辖。【注：(石肯)读音gěng】,区、县、市,county_level,：5月24日，《国务院关于广东省扩大佛山市郊区的批复》（(84)国函字84号）：同意将南海县的石(石肯)、叠南、叠北三个乡划归佛山市管辖。【注：(石肯)读音gěng】,1984年行政区划（第3页）,https://www.xzqh.org/html/show/cn/1984_3.html,,secondary_transcription_review_required,SRC-XZQH-1984-H1,secondary_transcription,区划地名网 1984年行政区划 第3页,secondary_transcription
XZQH-COUNTY-1984-H1-013,1984,国务院批复转录 / 1984-01—1984-06,jurisdiction_transfer,盘锦市、营口市,CNUR-000044、CNUR-000047,盘山县、域为盘锦市、郊区、三个区、大洼县,盘山县,盘锦市,6月5日，《国务院关于辽宁省设立盘锦市的批复》（(84)国函字89号）同意：一、撤销盘山县，设立盘锦市（地级），以原盘山县的行政区域为盘锦市的行政区域。盘锦市设盘山、兴隆台、郊区三个区。二、将营口市的大洼县划归盘锦市管辖。,区、县、市,county_level,：6月5日，《国务院关于辽宁省设立盘锦市的批复》（(84)国函字89号）同意：一、撤销盘山县，设立盘锦市（地级），以原盘山县的行政区域为盘锦市的行政区域。盘锦市设盘山、兴隆台、郊区三个区。二、将营口市的大洼县划归盘锦市管辖。,1984年行政区划（第3页）,https://www.xzqh.org/html/show/cn/1984_3.html,,secondary_transcription_review_required,SRC-XZQH-1984-H1,secondary_transcription,区划地名网 1984年行政区划 第3页,secondary_transcription
XZQH-COUNTY-1984-H1-014,1984,国务院批复转录 / 1984-01—1984-06,residence_change,,,国务院关于湖南省江华瑶族自治县、同意江华瑶族自治县,,,6月18日，《国务院关于湖南省江华瑶族自治县驻地迁至沱江镇的批复》（(84)国函字99号）：同意江华瑶族自治县驻地由水口镇迁至沱江镇。,自治县,county_level,：6月18日，《国务院关于湖南省江华瑶族自治县驻地迁至沱江镇的批复》（(84)国函字99号）：同意江华瑶族自治县驻地由水口镇迁至沱江镇。,1984年行政区划（第3页）,https://www.xzqh.org/html/show/cn/1984_3.html,,secondary_transcription_review_required,SRC-XZQH-1984-H1,secondary_transcription,区划地名网 1984年行政区划 第3页,secondary_transcription
XZQH-COUNTY-1984-H1-015,1984,国务院批复转录 / 1984-01—1984-06,jurisdiction_transfer,永州市,CNUR-000192,冷水滩市、零陵县、水口山六个区、四十个公社和楚江圩区、楚江圩四个区、二十六个公社和邮亭圩区、白塘公社为冷水滩市,零陵县、水口山六个区、四十个公社和楚江圩区,永州市,6月22日，《国务院关于湖南省撤销零陵县恢复冷水滩市的批复》（(84)国函字101号）同意：一、撤销零陵县。将零陵县的邮亭圩、菱角塘、黄田铺、富家桥、珠山、水口山六个区的四十个公社和楚江圩区的接履桥公社划归永州市管辖。二、恢复冷水滩市。以零陵县的冷水滩镇和冷水滩、黄阳司、普利桥、楚江圩四个区的二十六个公社和邮亭圩区的白塘公社为冷水滩市的行政区域。,区、县、市,county_level,：6月22日，《国务院关于湖南省撤销零陵县恢复冷水滩市的批复》（(84)国函字101号）同意：一、撤销零陵县。将零陵县的邮亭圩、菱角塘、黄田铺、富家桥、珠山、水口山六个区的四十个公社和楚江圩区的接履桥公社划归永州市管辖。二、恢复冷水滩市。以零陵县的冷水滩镇和冷水滩、黄阳司、普利桥、楚江圩四个区的二十六个公社和邮亭圩区的白塘公社为冷水滩市的行政区域。,1984年行政区划（第3页）,https://www.xzqh.org/html/show/cn/1984_3.html,,secondary_transcription_review_required,SRC-XZQH-1984-H1,secondary_transcription,区划地名网 1984年行政区划 第3页,secondary_transcription
RMRB-COUNTY-1985-09-12-001,1985,山西省 / 1985-01—1985-06,jurisdiction_transfer,长治市,CNUR-000017,沁县、沁源九县,沁县、沁源九县,长治市,撤销晋东南地区，将原晋东南地区的襄垣、屯留、平顺、黎城、壶关、长子、武乡、沁县、沁源九县划归长治市管辖,县,county_level,山西省：撤销晋东南地区，将原晋东南地区的襄垣、屯留、平顺、黎城、壶关、长子、武乡、沁县、沁源九县划归长治市管辖,1985年上半年全国县级以上行政区划变更情况,https://cn.govopendata.com/renminribao/1985/9/12/4/,,source_text_parsed_review_required,SRC-RMRB-1985-09-12,people_daily_summary,人民日报 1985-09-12 第4版,primary_text
RMRB-COUNTY-1985-09-12-002,1985,山西省 / 1985-01—1985-06,jurisdiction_transfer,晋城市,CNUR-000018,升为地级市、陵川四县,陵川四县,晋城市,晋城市升为地级市，将原晋东南地区的沁水、阳城、高平、陵川四县划归晋城市管辖,县、市,county_level,山西省：晋城市升为地级市，将原晋东南地区的沁水、阳城、高平、陵川四县划归晋城市管辖,1985年上半年全国县级以上行政区划变更情况,https://cn.govopendata.com/renminribao/1985/9/12/4/,,source_text_parsed_review_required,SRC-RMRB-1985-09-12,people_daily_summary,人民日报 1985-09-12 第4版,primary_text
RMRB-COUNTY-1985-09-12-003,1985,辽宁省 / 1985-01—1985-06,split,,,岫岩县、岫岩满族自治县、域为岫岩满族自治县,岫岩县,岫岩满族自治县,撤销岫岩县，设立岫岩满族自治县。以原岫岩县的行政区域为岫岩满族自治县的行政区域,县、自治县,county_level,辽宁省：撤销岫岩县，设立岫岩满族自治县。以原岫岩县的行政区域为岫岩满族自治县的行政区域,1985年上半年全国县级以上行政区划变更情况,https://cn.govopendata.com/renminribao/1985/9/12/4/,,source_text_parsed_review_required,SRC-RMRB-1985-09-12,people_daily_summary,人民日报 1985-09-12 第4版,primary_text
RMRB-COUNTY-1985-09-12-004,1985,辽宁省 / 1985-01—1985-06,split,,,凤城县、凤城满族自治县、域为凤城满族自治县,凤城县,凤城满族自治县,撤销凤城县，设立凤城满族自治县。以原凤城县的行政区域为凤城满族自治县的行政区域,县、自治县,county_level,辽宁省：撤销凤城县，设立凤城满族自治县。以原凤城县的行政区域为凤城满族自治县的行政区域,1985年上半年全国县级以上行政区划变更情况,https://cn.govopendata.com/renminribao/1985/9/12/4/,,source_text_parsed_review_required,SRC-RMRB-1985-09-12,people_daily_summary,人民日报 1985-09-12 第4版,primary_text
RMRB-COUNTY-1985-09-12-005,1985,辽宁省 / 1985-01—1985-06,split,,,新宾县、新宾满族自治县、域为新宾满族自治县,新宾县,新宾满族自治县,撤销新宾县，设立新宾满族自治县。以原新宾县的行政区域为新宾满族自治县的行政区域,县、自治县,county_level,辽宁省：撤销新宾县，设立新宾满族自治县。以原新宾县的行政区域为新宾满族自治县的行政区域,1985年上半年全国县级以上行政区划变更情况,https://cn.govopendata.com/renminribao/1985/9/12/4/,,source_text_parsed_review_required,SRC-RMRB-1985-09-12,people_daily_summary,人民日报 1985-09-12 第4版,primary_text
RMRB-COUNTY-1985-09-12-006,1985,辽宁省 / 1985-01—1985-06,split,锦西市,CNUR-000050,锦西县、域为锦西市,锦西县,锦西市,撤销锦西县，设立锦西市（县级）。以原锦西县的行政区域为锦西市的行政区域,县、市,county_level,辽宁省：撤销锦西县，设立锦西市（县级）。以原锦西县的行政区域为锦西市的行政区域,1985年上半年全国县级以上行政区划变更情况,https://cn.govopendata.com/renminribao/1985/9/12/4/,,source_text_parsed_review_required,SRC-RMRB-1985-09-12,people_daily_summary,人民日报 1985-09-12 第4版,primary_text
RMRB-COUNTY-1985-09-12-007,1985,辽宁省 / 1985-01—1985-06,split,,,北票县、北票市、域为北票市,北票县,北票市,撤销北票县，设立北票市（县级）。以原北票县的行政区域为北票市的行政区域,县、市,county_level,辽宁省：撤销北票县，设立北票市（县级）。以原北票县的行政区域为北票市的行政区域,1985年上半年全国县级以上行政区划变更情况,https://cn.govopendata.com/renminribao/1985/9/12/4/,,source_text_parsed_review_required,SRC-RMRB-1985-09-12,people_daily_summary,人民日报 1985-09-12 第4版,primary_text
RMRB-COUNTY-1985-09-12-008,1985,辽宁省 / 1985-01—1985-06,split,,,海城县、海城市、域为海城市,海城县,海城市,撤销海城县，设立海城市（县级）。以原海城县的行政区域为海城市的行政区域,县、市,county_level,辽宁省：撤销海城县，设立海城市（县级）。以原海城县的行政区域为海城市的行政区域,1985年上半年全国县级以上行政区划变更情况,https://cn.govopendata.com/renminribao/1985/9/12/4/,,source_text_parsed_review_required,SRC-RMRB-1985-09-12,people_daily_summary,人民日报 1985-09-12 第4版,primary_text
RMRB-COUNTY-1985-09-12-009,1985,辽宁省 / 1985-01—1985-06,split,,,瓦房店市、域为瓦房店市,,瓦房店市,撤销复县，设立瓦房店市（县级）。以原复县的行政区域为瓦房店市的行政区域,市,county_level,辽宁省：撤销复县，设立瓦房店市（县级）。以原复县的行政区域为瓦房店市的行政区域,1985年上半年全国县级以上行政区划变更情况,https://cn.govopendata.com/renminribao/1985/9/12/4/,,source_text_parsed_review_required,SRC-RMRB-1985-09-12,people_daily_summary,人民日报 1985-09-12 第4版,primary_text
RMRB-COUNTY-1985-09-12-010,1985,吉林省 / 1985-01—1985-06,jurisdiction_transfer,通化市,CNUR-000055,升为地级市、集安两县,集安两县,通化市,撤销通化地区，通化市升为地级市，将原通化地区的通化、集安两县划归通化市管辖,县、市,county_level,吉林省：撤销通化地区，通化市升为地级市，将原通化地区的通化、集安两县划归通化市管辖,1985年上半年全国县级以上行政区划变更情况,https://cn.govopendata.com/renminribao/1985/9/12/4/,,source_text_parsed_review_required,SRC-RMRB-1985-09-12,people_daily_summary,人民日报 1985-09-12 第4版,primary_text
RMRB-COUNTY-1985-09-12-011,1985,吉林省 / 1985-01—1985-06,jurisdiction_transfer,浑江市,CNUR-000056,升为地级市、靖宇两县、长白朝鲜族自治县,靖宇两县、长白朝鲜族自治县,浑江市,浑江市升为地级市，并将原通化地区的抚松、靖宇两县和长白朝鲜族自治县划归浑江市管辖,县、市、自治县,county_level,吉林省：浑江市升为地级市，并将原通化地区的抚松、靖宇两县和长白朝鲜族自治县划归浑江市管辖,1985年上半年全国县级以上行政区划变更情况,https://cn.govopendata.com/renminribao/1985/9/12/4/,,source_text_parsed_review_required,SRC-RMRB-1985-09-12,people_daily_summary,人民日报 1985-09-12 第4版,primary_text
RMRB-COUNTY-1985-09-12-012,1985,吉林省 / 1985-01—1985-06,jurisdiction_transfer,,,海龙县、梅河口市、域为梅河口市、柳河两县,海龙县,梅河口市,撤销海龙县，设立梅河口市（地级），以原海龙县的行政区域为梅河口市的行政区域，并将原通化地区的辉南、柳河两县划归梅河口市管辖,县、市,county_level,吉林省：撤销海龙县，设立梅河口市（地级），以原海龙县的行政区域为梅河口市的行政区域，并将原通化地区的辉南、柳河两县划归梅河口市管辖,1985年上半年全国县级以上行政区划变更情况,https://cn.govopendata.com/renminribao/1985/9/12/4/,,source_text_parsed_review_required,SRC-RMRB-1985-09-12,people_daily_summary,人民日报 1985-09-12 第4版,primary_text
RMRB-COUNTY-1985-09-12-013,1985,吉林省 / 1985-01—1985-06,jurisdiction_transfer,四平市,CNUR-000053,怀德县、公主岭市、域为公主岭市、并将四平市、伊通县,怀德县,公主岭市,撤销怀德县，设立公主岭市（地级），以原怀德县的行政区域为公主岭市的行政区域，并将四平市的伊通县划归公主岭市管辖,县、市,county_level,吉林省：撤销怀德县，设立公主岭市（地级），以原怀德县的行政区域为公主岭市的行政区域，并将四平市的伊通县划归公主岭市管辖,1985年上半年全国县级以上行政区划变更情况,https://cn.govopendata.com/renminribao/1985/9/12/4/,,source_text_parsed_review_required,SRC-RMRB-1985-09-12,people_daily_summary,人民日报 1985-09-12 第4版,primary_text
RMRB-COUNTY-1985-09-12-014,1985,吉林省 / 1985-01—1985-06,split,,,敦化县、敦化市、域为敦化市,敦化县,敦化市,撤销敦化县，设立敦化市（县级），以原敦化县的行政区域为敦化市的行政区域,县、市,county_level,吉林省：撤销敦化县，设立敦化市（县级），以原敦化县的行政区域为敦化市的行政区域,1985年上半年全国县级以上行政区划变更情况,https://cn.govopendata.com/renminribao/1985/9/12/4/,,source_text_parsed_review_required,SRC-RMRB-1985-09-12,people_daily_summary,人民日报 1985-09-12 第4版,primary_text
RMRB-COUNTY-1985-09-12-015,1985,浙江省 / 1985-01—1985-06,jurisdiction_transfer,金华市,CNUR-000093,升为地级市、浦江六县,浦江六县,金华市,撤销金华地区，金华市升为地级市，将原金华地区的永康、武义、东阳、磐安、义乌、浦江六县划归金华市管辖,县、市,county_level,浙江省：撤销金华地区，金华市升为地级市，将原金华地区的永康、武义、东阳、磐安、义乌、浦江六县划归金华市管辖,1985年上半年全国县级以上行政区划变更情况,https://cn.govopendata.com/renminribao/1985/9/12/4/,,source_text_parsed_review_required,SRC-RMRB-1985-09-12,people_daily_summary,人民日报 1985-09-12 第4版,primary_text
RMRB-COUNTY-1985-09-12-016,1985,浙江省 / 1985-01—1985-06,county_change,金华市,CNUR-000093,金华县、域为金华县,,,恢复金华县，以金华市的部分行政区域为金华县的行政区域,县,county_level,浙江省：恢复金华县，以金华市的部分行政区域为金华县的行政区域,1985年上半年全国县级以上行政区划变更情况,https://cn.govopendata.com/renminribao/1985/9/12/4/,,source_text_parsed_review_required,SRC-RMRB-1985-09-12,people_daily_summary,人民日报 1985-09-12 第4版,primary_text
RMRB-COUNTY-1985-09-12-017,1985,浙江省 / 1985-01—1985-06,split,,,兰溪县、兰溪市、域为兰溪市,兰溪县,兰溪市,撤销兰溪县，设立兰溪市（县级），以原兰溪县的行政区域为兰溪市的行政区域,县、市,county_level,浙江省：撤销兰溪县，设立兰溪市（县级），以原兰溪县的行政区域为兰溪市的行政区域,1985年上半年全国县级以上行政区划变更情况,https://cn.govopendata.com/renminribao/1985/9/12/4/,,source_text_parsed_review_required,SRC-RMRB-1985-09-12,people_daily_summary,人民日报 1985-09-12 第4版,primary_text
RMRB-COUNTY-1985-09-12-018,1985,浙江省 / 1985-01—1985-06,jurisdiction_transfer,衢州市,CNUR-000094,升为地级市、江山四县,江山四县,衢州市,衢州市升为地级市，并将原金华地区的龙游、开化、常山、江山四县划归衢州市管辖,县、市,county_level,浙江省：衢州市升为地级市，并将原金华地区的龙游、开化、常山、江山四县划归衢州市管辖,1985年上半年全国县级以上行政区划变更情况,https://cn.govopendata.com/renminribao/1985/9/12/4/,,source_text_parsed_review_required,SRC-RMRB-1985-09-12,people_daily_summary,人民日报 1985-09-12 第4版,primary_text
RMRB-COUNTY-1985-09-12-019,1985,浙江省 / 1985-01—1985-06,county_change,衢州市,CNUR-000094,衢县、域为衢县,,,恢复衢县，以原衢州市的部分行政区域为衢县的行政区域,县,county_level,浙江省：恢复衢县，以原衢州市的部分行政区域为衢县的行政区域,1985年上半年全国县级以上行政区划变更情况,https://cn.govopendata.com/renminribao/1985/9/12/4/,,source_text_parsed_review_required,SRC-RMRB-1985-09-12,people_daily_summary,人民日报 1985-09-12 第4版,primary_text
RMRB-COUNTY-1985-09-12-020,1985,福建省 / 1985-01—1985-06,jurisdiction_transfer,泉州市,CNUR-000119,升为地级市、等七县,等七县,泉州市,撤销晋江地区，泉州市升为地级市，将原晋江地区的惠安、晋江、南安、安溪、永春、德化、金门（待回归）等七县划归泉州市管辖,县、市,county_level,福建省：撤销晋江地区，泉州市升为地级市，将原晋江地区的惠安、晋江、南安、安溪、永春、德化、金门（待回归）等七县划归泉州市管辖,1985年上半年全国县级以上行政区划变更情况,https://cn.govopendata.com/renminribao/1985/9/12/4/,,source_text_parsed_review_required,SRC-RMRB-1985-09-12,people_daily_summary,人民日报 1985-09-12 第4版,primary_text
RMRB-COUNTY-1985-09-12-021,1985,福建省 / 1985-01—1985-06,jurisdiction_transfer,漳州市,CNUR-000120,升为地级市、华安等九县,华安等九县,漳州市,撤销龙溪地区，漳州市升为地级市，将原龙溪地区的龙海、云霄、漳浦、诏安、长泰、东山、南靖、平和、华安等九县划归漳州市管辖,县、市,county_level,福建省：撤销龙溪地区，漳州市升为地级市，将原龙溪地区的龙海、云霄、漳浦、诏安、长泰、东山、南靖、平和、华安等九县划归漳州市管辖,1985年上半年全国县级以上行政区划变更情况,https://cn.govopendata.com/renminribao/1985/9/12/4/,,source_text_parsed_review_required,SRC-RMRB-1985-09-12,people_daily_summary,人民日报 1985-09-12 第4版,primary_text
RMRB-COUNTY-1985-09-12-022,1985,江西省 / 1985-01—1985-06,merge,宜春市,CNUR-000132,宜春县,宜春县,,撤销宜春县，将原宜春县的行政区域并入宜春市。,县,county_level,江西省：撤销宜春县，将原宜春县的行政区域并入宜春市。,1985年上半年全国县级以上行政区划变更情况,https://cn.govopendata.com/renminribao/1985/9/12/4/,,source_text_parsed_review_required,SRC-RMRB-1985-09-12,people_daily_summary,人民日报 1985-09-12 第4版,primary_text
RMRB-COUNTY-1985-09-12-023,1985,山东省 / 1985-01—1985-06,split,日照市,CNUR-000145,日照县、域为日照市,日照县,日照市,撤销日照县，设立日照市（县级），以原日照县和石臼港办事处的行政区域为日照市的行政区域，日照市驻石臼所,县、市,county_level,山东省：撤销日照县，设立日照市（县级），以原日照县和石臼港办事处的行政区域为日照市的行政区域，日照市驻石臼所,1985年上半年全国县级以上行政区划变更情况,https://cn.govopendata.com/renminribao/1985/9/12/4/,,source_text_parsed_review_required,SRC-RMRB-1985-09-12,people_daily_summary,人民日报 1985-09-12 第4版,primary_text
RMRB-COUNTY-1985-09-12-024,1985,山东省 / 1985-01—1985-06,jurisdiction_transfer,泰安市,CNUR-000143,升为地级市、东平三县、新泰两市,东平三县,泰安市,撤销泰安地区，泰安市升为地级市，将原泰安地区的宁阳、肥城、东平三县划归泰安市管辖，莱芜、新泰两市由泰安市代管,县、市,county_level,山东省：撤销泰安地区，泰安市升为地级市，将原泰安地区的宁阳、肥城、东平三县划归泰安市管辖，莱芜、新泰两市由泰安市代管,1985年上半年全国县级以上行政区划变更情况,https://cn.govopendata.com/renminribao/1985/9/12/4/,,source_text_parsed_review_required,SRC-RMRB-1985-09-12,people_daily_summary,人民日报 1985-09-12 第4版,primary_text
RMRB-COUNTY-1985-09-12-025,1985,山东省 / 1985-01—1985-06,jurisdiction_transfer,济宁市,CNUR-000142,泗水两县,泗水两县,济宁市,将原泰安地区的汶上、泗水两县划归济宁市管辖,县,county_level,山东省：将原泰安地区的汶上、泗水两县划归济宁市管辖,1985年上半年全国县级以上行政区划变更情况,https://cn.govopendata.com/renminribao/1985/9/12/4/,,source_text_parsed_review_required,SRC-RMRB-1985-09-12,people_daily_summary,人民日报 1985-09-12 第4版,primary_text
RMRB-COUNTY-1985-09-12-026,1985,山东省 / 1985-01—1985-06,jurisdiction_transfer,济南市,CNUR-000135,平阴县,平阴县,济南市,将原泰安地区的平阴县划归济南市管辖,县,county_level,山东省：将原泰安地区的平阴县划归济南市管辖,1985年上半年全国县级以上行政区划变更情况,https://cn.govopendata.com/renminribao/1985/9/12/4/,,source_text_parsed_review_required,SRC-RMRB-1985-09-12,people_daily_summary,人民日报 1985-09-12 第4版,primary_text
RMRB-COUNTY-1985-09-12-027,1985,湖南省 / 1985-01—1985-06,split,,,醴陵县、醴陵市、域为醴陵市,醴陵县,醴陵市,撤销醴陵县，设立醴陵市（县级），以原醴陵县的行政区域为醴陵市的行政区域,县、市,county_level,湖南省：撤销醴陵县，设立醴陵市（县级），以原醴陵县的行政区域为醴陵市的行政区域,1985年上半年全国县级以上行政区划变更情况,https://cn.govopendata.com/renminribao/1985/9/12/4/,,source_text_parsed_review_required,SRC-RMRB-1985-09-12,people_daily_summary,人民日报 1985-09-12 第4版,primary_text
RMRB-COUNTY-1985-09-12-028,1985,湖南省 / 1985-01—1985-06,split,大庸市,CNUR-000189,大庸县、域为大庸市,大庸县,大庸市,撤销大庸县，设立大庸市（县级），以原大庸县的行政区域为大庸市的行政区域,县、市,county_level,湖南省：撤销大庸县，设立大庸市（县级），以原大庸县的行政区域为大庸市的行政区域,1985年上半年全国县级以上行政区划变更情况,https://cn.govopendata.com/renminribao/1985/9/12/4/,,source_text_parsed_review_required,SRC-RMRB-1985-09-12,people_daily_summary,人民日报 1985-09-12 第4版,primary_text
RMRB-COUNTY-1985-09-12-029,1985,四川省 / 1985-01—1985-06,split,,,华云工农区、华蓥市、域为华蓥市,华云工农区,华蓥市,撤销华云工农区，设立华蓥市（县级），以原华云工农区的行政区域为华蓥市的行政区域,区、市,county_level,四川省：撤销华云工农区，设立华蓥市（县级），以原华云工农区的行政区域为华蓥市的行政区域,1985年上半年全国县级以上行政区划变更情况,https://cn.govopendata.com/renminribao/1985/9/12/4/,,source_text_parsed_review_required,SRC-RMRB-1985-09-12,people_daily_summary,人民日报 1985-09-12 第4版,primary_text
RMRB-COUNTY-1985-09-12-030,1985,四川省 / 1985-01—1985-06,jurisdiction_transfer,绵阳市,CNUR-000241,升为地级市、安县、平武等七县,安县、平武等七县,绵阳市,撤销绵阳地区，绵阳市升为地级市，将原绵阳地区的江油、三台、盐亭、安县、梓潼、北川、平武等七县划归绵阳市管辖,县、市,county_level,四川省：撤销绵阳地区，绵阳市升为地级市，将原绵阳地区的江油、三台、盐亭、安县、梓潼、北川、平武等七县划归绵阳市管辖,1985年上半年全国县级以上行政区划变更情况,https://cn.govopendata.com/renminribao/1985/9/12/4/,,source_text_parsed_review_required,SRC-RMRB-1985-09-12,people_daily_summary,人民日报 1985-09-12 第4版,primary_text
RMRB-COUNTY-1985-09-12-031,1985,四川省 / 1985-01—1985-06,jurisdiction_transfer,广元市,CNUR-000242,广元县、域为广元市、剑阁三县,广元县,广元市,撤销广元县，设立广元市（地级），以原广元县的行政区域为广元市的行政区域。并将原绵阳地区的旺苍、青川、剑阁三县划归广元市管辖,县、市,county_level,四川省：撤销广元县，设立广元市（地级），以原广元县的行政区域为广元市的行政区域。并将原绵阳地区的旺苍、青川、剑阁三县划归广元市管辖,1985年上半年全国县级以上行政区划变更情况,https://cn.govopendata.com/renminribao/1985/9/12/4/,,source_text_parsed_review_required,SRC-RMRB-1985-09-12,people_daily_summary,人民日报 1985-09-12 第4版,primary_text
RMRB-COUNTY-1985-09-12-032,1985,四川省 / 1985-01—1985-06,jurisdiction_transfer,遂宁市,CNUR-000243,遂宁县、域为遂宁市、射洪两县,遂宁县,遂宁市,撤销遂宁县，设立遂宁市（地级），以原遂宁县的行政区域为遂宁市的行政区域。并将原绵阳地区的蓬溪、射洪两县划归遂宁市管辖,县、市,county_level,四川省：撤销遂宁县，设立遂宁市（地级），以原遂宁县的行政区域为遂宁市的行政区域。并将原绵阳地区的蓬溪、射洪两县划归遂宁市管辖,1985年上半年全国县级以上行政区划变更情况,https://cn.govopendata.com/renminribao/1985/9/12/4/,,source_text_parsed_review_required,SRC-RMRB-1985-09-12,people_daily_summary,人民日报 1985-09-12 第4版,primary_text
RMRB-COUNTY-1985-09-12-033,1985,四川省 / 1985-01—1985-06,jurisdiction_transfer,内江市,CNUR-000244,升为地级市、隆昌八县,隆昌八县,内江市,撤销内江地区，内江市升为地级市，将原内江地区的内江、乐至、安岳、威远、资中、资阳、简阳、隆昌八县划归内江市管辖,县、市,county_level,四川省：撤销内江地区，内江市升为地级市，将原内江地区的内江、乐至、安岳、威远、资中、资阳、简阳、隆昌八县划归内江市管辖,1985年上半年全国县级以上行政区划变更情况,https://cn.govopendata.com/renminribao/1985/9/12/4/,,source_text_parsed_review_required,SRC-RMRB-1985-09-12,people_daily_summary,人民日报 1985-09-12 第4版,primary_text
RMRB-COUNTY-1985-09-12-034,1985,四川省 / 1985-01—1985-06,jurisdiction_transfer,乐山市,CNUR-000245,升为地级市、金口河工农区、丹棱十一县、马边两个彝族自治县,金口河工农区,乐山市,撤销乐山地区，乐山市升为地级市，撤销金口河工农区，将金口河工农区的行政区域划归乐山市。并将原乐山地区的仁寿、眉山、犍为、井研、峨眉、夹江、洪雅、彭山、沐川、青神、丹棱十一县和峨边、马边两个彝族自治县划归乐山市管辖,区、县、市、自治县,county_level,四川省：撤销乐山地区，乐山市升为地级市，撤销金口河工农区，将金口河工农区的行政区域划归乐山市。并将原乐山地区的仁寿、眉山、犍为、井研、峨眉、夹江、洪雅、彭山、沐川、青神、丹棱十一县和峨边、马边两个彝族自治县划归乐山市管辖,1985年上半年全国县级以上行政区划变更情况,https://cn.govopendata.com/renminribao/1985/9/12/4/,,source_text_parsed_review_required,SRC-RMRB-1985-09-12,people_daily_summary,人民日报 1985-09-12 第4版,primary_text
RMRB-COUNTY-1985-09-12-035,1985,四川省 / 1985-01—1985-06,jurisdiction_transfer,宜宾地区、泸州市,CNUR-000239、CNUR-000248,叙永两县,叙永两县,泸州市,将宜宾地区的古蔺、叙永两县划归泸州市管辖,县,county_level,四川省：将宜宾地区的古蔺、叙永两县划归泸州市管辖,1985年上半年全国县级以上行政区划变更情况,https://cn.govopendata.com/renminribao/1985/9/12/4/,,source_text_parsed_review_required,SRC-RMRB-1985-09-12,people_daily_summary,人民日报 1985-09-12 第4版,primary_text
RMRB-COUNTY-1985-09-12-036,1985,云南省 / 1985-01—1985-06,split,,,畹町市、域为畹町市,,畹町市,撤销畹町镇（县级），设立畹町市（县级），以原畹町镇的行政区域为畹町市的行政区域,市,county_level,云南省：撤销畹町镇（县级），设立畹町市（县级），以原畹町镇的行政区域为畹町市的行政区域,1985年上半年全国县级以上行政区划变更情况,https://cn.govopendata.com/renminribao/1985/9/12/4/,,source_text_parsed_review_required,SRC-RMRB-1985-09-12,people_daily_summary,人民日报 1985-09-12 第4版,primary_text
RMRB-COUNTY-1985-09-12-037,1985,云南省 / 1985-01—1985-06,split,,,双江县、双江拉祜族佤族布朗族傣族自治县、域为双江拉祜族佤族布朗族傣族自治县,双江县,双江拉祜族佤族布朗族傣族自治县,撤销双江县，设立双江拉祜族佤族布朗族傣族自治县。以原双江县的行政区域为双江拉祜族佤族布朗族傣族自治县的行政区域,县、自治县,county_level,云南省：撤销双江县，设立双江拉祜族佤族布朗族傣族自治县。以原双江县的行政区域为双江拉祜族佤族布朗族傣族自治县的行政区域,1985年上半年全国县级以上行政区划变更情况,https://cn.govopendata.com/renminribao/1985/9/12/4/,,source_text_parsed_review_required,SRC-RMRB-1985-09-12,people_daily_summary,人民日报 1985-09-12 第4版,primary_text
RMRB-COUNTY-1985-09-12-038,1985,云南省 / 1985-01—1985-06,split,,,维西县、维西傈僳族自治县、域为维西傈僳族自治县,维西县,维西傈僳族自治县,撤销维西县，设立维西傈僳族自治县。以原维西县的行政区域为维西傈僳族自治县的行政区域,县、自治县,county_level,云南省：撤销维西县，设立维西傈僳族自治县。以原维西县的行政区域为维西傈僳族自治县的行政区域,1985年上半年全国县级以上行政区划变更情况,https://cn.govopendata.com/renminribao/1985/9/12/4/,,source_text_parsed_review_required,SRC-RMRB-1985-09-12,people_daily_summary,人民日报 1985-09-12 第4版,primary_text
RMRB-COUNTY-1985-09-12-039,1985,云南省 / 1985-01—1985-06,split,,,景东县、景谷彝族自治县、域为景东彝族自治县,景东县,景谷彝族自治县,撤销景东县，设立景谷彝族自治县。以原景东县的行政区域为景东彝族自治县的行政区域,县、自治县,county_level,云南省：撤销景东县，设立景谷彝族自治县。以原景东县的行政区域为景东彝族自治县的行政区域,1985年上半年全国县级以上行政区划变更情况,https://cn.govopendata.com/renminribao/1985/9/12/4/,,source_text_parsed_review_required,SRC-RMRB-1985-09-12,people_daily_summary,人民日报 1985-09-12 第4版,primary_text
RMRB-COUNTY-1985-09-12-040,1985,云南省 / 1985-01—1985-06,split,,,景谷县、景古傣族彝族自治县、域为景谷傣族彝族自治县,景谷县,景古傣族彝族自治县,撤销景谷县，设立景古傣族彝族自治县。以原景谷县的行政区域为景谷傣族彝族自治县的行政区域,县、自治县,county_level,云南省：撤销景谷县，设立景古傣族彝族自治县。以原景谷县的行政区域为景谷傣族彝族自治县的行政区域,1985年上半年全国县级以上行政区划变更情况,https://cn.govopendata.com/renminribao/1985/9/12/4/,,source_text_parsed_review_required,SRC-RMRB-1985-09-12,people_daily_summary,人民日报 1985-09-12 第4版,primary_text
RMRB-COUNTY-1985-09-12-041,1985,云南省 / 1985-01—1985-06,split,,,普洱县、普洱哈尼族彝族自治县、域为普洱哈尼族彝族自治县,普洱县,普洱哈尼族彝族自治县,撤销普洱县，设立普洱哈尼族彝族自治县。以原普洱县的行政区域为普洱哈尼族彝族自治县的行政区域,县、自治县,county_level,云南省：撤销普洱县，设立普洱哈尼族彝族自治县。以原普洱县的行政区域为普洱哈尼族彝族自治县的行政区域,1985年上半年全国县级以上行政区划变更情况,https://cn.govopendata.com/renminribao/1985/9/12/4/,,source_text_parsed_review_required,SRC-RMRB-1985-09-12,people_daily_summary,人民日报 1985-09-12 第4版,primary_text
RMRB-COUNTY-1985-09-12-042,1985,云南省 / 1985-01—1985-06,split,,,漾濞县、漾濞彝族自治县、域为漾濞彝族自治县,漾濞县,漾濞彝族自治县,撤销漾濞县，设立漾濞彝族自治县。以原漾濞县的行政区域为漾濞彝族自治县的行政区域,县、自治县,county_level,云南省：撤销漾濞县，设立漾濞彝族自治县。以原漾濞县的行政区域为漾濞彝族自治县的行政区域,1985年上半年全国县级以上行政区划变更情况,https://cn.govopendata.com/renminribao/1985/9/12/4/,,source_text_parsed_review_required,SRC-RMRB-1985-09-12,people_daily_summary,人民日报 1985-09-12 第4版,primary_text
RMRB-COUNTY-1985-09-12-043,1985,云南省 / 1985-01—1985-06,split,,,禄劝县、禄劝彝族苗族自治县、域为禄劝彝族苗族自治县,禄劝县,禄劝彝族苗族自治县,撤销禄劝县，设立禄劝彝族苗族自治县。以原禄劝县的行政区域为禄劝彝族苗族自治县的行政区域,县、自治县,county_level,云南省：撤销禄劝县，设立禄劝彝族苗族自治县。以原禄劝县的行政区域为禄劝彝族苗族自治县的行政区域,1985年上半年全国县级以上行政区划变更情况,https://cn.govopendata.com/renminribao/1985/9/12/4/,,source_text_parsed_review_required,SRC-RMRB-1985-09-12,people_daily_summary,人民日报 1985-09-12 第4版,primary_text
RMRB-COUNTY-1985-09-12-044,1985,云南省 / 1985-01—1985-06,split,,,金平县、金平苗族瑶族傣族自治县、域为金平苗族瑶族傣族自治县,金平县,金平苗族瑶族傣族自治县,撤销金平县，设立金平苗族瑶族傣族自治县。以原金平县的行政区域为金平苗族瑶族傣族自治县的行政区域,县、自治县,county_level,云南省：撤销金平县，设立金平苗族瑶族傣族自治县。以原金平县的行政区域为金平苗族瑶族傣族自治县的行政区域,1985年上半年全国县级以上行政区划变更情况,https://cn.govopendata.com/renminribao/1985/9/12/4/,,source_text_parsed_review_required,SRC-RMRB-1985-09-12,people_daily_summary,人民日报 1985-09-12 第4版,primary_text
RMRB-COUNTY-1985-09-12-045,1985,甘肃省 / 1985-01—1985-06,split,武威市,CNUR-000304,武威县、域为武威市,武威县,武威市,撤销武威县，设立武威市（县级），以原武威县的行政区域为武威市的行政区域,县、市,county_level,甘肃省：撤销武威县，设立武威市（县级），以原武威县的行政区域为武威市的行政区域,1985年上半年全国县级以上行政区划变更情况,https://cn.govopendata.com/renminribao/1985/9/12/4/,,source_text_parsed_review_required,SRC-RMRB-1985-09-12,people_daily_summary,人民日报 1985-09-12 第4版,primary_text
RMRB-COUNTY-1985-09-12-046,1985,甘肃省 / 1985-01—1985-06,rename,陇南地区,CNUR-000310,迁驻成县,迁驻成县,,将武都地区行政公署由武都县迁驻成县，更名为陇南地区,县,county_level,甘肃省：将武都地区行政公署由武都县迁驻成县，更名为陇南地区,1985年上半年全国县级以上行政区划变更情况,https://cn.govopendata.com/renminribao/1985/9/12/4/,,source_text_parsed_review_required,SRC-RMRB-1985-09-12,people_daily_summary,人民日报 1985-09-12 第4版,primary_text
RMRB-COUNTY-1985-09-12-047,1985,甘肃省 / 1985-01—1985-06,jurisdiction_transfer,定西地区、陇南地区,CNUR-000309、CNUR-000310,西和县、礼县、漳县、岷县,西和县、礼县,礼县,将天水地区的西和县、礼县划归陇南地区，将天水地区的漳县和原武都地区的岷县划归定西地区,县,county_level,甘肃省：将天水地区的西和县、礼县划归陇南地区，将天水地区的漳县和原武都地区的岷县划归定西地区,1985年上半年全国县级以上行政区划变更情况,https://cn.govopendata.com/renminribao/1985/9/12/4/,,source_text_parsed_review_required,SRC-RMRB-1985-09-12,people_daily_summary,人民日报 1985-09-12 第4版,primary_text
RMRB-COUNTY-1985-09-12-048,1985,甘肃省 / 1985-01—1985-06,jurisdiction_transfer,定西地区、武威地区、兰州市、白银市,CNUR-000299、CNUR-000302、CNUR-000304、CNUR-000309,白银区、靖远两县、域为白银市、靖远县、会宁县、景泰县,靖远县、会宁县、景泰县,白银市,恢复白银市（地级）。以兰州市的白银区和皋兰、靖远两县的部分行政区域为白银市的行政区域。将定西地区的靖远县、会宁县和武威地区的景泰县划归白银市管辖,区、县、市,county_level,甘肃省：恢复白银市（地级）。以兰州市的白银区和皋兰、靖远两县的部分行政区域为白银市的行政区域。将定西地区的靖远县、会宁县和武威地区的景泰县划归白银市管辖,1985年上半年全国县级以上行政区划变更情况,https://cn.govopendata.com/renminribao/1985/9/12/4/,,source_text_parsed_review_required,SRC-RMRB-1985-09-12,people_daily_summary,人民日报 1985-09-12 第4版,primary_text
RMRB-COUNTY-1985-09-12-049,1985,甘肃省 / 1985-01—1985-06,split,张掖市,CNUR-000305,张掖县、域为张掖市,张掖县,张掖市,撤销张掖县，设立张掖市（县级），以原张掖县的行政区域为张掖市的行政区域,县、市,county_level,甘肃省：撤销张掖县，设立张掖市（县级），以原张掖县的行政区域为张掖市的行政区域,1985年上半年全国县级以上行政区划变更情况,https://cn.govopendata.com/renminribao/1985/9/12/4/,,source_text_parsed_review_required,SRC-RMRB-1985-09-12,people_daily_summary,人民日报 1985-09-12 第4版,primary_text
RMRB-COUNTY-1985-09-12-050,1985,甘肃省 / 1985-01—1985-06,split,酒泉市,CNUR-000307,酒泉县、域为酒泉市,酒泉县,酒泉市,撤销酒泉县，设立酒泉市（县级），以原酒泉县的行政区域为酒泉市的行政区域,县、市,county_level,甘肃省：撤销酒泉县，设立酒泉市（县级），以原酒泉县的行政区域为酒泉市的行政区域,1985年上半年全国县级以上行政区划变更情况,https://cn.govopendata.com/renminribao/1985/9/12/4/,,source_text_parsed_review_required,SRC-RMRB-1985-09-12,people_daily_summary,人民日报 1985-09-12 第4版,primary_text
RMRB-COUNTY-1985-09-12-051,1985,甘肃省 / 1985-01—1985-06,split,,,西峰市、庆阳县、域为西峰市,,庆阳县,设立西峰市（县级），以原庆阳县的部分行政区域为西峰市的行政区域,县、市,county_level,甘肃省：设立西峰市（县级），以原庆阳县的部分行政区域为西峰市的行政区域,1985年上半年全国县级以上行政区划变更情况,https://cn.govopendata.com/renminribao/1985/9/12/4/,,source_text_parsed_review_required,SRC-RMRB-1985-09-12,people_daily_summary,人民日报 1985-09-12 第4版,primary_text
RMRB-COUNTY-1985-09-12-052,1985,青海省 / 1985-01—1985-06,rename,海西蒙古族藏族自治州,CNUR-000320,,,,将海西蒙古族藏族哈萨克族自治州更名为海西蒙古族藏族自治州。,,county_level,青海省：将海西蒙古族藏族哈萨克族自治州更名为海西蒙古族藏族自治州。,1985年上半年全国县级以上行政区划变更情况,https://cn.govopendata.com/renminribao/1985/9/12/4/,,source_text_parsed_review_required,SRC-RMRB-1985-09-12,people_daily_summary,人民日报 1985-09-12 第4版,primary_text
RMRB-COUNTY-1985-09-12-053,1985,新疆维吾尔自治区 / 1985-01—1985-06,split,,,博乐县、博乐市、域为博乐市,博乐县,博乐市,撤销博乐县，设立博乐市（县级），以原博乐县的行政区域为博乐市的行政区域。,县、市,county_level,新疆维吾尔自治区：撤销博乐县，设立博乐市（县级），以原博乐县的行政区域为博乐市的行政区域。,1985年上半年全国县级以上行政区划变更情况,https://cn.govopendata.com/renminribao/1985/9/12/4/,,source_text_parsed_review_required,SRC-RMRB-1985-09-12,people_daily_summary,人民日报 1985-09-12 第4版,primary_text
RMRB-COUNTY-1986-01-26-001,1985,内蒙古自治区 / 1985-07—1985-12,jurisdiction_transfer,哲里木盟,CNUR-000029,霍林郭勒市、哲里木盟扎鲁特旗、域为霍林郭勒市,霍林郭勒市,哲里木盟扎鲁特旗,设立霍林郭勒市（县级）。以哲里木盟扎鲁特旗的部分行政区域为霍林郭勒市的行政区域，霍林郭勒市由哲里木盟领导，市人民政府驻珠斯花。,市、旗,county_level,内蒙古自治区：设立霍林郭勒市（县级）。以哲里木盟扎鲁特旗的部分行政区域为霍林郭勒市的行政区域，霍林郭勒市由哲里木盟领导，市人民政府驻珠斯花。,一九八五年下半年全国县级以上行政区划变更情况,https://cn.govopendata.com/renminribao/1986/01/26/4/,,source_text_parsed_review_required,SRC-RMRB-1986-01-26,people_daily_summary,人民日报 1986-01-26 第4版,primary_text
RMRB-COUNTY-1986-01-26-002,1985,吉林省 / 1985-07—1985-12,jurisdiction_transfer,四平市,CNUR-000053,公主岭市、改为县级市、伊通县,公主岭市,县级市,将公主岭市改为县级市，将伊通县划归四平市管辖,县、县级市、市,county_level,吉林省：将公主岭市改为县级市，将伊通县划归四平市管辖,一九八五年下半年全国县级以上行政区划变更情况,https://cn.govopendata.com/renminribao/1986/01/26/4/,,source_text_parsed_review_required,SRC-RMRB-1986-01-26,people_daily_summary,人民日报 1986-01-26 第4版,primary_text
RMRB-COUNTY-1986-01-26-003,1985,吉林省 / 1985-07—1985-12,jurisdiction_transfer,通化市,CNUR-000055,梅河口市、改为县级市、柳河两县,梅河口市,县级市,将梅河口市改为县级市，将辉南、柳河两县划归通化市管辖,县、县级市、市,county_level,吉林省：将梅河口市改为县级市，将辉南、柳河两县划归通化市管辖,一九八五年下半年全国县级以上行政区划变更情况,https://cn.govopendata.com/renminribao/1986/01/26/4/,,source_text_parsed_review_required,SRC-RMRB-1986-01-26,people_daily_summary,人民日报 1986-01-26 第4版,primary_text
RMRB-COUNTY-1986-01-26-004,1985,浙江省 / 1985-07—1985-12,merge,宁波市,CNUR-000088,镇海县、镇海区、扩大宁波市、滨海区,镇海县,镇海区,撤销镇海县，将原镇海县的行政区域并入宁波市。设立宁波市镇海区，扩大宁波市滨海区,区、县、市,county_level,浙江省：撤销镇海县，将原镇海县的行政区域并入宁波市。设立宁波市镇海区，扩大宁波市滨海区,一九八五年下半年全国县级以上行政区划变更情况,https://cn.govopendata.com/renminribao/1986/01/26/4/,,source_text_parsed_review_required,SRC-RMRB-1986-01-26,people_daily_summary,人民日报 1986-01-26 第4版,primary_text
RMRB-COUNTY-1986-01-26-005,1985,浙江省 / 1985-07—1985-12,split,,,余姚县、余姚市、域为余姚市,余姚县,余姚市,撤销余姚县，设立余姚市（县级）。以原余姚县的行政区域为余姚市的行政区域,县、市,county_level,浙江省：撤销余姚县，设立余姚市（县级）。以原余姚县的行政区域为余姚市的行政区域,一九八五年下半年全国县级以上行政区划变更情况,https://cn.govopendata.com/renminribao/1986/01/26/4/,,source_text_parsed_review_required,SRC-RMRB-1986-01-26,people_daily_summary,人民日报 1986-01-26 第4版,primary_text
RMRB-COUNTY-1986-01-26-006,1985,福建省 / 1985-07—1985-12,split,泉州市,CNUR-000119,鲤城区、暂不设郊区,,暂不设郊区,泉州市设立鲤城区，暂不设郊区。,区,county_level,福建省：泉州市设立鲤城区，暂不设郊区。,一九八五年下半年全国县级以上行政区划变更情况,https://cn.govopendata.com/renminribao/1986/01/26/4/,,source_text_parsed_review_required,SRC-RMRB-1986-01-26,people_daily_summary,人民日报 1986-01-26 第4版,primary_text
RMRB-COUNTY-1986-01-26-007,1985,河南省 / 1985-07—1985-12,split,濮阳市,CNUR-000160,,,,濮阳市设立市区。,,county_level,河南省：濮阳市设立市区。,一九八五年下半年全国县级以上行政区划变更情况,https://cn.govopendata.com/renminribao/1986/01/26/4/,,source_text_parsed_review_required,SRC-RMRB-1986-01-26,people_daily_summary,人民日报 1986-01-26 第4版,primary_text
RMRB-COUNTY-1986-01-26-008,1985,广东省 / 1985-07—1985-12,split,东莞市,CNUR-000212,东莞县、域为东莞市,东莞县,东莞市,撤销东莞县，设立东莞市（县级）。以原东莞县的行政区域为东莞市的行政区域。,县、市,county_level,广东省：撤销东莞县，设立东莞市（县级）。以原东莞县的行政区域为东莞市的行政区域。,一九八五年下半年全国县级以上行政区划变更情况,https://cn.govopendata.com/renminribao/1986/01/26/4/,,source_text_parsed_review_required,SRC-RMRB-1986-01-26,people_daily_summary,人民日报 1986-01-26 第4版,primary_text
RMRB-COUNTY-1986-01-26-009,1985,四川省 / 1985-07—1985-12,jurisdiction_transfer,南充地区、广元市,CNUR-000242、CNUR-000246,苍溪县,苍溪县,广元市,将南充地区的苍溪县划归广元市管辖。,县,county_level,四川省：将南充地区的苍溪县划归广元市管辖。,一九八五年下半年全国县级以上行政区划变更情况,https://cn.govopendata.com/renminribao/1986/01/26/4/,,source_text_parsed_review_required,SRC-RMRB-1986-01-26,people_daily_summary,人民日报 1986-01-26 第4版,primary_text
RMRB-COUNTY-1986-01-26-010,1985,甘肃省 / 1985-07—1985-12,merge,天水市,CNUR-000303,升为地级市、天水县、秦城区、北道区,升为地级市,天水县,撤销天水地区，天水市升为地级市。撤销天水县，将原天水县的行政区域并入天水市。天水市设立秦城区、北道区,区、县、市,county_level,甘肃省：撤销天水地区，天水市升为地级市。撤销天水县，将原天水县的行政区域并入天水市。天水市设立秦城区、北道区,一九八五年下半年全国县级以上行政区划变更情况,https://cn.govopendata.com/renminribao/1986/01/26/4/,,source_text_parsed_review_required,SRC-RMRB-1986-01-26,people_daily_summary,人民日报 1986-01-26 第4版,primary_text
RMRB-COUNTY-1986-01-26-011,1985,甘肃省 / 1985-07—1985-12,jurisdiction_transfer,天水市,CNUR-000303,清水县、张家川回族自治县、五县,清水县、张家川回族自治县、五县,天水市,将原天水地区的秦安、武山、甘谷、清水县和张家川回族自治县五县划归天水市管辖,县、自治县,county_level,甘肃省：将原天水地区的秦安、武山、甘谷、清水县和张家川回族自治县五县划归天水市管辖,一九八五年下半年全国县级以上行政区划变更情况,https://cn.govopendata.com/renminribao/1986/01/26/4/,,source_text_parsed_review_required,SRC-RMRB-1986-01-26,people_daily_summary,人民日报 1986-01-26 第4版,primary_text
RMRB-COUNTY-1986-01-26-012,1985,甘肃省 / 1985-07—1985-12,jurisdiction_transfer,陇南地区,CNUR-000310,徽县、两当二县,徽县、两当二县,两当二县,将原天水地区的徽县、两当二县划归陇南地区管辖,县,county_level,甘肃省：将原天水地区的徽县、两当二县划归陇南地区管辖,一九八五年下半年全国县级以上行政区划变更情况,https://cn.govopendata.com/renminribao/1986/01/26/4/,,source_text_parsed_review_required,SRC-RMRB-1986-01-26,people_daily_summary,人民日报 1986-01-26 第4版,primary_text
RMRB-COUNTY-1986-01-26-013,1985,青海省 / 1985-07—1985-12,split,,,民和县、民和回族土族自治县、域为民和回族土族自治县,民和县,民和回族土族自治县,撤销民和县，设立民和回族土族自治县，以原民和县的行政区域为民和回族土族自治县的行政区域,县、自治县,county_level,青海省：撤销民和县，设立民和回族土族自治县，以原民和县的行政区域为民和回族土族自治县的行政区域,一九八五年下半年全国县级以上行政区划变更情况,https://cn.govopendata.com/renminribao/1986/01/26/4/,,source_text_parsed_review_required,SRC-RMRB-1986-01-26,people_daily_summary,人民日报 1986-01-26 第4版,primary_text
RMRB-COUNTY-1986-01-26-014,1985,青海省 / 1985-07—1985-12,split,,,大通县、大通回族土族自治县、域为大通回族土族自治县、使读者及时了解全国县,大通县,大通回族土族自治县,撤销大通县，设立大通回族土族自治县，以原大通县的行政区域为大通回族土族自治县的行政区域。注：为使读者及时了解全国县级以上行政区划变更情况和适应党、政、军机关、人民团体及各单位工作需要，民政部每年编一本《中华人民共和国行政区划简册》，由测绘出版社出版，新华书店公开发行。1986年新版本预计6月出书，读者需要可向新华书店购买,县、自治县,county_level,青海省：撤销大通县，设立大通回族土族自治县，以原大通县的行政区域为大通回族土族自治县的行政区域。注：为使读者及时了解全国县级以上行政区划变更情况和适应党、政、军机关、人民团体及各单位工作需要，民政部每年编一本《中华人民共和国行政区划简册》，由测绘出版社出版，新华书店公开发行。1986年新版本预计6月出书，读者需要可向新华书店购买,一九八五年下半年全国县级以上行政区划变更情况,https://cn.govopendata.com/renminribao/1986/01/26/4/,,source_text_parsed_review_required,SRC-RMRB-1986-01-26,people_daily_summary,人民日报 1986-01-26 第4版,primary_text
RMRB-COUNTY-1986-07-18-001,1986,河北省 / 1986-01—1986-06,split,,,定县、定州市、域为定州市,定县,定州市,撤销定县，设立定州市（县级），以原定县的行政区域为定州市的行政区域,县、市,county_level,河北省：撤销定县，设立定州市（县级），以原定县的行政区域为定州市的行政区域,一九八六年上半年全国县级以上行政区划变更情况,https://cn.govopendata.com/renminribao/1986/7/18/4/,,source_text_parsed_review_required,SRC-RMRB-1986-07-18,people_daily_summary,人民日报 1986-07-18 第4版,primary_text
RMRB-COUNTY-1986-07-18-002,1986,河北省 / 1986-01—1986-06,split,,,束鹿县、辛集市、域为辛集市,束鹿县,辛集市,撤销束鹿县，设立辛集市（县级），以原束鹿县的行政区域为辛集市的行政区域,县、市,county_level,河北省：撤销束鹿县，设立辛集市（县级），以原束鹿县的行政区域为辛集市的行政区域,一九八六年上半年全国县级以上行政区划变更情况,https://cn.govopendata.com/renminribao/1986/7/18/4/,,source_text_parsed_review_required,SRC-RMRB-1986-07-18,people_daily_summary,人民日报 1986-07-18 第4版,primary_text
RMRB-COUNTY-1986-07-18-003,1986,河北省 / 1986-01—1986-06,split,,,南宫县、南宫市、域为南宫市,南宫县,南宫市,撤销南宫县，设立南宫市（县级），以原南宫县的行政区域为南宫市的行政区域,县、市,county_level,河北省：撤销南宫县，设立南宫市（县级），以原南宫县的行政区域为南宫市的行政区域,一九八六年上半年全国县级以上行政区划变更情况,https://cn.govopendata.com/renminribao/1986/7/18/4/,,source_text_parsed_review_required,SRC-RMRB-1986-07-18,people_daily_summary,人民日报 1986-07-18 第4版,primary_text
RMRB-COUNTY-1986-07-18-004,1986,河北省 / 1986-01—1986-06,split,,,任丘县、任丘市、域为任丘市,任丘县,任丘市,撤销任丘县，设立任丘市（县级），以原任丘县的行政区域为任丘市的行政区域,县、市,county_level,河北省：撤销任丘县，设立任丘市（县级），以原任丘县的行政区域为任丘市的行政区域,一九八六年上半年全国县级以上行政区划变更情况,https://cn.govopendata.com/renminribao/1986/7/18/4/,,source_text_parsed_review_required,SRC-RMRB-1986-07-18,people_daily_summary,人民日报 1986-07-18 第4版,primary_text
RMRB-COUNTY-1986-07-18-005,1986,河北省 / 1986-01—1986-06,jurisdiction_transfer,石家庄地区、石家庄市,CNUR-000003、CNUR-000350,栾城两县,栾城两县,石家庄市,将石家庄地区的正定、栾城两县划归石家庄市领导,县,county_level,河北省：将石家庄地区的正定、栾城两县划归石家庄市领导,一九八六年上半年全国县级以上行政区划变更情况,https://cn.govopendata.com/renminribao/1986/7/18/4/,,source_text_parsed_review_required,SRC-RMRB-1986-07-18,people_daily_summary,人民日报 1986-07-18 第4版,primary_text
RMRB-COUNTY-1986-07-18-006,1986,河北省 / 1986-01—1986-06,jurisdiction_transfer,邯郸地区、邯郸市,CNUR-000006、CNUR-000353,武安县,武安县,邯郸市,将邯郸地区的武安县划归邯郸市领导,县,county_level,河北省：将邯郸地区的武安县划归邯郸市领导,一九八六年上半年全国县级以上行政区划变更情况,https://cn.govopendata.com/renminribao/1986/7/18/4/,,source_text_parsed_review_required,SRC-RMRB-1986-07-18,people_daily_summary,人民日报 1986-07-18 第4版,primary_text
RMRB-COUNTY-1986-07-18-007,1986,河北省 / 1986-01—1986-06,jurisdiction_transfer,保定地区、保定市,CNUR-000008、CNUR-000356,清苑县,清苑县,保定市,将保定地区的清苑县划归保定市领导,县,county_level,河北省：将保定地区的清苑县划归保定市领导,一九八六年上半年全国县级以上行政区划变更情况,https://cn.govopendata.com/renminribao/1986/7/18/4/,,source_text_parsed_review_required,SRC-RMRB-1986-07-18,people_daily_summary,人民日报 1986-07-18 第4版,primary_text
RMRB-COUNTY-1986-07-18-008,1986,河北省 / 1986-01—1986-06,jurisdiction_transfer,沧州地区、沧州市,CNUR-000011、CNUR-000352,青县,青县,沧州市,将沧州地区的青县划归沧州市领导,县,county_level,河北省：将沧州地区的青县划归沧州市领导,一九八六年上半年全国县级以上行政区划变更情况,https://cn.govopendata.com/renminribao/1986/7/18/4/,,source_text_parsed_review_required,SRC-RMRB-1986-07-18,people_daily_summary,人民日报 1986-07-18 第4版,primary_text
RMRB-COUNTY-1986-07-18-009,1986,河北省 / 1986-01—1986-06,jurisdiction_transfer,邢台地区、邢台市,CNUR-000007、CNUR-000354,邢台县,邢台县,邢台市,将邢台地区的邢台县划归邢台市领导,县,county_level,河北省：将邢台地区的邢台县划归邢台市领导,一九八六年上半年全国县级以上行政区划变更情况,https://cn.govopendata.com/renminribao/1986/7/18/4/,,source_text_parsed_review_required,SRC-RMRB-1986-07-18,people_daily_summary,人民日报 1986-07-18 第4版,primary_text
RMRB-COUNTY-1986-07-18-010,1986,河北省 / 1986-01—1986-06,abolish,邯郸市,CNUR-000006,郊区,郊区,,撤销邯郸市郊区,区,county_level,河北省：撤销邯郸市郊区,一九八六年上半年全国县级以上行政区划变更情况,https://cn.govopendata.com/renminribao/1986/7/18/4/,,source_text_parsed_review_required,SRC-RMRB-1986-07-18,people_daily_summary,人民日报 1986-07-18 第4版,primary_text
RMRB-COUNTY-1986-07-18-011,1986,江苏省 / 1986-01—1986-06,split,,,仪征县、仪征市、域为仪征市,仪征县,仪征市,撤销仪征县，设立仪征市（县级），以原仪征县的行政区域为仪征市的行政区域,县、市,county_level,江苏省：撤销仪征县，设立仪征市（县级），以原仪征县的行政区域为仪征市的行政区域,一九八六年上半年全国县级以上行政区划变更情况,https://cn.govopendata.com/renminribao/1986/7/18/4/,,source_text_parsed_review_required,SRC-RMRB-1986-07-18,people_daily_summary,人民日报 1986-07-18 第4版,primary_text
RMRB-COUNTY-1986-07-18-012,1986,江苏省 / 1986-01—1986-06,split,连云港市,CNUR-000080,新海区、海州两区,,海州两区,将连云港市新海区划分为新浦、海州两区,区,county_level,江苏省：将连云港市新海区划分为新浦、海州两区,一九八六年上半年全国县级以上行政区划变更情况,https://cn.govopendata.com/renminribao/1986/7/18/4/,,source_text_parsed_review_required,SRC-RMRB-1986-07-18,people_daily_summary,人民日报 1986-07-18 第4版,primary_text
RMRB-COUNTY-1986-07-18-013,1986,浙江省 / 1986-01—1986-06,split,丽水市,CNUR-000097,丽水县、域为丽水市,丽水县,丽水市,撤销丽水县，设立丽水市（县级），以原丽水县的行政区域为丽水市的行政区域,县、市,county_level,浙江省：撤销丽水县，设立丽水市（县级），以原丽水县的行政区域为丽水市的行政区域,一九八六年上半年全国县级以上行政区划变更情况,https://cn.govopendata.com/renminribao/1986/7/18/4/,,source_text_parsed_review_required,SRC-RMRB-1986-07-18,people_daily_summary,人民日报 1986-07-18 第4版,primary_text
RMRB-COUNTY-1986-07-18-014,1986,浙江省 / 1986-01—1986-06,split,,,临海县、临海市、域为临海市,临海县,临海市,撤销临海县，设立临海市（县级），以原临海县的行政区域为临海市的行政区域,县、市,county_level,浙江省：撤销临海县，设立临海市（县级），以原临海县的行政区域为临海市的行政区域,一九八六年上半年全国县级以上行政区划变更情况,https://cn.govopendata.com/renminribao/1986/7/18/4/,,source_text_parsed_review_required,SRC-RMRB-1986-07-18,people_daily_summary,人民日报 1986-07-18 第4版,primary_text
RMRB-COUNTY-1986-07-18-015,1986,安徽省 / 1986-01—1986-06,split,亳州市,CNUR-000112,亳县、域为亳州市,亳县,亳州市,撤销亳县，设立亳州市（县级），以原亳县的行政区域为亳州市的行政区域。,县、市,county_level,安徽省：撤销亳县，设立亳州市（县级），以原亳县的行政区域为亳州市的行政区域。,一九八六年上半年全国县级以上行政区划变更情况,https://cn.govopendata.com/renminribao/1986/7/18/4/,,source_text_parsed_review_required,SRC-RMRB-1986-07-18,people_daily_summary,人民日报 1986-07-18 第4版,primary_text
RMRB-COUNTY-1986-07-18-016,1986,山东省 / 1986-01—1986-06,split,,,益都县、青州市、域为青州市,益都县,青州市,撤销益都县，设立青州市（县级），以原益都县的行政区域为青州市的行政区域,县、市,county_level,山东省：撤销益都县，设立青州市（县级），以原益都县的行政区域为青州市的行政区域,一九八六年上半年全国县级以上行政区划变更情况,https://cn.govopendata.com/renminribao/1986/7/18/4/,,source_text_parsed_review_required,SRC-RMRB-1986-07-18,people_daily_summary,人民日报 1986-07-18 第4版,primary_text
RMRB-COUNTY-1986-07-18-017,1986,山东省 / 1986-01—1986-06,split,,,曲阜县、曲阜市、域为曲阜市,曲阜县,曲阜市,撤销曲阜县，设立曲阜市（县级），以原曲阜县的行政区域为曲阜市的行政区域,县、市,county_level,山东省：撤销曲阜县，设立曲阜市（县级），以原曲阜县的行政区域为曲阜市的行政区域,一九八六年上半年全国县级以上行政区划变更情况,https://cn.govopendata.com/renminribao/1986/7/18/4/,,source_text_parsed_review_required,SRC-RMRB-1986-07-18,people_daily_summary,人民日报 1986-07-18 第4版,primary_text
RMRB-COUNTY-1986-07-18-018,1986,河南省 / 1986-01—1986-06,jurisdiction_transfer,新乡市、焦作市,CNUR-000158、CNUR-000159,辉县、封丘五县、温县、孟县、济源五县,辉县、封丘五县,新乡市,撤销新乡地区，将辉县、获嘉、原阳、延津、封丘五县划归新乡市管辖；将武陟、沁阳、温县、孟县、济源五县划归焦作市管辖,县,county_level,河南省：撤销新乡地区，将辉县、获嘉、原阳、延津、封丘五县划归新乡市管辖；将武陟、沁阳、温县、孟县、济源五县划归焦作市管辖,一九八六年上半年全国县级以上行政区划变更情况,https://cn.govopendata.com/renminribao/1986/7/18/4/,,source_text_parsed_review_required,SRC-RMRB-1986-07-18,people_daily_summary,人民日报 1986-07-18 第4版,primary_text
RMRB-COUNTY-1986-07-18-019,1986,河南省 / 1986-01—1986-06,jurisdiction_transfer,平顶山市、漯河市、许昌市,CNUR-000155、CNUR-000161、CNUR-000162,漯河两市、升为地级市、禹县、鄢陵四县、郾城三县、郏县、襄城两县,禹县、鄢陵四县,许昌市,撤销许昌地区，许昌、漯河两市升为地级市。将禹县、长葛、许昌、鄢陵四县划归许昌市管辖；将舞阳、临颍、郾城三县划归漯河市管辖；将郏县、襄城两县划归平顶山市管辖,县、市,county_level,河南省：撤销许昌地区，许昌、漯河两市升为地级市。将禹县、长葛、许昌、鄢陵四县划归许昌市管辖；将舞阳、临颍、郾城三县划归漯河市管辖；将郏县、襄城两县划归平顶山市管辖,一九八六年上半年全国县级以上行政区划变更情况,https://cn.govopendata.com/renminribao/1986/7/18/4/,,source_text_parsed_review_required,SRC-RMRB-1986-07-18,people_daily_summary,人民日报 1986-07-18 第4版,primary_text
RMRB-COUNTY-1986-07-18-020,1986,河南省 / 1986-01—1986-06,jurisdiction_transfer,三门峡市、平顶山市、洛阳市,CNUR-000154、CNUR-000155、CNUR-000163,升为地级市、陕县、卢氏四县、义马市、嵩县、伊川六县、临汝县,陕县、卢氏四县,三门峡市,撤销洛阳地区，三门峡市升为地级市，将渑池、陕县、灵宝、卢氏四县划归三门峡市管辖，义马市（县级）由三门峡市代管；将栾川、嵩县、汝阳、宜阳、洛宁、伊川六县划归洛阳市管辖；将临汝县划归平顶山市管辖,县、市,county_level,河南省：撤销洛阳地区，三门峡市升为地级市，将渑池、陕县、灵宝、卢氏四县划归三门峡市管辖，义马市（县级）由三门峡市代管；将栾川、嵩县、汝阳、宜阳、洛宁、伊川六县划归洛阳市管辖；将临汝县划归平顶山市管辖,一九八六年上半年全国县级以上行政区划变更情况,https://cn.govopendata.com/renminribao/1986/7/18/4/,,source_text_parsed_review_required,SRC-RMRB-1986-07-18,people_daily_summary,人民日报 1986-07-18 第4版,primary_text
RMRB-COUNTY-1986-07-18-021,1986,河南省 / 1986-01—1986-06,jurisdiction_transfer,安阳市、鹤壁市,CNUR-000156、CNUR-000157,浚县、淇县,安阳市、浚县、淇县,鹤壁市,将安阳市的浚县、淇县划归鹤壁市管辖,县,county_level,河南省：将安阳市的浚县、淇县划归鹤壁市管辖,一九八六年上半年全国县级以上行政区划变更情况,https://cn.govopendata.com/renminribao/1986/7/18/4/,,source_text_parsed_review_required,SRC-RMRB-1986-07-18,people_daily_summary,人民日报 1986-07-18 第4版,primary_text
RMRB-COUNTY-1986-07-18-022,1986,河南省 / 1986-01—1986-06,jurisdiction_transfer,安阳市、新乡市、濮阳市,CNUR-000156、CNUR-000158、CNUR-000160,滑县、内黄两县、长垣县,濮阳市、滑县、内黄两县,安阳市,将濮阳市的滑县、内黄两县划归安阳市管辖；将长垣县划归新乡市管辖,县,county_level,河南省：将濮阳市的滑县、内黄两县划归安阳市管辖；将长垣县划归新乡市管辖,一九八六年上半年全国县级以上行政区划变更情况,https://cn.govopendata.com/renminribao/1986/7/18/4/,,source_text_parsed_review_required,SRC-RMRB-1986-07-18,people_daily_summary,人民日报 1986-07-18 第4版,primary_text
RMRB-COUNTY-1986-07-18-023,1986,河南省 / 1986-01—1986-06,split,许昌市,CNUR-000161,魏都区,,,许昌市设立魏都区,区,county_level,河南省：许昌市设立魏都区,一九八六年上半年全国县级以上行政区划变更情况,https://cn.govopendata.com/renminribao/1986/7/18/4/,,source_text_parsed_review_required,SRC-RMRB-1986-07-18,people_daily_summary,人民日报 1986-07-18 第4版,primary_text
RMRB-COUNTY-1986-07-18-024,1986,河南省 / 1986-01—1986-06,split,漯河市,CNUR-000162,源汇区,,,漯河市设立源汇区,区,county_level,河南省：漯河市设立源汇区,一九八六年上半年全国县级以上行政区划变更情况,https://cn.govopendata.com/renminribao/1986/7/18/4/,,source_text_parsed_review_required,SRC-RMRB-1986-07-18,people_daily_summary,人民日报 1986-07-18 第4版,primary_text
RMRB-COUNTY-1986-07-18-025,1986,河南省 / 1986-01—1986-06,split,三门峡市,CNUR-000163,湖滨区,,,三门峡市设立湖滨区,区,county_level,河南省：三门峡市设立湖滨区,一九八六年上半年全国县级以上行政区划变更情况,https://cn.govopendata.com/renminribao/1986/7/18/4/,,source_text_parsed_review_required,SRC-RMRB-1986-07-18,people_daily_summary,人民日报 1986-07-18 第4版,primary_text
RMRB-COUNTY-1986-07-18-026,1986,湖北省 / 1986-01—1986-06,split,,,应城县、应城市、域为应城市,应城县,应城市,撤销应城县，设立应城市（县级），以原应城县的行政区域为应城市的行政区域,县、市,county_level,湖北省：撤销应城县，设立应城市（县级），以原应城县的行政区域为应城市的行政区域,一九八六年上半年全国县级以上行政区划变更情况,https://cn.govopendata.com/renminribao/1986/7/18/4/,,source_text_parsed_review_required,SRC-RMRB-1986-07-18,people_daily_summary,人民日报 1986-07-18 第4版,primary_text
RMRB-COUNTY-1986-07-18-027,1986,湖北省 / 1986-01—1986-06,split,,,蒲圻县、蒲圻市、域为蒲圻市,蒲圻县,蒲圻市,撤销蒲圻县，设立蒲圻市（县级），以原蒲圻县的行政区域为蒲圻市的行政区域,县、市,county_level,湖北省：撤销蒲圻县，设立蒲圻市（县级），以原蒲圻县的行政区域为蒲圻市的行政区域,一九八六年上半年全国县级以上行政区划变更情况,https://cn.govopendata.com/renminribao/1986/7/18/4/,,source_text_parsed_review_required,SRC-RMRB-1986-07-18,people_daily_summary,人民日报 1986-07-18 第4版,primary_text
RMRB-COUNTY-1986-07-18-028,1986,湖北省 / 1986-01—1986-06,split,,,沔阳县、仙桃市、域为仙桃市,沔阳县,仙桃市,撤销沔阳县，设立仙桃市（县级），以原沔阳县的行政区域为仙桃市的行政区域,县、市,county_level,湖北省：撤销沔阳县，设立仙桃市（县级），以原沔阳县的行政区域为仙桃市的行政区域,一九八六年上半年全国县级以上行政区划变更情况,https://cn.govopendata.com/renminribao/1986/7/18/4/,,source_text_parsed_review_required,SRC-RMRB-1986-07-18,people_daily_summary,人民日报 1986-07-18 第4版,primary_text
RMRB-COUNTY-1986-07-18-029,1986,湖北省 / 1986-01—1986-06,split,,,石首县、石首市、域为石首市,石首县,石首市,撤销石首县，设立石首市（县级），以原石首县的行政区域为石首市的行政区域,县、市,county_level,湖北省：撤销石首县，设立石首市（县级），以原石首县的行政区域为石首市的行政区域,一九八六年上半年全国县级以上行政区划变更情况,https://cn.govopendata.com/renminribao/1986/7/18/4/,,source_text_parsed_review_required,SRC-RMRB-1986-07-18,people_daily_summary,人民日报 1986-07-18 第4版,primary_text
RMRB-COUNTY-1986-07-18-030,1986,湖北省 / 1986-01—1986-06,split,,,麻城县、麻城市、域为麻城市,麻城县,麻城市,撤销麻城县，设立麻城市（县级），以原麻城县的行政区域为麻城市的行政区域,县、市,county_level,湖北省：撤销麻城县，设立麻城市（县级），以原麻城县的行政区域为麻城市的行政区域,一九八六年上半年全国县级以上行政区划变更情况,https://cn.govopendata.com/renminribao/1986/7/18/4/,,source_text_parsed_review_required,SRC-RMRB-1986-07-18,people_daily_summary,人民日报 1986-07-18 第4版,primary_text
RMRB-COUNTY-1986-07-18-031,1986,湖北省 / 1986-01—1986-06,split,,,利川县、利川市、域为利川市,利川县,利川市,撤销利川县，设立利川市（县级），以原利川县的行政区域为利川市的行政区域,县、市,county_level,湖北省：撤销利川县，设立利川市（县级），以原利川县的行政区域为利川市的行政区域,一九八六年上半年全国县级以上行政区划变更情况,https://cn.govopendata.com/renminribao/1986/7/18/4/,,source_text_parsed_review_required,SRC-RMRB-1986-07-18,people_daily_summary,人民日报 1986-07-18 第4版,primary_text
RMRB-COUNTY-1986-07-18-032,1986,湖南省 / 1986-01—1986-06,jurisdiction_transfer,岳阳市,CNUR-000187,平江五县,平江五县,岳阳市,撤销岳阳地区，将临湘、华容、湘阴、汨罗、平江五县划归岳阳市管辖,县,county_level,湖南省：撤销岳阳地区，将临湘、华容、湘阴、汨罗、平江五县划归岳阳市管辖,一九八六年上半年全国县级以上行政区划变更情况,https://cn.govopendata.com/renminribao/1986/7/18/4/,,source_text_parsed_review_required,SRC-RMRB-1986-07-18,people_daily_summary,人民日报 1986-07-18 第4版,primary_text
RMRB-COUNTY-1986-07-18-033,1986,湖南省 / 1986-01—1986-06,jurisdiction_transfer,邵阳市,CNUR-000186,新宁县、城步苗族自治县、七县,新宁县、城步苗族自治县、七县,邵阳市,撤销邵阳地区，将邵阳、隆回、洞口、武冈、绥宁、新宁县和城步苗族自治县七县划归邵阳市管辖,县、自治县,county_level,湖南省：撤销邵阳地区，将邵阳、隆回、洞口、武冈、绥宁、新宁县和城步苗族自治县七县划归邵阳市管辖,一九八六年上半年全国县级以上行政区划变更情况,https://cn.govopendata.com/renminribao/1986/7/18/4/,,source_text_parsed_review_required,SRC-RMRB-1986-07-18,people_daily_summary,人民日报 1986-07-18 第4版,primary_text
RMRB-COUNTY-1986-07-18-034,1986,广东省 / 1986-01—1986-06,residence_change,肇庆市,CNUR-000205,高要县、人民政府驻地由肇庆市,,,高要县人民政府驻地由肇庆市迁至南岸镇,县、市,county_level,广东省：高要县人民政府驻地由肇庆市迁至南岸镇,一九八六年上半年全国县级以上行政区划变更情况,https://cn.govopendata.com/renminribao/1986/7/18/4/,,source_text_parsed_review_required,SRC-RMRB-1986-07-18,people_daily_summary,人民日报 1986-07-18 第4版,primary_text
RMRB-COUNTY-1986-07-18-035,1986,广东省 / 1986-01—1986-06,county_change,海口市,CNUR-000231,升为地级市,,,海口市升为地级市,市,county_level,广东省：海口市升为地级市,一九八六年上半年全国县级以上行政区划变更情况,https://cn.govopendata.com/renminribao/1986/7/18/4/,,source_text_parsed_review_required,SRC-RMRB-1986-07-18,people_daily_summary,人民日报 1986-07-18 第4版,primary_text
RMRB-COUNTY-1986-07-18-036,1986,广东省 / 1986-01—1986-06,jurisdiction_transfer,,,通什市、乐东三县,通什市,乐东三县,设立通什市（县级），以保亭、琼中、乐东三县的部分行政区域，为通什市的行政区域。通什市由海南黎族苗族自治州领导,县、市,county_level,广东省：设立通什市（县级），以保亭、琼中、乐东三县的部分行政区域，为通什市的行政区域。通什市由海南黎族苗族自治州领导,一九八六年上半年全国县级以上行政区划变更情况,https://cn.govopendata.com/renminribao/1986/7/18/4/,,source_text_parsed_review_required,SRC-RMRB-1986-07-18,people_daily_summary,人民日报 1986-07-18 第4版,primary_text
RMRB-COUNTY-1986-07-18-037,1986,四川省 / 1986-01—1986-06,merge,,,西昌县,西昌县,西昌市,撤销西昌县，将其行政区域并入西昌市。,县,county_level,四川省：撤销西昌县，将其行政区域并入西昌市。,一九八六年上半年全国县级以上行政区划变更情况,https://cn.govopendata.com/renminribao/1986/7/18/4/,,source_text_parsed_review_required,SRC-RMRB-1986-07-18,people_daily_summary,人民日报 1986-07-18 第4版,primary_text
RMRB-COUNTY-1986-07-18-038,1986,西藏自治区 / 1986-01—1986-06,rename,,,穷结县、改为琼结县,穷结县,琼结县,将穷结县改为琼结县。,县,county_level,西藏自治区：将穷结县改为琼结县。,一九八六年上半年全国县级以上行政区划变更情况,https://cn.govopendata.com/renminribao/1986/7/18/4/,,source_text_parsed_review_required,SRC-RMRB-1986-07-18,people_daily_summary,人民日报 1986-07-18 第4版,primary_text
RMRB-COUNTY-1986-07-18-039,1986,青海省 / 1986-01—1986-06,split,西宁市,CNUR-000313,城西区、城北两个区,,城北两个区,将西宁市原城西区分设为城西、城北两个区,区,county_level,青海省：将西宁市原城西区分设为城西、城北两个区,一九八六年上半年全国县级以上行政区划变更情况,https://cn.govopendata.com/renminribao/1986/7/18/4/,,source_text_parsed_review_required,SRC-RMRB-1986-07-18,people_daily_summary,人民日报 1986-07-18 第4版,primary_text
RMRB-COUNTY-1986-07-18-040,1986,青海省 / 1986-01—1986-06,abolish,西宁市,CNUR-000313,郊区,郊区,,撤销西宁市郊区,区,county_level,青海省：撤销西宁市郊区,一九八六年上半年全国县级以上行政区划变更情况,https://cn.govopendata.com/renminribao/1986/7/18/4/,,source_text_parsed_review_required,SRC-RMRB-1986-07-18,people_daily_summary,人民日报 1986-07-18 第4版,primary_text
RMRB-COUNTY-1986-07-18-041,1986,新疆维吾尔自治区 / 1986-01—1986-06,split,,,阿图什县、阿图什市、域为阿图什市,阿图什县,阿图什市,撤销阿图什县，设立阿图什市（县级），以原阿图什县的行政区域为阿图什市的行政区域。,县、市,county_level,新疆维吾尔自治区：撤销阿图什县，设立阿图什市（县级），以原阿图什县的行政区域为阿图什市的行政区域。,一九八六年上半年全国县级以上行政区划变更情况,https://cn.govopendata.com/renminribao/1986/7/18/4/,,source_text_parsed_review_required,SRC-RMRB-1986-07-18,people_daily_summary,人民日报 1986-07-18 第4版,primary_text
RMRB-COUNTY-1987-02-10-001,1986,北京市 / 1986-07—1986-12,split,,,房山县、燕山区、房山区、域为房山区,房山县、燕山区,房山区,撤销房山县和燕山区，设立房山区，以原房山县和燕山区的行政区域为房山区的行政区域。,区、县,county_level,北京市：撤销房山县和燕山区，设立房山区，以原房山县和燕山区的行政区域为房山区的行政区域。,1986年下半年全国县级以上行政区划变更情况,https://cn.govopendata.com/renminribao/1987/2/10/4/,,source_text_parsed_review_required,SRC-RMRB-1987-02-10,people_daily_summary,人民日报 1987-02-10 第4版,primary_text
RMRB-COUNTY-1987-02-10-002,1986,河北省 / 1986-07—1986-12,split,,,涿县、涿州市、域为涿州市,涿县,涿州市,撤销涿县，设立涿州市（县级），以原涿县的行政区域为涿州市的行政区域,县、市,county_level,河北省：撤销涿县，设立涿州市（县级），以原涿县的行政区域为涿州市的行政区域,1986年下半年全国县级以上行政区划变更情况,https://cn.govopendata.com/renminribao/1987/2/10/4/,,source_text_parsed_review_required,SRC-RMRB-1987-02-10,people_daily_summary,人民日报 1987-02-10 第4版,primary_text
RMRB-COUNTY-1987-02-10-003,1986,河北省 / 1986-07—1986-12,split,,,青龙县、青龙满族自治县、域为青龙满族自治县,青龙县,青龙满族自治县,撤销青龙县，设立青龙满族自治县，以原青龙县的行政区域为青龙满族自治县的行政区域,县、自治县,county_level,河北省：撤销青龙县，设立青龙满族自治县，以原青龙县的行政区域为青龙满族自治县的行政区域,1986年下半年全国县级以上行政区划变更情况,https://cn.govopendata.com/renminribao/1987/2/10/4/,,source_text_parsed_review_required,SRC-RMRB-1987-02-10,people_daily_summary,人民日报 1987-02-10 第4版,primary_text
RMRB-COUNTY-1987-02-10-004,1986,河北省 / 1986-07—1986-12,split,,,丰宁县、丰宁满族自治县、域为丰宁满族自治县,丰宁县,丰宁满族自治县,撤销丰宁县，设立丰宁满族自治县，以原丰宁县的行政区域为丰宁满族自治县的行政区域,县、自治县,county_level,河北省：撤销丰宁县，设立丰宁满族自治县，以原丰宁县的行政区域为丰宁满族自治县的行政区域,1986年下半年全国县级以上行政区划变更情况,https://cn.govopendata.com/renminribao/1987/2/10/4/,,source_text_parsed_review_required,SRC-RMRB-1987-02-10,people_daily_summary,人民日报 1987-02-10 第4版,primary_text
RMRB-COUNTY-1987-02-10-005,1986,内蒙古自治区 / 1986-07—1986-12,merge,通辽市,CNUR-000029,通辽县,通辽县,通辽市,撤销通辽县，将其行政区域并入通辽市。,县,county_level,内蒙古自治区：撤销通辽县，将其行政区域并入通辽市。,1986年下半年全国县级以上行政区划变更情况,https://cn.govopendata.com/renminribao/1987/2/10/4/,,source_text_parsed_review_required,SRC-RMRB-1987-02-10,people_daily_summary,人民日报 1987-02-10 第4版,primary_text
RMRB-COUNTY-1987-02-10-006,1986,辽宁省 / 1986-07—1986-12,abolish,铁岭市,CNUR-000048,铁法区、铁法市、域为铁法市,铁法区,,撤销铁岭市铁法区，恢复铁法市（县级），以原铁法区的行政区域为铁法市的行政区域,区、市,county_level,辽宁省：撤销铁岭市铁法区，恢复铁法市（县级），以原铁法区的行政区域为铁法市的行政区域,1986年下半年全国县级以上行政区划变更情况,https://cn.govopendata.com/renminribao/1987/2/10/4/,,source_text_parsed_review_required,SRC-RMRB-1987-02-10,people_daily_summary,人民日报 1987-02-10 第4版,primary_text
RMRB-COUNTY-1987-02-10-007,1986,辽宁省 / 1986-07—1986-12,abolish,盘锦市,CNUR-000047,郊区、盘山县、域为盘山县,郊区,,撤销盘锦市郊区，恢复盘山县，以原盘锦市郊区的行政区域为盘山县的行政区域,区、县,county_level,辽宁省：撤销盘锦市郊区，恢复盘山县，以原盘锦市郊区的行政区域为盘山县的行政区域,1986年下半年全国县级以上行政区划变更情况,https://cn.govopendata.com/renminribao/1987/2/10/4/,,source_text_parsed_review_required,SRC-RMRB-1987-02-10,people_daily_summary,人民日报 1987-02-10 第4版,primary_text
RMRB-COUNTY-1987-02-10-008,1986,辽宁省 / 1986-07—1986-12,rename,盘锦市,CNUR-000047,盘山区、更名为双台子区,盘锦市、盘山区,双台子区,将盘锦市盘山区更名为双台子区,区,county_level,辽宁省：将盘锦市盘山区更名为双台子区,1986年下半年全国县级以上行政区划变更情况,https://cn.govopendata.com/renminribao/1987/2/10/4/,,source_text_parsed_review_required,SRC-RMRB-1987-02-10,people_daily_summary,人民日报 1987-02-10 第4版,primary_text
RMRB-COUNTY-1987-02-10-009,1986,辽宁省 / 1986-07—1986-12,split,,,兴城县、兴城市、域为兴城市,兴城县,兴城市,撤销兴城县，设立兴城市（县级），以原兴城县的行政区域为兴城市的行政区域,县、市,county_level,辽宁省：撤销兴城县，设立兴城市（县级），以原兴城县的行政区域为兴城市的行政区域,1986年下半年全国县级以上行政区划变更情况,https://cn.govopendata.com/renminribao/1987/2/10/4/,,source_text_parsed_review_required,SRC-RMRB-1987-02-10,people_daily_summary,人民日报 1987-02-10 第4版,primary_text
RMRB-COUNTY-1987-02-10-010,1986,吉林省 / 1986-07—1986-12,split,通化市,CNUR-000055,东昌区、二道江区,,二道江区,通化市设立东昌区、二道江区,区,county_level,吉林省：通化市设立东昌区、二道江区,1986年下半年全国县级以上行政区划变更情况,https://cn.govopendata.com/renminribao/1987/2/10/4/,,source_text_parsed_review_required,SRC-RMRB-1987-02-10,people_daily_summary,人民日报 1987-02-10 第4版,primary_text
RMRB-COUNTY-1987-02-10-011,1986,吉林省 / 1986-07—1986-12,split,浑江市,CNUR-000056,八道江区、临江区、三岔子区,,临江区,浑江市设立八道江区、临江区、三岔子区,区,county_level,吉林省：浑江市设立八道江区、临江区、三岔子区,1986年下半年全国县级以上行政区划变更情况,https://cn.govopendata.com/renminribao/1987/2/10/4/,,source_text_parsed_review_required,SRC-RMRB-1987-02-10,people_daily_summary,人民日报 1987-02-10 第4版,primary_text
RMRB-COUNTY-1987-02-10-012,1986,黑龙江省 / 1986-07—1986-12,split,,,镜泊湖市、宁安县、域为镜泊湖市,,宁安县,设立镜泊湖市（县级），以原宁安县的部分行政区域为镜泊湖市的行政区域，市政府驻渤海镇,县、市,county_level,黑龙江省：设立镜泊湖市（县级），以原宁安县的部分行政区域为镜泊湖市的行政区域，市政府驻渤海镇,1986年下半年全国县级以上行政区划变更情况,https://cn.govopendata.com/renminribao/1987/2/10/4/,,source_text_parsed_review_required,SRC-RMRB-1987-02-10,people_daily_summary,人民日报 1987-02-10 第4版,primary_text
RMRB-COUNTY-1987-02-10-013,1986,黑龙江省 / 1986-07—1986-12,split,,,肇东县、肇东市、域为肇东市,肇东县,肇东市,撤销肇东县，设立肇东市（县级），以原肇东县的行政区域为肇东市的行政区域,县、市,county_level,黑龙江省：撤销肇东县，设立肇东市（县级），以原肇东县的行政区域为肇东市的行政区域,1986年下半年全国县级以上行政区划变更情况,https://cn.govopendata.com/renminribao/1987/2/10/4/,,source_text_parsed_review_required,SRC-RMRB-1987-02-10,people_daily_summary,人民日报 1987-02-10 第4版,primary_text
RMRB-COUNTY-1987-02-10-014,1986,江苏省 / 1986-07—1986-12,split,,,沙洲县、张家港市、域为张家港市,沙洲县,张家港市,撤销沙洲县，设立张家港市（县级），以原沙洲县的行政区域为张家港市的行政区域，市人民政府驻杨舍镇,县、市,county_level,江苏省：撤销沙洲县，设立张家港市（县级），以原沙洲县的行政区域为张家港市的行政区域，市人民政府驻杨舍镇,1986年下半年全国县级以上行政区划变更情况,https://cn.govopendata.com/renminribao/1987/2/10/4/,,source_text_parsed_review_required,SRC-RMRB-1987-02-10,people_daily_summary,人民日报 1987-02-10 第4版,primary_text
RMRB-COUNTY-1987-02-10-015,1986,江苏省 / 1986-07—1986-12,jurisdiction_transfer,常州市,CNUR-000077,广化区、天宁区,广化区,钟楼区、天宁区,常州市撤销广化区，将原广化区的行政区域分别划归钟楼区和天宁区,区,county_level,江苏省：常州市撤销广化区，将原广化区的行政区域分别划归钟楼区和天宁区,1986年下半年全国县级以上行政区划变更情况,https://cn.govopendata.com/renminribao/1987/2/10/4/,,source_text_parsed_review_required,SRC-RMRB-1987-02-10,people_daily_summary,人民日报 1987-02-10 第4版,primary_text
RMRB-COUNTY-1987-02-10-016,1986,浙江省 / 1986-07—1986-12,split,,,海宁县、海宁市、域为海宁市,海宁县,海宁市,撤销海宁县，设立海宁市（县级），以原海宁县的行政区域为海宁市的行政区域。,县、市,county_level,浙江省：撤销海宁县，设立海宁市（县级），以原海宁县的行政区域为海宁市的行政区域。,1986年下半年全国县级以上行政区划变更情况,https://cn.govopendata.com/renminribao/1987/2/10/4/,,source_text_parsed_review_required,SRC-RMRB-1987-02-10,people_daily_summary,人民日报 1987-02-10 第4版,primary_text
RMRB-COUNTY-1987-02-10-017,1986,山东省 / 1986-07—1986-12,split,,,黄县、龙口市、域为龙口市,黄县,龙口市,撤销黄县，设立龙口市（县级），以原黄县的行政区域为龙口市的行政区域，市人民政府驻龙口。,县、市,county_level,山东省：撤销黄县，设立龙口市（县级），以原黄县的行政区域为龙口市的行政区域，市人民政府驻龙口。,1986年下半年全国县级以上行政区划变更情况,https://cn.govopendata.com/renminribao/1987/2/10/4/,,source_text_parsed_review_required,SRC-RMRB-1987-02-10,people_daily_summary,人民日报 1987-02-10 第4版,primary_text
RMRB-COUNTY-1987-02-10-018,1986,湖北省 / 1986-07—1986-12,split,宜昌市,CNUR-000172,西陵区、伍家岗区、点军区,,伍家岗区,宜昌市设立西陵区、伍家岗区、点军区。,区,county_level,湖北省：宜昌市设立西陵区、伍家岗区、点军区。,1986年下半年全国县级以上行政区划变更情况,https://cn.govopendata.com/renminribao/1987/2/10/4/,,source_text_parsed_review_required,SRC-RMRB-1987-02-10,people_daily_summary,人民日报 1987-02-10 第4版,primary_text
RMRB-COUNTY-1987-02-10-019,1986,湖南省 / 1986-07—1986-12,split,,,湘乡县、湘乡市、域为湘乡市,湘乡县,湘乡市,撤销湘乡县，设立湘乡市（县级），以原湘乡县的行政区域为湘乡市的行政区域,县、市,county_level,湖南省：撤销湘乡县，设立湘乡市（县级），以原湘乡县的行政区域为湘乡市的行政区域,1986年下半年全国县级以上行政区划变更情况,https://cn.govopendata.com/renminribao/1987/2/10/4/,,source_text_parsed_review_required,SRC-RMRB-1987-02-10,people_daily_summary,人民日报 1987-02-10 第4版,primary_text
RMRB-COUNTY-1987-02-10-020,1986,湖南省 / 1986-07—1986-12,split,,,耒阳县、耒阳市、域为耒阳市,耒阳县,耒阳市,撤销耒阳县，设立耒阳市（县级），以原耒阳县的行政区域为耒阳市的行政区域,县、市,county_level,湖南省：撤销耒阳县，设立耒阳市（县级），以原耒阳县的行政区域为耒阳市的行政区域,1986年下半年全国县级以上行政区划变更情况,https://cn.govopendata.com/renminribao/1987/2/10/4/,,source_text_parsed_review_required,SRC-RMRB-1987-02-10,people_daily_summary,人民日报 1987-02-10 第4版,primary_text
RMRB-COUNTY-1987-02-10-021,1986,湖南省 / 1986-07—1986-12,split,,,芷江县、芷江侗族自治县、域为芷江侗族自治县,芷江县,芷江侗族自治县,撤销芷江县，设立芷江侗族自治县，以原芷江县的行政区域为芷江侗族自治县的行政区域,县、自治县,county_level,湖南省：撤销芷江县，设立芷江侗族自治县，以原芷江县的行政区域为芷江侗族自治县的行政区域,1986年下半年全国县级以上行政区划变更情况,https://cn.govopendata.com/renminribao/1987/2/10/4/,,source_text_parsed_review_required,SRC-RMRB-1987-02-10,people_daily_summary,人民日报 1987-02-10 第4版,primary_text
RMRB-COUNTY-1987-02-10-022,1986,广西壮族自治区 / 1986-07—1986-12,split,,,环江县、环江毛南族自治县、域为环江毛南族自治县,环江县,环江毛南族自治县,撤销环江县，设立环江毛南族自治县，以原环江县的行政区域为环江毛南族自治县的行政区域。,县、自治县,county_level,广西壮族自治区：撤销环江县，设立环江毛南族自治县，以原环江县的行政区域为环江毛南族自治县的行政区域。,1986年下半年全国县级以上行政区划变更情况,https://cn.govopendata.com/renminribao/1987/2/10/4/,,source_text_parsed_review_required,SRC-RMRB-1987-02-10,people_daily_summary,人民日报 1987-02-10 第4版,primary_text
RMRB-COUNTY-1987-02-10-023,1986,贵州省 / 1986-07—1986-12,split,,,务川县、务川仡佬族苗族自治县、域为务川仡佬族苗族自治县,务川县,务川仡佬族苗族自治县,撤销务川县，设立务川仡佬族苗族自治县，以原务川县的行政区域为务川仡佬族苗族自治县的行政区域,县、自治县,county_level,贵州省：撤销务川县，设立务川仡佬族苗族自治县，以原务川县的行政区域为务川仡佬族苗族自治县的行政区域,1986年下半年全国县级以上行政区划变更情况,https://cn.govopendata.com/renminribao/1987/2/10/4/,,source_text_parsed_review_required,SRC-RMRB-1987-02-10,people_daily_summary,人民日报 1987-02-10 第4版,primary_text
RMRB-COUNTY-1987-02-10-024,1986,贵州省 / 1986-07—1986-12,split,,,道真县、道真仡佬族苗族自治县、域为道真仡佬族苗族自治县,道真县,道真仡佬族苗族自治县,撤销道真县，设立道真仡佬族苗族自治县，以原道真县的行政区域为道真仡佬族苗族自治县的行政区域,县、自治县,county_level,贵州省：撤销道真县，设立道真仡佬族苗族自治县，以原道真县的行政区域为道真仡佬族苗族自治县的行政区域,1986年下半年全国县级以上行政区划变更情况,https://cn.govopendata.com/renminribao/1987/2/10/4/,,source_text_parsed_review_required,SRC-RMRB-1987-02-10,people_daily_summary,人民日报 1987-02-10 第4版,primary_text
RMRB-COUNTY-1987-02-10-025,1986,贵州省 / 1986-07—1986-12,split,,,沿河县、沿河土家族自治县、域为沿河土家族自治县,沿河县,沿河土家族自治县,撤销沿河县，设立沿河土家族自治县，以原沿河县的行政区域为沿河土家族自治县的行政区域,县、自治县,county_level,贵州省：撤销沿河县，设立沿河土家族自治县，以原沿河县的行政区域为沿河土家族自治县的行政区域,1986年下半年全国县级以上行政区划变更情况,https://cn.govopendata.com/renminribao/1987/2/10/4/,,source_text_parsed_review_required,SRC-RMRB-1987-02-10,people_daily_summary,人民日报 1987-02-10 第4版,primary_text
RMRB-COUNTY-1987-02-10-026,1986,贵州省 / 1986-07—1986-12,split,,,印江县、印江土家族苗族自治县、域为印江土家族苗族自治县,印江县,印江土家族苗族自治县,撤销印江县，设立印江土家族苗族自治县，以原印江县的行政区域为印江土家族苗族自治县的行政区域,县、自治县,county_level,贵州省：撤销印江县，设立印江土家族苗族自治县，以原印江县的行政区域为印江土家族苗族自治县的行政区域,1986年下半年全国县级以上行政区划变更情况,https://cn.govopendata.com/renminribao/1987/2/10/4/,,source_text_parsed_review_required,SRC-RMRB-1987-02-10,people_daily_summary,人民日报 1987-02-10 第4版,primary_text
RMRB-COUNTY-1987-02-10-027,1986,云南省 / 1986-07—1986-12,jurisdiction_transfer,,,碧江县、洛本卓两个区、匹河三个区,碧江县、洛本卓两个区,泸水县,撤销碧江县，将原碧江县的古登、洛本卓两个区划归泸水县，架科底、子里甲、匹河三个区划归福贡县。,区、县,county_level,云南省：撤销碧江县，将原碧江县的古登、洛本卓两个区划归泸水县，架科底、子里甲、匹河三个区划归福贡县。,1986年下半年全国县级以上行政区划变更情况,https://cn.govopendata.com/renminribao/1987/2/10/4/,,source_text_parsed_review_required,SRC-RMRB-1987-02-10,people_daily_summary,人民日报 1987-02-10 第4版,primary_text
RMRB-COUNTY-1987-02-10-028,1986,西藏自治区 / 1986-07—1986-12,jurisdiction_transfer,日喀则地区、山南地区,CNUR-000283、CNUR-000286,白朗六县、浪卡子县,白朗六县,白朗六县,撤销江孜地区，将原划归江孜地区所辖的亚东、康马、岗巴、江孜、仁布、白朗六县仍划归日喀则地区；浪卡子县仍划归山南地区,县,county_level,西藏自治区：撤销江孜地区，将原划归江孜地区所辖的亚东、康马、岗巴、江孜、仁布、白朗六县仍划归日喀则地区；浪卡子县仍划归山南地区,1986年下半年全国县级以上行政区划变更情况,https://cn.govopendata.com/renminribao/1987/2/10/4/,,source_text_parsed_review_required,SRC-RMRB-1987-02-10,people_daily_summary,人民日报 1987-02-10 第4版,primary_text
RMRB-COUNTY-1987-02-10-029,1986,西藏自治区 / 1986-07—1986-12,split,日喀则市,CNUR-000283,日喀则县、域为日喀则市,日喀则县,日喀则市,撤销日喀则县，设立日喀则市（县级），以原日喀则县的行政区域为日喀则市的行政区域,县、市,county_level,西藏自治区：撤销日喀则县，设立日喀则市（县级），以原日喀则县的行政区域为日喀则市的行政区域,1986年下半年全国县级以上行政区划变更情况,https://cn.govopendata.com/renminribao/1987/2/10/4/,,source_text_parsed_review_required,SRC-RMRB-1987-02-10,people_daily_summary,人民日报 1987-02-10 第4版,primary_text
RMRB-COUNTY-1987-02-10-030,1986,陕西省 / 1986-07—1986-12,split,咸阳市,CNUR-000292,渭城区,,,咸阳市设立渭城区。（朱孝庆）,区,county_level,陕西省：咸阳市设立渭城区。（朱孝庆）,1986年下半年全国县级以上行政区划变更情况,https://cn.govopendata.com/renminribao/1987/2/10/4/,,source_text_parsed_review_required,SRC-RMRB-1987-02-10,people_daily_summary,人民日报 1987-02-10 第4版,primary_text
WIKI-COUNTY-1987-03-002,1987,县级行政区划调整 / 市辖区的调整与撤销,abolish_or_merge,邵阳市,CNUR-000186,桥头区、东区,桥头区,东区,撤销邵阳市桥头区,市辖区,county_level,桥头区 | 430504 | 湖南省邵阳市 | 国务院2月12日批复同意；国函〔1987〕27号 | 撤销邵阳市桥头区 | 湖南省邵阳市 | 东区管辖,1987年中华人民共和国县级以上行政区划变更列表,https://zh.wikipedia.org/wiki/1987%E5%B9%B4%E4%B8%AD%E5%8D%8E%E4%BA%BA%E6%B0%91%E5%85%B1%E5%92%8C%E5%9B%BD%E5%8E%BF%E7%BA%A7%E4%BB%A5%E4%B8%8A%E8%A1%8C%E6%94%BF%E5%8C%BA%E5%88%92%E5%8F%98%E6%9B%B4%E5%88%97%E8%A1%A8,71416601,wikipedia_row_loose_relation,SRC-WIKI-1987,wikipedia,,revisioned_secondary
WIKI-COUNTY-1987-03-003,1987,县级行政区划调整 / 市辖区的调整与撤销,jurisdiction_transfer,郑州市,CNUR-000152,新密区、密县,新密区,密县,撤销郑州市新密区、金海区、郊区，将原新密区的行政区划划归密县管辖；设立郑州市邙山区,市辖区、县,county_level,新密区 | 410107 | 河南省郑州市 | 国务院2月16日批复同意；国函〔1987〕29号 | 撤销郑州市新密区、金海区、郊区，将原新密区的行政区划划归密县管辖；设立郑州市邙山区 | 河南省郑州市 | 密县管辖,1987年中华人民共和国县级以上行政区划变更列表,https://zh.wikipedia.org/wiki/1987%E5%B9%B4%E4%B8%AD%E5%8D%8E%E4%BA%BA%E6%B0%91%E5%85%B1%E5%92%8C%E5%9B%BD%E5%8E%BF%E7%BA%A7%E4%BB%A5%E4%B8%8A%E8%A1%8C%E6%94%BF%E5%8C%BA%E5%88%92%E5%8F%98%E6%9B%B4%E5%88%97%E8%A1%A8,71416601,wikipedia_row_loose_relation,SRC-WIKI-1987,wikipedia,,revisioned_secondary
WIKI-COUNTY-1987-03-004,1987,县级行政区划调整 / 市辖区的调整与撤销,jurisdiction_transfer,郑州市,CNUR-000152,金海区、邙山区,金海区,邙山区,河南省郑州市 | 国务院2月16日批复同意；国函〔1987〕29号 | 撤销郑州市新密区、金海区、郊区，将原新密区的行政区划划归密县管辖；设立郑州市邙山区 | 河南省郑州市 | 金海区 | 410111 | 邙山区 | 410108,市辖区、县,county_level,河南省郑州市 | 国务院2月16日批复同意；国函〔1987〕29号 | 撤销郑州市新密区、金海区、郊区，将原新密区的行政区划划归密县管辖；设立郑州市邙山区 | 河南省郑州市 | 金海区 | 410111 | 邙山区 | 410108,1987年中华人民共和国县级以上行政区划变更列表,https://zh.wikipedia.org/wiki/1987%E5%B9%B4%E4%B8%AD%E5%8D%8E%E4%BA%BA%E6%B0%91%E5%85%B1%E5%92%8C%E5%9B%BD%E5%8E%BF%E7%BA%A7%E4%BB%A5%E4%B8%8A%E8%A1%8C%E6%94%BF%E5%8C%BA%E5%88%92%E5%8F%98%E6%9B%B4%E5%88%97%E8%A1%A8,71416601,wikipedia_row_loose_relation,SRC-WIKI-1987,wikipedia,,revisioned_secondary
WIKI-COUNTY-1987-03-005,1987,县级行政区划调整 / 市辖区的调整与撤销,jurisdiction_transfer,郑州市,CNUR-000152,郊区,郊区,,河南省郑州市 | 国务院2月16日批复同意；国函〔1987〕29号 | 撤销郑州市新密区、金海区、郊区，将原新密区的行政区划划归密县管辖；设立郑州市邙山区 | 河南省郑州市 | 邙山区 | 410108 | 郊区 | 410112,市辖区、县,county_level,河南省郑州市 | 国务院2月16日批复同意；国函〔1987〕29号 | 撤销郑州市新密区、金海区、郊区，将原新密区的行政区划划归密县管辖；设立郑州市邙山区 | 河南省郑州市 | 邙山区 | 410108 | 郊区 | 410112,1987年中华人民共和国县级以上行政区划变更列表,https://zh.wikipedia.org/wiki/1987%E5%B9%B4%E4%B8%AD%E5%8D%8E%E4%BA%BA%E6%B0%91%E5%85%B1%E5%92%8C%E5%9B%BD%E5%8E%BF%E7%BA%A7%E4%BB%A5%E4%B8%8A%E8%A1%8C%E6%94%BF%E5%8C%BA%E5%88%92%E5%8F%98%E6%9B%B4%E5%88%97%E8%A1%A8,71416601,wikipedia_row_loose_relation,SRC-WIKI-1987,wikipedia,,revisioned_secondary
WIKI-COUNTY-1987-03-006,1987,县级行政区划调整 / 市辖区的调整与撤销,jurisdiction_transfer,黄冈地区、鄂州市、郑州市,CNUR-000178、CNUR-000174、CNUR-000152,黄州区、黄冈县,黄州区,黄冈县,撤销鄂州市黄州区，将原黄州区恢复为县辖镇，划归黄冈县,市辖区、县,county_level,河南省郑州市 | 国务院2月16日批复同意；国函〔1987〕29号 | 撤销郑州市新密区、金海区、郊区，将原新密区的行政区划划归密县管辖；设立郑州市邙山区 | 河南省郑州市 | 邙山区 | 410108 | 黄州区 | 420703 | 湖北省鄂州市 | 国务院2月27日批复同意；国函〔1987〕41号 | 撤销鄂州市黄州区，将原黄州区恢复为县辖镇，划归黄冈县 | 湖北省黄冈地区 | 黄冈县管辖,1987年中华人民共和国县级以上行政区划变更列表,https://zh.wikipedia.org/wiki/1987%E5%B9%B4%E4%B8%AD%E5%8D%8E%E4%BA%BA%E6%B0%91%E5%85%B1%E5%92%8C%E5%9B%BD%E5%8E%BF%E7%BA%A7%E4%BB%A5%E4%B8%8A%E8%A1%8C%E6%94%BF%E5%8C%BA%E5%88%92%E5%8F%98%E6%9B%B4%E5%88%97%E8%A1%A8,71416601,wikipedia_row_loose_relation,SRC-WIKI-1987,wikipedia,,revisioned_secondary
WIKI-COUNTY-1987-03-007,1987,县级行政区划调整 / 市辖区的调整与撤销,merge,东营市,CNUR-000139,东营区,东营区,东营区,将东营市牛庄、东营两区合并为东营区，以原牛庄、东营两区的行政区域为东营区的行政区域,市辖区,county_level,东营区 | 370502 | 山东省东营市 | 国务院6月10日批复同意；国函〔1987〕101号 | 将东营市牛庄、东营两区合并为东营区，以原牛庄、东营两区的行政区域为东营区的行政区域 | 山东省东营市 | 东营区 | 370502,1987年中华人民共和国县级以上行政区划变更列表,https://zh.wikipedia.org/wiki/1987%E5%B9%B4%E4%B8%AD%E5%8D%8E%E4%BA%BA%E6%B0%91%E5%85%B1%E5%92%8C%E5%9B%BD%E5%8E%BF%E7%BA%A7%E4%BB%A5%E4%B8%8A%E8%A1%8C%E6%94%BF%E5%8C%BA%E5%88%92%E5%8F%98%E6%9B%B4%E5%88%97%E8%A1%A8,71416601,wikipedia_row_loose_relation,SRC-WIKI-1987,wikipedia,,revisioned_secondary
WIKI-COUNTY-1987-03-008,1987,县级行政区划调整 / 市辖区的调整与撤销,merge,东营市,CNUR-000139,牛庄区,牛庄区,,山东省东营市 | 国务院6月10日批复同意；国函〔1987〕101号 | 将东营市牛庄、东营两区合并为东营区，以原牛庄、东营两区的行政区域为东营区的行政区域 | 山东省东营市 | 东营区 | 370502 | 牛庄区 | 370504,市辖区,county_level,山东省东营市 | 国务院6月10日批复同意；国函〔1987〕101号 | 将东营市牛庄、东营两区合并为东营区，以原牛庄、东营两区的行政区域为东营区的行政区域 | 山东省东营市 | 东营区 | 370502 | 牛庄区 | 370504,1987年中华人民共和国县级以上行政区划变更列表,https://zh.wikipedia.org/wiki/1987%E5%B9%B4%E4%B8%AD%E5%8D%8E%E4%BA%BA%E6%B0%91%E5%85%B1%E5%92%8C%E5%9B%BD%E5%8E%BF%E7%BA%A7%E4%BB%A5%E4%B8%8A%E8%A1%8C%E6%94%BF%E5%8C%BA%E5%88%92%E5%8F%98%E6%9B%B4%E5%88%97%E8%A1%A8,71416601,wikipedia_row_loose_relation,SRC-WIKI-1987,wikipedia,,revisioned_secondary
WIKI-COUNTY-1987-03-009,1987,县级行政区划调整 / 市辖区的调整与撤销,merge,东营市、厦门市,CNUR-000139、CNUR-000116,开元区、湖里区,,湖里区,开元区管辖,市辖区,county_level,山东省东营市 | 国务院6月10日批复同意；国函〔1987〕101号 | 将东营市牛庄、东营两区合并为东营区，以原牛庄、东营两区的行政区域为东营区的行政区域 | 山东省东营市 | 东营区 | 370502 | 开元区管辖 | 福建省厦门市 | 国务院6月15日批复同意；国函〔1987〕104号 | 设立湖里区，湖里区辖原属开元区的湖里街道和原属郊区的禾山乡； | 福建省厦门市 | 湖里区 | 350206,1987年中华人民共和国县级以上行政区划变更列表,https://zh.wikipedia.org/wiki/1987%E5%B9%B4%E4%B8%AD%E5%8D%8E%E4%BA%BA%E6%B0%91%E5%85%B1%E5%92%8C%E5%9B%BD%E5%8E%BF%E7%BA%A7%E4%BB%A5%E4%B8%8A%E8%A1%8C%E6%94%BF%E5%8C%BA%E5%88%92%E5%8F%98%E6%9B%B4%E5%88%97%E8%A1%A8,71416601,wikipedia_row_loose_relation,SRC-WIKI-1987,wikipedia,,revisioned_secondary
WIKI-COUNTY-1987-03-010,1987,县级行政区划调整 / 市辖区的调整与撤销,abolish_or_merge,鄂州市,CNUR-000174,华容区,,华容区,设立华容区；设立梁子湖区,市辖区,county_level,鄂州市派出机构管辖 | 湖北省鄂州市 | 国务院8月10日批复同意；国函〔1987〕139号 | 设立华容区；设立梁子湖区 | 湖北省鄂州市 | 华容区 | 420703,1987年中华人民共和国县级以上行政区划变更列表,https://zh.wikipedia.org/wiki/1987%E5%B9%B4%E4%B8%AD%E5%8D%8E%E4%BA%BA%E6%B0%91%E5%85%B1%E5%92%8C%E5%9B%BD%E5%8E%BF%E7%BA%A7%E4%BB%A5%E4%B8%8A%E8%A1%8C%E6%94%BF%E5%8C%BA%E5%88%92%E5%8F%98%E6%9B%B4%E5%88%97%E8%A1%A8,71416601,wikipedia_row_loose_relation,SRC-WIKI-1987,wikipedia,,revisioned_secondary
WIKI-COUNTY-1987-03-011,1987,县级行政区划调整 / 市辖区的调整与撤销,abolish_or_merge,鄂州市,CNUR-000174,梁子湖区,梁子湖区,,鄂州市派出机构管辖 | 湖北省鄂州市 | 国务院8月10日批复同意；国函〔1987〕139号 | 设立华容区；设立梁子湖区 | 湖北省鄂州市 | 梁子湖区 | 420702,市辖区,county_level,鄂州市派出机构管辖 | 湖北省鄂州市 | 国务院8月10日批复同意；国函〔1987〕139号 | 设立华容区；设立梁子湖区 | 湖北省鄂州市 | 梁子湖区 | 420702,1987年中华人民共和国县级以上行政区划变更列表,https://zh.wikipedia.org/wiki/1987%E5%B9%B4%E4%B8%AD%E5%8D%8E%E4%BA%BA%E6%B0%91%E5%85%B1%E5%92%8C%E5%9B%BD%E5%8E%BF%E7%BA%A7%E4%BB%A5%E4%B8%8A%E8%A1%8C%E6%94%BF%E5%8C%BA%E5%88%92%E5%8F%98%E6%9B%B4%E5%88%97%E8%A1%A8,71416601,wikipedia_row_loose_relation,SRC-WIKI-1987,wikipedia,,revisioned_secondary
WIKI-COUNTY-1987-03-012,1987,县级行政区划调整 / 市辖区的调整与撤销,merge,鄂州市、铜陵市,CNUR-000174、CNUR-000104,铜山区、郊区,铜山区,郊区,撤销铜陵市铜山区，将其行政区域并入铜陵市郊区,市辖区,county_level,鄂州市派出机构管辖 | 湖北省鄂州市 | 国务院8月10日批复同意；国函〔1987〕139号 | 设立华容区；设立梁子湖区 | 湖北省鄂州市 | 铜山区 | 340704 | 安徽省铜陵市 | 国务院8月17日批复同意；国函〔1987〕143号 | 撤销铜陵市铜山区，将其行政区域并入铜陵市郊区 | 安徽省铜陵市 | 郊区管辖,1987年中华人民共和国县级以上行政区划变更列表,https://zh.wikipedia.org/wiki/1987%E5%B9%B4%E4%B8%AD%E5%8D%8E%E4%BA%BA%E6%B0%91%E5%85%B1%E5%92%8C%E5%9B%BD%E5%8E%BF%E7%BA%A7%E4%BB%A5%E4%B8%8A%E8%A1%8C%E6%94%BF%E5%8C%BA%E5%88%92%E5%8F%98%E6%9B%B4%E5%88%97%E8%A1%A8,71416601,wikipedia_row_loose_relation,SRC-WIKI-1987,wikipedia,,revisioned_secondary
WIKI-COUNTY-1987-03-013,1987,县级行政区划调整 / 市辖区的调整与撤销,jurisdiction_transfer,保定市,CNUR-000008,郊区、南市区,郊区,南市区,撤销保定市郊区，将原郊区所辖乡划归南市区、北市区、新市区,市辖区,county_level,郊区 | 130605 | 河北省保定市 | 国务院10月15日批复同意；国函〔1987〕167号 | 撤销保定市郊区，将原郊区所辖乡划归南市区、北市区、新市区 | 河北省保定市 | 南市区管辖,1987年中华人民共和国县级以上行政区划变更列表,https://zh.wikipedia.org/wiki/1987%E5%B9%B4%E4%B8%AD%E5%8D%8E%E4%BA%BA%E6%B0%91%E5%85%B1%E5%92%8C%E5%9B%BD%E5%8E%BF%E7%BA%A7%E4%BB%A5%E4%B8%8A%E8%A1%8C%E6%94%BF%E5%8C%BA%E5%88%92%E5%8F%98%E6%9B%B4%E5%88%97%E8%A1%A8,71416601,wikipedia_row_loose_relation,SRC-WIKI-1987,wikipedia,,revisioned_secondary
WIKI-COUNTY-1987-03-014,1987,县级行政区划调整 / 市辖区的调整与撤销,jurisdiction_transfer,保定市,CNUR-000008,北市区,,,北市区管辖,市辖区,county_level,郊区 | 130605 | 河北省保定市 | 国务院10月15日批复同意；国函〔1987〕167号 | 撤销保定市郊区，将原郊区所辖乡划归南市区、北市区、新市区 | 河北省保定市 | 北市区管辖,1987年中华人民共和国县级以上行政区划变更列表,https://zh.wikipedia.org/wiki/1987%E5%B9%B4%E4%B8%AD%E5%8D%8E%E4%BA%BA%E6%B0%91%E5%85%B1%E5%92%8C%E5%9B%BD%E5%8E%BF%E7%BA%A7%E4%BB%A5%E4%B8%8A%E8%A1%8C%E6%94%BF%E5%8C%BA%E5%88%92%E5%8F%98%E6%9B%B4%E5%88%97%E8%A1%A8,71416601,wikipedia_row_loose_relation,SRC-WIKI-1987,wikipedia,,revisioned_secondary
WIKI-COUNTY-1987-03-015,1987,县级行政区划调整 / 市辖区的调整与撤销,jurisdiction_transfer,保定市,CNUR-000008,新市区,,,新市区管辖,市辖区,county_level,郊区 | 130605 | 河北省保定市 | 国务院10月15日批复同意；国函〔1987〕167号 | 撤销保定市郊区，将原郊区所辖乡划归南市区、北市区、新市区 | 河北省保定市 | 新市区管辖,1987年中华人民共和国县级以上行政区划变更列表,https://zh.wikipedia.org/wiki/1987%E5%B9%B4%E4%B8%AD%E5%8D%8E%E4%BA%BA%E6%B0%91%E5%85%B1%E5%92%8C%E5%9B%BD%E5%8E%BF%E7%BA%A7%E4%BB%A5%E4%B8%8A%E8%A1%8C%E6%94%BF%E5%8C%BA%E5%88%92%E5%8F%98%E6%9B%B4%E5%88%97%E8%A1%A8,71416601,wikipedia_row_loose_relation,SRC-WIKI-1987,wikipedia,,revisioned_secondary
WIKI-COUNTY-1987-03-016,1987,县级行政区划调整 / 市辖区的调整与撤销,jurisdiction_transfer,双鸭山市、保定市,CNUR-000064、CNUR-000008,岭东区,岭东区,岭东区,将双鸭山市岭东、岭西两区合并为岭东区,市辖区,county_level,郊区 | 130605 | 河北省保定市 | 国务院10月15日批复同意；国函〔1987〕167号 | 撤销保定市郊区，将原郊区所辖乡划归南市区、北市区、新市区 | 河北省保定市 | 岭东区 | 230503 | 黑龙江省双鸭山市 | 国务院11月6日批复同意；国函〔1987〕177号 | 将双鸭山市岭东、岭西两区合并为岭东区 | 黑龙江省双鸭山市 | 岭东区 | 230503,1987年中华人民共和国县级以上行政区划变更列表,https://zh.wikipedia.org/wiki/1987%E5%B9%B4%E4%B8%AD%E5%8D%8E%E4%BA%BA%E6%B0%91%E5%85%B1%E5%92%8C%E5%9B%BD%E5%8E%BF%E7%BA%A7%E4%BB%A5%E4%B8%8A%E8%A1%8C%E6%94%BF%E5%8C%BA%E5%88%92%E5%8F%98%E6%9B%B4%E5%88%97%E8%A1%A8,71416601,wikipedia_row_loose_relation,SRC-WIKI-1987,wikipedia,,revisioned_secondary
WIKI-COUNTY-1987-03-017,1987,县级行政区划调整 / 市辖区的调整与撤销,merge,双鸭山市,CNUR-000064,岭西区,岭西区,,黑龙江省双鸭山市 | 国务院11月6日批复同意；国函〔1987〕177号 | 将双鸭山市岭东、岭西两区合并为岭东区 | 黑龙江省双鸭山市 | 岭东区 | 230503 | 岭西区 | 230504,市辖区,county_level,黑龙江省双鸭山市 | 国务院11月6日批复同意；国函〔1987〕177号 | 将双鸭山市岭东、岭西两区合并为岭东区 | 黑龙江省双鸭山市 | 岭东区 | 230503 | 岭西区 | 230504,1987年中华人民共和国县级以上行政区划变更列表,https://zh.wikipedia.org/wiki/1987%E5%B9%B4%E4%B8%AD%E5%8D%8E%E4%BA%BA%E6%B0%91%E5%85%B1%E5%92%8C%E5%9B%BD%E5%8E%BF%E7%BA%A7%E4%BB%A5%E4%B8%8A%E8%A1%8C%E6%94%BF%E5%8C%BA%E5%88%92%E5%8F%98%E6%9B%B4%E5%88%97%E8%A1%A8,71416601,wikipedia_row_loose_relation,SRC-WIKI-1987,wikipedia,,revisioned_secondary
WIKI-COUNTY-1987-03-018,1987,县级行政区划调整 / 市辖区的调整与撤销,merge,乌鲁木齐市、双鸭山市,CNUR-000326、CNUR-000064,乌鲁木齐县、东山区,,东山区,乌鲁木齐县管辖,市辖区、县,county_level,黑龙江省双鸭山市 | 国务院11月6日批复同意；国函〔1987〕177号 | 将双鸭山市岭东、岭西两区合并为岭东区 | 黑龙江省双鸭山市 | 岭东区 | 230503 | 乌鲁木齐县管辖 | 新疆维吾尔自治区；乌鲁木齐市 | 国务院11月27日批复同意；国函〔1987〕184号 | 设立乌鲁木齐市东山区，以乌鲁木齐县芦草沟乡及乌鲁木齐市水磨沟区卡子湾办事处的行政区域为东山区的行政区域 | 新疆维吾尔自治区；乌鲁木齐市 | 东山区 | 650108,1987年中华人民共和国县级以上行政区划变更列表,https://zh.wikipedia.org/wiki/1987%E5%B9%B4%E4%B8%AD%E5%8D%8E%E4%BA%BA%E6%B0%91%E5%85%B1%E5%92%8C%E5%9B%BD%E5%8E%BF%E7%BA%A7%E4%BB%A5%E4%B8%8A%E8%A1%8C%E6%94%BF%E5%8C%BA%E5%88%92%E5%8F%98%E6%9B%B4%E5%88%97%E8%A1%A8,71416601,wikipedia_row_loose_relation,SRC-WIKI-1987,wikipedia,,revisioned_secondary
WIKI-COUNTY-1987-03-019,1987,县级行政区划调整 / 市辖区的调整与撤销,abolish_or_merge,乌鲁木齐市,CNUR-000326,水磨沟区,,,水磨沟区管辖,市辖区、县,county_level,新疆维吾尔自治区；乌鲁木齐市 | 国务院11月27日批复同意；国函〔1987〕184号 | 设立乌鲁木齐市东山区，以乌鲁木齐县芦草沟乡及乌鲁木齐市水磨沟区卡子湾办事处的行政区域为东山区的行政区域 | 新疆维吾尔自治区；乌鲁木齐市 | 东山区 | 650108 | 水磨沟区管辖,1987年中华人民共和国县级以上行政区划变更列表,https://zh.wikipedia.org/wiki/1987%E5%B9%B4%E4%B8%AD%E5%8D%8E%E4%BA%BA%E6%B0%91%E5%85%B1%E5%92%8C%E5%9B%BD%E5%8E%BF%E7%BA%A7%E4%BB%A5%E4%B8%8A%E8%A1%8C%E6%94%BF%E5%8C%BA%E5%88%92%E5%8F%98%E6%9B%B4%E5%88%97%E8%A1%A8,71416601,wikipedia_row_loose_relation,SRC-WIKI-1987,wikipedia,,revisioned_secondary
WIKI-COUNTY-1987-03-020,1987,县级行政区划调整 / 市辖区的调整与撤销,abolish_or_merge,乌鲁木齐市、无锡市,CNUR-000326、CNUR-000075,郊区、马山区,,马山区,郊区管辖,市辖区、县,county_level,新疆维吾尔自治区；乌鲁木齐市 | 国务院11月27日批复同意；国函〔1987〕184号 | 设立乌鲁木齐市东山区，以乌鲁木齐县芦草沟乡及乌鲁木齐市水磨沟区卡子湾办事处的行政区域为东山区的行政区域 | 新疆维吾尔自治区；乌鲁木齐市 | 东山区 | 650108 | 郊区管辖 | 江苏省无锡市 | 国务院12月22日批复同意；国函〔1987〕207号 | 设立无锡市马山区，以无锡市郊区部分镇的行政区域为石狮市的行政区域 | 江苏省无锡市 | 马山区 | 320212,1987年中华人民共和国县级以上行政区划变更列表,https://zh.wikipedia.org/wiki/1987%E5%B9%B4%E4%B8%AD%E5%8D%8E%E4%BA%BA%E6%B0%91%E5%85%B1%E5%92%8C%E5%9B%BD%E5%8E%BF%E7%BA%A7%E4%BB%A5%E4%B8%8A%E8%A1%8C%E6%94%BF%E5%8C%BA%E5%88%92%E5%8F%98%E6%9B%B4%E5%88%97%E8%A1%A8,71416601,wikipedia_row_loose_relation,SRC-WIKI-1987,wikipedia,,revisioned_secondary
WIKI-COUNTY-1987-04-002,1987,县级行政区划调整 / 撤销县，设立市辖区,abolish_or_merge,大连市,CNUR-000038,金县、金州区,金县,金州区,设立大连市金州区，以原金县的行政区域为大连市金州区的行政区域,市辖区、县,county_level,金县 | 210221 | 辽宁省大连市 | 国务院4月21日批复同意；国函〔1987〕70号 | 设立大连市金州区，以原金县的行政区域为大连市金州区的行政区域 | 辽宁省大连市 | 金州区 | 210213,1987年中华人民共和国县级以上行政区划变更列表,https://zh.wikipedia.org/wiki/1987%E5%B9%B4%E4%B8%AD%E5%8D%8E%E4%BA%BA%E6%B0%91%E5%85%B1%E5%92%8C%E5%9B%BD%E5%8E%BF%E7%BA%A7%E4%BB%A5%E4%B8%8A%E8%A1%8C%E6%94%BF%E5%8C%BA%E5%88%92%E5%8F%98%E6%9B%B4%E5%88%97%E8%A1%A8,71416601,wikipedia_row_loose_relation,SRC-WIKI-1987,wikipedia,,revisioned_secondary
WIKI-COUNTY-1987-05-002,1987,县级行政区划调整 / 撤销市辖区，设立县,abolish_or_merge,石嘴山市,CNUR-000322,郊区、惠农县,郊区,惠农县,撤销石嘴山市郊区，恢复惠农县,市辖区、县,county_level,郊区 | 640211 | 宁夏回族自治区石嘴山市 | 国务院1月23日批复同意；国函〔1987〕21号 | 撤销石嘴山市郊区，恢复惠农县 | 宁夏回族自治区石嘴山市 | 惠农县 | 640223,1987年中华人民共和国县级以上行政区划变更列表,https://zh.wikipedia.org/wiki/1987%E5%B9%B4%E4%B8%AD%E5%8D%8E%E4%BA%BA%E6%B0%91%E5%85%B1%E5%92%8C%E5%9B%BD%E5%8E%BF%E7%BA%A7%E4%BB%A5%E4%B8%8A%E8%A1%8C%E6%94%BF%E5%8C%BA%E5%88%92%E5%8F%98%E6%9B%B4%E5%88%97%E8%A1%A8,71416601,wikipedia_row_loose_relation,SRC-WIKI-1987,wikipedia,,revisioned_secondary
WIKI-COUNTY-1987-05-003,1987,县级行政区划调整 / 撤销市辖区，设立县,abolish_or_merge,濮阳市,CNUR-000160,郊区、濮阳县,郊区,濮阳县,撤销濮阳市郊区，恢复濮阳县，以原郊区的行政区域为濮阳县的行政区域,市辖区、县,county_level,郊区 | 410911 | 河南省濮阳市 | 国务院4月20日批复同意；国函〔1987〕68号 | 撤销濮阳市郊区，恢复濮阳县，以原郊区的行政区域为濮阳县的行政区域 | 河南省濮阳市 | 濮阳县 | 410928,1987年中华人民共和国县级以上行政区划变更列表,https://zh.wikipedia.org/wiki/1987%E5%B9%B4%E4%B8%AD%E5%8D%8E%E4%BA%BA%E6%B0%91%E5%85%B1%E5%92%8C%E5%9B%BD%E5%8E%BF%E7%BA%A7%E4%BB%A5%E4%B8%8A%E8%A1%8C%E6%94%BF%E5%8C%BA%E5%88%92%E5%8F%98%E6%9B%B4%E5%88%97%E8%A1%A8,71416601,wikipedia_row_loose_relation,SRC-WIKI-1987,wikipedia,,revisioned_secondary
WIKI-COUNTY-1987-06-002,1987,县级行政区划调整 / 撤消县，设立自治县,abolish_or_merge,怀化地区,CNUR-000193,靖县、靖州苗族侗族自治县,靖县,靖州苗族侗族自治县,撤销靖县，设立靖州苗族侗族自治县，以原靖县的行政区域为靖州苗族侗族自治县的行政区域,自治县、县,county_level,靖县 | 433030 | 湖南省怀化地区 | 国务院2月19日批复同意；国函〔1987〕31号 | 撤销靖县，设立靖州苗族侗族自治县，以原靖县的行政区域为靖州苗族侗族自治县的行政区域 | 湖南省怀化地区 | 靖州苗族侗族自治县,1987年中华人民共和国县级以上行政区划变更列表,https://zh.wikipedia.org/wiki/1987%E5%B9%B4%E4%B8%AD%E5%8D%8E%E4%BA%BA%E6%B0%91%E5%85%B1%E5%92%8C%E5%9B%BD%E5%8E%BF%E7%BA%A7%E4%BB%A5%E4%B8%8A%E8%A1%8C%E6%94%BF%E5%8C%BA%E5%88%92%E5%8F%98%E6%9B%B4%E5%88%97%E8%A1%A8,71416601,wikipedia_row_loose_relation,SRC-WIKI-1987,wikipedia,,revisioned_secondary
WIKI-COUNTY-1987-06-003,1987,县级行政区划调整 / 撤消县，设立自治县,abolish_or_merge,怒江傈僳族自治州,CNUR-000280,兰坪县、兰坪白族普米族自治县,兰坪县,兰坪白族普米族自治县,撤销兰坪县，设立兰坪白族普米族自治县，以原兰坪县的行政区域为兰坪白族普米族自治县的行政区域,自治县、县,county_level,兰坪县 | 533325 | 云南省；怒江傈僳族自治州 | 国务院11月27日批复同意；国函〔1987〕182号 | 撤销兰坪县，设立兰坪白族普米族自治县，以原兰坪县的行政区域为兰坪白族普米族自治县的行政区域 | 云南省；怒江傈僳族自治州 | 兰坪白族普米族自治县,1987年中华人民共和国县级以上行政区划变更列表,https://zh.wikipedia.org/wiki/1987%E5%B9%B4%E4%B8%AD%E5%8D%8E%E4%BA%BA%E6%B0%91%E5%85%B1%E5%92%8C%E5%9B%BD%E5%8E%BF%E7%BA%A7%E4%BB%A5%E4%B8%8A%E8%A1%8C%E6%94%BF%E5%8C%BA%E5%88%92%E5%8F%98%E6%9B%B4%E5%88%97%E8%A1%A8,71416601,wikipedia_row_loose_relation,SRC-WIKI-1987,wikipedia,,revisioned_secondary
WIKI-COUNTY-1987-07-002,1987,县级行政区划调整 / 撤消县，设立县级市,abolish_or_merge,青岛市,CNUR-000136,胶县、胶州市,胶县,胶州市,撤销胶县，设立胶州市（县级），以原胶县的行政区域为胶州市的行政区域,县级市、县,county_level,胶县 | 370224 | 山东省青岛市 | 国务院2月12日批复同意；国函〔1987〕26号 | 撤销胶县，设立胶州市（县级），以原胶县的行政区域为胶州市的行政区域 | 山东省直辖；青岛市代管 | 胶州市 | 379006,1987年中华人民共和国县级以上行政区划变更列表,https://zh.wikipedia.org/wiki/1987%E5%B9%B4%E4%B8%AD%E5%8D%8E%E4%BA%BA%E6%B0%91%E5%85%B1%E5%92%8C%E5%9B%BD%E5%8E%BF%E7%BA%A7%E4%BB%A5%E4%B8%8A%E8%A1%8C%E6%94%BF%E5%8C%BA%E5%88%92%E5%8F%98%E6%9B%B4%E5%88%97%E8%A1%A8,71416601,wikipedia_row_loose_relation,SRC-WIKI-1987,wikipedia,,revisioned_secondary
WIKI-COUNTY-1987-07-003,1987,县级行政区划调整 / 撤消县，设立县级市,abolish_or_merge,邢台地区,CNUR-000354,沙河县、沙河市,沙河县,沙河市,撤销沙河县，设立沙河市（县级），以原沙河县的行政区域为沙河市的行政区域,县级市、县,county_level,沙河县 | 132222 | 河北省邢台地区 | 国务院2月20日批复同意；国函〔1987〕32号 | 撤销沙河县，设立沙河市（县级），以原沙河县的行政区域为沙河市的行政区域 | 河北省邢台地区 | 沙河市 | 132202,1987年中华人民共和国县级以上行政区划变更列表,https://zh.wikipedia.org/wiki/1987%E5%B9%B4%E4%B8%AD%E5%8D%8E%E4%BA%BA%E6%B0%91%E5%85%B1%E5%92%8C%E5%9B%BD%E5%8E%BF%E7%BA%A7%E4%BB%A5%E4%B8%8A%E8%A1%8C%E6%94%BF%E5%8C%BA%E5%88%92%E5%8F%98%E6%9B%B4%E5%88%97%E8%A1%A8,71416601,wikipedia_row_loose_relation,SRC-WIKI-1987,wikipedia,,revisioned_secondary
WIKI-COUNTY-1987-07-004,1987,县级行政区划调整 / 撤消县，设立县级市,abolish_or_merge,烟台市,CNUR-000140,莱阳县、莱阳市,莱阳县,莱阳市,撤销莱阳县，设立莱阳市（县级），以原莱阳县的行政区域为莱阳市的行政区域,县级市、县,county_level,莱阳县 | 370627 | 山东省烟台市 | 国务院2月20日批复同意；国函〔1987〕33号 | 撤销莱阳县，设立莱阳市（县级），以原莱阳县的行政区域为莱阳市的行政区域 | 山东省直辖；烟台市代管 | 莱阳市 | 379008,1987年中华人民共和国县级以上行政区划变更列表,https://zh.wikipedia.org/wiki/1987%E5%B9%B4%E4%B8%AD%E5%8D%8E%E4%BA%BA%E6%B0%91%E5%85%B1%E5%92%8C%E5%9B%BD%E5%8E%BF%E7%BA%A7%E4%BB%A5%E4%B8%8A%E8%A1%8C%E6%94%BF%E5%8C%BA%E5%88%92%E5%8F%98%E6%9B%B4%E5%88%97%E8%A1%A8,71416601,wikipedia_row_loose_relation,SRC-WIKI-1987,wikipedia,,revisioned_secondary
WIKI-COUNTY-1987-07-005,1987,县级行政区划调整 / 撤消县，设立县级市,abolish_or_merge,哈尔滨市,CNUR-000060,阿城县、阿城市,阿城县,阿城市,撤销阿城县，设立阿城市（县级），以原阿城县的行政区域为阿城市的行政区域；撤销同江县，设立同江市（县级），以原同江县的行政区域为同江市的行政区域,县级市、县,county_level,阿城县 | 230122 | 黑龙江省哈尔滨市 | 国务院2月24日批复同意；国函〔1987〕39号 | 撤销阿城县，设立阿城市（县级），以原阿城县的行政区域为阿城市的行政区域；撤销同江县，设立同江市（县级），以原同江县的行政区域为同江市的行政区域 | 黑龙江省直辖；哈尔滨市代管 | 阿城市 | 239002,1987年中华人民共和国县级以上行政区划变更列表,https://zh.wikipedia.org/wiki/1987%E5%B9%B4%E4%B8%AD%E5%8D%8E%E4%BA%BA%E6%B0%91%E5%85%B1%E5%92%8C%E5%9B%BD%E5%8E%BF%E7%BA%A7%E4%BB%A5%E4%B8%8A%E8%A1%8C%E6%94%BF%E5%8C%BA%E5%88%92%E5%8F%98%E6%9B%B4%E5%88%97%E8%A1%A8,71416601,wikipedia_row_loose_relation,SRC-WIKI-1987,wikipedia,,revisioned_secondary
WIKI-COUNTY-1987-07-006,1987,县级行政区划调整 / 撤消县，设立县级市,abolish_or_merge,佳木斯市,CNUR-000067,同江县、同江市,同江县,,国务院2月24日批复同意；国函〔1987〕39号 | 撤销阿城县，设立阿城市（县级），以原阿城县的行政区域为阿城市的行政区域；撤销同江县，设立同江市（县级），以原同江县的行政区域为同江市的行政区域 | 同江县 | 230831 | 黑龙江省佳木斯市 | 黑龙江省直辖；佳木斯市代管 | 同江市 | 239003,县级市、县,county_level,国务院2月24日批复同意；国函〔1987〕39号 | 撤销阿城县，设立阿城市（县级），以原阿城县的行政区域为阿城市的行政区域；撤销同江县，设立同江市（县级），以原同江县的行政区域为同江市的行政区域 | 同江县 | 230831 | 黑龙江省佳木斯市 | 黑龙江省直辖；佳木斯市代管 | 同江市 | 239003,1987年中华人民共和国县级以上行政区划变更列表,https://zh.wikipedia.org/wiki/1987%E5%B9%B4%E4%B8%AD%E5%8D%8E%E4%BA%BA%E6%B0%91%E5%85%B1%E5%92%8C%E5%9B%BD%E5%8E%BF%E7%BA%A7%E4%BB%A5%E4%B8%8A%E8%A1%8C%E6%94%BF%E5%8C%BA%E5%88%92%E5%8F%98%E6%9B%B4%E5%88%97%E8%A1%A8,71416601,wikipedia_row_loose_relation,SRC-WIKI-1987,wikipedia,,revisioned_secondary
WIKI-COUNTY-1987-07-007,1987,县级行政区划调整 / 撤消县，设立县级市,abolish_or_merge,温州市,CNUR-000089,瑞安县、瑞安市,瑞安县,瑞安市,撤销瑞安县，设立瑞安市（县级），以原瑞安县的行政区域为瑞安市的行政区域,县级市、县,county_level,国务院2月24日批复同意；国函〔1987〕39号 | 撤销阿城县，设立阿城市（县级），以原阿城县的行政区域为阿城市的行政区域；撤销同江县，设立同江市（县级），以原同江县的行政区域为同江市的行政区域 | 瑞安县 | 330325 | 浙江省温州市 | 国务院4月15日批复同意；国函〔1987〕62号 | 撤销瑞安县，设立瑞安市（县级），以原瑞安县的行政区域为瑞安市的行政区域 | 浙江省直辖；温州市代管 | 瑞安市 | 339004,1987年中华人民共和国县级以上行政区划变更列表,https://zh.wikipedia.org/wiki/1987%E5%B9%B4%E4%B8%AD%E5%8D%8E%E4%BA%BA%E6%B0%91%E5%85%B1%E5%92%8C%E5%9B%BD%E5%8E%BF%E7%BA%A7%E4%BB%A5%E4%B8%8A%E8%A1%8C%E6%94%BF%E5%8C%BA%E5%88%92%E5%8F%98%E6%9B%B4%E5%88%97%E8%A1%A8,71416601,wikipedia_row_loose_relation,SRC-WIKI-1987,wikipedia,,revisioned_secondary
WIKI-COUNTY-1987-07-008,1987,县级行政区划调整 / 撤消县，设立县级市,abolish_or_merge,潍坊市,CNUR-000141,诸城县、诸城市,诸城县,诸城市,撤销诸城县，设立诸城市（县级），以原诸城县的行政区域为诸城市的行政区域,县级市、县,county_level,诸城县 | 370728 | 山东省潍坊市 | 国务院4月20日批复同意；国函〔1987〕69号 | 撤销诸城县，设立诸城市（县级），以原诸城县的行政区域为诸城市的行政区域 | 山东省直辖；潍坊市代管 | 诸城市 | 379007,1987年中华人民共和国县级以上行政区划变更列表,https://zh.wikipedia.org/wiki/1987%E5%B9%B4%E4%B8%AD%E5%8D%8E%E4%BA%BA%E6%B0%91%E5%85%B1%E5%92%8C%E5%9B%BD%E5%8E%BF%E7%BA%A7%E4%BB%A5%E4%B8%8A%E8%A1%8C%E6%94%BF%E5%8C%BA%E5%88%92%E5%8F%98%E6%9B%B4%E5%88%97%E8%A1%A8,71416601,wikipedia_row_loose_relation,SRC-WIKI-1987,wikipedia,,revisioned_secondary
WIKI-COUNTY-1987-07-009,1987,县级行政区划调整 / 撤消县，设立县级市,abolish_or_merge,无锡市,CNUR-000075,江阴县,江阴县,无锡市,撤销江阴县，设立江阴市（县级），以原江阴县的行政区域为江阴市的行政区域,县级市、县,county_level,江阴县 | 320221 | 江苏省无锡市 | 国务院4月23日批复同意；国函〔1987〕71号 | 撤销江阴县，设立江阴市（县级），以原江阴县的行政区域为江阴市的行政区域 | 江苏省直辖；无锡市代管 | 无锡市 | 329005,1987年中华人民共和国县级以上行政区划变更列表,https://zh.wikipedia.org/wiki/1987%E5%B9%B4%E4%B8%AD%E5%8D%8E%E4%BA%BA%E6%B0%91%E5%85%B1%E5%92%8C%E5%9B%BD%E5%8E%BF%E7%BA%A7%E4%BB%A5%E4%B8%8A%E8%A1%8C%E6%94%BF%E5%8C%BA%E5%88%92%E5%8F%98%E6%9B%B4%E5%88%97%E8%A1%A8,71416601,wikipedia_row_loose_relation,SRC-WIKI-1987,wikipedia,,revisioned_secondary
WIKI-COUNTY-1987-07-010,1987,县级行政区划调整 / 撤消县，设立县级市,abolish_or_merge,白城地区,CNUR-000058,洮安县、洮南市,洮安县,洮南市,撤销洮安县，设立洮南市（县级），以原洮安县的行政区域为洮南市的行政区域,县级市、县,county_level,洮安县 | 222322 | 吉林省白城地区 | 国务院5月21日批复同意；国函〔1987〕85号 | 撤销洮安县，设立洮南市（县级），以原洮安县的行政区域为洮南市的行政区域 | 吉林省白城地区 | 洮南市 | 222302,1987年中华人民共和国县级以上行政区划变更列表,https://zh.wikipedia.org/wiki/1987%E5%B9%B4%E4%B8%AD%E5%8D%8E%E4%BA%BA%E6%B0%91%E5%85%B1%E5%92%8C%E5%9B%BD%E5%8E%BF%E7%BA%A7%E4%BB%A5%E4%B8%8A%E8%A1%8C%E6%94%BF%E5%8C%BA%E5%88%92%E5%8F%98%E6%9B%B4%E5%88%97%E8%A1%A8,71416601,wikipedia_row_loose_relation,SRC-WIKI-1987,wikipedia,,revisioned_secondary
WIKI-COUNTY-1987-07-011,1987,县级行政区划调整 / 撤消县，设立县级市,abolish_or_merge,宣城地区,CNUR-000114,宣城县、宣州市,宣城县,宣州市,撤销宣城县，设立宣州市（县级），以原宣城县的行政区域为宣州市的行政区域,县级市、县,county_level,宣城县 | 342521 | 安徽省宣城地区 | 国务院6月10日批复同意；国函〔1987〕85号 | 撤销宣城县，设立宣州市（县级），以原宣城县的行政区域为宣州市的行政区域 | 安徽省宣城地区 | 宣州市 | 342501,1987年中华人民共和国县级以上行政区划变更列表,https://zh.wikipedia.org/wiki/1987%E5%B9%B4%E4%B8%AD%E5%8D%8E%E4%BA%BA%E6%B0%91%E5%85%B1%E5%92%8C%E5%9B%BD%E5%8E%BF%E7%BA%A7%E4%BB%A5%E4%B8%8A%E8%A1%8C%E6%94%BF%E5%8C%BA%E5%88%92%E5%8F%98%E6%9B%B4%E5%88%97%E8%A1%A8,71416601,wikipedia_row_loose_relation,SRC-WIKI-1987,wikipedia,,revisioned_secondary
WIKI-COUNTY-1987-07-012,1987,县级行政区划调整 / 撤消县，设立县级市,abolish_or_merge,娄底地区,CNUR-000194,涟源县、涟源市,涟源县,涟源市,撤销涟源县，设立涟源市（县级），以原涟源县的行政区域为涟源市的行政区域,县级市、县,county_level,涟源县 | 432521 | 湖南省娄底地区 | 国务院11月30日批复同意；国函〔1987〕103号 | 撤销涟源县，设立涟源市（县级），以原涟源县的行政区域为涟源市的行政区域 | 湖南省娄底地区 | 涟源市 | 432503,1987年中华人民共和国县级以上行政区划变更列表,https://zh.wikipedia.org/wiki/1987%E5%B9%B4%E4%B8%AD%E5%8D%8E%E4%BA%BA%E6%B0%91%E5%85%B1%E5%92%8C%E5%9B%BD%E5%8E%BF%E7%BA%A7%E4%BB%A5%E4%B8%8A%E8%A1%8C%E6%94%BF%E5%8C%BA%E5%88%92%E5%8F%98%E6%9B%B4%E5%88%97%E8%A1%A8,71416601,wikipedia_row_loose_relation,SRC-WIKI-1987,wikipedia,,revisioned_secondary
WIKI-COUNTY-1987-07-013,1987,县级行政区划调整 / 撤消县，设立县级市,abolish_or_merge,荆州地区,CNUR-000358,洪湖县、洪湖市,洪湖县,洪湖市,撤销洪湖县，设立洪湖市（县级），以原洪湖县的行政区域为洪湖市的行政区域,县级市、县,county_level,洪湖县 | 422426 | 湖北省荆州地区 | 国务院7月31日批复同意；国函〔1987〕130号 | 撤销洪湖县，设立洪湖市（县级），以原洪湖县的行政区域为洪湖市的行政区域 | 湖北省荆州地区 | 洪湖市 | 422403,1987年中华人民共和国县级以上行政区划变更列表,https://zh.wikipedia.org/wiki/1987%E5%B9%B4%E4%B8%AD%E5%8D%8E%E4%BA%BA%E6%B0%91%E5%85%B1%E5%92%8C%E5%9B%BD%E5%8E%BF%E7%BA%A7%E4%BB%A5%E4%B8%8A%E8%A1%8C%E6%94%BF%E5%8C%BA%E5%88%92%E5%8F%98%E6%9B%B4%E5%88%97%E8%A1%A8,71416601,wikipedia_row_loose_relation,SRC-WIKI-1987,wikipedia,,revisioned_secondary
WIKI-COUNTY-1987-07-014,1987,县级行政区划调整 / 撤消县，设立县级市,abolish_or_merge,荆州地区,CNUR-000358,天门县、天门市,天门县,天门市,撤销天门县，设立天门市（县级），以原天门县的行政区域为天门市的行政区域,县级市、县,county_level,湖北省荆州地区 | 湖北省荆州地区 | 天门县 | 422428 | 国务院8月3日批复同意；国函〔1987〕135号 | 撤销天门县，设立天门市（县级），以原天门县的行政区域为天门市的行政区域 | 天门市 | 422404,1987年中华人民共和国县级以上行政区划变更列表,https://zh.wikipedia.org/wiki/1987%E5%B9%B4%E4%B8%AD%E5%8D%8E%E4%BA%BA%E6%B0%91%E5%85%B1%E5%92%8C%E5%9B%BD%E5%8E%BF%E7%BA%A7%E4%BB%A5%E4%B8%8A%E8%A1%8C%E6%94%BF%E5%8C%BA%E5%88%92%E5%8F%98%E6%9B%B4%E5%88%97%E8%A1%A8,71416601,wikipedia_row_loose_relation,SRC-WIKI-1987,wikipedia,,revisioned_secondary
WIKI-COUNTY-1987-07-015,1987,县级行政区划调整 / 撤消县，设立县级市,abolish_or_merge,荆州地区、酒泉地区,CNUR-000358、CNUR-000307,敦煌县、敦煌市,敦煌县,敦煌市,撤销敦煌县，设立敦煌市（县级），以原敦煌县的行政区域为敦煌市的行政区域,县级市、县,county_level,湖北省荆州地区 | 湖北省荆州地区 | 敦煌县 | 622122 | 甘肃省酒泉地区 | 国务院8月21日批复同意；国函〔1987〕145号 | 撤销敦煌县，设立敦煌市（县级），以原敦煌县的行政区域为敦煌市的行政区域 | 甘肃省酒泉地区 | 敦煌市 | 622103,1987年中华人民共和国县级以上行政区划变更列表,https://zh.wikipedia.org/wiki/1987%E5%B9%B4%E4%B8%AD%E5%8D%8E%E4%BA%BA%E6%B0%91%E5%85%B1%E5%92%8C%E5%9B%BD%E5%8E%BF%E7%BA%A7%E4%BB%A5%E4%B8%8A%E8%A1%8C%E6%94%BF%E5%8C%BA%E5%88%92%E5%8F%98%E6%9B%B4%E5%88%97%E8%A1%A8,71416601,wikipedia_row_loose_relation,SRC-WIKI-1987,wikipedia,,revisioned_secondary
WIKI-COUNTY-1987-07-016,1987,县级行政区划调整 / 撤消县，设立县级市,abolish_or_merge,铜仁地区、铜仁市,CNUR-000262,铜仁县,铜仁县,铜仁市,撤销铜仁县，设立铜仁市（县级），以原铜仁县的行政区域为铜仁市的行政区域,县级市、县,county_level,铜仁县 | 522221 | 贵州省铜仁地区 | 国务院8月21日批复同意；国函〔1987〕146号 | 撤销铜仁县，设立铜仁市（县级），以原铜仁县的行政区域为铜仁市的行政区域 | 贵州省铜仁地区 | 铜仁市 | 522201,1987年中华人民共和国县级以上行政区划变更列表,https://zh.wikipedia.org/wiki/1987%E5%B9%B4%E4%B8%AD%E5%8D%8E%E4%BA%BA%E6%B0%91%E5%85%B1%E5%92%8C%E5%9B%BD%E5%8E%BF%E7%BA%A7%E4%BB%A5%E4%B8%8A%E8%A1%8C%E6%94%BF%E5%8C%BA%E5%88%92%E5%8F%98%E6%9B%B4%E5%88%97%E8%A1%A8,71416601,wikipedia_row_loose_relation,SRC-WIKI-1987,wikipedia,,revisioned_secondary
WIKI-COUNTY-1987-07-017,1987,县级行政区划调整 / 撤消县，设立县级市,abolish_or_merge,,,安陆县、安陆市,安陆县,安陆市,撤销安陆县，设立安陆市（县级），以原安陆县的行政区域为安陆市的行政区域,县级市、县,county_level,安陆县 | 422224 | 湖北省孝感地区 | 国务院9月4日批复同意；国函〔1987〕154号 | 撤销安陆县，设立安陆市（县级），以原安陆县的行政区域为安陆市的行政区域 | 湖北省孝感地区 | 安陆市 | 422204,1987年中华人民共和国县级以上行政区划变更列表,https://zh.wikipedia.org/wiki/1987%E5%B9%B4%E4%B8%AD%E5%8D%8E%E4%BA%BA%E6%B0%91%E5%85%B1%E5%92%8C%E5%9B%BD%E5%8E%BF%E7%BA%A7%E4%BB%A5%E4%B8%8A%E8%A1%8C%E6%94%BF%E5%8C%BA%E5%88%92%E5%8F%98%E6%9B%B4%E5%88%97%E8%A1%A8,71416601,wikipedia_row_unlinked,SRC-WIKI-1987,wikipedia,,revisioned_secondary
WIKI-COUNTY-1987-07-018,1987,县级行政区划调整 / 撤消县，设立县级市,abolish_or_merge,岳阳市,CNUR-000187,汨罗县、汨罗市,汨罗县,汨罗市,撤销汨罗县，设立汨罗市（县级），以原汨罗县的行政区域为汨罗市的行政区域,县级市、县,county_level,汨罗县 | 430625 | 湖南省岳阳市 | 国务院9月23日批复同意；国函〔1987〕160号 | 撤销汨罗县，设立汨罗市（县级），以原汨罗县的行政区域为汨罗市的行政区域 | 湖南省直辖；岳阳市代管 | 汨罗市 | 439004,1987年中华人民共和国县级以上行政区划变更列表,https://zh.wikipedia.org/wiki/1987%E5%B9%B4%E4%B8%AD%E5%8D%8E%E4%BA%BA%E6%B0%91%E5%85%B1%E5%92%8C%E5%9B%BD%E5%8E%BF%E7%BA%A7%E4%BB%A5%E4%B8%8A%E8%A1%8C%E6%94%BF%E5%8C%BA%E5%88%92%E5%8F%98%E6%9B%B4%E5%88%97%E8%A1%A8,71416601,wikipedia_row_loose_relation,SRC-WIKI-1987,wikipedia,,revisioned_secondary
WIKI-COUNTY-1987-07-019,1987,县级行政区划调整 / 撤消县，设立县级市,abolish_or_merge,白城地区,CNUR-000058,扶余县、扶余市,扶余县,扶余市,撤销扶余县，设立扶余市（县级），以原扶余县的行政区域为扶余市的行政区域,县级市、县,county_level,扶余县 | 222321 | 吉林省白城地区 | 国务院10月7日批复同意；国函〔1987〕165号 | 撤销扶余县，设立扶余市（县级），以原扶余县的行政区域为扶余市的行政区域 | 吉林省白城地区 | 扶余市 | 222303,1987年中华人民共和国县级以上行政区划变更列表,https://zh.wikipedia.org/wiki/1987%E5%B9%B4%E4%B8%AD%E5%8D%8E%E4%BA%BA%E6%B0%91%E5%85%B1%E5%92%8C%E5%9B%BD%E5%8E%BF%E7%BA%A7%E4%BB%A5%E4%B8%8A%E8%A1%8C%E6%94%BF%E5%8C%BA%E5%88%92%E5%8F%98%E6%9B%B4%E5%88%97%E8%A1%A8,71416601,wikipedia_row_loose_relation,SRC-WIKI-1987,wikipedia,,revisioned_secondary
WIKI-COUNTY-1987-07-020,1987,县级行政区划调整 / 撤消县，设立县级市,abolish_or_merge,,,广济县、武穴市,广济县,武穴市,撤销广济县，设立武穴市（县级），以原广济县的行政区域为武穴市的行政区域,县级市、县,county_level,广济县 | 422129 | 湖北省孝感地区 | 国务院10月23日批复同意；国函〔1987〕170号 | 撤销广济县，设立武穴市（县级），以原广济县的行政区域为武穴市的行政区域 | 湖北省孝感地区 | 武穴市 | 422102,1987年中华人民共和国县级以上行政区划变更列表,https://zh.wikipedia.org/wiki/1987%E5%B9%B4%E4%B8%AD%E5%8D%8E%E4%BA%BA%E6%B0%91%E5%85%B1%E5%92%8C%E5%9B%BD%E5%8E%BF%E7%BA%A7%E4%BB%A5%E4%B8%8A%E8%A1%8C%E6%94%BF%E5%8C%BA%E5%88%92%E5%8F%98%E6%9B%B4%E5%88%97%E8%A1%A8,71416601,wikipedia_row_unlinked,SRC-WIKI-1987,wikipedia,,revisioned_secondary
WIKI-COUNTY-1987-07-021,1987,县级行政区划调整 / 撤消县，设立县级市,abolish_or_merge,黔西南布依族苗族自治州,CNUR-000263,兴义县、兴义市,兴义县,兴义市,撤销兴义县，设立兴义市（县级），以原兴义县的行政区域为兴义市的行政区域,县级市、县,county_level,兴义县 | 522321 | 贵州省；黔西南布依族苗族自治州 | 国务院11月6日批复同意；国函〔1987〕176号 | 撤销兴义县，设立兴义市（县级），以原兴义县的行政区域为兴义市的行政区域 | 贵州省；黔西南布依族苗族自治州 | 兴义市 | 522301,1987年中华人民共和国县级以上行政区划变更列表,https://zh.wikipedia.org/wiki/1987%E5%B9%B4%E4%B8%AD%E5%8D%8E%E4%BA%BA%E6%B0%91%E5%85%B1%E5%92%8C%E5%9B%BD%E5%8E%BF%E7%BA%A7%E4%BB%A5%E4%B8%8A%E8%A1%8C%E6%94%BF%E5%8C%BA%E5%88%92%E5%8F%98%E6%9B%B4%E5%88%97%E8%A1%A8,71416601,wikipedia_row_loose_relation,SRC-WIKI-1987,wikipedia,,revisioned_secondary
WIKI-COUNTY-1987-07-022,1987,县级行政区划调整 / 撤消县，设立县级市,abolish_or_merge,杭州市,CNUR-000087,萧山县、萧山市,萧山县,萧山市,撤销萧山县，设立萧山市（县级），以原萧山县的行政区域为萧山市的行政区域,县级市、县,county_level,萧山县 | 330121 | 浙江省杭州市 | 国务院11月27日批复同意；国函〔1987〕186号 | 撤销萧山县，设立萧山市（县级），以原萧山县的行政区域为萧山市的行政区域 | 浙江省直辖；杭州市代管 | 萧山市 | 339005,1987年中华人民共和国县级以上行政区划变更列表,https://zh.wikipedia.org/wiki/1987%E5%B9%B4%E4%B8%AD%E5%8D%8E%E4%BA%BA%E6%B0%91%E5%85%B1%E5%92%8C%E5%9B%BD%E5%8E%BF%E7%BA%A7%E4%BB%A5%E4%B8%8A%E8%A1%8C%E6%94%BF%E5%8C%BA%E5%88%92%E5%8F%98%E6%9B%B4%E5%88%97%E8%A1%A8,71416601,wikipedia_row_loose_relation,SRC-WIKI-1987,wikipedia,,revisioned_secondary
WIKI-COUNTY-1987-07-023,1987,县级行政区划调整 / 撤消县，设立县级市,abolish_or_merge,衢州市,CNUR-000094,江山县、江山市,江山县,江山市,撤销江山县，设立江山市（县级），以原江山县的行政区域为江山市的行政区域,县级市、县,county_level,江山县 | 330823 | 浙江省衢州市 | 国务院11月27日批复同意；国函〔1987〕187号 | 撤销江山县，设立江山市（县级），以原江山县的行政区域为江山市的行政区域 | 浙江省直辖；衢州市代管 | 江山市 | 339006,1987年中华人民共和国县级以上行政区划变更列表,https://zh.wikipedia.org/wiki/1987%E5%B9%B4%E4%B8%AD%E5%8D%8E%E4%BA%BA%E6%B0%91%E5%85%B1%E5%92%8C%E5%9B%BD%E5%8E%BF%E7%BA%A7%E4%BB%A5%E4%B8%8A%E8%A1%8C%E6%94%BF%E5%8C%BA%E5%88%92%E5%8F%98%E6%9B%B4%E5%88%97%E8%A1%A8,71416601,wikipedia_row_loose_relation,SRC-WIKI-1987,wikipedia,,revisioned_secondary
WIKI-COUNTY-1987-07-024,1987,县级行政区划调整 / 撤消县，设立县级市,abolish_or_merge,宜昌地区,CNUR-000349,宜都县、枝城市,宜都县,枝城市,撤销宜都县，设立枝城市（县级），以原宜都县的行政区域为枝城市的行政区域,县级市、县,county_level,宜都县 | 422722 | 湖北省宜昌地区 | 国务院11月30日批复同意；国函〔1987〕191号 | 撤销宜都县，设立枝城市（县级），以原宜都县的行政区域为枝城市的行政区域 | 湖北省宜昌地区 | 枝城市 | 422701,1987年中华人民共和国县级以上行政区划变更列表,https://zh.wikipedia.org/wiki/1987%E5%B9%B4%E4%B8%AD%E5%8D%8E%E4%BA%BA%E6%B0%91%E5%85%B1%E5%92%8C%E5%9B%BD%E5%8E%BF%E7%BA%A7%E4%BB%A5%E4%B8%8A%E8%A1%8C%E6%94%BF%E5%8C%BA%E5%88%92%E5%8F%98%E6%9B%B4%E5%88%97%E8%A1%A8,71416601,wikipedia_row_loose_relation,SRC-WIKI-1987,wikipedia,,revisioned_secondary
WIKI-COUNTY-1987-07-025,1987,县级行政区划调整 / 撤消县，设立县级市,abolish_or_merge,宿迁市、淮阴市,CNUR-000086、CNUR-000081,宿迁县,宿迁县,宿迁市,撤销宿迁县，设立宿迁市（县级），以原宿迁县的行政区域为宿迁市的行政区域,县级市、县,county_level,宿迁县 | 320824 | 江苏省淮阴市 | 国务院12月15日批复同意；国函〔1987〕200号 | 撤销宿迁县，设立宿迁市（县级），以原宿迁县的行政区域为宿迁市的行政区域 | 江苏省直辖；淮阴市代管 | 宿迁市 | 329006,1987年中华人民共和国县级以上行政区划变更列表,https://zh.wikipedia.org/wiki/1987%E5%B9%B4%E4%B8%AD%E5%8D%8E%E4%BA%BA%E6%B0%91%E5%85%B1%E5%92%8C%E5%9B%BD%E5%8E%BF%E7%BA%A7%E4%BB%A5%E4%B8%8A%E8%A1%8C%E6%94%BF%E5%8C%BA%E5%88%92%E5%8F%98%E6%9B%B4%E5%88%97%E8%A1%A8,71416601,wikipedia_row_loose_relation,SRC-WIKI-1987,wikipedia,,revisioned_secondary
WIKI-COUNTY-1987-07-026,1987,县级行政区划调整 / 撤消县，设立县级市,abolish_or_merge,镇江市,CNUR-000084,丹阳县、丹阳市,丹阳县,丹阳市,撤销丹阳县，设立丹阳市（县级），以原丹阳县的行政区域为丹阳市的行政区域,县级市、县,county_level,丹阳县 | 321122 | 江苏省镇江市 | 国务院12月15日批复同意；国函〔1987〕201号 | 撤销丹阳县，设立丹阳市（县级），以原丹阳县的行政区域为丹阳市的行政区域 | 江苏省直辖；镇江市代管 | 丹阳市 | 329007,1987年中华人民共和国县级以上行政区划变更列表,https://zh.wikipedia.org/wiki/1987%E5%B9%B4%E4%B8%AD%E5%8D%8E%E4%BA%BA%E6%B0%91%E5%85%B1%E5%92%8C%E5%9B%BD%E5%8E%BF%E7%BA%A7%E4%BB%A5%E4%B8%8A%E8%A1%8C%E6%94%BF%E5%8C%BA%E5%88%92%E5%8F%98%E6%9B%B4%E5%88%97%E8%A1%A8,71416601,wikipedia_row_loose_relation,SRC-WIKI-1987,wikipedia,,revisioned_secondary
WIKI-COUNTY-1987-07-027,1987,县级行政区划调整 / 撤消县，设立县级市,abolish_or_merge,盐城市,CNUR-000082,东台县、东台市,东台县,东台市,撤销东台县，设立东台市（县级），以原东台县的行政区域为东台市的行政区域,县级市、县,county_level,东台县 | 320927 | 江苏省盐城市 | 国务院12月17日批复同意；国函〔1987〕202号 | 撤销东台县，设立东台市（县级），以原东台县的行政区域为东台市的行政区域 | 江苏省直辖；盐城市代管 | 东台市 | 329008,1987年中华人民共和国县级以上行政区划变更列表,https://zh.wikipedia.org/wiki/1987%E5%B9%B4%E4%B8%AD%E5%8D%8E%E4%BA%BA%E6%B0%91%E5%85%B1%E5%92%8C%E5%9B%BD%E5%8E%BF%E7%BA%A7%E4%BB%A5%E4%B8%8A%E8%A1%8C%E6%94%BF%E5%8C%BA%E5%88%92%E5%8F%98%E6%9B%B4%E5%88%97%E8%A1%A8,71416601,wikipedia_row_loose_relation,SRC-WIKI-1987,wikipedia,,revisioned_secondary
WIKI-COUNTY-1987-07-028,1987,县级行政区划调整 / 撤消县，设立县级市,abolish_or_merge,扬州市,CNUR-000083,兴化县、兴化市,兴化县,兴化市,撤销兴化县，设立兴化市（县级），以原兴化县的行政区域为兴化市的行政区域,县级市、县,county_level,兴化县 | 321021 | 江苏省扬州市 | 国务院12月22日批复同意；国函〔1987〕205号 | 撤销兴化县，设立兴化市（县级），以原兴化县的行政区域为兴化市的行政区域 | 江苏省直辖；扬州市代管 | 兴化市 | 329009,1987年中华人民共和国县级以上行政区划变更列表,https://zh.wikipedia.org/wiki/1987%E5%B9%B4%E4%B8%AD%E5%8D%8E%E4%BA%BA%E6%B0%91%E5%85%B1%E5%92%8C%E5%9B%BD%E5%8E%BF%E7%BA%A7%E4%BB%A5%E4%B8%8A%E8%A1%8C%E6%94%BF%E5%8C%BA%E5%88%92%E5%8F%98%E6%9B%B4%E5%88%97%E8%A1%A8,71416601,wikipedia_row_loose_relation,SRC-WIKI-1987,wikipedia,,revisioned_secondary
WIKI-COUNTY-1987-07-029,1987,县级行政区划调整 / 撤消县，设立县级市,abolish_or_merge,淮阴市、淮安市,CNUR-000081,淮安县,淮安县,淮安市,撤销淮安县，设立淮安市（县级），以原淮安县的行政区域为淮安市的行政区域,县级市、县,county_level,淮安县 | 320828 | 江苏省淮阴市 | 国务院12月22日批复同意；国函〔1987〕206号 | 撤销淮安县，设立淮安市（县级），以原淮安县的行政区域为淮安市的行政区域 | 江苏省直辖；淮阴市代管 | 淮安市 | 329010,1987年中华人民共和国县级以上行政区划变更列表,https://zh.wikipedia.org/wiki/1987%E5%B9%B4%E4%B8%AD%E5%8D%8E%E4%BA%BA%E6%B0%91%E5%85%B1%E5%92%8C%E5%9B%BD%E5%8E%BF%E7%BA%A7%E4%BB%A5%E4%B8%8A%E8%A1%8C%E6%94%BF%E5%8C%BA%E5%88%92%E5%8F%98%E6%9B%B4%E5%88%97%E8%A1%A8,71416601,wikipedia_row_loose_relation,SRC-WIKI-1987,wikipedia,,revisioned_secondary
WIKI-COUNTY-1987-08-002,1987,县级行政区划调整 / 自治县与县级市的新设,establish,河池地区,CNUR-000228,都安瑶族自治县、大化瑶族自治县,,大化瑶族自治县,都安瑶族自治县管辖,自治县、县,county_level,都安瑶族自治县管辖 | 广西壮族自治区河池地区 | 国务院12月23日批复同意；国函〔1987〕208号 | 设立大化瑶族自治县，以都安瑶族自治县部分乡、巴马瑶族自治县部分乡、马山县部分乡镇的行政区域为大化瑶族自治县的行政区域 | 广西壮族自治区河池地区 | 大化瑶族自治县 | 452731,1987年中华人民共和国县级以上行政区划变更列表,https://zh.wikipedia.org/wiki/1987%E5%B9%B4%E4%B8%AD%E5%8D%8E%E4%BA%BA%E6%B0%91%E5%85%B1%E5%92%8C%E5%9B%BD%E5%8E%BF%E7%BA%A7%E4%BB%A5%E4%B8%8A%E8%A1%8C%E6%94%BF%E5%8C%BA%E5%88%92%E5%8F%98%E6%9B%B4%E5%88%97%E8%A1%A8,71416601,wikipedia_row_loose_relation,SRC-WIKI-1987,wikipedia,,revisioned_secondary
WIKI-COUNTY-1987-08-003,1987,县级行政区划调整 / 自治县与县级市的新设,establish,河池地区,CNUR-000228,巴马瑶族自治县,,,巴马瑶族自治县管辖,自治县,county_level,广西壮族自治区河池地区 | 国务院12月23日批复同意；国函〔1987〕208号 | 设立大化瑶族自治县，以都安瑶族自治县部分乡、巴马瑶族自治县部分乡、马山县部分乡镇的行政区域为大化瑶族自治县的行政区域 | 广西壮族自治区河池地区 | 大化瑶族自治县 | 452731 | 巴马瑶族自治县管辖,1987年中华人民共和国县级以上行政区划变更列表,https://zh.wikipedia.org/wiki/1987%E5%B9%B4%E4%B8%AD%E5%8D%8E%E4%BA%BA%E6%B0%91%E5%85%B1%E5%92%8C%E5%9B%BD%E5%8E%BF%E7%BA%A7%E4%BB%A5%E4%B8%8A%E8%A1%8C%E6%94%BF%E5%8C%BA%E5%88%92%E5%8F%98%E6%9B%B4%E5%88%97%E8%A1%A8,71416601,wikipedia_row_loose_relation,SRC-WIKI-1987,wikipedia,,revisioned_secondary
WIKI-COUNTY-1987-08-004,1987,县级行政区划调整 / 自治县与县级市的新设,establish,河池地区、南宁地区,CNUR-000228、CNUR-000346,马山县,,,马山县管辖,自治县,county_level,广西壮族自治区河池地区 | 国务院12月23日批复同意；国函〔1987〕208号 | 设立大化瑶族自治县，以都安瑶族自治县部分乡、巴马瑶族自治县部分乡、马山县部分乡镇的行政区域为大化瑶族自治县的行政区域 | 广西壮族自治区河池地区 | 大化瑶族自治县 | 452731 | 马山县管辖 | 广西壮族自治区南宁地区,1987年中华人民共和国县级以上行政区划变更列表,https://zh.wikipedia.org/wiki/1987%E5%B9%B4%E4%B8%AD%E5%8D%8E%E4%BA%BA%E6%B0%91%E5%85%B1%E5%92%8C%E5%9B%BD%E5%8E%BF%E7%BA%A7%E4%BB%A5%E4%B8%8A%E8%A1%8C%E6%94%BF%E5%8C%BA%E5%88%92%E5%8F%98%E6%9B%B4%E5%88%97%E8%A1%A8,71416601,wikipedia_row_loose_relation,SRC-WIKI-1987,wikipedia,,revisioned_secondary
WIKI-COUNTY-1987-08-005,1987,县级行政区划调整 / 自治县与县级市的新设,establish,河池地区、泉州市,CNUR-000228、CNUR-000119,晋江县、石狮市,,,晋江县管辖,县级市、自治县,county_level,国务院12月23日批复同意；国函〔1987〕208号 | 设立大化瑶族自治县，以都安瑶族自治县部分乡、巴马瑶族自治县部分乡、马山县部分乡镇的行政区域为大化瑶族自治县的行政区域 | 广西壮族自治区河池地区 | 大化瑶族自治县 | 452731 | 晋江县管辖 | 福建省泉州市 | 国务院12月17日批复同意；国函〔1987〕203号 | 设立石狮市（县级），以晋江县部分乡镇的行政区域为石狮市的行政区域 | 福建省直辖；泉州市代管 | 石狮市 | 359002,1987年中华人民共和国县级以上行政区划变更列表,https://zh.wikipedia.org/wiki/1987%E5%B9%B4%E4%B8%AD%E5%8D%8E%E4%BA%BA%E6%B0%91%E5%85%B1%E5%92%8C%E5%9B%BD%E5%8E%BF%E7%BA%A7%E4%BB%A5%E4%B8%8A%E8%A1%8C%E6%94%BF%E5%8C%BA%E5%88%92%E5%8F%98%E6%9B%B4%E5%88%97%E8%A1%A8,71416601,wikipedia_row_loose_relation,SRC-WIKI-1987,wikipedia,,revisioned_secondary
WIKI-COUNTY-1987-09-002,1987,县级行政区划调整 / 县与县级市的撤销,merge,惠民地区、滨州市,CNUR-000150,滨县,滨县,,撤销滨县，将其行政区域并入滨州市,县,county_level,滨县 | 372322 | 山东省惠民地区 | 国务院2月25日批复同意；国函〔1987〕40号 | 撤销滨县，将其行政区域并入滨州市 | 山东省惠民地区 | 滨州市管辖,1987年中华人民共和国县级以上行政区划变更列表,https://zh.wikipedia.org/wiki/1987%E5%B9%B4%E4%B8%AD%E5%8D%8E%E4%BA%BA%E6%B0%91%E5%85%B1%E5%92%8C%E5%9B%BD%E5%8E%BF%E7%BA%A7%E4%BB%A5%E4%B8%8A%E8%A1%8C%E6%94%BF%E5%8C%BA%E5%88%92%E5%8F%98%E6%9B%B4%E5%88%97%E8%A1%A8,71416601,wikipedia_row_loose_relation,SRC-WIKI-1987,wikipedia,,revisioned_secondary
WIKI-COUNTY-1987-09-003,1987,县级行政区划调整 / 县与县级市的撤销,jurisdiction_transfer,牡丹江市,CNUR-000069,宁安县,,宁安县,撤销镜泊湖市，将其行政区域划归宁安县,县,county_level,镜泊湖市 | 239002 | 黑龙江省直辖；牡丹江市代管 | 国务院11月7日批复同意；国函〔1987〕183号 | 撤销镜泊湖市，将其行政区域划归宁安县 | 黑龙江省牡丹江市 | 宁安县管辖,1987年中华人民共和国县级以上行政区划变更列表,https://zh.wikipedia.org/wiki/1987%E5%B9%B4%E4%B8%AD%E5%8D%8E%E4%BA%BA%E6%B0%91%E5%85%B1%E5%92%8C%E5%9B%BD%E5%8E%BF%E7%BA%A7%E4%BB%A5%E4%B8%8A%E8%A1%8C%E6%94%BF%E5%8C%BA%E5%88%92%E5%8F%98%E6%9B%B4%E5%88%97%E8%A1%A8,71416601,wikipedia_row_loose_relation,SRC-WIKI-1987,wikipedia,,revisioned_secondary
WIKI-COUNTY-1987-10-002,1987,县级行政区划调整 / 其他的县级行政区划增设与撤销,jurisdiction_transfer,济南市,CNUR-000135,郊区、天桥区、市中区、槐荫区、历下区、历城区,郊区,历城区,撤销济南市郊区和历城县，设立历城区，以历城县和郊区的部分镇的行政区域为历城区的行政区域；将郊区的部分镇划归天桥区、市中区、槐荫区、历下区管辖,市辖区、县,county_level,郊区 | 370111 | 山东省济南市 | 国务院4月11日批复同意；国函〔1987〕59号 | 撤销济南市郊区和历城县，设立历城区，以历城县和郊区的部分镇的行政区域为历城区的行政区域；将郊区的部分镇划归天桥区、市中区、槐荫区、历下区管辖 | 山东省济南市 | 历城区 | 370112,1987年中华人民共和国县级以上行政区划变更列表,https://zh.wikipedia.org/wiki/1987%E5%B9%B4%E4%B8%AD%E5%8D%8E%E4%BA%BA%E6%B0%91%E5%85%B1%E5%92%8C%E5%9B%BD%E5%8E%BF%E7%BA%A7%E4%BB%A5%E4%B8%8A%E8%A1%8C%E6%94%BF%E5%8C%BA%E5%88%92%E5%8F%98%E6%9B%B4%E5%88%97%E8%A1%A8,71416601,wikipedia_row_loose_relation,SRC-WIKI-1987,wikipedia,,revisioned_secondary
WIKI-COUNTY-1987-10-003,1987,县级行政区划调整 / 其他的县级行政区划增设与撤销,jurisdiction_transfer,济南市,CNUR-000135,历城县,历城县,,山东省济南市 | 国务院4月11日批复同意；国函〔1987〕59号 | 撤销济南市郊区和历城县，设立历城区，以历城县和郊区的部分镇的行政区域为历城区的行政区域；将郊区的部分镇划归天桥区、市中区、槐荫区、历下区管辖 | 山东省济南市 | 历城区 | 370112 | 历城县 | 370121,县,county_level,山东省济南市 | 国务院4月11日批复同意；国函〔1987〕59号 | 撤销济南市郊区和历城县，设立历城区，以历城县和郊区的部分镇的行政区域为历城区的行政区域；将郊区的部分镇划归天桥区、市中区、槐荫区、历下区管辖 | 山东省济南市 | 历城区 | 370112 | 历城县 | 370121,1987年中华人民共和国县级以上行政区划变更列表,https://zh.wikipedia.org/wiki/1987%E5%B9%B4%E4%B8%AD%E5%8D%8E%E4%BA%BA%E6%B0%91%E5%85%B1%E5%92%8C%E5%9B%BD%E5%8E%BF%E7%BA%A7%E4%BB%A5%E4%B8%8A%E8%A1%8C%E6%94%BF%E5%8C%BA%E5%88%92%E5%8F%98%E6%9B%B4%E5%88%97%E8%A1%A8,71416601,wikipedia_row_loose_relation,SRC-WIKI-1987,wikipedia,,revisioned_secondary
WIKI-COUNTY-1987-10-004,1987,县级行政区划调整 / 其他的县级行政区划增设与撤销,jurisdiction_transfer,抚州地区、抚州市、济南市,CNUR-000133、CNUR-000135,临川市,抚州市,临川市,撤销临川县和抚州市，设立临川市（县级），以原临川县和抚州市的行政区域为临川市的行政区域,县级市、县,county_level,山东省济南市 | 国务院4月11日批复同意；国函〔1987〕59号 | 撤销济南市郊区和历城县，设立历城区，以历城县和郊区的部分镇的行政区域为历城区的行政区域；将郊区的部分镇划归天桥区、市中区、槐荫区、历下区管辖 | 山东省济南市 | 历城区 | 370112 | 抚州市 | 362501 | 江西省抚州地区 | 国务院8月22日批复同意；国函〔1987〕147号 | 撤销临川县和抚州市，设立临川市（县级），以原临川县和抚州市的行政区域为临川市的行政区域 | 江西省抚州地区 | 临川市 | 362502,1987年中华人民共和国县级以上行政区划变更列表,https://zh.wikipedia.org/wiki/1987%E5%B9%B4%E4%B8%AD%E5%8D%8E%E4%BA%BA%E6%B0%91%E5%85%B1%E5%92%8C%E5%9B%BD%E5%8E%BF%E7%BA%A7%E4%BB%A5%E4%B8%8A%E8%A1%8C%E6%94%BF%E5%8C%BA%E5%88%92%E5%8F%98%E6%9B%B4%E5%88%97%E8%A1%A8,71416601,wikipedia_row_loose_relation,SRC-WIKI-1987,wikipedia,,revisioned_secondary
WIKI-COUNTY-1987-10-005,1987,县级行政区划调整 / 其他的县级行政区划增设与撤销,abolish_or_merge,抚州地区、抚州市,CNUR-000133,临川县,临川县,,江西省抚州地区 | 国务院8月22日批复同意；国函〔1987〕147号 | 撤销临川县和抚州市，设立临川市（县级），以原临川县和抚州市的行政区域为临川市的行政区域 | 江西省抚州地区 | 临川市 | 362502 | 临川县 | 362521,县级市、县,county_level,江西省抚州地区 | 国务院8月22日批复同意；国函〔1987〕147号 | 撤销临川县和抚州市，设立临川市（县级），以原临川县和抚州市的行政区域为临川市的行政区域 | 江西省抚州地区 | 临川市 | 362502 | 临川县 | 362521,1987年中华人民共和国县级以上行政区划变更列表,https://zh.wikipedia.org/wiki/1987%E5%B9%B4%E4%B8%AD%E5%8D%8E%E4%BA%BA%E6%B0%91%E5%85%B1%E5%92%8C%E5%9B%BD%E5%8E%BF%E7%BA%A7%E4%BB%A5%E4%B8%8A%E8%A1%8C%E6%94%BF%E5%8C%BA%E5%88%92%E5%8F%98%E6%9B%B4%E5%88%97%E8%A1%A8,71416601,wikipedia_row_loose_relation,SRC-WIKI-1987,wikipedia,,revisioned_secondary
WIKI-COUNTY-1987-10-006,1987,县级行政区划调整 / 其他的县级行政区划增设与撤销,abolish_or_merge,六盘水市、抚州地区、抚州市,CNUR-000258、CNUR-000133,水城特区、钟山区,水城特区,钟山区,撤销水城特区，设立六盘水市钟山区和水城县；以原水城特区的六个镇、十三个乡为钟山区的行政区域，其余的九十八个乡为水城县的行政区域,市辖区、县级市、特区、县,county_level,江西省抚州地区 | 国务院8月22日批复同意；国函〔1987〕147号 | 撤销临川县和抚州市，设立临川市（县级），以原临川县和抚州市的行政区域为临川市的行政区域 | 江西省抚州地区 | 临川市 | 362502 | 水城特区 | 520201 | 贵州省六盘水市 | 国务院12月15日批复同意；国函〔1987〕199号 | 撤销水城特区，设立六盘水市钟山区和水城县；以原水城特区的六个镇、十三个乡为钟山区的行政区域，其余的九十八个乡为水城县的行政区域 | 贵州省六盘水市 | 钟山区 | 520201,1987年中华人民共和国县级以上行政区划变更列表,https://zh.wikipedia.org/wiki/1987%E5%B9%B4%E4%B8%AD%E5%8D%8E%E4%BA%BA%E6%B0%91%E5%85%B1%E5%92%8C%E5%9B%BD%E5%8E%BF%E7%BA%A7%E4%BB%A5%E4%B8%8A%E8%A1%8C%E6%94%BF%E5%8C%BA%E5%88%92%E5%8F%98%E6%9B%B4%E5%88%97%E8%A1%A8,71416601,wikipedia_row_loose_relation,SRC-WIKI-1987,wikipedia,,revisioned_secondary
WIKI-COUNTY-1987-10-007,1987,县级行政区划调整 / 其他的县级行政区划增设与撤销,abolish_or_merge,六盘水市,CNUR-000258,水城县,水城县,,水城特区 | 520201 | 贵州省六盘水市 | 国务院12月15日批复同意；国函〔1987〕199号 | 撤销水城特区，设立六盘水市钟山区和水城县；以原水城特区的六个镇、十三个乡为钟山区的行政区域，其余的九十八个乡为水城县的行政区域 | 贵州省六盘水市 | 水城县 | 520221,特区、县,county_level,水城特区 | 520201 | 贵州省六盘水市 | 国务院12月15日批复同意；国函〔1987〕199号 | 撤销水城特区，设立六盘水市钟山区和水城县；以原水城特区的六个镇、十三个乡为钟山区的行政区域，其余的九十八个乡为水城县的行政区域 | 贵州省六盘水市 | 水城县 | 520221,1987年中华人民共和国县级以上行政区划变更列表,https://zh.wikipedia.org/wiki/1987%E5%B9%B4%E4%B8%AD%E5%8D%8E%E4%BA%BA%E6%B0%91%E5%85%B1%E5%92%8C%E5%9B%BD%E5%8E%BF%E7%BA%A7%E4%BB%A5%E4%B8%8A%E8%A1%8C%E6%94%BF%E5%8C%BA%E5%88%92%E5%8F%98%E6%9B%B4%E5%88%97%E8%A1%A8,71416601,wikipedia_row_loose_relation,SRC-WIKI-1987,wikipedia,,revisioned_secondary
WIKI-COUNTY-1987-11-002,1987,县级行政区划调整 / 县级行政区划的更名,rename,广州市,CNUR-000196,郊区、白云区,郊区,白云区,广州市郊区更名为白云区,市辖区,county_level,郊区 | 440111 | 广东省广州市 | 国务院1月23日批复同意；国函〔1987〕18号 | 广州市郊区更名为白云区 | 广东省广州市 | 白云区,1987年中华人民共和国县级以上行政区划变更列表,https://zh.wikipedia.org/wiki/1987%E5%B9%B4%E4%B8%AD%E5%8D%8E%E4%BA%BA%E6%B0%91%E5%85%B1%E5%92%8C%E5%9B%BD%E5%8E%BF%E7%BA%A7%E4%BB%A5%E4%B8%8A%E8%A1%8C%E6%94%BF%E5%8C%BA%E5%88%92%E5%8F%98%E6%9B%B4%E5%88%97%E8%A1%A8,71416601,wikipedia_row_loose_relation,SRC-WIKI-1987,wikipedia,,revisioned_secondary
WIKI-COUNTY-1987-11-003,1987,县级行政区划调整 / 县级行政区划的更名,rename,佛山市,CNUR-000201,汾江区、城区,汾江区,城区,佛山市汾江区更名为城区,市辖区,county_level,汾江区 | 440602 | 广东省佛山市 | 国务院2月12日批复同意；国函〔1987〕25号 | 佛山市汾江区更名为城区 | 广东省佛山市 | 城区,1987年中华人民共和国县级以上行政区划变更列表,https://zh.wikipedia.org/wiki/1987%E5%B9%B4%E4%B8%AD%E5%8D%8E%E4%BA%BA%E6%B0%91%E5%85%B1%E5%92%8C%E5%9B%BD%E5%8E%BF%E7%BA%A7%E4%BB%A5%E4%B8%8A%E8%A1%8C%E6%94%BF%E5%8C%BA%E5%88%92%E5%8F%98%E6%9B%B4%E5%88%97%E8%A1%A8,71416601,wikipedia_row_loose_relation,SRC-WIKI-1987,wikipedia,,revisioned_secondary
WIKI-COUNTY-1987-11-004,1987,县级行政区划调整 / 县级行政区划的更名,rename,厦门市,CNUR-000116,郊区、集美区,郊区,集美区,郊区更名为集美区,市辖区,county_level,郊区 | 350111 | 福建省厦门市 | 国务院6月15日批复同意；国函〔1987〕104号 | 郊区更名为集美区 | 福建省厦门市 | 集美区,1987年中华人民共和国县级以上行政区划变更列表,https://zh.wikipedia.org/wiki/1987%E5%B9%B4%E4%B8%AD%E5%8D%8E%E4%BA%BA%E6%B0%91%E5%85%B1%E5%92%8C%E5%9B%BD%E5%8E%BF%E7%BA%A7%E4%BB%A5%E4%B8%8A%E8%A1%8C%E6%94%BF%E5%8C%BA%E5%88%92%E5%8F%98%E6%9B%B4%E5%88%97%E8%A1%A8,71416601,wikipedia_row_loose_relation,SRC-WIKI-1987,wikipedia,,revisioned_secondary
WIKI-COUNTY-1987-11-005,1987,县级行政区划调整 / 县级行政区划的更名,rename,宁波市,CNUR-000088,滨海区、北仑区,滨海区,北仑区,宁波市滨海区更名为北仑区,市辖区,county_level,滨海区 | 330206 | 浙江省宁波市 | 国务院9月14日批复同意；国函〔1987〕153号 | 宁波市滨海区更名为北仑区 | 浙江省宁波市 | 北仑区,1987年中华人民共和国县级以上行政区划变更列表,https://zh.wikipedia.org/wiki/1987%E5%B9%B4%E4%B8%AD%E5%8D%8E%E4%BA%BA%E6%B0%91%E5%85%B1%E5%92%8C%E5%9B%BD%E5%8E%BF%E7%BA%A7%E4%BB%A5%E4%B8%8A%E8%A1%8C%E6%94%BF%E5%8C%BA%E5%88%92%E5%8F%98%E6%9B%B4%E5%88%97%E8%A1%A8,71416601,wikipedia_row_loose_relation,SRC-WIKI-1987,wikipedia,,revisioned_secondary
WIKI-COUNTY-1987-12-002,1987,县级行政区划调整 / 县级行政区划行政隶属变更,jurisdiction_transfer,钦州地区、北海市,CNUR-000223、CNUR-000221,合浦县,合浦县,,将钦州地区合浦县划归北海市管辖,县,county_level,合浦县 | 452825 | 广西壮族自治区钦州地区 | 国务院5月21日批复同意；国函〔1987〕84号 | 将钦州地区合浦县划归北海市管辖 | 广西壮族自治区北海市 | 450521,1987年中华人民共和国县级以上行政区划变更列表,https://zh.wikipedia.org/wiki/1987%E5%B9%B4%E4%B8%AD%E5%8D%8E%E4%BA%BA%E6%B0%91%E5%85%B1%E5%92%8C%E5%9B%BD%E5%8E%BF%E7%BA%A7%E4%BB%A5%E4%B8%8A%E8%A1%8C%E6%94%BF%E5%8C%BA%E5%88%92%E5%8F%98%E6%9B%B4%E5%88%97%E8%A1%A8,71416601,wikipedia_row_loose_relation,SRC-WIKI-1987,wikipedia,,revisioned_secondary
WIKI-COUNTY-1987-12-003,1987,县级行政区划调整 / 县级行政区划行政隶属变更,jurisdiction_transfer,双鸭山市、佳木斯市、鹤岗市,CNUR-000064、CNUR-000067、CNUR-000063,集贤县,集贤县,,将佳木斯市的集贤县划归双鸭山市管辖；将佳木斯市的萝北、绥滨两县划归鹤岗市管辖,县,county_level,集贤县 | 230825 | 黑龙江省佳木斯市 | 国务院11月6日批复同意；国函〔1987〕177号 | 将佳木斯市的集贤县划归双鸭山市管辖；将佳木斯市的萝北、绥滨两县划归鹤岗市管辖 | 黑龙江省双鸭山市 | 230521,1987年中华人民共和国县级以上行政区划变更列表,https://zh.wikipedia.org/wiki/1987%E5%B9%B4%E4%B8%AD%E5%8D%8E%E4%BA%BA%E6%B0%91%E5%85%B1%E5%92%8C%E5%9B%BD%E5%8E%BF%E7%BA%A7%E4%BB%A5%E4%B8%8A%E8%A1%8C%E6%94%BF%E5%8C%BA%E5%88%92%E5%8F%98%E6%9B%B4%E5%88%97%E8%A1%A8,71416601,wikipedia_row_loose_relation,SRC-WIKI-1987,wikipedia,,revisioned_secondary
WIKI-COUNTY-1987-12-004,1987,县级行政区划调整 / 县级行政区划行政隶属变更,jurisdiction_transfer,双鸭山市、佳木斯市、鹤岗市,CNUR-000064、CNUR-000067、CNUR-000063,绥滨县,绥滨县,,黑龙江省佳木斯市 | 国务院11月6日批复同意；国函〔1987〕177号 | 将佳木斯市的集贤县划归双鸭山市管辖；将佳木斯市的萝北、绥滨两县划归鹤岗市管辖 | 绥滨县 | 230829 | 黑龙江省鹤岗市 | 230422,县,county_level,黑龙江省佳木斯市 | 国务院11月6日批复同意；国函〔1987〕177号 | 将佳木斯市的集贤县划归双鸭山市管辖；将佳木斯市的萝北、绥滨两县划归鹤岗市管辖 | 绥滨县 | 230829 | 黑龙江省鹤岗市 | 230422,1987年中华人民共和国县级以上行政区划变更列表,https://zh.wikipedia.org/wiki/1987%E5%B9%B4%E4%B8%AD%E5%8D%8E%E4%BA%BA%E6%B0%91%E5%85%B1%E5%92%8C%E5%9B%BD%E5%8E%BF%E7%BA%A7%E4%BB%A5%E4%B8%8A%E8%A1%8C%E6%94%BF%E5%8C%BA%E5%88%92%E5%8F%98%E6%9B%B4%E5%88%97%E8%A1%A8,71416601,wikipedia_row_loose_relation,SRC-WIKI-1987,wikipedia,,revisioned_secondary
WIKI-COUNTY-1987-12-005,1987,县级行政区划调整 / 县级行政区划行政隶属变更,jurisdiction_transfer,双鸭山市、佳木斯市、鹤岗市,CNUR-000064、CNUR-000067、CNUR-000063,萝北县,萝北县,,黑龙江省佳木斯市 | 国务院11月6日批复同意；国函〔1987〕177号 | 将佳木斯市的集贤县划归双鸭山市管辖；将佳木斯市的萝北、绥滨两县划归鹤岗市管辖 | 黑龙江省鹤岗市 | 萝北县 | 230830 | 230421,县,county_level,黑龙江省佳木斯市 | 国务院11月6日批复同意；国函〔1987〕177号 | 将佳木斯市的集贤县划归双鸭山市管辖；将佳木斯市的萝北、绥滨两县划归鹤岗市管辖 | 黑龙江省鹤岗市 | 萝北县 | 230830 | 230421,1987年中华人民共和国县级以上行政区划变更列表,https://zh.wikipedia.org/wiki/1987%E5%B9%B4%E4%B8%AD%E5%8D%8E%E4%BA%BA%E6%B0%91%E5%85%B1%E5%92%8C%E5%9B%BD%E5%8E%BF%E7%BA%A7%E4%BB%A5%E4%B8%8A%E8%A1%8C%E6%94%BF%E5%8C%BA%E5%88%92%E5%8F%98%E6%9B%B4%E5%88%97%E8%A1%A8,71416601,wikipedia_row_loose_relation,SRC-WIKI-1987,wikipedia,,revisioned_secondary
WIKI-COUNTY-1987-13-002,1987,县级行政区划调整 / 县级行政区划驻地迁移,residence_change,辽源市,CNUR-000054,东辽县,东辽县,,将东辽县驻地由辽源市迁至白泉镇,县,county_level,东辽县 | 220422 | 吉林省辽源市 | 国务院1月7日批复同意；国函〔1987〕2号 | 将东辽县驻地由辽源市迁至白泉镇,1987年中华人民共和国县级以上行政区划变更列表,https://zh.wikipedia.org/wiki/1987%E5%B9%B4%E4%B8%AD%E5%8D%8E%E4%BA%BA%E6%B0%91%E5%85%B1%E5%92%8C%E5%9B%BD%E5%8E%BF%E7%BA%A7%E4%BB%A5%E4%B8%8A%E8%A1%8C%E6%94%BF%E5%8C%BA%E5%88%92%E5%8F%98%E6%9B%B4%E5%88%97%E8%A1%A8,71416601,wikipedia_row_loose_relation,SRC-WIKI-1987,wikipedia,,revisioned_secondary
WIKI-COUNTY-1987-13-003,1987,县级行政区划调整 / 县级行政区划驻地迁移,residence_change,银南地区,CNUR-000323,,,,将青铜峡市驻地由小坝镇迁至立新乡,,untyped_county_record,青铜峡市 | 642102 | 宁夏回族自治区银南地区 | 国务院2月13日批复同意；国函〔1987〕28号 | 将青铜峡市驻地由小坝镇迁至立新乡,1987年中华人民共和国县级以上行政区划变更列表,https://zh.wikipedia.org/wiki/1987%E5%B9%B4%E4%B8%AD%E5%8D%8E%E4%BA%BA%E6%B0%91%E5%85%B1%E5%92%8C%E5%9B%BD%E5%8E%BF%E7%BA%A7%E4%BB%A5%E4%B8%8A%E8%A1%8C%E6%94%BF%E5%8C%BA%E5%88%92%E5%8F%98%E6%9B%B4%E5%88%97%E8%A1%A8,71416601,wikipedia_row_loose_relation,SRC-WIKI-1987,wikipedia,,revisioned_secondary
WIKI-COUNTY-1987-13-004,1987,县级行政区划调整 / 县级行政区划驻地迁移,residence_change,阿里地区,CNUR-000288,噶尔县,噶尔县,,将噶尔县驻地由噶尔新村迁至狮泉河镇,县,county_level,噶尔县 | 542523 | 西藏自治区阿里地区 | 国务院7月25日批复同意；国函〔1987〕126号 | 将噶尔县驻地由噶尔新村迁至狮泉河镇,1987年中华人民共和国县级以上行政区划变更列表,https://zh.wikipedia.org/wiki/1987%E5%B9%B4%E4%B8%AD%E5%8D%8E%E4%BA%BA%E6%B0%91%E5%85%B1%E5%92%8C%E5%9B%BD%E5%8E%BF%E7%BA%A7%E4%BB%A5%E4%B8%8A%E8%A1%8C%E6%94%BF%E5%8C%BA%E5%88%92%E5%8F%98%E6%9B%B4%E5%88%97%E8%A1%A8,71416601,wikipedia_row_loose_relation,SRC-WIKI-1987,wikipedia,,revisioned_secondary
WIKI-COUNTY-1988-05-002,1988,其他县级行政区划调整 / 市辖区的增设、更名与调整,rename,上海市,CNUR-000073,吴凇区、宝山区,吴凇区,宝山区,撤销宝山县、吴凇区，设立上海市宝山区，以宝山县、吴凇区的行政区域为宝山区的行政区域,市辖区、县,county_level,吴凇区 | 310111 | 上海市 | 国务院1月21日批复同意；国函〔1988〕17号 | 撤销宝山县、吴凇区，设立上海市宝山区，以宝山县、吴凇区的行政区域为宝山区的行政区域 | 上海市 | 宝山区 | 310113,1988年中华人民共和国县级以上行政区划变更列表,https://zh.wikipedia.org/wiki/1988%E5%B9%B4%E4%B8%AD%E5%8D%8E%E4%BA%BA%E6%B0%91%E5%85%B1%E5%92%8C%E5%9B%BD%E5%8E%BF%E7%BA%A7%E4%BB%A5%E4%B8%8A%E8%A1%8C%E6%94%BF%E5%8C%BA%E5%88%92%E5%8F%98%E6%9B%B4%E5%88%97%E8%A1%A8,93182311,wikipedia_row_loose_relation,SRC-WIKI-1988,wikipedia,,revisioned_secondary
WIKI-COUNTY-1988-05-003,1988,其他县级行政区划调整 / 市辖区的增设、更名与调整,rename,上海市,CNUR-000073,宝山县,宝山县,,上海市 | 国务院1月21日批复同意；国函〔1988〕17号 | 撤销宝山县、吴凇区，设立上海市宝山区，以宝山县、吴凇区的行政区域为宝山区的行政区域 | 上海市 | 宝山区 | 310113 | 宝山县 | 310223,市辖区、县,county_level,上海市 | 国务院1月21日批复同意；国函〔1988〕17号 | 撤销宝山县、吴凇区，设立上海市宝山区，以宝山县、吴凇区的行政区域为宝山区的行政区域 | 上海市 | 宝山区 | 310113 | 宝山县 | 310223,1988年中华人民共和国县级以上行政区划变更列表,https://zh.wikipedia.org/wiki/1988%E5%B9%B4%E4%B8%AD%E5%8D%8E%E4%BA%BA%E6%B0%91%E5%85%B1%E5%92%8C%E5%9B%BD%E5%8E%BF%E7%BA%A7%E4%BB%A5%E4%B8%8A%E8%A1%8C%E6%94%BF%E5%8C%BA%E5%88%92%E5%8F%98%E6%9B%B4%E5%88%97%E8%A1%A8,93182311,wikipedia_row_loose_relation,SRC-WIKI-1988,wikipedia,,revisioned_secondary
WIKI-COUNTY-1988-05-004,1988,其他县级行政区划调整 / 市辖区的增设、更名与调整,rename,抚顺市、上海市,CNUR-000040、CNUR-000073,郊区、顺城区,郊区,顺城区,抚顺市郊区更名为顺城区,市辖区、县,county_level,上海市 | 国务院1月21日批复同意；国函〔1988〕17号 | 撤销宝山县、吴凇区，设立上海市宝山区，以宝山县、吴凇区的行政区域为宝山区的行政区域 | 上海市 | 宝山区 | 310113 | 郊区 | 210411 | 辽宁省抚顺市 | 国务院3月16日批复同意；国函〔1988〕48号 | 抚顺市郊区更名为顺城区 | 辽宁省抚顺市 | 顺城区 | 不变,1988年中华人民共和国县级以上行政区划变更列表,https://zh.wikipedia.org/wiki/1988%E5%B9%B4%E4%B8%AD%E5%8D%8E%E4%BA%BA%E6%B0%91%E5%85%B1%E5%92%8C%E5%9B%BD%E5%8E%BF%E7%BA%A7%E4%BB%A5%E4%B8%8A%E8%A1%8C%E6%94%BF%E5%8C%BA%E5%88%92%E5%8F%98%E6%9B%B4%E5%88%97%E8%A1%A8,93182311,wikipedia_row_loose_relation,SRC-WIKI-1988,wikipedia,,revisioned_secondary
WIKI-COUNTY-1988-05-005,1988,其他县级行政区划调整 / 市辖区的增设、更名与调整,rename,齐齐哈尔市,CNUR-000061,梅里斯区、梅里斯达斡尔族区,梅里斯区,梅里斯达斡尔族区,将齐齐哈尔市梅里斯区恢复为梅里斯达斡尔族区，但不属于民族自治地方,市辖区,county_level,梅里斯区 | 210411 | 黑龙江省齐齐哈尔市 | 国务院批准；民政部6月2日批复同意；民〔1988〕行批13号 | 将齐齐哈尔市梅里斯区恢复为梅里斯达斡尔族区，但不属于民族自治地方 | 黑龙江省齐齐哈尔市 | 梅里斯达斡尔族区 | 不变,1988年中华人民共和国县级以上行政区划变更列表,https://zh.wikipedia.org/wiki/1988%E5%B9%B4%E4%B8%AD%E5%8D%8E%E4%BA%BA%E6%B0%91%E5%85%B1%E5%92%8C%E5%9B%BD%E5%8E%BF%E7%BA%A7%E4%BB%A5%E4%B8%8A%E8%A1%8C%E6%94%BF%E5%8C%BA%E5%88%92%E5%8F%98%E6%9B%B4%E5%88%97%E8%A1%A8,93182311,wikipedia_row_loose_relation,SRC-WIKI-1988,wikipedia,,revisioned_secondary
WIKI-COUNTY-1988-05-006,1988,其他县级行政区划调整 / 市辖区的增设、更名与调整,rename,湖州市,CNUR-000091,城区,城区,,撤销湖州市城区、郊区，实行市直接领导乡镇的体制,市辖区,county_level,城区 | 330502 | 浙江省湖州市 | 国务院批准；民政部9月1日批复同意；民〔1988〕行批21号 | 撤销湖州市城区、郊区，实行市直接领导乡镇的体制 | 浙江省湖州市 | 湖州市直接管辖,1988年中华人民共和国县级以上行政区划变更列表,https://zh.wikipedia.org/wiki/1988%E5%B9%B4%E4%B8%AD%E5%8D%8E%E4%BA%BA%E6%B0%91%E5%85%B1%E5%92%8C%E5%9B%BD%E5%8E%BF%E7%BA%A7%E4%BB%A5%E4%B8%8A%E8%A1%8C%E6%94%BF%E5%8C%BA%E5%88%92%E5%8F%98%E6%9B%B4%E5%88%97%E8%A1%A8,93182311,wikipedia_row_loose_relation,SRC-WIKI-1988,wikipedia,,revisioned_secondary
WIKI-COUNTY-1988-05-007,1988,其他县级行政区划调整 / 市辖区的增设、更名与调整,rename,湖州市,CNUR-000091,郊区,郊区,,浙江省湖州市 | 国务院批准；民政部9月1日批复同意；民〔1988〕行批21号 | 撤销湖州市城区、郊区，实行市直接领导乡镇的体制 | 浙江省湖州市 | 湖州市直接管辖 | 郊区 | 330511,市辖区,county_level,浙江省湖州市 | 国务院批准；民政部9月1日批复同意；民〔1988〕行批21号 | 撤销湖州市城区、郊区，实行市直接领导乡镇的体制 | 浙江省湖州市 | 湖州市直接管辖 | 郊区 | 330511,1988年中华人民共和国县级以上行政区划变更列表,https://zh.wikipedia.org/wiki/1988%E5%B9%B4%E4%B8%AD%E5%8D%8E%E4%BA%BA%E6%B0%91%E5%85%B1%E5%92%8C%E5%9B%BD%E5%8E%BF%E7%BA%A7%E4%BB%A5%E4%B8%8A%E8%A1%8C%E6%94%BF%E5%8C%BA%E5%88%92%E5%8F%98%E6%9B%B4%E5%88%97%E8%A1%A8,93182311,wikipedia_row_loose_relation,SRC-WIKI-1988,wikipedia,,revisioned_secondary
WIKI-COUNTY-1988-05-008,1988,其他县级行政区划调整 / 市辖区的增设、更名与调整,jurisdiction_transfer,邢台市、湖州市,CNUR-000007、CNUR-000091,郊区、桥东区,郊区,桥东区,撤销邢台市郊区，将原郊区的部分乡划归桥东区管辖，部分乡划归桥西区管辖,市辖区,county_level,浙江省湖州市 | 国务院批准；民政部9月1日批复同意；民〔1988〕行批21号 | 撤销湖州市城区、郊区，实行市直接领导乡镇的体制 | 浙江省湖州市 | 湖州市直接管辖 | 郊区 | 130504 | 河北省邢台市 | 国务院批准；民政部9月17日批复同意；民〔1988〕行批32号 | 撤销邢台市郊区，将原郊区的部分乡划归桥东区管辖，部分乡划归桥西区管辖 | 河北省邢台市 | 桥东区管辖,1988年中华人民共和国县级以上行政区划变更列表,https://zh.wikipedia.org/wiki/1988%E5%B9%B4%E4%B8%AD%E5%8D%8E%E4%BA%BA%E6%B0%91%E5%85%B1%E5%92%8C%E5%9B%BD%E5%8E%BF%E7%BA%A7%E4%BB%A5%E4%B8%8A%E8%A1%8C%E6%94%BF%E5%8C%BA%E5%88%92%E5%8F%98%E6%9B%B4%E5%88%97%E8%A1%A8,93182311,wikipedia_row_loose_relation,SRC-WIKI-1988,wikipedia,,revisioned_secondary
WIKI-COUNTY-1988-05-009,1988,其他县级行政区划调整 / 市辖区的增设、更名与调整,jurisdiction_transfer,邢台市,CNUR-000007,桥西区,,,桥西区管辖,市辖区,county_level,郊区 | 130504 | 河北省邢台市 | 国务院批准；民政部9月17日批复同意；民〔1988〕行批32号 | 撤销邢台市郊区，将原郊区的部分乡划归桥东区管辖，部分乡划归桥西区管辖 | 河北省邢台市 | 桥西区管辖,1988年中华人民共和国县级以上行政区划变更列表,https://zh.wikipedia.org/wiki/1988%E5%B9%B4%E4%B8%AD%E5%8D%8E%E4%BA%BA%E6%B0%91%E5%85%B1%E5%92%8C%E5%9B%BD%E5%8E%BF%E7%BA%A7%E4%BB%A5%E4%B8%8A%E8%A1%8C%E6%94%BF%E5%8C%BA%E5%88%92%E5%8F%98%E6%9B%B4%E5%88%97%E8%A1%A8,93182311,wikipedia_row_loose_relation,SRC-WIKI-1988,wikipedia,,revisioned_secondary
WIKI-COUNTY-1988-05-010,1988,其他县级行政区划调整 / 市辖区的增设、更名与调整,jurisdiction_transfer,邢台市、青岛市,CNUR-000007、CNUR-000136,崂山县、崂山区,崂山县,崂山区,撤销崂山县，设立青岛市崂山区，以原崂山县的行政区域为崂山区的行政区域,市辖区、县,county_level,郊区 | 130504 | 河北省邢台市 | 国务院批准；民政部9月17日批复同意；民〔1988〕行批32号 | 撤销邢台市郊区，将原郊区的部分乡划归桥东区管辖，部分乡划归桥西区管辖 | 河北省邢台市 | 崂山县 | 370221 | 山东省青岛市 | 国务院批准；民政部11月17日批复同意；民批〔1988〕48号 | 撤销崂山县，设立青岛市崂山区，以原崂山县的行政区域为崂山区的行政区域 | 山东省青岛市 | 崂山区 | 370212,1988年中华人民共和国县级以上行政区划变更列表,https://zh.wikipedia.org/wiki/1988%E5%B9%B4%E4%B8%AD%E5%8D%8E%E4%BA%BA%E6%B0%91%E5%85%B1%E5%92%8C%E5%9B%BD%E5%8E%BF%E7%BA%A7%E4%BB%A5%E4%B8%8A%E8%A1%8C%E6%94%BF%E5%8C%BA%E5%88%92%E5%8F%98%E6%9B%B4%E5%88%97%E8%A1%A8,93182311,wikipedia_row_loose_relation,SRC-WIKI-1988,wikipedia,,revisioned_secondary
WIKI-COUNTY-1988-06-002,1988,其他县级行政区划调整 / 县、自治县的增设与调整,abolish_or_merge,四平市,CNUR-000053,伊通县、伊通满族自治县,伊通县,伊通满族自治县,撤销伊通县，设立伊通满族自治县，以原伊通县的行政区域为伊通满族自治县的行政区域,自治县、县,county_level,伊通县 | 220323 | 吉林省四平市 | 国务院批准；民政部8月30日批复同意；民〔1988〕行批17号 | 撤销伊通县，设立伊通满族自治县，以原伊通县的行政区域为伊通满族自治县的行政区域 | 吉林省四平市 | 伊通满族自治县 | 不变,1988年中华人民共和国县级以上行政区划变更列表,https://zh.wikipedia.org/wiki/1988%E5%B9%B4%E4%B8%AD%E5%8D%8E%E4%BA%BA%E6%B0%91%E5%85%B1%E5%92%8C%E5%9B%BD%E5%8E%BF%E7%BA%A7%E4%BB%A5%E4%B8%8A%E8%A1%8C%E6%94%BF%E5%8C%BA%E5%88%92%E5%8F%98%E6%9B%B4%E5%88%97%E8%A1%A8,93182311,wikipedia_row_loose_relation,SRC-WIKI-1988,wikipedia,,revisioned_secondary
WIKI-COUNTY-1988-06-003,1988,其他县级行政区划调整 / 县、自治县的增设与调整,abolish_or_merge,景德镇市,CNUR-000125,鹅湖区、浮梁县,鹅湖区,浮梁县,撤销景德镇市鹅湖区、蛟潭区，恢复浮梁县，以原鹅湖区、蛟潭区的行政区域为浮梁县的行政区域,市辖区、县,county_level,鹅湖区 | 360211 | 江西省景德镇市 | 国务院批准；民政部10月11日批复同意；民批〔1988〕39号 | 撤销景德镇市鹅湖区、蛟潭区，恢复浮梁县，以原鹅湖区、蛟潭区的行政区域为浮梁县的行政区域 | 江西省景德镇市 | 浮梁县 | 360222,1988年中华人民共和国县级以上行政区划变更列表,https://zh.wikipedia.org/wiki/1988%E5%B9%B4%E4%B8%AD%E5%8D%8E%E4%BA%BA%E6%B0%91%E5%85%B1%E5%92%8C%E5%9B%BD%E5%8E%BF%E7%BA%A7%E4%BB%A5%E4%B8%8A%E8%A1%8C%E6%94%BF%E5%8C%BA%E5%88%92%E5%8F%98%E6%9B%B4%E5%88%97%E8%A1%A8,93182311,wikipedia_row_loose_relation,SRC-WIKI-1988,wikipedia,,revisioned_secondary
WIKI-COUNTY-1988-06-004,1988,其他县级行政区划调整 / 县、自治县的增设与调整,abolish_or_merge,景德镇市,CNUR-000125,蛟潭区,蛟潭区,,江西省景德镇市 | 国务院批准；民政部10月11日批复同意；民批〔1988〕39号 | 撤销景德镇市鹅湖区、蛟潭区，恢复浮梁县，以原鹅湖区、蛟潭区的行政区域为浮梁县的行政区域 | 江西省景德镇市 | 浮梁县 | 360222 | 蛟潭区 | 360212,市辖区、县,county_level,江西省景德镇市 | 国务院批准；民政部10月11日批复同意；民批〔1988〕39号 | 撤销景德镇市鹅湖区、蛟潭区，恢复浮梁县，以原鹅湖区、蛟潭区的行政区域为浮梁县的行政区域 | 江西省景德镇市 | 浮梁县 | 360222 | 蛟潭区 | 360212,1988年中华人民共和国县级以上行政区划变更列表,https://zh.wikipedia.org/wiki/1988%E5%B9%B4%E4%B8%AD%E5%8D%8E%E4%BA%BA%E6%B0%91%E5%85%B1%E5%92%8C%E5%9B%BD%E5%8E%BF%E7%BA%A7%E4%BB%A5%E4%B8%8A%E8%A1%8C%E6%94%BF%E5%8C%BA%E5%88%92%E5%8F%98%E6%9B%B4%E5%88%97%E8%A1%A8,93182311,wikipedia_row_loose_relation,SRC-WIKI-1988,wikipedia,,revisioned_secondary
WIKI-COUNTY-1988-06-005,1988,其他县级行政区划调整 / 县、自治县的增设与调整,abolish_or_merge,怀化地区、景德镇市,CNUR-000193、CNUR-000125,麻阳县、麻阳苗族自治县,麻阳县,麻阳苗族自治县,撤销麻阳县，设立麻阳苗族自治县，以原麻阳县的行政区域为麻阳苗族自治县的行政区域,自治县、县,county_level,江西省景德镇市 | 国务院批准；民政部10月11日批复同意；民批〔1988〕39号 | 撤销景德镇市鹅湖区、蛟潭区，恢复浮梁县，以原鹅湖区、蛟潭区的行政区域为浮梁县的行政区域 | 江西省景德镇市 | 浮梁县 | 360222 | 麻阳县 | 433025 | 湖南省怀化地区 | 国务院批准；民政部10月31日批复同意；民批〔1988〕46号 | 撤销麻阳县，设立麻阳苗族自治县，以原麻阳县的行政区域为麻阳苗族自治县的行政区域 | 湖南省怀化地区 | 麻阳苗族自治县 | 不变,1988年中华人民共和国县级以上行政区划变更列表,https://zh.wikipedia.org/wiki/1988%E5%B9%B4%E4%B8%AD%E5%8D%8E%E4%BA%BA%E6%B0%91%E5%85%B1%E5%92%8C%E5%9B%BD%E5%8E%BF%E7%BA%A7%E4%BB%A5%E4%B8%8A%E8%A1%8C%E6%94%BF%E5%8C%BA%E5%88%92%E5%8F%98%E6%9B%B4%E5%88%97%E8%A1%A8,93182311,wikipedia_row_loose_relation,SRC-WIKI-1988,wikipedia,,revisioned_secondary
WIKI-COUNTY-1988-07-002,1988,其他县级行政区划调整 / 县级市的增设,abolish_or_merge,襄樊市,CNUR-000173,枣阳县、枣阳市,枣阳县,枣阳市,撤销枣阳县，设立枣阳市（县级），以原枣阳县的行政区域为枣阳市的行政区域,县级市、县,county_level,枣阳县 | 420622 | 湖北省襄樊市 | 国务院1月8日批复同意；国函〔1988〕7号 | 撤销枣阳县，设立枣阳市（县级），以原枣阳县的行政区域为枣阳市的行政区域 | 湖北省直辖 | 枣阳市 | 429003,1988年中华人民共和国县级以上行政区划变更列表,https://zh.wikipedia.org/wiki/1988%E5%B9%B4%E4%B8%AD%E5%8D%8E%E4%BA%BA%E6%B0%91%E5%85%B1%E5%92%8C%E5%9B%BD%E5%8E%BF%E7%BA%A7%E4%BB%A5%E4%B8%8A%E8%A1%8C%E6%94%BF%E5%8C%BA%E5%88%92%E5%8F%98%E6%9B%B4%E5%88%97%E8%A1%A8,93182311,wikipedia_row_loose_relation,SRC-WIKI-1988,wikipedia,,revisioned_secondary
WIKI-COUNTY-1988-07-003,1988,其他县级行政区划调整 / 县级市的增设,abolish_or_merge,无锡市,CNUR-000075,宜兴县、宜兴市,宜兴县,宜兴市,撤销宜兴县，设立宜兴市（县级），以原宜兴县的行政区域为宜兴市的行政区域,县级市、县,county_level,宜兴县 | 320223 | 江苏省无锡市 | 国务院1月9日批复同意；国函〔1988〕9号 | 撤销宜兴县，设立宜兴市（县级），以原宜兴县的行政区域为宜兴市的行政区域 | 江苏省直辖 | 宜兴市 | 329001,1988年中华人民共和国县级以上行政区划变更列表,https://zh.wikipedia.org/wiki/1988%E5%B9%B4%E4%B8%AD%E5%8D%8E%E4%BA%BA%E6%B0%91%E5%85%B1%E5%92%8C%E5%9B%BD%E5%8E%BF%E7%BA%A7%E4%BB%A5%E4%B8%8A%E8%A1%8C%E6%94%BF%E5%8C%BA%E5%88%92%E5%8F%98%E6%9B%B4%E5%88%97%E8%A1%A8,93182311,wikipedia_row_loose_relation,SRC-WIKI-1988,wikipedia,,revisioned_secondary
WIKI-COUNTY-1988-07-004,1988,其他县级行政区划调整 / 县级市的增设,abolish_or_merge,绵阳市,CNUR-000241,江油县、江油市,江油县,江油市,撤销江油县，设立江油市（县级），以原江油县的行政区域为江油市的行政区域,县级市、县,county_level,江油县 | 510721 | 四川省绵阳市 | 国务院2月24日批复同意；国函〔1988〕29号 | 撤销江油县，设立江油市（县级），以原江油县的行政区域为江油市的行政区域 | 四川省直辖 | 江油市 | 519002,1988年中华人民共和国县级以上行政区划变更列表,https://zh.wikipedia.org/wiki/1988%E5%B9%B4%E4%B8%AD%E5%8D%8E%E4%BA%BA%E6%B0%91%E5%85%B1%E5%92%8C%E5%9B%BD%E5%8E%BF%E7%BA%A7%E4%BB%A5%E4%B8%8A%E8%A1%8C%E6%94%BF%E5%8C%BA%E5%88%92%E5%8F%98%E6%9B%B4%E5%88%97%E8%A1%A8,93182311,wikipedia_row_loose_relation,SRC-WIKI-1988,wikipedia,,revisioned_secondary
WIKI-COUNTY-1988-07-005,1988,其他县级行政区划调整 / 县级市的增设,abolish_or_merge,德阳市,CNUR-000240,广汉县、广汉市,广汉县,广汉市,撤销广汉县，设立广汉市（县级），以原广汉县的行政区域为广汉市的行政区域,县级市、县,county_level,广汉县 | 510624 | 四川省德阳市 | 国务院2月24日批复同意；国函〔1988〕30号 | 撤销广汉县，设立广汉市（县级），以原广汉县的行政区域为广汉市的行政区域 | 四川省直辖 | 广汉市 | 519001,1988年中华人民共和国县级以上行政区划变更列表,https://zh.wikipedia.org/wiki/1988%E5%B9%B4%E4%B8%AD%E5%8D%8E%E4%BA%BA%E6%B0%91%E5%85%B1%E5%92%8C%E5%9B%BD%E5%8E%BF%E7%BA%A7%E4%BB%A5%E4%B8%8A%E8%A1%8C%E6%94%BF%E5%8C%BA%E5%88%92%E5%8F%98%E6%9B%B4%E5%88%97%E8%A1%A8,93182311,wikipedia_row_loose_relation,SRC-WIKI-1988,wikipedia,,revisioned_secondary
WIKI-COUNTY-1988-07-006,1988,其他县级行政区划调整 / 县级市的增设,abolish_or_merge,太原市,CNUR-000014,古交工矿区、古交市,古交工矿区,古交市,撤销古交工矿区，设立古交市（县级），以原古交工矿区的行政区域为古交市的行政区域,市辖区、县级市、县,county_level,古交工矿区 | 140111 | 山西省太原市 | 国务院2月24日批复同意；国函〔1988〕31号 | 撤销古交工矿区，设立古交市（县级），以原古交工矿区的行政区域为古交市的行政区域 | 山西省直辖 | 古交市 | 149001,1988年中华人民共和国县级以上行政区划变更列表,https://zh.wikipedia.org/wiki/1988%E5%B9%B4%E4%B8%AD%E5%8D%8E%E4%BA%BA%E6%B0%91%E5%85%B1%E5%92%8C%E5%9B%BD%E5%8E%BF%E7%BA%A7%E4%BB%A5%E4%B8%8A%E8%A1%8C%E6%94%BF%E5%8C%BA%E5%88%92%E5%8F%98%E6%9B%B4%E5%88%97%E8%A1%A8,93182311,wikipedia_row_loose_relation,SRC-WIKI-1988,wikipedia,,revisioned_secondary
WIKI-COUNTY-1988-07-007,1988,其他县级行政区划调整 / 县级市的增设,abolish_or_merge,烟台市,CNUR-000140,掖县、莱州市,掖县,莱州市,撤销掖县，设立莱州市（县级），以原掖县的行政区域为莱州市的行政区域,县级市、县,county_level,掖县 | 370625 | 山东省烟台市 | 国务院2月24日批复同意；国函〔1988〕32号 | 撤销掖县，设立莱州市（县级），以原掖县的行政区域为莱州市的行政区域 | 山东省直辖 | 莱州市 | 379009,1988年中华人民共和国县级以上行政区划变更列表,https://zh.wikipedia.org/wiki/1988%E5%B9%B4%E4%B8%AD%E5%8D%8E%E4%BA%BA%E6%B0%91%E5%85%B1%E5%92%8C%E5%9B%BD%E5%8E%BF%E7%BA%A7%E4%BB%A5%E4%B8%8A%E8%A1%8C%E6%94%BF%E5%8C%BA%E5%88%92%E5%8F%98%E6%9B%B4%E5%88%97%E8%A1%A8,93182311,wikipedia_row_loose_relation,SRC-WIKI-1988,wikipedia,,revisioned_secondary
WIKI-COUNTY-1988-07-008,1988,其他县级行政区划调整 / 县级市的增设,abolish_or_merge,成都市,CNUR-000236,灌县、都江堰市,灌县,都江堰市,撤销灌县，设立都江堰市（县级），以原灌县的行政区域为都江堰市的行政区域,县级市、县,county_level,灌县 | 510127 | 四川省成都市 | 国务院3月3日批复同意；国函〔1988〕35号 | 撤销灌县，设立都江堰市（县级），以原灌县的行政区域为都江堰市的行政区域 | 四川省直辖 | 都江堰市 | 519003,1988年中华人民共和国县级以上行政区划变更列表,https://zh.wikipedia.org/wiki/1988%E5%B9%B4%E4%B8%AD%E5%8D%8E%E4%BA%BA%E6%B0%91%E5%85%B1%E5%92%8C%E5%9B%BD%E5%8E%BF%E7%BA%A7%E4%BB%A5%E4%B8%8A%E8%A1%8C%E6%94%BF%E5%8C%BA%E5%88%92%E5%8F%98%E6%9B%B4%E5%88%97%E8%A1%A8,93182311,wikipedia_row_loose_relation,SRC-WIKI-1988,wikipedia,,revisioned_secondary
WIKI-COUNTY-1988-07-009,1988,其他县级行政区划调整 / 县级市的增设,abolish_or_merge,枣庄市,CNUR-000138,滕县、莱州市,滕县,莱州市,撤销滕县，设立滕州市（县级），以原滕县的行政区域为滕州市的行政区域,县级市、县,county_level,滕县 | 370421 | 山东省枣庄市 | 国务院3月7日批复同意；国函〔1988〕43号 | 撤销滕县，设立滕州市（县级），以原滕县的行政区域为滕州市的行政区域 | 山东省直辖 | 莱州市 | 379010,1988年中华人民共和国县级以上行政区划变更列表,https://zh.wikipedia.org/wiki/1988%E5%B9%B4%E4%B8%AD%E5%8D%8E%E4%BA%BA%E6%B0%91%E5%85%B1%E5%92%8C%E5%9B%BD%E5%8E%BF%E7%BA%A7%E4%BB%A5%E4%B8%8A%E8%A1%8C%E6%94%BF%E5%8C%BA%E5%88%92%E5%8F%98%E6%9B%B4%E5%88%97%E8%A1%A8,93182311,wikipedia_row_loose_relation,SRC-WIKI-1988,wikipedia,,revisioned_secondary
WIKI-COUNTY-1988-07-010,1988,其他县级行政区划调整 / 县级市的增设,abolish_or_merge,通化市,CNUR-000055,集安县、集安市,集安县,集安市,撤销集安县，设立集安市（县级），以原集安县的行政区域为集安市的行政区域,县级市、县,county_level,集安县 | 220522 | 吉林省通化市 | 国务院3月16日批复同意；国函〔1988〕49号 | 撤销集安县，设立集安市（县级），以原集安县的行政区域为集安市的行政区域 | 吉林省直辖 | 集安市 | 229003,1988年中华人民共和国县级以上行政区划变更列表,https://zh.wikipedia.org/wiki/1988%E5%B9%B4%E4%B8%AD%E5%8D%8E%E4%BA%BA%E6%B0%91%E5%85%B1%E5%92%8C%E5%9B%BD%E5%8E%BF%E7%BA%A7%E4%BB%A5%E4%B8%8A%E8%A1%8C%E6%94%BF%E5%8C%BA%E5%88%92%E5%8F%98%E6%9B%B4%E5%88%97%E8%A1%A8,93182311,wikipedia_row_loose_relation,SRC-WIKI-1988,wikipedia,,revisioned_secondary
WIKI-COUNTY-1988-07-011,1988,其他县级行政区划调整 / 县级市的增设,establish,海西蒙古族藏族自治州,CNUR-000320,乌兰县、德令哈市,,,乌兰县管辖,县级市、县,county_level,乌兰县管辖 | 青海省；海西蒙古族藏族自治州 | 国务院批准；民政部4月19日批复同意；民〔1988〕行批1号 | 设立德令哈市（县级），以德令哈镇和乌兰县部分乡的行政区域为德令哈市的行政区域 | 青海省；海西蒙古族藏族自治州 | 德令哈市 | 632802,1988年中华人民共和国县级以上行政区划变更列表,https://zh.wikipedia.org/wiki/1988%E5%B9%B4%E4%B8%AD%E5%8D%8E%E4%BA%BA%E6%B0%91%E5%85%B1%E5%92%8C%E5%9B%BD%E5%8E%BF%E7%BA%A7%E4%BB%A5%E4%B8%8A%E8%A1%8C%E6%94%BF%E5%8C%BA%E5%88%92%E5%8F%98%E6%9B%B4%E5%88%97%E8%A1%A8,93182311,wikipedia_row_loose_relation,SRC-WIKI-1988,wikipedia,,revisioned_secondary
WIKI-COUNTY-1988-07-012,1988,其他县级行政区划调整 / 县级市的增设,abolish_or_merge,安康地区、安康市,CNUR-000297,安康县,安康县,安康市,撤销安康县，设立安康市（县级），以原安康县的行政区域为安康市的行政区域,县级市、县,county_level,安康县 | 612421 | 陕西省安康地区 | 国务院批准；民政部5月24日批复同意；民〔1988〕行批3号 | 撤销安康县，设立安康市（县级），以原安康县的行政区域为安康市的行政区域 | 陕西省安康地区 | 安康市 | 612401,1988年中华人民共和国县级以上行政区划变更列表,https://zh.wikipedia.org/wiki/1988%E5%B9%B4%E4%B8%AD%E5%8D%8E%E4%BA%BA%E6%B0%91%E5%85%B1%E5%92%8C%E5%9B%BD%E5%8E%BF%E7%BA%A7%E4%BB%A5%E4%B8%8A%E8%A1%8C%E6%94%BF%E5%8C%BA%E5%88%92%E5%8F%98%E6%9B%B4%E5%88%97%E8%A1%A8,93182311,wikipedia_row_loose_relation,SRC-WIKI-1988,wikipedia,,revisioned_secondary
WIKI-COUNTY-1988-07-013,1988,其他县级行政区划调整 / 县级市的增设,abolish_or_merge,商洛地区,CNUR-000298,商县、商州市,商县,商州市,撤销商县，设立商州市（县级），以原商县的行政区域为商州市的行政区域,县级市、县,county_level,国务院批准；民政部5月24日批复同意；民〔1988〕行批3号 | 商县 | 612521 | 陕西省商洛地区 | 撤销商县，设立商州市（县级），以原商县的行政区域为商州市的行政区域 | 陕西省商洛地区 | 商州市 | 612501,1988年中华人民共和国县级以上行政区划变更列表,https://zh.wikipedia.org/wiki/1988%E5%B9%B4%E4%B8%AD%E5%8D%8E%E4%BA%BA%E6%B0%91%E5%85%B1%E5%92%8C%E5%9B%BD%E5%8E%BF%E7%BA%A7%E4%BB%A5%E4%B8%8A%E8%A1%8C%E6%94%BF%E5%8C%BA%E5%88%92%E5%8F%98%E6%9B%B4%E5%88%97%E8%A1%A8,93182311,wikipedia_row_loose_relation,SRC-WIKI-1988,wikipedia,,revisioned_secondary
WIKI-COUNTY-1988-07-014,1988,其他县级行政区划调整 / 县级市的增设,abolish_or_merge,榆林地区、榆林市,CNUR-000296,榆林县,榆林县,榆林市,撤销榆林县，设立榆林市（县级），以原榆林县的行政区域为榆林市的行政区域,县级市、县,county_level,国务院批准；民政部5月24日批复同意；民〔1988〕行批3号 | 榆林县 | 612721 | 陕西省榆林地区 | 撤销榆林县，设立榆林市（县级），以原榆林县的行政区域为榆林市的行政区域 | 陕西省榆林地区 | 榆林市 | 612701,1988年中华人民共和国县级以上行政区划变更列表,https://zh.wikipedia.org/wiki/1988%E5%B9%B4%E4%B8%AD%E5%8D%8E%E4%BA%BA%E6%B0%91%E5%85%B1%E5%92%8C%E5%9B%BD%E5%8E%BF%E7%BA%A7%E4%BB%A5%E4%B8%8A%E8%A1%8C%E6%94%BF%E5%8C%BA%E5%88%92%E5%8F%98%E6%9B%B4%E5%88%97%E8%A1%A8,93182311,wikipedia_row_loose_relation,SRC-WIKI-1988,wikipedia,,revisioned_secondary
WIKI-COUNTY-1988-07-015,1988,其他县级行政区划调整 / 县级市的增设,abolish_or_merge,延边朝鲜族自治州,CNUR-000059,珲春县、珲春市,珲春县,珲春市,撤销珲春县，设立珲春市（县级），以原珲春县的行政区域为珲春市的行政区域,县级市、县,county_level,国务院批准；民政部5月24日批复同意；民〔1988〕行批3号 | 珲春县 | 222425 | 吉林省；延边朝鲜族自治州 | 国务院批准；民政部5月25日批复同意；民〔1988〕行批4号 | 撤销珲春县，设立珲春市（县级），以原珲春县的行政区域为珲春市的行政区域 | 吉林省；延边朝鲜族自治州 | 珲春市 | 222404,1988年中华人民共和国县级以上行政区划变更列表,https://zh.wikipedia.org/wiki/1988%E5%B9%B4%E4%B8%AD%E5%8D%8E%E4%BA%BA%E6%B0%91%E5%85%B1%E5%92%8C%E5%9B%BD%E5%8E%BF%E7%BA%A7%E4%BB%A5%E4%B8%8A%E8%A1%8C%E6%94%BF%E5%8C%BA%E5%88%92%E5%8F%98%E6%9B%B4%E5%88%97%E8%A1%A8,93182311,wikipedia_row_loose_relation,SRC-WIKI-1988,wikipedia,,revisioned_secondary
WIKI-COUNTY-1988-07-016,1988,其他县级行政区划调整 / 县级市的增设,abolish_or_merge,延边朝鲜族自治州,CNUR-000059,龙井县、龙井市,龙井县,龙井市,撤销龙井县，设立龙井市（县级），以原龙井春县的行政区域为龙井市的行政区域,县级市、县,county_level,吉林省；延边朝鲜族自治州 | 吉林省；延边朝鲜族自治州 | 龙井县 | 222421 | 国务院批准；民政部5月25日批复同意；民〔1988〕行批5号 | 撤销龙井县，设立龙井市（县级），以原龙井春县的行政区域为龙井市的行政区域 | 龙井市 | 222405,1988年中华人民共和国县级以上行政区划变更列表,https://zh.wikipedia.org/wiki/1988%E5%B9%B4%E4%B8%AD%E5%8D%8E%E4%BA%BA%E6%B0%91%E5%85%B1%E5%92%8C%E5%9B%BD%E5%8E%BF%E7%BA%A7%E4%BB%A5%E4%B8%8A%E8%A1%8C%E6%94%BF%E5%8C%BA%E5%88%92%E5%8F%98%E6%9B%B4%E5%88%97%E8%A1%A8,93182311,wikipedia_row_loose_relation,SRC-WIKI-1988,wikipedia,,revisioned_secondary
WIKI-COUNTY-1988-07-017,1988,其他县级行政区划调整 / 县级市的增设,abolish_or_merge,延边朝鲜族自治州、吉林市,CNUR-000059、CNUR-000052,桦甸县、桦甸市,桦甸县,桦甸市,撤销桦甸县，设立桦甸市（县级），以原桦甸县的行政区域为桦甸市的行政区域,县级市、县,county_level,吉林省；延边朝鲜族自治州 | 吉林省；延边朝鲜族自治州 | 桦甸县 | 320223 | 吉林省吉林市 | 国务院批准；民政部5月25日批复同意；民〔1988〕行批6号 | 撤销桦甸县，设立桦甸市（县级），以原桦甸县的行政区域为桦甸市的行政区域 | 吉林省直辖 | 桦甸市 | 229004,1988年中华人民共和国县级以上行政区划变更列表,https://zh.wikipedia.org/wiki/1988%E5%B9%B4%E4%B8%AD%E5%8D%8E%E4%BA%BA%E6%B0%91%E5%85%B1%E5%92%8C%E5%9B%BD%E5%8E%BF%E7%BA%A7%E4%BB%A5%E4%B8%8A%E8%A1%8C%E6%94%BF%E5%8C%BA%E5%88%92%E5%8F%98%E6%9B%B4%E5%88%97%E8%A1%A8,93182311,wikipedia_row_loose_relation,SRC-WIKI-1988,wikipedia,,revisioned_secondary
WIKI-COUNTY-1988-07-018,1988,其他县级行政区划调整 / 县级市的增设,abolish_or_merge,荆州地区,CNUR-000358,潜江县、潜江市,潜江县,潜江市,撤销潜江县，设立潜江市（县级），以原潜江县的行政区域为潜江市的行政区域,县级市、县,county_level,潜江县 | 422429 | 湖北省荆州地区 | 国务院批准；民政部5月25日批复同意；民〔1988〕行批7号 | 撤销潜江县，设立潜江市（县级），以原潜江县的行政区域为潜江市的行政区域 | 湖北省荆州地区 | 潜江市 | 422405,1988年中华人民共和国县级以上行政区划变更列表,https://zh.wikipedia.org/wiki/1988%E5%B9%B4%E4%B8%AD%E5%8D%8E%E4%BA%BA%E6%B0%91%E5%85%B1%E5%92%8C%E5%9B%BD%E5%8E%BF%E7%BA%A7%E4%BB%A5%E4%B8%8A%E8%A1%8C%E6%94%BF%E5%8C%BA%E5%88%92%E5%8F%98%E6%9B%B4%E5%88%97%E8%A1%A8,93182311,wikipedia_row_loose_relation,SRC-WIKI-1988,wikipedia,,revisioned_secondary
WIKI-COUNTY-1988-07-019,1988,其他县级行政区划调整 / 县级市的增设,abolish_or_merge,金华市,CNUR-000093,东阳县、东阳市,东阳县,东阳市,撤销东阳县，设立东阳市（县级），以原东阳县的行政区域为东阳市的行政区域,县级市、县,county_level,东阳县 | 330724 | 浙江省金华市 | 国务院批准；民政部5月25日批复同意；民〔1988〕行批8号 | 撤销东阳县，设立东阳市（县级），以原东阳县的行政区域为东阳市的行政区域 | 浙江省直辖 | 东阳市 | 339008,1988年中华人民共和国县级以上行政区划变更列表,https://zh.wikipedia.org/wiki/1988%E5%B9%B4%E4%B8%AD%E5%8D%8E%E4%BA%BA%E6%B0%91%E5%85%B1%E5%92%8C%E5%9B%BD%E5%8E%BF%E7%BA%A7%E4%BB%A5%E4%B8%8A%E8%A1%8C%E6%94%BF%E5%8C%BA%E5%88%92%E5%8F%98%E6%9B%B4%E5%88%97%E8%A1%A8,93182311,wikipedia_row_loose_relation,SRC-WIKI-1988,wikipedia,,revisioned_secondary
WIKI-COUNTY-1988-07-020,1988,其他县级行政区划调整 / 县级市的增设,abolish_or_merge,金华市,CNUR-000093,义乌县、义乌市,义乌县,义乌市,撤销义乌县，设立义乌市（县级），以原义乌县的行政区域为义乌市的行政区域,县级市、县,county_level,浙江省金华市 | 国务院批准；民政部5月25日批复同意；民〔1988〕行批8号 | 浙江省直辖 | 义乌县 | 330725 | 撤销义乌县，设立义乌市（县级），以原义乌县的行政区域为义乌市的行政区域 | 义乌市 | 339007,1988年中华人民共和国县级以上行政区划变更列表,https://zh.wikipedia.org/wiki/1988%E5%B9%B4%E4%B8%AD%E5%8D%8E%E4%BA%BA%E6%B0%91%E5%85%B1%E5%92%8C%E5%9B%BD%E5%8E%BF%E7%BA%A7%E4%BB%A5%E4%B8%8A%E8%A1%8C%E6%94%BF%E5%8C%BA%E5%88%92%E5%8F%98%E6%9B%B4%E5%88%97%E8%A1%A8,93182311,wikipedia_row_loose_relation,SRC-WIKI-1988,wikipedia,,revisioned_secondary
WIKI-COUNTY-1988-07-021,1988,其他县级行政区划调整 / 县级市的增设,abolish_or_merge,平顶山市、金华市,CNUR-000155、CNUR-000093,临汝县、汝州市,临汝县,汝州市,撤销临汝县，设立汝州市（县级），以原临汝县的行政区域为汝州市的行政区域,县级市、县,county_level,浙江省金华市 | 国务院批准；民政部5月25日批复同意；民〔1988〕行批8号 | 浙江省直辖 | 临汝县 | 410424 | 河南省平顶山市 | 国务院批准；民政部6月25日批复同意；民〔1988〕行批10号 | 撤销临汝县，设立汝州市（县级），以原临汝县的行政区域为汝州市的行政区域 | 河南省直辖 | 汝州市 | 419002,1988年中华人民共和国县级以上行政区划变更列表,https://zh.wikipedia.org/wiki/1988%E5%B9%B4%E4%B8%AD%E5%8D%8E%E4%BA%BA%E6%B0%91%E5%85%B1%E5%92%8C%E5%9B%BD%E5%8E%BF%E7%BA%A7%E4%BB%A5%E4%B8%8A%E8%A1%8C%E6%94%BF%E5%8C%BA%E5%88%92%E5%8F%98%E6%9B%B4%E5%88%97%E8%A1%A8,93182311,wikipedia_row_loose_relation,SRC-WIKI-1988,wikipedia,,revisioned_secondary
WIKI-COUNTY-1988-07-022,1988,其他县级行政区划调整 / 县级市的增设,abolish_or_merge,焦作市,CNUR-000159,济源县、济源市,济源县,济源市,撤销济源县，设立济源市（县级），以原济源县的行政区域为济源市的行政区域,县级市、县,county_level,国务院批准；民政部6月25日批复同意；民〔1988〕行批10号 | 济源县 | 410827 | 河南省焦作市 | 撤销济源县，设立济源市（县级），以原济源县的行政区域为济源市的行政区域 | 河南省直辖 | 济源市 | 419003,1988年中华人民共和国县级以上行政区划变更列表,https://zh.wikipedia.org/wiki/1988%E5%B9%B4%E4%B8%AD%E5%8D%8E%E4%BA%BA%E6%B0%91%E5%85%B1%E5%92%8C%E5%9B%BD%E5%8E%BF%E7%BA%A7%E4%BB%A5%E4%B8%8A%E8%A1%8C%E6%94%BF%E5%8C%BA%E5%88%92%E5%8F%98%E6%9B%B4%E5%88%97%E8%A1%A8,93182311,wikipedia_row_loose_relation,SRC-WIKI-1988,wikipedia,,revisioned_secondary
WIKI-COUNTY-1988-07-023,1988,其他县级行政区划调整 / 县级市的增设,abolish_or_merge,许昌市,CNUR-000161,禹县、禹州市,禹县,禹州市,撤销禹县，设立禹州市（县级），以原禹县的行政区域为禹州市的行政区域,县级市、县,county_level,国务院批准；民政部6月25日批复同意；民〔1988〕行批10号 | 禹县 | 411021 | 河南省许昌市 | 撤销禹县，设立禹州市（县级），以原禹县的行政区域为禹州市的行政区域 | 河南省直辖 | 禹州市 | 419004,1988年中华人民共和国县级以上行政区划变更列表,https://zh.wikipedia.org/wiki/1988%E5%B9%B4%E4%B8%AD%E5%8D%8E%E4%BA%BA%E6%B0%91%E5%85%B1%E5%92%8C%E5%9B%BD%E5%8E%BF%E7%BA%A7%E4%BB%A5%E4%B8%8A%E8%A1%8C%E6%94%BF%E5%8C%BA%E5%88%92%E5%8F%98%E6%9B%B4%E5%88%97%E8%A1%A8,93182311,wikipedia_row_loose_relation,SRC-WIKI-1988,wikipedia,,revisioned_secondary
WIKI-COUNTY-1988-07-024,1988,其他县级行政区划调整 / 县级市的增设,abolish_or_merge,白城地区,CNUR-000058,大安县、大安市,大安县,大安市,撤销大安县，设立大安市（县级），以原大安县的行政区域为大安市的行政区域,县级市、县,county_level,国务院批准；民政部6月25日批复同意；民〔1988〕行批10号 | 大安县 | 222325 | 吉林省白城地区 | 国务院批准；民政部8月30日批复同意；民〔1988〕行批16号 | 撤销大安县，设立大安市（县级），以原大安县的行政区域为大安市的行政区域 | 吉林省白城地区 | 大安市 | 222304,1988年中华人民共和国县级以上行政区划变更列表,https://zh.wikipedia.org/wiki/1988%E5%B9%B4%E4%B8%AD%E5%8D%8E%E4%BA%BA%E6%B0%91%E5%85%B1%E5%92%8C%E5%9B%BD%E5%8E%BF%E7%BA%A7%E4%BB%A5%E4%B8%8A%E8%A1%8C%E6%94%BF%E5%8C%BA%E5%88%92%E5%8F%98%E6%9B%B4%E5%88%97%E8%A1%A8,93182311,wikipedia_row_loose_relation,SRC-WIKI-1988,wikipedia,,revisioned_secondary
WIKI-COUNTY-1988-07-025,1988,其他县级行政区划调整 / 县级市的增设,abolish_or_merge,长春市,CNUR-000051,九台县、九台市,九台县,九台市,撤销九台县，设立九台市（县级），以原九台县的行政区域为九台市的行政区域,县级市、县,county_level,九台县 | 220123 | 吉林省长春市 | 国务院批准；民政部8月30日批复同意；民〔1988〕行批18号 | 撤销九台县，设立九台市（县级），以原九台县的行政区域为九台市的行政区域 | 吉林省直辖 | 九台市 | 229005,1988年中华人民共和国县级以上行政区划变更列表,https://zh.wikipedia.org/wiki/1988%E5%B9%B4%E4%B8%AD%E5%8D%8E%E4%BA%BA%E6%B0%91%E5%85%B1%E5%92%8C%E5%9B%BD%E5%8E%BF%E7%BA%A7%E4%BB%A5%E4%B8%8A%E8%A1%8C%E6%94%BF%E5%8C%BA%E5%88%92%E5%8F%98%E6%9B%B4%E5%88%97%E8%A1%A8,93182311,wikipedia_row_loose_relation,SRC-WIKI-1988,wikipedia,,revisioned_secondary
WIKI-COUNTY-1988-07-026,1988,其他县级行政区划调整 / 县级市的增设,abolish_or_merge,佳木斯市,CNUR-000067,富锦县、富锦市,富锦县,富锦市,撤销富锦县，设立富锦市（县级），以原富锦县的行政区域为富锦市的行政区域,县级市、县,county_level,富锦县 | 220821 | 黑龙江省佳木斯市 | 国务院批准；民政部8月30日批复同意；民〔1988〕行批19号 | 撤销富锦县，设立富锦市（县级），以原富锦县的行政区域为富锦市的行政区域 | 黑龙江省直辖 | 富锦市 | 239004,1988年中华人民共和国县级以上行政区划变更列表,https://zh.wikipedia.org/wiki/1988%E5%B9%B4%E4%B8%AD%E5%8D%8E%E4%BA%BA%E6%B0%91%E5%85%B1%E5%92%8C%E5%9B%BD%E5%8E%BF%E7%BA%A7%E4%BB%A5%E4%B8%8A%E8%A1%8C%E6%94%BF%E5%8C%BA%E5%88%92%E5%8F%98%E6%9B%B4%E5%88%97%E8%A1%A8,93182311,wikipedia_row_loose_relation,SRC-WIKI-1988,wikipedia,,revisioned_secondary
WIKI-COUNTY-1988-07-027,1988,其他县级行政区划调整 / 县级市的增设,abolish_or_merge,德州地区,CNUR-000148,乐陵县、乐陵市,乐陵县,乐陵市,撤销乐陵县，设立乐陵市（县级），以原乐陵县的行政区域为乐陵市的行政区域,县级市、县,county_level,乐陵县 | 372427 | 山东省德州地区 | 国务院批准；民政部9月1日批复同意；民〔1988〕行批22号 | 撤销乐陵县，设立乐陵市（县级），以原乐陵县的行政区域为乐陵市的行政区域 | 山东省德州地区 | 乐陵市 | 372402,1988年中华人民共和国县级以上行政区划变更列表,https://zh.wikipedia.org/wiki/1988%E5%B9%B4%E4%B8%AD%E5%8D%8E%E4%BA%BA%E6%B0%91%E5%85%B1%E5%92%8C%E5%9B%BD%E5%8E%BF%E7%BA%A7%E4%BB%A5%E4%B8%8A%E8%A1%8C%E6%94%BF%E5%8C%BA%E5%88%92%E5%8F%98%E6%9B%B4%E5%88%97%E8%A1%A8,93182311,wikipedia_row_loose_relation,SRC-WIKI-1988,wikipedia,,revisioned_secondary
WIKI-COUNTY-1988-07-028,1988,其他县级行政区划调整 / 县级市的增设,abolish_or_merge,邯郸市,CNUR-000006,武安县、武安市,武安县,武安市,撤销武安县，设立武安市（县级），以原武安县的行政区域为武安市的行政区域,县级市、县,county_level,武安县 | 130422 | 河北省邯郸市 | 国务院批准；民政部9月1日批复同意；民〔1988〕行批23号 | 撤销武安县，设立武安市（县级），以原武安县的行政区域为武安市的行政区域 | 河北省直辖 | 武安市 | 139001,1988年中华人民共和国县级以上行政区划变更列表,https://zh.wikipedia.org/wiki/1988%E5%B9%B4%E4%B8%AD%E5%8D%8E%E4%BA%BA%E6%B0%91%E5%85%B1%E5%92%8C%E5%9B%BD%E5%8E%BF%E7%BA%A7%E4%BB%A5%E4%B8%8A%E8%A1%8C%E6%94%BF%E5%8C%BA%E5%88%92%E5%8F%98%E6%9B%B4%E5%88%97%E8%A1%A8,93182311,wikipedia_row_loose_relation,SRC-WIKI-1988,wikipedia,,revisioned_secondary
WIKI-COUNTY-1988-07-029,1988,其他县级行政区划调整 / 县级市的增设,abolish_or_merge,伊春市,CNUR-000066,铁力县、铁力市,铁力县,铁力市,撤销铁力县，设立铁力市（县级），以原铁力县的行政区域为铁力市的行政区域,县级市、县,county_level,铁力县 | 230721 | 黑龙江省伊春市 | 国务院批准；民政部9月13日批复同意；民〔1988〕行批26号 | 撤销铁力县，设立铁力市（县级），以原铁力县的行政区域为铁力市的行政区域 | 黑龙江省直辖 | 铁力市 | 239005,1988年中华人民共和国县级以上行政区划变更列表,https://zh.wikipedia.org/wiki/1988%E5%B9%B4%E4%B8%AD%E5%8D%8E%E4%BA%BA%E6%B0%91%E5%85%B1%E5%92%8C%E5%9B%BD%E5%8E%BF%E7%BA%A7%E4%BB%A5%E4%B8%8A%E8%A1%8C%E6%94%BF%E5%8C%BA%E5%88%92%E5%8F%98%E6%9B%B4%E5%88%97%E8%A1%A8,93182311,wikipedia_row_loose_relation,SRC-WIKI-1988,wikipedia,,revisioned_secondary
WIKI-COUNTY-1988-07-030,1988,其他县级行政区划调整 / 县级市的增设,abolish_or_merge,松花江地区,CNUR-000360,尚志县、尚志市,尚志县,尚志市,撤销尚志县，设立尚志市（县级），以原尚志县的行政区域为尚志市的行政区域,县级市、县,county_level,尚志县 | 232129 | 黑龙江省松花江地区 | 国务院批准；民政部9月14日批复同意；民〔1988〕行批27号 | 撤销尚志县，设立尚志市（县级），以原尚志县的行政区域为尚志市的行政区域 | 黑龙江省松花江地区 | 尚志市 | 232102,1988年中华人民共和国县级以上行政区划变更列表,https://zh.wikipedia.org/wiki/1988%E5%B9%B4%E4%B8%AD%E5%8D%8E%E4%BA%BA%E6%B0%91%E5%85%B1%E5%92%8C%E5%9B%BD%E5%8E%BF%E7%BA%A7%E4%BB%A5%E4%B8%8A%E8%A1%8C%E6%94%BF%E5%8C%BA%E5%88%92%E5%8F%98%E6%9B%B4%E5%88%97%E8%A1%A8,93182311,wikipedia_row_loose_relation,SRC-WIKI-1988,wikipedia,,revisioned_secondary
WIKI-COUNTY-1988-07-031,1988,其他县级行政区划调整 / 县级市的增设,abolish_or_merge,乐山市、眉山市,CNUR-000245、CNUR-000247,峨眉县、峨眉山市,峨眉县,峨眉山市,撤销峨眉县，设立峨眉山市（县级），以原峨眉县的行政区域为峨眉山市的行政区域,县级市、县,county_level,峨眉县 | 511125 | 四川省乐山市 | 国务院批准；民政部9月14日批复同意；民〔1988〕行批29号 | 撤销峨眉县，设立峨眉山市（县级），以原峨眉县的行政区域为峨眉山市的行政区域 | 四川省直辖 | 峨眉山市 | 519004,1988年中华人民共和国县级以上行政区划变更列表,https://zh.wikipedia.org/wiki/1988%E5%B9%B4%E4%B8%AD%E5%8D%8E%E4%BA%BA%E6%B0%91%E5%85%B1%E5%92%8C%E5%9B%BD%E5%8E%BF%E7%BA%A7%E4%BB%A5%E4%B8%8A%E8%A1%8C%E6%94%BF%E5%8C%BA%E5%88%92%E5%8F%98%E6%9B%B4%E5%88%97%E8%A1%A8,93182311,wikipedia_row_loose_relation,SRC-WIKI-1988,wikipedia,,revisioned_secondary
WIKI-COUNTY-1988-07-032,1988,其他县级行政区划调整 / 县级市的增设,abolish_or_merge,松花江地区,CNUR-000360,双城县、双城市,双城县,双城市,撤销双城县，设立双城市（县级），以原双城县的行政区域为双城市的行政区域,县级市、县,county_level,双城县 | 232124 | 黑龙江省松花江地区 | 国务院批准；民政部9月14日批复同意；民〔1988〕行批30号 | 撤销双城县，设立双城市（县级），以原双城县的行政区域为双城市的行政区域 | 黑龙江省松花江地区 | 双城市 | 232101,1988年中华人民共和国县级以上行政区划变更列表,https://zh.wikipedia.org/wiki/1988%E5%B9%B4%E4%B8%AD%E5%8D%8E%E4%BA%BA%E6%B0%91%E5%85%B1%E5%92%8C%E5%9B%BD%E5%8E%BF%E7%BA%A7%E4%BB%A5%E4%B8%8A%E8%A1%8C%E6%94%BF%E5%8C%BA%E5%88%92%E5%8F%98%E6%9B%B4%E5%88%97%E8%A1%A8,93182311,wikipedia_row_loose_relation,SRC-WIKI-1988,wikipedia,,revisioned_secondary
WIKI-COUNTY-1988-07-033,1988,其他县级行政区划调整 / 县级市的增设,abolish_or_merge,宁德地区、宁德市,CNUR-000123,宁德县,宁德县,宁德市,撤销宁德县，设立宁德市（县级），以原宁德县的行政区域为宁德市的行政区域,县级市、县,county_level,宁德县 | 352221 | 福建省宁德地区 | 国务院批准；民政部10月4日批复同意；民批〔1988〕34号 | 撤销宁德县，设立宁德市（县级），以原宁德县的行政区域为宁德市的行政区域 | 福建省宁德地区 | 宁德市 | 352201,1988年中华人民共和国县级以上行政区划变更列表,https://zh.wikipedia.org/wiki/1988%E5%B9%B4%E4%B8%AD%E5%8D%8E%E4%BA%BA%E6%B0%91%E5%85%B1%E5%92%8C%E5%9B%BD%E5%8E%BF%E7%BA%A7%E4%BB%A5%E4%B8%8A%E8%A1%8C%E6%94%BF%E5%8C%BA%E5%88%92%E5%8F%98%E6%9B%B4%E5%88%97%E8%A1%A8,93182311,wikipedia_row_loose_relation,SRC-WIKI-1988,wikipedia,,revisioned_secondary
WIKI-COUNTY-1988-07-034,1988,其他县级行政区划调整 / 县级市的增设,abolish_or_merge,宜春地区,CNUR-000132,丰城县、丰城市,丰城县,丰城市,撤销丰城县，设立丰城市（县级），以原丰城县的行政区域为丰城市的行政区域,县级市、县,county_level,丰城县 | 362221 | 江西省宜春地区 | 国务院批准；民政部10月11日批复同意；民批〔1988〕35号 | 撤销丰城县，设立丰城市（县级），以原丰城县的行政区域为丰城市的行政区域 | 江西省宜春地区 | 丰城市 | 362202,1988年中华人民共和国县级以上行政区划变更列表,https://zh.wikipedia.org/wiki/1988%E5%B9%B4%E4%B8%AD%E5%8D%8E%E4%BA%BA%E6%B0%91%E5%85%B1%E5%92%8C%E5%9B%BD%E5%8E%BF%E7%BA%A7%E4%BB%A5%E4%B8%8A%E8%A1%8C%E6%94%BF%E5%8C%BA%E5%88%92%E5%8F%98%E6%9B%B4%E5%88%97%E8%A1%A8,93182311,wikipedia_row_loose_relation,SRC-WIKI-1988,wikipedia,,revisioned_secondary
WIKI-COUNTY-1988-07-035,1988,其他县级行政区划调整 / 县级市的增设,abolish_or_merge,宜春地区,CNUR-000132,清江县、樟树市,清江县,樟树市,撤销清江县，设立樟树市（县级），以原清江县的行政区域为樟树市的行政区域,县级市、县,county_level,江西省宜春地区 | 江西省宜春地区 | 清江县 | 362221 | 国务院批准；民政部10月13日批复同意；民批〔1988〕41号 | 撤销清江县，设立樟树市（县级），以原清江县的行政区域为樟树市的行政区域 | 樟树市 | 362202,1988年中华人民共和国县级以上行政区划变更列表,https://zh.wikipedia.org/wiki/1988%E5%B9%B4%E4%B8%AD%E5%8D%8E%E4%BA%BA%E6%B0%91%E5%85%B1%E5%92%8C%E5%9B%BD%E5%8E%BF%E7%BA%A7%E4%BB%A5%E4%B8%8A%E8%A1%8C%E6%94%BF%E5%8C%BA%E5%88%92%E5%8F%98%E6%9B%B4%E5%88%97%E8%A1%A8,93182311,wikipedia_row_loose_relation,SRC-WIKI-1988,wikipedia,,revisioned_secondary
WIKI-COUNTY-1988-07-036,1988,其他县级行政区划调整 / 县级市的增设,abolish_or_merge,宜春地区、新乡市,CNUR-000132、CNUR-000158,汲县、卫辉市,汲县,卫辉市,撤销汲县，设立卫辉市（县级），以原汲县的行政区域为卫辉市的行政区域,县级市、县,county_level,江西省宜春地区 | 江西省宜春地区 | 汲县 | 410722 | 河南省新乡市 | 国务院批准；民政部10月8日批复同意；民批〔1988〕36号 | 撤销汲县，设立卫辉市（县级），以原汲县的行政区域为卫辉市的行政区域 | 河南省直辖 | 卫辉市 | 419005,1988年中华人民共和国县级以上行政区划变更列表,https://zh.wikipedia.org/wiki/1988%E5%B9%B4%E4%B8%AD%E5%8D%8E%E4%BA%BA%E6%B0%91%E5%85%B1%E5%92%8C%E5%9B%BD%E5%8E%BF%E7%BA%A7%E4%BB%A5%E4%B8%8A%E8%A1%8C%E6%94%BF%E5%8C%BA%E5%88%92%E5%8F%98%E6%9B%B4%E5%88%97%E8%A1%A8,93182311,wikipedia_row_loose_relation,SRC-WIKI-1988,wikipedia,,revisioned_secondary
WIKI-COUNTY-1988-07-037,1988,其他县级行政区划调整 / 县级市的增设,abolish_or_merge,新乡市,CNUR-000158,辉县、辉县市,辉县,辉县市,撤销辉县，设立辉县市（县级），以原辉县的行政区域为辉县的行政区域,县级市、县,county_level,河南省新乡市 | 河南省直辖 | 辉县 | 410723 | 国务院批准；民政部10月11日批复同意；民批〔1988〕40号 | 撤销辉县，设立辉县市（县级），以原辉县的行政区域为辉县的行政区域 | 辉县市 | 419006,1988年中华人民共和国县级以上行政区划变更列表,https://zh.wikipedia.org/wiki/1988%E5%B9%B4%E4%B8%AD%E5%8D%8E%E4%BA%BA%E6%B0%91%E5%85%B1%E5%92%8C%E5%9B%BD%E5%8E%BF%E7%BA%A7%E4%BB%A5%E4%B8%8A%E8%A1%8C%E6%94%BF%E5%8C%BA%E5%88%92%E5%8F%98%E6%9B%B4%E5%88%97%E8%A1%A8,93182311,wikipedia_row_loose_relation,SRC-WIKI-1988,wikipedia,,revisioned_secondary
WIKI-COUNTY-1988-07-038,1988,其他县级行政区划调整 / 县级市的增设,abolish_or_merge,益阳地区、新乡市,CNUR-000190、CNUR-000158,沅江县、沅江市,沅江县,沅江市,撤销沅江县，设立沅江市（县级），以原沅江县的行政区域为沅江市的行政区域,县级市、县,county_level,河南省新乡市 | 河南省直辖 | 沅江县 | 432323 | 湖南省益阳地区 | 国务院批准；民政部10月11日批复同意；民批〔1988〕37号 | 撤销沅江县，设立沅江市（县级），以原沅江县的行政区域为沅江市的行政区域 | 湖南省益阳地区 | 沅江市 | 432302,1988年中华人民共和国县级以上行政区划变更列表,https://zh.wikipedia.org/wiki/1988%E5%B9%B4%E4%B8%AD%E5%8D%8E%E4%BA%BA%E6%B0%91%E5%85%B1%E5%92%8C%E5%9B%BD%E5%8E%BF%E7%BA%A7%E4%BB%A5%E4%B8%8A%E8%A1%8C%E6%94%BF%E5%8C%BA%E5%88%92%E5%8F%98%E6%9B%B4%E5%88%97%E8%A1%A8,93182311,wikipedia_row_loose_relation,SRC-WIKI-1988,wikipedia,,revisioned_secondary
WIKI-COUNTY-1988-07-039,1988,其他县级行政区划调整 / 县级市的增设,abolish_or_merge,,,应山县、广水市,应山县,广水市,撤销应山县，设立广水市（县级），以原应山县的行政区域为广水市的行政区域,县级市、县,county_level,应山县 | 422224 | 湖北省孝感地区 | 国务院批准；民政部10月11日批复同意；民批〔1988〕38号 | 撤销应山县，设立广水市（县级），以原应山县的行政区域为广水市的行政区域 | 湖北省孝感地区 | 广水市 | 422204,1988年中华人民共和国县级以上行政区划变更列表,https://zh.wikipedia.org/wiki/1988%E5%B9%B4%E4%B8%AD%E5%8D%8E%E4%BA%BA%E6%B0%91%E5%85%B1%E5%92%8C%E5%9B%BD%E5%8E%BF%E7%BA%A7%E4%BB%A5%E4%B8%8A%E8%A1%8C%E6%94%BF%E5%8C%BA%E5%88%92%E5%8F%98%E6%9B%B4%E5%88%97%E8%A1%A8,93182311,wikipedia_row_unlinked,SRC-WIKI-1988,wikipedia,,revisioned_secondary
WIKI-COUNTY-1988-07-040,1988,其他县级行政区划调整 / 县级市的增设,abolish_or_merge,宁波市,CNUR-000088,慈溪县、慈溪市,慈溪县,慈溪市,撤销慈溪县，设立慈溪市（县级），以原慈溪县的行政区域为慈溪市的行政区域,县级市、县,county_level,慈溪县 | 330222 | 浙江省宁波市 | 国务院批准；民政部10月13日批复同意；民批〔1988〕42号 | 撤销慈溪县，设立慈溪市（县级），以原慈溪县的行政区域为慈溪市的行政区域 | 浙江省直辖 | 慈溪市 | 339009,1988年中华人民共和国县级以上行政区划变更列表,https://zh.wikipedia.org/wiki/1988%E5%B9%B4%E4%B8%AD%E5%8D%8E%E4%BA%BA%E6%B0%91%E5%85%B1%E5%92%8C%E5%9B%BD%E5%8E%BF%E7%BA%A7%E4%BB%A5%E4%B8%8A%E8%A1%8C%E6%94%BF%E5%8C%BA%E5%88%92%E5%8F%98%E6%9B%B4%E5%88%97%E8%A1%A8,93182311,wikipedia_row_loose_relation,SRC-WIKI-1988,wikipedia,,revisioned_secondary
WIKI-COUNTY-1988-07-041,1988,其他县级行政区划调整 / 县级市的增设,abolish_or_merge,宁波市,CNUR-000088,奉化县、奉化市,奉化县,奉化市,撤销清江县，设立奉化市（县级），以原奉化县的行政区域为奉化市的行政区域,县级市、县,county_level,浙江省宁波市 | 浙江省直辖 | 奉化县 | 362221 | 国务院批准；民政部10月13日批复同意；民批〔1988〕43号 | 撤销清江县，设立奉化市（县级），以原奉化县的行政区域为奉化市的行政区域 | 奉化市 | 339010,1988年中华人民共和国县级以上行政区划变更列表,https://zh.wikipedia.org/wiki/1988%E5%B9%B4%E4%B8%AD%E5%8D%8E%E4%BA%BA%E6%B0%91%E5%85%B1%E5%92%8C%E5%9B%BD%E5%8E%BF%E7%BA%A7%E4%BB%A5%E4%B8%8A%E8%A1%8C%E6%94%BF%E5%8C%BA%E5%88%92%E5%8F%98%E6%9B%B4%E5%88%97%E8%A1%A8,93182311,wikipedia_row_loose_relation,SRC-WIKI-1988,wikipedia,,revisioned_secondary
WIKI-COUNTY-1988-07-042,1988,其他县级行政区划调整 / 县级市的增设,abolish_or_merge,宜昌地区、宁波市,CNUR-000349、CNUR-000088,当阳县、当阳市,当阳县,当阳市,撤销当阳县，设立当阳市（县级），以原当阳县的行政区域为当阳市的行政区域,县级市、县,county_level,浙江省宁波市 | 浙江省直辖 | 当阳县 | 422724 | 湖北省宜昌地区 | 国务院批准；民政部10月22日批复同意；民批〔1988〕44号 | 撤销当阳县，设立当阳市（县级），以原当阳县的行政区域为当阳市的行政区域 | 湖北省宜昌地区 | 当阳市 | 422702,1988年中华人民共和国县级以上行政区划变更列表,https://zh.wikipedia.org/wiki/1988%E5%B9%B4%E4%B8%AD%E5%8D%8E%E4%BA%BA%E6%B0%91%E5%85%B1%E5%92%8C%E5%9B%BD%E5%8E%BF%E7%BA%A7%E4%BB%A5%E4%B8%8A%E8%A1%8C%E6%94%BF%E5%8C%BA%E5%88%92%E5%8F%98%E6%9B%B4%E5%88%97%E8%A1%A8,93182311,wikipedia_row_loose_relation,SRC-WIKI-1988,wikipedia,,revisioned_secondary
WIKI-COUNTY-1988-07-043,1988,其他县级行政区划调整 / 县级市的增设,abolish_or_merge,威海市,CNUR-000144,文登县、文登市,文登县,文登市,撤销文登县，设立文登市（县级），以原文登县的行政区域为文登市的行政区域,县级市、县,county_level,文登县 | 371022 | 山东省威海市 | 国务院批准；民政部10月24日批复同意；民批〔1988〕45号 | 撤销文登县，设立文登市（县级），以原文登县的行政区域为文登市的行政区域 | 山东省直辖 | 文登市 | 379011,1988年中华人民共和国县级以上行政区划变更列表,https://zh.wikipedia.org/wiki/1988%E5%B9%B4%E4%B8%AD%E5%8D%8E%E4%BA%BA%E6%B0%91%E5%85%B1%E5%92%8C%E5%9B%BD%E5%8E%BF%E7%BA%A7%E4%BB%A5%E4%B8%8A%E8%A1%8C%E6%94%BF%E5%8C%BA%E5%88%92%E5%8F%98%E6%9B%B4%E5%88%97%E8%A1%A8,93182311,wikipedia_row_loose_relation,SRC-WIKI-1988,wikipedia,,revisioned_secondary
WIKI-COUNTY-1988-07-044,1988,其他县级行政区划调整 / 县级市的增设,abolish_or_merge,威海市,CNUR-000144,荣成县、荣成市,荣成县,荣成市,撤销荣成县，设立荣成市（县级），以原荣成县的行政区域为荣成市的行政区域,县级市、县,county_level,山东省威海市 | 山东省直辖 | 荣成县 | 371023 | 国务院批准；民政部11月1日批复同意；民批〔1988〕47号 | 撤销荣成县，设立荣成市（县级），以原荣成县的行政区域为荣成市的行政区域 | 荣成市 | 379012,1988年中华人民共和国县级以上行政区划变更列表,https://zh.wikipedia.org/wiki/1988%E5%B9%B4%E4%B8%AD%E5%8D%8E%E4%BA%BA%E6%B0%91%E5%85%B1%E5%92%8C%E5%9B%BD%E5%8E%BF%E7%BA%A7%E4%BB%A5%E4%B8%8A%E8%A1%8C%E6%94%BF%E5%8C%BA%E5%88%92%E5%8F%98%E6%9B%B4%E5%88%97%E8%A1%A8,93182311,wikipedia_row_loose_relation,SRC-WIKI-1988,wikipedia,,revisioned_secondary
WIKI-COUNTY-1988-07-045,1988,其他县级行政区划调整 / 县级市的增设,abolish_or_merge,牡丹江市、威海市,CNUR-000069、CNUR-000144,密山县、密山市,密山县,密山市,撤销密山县，设立密山市（县级），以原密山县的行政区域为密山市的行政区域,县级市、县,county_level,山东省威海市 | 山东省直辖 | 密山县 | 231026 | 黑龙江省牡丹江市 | 国务院批准；民政部11月17日批复同意；民批〔1988〕49号 | 撤销密山县，设立密山市（县级），以原密山县的行政区域为密山市的行政区域 | 黑龙江省直辖 | 密山市 | 239006,1988年中华人民共和国县级以上行政区划变更列表,https://zh.wikipedia.org/wiki/1988%E5%B9%B4%E4%B8%AD%E5%8D%8E%E4%BA%BA%E6%B0%91%E5%85%B1%E5%92%8C%E5%9B%BD%E5%8E%BF%E7%BA%A7%E4%BB%A5%E4%B8%8A%E8%A1%8C%E6%94%BF%E5%8C%BA%E5%88%92%E5%8F%98%E6%9B%B4%E5%88%97%E8%A1%A8,93182311,wikipedia_row_loose_relation,SRC-WIKI-1988,wikipedia,,revisioned_secondary
WIKI-COUNTY-1988-07-046,1988,其他县级行政区划调整 / 县级市的增设,abolish_or_merge,南阳地区,CNUR-000164,邓县、邓州市,邓县,邓州市,撤销邓县，设立邓州市（县级），以原邓县的行政区域为邓州市的行政区域,县级市、县,county_level,邓县 | 412930 | 河南省南阳地区 | 国务院批准；民政部10月22日批复同意；民批〔1988〕50号 | 撤销邓县，设立邓州市（县级），以原邓县的行政区域为邓州市的行政区域 | 河南省南阳地区 | 邓州市 | 412902,1988年中华人民共和国县级以上行政区划变更列表,https://zh.wikipedia.org/wiki/1988%E5%B9%B4%E4%B8%AD%E5%8D%8E%E4%BA%BA%E6%B0%91%E5%85%B1%E5%92%8C%E5%9B%BD%E5%8E%BF%E7%BA%A7%E4%BB%A5%E4%B8%8A%E8%A1%8C%E6%94%BF%E5%8C%BA%E5%88%92%E5%8F%98%E6%9B%B4%E5%88%97%E8%A1%A8,93182311,wikipedia_row_loose_relation,SRC-WIKI-1988,wikipedia,,revisioned_secondary
WIKI-COUNTY-1988-07-047,1988,其他县级行政区划调整 / 县级市的增设,abolish_or_merge,铁岭市,CNUR-000048,开原县、开原市,开原县,开原市,撤销开原县，设立开原市（县级），以原开原县的行政区域为开原市的行政区域,县级市、县,county_level,开原县 | 211222 | 辽宁省铁岭市 | 国务院批准；民政部12月27日批复同意；民批〔1988〕51号 | 撤销开原县，设立开原市（县级），以原开原县的行政区域为开原市的行政区域 | 辽宁省直辖 | 开原市 | 219007,1988年中华人民共和国县级以上行政区划变更列表,https://zh.wikipedia.org/wiki/1988%E5%B9%B4%E4%B8%AD%E5%8D%8E%E4%BA%BA%E6%B0%91%E5%85%B1%E5%92%8C%E5%9B%BD%E5%8E%BF%E7%BA%A7%E4%BB%A5%E4%B8%8A%E8%A1%8C%E6%94%BF%E5%8C%BA%E5%88%92%E5%8F%98%E6%9B%B4%E5%88%97%E8%A1%A8,93182311,wikipedia_row_loose_relation,SRC-WIKI-1988,wikipedia,,revisioned_secondary
WIKI-COUNTY-1988-07-048,1988,其他县级行政区划调整 / 县级市的增设,abolish_or_merge,玉林地区、贵港市,CNUR-000225、CNUR-000224,贵县,贵县,贵港市,撤销贵县，设立贵港市（县级），以原贵县的行政区域为贵港市的行政区域,县级市、县,county_level,贵县 | 452522 | 广西壮族自治区；玉林地区 | 国务院批准；民政部12月27日批复同意；民批〔1988〕53号 | 撤销贵县，设立贵港市（县级），以原贵县的行政区域为贵港市的行政区域 | 广西壮族自治区；玉林地区 | 贵港市 | 452502,1988年中华人民共和国县级以上行政区划变更列表,https://zh.wikipedia.org/wiki/1988%E5%B9%B4%E4%B8%AD%E5%8D%8E%E4%BA%BA%E6%B0%91%E5%85%B1%E5%92%8C%E5%9B%BD%E5%8E%BF%E7%BA%A7%E4%BB%A5%E4%B8%8A%E8%A1%8C%E6%94%BF%E5%8C%BA%E5%88%92%E5%8F%98%E6%9B%B4%E5%88%97%E8%A1%A8,93182311,wikipedia_row_loose_relation,SRC-WIKI-1988,wikipedia,,revisioned_secondary
WIKI-COUNTY-1988-08-002,1988,其他县级行政区划调整 / 其他县级行政区划行政隶属变更,jurisdiction_transfer,韶关市、广州市,CNUR-000197、CNUR-000196,新丰县,新丰县,,将新丰县划归韶关市管辖,县,county_level,新丰县 | 440123 | 广东省广州市 | 1月7日国务院批复同意；国函〔1988〕6号 | 将新丰县划归韶关市管辖 | 广东省韶关市 | 440233,1988年中华人民共和国县级以上行政区划变更列表,https://zh.wikipedia.org/wiki/1988%E5%B9%B4%E4%B8%AD%E5%8D%8E%E4%BA%BA%E6%B0%91%E5%85%B1%E5%92%8C%E5%9B%BD%E5%8E%BF%E7%BA%A7%E4%BB%A5%E4%B8%8A%E8%A1%8C%E6%94%BF%E5%8C%BA%E5%88%92%E5%8F%98%E6%9B%B4%E5%88%97%E8%A1%A8,93182311,wikipedia_row_loose_relation,SRC-WIKI-1988,wikipedia,,revisioned_secondary
WIKI-COUNTY-1988-08-003,1988,其他县级行政区划调整 / 其他县级行政区划行政隶属变更,jurisdiction_transfer,惠州市、广州市,CNUR-000206、CNUR-000196,龙门县,龙门县,,将龙门县划归惠州市管辖,县,county_level,广东省广州市 | 1月7日国务院批复同意；国函〔1988〕6号 | 龙门县 | 440124 | 将龙门县划归惠州市管辖 | 广东省惠州市 | 441324,1988年中华人民共和国县级以上行政区划变更列表,https://zh.wikipedia.org/wiki/1988%E5%B9%B4%E4%B8%AD%E5%8D%8E%E4%BA%BA%E6%B0%91%E5%85%B1%E5%92%8C%E5%9B%BD%E5%8E%BF%E7%BA%A7%E4%BB%A5%E4%B8%8A%E8%A1%8C%E6%94%BF%E5%8C%BA%E5%88%92%E5%8F%98%E6%9B%B4%E5%88%97%E8%A1%A8,93182311,wikipedia_row_loose_relation,SRC-WIKI-1988,wikipedia,,revisioned_secondary
WIKI-COUNTY-1988-08-004,1988,其他县级行政区划调整 / 其他县级行政区划行政隶属变更,jurisdiction_transfer,广州市、清远市,CNUR-000196、CNUR-000211,佛冈县,佛冈县,,将佛冈县划归清远市管辖,县,county_level,广东省广州市 | 1月7日国务院批复同意；国函〔1988〕6号 | 佛冈县 | 440128 | 将佛冈县划归清远市管辖 | 广东省清远市 | 441821,1988年中华人民共和国县级以上行政区划变更列表,https://zh.wikipedia.org/wiki/1988%E5%B9%B4%E4%B8%AD%E5%8D%8E%E4%BA%BA%E6%B0%91%E5%85%B1%E5%92%8C%E5%9B%BD%E5%8E%BF%E7%BA%A7%E4%BB%A5%E4%B8%8A%E8%A1%8C%E6%94%BF%E5%8C%BA%E5%88%92%E5%8F%98%E6%9B%B4%E5%88%97%E8%A1%A8,93182311,wikipedia_row_loose_relation,SRC-WIKI-1988,wikipedia,,revisioned_secondary
WIKI-COUNTY-1988-08-005,1988,其他县级行政区划调整 / 其他县级行政区划行政隶属变更,jurisdiction_transfer,韶关市、广州市、清远市,CNUR-000197、CNUR-000196、CNUR-000211,连县,连县,,将连县、阳山县、英德县、连南瑶族自治县、连山壮族瑶族自治县划归清远市管辖,自治县、县,county_level,广东省广州市 | 1月7日国务院批复同意；国函〔1988〕6号 | 广东省清远市 | 连县 | 440226 | 广东省韶关市 | 将连县、阳山县、英德县、连南瑶族自治县、连山壮族瑶族自治县划归清远市管辖 | 441824,1988年中华人民共和国县级以上行政区划变更列表,https://zh.wikipedia.org/wiki/1988%E5%B9%B4%E4%B8%AD%E5%8D%8E%E4%BA%BA%E6%B0%91%E5%85%B1%E5%92%8C%E5%9B%BD%E5%8E%BF%E7%BA%A7%E4%BB%A5%E4%B8%8A%E8%A1%8C%E6%94%BF%E5%8C%BA%E5%88%92%E5%8F%98%E6%9B%B4%E5%88%97%E8%A1%A8,93182311,wikipedia_row_loose_relation,SRC-WIKI-1988,wikipedia,,revisioned_secondary
WIKI-COUNTY-1988-08-006,1988,其他县级行政区划调整 / 其他县级行政区划行政隶属变更,jurisdiction_transfer,韶关市、清远市,CNUR-000197、CNUR-000211,阳山县,阳山县,,1月7日国务院批复同意；国函〔1988〕6号 | 广东省清远市 | 广东省韶关市 | 将连县、阳山县、英德县、连南瑶族自治县、连山壮族瑶族自治县划归清远市管辖 | 阳山县 | 440227 | 441823,自治县、县,county_level,1月7日国务院批复同意；国函〔1988〕6号 | 广东省清远市 | 广东省韶关市 | 将连县、阳山县、英德县、连南瑶族自治县、连山壮族瑶族自治县划归清远市管辖 | 阳山县 | 440227 | 441823,1988年中华人民共和国县级以上行政区划变更列表,https://zh.wikipedia.org/wiki/1988%E5%B9%B4%E4%B8%AD%E5%8D%8E%E4%BA%BA%E6%B0%91%E5%85%B1%E5%92%8C%E5%9B%BD%E5%8E%BF%E7%BA%A7%E4%BB%A5%E4%B8%8A%E8%A1%8C%E6%94%BF%E5%8C%BA%E5%88%92%E5%8F%98%E6%9B%B4%E5%88%97%E8%A1%A8,93182311,wikipedia_row_loose_relation,SRC-WIKI-1988,wikipedia,,revisioned_secondary
WIKI-COUNTY-1988-08-007,1988,其他县级行政区划调整 / 其他县级行政区划行政隶属变更,jurisdiction_transfer,韶关市、清远市,CNUR-000197、CNUR-000211,英德县,英德县,,1月7日国务院批复同意；国函〔1988〕6号 | 广东省清远市 | 广东省韶关市 | 将连县、阳山县、英德县、连南瑶族自治县、连山壮族瑶族自治县划归清远市管辖 | 英德县 | 440228 | 441822,自治县、县,county_level,1月7日国务院批复同意；国函〔1988〕6号 | 广东省清远市 | 广东省韶关市 | 将连县、阳山县、英德县、连南瑶族自治县、连山壮族瑶族自治县划归清远市管辖 | 英德县 | 440228 | 441822,1988年中华人民共和国县级以上行政区划变更列表,https://zh.wikipedia.org/wiki/1988%E5%B9%B4%E4%B8%AD%E5%8D%8E%E4%BA%BA%E6%B0%91%E5%85%B1%E5%92%8C%E5%9B%BD%E5%8E%BF%E7%BA%A7%E4%BB%A5%E4%B8%8A%E8%A1%8C%E6%94%BF%E5%8C%BA%E5%88%92%E5%8F%98%E6%9B%B4%E5%88%97%E8%A1%A8,93182311,wikipedia_row_loose_relation,SRC-WIKI-1988,wikipedia,,revisioned_secondary
WIKI-COUNTY-1988-08-008,1988,其他县级行政区划调整 / 其他县级行政区划行政隶属变更,jurisdiction_transfer,韶关市、清远市,CNUR-000197、CNUR-000211,连山壮族瑶族自治县,连山壮族瑶族自治县,,1月7日国务院批复同意；国函〔1988〕6号 | 广东省清远市 | 广东省韶关市 | 将连县、阳山县、英德县、连南瑶族自治县、连山壮族瑶族自治县划归清远市管辖 | 连山壮族瑶族自治县 | 440230 | 441825,自治县、县,county_level,1月7日国务院批复同意；国函〔1988〕6号 | 广东省清远市 | 广东省韶关市 | 将连县、阳山县、英德县、连南瑶族自治县、连山壮族瑶族自治县划归清远市管辖 | 连山壮族瑶族自治县 | 440230 | 441825,1988年中华人民共和国县级以上行政区划变更列表,https://zh.wikipedia.org/wiki/1988%E5%B9%B4%E4%B8%AD%E5%8D%8E%E4%BA%BA%E6%B0%91%E5%85%B1%E5%92%8C%E5%9B%BD%E5%8E%BF%E7%BA%A7%E4%BB%A5%E4%B8%8A%E8%A1%8C%E6%94%BF%E5%8C%BA%E5%88%92%E5%8F%98%E6%9B%B4%E5%88%97%E8%A1%A8,93182311,wikipedia_row_loose_relation,SRC-WIKI-1988,wikipedia,,revisioned_secondary
WIKI-COUNTY-1988-08-009,1988,其他县级行政区划调整 / 其他县级行政区划行政隶属变更,jurisdiction_transfer,韶关市、清远市,CNUR-000197、CNUR-000211,连南瑶族自治县,连南瑶族自治县,,1月7日国务院批复同意；国函〔1988〕6号 | 广东省清远市 | 广东省韶关市 | 将连县、阳山县、英德县、连南瑶族自治县、连山壮族瑶族自治县划归清远市管辖 | 连南瑶族自治县 | 440231 | 441826,自治县、县,county_level,1月7日国务院批复同意；国函〔1988〕6号 | 广东省清远市 | 广东省韶关市 | 将连县、阳山县、英德县、连南瑶族自治县、连山壮族瑶族自治县划归清远市管辖 | 连南瑶族自治县 | 440231 | 441826,1988年中华人民共和国县级以上行政区划变更列表,https://zh.wikipedia.org/wiki/1988%E5%B9%B4%E4%B8%AD%E5%8D%8E%E4%BA%BA%E6%B0%91%E5%85%B1%E5%92%8C%E5%9B%BD%E5%8E%BF%E7%BA%A7%E4%BB%A5%E4%B8%8A%E8%A1%8C%E6%94%BF%E5%8C%BA%E5%88%92%E5%8F%98%E6%9B%B4%E5%88%97%E8%A1%A8,93182311,wikipedia_row_loose_relation,SRC-WIKI-1988,wikipedia,,revisioned_secondary
WIKI-COUNTY-1988-08-010,1988,其他县级行政区划调整 / 其他县级行政区划行政隶属变更,jurisdiction_transfer,阳江市、江门市、韶关市、清远市,CNUR-000210、CNUR-000202、CNUR-000197、CNUR-000211,阳春县,阳春县,,将阳春县划归阳江市管辖,自治县、县,county_level,1月7日国务院批复同意；国函〔1988〕6号 | 广东省清远市 | 广东省韶关市 | 将连县、阳山县、英德县、连南瑶族自治县、连山壮族瑶族自治县划归清远市管辖 | 阳春县 | 440727 | 广东省江门市 | 将阳春县划归阳江市管辖 | 广东省阳江市 | 441722,1988年中华人民共和国县级以上行政区划变更列表,https://zh.wikipedia.org/wiki/1988%E5%B9%B4%E4%B8%AD%E5%8D%8E%E4%BA%BA%E6%B0%91%E5%85%B1%E5%92%8C%E5%9B%BD%E5%8E%BF%E7%BA%A7%E4%BB%A5%E4%B8%8A%E8%A1%8C%E6%94%BF%E5%8C%BA%E5%88%92%E5%8F%98%E6%9B%B4%E5%88%97%E8%A1%A8,93182311,wikipedia_row_loose_relation,SRC-WIKI-1988,wikipedia,,revisioned_secondary
WIKI-COUNTY-1988-08-011,1988,其他县级行政区划调整 / 其他县级行政区划行政隶属变更,jurisdiction_transfer,雁北地区、朔州市,CNUR-000343、CNUR-000019,山阴县,山阴县,,将山阴县划归朔州市管辖,县,county_level,1月7日国务院批复同意；国函〔1988〕6号 | 山阴县 | 142127 | 山西省雁北地区 | 3月24日国务院批复同意；国函〔1988〕50号 | 将山阴县划归朔州市管辖 | 山西省朔州市 | 140621,1988年中华人民共和国县级以上行政区划变更列表,https://zh.wikipedia.org/wiki/1988%E5%B9%B4%E4%B8%AD%E5%8D%8E%E4%BA%BA%E6%B0%91%E5%85%B1%E5%92%8C%E5%9B%BD%E5%8E%BF%E7%BA%A7%E4%BB%A5%E4%B8%8A%E8%A1%8C%E6%94%BF%E5%8C%BA%E5%88%92%E5%8F%98%E6%9B%B4%E5%88%97%E8%A1%A8,93182311,wikipedia_row_loose_relation,SRC-WIKI-1988,wikipedia,,revisioned_secondary
WIKI-COUNTY-1988-08-012,1988,其他县级行政区划调整 / 其他县级行政区划行政隶属变更,jurisdiction_transfer,常德市、大庸市,CNUR-000188、CNUR-000189,慈利县,慈利县,,将慈利县、桑植县划归大庸市管辖,县,county_level,慈利县 | 430727 | 湖南省常德市 | 5月18日国务院批复同意；国函〔1988〕77号 | 将慈利县、桑植县划归大庸市管辖 | 湖南省大庸市 | 430821,1988年中华人民共和国县级以上行政区划变更列表,https://zh.wikipedia.org/wiki/1988%E5%B9%B4%E4%B8%AD%E5%8D%8E%E4%BA%BA%E6%B0%91%E5%85%B1%E5%92%8C%E5%9B%BD%E5%8E%BF%E7%BA%A7%E4%BB%A5%E4%B8%8A%E8%A1%8C%E6%94%BF%E5%8C%BA%E5%88%92%E5%8F%98%E6%9B%B4%E5%88%97%E8%A1%A8,93182311,wikipedia_row_loose_relation,SRC-WIKI-1988,wikipedia,,revisioned_secondary
WIKI-COUNTY-1988-08-013,1988,其他县级行政区划调整 / 其他县级行政区划行政隶属变更,jurisdiction_transfer,湘西土家族苗族自治州、大庸市,CNUR-000195、CNUR-000189,桑植县,桑植县,,5月18日国务院批复同意；国函〔1988〕77号 | 将慈利县、桑植县划归大庸市管辖 | 湖南省大庸市 | 桑植县 | 433129 | 湖南省湘西土家族苗族自治州 | 430822,县,county_level,5月18日国务院批复同意；国函〔1988〕77号 | 将慈利县、桑植县划归大庸市管辖 | 湖南省大庸市 | 桑植县 | 433129 | 湖南省湘西土家族苗族自治州 | 430822,1988年中华人民共和国县级以上行政区划变更列表,https://zh.wikipedia.org/wiki/1988%E5%B9%B4%E4%B8%AD%E5%8D%8E%E4%BA%BA%E6%B0%91%E5%85%B1%E5%92%8C%E5%9B%BD%E5%8E%BF%E7%BA%A7%E4%BB%A5%E4%B8%8A%E8%A1%8C%E6%94%BF%E5%8C%BA%E5%88%92%E5%8F%98%E6%9B%B4%E5%88%97%E8%A1%A8,93182311,wikipedia_row_loose_relation,SRC-WIKI-1988,wikipedia,,revisioned_secondary
WIKI-COUNTY-1988-08-014,1988,其他县级行政区划调整 / 其他县级行政区划行政隶属变更,jurisdiction_transfer,池州地区、大庸市、芜湖市,CNUR-000113、CNUR-000189、CNUR-000099,青阳县,青阳县,,将青阳县（含九华山风景区）划归池州地区管辖,县,county_level,5月18日国务院批复同意；国函〔1988〕77号 | 将慈利县、桑植县划归大庸市管辖 | 湖南省大庸市 | 青阳县 | 340224 | 安徽省芜湖市 | 8月17日国务院批复同意；国函〔1988〕105号 | 将青阳县（含九华山风景区）划归池州地区管辖 | 安徽省池州地区 | 342923,1988年中华人民共和国县级以上行政区划变更列表,https://zh.wikipedia.org/wiki/1988%E5%B9%B4%E4%B8%AD%E5%8D%8E%E4%BA%BA%E6%B0%91%E5%85%B1%E5%92%8C%E5%9B%BD%E5%8E%BF%E7%BA%A7%E4%BB%A5%E4%B8%8A%E8%A1%8C%E6%94%BF%E5%8C%BA%E5%88%92%E5%8F%98%E6%9B%B4%E5%88%97%E8%A1%A8,93182311,wikipedia_row_loose_relation,SRC-WIKI-1988,wikipedia,,revisioned_secondary
WIKI-COUNTY-1988-09-002,1988,其他县级行政区划调整 / 县级行政区划驻地迁移,residence_change,佛山市,CNUR-000201,南海县,南海县,,将南海县驻地由佛山市迁至桂城镇,县,county_level,南海县 | 440622 | 广东省佛山市 | 国务院批准；民政部6月2日批复同意；民〔1988〕行批9号 | 将南海县驻地由佛山市迁至桂城镇,1988年中华人民共和国县级以上行政区划变更列表,https://zh.wikipedia.org/wiki/1988%E5%B9%B4%E4%B8%AD%E5%8D%8E%E4%BA%BA%E6%B0%91%E5%85%B1%E5%92%8C%E5%9B%BD%E5%8E%BF%E7%BA%A7%E4%BB%A5%E4%B8%8A%E8%A1%8C%E6%94%BF%E5%8C%BA%E5%88%92%E5%8F%98%E6%9B%B4%E5%88%97%E8%A1%A8,93182311,wikipedia_row_loose_relation,SRC-WIKI-1988,wikipedia,,revisioned_secondary
WIKI-COUNTY-1988-09-003,1988,其他县级行政区划调整 / 县级行政区划驻地迁移,residence_change,拉萨市,CNUR-000282,林周县,林周县,,将林周县驻地由旁多村迁至甘丹曲果,县,county_level,林周县 | 540121 | 西藏自治区拉萨市 | 不详 | 将林周县驻地由旁多村迁至甘丹曲果,1988年中华人民共和国县级以上行政区划变更列表,https://zh.wikipedia.org/wiki/1988%E5%B9%B4%E4%B8%AD%E5%8D%8E%E4%BA%BA%E6%B0%91%E5%85%B1%E5%92%8C%E5%9B%BD%E5%8E%BF%E7%BA%A7%E4%BB%A5%E4%B8%8A%E8%A1%8C%E6%94%BF%E5%8C%BA%E5%88%92%E5%8F%98%E6%9B%B4%E5%88%97%E8%A1%A8,93182311,wikipedia_row_loose_relation,SRC-WIKI-1988,wikipedia,,revisioned_secondary
WIKI-COUNTY-1988-10-002,1988,其他县级行政区划调整 / 县级行政区划间辖区调整,jurisdiction_transfer,零陵地区,CNUR-000192,江永县、江华瑶族自治县,江永县,,将江永县的大干乡、界牌瑶族乡、桥头铺镇划归江华瑶族自治县,自治县、县,county_level,江永县 | 432925 | 湖南省零陵地区 | 国务院批准；民政部12月27日批复同意；民批〔1988〕53号 | 将江永县的大干乡、界牌瑶族乡、桥头铺镇划归江华瑶族自治县,1988年中华人民共和国县级以上行政区划变更列表,https://zh.wikipedia.org/wiki/1988%E5%B9%B4%E4%B8%AD%E5%8D%8E%E4%BA%BA%E6%B0%91%E5%85%B1%E5%92%8C%E5%9B%BD%E5%8E%BF%E7%BA%A7%E4%BB%A5%E4%B8%8A%E8%A1%8C%E6%94%BF%E5%8C%BA%E5%88%92%E5%8F%98%E6%9B%B4%E5%88%97%E8%A1%A8,93182311,wikipedia_row_loose_relation,SRC-WIKI-1988,wikipedia,,revisioned_secondary
WIKI-COUNTY-1988-10-003,1988,其他县级行政区划调整 / 县级行政区划间辖区调整,jurisdiction_transfer,零陵地区,CNUR-000192,江华瑶族自治县,江华瑶族自治县,,湖南省零陵地区 | 国务院批准；民政部12月27日批复同意；民批〔1988〕53号 | 将江永县的大干乡、界牌瑶族乡、桥头铺镇划归江华瑶族自治县 | 江华瑶族自治县 | 432926,自治县、县,county_level,湖南省零陵地区 | 国务院批准；民政部12月27日批复同意；民批〔1988〕53号 | 将江永县的大干乡、界牌瑶族乡、桥头铺镇划归江华瑶族自治县 | 江华瑶族自治县 | 432926,1988年中华人民共和国县级以上行政区划变更列表,https://zh.wikipedia.org/wiki/1988%E5%B9%B4%E4%B8%AD%E5%8D%8E%E4%BA%BA%E6%B0%91%E5%85%B1%E5%92%8C%E5%9B%BD%E5%8E%BF%E7%BA%A7%E4%BB%A5%E4%B8%8A%E8%A1%8C%E6%94%BF%E5%8C%BA%E5%88%92%E5%8F%98%E6%9B%B4%E5%88%97%E8%A1%A8,93182311,wikipedia_row_loose_relation,SRC-WIKI-1988,wikipedia,,revisioned_secondary
WIKI-COUNTY-1992-05-002,1992,其他县级行政区划变更列表 / 市辖区的新设、调整,rename,吉林市,CNUR-000052,昌邑区、船营区,昌邑区,船营区,将吉林市郊区更名为吉林市丰满区；调整丰满区与昌邑区、船营区、龙潭区、永吉县行政区域,市辖区、县,county_level,昌邑区管辖 | 吉林省吉林市 | 将吉林市郊区更名为吉林市丰满区；调整丰满区与昌邑区、船营区、龙潭区、永吉县行政区域 | 吉林省吉林市 | 船营区管辖 | 国务院批准；民政部2月10日批复同意；民行批〔1992〕14号,1992年中华人民共和国县级以上行政区划变更列表,https://zh.wikipedia.org/wiki/1992%E5%B9%B4%E4%B8%AD%E5%8D%8E%E4%BA%BA%E6%B0%91%E5%85%B1%E5%92%8C%E5%9B%BD%E5%8E%BF%E7%BA%A7%E4%BB%A5%E4%B8%8A%E8%A1%8C%E6%94%BF%E5%8C%BA%E5%88%92%E5%8F%98%E6%9B%B4%E5%88%97%E8%A1%A8,88403920,wikipedia_row_loose_relation,SRC-WIKI-1992,wikipedia,,revisioned_secondary
WIKI-COUNTY-1992-05-003,1992,其他县级行政区划变更列表 / 市辖区的新设、调整,rename,吉林市,CNUR-000052,郊区,郊区,,吉林省吉林市 | 将吉林市郊区更名为吉林市丰满区；调整丰满区与昌邑区、船营区、龙潭区、永吉县行政区域 | 吉林省吉林市 | 船营区管辖 | 国务院批准；民政部2月10日批复同意；民行批〔1992〕14号 | 郊区 | 220211,市辖区、县,county_level,吉林省吉林市 | 将吉林市郊区更名为吉林市丰满区；调整丰满区与昌邑区、船营区、龙潭区、永吉县行政区域 | 吉林省吉林市 | 船营区管辖 | 国务院批准；民政部2月10日批复同意；民行批〔1992〕14号 | 郊区 | 220211,1992年中华人民共和国县级以上行政区划变更列表,https://zh.wikipedia.org/wiki/1992%E5%B9%B4%E4%B8%AD%E5%8D%8E%E4%BA%BA%E6%B0%91%E5%85%B1%E5%92%8C%E5%9B%BD%E5%8E%BF%E7%BA%A7%E4%BB%A5%E4%B8%8A%E8%A1%8C%E6%94%BF%E5%8C%BA%E5%88%92%E5%8F%98%E6%9B%B4%E5%88%97%E8%A1%A8,88403920,wikipedia_row_loose_relation,SRC-WIKI-1992,wikipedia,,revisioned_secondary
WIKI-COUNTY-1992-05-004,1992,其他县级行政区划变更列表 / 市辖区的新设、调整,rename,吉林市,CNUR-000052,昌邑区、龙潭区,,,昌邑区、龙潭区管辖,市辖区、县,county_level,吉林省吉林市 | 将吉林市郊区更名为吉林市丰满区；调整丰满区与昌邑区、船营区、龙潭区、永吉县行政区域 | 吉林省吉林市 | 船营区管辖 | 国务院批准；民政部2月10日批复同意；民行批〔1992〕14号 | 郊区 | 220211 | 昌邑区、龙潭区管辖,1992年中华人民共和国县级以上行政区划变更列表,https://zh.wikipedia.org/wiki/1992%E5%B9%B4%E4%B8%AD%E5%8D%8E%E4%BA%BA%E6%B0%91%E5%85%B1%E5%92%8C%E5%9B%BD%E5%8E%BF%E7%BA%A7%E4%BB%A5%E4%B8%8A%E8%A1%8C%E6%94%BF%E5%8C%BA%E5%88%92%E5%8F%98%E6%9B%B4%E5%88%97%E8%A1%A8,88403920,wikipedia_row_loose_relation,SRC-WIKI-1992,wikipedia,,revisioned_secondary
WIKI-COUNTY-1992-05-005,1992,其他县级行政区划变更列表 / 市辖区的新设、调整,rename,吉林市,CNUR-000052,丰满区,丰满区,,吉林省吉林市 | 将吉林市郊区更名为吉林市丰满区；调整丰满区与昌邑区、船营区、龙潭区、永吉县行政区域 | 吉林省吉林市 | 国务院批准；民政部2月10日批复同意；民行批〔1992〕14号 | 郊区 | 220211 | 丰满区 | 220211,市辖区、县,county_level,吉林省吉林市 | 将吉林市郊区更名为吉林市丰满区；调整丰满区与昌邑区、船营区、龙潭区、永吉县行政区域 | 吉林省吉林市 | 国务院批准；民政部2月10日批复同意；民行批〔1992〕14号 | 郊区 | 220211 | 丰满区 | 220211,1992年中华人民共和国县级以上行政区划变更列表,https://zh.wikipedia.org/wiki/1992%E5%B9%B4%E4%B8%AD%E5%8D%8E%E4%BA%BA%E6%B0%91%E5%85%B1%E5%92%8C%E5%9B%BD%E5%8E%BF%E7%BA%A7%E4%BB%A5%E4%B8%8A%E8%A1%8C%E6%94%BF%E5%8C%BA%E5%88%92%E5%8F%98%E6%9B%B4%E5%88%97%E8%A1%A8,88403920,wikipedia_row_loose_relation,SRC-WIKI-1992,wikipedia,,revisioned_secondary
WIKI-COUNTY-1992-05-006,1992,其他县级行政区划变更列表 / 市辖区的新设、调整,rename,吉林市,CNUR-000052,船营区、永吉县,,,船营区、永吉县管辖,市辖区、县,county_level,吉林省吉林市 | 将吉林市郊区更名为吉林市丰满区；调整丰满区与昌邑区、船营区、龙潭区、永吉县行政区域 | 吉林省吉林市 | 国务院批准；民政部2月10日批复同意；民行批〔1992〕14号 | 郊区 | 220211 | 丰满区 | 220211 | 船营区、永吉县管辖,1992年中华人民共和国县级以上行政区划变更列表,https://zh.wikipedia.org/wiki/1992%E5%B9%B4%E4%B8%AD%E5%8D%8E%E4%BA%BA%E6%B0%91%E5%85%B1%E5%92%8C%E5%9B%BD%E5%8E%BF%E7%BA%A7%E4%BB%A5%E4%B8%8A%E8%A1%8C%E6%94%BF%E5%8C%BA%E5%88%92%E5%8F%98%E6%9B%B4%E5%88%97%E8%A1%A8,88403920,wikipedia_row_loose_relation,SRC-WIKI-1992,wikipedia,,revisioned_secondary
WIKI-COUNTY-1992-05-007,1992,其他县级行政区划变更列表 / 市辖区的新设、调整,rename,温州市、吉林市,CNUR-000089、CNUR-000052,瓯海县、瓯海区,瓯海县,瓯海区,撤销瓯海县，设立温州市瓯海区（县级）；同时撤销县辖的5个区公所,市辖区、县,county_level,吉林省吉林市 | 将吉林市郊区更名为吉林市丰满区；调整丰满区与昌邑区、船营区、龙潭区、永吉县行政区域 | 吉林省吉林市 | 国务院批准；民政部2月10日批复同意；民行批〔1992〕14号 | 丰满区 | 220211 | 瓯海县 | 330321 | 浙江省温州市 | 撤销瓯海县，设立温州市瓯海区（县级）；同时撤销县辖的5个区公所 | 浙江省温州市 | 瓯海区 | 330304 | 国务院批准；民政部3月9日批复同意；民行批〔1992〕24号,1992年中华人民共和国县级以上行政区划变更列表,https://zh.wikipedia.org/wiki/1992%E5%B9%B4%E4%B8%AD%E5%8D%8E%E4%BA%BA%E6%B0%91%E5%85%B1%E5%92%8C%E5%9B%BD%E5%8E%BF%E7%BA%A7%E4%BB%A5%E4%B8%8A%E8%A1%8C%E6%94%BF%E5%8C%BA%E5%88%92%E5%8F%98%E6%9B%B4%E5%88%97%E8%A1%A8,88403920,wikipedia_row_loose_relation,SRC-WIKI-1992,wikipedia,,revisioned_secondary
WIKI-COUNTY-1992-05-008,1992,其他县级行政区划变更列表 / 市辖区的新设、调整,establish,石家庄市,CNUR-000003,井陉县、井陉矿区,,井陉矿区,井陉县管辖,市辖区、县,county_level,井陉县管辖 | 河北省石家庄市 | 恢复石家庄市井陉矿区 | 河北省石家庄市 | 井陉矿区 | 130107 | 国务院批准；民政部5月30日批复同意；民行批〔1992〕57号,1992年中华人民共和国县级以上行政区划变更列表,https://zh.wikipedia.org/wiki/1992%E5%B9%B4%E4%B8%AD%E5%8D%8E%E4%BA%BA%E6%B0%91%E5%85%B1%E5%92%8C%E5%9B%BD%E5%8E%BF%E7%BA%A7%E4%BB%A5%E4%B8%8A%E8%A1%8C%E6%94%BF%E5%8C%BA%E5%88%92%E5%8F%98%E6%9B%B4%E5%88%97%E8%A1%A8,88403920,wikipedia_row_loose_relation,SRC-WIKI-1992,wikipedia,,revisioned_secondary
WIKI-COUNTY-1992-05-009,1992,其他县级行政区划变更列表 / 市辖区的新设、调整,abolish_or_merge,湘潭市,CNUR-000184,雨湖区,雨湖区,雨湖区,撤销湘潭市雨湖区、湘江区、岳塘区、板塘区和郊区的行政建制；以湘江为界，设立雨湖区、岳塘区,市辖区,county_level,雨湖区 | 430302 | 湖南省湘潭市 | 撤销湘潭市雨湖区、湘江区、岳塘区、板塘区和郊区的行政建制；以湘江为界，设立雨湖区、岳塘区 | 湖南省湘潭市 | 雨湖区 | 430302 | 国务院批准；民政部6月25日批复同意；民行批〔1992〕64号,1992年中华人民共和国县级以上行政区划变更列表,https://zh.wikipedia.org/wiki/1992%E5%B9%B4%E4%B8%AD%E5%8D%8E%E4%BA%BA%E6%B0%91%E5%85%B1%E5%92%8C%E5%9B%BD%E5%8E%BF%E7%BA%A7%E4%BB%A5%E4%B8%8A%E8%A1%8C%E6%94%BF%E5%8C%BA%E5%88%92%E5%8F%98%E6%9B%B4%E5%88%97%E8%A1%A8,88403920,wikipedia_row_loose_relation,SRC-WIKI-1992,wikipedia,,revisioned_secondary
WIKI-COUNTY-1992-05-010,1992,其他县级行政区划变更列表 / 市辖区的新设、调整,abolish_or_merge,湘潭市,CNUR-000184,湘江区,湘江区,,湖南省湘潭市 | 撤销湘潭市雨湖区、湘江区、岳塘区、板塘区和郊区的行政建制；以湘江为界，设立雨湖区、岳塘区 | 湖南省湘潭市 | 雨湖区 | 430302 | 国务院批准；民政部6月25日批复同意；民行批〔1992〕64号 | 湘江区 | 430303,市辖区,county_level,湖南省湘潭市 | 撤销湘潭市雨湖区、湘江区、岳塘区、板塘区和郊区的行政建制；以湘江为界，设立雨湖区、岳塘区 | 湖南省湘潭市 | 雨湖区 | 430302 | 国务院批准；民政部6月25日批复同意；民行批〔1992〕64号 | 湘江区 | 430303,1992年中华人民共和国县级以上行政区划变更列表,https://zh.wikipedia.org/wiki/1992%E5%B9%B4%E4%B8%AD%E5%8D%8E%E4%BA%BA%E6%B0%91%E5%85%B1%E5%92%8C%E5%9B%BD%E5%8E%BF%E7%BA%A7%E4%BB%A5%E4%B8%8A%E8%A1%8C%E6%94%BF%E5%8C%BA%E5%88%92%E5%8F%98%E6%9B%B4%E5%88%97%E8%A1%A8,88403920,wikipedia_row_loose_relation,SRC-WIKI-1992,wikipedia,,revisioned_secondary
WIKI-COUNTY-1992-05-011,1992,其他县级行政区划变更列表 / 市辖区的新设、调整,abolish_or_merge,湘潭市,CNUR-000184,郊区,郊区,,湖南省湘潭市 | 撤销湘潭市雨湖区、湘江区、岳塘区、板塘区和郊区的行政建制；以湘江为界，设立雨湖区、岳塘区 | 湖南省湘潭市 | 雨湖区 | 430302 | 国务院批准；民政部6月25日批复同意；民行批〔1992〕64号 | 郊区 | 430311,市辖区,county_level,湖南省湘潭市 | 撤销湘潭市雨湖区、湘江区、岳塘区、板塘区和郊区的行政建制；以湘江为界，设立雨湖区、岳塘区 | 湖南省湘潭市 | 雨湖区 | 430302 | 国务院批准；民政部6月25日批复同意；民行批〔1992〕64号 | 郊区 | 430311,1992年中华人民共和国县级以上行政区划变更列表,https://zh.wikipedia.org/wiki/1992%E5%B9%B4%E4%B8%AD%E5%8D%8E%E4%BA%BA%E6%B0%91%E5%85%B1%E5%92%8C%E5%9B%BD%E5%8E%BF%E7%BA%A7%E4%BB%A5%E4%B8%8A%E8%A1%8C%E6%94%BF%E5%8C%BA%E5%88%92%E5%8F%98%E6%9B%B4%E5%88%97%E8%A1%A8,88403920,wikipedia_row_loose_relation,SRC-WIKI-1992,wikipedia,,revisioned_secondary
WIKI-COUNTY-1992-05-012,1992,其他县级行政区划变更列表 / 市辖区的新设、调整,abolish_or_merge,湘潭市,CNUR-000184,岳塘区,岳塘区,,湖南省湘潭市 | 撤销湘潭市雨湖区、湘江区、岳塘区、板塘区和郊区的行政建制；以湘江为界，设立雨湖区、岳塘区 | 湖南省湘潭市 | 雨湖区 | 430302 | 国务院批准；民政部6月25日批复同意；民行批〔1992〕64号 | 郊区 | 430311 | 岳塘区 | 430304,市辖区,county_level,湖南省湘潭市 | 撤销湘潭市雨湖区、湘江区、岳塘区、板塘区和郊区的行政建制；以湘江为界，设立雨湖区、岳塘区 | 湖南省湘潭市 | 雨湖区 | 430302 | 国务院批准；民政部6月25日批复同意；民行批〔1992〕64号 | 郊区 | 430311 | 岳塘区 | 430304,1992年中华人民共和国县级以上行政区划变更列表,https://zh.wikipedia.org/wiki/1992%E5%B9%B4%E4%B8%AD%E5%8D%8E%E4%BA%BA%E6%B0%91%E5%85%B1%E5%92%8C%E5%9B%BD%E5%8E%BF%E7%BA%A7%E4%BB%A5%E4%B8%8A%E8%A1%8C%E6%94%BF%E5%8C%BA%E5%88%92%E5%8F%98%E6%9B%B4%E5%88%97%E8%A1%A8,88403920,wikipedia_row_loose_relation,SRC-WIKI-1992,wikipedia,,revisioned_secondary
WIKI-COUNTY-1992-05-013,1992,其他县级行政区划变更列表 / 市辖区的新设、调整,abolish_or_merge,湘潭市,CNUR-000184,岳塘区,岳塘区,,湖南省湘潭市 | 撤销湘潭市雨湖区、湘江区、岳塘区、板塘区和郊区的行政建制；以湘江为界，设立雨湖区、岳塘区 | 湖南省湘潭市 | 国务院批准；民政部6月25日批复同意；民行批〔1992〕64号 | 郊区 | 430311 | 岳塘区 | 430304 | 岳塘区 | 430304,市辖区,county_level,湖南省湘潭市 | 撤销湘潭市雨湖区、湘江区、岳塘区、板塘区和郊区的行政建制；以湘江为界，设立雨湖区、岳塘区 | 湖南省湘潭市 | 国务院批准；民政部6月25日批复同意；民行批〔1992〕64号 | 郊区 | 430311 | 岳塘区 | 430304 | 岳塘区 | 430304,1992年中华人民共和国县级以上行政区划变更列表,https://zh.wikipedia.org/wiki/1992%E5%B9%B4%E4%B8%AD%E5%8D%8E%E4%BA%BA%E6%B0%91%E5%85%B1%E5%92%8C%E5%9B%BD%E5%8E%BF%E7%BA%A7%E4%BB%A5%E4%B8%8A%E8%A1%8C%E6%94%BF%E5%8C%BA%E5%88%92%E5%8F%98%E6%9B%B4%E5%88%97%E8%A1%A8,88403920,wikipedia_row_loose_relation,SRC-WIKI-1992,wikipedia,,revisioned_secondary
WIKI-COUNTY-1992-05-014,1992,其他县级行政区划变更列表 / 市辖区的新设、调整,abolish_or_merge,湘潭市,CNUR-000184,板塘区,板塘区,,湖南省湘潭市 | 撤销湘潭市雨湖区、湘江区、岳塘区、板塘区和郊区的行政建制；以湘江为界，设立雨湖区、岳塘区 | 湖南省湘潭市 | 国务院批准；民政部6月25日批复同意；民行批〔1992〕64号 | 岳塘区 | 430304 | 板塘区 | 430305,市辖区,county_level,湖南省湘潭市 | 撤销湘潭市雨湖区、湘江区、岳塘区、板塘区和郊区的行政建制；以湘江为界，设立雨湖区、岳塘区 | 湖南省湘潭市 | 国务院批准；民政部6月25日批复同意；民行批〔1992〕64号 | 岳塘区 | 430304 | 板塘区 | 430305,1992年中华人民共和国县级以上行政区划变更列表,https://zh.wikipedia.org/wiki/1992%E5%B9%B4%E4%B8%AD%E5%8D%8E%E4%BA%BA%E6%B0%91%E5%85%B1%E5%92%8C%E5%9B%BD%E5%8E%BF%E7%BA%A7%E4%BB%A5%E4%B8%8A%E8%A1%8C%E6%94%BF%E5%8C%BA%E5%88%92%E5%8F%98%E6%9B%B4%E5%88%97%E8%A1%A8,88403920,wikipedia_row_loose_relation,SRC-WIKI-1992,wikipedia,,revisioned_secondary
WIKI-COUNTY-1992-05-015,1992,其他县级行政区划变更列表 / 市辖区的新设、调整,abolish_or_merge,武汉市、湘潭市,CNUR-000169、CNUR-000184,汉阳县、蔡甸区,汉阳县,蔡甸区,撤销汉阳县，设立武汉市蔡甸区；以原汉阳县的行政区域为蔡甸区的行政区域,市辖区、县,county_level,湖南省湘潭市 | 撤销湘潭市雨湖区、湘江区、岳塘区、板塘区和郊区的行政建制；以湘江为界，设立雨湖区、岳塘区 | 湖南省湘潭市 | 国务院批准；民政部6月25日批复同意；民行批〔1992〕64号 | 岳塘区 | 430304 | 汉阳县 | 420121 | 湖北省武汉市 | 撤销汉阳县，设立武汉市蔡甸区；以原汉阳县的行政区域为蔡甸区的行政区域 | 湖北省武汉市 | 蔡甸区 | 420114 | 国务院批准；民政部9月12日批复同意；民行批〔1992〕101号,1992年中华人民共和国县级以上行政区划变更列表,https://zh.wikipedia.org/wiki/1992%E5%B9%B4%E4%B8%AD%E5%8D%8E%E4%BA%BA%E6%B0%91%E5%85%B1%E5%92%8C%E5%9B%BD%E5%8E%BF%E7%BA%A7%E4%BB%A5%E4%B8%8A%E8%A1%8C%E6%94%BF%E5%8C%BA%E5%88%92%E5%8F%98%E6%9B%B4%E5%88%97%E8%A1%A8,88403920,wikipedia_row_loose_relation,SRC-WIKI-1992,wikipedia,,revisioned_secondary
WIKI-COUNTY-1992-05-016,1992,其他县级行政区划变更列表 / 市辖区的新设、调整,abolish_or_merge,上海市,CNUR-000073,上海县、闵行区,上海县,闵行区,撤销上海县和闵行区，设立新的闵行区；以原上海县和闵行区的行政区域为新的闵行区的行政区域,市辖区、县,county_level,上海县 | 310221 | 上海市 | 撤销上海县和闵行区，设立新的闵行区；以原上海县和闵行区的行政区域为新的闵行区的行政区域 | 上海市 | 闵行区 | 310112 | 国务院9月26日批复同意；国函〔1992〕130号,1992年中华人民共和国县级以上行政区划变更列表,https://zh.wikipedia.org/wiki/1992%E5%B9%B4%E4%B8%AD%E5%8D%8E%E4%BA%BA%E6%B0%91%E5%85%B1%E5%92%8C%E5%9B%BD%E5%8E%BF%E7%BA%A7%E4%BB%A5%E4%B8%8A%E8%A1%8C%E6%94%BF%E5%8C%BA%E5%88%92%E5%8F%98%E6%9B%B4%E5%88%97%E8%A1%A8,88403920,wikipedia_row_loose_relation,SRC-WIKI-1992,wikipedia,,revisioned_secondary
WIKI-COUNTY-1992-05-017,1992,其他县级行政区划变更列表 / 市辖区的新设、调整,abolish_or_merge,上海市,CNUR-000073,闵行区,闵行区,,上海市 | 撤销上海县和闵行区，设立新的闵行区；以原上海县和闵行区的行政区域为新的闵行区的行政区域 | 上海市 | 闵行区 | 310112 | 国务院9月26日批复同意；国函〔1992〕130号 | 闵行区 | 310112,市辖区、县,county_level,上海市 | 撤销上海县和闵行区，设立新的闵行区；以原上海县和闵行区的行政区域为新的闵行区的行政区域 | 上海市 | 闵行区 | 310112 | 国务院9月26日批复同意；国函〔1992〕130号 | 闵行区 | 310112,1992年中华人民共和国县级以上行政区划变更列表,https://zh.wikipedia.org/wiki/1992%E5%B9%B4%E4%B8%AD%E5%8D%8E%E4%BA%BA%E6%B0%91%E5%85%B1%E5%92%8C%E5%9B%BD%E5%8E%BF%E7%BA%A7%E4%BB%A5%E4%B8%8A%E8%A1%8C%E6%94%BF%E5%8C%BA%E5%88%92%E5%8F%98%E6%9B%B4%E5%88%97%E8%A1%A8,88403920,wikipedia_row_loose_relation,SRC-WIKI-1992,wikipedia,,revisioned_secondary
WIKI-COUNTY-1992-05-018,1992,其他县级行政区划变更列表 / 市辖区的新设、调整,abolish_or_merge,上海市,CNUR-000073,川沙县、浦东新区,川沙县,浦东新区,设立上海市浦东新区，撤销川沙县；浦东新区的行政区域包括原川沙县，上海县的三林乡，黄浦区、南市区、杨浦区的浦东部分,市辖区、县,county_level,上海市 | 撤销上海县和闵行区，设立新的闵行区；以原上海县和闵行区的行政区域为新的闵行区的行政区域 | 上海市 | 闵行区 | 310112 | 国务院9月26日批复同意；国函〔1992〕130号 | 川沙县 | 310224 | 设立上海市浦东新区，撤销川沙县；浦东新区的行政区域包括原川沙县，上海县的三林乡，黄浦区、南市区、杨浦区的浦东部分 | 浦东新区 | 310115 | 国务院10月11日批复同意；国函〔1992〕146号,1992年中华人民共和国县级以上行政区划变更列表,https://zh.wikipedia.org/wiki/1992%E5%B9%B4%E4%B8%AD%E5%8D%8E%E4%BA%BA%E6%B0%91%E5%85%B1%E5%92%8C%E5%9B%BD%E5%8E%BF%E7%BA%A7%E4%BB%A5%E4%B8%8A%E8%A1%8C%E6%94%BF%E5%8C%BA%E5%88%92%E5%8F%98%E6%9B%B4%E5%88%97%E8%A1%A8,88403920,wikipedia_row_loose_relation,SRC-WIKI-1992,wikipedia,,revisioned_secondary
WIKI-COUNTY-1992-05-019,1992,其他县级行政区划变更列表 / 市辖区的新设、调整,abolish_or_merge,上海市,CNUR-000073,上海县、黄浦区、南市区、杨浦区,,,上海县、黄浦区、南市区、杨浦区管辖,市辖区、县,county_level,上海市 | 上海市 | 设立上海市浦东新区，撤销川沙县；浦东新区的行政区域包括原川沙县，上海县的三林乡，黄浦区、南市区、杨浦区的浦东部分 | 浦东新区 | 310115 | 国务院10月11日批复同意；国函〔1992〕146号 | 上海县、黄浦区、南市区、杨浦区管辖,1992年中华人民共和国县级以上行政区划变更列表,https://zh.wikipedia.org/wiki/1992%E5%B9%B4%E4%B8%AD%E5%8D%8E%E4%BA%BA%E6%B0%91%E5%85%B1%E5%92%8C%E5%9B%BD%E5%8E%BF%E7%BA%A7%E4%BB%A5%E4%B8%8A%E8%A1%8C%E6%94%BF%E5%8C%BA%E5%88%92%E5%8F%98%E6%9B%B4%E5%88%97%E8%A1%A8,88403920,wikipedia_row_loose_relation,SRC-WIKI-1992,wikipedia,,revisioned_secondary
WIKI-COUNTY-1992-05-020,1992,其他县级行政区划变更列表 / 市辖区的新设、调整,abolish_or_merge,上海市,CNUR-000073,嘉定县、嘉定区,嘉定县,嘉定区,撤销嘉定县，设立嘉定区；以原嘉定县的行政区域为嘉定区的行政区域,市辖区、县,county_level,上海市 | 上海市 | 设立上海市浦东新区，撤销川沙县；浦东新区的行政区域包括原川沙县，上海县的三林乡，黄浦区、南市区、杨浦区的浦东部分 | 浦东新区 | 310115 | 国务院10月11日批复同意；国函〔1992〕146号 | 嘉定县 | 310222 | 撤销嘉定县，设立嘉定区；以原嘉定县的行政区域为嘉定区的行政区域 | 嘉定区 | 310114 | 国务院10月11日批复同意；国函〔1992〕147号,1992年中华人民共和国县级以上行政区划变更列表,https://zh.wikipedia.org/wiki/1992%E5%B9%B4%E4%B8%AD%E5%8D%8E%E4%BA%BA%E6%B0%91%E5%85%B1%E5%92%8C%E5%9B%BD%E5%8E%BF%E7%BA%A7%E4%BB%A5%E4%B8%8A%E8%A1%8C%E6%94%BF%E5%8C%BA%E5%88%92%E5%8F%98%E6%9B%B4%E5%88%97%E8%A1%A8,88403920,wikipedia_row_loose_relation,SRC-WIKI-1992,wikipedia,,revisioned_secondary
WIKI-COUNTY-1992-05-021,1992,其他县级行政区划变更列表 / 市辖区的新设、调整,abolish_or_merge,上海市、绵阳市,CNUR-000073、CNUR-000241,市中区、涪城区,市中区,涪城区,撤销绵阳市市中区，设立绵阳市涪城区、游仙区,市辖区,county_level,上海市 | 上海市 | 市中区 | 510702 | 四川省绵阳市 | 撤销绵阳市市中区，设立绵阳市涪城区、游仙区 | 四川省绵阳市 | 涪城区 | 510703 | 国务院批准；民政部10月30日批复同意；民行批〔1992〕127号,1992年中华人民共和国县级以上行政区划变更列表,https://zh.wikipedia.org/wiki/1992%E5%B9%B4%E4%B8%AD%E5%8D%8E%E4%BA%BA%E6%B0%91%E5%85%B1%E5%92%8C%E5%9B%BD%E5%8E%BF%E7%BA%A7%E4%BB%A5%E4%B8%8A%E8%A1%8C%E6%94%BF%E5%8C%BA%E5%88%92%E5%8F%98%E6%9B%B4%E5%88%97%E8%A1%A8,88403920,wikipedia_row_loose_relation,SRC-WIKI-1992,wikipedia,,revisioned_secondary
WIKI-COUNTY-1992-05-022,1992,其他县级行政区划变更列表 / 市辖区的新设、调整,abolish_or_merge,绵阳市,CNUR-000241,游仙区,游仙区,,市中区 | 510702 | 四川省绵阳市 | 撤销绵阳市市中区，设立绵阳市涪城区、游仙区 | 四川省绵阳市 | 国务院批准；民政部10月30日批复同意；民行批〔1992〕127号 | 游仙区 | 510703,市辖区,county_level,市中区 | 510702 | 四川省绵阳市 | 撤销绵阳市市中区，设立绵阳市涪城区、游仙区 | 四川省绵阳市 | 国务院批准；民政部10月30日批复同意；民行批〔1992〕127号 | 游仙区 | 510703,1992年中华人民共和国县级以上行政区划变更列表,https://zh.wikipedia.org/wiki/1992%E5%B9%B4%E4%B8%AD%E5%8D%8E%E4%BA%BA%E6%B0%91%E5%85%B1%E5%92%8C%E5%9B%BD%E5%8E%BF%E7%BA%A7%E4%BB%A5%E4%B8%8A%E8%A1%8C%E6%94%BF%E5%8C%BA%E5%88%92%E5%8F%98%E6%9B%B4%E5%88%97%E8%A1%A8,88403920,wikipedia_row_loose_relation,SRC-WIKI-1992,wikipedia,,revisioned_secondary
WIKI-COUNTY-1992-05-023,1992,其他县级行政区划变更列表 / 市辖区的新设、调整,abolish_or_merge,深圳市、绵阳市,CNUR-000198、CNUR-000241,宝安县、宝安区,宝安县,宝安区,撤销宝安县，设立深圳市宝安区、龙岗区,市辖区、县,county_level,市中区 | 510702 | 四川省绵阳市 | 撤销绵阳市市中区，设立绵阳市涪城区、游仙区 | 四川省绵阳市 | 国务院批准；民政部10月30日批复同意；民行批〔1992〕127号 | 宝安县 | 440321 | 广东省深圳市 | 撤销宝安县，设立深圳市宝安区、龙岗区 | 广东省深圳市 | 宝安区 | 440306 | 国务院8月11日批复同意；国函〔1992〕100号<hr>后经国务院批准；民政部11月11日批复同意；民行批〔1992〕140号,1992年中华人民共和国县级以上行政区划变更列表,https://zh.wikipedia.org/wiki/1992%E5%B9%B4%E4%B8%AD%E5%8D%8E%E4%BA%BA%E6%B0%91%E5%85%B1%E5%92%8C%E5%9B%BD%E5%8E%BF%E7%BA%A7%E4%BB%A5%E4%B8%8A%E8%A1%8C%E6%94%BF%E5%8C%BA%E5%88%92%E5%8F%98%E6%9B%B4%E5%88%97%E8%A1%A8,88403920,wikipedia_row_loose_relation,SRC-WIKI-1992,wikipedia,,revisioned_secondary
WIKI-COUNTY-1992-05-024,1992,其他县级行政区划变更列表 / 市辖区的新设、调整,abolish_or_merge,深圳市,CNUR-000198,龙岗区,龙岗区,,宝安县 | 440321 | 广东省深圳市 | 撤销宝安县，设立深圳市宝安区、龙岗区 | 广东省深圳市 | 国务院8月11日批复同意；国函〔1992〕100号<hr>后经国务院批准；民政部11月11日批复同意；民行批〔1992〕140号 | 龙岗区 | 440306,市辖区、县,county_level,宝安县 | 440321 | 广东省深圳市 | 撤销宝安县，设立深圳市宝安区、龙岗区 | 广东省深圳市 | 国务院8月11日批复同意；国函〔1992〕100号<hr>后经国务院批准；民政部11月11日批复同意；民行批〔1992〕140号 | 龙岗区 | 440306,1992年中华人民共和国县级以上行政区划变更列表,https://zh.wikipedia.org/wiki/1992%E5%B9%B4%E4%B8%AD%E5%8D%8E%E4%BA%BA%E6%B0%91%E5%85%B1%E5%92%8C%E5%9B%BD%E5%8E%BF%E7%BA%A7%E4%BB%A5%E4%B8%8A%E8%A1%8C%E6%94%BF%E5%8C%BA%E5%88%92%E5%8F%98%E6%9B%B4%E5%88%97%E8%A1%A8,88403920,wikipedia_row_loose_relation,SRC-WIKI-1992,wikipedia,,revisioned_secondary
WIKI-COUNTY-1992-05-025,1992,其他县级行政区划变更列表 / 市辖区的新设、调整,abolish_or_merge,深圳市、日照市,CNUR-000198、CNUR-000145,东港区,,东港区,日照市直接管辖,市辖区、县,county_level,宝安县 | 440321 | 广东省深圳市 | 撤销宝安县，设立深圳市宝安区、龙岗区 | 广东省深圳市 | 国务院8月11日批复同意；国函〔1992〕100号<hr>后经国务院批准；民政部11月11日批复同意；民行批〔1992〕140号 | 日照市直接管辖 | 山东省日照市 | 设立日照市东港区；以日照市的行政区域为东港区的行政区域 | 山东省日照市 | 东港区 | 371102 | 国务院批准；民政部12月7日批复同意；民行批〔1992〕158号,1992年中华人民共和国县级以上行政区划变更列表,https://zh.wikipedia.org/wiki/1992%E5%B9%B4%E4%B8%AD%E5%8D%8E%E4%BA%BA%E6%B0%91%E5%85%B1%E5%92%8C%E5%9B%BD%E5%8E%BF%E7%BA%A7%E4%BB%A5%E4%B8%8A%E8%A1%8C%E6%94%BF%E5%8C%BA%E5%88%92%E5%8F%98%E6%9B%B4%E5%88%97%E8%A1%A8,88403920,wikipedia_row_loose_relation,SRC-WIKI-1992,wikipedia,,revisioned_secondary
WIKI-COUNTY-1992-06-002,1992,其他县级行政区划变更列表 / 撤销市辖区，设立县,abolish_or_merge,清远市,CNUR-000211,清郊区、清新县,清郊区,清新县,撤销清远市清郊区，设立清新县，其行政区域不变,市辖区、县,county_level,清郊区 | 441811 | 广东省清远市 | 撤销清远市清郊区，设立清新县，其行政区域不变 | 广东省清远市 | 清新县 | 441827 | 国务院批准；民政部5月18日批复同意；民行批〔1992〕47号,1992年中华人民共和国县级以上行政区划变更列表,https://zh.wikipedia.org/wiki/1992%E5%B9%B4%E4%B8%AD%E5%8D%8E%E4%BA%BA%E6%B0%91%E5%85%B1%E5%92%8C%E5%9B%BD%E5%8E%BF%E7%BA%A7%E4%BB%A5%E4%B8%8A%E8%A1%8C%E6%94%BF%E5%8C%BA%E5%88%92%E5%8F%98%E6%9B%B4%E5%88%97%E8%A1%A8,88403920,wikipedia_row_loose_relation,SRC-WIKI-1992,wikipedia,,revisioned_secondary
WIKI-COUNTY-1992-06-003,1992,其他县级行政区划变更列表 / 撤销市辖区，设立县,abolish_or_merge,浑江市,CNUR-000056,临江区、临江县,临江区,临江县,撤销浑江市临江区，设立临江县,市辖区、县,county_level,临江区 | 220604 | 吉林省浑江市 | 撤销浑江市临江区，设立临江县 | 吉林省浑江市 | 临江县 | 220624 | 国务院批准；民政部9月1日批复同意；民行批〔1992〕95号,1992年中华人民共和国县级以上行政区划变更列表,https://zh.wikipedia.org/wiki/1992%E5%B9%B4%E4%B8%AD%E5%8D%8E%E4%BA%BA%E6%B0%91%E5%85%B1%E5%92%8C%E5%9B%BD%E5%8E%BF%E7%BA%A7%E4%BB%A5%E4%B8%8A%E8%A1%8C%E6%94%BF%E5%8C%BA%E5%88%92%E5%8F%98%E6%9B%B4%E5%88%97%E8%A1%A8,88403920,wikipedia_row_loose_relation,SRC-WIKI-1992,wikipedia,,revisioned_secondary
WIKI-COUNTY-1992-07-002,1992,其他县级行政区划变更列表 / 县与县级市合并,merge,阜阳地区、阜阳市,CNUR-000108,,阜阳市,阜阳市,撤销阜阳市、阜阳县，重新组建阜阳市（县级）；以原阜阳市和阜阳县的行政区域为新的阜阳市的行政区域,县,county_level,阜阳市 | 342101 | 安徽省阜阳地区 | 撤销阜阳市、阜阳县，重新组建阜阳市（县级）；以原阜阳市和阜阳县的行政区域为新的阜阳市的行政区域 | 安徽省阜阳地区 | 阜阳市 | 342101 | 国务院批准；民政部11月20日批复同意；民行批〔1992〕152号,1992年中华人民共和国县级以上行政区划变更列表,https://zh.wikipedia.org/wiki/1992%E5%B9%B4%E4%B8%AD%E5%8D%8E%E4%BA%BA%E6%B0%91%E5%85%B1%E5%92%8C%E5%9B%BD%E5%8E%BF%E7%BA%A7%E4%BB%A5%E4%B8%8A%E8%A1%8C%E6%94%BF%E5%8C%BA%E5%88%92%E5%8F%98%E6%9B%B4%E5%88%97%E8%A1%A8,88403920,wikipedia_row_loose_relation,SRC-WIKI-1992,wikipedia,,revisioned_secondary
WIKI-COUNTY-1992-07-003,1992,其他县级行政区划变更列表 / 县与县级市合并,merge,阜阳地区、阜阳市,CNUR-000108,阜阳县,阜阳县,,安徽省阜阳地区 | 撤销阜阳市、阜阳县，重新组建阜阳市（县级）；以原阜阳市和阜阳县的行政区域为新的阜阳市的行政区域 | 安徽省阜阳地区 | 阜阳市 | 342101 | 国务院批准；民政部11月20日批复同意；民行批〔1992〕152号 | 阜阳县 | 342121,县,county_level,安徽省阜阳地区 | 撤销阜阳市、阜阳县，重新组建阜阳市（县级）；以原阜阳市和阜阳县的行政区域为新的阜阳市的行政区域 | 安徽省阜阳地区 | 阜阳市 | 342101 | 国务院批准；民政部11月20日批复同意；民行批〔1992〕152号 | 阜阳县 | 342121,1992年中华人民共和国县级以上行政区划变更列表,https://zh.wikipedia.org/wiki/1992%E5%B9%B4%E4%B8%AD%E5%8D%8E%E4%BA%BA%E6%B0%91%E5%85%B1%E5%92%8C%E5%9B%BD%E5%8E%BF%E7%BA%A7%E4%BB%A5%E4%B8%8A%E8%A1%8C%E6%94%BF%E5%8C%BA%E5%88%92%E5%8F%98%E6%9B%B4%E5%88%97%E8%A1%A8,88403920,wikipedia_row_loose_relation,SRC-WIKI-1992,wikipedia,,revisioned_secondary
WIKI-COUNTY-1992-07-004,1992,其他县级行政区划变更列表 / 县与县级市合并,merge,六安地区、阜阳地区、六安市、阜阳市,CNUR-000111、CNUR-000108,,六安市,六安市,撤销六安市、六安县，重新组建六安市（县级）；以原六安市和六安县的行政区域为新的六安市的行政区域,县,county_level,安徽省阜阳地区 | 撤销阜阳市、阜阳县，重新组建阜阳市（县级）；以原阜阳市和阜阳县的行政区域为新的阜阳市的行政区域 | 安徽省阜阳地区 | 阜阳市 | 342101 | 国务院批准；民政部11月20日批复同意；民行批〔1992〕152号 | 六安市 | 342401 | 安徽省六安地区 | 撤销六安市、六安县，重新组建六安市（县级）；以原六安市和六安县的行政区域为新的六安市的行政区域 | 安徽省六安地区 | 六安市 | 342401,1992年中华人民共和国县级以上行政区划变更列表,https://zh.wikipedia.org/wiki/1992%E5%B9%B4%E4%B8%AD%E5%8D%8E%E4%BA%BA%E6%B0%91%E5%85%B1%E5%92%8C%E5%9B%BD%E5%8E%BF%E7%BA%A7%E4%BB%A5%E4%B8%8A%E8%A1%8C%E6%94%BF%E5%8C%BA%E5%88%92%E5%8F%98%E6%9B%B4%E5%88%97%E8%A1%A8,88403920,wikipedia_row_loose_relation,SRC-WIKI-1992,wikipedia,,revisioned_secondary
WIKI-COUNTY-1992-07-005,1992,其他县级行政区划变更列表 / 县与县级市合并,merge,六安地区、六安市,CNUR-000111,六安县,六安县,,国务院批准；民政部11月20日批复同意；民行批〔1992〕152号 | 安徽省六安地区 | 撤销六安市、六安县，重新组建六安市（县级）；以原六安市和六安县的行政区域为新的六安市的行政区域 | 安徽省六安地区 | 六安市 | 342401 | 六安县 | 342421,县,county_level,国务院批准；民政部11月20日批复同意；民行批〔1992〕152号 | 安徽省六安地区 | 撤销六安市、六安县，重新组建六安市（县级）；以原六安市和六安县的行政区域为新的六安市的行政区域 | 安徽省六安地区 | 六安市 | 342401 | 六安县 | 342421,1992年中华人民共和国县级以上行政区划变更列表,https://zh.wikipedia.org/wiki/1992%E5%B9%B4%E4%B8%AD%E5%8D%8E%E4%BA%BA%E6%B0%91%E5%85%B1%E5%92%8C%E5%9B%BD%E5%8E%BF%E7%BA%A7%E4%BB%A5%E4%B8%8A%E8%A1%8C%E6%94%BF%E5%8C%BA%E5%88%92%E5%8F%98%E6%9B%B4%E5%88%97%E8%A1%A8,88403920,wikipedia_row_loose_relation,SRC-WIKI-1992,wikipedia,,revisioned_secondary
WIKI-COUNTY-1992-07-006,1992,其他县级行政区划变更列表 / 县与县级市合并,merge,六安地区、宿县地区、宿州市、六安市,CNUR-000111、CNUR-000109,,宿州市,宿州市,撤销宿州市、宿县，重新组建宿州市（县级）；以原宿州市和宿县的行政区域为新的宿州市的行政区域,县,county_level,国务院批准；民政部11月20日批复同意；民行批〔1992〕152号 | 安徽省六安地区 | 撤销六安市、六安县，重新组建六安市（县级）；以原六安市和六安县的行政区域为新的六安市的行政区域 | 安徽省六安地区 | 六安市 | 342401 | 宿州市 | 342201 | 安徽省宿县地区 | 撤销宿州市、宿县，重新组建宿州市（县级）；以原宿州市和宿县的行政区域为新的宿州市的行政区域 | 安徽省宿县地区 | 宿州市 | 342201,1992年中华人民共和国县级以上行政区划变更列表,https://zh.wikipedia.org/wiki/1992%E5%B9%B4%E4%B8%AD%E5%8D%8E%E4%BA%BA%E6%B0%91%E5%85%B1%E5%92%8C%E5%9B%BD%E5%8E%BF%E7%BA%A7%E4%BB%A5%E4%B8%8A%E8%A1%8C%E6%94%BF%E5%8C%BA%E5%88%92%E5%8F%98%E6%9B%B4%E5%88%97%E8%A1%A8,88403920,wikipedia_row_loose_relation,SRC-WIKI-1992,wikipedia,,revisioned_secondary
WIKI-COUNTY-1992-07-007,1992,其他县级行政区划变更列表 / 县与县级市合并,merge,宿县地区、宿州市,CNUR-000109,宿县,宿县,,国务院批准；民政部11月20日批复同意；民行批〔1992〕152号 | 安徽省宿县地区 | 撤销宿州市、宿县，重新组建宿州市（县级）；以原宿州市和宿县的行政区域为新的宿州市的行政区域 | 安徽省宿县地区 | 宿州市 | 342201 | 宿县 | 342223,县,county_level,国务院批准；民政部11月20日批复同意；民行批〔1992〕152号 | 安徽省宿县地区 | 撤销宿州市、宿县，重新组建宿州市（县级）；以原宿州市和宿县的行政区域为新的宿州市的行政区域 | 安徽省宿县地区 | 宿州市 | 342201 | 宿县 | 342223,1992年中华人民共和国县级以上行政区划变更列表,https://zh.wikipedia.org/wiki/1992%E5%B9%B4%E4%B8%AD%E5%8D%8E%E4%BA%BA%E6%B0%91%E5%85%B1%E5%92%8C%E5%9B%BD%E5%8E%BF%E7%BA%A7%E4%BB%A5%E4%B8%8A%E8%A1%8C%E6%94%BF%E5%8C%BA%E5%88%92%E5%8F%98%E6%9B%B4%E5%88%97%E8%A1%A8,88403920,wikipedia_row_loose_relation,SRC-WIKI-1992,wikipedia,,revisioned_secondary
WIKI-COUNTY-1992-08-002,1992,其他县级行政区划变更列表 / 撤销县，设立县级市,abolish_or_merge,吕梁地区,CNUR-000024,孝义县、孝义市,孝义县,孝义市,撤销孝义县，设立孝义市（县级）；以原孝义县的行政区域为孝义市的行政区域,县级市、县,county_level,孝义县 | 142324 | 山西省吕梁地区 | 撤销孝义县，设立孝义市（县级）；以原孝义县的行政区域为孝义市的行政区域 | 山西省吕梁地区 | 孝义市 | 142301 | 国务院批准；民政部2月10日批复同意；民行批〔1992〕12号,1992年中华人民共和国县级以上行政区划变更列表,https://zh.wikipedia.org/wiki/1992%E5%B9%B4%E4%B8%AD%E5%8D%8E%E4%BA%BA%E6%B0%91%E5%85%B1%E5%92%8C%E5%9B%BD%E5%8E%BF%E7%BA%A7%E4%BB%A5%E4%B8%8A%E8%A1%8C%E6%94%BF%E5%8C%BA%E5%88%92%E5%8F%98%E6%9B%B4%E5%88%97%E8%A1%A8,88403920,wikipedia_row_loose_relation,SRC-WIKI-1992,wikipedia,,revisioned_secondary
WIKI-COUNTY-1992-08-003,1992,其他县级行政区划变更列表 / 撤销县，设立县级市,abolish_or_merge,晋中地区,CNUR-000020,介休县、介休市,介休县,介休市,撤销介休县，设立介休市（县级）；以原介休县的行政区域为介休市的行政区域,县级市、县,county_level,介休县 | 142432 | 山西省晋中地区 | 撤销介休县，设立介休市（县级）；以原介休县的行政区域为介休市的行政区域 | 山西省晋中地区 | 介休市 | 142402 | 国务院批准；民政部2月10日批复同意；民行批〔1992〕13号,1992年中华人民共和国县级以上行政区划变更列表,https://zh.wikipedia.org/wiki/1992%E5%B9%B4%E4%B8%AD%E5%8D%8E%E4%BA%BA%E6%B0%91%E5%85%B1%E5%92%8C%E5%9B%BD%E5%8E%BF%E7%BA%A7%E4%BB%A5%E4%B8%8A%E8%A1%8C%E6%94%BF%E5%8C%BA%E5%88%92%E5%8F%98%E6%9B%B4%E5%88%97%E8%A1%A8,88403920,wikipedia_row_loose_relation,SRC-WIKI-1992,wikipedia,,revisioned_secondary
WIKI-COUNTY-1992-08-004,1992,其他县级行政区划变更列表 / 撤销县，设立县级市,abolish_or_merge,唐山市,CNUR-000004,遵化县、遵化市,遵化县,遵化市,撤销遵化县，设立遵化市（县级），由省直辖；以原遵化县的行政区域为遵化市的行政区域,县级市、县,county_level,遵化县 | 130228 | 河北省唐山市 | 撤销遵化县，设立遵化市（县级），由省直辖；以原遵化县的行政区域为遵化市的行政区域 | 河北省直辖；唐山市代管 | 遵化市 | 139003 | 国务院批准；民政部2月17日批复同意；民行批〔1992〕17号,1992年中华人民共和国县级以上行政区划变更列表,https://zh.wikipedia.org/wiki/1992%E5%B9%B4%E4%B8%AD%E5%8D%8E%E4%BA%BA%E6%B0%91%E5%85%B1%E5%92%8C%E5%9B%BD%E5%8E%BF%E7%BA%A7%E4%BB%A5%E4%B8%8A%E8%A1%8C%E6%94%BF%E5%8C%BA%E5%88%92%E5%8F%98%E6%9B%B4%E5%88%97%E8%A1%A8,88403920,wikipedia_row_loose_relation,SRC-WIKI-1992,wikipedia,,revisioned_secondary
WIKI-COUNTY-1992-08-005,1992,其他县级行政区划变更列表 / 撤销县，设立县级市,abolish_or_merge,苏州市,CNUR-000078,吴江县、吴江市,吴江县,吴江市,撤销吴江县，设立吴江市（县级），由省直辖；以原吴江县的行政区域为吴江市的行政区域,县级市、县,county_level,吴江县 | 320525 | 江苏省苏州市 | 撤销吴江县，设立吴江市（县级），由省直辖；以原吴江县的行政区域为吴江市的行政区域 | 江苏省直辖；苏州市代管 | 吴江市 | 329018 | 国务院批准；民政部2月17日批复同意；民行批〔1992〕18号,1992年中华人民共和国县级以上行政区划变更列表,https://zh.wikipedia.org/wiki/1992%E5%B9%B4%E4%B8%AD%E5%8D%8E%E4%BA%BA%E6%B0%91%E5%85%B1%E5%92%8C%E5%9B%BD%E5%8E%BF%E7%BA%A7%E4%BB%A5%E4%B8%8A%E8%A1%8C%E6%94%BF%E5%8C%BA%E5%88%92%E5%8F%98%E6%9B%B4%E5%88%97%E8%A1%A8,88403920,wikipedia_row_loose_relation,SRC-WIKI-1992,wikipedia,,revisioned_secondary
WIKI-COUNTY-1992-08-006,1992,其他县级行政区划变更列表 / 撤销县，设立县级市,abolish_or_merge,泉州市,CNUR-000119,晋江县、晋江市,晋江县,晋江市,撤销晋江县，设立晋江市（县级），由省直辖；以原晋江县的行政区域为晋江市的行政区域,县级市、县,county_level,晋江县 | 350522 | 福建省泉州市 | 撤销晋江县，设立晋江市（县级），由省直辖；以原晋江县的行政区域为晋江市的行政区域 | 福建省直辖；泉州市代管 | 晋江市 | 359004 | 国务院批准；民政部3月16日批复同意；民行批〔1992〕23号,1992年中华人民共和国县级以上行政区划变更列表,https://zh.wikipedia.org/wiki/1992%E5%B9%B4%E4%B8%AD%E5%8D%8E%E4%BA%BA%E6%B0%91%E5%85%B1%E5%92%8C%E5%9B%BD%E5%8E%BF%E7%BA%A7%E4%BB%A5%E4%B8%8A%E8%A1%8C%E6%94%BF%E5%8C%BA%E5%88%92%E5%8F%98%E6%9B%B4%E5%88%97%E8%A1%A8,88403920,wikipedia_row_loose_relation,SRC-WIKI-1992,wikipedia,,revisioned_secondary
WIKI-COUNTY-1992-08-007,1992,其他县级行政区划变更列表 / 撤销县，设立县级市,abolish_or_merge,重庆市,CNUR-000235,永川县、永川市,永川县,永川市,撤销永川县，设立永川市（县级），由省直辖；以原永川县的行政区域为永川市的行政区域,县级市、县,county_level,永川县 | 510229 | 四川省重庆市 | 撤销永川县，设立永川市（县级），由省直辖；以原永川县的行政区域为永川市的行政区域 | 四川省直辖；重庆市代管 | 永川市 | 519005 | 国务院批准；民政部3月9日批复同意；民行批〔1992〕25号,1992年中华人民共和国县级以上行政区划变更列表,https://zh.wikipedia.org/wiki/1992%E5%B9%B4%E4%B8%AD%E5%8D%8E%E4%BA%BA%E6%B0%91%E5%85%B1%E5%92%8C%E5%9B%BD%E5%8E%BF%E7%BA%A7%E4%BB%A5%E4%B8%8A%E8%A1%8C%E6%94%BF%E5%8C%BA%E5%88%92%E5%8F%98%E6%9B%B4%E5%88%97%E8%A1%A8,88403920,wikipedia_row_loose_relation,SRC-WIKI-1992,wikipedia,,revisioned_secondary
WIKI-COUNTY-1992-08-008,1992,其他县级行政区划变更列表 / 撤销县，设立县级市,abolish_or_merge,佛山市,CNUR-000201,顺德县、顺德市,顺德县,顺德市,撤销顺德县，设立顺德市（县级），由省直辖；以原顺德县的行政区域为顺德市的行政区域,县级市、县,county_level,顺德县 | 440623 | 广东省佛山市 | 撤销顺德县，设立顺德市（县级），由省直辖；以原顺德县的行政区域为顺德市的行政区域 | 广东省直辖；佛山市代管 | 顺德市 | 449001 | 国务院批准；民政部3月26日批复同意；民行批〔1992〕32号,1992年中华人民共和国县级以上行政区划变更列表,https://zh.wikipedia.org/wiki/1992%E5%B9%B4%E4%B8%AD%E5%8D%8E%E4%BA%BA%E6%B0%91%E5%85%B1%E5%92%8C%E5%9B%BD%E5%8E%BF%E7%BA%A7%E4%BB%A5%E4%B8%8A%E8%A1%8C%E6%94%BF%E5%8C%BA%E5%88%92%E5%8F%98%E6%9B%B4%E5%88%97%E8%A1%A8,88403920,wikipedia_row_loose_relation,SRC-WIKI-1992,wikipedia,,revisioned_secondary
WIKI-COUNTY-1992-08-009,1992,其他县级行政区划变更列表 / 撤销县，设立县级市,abolish_or_merge,杭州市,CNUR-000087,建德县、建德市,建德县,建德市,撤销建德县，设立建德市（县级），由省直辖；以原建德县的行政区域为建德市的行政区域,县级市、县,county_level,建德县 | 330126 | 浙江省杭州市 | 撤销建德县，设立建德市（县级），由省直辖；以原建德县的行政区域为建德市的行政区域 | 浙江省直辖；杭州市代管 | 建德市 | 339013 | 国务院批准；民政部4月1日批复同意；民行批〔1992〕33号,1992年中华人民共和国县级以上行政区划变更列表,https://zh.wikipedia.org/wiki/1992%E5%B9%B4%E4%B8%AD%E5%8D%8E%E4%BA%BA%E6%B0%91%E5%85%B1%E5%92%8C%E5%9B%BD%E5%8E%BF%E7%BA%A7%E4%BB%A5%E4%B8%8A%E8%A1%8C%E6%94%BF%E5%8C%BA%E5%88%92%E5%8F%98%E6%9B%B4%E5%88%97%E8%A1%A8,88403920,wikipedia_row_loose_relation,SRC-WIKI-1992,wikipedia,,revisioned_secondary
WIKI-COUNTY-1992-08-010,1992,其他县级行政区划变更列表 / 撤销县，设立县级市,abolish_or_merge,江门市,CNUR-000202,台山县、台山市,台山县,台山市,撤销台山县，设立台山市（县级），由省直辖；以原台山县的行政区域为台山市的行政区域,县级市、县,county_level,台山县 | 440722 | 广东省江门市 | 撤销台山县，设立台山市（县级），由省直辖；以原台山县的行政区域为台山市的行政区域 | 广东省直辖；江门市代管 | 台山市 | 449002 | 国务院批准；民政部4月17日批复同意；民行批〔1992〕41号,1992年中华人民共和国县级以上行政区划变更列表,https://zh.wikipedia.org/wiki/1992%E5%B9%B4%E4%B8%AD%E5%8D%8E%E4%BA%BA%E6%B0%91%E5%85%B1%E5%92%8C%E5%9B%BD%E5%8E%BF%E7%BA%A7%E4%BB%A5%E4%B8%8A%E8%A1%8C%E6%94%BF%E5%8C%BA%E5%88%92%E5%8F%98%E6%9B%B4%E5%88%97%E8%A1%A8,88403920,wikipedia_row_loose_relation,SRC-WIKI-1992,wikipedia,,revisioned_secondary
WIKI-COUNTY-1992-08-011,1992,其他县级行政区划变更列表 / 撤销县，设立县级市,abolish_or_merge,荆州地区,CNUR-000358,钟祥县、钟祥市,钟祥县,钟祥市,撤销钟祥县，设立钟祥市（县级）；以原钟祥县的行政区域为钟祥市的行政区域,县级市、县,county_level,钟祥县 | 422431 | 湖北省荆州地区 | 撤销钟祥县，设立钟祥市（县级）；以原钟祥县的行政区域为钟祥市的行政区域 | 湖北省荆州地区 | 钟祥市 | 422406 | 国务院批准；民政部5月20日批复同意；民行批〔1992〕48号,1992年中华人民共和国县级以上行政区划变更列表,https://zh.wikipedia.org/wiki/1992%E5%B9%B4%E4%B8%AD%E5%8D%8E%E4%BA%BA%E6%B0%91%E5%85%B1%E5%92%8C%E5%9B%BD%E5%8E%BF%E7%BA%A7%E4%BB%A5%E4%B8%8A%E8%A1%8C%E6%94%BF%E5%8C%BA%E5%88%92%E5%8F%98%E6%9B%B4%E5%88%97%E8%A1%A8,88403920,wikipedia_row_loose_relation,SRC-WIKI-1992,wikipedia,,revisioned_secondary
WIKI-COUNTY-1992-08-012,1992,其他县级行政区划变更列表 / 撤销县，设立县级市,abolish_or_merge,广州市,CNUR-000196,番禺县、番禺市,番禺县,番禺市,撤销番禺县，设立番禺市（县级），由省直辖；以原番禺县的行政区域为番禺市的行政区域,县级市、县,county_level,番禺县 | 440126 | 广东省广州市 | 撤销番禺县，设立番禺市（县级），由省直辖；以原番禺县的行政区域为番禺市的行政区域 | 广东省直辖；广州市代管 | 番禺市 | 449003 | 国务院批准；民政部5月20日批复同意；民行批〔1992〕49号,1992年中华人民共和国县级以上行政区划变更列表,https://zh.wikipedia.org/wiki/1992%E5%B9%B4%E4%B8%AD%E5%8D%8E%E4%BA%BA%E6%B0%91%E5%85%B1%E5%92%8C%E5%9B%BD%E5%8E%BF%E7%BA%A7%E4%BB%A5%E4%B8%8A%E8%A1%8C%E6%94%BF%E5%8C%BA%E5%88%92%E5%8F%98%E6%9B%B4%E5%88%97%E8%A1%A8,88403920,wikipedia_row_loose_relation,SRC-WIKI-1992,wikipedia,,revisioned_secondary
WIKI-COUNTY-1992-08-013,1992,其他县级行政区划变更列表 / 撤销县，设立县级市,abolish_or_merge,德宏傣族景颇族自治州,CNUR-000279,瑞丽县、瑞丽市,瑞丽县,瑞丽市,撤销瑞丽县，设立瑞丽市（县级）；以原瑞丽县的行政区域为瑞丽市的行政区域,县级市、县,county_level,瑞丽县 | 533125 | 云南省；德宏傣族景颇族自治州 | 撤销瑞丽县，设立瑞丽市（县级）；以原瑞丽县的行政区域为瑞丽市的行政区域 | 云南省；德宏傣族景颇族自治州 | 瑞丽市 | 533102 | 国务院批准；民政部6月26日批复同意；民行批〔1992〕69号,1992年中华人民共和国县级以上行政区划变更列表,https://zh.wikipedia.org/wiki/1992%E5%B9%B4%E4%B8%AD%E5%8D%8E%E4%BA%BA%E6%B0%91%E5%85%B1%E5%92%8C%E5%9B%BD%E5%8E%BF%E7%BA%A7%E4%BB%A5%E4%B8%8A%E8%A1%8C%E6%94%BF%E5%8C%BA%E5%88%92%E5%8F%98%E6%9B%B4%E5%88%97%E8%A1%A8,88403920,wikipedia_row_loose_relation,SRC-WIKI-1992,wikipedia,,revisioned_secondary
WIKI-COUNTY-1992-08-014,1992,其他县级行政区划变更列表 / 撤销县，设立县级市,abolish_or_merge,徐州市,CNUR-000076,邳县、邳州市,邳县,邳州市,撤销邳县，设立邳州市（县级），由省直辖；以原邳县的行政区域为邳州市的行政区域,县级市、县,county_level,邳县 | 320325 | 江苏省徐州市 | 撤销邳县，设立邳州市（县级），由省直辖；以原邳县的行政区域为邳州市的行政区域 | 江苏省直辖；徐州市代管 | 邳州市 | 329019 | 国务院批准；民政部7月7日批复同意；民行批〔1992〕70号,1992年中华人民共和国县级以上行政区划变更列表,https://zh.wikipedia.org/wiki/1992%E5%B9%B4%E4%B8%AD%E5%8D%8E%E4%BA%BA%E6%B0%91%E5%85%B1%E5%92%8C%E5%9B%BD%E5%8E%BF%E7%BA%A7%E4%BB%A5%E4%B8%8A%E8%A1%8C%E6%94%BF%E5%8C%BA%E5%88%92%E5%8F%98%E6%9B%B4%E5%88%97%E8%A1%A8,88403920,wikipedia_row_loose_relation,SRC-WIKI-1992,wikipedia,,revisioned_secondary
WIKI-COUNTY-1992-08-015,1992,其他县级行政区划变更列表 / 撤销县，设立县级市,abolish_or_merge,泰安市,CNUR-000143,肥城县、肥城市,肥城县,肥城市,撤销肥城县，设立肥城市（县级），由省直辖；以原肥城县的行政区域为肥城市的行政区域,县级市、县,county_level,肥城县 | 370922 | 山东省泰安市 | 撤销肥城县，设立肥城市（县级），由省直辖；以原肥城县的行政区域为肥城市的行政区域 | 山东省直辖；泰安市代管 | 肥城市 | 379019 | 国务院批准；民政部8月1日批复同意；民行批〔1992〕83号,1992年中华人民共和国县级以上行政区划变更列表,https://zh.wikipedia.org/wiki/1992%E5%B9%B4%E4%B8%AD%E5%8D%8E%E4%BA%BA%E6%B0%91%E5%85%B1%E5%92%8C%E5%9B%BD%E5%8E%BF%E7%BA%A7%E4%BB%A5%E4%B8%8A%E8%A1%8C%E6%94%BF%E5%8C%BA%E5%88%92%E5%8F%98%E6%9B%B4%E5%88%97%E8%A1%A8,88403920,wikipedia_row_loose_relation,SRC-WIKI-1992,wikipedia,,revisioned_secondary
WIKI-COUNTY-1992-08-016,1992,其他县级行政区划变更列表 / 撤销县，设立县级市,abolish_or_merge,济南市,CNUR-000135,章丘县、章丘市,章丘县,章丘市,撤销章丘县，设立章丘市（县级），由省直辖；以原章丘县的行政区域为章丘市的行政区域,县级市、县,county_level,章丘县 | 370122 | 山东省济南市 | 撤销章丘县，设立章丘市（县级），由省直辖；以原章丘县的行政区域为章丘市的行政区域 | 山东省直辖；济南市代管 | 章丘市 | 379020 | 国务院批准；民政部8月1日批复同意；民行批〔1992〕84号,1992年中华人民共和国县级以上行政区划变更列表,https://zh.wikipedia.org/wiki/1992%E5%B9%B4%E4%B8%AD%E5%8D%8E%E4%BA%BA%E6%B0%91%E5%85%B1%E5%92%8C%E5%9B%BD%E5%8E%BF%E7%BA%A7%E4%BB%A5%E4%B8%8A%E8%A1%8C%E6%94%BF%E5%8C%BA%E5%88%92%E5%8F%98%E6%9B%B4%E5%88%97%E8%A1%A8,88403920,wikipedia_row_loose_relation,SRC-WIKI-1992,wikipedia,,revisioned_secondary
WIKI-COUNTY-1992-08-017,1992,其他县级行政区划变更列表 / 撤销县，设立县级市,abolish_or_merge,济宁市,CNUR-000142,兖州县、兖州市,兖州县,兖州市,撤销兖州县，设立兖州市（县级），由省直辖；以原兖州县的行政区域为兖州市的行政区域,县级市、县,county_level,兖州县 | 370822 | 山东省济宁市 | 撤销兖州县，设立兖州市（县级），由省直辖；以原兖州县的行政区域为兖州市的行政区域 | 山东省直辖；济宁市代管 | 兖州市 | 379021 | 国务院批准；民政部8月1日批复同意；民行批〔1992〕85号,1992年中华人民共和国县级以上行政区划变更列表,https://zh.wikipedia.org/wiki/1992%E5%B9%B4%E4%B8%AD%E5%8D%8E%E4%BA%BA%E6%B0%91%E5%85%B1%E5%92%8C%E5%9B%BD%E5%8E%BF%E7%BA%A7%E4%BB%A5%E4%B8%8A%E8%A1%8C%E6%94%BF%E5%8C%BA%E5%88%92%E5%8F%98%E6%9B%B4%E5%88%97%E8%A1%A8,88403920,wikipedia_row_loose_relation,SRC-WIKI-1992,wikipedia,,revisioned_secondary
WIKI-COUNTY-1992-08-018,1992,其他县级行政区划变更列表 / 撤销县，设立县级市,abolish_or_merge,济宁市,CNUR-000142,兖州县、兖州市,兖州县,兖州市,撤销兖州县，设立兖州市（县级），由省直辖；以原兖州县的行政区域为兖州市的行政区域,县级市、县,county_level,兖州县 | 370822 | 山东省济宁市 | 撤销兖州县，设立兖州市（县级），由省直辖；以原兖州县的行政区域为兖州市的行政区域 | 山东省直辖；济宁市代管 | 兖州市 | 379021 | 国务院批准；民政部8月1日批复同意；民行批〔1992〕85号,1992年中华人民共和国县级以上行政区划变更列表,https://zh.wikipedia.org/wiki/1992%E5%B9%B4%E4%B8%AD%E5%8D%8E%E4%BA%BA%E6%B0%91%E5%85%B1%E5%92%8C%E5%9B%BD%E5%8E%BF%E7%BA%A7%E4%BB%A5%E4%B8%8A%E8%A1%8C%E6%94%BF%E5%8C%BA%E5%88%92%E5%8F%98%E6%9B%B4%E5%88%97%E8%A1%A8,88403920,wikipedia_row_loose_relation,SRC-WIKI-1992,wikipedia,,revisioned_secondary
WIKI-COUNTY-1992-08-019,1992,其他县级行政区划变更列表 / 撤销县，设立县级市,abolish_or_merge,重庆市,CNUR-000235,江津县、江津市,江津县,江津市,撤销江津县，设立江津市（县级），由省直辖；以原江津县的行政区域为江津市的行政区域,县级市、县,county_level,江津县 | 510225 | 四川省重庆市 | 撤销江津县，设立江津市（县级），由省直辖；以原江津县的行政区域为江津市的行政区域 | 四川省直辖；重庆市代管 | 江津市 | 519005 | 国务院批准；民政部8月4日批复同意；民行批〔1992〕88号,1992年中华人民共和国县级以上行政区划变更列表,https://zh.wikipedia.org/wiki/1992%E5%B9%B4%E4%B8%AD%E5%8D%8E%E4%BA%BA%E6%B0%91%E5%85%B1%E5%92%8C%E5%9B%BD%E5%8E%BF%E7%BA%A7%E4%BB%A5%E4%B8%8A%E8%A1%8C%E6%94%BF%E5%8C%BA%E5%88%92%E5%8F%98%E6%9B%B4%E5%88%97%E8%A1%A8,88403920,wikipedia_row_loose_relation,SRC-WIKI-1992,wikipedia,,revisioned_secondary
WIKI-COUNTY-1992-08-020,1992,其他县级行政区划变更列表 / 撤销县，设立县级市,abolish_or_merge,重庆市,CNUR-000235,合川县、合川市,合川县,合川市,撤销合川县，设立合川市（县级），由省直辖；以原合川县的行政区域为合川市的行政区域；同时撤销原县辖的十三个区公所,县级市、县,county_level,四川省重庆市 | 四川省直辖；重庆市代管 | 合川县 | 510226 | 撤销合川县，设立合川市（县级），由省直辖；以原合川县的行政区域为合川市的行政区域；同时撤销原县辖的十三个区公所 | 合川市 | 519005 | 国务院批准；民政部8月4日批复同意；民行批〔1992〕89号,1992年中华人民共和国县级以上行政区划变更列表,https://zh.wikipedia.org/wiki/1992%E5%B9%B4%E4%B8%AD%E5%8D%8E%E4%BA%BA%E6%B0%91%E5%85%B1%E5%92%8C%E5%9B%BD%E5%8E%BF%E7%BA%A7%E4%BB%A5%E4%B8%8A%E8%A1%8C%E6%94%BF%E5%8C%BA%E5%88%92%E5%8F%98%E6%9B%B4%E5%88%97%E8%A1%A8,88403920,wikipedia_row_loose_relation,SRC-WIKI-1992,wikipedia,,revisioned_secondary
WIKI-COUNTY-1992-08-021,1992,其他县级行政区划变更列表 / 撤销县，设立县级市,abolish_or_merge,牡丹江市、重庆市,CNUR-000069、CNUR-000235,海林县、海林市,海林县,海林市,撤销海林县，设立海林市（县级），由省直辖；以原海林县的行政区域为海林市的行政区域,县级市、县,county_level,四川省重庆市 | 四川省直辖；重庆市代管 | 海林县 | 231022 | 黑龙江省牡丹江市 | 撤销海林县，设立海林市（县级），由省直辖；以原海林县的行政区域为海林市的行政区域 | 黑龙江省直辖；牡丹江市代管 | 海林市 | 239007 | 国务院批准；民政部7月28日批复同意；民行批〔1992〕90号,1992年中华人民共和国县级以上行政区划变更列表,https://zh.wikipedia.org/wiki/1992%E5%B9%B4%E4%B8%AD%E5%8D%8E%E4%BA%BA%E6%B0%91%E5%85%B1%E5%92%8C%E5%9B%BD%E5%8E%BF%E7%BA%A7%E4%BB%A5%E4%B8%8A%E8%A1%8C%E6%94%BF%E5%8C%BA%E5%88%92%E5%8F%98%E6%9B%B4%E5%88%97%E8%A1%A8,88403920,wikipedia_row_loose_relation,SRC-WIKI-1992,wikipedia,,revisioned_secondary
WIKI-COUNTY-1992-08-022,1992,其他县级行政区划变更列表 / 撤销县，设立县级市,abolish_or_merge,金华市,CNUR-000093,永康县、永康市,永康县,永康市,撤销永康县，设立永康市（县级），由省直辖；以原永康县的行政区域为永康市的行政区域,县级市、县,county_level,永康县 | 330721 | 浙江省金华市 | 撤销永康县，设立永康市（县级），由省直辖；以原永康县的行政区域为永康市的行政区域 | 浙江省直辖；金华市代管 | 永康市 | 339014 | 国务院批准；民政部8月24日批复同意；民行批〔1992〕93号,1992年中华人民共和国县级以上行政区划变更列表,https://zh.wikipedia.org/wiki/1992%E5%B9%B4%E4%B8%AD%E5%8D%8E%E4%BA%BA%E6%B0%91%E5%85%B1%E5%92%8C%E5%9B%BD%E5%8E%BF%E7%BA%A7%E4%BB%A5%E4%B8%8A%E8%A1%8C%E6%94%BF%E5%8C%BA%E5%88%92%E5%8F%98%E6%9B%B4%E5%88%97%E8%A1%A8,88403920,wikipedia_row_loose_relation,SRC-WIKI-1992,wikipedia,,revisioned_secondary
WIKI-COUNTY-1992-08-023,1992,其他县级行政区划变更列表 / 撤销县，设立县级市,abolish_or_merge,绍兴市,CNUR-000092,上虞县、上虞市,上虞县,上虞市,撤销上虞县，设立上虞市（县级），由省直辖；以原上虞县的行政区域为上虞市的行政区域,县级市、县,county_level,上虞县 | 330622 | 浙江省绍兴市 | 撤销上虞县，设立上虞市（县级），由省直辖；以原上虞县的行政区域为上虞市的行政区域 | 浙江省直辖；绍兴市代管 | 上虞市 | 339015 | 国务院批准；民政部8月24日批复同意；民行批〔1992〕94号,1992年中华人民共和国县级以上行政区划变更列表,https://zh.wikipedia.org/wiki/1992%E5%B9%B4%E4%B8%AD%E5%8D%8E%E4%BA%BA%E6%B0%91%E5%85%B1%E5%92%8C%E5%9B%BD%E5%8E%BF%E7%BA%A7%E4%BB%A5%E4%B8%8A%E8%A1%8C%E6%94%BF%E5%8C%BA%E5%88%92%E5%8F%98%E6%9B%B4%E5%88%97%E8%A1%A8,88403920,wikipedia_row_loose_relation,SRC-WIKI-1992,wikipedia,,revisioned_secondary
WIKI-COUNTY-1992-08-024,1992,其他县级行政区划变更列表 / 撤销县，设立县级市,abolish_or_merge,岳阳市,CNUR-000187,临湘县、临湘市,临湘县,临湘市,撤销临湘县，设立临湘市（县级），由省直辖；以原临湘县的行政区域为临湘市的行政区域,县级市、县,county_level,临湘县 | 430622 | 湖南省岳阳市 | 撤销临湘县，设立临湘市（县级），由省直辖；以原临湘县的行政区域为临湘市的行政区域 | 湖南省直辖；岳阳市代管 | 临湘市 | 439007 | 国务院批准；民政部9月1日批复同意；民行批〔1992〕96号,1992年中华人民共和国县级以上行政区划变更列表,https://zh.wikipedia.org/wiki/1992%E5%B9%B4%E4%B8%AD%E5%8D%8E%E4%BA%BA%E6%B0%91%E5%85%B1%E5%92%8C%E5%9B%BD%E5%8E%BF%E7%BA%A7%E4%BB%A5%E4%B8%8A%E8%A1%8C%E6%94%BF%E5%8C%BA%E5%88%92%E5%8F%98%E6%9B%B4%E5%88%97%E8%A1%A8,88403920,wikipedia_row_loose_relation,SRC-WIKI-1992,wikipedia,,revisioned_secondary
WIKI-COUNTY-1992-08-025,1992,其他县级行政区划变更列表 / 撤销县，设立县级市,abolish_or_merge,齐齐哈尔市,CNUR-000061,讷河县、讷河市,讷河县,讷河市,撤销讷河县，设立讷河市（县级），由省直辖；以原讷河县的行政区域为讷河市的行政区域,县级市、县,county_level,讷河县 | 230222 | 黑龙江省；齐齐哈尔市 | 撤销讷河县，设立讷河市（县级），由省直辖；以原讷河县的行政区域为讷河市的行政区域 | 黑龙江省直辖；齐齐哈尔市代管 | 讷河市 | 239008 | 国务院批准；民政部9月2日批复同意；民行批〔1992〕97号,1992年中华人民共和国县级以上行政区划变更列表,https://zh.wikipedia.org/wiki/1992%E5%B9%B4%E4%B8%AD%E5%8D%8E%E4%BA%BA%E6%B0%91%E5%85%B1%E5%92%8C%E5%9B%BD%E5%8E%BF%E7%BA%A7%E4%BB%A5%E4%B8%8A%E8%A1%8C%E6%94%BF%E5%8C%BA%E5%88%92%E5%8F%98%E6%9B%B4%E5%88%97%E8%A1%A8,88403920,wikipedia_row_loose_relation,SRC-WIKI-1992,wikipedia,,revisioned_secondary
WIKI-COUNTY-1992-08-026,1992,其他县级行政区划变更列表 / 撤销县，设立县级市,abolish_or_merge,佛山市,CNUR-000201,南海县、南海市,南海县,南海市,撤销南海县，设立南海市（县级），由省直辖；以原南海县的行政区域为南海市的行政区域,县级市、县,county_level,南海县 | 440622 | 广东省佛山市 | 撤销南海县，设立南海市（县级），由省直辖；以原南海县的行政区域为南海市的行政区域 | 广东省直辖；佛山市代管 | 南海市 | 449004 | 国务院批准；民政部9月2日批复同意；民行批〔1992〕98号,1992年中华人民共和国县级以上行政区划变更列表,https://zh.wikipedia.org/wiki/1992%E5%B9%B4%E4%B8%AD%E5%8D%8E%E4%BA%BA%E6%B0%91%E5%85%B1%E5%92%8C%E5%9B%BD%E5%8E%BF%E7%BA%A7%E4%BB%A5%E4%B8%8A%E8%A1%8C%E6%94%BF%E5%8C%BA%E5%88%92%E5%8F%98%E6%9B%B4%E5%88%97%E8%A1%A8,88403920,wikipedia_row_loose_relation,SRC-WIKI-1992,wikipedia,,revisioned_secondary
WIKI-COUNTY-1992-08-027,1992,其他县级行政区划变更列表 / 撤销县，设立县级市,abolish_or_merge,肇庆市、云浮市,CNUR-000205、CNUR-000216,云浮县,云浮县,云浮市,撤销云浮县，设立云浮市（县级），由省直辖；以原云浮县的行政区域为云浮市的行政区域,县级市、县,county_level,云浮县 | 440622 | 广东省肇庆市 | 撤销云浮县，设立云浮市（县级），由省直辖；以原云浮县的行政区域为云浮市的行政区域 | 广东省直辖；肇庆市代管 | 云浮市 | 449005 | 国务院批准；民政部9月3日批复同意；民行批〔1992〕99号,1992年中华人民共和国县级以上行政区划变更列表,https://zh.wikipedia.org/wiki/1992%E5%B9%B4%E4%B8%AD%E5%8D%8E%E4%BA%BA%E6%B0%91%E5%85%B1%E5%92%8C%E5%9B%BD%E5%8E%BF%E7%BA%A7%E4%BB%A5%E4%B8%8A%E8%A1%8C%E6%94%BF%E5%8C%BA%E5%88%92%E5%8F%98%E6%9B%B4%E5%88%97%E8%A1%A8,88403920,wikipedia_row_loose_relation,SRC-WIKI-1992,wikipedia,,revisioned_secondary
WIKI-COUNTY-1992-08-028,1992,其他县级行政区划变更列表 / 撤销县，设立县级市,abolish_or_merge,扬州市,CNUR-000083,泰兴县、泰兴市,泰兴县,泰兴市,撤销泰兴县，设立泰兴市（县级），由省直辖；以原泰兴县的行政区域为泰兴市的行政区域,县级市、县,county_level,泰兴县 | 321025 | 江苏省扬州市 | 撤销泰兴县，设立泰兴市（县级），由省直辖；以原泰兴县的行政区域为泰兴市的行政区域 | 江苏省直辖；扬州市代管 | 泰兴市 | 329020 | 国务院批准；民政部9月21日批复同意；民行批〔1992〕104号,1992年中华人民共和国县级以上行政区划变更列表,https://zh.wikipedia.org/wiki/1992%E5%B9%B4%E4%B8%AD%E5%8D%8E%E4%BA%BA%E6%B0%91%E5%85%B1%E5%92%8C%E5%9B%BD%E5%8E%BF%E7%BA%A7%E4%BB%A5%E4%B8%8A%E8%A1%8C%E6%94%BF%E5%8C%BA%E5%88%92%E5%8F%98%E6%9B%B4%E5%88%97%E8%A1%A8,88403920,wikipedia_row_loose_relation,SRC-WIKI-1992,wikipedia,,revisioned_secondary
WIKI-COUNTY-1992-08-029,1992,其他县级行政区划变更列表 / 撤销县，设立县级市,abolish_or_merge,大连市,CNUR-000038,庄河县、庄河市,庄河县,庄河市,撤销庄河县，设立庄河市（县级），由省直辖；以原庄河县的行政区域为庄河市的行政区域,县级市、县,county_level,庄河县 | 321025 | 辽宁省大连市 | 撤销庄河县，设立庄河市（县级），由省直辖；以原庄河县的行政区域为庄河市的行政区域 | 辽宁省直辖；大连市代管 | 庄河市 | 219010 | 国务院批准；民政部9月21日批复同意；民行批〔1992〕105号,1992年中华人民共和国县级以上行政区划变更列表,https://zh.wikipedia.org/wiki/1992%E5%B9%B4%E4%B8%AD%E5%8D%8E%E4%BA%BA%E6%B0%91%E5%85%B1%E5%92%8C%E5%9B%BD%E5%8E%BF%E7%BA%A7%E4%BB%A5%E4%B8%8A%E8%A1%8C%E6%94%BF%E5%8C%BA%E5%88%92%E5%8F%98%E6%9B%B4%E5%88%97%E8%A1%A8,88403920,wikipedia_row_loose_relation,SRC-WIKI-1992,wikipedia,,revisioned_secondary
WIKI-COUNTY-1992-08-030,1992,其他县级行政区划变更列表 / 撤销县，设立县级市,abolish_or_merge,景德镇市,CNUR-000125,乐平县、乐平市,乐平县,乐平市,撤销乐平县，设立乐平市（县级），由省直辖；以原乐平县的行政区域为乐平市的行政区域,县级市、县,county_level,乐平县 | 360221 | 江西省景德镇市 | 撤销乐平县，设立乐平市（县级），由省直辖；以原乐平县的行政区域为乐平市的行政区域 | 江西省直辖；景德镇市代管 | 乐平市 | 369002 | 国务院批准；民政部9月21日批复同意；民行批〔1992〕106号,1992年中华人民共和国县级以上行政区划变更列表,https://zh.wikipedia.org/wiki/1992%E5%B9%B4%E4%B8%AD%E5%8D%8E%E4%BA%BA%E6%B0%91%E5%85%B1%E5%92%8C%E5%9B%BD%E5%8E%BF%E7%BA%A7%E4%BB%A5%E4%B8%8A%E8%A1%8C%E6%94%BF%E5%8C%BA%E5%88%92%E5%8F%98%E6%9B%B4%E5%88%97%E8%A1%A8,88403920,wikipedia_row_loose_relation,SRC-WIKI-1992,wikipedia,,revisioned_secondary
WIKI-COUNTY-1992-08-031,1992,其他县级行政区划变更列表 / 撤销县，设立县级市,abolish_or_merge,济宁市,CNUR-000142,邹县、邹城市,邹县,邹城市,撤销邹县，设立邹城市（县级），由省直辖；以原邹县的行政区域为邹城市的行政区域,县级市、县,county_level,邹县 | 370825 | 山东省济宁市 | 撤销邹县，设立邹城市（县级），由省直辖；以原邹县的行政区域为邹城市的行政区域 | 山东省直辖；济宁市代管 | 邹城市 | 379022 | 国务院批准；民政部10月4日批复同意；民行批〔1992〕110号,1992年中华人民共和国县级以上行政区划变更列表,https://zh.wikipedia.org/wiki/1992%E5%B9%B4%E4%B8%AD%E5%8D%8E%E4%BA%BA%E6%B0%91%E5%85%B1%E5%92%8C%E5%9B%BD%E5%8E%BF%E7%BA%A7%E4%BB%A5%E4%B8%8A%E8%A1%8C%E6%94%BF%E5%8C%BA%E5%88%92%E5%8F%98%E6%9B%B4%E5%88%97%E8%A1%A8,88403920,wikipedia_row_loose_relation,SRC-WIKI-1992,wikipedia,,revisioned_secondary
WIKI-COUNTY-1992-08-032,1992,其他县级行政区划变更列表 / 撤销县，设立县级市,abolish_or_merge,石家庄地区,CNUR-000350,新乐县、新乐市,新乐县,新乐市,撤销新乐县，设立新乐市（县级）；以原新乐县的行政区域为新乐市的行政区域,县级市、县,county_level,新乐县 | 132329 | 河北省石家庄地区 | 撤销新乐县，设立新乐市（县级）；以原新乐县的行政区域为新乐市的行政区域 | 河北省石家庄地区 | 新乐市 | 132304 | 国务院批准；民政部10月8日批复同意；民行批〔1992〕111号,1992年中华人民共和国县级以上行政区划变更列表,https://zh.wikipedia.org/wiki/1992%E5%B9%B4%E4%B8%AD%E5%8D%8E%E4%BA%BA%E6%B0%91%E5%85%B1%E5%92%8C%E5%9B%BD%E5%8E%BF%E7%BA%A7%E4%BB%A5%E4%B8%8A%E8%A1%8C%E6%94%BF%E5%8C%BA%E5%88%92%E5%8F%98%E6%9B%B4%E5%88%97%E8%A1%A8,88403920,wikipedia_row_loose_relation,SRC-WIKI-1992,wikipedia,,revisioned_secondary
WIKI-COUNTY-1992-08-033,1992,其他县级行政区划变更列表 / 撤销县，设立县级市,abolish_or_merge,江门市,CNUR-000202,新会县、新会市,新会县,新会市,撤销新会县，设立新会市（县级），由省直辖；以原新会县的行政区域为新会市的行政区域,县级市、县,county_level,新会县 | 440721 | 广东省江门市 | 撤销新会县，设立新会市（县级），由省直辖；以原新会县的行政区域为新会市的行政区域 | 广东省直辖；江门市代管 | 新会市 | 449006 | 国务院批准；民政部10月8日批复同意；民行批〔1992〕112号,1992年中华人民共和国县级以上行政区划变更列表,https://zh.wikipedia.org/wiki/1992%E5%B9%B4%E4%B8%AD%E5%8D%8E%E4%BA%BA%E6%B0%91%E5%85%B1%E5%92%8C%E5%9B%BD%E5%8E%BF%E7%BA%A7%E4%BB%A5%E4%B8%8A%E8%A1%8C%E6%94%BF%E5%8C%BA%E5%88%92%E5%8F%98%E6%9B%B4%E5%88%97%E8%A1%A8,88403920,wikipedia_row_loose_relation,SRC-WIKI-1992,wikipedia,,revisioned_secondary
WIKI-COUNTY-1992-08-034,1992,其他县级行政区划变更列表 / 撤销县，设立县级市,abolish_or_merge,吉林市,CNUR-000052,舒兰县、舒兰市,舒兰县,舒兰市,撤销舒兰县，设立舒兰市（县级），由省直辖；以原舒兰县的行政区域为舒兰市的行政区域,县级市、县,county_level,舒兰县 | 220222 | 吉林省吉林市 | 撤销舒兰县，设立舒兰市（县级），由省直辖；以原舒兰县的行政区域为舒兰市的行政区域 | 吉林省直辖；吉林市代管 | 舒兰市 | 229008 | 国务院批准；民政部10月8日批复同意；民行批〔1992〕113号,1992年中华人民共和国县级以上行政区划变更列表,https://zh.wikipedia.org/wiki/1992%E5%B9%B4%E4%B8%AD%E5%8D%8E%E4%BA%BA%E6%B0%91%E5%85%B1%E5%92%8C%E5%9B%BD%E5%8E%BF%E7%BA%A7%E4%BB%A5%E4%B8%8A%E8%A1%8C%E6%94%BF%E5%8C%BA%E5%88%92%E5%8F%98%E6%9B%B4%E5%88%97%E8%A1%A8,88403920,wikipedia_row_loose_relation,SRC-WIKI-1992,wikipedia,,revisioned_secondary
WIKI-COUNTY-1992-08-035,1992,其他县级行政区划变更列表 / 撤销县，设立县级市,abolish_or_merge,南平地区,CNUR-000121,建瓯县、建瓯市,建瓯县,建瓯市,撤销建瓯县，设立建瓯市（县级）；以原建瓯县的行政区域为建瓯市的行政区域,县级市、县,county_level,建瓯县 | 352123 | 福建省南平地区 | 撤销建瓯县，设立建瓯市（县级）；以原建瓯县的行政区域为建瓯市的行政区域 | 福建省南平地区 | 建瓯市 | 352104 | 国务院批准；民政部10月20日批复同意；民行批〔1992〕121号,1992年中华人民共和国县级以上行政区划变更列表,https://zh.wikipedia.org/wiki/1992%E5%B9%B4%E4%B8%AD%E5%8D%8E%E4%BA%BA%E6%B0%91%E5%85%B1%E5%92%8C%E5%9B%BD%E5%8E%BF%E7%BA%A7%E4%BB%A5%E4%B8%8A%E8%A1%8C%E6%94%BF%E5%8C%BA%E5%88%92%E5%8F%98%E6%9B%B4%E5%88%97%E8%A1%A8,88403920,wikipedia_row_loose_relation,SRC-WIKI-1992,wikipedia,,revisioned_secondary
WIKI-COUNTY-1992-08-036,1992,其他县级行政区划变更列表 / 撤销县，设立县级市,abolish_or_merge,营口市,CNUR-000044,盖县、盖州市,盖县,盖州市,撤销盖县，设立盖州市（县级），由省直辖；以原盖县的行政区域为盖州市的行政区域,县级市、县,county_level,盖县 | 210824 | 辽宁省营口市 | 撤销盖县，设立盖州市（县级），由省直辖；以原盖县的行政区域为盖州市的行政区域 | 辽宁省直辖；营口市代管 | 盖州市 | 219012 | 国务院批准；民政部11月3日批复同意；民行批〔1992〕128号,1992年中华人民共和国县级以上行政区划变更列表,https://zh.wikipedia.org/wiki/1992%E5%B9%B4%E4%B8%AD%E5%8D%8E%E4%BA%BA%E6%B0%91%E5%85%B1%E5%92%8C%E5%9B%BD%E5%8E%BF%E7%BA%A7%E4%BB%A5%E4%B8%8A%E8%A1%8C%E6%94%BF%E5%8C%BA%E5%88%92%E5%8F%98%E6%9B%B4%E5%88%97%E8%A1%A8,88403920,wikipedia_row_loose_relation,SRC-WIKI-1992,wikipedia,,revisioned_secondary
WIKI-COUNTY-1992-08-037,1992,其他县级行政区划变更列表 / 撤销县，设立县级市,abolish_or_merge,营口市,CNUR-000044,营口县、大石桥市,营口县,大石桥市,撤销营口县，设立大石桥市（县级），由省直辖；以原营口县的行政区域为大石桥市的行政区域,县级市、县,county_level,辽宁省营口市 | 辽宁省直辖；营口市代管 | 营口县 | 210821 | 撤销营口县，设立大石桥市（县级），由省直辖；以原营口县的行政区域为大石桥市的行政区域 | 大石桥市 | 219011 | 国务院批准；民政部11月3日批复同意；民行批〔1992〕129号,1992年中华人民共和国县级以上行政区划变更列表,https://zh.wikipedia.org/wiki/1992%E5%B9%B4%E4%B8%AD%E5%8D%8E%E4%BA%BA%E6%B0%91%E5%85%B1%E5%92%8C%E5%9B%BD%E5%8E%BF%E7%BA%A7%E4%BB%A5%E4%B8%8A%E8%A1%8C%E6%94%BF%E5%8C%BA%E5%88%92%E5%8F%98%E6%9B%B4%E5%88%97%E8%A1%A8,88403920,wikipedia_row_loose_relation,SRC-WIKI-1992,wikipedia,,revisioned_secondary
WIKI-COUNTY-1992-08-038,1992,其他县级行政区划变更列表 / 撤销县，设立县级市,abolish_or_merge,昌吉回族自治州、营口市,CNUR-000330、CNUR-000044,阜康县、阜康市,阜康县,阜康市,撤销阜康县，设立阜康市（县级）；以原阜康县的行政区域为阜康市的行政区域,县级市、县,county_level,辽宁省营口市 | 辽宁省直辖；营口市代管 | 阜康县 | 652326 | 新疆维吾尔自治区；昌吉回族自治州 | 撤销阜康县，设立阜康市（县级）；以原阜康县的行政区域为阜康市的行政区域 | 新疆维吾尔自治区；昌吉回族自治州 | 阜康市 | 652302 | 国务院批准；民政部11月3日批复同意；民行批〔1992〕130号,1992年中华人民共和国县级以上行政区划变更列表,https://zh.wikipedia.org/wiki/1992%E5%B9%B4%E4%B8%AD%E5%8D%8E%E4%BA%BA%E6%B0%91%E5%85%B1%E5%92%8C%E5%9B%BD%E5%8E%BF%E7%BA%A7%E4%BB%A5%E4%B8%8A%E8%A1%8C%E6%94%BF%E5%8C%BA%E5%88%92%E5%8F%98%E6%9B%B4%E5%88%97%E8%A1%A8,88403920,wikipedia_row_loose_relation,SRC-WIKI-1992,wikipedia,,revisioned_secondary
WIKI-COUNTY-1992-08-039,1992,其他县级行政区划变更列表 / 撤销县，设立县级市,abolish_or_merge,安顺地区,CNUR-000260,清镇县、清镇市,清镇县,清镇市,撤销清镇县，设立清镇市（县级）；以原清镇县的行政区域为清镇市的行政区域,县级市、县,county_level,清镇县 | 522525 | 贵州省安顺地区 | 撤销清镇县，设立清镇市（县级）；以原清镇县的行政区域为清镇市的行政区域 | 贵州省安顺地区 | 清镇市 | 522502 | 国务院批准；民政部11月6日批复同意；民行批〔1992〕131号,1992年中华人民共和国县级以上行政区划变更列表,https://zh.wikipedia.org/wiki/1992%E5%B9%B4%E4%B8%AD%E5%8D%8E%E4%BA%BA%E6%B0%91%E5%85%B1%E5%92%8C%E5%9B%BD%E5%8E%BF%E7%BA%A7%E4%BB%A5%E4%B8%8A%E8%A1%8C%E6%94%BF%E5%8C%BA%E5%88%92%E5%8F%98%E6%9B%B4%E5%88%97%E8%A1%A8,88403920,wikipedia_row_loose_relation,SRC-WIKI-1992,wikipedia,,revisioned_secondary
WIKI-COUNTY-1992-08-040,1992,其他县级行政区划变更列表 / 撤销县，设立县级市,abolish_or_merge,,,琼海县、琼海市,琼海县,琼海市,撤销琼海县，设立琼海市（县级）；以原琼海县的行政区域为琼海市的行政区域,县级市、县,county_level,琼海县 | 460023 | 海南省直辖 | 撤销琼海县，设立琼海市（县级）；以原琼海县的行政区域为琼海市的行政区域 | 海南省直辖 | 琼海市 | 460002 | 国务院批准；民政部3月3日批复同意；民行批〔1992〕132号,1992年中华人民共和国县级以上行政区划变更列表,https://zh.wikipedia.org/wiki/1992%E5%B9%B4%E4%B8%AD%E5%8D%8E%E4%BA%BA%E6%B0%91%E5%85%B1%E5%92%8C%E5%9B%BD%E5%8E%BF%E7%BA%A7%E4%BB%A5%E4%B8%8A%E8%A1%8C%E6%94%BF%E5%8C%BA%E5%88%92%E5%8F%98%E6%9B%B4%E5%88%97%E8%A1%A8,88403920,wikipedia_row_unlinked,SRC-WIKI-1992,wikipedia,,revisioned_secondary
WIKI-COUNTY-1992-09-002,1992,其他县级行政区划变更列表 / 县级行政区划行政隶属变更,jurisdiction_transfer,丹东市、鞍山市,CNUR-000042、CNUR-000039,岫岩满族自治县,岫岩满族自治县,,将丹东市管辖的岫岩满族自治县划归鞍山市管辖,自治县、县,county_level,岫岩满族自治县 | 210622 | 辽宁省丹东市 | 将丹东市管辖的岫岩满族自治县划归鞍山市管辖 | 辽宁省鞍山市 | 210323 | 国务院批准；民政部1月23日批复同意；民行批〔1992〕9号,1992年中华人民共和国县级以上行政区划变更列表,https://zh.wikipedia.org/wiki/1992%E5%B9%B4%E4%B8%AD%E5%8D%8E%E4%BA%BA%E6%B0%91%E5%85%B1%E5%92%8C%E5%9B%BD%E5%8E%BF%E7%BA%A7%E4%BB%A5%E4%B8%8A%E8%A1%8C%E6%94%BF%E5%8C%BA%E5%88%92%E5%8F%98%E6%9B%B4%E5%88%97%E8%A1%A8,88403920,wikipedia_row_loose_relation,SRC-WIKI-1992,wikipedia,,revisioned_secondary
WIKI-COUNTY-1992-09-003,1992,其他县级行政区划变更列表 / 县级行政区划行政隶属变更,jurisdiction_transfer,吉安地区、萍乡市,CNUR-000131、CNUR-000126,莲花县,莲花县,,将吉安地区的莲花县划归萍乡市管辖,县,county_level,莲花县 | 362431 | 江西省吉安地区 | 将吉安地区的莲花县划归萍乡市管辖 | 江西省萍乡市 | 360321 | 国务院批准；民政部6月20日批复同意；民行批〔1992〕66号,1992年中华人民共和国县级以上行政区划变更列表,https://zh.wikipedia.org/wiki/1992%E5%B9%B4%E4%B8%AD%E5%8D%8E%E4%BA%BA%E6%B0%91%E5%85%B1%E5%92%8C%E5%9B%BD%E5%8E%BF%E7%BA%A7%E4%BB%A5%E4%B8%8A%E8%A1%8C%E6%94%BF%E5%8C%BA%E5%88%92%E5%8F%98%E6%9B%B4%E5%88%97%E8%A1%A8,88403920,wikipedia_row_loose_relation,SRC-WIKI-1992,wikipedia,,revisioned_secondary
WIKI-COUNTY-1992-09-004,1992,其他县级行政区划变更列表 / 县级行政区划行政隶属变更,jurisdiction_transfer,齐齐哈尔市、绥化地区、大庆市,CNUR-000061、CNUR-000071、CNUR-000065,林甸县,林甸县,,将齐齐哈尔市的林甸、杜尔伯特蒙古族自治县和绥化地区的肇州、肇源县划归大庆市管辖,自治县、县,county_level,林甸县 | 230228 | 黑龙江省齐齐哈尔市 | 将齐齐哈尔市的林甸、杜尔伯特蒙古族自治县和绥化地区的肇州、肇源县划归大庆市管辖 | 黑龙江省；大庆市 | 230623 | 国务院8月21日批复同意；国函〔1992〕103号,1992年中华人民共和国县级以上行政区划变更列表,https://zh.wikipedia.org/wiki/1992%E5%B9%B4%E4%B8%AD%E5%8D%8E%E4%BA%BA%E6%B0%91%E5%85%B1%E5%92%8C%E5%9B%BD%E5%8E%BF%E7%BA%A7%E4%BB%A5%E4%B8%8A%E8%A1%8C%E6%94%BF%E5%8C%BA%E5%88%92%E5%8F%98%E6%9B%B4%E5%88%97%E8%A1%A8,88403920,wikipedia_row_loose_relation,SRC-WIKI-1992,wikipedia,,revisioned_secondary
WIKI-COUNTY-1992-09-005,1992,其他县级行政区划变更列表 / 县级行政区划行政隶属变更,jurisdiction_transfer,齐齐哈尔市、绥化地区、大庆市,CNUR-000061、CNUR-000071、CNUR-000065,杜尔伯特蒙古族自治县,杜尔伯特蒙古族自治县,,黑龙江省齐齐哈尔市 | 将齐齐哈尔市的林甸、杜尔伯特蒙古族自治县和绥化地区的肇州、肇源县划归大庆市管辖 | 黑龙江省；大庆市 | 国务院8月21日批复同意；国函〔1992〕103号 | 杜尔伯特蒙古族自治县 | 230226 | 230624,自治县、县,county_level,黑龙江省齐齐哈尔市 | 将齐齐哈尔市的林甸、杜尔伯特蒙古族自治县和绥化地区的肇州、肇源县划归大庆市管辖 | 黑龙江省；大庆市 | 国务院8月21日批复同意；国函〔1992〕103号 | 杜尔伯特蒙古族自治县 | 230226 | 230624,1992年中华人民共和国县级以上行政区划变更列表,https://zh.wikipedia.org/wiki/1992%E5%B9%B4%E4%B8%AD%E5%8D%8E%E4%BA%BA%E6%B0%91%E5%85%B1%E5%92%8C%E5%9B%BD%E5%8E%BF%E7%BA%A7%E4%BB%A5%E4%B8%8A%E8%A1%8C%E6%94%BF%E5%8C%BA%E5%88%92%E5%8F%98%E6%9B%B4%E5%88%97%E8%A1%A8,88403920,wikipedia_row_loose_relation,SRC-WIKI-1992,wikipedia,,revisioned_secondary
WIKI-COUNTY-1992-09-006,1992,其他县级行政区划变更列表 / 县级行政区划行政隶属变更,jurisdiction_transfer,齐齐哈尔市、绥化地区、大庆市,CNUR-000061、CNUR-000071、CNUR-000065,肇源县,肇源县,,黑龙江省齐齐哈尔市 | 将齐齐哈尔市的林甸、杜尔伯特蒙古族自治县和绥化地区的肇州、肇源县划归大庆市管辖 | 黑龙江省；大庆市 | 国务院8月21日批复同意；国函〔1992〕103号 | 肇源县 | 232328 | 黑龙江省绥化地区 | 230622,自治县、县,county_level,黑龙江省齐齐哈尔市 | 将齐齐哈尔市的林甸、杜尔伯特蒙古族自治县和绥化地区的肇州、肇源县划归大庆市管辖 | 黑龙江省；大庆市 | 国务院8月21日批复同意；国函〔1992〕103号 | 肇源县 | 232328 | 黑龙江省绥化地区 | 230622,1992年中华人民共和国县级以上行政区划变更列表,https://zh.wikipedia.org/wiki/1992%E5%B9%B4%E4%B8%AD%E5%8D%8E%E4%BA%BA%E6%B0%91%E5%85%B1%E5%92%8C%E5%9B%BD%E5%8E%BF%E7%BA%A7%E4%BB%A5%E4%B8%8A%E8%A1%8C%E6%94%BF%E5%8C%BA%E5%88%92%E5%8F%98%E6%9B%B4%E5%88%97%E8%A1%A8,88403920,wikipedia_row_loose_relation,SRC-WIKI-1992,wikipedia,,revisioned_secondary
WIKI-COUNTY-1992-09-007,1992,其他县级行政区划变更列表 / 县级行政区划行政隶属变更,jurisdiction_transfer,齐齐哈尔市、绥化地区、大庆市,CNUR-000061、CNUR-000071、CNUR-000065,肇州县,肇州县,,将齐齐哈尔市的林甸、杜尔伯特蒙古族自治县和绥化地区的肇州、肇源县划归大庆市管辖 | 黑龙江省；大庆市 | 国务院8月21日批复同意；国函〔1992〕103号 | 黑龙江省绥化地区 | 肇州县 | 232329 | 230621,自治县、县,county_level,将齐齐哈尔市的林甸、杜尔伯特蒙古族自治县和绥化地区的肇州、肇源县划归大庆市管辖 | 黑龙江省；大庆市 | 国务院8月21日批复同意；国函〔1992〕103号 | 黑龙江省绥化地区 | 肇州县 | 232329 | 230621,1992年中华人民共和国县级以上行政区划变更列表,https://zh.wikipedia.org/wiki/1992%E5%B9%B4%E4%B8%AD%E5%8D%8E%E4%BA%BA%E6%B0%91%E5%85%B1%E5%92%8C%E5%9B%BD%E5%8E%BF%E7%BA%A7%E4%BB%A5%E4%B8%8A%E8%A1%8C%E6%94%BF%E5%8C%BA%E5%88%92%E5%8F%98%E6%9B%B4%E5%88%97%E8%A1%A8,88403920,wikipedia_row_loose_relation,SRC-WIKI-1992,wikipedia,,revisioned_secondary
WIKI-COUNTY-1992-09-008,1992,其他县级行政区划变更列表 / 县级行政区划行政隶属变更,jurisdiction_transfer,齐齐哈尔市、绥化地区、临沂地区、日照市、大庆市、潍坊市,CNUR-000061、CNUR-000071、CNUR-000147、CNUR-000145、CNUR-000065、CNUR-000141,五莲县,五莲县,,将潍坊市的五莲县、临沂地区的莒县划归日照市管辖,自治县、县,county_level,将齐齐哈尔市的林甸、杜尔伯特蒙古族自治县和绥化地区的肇州、肇源县划归大庆市管辖 | 黑龙江省；大庆市 | 国务院8月21日批复同意；国函〔1992〕103号 | 黑龙江省绥化地区 | 五莲县 | 370729 | 山东省潍坊市 | 将潍坊市的五莲县、临沂地区的莒县划归日照市管辖 | 山东省日照市 | 371121 | 国务院批准；民政部12月7日批复同意；民行批〔1992〕158号,1992年中华人民共和国县级以上行政区划变更列表,https://zh.wikipedia.org/wiki/1992%E5%B9%B4%E4%B8%AD%E5%8D%8E%E4%BA%BA%E6%B0%91%E5%85%B1%E5%92%8C%E5%9B%BD%E5%8E%BF%E7%BA%A7%E4%BB%A5%E4%B8%8A%E8%A1%8C%E6%94%BF%E5%8C%BA%E5%88%92%E5%8F%98%E6%9B%B4%E5%88%97%E8%A1%A8,88403920,wikipedia_row_loose_relation,SRC-WIKI-1992,wikipedia,,revisioned_secondary
WIKI-COUNTY-1992-09-009,1992,其他县级行政区划变更列表 / 县级行政区划行政隶属变更,jurisdiction_transfer,临沂地区、日照市、潍坊市,CNUR-000147、CNUR-000145、CNUR-000141,莒县,莒县,,将潍坊市的五莲县、临沂地区的莒县划归日照市管辖 | 山东省日照市 | 国务院批准；民政部12月7日批复同意；民行批〔1992〕158号 | 莒县 | 372826 | 山东省临沂地区 | 371122,县,county_level,将潍坊市的五莲县、临沂地区的莒县划归日照市管辖 | 山东省日照市 | 国务院批准；民政部12月7日批复同意；民行批〔1992〕158号 | 莒县 | 372826 | 山东省临沂地区 | 371122,1992年中华人民共和国县级以上行政区划变更列表,https://zh.wikipedia.org/wiki/1992%E5%B9%B4%E4%B8%AD%E5%8D%8E%E4%BA%BA%E6%B0%91%E5%85%B1%E5%92%8C%E5%9B%BD%E5%8E%BF%E7%BA%A7%E4%BB%A5%E4%B8%8A%E8%A1%8C%E6%94%BF%E5%8C%BA%E5%88%92%E5%8F%98%E6%9B%B4%E5%88%97%E8%A1%A8,88403920,wikipedia_row_loose_relation,SRC-WIKI-1992,wikipedia,,revisioned_secondary
WIKI-COUNTY-1992-09-010,1992,其他县级行政区划变更列表 / 县级行政区划行政隶属变更,jurisdiction_transfer,临沂地区、日照市、铁岭市、潍坊市、沈阳市,CNUR-000147、CNUR-000145、CNUR-000048、CNUR-000141、CNUR-000037,康平县,康平县,,将铁岭市管辖的康平、法库两县划归沈阳市管辖,县,county_level,将潍坊市的五莲县、临沂地区的莒县划归日照市管辖 | 山东省日照市 | 国务院批准；民政部12月7日批复同意；民行批〔1992〕158号 | 康平县 | 211225 | 辽宁省铁岭市 | 将铁岭市管辖的康平、法库两县划归沈阳市管辖 | 辽宁省沈阳市 | 210123 | 国务院批准；民政部12月12日批复同意；民行批〔1992〕160号,1992年中华人民共和国县级以上行政区划变更列表,https://zh.wikipedia.org/wiki/1992%E5%B9%B4%E4%B8%AD%E5%8D%8E%E4%BA%BA%E6%B0%91%E5%85%B1%E5%92%8C%E5%9B%BD%E5%8E%BF%E7%BA%A7%E4%BB%A5%E4%B8%8A%E8%A1%8C%E6%94%BF%E5%8C%BA%E5%88%92%E5%8F%98%E6%9B%B4%E5%88%97%E8%A1%A8,88403920,wikipedia_row_loose_relation,SRC-WIKI-1992,wikipedia,,revisioned_secondary
WIKI-COUNTY-1992-09-011,1992,其他县级行政区划变更列表 / 县级行政区划行政隶属变更,jurisdiction_transfer,铁岭市、沈阳市,CNUR-000048、CNUR-000037,法库县,法库县,,辽宁省铁岭市 | 将铁岭市管辖的康平、法库两县划归沈阳市管辖 | 辽宁省沈阳市 | 国务院批准；民政部12月12日批复同意；民行批〔1992〕160号 | 法库县 | 211226 | 210124,县,county_level,辽宁省铁岭市 | 将铁岭市管辖的康平、法库两县划归沈阳市管辖 | 辽宁省沈阳市 | 国务院批准；民政部12月12日批复同意；民行批〔1992〕160号 | 法库县 | 211226 | 210124,1992年中华人民共和国县级以上行政区划变更列表,https://zh.wikipedia.org/wiki/1992%E5%B9%B4%E4%B8%AD%E5%8D%8E%E4%BA%BA%E6%B0%91%E5%85%B1%E5%92%8C%E5%9B%BD%E5%8E%BF%E7%BA%A7%E4%BB%A5%E4%B8%8A%E8%A1%8C%E6%94%BF%E5%8C%BA%E5%88%92%E5%8F%98%E6%9B%B4%E5%88%97%E8%A1%A8,88403920,wikipedia_row_loose_relation,SRC-WIKI-1992,wikipedia,,revisioned_secondary
WIKI-COUNTY-1992-10-002,1992,其他县级行政区划变更列表 / 县级行政区划更名,rename,天津市,CNUR-000002,东郊区、东丽区,东郊区,东丽区,东郊区更名为东丽区；南郊区更名为津南区；西郊区更名为西青区；北郊区更名为北辰区,市辖区,county_level,东郊区 | 120110 | 天津市 | 东郊区更名为东丽区；南郊区更名为津南区；西郊区更名为西青区；北郊区更名为北辰区 | 东丽区 | <small>行政区划代码不变</small> | 国务院批准；民政部2月12日批复同意；民行批〔1992〕16号,1992年中华人民共和国县级以上行政区划变更列表,https://zh.wikipedia.org/wiki/1992%E5%B9%B4%E4%B8%AD%E5%8D%8E%E4%BA%BA%E6%B0%91%E5%85%B1%E5%92%8C%E5%9B%BD%E5%8E%BF%E7%BA%A7%E4%BB%A5%E4%B8%8A%E8%A1%8C%E6%94%BF%E5%8C%BA%E5%88%92%E5%8F%98%E6%9B%B4%E5%88%97%E8%A1%A8,88403920,wikipedia_row_loose_relation,SRC-WIKI-1992,wikipedia,,revisioned_secondary
WIKI-COUNTY-1992-10-003,1992,其他县级行政区划变更列表 / 县级行政区划更名,rename,天津市,CNUR-000002,南郊区、津南区,南郊区,津南区,天津市 | 东郊区更名为东丽区；南郊区更名为津南区；西郊区更名为西青区；北郊区更名为北辰区 | 国务院批准；民政部2月12日批复同意；民行批〔1992〕16号 | 南郊区 | 120112 | 津南区 | <small>行政区划代码不变</small>,市辖区,county_level,天津市 | 东郊区更名为东丽区；南郊区更名为津南区；西郊区更名为西青区；北郊区更名为北辰区 | 国务院批准；民政部2月12日批复同意；民行批〔1992〕16号 | 南郊区 | 120112 | 津南区 | <small>行政区划代码不变</small>,1992年中华人民共和国县级以上行政区划变更列表,https://zh.wikipedia.org/wiki/1992%E5%B9%B4%E4%B8%AD%E5%8D%8E%E4%BA%BA%E6%B0%91%E5%85%B1%E5%92%8C%E5%9B%BD%E5%8E%BF%E7%BA%A7%E4%BB%A5%E4%B8%8A%E8%A1%8C%E6%94%BF%E5%8C%BA%E5%88%92%E5%8F%98%E6%9B%B4%E5%88%97%E8%A1%A8,88403920,wikipedia_row_loose_relation,SRC-WIKI-1992,wikipedia,,revisioned_secondary
WIKI-COUNTY-1992-10-004,1992,其他县级行政区划变更列表 / 县级行政区划更名,rename,天津市,CNUR-000002,西郊区、西青区,西郊区,西青区,天津市 | 东郊区更名为东丽区；南郊区更名为津南区；西郊区更名为西青区；北郊区更名为北辰区 | 国务院批准；民政部2月12日批复同意；民行批〔1992〕16号 | 西郊区 | 120111 | 西青区 | <small>行政区划代码不变</small>,市辖区,county_level,天津市 | 东郊区更名为东丽区；南郊区更名为津南区；西郊区更名为西青区；北郊区更名为北辰区 | 国务院批准；民政部2月12日批复同意；民行批〔1992〕16号 | 西郊区 | 120111 | 西青区 | <small>行政区划代码不变</small>,1992年中华人民共和国县级以上行政区划变更列表,https://zh.wikipedia.org/wiki/1992%E5%B9%B4%E4%B8%AD%E5%8D%8E%E4%BA%BA%E6%B0%91%E5%85%B1%E5%92%8C%E5%9B%BD%E5%8E%BF%E7%BA%A7%E4%BB%A5%E4%B8%8A%E8%A1%8C%E6%94%BF%E5%8C%BA%E5%88%92%E5%8F%98%E6%9B%B4%E5%88%97%E8%A1%A8,88403920,wikipedia_row_loose_relation,SRC-WIKI-1992,wikipedia,,revisioned_secondary
WIKI-COUNTY-1992-10-005,1992,其他县级行政区划变更列表 / 县级行政区划更名,rename,天津市,CNUR-000002,北郊区、北辰区,北郊区,北辰区,天津市 | 东郊区更名为东丽区；南郊区更名为津南区；西郊区更名为西青区；北郊区更名为北辰区 | 国务院批准；民政部2月12日批复同意；民行批〔1992〕16号 | 北郊区 | 120113 | 北辰区 | <small>行政区划代码不变</small>,市辖区,county_level,天津市 | 东郊区更名为东丽区；南郊区更名为津南区；西郊区更名为西青区；北郊区更名为北辰区 | 国务院批准；民政部2月12日批复同意；民行批〔1992〕16号 | 北郊区 | 120113 | 北辰区 | <small>行政区划代码不变</small>,1992年中华人民共和国县级以上行政区划变更列表,https://zh.wikipedia.org/wiki/1992%E5%B9%B4%E4%B8%AD%E5%8D%8E%E4%BA%BA%E6%B0%91%E5%85%B1%E5%92%8C%E5%9B%BD%E5%8E%BF%E7%BA%A7%E4%BB%A5%E4%B8%8A%E8%A1%8C%E6%94%BF%E5%8C%BA%E5%88%92%E5%8F%98%E6%9B%B4%E5%88%97%E8%A1%A8,88403920,wikipedia_row_loose_relation,SRC-WIKI-1992,wikipedia,,revisioned_secondary
WIKI-COUNTY-1992-11-002,1992,其他县级行政区划变更列表 / 县级行政区划行政机构迁移,residence_change,,,云阳县,云阳县,,云阳县人民政府驻地由云阳镇迁至双江镇青龙嘴,县,county_level,云阳县 | 512225 | 四川省万县地区↑ | 云阳县人民政府驻地由云阳镇迁至双江镇青龙嘴 | 国务院批准；民政部1月27日批复同意；民行批〔1992〕8号,1992年中华人民共和国县级以上行政区划变更列表,https://zh.wikipedia.org/wiki/1992%E5%B9%B4%E4%B8%AD%E5%8D%8E%E4%BA%BA%E6%B0%91%E5%85%B1%E5%92%8C%E5%9B%BD%E5%8E%BF%E7%BA%A7%E4%BB%A5%E4%B8%8A%E8%A1%8C%E6%94%BF%E5%8C%BA%E5%88%92%E5%8F%98%E6%9B%B4%E5%88%97%E8%A1%A8,88403920,wikipedia_row_unlinked,SRC-WIKI-1992,wikipedia,,revisioned_secondary
WIKI-COUNTY-1992-11-003,1992,其他县级行政区划变更列表 / 县级行政区划行政机构迁移,residence_change,湘潭市,CNUR-000184,湘潭县,湘潭县,,湘潭县人民政府驻地由湘潭市迁至易俗河镇,县,county_level,湘潭县 | 430321 | 湖南省湘潭市 | 湘潭县人民政府驻地由湘潭市迁至易俗河镇 | 国务院批准；民政部6月25日批复同意；民行批〔1992〕65号,1992年中华人民共和国县级以上行政区划变更列表,https://zh.wikipedia.org/wiki/1992%E5%B9%B4%E4%B8%AD%E5%8D%8E%E4%BA%BA%E6%B0%91%E5%85%B1%E5%92%8C%E5%9B%BD%E5%8E%BF%E7%BA%A7%E4%BB%A5%E4%B8%8A%E8%A1%8C%E6%94%BF%E5%8C%BA%E5%88%92%E5%8F%98%E6%9B%B4%E5%88%97%E8%A1%A8,88403920,wikipedia_row_loose_relation,SRC-WIKI-1992,wikipedia,,revisioned_secondary
WIKI-COUNTY-1992-11-004,1992,其他县级行政区划变更列表 / 县级行政区划行政机构迁移,residence_change,襄樊市,CNUR-000173,襄阳县,襄阳县,,襄阳县人民政府驻地由襄樊市迁至襄阳县张湾镇,县,county_level,襄阳县 | 430321 | 湖北省襄樊市 | 襄阳县人民政府驻地由襄樊市迁至襄阳县张湾镇 | 国务院批准；民政部8月1日批复同意；民行批〔1992〕86号,1992年中华人民共和国县级以上行政区划变更列表,https://zh.wikipedia.org/wiki/1992%E5%B9%B4%E4%B8%AD%E5%8D%8E%E4%BA%BA%E6%B0%91%E5%85%B1%E5%92%8C%E5%9B%BD%E5%8E%BF%E7%BA%A7%E4%BB%A5%E4%B8%8A%E8%A1%8C%E6%94%BF%E5%8C%BA%E5%88%92%E5%8F%98%E6%9B%B4%E5%88%97%E8%A1%A8,88403920,wikipedia_row_loose_relation,SRC-WIKI-1992,wikipedia,,revisioned_secondary
WIKI-COUNTY-1992-11-005,1992,其他县级行政区划变更列表 / 县级行政区划行政机构迁移,residence_change,潮州市,CNUR-000214,潮安县,潮安县,,潮安县人民政府驻地由枫溪镇迁至庵埠镇,县,county_level,潮安县 | 430321 | 广东省潮州市 | 潮安县人民政府驻地由枫溪镇迁至庵埠镇 | 国务院批准；民政部9月21日批复同意；民行批〔1992〕107号,1992年中华人民共和国县级以上行政区划变更列表,https://zh.wikipedia.org/wiki/1992%E5%B9%B4%E4%B8%AD%E5%8D%8E%E4%BA%BA%E6%B0%91%E5%85%B1%E5%92%8C%E5%9B%BD%E5%8E%BF%E7%BA%A7%E4%BB%A5%E4%B8%8A%E8%A1%8C%E6%94%BF%E5%8C%BA%E5%88%92%E5%8F%98%E6%9B%B4%E5%88%97%E8%A1%A8,88403920,wikipedia_row_loose_relation,SRC-WIKI-1992,wikipedia,,revisioned_secondary
WIKI-COUNTY-1992-11-006,1992,其他县级行政区划变更列表 / 县级行政区划行政机构迁移,residence_change,宜昌市,CNUR-000172,兴山县,兴山县,,兴山县人民政府驻地由高阳镇迁至古夫镇,县,county_level,兴山县 | 420526↑ | 湖北省宜昌市 | 兴山县人民政府驻地由高阳镇迁至古夫镇 | 国务院批准；民政部12月12日批复同意；民行批〔1992〕161号,1992年中华人民共和国县级以上行政区划变更列表,https://zh.wikipedia.org/wiki/1992%E5%B9%B4%E4%B8%AD%E5%8D%8E%E4%BA%BA%E6%B0%91%E5%85%B1%E5%92%8C%E5%9B%BD%E5%8E%BF%E7%BA%A7%E4%BB%A5%E4%B8%8A%E8%A1%8C%E6%94%BF%E5%8C%BA%E5%88%92%E5%8F%98%E6%9B%B4%E5%88%97%E8%A1%A8,88403920,wikipedia_row_loose_relation,SRC-WIKI-1992,wikipedia,,revisioned_secondary
WIKI-COUNTY-1993-06-002,1993,其他县级行政区划变更列表 / 市辖区的新设,abolish_or_merge,河源市,CNUR-000209,郊区、东源县,郊区,东源县,撤销河源市郊区，设立东源县,市辖区、县,county_level,郊区 | 441611 | 广东省河源市 | 撤销河源市郊区，设立东源县 | 广东省河源市 | 东源县 | 441625 | 国务院批准；民政部11月8日批复同意；民行批〔1993〕209号,1993年中华人民共和国县级以上行政区划变更列表,https://zh.wikipedia.org/wiki/1993%E5%B9%B4%E4%B8%AD%E5%8D%8E%E4%BA%BA%E6%B0%91%E5%85%B1%E5%92%8C%E5%9B%BD%E5%8E%BF%E7%BA%A7%E4%BB%A5%E4%B8%8A%E8%A1%8C%E6%94%BF%E5%8C%BA%E5%88%92%E5%8F%98%E6%9B%B4%E5%88%97%E8%A1%A8,91124767,wikipedia_row_loose_relation,SRC-WIKI-1993,wikipedia,,revisioned_secondary
WIKI-COUNTY-1993-07-002,1993,其他县级行政区划变更列表 / 撤销县，设立县级市,abolish_or_merge,江门市,CNUR-000202,开平县、开平市,开平县,开平市,撤销开平县，设立开平市（县级）,县级市、县,county_level,开平县 | 440724 | 广东省江门市 | 撤销开平县，设立开平市（县级） | 广东省直辖；江门市代管 | 开平市 | 449007 | 国务院批准；民政部1月5日批复同意；民行批〔1993〕1号,1993年中华人民共和国县级以上行政区划变更列表,https://zh.wikipedia.org/wiki/1993%E5%B9%B4%E4%B8%AD%E5%8D%8E%E4%BA%BA%E6%B0%91%E5%85%B1%E5%92%8C%E5%9B%BD%E5%8E%BF%E7%BA%A7%E4%BB%A5%E4%B8%8A%E8%A1%8C%E6%94%BF%E5%8C%BA%E5%88%92%E5%8F%98%E6%9B%B4%E5%88%97%E8%A1%A8,91124767,wikipedia_row_loose_relation,SRC-WIKI-1993,wikipedia,,revisioned_secondary
WIKI-COUNTY-1993-07-003,1993,其他县级行政区划变更列表 / 撤销县，设立县级市,abolish_or_merge,苏州市,CNUR-000078,太仓县、太仓市,太仓县,太仓市,撤销太仓县，设立太仓市（县级）,县级市、县,county_level,太仓县 | 320522 | 江苏省苏州市 | 撤销太仓县，设立太仓市（县级） | 江苏省直辖；苏州市代管 | 太仓市 | 329022 | 国务院批准；民政部1月8日批复同意；民行批〔1993〕3号,1993年中华人民共和国县级以上行政区划变更列表,https://zh.wikipedia.org/wiki/1993%E5%B9%B4%E4%B8%AD%E5%8D%8E%E4%BA%BA%E6%B0%91%E5%85%B1%E5%92%8C%E5%9B%BD%E5%8E%BF%E7%BA%A7%E4%BB%A5%E4%B8%8A%E8%A1%8C%E6%94%BF%E5%8C%BA%E5%88%92%E5%8F%98%E6%9B%B4%E5%88%97%E8%A1%A8,91124767,wikipedia_row_loose_relation,SRC-WIKI-1993,wikipedia,,revisioned_secondary
WIKI-COUNTY-1993-07-004,1993,其他县级行政区划变更列表 / 撤销县，设立县级市,abolish_or_merge,南通市,CNUR-000079,南通县、通州市,南通县,通州市,撤销南通县，设立通州市（县级）,县级市、县,county_level,南通县 | 320522 | 江苏省南通市 | 撤销南通县，设立通州市（县级） | 江苏省直辖；南通市代管 | 通州市 | 329021 | 国务院批准；民政部1月8日批复同意；民行批〔1993〕4号,1993年中华人民共和国县级以上行政区划变更列表,https://zh.wikipedia.org/wiki/1993%E5%B9%B4%E4%B8%AD%E5%8D%8E%E4%BA%BA%E6%B0%91%E5%85%B1%E5%92%8C%E5%9B%BD%E5%8E%BF%E7%BA%A7%E4%BB%A5%E4%B8%8A%E8%A1%8C%E6%94%BF%E5%8C%BA%E5%88%92%E5%8F%98%E6%9B%B4%E5%88%97%E8%A1%A8,91124767,wikipedia_row_loose_relation,SRC-WIKI-1993,wikipedia,,revisioned_secondary
WIKI-COUNTY-1993-07-005,1993,其他县级行政区划变更列表 / 撤销县，设立县级市,abolish_or_merge,内江市、资阳市,CNUR-000244、CNUR-000253,资阳县,资阳县,资阳市,撤销资阳县，设立资阳市（县级）,县级市、县,county_level,资阳县 | 511026 | 四川省内江市 | 撤销资阳县，设立资阳市（县级） | 四川省直辖；内江市代管 | 资阳市 | 519009 | 国务院批准；民政部1月16日批复同意；民行批〔1993〕5号,1993年中华人民共和国县级以上行政区划变更列表,https://zh.wikipedia.org/wiki/1993%E5%B9%B4%E4%B8%AD%E5%8D%8E%E4%BA%BA%E6%B0%91%E5%85%B1%E5%92%8C%E5%9B%BD%E5%8E%BF%E7%BA%A7%E4%BB%A5%E4%B8%8A%E8%A1%8C%E6%94%BF%E5%8C%BA%E5%88%92%E5%8F%98%E6%9B%B4%E5%88%97%E8%A1%A8,91124767,wikipedia_row_loose_relation,SRC-WIKI-1993,wikipedia,,revisioned_secondary
WIKI-COUNTY-1993-07-006,1993,其他县级行政区划变更列表 / 撤销县，设立县级市,abolish_or_merge,长沙市,CNUR-000182,浏阳县、浏阳市,浏阳县,浏阳市,撤销浏阳县，设立浏阳市（县级）,县级市、县,county_level,浏阳县 | 430123 | 湖南省长沙市 | 撤销浏阳县，设立浏阳市（县级） | 湖南省直辖；长沙市代管 | 浏阳市 | 439008 | 国务院批准；民政部1月16日批复同意；民行批〔1993〕6号,1993年中华人民共和国县级以上行政区划变更列表,https://zh.wikipedia.org/wiki/1993%E5%B9%B4%E4%B8%AD%E5%8D%8E%E4%BA%BA%E6%B0%91%E5%85%B1%E5%92%8C%E5%9B%BD%E5%8E%BF%E7%BA%A7%E4%BB%A5%E4%B8%8A%E8%A1%8C%E6%94%BF%E5%8C%BA%E5%88%92%E5%8F%98%E6%9B%B4%E5%88%97%E8%A1%A8,91124767,wikipedia_row_loose_relation,SRC-WIKI-1993,wikipedia,,revisioned_secondary
WIKI-COUNTY-1993-07-007,1993,其他县级行政区划变更列表 / 撤销县，设立县级市,abolish_or_merge,牡丹江市,CNUR-000069,宁安县、宁安市,宁安县,宁安市,撤销宁安县，设立宁安市（县级）,县级市、县,county_level,宁安县 | 231021 | 黑龙江省牡丹江市 | 撤销宁安县，设立宁安市（县级） | 黑龙江省直辖；牡丹江市代管 | 宁安市 | 239011 | 国务院批准；民政部2月12日批复同意；民行批〔1993〕9号,1993年中华人民共和国县级以上行政区划变更列表,https://zh.wikipedia.org/wiki/1993%E5%B9%B4%E4%B8%AD%E5%8D%8E%E4%BA%BA%E6%B0%91%E5%85%B1%E5%92%8C%E5%9B%BD%E5%8E%BF%E7%BA%A7%E4%BB%A5%E4%B8%8A%E8%A1%8C%E6%94%BF%E5%8C%BA%E5%88%92%E5%8F%98%E6%9B%B4%E5%88%97%E8%A1%A8,91124767,wikipedia_row_loose_relation,SRC-WIKI-1993,wikipedia,,revisioned_secondary
WIKI-COUNTY-1993-07-008,1993,其他县级行政区划变更列表 / 撤销县，设立县级市,abolish_or_merge,儋州市,CNUR-000234,儋县,儋县,儋州市,撤销儋县，设立儋州市（县级）,县级市、县,county_level,儋县 | 460029 | 海南省直辖 | 撤销儋县，设立儋州市（县级） | 海南省直辖 | 儋州市 | 460003 | 国务院批准；民政部3月3日批复同意；民行批〔1993〕45号,1993年中华人民共和国县级以上行政区划变更列表,https://zh.wikipedia.org/wiki/1993%E5%B9%B4%E4%B8%AD%E5%8D%8E%E4%BA%BA%E6%B0%91%E5%85%B1%E5%92%8C%E5%9B%BD%E5%8E%BF%E7%BA%A7%E4%BB%A5%E4%B8%8A%E8%A1%8C%E6%94%BF%E5%8C%BA%E5%88%92%E5%8F%98%E6%9B%B4%E5%88%97%E8%A1%A8,91124767,wikipedia_row_loose_relation,SRC-WIKI-1993,wikipedia,,revisioned_secondary
WIKI-COUNTY-1993-07-009,1993,其他县级行政区划变更列表 / 撤销县，设立县级市,abolish_or_merge,廊坊市,CNUR-000012,三河县、三河市,三河县,三河市,撤销三河县，设立三河市（县级）,县级市、县,county_level,三河县 | 131021 | 河北省廊坊市 | 撤销三河县，设立三河市（县级） | 河北省直辖；廊坊市代管 | 三河市 | 139012 | 国务院批准；民政部3月3日批复同意；民行批〔1993〕46号,1993年中华人民共和国县级以上行政区划变更列表,https://zh.wikipedia.org/wiki/1993%E5%B9%B4%E4%B8%AD%E5%8D%8E%E4%BA%BA%E6%B0%91%E5%85%B1%E5%92%8C%E5%9B%BD%E5%8E%BF%E7%BA%A7%E4%BB%A5%E4%B8%8A%E8%A1%8C%E6%94%BF%E5%8C%BA%E5%88%92%E5%8F%98%E6%9B%B4%E5%88%97%E8%A1%A8,91124767,wikipedia_row_loose_relation,SRC-WIKI-1993,wikipedia,,revisioned_secondary
WIKI-COUNTY-1993-07-010,1993,其他县级行政区划变更列表 / 撤销县，设立县级市,abolish_or_merge,思茅地区、思茅市,CNUR-000272,思茅县,思茅县,思茅市,撤销思茅县，设立思茅市（县级）,县级市、县,county_level,思茅县 | 532721 | 云南省思茅地区 | 撤销思茅县，设立思茅市（县级） | 云南省思茅地区 | 思茅市 | 532701 | 国务院批准；民政部3月25日批复同意；民行批〔1993〕61号,1993年中华人民共和国县级以上行政区划变更列表,https://zh.wikipedia.org/wiki/1993%E5%B9%B4%E4%B8%AD%E5%8D%8E%E4%BA%BA%E6%B0%91%E5%85%B1%E5%92%8C%E5%9B%BD%E5%8E%BF%E7%BA%A7%E4%BB%A5%E4%B8%8A%E8%A1%8C%E6%94%BF%E5%8C%BA%E5%88%92%E5%8F%98%E6%9B%B4%E5%88%97%E8%A1%A8,91124767,wikipedia_row_loose_relation,SRC-WIKI-1993,wikipedia,,revisioned_secondary
WIKI-COUNTY-1993-07-011,1993,其他县级行政区划变更列表 / 撤销县，设立县级市,abolish_or_merge,嘉兴市,CNUR-000090,桐乡县、桐乡市,桐乡县,桐乡市,撤销桐乡县，设立桐乡市（县级）,县级市、县,county_level,桐乡县 | 330425 | 浙江省嘉兴市 | 撤销桐乡县，设立桐乡市（县级） | 浙江省直辖；嘉兴市代管 | 桐乡市 | 339016 | 国务院批准；民政部3月26日批复同意；民行批〔1993〕62号,1993年中华人民共和国县级以上行政区划变更列表,https://zh.wikipedia.org/wiki/1993%E5%B9%B4%E4%B8%AD%E5%8D%8E%E4%BA%BA%E6%B0%91%E5%85%B1%E5%92%8C%E5%9B%BD%E5%8E%BF%E7%BA%A7%E4%BB%A5%E4%B8%8A%E8%A1%8C%E6%94%BF%E5%8C%BA%E5%88%92%E5%8F%98%E6%9B%B4%E5%88%97%E8%A1%A8,91124767,wikipedia_row_loose_relation,SRC-WIKI-1993,wikipedia,,revisioned_secondary
WIKI-COUNTY-1993-07-012,1993,其他县级行政区划变更列表 / 撤销县，设立县级市,abolish_or_merge,佛山市,CNUR-000201,三水县、三水市,三水县,三水市,撤销三水县，设立三水市（县级）,县级市、县,county_level,三水县 | 440621 | 广东省佛山市 | 撤销三水县，设立三水市（县级） | 广东省直辖；佛山市代管 | 三水市 | 449008 | 国务院批准；民政部3月29日批复同意；民行批〔1993〕68号,1993年中华人民共和国县级以上行政区划变更列表,https://zh.wikipedia.org/wiki/1993%E5%B9%B4%E4%B8%AD%E5%8D%8E%E4%BA%BA%E6%B0%91%E5%85%B1%E5%92%8C%E5%9B%BD%E5%8E%BF%E7%BA%A7%E4%BB%A5%E4%B8%8A%E8%A1%8C%E6%94%BF%E5%8C%BA%E5%88%92%E5%8F%98%E6%9B%B4%E5%88%97%E8%A1%A8,91124767,wikipedia_row_loose_relation,SRC-WIKI-1993,wikipedia,,revisioned_secondary
WIKI-COUNTY-1993-07-013,1993,其他县级行政区划变更列表 / 撤销县，设立县级市,abolish_or_merge,揭阳市,CNUR-000215,普宁县、普宁市,普宁县,普宁市,撤销普宁县，设立普宁市（县级）,县级市、县,county_level,普宁县 | 445223 | 广东省揭阳市 | 撤销普宁县，设立普宁市（县级） | 广东省直辖；揭阳市代管 | 普宁市 | 449009 | 国务院批准；民政部4月6日批复同意；民行批〔1993〕71号,1993年中华人民共和国县级以上行政区划变更列表,https://zh.wikipedia.org/wiki/1993%E5%B9%B4%E4%B8%AD%E5%8D%8E%E4%BA%BA%E6%B0%91%E5%85%B1%E5%92%8C%E5%9B%BD%E5%8E%BF%E7%BA%A7%E4%BB%A5%E4%B8%8A%E8%A1%8C%E6%94%BF%E5%8C%BA%E5%88%92%E5%8F%98%E6%9B%B4%E5%88%97%E8%A1%A8,91124767,wikipedia_row_loose_relation,SRC-WIKI-1993,wikipedia,,revisioned_secondary
WIKI-COUNTY-1993-07-014,1993,其他县级行政区划变更列表 / 撤销县，设立县级市,abolish_or_merge,肇庆市,CNUR-000205,罗定县、罗定市,罗定县,罗定市,撤销罗定县，设立罗定市（县级）,县级市、县,county_level,罗定县 | 441230 | 广东省肇庆市 | 撤销罗定县，设立罗定市（县级） | 广东省直辖；肇庆市代管 | 罗定市 | 449010 | 国务院批准；民政部4月8日批复同意；民行批〔1993〕72号,1993年中华人民共和国县级以上行政区划变更列表,https://zh.wikipedia.org/wiki/1993%E5%B9%B4%E4%B8%AD%E5%8D%8E%E4%BA%BA%E6%B0%91%E5%85%B1%E5%92%8C%E5%9B%BD%E5%8E%BF%E7%BA%A7%E4%BB%A5%E4%B8%8A%E8%A1%8C%E6%94%BF%E5%8C%BA%E5%88%92%E5%8F%98%E6%9B%B4%E5%88%97%E8%A1%A8,91124767,wikipedia_row_loose_relation,SRC-WIKI-1993,wikipedia,,revisioned_secondary
WIKI-COUNTY-1993-07-015,1993,其他县级行政区划变更列表 / 撤销县，设立县级市,abolish_or_merge,保定地区,CNUR-000356,新城县、高碑店市,新城县,高碑店市,撤销新城县，设立高碑店市（县级）,县级市、县,county_level,新城县 | 132436 | 河北省保定地区 | 撤销新城县，设立高碑店市（县级） | 河北省保定地区 | 高碑店市 | 132404 | 国务院批准；民政部4月9日批复同意；民行批〔1993〕76号,1993年中华人民共和国县级以上行政区划变更列表,https://zh.wikipedia.org/wiki/1993%E5%B9%B4%E4%B8%AD%E5%8D%8E%E4%BA%BA%E6%B0%91%E5%85%B1%E5%92%8C%E5%9B%BD%E5%8E%BF%E7%BA%A7%E4%BB%A5%E4%B8%8A%E8%A1%8C%E6%94%BF%E5%8C%BA%E5%88%92%E5%8F%98%E6%9B%B4%E5%88%97%E8%A1%A8,91124767,wikipedia_row_loose_relation,SRC-WIKI-1993,wikipedia,,revisioned_secondary
WIKI-COUNTY-1993-07-016,1993,其他县级行政区划变更列表 / 撤销县，设立县级市,abolish_or_merge,汕头市,CNUR-000200,潮阳县、潮阳市,潮阳县,潮阳市,撤销潮阳县，设立潮阳市（县级）,县级市、县,county_level,潮阳县 | 440524 | 广东省汕头市 | 撤销潮阳县，设立潮阳市（县级） | 广东省直辖；汕头市代管 | 潮阳市 | 449011 | 国务院批准；民政部4月9日批复同意；民行批〔1993〕78号,1993年中华人民共和国县级以上行政区划变更列表,https://zh.wikipedia.org/wiki/1993%E5%B9%B4%E4%B8%AD%E5%8D%8E%E4%BA%BA%E6%B0%91%E5%85%B1%E5%92%8C%E5%9B%BD%E5%8E%BF%E7%BA%A7%E4%BB%A5%E4%B8%8A%E8%A1%8C%E6%94%BF%E5%8C%BA%E5%88%92%E5%8F%98%E6%9B%B4%E5%88%97%E8%A1%A8,91124767,wikipedia_row_loose_relation,SRC-WIKI-1993,wikipedia,,revisioned_secondary
WIKI-COUNTY-1993-07-017,1993,其他县级行政区划变更列表 / 撤销县，设立县级市,abolish_or_merge,三门峡市,CNUR-000163,灵宝县、灵宝市,灵宝县,灵宝市,撤销灵宝县，设立灵宝市（县级）,县级市、县,county_level,灵宝县 | 411223 | 河南省三门峡市 | 撤销灵宝县，设立灵宝市（县级） | 河南省直辖；三门峡市代管 | 灵宝市 | 419010 | 国务院批准；民政部5月12日批复同意；民行批〔1993〕92号,1993年中华人民共和国县级以上行政区划变更列表,https://zh.wikipedia.org/wiki/1993%E5%B9%B4%E4%B8%AD%E5%8D%8E%E4%BA%BA%E6%B0%91%E5%85%B1%E5%92%8C%E5%9B%BD%E5%8E%BF%E7%BA%A7%E4%BB%A5%E4%B8%8A%E8%A1%8C%E6%94%BF%E5%8C%BA%E5%88%92%E5%8F%98%E6%9B%B4%E5%88%97%E8%A1%A8,91124767,wikipedia_row_loose_relation,SRC-WIKI-1993,wikipedia,,revisioned_secondary
WIKI-COUNTY-1993-07-018,1993,其他县级行政区划变更列表 / 撤销县，设立县级市,abolish_or_merge,晋城市,CNUR-000018,高平县、高平市,高平县,高平市,撤销高平县，设立高平市（县级）,县级市、县,county_level,高平县 | 140523 | 山西省晋城市 | 撤销高平县，设立高平市（县级） | 山西省直辖；晋城市代管 | 高平市 | 149002 | 国务院批准；民政部5月12日批复同意；民行批〔1993〕93号,1993年中华人民共和国县级以上行政区划变更列表,https://zh.wikipedia.org/wiki/1993%E5%B9%B4%E4%B8%AD%E5%8D%8E%E4%BA%BA%E6%B0%91%E5%85%B1%E5%92%8C%E5%9B%BD%E5%8E%BF%E7%BA%A7%E4%BB%A5%E4%B8%8A%E8%A1%8C%E6%94%BF%E5%8C%BA%E5%88%92%E5%8F%98%E6%9B%B4%E5%88%97%E8%A1%A8,91124767,wikipedia_row_loose_relation,SRC-WIKI-1993,wikipedia,,revisioned_secondary
WIKI-COUNTY-1993-07-019,1993,其他县级行政区划变更列表 / 撤销县，设立县级市,abolish_or_merge,漳州市,CNUR-000120,龙海县、龙海市,龙海县,龙海市,撤销龙海县，设立龙海市（县级）,县级市、县,county_level,龙海县 | 350621 | 福建省漳州市 | 撤销龙海县，设立龙海市（县级） | 福建省直辖；漳州市代管 | 龙海市 | 359006 | 国务院批准；民政部5月12日批复同意；民行批〔1993〕94号,1993年中华人民共和国县级以上行政区划变更列表,https://zh.wikipedia.org/wiki/1993%E5%B9%B4%E4%B8%AD%E5%8D%8E%E4%BA%BA%E6%B0%91%E5%85%B1%E5%92%8C%E5%9B%BD%E5%8E%BF%E7%BA%A7%E4%BB%A5%E4%B8%8A%E8%A1%8C%E6%94%BF%E5%8C%BA%E5%88%92%E5%8F%98%E6%9B%B4%E5%88%97%E8%A1%A8,91124767,wikipedia_row_loose_relation,SRC-WIKI-1993,wikipedia,,revisioned_secondary
WIKI-COUNTY-1993-07-020,1993,其他县级行政区划变更列表 / 撤销县，设立县级市,abolish_or_merge,泉州市,CNUR-000119,南安县、南安市,南安县,南安市,撤销南安县，设立南安市（县级）,县级市、县,county_level,南安县 | 350523 | 福建省泉州市 | 撤销南安县，设立南安市（县级） | 福建省直辖；泉州市代管 | 南安市 | 359005 | 国务院批准；民政部5月12日批复同意；民行批〔1993〕95号,1993年中华人民共和国县级以上行政区划变更列表,https://zh.wikipedia.org/wiki/1993%E5%B9%B4%E4%B8%AD%E5%8D%8E%E4%BA%BA%E6%B0%91%E5%85%B1%E5%92%8C%E5%9B%BD%E5%8E%BF%E7%BA%A7%E4%BB%A5%E4%B8%8A%E8%A1%8C%E6%94%BF%E5%8C%BA%E5%88%92%E5%8F%98%E6%9B%B4%E5%88%97%E8%A1%A8,91124767,wikipedia_row_loose_relation,SRC-WIKI-1993,wikipedia,,revisioned_secondary
WIKI-COUNTY-1993-07-021,1993,其他县级行政区划变更列表 / 撤销县，设立县级市,abolish_or_merge,潍坊市,CNUR-000141,寿光县、寿光市,寿光县,寿光市,撤销寿光县，设立寿光市（县级）,县级市、县,county_level,寿光县 | 370723 | 山东省潍坊市 | 撤销寿光县，设立寿光市（县级） | 山东省直辖；潍坊市代管 | 寿光市 | 379023 | 国务院批准；民政部6月1日批复同意；民行批〔1993〕116号,1993年中华人民共和国县级以上行政区划变更列表,https://zh.wikipedia.org/wiki/1993%E5%B9%B4%E4%B8%AD%E5%8D%8E%E4%BA%BA%E6%B0%91%E5%85%B1%E5%92%8C%E5%9B%BD%E5%8E%BF%E7%BA%A7%E4%BB%A5%E4%B8%8A%E8%A1%8C%E6%94%BF%E5%8C%BA%E5%88%92%E5%8F%98%E6%9B%B4%E5%88%97%E8%A1%A8,91124767,wikipedia_row_loose_relation,SRC-WIKI-1993,wikipedia,,revisioned_secondary
WIKI-COUNTY-1993-07-022,1993,其他县级行政区划变更列表 / 撤销县，设立县级市,abolish_or_merge,松花江地区,CNUR-000360,五常县、五常市,五常县,五常市,撤销五常县，设立五常市（县级）,县级市、县,county_level,五常县 | 232125 | 黑龙江省；松花江地区 | 撤销五常县，设立五常市（县级） | 黑龙江省；松花江地区 | 五常市 | 232103 | 国务院批准；民政部6月1日批复同意；民行批〔1993〕117号,1993年中华人民共和国县级以上行政区划变更列表,https://zh.wikipedia.org/wiki/1993%E5%B9%B4%E4%B8%AD%E5%8D%8E%E4%BA%BA%E6%B0%91%E5%85%B1%E5%92%8C%E5%9B%BD%E5%8E%BF%E7%BA%A7%E4%BB%A5%E4%B8%8A%E8%A1%8C%E6%94%BF%E5%8C%BA%E5%88%92%E5%8F%98%E6%9B%B4%E5%88%97%E8%A1%A8,91124767,wikipedia_row_loose_relation,SRC-WIKI-1993,wikipedia,,revisioned_secondary
WIKI-COUNTY-1993-07-023,1993,其他县级行政区划变更列表 / 撤销县，设立县级市,abolish_or_merge,茂名市,CNUR-000204,高州县、高州市,高州县,高州市,撤销高州县，设立高州市（县级）,县级市、县,county_level,高州县 | 440922 | 广东省茂名市 | 撤销高州县，设立高州市（县级） | 广东省直辖；茂名市代管 | 高州市 | 449012 | 国务院批准；民政部6月8日批复同意；民行批〔1993〕126号,1993年中华人民共和国县级以上行政区划变更列表,https://zh.wikipedia.org/wiki/1993%E5%B9%B4%E4%B8%AD%E5%8D%8E%E4%BA%BA%E6%B0%91%E5%85%B1%E5%92%8C%E5%9B%BD%E5%8E%BF%E7%BA%A7%E4%BB%A5%E4%B8%8A%E8%A1%8C%E6%94%BF%E5%8C%BA%E5%88%92%E5%8F%98%E6%9B%B4%E5%88%97%E8%A1%A8,91124767,wikipedia_row_loose_relation,SRC-WIKI-1993,wikipedia,,revisioned_secondary
WIKI-COUNTY-1993-07-024,1993,其他县级行政区划变更列表 / 撤销县，设立县级市,abolish_or_merge,沈阳市,CNUR-000037,新民县、新民市,新民县,新民市,撤销新民县，设立新民市（县级）,县级市、县,county_level,新民县 | 210121 | 辽宁省沈阳市 | 撤销新民县，设立新民市（县级） | 辽宁省直辖；沈阳市代管 | 新民市 | 219013 | 国务院批准；民政部6月14日批复同意；民行批〔1993〕128号,1993年中华人民共和国县级以上行政区划变更列表,https://zh.wikipedia.org/wiki/1993%E5%B9%B4%E4%B8%AD%E5%8D%8E%E4%BA%BA%E6%B0%91%E5%85%B1%E5%92%8C%E5%9B%BD%E5%8E%BF%E7%BA%A7%E4%BB%A5%E4%B8%8A%E8%A1%8C%E6%94%BF%E5%8C%BA%E5%88%92%E5%8F%98%E6%9B%B4%E5%88%97%E8%A1%A8,91124767,wikipedia_row_loose_relation,SRC-WIKI-1993,wikipedia,,revisioned_secondary
WIKI-COUNTY-1993-07-025,1993,其他县级行政区划变更列表 / 撤销县，设立县级市,abolish_or_merge,忻州地区,CNUR-000022,原平县、原平市,原平县,原平市,撤销原平县，设立原平市（县级）,县级市、县,county_level,原平县 | 142224 | 山西省忻州地区 | 撤销原平县，设立原平市（县级） | 山西省忻州地区 | 原平市 | 142202 | 国务院批准；民政部6月17日批复同意；民行批〔1993〕129号,1993年中华人民共和国县级以上行政区划变更列表,https://zh.wikipedia.org/wiki/1993%E5%B9%B4%E4%B8%AD%E5%8D%8E%E4%BA%BA%E6%B0%91%E5%85%B1%E5%92%8C%E5%9B%BD%E5%8E%BF%E7%BA%A7%E4%BB%A5%E4%B8%8A%E8%A1%8C%E6%94%BF%E5%8C%BA%E5%88%92%E5%8F%98%E6%9B%B4%E5%88%97%E8%A1%A8,91124767,wikipedia_row_loose_relation,SRC-WIKI-1993,wikipedia,,revisioned_secondary
WIKI-COUNTY-1993-07-026,1993,其他县级行政区划变更列表 / 撤销县，设立县级市,abolish_or_merge,广州市,CNUR-000196,花县、花都市,花县,花都市,撤销花县，设立花都市（县级）,县级市、县,county_level,花县 | 440121 | 广东省广州市 | 撤销花县，设立花都市（县级） | 广东省直辖；广州市代管 | 花都市 | 449013 | 国务院批准；民政部6月18日批复同意；民行批〔1993〕130号,1993年中华人民共和国县级以上行政区划变更列表,https://zh.wikipedia.org/wiki/1993%E5%B9%B4%E4%B8%AD%E5%8D%8E%E4%BA%BA%E6%B0%91%E5%85%B1%E5%92%8C%E5%9B%BD%E5%8E%BF%E7%BA%A7%E4%BB%A5%E4%B8%8A%E8%A1%8C%E6%94%BF%E5%8C%BA%E5%88%92%E5%8F%98%E6%9B%B4%E5%88%97%E8%A1%A8,91124767,wikipedia_row_loose_relation,SRC-WIKI-1993,wikipedia,,revisioned_secondary
WIKI-COUNTY-1993-07-027,1993,其他县级行政区划变更列表 / 撤销县，设立县级市,abolish_or_merge,丹东市,CNUR-000042,东沟县、东港市,东沟县,东港市,撤销东沟县，设立东港市（县级）,县级市、县,county_level,东沟县 | 210623 | 辽宁省丹东市 | 撤销东沟县，设立东港市（县级） | 辽宁省直辖；丹东市代管 | 东港市 | 219014 | 国务院批准；民政部6月18日批复同意；民行批〔1993〕132号,1993年中华人民共和国县级以上行政区划变更列表,https://zh.wikipedia.org/wiki/1993%E5%B9%B4%E4%B8%AD%E5%8D%8E%E4%BA%BA%E6%B0%91%E5%85%B1%E5%92%8C%E5%9B%BD%E5%8E%BF%E7%BA%A7%E4%BB%A5%E4%B8%8A%E8%A1%8C%E6%94%BF%E5%8C%BA%E5%88%92%E5%8F%98%E6%9B%B4%E5%88%97%E8%A1%A8,91124767,wikipedia_row_loose_relation,SRC-WIKI-1993,wikipedia,,revisioned_secondary
WIKI-COUNTY-1993-07-028,1993,其他县级行政区划变更列表 / 撤销县，设立县级市,abolish_or_merge,咸阳市,CNUR-000292,兴平县、兴平市,兴平县,兴平市,撤销兴平县，设立兴平市（县级）,县级市、县,county_level,兴平县 | 610421 | 陕西省咸阳市 | 撤销兴平县，设立兴平市（县级） | 陕西省直辖；咸阳市代管 | 兴平市 | 619001 | 国务院批准；民政部6月18日批复同意；民行批〔1993〕133号,1993年中华人民共和国县级以上行政区划变更列表,https://zh.wikipedia.org/wiki/1993%E5%B9%B4%E4%B8%AD%E5%8D%8E%E4%BA%BA%E6%B0%91%E5%85%B1%E5%92%8C%E5%9B%BD%E5%8E%BF%E7%BA%A7%E4%BB%A5%E4%B8%8A%E8%A1%8C%E6%94%BF%E5%8C%BA%E5%88%92%E5%8F%98%E6%9B%B4%E5%88%97%E8%A1%A8,91124767,wikipedia_row_loose_relation,SRC-WIKI-1993,wikipedia,,revisioned_secondary
WIKI-COUNTY-1993-07-029,1993,其他县级行政区划变更列表 / 撤销县，设立县级市,abolish_or_merge,巴中市,CNUR-000252,巴中县,巴中县,巴中市,撤销巴中县，设立巴中市（县级）,县级市、县,county_level,"id=""513027""|巴中县 | 513027 | 四川省达县地区↑ | 撤销巴中县，设立巴中市（县级） | 四川省达县地区 | 巴中市 | 未实际分配↑ | 国务院批准；民政部7月2日批复同意；民行批〔1993〕136号",1993年中华人民共和国县级以上行政区划变更列表,https://zh.wikipedia.org/wiki/1993%E5%B9%B4%E4%B8%AD%E5%8D%8E%E4%BA%BA%E6%B0%91%E5%85%B1%E5%92%8C%E5%9B%BD%E5%8E%BF%E7%BA%A7%E4%BB%A5%E4%B8%8A%E8%A1%8C%E6%94%BF%E5%8C%BA%E5%88%92%E5%8F%98%E6%9B%B4%E5%88%97%E8%A1%A8,91124767,wikipedia_row_loose_relation,SRC-WIKI-1993,wikipedia,,revisioned_secondary
WIKI-COUNTY-1993-07-030,1993,其他县级行政区划变更列表 / 撤销县，设立县级市,abolish_or_merge,延边朝鲜族自治州,CNUR-000059,和龙县、和龙市,和龙县,和龙市,撤销和龙县，设立和龙市（县级）,县级市、县,county_level,和龙县 | 222423 | 吉林省；延边朝鲜族自治州 | 撤销和龙县，设立和龙市（县级） | 吉林省；延边朝鲜族自治州 | 和龙市 | 222406 | 国务院批准；民政部7月5日批复同意；民行批〔1993〕138号,1993年中华人民共和国县级以上行政区划变更列表,https://zh.wikipedia.org/wiki/1993%E5%B9%B4%E4%B8%AD%E5%8D%8E%E4%BA%BA%E6%B0%91%E5%85%B1%E5%92%8C%E5%9B%BD%E5%8E%BF%E7%BA%A7%E4%BB%A5%E4%B8%8A%E8%A1%8C%E6%94%BF%E5%8C%BA%E5%88%92%E5%8F%98%E6%9B%B4%E5%88%97%E8%A1%A8,91124767,wikipedia_row_loose_relation,SRC-WIKI-1993,wikipedia,,revisioned_secondary
WIKI-COUNTY-1993-07-031,1993,其他县级行政区划变更列表 / 撤销县，设立县级市,abolish_or_merge,扬州市,CNUR-000083,靖江县、靖江市,靖江县,靖江市,撤销靖江县，设立靖江市（县级）,县级市、县,county_level,靖江县 | 321024 | 江苏省扬州市 | 撤销靖江县，设立靖江市（县级） | 江苏省直辖；扬州市代管 | 靖江市 | 329023 | 国务院批准；民政部7月14日批复同意；民行批〔1993〕152号,1993年中华人民共和国县级以上行政区划变更列表,https://zh.wikipedia.org/wiki/1993%E5%B9%B4%E4%B8%AD%E5%8D%8E%E4%BA%BA%E6%B0%91%E5%85%B1%E5%92%8C%E5%9B%BD%E5%8E%BF%E7%BA%A7%E4%BB%A5%E4%B8%8A%E8%A1%8C%E6%94%BF%E5%8C%BA%E5%88%92%E5%8F%98%E6%9B%B4%E5%88%97%E8%A1%A8,91124767,wikipedia_row_loose_relation,SRC-WIKI-1993,wikipedia,,revisioned_secondary
WIKI-COUNTY-1993-07-032,1993,其他县级行政区划变更列表 / 撤销县，设立县级市,abolish_or_merge,威海市,CNUR-000144,乳山县、乳山市,乳山县,乳山市,撤销乳山县，设立乳山市（县级）,县级市、县,county_level,乳山县 | 371021 | 山东省威海市 | 撤销乳山县，设立乳山市（县级） | 山东省直辖；威海市代管 | 乳山市 | 379024 | 国务院批准；民政部7月17日批复同意；民行批〔1993〕153号,1993年中华人民共和国县级以上行政区划变更列表,https://zh.wikipedia.org/wiki/1993%E5%B9%B4%E4%B8%AD%E5%8D%8E%E4%BA%BA%E6%B0%91%E5%85%B1%E5%92%8C%E5%9B%BD%E5%8E%BF%E7%BA%A7%E4%BB%A5%E4%B8%8A%E8%A1%8C%E6%94%BF%E5%8C%BA%E5%88%92%E5%8F%98%E6%9B%B4%E5%88%97%E8%A1%A8,91124767,wikipedia_row_loose_relation,SRC-WIKI-1993,wikipedia,,revisioned_secondary
WIKI-COUNTY-1993-07-033,1993,其他县级行政区划变更列表 / 撤销县，设立县级市,abolish_or_merge,德州地区,CNUR-000148,禹城县、禹城市,禹城县,禹城市,撤销禹城县，设立禹城市（县级）,县级市、县,county_level,禹城县 | 372426 | 山东省德州地区 | 撤销禹城县，设立禹城市（县级） | 山东省德州地区 | 禹城市 | 372403 | 国务院批准；民政部9月9日批复同意；民行批〔1993〕181号,1993年中华人民共和国县级以上行政区划变更列表,https://zh.wikipedia.org/wiki/1993%E5%B9%B4%E4%B8%AD%E5%8D%8E%E4%BA%BA%E6%B0%91%E5%85%B1%E5%92%8C%E5%9B%BD%E5%8E%BF%E7%BA%A7%E4%BB%A5%E4%B8%8A%E8%A1%8C%E6%94%BF%E5%8C%BA%E5%88%92%E5%8F%98%E6%9B%B4%E5%88%97%E8%A1%A8,91124767,wikipedia_row_loose_relation,SRC-WIKI-1993,wikipedia,,revisioned_secondary
WIKI-COUNTY-1993-07-034,1993,其他县级行政区划变更列表 / 撤销县，设立县级市,abolish_or_merge,河池地区,CNUR-000228,宜山县、宜州市,宜山县,宜州市,撤销宜山县，设立宜州市（县级）,县级市、县,county_level,宜山县 | 452722 | 广西壮族自治区；河池地区 | 撤销宜山县，设立宜州市（县级） | 广西壮族自治区；河池地区 | 宜州市 | 452702 | 国务院批准；民政部9月9日批复同意；民行批〔1993〕182号,1993年中华人民共和国县级以上行政区划变更列表,https://zh.wikipedia.org/wiki/1993%E5%B9%B4%E4%B8%AD%E5%8D%8E%E4%BA%BA%E6%B0%91%E5%85%B1%E5%92%8C%E5%9B%BD%E5%8E%BF%E7%BA%A7%E4%BB%A5%E4%B8%8A%E8%A1%8C%E6%94%BF%E5%8C%BA%E5%88%92%E5%8F%98%E6%9B%B4%E5%88%97%E8%A1%A8,91124767,wikipedia_row_loose_relation,SRC-WIKI-1993,wikipedia,,revisioned_secondary
WIKI-COUNTY-1993-07-035,1993,其他县级行政区划变更列表 / 撤销县，设立县级市,abolish_or_merge,衡水地区,CNUR-000013,冀县、冀州市,冀县,冀州市,撤销冀县，设立冀州市（县级）,县级市、县,county_level,冀县 | 133022 | 河北省衡水地区 | 撤销冀县，设立冀州市（县级） | 河北省衡水地区 | 冀州市 | 133002 | 国务院批准；民政部9月22日批复同意；民行批〔1993〕185号,1993年中华人民共和国县级以上行政区划变更列表,https://zh.wikipedia.org/wiki/1993%E5%B9%B4%E4%B8%AD%E5%8D%8E%E4%BA%BA%E6%B0%91%E5%85%B1%E5%92%8C%E5%9B%BD%E5%8E%BF%E7%BA%A7%E4%BB%A5%E4%B8%8A%E8%A1%8C%E6%94%BF%E5%8C%BA%E5%88%92%E5%8F%98%E6%9B%B4%E5%88%97%E8%A1%A8,91124767,wikipedia_row_loose_relation,SRC-WIKI-1993,wikipedia,,revisioned_secondary
WIKI-COUNTY-1993-07-036,1993,其他县级行政区划变更列表 / 撤销县，设立县级市,abolish_or_merge,滁州市,CNUR-000107,天长县、天长市,天长县,天长市,撤销天长县，设立天长市（县级）,县级市、县,county_level,天长县 | 341121 | 安徽省滁州市 | 撤销天长县，设立天长市（县级） | 安徽省直辖；滁州市代管 | 天长市 | 349001 | 国务院批准；民政部9月18日批复同意；民行批〔1993〕187号,1993年中华人民共和国县级以上行政区划变更列表,https://zh.wikipedia.org/wiki/1993%E5%B9%B4%E4%B8%AD%E5%8D%8E%E4%BA%BA%E6%B0%91%E5%85%B1%E5%92%8C%E5%9B%BD%E5%8E%BF%E7%BA%A7%E4%BB%A5%E4%B8%8A%E8%A1%8C%E6%94%BF%E5%8C%BA%E5%88%92%E5%8F%98%E6%9B%B4%E5%88%97%E8%A1%A8,91124767,wikipedia_row_loose_relation,SRC-WIKI-1993,wikipedia,,revisioned_secondary
WIKI-COUNTY-1993-07-037,1993,其他县级行政区划变更列表 / 撤销县，设立县级市,abolish_or_merge,温州市,CNUR-000089,乐清县、乐清市,乐清县,乐清市,撤销乐清县，设立乐清市（县级）,县级市、县,county_level,乐清县 | 330323 | 浙江省温州市 | 撤销乐清县，设立乐清市（县级） | 浙江省直辖；温州市代管 | 乐清市 | 339017 | 国务院批准；民政部9月18日批复同意；民行批〔1993〕188号,1993年中华人民共和国县级以上行政区划变更列表,https://zh.wikipedia.org/wiki/1993%E5%B9%B4%E4%B8%AD%E5%8D%8E%E4%BA%BA%E6%B0%91%E5%85%B1%E5%92%8C%E5%9B%BD%E5%8E%BF%E7%BA%A7%E4%BB%A5%E4%B8%8A%E8%A1%8C%E6%94%BF%E5%8C%BA%E5%88%92%E5%8F%98%E6%9B%B4%E5%88%97%E8%A1%A8,91124767,wikipedia_row_loose_relation,SRC-WIKI-1993,wikipedia,,revisioned_secondary
WIKI-COUNTY-1993-07-038,1993,其他县级行政区划变更列表 / 撤销县，设立县级市,abolish_or_merge,肇庆市,CNUR-000205,高要县、高要市,高要县,高要市,撤销高要县，设立高要市（县级）,县级市、县,county_level,高要县 | 441221 | 广东省肇庆市 | 撤销高要县，设立高要市（县级） | 广东省直辖；肇庆市代管 | 高要市 | 449014 | 国务院批准；民政部9月28日批复同意；民行批〔1993〕190号,1993年中华人民共和国县级以上行政区划变更列表,https://zh.wikipedia.org/wiki/1993%E5%B9%B4%E4%B8%AD%E5%8D%8E%E4%BA%BA%E6%B0%91%E5%85%B1%E5%92%8C%E5%9B%BD%E5%8E%BF%E7%BA%A7%E4%BB%A5%E4%B8%8A%E8%A1%8C%E6%94%BF%E5%8C%BA%E5%88%92%E5%8F%98%E6%9B%B4%E5%88%97%E8%A1%A8,91124767,wikipedia_row_loose_relation,SRC-WIKI-1993,wikipedia,,revisioned_secondary
WIKI-COUNTY-1993-07-039,1993,其他县级行政区划变更列表 / 撤销县，设立县级市,abolish_or_merge,江门市,CNUR-000202,鹤山县、鹤山市,鹤山县,鹤山市,撤销鹤山县，设立鹤山市（县级）,县级市、县,county_level,鹤山县 | 440725 | 广东省江门市 | 撤销鹤山县，设立鹤山市（县级） | 广东省直辖；江门市代管 | 鹤山市 | 449015 | 国务院批准；民政部11月8日批复同意；民行批〔1993〕208号,1993年中华人民共和国县级以上行政区划变更列表,https://zh.wikipedia.org/wiki/1993%E5%B9%B4%E4%B8%AD%E5%8D%8E%E4%BA%BA%E6%B0%91%E5%85%B1%E5%92%8C%E5%9B%BD%E5%8E%BF%E7%BA%A7%E4%BB%A5%E4%B8%8A%E8%A1%8C%E6%94%BF%E5%8C%BA%E5%88%92%E5%8F%98%E6%9B%B4%E5%88%97%E8%A1%A8,91124767,wikipedia_row_loose_relation,SRC-WIKI-1993,wikipedia,,revisioned_secondary
WIKI-COUNTY-1993-07-040,1993,其他县级行政区划变更列表 / 撤销县，设立县级市,abolish_or_merge,常州市,CNUR-000077,金坛县、金坛市,金坛县,金坛市,撤销金坛县，设立金坛市（县级）,县级市、县,county_level,金坛县 | 320422 | 江苏省常州市 | 撤销金坛县，设立金坛市（县级） | 江苏省直辖；常州市代管 | 金坛市 | 329024 | 国务院批准；民政部11月10日批复同意；民行批〔1993〕212号,1993年中华人民共和国县级以上行政区划变更列表,https://zh.wikipedia.org/wiki/1993%E5%B9%B4%E4%B8%AD%E5%8D%8E%E4%BA%BA%E6%B0%91%E5%85%B1%E5%92%8C%E5%9B%BD%E5%8E%BF%E7%BA%A7%E4%BB%A5%E4%B8%8A%E8%A1%8C%E6%94%BF%E5%8C%BA%E5%88%92%E5%8F%98%E6%9B%B4%E5%88%97%E8%A1%A8,91124767,wikipedia_row_loose_relation,SRC-WIKI-1993,wikipedia,,revisioned_secondary
WIKI-COUNTY-1993-07-041,1993,其他县级行政区划变更列表 / 撤销县，设立县级市,abolish_or_merge,锦州市,CNUR-000043,锦县、凌海市,锦县,凌海市,撤销锦县，设立凌海市（县级）,县级市、县,county_level,锦县 | 210724 | 辽宁省锦州市 | 撤销锦县，设立凌海市（县级） | 辽宁省直辖；锦州市代管 | 凌海市 | 219015 | 国务院批准；民政部11月16日批复同意；民行批〔1993〕231号,1993年中华人民共和国县级以上行政区划变更列表,https://zh.wikipedia.org/wiki/1993%E5%B9%B4%E4%B8%AD%E5%8D%8E%E4%BA%BA%E6%B0%91%E5%85%B1%E5%92%8C%E5%9B%BD%E5%8E%BF%E7%BA%A7%E4%BB%A5%E4%B8%8A%E8%A1%8C%E6%94%BF%E5%8C%BA%E5%88%92%E5%8F%98%E6%9B%B4%E5%88%97%E8%A1%A8,91124767,wikipedia_row_loose_relation,SRC-WIKI-1993,wikipedia,,revisioned_secondary
WIKI-COUNTY-1993-07-042,1993,其他县级行政区划变更列表 / 撤销县，设立县级市,abolish_or_merge,成都市,CNUR-000236,彭县、彭州市,彭县,彭州市,撤销彭县，设立彭州市（县级）,县级市、县,county_level,彭县 | 510126 | 四川省成都市 | 撤销彭县，设立彭州市（县级） | 四川省直辖；成都市代管 | 彭州市 | 519010 | 国务院批准；民政部11月18日批复同意；民行批〔1993〕232号,1993年中华人民共和国县级以上行政区划变更列表,https://zh.wikipedia.org/wiki/1993%E5%B9%B4%E4%B8%AD%E5%8D%8E%E4%BA%BA%E6%B0%91%E5%85%B1%E5%92%8C%E5%9B%BD%E5%8E%BF%E7%BA%A7%E4%BB%A5%E4%B8%8A%E8%A1%8C%E6%94%BF%E5%8C%BA%E5%88%92%E5%8F%98%E6%9B%B4%E5%88%97%E8%A1%A8,91124767,wikipedia_row_loose_relation,SRC-WIKI-1993,wikipedia,,revisioned_secondary
WIKI-COUNTY-1993-07-043,1993,其他县级行政区划变更列表 / 撤销县，设立县级市,abolish_or_merge,肇庆市,CNUR-000205,四会县、四会市,四会县,四会市,撤销四会县，设立四会市（县级）,县级市、县,county_level,四会县 | 441222 | 广东省肇庆市 | 撤销四会县，设立四会市（县级） | 广东省直辖；肇庆市代管 | 四会市 | 449016 | 国务院批准；民政部11月25日批复同意；民行批〔1993〕236号,1993年中华人民共和国县级以上行政区划变更列表,https://zh.wikipedia.org/wiki/1993%E5%B9%B4%E4%B8%AD%E5%8D%8E%E4%BA%BA%E6%B0%91%E5%85%B1%E5%92%8C%E5%9B%BD%E5%8E%BF%E7%BA%A7%E4%BB%A5%E4%B8%8A%E8%A1%8C%E6%94%BF%E5%8C%BA%E5%88%92%E5%8F%98%E6%9B%B4%E5%88%97%E8%A1%A8,91124767,wikipedia_row_loose_relation,SRC-WIKI-1993,wikipedia,,revisioned_secondary
WIKI-COUNTY-1993-07-044,1993,其他县级行政区划变更列表 / 撤销县，设立县级市,abolish_or_merge,浑江市,CNUR-000056,临江县、临江市,临江县,临江市,撤销临江县，设立临江市（县级）,县级市、县,county_level,临江县 | 510126 | 吉林省浑江市 | 撤销临江县，设立临江市（县级） | 吉林省直辖；浑江市代管 | 临江市 | 229011 | 国务院批准；民政部11月18日批复同意；民行批〔1993〕232号,1993年中华人民共和国县级以上行政区划变更列表,https://zh.wikipedia.org/wiki/1993%E5%B9%B4%E4%B8%AD%E5%8D%8E%E4%BA%BA%E6%B0%91%E5%85%B1%E5%92%8C%E5%9B%BD%E5%8E%BF%E7%BA%A7%E4%BB%A5%E4%B8%8A%E8%A1%8C%E6%94%BF%E5%8C%BA%E5%88%92%E5%8F%98%E6%9B%B4%E5%88%97%E8%A1%A8,91124767,wikipedia_row_loose_relation,SRC-WIKI-1993,wikipedia,,revisioned_secondary
WIKI-COUNTY-1993-07-045,1993,其他县级行政区划变更列表 / 撤销县，设立县级市,abolish_or_merge,广州市,CNUR-000196,增城县、增城市,增城县,增城市,撤销增城县，设立增城市（县级）,县级市、县,county_level,增城县 | 440125 | 广东省广州市 | 撤销增城县，设立增城市（县级） | 广东省直辖；广州市代管 | 增城市 | 449017 | 国务院批准；民政部12月8日批复同意；民行批〔1993〕239号,1993年中华人民共和国县级以上行政区划变更列表,https://zh.wikipedia.org/wiki/1993%E5%B9%B4%E4%B8%AD%E5%8D%8E%E4%BA%BA%E6%B0%91%E5%85%B1%E5%92%8C%E5%9B%BD%E5%8E%BF%E7%BA%A7%E4%BB%A5%E4%B8%8A%E8%A1%8C%E6%94%BF%E5%8C%BA%E5%88%92%E5%8F%98%E6%9B%B4%E5%88%97%E8%A1%A8,91124767,wikipedia_row_loose_relation,SRC-WIKI-1993,wikipedia,,revisioned_secondary
WIKI-COUNTY-1993-07-046,1993,其他县级行政区划变更列表 / 撤销县，设立县级市,abolish_or_merge,宜春地区,CNUR-000132,高安县、高安市,高安县,高安市,撤销高安县，设立高安市（县级）,县级市、县,county_level,高安县 | 362222 | 江西省宜春地区 | 撤销高安县，设立高安市（县级） | 江西省宜春地区 | 高安市 | 362204 | 国务院批准；民政部12月8日批复同意；民行批〔1993〕240号,1993年中华人民共和国县级以上行政区划变更列表,https://zh.wikipedia.org/wiki/1993%E5%B9%B4%E4%B8%AD%E5%8D%8E%E4%BA%BA%E6%B0%91%E5%85%B1%E5%92%8C%E5%9B%BD%E5%8E%BF%E7%BA%A7%E4%BB%A5%E4%B8%8A%E8%A1%8C%E6%94%BF%E5%8C%BA%E5%88%92%E5%8F%98%E6%9B%B4%E5%88%97%E8%A1%A8,91124767,wikipedia_row_loose_relation,SRC-WIKI-1993,wikipedia,,revisioned_secondary
WIKI-COUNTY-1993-07-047,1993,其他县级行政区划变更列表 / 撤销县，设立县级市,abolish_or_merge,湛江市,CNUR-000203,廉江县、廉江市,廉江县,廉江市,撤销廉江县，设立廉江市（县级）,县级市、县,county_level,廉江县 | 440822 | 广东省湛江市 | 撤销廉江县，设立廉江市（县级） | 广东省直辖；湛江市代管 | 廉江市 | 449018 | 国务院批准；民政部12月10日批复同意；民行批〔1993〕241号,1993年中华人民共和国县级以上行政区划变更列表,https://zh.wikipedia.org/wiki/1993%E5%B9%B4%E4%B8%AD%E5%8D%8E%E4%BA%BA%E6%B0%91%E5%85%B1%E5%92%8C%E5%9B%BD%E5%8E%BF%E7%BA%A7%E4%BB%A5%E4%B8%8A%E8%A1%8C%E6%94%BF%E5%8C%BA%E5%88%92%E5%8F%98%E6%9B%B4%E5%88%97%E8%A1%A8,91124767,wikipedia_row_loose_relation,SRC-WIKI-1993,wikipedia,,revisioned_secondary
WIKI-COUNTY-1993-07-048,1993,其他县级行政区划变更列表 / 撤销县，设立县级市,abolish_or_merge,毕节地区、毕节市,CNUR-000261,毕节县,毕节县,毕节市,撤销毕节县，设立毕节市（县级）,县级市、县,county_level,毕节县 | 362222 | 贵州省毕节地区 | 撤销毕节县，设立毕节市（县级） | 贵州省毕节地区 | 毕节市 | 522401 | 国务院批准；民政部12月10日批复同意；民行批〔1993〕242号,1993年中华人民共和国县级以上行政区划变更列表,https://zh.wikipedia.org/wiki/1993%E5%B9%B4%E4%B8%AD%E5%8D%8E%E4%BA%BA%E6%B0%91%E5%85%B1%E5%92%8C%E5%9B%BD%E5%8E%BF%E7%BA%A7%E4%BB%A5%E4%B8%8A%E8%A1%8C%E6%94%BF%E5%8C%BA%E5%88%92%E5%8F%98%E6%9B%B4%E5%88%97%E8%A1%A8,91124767,wikipedia_row_loose_relation,SRC-WIKI-1993,wikipedia,,revisioned_secondary
WIKI-COUNTY-1993-07-049,1993,其他县级行政区划变更列表 / 撤销县，设立县级市,abolish_or_merge,许昌市,CNUR-000161,长葛县、长葛市,长葛县,长葛市,撤销长葛县，设立长葛市（县级）,县级市、县,county_level,长葛县 | 411022 | 河南省许昌市 | 撤销长葛县，设立长葛市（县级） | 河南省直辖；许昌市代管 | 长葛市 | 419011 | 国务院批准；民政部12月14日批复同意；民行批〔1993〕245号,1993年中华人民共和国县级以上行政区划变更列表,https://zh.wikipedia.org/wiki/1993%E5%B9%B4%E4%B8%AD%E5%8D%8E%E4%BA%BA%E6%B0%91%E5%85%B1%E5%92%8C%E5%9B%BD%E5%8E%BF%E7%BA%A7%E4%BB%A5%E4%B8%8A%E8%A1%8C%E6%94%BF%E5%8C%BA%E5%88%92%E5%8F%98%E6%9B%B4%E5%88%97%E8%A1%A8,91124767,wikipedia_row_loose_relation,SRC-WIKI-1993,wikipedia,,revisioned_secondary
WIKI-COUNTY-1993-07-050,1993,其他县级行政区划变更列表 / 撤销县，设立县级市,abolish_or_merge,洛阳市,CNUR-000154,偃师县、偃师市,偃师县,偃师市,撤销偃师县，设立偃师市（县级）,县级市、县,county_level,偃师县 | 410321 | 河南省洛阳市 | 撤销偃师县，设立偃师市（县级） | 河南省直辖；洛阳市代管 | 偃师市 | 419012 | 国务院批准；民政部12月15日批复同意；民行批〔1993〕246号,1993年中华人民共和国县级以上行政区划变更列表,https://zh.wikipedia.org/wiki/1993%E5%B9%B4%E4%B8%AD%E5%8D%8E%E4%BA%BA%E6%B0%91%E5%85%B1%E5%92%8C%E5%9B%BD%E5%8E%BF%E7%BA%A7%E4%BB%A5%E4%B8%8A%E8%A1%8C%E6%94%BF%E5%8C%BA%E5%88%92%E5%8F%98%E6%9B%B4%E5%88%97%E8%A1%A8,91124767,wikipedia_row_loose_relation,SRC-WIKI-1993,wikipedia,,revisioned_secondary
WIKI-COUNTY-1993-07-051,1993,其他县级行政区划变更列表 / 撤销县，设立县级市,abolish_or_merge,周口地区,CNUR-000167,项城县、项城市,项城县,项城市,撤销项城县，设立项城市（县级）,县级市、县,county_level,项城县 | 412729 | 河南省周口地区 | 撤销项城县，设立项城市（县级） | 河南省周口地区 | 项城市 | 412702 | 国务院批准；民政部12月16日批复同意；民行批〔1993〕247号,1993年中华人民共和国县级以上行政区划变更列表,https://zh.wikipedia.org/wiki/1993%E5%B9%B4%E4%B8%AD%E5%8D%8E%E4%BA%BA%E6%B0%91%E5%85%B1%E5%92%8C%E5%9B%BD%E5%8E%BF%E7%BA%A7%E4%BB%A5%E4%B8%8A%E8%A1%8C%E6%94%BF%E5%8C%BA%E5%88%92%E5%8F%98%E6%9B%B4%E5%88%97%E8%A1%A8,91124767,wikipedia_row_loose_relation,SRC-WIKI-1993,wikipedia,,revisioned_secondary
WIKI-COUNTY-1993-07-052,1993,其他县级行政区划变更列表 / 撤销县，设立县级市,abolish_or_merge,西双版纳傣族自治州,CNUR-000277,景洪县、景洪市,景洪县,景洪市,撤销景洪县，设立景洪市（县级）,县级市、县,county_level,景洪县 | 532821 | 云南省；西双版纳傣族自治州 | 撤销景洪县，设立景洪市（县级） | 云南省；西双版纳傣族自治州 | 景洪市 | 532801 | 国务院批准；民政部12月22日批复同意；民行批〔1993〕256号,1993年中华人民共和国县级以上行政区划变更列表,https://zh.wikipedia.org/wiki/1993%E5%B9%B4%E4%B8%AD%E5%8D%8E%E4%BA%BA%E6%B0%91%E5%85%B1%E5%92%8C%E5%9B%BD%E5%8E%BF%E7%BA%A7%E4%BB%A5%E4%B8%8A%E8%A1%8C%E6%94%BF%E5%8C%BA%E5%88%92%E5%8F%98%E6%9B%B4%E5%88%97%E8%A1%A8,91124767,wikipedia_row_loose_relation,SRC-WIKI-1993,wikipedia,,revisioned_secondary
WIKI-COUNTY-1993-08-002,1993,其他县级行政区划变更列表 / 县级行政区划行政隶属变更,jurisdiction_transfer,牡丹江市、鸡西市,CNUR-000069、CNUR-000062,虎林县,虎林县,,将牡丹江市的虎林县划归鸡西市管辖,县,county_level,虎林县 | 231027 | 黑龙江省牡丹江市 | 将牡丹江市的虎林县划归鸡西市管辖 | 黑龙江省鸡西市 | 230322 | 国务院批准；民政部6月14日批复同意；民行批〔1993〕127号,1993年中华人民共和国县级以上行政区划变更列表,https://zh.wikipedia.org/wiki/1993%E5%B9%B4%E4%B8%AD%E5%8D%8E%E4%BA%BA%E6%B0%91%E5%85%B1%E5%92%8C%E5%9B%BD%E5%8E%BF%E7%BA%A7%E4%BB%A5%E4%B8%8A%E8%A1%8C%E6%94%BF%E5%8C%BA%E5%88%92%E5%8F%98%E6%9B%B4%E5%88%97%E8%A1%A8,91124767,wikipedia_row_loose_relation,SRC-WIKI-1993,wikipedia,,revisioned_secondary
WIKI-COUNTY-1993-08-003,1993,其他县级行政区划变更列表 / 县级行政区划行政隶属变更,jurisdiction_transfer,双鸭山市、佳木斯市,CNUR-000064、CNUR-000067,饶河县,饶河县,,将佳木斯市的饶河县划归双鸭山市管辖,县,county_level,饶河县 | 230832 | 黑龙江省佳木斯市 | 将佳木斯市的饶河县划归双鸭山市管辖 | 黑龙江省双鸭山市 | 230524 | 国务院批准；民政部7月5日批复同意；民行批〔1993〕137号,1993年中华人民共和国县级以上行政区划变更列表,https://zh.wikipedia.org/wiki/1993%E5%B9%B4%E4%B8%AD%E5%8D%8E%E4%BA%BA%E6%B0%91%E5%85%B1%E5%92%8C%E5%9B%BD%E5%8E%BF%E7%BA%A7%E4%BB%A5%E4%B8%8A%E8%A1%8C%E6%94%BF%E5%8C%BA%E5%88%92%E5%8F%98%E6%9B%B4%E5%88%97%E8%A1%A8,91124767,wikipedia_row_loose_relation,SRC-WIKI-1993,wikipedia,,revisioned_secondary
WIKI-COUNTY-1993-09-002,1993,其他县级行政区划变更列表 / 县级行政区划更名,rename,重庆市,CNUR-000235,南桐矿区、万盛区,南桐矿区,万盛区,重庆市南桐矿区更名为万盛区,市辖区,county_level,南桐矿区 | 510216 | 四川省重庆市 | 重庆市南桐矿区更名为万盛区 | 万盛区 | <small>行政区划代码不变</small> | 国务院批准；民政部2月16日批复同意；民行批〔1993〕42号,1993年中华人民共和国县级以上行政区划变更列表,https://zh.wikipedia.org/wiki/1993%E5%B9%B4%E4%B8%AD%E5%8D%8E%E4%BA%BA%E6%B0%91%E5%85%B1%E5%92%8C%E5%9B%BD%E5%8E%BF%E7%BA%A7%E4%BB%A5%E4%B8%8A%E8%A1%8C%E6%94%BF%E5%8C%BA%E5%88%92%E5%8F%98%E6%9B%B4%E5%88%97%E8%A1%A8,91124767,wikipedia_row_loose_relation,SRC-WIKI-1993,wikipedia,,revisioned_secondary
WIKI-COUNTY-1993-09-003,1993,其他县级行政区划变更列表 / 县级行政区划更名,rename,赤峰市,CNUR-000028,郊区、松山区,郊区,松山区,赤峰市郊区更名为松山区,市辖区,county_level,郊区 | 150404 | 内蒙古自治区；赤峰市 | 赤峰市郊区更名为松山区 | 松山区 | <small>行政区划代码不变</small> | 国务院批准；民政部5月3日批复同意；民行批〔1993〕89号,1993年中华人民共和国县级以上行政区划变更列表,https://zh.wikipedia.org/wiki/1993%E5%B9%B4%E4%B8%AD%E5%8D%8E%E4%BA%BA%E6%B0%91%E5%85%B1%E5%92%8C%E5%9B%BD%E5%8E%BF%E7%BA%A7%E4%BB%A5%E4%B8%8A%E8%A1%8C%E6%94%BF%E5%8C%BA%E5%88%92%E5%8F%98%E6%9B%B4%E5%88%97%E8%A1%A8,91124767,wikipedia_row_loose_relation,SRC-WIKI-1993,wikipedia,,revisioned_secondary
WIKI-COUNTY-1993-09-004,1993,其他县级行政区划变更列表 / 县级行政区划更名,rename,萍乡市,CNUR-000126,城关区、安源区,城关区,安源区,萍乡市城关区更名为安源区,市辖区,county_level,城关区 | 360302 | 江西省萍乡市 | 萍乡市城关区更名为安源区 | 安源区 | <small>行政区划代码不变</small> | 国务院批准；民政部5月18日批复同意；民行批〔1993〕109号,1993年中华人民共和国县级以上行政区划变更列表,https://zh.wikipedia.org/wiki/1993%E5%B9%B4%E4%B8%AD%E5%8D%8E%E4%BA%BA%E6%B0%91%E5%85%B1%E5%92%8C%E5%9B%BD%E5%8E%BF%E7%BA%A7%E4%BB%A5%E4%B8%8A%E8%A1%8C%E6%94%BF%E5%8C%BA%E5%88%92%E5%8F%98%E6%9B%B4%E5%88%97%E8%A1%A8,91124767,wikipedia_row_loose_relation,SRC-WIKI-1993,wikipedia,,revisioned_secondary
WIKI-COUNTY-1993-09-005,1993,其他县级行政区划变更列表 / 县级行政区划更名,rename,保定地区,CNUR-000356,完县、顺平县,完县,顺平县,完县更名为顺平县,县,county_level,完县 | 132426 | 河北省保定地区 | 完县更名为顺平县 | 顺平县 | <small>行政区划代码不变</small> | 国务院批准；民政部5月20日批复同意；民行批〔1993〕110号,1993年中华人民共和国县级以上行政区划变更列表,https://zh.wikipedia.org/wiki/1993%E5%B9%B4%E4%B8%AD%E5%8D%8E%E4%BA%BA%E6%B0%91%E5%85%B1%E5%92%8C%E5%9B%BD%E5%8E%BF%E7%BA%A7%E4%BB%A5%E4%B8%8A%E8%A1%8C%E6%94%BF%E5%8C%BA%E5%88%92%E5%8F%98%E6%9B%B4%E5%88%97%E8%A1%A8,91124767,wikipedia_row_loose_relation,SRC-WIKI-1993,wikipedia,,revisioned_secondary
WIKI-COUNTY-1993-09-006,1993,其他县级行政区划变更列表 / 县级行政区划更名,rename,徐州市,CNUR-000076,郊区、泉山区,郊区,泉山区,徐州市郊区更名为徐州市泉山区,市辖区,county_level,郊区 | 320311 | 江苏省徐州市 | 徐州市郊区更名为徐州市泉山区 | 泉山区 | <small>行政区划代码不变</small> | 国务院批准；民政部9月2日批复同意；民行批〔1993〕173号,1993年中华人民共和国县级以上行政区划变更列表,https://zh.wikipedia.org/wiki/1993%E5%B9%B4%E4%B8%AD%E5%8D%8E%E4%BA%BA%E6%B0%91%E5%85%B1%E5%92%8C%E5%9B%BD%E5%8E%BF%E7%BA%A7%E4%BB%A5%E4%B8%8A%E8%A1%8C%E6%94%BF%E5%8C%BA%E5%88%92%E5%8F%98%E6%9B%B4%E5%88%97%E8%A1%A8,91124767,wikipedia_row_loose_relation,SRC-WIKI-1993,wikipedia,,revisioned_secondary
WIKI-COUNTY-1993-09-007,1993,其他县级行政区划变更列表 / 县级行政区划更名,rename,嘉兴市,CNUR-000090,城区、南湖区,城区,南湖区,嘉兴市城区更名为嘉兴市秀城区,市辖区,county_level,城区 | 330402 | 浙江省嘉兴市 | 嘉兴市城区更名为嘉兴市秀城区 | 南湖区 | <small>行政区划代码不变</small> | 国务院批准；民政部12月1日批复同意；民行批〔1993〕238号,1993年中华人民共和国县级以上行政区划变更列表,https://zh.wikipedia.org/wiki/1993%E5%B9%B4%E4%B8%AD%E5%8D%8E%E4%BA%BA%E6%B0%91%E5%85%B1%E5%92%8C%E5%9B%BD%E5%8E%BF%E7%BA%A7%E4%BB%A5%E4%B8%8A%E8%A1%8C%E6%94%BF%E5%8C%BA%E5%88%92%E5%8F%98%E6%9B%B4%E5%88%97%E8%A1%A8,91124767,wikipedia_row_loose_relation,SRC-WIKI-1993,wikipedia,,revisioned_secondary
WIKI-COUNTY-1993-09-008,1993,其他县级行政区划变更列表 / 县级行政区划更名,rename,济宁市,CNUR-000142,郊区、任城区,郊区,任城区,济宁市郊区更名为济宁市任城区,市辖区,county_level,郊区 | 370811 | 山东省济宁市 | 济宁市郊区更名为济宁市任城区 | 任城区 | <small>行政区划代码不变</small> | 国务院批准；民政部12月14日批复同意；民行批〔1993〕243号,1993年中华人民共和国县级以上行政区划变更列表,https://zh.wikipedia.org/wiki/1993%E5%B9%B4%E4%B8%AD%E5%8D%8E%E4%BA%BA%E6%B0%91%E5%85%B1%E5%92%8C%E5%9B%BD%E5%8E%BF%E7%BA%A7%E4%BB%A5%E4%B8%8A%E8%A1%8C%E6%94%BF%E5%8C%BA%E5%88%92%E5%8F%98%E6%9B%B4%E5%88%97%E8%A1%A8,91124767,wikipedia_row_loose_relation,SRC-WIKI-1993,wikipedia,,revisioned_secondary
WIKI-COUNTY-1993-10-002,1993,其他县级行政区划变更列表 / 其他县级行政区划调整,merge,,,万源县、万源市,万源县,万源市,撤销万源县和白沙工农区，合并设立万源市（县级）,县级市、县、工农区,county_level,万源县 | 513024 | 四川省达县地区↑ | 撤销万源县和白沙工农区，合并设立万源市（县级） | 四川省达县地区↑ | 万源市 | 513002 | 国务院批准；民政部7月14日批复同意；民行批〔1993〕151号,1993年中华人民共和国县级以上行政区划变更列表,https://zh.wikipedia.org/wiki/1993%E5%B9%B4%E4%B8%AD%E5%8D%8E%E4%BA%BA%E6%B0%91%E5%85%B1%E5%92%8C%E5%9B%BD%E5%8E%BF%E7%BA%A7%E4%BB%A5%E4%B8%8A%E8%A1%8C%E6%94%BF%E5%8C%BA%E5%88%92%E5%8F%98%E6%9B%B4%E5%88%97%E8%A1%A8,91124767,wikipedia_row_unlinked,SRC-WIKI-1993,wikipedia,,revisioned_secondary
WIKI-COUNTY-1993-10-003,1993,其他县级行政区划变更列表 / 其他县级行政区划调整,merge,,,白沙工农区,白沙工农区,,四川省达县地区↑ | 撤销万源县和白沙工农区，合并设立万源市（县级） | 四川省达县地区↑ | 万源市 | 513002 | 国务院批准；民政部7月14日批复同意；民行批〔1993〕151号 | 白沙工农区 | 513032,市辖区、县级市、县、工农区,county_level,四川省达县地区↑ | 撤销万源县和白沙工农区，合并设立万源市（县级） | 四川省达县地区↑ | 万源市 | 513002 | 国务院批准；民政部7月14日批复同意；民行批〔1993〕151号 | 白沙工农区 | 513032,1993年中华人民共和国县级以上行政区划变更列表,https://zh.wikipedia.org/wiki/1993%E5%B9%B4%E4%B8%AD%E5%8D%8E%E4%BA%BA%E6%B0%91%E5%85%B1%E5%92%8C%E5%9B%BD%E5%8E%BF%E7%BA%A7%E4%BB%A5%E4%B8%8A%E8%A1%8C%E6%94%BF%E5%8C%BA%E5%88%92%E5%8F%98%E6%9B%B4%E5%88%97%E8%A1%A8,91124767,wikipedia_row_unlinked,SRC-WIKI-1993,wikipedia,,revisioned_secondary
WIKI-COUNTY-1993-11-002,1993,其他县级行政区划变更列表 / 县级行政区划行政机构迁移,residence_change,思茅地区,CNUR-000272,镇沅彝族哈尼族拉祜族自治县,镇沅彝族哈尼族拉祜族自治县,,镇沅彝族哈尼族拉祜族自治县人民政府驻地由按板镇迁至恩乐镇,自治县、县,county_level,镇沅彝族哈尼族拉祜族自治县 | 532726 | 云南省思茅地区 | 镇沅彝族哈尼族拉祜族自治县人民政府驻地由按板镇迁至恩乐镇 | 国务院批准；国务院办公厅11月17日复函同意；国办函〔1993〕89号,1993年中华人民共和国县级以上行政区划变更列表,https://zh.wikipedia.org/wiki/1993%E5%B9%B4%E4%B8%AD%E5%8D%8E%E4%BA%BA%E6%B0%91%E5%85%B1%E5%92%8C%E5%9B%BD%E5%8E%BF%E7%BA%A7%E4%BB%A5%E4%B8%8A%E8%A1%8C%E6%94%BF%E5%8C%BA%E5%88%92%E5%8F%98%E6%9B%B4%E5%88%97%E8%A1%A8,91124767,wikipedia_row_loose_relation,SRC-WIKI-1993,wikipedia,,revisioned_secondary
WIKI-COUNTY-1993-11-003,1993,其他县级行政区划变更列表 / 县级行政区划行政机构迁移,residence_change,湖州市,CNUR-000091,德清县,德清县,,德清县人民政府驻地由城关镇迁至武康镇,县,county_level,德清县 | 330521 | 浙江省湖州市 | 德清县人民政府驻地由城关镇迁至武康镇 | 国务院批准；民政部11月16日批复同意；民行批〔1993〕233号,1993年中华人民共和国县级以上行政区划变更列表,https://zh.wikipedia.org/wiki/1993%E5%B9%B4%E4%B8%AD%E5%8D%8E%E4%BA%BA%E6%B0%91%E5%85%B1%E5%92%8C%E5%9B%BD%E5%8E%BF%E7%BA%A7%E4%BB%A5%E4%B8%8A%E8%A1%8C%E6%94%BF%E5%8C%BA%E5%88%92%E5%8F%98%E6%9B%B4%E5%88%97%E8%A1%A8,91124767,wikipedia_row_loose_relation,SRC-WIKI-1993,wikipedia,,revisioned_secondary
WIKI-COUNTY-1994-05-002,1994,其他县级行政区划变更列表 / 市辖区的新设、调整,merge,青岛市,CNUR-000136,台东区、市北区,台东区,市北区,撤销台东区，其行政区域并入市北区；撤销沧口区，设立李沧区；设立城阳区,市辖区,county_level,台东区 | 370204 | 山东省青岛市 | 撤销台东区，其行政区域并入市北区；撤销沧口区，设立李沧区；设立城阳区 | 山东省青岛市 | 市北区管辖 | 国务院4月23日批复同意；国函〔1994〕32号,1994年中华人民共和国县级以上行政区划变更列表,https://zh.wikipedia.org/wiki/1994%E5%B9%B4%E4%B8%AD%E5%8D%8E%E4%BA%BA%E6%B0%91%E5%85%B1%E5%92%8C%E5%9B%BD%E5%8E%BF%E7%BA%A7%E4%BB%A5%E4%B8%8A%E8%A1%8C%E6%94%BF%E5%8C%BA%E5%88%92%E5%8F%98%E6%9B%B4%E5%88%97%E8%A1%A8,93187675,wikipedia_row_loose_relation,SRC-WIKI-1994,wikipedia,,revisioned_secondary
WIKI-COUNTY-1994-05-003,1994,其他县级行政区划变更列表 / 市辖区的新设、调整,merge,青岛市,CNUR-000136,四方区,,,四方区管辖,市辖区,county_level,山东省青岛市 | 撤销台东区，其行政区域并入市北区；撤销沧口区，设立李沧区；设立城阳区 | 山东省青岛市 | 市北区管辖 | 国务院4月23日批复同意；国函〔1994〕32号 | 四方区管辖,1994年中华人民共和国县级以上行政区划变更列表,https://zh.wikipedia.org/wiki/1994%E5%B9%B4%E4%B8%AD%E5%8D%8E%E4%BA%BA%E6%B0%91%E5%85%B1%E5%92%8C%E5%9B%BD%E5%8E%BF%E7%BA%A7%E4%BB%A5%E4%B8%8A%E8%A1%8C%E6%94%BF%E5%8C%BA%E5%88%92%E5%8F%98%E6%9B%B4%E5%88%97%E8%A1%A8,93187675,wikipedia_row_loose_relation,SRC-WIKI-1994,wikipedia,,revisioned_secondary
WIKI-COUNTY-1994-05-004,1994,其他县级行政区划变更列表 / 市辖区的新设、调整,merge,青岛市,CNUR-000136,崂山区、四方区、市北区,,四方区、市北区,崂山区管辖,市辖区,county_level,山东省青岛市 | 撤销台东区，其行政区域并入市北区；撤销沧口区，设立李沧区；设立城阳区 | 山东省青岛市 | 市北区管辖 | 国务院4月23日批复同意；国函〔1994〕32号 | 崂山区管辖 | 四方区、市北区管辖,1994年中华人民共和国县级以上行政区划变更列表,https://zh.wikipedia.org/wiki/1994%E5%B9%B4%E4%B8%AD%E5%8D%8E%E4%BA%BA%E6%B0%91%E5%85%B1%E5%92%8C%E5%9B%BD%E5%8E%BF%E7%BA%A7%E4%BB%A5%E4%B8%8A%E8%A1%8C%E6%94%BF%E5%8C%BA%E5%88%92%E5%8F%98%E6%9B%B4%E5%88%97%E8%A1%A8,93187675,wikipedia_row_loose_relation,SRC-WIKI-1994,wikipedia,,revisioned_secondary
WIKI-COUNTY-1994-05-005,1994,其他县级行政区划变更列表 / 市辖区的新设、调整,merge,青岛市,CNUR-000136,城阳区,城阳区,,山东省青岛市 | 撤销台东区，其行政区域并入市北区；撤销沧口区，设立李沧区；设立城阳区 | 山东省青岛市 | 国务院4月23日批复同意；国函〔1994〕32号 | 崂山区管辖 | 城阳区 | 370214,市辖区,county_level,山东省青岛市 | 撤销台东区，其行政区域并入市北区；撤销沧口区，设立李沧区；设立城阳区 | 山东省青岛市 | 国务院4月23日批复同意；国函〔1994〕32号 | 崂山区管辖 | 城阳区 | 370214,1994年中华人民共和国县级以上行政区划变更列表,https://zh.wikipedia.org/wiki/1994%E5%B9%B4%E4%B8%AD%E5%8D%8E%E4%BA%BA%E6%B0%91%E5%85%B1%E5%92%8C%E5%9B%BD%E5%8E%BF%E7%BA%A7%E4%BB%A5%E4%B8%8A%E8%A1%8C%E6%94%BF%E5%8C%BA%E5%88%92%E5%8F%98%E6%9B%B4%E5%88%97%E8%A1%A8,93187675,wikipedia_row_loose_relation,SRC-WIKI-1994,wikipedia,,revisioned_secondary
WIKI-COUNTY-1994-05-006,1994,其他县级行政区划变更列表 / 市辖区的新设、调整,merge,青岛市,CNUR-000136,李沧区,李沧区,,山东省青岛市 | 撤销台东区，其行政区域并入市北区；撤销沧口区，设立李沧区；设立城阳区 | 山东省青岛市 | 国务院4月23日批复同意；国函〔1994〕32号 | 崂山区管辖 | 李沧区 | 370213,市辖区,county_level,山东省青岛市 | 撤销台东区，其行政区域并入市北区；撤销沧口区，设立李沧区；设立城阳区 | 山东省青岛市 | 国务院4月23日批复同意；国函〔1994〕32号 | 崂山区管辖 | 李沧区 | 370213,1994年中华人民共和国县级以上行政区划变更列表,https://zh.wikipedia.org/wiki/1994%E5%B9%B4%E4%B8%AD%E5%8D%8E%E4%BA%BA%E6%B0%91%E5%85%B1%E5%92%8C%E5%9B%BD%E5%8E%BF%E7%BA%A7%E4%BB%A5%E4%B8%8A%E8%A1%8C%E6%94%BF%E5%8C%BA%E5%88%92%E5%8F%98%E6%9B%B4%E5%88%97%E8%A1%A8,93187675,wikipedia_row_loose_relation,SRC-WIKI-1994,wikipedia,,revisioned_secondary
WIKI-COUNTY-1994-05-007,1994,其他县级行政区划变更列表 / 市辖区的新设、调整,merge,青岛市,CNUR-000136,沧口区,沧口区,,山东省青岛市 | 撤销台东区，其行政区域并入市北区；撤销沧口区，设立李沧区；设立城阳区 | 山东省青岛市 | 国务院4月23日批复同意；国函〔1994〕32号 | 崂山区管辖 | 李沧区 | 370213 | 沧口区 | 370206,市辖区,county_level,山东省青岛市 | 撤销台东区，其行政区域并入市北区；撤销沧口区，设立李沧区；设立城阳区 | 山东省青岛市 | 国务院4月23日批复同意；国函〔1994〕32号 | 崂山区管辖 | 李沧区 | 370213 | 沧口区 | 370206,1994年中华人民共和国县级以上行政区划变更列表,https://zh.wikipedia.org/wiki/1994%E5%B9%B4%E4%B8%AD%E5%8D%8E%E4%BA%BA%E6%B0%91%E5%85%B1%E5%92%8C%E5%9B%BD%E5%8E%BF%E7%BA%A7%E4%BB%A5%E4%B8%8A%E8%A1%8C%E6%94%BF%E5%8C%BA%E5%88%92%E5%8F%98%E6%9B%B4%E5%88%97%E8%A1%A8,93187675,wikipedia_row_loose_relation,SRC-WIKI-1994,wikipedia,,revisioned_secondary
WIKI-COUNTY-1994-05-008,1994,其他县级行政区划变更列表 / 市辖区的新设、调整,merge,青岛市,CNUR-000136,四方区,,,四方区管辖,市辖区,county_level,山东省青岛市 | 撤销台东区，其行政区域并入市北区；撤销沧口区，设立李沧区；设立城阳区 | 山东省青岛市 | 国务院4月23日批复同意；国函〔1994〕32号 | 李沧区 | 370213 | 沧口区 | 370206 | 四方区管辖,1994年中华人民共和国县级以上行政区划变更列表,https://zh.wikipedia.org/wiki/1994%E5%B9%B4%E4%B8%AD%E5%8D%8E%E4%BA%BA%E6%B0%91%E5%85%B1%E5%92%8C%E5%9B%BD%E5%8E%BF%E7%BA%A7%E4%BB%A5%E4%B8%8A%E8%A1%8C%E6%94%BF%E5%8C%BA%E5%88%92%E5%8F%98%E6%9B%B4%E5%88%97%E8%A1%A8,93187675,wikipedia_row_loose_relation,SRC-WIKI-1994,wikipedia,,revisioned_secondary
WIKI-COUNTY-1994-05-009,1994,其他县级行政区划变更列表 / 市辖区的新设、调整,jurisdiction_transfer,汕头市、青岛市,CNUR-000200、CNUR-000136,潮阳市、河浦区,潮阳市,河浦区,将潮阳市的河浦镇划归汕头市；汕头市设立河浦区（县级），以原河浦镇的行政区域为河浦区的行政区域,市辖区、县,county_level,山东省青岛市 | 撤销台东区，其行政区域并入市北区；撤销沧口区，设立李沧区；设立城阳区 | 山东省青岛市 | 国务院4月23日批复同意；国函〔1994〕32号 | 沧口区 | 370206 | 潮阳市管辖 | 广东省汕头市 | 将潮阳市的河浦镇划归汕头市；汕头市设立河浦区（县级），以原河浦镇的行政区域为河浦区的行政区域 | 广东省汕头市 | 河浦区 | 440510 | 国务院4月25日批复同意；国函〔1994〕35号,1994年中华人民共和国县级以上行政区划变更列表,https://zh.wikipedia.org/wiki/1994%E5%B9%B4%E4%B8%AD%E5%8D%8E%E4%BA%BA%E6%B0%91%E5%85%B1%E5%92%8C%E5%9B%BD%E5%8E%BF%E7%BA%A7%E4%BB%A5%E4%B8%8A%E8%A1%8C%E6%94%BF%E5%8C%BA%E5%88%92%E5%8F%98%E6%9B%B4%E5%88%97%E8%A1%A8,93187675,wikipedia_row_loose_relation,SRC-WIKI-1994,wikipedia,,revisioned_secondary
WIKI-COUNTY-1994-05-010,1994,其他县级行政区划变更列表 / 市辖区的新设、调整,establish,潍坊市,CNUR-000141,潍城区、寒亭区、奎文区,,奎文区,潍城区、寒亭区管辖,市辖区,county_level,潍城区、寒亭区管辖 | 山东省潍坊市 | 设立奎文区 | 山东省潍坊市 | 奎文区 | 370705 | 国务院5月23日批复同意；国函〔1994〕45号,1994年中华人民共和国县级以上行政区划变更列表,https://zh.wikipedia.org/wiki/1994%E5%B9%B4%E4%B8%AD%E5%8D%8E%E4%BA%BA%E6%B0%91%E5%85%B1%E5%92%8C%E5%9B%BD%E5%8E%BF%E7%BA%A7%E4%BB%A5%E4%B8%8A%E8%A1%8C%E6%94%BF%E5%8C%BA%E5%88%92%E5%8F%98%E6%9B%B4%E5%88%97%E8%A1%A8,93187675,wikipedia_row_loose_relation,SRC-WIKI-1994,wikipedia,,revisioned_secondary
WIKI-COUNTY-1994-05-011,1994,其他县级行政区划变更列表 / 市辖区的新设、调整,abolish_or_merge,烟台市,CNUR-000140,牟平县、牟平区,牟平县,牟平区,撤销牟平县，设立烟台市牟平区、莱山区,市辖区、县,county_level,牟平县 | 370632 | 山东省烟台市 | 撤销牟平县，设立烟台市牟平区、莱山区 | 山东省烟台市 | 牟平区 | 370612 | 国务院7月3日批复同意；国函〔1994〕69号,1994年中华人民共和国县级以上行政区划变更列表,https://zh.wikipedia.org/wiki/1994%E5%B9%B4%E4%B8%AD%E5%8D%8E%E4%BA%BA%E6%B0%91%E5%85%B1%E5%92%8C%E5%9B%BD%E5%8E%BF%E7%BA%A7%E4%BB%A5%E4%B8%8A%E8%A1%8C%E6%94%BF%E5%8C%BA%E5%88%92%E5%8F%98%E6%9B%B4%E5%88%97%E8%A1%A8,93187675,wikipedia_row_loose_relation,SRC-WIKI-1994,wikipedia,,revisioned_secondary
WIKI-COUNTY-1994-05-012,1994,其他县级行政区划变更列表 / 市辖区的新设、调整,abolish_or_merge,烟台市,CNUR-000140,莱山区,莱山区,,牟平县 | 370632 | 山东省烟台市 | 撤销牟平县，设立烟台市牟平区、莱山区 | 山东省烟台市 | 国务院7月3日批复同意；国函〔1994〕69号 | 莱山区 | 370613,市辖区、县,county_level,牟平县 | 370632 | 山东省烟台市 | 撤销牟平县，设立烟台市牟平区、莱山区 | 山东省烟台市 | 国务院7月3日批复同意；国函〔1994〕69号 | 莱山区 | 370613,1994年中华人民共和国县级以上行政区划变更列表,https://zh.wikipedia.org/wiki/1994%E5%B9%B4%E4%B8%AD%E5%8D%8E%E4%BA%BA%E6%B0%91%E5%85%B1%E5%92%8C%E5%9B%BD%E5%8E%BF%E7%BA%A7%E4%BB%A5%E4%B8%8A%E8%A1%8C%E6%94%BF%E5%8C%BA%E5%88%92%E5%8F%98%E6%9B%B4%E5%88%97%E8%A1%A8,93187675,wikipedia_row_loose_relation,SRC-WIKI-1994,wikipedia,,revisioned_secondary
WIKI-COUNTY-1994-05-013,1994,其他县级行政区划变更列表 / 市辖区的新设、调整,abolish_or_merge,烟台市、北海市,CNUR-000140、CNUR-000221,郊区、海城区,郊区,海城区,撤销北海市郊区，设立银海区；新设铁山港区；扩大海城区的行政区域,市辖区、县,county_level,牟平县 | 370632 | 山东省烟台市 | 撤销牟平县，设立烟台市牟平区、莱山区 | 山东省烟台市 | 国务院7月3日批复同意；国函〔1994〕69号 | 郊区 | 450511 | 广西壮族自治区；北海市 | 撤销北海市郊区，设立银海区；新设铁山港区；扩大海城区的行政区域 | 广西壮族自治区；北海市 | 海城区管辖 | 国务院12月17日批复同意；国函〔1994〕137号,1994年中华人民共和国县级以上行政区划变更列表,https://zh.wikipedia.org/wiki/1994%E5%B9%B4%E4%B8%AD%E5%8D%8E%E4%BA%BA%E6%B0%91%E5%85%B1%E5%92%8C%E5%9B%BD%E5%8E%BF%E7%BA%A7%E4%BB%A5%E4%B8%8A%E8%A1%8C%E6%94%BF%E5%8C%BA%E5%88%92%E5%8F%98%E6%9B%B4%E5%88%97%E8%A1%A8,93187675,wikipedia_row_loose_relation,SRC-WIKI-1994,wikipedia,,revisioned_secondary
WIKI-COUNTY-1994-05-014,1994,其他县级行政区划变更列表 / 市辖区的新设、调整,abolish_or_merge,北海市,CNUR-000221,银海区,银海区,,郊区 | 450511 | 广西壮族自治区；北海市 | 撤销北海市郊区，设立银海区；新设铁山港区；扩大海城区的行政区域 | 广西壮族自治区；北海市 | 国务院12月17日批复同意；国函〔1994〕137号 | 银海区 | 450503,市辖区,county_level,郊区 | 450511 | 广西壮族自治区；北海市 | 撤销北海市郊区，设立银海区；新设铁山港区；扩大海城区的行政区域 | 广西壮族自治区；北海市 | 国务院12月17日批复同意；国函〔1994〕137号 | 银海区 | 450503,1994年中华人民共和国县级以上行政区划变更列表,https://zh.wikipedia.org/wiki/1994%E5%B9%B4%E4%B8%AD%E5%8D%8E%E4%BA%BA%E6%B0%91%E5%85%B1%E5%92%8C%E5%9B%BD%E5%8E%BF%E7%BA%A7%E4%BB%A5%E4%B8%8A%E8%A1%8C%E6%94%BF%E5%8C%BA%E5%88%92%E5%8F%98%E6%9B%B4%E5%88%97%E8%A1%A8,93187675,wikipedia_row_loose_relation,SRC-WIKI-1994,wikipedia,,revisioned_secondary
WIKI-COUNTY-1994-05-015,1994,其他县级行政区划变更列表 / 市辖区的新设、调整,abolish_or_merge,北海市,CNUR-000221,海城区、合浦县,,,海城区、合浦县管辖,市辖区、县,county_level,郊区 | 450511 | 广西壮族自治区；北海市 | 撤销北海市郊区，设立银海区；新设铁山港区；扩大海城区的行政区域 | 广西壮族自治区；北海市 | 国务院12月17日批复同意；国函〔1994〕137号 | 银海区 | 450503 | 海城区、合浦县管辖,1994年中华人民共和国县级以上行政区划变更列表,https://zh.wikipedia.org/wiki/1994%E5%B9%B4%E4%B8%AD%E5%8D%8E%E4%BA%BA%E6%B0%91%E5%85%B1%E5%92%8C%E5%9B%BD%E5%8E%BF%E7%BA%A7%E4%BB%A5%E4%B8%8A%E8%A1%8C%E6%94%BF%E5%8C%BA%E5%88%92%E5%8F%98%E6%9B%B4%E5%88%97%E8%A1%A8,93187675,wikipedia_row_loose_relation,SRC-WIKI-1994,wikipedia,,revisioned_secondary
WIKI-COUNTY-1994-05-016,1994,其他县级行政区划变更列表 / 市辖区的新设、调整,abolish_or_merge,北海市,CNUR-000221,合浦县、铁山港区,,铁山港区,合浦县管辖,市辖区、县,county_level,广西壮族自治区；北海市 | 撤销北海市郊区，设立银海区；新设铁山港区；扩大海城区的行政区域 | 广西壮族自治区；北海市 | 国务院12月17日批复同意；国函〔1994〕137号 | 银海区 | 450503 | 合浦县管辖 | 铁山港区 | 450512,1994年中华人民共和国县级以上行政区划变更列表,https://zh.wikipedia.org/wiki/1994%E5%B9%B4%E4%B8%AD%E5%8D%8E%E4%BA%BA%E6%B0%91%E5%85%B1%E5%92%8C%E5%9B%BD%E5%8E%BF%E7%BA%A7%E4%BB%A5%E4%B8%8A%E8%A1%8C%E6%94%BF%E5%8C%BA%E5%88%92%E5%8F%98%E6%9B%B4%E5%88%97%E8%A1%A8,93187675,wikipedia_row_loose_relation,SRC-WIKI-1994,wikipedia,,revisioned_secondary
WIKI-COUNTY-1994-05-017,1994,其他县级行政区划变更列表 / 市辖区的新设、调整,abolish_or_merge,北海市、重庆市,CNUR-000221、CNUR-000235,巴县、南岸区、沙坪坝区、九龙坡区、大渡口区,巴县,南岸区、沙坪坝区、九龙坡区、大渡口区,扩大重庆市市中区、江北区、南岸区、沙坪坝区、九龙坡区、大渡口区、北碚区的行政区域；撤销江北县、巴县，设立渝北区、巴南区,市辖区、县,county_level,广西壮族自治区；北海市 | 撤销北海市郊区，设立银海区；新设铁山港区；扩大海城区的行政区域 | 广西壮族自治区；北海市 | 国务院12月17日批复同意；国函〔1994〕137号 | 巴县 | 510222 | 四川省重庆市 | 扩大重庆市市中区、江北区、南岸区、沙坪坝区、九龙坡区、大渡口区、北碚区的行政区域；撤销江北县、巴县，设立渝北区、巴南区 | 四川省重庆市 | 南岸区、沙坪坝区、九龙坡区、大渡口区管辖 | 国务院12月17日批复同意；国函〔1994〕138号,1994年中华人民共和国县级以上行政区划变更列表,https://zh.wikipedia.org/wiki/1994%E5%B9%B4%E4%B8%AD%E5%8D%8E%E4%BA%BA%E6%B0%91%E5%85%B1%E5%92%8C%E5%9B%BD%E5%8E%BF%E7%BA%A7%E4%BB%A5%E4%B8%8A%E8%A1%8C%E6%94%BF%E5%8C%BA%E5%88%92%E5%8F%98%E6%9B%B4%E5%88%97%E8%A1%A8,93187675,wikipedia_row_loose_relation,SRC-WIKI-1994,wikipedia,,revisioned_secondary
WIKI-COUNTY-1994-05-018,1994,其他县级行政区划变更列表 / 市辖区的新设、调整,abolish_or_merge,重庆市,CNUR-000235,巴南区,巴南区,,巴县 | 510222 | 四川省重庆市 | 扩大重庆市市中区、江北区、南岸区、沙坪坝区、九龙坡区、大渡口区、北碚区的行政区域；撤销江北县、巴县，设立渝北区、巴南区 | 四川省重庆市 | 国务院12月17日批复同意；国函〔1994〕138号 | 巴南区 | 510219,市辖区、县,county_level,巴县 | 510222 | 四川省重庆市 | 扩大重庆市市中区、江北区、南岸区、沙坪坝区、九龙坡区、大渡口区、北碚区的行政区域；撤销江北县、巴县，设立渝北区、巴南区 | 四川省重庆市 | 国务院12月17日批复同意；国函〔1994〕138号 | 巴南区 | 510219,1994年中华人民共和国县级以上行政区划变更列表,https://zh.wikipedia.org/wiki/1994%E5%B9%B4%E4%B8%AD%E5%8D%8E%E4%BA%BA%E6%B0%91%E5%85%B1%E5%92%8C%E5%9B%BD%E5%8E%BF%E7%BA%A7%E4%BB%A5%E4%B8%8A%E8%A1%8C%E6%94%BF%E5%8C%BA%E5%88%92%E5%8F%98%E6%9B%B4%E5%88%97%E8%A1%A8,93187675,wikipedia_row_loose_relation,SRC-WIKI-1994,wikipedia,,revisioned_secondary
WIKI-COUNTY-1994-05-019,1994,其他县级行政区划变更列表 / 市辖区的新设、调整,abolish_or_merge,重庆市,CNUR-000235,九龙坡区,,,九龙坡区管辖,市辖区、县,county_level,巴县 | 510222 | 四川省重庆市 | 扩大重庆市市中区、江北区、南岸区、沙坪坝区、九龙坡区、大渡口区、北碚区的行政区域；撤销江北县、巴县，设立渝北区、巴南区 | 四川省重庆市 | 国务院12月17日批复同意；国函〔1994〕138号 | 巴南区 | 510219 | 九龙坡区管辖,1994年中华人民共和国县级以上行政区划变更列表,https://zh.wikipedia.org/wiki/1994%E5%B9%B4%E4%B8%AD%E5%8D%8E%E4%BA%BA%E6%B0%91%E5%85%B1%E5%92%8C%E5%9B%BD%E5%8E%BF%E7%BA%A7%E4%BB%A5%E4%B8%8A%E8%A1%8C%E6%94%BF%E5%8C%BA%E5%88%92%E5%8F%98%E6%9B%B4%E5%88%97%E8%A1%A8,93187675,wikipedia_row_loose_relation,SRC-WIKI-1994,wikipedia,,revisioned_secondary
WIKI-COUNTY-1994-05-020,1994,其他县级行政区划变更列表 / 市辖区的新设、调整,abolish_or_merge,重庆市,CNUR-000235,大渡口区,,,大渡口区管辖,市辖区、县,county_level,四川省重庆市 | 扩大重庆市市中区、江北区、南岸区、沙坪坝区、九龙坡区、大渡口区、北碚区的行政区域；撤销江北县、巴县，设立渝北区、巴南区 | 四川省重庆市 | 国务院12月17日批复同意；国函〔1994〕138号 | 巴南区 | 510219 | 九龙坡区管辖 | 大渡口区管辖,1994年中华人民共和国县级以上行政区划变更列表,https://zh.wikipedia.org/wiki/1994%E5%B9%B4%E4%B8%AD%E5%8D%8E%E4%BA%BA%E6%B0%91%E5%85%B1%E5%92%8C%E5%9B%BD%E5%8E%BF%E7%BA%A7%E4%BB%A5%E4%B8%8A%E8%A1%8C%E6%94%BF%E5%8C%BA%E5%88%92%E5%8F%98%E6%9B%B4%E5%88%97%E8%A1%A8,93187675,wikipedia_row_loose_relation,SRC-WIKI-1994,wikipedia,,revisioned_secondary
WIKI-COUNTY-1994-05-021,1994,其他县级行政区划变更列表 / 市辖区的新设、调整,abolish_or_merge,重庆市,CNUR-000235,江北县、渝北区,江北县,渝北区,四川省重庆市 | 扩大重庆市市中区、江北区、南岸区、沙坪坝区、九龙坡区、大渡口区、北碚区的行政区域；撤销江北县、巴县，设立渝北区、巴南区 | 四川省重庆市 | 国务院12月17日批复同意；国函〔1994〕138号 | 九龙坡区管辖 | 江北县 | 510224 | 渝北区 | 510218,市辖区、县,county_level,四川省重庆市 | 扩大重庆市市中区、江北区、南岸区、沙坪坝区、九龙坡区、大渡口区、北碚区的行政区域；撤销江北县、巴县，设立渝北区、巴南区 | 四川省重庆市 | 国务院12月17日批复同意；国函〔1994〕138号 | 九龙坡区管辖 | 江北县 | 510224 | 渝北区 | 510218,1994年中华人民共和国县级以上行政区划变更列表,https://zh.wikipedia.org/wiki/1994%E5%B9%B4%E4%B8%AD%E5%8D%8E%E4%BA%BA%E6%B0%91%E5%85%B1%E5%92%8C%E5%9B%BD%E5%8E%BF%E7%BA%A7%E4%BB%A5%E4%B8%8A%E8%A1%8C%E6%94%BF%E5%8C%BA%E5%88%92%E5%8F%98%E6%9B%B4%E5%88%97%E8%A1%A8,93187675,wikipedia_row_loose_relation,SRC-WIKI-1994,wikipedia,,revisioned_secondary
WIKI-COUNTY-1994-05-022,1994,其他县级行政区划变更列表 / 市辖区的新设、调整,abolish_or_merge,重庆市,CNUR-000235,江北区、北碚区,,,江北区、北碚区管辖,市辖区、县,county_level,四川省重庆市 | 扩大重庆市市中区、江北区、南岸区、沙坪坝区、九龙坡区、大渡口区、北碚区的行政区域；撤销江北县、巴县，设立渝北区、巴南区 | 四川省重庆市 | 国务院12月17日批复同意；国函〔1994〕138号 | 江北县 | 510224 | 江北区、北碚区管辖,1994年中华人民共和国县级以上行政区划变更列表,https://zh.wikipedia.org/wiki/1994%E5%B9%B4%E4%B8%AD%E5%8D%8E%E4%BA%BA%E6%B0%91%E5%85%B1%E5%92%8C%E5%9B%BD%E5%8E%BF%E7%BA%A7%E4%BB%A5%E4%B8%8A%E8%A1%8C%E6%94%BF%E5%8C%BA%E5%88%92%E5%8F%98%E6%9B%B4%E5%88%97%E8%A1%A8,93187675,wikipedia_row_loose_relation,SRC-WIKI-1994,wikipedia,,revisioned_secondary
WIKI-COUNTY-1994-05-023,1994,其他县级行政区划变更列表 / 市辖区的新设、调整,abolish_or_merge,重庆市,CNUR-000235,南岸区、江北区,,江北区,南岸区管辖,市辖区、县,county_level,四川省重庆市 | 扩大重庆市市中区、江北区、南岸区、沙坪坝区、九龙坡区、大渡口区、北碚区的行政区域；撤销江北县、巴县，设立渝北区、巴南区 | 四川省重庆市 | 国务院12月17日批复同意；国函〔1994〕138号 | 江北县 | 510224 | 南岸区管辖 | 江北区管辖,1994年中华人民共和国县级以上行政区划变更列表,https://zh.wikipedia.org/wiki/1994%E5%B9%B4%E4%B8%AD%E5%8D%8E%E4%BA%BA%E6%B0%91%E5%85%B1%E5%92%8C%E5%9B%BD%E5%8E%BF%E7%BA%A7%E4%BB%A5%E4%B8%8A%E8%A1%8C%E6%94%BF%E5%8C%BA%E5%88%92%E5%8F%98%E6%9B%B4%E5%88%97%E8%A1%A8,93187675,wikipedia_row_loose_relation,SRC-WIKI-1994,wikipedia,,revisioned_secondary
WIKI-COUNTY-1994-05-024,1994,其他县级行政区划变更列表 / 市辖区的新设、调整,abolish_or_merge,重庆市,CNUR-000235,沙坪坝区、市中区、九龙坡区,,市中区、九龙坡区,沙坪坝区管辖,市辖区、县,county_level,四川省重庆市 | 扩大重庆市市中区、江北区、南岸区、沙坪坝区、九龙坡区、大渡口区、北碚区的行政区域；撤销江北县、巴县，设立渝北区、巴南区 | 四川省重庆市 | 国务院12月17日批复同意；国函〔1994〕138号 | 沙坪坝区管辖 | 市中区、九龙坡区管辖,1994年中华人民共和国县级以上行政区划变更列表,https://zh.wikipedia.org/wiki/1994%E5%B9%B4%E4%B8%AD%E5%8D%8E%E4%BA%BA%E6%B0%91%E5%85%B1%E5%92%8C%E5%9B%BD%E5%8E%BF%E7%BA%A7%E4%BB%A5%E4%B8%8A%E8%A1%8C%E6%94%BF%E5%8C%BA%E5%88%92%E5%8F%98%E6%9B%B4%E5%88%97%E8%A1%A8,93187675,wikipedia_row_loose_relation,SRC-WIKI-1994,wikipedia,,revisioned_secondary
WIKI-COUNTY-1994-06-002,1994,其他县级行政区划变更列表 / 撤销县、自治县、旗，设立县级市,abolish_or_merge,清远市,CNUR-000211,英德县、英德市,英德县,英德市,撤销英德县，设立英德市（县级）,县级市、县,county_level,英德县 | 441822 | 广东省清远市 | 撤销英德县，设立英德市（县级） | 广东省直辖；清远市代管 | 英德市 | 449019 | 国务院批准；民政部1月12日批复同意；民行批〔1994〕3号,1994年中华人民共和国县级以上行政区划变更列表,https://zh.wikipedia.org/wiki/1994%E5%B9%B4%E4%B8%AD%E5%8D%8E%E4%BA%BA%E6%B0%91%E5%85%B1%E5%92%8C%E5%9B%BD%E5%8E%BF%E7%BA%A7%E4%BB%A5%E4%B8%8A%E8%A1%8C%E6%94%BF%E5%8C%BA%E5%88%92%E5%8F%98%E6%9B%B4%E5%88%97%E8%A1%A8,93187675,wikipedia_row_loose_relation,SRC-WIKI-1994,wikipedia,,revisioned_secondary
WIKI-COUNTY-1994-06-003,1994,其他县级行政区划变更列表 / 撤销县、自治县、旗，设立县级市,abolish_or_merge,运城地区,CNUR-000021,永济县、永济市,永济县,永济市,撤销永济县，设立永济市（县级）,县级市、县,county_level,永济县 | 142722 | 山西省运城地区 | 撤销永济县，设立永济市（县级） | 山西省运城地区 | 永济市 | 142702 | 国务院批准；民政部1月12日批复同意；民行批〔1994〕4号,1994年中华人民共和国县级以上行政区划变更列表,https://zh.wikipedia.org/wiki/1994%E5%B9%B4%E4%B8%AD%E5%8D%8E%E4%BA%BA%E6%B0%91%E5%85%B1%E5%92%8C%E5%9B%BD%E5%8E%BF%E7%BA%A7%E4%BB%A5%E4%B8%8A%E8%A1%8C%E6%94%BF%E5%8C%BA%E5%88%92%E5%8F%98%E6%9B%B4%E5%88%97%E8%A1%A8,93187675,wikipedia_row_loose_relation,SRC-WIKI-1994,wikipedia,,revisioned_secondary
WIKI-COUNTY-1994-06-004,1994,其他县级行政区划变更列表 / 撤销县、自治县、旗，设立县级市,abolish_or_merge,运城地区,CNUR-000021,河津县、河津市,河津县,河津市,撤销永济县，设立河津市（县级）,县级市、县,county_level,山西省运城地区 | 山西省运城地区 | 河津县 | 142728 | 撤销永济县，设立河津市（县级） | 河津市 | 142703 | 国务院批准；民政部1月12日批复同意；民行批〔1994〕5号,1994年中华人民共和国县级以上行政区划变更列表,https://zh.wikipedia.org/wiki/1994%E5%B9%B4%E4%B8%AD%E5%8D%8E%E4%BA%BA%E6%B0%91%E5%85%B1%E5%92%8C%E5%9B%BD%E5%8E%BF%E7%BA%A7%E4%BB%A5%E4%B8%8A%E8%A1%8C%E6%94%BF%E5%8C%BA%E5%88%92%E5%8F%98%E6%9B%B4%E5%88%97%E8%A1%A8,93187675,wikipedia_row_loose_relation,SRC-WIKI-1994,wikipedia,,revisioned_secondary
WIKI-COUNTY-1994-06-005,1994,其他县级行政区划变更列表 / 撤销县、自治县、旗，设立县级市,abolish_or_merge,运城地区、杭州市,CNUR-000021、CNUR-000087,富阳县、富阳市,富阳县,富阳市,撤销富阳县，设立富阳市（县级）,县级市、县,county_level,山西省运城地区 | 山西省运城地区 | 富阳县 | 330123 | 浙江省杭州市 | 撤销富阳县，设立富阳市（县级） | 浙江省直辖；杭州市代管 | 富阳市 | 339021 | 国务院批准；民政部1月18日批复同意；民行批〔1994〕6号,1994年中华人民共和国县级以上行政区划变更列表,https://zh.wikipedia.org/wiki/1994%E5%B9%B4%E4%B8%AD%E5%8D%8E%E4%BA%BA%E6%B0%91%E5%85%B1%E5%92%8C%E5%9B%BD%E5%8E%BF%E7%BA%A7%E4%BB%A5%E4%B8%8A%E8%A1%8C%E6%94%BF%E5%8C%BA%E5%88%92%E5%8F%98%E6%9B%B4%E5%88%97%E8%A1%A8,93187675,wikipedia_row_loose_relation,SRC-WIKI-1994,wikipedia,,revisioned_secondary
WIKI-COUNTY-1994-06-006,1994,其他县级行政区划变更列表 / 撤销县、自治县、旗，设立县级市,abolish_or_merge,潍坊市,CNUR-000141,安丘县、安丘市,安丘县,安丘市,撤销安丘县，设立安丘市（县级）,县级市、县,county_level,安丘县 | 370722 | 山东省潍坊市 | 撤销安丘县，设立安丘市（县级） | 山东省直辖；潍坊市代管 | 安丘市 | 379027 | 国务院批准；民政部1月18日批复同意；民行批〔1994〕7号,1994年中华人民共和国县级以上行政区划变更列表,https://zh.wikipedia.org/wiki/1994%E5%B9%B4%E4%B8%AD%E5%8D%8E%E4%BA%BA%E6%B0%91%E5%85%B1%E5%92%8C%E5%9B%BD%E5%8E%BF%E7%BA%A7%E4%BB%A5%E4%B8%8A%E8%A1%8C%E6%94%BF%E5%8C%BA%E5%88%92%E5%8F%98%E6%9B%B4%E5%88%97%E8%A1%A8,93187675,wikipedia_row_loose_relation,SRC-WIKI-1994,wikipedia,,revisioned_secondary
WIKI-COUNTY-1994-06-007,1994,其他县级行政区划变更列表 / 撤销县、自治县、旗，设立县级市,abolish_or_merge,安阳市,CNUR-000156,林县、林州市,林县,林州市,撤销林县，设立林州市（县级）,县级市、县,county_level,林县 | 410521 | 河南省安阳市 | 撤销林县，设立林州市（县级） | 河南省直辖；安阳市代管 | 林州市 | 419014 | 国务院批准；民政部1月24日批复同意；民行批〔1994〕25号,1994年中华人民共和国县级以上行政区划变更列表,https://zh.wikipedia.org/wiki/1994%E5%B9%B4%E4%B8%AD%E5%8D%8E%E4%BA%BA%E6%B0%91%E5%85%B1%E5%92%8C%E5%9B%BD%E5%8E%BF%E7%BA%A7%E4%BB%A5%E4%B8%8A%E8%A1%8C%E6%94%BF%E5%8C%BA%E5%88%92%E5%8F%98%E6%9B%B4%E5%88%97%E8%A1%A8,93187675,wikipedia_row_loose_relation,SRC-WIKI-1994,wikipedia,,revisioned_secondary
WIKI-COUNTY-1994-06-008,1994,其他县级行政区划变更列表 / 撤销县、自治县、旗，设立县级市,abolish_or_merge,,,琼山县、琼山市,琼山县,琼山市,撤销琼山县，设立琼山市（县级）,县级市、县,county_level,琼山县 | 460021 | 海南省直辖 | 撤销琼山县，设立琼山市（县级） | 海南省直辖 | 琼山市 | 460004 | 国务院批准；民政部1月24日批复同意；民行批〔1994〕26号,1994年中华人民共和国县级以上行政区划变更列表,https://zh.wikipedia.org/wiki/1994%E5%B9%B4%E4%B8%AD%E5%8D%8E%E4%BA%BA%E6%B0%91%E5%85%B1%E5%92%8C%E5%9B%BD%E5%8E%BF%E7%BA%A7%E4%BB%A5%E4%B8%8A%E8%A1%8C%E6%94%BF%E5%8C%BA%E5%88%92%E5%8F%98%E6%9B%B4%E5%88%97%E8%A1%A8,93187675,wikipedia_row_unlinked,SRC-WIKI-1994,wikipedia,,revisioned_secondary
WIKI-COUNTY-1994-06-009,1994,其他县级行政区划变更列表 / 撤销县、自治县、旗，设立县级市,abolish_or_merge,福州市,CNUR-000115,长乐县、长乐市,长乐县,长乐市,撤销长乐县，设立长乐市（县级）,县级市、县,county_level,长乐县 | 350126 | 福建省福州市 | 撤销长乐县，设立长乐市（县级） | 福建省直辖；福州市代管 | 长乐市 | 359011 | 国务院批准；民政部2月18日批复同意；民行批〔1994〕28号,1994年中华人民共和国县级以上行政区划变更列表,https://zh.wikipedia.org/wiki/1994%E5%B9%B4%E4%B8%AD%E5%8D%8E%E4%BA%BA%E6%B0%91%E5%85%B1%E5%92%8C%E5%9B%BD%E5%8E%BF%E7%BA%A7%E4%BB%A5%E4%B8%8A%E8%A1%8C%E6%94%BF%E5%8C%BA%E5%88%92%E5%8F%98%E6%9B%B4%E5%88%97%E8%A1%A8,93187675,wikipedia_row_loose_relation,SRC-WIKI-1994,wikipedia,,revisioned_secondary
WIKI-COUNTY-1994-06-010,1994,其他县级行政区划变更列表 / 撤销县、自治县、旗，设立县级市,abolish_or_merge,黄石市,CNUR-000170,大冶县、大冶市,大冶县,大冶市,撤销大冶县，设立大冶市（县级）,县级市、县,county_level,大冶县 | 420221 | 湖北省黄石市 | 撤销大冶县，设立大冶市（县级） | 湖北省直辖；黄石市代管 | 大冶市 | 429016 | 国务院批准；民政部2月18日批复同意；民行批〔1994〕29号,1994年中华人民共和国县级以上行政区划变更列表,https://zh.wikipedia.org/wiki/1994%E5%B9%B4%E4%B8%AD%E5%8D%8E%E4%BA%BA%E6%B0%91%E5%85%B1%E5%92%8C%E5%9B%BD%E5%8E%BF%E7%BA%A7%E4%BB%A5%E4%B8%8A%E8%A1%8C%E6%94%BF%E5%8C%BA%E5%88%92%E5%8F%98%E6%9B%B4%E5%88%97%E8%A1%A8,93187675,wikipedia_row_loose_relation,SRC-WIKI-1994,wikipedia,,revisioned_secondary
WIKI-COUNTY-1994-06-011,1994,其他县级行政区划变更列表 / 撤销县、自治县、旗，设立县级市,abolish_or_merge,台州地区,CNUR-000096,温岭县、温岭市,温岭县,温岭市,撤销温岭县，设立温岭市（县级）,县级市、县,county_level,温岭县 | 332723 | 浙江省台州地区 | 撤销温岭县，设立温岭市（县级） | 浙江省台州地区↑ | 温岭市 | 332704 | 国务院批准；民政部2月18日批复同意；民行批〔1994〕30号,1994年中华人民共和国县级以上行政区划变更列表,https://zh.wikipedia.org/wiki/1994%E5%B9%B4%E4%B8%AD%E5%8D%8E%E4%BA%BA%E6%B0%91%E5%85%B1%E5%92%8C%E5%9B%BD%E5%8E%BF%E7%BA%A7%E4%BB%A5%E4%B8%8A%E8%A1%8C%E6%94%BF%E5%8C%BA%E5%88%92%E5%8F%98%E6%9B%B4%E5%88%97%E8%A1%A8,93187675,wikipedia_row_loose_relation,SRC-WIKI-1994,wikipedia,,revisioned_secondary
WIKI-COUNTY-1994-06-012,1994,其他县级行政区划变更列表 / 撤销县、自治县、旗，设立县级市,abolish_or_merge,邵阳市,CNUR-000186,武冈县、武冈市,武冈县,武冈市,撤销武冈县，设立武冈市（县级）,县级市、县,county_level,武冈县 | 430526 | 湖南省邵阳市 | 撤销武冈县，设立武冈市（县级） | 湖南省直辖；邵阳市代管 | 武冈市 | 439011 | 国务院批准；民政部2月18日批复同意；民行批〔1994〕31号,1994年中华人民共和国县级以上行政区划变更列表,https://zh.wikipedia.org/wiki/1994%E5%B9%B4%E4%B8%AD%E5%8D%8E%E4%BA%BA%E6%B0%91%E5%85%B1%E5%92%8C%E5%9B%BD%E5%8E%BF%E7%BA%A7%E4%BB%A5%E4%B8%8A%E8%A1%8C%E6%94%BF%E5%8C%BA%E5%88%92%E5%8F%98%E6%9B%B4%E5%88%97%E8%A1%A8,93187675,wikipedia_row_loose_relation,SRC-WIKI-1994,wikipedia,,revisioned_secondary
WIKI-COUNTY-1994-06-013,1994,其他县级行政区划变更列表 / 撤销县、自治县、旗，设立县级市,abolish_or_merge,曲靖地区,CNUR-000267,宣威县、宣威市,宣威县,宣威市,撤销宣威县，设立宣威市（县级）,县级市、县,county_level,宣威县 | 532224 | 云南省曲靖地区 | 撤销宣威县，设立宣威市（县级） | 云南省曲靖地区 | 宣威市 | 532202 | 国务院批准；民政部2月18日批复同意；民行批〔1994〕32号,1994年中华人民共和国县级以上行政区划变更列表,https://zh.wikipedia.org/wiki/1994%E5%B9%B4%E4%B8%AD%E5%8D%8E%E4%BA%BA%E6%B0%91%E5%85%B1%E5%92%8C%E5%9B%BD%E5%8E%BF%E7%BA%A7%E4%BB%A5%E4%B8%8A%E8%A1%8C%E6%94%BF%E5%8C%BA%E5%88%92%E5%8F%98%E6%9B%B4%E5%88%97%E8%A1%A8,93187675,wikipedia_row_loose_relation,SRC-WIKI-1994,wikipedia,,revisioned_secondary
WIKI-COUNTY-1994-06-014,1994,其他县级行政区划变更列表 / 撤销县、自治县、旗，设立县级市,abolish_or_merge,江门市,CNUR-000202,恩平县、恩平市,恩平县,恩平市,撤销恩平县，设立恩平市（县级）,县级市、县,county_level,恩平县 | 440723 | 广东省江门市 | 撤销恩平县，设立恩平市（县级） | 广东省直辖；江门市代管 | 恩平市 | 449020 | 国务院批准；民政部2月28日批复同意；民行批〔1994〕33号,1994年中华人民共和国县级以上行政区划变更列表,https://zh.wikipedia.org/wiki/1994%E5%B9%B4%E4%B8%AD%E5%8D%8E%E4%BA%BA%E6%B0%91%E5%85%B1%E5%92%8C%E5%9B%BD%E5%8E%BF%E7%BA%A7%E4%BB%A5%E4%B8%8A%E8%A1%8C%E6%94%BF%E5%8C%BA%E5%88%92%E5%8F%98%E6%9B%B4%E5%88%97%E8%A1%A8,93187675,wikipedia_row_loose_relation,SRC-WIKI-1994,wikipedia,,revisioned_secondary
WIKI-COUNTY-1994-06-015,1994,其他县级行政区划变更列表 / 撤销县、自治县、旗，设立县级市,abolish_or_merge,南平地区,CNUR-000121,建阳县、建阳市,建阳县,建阳市,撤销建阳县，设立建阳市（县级）,县级市、县,county_level,建阳县 | 332723 | 福建省南平地区 | 撤销建阳县，设立建阳市（县级） | 福建省南平地区↑ | 建阳市 | 332704 | 国务院批准；民政部3月4日批复同意；民行批〔1994〕40号,1994年中华人民共和国县级以上行政区划变更列表,https://zh.wikipedia.org/wiki/1994%E5%B9%B4%E4%B8%AD%E5%8D%8E%E4%BA%BA%E6%B0%91%E5%85%B1%E5%92%8C%E5%9B%BD%E5%8E%BF%E7%BA%A7%E4%BB%A5%E4%B8%8A%E8%A1%8C%E6%94%BF%E5%8C%BA%E5%88%92%E5%8F%98%E6%9B%B4%E5%88%97%E8%A1%A8,93187675,wikipedia_row_loose_relation,SRC-WIKI-1994,wikipedia,,revisioned_secondary
WIKI-COUNTY-1994-06-016,1994,其他县级行政区划变更列表 / 撤销县、自治县、旗，设立县级市,abolish_or_merge,丹东市,CNUR-000042,凤城满族自治县、凤城市,凤城满族自治县,凤城市,撤销凤城满族自治县，设立凤城市（县级）,县级市、自治县、县,county_level,凤城满族自治县 | 210621 | 辽宁省丹东市 | 撤销凤城满族自治县，设立凤城市（县级） | 辽宁省直辖；丹东市代管 | 凤城市 | 219016 | 国务院批准；民政部3月8日批复同意；民行批〔1994〕41号,1994年中华人民共和国县级以上行政区划变更列表,https://zh.wikipedia.org/wiki/1994%E5%B9%B4%E4%B8%AD%E5%8D%8E%E4%BA%BA%E6%B0%91%E5%85%B1%E5%92%8C%E5%9B%BD%E5%8E%BF%E7%BA%A7%E4%BB%A5%E4%B8%8A%E8%A1%8C%E6%94%BF%E5%8C%BA%E5%88%92%E5%8F%98%E6%9B%B4%E5%88%97%E8%A1%A8,93187675,wikipedia_row_loose_relation,SRC-WIKI-1994,wikipedia,,revisioned_secondary
WIKI-COUNTY-1994-06-017,1994,其他县级行政区划变更列表 / 撤销县、自治县、旗，设立县级市,abolish_or_merge,广州市,CNUR-000196,从化县、从化市,从化县,从化市,撤销从化县，设立从化市（县级）,县级市、县,county_level,从化县 | 440122 | 广东省广州市 | 撤销从化县，设立从化市（县级） | 广东省直辖；广州市代管 | 从化市 | 449021 | 国务院批准；民政部3月26日批复同意；民行批〔1994〕48号,1994年中华人民共和国县级以上行政区划变更列表,https://zh.wikipedia.org/wiki/1994%E5%B9%B4%E4%B8%AD%E5%8D%8E%E4%BA%BA%E6%B0%91%E5%85%B1%E5%92%8C%E5%9B%BD%E5%8E%BF%E7%BA%A7%E4%BB%A5%E4%B8%8A%E8%A1%8C%E6%94%BF%E5%8C%BA%E5%88%92%E5%8F%98%E6%9B%B4%E5%88%97%E8%A1%A8,93187675,wikipedia_row_loose_relation,SRC-WIKI-1994,wikipedia,,revisioned_secondary
WIKI-COUNTY-1994-06-018,1994,其他县级行政区划变更列表 / 撤销县、自治县、旗，设立县级市,abolish_or_merge,唐山市,CNUR-000004,丰南县、丰南市,丰南县,丰南市,撤销丰南县，设立丰南市（县级）,县级市、县,county_level,丰南县 | 130222 | 河北省唐山市 | 撤销丰南县，设立丰南市（县级） | 河北省直辖；唐山市代管 | 丰南市 | 139020 | 国务院批准；民政部4月5日批复同意；民行批〔1994〕49号,1994年中华人民共和国县级以上行政区划变更列表,https://zh.wikipedia.org/wiki/1994%E5%B9%B4%E4%B8%AD%E5%8D%8E%E4%BA%BA%E6%B0%91%E5%85%B1%E5%92%8C%E5%9B%BD%E5%8E%BF%E7%BA%A7%E4%BB%A5%E4%B8%8A%E8%A1%8C%E6%94%BF%E5%8C%BA%E5%88%92%E5%8F%98%E6%9B%B4%E5%88%97%E8%A1%A8,93187675,wikipedia_row_loose_relation,SRC-WIKI-1994,wikipedia,,revisioned_secondary
WIKI-COUNTY-1994-06-019,1994,其他县级行政区划变更列表 / 撤销县、自治县、旗，设立县级市,abolish_or_merge,杭州市,CNUR-000087,余杭县、余杭市,余杭县,余杭市,撤销余杭县，设立余杭市（县级）,县级市、县,county_level,余杭县 | 330125 | 浙江省杭州市 | 撤销余杭县，设立余杭市（县级） | 浙江省直辖；杭州市代管 | 余杭市 | 339021 | 国务院批准；民政部4月5日批复同意；民行批〔1994〕50号,1994年中华人民共和国县级以上行政区划变更列表,https://zh.wikipedia.org/wiki/1994%E5%B9%B4%E4%B8%AD%E5%8D%8E%E4%BA%BA%E6%B0%91%E5%85%B1%E5%92%8C%E5%9B%BD%E5%8E%BF%E7%BA%A7%E4%BB%A5%E4%B8%8A%E8%A1%8C%E6%94%BF%E5%8C%BA%E5%88%92%E5%8F%98%E6%9B%B4%E5%88%97%E8%A1%A8,93187675,wikipedia_row_loose_relation,SRC-WIKI-1994,wikipedia,,revisioned_secondary
WIKI-COUNTY-1994-06-020,1994,其他县级行政区划变更列表 / 撤销县、自治县、旗，设立县级市,abolish_or_merge,郑州市,CNUR-000152,密县、新密市,密县,新密市,撤销密县，设立新密市（县级）,县级市、县,county_level,密县 | 410126 | 河南省郑州市 | 撤销密县，设立新密市（县级） | 河南省直辖；郑州市代管 | 新密市 | 419015 | 国务院批准；民政部4月5日批复同意；民行批〔1994〕51号,1994年中华人民共和国县级以上行政区划变更列表,https://zh.wikipedia.org/wiki/1994%E5%B9%B4%E4%B8%AD%E5%8D%8E%E4%BA%BA%E6%B0%91%E5%85%B1%E5%92%8C%E5%9B%BD%E5%8E%BF%E7%BA%A7%E4%BB%A5%E4%B8%8A%E8%A1%8C%E6%94%BF%E5%8C%BA%E5%88%92%E5%8F%98%E6%9B%B4%E5%88%97%E8%A1%A8,93187675,wikipedia_row_loose_relation,SRC-WIKI-1994,wikipedia,,revisioned_secondary
WIKI-COUNTY-1994-06-021,1994,其他县级行政区划变更列表 / 撤销县、自治县、旗，设立县级市,abolish_or_merge,郑州市,CNUR-000152,荥阳县、荥阳市,荥阳县,荥阳市,撤销荥阳县，设立荥阳市（县级）,县级市、县,county_level,河南省郑州市 | 河南省直辖；郑州市代管 | 荥阳县 | 410121 | 撤销荥阳县，设立荥阳市（县级） | 荥阳市 | 419016 | 国务院批准；民政部4月5日批复同意；民行批〔1994〕52号,1994年中华人民共和国县级以上行政区划变更列表,https://zh.wikipedia.org/wiki/1994%E5%B9%B4%E4%B8%AD%E5%8D%8E%E4%BA%BA%E6%B0%91%E5%85%B1%E5%92%8C%E5%9B%BD%E5%8E%BF%E7%BA%A7%E4%BB%A5%E4%B8%8A%E8%A1%8C%E6%94%BF%E5%8C%BA%E5%88%92%E5%8F%98%E6%9B%B4%E5%88%97%E8%A1%A8,93187675,wikipedia_row_loose_relation,SRC-WIKI-1994,wikipedia,,revisioned_secondary
WIKI-COUNTY-1994-06-022,1994,其他县级行政区划变更列表 / 撤销县、自治县、旗，设立县级市,abolish_or_merge,郑州市、内江市,CNUR-000152、CNUR-000244,简阳县、简阳市,简阳县,简阳市,撤销简阳县，设立简阳市（县级）,县级市、县,county_level,河南省郑州市 | 河南省直辖；郑州市代管 | 简阳县 | 511027 | 四川省内江市 | 撤销简阳县，设立简阳市（县级） | 四川省直辖；内江市代管 | 简阳市 | 519011 | 国务院批准；民政部4月5日批复同意；民行批〔1994〕53号,1994年中华人民共和国县级以上行政区划变更列表,https://zh.wikipedia.org/wiki/1994%E5%B9%B4%E4%B8%AD%E5%8D%8E%E4%BA%BA%E6%B0%91%E5%85%B1%E5%92%8C%E5%9B%BD%E5%8E%BF%E7%BA%A7%E4%BB%A5%E4%B8%8A%E8%A1%8C%E6%94%BF%E5%8C%BA%E5%88%92%E5%8F%98%E6%9B%B4%E5%88%97%E8%A1%A8,93187675,wikipedia_row_loose_relation,SRC-WIKI-1994,wikipedia,,revisioned_secondary
WIKI-COUNTY-1994-06-023,1994,其他县级行政区划变更列表 / 撤销县、自治县、旗，设立县级市,abolish_or_merge,重庆市,CNUR-000235,南川县、南川市,南川县,,南川市（国函〔1995〕106号）；；1997年12月20日，南川市被批复改由重庆直辖市直接管理（中办厅字〔1997〕34号）；；2006年10月22日，南川市被批复撤销，设立重庆市南川区，行政区划代码500119（国函〔2006〕110号）。}},县级市、县,county_level,南川县 | 512323 | 四川省涪陵地区 | 撤销南川县，设立南川市（县级） | 四川省涪陵地区 | 南川市（国函〔1995〕106号）；；1997年12月20日，南川市被批复改由重庆直辖市直接管理（中办厅字〔1997〕34号）；；2006年10月22日，南川市被批复撤销，设立重庆市南川区，行政区划代码500119（国函〔2006〕110号）。}} | 512302 | 国务院批准；民政部4月5日批复同意；民行批〔1994〕54号,1994年中华人民共和国县级以上行政区划变更列表,https://zh.wikipedia.org/wiki/1994%E5%B9%B4%E4%B8%AD%E5%8D%8E%E4%BA%BA%E6%B0%91%E5%85%B1%E5%92%8C%E5%9B%BD%E5%8E%BF%E7%BA%A7%E4%BB%A5%E4%B8%8A%E8%A1%8C%E6%94%BF%E5%8C%BA%E5%88%92%E5%8F%98%E6%9B%B4%E5%88%97%E8%A1%A8,93187675,wikipedia_row_loose_relation,SRC-WIKI-1994,wikipedia,,revisioned_secondary
WIKI-COUNTY-1994-06-024,1994,其他县级行政区划变更列表 / 撤销县、自治县、旗，设立县级市,abolish_or_merge,汕头市,CNUR-000200,澄海县、澄海市,澄海县,澄海市,撤销澄海县，设立澄海市（县级）,县级市、县,county_level,澄海县 | 440521 | 广东省汕头市 | 撤销澄海县，设立澄海市（县级） | 广东省直辖；汕头市代管 | 澄海市 | 449022 | 国务院批准；民政部4月18日批复同意；民行批〔1994〕56号,1994年中华人民共和国县级以上行政区划变更列表,https://zh.wikipedia.org/wiki/1994%E5%B9%B4%E4%B8%AD%E5%8D%8E%E4%BA%BA%E6%B0%91%E5%85%B1%E5%92%8C%E5%9B%BD%E5%8E%BF%E7%BA%A7%E4%BB%A5%E4%B8%8A%E8%A1%8C%E6%94%BF%E5%8C%BA%E5%88%92%E5%8F%98%E6%9B%B4%E5%88%97%E8%A1%A8,93187675,wikipedia_row_loose_relation,SRC-WIKI-1994,wikipedia,,revisioned_secondary
WIKI-COUNTY-1994-06-025,1994,其他县级行政区划变更列表 / 撤销县、自治县、旗，设立县级市,abolish_or_merge,佛山市,CNUR-000201,高明县、高明市,高明县,高明市,撤销高明县，设立高明市（县级）,县级市、县,county_level,高明县 | 440624 | 广东省佛山市 | 撤销高明县，设立高明市（县级） | 广东省直辖；佛山市代管 | 高明市 | 449023 | 国务院批准；民政部4月18日批复同意；民行批〔1994〕57号,1994年中华人民共和国县级以上行政区划变更列表,https://zh.wikipedia.org/wiki/1994%E5%B9%B4%E4%B8%AD%E5%8D%8E%E4%BA%BA%E6%B0%91%E5%85%B1%E5%92%8C%E5%9B%BD%E5%8E%BF%E7%BA%A7%E4%BB%A5%E4%B8%8A%E8%A1%8C%E6%94%BF%E5%8C%BA%E5%88%92%E5%8F%98%E6%9B%B4%E5%88%97%E8%A1%A8,93187675,wikipedia_row_loose_relation,SRC-WIKI-1994,wikipedia,,revisioned_secondary
WIKI-COUNTY-1994-06-026,1994,其他县级行政区划变更列表 / 撤销县、自治县、旗，设立县级市,abolish_or_merge,清远市,CNUR-000211,连县、连州市,连县,连州市,撤销连县，设立连州市（县级）,县级市、县,county_level,连县 | 441824 | 广东省清远市 | 撤销连县，设立连州市（县级） | 广东省直辖；清远市代管 | 连州市 | 449024 | 国务院批准；民政部4月22日批复同意；民行批〔1994〕59号,1994年中华人民共和国县级以上行政区划变更列表,https://zh.wikipedia.org/wiki/1994%E5%B9%B4%E4%B8%AD%E5%8D%8E%E4%BA%BA%E6%B0%91%E5%85%B1%E5%92%8C%E5%9B%BD%E5%8E%BF%E7%BA%A7%E4%BB%A5%E4%B8%8A%E8%A1%8C%E6%94%BF%E5%8C%BA%E5%88%92%E5%8F%98%E6%9B%B4%E5%88%97%E8%A1%A8,93187675,wikipedia_row_loose_relation,SRC-WIKI-1994,wikipedia,,revisioned_secondary
WIKI-COUNTY-1994-06-027,1994,其他县级行政区划变更列表 / 撤销县、自治县、旗，设立县级市,abolish_or_merge,玉林地区,CNUR-000225,北流县、北流市,北流县,北流市,撤销北流县，设立北流市（县级）,县级市、县,county_level,北流县 | 452526 | 广西壮族自治区；玉林地区 | 撤销北流县，设立北流市（县级） | 广西壮族自治区；玉林地区 | 北流市 | 452503 | 国务院批准；民政部4月18日批复同意；民行批〔1994〕60号,1994年中华人民共和国县级以上行政区划变更列表,https://zh.wikipedia.org/wiki/1994%E5%B9%B4%E4%B8%AD%E5%8D%8E%E4%BA%BA%E6%B0%91%E5%85%B1%E5%92%8C%E5%9B%BD%E5%8E%BF%E7%BA%A7%E4%BB%A5%E4%B8%8A%E8%A1%8C%E6%94%BF%E5%8C%BA%E5%88%92%E5%8F%98%E6%9B%B4%E5%88%97%E8%A1%A8,93187675,wikipedia_row_loose_relation,SRC-WIKI-1994,wikipedia,,revisioned_secondary
WIKI-COUNTY-1994-06-028,1994,其他县级行政区划变更列表 / 撤销县、自治县、旗，设立县级市,abolish_or_merge,长治市,CNUR-000017,潞城县、潞城市,潞城县,潞城市,撤销潞城县，设立潞城市（县级）,县级市、县,county_level,潞城县 | 140422 | 山西省长治市 | 撤销潞城县，设立潞城市（县级） | 山西省直辖；长治市代管 | 潞城市 | 149003 | 国务院批准；民政部4月26日批复同意；民行批〔1994〕61号,1994年中华人民共和国县级以上行政区划变更列表,https://zh.wikipedia.org/wiki/1994%E5%B9%B4%E4%B8%AD%E5%8D%8E%E4%BA%BA%E6%B0%91%E5%85%B1%E5%92%8C%E5%9B%BD%E5%8E%BF%E7%BA%A7%E4%BB%A5%E4%B8%8A%E8%A1%8C%E6%94%BF%E5%8C%BA%E5%88%92%E5%8F%98%E6%9B%B4%E5%88%97%E8%A1%A8,93187675,wikipedia_row_loose_relation,SRC-WIKI-1994,wikipedia,,revisioned_secondary
WIKI-COUNTY-1994-06-029,1994,其他县级行政区划变更列表 / 撤销县、自治县、旗，设立县级市,abolish_or_merge,扬州市,CNUR-000083,江都县、江都市,江都县,江都市,撤销江都县，设立江都市（县级）,县级市、县,county_level,江都县 | 321026 | 江苏省扬州市 | 撤销江都县，设立江都市（县级） | 江苏省直辖；扬州市代管 | 江都市 | 329025 | 国务院批准；民政部4月26日批复同意；民行批〔1994〕62号,1994年中华人民共和国县级以上行政区划变更列表,https://zh.wikipedia.org/wiki/1994%E5%B9%B4%E4%B8%AD%E5%8D%8E%E4%BA%BA%E6%B0%91%E5%85%B1%E5%92%8C%E5%9B%BD%E5%8E%BF%E7%BA%A7%E4%BB%A5%E4%B8%8A%E8%A1%8C%E6%94%BF%E5%8C%BA%E5%88%92%E5%8F%98%E6%9B%B4%E5%88%97%E8%A1%A8,93187675,wikipedia_row_loose_relation,SRC-WIKI-1994,wikipedia,,revisioned_secondary
WIKI-COUNTY-1994-06-030,1994,其他县级行政区划变更列表 / 撤销县、自治县、旗，设立县级市,abolish_or_merge,南通市,CNUR-000079,海门县、海门市,海门县,海门市,撤销海门县，设立海门市（县级）,县级市、县,county_level,海门县 | 320625 | 江苏省南通市 | 撤销海门县，设立海门市（县级） | 江苏省直辖；南通市代管 | 海门市 | 329026 | 国务院批准；民政部4月26日批复同意；民行批〔1994〕63号,1994年中华人民共和国县级以上行政区划变更列表,https://zh.wikipedia.org/wiki/1994%E5%B9%B4%E4%B8%AD%E5%8D%8E%E4%BA%BA%E6%B0%91%E5%85%B1%E5%92%8C%E5%9B%BD%E5%8E%BF%E7%BA%A7%E4%BB%A5%E4%B8%8A%E8%A1%8C%E6%94%BF%E5%8C%BA%E5%88%92%E5%8F%98%E6%9B%B4%E5%88%97%E8%A1%A8,93187675,wikipedia_row_loose_relation,SRC-WIKI-1994,wikipedia,,revisioned_secondary
WIKI-COUNTY-1994-06-031,1994,其他县级行政区划变更列表 / 撤销县、自治县、旗，设立县级市,abolish_or_merge,湛江市,CNUR-000203,海康县、雷州市,海康县,雷州市,撤销海康县，设立雷州市（县级）,县级市、县,county_level,海康县 | 440824 | 广东省湛江市 | 撤销海康县，设立雷州市（县级） | 广东省直辖；湛江市代管 | 雷州市 | 449025 | 国务院批准；民政部4月26日批复同意；民行批〔1994〕64号,1994年中华人民共和国县级以上行政区划变更列表,https://zh.wikipedia.org/wiki/1994%E5%B9%B4%E4%B8%AD%E5%8D%8E%E4%BA%BA%E6%B0%91%E5%85%B1%E5%92%8C%E5%9B%BD%E5%8E%BF%E7%BA%A7%E4%BB%A5%E4%B8%8A%E8%A1%8C%E6%94%BF%E5%8C%BA%E5%88%92%E5%8F%98%E6%9B%B4%E5%88%97%E8%A1%A8,93187675,wikipedia_row_loose_relation,SRC-WIKI-1994,wikipedia,,revisioned_secondary
WIKI-COUNTY-1994-06-032,1994,其他县级行政区划变更列表 / 撤销县、自治县、旗，设立县级市,abolish_or_merge,呼伦贝尔盟,CNUR-000031,额尔古纳左旗、根河市,额尔古纳左旗,根河市,撤销额尔古纳左旗，设立根河市（县级）,县级市、旗、县,county_level,额尔古纳左旗 | 152126 | 内蒙古自治区；呼伦贝尔盟 | 撤销额尔古纳左旗，设立根河市（县级） | 内蒙古自治区；呼伦贝尔盟 | 根河市 | 152105 | 国务院批准；民政部4月22日批复同意；民行批〔1994〕65号,1994年中华人民共和国县级以上行政区划变更列表,https://zh.wikipedia.org/wiki/1994%E5%B9%B4%E4%B8%AD%E5%8D%8E%E4%BA%BA%E6%B0%91%E5%85%B1%E5%92%8C%E5%9B%BD%E5%8E%BF%E7%BA%A7%E4%BB%A5%E4%B8%8A%E8%A1%8C%E6%94%BF%E5%8C%BA%E5%88%92%E5%8F%98%E6%9B%B4%E5%88%97%E8%A1%A8,93187675,wikipedia_row_loose_relation,SRC-WIKI-1994,wikipedia,,revisioned_secondary
WIKI-COUNTY-1994-06-033,1994,其他县级行政区划变更列表 / 撤销县、自治县、旗，设立县级市,abolish_or_merge,韶关市,CNUR-000197,乐昌县、乐昌市,乐昌县,乐昌市,撤销乐昌县，设立乐昌市（县级）,县级市、县,county_level,乐昌县 | 440225 | 广东省韶关市 | 撤销乐昌县，设立乐昌市（县级） | 广东省直辖；韶关市代管 | 乐昌市 | 449026 | 国务院批准；民政部4月28日批复同意；民行批〔1994〕66号,1994年中华人民共和国县级以上行政区划变更列表,https://zh.wikipedia.org/wiki/1994%E5%B9%B4%E4%B8%AD%E5%8D%8E%E4%BA%BA%E6%B0%91%E5%85%B1%E5%92%8C%E5%9B%BD%E5%8E%BF%E7%BA%A7%E4%BB%A5%E4%B8%8A%E8%A1%8C%E6%94%BF%E5%8C%BA%E5%88%92%E5%8F%98%E6%9B%B4%E5%88%97%E8%A1%A8,93187675,wikipedia_row_loose_relation,SRC-WIKI-1994,wikipedia,,revisioned_secondary
WIKI-COUNTY-1994-06-034,1994,其他县级行政区划变更列表 / 撤销县、自治县、旗，设立县级市,abolish_or_merge,阳江市,CNUR-000210,阳春县、阳春市,阳春县,阳春市,撤销阳春县，设立阳春市（县级）,县级市、县,county_level,阳春县 | 441722 | 广东省阳江市 | 撤销阳春县，设立阳春市（县级） | 广东省直辖；阳江市代管 | 阳春市 | 449027 | 国务院批准；民政部5月5日批复同意；民行批〔1994〕67号,1994年中华人民共和国县级以上行政区划变更列表,https://zh.wikipedia.org/wiki/1994%E5%B9%B4%E4%B8%AD%E5%8D%8E%E4%BA%BA%E6%B0%91%E5%85%B1%E5%92%8C%E5%9B%BD%E5%8E%BF%E7%BA%A7%E4%BB%A5%E4%B8%8A%E8%A1%8C%E6%94%BF%E5%8C%BA%E5%88%92%E5%8F%98%E6%9B%B4%E5%88%97%E8%A1%A8,93187675,wikipedia_row_loose_relation,SRC-WIKI-1994,wikipedia,,revisioned_secondary
WIKI-COUNTY-1994-06-035,1994,其他县级行政区划变更列表 / 撤销县、自治县、旗，设立县级市,abolish_or_merge,惠州市,CNUR-000206,惠阳县、惠阳市,惠阳县,惠阳市,撤销惠阳县，设立惠阳市（县级）,县级市、县,county_level,惠阳县 | 441321 | 广东省惠州市 | 撤销惠阳县，设立惠阳市（县级） | 广东省直辖；惠州市代管 | 惠阳市 | 449028 | 国务院批准；民政部5月6日批复同意；民行批〔1994〕68号,1994年中华人民共和国县级以上行政区划变更列表,https://zh.wikipedia.org/wiki/1994%E5%B9%B4%E4%B8%AD%E5%8D%8E%E4%BA%BA%E6%B0%91%E5%85%B1%E5%92%8C%E5%9B%BD%E5%8E%BF%E7%BA%A7%E4%BB%A5%E4%B8%8A%E8%A1%8C%E6%94%BF%E5%8C%BA%E5%88%92%E5%8F%98%E6%9B%B4%E5%88%97%E8%A1%A8,93187675,wikipedia_row_loose_relation,SRC-WIKI-1994,wikipedia,,revisioned_secondary
WIKI-COUNTY-1994-06-036,1994,其他县级行政区划变更列表 / 撤销县、自治县、旗，设立县级市,abolish_or_merge,石家庄市,CNUR-000003,获鹿县、鹿泉市,获鹿县,鹿泉市,撤销获鹿县，设立鹿泉市（县级）,县级市、县,county_level,获鹿县 | 130122 | 河北省石家庄市 | 撤销获鹿县，设立鹿泉市（县级） | 河北省直辖；石家庄市代管 | 鹿泉市 | 139019 | 国务院批准；民政部5月18日批复同意,1994年中华人民共和国县级以上行政区划变更列表,https://zh.wikipedia.org/wiki/1994%E5%B9%B4%E4%B8%AD%E5%8D%8E%E4%BA%BA%E6%B0%91%E5%85%B1%E5%92%8C%E5%9B%BD%E5%8E%BF%E7%BA%A7%E4%BB%A5%E4%B8%8A%E8%A1%8C%E6%94%BF%E5%8C%BA%E5%88%92%E5%8F%98%E6%9B%B4%E5%88%97%E8%A1%A8,93187675,wikipedia_row_loose_relation,SRC-WIKI-1994,wikipedia,,revisioned_secondary
WIKI-COUNTY-1994-06-037,1994,其他县级行政区划变更列表 / 撤销县、自治县、旗，设立县级市,abolish_or_merge,郑州市,CNUR-000152,新郑县、新郑市,新郑县,新郑市,撤销新郑县，设立新郑市（县级）,县级市、县,county_level,新郑县 | 410123 | 河南省郑州市 | 撤销新郑县，设立新郑市（县级） | 河南省直辖；郑州市代管 | 新郑市 | 419017 | 国务院批准；民政部5月18日批复同意；民行批〔1994〕79号,1994年中华人民共和国县级以上行政区划变更列表,https://zh.wikipedia.org/wiki/1994%E5%B9%B4%E4%B8%AD%E5%8D%8E%E4%BA%BA%E6%B0%91%E5%85%B1%E5%92%8C%E5%9B%BD%E5%8E%BF%E7%BA%A7%E4%BB%A5%E4%B8%8A%E8%A1%8C%E6%94%BF%E5%8C%BA%E5%88%92%E5%8F%98%E6%9B%B4%E5%88%97%E8%A1%A8,93187675,wikipedia_row_loose_relation,SRC-WIKI-1994,wikipedia,,revisioned_secondary
WIKI-COUNTY-1994-06-038,1994,其他县级行政区划变更列表 / 撤销县、自治县、旗，设立县级市,abolish_or_merge,玉林地区,CNUR-000225,桂平县、桂平市,桂平县,桂平市,撤销桂平县，设立桂平市（县级）,县级市、县,county_level,桂平县 | 452526 | 广西壮族自治区；玉林地区 | 撤销桂平县，设立桂平市（县级） | 广西壮族自治区；玉林地区 | 桂平市 | 452504 | 国务院批准；民政部5月18日批复同意；民行批〔1994〕80号,1994年中华人民共和国县级以上行政区划变更列表,https://zh.wikipedia.org/wiki/1994%E5%B9%B4%E4%B8%AD%E5%8D%8E%E4%BA%BA%E6%B0%91%E5%85%B1%E5%92%8C%E5%9B%BD%E5%8E%BF%E7%BA%A7%E4%BB%A5%E4%B8%8A%E8%A1%8C%E6%94%BF%E5%8C%BA%E5%88%92%E5%8F%98%E6%9B%B4%E5%88%97%E8%A1%A8,93187675,wikipedia_row_loose_relation,SRC-WIKI-1994,wikipedia,,revisioned_secondary
WIKI-COUNTY-1994-06-039,1994,其他县级行政区划变更列表 / 撤销县、自治县、旗，设立县级市,abolish_or_merge,镇江市,CNUR-000084,扬中县、扬中市,扬中县,扬中市,撤销扬中县，设立扬中市（县级）,县级市、县,county_level,扬中县 | 321124 | 江苏省镇江市 | 撤销扬中县，设立扬中市（县级） | 江苏省直辖；镇江市代管 | 扬中市 | 329027 | 国务院批准；民政部5月19日批复同意；民行批〔1994〕81号,1994年中华人民共和国县级以上行政区划变更列表,https://zh.wikipedia.org/wiki/1994%E5%B9%B4%E4%B8%AD%E5%8D%8E%E4%BA%BA%E6%B0%91%E5%85%B1%E5%92%8C%E5%9B%BD%E5%8E%BF%E7%BA%A7%E4%BB%A5%E4%B8%8A%E8%A1%8C%E6%94%BF%E5%8C%BA%E5%88%92%E5%8F%98%E6%9B%B4%E5%88%97%E8%A1%A8,93187675,wikipedia_row_loose_relation,SRC-WIKI-1994,wikipedia,,revisioned_secondary
WIKI-COUNTY-1994-06-040,1994,其他县级行政区划变更列表 / 撤销县、自治县、旗，设立县级市,abolish_or_merge,潍坊市,CNUR-000141,高密县、高密市,高密县,高密市,撤销高密县，设立高密市（县级）,县级市、县,county_level,高密县 | 370727 | 山东省潍坊市 | 撤销高密县，设立高密市（县级） | 山东省直辖；潍坊市代管 | 高密市 | 379029 | 国务院批准；民政部5月18日批复同意；民行批〔1994〕82号,1994年中华人民共和国县级以上行政区划变更列表,https://zh.wikipedia.org/wiki/1994%E5%B9%B4%E4%B8%AD%E5%8D%8E%E4%BA%BA%E6%B0%91%E5%85%B1%E5%92%8C%E5%9B%BD%E5%8E%BF%E7%BA%A7%E4%BB%A5%E4%B8%8A%E8%A1%8C%E6%94%BF%E5%8C%BA%E5%88%92%E5%8F%98%E6%9B%B4%E5%88%97%E8%A1%A8,93187675,wikipedia_row_loose_relation,SRC-WIKI-1994,wikipedia,,revisioned_secondary
WIKI-COUNTY-1994-06-041,1994,其他县级行政区划变更列表 / 撤销县、自治县、旗，设立县级市,abolish_or_merge,赣州地区,CNUR-000130,瑞金县、瑞金市,瑞金县,瑞金市,撤销瑞金县，设立瑞金市（县级）,县级市、县,county_level,瑞金县 | 452526 | 江西省赣州地区 | 撤销瑞金县，设立瑞金市（县级） | 江西省赣州地区 | 瑞金市 | 452503 | 国务院批准；民政部5月18日批复同意；民行批〔1994〕83号,1994年中华人民共和国县级以上行政区划变更列表,https://zh.wikipedia.org/wiki/1994%E5%B9%B4%E4%B8%AD%E5%8D%8E%E4%BA%BA%E6%B0%91%E5%85%B1%E5%92%8C%E5%9B%BD%E5%8E%BF%E7%BA%A7%E4%BB%A5%E4%B8%8A%E8%A1%8C%E6%94%BF%E5%8C%BA%E5%88%92%E5%8F%98%E6%9B%B4%E5%88%97%E8%A1%A8,93187675,wikipedia_row_loose_relation,SRC-WIKI-1994,wikipedia,,revisioned_secondary
WIKI-COUNTY-1994-06-042,1994,其他县级行政区划变更列表 / 撤销县、自治县、旗，设立县级市,abolish_or_merge,湛江市,CNUR-000203,吴川县、吴川市,吴川县,吴川市,撤销吴川县，设立吴川市（县级）,县级市、县,county_level,吴川县 | 440821 | 广东省湛江市 | 撤销吴川县，设立吴川市（县级） | 广东省直辖；湛江市代管 | 吴川市 | 449029 | 国务院批准；民政部5月26日批复同意；民行批〔1994〕84号,1994年中华人民共和国县级以上行政区划变更列表,https://zh.wikipedia.org/wiki/1994%E5%B9%B4%E4%B8%AD%E5%8D%8E%E4%BA%BA%E6%B0%91%E5%85%B1%E5%92%8C%E5%9B%BD%E5%8E%BF%E7%BA%A7%E4%BB%A5%E4%B8%8A%E8%A1%8C%E6%94%BF%E5%8C%BA%E5%88%92%E5%8F%98%E6%9B%B4%E5%88%97%E8%A1%A8,93187675,wikipedia_row_loose_relation,SRC-WIKI-1994,wikipedia,,revisioned_secondary
WIKI-COUNTY-1994-06-043,1994,其他县级行政区划变更列表 / 撤销县、自治县、旗，设立县级市,abolish_or_merge,郑州市,CNUR-000152,登封县、登封市,登封县,登封市,撤销登封县，设立登封市（县级）,县级市、县,county_level,登封县 | 410125 | 河南省郑州市 | 撤销登封县，设立登封市（县级） | 河南省直辖；郑州市代管 | 登封市 | 419018 | 国务院批准；民政部5月30日批复同意；民行批〔1994〕85号,1994年中华人民共和国县级以上行政区划变更列表,https://zh.wikipedia.org/wiki/1994%E5%B9%B4%E4%B8%AD%E5%8D%8E%E4%BA%BA%E6%B0%91%E5%85%B1%E5%92%8C%E5%9B%BD%E5%8E%BF%E7%BA%A7%E4%BB%A5%E4%B8%8A%E8%A1%8C%E6%94%BF%E5%8C%BA%E5%88%92%E5%8F%98%E6%9B%B4%E5%88%97%E8%A1%A8,93187675,wikipedia_row_loose_relation,SRC-WIKI-1994,wikipedia,,revisioned_secondary
WIKI-COUNTY-1994-06-044,1994,其他县级行政区划变更列表 / 撤销县、自治县、旗，设立县级市,abolish_or_merge,滁州市,CNUR-000107,嘉山县、明光市,嘉山县,明光市,撤销嘉山县，设立明光市（县级）,县级市、县,county_level,嘉山县 | 341127 | 安徽省滁州市 | 撤销嘉山县，设立明光市（县级） | 安徽省直辖；滁州市代管 | 明光市 | 349002 | 国务院批准；民政部5月31日批复同意；民行批〔1994〕87号,1994年中华人民共和国县级以上行政区划变更列表,https://zh.wikipedia.org/wiki/1994%E5%B9%B4%E4%B8%AD%E5%8D%8E%E4%BA%BA%E6%B0%91%E5%85%B1%E5%92%8C%E5%9B%BD%E5%8E%BF%E7%BA%A7%E4%BB%A5%E4%B8%8A%E8%A1%8C%E6%94%BF%E5%8C%BA%E5%88%92%E5%8F%98%E6%9B%B4%E5%88%97%E8%A1%A8,93187675,wikipedia_row_loose_relation,SRC-WIKI-1994,wikipedia,,revisioned_secondary
WIKI-COUNTY-1994-06-045,1994,其他县级行政区划变更列表 / 撤销县、自治县、旗，设立县级市,abolish_or_merge,成都市,CNUR-000236,邛崃县、邛崃市,邛崃县,邛崃市,撤销邛崃县，设立邛崃市（县级）,县级市、县,county_level,邛崃县 | 510130 | 四川省成都市 | 撤销邛崃县，设立邛崃市（县级） | 四川省直辖；成都市代管 | 邛崃市 | 519012 | 国务院批准；民政部6月6日批复同意；民行批〔1994〕88号,1994年中华人民共和国县级以上行政区划变更列表,https://zh.wikipedia.org/wiki/1994%E5%B9%B4%E4%B8%AD%E5%8D%8E%E4%BA%BA%E6%B0%91%E5%85%B1%E5%92%8C%E5%9B%BD%E5%8E%BF%E7%BA%A7%E4%BB%A5%E4%B8%8A%E8%A1%8C%E6%94%BF%E5%8C%BA%E5%88%92%E5%8F%98%E6%9B%B4%E5%88%97%E8%A1%A8,93187675,wikipedia_row_loose_relation,SRC-WIKI-1994,wikipedia,,revisioned_secondary
WIKI-COUNTY-1994-06-046,1994,其他县级行政区划变更列表 / 撤销县、自治县、旗，设立县级市,abolish_or_merge,梅州市,CNUR-000207,兴宁县、兴宁市,兴宁县,兴宁市,撤销兴宁县，设立兴宁市（县级）,县级市、县,county_level,兴宁县 | 441425 | 广东省梅州市 | 撤销兴宁县，设立兴宁市（县级） | 广东省直辖；梅州市代管 | 兴宁市 | 449030 | 国务院批准；民政部6月6日批复同意；民行批〔1994〕89号,1994年中华人民共和国县级以上行政区划变更列表,https://zh.wikipedia.org/wiki/1994%E5%B9%B4%E4%B8%AD%E5%8D%8E%E4%BA%BA%E6%B0%91%E5%85%B1%E5%92%8C%E5%9B%BD%E5%8E%BF%E7%BA%A7%E4%BB%A5%E4%B8%8A%E8%A1%8C%E6%94%BF%E5%8C%BA%E5%88%92%E5%8F%98%E6%9B%B4%E5%88%97%E8%A1%A8,93187675,wikipedia_row_loose_relation,SRC-WIKI-1994,wikipedia,,revisioned_secondary
WIKI-COUNTY-1994-06-047,1994,其他县级行政区划变更列表 / 撤销县、自治县、旗，设立县级市,abolish_or_merge,成都市,CNUR-000236,崇庆县、崇州市,崇庆县,崇州市,撤销崇庆县，设立崇州市（县级）,县级市、县,county_level,崇庆县 | 510128 | 四川省成都市 | 撤销崇庆县，设立崇州市（县级） | 四川省直辖；成都市代管 | 崇州市 | 519013 | 国务院批准；民政部6月10日批复同意；民行批〔1994〕91号=,1994年中华人民共和国县级以上行政区划变更列表,https://zh.wikipedia.org/wiki/1994%E5%B9%B4%E4%B8%AD%E5%8D%8E%E4%BA%BA%E6%B0%91%E5%85%B1%E5%92%8C%E5%9B%BD%E5%8E%BF%E7%BA%A7%E4%BB%A5%E4%B8%8A%E8%A1%8C%E6%94%BF%E5%8C%BA%E5%88%92%E5%8F%98%E6%9B%B4%E5%88%97%E8%A1%A8,93187675,wikipedia_row_loose_relation,SRC-WIKI-1994,wikipedia,,revisioned_secondary
WIKI-COUNTY-1994-06-048,1994,其他县级行政区划变更列表 / 撤销县、自治县、旗，设立县级市,abolish_or_merge,潍坊市,CNUR-000141,昌邑县、昌邑市,昌邑县,昌邑市,撤销昌邑县，设立昌邑市（县级）,县级市、县,county_level,昌邑县 | 370726 | 山东省潍坊市 | 撤销昌邑县，设立昌邑市（县级） | 山东省直辖；潍坊市代管 | 昌邑市 | 379028 | 国务院批准；民政部6月10日批复同意；民行批〔1994〕92号,1994年中华人民共和国县级以上行政区划变更列表,https://zh.wikipedia.org/wiki/1994%E5%B9%B4%E4%B8%AD%E5%8D%8E%E4%BA%BA%E6%B0%91%E5%85%B1%E5%92%8C%E5%9B%BD%E5%8E%BF%E7%BA%A7%E4%BB%A5%E4%B8%8A%E8%A1%8C%E6%94%BF%E5%8C%BA%E5%88%92%E5%8F%98%E6%9B%B4%E5%88%97%E8%A1%A8,93187675,wikipedia_row_loose_relation,SRC-WIKI-1994,wikipedia,,revisioned_secondary
WIKI-COUNTY-1994-06-049,1994,其他县级行政区划变更列表 / 撤销县、自治县、旗，设立县级市,abolish_or_merge,襄樊市,CNUR-000173,宜城县、宜城市,宜城县,宜城市,撤销宜城县，设立宜城市（县级）,县级市、县,county_level,宜城县 | 420623 | 湖北省襄樊市 | 撤销宜城县，设立宜城市（县级） | 湖北省直辖；襄樊市代管 | 宜城市 | 429017 | 国务院批准；民政部6月10日批复同意；民行批〔1994〕93号,1994年中华人民共和国县级以上行政区划变更列表,https://zh.wikipedia.org/wiki/1994%E5%B9%B4%E4%B8%AD%E5%8D%8E%E4%BA%BA%E6%B0%91%E5%85%B1%E5%92%8C%E5%9B%BD%E5%8E%BF%E7%BA%A7%E4%BB%A5%E4%B8%8A%E8%A1%8C%E6%94%BF%E5%8C%BA%E5%88%92%E5%8F%98%E6%9B%B4%E5%88%97%E8%A1%A8,93187675,wikipedia_row_loose_relation,SRC-WIKI-1994,wikipedia,,revisioned_secondary
WIKI-COUNTY-1994-06-050,1994,其他县级行政区划变更列表 / 撤销县、自治县、旗，设立县级市,abolish_or_merge,茂名市,CNUR-000204,化州县、化州市,化州县,化州市,撤销化州县，设立化州市（县级）,县级市、县,county_level,化州县 | 440924 | 广东省茂名市 | 撤销化州县，设立化州市（县级） | 广东省直辖；茂名市代管 | 化州市 | 449031 | 国务院批准；民政部7月4日批复同意；民行批〔1994〕95号,1994年中华人民共和国县级以上行政区划变更列表,https://zh.wikipedia.org/wiki/1994%E5%B9%B4%E4%B8%AD%E5%8D%8E%E4%BA%BA%E6%B0%91%E5%85%B1%E5%92%8C%E5%9B%BD%E5%8E%BF%E7%BA%A7%E4%BB%A5%E4%B8%8A%E8%A1%8C%E6%94%BF%E5%8C%BA%E5%88%92%E5%8F%98%E6%9B%B4%E5%88%97%E8%A1%A8,93187675,wikipedia_row_loose_relation,SRC-WIKI-1994,wikipedia,,revisioned_secondary
WIKI-COUNTY-1994-06-051,1994,其他县级行政区划变更列表 / 撤销县、自治县、旗，设立县级市,abolish_or_merge,衡水地区,CNUR-000013,深县、深州市,深县,深州市,撤销深县，设立深州市（县级）,县级市、县,county_level,深县 | 133025 | 河北省衡水地区 | 撤销深县，设立深州市（县级） | 河北省衡水地区 | 深州市 | 133003 | 国务院批准；民政部7月4日批复同意；民行批〔1994〕96号,1994年中华人民共和国县级以上行政区划变更列表,https://zh.wikipedia.org/wiki/1994%E5%B9%B4%E4%B8%AD%E5%8D%8E%E4%BA%BA%E6%B0%91%E5%85%B1%E5%92%8C%E5%9B%BD%E5%8E%BF%E7%BA%A7%E4%BB%A5%E4%B8%8A%E8%A1%8C%E6%94%BF%E5%8C%BA%E5%88%92%E5%8F%98%E6%9B%B4%E5%88%97%E8%A1%A8,93187675,wikipedia_row_loose_relation,SRC-WIKI-1994,wikipedia,,revisioned_secondary
WIKI-COUNTY-1994-06-052,1994,其他县级行政区划变更列表 / 撤销县、自治县、旗，设立县级市,abolish_or_merge,长春市,CNUR-000051,德惠县、德惠市,德惠县,德惠市,撤销德惠县，设立德惠市（县级）,县级市、县,county_level,德惠县 | 220124 | 吉林省长春市 | 撤销德惠县，设立德惠市（县级） | 吉林省直辖；长春市代管 | 德惠市 | 229012 | 国务院批准；民政部7月6日批复同意；民行批〔1994〕97号,1994年中华人民共和国县级以上行政区划变更列表,https://zh.wikipedia.org/wiki/1994%E5%B9%B4%E4%B8%AD%E5%8D%8E%E4%BA%BA%E6%B0%91%E5%85%B1%E5%92%8C%E5%9B%BD%E5%8E%BF%E7%BA%A7%E4%BB%A5%E4%B8%8A%E8%A1%8C%E6%94%BF%E5%8C%BA%E5%88%92%E5%8F%98%E6%9B%B4%E5%88%97%E8%A1%A8,93187675,wikipedia_row_loose_relation,SRC-WIKI-1994,wikipedia,,revisioned_secondary
WIKI-COUNTY-1994-06-053,1994,其他县级行政区划变更列表 / 撤销县、自治县、旗，设立县级市,abolish_or_merge,呼伦贝尔盟,CNUR-000031,额尔古纳右旗、额尔古纳市,额尔古纳右旗,额尔古纳市,撤销额尔古纳右旗，设立额尔古纳市（县级）,县级市、旗、县,county_level,额尔古纳右旗 | 152125 | 内蒙古自治区；呼伦贝尔盟 | 撤销额尔古纳右旗，设立额尔古纳市（县级） | 内蒙古自治区；呼伦贝尔盟 | 额尔古纳市 | 152106 | 国务院批准；民政部7月13日批复同意；民行批〔1994〕111号,1994年中华人民共和国县级以上行政区划变更列表,https://zh.wikipedia.org/wiki/1994%E5%B9%B4%E4%B8%AD%E5%8D%8E%E4%BA%BA%E6%B0%91%E5%85%B1%E5%92%8C%E5%9B%BD%E5%8E%BF%E7%BA%A7%E4%BB%A5%E4%B8%8A%E8%A1%8C%E6%94%BF%E5%8C%BA%E5%88%92%E5%8F%98%E6%9B%B4%E5%88%97%E8%A1%A8,93187675,wikipedia_row_loose_relation,SRC-WIKI-1994,wikipedia,,revisioned_secondary
WIKI-COUNTY-1994-06-054,1994,其他县级行政区划变更列表 / 撤销县、自治县、旗，设立县级市,abolish_or_merge,扬州市,CNUR-000083,泰县、姜堰市,泰县,姜堰市,撤销泰县，设立姜堰市（县级）,县级市、县,county_level,泰县 | 321028 | 江苏省扬州市 | 撤销泰县，设立姜堰市（县级） | 江苏省直辖；扬州市代管 | 姜堰市 | 329025 | 国务院批准；民政部7月27日批复同意；民行批〔1994〕114号,1994年中华人民共和国县级以上行政区划变更列表,https://zh.wikipedia.org/wiki/1994%E5%B9%B4%E4%B8%AD%E5%8D%8E%E4%BA%BA%E6%B0%91%E5%85%B1%E5%92%8C%E5%9B%BD%E5%8E%BF%E7%BA%A7%E4%BB%A5%E4%B8%8A%E8%A1%8C%E6%94%BF%E5%8C%BA%E5%88%92%E5%8F%98%E6%9B%B4%E5%88%97%E8%A1%A8,93187675,wikipedia_row_loose_relation,SRC-WIKI-1994,wikipedia,,revisioned_secondary
WIKI-COUNTY-1994-07-002,1994,其他县级行政区划变更列表 / 县级行政区划行政隶属变更,jurisdiction_transfer,襄樊市、随州市,CNUR-000173、CNUR-000180,,,,随州市 | 429001 | 湖北省直辖；襄樊市代管 | 原委托襄樊市代管的随州市由省直管 | 湖北省直辖 | <small>行政区划代码不变</small> | 湖北省11月5日通知；鄂政发〔1994〕152号,,untyped_county_record,随州市 | 429001 | 湖北省直辖；襄樊市代管 | 原委托襄樊市代管的随州市由省直管 | 湖北省直辖 | <small>行政区划代码不变</small> | 湖北省11月5日通知；鄂政发〔1994〕152号,1994年中华人民共和国县级以上行政区划变更列表,https://zh.wikipedia.org/wiki/1994%E5%B9%B4%E4%B8%AD%E5%8D%8E%E4%BA%BA%E6%B0%91%E5%85%B1%E5%92%8C%E5%9B%BD%E5%8E%BF%E7%BA%A7%E4%BB%A5%E4%B8%8A%E8%A1%8C%E6%94%BF%E5%8C%BA%E5%88%92%E5%8F%98%E6%9B%B4%E5%88%97%E8%A1%A8,93187675,wikipedia_row_loose_relation,SRC-WIKI-1994,wikipedia,,revisioned_secondary
WIKI-COUNTY-1994-08-002,1994,其他县级行政区划变更列表 / 县级行政区划更名,rename,株洲市,CNUR-000183,酃县、炎陵县,酃县,炎陵县,酃县更名为炎陵县,县,county_level,酃县 | 430225 | 湖南省株洲市 | 酃县更名为炎陵县 | 炎陵县 | <small>行政区划代码不变</small> | 国务院批准；民政部4月5日批复同意；民行批〔1994〕55号,1994年中华人民共和国县级以上行政区划变更列表,https://zh.wikipedia.org/wiki/1994%E5%B9%B4%E4%B8%AD%E5%8D%8E%E4%BA%BA%E6%B0%91%E5%85%B1%E5%92%8C%E5%9B%BD%E5%8E%BF%E7%BA%A7%E4%BB%A5%E4%B8%8A%E8%A1%8C%E6%94%BF%E5%8C%BA%E5%88%92%E5%8F%98%E6%9B%B4%E5%88%97%E8%A1%A8,93187675,wikipedia_row_loose_relation,SRC-WIKI-1994,wikipedia,,revisioned_secondary
WIKI-COUNTY-1994-08-003,1994,其他县级行政区划变更列表 / 县级行政区划更名,rename,重庆市,CNUR-000235,市中区、渝中区,市中区,渝中区,市中区更名为渝中区,市辖区,county_level,市中区 | 510202 | 四川省重庆市 | 市中区更名为渝中区 | 渝中区 | <small>行政区划代码不变</small> | 国务院12月17日批复同意；国函〔1994〕138号,1994年中华人民共和国县级以上行政区划变更列表,https://zh.wikipedia.org/wiki/1994%E5%B9%B4%E4%B8%AD%E5%8D%8E%E4%BA%BA%E6%B0%91%E5%85%B1%E5%92%8C%E5%9B%BD%E5%8E%BF%E7%BA%A7%E4%BB%A5%E4%B8%8A%E8%A1%8C%E6%94%BF%E5%8C%BA%E5%88%92%E5%8F%98%E6%9B%B4%E5%88%97%E8%A1%A8,93187675,wikipedia_row_loose_relation,SRC-WIKI-1994,wikipedia,,revisioned_secondary
WIKI-COUNTY-1994-08-004,1994,其他县级行政区划变更列表 / 县级行政区划更名,rename,平顶山市,CNUR-000155,郊区、湛河区,郊区,湛河区,将平顶山市郊区更名为湛河区,市辖区,county_level,郊区 | 440711 | 河南省平顶山市 | 将平顶山市郊区更名为湛河区 | 湛河区 | <small>行政区划代码不变</small> | 国务院批准；民政部8月10日批复同意；民行批〔1994〕118号,1994年中华人民共和国县级以上行政区划变更列表,https://zh.wikipedia.org/wiki/1994%E5%B9%B4%E4%B8%AD%E5%8D%8E%E4%BA%BA%E6%B0%91%E5%85%B1%E5%92%8C%E5%9B%BD%E5%8E%BF%E7%BA%A7%E4%BB%A5%E4%B8%8A%E8%A1%8C%E6%94%BF%E5%8C%BA%E5%88%92%E5%8F%98%E6%9B%B4%E5%88%97%E8%A1%A8,93187675,wikipedia_row_loose_relation,SRC-WIKI-1994,wikipedia,,revisioned_secondary
WIKI-COUNTY-1994-08-005,1994,其他县级行政区划变更列表 / 县级行政区划更名,rename,江门市,CNUR-000202,城区、江海区,城区,江海区,将江门市城区更名为江海区，区人民政府驻地从环市二路17号迁至东海路338号；郊区更名为蓬江区，区人民政府驻地从港口路26号迁至建设二路18号,市辖区,county_level,城区 | 440702 | 广东省江门市 | 将江门市城区更名为江海区，区人民政府驻地从环市二路17号迁至东海路338号；郊区更名为蓬江区，区人民政府驻地从港口路26号迁至建设二路18号 | 江海区 | 440704 | 国务院批准；民政部8月10日批复同意；民行批〔1994〕119号,1994年中华人民共和国县级以上行政区划变更列表,https://zh.wikipedia.org/wiki/1994%E5%B9%B4%E4%B8%AD%E5%8D%8E%E4%BA%BA%E6%B0%91%E5%85%B1%E5%92%8C%E5%9B%BD%E5%8E%BF%E7%BA%A7%E4%BB%A5%E4%B8%8A%E8%A1%8C%E6%94%BF%E5%8C%BA%E5%88%92%E5%8F%98%E6%9B%B4%E5%88%97%E8%A1%A8,93187675,wikipedia_row_loose_relation,SRC-WIKI-1994,wikipedia,,revisioned_secondary
WIKI-COUNTY-1994-08-006,1994,其他县级行政区划变更列表 / 县级行政区划更名,rename,江门市,CNUR-000202,郊区、蓬江区,郊区,蓬江区,广东省江门市 | 将江门市城区更名为江海区，区人民政府驻地从环市二路17号迁至东海路338号；郊区更名为蓬江区，区人民政府驻地从港口路26号迁至建设二路18号 | 国务院批准；民政部8月10日批复同意；民行批〔1994〕119号 | 郊区 | 440711 | 蓬江区 | 440703,市辖区,county_level,广东省江门市 | 将江门市城区更名为江海区，区人民政府驻地从环市二路17号迁至东海路338号；郊区更名为蓬江区，区人民政府驻地从港口路26号迁至建设二路18号 | 国务院批准；民政部8月10日批复同意；民行批〔1994〕119号 | 郊区 | 440711 | 蓬江区 | 440703,1994年中华人民共和国县级以上行政区划变更列表,https://zh.wikipedia.org/wiki/1994%E5%B9%B4%E4%B8%AD%E5%8D%8E%E4%BA%BA%E6%B0%91%E5%85%B1%E5%92%8C%E5%9B%BD%E5%8E%BF%E7%BA%A7%E4%BB%A5%E4%B8%8A%E8%A1%8C%E6%94%BF%E5%8C%BA%E5%88%92%E5%8F%98%E6%9B%B4%E5%88%97%E8%A1%A8,93187675,wikipedia_row_loose_relation,SRC-WIKI-1994,wikipedia,,revisioned_secondary
WIKI-COUNTY-1994-08-007,1994,其他县级行政区划变更列表 / 县级行政区划更名,rename,江门市、湛江市,CNUR-000202、CNUR-000203,郊区、霞山区、麻章区,郊区,麻章区,湛江市郊区人民政府驻地由霞山区迁至麻章镇；郊区名称更名为麻章区,市辖区,county_level,广东省江门市 | 将江门市城区更名为江海区，区人民政府驻地从环市二路17号迁至东海路338号；郊区更名为蓬江区，区人民政府驻地从港口路26号迁至建设二路18号 | 国务院批准；民政部8月10日批复同意；民行批〔1994〕119号 | 郊区 | 440602 | 广东省湛江市 | 湛江市郊区人民政府驻地由霞山区迁至麻章镇；郊区名称更名为麻章区 | 麻章区 | <small>行政区划代码不变</small> | 国务院批准；民政部10月10日批复同意；民行批〔1994〕140号,1994年中华人民共和国县级以上行政区划变更列表,https://zh.wikipedia.org/wiki/1994%E5%B9%B4%E4%B8%AD%E5%8D%8E%E4%BA%BA%E6%B0%91%E5%85%B1%E5%92%8C%E5%9B%BD%E5%8E%BF%E7%BA%A7%E4%BB%A5%E4%B8%8A%E8%A1%8C%E6%94%BF%E5%8C%BA%E5%88%92%E5%8F%98%E6%9B%B4%E5%88%97%E8%A1%A8,93187675,wikipedia_row_loose_relation,SRC-WIKI-1994,wikipedia,,revisioned_secondary
WIKI-COUNTY-1994-09-002,1994,其他县级行政区划变更列表 / 县级行政区划行政机构迁移,residence_change,吉安地区,CNUR-000131,峡江县,峡江县,,将峡江县人民政府驻地由巴邱镇迁至水边镇,县,county_level,峡江县 | 362423 | 江西省吉安地区 | 将峡江县人民政府驻地由巴邱镇迁至水边镇 | 国务院批准；民政部10月22日批复同意；民行批〔1994〕141号,1994年中华人民共和国县级以上行政区划变更列表,https://zh.wikipedia.org/wiki/1994%E5%B9%B4%E4%B8%AD%E5%8D%8E%E4%BA%BA%E6%B0%91%E5%85%B1%E5%92%8C%E5%9B%BD%E5%8E%BF%E7%BA%A7%E4%BB%A5%E4%B8%8A%E8%A1%8C%E6%94%BF%E5%8C%BA%E5%88%92%E5%8F%98%E6%9B%B4%E5%88%97%E8%A1%A8,93187675,wikipedia_row_loose_relation,SRC-WIKI-1994,wikipedia,,revisioned_secondary
WIKI-COUNTY-1995-04-002,1995,其他县级行政区划变更列表 / 市辖区的新设、调整,establish,宜昌市,CNUR-000172,枝江县、猇亭区,,猇亭区,枝江县管辖,市辖区、县,county_level,枝江县管辖 | 湖北省宜昌市 | 宜昌市设立猇亭区，以原猇亭镇的行政区域为猇亭区的行政区域 | 湖北省宜昌市 | 猇亭区 | 420505 | 国务院3月21日批复同意；国函〔1995〕21号,1995年中华人民共和国县级以上行政区划变更列表,https://zh.wikipedia.org/wiki/1995%E5%B9%B4%E4%B8%AD%E5%8D%8E%E4%BA%BA%E6%B0%91%E5%85%B1%E5%92%8C%E5%9B%BD%E5%8E%BF%E7%BA%A7%E4%BB%A5%E4%B8%8A%E8%A1%8C%E6%94%BF%E5%8C%BA%E5%88%92%E5%8F%98%E6%9B%B4%E5%88%97%E8%A1%A8,93188363,wikipedia_row_loose_relation,SRC-WIKI-1995,wikipedia,,revisioned_secondary
WIKI-COUNTY-1995-04-003,1995,其他县级行政区划变更列表 / 市辖区的新设、调整,abolish_or_merge,长春市,CNUR-000051,郊区、绿园区,郊区,绿园区,撤销长春市郊区，设立绿园区,市辖区,county_level,郊区 | 220111 | 吉林省长春市 | 撤销长春市郊区，设立绿园区 | 吉林省长春市 | 绿园区 | 220106 | 国务院7月6日批复同意；国函〔1995〕65号,1995年中华人民共和国县级以上行政区划变更列表,https://zh.wikipedia.org/wiki/1995%E5%B9%B4%E4%B8%AD%E5%8D%8E%E4%BA%BA%E6%B0%91%E5%85%B1%E5%92%8C%E5%9B%BD%E5%8E%BF%E7%BA%A7%E4%BB%A5%E4%B8%8A%E8%A1%8C%E6%94%BF%E5%8C%BA%E5%88%92%E5%8F%98%E6%9B%B4%E5%88%97%E8%A1%A8,93188363,wikipedia_row_loose_relation,SRC-WIKI-1995,wikipedia,,revisioned_secondary
WIKI-COUNTY-1995-04-004,1995,其他县级行政区划变更列表 / 市辖区的新设、调整,abolish_or_merge,襄樊市,CNUR-000173,襄城区,襄城区,襄城区,撤销襄樊市原襄城区、樊东区、樊西区、郊区；设立襄樊市襄城区，以原襄城区和原郊区的檀溪、尹集、庞公3个乡的行政区域为襄城区的行政区域；设立襄樊市樊城区，以原樊东区、樊西区和原郊区的米庄、团山、王寨、柿铺4个乡镇的行政区域为樊城区的行政区域,市辖区,county_level,襄城区 | 420602 | 湖北省襄樊市 | 撤销襄樊市原襄城区、樊东区、樊西区、郊区；设立襄樊市襄城区，以原襄城区和原郊区的檀溪、尹集、庞公3个乡的行政区域为襄城区的行政区域；设立襄樊市樊城区，以原樊东区、樊西区和原郊区的米庄、团山、王寨、柿铺4个乡镇的行政区域为樊城区的行政区域 | 湖北省襄樊市 | 襄城区 | 420602 | 国务院10月22日批复同意；国函〔1995〕100号,1995年中华人民共和国县级以上行政区划变更列表,https://zh.wikipedia.org/wiki/1995%E5%B9%B4%E4%B8%AD%E5%8D%8E%E4%BA%BA%E6%B0%91%E5%85%B1%E5%92%8C%E5%9B%BD%E5%8E%BF%E7%BA%A7%E4%BB%A5%E4%B8%8A%E8%A1%8C%E6%94%BF%E5%8C%BA%E5%88%92%E5%8F%98%E6%9B%B4%E5%88%97%E8%A1%A8,93188363,wikipedia_row_loose_relation,SRC-WIKI-1995,wikipedia,,revisioned_secondary
WIKI-COUNTY-1995-04-005,1995,其他县级行政区划变更列表 / 市辖区的新设、调整,abolish_or_merge,襄樊市,CNUR-000173,郊区,郊区,,湖北省襄樊市 | 撤销襄樊市原襄城区、樊东区、樊西区、郊区；设立襄樊市襄城区，以原襄城区和原郊区的檀溪、尹集、庞公3个乡的行政区域为襄城区的行政区域；设立襄樊市樊城区，以原樊东区、樊西区和原郊区的米庄、团山、王寨、柿铺4个乡镇的行政区域为樊城区的行政区域 | 湖北省襄樊市 | 襄城区 | 420602 | 国务院10月22日批复同意；国函〔1995〕100号 | 郊区 | 420605,市辖区,county_level,湖北省襄樊市 | 撤销襄樊市原襄城区、樊东区、樊西区、郊区；设立襄樊市襄城区，以原襄城区和原郊区的檀溪、尹集、庞公3个乡的行政区域为襄城区的行政区域；设立襄樊市樊城区，以原樊东区、樊西区和原郊区的米庄、团山、王寨、柿铺4个乡镇的行政区域为樊城区的行政区域 | 湖北省襄樊市 | 襄城区 | 420602 | 国务院10月22日批复同意；国函〔1995〕100号 | 郊区 | 420605,1995年中华人民共和国县级以上行政区划变更列表,https://zh.wikipedia.org/wiki/1995%E5%B9%B4%E4%B8%AD%E5%8D%8E%E4%BA%BA%E6%B0%91%E5%85%B1%E5%92%8C%E5%9B%BD%E5%8E%BF%E7%BA%A7%E4%BB%A5%E4%B8%8A%E8%A1%8C%E6%94%BF%E5%8C%BA%E5%88%92%E5%8F%98%E6%9B%B4%E5%88%97%E8%A1%A8,93188363,wikipedia_row_loose_relation,SRC-WIKI-1995,wikipedia,,revisioned_secondary
WIKI-COUNTY-1995-04-006,1995,其他县级行政区划变更列表 / 市辖区的新设、调整,abolish_or_merge,襄樊市,CNUR-000173,樊城区,樊城区,,湖北省襄樊市 | 撤销襄樊市原襄城区、樊东区、樊西区、郊区；设立襄樊市襄城区，以原襄城区和原郊区的檀溪、尹集、庞公3个乡的行政区域为襄城区的行政区域；设立襄樊市樊城区，以原樊东区、樊西区和原郊区的米庄、团山、王寨、柿铺4个乡镇的行政区域为樊城区的行政区域 | 湖北省襄樊市 | 襄城区 | 420602 | 国务院10月22日批复同意；国函〔1995〕100号 | 郊区 | 420605 | 樊城区 | 420606,市辖区,county_level,湖北省襄樊市 | 撤销襄樊市原襄城区、樊东区、樊西区、郊区；设立襄樊市襄城区，以原襄城区和原郊区的檀溪、尹集、庞公3个乡的行政区域为襄城区的行政区域；设立襄樊市樊城区，以原樊东区、樊西区和原郊区的米庄、团山、王寨、柿铺4个乡镇的行政区域为樊城区的行政区域 | 湖北省襄樊市 | 襄城区 | 420602 | 国务院10月22日批复同意；国函〔1995〕100号 | 郊区 | 420605 | 樊城区 | 420606,1995年中华人民共和国县级以上行政区划变更列表,https://zh.wikipedia.org/wiki/1995%E5%B9%B4%E4%B8%AD%E5%8D%8E%E4%BA%BA%E6%B0%91%E5%85%B1%E5%92%8C%E5%9B%BD%E5%8E%BF%E7%BA%A7%E4%BB%A5%E4%B8%8A%E8%A1%8C%E6%94%BF%E5%8C%BA%E5%88%92%E5%8F%98%E6%9B%B4%E5%88%97%E8%A1%A8,93188363,wikipedia_row_loose_relation,SRC-WIKI-1995,wikipedia,,revisioned_secondary
WIKI-COUNTY-1995-04-007,1995,其他县级行政区划变更列表 / 市辖区的新设、调整,abolish_or_merge,襄樊市,CNUR-000173,樊东区,樊东区,,湖北省襄樊市 | 撤销襄樊市原襄城区、樊东区、樊西区、郊区；设立襄樊市襄城区，以原襄城区和原郊区的檀溪、尹集、庞公3个乡的行政区域为襄城区的行政区域；设立襄樊市樊城区，以原樊东区、樊西区和原郊区的米庄、团山、王寨、柿铺4个乡镇的行政区域为樊城区的行政区域 | 湖北省襄樊市 | 国务院10月22日批复同意；国函〔1995〕100号 | 郊区 | 420605 | 樊城区 | 420606 | 樊东区 | 420603,市辖区,county_level,湖北省襄樊市 | 撤销襄樊市原襄城区、樊东区、樊西区、郊区；设立襄樊市襄城区，以原襄城区和原郊区的檀溪、尹集、庞公3个乡的行政区域为襄城区的行政区域；设立襄樊市樊城区，以原樊东区、樊西区和原郊区的米庄、团山、王寨、柿铺4个乡镇的行政区域为樊城区的行政区域 | 湖北省襄樊市 | 国务院10月22日批复同意；国函〔1995〕100号 | 郊区 | 420605 | 樊城区 | 420606 | 樊东区 | 420603,1995年中华人民共和国县级以上行政区划变更列表,https://zh.wikipedia.org/wiki/1995%E5%B9%B4%E4%B8%AD%E5%8D%8E%E4%BA%BA%E6%B0%91%E5%85%B1%E5%92%8C%E5%9B%BD%E5%8E%BF%E7%BA%A7%E4%BB%A5%E4%B8%8A%E8%A1%8C%E6%94%BF%E5%8C%BA%E5%88%92%E5%8F%98%E6%9B%B4%E5%88%97%E8%A1%A8,93188363,wikipedia_row_loose_relation,SRC-WIKI-1995,wikipedia,,revisioned_secondary
WIKI-COUNTY-1995-04-008,1995,其他县级行政区划变更列表 / 市辖区的新设、调整,abolish_or_merge,襄樊市,CNUR-000173,樊西区,樊西区,,湖北省襄樊市 | 撤销襄樊市原襄城区、樊东区、樊西区、郊区；设立襄樊市襄城区，以原襄城区和原郊区的檀溪、尹集、庞公3个乡的行政区域为襄城区的行政区域；设立襄樊市樊城区，以原樊东区、樊西区和原郊区的米庄、团山、王寨、柿铺4个乡镇的行政区域为樊城区的行政区域 | 湖北省襄樊市 | 国务院10月22日批复同意；国函〔1995〕100号 | 樊城区 | 420606 | 樊西区 | 420604,市辖区,county_level,湖北省襄樊市 | 撤销襄樊市原襄城区、樊东区、樊西区、郊区；设立襄樊市襄城区，以原襄城区和原郊区的檀溪、尹集、庞公3个乡的行政区域为襄城区的行政区域；设立襄樊市樊城区，以原樊东区、樊西区和原郊区的米庄、团山、王寨、柿铺4个乡镇的行政区域为樊城区的行政区域 | 湖北省襄樊市 | 国务院10月22日批复同意；国函〔1995〕100号 | 樊城区 | 420606 | 樊西区 | 420604,1995年中华人民共和国县级以上行政区划变更列表,https://zh.wikipedia.org/wiki/1995%E5%B9%B4%E4%B8%AD%E5%8D%8E%E4%BA%BA%E6%B0%91%E5%85%B1%E5%92%8C%E5%9B%BD%E5%8E%BF%E7%BA%A7%E4%BB%A5%E4%B8%8A%E8%A1%8C%E6%94%BF%E5%8C%BA%E5%88%92%E5%8F%98%E6%9B%B4%E5%88%97%E8%A1%A8,93188363,wikipedia_row_loose_relation,SRC-WIKI-1995,wikipedia,,revisioned_secondary
WIKI-COUNTY-1995-04-009,1995,其他县级行政区划变更列表 / 市辖区的新设、调整,abolish_or_merge,襄樊市、泸州市,CNUR-000173、CNUR-000239,市中区、泸县、龙马潭区,,龙马潭区,市中区、泸县管辖,市辖区、县,county_level,湖北省襄樊市 | 撤销襄樊市原襄城区、樊东区、樊西区、郊区；设立襄樊市襄城区，以原襄城区和原郊区的檀溪、尹集、庞公3个乡的行政区域为襄城区的行政区域；设立襄樊市樊城区，以原樊东区、樊西区和原郊区的米庄、团山、王寨、柿铺4个乡镇的行政区域为樊城区的行政区域 | 湖北省襄樊市 | 国务院10月22日批复同意；国函〔1995〕100号 | 樊城区 | 420606 | 市中区、泸县管辖 | 四川省泸州市 | 设立泸州市龙马潭区 | 四川省泸州市 | 龙马潭区 | 510504 | 国务院12月24日批复同意；国函〔1995〕132号,1995年中华人民共和国县级以上行政区划变更列表,https://zh.wikipedia.org/wiki/1995%E5%B9%B4%E4%B8%AD%E5%8D%8E%E4%BA%BA%E6%B0%91%E5%85%B1%E5%92%8C%E5%9B%BD%E5%8E%BF%E7%BA%A7%E4%BB%A5%E4%B8%8A%E8%A1%8C%E6%94%BF%E5%8C%BA%E5%88%92%E5%8F%98%E6%9B%B4%E5%88%97%E8%A1%A8,93188363,wikipedia_row_loose_relation,SRC-WIKI-1995,wikipedia,,revisioned_secondary
WIKI-COUNTY-1995-05-002,1995,其他县级行政区划变更列表 / 撤销县，设立市辖区,abolish_or_merge,武汉市,CNUR-000169,武昌县、江夏区,武昌县,江夏区,撤销武昌县，设立武汉市江夏区,市辖区、县,county_level,武昌县 | 420122 | 湖北省武汉市 | 撤销武昌县，设立武汉市江夏区 | 湖北省武汉市 | 江夏区 | 420115 | 国务院3月28日批复同意；国函〔1995〕23号,1995年中华人民共和国县级以上行政区划变更列表,https://zh.wikipedia.org/wiki/1995%E5%B9%B4%E4%B8%AD%E5%8D%8E%E4%BA%BA%E6%B0%91%E5%85%B1%E5%92%8C%E5%9B%BD%E5%8E%BF%E7%BA%A7%E4%BB%A5%E4%B8%8A%E8%A1%8C%E6%94%BF%E5%8C%BA%E5%88%92%E5%8F%98%E6%9B%B4%E5%88%97%E8%A1%A8,93188363,wikipedia_row_loose_relation,SRC-WIKI-1995,wikipedia,,revisioned_secondary
WIKI-COUNTY-1995-05-003,1995,其他县级行政区划变更列表 / 撤销县，设立市辖区,abolish_or_merge,长春市,CNUR-000051,双阳县、双阳区,双阳县,双阳区,撤销双阳县，设立双阳区,市辖区、县,county_level,双阳县 | 220125 | 吉林省长春市 | 撤销双阳县，设立双阳区 | 吉林省长春市 | 双阳区 | 220112 | 国务院7月6日批复同意；国函〔1995〕65号,1995年中华人民共和国县级以上行政区划变更列表,https://zh.wikipedia.org/wiki/1995%E5%B9%B4%E4%B8%AD%E5%8D%8E%E4%BA%BA%E6%B0%91%E5%85%B1%E5%92%8C%E5%9B%BD%E5%8E%BF%E7%BA%A7%E4%BB%A5%E4%B8%8A%E8%A1%8C%E6%94%BF%E5%8C%BA%E5%88%92%E5%8F%98%E6%9B%B4%E5%88%97%E8%A1%A8,93188363,wikipedia_row_loose_relation,SRC-WIKI-1995,wikipedia,,revisioned_secondary
WIKI-COUNTY-1995-05-004,1995,其他县级行政区划变更列表 / 撤销县，设立市辖区,abolish_or_merge,泸州市,CNUR-000239,纳溪县、纳溪区,纳溪县,纳溪区,撤销纳溪县，设立泸州市纳溪区,市辖区、县,county_level,纳溪县 | 510523 | 四川省泸州市 | 撤销纳溪县，设立泸州市纳溪区 | 四川省泸州市 | 纳溪区 | 510503 | 国务院12月24日批复同意；国函〔1995〕132号,1995年中华人民共和国县级以上行政区划变更列表,https://zh.wikipedia.org/wiki/1995%E5%B9%B4%E4%B8%AD%E5%8D%8E%E4%BA%BA%E6%B0%91%E5%85%B1%E5%92%8C%E5%9B%BD%E5%8E%BF%E7%BA%A7%E4%BB%A5%E4%B8%8A%E8%A1%8C%E6%94%BF%E5%8C%BA%E5%88%92%E5%8F%98%E6%9B%B4%E5%88%97%E8%A1%A8,93188363,wikipedia_row_loose_relation,SRC-WIKI-1995,wikipedia,,revisioned_secondary
WIKI-COUNTY-1995-06-002,1995,其他县级行政区划变更列表 / 新设县,establish,松原市,CNUR-000057,扶余区、扶余县,,扶余县,扶余区管辖,县,county_level,扶余区管辖 | 吉林省松原市 | 设立扶余县 | 吉林省松原市 | 扶余县 | 220724 | 国务院7月20日批复同意；国函〔1995〕68号,1995年中华人民共和国县级以上行政区划变更列表,https://zh.wikipedia.org/wiki/1995%E5%B9%B4%E4%B8%AD%E5%8D%8E%E4%BA%BA%E6%B0%91%E5%85%B1%E5%92%8C%E5%9B%BD%E5%8E%BF%E7%BA%A7%E4%BB%A5%E4%B8%8A%E8%A1%8C%E6%94%BF%E5%8C%BA%E5%88%92%E5%8F%98%E6%9B%B4%E5%88%97%E8%A1%A8,93188363,wikipedia_row_loose_relation,SRC-WIKI-1995,wikipedia,,revisioned_secondary
WIKI-COUNTY-1995-06-003,1995,其他县级行政区划变更列表 / 新设县,abolish_or_merge,白山市,CNUR-000056,三岔子区、江源县,三岔子区,江源县,撤销白山市三岔子区，设立江源县,市辖区、县,county_level,三岔子区 | 220603 | 吉林省白山市 | 撤销白山市三岔子区，设立江源县 | 吉林省白山市 | 江源县 | 220625 | 国务院批准；民政部12月30日批复同意；民行批〔1995〕87号,1995年中华人民共和国县级以上行政区划变更列表,https://zh.wikipedia.org/wiki/1995%E5%B9%B4%E4%B8%AD%E5%8D%8E%E4%BA%BA%E6%B0%91%E5%85%B1%E5%92%8C%E5%9B%BD%E5%8E%BF%E7%BA%A7%E4%BB%A5%E4%B8%8A%E8%A1%8C%E6%94%BF%E5%8C%BA%E5%88%92%E5%8F%98%E6%9B%B4%E5%88%97%E8%A1%A8,93188363,wikipedia_row_loose_relation,SRC-WIKI-1995,wikipedia,,revisioned_secondary
WIKI-COUNTY-1995-07-002,1995,其他县级行政区划变更列表 / 撤销县、自治县，设立县级市,abolish_or_merge,汕尾市,CNUR-000208,陆丰县、陆丰市,陆丰县,陆丰市,撤销陆丰县，设立陆丰市（县级）,县级市、县,county_level,陆丰县 | 441522 | 广东省汕尾市 | 撤销陆丰县，设立陆丰市（县级） | 广东省直辖；汕尾市代管 | 陆丰市 | 441581 | 国务院批准；民政部1月19日批复同意；民行批〔1995〕5号,1995年中华人民共和国县级以上行政区划变更列表,https://zh.wikipedia.org/wiki/1995%E5%B9%B4%E4%B8%AD%E5%8D%8E%E4%BA%BA%E6%B0%91%E5%85%B1%E5%92%8C%E5%9B%BD%E5%8E%BF%E7%BA%A7%E4%BB%A5%E4%B8%8A%E8%A1%8C%E6%94%BF%E5%8C%BA%E5%88%92%E5%8F%98%E6%9B%B4%E5%88%97%E8%A1%A8,93188363,wikipedia_row_loose_relation,SRC-WIKI-1995,wikipedia,,revisioned_secondary
WIKI-COUNTY-1995-07-003,1995,其他县级行政区划变更列表 / 撤销县、自治县，设立县级市,abolish_or_merge,牡丹江市,CNUR-000069,穆棱县、穆棱市,穆棱县,穆棱市,撤销穆棱县，设立穆棱市（县级）,县级市、县,county_level,穆棱县 | 231023 | 黑龙江省牡丹江市 | 撤销穆棱县，设立穆棱市（县级） | 黑龙江省直辖；牡丹江市代管 | 穆棱市 | 231085 | 国务院批准；民政部3月7日批复同意；民行批〔1995〕18号,1995年中华人民共和国县级以上行政区划变更列表,https://zh.wikipedia.org/wiki/1995%E5%B9%B4%E4%B8%AD%E5%8D%8E%E4%BA%BA%E6%B0%91%E5%85%B1%E5%92%8C%E5%9B%BD%E5%8E%BF%E7%BA%A7%E4%BB%A5%E4%B8%8A%E8%A1%8C%E6%94%BF%E5%8C%BA%E5%88%92%E5%8F%98%E6%9B%B4%E5%88%97%E8%A1%A8,93188363,wikipedia_row_loose_relation,SRC-WIKI-1995,wikipedia,,revisioned_secondary
WIKI-COUNTY-1995-07-004,1995,其他县级行政区划变更列表 / 撤销县、自治县，设立县级市,abolish_or_merge,赣州地区,CNUR-000130,南康县、南康市,南康县,南康市,撤销南康县，设立南康市（县级）,县级市、县,county_level,南康县 | 362122 | 江西省赣州地区 | 撤销南康县，设立南康市（县级） | 江西省赣州地区 | 南康市 | 362103 | 国务院批准；民政部3月7日批复同意；民行批〔1995〕19号,1995年中华人民共和国县级以上行政区划变更列表,https://zh.wikipedia.org/wiki/1995%E5%B9%B4%E4%B8%AD%E5%8D%8E%E4%BA%BA%E6%B0%91%E5%85%B1%E5%92%8C%E5%9B%BD%E5%8E%BF%E7%BA%A7%E4%BB%A5%E4%B8%8A%E8%A1%8C%E6%94%BF%E5%8C%BA%E5%88%92%E5%8F%98%E6%9B%B4%E5%88%97%E8%A1%A8,93188363,wikipedia_row_loose_relation,SRC-WIKI-1995,wikipedia,,revisioned_secondary
WIKI-COUNTY-1995-07-005,1995,其他县级行政区划变更列表 / 撤销县、自治县，设立县级市,abolish_or_merge,锦州市,CNUR-000043,北镇满族自治县、北宁市,北镇满族自治县,北宁市,撤销北镇满族自治县，设立北宁市（县级）,县级市、自治县、县,county_level,北镇满族自治县 | 210725 | 辽宁省锦州市 | 撤销北镇满族自治县，设立北宁市（县级） | 辽宁省直辖；锦州市代管 | 北宁市 | 210782 | 国务院批准；民政部3月21日批复同意；民行批〔1995〕21号,1995年中华人民共和国县级以上行政区划变更列表,https://zh.wikipedia.org/wiki/1995%E5%B9%B4%E4%B8%AD%E5%8D%8E%E4%BA%BA%E6%B0%91%E5%85%B1%E5%92%8C%E5%9B%BD%E5%8E%BF%E7%BA%A7%E4%BB%A5%E4%B8%8A%E8%A1%8C%E6%94%BF%E5%8C%BA%E5%88%92%E5%8F%98%E6%9B%B4%E5%88%97%E8%A1%A8,93188363,wikipedia_row_loose_relation,SRC-WIKI-1995,wikipedia,,revisioned_secondary
WIKI-COUNTY-1995-07-006,1995,其他县级行政区划变更列表 / 撤销县、自治县，设立县级市,abolish_or_merge,镇江市,CNUR-000084,句容县、句容市,句容县,句容市,撤销句容县，设立句容市（县级）,县级市、县,county_level,句容县 | 321123 | 江苏省镇江市 | 撤销句容县，设立句容市（县级） | 江苏省直辖；镇江市代管 | 句容市 | 321183 | 国务院批准；民政部4月6日批复同意；民行批〔1995〕26号,1995年中华人民共和国县级以上行政区划变更列表,https://zh.wikipedia.org/wiki/1995%E5%B9%B4%E4%B8%AD%E5%8D%8E%E4%BA%BA%E6%B0%91%E5%85%B1%E5%92%8C%E5%9B%BD%E5%8E%BF%E7%BA%A7%E4%BB%A5%E4%B8%8A%E8%A1%8C%E6%94%BF%E5%8C%BA%E5%88%92%E5%8F%98%E6%9B%B4%E5%88%97%E8%A1%A8,93188363,wikipedia_row_loose_relation,SRC-WIKI-1995,wikipedia,,revisioned_secondary
WIKI-COUNTY-1995-07-007,1995,其他县级行政区划变更列表 / 撤销县、自治县，设立县级市,residence_change,苏州市,CNUR-000078,吴县、吴县市,吴县,吴县市,将吴县人民政府驻地由苏州市区迁至吴县长桥镇；撤销吴县，设立吴县市（县级）,县级市、县,county_level,吴县 | 320524 | 江苏省苏州市 | 将吴县人民政府驻地由苏州市区迁至吴县长桥镇；撤销吴县，设立吴县市（县级） | 江苏省直辖；苏州市代管 | 吴县市 | 320586 | 国务院批准；民政部6月8日批复同意；民行批〔1995〕40号,1995年中华人民共和国县级以上行政区划变更列表,https://zh.wikipedia.org/wiki/1995%E5%B9%B4%E4%B8%AD%E5%8D%8E%E4%BA%BA%E6%B0%91%E5%85%B1%E5%92%8C%E5%9B%BD%E5%8E%BF%E7%BA%A7%E4%BB%A5%E4%B8%8A%E8%A1%8C%E6%94%BF%E5%8C%BA%E5%88%92%E5%8F%98%E6%9B%B4%E5%88%97%E8%A1%A8,93188363,wikipedia_row_loose_relation,SRC-WIKI-1995,wikipedia,,revisioned_secondary
WIKI-COUNTY-1995-07-008,1995,其他县级行政区划变更列表 / 撤销县、自治县，设立县级市,residence_change,常州市,CNUR-000077,武进县、武进市,武进县,武进市,将武进县人民政府驻地由常州市区迁至武进县湖塘镇；撤销武进县，设立武进市（县级）,县级市、县,county_level,武进县 | 320421 | 江苏省常州市 | 将武进县人民政府驻地由常州市区迁至武进县湖塘镇；撤销武进县，设立武进市（县级） | 江苏省直辖；常州市代管 | 武进市 | 320483 | 国务院批准；民政部6月8日批复同意；民行批〔1995〕41号,1995年中华人民共和国县级以上行政区划变更列表,https://zh.wikipedia.org/wiki/1995%E5%B9%B4%E4%B8%AD%E5%8D%8E%E4%BA%BA%E6%B0%91%E5%85%B1%E5%92%8C%E5%9B%BD%E5%8E%BF%E7%BA%A7%E4%BB%A5%E4%B8%8A%E8%A1%8C%E6%94%BF%E5%8C%BA%E5%88%92%E5%8F%98%E6%9B%B4%E5%88%97%E8%A1%A8,93188363,wikipedia_row_loose_relation,SRC-WIKI-1995,wikipedia,,revisioned_secondary
WIKI-COUNTY-1995-07-009,1995,其他县级行政区划变更列表 / 撤销县、自治县，设立县级市,residence_change,无锡市,CNUR-000075,无锡县、锡山市,无锡县,锡山市,将无锡县人民政府驻地由无锡市区迁至无锡县东亭镇；撤销无锡县，设立锡山市（县级）,县级市、县,county_level,无锡县 | 320222 | 江苏省无锡市 | 将无锡县人民政府驻地由无锡市区迁至无锡县东亭镇；撤销无锡县，设立锡山市（县级） | 江苏省直辖；无锡市代管 | 锡山市 | 320283 | 国务院批准；民政部6月8日批复同意；民行批〔1995〕42号,1995年中华人民共和国县级以上行政区划变更列表,https://zh.wikipedia.org/wiki/1995%E5%B9%B4%E4%B8%AD%E5%8D%8E%E4%BA%BA%E6%B0%91%E5%85%B1%E5%92%8C%E5%9B%BD%E5%8E%BF%E7%BA%A7%E4%BB%A5%E4%B8%8A%E8%A1%8C%E6%94%BF%E5%8C%BA%E5%88%92%E5%8F%98%E6%9B%B4%E5%88%97%E8%A1%A8,93188363,wikipedia_row_loose_relation,SRC-WIKI-1995,wikipedia,,revisioned_secondary
WIKI-COUNTY-1995-07-010,1995,其他县级行政区划变更列表 / 撤销县、自治县，设立县级市,abolish_or_merge,吉林市,CNUR-000052,磐石县、磐石市,磐石县,磐石市,撤销磐石县，设立磐石市（县级）,县级市、县,county_level,磐石县 | 220223 | 吉林省吉林市 | 撤销磐石县，设立磐石市（县级） | 吉林省直辖；吉林市代管 | 磐石市 | 220284 | 国务院批准；民政部8月30日批复同意；民行批〔1995〕57号,1995年中华人民共和国县级以上行政区划变更列表,https://zh.wikipedia.org/wiki/1995%E5%B9%B4%E4%B8%AD%E5%8D%8E%E4%BA%BA%E6%B0%91%E5%85%B1%E5%92%8C%E5%9B%BD%E5%8E%BF%E7%BA%A7%E4%BB%A5%E4%B8%8A%E8%A1%8C%E6%94%BF%E5%8C%BA%E5%88%92%E5%8F%98%E6%9B%B4%E5%88%97%E8%A1%A8,93188363,wikipedia_row_loose_relation,SRC-WIKI-1995,wikipedia,,revisioned_secondary
WIKI-COUNTY-1995-07-011,1995,其他县级行政区划变更列表 / 撤销县、自治县，设立县级市,abolish_or_merge,绍兴市,CNUR-000092,嵊县、嵊州市,嵊县,嵊州市,撤销嵊县，设立嵊州市（县级）,县级市、县,county_level,嵊县 | 330623 | 浙江省绍兴市 | 撤销嵊县，设立嵊州市（县级） | 浙江省直辖；绍兴市代管 | 嵊州市 | 330683 | 国务院批准；民政部8月30日批复同意；民行批〔1995〕58号,1995年中华人民共和国县级以上行政区划变更列表,https://zh.wikipedia.org/wiki/1995%E5%B9%B4%E4%B8%AD%E5%8D%8E%E4%BA%BA%E6%B0%91%E5%85%B1%E5%92%8C%E5%9B%BD%E5%8E%BF%E7%BA%A7%E4%BB%A5%E4%B8%8A%E8%A1%8C%E6%94%BF%E5%8C%BA%E5%88%92%E5%8F%98%E6%9B%B4%E5%88%97%E8%A1%A8,93188363,wikipedia_row_loose_relation,SRC-WIKI-1995,wikipedia,,revisioned_secondary
WIKI-COUNTY-1995-07-012,1995,其他县级行政区划变更列表 / 撤销县、自治县，设立县级市,abolish_or_merge,茂名市,CNUR-000204,信宜县、信宜市,信宜县,信宜市,撤销信宜县，设立信宜市（县级）,县级市、县,county_level,信宜县 | 440921 | 广东省茂名市 | 撤销信宜县，设立信宜市（县级） | 广东省直辖；茂名市代管 | 信宜市 | 440983 | 国务院批准；民政部9月11日批复同意；民行批〔1995〕62号,1995年中华人民共和国县级以上行政区划变更列表,https://zh.wikipedia.org/wiki/1995%E5%B9%B4%E4%B8%AD%E5%8D%8E%E4%BA%BA%E6%B0%91%E5%85%B1%E5%92%8C%E5%9B%BD%E5%8E%BF%E7%BA%A7%E4%BB%A5%E4%B8%8A%E8%A1%8C%E6%94%BF%E5%8C%BA%E5%88%92%E5%8F%98%E6%9B%B4%E5%88%97%E8%A1%A8,93188363,wikipedia_row_loose_relation,SRC-WIKI-1995,wikipedia,,revisioned_secondary
WIKI-COUNTY-1995-07-013,1995,其他县级行政区划变更列表 / 撤销县、自治县，设立县级市,abolish_or_merge,梧州地区,CNUR-000363,岑溪县、岑溪市,岑溪县,岑溪市,撤销岑溪县，设立岑溪市（县级）,县级市、县,county_level,岑溪县 | 452421 | 广西壮族自治区；梧州地区 | 撤销岑溪县，设立岑溪市（县级） | 广西壮族自治区；梧州地区 | 岑溪市 | 452401 | 国务院批准；民政部9月11日批复同意；民行批〔1995〕63号,1995年中华人民共和国县级以上行政区划变更列表,https://zh.wikipedia.org/wiki/1995%E5%B9%B4%E4%B8%AD%E5%8D%8E%E4%BA%BA%E6%B0%91%E5%85%B1%E5%92%8C%E5%9B%BD%E5%8E%BF%E7%BA%A7%E4%BB%A5%E4%B8%8A%E8%A1%8C%E6%94%BF%E5%8C%BA%E5%88%92%E5%8F%98%E6%9B%B4%E5%88%97%E8%A1%A8,93188363,wikipedia_row_loose_relation,SRC-WIKI-1995,wikipedia,,revisioned_secondary
WIKI-COUNTY-1995-07-014,1995,其他县级行政区划变更列表 / 撤销县、自治县，设立县级市,abolish_or_merge,德阳市,CNUR-000240,什邡县、什邡市,什邡县,什邡市,撤销什邡县，设立什邡市（县级）,县级市、县,county_level,什邡县 | 510625 | 四川省德阳市 | 撤销什邡县，设立什邡市（县级） | 四川省直辖；德阳市代管 | 什邡市 | 510682 | 国务院批准；民政部10月27日批复同意；民行批〔1995〕76号,1995年中华人民共和国县级以上行政区划变更列表,https://zh.wikipedia.org/wiki/1995%E5%B9%B4%E4%B8%AD%E5%8D%8E%E4%BA%BA%E6%B0%91%E5%85%B1%E5%92%8C%E5%9B%BD%E5%8E%BF%E7%BA%A7%E4%BB%A5%E4%B8%8A%E8%A1%8C%E6%94%BF%E5%8C%BA%E5%88%92%E5%8F%98%E6%9B%B4%E5%88%97%E8%A1%A8,93188363,wikipedia_row_loose_relation,SRC-WIKI-1995,wikipedia,,revisioned_secondary
WIKI-COUNTY-1995-07-015,1995,其他县级行政区划变更列表 / 撤销县、自治县，设立县级市,abolish_or_merge,,,文昌县、文昌市,文昌县,文昌市,撤销文昌县，设立文昌市（县级）,县级市、县,county_level,文昌县 | 460022 | 海南省直辖 | 撤销文昌县，设立文昌市（县级） | 海南省直辖 | 文昌市 | 460005 | 国务院批准；民政部11月7日批复同意；民行批〔1995〕77号,1995年中华人民共和国县级以上行政区划变更列表,https://zh.wikipedia.org/wiki/1995%E5%B9%B4%E4%B8%AD%E5%8D%8E%E4%BA%BA%E6%B0%91%E5%85%B1%E5%92%8C%E5%9B%BD%E5%8E%BF%E7%BA%A7%E4%BB%A5%E4%B8%8A%E8%A1%8C%E6%94%BF%E5%8C%BA%E5%88%92%E5%8F%98%E6%9B%B4%E5%88%97%E8%A1%A8,93188363,wikipedia_row_unlinked,SRC-WIKI-1995,wikipedia,,revisioned_secondary
WIKI-COUNTY-1995-07-016,1995,其他县级行政区划变更列表 / 撤销县、自治县，设立县级市,abolish_or_merge,烟台市,CNUR-000140,栖霞县、栖霞市,栖霞县,栖霞市,撤销栖霞县，设立栖霞市（县级）,县级市、县,county_level,栖霞县 | 370628 | 山东省烟台市 | 撤销栖霞县，设立栖霞市（县级） | 山东省直辖；烟台市代管 | 栖霞市 | 370686 | 国务院批准；民政部11月30日批复同意；民行批〔1995〕78号,1995年中华人民共和国县级以上行政区划变更列表,https://zh.wikipedia.org/wiki/1995%E5%B9%B4%E4%B8%AD%E5%8D%8E%E4%BA%BA%E6%B0%91%E5%85%B1%E5%92%8C%E5%9B%BD%E5%8E%BF%E7%BA%A7%E4%BB%A5%E4%B8%8A%E8%A1%8C%E6%94%BF%E5%8C%BA%E5%88%92%E5%8F%98%E6%9B%B4%E5%88%97%E8%A1%A8,93188363,wikipedia_row_loose_relation,SRC-WIKI-1995,wikipedia,,revisioned_secondary
WIKI-COUNTY-1995-07-017,1995,其他县级行政区划变更列表 / 撤销县、自治县，设立县级市,abolish_or_merge,遵义地区,CNUR-000259,仁怀县、仁怀市,仁怀县,仁怀市,撤销仁怀县，设立仁怀市（县级）,县级市、县,county_level,仁怀县 | 522130 | 贵州省遵义地区 | 撤销仁怀县，设立仁怀市（县级） | 贵州省遵义地区 | 仁怀市 | 522103 | 国务院批准；民政部11月30日批复同意；民行批〔1995〕79号,1995年中华人民共和国县级以上行政区划变更列表,https://zh.wikipedia.org/wiki/1995%E5%B9%B4%E4%B8%AD%E5%8D%8E%E4%BA%BA%E6%B0%91%E5%85%B1%E5%92%8C%E5%9B%BD%E5%8E%BF%E7%BA%A7%E4%BB%A5%E4%B8%8A%E8%A1%8C%E6%94%BF%E5%8C%BA%E5%88%92%E5%8F%98%E6%9B%B4%E5%88%97%E8%A1%A8,93188363,wikipedia_row_loose_relation,SRC-WIKI-1995,wikipedia,,revisioned_secondary
WIKI-COUNTY-1995-07-018,1995,其他县级行政区划变更列表 / 撤销县、自治县，设立县级市,abolish_or_merge,荆沙市,CNUR-000177,松滋县、松滋市,松滋县,松滋市,撤销松滋县，设立松滋市（县级）,县级市、县,county_level,松滋县 | 421021 | 湖北省荆沙市 | 撤销松滋县，设立松滋市（县级） | 湖北省直辖；荆沙市代管 | 松滋市 | 421087 | 国务院批准；民政部12月29日批复同意；民行批〔1995〕86号,1995年中华人民共和国县级以上行政区划变更列表,https://zh.wikipedia.org/wiki/1995%E5%B9%B4%E4%B8%AD%E5%8D%8E%E4%BA%BA%E6%B0%91%E5%85%B1%E5%92%8C%E5%9B%BD%E5%8E%BF%E7%BA%A7%E4%BB%A5%E4%B8%8A%E8%A1%8C%E6%94%BF%E5%8C%BA%E5%88%92%E5%8F%98%E6%9B%B4%E5%88%97%E8%A1%A8,93188363,wikipedia_row_loose_relation,SRC-WIKI-1995,wikipedia,,revisioned_secondary
WIKI-COUNTY-1995-08-002,1995,其他县级行政区划变更列表 / 县级行政区划行政隶属变更,jurisdiction_transfer,安顺地区、贵阳市,CNUR-000260、CNUR-000257,,,,清镇市 | 522502 | 贵州省安顺地区 | 安顺地区的清镇市由省直辖 | 贵州省直辖；贵阳市代管 | 520181 | 国务院7月21日批复同意；国函〔1995〕69号,,untyped_county_record,清镇市 | 522502 | 贵州省安顺地区 | 安顺地区的清镇市由省直辖 | 贵州省直辖；贵阳市代管 | 520181 | 国务院7月21日批复同意；国函〔1995〕69号,1995年中华人民共和国县级以上行政区划变更列表,https://zh.wikipedia.org/wiki/1995%E5%B9%B4%E4%B8%AD%E5%8D%8E%E4%BA%BA%E6%B0%91%E5%85%B1%E5%92%8C%E5%9B%BD%E5%8E%BF%E7%BA%A7%E4%BB%A5%E4%B8%8A%E8%A1%8C%E6%94%BF%E5%8C%BA%E5%88%92%E5%8F%98%E6%9B%B4%E5%88%97%E8%A1%A8,93188363,wikipedia_row_loose_relation,SRC-WIKI-1995,wikipedia,,revisioned_secondary
WIKI-COUNTY-1995-08-003,1995,其他县级行政区划变更列表 / 县级行政区划行政隶属变更,jurisdiction_transfer,安顺地区、贵阳市,CNUR-000260、CNUR-000257,开阳县,开阳县,,将安顺地区的修文县、息烽县、开阳县划归贵阳市管辖,县,county_level,贵州省安顺地区 | 国务院7月21日批复同意；国函〔1995〕69号 | 开阳县 | 522522 | 将安顺地区的修文县、息烽县、开阳县划归贵阳市管辖 | 贵州省贵阳市 | 520121,1995年中华人民共和国县级以上行政区划变更列表,https://zh.wikipedia.org/wiki/1995%E5%B9%B4%E4%B8%AD%E5%8D%8E%E4%BA%BA%E6%B0%91%E5%85%B1%E5%92%8C%E5%9B%BD%E5%8E%BF%E7%BA%A7%E4%BB%A5%E4%B8%8A%E8%A1%8C%E6%94%BF%E5%8C%BA%E5%88%92%E5%8F%98%E6%9B%B4%E5%88%97%E8%A1%A8,93188363,wikipedia_row_loose_relation,SRC-WIKI-1995,wikipedia,,revisioned_secondary
WIKI-COUNTY-1995-08-004,1995,其他县级行政区划变更列表 / 县级行政区划行政隶属变更,jurisdiction_transfer,安顺地区、贵阳市,CNUR-000260、CNUR-000257,息烽县,息烽县,,贵州省安顺地区 | 国务院7月21日批复同意；国函〔1995〕69号 | 将安顺地区的修文县、息烽县、开阳县划归贵阳市管辖 | 贵州省贵阳市 | 息烽县 | 522523 | 520122,县,county_level,贵州省安顺地区 | 国务院7月21日批复同意；国函〔1995〕69号 | 将安顺地区的修文县、息烽县、开阳县划归贵阳市管辖 | 贵州省贵阳市 | 息烽县 | 522523 | 520122,1995年中华人民共和国县级以上行政区划变更列表,https://zh.wikipedia.org/wiki/1995%E5%B9%B4%E4%B8%AD%E5%8D%8E%E4%BA%BA%E6%B0%91%E5%85%B1%E5%92%8C%E5%9B%BD%E5%8E%BF%E7%BA%A7%E4%BB%A5%E4%B8%8A%E8%A1%8C%E6%94%BF%E5%8C%BA%E5%88%92%E5%8F%98%E6%9B%B4%E5%88%97%E8%A1%A8,93188363,wikipedia_row_loose_relation,SRC-WIKI-1995,wikipedia,,revisioned_secondary
WIKI-COUNTY-1995-08-005,1995,其他县级行政区划变更列表 / 县级行政区划行政隶属变更,jurisdiction_transfer,安顺地区、贵阳市,CNUR-000260、CNUR-000257,修文县,修文县,,贵州省安顺地区 | 国务院7月21日批复同意；国函〔1995〕69号 | 将安顺地区的修文县、息烽县、开阳县划归贵阳市管辖 | 贵州省贵阳市 | 修文县 | 522524 | 520123,县,county_level,贵州省安顺地区 | 国务院7月21日批复同意；国函〔1995〕69号 | 将安顺地区的修文县、息烽县、开阳县划归贵阳市管辖 | 贵州省贵阳市 | 修文县 | 522524 | 520123,1995年中华人民共和国县级以上行政区划变更列表,https://zh.wikipedia.org/wiki/1995%E5%B9%B4%E4%B8%AD%E5%8D%8E%E4%BA%BA%E6%B0%91%E5%85%B1%E5%92%8C%E5%9B%BD%E5%8E%BF%E7%BA%A7%E4%BB%A5%E4%B8%8A%E8%A1%8C%E6%94%BF%E5%8C%BA%E5%88%92%E5%8F%98%E6%9B%B4%E5%88%97%E8%A1%A8,93188363,wikipedia_row_loose_relation,SRC-WIKI-1995,wikipedia,,revisioned_secondary
WIKI-COUNTY-1995-08-006,1995,其他县级行政区划变更列表 / 县级行政区划行政隶属变更,jurisdiction_transfer,呼和浩特市、乌兰察布盟、安顺地区、贵阳市,CNUR-000025、CNUR-000033、CNUR-000260、CNUR-000257,和林格尔县,和林格尔县,,将乌兰察布盟和林格尔县、清水河县划归呼和浩特市管辖,县,county_level,贵州省安顺地区 | 国务院7月21日批复同意；国函〔1995〕69号 | 将安顺地区的修文县、息烽县、开阳县划归贵阳市管辖 | 贵州省贵阳市 | 和林格尔县 | 152622 | 内蒙古自治区乌兰察布盟 | 将乌兰察布盟和林格尔县、清水河县划归呼和浩特市管辖 | 内蒙古自治区呼和浩特市 | 150123 | 国务院11月21日批复同意；国函〔1995〕111号,1995年中华人民共和国县级以上行政区划变更列表,https://zh.wikipedia.org/wiki/1995%E5%B9%B4%E4%B8%AD%E5%8D%8E%E4%BA%BA%E6%B0%91%E5%85%B1%E5%92%8C%E5%9B%BD%E5%8E%BF%E7%BA%A7%E4%BB%A5%E4%B8%8A%E8%A1%8C%E6%94%BF%E5%8C%BA%E5%88%92%E5%8F%98%E6%9B%B4%E5%88%97%E8%A1%A8,93188363,wikipedia_row_loose_relation,SRC-WIKI-1995,wikipedia,,revisioned_secondary
WIKI-COUNTY-1995-08-007,1995,其他县级行政区划变更列表 / 县级行政区划行政隶属变更,jurisdiction_transfer,呼和浩特市、乌兰察布盟,CNUR-000025、CNUR-000033,清水河县,清水河县,,内蒙古自治区乌兰察布盟 | 将乌兰察布盟和林格尔县、清水河县划归呼和浩特市管辖 | 内蒙古自治区呼和浩特市 | 国务院11月21日批复同意；国函〔1995〕111号 | 清水河县 | 152623 | 150124,县,county_level,内蒙古自治区乌兰察布盟 | 将乌兰察布盟和林格尔县、清水河县划归呼和浩特市管辖 | 内蒙古自治区呼和浩特市 | 国务院11月21日批复同意；国函〔1995〕111号 | 清水河县 | 152623 | 150124,1995年中华人民共和国县级以上行政区划变更列表,https://zh.wikipedia.org/wiki/1995%E5%B9%B4%E4%B8%AD%E5%8D%8E%E4%BA%BA%E6%B0%91%E5%85%B1%E5%92%8C%E5%9B%BD%E5%8E%BF%E7%BA%A7%E4%BB%A5%E4%B8%8A%E8%A1%8C%E6%94%BF%E5%8C%BA%E5%88%92%E5%8F%98%E6%9B%B4%E5%88%97%E8%A1%A8,93188363,wikipedia_row_loose_relation,SRC-WIKI-1995,wikipedia,,revisioned_secondary
WIKI-COUNTY-1995-09-002,1995,其他县级行政区划变更列表 / 县级行政区划更名,rename,唐山市,CNUR-000004,东矿区、古冶区,东矿区,古冶区,将唐山市东矿区更名为古冶区,市辖区,county_level,东矿区 | 130204 | 河北省唐山市 | 将唐山市东矿区更名为古冶区 | 古冶区 | 国务院批准；民政部1月11日批复同意；民行批〔1995〕2号,1995年中华人民共和国县级以上行政区划变更列表,https://zh.wikipedia.org/wiki/1995%E5%B9%B4%E4%B8%AD%E5%8D%8E%E4%BA%BA%E6%B0%91%E5%85%B1%E5%92%8C%E5%9B%BD%E5%8E%BF%E7%BA%A7%E4%BB%A5%E4%B8%8A%E8%A1%8C%E6%94%BF%E5%8C%BA%E5%88%92%E5%8F%98%E6%9B%B4%E5%88%97%E8%A1%A8,93188363,wikipedia_row_loose_relation,SRC-WIKI-1995,wikipedia,,revisioned_secondary
WIKI-COUNTY-1995-09-003,1995,其他县级行政区划变更列表 / 县级行政区划更名,rename,长春市,CNUR-000051,二道河子区、二道区,二道河子区,二道区,二道河子区更名为二道区,市辖区,county_level,二道河子区 | 220105 | 吉林省长春市 | 二道河子区更名为二道区 | 二道区 | 国务院7月6日批复同意；国函〔1995〕65号,1995年中华人民共和国县级以上行政区划变更列表,https://zh.wikipedia.org/wiki/1995%E5%B9%B4%E4%B8%AD%E5%8D%8E%E4%BA%BA%E6%B0%91%E5%85%B1%E5%92%8C%E5%9B%BD%E5%8E%BF%E7%BA%A7%E4%BB%A5%E4%B8%8A%E8%A1%8C%E6%94%BF%E5%8C%BA%E5%88%92%E5%8F%98%E6%9B%B4%E5%88%97%E8%A1%A8,93188363,wikipedia_row_loose_relation,SRC-WIKI-1995,wikipedia,,revisioned_secondary
WIKI-COUNTY-1995-09-004,1995,其他县级行政区划变更列表 / 县级行政区划更名,rename,松原市,CNUR-000057,扶余区、宁江区,扶余区,宁江区,松原市扶余区更名为宁江区,市辖区,county_level,扶余区 | 220702 | 吉林省松原市 | 松原市扶余区更名为宁江区 | 宁江区 | 国务院7月20日批复同意；国函〔1995〕68号,1995年中华人民共和国县级以上行政区划变更列表,https://zh.wikipedia.org/wiki/1995%E5%B9%B4%E4%B8%AD%E5%8D%8E%E4%BA%BA%E6%B0%91%E5%85%B1%E5%92%8C%E5%9B%BD%E5%8E%BF%E7%BA%A7%E4%BB%A5%E4%B8%8A%E8%A1%8C%E6%94%BF%E5%8C%BA%E5%88%92%E5%8F%98%E6%9B%B4%E5%88%97%E8%A1%A8,93188363,wikipedia_row_loose_relation,SRC-WIKI-1995,wikipedia,,revisioned_secondary
WIKI-COUNTY-1995-09-005,1995,其他县级行政区划变更列表 / 县级行政区划更名,rename,福州市,CNUR-000115,郊区、晋安区,郊区,晋安区,福州市郊区更名为晋安区,市辖区,county_level,郊区 | 350111 | 福建省福州市 | 福州市郊区更名为晋安区 | 晋安区 | 国务院10月27日批复同意；国函〔1995〕102号,1995年中华人民共和国县级以上行政区划变更列表,https://zh.wikipedia.org/wiki/1995%E5%B9%B4%E4%B8%AD%E5%8D%8E%E4%BA%BA%E6%B0%91%E5%85%B1%E5%92%8C%E5%9B%BD%E5%8E%BF%E7%BA%A7%E4%BB%A5%E4%B8%8A%E8%A1%8C%E6%94%BF%E5%8C%BA%E5%88%92%E5%8F%98%E6%9B%B4%E5%88%97%E8%A1%A8,93188363,wikipedia_row_loose_relation,SRC-WIKI-1995,wikipedia,,revisioned_secondary
WIKI-COUNTY-1995-09-006,1995,其他县级行政区划变更列表 / 县级行政区划更名,rename,泸州市,CNUR-000239,市中区、江阳区,市中区,江阳区,泸州市市中区更名为江阳区,市辖区,county_level,市中区 | 510502 | 四川省泸州市 | 泸州市市中区更名为江阳区 | 江阳区 | 国务院12月24日批复同意；国函〔1995〕132号,1995年中华人民共和国县级以上行政区划变更列表,https://zh.wikipedia.org/wiki/1995%E5%B9%B4%E4%B8%AD%E5%8D%8E%E4%BA%BA%E6%B0%91%E5%85%B1%E5%92%8C%E5%9B%BD%E5%8E%BF%E7%BA%A7%E4%BB%A5%E4%B8%8A%E8%A1%8C%E6%94%BF%E5%8C%BA%E5%88%92%E5%8F%98%E6%9B%B4%E5%88%97%E8%A1%A8,93188363,wikipedia_row_loose_relation,SRC-WIKI-1995,wikipedia,,revisioned_secondary
WIKI-COUNTY-1995-09-007,1995,其他县级行政区划变更列表 / 县级行政区划更名,rename,徐州市,CNUR-000076,矿区、九里区,矿区,九里区,徐州市矿区更名为九里区,市辖区,county_level,矿区 | 320304 | 江苏省徐州市 | 徐州市矿区更名为九里区 | 九里区 | 国务院批准；民政部12月26日批复同意；民行批〔1995〕85号,1995年中华人民共和国县级以上行政区划变更列表,https://zh.wikipedia.org/wiki/1995%E5%B9%B4%E4%B8%AD%E5%8D%8E%E4%BA%BA%E6%B0%91%E5%85%B1%E5%92%8C%E5%9B%BD%E5%8E%BF%E7%BA%A7%E4%BB%A5%E4%B8%8A%E8%A1%8C%E6%94%BF%E5%8C%BA%E5%88%92%E5%8F%98%E6%9B%B4%E5%88%97%E8%A1%A8,93188363,wikipedia_row_loose_relation,SRC-WIKI-1995,wikipedia,,revisioned_secondary
WIKI-COUNTY-1995-10-002,1995,其他县级行政区划变更列表 / 县级行政区划行政机构迁移,residence_change,酒泉地区,CNUR-000307,阿克塞哈萨克族自治县,阿克塞哈萨克族自治县,,将阿克塞哈萨克族自治县人民政府驻地由博罗转井镇迁至红柳湾镇,自治县、县,county_level,阿克塞哈萨克族自治县 | 622125 | 甘肃省酒泉地区 | 将阿克塞哈萨克族自治县人民政府驻地由博罗转井镇迁至红柳湾镇 | 国务院批准；民政部1月11日批复同意；民行批〔1995〕2号,1995年中华人民共和国县级以上行政区划变更列表,https://zh.wikipedia.org/wiki/1995%E5%B9%B4%E4%B8%AD%E5%8D%8E%E4%BA%BA%E6%B0%91%E5%85%B1%E5%92%8C%E5%9B%BD%E5%8E%BF%E7%BA%A7%E4%BB%A5%E4%B8%8A%E8%A1%8C%E6%94%BF%E5%8C%BA%E5%88%92%E5%8F%98%E6%9B%B4%E5%88%97%E8%A1%A8,93188363,wikipedia_row_loose_relation,SRC-WIKI-1995,wikipedia,,revisioned_secondary
WIKI-COUNTY-1995-10-003,1995,其他县级行政区划变更列表 / 县级行政区划行政机构迁移,residence_change,,,丰都县,丰都县,,将丰都县人民政府驻地由名山镇迁至汇南乡秀才湾,县,county_level,丰都县 | 512324 | 四川省涪陵地区 | 将丰都县人民政府驻地由名山镇迁至汇南乡秀才湾 | 国务院批准；民政部3月31日批复同意；民行批〔1995〕25号,1995年中华人民共和国县级以上行政区划变更列表,https://zh.wikipedia.org/wiki/1995%E5%B9%B4%E4%B8%AD%E5%8D%8E%E4%BA%BA%E6%B0%91%E5%85%B1%E5%92%8C%E5%9B%BD%E5%8E%BF%E7%BA%A7%E4%BB%A5%E4%B8%8A%E8%A1%8C%E6%94%BF%E5%8C%BA%E5%88%92%E5%8F%98%E6%9B%B4%E5%88%97%E8%A1%A8,93188363,wikipedia_row_unlinked,SRC-WIKI-1995,wikipedia,,revisioned_secondary
WIKI-COUNTY-1995-10-004,1995,其他县级行政区划变更列表 / 县级行政区划行政机构迁移,residence_change,思茅地区,CNUR-000272,西盟佤族自治县,西盟佤族自治县,,将西盟佤族自治县人民政府驻地由西盟镇迁至勐梭乡,自治县、县,county_level,西盟佤族自治县 | 532730 | 云南省思茅地区 | 将西盟佤族自治县人民政府驻地由西盟镇迁至勐梭乡 | 国务院批准；国务院办公厅11月3日复函同意；国办函〔1995〕53号,1995年中华人民共和国县级以上行政区划变更列表,https://zh.wikipedia.org/wiki/1995%E5%B9%B4%E4%B8%AD%E5%8D%8E%E4%BA%BA%E6%B0%91%E5%85%B1%E5%92%8C%E5%9B%BD%E5%8E%BF%E7%BA%A7%E4%BB%A5%E4%B8%8A%E8%A1%8C%E6%94%BF%E5%8C%BA%E5%88%92%E5%8F%98%E6%9B%B4%E5%88%97%E8%A1%A8,93188363,wikipedia_row_loose_relation,SRC-WIKI-1995,wikipedia,,revisioned_secondary
WIKI-COUNTY-1995-10-005,1995,其他县级行政区划变更列表 / 县级行政区划行政机构迁移,residence_change,泸州市,CNUR-000239,泸县、市中区,泸县,,泸县人民政府驻地由原市中区新街子街迁至泸县福集镇,县,county_level,泸县 | 510521 | 四川省泸州市 | 泸县人民政府驻地由原市中区新街子街迁至泸县福集镇 | 国务院12月24日批复同意；国函〔1995〕132号,1995年中华人民共和国县级以上行政区划变更列表,https://zh.wikipedia.org/wiki/1995%E5%B9%B4%E4%B8%AD%E5%8D%8E%E4%BA%BA%E6%B0%91%E5%85%B1%E5%92%8C%E5%9B%BD%E5%8E%BF%E7%BA%A7%E4%BB%A5%E4%B8%8A%E8%A1%8C%E6%94%BF%E5%8C%BA%E5%88%92%E5%8F%98%E6%9B%B4%E5%88%97%E8%A1%A8,93188363,wikipedia_row_loose_relation,SRC-WIKI-1995,wikipedia,,revisioned_secondary
WIKI-COUNTY-1995-11-002,1995,其他县级行政区划变更列表 / 县级行政区划间辖区调整,jurisdiction_transfer,日喀则地区,CNUR-000283,吉隆县,吉隆县,,将吉隆县差那乡罗布村划归聂拉木县波绒乡管辖,县,county_level,吉隆县 | 542335 | 西藏自治区日喀则地区 | 将吉隆县差那乡罗布村划归聂拉木县波绒乡管辖 | 国务院批准；民政部12月26日批复同意；民行批〔1995〕83号,1995年中华人民共和国县级以上行政区划变更列表,https://zh.wikipedia.org/wiki/1995%E5%B9%B4%E4%B8%AD%E5%8D%8E%E4%BA%BA%E6%B0%91%E5%85%B1%E5%92%8C%E5%9B%BD%E5%8E%BF%E7%BA%A7%E4%BB%A5%E4%B8%8A%E8%A1%8C%E6%94%BF%E5%8C%BA%E5%88%92%E5%8F%98%E6%9B%B4%E5%88%97%E8%A1%A8,93188363,wikipedia_row_loose_relation,SRC-WIKI-1995,wikipedia,,revisioned_secondary
WIKI-COUNTY-1995-11-003,1995,其他县级行政区划变更列表 / 县级行政区划间辖区调整,jurisdiction_transfer,日喀则地区,CNUR-000283,聂拉木县,聂拉木县,,西藏自治区日喀则地区 | 将吉隆县差那乡罗布村划归聂拉木县波绒乡管辖 | 国务院批准；民政部12月26日批复同意；民行批〔1995〕83号 | 聂拉木县 | 542336,县,county_level,西藏自治区日喀则地区 | 将吉隆县差那乡罗布村划归聂拉木县波绒乡管辖 | 国务院批准；民政部12月26日批复同意；民行批〔1995〕83号 | 聂拉木县 | 542336,1995年中华人民共和国县级以上行政区划变更列表,https://zh.wikipedia.org/wiki/1995%E5%B9%B4%E4%B8%AD%E5%8D%8E%E4%BA%BA%E6%B0%91%E5%85%B1%E5%92%8C%E5%9B%BD%E5%8E%BF%E7%BA%A7%E4%BB%A5%E4%B8%8A%E8%A1%8C%E6%94%BF%E5%8C%BA%E5%88%92%E5%8F%98%E6%9B%B4%E5%88%97%E8%A1%A8,93188363,wikipedia_row_loose_relation,SRC-WIKI-1995,wikipedia,,revisioned_secondary
WIKI-COUNTY-1996-06-002,1996,其他县级行政区划变更列表 / 市辖区的新设、调整,abolish_or_merge,岳阳市,CNUR-000187,南区、岳阳楼区,南区,岳阳楼区,撤销岳阳市南区、郊区，新设岳阳市岳阳楼区、君山区,市辖区,county_level,南区 | 430602 | 湖南省岳阳市 | 撤销岳阳市南区、郊区，新设岳阳市岳阳楼区、君山区 | 湖南省岳阳市 | 岳阳楼区 | 430602 | 国务院3月16日批复同意；国函〔1996〕16号,1996年中华人民共和国县级以上行政区划变更列表,https://zh.wikipedia.org/wiki/1996%E5%B9%B4%E4%B8%AD%E5%8D%8E%E4%BA%BA%E6%B0%91%E5%85%B1%E5%92%8C%E5%9B%BD%E5%8E%BF%E7%BA%A7%E4%BB%A5%E4%B8%8A%E8%A1%8C%E6%94%BF%E5%8C%BA%E5%88%92%E5%8F%98%E6%9B%B4%E5%88%97%E8%A1%A8,93189391,wikipedia_row_loose_relation,SRC-WIKI-1996,wikipedia,,revisioned_secondary
WIKI-COUNTY-1996-06-003,1996,其他县级行政区划变更列表 / 市辖区的新设、调整,abolish_or_merge,岳阳市,CNUR-000187,郊区、君山区,郊区,君山区,湖南省岳阳市 | 撤销岳阳市南区、郊区，新设岳阳市岳阳楼区、君山区 | 湖南省岳阳市 | 国务院3月16日批复同意；国函〔1996〕16号 | 郊区 | 430611 | 君山区 | 430611,市辖区,county_level,湖南省岳阳市 | 撤销岳阳市南区、郊区，新设岳阳市岳阳楼区、君山区 | 湖南省岳阳市 | 国务院3月16日批复同意；国函〔1996〕16号 | 郊区 | 430611 | 君山区 | 430611,1996年中华人民共和国县级以上行政区划变更列表,https://zh.wikipedia.org/wiki/1996%E5%B9%B4%E4%B8%AD%E5%8D%8E%E4%BA%BA%E6%B0%91%E5%85%B1%E5%92%8C%E5%9B%BD%E5%8E%BF%E7%BA%A7%E4%BB%A5%E4%B8%8A%E8%A1%8C%E6%94%BF%E5%8C%BA%E5%88%92%E5%8F%98%E6%9B%B4%E5%88%97%E8%A1%A8,93189391,wikipedia_row_loose_relation,SRC-WIKI-1996,wikipedia,,revisioned_secondary
WIKI-COUNTY-1996-06-004,1996,其他县级行政区划变更列表 / 市辖区的新设、调整,abolish_or_merge,岳阳市、长沙市,CNUR-000187、CNUR-000182,东区、芙蓉区,东区,芙蓉区,撤销长沙市东区、南区、西区、北区、郊区，设立长沙市岳麓区、芙蓉区、天心区、开福区、雨花区,市辖区,county_level,湖南省岳阳市 | 撤销岳阳市南区、郊区，新设岳阳市岳阳楼区、君山区 | 湖南省岳阳市 | 国务院3月16日批复同意；国函〔1996〕16号 | 东区 | 430102 | 湖南省长沙市 | 撤销长沙市东区、南区、西区、北区、郊区，设立长沙市岳麓区、芙蓉区、天心区、开福区、雨花区 | 湖南省长沙市 | 芙蓉区 | 430102 | 国务院4月22日批复同意；国函〔1996〕29号,1996年中华人民共和国县级以上行政区划变更列表,https://zh.wikipedia.org/wiki/1996%E5%B9%B4%E4%B8%AD%E5%8D%8E%E4%BA%BA%E6%B0%91%E5%85%B1%E5%92%8C%E5%9B%BD%E5%8E%BF%E7%BA%A7%E4%BB%A5%E4%B8%8A%E8%A1%8C%E6%94%BF%E5%8C%BA%E5%88%92%E5%8F%98%E6%9B%B4%E5%88%97%E8%A1%A8,93189391,wikipedia_row_loose_relation,SRC-WIKI-1996,wikipedia,,revisioned_secondary
WIKI-COUNTY-1996-06-005,1996,其他县级行政区划变更列表 / 市辖区的新设、调整,abolish_or_merge,长沙市,CNUR-000182,南区、天心区,南区,天心区,湖南省长沙市 | 撤销长沙市东区、南区、西区、北区、郊区，设立长沙市岳麓区、芙蓉区、天心区、开福区、雨花区 | 湖南省长沙市 | 国务院4月22日批复同意；国函〔1996〕29号 | 南区 | 430103 | 天心区 | 430103,市辖区,county_level,湖南省长沙市 | 撤销长沙市东区、南区、西区、北区、郊区，设立长沙市岳麓区、芙蓉区、天心区、开福区、雨花区 | 湖南省长沙市 | 国务院4月22日批复同意；国函〔1996〕29号 | 南区 | 430103 | 天心区 | 430103,1996年中华人民共和国县级以上行政区划变更列表,https://zh.wikipedia.org/wiki/1996%E5%B9%B4%E4%B8%AD%E5%8D%8E%E4%BA%BA%E6%B0%91%E5%85%B1%E5%92%8C%E5%9B%BD%E5%8E%BF%E7%BA%A7%E4%BB%A5%E4%B8%8A%E8%A1%8C%E6%94%BF%E5%8C%BA%E5%88%92%E5%8F%98%E6%9B%B4%E5%88%97%E8%A1%A8,93189391,wikipedia_row_loose_relation,SRC-WIKI-1996,wikipedia,,revisioned_secondary
WIKI-COUNTY-1996-06-006,1996,其他县级行政区划变更列表 / 市辖区的新设、调整,abolish_or_merge,长沙市,CNUR-000182,西区、岳麓区,西区,岳麓区,湖南省长沙市 | 撤销长沙市东区、南区、西区、北区、郊区，设立长沙市岳麓区、芙蓉区、天心区、开福区、雨花区 | 湖南省长沙市 | 国务院4月22日批复同意；国函〔1996〕29号 | 西区 | 430104 | 岳麓区 | 430104,市辖区,county_level,湖南省长沙市 | 撤销长沙市东区、南区、西区、北区、郊区，设立长沙市岳麓区、芙蓉区、天心区、开福区、雨花区 | 湖南省长沙市 | 国务院4月22日批复同意；国函〔1996〕29号 | 西区 | 430104 | 岳麓区 | 430104,1996年中华人民共和国县级以上行政区划变更列表,https://zh.wikipedia.org/wiki/1996%E5%B9%B4%E4%B8%AD%E5%8D%8E%E4%BA%BA%E6%B0%91%E5%85%B1%E5%92%8C%E5%9B%BD%E5%8E%BF%E7%BA%A7%E4%BB%A5%E4%B8%8A%E8%A1%8C%E6%94%BF%E5%8C%BA%E5%88%92%E5%8F%98%E6%9B%B4%E5%88%97%E8%A1%A8,93189391,wikipedia_row_loose_relation,SRC-WIKI-1996,wikipedia,,revisioned_secondary
WIKI-COUNTY-1996-06-007,1996,其他县级行政区划变更列表 / 市辖区的新设、调整,abolish_or_merge,长沙市,CNUR-000182,北区、开福区,北区,开福区,湖南省长沙市 | 撤销长沙市东区、南区、西区、北区、郊区，设立长沙市岳麓区、芙蓉区、天心区、开福区、雨花区 | 湖南省长沙市 | 国务院4月22日批复同意；国函〔1996〕29号 | 北区 | 430105 | 开福区 | 430105,市辖区,county_level,湖南省长沙市 | 撤销长沙市东区、南区、西区、北区、郊区，设立长沙市岳麓区、芙蓉区、天心区、开福区、雨花区 | 湖南省长沙市 | 国务院4月22日批复同意；国函〔1996〕29号 | 北区 | 430105 | 开福区 | 430105,1996年中华人民共和国县级以上行政区划变更列表,https://zh.wikipedia.org/wiki/1996%E5%B9%B4%E4%B8%AD%E5%8D%8E%E4%BA%BA%E6%B0%91%E5%85%B1%E5%92%8C%E5%9B%BD%E5%8E%BF%E7%BA%A7%E4%BB%A5%E4%B8%8A%E8%A1%8C%E6%94%BF%E5%8C%BA%E5%88%92%E5%8F%98%E6%9B%B4%E5%88%97%E8%A1%A8,93189391,wikipedia_row_loose_relation,SRC-WIKI-1996,wikipedia,,revisioned_secondary
WIKI-COUNTY-1996-06-008,1996,其他县级行政区划变更列表 / 市辖区的新设、调整,abolish_or_merge,长沙市,CNUR-000182,郊区、雨花区,郊区,雨花区,湖南省长沙市 | 撤销长沙市东区、南区、西区、北区、郊区，设立长沙市岳麓区、芙蓉区、天心区、开福区、雨花区 | 湖南省长沙市 | 国务院4月22日批复同意；国函〔1996〕29号 | 郊区 | 430111 | 雨花区 | 430111,市辖区,county_level,湖南省长沙市 | 撤销长沙市东区、南区、西区、北区、郊区，设立长沙市岳麓区、芙蓉区、天心区、开福区、雨花区 | 湖南省长沙市 | 国务院4月22日批复同意；国函〔1996〕29号 | 郊区 | 430111 | 雨花区 | 430111,1996年中华人民共和国县级以上行政区划变更列表,https://zh.wikipedia.org/wiki/1996%E5%B9%B4%E4%B8%AD%E5%8D%8E%E4%BA%BA%E6%B0%91%E5%85%B1%E5%92%8C%E5%9B%BD%E5%8E%BF%E7%BA%A7%E4%BB%A5%E4%B8%8A%E8%A1%8C%E6%94%BF%E5%8C%BA%E5%88%92%E5%8F%98%E6%9B%B4%E5%88%97%E8%A1%A8,93189391,wikipedia_row_loose_relation,SRC-WIKI-1996,wikipedia,,revisioned_secondary
WIKI-COUNTY-1996-06-009,1996,其他县级行政区划变更列表 / 市辖区的新设、调整,abolish_or_merge,长沙市、漳州市,CNUR-000182、CNUR-000120,芗城区、龙文区,,龙文区,芗城区管辖,市辖区、县,county_level,湖南省长沙市 | 撤销长沙市东区、南区、西区、北区、郊区，设立长沙市岳麓区、芙蓉区、天心区、开福区、雨花区 | 湖南省长沙市 | 国务院4月22日批复同意；国函〔1996〕29号 | 芗城区管辖 | 福建省漳州市 | 设立漳州市龙文区（县级） | 福建省漳州市 | 龙文区 | 350603 | 国务院5月38日批复同意；国函〔1996〕31号,1996年中华人民共和国县级以上行政区划变更列表,https://zh.wikipedia.org/wiki/1996%E5%B9%B4%E4%B8%AD%E5%8D%8E%E4%BA%BA%E6%B0%91%E5%85%B1%E5%92%8C%E5%9B%BD%E5%8E%BF%E7%BA%A7%E4%BB%A5%E4%B8%8A%E8%A1%8C%E6%94%BF%E5%8C%BA%E5%88%92%E5%8F%98%E6%9B%B4%E5%88%97%E8%A1%A8,93189391,wikipedia_row_loose_relation,SRC-WIKI-1996,wikipedia,,revisioned_secondary
WIKI-COUNTY-1996-06-010,1996,其他县级行政区划变更列表 / 市辖区的新设、调整,establish,漳州市,CNUR-000120,龙海市,,,龙海市管辖,市辖区、县,county_level,设立漳州市龙文区（县级） | 福建省漳州市 | 龙文区 | 350603 | 国务院5月38日批复同意；国函〔1996〕31号 | 龙海市管辖 | 福建省直辖；漳州市代管,1996年中华人民共和国县级以上行政区划变更列表,https://zh.wikipedia.org/wiki/1996%E5%B9%B4%E4%B8%AD%E5%8D%8E%E4%BA%BA%E6%B0%91%E5%85%B1%E5%92%8C%E5%9B%BD%E5%8E%BF%E7%BA%A7%E4%BB%A5%E4%B8%8A%E8%A1%8C%E6%94%BF%E5%8C%BA%E5%88%92%E5%8F%98%E6%9B%B4%E5%88%97%E8%A1%A8,93189391,wikipedia_row_loose_relation,SRC-WIKI-1996,wikipedia,,revisioned_secondary
WIKI-COUNTY-1996-06-011,1996,其他县级行政区划变更列表 / 市辖区的新设、调整,abolish_or_merge,德阳市、漳州市,CNUR-000240、CNUR-000120,市中区、旌阳区,市中区,旌阳区,撤销德阳市市中区，设立旌阳区和罗江县,市辖区、县,county_level,设立漳州市龙文区（县级） | 福建省漳州市 | 龙文区 | 350603 | 国务院5月38日批复同意；国函〔1996〕31号 | 市中区 | 510602 | 四川省德阳市 | 撤销德阳市市中区，设立旌阳区和罗江县 | 四川省德阳市 | 旌阳区 | 510603 | 国务院8月3日批复同意；国函〔1996〕63号,1996年中华人民共和国县级以上行政区划变更列表,https://zh.wikipedia.org/wiki/1996%E5%B9%B4%E4%B8%AD%E5%8D%8E%E4%BA%BA%E6%B0%91%E5%85%B1%E5%92%8C%E5%9B%BD%E5%8E%BF%E7%BA%A7%E4%BB%A5%E4%B8%8A%E8%A1%8C%E6%94%BF%E5%8C%BA%E5%88%92%E5%8F%98%E6%9B%B4%E5%88%97%E8%A1%A8,93189391,wikipedia_row_loose_relation,SRC-WIKI-1996,wikipedia,,revisioned_secondary
WIKI-COUNTY-1996-06-012,1996,其他县级行政区划变更列表 / 市辖区的新设、调整,abolish_or_merge,德阳市,CNUR-000240,罗江县,罗江县,,市中区 | 510602 | 四川省德阳市 | 撤销德阳市市中区，设立旌阳区和罗江县 | 四川省德阳市 | 国务院8月3日批复同意；国函〔1996〕63号 | 罗江县 | 510626,市辖区、县,county_level,市中区 | 510602 | 四川省德阳市 | 撤销德阳市市中区，设立旌阳区和罗江县 | 四川省德阳市 | 国务院8月3日批复同意；国函〔1996〕63号 | 罗江县 | 510626,1996年中华人民共和国县级以上行政区划变更列表,https://zh.wikipedia.org/wiki/1996%E5%B9%B4%E4%B8%AD%E5%8D%8E%E4%BA%BA%E6%B0%91%E5%85%B1%E5%92%8C%E5%9B%BD%E5%8E%BF%E7%BA%A7%E4%BB%A5%E4%B8%8A%E8%A1%8C%E6%94%BF%E5%8C%BA%E5%88%92%E5%8F%98%E6%9B%B4%E5%88%97%E8%A1%A8,93189391,wikipedia_row_loose_relation,SRC-WIKI-1996,wikipedia,,revisioned_secondary
WIKI-COUNTY-1996-06-013,1996,其他县级行政区划变更列表 / 市辖区的新设、调整,abolish_or_merge,德阳市、厦门市,CNUR-000240、CNUR-000116,同安县、同安区,同安县,同安区,撤销同安县，设立厦门市同安区,市辖区、县,county_level,市中区 | 510602 | 四川省德阳市 | 撤销德阳市市中区，设立旌阳区和罗江县 | 四川省德阳市 | 国务院8月3日批复同意；国函〔1996〕63号 | 同安县 | 320911 | 福建省厦门市 | 撤销同安县，设立厦门市同安区 | 福建省厦门市 | 同安区 | 320928 | 国务院11月20日批复同意；国函〔1996〕101号,1996年中华人民共和国县级以上行政区划变更列表,https://zh.wikipedia.org/wiki/1996%E5%B9%B4%E4%B8%AD%E5%8D%8E%E4%BA%BA%E6%B0%91%E5%85%B1%E5%92%8C%E5%9B%BD%E5%8E%BF%E7%BA%A7%E4%BB%A5%E4%B8%8A%E8%A1%8C%E6%94%BF%E5%8C%BA%E5%88%92%E5%8F%98%E6%9B%B4%E5%88%97%E8%A1%A8,93189391,wikipedia_row_loose_relation,SRC-WIKI-1996,wikipedia,,revisioned_secondary
WIKI-COUNTY-1996-06-014,1996,其他县级行政区划变更列表 / 市辖区的新设、调整,establish,杭州市,CNUR-000087,西湖区、滨江区,,滨江区,西湖区管辖,市辖区,county_level,西湖区管辖 | 浙江省杭州市 | 设立杭州市滨江区，辖从西湖区划入的浦沿镇、西兴镇、长河镇 | 浙江省杭州市 | 滨江区 | 330108 | 国务院12月12日批复同意；国函〔1996〕121号,1996年中华人民共和国县级以上行政区划变更列表,https://zh.wikipedia.org/wiki/1996%E5%B9%B4%E4%B8%AD%E5%8D%8E%E4%BA%BA%E6%B0%91%E5%85%B1%E5%92%8C%E5%9B%BD%E5%8E%BF%E7%BA%A7%E4%BB%A5%E4%B8%8A%E8%A1%8C%E6%94%BF%E5%8C%BA%E5%88%92%E5%8F%98%E6%9B%B4%E5%88%97%E8%A1%A8,93189391,wikipedia_row_loose_relation,SRC-WIKI-1996,wikipedia,,revisioned_secondary
WIKI-COUNTY-1996-07-002,1996,其他县级行政区划变更列表 / 新设县、县级市,establish,云浮市,CNUR-000216,云城区、云安县,,云安县,云城区管辖,县,county_level,云城区管辖 | 广东省云浮市 | 设立云安县，辖原云浮市云城区的六都、高村、白石、镇安、富林、托洞、茶洞、南盛、鿎石9个镇 | 广东省云浮市 | 云安县 | 445323 | 国务院批准；民政部1月9日批复同意；民行批〔1996〕1号,1996年中华人民共和国县级以上行政区划变更列表,https://zh.wikipedia.org/wiki/1996%E5%B9%B4%E4%B8%AD%E5%8D%8E%E4%BA%BA%E6%B0%91%E5%85%B1%E5%92%8C%E5%9B%BD%E5%8E%BF%E7%BA%A7%E4%BB%A5%E4%B8%8A%E8%A1%8C%E6%94%BF%E5%8C%BA%E5%88%92%E5%8F%98%E6%9B%B4%E5%88%97%E8%A1%A8,93189391,wikipedia_row_loose_relation,SRC-WIKI-1996,wikipedia,,revisioned_secondary
WIKI-COUNTY-1996-07-003,1996,其他县级行政区划变更列表 / 新设县、县级市,establish,防城港市,CNUR-000222,防城区、东兴市,,,防城区管辖,县级市、县,county_level,防城区管辖 | 广西壮族自治区；防城港市 | 设立东兴市（县级），以防城港市防城区的东兴、江平、马路3个镇的行政区域为东兴市的行政区域 | 广西壮族自治区直辖；防城港市代管 | 东兴市 | 450681 | 国务院批准；民政部4月29日批复同意；民行批〔1996〕26号,1996年中华人民共和国县级以上行政区划变更列表,https://zh.wikipedia.org/wiki/1996%E5%B9%B4%E4%B8%AD%E5%8D%8E%E4%BA%BA%E6%B0%91%E5%85%B1%E5%92%8C%E5%9B%BD%E5%8E%BF%E7%BA%A7%E4%BB%A5%E4%B8%8A%E8%A1%8C%E6%94%BF%E5%8C%BA%E5%88%92%E5%8F%98%E6%9B%B4%E5%88%97%E8%A1%A8,93189391,wikipedia_row_loose_relation,SRC-WIKI-1996,wikipedia,,revisioned_secondary
WIKI-COUNTY-1996-07-004,1996,其他县级行政区划变更列表 / 新设县、县级市,establish,甘南藏族自治州,CNUR-000312,夏河县、合作市,,,夏河县管辖,县级市、县,county_level,夏河县管辖 | 甘肃省；甘南藏族自治州 | 设立合作市（县级），以夏河县的合作镇及那吾、佐盖曼玛、佐盖多玛、卡加曼、卡加道、勒秀、加茂贡等七乡为合作市的行政区域 | 甘肃省；甘南藏族自治州 | 合作市 | 623001 | 国务院批准；民政部5月28日批复同意；民行批〔1996〕35号,1996年中华人民共和国县级以上行政区划变更列表,https://zh.wikipedia.org/wiki/1996%E5%B9%B4%E4%B8%AD%E5%8D%8E%E4%BA%BA%E6%B0%91%E5%85%B1%E5%92%8C%E5%9B%BD%E5%8E%BF%E7%BA%A7%E4%BB%A5%E4%B8%8A%E8%A1%8C%E6%94%BF%E5%8C%BA%E5%88%92%E5%8F%98%E6%9B%B4%E5%88%97%E8%A1%A8,93189391,wikipedia_row_loose_relation,SRC-WIKI-1996,wikipedia,,revisioned_secondary
WIKI-COUNTY-1996-07-005,1996,其他县级行政区划变更列表 / 新设县、县级市,establish,兴安盟,CNUR-000034,科尔沁右翼前旗、阿尔山市,,,科尔沁右翼前旗管辖,县级市、旗、县,county_level,科尔沁右翼前旗管辖 | 内蒙古自治区；兴安盟 | 设立阿尔山市（县级），以兴安盟科尔沁右翼前旗阿尔山镇的行政区域为阿尔山市的行政区域 | 内蒙古自治区；兴安盟 | 阿尔山市 | 152202 | 国务院批准；民政部6月10日批复同意；民行批〔1996〕41号,1996年中华人民共和国县级以上行政区划变更列表,https://zh.wikipedia.org/wiki/1996%E5%B9%B4%E4%B8%AD%E5%8D%8E%E4%BA%BA%E6%B0%91%E5%85%B1%E5%92%8C%E5%9B%BD%E5%8E%BF%E7%BA%A7%E4%BB%A5%E4%B8%8A%E8%A1%8C%E6%94%BF%E5%8C%BA%E5%88%92%E5%8F%98%E6%9B%B4%E5%88%97%E8%A1%A8,93189391,wikipedia_row_loose_relation,SRC-WIKI-1996,wikipedia,,revisioned_secondary
WIKI-COUNTY-1996-08-002,1996,其他县级行政区划变更列表 / 撤销市辖区，设立县,abolish_or_merge,盐城市,CNUR-000082,郊区、盐都县,郊区,盐都县,撤销盐城市郊区，设立盐都县,市辖区、县,county_level,郊区 | 320911 | 江苏省盐城市 | 撤销盐城市郊区，设立盐都县 | 江苏省盐城市 | 盐都县 | 320928 | 国务院7月19日批复同意；国函〔1996〕56号,1996年中华人民共和国县级以上行政区划变更列表,https://zh.wikipedia.org/wiki/1996%E5%B9%B4%E4%B8%AD%E5%8D%8E%E4%BA%BA%E6%B0%91%E5%85%B1%E5%92%8C%E5%9B%BD%E5%8E%BF%E7%BA%A7%E4%BB%A5%E4%B8%8A%E8%A1%8C%E6%94%BF%E5%8C%BA%E5%88%92%E5%8F%98%E6%9B%B4%E5%88%97%E8%A1%A8,93189391,wikipedia_row_loose_relation,SRC-WIKI-1996,wikipedia,,revisioned_secondary
WIKI-COUNTY-1996-08-003,1996,其他县级行政区划变更列表 / 撤销市辖区，设立县,abolish_or_merge,晋城市,CNUR-000018,郊区、泽州县,郊区,泽州县,撤销晋城市郊区，设立泽州县,市辖区、县,county_level,郊区 | 140511 | 山西省晋城市 | 撤销晋城市郊区，设立泽州县 | 山西省晋城市 | 泽州县 | 140525 | 国务院批准；民政部8月8日批复同意；国函〔1996〕54号,1996年中华人民共和国县级以上行政区划变更列表,https://zh.wikipedia.org/wiki/1996%E5%B9%B4%E4%B8%AD%E5%8D%8E%E4%BA%BA%E6%B0%91%E5%85%B1%E5%92%8C%E5%9B%BD%E5%8E%BF%E7%BA%A7%E4%BB%A5%E4%B8%8A%E8%A1%8C%E6%94%BF%E5%8C%BA%E5%88%92%E5%8F%98%E6%9B%B4%E5%88%97%E8%A1%A8,93189391,wikipedia_row_loose_relation,SRC-WIKI-1996,wikipedia,,revisioned_secondary
WIKI-COUNTY-1996-09-002,1996,其他县级行政区划变更列表 / 撤销县，设立县级市,abolish_or_merge,烟台市,CNUR-000140,海阳县、海阳市,海阳县,海阳市,撤销海阳县，设立海阳市（县级）,县级市、县,county_level,海阳县 | 370629 | 山东省烟台市 | 撤销海阳县，设立海阳市（县级） | 山东省直辖；烟台市代管 | 海阳市 | 370687 | 国务院批准；民政部4月29日批复同意；民行批〔1996〕27号,1996年中华人民共和国县级以上行政区划变更列表,https://zh.wikipedia.org/wiki/1996%E5%B9%B4%E4%B8%AD%E5%8D%8E%E4%BA%BA%E6%B0%91%E5%85%B1%E5%92%8C%E5%9B%BD%E5%8E%BF%E7%BA%A7%E4%BB%A5%E4%B8%8A%E8%A1%8C%E6%94%BF%E5%8C%BA%E5%88%92%E5%8F%98%E6%9B%B4%E5%88%97%E8%A1%A8,93189391,wikipedia_row_loose_relation,SRC-WIKI-1996,wikipedia,,revisioned_secondary
WIKI-COUNTY-1996-09-003,1996,其他县级行政区划变更列表 / 撤销县，设立县级市,abolish_or_merge,吕梁地区,CNUR-000024,离石县、离石市,离石县,离石市,撤销离石县，设立离石市（县级）,县级市、县,county_level,离石县 | 142331 | 山西省吕梁地区 | 撤销离石县，设立离石市（县级） | 山西省吕梁地区 | 离石市 | 142302 | 国务院批准；民政部4月29日批复同意；民行批〔1996〕28号,1996年中华人民共和国县级以上行政区划变更列表,https://zh.wikipedia.org/wiki/1996%E5%B9%B4%E4%B8%AD%E5%8D%8E%E4%BA%BA%E6%B0%91%E5%85%B1%E5%92%8C%E5%9B%BD%E5%8E%BF%E7%BA%A7%E4%BB%A5%E4%B8%8A%E8%A1%8C%E6%94%BF%E5%8C%BA%E5%88%92%E5%8F%98%E6%9B%B4%E5%88%97%E8%A1%A8,93189391,wikipedia_row_loose_relation,SRC-WIKI-1996,wikipedia,,revisioned_secondary
WIKI-COUNTY-1996-09-004,1996,其他县级行政区划变更列表 / 撤销县，设立县级市,abolish_or_merge,焦作市,CNUR-000159,孟县、孟州市,孟县,孟州市,撤销孟县，设立孟州市（县级）,县级市、县,county_level,孟县 | 410826 | 河南省焦作市 | 撤销孟县，设立孟州市（县级） | 河南省直辖；焦作市代管 | 孟州市 | 410883 | 国务院批准；民政部5月20日批复同意；民行批〔1996〕30号,1996年中华人民共和国县级以上行政区划变更列表,https://zh.wikipedia.org/wiki/1996%E5%B9%B4%E4%B8%AD%E5%8D%8E%E4%BA%BA%E6%B0%91%E5%85%B1%E5%92%8C%E5%9B%BD%E5%8E%BF%E7%BA%A7%E4%BB%A5%E4%B8%8A%E8%A1%8C%E6%94%BF%E5%8C%BA%E5%88%92%E5%8F%98%E6%9B%B4%E5%88%97%E8%A1%A8,93189391,wikipedia_row_loose_relation,SRC-WIKI-1996,wikipedia,,revisioned_secondary
WIKI-COUNTY-1996-09-005,1996,其他县级行政区划变更列表 / 撤销县，设立县级市,abolish_or_merge,银南地区,CNUR-000323,灵武县、灵武市,灵武县,灵武市,撤销灵武县，设立灵武市（县级）,县级市、县,county_level,灵武县 | 642125 | 宁夏回族自治区；银南地区 | 撤销灵武县，设立灵武市（县级） | 宁夏回族自治区；银南地区 | 灵武市 | 642103 | 国务院批准；民政部5月20日批复同意；民行批〔1996〕31号,1996年中华人民共和国县级以上行政区划变更列表,https://zh.wikipedia.org/wiki/1996%E5%B9%B4%E4%B8%AD%E5%8D%8E%E4%BA%BA%E6%B0%91%E5%85%B1%E5%92%8C%E5%9B%BD%E5%8E%BF%E7%BA%A7%E4%BB%A5%E4%B8%8A%E8%A1%8C%E6%94%BF%E5%8C%BA%E5%88%92%E5%8F%98%E6%9B%B4%E5%88%97%E8%A1%A8,93189391,wikipedia_row_loose_relation,SRC-WIKI-1996,wikipedia,,revisioned_secondary
WIKI-COUNTY-1996-09-006,1996,其他县级行政区划变更列表 / 撤销县，设立县级市,abolish_or_merge,四平市,CNUR-000053,双辽县、双辽市,双辽县,双辽市,撤销双辽县，设立双辽市（县级）,县级市、县,county_level,双辽县 | 220324 | 吉林省四平市 | 撤销双辽县，设立双辽市（县级） | 吉林省直辖；四平市代管 | 双辽市 | 220382 | 国务院批准；民政部5月20日批复同意；民行批〔1996〕32号,1996年中华人民共和国县级以上行政区划变更列表,https://zh.wikipedia.org/wiki/1996%E5%B9%B4%E4%B8%AD%E5%8D%8E%E4%BA%BA%E6%B0%91%E5%85%B1%E5%92%8C%E5%9B%BD%E5%8E%BF%E7%BA%A7%E4%BB%A5%E4%B8%8A%E8%A1%8C%E6%94%BF%E5%8C%BA%E5%88%92%E5%8F%98%E6%9B%B4%E5%88%97%E8%A1%A8,93189391,wikipedia_row_loose_relation,SRC-WIKI-1996,wikipedia,,revisioned_secondary
WIKI-COUNTY-1996-09-007,1996,其他县级行政区划变更列表 / 撤销县，设立县级市,abolish_or_merge,鹰潭市,CNUR-000129,贵溪县、贵溪市,贵溪县,贵溪市,撤销贵溪县，设立贵溪市（县级）,县级市、县,county_level,贵溪县 | 360621 | 江西省鹰潭市 | 撤销贵溪县，设立贵溪市（县级） | 江西省直辖；鹰潭市代管 | 贵溪市 | 360681 | 国务院批准；民政部5月28日批复同意；民行批〔1996〕34号,1996年中华人民共和国县级以上行政区划变更列表,https://zh.wikipedia.org/wiki/1996%E5%B9%B4%E4%B8%AD%E5%8D%8E%E4%BA%BA%E6%B0%91%E5%85%B1%E5%92%8C%E5%9B%BD%E5%8E%BF%E7%BA%A7%E4%BB%A5%E4%B8%8A%E8%A1%8C%E6%94%BF%E5%8C%BA%E5%88%92%E5%8F%98%E6%9B%B4%E5%88%97%E8%A1%A8,93189391,wikipedia_row_loose_relation,SRC-WIKI-1996,wikipedia,,revisioned_secondary
WIKI-COUNTY-1996-09-008,1996,其他县级行政区划变更列表 / 撤销县，设立县级市,abolish_or_merge,韶关市,CNUR-000197,南雄县、南雄市,南雄县,南雄市,撤销南雄县，设立南雄市（县级）,县级市、县,county_level,南雄县 | 440223 | 广东省韶关市 | 撤销南雄县，设立南雄市（县级） | 广东省直辖；韶关市代管 | 南雄市 | 440282 | 国务院批准；民政部6月17日批复同意；民行批〔1996〕46号,1996年中华人民共和国县级以上行政区划变更列表,https://zh.wikipedia.org/wiki/1996%E5%B9%B4%E4%B8%AD%E5%8D%8E%E4%BA%BA%E6%B0%91%E5%85%B1%E5%92%8C%E5%9B%BD%E5%8E%BF%E7%BA%A7%E4%BB%A5%E4%B8%8A%E8%A1%8C%E6%94%BF%E5%8C%BA%E5%88%92%E5%8F%98%E6%9B%B4%E5%88%97%E8%A1%A8,93189391,wikipedia_row_loose_relation,SRC-WIKI-1996,wikipedia,,revisioned_secondary
WIKI-COUNTY-1996-09-009,1996,其他县级行政区划变更列表 / 撤销县，设立县级市,abolish_or_merge,塔城地区,CNUR-000339,乌苏县、乌苏市,乌苏县,乌苏市,撤销乌苏县，设立乌苏市（县级）,县级市、县,county_level,乌苏县 | 654222 | 新疆维吾尔自治区；塔城地区 | 撤销乌苏县，设立乌苏市（县级） | 新疆维吾尔自治区；塔城地区 | 乌苏市 | 654202 | 国务院批准；民政部7月10日批复同意；民行批〔1996〕47号,1996年中华人民共和国县级以上行政区划变更列表,https://zh.wikipedia.org/wiki/1996%E5%B9%B4%E4%B8%AD%E5%8D%8E%E4%BA%BA%E6%B0%91%E5%85%B1%E5%92%8C%E5%9B%BD%E5%8E%BF%E7%BA%A7%E4%BB%A5%E4%B8%8A%E8%A1%8C%E6%94%BF%E5%8C%BA%E5%88%92%E5%8F%98%E6%9B%B4%E5%88%97%E8%A1%A8,93189391,wikipedia_row_loose_relation,SRC-WIKI-1996,wikipedia,,revisioned_secondary
WIKI-COUNTY-1996-09-010,1996,其他县级行政区划变更列表 / 撤销县，设立县级市,abolish_or_merge,宜昌市,CNUR-000172,枝江县、枝江市,枝江县,枝江市,撤销枝江县，设立枝江市（县级）,县级市、县,county_level,枝江县 | 420523 | 湖北省宜昌市 | 撤销枝江县，设立枝江市（县级） | 湖北省直辖；宜昌市代管 | 枝江市 | 420583 | 国务院批准；民政部7月30日批复同意；民行批〔1996〕51号,1996年中华人民共和国县级以上行政区划变更列表,https://zh.wikipedia.org/wiki/1996%E5%B9%B4%E4%B8%AD%E5%8D%8E%E4%BA%BA%E6%B0%91%E5%85%B1%E5%92%8C%E5%9B%BD%E5%8E%BF%E7%BA%A7%E4%BB%A5%E4%B8%8A%E8%A1%8C%E6%94%BF%E5%8C%BA%E5%88%92%E5%8F%98%E6%9B%B4%E5%88%97%E8%A1%A8,93189391,wikipedia_row_loose_relation,SRC-WIKI-1996,wikipedia,,revisioned_secondary
WIKI-COUNTY-1996-09-011,1996,其他县级行政区划变更列表 / 撤销县，设立县级市,abolish_or_merge,盐城市,CNUR-000082,大丰县、大丰市,大丰县,大丰市,撤销大丰县，设立大丰市（县级）,县级市、县,county_level,大丰县 | 320926 | 江苏省盐城市 | 撤销大丰县，设立大丰市（县级） | 江苏省直辖；盐城市代管 | 大丰市 | 320982 | 国务院批准；民政部8月1日批复同意；民行批〔1996〕52号,1996年中华人民共和国县级以上行政区划变更列表,https://zh.wikipedia.org/wiki/1996%E5%B9%B4%E4%B8%AD%E5%8D%8E%E4%BA%BA%E6%B0%91%E5%85%B1%E5%92%8C%E5%9B%BD%E5%8E%BF%E7%BA%A7%E4%BB%A5%E4%B8%8A%E8%A1%8C%E6%94%BF%E5%8C%BA%E5%88%92%E5%8F%98%E6%9B%B4%E5%88%97%E8%A1%A8,93189391,wikipedia_row_loose_relation,SRC-WIKI-1996,wikipedia,,revisioned_secondary
WIKI-COUNTY-1996-09-012,1996,其他县级行政区划变更列表 / 撤销县，设立县级市,abolish_or_merge,,,万宁县、万宁市,万宁县,万宁市,撤销万宁县，设立万宁市（县级）,县级市、县,county_level,万宁县 | 460024 | 海南省直辖 | 撤销万宁县，设立万宁市（县级） | 海南省直辖 | 万宁市 | 460006 | 国务院批准；民政部8月5日批复同意；民行批〔1996〕53号,1996年中华人民共和国县级以上行政区划变更列表,https://zh.wikipedia.org/wiki/1996%E5%B9%B4%E4%B8%AD%E5%8D%8E%E4%BA%BA%E6%B0%91%E5%85%B1%E5%92%8C%E5%9B%BD%E5%8E%BF%E7%BA%A7%E4%BB%A5%E4%B8%8A%E8%A1%8C%E6%94%BF%E5%8C%BA%E5%88%92%E5%8F%98%E6%9B%B4%E5%88%97%E8%A1%A8,93189391,wikipedia_row_unlinked,SRC-WIKI-1996,wikipedia,,revisioned_secondary
WIKI-COUNTY-1996-09-013,1996,其他县级行政区划变更列表 / 撤销县，设立县级市,abolish_or_merge,吕梁地区,CNUR-000024,汾阳县、汾阳市,汾阳县,汾阳市,撤销汾阳县，设立汾阳市（县级）,县级市、县,county_level,汾阳县 | 142321 | 山西省吕梁地区 | 撤销汾阳县，设立汾阳市（县级） | 山西省吕梁地区 | 汾阳市 | 142303 | 国务院批准；民政部8月20日批复同意；民行批〔1996〕58号,1996年中华人民共和国县级以上行政区划变更列表,https://zh.wikipedia.org/wiki/1996%E5%B9%B4%E4%B8%AD%E5%8D%8E%E4%BA%BA%E6%B0%91%E5%85%B1%E5%92%8C%E5%9B%BD%E5%8E%BF%E7%BA%A7%E4%BB%A5%E4%B8%8A%E8%A1%8C%E6%94%BF%E5%8C%BA%E5%88%92%E5%8F%98%E6%9B%B4%E5%88%97%E8%A1%A8,93189391,wikipedia_row_loose_relation,SRC-WIKI-1996,wikipedia,,revisioned_secondary
WIKI-COUNTY-1996-09-014,1996,其他县级行政区划变更列表 / 撤销县，设立县级市,abolish_or_merge,安庆市,CNUR-000105,桐城县、桐城市,桐城县,桐城市,撤销桐城县，设立桐城市（县级）,县级市、县,county_level,桐城县 | 340821 | 安徽省安庆市 | 撤销桐城县，设立桐城市（县级） | 安徽省直辖；安庆市代管 | 桐城市 | 340881 | 国务院批准；民政部8月20日批复同意；民行批〔1996〕59号,1996年中华人民共和国县级以上行政区划变更列表,https://zh.wikipedia.org/wiki/1996%E5%B9%B4%E4%B8%AD%E5%8D%8E%E4%BA%BA%E6%B0%91%E5%85%B1%E5%92%8C%E5%9B%BD%E5%8E%BF%E7%BA%A7%E4%BB%A5%E4%B8%8A%E8%A1%8C%E6%94%BF%E5%8C%BA%E5%88%92%E5%8F%98%E6%9B%B4%E5%88%97%E8%A1%A8,93189391,wikipedia_row_loose_relation,SRC-WIKI-1996,wikipedia,,revisioned_secondary
WIKI-COUNTY-1996-09-015,1996,其他县级行政区划变更列表 / 撤销县，设立县级市,abolish_or_merge,辽阳市,CNUR-000046,灯塔县、灯塔市,灯塔县,灯塔市,撤销灯塔县，设立灯塔市（县级）,县级市、县,county_level,灯塔县 | 211022 | 辽宁省辽阳市 | 撤销灯塔县，设立灯塔市（县级） | 辽宁省直辖；辽阳市代管 | 灯塔市 | 211081 | 国务院批准；民政部8月27日批复同意；民行批〔1996〕63号,1996年中华人民共和国县级以上行政区划变更列表,https://zh.wikipedia.org/wiki/1996%E5%B9%B4%E4%B8%AD%E5%8D%8E%E4%BA%BA%E6%B0%91%E5%85%B1%E5%92%8C%E5%9B%BD%E5%8E%BF%E7%BA%A7%E4%BB%A5%E4%B8%8A%E8%A1%8C%E6%94%BF%E5%8C%BA%E5%88%92%E5%8F%98%E6%9B%B4%E5%88%97%E8%A1%A8,93189391,wikipedia_row_loose_relation,SRC-WIKI-1996,wikipedia,,revisioned_secondary
WIKI-COUNTY-1996-09-016,1996,其他县级行政区划变更列表 / 撤销县，设立县级市,abolish_or_merge,德阳市,CNUR-000240,绵竹县、绵竹市,绵竹县,绵竹市,撤销绵竹县，设立绵竹市（县级）,县级市、县,county_level,绵竹县 | 510622 | 四川省德阳市 | 撤销绵竹县，设立绵竹市（县级） | 四川省直辖；德阳市代管 | 绵竹市 | 510683 | 国务院批准；民政部10月8日批复同意；民行批〔1996〕72号,1996年中华人民共和国县级以上行政区划变更列表,https://zh.wikipedia.org/wiki/1996%E5%B9%B4%E4%B8%AD%E5%8D%8E%E4%BA%BA%E6%B0%91%E5%85%B1%E5%92%8C%E5%9B%BD%E5%8E%BF%E7%BA%A7%E4%BB%A5%E4%B8%8A%E8%A1%8C%E6%94%BF%E5%8C%BA%E5%88%92%E5%8F%98%E6%9B%B4%E5%88%97%E8%A1%A8,93189391,wikipedia_row_loose_relation,SRC-WIKI-1996,wikipedia,,revisioned_secondary
WIKI-COUNTY-1996-09-017,1996,其他县级行政区划变更列表 / 撤销县，设立县级市,abolish_or_merge,唐山市,CNUR-000004,迁安县、迁安市,迁安县,迁安市,撤销迁安县，设立迁安市（县级）,县级市、县,county_level,迁安县 | 130226 | 河北省唐山市 | 撤销迁安县，设立迁安市（县级） | 河北省直辖；唐山市代管 | 迁安市 | 130283 | 国务院批准；民政部10月10日批复同意；民行批〔1996〕75号,1996年中华人民共和国县级以上行政区划变更列表,https://zh.wikipedia.org/wiki/1996%E5%B9%B4%E4%B8%AD%E5%8D%8E%E4%BA%BA%E6%B0%91%E5%85%B1%E5%92%8C%E5%9B%BD%E5%8E%BF%E7%BA%A7%E4%BB%A5%E4%B8%8A%E8%A1%8C%E6%94%BF%E5%8C%BA%E5%88%92%E5%8F%98%E6%9B%B4%E5%88%97%E8%A1%A8,93189391,wikipedia_row_loose_relation,SRC-WIKI-1996,wikipedia,,revisioned_secondary
WIKI-COUNTY-1996-09-018,1996,其他县级行政区划变更列表 / 撤销县，设立县级市,abolish_or_merge,商丘地区,CNUR-000165,永城县、永城市,永城县,永城市,撤销永城县，设立永城市（县级）,县级市、县,county_level,永城县 | 412328 | 河南省商丘地区 | 撤销永城县，设立永城市（县级） | 河南省商丘地区 | 永城市 | 412302 | 国务院批准；民政部10月11日批复同意；民行批〔1996〕76号,1996年中华人民共和国县级以上行政区划变更列表,https://zh.wikipedia.org/wiki/1996%E5%B9%B4%E4%B8%AD%E5%8D%8E%E4%BA%BA%E6%B0%91%E5%85%B1%E5%92%8C%E5%9B%BD%E5%8E%BF%E7%BA%A7%E4%BB%A5%E4%B8%8A%E8%A1%8C%E6%94%BF%E5%8C%BA%E5%88%92%E5%8F%98%E6%9B%B4%E5%88%97%E8%A1%A8,93189391,wikipedia_row_loose_relation,SRC-WIKI-1996,wikipedia,,revisioned_secondary
WIKI-COUNTY-1996-09-019,1996,其他县级行政区划变更列表 / 撤销县，设立县级市,abolish_or_merge,鸡西市,CNUR-000062,虎林县、虎林市,虎林县,虎林市,撤销虎林县，设立虎林市（县级）,县级市、县,county_level,虎林县 | 230322 | 黑龙江省鸡西市 | 撤销虎林县，设立虎林市（县级） | 黑龙江省直辖；鸡西市代管 | 虎林市 | 230381 | 国务院批准；民政部10月11日批复同意；民行批〔1996〕77号,1996年中华人民共和国县级以上行政区划变更列表,https://zh.wikipedia.org/wiki/1996%E5%B9%B4%E4%B8%AD%E5%8D%8E%E4%BA%BA%E6%B0%91%E5%85%B1%E5%92%8C%E5%9B%BD%E5%8E%BF%E7%BA%A7%E4%BB%A5%E4%B8%8A%E8%A1%8C%E6%94%BF%E5%8C%BA%E5%88%92%E5%8F%98%E6%9B%B4%E5%88%97%E8%A1%A8,93189391,wikipedia_row_loose_relation,SRC-WIKI-1996,wikipedia,,revisioned_secondary
WIKI-COUNTY-1996-09-020,1996,其他县级行政区划变更列表 / 撤销县，设立县级市,abolish_or_merge,杭州市,CNUR-000087,临安县、临安市,临安县,临安市,撤销临安县，设立临安市（县级）,县级市、县,county_level,临安县 | 330124 | 浙江省杭州市 | 撤销临安县，设立临安市（县级） | 浙江省直辖；杭州市代管 | 临安市 | 330185 | 国务院批准；民政部10月28日批复同意；民行批〔1996〕79号,1996年中华人民共和国县级以上行政区划变更列表,https://zh.wikipedia.org/wiki/1996%E5%B9%B4%E4%B8%AD%E5%8D%8E%E4%BA%BA%E6%B0%91%E5%85%B1%E5%92%8C%E5%9B%BD%E5%8E%BF%E7%BA%A7%E4%BB%A5%E4%B8%8A%E8%A1%8C%E6%94%BF%E5%8C%BA%E5%88%92%E5%8F%98%E6%9B%B4%E5%88%97%E8%A1%A8,93189391,wikipedia_row_loose_relation,SRC-WIKI-1996,wikipedia,,revisioned_secondary
WIKI-COUNTY-1996-09-021,1996,其他县级行政区划变更列表 / 撤销县，设立县级市,abolish_or_merge,德宏傣族景颇族自治州,CNUR-000279,潞西县、潞西市,潞西县,潞西市,撤销潞西县，设立潞西市（县级）,县级市、县,county_level,潞西县 | 533121 | 云南省；德宏傣族景颇族自治州 | 撤销潞西县，设立潞西市（县级） | 云南省；德宏傣族景颇族自治州 | 潞西市 | 533103 | 国务院批准；民政部10月28日批复同意；民行批〔1996〕80号,1996年中华人民共和国县级以上行政区划变更列表,https://zh.wikipedia.org/wiki/1996%E5%B9%B4%E4%B8%AD%E5%8D%8E%E4%BA%BA%E6%B0%91%E5%85%B1%E5%92%8C%E5%9B%BD%E5%8E%BF%E7%BA%A7%E4%BB%A5%E4%B8%8A%E8%A1%8C%E6%94%BF%E5%8C%BA%E5%88%92%E5%8F%98%E6%9B%B4%E5%88%97%E8%A1%A8,93189391,wikipedia_row_loose_relation,SRC-WIKI-1996,wikipedia,,revisioned_secondary
WIKI-COUNTY-1996-09-022,1996,其他县级行政区划变更列表 / 撤销县，设立县级市,abolish_or_merge,衡阳市,CNUR-000185,常宁县、常宁市,常宁县,常宁市,撤销常宁县，设立常宁市（县级）,县级市、县,county_level,常宁县 | 430425 | 湖南省衡阳市 | 撤销常宁县，设立常宁市（县级） | 湖南省直辖；衡阳市代管 | 常宁市 | 430482 | 国务院批准；民政部11月26日批复同意；民行批〔1996〕86号,1996年中华人民共和国县级以上行政区划变更列表,https://zh.wikipedia.org/wiki/1996%E5%B9%B4%E4%B8%AD%E5%8D%8E%E4%BA%BA%E6%B0%91%E5%85%B1%E5%92%8C%E5%9B%BD%E5%8E%BF%E7%BA%A7%E4%BB%A5%E4%B8%8A%E8%A1%8C%E6%94%BF%E5%8C%BA%E5%88%92%E5%8F%98%E6%9B%B4%E5%88%97%E8%A1%A8,93189391,wikipedia_row_loose_relation,SRC-WIKI-1996,wikipedia,,revisioned_secondary
WIKI-COUNTY-1996-09-023,1996,其他县级行政区划变更列表 / 撤销县，设立县级市,abolish_or_merge,黔南布依族苗族自治州,CNUR-000265,福泉县、福泉市,福泉县,福泉市,撤销福泉县，设立福泉市（县级）,县级市、县,county_level,福泉县 | 522724 | 贵州省；黔南布依族苗族自治州 | 撤销福泉县，设立福泉市（县级） | 贵州省；黔南布依族苗族自治州 | 福泉市 | 522702 | 国务院批准；民政部12月2日批复同意；民行批〔1996〕88号,1996年中华人民共和国县级以上行政区划变更列表,https://zh.wikipedia.org/wiki/1996%E5%B9%B4%E4%B8%AD%E5%8D%8E%E4%BA%BA%E6%B0%91%E5%85%B1%E5%92%8C%E5%9B%BD%E5%8E%BF%E7%BA%A7%E4%BB%A5%E4%B8%8A%E8%A1%8C%E6%94%BF%E5%8C%BA%E5%88%92%E5%8F%98%E6%9B%B4%E5%88%97%E8%A1%A8,93189391,wikipedia_row_loose_relation,SRC-WIKI-1996,wikipedia,,revisioned_secondary
WIKI-COUNTY-1996-09-024,1996,其他县级行政区划变更列表 / 撤销县，设立县级市,abolish_or_merge,昌吉回族自治州,CNUR-000330,米泉县、米泉市,米泉县,米泉市,撤销米泉县，设立米泉市（县级）,县级市、县,county_level,米泉县 | 652322 | 新疆维吾尔自治区；昌吉回族自治州 | 撤销米泉县，设立米泉市（县级） | 新疆维吾尔自治区；昌吉回族自治州 | 米泉市 | 652303 | 国务院批准；民政部12月30日批复同意；民行批〔1996〕89号,1996年中华人民共和国县级以上行政区划变更列表,https://zh.wikipedia.org/wiki/1996%E5%B9%B4%E4%B8%AD%E5%8D%8E%E4%BA%BA%E6%B0%91%E5%85%B1%E5%92%8C%E5%9B%BD%E5%8E%BF%E7%BA%A7%E4%BB%A5%E4%B8%8A%E8%A1%8C%E6%94%BF%E5%8C%BA%E5%88%92%E5%8F%98%E6%9B%B4%E5%88%97%E8%A1%A8,93189391,wikipedia_row_loose_relation,SRC-WIKI-1996,wikipedia,,revisioned_secondary
WIKI-COUNTY-1996-10-002,1996,其他县级行政区划变更列表 / 撤销县,merge,黑河市,CNUR-000070,德都县,德都县,,撤销德都县，将其行政区域并入五大连池市，五大连池市人民政府驻地迁至原德都县政府驻地青山镇,县,county_level,德都县 | 231122 | 黑龙江省黑河市 | 撤销德都县，将其行政区域并入五大连池市，五大连池市人民政府驻地迁至原德都县政府驻地青山镇 | 黑龙江省直辖；黑河市代管 | 五大连池市 | 231182 | 国务院批准；民政部1月31日批复同意；民行批〔1996〕19号,1996年中华人民共和国县级以上行政区划变更列表,https://zh.wikipedia.org/wiki/1996%E5%B9%B4%E4%B8%AD%E5%8D%8E%E4%BA%BA%E6%B0%91%E5%85%B1%E5%92%8C%E5%9B%BD%E5%8E%BF%E7%BA%A7%E4%BB%A5%E4%B8%8A%E8%A1%8C%E6%94%BF%E5%8C%BA%E5%88%92%E5%8F%98%E6%9B%B4%E5%88%97%E8%A1%A8,93189391,wikipedia_row_loose_relation,SRC-WIKI-1996,wikipedia,,revisioned_secondary
WIKI-COUNTY-1996-10-003,1996,其他县级行政区划变更列表 / 撤销县,merge,黑河市,CNUR-000070,,,,撤销德都县，将其行政区域并入五大连池市，五大连池市人民政府驻地迁至原德都县政府驻地青山镇 | 黑龙江省直辖；黑河市代管 | 五大连池市 | 231182 | 国务院批准；民政部1月31日批复同意；民行批〔1996〕19号 | 五大连池市 | 231182 | 黑龙江省直辖；黑河市代管,县,county_level,撤销德都县，将其行政区域并入五大连池市，五大连池市人民政府驻地迁至原德都县政府驻地青山镇 | 黑龙江省直辖；黑河市代管 | 五大连池市 | 231182 | 国务院批准；民政部1月31日批复同意；民行批〔1996〕19号 | 五大连池市 | 231182 | 黑龙江省直辖；黑河市代管,1996年中华人民共和国县级以上行政区划变更列表,https://zh.wikipedia.org/wiki/1996%E5%B9%B4%E4%B8%AD%E5%8D%8E%E4%BA%BA%E6%B0%91%E5%85%B1%E5%92%8C%E5%9B%BD%E5%8E%BF%E7%BA%A7%E4%BB%A5%E4%B8%8A%E8%A1%8C%E6%94%BF%E5%8C%BA%E5%88%92%E5%8F%98%E6%9B%B4%E5%88%97%E8%A1%A8,93189391,wikipedia_row_loose_relation,SRC-WIKI-1996,wikipedia,,revisioned_secondary
WIKI-COUNTY-1996-11-002,1996,其他县级行政区划变更列表 / 县级行政区划行政隶属变更,jurisdiction_transfer,呼和浩特市、乌兰察布盟、包头市,CNUR-000025、CNUR-000033、CNUR-000026,武川县,武川县,,将乌兰察布盟武川县划归呼和浩特市管辖，将乌兰察布盟达尔罕茂明安联合旗划归包头市管辖,旗、县,county_level,武川县 | 152621 | 内蒙古自治区；乌兰察布盟 | 将乌兰察布盟武川县划归呼和浩特市管辖，将乌兰察布盟达尔罕茂明安联合旗划归包头市管辖 | 内蒙古自治区呼和浩特市 | 150125 | 国务院5月18日批复同意；国函〔1996〕36号,1996年中华人民共和国县级以上行政区划变更列表,https://zh.wikipedia.org/wiki/1996%E5%B9%B4%E4%B8%AD%E5%8D%8E%E4%BA%BA%E6%B0%91%E5%85%B1%E5%92%8C%E5%9B%BD%E5%8E%BF%E7%BA%A7%E4%BB%A5%E4%B8%8A%E8%A1%8C%E6%94%BF%E5%8C%BA%E5%88%92%E5%8F%98%E6%9B%B4%E5%88%97%E8%A1%A8,93189391,wikipedia_row_loose_relation,SRC-WIKI-1996,wikipedia,,revisioned_secondary
WIKI-COUNTY-1996-11-003,1996,其他县级行政区划变更列表 / 县级行政区划行政隶属变更,jurisdiction_transfer,呼和浩特市、乌兰察布盟、包头市,CNUR-000025、CNUR-000033、CNUR-000026,达尔罕茂明安联合旗,达尔罕茂明安联合旗,,内蒙古自治区；乌兰察布盟 | 将乌兰察布盟武川县划归呼和浩特市管辖，将乌兰察布盟达尔罕茂明安联合旗划归包头市管辖 | 国务院5月18日批复同意；国函〔1996〕36号 | 达尔罕茂明安联合旗 | 152633 | 内蒙古自治区包头市 | 150223,旗、县,county_level,内蒙古自治区；乌兰察布盟 | 将乌兰察布盟武川县划归呼和浩特市管辖，将乌兰察布盟达尔罕茂明安联合旗划归包头市管辖 | 国务院5月18日批复同意；国函〔1996〕36号 | 达尔罕茂明安联合旗 | 152633 | 内蒙古自治区包头市 | 150223,1996年中华人民共和国县级以上行政区划变更列表,https://zh.wikipedia.org/wiki/1996%E5%B9%B4%E4%B8%AD%E5%8D%8E%E4%BA%BA%E6%B0%91%E5%85%B1%E5%92%8C%E5%9B%BD%E5%8E%BF%E7%BA%A7%E4%BB%A5%E4%B8%8A%E8%A1%8C%E6%94%BF%E5%8C%BA%E5%88%92%E5%8F%98%E6%9B%B4%E5%88%97%E8%A1%A8,93189391,wikipedia_row_loose_relation,SRC-WIKI-1996,wikipedia,,revisioned_secondary
WIKI-COUNTY-1996-11-004,1996,其他县级行政区划变更列表 / 县级行政区划行政隶属变更,jurisdiction_transfer,呼和浩特市、乌兰察布盟、连云港市、淮阴市、包头市,CNUR-000025、CNUR-000033、CNUR-000080、CNUR-000081、CNUR-000026,灌南县,灌南县,,将淮阴市的灌南县划归连云港市管辖,旗、县,county_level,内蒙古自治区；乌兰察布盟 | 将乌兰察布盟武川县划归呼和浩特市管辖，将乌兰察布盟达尔罕茂明安联合旗划归包头市管辖 | 国务院5月18日批复同意；国函〔1996〕36号 | 灌南县 | 320822 | 江苏省淮阴市 | 将淮阴市的灌南县划归连云港市管辖 | 江苏省连云港市 | 320724 | 国务院7月19日批复同意；国函〔1996〕58号,1996年中华人民共和国县级以上行政区划变更列表,https://zh.wikipedia.org/wiki/1996%E5%B9%B4%E4%B8%AD%E5%8D%8E%E4%BA%BA%E6%B0%91%E5%85%B1%E5%92%8C%E5%9B%BD%E5%8E%BF%E7%BA%A7%E4%BB%A5%E4%B8%8A%E8%A1%8C%E6%94%BF%E5%8C%BA%E5%88%92%E5%8F%98%E6%9B%B4%E5%88%97%E8%A1%A8,93189391,wikipedia_row_loose_relation,SRC-WIKI-1996,wikipedia,,revisioned_secondary
WIKI-COUNTY-1996-11-005,1996,其他县级行政区划变更列表 / 县级行政区划行政隶属变更,jurisdiction_transfer,荆门市、荆州市,CNUR-000175、CNUR-000177,京山县,京山县,,将荆州市管辖的京山县划归荆门市管辖和将荆州市代管的钟祥市改由荆门市代管,县,county_level,京山县 | 421025 | 湖北省荆州市 | 将荆州市管辖的京山县划归荆门市管辖和将荆州市代管的钟祥市改由荆门市代管 | 湖北省荆门市 | 420821 | 国务院12月2日批复同意；国函〔1996〕111号,1996年中华人民共和国县级以上行政区划变更列表,https://zh.wikipedia.org/wiki/1996%E5%B9%B4%E4%B8%AD%E5%8D%8E%E4%BA%BA%E6%B0%91%E5%85%B1%E5%92%8C%E5%9B%BD%E5%8E%BF%E7%BA%A7%E4%BB%A5%E4%B8%8A%E8%A1%8C%E6%94%BF%E5%8C%BA%E5%88%92%E5%8F%98%E6%9B%B4%E5%88%97%E8%A1%A8,93189391,wikipedia_row_loose_relation,SRC-WIKI-1996,wikipedia,,revisioned_secondary
WIKI-COUNTY-1996-11-006,1996,其他县级行政区划变更列表 / 县级行政区划行政隶属变更,jurisdiction_transfer,荆门市、荆州市,CNUR-000175、CNUR-000177,,,,将荆州市管辖的京山县划归荆门市管辖和将荆州市代管的钟祥市改由荆门市代管 | 国务院12月2日批复同意；国函〔1996〕111号 | 钟祥市 | 421082 | 湖北省直辖；荆州市代管 | 湖北省直辖；荆门市代管 | 420881,县,county_level,将荆州市管辖的京山县划归荆门市管辖和将荆州市代管的钟祥市改由荆门市代管 | 国务院12月2日批复同意；国函〔1996〕111号 | 钟祥市 | 421082 | 湖北省直辖；荆州市代管 | 湖北省直辖；荆门市代管 | 420881,1996年中华人民共和国县级以上行政区划变更列表,https://zh.wikipedia.org/wiki/1996%E5%B9%B4%E4%B8%AD%E5%8D%8E%E4%BA%BA%E6%B0%91%E5%85%B1%E5%92%8C%E5%9B%BD%E5%8E%BF%E7%BA%A7%E4%BB%A5%E4%B8%8A%E8%A1%8C%E6%94%BF%E5%8C%BA%E5%88%92%E5%8F%98%E6%9B%B4%E5%88%97%E8%A1%A8,93189391,wikipedia_row_loose_relation,SRC-WIKI-1996,wikipedia,,revisioned_secondary
WIKI-COUNTY-1996-11-007,1996,其他县级行政区划变更列表 / 县级行政区划行政隶属变更,jurisdiction_transfer,咸宁地区、荆门市、黄石市、荆州市,CNUR-000179、CNUR-000175、CNUR-000170、CNUR-000177,阳新县,阳新县,,将咸宁地区管辖的阳新县划归黄石市管辖,县,county_level,将荆州市管辖的京山县划归荆门市管辖和将荆州市代管的钟祥市改由荆门市代管 | 国务院12月2日批复同意；国函〔1996〕111号 | 阳新县 | 422327 | 湖北省咸宁地区 | 将咸宁地区管辖的阳新县划归黄石市管辖 | 湖北省黄石市 | 420222 | 国务院12月2日批复同意；国函〔1996〕112号,1996年中华人民共和国县级以上行政区划变更列表,https://zh.wikipedia.org/wiki/1996%E5%B9%B4%E4%B8%AD%E5%8D%8E%E4%BA%BA%E6%B0%91%E5%85%B1%E5%92%8C%E5%9B%BD%E5%8E%BF%E7%BA%A7%E4%BB%A5%E4%B8%8A%E8%A1%8C%E6%94%BF%E5%8C%BA%E5%88%92%E5%8F%98%E6%9B%B4%E5%88%97%E8%A1%A8,93189391,wikipedia_row_loose_relation,SRC-WIKI-1996,wikipedia,,revisioned_secondary
WIKI-COUNTY-1996-12-002,1996,其他县级行政区划变更列表 / 县级行政区划更名,rename,岳阳市,CNUR-000187,北区、云溪区,北区,云溪区,岳阳市北区更名为云溪区,市辖区,county_level,北区 | 430603 | 湖南省岳阳市 | 岳阳市北区更名为云溪区 | 云溪区 | 国务院3月16日批复同意；国函〔1996〕16号,1996年中华人民共和国县级以上行政区划变更列表,https://zh.wikipedia.org/wiki/1996%E5%B9%B4%E4%B8%AD%E5%8D%8E%E4%BA%BA%E6%B0%91%E5%85%B1%E5%92%8C%E5%9B%BD%E5%8E%BF%E7%BA%A7%E4%BB%A5%E4%B8%8A%E8%A1%8C%E6%94%BF%E5%8C%BA%E5%88%92%E5%8F%98%E6%9B%B4%E5%88%97%E8%A1%A8,93189391,wikipedia_row_loose_relation,SRC-WIKI-1996,wikipedia,,revisioned_secondary
WIKI-COUNTY-1996-12-003,1996,其他县级行政区划变更列表 / 县级行政区划更名,rename,鞍山市,CNUR-000039,旧堡区、千山区,旧堡区,千山区,鞍山市旧堡区更名为千山区,市辖区,county_level,旧堡区 | 210311 | 辽宁省鞍山市 | 鞍山市旧堡区更名为千山区 | 千山区 | 国务院批准；民政部4月19日批复同意；民行批〔1996〕25号,1996年中华人民共和国县级以上行政区划变更列表,https://zh.wikipedia.org/wiki/1996%E5%B9%B4%E4%B8%AD%E5%8D%8E%E4%BA%BA%E6%B0%91%E5%85%B1%E5%92%8C%E5%9B%BD%E5%8E%BF%E7%BA%A7%E4%BB%A5%E4%B8%8A%E8%A1%8C%E6%94%BF%E5%8C%BA%E5%88%92%E5%8F%98%E6%9B%B4%E5%88%97%E8%A1%A8,93189391,wikipedia_row_loose_relation,SRC-WIKI-1996,wikipedia,,revisioned_secondary
WIKI-COUNTY-1996-12-004,1996,其他县级行政区划变更列表 / 县级行政区划更名,rename,邯郸市,CNUR-000006,丘县、邱县,丘县,邱县,丘县 | 130430 | 河北省邯郸市 | “丘县”规范县名用字为“邱县” | 邱县 | 国务院批准；民政部10月10日批复同意；民行批〔1996〕74号,县,county_level,丘县 | 130430 | 河北省邯郸市 | “丘县”规范县名用字为“邱县” | 邱县 | 国务院批准；民政部10月10日批复同意；民行批〔1996〕74号,1996年中华人民共和国县级以上行政区划变更列表,https://zh.wikipedia.org/wiki/1996%E5%B9%B4%E4%B8%AD%E5%8D%8E%E4%BA%BA%E6%B0%91%E5%85%B1%E5%92%8C%E5%9B%BD%E5%8E%BF%E7%BA%A7%E4%BB%A5%E4%B8%8A%E8%A1%8C%E6%94%BF%E5%8C%BA%E5%88%92%E5%8F%98%E6%9B%B4%E5%88%97%E8%A1%A8,93189391,wikipedia_row_loose_relation,SRC-WIKI-1996,wikipedia,,revisioned_secondary
WIKI-COUNTY-1996-12-005,1996,其他县级行政区划变更列表 / 县级行政区划更名,rename,桂林市,CNUR-000219,郊区、雁山区,郊区,雁山区,将桂林市郊区更名为雁山区，调整雁山区行政区域,市辖区,county_level,郊区 | 450311 | 广西壮族自治区桂林市 | 将桂林市郊区更名为雁山区，调整雁山区行政区域 | 雁山区 | 国务院12月2日批复同意；国函〔1996〕110号,1996年中华人民共和国县级以上行政区划变更列表,https://zh.wikipedia.org/wiki/1996%E5%B9%B4%E4%B8%AD%E5%8D%8E%E4%BA%BA%E6%B0%91%E5%85%B1%E5%92%8C%E5%9B%BD%E5%8E%BF%E7%BA%A7%E4%BB%A5%E4%B8%8A%E8%A1%8C%E6%94%BF%E5%8C%BA%E5%88%92%E5%8F%98%E6%9B%B4%E5%88%97%E8%A1%A8,93189391,wikipedia_row_loose_relation,SRC-WIKI-1996,wikipedia,,revisioned_secondary
WIKI-COUNTY-1996-13-002,1996,其他县级行政区划变更列表 / 县级行政区划行政机构迁移,residence_change,长沙市,CNUR-000182,长沙县,长沙县,,将长沙县人民政府驻地由长沙市区迁至该县的星沙镇,县,county_level,长沙县 | 430121 | 湖南省长沙市 | 将长沙县人民政府驻地由长沙市区迁至该县的星沙镇 | 国务院批准；民政部2月15日批复同意；民行批〔1996〕20号,1996年中华人民共和国县级以上行政区划变更列表,https://zh.wikipedia.org/wiki/1996%E5%B9%B4%E4%B8%AD%E5%8D%8E%E4%BA%BA%E6%B0%91%E5%85%B1%E5%92%8C%E5%9B%BD%E5%8E%BF%E7%BA%A7%E4%BB%A5%E4%B8%8A%E8%A1%8C%E6%94%BF%E5%8C%BA%E5%88%92%E5%8F%98%E6%9B%B4%E5%88%97%E8%A1%A8,93189391,wikipedia_row_loose_relation,SRC-WIKI-1996,wikipedia,,revisioned_secondary
WIKI-COUNTY-1996-13-003,1996,其他县级行政区划变更列表 / 县级行政区划行政机构迁移,residence_change,伊克昭盟,CNUR-000030,准格尔旗,准格尔旗,,将准格尔旗人民政府驻地由沙圪堵镇迁至薛家湾镇,旗,county_level,准格尔旗 | 152723 | 内蒙古自治区；伊克昭盟 | 将准格尔旗人民政府驻地由沙圪堵镇迁至薛家湾镇 | 国务院批准；民政部8月30日批复同意；民行批〔1996〕64号,1996年中华人民共和国县级以上行政区划变更列表,https://zh.wikipedia.org/wiki/1996%E5%B9%B4%E4%B8%AD%E5%8D%8E%E4%BA%BA%E6%B0%91%E5%85%B1%E5%92%8C%E5%9B%BD%E5%8E%BF%E7%BA%A7%E4%BB%A5%E4%B8%8A%E8%A1%8C%E6%94%BF%E5%8C%BA%E5%88%92%E5%8F%98%E6%9B%B4%E5%88%97%E8%A1%A8,93189391,wikipedia_row_loose_relation,SRC-WIKI-1996,wikipedia,,revisioned_secondary
WIKI-COUNTY-1997-05-002,1997,其他县级行政区划调整 / 市辖区的增设、撤销与调整,abolish_or_merge,上海市,CNUR-000073,金山县、金山区,金山县,金山区,撤销金山县，设立金山区，以原县级金山县的行政区域为金山区的行政区域,市辖区、县,county_level,金山县 | 310228 | 上海市 | 4月29日国务院批复同意；国函〔1997〕29号 | 撤销金山县，设立金山区，以原县级金山县的行政区域为金山区的行政区域 | 金山区 | 310116,1997年中华人民共和国县级以上行政区划变更列表,https://zh.wikipedia.org/wiki/1997%E5%B9%B4%E4%B8%AD%E5%8D%8E%E4%BA%BA%E6%B0%91%E5%85%B1%E5%92%8C%E5%9B%BD%E5%8E%BF%E7%BA%A7%E4%BB%A5%E4%B8%8A%E8%A1%8C%E6%94%BF%E5%8C%BA%E5%88%92%E5%8F%98%E6%9B%B4%E5%88%97%E8%A1%A8,86945547,wikipedia_row_loose_relation,SRC-WIKI-1997,wikipedia,,revisioned_secondary
WIKI-COUNTY-1997-05-003,1997,其他县级行政区划调整 / 市辖区的增设、撤销与调整,abolish_or_merge,北京市,CNUR-000001,通县、通州区,通县,通州区,撤销通县，设立通州区，以原县级通县的行政区域为通州区的行政区域,市辖区、县,county_level,通县 | 110223 | 北京市 | 4月29日国务院批复同意；国函〔1997〕30号 | 撤销通县，设立通州区，以原县级通县的行政区域为通州区的行政区域 | 通州区 | 110112,1997年中华人民共和国县级以上行政区划变更列表,https://zh.wikipedia.org/wiki/1997%E5%B9%B4%E4%B8%AD%E5%8D%8E%E4%BA%BA%E6%B0%91%E5%85%B1%E5%92%8C%E5%9B%BD%E5%8E%BF%E7%BA%A7%E4%BB%A5%E4%B8%8A%E8%A1%8C%E6%94%BF%E5%8C%BA%E5%88%92%E5%8F%98%E6%9B%B4%E5%88%97%E8%A1%A8,86945547,wikipedia_row_loose_relation,SRC-WIKI-1997,wikipedia,,revisioned_secondary
WIKI-COUNTY-1997-05-004,1997,其他县级行政区划调整 / 市辖区的增设、撤销与调整,abolish_or_merge,太原市,CNUR-000014,南城区、迎泽区,南城区,迎泽区,撤销太原市南城区、北城区、河西区、南郊区、北郊区；设立太原市小店区、迎泽区、杏花岭区、尖草坪区、万柏林区、晋源区；小店区辖原南城区部分街道、原南郊区部分乡镇；迎泽区辖原南城区部分街道、原南郊区部分乡；杏花岭区辖原北城区部分街道、原南郊区部分乡、原北郊区部分乡；尖草坪区辖原北城区部分街道、原北郊区部分乡镇；万柏林区辖原河西区部分街道、原北郊区部分乡；晋源区辖原河西区部分街道、原南郊区部分乡镇,市辖区、林区,county_level,南城区 | 140402 | 山西省太原市 | 5月8日国务院批复同意；国函〔1997〕33号 | 撤销太原市南城区、北城区、河西区、南郊区、北郊区；设立太原市小店区、迎泽区、杏花岭区、尖草坪区、万柏林区、晋源区；小店区辖原南城区部分街道、原南郊区部分乡镇；迎泽区辖原南城区部分街道、原南郊区部分乡；杏花岭区辖原北城区部分街道、原南郊区部分乡、原北郊区部分乡；尖草坪区辖原北城区部分街道、原北郊区部分乡镇；万柏林区辖原河西区部分街道、原北郊区部分乡；晋源区辖原河西区部分街道、原南郊区部分乡镇 | 迎泽区 | 140106,1997年中华人民共和国县级以上行政区划变更列表,https://zh.wikipedia.org/wiki/1997%E5%B9%B4%E4%B8%AD%E5%8D%8E%E4%BA%BA%E6%B0%91%E5%85%B1%E5%92%8C%E5%9B%BD%E5%8E%BF%E7%BA%A7%E4%BB%A5%E4%B8%8A%E8%A1%8C%E6%94%BF%E5%8C%BA%E5%88%92%E5%8F%98%E6%9B%B4%E5%88%97%E8%A1%A8,86945547,wikipedia_row_loose_relation,SRC-WIKI-1997,wikipedia,,revisioned_secondary
WIKI-COUNTY-1997-05-005,1997,其他县级行政区划调整 / 市辖区的增设、撤销与调整,abolish_or_merge,太原市,CNUR-000014,北城区、杏花岭区,北城区,杏花岭区,山西省太原市 | 5月8日国务院批复同意；国函〔1997〕33号 | 撤销太原市南城区、北城区、河西区、南郊区、北郊区；设立太原市小店区、迎泽区、杏花岭区、尖草坪区、万柏林区、晋源区；小店区辖原南城区部分街道、原南郊区部分乡镇；迎泽区辖原南城区部分街道、原南郊区部分乡；杏花岭区辖原北城区部分街道、原南郊区部分乡、原北郊区部分乡；尖草坪区辖原北城区部分街道、原北郊区部分乡镇；万柏林区辖原河西区部分街道、原北郊区部分乡；晋源区辖原河西区部分街道、原南郊区部分乡镇 | 北城区 | 140403 | 杏花岭区 | 140107,市辖区、林区,county_level,山西省太原市 | 5月8日国务院批复同意；国函〔1997〕33号 | 撤销太原市南城区、北城区、河西区、南郊区、北郊区；设立太原市小店区、迎泽区、杏花岭区、尖草坪区、万柏林区、晋源区；小店区辖原南城区部分街道、原南郊区部分乡镇；迎泽区辖原南城区部分街道、原南郊区部分乡；杏花岭区辖原北城区部分街道、原南郊区部分乡、原北郊区部分乡；尖草坪区辖原北城区部分街道、原北郊区部分乡镇；万柏林区辖原河西区部分街道、原北郊区部分乡；晋源区辖原河西区部分街道、原南郊区部分乡镇 | 北城区 | 140403 | 杏花岭区 | 140107,1997年中华人民共和国县级以上行政区划变更列表,https://zh.wikipedia.org/wiki/1997%E5%B9%B4%E4%B8%AD%E5%8D%8E%E4%BA%BA%E6%B0%91%E5%85%B1%E5%92%8C%E5%9B%BD%E5%8E%BF%E7%BA%A7%E4%BB%A5%E4%B8%8A%E8%A1%8C%E6%94%BF%E5%8C%BA%E5%88%92%E5%8F%98%E6%9B%B4%E5%88%97%E8%A1%A8,86945547,wikipedia_row_loose_relation,SRC-WIKI-1997,wikipedia,,revisioned_secondary
WIKI-COUNTY-1997-05-006,1997,其他县级行政区划调整 / 市辖区的增设、撤销与调整,abolish_or_merge,太原市,CNUR-000014,河西区、万柏林区,河西区,万柏林区,山西省太原市 | 5月8日国务院批复同意；国函〔1997〕33号 | 撤销太原市南城区、北城区、河西区、南郊区、北郊区；设立太原市小店区、迎泽区、杏花岭区、尖草坪区、万柏林区、晋源区；小店区辖原南城区部分街道、原南郊区部分乡镇；迎泽区辖原南城区部分街道、原南郊区部分乡；杏花岭区辖原北城区部分街道、原南郊区部分乡、原北郊区部分乡；尖草坪区辖原北城区部分街道、原北郊区部分乡镇；万柏林区辖原河西区部分街道、原北郊区部分乡；晋源区辖原河西区部分街道、原南郊区部分乡镇 | 河西区 | 140404 | 万柏林区 | 140109,市辖区、林区,county_level,山西省太原市 | 5月8日国务院批复同意；国函〔1997〕33号 | 撤销太原市南城区、北城区、河西区、南郊区、北郊区；设立太原市小店区、迎泽区、杏花岭区、尖草坪区、万柏林区、晋源区；小店区辖原南城区部分街道、原南郊区部分乡镇；迎泽区辖原南城区部分街道、原南郊区部分乡；杏花岭区辖原北城区部分街道、原南郊区部分乡、原北郊区部分乡；尖草坪区辖原北城区部分街道、原北郊区部分乡镇；万柏林区辖原河西区部分街道、原北郊区部分乡；晋源区辖原河西区部分街道、原南郊区部分乡镇 | 河西区 | 140404 | 万柏林区 | 140109,1997年中华人民共和国县级以上行政区划变更列表,https://zh.wikipedia.org/wiki/1997%E5%B9%B4%E4%B8%AD%E5%8D%8E%E4%BA%BA%E6%B0%91%E5%85%B1%E5%92%8C%E5%9B%BD%E5%8E%BF%E7%BA%A7%E4%BB%A5%E4%B8%8A%E8%A1%8C%E6%94%BF%E5%8C%BA%E5%88%92%E5%8F%98%E6%9B%B4%E5%88%97%E8%A1%A8,86945547,wikipedia_row_loose_relation,SRC-WIKI-1997,wikipedia,,revisioned_secondary
WIKI-COUNTY-1997-05-007,1997,其他县级行政区划调整 / 市辖区的增设、撤销与调整,abolish_or_merge,太原市,CNUR-000014,南郊区、小店区,南郊区,小店区,山西省太原市 | 5月8日国务院批复同意；国函〔1997〕33号 | 撤销太原市南城区、北城区、河西区、南郊区、北郊区；设立太原市小店区、迎泽区、杏花岭区、尖草坪区、万柏林区、晋源区；小店区辖原南城区部分街道、原南郊区部分乡镇；迎泽区辖原南城区部分街道、原南郊区部分乡；杏花岭区辖原北城区部分街道、原南郊区部分乡、原北郊区部分乡；尖草坪区辖原北城区部分街道、原北郊区部分乡镇；万柏林区辖原河西区部分街道、原北郊区部分乡；晋源区辖原河西区部分街道、原南郊区部分乡镇 | 南郊区 | 140412 | 小店区 | 140105,市辖区、林区,county_level,山西省太原市 | 5月8日国务院批复同意；国函〔1997〕33号 | 撤销太原市南城区、北城区、河西区、南郊区、北郊区；设立太原市小店区、迎泽区、杏花岭区、尖草坪区、万柏林区、晋源区；小店区辖原南城区部分街道、原南郊区部分乡镇；迎泽区辖原南城区部分街道、原南郊区部分乡；杏花岭区辖原北城区部分街道、原南郊区部分乡、原北郊区部分乡；尖草坪区辖原北城区部分街道、原北郊区部分乡镇；万柏林区辖原河西区部分街道、原北郊区部分乡；晋源区辖原河西区部分街道、原南郊区部分乡镇 | 南郊区 | 140412 | 小店区 | 140105,1997年中华人民共和国县级以上行政区划变更列表,https://zh.wikipedia.org/wiki/1997%E5%B9%B4%E4%B8%AD%E5%8D%8E%E4%BA%BA%E6%B0%91%E5%85%B1%E5%92%8C%E5%9B%BD%E5%8E%BF%E7%BA%A7%E4%BB%A5%E4%B8%8A%E8%A1%8C%E6%94%BF%E5%8C%BA%E5%88%92%E5%8F%98%E6%9B%B4%E5%88%97%E8%A1%A8,86945547,wikipedia_row_loose_relation,SRC-WIKI-1997,wikipedia,,revisioned_secondary
WIKI-COUNTY-1997-05-008,1997,其他县级行政区划调整 / 市辖区的增设、撤销与调整,abolish_or_merge,太原市,CNUR-000014,晋源区,晋源区,,山西省太原市 | 5月8日国务院批复同意；国函〔1997〕33号 | 撤销太原市南城区、北城区、河西区、南郊区、北郊区；设立太原市小店区、迎泽区、杏花岭区、尖草坪区、万柏林区、晋源区；小店区辖原南城区部分街道、原南郊区部分乡镇；迎泽区辖原南城区部分街道、原南郊区部分乡；杏花岭区辖原北城区部分街道、原南郊区部分乡、原北郊区部分乡；尖草坪区辖原北城区部分街道、原北郊区部分乡镇；万柏林区辖原河西区部分街道、原北郊区部分乡；晋源区辖原河西区部分街道、原南郊区部分乡镇 | 南郊区 | 140412 | 晋源区 | 140110,市辖区、林区,county_level,山西省太原市 | 5月8日国务院批复同意；国函〔1997〕33号 | 撤销太原市南城区、北城区、河西区、南郊区、北郊区；设立太原市小店区、迎泽区、杏花岭区、尖草坪区、万柏林区、晋源区；小店区辖原南城区部分街道、原南郊区部分乡镇；迎泽区辖原南城区部分街道、原南郊区部分乡；杏花岭区辖原北城区部分街道、原南郊区部分乡、原北郊区部分乡；尖草坪区辖原北城区部分街道、原北郊区部分乡镇；万柏林区辖原河西区部分街道、原北郊区部分乡；晋源区辖原河西区部分街道、原南郊区部分乡镇 | 南郊区 | 140412 | 晋源区 | 140110,1997年中华人民共和国县级以上行政区划变更列表,https://zh.wikipedia.org/wiki/1997%E5%B9%B4%E4%B8%AD%E5%8D%8E%E4%BA%BA%E6%B0%91%E5%85%B1%E5%92%8C%E5%9B%BD%E5%8E%BF%E7%BA%A7%E4%BB%A5%E4%B8%8A%E8%A1%8C%E6%94%BF%E5%8C%BA%E5%88%92%E5%8F%98%E6%9B%B4%E5%88%97%E8%A1%A8,86945547,wikipedia_row_loose_relation,SRC-WIKI-1997,wikipedia,,revisioned_secondary
WIKI-COUNTY-1997-05-009,1997,其他县级行政区划调整 / 市辖区的增设、撤销与调整,abolish_or_merge,太原市,CNUR-000014,北郊区、尖草坪区,北郊区,尖草坪区,山西省太原市 | 5月8日国务院批复同意；国函〔1997〕33号 | 撤销太原市南城区、北城区、河西区、南郊区、北郊区；设立太原市小店区、迎泽区、杏花岭区、尖草坪区、万柏林区、晋源区；小店区辖原南城区部分街道、原南郊区部分乡镇；迎泽区辖原南城区部分街道、原南郊区部分乡；杏花岭区辖原北城区部分街道、原南郊区部分乡、原北郊区部分乡；尖草坪区辖原北城区部分街道、原北郊区部分乡镇；万柏林区辖原河西区部分街道、原北郊区部分乡；晋源区辖原河西区部分街道、原南郊区部分乡镇 | 南郊区 | 140412 | 北郊区 | 140113 | 尖草坪区 | 140108,市辖区、林区,county_level,山西省太原市 | 5月8日国务院批复同意；国函〔1997〕33号 | 撤销太原市南城区、北城区、河西区、南郊区、北郊区；设立太原市小店区、迎泽区、杏花岭区、尖草坪区、万柏林区、晋源区；小店区辖原南城区部分街道、原南郊区部分乡镇；迎泽区辖原南城区部分街道、原南郊区部分乡；杏花岭区辖原北城区部分街道、原南郊区部分乡、原北郊区部分乡；尖草坪区辖原北城区部分街道、原北郊区部分乡镇；万柏林区辖原河西区部分街道、原北郊区部分乡；晋源区辖原河西区部分街道、原南郊区部分乡镇 | 南郊区 | 140412 | 北郊区 | 140113 | 尖草坪区 | 140108,1997年中华人民共和国县级以上行政区划变更列表,https://zh.wikipedia.org/wiki/1997%E5%B9%B4%E4%B8%AD%E5%8D%8E%E4%BA%BA%E6%B0%91%E5%85%B1%E5%92%8C%E5%9B%BD%E5%8E%BF%E7%BA%A7%E4%BB%A5%E4%B8%8A%E8%A1%8C%E6%94%BF%E5%8C%BA%E5%88%92%E5%8F%98%E6%9B%B4%E5%88%97%E8%A1%A8,86945547,wikipedia_row_loose_relation,SRC-WIKI-1997,wikipedia,,revisioned_secondary
WIKI-COUNTY-1997-05-010,1997,其他县级行政区划调整 / 市辖区的增设、撤销与调整,abolish_or_merge,太原市、株洲市,CNUR-000014、CNUR-000183,东区、株洲县、荷塘区,东区,荷塘区,撤销株洲市东区、南区、北区、郊区，设立株洲市荷塘区、芦淞区、石峰区、天元区；荷塘区辖原东区部分街道、原郊区部分乡镇；芦淞区辖原南区部分街道、原北区部分街道、原郊区部分乡；石峰区辖原北区部分街道、原东区部分街道、原郊区部分乡镇；天元区辖株洲县部分乡镇、原郊区部分乡,市辖区、林区、县,county_level,山西省太原市 | 5月8日国务院批复同意；国函〔1997〕33号 | 撤销太原市南城区、北城区、河西区、南郊区、北郊区；设立太原市小店区、迎泽区、杏花岭区、尖草坪区、万柏林区、晋源区；小店区辖原南城区部分街道、原南郊区部分乡镇；迎泽区辖原南城区部分街道、原南郊区部分乡；杏花岭区辖原北城区部分街道、原南郊区部分乡、原北郊区部分乡；尖草坪区辖原北城区部分街道、原北郊区部分乡镇；万柏林区辖原河西区部分街道、原北郊区部分乡；晋源区辖原河西区部分街道、原南郊区部分乡镇 | 东区 | 430202 | 湖南省株洲市 | 5月31日国务院批复同意；国函〔1997〕40号 | 撤销株洲市东区、南区、北区、郊区，设立株洲市荷塘区、芦淞区、石峰区、天元区；荷塘区辖原东区部分街道、原郊区部分乡镇；芦淞区辖原南区部分街道、原北区部分街道、原郊区部分乡；石峰区辖原北区部分街道、原东区部分街道、原郊区部分乡镇；天元区辖株洲县部分乡镇、原郊区部分乡 | 荷塘区 | 430202,1997年中华人民共和国县级以上行政区划变更列表,https://zh.wikipedia.org/wiki/1997%E5%B9%B4%E4%B8%AD%E5%8D%8E%E4%BA%BA%E6%B0%91%E5%85%B1%E5%92%8C%E5%9B%BD%E5%8E%BF%E7%BA%A7%E4%BB%A5%E4%B8%8A%E8%A1%8C%E6%94%BF%E5%8C%BA%E5%88%92%E5%8F%98%E6%9B%B4%E5%88%97%E8%A1%A8,86945547,wikipedia_row_loose_relation,SRC-WIKI-1997,wikipedia,,revisioned_secondary
WIKI-COUNTY-1997-05-011,1997,其他县级行政区划调整 / 市辖区的增设、撤销与调整,abolish_or_merge,株洲市,CNUR-000183,北区、芦淞区,北区,芦淞区,湖南省株洲市 | 5月31日国务院批复同意；国函〔1997〕40号 | 撤销株洲市东区、南区、北区、郊区，设立株洲市荷塘区、芦淞区、石峰区、天元区；荷塘区辖原东区部分街道、原郊区部分乡镇；芦淞区辖原南区部分街道、原北区部分街道、原郊区部分乡；石峰区辖原北区部分街道、原东区部分街道、原郊区部分乡镇；天元区辖株洲县部分乡镇、原郊区部分乡 | 北区 | 430203 | 芦淞区 | 430203,市辖区、县,county_level,湖南省株洲市 | 5月31日国务院批复同意；国函〔1997〕40号 | 撤销株洲市东区、南区、北区、郊区，设立株洲市荷塘区、芦淞区、石峰区、天元区；荷塘区辖原东区部分街道、原郊区部分乡镇；芦淞区辖原南区部分街道、原北区部分街道、原郊区部分乡；石峰区辖原北区部分街道、原东区部分街道、原郊区部分乡镇；天元区辖株洲县部分乡镇、原郊区部分乡 | 北区 | 430203 | 芦淞区 | 430203,1997年中华人民共和国县级以上行政区划变更列表,https://zh.wikipedia.org/wiki/1997%E5%B9%B4%E4%B8%AD%E5%8D%8E%E4%BA%BA%E6%B0%91%E5%85%B1%E5%92%8C%E5%9B%BD%E5%8E%BF%E7%BA%A7%E4%BB%A5%E4%B8%8A%E8%A1%8C%E6%94%BF%E5%8C%BA%E5%88%92%E5%8F%98%E6%9B%B4%E5%88%97%E8%A1%A8,86945547,wikipedia_row_loose_relation,SRC-WIKI-1997,wikipedia,,revisioned_secondary
WIKI-COUNTY-1997-05-012,1997,其他县级行政区划调整 / 市辖区的增设、撤销与调整,abolish_or_merge,株洲市,CNUR-000183,南区、石峰区,南区,石峰区,湖南省株洲市 | 5月31日国务院批复同意；国函〔1997〕40号 | 撤销株洲市东区、南区、北区、郊区，设立株洲市荷塘区、芦淞区、石峰区、天元区；荷塘区辖原东区部分街道、原郊区部分乡镇；芦淞区辖原南区部分街道、原北区部分街道、原郊区部分乡；石峰区辖原北区部分街道、原东区部分街道、原郊区部分乡镇；天元区辖株洲县部分乡镇、原郊区部分乡 | 南区 | 430204 | 石峰区 | 430204,市辖区、县,county_level,湖南省株洲市 | 5月31日国务院批复同意；国函〔1997〕40号 | 撤销株洲市东区、南区、北区、郊区，设立株洲市荷塘区、芦淞区、石峰区、天元区；荷塘区辖原东区部分街道、原郊区部分乡镇；芦淞区辖原南区部分街道、原北区部分街道、原郊区部分乡；石峰区辖原北区部分街道、原东区部分街道、原郊区部分乡镇；天元区辖株洲县部分乡镇、原郊区部分乡 | 南区 | 430204 | 石峰区 | 430204,1997年中华人民共和国县级以上行政区划变更列表,https://zh.wikipedia.org/wiki/1997%E5%B9%B4%E4%B8%AD%E5%8D%8E%E4%BA%BA%E6%B0%91%E5%85%B1%E5%92%8C%E5%9B%BD%E5%8E%BF%E7%BA%A7%E4%BB%A5%E4%B8%8A%E8%A1%8C%E6%94%BF%E5%8C%BA%E5%88%92%E5%8F%98%E6%9B%B4%E5%88%97%E8%A1%A8,86945547,wikipedia_row_loose_relation,SRC-WIKI-1997,wikipedia,,revisioned_secondary
WIKI-COUNTY-1997-05-013,1997,其他县级行政区划调整 / 市辖区的增设、撤销与调整,abolish_or_merge,株洲市,CNUR-000183,郊区、天元区,郊区,天元区,湖南省株洲市 | 5月31日国务院批复同意；国函〔1997〕40号 | 撤销株洲市东区、南区、北区、郊区，设立株洲市荷塘区、芦淞区、石峰区、天元区；荷塘区辖原东区部分街道、原郊区部分乡镇；芦淞区辖原南区部分街道、原北区部分街道、原郊区部分乡；石峰区辖原北区部分街道、原东区部分街道、原郊区部分乡镇；天元区辖株洲县部分乡镇、原郊区部分乡 | 郊区 | 430211 | 天元区 | 430211,市辖区、县,county_level,湖南省株洲市 | 5月31日国务院批复同意；国函〔1997〕40号 | 撤销株洲市东区、南区、北区、郊区，设立株洲市荷塘区、芦淞区、石峰区、天元区；荷塘区辖原东区部分街道、原郊区部分乡镇；芦淞区辖原南区部分街道、原北区部分街道、原郊区部分乡；石峰区辖原北区部分街道、原东区部分街道、原郊区部分乡镇；天元区辖株洲县部分乡镇、原郊区部分乡 | 郊区 | 430211 | 天元区 | 430211,1997年中华人民共和国县级以上行政区划变更列表,https://zh.wikipedia.org/wiki/1997%E5%B9%B4%E4%B8%AD%E5%8D%8E%E4%BA%BA%E6%B0%91%E5%85%B1%E5%92%8C%E5%9B%BD%E5%8E%BF%E7%BA%A7%E4%BB%A5%E4%B8%8A%E8%A1%8C%E6%94%BF%E5%8C%BA%E5%88%92%E5%8F%98%E6%9B%B4%E5%88%97%E8%A1%A8,86945547,wikipedia_row_loose_relation,SRC-WIKI-1997,wikipedia,,revisioned_secondary
WIKI-COUNTY-1997-05-014,1997,其他县级行政区划调整 / 市辖区的增设、撤销与调整,abolish_or_merge,株洲市、泉州市,CNUR-000183、CNUR-000119,鲤城区,鲤城区,鲤城区,增设泉州市丰泽区和洛江区；丰泽区辖鲤城区的部分街道、镇；洛江区辖鲤城区的部分镇、乡,市辖区、县,county_level,湖南省株洲市 | 5月31日国务院批复同意；国函〔1997〕40号 | 撤销株洲市东区、南区、北区、郊区，设立株洲市荷塘区、芦淞区、石峰区、天元区；荷塘区辖原东区部分街道、原郊区部分乡镇；芦淞区辖原南区部分街道、原北区部分街道、原郊区部分乡；石峰区辖原北区部分街道、原东区部分街道、原郊区部分乡镇；天元区辖株洲县部分乡镇、原郊区部分乡 | 鲤城区 | 350502 | 福建省泉州市 | 6月3日国务院批复同意；国函〔1997〕42号 | 增设泉州市丰泽区和洛江区；丰泽区辖鲤城区的部分街道、镇；洛江区辖鲤城区的部分镇、乡 | 鲤城区 | 未变,1997年中华人民共和国县级以上行政区划变更列表,https://zh.wikipedia.org/wiki/1997%E5%B9%B4%E4%B8%AD%E5%8D%8E%E4%BA%BA%E6%B0%91%E5%85%B1%E5%92%8C%E5%9B%BD%E5%8E%BF%E7%BA%A7%E4%BB%A5%E4%B8%8A%E8%A1%8C%E6%94%BF%E5%8C%BA%E5%88%92%E5%8F%98%E6%9B%B4%E5%88%97%E8%A1%A8,86945547,wikipedia_row_loose_relation,SRC-WIKI-1997,wikipedia,,revisioned_secondary
WIKI-COUNTY-1997-05-015,1997,其他县级行政区划调整 / 市辖区的增设、撤销与调整,abolish_or_merge,泉州市,CNUR-000119,丰泽区,丰泽区,,鲤城区 | 350502 | 福建省泉州市 | 6月3日国务院批复同意；国函〔1997〕42号 | 增设泉州市丰泽区和洛江区；丰泽区辖鲤城区的部分街道、镇；洛江区辖鲤城区的部分镇、乡 | 丰泽区 | 350503,市辖区,county_level,鲤城区 | 350502 | 福建省泉州市 | 6月3日国务院批复同意；国函〔1997〕42号 | 增设泉州市丰泽区和洛江区；丰泽区辖鲤城区的部分街道、镇；洛江区辖鲤城区的部分镇、乡 | 丰泽区 | 350503,1997年中华人民共和国县级以上行政区划变更列表,https://zh.wikipedia.org/wiki/1997%E5%B9%B4%E4%B8%AD%E5%8D%8E%E4%BA%BA%E6%B0%91%E5%85%B1%E5%92%8C%E5%9B%BD%E5%8E%BF%E7%BA%A7%E4%BB%A5%E4%B8%8A%E8%A1%8C%E6%94%BF%E5%8C%BA%E5%88%92%E5%8F%98%E6%9B%B4%E5%88%97%E8%A1%A8,86945547,wikipedia_row_loose_relation,SRC-WIKI-1997,wikipedia,,revisioned_secondary
WIKI-COUNTY-1997-05-016,1997,其他县级行政区划调整 / 市辖区的增设、撤销与调整,abolish_or_merge,泉州市,CNUR-000119,洛江区,洛江区,,鲤城区 | 350502 | 福建省泉州市 | 6月3日国务院批复同意；国函〔1997〕42号 | 增设泉州市丰泽区和洛江区；丰泽区辖鲤城区的部分街道、镇；洛江区辖鲤城区的部分镇、乡 | 洛江区 | 350504,市辖区,county_level,鲤城区 | 350502 | 福建省泉州市 | 6月3日国务院批复同意；国函〔1997〕42号 | 增设泉州市丰泽区和洛江区；丰泽区辖鲤城区的部分街道、镇；洛江区辖鲤城区的部分镇、乡 | 洛江区 | 350504,1997年中华人民共和国县级以上行政区划变更列表,https://zh.wikipedia.org/wiki/1997%E5%B9%B4%E4%B8%AD%E5%8D%8E%E4%BA%BA%E6%B0%91%E5%85%B1%E5%92%8C%E5%9B%BD%E5%8E%BF%E7%BA%A7%E4%BB%A5%E4%B8%8A%E8%A1%8C%E6%94%BF%E5%8C%BA%E5%88%92%E5%8F%98%E6%9B%B4%E5%88%97%E8%A1%A8,86945547,wikipedia_row_loose_relation,SRC-WIKI-1997,wikipedia,,revisioned_secondary
WIKI-COUNTY-1997-05-017,1997,其他县级行政区划调整 / 市辖区的增设、撤销与调整,abolish_or_merge,西安市、泉州市,CNUR-000289、CNUR-000119,临潼县、临潼区,临潼县,临潼区,撤销临潼县，设立西安市临潼区，以原临潼县的行政区域为临潼区的行政区域,市辖区、县,county_level,鲤城区 | 350502 | 福建省泉州市 | 6月3日国务院批复同意；国函〔1997〕42号 | 增设泉州市丰泽区和洛江区；丰泽区辖鲤城区的部分街道、镇；洛江区辖鲤城区的部分镇、乡 | 临潼县 | 610123 | 陕西省西安市 | 6月25日国务院批复同意；国函〔1997〕57号 | 撤销临潼县，设立西安市临潼区，以原临潼县的行政区域为临潼区的行政区域 | 临潼区 | 610115,1997年中华人民共和国县级以上行政区划变更列表,https://zh.wikipedia.org/wiki/1997%E5%B9%B4%E4%B8%AD%E5%8D%8E%E4%BA%BA%E6%B0%91%E5%85%B1%E5%92%8C%E5%9B%BD%E5%8E%BF%E7%BA%A7%E4%BB%A5%E4%B8%8A%E8%A1%8C%E6%94%BF%E5%8C%BA%E5%88%92%E5%8F%98%E6%9B%B4%E5%88%97%E8%A1%A8,86945547,wikipedia_row_loose_relation,SRC-WIKI-1997,wikipedia,,revisioned_secondary
WIKI-COUNTY-1997-05-018,1997,其他县级行政区划调整 / 市辖区的增设、撤销与调整,abolish_or_merge,泰州市,CNUR-000085,海陵区、高港区,,高港区,海陵区管辖,市辖区,county_level,海陵区管辖 | 江苏省泰州市 | 8月20日国务院批复同意；国函〔1997〕77号 | 设立泰州市高港区，高港区辖从海陵区划入的部分乡镇 | 高港区 | 321203,1997年中华人民共和国县级以上行政区划变更列表,https://zh.wikipedia.org/wiki/1997%E5%B9%B4%E4%B8%AD%E5%8D%8E%E4%BA%BA%E6%B0%91%E5%85%B1%E5%92%8C%E5%9B%BD%E5%8E%BF%E7%BA%A7%E4%BB%A5%E4%B8%8A%E8%A1%8C%E6%94%BF%E5%8C%BA%E5%88%92%E5%8F%98%E6%9B%B4%E5%88%97%E8%A1%A8,86945547,wikipedia_row_loose_relation,SRC-WIKI-1997,wikipedia,,revisioned_secondary
WIKI-COUNTY-1997-05-019,1997,其他县级行政区划调整 / 市辖区的增设、撤销与调整,abolish_or_merge,邵阳市,CNUR-000186,东区、新邵县、双清区,东区,双清区,撤销邵阳市东区、西区、郊区，设立邵阳市双清区、大祥区、北塔区；双清区辖原东区部分街道、原郊区部分乡；大祥区辖原西区部分街道、原郊区部分乡；北塔区辖原东区部分街道、原郊区部分乡、新邵县部分乡,市辖区、县,county_level,东区 | 430502 | 湖南省邵阳市 | 7月29日国务院批复同意；国函〔1997〕83号 | 撤销邵阳市东区、西区、郊区，设立邵阳市双清区、大祥区、北塔区；双清区辖原东区部分街道、原郊区部分乡；大祥区辖原西区部分街道、原郊区部分乡；北塔区辖原东区部分街道、原郊区部分乡、新邵县部分乡 | 双清区 | 430502,1997年中华人民共和国县级以上行政区划变更列表,https://zh.wikipedia.org/wiki/1997%E5%B9%B4%E4%B8%AD%E5%8D%8E%E4%BA%BA%E6%B0%91%E5%85%B1%E5%92%8C%E5%9B%BD%E5%8E%BF%E7%BA%A7%E4%BB%A5%E4%B8%8A%E8%A1%8C%E6%94%BF%E5%8C%BA%E5%88%92%E5%8F%98%E6%9B%B4%E5%88%97%E8%A1%A8,86945547,wikipedia_row_loose_relation,SRC-WIKI-1997,wikipedia,,revisioned_secondary
WIKI-COUNTY-1997-05-020,1997,其他县级行政区划调整 / 市辖区的增设、撤销与调整,abolish_or_merge,邵阳市,CNUR-000186,西区、大祥区,西区,大祥区,湖南省邵阳市 | 7月29日国务院批复同意；国函〔1997〕83号 | 撤销邵阳市东区、西区、郊区，设立邵阳市双清区、大祥区、北塔区；双清区辖原东区部分街道、原郊区部分乡；大祥区辖原西区部分街道、原郊区部分乡；北塔区辖原东区部分街道、原郊区部分乡、新邵县部分乡 | 西区 | 430503 | 大祥区 | 430503,市辖区、县,county_level,湖南省邵阳市 | 7月29日国务院批复同意；国函〔1997〕83号 | 撤销邵阳市东区、西区、郊区，设立邵阳市双清区、大祥区、北塔区；双清区辖原东区部分街道、原郊区部分乡；大祥区辖原西区部分街道、原郊区部分乡；北塔区辖原东区部分街道、原郊区部分乡、新邵县部分乡 | 西区 | 430503 | 大祥区 | 430503,1997年中华人民共和国县级以上行政区划变更列表,https://zh.wikipedia.org/wiki/1997%E5%B9%B4%E4%B8%AD%E5%8D%8E%E4%BA%BA%E6%B0%91%E5%85%B1%E5%92%8C%E5%9B%BD%E5%8E%BF%E7%BA%A7%E4%BB%A5%E4%B8%8A%E8%A1%8C%E6%94%BF%E5%8C%BA%E5%88%92%E5%8F%98%E6%9B%B4%E5%88%97%E8%A1%A8,86945547,wikipedia_row_loose_relation,SRC-WIKI-1997,wikipedia,,revisioned_secondary
WIKI-COUNTY-1997-05-021,1997,其他县级行政区划调整 / 市辖区的增设、撤销与调整,abolish_or_merge,邵阳市,CNUR-000186,郊区、北塔区,郊区,北塔区,湖南省邵阳市 | 7月29日国务院批复同意；国函〔1997〕83号 | 撤销邵阳市东区、西区、郊区，设立邵阳市双清区、大祥区、北塔区；双清区辖原东区部分街道、原郊区部分乡；大祥区辖原西区部分街道、原郊区部分乡；北塔区辖原东区部分街道、原郊区部分乡、新邵县部分乡 | 郊区 | 430511 | 北塔区 | 430511,市辖区、县,county_level,湖南省邵阳市 | 7月29日国务院批复同意；国函〔1997〕83号 | 撤销邵阳市东区、西区、郊区，设立邵阳市双清区、大祥区、北塔区；双清区辖原东区部分街道、原郊区部分乡；大祥区辖原西区部分街道、原郊区部分乡；北塔区辖原东区部分街道、原郊区部分乡、新邵县部分乡 | 郊区 | 430511 | 北塔区 | 430511,1997年中华人民共和国县级以上行政区划变更列表,https://zh.wikipedia.org/wiki/1997%E5%B9%B4%E4%B8%AD%E5%8D%8E%E4%BA%BA%E6%B0%91%E5%85%B1%E5%92%8C%E5%9B%BD%E5%8E%BF%E7%BA%A7%E4%BB%A5%E4%B8%8A%E8%A1%8C%E6%94%BF%E5%8C%BA%E5%88%92%E5%8F%98%E6%9B%B4%E5%88%97%E8%A1%A8,86945547,wikipedia_row_loose_relation,SRC-WIKI-1997,wikipedia,,revisioned_secondary
WIKI-COUNTY-1997-05-022,1997,其他县级行政区划调整 / 市辖区的增设、撤销与调整,jurisdiction_transfer,牡丹江市、邵阳市,CNUR-000069、CNUR-000186,郊区、东安区,郊区,东安区,撤销牡丹江市郊区；将原郊区的部分乡镇划归东安区管辖；将原郊区的部分乡镇划归西安区管辖；将原郊区的部分镇划归阳明区管辖；将原郊区的部分乡划归爱民区管辖,市辖区、县,county_level,湖南省邵阳市 | 7月29日国务院批复同意；国函〔1997〕83号 | 撤销邵阳市东区、西区、郊区，设立邵阳市双清区、大祥区、北塔区；双清区辖原东区部分街道、原郊区部分乡；大祥区辖原西区部分街道、原郊区部分乡；北塔区辖原东区部分街道、原郊区部分乡、新邵县部分乡 | 郊区 | 231011 | 黑龙江省牡丹江市 | 9月30日国务院批复同意；国函〔1997〕90号 | 撤销牡丹江市郊区；将原郊区的部分乡镇划归东安区管辖；将原郊区的部分乡镇划归西安区管辖；将原郊区的部分镇划归阳明区管辖；将原郊区的部分乡划归爱民区管辖 | 东安区管辖,1997年中华人民共和国县级以上行政区划变更列表,https://zh.wikipedia.org/wiki/1997%E5%B9%B4%E4%B8%AD%E5%8D%8E%E4%BA%BA%E6%B0%91%E5%85%B1%E5%92%8C%E5%9B%BD%E5%8E%BF%E7%BA%A7%E4%BB%A5%E4%B8%8A%E8%A1%8C%E6%94%BF%E5%8C%BA%E5%88%92%E5%8F%98%E6%9B%B4%E5%88%97%E8%A1%A8,86945547,wikipedia_row_loose_relation,SRC-WIKI-1997,wikipedia,,revisioned_secondary
WIKI-COUNTY-1997-05-023,1997,其他县级行政区划调整 / 市辖区的增设、撤销与调整,jurisdiction_transfer,牡丹江市,CNUR-000069,西安区,,,西安区管辖,市辖区,county_level,郊区 | 231011 | 黑龙江省牡丹江市 | 9月30日国务院批复同意；国函〔1997〕90号 | 撤销牡丹江市郊区；将原郊区的部分乡镇划归东安区管辖；将原郊区的部分乡镇划归西安区管辖；将原郊区的部分镇划归阳明区管辖；将原郊区的部分乡划归爱民区管辖 | 西安区管辖,1997年中华人民共和国县级以上行政区划变更列表,https://zh.wikipedia.org/wiki/1997%E5%B9%B4%E4%B8%AD%E5%8D%8E%E4%BA%BA%E6%B0%91%E5%85%B1%E5%92%8C%E5%9B%BD%E5%8E%BF%E7%BA%A7%E4%BB%A5%E4%B8%8A%E8%A1%8C%E6%94%BF%E5%8C%BA%E5%88%92%E5%8F%98%E6%9B%B4%E5%88%97%E8%A1%A8,86945547,wikipedia_row_loose_relation,SRC-WIKI-1997,wikipedia,,revisioned_secondary
WIKI-COUNTY-1997-05-024,1997,其他县级行政区划调整 / 市辖区的增设、撤销与调整,jurisdiction_transfer,牡丹江市,CNUR-000069,阳明区,,,阳明区管辖,市辖区,county_level,郊区 | 231011 | 黑龙江省牡丹江市 | 9月30日国务院批复同意；国函〔1997〕90号 | 撤销牡丹江市郊区；将原郊区的部分乡镇划归东安区管辖；将原郊区的部分乡镇划归西安区管辖；将原郊区的部分镇划归阳明区管辖；将原郊区的部分乡划归爱民区管辖 | 阳明区管辖,1997年中华人民共和国县级以上行政区划变更列表,https://zh.wikipedia.org/wiki/1997%E5%B9%B4%E4%B8%AD%E5%8D%8E%E4%BA%BA%E6%B0%91%E5%85%B1%E5%92%8C%E5%9B%BD%E5%8E%BF%E7%BA%A7%E4%BB%A5%E4%B8%8A%E8%A1%8C%E6%94%BF%E5%8C%BA%E5%88%92%E5%8F%98%E6%9B%B4%E5%88%97%E8%A1%A8,86945547,wikipedia_row_loose_relation,SRC-WIKI-1997,wikipedia,,revisioned_secondary
WIKI-COUNTY-1997-05-025,1997,其他县级行政区划调整 / 市辖区的增设、撤销与调整,jurisdiction_transfer,牡丹江市,CNUR-000069,爱民区,,,爱民区管辖,市辖区,county_level,郊区 | 231011 | 黑龙江省牡丹江市 | 9月30日国务院批复同意；国函〔1997〕90号 | 撤销牡丹江市郊区；将原郊区的部分乡镇划归东安区管辖；将原郊区的部分乡镇划归西安区管辖；将原郊区的部分镇划归阳明区管辖；将原郊区的部分乡划归爱民区管辖 | 爱民区管辖,1997年中华人民共和国县级以上行政区划变更列表,https://zh.wikipedia.org/wiki/1997%E5%B9%B4%E4%B8%AD%E5%8D%8E%E4%BA%BA%E6%B0%91%E5%85%B1%E5%92%8C%E5%9B%BD%E5%8E%BF%E7%BA%A7%E4%BB%A5%E4%B8%8A%E8%A1%8C%E6%94%BF%E5%8C%BA%E5%88%92%E5%8F%98%E6%9B%B4%E5%88%97%E8%A1%A8,86945547,wikipedia_row_loose_relation,SRC-WIKI-1997,wikipedia,,revisioned_secondary
WIKI-COUNTY-1997-05-026,1997,其他县级行政区划调整 / 市辖区的增设、撤销与调整,jurisdiction_transfer,牡丹江市、沧州市,CNUR-000069、CNUR-000011,郊区、运河区,郊区,运河区,撤销沧州市郊区；将原郊区的部分乡划归运河区管辖；将原郊区的部分乡划归新华区管辖,市辖区,county_level,郊区 | 231011 | 黑龙江省牡丹江市 | 9月30日国务院批复同意；国函〔1997〕90号 | 撤销牡丹江市郊区；将原郊区的部分乡镇划归东安区管辖；将原郊区的部分乡镇划归西安区管辖；将原郊区的部分镇划归阳明区管辖；将原郊区的部分乡划归爱民区管辖 | 郊区 | 130904 | 河北省沧州市 | 10月21日国务院批复同意；国函〔1997〕96号 | 撤销沧州市郊区；将原郊区的部分乡划归运河区管辖；将原郊区的部分乡划归新华区管辖 | 运河区管辖,1997年中华人民共和国县级以上行政区划变更列表,https://zh.wikipedia.org/wiki/1997%E5%B9%B4%E4%B8%AD%E5%8D%8E%E4%BA%BA%E6%B0%91%E5%85%B1%E5%92%8C%E5%9B%BD%E5%8E%BF%E7%BA%A7%E4%BB%A5%E4%B8%8A%E8%A1%8C%E6%94%BF%E5%8C%BA%E5%88%92%E5%8F%98%E6%9B%B4%E5%88%97%E8%A1%A8,86945547,wikipedia_row_loose_relation,SRC-WIKI-1997,wikipedia,,revisioned_secondary
WIKI-COUNTY-1997-05-027,1997,其他县级行政区划调整 / 市辖区的增设、撤销与调整,jurisdiction_transfer,沧州市,CNUR-000011,新华区,,,新华区管辖,市辖区,county_level,郊区 | 130904 | 河北省沧州市 | 10月21日国务院批复同意；国函〔1997〕96号 | 撤销沧州市郊区；将原郊区的部分乡划归运河区管辖；将原郊区的部分乡划归新华区管辖 | 新华区管辖,1997年中华人民共和国县级以上行政区划变更列表,https://zh.wikipedia.org/wiki/1997%E5%B9%B4%E4%B8%AD%E5%8D%8E%E4%BA%BA%E6%B0%91%E5%85%B1%E5%92%8C%E5%9B%BD%E5%8E%BF%E7%BA%A7%E4%BB%A5%E4%B8%8A%E8%A1%8C%E6%94%BF%E5%8C%BA%E5%88%92%E5%8F%98%E6%9B%B4%E5%88%97%E8%A1%A8,86945547,wikipedia_row_loose_relation,SRC-WIKI-1997,wikipedia,,revisioned_secondary
WIKI-COUNTY-1997-05-028,1997,其他县级行政区划调整 / 市辖区的增设、撤销与调整,jurisdiction_transfer,深圳市、沧州市,CNUR-000198、CNUR-000011,罗湖区、盐田区,,盐田区,罗湖区管辖,市辖区,county_level,郊区 | 130904 | 河北省沧州市 | 10月21日国务院批复同意；国函〔1997〕96号 | 撤销沧州市郊区；将原郊区的部分乡划归运河区管辖；将原郊区的部分乡划归新华区管辖 | 罗湖区管辖 | 广东省深圳市 | 10月21日国务院批复同意；国函〔1997〕97号 | 设立深圳市盐田区，盐田区辖从罗湖区划入的部分街道、镇 | 盐田区 | 440308,1997年中华人民共和国县级以上行政区划变更列表,https://zh.wikipedia.org/wiki/1997%E5%B9%B4%E4%B8%AD%E5%8D%8E%E4%BA%BA%E6%B0%91%E5%85%B1%E5%92%8C%E5%9B%BD%E5%8E%BF%E7%BA%A7%E4%BB%A5%E4%B8%8A%E8%A1%8C%E6%94%BF%E5%8C%BA%E5%88%92%E5%8F%98%E6%9B%B4%E5%88%97%E8%A1%A8,86945547,wikipedia_row_loose_relation,SRC-WIKI-1997,wikipedia,,revisioned_secondary
WIKI-COUNTY-1997-05-029,1997,其他县级行政区划调整 / 市辖区的增设、撤销与调整,abolish_or_merge,平顶山市,CNUR-000155,湛河区、石龙区,,石龙区,湛河区管辖,市辖区,county_level,湛河区管辖 | 河南省平顶山市 | 12月28日国务院批复同意；国函〔1997〕111号 | 设立平顶山市石龙区 | 石龙区 | 410404,1997年中华人民共和国县级以上行政区划变更列表,https://zh.wikipedia.org/wiki/1997%E5%B9%B4%E4%B8%AD%E5%8D%8E%E4%BA%BA%E6%B0%91%E5%85%B1%E5%92%8C%E5%9B%BD%E5%8E%BF%E7%BA%A7%E4%BB%A5%E4%B8%8A%E8%A1%8C%E6%94%BF%E5%8C%BA%E5%88%92%E5%8F%98%E6%9B%B4%E5%88%97%E8%A1%A8,86945547,wikipedia_row_loose_relation,SRC-WIKI-1997,wikipedia,,revisioned_secondary
WIKI-COUNTY-1997-06-002,1997,其他县级行政区划调整 / 县与县级市的增设与更名,rename,宣城地区,CNUR-000114,宁国县、宁国市,宁国县,宁国市,撤销宁国县，设立宁国市（县级），以原宁国县的行政区域为宁国市的行政区域,县级市、县,county_level,宁国县 | 342524 | 安徽省宣城地区 | 国务院批准；3月11日民政部批复同意；民行批〔1997〕3号 | 撤销宁国县，设立宁国市（县级），以原宁国县的行政区域为宁国市的行政区域 | 宁国市 | 342502,1997年中华人民共和国县级以上行政区划变更列表,https://zh.wikipedia.org/wiki/1997%E5%B9%B4%E4%B8%AD%E5%8D%8E%E4%BA%BA%E6%B0%91%E5%85%B1%E5%92%8C%E5%9B%BD%E5%8E%BF%E7%BA%A7%E4%BB%A5%E4%B8%8A%E8%A1%8C%E6%94%BF%E5%8C%BA%E5%88%92%E5%8F%98%E6%9B%B4%E5%88%97%E8%A1%A8,86945547,wikipedia_row_loose_relation,SRC-WIKI-1997,wikipedia,,revisioned_secondary
WIKI-COUNTY-1997-06-003,1997,其他县级行政区划调整 / 县与县级市的增设与更名,rename,,,东方黎族自治县、东方市,东方黎族自治县,东方市,撤销东方黎族自治县，设立东方市（县级），以原东方黎族自治县的行政区域为东方市的行政区域,县级市、自治县、县,county_level,东方黎族自治县 | 460032 | 海南省 | 国务院批准；3月12日民政部批复同意；民行批〔1997〕4号 | 撤销东方黎族自治县，设立东方市（县级），以原东方黎族自治县的行政区域为东方市的行政区域 | 东方市 | 460007,1997年中华人民共和国县级以上行政区划变更列表,https://zh.wikipedia.org/wiki/1997%E5%B9%B4%E4%B8%AD%E5%8D%8E%E4%BA%BA%E6%B0%91%E5%85%B1%E5%92%8C%E5%9B%BD%E5%8E%BF%E7%BA%A7%E4%BB%A5%E4%B8%8A%E8%A1%8C%E6%94%BF%E5%8C%BA%E5%88%92%E5%8F%98%E6%9B%B4%E5%88%97%E8%A1%A8,86945547,wikipedia_row_unlinked,SRC-WIKI-1997,wikipedia,,revisioned_secondary
WIKI-COUNTY-1997-06-004,1997,其他县级行政区划调整 / 县与县级市的增设与更名,rename,孝感市,CNUR-000176,汉川县、汉川市,汉川县,汉川市,撤销汉川县，设立汉川市（县级），以原汉川县的行政区域为汉川市的行政区域,县级市、县,county_level,汉川县 | 420924 | 湖北省孝感市 | 国务院批准；3月12日民政部批复同意；民行批〔1997〕5号 | 撤销汉川县，设立汉川市（县级），以原汉川县的行政区域为汉川市的行政区域 | 汉川市 | 420984,1997年中华人民共和国县级以上行政区划变更列表,https://zh.wikipedia.org/wiki/1997%E5%B9%B4%E4%B8%AD%E5%8D%8E%E4%BA%BA%E6%B0%91%E5%85%B1%E5%92%8C%E5%9B%BD%E5%8E%BF%E7%BA%A7%E4%BB%A5%E4%B8%8A%E8%A1%8C%E6%94%BF%E5%8C%BA%E5%88%92%E5%8F%98%E6%9B%B4%E5%88%97%E8%A1%A8,86945547,wikipedia_row_loose_relation,SRC-WIKI-1997,wikipedia,,revisioned_secondary
WIKI-COUNTY-1997-06-005,1997,其他县级行政区划调整 / 县与县级市的增设与更名,rename,遂宁市,CNUR-000243,蓬溪县、大英县,蓬溪县,大英县,设立大英县，大英县辖原由蓬溪县管辖的部分乡镇,县,county_level,蓬溪县管辖 | 四川省遂宁市 | 国务院批准；10月31日民政部批复同意；民行批〔1997〕23号 | 设立大英县，大英县辖原由蓬溪县管辖的部分乡镇 | 大英县 | 510923,1997年中华人民共和国县级以上行政区划变更列表,https://zh.wikipedia.org/wiki/1997%E5%B9%B4%E4%B8%AD%E5%8D%8E%E4%BA%BA%E6%B0%91%E5%85%B1%E5%92%8C%E5%9B%BD%E5%8E%BF%E7%BA%A7%E4%BB%A5%E4%B8%8A%E8%A1%8C%E6%94%BF%E5%8C%BA%E5%88%92%E5%8F%98%E6%9B%B4%E5%88%97%E8%A1%A8,86945547,wikipedia_row_loose_relation,SRC-WIKI-1997,wikipedia,,revisioned_secondary
WIKI-COUNTY-1997-06-006,1997,其他县级行政区划调整 / 县与县级市的增设与更名,rename,萍乡市,CNUR-000126,上栗区、上栗县,上栗区,上栗县,撤销萍乡市上栗区，设立上栗县，以原上栗区的行政区域为上栗县的行政区域,市辖区、县,county_level,上栗区 | 360311 | 江西省萍乡市 | 11月13日国务院批复同意；国函〔1997〕90号 | 撤销萍乡市上栗区，设立上栗县，以原上栗区的行政区域为上栗县的行政区域 | 上栗县 | 360322,1997年中华人民共和国县级以上行政区划变更列表,https://zh.wikipedia.org/wiki/1997%E5%B9%B4%E4%B8%AD%E5%8D%8E%E4%BA%BA%E6%B0%91%E5%85%B1%E5%92%8C%E5%9B%BD%E5%8E%BF%E7%BA%A7%E4%BB%A5%E4%B8%8A%E8%A1%8C%E6%94%BF%E5%8C%BA%E5%88%92%E5%8F%98%E6%9B%B4%E5%88%97%E8%A1%A8,86945547,wikipedia_row_loose_relation,SRC-WIKI-1997,wikipedia,,revisioned_secondary
WIKI-COUNTY-1997-06-007,1997,其他县级行政区划调整 / 县与县级市的增设与更名,rename,萍乡市,CNUR-000126,芦溪区、芦溪县,芦溪区,芦溪县,撤销萍乡市芦溪区，设立芦溪县，以原芦溪区的行政区域为芦溪县的行政区域,市辖区、县,county_level,江西省萍乡市 | 11月13日国务院批复同意；国函〔1997〕90号 | 芦溪区 | 360312 | 撤销萍乡市芦溪区，设立芦溪县，以原芦溪区的行政区域为芦溪县的行政区域 | 芦溪县 | 360323,1997年中华人民共和国县级以上行政区划变更列表,https://zh.wikipedia.org/wiki/1997%E5%B9%B4%E4%B8%AD%E5%8D%8E%E4%BA%BA%E6%B0%91%E5%85%B1%E5%92%8C%E5%9B%BD%E5%8E%BF%E7%BA%A7%E4%BB%A5%E4%B8%8A%E8%A1%8C%E6%94%BF%E5%8C%BA%E5%88%92%E5%8F%98%E6%9B%B4%E5%88%97%E8%A1%A8,86945547,wikipedia_row_loose_relation,SRC-WIKI-1997,wikipedia,,revisioned_secondary
WIKI-COUNTY-1997-06-008,1997,其他县级行政区划调整 / 县与县级市的增设与更名,rename,阿坝藏族羌族自治州、萍乡市,CNUR-000254、CNUR-000126,南坪县、九寨沟县,南坪县,九寨沟县,将南坪县更名为九寨沟县,县,county_level,江西省萍乡市 | 11月13日国务院批复同意；国函〔1997〕90号 | 南坪县 | 513225 | 四川省；阿坝藏族羌族自治州 | 国务院批准；12月15日民政部批复同意；民行批〔1997〕27号 | 将南坪县更名为九寨沟县 | 九寨沟县 | 未变,1997年中华人民共和国县级以上行政区划变更列表,https://zh.wikipedia.org/wiki/1997%E5%B9%B4%E4%B8%AD%E5%8D%8E%E4%BA%BA%E6%B0%91%E5%85%B1%E5%92%8C%E5%9B%BD%E5%8E%BF%E7%BA%A7%E4%BB%A5%E4%B8%8A%E8%A1%8C%E6%94%BF%E5%8C%BA%E5%88%92%E5%8F%98%E6%9B%B4%E5%88%97%E8%A1%A8,86945547,wikipedia_row_loose_relation,SRC-WIKI-1997,wikipedia,,revisioned_secondary
WIKI-COUNTY-1997-07-002,1997,其他县级行政区划调整 / 县级行政区划行政隶属变更,jurisdiction_transfer,平顶山市、许昌市,CNUR-000155、CNUR-000161,襄城县,襄城县,,将平顶山市的襄城县划归许昌市管辖,县,county_level,襄城县 | 410426 | 7月31日国务院批复同意；国函〔1997〕70号 | 将平顶山市的襄城县划归许昌市管辖 | 河南省平顶山市 | 河南省许昌市 | 411025,1997年中华人民共和国县级以上行政区划变更列表,https://zh.wikipedia.org/wiki/1997%E5%B9%B4%E4%B8%AD%E5%8D%8E%E4%BA%BA%E6%B0%91%E5%85%B1%E5%92%8C%E5%9B%BD%E5%8E%BF%E7%BA%A7%E4%BB%A5%E4%B8%8A%E8%A1%8C%E6%94%BF%E5%8C%BA%E5%88%92%E5%8F%98%E6%9B%B4%E5%88%97%E8%A1%A8,86945547,wikipedia_row_loose_relation,SRC-WIKI-1997,wikipedia,,revisioned_secondary
WIKI-COUNTY-1997-08-002,1997,其他县级行政区划调整 / 县级行政区划行政机构迁移,residence_change,达川地区,CNUR-000250,达县,达县,,将达县人民政府驻地由达川市荷叶街迁至达县南外镇,县,county_level,达县 | 513021 | 四川省达川地区 | 国务院批准；6月5日民政部批复同意；民行批〔1997〕13号 | 将达县人民政府驻地由达川市荷叶街迁至达县南外镇,1997年中华人民共和国县级以上行政区划变更列表,https://zh.wikipedia.org/wiki/1997%E5%B9%B4%E4%B8%AD%E5%8D%8E%E4%BA%BA%E6%B0%91%E5%85%B1%E5%92%8C%E5%9B%BD%E5%8E%BF%E7%BA%A7%E4%BB%A5%E4%B8%8A%E8%A1%8C%E6%94%BF%E5%8C%BA%E5%88%92%E5%8F%98%E6%9B%B4%E5%88%97%E8%A1%A8,86945547,wikipedia_row_loose_relation,SRC-WIKI-1997,wikipedia,,revisioned_secondary
WIKI-COUNTY-1997-08-003,1997,其他县级行政区划调整 / 县级行政区划行政机构迁移,residence_change,北京市,CNUR-000001,房山区,房山区,,将房山区人民政府驻地由现址迁至良乡,市辖区,county_level,房山区 | 110111 | 北京市 | 国务院批准；11月17日民政部批复同意；民行批〔1997〕25号 | 将房山区人民政府驻地由现址迁至良乡,1997年中华人民共和国县级以上行政区划变更列表,https://zh.wikipedia.org/wiki/1997%E5%B9%B4%E4%B8%AD%E5%8D%8E%E4%BA%BA%E6%B0%91%E5%85%B1%E5%92%8C%E5%9B%BD%E5%8E%BF%E7%BA%A7%E4%BB%A5%E4%B8%8A%E8%A1%8C%E6%94%BF%E5%8C%BA%E5%88%92%E5%8F%98%E6%9B%B4%E5%88%97%E8%A1%A8,86945547,wikipedia_row_loose_relation,SRC-WIKI-1997,wikipedia,,revisioned_secondary
WIKI-COUNTY-1998-04-003,1998,地级行政区划变更列表 / 撤销地级市，设立市辖区,abolish_or_merge,昆明市,CNUR-000266,东川区,,东川区,撤销地级东川市，设立昆明市东川区，以原东川市的行政区域为东川区的行政区域,市辖区,county_level,东川市 | 530200 | 国务院12月6日批复同意；国函〔1998〕104号 | 撤销地级东川市，设立昆明市东川区，以原东川市的行政区域为东川区的行政区域 | 昆明市管辖 | 东川区 | 530113,1998年中华人民共和国县级以上行政区划变更列表,https://zh.wikipedia.org/wiki/1998%E5%B9%B4%E4%B8%AD%E5%8D%8E%E4%BA%BA%E6%B0%91%E5%85%B1%E5%92%8C%E5%9B%BD%E5%8E%BF%E7%BA%A7%E4%BB%A5%E4%B8%8A%E8%A1%8C%E6%94%BF%E5%8C%BA%E5%88%92%E5%8F%98%E6%9B%B4%E5%88%97%E8%A1%A8,67074272,wikipedia_row_loose_relation,SRC-WIKI-1998,wikipedia,,revisioned_secondary
WIKI-COUNTY-1998-05-002,1998,其他县级行政区划变更列表 / 撤销县，设立市辖区,abolish_or_merge,上海市,CNUR-000073,松江县、松江区,松江县,松江区,撤销松江县，设立松江区，以原松江县的行政区域为松江区的行政区域,市辖区、县,county_level,松江县 | 310227 | 上海市 | 国务院2月27日批复同意；国函〔1987〕16号 | 撤销松江县，设立松江区，以原松江县的行政区域为松江区的行政区域 | 上海市 | 松江区 | 310117,1998年中华人民共和国县级以上行政区划变更列表,https://zh.wikipedia.org/wiki/1998%E5%B9%B4%E4%B8%AD%E5%8D%8E%E4%BA%BA%E6%B0%91%E5%85%B1%E5%92%8C%E5%9B%BD%E5%8E%BF%E7%BA%A7%E4%BB%A5%E4%B8%8A%E8%A1%8C%E6%94%BF%E5%8C%BA%E5%88%92%E5%8F%98%E6%9B%B4%E5%88%97%E8%A1%A8,67074272,wikipedia_row_loose_relation,SRC-WIKI-1998,wikipedia,,revisioned_secondary
WIKI-COUNTY-1998-05-003,1998,其他县级行政区划变更列表 / 撤销县，设立市辖区,abolish_or_merge,北京市,CNUR-000001,顺义县、顺义区,顺义县,顺义区,撤销顺义县，设立顺义区，以原顺义县的行政区域为顺义区的行政区域,市辖区、县,county_level,顺义县 | 110222 | 北京市 | 国务院3月3日批复同意；国函〔1987〕17号 | 撤销顺义县，设立顺义区，以原顺义县的行政区域为顺义区的行政区域 | 北京市 | 顺义区 | 110113,1998年中华人民共和国县级以上行政区划变更列表,https://zh.wikipedia.org/wiki/1998%E5%B9%B4%E4%B8%AD%E5%8D%8E%E4%BA%BA%E6%B0%91%E5%85%B1%E5%92%8C%E5%9B%BD%E5%8E%BF%E7%BA%A7%E4%BB%A5%E4%B8%8A%E8%A1%8C%E6%94%BF%E5%8C%BA%E5%88%92%E5%8F%98%E6%9B%B4%E5%88%97%E8%A1%A8,67074272,wikipedia_row_loose_relation,SRC-WIKI-1998,wikipedia,,revisioned_secondary
WIKI-COUNTY-1998-05-004,1998,其他县级行政区划变更列表 / 撤销县，设立市辖区,abolish_or_merge,武汉市,CNUR-000169,新洲县、新洲区,新洲县,新洲区,撤销新洲县，设立武汉市新洲区，以原新洲县的行政区域为新洲区的行政区域,市辖区、县,county_level,新洲县 | 420124 | 湖北省武汉市 | 国务院9月15日批复同意；国函〔1987〕77号 | 撤销新洲县，设立武汉市新洲区，以原新洲县的行政区域为新洲区的行政区域 | 湖北省武汉市 | 新洲区 | 420117,1998年中华人民共和国县级以上行政区划变更列表,https://zh.wikipedia.org/wiki/1998%E5%B9%B4%E4%B8%AD%E5%8D%8E%E4%BA%BA%E6%B0%91%E5%85%B1%E5%92%8C%E5%9B%BD%E5%8E%BF%E7%BA%A7%E4%BB%A5%E4%B8%8A%E8%A1%8C%E6%94%BF%E5%8C%BA%E5%88%92%E5%8F%98%E6%9B%B4%E5%88%97%E8%A1%A8,67074272,wikipedia_row_loose_relation,SRC-WIKI-1998,wikipedia,,revisioned_secondary
WIKI-COUNTY-1998-05-005,1998,其他县级行政区划变更列表 / 撤销县，设立市辖区,abolish_or_merge,武汉市,CNUR-000169,黄陂县、黄陂区,黄陂县,黄陂区,撤销黄陂县，设立武汉市黄陂区，以原黄陂县的行政区域为黄陂区的行政区域,市辖区、县,county_level,湖北省武汉市 | 国务院9月15日批复同意；国函〔1987〕77号 | 湖北省武汉市 | 黄陂县 | 420123 | 撤销黄陂县，设立武汉市黄陂区，以原黄陂县的行政区域为黄陂区的行政区域 | 黄陂区 | 420116,1998年中华人民共和国县级以上行政区划变更列表,https://zh.wikipedia.org/wiki/1998%E5%B9%B4%E4%B8%AD%E5%8D%8E%E4%BA%BA%E6%B0%91%E5%85%B1%E5%92%8C%E5%9B%BD%E5%8E%BF%E7%BA%A7%E4%BB%A5%E4%B8%8A%E8%A1%8C%E6%94%BF%E5%8C%BA%E5%88%92%E5%8F%98%E6%9B%B4%E5%88%97%E8%A1%A8,67074272,wikipedia_row_loose_relation,SRC-WIKI-1998,wikipedia,,revisioned_secondary
WIKI-COUNTY-1998-06-002,1998,其他县级行政区划变更列表 / 撤销市辖区，设立县,abolish_or_merge,荆州市,CNUR-000177,江陵区、江陵县,江陵区,江陵县,撤销荆州市江陵区，设立江陵县，以原江陵区的行政区域为江陵县的行政区域,市辖区、县,county_level,江陵区 | 421004 | 湖北省荆州市 | 国务院批准；民政部7月2日批复；民行批〔1987〕26号 | 撤销荆州市江陵区，设立江陵县，以原江陵区的行政区域为江陵县的行政区域 | 湖北省荆州市 | 江陵县 | 421024,1998年中华人民共和国县级以上行政区划变更列表,https://zh.wikipedia.org/wiki/1998%E5%B9%B4%E4%B8%AD%E5%8D%8E%E4%BA%BA%E6%B0%91%E5%85%B1%E5%92%8C%E5%9B%BD%E5%8E%BF%E7%BA%A7%E4%BB%A5%E4%B8%8A%E8%A1%8C%E6%94%BF%E5%8C%BA%E5%88%92%E5%8F%98%E6%9B%B4%E5%88%97%E8%A1%A8,67074272,wikipedia_row_loose_relation,SRC-WIKI-1998,wikipedia,,revisioned_secondary
WIKI-COUNTY-1998-06-003,1998,其他县级行政区划变更列表 / 撤销市辖区，设立县,abolish_or_merge,荆门市,CNUR-000175,沙洋区、沙洋县,沙洋区,沙洋县,撤销荆门市沙洋区，设立沙洋县，以原沙洋区的行政区域为沙洋县的行政区域,市辖区、县,county_level,沙洋区 | 420803 | 湖北省荆门市 | 国务院批准；民政部12月9日批复；民行批〔1987〕49号 | 撤销荆门市沙洋区，设立沙洋县，以原沙洋区的行政区域为沙洋县的行政区域 | 湖北省荆门市 | 沙洋县 | 420822,1998年中华人民共和国县级以上行政区划变更列表,https://zh.wikipedia.org/wiki/1998%E5%B9%B4%E4%B8%AD%E5%8D%8E%E4%BA%BA%E6%B0%91%E5%85%B1%E5%92%8C%E5%9B%BD%E5%8E%BF%E7%BA%A7%E4%BB%A5%E4%B8%8A%E8%A1%8C%E6%94%BF%E5%8C%BA%E5%88%92%E5%8F%98%E6%9B%B4%E5%88%97%E8%A1%A8,67074272,wikipedia_row_loose_relation,SRC-WIKI-1998,wikipedia,,revisioned_secondary
WIKI-COUNTY-1998-07-002,1998,其他县级行政区划变更列表 / 县级行政区划行政隶属变更,jurisdiction_transfer,昆明市、曲靖市,CNUR-000266、CNUR-000267,寻甸回族彝族自治县,寻甸回族彝族自治县,,将曲靖市的寻甸回族彝族自治县划归昆明市管辖,自治县、县,county_level,寻甸回族彝族自治县 | 530327 | 云南省曲靖市 | 国务院12月6日批复同意；国函〔1998〕104号 | 将曲靖市的寻甸回族彝族自治县划归昆明市管辖 | 云南省昆明市 | 530129,1998年中华人民共和国县级以上行政区划变更列表,https://zh.wikipedia.org/wiki/1998%E5%B9%B4%E4%B8%AD%E5%8D%8E%E4%BA%BA%E6%B0%91%E5%85%B1%E5%92%8C%E5%9B%BD%E5%8E%BF%E7%BA%A7%E4%BB%A5%E4%B8%8A%E8%A1%8C%E6%94%BF%E5%8C%BA%E5%88%92%E5%8F%98%E6%9B%B4%E5%88%97%E8%A1%A8,67074272,wikipedia_row_loose_relation,SRC-WIKI-1998,wikipedia,,revisioned_secondary
WIKI-COUNTY-1998-08-002,1998,其他县级行政区划变更列表 / 县级行政区划更名,rename,宜昌市,CNUR-000172,,,,将枝城市更名为宜都市,,untyped_county_record,枝城市 | 420581 | 湖北省直辖；宜昌市代管 | 国务院批准；民政部6月11日批复；民行批〔1998〕21号 | 将枝城市更名为宜都市 | 宜都市,1998年中华人民共和国县级以上行政区划变更列表,https://zh.wikipedia.org/wiki/1998%E5%B9%B4%E4%B8%AD%E5%8D%8E%E4%BA%BA%E6%B0%91%E5%85%B1%E5%92%8C%E5%9B%BD%E5%8E%BF%E7%BA%A7%E4%BB%A5%E4%B8%8A%E8%A1%8C%E6%94%BF%E5%8C%BA%E5%88%92%E5%8F%98%E6%9B%B4%E5%88%97%E8%A1%A8,67074272,wikipedia_row_loose_relation,SRC-WIKI-1998,wikipedia,,revisioned_secondary
WIKI-COUNTY-1998-08-003,1998,其他县级行政区划变更列表 / 县级行政区划更名,rename,咸宁地区,CNUR-000179,,,,将蒲圻市更名为赤壁市,,untyped_county_record,蒲圻市 | 422302 | 湖北省咸宁地区 | 国务院批准；民政部6月11日批复；民行批〔1998〕22号 | 将蒲圻市更名为赤壁市 | 赤壁市,1998年中华人民共和国县级以上行政区划变更列表,https://zh.wikipedia.org/wiki/1998%E5%B9%B4%E4%B8%AD%E5%8D%8E%E4%BA%BA%E6%B0%91%E5%85%B1%E5%92%8C%E5%9B%BD%E5%8E%BF%E7%BA%A7%E4%BB%A5%E4%B8%8A%E8%A1%8C%E6%94%BF%E5%8C%BA%E5%88%92%E5%8F%98%E6%9B%B4%E5%88%97%E8%A1%A8,67074272,wikipedia_row_loose_relation,SRC-WIKI-1998,wikipedia,,revisioned_secondary
WIKI-COUNTY-1998-08-004,1998,其他县级行政区划变更列表 / 县级行政区划更名,rename,重庆市,CNUR-000235,万县区、万州区,万县区,万州区,将万县区更名为万州区,市辖区、县,county_level,万县区 | 500101 | 重庆市 | 国务院5月22日批复同意；国函〔1998〕37号 | 将万县区更名为万州区 | 万州区,1998年中华人民共和国县级以上行政区划变更列表,https://zh.wikipedia.org/wiki/1998%E5%B9%B4%E4%B8%AD%E5%8D%8E%E4%BA%BA%E6%B0%91%E5%85%B1%E5%92%8C%E5%9B%BD%E5%8E%BF%E7%BA%A7%E4%BB%A5%E4%B8%8A%E8%A1%8C%E6%94%BF%E5%8C%BA%E5%88%92%E5%8F%98%E6%9B%B4%E5%88%97%E8%A1%A8,67074272,wikipedia_row_loose_relation,SRC-WIKI-1998,wikipedia,,revisioned_secondary
WIKI-COUNTY-1998-08-005,1998,其他县级行政区划变更列表 / 县级行政区划更名,rename,昆明市,CNUR-000266,路南彝族自治县、石林彝族自治县,路南彝族自治县,石林彝族自治县,将路南彝族自治县更名为石林彝族自治县,自治县、县,county_level,路南彝族自治县 | 530126 | 云南省昆明市 | 国务院批准；民政部10月8日批复；民行批〔1998〕45号 | 将路南彝族自治县更名为石林彝族自治县 | 石林彝族自治县,1998年中华人民共和国县级以上行政区划变更列表,https://zh.wikipedia.org/wiki/1998%E5%B9%B4%E4%B8%AD%E5%8D%8E%E4%BA%BA%E6%B0%91%E5%85%B1%E5%92%8C%E5%9B%BD%E5%8E%BF%E7%BA%A7%E4%BB%A5%E4%B8%8A%E8%A1%8C%E6%94%BF%E5%8C%BA%E5%88%92%E5%8F%98%E6%9B%B4%E5%88%97%E8%A1%A8,67074272,wikipedia_row_loose_relation,SRC-WIKI-1998,wikipedia,,revisioned_secondary
WIKI-COUNTY-1998-09-002,1998,其他县级行政区划变更列表 / 县级行政区划行政机构迁移,residence_change,三门峡市,CNUR-000163,陕县,陕县,,将陕县人民政府驻地由三门峡市市区迁至陕县大营镇,县,county_level,陕县 | 411222 | 河南省三门峡市 | 国务院批准；民政部3月9日批复；民行批〔1998〕7号 | 将陕县人民政府驻地由三门峡市市区迁至陕县大营镇,1998年中华人民共和国县级以上行政区划变更列表,https://zh.wikipedia.org/wiki/1998%E5%B9%B4%E4%B8%AD%E5%8D%8E%E4%BA%BA%E6%B0%91%E5%85%B1%E5%92%8C%E5%9B%BD%E5%8E%BF%E7%BA%A7%E4%BB%A5%E4%B8%8A%E8%A1%8C%E6%94%BF%E5%8C%BA%E5%88%92%E5%8F%98%E6%9B%B4%E5%88%97%E8%A1%A8,67074272,wikipedia_row_loose_relation,SRC-WIKI-1998,wikipedia,,revisioned_secondary
WIKI-COUNTY-1998-09-003,1998,其他县级行政区划变更列表 / 县级行政区划行政机构迁移,residence_change,德宏傣族景颇族自治州,CNUR-000279,陇川县,陇川县,,将陇川县人民政府驻地由城子镇迁至章凤镇,县,county_level,陇川县 | 533124 | 云南省德宏傣族景颇族自治州 | 国务院批准；民政部4月29日批复；民行批〔1998〕11号 | 将陇川县人民政府驻地由城子镇迁至章凤镇,1998年中华人民共和国县级以上行政区划变更列表,https://zh.wikipedia.org/wiki/1998%E5%B9%B4%E4%B8%AD%E5%8D%8E%E4%BA%BA%E6%B0%91%E5%85%B1%E5%92%8C%E5%9B%BD%E5%8E%BF%E7%BA%A7%E4%BB%A5%E4%B8%8A%E8%A1%8C%E6%94%BF%E5%8C%BA%E5%88%92%E5%8F%98%E6%9B%B4%E5%88%97%E8%A1%A8,67074272,wikipedia_row_loose_relation,SRC-WIKI-1998,wikipedia,,revisioned_secondary
WIKI-COUNTY-1998-09-004,1998,其他县级行政区划变更列表 / 县级行政区划行政机构迁移,residence_change,安庆市,CNUR-000105,怀宁县,怀宁县,,将怀宁县人民政府驻地由石牌镇迁至高河镇,县,county_level,怀宁县 | 340822 | 安徽省安庆市 | 国务院批准；民政部9月25日批复；民行批〔1998〕41号 | 将怀宁县人民政府驻地由石牌镇迁至高河镇,1998年中华人民共和国县级以上行政区划变更列表,https://zh.wikipedia.org/wiki/1998%E5%B9%B4%E4%B8%AD%E5%8D%8E%E4%BA%BA%E6%B0%91%E5%85%B1%E5%92%8C%E5%9B%BD%E5%8E%BF%E7%BA%A7%E4%BB%A5%E4%B8%8A%E8%A1%8C%E6%94%BF%E5%8C%BA%E5%88%92%E5%8F%98%E6%9B%B4%E5%88%97%E8%A1%A8,67074272,wikipedia_row_loose_relation,SRC-WIKI-1998,wikipedia,,revisioned_secondary
WIKI-COUNTY-1998-09-005,1998,其他县级行政区划变更列表 / 县级行政区划行政机构迁移,residence_change,红河哈尼族彝族自治州,CNUR-000275,元阳县,元阳县,,将陇川县人民政府驻地由新街镇迁至南沙镇,县,county_level,元阳县 | 532528 | 云南省红河哈尼族彝族自治州 | 国务院批准；民政部12月19日批复；民行批〔1998〕52号 | 将陇川县人民政府驻地由新街镇迁至南沙镇,1998年中华人民共和国县级以上行政区划变更列表,https://zh.wikipedia.org/wiki/1998%E5%B9%B4%E4%B8%AD%E5%8D%8E%E4%BA%BA%E6%B0%91%E5%85%B1%E5%92%8C%E5%9B%BD%E5%8E%BF%E7%BA%A7%E4%BB%A5%E4%B8%8A%E8%A1%8C%E6%94%BF%E5%8C%BA%E5%88%92%E5%8F%98%E6%9B%B4%E5%88%97%E8%A1%A8,67074272,wikipedia_row_loose_relation,SRC-WIKI-1998,wikipedia,,revisioned_secondary
WIKI-COUNTY-1999-04-002,1999,其他县级行政区划变更列表 / 撤销县，设立市辖区,abolish_or_merge,北京市,CNUR-000001,昌平县、昌平区,昌平县,昌平区,撤销昌平县，设立昌平区，以原县级昌平县的行政区域为昌平区的行政区域,市辖区、县,county_level,昌平县 | 110221 | 北京市 | 9月16日中华人民共和国国务院同意；国函〔1999〕112号 | 撤销昌平县，设立昌平区，以原县级昌平县的行政区域为昌平区的行政区域 | 昌平区 | 110114,1999年中华人民共和国县级以上行政区划变更列表,https://zh.wikipedia.org/wiki/1999%E5%B9%B4%E4%B8%AD%E5%8D%8E%E4%BA%BA%E6%B0%91%E5%85%B1%E5%92%8C%E5%9B%BD%E5%8E%BF%E7%BA%A7%E4%BB%A5%E4%B8%8A%E8%A1%8C%E6%94%BF%E5%8C%BA%E5%88%92%E5%8F%98%E6%9B%B4%E5%88%97%E8%A1%A8,89282870,wikipedia_row_loose_relation,SRC-WIKI-1999,wikipedia,,revisioned_secondary
WIKI-COUNTY-1999-04-003,1999,其他县级行政区划变更列表 / 撤销县，设立市辖区,abolish_or_merge,上海市,CNUR-000073,青浦县、青浦区,青浦县,青浦区,撤销青浦县，设立青浦区，以原县级青浦县的行政区域为青浦区的行政区域,市辖区、县,county_level,青浦县 | 310229 | 上海市 | 9月16日中华人民共和国国务院同意；国函〔1999〕113号 | 撤销青浦县，设立青浦区，以原县级青浦县的行政区域为青浦区的行政区域 | 青浦区 | 310118,1999年中华人民共和国县级以上行政区划变更列表,https://zh.wikipedia.org/wiki/1999%E5%B9%B4%E4%B8%AD%E5%8D%8E%E4%BA%BA%E6%B0%91%E5%85%B1%E5%92%8C%E5%9B%BD%E5%8E%BF%E7%BA%A7%E4%BB%A5%E4%B8%8A%E8%A1%8C%E6%94%BF%E5%8C%BA%E5%88%92%E5%8F%98%E6%9B%B4%E5%88%97%E8%A1%A8,89282870,wikipedia_row_loose_relation,SRC-WIKI-1999,wikipedia,,revisioned_secondary
WIKI-COUNTY-1999-05-002,1999,其他县级行政区划变更列表 / 撤销特区，设立县,abolish_or_merge,六盘水市,CNUR-000258,盘县特区、盘县,盘县特区,盘县,撤销盘县特区，设立盘县，以原县级盘县特区的行政区域为盘县的行政区域,市辖区、特区、县,county_level,盘县特区 | 520202 | 贵州省六盘水市 | 中华人民共和国国务院批准；2月28日中华人民共和国民政部批复；民行批〔1999〕16号 | 撤销盘县特区，设立盘县，以原县级盘县特区的行政区域为盘县的行政区域 | 盘县 | 520222,1999年中华人民共和国县级以上行政区划变更列表,https://zh.wikipedia.org/wiki/1999%E5%B9%B4%E4%B8%AD%E5%8D%8E%E4%BA%BA%E6%B0%91%E5%85%B1%E5%92%8C%E5%9B%BD%E5%8E%BF%E7%BA%A7%E4%BB%A5%E4%B8%8A%E8%A1%8C%E6%94%BF%E5%8C%BA%E5%88%92%E5%8F%98%E6%9B%B4%E5%88%97%E8%A1%A8,89282870,wikipedia_row_loose_relation,SRC-WIKI-1999,wikipedia,,revisioned_secondary
WIKI-COUNTY-1999-06-002,1999,其他县级行政区划变更列表 / 县级行政区划行政隶属变更,jurisdiction_transfer,海东地区、西宁市,CNUR-000314、CNUR-000313,湟中县,湟中县,,将海东地区的湟中县、湟源县划归西宁市管辖,县,county_level,湟中县 | 632124 | 青海省海东地区 | 12月5日中华人民共和国国务院同意；国函〔1999〕142号 | 将海东地区的湟中县、湟源县划归西宁市管辖 | 青海省西宁市 | 630122,1999年中华人民共和国县级以上行政区划变更列表,https://zh.wikipedia.org/wiki/1999%E5%B9%B4%E4%B8%AD%E5%8D%8E%E4%BA%BA%E6%B0%91%E5%85%B1%E5%92%8C%E5%9B%BD%E5%8E%BF%E7%BA%A7%E4%BB%A5%E4%B8%8A%E8%A1%8C%E6%94%BF%E5%8C%BA%E5%88%92%E5%8F%98%E6%9B%B4%E5%88%97%E8%A1%A8,89282870,wikipedia_row_loose_relation,SRC-WIKI-1999,wikipedia,,revisioned_secondary
WIKI-COUNTY-1999-06-003,1999,其他县级行政区划变更列表 / 县级行政区划行政隶属变更,jurisdiction_transfer,海东地区、西宁市,CNUR-000314、CNUR-000313,湟源县,湟源县,,青海省海东地区 | 12月5日中华人民共和国国务院同意；国函〔1999〕142号 | 将海东地区的湟中县、湟源县划归西宁市管辖 | 青海省西宁市 | 湟源县 | 632125 | 630123,县,county_level,青海省海东地区 | 12月5日中华人民共和国国务院同意；国函〔1999〕142号 | 将海东地区的湟中县、湟源县划归西宁市管辖 | 青海省西宁市 | 湟源县 | 632125 | 630123,1999年中华人民共和国县级以上行政区划变更列表,https://zh.wikipedia.org/wiki/1999%E5%B9%B4%E4%B8%AD%E5%8D%8E%E4%BA%BA%E6%B0%91%E5%85%B1%E5%92%8C%E5%9B%BD%E5%8E%BF%E7%BA%A7%E4%BB%A5%E4%B8%8A%E8%A1%8C%E6%94%BF%E5%8C%BA%E5%88%92%E5%8F%98%E6%9B%B4%E5%88%97%E8%A1%A8,89282870,wikipedia_row_loose_relation,SRC-WIKI-1999,wikipedia,,revisioned_secondary
WIKI-COUNTY-1999-07-002,1999,其他县级行政区划变更列表 / 县级行政区划更名,rename,抚顺市,CNUR-000040,露天区、东洲区,露天区,东洲区,将抚顺市露天区更名为东洲区,市辖区,county_level,露天区 | 210403 | 辽宁省抚顺市 | 中华人民共和国国务院批准；6月16日中华人民共和国民政部批复；民行批〔1999〕43号 | 将抚顺市露天区更名为东洲区 | 东洲区,1999年中华人民共和国县级以上行政区划变更列表,https://zh.wikipedia.org/wiki/1999%E5%B9%B4%E4%B8%AD%E5%8D%8E%E4%BA%BA%E6%B0%91%E5%85%B1%E5%92%8C%E5%9B%BD%E5%8E%BF%E7%BA%A7%E4%BB%A5%E4%B8%8A%E8%A1%8C%E6%94%BF%E5%8C%BA%E5%88%92%E5%8F%98%E6%9B%B4%E5%88%97%E8%A1%A8,89282870,wikipedia_row_loose_relation,SRC-WIKI-1999,wikipedia,,revisioned_secondary
WIKI-COUNTY-1999-07-003,1999,其他县级行政区划变更列表 / 县级行政区划更名,rename,嘉兴市,CNUR-000090,郊区、秀洲区,郊区,秀洲区,将嘉兴市郊区更名为秀洲区,市辖区,county_level,郊区 | 330411 | 浙江省嘉兴市 | 中华人民共和国国务院批准；6月21日中华人民共和国民政部批复；民行批〔1999〕44号 | 将嘉兴市郊区更名为秀洲区 | 秀洲区,1999年中华人民共和国县级以上行政区划变更列表,https://zh.wikipedia.org/wiki/1999%E5%B9%B4%E4%B8%AD%E5%8D%8E%E4%BA%BA%E6%B0%91%E5%85%B1%E5%92%8C%E5%9B%BD%E5%8E%BF%E7%BA%A7%E4%BB%A5%E4%B8%8A%E8%A1%8C%E6%94%BF%E5%8C%BA%E5%88%92%E5%8F%98%E6%9B%B4%E5%88%97%E8%A1%A8,89282870,wikipedia_row_loose_relation,SRC-WIKI-1999,wikipedia,,revisioned_secondary
WIKI-COUNTY-1999-07-004,1999,其他县级行政区划变更列表 / 县级行政区划更名,rename,包头市,CNUR-000026,郊区、九原区,郊区,九原区,将包头市郊区更名为九原区、石拐矿区更名为石拐区,市辖区,county_level,郊区 | 150207 | 内蒙古自治区包头市 | 中华人民共和国国务院批准；8月10日中华人民共和国民政部批复；民发〔1999〕22号 | 将包头市郊区更名为九原区、石拐矿区更名为石拐区 | 九原区,1999年中华人民共和国县级以上行政区划变更列表,https://zh.wikipedia.org/wiki/1999%E5%B9%B4%E4%B8%AD%E5%8D%8E%E4%BA%BA%E6%B0%91%E5%85%B1%E5%92%8C%E5%9B%BD%E5%8E%BF%E7%BA%A7%E4%BB%A5%E4%B8%8A%E8%A1%8C%E6%94%BF%E5%8C%BA%E5%88%92%E5%8F%98%E6%9B%B4%E5%88%97%E8%A1%A8,89282870,wikipedia_row_loose_relation,SRC-WIKI-1999,wikipedia,,revisioned_secondary
WIKI-COUNTY-1999-07-005,1999,其他县级行政区划变更列表 / 县级行政区划更名,rename,包头市,CNUR-000026,石拐矿区、石拐区,石拐矿区,石拐区,内蒙古自治区包头市 | 中华人民共和国国务院批准；8月10日中华人民共和国民政部批复；民发〔1999〕22号 | 将包头市郊区更名为九原区、石拐矿区更名为石拐区 | 石拐矿区 | 150205 | 石拐区,市辖区,county_level,内蒙古自治区包头市 | 中华人民共和国国务院批准；8月10日中华人民共和国民政部批复；民发〔1999〕22号 | 将包头市郊区更名为九原区、石拐矿区更名为石拐区 | 石拐矿区 | 150205 | 石拐区,1999年中华人民共和国县级以上行政区划变更列表,https://zh.wikipedia.org/wiki/1999%E5%B9%B4%E4%B8%AD%E5%8D%8E%E4%BA%BA%E6%B0%91%E5%85%B1%E5%92%8C%E5%9B%BD%E5%8E%BF%E7%BA%A7%E4%BB%A5%E4%B8%8A%E8%A1%8C%E6%94%BF%E5%8C%BA%E5%88%92%E5%8F%98%E6%9B%B4%E5%88%97%E8%A1%A8,89282870,wikipedia_row_loose_relation,SRC-WIKI-1999,wikipedia,,revisioned_secondary
WIKI-COUNTY-1999-07-006,1999,其他县级行政区划变更列表 / 县级行政区划更名,rename,乌鲁木齐市、包头市,CNUR-000326、CNUR-000026,南山矿区、南泉区,南山矿区,南泉区,将乌鲁木齐市南山矿区更名为南泉区,市辖区,county_level,内蒙古自治区包头市 | 中华人民共和国国务院批准；8月10日中华人民共和国民政部批复；民发〔1999〕22号 | 将包头市郊区更名为九原区、石拐矿区更名为石拐区 | 南山矿区 | 650107 | 新疆维吾尔自治区乌鲁木齐市 | 中华人民共和国国务院批准；8月10日中华人民共和国民政部批复；民发〔1999〕23号 | 将乌鲁木齐市南山矿区更名为南泉区 | 南泉区,1999年中华人民共和国县级以上行政区划变更列表,https://zh.wikipedia.org/wiki/1999%E5%B9%B4%E4%B8%AD%E5%8D%8E%E4%BA%BA%E6%B0%91%E5%85%B1%E5%92%8C%E5%9B%BD%E5%8E%BF%E7%BA%A7%E4%BB%A5%E4%B8%8A%E8%A1%8C%E6%94%BF%E5%8C%BA%E5%88%92%E5%8F%98%E6%9B%B4%E5%88%97%E8%A1%A8,89282870,wikipedia_row_loose_relation,SRC-WIKI-1999,wikipedia,,revisioned_secondary
WIKI-COUNTY-1999-08-002,1999,其他县级行政区划变更列表 / 县级行政区划行政机构迁移,residence_change,江门市,CNUR-000202,,,,将开平市人民政府驻地由三埠街道长沙沿江东路135号迁至长沙街道长沙光华路1号,,untyped_county_record,开平市 | 440783 | 广东省江门市 | 中华人民共和国国务院批准；6月21日中华人民共和国民政部批复；民行批〔1999〕45号 | 将开平市人民政府驻地由三埠街道长沙沿江东路135号迁至长沙街道长沙光华路1号,1999年中华人民共和国县级以上行政区划变更列表,https://zh.wikipedia.org/wiki/1999%E5%B9%B4%E4%B8%AD%E5%8D%8E%E4%BA%BA%E6%B0%91%E5%85%B1%E5%92%8C%E5%9B%BD%E5%8E%BF%E7%BA%A7%E4%BB%A5%E4%B8%8A%E8%A1%8C%E6%94%BF%E5%8C%BA%E5%88%92%E5%8F%98%E6%9B%B4%E5%88%97%E8%A1%A8,89282870,wikipedia_row_loose_relation,SRC-WIKI-1999,wikipedia,,revisioned_secondary
WIKI-COUNTY-1999-09-002,1999,其他县级行政区划变更列表 / 撤销县和县级市,jurisdiction_transfer,德宏傣族景颇族自治州,CNUR-000279,畹町市、瑞丽市,畹町市,瑞丽市,撤销县级畹町市，将其管辖的乡镇划归瑞丽市管辖,县,county_level,畹町市 | 533100 | 云南省德宏傣族景颇族自治州 | 1月2日中华人民共和国国务院同意；国函〔1999〕1号 | 撤销县级畹町市，将其管辖的乡镇划归瑞丽市管辖 | 瑞丽市管辖,1999年中华人民共和国县级以上行政区划变更列表,https://zh.wikipedia.org/wiki/1999%E5%B9%B4%E4%B8%AD%E5%8D%8E%E4%BA%BA%E6%B0%91%E5%85%B1%E5%92%8C%E5%9B%BD%E5%8E%BF%E7%BA%A7%E4%BB%A5%E4%B8%8A%E8%A1%8C%E6%94%BF%E5%8C%BA%E5%88%92%E5%8F%98%E6%9B%B4%E5%88%97%E8%A1%A8,89282870,wikipedia_row_loose_relation,SRC-WIKI-1999,wikipedia,,revisioned_secondary
WIKI-COUNTY-1999-09-003,1999,其他县级行政区划变更列表 / 撤销县和县级市,abolish_or_merge,阿里地区,CNUR-000288,隆格尔县、仲巴县,隆格尔县,仲巴县,撤销隆格尔、盐井、碧土、妥坝、生达五县,县,county_level,隆格尔县 | 542528 | 西藏自治区阿里地区 | 中华人民共和国国务院批准；9月21日中华人民共和国民政部批复；民发〔1999〕54号 | 撤销隆格尔、盐井、碧土、妥坝、生达五县 | 仲巴县管辖,1999年中华人民共和国县级以上行政区划变更列表,https://zh.wikipedia.org/wiki/1999%E5%B9%B4%E4%B8%AD%E5%8D%8E%E4%BA%BA%E6%B0%91%E5%85%B1%E5%92%8C%E5%9B%BD%E5%8E%BF%E7%BA%A7%E4%BB%A5%E4%B8%8A%E8%A1%8C%E6%94%BF%E5%8C%BA%E5%88%92%E5%8F%98%E6%9B%B4%E5%88%97%E8%A1%A8,89282870,wikipedia_row_loose_relation,SRC-WIKI-1999,wikipedia,,revisioned_secondary
WIKI-COUNTY-1999-09-004,1999,其他县级行政区划变更列表 / 撤销县和县级市,abolish_or_merge,昌都地区,CNUR-000284,盐井县、芒康县,盐井县,,芒康县管辖,县,county_level,中华人民共和国国务院批准；9月21日中华人民共和国民政部批复；民发〔1999〕54号 | 撤销隆格尔、盐井、碧土、妥坝、生达五县 | 盐井县 | 542134 | 西藏自治区昌都地区 | 芒康县管辖,1999年中华人民共和国县级以上行政区划变更列表,https://zh.wikipedia.org/wiki/1999%E5%B9%B4%E4%B8%AD%E5%8D%8E%E4%BA%BA%E6%B0%91%E5%85%B1%E5%92%8C%E5%9B%BD%E5%8E%BF%E7%BA%A7%E4%BB%A5%E4%B8%8A%E8%A1%8C%E6%94%BF%E5%8C%BA%E5%88%92%E5%8F%98%E6%9B%B4%E5%88%97%E8%A1%A8,89282870,wikipedia_row_loose_relation,SRC-WIKI-1999,wikipedia,,revisioned_secondary
WIKI-COUNTY-1999-09-005,1999,其他县级行政区划变更列表 / 撤销县和县级市,abolish_or_merge,昌都地区,CNUR-000284,碧土县、左贡县、察隅县,碧土县,,左贡县、察隅县管辖,县,county_level,中华人民共和国国务院批准；9月21日中华人民共和国民政部批复；民发〔1999〕54号 | 撤销隆格尔、盐井、碧土、妥坝、生达五县 | 西藏自治区昌都地区 | 碧土县 | 542135 | 左贡县、察隅县管辖,1999年中华人民共和国县级以上行政区划变更列表,https://zh.wikipedia.org/wiki/1999%E5%B9%B4%E4%B8%AD%E5%8D%8E%E4%BA%BA%E6%B0%91%E5%85%B1%E5%92%8C%E5%9B%BD%E5%8E%BF%E7%BA%A7%E4%BB%A5%E4%B8%8A%E8%A1%8C%E6%94%BF%E5%8C%BA%E5%88%92%E5%8F%98%E6%9B%B4%E5%88%97%E8%A1%A8,89282870,wikipedia_row_loose_relation,SRC-WIKI-1999,wikipedia,,revisioned_secondary
WIKI-COUNTY-1999-09-006,1999,其他县级行政区划变更列表 / 撤销县和县级市,abolish_or_merge,昌都地区,CNUR-000284,妥坝县、昌都县、察雅县、江达县,妥坝县,,昌都县、察雅县、江达县管辖,县,county_level,中华人民共和国国务院批准；9月21日中华人民共和国民政部批复；民发〔1999〕54号 | 撤销隆格尔、盐井、碧土、妥坝、生达五县 | 西藏自治区昌都地区 | 妥坝县 | 542136 | 昌都县、察雅县、江达县管辖,1999年中华人民共和国县级以上行政区划变更列表,https://zh.wikipedia.org/wiki/1999%E5%B9%B4%E4%B8%AD%E5%8D%8E%E4%BA%BA%E6%B0%91%E5%85%B1%E5%92%8C%E5%9B%BD%E5%8E%BF%E7%BA%A7%E4%BB%A5%E4%B8%8A%E8%A1%8C%E6%94%BF%E5%8C%BA%E5%88%92%E5%8F%98%E6%9B%B4%E5%88%97%E8%A1%A8,89282870,wikipedia_row_loose_relation,SRC-WIKI-1999,wikipedia,,revisioned_secondary
WIKI-COUNTY-1999-09-007,1999,其他县级行政区划变更列表 / 撤销县和县级市,abolish_or_merge,昌都地区,CNUR-000284,生达县、昌都县、江达县,生达县,,昌都县、江达县管辖,县,county_level,中华人民共和国国务院批准；9月21日中华人民共和国民政部批复；民发〔1999〕54号 | 撤销隆格尔、盐井、碧土、妥坝、生达五县 | 西藏自治区昌都地区 | 生达县 | 542137 | 昌都县、江达县管辖,1999年中华人民共和国县级以上行政区划变更列表,https://zh.wikipedia.org/wiki/1999%E5%B9%B4%E4%B8%AD%E5%8D%8E%E4%BA%BA%E6%B0%91%E5%85%B1%E5%92%8C%E5%9B%BD%E5%8E%BF%E7%BA%A7%E4%BB%A5%E4%B8%8A%E8%A1%8C%E6%94%BF%E5%8C%BA%E5%88%92%E5%8F%98%E6%9B%B4%E5%88%97%E8%A1%A8,89282870,wikipedia_row_loose_relation,SRC-WIKI-1999,wikipedia,,revisioned_secondary
WIKI-COUNTY-2000-01-002,2000,列表 / 县级单位调整,rename,苏州市,CNUR-000078,郊区、虎丘区,郊区,虎丘区,江苏省苏州市郊区更名为虎丘区,市辖区,county_level,郊区 | 江苏省苏州市 | 1月5日 | 江苏省苏州市郊区更名为虎丘区 | 虎丘区,2000年中华人民共和国县级以上行政区划变更列表,https://zh.wikipedia.org/wiki/2000%E5%B9%B4%E4%B8%AD%E5%8D%8E%E4%BA%BA%E6%B0%91%E5%85%B1%E5%92%8C%E5%9B%BD%E5%8E%BF%E7%BA%A7%E4%BB%A5%E4%B8%8A%E8%A1%8C%E6%94%BF%E5%8C%BA%E5%88%92%E5%8F%98%E6%9B%B4%E5%88%97%E8%A1%A8,67074265,wikipedia_row_loose_relation,SRC-WIKI-2000,wikipedia,,revisioned_secondary
WIKI-COUNTY-2000-01-003,2000,列表 / 县级单位调整,rename,铜川市,CNUR-000290,城区、王益区,城区,王益区,陕西省铜川市城区更名为王益区,市辖区,county_level,城区 | 陕西省铜川市 | 1月7日 | 陕西省铜川市城区更名为王益区 | 王益区,2000年中华人民共和国县级以上行政区划变更列表,https://zh.wikipedia.org/wiki/2000%E5%B9%B4%E4%B8%AD%E5%8D%8E%E4%BA%BA%E6%B0%91%E5%85%B1%E5%92%8C%E5%9B%BD%E5%8E%BF%E7%BA%A7%E4%BB%A5%E4%B8%8A%E8%A1%8C%E6%94%BF%E5%8C%BA%E5%88%92%E5%8F%98%E6%9B%B4%E5%88%97%E8%A1%A8,67074265,wikipedia_row_loose_relation,SRC-WIKI-2000,wikipedia,,revisioned_secondary
WIKI-COUNTY-2000-01-004,2000,列表 / 县级单位调整,rename,铜川市,CNUR-000290,郊区、印台区,郊区,印台区,郊区更名为印台区,市辖区,county_level,陕西省铜川市 | 1月7日 | 郊区 | 郊区更名为印台区 | 印台区,2000年中华人民共和国县级以上行政区划变更列表,https://zh.wikipedia.org/wiki/2000%E5%B9%B4%E4%B8%AD%E5%8D%8E%E4%BA%BA%E6%B0%91%E5%85%B1%E5%92%8C%E5%9B%BD%E5%8E%BF%E7%BA%A7%E4%BB%A5%E4%B8%8A%E8%A1%8C%E6%94%BF%E5%8C%BA%E5%88%92%E5%8F%98%E6%9B%B4%E5%88%97%E8%A1%A8,67074265,wikipedia_row_loose_relation,SRC-WIKI-2000,wikipedia,,revisioned_secondary
WIKI-COUNTY-2000-01-005,2000,列表 / 县级单位调整,rename,泰安市、铜川市,CNUR-000143、CNUR-000290,郊区、岱岳区,郊区,岱岳区,山东省泰安市郊区更名为岱岳区,市辖区,county_level,陕西省铜川市 | 1月7日 | 郊区 | 山东省泰安市 | 4月19日 | 山东省泰安市郊区更名为岱岳区 | 岱岳区,2000年中华人民共和国县级以上行政区划变更列表,https://zh.wikipedia.org/wiki/2000%E5%B9%B4%E4%B8%AD%E5%8D%8E%E4%BA%BA%E6%B0%91%E5%85%B1%E5%92%8C%E5%9B%BD%E5%8E%BF%E7%BA%A7%E4%BB%A5%E4%B8%8A%E8%A1%8C%E6%94%BF%E5%8C%BA%E5%88%92%E5%8F%98%E6%9B%B4%E5%88%97%E8%A1%A8,67074265,wikipedia_row_loose_relation,SRC-WIKI-2000,wikipedia,,revisioned_secondary
WIKI-COUNTY-2000-01-006,2000,列表 / 县级单位调整,rename,呼和浩特市,CNUR-000025,郊区、赛罕区,郊区,赛罕区,内蒙古自治区呼和浩特郊区更名为赛罕区；将原郊区的三个乡，巴彦镇的8个村委会，巧报乡的4个村委会划入新城区；将原郊区的攸攸板乡、西菜园乡的金龙居委会和9个村委会划入回民区；将原郊区的桃花、小黑河，西菜园乡的5个居委会和13个村委会划入玉泉区；将原新城区的人民路、大学西路2个街道办事处，；中山东路街道办事处位于健康街、乌兰察布西路以南的部分，；东风路街道办事处和迎新路街道办事处位于东风路以南的部分划入赛罕区,市辖区,county_level,郊区 | 内蒙古自治区呼和浩特市 | 5月14日 | 内蒙古自治区呼和浩特郊区更名为赛罕区；将原郊区的三个乡，巴彦镇的8个村委会，巧报乡的4个村委会划入新城区；将原郊区的攸攸板乡、西菜园乡的金龙居委会和9个村委会划入回民区；将原郊区的桃花、小黑河，西菜园乡的5个居委会和13个村委会划入玉泉区；将原新城区的人民路、大学西路2个街道办事处，；中山东路街道办事处位于健康街、乌兰察布西路以南的部分，；东风路街道办事处和迎新路街道办事处位于东风路以南的部分划入赛罕区 | 赛罕区,2000年中华人民共和国县级以上行政区划变更列表,https://zh.wikipedia.org/wiki/2000%E5%B9%B4%E4%B8%AD%E5%8D%8E%E4%BA%BA%E6%B0%91%E5%85%B1%E5%92%8C%E5%9B%BD%E5%8E%BF%E7%BA%A7%E4%BB%A5%E4%B8%8A%E8%A1%8C%E6%94%BF%E5%8C%BA%E5%88%92%E5%8F%98%E6%9B%B4%E5%88%97%E8%A1%A8,67074265,wikipedia_row_loose_relation,SRC-WIKI-2000,wikipedia,,revisioned_secondary
WIKI-COUNTY-2000-01-007,2000,列表 / 县级单位调整,jurisdiction_transfer,洛阳市,CNUR-000154,郊区、洛龙区,郊区,洛龙区,河南省洛阳市郊区更名为洛龙区；将原郊区的工农乡、孙旗屯乡划归涧西区管辖；将原郊区的红山乡和洛北乡的8个村划归西工区管辖；将原郊区的邙山镇和洛北乡的新生村、工农村、烧沟村、岳村划归老城区管辖；将原郊区的瀍河回族乡划归瀍河回族区管辖；西工区的安乐街道划归洛龙区管辖,市辖区、旗,county_level,郊区 | 河南省洛阳市 | 5月20日 | 河南省洛阳市郊区更名为洛龙区；将原郊区的工农乡、孙旗屯乡划归涧西区管辖；将原郊区的红山乡和洛北乡的8个村划归西工区管辖；将原郊区的邙山镇和洛北乡的新生村、工农村、烧沟村、岳村划归老城区管辖；将原郊区的瀍河回族乡划归瀍河回族区管辖；西工区的安乐街道划归洛龙区管辖 | 洛龙区,2000年中华人民共和国县级以上行政区划变更列表,https://zh.wikipedia.org/wiki/2000%E5%B9%B4%E4%B8%AD%E5%8D%8E%E4%BA%BA%E6%B0%91%E5%85%B1%E5%92%8C%E5%9B%BD%E5%8E%BF%E7%BA%A7%E4%BB%A5%E4%B8%8A%E8%A1%8C%E6%94%BF%E5%8C%BA%E5%88%92%E5%8F%98%E6%9B%B4%E5%88%97%E8%A1%A8,67074265,wikipedia_row_loose_relation,SRC-WIKI-2000,wikipedia,,revisioned_secondary
WIKI-COUNTY-2000-01-008,2000,列表 / 县级单位调整,abolish_or_merge,广州市,CNUR-000196,番禺市、番禺区,番禺市,番禺区,撤销广东省县级番禺市，设立广州市番禺区,市辖区、县,county_level,番禺市 | 广东省广州市 | 5月21日 | 撤销广东省县级番禺市，设立广州市番禺区 | 番禺区,2000年中华人民共和国县级以上行政区划变更列表,https://zh.wikipedia.org/wiki/2000%E5%B9%B4%E4%B8%AD%E5%8D%8E%E4%BA%BA%E6%B0%91%E5%85%B1%E5%92%8C%E5%9B%BD%E5%8E%BF%E7%BA%A7%E4%BB%A5%E4%B8%8A%E8%A1%8C%E6%94%BF%E5%8C%BA%E5%88%92%E5%8F%98%E6%9B%B4%E5%88%97%E8%A1%A8,67074265,wikipedia_row_loose_relation,SRC-WIKI-2000,wikipedia,,revisioned_secondary
WIKI-COUNTY-2000-01-009,2000,列表 / 县级单位调整,abolish_or_merge,广州市,CNUR-000196,花都市、花都区,花都市,花都区,撤销广东省县级花都市，设立广州市花都区,市辖区、县,county_level,广东省广州市 | 5月21日 | 花都市 | 撤销广东省县级花都市，设立广州市花都区 | 花都区,2000年中华人民共和国县级以上行政区划变更列表,https://zh.wikipedia.org/wiki/2000%E5%B9%B4%E4%B8%AD%E5%8D%8E%E4%BA%BA%E6%B0%91%E5%85%B1%E5%92%8C%E5%9B%BD%E5%8E%BF%E7%BA%A7%E4%BB%A5%E4%B8%8A%E8%A1%8C%E6%94%BF%E5%8C%BA%E5%88%92%E5%8F%98%E6%9B%B4%E5%88%97%E8%A1%A8,67074265,wikipedia_row_loose_relation,SRC-WIKI-2000,wikipedia,,revisioned_secondary
WIKI-COUNTY-2000-01-010,2000,列表 / 县级单位调整,abolish_or_merge,上海市、广州市,CNUR-000073、CNUR-000196,黄浦区、南市区,黄浦区、南市区,黄浦区,撤销上海市黄浦区和南市区，设立新的黄浦区,市辖区,county_level,广东省广州市 | 5月21日 | 黄浦区；南市区 | 上海市 | 6月13日 | 撤销上海市黄浦区和南市区，设立新的黄浦区 | 黄浦区,2000年中华人民共和国县级以上行政区划变更列表,https://zh.wikipedia.org/wiki/2000%E5%B9%B4%E4%B8%AD%E5%8D%8E%E4%BA%BA%E6%B0%91%E5%85%B1%E5%92%8C%E5%9B%BD%E5%8E%BF%E7%BA%A7%E4%BB%A5%E4%B8%8A%E8%A1%8C%E6%94%BF%E5%8C%BA%E5%88%92%E5%8F%98%E6%9B%B4%E5%88%97%E8%A1%A8,67074265,wikipedia_row_loose_relation,SRC-WIKI-2000,wikipedia,,revisioned_secondary
WIKI-COUNTY-2000-01-011,2000,列表 / 县级单位调整,abolish_or_merge,天津市,CNUR-000002,武清县、武清区,武清县,武清区,撤销天津市武清县，设立天津市武清区,市辖区、县,county_level,6月13日 | 武清县 | 天津市 | 撤销天津市武清县，设立天津市武清区 | 武清区,2000年中华人民共和国县级以上行政区划变更列表,https://zh.wikipedia.org/wiki/2000%E5%B9%B4%E4%B8%AD%E5%8D%8E%E4%BA%BA%E6%B0%91%E5%85%B1%E5%92%8C%E5%9B%BD%E5%8E%BF%E7%BA%A7%E4%BB%A5%E4%B8%8A%E8%A1%8C%E6%94%BF%E5%8C%BA%E5%88%92%E5%8F%98%E6%9B%B4%E5%88%97%E8%A1%A8,67074265,wikipedia_row_loose_relation,SRC-WIKI-2000,wikipedia,,revisioned_secondary
WIKI-COUNTY-2000-01-012,2000,列表 / 县级单位调整,abolish_or_merge,重庆市,CNUR-000235,黔江土家族苗族自治县、黔江区,黔江土家族苗族自治县,黔江区,撤销重庆市黔江土家族苗族自治县，设立重庆市黔江区,市辖区、自治县、县,county_level,6月13日 | 黔江土家族苗族自治县 | 重庆市 | 6月25日 | 撤销重庆市黔江土家族苗族自治县，设立重庆市黔江区 | 黔江区,2000年中华人民共和国县级以上行政区划变更列表,https://zh.wikipedia.org/wiki/2000%E5%B9%B4%E4%B8%AD%E5%8D%8E%E4%BA%BA%E6%B0%91%E5%85%B1%E5%92%8C%E5%9B%BD%E5%8E%BF%E7%BA%A7%E4%BB%A5%E4%B8%8A%E8%A1%8C%E6%94%BF%E5%8C%BA%E5%88%92%E5%8F%98%E6%9B%B4%E5%88%97%E8%A1%A8,67074265,wikipedia_row_loose_relation,SRC-WIKI-2000,wikipedia,,revisioned_secondary
WIKI-COUNTY-2000-01-013,2000,列表 / 县级单位调整,abolish_or_merge,扬州市,CNUR-000083,邗江县、邗江区,邗江县,邗江区,撤销江苏省邗江县，设立扬州市邗江区,市辖区、县,county_level,邗江县 | 江苏省扬州市 | 12月21日 | 撤销江苏省邗江县，设立扬州市邗江区 | 邗江区,2000年中华人民共和国县级以上行政区划变更列表,https://zh.wikipedia.org/wiki/2000%E5%B9%B4%E4%B8%AD%E5%8D%8E%E4%BA%BA%E6%B0%91%E5%85%B1%E5%92%8C%E5%9B%BD%E5%8E%BF%E7%BA%A7%E4%BB%A5%E4%B8%8A%E8%A1%8C%E6%94%BF%E5%8C%BA%E5%88%92%E5%8F%98%E6%9B%B4%E5%88%97%E8%A1%A8,67074265,wikipedia_row_loose_relation,SRC-WIKI-2000,wikipedia,,revisioned_secondary
WIKI-COUNTY-2000-01-014,2000,列表 / 县级单位调整,abolish_or_merge,南京市,CNUR-000074,江宁县、江宁区,江宁县,江宁区,撤销江苏省江宁县，设立南京市江宁区,市辖区、县,county_level,12月21日 | 江宁县 | 江苏省南京市 | 撤销江苏省江宁县，设立南京市江宁区 | 江宁区,2000年中华人民共和国县级以上行政区划变更列表,https://zh.wikipedia.org/wiki/2000%E5%B9%B4%E4%B8%AD%E5%8D%8E%E4%BA%BA%E6%B0%91%E5%85%B1%E5%92%8C%E5%9B%BD%E5%8E%BF%E7%BA%A7%E4%BB%A5%E4%B8%8A%E8%A1%8C%E6%94%BF%E5%8C%BA%E5%88%92%E5%8F%98%E6%9B%B4%E5%88%97%E8%A1%A8,67074265,wikipedia_row_loose_relation,SRC-WIKI-2000,wikipedia,,revisioned_secondary
WIKI-COUNTY-2000-01-015,2000,列表 / 县级单位调整,abolish_or_merge,无锡市,CNUR-000075,锡山区、惠山区,,锡山区、惠山区,撤销江苏省锡山市，设立无锡市锡山区和惠山区,市辖区,county_level,12月21日 | 锡山市 | 江苏省无锡市 | 撤销江苏省锡山市，设立无锡市锡山区和惠山区 | 锡山区；惠山区,2000年中华人民共和国县级以上行政区划变更列表,https://zh.wikipedia.org/wiki/2000%E5%B9%B4%E4%B8%AD%E5%8D%8E%E4%BA%BA%E6%B0%91%E5%85%B1%E5%92%8C%E5%9B%BD%E5%8E%BF%E7%BA%A7%E4%BB%A5%E4%B8%8A%E8%A1%8C%E6%94%BF%E5%8C%BA%E5%88%92%E5%8F%98%E6%9B%B4%E5%88%97%E8%A1%A8,67074265,wikipedia_row_loose_relation,SRC-WIKI-2000,wikipedia,,revisioned_secondary
WIKI-COUNTY-2000-01-016,2000,列表 / 县级单位调整,merge,无锡市,CNUR-000075,马山区、郊区、滨湖区,马山区、郊区,滨湖区,撤销无锡市马山区；将原马山区的行政区域和原县级锡山市的9个镇并入无锡市郊区；无锡市郊区更名为滨湖区,市辖区、县,county_level,12月21日 | 江苏省无锡市 | 马山区；郊区 | 撤销无锡市马山区；将原马山区的行政区域和原县级锡山市的9个镇并入无锡市郊区；无锡市郊区更名为滨湖区 | 滨湖区,2000年中华人民共和国县级以上行政区划变更列表,https://zh.wikipedia.org/wiki/2000%E5%B9%B4%E4%B8%AD%E5%8D%8E%E4%BA%BA%E6%B0%91%E5%85%B1%E5%92%8C%E5%9B%BD%E5%8E%BF%E7%BA%A7%E4%BB%A5%E4%B8%8A%E8%A1%8C%E6%94%BF%E5%8C%BA%E5%88%92%E5%8F%98%E6%9B%B4%E5%88%97%E8%A1%A8,67074265,wikipedia_row_loose_relation,SRC-WIKI-2000,wikipedia,,revisioned_secondary
WIKI-COUNTY-2000-01-017,2000,列表 / 县级单位调整,jurisdiction_transfer,无锡市、金华市,CNUR-000075、CNUR-000093,金华县、金东区,金华县,金东区,撤销浙江省金华县，设立金华市金东区；将原金华县的14个乡镇划归金华市婺城区管辖,市辖区、县,county_level,12月21日 | 江苏省无锡市 | 金华县 | 浙江省金华市 | 12月30日 | 撤销浙江省金华县，设立金华市金东区；将原金华县的14个乡镇划归金华市婺城区管辖 | 金东区,2000年中华人民共和国县级以上行政区划变更列表,https://zh.wikipedia.org/wiki/2000%E5%B9%B4%E4%B8%AD%E5%8D%8E%E4%BA%BA%E6%B0%91%E5%85%B1%E5%92%8C%E5%9B%BD%E5%8E%BF%E7%BA%A7%E4%BB%A5%E4%B8%8A%E8%A1%8C%E6%94%BF%E5%8C%BA%E5%88%92%E5%8F%98%E6%9B%B4%E5%88%97%E8%A1%A8,67074265,wikipedia_row_loose_relation,SRC-WIKI-2000,wikipedia,,revisioned_secondary
WIKI-COUNTY-2000-01-018,2000,列表 / 县级单位调整,abolish_or_merge,苏州市,CNUR-000078,吴县市、吴中区、相城区,吴县市,吴中区、相城区,撤销江苏省县级吴县市，设立苏州市吴中区和相城区,市辖区、县,county_level,吴县市 | 江苏省苏州市 | 12月31日 | 撤销江苏省县级吴县市，设立苏州市吴中区和相城区 | 吴中区；相城区,2000年中华人民共和国县级以上行政区划变更列表,https://zh.wikipedia.org/wiki/2000%E5%B9%B4%E4%B8%AD%E5%8D%8E%E4%BA%BA%E6%B0%91%E5%85%B1%E5%92%8C%E5%9B%BD%E5%8E%BF%E7%BA%A7%E4%BB%A5%E4%B8%8A%E8%A1%8C%E6%94%BF%E5%8C%BA%E5%88%92%E5%8F%98%E6%9B%B4%E5%88%97%E8%A1%A8,67074265,wikipedia_row_loose_relation,SRC-WIKI-2000,wikipedia,,revisioned_secondary
WIKI-COUNTY-2000-02-002,2000,列表 / 新设立市辖区,establish,贵阳市,CNUR-000257,小河区,,小河区,设立贵州省贵阳市小河区；小河区辖贵阳市小河镇和贵阳市花溪区金竹镇,市辖区,county_level,贵州省贵阳市 | 1月21日 | 设立贵州省贵阳市小河区；小河区辖贵阳市小河镇和贵阳市花溪区金竹镇 | 小河区,2000年中华人民共和国县级以上行政区划变更列表,https://zh.wikipedia.org/wiki/2000%E5%B9%B4%E4%B8%AD%E5%8D%8E%E4%BA%BA%E6%B0%91%E5%85%B1%E5%92%8C%E5%9B%BD%E5%8E%BF%E7%BA%A7%E4%BB%A5%E4%B8%8A%E8%A1%8C%E6%94%BF%E5%8C%BA%E5%88%92%E5%8F%98%E6%9B%B4%E5%88%97%E8%A1%A8,67074265,wikipedia_row_loose_relation,SRC-WIKI-2000,wikipedia,,revisioned_secondary
WIKI-COUNTY-2000-02-003,2000,列表 / 新设立市辖区,establish,廊坊市,CNUR-000012,广阳区,,广阳区,设立廊坊市广阳区；广阳区辖原安次区的4个街道办事处和4个乡镇以及北史家务乡铁路以北部分,市辖区,county_level,河北省廊坊市 | 3月7日 | 设立廊坊市广阳区；广阳区辖原安次区的4个街道办事处和4个乡镇以及北史家务乡铁路以北部分 | 广阳区,2000年中华人民共和国县级以上行政区划变更列表,https://zh.wikipedia.org/wiki/2000%E5%B9%B4%E4%B8%AD%E5%8D%8E%E4%BA%BA%E6%B0%91%E5%85%B1%E5%92%8C%E5%9B%BD%E5%8E%BF%E7%BA%A7%E4%BB%A5%E4%B8%8A%E8%A1%8C%E6%94%BF%E5%8C%BA%E5%88%92%E5%8F%98%E6%9B%B4%E5%88%97%E8%A1%A8,67074265,wikipedia_row_loose_relation,SRC-WIKI-2000,wikipedia,,revisioned_secondary
WIKI-COUNTY-2000-02-004,2000,列表 / 新设立市辖区,establish,泉州市,CNUR-000119,泉港区,,泉港区,设立福建省泉州市泉港区；泉港区辖惠安县的山腰、后龙、南埔、涂岭、埭港5个镇,市辖区、县,county_level,福建省泉州市 | 4月12日 | 设立福建省泉州市泉港区；泉港区辖惠安县的山腰、后龙、南埔、涂岭、埭港5个镇 | 泉港区,2000年中华人民共和国县级以上行政区划变更列表,https://zh.wikipedia.org/wiki/2000%E5%B9%B4%E4%B8%AD%E5%8D%8E%E4%BA%BA%E6%B0%91%E5%85%B1%E5%92%8C%E5%9B%BD%E5%8E%BF%E7%BA%A7%E4%BB%A5%E4%B8%8A%E8%A1%8C%E6%94%BF%E5%8C%BA%E5%88%92%E5%8F%98%E6%9B%B4%E5%88%97%E8%A1%A8,67074265,wikipedia_row_loose_relation,SRC-WIKI-2000,wikipedia,,revisioned_secondary
WIKI-COUNTY-2000-03-002,2000,列表 / 开发区撤销,abolish_or_merge,重庆市,CNUR-000235,,,,撤销重庆市万州移民开发区；原万州移民开发区代管的忠县、开县、云阳县、奉节县、巫山县和巫溪县由重庆市直辖,县、开发区,non_county_development_zone,万州移民开发区 | 重庆市 | 6月25日 | 撤销重庆市万州移民开发区；原万州移民开发区代管的忠县、开县、云阳县、奉节县、巫山县和巫溪县由重庆市直辖,2000年中华人民共和国县级以上行政区划变更列表,https://zh.wikipedia.org/wiki/2000%E5%B9%B4%E4%B8%AD%E5%8D%8E%E4%BA%BA%E6%B0%91%E5%85%B1%E5%92%8C%E5%9B%BD%E5%8E%BF%E7%BA%A7%E4%BB%A5%E4%B8%8A%E8%A1%8C%E6%94%BF%E5%8C%BA%E5%88%92%E5%8F%98%E6%9B%B4%E5%88%97%E8%A1%A8,67074265,wikipedia_row_loose_relation,SRC-WIKI-2000,wikipedia,,revisioned_secondary
WIKI-COUNTY-2000-03-003,2000,列表 / 开发区撤销,abolish_or_merge,重庆市,CNUR-000235,,,,撤销重庆市黔江开发区；原黔江开发区代管的秀山土家族苗族自治县、西阳土家族苗族自治县、彭水苗族土家族自治县和石柱土家族自治县由重庆市直辖,自治县、开发区,non_county_development_zone,重庆市 | 6月25日 | 黔江开发区 | 撤销重庆市黔江开发区；原黔江开发区代管的秀山土家族苗族自治县、西阳土家族苗族自治县、彭水苗族土家族自治县和石柱土家族自治县由重庆市直辖,2000年中华人民共和国县级以上行政区划变更列表,https://zh.wikipedia.org/wiki/2000%E5%B9%B4%E4%B8%AD%E5%8D%8E%E4%BA%BA%E6%B0%91%E5%85%B1%E5%92%8C%E5%9B%BD%E5%8E%BF%E7%BA%A7%E4%BB%A5%E4%B8%8A%E8%A1%8C%E6%94%BF%E5%8C%BA%E5%88%92%E5%8F%98%E6%9B%B4%E5%88%97%E8%A1%A8,67074265,wikipedia_row_loose_relation,SRC-WIKI-2000,wikipedia,,revisioned_secondary
WIKI-COUNTY-2000-06-002,2000,列表 / 政府驻地变更,residence_change,泰安市,CNUR-000143,岱岳区,岱岳区,,岱岳区人民政府驻地由泰山区迁至粥店街道办事处粥店村西侧,市辖区,county_level,岱岳区 | 山东省泰安市 | 4月19日 | 岱岳区人民政府驻地由泰山区迁至粥店街道办事处粥店村西侧,2000年中华人民共和国县级以上行政区划变更列表,https://zh.wikipedia.org/wiki/2000%E5%B9%B4%E4%B8%AD%E5%8D%8E%E4%BA%BA%E6%B0%91%E5%85%B1%E5%92%8C%E5%9B%BD%E5%8E%BF%E7%BA%A7%E4%BB%A5%E4%B8%8A%E8%A1%8C%E6%94%BF%E5%8C%BA%E5%88%92%E5%8F%98%E6%9B%B4%E5%88%97%E8%A1%A8,67074265,wikipedia_row_loose_relation,SRC-WIKI-2000,wikipedia,,revisioned_secondary
WIKI-COUNTY-2000-06-003,2000,列表 / 政府驻地变更,residence_change,永州市,CNUR-000192,,,,湖南省永州市人民政府驻地由芝山区徐家井路迁至冷水滩区逸云路,,untyped_county_record,永州市 | 湖南省 | 5月14日 | 湖南省永州市人民政府驻地由芝山区徐家井路迁至冷水滩区逸云路,2000年中华人民共和国县级以上行政区划变更列表,https://zh.wikipedia.org/wiki/2000%E5%B9%B4%E4%B8%AD%E5%8D%8E%E4%BA%BA%E6%B0%91%E5%85%B1%E5%92%8C%E5%9B%BD%E5%8E%BF%E7%BA%A7%E4%BB%A5%E4%B8%8A%E8%A1%8C%E6%94%BF%E5%8C%BA%E5%88%92%E5%8F%98%E6%9B%B4%E5%88%97%E8%A1%A8,67074265,wikipedia_row_loose_relation,SRC-WIKI-2000,wikipedia,,revisioned_secondary
WIKI-COUNTY-2000-06-004,2000,列表 / 政府驻地变更,residence_change,洛阳市,CNUR-000154,洛龙区,洛龙区,,洛龙区人民政府驻地由西工区凯旋东路迁至关林镇,市辖区,county_level,洛龙区 | 河南省洛阳市 | 5月20日 | 洛龙区人民政府驻地由西工区凯旋东路迁至关林镇,2000年中华人民共和国县级以上行政区划变更列表,https://zh.wikipedia.org/wiki/2000%E5%B9%B4%E4%B8%AD%E5%8D%8E%E4%BA%BA%E6%B0%91%E5%85%B1%E5%92%8C%E5%9B%BD%E5%8E%BF%E7%BA%A7%E4%BB%A5%E4%B8%8A%E8%A1%8C%E6%94%BF%E5%8C%BA%E5%88%92%E5%8F%98%E6%9B%B4%E5%88%97%E8%A1%A8,67074265,wikipedia_row_loose_relation,SRC-WIKI-2000,wikipedia,,revisioned_secondary
WIKI-COUNTY-2000-06-005,2000,列表 / 政府驻地变更,residence_change,绵阳市,CNUR-000241,安县,安县,,四川省安县人民政府驻地由安昌镇迁至花荄镇,县,county_level,安县 | 四川省绵阳市 | 5月26日 | 四川省安县人民政府驻地由安昌镇迁至花荄镇,2000年中华人民共和国县级以上行政区划变更列表,https://zh.wikipedia.org/wiki/2000%E5%B9%B4%E4%B8%AD%E5%8D%8E%E4%BA%BA%E6%B0%91%E5%85%B1%E5%92%8C%E5%9B%BD%E5%8E%BF%E7%BA%A7%E4%BB%A5%E4%B8%8A%E8%A1%8C%E6%94%BF%E5%8C%BA%E5%88%92%E5%8F%98%E6%9B%B4%E5%88%97%E8%A1%A8,67074265,wikipedia_row_loose_relation,SRC-WIKI-2000,wikipedia,,revisioned_secondary
WIKI-COUNTY-2000-06-006,2000,列表 / 政府驻地变更,residence_change,广元市,CNUR-000242,剑阁县,剑阁县,,四川省剑阁县人民政府驻地由普安镇迁至下寺镇,县,county_level,剑阁县 | 四川省广元市 | 6月21日 | 四川省剑阁县人民政府驻地由普安镇迁至下寺镇,2000年中华人民共和国县级以上行政区划变更列表,https://zh.wikipedia.org/wiki/2000%E5%B9%B4%E4%B8%AD%E5%8D%8E%E4%BA%BA%E6%B0%91%E5%85%B1%E5%92%8C%E5%9B%BD%E5%8E%BF%E7%BA%A7%E4%BB%A5%E4%B8%8A%E8%A1%8C%E6%94%BF%E5%8C%BA%E5%88%92%E5%8F%98%E6%9B%B4%E5%88%97%E8%A1%A8,67074265,wikipedia_row_loose_relation,SRC-WIKI-2000,wikipedia,,revisioned_secondary
WIKI-COUNTY-2000-06-007,2000,列表 / 政府驻地变更,residence_change,自贡市,CNUR-000237,,,,四川省自贡市人民政府驻地由自流井区解放路迁至大安区丹桂大街,,untyped_county_record,自贡市 | 四川省 | 6月25日 | 四川省自贡市人民政府驻地由自流井区解放路迁至大安区丹桂大街,2000年中华人民共和国县级以上行政区划变更列表,https://zh.wikipedia.org/wiki/2000%E5%B9%B4%E4%B8%AD%E5%8D%8E%E4%BA%BA%E6%B0%91%E5%85%B1%E5%92%8C%E5%9B%BD%E5%8E%BF%E7%BA%A7%E4%BB%A5%E4%B8%8A%E8%A1%8C%E6%94%BF%E5%8C%BA%E5%88%92%E5%8F%98%E6%9B%B4%E5%88%97%E8%A1%A8,67074265,wikipedia_row_loose_relation,SRC-WIKI-2000,wikipedia,,revisioned_secondary
WIKI-COUNTY-2001-01-002,2001,列表 / 县级单位调整,abolish_or_merge,北京市,CNUR-000001,大兴县、大兴区,大兴县,大兴区,撤销北京市大兴县，设立北京市大兴区,市辖区、县,county_level,大兴县 | 北京市 | 1月9日 | 撤销北京市大兴县，设立北京市大兴区 | 大兴区,2001年中华人民共和国县级以上行政区划变更列表,https://zh.wikipedia.org/wiki/2001%E5%B9%B4%E4%B8%AD%E5%8D%8E%E4%BA%BA%E6%B0%91%E5%85%B1%E5%92%8C%E5%9B%BD%E5%8E%BF%E7%BA%A7%E4%BB%A5%E4%B8%8A%E8%A1%8C%E6%94%BF%E5%8C%BA%E5%88%92%E5%8F%98%E6%9B%B4%E5%88%97%E8%A1%A8,93196020,wikipedia_row_loose_relation,SRC-WIKI-2001,wikipedia,,revisioned_secondary
WIKI-COUNTY-2001-01-003,2001,列表 / 县级单位调整,abolish_or_merge,上海市,CNUR-000073,奉贤县、奉贤区,奉贤县,奉贤区,撤销上海市奉贤县，设立上海市奉贤区,市辖区、县,county_level,1月9日 | 奉贤县 | 上海市 | 撤销上海市奉贤县，设立上海市奉贤区 | 奉贤区,2001年中华人民共和国县级以上行政区划变更列表,https://zh.wikipedia.org/wiki/2001%E5%B9%B4%E4%B8%AD%E5%8D%8E%E4%BA%BA%E6%B0%91%E5%85%B1%E5%92%8C%E5%9B%BD%E5%8E%BF%E7%BA%A7%E4%BB%A5%E4%B8%8A%E8%A1%8C%E6%94%BF%E5%8C%BA%E5%88%92%E5%8F%98%E6%9B%B4%E5%88%97%E8%A1%A8,93196020,wikipedia_row_loose_relation,SRC-WIKI-2001,wikipedia,,revisioned_secondary
WIKI-COUNTY-2001-01-004,2001,列表 / 县级单位调整,abolish_or_merge,上海市,CNUR-000073,南汇县、南汇区,南汇县,南汇区,撤销上海市南汇县，设立上海市南汇区,市辖区、县,county_level,1月9日 | 上海市 | 南汇县 | 撤销上海市南汇县，设立上海市南汇区 | 南汇区,2001年中华人民共和国县级以上行政区划变更列表,https://zh.wikipedia.org/wiki/2001%E5%B9%B4%E4%B8%AD%E5%8D%8E%E4%BA%BA%E6%B0%91%E5%85%B1%E5%92%8C%E5%9B%BD%E5%8E%BF%E7%BA%A7%E4%BB%A5%E4%B8%8A%E8%A1%8C%E6%94%BF%E5%8C%BA%E5%88%92%E5%8F%98%E6%9B%B4%E5%88%97%E8%A1%A8,93196020,wikipedia_row_loose_relation,SRC-WIKI-2001,wikipedia,,revisioned_secondary
WIKI-COUNTY-2001-01-005,2001,列表 / 县级单位调整,establish,茂名市、上海市,CNUR-000204、CNUR-000073,电白县、茂港区,,茂港区,设立广东省茂名市茂港区；茂港区辖电白县的羊角、坡心、七迳、小良、沙院、南海6个镇,市辖区、县,county_level,1月9日 | 上海市 | 无 | 广东省茂名市 | 1月22日 | 设立广东省茂名市茂港区；茂港区辖电白县的羊角、坡心、七迳、小良、沙院、南海6个镇 | 茂港区,2001年中华人民共和国县级以上行政区划变更列表,https://zh.wikipedia.org/wiki/2001%E5%B9%B4%E4%B8%AD%E5%8D%8E%E4%BA%BA%E6%B0%91%E5%85%B1%E5%92%8C%E5%9B%BD%E5%8E%BF%E7%BA%A7%E4%BB%A5%E4%B8%8A%E8%A1%8C%E6%94%BF%E5%8C%BA%E5%88%92%E5%8F%98%E6%9B%B4%E5%88%97%E8%A1%A8,93196020,wikipedia_row_loose_relation,SRC-WIKI-2001,wikipedia,,revisioned_secondary
WIKI-COUNTY-2001-01-006,2001,列表 / 县级单位调整,jurisdiction_transfer,石家庄市,CNUR-000003,郊区、裕华区,郊区,裕华区,撤销河北省石家庄市郊区，设立石家庄市裕华区；将正定县的留村乡、二十里铺镇，栾城县方村镇的12个村和；长安区的裕东、裕华路、东大街3个街道及原郊区的槐底街道、孙村街道的孙村、塔家2个村划归裕华区管辖；将正定县的西兆通、南村2个镇和原郊区谈固乡的6个村以及南离营镇的4个村划归石家庄市长安区管辖,市辖区、县,county_level,郊区 | 河北省石家庄市 | 1月22日 | 撤销河北省石家庄市郊区，设立石家庄市裕华区；将正定县的留村乡、二十里铺镇，栾城县方村镇的12个村和；长安区的裕东、裕华路、东大街3个街道及原郊区的槐底街道、孙村街道的孙村、塔家2个村划归裕华区管辖；将正定县的西兆通、南村2个镇和原郊区谈固乡的6个村以及南离营镇的4个村划归石家庄市长安区管辖 | 裕华区,2001年中华人民共和国县级以上行政区划变更列表,https://zh.wikipedia.org/wiki/2001%E5%B9%B4%E4%B8%AD%E5%8D%8E%E4%BA%BA%E6%B0%91%E5%85%B1%E5%92%8C%E5%9B%BD%E5%8E%BF%E7%BA%A7%E4%BB%A5%E4%B8%8A%E8%A1%8C%E6%94%BF%E5%8C%BA%E5%88%92%E5%8F%98%E6%9B%B4%E5%88%97%E8%A1%A8,93196020,wikipedia_row_loose_relation,SRC-WIKI-2001,wikipedia,,revisioned_secondary
WIKI-COUNTY-2001-01-007,2001,列表 / 县级单位调整,abolish_or_merge,杭州市,CNUR-000087,萧山市、萧山区,萧山市,萧山区,撤销县级萧山市，设立杭州市萧山区,市辖区、县,county_level,萧山市 | 浙江省杭州市 | 2月2日 | 撤销县级萧山市，设立杭州市萧山区 | 萧山区,2001年中华人民共和国县级以上行政区划变更列表,https://zh.wikipedia.org/wiki/2001%E5%B9%B4%E4%B8%AD%E5%8D%8E%E4%BA%BA%E6%B0%91%E5%85%B1%E5%92%8C%E5%9B%BD%E5%8E%BF%E7%BA%A7%E4%BB%A5%E4%B8%8A%E8%A1%8C%E6%94%BF%E5%8C%BA%E5%88%92%E5%8F%98%E6%9B%B4%E5%88%97%E8%A1%A8,93196020,wikipedia_row_loose_relation,SRC-WIKI-2001,wikipedia,,revisioned_secondary
WIKI-COUNTY-2001-01-008,2001,列表 / 县级单位调整,abolish_or_merge,杭州市,CNUR-000087,余杭市、余杭区,余杭市,余杭区,撤销县级余杭市，设立杭州市余杭区,市辖区、县,county_level,浙江省杭州市 | 2月2日 | 余杭市 | 撤销县级余杭市，设立杭州市余杭区 | 余杭区,2001年中华人民共和国县级以上行政区划变更列表,https://zh.wikipedia.org/wiki/2001%E5%B9%B4%E4%B8%AD%E5%8D%8E%E4%BA%BA%E6%B0%91%E5%85%B1%E5%92%8C%E5%9B%BD%E5%8E%BF%E7%BA%A7%E4%BB%A5%E4%B8%8A%E8%A1%8C%E6%94%BF%E5%8C%BA%E5%88%92%E5%8F%98%E6%9B%B4%E5%88%97%E8%A1%A8,93196020,wikipedia_row_loose_relation,SRC-WIKI-2001,wikipedia,,revisioned_secondary
WIKI-COUNTY-2001-01-009,2001,列表 / 县级单位调整,jurisdiction_transfer,杭州市、荆门市,CNUR-000087、CNUR-000175,东宝区、掇刀区,,掇刀区,设立湖北省荆门市掇刀区；将荆门市东宝区的何场乡、麻城镇、团林铺镇和掇刀石街道、白庙街道划归掇刀区管辖,市辖区,county_level,浙江省杭州市 | 2月2日 | 无 | 湖北省荆门市 | 3月17日 | 设立湖北省荆门市掇刀区；将荆门市东宝区的何场乡、麻城镇、团林铺镇和掇刀石街道、白庙街道划归掇刀区管辖 | 掇刀区,2001年中华人民共和国县级以上行政区划变更列表,https://zh.wikipedia.org/wiki/2001%E5%B9%B4%E4%B8%AD%E5%8D%8E%E4%BA%BA%E6%B0%91%E5%85%B1%E5%92%8C%E5%9B%BD%E5%8E%BF%E7%BA%A7%E4%BB%A5%E4%B8%8A%E8%A1%8C%E6%94%BF%E5%8C%BA%E5%88%92%E5%8F%98%E6%9B%B4%E5%88%97%E8%A1%A8,93196020,wikipedia_row_loose_relation,SRC-WIKI-2001,wikipedia,,revisioned_secondary
WIKI-COUNTY-2001-01-010,2001,列表 / 县级单位调整,abolish_or_merge,天津市,CNUR-000002,宝坻县、宝坻区,宝坻县,宝坻区,撤销天津市宝坻县，设立天津市宝坻区,市辖区、县,county_level,宝坻县 | 天津市 | 3月22日 | 撤销天津市宝坻县，设立天津市宝坻区 | 宝坻区,2001年中华人民共和国县级以上行政区划变更列表,https://zh.wikipedia.org/wiki/2001%E5%B9%B4%E4%B8%AD%E5%8D%8E%E4%BA%BA%E6%B0%91%E5%85%B1%E5%92%8C%E5%9B%BD%E5%8E%BF%E7%BA%A7%E4%BB%A5%E4%B8%8A%E8%A1%8C%E6%94%BF%E5%8C%BA%E5%88%92%E5%8F%98%E6%9B%B4%E5%88%97%E8%A1%A8,93196020,wikipedia_row_loose_relation,SRC-WIKI-2001,wikipedia,,revisioned_secondary
WIKI-COUNTY-2001-01-011,2001,列表 / 县级单位调整,jurisdiction_transfer,宜昌市,CNUR-000172,宜昌县、夷陵区,宜昌县,夷陵区,撤销湖北省宜昌县，设立宜昌市夷陵区；将原宜昌县的土城乡、桥边镇、艾家镇划归宜昌市点军区管辖,市辖区、县,county_level,3月22日 | 宜昌县 | 湖北省宜昌市 | 撤销湖北省宜昌县，设立宜昌市夷陵区；将原宜昌县的土城乡、桥边镇、艾家镇划归宜昌市点军区管辖 | 夷陵区,2001年中华人民共和国县级以上行政区划变更列表,https://zh.wikipedia.org/wiki/2001%E5%B9%B4%E4%B8%AD%E5%8D%8E%E4%BA%BA%E6%B0%91%E5%85%B1%E5%92%8C%E5%9B%BD%E5%8E%BF%E7%BA%A7%E4%BB%A5%E4%B8%8A%E8%A1%8C%E6%94%BF%E5%8C%BA%E5%88%92%E5%8F%98%E6%9B%B4%E5%88%97%E8%A1%A8,93196020,wikipedia_row_loose_relation,SRC-WIKI-2001,wikipedia,,revisioned_secondary
WIKI-COUNTY-2001-01-012,2001,列表 / 县级单位调整,abolish_or_merge,衡阳市,CNUR-000185,江东区、衡南县,江东区,衡南县,撤销湖南省衡阳市江东区、城南区、城北区、郊区，设立衡阳市珠晖区、雁峰区、石鼓区、蒸湘区；珠晖区辖原江东区的行政区域以及原郊区的和平、酃湖、东阳渡3个乡和茶山拗镇；雁峰区辖原城南区的雁峰、白沙洲、黄茶岭、天马山、先锋路5个街道和；原郊区的湘江乡（不包括杨柳村）、岳屏乡（不包括联合、岳屏、北塘3个村）以及衡南县的文昌乡；石鼓区辖原城北区的人民路、潇湘、青山、五一、合江5个街道和；原郊区的黄沙湾街道、松木乡和西湖乡的五一、建设、友爱、江霞4个村以及衡阳县的角山乡；湘区辖原城北区的蒸湘街道、原城南区的联合街道和原郊区的西湖乡（不包括五一、建设、友爱、江霞4个村）、；湘江乡的杨柳村、岳屏乡的联合、岳屏、北塘3个村以及衡南县的雨母山乡、衡阳县的呆鹰岭镇,市辖区、县,county_level,3月22日 | 江东区 | 湖南省衡阳市 | 4月4日 | 撤销湖南省衡阳市江东区、城南区、城北区、郊区，设立衡阳市珠晖区、雁峰区、石鼓区、蒸湘区；珠晖区辖原江东区的行政区域以及原郊区的和平、酃湖、东阳渡3个乡和茶山拗镇；雁峰区辖原城南区的雁峰、白沙洲、黄茶岭、天马山、先锋路5个街道和；原郊区的湘江乡（不包括杨柳村）、岳屏乡（不包括联合、岳屏、北塘3个村）以及衡南县的文昌乡；石鼓区辖原城北区的人民路、潇湘、青山、五一、合江5个街道和；原郊区的黄沙湾街道、松木乡和西湖乡的五一、建设、友爱、江霞4个村以及衡阳县的角山乡；湘区辖原城北区的蒸湘街道、原城南区的联合街道和原郊区的西湖乡（不包括五一、建设、友爱、江霞4个村）、；湘江乡的杨柳村、岳屏乡的联合、岳屏、北塘3个村以及衡南县的雨母山乡、衡阳县的呆鹰岭镇 | 无,2001年中华人民共和国县级以上行政区划变更列表,https://zh.wikipedia.org/wiki/2001%E5%B9%B4%E4%B8%AD%E5%8D%8E%E4%BA%BA%E6%B0%91%E5%85%B1%E5%92%8C%E5%9B%BD%E5%8E%BF%E7%BA%A7%E4%BB%A5%E4%B8%8A%E8%A1%8C%E6%94%BF%E5%8C%BA%E5%88%92%E5%8F%98%E6%9B%B4%E5%88%97%E8%A1%A8,93196020,wikipedia_row_loose_relation,SRC-WIKI-2001,wikipedia,,revisioned_secondary
WIKI-COUNTY-2001-01-013,2001,列表 / 县级单位调整,abolish_or_merge,衡阳市,CNUR-000185,城南区,城南区,,湖南省衡阳市 | 4月4日 | 撤销湖南省衡阳市江东区、城南区、城北区、郊区，设立衡阳市珠晖区、雁峰区、石鼓区、蒸湘区；珠晖区辖原江东区的行政区域以及原郊区的和平、酃湖、东阳渡3个乡和茶山拗镇；雁峰区辖原城南区的雁峰、白沙洲、黄茶岭、天马山、先锋路5个街道和；原郊区的湘江乡（不包括杨柳村）、岳屏乡（不包括联合、岳屏、北塘3个村）以及衡南县的文昌乡；石鼓区辖原城北区的人民路、潇湘、青山、五一、合江5个街道和；原郊区的黄沙湾街道、松木乡和西湖乡的五一、建设、友爱、江霞4个村以及衡阳县的角山乡；湘区辖原城北区的蒸湘街道、原城南区的联合街道和原郊区的西湖乡（不包括五一、建设、友爱、江霞4个村）、；湘江乡的杨柳村、岳屏乡的联合、岳屏、北塘3个村以及衡南县的雨母山乡、衡阳县的呆鹰岭镇 | 城南区 | 无,市辖区、县,county_level,湖南省衡阳市 | 4月4日 | 撤销湖南省衡阳市江东区、城南区、城北区、郊区，设立衡阳市珠晖区、雁峰区、石鼓区、蒸湘区；珠晖区辖原江东区的行政区域以及原郊区的和平、酃湖、东阳渡3个乡和茶山拗镇；雁峰区辖原城南区的雁峰、白沙洲、黄茶岭、天马山、先锋路5个街道和；原郊区的湘江乡（不包括杨柳村）、岳屏乡（不包括联合、岳屏、北塘3个村）以及衡南县的文昌乡；石鼓区辖原城北区的人民路、潇湘、青山、五一、合江5个街道和；原郊区的黄沙湾街道、松木乡和西湖乡的五一、建设、友爱、江霞4个村以及衡阳县的角山乡；湘区辖原城北区的蒸湘街道、原城南区的联合街道和原郊区的西湖乡（不包括五一、建设、友爱、江霞4个村）、；湘江乡的杨柳村、岳屏乡的联合、岳屏、北塘3个村以及衡南县的雨母山乡、衡阳县的呆鹰岭镇 | 城南区 | 无,2001年中华人民共和国县级以上行政区划变更列表,https://zh.wikipedia.org/wiki/2001%E5%B9%B4%E4%B8%AD%E5%8D%8E%E4%BA%BA%E6%B0%91%E5%85%B1%E5%92%8C%E5%9B%BD%E5%8E%BF%E7%BA%A7%E4%BB%A5%E4%B8%8A%E8%A1%8C%E6%94%BF%E5%8C%BA%E5%88%92%E5%8F%98%E6%9B%B4%E5%88%97%E8%A1%A8,93196020,wikipedia_row_loose_relation,SRC-WIKI-2001,wikipedia,,revisioned_secondary
WIKI-COUNTY-2001-01-014,2001,列表 / 县级单位调整,abolish_or_merge,衡阳市,CNUR-000185,城北区,城北区,,湖南省衡阳市 | 4月4日 | 撤销湖南省衡阳市江东区、城南区、城北区、郊区，设立衡阳市珠晖区、雁峰区、石鼓区、蒸湘区；珠晖区辖原江东区的行政区域以及原郊区的和平、酃湖、东阳渡3个乡和茶山拗镇；雁峰区辖原城南区的雁峰、白沙洲、黄茶岭、天马山、先锋路5个街道和；原郊区的湘江乡（不包括杨柳村）、岳屏乡（不包括联合、岳屏、北塘3个村）以及衡南县的文昌乡；石鼓区辖原城北区的人民路、潇湘、青山、五一、合江5个街道和；原郊区的黄沙湾街道、松木乡和西湖乡的五一、建设、友爱、江霞4个村以及衡阳县的角山乡；湘区辖原城北区的蒸湘街道、原城南区的联合街道和原郊区的西湖乡（不包括五一、建设、友爱、江霞4个村）、；湘江乡的杨柳村、岳屏乡的联合、岳屏、北塘3个村以及衡南县的雨母山乡、衡阳县的呆鹰岭镇 | 城北区 | 无,市辖区、县,county_level,湖南省衡阳市 | 4月4日 | 撤销湖南省衡阳市江东区、城南区、城北区、郊区，设立衡阳市珠晖区、雁峰区、石鼓区、蒸湘区；珠晖区辖原江东区的行政区域以及原郊区的和平、酃湖、东阳渡3个乡和茶山拗镇；雁峰区辖原城南区的雁峰、白沙洲、黄茶岭、天马山、先锋路5个街道和；原郊区的湘江乡（不包括杨柳村）、岳屏乡（不包括联合、岳屏、北塘3个村）以及衡南县的文昌乡；石鼓区辖原城北区的人民路、潇湘、青山、五一、合江5个街道和；原郊区的黄沙湾街道、松木乡和西湖乡的五一、建设、友爱、江霞4个村以及衡阳县的角山乡；湘区辖原城北区的蒸湘街道、原城南区的联合街道和原郊区的西湖乡（不包括五一、建设、友爱、江霞4个村）、；湘江乡的杨柳村、岳屏乡的联合、岳屏、北塘3个村以及衡南县的雨母山乡、衡阳县的呆鹰岭镇 | 城北区 | 无,2001年中华人民共和国县级以上行政区划变更列表,https://zh.wikipedia.org/wiki/2001%E5%B9%B4%E4%B8%AD%E5%8D%8E%E4%BA%BA%E6%B0%91%E5%85%B1%E5%92%8C%E5%9B%BD%E5%8E%BF%E7%BA%A7%E4%BB%A5%E4%B8%8A%E8%A1%8C%E6%94%BF%E5%8C%BA%E5%88%92%E5%8F%98%E6%9B%B4%E5%88%97%E8%A1%A8,93196020,wikipedia_row_loose_relation,SRC-WIKI-2001,wikipedia,,revisioned_secondary
WIKI-COUNTY-2001-01-015,2001,列表 / 县级单位调整,abolish_or_merge,衡阳市,CNUR-000185,郊区,郊区,,湖南省衡阳市 | 4月4日 | 撤销湖南省衡阳市江东区、城南区、城北区、郊区，设立衡阳市珠晖区、雁峰区、石鼓区、蒸湘区；珠晖区辖原江东区的行政区域以及原郊区的和平、酃湖、东阳渡3个乡和茶山拗镇；雁峰区辖原城南区的雁峰、白沙洲、黄茶岭、天马山、先锋路5个街道和；原郊区的湘江乡（不包括杨柳村）、岳屏乡（不包括联合、岳屏、北塘3个村）以及衡南县的文昌乡；石鼓区辖原城北区的人民路、潇湘、青山、五一、合江5个街道和；原郊区的黄沙湾街道、松木乡和西湖乡的五一、建设、友爱、江霞4个村以及衡阳县的角山乡；湘区辖原城北区的蒸湘街道、原城南区的联合街道和原郊区的西湖乡（不包括五一、建设、友爱、江霞4个村）、；湘江乡的杨柳村、岳屏乡的联合、岳屏、北塘3个村以及衡南县的雨母山乡、衡阳县的呆鹰岭镇 | 郊区 | 无,市辖区、县,county_level,湖南省衡阳市 | 4月4日 | 撤销湖南省衡阳市江东区、城南区、城北区、郊区，设立衡阳市珠晖区、雁峰区、石鼓区、蒸湘区；珠晖区辖原江东区的行政区域以及原郊区的和平、酃湖、东阳渡3个乡和茶山拗镇；雁峰区辖原城南区的雁峰、白沙洲、黄茶岭、天马山、先锋路5个街道和；原郊区的湘江乡（不包括杨柳村）、岳屏乡（不包括联合、岳屏、北塘3个村）以及衡南县的文昌乡；石鼓区辖原城北区的人民路、潇湘、青山、五一、合江5个街道和；原郊区的黄沙湾街道、松木乡和西湖乡的五一、建设、友爱、江霞4个村以及衡阳县的角山乡；湘区辖原城北区的蒸湘街道、原城南区的联合街道和原郊区的西湖乡（不包括五一、建设、友爱、江霞4个村）、；湘江乡的杨柳村、岳屏乡的联合、岳屏、北塘3个村以及衡南县的雨母山乡、衡阳县的呆鹰岭镇 | 郊区 | 无,2001年中华人民共和国县级以上行政区划变更列表,https://zh.wikipedia.org/wiki/2001%E5%B9%B4%E4%B8%AD%E5%8D%8E%E4%BA%BA%E6%B0%91%E5%85%B1%E5%92%8C%E5%9B%BD%E5%8E%BF%E7%BA%A7%E4%BB%A5%E4%B8%8A%E8%A1%8C%E6%94%BF%E5%8C%BA%E5%88%92%E5%8F%98%E6%9B%B4%E5%88%97%E8%A1%A8,93196020,wikipedia_row_loose_relation,SRC-WIKI-2001,wikipedia,,revisioned_secondary
WIKI-COUNTY-2001-01-016,2001,列表 / 县级单位调整,abolish_or_merge,衡阳市,CNUR-000185,珠晖区,,珠晖区,湖南省衡阳市 | 4月4日 | 撤销湖南省衡阳市江东区、城南区、城北区、郊区，设立衡阳市珠晖区、雁峰区、石鼓区、蒸湘区；珠晖区辖原江东区的行政区域以及原郊区的和平、酃湖、东阳渡3个乡和茶山拗镇；雁峰区辖原城南区的雁峰、白沙洲、黄茶岭、天马山、先锋路5个街道和；原郊区的湘江乡（不包括杨柳村）、岳屏乡（不包括联合、岳屏、北塘3个村）以及衡南县的文昌乡；石鼓区辖原城北区的人民路、潇湘、青山、五一、合江5个街道和；原郊区的黄沙湾街道、松木乡和西湖乡的五一、建设、友爱、江霞4个村以及衡阳县的角山乡；湘区辖原城北区的蒸湘街道、原城南区的联合街道和原郊区的西湖乡（不包括五一、建设、友爱、江霞4个村）、；湘江乡的杨柳村、岳屏乡的联合、岳屏、北塘3个村以及衡南县的雨母山乡、衡阳县的呆鹰岭镇 | 无 | 珠晖区,市辖区、县,county_level,湖南省衡阳市 | 4月4日 | 撤销湖南省衡阳市江东区、城南区、城北区、郊区，设立衡阳市珠晖区、雁峰区、石鼓区、蒸湘区；珠晖区辖原江东区的行政区域以及原郊区的和平、酃湖、东阳渡3个乡和茶山拗镇；雁峰区辖原城南区的雁峰、白沙洲、黄茶岭、天马山、先锋路5个街道和；原郊区的湘江乡（不包括杨柳村）、岳屏乡（不包括联合、岳屏、北塘3个村）以及衡南县的文昌乡；石鼓区辖原城北区的人民路、潇湘、青山、五一、合江5个街道和；原郊区的黄沙湾街道、松木乡和西湖乡的五一、建设、友爱、江霞4个村以及衡阳县的角山乡；湘区辖原城北区的蒸湘街道、原城南区的联合街道和原郊区的西湖乡（不包括五一、建设、友爱、江霞4个村）、；湘江乡的杨柳村、岳屏乡的联合、岳屏、北塘3个村以及衡南县的雨母山乡、衡阳县的呆鹰岭镇 | 无 | 珠晖区,2001年中华人民共和国县级以上行政区划变更列表,https://zh.wikipedia.org/wiki/2001%E5%B9%B4%E4%B8%AD%E5%8D%8E%E4%BA%BA%E6%B0%91%E5%85%B1%E5%92%8C%E5%9B%BD%E5%8E%BF%E7%BA%A7%E4%BB%A5%E4%B8%8A%E8%A1%8C%E6%94%BF%E5%8C%BA%E5%88%92%E5%8F%98%E6%9B%B4%E5%88%97%E8%A1%A8,93196020,wikipedia_row_loose_relation,SRC-WIKI-2001,wikipedia,,revisioned_secondary
WIKI-COUNTY-2001-01-017,2001,列表 / 县级单位调整,abolish_or_merge,衡阳市,CNUR-000185,雁峰区,,雁峰区,湖南省衡阳市 | 4月4日 | 撤销湖南省衡阳市江东区、城南区、城北区、郊区，设立衡阳市珠晖区、雁峰区、石鼓区、蒸湘区；珠晖区辖原江东区的行政区域以及原郊区的和平、酃湖、东阳渡3个乡和茶山拗镇；雁峰区辖原城南区的雁峰、白沙洲、黄茶岭、天马山、先锋路5个街道和；原郊区的湘江乡（不包括杨柳村）、岳屏乡（不包括联合、岳屏、北塘3个村）以及衡南县的文昌乡；石鼓区辖原城北区的人民路、潇湘、青山、五一、合江5个街道和；原郊区的黄沙湾街道、松木乡和西湖乡的五一、建设、友爱、江霞4个村以及衡阳县的角山乡；湘区辖原城北区的蒸湘街道、原城南区的联合街道和原郊区的西湖乡（不包括五一、建设、友爱、江霞4个村）、；湘江乡的杨柳村、岳屏乡的联合、岳屏、北塘3个村以及衡南县的雨母山乡、衡阳县的呆鹰岭镇 | 无 | 雁峰区,市辖区、县,county_level,湖南省衡阳市 | 4月4日 | 撤销湖南省衡阳市江东区、城南区、城北区、郊区，设立衡阳市珠晖区、雁峰区、石鼓区、蒸湘区；珠晖区辖原江东区的行政区域以及原郊区的和平、酃湖、东阳渡3个乡和茶山拗镇；雁峰区辖原城南区的雁峰、白沙洲、黄茶岭、天马山、先锋路5个街道和；原郊区的湘江乡（不包括杨柳村）、岳屏乡（不包括联合、岳屏、北塘3个村）以及衡南县的文昌乡；石鼓区辖原城北区的人民路、潇湘、青山、五一、合江5个街道和；原郊区的黄沙湾街道、松木乡和西湖乡的五一、建设、友爱、江霞4个村以及衡阳县的角山乡；湘区辖原城北区的蒸湘街道、原城南区的联合街道和原郊区的西湖乡（不包括五一、建设、友爱、江霞4个村）、；湘江乡的杨柳村、岳屏乡的联合、岳屏、北塘3个村以及衡南县的雨母山乡、衡阳县的呆鹰岭镇 | 无 | 雁峰区,2001年中华人民共和国县级以上行政区划变更列表,https://zh.wikipedia.org/wiki/2001%E5%B9%B4%E4%B8%AD%E5%8D%8E%E4%BA%BA%E6%B0%91%E5%85%B1%E5%92%8C%E5%9B%BD%E5%8E%BF%E7%BA%A7%E4%BB%A5%E4%B8%8A%E8%A1%8C%E6%94%BF%E5%8C%BA%E5%88%92%E5%8F%98%E6%9B%B4%E5%88%97%E8%A1%A8,93196020,wikipedia_row_loose_relation,SRC-WIKI-2001,wikipedia,,revisioned_secondary
WIKI-COUNTY-2001-01-018,2001,列表 / 县级单位调整,abolish_or_merge,衡阳市,CNUR-000185,石鼓区,,石鼓区,湖南省衡阳市 | 4月4日 | 撤销湖南省衡阳市江东区、城南区、城北区、郊区，设立衡阳市珠晖区、雁峰区、石鼓区、蒸湘区；珠晖区辖原江东区的行政区域以及原郊区的和平、酃湖、东阳渡3个乡和茶山拗镇；雁峰区辖原城南区的雁峰、白沙洲、黄茶岭、天马山、先锋路5个街道和；原郊区的湘江乡（不包括杨柳村）、岳屏乡（不包括联合、岳屏、北塘3个村）以及衡南县的文昌乡；石鼓区辖原城北区的人民路、潇湘、青山、五一、合江5个街道和；原郊区的黄沙湾街道、松木乡和西湖乡的五一、建设、友爱、江霞4个村以及衡阳县的角山乡；湘区辖原城北区的蒸湘街道、原城南区的联合街道和原郊区的西湖乡（不包括五一、建设、友爱、江霞4个村）、；湘江乡的杨柳村、岳屏乡的联合、岳屏、北塘3个村以及衡南县的雨母山乡、衡阳县的呆鹰岭镇 | 无 | 石鼓区,市辖区、县,county_level,湖南省衡阳市 | 4月4日 | 撤销湖南省衡阳市江东区、城南区、城北区、郊区，设立衡阳市珠晖区、雁峰区、石鼓区、蒸湘区；珠晖区辖原江东区的行政区域以及原郊区的和平、酃湖、东阳渡3个乡和茶山拗镇；雁峰区辖原城南区的雁峰、白沙洲、黄茶岭、天马山、先锋路5个街道和；原郊区的湘江乡（不包括杨柳村）、岳屏乡（不包括联合、岳屏、北塘3个村）以及衡南县的文昌乡；石鼓区辖原城北区的人民路、潇湘、青山、五一、合江5个街道和；原郊区的黄沙湾街道、松木乡和西湖乡的五一、建设、友爱、江霞4个村以及衡阳县的角山乡；湘区辖原城北区的蒸湘街道、原城南区的联合街道和原郊区的西湖乡（不包括五一、建设、友爱、江霞4个村）、；湘江乡的杨柳村、岳屏乡的联合、岳屏、北塘3个村以及衡南县的雨母山乡、衡阳县的呆鹰岭镇 | 无 | 石鼓区,2001年中华人民共和国县级以上行政区划变更列表,https://zh.wikipedia.org/wiki/2001%E5%B9%B4%E4%B8%AD%E5%8D%8E%E4%BA%BA%E6%B0%91%E5%85%B1%E5%92%8C%E5%9B%BD%E5%8E%BF%E7%BA%A7%E4%BB%A5%E4%B8%8A%E8%A1%8C%E6%94%BF%E5%8C%BA%E5%88%92%E5%8F%98%E6%9B%B4%E5%88%97%E8%A1%A8,93196020,wikipedia_row_loose_relation,SRC-WIKI-2001,wikipedia,,revisioned_secondary
WIKI-COUNTY-2001-01-019,2001,列表 / 县级单位调整,abolish_or_merge,衡阳市,CNUR-000185,蒸湘区,,蒸湘区,湖南省衡阳市 | 4月4日 | 撤销湖南省衡阳市江东区、城南区、城北区、郊区，设立衡阳市珠晖区、雁峰区、石鼓区、蒸湘区；珠晖区辖原江东区的行政区域以及原郊区的和平、酃湖、东阳渡3个乡和茶山拗镇；雁峰区辖原城南区的雁峰、白沙洲、黄茶岭、天马山、先锋路5个街道和；原郊区的湘江乡（不包括杨柳村）、岳屏乡（不包括联合、岳屏、北塘3个村）以及衡南县的文昌乡；石鼓区辖原城北区的人民路、潇湘、青山、五一、合江5个街道和；原郊区的黄沙湾街道、松木乡和西湖乡的五一、建设、友爱、江霞4个村以及衡阳县的角山乡；湘区辖原城北区的蒸湘街道、原城南区的联合街道和原郊区的西湖乡（不包括五一、建设、友爱、江霞4个村）、；湘江乡的杨柳村、岳屏乡的联合、岳屏、北塘3个村以及衡南县的雨母山乡、衡阳县的呆鹰岭镇 | 无 | 蒸湘区,市辖区、县,county_level,湖南省衡阳市 | 4月4日 | 撤销湖南省衡阳市江东区、城南区、城北区、郊区，设立衡阳市珠晖区、雁峰区、石鼓区、蒸湘区；珠晖区辖原江东区的行政区域以及原郊区的和平、酃湖、东阳渡3个乡和茶山拗镇；雁峰区辖原城南区的雁峰、白沙洲、黄茶岭、天马山、先锋路5个街道和；原郊区的湘江乡（不包括杨柳村）、岳屏乡（不包括联合、岳屏、北塘3个村）以及衡南县的文昌乡；石鼓区辖原城北区的人民路、潇湘、青山、五一、合江5个街道和；原郊区的黄沙湾街道、松木乡和西湖乡的五一、建设、友爱、江霞4个村以及衡阳县的角山乡；湘区辖原城北区的蒸湘街道、原城南区的联合街道和原郊区的西湖乡（不包括五一、建设、友爱、江霞4个村）、；湘江乡的杨柳村、岳屏乡的联合、岳屏、北塘3个村以及衡南县的雨母山乡、衡阳县的呆鹰岭镇 | 无 | 蒸湘区,2001年中华人民共和国县级以上行政区划变更列表,https://zh.wikipedia.org/wiki/2001%E5%B9%B4%E4%B8%AD%E5%8D%8E%E4%BA%BA%E6%B0%91%E5%85%B1%E5%92%8C%E5%9B%BD%E5%8E%BF%E7%BA%A7%E4%BB%A5%E4%B8%8A%E8%A1%8C%E6%94%BF%E5%8C%BA%E5%88%92%E5%8F%98%E6%9B%B4%E5%88%97%E8%A1%A8,93196020,wikipedia_row_loose_relation,SRC-WIKI-2001,wikipedia,,revisioned_secondary
WIKI-COUNTY-2001-01-020,2001,列表 / 县级单位调整,abolish_or_merge,珠海市、衡阳市,CNUR-000199、CNUR-000185,斗门县、斗门区,斗门县,斗门区,撤销广东省斗门县，设立珠海市斗门区；斗门区辖原斗门县的8个镇,市辖区、县,county_level,湖南省衡阳市 | 4月4日 | 撤销湖南省衡阳市江东区、城南区、城北区、郊区，设立衡阳市珠晖区、雁峰区、石鼓区、蒸湘区；珠晖区辖原江东区的行政区域以及原郊区的和平、酃湖、东阳渡3个乡和茶山拗镇；雁峰区辖原城南区的雁峰、白沙洲、黄茶岭、天马山、先锋路5个街道和；原郊区的湘江乡（不包括杨柳村）、岳屏乡（不包括联合、岳屏、北塘3个村）以及衡南县的文昌乡；石鼓区辖原城北区的人民路、潇湘、青山、五一、合江5个街道和；原郊区的黄沙湾街道、松木乡和西湖乡的五一、建设、友爱、江霞4个村以及衡阳县的角山乡；湘区辖原城北区的蒸湘街道、原城南区的联合街道和原郊区的西湖乡（不包括五一、建设、友爱、江霞4个村）、；湘江乡的杨柳村、岳屏乡的联合、岳屏、北塘3个村以及衡南县的雨母山乡、衡阳县的呆鹰岭镇 | 斗门县 | 广东省珠海市 | 撤销广东省斗门县，设立珠海市斗门区；斗门区辖原斗门县的8个镇 | 斗门区,2001年中华人民共和国县级以上行政区划变更列表,https://zh.wikipedia.org/wiki/2001%E5%B9%B4%E4%B8%AD%E5%8D%8E%E4%BA%BA%E6%B0%91%E5%85%B1%E5%92%8C%E5%9B%BD%E5%8E%BF%E7%BA%A7%E4%BB%A5%E4%B8%8A%E8%A1%8C%E6%94%BF%E5%8C%BA%E5%88%92%E5%8F%98%E6%9B%B4%E5%88%97%E8%A1%A8,93196020,wikipedia_row_loose_relation,SRC-WIKI-2001,wikipedia,,revisioned_secondary
WIKI-COUNTY-2001-01-021,2001,列表 / 县级单位调整,establish,珠海市,CNUR-000199,金湾区,,金湾区,设立广东省珠海市金湾区；金湾区辖珠海市香洲区的三灶、南水、小林3个镇和原斗门县的红旗、平沙2个镇,市辖区、旗、县,county_level,4月4日 | 广东省珠海市 | 无 | 设立广东省珠海市金湾区；金湾区辖珠海市香洲区的三灶、南水、小林3个镇和原斗门县的红旗、平沙2个镇 | 金湾区,2001年中华人民共和国县级以上行政区划变更列表,https://zh.wikipedia.org/wiki/2001%E5%B9%B4%E4%B8%AD%E5%8D%8E%E4%BA%BA%E6%B0%91%E5%85%B1%E5%92%8C%E5%9B%BD%E5%8E%BF%E7%BA%A7%E4%BB%A5%E4%B8%8A%E8%A1%8C%E6%94%BF%E5%8C%BA%E5%88%92%E5%8F%98%E6%9B%B4%E5%88%97%E8%A1%A8,93196020,wikipedia_row_loose_relation,SRC-WIKI-2001,wikipedia,,revisioned_secondary
WIKI-COUNTY-2001-01-022,2001,列表 / 县级单位调整,abolish_or_merge,济南市、珠海市,CNUR-000135、CNUR-000199,长清县、长清区,长清县,长清区,撤销山东省长清县，设立济南市长清区,市辖区、县,county_level,4月4日 | 广东省珠海市 | 长清县 | 山东省济南市 | 6月26日 | 撤销山东省长清县，设立济南市长清区 | 长清区,2001年中华人民共和国县级以上行政区划变更列表,https://zh.wikipedia.org/wiki/2001%E5%B9%B4%E4%B8%AD%E5%8D%8E%E4%BA%BA%E6%B0%91%E5%85%B1%E5%92%8C%E5%9B%BD%E5%8E%BF%E7%BA%A7%E4%BB%A5%E4%B8%8A%E8%A1%8C%E6%94%BF%E5%8C%BA%E5%88%92%E5%8F%98%E6%9B%B4%E5%88%97%E8%A1%A8,93196020,wikipedia_row_loose_relation,SRC-WIKI-2001,wikipedia,,revisioned_secondary
WIKI-COUNTY-2001-01-023,2001,列表 / 县级单位调整,jurisdiction_transfer,马鞍山市、鞍山市,CNUR-000102、CNUR-000039,向山区,向山区,,撤销安徽省马鞍山市向山区；将原向山区的慈湖乡划归马鞍山市金家庄区管辖，将霍里镇、濮搪镇划归马鞍山市花山区管辖；将雨山乡、佳山乡和向山镇划归马鞍山市雨山区管辖,市辖区,county_level,向山区 | 安徽省马鞍山市 | 7月1日 | 撤销安徽省马鞍山市向山区；将原向山区的慈湖乡划归马鞍山市金家庄区管辖，将霍里镇、濮搪镇划归马鞍山市花山区管辖；将雨山乡、佳山乡和向山镇划归马鞍山市雨山区管辖 | 无,2001年中华人民共和国县级以上行政区划变更列表,https://zh.wikipedia.org/wiki/2001%E5%B9%B4%E4%B8%AD%E5%8D%8E%E4%BA%BA%E6%B0%91%E5%85%B1%E5%92%8C%E5%9B%BD%E5%8E%BF%E7%BA%A7%E4%BB%A5%E4%B8%8A%E8%A1%8C%E6%94%BF%E5%8C%BA%E5%88%92%E5%8F%98%E6%9B%B4%E5%88%97%E8%A1%A8,93196020,wikipedia_row_loose_relation,SRC-WIKI-2001,wikipedia,,revisioned_secondary
WIKI-COUNTY-2001-01-024,2001,列表 / 县级单位调整,rename,,,,,,将海南省通什市更名为五指山市,,untyped_county_record,通什市 | 海南省 | 7月5日 | 将海南省通什市更名为五指山市 | 五指山市,2001年中华人民共和国县级以上行政区划变更列表,https://zh.wikipedia.org/wiki/2001%E5%B9%B4%E4%B8%AD%E5%8D%8E%E4%BA%BA%E6%B0%91%E5%85%B1%E5%92%8C%E5%9B%BD%E5%8E%BF%E7%BA%A7%E4%BB%A5%E4%B8%8A%E8%A1%8C%E6%94%BF%E5%8C%BA%E5%88%92%E5%8F%98%E6%9B%B4%E5%88%97%E8%A1%A8,93196020,wikipedia_row_unlinked,SRC-WIKI-2001,wikipedia,,revisioned_secondary
WIKI-COUNTY-2001-01-025,2001,列表 / 县级单位调整,jurisdiction_transfer,襄樊市,CNUR-000173,襄阳县、襄城区、樊城区、襄阳区,襄阳县,襄阳区,撤销湖北省襄阳县，设立襄樊市襄阳区；将原襄阳县的13个镇和襄樊市襄城区的米庄镇划归襄阳区管辖；将原襄阳县的牛首、太平店2个镇划归襄樊市樊城区管辖；将原襄阳县的欧庙、泥咀2个镇划归襄樊市襄城区管辖,市辖区、县,county_level,襄阳县 | 湖北省襄樊市 | 8月31日 | 撤销湖北省襄阳县，设立襄樊市襄阳区；将原襄阳县的13个镇和襄樊市襄城区的米庄镇划归襄阳区管辖；将原襄阳县的牛首、太平店2个镇划归襄樊市樊城区管辖；将原襄阳县的欧庙、泥咀2个镇划归襄樊市襄城区管辖 | 襄阳区,2001年中华人民共和国县级以上行政区划变更列表,https://zh.wikipedia.org/wiki/2001%E5%B9%B4%E4%B8%AD%E5%8D%8E%E4%BA%BA%E6%B0%91%E5%85%B1%E5%92%8C%E5%9B%BD%E5%8E%BF%E7%BA%A7%E4%BB%A5%E4%B8%8A%E8%A1%8C%E6%94%BF%E5%8C%BA%E5%88%92%E5%8F%98%E6%9B%B4%E5%88%97%E8%A1%A8,93196020,wikipedia_row_loose_relation,SRC-WIKI-2001,wikipedia,,revisioned_secondary
WIKI-COUNTY-2001-01-026,2001,列表 / 县级单位调整,jurisdiction_transfer,连云港市,CNUR-000080,云台区、连云区、新浦区,云台区,,撤销江苏省连云港市云台区；将原云台区的朝阳镇、徐圩镇、板桥镇和中云街道划归连云港市连云区管辖；将原云台区的南城镇、花果山乡、云台乡和猴嘴街道划归连云港市新浦区管辖,市辖区,county_level,云台区 | 江苏省连云港市 | 10月1日 | 撤销江苏省连云港市云台区；将原云台区的朝阳镇、徐圩镇、板桥镇和中云街道划归连云港市连云区管辖；将原云台区的南城镇、花果山乡、云台乡和猴嘴街道划归连云港市新浦区管辖 | 无,2001年中华人民共和国县级以上行政区划变更列表,https://zh.wikipedia.org/wiki/2001%E5%B9%B4%E4%B8%AD%E5%8D%8E%E4%BA%BA%E6%B0%91%E5%85%B1%E5%92%8C%E5%9B%BD%E5%8E%BF%E7%BA%A7%E4%BB%A5%E4%B8%8A%E8%A1%8C%E6%94%BF%E5%8C%BA%E5%88%92%E5%8F%98%E6%9B%B4%E5%88%97%E8%A1%A8,93196020,wikipedia_row_loose_relation,SRC-WIKI-2001,wikipedia,,revisioned_secondary
WIKI-COUNTY-2001-01-027,2001,列表 / 县级单位调整,rename,黄石市,CNUR-000170,石灰窑区、西塞山区,石灰窑区,西塞山区,将湖北省黄石市石灰窑区更名为西塞山区,市辖区,county_level,石灰窑区 | 湖北省黄石市 | 10月12日 | 将湖北省黄石市石灰窑区更名为西塞山区 | 西塞山区,2001年中华人民共和国县级以上行政区划变更列表,https://zh.wikipedia.org/wiki/2001%E5%B9%B4%E4%B8%AD%E5%8D%8E%E4%BA%BA%E6%B0%91%E5%85%B1%E5%92%8C%E5%9B%BD%E5%8E%BF%E7%BA%A7%E4%BB%A5%E4%B8%8A%E8%A1%8C%E6%94%BF%E5%8C%BA%E5%88%92%E5%8F%98%E6%9B%B4%E5%88%97%E8%A1%A8,93196020,wikipedia_row_loose_relation,SRC-WIKI-2001,wikipedia,,revisioned_secondary
WIKI-COUNTY-2001-01-028,2001,列表 / 县级单位调整,jurisdiction_transfer,南宁市,CNUR-000217,郊区、新城区、兴宁区、城北区、永新区、江南区,郊区,,撤销广西壮族自治区南宁市郊区；将原郊区的津头乡划归南宁市新城区管辖；将安吉、三塘2个镇和上尧乡的虎邱村划归南宁市兴宁区管辖；将金陵、双定、那龙、心圩4个镇和上尧乡的秀厢、秀灵、万秀、友爱、新村5个村划归南宁市城北区管辖；将石埠、江西、坛洛3个镇和富庶乡以及上尧乡的永和、上尧、陈东、陈西、西明5个村划归南宁市永新区管辖；将沙井、那洪2个镇和亭子乡划归南宁市江南区管辖,市辖区,county_level,郊区 | 广西壮族自治区南宁市 | 11月15日 | 撤销广西壮族自治区南宁市郊区；将原郊区的津头乡划归南宁市新城区管辖；将安吉、三塘2个镇和上尧乡的虎邱村划归南宁市兴宁区管辖；将金陵、双定、那龙、心圩4个镇和上尧乡的秀厢、秀灵、万秀、友爱、新村5个村划归南宁市城北区管辖；将石埠、江西、坛洛3个镇和富庶乡以及上尧乡的永和、上尧、陈东、陈西、西明5个村划归南宁市永新区管辖；将沙井、那洪2个镇和亭子乡划归南宁市江南区管辖 | 无,2001年中华人民共和国县级以上行政区划变更列表,https://zh.wikipedia.org/wiki/2001%E5%B9%B4%E4%B8%AD%E5%8D%8E%E4%BA%BA%E6%B0%91%E5%85%B1%E5%92%8C%E5%9B%BD%E5%8E%BF%E7%BA%A7%E4%BB%A5%E4%B8%8A%E8%A1%8C%E6%94%BF%E5%8C%BA%E5%88%92%E5%8F%98%E6%9B%B4%E5%88%97%E8%A1%A8,93196020,wikipedia_row_loose_relation,SRC-WIKI-2001,wikipedia,,revisioned_secondary
WIKI-COUNTY-2001-01-029,2001,列表 / 县级单位调整,abolish_or_merge,成都市,CNUR-000236,新都县、新都区,新都县,新都区,撤销四川省新都县，设立成都市新都区,市辖区、县,county_level,11月15日 | 新都县 | 四川省成都市 | 撤销四川省新都县，设立成都市新都区 | 新都区,2001年中华人民共和国县级以上行政区划变更列表,https://zh.wikipedia.org/wiki/2001%E5%B9%B4%E4%B8%AD%E5%8D%8E%E4%BA%BA%E6%B0%91%E5%85%B1%E5%92%8C%E5%9B%BD%E5%8E%BF%E7%BA%A7%E4%BB%A5%E4%B8%8A%E8%A1%8C%E6%94%BF%E5%8C%BA%E5%88%92%E5%8F%98%E6%9B%B4%E5%88%97%E8%A1%A8,93196020,wikipedia_row_loose_relation,SRC-WIKI-2001,wikipedia,,revisioned_secondary
WIKI-COUNTY-2001-01-030,2001,列表 / 县级单位调整,jurisdiction_transfer,衢州市,CNUR-000094,衢县、衢江区、柯城区,衢县,衢江区,撤销浙江省衢县，设立衢州市衢江区；将原衢县的12个乡和12个镇以及衢州市柯城区的浮石、下张2个乡和石室乡的黄坛口村划归衢江区管辖；将原衢县的华墅、沟溪、七里、九华4个乡和航埠、石梁2个镇划归衢州市柯城区管辖,市辖区、县,county_level,11月15日 | 衢县 | 浙江省衢州市 | 12月10日 | 撤销浙江省衢县，设立衢州市衢江区；将原衢县的12个乡和12个镇以及衢州市柯城区的浮石、下张2个乡和石室乡的黄坛口村划归衢江区管辖；将原衢县的华墅、沟溪、七里、九华4个乡和航埠、石梁2个镇划归衢州市柯城区管辖 | 衢江区,2001年中华人民共和国县级以上行政区划变更列表,https://zh.wikipedia.org/wiki/2001%E5%B9%B4%E4%B8%AD%E5%8D%8E%E4%BA%BA%E6%B0%91%E5%85%B1%E5%92%8C%E5%9B%BD%E5%8E%BF%E7%BA%A7%E4%BB%A5%E4%B8%8A%E8%A1%8C%E6%94%BF%E5%8C%BA%E5%88%92%E5%8F%98%E6%9B%B4%E5%88%97%E8%A1%A8,93196020,wikipedia_row_loose_relation,SRC-WIKI-2001,wikipedia,,revisioned_secondary
WIKI-COUNTY-2001-01-031,2001,列表 / 县级单位调整,rename,迪庆藏族自治州,CNUR-000281,中甸县、香格里拉县,中甸县,香格里拉县,将云南省中甸县更名为香格里拉县,县,county_level,中甸县 | 云南省迪庆藏族自治州 | 12月17日 | 将云南省中甸县更名为香格里拉县 | 香格里拉县,2001年中华人民共和国县级以上行政区划变更列表,https://zh.wikipedia.org/wiki/2001%E5%B9%B4%E4%B8%AD%E5%8D%8E%E4%BA%BA%E6%B0%91%E5%85%B1%E5%92%8C%E5%9B%BD%E5%8E%BF%E7%BA%A7%E4%BB%A5%E4%B8%8A%E8%A1%8C%E6%94%BF%E5%8C%BA%E5%88%92%E5%8F%98%E6%9B%B4%E5%88%97%E8%A1%A8,93196020,wikipedia_row_loose_relation,SRC-WIKI-2001,wikipedia,,revisioned_secondary
WIKI-COUNTY-2001-01-032,2001,列表 / 县级单位调整,abolish_or_merge,重庆市,CNUR-000235,长寿县、长寿区,长寿县,长寿区,撤销重庆市长寿县，设立重庆市长寿区,市辖区、县,county_level,长寿县 | 重庆市 | 12月25日 | 撤销重庆市长寿县，设立重庆市长寿区 | 长寿区,2001年中华人民共和国县级以上行政区划变更列表,https://zh.wikipedia.org/wiki/2001%E5%B9%B4%E4%B8%AD%E5%8D%8E%E4%BA%BA%E6%B0%91%E5%85%B1%E5%92%8C%E5%9B%BD%E5%8E%BF%E7%BA%A7%E4%BB%A5%E4%B8%8A%E8%A1%8C%E6%94%BF%E5%8C%BA%E5%88%92%E5%8F%98%E6%9B%B4%E5%88%97%E8%A1%A8,93196020,wikipedia_row_loose_relation,SRC-WIKI-2001,wikipedia,,revisioned_secondary
WIKI-COUNTY-2001-01-033,2001,列表 / 县级单位调整,rename,鹤壁市,CNUR-000157,郊区、淇滨区,郊区,淇滨区,将河南省鹤壁市郊区更名为鹤壁市淇滨区,市辖区,county_level,郊区 | 河南省鹤壁市 | 12月26日 | 将河南省鹤壁市郊区更名为鹤壁市淇滨区 | 淇滨区,2001年中华人民共和国县级以上行政区划变更列表,https://zh.wikipedia.org/wiki/2001%E5%B9%B4%E4%B8%AD%E5%8D%8E%E4%BA%BA%E6%B0%91%E5%85%B1%E5%92%8C%E5%9B%BD%E5%8E%BF%E7%BA%A7%E4%BB%A5%E4%B8%8A%E8%A1%8C%E6%94%BF%E5%8C%BA%E5%88%92%E5%8F%98%E6%9B%B4%E5%88%97%E8%A1%A8,93196020,wikipedia_row_loose_relation,SRC-WIKI-2001,wikipedia,,revisioned_secondary
WIKI-COUNTY-2001-01-034,2001,列表 / 县级单位调整,abolish_or_merge,北京市,CNUR-000001,怀柔县、怀柔区,怀柔县,怀柔区,撤销北京市怀柔县，设立北京市怀柔区,市辖区、县,county_level,怀柔县 | 北京市 | 12月30日 | 撤销北京市怀柔县，设立北京市怀柔区 | 怀柔区,2001年中华人民共和国县级以上行政区划变更列表,https://zh.wikipedia.org/wiki/2001%E5%B9%B4%E4%B8%AD%E5%8D%8E%E4%BA%BA%E6%B0%91%E5%85%B1%E5%92%8C%E5%9B%BD%E5%8E%BF%E7%BA%A7%E4%BB%A5%E4%B8%8A%E8%A1%8C%E6%94%BF%E5%8C%BA%E5%88%92%E5%8F%98%E6%9B%B4%E5%88%97%E8%A1%A8,93196020,wikipedia_row_loose_relation,SRC-WIKI-2001,wikipedia,,revisioned_secondary
WIKI-COUNTY-2001-01-035,2001,列表 / 县级单位调整,abolish_or_merge,北京市,CNUR-000001,平谷县、平谷区,平谷县,平谷区,撤销北京市平谷县，设立北京市平谷区,市辖区、县,county_level,北京市 | 12月30日 | 平谷县 | 撤销北京市平谷县，设立北京市平谷区 | 平谷区,2001年中华人民共和国县级以上行政区划变更列表,https://zh.wikipedia.org/wiki/2001%E5%B9%B4%E4%B8%AD%E5%8D%8E%E4%BA%BA%E6%B0%91%E5%85%B1%E5%92%8C%E5%9B%BD%E5%8E%BF%E7%BA%A7%E4%BB%A5%E4%B8%8A%E8%A1%8C%E6%94%BF%E5%8C%BA%E5%88%92%E5%8F%98%E6%9B%B4%E5%88%97%E8%A1%A8,93196020,wikipedia_row_loose_relation,SRC-WIKI-2001,wikipedia,,revisioned_secondary
WIKI-COUNTY-2001-02-002,2001,列表 / 乡镇调整,jurisdiction_transfer,绍兴市,CNUR-000092,绍兴县、越城区,绍兴县,越城区,将浙江省绍兴县的斗门（不含6个村）、东浦、鉴湖、皋埠和马山5个镇划归绍兴市越城区管辖,市辖区、县,county_level,绍兴县 | 浙江省绍兴市 | 1月13日 | 将浙江省绍兴县的斗门（不含6个村）、东浦、鉴湖、皋埠和马山5个镇划归绍兴市越城区管辖 | 越城区,2001年中华人民共和国县级以上行政区划变更列表,https://zh.wikipedia.org/wiki/2001%E5%B9%B4%E4%B8%AD%E5%8D%8E%E4%BA%BA%E6%B0%91%E5%85%B1%E5%92%8C%E5%9B%BD%E5%8E%BF%E7%BA%A7%E4%BB%A5%E4%B8%8A%E8%A1%8C%E6%94%BF%E5%8C%BA%E5%88%92%E5%8F%98%E6%9B%B4%E5%88%97%E8%A1%A8,93196020,wikipedia_row_loose_relation,SRC-WIKI-2001,wikipedia,,revisioned_secondary
WIKI-COUNTY-2001-02-003,2001,列表 / 乡镇调整,jurisdiction_transfer,乌鲁木齐市,CNUR-000326,乌鲁木齐县、东山区、天山区、新市区、沙依巴克区、头屯河区、水磨沟区,乌鲁木齐县、东山区,天山区、新市区、沙依巴克区、头屯河区、水磨沟区、东山区,将新疆维吾尔自治区乌鲁木齐县大湾乡（不包括仓房沟村）划归乌鲁木齐市天山区管辖；将二工乡（不包括九家湾村）和地窝堡乡（不包括河南庄子村）划归乌鲁木齐市新市区管辖；将大湾乡的仓房沟村和二工乡的九家湾村（不含八队）划归乌鲁木齐市沙依巴克区管辘；将地窝堡乡的河南庄子衬划归乌鲁木齐市头屯河区管辖；将乌鲁木齐县七道湾乡（不包括卡子湾衬）和乌鲁木齐市东山区芦草沟乡的水磨沟村划归乌鲁木齐市水磨沟区管辖；将七道湾乡的卡子湾村划归乌鲁木齐市东山区管辖,市辖区、县,county_level,1月13日 | 乌鲁木齐县；东山区 | 新疆维吾尔自治区乌鲁木齐市 | 将新疆维吾尔自治区乌鲁木齐县大湾乡（不包括仓房沟村）划归乌鲁木齐市天山区管辖；将二工乡（不包括九家湾村）和地窝堡乡（不包括河南庄子村）划归乌鲁木齐市新市区管辖；将大湾乡的仓房沟村和二工乡的九家湾村（不含八队）划归乌鲁木齐市沙依巴克区管辘；将地窝堡乡的河南庄子衬划归乌鲁木齐市头屯河区管辖；将乌鲁木齐县七道湾乡（不包括卡子湾衬）和乌鲁木齐市东山区芦草沟乡的水磨沟村划归乌鲁木齐市水磨沟区管辖；将七道湾乡的卡子湾村划归乌鲁木齐市东山区管辖 | 天山区；新市区；沙依巴克区；头屯河区；水磨沟区；东山区,2001年中华人民共和国县级以上行政区划变更列表,https://zh.wikipedia.org/wiki/2001%E5%B9%B4%E4%B8%AD%E5%8D%8E%E4%BA%BA%E6%B0%91%E5%85%B1%E5%92%8C%E5%9B%BD%E5%8E%BF%E7%BA%A7%E4%BB%A5%E4%B8%8A%E8%A1%8C%E6%94%BF%E5%8C%BA%E5%88%92%E5%8F%98%E6%9B%B4%E5%88%97%E8%A1%A8,93196020,wikipedia_row_loose_relation,SRC-WIKI-2001,wikipedia,,revisioned_secondary
WIKI-COUNTY-2001-02-004,2001,列表 / 乡镇调整,jurisdiction_transfer,温州市,CNUR-000089,永嘉县、瓯海区、龙湾区、鹿城区,永嘉县、瓯海区、龙湾区,鹿城区、龙湾区、瓯海区,将浙江省永嘉县的七都镇、桥下镇的中央涂居委会，温州市瓯海区的临江镇、藤桥镇、上戍乡、双潮乡、岙底乡和；梧埏镇的前网、鱼鳞浃、上田、划龙桥4个村，温州市龙湾区蒲州镇的蒲州、上蒲州2个村划归温州市鹿城区管辖；将瑞安市塘下镇的10个村和前冈、后冈2个居委会以及；鸥海区的永中、天河、沙城、灵昆4个镇划归温州市龙湾区管辖；将瑞安市的丽岙、仙岩2个镇划归温州市瓯海区管辖,市辖区、县,county_level,1月13日 | 永嘉县；瓯海区；龙湾区；瑞安市 | 浙江省温州市 | 7月27日 | 将浙江省永嘉县的七都镇、桥下镇的中央涂居委会，温州市瓯海区的临江镇、藤桥镇、上戍乡、双潮乡、岙底乡和；梧埏镇的前网、鱼鳞浃、上田、划龙桥4个村，温州市龙湾区蒲州镇的蒲州、上蒲州2个村划归温州市鹿城区管辖；将瑞安市塘下镇的10个村和前冈、后冈2个居委会以及；鸥海区的永中、天河、沙城、灵昆4个镇划归温州市龙湾区管辖；将瑞安市的丽岙、仙岩2个镇划归温州市瓯海区管辖 | 鹿城区；龙湾区；瓯海区,2001年中华人民共和国县级以上行政区划变更列表,https://zh.wikipedia.org/wiki/2001%E5%B9%B4%E4%B8%AD%E5%8D%8E%E4%BA%BA%E6%B0%91%E5%85%B1%E5%92%8C%E5%9B%BD%E5%8E%BF%E7%BA%A7%E4%BB%A5%E4%B8%8A%E8%A1%8C%E6%94%BF%E5%8C%BA%E5%88%92%E5%8F%98%E6%9B%B4%E5%88%97%E8%A1%A8,93196020,wikipedia_row_loose_relation,SRC-WIKI-2001,wikipedia,,revisioned_secondary
WIKI-COUNTY-2001-02-005,2001,列表 / 乡镇调整,jurisdiction_transfer,驻马店市,CNUR-000168,确山县、遂平县、驿城区,确山县、遂平县,驿城区,将河南省确山县的胡庙、朱古洞、古城3个乡和遂平县的关王庙、诸市2个乡以及汝南县的水屯镇划归驻马店市驿城区管辖,市辖区、县,county_level,确山县；遂平县 | 河南省驻马店市 | 12月25日 | 将河南省确山县的胡庙、朱古洞、古城3个乡和遂平县的关王庙、诸市2个乡以及汝南县的水屯镇划归驻马店市驿城区管辖 | 驿城区,2001年中华人民共和国县级以上行政区划变更列表,https://zh.wikipedia.org/wiki/2001%E5%B9%B4%E4%B8%AD%E5%8D%8E%E4%BA%BA%E6%B0%91%E5%85%B1%E5%92%8C%E5%9B%BD%E5%8E%BF%E7%BA%A7%E4%BB%A5%E4%B8%8A%E8%A1%8C%E6%94%BF%E5%8C%BA%E5%88%92%E5%8F%98%E6%9B%B4%E5%88%97%E8%A1%A8,93196020,wikipedia_row_loose_relation,SRC-WIKI-2001,wikipedia,,revisioned_secondary
WIKI-COUNTY-2001-03-002,2001,列表 / 政府驻地变更,residence_change,绍兴市,CNUR-000092,绍兴县,绍兴县,,绍兴县人民政府驻地由绍兴市越城区迁至绍兴县柯桥镇,县,county_level,绍兴县 | 浙江省绍兴市 | 1月13日 | 绍兴县人民政府驻地由绍兴市越城区迁至绍兴县柯桥镇,2001年中华人民共和国县级以上行政区划变更列表,https://zh.wikipedia.org/wiki/2001%E5%B9%B4%E4%B8%AD%E5%8D%8E%E4%BA%BA%E6%B0%91%E5%85%B1%E5%92%8C%E5%9B%BD%E5%8E%BF%E7%BA%A7%E4%BB%A5%E4%B8%8A%E8%A1%8C%E6%94%BF%E5%8C%BA%E5%88%92%E5%8F%98%E6%9B%B4%E5%88%97%E8%A1%A8,93196020,wikipedia_row_loose_relation,SRC-WIKI-2001,wikipedia,,revisioned_secondary
WIKI-COUNTY-2001-03-003,2001,列表 / 政府驻地变更,residence_change,湘西土家族苗族自治州,CNUR-000195,泸溪县,泸溪县,,将湖南省泸溪县人民政府驻地由武溪镇迁至白沙镇,县,county_level,泸溪县 | 湖南省湘西土家族苗族自治州 | 6月27日 | 将湖南省泸溪县人民政府驻地由武溪镇迁至白沙镇,2001年中华人民共和国县级以上行政区划变更列表,https://zh.wikipedia.org/wiki/2001%E5%B9%B4%E4%B8%AD%E5%8D%8E%E4%BA%BA%E6%B0%91%E5%85%B1%E5%92%8C%E5%9B%BD%E5%8E%BF%E7%BA%A7%E4%BB%A5%E4%B8%8A%E8%A1%8C%E6%94%BF%E5%8C%BA%E5%88%92%E5%8F%98%E6%9B%B4%E5%88%97%E8%A1%A8,93196020,wikipedia_row_loose_relation,SRC-WIKI-2001,wikipedia,,revisioned_secondary
WIKI-COUNTY-2001-03-004,2001,列表 / 政府驻地变更,residence_change,温州市,CNUR-000089,龙湾区,龙湾区,,龙湾区人民政府驻地由状元镇迁至永中镇,市辖区,county_level,龙湾区 | 浙江省温州市 | 7月27日 | 龙湾区人民政府驻地由状元镇迁至永中镇,2001年中华人民共和国县级以上行政区划变更列表,https://zh.wikipedia.org/wiki/2001%E5%B9%B4%E4%B8%AD%E5%8D%8E%E4%BA%BA%E6%B0%91%E5%85%B1%E5%92%8C%E5%9B%BD%E5%8E%BF%E7%BA%A7%E4%BB%A5%E4%B8%8A%E8%A1%8C%E6%94%BF%E5%8C%BA%E5%88%92%E5%8F%98%E6%9B%B4%E5%88%97%E8%A1%A8,93196020,wikipedia_row_loose_relation,SRC-WIKI-2001,wikipedia,,revisioned_secondary
WIKI-COUNTY-2001-03-005,2001,列表 / 政府驻地变更,residence_change,温州市,CNUR-000089,瓯海区,瓯海区,,浙江省温州市 | 7月27日 | 瓯海区 | 瓯海区人民政府驻地由兴海路迁娄桥镇,市辖区,county_level,浙江省温州市 | 7月27日 | 瓯海区 | 瓯海区人民政府驻地由兴海路迁娄桥镇,2001年中华人民共和国县级以上行政区划变更列表,https://zh.wikipedia.org/wiki/2001%E5%B9%B4%E4%B8%AD%E5%8D%8E%E4%BA%BA%E6%B0%91%E5%85%B1%E5%92%8C%E5%9B%BD%E5%8E%BF%E7%BA%A7%E4%BB%A5%E4%B8%8A%E8%A1%8C%E6%94%BF%E5%8C%BA%E5%88%92%E5%8F%98%E6%9B%B4%E5%88%97%E8%A1%A8,93196020,wikipedia_row_loose_relation,SRC-WIKI-2001,wikipedia,,revisioned_secondary
WIKI-COUNTY-2001-03-006,2001,列表 / 政府驻地变更,residence_change,长沙市、温州市,CNUR-000182、CNUR-000089,,,,将湖南省长沙市人民政府驻地由芙蓉区藩正街迁至岳麓区岳施大道,,untyped_county_record,浙江省温州市 | 7月27日 | 长沙市 | 湖南省 | 10月10日 | 将湖南省长沙市人民政府驻地由芙蓉区藩正街迁至岳麓区岳施大道,2001年中华人民共和国县级以上行政区划变更列表,https://zh.wikipedia.org/wiki/2001%E5%B9%B4%E4%B8%AD%E5%8D%8E%E4%BA%BA%E6%B0%91%E5%85%B1%E5%92%8C%E5%9B%BD%E5%8E%BF%E7%BA%A7%E4%BB%A5%E4%B8%8A%E8%A1%8C%E6%94%BF%E5%8C%BA%E5%88%92%E5%8F%98%E6%9B%B4%E5%88%97%E8%A1%A8,93196020,wikipedia_row_loose_relation,SRC-WIKI-2001,wikipedia,,revisioned_secondary
WIKI-COUNTY-2001-03-007,2001,列表 / 政府驻地变更,residence_change,宜宾市,CNUR-000248,高县,高县,,将四川省高县人民政府驻地由文江镇迁至庆符镇,县,county_level,高县 | 四川省宜宾市 | 12月17日 | 将四川省高县人民政府驻地由文江镇迁至庆符镇,2001年中华人民共和国县级以上行政区划变更列表,https://zh.wikipedia.org/wiki/2001%E5%B9%B4%E4%B8%AD%E5%8D%8E%E4%BA%BA%E6%B0%91%E5%85%B1%E5%92%8C%E5%9B%BD%E5%8E%BF%E7%BA%A7%E4%BB%A5%E4%B8%8A%E8%A1%8C%E6%94%BF%E5%8C%BA%E5%88%92%E5%8F%98%E6%9B%B4%E5%88%97%E8%A1%A8,93196020,wikipedia_row_loose_relation,SRC-WIKI-2001,wikipedia,,revisioned_secondary
WIKI-COUNTY-2001-03-008,2001,列表 / 政府驻地变更,residence_change,宜宾市,CNUR-000248,珙县,珙县,,将四川省珙县人民政府驻地由珙泉镇迁至巡场镇,县,county_level,四川省宜宾市 | 珙县 | 12月20日 | 将四川省珙县人民政府驻地由珙泉镇迁至巡场镇,2001年中华人民共和国县级以上行政区划变更列表,https://zh.wikipedia.org/wiki/2001%E5%B9%B4%E4%B8%AD%E5%8D%8E%E4%BA%BA%E6%B0%91%E5%85%B1%E5%92%8C%E5%9B%BD%E5%8E%BF%E7%BA%A7%E4%BB%A5%E4%B8%8A%E8%A1%8C%E6%94%BF%E5%8C%BA%E5%88%92%E5%8F%98%E6%9B%B4%E5%88%97%E8%A1%A8,93196020,wikipedia_row_loose_relation,SRC-WIKI-2001,wikipedia,,revisioned_secondary
WIKI-COUNTY-2001-03-009,2001,列表 / 政府驻地变更,residence_change,宜宾市、临沧市,CNUR-000248、CNUR-000273,镇康县,镇康县,,将云南省镇康县人民政府驻地由凤尾镇迁至南伞镇,县,county_level,四川省宜宾市 | 12月20日 | 镇康县 | 云南省临沧市 | 将云南省镇康县人民政府驻地由凤尾镇迁至南伞镇,2001年中华人民共和国县级以上行政区划变更列表,https://zh.wikipedia.org/wiki/2001%E5%B9%B4%E4%B8%AD%E5%8D%8E%E4%BA%BA%E6%B0%91%E5%85%B1%E5%92%8C%E5%9B%BD%E5%8E%BF%E7%BA%A7%E4%BB%A5%E4%B8%8A%E8%A1%8C%E6%94%BF%E5%8C%BA%E5%88%92%E5%8F%98%E6%9B%B4%E5%88%97%E8%A1%A8,93196020,wikipedia_row_loose_relation,SRC-WIKI-2001,wikipedia,,revisioned_secondary
WIKI-COUNTY-2001-03-010,2001,列表 / 政府驻地变更,residence_change,鹤壁市,CNUR-000157,,,,鹤壁市人民政府驻地由鹤壁市山城区红旗街迁至淇滨区九州路,旗,county_level,12月20日 | 鹤壁市 | 黑龙江省 | 12月26日 | 鹤壁市人民政府驻地由鹤壁市山城区红旗街迁至淇滨区九州路,2001年中华人民共和国县级以上行政区划变更列表,https://zh.wikipedia.org/wiki/2001%E5%B9%B4%E4%B8%AD%E5%8D%8E%E4%BA%BA%E6%B0%91%E5%85%B1%E5%92%8C%E5%9B%BD%E5%8E%BF%E7%BA%A7%E4%BB%A5%E4%B8%8A%E8%A1%8C%E6%94%BF%E5%8C%BA%E5%88%92%E5%8F%98%E6%9B%B4%E5%88%97%E8%A1%A8,93196020,wikipedia_row_loose_relation,SRC-WIKI-2001,wikipedia,,revisioned_secondary
WIKI-COUNTY-2002-01-002,2002,列表 / 县级单位变动,abolish_or_merge,唐山市,CNUR-000004,丰南市、丰南区,丰南市,丰南区,撤销河北省县级丰南市，设立唐山市丰南区,市辖区、县,county_level,丰南市 | 河北省唐山市 | 2月1日 | 撤销河北省县级丰南市，设立唐山市丰南区 | 丰南区,2002年中华人民共和国县级以上行政区划变更列表,https://zh.wikipedia.org/wiki/2002%E5%B9%B4%E4%B8%AD%E5%8D%8E%E4%BA%BA%E6%B0%91%E5%85%B1%E5%92%8C%E5%9B%BD%E5%8E%BF%E7%BA%A7%E4%BB%A5%E4%B8%8A%E8%A1%8C%E6%94%BF%E5%8C%BA%E5%88%92%E5%8F%98%E6%9B%B4%E5%88%97%E8%A1%A8,93197934,wikipedia_row_loose_relation,SRC-WIKI-2002,wikipedia,,revisioned_secondary
WIKI-COUNTY-2002-01-003,2002,列表 / 县级单位变动,abolish_or_merge,唐山市,CNUR-000004,丰润县、新区、丰润区,丰润县、新区,丰润区,撤销河北省丰润县和唐山市新区，设立唐山市丰润区,市辖区、县,county_level,河北省唐山市 | 2月1日 | 丰润县；新区 | 撤销河北省丰润县和唐山市新区，设立唐山市丰润区 | 丰润区,2002年中华人民共和国县级以上行政区划变更列表,https://zh.wikipedia.org/wiki/2002%E5%B9%B4%E4%B8%AD%E5%8D%8E%E4%BA%BA%E6%B0%91%E5%85%B1%E5%92%8C%E5%9B%BD%E5%8E%BF%E7%BA%A7%E4%BB%A5%E4%B8%8A%E8%A1%8C%E6%94%BF%E5%8C%BA%E5%88%92%E5%8F%98%E6%9B%B4%E5%88%97%E8%A1%A8,93197934,wikipedia_row_loose_relation,SRC-WIKI-2002,wikipedia,,revisioned_secondary
WIKI-COUNTY-2002-01-004,2002,列表 / 县级单位变动,abolish_or_merge,宁波市、唐山市,CNUR-000088、CNUR-000004,鄞县、鄞州区,鄞县,鄞州区,撤销浙江省鄞县，设立宁波市鄞州区,市辖区、县,county_level,河北省唐山市 | 2月1日 | 鄞县 | 浙江省宁波市 | 撤销浙江省鄞县，设立宁波市鄞州区 | 鄞州区,2002年中华人民共和国县级以上行政区划变更列表,https://zh.wikipedia.org/wiki/2002%E5%B9%B4%E4%B8%AD%E5%8D%8E%E4%BA%BA%E6%B0%91%E5%85%B1%E5%92%8C%E5%9B%BD%E5%8E%BF%E7%BA%A7%E4%BB%A5%E4%B8%8A%E8%A1%8C%E6%94%BF%E5%8C%BA%E5%88%92%E5%8F%98%E6%9B%B4%E5%88%97%E8%A1%A8,93197934,wikipedia_row_loose_relation,SRC-WIKI-2002,wikipedia,,revisioned_secondary
WIKI-COUNTY-2002-01-005,2002,列表 / 县级单位变动,jurisdiction_transfer,合肥市,CNUR-000098,东市区、瑶海区,东市区,瑶海区,安徽省合肥市东市区更名为合肥市瑶海区；将合肥市郊区的长淮、方庙2个街道和城东乡、七里塘镇、大兴镇，；以及肥东县的磨店乡和龙岗镇的8个村及新站、大店2个居委会划归瑶海区管辖,市辖区、县,county_level,2月1日 | 东市区 | 安徽省合肥市 | 安徽省合肥市东市区更名为合肥市瑶海区；将合肥市郊区的长淮、方庙2个街道和城东乡、七里塘镇、大兴镇，；以及肥东县的磨店乡和龙岗镇的8个村及新站、大店2个居委会划归瑶海区管辖 | 瑶海区,2002年中华人民共和国县级以上行政区划变更列表,https://zh.wikipedia.org/wiki/2002%E5%B9%B4%E4%B8%AD%E5%8D%8E%E4%BA%BA%E6%B0%91%E5%85%B1%E5%92%8C%E5%9B%BD%E5%8E%BF%E7%BA%A7%E4%BB%A5%E4%B8%8A%E8%A1%8C%E6%94%BF%E5%8C%BA%E5%88%92%E5%8F%98%E6%9B%B4%E5%88%97%E8%A1%A8,93197934,wikipedia_row_loose_relation,SRC-WIKI-2002,wikipedia,,revisioned_secondary
WIKI-COUNTY-2002-01-006,2002,列表 / 县级单位变动,jurisdiction_transfer,合肥市,CNUR-000098,中市区、庐阳区,中市区,庐阳区,安徽省合肥市中市区更名为合肥市庐阳区；将合肥市郊区的三十岗乡、杏花村镇、大杨镇划归庐阳区管辖,市辖区,county_level,2月1日 | 安徽省合肥市 | 中市区 | 安徽省合肥市中市区更名为合肥市庐阳区；将合肥市郊区的三十岗乡、杏花村镇、大杨镇划归庐阳区管辖 | 庐阳区,2002年中华人民共和国县级以上行政区划变更列表,https://zh.wikipedia.org/wiki/2002%E5%B9%B4%E4%B8%AD%E5%8D%8E%E4%BA%BA%E6%B0%91%E5%85%B1%E5%92%8C%E5%9B%BD%E5%8E%BF%E7%BA%A7%E4%BB%A5%E4%B8%8A%E8%A1%8C%E6%94%BF%E5%8C%BA%E5%88%92%E5%8F%98%E6%9B%B4%E5%88%97%E8%A1%A8,93197934,wikipedia_row_loose_relation,SRC-WIKI-2002,wikipedia,,revisioned_secondary
WIKI-COUNTY-2002-01-007,2002,列表 / 县级单位变动,jurisdiction_transfer,合肥市,CNUR-000098,西市区、蜀山区,西市区,蜀山区,安徽省合肥市西市区更名为合肥市蜀山区；将合肥市郊区的井岗镇划归到蜀山区管辖,市辖区,county_level,2月1日 | 安徽省合肥市 | 西市区 | 安徽省合肥市西市区更名为合肥市蜀山区；将合肥市郊区的井岗镇划归到蜀山区管辖 | 蜀山区,2002年中华人民共和国县级以上行政区划变更列表,https://zh.wikipedia.org/wiki/2002%E5%B9%B4%E4%B8%AD%E5%8D%8E%E4%BA%BA%E6%B0%91%E5%85%B1%E5%92%8C%E5%9B%BD%E5%8E%BF%E7%BA%A7%E4%BB%A5%E4%B8%8A%E8%A1%8C%E6%94%BF%E5%8C%BA%E5%88%92%E5%8F%98%E6%9B%B4%E5%88%97%E8%A1%A8,93197934,wikipedia_row_loose_relation,SRC-WIKI-2002,wikipedia,,revisioned_secondary
WIKI-COUNTY-2002-01-008,2002,列表 / 县级单位变动,jurisdiction_transfer,合肥市,CNUR-000098,郊区、包河区,郊区,包河区,安徽省合肥市郊区更名为合肥市包河区；将原西市区的巢湖路、芜湖路、宁国路3个街道划归包河区管辖,市辖区,county_level,2月1日 | 安徽省合肥市 | 郊区 | 安徽省合肥市郊区更名为合肥市包河区；将原西市区的巢湖路、芜湖路、宁国路3个街道划归包河区管辖 | 包河区,2002年中华人民共和国县级以上行政区划变更列表,https://zh.wikipedia.org/wiki/2002%E5%B9%B4%E4%B8%AD%E5%8D%8E%E4%BA%BA%E6%B0%91%E5%85%B1%E5%92%8C%E5%9B%BD%E5%8E%BF%E7%BA%A7%E4%BB%A5%E4%B8%8A%E8%A1%8C%E6%94%BF%E5%8C%BA%E5%88%92%E5%8F%98%E6%9B%B4%E5%88%97%E8%A1%A8,93197934,wikipedia_row_loose_relation,SRC-WIKI-2002,wikipedia,,revisioned_secondary
WIKI-COUNTY-2002-01-009,2002,列表 / 县级单位变动,jurisdiction_transfer,莆田市、合肥市,CNUR-000117、CNUR-000098,莆田县,莆田县,,撤销福建省莆田县；将原莆田县的常太、华亭、灵川、东海4个镇划归莆田市城厢区管辖；原莆田县的江口、梧塘、秋芦、白沙、新县、庄边6个镇和大洋乡划归莆田市涵江区管辖,县,county_level,2月1日 | 安徽省合肥市 | 莆田县 | 福建省莆田市 | 撤销福建省莆田县；将原莆田县的常太、华亭、灵川、东海4个镇划归莆田市城厢区管辖；原莆田县的江口、梧塘、秋芦、白沙、新县、庄边6个镇和大洋乡划归莆田市涵江区管辖 | 无,2002年中华人民共和国县级以上行政区划变更列表,https://zh.wikipedia.org/wiki/2002%E5%B9%B4%E4%B8%AD%E5%8D%8E%E4%BA%BA%E6%B0%91%E5%85%B1%E5%92%8C%E5%9B%BD%E5%8E%BF%E7%BA%A7%E4%BB%A5%E4%B8%8A%E8%A1%8C%E6%94%BF%E5%8C%BA%E5%88%92%E5%8F%98%E6%9B%B4%E5%88%97%E8%A1%A8,93197934,wikipedia_row_loose_relation,SRC-WIKI-2002,wikipedia,,revisioned_secondary
WIKI-COUNTY-2002-01-010,2002,列表 / 县级单位变动,jurisdiction_transfer,莆田市,CNUR-000117,荔城区,,荔城区,设立莆田市荔城区；将城厢区荔城街道的5个居委会，城南乡的6个村，城郊乡的12个村；以及原莆田县的西天尾、新度、黄石、北高4个镇划归荔城区管辖,市辖区、县,county_level,2月1日 | 福建省莆田市 | 无 | 设立莆田市荔城区；将城厢区荔城街道的5个居委会，城南乡的6个村，城郊乡的12个村；以及原莆田县的西天尾、新度、黄石、北高4个镇划归荔城区管辖 | 荔城区,2002年中华人民共和国县级以上行政区划变更列表,https://zh.wikipedia.org/wiki/2002%E5%B9%B4%E4%B8%AD%E5%8D%8E%E4%BA%BA%E6%B0%91%E5%85%B1%E5%92%8C%E5%9B%BD%E5%8E%BF%E7%BA%A7%E4%BB%A5%E4%B8%8A%E8%A1%8C%E6%94%BF%E5%8C%BA%E5%88%92%E5%8F%98%E6%9B%B4%E5%88%97%E8%A1%A8,93197934,wikipedia_row_loose_relation,SRC-WIKI-2002,wikipedia,,revisioned_secondary
WIKI-COUNTY-2002-01-011,2002,列表 / 县级单位变动,jurisdiction_transfer,莆田市,CNUR-000117,秀屿区,,秀屿区,设立莆田市秀屿区；将原莆田县的9个镇和山亭、月塘2个乡划归秀屿区管辖,市辖区、县,county_level,2月1日 | 福建省莆田市 | 无 | 设立莆田市秀屿区；将原莆田县的9个镇和山亭、月塘2个乡划归秀屿区管辖 | 秀屿区,2002年中华人民共和国县级以上行政区划变更列表,https://zh.wikipedia.org/wiki/2002%E5%B9%B4%E4%B8%AD%E5%8D%8E%E4%BA%BA%E6%B0%91%E5%85%B1%E5%92%8C%E5%9B%BD%E5%8E%BF%E7%BA%A7%E4%BB%A5%E4%B8%8A%E8%A1%8C%E6%94%BF%E5%8C%BA%E5%88%92%E5%8F%98%E6%9B%B4%E5%88%97%E8%A1%A8,93197934,wikipedia_row_loose_relation,SRC-WIKI-2002,wikipedia,,revisioned_secondary
WIKI-COUNTY-2002-01-012,2002,列表 / 县级单位变动,rename,铁岭市、莆田市,CNUR-000048、CNUR-000117,,,,辽宁省铁法市更名为调兵山市,,untyped_county_record,2月1日 | 福建省莆田市 | 无 | 铁法市 | 辽宁省铁岭市 | 2月20日 | 辽宁省铁法市更名为调兵山市 | 调兵山市,2002年中华人民共和国县级以上行政区划变更列表,https://zh.wikipedia.org/wiki/2002%E5%B9%B4%E4%B8%AD%E5%8D%8E%E4%BA%BA%E6%B0%91%E5%85%B1%E5%92%8C%E5%9B%BD%E5%8E%BF%E7%BA%A7%E4%BB%A5%E4%B8%8A%E8%A1%8C%E6%94%BF%E5%8C%BA%E5%88%92%E5%8F%98%E6%9B%B4%E5%88%97%E8%A1%A8,93197934,wikipedia_row_loose_relation,SRC-WIKI-2002,wikipedia,,revisioned_secondary
WIKI-COUNTY-2002-01-013,2002,列表 / 县级单位变动,rename,乌鲁木齐市,CNUR-000326,南泉区、达坂城区,南泉区,达坂城区,南泉区更名为乌鲁木齐市达坂城区,市辖区,county_level,南泉区 | 新疆维吾尔自治区乌鲁木齐市 | 3月9日 | 南泉区更名为乌鲁木齐市达坂城区 | 达坂城区,2002年中华人民共和国县级以上行政区划变更列表,https://zh.wikipedia.org/wiki/2002%E5%B9%B4%E4%B8%AD%E5%8D%8E%E4%BA%BA%E6%B0%91%E5%85%B1%E5%92%8C%E5%9B%BD%E5%8E%BF%E7%BA%A7%E4%BB%A5%E4%B8%8A%E8%A1%8C%E6%94%BF%E5%8C%BA%E5%88%92%E5%8F%98%E6%9B%B4%E5%88%97%E8%A1%A8,93197934,wikipedia_row_loose_relation,SRC-WIKI-2002,wikipedia,,revisioned_secondary
WIKI-COUNTY-2002-01-014,2002,列表 / 县级单位变动,abolish_or_merge,常州市,CNUR-000077,武进市、武进区,武进市,武进区,撤销江苏省县级武进市，设立常州市武进区，武进区辖原县级武进市的23个镇,市辖区、县,county_level,武进市 | 江苏省常州市 | 4月3日 | 撤销江苏省县级武进市，设立常州市武进区，武进区辖原县级武进市的23个镇 | 武进区,2002年中华人民共和国县级以上行政区划变更列表,https://zh.wikipedia.org/wiki/2002%E5%B9%B4%E4%B8%AD%E5%8D%8E%E4%BA%BA%E6%B0%91%E5%85%B1%E5%92%8C%E5%9B%BD%E5%8E%BF%E7%BA%A7%E4%BB%A5%E4%B8%8A%E8%A1%8C%E6%94%BF%E5%8C%BA%E5%88%92%E5%8F%98%E6%9B%B4%E5%88%97%E8%A1%A8,93197934,wikipedia_row_loose_relation,SRC-WIKI-2002,wikipedia,,revisioned_secondary
WIKI-COUNTY-2002-01-015,2002,列表 / 县级单位变动,jurisdiction_transfer,常州市,CNUR-000077,郊区、新北区,郊区,新北区,江苏省常州市郊区更名为常州市新北区；新北区辖原常州市郊区的河海街道、三井乡和龙虎糖、新桥、百丈、圩塘4个镇以及；原县级武进市的薛家、安家、魏村、罗溪、西厦墅、小河、孟河7个镇；将原常州市郊区的永红、五星、西林、北港4个乡和新闸镇划归常州市钟楼区管辖；将原常州市郊区的茶山、雕庄、红梅、背龙4个乡划归常州市天宁区管辖,市辖区、县,county_level,江苏省常州市 | 4月3日 | 郊区 | 江苏省常州市郊区更名为常州市新北区；新北区辖原常州市郊区的河海街道、三井乡和龙虎糖、新桥、百丈、圩塘4个镇以及；原县级武进市的薛家、安家、魏村、罗溪、西厦墅、小河、孟河7个镇；将原常州市郊区的永红、五星、西林、北港4个乡和新闸镇划归常州市钟楼区管辖；将原常州市郊区的茶山、雕庄、红梅、背龙4个乡划归常州市天宁区管辖 | 新北区,2002年中华人民共和国县级以上行政区划变更列表,https://zh.wikipedia.org/wiki/2002%E5%B9%B4%E4%B8%AD%E5%8D%8E%E4%BA%BA%E6%B0%91%E5%85%B1%E5%92%8C%E5%9B%BD%E5%8E%BF%E7%BA%A7%E4%BB%A5%E4%B8%8A%E8%A1%8C%E6%94%BF%E5%8C%BA%E5%88%92%E5%8F%98%E6%9B%B4%E5%88%97%E8%A1%A8,93197934,wikipedia_row_loose_relation,SRC-WIKI-2002,wikipedia,,revisioned_secondary
WIKI-COUNTY-2002-01-016,2002,列表 / 县级单位变动,abolish_or_merge,常州市、南京市,CNUR-000077、CNUR-000074,浦口区、江浦县,浦口区、江浦县,浦口区,撤销江苏省南京市浦口区和江浦县，设立新的南京市浦口区,市辖区、县,county_level,江苏省常州市 | 4月3日 | 浦口区；江浦县 | 江苏省南京市 | 撤销江苏省南京市浦口区和江浦县，设立新的南京市浦口区 | 浦口区,2002年中华人民共和国县级以上行政区划变更列表,https://zh.wikipedia.org/wiki/2002%E5%B9%B4%E4%B8%AD%E5%8D%8E%E4%BA%BA%E6%B0%91%E5%85%B1%E5%92%8C%E5%9B%BD%E5%8E%BF%E7%BA%A7%E4%BB%A5%E4%B8%8A%E8%A1%8C%E6%94%BF%E5%8C%BA%E5%88%92%E5%8F%98%E6%9B%B4%E5%88%97%E8%A1%A8,93197934,wikipedia_row_loose_relation,SRC-WIKI-2002,wikipedia,,revisioned_secondary
WIKI-COUNTY-2002-01-017,2002,列表 / 县级单位变动,abolish_or_merge,南京市,CNUR-000074,大厂区、六合县、六合区,大厂区、六合县,六合区,撤销江苏省南京市大厂区和六合县，设立南京市六合区,市辖区、县,county_level,4月3日 | 江苏省南京市 | 大厂区；六合县 | 撤销江苏省南京市大厂区和六合县，设立南京市六合区 | 六合区,2002年中华人民共和国县级以上行政区划变更列表,https://zh.wikipedia.org/wiki/2002%E5%B9%B4%E4%B8%AD%E5%8D%8E%E4%BA%BA%E6%B0%91%E5%85%B1%E5%92%8C%E5%9B%BD%E5%8E%BF%E7%BA%A7%E4%BB%A5%E4%B8%8A%E8%A1%8C%E6%94%BF%E5%8C%BA%E5%88%92%E5%8F%98%E6%9B%B4%E5%88%97%E8%A1%A8,93197934,wikipedia_row_loose_relation,SRC-WIKI-2002,wikipedia,,revisioned_secondary
WIKI-COUNTY-2002-01-018,2002,列表 / 县级单位变动,abolish_or_merge,南京市、镇江市,CNUR-000074、CNUR-000084,丹徒县、丹徒区,丹徒县,丹徒区,撤销江苏省丹徒县，设立镇江市丹徒区,市辖区、县,county_level,4月3日 | 江苏省南京市 | 丹徒县 | 江苏省镇江市 | 撤销江苏省丹徒县，设立镇江市丹徒区 | 丹徒区,2002年中华人民共和国县级以上行政区划变更列表,https://zh.wikipedia.org/wiki/2002%E5%B9%B4%E4%B8%AD%E5%8D%8E%E4%BA%BA%E6%B0%91%E5%85%B1%E5%92%8C%E5%9B%BD%E5%8E%BF%E7%BA%A7%E4%BB%A5%E4%B8%8A%E8%A1%8C%E6%94%BF%E5%8C%BA%E5%88%92%E5%8F%98%E6%9B%B4%E5%88%97%E8%A1%A8,93197934,wikipedia_row_loose_relation,SRC-WIKI-2002,wikipedia,,revisioned_secondary
WIKI-COUNTY-2002-01-019,2002,列表 / 县级单位变动,abolish_or_merge,成都市,CNUR-000236,温江县、温江区,温江县,温江区,撤销四川省温江县，设立成都市温江区,市辖区、县,county_level,4月3日 | 温江县 | 四川省成都市 | 4月14日 | 撤销四川省温江县，设立成都市温江区 | 温江区,2002年中华人民共和国县级以上行政区划变更列表,https://zh.wikipedia.org/wiki/2002%E5%B9%B4%E4%B8%AD%E5%8D%8E%E4%BA%BA%E6%B0%91%E5%85%B1%E5%92%8C%E5%9B%BD%E5%8E%BF%E7%BA%A7%E4%BB%A5%E4%B8%8A%E8%A1%8C%E6%94%BF%E5%8C%BA%E5%88%92%E5%8F%98%E6%9B%B4%E5%88%97%E8%A1%A8,93197934,wikipedia_row_loose_relation,SRC-WIKI-2002,wikipedia,,revisioned_secondary
WIKI-COUNTY-2002-01-020,2002,列表 / 县级单位变动,abolish_or_merge,西安市,CNUR-000289,长安县、长安区,长安县,长安区,撤销陕西省长安县，设立西安市长安区,市辖区、县,county_level,长安县 | 陕西省西安市 | 6月2日 | 撤销陕西省长安县，设立西安市长安区 | 长安区,2002年中华人民共和国县级以上行政区划变更列表,https://zh.wikipedia.org/wiki/2002%E5%B9%B4%E4%B8%AD%E5%8D%8E%E4%BA%BA%E6%B0%91%E5%85%B1%E5%92%8C%E5%9B%BD%E5%8E%BF%E7%BA%A7%E4%BB%A5%E4%B8%8A%E8%A1%8C%E6%94%BF%E5%8C%BA%E5%88%92%E5%8F%98%E6%9B%B4%E5%88%97%E8%A1%A8,93197934,wikipedia_row_loose_relation,SRC-WIKI-2002,wikipedia,,revisioned_secondary
WIKI-COUNTY-2002-01-021,2002,列表 / 县级单位变动,rename,南昌市,CNUR-000124,郊区、青山湖区,郊区,青山湖区,江西省南昌市郊区更名为青山湖区,市辖区,county_level,郊区 | 江西省南昌市 | 6月6日 | 江西省南昌市郊区更名为青山湖区 | 青山湖区,2002年中华人民共和国县级以上行政区划变更列表,https://zh.wikipedia.org/wiki/2002%E5%B9%B4%E4%B8%AD%E5%8D%8E%E4%BA%BA%E6%B0%91%E5%85%B1%E5%92%8C%E5%9B%BD%E5%8E%BF%E7%BA%A7%E4%BB%A5%E4%B8%8A%E8%A1%8C%E6%94%BF%E5%8C%BA%E5%88%92%E5%8F%98%E6%9B%B4%E5%88%97%E8%A1%A8,93197934,wikipedia_row_loose_relation,SRC-WIKI-2002,wikipedia,,revisioned_secondary
WIKI-COUNTY-2002-01-022,2002,列表 / 县级单位变动,abolish_or_merge,铜川市,CNUR-000290,耀县、耀州区,耀县,耀州区,撤销陕西省耀县，设立铜川市耀州区,市辖区、县,county_level,耀县 | 陕西省铜川市 | 6月18日 | 撤销陕西省耀县，设立铜川市耀州区 | 耀州区,2002年中华人民共和国县级以上行政区划变更列表,https://zh.wikipedia.org/wiki/2002%E5%B9%B4%E4%B8%AD%E5%8D%8E%E4%BA%BA%E6%B0%91%E5%85%B1%E5%92%8C%E5%9B%BD%E5%8E%BF%E7%BA%A7%E4%BB%A5%E4%B8%8A%E8%A1%8C%E6%94%BF%E5%8C%BA%E5%88%92%E5%8F%98%E6%9B%B4%E5%88%97%E8%A1%A8,93197934,wikipedia_row_loose_relation,SRC-WIKI-2002,wikipedia,,revisioned_secondary
WIKI-COUNTY-2002-01-023,2002,列表 / 县级单位变动,jurisdiction_transfer,江门市,CNUR-000202,新会市、蓬江区、新会区,新会市,新会区,撤销广东省县级新会市，设立江门市新会区；将原县级新会市的棠下镇、荷塘镇、杜阮镇划归江门市蓬江区管辖,市辖区、县,county_level,新会市 | 广东省江门市 | 6月22日 | 撤销广东省县级新会市，设立江门市新会区；将原县级新会市的棠下镇、荷塘镇、杜阮镇划归江门市蓬江区管辖 | 新会区,2002年中华人民共和国县级以上行政区划变更列表,https://zh.wikipedia.org/wiki/2002%E5%B9%B4%E4%B8%AD%E5%8D%8E%E4%BA%BA%E6%B0%91%E5%85%B1%E5%92%8C%E5%9B%BD%E5%8E%BF%E7%BA%A7%E4%BB%A5%E4%B8%8A%E8%A1%8C%E6%94%BF%E5%8C%BA%E5%88%92%E5%8F%98%E6%9B%B4%E5%88%97%E8%A1%A8,93197934,wikipedia_row_loose_relation,SRC-WIKI-2002,wikipedia,,revisioned_secondary
WIKI-COUNTY-2002-01-024,2002,列表 / 县级单位变动,jurisdiction_transfer,柳州市,CNUR-000218,郊区、柳北区、鱼峰区、柳南区、城中区,郊区,,撤销广西壮族自治区柳州市郊区；将原郊区的长塘镇、沙塘镇、石碑坪镇、洛埠镇、白露乡和黄村乡的白沙、黄村、雅莲3个村划归柳州市柳北区管辖；羊角山镇的水南、架鹤、鸡喇、社湾、阳和5个村和鸡喇居委会划归柳州市鱼峰区管辖；太阳村镇、西鹅乡和羊角山镇的新云、门头、帽合3个村以及黄村乡的渡口、基隆、磨滩3个村划归柳州市柳南区管辖；柳东镇和鱼峰区的潭中街道划归柳州市城中区管辖,市辖区,county_level,6月22日 | 郊区 | 广西壮族自治区柳州市 | 撤销广西壮族自治区柳州市郊区；将原郊区的长塘镇、沙塘镇、石碑坪镇、洛埠镇、白露乡和黄村乡的白沙、黄村、雅莲3个村划归柳州市柳北区管辖；羊角山镇的水南、架鹤、鸡喇、社湾、阳和5个村和鸡喇居委会划归柳州市鱼峰区管辖；太阳村镇、西鹅乡和羊角山镇的新云、门头、帽合3个村以及黄村乡的渡口、基隆、磨滩3个村划归柳州市柳南区管辖；柳东镇和鱼峰区的潭中街道划归柳州市城中区管辖 | 无,2002年中华人民共和国县级以上行政区划变更列表,https://zh.wikipedia.org/wiki/2002%E5%B9%B4%E4%B8%AD%E5%8D%8E%E4%BA%BA%E6%B0%91%E5%85%B1%E5%92%8C%E5%9B%BD%E5%8E%BF%E7%BA%A7%E4%BB%A5%E4%B8%8A%E8%A1%8C%E6%94%BF%E5%8C%BA%E5%88%92%E5%8F%98%E6%9B%B4%E5%88%97%E8%A1%A8,93197934,wikipedia_row_loose_relation,SRC-WIKI-2002,wikipedia,,revisioned_secondary
WIKI-COUNTY-2002-01-025,2002,列表 / 县级单位变动,establish,,,阿拉尔市,,阿拉尔市,新疆维吾尔自治区设立县级阿拉尔市，阿拉尔市由新疆维吾尔自治区直辖,县,county_level,6月22日 | 无 | 新疆维吾尔自治区 | 9月17日 | 新疆维吾尔自治区设立县级阿拉尔市，阿拉尔市由新疆维吾尔自治区直辖 | 阿拉尔市,2002年中华人民共和国县级以上行政区划变更列表,https://zh.wikipedia.org/wiki/2002%E5%B9%B4%E4%B8%AD%E5%8D%8E%E4%BA%BA%E6%B0%91%E5%85%B1%E5%92%8C%E5%9B%BD%E5%8E%BF%E7%BA%A7%E4%BB%A5%E4%B8%8A%E8%A1%8C%E6%94%BF%E5%8C%BA%E5%88%92%E5%8F%98%E6%9B%B4%E5%88%97%E8%A1%A8,93197934,wikipedia_row_unlinked,SRC-WIKI-2002,wikipedia,,revisioned_secondary
WIKI-COUNTY-2002-01-026,2002,列表 / 县级单位变动,establish,,,图木舒克市,,图木舒克市,新疆维吾尔自治区设立县级图木舒克市，图木舒克市由新疆维吾尔自治区直辖,县,county_level,无 | 新疆维吾尔自治区 | 9月17日 | 新疆维吾尔自治区设立县级图木舒克市，图木舒克市由新疆维吾尔自治区直辖 | 图木舒克市,2002年中华人民共和国县级以上行政区划变更列表,https://zh.wikipedia.org/wiki/2002%E5%B9%B4%E4%B8%AD%E5%8D%8E%E4%BA%BA%E6%B0%91%E5%85%B1%E5%92%8C%E5%9B%BD%E5%8E%BF%E7%BA%A7%E4%BB%A5%E4%B8%8A%E8%A1%8C%E6%94%BF%E5%8C%BA%E5%88%92%E5%8F%98%E6%9B%B4%E5%88%97%E8%A1%A8,93197934,wikipedia_row_unlinked,SRC-WIKI-2002,wikipedia,,revisioned_secondary
WIKI-COUNTY-2002-01-027,2002,列表 / 县级单位变动,establish,,,五家渠市,,五家渠市,新疆维吾尔自治区设立县级五家渠市，五家渠市由新疆维吾尔自治区直辖,县,county_level,无 | 新疆维吾尔自治区 | 9月17日 | 新疆维吾尔自治区设立县级五家渠市，五家渠市由新疆维吾尔自治区直辖 | 五家渠市,2002年中华人民共和国县级以上行政区划变更列表,https://zh.wikipedia.org/wiki/2002%E5%B9%B4%E4%B8%AD%E5%8D%8E%E4%BA%BA%E6%B0%91%E5%85%B1%E5%92%8C%E5%9B%BD%E5%8E%BF%E7%BA%A7%E4%BB%A5%E4%B8%8A%E8%A1%8C%E6%94%BF%E5%8C%BA%E5%88%92%E5%8F%98%E6%9B%B4%E5%88%97%E8%A1%A8,93197934,wikipedia_row_unlinked,SRC-WIKI-2002,wikipedia,,revisioned_secondary
WIKI-COUNTY-2002-01-028,2002,列表 / 县级单位变动,abolish_or_merge,海口市,CNUR-000231,秀英区、新华区、振东区、龙华区、琼山区、美兰区,秀英区、新华区、振东区,秀英区、龙华区、琼山区、美兰区,撤销海南省琼山市和海口市秀英区、新华区、振东区，设立海口市秀英区、龙华区、琼山区、美兰区；秀英区将海口市原秀英区的行政区域和原琼山市的石山镇、永兴镇、东山镇以及；遵谭镇以海榆中线公路为界的西侧地区；龙华区辖海口市原新华区的行政区域和原琼山市的龙桥镇、龙泉镇、新坡镇和；遵谭镇以海榆中线公路为界的东侧地区以及府城镇的薛村、大样村；琼山区辖原琼山市的府城镇（薛村、大样村除外）、龙塘镇、云龙镇、红旗镇、旧州镇、三门坡镇、甲子镇、大坡镇和；海口市原振东区的国兴街道以及蓝天街道的米铺居委会、道客居委会；美兰区辖海口市原振东区的行政区域（国兴街道和蓝天街道的米铺居委会、道客居委会除外）和；原琼山市的灵山镇、美兰镇、三江镇、大致坡镇,市辖区、旗,county_level,无 | 新疆维吾尔自治区 | 9月17日 | 琼山市；海口市秀英区；海口市新华区；海口市振东区 | 海南省 | 10月16日 | 撤销海南省琼山市和海口市秀英区、新华区、振东区，设立海口市秀英区、龙华区、琼山区、美兰区；秀英区将海口市原秀英区的行政区域和原琼山市的石山镇、永兴镇、东山镇以及；遵谭镇以海榆中线公路为界的西侧地区；龙华区辖海口市原新华区的行政区域和原琼山市的龙桥镇、龙泉镇、新坡镇和；遵谭镇以海榆中线公路为界的东侧地区以及府城镇的薛村、大样村；琼山区辖原琼山市的府城镇（薛村、大样村除外）、龙塘镇、云龙镇、红旗镇、旧州镇、三门坡镇、甲子镇、大坡镇和；海口市原振东区的国兴街道以及蓝天街道的米铺居委会、道客居委会；美兰区辖海口市原振东区的行政区域（国兴街道和蓝天街道的米铺居委会、道客居委会除外）和；原琼山市的灵山镇、美兰镇、三江镇、大致坡镇 | 海口市秀英区；海口市龙华区；海口市琼山区；海口市美兰区,2002年中华人民共和国县级以上行政区划变更列表,https://zh.wikipedia.org/wiki/2002%E5%B9%B4%E4%B8%AD%E5%8D%8E%E4%BA%BA%E6%B0%91%E5%85%B1%E5%92%8C%E5%9B%BD%E5%8E%BF%E7%BA%A7%E4%BB%A5%E4%B8%8A%E8%A1%8C%E6%94%BF%E5%8C%BA%E5%88%92%E5%8F%98%E6%9B%B4%E5%88%97%E8%A1%A8,93197934,wikipedia_row_loose_relation,SRC-WIKI-2002,wikipedia,,revisioned_secondary
WIKI-COUNTY-2002-01-029,2002,列表 / 县级单位变动,abolish_or_merge,银川市,CNUR-000321,城区、新城区、郊区、西夏区、金凤区、兴庆区,城区、新城区、郊区,西夏区、金凤区、兴庆区,撤销宁夏回族自治区银川市城区、新城区和郊区，设立银川市西夏区、金凤区和兴庆区；西夏区辖辅原新城区的朔方路、文昌路、北京西路、西花园路、宁华路5个街道办事处和原郊区的镇北堡镇、兴泾镇、芦花乡；金凤区辖原新城区的铁东、新城东街2个街道办事处和原郊区的良田乡、兴源乡、银新乡以及贺兰县的车登乡；兴庆区辖原城区的行政区域和原郊区的红花乡、满春乡、大新乡、永回乡、掌政乡、通贵乡,市辖区、县,county_level,城区；新城区；郊区 | 宁夏回族自治区银川市 | 10月19日 | 撤销宁夏回族自治区银川市城区、新城区和郊区，设立银川市西夏区、金凤区和兴庆区；西夏区辖辅原新城区的朔方路、文昌路、北京西路、西花园路、宁华路5个街道办事处和原郊区的镇北堡镇、兴泾镇、芦花乡；金凤区辖原新城区的铁东、新城东街2个街道办事处和原郊区的良田乡、兴源乡、银新乡以及贺兰县的车登乡；兴庆区辖原城区的行政区域和原郊区的红花乡、满春乡、大新乡、永回乡、掌政乡、通贵乡 | 西夏区；金凤区；兴庆区,2002年中华人民共和国县级以上行政区划变更列表,https://zh.wikipedia.org/wiki/2002%E5%B9%B4%E4%B8%AD%E5%8D%8E%E4%BA%BA%E6%B0%91%E5%85%B1%E5%92%8C%E5%9B%BD%E5%8E%BF%E7%BA%A7%E4%BB%A5%E4%B8%8A%E8%A1%8C%E6%94%BF%E5%8C%BA%E5%88%92%E5%8F%98%E6%9B%B4%E5%88%97%E8%A1%A8,93197934,wikipedia_row_loose_relation,SRC-WIKI-2002,wikipedia,,revisioned_secondary
WIKI-COUNTY-2002-01-030,2002,列表 / 县级单位变动,jurisdiction_transfer,石嘴山市,CNUR-000322,石炭井区,石炭井区,,撤销宁夏回族自治区石嘴山市石炭井区，将原石炭井区的行政区域划归大武口区管辖,市辖区,county_level,10月19日 | 石炭井区 | 宁夏回族自治区石嘴山市 | 撤销宁夏回族自治区石嘴山市石炭井区，将原石炭井区的行政区域划归大武口区管辖 | 无,2002年中华人民共和国县级以上行政区划变更列表,https://zh.wikipedia.org/wiki/2002%E5%B9%B4%E4%B8%AD%E5%8D%8E%E4%BA%BA%E6%B0%91%E5%85%B1%E5%92%8C%E5%9B%BD%E5%8E%BF%E7%BA%A7%E4%BB%A5%E4%B8%8A%E8%A1%8C%E6%94%BF%E5%8C%BA%E5%88%92%E5%8F%98%E6%9B%B4%E5%88%97%E8%A1%A8,93197934,wikipedia_row_loose_relation,SRC-WIKI-2002,wikipedia,,revisioned_secondary
WIKI-COUNTY-2002-01-031,2002,列表 / 县级单位变动,rename,扬州市,CNUR-000083,郊区、维扬区,郊区,维扬区,江苏省扬州市郊区更名为维扬区,市辖区,county_level,10月19日 | 郊区 | 江苏省扬州市 | 11月11日 | 江苏省扬州市郊区更名为维扬区 | 维扬区,2002年中华人民共和国县级以上行政区划变更列表,https://zh.wikipedia.org/wiki/2002%E5%B9%B4%E4%B8%AD%E5%8D%8E%E4%BA%BA%E6%B0%91%E5%85%B1%E5%92%8C%E5%9B%BD%E5%8E%BF%E7%BA%A7%E4%BB%A5%E4%B8%8A%E8%A1%8C%E6%94%BF%E5%8C%BA%E5%88%92%E5%8F%98%E6%9B%B4%E5%88%97%E8%A1%A8,93197934,wikipedia_row_loose_relation,SRC-WIKI-2002,wikipedia,,revisioned_secondary
WIKI-COUNTY-2002-01-032,2002,列表 / 县级单位变动,abolish_or_merge,佛山市,CNUR-000201,城区、石湾区、禅城区,城区、石湾区,禅城区,撤销广东省佛山市城区和石湾区，设立佛山市禅城区；以原佛山市城区、石湾区和原南海市南庄镇的行政区域为禅城区的行政区域,市辖区,county_level,城区；石湾区 | 广东省佛山市 | 12月8日 | 撤销广东省佛山市城区和石湾区，设立佛山市禅城区；以原佛山市城区、石湾区和原南海市南庄镇的行政区域为禅城区的行政区域 | 禅城区,2002年中华人民共和国县级以上行政区划变更列表,https://zh.wikipedia.org/wiki/2002%E5%B9%B4%E4%B8%AD%E5%8D%8E%E4%BA%BA%E6%B0%91%E5%85%B1%E5%92%8C%E5%9B%BD%E5%8E%BF%E7%BA%A7%E4%BB%A5%E4%B8%8A%E8%A1%8C%E6%94%BF%E5%8C%BA%E5%88%92%E5%8F%98%E6%9B%B4%E5%88%97%E8%A1%A8,93197934,wikipedia_row_loose_relation,SRC-WIKI-2002,wikipedia,,revisioned_secondary
WIKI-COUNTY-2002-01-033,2002,列表 / 县级单位变动,abolish_or_merge,佛山市,CNUR-000201,南海市、南海区,南海市,南海区,撤销广东省县级南海市，设立佛山市南海区；以原县级南海市的行政区域（不含南庄镇）为南海区的行政区域,市辖区、县,county_level,广东省佛山市 | 12月8日 | 南海市 | 撤销广东省县级南海市，设立佛山市南海区；以原县级南海市的行政区域（不含南庄镇）为南海区的行政区域 | 南海区,2002年中华人民共和国县级以上行政区划变更列表,https://zh.wikipedia.org/wiki/2002%E5%B9%B4%E4%B8%AD%E5%8D%8E%E4%BA%BA%E6%B0%91%E5%85%B1%E5%92%8C%E5%9B%BD%E5%8E%BF%E7%BA%A7%E4%BB%A5%E4%B8%8A%E8%A1%8C%E6%94%BF%E5%8C%BA%E5%88%92%E5%8F%98%E6%9B%B4%E5%88%97%E8%A1%A8,93197934,wikipedia_row_loose_relation,SRC-WIKI-2002,wikipedia,,revisioned_secondary
WIKI-COUNTY-2002-01-034,2002,列表 / 县级单位变动,abolish_or_merge,佛山市,CNUR-000201,顺德市、顺德区,顺德市,顺德区,撤销广东省县级顺德市，设立佛山市顺德区,市辖区、县,county_level,广东省佛山市 | 12月8日 | 顺德市 | 撤销广东省县级顺德市，设立佛山市顺德区 | 顺德区,2002年中华人民共和国县级以上行政区划变更列表,https://zh.wikipedia.org/wiki/2002%E5%B9%B4%E4%B8%AD%E5%8D%8E%E4%BA%BA%E6%B0%91%E5%85%B1%E5%92%8C%E5%9B%BD%E5%8E%BF%E7%BA%A7%E4%BB%A5%E4%B8%8A%E8%A1%8C%E6%94%BF%E5%8C%BA%E5%88%92%E5%8F%98%E6%9B%B4%E5%88%97%E8%A1%A8,93197934,wikipedia_row_loose_relation,SRC-WIKI-2002,wikipedia,,revisioned_secondary
WIKI-COUNTY-2002-01-035,2002,列表 / 县级单位变动,abolish_or_merge,佛山市,CNUR-000201,三水市、三水区,三水市,三水区,撤销广东省县级三水市，设立佛山市三水区,市辖区、县,county_level,广东省佛山市 | 12月8日 | 三水市 | 撤销广东省县级三水市，设立佛山市三水区 | 三水区,2002年中华人民共和国县级以上行政区划变更列表,https://zh.wikipedia.org/wiki/2002%E5%B9%B4%E4%B8%AD%E5%8D%8E%E4%BA%BA%E6%B0%91%E5%85%B1%E5%92%8C%E5%9B%BD%E5%8E%BF%E7%BA%A7%E4%BB%A5%E4%B8%8A%E8%A1%8C%E6%94%BF%E5%8C%BA%E5%88%92%E5%8F%98%E6%9B%B4%E5%88%97%E8%A1%A8,93197934,wikipedia_row_loose_relation,SRC-WIKI-2002,wikipedia,,revisioned_secondary
WIKI-COUNTY-2002-01-036,2002,列表 / 县级单位变动,abolish_or_merge,佛山市,CNUR-000201,高明市、高明区,高明市,高明区,撤销广东省县级高明市，设立佛山市高明区,市辖区、县,county_level,广东省佛山市 | 12月8日 | 高明市 | 撤销广东省县级高明市，设立佛山市高明区 | 高明区,2002年中华人民共和国县级以上行政区划变更列表,https://zh.wikipedia.org/wiki/2002%E5%B9%B4%E4%B8%AD%E5%8D%8E%E4%BA%BA%E6%B0%91%E5%85%B1%E5%92%8C%E5%9B%BD%E5%8E%BF%E7%BA%A7%E4%BB%A5%E4%B8%8A%E8%A1%8C%E6%94%BF%E5%8C%BA%E5%88%92%E5%8F%98%E6%9B%B4%E5%88%97%E8%A1%A8,93197934,wikipedia_row_loose_relation,SRC-WIKI-2002,wikipedia,,revisioned_secondary
WIKI-COUNTY-2002-01-037,2002,列表 / 县级单位变动,rename,佛山市、濮阳市,CNUR-000201、CNUR-000160,市区、华龙区,市区,华龙区,河南省濮阳市市区更名为华龙区,市辖区,county_level,广东省佛山市 | 12月8日 | 市区 | 河南省濮阳市 | 12月15日 | 河南省濮阳市市区更名为华龙区 | 华龙区,2002年中华人民共和国县级以上行政区划变更列表,https://zh.wikipedia.org/wiki/2002%E5%B9%B4%E4%B8%AD%E5%8D%8E%E4%BA%BA%E6%B0%91%E5%85%B1%E5%92%8C%E5%9B%BD%E5%8E%BF%E7%BA%A7%E4%BB%A5%E4%B8%8A%E8%A1%8C%E6%94%BF%E5%8C%BA%E5%88%92%E5%8F%98%E6%9B%B4%E5%88%97%E8%A1%A8,93197934,wikipedia_row_loose_relation,SRC-WIKI-2002,wikipedia,,revisioned_secondary
WIKI-COUNTY-2002-01-038,2002,列表 / 县级单位变动,abolish_or_merge,安阳市,CNUR-000156,铁西区、郊区、北关区、文峰区、安阳县、殷都区、龙安区,铁西区、郊区,殷都区、龙安区,撤销河南省安阳市铁西区、郊区，设立安阳市殷都区、龙安区；调整安阳市北关区、文峰区和安阳县的行政区域；殷都区辖原铁西区的6个街道，原郊区的西郊乡，北郊乡的17个村，东郊乡的任家庄村；龙安区粮原郊区文明大道、太行小区2个街道，东风乡、龙泉镇，东郊乡的9个村，；原安阳县的马投涧乡、善应镇的中龙山、张家庄2个村，曲沟镇的西高平村，水冶镇的北彰武村，宝莲寺镇的5个村；北关区辖5个街道，原安阳县柏庄镇的5个村，韩陵乡的8个村，白壁镇的4个村，原郊区北郊乡的15个村，原东郊乡的5个村；文峰区辖9个街道，原安阳县的高庄乡、宝莲寺镇的26个村，白壁镇的7个村，原郊区东郊乡的11个村,市辖区、县,county_level,铁西区；郊区 | 河南省安阳市 | 12月28日 | 撤销河南省安阳市铁西区、郊区，设立安阳市殷都区、龙安区；调整安阳市北关区、文峰区和安阳县的行政区域；殷都区辖原铁西区的6个街道，原郊区的西郊乡，北郊乡的17个村，东郊乡的任家庄村；龙安区粮原郊区文明大道、太行小区2个街道，东风乡、龙泉镇，东郊乡的9个村，；原安阳县的马投涧乡、善应镇的中龙山、张家庄2个村，曲沟镇的西高平村，水冶镇的北彰武村，宝莲寺镇的5个村；北关区辖5个街道，原安阳县柏庄镇的5个村，韩陵乡的8个村，白壁镇的4个村，原郊区北郊乡的15个村，原东郊乡的5个村；文峰区辖9个街道，原安阳县的高庄乡、宝莲寺镇的26个村，白壁镇的7个村，原郊区东郊乡的11个村 | 殷都区；龙安区,2002年中华人民共和国县级以上行政区划变更列表,https://zh.wikipedia.org/wiki/2002%E5%B9%B4%E4%B8%AD%E5%8D%8E%E4%BA%BA%E6%B0%91%E5%85%B1%E5%92%8C%E5%9B%BD%E5%8E%BF%E7%BA%A7%E4%BB%A5%E4%B8%8A%E8%A1%8C%E6%94%BF%E5%8C%BA%E5%88%92%E5%8F%98%E6%9B%B4%E5%88%97%E8%A1%A8,93197934,wikipedia_row_loose_relation,SRC-WIKI-2002,wikipedia,,revisioned_secondary
WIKI-COUNTY-2002-02-002,2002,列表 / 乡镇调整,jurisdiction_transfer,乌鲁木齐市,CNUR-000326,天山区、乌鲁木齐县、南泉区,天山区、乌鲁木齐县,南泉区,将新疆维吾尔自治区乌鲁木齐市天山区的乌拉泊街道和；乌鲁木齐县的达板城镇、东沟乡、西沟乡、阿克苏乡、柴窝堡乡划归乌鲁木齐市南泉区管辖,市辖区、县,county_level,天山区；乌鲁木齐县 | 新疆维吾尔自治区乌鲁木齐市 | 3月9日 | 将新疆维吾尔自治区乌鲁木齐市天山区的乌拉泊街道和；乌鲁木齐县的达板城镇、东沟乡、西沟乡、阿克苏乡、柴窝堡乡划归乌鲁木齐市南泉区管辖 | 南泉区,2002年中华人民共和国县级以上行政区划变更列表,https://zh.wikipedia.org/wiki/2002%E5%B9%B4%E4%B8%AD%E5%8D%8E%E4%BA%BA%E6%B0%91%E5%85%B1%E5%92%8C%E5%9B%BD%E5%8E%BF%E7%BA%A7%E4%BB%A5%E4%B8%8A%E8%A1%8C%E6%94%BF%E5%8C%BA%E5%88%92%E5%8F%98%E6%9B%B4%E5%88%97%E8%A1%A8,93197934,wikipedia_row_loose_relation,SRC-WIKI-2002,wikipedia,,revisioned_secondary
WIKI-COUNTY-2002-02-003,2002,列表 / 乡镇调整,jurisdiction_transfer,阜新市,CNUR-000045,细河区、海州区、太平区、新邱区,细河区,海州区、太平区、新邱区,将辽宁省阜新市细河区的韩家店镇和西苑街道的王营矿居委会划归阜新市海州区管辖；水泉镇划归阜新市太平区管辖，长营子镇划归阜新市新邱区管辖,市辖区,county_level,细河区 | 辽宁省阜新市 | 4月27日 | 将辽宁省阜新市细河区的韩家店镇和西苑街道的王营矿居委会划归阜新市海州区管辖；水泉镇划归阜新市太平区管辖，长营子镇划归阜新市新邱区管辖 | 海州区；太平区；新邱区,2002年中华人民共和国县级以上行政区划变更列表,https://zh.wikipedia.org/wiki/2002%E5%B9%B4%E4%B8%AD%E5%8D%8E%E4%BA%BA%E6%B0%91%E5%85%B1%E5%92%8C%E5%9B%BD%E5%8E%BF%E7%BA%A7%E4%BB%A5%E4%B8%8A%E8%A1%8C%E6%94%BF%E5%8C%BA%E5%88%92%E5%8F%98%E6%9B%B4%E5%88%97%E8%A1%A8,93197934,wikipedia_row_loose_relation,SRC-WIKI-2002,wikipedia,,revisioned_secondary
WIKI-COUNTY-2002-02-004,2002,列表 / 乡镇调整,jurisdiction_transfer,阜新市,CNUR-000045,海州区、细河区,海州区,细河区,海州区的东苑街道，新兴街道的3个居委会，和平街道的5个居委会，西山街道的10个居委会划归细河区,市辖区,county_level,辽宁省阜新市 | 4月27日 | 海州区 | 海州区的东苑街道，新兴街道的3个居委会，和平街道的5个居委会，西山街道的10个居委会划归细河区 | 细河区,2002年中华人民共和国县级以上行政区划变更列表,https://zh.wikipedia.org/wiki/2002%E5%B9%B4%E4%B8%AD%E5%8D%8E%E4%BA%BA%E6%B0%91%E5%85%B1%E5%92%8C%E5%9B%BD%E5%8E%BF%E7%BA%A7%E4%BB%A5%E4%B8%8A%E8%A1%8C%E6%94%BF%E5%8C%BA%E5%88%92%E5%8F%98%E6%9B%B4%E5%88%97%E8%A1%A8,93197934,wikipedia_row_loose_relation,SRC-WIKI-2002,wikipedia,,revisioned_secondary
WIKI-COUNTY-2002-02-005,2002,列表 / 乡镇调整,jurisdiction_transfer,石嘴山市、阜新市,CNUR-000322、CNUR-000045,平罗县、大武口区,平罗县,大武口区,将平罗县的隆湖吊庄乡及崇岗乡的长胜、九泉、潮湖3个村划归大武口区管辖,市辖区、县,county_level,辽宁省阜新市 | 4月27日 | 平罗县 | 宁夏回族自治区石嘴山市 | 10月19日 | 将平罗县的隆湖吊庄乡及崇岗乡的长胜、九泉、潮湖3个村划归大武口区管辖 | 大武口区,2002年中华人民共和国县级以上行政区划变更列表,https://zh.wikipedia.org/wiki/2002%E5%B9%B4%E4%B8%AD%E5%8D%8E%E4%BA%BA%E6%B0%91%E5%85%B1%E5%92%8C%E5%9B%BD%E5%8E%BF%E7%BA%A7%E4%BB%A5%E4%B8%8A%E8%A1%8C%E6%94%BF%E5%8C%BA%E5%88%92%E5%8F%98%E6%9B%B4%E5%88%97%E8%A1%A8,93197934,wikipedia_row_loose_relation,SRC-WIKI-2002,wikipedia,,revisioned_secondary
WIKI-COUNTY-2002-03-002,2002,列表 / 政府驻地变更,residence_change,乌鲁木齐市,CNUR-000326,达坂城区,达坂城区,,达坂城区人民政府驻地由鱼尔沟迁至达坂城镇,市辖区,county_level,达坂城区 | 新疆维吾尔自治区乌鲁木齐市 | 3月9日 | 达坂城区人民政府驻地由鱼尔沟迁至达坂城镇,2002年中华人民共和国县级以上行政区划变更列表,https://zh.wikipedia.org/wiki/2002%E5%B9%B4%E4%B8%AD%E5%8D%8E%E4%BA%BA%E6%B0%91%E5%85%B1%E5%92%8C%E5%9B%BD%E5%8E%BF%E7%BA%A7%E4%BB%A5%E4%B8%8A%E8%A1%8C%E6%94%BF%E5%8C%BA%E5%88%92%E5%8F%98%E6%9B%B4%E5%88%97%E8%A1%A8,93197934,wikipedia_row_loose_relation,SRC-WIKI-2002,wikipedia,,revisioned_secondary
WIKI-COUNTY-2002-03-003,2002,列表 / 政府驻地变更,residence_change,佛山市,CNUR-000201,,,,广东省顺德市人民政府驻地由县前路16号迁至德民路3号,县,county_level,顺德市 | 广东省佛山市 | 11月4日 | 广东省顺德市人民政府驻地由县前路16号迁至德民路3号,2002年中华人民共和国县级以上行政区划变更列表,https://zh.wikipedia.org/wiki/2002%E5%B9%B4%E4%B8%AD%E5%8D%8E%E4%BA%BA%E6%B0%91%E5%85%B1%E5%92%8C%E5%9B%BD%E5%8E%BF%E7%BA%A7%E4%BB%A5%E4%B8%8A%E8%A1%8C%E6%94%BF%E5%8C%BA%E5%88%92%E5%8F%98%E6%9B%B4%E5%88%97%E8%A1%A8,93197934,wikipedia_row_loose_relation,SRC-WIKI-2002,wikipedia,,revisioned_secondary
WIKI-COUNTY-2002-03-004,2002,列表 / 政府驻地变更,residence_change,厦门市,CNUR-000116,湖里区,湖里区,,福建省厦门市湖里区人民政府驻地由兴隆路23号迁至禾山镇,市辖区,county_level,湖里区 | 福建省厦门市 | 12月26日 | 福建省厦门市湖里区人民政府驻地由兴隆路23号迁至禾山镇,2002年中华人民共和国县级以上行政区划变更列表,https://zh.wikipedia.org/wiki/2002%E5%B9%B4%E4%B8%AD%E5%8D%8E%E4%BA%BA%E6%B0%91%E5%85%B1%E5%92%8C%E5%9B%BD%E5%8E%BF%E7%BA%A7%E4%BB%A5%E4%B8%8A%E8%A1%8C%E6%94%BF%E5%8C%BA%E5%88%92%E5%8F%98%E6%9B%B4%E5%88%97%E8%A1%A8,93197934,wikipedia_row_loose_relation,SRC-WIKI-2002,wikipedia,,revisioned_secondary
WIKI-COUNTY-2003-01-002,2003,列表 / 县级单位变动,establish,湖州市,CNUR-000091,吴兴区、南浔区,,吴兴区、南浔区,设立浙江省湖州市吴兴区南浔区；吴兴区辖6个镇和3个乡以及6个街道；南浔区辖9个镇,市辖区,county_level,无 | 浙江省湖州市 | 1月2日 | 设立浙江省湖州市吴兴区南浔区；吴兴区辖6个镇和3个乡以及6个街道；南浔区辖9个镇 | 吴兴区；南浔区,2003年中华人民共和国县级以上行政区划变更列表,https://zh.wikipedia.org/wiki/2003%E5%B9%B4%E4%B8%AD%E5%8D%8E%E4%BA%BA%E6%B0%91%E5%85%B1%E5%92%8C%E5%9B%BD%E5%8E%BF%E7%BA%A7%E4%BB%A5%E4%B8%8A%E8%A1%8C%E6%94%BF%E5%8C%BA%E5%88%92%E5%8F%98%E6%9B%B4%E5%88%97%E8%A1%A8,93199784,wikipedia_row_loose_relation,SRC-WIKI-2003,wikipedia,,revisioned_secondary
WIKI-COUNTY-2003-01-003,2003,列表 / 县级单位变动,jurisdiction_transfer,梧州市,CNUR-000220,郊区、苍梧县、万秀区、蝶山区、长洲区,郊区,长洲区,撤销广西壮族自治区梧州市郊区，设立梧州市长洲区；长洲区辖原郊区长洲镇及龙湖镇的新兴、龙新、平浪3个村，；同时将蝶山区的新兴二路居委会、龙山里居委会、西堤三路第一居委会、西堤三路第二居委会以及苍梧县倒水镇划归长洲区管辖；将广西壮族自治区苍梧县旺甫镇和原郊区城东镇划归万秀区管辖；将万秀区塘源居委会、原郊区龙湖镇的高旺、新民、旺步、塘源4个村和苍梧县夏郢镇划归蝶山区管辖,市辖区、县,county_level,1月2日 | 郊区 | 广西壮族自治区梧州市 | 撤销广西壮族自治区梧州市郊区，设立梧州市长洲区；长洲区辖原郊区长洲镇及龙湖镇的新兴、龙新、平浪3个村，；同时将蝶山区的新兴二路居委会、龙山里居委会、西堤三路第一居委会、西堤三路第二居委会以及苍梧县倒水镇划归长洲区管辖；将广西壮族自治区苍梧县旺甫镇和原郊区城东镇划归万秀区管辖；将万秀区塘源居委会、原郊区龙湖镇的高旺、新民、旺步、塘源4个村和苍梧县夏郢镇划归蝶山区管辖 | 长洲区,2003年中华人民共和国县级以上行政区划变更列表,https://zh.wikipedia.org/wiki/2003%E5%B9%B4%E4%B8%AD%E5%8D%8E%E4%BA%BA%E6%B0%91%E5%85%B1%E5%92%8C%E5%9B%BD%E5%8E%BF%E7%BA%A7%E4%BB%A5%E4%B8%8A%E8%A1%8C%E6%94%BF%E5%8C%BA%E5%88%92%E5%8F%98%E6%9B%B4%E5%88%97%E8%A1%A8,93199784,wikipedia_row_loose_relation,SRC-WIKI-2003,wikipedia,,revisioned_secondary
WIKI-COUNTY-2003-01-004,2003,列表 / 县级单位变动,abolish_or_merge,汕头市,CNUR-000200,升平区、金园区、金平区,升平区、金园区,金平区,撤销广东省汕头市升平区、金园区，设立汕头市金平区；以原升平区、金园区（不含高新技术开发区东片区域）、原达濠区礐石街道浔洄居委会、；龙湖区龙溪路以北区域的行政区域为金平区的行政区域,市辖区、开发区,county_level,1月2日 | 升平区；金园区 | 广东省汕头市 | 1月29日 | 撤销广东省汕头市升平区、金园区，设立汕头市金平区；以原升平区、金园区（不含高新技术开发区东片区域）、原达濠区礐石街道浔洄居委会、；龙湖区龙溪路以北区域的行政区域为金平区的行政区域 | 金平区,2003年中华人民共和国县级以上行政区划变更列表,https://zh.wikipedia.org/wiki/2003%E5%B9%B4%E4%B8%AD%E5%8D%8E%E4%BA%BA%E6%B0%91%E5%85%B1%E5%92%8C%E5%9B%BD%E5%8E%BF%E7%BA%A7%E4%BB%A5%E4%B8%8A%E8%A1%8C%E6%94%BF%E5%8C%BA%E5%88%92%E5%8F%98%E6%9B%B4%E5%88%97%E8%A1%A8,93199784,wikipedia_row_loose_relation,SRC-WIKI-2003,wikipedia,,revisioned_secondary
WIKI-COUNTY-2003-01-005,2003,列表 / 县级单位变动,abolish_or_merge,汕头市,CNUR-000200,河浦区、达濠区、濠江区,河浦区、达濠区,濠江区,撤销汕头市河浦区、达濠区，设立汕头市濠江区；以原达濠区（不含礐石街道的浔洄居委会）和河浦区的行政区域为濠江区的行政区域,市辖区,county_level,广东省汕头市 | 1月29日 | 河浦区；达濠区 | 撤销汕头市河浦区、达濠区，设立汕头市濠江区；以原达濠区（不含礐石街道的浔洄居委会）和河浦区的行政区域为濠江区的行政区域 | 濠江区,2003年中华人民共和国县级以上行政区划变更列表,https://zh.wikipedia.org/wiki/2003%E5%B9%B4%E4%B8%AD%E5%8D%8E%E4%BA%BA%E6%B0%91%E5%85%B1%E5%92%8C%E5%9B%BD%E5%8E%BF%E7%BA%A7%E4%BB%A5%E4%B8%8A%E8%A1%8C%E6%94%BF%E5%8C%BA%E5%88%92%E5%8F%98%E6%9B%B4%E5%88%97%E8%A1%A8,93199784,wikipedia_row_loose_relation,SRC-WIKI-2003,wikipedia,,revisioned_secondary
WIKI-COUNTY-2003-01-006,2003,列表 / 县级单位变动,abolish_or_merge,汕头市,CNUR-000200,潮阳市、潮阳区、潮南区,潮阳市,潮阳区、潮南区,撤销县级潮阳市，分别设立汕头市潮阳区、潮南区；以原潮阳市4个街道、10个镇的行政区域为朝阳区的行政区域。区人民政府驻中华路；以原潮阳市12个镇的行政区域为潮南区的行政区域,市辖区、县,county_level,广东省汕头市 | 1月29日 | 潮阳市 | 撤销县级潮阳市，分别设立汕头市潮阳区、潮南区；以原潮阳市4个街道、10个镇的行政区域为朝阳区的行政区域。区人民政府驻中华路；以原潮阳市12个镇的行政区域为潮南区的行政区域 | 潮阳区；潮南区,2003年中华人民共和国县级以上行政区划变更列表,https://zh.wikipedia.org/wiki/2003%E5%B9%B4%E4%B8%AD%E5%8D%8E%E4%BA%BA%E6%B0%91%E5%85%B1%E5%92%8C%E5%9B%BD%E5%8E%BF%E7%BA%A7%E4%BB%A5%E4%B8%8A%E8%A1%8C%E6%94%BF%E5%8C%BA%E5%88%92%E5%8F%98%E6%9B%B4%E5%88%97%E8%A1%A8,93199784,wikipedia_row_loose_relation,SRC-WIKI-2003,wikipedia,,revisioned_secondary
WIKI-COUNTY-2003-01-007,2003,列表 / 县级单位变动,jurisdiction_transfer,汕头市,CNUR-000200,澄海市、澄海区,澄海市,澄海区,撤销县级澄海市，设立汕头市澄海区；以原县级澄海市的行政区域（不含外砂镇、新溪镇）为澄海区的行政区域；将原澄海市的外砂、新溪2个镇，原金园区高新技术开发区东片区域划归龙湖区管辖,市辖区、县、开发区,county_level,广东省汕头市 | 1月29日 | 澄海市 | 撤销县级澄海市，设立汕头市澄海区；以原县级澄海市的行政区域（不含外砂镇、新溪镇）为澄海区的行政区域；将原澄海市的外砂、新溪2个镇，原金园区高新技术开发区东片区域划归龙湖区管辖 | 澄海区,2003年中华人民共和国县级以上行政区划变更列表,https://zh.wikipedia.org/wiki/2003%E5%B9%B4%E4%B8%AD%E5%8D%8E%E4%BA%BA%E6%B0%91%E5%85%B1%E5%92%8C%E5%9B%BD%E5%8E%BF%E7%BA%A7%E4%BB%A5%E4%B8%8A%E8%A1%8C%E6%94%BF%E5%8C%BA%E5%88%92%E5%8F%98%E6%9B%B4%E5%88%97%E8%A1%A8,93199784,wikipedia_row_loose_relation,SRC-WIKI-2003,wikipedia,,revisioned_secondary
WIKI-COUNTY-2003-01-008,2003,列表 / 县级单位变动,jurisdiction_transfer,宝鸡市、汕头市,CNUR-000291、CNUR-000200,宝鸡县、金台区、渭滨区、陈仓区,宝鸡县,陈仓区,撤销陕西省宝鸡县，设立宝鸡市陈仓区；将原宝鸡县的18个乡镇划归陈仓区管辖；将原宝鸡县的金河乡、陵原乡、硖石乡、蟠龙镇划归宝鸡市金台区管辖；晁峪乡、八鱼镇划归宝鸡市渭滨区管辖,市辖区、县,county_level,广东省汕头市 | 1月29日 | 宝鸡县 | 陕西省宝鸡市 | 3月1日 | 撤销陕西省宝鸡县，设立宝鸡市陈仓区；将原宝鸡县的18个乡镇划归陈仓区管辖；将原宝鸡县的金河乡、陵原乡、硖石乡、蟠龙镇划归宝鸡市金台区管辖；晁峪乡、八鱼镇划归宝鸡市渭滨区管辖 | 陈仓区,2003年中华人民共和国县级以上行政区划变更列表,https://zh.wikipedia.org/wiki/2003%E5%B9%B4%E4%B8%AD%E5%8D%8E%E4%BA%BA%E6%B0%91%E5%85%B1%E5%92%8C%E5%9B%BD%E5%8E%BF%E7%BA%A7%E4%BB%A5%E4%B8%8A%E8%A1%8C%E6%94%BF%E5%8C%BA%E5%88%92%E5%8F%98%E6%9B%B4%E5%88%97%E8%A1%A8,93199784,wikipedia_row_loose_relation,SRC-WIKI-2003,wikipedia,,revisioned_secondary
WIKI-COUNTY-2003-01-009,2003,列表 / 县级单位变动,jurisdiction_transfer,惠州市,CNUR-000206,惠阳市、博罗县、惠城区、惠阳区,惠阳市,惠阳区,撤销广东省县级惠阳市，设立惠州市惠阳区；惠阳区辖原县级惠阳市的10个镇；将原惠阳市所辖的10个镇以及博罗县的仍图镇划归惠城区管辖,市辖区、县,county_level,惠阳市 | 广东省惠州市 | 3月6日 | 撤销广东省县级惠阳市，设立惠州市惠阳区；惠阳区辖原县级惠阳市的10个镇；将原惠阳市所辖的10个镇以及博罗县的仍图镇划归惠城区管辖 | 惠阳区,2003年中华人民共和国县级以上行政区划变更列表,https://zh.wikipedia.org/wiki/2003%E5%B9%B4%E4%B8%AD%E5%8D%8E%E4%BA%BA%E6%B0%91%E5%85%B1%E5%92%8C%E5%9B%BD%E5%8E%BF%E7%BA%A7%E4%BB%A5%E4%B8%8A%E8%A1%8C%E6%94%BF%E5%8C%BA%E5%88%92%E5%8F%98%E6%9B%B4%E5%88%97%E8%A1%A8,93199784,wikipedia_row_loose_relation,SRC-WIKI-2003,wikipedia,,revisioned_secondary
WIKI-COUNTY-2003-01-010,2003,列表 / 县级单位变动,jurisdiction_transfer,贵港市,CNUR-000224,港北区、覃塘区,,覃塘区,设立广西壮族自治区贵港市覃塘区；将贵港市港北区的11个乡镇划归覃塘区管辖,市辖区,county_level,3月6日 | 无 | 广西壮族自治区贵港市 | 设立广西壮族自治区贵港市覃塘区；将贵港市港北区的11个乡镇划归覃塘区管辖 | 覃塘区,2003年中华人民共和国县级以上行政区划变更列表,https://zh.wikipedia.org/wiki/2003%E5%B9%B4%E4%B8%AD%E5%8D%8E%E4%BA%BA%E6%B0%91%E5%85%B1%E5%92%8C%E5%9B%BD%E5%8E%BF%E7%BA%A7%E4%BB%A5%E4%B8%8A%E8%A1%8C%E6%94%BF%E5%8C%BA%E5%88%92%E5%8F%98%E6%9B%B4%E5%88%97%E8%A1%A8,93199784,wikipedia_row_loose_relation,SRC-WIKI-2003,wikipedia,,revisioned_secondary
WIKI-COUNTY-2003-01-011,2003,列表 / 县级单位变动,jurisdiction_transfer,厦门市,CNUR-000116,鼓浪屿区、开元区,鼓浪屿区、开元区,,撤销福建省厦门市鼓浪屿区和开元区，将其行政区域划归厦门市思明区管辖,市辖区,county_level,3月6日 | 鼓浪屿区；开元区 | 福建省厦门市 | 4月26日 | 撤销福建省厦门市鼓浪屿区和开元区，将其行政区域划归厦门市思明区管辖 | 无,2003年中华人民共和国县级以上行政区划变更列表,https://zh.wikipedia.org/wiki/2003%E5%B9%B4%E4%B8%AD%E5%8D%8E%E4%BA%BA%E6%B0%91%E5%85%B1%E5%92%8C%E5%9B%BD%E5%8E%BF%E7%BA%A7%E4%BB%A5%E4%B8%8A%E8%A1%8C%E6%94%BF%E5%8C%BA%E5%88%92%E5%8F%98%E6%9B%B4%E5%88%97%E8%A1%A8,93199784,wikipedia_row_loose_relation,SRC-WIKI-2003,wikipedia,,revisioned_secondary
WIKI-COUNTY-2003-01-012,2003,列表 / 县级单位变动,jurisdiction_transfer,厦门市,CNUR-000116,杏林区、海沧区,杏林区,海沧区,杏林区更名为海沧区；将厦门市杏林区的杏林街道办事处和杏林镇划归厦门市集美区管辖,市辖区、林区,county_level,福建省厦门市 | 4月26日 | 杏林区 | 杏林区更名为海沧区；将厦门市杏林区的杏林街道办事处和杏林镇划归厦门市集美区管辖 | 海沧区,2003年中华人民共和国县级以上行政区划变更列表,https://zh.wikipedia.org/wiki/2003%E5%B9%B4%E4%B8%AD%E5%8D%8E%E4%BA%BA%E6%B0%91%E5%85%B1%E5%92%8C%E5%9B%BD%E5%8E%BF%E7%BA%A7%E4%BB%A5%E4%B8%8A%E8%A1%8C%E6%94%BF%E5%8C%BA%E5%88%92%E5%8F%98%E6%9B%B4%E5%88%97%E8%A1%A8,93199784,wikipedia_row_loose_relation,SRC-WIKI-2003,wikipedia,,revisioned_secondary
WIKI-COUNTY-2003-01-013,2003,列表 / 县级单位变动,jurisdiction_transfer,厦门市,CNUR-000116,同安区、翔安区,,翔安区,厦门市设立翔安区；将厦门市同安区所辖新店、新圩、马巷、内厝、大嶝5个镇划归翔安区管辖,市辖区,county_level,福建省厦门市 | 4月26日 | 无 | 厦门市设立翔安区；将厦门市同安区所辖新店、新圩、马巷、内厝、大嶝5个镇划归翔安区管辖 | 翔安区,2003年中华人民共和国县级以上行政区划变更列表,https://zh.wikipedia.org/wiki/2003%E5%B9%B4%E4%B8%AD%E5%8D%8E%E4%BA%BA%E6%B0%91%E5%85%B1%E5%92%8C%E5%9B%BD%E5%8E%BF%E7%BA%A7%E4%BB%A5%E4%B8%8A%E8%A1%8C%E6%94%BF%E5%8C%BA%E5%88%92%E5%8F%98%E6%9B%B4%E5%88%97%E8%A1%A8,93199784,wikipedia_row_loose_relation,SRC-WIKI-2003,wikipedia,,revisioned_secondary
WIKI-COUNTY-2003-01-014,2003,列表 / 县级单位变动,abolish_or_merge,绵阳市、厦门市,CNUR-000241、CNUR-000116,北川县、北川羌族自治县,北川县,北川羌族自治县,撤销四川省北川县，设立北川羌族自治县,自治县、县,county_level,福建省厦门市 | 4月26日 | 北川县 | 四川省绵阳市 | 7月6日 | 撤销四川省北川县，设立北川羌族自治县 | 北川羌族自治县,2003年中华人民共和国县级以上行政区划变更列表,https://zh.wikipedia.org/wiki/2003%E5%B9%B4%E4%B8%AD%E5%8D%8E%E4%BA%BA%E6%B0%91%E5%85%B1%E5%92%8C%E5%9B%BD%E5%8E%BF%E7%BA%A7%E4%BB%A5%E4%B8%8A%E8%A1%8C%E6%94%BF%E5%8C%BA%E5%88%92%E5%8F%98%E6%9B%B4%E5%88%97%E8%A1%A8,93199784,wikipedia_row_loose_relation,SRC-WIKI-2003,wikipedia,,revisioned_secondary
WIKI-COUNTY-2003-01-015,2003,列表 / 县级单位变动,county_change,上饶市,CNUR-000134,波阳县、鄱阳县,波阳县,鄱阳县,江西省上饶市波阳县县名恢复为鄱阳县,县,county_level,波阳县 | 江西省上饶市 | 12月17日 | 江西省上饶市波阳县县名恢复为鄱阳县 | 鄱阳县,2003年中华人民共和国县级以上行政区划变更列表,https://zh.wikipedia.org/wiki/2003%E5%B9%B4%E4%B8%AD%E5%8D%8E%E4%BA%BA%E6%B0%91%E5%85%B1%E5%92%8C%E5%9B%BD%E5%8E%BF%E7%BA%A7%E4%BB%A5%E4%B8%8A%E8%A1%8C%E6%94%BF%E5%8C%BA%E5%88%92%E5%8F%98%E6%9B%B4%E5%88%97%E8%A1%A8,93199784,wikipedia_row_loose_relation,SRC-WIKI-2003,wikipedia,,revisioned_secondary
WIKI-COUNTY-2003-01-016,2003,列表 / 县级单位变动,abolish_or_merge,盐城市,CNUR-000082,盐都县、盐都区,盐都县,盐都区,撤销江苏省盐都县，设立盐城市盐都区；以原盐都县13个镇的行政区域为盐都区的行政区域,市辖区、县,county_level,盐都县 | 江苏省盐城市 | 12月18日 | 撤销江苏省盐都县，设立盐城市盐都区；以原盐都县13个镇的行政区域为盐都区的行政区域 | 盐都区,2003年中华人民共和国县级以上行政区划变更列表,https://zh.wikipedia.org/wiki/2003%E5%B9%B4%E4%B8%AD%E5%8D%8E%E4%BA%BA%E6%B0%91%E5%85%B1%E5%92%8C%E5%9B%BD%E5%8E%BF%E7%BA%A7%E4%BB%A5%E4%B8%8A%E8%A1%8C%E6%94%BF%E5%8C%BA%E5%88%92%E5%8F%98%E6%9B%B4%E5%88%97%E8%A1%A8,93199784,wikipedia_row_loose_relation,SRC-WIKI-2003,wikipedia,,revisioned_secondary
WIKI-COUNTY-2003-01-017,2003,列表 / 县级单位变动,rename,盐城市,CNUR-000082,城区、亭湖区,城区,亭湖区,盐城市城区更名为盐城市亭湖区；亭湖区辖原盐城市城区以及原盐都县的便仓、伍佑、步凤3个镇,市辖区、县,county_level,江苏省盐城市 | 12月18日 | 城区 | 盐城市城区更名为盐城市亭湖区；亭湖区辖原盐城市城区以及原盐都县的便仓、伍佑、步凤3个镇 | 亭湖区,2003年中华人民共和国县级以上行政区划变更列表,https://zh.wikipedia.org/wiki/2003%E5%B9%B4%E4%B8%AD%E5%8D%8E%E4%BA%BA%E6%B0%91%E5%85%B1%E5%92%8C%E5%9B%BD%E5%8E%BF%E7%BA%A7%E4%BB%A5%E4%B8%8A%E8%A1%8C%E6%94%BF%E5%8C%BA%E5%88%92%E5%8F%98%E6%9B%B4%E5%88%97%E8%A1%A8,93199784,wikipedia_row_loose_relation,SRC-WIKI-2003,wikipedia,,revisioned_secondary
WIKI-COUNTY-2003-01-018,2003,列表 / 县级单位变动,abolish_or_merge,盐城市、遂宁市,CNUR-000082、CNUR-000243,市中区、船山区、安居区,市中区,船山区、安居区,撤销四川省遂宁市市中区，以原市中区的行政区域设立遂宁市船山区和安居区；船山区辖原市中区的5个乡和7个镇以及9个街道；安居区辖原市中区的7个乡和14个镇,市辖区,county_level,江苏省盐城市 | 12月18日 | 市中区 | 四川省遂宁市 | 撤销四川省遂宁市市中区，以原市中区的行政区域设立遂宁市船山区和安居区；船山区辖原市中区的5个乡和7个镇以及9个街道；安居区辖原市中区的7个乡和14个镇 | 船山区；安居区,2003年中华人民共和国县级以上行政区划变更列表,https://zh.wikipedia.org/wiki/2003%E5%B9%B4%E4%B8%AD%E5%8D%8E%E4%BA%BA%E6%B0%91%E5%85%B1%E5%92%8C%E5%9B%BD%E5%8E%BF%E7%BA%A7%E4%BB%A5%E4%B8%8A%E8%A1%8C%E6%94%BF%E5%8C%BA%E5%88%92%E5%8F%98%E6%9B%B4%E5%88%97%E8%A1%A8,93199784,wikipedia_row_loose_relation,SRC-WIKI-2003,wikipedia,,revisioned_secondary
WIKI-COUNTY-2003-01-019,2003,列表 / 县级单位变动,rename,郑州市,CNUR-000152,邙山区、惠济区,邙山区,惠济区,河南省郑州市邙山区更名为惠济区,市辖区,county_level,12月18日 | 邙山区 | 河南省郑州市 | 12月25日 | 河南省郑州市邙山区更名为惠济区 | 惠济区,2003年中华人民共和国县级以上行政区划变更列表,https://zh.wikipedia.org/wiki/2003%E5%B9%B4%E4%B8%AD%E5%8D%8E%E4%BA%BA%E6%B0%91%E5%85%B1%E5%92%8C%E5%9B%BD%E5%8E%BF%E7%BA%A7%E4%BB%A5%E4%B8%8A%E8%A1%8C%E6%94%BF%E5%8C%BA%E5%88%92%E5%8F%98%E6%9B%B4%E5%88%97%E8%A1%A8,93199784,wikipedia_row_loose_relation,SRC-WIKI-2003,wikipedia,,revisioned_secondary
WIKI-COUNTY-2003-01-020,2003,列表 / 县级单位变动,jurisdiction_transfer,新乡市,CNUR-000158,新华区、北站区、郊区、红旗区、卫滨区、凤泉区、牧野区,新华区、北站区、郊区,卫滨区、凤泉区、牧野区,河南省新乡市新华区更名为卫滨区，北站区更名为凤泉区，郊区更名为牧野区；调整新乡市红旗区、卫滨区、凤泉区、牧野区行政区域；将新乡县的关堤乡、洪门镇（不含11个村）划归红旗区管辖；将原郊区平原乡的13个村划归红旗区管辖；将原郊区的平原乡（不含13个村）划归卫滨区管辖；将新乡县洪门镇的5个村，大召营镇的7个村，合河乡的4个村划归卫滨区管辖；将新乡县的大块镇划归凤泉区管辖；红旗区的东干道、北干道、荣校路、花园4个街道和原新华区的新辉路、卫北2个街道划归牧野区管辖；将新乡县洪门镇的6个村划归牧野区管辖,市辖区、旗、县,county_level,12月25日 | 新华区；北站区；郊区 | 河南省新乡市 | 河南省新乡市新华区更名为卫滨区，北站区更名为凤泉区，郊区更名为牧野区；调整新乡市红旗区、卫滨区、凤泉区、牧野区行政区域；将新乡县的关堤乡、洪门镇（不含11个村）划归红旗区管辖；将原郊区平原乡的13个村划归红旗区管辖；将原郊区的平原乡（不含13个村）划归卫滨区管辖；将新乡县洪门镇的5个村，大召营镇的7个村，合河乡的4个村划归卫滨区管辖；将新乡县的大块镇划归凤泉区管辖；红旗区的东干道、北干道、荣校路、花园4个街道和原新华区的新辉路、卫北2个街道划归牧野区管辖；将新乡县洪门镇的6个村划归牧野区管辖 | 卫滨区；凤泉区；牧野区,2003年中华人民共和国县级以上行政区划变更列表,https://zh.wikipedia.org/wiki/2003%E5%B9%B4%E4%B8%AD%E5%8D%8E%E4%BA%BA%E6%B0%91%E5%85%B1%E5%92%8C%E5%9B%BD%E5%8E%BF%E7%BA%A7%E4%BB%A5%E4%B8%8A%E8%A1%8C%E6%94%BF%E5%8C%BA%E5%88%92%E5%8F%98%E6%9B%B4%E5%88%97%E8%A1%A8,93199784,wikipedia_row_loose_relation,SRC-WIKI-2003,wikipedia,,revisioned_secondary
WIKI-COUNTY-2003-01-021,2003,列表 / 县级单位变动,establish,遵义市,CNUR-000259,汇川区,,汇川区,设立贵州省遵义市汇川区；汇川区辖原属红花岗区管辖的2个镇，3个街道，长征镇的坪丰居委会、坪丰村，原属遵义县管辖的4个镇,市辖区、县,county_level,12月25日 | 无 | 贵州省遵义市 | 12月26日 | 设立贵州省遵义市汇川区；汇川区辖原属红花岗区管辖的2个镇，3个街道，长征镇的坪丰居委会、坪丰村，原属遵义县管辖的4个镇 | 汇川区,2003年中华人民共和国县级以上行政区划变更列表,https://zh.wikipedia.org/wiki/2003%E5%B9%B4%E4%B8%AD%E5%8D%8E%E4%BA%BA%E6%B0%91%E5%85%B1%E5%92%8C%E5%9B%BD%E5%8E%BF%E7%BA%A7%E4%BB%A5%E4%B8%8A%E8%A1%8C%E6%94%BF%E5%8C%BA%E5%88%92%E5%8F%98%E6%9B%B4%E5%88%97%E8%A1%A8,93199784,wikipedia_row_loose_relation,SRC-WIKI-2003,wikipedia,,revisioned_secondary
WIKI-COUNTY-2003-01-022,2003,列表 / 县级单位变动,abolish_or_merge,石嘴山市,CNUR-000322,惠农县、石嘴山区、惠农区,惠农县、石嘴山区,惠农区,撤销石嘴山市惠农县和石嘴山区，设立石嘴山市惠农区,市辖区、县,county_level,惠农县；石嘴山区 | 宁夏回族自治区石嘴山市 | 12月31日 | 撤销石嘴山市惠农县和石嘴山区，设立石嘴山市惠农区 | 惠农区,2003年中华人民共和国县级以上行政区划变更列表,https://zh.wikipedia.org/wiki/2003%E5%B9%B4%E4%B8%AD%E5%8D%8E%E4%BA%BA%E6%B0%91%E5%85%B1%E5%92%8C%E5%9B%BD%E5%8E%BF%E7%BA%A7%E4%BB%A5%E4%B8%8A%E8%A1%8C%E6%94%BF%E5%8C%BA%E5%88%92%E5%8F%98%E6%9B%B4%E5%88%97%E8%A1%A8,93199784,wikipedia_row_loose_relation,SRC-WIKI-2003,wikipedia,,revisioned_secondary
WIKI-COUNTY-2003-01-023,2003,列表 / 县级单位变动,jurisdiction_transfer,石嘴山市、银川市,CNUR-000322、CNUR-000321,陶乐县、平罗县、兴庆区,陶乐县,,撤销石嘴山市陶乐县；将原陶乐县的红崖子乡、高仁乡、马太沟镇划归平罗县管辖；月牙湖乡划归银川市兴庆区管辖,县,county_level,宁夏回族自治区石嘴山市 | 12月31日 | 陶乐县 | 撤销石嘴山市陶乐县；将原陶乐县的红崖子乡、高仁乡、马太沟镇划归平罗县管辖；月牙湖乡划归银川市兴庆区管辖 | 无,2003年中华人民共和国县级以上行政区划变更列表,https://zh.wikipedia.org/wiki/2003%E5%B9%B4%E4%B8%AD%E5%8D%8E%E4%BA%BA%E6%B0%91%E5%85%B1%E5%92%8C%E5%9B%BD%E5%8E%BF%E7%BA%A7%E4%BB%A5%E4%B8%8A%E8%A1%8C%E6%94%BF%E5%8C%BA%E5%88%92%E5%8F%98%E6%9B%B4%E5%88%97%E8%A1%A8,93199784,wikipedia_row_loose_relation,SRC-WIKI-2003,wikipedia,,revisioned_secondary
WIKI-COUNTY-2003-02-002,2003,列表 / 政府驻地变更,residence_change,红河哈尼族彝族自治州,CNUR-000275,,,云南红河哈尼族彝族自治州人民政府驻地由个旧市迁移至蒙自县,红河哈尼族彝族自治州 | 云南省 | 1月29日 | 云南红河哈尼族彝族自治州人民政府驻地由个旧市迁移至蒙自县,县,county_level,红河哈尼族彝族自治州 | 云南省 | 1月29日 | 云南红河哈尼族彝族自治州人民政府驻地由个旧市迁移至蒙自县,2003年中华人民共和国县级以上行政区划变更列表,https://zh.wikipedia.org/wiki/2003%E5%B9%B4%E4%B8%AD%E5%8D%8E%E4%BA%BA%E6%B0%91%E5%85%B1%E5%92%8C%E5%9B%BD%E5%8E%BF%E7%BA%A7%E4%BB%A5%E4%B8%8A%E8%A1%8C%E6%94%BF%E5%8C%BA%E5%88%92%E5%8F%98%E6%9B%B4%E5%88%97%E8%A1%A8,93199784,wikipedia_row_loose_relation,SRC-WIKI-2003,wikipedia,,revisioned_secondary
WIKI-COUNTY-2003-02-003,2003,列表 / 政府驻地变更,residence_change,酒泉市,CNUR-000307,,,,甘肃省玉门市人民政府驻地由解放路迁至玉门镇,,untyped_county_record,玉门市 | 甘肃省酒泉市 | 4月4日 | 甘肃省玉门市人民政府驻地由解放路迁至玉门镇,2003年中华人民共和国县级以上行政区划变更列表,https://zh.wikipedia.org/wiki/2003%E5%B9%B4%E4%B8%AD%E5%8D%8E%E4%BA%BA%E6%B0%91%E5%85%B1%E5%92%8C%E5%9B%BD%E5%8E%BF%E7%BA%A7%E4%BB%A5%E4%B8%8A%E8%A1%8C%E6%94%BF%E5%8C%BA%E5%88%92%E5%8F%98%E6%9B%B4%E5%88%97%E8%A1%A8,93199784,wikipedia_row_loose_relation,SRC-WIKI-2003,wikipedia,,revisioned_secondary
WIKI-COUNTY-2003-02-004,2003,列表 / 政府驻地变更,residence_change,无锡市,CNUR-000075,惠山区,惠山区,,江苏省无锡市惠山区人民政府驻地由洛社镇迁至堰桥镇,市辖区,county_level,惠山区 | 江苏省无锡市 | 4月17日 | 江苏省无锡市惠山区人民政府驻地由洛社镇迁至堰桥镇,2003年中华人民共和国县级以上行政区划变更列表,https://zh.wikipedia.org/wiki/2003%E5%B9%B4%E4%B8%AD%E5%8D%8E%E4%BA%BA%E6%B0%91%E5%85%B1%E5%92%8C%E5%9B%BD%E5%8E%BF%E7%BA%A7%E4%BB%A5%E4%B8%8A%E8%A1%8C%E6%94%BF%E5%8C%BA%E5%88%92%E5%8F%98%E6%9B%B4%E5%88%97%E8%A1%A8,93199784,wikipedia_row_loose_relation,SRC-WIKI-2003,wikipedia,,revisioned_secondary
WIKI-COUNTY-2003-02-005,2003,列表 / 政府驻地变更,residence_change,厦门市,CNUR-000116,海沧区,海沧区,,海沧区人民政府驻地由杏林南路29号迁至海沧镇,市辖区,county_level,海沧区 | 福建省厦门市 | 4月26日 | 海沧区人民政府驻地由杏林南路29号迁至海沧镇,2003年中华人民共和国县级以上行政区划变更列表,https://zh.wikipedia.org/wiki/2003%E5%B9%B4%E4%B8%AD%E5%8D%8E%E4%BA%BA%E6%B0%91%E5%85%B1%E5%92%8C%E5%9B%BD%E5%8E%BF%E7%BA%A7%E4%BB%A5%E4%B8%8A%E8%A1%8C%E6%94%BF%E5%8C%BA%E5%88%92%E5%8F%98%E6%9B%B4%E5%88%97%E8%A1%A8,93199784,wikipedia_row_loose_relation,SRC-WIKI-2003,wikipedia,,revisioned_secondary
WIKI-COUNTY-2003-02-006,2003,列表 / 政府驻地变更,residence_change,六盘水市,CNUR-000258,水城县、钟山区,水城县,,贵州省水城县人民政府驻地由六盘水市钟山区黄土坡街道办事处迁至水城县滥坝镇,县,county_level,水城县 | 贵州省六盘水市 | 5月20日 | 贵州省水城县人民政府驻地由六盘水市钟山区黄土坡街道办事处迁至水城县滥坝镇,2003年中华人民共和国县级以上行政区划变更列表,https://zh.wikipedia.org/wiki/2003%E5%B9%B4%E4%B8%AD%E5%8D%8E%E4%BA%BA%E6%B0%91%E5%85%B1%E5%92%8C%E5%9B%BD%E5%8E%BF%E7%BA%A7%E4%BB%A5%E4%B8%8A%E8%A1%8C%E6%94%BF%E5%8C%BA%E5%88%92%E5%8F%98%E6%9B%B4%E5%88%97%E8%A1%A8,93199784,wikipedia_row_loose_relation,SRC-WIKI-2003,wikipedia,,revisioned_secondary
WIKI-COUNTY-2003-02-007,2003,列表 / 政府驻地变更,residence_change,兴安盟,CNUR-000034,科尔沁右翼前旗,科尔沁右翼前旗,,内蒙古自治区科尔沁右翼前旗人民政府驻地由乌兰浩特市市区迁至科尔沁右翼前旗大坝沟镇,旗,county_level,科尔沁右翼前旗 | 内蒙古自治区兴安盟 | 7月8日 | 内蒙古自治区科尔沁右翼前旗人民政府驻地由乌兰浩特市市区迁至科尔沁右翼前旗大坝沟镇,2003年中华人民共和国县级以上行政区划变更列表,https://zh.wikipedia.org/wiki/2003%E5%B9%B4%E4%B8%AD%E5%8D%8E%E4%BA%BA%E6%B0%91%E5%85%B1%E5%92%8C%E5%9B%BD%E5%8E%BF%E7%BA%A7%E4%BB%A5%E4%B8%8A%E8%A1%8C%E6%94%BF%E5%8C%BA%E5%88%92%E5%8F%98%E6%9B%B4%E5%88%97%E8%A1%A8,93199784,wikipedia_row_loose_relation,SRC-WIKI-2003,wikipedia,,revisioned_secondary
WIKI-COUNTY-2003-02-008,2003,列表 / 政府驻地变更,residence_change,南充市,CNUR-000246,仪陇县,仪陇县,,四川省仪陇县人民政府驻地由金城镇迁至新政镇,县,county_level,7月8日 | 仪陇县 | 四川省南充市 | 四川省仪陇县人民政府驻地由金城镇迁至新政镇,2003年中华人民共和国县级以上行政区划变更列表,https://zh.wikipedia.org/wiki/2003%E5%B9%B4%E4%B8%AD%E5%8D%8E%E4%BA%BA%E6%B0%91%E5%85%B1%E5%92%8C%E5%9B%BD%E5%8E%BF%E7%BA%A7%E4%BB%A5%E4%B8%8A%E8%A1%8C%E6%94%BF%E5%8C%BA%E5%88%92%E5%8F%98%E6%9B%B4%E5%88%97%E8%A1%A8,93199784,wikipedia_row_loose_relation,SRC-WIKI-2003,wikipedia,,revisioned_secondary
WIKI-COUNTY-2003-02-009,2003,列表 / 政府驻地变更,residence_change,铜川市,CNUR-000290,,,,陕西省铜川市人民政府驻地由王益区红旗街迁至耀州区正阳路,旗,county_level,7月8日 | 铜川市 | 陕西省 | 9月30日 | 陕西省铜川市人民政府驻地由王益区红旗街迁至耀州区正阳路,2003年中华人民共和国县级以上行政区划变更列表,https://zh.wikipedia.org/wiki/2003%E5%B9%B4%E4%B8%AD%E5%8D%8E%E4%BA%BA%E6%B0%91%E5%85%B1%E5%92%8C%E5%9B%BD%E5%8E%BF%E7%BA%A7%E4%BB%A5%E4%B8%8A%E8%A1%8C%E6%94%BF%E5%8C%BA%E5%88%92%E5%8F%98%E6%9B%B4%E5%88%97%E8%A1%A8,93199784,wikipedia_row_loose_relation,SRC-WIKI-2003,wikipedia,,revisioned_secondary
WIKI-COUNTY-2004-01-002,2004,列表 / 县级单位调整,rename,蚌埠市,CNUR-000100,东市区、中市区、西市区、郊区、龙子湖区、蚌山区、禹会区、淮上区,东市区、中市区、西市区、郊区,龙子湖区、蚌山区、禹会区、淮上区,蚌埠市东市区更名为龙子湖区，中市区更名为蚌山区，西市区更名为禹会区，郊区更名为淮上区；调整蚌埠市龙子湖区、蚌山区、禹会区、淮上区的行政区划；龙子湖区辖原东市区的5个街道，原中市区的延安街道，原郊区的李楼乡、长淮卫镇，雪华乡的4个村；蚌山区辖原中市区的5个街道，原东市区的宏业村、龙湖新村2个街道及烟墩村，；原西市区朝阳街道的2个居委会，钓鱼台街道的2个居委会和施徐村，原郊区的燕山乡，雪华乡的3个村，；长青乡的陶店、金圩2个村，秦集镇的仲集村；禹会区辖原西市区的3个街道，朝阳街道的5个居委会，钓鱼台街道的5个居委会，原郊区长青乡的24个村；淮上区辖原郊区的小蚌埠镇、吴小街镇原中市区的淮滨街道，原属怀远县的梅桥乡，原属固镇的曹老集镇,市辖区、县,county_level,东市区；中市区；西市区；郊区 | 安徽省蚌埠市 | 1月10日国务院同意 | 蚌埠市东市区更名为龙子湖区，中市区更名为蚌山区，西市区更名为禹会区，郊区更名为淮上区；调整蚌埠市龙子湖区、蚌山区、禹会区、淮上区的行政区划；龙子湖区辖原东市区的5个街道，原中市区的延安街道，原郊区的李楼乡、长淮卫镇，雪华乡的4个村；蚌山区辖原中市区的5个街道，原东市区的宏业村、龙湖新村2个街道及烟墩村，；原西市区朝阳街道的2个居委会，钓鱼台街道的2个居委会和施徐村，原郊区的燕山乡，雪华乡的3个村，；长青乡的陶店、金圩2个村，秦集镇的仲集村；禹会区辖原西市区的3个街道，朝阳街道的5个居委会，钓鱼台街道的5个居委会，原郊区长青乡的24个村；淮上区辖原郊区的小蚌埠镇、吴小街镇原中市区的淮滨街道，原属怀远县的梅桥乡，原属固镇的曹老集镇 | 龙子湖区；蚌山区；禹会区；淮上区 | 国函〔2004〕4号,2004年中华人民共和国县级以上行政区划变更列表,https://zh.wikipedia.org/wiki/2004%E5%B9%B4%E4%B8%AD%E5%8D%8E%E4%BA%BA%E6%B0%91%E5%85%B1%E5%92%8C%E5%9B%BD%E5%8E%BF%E7%BA%A7%E4%BB%A5%E4%B8%8A%E8%A1%8C%E6%94%BF%E5%8C%BA%E5%88%92%E5%8F%98%E6%9B%B4%E5%88%97%E8%A1%A8,93202041,wikipedia_row_loose_relation,SRC-WIKI-2004,wikipedia,,revisioned_secondary
WIKI-COUNTY-2004-01-003,2004,列表 / 县级单位调整,jurisdiction_transfer,宿迁市,CNUR-000086,宿豫县、泗阳县、泗洪县、宿城区、宿豫区,宿豫县,宿豫区,撤销宿豫县，设立宿迁市宿豫区；宿豫区辖原宿豫县的14个镇和2个乡以及井头乡；将原宿豫县的7个乡镇和泗阳县的5个乡镇以及泗洪县的陈集镇划归宿城区管辖,市辖区、县,county_level,宿豫县 | 江苏省宿迁市 | 1月15日国务院同意 | 撤销宿豫县，设立宿迁市宿豫区；宿豫区辖原宿豫县的14个镇和2个乡以及井头乡；将原宿豫县的7个乡镇和泗阳县的5个乡镇以及泗洪县的陈集镇划归宿城区管辖 | 宿豫区 | 国函〔2004〕6号,2004年中华人民共和国县级以上行政区划变更列表,https://zh.wikipedia.org/wiki/2004%E5%B9%B4%E4%B8%AD%E5%8D%8E%E4%BA%BA%E6%B0%91%E5%85%B1%E5%92%8C%E5%9B%BD%E5%8E%BF%E7%BA%A7%E4%BB%A5%E4%B8%8A%E8%A1%8C%E6%94%BF%E5%8C%BA%E5%88%92%E5%8F%98%E6%9B%B4%E5%88%97%E8%A1%A8,93202041,wikipedia_row_loose_relation,SRC-WIKI-2004,wikipedia,,revisioned_secondary
WIKI-COUNTY-2004-01-004,2004,列表 / 县级单位调整,jurisdiction_transfer,哈尔滨市,CNUR-000060,太平区,太平区,,撤销哈尔滨市太平区，将其行政区域划归哈尔滨市道外区,市辖区,county_level,太平区 | 黑龙江省哈尔滨市 | 2月4日国务院同意 | 撤销哈尔滨市太平区，将其行政区域划归哈尔滨市道外区 | 国函〔2004〕10号,2004年中华人民共和国县级以上行政区划变更列表,https://zh.wikipedia.org/wiki/2004%E5%B9%B4%E4%B8%AD%E5%8D%8E%E4%BA%BA%E6%B0%91%E5%85%B1%E5%92%8C%E5%9B%BD%E5%8E%BF%E7%BA%A7%E4%BB%A5%E4%B8%8A%E8%A1%8C%E6%94%BF%E5%8C%BA%E5%88%92%E5%8F%98%E6%9B%B4%E5%88%97%E8%A1%A8,93202041,wikipedia_row_loose_relation,SRC-WIKI-2004,wikipedia,,revisioned_secondary
WIKI-COUNTY-2004-01-005,2004,列表 / 县级单位调整,establish,哈尔滨市,CNUR-000060,松北区,,松北区,哈尔滨市设立松北区；辖原属道外区的松北、松浦、万宝3个镇，太阳岛、三电2个街道，以及原属呼兰县的乐业，对青山2个镇,市辖区、县,county_level,黑龙江省哈尔滨市 | 2月4日国务院同意 | 国函〔2004〕10号 | 哈尔滨市设立松北区；辖原属道外区的松北、松浦、万宝3个镇，太阳岛、三电2个街道，以及原属呼兰县的乐业，对青山2个镇 | 松北区,2004年中华人民共和国县级以上行政区划变更列表,https://zh.wikipedia.org/wiki/2004%E5%B9%B4%E4%B8%AD%E5%8D%8E%E4%BA%BA%E6%B0%91%E5%85%B1%E5%92%8C%E5%9B%BD%E5%8E%BF%E7%BA%A7%E4%BB%A5%E4%B8%8A%E8%A1%8C%E6%94%BF%E5%8C%BA%E5%88%92%E5%8F%98%E6%9B%B4%E5%88%97%E8%A1%A8,93202041,wikipedia_row_loose_relation,SRC-WIKI-2004,wikipedia,,revisioned_secondary
WIKI-COUNTY-2004-01-006,2004,列表 / 县级单位调整,abolish_or_merge,哈尔滨市,CNUR-000060,呼兰县、呼兰区,呼兰县,呼兰区,撤销呼兰县，设立哈尔滨市呼兰区；以原呼兰县的行政区域（不含乐业、对背山2个镇）为呼兰区的行政区域,市辖区、县,county_level,黑龙江省哈尔滨市 | 2月4日国务院同意 | 国函〔2004〕10号 | 呼兰县 | 撤销呼兰县，设立哈尔滨市呼兰区；以原呼兰县的行政区域（不含乐业、对背山2个镇）为呼兰区的行政区域 | 呼兰区,2004年中华人民共和国县级以上行政区划变更列表,https://zh.wikipedia.org/wiki/2004%E5%B9%B4%E4%B8%AD%E5%8D%8E%E4%BA%BA%E6%B0%91%E5%85%B1%E5%92%8C%E5%9B%BD%E5%8E%BF%E7%BA%A7%E4%BB%A5%E4%B8%8A%E8%A1%8C%E6%94%BF%E5%8C%BA%E5%88%92%E5%8F%98%E6%9B%B4%E5%88%97%E8%A1%A8,93202041,wikipedia_row_loose_relation,SRC-WIKI-2004,wikipedia,,revisioned_secondary
WIKI-COUNTY-2004-01-007,2004,列表 / 县级单位调整,jurisdiction_transfer,哈尔滨市、韶关市,CNUR-000060、CNUR-000197,北江区、曲江县、浈江区、武江区、仁化县、曲江区,北江区、曲江县,曲江区,撤销韶关市北江区、曲江县，设立韶关市曲江区；调整韶关市浈江区、武江区和仁化县的行政区划；将原北江区的行政区域和原曲江县的花坪镇、犁市镇、划归祯江区管辖；将原曲江县的重阳镇、龙归镇、江湾镇划归武江区管辖；将原曲江县的黄坑镇、周田镇、大桥镇划归仁化县管辖,市辖区、县,county_level,黑龙江省哈尔滨市 | 2月4日国务院同意 | 国函〔2004〕10号 | 北江区；曲江县 | 广东省韶关市 | 5月29日国务院同意 | 撤销韶关市北江区、曲江县，设立韶关市曲江区；调整韶关市浈江区、武江区和仁化县的行政区划；将原北江区的行政区域和原曲江县的花坪镇、犁市镇、划归祯江区管辖；将原曲江县的重阳镇、龙归镇、江湾镇划归武江区管辖；将原曲江县的黄坑镇、周田镇、大桥镇划归仁化县管辖 | 曲江区 | 国函〔2004〕40号,2004年中华人民共和国县级以上行政区划变更列表,https://zh.wikipedia.org/wiki/2004%E5%B9%B4%E4%B8%AD%E5%8D%8E%E4%BA%BA%E6%B0%91%E5%85%B1%E5%92%8C%E5%9B%BD%E5%8E%BF%E7%BA%A7%E4%BB%A5%E4%B8%8A%E8%A1%8C%E6%94%BF%E5%8C%BA%E5%88%92%E5%8F%98%E6%9B%B4%E5%88%97%E8%A1%A8,93202041,wikipedia_row_loose_relation,SRC-WIKI-2004,wikipedia,,revisioned_secondary
WIKI-COUNTY-2004-01-008,2004,列表 / 县级单位调整,jurisdiction_transfer,漯河市,CNUR-000162,郾城县、源汇区、郾城区、召陵区,郾城县,郾城区、召陵区,撤销郾城县，设立漯河市郾城区、召陵区；将原郾城县的8个乡镇和源汇区的孙庄乡划归郾城区管辖；将原郾城县的6个乡镇和源汇区的天桥街街道、翟庄乡、后谢乡划归召陵区管辖；将原郾城县的大刘镇、阴阳赵乡、问十乡、空冢郭乡划归源汇区管辖,市辖区、县,county_level,郾城县 | 河南省漯河市 | 9月7日国务院同意 | 撤销郾城县，设立漯河市郾城区、召陵区；将原郾城县的8个乡镇和源汇区的孙庄乡划归郾城区管辖；将原郾城县的6个乡镇和源汇区的天桥街街道、翟庄乡、后谢乡划归召陵区管辖；将原郾城县的大刘镇、阴阳赵乡、问十乡、空冢郭乡划归源汇区管辖 | 郾城区；召陵区 | 国函〔2004〕69号,2004年中华人民共和国县级以上行政区划变更列表,https://zh.wikipedia.org/wiki/2004%E5%B9%B4%E4%B8%AD%E5%8D%8E%E4%BA%BA%E6%B0%91%E5%85%B1%E5%92%8C%E5%9B%BD%E5%8E%BF%E7%BA%A7%E4%BB%A5%E4%B8%8A%E8%A1%8C%E6%94%BF%E5%8C%BA%E5%88%92%E5%8F%98%E6%9B%B4%E5%88%97%E8%A1%A8,93202041,wikipedia_row_loose_relation,SRC-WIKI-2004,wikipedia,,revisioned_secondary
WIKI-COUNTY-2004-01-009,2004,列表 / 县级单位调整,jurisdiction_transfer,日照市,CNUR-000145,东港区、岚山区,,岚山区,设立日照市岚山区；将日照市东港区的2个街道和6个镇划归岚山区管辖,市辖区,county_level,山东省日照市 | 9月9日国务院同意 | 设立日照市岚山区；将日照市东港区的2个街道和6个镇划归岚山区管辖 | 岚山区 | 国函〔2004〕71号,2004年中华人民共和国县级以上行政区划变更列表,https://zh.wikipedia.org/wiki/2004%E5%B9%B4%E4%B8%AD%E5%8D%8E%E4%BA%BA%E6%B0%91%E5%85%B1%E5%92%8C%E5%9B%BD%E5%8E%BF%E7%BA%A7%E4%BB%A5%E4%B8%8A%E8%A1%8C%E6%94%BF%E5%8C%BA%E5%88%92%E5%8F%98%E6%9B%B4%E5%88%97%E8%A1%A8,93202041,wikipedia_row_loose_relation,SRC-WIKI-2004,wikipedia,,revisioned_secondary
WIKI-COUNTY-2004-01-010,2004,列表 / 县级单位调整,jurisdiction_transfer,南宁市,CNUR-000217,城北区、永新区、邕宁县、西乡塘区、良庆区、邕宁区,城北区、永新区、邕宁县,西乡塘区、良庆区、邕宁区,撤销南宁市城北区、永新区和邕宁县，设立南宁市西乡塘区、良庆区、邕宁区；将原邕宁县的四塘、五塘、昆仑3个镇划归兴宁区管辖；新城区更名为青秀区，将原邕宁县的长塘、伶俐、刘圩、商阳4个镇和蒲庙镇的莫村划归青秀区；将原邕宁县的吴圩、苏圩、延安3个镇和原永新区江西镇的10个村划归江南区管辖；将原永新区和城北区（不含原永新区江西镇的同新等10个村）划归西乡塘区管辖；将原邕宁县的良庆、那马、那陈、大塘、南晓5个镇划归良庆区管辖；将原邕宁县的蒲庙（不含莫村）、新江、那楼、镇龙、百济、中和6个乡镇划归邕宁区管辖,市辖区、县,county_level,城北区；永新区；邕宁县 | 广西壮族自治区南宁市 | 9月15日国务院同意 | 撤销南宁市城北区、永新区和邕宁县，设立南宁市西乡塘区、良庆区、邕宁区；将原邕宁县的四塘、五塘、昆仑3个镇划归兴宁区管辖；新城区更名为青秀区，将原邕宁县的长塘、伶俐、刘圩、商阳4个镇和蒲庙镇的莫村划归青秀区；将原邕宁县的吴圩、苏圩、延安3个镇和原永新区江西镇的10个村划归江南区管辖；将原永新区和城北区（不含原永新区江西镇的同新等10个村）划归西乡塘区管辖；将原邕宁县的良庆、那马、那陈、大塘、南晓5个镇划归良庆区管辖；将原邕宁县的蒲庙（不含莫村）、新江、那楼、镇龙、百济、中和6个乡镇划归邕宁区管辖 | 西乡塘区；良庆区；邕宁区 | 国函〔2004〕79号,2004年中华人民共和国县级以上行政区划变更列表,https://zh.wikipedia.org/wiki/2004%E5%B9%B4%E4%B8%AD%E5%8D%8E%E4%BA%BA%E6%B0%91%E5%85%B1%E5%92%8C%E5%9B%BD%E5%8E%BF%E7%BA%A7%E4%BB%A5%E4%B8%8A%E8%A1%8C%E6%94%BF%E5%8C%BA%E5%88%92%E5%8F%98%E6%9B%B4%E5%88%97%E8%A1%A8,93202041,wikipedia_row_loose_relation,SRC-WIKI-2004,wikipedia,,revisioned_secondary
WIKI-COUNTY-2004-01-011,2004,列表 / 县级单位调整,rename,天水市,CNUR-000303,秦城区、秦州区,秦城区,秦州区,将天水市秦城区更名为秦州区,市辖区,county_level,秦城区 | 甘肃省天水市 | 9月30日民政部同意 | 将天水市秦城区更名为秦州区 | 秦州区 | 民函〔2004〕244号,2004年中华人民共和国县级以上行政区划变更列表,https://zh.wikipedia.org/wiki/2004%E5%B9%B4%E4%B8%AD%E5%8D%8E%E4%BA%BA%E6%B0%91%E5%85%B1%E5%92%8C%E5%9B%BD%E5%8E%BF%E7%BA%A7%E4%BB%A5%E4%B8%8A%E8%A1%8C%E6%94%BF%E5%8C%BA%E5%88%92%E5%8F%98%E6%9B%B4%E5%88%97%E8%A1%A8,93202041,wikipedia_row_loose_relation,SRC-WIKI-2004,wikipedia,,revisioned_secondary
WIKI-COUNTY-2004-01-012,2004,列表 / 县级单位调整,rename,天水市,CNUR-000303,北道区、麦积区,北道区,麦积区,北道区更名为麦积区,市辖区,county_level,甘肃省天水市 | 9月30日民政部同意 | 民函〔2004〕244号 | 北道区 | 北道区更名为麦积区 | 麦积区,2004年中华人民共和国县级以上行政区划变更列表,https://zh.wikipedia.org/wiki/2004%E5%B9%B4%E4%B8%AD%E5%8D%8E%E4%BA%BA%E6%B0%91%E5%85%B1%E5%92%8C%E5%9B%BD%E5%8E%BF%E7%BA%A7%E4%BB%A5%E4%B8%8A%E8%A1%8C%E6%94%BF%E5%8C%BA%E5%88%92%E5%8F%98%E6%9B%B4%E5%88%97%E8%A1%A8,93202041,wikipedia_row_loose_relation,SRC-WIKI-2004,wikipedia,,revisioned_secondary
WIKI-COUNTY-2004-02-002,2004,列表 / 乡镇调整,jurisdiction_transfer,营口市,CNUR-000044,盖州市、鲅鱼圈区,盖州市,鲅鱼圈区,将县级盖州市的熊岳镇、芦屯镇、红旗镇划归营口市鲅鱼圈区管辖,市辖区、旗、县,county_level,盖州市 | 辽宁省营口市 | 1月8日 | 将县级盖州市的熊岳镇、芦屯镇、红旗镇划归营口市鲅鱼圈区管辖 | 鲅鱼圈区 | 国函〔2004〕2号,2004年中华人民共和国县级以上行政区划变更列表,https://zh.wikipedia.org/wiki/2004%E5%B9%B4%E4%B8%AD%E5%8D%8E%E4%BA%BA%E6%B0%91%E5%85%B1%E5%92%8C%E5%9B%BD%E5%8E%BF%E7%BA%A7%E4%BB%A5%E4%B8%8A%E8%A1%8C%E6%94%BF%E5%8C%BA%E5%88%92%E5%8F%98%E6%9B%B4%E5%88%97%E8%A1%A8,93202041,wikipedia_row_loose_relation,SRC-WIKI-2004,wikipedia,,revisioned_secondary
WIKI-COUNTY-2004-02-003,2004,列表 / 乡镇调整,jurisdiction_transfer,淮南市,CNUR-000101,长丰县、大通区、田家庵区、谢家集区,长丰县,大通区、田家庵区、谢家集区,将长丰县的孔店乡划归淮南市大通区管辖；史院乡、三和乡、曹庵镇划归淮南市田家庵区管辖；孙庙乡、孤堆回族乡、杨公镇划归淮南市谢家集区管辖,市辖区、县,county_level,长丰县 | 安徽省淮南市 | 5月29日 | 将长丰县的孔店乡划归淮南市大通区管辖；史院乡、三和乡、曹庵镇划归淮南市田家庵区管辖；孙庙乡、孤堆回族乡、杨公镇划归淮南市谢家集区管辖 | 大通区；田家庵区；谢家集区 | 国函〔2004〕39号,2004年中华人民共和国县级以上行政区划变更列表,https://zh.wikipedia.org/wiki/2004%E5%B9%B4%E4%B8%AD%E5%8D%8E%E4%BA%BA%E6%B0%91%E5%85%B1%E5%92%8C%E5%9B%BD%E5%8E%BF%E7%BA%A7%E4%BB%A5%E4%B8%8A%E8%A1%8C%E6%94%BF%E5%8C%BA%E5%88%92%E5%8F%98%E6%9B%B4%E5%88%97%E8%A1%A8,93202041,wikipedia_row_loose_relation,SRC-WIKI-2004,wikipedia,,revisioned_secondary
WIKI-COUNTY-2004-02-004,2004,列表 / 乡镇调整,jurisdiction_adjustment,昆明市,CNUR-000266,,,,调整昆明市五华区、盘龙区、官渡区、西山区的行政区划；五华区辖14个街道和厂口乡、沙郎白族乡；盘龙区辖8个街道和小河、双龙、双哨3个乡；官渡区辖4个街道，3个镇，3个乡和阿拉彝族乡；西山区辖7个街道，碧鸡、海口2个镇，团结彝族白族乡、谷律彝族白族乡,,untyped_county_record,云南省昆明市 | 6月3日 | 调整昆明市五华区、盘龙区、官渡区、西山区的行政区划；五华区辖14个街道和厂口乡、沙郎白族乡；盘龙区辖8个街道和小河、双龙、双哨3个乡；官渡区辖4个街道，3个镇，3个乡和阿拉彝族乡；西山区辖7个街道，碧鸡、海口2个镇，团结彝族白族乡、谷律彝族白族乡 | 国函〔2004〕42号,2004年中华人民共和国县级以上行政区划变更列表,https://zh.wikipedia.org/wiki/2004%E5%B9%B4%E4%B8%AD%E5%8D%8E%E4%BA%BA%E6%B0%91%E5%85%B1%E5%92%8C%E5%9B%BD%E5%8E%BF%E7%BA%A7%E4%BB%A5%E4%B8%8A%E8%A1%8C%E6%94%BF%E5%8C%BA%E5%88%92%E5%8F%98%E6%9B%B4%E5%88%97%E8%A1%A8,93202041,wikipedia_row_loose_relation,SRC-WIKI-2004,wikipedia,,revisioned_secondary
WIKI-COUNTY-2004-02-005,2004,列表 / 乡镇调整,jurisdiction_transfer,南昌市,CNUR-000124,西湖区、青山湖区、东湖区、青云谱区,西湖区、青山湖区、东湖区,青云谱区、青山湖区,将西湖区十字街街道的5个居委会，上海路街道的12个居委会，；南站街道的解放西路东居委会，青山湖区湖坊镇的3个村划归青云谱区管辖；将东湖区彭家桥街道的11个居委会，青山路街道的7个居委会，；西湖区上海路街道的28个居委会，西湖区丁公路街道的9个居委会，南姑街道的7个居委会划归青山湖区管辖,市辖区,county_level,西湖区；青山湖区；东湖区 | 江西省南昌市 | 9月7日 | 将西湖区十字街街道的5个居委会，上海路街道的12个居委会，；南站街道的解放西路东居委会，青山湖区湖坊镇的3个村划归青云谱区管辖；将东湖区彭家桥街道的11个居委会，青山路街道的7个居委会，；西湖区上海路街道的28个居委会，西湖区丁公路街道的9个居委会，南姑街道的7个居委会划归青山湖区管辖 | 青云谱区；青山湖区 | 国函〔2004〕70号,2004年中华人民共和国县级以上行政区划变更列表,https://zh.wikipedia.org/wiki/2004%E5%B9%B4%E4%B8%AD%E5%8D%8E%E4%BA%BA%E6%B0%91%E5%85%B1%E5%92%8C%E5%9B%BD%E5%8E%BF%E7%BA%A7%E4%BB%A5%E4%B8%8A%E8%A1%8C%E6%94%BF%E5%8C%BA%E5%88%92%E5%8F%98%E6%9B%B4%E5%88%97%E8%A1%A8,93202041,wikipedia_row_loose_relation,SRC-WIKI-2004,wikipedia,,revisioned_secondary
WIKI-COUNTY-2004-02-006,2004,列表 / 乡镇调整,jurisdiction_transfer,大连市,CNUR-000038,长海县,长海县,,将长海县的石城乡和王家镇却划归庄河市管辖,县,county_level,长海县 | 辽宁省大连市 | 9月11日 | 将长海县的石城乡和王家镇却划归庄河市管辖 | 庄河市 | 国函〔2004〕72号,2004年中华人民共和国县级以上行政区划变更列表,https://zh.wikipedia.org/wiki/2004%E5%B9%B4%E4%B8%AD%E5%8D%8E%E4%BA%BA%E6%B0%91%E5%85%B1%E5%92%8C%E5%9B%BD%E5%8E%BF%E7%BA%A7%E4%BB%A5%E4%B8%8A%E8%A1%8C%E6%94%BF%E5%8C%BA%E5%88%92%E5%8F%98%E6%9B%B4%E5%88%97%E8%A1%A8,93202041,wikipedia_row_loose_relation,SRC-WIKI-2004,wikipedia,,revisioned_secondary
WIKI-COUNTY-2004-03-002,2004,列表 / 政府驻地变更,residence_change,怒江傈僳族自治州,CNUR-000280,泸水县,泸水县,,泸水县人民政府驻地由鲁掌镇迁至六库镇,县,county_level,泸水县 | 云南省怒江傈僳族自治州 | 1月5日民政部同意 | 泸水县人民政府驻地由鲁掌镇迁至六库镇 | 民函〔2004〕1号,2004年中华人民共和国县级以上行政区划变更列表,https://zh.wikipedia.org/wiki/2004%E5%B9%B4%E4%B8%AD%E5%8D%8E%E4%BA%BA%E6%B0%91%E5%85%B1%E5%92%8C%E5%9B%BD%E5%8E%BF%E7%BA%A7%E4%BB%A5%E4%B8%8A%E8%A1%8C%E6%94%BF%E5%8C%BA%E5%88%92%E5%8F%98%E6%9B%B4%E5%88%97%E8%A1%A8,93202041,wikipedia_row_loose_relation,SRC-WIKI-2004,wikipedia,,revisioned_secondary
WIKI-COUNTY-2004-03-003,2004,列表 / 政府驻地变更,residence_change,衡阳市,CNUR-000185,衡南县,衡南县,,衡南县人民政府驻地由衡阳市石鼓区中山北路迁至衡南县云集镇,县,county_level,衡南县 | 湖南省衡阳市 | 1月19日民政部同意 | 衡南县人民政府驻地由衡阳市石鼓区中山北路迁至衡南县云集镇 | 民函〔2004〕11号,2004年中华人民共和国县级以上行政区划变更列表,https://zh.wikipedia.org/wiki/2004%E5%B9%B4%E4%B8%AD%E5%8D%8E%E4%BA%BA%E6%B0%91%E5%85%B1%E5%92%8C%E5%9B%BD%E5%8E%BF%E7%BA%A7%E4%BB%A5%E4%B8%8A%E8%A1%8C%E6%94%BF%E5%8C%BA%E5%88%92%E5%8F%98%E6%9B%B4%E5%88%97%E8%A1%A8,93202041,wikipedia_row_loose_relation,SRC-WIKI-2004,wikipedia,,revisioned_secondary
WIKI-COUNTY-2004-03-004,2004,列表 / 政府驻地变更,residence_change,长沙市,CNUR-000182,,,,湖南省 | 无 | 8月13日国务院同意 | 湖南省人民政府驻地由长沙市芙蓉区五一中路迁移至长沙市天心区湘府路 | 国函〔2004〕63号,,untyped_county_record,湖南省 | 无 | 8月13日国务院同意 | 湖南省人民政府驻地由长沙市芙蓉区五一中路迁移至长沙市天心区湘府路 | 国函〔2004〕63号,2004年中华人民共和国县级以上行政区划变更列表,https://zh.wikipedia.org/wiki/2004%E5%B9%B4%E4%B8%AD%E5%8D%8E%E4%BA%BA%E6%B0%91%E5%85%B1%E5%92%8C%E5%9B%BD%E5%8E%BF%E7%BA%A7%E4%BB%A5%E4%B8%8A%E8%A1%8C%E6%94%BF%E5%8C%BA%E5%88%92%E5%8F%98%E6%9B%B4%E5%88%97%E8%A1%A8,93202041,wikipedia_row_loose_relation,SRC-WIKI-2004,wikipedia,,revisioned_secondary
WIKI-COUNTY-2004-03-005,2004,列表 / 政府驻地变更,residence_change,哈尔滨市,CNUR-000060,,,,哈尔滨市人民政府驻地由道里区石头道街迁至松北区世纪大道,,untyped_county_record,哈尔滨市 | 黑龙江省 | 9月23日国务院同意 | 哈尔滨市人民政府驻地由道里区石头道街迁至松北区世纪大道 | 国函〔2004〕80号,2004年中华人民共和国县级以上行政区划变更列表,https://zh.wikipedia.org/wiki/2004%E5%B9%B4%E4%B8%AD%E5%8D%8E%E4%BA%BA%E6%B0%91%E5%85%B1%E5%92%8C%E5%9B%BD%E5%8E%BF%E7%BA%A7%E4%BB%A5%E4%B8%8A%E8%A1%8C%E6%94%BF%E5%8C%BA%E5%88%92%E5%8F%98%E6%9B%B4%E5%88%97%E8%A1%A8,93202041,wikipedia_row_loose_relation,SRC-WIKI-2004,wikipedia,,revisioned_secondary
WIKI-COUNTY-2005-01-002,2005,列表 / 县级单位调整,jurisdiction_transfer,广州市,CNUR-000196,东山区,东山区,,撤销广州市东山区，将原东山区的行政区域，白云区的矿泉街道，天河区的登峰街道、；天河南街道的杨箕和中山一2个居委会、沙东街道部分区域划归越秀区管辖,市辖区,county_level,东山区 | 广东省广州市 | 4月28日国务院同意 | 撤销广州市东山区，将原东山区的行政区域，白云区的矿泉街道，天河区的登峰街道、；天河南街道的杨箕和中山一2个居委会、沙东街道部分区域划归越秀区管辖 | 无 | 国函〔2005〕35号,2005年中华人民共和国县级以上行政区划变更列表,https://zh.wikipedia.org/wiki/2005%E5%B9%B4%E4%B8%AD%E5%8D%8E%E4%BA%BA%E6%B0%91%E5%85%B1%E5%92%8C%E5%9B%BD%E5%8E%BF%E7%BA%A7%E4%BB%A5%E4%B8%8A%E8%A1%8C%E6%94%BF%E5%8C%BA%E5%88%92%E5%8F%98%E6%9B%B4%E5%88%97%E8%A1%A8,79571394,wikipedia_row_loose_relation,SRC-WIKI-2005,wikipedia,,revisioned_secondary
WIKI-COUNTY-2005-01-003,2005,列表 / 县级单位调整,jurisdiction_transfer,广州市,CNUR-000196,芳村区,芳村区,,撤销广州市芳村区，将原芳村区的行政区域划归荔湾区管辖,市辖区,county_level,广东省广州市 | 4月28日国务院同意 | 国函〔2005〕35号 | 芳村区 | 撤销广州市芳村区，将原芳村区的行政区域划归荔湾区管辖 | 无,2005年中华人民共和国县级以上行政区划变更列表,https://zh.wikipedia.org/wiki/2005%E5%B9%B4%E4%B8%AD%E5%8D%8E%E4%BA%BA%E6%B0%91%E5%85%B1%E5%92%8C%E5%9B%BD%E5%8E%BF%E7%BA%A7%E4%BB%A5%E4%B8%8A%E8%A1%8C%E6%94%BF%E5%8C%BA%E5%88%92%E5%8F%98%E6%9B%B4%E5%88%97%E8%A1%A8,79571394,wikipedia_row_loose_relation,SRC-WIKI-2005,wikipedia,,revisioned_secondary
WIKI-COUNTY-2005-01-004,2005,列表 / 县级单位调整,jurisdiction_transfer,广州市,CNUR-000196,番禺区、南沙区,,南沙区,设立广州市南沙区，将番禺区的南沙街道和万顷沙镇、横沥镇、黄阁镇，灵山镇的3个村的部分区域；东涌镇的庆盛村、沙公堡村、石牌村的各一部分区域划归南沙区管辖,市辖区,county_level,广东省广州市 | 4月28日国务院同意 | 国函〔2005〕35号 | 无 | 设立广州市南沙区，将番禺区的南沙街道和万顷沙镇、横沥镇、黄阁镇，灵山镇的3个村的部分区域；东涌镇的庆盛村、沙公堡村、石牌村的各一部分区域划归南沙区管辖 | 南沙区,2005年中华人民共和国县级以上行政区划变更列表,https://zh.wikipedia.org/wiki/2005%E5%B9%B4%E4%B8%AD%E5%8D%8E%E4%BA%BA%E6%B0%91%E5%85%B1%E5%92%8C%E5%9B%BD%E5%8E%BF%E7%BA%A7%E4%BB%A5%E4%B8%8A%E8%A1%8C%E6%94%BF%E5%8C%BA%E5%88%92%E5%8F%98%E6%9B%B4%E5%88%97%E8%A1%A8,79571394,wikipedia_row_loose_relation,SRC-WIKI-2005,wikipedia,,revisioned_secondary
WIKI-COUNTY-2005-01-005,2005,列表 / 县级单位调整,jurisdiction_transfer,广州市,CNUR-000196,白云区、黄埔区、天河区、萝岗区,,萝岗区,设立广州市萝岗区，将白云区的萝岗街道，钟落潭镇的2个居委会和14个村，；黄埔区的夏港街道、荔联街道的笔岗居委会、穗东街道的2个自然村，；天河区新塘街道的玉树村，增城市中新镇的镇龙居委会和14个村，新塘镇的4个村划归萝岗区管辖,市辖区,county_level,广东省广州市 | 4月28日国务院同意 | 国函〔2005〕35号 | 无 | 设立广州市萝岗区，将白云区的萝岗街道，钟落潭镇的2个居委会和14个村，；黄埔区的夏港街道、荔联街道的笔岗居委会、穗东街道的2个自然村，；天河区新塘街道的玉树村，增城市中新镇的镇龙居委会和14个村，新塘镇的4个村划归萝岗区管辖 | 萝岗区,2005年中华人民共和国县级以上行政区划变更列表,https://zh.wikipedia.org/wiki/2005%E5%B9%B4%E4%B8%AD%E5%8D%8E%E4%BA%BA%E6%B0%91%E5%85%B1%E5%92%8C%E5%9B%BD%E5%8E%BF%E7%BA%A7%E4%BB%A5%E4%B8%8A%E8%A1%8C%E6%94%BF%E5%8C%BA%E5%88%92%E5%8F%98%E6%9B%B4%E5%88%97%E8%A1%A8,79571394,wikipedia_row_loose_relation,SRC-WIKI-2005,wikipedia,,revisioned_secondary
WIKI-COUNTY-2005-01-006,2005,列表 / 县级单位调整,jurisdiction_transfer,安庆市、广州市,CNUR-000105、CNUR-000196,郊区、怀宁县、宜秀区,郊区,宜秀区,安庆市郊区更名为安庆市宜秀区；将安庆市郊区的老峰镇、龙狮桥乡、长风乡、新洲乡划归安庆市迎江区管辖；将安庆市郊区的十里铺乡（不含5个村）和怀宁县的海口镇、山口乡划归安庆市大观区管辖；将怀宁县的大龙山镇、五横乡和桐城市的罗岭镇划归宜秀区管辖,市辖区、县,county_level,广东省广州市 | 4月28日国务院同意 | 国函〔2005〕35号 | 郊区 | 安徽省安庆市 | 5月13日国务院同意 | 安庆市郊区更名为安庆市宜秀区；将安庆市郊区的老峰镇、龙狮桥乡、长风乡、新洲乡划归安庆市迎江区管辖；将安庆市郊区的十里铺乡（不含5个村）和怀宁县的海口镇、山口乡划归安庆市大观区管辖；将怀宁县的大龙山镇、五横乡和桐城市的罗岭镇划归宜秀区管辖 | 宜秀区 | 国函〔2005〕38号,2005年中华人民共和国县级以上行政区划变更列表,https://zh.wikipedia.org/wiki/2005%E5%B9%B4%E4%B8%AD%E5%8D%8E%E4%BA%BA%E6%B0%91%E5%85%B1%E5%92%8C%E5%9B%BD%E5%8E%BF%E7%BA%A7%E4%BB%A5%E4%B8%8A%E8%A1%8C%E6%94%BF%E5%8C%BA%E5%88%92%E5%8F%98%E6%9B%B4%E5%88%97%E8%A1%A8,79571394,wikipedia_row_loose_relation,SRC-WIKI-2005,wikipedia,,revisioned_secondary
WIKI-COUNTY-2005-01-007,2005,列表 / 县级单位调整,rename,嘉兴市,CNUR-000090,秀城区、南湖区,秀城区,南湖区,嘉兴市秀城区更名为南湖区,市辖区,county_level,秀城区 | 浙江省嘉兴市 | 5月17日民政部同意 | 嘉兴市秀城区更名为南湖区 | 南湖区 | 民函〔2005〕103号,2005年中华人民共和国县级以上行政区划变更列表,https://zh.wikipedia.org/wiki/2005%E5%B9%B4%E4%B8%AD%E5%8D%8E%E4%BA%BA%E6%B0%91%E5%85%B1%E5%92%8C%E5%9B%BD%E5%8E%BF%E7%BA%A7%E4%BB%A5%E4%B8%8A%E8%A1%8C%E6%94%BF%E5%8C%BA%E5%88%92%E5%8F%98%E6%9B%B4%E5%88%97%E8%A1%A8,79571394,wikipedia_row_loose_relation,SRC-WIKI-2005,wikipedia,,revisioned_secondary
WIKI-COUNTY-2005-01-008,2005,列表 / 县级单位调整,jurisdiction_transfer,开封市,CNUR-000153,郊区、龙亭区、顺河回族区、鼓楼区、开封县、金明区,郊区,金明区,将开封市郊区的北郊乡、柳园口乡、水稻乡划归开封市龙亭区管辖；将郊区的土柏岗乡、东郊乡划归开封市顺河回族区管辖；将开封市南关区的五一街道、郊区南郊乡的9个村和开封县的仙人庄乡划归开封市鼓楼区管辖；开封市南关区更名为开封市禹王台区；将郊区的汪屯乡、南郊乡（不包括9个村）划归禹王台区管辖；开封市郊区更名为开封市金明区；将龙亭区的梁苑街道、鼓楼区的城西街道和开封县的杏花营镇划归金明区管辖,市辖区、县,county_level,郊区 | 河南省开封市 | 5月30日国务院同意 | 将开封市郊区的北郊乡、柳园口乡、水稻乡划归开封市龙亭区管辖；将郊区的土柏岗乡、东郊乡划归开封市顺河回族区管辖；将开封市南关区的五一街道、郊区南郊乡的9个村和开封县的仙人庄乡划归开封市鼓楼区管辖；开封市南关区更名为开封市禹王台区；将郊区的汪屯乡、南郊乡（不包括9个村）划归禹王台区管辖；开封市郊区更名为开封市金明区；将龙亭区的梁苑街道、鼓楼区的城西街道和开封县的杏花营镇划归金明区管辖 | 金明区 | 国函〔2005〕44号,2005年中华人民共和国县级以上行政区划变更列表,https://zh.wikipedia.org/wiki/2005%E5%B9%B4%E4%B8%AD%E5%8D%8E%E4%BA%BA%E6%B0%91%E5%85%B1%E5%92%8C%E5%9B%BD%E5%8E%BF%E7%BA%A7%E4%BB%A5%E4%B8%8A%E8%A1%8C%E6%94%BF%E5%8C%BA%E5%88%92%E5%8F%98%E6%9B%B4%E5%88%97%E8%A1%A8,79571394,wikipedia_row_loose_relation,SRC-WIKI-2005,wikipedia,,revisioned_secondary
WIKI-COUNTY-2005-01-009,2005,列表 / 县级单位调整,jurisdiction_transfer,开封市,CNUR-000153,南关区、禹王台区,南关区,禹王台区,河南省开封市 | 5月30日国务院同意 | 将开封市郊区的北郊乡、柳园口乡、水稻乡划归开封市龙亭区管辖；将郊区的土柏岗乡、东郊乡划归开封市顺河回族区管辖；将开封市南关区的五一街道、郊区南郊乡的9个村和开封县的仙人庄乡划归开封市鼓楼区管辖；开封市南关区更名为开封市禹王台区；将郊区的汪屯乡、南郊乡（不包括9个村）划归禹王台区管辖；开封市郊区更名为开封市金明区；将龙亭区的梁苑街道、鼓楼区的城西街道和开封县的杏花营镇划归金明区管辖 | 国函〔2005〕44号 | 南关区 | 禹王台区,市辖区、县,county_level,河南省开封市 | 5月30日国务院同意 | 将开封市郊区的北郊乡、柳园口乡、水稻乡划归开封市龙亭区管辖；将郊区的土柏岗乡、东郊乡划归开封市顺河回族区管辖；将开封市南关区的五一街道、郊区南郊乡的9个村和开封县的仙人庄乡划归开封市鼓楼区管辖；开封市南关区更名为开封市禹王台区；将郊区的汪屯乡、南郊乡（不包括9个村）划归禹王台区管辖；开封市郊区更名为开封市金明区；将龙亭区的梁苑街道、鼓楼区的城西街道和开封县的杏花营镇划归金明区管辖 | 国函〔2005〕44号 | 南关区 | 禹王台区,2005年中华人民共和国县级以上行政区划变更列表,https://zh.wikipedia.org/wiki/2005%E5%B9%B4%E4%B8%AD%E5%8D%8E%E4%BA%BA%E6%B0%91%E5%85%B1%E5%92%8C%E5%9B%BD%E5%8E%BF%E7%BA%A7%E4%BB%A5%E4%B8%8A%E8%A1%8C%E6%94%BF%E5%8C%BA%E5%88%92%E5%8F%98%E6%9B%B4%E5%88%97%E8%A1%A8,79571394,wikipedia_row_loose_relation,SRC-WIKI-2005,wikipedia,,revisioned_secondary
WIKI-COUNTY-2005-01-010,2005,列表 / 县级单位调整,jurisdiction_transfer,开封市、芜湖市,CNUR-000153、CNUR-000099,新芫区、镜湖区、鸠江区,新芫区、镜湖区,镜湖区,撤销芜湖市新芫区、镜湖区，设立新的芜湖市镜湖区；将鸠江区的荆山街道以及湾里镇的广福、莲塘2个居委会划归镜湖区管辖,市辖区、县,county_level,河南省开封市 | 5月30日国务院同意 | 将开封市郊区的北郊乡、柳园口乡、水稻乡划归开封市龙亭区管辖；将郊区的土柏岗乡、东郊乡划归开封市顺河回族区管辖；将开封市南关区的五一街道、郊区南郊乡的9个村和开封县的仙人庄乡划归开封市鼓楼区管辖；开封市南关区更名为开封市禹王台区；将郊区的汪屯乡、南郊乡（不包括9个村）划归禹王台区管辖；开封市郊区更名为开封市金明区；将龙亭区的梁苑街道、鼓楼区的城西街道和开封县的杏花营镇划归金明区管辖 | 国函〔2005〕44号 | 新芫区；镜湖区 | 安徽省芜湖市 | 9月13日国务院同意 | 撤销芜湖市新芫区、镜湖区，设立新的芜湖市镜湖区；将鸠江区的荆山街道以及湾里镇的广福、莲塘2个居委会划归镜湖区管辖 | 镜湖区 | 国函〔2005〕77号,2005年中华人民共和国县级以上行政区划变更列表,https://zh.wikipedia.org/wiki/2005%E5%B9%B4%E4%B8%AD%E5%8D%8E%E4%BA%BA%E6%B0%91%E5%85%B1%E5%92%8C%E5%9B%BD%E5%8E%BF%E7%BA%A7%E4%BB%A5%E4%B8%8A%E8%A1%8C%E6%94%BF%E5%8C%BA%E5%88%92%E5%8F%98%E6%9B%B4%E5%88%97%E8%A1%A8,79571394,wikipedia_row_loose_relation,SRC-WIKI-2005,wikipedia,,revisioned_secondary
WIKI-COUNTY-2005-01-011,2005,列表 / 县级单位调整,jurisdiction_transfer,芜湖市,CNUR-000099,马塘区、三山区,,三山区,设立芜湖市三山区；将原马塘区的三山、保定2个街道和繁昌县的峨桥镇划归三山区管辖,市辖区、县,county_level,安徽省芜湖市 | 9月13日国务院同意 | 国函〔2005〕77号 | 无 | 设立芜湖市三山区；将原马塘区的三山、保定2个街道和繁昌县的峨桥镇划归三山区管辖 | 三山区,2005年中华人民共和国县级以上行政区划变更列表,https://zh.wikipedia.org/wiki/2005%E5%B9%B4%E4%B8%AD%E5%8D%8E%E4%BA%BA%E6%B0%91%E5%85%B1%E5%92%8C%E5%9B%BD%E5%8E%BF%E7%BA%A7%E4%BB%A5%E4%B8%8A%E8%A1%8C%E6%94%BF%E5%8C%BA%E5%88%92%E5%8F%98%E6%9B%B4%E5%88%97%E8%A1%A8,79571394,wikipedia_row_loose_relation,SRC-WIKI-2005,wikipedia,,revisioned_secondary
WIKI-COUNTY-2005-01-012,2005,列表 / 县级单位调整,jurisdiction_transfer,芜湖市,CNUR-000099,马塘区、芜湖县、弋江区,马塘区,弋江区,马塘区更名为弋江区；将芜湖县火龙岗镇划归弋江区管辖,市辖区、县,county_level,安徽省芜湖市 | 9月13日国务院同意 | 国函〔2005〕77号 | 马塘区 | 马塘区更名为弋江区；将芜湖县火龙岗镇划归弋江区管辖 | 弋江区,2005年中华人民共和国县级以上行政区划变更列表,https://zh.wikipedia.org/wiki/2005%E5%B9%B4%E4%B8%AD%E5%8D%8E%E4%BA%BA%E6%B0%91%E5%85%B1%E5%92%8C%E5%9B%BD%E5%8E%BF%E7%BA%A7%E4%BB%A5%E4%B8%8A%E8%A1%8C%E6%94%BF%E5%8C%BA%E5%88%92%E5%8F%98%E6%9B%B4%E5%88%97%E8%A1%A8,79571394,wikipedia_row_loose_relation,SRC-WIKI-2005,wikipedia,,revisioned_secondary
WIKI-COUNTY-2005-01-013,2005,列表 / 县级单位调整,rename,延安市、芜湖市,CNUR-000294、CNUR-000099,吴旗县、吴起县,吴旗县,吴起县,吴旗县更名为吴起县,旗、县,county_level,安徽省芜湖市 | 9月13日国务院同意 | 国函〔2005〕77号 | 吴旗县 | 陕西省延安市 | 10月17日民政部同意 | 吴旗县更名为吴起县 | 吴起县 | 民函〔2005〕278号,2005年中华人民共和国县级以上行政区划变更列表,https://zh.wikipedia.org/wiki/2005%E5%B9%B4%E4%B8%AD%E5%8D%8E%E4%BA%BA%E6%B0%91%E5%85%B1%E5%92%8C%E5%9B%BD%E5%8E%BF%E7%BA%A7%E4%BB%A5%E4%B8%8A%E8%A1%8C%E6%94%BF%E5%8C%BA%E5%88%92%E5%8F%98%E6%9B%B4%E5%88%97%E8%A1%A8,79571394,wikipedia_row_loose_relation,SRC-WIKI-2005,wikipedia,,revisioned_secondary
WIKI-COUNTY-2005-02-002,2005,列表 / 乡镇调整,jurisdiction_adjustment,上海市,CNUR-000073,宝山区、崇明县,宝山区,崇明县,将宝山区的长兴乡、横沙乡划入崇明县管辖,市辖区、县,county_level,宝山区 | 上海市 | 5月18日 | 将宝山区的长兴乡、横沙乡划入崇明县管辖 | 崇明县 | 国函〔2005〕40号,2005年中华人民共和国县级以上行政区划变更列表,https://zh.wikipedia.org/wiki/2005%E5%B9%B4%E4%B8%AD%E5%8D%8E%E4%BA%BA%E6%B0%91%E5%85%B1%E5%92%8C%E5%9B%BD%E5%8E%BF%E7%BA%A7%E4%BB%A5%E4%B8%8A%E8%A1%8C%E6%94%BF%E5%8C%BA%E5%88%92%E5%8F%98%E6%9B%B4%E5%88%97%E8%A1%A8,79571394,wikipedia_row_loose_relation,SRC-WIKI-2005,wikipedia,,revisioned_secondary
WIKI-COUNTY-2005-02-003,2005,列表 / 乡镇调整,jurisdiction_transfer,徐州市,CNUR-000076,铜山县、鼓楼区,铜山县,鼓楼区,将铜山县大黄山镇和大庙镇划归徐州市鼓楼区管辖,市辖区、县,county_level,5月18日 | 铜山县 | 江苏省徐州市 | 将铜山县大黄山镇和大庙镇划归徐州市鼓楼区管辖 | 鼓楼区 | 国函〔2005〕41号,2005年中华人民共和国县级以上行政区划变更列表,https://zh.wikipedia.org/wiki/2005%E5%B9%B4%E4%B8%AD%E5%8D%8E%E4%BA%BA%E6%B0%91%E5%85%B1%E5%92%8C%E5%9B%BD%E5%8E%BF%E7%BA%A7%E4%BB%A5%E4%B8%8A%E8%A1%8C%E6%94%BF%E5%8C%BA%E5%88%92%E5%8F%98%E6%9B%B4%E5%88%97%E8%A1%A8,79571394,wikipedia_row_loose_relation,SRC-WIKI-2005,wikipedia,,revisioned_secondary
WIKI-COUNTY-2005-02-004,2005,列表 / 乡镇调整,jurisdiction_transfer,自贡市,CNUR-000237,大安区、沿滩区、贡井区、自流井区,大安区、沿滩区、贡井区,自流井区,将自贡市大安区的红旗乡，自贡市沿滩区的仲权镇、舒坪镇、高峰乡、农团乡、漆树乡和；自贡市贡井区的荣边镇划归自贡市自流井区管辖,市辖区、旗,county_level,5月18日 | 大安区；沿滩区；贡井区 | 四川省自贡市 | 6月15日 | 将自贡市大安区的红旗乡，自贡市沿滩区的仲权镇、舒坪镇、高峰乡、农团乡、漆树乡和；自贡市贡井区的荣边镇划归自贡市自流井区管辖 | 自流井区 | 国函〔2005〕41号,2005年中华人民共和国县级以上行政区划变更列表,https://zh.wikipedia.org/wiki/2005%E5%B9%B4%E4%B8%AD%E5%8D%8E%E4%BA%BA%E6%B0%91%E5%85%B1%E5%92%8C%E5%9B%BD%E5%8E%BF%E7%BA%A7%E4%BB%A5%E4%B8%8A%E8%A1%8C%E6%94%BF%E5%8C%BA%E5%88%92%E5%8F%98%E6%9B%B4%E5%88%97%E8%A1%A8,79571394,wikipedia_row_loose_relation,SRC-WIKI-2005,wikipedia,,revisioned_secondary
WIKI-COUNTY-2005-02-005,2005,列表 / 乡镇调整,jurisdiction_transfer,自贡市,CNUR-000237,荣县、贡井区,荣县,贡井区,将自贡市荣县的龙潭镇、桥头镇、五宝镇、莲花镇、成佳镇、白庙镇、章佳乡、牛尾乡划归贡井区管辖,市辖区、县,county_level,四川省自贡市 | 6月15日 | 国函〔2005〕41号 | 荣县 | 将自贡市荣县的龙潭镇、桥头镇、五宝镇、莲花镇、成佳镇、白庙镇、章佳乡、牛尾乡划归贡井区管辖 | 贡井区,2005年中华人民共和国县级以上行政区划变更列表,https://zh.wikipedia.org/wiki/2005%E5%B9%B4%E4%B8%AD%E5%8D%8E%E4%BA%BA%E6%B0%91%E5%85%B1%E5%92%8C%E5%9B%BD%E5%8E%BF%E7%BA%A7%E4%BB%A5%E4%B8%8A%E8%A1%8C%E6%94%BF%E5%8C%BA%E5%88%92%E5%8F%98%E6%9B%B4%E5%88%97%E8%A1%A8,79571394,wikipedia_row_loose_relation,SRC-WIKI-2005,wikipedia,,revisioned_secondary
WIKI-COUNTY-2005-02-006,2005,列表 / 乡镇调整,jurisdiction_transfer,自贡市,CNUR-000237,富顺县、大安区、沿滩区,富顺县,大安区、沿滩区,将自贡市富顺县的庙坝镇、牛佛镇、回龙镇划归大安区管辖；将自贡市富顺县的仙山市镇、瓦市镇划归沿滩区管辖,市辖区、县,county_level,四川省自贡市 | 6月15日 | 国函〔2005〕41号 | 富顺县 | 将自贡市富顺县的庙坝镇、牛佛镇、回龙镇划归大安区管辖；将自贡市富顺县的仙山市镇、瓦市镇划归沿滩区管辖 | 大安区；沿滩区,2005年中华人民共和国县级以上行政区划变更列表,https://zh.wikipedia.org/wiki/2005%E5%B9%B4%E4%B8%AD%E5%8D%8E%E4%BA%BA%E6%B0%91%E5%85%B1%E5%92%8C%E5%9B%BD%E5%8E%BF%E7%BA%A7%E4%BB%A5%E4%B8%8A%E8%A1%8C%E6%94%BF%E5%8C%BA%E5%88%92%E5%8F%98%E6%9B%B4%E5%88%97%E8%A1%A8,79571394,wikipedia_row_loose_relation,SRC-WIKI-2005,wikipedia,,revisioned_secondary
WIKI-COUNTY-2005-03-002,2005,列表 / 政府驻地变更,residence_change,重庆市,CNUR-000235,万州区,万州区,,重庆市万州区人民政府驻地由太白岩街道迁至陈家坝街道,市辖区,county_level,万州区 | 重庆市 | 6月24日国务院同意 | 重庆市万州区人民政府驻地由太白岩街道迁至陈家坝街道 | 国函〔2005〕55号,2005年中华人民共和国县级以上行政区划变更列表,https://zh.wikipedia.org/wiki/2005%E5%B9%B4%E4%B8%AD%E5%8D%8E%E4%BA%BA%E6%B0%91%E5%85%B1%E5%92%8C%E5%9B%BD%E5%8E%BF%E7%BA%A7%E4%BB%A5%E4%B8%8A%E8%A1%8C%E6%94%BF%E5%8C%BA%E5%88%92%E5%8F%98%E6%9B%B4%E5%88%97%E8%A1%A8,79571394,wikipedia_row_loose_relation,SRC-WIKI-2005,wikipedia,,revisioned_secondary
WIKI-COUNTY-2005-03-003,2005,列表 / 政府驻地变更,residence_change,巴彦淖尔市,CNUR-000032,乌拉特后旗,乌拉特后旗,,乌拉特后旗人民政府驻地由赛乌素镇迁至巴音宝力格镇,旗,county_level,乌拉特后旗 | 内蒙古自治区巴彦淖尔市 | 7月8日民政部同意 | 乌拉特后旗人民政府驻地由赛乌素镇迁至巴音宝力格镇 | 民函〔2005〕158号,2005年中华人民共和国县级以上行政区划变更列表,https://zh.wikipedia.org/wiki/2005%E5%B9%B4%E4%B8%AD%E5%8D%8E%E4%BA%BA%E6%B0%91%E5%85%B1%E5%92%8C%E5%9B%BD%E5%8E%BF%E7%BA%A7%E4%BB%A5%E4%B8%8A%E8%A1%8C%E6%94%BF%E5%8C%BA%E5%88%92%E5%8F%98%E6%9B%B4%E5%88%97%E8%A1%A8,79571394,wikipedia_row_loose_relation,SRC-WIKI-2005,wikipedia,,revisioned_secondary
WIKI-COUNTY-2005-03-004,2005,列表 / 政府驻地变更,residence_change,黔东南苗族侗族自治州,CNUR-000264,剑河县,剑河县,,剑河县人民政府驻地由柳川镇迁至革东镇<ref>{{Cite book,县,county_level,剑河县 | 贵州省黔东南苗族侗族自治州 | 7月27日民政部同意 | 剑河县人民政府驻地由柳川镇迁至革东镇 | 民函〔2005〕181号,2005年中华人民共和国县级以上行政区划变更列表,https://zh.wikipedia.org/wiki/2005%E5%B9%B4%E4%B8%AD%E5%8D%8E%E4%BA%BA%E6%B0%91%E5%85%B1%E5%92%8C%E5%9B%BD%E5%8E%BF%E7%BA%A7%E4%BB%A5%E4%B8%8A%E8%A1%8C%E6%94%BF%E5%8C%BA%E5%88%92%E5%8F%98%E6%9B%B4%E5%88%97%E8%A1%A8,79571394,wikipedia_row_loose_relation,SRC-WIKI-2005,wikipedia,,revisioned_secondary
WIKI-COUNTY-2005-03-005,2005,列表 / 政府驻地变更,residence_change,郑州市,CNUR-000152,惠济区,惠济区,,7月27日民政部同意 | 惠济区 | 河南省郑州市 | 郑州市惠济区人民政府驻地由金水区南阳路迁移至惠济区开元路 | 民函〔2005〕182号,市辖区,county_level,7月27日民政部同意 | 惠济区 | 河南省郑州市 | 郑州市惠济区人民政府驻地由金水区南阳路迁移至惠济区开元路 | 民函〔2005〕182号,2005年中华人民共和国县级以上行政区划变更列表,https://zh.wikipedia.org/wiki/2005%E5%B9%B4%E4%B8%AD%E5%8D%8E%E4%BA%BA%E6%B0%91%E5%85%B1%E5%92%8C%E5%9B%BD%E5%8E%BF%E7%BA%A7%E4%BB%A5%E4%B8%8A%E8%A1%8C%E6%94%BF%E5%8C%BA%E5%88%92%E5%8F%98%E6%9B%B4%E5%88%97%E8%A1%A8,79571394,wikipedia_row_loose_relation,SRC-WIKI-2005,wikipedia,,revisioned_secondary
WIKI-COUNTY-2005-03-006,2005,列表 / 政府驻地变更,residence_change,湘潭市,CNUR-000184,,,,7月27日民政部同意 | 湘潭市 | 湖南省 | 8月12日国务院同意 | 湘潭市人民政府驻地由湘潭市雨湖区雨湖路迁移至湘潭市岳塘区芙蓉路 | 国函〔2005〕72号,,untyped_county_record,7月27日民政部同意 | 湘潭市 | 湖南省 | 8月12日国务院同意 | 湘潭市人民政府驻地由湘潭市雨湖区雨湖路迁移至湘潭市岳塘区芙蓉路 | 国函〔2005〕72号,2005年中华人民共和国县级以上行政区划变更列表,https://zh.wikipedia.org/wiki/2005%E5%B9%B4%E4%B8%AD%E5%8D%8E%E4%BA%BA%E6%B0%91%E5%85%B1%E5%92%8C%E5%9B%BD%E5%8E%BF%E7%BA%A7%E4%BB%A5%E4%B8%8A%E8%A1%8C%E6%94%BF%E5%8C%BA%E5%88%92%E5%8F%98%E6%9B%B4%E5%88%97%E8%A1%A8,79571394,wikipedia_row_loose_relation,SRC-WIKI-2005,wikipedia,,revisioned_secondary
WIKI-COUNTY-2005-03-007,2005,列表 / 政府驻地变更,residence_change,林芝地区,CNUR-000285,林芝县,林芝县,,林芝县人民政府驻地由林芝镇迁至八一镇,县,county_level,林芝县 | 西藏自治区林芝地区 | 10月9日民政部同意 | 林芝县人民政府驻地由林芝镇迁至八一镇 | 民函〔2005〕268号,2005年中华人民共和国县级以上行政区划变更列表,https://zh.wikipedia.org/wiki/2005%E5%B9%B4%E4%B8%AD%E5%8D%8E%E4%BA%BA%E6%B0%91%E5%85%B1%E5%92%8C%E5%9B%BD%E5%8E%BF%E7%BA%A7%E4%BB%A5%E4%B8%8A%E8%A1%8C%E6%94%BF%E5%8C%BA%E5%88%92%E5%8F%98%E6%9B%B4%E5%88%97%E8%A1%A8,79571394,wikipedia_row_loose_relation,SRC-WIKI-2005,wikipedia,,revisioned_secondary
WIKI-COUNTY-2005-03-008,2005,列表 / 政府驻地变更,residence_change,西安市,CNUR-000289,碑林区,碑林区,,西安市碑林区人民政府驻地由书院门迁至南二环西段,市辖区、林区,county_level,碑林区 | 陕西省西安市 | 10月19日民政部同意 | 西安市碑林区人民政府驻地由书院门迁至南二环西段 | 民函〔2005〕285号,2005年中华人民共和国县级以上行政区划变更列表,https://zh.wikipedia.org/wiki/2005%E5%B9%B4%E4%B8%AD%E5%8D%8E%E4%BA%BA%E6%B0%91%E5%85%B1%E5%92%8C%E5%9B%BD%E5%8E%BF%E7%BA%A7%E4%BB%A5%E4%B8%8A%E8%A1%8C%E6%94%BF%E5%8C%BA%E5%88%92%E5%8F%98%E6%9B%B4%E5%88%97%E8%A1%A8,79571394,wikipedia_row_loose_relation,SRC-WIKI-2005,wikipedia,,revisioned_secondary
WIKI-COUNTY-2006-01-002,2006,列表 / 撤销县级单位，设立市辖区,abolish_or_merge,白山市,CNUR-000056,江源县、江源区,江源县,江源区,撤销江源县，恢复设立白山市江源区,市辖区、县,county_level,江源县 | 吉林省白山市 | 4月17日中华人民共和国国务院同意 | 撤销江源县，恢复设立白山市江源区 | 江源区 | 国函〔2006〕44号,2006年中华人民共和国县级以上行政区划变更列表,https://zh.wikipedia.org/wiki/2006%E5%B9%B4%E4%B8%AD%E5%8D%8E%E4%BA%BA%E6%B0%91%E5%85%B1%E5%92%8C%E5%9B%BD%E5%8E%BF%E7%BA%A7%E4%BB%A5%E4%B8%8A%E8%A1%8C%E6%94%BF%E5%8C%BA%E5%88%92%E5%8F%98%E6%9B%B4%E5%88%97%E8%A1%A8,86945526,wikipedia_row_loose_relation,SRC-WIKI-2006,wikipedia,,revisioned_secondary
WIKI-COUNTY-2006-01-003,2006,列表 / 撤销县级单位，设立市辖区,abolish_or_merge,哈尔滨市,CNUR-000060,阿城区,,阿城区,撤销阿城市，设立哈尔滨市阿城区,市辖区,county_level,阿城市 | 黑龙江省哈尔滨市 | 8月15日中华人民共和国国务院同意；9月25日哈尔滨市人民政府公布 | 撤销阿城市，设立哈尔滨市阿城区 | 阿城区 | 国函〔2006〕73号,2006年中华人民共和国县级以上行政区划变更列表,https://zh.wikipedia.org/wiki/2006%E5%B9%B4%E4%B8%AD%E5%8D%8E%E4%BA%BA%E6%B0%91%E5%85%B1%E5%92%8C%E5%9B%BD%E5%8E%BF%E7%BA%A7%E4%BB%A5%E4%B8%8A%E8%A1%8C%E6%94%BF%E5%8C%BA%E5%88%92%E5%8F%98%E6%9B%B4%E5%88%97%E8%A1%A8,86945526,wikipedia_row_loose_relation,SRC-WIKI-2006,wikipedia,,revisioned_secondary
WIKI-COUNTY-2006-01-004,2006,列表 / 撤销县级单位，设立市辖区,abolish_or_merge,重庆市,CNUR-000235,江津区,,江津区,撤销江津市，设立重庆市江津区,市辖区,county_level,江津市 | 重庆市 | 10月22日中华人民共和国国务院同意；11月24日重庆市二届人大常委会公布 | 撤销江津市，设立重庆市江津区 | 江津区 | 国函〔2006〕110号,2006年中华人民共和国县级以上行政区划变更列表,https://zh.wikipedia.org/wiki/2006%E5%B9%B4%E4%B8%AD%E5%8D%8E%E4%BA%BA%E6%B0%91%E5%85%B1%E5%92%8C%E5%9B%BD%E5%8E%BF%E7%BA%A7%E4%BB%A5%E4%B8%8A%E8%A1%8C%E6%94%BF%E5%8C%BA%E5%88%92%E5%8F%98%E6%9B%B4%E5%88%97%E8%A1%A8,86945526,wikipedia_row_loose_relation,SRC-WIKI-2006,wikipedia,,revisioned_secondary
WIKI-COUNTY-2006-01-005,2006,列表 / 撤销县级单位，设立市辖区,abolish_or_merge,重庆市,CNUR-000235,合川区,,合川区,撤销合川市，设立重庆市合川区,市辖区,county_level,重庆市 | 10月22日中华人民共和国国务院同意；11月24日重庆市二届人大常委会公布 | 国函〔2006〕110号 | 合川市 | 撤销合川市，设立重庆市合川区 | 合川区,2006年中华人民共和国县级以上行政区划变更列表,https://zh.wikipedia.org/wiki/2006%E5%B9%B4%E4%B8%AD%E5%8D%8E%E4%BA%BA%E6%B0%91%E5%85%B1%E5%92%8C%E5%9B%BD%E5%8E%BF%E7%BA%A7%E4%BB%A5%E4%B8%8A%E8%A1%8C%E6%94%BF%E5%8C%BA%E5%88%92%E5%8F%98%E6%9B%B4%E5%88%97%E8%A1%A8,86945526,wikipedia_row_loose_relation,SRC-WIKI-2006,wikipedia,,revisioned_secondary
WIKI-COUNTY-2006-01-006,2006,列表 / 撤销县级单位，设立市辖区,abolish_or_merge,重庆市,CNUR-000235,永川区,,永川区,撤销永川市，设立重庆市永川区,市辖区,county_level,重庆市 | 10月22日中华人民共和国国务院同意；11月24日重庆市二届人大常委会公布 | 国函〔2006〕110号 | 永川市 | 撤销永川市，设立重庆市永川区 | 永川区,2006年中华人民共和国县级以上行政区划变更列表,https://zh.wikipedia.org/wiki/2006%E5%B9%B4%E4%B8%AD%E5%8D%8E%E4%BA%BA%E6%B0%91%E5%85%B1%E5%92%8C%E5%9B%BD%E5%8E%BF%E7%BA%A7%E4%BB%A5%E4%B8%8A%E8%A1%8C%E6%94%BF%E5%8C%BA%E5%88%92%E5%8F%98%E6%9B%B4%E5%88%97%E8%A1%A8,86945526,wikipedia_row_loose_relation,SRC-WIKI-2006,wikipedia,,revisioned_secondary
WIKI-COUNTY-2006-01-007,2006,列表 / 撤销县级单位，设立市辖区,abolish_or_merge,重庆市,CNUR-000235,南川区,,南川区,撤销南川市，设立重庆市南川区,市辖区,county_level,重庆市 | 10月22日中华人民共和国国务院同意；11月24日重庆市二届人大常委会公布 | 国函〔2006〕110号 | 南川市 | 撤销南川市，设立重庆市南川区 | 南川区,2006年中华人民共和国县级以上行政区划变更列表,https://zh.wikipedia.org/wiki/2006%E5%B9%B4%E4%B8%AD%E5%8D%8E%E4%BA%BA%E6%B0%91%E5%85%B1%E5%92%8C%E5%9B%BD%E5%8E%BF%E7%BA%A7%E4%BB%A5%E4%B8%8A%E8%A1%8C%E6%94%BF%E5%8C%BA%E5%88%92%E5%8F%98%E6%9B%B4%E5%88%97%E8%A1%A8,86945526,wikipedia_row_loose_relation,SRC-WIKI-2006,wikipedia,,revisioned_secondary
WIKI-COUNTY-2006-02-002,2006,列表 / 市辖区合并,jurisdiction_transfer,佳木斯市,CNUR-000067,永红区、郊区,永红区、郊区,郊区,撤销佳木斯市永红区，将其所辖行政区域划归佳木斯市郊区管辖,市辖区,county_level,永红区；郊区 | 黑龙江省佳木斯市 | 7月27日中华人民共和国国务院同意；9月7日佳木斯市人民政府公布 | 撤销佳木斯市永红区，将其所辖行政区域划归佳木斯市郊区管辖 | 郊区 | 国函〔2006〕63号,2006年中华人民共和国县级以上行政区划变更列表,https://zh.wikipedia.org/wiki/2006%E5%B9%B4%E4%B8%AD%E5%8D%8E%E4%BA%BA%E6%B0%91%E5%85%B1%E5%92%8C%E5%9B%BD%E5%8E%BF%E7%BA%A7%E4%BB%A5%E4%B8%8A%E8%A1%8C%E6%94%BF%E5%8C%BA%E5%88%92%E5%8F%98%E6%9B%B4%E5%88%97%E8%A1%A8,86945526,wikipedia_row_loose_relation,SRC-WIKI-2006,wikipedia,,revisioned_secondary
WIKI-COUNTY-2006-02-003,2006,列表 / 市辖区合并,merge,哈尔滨市,CNUR-000060,动力区、香坊区,动力区、香坊区,香坊区,撤销哈尔滨市动力区、香坊区，组建新的香坊区,市辖区,county_level,动力区；香坊区 | 黑龙江省哈尔滨市 | 8月15日中华人民共和国国务院同意；10月24日哈尔滨市人民政府公布 | 撤销哈尔滨市动力区、香坊区，组建新的香坊区 | 香坊区 | 国函〔2006〕73号,2006年中华人民共和国县级以上行政区划变更列表,https://zh.wikipedia.org/wiki/2006%E5%B9%B4%E4%B8%AD%E5%8D%8E%E4%BA%BA%E6%B0%91%E5%85%B1%E5%92%8C%E5%9B%BD%E5%8E%BF%E7%BA%A7%E4%BB%A5%E4%B8%8A%E8%A1%8C%E6%94%BF%E5%8C%BA%E5%88%92%E5%8F%98%E6%9B%B4%E5%88%97%E8%A1%A8,86945526,wikipedia_row_loose_relation,SRC-WIKI-2006,wikipedia,,revisioned_secondary
WIKI-COUNTY-2006-03-002,2006,列表 / 更名,rename,酒泉市,CNUR-000307,安西县、瓜州县,安西县,瓜州县,安西县更名为瓜州县,县,county_level,安西县 | 甘肃省酒泉市 | 2月8日中华人民共和国民政部同意；3月7日甘肃省人民共和国公布 | 安西县更名为瓜州县 | 瓜州县 | 民函〔2006〕1号,2006年中华人民共和国县级以上行政区划变更列表,https://zh.wikipedia.org/wiki/2006%E5%B9%B4%E4%B8%AD%E5%8D%8E%E4%BA%BA%E6%B0%91%E5%85%B1%E5%92%8C%E5%9B%BD%E5%8E%BF%E7%BA%A7%E4%BB%A5%E4%B8%8A%E8%A1%8C%E6%94%BF%E5%8C%BA%E5%88%92%E5%8F%98%E6%9B%B4%E5%88%97%E8%A1%A8,86945526,wikipedia_row_loose_relation,SRC-WIKI-2006,wikipedia,,revisioned_secondary
WIKI-COUNTY-2006-03-003,2006,列表 / 更名,rename,锦州市,CNUR-000043,,,,北宁市更名为北镇市,,untyped_county_record,北宁市 | 辽宁省锦州市 | 2月8日中华人民共和国民政部同意；3月11日北镇市新闻发布会公布 | 北宁市更名为北镇市 | 北镇市 | 民函〔2006〕32号,2006年中华人民共和国县级以上行政区划变更列表,https://zh.wikipedia.org/wiki/2006%E5%B9%B4%E4%B8%AD%E5%8D%8E%E4%BA%BA%E6%B0%91%E5%85%B1%E5%92%8C%E5%9B%BD%E5%8E%BF%E7%BA%A7%E4%BB%A5%E4%B8%8A%E8%A1%8C%E6%94%BF%E5%8C%BA%E5%88%92%E5%8F%98%E6%9B%B4%E5%88%97%E8%A1%A8,86945526,wikipedia_row_loose_relation,SRC-WIKI-2006,wikipedia,,revisioned_secondary
WIKI-COUNTY-2006-03-004,2006,列表 / 更名,rename,沈阳市,CNUR-000037,新城子区、沈北新区,新城子区,沈北新区,沈阳市新城子区更名为沈北新区,市辖区,county_level,新城子区 | 辽宁省沈阳市 | 10月8日中华人民共和国民政部同意；12月20日沈阳市人民政府公布 | 沈阳市新城子区更名为沈北新区 | 沈北新区 | 民函〔2006〕300号,2006年中华人民共和国县级以上行政区划变更列表,https://zh.wikipedia.org/wiki/2006%E5%B9%B4%E4%B8%AD%E5%8D%8E%E4%BA%BA%E6%B0%91%E5%85%B1%E5%92%8C%E5%9B%BD%E5%8E%BF%E7%BA%A7%E4%BB%A5%E4%B8%8A%E8%A1%8C%E6%94%BF%E5%8C%BA%E5%88%92%E5%8F%98%E6%9B%B4%E5%88%97%E8%A1%A8,86945526,wikipedia_row_loose_relation,SRC-WIKI-2006,wikipedia,,revisioned_secondary
WIKI-COUNTY-2006-04-002,2006,列表 / 乡镇调整,jurisdiction_transfer,朝阳市,CNUR-000049,朝阳县、双塔区,朝阳县,双塔区,将北票市桃花吐镇、朝阳县孙家湾乡和柳城镇四家子村划归朝阳市双塔区管辖,市辖区、县,county_level,北票市；朝阳县 | 辽宁省朝阳市 | 4月11日中华人民共和国国务院同意；4月27日公布消息 | 将北票市桃花吐镇、朝阳县孙家湾乡和柳城镇四家子村划归朝阳市双塔区管辖 | 双塔区 | 国函〔2006〕25号,2006年中华人民共和国县级以上行政区划变更列表,https://zh.wikipedia.org/wiki/2006%E5%B9%B4%E4%B8%AD%E5%8D%8E%E4%BA%BA%E6%B0%91%E5%85%B1%E5%92%8C%E5%9B%BD%E5%8E%BF%E7%BA%A7%E4%BB%A5%E4%B8%8A%E8%A1%8C%E6%94%BF%E5%8C%BA%E5%88%92%E5%8F%98%E6%9B%B4%E5%88%97%E8%A1%A8,86945526,wikipedia_row_loose_relation,SRC-WIKI-2006,wikipedia,,revisioned_secondary
WIKI-COUNTY-2006-04-003,2006,列表 / 乡镇调整,jurisdiction_transfer,朝阳市,CNUR-000049,双塔区、朝阳县、龙城区,双塔区、朝阳县,龙城区,朝阳市双塔区站南街道八里堡村、朝阳县大平房镇和联合乡划归朝阳市龙城区管辖,市辖区、县,county_level,辽宁省朝阳市 | 4月11日中华人民共和国国务院同意；4月27日公布消息 | 国函〔2006〕25号 | 双塔区；朝阳县 | 朝阳市双塔区站南街道八里堡村、朝阳县大平房镇和联合乡划归朝阳市龙城区管辖 | 龙城区,2006年中华人民共和国县级以上行政区划变更列表,https://zh.wikipedia.org/wiki/2006%E5%B9%B4%E4%B8%AD%E5%8D%8E%E4%BA%BA%E6%B0%91%E5%85%B1%E5%92%8C%E5%9B%BD%E5%8E%BF%E7%BA%A7%E4%BB%A5%E4%B8%8A%E8%A1%8C%E6%94%BF%E5%8C%BA%E5%88%92%E5%8F%98%E6%9B%B4%E5%88%97%E8%A1%A8,86945526,wikipedia_row_loose_relation,SRC-WIKI-2006,wikipedia,,revisioned_secondary
WIKI-COUNTY-2006-04-004,2006,列表 / 乡镇调整,jurisdiction_transfer,哈尔滨市、朝阳市,CNUR-000060、CNUR-000049,道外区,,道外区,永源镇、巨源镇划归哈尔滨市道外区管辖,市辖区,county_level,辽宁省朝阳市 | 4月11日中华人民共和国国务院同意；4月27日公布消息 | 国函〔2006〕25号 | 阿城市 | 黑龙江省哈尔滨市 | 8月15日中华人民共和国国务院同意；9月25日哈尔滨市人民政府公布 | 永源镇、巨源镇划归哈尔滨市道外区管辖 | 道外区 | 国函〔2006〕73号,2006年中华人民共和国县级以上行政区划变更列表,https://zh.wikipedia.org/wiki/2006%E5%B9%B4%E4%B8%AD%E5%8D%8E%E4%BA%BA%E6%B0%91%E5%85%B1%E5%92%8C%E5%9B%BD%E5%8E%BF%E7%BA%A7%E4%BB%A5%E4%B8%8A%E8%A1%8C%E6%94%BF%E5%8C%BA%E5%88%92%E5%8F%98%E6%9B%B4%E5%88%97%E8%A1%A8,86945526,wikipedia_row_loose_relation,SRC-WIKI-2006,wikipedia,,revisioned_secondary
WIKI-COUNTY-2006-05-002,2006,列表 / 驻地变更,residence_change,宜宾市,CNUR-000248,屏山县,屏山县,,屏山县人民政府驻地由屏山镇迁至新发乡,县,county_level,屏山县 | 四川省宜宾市 | 2月6日中华人民共和国民政部同意 | 屏山县人民政府驻地由屏山镇迁至新发乡 | 民函〔2006〕30号,2006年中华人民共和国县级以上行政区划变更列表,https://zh.wikipedia.org/wiki/2006%E5%B9%B4%E4%B8%AD%E5%8D%8E%E4%BA%BA%E6%B0%91%E5%85%B1%E5%92%8C%E5%9B%BD%E5%8E%BF%E7%BA%A7%E4%BB%A5%E4%B8%8A%E8%A1%8C%E6%94%BF%E5%8C%BA%E5%88%92%E5%8F%98%E6%9B%B4%E5%88%97%E8%A1%A8,86945526,wikipedia_row_loose_relation,SRC-WIKI-2006,wikipedia,,revisioned_secondary
WIKI-COUNTY-2006-05-003,2006,列表 / 驻地变更,residence_change,泉州市,CNUR-000119,鲤城区、丰泽区,,,泉州市人民政府驻地由泉州市鲤城区庄府巷迁至泉州市丰泽区景观东路,,untyped_county_record,泉州市 | 福建省 | 2月13日中华人民共和国国务院同意；3月3日公布消息 | 泉州市人民政府驻地由泉州市鲤城区庄府巷迁至泉州市丰泽区景观东路 | 国函〔2006〕9号,2006年中华人民共和国县级以上行政区划变更列表,https://zh.wikipedia.org/wiki/2006%E5%B9%B4%E4%B8%AD%E5%8D%8E%E4%BA%BA%E6%B0%91%E5%85%B1%E5%92%8C%E5%9B%BD%E5%8E%BF%E7%BA%A7%E4%BB%A5%E4%B8%8A%E8%A1%8C%E6%94%BF%E5%8C%BA%E5%88%92%E5%8F%98%E6%9B%B4%E5%88%97%E8%A1%A8,86945526,wikipedia_row_loose_relation,SRC-WIKI-2006,wikipedia,,revisioned_secondary
WIKI-COUNTY-2006-05-004,2006,列表 / 驻地变更,residence_change,南昌市,CNUR-000124,东湖区,,,南昌市人民政府驻地由南昌市东湖区民德路迁至南昌市东湖区新府路,,untyped_county_record,南昌市 | 江西省 | 3月29日中华人民共和国国务院同意 | 南昌市人民政府驻地由南昌市东湖区民德路迁至南昌市东湖区新府路 | 国函〔2006〕17号,2006年中华人民共和国县级以上行政区划变更列表,https://zh.wikipedia.org/wiki/2006%E5%B9%B4%E4%B8%AD%E5%8D%8E%E4%BA%BA%E6%B0%91%E5%85%B1%E5%92%8C%E5%9B%BD%E5%8E%BF%E7%BA%A7%E4%BB%A5%E4%B8%8A%E8%A1%8C%E6%94%BF%E5%8C%BA%E5%88%92%E5%8F%98%E6%9B%B4%E5%88%97%E8%A1%A8,86945526,wikipedia_row_loose_relation,SRC-WIKI-2006,wikipedia,,revisioned_secondary
WIKI-COUNTY-2006-05-005,2006,列表 / 驻地变更,residence_change,雅安市,CNUR-000251,汉源县,汉源县,,汉源县人民政府驻地由富林镇迁至市荣乡,县,county_level,汉源县 | 四川省雅安市 | 4月14日中华人民共和国民政部同意 | 汉源县人民政府驻地由富林镇迁至市荣乡 | 民函〔2006〕108号,2006年中华人民共和国县级以上行政区划变更列表,https://zh.wikipedia.org/wiki/2006%E5%B9%B4%E4%B8%AD%E5%8D%8E%E4%BA%BA%E6%B0%91%E5%85%B1%E5%92%8C%E5%9B%BD%E5%8E%BF%E7%BA%A7%E4%BB%A5%E4%B8%8A%E8%A1%8C%E6%94%BF%E5%8C%BA%E5%88%92%E5%8F%98%E6%9B%B4%E5%88%97%E8%A1%A8,86945526,wikipedia_row_loose_relation,SRC-WIKI-2006,wikipedia,,revisioned_secondary
WIKI-COUNTY-2006-05-006,2006,列表 / 驻地变更,residence_change,西安市,CNUR-000289,莲湖区、未央区,,,西安市人民政府驻地由西安市莲湖区西华门大街迁至西安市未央区风城八路,,untyped_county_record,西安市 | 陕西省 | 4月27日中华人民共和国国务院同意；6月1日公布消息 | 西安市人民政府驻地由西安市莲湖区西华门大街迁至西安市未央区风城八路 | 国函〔2006〕29号,2006年中华人民共和国县级以上行政区划变更列表,https://zh.wikipedia.org/wiki/2006%E5%B9%B4%E4%B8%AD%E5%8D%8E%E4%BA%BA%E6%B0%91%E5%85%B1%E5%92%8C%E5%9B%BD%E5%8E%BF%E7%BA%A7%E4%BB%A5%E4%B8%8A%E8%A1%8C%E6%94%BF%E5%8C%BA%E5%88%92%E5%8F%98%E6%9B%B4%E5%88%97%E8%A1%A8,86945526,wikipedia_row_loose_relation,SRC-WIKI-2006,wikipedia,,revisioned_secondary
WIKI-COUNTY-2006-05-007,2006,列表 / 驻地变更,residence_change,贵阳市,CNUR-000257,南明区、乌当区,,,贵阳市人民政府驻地由贵阳市南明区市府路迁至贵阳市乌当区林城东路,,untyped_county_record,贵阳市 | 贵州省 | 7月6日中华人民共和国国务院同意 | 贵阳市人民政府驻地由贵阳市南明区市府路迁至贵阳市乌当区林城东路 | 国函〔2006〕57号,2006年中华人民共和国县级以上行政区划变更列表,https://zh.wikipedia.org/wiki/2006%E5%B9%B4%E4%B8%AD%E5%8D%8E%E4%BA%BA%E6%B0%91%E5%85%B1%E5%92%8C%E5%9B%BD%E5%8E%BF%E7%BA%A7%E4%BB%A5%E4%B8%8A%E8%A1%8C%E6%94%BF%E5%8C%BA%E5%88%92%E5%8F%98%E6%9B%B4%E5%88%97%E8%A1%A8,86945526,wikipedia_row_loose_relation,SRC-WIKI-2006,wikipedia,,revisioned_secondary
WIKI-COUNTY-2006-05-008,2006,列表 / 驻地变更,residence_change,合肥市,CNUR-000098,庐阳区、蜀山区,,,合肥市人民政府驻地由合肥市庐阳区淮河路迁至合肥市蜀山区东流路,,untyped_county_record,合肥市 | 安徽省 | 9月26日中华人民共和国国务院同意 | 合肥市人民政府驻地由合肥市庐阳区淮河路迁至合肥市蜀山区东流路 | 国函〔2006〕97号,2006年中华人民共和国县级以上行政区划变更列表,https://zh.wikipedia.org/wiki/2006%E5%B9%B4%E4%B8%AD%E5%8D%8E%E4%BA%BA%E6%B0%91%E5%85%B1%E5%92%8C%E5%9B%BD%E5%8E%BF%E7%BA%A7%E4%BB%A5%E4%B8%8A%E8%A1%8C%E6%94%BF%E5%8C%BA%E5%88%92%E5%8F%98%E6%9B%B4%E5%88%97%E8%A1%A8,86945526,wikipedia_row_loose_relation,SRC-WIKI-2006,wikipedia,,revisioned_secondary
WIKI-COUNTY-2007-01-002,2007,列表 / 政府驻地变更,residence_change,宝鸡市,CNUR-000291,渭滨区、金台区,,,宝鸡市人民政府驻地由宝鸡市渭滨区经二路迁至宝鸡市金台区行政大道,,untyped_county_record,宝鸡市 | 陕西省 | 1月18日中华人民共和国国务院同意 | 宝鸡市人民政府驻地由宝鸡市渭滨区经二路迁至宝鸡市金台区行政大道 | 国函〔2007〕5号,2007年中华人民共和国县级以上行政区划变更列表,https://zh.wikipedia.org/wiki/2007%E5%B9%B4%E4%B8%AD%E5%8D%8E%E4%BA%BA%E6%B0%91%E5%85%B1%E5%92%8C%E5%9B%BD%E5%8E%BF%E7%BA%A7%E4%BB%A5%E4%B8%8A%E8%A1%8C%E6%94%BF%E5%8C%BA%E5%88%92%E5%8F%98%E6%9B%B4%E5%88%97%E8%A1%A8,93208222,wikipedia_row_loose_relation,SRC-WIKI-2007,wikipedia,,revisioned_secondary
WIKI-COUNTY-2007-01-003,2007,列表 / 政府驻地变更,residence_change,重庆市,CNUR-000235,江北区,江北区,江北区人民政府驻地由江北区华新街街道迁移至江北区寸滩街道金港新区,江北区 | 重庆市 | 2月16日中华人民共和国国务院同意 | 江北区人民政府驻地由江北区华新街街道迁移至江北区寸滩街道金港新区 | 国函〔2007〕17号,市辖区,county_level,江北区 | 重庆市 | 2月16日中华人民共和国国务院同意 | 江北区人民政府驻地由江北区华新街街道迁移至江北区寸滩街道金港新区 | 国函〔2007〕17号,2007年中华人民共和国县级以上行政区划变更列表,https://zh.wikipedia.org/wiki/2007%E5%B9%B4%E4%B8%AD%E5%8D%8E%E4%BA%BA%E6%B0%91%E5%85%B1%E5%92%8C%E5%9B%BD%E5%8E%BF%E7%BA%A7%E4%BB%A5%E4%B8%8A%E8%A1%8C%E6%94%BF%E5%8C%BA%E5%88%92%E5%8F%98%E6%9B%B4%E5%88%97%E8%A1%A8,93208222,wikipedia_row_loose_relation,SRC-WIKI-2007,wikipedia,,revisioned_secondary
WIKI-COUNTY-2007-01-004,2007,列表 / 政府驻地变更,residence_change,泉州市,CNUR-000119,,,,晋江市人民政府驻地由晋江市青阳街道南山路迁至普江市罗山街道世纪大道,,untyped_county_record,晋江市 | 福建省泉州市 | 6月1日中华人民共和国国务院同意 | 晋江市人民政府驻地由晋江市青阳街道南山路迁至普江市罗山街道世纪大道 | 国函〔2007〕145号,2007年中华人民共和国县级以上行政区划变更列表,https://zh.wikipedia.org/wiki/2007%E5%B9%B4%E4%B8%AD%E5%8D%8E%E4%BA%BA%E6%B0%91%E5%85%B1%E5%92%8C%E5%9B%BD%E5%8E%BF%E7%BA%A7%E4%BB%A5%E4%B8%8A%E8%A1%8C%E6%94%BF%E5%8C%BA%E5%88%92%E5%8F%98%E6%9B%B4%E5%88%97%E8%A1%A8,93208222,wikipedia_row_loose_relation,SRC-WIKI-2007,wikipedia,,revisioned_secondary
WIKI-COUNTY-2007-03-002,2007,列表 / 其它,rename,广元市,CNUR-000242,利州区,利州区,利州区,广元市市中区更名为利州区,市辖区,county_level,利州区 | 四川省广元市 | 1月11日中华人民共和国民政部同意 | 广元市市中区更名为利州区 | 利州区 | 民函〔2007〕12号,2007年中华人民共和国县级以上行政区划变更列表,https://zh.wikipedia.org/wiki/2007%E5%B9%B4%E4%B8%AD%E5%8D%8E%E4%BA%BA%E6%B0%91%E5%85%B1%E5%92%8C%E5%9B%BD%E5%8E%BF%E7%BA%A7%E4%BB%A5%E4%B8%8A%E8%A1%8C%E6%94%BF%E5%8C%BA%E5%88%92%E5%8F%98%E6%9B%B4%E5%88%97%E8%A1%A8,93208222,wikipedia_row_loose_relation,SRC-WIKI-2007,wikipedia,,revisioned_secondary
WIKI-COUNTY-2008-01-002,2008,列表,residence_change,中卫市,CNUR-000325,海原县,海原县,,海原县人民政府驻地由海城镇迁至黑城镇,县,county_level,海原县 | 宁夏回族自治区中卫市 | 6月20日中华人民共和国民政部同意 | 海原县人民政府驻地由海城镇迁至黑城镇 | 民函〔2008〕178号,2008年中华人民共和国县级以上行政区划变更列表,https://zh.wikipedia.org/wiki/2008%E5%B9%B4%E4%B8%AD%E5%8D%8E%E4%BA%BA%E6%B0%91%E5%85%B1%E5%92%8C%E5%9B%BD%E5%8E%BF%E7%BA%A7%E4%BB%A5%E4%B8%8A%E8%A1%8C%E6%94%BF%E5%8C%BA%E5%88%92%E5%8F%98%E6%9B%B4%E5%88%97%E8%A1%A8,67074123,wikipedia_row_loose_relation,SRC-WIKI-2008,wikipedia,,revisioned_secondary
WIKI-COUNTY-2008-01-003,2008,列表,jurisdiction_transfer,松原市,CNUR-000057,宁江区、前郭尔罗斯蒙古族自治县,宁江区、前郭尔罗斯蒙古族自治县,,前郭尔罗斯蒙古族自治县吉拉吐乡七家子村所属的哈达山抽水站主干渠以南、国道G302以东区域；；咚勒赫村所属的国道G302以东区域；王府站镇一部落村；；达里巴乡达里巴村所属的国道G302以东区域划归松原市宁江区管辖；将松原市宁江区兴原乡孙喜窝堡村和前瓦房村所属的国道G302东北侧区域划归前郭尔罗斯蒙古族自治县管辖,市辖区、自治县、县,county_level,宁江区；前郭尔罗斯蒙古族自治县 | 吉林省松原市 | 7月16日中华人民共和国民政部同意 | 前郭尔罗斯蒙古族自治县吉拉吐乡七家子村所属的哈达山抽水站主干渠以南、国道G302以东区域；；咚勒赫村所属的国道G302以东区域；王府站镇一部落村；；达里巴乡达里巴村所属的国道G302以东区域划归松原市宁江区管辖；将松原市宁江区兴原乡孙喜窝堡村和前瓦房村所属的国道G302东北侧区域划归前郭尔罗斯蒙古族自治县管辖 | 民函〔2008〕213号,2008年中华人民共和国县级以上行政区划变更列表,https://zh.wikipedia.org/wiki/2008%E5%B9%B4%E4%B8%AD%E5%8D%8E%E4%BA%BA%E6%B0%91%E5%85%B1%E5%92%8C%E5%9B%BD%E5%8E%BF%E7%BA%A7%E4%BB%A5%E4%B8%8A%E8%A1%8C%E6%94%BF%E5%8C%BA%E5%88%92%E5%8F%98%E6%9B%B4%E5%88%97%E8%A1%A8,67074123,wikipedia_row_loose_relation,SRC-WIKI-2008,wikipedia,,revisioned_secondary
WIKI-COUNTY-2008-01-004,2008,列表,jurisdiction_transfer,宝鸡市、咸阳市,CNUR-000291、CNUR-000292,扶风县、杨陵区,扶风县、杨陵区,,将宝鸡市扶风县揉谷乡划归咸阳市杨陵区管辖,市辖区、县,county_level,宝鸡市扶风县；咸阳市杨陵区 | 陕西省 | 8月14日中华人民共和国国务院同意；9月17日陕西省人民政府公布 | 将宝鸡市扶风县揉谷乡划归咸阳市杨陵区管辖 | 国函〔2008〕77号,2008年中华人民共和国县级以上行政区划变更列表,https://zh.wikipedia.org/wiki/2008%E5%B9%B4%E4%B8%AD%E5%8D%8E%E4%BA%BA%E6%B0%91%E5%85%B1%E5%92%8C%E5%9B%BD%E5%8E%BF%E7%BA%A7%E4%BB%A5%E4%B8%8A%E8%A1%8C%E6%94%BF%E5%8C%BA%E5%88%92%E5%8F%98%E6%9B%B4%E5%88%97%E8%A1%A8,67074123,wikipedia_row_loose_relation,SRC-WIKI-2008,wikipedia,,revisioned_secondary
WIKI-COUNTY-2008-01-005,2008,列表,residence_change,马鞍山市、鞍山市,CNUR-000102、CNUR-000039,,,,马鞍山市人民政府驻地由马鞍山市花山区湖北路迁至马鞍山市雨山区太白大道,,untyped_county_record,马鞍山市 | 安徽省 | 8月21日中华人民共和国国务院同意 | 马鞍山市人民政府驻地由马鞍山市花山区湖北路迁至马鞍山市雨山区太白大道 | 国函〔2008〕78号,2008年中华人民共和国县级以上行政区划变更列表,https://zh.wikipedia.org/wiki/2008%E5%B9%B4%E4%B8%AD%E5%8D%8E%E4%BA%BA%E6%B0%91%E5%85%B1%E5%92%8C%E5%9B%BD%E5%8E%BF%E7%BA%A7%E4%BB%A5%E4%B8%8A%E8%A1%8C%E6%94%BF%E5%8C%BA%E5%88%92%E5%8F%98%E6%9B%B4%E5%88%97%E8%A1%A8,67074123,wikipedia_row_loose_relation,SRC-WIKI-2008,wikipedia,,revisioned_secondary
WIKI-COUNTY-2009-01-002,2009,列表 / 撤销和设立县级单位,abolish_or_merge,南通市,CNUR-000079,通州区,,通州区,撤销通州市，设立南通市通州区,市辖区,county_level,通州市 | 江苏省南通市 | 3月23日 | 撤销通州市，设立南通市通州区 | 通州区 | 国函〔2009〕34号,2009年中华人民共和国县级以上行政区划变更列表,https://zh.wikipedia.org/wiki/2009%E5%B9%B4%E4%B8%AD%E5%8D%8E%E4%BA%BA%E6%B0%91%E5%85%B1%E5%92%8C%E5%9B%BD%E5%8E%BF%E7%BA%A7%E4%BB%A5%E4%B8%8A%E8%A1%8C%E6%94%BF%E5%8C%BA%E5%88%92%E5%8F%98%E6%9B%B4%E5%88%97%E8%A1%A8,93217121,wikipedia_row_loose_relation,SRC-WIKI-2009,wikipedia,,revisioned_secondary
WIKI-COUNTY-2009-01-003,2009,列表 / 撤销和设立县级单位,jurisdiction_transfer,随州市,CNUR-000180,曾都区、随县,,随县,设立随县，将原曾都区的19个镇划归随县管辖,县,county_level,3月23日 | 无 | 湖北省随州市 | 设立随县，将原曾都区的19个镇划归随县管辖 | 随县 | 国函〔2009〕35号,2009年中华人民共和国县级以上行政区划变更列表,https://zh.wikipedia.org/wiki/2009%E5%B9%B4%E4%B8%AD%E5%8D%8E%E4%BA%BA%E6%B0%91%E5%85%B1%E5%92%8C%E5%9B%BD%E5%8E%BF%E7%BA%A7%E4%BB%A5%E4%B8%8A%E8%A1%8C%E6%94%BF%E5%8C%BA%E5%88%92%E5%8F%98%E6%9B%B4%E5%88%97%E8%A1%A8,93217121,wikipedia_row_loose_relation,SRC-WIKI-2009,wikipedia,,revisioned_secondary
WIKI-COUNTY-2009-01-004,2009,列表 / 撤销和设立县级单位,merge,上海市,CNUR-000073,南汇区、浦东新区,南汇区,,撤销上海市南汇区，将其行政区域并入上海市浦东新区,市辖区,county_level,3月23日 | 南汇区 | 上海市 | 4月24日 | 撤销上海市南汇区，将其行政区域并入上海市浦东新区 | 无 | 国函〔2009〕52号,2009年中华人民共和国县级以上行政区划变更列表,https://zh.wikipedia.org/wiki/2009%E5%B9%B4%E4%B8%AD%E5%8D%8E%E4%BA%BA%E6%B0%91%E5%85%B1%E5%92%8C%E5%9B%BD%E5%8E%BF%E7%BA%A7%E4%BB%A5%E4%B8%8A%E8%A1%8C%E6%94%BF%E5%8C%BA%E5%88%92%E5%8F%98%E6%9B%B4%E5%88%97%E8%A1%A8,93217121,wikipedia_row_loose_relation,SRC-WIKI-2009,wikipedia,,revisioned_secondary
WIKI-COUNTY-2009-01-005,2009,列表 / 撤销和设立县级单位,abolish_or_merge,吴忠市,CNUR-000323,红寺堡区,,红寺堡区,设立吴忠市红寺堡区；以吴忠市红寺堡镇、太阳山镇、大河乡、南川乡的行政区域为红寺堡区的行政区域,市辖区,county_level,无 | 宁夏回族自治区吴忠市 | 9月30日 | 设立吴忠市红寺堡区；以吴忠市红寺堡镇、太阳山镇、大河乡、南川乡的行政区域为红寺堡区的行政区域 | 红寺堡区 | 国函〔2009〕122号,2009年中华人民共和国县级以上行政区划变更列表,https://zh.wikipedia.org/wiki/2009%E5%B9%B4%E4%B8%AD%E5%8D%8E%E4%BA%BA%E6%B0%91%E5%85%B1%E5%92%8C%E5%9B%BD%E5%8E%BF%E7%BA%A7%E4%BB%A5%E4%B8%8A%E8%A1%8C%E6%94%BF%E5%8C%BA%E5%88%92%E5%8F%98%E6%9B%B4%E5%88%97%E8%A1%A8,93217121,wikipedia_row_loose_relation,SRC-WIKI-2009,wikipedia,,revisioned_secondary
WIKI-COUNTY-2009-01-006,2009,列表 / 撤销和设立县级单位,abolish_or_merge,天津市,CNUR-000002,塘沽区、汉沽区、大港区、滨海新区,塘沽区、汉沽区、大港区,滨海新区,撤销天津市塘沽区、汉沽区、大港区，设立天津市滨海新区,市辖区,county_level,塘沽区；汉沽区；大港区 | 天津市 | 10月21日 | 撤销天津市塘沽区、汉沽区、大港区，设立天津市滨海新区 | 滨海新区 | 国函〔2009〕125号,2009年中华人民共和国县级以上行政区划变更列表,https://zh.wikipedia.org/wiki/2009%E5%B9%B4%E4%B8%AD%E5%8D%8E%E4%BA%BA%E6%B0%91%E5%85%B1%E5%92%8C%E5%9B%BD%E5%8E%BF%E7%BA%A7%E4%BB%A5%E4%B8%8A%E8%A1%8C%E6%94%BF%E5%8C%BA%E5%88%92%E5%8F%98%E6%9B%B4%E5%88%97%E8%A1%A8,93217121,wikipedia_row_loose_relation,SRC-WIKI-2009,wikipedia,,revisioned_secondary
WIKI-COUNTY-2009-02-002,2009,列表 / 乡镇调整,jurisdiction_transfer,绵阳市,CNUR-000241,安县、北川羌族自治县,安县,北川羌族自治县,将安县的安昌镇、永安镇、黄土镇的6个村划归北川羌族自治县管辖,自治县、县,county_level,安县 | 四川省绵阳市 | 2月1日 | 将安县的安昌镇、永安镇、黄土镇的6个村划归北川羌族自治县管辖 | 北川羌族自治县 | 民函〔2009〕41号,2009年中华人民共和国县级以上行政区划变更列表,https://zh.wikipedia.org/wiki/2009%E5%B9%B4%E4%B8%AD%E5%8D%8E%E4%BA%BA%E6%B0%91%E5%85%B1%E5%92%8C%E5%9B%BD%E5%8E%BF%E7%BA%A7%E4%BB%A5%E4%B8%8A%E8%A1%8C%E6%94%BF%E5%8C%BA%E5%88%92%E5%8F%98%E6%9B%B4%E5%88%97%E8%A1%A8,93217121,wikipedia_row_loose_relation,SRC-WIKI-2009,wikipedia,,revisioned_secondary
WIKI-COUNTY-2009-03-002,2009,列表 / 政府驻地变更,residence_change,绵阳市,CNUR-000241,北川羌族自治县,北川羌族自治县,,北川羌族自治县人民政府驻地由曲山镇迁至永昌镇,自治县、县,county_level,北川羌族自治县 | 四川省绵阳市 | 2月1日 | 北川羌族自治县人民政府驻地由曲山镇迁至永昌镇 | 民函〔2009〕41号,2009年中华人民共和国县级以上行政区划变更列表,https://zh.wikipedia.org/wiki/2009%E5%B9%B4%E4%B8%AD%E5%8D%8E%E4%BA%BA%E6%B0%91%E5%85%B1%E5%92%8C%E5%9B%BD%E5%8E%BF%E7%BA%A7%E4%BB%A5%E4%B8%8A%E8%A1%8C%E6%94%BF%E5%8C%BA%E5%88%92%E5%8F%98%E6%9B%B4%E5%88%97%E8%A1%A8,93217121,wikipedia_row_loose_relation,SRC-WIKI-2009,wikipedia,,revisioned_secondary
WIKI-COUNTY-2009-03-003,2009,列表 / 政府驻地变更,residence_change,广州市,CNUR-000196,萝岗区,萝岗区,,广州市萝岗区人民政府驻地由夏港街道迁至萝岗街道,市辖区,county_level,萝岗区 | 广东省广州市 | 8月13日 | 广州市萝岗区人民政府驻地由夏港街道迁至萝岗街道 | 民函〔2009〕209号,2009年中华人民共和国县级以上行政区划变更列表,https://zh.wikipedia.org/wiki/2009%E5%B9%B4%E4%B8%AD%E5%8D%8E%E4%BA%BA%E6%B0%91%E5%85%B1%E5%92%8C%E5%9B%BD%E5%8E%BF%E7%BA%A7%E4%BB%A5%E4%B8%8A%E8%A1%8C%E6%94%BF%E5%8C%BA%E5%88%92%E5%8F%98%E6%9B%B4%E5%88%97%E8%A1%A8,93217121,wikipedia_row_loose_relation,SRC-WIKI-2009,wikipedia,,revisioned_secondary
WIKI-COUNTY-2009-03-004,2009,列表 / 政府驻地变更,residence_change,重庆市,CNUR-000235,巴南区,巴南区,,重庆市巴南区人民政府驻地由新市街迁至龙海大道,市辖区,county_level,巴南区 | 重庆市 | 11月16日 | 重庆市巴南区人民政府驻地由新市街迁至龙海大道 | 国函〔2009〕136号,2009年中华人民共和国县级以上行政区划变更列表,https://zh.wikipedia.org/wiki/2009%E5%B9%B4%E4%B8%AD%E5%8D%8E%E4%BA%BA%E6%B0%91%E5%85%B1%E5%92%8C%E5%9B%BD%E5%8E%BF%E7%BA%A7%E4%BB%A5%E4%B8%8A%E8%A1%8C%E6%94%BF%E5%8C%BA%E5%88%92%E5%8F%98%E6%9B%B4%E5%88%97%E8%A1%A8,93217121,wikipedia_row_loose_relation,SRC-WIKI-2009,wikipedia,,revisioned_secondary
WIKI-COUNTY-2009-03-005,2009,列表 / 政府驻地变更,residence_change,芜湖市,CNUR-000099,,,,芜湖市人民政府驻地由芜湖市镜湖区镜湖路迁至芜湖市鸠江区新三路,,untyped_county_record,芜湖市 | 安徽省 | 12月31日 | 芜湖市人民政府驻地由芜湖市镜湖区镜湖路迁至芜湖市鸠江区新三路 | 国函〔2009〕159号,2009年中华人民共和国县级以上行政区划变更列表,https://zh.wikipedia.org/wiki/2009%E5%B9%B4%E4%B8%AD%E5%8D%8E%E4%BA%BA%E6%B0%91%E5%85%B1%E5%92%8C%E5%9B%BD%E5%8E%BF%E7%BA%A7%E4%BB%A5%E4%B8%8A%E8%A1%8C%E6%94%BF%E5%8C%BA%E5%88%92%E5%8F%98%E6%9B%B4%E5%88%97%E8%A1%A8,93217121,wikipedia_row_loose_relation,SRC-WIKI-2009,wikipedia,,revisioned_secondary
WIKI-COUNTY-2010-01-002,2010,列表 / 县级单位撤销和设立,abolish_or_merge,北京市,CNUR-000001,东城区、崇文区,东城区、崇文区,东城区,撤销北京市东城区、崇文区，设立新的北京市东城区,市辖区,county_level,东城区；崇文区 | 北京市 | 6月28日国务院同意 | 撤销北京市东城区、崇文区，设立新的北京市东城区 | 东城区 | 国函〔2010〕55号,2010年中华人民共和国县级以上行政区划变更列表,https://zh.wikipedia.org/wiki/2010%E5%B9%B4%E4%B8%AD%E5%8D%8E%E4%BA%BA%E6%B0%91%E5%85%B1%E5%92%8C%E5%9B%BD%E5%8E%BF%E7%BA%A7%E4%BB%A5%E4%B8%8A%E8%A1%8C%E6%94%BF%E5%8C%BA%E5%88%92%E5%8F%98%E6%9B%B4%E5%88%97%E8%A1%A8,93224037,wikipedia_row_loose_relation,SRC-WIKI-2010,wikipedia,,revisioned_secondary
WIKI-COUNTY-2010-01-003,2010,列表 / 县级单位撤销和设立,abolish_or_merge,北京市,CNUR-000001,西城区、宣武区,西城区、宣武区,西城区,撤销北京市西城区、宣武区，设立新的北京市西城区,市辖区,county_level,北京市 | 6月28日国务院同意 | 国函〔2010〕55号 | 西城区；宣武区 | 撤销北京市西城区、宣武区，设立新的北京市西城区 | 西城区,2010年中华人民共和国县级以上行政区划变更列表,https://zh.wikipedia.org/wiki/2010%E5%B9%B4%E4%B8%AD%E5%8D%8E%E4%BA%BA%E6%B0%91%E5%85%B1%E5%92%8C%E5%9B%BD%E5%8E%BF%E7%BA%A7%E4%BB%A5%E4%B8%8A%E8%A1%8C%E6%94%BF%E5%8C%BA%E5%88%92%E5%8F%98%E6%9B%B4%E5%88%97%E8%A1%A8,93224037,wikipedia_row_loose_relation,SRC-WIKI-2010,wikipedia,,revisioned_secondary
WIKI-COUNTY-2010-01-004,2010,列表 / 县级单位撤销和设立,jurisdiction_transfer,北京市、徐州市,CNUR-000001、CNUR-000076,九里区、鼓楼区、泉山区,九里区,,撤销徐州市九里区；将原九里区的九里街道和庞庄街道的拾东村划归徐州市鼓楼区管辖；将原九里区的火花、苏山、桃园和庞庄（不含拾东村、拾西村和昕昕居委会）4个街道；划归徐州市泉山区管辖；将原九里区的义安、利国、张集、垞城、电厂、张双楼、三河尖、拾屯8个街道以及；庞庄街道的拾西村和昕昕居委会划归铜山县管辖,市辖区、县,county_level,北京市 | 6月28日国务院同意 | 国函〔2010〕55号 | 九里区 | 江苏省徐州市 | 9月5日国务院同意 | 撤销徐州市九里区；将原九里区的九里街道和庞庄街道的拾东村划归徐州市鼓楼区管辖；将原九里区的火花、苏山、桃园和庞庄（不含拾东村、拾西村和昕昕居委会）4个街道；划归徐州市泉山区管辖；将原九里区的义安、利国、张集、垞城、电厂、张双楼、三河尖、拾屯8个街道以及；庞庄街道的拾西村和昕昕居委会划归铜山县管辖 | 无 | 国函〔2010〕90号,2010年中华人民共和国县级以上行政区划变更列表,https://zh.wikipedia.org/wiki/2010%E5%B9%B4%E4%B8%AD%E5%8D%8E%E4%BA%BA%E6%B0%91%E5%85%B1%E5%92%8C%E5%9B%BD%E5%8E%BF%E7%BA%A7%E4%BB%A5%E4%B8%8A%E8%A1%8C%E6%94%BF%E5%8C%BA%E5%88%92%E5%8F%98%E6%9B%B4%E5%88%97%E8%A1%A8,93224037,wikipedia_row_loose_relation,SRC-WIKI-2010,wikipedia,,revisioned_secondary
WIKI-COUNTY-2010-01-005,2010,列表 / 县级单位撤销和设立,abolish_or_merge,徐州市,CNUR-000076,铜山县、铜山区,铜山县,铜山区,撤销铜山县，设立徐州市铜山区,市辖区、县,county_level,江苏省徐州市 | 9月5日国务院同意 | 国函〔2010〕90号 | 铜山县 | 撤销铜山县，设立徐州市铜山区 | 铜山区,2010年中华人民共和国县级以上行政区划变更列表,https://zh.wikipedia.org/wiki/2010%E5%B9%B4%E4%B8%AD%E5%8D%8E%E4%BA%BA%E6%B0%91%E5%85%B1%E5%92%8C%E5%9B%BD%E5%8E%BF%E7%BA%A7%E4%BB%A5%E4%B8%8A%E8%A1%8C%E6%94%BF%E5%8C%BA%E5%88%92%E5%8F%98%E6%9B%B4%E5%88%97%E8%A1%A8,93224037,wikipedia_row_loose_relation,SRC-WIKI-2010,wikipedia,,revisioned_secondary
WIKI-COUNTY-2010-01-006,2010,列表 / 县级单位撤销和设立,abolish_or_merge,红河哈尼族彝族自治州、徐州市,CNUR-000275、CNUR-000076,蒙自县、蒙自市,蒙自县,蒙自市,撤销蒙自县，设立蒙自市（县级）,县级市、县,county_level,江苏省徐州市 | 9月5日国务院同意 | 国函〔2010〕90号 | 蒙自县 | 云南省红河哈尼族彝族自治州 | 9月10日民政部同意 | 撤销蒙自县，设立蒙自市（县级） | 蒙自市 | 民函〔2010〕219号,2010年中华人民共和国县级以上行政区划变更列表,https://zh.wikipedia.org/wiki/2010%E5%B9%B4%E4%B8%AD%E5%8D%8E%E4%BA%BA%E6%B0%91%E5%85%B1%E5%92%8C%E5%9B%BD%E5%8E%BF%E7%BA%A7%E4%BB%A5%E4%B8%8A%E8%A1%8C%E6%94%BF%E5%8C%BA%E5%88%92%E5%8F%98%E6%9B%B4%E5%88%97%E8%A1%A8,93224037,wikipedia_row_loose_relation,SRC-WIKI-2010,wikipedia,,revisioned_secondary
WIKI-COUNTY-2010-01-007,2010,列表 / 县级单位撤销和设立,jurisdiction_transfer,九江市,CNUR-000127,共青城市,九江市,共青城市,设立江西省共青城市（县级）；将德安县茶山街道办事处、甘露镇、金湖乡，永修县江益镇和；燕坊镇坪塘村、燕坊村，星子县苏家垱乡、泽泉乡划归共青城市管辖,县级市、县,county_level,9月10日民政部同意 | 无 | 江西省九江市 | 设立江西省共青城市（县级）；将德安县茶山街道办事处、甘露镇、金湖乡，永修县江益镇和；燕坊镇坪塘村、燕坊村，星子县苏家垱乡、泽泉乡划归共青城市管辖 | 共青城市 | 民函〔2010〕220号,2010年中华人民共和国县级以上行政区划变更列表,https://zh.wikipedia.org/wiki/2010%E5%B9%B4%E4%B8%AD%E5%8D%8E%E4%BA%BA%E6%B0%91%E5%85%B1%E5%92%8C%E5%9B%BD%E5%8E%BF%E7%BA%A7%E4%BB%A5%E4%B8%8A%E8%A1%8C%E6%94%BF%E5%8C%BA%E5%88%92%E5%8F%98%E6%9B%B4%E5%88%97%E8%A1%A8,93224037,wikipedia_row_loose_relation,SRC-WIKI-2010,wikipedia,,revisioned_secondary
WIKI-COUNTY-2010-01-008,2010,列表 / 县级单位撤销和设立,abolish_or_merge,文山壮族苗族自治州,CNUR-000276,文山县、文山市,文山县,文山市,撤销文山县，设立文山市（县级）,县级市、县,county_level,9月10日民政部同意 | 文山县 | 云南省文山壮族苗族自治州 | 12月2日民政部同意 | 撤销文山县，设立文山市（县级） | 文山市 | 民函〔2010〕295号,2010年中华人民共和国县级以上行政区划变更列表,https://zh.wikipedia.org/wiki/2010%E5%B9%B4%E4%B8%AD%E5%8D%8E%E4%BA%BA%E6%B0%91%E5%85%B1%E5%92%8C%E5%9B%BD%E5%8E%BF%E7%BA%A7%E4%BB%A5%E4%B8%8A%E8%A1%8C%E6%94%BF%E5%8C%BA%E5%88%92%E5%8F%98%E6%9B%B4%E5%88%97%E8%A1%A8,93224037,wikipedia_row_loose_relation,SRC-WIKI-2010,wikipedia,,revisioned_secondary
WIKI-COUNTY-2010-02-002,2010,列表 / 更名,rename,白山市,CNUR-000056,八道江区、浑江区,八道江区,浑江区,白山市八道江区更名为浑江区,市辖区,county_level,八道江区 | 吉林省白山市 | 2月13日民政部同意 | 白山市八道江区更名为浑江区 | 浑江区 | 民函〔2010〕40号,2010年中华人民共和国县级以上行政区划变更列表,https://zh.wikipedia.org/wiki/2010%E5%B9%B4%E4%B8%AD%E5%8D%8E%E4%BA%BA%E6%B0%91%E5%85%B1%E5%92%8C%E5%9B%BD%E5%8E%BF%E7%BA%A7%E4%BB%A5%E4%B8%8A%E8%A1%8C%E6%94%BF%E5%8C%BA%E5%88%92%E5%8F%98%E6%9B%B4%E5%88%97%E8%A1%A8,93224037,wikipedia_row_loose_relation,SRC-WIKI-2010,wikipedia,,revisioned_secondary
WIKI-COUNTY-2010-02-003,2010,列表 / 更名,rename,德宏傣族景颇族自治州,CNUR-000279,,,,潞西市更名为芒市,,untyped_county_record,潞西市 | 云南省德宏傣族景颇族自治州 | 7月2日民政部同意 | 潞西市更名为芒市 | 芒市 | 民函〔2010〕166号,2010年中华人民共和国县级以上行政区划变更列表,https://zh.wikipedia.org/wiki/2010%E5%B9%B4%E4%B8%AD%E5%8D%8E%E4%BA%BA%E6%B0%91%E5%85%B1%E5%92%8C%E5%9B%BD%E5%8E%BF%E7%BA%A7%E4%BB%A5%E4%B8%8A%E8%A1%8C%E6%94%BF%E5%8C%BA%E5%88%92%E5%8F%98%E6%9B%B4%E5%88%97%E8%A1%A8,93224037,wikipedia_row_loose_relation,SRC-WIKI-2010,wikipedia,,revisioned_secondary
WIKI-COUNTY-2010-02-004,2010,列表 / 更名,rename,襄樊市、襄阳市,CNUR-000173,襄阳区、襄州区,襄阳区,襄州区,襄樊市更名为襄阳市；襄樊市襄阳区更名为襄阳市襄州区,市辖区,county_level,襄樊市襄阳区 | 湖北省 | 11月26日国务院同意 | 襄樊市更名为襄阳市；襄樊市襄阳区更名为襄阳市襄州区 | 襄阳市襄州区 | 国函〔2010〕129号,2010年中华人民共和国县级以上行政区划变更列表,https://zh.wikipedia.org/wiki/2010%E5%B9%B4%E4%B8%AD%E5%8D%8E%E4%BA%BA%E6%B0%91%E5%85%B1%E5%92%8C%E5%9B%BD%E5%8E%BF%E7%BA%A7%E4%BB%A5%E4%B8%8A%E8%A1%8C%E6%94%BF%E5%8C%BA%E5%88%92%E5%8F%98%E6%9B%B4%E5%88%97%E8%A1%A8,93224037,wikipedia_row_loose_relation,SRC-WIKI-2010,wikipedia,,revisioned_secondary
WIKI-COUNTY-2010-03-002,2010,列表 / 政府驻地变更,residence_change,广州市,CNUR-000196,海珠区,海珠区,,广州市海珠区人民政府驻地由海幢街道宝岗路1号迁至江海街道广州大道南999号<ref>{{cite web |title=海珠区政府东迁 新址旁楼价急涨,市辖区,county_level,海珠区 | 广东省广州市 | 1月14日民政部同意 | 广州市海珠区人民政府驻地由海幢街道宝岗路1号迁至江海街道广州大道南999号<ref>{{cite web |title=海珠区政府东迁 新址旁楼价急涨 | url=https://news.qq.com/a/20100120/001837.htm|website=襄州政府网|accessdate=2020-08-15|date=2010-01-20}}</ref> | 民函〔2010〕7号,2010年中华人民共和国县级以上行政区划变更列表,https://zh.wikipedia.org/wiki/2010%E5%B9%B4%E4%B8%AD%E5%8D%8E%E4%BA%BA%E6%B0%91%E5%85%B1%E5%92%8C%E5%9B%BD%E5%8E%BF%E7%BA%A7%E4%BB%A5%E4%B8%8A%E8%A1%8C%E6%94%BF%E5%8C%BA%E5%88%92%E5%8F%98%E6%9B%B4%E5%88%97%E8%A1%A8,93224037,wikipedia_row_loose_relation,SRC-WIKI-2010,wikipedia,,revisioned_secondary
WIKI-COUNTY-2010-03-003,2010,列表 / 政府驻地变更,residence_change,咸阳市,CNUR-000292,渭城区,渭城区,,咸阳市渭城区人民政府驻地由中山街道渭阳东路4号迁至渭阳街道文林路9号<ref>{{cite web |title=2010年咸阳市渭城区人民政府驻地迁至渭阳街道文林路9号,市辖区,county_level,渭城区 | 陕西省咸阳市 | 1月19日民政部同意 | 咸阳市渭城区人民政府驻地由中山街道渭阳东路4号迁至渭阳街道文林路9号<ref>{{cite web |title=2010年咸阳市渭城区人民政府驻地迁至渭阳街道文林路9号 | url=https://www.axunxun.com/xinwen/content.php?id=141|website=襄州政府网|accessdate=2020-08-15|date=2015-06-24}}</ref> | 民函〔2010〕17号,2010年中华人民共和国县级以上行政区划变更列表,https://zh.wikipedia.org/wiki/2010%E5%B9%B4%E4%B8%AD%E5%8D%8E%E4%BA%BA%E6%B0%91%E5%85%B1%E5%92%8C%E5%9B%BD%E5%8E%BF%E7%BA%A7%E4%BB%A5%E4%B8%8A%E8%A1%8C%E6%94%BF%E5%8C%BA%E5%88%92%E5%8F%98%E6%9B%B4%E5%88%97%E8%A1%A8,93224037,wikipedia_row_loose_relation,SRC-WIKI-2010,wikipedia,,revisioned_secondary
WIKI-COUNTY-2010-03-004,2010,列表 / 政府驻地变更,residence_change,成都市,CNUR-000236,,,,成都市人民政府驻地由成都市青羊区人民西路迁至成都市武侯区锦悦西路,,untyped_county_record,成都市 | 四川省 | 9月25日民政部同意 | 成都市人民政府驻地由成都市青羊区人民西路迁至成都市武侯区锦悦西路 | 国函〔2010〕97号,2010年中华人民共和国县级以上行政区划变更列表,https://zh.wikipedia.org/wiki/2010%E5%B9%B4%E4%B8%AD%E5%8D%8E%E4%BA%BA%E6%B0%91%E5%85%B1%E5%92%8C%E5%9B%BD%E5%8E%BF%E7%BA%A7%E4%BB%A5%E4%B8%8A%E8%A1%8C%E6%94%BF%E5%8C%BA%E5%88%92%E5%8F%98%E6%9B%B4%E5%88%97%E8%A1%A8,93224037,wikipedia_row_loose_relation,SRC-WIKI-2010,wikipedia,,revisioned_secondary
WIKI-COUNTY-2010-03-005,2010,列表 / 政府驻地变更,residence_change,北京市,CNUR-000001,东城区,东城区,,东城区 | 北京市 | 11月16日国务院同意 | 北京市东城区人民政府驻东四北大街育群胡同 | 国函〔2010〕130号,市辖区,county_level,东城区 | 北京市 | 11月16日国务院同意 | 北京市东城区人民政府驻东四北大街育群胡同 | 国函〔2010〕130号,2010年中华人民共和国县级以上行政区划变更列表,https://zh.wikipedia.org/wiki/2010%E5%B9%B4%E4%B8%AD%E5%8D%8E%E4%BA%BA%E6%B0%91%E5%85%B1%E5%92%8C%E5%9B%BD%E5%8E%BF%E7%BA%A7%E4%BB%A5%E4%B8%8A%E8%A1%8C%E6%94%BF%E5%8C%BA%E5%88%92%E5%8F%98%E6%9B%B4%E5%88%97%E8%A1%A8,93224037,wikipedia_row_loose_relation,SRC-WIKI-2010,wikipedia,,revisioned_secondary
WIKI-COUNTY-2010-03-006,2010,列表 / 政府驻地变更,residence_change,北京市,CNUR-000001,西城区,西城区,,北京市 | 11月16日国务院同意 | 国函〔2010〕130号 | 西城区 | 北京市西城区人民政府驻二龙路,市辖区,county_level,北京市 | 11月16日国务院同意 | 国函〔2010〕130号 | 西城区 | 北京市西城区人民政府驻二龙路,2010年中华人民共和国县级以上行政区划变更列表,https://zh.wikipedia.org/wiki/2010%E5%B9%B4%E4%B8%AD%E5%8D%8E%E4%BA%BA%E6%B0%91%E5%85%B1%E5%92%8C%E5%9B%BD%E5%8E%BF%E7%BA%A7%E4%BB%A5%E4%B8%8A%E8%A1%8C%E6%94%BF%E5%8C%BA%E5%88%92%E5%8F%98%E6%9B%B4%E5%88%97%E8%A1%A8,93224037,wikipedia_row_loose_relation,SRC-WIKI-2010,wikipedia,,revisioned_secondary
WIKI-COUNTY-2011-01-002,2011,列表 / 撤销县，设立市辖区,abolish_or_merge,宜宾市,CNUR-000248,南溪县、南溪区,南溪县,南溪区,撤销南溪县，设立宜宾市南溪区,市辖区、县,county_level,南溪县 | 四川省宜宾市 | 2月17日中华人民共和国国务院同意；7月31日四川省人民政府公布 | 撤销南溪县，设立宜宾市南溪区 | 南溪区 | 国函〔2011〕18号,2011年中华人民共和国县级以上行政区划变更列表,https://zh.wikipedia.org/wiki/2011%E5%B9%B4%E4%B8%AD%E5%8D%8E%E4%BA%BA%E6%B0%91%E5%85%B1%E5%92%8C%E5%9B%BD%E5%8E%BF%E7%BA%A7%E4%BB%A5%E4%B8%8A%E8%A1%8C%E6%94%BF%E5%8C%BA%E5%88%92%E5%8F%98%E6%9B%B4%E5%88%97%E8%A1%A8,88403970,wikipedia_row_loose_relation,SRC-WIKI-2011,wikipedia,,revisioned_secondary
WIKI-COUNTY-2011-01-003,2011,列表 / 撤销县，设立市辖区,abolish_or_merge,长沙市,CNUR-000182,望城县、望城区,望城县,望城区,撤销望城县，设立长沙市望城区,市辖区、县,county_level,望城县 | 湖南省长沙市 | 5月20日中华人民共和国国务院同意；6月20日湖南省人民政府公布 | 撤销望城县，设立长沙市望城区 | 望城区 | 国函〔2011〕57号,2011年中华人民共和国县级以上行政区划变更列表,https://zh.wikipedia.org/wiki/2011%E5%B9%B4%E4%B8%AD%E5%8D%8E%E4%BA%BA%E6%B0%91%E5%85%B1%E5%92%8C%E5%9B%BD%E5%8E%BF%E7%BA%A7%E4%BB%A5%E4%B8%8A%E8%A1%8C%E6%94%BF%E5%8C%BA%E5%88%92%E5%8F%98%E6%9B%B4%E5%88%97%E8%A1%A8,88403970,wikipedia_row_loose_relation,SRC-WIKI-2011,wikipedia,,revisioned_secondary
WIKI-COUNTY-2011-01-004,2011,列表 / 撤销县，设立市辖区,abolish_or_merge,昆明市,CNUR-000266,呈贡县、呈贡区,呈贡县,呈贡区,撤销呈贡县，设立昆明市呈贡区,市辖区、县,county_level,呈贡县 | 云南省昆明市 | 5月20日中华人民共和国国务院同意；6月21日云南省人民政府公布 | 撤销呈贡县，设立昆明市呈贡区 | 呈贡区 | 国函〔2011〕58号,2011年中华人民共和国县级以上行政区划变更列表,https://zh.wikipedia.org/wiki/2011%E5%B9%B4%E4%B8%AD%E5%8D%8E%E4%BA%BA%E6%B0%91%E5%85%B1%E5%92%8C%E5%9B%BD%E5%8E%BF%E7%BA%A7%E4%BB%A5%E4%B8%8A%E8%A1%8C%E6%94%BF%E5%8C%BA%E5%88%92%E5%8F%98%E6%9B%B4%E5%88%97%E8%A1%A8,88403970,wikipedia_row_loose_relation,SRC-WIKI-2011,wikipedia,,revisioned_secondary
WIKI-COUNTY-2011-03-002,2011,列表 / 县级单位合并,merge,上海市,CNUR-000073,黄浦区、卢湾区,黄浦区、卢湾区,黄浦区,撤销上海市黄浦区和卢湾区，设立新的黄浦区；原黄浦区和卢湾区的行政区域为新黄浦区的行政区域,市辖区,county_level,黄浦区；卢湾区 | 上海市 | 5月20日中华人民共和国国务院同意；6月8日公布 | 撤销上海市黄浦区和卢湾区，设立新的黄浦区；原黄浦区和卢湾区的行政区域为新黄浦区的行政区域 | 黄浦区 | 国函〔2011〕59号,2011年中华人民共和国县级以上行政区划变更列表,https://zh.wikipedia.org/wiki/2011%E5%B9%B4%E4%B8%AD%E5%8D%8E%E4%BA%BA%E6%B0%91%E5%85%B1%E5%92%8C%E5%9B%BD%E5%8E%BF%E7%BA%A7%E4%BB%A5%E4%B8%8A%E8%A1%8C%E6%94%BF%E5%8C%BA%E5%88%92%E5%8F%98%E6%9B%B4%E5%88%97%E8%A1%A8,88403970,wikipedia_row_loose_relation,SRC-WIKI-2011,wikipedia,,revisioned_secondary
WIKI-COUNTY-2011-03-003,2011,列表 / 县级单位合并,merge,重庆市,CNUR-000235,双桥区、大足县、大足区,双桥区、大足县,大足区,撤销双桥区、大足县，设立重庆市大足区；原双桥区、大足县的行政区域为大足区的行政区域,市辖区、县,county_level,双桥区；大足县 | 重庆市 | 10月22日中华人民共和国国务院同意；10月27日公布 | 撤销双桥区、大足县，设立重庆市大足区；原双桥区、大足县的行政区域为大足区的行政区域 | 大足区 | 国函〔2011〕129号,2011年中华人民共和国县级以上行政区划变更列表,https://zh.wikipedia.org/wiki/2011%E5%B9%B4%E4%B8%AD%E5%8D%8E%E4%BA%BA%E6%B0%91%E5%85%B1%E5%92%8C%E5%9B%BD%E5%8E%BF%E7%BA%A7%E4%BB%A5%E4%B8%8A%E8%A1%8C%E6%94%BF%E5%8C%BA%E5%88%92%E5%8F%98%E6%9B%B4%E5%88%97%E8%A1%A8,88403970,wikipedia_row_loose_relation,SRC-WIKI-2011,wikipedia,,revisioned_secondary
WIKI-COUNTY-2011-03-004,2011,列表 / 县级单位合并,merge,重庆市,CNUR-000235,万盛区、綦江县、綦江区,万盛区、綦江县,綦江区,撤销万盛区、綦江县，设立重庆市綦江区；原万盛区、綦江县的行政区域为綦江区的行政区域,市辖区、县,county_level,重庆市 | 10月22日中华人民共和国国务院同意；10月27日公布 | 国函〔2011〕129号 | 万盛区；綦江县 | 撤销万盛区、綦江县，设立重庆市綦江区；原万盛区、綦江县的行政区域为綦江区的行政区域 | 綦江区,2011年中华人民共和国县级以上行政区划变更列表,https://zh.wikipedia.org/wiki/2011%E5%B9%B4%E4%B8%AD%E5%8D%8E%E4%BA%BA%E6%B0%91%E5%85%B1%E5%92%8C%E5%9B%BD%E5%8E%BF%E7%BA%A7%E4%BB%A5%E4%B8%8A%E8%A1%8C%E6%94%BF%E5%8C%BA%E5%88%92%E5%8F%98%E6%9B%B4%E5%88%97%E8%A1%A8,88403970,wikipedia_row_loose_relation,SRC-WIKI-2011,wikipedia,,revisioned_secondary
WIKI-COUNTY-2011-04-002,2011,列表 / 政府驻地变更,residence_change,漳州市,CNUR-000120,芗城区、龙文区,,,漳州市人民政府驻地由漳州市芗城区胜利路迁至漳州市龙文区步文镇,,untyped_county_record,漳州市 | 福建省 | 1月6日中华人民共和国国务院同意；1月14日福建省人民政府公布 | 漳州市人民政府驻地由漳州市芗城区胜利路迁至漳州市龙文区步文镇 | 国函〔2011〕3号,2011年中华人民共和国县级以上行政区划变更列表,https://zh.wikipedia.org/wiki/2011%E5%B9%B4%E4%B8%AD%E5%8D%8E%E4%BA%BA%E6%B0%91%E5%85%B1%E5%92%8C%E5%9B%BD%E5%8E%BF%E7%BA%A7%E4%BB%A5%E4%B8%8A%E8%A1%8C%E6%94%BF%E5%8C%BA%E5%88%92%E5%8F%98%E6%9B%B4%E5%88%97%E8%A1%A8,88403970,wikipedia_row_loose_relation,SRC-WIKI-2011,wikipedia,,revisioned_secondary
WIKI-COUNTY-2011-04-003,2011,列表 / 政府驻地变更,residence_change,宜昌市,CNUR-000172,五峰土家族自治县,五峰土家族自治县,,五峰土家族自治县人民政府驻地由五峰镇迁至渔洋关镇,自治县、县,county_level,五峰土家族自治县 | 湖北省宜昌市 | 4月14日中华人民共和国民政部同意 | 五峰土家族自治县人民政府驻地由五峰镇迁至渔洋关镇 | 民函〔2011〕94号,2011年中华人民共和国县级以上行政区划变更列表,https://zh.wikipedia.org/wiki/2011%E5%B9%B4%E4%B8%AD%E5%8D%8E%E4%BA%BA%E6%B0%91%E5%85%B1%E5%92%8C%E5%9B%BD%E5%8E%BF%E7%BA%A7%E4%BB%A5%E4%B8%8A%E8%A1%8C%E6%94%BF%E5%8C%BA%E5%88%92%E5%8F%98%E6%9B%B4%E5%88%97%E8%A1%A8,88403970,wikipedia_row_loose_relation,SRC-WIKI-2011,wikipedia,,revisioned_secondary
WIKI-COUNTY-2011-05-002,2011,列表 / 其它,jurisdiction_transfer,扬州市,CNUR-000083,维扬区,维扬区,,撤销扬州市维扬区，将原维扬区的行政区域划归扬州市邗江区管辖,市辖区,county_level,维扬区 | 江苏省扬州市 | 10月22日中华人民共和国国务院同意；11月10日江苏省人民政府公布 | 撤销扬州市维扬区，将原维扬区的行政区域划归扬州市邗江区管辖 | 无 | 国函〔2011〕132号,2011年中华人民共和国县级以上行政区划变更列表,https://zh.wikipedia.org/wiki/2011%E5%B9%B4%E4%B8%AD%E5%8D%8E%E4%BA%BA%E6%B0%91%E5%85%B1%E5%92%8C%E5%9B%BD%E5%8E%BF%E7%BA%A7%E4%BB%A5%E4%B8%8A%E8%A1%8C%E6%94%BF%E5%8C%BA%E5%88%92%E5%8F%98%E6%9B%B4%E5%88%97%E8%A1%A8,88403970,wikipedia_row_loose_relation,SRC-WIKI-2011,wikipedia,,revisioned_secondary
WIKI-COUNTY-2011-05-003,2011,列表 / 其它,jurisdiction_transfer,扬州市,CNUR-000083,邗江区、广陵区,邗江区,,将扬州市邗江区的李典、头桥、沙头、杭集、泰安5个镇划归扬州市广陵区管辖,市辖区,county_level,江苏省扬州市 | 10月22日中华人民共和国国务院同意；11月10日江苏省人民政府公布 | 无 | 国函〔2011〕132号 | 邗江区 | 将扬州市邗江区的李典、头桥、沙头、杭集、泰安5个镇划归扬州市广陵区管辖,2011年中华人民共和国县级以上行政区划变更列表,https://zh.wikipedia.org/wiki/2011%E5%B9%B4%E4%B8%AD%E5%8D%8E%E4%BA%BA%E6%B0%91%E5%85%B1%E5%92%8C%E5%9B%BD%E5%8E%BF%E7%BA%A7%E4%BB%A5%E4%B8%8A%E8%A1%8C%E6%94%BF%E5%8C%BA%E5%88%92%E5%8F%98%E6%9B%B4%E5%88%97%E8%A1%A8,88403970,wikipedia_row_loose_relation,SRC-WIKI-2011,wikipedia,,revisioned_secondary
WIKI-COUNTY-2011-05-004,2011,列表 / 其它,abolish_or_merge,扬州市,CNUR-000083,江都市、江都区,江都市,江都区,撤销县级江都市，设立扬州市江都区,市辖区、县,county_level,江苏省扬州市 | 10月22日中华人民共和国国务院同意；11月10日江苏省人民政府公布 | 无 | 国函〔2011〕132号 | 江都市 | 撤销县级江都市，设立扬州市江都区 | 江都区,2011年中华人民共和国县级以上行政区划变更列表,https://zh.wikipedia.org/wiki/2011%E5%B9%B4%E4%B8%AD%E5%8D%8E%E4%BA%BA%E6%B0%91%E5%85%B1%E5%92%8C%E5%9B%BD%E5%8E%BF%E7%BA%A7%E4%BB%A5%E4%B8%8A%E8%A1%8C%E6%94%BF%E5%8C%BA%E5%88%92%E5%8F%98%E6%9B%B4%E5%88%97%E8%A1%A8,88403970,wikipedia_row_loose_relation,SRC-WIKI-2011,wikipedia,,revisioned_secondary
WIKI-COUNTY-2011-05-005,2011,列表 / 其它,establish,扬州市,CNUR-000083,北屯市,,北屯市,设立县级北屯市，由自治区直辖,县,county_level,江苏省扬州市 | 10月22日中华人民共和国国务院同意；11月10日江苏省人民政府公布 | 国函〔2011〕132号 | 无 | 新疆维吾尔自治区 | 12月20日中华人民共和国国务院同意；12月27日新疆维吾尔自治区人民政府公布 | 设立县级北屯市，由自治区直辖 | 北屯市 | 国函〔2011〕161号,2011年中华人民共和国县级以上行政区划变更列表,https://zh.wikipedia.org/wiki/2011%E5%B9%B4%E4%B8%AD%E5%8D%8E%E4%BA%BA%E6%B0%91%E5%85%B1%E5%92%8C%E5%9B%BD%E5%8E%BF%E7%BA%A7%E4%BB%A5%E4%B8%8A%E8%A1%8C%E6%94%BF%E5%8C%BA%E5%88%92%E5%8F%98%E6%9B%B4%E5%88%97%E8%A1%A8,88403970,wikipedia_row_loose_relation,SRC-WIKI-2011,wikipedia,,revisioned_secondary
WIKI-COUNTY-2011-05-006,2011,列表 / 其它,rename,淮安市,CNUR-000081,楚州区、淮安区,楚州区,淮安区,淮安市楚州区更名为淮安市淮安区,市辖区,county_level,楚州区 | 江苏省淮安市 | 12月30日中华人民共和国民政部同意；2012年1月31日江苏省人民政府公布 | 淮安市楚州区更名为淮安市淮安区 | 淮安区 | 民函〔2011〕357号,2011年中华人民共和国县级以上行政区划变更列表,https://zh.wikipedia.org/wiki/2011%E5%B9%B4%E4%B8%AD%E5%8D%8E%E4%BA%BA%E6%B0%91%E5%85%B1%E5%92%8C%E5%9B%BD%E5%8E%BF%E7%BA%A7%E4%BB%A5%E4%B8%8A%E8%A1%8C%E6%94%BF%E5%8C%BA%E5%88%92%E5%8F%98%E6%9B%B4%E5%88%97%E8%A1%A8,88403970,wikipedia_row_loose_relation,SRC-WIKI-2011,wikipedia,,revisioned_secondary
WIKI-COUNTY-2012-01-002,2012,列表 / 撤销县、县级市，设立市辖区,abolish_or_merge,唐山市,CNUR-000004,唐海县、曹妃甸区,唐海县,曹妃甸区,撤销唐海县，设立唐山市曹妃甸区,市辖区、县,county_level,唐海县 | 河北省唐山市 | 7月11日中华人民共和国国务院同意；9月14日公布 | 撤销唐海县，设立唐山市曹妃甸区 | 曹妃甸区 | 国函〔2012〕85号,2012年中华人民共和国县级以上行政区划变更列表,https://zh.wikipedia.org/wiki/2012%E5%B9%B4%E4%B8%AD%E5%8D%8E%E4%BA%BA%E6%B0%91%E5%85%B1%E5%92%8C%E5%9B%BD%E5%8E%BF%E7%BA%A7%E4%BB%A5%E4%B8%8A%E8%A1%8C%E6%94%BF%E5%8C%BA%E5%88%92%E5%8F%98%E6%9B%B4%E5%88%97%E8%A1%A8,67074044,wikipedia_row_loose_relation,SRC-WIKI-2012,wikipedia,,revisioned_secondary
WIKI-COUNTY-2012-01-003,2012,列表 / 撤销县、县级市，设立市辖区,abolish_or_merge,苏州市,CNUR-000078,吴江市、吴江区,吴江市,吴江区,撤销县级吴江市，设立苏州市吴江区,市辖区、县,county_level,吴江市 | 江苏省苏州市 | 8月17日中华人民共和国国务院同意；9月1日苏州市新闻发布会公布 | 撤销县级吴江市，设立苏州市吴江区 | 吴江区 | 国函〔2012〕102号,2012年中华人民共和国县级以上行政区划变更列表,https://zh.wikipedia.org/wiki/2012%E5%B9%B4%E4%B8%AD%E5%8D%8E%E4%BA%BA%E6%B0%91%E5%85%B1%E5%92%8C%E5%9B%BD%E5%8E%BF%E7%BA%A7%E4%BB%A5%E4%B8%8A%E8%A1%8C%E6%94%BF%E5%8C%BA%E5%88%92%E5%8F%98%E6%9B%B4%E5%88%97%E8%A1%A8,67074044,wikipedia_row_loose_relation,SRC-WIKI-2012,wikipedia,,revisioned_secondary
WIKI-COUNTY-2012-01-004,2012,列表 / 撤销县、县级市，设立市辖区,abolish_or_merge,雅安市,CNUR-000251,名山县、名山区,名山县,名山区,撤销名山县，设立雅安市名山区,市辖区、县,county_level,名山县 | 四川省雅安市 | 9月30日中华人民共和国国务院同意；11月14日公布 | 撤销名山县，设立雅安市名山区 | 名山区 | 国函〔2012〕151号,2012年中华人民共和国县级以上行政区划变更列表,https://zh.wikipedia.org/wiki/2012%E5%B9%B4%E4%B8%AD%E5%8D%8E%E4%BA%BA%E6%B0%91%E5%85%B1%E5%92%8C%E5%9B%BD%E5%8E%BF%E7%BA%A7%E4%BB%A5%E4%B8%8A%E8%A1%8C%E6%94%BF%E5%8C%BA%E5%88%92%E5%8F%98%E6%9B%B4%E5%88%97%E8%A1%A8,67074044,wikipedia_row_loose_relation,SRC-WIKI-2012,wikipedia,,revisioned_secondary
WIKI-COUNTY-2012-01-005,2012,列表 / 撤销县、县级市，设立市辖区,abolish_or_merge,清远市,CNUR-000211,清新县、清新区,清新县,清新区,撤销清新县，设立清远市清新区,市辖区、县,county_level,清新县 | 广东省清远市 | 11月15日中华人民共和国国务院同意；12月9日公布 | 撤销清新县，设立清远市清新区 | 清新区 | 国函〔2012〕192号,2012年中华人民共和国县级以上行政区划变更列表,https://zh.wikipedia.org/wiki/2012%E5%B9%B4%E4%B8%AD%E5%8D%8E%E4%BA%BA%E6%B0%91%E5%85%B1%E5%92%8C%E5%9B%BD%E5%8E%BF%E7%BA%A7%E4%BB%A5%E4%B8%8A%E8%A1%8C%E6%94%BF%E5%8C%BA%E5%88%92%E5%8F%98%E6%9B%B4%E5%88%97%E8%A1%A8,67074044,wikipedia_row_loose_relation,SRC-WIKI-2012,wikipedia,,revisioned_secondary
WIKI-COUNTY-2012-01-006,2012,列表 / 撤销县、县级市，设立市辖区,jurisdiction_transfer,揭阳市,CNUR-000215,揭东县、榕城区、揭东区,揭东县,揭东区,撤销揭东县，设立揭阳市揭东区；将揭阳市榕城区的磐东街道划归揭东区管辖；将原揭东县的地都镇、砲台镇、登岗镇划归榕城区管辖,市辖区、县,county_level,揭东县 | 广东省揭阳市 | 12月17日中华人民共和国国务院同意；12月26日公布消息 | 撤销揭东县，设立揭阳市揭东区；将揭阳市榕城区的磐东街道划归揭东区管辖；将原揭东县的地都镇、砲台镇、登岗镇划归榕城区管辖 | 揭东区 | 国函〔2012〕207号,2012年中华人民共和国县级以上行政区划变更列表,https://zh.wikipedia.org/wiki/2012%E5%B9%B4%E4%B8%AD%E5%8D%8E%E4%BA%BA%E6%B0%91%E5%85%B1%E5%92%8C%E5%9B%BD%E5%8E%BF%E7%BA%A7%E4%BB%A5%E4%B8%8A%E8%A1%8C%E6%94%BF%E5%8C%BA%E5%88%92%E5%8F%98%E6%9B%B4%E5%88%97%E8%A1%A8,67074044,wikipedia_row_loose_relation,SRC-WIKI-2012,wikipedia,,revisioned_secondary
WIKI-COUNTY-2012-01-007,2012,列表 / 撤销县、县级市，设立市辖区,abolish_or_merge,泰州市,CNUR-000085,姜堰市、姜堰区,姜堰市,姜堰区,撤销县级姜堰市，设立泰州市姜堰区,市辖区、县,county_level,姜堰市 | 江苏省泰州市 | 12月17日中华人民共和国国务院同意；2013年2月21日江苏省人民政府公布 | 撤销县级姜堰市，设立泰州市姜堰区 | 姜堰区 | 国函〔2012〕208号,2012年中华人民共和国县级以上行政区划变更列表,https://zh.wikipedia.org/wiki/2012%E5%B9%B4%E4%B8%AD%E5%8D%8E%E4%BA%BA%E6%B0%91%E5%85%B1%E5%92%8C%E5%9B%BD%E5%8E%BF%E7%BA%A7%E4%BB%A5%E4%B8%8A%E8%A1%8C%E6%94%BF%E5%8C%BA%E5%88%92%E5%8F%98%E6%9B%B4%E5%88%97%E8%A1%A8,67074044,wikipedia_row_loose_relation,SRC-WIKI-2012,wikipedia,,revisioned_secondary
WIKI-COUNTY-2012-02-002,2012,列表 / 县级单位合并,merge,苏州市,CNUR-000078,沧浪区、平江区、金阊区、姑苏区,沧浪区、平江区、金阊区,姑苏区,撤销苏州市沧浪区、平江区、金阊区，设立苏州市姑苏区,市辖区,county_level,沧浪区；平江区；金阊区 | 江苏省苏州市 | 8月17日中华人民共和国国务院同意；9月1日苏州市新闻发布会公布 | 撤销苏州市沧浪区、平江区、金阊区，设立苏州市姑苏区 | 姑苏区 | 国函〔2012〕102号,2012年中华人民共和国县级以上行政区划变更列表,https://zh.wikipedia.org/wiki/2012%E5%B9%B4%E4%B8%AD%E5%8D%8E%E4%BA%BA%E6%B0%91%E5%85%B1%E5%92%8C%E5%9B%BD%E5%8E%BF%E7%BA%A7%E4%BB%A5%E4%B8%8A%E8%A1%8C%E6%94%BF%E5%8C%BA%E5%88%92%E5%8F%98%E6%9B%B4%E5%88%97%E8%A1%A8,67074044,wikipedia_row_loose_relation,SRC-WIKI-2012,wikipedia,,revisioned_secondary
WIKI-COUNTY-2012-02-003,2012,列表 / 县级单位合并,merge,马鞍山市、鞍山市,CNUR-000102、CNUR-000039,金家庄区、花山区,金家庄区、花山区,花山区,撤销马鞍山市金家庄区和花山区，设立新的花山区,市辖区,county_level,金家庄区；花山区 | 安徽省马鞍山市 | 8月17日中华人民共和国国务院同意；9月9日安徽省人民政府公布 | 撤销马鞍山市金家庄区和花山区，设立新的花山区 | 花山区 | 国函〔2012〕103号,2012年中华人民共和国县级以上行政区划变更列表,https://zh.wikipedia.org/wiki/2012%E5%B9%B4%E4%B8%AD%E5%8D%8E%E4%BA%BA%E6%B0%91%E5%85%B1%E5%92%8C%E5%9B%BD%E5%8E%BF%E7%BA%A7%E4%BB%A5%E4%B8%8A%E8%A1%8C%E6%94%BF%E5%8C%BA%E5%88%92%E5%8F%98%E6%9B%B4%E5%88%97%E8%A1%A8,67074044,wikipedia_row_loose_relation,SRC-WIKI-2012,wikipedia,,revisioned_secondary
WIKI-COUNTY-2012-02-004,2012,列表 / 县级单位合并,merge,青岛市,CNUR-000136,市北区、四方区,市北区、四方区,市北区,撤销青岛市市北区、四方区，设立新的青岛市市北区,市辖区,county_level,市北区；四方区 | 山东省青岛市 | 8月17日中华人民共和国国务院同意；12月1日青岛市部分行政区划动员会议公布 | 撤销青岛市市北区、四方区，设立新的青岛市市北区 | 市北区 | 国函〔2012〕153号,2012年中华人民共和国县级以上行政区划变更列表,https://zh.wikipedia.org/wiki/2012%E5%B9%B4%E4%B8%AD%E5%8D%8E%E4%BA%BA%E6%B0%91%E5%85%B1%E5%92%8C%E5%9B%BD%E5%8E%BF%E7%BA%A7%E4%BB%A5%E4%B8%8A%E8%A1%8C%E6%94%BF%E5%8C%BA%E5%88%92%E5%8F%98%E6%9B%B4%E5%88%97%E8%A1%A8,67074044,wikipedia_row_loose_relation,SRC-WIKI-2012,wikipedia,,revisioned_secondary
WIKI-COUNTY-2012-02-005,2012,列表 / 县级单位合并,merge,贵阳市,CNUR-000257,花溪区、小河区,花溪区、小河区,花溪区,撤销贵阳市花溪区、小河区，设立新的贵阳市花溪区,市辖区,county_level,花溪区；小河区 | 贵州省贵阳市 | 11月15日中华人民共和国国务院同意；11月24日公布 | 撤销贵阳市花溪区、小河区，设立新的贵阳市花溪区 | 花溪区 | 国函〔2012〕190号,2012年中华人民共和国县级以上行政区划变更列表,https://zh.wikipedia.org/wiki/2012%E5%B9%B4%E4%B8%AD%E5%8D%8E%E4%BA%BA%E6%B0%91%E5%85%B1%E5%92%8C%E5%9B%BD%E5%8E%BF%E7%BA%A7%E4%BB%A5%E4%B8%8A%E8%A1%8C%E6%94%BF%E5%8C%BA%E5%88%92%E5%8F%98%E6%9B%B4%E5%88%97%E8%A1%A8,67074044,wikipedia_row_loose_relation,SRC-WIKI-2012,wikipedia,,revisioned_secondary
WIKI-COUNTY-2012-03-002,2012,列表 / 新设立行政单位,abolish_or_merge,三沙市,CNUR-000233,,,,撤销海南省西沙群岛、南沙群岛、中沙群岛办事处，设立地级三沙市,,untyped_county_record,海南省 | 6月21日中华人民共和国国务院同意 | 撤销海南省西沙群岛、南沙群岛、中沙群岛办事处，设立地级三沙市 | 三沙市 | 民政部公告,2012年中华人民共和国县级以上行政区划变更列表,https://zh.wikipedia.org/wiki/2012%E5%B9%B4%E4%B8%AD%E5%8D%8E%E4%BA%BA%E6%B0%91%E5%85%B1%E5%92%8C%E5%9B%BD%E5%8E%BF%E7%BA%A7%E4%BB%A5%E4%B8%8A%E8%A1%8C%E6%94%BF%E5%8C%BA%E5%88%92%E5%8F%98%E6%9B%B4%E5%88%97%E8%A1%A8,67074044,wikipedia_row_loose_relation,SRC-WIKI-2012,wikipedia,,revisioned_secondary
WIKI-COUNTY-2012-03-003,2012,列表 / 新设立行政单位,jurisdiction_transfer,马鞍山市、鞍山市,CNUR-000102、CNUR-000039,当涂县、博望区,,博望区,设立马鞍山市博望区。将当涂县的博望镇、丹阳镇、新市镇划归博望区管辖,市辖区、县,county_level,安徽省马鞍山市 | 8月17日中华人民共和国国务院同意；9月9日安徽省人民政府公布 | 设立马鞍山市博望区。将当涂县的博望镇、丹阳镇、新市镇划归博望区管辖 | 博望区 | 国函〔2012〕103号,2012年中华人民共和国县级以上行政区划变更列表,https://zh.wikipedia.org/wiki/2012%E5%B9%B4%E4%B8%AD%E5%8D%8E%E4%BA%BA%E6%B0%91%E5%85%B1%E5%92%8C%E5%9B%BD%E5%8E%BF%E7%BA%A7%E4%BB%A5%E4%B8%8A%E8%A1%8C%E6%94%BF%E5%8C%BA%E5%88%92%E5%8F%98%E6%9B%B4%E5%88%97%E8%A1%A8,67074044,wikipedia_row_loose_relation,SRC-WIKI-2012,wikipedia,,revisioned_secondary
WIKI-COUNTY-2012-03-004,2012,列表 / 新设立行政单位,jurisdiction_transfer,贵阳市,CNUR-000257,乌当区、观山湖区,,观山湖区,设立贵阳市观山湖区，将贵阳市乌当区的金阳街道、金华镇、朱昌镇；和清镇市的百花湖乡划归观山湖区管辖,市辖区,county_level,贵州省贵阳市 | 11月15日中华人民共和国国务院同意；11月24日公布 | 设立贵阳市观山湖区，将贵阳市乌当区的金阳街道、金华镇、朱昌镇；和清镇市的百花湖乡划归观山湖区管辖 | 观山湖区 | 国函〔2012〕190号,2012年中华人民共和国县级以上行政区划变更列表,https://zh.wikipedia.org/wiki/2012%E5%B9%B4%E4%B8%AD%E5%8D%8E%E4%BA%BA%E6%B0%91%E5%85%B1%E5%92%8C%E5%9B%BD%E5%8E%BF%E7%BA%A7%E4%BB%A5%E4%B8%8A%E8%A1%8C%E6%94%BF%E5%8C%BA%E5%88%92%E5%8F%98%E6%9B%B4%E5%88%97%E8%A1%A8,67074044,wikipedia_row_loose_relation,SRC-WIKI-2012,wikipedia,,revisioned_secondary
WIKI-COUNTY-2012-03-005,2012,列表 / 新设立行政单位,jurisdiction_transfer,那曲地区,CNUR-000287,尼玛县、双湖县,,双湖县,设立双湖县，将尼玛县的措折罗玛镇、协德乡、雅曲乡、嘎措乡、；措折强玛乡、多玛乡、巴岭乡划归双湖县管辖,县,county_level,西藏自治区那曲地区 | 11月15日中华人民共和国国务院同意；2013年1月24日西藏自治区第十届人民代表大会第一次会议公布 | 设立双湖县，将尼玛县的措折罗玛镇、协德乡、雅曲乡、嘎措乡、；措折强玛乡、多玛乡、巴岭乡划归双湖县管辖 | 双湖县 | 国函〔2012〕191号,2012年中华人民共和国县级以上行政区划变更列表,https://zh.wikipedia.org/wiki/2012%E5%B9%B4%E4%B8%AD%E5%8D%8E%E4%BA%BA%E6%B0%91%E5%85%B1%E5%92%8C%E5%9B%BD%E5%8E%BF%E7%BA%A7%E4%BB%A5%E4%B8%8A%E8%A1%8C%E6%94%BF%E5%8C%BA%E5%88%92%E5%8F%98%E6%9B%B4%E5%88%97%E8%A1%A8,67074044,wikipedia_row_loose_relation,SRC-WIKI-2012,wikipedia,,revisioned_secondary
WIKI-COUNTY-2012-03-006,2012,列表 / 新设立行政单位,establish,博尔塔拉蒙古自治州,CNUR-000331,阿拉山口市,,阿拉山口市,设立县级阿拉山口市，管辖艾比湖街道、阿拉套街道,县,county_level,新疆维吾尔自治区博尔塔拉蒙古自治州 | 12月17日中华人民共和国国务院同意；12月27日新疆维吾尔自治区人民政府公布 | 设立县级阿拉山口市，管辖艾比湖街道、阿拉套街道 | 阿拉山口市 | 国函〔2012〕205号,2012年中华人民共和国县级以上行政区划变更列表,https://zh.wikipedia.org/wiki/2012%E5%B9%B4%E4%B8%AD%E5%8D%8E%E4%BA%BA%E6%B0%91%E5%85%B1%E5%92%8C%E5%9B%BD%E5%8E%BF%E7%BA%A7%E4%BB%A5%E4%B8%8A%E8%A1%8C%E6%94%BF%E5%8C%BA%E5%88%92%E5%8F%98%E6%9B%B4%E5%88%97%E8%A1%A8,67074044,wikipedia_row_loose_relation,SRC-WIKI-2012,wikipedia,,revisioned_secondary
WIKI-COUNTY-2012-03-007,2012,列表 / 新设立行政单位,establish,,,铁门关市,,铁门关市,设立县级铁门关市，由新疆维吾尔自治区直辖,县,county_level,新疆维吾尔自治区 | 12月17日中华人民共和国国务院同意；12月27日新疆维吾尔自治区人民政府公布 | 设立县级铁门关市，由新疆维吾尔自治区直辖 | 铁门关市 | 国函〔2012〕206号,2012年中华人民共和国县级以上行政区划变更列表,https://zh.wikipedia.org/wiki/2012%E5%B9%B4%E4%B8%AD%E5%8D%8E%E4%BA%BA%E6%B0%91%E5%85%B1%E5%92%8C%E5%9B%BD%E5%8E%BF%E7%BA%A7%E4%BB%A5%E4%B8%8A%E8%A1%8C%E6%94%BF%E5%8C%BA%E5%88%92%E5%8F%98%E6%9B%B4%E5%88%97%E8%A1%A8,67074044,wikipedia_row_unlinked,SRC-WIKI-2012,wikipedia,,revisioned_secondary
WIKI-COUNTY-2012-04-002,2012,列表 / 乡镇调整,jurisdiction_transfer,广州市,CNUR-000196,番禺区、南沙区,番禺区,南沙区,将广州市番禺区的东涌镇、大岗镇、榄核镇划归广州市南沙区管辖,市辖区,county_level,番禺区 | 广东省广州市 | 9月30日中华人民共和国国务院同意 | 将广州市番禺区的东涌镇、大岗镇、榄核镇划归广州市南沙区管辖 | 南沙区 | 国函〔2012〕152号,2012年中华人民共和国县级以上行政区划变更列表,https://zh.wikipedia.org/wiki/2012%E5%B9%B4%E4%B8%AD%E5%8D%8E%E4%BA%BA%E6%B0%91%E5%85%B1%E5%92%8C%E5%9B%BD%E5%8E%BF%E7%BA%A7%E4%BB%A5%E4%B8%8A%E8%A1%8C%E6%94%BF%E5%8C%BA%E5%88%92%E5%8F%98%E6%9B%B4%E5%88%97%E8%A1%A8,67074044,wikipedia_row_loose_relation,SRC-WIKI-2012,wikipedia,,revisioned_secondary
WIKI-COUNTY-2013-01-002,2013,列表 / 撤销县、县级市，设立市辖区,abolish_or_merge,桂林市,CNUR-000219,临桂县、临桂区,临桂县,临桂区,撤销临桂县，设立桂林市临桂区,市辖区、县,county_level,临桂县 | 广西壮族自治区桂林市 | 1月18日 | 撤销临桂县，设立桂林市临桂区 | 临桂区 | 国函〔2013〕17号,2013年中华人民共和国县级以上行政区划变更列表,https://zh.wikipedia.org/wiki/2013%E5%B9%B4%E4%B8%AD%E5%8D%8E%E4%BA%BA%E6%B0%91%E5%85%B1%E5%92%8C%E5%9B%BD%E5%8E%BF%E7%BA%A7%E4%BB%A5%E4%B8%8A%E8%A1%8C%E6%94%BF%E5%8C%BA%E5%88%92%E5%8F%98%E6%9B%B4%E5%88%97%E8%A1%A8,93242307,wikipedia_row_loose_relation,SRC-WIKI-2013,wikipedia,,revisioned_secondary
WIKI-COUNTY-2013-01-003,2013,列表 / 撤销县、县级市，设立市辖区,abolish_or_merge,南京市,CNUR-000074,溧水县、溧水区,溧水县,溧水区,撤销溧水县，设立南京市溧水区,市辖区、县,county_level,溧水县 | 江苏省南京市 | 2月8日 | 撤销溧水县，设立南京市溧水区 | 溧水区 | 国函〔2013〕24号,2013年中华人民共和国县级以上行政区划变更列表,https://zh.wikipedia.org/wiki/2013%E5%B9%B4%E4%B8%AD%E5%8D%8E%E4%BA%BA%E6%B0%91%E5%85%B1%E5%92%8C%E5%9B%BD%E5%8E%BF%E7%BA%A7%E4%BB%A5%E4%B8%8A%E8%A1%8C%E6%94%BF%E5%8C%BA%E5%88%92%E5%8F%98%E6%9B%B4%E5%88%97%E8%A1%A8,93242307,wikipedia_row_loose_relation,SRC-WIKI-2013,wikipedia,,revisioned_secondary
WIKI-COUNTY-2013-01-004,2013,列表 / 撤销县、县级市，设立市辖区,abolish_or_merge,南京市,CNUR-000074,高淳县、高淳区,高淳县,高淳区,撤销高淳县，设立南京市高淳区,市辖区、县,county_level,江苏省南京市 | 2月8日 | 国函〔2013〕24号 | 高淳县 | 撤销高淳县，设立南京市高淳区 | 高淳区,2013年中华人民共和国县级以上行政区划变更列表,https://zh.wikipedia.org/wiki/2013%E5%B9%B4%E4%B8%AD%E5%8D%8E%E4%BA%BA%E6%B0%91%E5%85%B1%E5%92%8C%E5%9B%BD%E5%8E%BF%E7%BA%A7%E4%BB%A5%E4%B8%8A%E8%A1%8C%E6%94%BF%E5%8C%BA%E5%88%92%E5%8F%98%E6%9B%B4%E5%88%97%E8%A1%A8,93242307,wikipedia_row_loose_relation,SRC-WIKI-2013,wikipedia,,revisioned_secondary
WIKI-COUNTY-2013-01-005,2013,列表 / 撤销县、县级市，设立市辖区,jurisdiction_transfer,南京市、达州市,CNUR-000074、CNUR-000250,达县、达川区,达县,达川区,撤销达县，设立达州市达川区；将原达县的碑庙镇、江陵镇、北山乡、安云乡、梓桐乡、；金石乡、青宁乡、龙滩乡、檬双乡划归达州市通川区管辖,市辖区、县,county_level,江苏省南京市 | 2月8日 | 国函〔2013〕24号 | 达县 | 四川省达州市 | 6月28日 | 撤销达县，设立达州市达川区；将原达县的碑庙镇、江陵镇、北山乡、安云乡、梓桐乡、；金石乡、青宁乡、龙滩乡、檬双乡划归达州市通川区管辖 | 达川区 | 国函〔2013〕73号,2013年中华人民共和国县级以上行政区划变更列表,https://zh.wikipedia.org/wiki/2013%E5%B9%B4%E4%B8%AD%E5%8D%8E%E4%BA%BA%E6%B0%91%E5%85%B1%E5%92%8C%E5%9B%BD%E5%8E%BF%E7%BA%A7%E4%BB%A5%E4%B8%8A%E8%A1%8C%E6%94%BF%E5%8C%BA%E5%88%92%E5%8F%98%E6%9B%B4%E5%88%97%E8%A1%A8,93242307,wikipedia_row_loose_relation,SRC-WIKI-2013,wikipedia,,revisioned_secondary
WIKI-COUNTY-2013-01-006,2013,列表 / 撤销县、县级市，设立市辖区,jurisdiction_transfer,潮州市,CNUR-000214,潮安县、潮安区,潮安县,潮安区,撤销潮安县，设立潮州市潮安区；将原潮安县的磷溪镇、官塘镇、铁铺镇划归潮州市湘桥区管辖<ref>{{cite web |title=潮安县撤销设立潮安区,市辖区、县,county_level,6月28日 | 潮安县 | 广东省潮州市 | 撤销潮安县，设立潮州市潮安区；将原潮安县的磷溪镇、官塘镇、铁铺镇划归潮州市湘桥区管辖<ref>{{cite web |title=潮安县撤销设立潮安区 | url=http://news.sina.com.cn/c/2013-08-10/033027911882.shtml|website=中国新闻网|accessdate=2020-08-16|date=2013-08-10}}</ref> | 潮安区 | 国函〔2013〕74号,2013年中华人民共和国县级以上行政区划变更列表,https://zh.wikipedia.org/wiki/2013%E5%B9%B4%E4%B8%AD%E5%8D%8E%E4%BA%BA%E6%B0%91%E5%85%B1%E5%92%8C%E5%9B%BD%E5%8E%BF%E7%BA%A7%E4%BB%A5%E4%B8%8A%E8%A1%8C%E6%94%BF%E5%8C%BA%E5%88%92%E5%8F%98%E6%9B%B4%E5%88%97%E8%A1%A8,93242307,wikipedia_row_loose_relation,SRC-WIKI-2013,wikipedia,,revisioned_secondary
WIKI-COUNTY-2013-01-007,2013,列表 / 撤销县、县级市，设立市辖区,jurisdiction_transfer,绍兴市,CNUR-000092,绍兴县、柯桥区,绍兴县,柯桥区,撤销绍兴县，设立绍兴市柯桥区；将原绍兴县的孙端镇、陶堰镇、富盛镇划归绍兴市越城区管辖,市辖区、县,county_level,6月28日 | 绍兴县 | 浙江省绍兴市 | 10月18日 | 撤销绍兴县，设立绍兴市柯桥区；将原绍兴县的孙端镇、陶堰镇、富盛镇划归绍兴市越城区管辖 | 柯桥区 | 国函〔2013〕112号,2013年中华人民共和国县级以上行政区划变更列表,https://zh.wikipedia.org/wiki/2013%E5%B9%B4%E4%B8%AD%E5%8D%8E%E4%BA%BA%E6%B0%91%E5%85%B1%E5%92%8C%E5%9B%BD%E5%8E%BF%E7%BA%A7%E4%BB%A5%E4%B8%8A%E8%A1%8C%E6%94%BF%E5%8C%BA%E5%88%92%E5%8F%98%E6%9B%B4%E5%88%97%E8%A1%A8,93242307,wikipedia_row_loose_relation,SRC-WIKI-2013,wikipedia,,revisioned_secondary
WIKI-COUNTY-2013-01-008,2013,列表 / 撤销县、县级市，设立市辖区,abolish_or_merge,绍兴市,CNUR-000092,上虞市、上虞区,上虞市,上虞区,撤销县级上虞市，设立绍兴市上虞区<ref>{{cite web |title=浙江部分行政区划调整绍兴县上虞市撤县（市）设区,市辖区、县,county_level,浙江省绍兴市 | 10月18日 | 国函〔2013〕112号 | 上虞市 | 撤销县级上虞市，设立绍兴市上虞区<ref>{{cite web |title=浙江部分行政区划调整绍兴县上虞市撤县（市）设区 | url=http://news.sina.com.cn/c/2013-11-04/025928610312.shtml|website=新浪网|accessdate=2020-08-16|date=2013-11-04}}</ref> | 上虞区,2013年中华人民共和国县级以上行政区划变更列表,https://zh.wikipedia.org/wiki/2013%E5%B9%B4%E4%B8%AD%E5%8D%8E%E4%BA%BA%E6%B0%91%E5%85%B1%E5%92%8C%E5%9B%BD%E5%8E%BF%E7%BA%A7%E4%BB%A5%E4%B8%8A%E8%A1%8C%E6%94%BF%E5%8C%BA%E5%88%92%E5%8F%98%E6%9B%B4%E5%88%97%E8%A1%A8,93242307,wikipedia_row_loose_relation,SRC-WIKI-2013,wikipedia,,revisioned_secondary
WIKI-COUNTY-2013-01-009,2013,列表 / 撤销县、县级市，设立市辖区,abolish_or_merge,绍兴市、梅州市,CNUR-000092、CNUR-000207,梅县、梅县区,梅县,梅县区,撤销梅县，设立梅州市梅县区<ref>{{cite web |title=梅县区建制沿革,市辖区、县,county_level,浙江省绍兴市 | 10月18日 | 国函〔2013〕112号 | 梅县 | 广东省梅州市 | 撤销梅县，设立梅州市梅县区<ref>{{cite web |title=梅县区建制沿革 | url=http://www.gdmx.gov.cn/zjmx/jzyg/content/post_2017325.html|website=梅县区人民政府|accessdate=2020-08-16|date=2020-05-06}}</ref> | 梅县区 | 国函〔2013〕113号,2013年中华人民共和国县级以上行政区划变更列表,https://zh.wikipedia.org/wiki/2013%E5%B9%B4%E4%B8%AD%E5%8D%8E%E4%BA%BA%E6%B0%91%E5%85%B1%E5%92%8C%E5%9B%BD%E5%8E%BF%E7%BA%A7%E4%BB%A5%E4%B8%8A%E8%A1%8C%E6%94%BF%E5%8C%BA%E5%88%92%E5%8F%98%E6%9B%B4%E5%88%97%E8%A1%A8,93242307,wikipedia_row_loose_relation,SRC-WIKI-2013,wikipedia,,revisioned_secondary
WIKI-COUNTY-2013-01-010,2013,列表 / 撤销县、县级市，设立市辖区,jurisdiction_transfer,赣州市,CNUR-000130,南康市、南康区,南康市,南康区,撤销县级南康市，设立赣州市南康区；将原县级南康市的潭东镇、潭口镇划归赣州市章贡区管辖<ref>{{cite web |title=南康昨日正式撤市设区 潭东镇潭口镇划归赣州市章贡区管辖,市辖区、县,county_level,10月18日 | 南康市 | 江西省赣州市 | 撤销县级南康市，设立赣州市南康区；将原县级南康市的潭东镇、潭口镇划归赣州市章贡区管辖<ref>{{cite web |title=南康昨日正式撤市设区 潭东镇潭口镇划归赣州市章贡区管辖 | url=http://jiangxi.jxnews.com.cn/system/2014/02/26/012960432.shtml|website=江西新闻网|accessdate=2020-08-16|date=2014-02-26}}</ref> | 南康区 | 国函〔2013〕114号,2013年中华人民共和国县级以上行政区划变更列表,https://zh.wikipedia.org/wiki/2013%E5%B9%B4%E4%B8%AD%E5%8D%8E%E4%BA%BA%E6%B0%91%E5%85%B1%E5%92%8C%E5%9B%BD%E5%8E%BF%E7%BA%A7%E4%BB%A5%E4%B8%8A%E8%A1%8C%E6%94%BF%E5%8C%BA%E5%88%92%E5%8F%98%E6%9B%B4%E5%88%97%E8%A1%A8,93242307,wikipedia_row_loose_relation,SRC-WIKI-2013,wikipedia,,revisioned_secondary
WIKI-COUNTY-2013-01-011,2013,列表 / 撤销县、县级市，设立市辖区,abolish_or_merge,济宁市,CNUR-000142,兖州区,,兖州区,撤销兖州市，设立济宁市兖州区<ref>{{cite web |title=济宁部分行政区划调整:撤销兖州市设立兖州区,市辖区,county_level,10月18日 | 兖州市 | 山东省济宁市 | 撤销兖州市，设立济宁市兖州区<ref>{{cite web |title=济宁部分行政区划调整:撤销兖州市设立兖州区 | url=https://sd.ifeng.com/news/chengshi/detail_2013_11/30/1529800_0.shtml|website=凤凰山东|accessdate=2020-08-16|date=2013-11-30}}</ref> | 兖州区 | 国函〔2013〕115号,2013年中华人民共和国县级以上行政区划变更列表,https://zh.wikipedia.org/wiki/2013%E5%B9%B4%E4%B8%AD%E5%8D%8E%E4%BA%BA%E6%B0%91%E5%85%B1%E5%92%8C%E5%9B%BD%E5%8E%BF%E7%BA%A7%E4%BB%A5%E4%B8%8A%E8%A1%8C%E6%94%BF%E5%8C%BA%E5%88%92%E5%8F%98%E6%9B%B4%E5%88%97%E8%A1%A8,93242307,wikipedia_row_loose_relation,SRC-WIKI-2013,wikipedia,,revisioned_secondary
WIKI-COUNTY-2013-02-002,2013,列表 / 撤销县，设立县级市,abolish_or_merge,松原市,CNUR-000057,扶余县、扶余市,扶余县,扶余市,撤销扶余县，设立县级扶余市,县,county_level,扶余县 | 吉林省松原市 | 1月24日 | 撤销扶余县，设立县级扶余市 | 扶余市 | 民函〔2013〕28号,2013年中华人民共和国县级以上行政区划变更列表,https://zh.wikipedia.org/wiki/2013%E5%B9%B4%E4%B8%AD%E5%8D%8E%E4%BA%BA%E6%B0%91%E5%85%B1%E5%92%8C%E5%9B%BD%E5%8E%BF%E7%BA%A7%E4%BB%A5%E4%B8%8A%E8%A1%8C%E6%94%BF%E5%8C%BA%E5%88%92%E5%8F%98%E6%9B%B4%E5%88%97%E8%A1%A8,93242307,wikipedia_row_loose_relation,SRC-WIKI-2013,wikipedia,,revisioned_secondary
WIKI-COUNTY-2013-02-003,2013,列表 / 撤销县，设立县级市,abolish_or_merge,红河哈尼族彝族自治州,CNUR-000275,弥勒县、弥勒市,弥勒县,弥勒市,撤销弥勒县，设立县级弥勒市,县,county_level,1月24日 | 弥勒县 | 云南省红河哈尼族彝族自治州 | 撤销弥勒县，设立县级弥勒市 | 弥勒市 | 民函〔2013〕29号,2013年中华人民共和国县级以上行政区划变更列表,https://zh.wikipedia.org/wiki/2013%E5%B9%B4%E4%B8%AD%E5%8D%8E%E4%BA%BA%E6%B0%91%E5%85%B1%E5%92%8C%E5%9B%BD%E5%8E%BF%E7%BA%A7%E4%BB%A5%E4%B8%8A%E8%A1%8C%E6%94%BF%E5%8C%BA%E5%88%92%E5%8F%98%E6%9B%B4%E5%88%97%E8%A1%A8,93242307,wikipedia_row_loose_relation,SRC-WIKI-2013,wikipedia,,revisioned_secondary
WIKI-COUNTY-2013-02-004,2013,列表 / 撤销县，设立县级市,abolish_or_merge,玉树藏族自治州,CNUR-000319,玉树县、玉树市,玉树县,玉树市,撤销玉树县，设立县级玉树市,县,county_level,1月24日 | 玉树县 | 青海省玉树藏族自治州 | 7月3日 | 撤销玉树县，设立县级玉树市 | 玉树市 | 民函〔2013〕219号,2013年中华人民共和国县级以上行政区划变更列表,https://zh.wikipedia.org/wiki/2013%E5%B9%B4%E4%B8%AD%E5%8D%8E%E4%BA%BA%E6%B0%91%E5%85%B1%E5%92%8C%E5%9B%BD%E5%8E%BF%E7%BA%A7%E4%BB%A5%E4%B8%8A%E8%A1%8C%E6%94%BF%E5%8C%BA%E5%88%92%E5%8F%98%E6%9B%B4%E5%88%97%E8%A1%A8,93242307,wikipedia_row_loose_relation,SRC-WIKI-2013,wikipedia,,revisioned_secondary
WIKI-COUNTY-2013-03-002,2013,列表 / 市辖区合并,merge,南京市,CNUR-000074,秦淮区、白下区,秦淮区、白下区,秦淮区,撤销南京市秦淮区、白下区，设立新的南京市秦淮区,市辖区,county_level,秦淮区；白下区 | 江苏省南京市 | 2月8日 | 撤销南京市秦淮区、白下区，设立新的南京市秦淮区 | 秦淮区 | 国函〔2013〕24号,2013年中华人民共和国县级以上行政区划变更列表,https://zh.wikipedia.org/wiki/2013%E5%B9%B4%E4%B8%AD%E5%8D%8E%E4%BA%BA%E6%B0%91%E5%85%B1%E5%92%8C%E5%9B%BD%E5%8E%BF%E7%BA%A7%E4%BB%A5%E4%B8%8A%E8%A1%8C%E6%94%BF%E5%8C%BA%E5%88%92%E5%8F%98%E6%9B%B4%E5%88%97%E8%A1%A8,93242307,wikipedia_row_loose_relation,SRC-WIKI-2013,wikipedia,,revisioned_secondary
WIKI-COUNTY-2013-03-003,2013,列表 / 市辖区合并,merge,南京市,CNUR-000074,鼓楼区、下关区,鼓楼区、下关区,鼓楼区,撤销南京市鼓楼区、下关区，设立新的南京市鼓楼区,市辖区,county_level,江苏省南京市 | 2月8日 | 国函〔2013〕24号 | 鼓楼区；下关区 | 撤销南京市鼓楼区、下关区，设立新的南京市鼓楼区 | 鼓楼区,2013年中华人民共和国县级以上行政区划变更列表,https://zh.wikipedia.org/wiki/2013%E5%B9%B4%E4%B8%AD%E5%8D%8E%E4%BA%BA%E6%B0%91%E5%85%B1%E5%92%8C%E5%9B%BD%E5%8E%BF%E7%BA%A7%E4%BB%A5%E4%B8%8A%E8%A1%8C%E6%94%BF%E5%8C%BA%E5%88%92%E5%8F%98%E6%9B%B4%E5%88%97%E8%A1%A8,93242307,wikipedia_row_loose_relation,SRC-WIKI-2013,wikipedia,,revisioned_secondary
WIKI-COUNTY-2013-03-004,2013,列表 / 市辖区合并,jurisdiction_transfer,南京市、梧州市,CNUR-000074、CNUR-000220,蝶山区、万秀区,蝶山区、万秀区,万秀区,撤销梧州市蝶山区、万秀区，设立新的梧州市万秀区；将原万秀区的旺甫镇划归苍梧县管辖,市辖区、县,county_level,江苏省南京市 | 2月8日 | 国函〔2013〕24号 | 蝶山区；万秀区 | 广西壮族自治区梧州市 | 撤销梧州市蝶山区、万秀区，设立新的梧州市万秀区；将原万秀区的旺甫镇划归苍梧县管辖 | 万秀区 | 国函〔2013〕25号,2013年中华人民共和国县级以上行政区划变更列表,https://zh.wikipedia.org/wiki/2013%E5%B9%B4%E4%B8%AD%E5%8D%8E%E4%BA%BA%E6%B0%91%E5%85%B1%E5%92%8C%E5%9B%BD%E5%8E%BF%E7%BA%A7%E4%BB%A5%E4%B8%8A%E8%A1%8C%E6%94%BF%E5%8C%BA%E5%88%92%E5%8F%98%E6%9B%B4%E5%88%97%E8%A1%A8,93242307,wikipedia_row_loose_relation,SRC-WIKI-2013,wikipedia,,revisioned_secondary
WIKI-COUNTY-2013-03-005,2013,列表 / 市辖区合并,merge,济宁市,CNUR-000142,市中区、任城区,市中区、任城区,任城区,撤销济宁市市中区、任城区，设立新的任城区,市辖区,county_level,2月8日 | 市中区；任城区 | 山东省济宁市 | 10月18日 | 撤销济宁市市中区、任城区，设立新的任城区 | 任城区 | 国函〔2013〕115号,2013年中华人民共和国县级以上行政区划变更列表,https://zh.wikipedia.org/wiki/2013%E5%B9%B4%E4%B8%AD%E5%8D%8E%E4%BA%BA%E6%B0%91%E5%85%B1%E5%92%8C%E5%9B%BD%E5%8E%BF%E7%BA%A7%E4%BB%A5%E4%B8%8A%E8%A1%8C%E6%94%BF%E5%8C%BA%E5%88%92%E5%8F%98%E6%9B%B4%E5%88%97%E8%A1%A8,93242307,wikipedia_row_loose_relation,SRC-WIKI-2013,wikipedia,,revisioned_secondary
WIKI-COUNTY-2013-04-002,2013,列表 / 新设立市辖区,jurisdiction_transfer,巴中市,CNUR-000252,恩阳区,,恩阳区,设立巴中市恩阳区；将巴中市巴州区的12个镇、12个乡划归恩阳区管辖,市辖区,county_level,四川省巴中市 | 1月18日国务院同意 | 设立巴中市恩阳区；将巴中市巴州区的12个镇、12个乡划归恩阳区管辖 | 恩阳区 | 国函〔2013〕16号,2013年中华人民共和国县级以上行政区划变更列表,https://zh.wikipedia.org/wiki/2013%E5%B9%B4%E4%B8%AD%E5%8D%8E%E4%BA%BA%E6%B0%91%E5%85%B1%E5%92%8C%E5%9B%BD%E5%8E%BF%E7%BA%A7%E4%BB%A5%E4%B8%8A%E8%A1%8C%E6%94%BF%E5%8C%BA%E5%88%92%E5%8F%98%E6%9B%B4%E5%88%97%E8%A1%A8,93242307,wikipedia_row_loose_relation,SRC-WIKI-2013,wikipedia,,revisioned_secondary
WIKI-COUNTY-2013-04-003,2013,列表 / 新设立市辖区,jurisdiction_transfer,广安市,CNUR-000249,前锋区,,前锋区,设立广安市前锋区；将广安市广安区的7个镇和5个乡划归前锋区管辖,市辖区,county_level,四川省广安市 | 2月8日国务院同意 | 设立广安市前锋区；将广安市广安区的7个镇和5个乡划归前锋区管辖 | 前锋区 | 国函〔2013〕22号,2013年中华人民共和国县级以上行政区划变更列表,https://zh.wikipedia.org/wiki/2013%E5%B9%B4%E4%B8%AD%E5%8D%8E%E4%BA%BA%E6%B0%91%E5%85%B1%E5%92%8C%E5%9B%BD%E5%8E%BF%E7%BA%A7%E4%BB%A5%E4%B8%8A%E8%A1%8C%E6%94%BF%E5%8C%BA%E5%88%92%E5%8F%98%E6%9B%B4%E5%88%97%E8%A1%A8,93242307,wikipedia_row_loose_relation,SRC-WIKI-2013,wikipedia,,revisioned_secondary
WIKI-COUNTY-2013-04-004,2013,列表 / 新设立市辖区,establish,梧州市,CNUR-000220,龙圩区,,龙圩区,设立梧州市龙圩区；以苍梧县的龙圩镇、新地镇、广平镇、大坡镇的行政区域为龙圩区的行政区域,市辖区、县,county_level,2月8日国务院同意 | 广西壮族自治区梧州市 | 设立梧州市龙圩区；以苍梧县的龙圩镇、新地镇、广平镇、大坡镇的行政区域为龙圩区的行政区域 | 龙圩区 | 国函〔2013〕25号,2013年中华人民共和国县级以上行政区划变更列表,https://zh.wikipedia.org/wiki/2013%E5%B9%B4%E4%B8%AD%E5%8D%8E%E4%BA%BA%E6%B0%91%E5%85%B1%E5%92%8C%E5%9B%BD%E5%8E%BF%E7%BA%A7%E4%BB%A5%E4%B8%8A%E8%A1%8C%E6%94%BF%E5%8C%BA%E5%88%92%E5%8F%98%E6%9B%B4%E5%88%97%E8%A1%A8,93242307,wikipedia_row_loose_relation,SRC-WIKI-2013,wikipedia,,revisioned_secondary
WIKI-COUNTY-2013-04-005,2013,列表 / 新设立市辖区,establish,呼伦贝尔市,CNUR-000031,满洲里市、扎赉诺尔区,,扎赉诺尔区,2月8日国务院同意 | 内蒙古自治区呼伦贝尔市 | 3月6日民政部同意 | 扎赉诺尔矿区以呼伦贝尔市扎赉诺尔区备案，为县级行政区划建制 | 扎赉诺尔区 | 民函〔2013〕68号,市辖区、县,county_level,2月8日国务院同意 | 内蒙古自治区呼伦贝尔市 | 3月6日民政部同意 | 扎赉诺尔矿区以呼伦贝尔市扎赉诺尔区备案，为县级行政区划建制 | 扎赉诺尔区 | 民函〔2013〕68号,2013年中华人民共和国县级以上行政区划变更列表,https://zh.wikipedia.org/wiki/2013%E5%B9%B4%E4%B8%AD%E5%8D%8E%E4%BA%BA%E6%B0%91%E5%85%B1%E5%92%8C%E5%9B%BD%E5%8E%BF%E7%BA%A7%E4%BB%A5%E4%B8%8A%E8%A1%8C%E6%94%BF%E5%8C%BA%E5%88%92%E5%8F%98%E6%9B%B4%E5%88%97%E8%A1%A8,93242307,wikipedia_row_loose_relation,SRC-WIKI-2013,wikipedia,,revisioned_secondary
WIKI-COUNTY-2013-04-006,2013,列表 / 新设立市辖区,jurisdiction_transfer,玉林市,CNUR-000225,福绵区,,福绵区,设立玉林市福绵区；将玉林市玉州区的福绵镇、成均镇、樟木镇、新桥镇、沙田镇、石和镇划归福绵区管辖,市辖区,county_level,广西壮族自治区玉林市 | 6月28日国务院同意 | 设立玉林市福绵区；将玉林市玉州区的福绵镇、成均镇、樟木镇、新桥镇、沙田镇、石和镇划归福绵区管辖 | 福绵区 | 国函〔2013〕75号,2013年中华人民共和国县级以上行政区划变更列表,https://zh.wikipedia.org/wiki/2013%E5%B9%B4%E4%B8%AD%E5%8D%8E%E4%BA%BA%E6%B0%91%E5%85%B1%E5%92%8C%E5%9B%BD%E5%8E%BF%E7%BA%A7%E4%BB%A5%E4%B8%8A%E8%A1%8C%E6%94%BF%E5%8C%BA%E5%88%92%E5%8F%98%E6%9B%B4%E5%88%97%E8%A1%A8,93242307,wikipedia_row_loose_relation,SRC-WIKI-2013,wikipedia,,revisioned_secondary
WIKI-COUNTY-2013-06-002,2013,列表 / 政府驻地变更,residence_change,桂林市,CNUR-000219,,,,桂林市人民政府驻地由象山区五美路16号迁至临桂区西城中路69号,,untyped_county_record,桂林市 | 广西壮族自治区 | 1月18日国务院同意 | 桂林市人民政府驻地由象山区五美路16号迁至临桂区西城中路69号 | 国函〔2013〕17号,2013年中华人民共和国县级以上行政区划变更列表,https://zh.wikipedia.org/wiki/2013%E5%B9%B4%E4%B8%AD%E5%8D%8E%E4%BA%BA%E6%B0%91%E5%85%B1%E5%92%8C%E5%9B%BD%E5%8E%BF%E7%BA%A7%E4%BB%A5%E4%B8%8A%E8%A1%8C%E6%94%BF%E5%8C%BA%E5%88%92%E5%8F%98%E6%9B%B4%E5%88%97%E8%A1%A8,93242307,wikipedia_row_loose_relation,SRC-WIKI-2013,wikipedia,,revisioned_secondary
WIKI-COUNTY-2013-06-003,2013,列表 / 政府驻地变更,residence_change,重庆市,CNUR-000235,南岸区,南岸区,,重庆市南岸区人民政府驻地由南坪街道南城大道199号迁至长生桥镇广福大道1号<ref>{{cite web |title=南岸区政府驻地将搬至长生桥,市辖区,county_level,南岸区 | 重庆市 | 3月6日民政部同意 | 重庆市南岸区人民政府驻地由南坪街道南城大道199号迁至长生桥镇广福大道1号<ref>{{cite web |title=南岸区政府驻地将搬至长生桥 | url=http://news.sina.com.cn/o/2013-03-25/061926628834.shtml|website=新浪网|accessdate=2020-08-16|date=2013-03-25}}</ref> | 民函〔2013〕67号,2013年中华人民共和国县级以上行政区划变更列表,https://zh.wikipedia.org/wiki/2013%E5%B9%B4%E4%B8%AD%E5%8D%8E%E4%BA%BA%E6%B0%91%E5%85%B1%E5%92%8C%E5%9B%BD%E5%8E%BF%E7%BA%A7%E4%BB%A5%E4%B8%8A%E8%A1%8C%E6%94%BF%E5%8C%BA%E5%88%92%E5%8F%98%E6%9B%B4%E5%88%97%E8%A1%A8,93242307,wikipedia_row_loose_relation,SRC-WIKI-2013,wikipedia,,revisioned_secondary
WIKI-COUNTY-2013-07-002,2013,列表 / 更名,rename,广元市,CNUR-000242,元坝区、昭化区,元坝区,昭化区,广元市元坝区更名为昭化区,市辖区,county_level,元坝区 | 四川省广元市 | 3月12日 | 广元市元坝区更名为昭化区 | 昭化区 | 民函〔2013〕84号,2013年中华人民共和国县级以上行政区划变更列表,https://zh.wikipedia.org/wiki/2013%E5%B9%B4%E4%B8%AD%E5%8D%8E%E4%BA%BA%E6%B0%91%E5%85%B1%E5%92%8C%E5%9B%BD%E5%8E%BF%E7%BA%A7%E4%BB%A5%E4%B8%8A%E8%A1%8C%E6%94%BF%E5%8C%BA%E5%88%92%E5%8F%98%E6%9B%B4%E5%88%97%E8%A1%A8,93242307,wikipedia_row_loose_relation,SRC-WIKI-2013,wikipedia,,revisioned_secondary
WIKI-COUNTY-2014-01-002,2014,列表 / 撤销县、县级市，设立市辖区,abolish_or_merge,广州市,CNUR-000196,从化市、从化区,从化市,从化区,撤销县级从化市，设立广州市从化区,市辖区、县,county_level,从化市 | 广东省广州市 | 1月25日中华人民共和国国务院同意 | 撤销县级从化市，设立广州市从化区 | 从化区 | 国函〔2014〕11号,2014年中华人民共和国县级以上行政区划变更列表,https://zh.wikipedia.org/wiki/2014%E5%B9%B4%E4%B8%AD%E5%8D%8E%E4%BA%BA%E6%B0%91%E5%85%B1%E5%92%8C%E5%9B%BD%E5%8E%BF%E7%BA%A7%E4%BB%A5%E4%B8%8A%E8%A1%8C%E6%94%BF%E5%8C%BA%E5%88%92%E5%8F%98%E6%9B%B4%E5%88%97%E8%A1%A8,93248443,wikipedia_row_loose_relation,SRC-WIKI-2014,wikipedia,,revisioned_secondary
WIKI-COUNTY-2014-01-003,2014,列表 / 撤销县、县级市，设立市辖区,abolish_or_merge,广州市,CNUR-000196,增城市、增城区,增城市,增城区,撤销县级增城市，设立广州市增城区,市辖区、县,county_level,广东省广州市 | 1月25日中华人民共和国国务院同意 | 国函〔2014〕11号 | 增城市 | 撤销县级增城市，设立广州市增城区 | 增城区,2014年中华人民共和国县级以上行政区划变更列表,https://zh.wikipedia.org/wiki/2014%E5%B9%B4%E4%B8%AD%E5%8D%8E%E4%BA%BA%E6%B0%91%E5%85%B1%E5%92%8C%E5%9B%BD%E5%8E%BF%E7%BA%A7%E4%BB%A5%E4%B8%8A%E8%A1%8C%E6%94%BF%E5%8C%BA%E5%88%92%E5%8F%98%E6%9B%B4%E5%88%97%E8%A1%A8,93248443,wikipedia_row_loose_relation,SRC-WIKI-2014,wikipedia,,revisioned_secondary
WIKI-COUNTY-2014-01-004,2014,列表 / 撤销县、县级市，设立市辖区,jurisdiction_transfer,威海市、广州市,CNUR-000144、CNUR-000196,文登市、文登区,文登市,文登区,撤销县级文登市，设立威海市文登区；将原文登市的汪疃镇、苘山镇划归威海市环翠区管辖<ref>{{cite web |title=建置隶属,市辖区、县,county_level,广东省广州市 | 1月25日中华人民共和国国务院同意 | 国函〔2014〕11号 | 文登市 | 山东省威海市 | 1月25日中华人民共和国国务院同意 | 撤销县级文登市，设立威海市文登区；将原文登市的汪疃镇、苘山镇划归威海市环翠区管辖<ref>{{cite web |title=建置隶属 | url=http://www.wendeng.gov.cn/col/col37155/index.html|website=文登区人民政府|accessdate=2020-08-05|date=2019-12-24}}</ref> | 文登区 | 国函〔2014〕13号,2014年中华人民共和国县级以上行政区划变更列表,https://zh.wikipedia.org/wiki/2014%E5%B9%B4%E4%B8%AD%E5%8D%8E%E4%BA%BA%E6%B0%91%E5%85%B1%E5%92%8C%E5%9B%BD%E5%8E%BF%E7%BA%A7%E4%BB%A5%E4%B8%8A%E8%A1%8C%E6%94%BF%E5%8C%BA%E5%88%92%E5%8F%98%E6%9B%B4%E5%88%97%E8%A1%A8,93248443,wikipedia_row_loose_relation,SRC-WIKI-2014,wikipedia,,revisioned_secondary
WIKI-COUNTY-2014-01-005,2014,列表 / 撤销县、县级市，设立市辖区,abolish_or_merge,哈尔滨市,CNUR-000060,双城市、双城区,双城市,双城区,撤销县级双城市，设立哈尔滨市双城区<ref>{{cite web |title=黑龙江双城撤市设区正式挂牌 哈尔滨人口突破550万|url=http://news.cnr.cn/native/city/20150511/t20150511_518517337.shtml|website=央广网,市辖区、县,county_level,双城市 | 黑龙江省哈尔滨市 | 5月2日中华人民共和国国务院同意 | 撤销县级双城市，设立哈尔滨市双城区<ref>{{cite web |title=黑龙江双城撤市设区正式挂牌 哈尔滨人口突破550万|url=http://news.cnr.cn/native/city/20150511/t20150511_518517337.shtml|website=央广网 | accessdate=2020-08-05|date=2015-05-11}}</ref> | 双城区 | 国函〔2014〕55号,2014年中华人民共和国县级以上行政区划变更列表,https://zh.wikipedia.org/wiki/2014%E5%B9%B4%E4%B8%AD%E5%8D%8E%E4%BA%BA%E6%B0%91%E5%85%B1%E5%92%8C%E5%9B%BD%E5%8E%BF%E7%BA%A7%E4%BB%A5%E4%B8%8A%E8%A1%8C%E6%94%BF%E5%8C%BA%E5%88%92%E5%8F%98%E6%9B%B4%E5%88%97%E8%A1%A8,93248443,wikipedia_row_loose_relation,SRC-WIKI-2014,wikipedia,,revisioned_secondary
WIKI-COUNTY-2014-01-006,2014,列表 / 撤销县、县级市，设立市辖区,abolish_or_merge,连云港市,CNUR-000080,赣榆县、赣榆区,赣榆县,赣榆区,撤销赣榆县，设立连云港市赣榆区,市辖区、县,county_level,赣榆县 | 江苏省连云港市 | 5月2日中华人民共和国国务院同意 | 撤销赣榆县，设立连云港市赣榆区 | 赣榆区 | 国函〔2014〕56号,2014年中华人民共和国县级以上行政区划变更列表,https://zh.wikipedia.org/wiki/2014%E5%B9%B4%E4%B8%AD%E5%8D%8E%E4%BA%BA%E6%B0%91%E5%85%B1%E5%92%8C%E5%9B%BD%E5%8E%BF%E7%BA%A7%E4%BB%A5%E4%B8%8A%E8%A1%8C%E6%94%BF%E5%8C%BA%E5%88%92%E5%8F%98%E6%9B%B4%E5%88%97%E8%A1%A8,93248443,wikipedia_row_loose_relation,SRC-WIKI-2014,wikipedia,,revisioned_secondary
WIKI-COUNTY-2014-01-007,2014,列表 / 撤销县、县级市，设立市辖区,abolish_or_merge,南平市,CNUR-000121,建阳市、建阳区,建阳市,建阳区,撤销县级建阳市，设立南平市建阳区,市辖区、县,county_level,建阳市 | 福建省南平市 | 5月2日中华人民共和国国务院同意 | 撤销县级建阳市，设立南平市建阳区 | 建阳区 | 国函〔2014〕57号,2014年中华人民共和国县级以上行政区划变更列表,https://zh.wikipedia.org/wiki/2014%E5%B9%B4%E4%B8%AD%E5%8D%8E%E4%BA%BA%E6%B0%91%E5%85%B1%E5%92%8C%E5%9B%BD%E5%8E%BF%E7%BA%A7%E4%BB%A5%E4%B8%8A%E8%A1%8C%E6%94%BF%E5%8C%BA%E5%88%92%E5%8F%98%E6%9B%B4%E5%88%97%E8%A1%A8,93248443,wikipedia_row_loose_relation,SRC-WIKI-2014,wikipedia,,revisioned_secondary
WIKI-COUNTY-2014-01-008,2014,列表 / 撤销县、县级市，设立市辖区,abolish_or_merge,重庆市,CNUR-000235,璧山县、璧山区,璧山县,璧山区,撤销璧山县，设立重庆市璧山区,市辖区、县,county_level,璧山县 | 重庆市 | 5月2日中华人民共和国国务院同意 | 撤销璧山县，设立重庆市璧山区 | 璧山区 | 国函〔2014〕58号,2014年中华人民共和国县级以上行政区划变更列表,https://zh.wikipedia.org/wiki/2014%E5%B9%B4%E4%B8%AD%E5%8D%8E%E4%BA%BA%E6%B0%91%E5%85%B1%E5%92%8C%E5%9B%BD%E5%8E%BF%E7%BA%A7%E4%BB%A5%E4%B8%8A%E8%A1%8C%E6%94%BF%E5%8C%BA%E5%88%92%E5%8F%98%E6%9B%B4%E5%88%97%E8%A1%A8,93248443,wikipedia_row_loose_relation,SRC-WIKI-2014,wikipedia,,revisioned_secondary
WIKI-COUNTY-2014-01-009,2014,列表 / 撤销县、县级市，设立市辖区,abolish_or_merge,重庆市,CNUR-000235,铜梁县、铜梁区,铜梁县,铜梁区,撤销铜梁县，设立重庆市铜梁区,市辖区、县,county_level,重庆市 | 5月2日中华人民共和国国务院同意 | 国函〔2014〕58号 | 铜梁县 | 撤销铜梁县，设立重庆市铜梁区 | 铜梁区,2014年中华人民共和国县级以上行政区划变更列表,https://zh.wikipedia.org/wiki/2014%E5%B9%B4%E4%B8%AD%E5%8D%8E%E4%BA%BA%E6%B0%91%E5%85%B1%E5%92%8C%E5%9B%BD%E5%8E%BF%E7%BA%A7%E4%BB%A5%E4%B8%8A%E8%A1%8C%E6%94%BF%E5%8C%BA%E5%88%92%E5%8F%98%E6%9B%B4%E5%88%97%E8%A1%A8,93248443,wikipedia_row_loose_relation,SRC-WIKI-2014,wikipedia,,revisioned_secondary
WIKI-COUNTY-2014-01-010,2014,列表 / 撤销县、县级市，设立市辖区,abolish_or_merge,重庆市、十堰市,CNUR-000235、CNUR-000171,郧县、郧阳区,郧县,郧阳区,撤销郧县，设立十堰市郧阳区,市辖区、县,county_level,重庆市 | 5月2日中华人民共和国国务院同意 | 国函〔2014〕58号 | 郧县 | 湖北省十堰市 | 9月9日中华人民共和国国务院同意 | 撤销郧县，设立十堰市郧阳区 | 郧阳区 | 国函〔2014〕118号,2014年中华人民共和国县级以上行政区划变更列表,https://zh.wikipedia.org/wiki/2014%E5%B9%B4%E4%B8%AD%E5%8D%8E%E4%BA%BA%E6%B0%91%E5%85%B1%E5%92%8C%E5%9B%BD%E5%8E%BF%E7%BA%A7%E4%BB%A5%E4%B8%8A%E8%A1%8C%E6%94%BF%E5%8C%BA%E5%88%92%E5%8F%98%E6%9B%B4%E5%88%97%E8%A1%A8,93248443,wikipedia_row_loose_relation,SRC-WIKI-2014,wikipedia,,revisioned_secondary
WIKI-COUNTY-2014-01-011,2014,列表 / 撤销县、县级市，设立市辖区,abolish_or_merge,滨州市,CNUR-000150,沾化县、沾化区,沾化县,沾化区,撤销沾化县，设立滨州市沾化区,市辖区、县,county_level,沾化县 | 山东省滨州市 | 9月9日中华人民共和国国务院同意 | 撤销沾化县，设立滨州市沾化区 | 沾化区 | 国函〔2014〕119号,2014年中华人民共和国县级以上行政区划变更列表,https://zh.wikipedia.org/wiki/2014%E5%B9%B4%E4%B8%AD%E5%8D%8E%E4%BA%BA%E6%B0%91%E5%85%B1%E5%92%8C%E5%9B%BD%E5%8E%BF%E7%BA%A7%E4%BB%A5%E4%B8%8A%E8%A1%8C%E6%94%BF%E5%8C%BA%E5%88%92%E5%8F%98%E6%9B%B4%E5%88%97%E8%A1%A8,93248443,wikipedia_row_loose_relation,SRC-WIKI-2014,wikipedia,,revisioned_secondary
WIKI-COUNTY-2014-01-012,2014,列表 / 撤销县、县级市，设立市辖区,jurisdiction_transfer,云浮市,CNUR-000216,云安县、云安区,云安县,云安区,撤销云安县，设立云浮市云安区；将云浮市云城区的都杨镇划归云安区管辖；将原云安县的前锋镇、南盛镇划归云城区管辖,市辖区、县,county_level,云安县 | 广东省云浮市 | 9月9日中华人民共和国国务院同意 | 撤销云安县，设立云浮市云安区；将云浮市云城区的都杨镇划归云安区管辖；将原云安县的前锋镇、南盛镇划归云城区管辖 | 云安区 | 国函〔2014〕120号,2014年中华人民共和国县级以上行政区划变更列表,https://zh.wikipedia.org/wiki/2014%E5%B9%B4%E4%B8%AD%E5%8D%8E%E4%BA%BA%E6%B0%91%E5%85%B1%E5%92%8C%E5%9B%BD%E5%8E%BF%E7%BA%A7%E4%BB%A5%E4%B8%8A%E8%A1%8C%E6%94%BF%E5%8C%BA%E5%88%92%E5%8F%98%E6%9B%B4%E5%88%97%E8%A1%A8,93248443,wikipedia_row_loose_relation,SRC-WIKI-2014,wikipedia,,revisioned_secondary
WIKI-COUNTY-2014-01-013,2014,列表 / 撤销县、县级市，设立市辖区,abolish_or_merge,开封市,CNUR-000153,开封县、祥符区,开封县,祥符区,撤销开封县，设立开封市祥符区,市辖区、县,county_level,开封县 | 河南省开封市 | 9月9日中华人民共和国国务院同意 | 撤销开封县，设立开封市祥符区 | 祥符区 | 国函〔2014〕121号,2014年中华人民共和国县级以上行政区划变更列表,https://zh.wikipedia.org/wiki/2014%E5%B9%B4%E4%B8%AD%E5%8D%8E%E4%BA%BA%E6%B0%91%E5%85%B1%E5%92%8C%E5%9B%BD%E5%8E%BF%E7%BA%A7%E4%BB%A5%E4%B8%8A%E8%A1%8C%E6%94%BF%E5%8C%BA%E5%88%92%E5%8F%98%E6%9B%B4%E5%88%97%E8%A1%A8,93248443,wikipedia_row_loose_relation,SRC-WIKI-2014,wikipedia,,revisioned_secondary
WIKI-COUNTY-2014-01-014,2014,列表 / 撤销县、县级市，设立市辖区,abolish_or_merge,石家庄市,CNUR-000003,藁城市、藁城区,藁城市,藁城区,撤销县级藁城市，设立石家庄市藁城区,市辖区、县,county_level,藁城市 | 河北省石家庄市 | 9月9日中华人民共和国国务院同意 | 撤销县级藁城市，设立石家庄市藁城区 | 藁城区 | 国函〔2014〕122号,2014年中华人民共和国县级以上行政区划变更列表,https://zh.wikipedia.org/wiki/2014%E5%B9%B4%E4%B8%AD%E5%8D%8E%E4%BA%BA%E6%B0%91%E5%85%B1%E5%92%8C%E5%9B%BD%E5%8E%BF%E7%BA%A7%E4%BB%A5%E4%B8%8A%E8%A1%8C%E6%94%BF%E5%8C%BA%E5%88%92%E5%8F%98%E6%9B%B4%E5%88%97%E8%A1%A8,93248443,wikipedia_row_loose_relation,SRC-WIKI-2014,wikipedia,,revisioned_secondary
WIKI-COUNTY-2014-01-015,2014,列表 / 撤销县、县级市，设立市辖区,abolish_or_merge,石家庄市,CNUR-000003,鹿泉市、鹿泉区,鹿泉市,鹿泉区,撤销县级鹿泉市，设立石家庄市鹿泉区,市辖区、县,county_level,河北省石家庄市 | 9月9日中华人民共和国国务院同意 | 国函〔2014〕122号 | 鹿泉市 | 撤销县级鹿泉市，设立石家庄市鹿泉区 | 鹿泉区,2014年中华人民共和国县级以上行政区划变更列表,https://zh.wikipedia.org/wiki/2014%E5%B9%B4%E4%B8%AD%E5%8D%8E%E4%BA%BA%E6%B0%91%E5%85%B1%E5%92%8C%E5%9B%BD%E5%8E%BF%E7%BA%A7%E4%BB%A5%E4%B8%8A%E8%A1%8C%E6%94%BF%E5%8C%BA%E5%88%92%E5%8F%98%E6%9B%B4%E5%88%97%E8%A1%A8,93248443,wikipedia_row_loose_relation,SRC-WIKI-2014,wikipedia,,revisioned_secondary
WIKI-COUNTY-2014-01-016,2014,列表 / 撤销县、县级市，设立市辖区,abolish_or_merge,石家庄市,CNUR-000003,栾城县、栾城区,栾城县,栾城区,撤销栾城县，设立石家庄市栾城区,市辖区、县,county_level,河北省石家庄市 | 9月9日中华人民共和国国务院同意 | 国函〔2014〕122号 | 栾城县 | 撤销栾城县，设立石家庄市栾城区 | 栾城区,2014年中华人民共和国县级以上行政区划变更列表,https://zh.wikipedia.org/wiki/2014%E5%B9%B4%E4%B8%AD%E5%8D%8E%E4%BA%BA%E6%B0%91%E5%85%B1%E5%92%8C%E5%9B%BD%E5%8E%BF%E7%BA%A7%E4%BB%A5%E4%B8%8A%E8%A1%8C%E6%94%BF%E5%8C%BA%E5%88%92%E5%8F%98%E6%9B%B4%E5%88%97%E8%A1%A8,93248443,wikipedia_row_loose_relation,SRC-WIKI-2014,wikipedia,,revisioned_secondary
WIKI-COUNTY-2014-01-017,2014,列表 / 撤销县、县级市，设立市辖区,abolish_or_merge,石家庄市、德州市,CNUR-000003、CNUR-000148,陵县、陵城区,陵县,陵城区,撤销陵县，设立德州市陵城区,市辖区、县,county_level,河北省石家庄市 | 9月9日中华人民共和国国务院同意 | 国函〔2014〕122号 | 陵县 | 山东省德州市 | 10月20日中华人民共和国国务院同意 | 撤销陵县，设立德州市陵城区 | 陵城区 | 国函〔2014〕139号,2014年中华人民共和国县级以上行政区划变更列表,https://zh.wikipedia.org/wiki/2014%E5%B9%B4%E4%B8%AD%E5%8D%8E%E4%BA%BA%E6%B0%91%E5%85%B1%E5%92%8C%E5%9B%BD%E5%8E%BF%E7%BA%A7%E4%BB%A5%E4%B8%8A%E8%A1%8C%E6%94%BF%E5%8C%BA%E5%88%92%E5%8F%98%E6%9B%B4%E5%88%97%E8%A1%A8,93248443,wikipedia_row_loose_relation,SRC-WIKI-2014,wikipedia,,revisioned_secondary
WIKI-COUNTY-2014-01-018,2014,列表 / 撤销县、县级市，设立市辖区,abolish_or_merge,眉山市,CNUR-000247,彭山县、彭山区,彭山县,彭山区,撤销彭山县，设立眉山市彭山区,市辖区、县,county_level,彭山县 | 四川省眉山市 | 10月20日中华人民共和国国务院同意 | 撤销彭山县，设立眉山市彭山区 | 彭山区 | 国函〔2014〕140号,2014年中华人民共和国县级以上行政区划变更列表,https://zh.wikipedia.org/wiki/2014%E5%B9%B4%E4%B8%AD%E5%8D%8E%E4%BA%BA%E6%B0%91%E5%85%B1%E5%92%8C%E5%9B%BD%E5%8E%BF%E7%BA%A7%E4%BB%A5%E4%B8%8A%E8%A1%8C%E6%94%BF%E5%8C%BA%E5%88%92%E5%8F%98%E6%9B%B4%E5%88%97%E8%A1%A8,93248443,wikipedia_row_loose_relation,SRC-WIKI-2014,wikipedia,,revisioned_secondary
WIKI-COUNTY-2014-01-019,2014,列表 / 撤销县、县级市，设立市辖区,abolish_or_merge,阳江市,CNUR-000210,阳东县、阳东区,阳东县,阳东区,撤销阳东县，设立阳江市阳东区,市辖区、县,county_level,阳东县 | 广东省阳江市 | 10月20日中华人民共和国国务院同意 | 撤销阳东县，设立阳江市阳东区 | 阳东区 | 国函〔2014〕141号,2014年中华人民共和国县级以上行政区划变更列表,https://zh.wikipedia.org/wiki/2014%E5%B9%B4%E4%B8%AD%E5%8D%8E%E4%BA%BA%E6%B0%91%E5%85%B1%E5%92%8C%E5%9B%BD%E5%8E%BF%E7%BA%A7%E4%BB%A5%E4%B8%8A%E8%A1%8C%E6%94%BF%E5%8C%BA%E5%88%92%E5%8F%98%E6%9B%B4%E5%88%97%E8%A1%A8,93248443,wikipedia_row_loose_relation,SRC-WIKI-2014,wikipedia,,revisioned_secondary
WIKI-COUNTY-2014-01-020,2014,列表 / 撤销县、县级市，设立市辖区,abolish_or_merge,长春市,CNUR-000051,九台市、九台区,九台市,九台区,撤销县级九台市，设立长春市九台区,市辖区、县,county_level,九台市 | 吉林省长春市 | 10月20日中华人民共和国国务院同意 | 撤销县级九台市，设立长春市九台区 | 九台区 | 国函〔2014〕142号,2014年中华人民共和国县级以上行政区划变更列表,https://zh.wikipedia.org/wiki/2014%E5%B9%B4%E4%B8%AD%E5%8D%8E%E4%BA%BA%E6%B0%91%E5%85%B1%E5%92%8C%E5%9B%BD%E5%8E%BF%E7%BA%A7%E4%BB%A5%E4%B8%8A%E8%A1%8C%E6%94%BF%E5%8C%BA%E5%88%92%E5%8F%98%E6%9B%B4%E5%88%97%E8%A1%A8,93248443,wikipedia_row_loose_relation,SRC-WIKI-2014,wikipedia,,revisioned_secondary
WIKI-COUNTY-2014-01-021,2014,列表 / 撤销县、县级市，设立市辖区,abolish_or_merge,杭州市,CNUR-000087,富阳市、富阳区,富阳市,富阳区,撤销县级富阳市，设立杭州市富阳区,市辖区、县,county_level,富阳市 | 浙江省杭州市 | 12月13日中华人民共和国国务院同意 | 撤销县级富阳市，设立杭州市富阳区 | 富阳区 | 国函〔2014〕157号,2014年中华人民共和国县级以上行政区划变更列表,https://zh.wikipedia.org/wiki/2014%E5%B9%B4%E4%B8%AD%E5%8D%8E%E4%BA%BA%E6%B0%91%E5%85%B1%E5%92%8C%E5%9B%BD%E5%8E%BF%E7%BA%A7%E4%BB%A5%E4%B8%8A%E8%A1%8C%E6%94%BF%E5%8C%BA%E5%88%92%E5%8F%98%E6%9B%B4%E5%88%97%E8%A1%A8,93248443,wikipedia_row_loose_relation,SRC-WIKI-2014,wikipedia,,revisioned_secondary
WIKI-COUNTY-2014-01-022,2014,列表 / 撤销县、县级市，设立市辖区,abolish_or_merge,西安市,CNUR-000289,高陵县、高陵区,高陵县,高陵区,撤销高陵县，设立西安市高陵区,市辖区、县,county_level,高陵县 | 陕西省西安市 | 12月13日中华人民共和国国务院同意 | 撤销高陵县，设立西安市高陵区 | 高陵区 | 国函〔2014〕158号,2014年中华人民共和国县级以上行政区划变更列表,https://zh.wikipedia.org/wiki/2014%E5%B9%B4%E4%B8%AD%E5%8D%8E%E4%BA%BA%E6%B0%91%E5%85%B1%E5%92%8C%E5%9B%BD%E5%8E%BF%E7%BA%A7%E4%BB%A5%E4%B8%8A%E8%A1%8C%E6%94%BF%E5%8C%BA%E5%88%92%E5%8F%98%E6%9B%B4%E5%88%97%E8%A1%A8,93248443,wikipedia_row_loose_relation,SRC-WIKI-2014,wikipedia,,revisioned_secondary
WIKI-COUNTY-2014-01-023,2014,列表 / 撤销县、县级市，设立市辖区,abolish_or_merge,龙岩市,CNUR-000122,永定县、永定区,永定县,永定区,撤销永定县，设立龙岩市永定区,市辖区、县,county_level,永定县 | 福建省龙岩市 | 12月13日中华人民共和国国务院同意 | 撤销永定县，设立龙岩市永定区 | 永定区 | 国函〔2014〕159号,2014年中华人民共和国县级以上行政区划变更列表,https://zh.wikipedia.org/wiki/2014%E5%B9%B4%E4%B8%AD%E5%8D%8E%E4%BA%BA%E6%B0%91%E5%85%B1%E5%92%8C%E5%9B%BD%E5%8E%BF%E7%BA%A7%E4%BB%A5%E4%B8%8A%E8%A1%8C%E6%94%BF%E5%8C%BA%E5%88%92%E5%8F%98%E6%9B%B4%E5%88%97%E8%A1%A8,93248443,wikipedia_row_loose_relation,SRC-WIKI-2014,wikipedia,,revisioned_secondary
WIKI-COUNTY-2014-01-024,2014,列表 / 撤销县、县级市，设立市辖区,abolish_or_merge,安顺市,CNUR-000260,平坝县、平坝区,平坝县,平坝区,撤销平坝县，设立安顺市平坝区,市辖区、县,county_level,平坝县 | 贵州省安顺市 | 12月13日中华人民共和国国务院同意 | 撤销平坝县，设立安顺市平坝区 | 平坝区 | 国函〔2014〕160号,2014年中华人民共和国县级以上行政区划变更列表,https://zh.wikipedia.org/wiki/2014%E5%B9%B4%E4%B8%AD%E5%8D%8E%E4%BA%BA%E6%B0%91%E5%85%B1%E5%92%8C%E5%9B%BD%E5%8E%BF%E7%BA%A7%E4%BB%A5%E4%B8%8A%E8%A1%8C%E6%94%BF%E5%8C%BA%E5%88%92%E5%8F%98%E6%9B%B4%E5%88%97%E8%A1%A8,93248443,wikipedia_row_loose_relation,SRC-WIKI-2014,wikipedia,,revisioned_secondary
WIKI-COUNTY-2014-04-002,2014,列表 / 政府驻地变更,residence_change,南平市,CNUR-000121,,,,南平市人民政府驻地由延平区八一路439号迁至建阳区南林大街36号<ref>{{cite web |title=历时多年，福建南平市行政中心驻地正式由延平区迁至建阳区,,untyped_county_record,南平市 | 福建省 | 5月2日中华人民共和国国务院同意 | 南平市人民政府驻地由延平区八一路439号迁至建阳区南林大街36号<ref>{{cite web |title=历时多年，福建南平市行政中心驻地正式由延平区迁至建阳区 | url=https://www.sohu.com/a/368531184_260616|website=搜狐|accessdate=2020-08-05|date=2020-01-23}}</ref> | 国函〔2014〕57号,2014年中华人民共和国县级以上行政区划变更列表,https://zh.wikipedia.org/wiki/2014%E5%B9%B4%E4%B8%AD%E5%8D%8E%E4%BA%BA%E6%B0%91%E5%85%B1%E5%92%8C%E5%9B%BD%E5%8E%BF%E7%BA%A7%E4%BB%A5%E4%B8%8A%E8%A1%8C%E6%94%BF%E5%8C%BA%E5%88%92%E5%8F%98%E6%9B%B4%E5%88%97%E8%A1%A8,93248443,wikipedia_row_loose_relation,SRC-WIKI-2014,wikipedia,,revisioned_secondary
WIKI-COUNTY-2014-05-002,2014,列表 / 其它,rename,临沂市,CNUR-000147,苍山县、兰陵县,苍山县,兰陵县,苍山县更名为兰陵县,县,county_level,苍山县 | 山东省临沂市 | 1月8日中华人民共和国国务院同意 | 苍山县更名为兰陵县 | 兰陵县 | 民函〔2014〕6号,2014年中华人民共和国县级以上行政区划变更列表,https://zh.wikipedia.org/wiki/2014%E5%B9%B4%E4%B8%AD%E5%8D%8E%E4%BA%BA%E6%B0%91%E5%85%B1%E5%92%8C%E5%9B%BD%E5%8E%BF%E7%BA%A7%E4%BB%A5%E4%B8%8A%E8%A1%8C%E6%94%BF%E5%8C%BA%E5%88%92%E5%8F%98%E6%9B%B4%E5%88%97%E8%A1%A8,93248443,wikipedia_row_loose_relation,SRC-WIKI-2014,wikipedia,,revisioned_secondary
WIKI-COUNTY-2014-05-003,2014,列表 / 其它,abolish_or_merge,广州市,CNUR-000196,黄埔区、萝岗区,黄埔区、萝岗区,黄埔区,撤销广州市黄埔区、萝岗区，设立新的广州市黄埔区,市辖区,county_level,黄埔区；萝岗区 | 广东省广州市 | 1月25日中华人民共和国国务院同意 | 撤销广州市黄埔区、萝岗区，设立新的广州市黄埔区 | 黄埔区 | 国函〔2014〕11号,2014年中华人民共和国县级以上行政区划变更列表,https://zh.wikipedia.org/wiki/2014%E5%B9%B4%E4%B8%AD%E5%8D%8E%E4%BA%BA%E6%B0%91%E5%85%B1%E5%92%8C%E5%9B%BD%E5%8E%BF%E7%BA%A7%E4%BB%A5%E4%B8%8A%E8%A1%8C%E6%94%BF%E5%8C%BA%E5%88%92%E5%8F%98%E6%9B%B4%E5%88%97%E8%A1%A8,93248443,wikipedia_row_loose_relation,SRC-WIKI-2014,wikipedia,,revisioned_secondary
WIKI-COUNTY-2014-05-004,2014,列表 / 其它,abolish_or_merge,茂名市,CNUR-000204,茂港区、电白县、电白区,茂港区、电白县,电白区,撤销茂名市茂港区和电白县，设立茂名市电白区,市辖区、县,county_level,茂港区；电白县 | 广东省茂名市 | 1月25日中华人民共和国国务院同意 | 撤销茂名市茂港区和电白县，设立茂名市电白区 | 电白区 | 国函〔2014〕12号,2014年中华人民共和国县级以上行政区划变更列表,https://zh.wikipedia.org/wiki/2014%E5%B9%B4%E4%B8%AD%E5%8D%8E%E4%BA%BA%E6%B0%91%E5%85%B1%E5%92%8C%E5%9B%BD%E5%8E%BF%E7%BA%A7%E4%BB%A5%E4%B8%8A%E8%A1%8C%E6%94%BF%E5%8C%BA%E5%88%92%E5%8F%98%E6%9B%B4%E5%88%97%E8%A1%A8,93248443,wikipedia_row_loose_relation,SRC-WIKI-2014,wikipedia,,revisioned_secondary
WIKI-COUNTY-2014-05-005,2014,列表 / 其它,abolish_or_merge,三亚市,CNUR-000232,海棠区,,海棠区,撤销三亚市海棠湾镇，设立三亚市海棠区,市辖区,county_level,海棠湾镇 | 海南省三亚市 | 1月25日中华人民共和国国务院同意 | 撤销三亚市海棠湾镇，设立三亚市海棠区 | 海棠区 | 国函〔2014〕14号,2014年中华人民共和国县级以上行政区划变更列表,https://zh.wikipedia.org/wiki/2014%E5%B9%B4%E4%B8%AD%E5%8D%8E%E4%BA%BA%E6%B0%91%E5%85%B1%E5%92%8C%E5%9B%BD%E5%8E%BF%E7%BA%A7%E4%BB%A5%E4%B8%8A%E8%A1%8C%E6%94%BF%E5%8C%BA%E5%88%92%E5%8F%98%E6%9B%B4%E5%88%97%E8%A1%A8,93248443,wikipedia_row_loose_relation,SRC-WIKI-2014,wikipedia,,revisioned_secondary
WIKI-COUNTY-2014-05-006,2014,列表 / 其它,abolish_or_merge,三亚市,CNUR-000232,吉阳区,,吉阳区,撤销三亚市吉阳镇，设立三亚市吉阳区,市辖区,county_level,海南省三亚市 | 1月25日中华人民共和国国务院同意 | 国函〔2014〕14号 | 吉阳镇 | 撤销三亚市吉阳镇，设立三亚市吉阳区 | 吉阳区,2014年中华人民共和国县级以上行政区划变更列表,https://zh.wikipedia.org/wiki/2014%E5%B9%B4%E4%B8%AD%E5%8D%8E%E4%BA%BA%E6%B0%91%E5%85%B1%E5%92%8C%E5%9B%BD%E5%8E%BF%E7%BA%A7%E4%BB%A5%E4%B8%8A%E8%A1%8C%E6%94%BF%E5%8C%BA%E5%88%92%E5%8F%98%E6%9B%B4%E5%88%97%E8%A1%A8,93248443,wikipedia_row_loose_relation,SRC-WIKI-2014,wikipedia,,revisioned_secondary
WIKI-COUNTY-2014-05-007,2014,列表 / 其它,abolish_or_merge,三亚市,CNUR-000232,天涯区,,天涯区,撤销三亚市凤凰镇、天涯镇、育才镇，设立三亚市天涯区,市辖区,county_level,海南省三亚市 | 1月25日中华人民共和国国务院同意 | 国函〔2014〕14号 | 凤凰镇；天涯镇；育才镇 | 撤销三亚市凤凰镇、天涯镇、育才镇，设立三亚市天涯区 | 天涯区,2014年中华人民共和国县级以上行政区划变更列表,https://zh.wikipedia.org/wiki/2014%E5%B9%B4%E4%B8%AD%E5%8D%8E%E4%BA%BA%E6%B0%91%E5%85%B1%E5%92%8C%E5%9B%BD%E5%8E%BF%E7%BA%A7%E4%BB%A5%E4%B8%8A%E8%A1%8C%E6%94%BF%E5%8C%BA%E5%88%92%E5%8F%98%E6%9B%B4%E5%88%97%E8%A1%A8,93248443,wikipedia_row_loose_relation,SRC-WIKI-2014,wikipedia,,revisioned_secondary
WIKI-COUNTY-2014-05-008,2014,列表 / 其它,abolish_or_merge,三亚市,CNUR-000232,崖州区,,崖州区,撤销三亚市崖城镇，设立三亚市崖州区,市辖区,county_level,海南省三亚市 | 1月25日中华人民共和国国务院同意 | 国函〔2014〕14号 | 崖城镇 | 撤销三亚市崖城镇，设立三亚市崖州区 | 崖州区,2014年中华人民共和国县级以上行政区划变更列表,https://zh.wikipedia.org/wiki/2014%E5%B9%B4%E4%B8%AD%E5%8D%8E%E4%BA%BA%E6%B0%91%E5%85%B1%E5%92%8C%E5%9B%BD%E5%8E%BF%E7%BA%A7%E4%BB%A5%E4%B8%8A%E8%A1%8C%E6%94%BF%E5%8C%BA%E5%88%92%E5%8F%98%E6%9B%B4%E5%88%97%E8%A1%A8,93248443,wikipedia_row_loose_relation,SRC-WIKI-2014,wikipedia,,revisioned_secondary
WIKI-COUNTY-2014-05-009,2014,列表 / 其它,establish,三亚市,CNUR-000232,双河市,,双河市,设立县级双河市，由新疆维吾尔自治区直辖,县,county_level,海南省三亚市 | 1月25日中华人民共和国国务院同意 | 国函〔2014〕14号 | 无 | 新疆维吾尔自治区 | 1月25日中华人民共和国国务院同意 | 设立县级双河市，由新疆维吾尔自治区直辖 | 双河市 | 国函〔2014〕15号,2014年中华人民共和国县级以上行政区划变更列表,https://zh.wikipedia.org/wiki/2014%E5%B9%B4%E4%B8%AD%E5%8D%8E%E4%BA%BA%E6%B0%91%E5%85%B1%E5%92%8C%E5%9B%BD%E5%8E%BF%E7%BA%A7%E4%BB%A5%E4%B8%8A%E8%A1%8C%E6%94%BF%E5%8C%BA%E5%88%92%E5%8F%98%E6%9B%B4%E5%88%97%E8%A1%A8,93248443,wikipedia_row_loose_relation,SRC-WIKI-2014,wikipedia,,revisioned_secondary
WIKI-COUNTY-2014-05-010,2014,列表 / 其它,abolish_or_merge,连云港市,CNUR-000080,新浦区、海州区,新浦区、海州区,海州区,撤销连云港市新浦区、海州区，设立新的连云港市海州区,市辖区,county_level,新浦区；海州区 | 江苏省连云港市 | 1月25日中华人民共和国国务院同意 | 撤销连云港市新浦区、海州区，设立新的连云港市海州区 | 海州区 | 国函〔2014〕56号,2014年中华人民共和国县级以上行政区划变更列表,https://zh.wikipedia.org/wiki/2014%E5%B9%B4%E4%B8%AD%E5%8D%8E%E4%BA%BA%E6%B0%91%E5%85%B1%E5%92%8C%E5%9B%BD%E5%8E%BF%E7%BA%A7%E4%BB%A5%E4%B8%8A%E8%A1%8C%E6%94%BF%E5%8C%BA%E5%88%92%E5%8F%98%E6%9B%B4%E5%88%97%E8%A1%A8,93248443,wikipedia_row_loose_relation,SRC-WIKI-2014,wikipedia,,revisioned_secondary
WIKI-COUNTY-2014-05-011,2014,列表 / 其它,rename,沈阳市,CNUR-000037,东陵区、浑南区,东陵区,浑南区,沈阳市东陵区更名为浑南区,市辖区,county_level,东陵区 | 辽宁省沈阳市 | 6月17日中华人民共和国国务院同意 | 沈阳市东陵区更名为浑南区 | 浑南区 | 民函〔2014〕171号,2014年中华人民共和国县级以上行政区划变更列表,https://zh.wikipedia.org/wiki/2014%E5%B9%B4%E4%B8%AD%E5%8D%8E%E4%BA%BA%E6%B0%91%E5%85%B1%E5%92%8C%E5%9B%BD%E5%8E%BF%E7%BA%A7%E4%BB%A5%E4%B8%8A%E8%A1%8C%E6%94%BF%E5%8C%BA%E5%88%92%E5%8F%98%E6%9B%B4%E5%88%97%E8%A1%A8,93248443,wikipedia_row_loose_relation,SRC-WIKI-2014,wikipedia,,revisioned_secondary
WIKI-COUNTY-2014-05-012,2014,列表 / 其它,establish,伊犁哈萨克自治州,CNUR-000337,,,,设立霍尔果斯市,,untyped_county_record,无 | 新疆维吾尔自治区；伊犁哈萨克自治州 | 6月26日中华人民共和国国务院同意 | 设立霍尔果斯市 | 霍尔果斯市 | 国函〔2014〕80号,2014年中华人民共和国县级以上行政区划变更列表,https://zh.wikipedia.org/wiki/2014%E5%B9%B4%E4%B8%AD%E5%8D%8E%E4%BA%BA%E6%B0%91%E5%85%B1%E5%92%8C%E5%9B%BD%E5%8E%BF%E7%BA%A7%E4%BB%A5%E4%B8%8A%E8%A1%8C%E6%94%BF%E5%8C%BA%E5%88%92%E5%8F%98%E6%9B%B4%E5%88%97%E8%A1%A8,93248443,wikipedia_row_loose_relation,SRC-WIKI-2014,wikipedia,,revisioned_secondary
WIKI-COUNTY-2014-05-013,2014,列表 / 其它,abolish_or_merge,开封市,CNUR-000153,龙亭区、金明区,龙亭区、金明区,龙亭区,撤销开封市龙亭区、金明区，设立新的开封市龙亭区,市辖区,county_level,龙亭区；金明区 | 河南省开封市 | 9月9日中华人民共和国国务院同意 | 撤销开封市龙亭区、金明区，设立新的开封市龙亭区 | 龙亭区 | 国函〔2014〕121号,2014年中华人民共和国县级以上行政区划变更列表,https://zh.wikipedia.org/wiki/2014%E5%B9%B4%E4%B8%AD%E5%8D%8E%E4%BA%BA%E6%B0%91%E5%85%B1%E5%92%8C%E5%9B%BD%E5%8E%BF%E7%BA%A7%E4%BB%A5%E4%B8%8A%E8%A1%8C%E6%94%BF%E5%8C%BA%E5%88%92%E5%8F%98%E6%9B%B4%E5%88%97%E8%A1%A8,93248443,wikipedia_row_loose_relation,SRC-WIKI-2014,wikipedia,,revisioned_secondary
WIKI-COUNTY-2014-05-014,2014,列表 / 其它,jurisdiction_transfer,石家庄市,CNUR-000003,桥东区、长安区、桥西区,桥东区,,撤销石家庄市桥东区；将原桥东区的中山东路、阜康、建安、胜北4个街道和桃园镇划归石家庄市长安区管辖；将原桥东区的东华、休门、彭后、东风、汇通5个街道划归石家庄市桥西区管辖,市辖区,county_level,桥东区 | 河北省石家庄市 | 9月9日中华人民共和国国务院同意 | 撤销石家庄市桥东区；将原桥东区的中山东路、阜康、建安、胜北4个街道和桃园镇划归石家庄市长安区管辖；将原桥东区的东华、休门、彭后、东风、汇通5个街道划归石家庄市桥西区管辖 | 无 | 国函〔2014〕121号,2014年中华人民共和国县级以上行政区划变更列表,https://zh.wikipedia.org/wiki/2014%E5%B9%B4%E4%B8%AD%E5%8D%8E%E4%BA%BA%E6%B0%91%E5%85%B1%E5%92%8C%E5%9B%BD%E5%8E%BF%E7%BA%A7%E4%BB%A5%E4%B8%8A%E8%A1%8C%E6%94%BF%E5%8C%BA%E5%88%92%E5%8F%98%E6%9B%B4%E5%88%97%E8%A1%A8,93248443,wikipedia_row_loose_relation,SRC-WIKI-2014,wikipedia,,revisioned_secondary
WIKI-COUNTY-2014-05-015,2014,列表 / 其它,abolish_or_merge,迪庆藏族自治州,CNUR-000281,香格里拉县、香格里拉市,香格里拉县,香格里拉市,撤销香格里拉县，设立县级香格里拉市,县,county_level,香格里拉县 | 云南省迪庆藏族自治州 | 12月26日中华人民共和国民政部同意 | 撤销香格里拉县，设立县级香格里拉市 | 香格里拉市 | 民函〔2014〕375号,2014年中华人民共和国县级以上行政区划变更列表,https://zh.wikipedia.org/wiki/2014%E5%B9%B4%E4%B8%AD%E5%8D%8E%E4%BA%BA%E6%B0%91%E5%85%B1%E5%92%8C%E5%9B%BD%E5%8E%BF%E7%BA%A7%E4%BB%A5%E4%B8%8A%E8%A1%8C%E6%94%BF%E5%8C%BA%E5%88%92%E5%8F%98%E6%9B%B4%E5%88%97%E8%A1%A8,93248443,wikipedia_row_loose_relation,SRC-WIKI-2014,wikipedia,,revisioned_secondary
WIKI-COUNTY-2015-01-002,2015,列表 / 撤销县、县级市，设立市辖区,abolish_or_merge,南宁市,CNUR-000217,武鸣县、武鸣区,武鸣县,武鸣区,撤销武鸣县，设立南宁市武鸣区,市辖区、县,county_level,武鸣县 | 广西壮族自治区南宁市 | 2月16日中华人民共和国国务院同意 | 撤销武鸣县，设立南宁市武鸣区 | 武鸣区 | 国函〔2015〕36号,2015年中华人民共和国县级以上行政区划变更列表,https://zh.wikipedia.org/wiki/2015%E5%B9%B4%E4%B8%AD%E5%8D%8E%E4%BA%BA%E6%B0%91%E5%85%B1%E5%92%8C%E5%9B%BD%E5%8E%BF%E7%BA%A7%E4%BB%A5%E4%B8%8A%E8%A1%8C%E6%94%BF%E5%8C%BA%E5%88%92%E5%8F%98%E6%9B%B4%E5%88%97%E8%A1%A8,93253150,wikipedia_row_loose_relation,SRC-WIKI-2015,wikipedia,,revisioned_secondary
WIKI-COUNTY-2015-01-003,2015,列表 / 撤销县、县级市，设立市辖区,abolish_or_merge,上饶市,CNUR-000134,广丰县、广丰区,广丰县,广丰区,撤销广丰县，设立上饶市广丰区,市辖区、县,county_level,广丰县 | 江西省上饶市 | 2月16日中华人民共和国国务院同意 | 撤销广丰县，设立上饶市广丰区 | 广丰区 | 国函〔2015〕37号,2015年中华人民共和国县级以上行政区划变更列表,https://zh.wikipedia.org/wiki/2015%E5%B9%B4%E4%B8%AD%E5%8D%8E%E4%BA%BA%E6%B0%91%E5%85%B1%E5%92%8C%E5%9B%BD%E5%8E%BF%E7%BA%A7%E4%BB%A5%E4%B8%8A%E8%A1%8C%E6%94%BF%E5%8C%BA%E5%88%92%E5%8F%98%E6%9B%B4%E5%88%97%E8%A1%A8,93253150,wikipedia_row_loose_relation,SRC-WIKI-2015,wikipedia,,revisioned_secondary
WIKI-COUNTY-2015-01-004,2015,列表 / 撤销县、县级市，设立市辖区,abolish_or_merge,海东市,CNUR-000314,平安县、平安区,平安县,平安区,撤销平安县，设立海东市平安区,市辖区、县,county_level,平安县 | 青海省海东市 | 2月16日中华人民共和国国务院同意 | 撤销平安县，设立海东市平安区 | 平安区 | 国函〔2015〕38号,2015年中华人民共和国县级以上行政区划变更列表,https://zh.wikipedia.org/wiki/2015%E5%B9%B4%E4%B8%AD%E5%8D%8E%E4%BA%BA%E6%B0%91%E5%85%B1%E5%92%8C%E5%9B%BD%E5%8E%BF%E7%BA%A7%E4%BB%A5%E4%B8%8A%E8%A1%8C%E6%94%BF%E5%8C%BA%E5%88%92%E5%8F%98%E6%9B%B4%E5%88%97%E8%A1%A8,93253150,wikipedia_row_loose_relation,SRC-WIKI-2015,wikipedia,,revisioned_secondary
WIKI-COUNTY-2015-01-005,2015,列表 / 撤销县、县级市，设立市辖区,abolish_or_merge,三门峡市,CNUR-000163,陕县、陕州区,陕县,陕州区,撤销陕县，设立三门峡市陕州区<ref>{{cite web |title=历史沿革,市辖区、县,county_level,陕县 | 河南省三门峡市 | 2月16日中华人民共和国国务院同意 | 撤销陕县，设立三门峡市陕州区<ref>{{cite web |title=历史沿革 | url=http://shanzhou.smx.gov.cn/index.php?m=content&c=index&a=lists&catid=38|website=陕州区人民政府|accessdate=2020-08-01}}</ref> | 陕州区 | 国函〔2015〕39号,2015年中华人民共和国县级以上行政区划变更列表,https://zh.wikipedia.org/wiki/2015%E5%B9%B4%E4%B8%AD%E5%8D%8E%E4%BA%BA%E6%B0%91%E5%85%B1%E5%92%8C%E5%9B%BD%E5%8E%BF%E7%BA%A7%E4%BB%A5%E4%B8%8A%E8%A1%8C%E6%94%BF%E5%8C%BA%E5%88%92%E5%8F%98%E6%9B%B4%E5%88%97%E8%A1%A8,93253150,wikipedia_row_loose_relation,SRC-WIKI-2015,wikipedia,,revisioned_secondary
WIKI-COUNTY-2015-01-006,2015,列表 / 撤销县、县级市，设立市辖区,abolish_or_merge,保定市,CNUR-000008,满城县、满城区,满城县,满城区,撤销满城县，设立保定市满城区,市辖区、县,county_level,满城县 | 河北省保定市 | 4月28日中华人民共和国国务院同意 | 撤销满城县，设立保定市满城区 | 满城区 | 国函〔2015〕73号,2015年中华人民共和国县级以上行政区划变更列表,https://zh.wikipedia.org/wiki/2015%E5%B9%B4%E4%B8%AD%E5%8D%8E%E4%BA%BA%E6%B0%91%E5%85%B1%E5%92%8C%E5%9B%BD%E5%8E%BF%E7%BA%A7%E4%BB%A5%E4%B8%8A%E8%A1%8C%E6%94%BF%E5%8C%BA%E5%88%92%E5%8F%98%E6%9B%B4%E5%88%97%E8%A1%A8,93253150,wikipedia_row_loose_relation,SRC-WIKI-2015,wikipedia,,revisioned_secondary
WIKI-COUNTY-2015-01-007,2015,列表 / 撤销县、县级市，设立市辖区,abolish_or_merge,保定市,CNUR-000008,清苑县、清苑区,清苑县,清苑区,撤销清苑县，设立保定市清苑区<ref>{{cite web |title=历史沿革,市辖区、县,county_level,河北省保定市 | 4月28日中华人民共和国国务院同意 | 国函〔2015〕73号 | 清苑县 | 撤销清苑县，设立保定市清苑区<ref>{{cite web |title=历史沿革 | url=http://www.qyx.gov.cn/zoujinqingyuan.html|website=清苑区人民政府|accessdate=2020-08-01|date=2019-08-17}}</ref> | 清苑区,2015年中华人民共和国县级以上行政区划变更列表,https://zh.wikipedia.org/wiki/2015%E5%B9%B4%E4%B8%AD%E5%8D%8E%E4%BA%BA%E6%B0%91%E5%85%B1%E5%92%8C%E5%9B%BD%E5%8E%BF%E7%BA%A7%E4%BB%A5%E4%B8%8A%E8%A1%8C%E6%94%BF%E5%8C%BA%E5%88%92%E5%8F%98%E6%9B%B4%E5%88%97%E8%A1%A8,93253150,wikipedia_row_loose_relation,SRC-WIKI-2015,wikipedia,,revisioned_secondary
WIKI-COUNTY-2015-01-008,2015,列表 / 撤销县、县级市，设立市辖区,abolish_or_merge,保定市,CNUR-000008,徐水县、徐水区,徐水县,徐水区,撤销徐水县，设立保定市徐水区,市辖区、县,county_level,河北省保定市 | 4月28日中华人民共和国国务院同意 | 国函〔2015〕73号 | 徐水县 | 撤销徐水县，设立保定市徐水区 | 徐水区,2015年中华人民共和国县级以上行政区划变更列表,https://zh.wikipedia.org/wiki/2015%E5%B9%B4%E4%B8%AD%E5%8D%8E%E4%BA%BA%E6%B0%91%E5%85%B1%E5%92%8C%E5%9B%BD%E5%8E%BF%E7%BA%A7%E4%BB%A5%E4%B8%8A%E8%A1%8C%E6%94%BF%E5%8C%BA%E5%88%92%E5%8F%98%E6%9B%B4%E5%88%97%E8%A1%A8,93253150,wikipedia_row_loose_relation,SRC-WIKI-2015,wikipedia,,revisioned_secondary
WIKI-COUNTY-2015-01-009,2015,列表 / 撤销县、县级市，设立市辖区,abolish_or_merge,重庆市、保定市,CNUR-000235、CNUR-000008,潼南县、潼南区,潼南县,潼南区,撤销潼南县，设立重庆市潼南区,市辖区、县,county_level,河北省保定市 | 4月28日中华人民共和国国务院同意 | 国函〔2015〕73号 | 潼南县 | 重庆市 | 4月28日中华人民共和国国务院同意 | 撤销潼南县，设立重庆市潼南区 | 潼南区 | 国函〔2015〕38号,2015年中华人民共和国县级以上行政区划变更列表,https://zh.wikipedia.org/wiki/2015%E5%B9%B4%E4%B8%AD%E5%8D%8E%E4%BA%BA%E6%B0%91%E5%85%B1%E5%92%8C%E5%9B%BD%E5%8E%BF%E7%BA%A7%E4%BB%A5%E4%B8%8A%E8%A1%8C%E6%94%BF%E5%8C%BA%E5%88%92%E5%8F%98%E6%9B%B4%E5%88%97%E8%A1%A8,93253150,wikipedia_row_loose_relation,SRC-WIKI-2015,wikipedia,,revisioned_secondary
WIKI-COUNTY-2015-01-010,2015,列表 / 撤销县、县级市，设立市辖区,abolish_or_merge,重庆市,CNUR-000235,荣昌县、荣昌区,荣昌县,荣昌区,撤销荣昌县，设立重庆市荣昌区,市辖区、县,county_level,重庆市 | 4月28日中华人民共和国国务院同意 | 国函〔2015〕38号 | 荣昌县 | 撤销荣昌县，设立重庆市荣昌区 | 荣昌区,2015年中华人民共和国县级以上行政区划变更列表,https://zh.wikipedia.org/wiki/2015%E5%B9%B4%E4%B8%AD%E5%8D%8E%E4%BA%BA%E6%B0%91%E5%85%B1%E5%92%8C%E5%9B%BD%E5%8E%BF%E7%BA%A7%E4%BB%A5%E4%B8%8A%E8%A1%8C%E6%94%BF%E5%8C%BA%E5%88%92%E5%8F%98%E6%9B%B4%E5%88%97%E8%A1%A8,93253150,wikipedia_row_loose_relation,SRC-WIKI-2015,wikipedia,,revisioned_secondary
WIKI-COUNTY-2015-01-011,2015,列表 / 撤销县、县级市，设立市辖区,abolish_or_merge,常州市、重庆市,CNUR-000077、CNUR-000235,金坛市、金坛区,金坛市,金坛区,撤销县级金坛市，设立常州市金坛区,市辖区、县,county_level,重庆市 | 4月28日中华人民共和国国务院同意 | 国函〔2015〕38号 | 金坛市 | 江苏省常州市 | 4月28日中华人民共和国国务院同意 | 撤销县级金坛市，设立常州市金坛区 | 金坛区 | 国函〔2015〕75号,2015年中华人民共和国县级以上行政区划变更列表,https://zh.wikipedia.org/wiki/2015%E5%B9%B4%E4%B8%AD%E5%8D%8E%E4%BA%BA%E6%B0%91%E5%85%B1%E5%92%8C%E5%9B%BD%E5%8E%BF%E7%BA%A7%E4%BB%A5%E4%B8%8A%E8%A1%8C%E6%94%BF%E5%8C%BA%E5%88%92%E5%8F%98%E6%9B%B4%E5%88%97%E8%A1%A8,93253150,wikipedia_row_loose_relation,SRC-WIKI-2015,wikipedia,,revisioned_secondary
WIKI-COUNTY-2015-01-012,2015,列表 / 撤销县、县级市，设立市辖区,abolish_or_merge,肇庆市,CNUR-000205,高要市、高要区,高要市,高要区,撤销县级高要市，设立肇庆市高要区,市辖区、县,county_level,高要市 | 广东省肇庆市 | 4月28日中华人民共和国国务院同意 | 撤销县级高要市，设立肇庆市高要区 | 高要区 | 国函〔2015〕76号,2015年中华人民共和国县级以上行政区划变更列表,https://zh.wikipedia.org/wiki/2015%E5%B9%B4%E4%B8%AD%E5%8D%8E%E4%BA%BA%E6%B0%91%E5%85%B1%E5%92%8C%E5%9B%BD%E5%8E%BF%E7%BA%A7%E4%BB%A5%E4%B8%8A%E8%A1%8C%E6%94%BF%E5%8C%BA%E5%88%92%E5%8F%98%E6%9B%B4%E5%88%97%E8%A1%A8,93253150,wikipedia_row_loose_relation,SRC-WIKI-2015,wikipedia,,revisioned_secondary
WIKI-COUNTY-2015-01-013,2015,列表 / 撤销县、县级市，设立市辖区,abolish_or_merge,天津市,CNUR-000002,宁河县、宁河区,宁河县,宁河区,撤销宁河县，设立天津市宁河区,市辖区、县,county_level,宁河县 | 天津市 | 7月23日中华人民共和国国务院同意 | 撤销宁河县，设立天津市宁河区 | 宁河区 | 国函〔2015〕119号,2015年中华人民共和国县级以上行政区划变更列表,https://zh.wikipedia.org/wiki/2015%E5%B9%B4%E4%B8%AD%E5%8D%8E%E4%BA%BA%E6%B0%91%E5%85%B1%E5%92%8C%E5%9B%BD%E5%8E%BF%E7%BA%A7%E4%BB%A5%E4%B8%8A%E8%A1%8C%E6%94%BF%E5%8C%BA%E5%88%92%E5%8F%98%E6%9B%B4%E5%88%97%E8%A1%A8,93253150,wikipedia_row_loose_relation,SRC-WIKI-2015,wikipedia,,revisioned_secondary
WIKI-COUNTY-2015-01-014,2015,列表 / 撤销县、县级市，设立市辖区,abolish_or_merge,天津市,CNUR-000002,静海县、静海区,静海县,静海区,撤销静海县，设立天津市静海区,市辖区、县,county_level,天津市 | 7月23日中华人民共和国国务院同意 | 国函〔2015〕119号 | 静海县 | 撤销静海县，设立天津市静海区 | 静海区,2015年中华人民共和国县级以上行政区划变更列表,https://zh.wikipedia.org/wiki/2015%E5%B9%B4%E4%B8%AD%E5%8D%8E%E4%BA%BA%E6%B0%91%E5%85%B1%E5%92%8C%E5%9B%BD%E5%8E%BF%E7%BA%A7%E4%BB%A5%E4%B8%8A%E8%A1%8C%E6%94%BF%E5%8C%BA%E5%88%92%E5%8F%98%E6%9B%B4%E5%88%97%E8%A1%A8,93253150,wikipedia_row_loose_relation,SRC-WIKI-2015,wikipedia,,revisioned_secondary
WIKI-COUNTY-2015-01-015,2015,列表 / 撤销县、县级市，设立市辖区,abolish_or_merge,盐城市、天津市,CNUR-000082、CNUR-000002,大丰市、大丰区,大丰市,大丰区,撤销县级大丰市，设立盐城市大丰区<ref>{{cite web |title=盐城调整部分行政区划获批 大丰撤市设区,市辖区、县,county_level,天津市 | 7月23日中华人民共和国国务院同意 | 国函〔2015〕119号 | 大丰市 | 江苏省盐城市 | 7月23日中华人民共和国国务院同意 | 撤销县级大丰市，设立盐城市大丰区<ref>{{cite web |title=盐城调整部分行政区划获批 大丰撤市设区 | url=https://www.sohu.com/a/28535685_123877|website=搜狐|accessdate=2020-08-01|date=2015-08-21}}</ref> | 大丰区 | 国函〔2015〕120号,2015年中华人民共和国县级以上行政区划变更列表,https://zh.wikipedia.org/wiki/2015%E5%B9%B4%E4%B8%AD%E5%8D%8E%E4%BA%BA%E6%B0%91%E5%85%B1%E5%92%8C%E5%9B%BD%E5%8E%BF%E7%BA%A7%E4%BB%A5%E4%B8%8A%E8%A1%8C%E6%94%BF%E5%8C%BA%E5%88%92%E5%8F%98%E6%9B%B4%E5%88%97%E8%A1%A8,93253150,wikipedia_row_loose_relation,SRC-WIKI-2015,wikipedia,,revisioned_secondary
WIKI-COUNTY-2015-01-016,2015,列表 / 撤销县、县级市，设立市辖区,jurisdiction_transfer,秦皇岛市,CNUR-000005,抚宁县、抚宁区,抚宁县,抚宁区,撤销抚宁县，设立秦皇岛市抚宁区；将原抚宁县的石门寨镇、驻操营镇、杜庄镇划归秦皇岛市海港区管辖；将原抚宁县的牛头崖镇划归秦皇岛市北戴河区管辖,市辖区、县,county_level,抚宁县 | 河北省秦皇岛市 | 7月23日中华人民共和国国务院同意 | 撤销抚宁县，设立秦皇岛市抚宁区；将原抚宁县的石门寨镇、驻操营镇、杜庄镇划归秦皇岛市海港区管辖；将原抚宁县的牛头崖镇划归秦皇岛市北戴河区管辖 | 抚宁区 | 国函〔2015〕121号,2015年中华人民共和国县级以上行政区划变更列表,https://zh.wikipedia.org/wiki/2015%E5%B9%B4%E4%B8%AD%E5%8D%8E%E4%BA%BA%E6%B0%91%E5%85%B1%E5%92%8C%E5%9B%BD%E5%8E%BF%E7%BA%A7%E4%BB%A5%E4%B8%8A%E8%A1%8C%E6%94%BF%E5%8C%BA%E5%88%92%E5%8F%98%E6%9B%B4%E5%88%97%E8%A1%A8,93253150,wikipedia_row_loose_relation,SRC-WIKI-2015,wikipedia,,revisioned_secondary
WIKI-COUNTY-2015-01-017,2015,列表 / 撤销县、县级市，设立市辖区,abolish_or_merge,温州市,CNUR-000089,洞头县、洞头区,洞头县,洞头区,撤销洞头县，设立温州市洞头区,市辖区、县,county_level,洞头县 | 浙江省温州市 | 7月23日中华人民共和国国务院同意 | 撤销洞头县，设立温州市洞头区 | 洞头区 | 国函〔2015〕122号,2015年中华人民共和国县级以上行政区划变更列表,https://zh.wikipedia.org/wiki/2015%E5%B9%B4%E4%B8%AD%E5%8D%8E%E4%BA%BA%E6%B0%91%E5%85%B1%E5%92%8C%E5%9B%BD%E5%8E%BF%E7%BA%A7%E4%BB%A5%E4%B8%8A%E8%A1%8C%E6%94%BF%E5%8C%BA%E5%88%92%E5%8F%98%E6%9B%B4%E5%88%97%E8%A1%A8,93253150,wikipedia_row_loose_relation,SRC-WIKI-2015,wikipedia,,revisioned_secondary
WIKI-COUNTY-2015-01-018,2015,列表 / 撤销县、县级市，设立市辖区,abolish_or_merge,南昌市,CNUR-000124,新建县、新建区,新建县,新建区,撤销新建县，设立南昌市新建区<ref>{{cite web |title=国务院批准南昌调整部分行政区划 撤销新建县设立新建区,市辖区、县,county_level,新建县 | 江西省南昌市 | 7月23日中华人民共和国国务院同意 | 撤销新建县，设立南昌市新建区<ref>{{cite web |title=国务院批准南昌调整部分行政区划 撤销新建县设立新建区 | url=https://www.sohu.com/a/25868291_149073|website=搜狐|accessdate=2020-08-01|date=2015-08-05}}</ref> | 新建区 | 国函〔2015〕123号,2015年中华人民共和国县级以上行政区划变更列表,https://zh.wikipedia.org/wiki/2015%E5%B9%B4%E4%B8%AD%E5%8D%8E%E4%BA%BA%E6%B0%91%E5%85%B1%E5%92%8C%E5%9B%BD%E5%8E%BF%E7%BA%A7%E4%BB%A5%E4%B8%8A%E8%A1%8C%E6%94%BF%E5%8C%BA%E5%88%92%E5%8F%98%E6%9B%B4%E5%88%97%E8%A1%A8,93253150,wikipedia_row_loose_relation,SRC-WIKI-2015,wikipedia,,revisioned_secondary
WIKI-COUNTY-2015-01-019,2015,列表 / 撤销县、县级市，设立市辖区,abolish_or_merge,北京市,CNUR-000001,密云县、密云区,密云县,密云区,撤销密云县，设立北京市密云区<ref name=xinhuanet>{{cite web |title=北京撤销密云县、延庆县设立密云区、延庆区,市辖区、县,county_level,密云县 | 北京市 | 10月13日中华人民共和国国务院同意 | 撤销密云县，设立北京市密云区<ref name=xinhuanet>{{cite web |title=北京撤销密云县、延庆县设立密云区、延庆区 | url=http://www.xinhuanet.com/politics/2015-11/17/c_128438688.htm|website=新华网|accessdate=2020-08-01|date=2015-11-17}}</ref> | 密云区 | 国函〔2015〕182号,2015年中华人民共和国县级以上行政区划变更列表,https://zh.wikipedia.org/wiki/2015%E5%B9%B4%E4%B8%AD%E5%8D%8E%E4%BA%BA%E6%B0%91%E5%85%B1%E5%92%8C%E5%9B%BD%E5%8E%BF%E7%BA%A7%E4%BB%A5%E4%B8%8A%E8%A1%8C%E6%94%BF%E5%8C%BA%E5%88%92%E5%8F%98%E6%9B%B4%E5%88%97%E8%A1%A8,93253150,wikipedia_row_loose_relation,SRC-WIKI-2015,wikipedia,,revisioned_secondary
WIKI-COUNTY-2015-01-020,2015,列表 / 撤销县、县级市，设立市辖区,abolish_or_merge,北京市,CNUR-000001,延庆县、延庆区,延庆县,延庆区,撤销延庆县，设立北京市延庆区,市辖区、县,county_level,北京市 | 10月13日中华人民共和国国务院同意 | 国函〔2015〕182号 | 延庆县 | 撤销延庆县，设立北京市延庆区 | 延庆区,2015年中华人民共和国县级以上行政区划变更列表,https://zh.wikipedia.org/wiki/2015%E5%B9%B4%E4%B8%AD%E5%8D%8E%E4%BA%BA%E6%B0%91%E5%85%B1%E5%92%8C%E5%9B%BD%E5%8E%BF%E7%BA%A7%E4%BB%A5%E4%B8%8A%E8%A1%8C%E6%94%BF%E5%8C%BA%E5%88%92%E5%8F%98%E6%9B%B4%E5%88%97%E8%A1%A8,93253150,wikipedia_row_loose_relation,SRC-WIKI-2015,wikipedia,,revisioned_secondary
WIKI-COUNTY-2015-01-021,2015,列表 / 撤销县、县级市，设立市辖区,abolish_or_merge,拉萨市、北京市,CNUR-000282、CNUR-000001,堆龙德庆县、堆龙德庆区,堆龙德庆县,堆龙德庆区,撤销堆龙德庆县，设立拉萨市堆龙德庆区,市辖区、县,county_level,北京市 | 10月13日中华人民共和国国务院同意 | 国函〔2015〕182号 | 堆龙德庆县 | 西藏自治区拉萨市 | 10月13日中华人民共和国国务院同意 | 撤销堆龙德庆县，设立拉萨市堆龙德庆区 | 堆龙德庆区 | 国函〔2015〕122号,2015年中华人民共和国县级以上行政区划变更列表,https://zh.wikipedia.org/wiki/2015%E5%B9%B4%E4%B8%AD%E5%8D%8E%E4%BA%BA%E6%B0%91%E5%85%B1%E5%92%8C%E5%9B%BD%E5%8E%BF%E7%BA%A7%E4%BB%A5%E4%B8%8A%E8%A1%8C%E6%94%BF%E5%8C%BA%E5%88%92%E5%8F%98%E6%9B%B4%E5%88%97%E8%A1%A8,93253150,wikipedia_row_loose_relation,SRC-WIKI-2015,wikipedia,,revisioned_secondary
WIKI-COUNTY-2015-01-022,2015,列表 / 撤销县、县级市，设立市辖区,abolish_or_merge,渭南市,CNUR-000293,华县、华州区,华县,华州区,撤销华县，设立渭南市华州区,市辖区、县,county_level,华县 | 陕西省渭南市 | 10月13日中华人民共和国国务院同意 | 撤销华县，设立渭南市华州区 | 华州区 | 国函〔2015〕186号,2015年中华人民共和国县级以上行政区划变更列表,https://zh.wikipedia.org/wiki/2015%E5%B9%B4%E4%B8%AD%E5%8D%8E%E4%BA%BA%E6%B0%91%E5%85%B1%E5%92%8C%E5%9B%BD%E5%8E%BF%E7%BA%A7%E4%BB%A5%E4%B8%8A%E8%A1%8C%E6%94%BF%E5%8C%BA%E5%88%92%E5%8F%98%E6%9B%B4%E5%88%97%E8%A1%A8,93253150,wikipedia_row_loose_relation,SRC-WIKI-2015,wikipedia,,revisioned_secondary
WIKI-COUNTY-2015-01-023,2015,列表 / 撤销县、县级市，设立市辖区,abolish_or_merge,大连市,CNUR-000038,普兰店市、普兰店区,普兰店市,普兰店区,撤销县级普兰店市，设立大连市普兰店区,市辖区、县,county_level,普兰店市 | 辽宁省大连市 | 10月13日中华人民共和国国务院同意 | 撤销县级普兰店市，设立大连市普兰店区 | 普兰店区 | 国函〔2015〕186号,2015年中华人民共和国县级以上行政区划变更列表,https://zh.wikipedia.org/wiki/2015%E5%B9%B4%E4%B8%AD%E5%8D%8E%E4%BA%BA%E6%B0%91%E5%85%B1%E5%92%8C%E5%9B%BD%E5%8E%BF%E7%BA%A7%E4%BB%A5%E4%B8%8A%E8%A1%8C%E6%94%BF%E5%8C%BA%E5%88%92%E5%8F%98%E6%9B%B4%E5%88%97%E8%A1%A8,93253150,wikipedia_row_loose_relation,SRC-WIKI-2015,wikipedia,,revisioned_secondary
WIKI-COUNTY-2015-01-024,2015,列表 / 撤销县、县级市，设立市辖区,abolish_or_merge,铜陵市,CNUR-000104,铜陵县、义安区,铜陵县,义安区,撤销铜陵县，设立铜陵市义安区<ref name=ahtlyaq>{{cite web |title=历史文化,市辖区、县,county_level,铜陵县 | 安徽省铜陵市 | 12月3日中华人民共和国国务院同意 | 撤销铜陵县，设立铜陵市义安区<ref name=ahtlyaq>{{cite web |title=历史文化 | url=http://www.ahtlyaq.gov.cn/mlya/lswh/201911/t20191126_743539.html|website=义安区人民政府|accessdate=2020-08-01|date=2019-07-18}}</ref> | 义安区 | 国函〔2015〕206号,2015年中华人民共和国县级以上行政区划变更列表,https://zh.wikipedia.org/wiki/2015%E5%B9%B4%E4%B8%AD%E5%8D%8E%E4%BA%BA%E6%B0%91%E5%85%B1%E5%92%8C%E5%9B%BD%E5%8E%BF%E7%BA%A7%E4%BB%A5%E4%B8%8A%E8%A1%8C%E6%94%BF%E5%8C%BA%E5%88%92%E5%8F%98%E6%9B%B4%E5%88%97%E8%A1%A8,93253150,wikipedia_row_loose_relation,SRC-WIKI-2015,wikipedia,,revisioned_secondary
WIKI-COUNTY-2015-01-025,2015,列表 / 撤销县、县级市，设立市辖区,abolish_or_merge,成都市,CNUR-000236,双流县、双流区,双流县,双流区,撤销双流县，设立成都市双流区,市辖区、县,county_level,双流县 | 四川省成都市 | 12月3日中华人民共和国国务院同意 | 撤销双流县，设立成都市双流区 | 双流区 | 国函〔2015〕207号,2015年中华人民共和国县级以上行政区划变更列表,https://zh.wikipedia.org/wiki/2015%E5%B9%B4%E4%B8%AD%E5%8D%8E%E4%BA%BA%E6%B0%91%E5%85%B1%E5%92%8C%E5%9B%BD%E5%8E%BF%E7%BA%A7%E4%BB%A5%E4%B8%8A%E8%A1%8C%E6%94%BF%E5%8C%BA%E5%88%92%E5%8F%98%E6%9B%B4%E5%88%97%E8%A1%A8,93253150,wikipedia_row_loose_relation,SRC-WIKI-2015,wikipedia,,revisioned_secondary
WIKI-COUNTY-2015-01-026,2015,列表 / 撤销县、县级市，设立市辖区,abolish_or_merge,玉溪市,CNUR-000268,江川县、江川区,江川县,江川区,撤销江川县，设立玉溪市江川区,市辖区、县,county_level,江川县 | 云南省玉溪市 | 12月3日中华人民共和国国务院同意 | 撤销江川县，设立玉溪市江川区 | 江川区 | 国函〔2015〕208号,2015年中华人民共和国县级以上行政区划变更列表,https://zh.wikipedia.org/wiki/2015%E5%B9%B4%E4%B8%AD%E5%8D%8E%E4%BA%BA%E6%B0%91%E5%85%B1%E5%92%8C%E5%9B%BD%E5%8E%BF%E7%BA%A7%E4%BB%A5%E4%B8%8A%E8%A1%8C%E6%94%BF%E5%8C%BA%E5%88%92%E5%8F%98%E6%9B%B4%E5%88%97%E8%A1%A8,93253150,wikipedia_row_loose_relation,SRC-WIKI-2015,wikipedia,,revisioned_secondary
WIKI-COUNTY-2015-01-027,2015,列表 / 撤销县、县级市，设立市辖区,abolish_or_merge,榆林市,CNUR-000296,横山县、横山区,横山县,横山区,撤销横山县，设立榆林市横山区<ref>{{cite web |title=横山撤县设区正式揭牌 榆林行政区划变2区10县,市辖区、县,county_level,横山县 | 陕西省榆林市 | 12月3日中华人民共和国国务院同意 | 撤销横山县，设立榆林市横山区<ref>{{cite web |title=横山撤县设区正式揭牌 榆林行政区划变2区10县 | url=https://china.huanqiu.com/article/9CaKrnJYwC0|website=环球网|accessdate=2020-08-01|date=2016-11-10}}</ref> | 横山区 | 国函〔2015〕209号,2015年中华人民共和国县级以上行政区划变更列表,https://zh.wikipedia.org/wiki/2015%E5%B9%B4%E4%B8%AD%E5%8D%8E%E4%BA%BA%E6%B0%91%E5%85%B1%E5%92%8C%E5%9B%BD%E5%8E%BF%E7%BA%A7%E4%BB%A5%E4%B8%8A%E8%A1%8C%E6%94%BF%E5%8C%BA%E5%88%92%E5%8F%98%E6%9B%B4%E5%88%97%E8%A1%A8,93253150,wikipedia_row_loose_relation,SRC-WIKI-2015,wikipedia,,revisioned_secondary
WIKI-COUNTY-2015-02-002,2015,列表 / 撤销县，设立县级市,abolish_or_merge,甘孜藏族自治州,CNUR-000255,康定县、康定市,康定县,康定市,撤销康定县，设立县级康定市,县,county_level,康定县 | 四川省甘孜藏族自治州 | 2月17日中华人民共和国民政部同意 | 撤销康定县，设立县级康定市 | 康定市 | 民函〔2015〕70号,2015年中华人民共和国县级以上行政区划变更列表,https://zh.wikipedia.org/wiki/2015%E5%B9%B4%E4%B8%AD%E5%8D%8E%E4%BA%BA%E6%B0%91%E5%85%B1%E5%92%8C%E5%9B%BD%E5%8E%BF%E7%BA%A7%E4%BB%A5%E4%B8%8A%E8%A1%8C%E6%94%BF%E5%8C%BA%E5%88%92%E5%8F%98%E6%9B%B4%E5%88%97%E8%A1%A8,93253150,wikipedia_row_loose_relation,SRC-WIKI-2015,wikipedia,,revisioned_secondary
WIKI-COUNTY-2015-02-003,2015,列表 / 撤销县，设立县级市,abolish_or_merge,百色市,CNUR-000226,靖西县、靖西市,靖西县,靖西市,撤销靖西县，设立县级靖西市,县,county_level,靖西县 | 广西壮族自治区百色市 | 8月1日中华人民共和国国民政部同意 | 撤销靖西县，设立县级靖西市 | 靖西市 | 民函〔2015〕247号,2015年中华人民共和国县级以上行政区划变更列表,https://zh.wikipedia.org/wiki/2015%E5%B9%B4%E4%B8%AD%E5%8D%8E%E4%BA%BA%E6%B0%91%E5%85%B1%E5%92%8C%E5%9B%BD%E5%8E%BF%E7%BA%A7%E4%BB%A5%E4%B8%8A%E8%A1%8C%E6%94%BF%E5%8C%BA%E5%88%92%E5%8F%98%E6%9B%B4%E5%88%97%E8%A1%A8,93253150,wikipedia_row_loose_relation,SRC-WIKI-2015,wikipedia,,revisioned_secondary
WIKI-COUNTY-2015-02-004,2015,列表 / 撤销县，设立县级市,abolish_or_merge,保山市,CNUR-000269,腾冲县、腾冲市,腾冲县,腾冲市,撤销腾冲县，设立县级腾冲市,县,county_level,腾冲县 | 云南省保山市 | 8月1日中华人民共和国国民政部同意 | 撤销腾冲县，设立县级腾冲市 | 腾冲市 | 民函〔2015〕248号,2015年中华人民共和国县级以上行政区划变更列表,https://zh.wikipedia.org/wiki/2015%E5%B9%B4%E4%B8%AD%E5%8D%8E%E4%BA%BA%E6%B0%91%E5%85%B1%E5%92%8C%E5%9B%BD%E5%8E%BF%E7%BA%A7%E4%BB%A5%E4%B8%8A%E8%A1%8C%E6%94%BF%E5%8C%BA%E5%88%92%E5%8F%98%E6%9B%B4%E5%88%97%E8%A1%A8,93253150,wikipedia_row_loose_relation,SRC-WIKI-2015,wikipedia,,revisioned_secondary
WIKI-COUNTY-2015-02-005,2015,列表 / 撤销县，设立县级市,abolish_or_merge,阿坝藏族羌族自治州,CNUR-000254,马尔康县、马尔康市,马尔康县,马尔康市,撤销马尔康县，设立县级马尔康市,县,county_level,马尔康县 | 四川省阿坝藏族羌族自治州 | 11月2日中华人民共和国国民政部同意 | 撤销马尔康县，设立县级马尔康市 | 马尔康市 | 民函〔2015〕321号,2015年中华人民共和国县级以上行政区划变更列表,https://zh.wikipedia.org/wiki/2015%E5%B9%B4%E4%B8%AD%E5%8D%8E%E4%BA%BA%E6%B0%91%E5%85%B1%E5%92%8C%E5%9B%BD%E5%8E%BF%E7%BA%A7%E4%BB%A5%E4%B8%8A%E8%A1%8C%E6%94%BF%E5%8C%BA%E5%88%92%E5%8F%98%E6%9B%B4%E5%88%97%E8%A1%A8,93253150,wikipedia_row_loose_relation,SRC-WIKI-2015,wikipedia,,revisioned_secondary
WIKI-COUNTY-2015-02-006,2015,列表 / 撤销县，设立县级市,abolish_or_merge,牡丹江市,CNUR-000069,东宁县、东宁市,东宁县,东宁市,撤销东宁县，设立县级东宁市,县,county_level,东宁县 | 黑龙江省牡丹江市 | 12月15日中华人民共和国国民政部同意 | 撤销东宁县，设立县级东宁市 | 东宁市 | 民函〔2015〕361号,2015年中华人民共和国县级以上行政区划变更列表,https://zh.wikipedia.org/wiki/2015%E5%B9%B4%E4%B8%AD%E5%8D%8E%E4%BA%BA%E6%B0%91%E5%85%B1%E5%92%8C%E5%9B%BD%E5%8E%BF%E7%BA%A7%E4%BB%A5%E4%B8%8A%E8%A1%8C%E6%94%BF%E5%8C%BA%E5%88%92%E5%8F%98%E6%9B%B4%E5%88%97%E8%A1%A8,93253150,wikipedia_row_loose_relation,SRC-WIKI-2015,wikipedia,,revisioned_secondary
WIKI-COUNTY-2015-04-002,2015,列表 / 政府驻地变更,residence_change,沈阳市,CNUR-000037,,,,沈阳市人民政府驻地由沈阳市沈河区市府大路260号迁至沈阳市浑南区沈中大街206-3号市规划大厦3号楼,,untyped_county_record,沈阳市 | 辽宁省 | 9月12日中华人民共和国国务院同意 | 沈阳市人民政府驻地由沈阳市沈河区市府大路260号迁至沈阳市浑南区沈中大街206-3号市规划大厦3号楼 | 国函〔2015〕145号,2015年中华人民共和国县级以上行政区划变更列表,https://zh.wikipedia.org/wiki/2015%E5%B9%B4%E4%B8%AD%E5%8D%8E%E4%BA%BA%E6%B0%91%E5%85%B1%E5%92%8C%E5%9B%BD%E5%8E%BF%E7%BA%A7%E4%BB%A5%E4%B8%8A%E8%A1%8C%E6%94%BF%E5%8C%BA%E5%88%92%E5%8F%98%E6%9B%B4%E5%88%97%E8%A1%A8,93253150,wikipedia_row_loose_relation,SRC-WIKI-2015,wikipedia,,revisioned_secondary
WIKI-COUNTY-2015-04-003,2015,列表 / 政府驻地变更,residence_change,昭通市,CNUR-000270,盐津县,盐津县,,盐津县人民政府驻地由盐井镇政通路14号迁至盐井镇通和路7号,县,county_level,盐津县 | 云南省昭通市 | 12月15日中华人民共和国民政部同意 | 盐津县人民政府驻地由盐井镇政通路14号迁至盐井镇通和路7号 | 民函〔2015〕360号,2015年中华人民共和国县级以上行政区划变更列表,https://zh.wikipedia.org/wiki/2015%E5%B9%B4%E4%B8%AD%E5%8D%8E%E4%BA%BA%E6%B0%91%E5%85%B1%E5%92%8C%E5%9B%BD%E5%8E%BF%E7%BA%A7%E4%BB%A5%E4%B8%8A%E8%A1%8C%E6%94%BF%E5%8C%BA%E5%88%92%E5%8F%98%E6%9B%B4%E5%88%97%E8%A1%A8,93253150,wikipedia_row_loose_relation,SRC-WIKI-2015,wikipedia,,revisioned_secondary
WIKI-COUNTY-2015-05-002,2015,列表 / 其它,abolish_or_merge,儋州市,CNUR-000234,,儋州市,儋州市,撤销县级儋州市，设立地级儋州市,县,county_level,儋州市（县级） | 海南省 | 2月19日中华人民共和国国务院同意 | 撤销县级儋州市，设立地级儋州市 | 儋州市（地级） | 国函〔2015〕41号,2015年中华人民共和国县级以上行政区划变更列表,https://zh.wikipedia.org/wiki/2015%E5%B9%B4%E4%B8%AD%E5%8D%8E%E4%BA%BA%E6%B0%91%E5%85%B1%E5%92%8C%E5%9B%BD%E5%8E%BF%E7%BA%A7%E4%BB%A5%E4%B8%8A%E8%A1%8C%E6%94%BF%E5%8C%BA%E5%88%92%E5%8F%98%E6%9B%B4%E5%88%97%E8%A1%A8,93253150,wikipedia_row_loose_relation,SRC-WIKI-2015,wikipedia,,revisioned_secondary
WIKI-COUNTY-2015-05-003,2015,列表 / 其它,establish,,,可克达拉市,,可克达拉市,设立县级可克达拉市，由新疆维吾尔自治区直辖,县,county_level,无 | 新疆维吾尔自治区 | 3月16日中华人民共和国国务院同意 | 设立县级可克达拉市，由新疆维吾尔自治区直辖 | 可克达拉市 | 国函〔2015〕53号,2015年中华人民共和国县级以上行政区划变更列表,https://zh.wikipedia.org/wiki/2015%E5%B9%B4%E4%B8%AD%E5%8D%8E%E4%BA%BA%E6%B0%91%E5%85%B1%E5%92%8C%E5%9B%BD%E5%8E%BF%E7%BA%A7%E4%BB%A5%E4%B8%8A%E8%A1%8C%E6%94%BF%E5%8C%BA%E5%88%92%E5%8F%98%E6%9B%B4%E5%88%97%E8%A1%A8,93253150,wikipedia_row_unlinked,SRC-WIKI-2015,wikipedia,,revisioned_secondary
WIKI-COUNTY-2015-05-004,2015,列表 / 其它,abolish_or_merge,保定市,CNUR-000008,北市区、南市区、莲池区,北市区、南市区,莲池区,撤销保定市北市区、南市区，设立保定市莲池区,市辖区,county_level,北市区；南市区 | 河北省保定市 | 4月28日中华人民共和国国务院同意 | 撤销保定市北市区、南市区，设立保定市莲池区 | 莲池区 | 国函〔2015〕73号,2015年中华人民共和国县级以上行政区划变更列表,https://zh.wikipedia.org/wiki/2015%E5%B9%B4%E4%B8%AD%E5%8D%8E%E4%BA%BA%E6%B0%91%E5%85%B1%E5%92%8C%E5%9B%BD%E5%8E%BF%E7%BA%A7%E4%BB%A5%E4%B8%8A%E8%A1%8C%E6%94%BF%E5%8C%BA%E5%88%92%E5%8F%98%E6%9B%B4%E5%88%97%E8%A1%A8,93253150,wikipedia_row_loose_relation,SRC-WIKI-2015,wikipedia,,revisioned_secondary
WIKI-COUNTY-2015-05-005,2015,列表 / 其它,rename,保定市,CNUR-000008,新市区、竞秀区,新市区,竞秀区,新市区更名为竞秀区,市辖区,county_level,河北省保定市 | 4月28日中华人民共和国国务院同意 | 国函〔2015〕73号 | 新市区 | 新市区更名为竞秀区 | 竞秀区,2015年中华人民共和国县级以上行政区划变更列表,https://zh.wikipedia.org/wiki/2015%E5%B9%B4%E4%B8%AD%E5%8D%8E%E4%BA%BA%E6%B0%91%E5%85%B1%E5%92%8C%E5%9B%BD%E5%8E%BF%E7%BA%A7%E4%BB%A5%E4%B8%8A%E8%A1%8C%E6%94%BF%E5%8C%BA%E5%88%92%E5%8F%98%E6%9B%B4%E5%88%97%E8%A1%A8,93253150,wikipedia_row_loose_relation,SRC-WIKI-2015,wikipedia,,revisioned_secondary
WIKI-COUNTY-2015-05-006,2015,列表 / 其它,jurisdiction_transfer,常州市、保定市,CNUR-000077、CNUR-000008,武进区、戚墅堰区,武进区、戚墅堰区,武进区,撤销常州市武进区和戚墅堰区，设立新的武进区；将原武进区的奔牛镇划归常州市新北区管辖,市辖区,county_level,河北省保定市 | 4月28日中华人民共和国国务院同意 | 国函〔2015〕73号 | 武进区；戚墅堰区 | 江苏省常州市 | 4月28日中华人民共和国国务院同意 | 撤销常州市武进区和戚墅堰区，设立新的武进区；将原武进区的奔牛镇划归常州市新北区管辖 | 武进区 | 国函〔2015〕75号,2015年中华人民共和国县级以上行政区划变更列表,https://zh.wikipedia.org/wiki/2015%E5%B9%B4%E4%B8%AD%E5%8D%8E%E4%BA%BA%E6%B0%91%E5%85%B1%E5%92%8C%E5%9B%BD%E5%8E%BF%E7%BA%A7%E4%BB%A5%E4%B8%8A%E8%A1%8C%E6%94%BF%E5%8C%BA%E5%88%92%E5%8F%98%E6%9B%B4%E5%88%97%E8%A1%A8,93253150,wikipedia_row_loose_relation,SRC-WIKI-2015,wikipedia,,revisioned_secondary
WIKI-COUNTY-2015-05-007,2015,列表 / 其它,jurisdiction_transfer,安庆市、铜陵市,CNUR-000105、CNUR-000104,枞阳县,枞阳县,枞阳县,将安庆市枞阳县划归铜陵市管辖,县,county_level,安庆市枞阳县 | 安徽省 | 10月13日中华人民共和国国务院同意 | 将安庆市枞阳县划归铜陵市管辖 | 铜陵市枞阳县 | 国函〔2015〕181号,2015年中华人民共和国县级以上行政区划变更列表,https://zh.wikipedia.org/wiki/2015%E5%B9%B4%E4%B8%AD%E5%8D%8E%E4%BA%BA%E6%B0%91%E5%85%B1%E5%92%8C%E5%9B%BD%E5%8E%BF%E7%BA%A7%E4%BB%A5%E4%B8%8A%E8%A1%8C%E6%94%BF%E5%8C%BA%E5%88%92%E5%8F%98%E6%9B%B4%E5%88%97%E8%A1%A8,93253150,wikipedia_row_loose_relation,SRC-WIKI-2015,wikipedia,,revisioned_secondary
WIKI-COUNTY-2015-05-008,2015,列表 / 其它,abolish_or_merge,铜陵市,CNUR-000104,铜官山区、狮子山区、铜官区,铜官山区、狮子山区,铜官区,撤销铜陵市铜官山区、狮子山区，设立铜陵市铜官区,市辖区,county_level,10月13日中华人民共和国国务院同意 | 国函〔2015〕181号 | 铜官山区；狮子山区 | 安徽省铜陵市 | 撤销铜陵市铜官山区、狮子山区，设立铜陵市铜官区 | 铜官区,2015年中华人民共和国县级以上行政区划变更列表,https://zh.wikipedia.org/wiki/2015%E5%B9%B4%E4%B8%AD%E5%8D%8E%E4%BA%BA%E6%B0%91%E5%85%B1%E5%92%8C%E5%9B%BD%E5%8E%BF%E7%BA%A7%E4%BB%A5%E4%B8%8A%E8%A1%8C%E6%94%BF%E5%8C%BA%E5%88%92%E5%8F%98%E6%9B%B4%E5%88%97%E8%A1%A8,93253150,wikipedia_row_loose_relation,SRC-WIKI-2015,wikipedia,,revisioned_secondary
WIKI-COUNTY-2015-05-009,2015,列表 / 其它,jurisdiction_transfer,六安市,CNUR-000111,霍邱县、叶集区,,叶集区,设立六安市叶集区；将霍邱县的叶集镇、三元镇、孙岗乡划归叶集区管辖,市辖区、县,county_level,10月13日中华人民共和国国务院同意 | 国函〔2015〕181号 | 无 | 安徽省六安市 | 设立六安市叶集区；将霍邱县的叶集镇、三元镇、孙岗乡划归叶集区管辖 | 叶集区,2015年中华人民共和国县级以上行政区划变更列表,https://zh.wikipedia.org/wiki/2015%E5%B9%B4%E4%B8%AD%E5%8D%8E%E4%BA%BA%E6%B0%91%E5%85%B1%E5%92%8C%E5%9B%BD%E5%8E%BF%E7%BA%A7%E4%BB%A5%E4%B8%8A%E8%A1%8C%E6%94%BF%E5%8C%BA%E5%88%92%E5%8F%98%E6%9B%B4%E5%88%97%E8%A1%A8,93253150,wikipedia_row_loose_relation,SRC-WIKI-2015,wikipedia,,revisioned_secondary
WIKI-COUNTY-2015-05-010,2015,列表 / 其它,abolish_or_merge,上海市,CNUR-000073,闸北区、静安区,闸北区、静安区,静安区,撤销上海市闸北区、静安区，设立新的静安区,市辖区,county_level,10月13日中华人民共和国国务院同意 | 国函〔2015〕181号 | 闸北区；静安区 | 上海市 | 10月13日中华人民共和国国务院同意 | 撤销上海市闸北区、静安区，设立新的静安区 | 静安区 | 国函〔2015〕183号,2015年中华人民共和国县级以上行政区划变更列表,https://zh.wikipedia.org/wiki/2015%E5%B9%B4%E4%B8%AD%E5%8D%8E%E4%BA%BA%E6%B0%91%E5%85%B1%E5%92%8C%E5%9B%BD%E5%8E%BF%E7%BA%A7%E4%BB%A5%E4%B8%8A%E8%A1%8C%E6%94%BF%E5%8C%BA%E5%88%92%E5%8F%98%E6%9B%B4%E5%88%97%E8%A1%A8,93253150,wikipedia_row_loose_relation,SRC-WIKI-2015,wikipedia,,revisioned_secondary
WIKI-COUNTY-2015-05-011,2015,列表 / 其它,abolish_or_merge,无锡市,CNUR-000075,崇安区、南长区、北塘区、梁溪区,崇安区、南长区、北塘区,梁溪区,撤销无锡市崇安区、南长区、北塘区，设立无锡市梁溪区,市辖区,county_level,崇安区；南长区；北塘区 | 江苏省无锡市 | 10月13日中华人民共和国国务院同意 | 撤销无锡市崇安区、南长区、北塘区，设立无锡市梁溪区 | 梁溪区 | 国函〔2015〕184号,2015年中华人民共和国县级以上行政区划变更列表,https://zh.wikipedia.org/wiki/2015%E5%B9%B4%E4%B8%AD%E5%8D%8E%E4%BA%BA%E6%B0%91%E5%85%B1%E5%92%8C%E5%9B%BD%E5%8E%BF%E7%BA%A7%E4%BB%A5%E4%B8%8A%E8%A1%8C%E6%94%BF%E5%8C%BA%E5%88%92%E5%8F%98%E6%9B%B4%E5%88%97%E8%A1%A8,93253150,wikipedia_row_loose_relation,SRC-WIKI-2015,wikipedia,,revisioned_secondary
WIKI-COUNTY-2015-05-012,2015,列表 / 其它,jurisdiction_transfer,无锡市,CNUR-000075,锡山区、滨湖区、新吴区,,新吴区,设立无锡市新吴区，将无锡市锡山区的鸿山街道和；滨湖区的江溪、旺庄、硕放、梅村、新安5个街道划归新吴区管辖,市辖区,county_level,江苏省无锡市 | 10月13日中华人民共和国国务院同意 | 国函〔2015〕184号 | 无 | 设立无锡市新吴区，将无锡市锡山区的鸿山街道和；滨湖区的江溪、旺庄、硕放、梅村、新安5个街道划归新吴区管辖 | 新吴区,2015年中华人民共和国县级以上行政区划变更列表,https://zh.wikipedia.org/wiki/2015%E5%B9%B4%E4%B8%AD%E5%8D%8E%E4%BA%BA%E6%B0%91%E5%85%B1%E5%92%8C%E5%9B%BD%E5%8E%BF%E7%BA%A7%E4%BB%A5%E4%B8%8A%E8%A1%8C%E6%94%BF%E5%8C%BA%E5%88%92%E5%8F%98%E6%9B%B4%E5%88%97%E8%A1%A8,93253150,wikipedia_row_loose_relation,SRC-WIKI-2015,wikipedia,,revisioned_secondary
WIKI-COUNTY-2015-05-013,2015,列表 / 其它,jurisdiction_transfer,六安市、无锡市、淮南市,CNUR-000111、CNUR-000075、CNUR-000101,寿县,寿县,寿县,将六安市寿县划归淮南市管辖,县,county_level,江苏省无锡市 | 10月13日中华人民共和国国务院同意 | 国函〔2015〕184号 | 六安市寿县 | 安徽省 | 12月3日中华人民共和国国务院同意 | 将六安市寿县划归淮南市管辖 | 淮南市寿县 | 国函〔2015〕206号,2015年中华人民共和国县级以上行政区划变更列表,https://zh.wikipedia.org/wiki/2015%E5%B9%B4%E4%B8%AD%E5%8D%8E%E4%BA%BA%E6%B0%91%E5%85%B1%E5%92%8C%E5%9B%BD%E5%8E%BF%E7%BA%A7%E4%BB%A5%E4%B8%8A%E8%A1%8C%E6%94%BF%E5%8C%BA%E5%88%92%E5%8F%98%E6%9B%B4%E5%88%97%E8%A1%A8,93253150,wikipedia_row_loose_relation,SRC-WIKI-2015,wikipedia,,revisioned_secondary
WIKI-COUNTY-2016-01-002,2016,列表 / 撤销县、县级市，设立市辖区,abolish_or_merge,张家口市,CNUR-000009,万全县、万全区,万全县,万全区,撤销万全县，设立张家口市万全区,市辖区、县,county_level,万全县 | 河北省张家口市 | 1月7日中华人民共和国国务院同意；1月27日张家口市部分行政区划调整工作动员大会公布 | 撤销万全县，设立张家口市万全区 | 万全区 | 国函〔2016〕5号,2016年中华人民共和国县级以上行政区划变更列表,https://zh.wikipedia.org/wiki/2016%E5%B9%B4%E4%B8%AD%E5%8D%8E%E4%BA%BA%E6%B0%91%E5%85%B1%E5%92%8C%E5%9B%BD%E5%8E%BF%E7%BA%A7%E4%BB%A5%E4%B8%8A%E8%A1%8C%E6%94%BF%E5%8C%BA%E5%88%92%E5%8F%98%E6%9B%B4%E5%88%97%E8%A1%A8,77572371,wikipedia_row_loose_relation,SRC-WIKI-2016,wikipedia,,revisioned_secondary
WIKI-COUNTY-2016-01-003,2016,列表 / 撤销县、县级市，设立市辖区,abolish_or_merge,张家口市,CNUR-000009,崇礼县、崇礼区,崇礼县,崇礼区,撤销崇礼县，设立张家口市崇礼区,市辖区、县,county_level,河北省张家口市 | 1月7日中华人民共和国国务院同意；1月27日张家口市部分行政区划调整工作动员大会公布 | 国函〔2016〕5号 | 崇礼县 | 撤销崇礼县，设立张家口市崇礼区 | 崇礼区,2016年中华人民共和国县级以上行政区划变更列表,https://zh.wikipedia.org/wiki/2016%E5%B9%B4%E4%B8%AD%E5%8D%8E%E4%BA%BA%E6%B0%91%E5%85%B1%E5%92%8C%E5%9B%BD%E5%8E%BF%E7%BA%A7%E4%BB%A5%E4%B8%8A%E8%A1%8C%E6%94%BF%E5%8C%BA%E5%88%92%E5%8F%98%E6%9B%B4%E5%88%97%E8%A1%A8,77572371,wikipedia_row_loose_relation,SRC-WIKI-2016,wikipedia,,revisioned_secondary
WIKI-COUNTY-2016-01-004,2016,列表 / 撤销县、县级市，设立市辖区,abolish_or_merge,张家口市、沈阳市,CNUR-000009、CNUR-000037,辽中县、辽中区,辽中县,辽中区,撤销辽中县，设立沈阳市辽中区,市辖区、县,county_level,河北省张家口市 | 1月7日中华人民共和国国务院同意；1月27日张家口市部分行政区划调整工作动员大会公布 | 国函〔2016〕5号 | 辽中县 | 辽宁省沈阳市 | 1月7日中华人民共和国国务院同意；4月11日公布 | 撤销辽中县，设立沈阳市辽中区 | 辽中区 | 国函〔2016〕6号,2016年中华人民共和国县级以上行政区划变更列表,https://zh.wikipedia.org/wiki/2016%E5%B9%B4%E4%B8%AD%E5%8D%8E%E4%BA%BA%E6%B0%91%E5%85%B1%E5%92%8C%E5%9B%BD%E5%8E%BF%E7%BA%A7%E4%BB%A5%E4%B8%8A%E8%A1%8C%E6%94%BF%E5%8C%BA%E5%88%92%E5%8F%98%E6%9B%B4%E5%88%97%E8%A1%A8,77572371,wikipedia_row_loose_relation,SRC-WIKI-2016,wikipedia,,revisioned_secondary
WIKI-COUNTY-2016-01-005,2016,列表 / 撤销县、县级市，设立市辖区,abolish_or_merge,菏泽市,CNUR-000151,定陶县、定陶区,定陶县,定陶区,撤销定陶县，设立菏泽市定陶区,市辖区、县,county_level,定陶县 | 山东省菏泽市 | 1月7日中华人民共和国国务院同意；3月31日山东省人民政府公布 | 撤销定陶县，设立菏泽市定陶区 | 定陶区 | 国函〔2016〕7号,2016年中华人民共和国县级以上行政区划变更列表,https://zh.wikipedia.org/wiki/2016%E5%B9%B4%E4%B8%AD%E5%8D%8E%E4%BA%BA%E6%B0%91%E5%85%B1%E5%92%8C%E5%9B%BD%E5%8E%BF%E7%BA%A7%E4%BB%A5%E4%B8%8A%E8%A1%8C%E6%94%BF%E5%8C%BA%E5%88%92%E5%8F%98%E6%9B%B4%E5%88%97%E8%A1%A8,77572371,wikipedia_row_loose_relation,SRC-WIKI-2016,wikipedia,,revisioned_secondary
WIKI-COUNTY-2016-01-006,2016,列表 / 撤销县、县级市，设立市辖区,abolish_or_merge,盘锦市,CNUR-000047,大洼县、大洼区,大洼县,大洼区,撤销大洼县，设立盘锦市大洼区,市辖区、县,county_level,大洼县 | 辽宁省盘锦市 | 3月20日中华人民共和国国务院同意；4月6日公布 | 撤销大洼县，设立盘锦市大洼区 | 大洼区 | 国函〔2016〕53号,2016年中华人民共和国县级以上行政区划变更列表,https://zh.wikipedia.org/wiki/2016%E5%B9%B4%E4%B8%AD%E5%8D%8E%E4%BA%BA%E6%B0%91%E5%85%B1%E5%92%8C%E5%9B%BD%E5%8E%BF%E7%BA%A7%E4%BB%A5%E4%B8%8A%E8%A1%8C%E6%94%BF%E5%8C%BA%E5%88%92%E5%8F%98%E6%9B%B4%E5%88%97%E8%A1%A8,77572371,wikipedia_row_loose_relation,SRC-WIKI-2016,wikipedia,,revisioned_secondary
WIKI-COUNTY-2016-01-007,2016,列表 / 撤销县、县级市，设立市辖区,abolish_or_merge,曲靖市,CNUR-000267,沾益县、沾益区,沾益县,沾益区,撤销沾益县，设立曲靖市沾益区,市辖区、县,county_level,沾益县 | 云南省曲靖市 | 3月20日中华人民共和国国务院同意；4月19日云南省人民政府公布 | 撤销沾益县，设立曲靖市沾益区 | 沾益区 | 国函〔2016〕54号,2016年中华人民共和国县级以上行政区划变更列表,https://zh.wikipedia.org/wiki/2016%E5%B9%B4%E4%B8%AD%E5%8D%8E%E4%BA%BA%E6%B0%91%E5%85%B1%E5%92%8C%E5%9B%BD%E5%8E%BF%E7%BA%A7%E4%BB%A5%E4%B8%8A%E8%A1%8C%E6%94%BF%E5%8C%BA%E5%88%92%E5%8F%98%E6%9B%B4%E5%88%97%E8%A1%A8,77572371,wikipedia_row_loose_relation,SRC-WIKI-2016,wikipedia,,revisioned_secondary
WIKI-COUNTY-2016-01-008,2016,列表 / 撤销县、县级市，设立市辖区,abolish_or_merge,柳州市,CNUR-000218,柳江县、柳江区,柳江县,柳江区,撤销柳江县，设立柳州市柳江区,市辖区、县,county_level,柳江县 | 广西壮族自治区柳州市 | 3月20日中华人民共和国国务院同意；2017年1月6日柳州市柳江区成立大会公布 | 撤销柳江县，设立柳州市柳江区 | 柳江区 | 国函〔2016〕55号,2016年中华人民共和国县级以上行政区划变更列表,https://zh.wikipedia.org/wiki/2016%E5%B9%B4%E4%B8%AD%E5%8D%8E%E4%BA%BA%E6%B0%91%E5%85%B1%E5%92%8C%E5%9B%BD%E5%8E%BF%E7%BA%A7%E4%BB%A5%E4%B8%8A%E8%A1%8C%E6%94%BF%E5%8C%BA%E5%88%92%E5%8F%98%E6%9B%B4%E5%88%97%E8%A1%A8,77572371,wikipedia_row_loose_relation,SRC-WIKI-2016,wikipedia,,revisioned_secondary
WIKI-COUNTY-2016-01-009,2016,列表 / 撤销县、县级市，设立市辖区,jurisdiction_transfer,遵义市,CNUR-000259,遵义县、汇川区、红花岗区、播州区,遵义县,播州区,撤销遵义县，设立遵义市播州区；将原遵义县的山盆镇、芝麻镇、沙湾镇、毛石镇、松林镇划归遵义市汇川区管辖；将原遵义县的新舟镇、虾子镇、三渡镇、永乐镇、喇叭镇和遵义市汇川区的北京路街道；划归遵义市红花岗区管辖,市辖区、县,county_level,遵义县 | 贵州省遵义市 | 3月20日中华人民共和国国务院同意；4月4日公布 | 撤销遵义县，设立遵义市播州区；将原遵义县的山盆镇、芝麻镇、沙湾镇、毛石镇、松林镇划归遵义市汇川区管辖；将原遵义县的新舟镇、虾子镇、三渡镇、永乐镇、喇叭镇和遵义市汇川区的北京路街道；划归遵义市红花岗区管辖 | 播州区 | 国函〔2016〕56号,2016年中华人民共和国县级以上行政区划变更列表,https://zh.wikipedia.org/wiki/2016%E5%B9%B4%E4%B8%AD%E5%8D%8E%E4%BA%BA%E6%B0%91%E5%85%B1%E5%92%8C%E5%9B%BD%E5%8E%BF%E7%BA%A7%E4%BB%A5%E4%B8%8A%E8%A1%8C%E6%94%BF%E5%8C%BA%E5%88%92%E5%8F%98%E6%9B%B4%E5%88%97%E8%A1%A8,77572371,wikipedia_row_loose_relation,SRC-WIKI-2016,wikipedia,,revisioned_secondary
WIKI-COUNTY-2016-01-010,2016,列表 / 撤销县、县级市，设立市辖区,abolish_or_merge,绵阳市,CNUR-000241,安县、安州区,安县,安州区,撤销安县，设立绵阳市安州区,市辖区、县,county_level,安县 | 四川省绵阳市 | 3月20日中华人民共和国国务院同意；4月23日四川省人民政府公布 | 撤销安县，设立绵阳市安州区 | 安州区 | 国函〔2016〕57号,2016年中华人民共和国县级以上行政区划变更列表,https://zh.wikipedia.org/wiki/2016%E5%B9%B4%E4%B8%AD%E5%8D%8E%E4%BA%BA%E6%B0%91%E5%85%B1%E5%92%8C%E5%9B%BD%E5%8E%BF%E7%BA%A7%E4%BB%A5%E4%B8%8A%E8%A1%8C%E6%94%BF%E5%8C%BA%E5%88%92%E5%8F%98%E6%9B%B4%E5%88%97%E8%A1%A8,77572371,wikipedia_row_loose_relation,SRC-WIKI-2016,wikipedia,,revisioned_secondary
WIKI-COUNTY-2016-01-011,2016,列表 / 撤销县、县级市，设立市辖区,abolish_or_merge,上海市,CNUR-000073,崇明县、崇明区,崇明县,崇明区,撤销崇明县，设立上海市崇明区,市辖区、县,county_level,崇明县 | 上海市 | 6月8日中华人民共和国国务院同意；7月22日崇明撤县设区工作大会公布 | 撤销崇明县，设立上海市崇明区 | 崇明区 | 国函〔2016〕97号,2016年中华人民共和国县级以上行政区划变更列表,https://zh.wikipedia.org/wiki/2016%E5%B9%B4%E4%B8%AD%E5%8D%8E%E4%BA%BA%E6%B0%91%E5%85%B1%E5%92%8C%E5%9B%BD%E5%8E%BF%E7%BA%A7%E4%BB%A5%E4%B8%8A%E8%A1%8C%E6%94%BF%E5%8C%BA%E5%88%92%E5%8F%98%E6%9B%B4%E5%88%97%E8%A1%A8,77572371,wikipedia_row_loose_relation,SRC-WIKI-2016,wikipedia,,revisioned_secondary
WIKI-COUNTY-2016-01-012,2016,列表 / 撤销县、县级市，设立市辖区,abolish_or_merge,天津市,CNUR-000002,蓟县、蓟州区,蓟县,蓟州区,撤销蓟县，设立天津市蓟州区,市辖区、县,county_level,蓟县 | 天津市 | 6月8日中华人民共和国国务院同意；7月28日公布 | 撤销蓟县，设立天津市蓟州区 | 蓟州区 | 国函〔2016〕98号,2016年中华人民共和国县级以上行政区划变更列表,https://zh.wikipedia.org/wiki/2016%E5%B9%B4%E4%B8%AD%E5%8D%8E%E4%BA%BA%E6%B0%91%E5%85%B1%E5%92%8C%E5%9B%BD%E5%8E%BF%E7%BA%A7%E4%BB%A5%E4%B8%8A%E8%A1%8C%E6%94%BF%E5%8C%BA%E5%88%92%E5%8F%98%E6%9B%B4%E5%88%97%E8%A1%A8,77572371,wikipedia_row_loose_relation,SRC-WIKI-2016,wikipedia,,revisioned_secondary
WIKI-COUNTY-2016-01-013,2016,列表 / 撤销县、县级市，设立市辖区,abolish_or_merge,重庆市,CNUR-000235,开县、开州区,开县,开州区,撤销开县，设立重庆市开州区,市辖区、县,county_level,开县 | 重庆市 | 6月8日中华人民共和国国务院同意；6月28日重庆市四届人大常委会召开第二十六次会议公布 | 撤销开县，设立重庆市开州区 | 开州区 | 国函〔2016〕99号,2016年中华人民共和国县级以上行政区划变更列表,https://zh.wikipedia.org/wiki/2016%E5%B9%B4%E4%B8%AD%E5%8D%8E%E4%BA%BA%E6%B0%91%E5%85%B1%E5%92%8C%E5%9B%BD%E5%8E%BF%E7%BA%A7%E4%BB%A5%E4%B8%8A%E8%A1%8C%E6%94%BF%E5%8C%BA%E5%88%92%E5%8F%98%E6%9B%B4%E5%88%97%E8%A1%A8,77572371,wikipedia_row_loose_relation,SRC-WIKI-2016,wikipedia,,revisioned_secondary
WIKI-COUNTY-2016-01-014,2016,列表 / 撤销县、县级市，设立市辖区,abolish_or_merge,淮安市,CNUR-000081,洪泽县、洪泽区,洪泽县,洪泽区,撤销洪泽县，设立淮安市洪泽区,市辖区、县,county_level,洪泽县 | 江苏省淮安市 | 6月8日中华人民共和国国务院同意；8月2日江苏省人民政府公布 | 撤销洪泽县，设立淮安市洪泽区 | 洪泽区 | 国函〔2016〕100号,2016年中华人民共和国县级以上行政区划变更列表,https://zh.wikipedia.org/wiki/2016%E5%B9%B4%E4%B8%AD%E5%8D%8E%E4%BA%BA%E6%B0%91%E5%85%B1%E5%92%8C%E5%9B%BD%E5%8E%BF%E7%BA%A7%E4%BB%A5%E4%B8%8A%E8%A1%8C%E6%94%BF%E5%8C%BA%E5%88%92%E5%8F%98%E6%9B%B4%E5%88%97%E8%A1%A8,77572371,wikipedia_row_loose_relation,SRC-WIKI-2016,wikipedia,,revisioned_secondary
WIKI-COUNTY-2016-01-015,2016,列表 / 撤销县、县级市，设立市辖区,abolish_or_merge,衡水市,CNUR-000013,冀州市、冀州区,冀州市,冀州区,撤销县级冀州市，设立衡水市冀州区,市辖区、县,county_level,冀州市 | 河北省衡水市 | 6月8日中华人民共和国国务院同意；7月5日衡水市部分行政区划调整动员大会公布 | 撤销县级冀州市，设立衡水市冀州区 | 冀州区 | 国函〔2016〕103号,2016年中华人民共和国县级以上行政区划变更列表,https://zh.wikipedia.org/wiki/2016%E5%B9%B4%E4%B8%AD%E5%8D%8E%E4%BA%BA%E6%B0%91%E5%85%B1%E5%92%8C%E5%9B%BD%E5%8E%BF%E7%BA%A7%E4%BB%A5%E4%B8%8A%E8%A1%8C%E6%94%BF%E5%8C%BA%E5%88%92%E5%8F%98%E6%9B%B4%E5%88%97%E8%A1%A8,77572371,wikipedia_row_loose_relation,SRC-WIKI-2016,wikipedia,,revisioned_secondary
WIKI-COUNTY-2016-01-016,2016,列表 / 撤销县、县级市，设立市辖区,abolish_or_merge,延安市,CNUR-000294,安塞县、安塞区,安塞县,安塞区,撤销安塞县，设立延安市安塞区,市辖区、县,county_level,安塞县 | 陕西省延安市 | 6月8日中华人民共和国国务院同意；7月15日公布 | 撤销安塞县，设立延安市安塞区 | 安塞区 | 国函〔2016〕104号,2016年中华人民共和国县级以上行政区划变更列表,https://zh.wikipedia.org/wiki/2016%E5%B9%B4%E4%B8%AD%E5%8D%8E%E4%BA%BA%E6%B0%91%E5%85%B1%E5%92%8C%E5%9B%BD%E5%8E%BF%E7%BA%A7%E4%BB%A5%E4%B8%8A%E8%A1%8C%E6%94%BF%E5%8C%BA%E5%88%92%E5%8F%98%E6%9B%B4%E5%88%97%E8%A1%A8,77572371,wikipedia_row_loose_relation,SRC-WIKI-2016,wikipedia,,revisioned_secondary
WIKI-COUNTY-2016-01-017,2016,列表 / 撤销县、县级市，设立市辖区,abolish_or_merge,东营市,CNUR-000139,垦利县、垦利区,垦利县,垦利区,撤销垦利县，设立东营市垦利区,市辖区、县,county_level,垦利县 | 山东省东营市 | 6月8日中华人民共和国国务院同意；7月19日山东省人民政府公布 | 撤销垦利县，设立东营市垦利区 | 垦利区 | 国函〔2016〕105号,2016年中华人民共和国县级以上行政区划变更列表,https://zh.wikipedia.org/wiki/2016%E5%B9%B4%E4%B8%AD%E5%8D%8E%E4%BA%BA%E6%B0%91%E5%85%B1%E5%92%8C%E5%9B%BD%E5%8E%BF%E7%BA%A7%E4%BB%A5%E4%B8%8A%E8%A1%8C%E6%94%BF%E5%8C%BA%E5%88%92%E5%8F%98%E6%9B%B4%E5%88%97%E8%A1%A8,77572371,wikipedia_row_loose_relation,SRC-WIKI-2016,wikipedia,,revisioned_secondary
WIKI-COUNTY-2016-01-018,2016,列表 / 撤销县、县级市，设立市辖区,abolish_or_merge,济南市,CNUR-000135,章丘市、章丘区,章丘市,章丘区,撤销县级章丘市，设立济南市章丘区,市辖区、县,county_level,章丘市 | 山东省济南市 | 9月14日中华人民共和国国务院同意；9月26日公布 | 撤销县级章丘市，设立济南市章丘区 | 章丘区 | 国函〔2016〕155号,2016年中华人民共和国县级以上行政区划变更列表,https://zh.wikipedia.org/wiki/2016%E5%B9%B4%E4%B8%AD%E5%8D%8E%E4%BA%BA%E6%B0%91%E5%85%B1%E5%92%8C%E5%9B%BD%E5%8E%BF%E7%BA%A7%E4%BB%A5%E4%B8%8A%E8%A1%8C%E6%94%BF%E5%8C%BA%E5%88%92%E5%8F%98%E6%9B%B4%E5%88%97%E8%A1%A8,77572371,wikipedia_row_loose_relation,SRC-WIKI-2016,wikipedia,,revisioned_secondary
WIKI-COUNTY-2016-01-019,2016,列表 / 撤销县、县级市，设立市辖区,abolish_or_merge,赣州市,CNUR-000130,赣县、赣县区,赣县,赣县区,撤销赣县，设立赣州市赣县区,市辖区、县,county_level,赣县 | 江西省赣州市 | 9月14日中华人民共和国国务院同意；10月17日江西省人民政府公布 | 撤销赣县，设立赣州市赣县区 | 赣县区 | 国函〔2016〕156号,2016年中华人民共和国县级以上行政区划变更列表,https://zh.wikipedia.org/wiki/2016%E5%B9%B4%E4%B8%AD%E5%8D%8E%E4%BA%BA%E6%B0%91%E5%85%B1%E5%92%8C%E5%9B%BD%E5%8E%BF%E7%BA%A7%E4%BB%A5%E4%B8%8A%E8%A1%8C%E6%94%BF%E5%8C%BA%E5%88%92%E5%8F%98%E6%9B%B4%E5%88%97%E8%A1%A8,77572371,wikipedia_row_loose_relation,SRC-WIKI-2016,wikipedia,,revisioned_secondary
WIKI-COUNTY-2016-01-020,2016,列表 / 撤销县、县级市，设立市辖区,abolish_or_merge,邯郸市,CNUR-000006,肥乡县、肥乡区,肥乡县,肥乡区,撤销肥乡县，设立邯郸市肥乡区,市辖区、县,county_level,肥乡县 | 河北省邯郸市 | 9月14日中华人民共和国国务院同意；10月8日公布 | 撤销肥乡县，设立邯郸市肥乡区 | 肥乡区 | 国函〔2016〕157号,2016年中华人民共和国县级以上行政区划变更列表,https://zh.wikipedia.org/wiki/2016%E5%B9%B4%E4%B8%AD%E5%8D%8E%E4%BA%BA%E6%B0%91%E5%85%B1%E5%92%8C%E5%9B%BD%E5%8E%BF%E7%BA%A7%E4%BB%A5%E4%B8%8A%E8%A1%8C%E6%94%BF%E5%8C%BA%E5%88%92%E5%8F%98%E6%9B%B4%E5%88%97%E8%A1%A8,77572371,wikipedia_row_loose_relation,SRC-WIKI-2016,wikipedia,,revisioned_secondary
WIKI-COUNTY-2016-01-021,2016,列表 / 撤销县、县级市，设立市辖区,jurisdiction_transfer,邯郸市,CNUR-000006,永年县、丛台区、永年区,永年县,永年区,撤销永年县，设立邯郸市永年区；将原永年县南沿村镇、小西堡乡、姚寨乡划归邯郸市丛台区管辖,市辖区、县,county_level,河北省邯郸市 | 9月14日中华人民共和国国务院同意；10月8日公布 | 国函〔2016〕157号 | 永年县 | 撤销永年县，设立邯郸市永年区；将原永年县南沿村镇、小西堡乡、姚寨乡划归邯郸市丛台区管辖 | 永年区,2016年中华人民共和国县级以上行政区划变更列表,https://zh.wikipedia.org/wiki/2016%E5%B9%B4%E4%B8%AD%E5%8D%8E%E4%BA%BA%E6%B0%91%E5%85%B1%E5%92%8C%E5%9B%BD%E5%8E%BF%E7%BA%A7%E4%BB%A5%E4%B8%8A%E8%A1%8C%E6%94%BF%E5%8C%BA%E5%88%92%E5%8F%98%E6%9B%B4%E5%88%97%E8%A1%A8,77572371,wikipedia_row_loose_relation,SRC-WIKI-2016,wikipedia,,revisioned_secondary
WIKI-COUNTY-2016-01-022,2016,列表 / 撤销县、县级市，设立市辖区,abolish_or_merge,邯郸市、宁波市,CNUR-000006、CNUR-000088,奉化市、奉化区,奉化市,奉化区,撤销县级奉化市，设立宁波市奉化区,市辖区、县,county_level,河北省邯郸市 | 9月14日中华人民共和国国务院同意；10月8日公布 | 国函〔2016〕157号 | 奉化市 | 浙江省宁波市 | 9月14日中华人民共和国国务院同意；9月28日浙江省人民政府公布 | 撤销县级奉化市，设立宁波市奉化区 | 奉化区 | 国函〔2016〕158号,2016年中华人民共和国县级以上行政区划变更列表,https://zh.wikipedia.org/wiki/2016%E5%B9%B4%E4%B8%AD%E5%8D%8E%E4%BA%BA%E6%B0%91%E5%85%B1%E5%92%8C%E5%9B%BD%E5%8E%BF%E7%BA%A7%E4%BB%A5%E4%B8%8A%E8%A1%8C%E6%94%BF%E5%8C%BA%E5%88%92%E5%8F%98%E6%9B%B4%E5%88%97%E8%A1%A8,77572371,wikipedia_row_loose_relation,SRC-WIKI-2016,wikipedia,,revisioned_secondary
WIKI-COUNTY-2016-01-023,2016,列表 / 撤销县、县级市，设立市辖区,abolish_or_merge,重庆市,CNUR-000235,梁平县、梁平区,梁平县,梁平区,撤销梁平县，设立重庆市梁平区,市辖区、县,county_level,梁平县 | 重庆市 | 11月24日中华人民共和国国务院同意；12月2日重庆市四届人大常委会公布 | 撤销梁平县，设立重庆市梁平区 | 梁平区 | 国函〔2016〕185号,2016年中华人民共和国县级以上行政区划变更列表,https://zh.wikipedia.org/wiki/2016%E5%B9%B4%E4%B8%AD%E5%8D%8E%E4%BA%BA%E6%B0%91%E5%85%B1%E5%92%8C%E5%9B%BD%E5%8E%BF%E7%BA%A7%E4%BB%A5%E4%B8%8A%E8%A1%8C%E6%94%BF%E5%8C%BA%E5%88%92%E5%8F%98%E6%9B%B4%E5%88%97%E8%A1%A8,77572371,wikipedia_row_loose_relation,SRC-WIKI-2016,wikipedia,,revisioned_secondary
WIKI-COUNTY-2016-01-024,2016,列表 / 撤销县、县级市，设立市辖区,abolish_or_merge,重庆市,CNUR-000235,武隆县、武隆区,武隆县,武隆区,撤销武隆县，设立重庆市武隆区,市辖区、县,county_level,重庆市 | 11月24日中华人民共和国国务院同意；12月2日重庆市四届人大常委会公布 | 国函〔2016〕185号 | 武隆县 | 撤销武隆县，设立重庆市武隆区 | 武隆区,2016年中华人民共和国县级以上行政区划变更列表,https://zh.wikipedia.org/wiki/2016%E5%B9%B4%E4%B8%AD%E5%8D%8E%E4%BA%BA%E6%B0%91%E5%85%B1%E5%92%8C%E5%9B%BD%E5%8E%BF%E7%BA%A7%E4%BB%A5%E4%B8%8A%E8%A1%8C%E6%94%BF%E5%8C%BA%E5%88%92%E5%8F%98%E6%9B%B4%E5%88%97%E8%A1%A8,77572371,wikipedia_row_loose_relation,SRC-WIKI-2016,wikipedia,,revisioned_secondary
WIKI-COUNTY-2016-01-025,2016,列表 / 撤销县、县级市，设立市辖区,abolish_or_merge,重庆市、成都市,CNUR-000235、CNUR-000236,郫县、郫都区,郫县,郫都区,撤销郫县，设立成都市郫都区,市辖区、县,county_level,重庆市 | 11月24日中华人民共和国国务院同意；12月2日重庆市四届人大常委会公布 | 国函〔2016〕185号 | 郫县 | 四川省成都市 | 11月24日中华人民共和国国务院同意；12月7日四川省人民政府公布 | 撤销郫县，设立成都市郫都区 | 郫都区 | 国函〔2016〕186号,2016年中华人民共和国县级以上行政区划变更列表,https://zh.wikipedia.org/wiki/2016%E5%B9%B4%E4%B8%AD%E5%8D%8E%E4%BA%BA%E6%B0%91%E5%85%B1%E5%92%8C%E5%9B%BD%E5%8E%BF%E7%BA%A7%E4%BB%A5%E4%B8%8A%E8%A1%8C%E6%94%BF%E5%8C%BA%E5%88%92%E5%8F%98%E6%9B%B4%E5%88%97%E8%A1%A8,77572371,wikipedia_row_loose_relation,SRC-WIKI-2016,wikipedia,,revisioned_secondary
WIKI-COUNTY-2016-01-026,2016,列表 / 撤销县、县级市，设立市辖区,abolish_or_merge,昆明市,CNUR-000266,晋宁县、晋宁区,晋宁县,晋宁区,撤销晋宁县，设立昆明市晋宁区,市辖区、县,county_level,晋宁县 | 云南省昆明市 | 11月24日中华人民共和国国务院同意；12月22日云南省人民政府公布 | 撤销晋宁县，设立昆明市晋宁区 | 晋宁区 | 国函〔2016〕187号,2016年中华人民共和国县级以上行政区划变更列表,https://zh.wikipedia.org/wiki/2016%E5%B9%B4%E4%B8%AD%E5%8D%8E%E4%BA%BA%E6%B0%91%E5%85%B1%E5%92%8C%E5%9B%BD%E5%8E%BF%E7%BA%A7%E4%BB%A5%E4%B8%8A%E8%A1%8C%E6%94%BF%E5%8C%BA%E5%88%92%E5%8F%98%E6%9B%B4%E5%88%97%E8%A1%A8,77572371,wikipedia_row_loose_relation,SRC-WIKI-2016,wikipedia,,revisioned_secondary
WIKI-COUNTY-2016-01-027,2016,列表 / 撤销县、县级市，设立市辖区,abolish_or_merge,西安市,CNUR-000289,户县、鄠邑区,户县,鄠邑区,撤销户县，设立西安市鄠邑区,市辖区、县,county_level,户县 | 陕西省西安市 | 11月24日中华人民共和国国务院同意；12月30日陕西省人民政府公布 | 撤销户县，设立西安市鄠邑区 | 鄠邑区 | 国函〔2016〕188号,2016年中华人民共和国县级以上行政区划变更列表,https://zh.wikipedia.org/wiki/2016%E5%B9%B4%E4%B8%AD%E5%8D%8E%E4%BA%BA%E6%B0%91%E5%85%B1%E5%92%8C%E5%9B%BD%E5%8E%BF%E7%BA%A7%E4%BB%A5%E4%B8%8A%E8%A1%8C%E6%94%BF%E5%8C%BA%E5%88%92%E5%8F%98%E6%9B%B4%E5%88%97%E8%A1%A8,77572371,wikipedia_row_loose_relation,SRC-WIKI-2016,wikipedia,,revisioned_secondary
WIKI-COUNTY-2016-01-028,2016,列表 / 撤销县、县级市，设立市辖区,abolish_or_merge,许昌市,CNUR-000161,许昌县、建安区,许昌县,建安区,撤销许昌县，设立许昌市建安区,市辖区、县,county_level,许昌县 | 河南省许昌市 | 11月24日中华人民共和国国务院同意；2017年2月5日许昌市建安区成立大会公布 | 撤销许昌县，设立许昌市建安区 | 建安区 | 国函〔2016〕189号,2016年中华人民共和国县级以上行政区划变更列表,https://zh.wikipedia.org/wiki/2016%E5%B9%B4%E4%B8%AD%E5%8D%8E%E4%BA%BA%E6%B0%91%E5%85%B1%E5%92%8C%E5%9B%BD%E5%8E%BF%E7%BA%A7%E4%BB%A5%E4%B8%8A%E8%A1%8C%E6%94%BF%E5%8C%BA%E5%88%92%E5%8F%98%E6%9B%B4%E5%88%97%E8%A1%A8,77572371,wikipedia_row_loose_relation,SRC-WIKI-2016,wikipedia,,revisioned_secondary
WIKI-COUNTY-2016-01-029,2016,列表 / 撤销县、县级市，设立市辖区,abolish_or_merge,河池市,CNUR-000228,宜州区,,宜州区,撤销宜州市，设立河池市宜州区,市辖区,county_level,宜州市 | 广西壮族自治区河池市 | 11月24日中华人民共和国国务院同意；2017年7月26日河池市宜州区成立大会公布 | 撤销宜州市，设立河池市宜州区 | 宜州区 | 国函〔2016〕190号,2016年中华人民共和国县级以上行政区划变更列表,https://zh.wikipedia.org/wiki/2016%E5%B9%B4%E4%B8%AD%E5%8D%8E%E4%BA%BA%E6%B0%91%E5%85%B1%E5%92%8C%E5%9B%BD%E5%8E%BF%E7%BA%A7%E4%BB%A5%E4%B8%8A%E8%A1%8C%E6%94%BF%E5%8C%BA%E5%88%92%E5%8F%98%E6%9B%B4%E5%88%97%E8%A1%A8,77572371,wikipedia_row_loose_relation,SRC-WIKI-2016,wikipedia,,revisioned_secondary
WIKI-COUNTY-2016-01-030,2016,列表 / 撤销县、县级市，设立市辖区,abolish_or_merge,抚州市,CNUR-000133,东乡县、东乡区,东乡县,东乡区,撤销东乡县，设立抚州市东乡区,市辖区、县,county_level,东乡县 | 江西省抚州市 | 11月24日中华人民共和国国务院同意；2017年3月5日东乡撤县设区新闻发布会公布 | 撤销东乡县，设立抚州市东乡区 | 东乡区 | 国函〔2016〕191号,2016年中华人民共和国县级以上行政区划变更列表,https://zh.wikipedia.org/wiki/2016%E5%B9%B4%E4%B8%AD%E5%8D%8E%E4%BA%BA%E6%B0%91%E5%85%B1%E5%92%8C%E5%9B%BD%E5%8E%BF%E7%BA%A7%E4%BB%A5%E4%B8%8A%E8%A1%8C%E6%94%BF%E5%8C%BA%E5%88%92%E5%8F%98%E6%9B%B4%E5%88%97%E8%A1%A8,77572371,wikipedia_row_loose_relation,SRC-WIKI-2016,wikipedia,,revisioned_secondary
WIKI-COUNTY-2016-02-002,2016,列表 / 撤销县，设立县级市,abolish_or_merge,佳木斯市,CNUR-000067,抚远县、抚远市,抚远县,抚远市,撤销抚远县，设立县级抚远市,县,county_level,抚远县 | 黑龙江省佳木斯市 | 1月13日中华人民共和国民政部同意；1月15日中共抚远县委办公室微信公众号“东极抚远”发布 | 撤销抚远县，设立县级抚远市 | 抚远市 | 民函〔2016〕14号,2016年中华人民共和国县级以上行政区划变更列表,https://zh.wikipedia.org/wiki/2016%E5%B9%B4%E4%B8%AD%E5%8D%8E%E4%BA%BA%E6%B0%91%E5%85%B1%E5%92%8C%E5%9B%BD%E5%8E%BF%E7%BA%A7%E4%BB%A5%E4%B8%8A%E8%A1%8C%E6%94%BF%E5%8C%BA%E5%88%92%E5%8F%98%E6%9B%B4%E5%88%97%E8%A1%A8,77572371,wikipedia_row_loose_relation,SRC-WIKI-2016,wikipedia,,revisioned_secondary
WIKI-COUNTY-2016-02-003,2016,列表 / 撤销县，设立县级市,jurisdiction_transfer,九江市,CNUR-000127,星子县、庐山市,星子县,庐山市,撤销星子县，设立县级庐山市；将九江市庐山区牯岭镇划归庐山市管辖,县,county_level,星子县 | 江西省九江市 | 3月20日中华人民共和国国务院同意；5月12日江西省人民政府公布 | 撤销星子县，设立县级庐山市；将九江市庐山区牯岭镇划归庐山市管辖 | 庐山市 | 国函〔2016〕58号,2016年中华人民共和国县级以上行政区划变更列表,https://zh.wikipedia.org/wiki/2016%E5%B9%B4%E4%B8%AD%E5%8D%8E%E4%BA%BA%E6%B0%91%E5%85%B1%E5%92%8C%E5%9B%BD%E5%8E%BF%E7%BA%A7%E4%BB%A5%E4%B8%8A%E8%A1%8C%E6%94%BF%E5%8C%BA%E5%88%92%E5%8F%98%E6%9B%B4%E5%88%97%E8%A1%A8,77572371,wikipedia_row_loose_relation,SRC-WIKI-2016,wikipedia,,revisioned_secondary
WIKI-COUNTY-2016-02-004,2016,列表 / 撤销县，设立县级市,abolish_or_merge,怒江傈僳族自治州,CNUR-000280,泸水县、泸水市,泸水县,泸水市,撤销泸水县，设立县级泸水市,县,county_level,泸水县 | 云南省怒江傈僳族自治州 | 6月16日中华人民共和国民政部同意；7月14日云南省人民政府公布 | 撤销泸水县，设立县级泸水市 | 泸水市 | 民函〔2016〕176号,2016年中华人民共和国县级以上行政区划变更列表,https://zh.wikipedia.org/wiki/2016%E5%B9%B4%E4%B8%AD%E5%8D%8E%E4%BA%BA%E6%B0%91%E5%85%B1%E5%92%8C%E5%9B%BD%E5%8E%BF%E7%BA%A7%E4%BB%A5%E4%B8%8A%E8%A1%8C%E6%94%BF%E5%8C%BA%E5%88%92%E5%8F%98%E6%9B%B4%E5%88%97%E8%A1%A8,77572371,wikipedia_row_loose_relation,SRC-WIKI-2016,wikipedia,,revisioned_secondary
WIKI-COUNTY-2016-03-002,2016,列表 / 县级单位合并,jurisdiction_transfer,张家口市,CNUR-000009,宣化区、宣化县、桥东区、桥西区,宣化区、宣化县,宣化区,撤销张家口市宣化区和宣化县，设立新的张家口市宣化区；将原宣化县的大仓盖镇、东望山乡划归张家口市桥东区管辖；将原宣化县的沙岭子镇、姚家房镇划归张家口市桥西区管辖,市辖区、县,county_level,宣化区；宣化县 | 河北省张家口市 | 1月7日中华人民共和国国务院同意；1月27日张家口市部分行政区划调整工作动员大会公布 | 撤销张家口市宣化区和宣化县，设立新的张家口市宣化区；将原宣化县的大仓盖镇、东望山乡划归张家口市桥东区管辖；将原宣化县的沙岭子镇、姚家房镇划归张家口市桥西区管辖 | 宣化区 | 国函〔2016〕5号,2016年中华人民共和国县级以上行政区划变更列表,https://zh.wikipedia.org/wiki/2016%E5%B9%B4%E4%B8%AD%E5%8D%8E%E4%BA%BA%E6%B0%91%E5%85%B1%E5%92%8C%E5%9B%BD%E5%8E%BF%E7%BA%A7%E4%BB%A5%E4%B8%8A%E8%A1%8C%E6%94%BF%E5%8C%BA%E5%88%92%E5%8F%98%E6%9B%B4%E5%88%97%E8%A1%A8,77572371,wikipedia_row_loose_relation,SRC-WIKI-2016,wikipedia,,revisioned_secondary
WIKI-COUNTY-2016-03-003,2016,列表 / 县级单位合并,merge,淮安市,CNUR-000081,清河区、清浦区、清江浦区,清河区、清浦区,清江浦区,撤销淮安市清河区、清浦区，设立淮安市清江浦区,市辖区,county_level,清河区；清浦区 | 江苏省淮安市 | 6月8日中华人民共和国国务院同意；8月2日江苏省人民政府公布 | 撤销淮安市清河区、清浦区，设立淮安市清江浦区 | 清江浦区 | 国函〔2016〕100号,2016年中华人民共和国县级以上行政区划变更列表,https://zh.wikipedia.org/wiki/2016%E5%B9%B4%E4%B8%AD%E5%8D%8E%E4%BA%BA%E6%B0%91%E5%85%B1%E5%92%8C%E5%9B%BD%E5%8E%BF%E7%BA%A7%E4%BB%A5%E4%B8%8A%E8%A1%8C%E6%94%BF%E5%8C%BA%E5%88%92%E5%8F%98%E6%9B%B4%E5%88%97%E8%A1%A8,77572371,wikipedia_row_loose_relation,SRC-WIKI-2016,wikipedia,,revisioned_secondary
WIKI-COUNTY-2016-03-004,2016,列表 / 县级单位合并,jurisdiction_transfer,宁波市,CNUR-000088,鄞州区、江东区,鄞州区、江东区,鄞州区,撤销宁波市江东区，将原江东区管辖的行政区域划归宁波市鄞州区管辖,市辖区,county_level,鄞州区；江东区 | 浙江省宁波市 | 9月14日中华人民共和国国务院同意；9月28日浙江省人民政府公布 | 撤销宁波市江东区，将原江东区管辖的行政区域划归宁波市鄞州区管辖 | 鄞州区 | 国函〔2016〕158号,2016年中华人民共和国县级以上行政区划变更列表,https://zh.wikipedia.org/wiki/2016%E5%B9%B4%E4%B8%AD%E5%8D%8E%E4%BA%BA%E6%B0%91%E5%85%B1%E5%92%8C%E5%9B%BD%E5%8E%BF%E7%BA%A7%E4%BB%A5%E4%B8%8A%E8%A1%8C%E6%94%BF%E5%8C%BA%E5%88%92%E5%8F%98%E6%9B%B4%E5%88%97%E8%A1%A8,77572371,wikipedia_row_loose_relation,SRC-WIKI-2016,wikipedia,,revisioned_secondary
WIKI-COUNTY-2016-05-002,2016,列表 / 乡镇调整,jurisdiction_transfer,邯郸市,CNUR-000006,磁县、邯山区,磁县,邯山区,将磁县高臾镇、光禄镇、辛庄营乡、花官营乡、台城乡划归邯郸市邯山区管辖,市辖区、县,county_level,磁县 | 河北省邯郸市 | 9月14日中华人民共和国国务院同意；10月8日公布 | 将磁县高臾镇、光禄镇、辛庄营乡、花官营乡、台城乡划归邯郸市邯山区管辖 | 邯山区 | 国函〔2016〕157号,2016年中华人民共和国县级以上行政区划变更列表,https://zh.wikipedia.org/wiki/2016%E5%B9%B4%E4%B8%AD%E5%8D%8E%E4%BA%BA%E6%B0%91%E5%85%B1%E5%92%8C%E5%9B%BD%E5%8E%BF%E7%BA%A7%E4%BB%A5%E4%B8%8A%E8%A1%8C%E6%94%BF%E5%8C%BA%E5%88%92%E5%8F%98%E6%9B%B4%E5%88%97%E8%A1%A8,77572371,wikipedia_row_loose_relation,SRC-WIKI-2016,wikipedia,,revisioned_secondary
WIKI-COUNTY-2016-05-003,2016,列表 / 乡镇调整,jurisdiction_transfer,宁波市,CNUR-000088,鄞州区、海曙区,鄞州区,海曙区,将鄞州区的集士港镇、古林镇、高桥镇、横街镇、鄞江镇、；洞桥镇、章水镇、龙观乡、石碶街道划归宁波市海曙区管辖,市辖区,county_level,鄞州区 | 浙江省宁波市 | 9月14日中华人民共和国国务院同意；9月28日浙江省人民政府公布 | 将鄞州区的集士港镇、古林镇、高桥镇、横街镇、鄞江镇、；洞桥镇、章水镇、龙观乡、石碶街道划归宁波市海曙区管辖 | 海曙区 | 国函〔2016〕158号,2016年中华人民共和国县级以上行政区划变更列表,https://zh.wikipedia.org/wiki/2016%E5%B9%B4%E4%B8%AD%E5%8D%8E%E4%BA%BA%E6%B0%91%E5%85%B1%E5%92%8C%E5%9B%BD%E5%8E%BF%E7%BA%A7%E4%BB%A5%E4%B8%8A%E8%A1%8C%E6%94%BF%E5%8C%BA%E5%88%92%E5%8F%98%E6%9B%B4%E5%88%97%E8%A1%A8,77572371,wikipedia_row_loose_relation,SRC-WIKI-2016,wikipedia,,revisioned_secondary
WIKI-COUNTY-2016-06-002,2016,列表 / 政府驻地变更,residence_change,合肥市,CNUR-000098,,,,安徽省 | 无 | 1月11日中华人民共和国国务院同意；3月17日公布 | 安徽省人民政府由合肥市庐阳区长江路221号迁移至合肥市包河区中山路1号 | 国函〔2011〕15号,,untyped_county_record,安徽省 | 无 | 1月11日中华人民共和国国务院同意；3月17日公布 | 安徽省人民政府由合肥市庐阳区长江路221号迁移至合肥市包河区中山路1号 | 国函〔2011〕15号,2016年中华人民共和国县级以上行政区划变更列表,https://zh.wikipedia.org/wiki/2016%E5%B9%B4%E4%B8%AD%E5%8D%8E%E4%BA%BA%E6%B0%91%E5%85%B1%E5%92%8C%E5%9B%BD%E5%8E%BF%E7%BA%A7%E4%BB%A5%E4%B8%8A%E8%A1%8C%E6%94%BF%E5%8C%BA%E5%88%92%E5%8F%98%E6%9B%B4%E5%88%97%E8%A1%A8,77572371,wikipedia_row_loose_relation,SRC-WIKI-2016,wikipedia,,revisioned_secondary
WIKI-COUNTY-2016-06-003,2016,列表 / 政府驻地变更,residence_change,石家庄市,CNUR-000003,,,,河北省人民政府驻地由石家庄市桥西区维明南大街46号迁至石家庄市长安区裕华东路113号,,untyped_county_record,河北省 | 无 | 3月29日中华人民共和国民政部同意；5月1日河北省人民政府公布 | 河北省人民政府驻地由石家庄市桥西区维明南大街46号迁至石家庄市长安区裕华东路113号 | 国函〔2016〕60号,2016年中华人民共和国县级以上行政区划变更列表,https://zh.wikipedia.org/wiki/2016%E5%B9%B4%E4%B8%AD%E5%8D%8E%E4%BA%BA%E6%B0%91%E5%85%B1%E5%92%8C%E5%9B%BD%E5%8E%BF%E7%BA%A7%E4%BB%A5%E4%B8%8A%E8%A1%8C%E6%94%BF%E5%8C%BA%E5%88%92%E5%8F%98%E6%9B%B4%E5%88%97%E8%A1%A8,77572371,wikipedia_row_loose_relation,SRC-WIKI-2016,wikipedia,,revisioned_secondary
WIKI-COUNTY-2016-06-004,2016,列表 / 政府驻地变更,residence_change,杭州市,CNUR-000087,,,,杭州市 | 浙江省 | 9月16日中华人民共和国民政部同意；9月30日浙江省人民政府公布 | 杭州市人民政府驻地由拱墅区环城北路318号迁移至江干区解放东路18号 | 国函〔2016〕160号,,untyped_county_record,杭州市 | 浙江省 | 9月16日中华人民共和国民政部同意；9月30日浙江省人民政府公布 | 杭州市人民政府驻地由拱墅区环城北路318号迁移至江干区解放东路18号 | 国函〔2016〕160号,2016年中华人民共和国县级以上行政区划变更列表,https://zh.wikipedia.org/wiki/2016%E5%B9%B4%E4%B8%AD%E5%8D%8E%E4%BA%BA%E6%B0%91%E5%85%B1%E5%92%8C%E5%9B%BD%E5%8E%BF%E7%BA%A7%E4%BB%A5%E4%B8%8A%E8%A1%8C%E6%94%BF%E5%8C%BA%E5%88%92%E5%8F%98%E6%9B%B4%E5%88%97%E8%A1%A8,77572371,wikipedia_row_loose_relation,SRC-WIKI-2016,wikipedia,,revisioned_secondary
WIKI-COUNTY-2016-07-002,2016,列表 / 其它,establish,,,昆玉市,,昆玉市,设立县级昆玉市，由新疆维吾尔自治区直辖,县,county_level,无 | 新疆维吾尔自治区 | 1月7日中华人民共和国国务院同意；1月20日公布 | 设立县级昆玉市，由新疆维吾尔自治区直辖 | 昆玉市 | 国函〔2016〕10号,2016年中华人民共和国县级以上行政区划变更列表,https://zh.wikipedia.org/wiki/2016%E5%B9%B4%E4%B8%AD%E5%8D%8E%E4%BA%BA%E6%B0%91%E5%85%B1%E5%92%8C%E5%9B%BD%E5%8E%BF%E7%BA%A7%E4%BB%A5%E4%B8%8A%E8%A1%8C%E6%94%BF%E5%8C%BA%E5%88%92%E5%8F%98%E6%9B%B4%E5%88%97%E8%A1%A8,77572371,wikipedia_row_unlinked,SRC-WIKI-2016,wikipedia,,revisioned_secondary
WIKI-COUNTY-2016-07-003,2016,列表 / 其它,rename,九江市,CNUR-000127,庐山区、濂溪区,庐山区,濂溪区,将九江市庐山区更名为濂溪区,市辖区,county_level,庐山区 | 江西省九江市 | 3月20日中华人民共和国国务院同意；5月12日江西省人民政府公布 | 将九江市庐山区更名为濂溪区 | 濂溪区 | 国函〔2016〕58号,2016年中华人民共和国县级以上行政区划变更列表,https://zh.wikipedia.org/wiki/2016%E5%B9%B4%E4%B8%AD%E5%8D%8E%E4%BA%BA%E6%B0%91%E5%85%B1%E5%92%8C%E5%9B%BD%E5%8E%BF%E7%BA%A7%E4%BB%A5%E4%B8%8A%E8%A1%8C%E6%94%BF%E5%8C%BA%E5%88%92%E5%8F%98%E6%9B%B4%E5%88%97%E8%A1%A8,77572371,wikipedia_row_loose_relation,SRC-WIKI-2016,wikipedia,,revisioned_secondary
WIKI-COUNTY-2016-07-004,2016,列表 / 其它,county_change,成都市、资阳市,CNUR-000236、CNUR-000253,简阳市,资阳市、简阳市,成都市、简阳市,将资阳市代管的县级简阳市改由成都市代管,县,county_level,资阳市简阳市 | 四川省 | 5月3日中华人民共和国国务院同意；5月16日四川省人民政府公布 | 将资阳市代管的县级简阳市改由成都市代管 | 成都市简阳市 | 国函〔2016〕78号,2016年中华人民共和国县级以上行政区划变更列表,https://zh.wikipedia.org/wiki/2016%E5%B9%B4%E4%B8%AD%E5%8D%8E%E4%BA%BA%E6%B0%91%E5%85%B1%E5%92%8C%E5%9B%BD%E5%8E%BF%E7%BA%A7%E4%BB%A5%E4%B8%8A%E8%A1%8C%E6%94%BF%E5%8C%BA%E5%88%92%E5%8F%98%E6%9B%B4%E5%88%97%E8%A1%A8,77572371,wikipedia_row_loose_relation,SRC-WIKI-2016,wikipedia,,revisioned_secondary
WIKI-COUNTY-2016-07-005,2016,列表 / 其它,jurisdiction_transfer,贺州市,CNUR-000227,平桂区,,平桂区,设立贺州市平桂区，将贺州市八步区的黄田镇、鹅塘镇、沙田镇、公会镇、；水口镇、望高镇、羊头镇、大平瑶族乡、西湾街道划归平桂区管辖,市辖区,county_level,无 | 广西壮族自治区贺州市 | 6月8日中华人民共和国国务院同意；7月11日平桂管理区四家班子联席（扩大）会议公布 | 设立贺州市平桂区，将贺州市八步区的黄田镇、鹅塘镇、沙田镇、公会镇、；水口镇、望高镇、羊头镇、大平瑶族乡、西湾街道划归平桂区管辖 | 平桂区 | 国函〔2016〕101号,2016年中华人民共和国县级以上行政区划变更列表,https://zh.wikipedia.org/wiki/2016%E5%B9%B4%E4%B8%AD%E5%8D%8E%E4%BA%BA%E6%B0%91%E5%85%B1%E5%92%8C%E5%9B%BD%E5%8E%BF%E7%BA%A7%E4%BB%A5%E4%B8%8A%E8%A1%8C%E6%94%BF%E5%8C%BA%E5%88%92%E5%8F%98%E6%9B%B4%E5%88%97%E8%A1%A8,77572371,wikipedia_row_loose_relation,SRC-WIKI-2016,wikipedia,,revisioned_secondary
WIKI-COUNTY-2016-07-006,2016,列表 / 其它,jurisdiction_transfer,鄂尔多斯市,CNUR-000030,康巴什区,,康巴什区,设立鄂尔多斯市康巴什区，将鄂尔多斯市东胜区的哈巴格希街道、青春山街道、；滨河街道划归康巴什区管辖,市辖区,county_level,无 | 内蒙古自治区鄂尔多斯市 | 6月8日中华人民共和国国务院同意；6月21日微博“鄂尔多斯新闻综合广播”公布 | 设立鄂尔多斯市康巴什区，将鄂尔多斯市东胜区的哈巴格希街道、青春山街道、；滨河街道划归康巴什区管辖 | 康巴什区 | 国函〔2016〕102号,2016年中华人民共和国县级以上行政区划变更列表,https://zh.wikipedia.org/wiki/2016%E5%B9%B4%E4%B8%AD%E5%8D%8E%E4%BA%BA%E6%B0%91%E5%85%B1%E5%92%8C%E5%9B%BD%E5%8E%BF%E7%BA%A7%E4%BB%A5%E4%B8%8A%E8%A1%8C%E6%94%BF%E5%8C%BA%E5%88%92%E5%8F%98%E6%9B%B4%E5%88%97%E8%A1%A8,77572371,wikipedia_row_loose_relation,SRC-WIKI-2016,wikipedia,,revisioned_secondary
WIKI-COUNTY-2016-07-007,2016,列表 / 其它,jurisdiction_transfer,深圳市,CNUR-000198,龙华区,,龙华区,设立深圳市龙华区，将深圳市宝安区的龙华街道、大浪街道、民治街道、；观湖街道、福城街道、观澜街道划归龙华区管辖,市辖区,county_level,无 | 广东省深圳市 | 9月14日中华人民共和国国务院同意；10月11日公布 | 设立深圳市龙华区，将深圳市宝安区的龙华街道、大浪街道、民治街道、；观湖街道、福城街道、观澜街道划归龙华区管辖 | 龙华区 | 国函〔2016〕159号,2016年中华人民共和国县级以上行政区划变更列表,https://zh.wikipedia.org/wiki/2016%E5%B9%B4%E4%B8%AD%E5%8D%8E%E4%BA%BA%E6%B0%91%E5%85%B1%E5%92%8C%E5%9B%BD%E5%8E%BF%E7%BA%A7%E4%BB%A5%E4%B8%8A%E8%A1%8C%E6%94%BF%E5%8C%BA%E5%88%92%E5%8F%98%E6%9B%B4%E5%88%97%E8%A1%A8,77572371,wikipedia_row_loose_relation,SRC-WIKI-2016,wikipedia,,revisioned_secondary
WIKI-COUNTY-2016-07-008,2016,列表 / 其它,jurisdiction_transfer,深圳市,CNUR-000198,坪山区,,坪山区,设立深圳市坪山区，将深圳市龙岗区的坪山街道、坑梓街道划归坪山区管辖,市辖区,county_level,无 | 广东省深圳市 | 9月14日中华人民共和国国务院同意；10月11日公布 | 国函〔2016〕159号 | 设立深圳市坪山区，将深圳市龙岗区的坪山街道、坑梓街道划归坪山区管辖 | 坪山区,2016年中华人民共和国县级以上行政区划变更列表,https://zh.wikipedia.org/wiki/2016%E5%B9%B4%E4%B8%AD%E5%8D%8E%E4%BA%BA%E6%B0%91%E5%85%B1%E5%92%8C%E5%9B%BD%E5%8E%BF%E7%BA%A7%E4%BB%A5%E4%B8%8A%E8%A1%8C%E6%94%BF%E5%8C%BA%E5%88%92%E5%8F%98%E6%9B%B4%E5%88%97%E8%A1%A8,77572371,wikipedia_row_loose_relation,SRC-WIKI-2016,wikipedia,,revisioned_secondary
WIKI-COUNTY-2017-01-002,2017,列表 / 撤销县，设立市辖区,abolish_or_merge,九江市,CNUR-000127,九江县、柴桑区,九江县,柴桑区,撤销九江县，设立九江市柴桑区,市辖区、县,county_level,九江县 | 江西省九江市 | 7月18日中华人民共和国国务院同意；8月24日江西省人民政府公布 | 撤销九江县，设立九江市柴桑区 | 柴桑区 | 国函〔2017〕104号,2017年中华人民共和国县级以上行政区划变更列表,https://zh.wikipedia.org/wiki/2017%E5%B9%B4%E4%B8%AD%E5%8D%8E%E4%BA%BA%E6%B0%91%E5%85%B1%E5%92%8C%E5%9B%BD%E5%8E%BF%E7%BA%A7%E4%BB%A5%E4%B8%8A%E8%A1%8C%E6%94%BF%E5%8C%BA%E5%88%92%E5%8F%98%E6%9B%B4%E5%88%97%E8%A1%A8,93265348,wikipedia_row_loose_relation,SRC-WIKI-2017,wikipedia,,revisioned_secondary
WIKI-COUNTY-2017-01-003,2017,列表 / 撤销县，设立市辖区,abolish_or_merge,德阳市,CNUR-000240,罗江县、罗江区,罗江县,罗江区,撤销罗江县，设立德阳市罗江区,市辖区、县,county_level,罗江县 | 四川省德阳市 | 7月18日中华人民共和国国务院同意；8月18日四川省人民政府公布 | 撤销罗江县，设立德阳市罗江区 | 罗江区 | 国函〔2017〕106号,2017年中华人民共和国县级以上行政区划变更列表,https://zh.wikipedia.org/wiki/2017%E5%B9%B4%E4%B8%AD%E5%8D%8E%E4%BA%BA%E6%B0%91%E5%85%B1%E5%92%8C%E5%9B%BD%E5%8E%BF%E7%BA%A7%E4%BB%A5%E4%B8%8A%E8%A1%8C%E6%94%BF%E5%8C%BA%E5%88%92%E5%8F%98%E6%9B%B4%E5%88%97%E8%A1%A8,93265348,wikipedia_row_loose_relation,SRC-WIKI-2017,wikipedia,,revisioned_secondary
WIKI-COUNTY-2017-01-004,2017,列表 / 撤销县，设立市辖区,abolish_or_merge,拉萨市,CNUR-000282,达孜县、达孜区,达孜县,达孜区,撤销达孜县，设立拉萨市达孜区,市辖区、县,county_level,达孜县 | 西藏自治区拉萨市 | 7月18日中华人民共和国国务院同意；2018年2月1日西藏自治区人民政府公布 | 撤销达孜县，设立拉萨市达孜区 | 达孜区 | 国函〔2017〕107号,2017年中华人民共和国县级以上行政区划变更列表,https://zh.wikipedia.org/wiki/2017%E5%B9%B4%E4%B8%AD%E5%8D%8E%E4%BA%BA%E6%B0%91%E5%85%B1%E5%92%8C%E5%9B%BD%E5%8E%BF%E7%BA%A7%E4%BB%A5%E4%B8%8A%E8%A1%8C%E6%94%BF%E5%8C%BA%E5%88%92%E5%8F%98%E6%9B%B4%E5%88%97%E8%A1%A8,93265348,wikipedia_row_loose_relation,SRC-WIKI-2017,wikipedia,,revisioned_secondary
WIKI-COUNTY-2017-01-005,2017,列表 / 撤销县，设立市辖区,abolish_or_merge,汉中市,CNUR-000295,南郑县、南郑区,南郑县,南郑区,撤销南郑县，设立汉中市南郑区,市辖区、县,county_level,南郑县 | 陕西省汉中市 | 7月18日中华人民共和国国务院同意；8月12日陕西省人民政府公布 | 撤销南郑县，设立汉中市南郑区 | 南郑区 | 国函〔2017〕108号,2017年中华人民共和国县级以上行政区划变更列表,https://zh.wikipedia.org/wiki/2017%E5%B9%B4%E4%B8%AD%E5%8D%8E%E4%BA%BA%E6%B0%91%E5%85%B1%E5%92%8C%E5%9B%BD%E5%8E%BF%E7%BA%A7%E4%BB%A5%E4%B8%8A%E8%A1%8C%E6%94%BF%E5%8C%BA%E5%88%92%E5%8F%98%E6%9B%B4%E5%88%97%E8%A1%A8,93265348,wikipedia_row_loose_relation,SRC-WIKI-2017,wikipedia,,revisioned_secondary
WIKI-COUNTY-2017-02-002,2017,列表 / 撤销县，设立县级市,abolish_or_merge,承德市,CNUR-000010,平泉县、平泉市,平泉县,平泉市,撤销平泉县，成立县级平泉市,县,county_level,平泉县 | 河北省承德市 | 4月9日中华人民共和国民政部同意；5月26日河北省人民政府公布 | 撤销平泉县，成立县级平泉市 | 平泉市 | 民函〔2017〕69号,2017年中华人民共和国县级以上行政区划变更列表,https://zh.wikipedia.org/wiki/2017%E5%B9%B4%E4%B8%AD%E5%8D%8E%E4%BA%BA%E6%B0%91%E5%85%B1%E5%92%8C%E5%9B%BD%E5%8E%BF%E7%BA%A7%E4%BB%A5%E4%B8%8A%E8%A1%8C%E6%94%BF%E5%8C%BA%E5%88%92%E5%8F%98%E6%9B%B4%E5%88%97%E8%A1%A8,93265348,wikipedia_row_loose_relation,SRC-WIKI-2017,wikipedia,,revisioned_secondary
WIKI-COUNTY-2017-02-003,2017,列表 / 撤销县，设立县级市,abolish_or_merge,台州市,CNUR-000096,玉环县、玉环市,玉环县,玉环市,撤销玉环县，成立县级玉环市,县,county_level,玉环县 | 浙江省台州市 | 4月9日中华人民共和国民政部同意；5月4日浙江省人民政府公布 | 撤销玉环县，成立县级玉环市 | 玉环市 | 民函〔2017〕70号,2017年中华人民共和国县级以上行政区划变更列表,https://zh.wikipedia.org/wiki/2017%E5%B9%B4%E4%B8%AD%E5%8D%8E%E4%BA%BA%E6%B0%91%E5%85%B1%E5%92%8C%E5%9B%BD%E5%8E%BF%E7%BA%A7%E4%BB%A5%E4%B8%8A%E8%A1%8C%E6%94%BF%E5%8C%BA%E5%88%92%E5%8F%98%E6%9B%B4%E5%88%97%E8%A1%A8,93265348,wikipedia_row_loose_relation,SRC-WIKI-2017,wikipedia,,revisioned_secondary
WIKI-COUNTY-2017-02-004,2017,列表 / 撤销县，设立县级市,abolish_or_merge,榆林市,CNUR-000296,神木县、神木市,神木县,神木市,撤销神木县，成立县级神木市,县,county_level,神木县 | 陕西省榆林市 | 4月9日中华人民共和国民政部同意；4月20日陕西省人民政府公布 | 撤销神木县，成立县级神木市 | 神木市 | 民函〔2017〕71号,2017年中华人民共和国县级以上行政区划变更列表,https://zh.wikipedia.org/wiki/2017%E5%B9%B4%E4%B8%AD%E5%8D%8E%E4%BA%BA%E6%B0%91%E5%85%B1%E5%92%8C%E5%9B%BD%E5%8E%BF%E7%BA%A7%E4%BB%A5%E4%B8%8A%E8%A1%8C%E6%94%BF%E5%8C%BA%E5%88%92%E5%8F%98%E6%9B%B4%E5%88%97%E8%A1%A8,93265348,wikipedia_row_loose_relation,SRC-WIKI-2017,wikipedia,,revisioned_secondary
WIKI-COUNTY-2017-02-005,2017,列表 / 撤销县，设立县级市,abolish_or_merge,内江市,CNUR-000244,隆昌县、隆昌市,隆昌县,隆昌市,撤销隆昌县，成立县级隆昌市,县,county_level,隆昌县 | 四川省内江市 | 4月9日中华人民共和国民政部同意；4月17日四川省人民政府公布 | 撤销隆昌县，成立县级隆昌市 | 隆昌市 | 民函〔2017〕72号,2017年中华人民共和国县级以上行政区划变更列表,https://zh.wikipedia.org/wiki/2017%E5%B9%B4%E4%B8%AD%E5%8D%8E%E4%BA%BA%E6%B0%91%E5%85%B1%E5%92%8C%E5%9B%BD%E5%8E%BF%E7%BA%A7%E4%BB%A5%E4%B8%8A%E8%A1%8C%E6%94%BF%E5%8C%BA%E5%88%92%E5%8F%98%E6%9B%B4%E5%88%97%E8%A1%A8,93265348,wikipedia_row_loose_relation,SRC-WIKI-2017,wikipedia,,revisioned_secondary
WIKI-COUNTY-2017-02-006,2017,列表 / 撤销县，设立县级市,abolish_or_merge,长沙市,CNUR-000182,宁乡县、宁乡市,宁乡县,宁乡市,撤销宁乡县，成立县级宁乡市,县,county_level,宁乡县 | 湖南省长沙市 | 4月9日中华人民共和国民政部同意；12月3日湖南省人民政府公布 | 撤销宁乡县，成立县级宁乡市 | 宁乡市 | 民函〔2017〕73号,2017年中华人民共和国县级以上行政区划变更列表,https://zh.wikipedia.org/wiki/2017%E5%B9%B4%E4%B8%AD%E5%8D%8E%E4%BA%BA%E6%B0%91%E5%85%B1%E5%92%8C%E5%9B%BD%E5%8E%BF%E7%BA%A7%E4%BB%A5%E4%B8%8A%E8%A1%8C%E6%94%BF%E5%8C%BA%E5%88%92%E5%8F%98%E6%9B%B4%E5%88%97%E8%A1%A8,93265348,wikipedia_row_loose_relation,SRC-WIKI-2017,wikipedia,,revisioned_secondary
WIKI-COUNTY-2017-02-007,2017,列表 / 撤销县，设立县级市,abolish_or_merge,六盘水市,CNUR-000258,盘县、盘州市,盘县,盘州市,撤销盘县，成立县级盘州市,县,county_level,盘县 | 贵州省六盘水市 | 4月9日中华人民共和国民政部同意；5月17日贵州省人民政府公布 | 撤销盘县，成立县级盘州市 | 盘州市 | 民函〔2017〕74号,2017年中华人民共和国县级以上行政区划变更列表,https://zh.wikipedia.org/wiki/2017%E5%B9%B4%E4%B8%AD%E5%8D%8E%E4%BA%BA%E6%B0%91%E5%85%B1%E5%92%8C%E5%9B%BD%E5%8E%BF%E7%BA%A7%E4%BB%A5%E4%B8%8A%E8%A1%8C%E6%94%BF%E5%8C%BA%E5%88%92%E5%8F%98%E6%9B%B4%E5%88%97%E8%A1%A8,93265348,wikipedia_row_loose_relation,SRC-WIKI-2017,wikipedia,,revisioned_secondary
WIKI-COUNTY-2017-03-002,2017,列表 / 撤销县级市，设立市辖区,abolish_or_merge,杭州市,CNUR-000087,临安市、临安区,临安市,临安区,撤销县级临安市，设立杭州市临安区,市辖区、县,county_level,临安市 | 浙江省杭州市 | 7月18日中华人民共和国国务院同意；8月11日浙江省人民政府公布 | 撤销县级临安市，设立杭州市临安区 | 临安区 | 国函〔2017〕102号,2017年中华人民共和国县级以上行政区划变更列表,https://zh.wikipedia.org/wiki/2017%E5%B9%B4%E4%B8%AD%E5%8D%8E%E4%BA%BA%E6%B0%91%E5%85%B1%E5%92%8C%E5%9B%BD%E5%8E%BF%E7%BA%A7%E4%BB%A5%E4%B8%8A%E8%A1%8C%E6%94%BF%E5%8C%BA%E5%88%92%E5%8F%98%E6%9B%B4%E5%88%97%E8%A1%A8,93265348,wikipedia_row_loose_relation,SRC-WIKI-2017,wikipedia,,revisioned_secondary
WIKI-COUNTY-2017-03-003,2017,列表 / 撤销县级市，设立市辖区,abolish_or_merge,福州市,CNUR-000115,长乐市、长乐区,长乐市,长乐区,撤销县级长乐市，设立福州市长乐区,市辖区、县,county_level,长乐市 | 福建省福州市 | 7月18日中华人民共和国国务院同意；11月6日福建省人民政府公布 | 撤销县级长乐市，设立福州市长乐区 | 长乐区 | 国函〔2017〕103号,2017年中华人民共和国县级以上行政区划变更列表,https://zh.wikipedia.org/wiki/2017%E5%B9%B4%E4%B8%AD%E5%8D%8E%E4%BA%BA%E6%B0%91%E5%85%B1%E5%92%8C%E5%9B%BD%E5%8E%BF%E7%BA%A7%E4%BB%A5%E4%B8%8A%E8%A1%8C%E6%94%BF%E5%8C%BA%E5%88%92%E5%8F%98%E6%9B%B4%E5%88%97%E8%A1%A8,93265348,wikipedia_row_loose_relation,SRC-WIKI-2017,wikipedia,,revisioned_secondary
WIKI-COUNTY-2017-03-004,2017,列表 / 撤销县级市，设立市辖区,abolish_or_merge,青岛市,CNUR-000136,即墨市、即墨区,即墨市,即墨区,撤销县级即墨市，设立青岛市即墨区,市辖区、县,county_level,即墨市 | 山东省青岛市 | 7月18日中华人民共和国国务院同意；8月31日山东省人民政府公布 | 撤销县级即墨市，设立青岛市即墨区 | 即墨区 | 国函〔2017〕105号,2017年中华人民共和国县级以上行政区划变更列表,https://zh.wikipedia.org/wiki/2017%E5%B9%B4%E4%B8%AD%E5%8D%8E%E4%BA%BA%E6%B0%91%E5%85%B1%E5%92%8C%E5%9B%BD%E5%8E%BF%E7%BA%A7%E4%BB%A5%E4%B8%8A%E8%A1%8C%E6%94%BF%E5%8C%BA%E5%88%92%E5%8F%98%E6%9B%B4%E5%88%97%E8%A1%A8,93265348,wikipedia_row_loose_relation,SRC-WIKI-2017,wikipedia,,revisioned_secondary
WIKI-COUNTY-2017-04-002,2017,列表 / 政府驻地变更,residence_change,太原市,CNUR-000014,杏花岭区、小店区,,杏花岭区、小店区,山西省 | 无 | 5月29日中华人民共和国国务院同意；9月2日山西省人民政府公布 | 山西省人民政府驻地由太原市杏花岭区府东街101号迁移至太原市小店区省府街3号 | 国函〔2017〕68号,市辖区,county_level,山西省 | 无 | 5月29日中华人民共和国国务院同意；9月2日山西省人民政府公布 | 山西省人民政府驻地由太原市杏花岭区府东街101号迁移至太原市小店区省府街3号 | 国函〔2017〕68号,2017年中华人民共和国县级以上行政区划变更列表,https://zh.wikipedia.org/wiki/2017%E5%B9%B4%E4%B8%AD%E5%8D%8E%E4%BA%BA%E6%B0%91%E5%85%B1%E5%92%8C%E5%9B%BD%E5%8E%BF%E7%BA%A7%E4%BB%A5%E4%B8%8A%E8%A1%8C%E6%94%BF%E5%8C%BA%E5%88%92%E5%8F%98%E6%9B%B4%E5%88%97%E8%A1%A8,93265348,wikipedia_row_loose_relation,SRC-WIKI-2017,wikipedia,,revisioned_secondary
WIKI-COUNTY-2017-05-002,2017,列表 / 其它,abolish_or_merge,那曲地区、那曲市,CNUR-000287,那曲县、色尼区,那曲县,色尼区,撤销那曲地区和那曲县，设立地级那曲市；那曲市设立色尼区，以原那曲县的行政区域为色尼区的行政区域；那曲市辖原那曲地区的聂荣县、安多县、巴青县、索县、比如县、嘉黎县、尼玛县、班戈县、申扎县、双湖县和新设立的色尼区,市辖区、县,county_level,那曲地区；那曲县 | 西藏自治区 | 7月18日中华人民共和国国务院同意；2018年4月25日西藏自治区人民政府公布 | 撤销那曲地区和那曲县，设立地级那曲市；那曲市设立色尼区，以原那曲县的行政区域为色尼区的行政区域；那曲市辖原那曲地区的聂荣县、安多县、巴青县、索县、比如县、嘉黎县、尼玛县、班戈县、申扎县、双湖县和新设立的色尼区 | 那曲市；那曲市色尼区 | 国函〔2017〕109号,2017年中华人民共和国县级以上行政区划变更列表,https://zh.wikipedia.org/wiki/2017%E5%B9%B4%E4%B8%AD%E5%8D%8E%E4%BA%BA%E6%B0%91%E5%85%B1%E5%92%8C%E5%9B%BD%E5%8E%BF%E7%BA%A7%E4%BB%A5%E4%B8%8A%E8%A1%8C%E6%94%BF%E5%8C%BA%E5%88%92%E5%8F%98%E6%9B%B4%E5%88%97%E8%A1%A8,93265348,wikipedia_row_loose_relation,SRC-WIKI-2017,wikipedia,,revisioned_secondary
WIKI-COUNTY-2018-01-002,2018,列表 / 撤销县、县级市，设立市辖区,abolish_or_merge,大同市,CNUR-000015,大同县、云州区,大同县,云州区,撤销大同县，设立大同市云州区,市辖区、县,county_level,大同县 | 山西省大同市 | 2月9日中华人民共和国国务院同意；3月21日大同市长武宏文公布 | 撤销大同县，设立大同市云州区 | 云州区 | 国函〔2018〕22号,2018年中华人民共和国县级以上行政区划变更列表,https://zh.wikipedia.org/wiki/2018%E5%B9%B4%E4%B8%AD%E5%8D%8E%E4%BA%BA%E6%B0%91%E5%85%B1%E5%92%8C%E5%9B%BD%E5%8E%BF%E7%BA%A7%E4%BB%A5%E4%B8%8A%E8%A1%8C%E6%94%BF%E5%8C%BA%E5%88%92%E5%8F%98%E6%9B%B4%E5%88%97%E8%A1%A8,93273619,wikipedia_row_loose_relation,SRC-WIKI-2018,wikipedia,,revisioned_secondary
WIKI-COUNTY-2018-01-003,2018,列表 / 撤销县、县级市，设立市辖区,abolish_or_merge,鹰潭市,CNUR-000129,余江县、余江区,余江县,余江区,撤销余江县，设立鹰潭市余江区,市辖区、县,county_level,余江县 | 江西省鹰潭市 | 2月9日中华人民共和国国务院同意；5月17日江西省人民政府公布 | 撤销余江县，设立鹰潭市余江区 | 余江区 | 国函〔2018〕23号,2018年中华人民共和国县级以上行政区划变更列表,https://zh.wikipedia.org/wiki/2018%E5%B9%B4%E4%B8%AD%E5%8D%8E%E4%BA%BA%E6%B0%91%E5%85%B1%E5%92%8C%E5%9B%BD%E5%8E%BF%E7%BA%A7%E4%BB%A5%E4%B8%8A%E8%A1%8C%E6%94%BF%E5%8C%BA%E5%88%92%E5%8F%98%E6%9B%B4%E5%88%97%E8%A1%A8,93273619,wikipedia_row_loose_relation,SRC-WIKI-2018,wikipedia,,revisioned_secondary
WIKI-COUNTY-2018-01-004,2018,列表 / 撤销县、县级市，设立市辖区,abolish_or_merge,曲靖市,CNUR-000267,马龙县、马龙区,马龙县,马龙区,撤销马龙县，设立曲靖市马龙区,市辖区、县,county_level,马龙县 | 云南省曲靖市 | 2月9日中华人民共和国国务院同意；3月31日云南省第十三届人民代表大会常务委员会公布 | 撤销马龙县，设立曲靖市马龙区 | 马龙区 | 国函〔2018〕24号,2018年中华人民共和国县级以上行政区划变更列表,https://zh.wikipedia.org/wiki/2018%E5%B9%B4%E4%B8%AD%E5%8D%8E%E4%BA%BA%E6%B0%91%E5%85%B1%E5%92%8C%E5%9B%BD%E5%8E%BF%E7%BA%A7%E4%BB%A5%E4%B8%8A%E8%A1%8C%E6%94%BF%E5%8C%BA%E5%88%92%E5%8F%98%E6%9B%B4%E5%88%97%E8%A1%A8,93273619,wikipedia_row_loose_relation,SRC-WIKI-2018,wikipedia,,revisioned_secondary
WIKI-COUNTY-2018-01-005,2018,列表 / 撤销县、县级市，设立市辖区,abolish_or_merge,济南市,CNUR-000135,济阳县、济阳区,济阳县,济阳区,撤销济阳县，设立济南市济阳区,市辖区、县,county_level,济阳县 | 山东省济南市 | 6月19日中华人民共和国国务院同意；9月30日山东省人民政府公布 | 撤销济阳县，设立济南市济阳区 | 济阳区 | 国函〔2018〕86号,2018年中华人民共和国县级以上行政区划变更列表,https://zh.wikipedia.org/wiki/2018%E5%B9%B4%E4%B8%AD%E5%8D%8E%E4%BA%BA%E6%B0%91%E5%85%B1%E5%92%8C%E5%9B%BD%E5%8E%BF%E7%BA%A7%E4%BB%A5%E4%B8%8A%E8%A1%8C%E6%94%BF%E5%8C%BA%E5%88%92%E5%8F%98%E6%9B%B4%E5%88%97%E8%A1%A8,93273619,wikipedia_row_loose_relation,SRC-WIKI-2018,wikipedia,,revisioned_secondary
WIKI-COUNTY-2018-01-006,2018,列表 / 撤销县、县级市，设立市辖区,abolish_or_merge,长治市,CNUR-000017,长治县、上党区,长治县,上党区,撤销长治县，设立长治市上党区,市辖区、县,county_level,长治县 | 山西省长治市 | 6月19日中华人民共和国国务院同意；11月22日山西省人民政府公布 | 撤销长治县，设立长治市上党区 | 上党区 | 国函〔2018〕87号,2018年中华人民共和国县级以上行政区划变更列表,https://zh.wikipedia.org/wiki/2018%E5%B9%B4%E4%B8%AD%E5%8D%8E%E4%BA%BA%E6%B0%91%E5%85%B1%E5%92%8C%E5%9B%BD%E5%8E%BF%E7%BA%A7%E4%BB%A5%E4%B8%8A%E8%A1%8C%E6%94%BF%E5%8C%BA%E5%88%92%E5%8F%98%E6%9B%B4%E5%88%97%E8%A1%A8,93273619,wikipedia_row_loose_relation,SRC-WIKI-2018,wikipedia,,revisioned_secondary
WIKI-COUNTY-2018-01-007,2018,列表 / 撤销县、县级市，设立市辖区,abolish_or_merge,长治市,CNUR-000017,屯留县、屯留区,屯留县,屯留区,撤销屯留县，设立长治市屯留区,市辖区、县,county_level,山西省长治市 | 6月19日中华人民共和国国务院同意；11月22日山西省人民政府公布 | 国函〔2018〕87号 | 屯留县 | 撤销屯留县，设立长治市屯留区 | 屯留区,2018年中华人民共和国县级以上行政区划变更列表,https://zh.wikipedia.org/wiki/2018%E5%B9%B4%E4%B8%AD%E5%8D%8E%E4%BA%BA%E6%B0%91%E5%85%B1%E5%92%8C%E5%9B%BD%E5%8E%BF%E7%BA%A7%E4%BB%A5%E4%B8%8A%E8%A1%8C%E6%94%BF%E5%8C%BA%E5%88%92%E5%8F%98%E6%9B%B4%E5%88%97%E8%A1%A8,93273619,wikipedia_row_loose_relation,SRC-WIKI-2018,wikipedia,,revisioned_secondary
WIKI-COUNTY-2018-01-008,2018,列表 / 撤销县、县级市，设立市辖区,abolish_or_merge,长治市,CNUR-000017,潞城区,,潞城区,撤销潞城市，设立长治市潞城区,市辖区,county_level,山西省长治市 | 6月19日中华人民共和国国务院同意；11月22日山西省人民政府公布 | 国函〔2018〕87号 | 潞城市 | 撤销潞城市，设立长治市潞城区 | 潞城区,2018年中华人民共和国县级以上行政区划变更列表,https://zh.wikipedia.org/wiki/2018%E5%B9%B4%E4%B8%AD%E5%8D%8E%E4%BA%BA%E6%B0%91%E5%85%B1%E5%92%8C%E5%9B%BD%E5%8E%BF%E7%BA%A7%E4%BB%A5%E4%B8%8A%E8%A1%8C%E6%94%BF%E5%8C%BA%E5%88%92%E5%8F%98%E6%9B%B4%E5%88%97%E8%A1%A8,93273619,wikipedia_row_loose_relation,SRC-WIKI-2018,wikipedia,,revisioned_secondary
WIKI-COUNTY-2018-01-009,2018,列表 / 撤销县、县级市，设立市辖区,abolish_or_merge,株洲市、长治市,CNUR-000183、CNUR-000017,株洲县、渌口区,株洲县,渌口区,撤销株洲县，设立株洲市渌口区,市辖区、县,county_level,山西省长治市 | 6月19日中华人民共和国国务院同意；11月22日山西省人民政府公布 | 国函〔2018〕87号 | 株洲县 | 湖南省株洲市 | 6月19日中华人民共和国国务院同意；8月1日湖南省民政厅公布 | 撤销株洲县，设立株洲市渌口区 | 渌口区 | 国函〔2018〕88号,2018年中华人民共和国县级以上行政区划变更列表,https://zh.wikipedia.org/wiki/2018%E5%B9%B4%E4%B8%AD%E5%8D%8E%E4%BA%BA%E6%B0%91%E5%85%B1%E5%92%8C%E5%9B%BD%E5%8E%BF%E7%BA%A7%E4%BB%A5%E4%B8%8A%E8%A1%8C%E6%94%BF%E5%8C%BA%E5%88%92%E5%8F%98%E6%9B%B4%E5%88%97%E8%A1%A8,93273619,wikipedia_row_loose_relation,SRC-WIKI-2018,wikipedia,,revisioned_secondary
WIKI-COUNTY-2018-01-010,2018,列表 / 撤销县、县级市，设立市辖区,jurisdiction_transfer,宜宾市,CNUR-000248,宜宾县、翠屏区、叙州区,宜宾县,叙州区,撤销宜宾县，设立宜宾市叙州区，以原宜宾县（不含孔滩镇、王场镇、白花镇、永兴镇、双谊镇）；和翠屏区南岸街道、赵场街道、南广镇行政区域为叙州区的行政区域；将原宜宾县的孔滩镇、王场镇、白花镇、永兴镇、双谊镇划归翠屏区管辖,市辖区、县,county_level,宜宾县 | 四川省宜宾市 | 6月19日中华人民共和国国务院同意；7月23日四川省人民政府公布 | 撤销宜宾县，设立宜宾市叙州区，以原宜宾县（不含孔滩镇、王场镇、白花镇、永兴镇、双谊镇）；和翠屏区南岸街道、赵场街道、南广镇行政区域为叙州区的行政区域；将原宜宾县的孔滩镇、王场镇、白花镇、永兴镇、双谊镇划归翠屏区管辖 | 叙州区 | 国函〔2018〕89号,2018年中华人民共和国县级以上行政区划变更列表,https://zh.wikipedia.org/wiki/2018%E5%B9%B4%E4%B8%AD%E5%8D%8E%E4%BA%BA%E6%B0%91%E5%85%B1%E5%92%8C%E5%9B%BD%E5%8E%BF%E7%BA%A7%E4%BB%A5%E4%B8%8A%E8%A1%8C%E6%94%BF%E5%8C%BA%E5%88%92%E5%8F%98%E6%9B%B4%E5%88%97%E8%A1%A8,93273619,wikipedia_row_loose_relation,SRC-WIKI-2018,wikipedia,,revisioned_secondary
WIKI-COUNTY-2018-02-002,2018,列表 / 撤销县，设立县级市,abolish_or_merge,朔州市,CNUR-000019,怀仁县、怀仁市,怀仁县,怀仁市,撤销怀仁县，设立县级怀仁市,县,county_level,怀仁县 | 山西省朔州市 | 2月22日中华人民共和国民政部同意；7月31日山西省十三届人大常委会第四次会议举行第一次全体会议公布 | 撤销怀仁县，设立县级怀仁市 | 怀仁市 | 民函〔2018〕46号,2018年中华人民共和国县级以上行政区划变更列表,https://zh.wikipedia.org/wiki/2018%E5%B9%B4%E4%B8%AD%E5%8D%8E%E4%BA%BA%E6%B0%91%E5%85%B1%E5%92%8C%E5%9B%BD%E5%8E%BF%E7%BA%A7%E4%BB%A5%E4%B8%8A%E8%A1%8C%E6%94%BF%E5%8C%BA%E5%88%92%E5%8F%98%E6%9B%B4%E5%88%97%E8%A1%A8,93273619,wikipedia_row_loose_relation,SRC-WIKI-2018,wikipedia,,revisioned_secondary
WIKI-COUNTY-2018-02-003,2018,列表 / 撤销县，设立县级市,abolish_or_merge,咸阳市,CNUR-000292,彬县、彬州市,彬县,彬州市,撤销彬县，设立县级彬州市,县,county_level,彬县 | 陕西省咸阳市 | 2月22日中华人民共和国民政部同意；5月4日陕西省人民政府公布 | 撤销彬县，设立县级彬州市 | 彬州市 | 民函〔2018〕47号,2018年中华人民共和国县级以上行政区划变更列表,https://zh.wikipedia.org/wiki/2018%E5%B9%B4%E4%B8%AD%E5%8D%8E%E4%BA%BA%E6%B0%91%E5%85%B1%E5%92%8C%E5%9B%BD%E5%8E%BF%E7%BA%A7%E4%BB%A5%E4%B8%8A%E8%A1%8C%E6%94%BF%E5%8C%BA%E5%88%92%E5%8F%98%E6%9B%B4%E5%88%97%E8%A1%A8,93273619,wikipedia_row_loose_relation,SRC-WIKI-2018,wikipedia,,revisioned_secondary
WIKI-COUNTY-2018-02-004,2018,列表 / 撤销县，设立县级市,abolish_or_merge,南通市,CNUR-000079,海安县、海安市,海安县,海安市,撤销海安县，设立县级海安市,县,county_level,海安县 | 江苏省南通市 | 2月22日中华人民共和国民政部同意；5月11日江苏省人民政府公布 | 撤销海安县，设立县级海安市 | 海安市 | 民函〔2018〕49号,2018年中华人民共和国县级以上行政区划变更列表,https://zh.wikipedia.org/wiki/2018%E5%B9%B4%E4%B8%AD%E5%8D%8E%E4%BA%BA%E6%B0%91%E5%85%B1%E5%92%8C%E5%9B%BD%E5%8E%BF%E7%BA%A7%E4%BB%A5%E4%B8%8A%E8%A1%8C%E6%94%BF%E5%8C%BA%E5%88%92%E5%8F%98%E6%9B%B4%E5%88%97%E8%A1%A8,93273619,wikipedia_row_loose_relation,SRC-WIKI-2018,wikipedia,,revisioned_secondary
WIKI-COUNTY-2018-02-005,2018,列表 / 撤销县，设立县级市,abolish_or_merge,大兴安岭地区,CNUR-000072,漠河县、漠河市,漠河县,漠河市,撤销漠河县，设立县级漠河市,县,county_level,漠河县 | 黑龙江省大兴安岭地区 | 2月22日中华人民共和国民政部同意；8月9日江苏省人民政府公布 | 撤销漠河县，设立县级漠河市 | 漠河市 | 民函〔2018〕50号,2018年中华人民共和国县级以上行政区划变更列表,https://zh.wikipedia.org/wiki/2018%E5%B9%B4%E4%B8%AD%E5%8D%8E%E4%BA%BA%E6%B0%91%E5%85%B1%E5%92%8C%E5%9B%BD%E5%8E%BF%E7%BA%A7%E4%BB%A5%E4%B8%8A%E8%A1%8C%E6%94%BF%E5%8C%BA%E5%88%92%E5%8F%98%E6%9B%B4%E5%88%97%E8%A1%A8,93273619,wikipedia_row_loose_relation,SRC-WIKI-2018,wikipedia,,revisioned_secondary
WIKI-COUNTY-2018-02-006,2018,列表 / 撤销县，设立县级市,abolish_or_merge,荆门市,CNUR-000175,京山县、京山市,京山县,京山市,撤销京山县，设立县级京山市,县,county_level,京山县 | 湖北省荆门市 | 2月22日中华人民共和国民政部同意；5月23日湖北省人民政府公布 | 撤销京山县，设立县级京山市 | 京山市 | 民函〔2018〕51号,2018年中华人民共和国县级以上行政区划变更列表,https://zh.wikipedia.org/wiki/2018%E5%B9%B4%E4%B8%AD%E5%8D%8E%E4%BA%BA%E6%B0%91%E5%85%B1%E5%92%8C%E5%9B%BD%E5%8E%BF%E7%BA%A7%E4%BB%A5%E4%B8%8A%E8%A1%8C%E6%94%BF%E5%8C%BA%E5%88%92%E5%8F%98%E6%9B%B4%E5%88%97%E8%A1%A8,93273619,wikipedia_row_loose_relation,SRC-WIKI-2018,wikipedia,,revisioned_secondary
WIKI-COUNTY-2018-02-007,2018,列表 / 撤销县，设立县级市,abolish_or_merge,唐山市,CNUR-000004,滦县、滦州市,滦县,滦州市,撤销滦县，设立县级滦州市,县,county_level,滦县 | 河北省唐山市 | 7月2日中华人民共和国民政部同意；9月26日湖北省人民政府公布 | 撤销滦县，设立县级滦州市 | 滦州市 | 民函〔2018〕103号,2018年中华人民共和国县级以上行政区划变更列表,https://zh.wikipedia.org/wiki/2018%E5%B9%B4%E4%B8%AD%E5%8D%8E%E4%BA%BA%E6%B0%91%E5%85%B1%E5%92%8C%E5%9B%BD%E5%8E%BF%E7%BA%A7%E4%BB%A5%E4%B8%8A%E8%A1%8C%E6%94%BF%E5%8C%BA%E5%88%92%E5%8F%98%E6%9B%B4%E5%88%97%E8%A1%A8,93273619,wikipedia_row_loose_relation,SRC-WIKI-2018,wikipedia,,revisioned_secondary
WIKI-COUNTY-2018-02-008,2018,列表 / 撤销县，设立县级市,abolish_or_merge,安庆市,CNUR-000105,潜山县、潜山市,潜山县,潜山市,撤销潜山县，设立县级潜山市,县,county_level,潜山县 | 安徽省安庆市 | 7月2日中华人民共和国民政部同意；8月3日安徽省人民政府公布 | 撤销潜山县，设立县级潜山市 | 潜山市 | 民函〔2018〕104号,2018年中华人民共和国县级以上行政区划变更列表,https://zh.wikipedia.org/wiki/2018%E5%B9%B4%E4%B8%AD%E5%8D%8E%E4%BA%BA%E6%B0%91%E5%85%B1%E5%92%8C%E5%9B%BD%E5%8E%BF%E7%BA%A7%E4%BB%A5%E4%B8%8A%E8%A1%8C%E6%94%BF%E5%8C%BA%E5%88%92%E5%8F%98%E6%9B%B4%E5%88%97%E8%A1%A8,93273619,wikipedia_row_loose_relation,SRC-WIKI-2018,wikipedia,,revisioned_secondary
WIKI-COUNTY-2018-02-009,2018,列表 / 撤销县，设立县级市,abolish_or_merge,滨州市,CNUR-000150,邹平县、邹平市,邹平县,邹平市,撤销邹平县，设立县级邹平市,县,county_level,邹平县 | 山东省滨州市 | 7月2日中华人民共和国民政部同意；8月28日山东省人民政府公布 | 撤销邹平县，设立县级邹平市 | 邹平市 | 民函〔2018〕105号,2018年中华人民共和国县级以上行政区划变更列表,https://zh.wikipedia.org/wiki/2018%E5%B9%B4%E4%B8%AD%E5%8D%8E%E4%BA%BA%E6%B0%91%E5%85%B1%E5%92%8C%E5%9B%BD%E5%8E%BF%E7%BA%A7%E4%BB%A5%E4%B8%8A%E8%A1%8C%E6%94%BF%E5%8C%BA%E5%88%92%E5%8F%98%E6%9B%B4%E5%88%97%E8%A1%A8,93273619,wikipedia_row_loose_relation,SRC-WIKI-2018,wikipedia,,revisioned_secondary
WIKI-COUNTY-2018-02-010,2018,列表 / 撤销县，设立县级市,abolish_or_merge,桂林市,CNUR-000219,荔浦县、荔浦市,荔浦县,荔浦市,撤销荔浦县，设立县级荔浦市,县,county_level,荔浦县 | 广西壮族自治区桂林市 | 7月2日中华人民共和国民政部同意；9月6日荔浦撤县设市新闻发布会公布 | 撤销荔浦县，设立县级荔浦市 | 荔浦市 | 民函〔2018〕106号,2018年中华人民共和国县级以上行政区划变更列表,https://zh.wikipedia.org/wiki/2018%E5%B9%B4%E4%B8%AD%E5%8D%8E%E4%BA%BA%E6%B0%91%E5%85%B1%E5%92%8C%E5%9B%BD%E5%8E%BF%E7%BA%A7%E4%BB%A5%E4%B8%8A%E8%A1%8C%E6%94%BF%E5%8C%BA%E5%88%92%E5%8F%98%E6%9B%B4%E5%88%97%E8%A1%A8,93273619,wikipedia_row_loose_relation,SRC-WIKI-2018,wikipedia,,revisioned_secondary
WIKI-COUNTY-2018-02-011,2018,列表 / 撤销县，设立县级市,abolish_or_merge,黔西南布依族苗族自治州,CNUR-000263,兴仁县、兴仁市,兴仁县,兴仁市,撤销兴仁县，设立县级兴仁市,县,county_level,兴仁县 | 贵州省黔西南布依族苗族自治州 | 7月2日中华人民共和国民政部同意；8月6日贵州省人民政府公布 | 撤销兴仁县，设立县级兴仁市 | 兴仁市 | 民函〔2018〕107号,2018年中华人民共和国县级以上行政区划变更列表,https://zh.wikipedia.org/wiki/2018%E5%B9%B4%E4%B8%AD%E5%8D%8E%E4%BA%BA%E6%B0%91%E5%85%B1%E5%92%8C%E5%9B%BD%E5%8E%BF%E7%BA%A7%E4%BB%A5%E4%B8%8A%E8%A1%8C%E6%94%BF%E5%8C%BA%E5%88%92%E5%8F%98%E6%9B%B4%E5%88%97%E8%A1%A8,93273619,wikipedia_row_loose_relation,SRC-WIKI-2018,wikipedia,,revisioned_secondary
WIKI-COUNTY-2018-02-012,2018,列表 / 撤销县，设立县级市,abolish_or_merge,昭通市,CNUR-000270,水富县、水富市,水富县,水富市,撤销水富县，设立县级水富市,县,county_level,水富县 | 云南省昭通市 | 7月2日中华人民共和国民政部同意；9月7日云南省人民政府公布 | 撤销水富县，设立县级水富市 | 水富市 | 民函〔2018〕108号,2018年中华人民共和国县级以上行政区划变更列表,https://zh.wikipedia.org/wiki/2018%E5%B9%B4%E4%B8%AD%E5%8D%8E%E4%BA%BA%E6%B0%91%E5%85%B1%E5%92%8C%E5%9B%BD%E5%8E%BF%E7%BA%A7%E4%BB%A5%E4%B8%8A%E8%A1%8C%E6%94%BF%E5%8C%BA%E5%88%92%E5%8F%98%E6%9B%B4%E5%88%97%E8%A1%A8,93273619,wikipedia_row_loose_relation,SRC-WIKI-2018,wikipedia,,revisioned_secondary
WIKI-COUNTY-2018-02-013,2018,列表 / 撤销县，设立县级市,abolish_or_merge,平凉市,CNUR-000306,华亭县、华亭市,华亭县,华亭市,撤销华亭县，设立县级华亭市,县,county_level,华亭县 | 甘肃省平凉市 | 7月2日中华人民共和国民政部同意；8月24日甘肃省人民政府公布 | 撤销华亭县，设立县级华亭市 | 华亭市 | 民函〔2018〕109号,2018年中华人民共和国县级以上行政区划变更列表,https://zh.wikipedia.org/wiki/2018%E5%B9%B4%E4%B8%AD%E5%8D%8E%E4%BA%BA%E6%B0%91%E5%85%B1%E5%92%8C%E5%9B%BD%E5%8E%BF%E7%BA%A7%E4%BB%A5%E4%B8%8A%E8%A1%8C%E6%94%BF%E5%8C%BA%E5%88%92%E5%8F%98%E6%9B%B4%E5%88%97%E8%A1%A8,93273619,wikipedia_row_loose_relation,SRC-WIKI-2018,wikipedia,,revisioned_secondary
WIKI-COUNTY-2018-03-002,2018,列表 / 政府驻地变更,residence_change,晋城市,CNUR-000018,泽州县,泽州县,,泽州县人民政府由现驻地迁至金村镇府城街001号,县,county_level,泽州县 | 山西省晋城市 | 2月22日中华人民共和国民政部同意 | 泽州县人民政府由现驻地迁至金村镇府城街001号 | 民函〔2018〕45号,2018年中华人民共和国县级以上行政区划变更列表,https://zh.wikipedia.org/wiki/2018%E5%B9%B4%E4%B8%AD%E5%8D%8E%E4%BA%BA%E6%B0%91%E5%85%B1%E5%92%8C%E5%9B%BD%E5%8E%BF%E7%BA%A7%E4%BB%A5%E4%B8%8A%E8%A1%8C%E6%94%BF%E5%8C%BA%E5%88%92%E5%8F%98%E6%9B%B4%E5%88%97%E8%A1%A8,93273619,wikipedia_row_loose_relation,SRC-WIKI-2018,wikipedia,,revisioned_secondary
WIKI-COUNTY-2018-03-003,2018,列表 / 政府驻地变更,residence_change,北京市,CNUR-000001,,,,北京市人民政府驻地由东城区正义路2号迁至通州区运河东大街57号,,untyped_county_record,北京市 | 无 | 8月19日中华人民共和国国务院同意；2019年1月11日北京市人民政府公布 | 北京市人民政府驻地由东城区正义路2号迁至通州区运河东大街57号 | 国函〔2018〕103号,2018年中华人民共和国县级以上行政区划变更列表,https://zh.wikipedia.org/wiki/2018%E5%B9%B4%E4%B8%AD%E5%8D%8E%E4%BA%BA%E6%B0%91%E5%85%B1%E5%92%8C%E5%9B%BD%E5%8E%BF%E7%BA%A7%E4%BB%A5%E4%B8%8A%E8%A1%8C%E6%94%BF%E5%8C%BA%E5%88%92%E5%8F%98%E6%9B%B4%E5%88%97%E8%A1%A8,93273619,wikipedia_row_loose_relation,SRC-WIKI-2018,wikipedia,,revisioned_secondary
WIKI-COUNTY-2018-04-002,2018,列表 / 其它,establish,大同市,CNUR-000015,城区、南郊区、矿区、平城区、云冈区,城区、南郊区、矿区,平城区、云冈区,设立大同市平城区，以原城区的南关街道、北关街道、东街街道、西街街道、；南街街道、北街街道、新建南路街道、新建北路街道、；大庆路街道、新华街街道、向阳里街道、振华南街街道；原南郊区的水泊寺乡、新旺乡、马军营乡的行政区域为平城区的行政区域；设立大同市云冈区，以原城区的西花园街道、老平旺街道；原南郊区的高山镇、云冈镇、口泉乡、平旺乡、西韩岭乡、鸦儿崖乡；原矿区的行政区域为云冈区的行政区域,市辖区,county_level,城区；南郊区；矿区 | 山西省大同市 | 2月9日中华人民共和国国务院同意；3月21日大同市长武宏文公布 | 设立大同市平城区，以原城区的南关街道、北关街道、东街街道、西街街道、；南街街道、北街街道、新建南路街道、新建北路街道、；大庆路街道、新华街街道、向阳里街道、振华南街街道；原南郊区的水泊寺乡、新旺乡、马军营乡的行政区域为平城区的行政区域；设立大同市云冈区，以原城区的西花园街道、老平旺街道；原南郊区的高山镇、云冈镇、口泉乡、平旺乡、西韩岭乡、鸦儿崖乡；原矿区的行政区域为云冈区的行政区域 | 平城区；云冈区 | 国函〔2018〕22号,2018年中华人民共和国县级以上行政区划变更列表,https://zh.wikipedia.org/wiki/2018%E5%B9%B4%E4%B8%AD%E5%8D%8E%E4%BA%BA%E6%B0%91%E5%85%B1%E5%92%8C%E5%9B%BD%E5%8E%BF%E7%BA%A7%E4%BB%A5%E4%B8%8A%E8%A1%8C%E6%94%BF%E5%8C%BA%E5%88%92%E5%8F%98%E6%9B%B4%E5%88%97%E8%A1%A8,93273619,wikipedia_row_loose_relation,SRC-WIKI-2018,wikipedia,,revisioned_secondary
WIKI-COUNTY-2018-04-003,2018,列表 / 其它,jurisdiction_transfer,深圳市,CNUR-000198,光明新区、宝安区、光明区,光明新区,光明区,设立深圳市光明区，将深圳市宝安区的光明街道、公明街道、新湖街道、；凤凰街道、玉塘街道、马田街道划归光明区管辖,市辖区,county_level,宝安区（部分） | 广东省深圳市 | 2月9日中华人民共和国国务院同意；5月24日广东省人民政府公布 | 设立深圳市光明区，将深圳市宝安区的光明街道、公明街道、新湖街道、；凤凰街道、玉塘街道、马田街道划归光明区管辖 | 光明区 | 国函〔2018〕25号,2018年中华人民共和国县级以上行政区划变更列表,https://zh.wikipedia.org/wiki/2018%E5%B9%B4%E4%B8%AD%E5%8D%8E%E4%BA%BA%E6%B0%91%E5%85%B1%E5%92%8C%E5%9B%BD%E5%8E%BF%E7%BA%A7%E4%BB%A5%E4%B8%8A%E8%A1%8C%E6%94%BF%E5%8C%BA%E5%88%92%E5%8F%98%E6%9B%B4%E5%88%97%E8%A1%A8,93273619,wikipedia_row_loose_relation,SRC-WIKI-2018,wikipedia,,revisioned_secondary
WIKI-COUNTY-2018-04-004,2018,列表 / 其它,abolish_or_merge,海西蒙古族藏族自治州,CNUR-000320,茫崖市,,茫崖市,撤销茫崖行政委员会和冷湖行政委员会，设立县级茫崖市,县,county_level,无 | 青海省海西蒙古族藏族自治州 | 2月22日中华人民共和国民政部同意 | 撤销茫崖行政委员会和冷湖行政委员会，设立县级茫崖市 | 茫崖市 | 民函〔2018〕48号,2018年中华人民共和国县级以上行政区划变更列表,https://zh.wikipedia.org/wiki/2018%E5%B9%B4%E4%B8%AD%E5%8D%8E%E4%BA%BA%E6%B0%91%E5%85%B1%E5%92%8C%E5%9B%BD%E5%8E%BF%E7%BA%A7%E4%BB%A5%E4%B8%8A%E8%A1%8C%E6%94%BF%E5%8C%BA%E5%88%92%E5%8F%98%E6%9B%B4%E5%88%97%E8%A1%A8,93273619,wikipedia_row_loose_relation,SRC-WIKI-2018,wikipedia,,revisioned_secondary
WIKI-COUNTY-2018-04-005,2018,列表 / 其它,merge,长治市,CNUR-000017,城区、郊区、潞州区,城区、郊区,潞州区,撤销城区、郊区，合并设立长治市潞州区,市辖区,county_level,城区；郊区 | 山西省长治市 | 6月19日中华人民共和国民政部同意；11月22日山西省人民政府公布 | 撤销城区、郊区，合并设立长治市潞州区 | 潞州区 | 国函〔2018〕87号,2018年中华人民共和国县级以上行政区划变更列表,https://zh.wikipedia.org/wiki/2018%E5%B9%B4%E4%B8%AD%E5%8D%8E%E4%BA%BA%E6%B0%91%E5%85%B1%E5%92%8C%E5%9B%BD%E5%8E%BF%E7%BA%A7%E4%BB%A5%E4%B8%8A%E8%A1%8C%E6%94%BF%E5%8C%BA%E5%88%92%E5%8F%98%E6%9B%B4%E5%88%97%E8%A1%A8,93273619,wikipedia_row_loose_relation,SRC-WIKI-2018,wikipedia,,revisioned_secondary
WIKI-COUNTY-2018-04-006,2018,列表 / 其它,jurisdiction_transfer,济南市、莱芜市,CNUR-000135、CNUR-000146,莱城区、钢城区、莱芜区,莱城区、钢城区,莱芜区、钢城区,撤销莱芜市，将其所辖区域划归济南市管辖；设立济南市莱芜区，原莱芜市莱城区的行政区域为莱芜区的行政区域；设立济南市钢城区，原莱芜市钢城区的行政区域为钢城区的行政区域,市辖区,county_level,莱芜市莱城区；莱芜市钢城区 | 山东省 | 12月26日中华人民共和国国务院同意；2019年1月6日山东省人民政府公布 | 撤销莱芜市，将其所辖区域划归济南市管辖；设立济南市莱芜区，原莱芜市莱城区的行政区域为莱芜区的行政区域；设立济南市钢城区，原莱芜市钢城区的行政区域为钢城区的行政区域 | 济南市莱芜区；济南市钢城区 | 国函〔2018〕163号,2018年中华人民共和国县级以上行政区划变更列表,https://zh.wikipedia.org/wiki/2018%E5%B9%B4%E4%B8%AD%E5%8D%8E%E4%BA%BA%E6%B0%91%E5%85%B1%E5%92%8C%E5%9B%BD%E5%8E%BF%E7%BA%A7%E4%BB%A5%E4%B8%8A%E8%A1%8C%E6%94%BF%E5%8C%BA%E5%88%92%E5%8F%98%E6%9B%B4%E5%88%97%E8%A1%A8,93273619,wikipedia_row_loose_relation,SRC-WIKI-2018,wikipedia,,revisioned_secondary
WIKI-COUNTY-2019-01-002,2019,列表 / 撤销县，设立市辖区,abolish_or_merge,上饶市,CNUR-000134,上饶县、广信区,上饶县,广信区,撤销上饶县，设立上饶市广信区,市辖区、县,county_level,上饶县 | 江西省上饶市 | 6月27日中华人民共和国国务院同意；7月31日江西省人民政府公布 | 撤销上饶县，设立上饶市广信区 | 广信区 | 国函〔2019〕59号,2019年中华人民共和国县级以上行政区划变更列表,https://zh.wikipedia.org/wiki/2019%E5%B9%B4%E4%B8%AD%E5%8D%8E%E4%BA%BA%E6%B0%91%E5%85%B1%E5%92%8C%E5%9B%BD%E5%8E%BF%E7%BA%A7%E4%BB%A5%E4%B8%8A%E8%A1%8C%E6%94%BF%E5%8C%BA%E5%88%92%E5%8F%98%E6%9B%B4%E5%88%97%E8%A1%A8,83308898,wikipedia_row_loose_relation,SRC-WIKI-2019,wikipedia,,revisioned_secondary
WIKI-COUNTY-2019-01-003,2019,列表 / 撤销县，设立市辖区,abolish_or_merge,聊城市,CNUR-000149,茌平县、茌平区,茌平县,茌平区,撤销茌平县，设立聊城市茌平区,市辖区、县,county_level,茌平县 | 山东省聊城市 | 6月27日中华人民共和国国务院同意；8月2日山东省人民政府公布 | 撤销茌平县，设立聊城市茌平区 | 茌平区 | 国函〔2019〕60号,2019年中华人民共和国县级以上行政区划变更列表,https://zh.wikipedia.org/wiki/2019%E5%B9%B4%E4%B8%AD%E5%8D%8E%E4%BA%BA%E6%B0%91%E5%85%B1%E5%92%8C%E5%9B%BD%E5%8E%BF%E7%BA%A7%E4%BB%A5%E4%B8%8A%E8%A1%8C%E6%94%BF%E5%8C%BA%E5%88%92%E5%8F%98%E6%9B%B4%E5%88%97%E8%A1%A8,83308898,wikipedia_row_loose_relation,SRC-WIKI-2019,wikipedia,,revisioned_secondary
WIKI-COUNTY-2019-01-004,2019,列表 / 撤销县，设立市辖区,abolish_or_merge,周口市,CNUR-000167,淮阳县、淮阳区,淮阳县,淮阳区,撤销淮阳县，设立周口市淮阳区,市辖区、县,county_level,淮阳县 | 河南省周口市 | 6月27日中华人民共和国国务院同意；8月5日河南省人民政府公布 | 撤销淮阳县，设立周口市淮阳区 | 淮阳区 | 国函〔2019〕61号,2019年中华人民共和国县级以上行政区划变更列表,https://zh.wikipedia.org/wiki/2019%E5%B9%B4%E4%B8%AD%E5%8D%8E%E4%BA%BA%E6%B0%91%E5%85%B1%E5%92%8C%E5%9B%BD%E5%8E%BF%E7%BA%A7%E4%BB%A5%E4%B8%8A%E8%A1%8C%E6%94%BF%E5%8C%BA%E5%88%92%E5%8F%98%E6%9B%B4%E5%88%97%E8%A1%A8,83308898,wikipedia_row_loose_relation,SRC-WIKI-2019,wikipedia,,revisioned_secondary
WIKI-COUNTY-2019-01-005,2019,列表 / 撤销县，设立市辖区,abolish_or_merge,百色市,CNUR-000226,田阳县、田阳区,田阳县,田阳区,撤销田阳县，设立百色市田阳区,市辖区、县,county_level,田阳县 | 广西壮族自治区百色市 | 6月27日中华人民共和国国务院同意；8月26日广西壮族自治区人民政府公布 | 撤销田阳县，设立百色市田阳区 | 田阳区 | 国函〔2019〕62号,2019年中华人民共和国县级以上行政区划变更列表,https://zh.wikipedia.org/wiki/2019%E5%B9%B4%E4%B8%AD%E5%8D%8E%E4%BA%BA%E6%B0%91%E5%85%B1%E5%92%8C%E5%9B%BD%E5%8E%BF%E7%BA%A7%E4%BB%A5%E4%B8%8A%E8%A1%8C%E6%94%BF%E5%8C%BA%E5%88%92%E5%8F%98%E6%9B%B4%E5%88%97%E8%A1%A8,83308898,wikipedia_row_loose_relation,SRC-WIKI-2019,wikipedia,,revisioned_secondary
WIKI-COUNTY-2019-01-006,2019,列表 / 撤销县，设立市辖区,abolish_or_merge,晋中市,CNUR-000020,太谷县、太谷区,太谷县,太谷区,撤销太谷县，设立晋中市太谷区,市辖区、县,county_level,太谷县 | 山西省晋中市 | 11月6日中华人民共和国国务院同意；12月9日山西省人民政府公布 | 撤销太谷县，设立晋中市太谷区 | 太谷区 | 国函〔2019〕104号,2019年中华人民共和国县级以上行政区划变更列表,https://zh.wikipedia.org/wiki/2019%E5%B9%B4%E4%B8%AD%E5%8D%8E%E4%BA%BA%E6%B0%91%E5%85%B1%E5%92%8C%E5%9B%BD%E5%8E%BF%E7%BA%A7%E4%BB%A5%E4%B8%8A%E8%A1%8C%E6%94%BF%E5%8C%BA%E5%88%92%E5%8F%98%E6%9B%B4%E5%88%97%E8%A1%A8,83308898,wikipedia_row_loose_relation,SRC-WIKI-2019,wikipedia,,revisioned_secondary
WIKI-COUNTY-2019-01-007,2019,列表 / 撤销县，设立市辖区,abolish_or_merge,西宁市,CNUR-000313,湟中县、湟中区,湟中县,湟中区,撤销湟中县，设立西宁市湟中区,市辖区、县,county_level,湟中县 | 青海省西宁市 | 11月6日中华人民共和国国务院同意；12月6日青海省人民政府公布 | 撤销湟中县，设立西宁市湟中区 | 湟中区 | 国函〔2019〕106号,2019年中华人民共和国县级以上行政区划变更列表,https://zh.wikipedia.org/wiki/2019%E5%B9%B4%E4%B8%AD%E5%8D%8E%E4%BA%BA%E6%B0%91%E5%85%B1%E5%92%8C%E5%9B%BD%E5%8E%BF%E7%BA%A7%E4%BB%A5%E4%B8%8A%E8%A1%8C%E6%94%BF%E5%8C%BA%E5%88%92%E5%8F%98%E6%9B%B4%E5%88%97%E8%A1%A8,83308898,wikipedia_row_loose_relation,SRC-WIKI-2019,wikipedia,,revisioned_secondary
WIKI-COUNTY-2019-02-002,2019,列表 / 撤销县，设立县级市,abolish_or_merge,宣城市,CNUR-000114,广德县、广德市,广德县,广德市,撤销广德县，设立县级广德市,县,county_level,广德县 | 安徽省宣城市 | 7月12日中华人民共和国民政部同意；8月6日安徽省人民政府公布 | 撤销广德县，设立县级广德市 | 广德市 | 民函〔2019〕70号,2019年中华人民共和国县级以上行政区划变更列表,https://zh.wikipedia.org/wiki/2019%E5%B9%B4%E4%B8%AD%E5%8D%8E%E4%BA%BA%E6%B0%91%E5%85%B1%E5%92%8C%E5%9B%BD%E5%8E%BF%E7%BA%A7%E4%BB%A5%E4%B8%8A%E8%A1%8C%E6%94%BF%E5%8C%BA%E5%88%92%E5%8F%98%E6%9B%B4%E5%88%97%E8%A1%A8,83308898,wikipedia_row_loose_relation,SRC-WIKI-2019,wikipedia,,revisioned_secondary
WIKI-COUNTY-2019-02-003,2019,列表 / 撤销县，设立县级市,abolish_or_merge,邵阳市,CNUR-000186,邵东县、邵东市,邵东县,邵东市,撤销邵东县，设立县级邵东市,县,county_level,邵东县 | 湖南省邵阳市 | 7月12日中华人民共和国民政部同意；7月27日湖南省人民政府公布 | 撤销邵东县，设立县级邵东市 | 邵东市 | 民函〔2019〕71号,2019年中华人民共和国县级以上行政区划变更列表,https://zh.wikipedia.org/wiki/2019%E5%B9%B4%E4%B8%AD%E5%8D%8E%E4%BA%BA%E6%B0%91%E5%85%B1%E5%92%8C%E5%9B%BD%E5%8E%BF%E7%BA%A7%E4%BB%A5%E4%B8%8A%E8%A1%8C%E6%94%BF%E5%8C%BA%E5%88%92%E5%8F%98%E6%9B%B4%E5%88%97%E8%A1%A8,83308898,wikipedia_row_loose_relation,SRC-WIKI-2019,wikipedia,,revisioned_secondary
WIKI-COUNTY-2019-02-004,2019,列表 / 撤销县，设立县级市,abolish_or_merge,遂宁市,CNUR-000243,射洪县、射洪市,射洪县,射洪市,撤销射洪县，设立县级射洪市,县,county_level,射洪县 | 四川省遂宁市 | 7月12日中华人民共和国民政部同意；8月16日四川省人民政府公布 | 撤销射洪县，设立县级射洪市 | 射洪市 | 民函〔2019〕72号,2019年中华人民共和国县级以上行政区划变更列表,https://zh.wikipedia.org/wiki/2019%E5%B9%B4%E4%B8%AD%E5%8D%8E%E4%BA%BA%E6%B0%91%E5%85%B1%E5%92%8C%E5%9B%BD%E5%8E%BF%E7%BA%A7%E4%BB%A5%E4%B8%8A%E8%A1%8C%E6%94%BF%E5%8C%BA%E5%88%92%E5%8F%98%E6%9B%B4%E5%88%97%E8%A1%A8,83308898,wikipedia_row_loose_relation,SRC-WIKI-2019,wikipedia,,revisioned_secondary
WIKI-COUNTY-2019-02-005,2019,列表 / 撤销县，设立县级市,abolish_or_merge,延安市,CNUR-000294,子长县、子长市,子长县,子长市,撤销子长县，设立县级子长市,县,county_level,子长县 | 陕西省延安市 | 7月12日中华人民共和国民政部同意；7月25日陕西省人民政府公布 | 撤销子长县，设立县级子长市 | 子长市 | 民函〔2019〕73号,2019年中华人民共和国县级以上行政区划变更列表,https://zh.wikipedia.org/wiki/2019%E5%B9%B4%E4%B8%AD%E5%8D%8E%E4%BA%BA%E6%B0%91%E5%85%B1%E5%92%8C%E5%9B%BD%E5%8E%BF%E7%BA%A7%E4%BB%A5%E4%B8%8A%E8%A1%8C%E6%94%BF%E5%8C%BA%E5%88%92%E5%8F%98%E6%9B%B4%E5%88%97%E8%A1%A8,83308898,wikipedia_row_loose_relation,SRC-WIKI-2019,wikipedia,,revisioned_secondary
WIKI-COUNTY-2019-02-006,2019,列表 / 撤销县，设立县级市,abolish_or_merge,新乡市,CNUR-000158,长垣县、长垣市,长垣县,长垣市,撤销长垣县，设立县级长垣市,县,county_level,长垣县 | 河南省新乡市 | 7月12日中华人民共和国民政部同意；8月24日河南省人民政府公布 | 撤销长垣县，设立县级长垣市 | 长垣市 | 民函〔2019〕74号,2019年中华人民共和国县级以上行政区划变更列表,https://zh.wikipedia.org/wiki/2019%E5%B9%B4%E4%B8%AD%E5%8D%8E%E4%BA%BA%E6%B0%91%E5%85%B1%E5%92%8C%E5%9B%BD%E5%8E%BF%E7%BA%A7%E4%BB%A5%E4%B8%8A%E8%A1%8C%E6%94%BF%E5%8C%BA%E5%88%92%E5%8F%98%E6%9B%B4%E5%88%97%E8%A1%A8,83308898,wikipedia_row_loose_relation,SRC-WIKI-2019,wikipedia,,revisioned_secondary
WIKI-COUNTY-2019-02-007,2019,列表 / 撤销县，设立县级市,abolish_or_merge,黑河市,CNUR-000070,嫩江县、嫩江市,嫩江县,嫩江市,撤销嫩江县，设立县级嫩江市,县,county_level,嫩江县 | 黑龙江省黑河市 | 7月12日中华人民共和国民政部同意；8月24日黑龙江省人民政府公布 | 撤销嫩江县，设立县级嫩江市 | 嫩江市 | 民函〔2019〕75号,2019年中华人民共和国县级以上行政区划变更列表,https://zh.wikipedia.org/wiki/2019%E5%B9%B4%E4%B8%AD%E5%8D%8E%E4%BA%BA%E6%B0%91%E5%85%B1%E5%92%8C%E5%9B%BD%E5%8E%BF%E7%BA%A7%E4%BB%A5%E4%B8%8A%E8%A1%8C%E6%94%BF%E5%8C%BA%E5%88%92%E5%8F%98%E6%9B%B4%E5%88%97%E8%A1%A8,83308898,wikipedia_row_loose_relation,SRC-WIKI-2019,wikipedia,,revisioned_secondary
WIKI-COUNTY-2019-02-008,2019,列表 / 撤销县，设立县级市,abolish_or_merge,百色市,CNUR-000226,平果县、平果市,平果县,平果市,撤销平果县，设立县级平果市,县,county_level,平果县 | 广西壮族自治区百色市 | 11月20日中华人民共和国民政部同意；12月26日广西壮族自治区人民政府公布 | 撤销平果县，设立县级平果市 | 平果市 | 民函〔2019〕122号,2019年中华人民共和国县级以上行政区划变更列表,https://zh.wikipedia.org/wiki/2019%E5%B9%B4%E4%B8%AD%E5%8D%8E%E4%BA%BA%E6%B0%91%E5%85%B1%E5%92%8C%E5%9B%BD%E5%8E%BF%E7%BA%A7%E4%BB%A5%E4%B8%8A%E8%A1%8C%E6%94%BF%E5%8C%BA%E5%88%92%E5%8F%98%E6%9B%B4%E5%88%97%E8%A1%A8,83308898,wikipedia_row_loose_relation,SRC-WIKI-2019,wikipedia,,revisioned_secondary
WIKI-COUNTY-2019-02-009,2019,列表 / 撤销县，设立县级市,abolish_or_merge,阿克苏地区,CNUR-000333,库车县、库车市,库车县,库车市,撤销库车县，设立县级库车市,县,county_level,库车县 | 新疆维吾尔自治区阿克苏地区 | 11月20日中华人民共和国民政部同意；12月20日新疆维吾尔自治区人民政府公布 | 撤销库车县，设立县级库车市 | 库车市 | 民函〔2019〕123号,2019年中华人民共和国县级以上行政区划变更列表,https://zh.wikipedia.org/wiki/2019%E5%B9%B4%E4%B8%AD%E5%8D%8E%E4%BA%BA%E6%B0%91%E5%85%B1%E5%92%8C%E5%9B%BD%E5%8E%BF%E7%BA%A7%E4%BB%A5%E4%B8%8A%E8%A1%8C%E6%94%BF%E5%8C%BA%E5%88%92%E5%8F%98%E6%9B%B4%E5%88%97%E8%A1%A8,83308898,wikipedia_row_loose_relation,SRC-WIKI-2019,wikipedia,,revisioned_secondary
WIKI-COUNTY-2019-02-010,2019,列表 / 撤销县，设立县级市,abolish_or_merge,玉溪市,CNUR-000268,澄江县、澄江市,澄江县,澄江市,撤销澄江县，设立县级澄江市,县,county_level,澄江县 | 云南省玉溪市 | 11月20日中华人民共和国民政部同意；12月13日云南省人民政府公布 | 撤销澄江县，设立县级澄江市 | 澄江市 | 民函〔2019〕124号,2019年中华人民共和国县级以上行政区划变更列表,https://zh.wikipedia.org/wiki/2019%E5%B9%B4%E4%B8%AD%E5%8D%8E%E4%BA%BA%E6%B0%91%E5%85%B1%E5%92%8C%E5%9B%BD%E5%8E%BF%E7%BA%A7%E4%BB%A5%E4%B8%8A%E8%A1%8C%E6%94%BF%E5%8C%BA%E5%88%92%E5%8F%98%E6%9B%B4%E5%88%97%E8%A1%A8,83308898,wikipedia_row_loose_relation,SRC-WIKI-2019,wikipedia,,revisioned_secondary
WIKI-COUNTY-2019-02-011,2019,列表 / 撤销县，设立县级市,abolish_or_merge,芜湖市,CNUR-000099,无为县、无为市,无为县,无为市,撤销无为县，设立县级无为市,县,county_level,无为县 | 安徽省芜湖市 | 11月20日中华人民共和国民政部同意；12月16日安徽省人民政府公布 | 撤销无为县，设立县级无为市 | 无为市 | 民函〔2019〕125号,2019年中华人民共和国县级以上行政区划变更列表,https://zh.wikipedia.org/wiki/2019%E5%B9%B4%E4%B8%AD%E5%8D%8E%E4%BA%BA%E6%B0%91%E5%85%B1%E5%92%8C%E5%9B%BD%E5%8E%BF%E7%BA%A7%E4%BB%A5%E4%B8%8A%E8%A1%8C%E6%94%BF%E5%8C%BA%E5%88%92%E5%8F%98%E6%9B%B4%E5%88%97%E8%A1%A8,83308898,wikipedia_row_loose_relation,SRC-WIKI-2019,wikipedia,,revisioned_secondary
WIKI-COUNTY-2019-03-002,2019,列表 / 其它,jurisdiction_transfer,济南市、莱芜市,CNUR-000135、CNUR-000146,莱城区、钢城区、莱芜区,莱城区、钢城区,莱芜区、钢城区,撤销莱芜市，将其所辖区域划归济南市管辖；设立济南市莱芜区，原莱芜市莱城区的行政区域为莱芜区的行政区域；设立济南市钢城区，原莱芜市钢城区的行政区域为钢城区的行政区域,市辖区,county_level,莱芜市莱城区；莱芜市钢城区 | 山东省 | 2018年12月26日中华人民共和国国务院同意；1月6日山东省人民政府公布 | 撤销莱芜市，将其所辖区域划归济南市管辖；设立济南市莱芜区，原莱芜市莱城区的行政区域为莱芜区的行政区域；设立济南市钢城区，原莱芜市钢城区的行政区域为钢城区的行政区域 | 济南市莱芜区；济南市钢城区 | 国函〔2018〕163号,2019年中华人民共和国县级以上行政区划变更列表,https://zh.wikipedia.org/wiki/2019%E5%B9%B4%E4%B8%AD%E5%8D%8E%E4%BA%BA%E6%B0%91%E5%85%B1%E5%92%8C%E5%9B%BD%E5%8E%BF%E7%BA%A7%E4%BB%A5%E4%B8%8A%E8%A1%8C%E6%94%BF%E5%8C%BA%E5%88%92%E5%8F%98%E6%9B%B4%E5%88%97%E8%A1%A8,83308898,wikipedia_row_loose_relation,SRC-WIKI-2019,wikipedia,,revisioned_secondary
WIKI-COUNTY-2019-03-003,2019,列表 / 其它,abolish_or_merge,伊春市,CNUR-000066,乌伊岭区、汤旺河区、汤旺县,乌伊岭区、汤旺河区,汤旺县,撤销伊春市乌伊岭区、汤旺河区，设立汤旺县,市辖区、县,county_level,乌伊岭区；汤旺河区 | 黑龙江省伊春市 | 6月29日中华人民共和国国务院同意；7月14日黑龙江省人民政府公布 | 撤销伊春市乌伊岭区、汤旺河区，设立汤旺县 | 汤旺县 | 国函〔2019〕63号,2019年中华人民共和国县级以上行政区划变更列表,https://zh.wikipedia.org/wiki/2019%E5%B9%B4%E4%B8%AD%E5%8D%8E%E4%BA%BA%E6%B0%91%E5%85%B1%E5%92%8C%E5%9B%BD%E5%8E%BF%E7%BA%A7%E4%BB%A5%E4%B8%8A%E8%A1%8C%E6%94%BF%E5%8C%BA%E5%88%92%E5%8F%98%E6%9B%B4%E5%88%97%E8%A1%A8,83308898,wikipedia_row_loose_relation,SRC-WIKI-2019,wikipedia,,revisioned_secondary
WIKI-COUNTY-2019-03-004,2019,列表 / 其它,abolish_or_merge,伊春市,CNUR-000066,新青区、红星区、五营区、丰林县,新青区、红星区、五营区,丰林县,撤销伊春市新青区、红星区、五营区，设立丰林县,市辖区、县,county_level,黑龙江省伊春市 | 6月29日中华人民共和国国务院同意；7月14日黑龙江省人民政府公布 | 国函〔2019〕63号 | 新青区；红星区；五营区 | 撤销伊春市新青区、红星区、五营区，设立丰林县 | 丰林县,2019年中华人民共和国县级以上行政区划变更列表,https://zh.wikipedia.org/wiki/2019%E5%B9%B4%E4%B8%AD%E5%8D%8E%E4%BA%BA%E6%B0%91%E5%85%B1%E5%92%8C%E5%9B%BD%E5%8E%BF%E7%BA%A7%E4%BB%A5%E4%B8%8A%E8%A1%8C%E6%94%BF%E5%8C%BA%E5%88%92%E5%8F%98%E6%9B%B4%E5%88%97%E8%A1%A8,83308898,wikipedia_row_loose_relation,SRC-WIKI-2019,wikipedia,,revisioned_secondary
WIKI-COUNTY-2019-03-005,2019,列表 / 其它,jurisdiction_transfer,伊春市,CNUR-000066,带岭区、县级铁力市、大箐山县,带岭区,大箐山县,撤销伊春市带岭区，设立大箐山县；县级铁力市的朗乡镇划归大箐山县管辖,市辖区、县,county_level,黑龙江省伊春市 | 6月29日中华人民共和国国务院同意；7月14日黑龙江省人民政府公布 | 国函〔2019〕63号 | 带岭区 | 撤销伊春市带岭区，设立大箐山县；县级铁力市的朗乡镇划归大箐山县管辖 | 大箐山县,2019年中华人民共和国县级以上行政区划变更列表,https://zh.wikipedia.org/wiki/2019%E5%B9%B4%E4%B8%AD%E5%8D%8E%E4%BA%BA%E6%B0%91%E5%85%B1%E5%92%8C%E5%9B%BD%E5%8E%BF%E7%BA%A7%E4%BB%A5%E4%B8%8A%E8%A1%8C%E6%94%BF%E5%8C%BA%E5%88%92%E5%8F%98%E6%9B%B4%E5%88%97%E8%A1%A8,83308898,wikipedia_row_loose_relation,SRC-WIKI-2019,wikipedia,,revisioned_secondary
WIKI-COUNTY-2019-03-006,2019,列表 / 其它,abolish_or_merge,伊春市,CNUR-000066,南岔区、南岔县,南岔区,南岔县,撤销伊春市南岔区，设立南岔县,市辖区、县,county_level,黑龙江省伊春市 | 6月29日中华人民共和国国务院同意；7月14日黑龙江省人民政府公布 | 国函〔2019〕63号 | 南岔区 | 撤销伊春市南岔区，设立南岔县 | 南岔县,2019年中华人民共和国县级以上行政区划变更列表,https://zh.wikipedia.org/wiki/2019%E5%B9%B4%E4%B8%AD%E5%8D%8E%E4%BA%BA%E6%B0%91%E5%85%B1%E5%92%8C%E5%9B%BD%E5%8E%BF%E7%BA%A7%E4%BB%A5%E4%B8%8A%E8%A1%8C%E6%94%BF%E5%8C%BA%E5%88%92%E5%8F%98%E6%9B%B4%E5%88%97%E8%A1%A8,83308898,wikipedia_row_loose_relation,SRC-WIKI-2019,wikipedia,,revisioned_secondary
WIKI-COUNTY-2019-03-007,2019,列表 / 其它,abolish_or_merge,伊春市,CNUR-000066,乌马河区、伊春区、美溪区、伊美区,乌马河区、伊春区、美溪区,伊美区,撤销伊春市乌马河区、伊春区、美溪区，设立伊春市伊美区；原乌马河区部分行政区域和原伊春区、美溪区的行政区域为伊美区的行政区域,市辖区,county_level,黑龙江省伊春市 | 6月29日中华人民共和国国务院同意；7月14日黑龙江省人民政府公布 | 国函〔2019〕63号 | 乌马河区（部分）；伊春区；美溪区 | 撤销伊春市乌马河区、伊春区、美溪区，设立伊春市伊美区；原乌马河区部分行政区域和原伊春区、美溪区的行政区域为伊美区的行政区域 | 伊美区,2019年中华人民共和国县级以上行政区划变更列表,https://zh.wikipedia.org/wiki/2019%E5%B9%B4%E4%B8%AD%E5%8D%8E%E4%BA%BA%E6%B0%91%E5%85%B1%E5%92%8C%E5%9B%BD%E5%8E%BF%E7%BA%A7%E4%BB%A5%E4%B8%8A%E8%A1%8C%E6%94%BF%E5%8C%BA%E5%88%92%E5%8F%98%E6%9B%B4%E5%88%97%E8%A1%A8,83308898,wikipedia_row_loose_relation,SRC-WIKI-2019,wikipedia,,revisioned_secondary
WIKI-COUNTY-2019-03-008,2019,列表 / 其它,abolish_or_merge,伊春市,CNUR-000066,乌马河区、翠峦区、乌翠区,乌马河区、翠峦区,乌翠区,撤销伊春市乌马河区、翠峦区，设立伊春市乌翠区；原乌马河区部分行政区域和原翠峦区的行政区域为乌翠区的行政区域,市辖区,county_level,黑龙江省伊春市 | 6月29日中华人民共和国国务院同意；7月14日黑龙江省人民政府公布 | 国函〔2019〕63号 | 乌马河区（部分）；翠峦区 | 撤销伊春市乌马河区、翠峦区，设立伊春市乌翠区；原乌马河区部分行政区域和原翠峦区的行政区域为乌翠区的行政区域 | 乌翠区,2019年中华人民共和国县级以上行政区划变更列表,https://zh.wikipedia.org/wiki/2019%E5%B9%B4%E4%B8%AD%E5%8D%8E%E4%BA%BA%E6%B0%91%E5%85%B1%E5%92%8C%E5%9B%BD%E5%8E%BF%E7%BA%A7%E4%BB%A5%E4%B8%8A%E8%A1%8C%E6%94%BF%E5%8C%BA%E5%88%92%E5%8F%98%E6%9B%B4%E5%88%97%E8%A1%A8,83308898,wikipedia_row_loose_relation,SRC-WIKI-2019,wikipedia,,revisioned_secondary
WIKI-COUNTY-2019-03-009,2019,列表 / 其它,abolish_or_merge,伊春市,CNUR-000066,友好区、上甘岭区,友好区、上甘岭区,友好区,撤销伊春市友好区、上甘岭区，设立新的伊春市友好区；原友好区、上甘岭区的行政区域为新的友好区的行政区域,市辖区,county_level,黑龙江省伊春市 | 6月29日中华人民共和国国务院同意；7月14日黑龙江省人民政府公布 | 国函〔2019〕63号 | 友好区；上甘岭区 | 撤销伊春市友好区、上甘岭区，设立新的伊春市友好区；原友好区、上甘岭区的行政区域为新的友好区的行政区域 | 友好区,2019年中华人民共和国县级以上行政区划变更列表,https://zh.wikipedia.org/wiki/2019%E5%B9%B4%E4%B8%AD%E5%8D%8E%E4%BA%BA%E6%B0%91%E5%85%B1%E5%92%8C%E5%9B%BD%E5%8E%BF%E7%BA%A7%E4%BB%A5%E4%B8%8A%E8%A1%8C%E6%94%BF%E5%8C%BA%E5%88%92%E5%8F%98%E6%9B%B4%E5%88%97%E8%A1%A8,83308898,wikipedia_row_loose_relation,SRC-WIKI-2019,wikipedia,,revisioned_secondary
WIKI-COUNTY-2019-03-010,2019,列表 / 其它,abolish_or_merge,伊春市,CNUR-000066,西林区、金山屯区、金林区,西林区、金山屯区,金林区,撤销伊春市西林区、金山屯区，设立伊春市金林区；原西林区、金山屯区的行政区域为金林区的行政区域,市辖区、林区,county_level,黑龙江省伊春市 | 6月29日中华人民共和国国务院同意；7月14日黑龙江省人民政府公布 | 国函〔2019〕63号 | 西林区；金山屯区 | 撤销伊春市西林区、金山屯区，设立伊春市金林区；原西林区、金山屯区的行政区域为金林区的行政区域 | 金林区,2019年中华人民共和国县级以上行政区划变更列表,https://zh.wikipedia.org/wiki/2019%E5%B9%B4%E4%B8%AD%E5%8D%8E%E4%BA%BA%E6%B0%91%E5%85%B1%E5%92%8C%E5%9B%BD%E5%8E%BF%E7%BA%A7%E4%BB%A5%E4%B8%8A%E8%A1%8C%E6%94%BF%E5%8C%BA%E5%88%92%E5%8F%98%E6%9B%B4%E5%88%97%E8%A1%A8,83308898,wikipedia_row_loose_relation,SRC-WIKI-2019,wikipedia,,revisioned_secondary
WIKI-COUNTY-2019-03-011,2019,列表 / 其它,abolish_or_merge,伊春市、温州市,CNUR-000066、CNUR-000089,苍南县、龙港市,苍南县,龙港市,撤销苍南县龙港镇，设立县级龙港市,县,county_level,黑龙江省伊春市 | 6月29日中华人民共和国国务院同意；7月14日黑龙江省人民政府公布 | 国函〔2019〕63号 | 苍南县龙港镇 | 浙江省温州市 | 8月16日中华人民共和国民政部同意；8月30日浙江省人民政府公布 | 撤销苍南县龙港镇，设立县级龙港市 | 龙港市 | 民函〔2019〕83号,2019年中华人民共和国县级以上行政区划变更列表,https://zh.wikipedia.org/wiki/2019%E5%B9%B4%E4%B8%AD%E5%8D%8E%E4%BA%BA%E6%B0%91%E5%85%B1%E5%92%8C%E5%9B%BD%E5%8E%BF%E7%BA%A7%E4%BB%A5%E4%B8%8A%E8%A1%8C%E6%94%BF%E5%8C%BA%E5%88%92%E5%8F%98%E6%9B%B4%E5%88%97%E8%A1%A8,83308898,wikipedia_row_loose_relation,SRC-WIKI-2019,wikipedia,,revisioned_secondary
WIKI-COUNTY-2019-03-012,2019,列表 / 其它,merge,南昌市,CNUR-000124,湾里区,湾里区,,撤销南昌市湾里区，将其行政区域并入新建区,市辖区,county_level,湾里区 | 江西省南昌市 | 11月6日中华人民共和国国务院同意；12月25日江西省人民政府公布 | 撤销南昌市湾里区，将其行政区域并入新建区 | 无 | 国函〔2019〕105号,2019年中华人民共和国县级以上行政区划变更列表,https://zh.wikipedia.org/wiki/2019%E5%B9%B4%E4%B8%AD%E5%8D%8E%E4%BA%BA%E6%B0%91%E5%85%B1%E5%92%8C%E5%9B%BD%E5%8E%BF%E7%BA%A7%E4%BB%A5%E4%B8%8A%E8%A1%8C%E6%94%BF%E5%8C%BA%E5%88%92%E5%8F%98%E6%9B%B4%E5%88%97%E8%A1%A8,83308898,wikipedia_row_loose_relation,SRC-WIKI-2019,wikipedia,,revisioned_secondary
WIKI-COUNTY-2019-03-013,2019,列表 / 其它,jurisdiction_transfer,南昌市,CNUR-000124,东湖区、新建区、红谷滩区,,红谷滩区,设立南昌市红谷滩区；将东湖区沙井街道、卫东街道和新建区生米镇划归红谷滩区管辖,市辖区,county_level,江西省南昌市 | 11月6日中华人民共和国国务院同意；12月25日江西省人民政府公布 | 国函〔2019〕105号 | 新建区（部分）；东湖区（部分） | 设立南昌市红谷滩区；将东湖区沙井街道、卫东街道和新建区生米镇划归红谷滩区管辖 | 红谷滩区,2019年中华人民共和国县级以上行政区划变更列表,https://zh.wikipedia.org/wiki/2019%E5%B9%B4%E4%B8%AD%E5%8D%8E%E4%BA%BA%E6%B0%91%E5%85%B1%E5%92%8C%E5%9B%BD%E5%8E%BF%E7%BA%A7%E4%BB%A5%E4%B8%8A%E8%A1%8C%E6%94%BF%E5%8C%BA%E5%88%92%E5%8F%98%E6%9B%B4%E5%88%97%E8%A1%A8,83308898,wikipedia_row_loose_relation,SRC-WIKI-2019,wikipedia,,revisioned_secondary
WIKI-COUNTY-2019-03-014,2019,列表 / 其它,establish,南昌市,CNUR-000124,胡杨河市,,胡杨河市,设立县级胡杨河市,县,county_level,江西省南昌市 | 11月6日中华人民共和国国务院同意；12月25日江西省人民政府公布 | 国函〔2019〕105号 | 无 | 新疆维吾尔自治区 | 11月6日中华人民共和国国务院同意；12月6日新疆维吾尔自治区人民政府公布 | 设立县级胡杨河市 | 胡杨河市 | 国函〔2019〕107号,2019年中华人民共和国县级以上行政区划变更列表,https://zh.wikipedia.org/wiki/2019%E5%B9%B4%E4%B8%AD%E5%8D%8E%E4%BA%BA%E6%B0%91%E5%85%B1%E5%92%8C%E5%9B%BD%E5%8E%BF%E7%BA%A7%E4%BB%A5%E4%B8%8A%E8%A1%8C%E6%94%BF%E5%8C%BA%E5%88%92%E5%8F%98%E6%9B%B4%E5%88%97%E8%A1%A8,83308898,wikipedia_row_loose_relation,SRC-WIKI-2019,wikipedia,,revisioned_secondary
WIKI-COUNTY-2020-01-002,2020,列表 / 撤销县或县级市，设立市辖区,abolish_or_merge,邢台市,CNUR-000007,任县、任泽区,任县,任泽区,撤销任县，设立邢台市任泽区,市辖区、县,county_level,任县 | 130526 | 河北省邢台市 | 6月5日国务院同意；6月23日河北省人民政府公布 | 撤销任县，设立邢台市任泽区 | 任泽区 | 130505 | 国函〔2020〕77号,2020年中华人民共和国县级以上行政区划变更列表,https://zh.wikipedia.org/wiki/2020%E5%B9%B4%E4%B8%AD%E5%8D%8E%E4%BA%BA%E6%B0%91%E5%85%B1%E5%92%8C%E5%9B%BD%E5%8E%BF%E7%BA%A7%E4%BB%A5%E4%B8%8A%E8%A1%8C%E6%94%BF%E5%8C%BA%E5%88%92%E5%8F%98%E6%9B%B4%E5%88%97%E8%A1%A8,71535094,wikipedia_row_loose_relation,SRC-WIKI-2020,wikipedia,,revisioned_secondary
WIKI-COUNTY-2020-01-003,2020,列表 / 撤销县或县级市，设立市辖区,abolish_or_merge,邢台市,CNUR-000007,南和县、南和区,南和县,南和区,撤销南和县，设立邢台市南和区,市辖区、县,county_level,河北省邢台市 | 6月5日国务院同意；6月23日河北省人民政府公布 | 国函〔2020〕77号 | 南和县 | 130527 | 撤销南和县，设立邢台市南和区 | 南和区 | 130506,2020年中华人民共和国县级以上行政区划变更列表,https://zh.wikipedia.org/wiki/2020%E5%B9%B4%E4%B8%AD%E5%8D%8E%E4%BA%BA%E6%B0%91%E5%85%B1%E5%92%8C%E5%9B%BD%E5%8E%BF%E7%BA%A7%E4%BB%A5%E4%B8%8A%E8%A1%8C%E6%94%BF%E5%8C%BA%E5%88%92%E5%8F%98%E6%9B%B4%E5%88%97%E8%A1%A8,71535094,wikipedia_row_loose_relation,SRC-WIKI-2020,wikipedia,,revisioned_secondary
WIKI-COUNTY-2020-01-004,2020,列表 / 撤销县或县级市，设立市辖区,abolish_or_merge,邢台市、南通市,CNUR-000007、CNUR-000079,海门市、海门区,海门市,海门区,撤销县级海门市，设立南通市海门区,市辖区、县,county_level,河北省邢台市 | 6月5日国务院同意；6月23日河北省人民政府公布 | 国函〔2020〕77号 | 海门市 | 320684 | 江苏省南通市 | 6月5日国务院同意；7月3日江苏省人民政府公布 | 撤销县级海门市，设立南通市海门区 | 海门区 | 320614 | 国函〔2020〕79号,2020年中华人民共和国县级以上行政区划变更列表,https://zh.wikipedia.org/wiki/2020%E5%B9%B4%E4%B8%AD%E5%8D%8E%E4%BA%BA%E6%B0%91%E5%85%B1%E5%92%8C%E5%9B%BD%E5%8E%BF%E7%BA%A7%E4%BB%A5%E4%B8%8A%E8%A1%8C%E6%94%BF%E5%8C%BA%E5%88%92%E5%8F%98%E6%9B%B4%E5%88%97%E8%A1%A8,71535094,wikipedia_row_loose_relation,SRC-WIKI-2020,wikipedia,,revisioned_secondary
WIKI-COUNTY-2020-01-005,2020,列表 / 撤销县或县级市，设立市辖区,abolish_or_merge,芜湖市,CNUR-000099,芜湖县、湾沚区,芜湖县,湾沚区,撤销芜湖县，设立芜湖市湾沚区,市辖区、县,county_level,芜湖县 | 340221 | 安徽省芜湖市 | 6月5日国务院同意；7月6日安徽省人民政府公布 | 撤销芜湖县，设立芜湖市湾沚区 | 湾沚区 | 340210 | 国函〔2020〕80号,2020年中华人民共和国县级以上行政区划变更列表,https://zh.wikipedia.org/wiki/2020%E5%B9%B4%E4%B8%AD%E5%8D%8E%E4%BA%BA%E6%B0%91%E5%85%B1%E5%92%8C%E5%9B%BD%E5%8E%BF%E7%BA%A7%E4%BB%A5%E4%B8%8A%E8%A1%8C%E6%94%BF%E5%8C%BA%E5%88%92%E5%8F%98%E6%9B%B4%E5%88%97%E8%A1%A8,71535094,wikipedia_row_loose_relation,SRC-WIKI-2020,wikipedia,,revisioned_secondary
WIKI-COUNTY-2020-01-006,2020,列表 / 撤销县或县级市，设立市辖区,abolish_or_merge,芜湖市,CNUR-000099,繁昌县、繁昌区,繁昌县,繁昌区,撤销繁昌县，设立芜湖市繁昌区,市辖区、县,county_level,安徽省芜湖市 | 6月5日国务院同意；7月6日安徽省人民政府公布 | 国函〔2020〕80号 | 繁昌县 | 340222 | 撤销繁昌县，设立芜湖市繁昌区 | 繁昌区 | 340212,2020年中华人民共和国县级以上行政区划变更列表,https://zh.wikipedia.org/wiki/2020%E5%B9%B4%E4%B8%AD%E5%8D%8E%E4%BA%BA%E6%B0%91%E5%85%B1%E5%92%8C%E5%9B%BD%E5%8E%BF%E7%BA%A7%E4%BB%A5%E4%B8%8A%E8%A1%8C%E6%94%BF%E5%8C%BA%E5%88%92%E5%8F%98%E6%9B%B4%E5%88%97%E8%A1%A8,71535094,wikipedia_row_loose_relation,SRC-WIKI-2020,wikipedia,,revisioned_secondary
WIKI-COUNTY-2020-01-007,2020,列表 / 撤销县或县级市，设立市辖区,abolish_or_merge,芜湖市、成都市,CNUR-000099、CNUR-000236,新津县、新津区,新津县,新津区,撤销新津县，设立成都市新津区,市辖区、县,county_level,安徽省芜湖市 | 6月5日国务院同意；7月6日安徽省人民政府公布 | 国函〔2020〕80号 | 新津县 | 510132 | 四川省成都市 | 6月5日国务院同意；6月19日四川省人民政府公布 | 撤销新津县，设立成都市新津区 | 新津区 | 510118 | 国函〔2020〕82号,2020年中华人民共和国县级以上行政区划变更列表,https://zh.wikipedia.org/wiki/2020%E5%B9%B4%E4%B8%AD%E5%8D%8E%E4%BA%BA%E6%B0%91%E5%85%B1%E5%92%8C%E5%9B%BD%E5%8E%BF%E7%BA%A7%E4%BB%A5%E4%B8%8A%E8%A1%8C%E6%94%BF%E5%8C%BA%E5%88%92%E5%8F%98%E6%9B%B4%E5%88%97%E8%A1%A8,71535094,wikipedia_row_loose_relation,SRC-WIKI-2020,wikipedia,,revisioned_secondary
WIKI-COUNTY-2020-01-008,2020,列表 / 撤销县或县级市，设立市辖区,jurisdiction_transfer,六盘水市,CNUR-000258,水城县、水城区,水城县,水城区,撤销水城县，部分乡镇划归六盘水市钟山区，设立六盘水市水城区,市辖区、县,county_level,水城县 | 520221 | 贵州省六盘水市 | 6月5日国务院同意；7月18日贵州省人民政府公布 | 撤销水城县，部分乡镇划归六盘水市钟山区，设立六盘水市水城区 | 水城区 | 520204 | 国函〔2020〕83号,2020年中华人民共和国县级以上行政区划变更列表,https://zh.wikipedia.org/wiki/2020%E5%B9%B4%E4%B8%AD%E5%8D%8E%E4%BA%BA%E6%B0%91%E5%85%B1%E5%92%8C%E5%9B%BD%E5%8E%BF%E7%BA%A7%E4%BB%A5%E4%B8%8A%E8%A1%8C%E6%94%BF%E5%8C%BA%E5%88%92%E5%8F%98%E6%9B%B4%E5%88%97%E8%A1%A8,71535094,wikipedia_row_loose_relation,SRC-WIKI-2020,wikipedia,,revisioned_secondary
WIKI-COUNTY-2020-02-002,2020,列表 / 撤销县，设立县级市,abolish_or_merge,赣州市,CNUR-000130,龙南县、龙南市,龙南县,龙南市,撤销龙南县，设立县级龙南市,县,county_level,龙南县 | 360727 | 江西省赣州市 | 6月12日民政部同意；6月30日江西省人民政府公布 | 撤销龙南县，设立县级龙南市 | 龙南市 | 360783 | 民函〔2020〕61号,2020年中华人民共和国县级以上行政区划变更列表,https://zh.wikipedia.org/wiki/2020%E5%B9%B4%E4%B8%AD%E5%8D%8E%E4%BA%BA%E6%B0%91%E5%85%B1%E5%92%8C%E5%9B%BD%E5%8E%BF%E7%BA%A7%E4%BB%A5%E4%B8%8A%E8%A1%8C%E6%94%BF%E5%8C%BA%E5%88%92%E5%8F%98%E6%9B%B4%E5%88%97%E8%A1%A8,71535094,wikipedia_row_loose_relation,SRC-WIKI-2020,wikipedia,,revisioned_secondary
WIKI-COUNTY-2020-02-003,2020,列表 / 撤销县，设立县级市,abolish_or_merge,黄南藏族自治州,CNUR-000316,同仁县、同仁市,同仁县,同仁市,撤销同仁县，设立县级同仁市,县,county_level,同仁县 | 632321 | 青海省黄南藏族自治州 | 6月12日民政部同意；6月29日青海省人民政府公布 | 撤销同仁县，设立县级同仁市 | 同仁市 | 632301 | 民函〔2020〕63号,2020年中华人民共和国县级以上行政区划变更列表,https://zh.wikipedia.org/wiki/2020%E5%B9%B4%E4%B8%AD%E5%8D%8E%E4%BA%BA%E6%B0%91%E5%85%B1%E5%92%8C%E5%9B%BD%E5%8E%BF%E7%BA%A7%E4%BB%A5%E4%B8%8A%E8%A1%8C%E6%94%BF%E5%8C%BA%E5%88%92%E5%8F%98%E6%9B%B4%E5%88%97%E8%A1%A8,71535094,wikipedia_row_loose_relation,SRC-WIKI-2020,wikipedia,,revisioned_secondary
WIKI-COUNTY-2020-02-004,2020,列表 / 撤销县，设立县级市,abolish_or_merge,荆州市,CNUR-000177,监利县、监利市,监利县,监利市,撤销监利县，设立县级监利市,县,county_level,监利县 | 421023 | 湖北省荆州市 | 6月12日民政部同意；7月6日湖北省人民政府公布 | 撤销监利县，设立县级监利市 | 监利市 | 421088 | 民函〔2020〕64号,2020年中华人民共和国县级以上行政区划变更列表,https://zh.wikipedia.org/wiki/2020%E5%B9%B4%E4%B8%AD%E5%8D%8E%E4%BA%BA%E6%B0%91%E5%85%B1%E5%92%8C%E5%9B%BD%E5%8E%BF%E7%BA%A7%E4%BB%A5%E4%B8%8A%E8%A1%8C%E6%94%BF%E5%8C%BA%E5%88%92%E5%8F%98%E6%9B%B4%E5%88%97%E8%A1%A8,71535094,wikipedia_row_loose_relation,SRC-WIKI-2020,wikipedia,,revisioned_secondary
WIKI-COUNTY-2020-03-002,2020,列表 / 市辖区合并,merge,南通市,CNUR-000079,崇川区,崇川区,崇川区,撤销南通市崇川区、港闸区，设立新的南通市崇川区,市辖区,county_level,崇川区 | 320602 | 江苏省南通市 | 6月5日国务院同意；7月3日江苏省人民政府公布 | 撤销南通市崇川区、港闸区，设立新的南通市崇川区 | 崇川区 | 320613 | 国函〔2020〕79号,2020年中华人民共和国县级以上行政区划变更列表,https://zh.wikipedia.org/wiki/2020%E5%B9%B4%E4%B8%AD%E5%8D%8E%E4%BA%BA%E6%B0%91%E5%85%B1%E5%92%8C%E5%9B%BD%E5%8E%BF%E7%BA%A7%E4%BB%A5%E4%B8%8A%E8%A1%8C%E6%94%BF%E5%8C%BA%E5%88%92%E5%8F%98%E6%9B%B4%E5%88%97%E8%A1%A8,71535094,wikipedia_row_loose_relation,SRC-WIKI-2020,wikipedia,,revisioned_secondary
WIKI-COUNTY-2020-03-003,2020,列表 / 市辖区合并,merge,南通市,CNUR-000079,港闸区,港闸区,,江苏省南通市 | 6月5日国务院同意；7月3日江苏省人民政府公布 | 撤销南通市崇川区、港闸区，设立新的南通市崇川区 | 崇川区 | 320613 | 国函〔2020〕79号 | 港闸区 | 320611,市辖区,county_level,江苏省南通市 | 6月5日国务院同意；7月3日江苏省人民政府公布 | 撤销南通市崇川区、港闸区，设立新的南通市崇川区 | 崇川区 | 320613 | 国函〔2020〕79号 | 港闸区 | 320611,2020年中华人民共和国县级以上行政区划变更列表,https://zh.wikipedia.org/wiki/2020%E5%B9%B4%E4%B8%AD%E5%8D%8E%E4%BA%BA%E6%B0%91%E5%85%B1%E5%92%8C%E5%9B%BD%E5%8E%BF%E7%BA%A7%E4%BB%A5%E4%B8%8A%E8%A1%8C%E6%94%BF%E5%8C%BA%E5%88%92%E5%8F%98%E6%9B%B4%E5%88%97%E8%A1%A8,71535094,wikipedia_row_loose_relation,SRC-WIKI-2020,wikipedia,,revisioned_secondary
WIKI-COUNTY-2020-03-004,2020,列表 / 市辖区合并,merge,芜湖市、南通市,CNUR-000099、CNUR-000079,三山区、弋江区,三山区,弋江区,撤销芜湖市三山区、弋江区，设立新的芜湖市弋江区,市辖区,county_level,江苏省南通市 | 6月5日国务院同意；7月3日江苏省人民政府公布 | 撤销南通市崇川区、港闸区，设立新的南通市崇川区 | 崇川区 | 320613 | 国函〔2020〕79号 | 三山区 | 340208 | 安徽省芜湖市 | 6月5日国务院同意；7月6日安徽省人民政府公布 | 撤销芜湖市三山区、弋江区，设立新的芜湖市弋江区 | 弋江区 | 340209 | 国函〔2020〕80号,2020年中华人民共和国县级以上行政区划变更列表,https://zh.wikipedia.org/wiki/2020%E5%B9%B4%E4%B8%AD%E5%8D%8E%E4%BA%BA%E6%B0%91%E5%85%B1%E5%92%8C%E5%9B%BD%E5%8E%BF%E7%BA%A7%E4%BB%A5%E4%B8%8A%E8%A1%8C%E6%94%BF%E5%8C%BA%E5%88%92%E5%8F%98%E6%9B%B4%E5%88%97%E8%A1%A8,71535094,wikipedia_row_loose_relation,SRC-WIKI-2020,wikipedia,,revisioned_secondary
WIKI-COUNTY-2020-03-005,2020,列表 / 市辖区合并,merge,芜湖市,CNUR-000099,弋江区,弋江区,,安徽省芜湖市 | 6月5日国务院同意；7月6日安徽省人民政府公布 | 撤销芜湖市三山区、弋江区，设立新的芜湖市弋江区 | 弋江区 | 340209 | 国函〔2020〕80号 | 弋江区 | 340203,市辖区,county_level,安徽省芜湖市 | 6月5日国务院同意；7月6日安徽省人民政府公布 | 撤销芜湖市三山区、弋江区，设立新的芜湖市弋江区 | 弋江区 | 340209 | 国函〔2020〕80号 | 弋江区 | 340203,2020年中华人民共和国县级以上行政区划变更列表,https://zh.wikipedia.org/wiki/2020%E5%B9%B4%E4%B8%AD%E5%8D%8E%E4%BA%BA%E6%B0%91%E5%85%B1%E5%92%8C%E5%9B%BD%E5%8E%BF%E7%BA%A7%E4%BB%A5%E4%B8%8A%E8%A1%8C%E6%94%BF%E5%8C%BA%E5%88%92%E5%8F%98%E6%9B%B4%E5%88%97%E8%A1%A8,71535094,wikipedia_row_loose_relation,SRC-WIKI-2020,wikipedia,,revisioned_secondary
WIKI-COUNTY-2020-04-002,2020,列表 / 行政隶属变更,jurisdiction_transfer,四平市、长春市,CNUR-000053、CNUR-000051,公主岭市,公主岭市,长春市,将原由四平市代管的县级公主岭市改由长春市代管,县,county_level,公主岭市 | 220381 | 吉林省四平市 | 6月5日国务院同意；6月19日吉林省人民政府公布 | 将原由四平市代管的县级公主岭市改由长春市代管 | 吉林省长春市 | 220184 | 国函〔2020〕78号,2020年中华人民共和国县级以上行政区划变更列表,https://zh.wikipedia.org/wiki/2020%E5%B9%B4%E4%B8%AD%E5%8D%8E%E4%BA%BA%E6%B0%91%E5%85%B1%E5%92%8C%E5%9B%BD%E5%8E%BF%E7%BA%A7%E4%BB%A5%E4%B8%8A%E8%A1%8C%E6%94%BF%E5%8C%BA%E5%88%92%E5%8F%98%E6%9B%B4%E5%88%97%E8%A1%A8,71535094,wikipedia_row_loose_relation,SRC-WIKI-2020,wikipedia,,revisioned_secondary
WIKI-COUNTY-2020-06-002,2020,列表 / 其他,establish,三沙市,CNUR-000233,西沙区,,西沙区,设立西沙区。三沙市西沙区管辖西沙群岛的岛礁及其海域，代管中沙群岛的岛礁及其海域,市辖区,county_level,西沙群岛 | 460321 | 海南省三沙市 | 4月18日民政部公告 | 设立西沙区。三沙市西沙区管辖西沙群岛的岛礁及其海域，代管中沙群岛的岛礁及其海域 | 西沙区,2020年中华人民共和国县级以上行政区划变更列表,https://zh.wikipedia.org/wiki/2020%E5%B9%B4%E4%B8%AD%E5%8D%8E%E4%BA%BA%E6%B0%91%E5%85%B1%E5%92%8C%E5%9B%BD%E5%8E%BF%E7%BA%A7%E4%BB%A5%E4%B8%8A%E8%A1%8C%E6%94%BF%E5%8C%BA%E5%88%92%E5%8F%98%E6%9B%B4%E5%88%97%E8%A1%A8,71535094,wikipedia_row_loose_relation,SRC-WIKI-2020,wikipedia,,revisioned_secondary
WIKI-COUNTY-2020-06-003,2020,列表 / 其他,establish,三沙市,CNUR-000233,,,,海南省三沙市 | 4月18日民政部公告 | 设立西沙区。三沙市西沙区管辖西沙群岛的岛礁及其海域，代管中沙群岛的岛礁及其海域 | 西沙区 | 中沙群岛的岛礁及其海域 | 460323,,untyped_county_record,海南省三沙市 | 4月18日民政部公告 | 设立西沙区。三沙市西沙区管辖西沙群岛的岛礁及其海域，代管中沙群岛的岛礁及其海域 | 西沙区 | 中沙群岛的岛礁及其海域 | 460323,2020年中华人民共和国县级以上行政区划变更列表,https://zh.wikipedia.org/wiki/2020%E5%B9%B4%E4%B8%AD%E5%8D%8E%E4%BA%BA%E6%B0%91%E5%85%B1%E5%92%8C%E5%9B%BD%E5%8E%BF%E7%BA%A7%E4%BB%A5%E4%B8%8A%E8%A1%8C%E6%94%BF%E5%8C%BA%E5%88%92%E5%8F%98%E6%9B%B4%E5%88%97%E8%A1%A8,71535094,wikipedia_row_loose_relation,SRC-WIKI-2020,wikipedia,,revisioned_secondary
WIKI-COUNTY-2020-06-004,2020,列表 / 其他,establish,三沙市,CNUR-000233,南沙区,,南沙区,设立南沙区。三沙市南沙区管辖南沙群岛的岛礁及其海域,市辖区,county_level,海南省三沙市 | 4月18日民政部公告 | 设立西沙区。三沙市西沙区管辖西沙群岛的岛礁及其海域，代管中沙群岛的岛礁及其海域 | 西沙区 | 南沙群岛 | 460322 | 设立南沙区。三沙市南沙区管辖南沙群岛的岛礁及其海域 | 南沙区,2020年中华人民共和国县级以上行政区划变更列表,https://zh.wikipedia.org/wiki/2020%E5%B9%B4%E4%B8%AD%E5%8D%8E%E4%BA%BA%E6%B0%91%E5%85%B1%E5%92%8C%E5%9B%BD%E5%8E%BF%E7%BA%A7%E4%BB%A5%E4%B8%8A%E8%A1%8C%E6%94%BF%E5%8C%BA%E5%88%92%E5%8F%98%E6%9B%B4%E5%88%97%E8%A1%A8,71535094,wikipedia_row_loose_relation,SRC-WIKI-2020,wikipedia,,revisioned_secondary
WIKI-COUNTY-2020-06-005,2020,列表 / 其他,rename,邢台市、三沙市,CNUR-000007、CNUR-000233,桥东区、襄都区,桥东区,襄都区,邢台市桥东区更名为襄都区,市辖区,county_level,海南省三沙市 | 4月18日民政部公告 | 桥东区 | 130502 | 河北省邢台市 | 6月5日国务院同意；6月23日河北省人民政府公布 | 邢台市桥东区更名为襄都区 | 襄都区 | 130502 | 国函〔2020〕77号,2020年中华人民共和国县级以上行政区划变更列表,https://zh.wikipedia.org/wiki/2020%E5%B9%B4%E4%B8%AD%E5%8D%8E%E4%BA%BA%E6%B0%91%E5%85%B1%E5%92%8C%E5%9B%BD%E5%8E%BF%E7%BA%A7%E4%BB%A5%E4%B8%8A%E8%A1%8C%E6%94%BF%E5%8C%BA%E5%88%92%E5%8F%98%E6%9B%B4%E5%88%97%E8%A1%A8,71535094,wikipedia_row_loose_relation,SRC-WIKI-2020,wikipedia,,revisioned_secondary
WIKI-COUNTY-2020-06-006,2020,列表 / 其他,jurisdiction_transfer,邢台市,CNUR-000007,邢台县,邢台县,,撤销邢台县，所属街、镇、乡划归邢台市襄都区、信都区管辖,县,county_level,河北省邢台市 | 6月5日国务院同意；6月23日河北省人民政府公布 | 襄都区 | 130502 | 国函〔2020〕77号 | 邢台县 | 130521 | 撤销邢台县，所属街、镇、乡划归邢台市襄都区、信都区管辖,2020年中华人民共和国县级以上行政区划变更列表,https://zh.wikipedia.org/wiki/2020%E5%B9%B4%E4%B8%AD%E5%8D%8E%E4%BA%BA%E6%B0%91%E5%85%B1%E5%92%8C%E5%9B%BD%E5%8E%BF%E7%BA%A7%E4%BB%A5%E4%B8%8A%E8%A1%8C%E6%94%BF%E5%8C%BA%E5%88%92%E5%8F%98%E6%9B%B4%E5%88%97%E8%A1%A8,71535094,wikipedia_row_loose_relation,SRC-WIKI-2020,wikipedia,,revisioned_secondary
WIKI-COUNTY-2020-06-007,2020,列表 / 其他,jurisdiction_transfer,邢台市,CNUR-000007,信都区,信都区,,河北省邢台市 | 6月5日国务院同意；6月23日河北省人民政府公布 | 襄都区 | 130502 | 国函〔2020〕77号 | 邢台县 | 130521 | 撤销邢台县，所属街、镇、乡划归邢台市襄都区、信都区管辖 | 信都区 | 130503,市辖区、县,county_level,河北省邢台市 | 6月5日国务院同意；6月23日河北省人民政府公布 | 襄都区 | 130502 | 国函〔2020〕77号 | 邢台县 | 130521 | 撤销邢台县，所属街、镇、乡划归邢台市襄都区、信都区管辖 | 信都区 | 130503,2020年中华人民共和国县级以上行政区划变更列表,https://zh.wikipedia.org/wiki/2020%E5%B9%B4%E4%B8%AD%E5%8D%8E%E4%BA%BA%E6%B0%91%E5%85%B1%E5%92%8C%E5%9B%BD%E5%8E%BF%E7%BA%A7%E4%BB%A5%E4%B8%8A%E8%A1%8C%E6%94%BF%E5%8C%BA%E5%88%92%E5%8F%98%E6%9B%B4%E5%88%97%E8%A1%A8,71535094,wikipedia_row_loose_relation,SRC-WIKI-2020,wikipedia,,revisioned_secondary
WIKI-COUNTY-2020-06-008,2020,列表 / 其他,jurisdiction_transfer,邢台市,CNUR-000007,桥西区,桥西区,,邢台市桥西区更名为信都区,市辖区、县,county_level,河北省邢台市 | 6月5日国务院同意；6月23日河北省人民政府公布 | 国函〔2020〕77号 | 邢台县 | 130521 | 撤销邢台县，所属街、镇、乡划归邢台市襄都区、信都区管辖 | 信都区 | 130503 | 桥西区 | 130503 | 邢台市桥西区更名为信都区,2020年中华人民共和国县级以上行政区划变更列表,https://zh.wikipedia.org/wiki/2020%E5%B9%B4%E4%B8%AD%E5%8D%8E%E4%BA%BA%E6%B0%91%E5%85%B1%E5%92%8C%E5%9B%BD%E5%8E%BF%E7%BA%A7%E4%BB%A5%E4%B8%8A%E8%A1%8C%E6%94%BF%E5%8C%BA%E5%88%92%E5%8F%98%E6%9B%B4%E5%88%97%E8%A1%A8,71535094,wikipedia_row_loose_relation,SRC-WIKI-2020,wikipedia,,revisioned_secondary
WIKI-COUNTY-2020-06-009,2020,列表 / 其他,abolish_or_merge,烟台市、邢台市,CNUR-000140、CNUR-000007,蓬莱区,,蓬莱区,撤销蓬莱市、长岛县，设立烟台市蓬莱区,市辖区、县,county_level,河北省邢台市 | 6月5日国务院同意；6月23日河北省人民政府公布 | 国函〔2020〕77号 | 信都区 | 130503 | 蓬莱市 | 370684 | 山东省烟台市 | 6月5日国务院同意；6月22日山东省人民政府公布 | 撤销蓬莱市、长岛县，设立烟台市蓬莱区 | 蓬莱区 | 370614 | 国函〔2020〕81号,2020年中华人民共和国县级以上行政区划变更列表,https://zh.wikipedia.org/wiki/2020%E5%B9%B4%E4%B8%AD%E5%8D%8E%E4%BA%BA%E6%B0%91%E5%85%B1%E5%92%8C%E5%9B%BD%E5%8E%BF%E7%BA%A7%E4%BB%A5%E4%B8%8A%E8%A1%8C%E6%94%BF%E5%8C%BA%E5%88%92%E5%8F%98%E6%9B%B4%E5%88%97%E8%A1%A8,71535094,wikipedia_row_loose_relation,SRC-WIKI-2020,wikipedia,,revisioned_secondary
WIKI-COUNTY-2020-06-010,2020,列表 / 其他,abolish_or_merge,烟台市,CNUR-000140,长岛县,长岛县,,山东省烟台市 | 6月5日国务院同意；6月22日山东省人民政府公布 | 撤销蓬莱市、长岛县，设立烟台市蓬莱区 | 蓬莱区 | 370614 | 国函〔2020〕81号 | 长岛县 | 370634,县,county_level,山东省烟台市 | 6月5日国务院同意；6月22日山东省人民政府公布 | 撤销蓬莱市、长岛县，设立烟台市蓬莱区 | 蓬莱区 | 370614 | 国函〔2020〕81号 | 长岛县 | 370634,2020年中华人民共和国县级以上行政区划变更列表,https://zh.wikipedia.org/wiki/2020%E5%B9%B4%E4%B8%AD%E5%8D%8E%E4%BA%BA%E6%B0%91%E5%85%B1%E5%92%8C%E5%9B%BD%E5%8E%BF%E7%BA%A7%E4%BB%A5%E4%B8%8A%E8%A1%8C%E6%94%BF%E5%8C%BA%E5%88%92%E5%8F%98%E6%9B%B4%E5%88%97%E8%A1%A8,71535094,wikipedia_row_loose_relation,SRC-WIKI-2020,wikipedia,,revisioned_secondary
WIKI-COUNTY-2021-01-002,2021,列表 / 撤销县或县级市，设立市辖区,abolish_or_merge,宝鸡市,CNUR-000291,凤翔县、凤翔区,凤翔县,凤翔区,撤销凤翔县，设立宝鸡市凤翔区；以原凤翔县的行政区域为凤翔区的行政区域,市辖区、县,county_level,凤翔县 | 610322 | 陕西省宝鸡市 | 1月29日陕西省人民政府公布；2月9日挂牌成立 | 撤销凤翔县，设立宝鸡市凤翔区；以原凤翔县的行政区域为凤翔区的行政区域 | 凤翔区 | 610305,2021年中华人民共和国县级以上行政区划变更列表,https://zh.wikipedia.org/wiki/2021%E5%B9%B4%E4%B8%AD%E5%8D%8E%E4%BA%BA%E6%B0%91%E5%85%B1%E5%92%8C%E5%9B%BD%E5%8E%BF%E7%BA%A7%E4%BB%A5%E4%B8%8A%E8%A1%8C%E6%94%BF%E5%8C%BA%E5%88%92%E5%8F%98%E6%9B%B4%E5%88%97%E8%A1%A8,93718922,wikipedia_row_loose_relation,SRC-WIKI-2021,wikipedia,,revisioned_secondary
WIKI-COUNTY-2021-01-003,2021,列表 / 撤销县或县级市，设立市辖区,abolish_or_merge,漳州市,CNUR-000120,龙海市、龙海区,龙海市,龙海区,撤销县级龙海市，设立漳州市龙海区；以原龙海市的行政区域为龙海区的行政区域,市辖区、县,county_level,龙海市 | 350681 | 福建省漳州市 | 2月2日福建省人民政府公布；4月22日挂牌成立 | 撤销县级龙海市，设立漳州市龙海区；以原龙海市的行政区域为龙海区的行政区域 | 龙海区 | 350604 | 国函〔2021〕8号,2021年中华人民共和国县级以上行政区划变更列表,https://zh.wikipedia.org/wiki/2021%E5%B9%B4%E4%B8%AD%E5%8D%8E%E4%BA%BA%E6%B0%91%E5%85%B1%E5%92%8C%E5%9B%BD%E5%8E%BF%E7%BA%A7%E4%BB%A5%E4%B8%8A%E8%A1%8C%E6%94%BF%E5%8C%BA%E5%88%92%E5%8F%98%E6%9B%B4%E5%88%97%E8%A1%A8,93718922,wikipedia_row_loose_relation,SRC-WIKI-2021,wikipedia,,revisioned_secondary
WIKI-COUNTY-2021-01-004,2021,列表 / 撤销县或县级市，设立市辖区,abolish_or_merge,漳州市,CNUR-000120,长泰县、长泰区,长泰县,长泰区,撤销长泰县，设立漳州市长泰区；以原长泰县的行政区域为长泰区的行政区域,市辖区、县,county_level,福建省漳州市 | 2月2日福建省人民政府公布；4月22日挂牌成立 | 国函〔2021〕8号 | 长泰县 | 350625 | 撤销长泰县，设立漳州市长泰区；以原长泰县的行政区域为长泰区的行政区域 | 长泰区 | 350605,2021年中华人民共和国县级以上行政区划变更列表,https://zh.wikipedia.org/wiki/2021%E5%B9%B4%E4%B8%AD%E5%8D%8E%E4%BA%BA%E6%B0%91%E5%85%B1%E5%92%8C%E5%9B%BD%E5%8E%BF%E7%BA%A7%E4%BB%A5%E4%B8%8A%E8%A1%8C%E6%94%BF%E5%8C%BA%E5%88%92%E5%8F%98%E6%9B%B4%E5%88%97%E8%A1%A8,93718922,wikipedia_row_loose_relation,SRC-WIKI-2021,wikipedia,,revisioned_secondary
WIKI-COUNTY-2021-01-005,2021,列表 / 撤销县或县级市，设立市辖区,abolish_or_merge,三明市、漳州市,CNUR-000118、CNUR-000120,沙县、沙县区,沙县,沙县区,撤销沙县，设立三明市沙县区；以原沙县的行政区域为沙县区的行政区域,市辖区、县,county_level,福建省漳州市 | 2月2日福建省人民政府公布；4月22日挂牌成立 | 国函〔2021〕8号 | 沙县 | 350427 | 福建省三明市 | 2月2日福建省人民政府公布；4月27日挂牌成立 | 撤销沙县，设立三明市沙县区；以原沙县的行政区域为沙县区的行政区域 | 沙县区 | 350405,2021年中华人民共和国县级以上行政区划变更列表,https://zh.wikipedia.org/wiki/2021%E5%B9%B4%E4%B8%AD%E5%8D%8E%E4%BA%BA%E6%B0%91%E5%85%B1%E5%92%8C%E5%9B%BD%E5%8E%BF%E7%BA%A7%E4%BB%A5%E4%B8%8A%E8%A1%8C%E6%94%BF%E5%8C%BA%E5%88%92%E5%8F%98%E6%9B%B4%E5%88%97%E8%A1%A8,93718922,wikipedia_row_loose_relation,SRC-WIKI-2021,wikipedia,,revisioned_secondary
WIKI-COUNTY-2021-01-006,2021,列表 / 撤销县或县级市，设立市辖区,abolish_or_merge,洛阳市,CNUR-000154,偃师市、偃师区,偃师市,偃师区,撤销县级偃师市，设立洛阳市偃师区；以原偃师市的行政区域为偃师区的行政区域,市辖区、县,county_level,偃师市 | 410381 | 河南省洛阳市 | 3月18日河南省人民政府公布；4月22日挂牌成立 | 撤销县级偃师市，设立洛阳市偃师区；以原偃师市的行政区域为偃师区的行政区域 | 偃师区 | 410307,2021年中华人民共和国县级以上行政区划变更列表,https://zh.wikipedia.org/wiki/2021%E5%B9%B4%E4%B8%AD%E5%8D%8E%E4%BA%BA%E6%B0%91%E5%85%B1%E5%92%8C%E5%9B%BD%E5%8E%BF%E7%BA%A7%E4%BB%A5%E4%B8%8A%E8%A1%8C%E6%94%BF%E5%8C%BA%E5%88%92%E5%8F%98%E6%9B%B4%E5%88%97%E8%A1%A8,93718922,wikipedia_row_loose_relation,SRC-WIKI-2021,wikipedia,,revisioned_secondary
WIKI-COUNTY-2021-02-002,2021,列表 / 撤销县，设立县级市,abolish_or_merge,塔城地区,CNUR-000339,沙湾县、沙湾市,沙湾县,沙湾市,撤销沙湾县，设立县级沙湾市；以原沙湾县的行政区域为沙湾市的行政区域,县,county_level,沙湾县 | 654223 | 新疆维吾尔自治区塔城地区 | 1月29日新疆维吾尔自治区人民政府公布；3月16日挂牌成立 | 撤销沙湾县，设立县级沙湾市；以原沙湾县的行政区域为沙湾市的行政区域 | 沙湾市 | 654203,2021年中华人民共和国县级以上行政区划变更列表,https://zh.wikipedia.org/wiki/2021%E5%B9%B4%E4%B8%AD%E5%8D%8E%E4%BA%BA%E6%B0%91%E5%85%B1%E5%92%8C%E5%9B%BD%E5%8E%BF%E7%BA%A7%E4%BB%A5%E4%B8%8A%E8%A1%8C%E6%94%BF%E5%8C%BA%E5%88%92%E5%8F%98%E6%9B%B4%E5%88%97%E8%A1%A8,93718922,wikipedia_row_loose_relation,SRC-WIKI-2021,wikipedia,,revisioned_secondary
WIKI-COUNTY-2021-02-003,2021,列表 / 撤销县，设立县级市,abolish_or_merge,凉山彝族自治州,CNUR-000256,会理县、会理市,会理县,会理市,撤销会理县，设立县级会理市；以原会理县的行政区域为会理市的行政区域,县,county_level,会理县 | 513425 | 四川省凉山彝族自治州 | 1月20日民政部批复；1月31日四川省人民政府公布；9月26日挂牌成立 | 撤销会理县，设立县级会理市；以原会理县的行政区域为会理市的行政区域 | 会理市 | 513402,2021年中华人民共和国县级以上行政区划变更列表,https://zh.wikipedia.org/wiki/2021%E5%B9%B4%E4%B8%AD%E5%8D%8E%E4%BA%BA%E6%B0%91%E5%85%B1%E5%92%8C%E5%9B%BD%E5%8E%BF%E7%BA%A7%E4%BB%A5%E4%B8%8A%E8%A1%8C%E6%94%BF%E5%8C%BA%E5%88%92%E5%8F%98%E6%9B%B4%E5%88%97%E8%A1%A8,93718922,wikipedia_row_loose_relation,SRC-WIKI-2021,wikipedia,,revisioned_secondary
WIKI-COUNTY-2021-02-004,2021,列表 / 撤销县，设立县级市,abolish_or_merge,楚雄彝族自治州,CNUR-000274,禄丰县、禄丰市,禄丰县,禄丰市,撤销禄丰县，设立县级禄丰市；以原禄丰县的行政区域为禄丰市的行政区域,县,county_level,禄丰县 | 532331 | 云南省楚雄彝族自治州 | 1月20日民政部批复；2月2日云南省人民政府公布；4月7日挂牌成立 | 撤销禄丰县，设立县级禄丰市；以原禄丰县的行政区域为禄丰市的行政区域 | 禄丰市 | 532302,2021年中华人民共和国县级以上行政区划变更列表,https://zh.wikipedia.org/wiki/2021%E5%B9%B4%E4%B8%AD%E5%8D%8E%E4%BA%BA%E6%B0%91%E5%85%B1%E5%92%8C%E5%9B%BD%E5%8E%BF%E7%BA%A7%E4%BB%A5%E4%B8%8A%E8%A1%8C%E6%94%BF%E5%8C%BA%E5%88%92%E5%8F%98%E6%9B%B4%E5%88%97%E8%A1%A8,93718922,wikipedia_row_loose_relation,SRC-WIKI-2021,wikipedia,,revisioned_secondary
WIKI-COUNTY-2021-02-005,2021,列表 / 撤销县，设立县级市,abolish_or_merge,安康市,CNUR-000297,旬阳县、旬阳市,旬阳县,旬阳市,撤销旬阳县，设立县级旬阳市；以原旬阳县的行政区域为旬阳市的行政区域,县,county_level,旬阳县 | 610928 | 陕西省安康市 | 1月20日民政部批复；2月7日陕西省人民政府公布；8月26日挂牌成立 | 撤销旬阳县，设立县级旬阳市；以原旬阳县的行政区域为旬阳市的行政区域 | 旬阳市 | 610981 | 民函〔2021〕6号,2021年中华人民共和国县级以上行政区划变更列表,https://zh.wikipedia.org/wiki/2021%E5%B9%B4%E4%B8%AD%E5%8D%8E%E4%BA%BA%E6%B0%91%E5%85%B1%E5%92%8C%E5%9B%BD%E5%8E%BF%E7%BA%A7%E4%BB%A5%E4%B8%8A%E8%A1%8C%E6%94%BF%E5%8C%BA%E5%88%92%E5%8F%98%E6%9B%B4%E5%88%97%E8%A1%A8,93718922,wikipedia_row_loose_relation,SRC-WIKI-2021,wikipedia,,revisioned_secondary
WIKI-COUNTY-2021-02-006,2021,列表 / 撤销县，设立县级市,abolish_or_merge,南宁市,CNUR-000217,横县、横州市,横县,横州市,撤销横县，设立县级横州市；以原横县的行政区域为横州市的行政区域,县,county_level,横县 | 450127 | 广西壮族自治区南宁市 | 1月20日民政部批复；2月3日广西壮族自治区人民政府公布；7月29日挂牌成立 | 撤销横县，设立县级横州市；以原横县的行政区域为横州市的行政区域 | 横州市 | 450181 | 民函〔2021〕7号,2021年中华人民共和国县级以上行政区划变更列表,https://zh.wikipedia.org/wiki/2021%E5%B9%B4%E4%B8%AD%E5%8D%8E%E4%BA%BA%E6%B0%91%E5%85%B1%E5%92%8C%E5%9B%BD%E5%8E%BF%E7%BA%A7%E4%BB%A5%E4%B8%8A%E8%A1%8C%E6%94%BF%E5%8C%BA%E5%88%92%E5%8F%98%E6%9B%B4%E5%88%97%E8%A1%A8,93718922,wikipedia_row_loose_relation,SRC-WIKI-2021,wikipedia,,revisioned_secondary
WIKI-COUNTY-2021-02-007,2021,列表 / 撤销县，设立县级市,abolish_or_merge,永州市,CNUR-000192,祁阳县、祁阳市,祁阳县,祁阳市,撤销祁阳县，设立县级祁阳市；以原祁阳县的行政区域为祁阳市的行政区域,县,county_level,祁阳县 | 431121 | 湖南省永州市 | 1月20日民政部批复；2月7日湖南省人民政府公布；5月17日挂牌成立 | 撤销祁阳县，设立县级祁阳市；以原祁阳县的行政区域为祁阳市的行政区域 | 祁阳市 | 431181 | 民函〔2021〕8号,2021年中华人民共和国县级以上行政区划变更列表,https://zh.wikipedia.org/wiki/2021%E5%B9%B4%E4%B8%AD%E5%8D%8E%E4%BA%BA%E6%B0%91%E5%85%B1%E5%92%8C%E5%9B%BD%E5%8E%BF%E7%BA%A7%E4%BB%A5%E4%B8%8A%E8%A1%8C%E6%94%BF%E5%8C%BA%E5%88%92%E5%8F%98%E6%9B%B4%E5%88%97%E8%A1%A8,93718922,wikipedia_row_loose_relation,SRC-WIKI-2021,wikipedia,,revisioned_secondary
WIKI-COUNTY-2021-02-008,2021,列表 / 撤销县，设立县级市,abolish_or_merge,毕节市,CNUR-000261,黔西县、黔西市,黔西县,黔西市,撤销黔西县，设立县级黔西市；以原黔西县的行政区域为黔西市的行政区域,县,county_level,黔西县 | 520522 | 贵州省毕节市 | 1月20日民政部批复；3月16日贵州省人民政府公布；5月10日挂牌成立 | 撤销黔西县，设立县级黔西市；以原黔西县的行政区域为黔西市的行政区域 | 黔西市 | 520581 | 民函〔2021〕9号,2021年中华人民共和国县级以上行政区划变更列表,https://zh.wikipedia.org/wiki/2021%E5%B9%B4%E4%B8%AD%E5%8D%8E%E4%BA%BA%E6%B0%91%E5%85%B1%E5%92%8C%E5%9B%BD%E5%8E%BF%E7%BA%A7%E4%BB%A5%E4%B8%8A%E8%A1%8C%E6%94%BF%E5%8C%BA%E5%88%92%E5%8F%98%E6%9B%B4%E5%88%97%E8%A1%A8,93718922,wikipedia_row_loose_relation,SRC-WIKI-2021,wikipedia,,revisioned_secondary
WIKI-COUNTY-2021-03-002,2021,列表 / 市辖区合并,merge,三明市,CNUR-000118,梅列区、三元区,梅列区,三元区,撤销三明市梅列区、三元区，设立新的三明市三元区；以原梅列区、三元区的行政区域为新的三元区的行政区域,市辖区,county_level,梅列区 | 350402 | 福建省三明市 | 2月2日福建省人民政府公布 | 撤销三明市梅列区、三元区，设立新的三明市三元区；以原梅列区、三元区的行政区域为新的三元区的行政区域 | 三元区 | 350404,2021年中华人民共和国县级以上行政区划变更列表,https://zh.wikipedia.org/wiki/2021%E5%B9%B4%E4%B8%AD%E5%8D%8E%E4%BA%BA%E6%B0%91%E5%85%B1%E5%92%8C%E5%9B%BD%E5%8E%BF%E7%BA%A7%E4%BB%A5%E4%B8%8A%E8%A1%8C%E6%94%BF%E5%8C%BA%E5%88%92%E5%8F%98%E6%9B%B4%E5%88%97%E8%A1%A8,93718922,wikipedia_row_loose_relation,SRC-WIKI-2021,wikipedia,,revisioned_secondary
WIKI-COUNTY-2021-03-003,2021,列表 / 市辖区合并,merge,三明市,CNUR-000118,三元区,三元区,,福建省三明市 | 2月2日福建省人民政府公布 | 撤销三明市梅列区、三元区，设立新的三明市三元区；以原梅列区、三元区的行政区域为新的三元区的行政区域 | 三元区 | 350404 | 三元区 | 350403,市辖区,county_level,福建省三明市 | 2月2日福建省人民政府公布 | 撤销三明市梅列区、三元区，设立新的三明市三元区；以原梅列区、三元区的行政区域为新的三元区的行政区域 | 三元区 | 350404 | 三元区 | 350403,2021年中华人民共和国县级以上行政区划变更列表,https://zh.wikipedia.org/wiki/2021%E5%B9%B4%E4%B8%AD%E5%8D%8E%E4%BA%BA%E6%B0%91%E5%85%B1%E5%92%8C%E5%9B%BD%E5%8E%BF%E7%BA%A7%E4%BB%A5%E4%B8%8A%E8%A1%8C%E6%94%BF%E5%8C%BA%E5%88%92%E5%8F%98%E6%9B%B4%E5%88%97%E8%A1%A8,93718922,wikipedia_row_loose_relation,SRC-WIKI-2021,wikipedia,,revisioned_secondary
WIKI-COUNTY-2021-03-004,2021,列表 / 市辖区合并,merge,杭州市、三明市,CNUR-000087、CNUR-000118,上城区,上城区,上城区,撤销杭州市上城区、江干区，设立新的杭州市上城区；以原上城区、江干区的行政区域（不含下沙街道、白杨街道）为新的上城区的行政区域,市辖区,county_level,福建省三明市 | 2月2日福建省人民政府公布 | 撤销三明市梅列区、三元区，设立新的三明市三元区；以原梅列区、三元区的行政区域为新的三元区的行政区域 | 三元区 | 350404 | 上城区 | 330102 | 浙江省杭州市 | 3月3日国务院批复；4月9日浙江省人民政府公布 | 撤销杭州市上城区、江干区，设立新的杭州市上城区；以原上城区、江干区的行政区域（不含下沙街道、白杨街道）为新的上城区的行政区域 | 上城区 | 330102 | 国函〔2021〕29号,2021年中华人民共和国县级以上行政区划变更列表,https://zh.wikipedia.org/wiki/2021%E5%B9%B4%E4%B8%AD%E5%8D%8E%E4%BA%BA%E6%B0%91%E5%85%B1%E5%92%8C%E5%9B%BD%E5%8E%BF%E7%BA%A7%E4%BB%A5%E4%B8%8A%E8%A1%8C%E6%94%BF%E5%8C%BA%E5%88%92%E5%8F%98%E6%9B%B4%E5%88%97%E8%A1%A8,93718922,wikipedia_row_loose_relation,SRC-WIKI-2021,wikipedia,,revisioned_secondary
WIKI-COUNTY-2021-03-005,2021,列表 / 市辖区合并,merge,杭州市,CNUR-000087,江干区,江干区,,浙江省杭州市 | 3月3日国务院批复；4月9日浙江省人民政府公布 | 撤销杭州市上城区、江干区，设立新的杭州市上城区；以原上城区、江干区的行政区域（不含下沙街道、白杨街道）为新的上城区的行政区域 | 上城区 | 330102 | 国函〔2021〕29号 | 江干区 | 330104,市辖区,county_level,浙江省杭州市 | 3月3日国务院批复；4月9日浙江省人民政府公布 | 撤销杭州市上城区、江干区，设立新的杭州市上城区；以原上城区、江干区的行政区域（不含下沙街道、白杨街道）为新的上城区的行政区域 | 上城区 | 330102 | 国函〔2021〕29号 | 江干区 | 330104,2021年中华人民共和国县级以上行政区划变更列表,https://zh.wikipedia.org/wiki/2021%E5%B9%B4%E4%B8%AD%E5%8D%8E%E4%BA%BA%E6%B0%91%E5%85%B1%E5%92%8C%E5%9B%BD%E5%8E%BF%E7%BA%A7%E4%BB%A5%E4%B8%8A%E8%A1%8C%E6%94%BF%E5%8C%BA%E5%88%92%E5%8F%98%E6%9B%B4%E5%88%97%E8%A1%A8,93718922,wikipedia_row_loose_relation,SRC-WIKI-2021,wikipedia,,revisioned_secondary
WIKI-COUNTY-2021-03-006,2021,列表 / 市辖区合并,merge,杭州市,CNUR-000087,下城区、拱墅区,下城区,拱墅区,撤销杭州市下城区、拱墅区，设立新的杭州市拱墅区；以原下城区、拱墅区的行政区域为新的拱墅区的行政区域,市辖区,county_level,浙江省杭州市 | 3月3日国务院批复；4月9日浙江省人民政府公布 | 撤销杭州市上城区、江干区，设立新的杭州市上城区；以原上城区、江干区的行政区域（不含下沙街道、白杨街道）为新的上城区的行政区域 | 上城区 | 330102 | 国函〔2021〕29号 | 下城区 | 330103 | 3月3日国务院批复；4月9日浙江省人民政府公布；5月9日挂牌成立 | 撤销杭州市下城区、拱墅区，设立新的杭州市拱墅区；以原下城区、拱墅区的行政区域为新的拱墅区的行政区域 | 拱墅区 | 330105,2021年中华人民共和国县级以上行政区划变更列表,https://zh.wikipedia.org/wiki/2021%E5%B9%B4%E4%B8%AD%E5%8D%8E%E4%BA%BA%E6%B0%91%E5%85%B1%E5%92%8C%E5%9B%BD%E5%8E%BF%E7%BA%A7%E4%BB%A5%E4%B8%8A%E8%A1%8C%E6%94%BF%E5%8C%BA%E5%88%92%E5%8F%98%E6%9B%B4%E5%88%97%E8%A1%A8,93718922,wikipedia_row_loose_relation,SRC-WIKI-2021,wikipedia,,revisioned_secondary
WIKI-COUNTY-2021-03-007,2021,列表 / 市辖区合并,merge,杭州市,CNUR-000087,拱墅区,拱墅区,,浙江省杭州市 | 国函〔2021〕29号 | 3月3日国务院批复；4月9日浙江省人民政府公布；5月9日挂牌成立 | 撤销杭州市下城区、拱墅区，设立新的杭州市拱墅区；以原下城区、拱墅区的行政区域为新的拱墅区的行政区域 | 拱墅区 | 330105 | 拱墅区 | 330105,市辖区,county_level,浙江省杭州市 | 国函〔2021〕29号 | 3月3日国务院批复；4月9日浙江省人民政府公布；5月9日挂牌成立 | 撤销杭州市下城区、拱墅区，设立新的杭州市拱墅区；以原下城区、拱墅区的行政区域为新的拱墅区的行政区域 | 拱墅区 | 330105 | 拱墅区 | 330105,2021年中华人民共和国县级以上行政区划变更列表,https://zh.wikipedia.org/wiki/2021%E5%B9%B4%E4%B8%AD%E5%8D%8E%E4%BA%BA%E6%B0%91%E5%85%B1%E5%92%8C%E5%9B%BD%E5%8E%BF%E7%BA%A7%E4%BB%A5%E4%B8%8A%E8%A1%8C%E6%94%BF%E5%8C%BA%E5%88%92%E5%8F%98%E6%9B%B4%E5%88%97%E8%A1%A8,93718922,wikipedia_row_loose_relation,SRC-WIKI-2021,wikipedia,,revisioned_secondary
WIKI-COUNTY-2021-04-002,2021,列表 / 其他,establish,哈密市,CNUR-000329,伊州区、新星市,哈密市、伊州区,新星市,设立自治区直辖县级新星市,市辖区、县,county_level,原哈密市伊州区辖区 | 新疆维吾尔自治区 | 1月12日国务院同意；2月4日新疆维吾尔自治区人民政府公布；3月27日挂牌成立 | 设立自治区直辖县级新星市 | 新星市 | 659011,2021年中华人民共和国县级以上行政区划变更列表,https://zh.wikipedia.org/wiki/2021%E5%B9%B4%E4%B8%AD%E5%8D%8E%E4%BA%BA%E6%B0%91%E5%85%B1%E5%92%8C%E5%9B%BD%E5%8E%BF%E7%BA%A7%E4%BB%A5%E4%B8%8A%E8%A1%8C%E6%94%BF%E5%8C%BA%E5%88%92%E5%8F%98%E6%9B%B4%E5%88%97%E8%A1%A8,93718922,wikipedia_row_loose_relation,SRC-WIKI-2021,wikipedia,,revisioned_secondary
WIKI-COUNTY-2021-04-003,2021,列表 / 其他,abolish_or_merge,洛阳市,CNUR-000154,孟津县、孟津区,孟津县,孟津区,撤销孟津县、洛阳市吉利区，设立洛阳市孟津区；以原孟津县、吉利区的行政区域为孟津区的行政区域,市辖区、县,county_level,孟津县 | 410322 | 河南省洛阳市 | 3月18日河南省人民政府公布；4月22日挂牌成立 | 撤销孟津县、洛阳市吉利区，设立洛阳市孟津区；以原孟津县、吉利区的行政区域为孟津区的行政区域 | 孟津区 | 410308,2021年中华人民共和国县级以上行政区划变更列表,https://zh.wikipedia.org/wiki/2021%E5%B9%B4%E4%B8%AD%E5%8D%8E%E4%BA%BA%E6%B0%91%E5%85%B1%E5%92%8C%E5%9B%BD%E5%8E%BF%E7%BA%A7%E4%BB%A5%E4%B8%8A%E8%A1%8C%E6%94%BF%E5%8C%BA%E5%88%92%E5%8F%98%E6%9B%B4%E5%88%97%E8%A1%A8,93718922,wikipedia_row_loose_relation,SRC-WIKI-2021,wikipedia,,revisioned_secondary
WIKI-COUNTY-2021-04-004,2021,列表 / 其他,abolish_or_merge,洛阳市,CNUR-000154,吉利区,吉利区,,河南省洛阳市 | 3月18日河南省人民政府公布；4月22日挂牌成立 | 撤销孟津县、洛阳市吉利区，设立洛阳市孟津区；以原孟津县、吉利区的行政区域为孟津区的行政区域 | 孟津区 | 410308 | 吉利区 | 410306,市辖区、县,county_level,河南省洛阳市 | 3月18日河南省人民政府公布；4月22日挂牌成立 | 撤销孟津县、洛阳市吉利区，设立洛阳市孟津区；以原孟津县、吉利区的行政区域为孟津区的行政区域 | 孟津区 | 410308 | 吉利区 | 410306,2021年中华人民共和国县级以上行政区划变更列表,https://zh.wikipedia.org/wiki/2021%E5%B9%B4%E4%B8%AD%E5%8D%8E%E4%BA%BA%E6%B0%91%E5%85%B1%E5%92%8C%E5%9B%BD%E5%8E%BF%E7%BA%A7%E4%BB%A5%E4%B8%8A%E8%A1%8C%E6%94%BF%E5%8C%BA%E5%88%92%E5%8F%98%E6%9B%B4%E5%88%97%E8%A1%A8,93718922,wikipedia_row_loose_relation,SRC-WIKI-2021,wikipedia,,revisioned_secondary
WIKI-COUNTY-2021-04-005,2021,列表 / 其他,abolish_or_merge,杭州市、洛阳市,CNUR-000087、CNUR-000154,余杭区、临平区,余杭区,临平区,设立杭州市临平区；以原余杭区的临平街道、东湖街道、南苑街道、星桥街道、运河街道、乔司街道、崇贤街道、塘栖镇的行政区域为临平区的行政区域,市辖区、县,county_level,河南省洛阳市 | 3月18日河南省人民政府公布；4月22日挂牌成立 | 撤销孟津县、洛阳市吉利区，设立洛阳市孟津区；以原孟津县、吉利区的行政区域为孟津区的行政区域 | 孟津区 | 410308 | 原余杭区辖区 | 浙江省杭州市 | 3月3日国务院批复；4月9日浙江省人民政府公布；7月27日挂牌成立 | 设立杭州市临平区；以原余杭区的临平街道、东湖街道、南苑街道、星桥街道、运河街道、乔司街道、崇贤街道、塘栖镇的行政区域为临平区的行政区域 | 临平区 | 330113 | 国函〔2021〕29号,2021年中华人民共和国县级以上行政区划变更列表,https://zh.wikipedia.org/wiki/2021%E5%B9%B4%E4%B8%AD%E5%8D%8E%E4%BA%BA%E6%B0%91%E5%85%B1%E5%92%8C%E5%9B%BD%E5%8E%BF%E7%BA%A7%E4%BB%A5%E4%B8%8A%E8%A1%8C%E6%94%BF%E5%8C%BA%E5%88%92%E5%8F%98%E6%9B%B4%E5%88%97%E8%A1%A8,93718922,wikipedia_row_loose_relation,SRC-WIKI-2021,wikipedia,,revisioned_secondary
WIKI-COUNTY-2021-04-006,2021,列表 / 其他,establish,杭州市,CNUR-000087,江干区、萧山区、钱塘区,江干区、萧山区,钱塘区,设立杭州市钱塘区；以原江干区的下沙街道、白杨街道和杭州市萧山区的河庄街道、义蓬街道、新湾街道、临江街道、前进街道的行政区域为钱塘区的行政区域,市辖区,county_level,浙江省杭州市 | 国函〔2021〕29号 | 原江干区、萧山区辖区 | 3月3日国务院批复；4月9日浙江省人民政府公布；7月24日挂牌成立 | 设立杭州市钱塘区；以原江干区的下沙街道、白杨街道和杭州市萧山区的河庄街道、义蓬街道、新湾街道、临江街道、前进街道的行政区域为钱塘区的行政区域 | 钱塘区 | 330114,2021年中华人民共和国县级以上行政区划变更列表,https://zh.wikipedia.org/wiki/2021%E5%B9%B4%E4%B8%AD%E5%8D%8E%E4%BA%BA%E6%B0%91%E5%85%B1%E5%92%8C%E5%9B%BD%E5%8E%BF%E7%BA%A7%E4%BB%A5%E4%B8%8A%E8%A1%8C%E6%94%BF%E5%8C%BA%E5%88%92%E5%8F%98%E6%9B%B4%E5%88%97%E8%A1%A8,93718922,wikipedia_row_loose_relation,SRC-WIKI-2021,wikipedia,,revisioned_secondary
WIKI-COUNTY-2022-01-003,2022,县级行政区划变更列表 / 新设县级市,establish,塔城地区,CNUR-000339,塔城市、额敏县、裕民县、白杨市,塔城市、额敏县、裕民县,白杨市,设立县级白杨市；白杨市人民政府驻光明路1号,县,county_level,塔城市、额敏县、裕民县的部分行政区域 | 塔城地区 | 设立县级白杨市；白杨市人民政府驻光明路1号 | 自治区直辖 | 白杨市 | 659012 | 国务院12月19日批准；新疆维吾尔自治区人民政府2023年1月20日公告；2023年4月28日挂牌,2022年中华人民共和国县级以上行政区划变更列表,https://zh.wikipedia.org/wiki/2022%E5%B9%B4%E4%B8%AD%E5%8D%8E%E4%BA%BA%E6%B0%91%E5%85%B1%E5%92%8C%E5%9B%BD%E5%8E%BF%E7%BA%A7%E4%BB%A5%E4%B8%8A%E8%A1%8C%E6%94%BF%E5%8C%BA%E5%88%92%E5%8F%98%E6%9B%B4%E5%88%97%E8%A1%A8,93345798,wikipedia_row_loose_relation,SRC-WIKI-2022,wikipedia,,revisioned_secondary
WIKI-COUNTY-2022-02-003,2022,县级行政区划变更列表 / 县级行政区划行政机构迁移,residence_change,芜湖市,CNUR-000099,鸠江区,鸠江区,,鸠江区 | 340207 | 芜湖市 | 鸠江区人民政府驻地由官陡街道九华北路789号迁移至二坝镇楚江大道6号 | 安徽省人民政府批准；安徽省民政厅5月18日批复同意；芜湖市人民政府6月4日批复同意；芜湖市鸠江区人民政府6月8日公告,市辖区,county_level,鸠江区 | 340207 | 芜湖市 | 鸠江区人民政府驻地由官陡街道九华北路789号迁移至二坝镇楚江大道6号 | 安徽省人民政府批准；安徽省民政厅5月18日批复同意；芜湖市人民政府6月4日批复同意；芜湖市鸠江区人民政府6月8日公告,2022年中华人民共和国县级以上行政区划变更列表,https://zh.wikipedia.org/wiki/2022%E5%B9%B4%E4%B8%AD%E5%8D%8E%E4%BA%BA%E6%B0%91%E5%85%B1%E5%92%8C%E5%9B%BD%E5%8E%BF%E7%BA%A7%E4%BB%A5%E4%B8%8A%E8%A1%8C%E6%94%BF%E5%8C%BA%E5%88%92%E5%8F%98%E6%9B%B4%E5%88%97%E8%A1%A8,93345798,wikipedia_row_loose_relation,SRC-WIKI-2022,wikipedia,,revisioned_secondary
WIKI-COUNTY-2022-02-005,2022,县级行政区划变更列表 / 县级行政区划行政机构迁移,residence_change,铜仁市,CNUR-000262,碧江区,碧江区,,碧江区 | 520602 | 铜仁市 | 碧江区人民政府驻地由锦江街道环西路93号迁移至川硐街道铜兴大道256号 | 贵州省人民政府7月23日批准（黔府函〔2022〕107号）,市辖区,county_level,碧江区 | 520602 | 铜仁市 | 碧江区人民政府驻地由锦江街道环西路93号迁移至川硐街道铜兴大道256号 | 贵州省人民政府7月23日批准（黔府函〔2022〕107号）,2022年中华人民共和国县级以上行政区划变更列表,https://zh.wikipedia.org/wiki/2022%E5%B9%B4%E4%B8%AD%E5%8D%8E%E4%BA%BA%E6%B0%91%E5%85%B1%E5%92%8C%E5%9B%BD%E5%8E%BF%E7%BA%A7%E4%BB%A5%E4%B8%8A%E8%A1%8C%E6%94%BF%E5%8C%BA%E5%88%92%E5%8F%98%E6%9B%B4%E5%88%97%E8%A1%A8,93345798,wikipedia_row_loose_relation,SRC-WIKI-2022,wikipedia,,revisioned_secondary
WIKI-COUNTY-2022-02-006,2022,县级行政区划变更列表 / 县级行政区划行政机构迁移,residence_change,铜仁市,CNUR-000262,万山区,万山区,,铜仁市 | 万山区 | 520603 | 万山区人民政府驻地由万山镇解放街路1号迁移至丹都街道天都大道329号 | 贵州省人民政府7月23日批准（黔府函〔2022〕108号）,市辖区,county_level,铜仁市 | 万山区 | 520603 | 万山区人民政府驻地由万山镇解放街路1号迁移至丹都街道天都大道329号 | 贵州省人民政府7月23日批准（黔府函〔2022〕108号）,2022年中华人民共和国县级以上行政区划变更列表,https://zh.wikipedia.org/wiki/2022%E5%B9%B4%E4%B8%AD%E5%8D%8E%E4%BA%BA%E6%B0%91%E5%85%B1%E5%92%8C%E5%9B%BD%E5%8E%BF%E7%BA%A7%E4%BB%A5%E4%B8%8A%E8%A1%8C%E6%94%BF%E5%8C%BA%E5%88%92%E5%8F%98%E6%9B%B4%E5%88%97%E8%A1%A8,93345798,wikipedia_row_loose_relation,SRC-WIKI-2022,wikipedia,,revisioned_secondary
WIKI-COUNTY-2022-03-003,2022,县级行政区划变更列表 / 县级行政区划间辖区调整,jurisdiction_transfer,七台河市,CNUR-000068,新兴区,新兴区,,新兴区设立兴北镇，隶属关系由新兴区划归茄子河区管辖,市辖区,county_level,新兴区 | 230902 | 七台河市 | 新兴区设立兴北镇，隶属关系由新兴区划归茄子河区管辖 | 黑龙江省人民政府8月19日批准； 黑龙江省民政厅批复同意（黑民行批〔2022〕7号）,2022年中华人民共和国县级以上行政区划变更列表,https://zh.wikipedia.org/wiki/2022%E5%B9%B4%E4%B8%AD%E5%8D%8E%E4%BA%BA%E6%B0%91%E5%85%B1%E5%92%8C%E5%9B%BD%E5%8E%BF%E7%BA%A7%E4%BB%A5%E4%B8%8A%E8%A1%8C%E6%94%BF%E5%8C%BA%E5%88%92%E5%8F%98%E6%9B%B4%E5%88%97%E8%A1%A8,93345798,wikipedia_row_loose_relation,SRC-WIKI-2022,wikipedia,,revisioned_secondary
WIKI-COUNTY-2022-03-004,2022,县级行政区划变更列表 / 县级行政区划间辖区调整,jurisdiction_transfer,七台河市,CNUR-000068,茄子河区,茄子河区,,七台河市 | 新兴区设立兴北镇，隶属关系由新兴区划归茄子河区管辖 | 黑龙江省人民政府8月19日批准； 黑龙江省民政厅批复同意（黑民行批〔2022〕7号） | 茄子河区 | 230904,市辖区,county_level,七台河市 | 新兴区设立兴北镇，隶属关系由新兴区划归茄子河区管辖 | 黑龙江省人民政府8月19日批准； 黑龙江省民政厅批复同意（黑民行批〔2022〕7号） | 茄子河区 | 230904,2022年中华人民共和国县级以上行政区划变更列表,https://zh.wikipedia.org/wiki/2022%E5%B9%B4%E4%B8%AD%E5%8D%8E%E4%BA%BA%E6%B0%91%E5%85%B1%E5%92%8C%E5%9B%BD%E5%8E%BF%E7%BA%A7%E4%BB%A5%E4%B8%8A%E8%A1%8C%E6%94%BF%E5%8C%BA%E5%88%92%E5%8F%98%E6%9B%B4%E5%88%97%E8%A1%A8,93345798,wikipedia_row_loose_relation,SRC-WIKI-2022,wikipedia,,revisioned_secondary
WIKI-COUNTY-2022-03-005,2022,县级行政区划变更列表 / 县级行政区划间辖区调整,jurisdiction_transfer,七台河市,CNUR-000068,,,,七台河市 | 新兴区设立兴北镇，隶属关系由新兴区划归茄子河区管辖 | 黑龙江省人民政府8月19日批准； 黑龙江省民政厅批复同意（黑民行批〔2022〕7号） | 江西省,,untyped_county_record,七台河市 | 新兴区设立兴北镇，隶属关系由新兴区划归茄子河区管辖 | 黑龙江省人民政府8月19日批准； 黑龙江省民政厅批复同意（黑民行批〔2022〕7号） | 江西省,2022年中华人民共和国县级以上行政区划变更列表,https://zh.wikipedia.org/wiki/2022%E5%B9%B4%E4%B8%AD%E5%8D%8E%E4%BA%BA%E6%B0%91%E5%85%B1%E5%92%8C%E5%9B%BD%E5%8E%BF%E7%BA%A7%E4%BB%A5%E4%B8%8A%E8%A1%8C%E6%94%BF%E5%8C%BA%E5%88%92%E5%8F%98%E6%9B%B4%E5%88%97%E8%A1%A8,93345798,wikipedia_row_loose_relation,SRC-WIKI-2022,wikipedia,,revisioned_secondary
WIKI-COUNTY-2022-03-006,2022,县级行政区划变更列表 / 县级行政区划间辖区调整,jurisdiction_transfer,南昌市,CNUR-000124,新建区,新建区,,将南昌市新建区流湖镇划归南昌市红谷滩区管辖,市辖区,county_level,新建区 | 360112 | 南昌市 | 将南昌市新建区流湖镇划归南昌市红谷滩区管辖 | 江西省人民政府6月27日批准（赣府发〔2022〕36号）；南昌市人民政府8月16日公告,2022年中华人民共和国县级以上行政区划变更列表,https://zh.wikipedia.org/wiki/2022%E5%B9%B4%E4%B8%AD%E5%8D%8E%E4%BA%BA%E6%B0%91%E5%85%B1%E5%92%8C%E5%9B%BD%E5%8E%BF%E7%BA%A7%E4%BB%A5%E4%B8%8A%E8%A1%8C%E6%94%BF%E5%8C%BA%E5%88%92%E5%8F%98%E6%9B%B4%E5%88%97%E8%A1%A8,93345798,wikipedia_row_loose_relation,SRC-WIKI-2022,wikipedia,,revisioned_secondary
WIKI-COUNTY-2022-03-007,2022,县级行政区划变更列表 / 县级行政区划间辖区调整,jurisdiction_transfer,南昌市,CNUR-000124,红谷滩区,红谷滩区,,南昌市 | 将南昌市新建区流湖镇划归南昌市红谷滩区管辖 | 江西省人民政府6月27日批准（赣府发〔2022〕36号）；南昌市人民政府8月16日公告 | 红谷滩区 | 360113,市辖区,county_level,南昌市 | 将南昌市新建区流湖镇划归南昌市红谷滩区管辖 | 江西省人民政府6月27日批准（赣府发〔2022〕36号）；南昌市人民政府8月16日公告 | 红谷滩区 | 360113,2022年中华人民共和国县级以上行政区划变更列表,https://zh.wikipedia.org/wiki/2022%E5%B9%B4%E4%B8%AD%E5%8D%8E%E4%BA%BA%E6%B0%91%E5%85%B1%E5%92%8C%E5%9B%BD%E5%8E%BF%E7%BA%A7%E4%BB%A5%E4%B8%8A%E8%A1%8C%E6%94%BF%E5%8C%BA%E5%88%92%E5%8F%98%E6%9B%B4%E5%88%97%E8%A1%A8,93345798,wikipedia_row_loose_relation,SRC-WIKI-2022,wikipedia,,revisioned_secondary
WIKI-COUNTY-2022-03-008,2022,县级行政区划变更列表 / 县级行政区划间辖区调整,jurisdiction_transfer,南昌市,CNUR-000124,,,,南昌市 | 将南昌市新建区流湖镇划归南昌市红谷滩区管辖 | 江西省人民政府6月27日批准（赣府发〔2022〕36号）；南昌市人民政府8月16日公告 | 河南省,,untyped_county_record,南昌市 | 将南昌市新建区流湖镇划归南昌市红谷滩区管辖 | 江西省人民政府6月27日批准（赣府发〔2022〕36号）；南昌市人民政府8月16日公告 | 河南省,2022年中华人民共和国县级以上行政区划变更列表,https://zh.wikipedia.org/wiki/2022%E5%B9%B4%E4%B8%AD%E5%8D%8E%E4%BA%BA%E6%B0%91%E5%85%B1%E5%92%8C%E5%9B%BD%E5%8E%BF%E7%BA%A7%E4%BB%A5%E4%B8%8A%E8%A1%8C%E6%94%BF%E5%8C%BA%E5%88%92%E5%8F%98%E6%9B%B4%E5%88%97%E8%A1%A8,93345798,wikipedia_row_loose_relation,SRC-WIKI-2022,wikipedia,,revisioned_secondary
WIKI-COUNTY-2022-03-009,2022,县级行政区划变更列表 / 县级行政区划间辖区调整,jurisdiction_adjustment,开封市,CNUR-000153,尉氏县、郑州航空港区,尉氏县,郑州航空港区,尉氏县 | 410223 | 开封市 | 将尉氏县岗李乡、大马乡行政区划转新郑市，经济社会管理职能委托郑州航空港区管理 | 河南省人民政府3月批准；7月1日整体移交,市辖区、县,county_level,尉氏县 | 410223 | 开封市 | 将尉氏县岗李乡、大马乡行政区划转新郑市，经济社会管理职能委托郑州航空港区管理 | 河南省人民政府3月批准；7月1日整体移交,2022年中华人民共和国县级以上行政区划变更列表,https://zh.wikipedia.org/wiki/2022%E5%B9%B4%E4%B8%AD%E5%8D%8E%E4%BA%BA%E6%B0%91%E5%85%B1%E5%92%8C%E5%9B%BD%E5%8E%BF%E7%BA%A7%E4%BB%A5%E4%B8%8A%E8%A1%8C%E6%94%BF%E5%8C%BA%E5%88%92%E5%8F%98%E6%9B%B4%E5%88%97%E8%A1%A8,93345798,wikipedia_row_loose_relation,SRC-WIKI-2022,wikipedia,,revisioned_secondary
WIKI-COUNTY-2022-03-010,2022,县级行政区划变更列表 / 县级行政区划间辖区调整,jurisdiction_adjustment,郑州市,CNUR-000152,,,,将尉氏县岗李乡、大马乡行政区划转新郑市，经济社会管理职能委托郑州航空港区管理 | 河南省人民政府3月批准；7月1日整体移交 | 新郑市 | 410184 | 郑州市代管,县,county_level,将尉氏县岗李乡、大马乡行政区划转新郑市，经济社会管理职能委托郑州航空港区管理 | 河南省人民政府3月批准；7月1日整体移交 | 新郑市 | 410184 | 郑州市代管,2022年中华人民共和国县级以上行政区划变更列表,https://zh.wikipedia.org/wiki/2022%E5%B9%B4%E4%B8%AD%E5%8D%8E%E4%BA%BA%E6%B0%91%E5%85%B1%E5%92%8C%E5%9B%BD%E5%8E%BF%E7%BA%A7%E4%BB%A5%E4%B8%8A%E8%A1%8C%E6%94%BF%E5%8C%BA%E5%88%92%E5%8F%98%E6%9B%B4%E5%88%97%E8%A1%A8,93345798,wikipedia_row_loose_relation,SRC-WIKI-2022,wikipedia,,revisioned_secondary
WIKI-COUNTY-2022-03-011,2022,县级行政区划变更列表 / 县级行政区划间辖区调整,jurisdiction_adjustment,,,,,,将尉氏县岗李乡、大马乡行政区划转新郑市，经济社会管理职能委托郑州航空港区管理 | 河南省人民政府3月批准；7月1日整体移交 | 甘肃省,县,county_level,将尉氏县岗李乡、大马乡行政区划转新郑市，经济社会管理职能委托郑州航空港区管理 | 河南省人民政府3月批准；7月1日整体移交 | 甘肃省,2022年中华人民共和国县级以上行政区划变更列表,https://zh.wikipedia.org/wiki/2022%E5%B9%B4%E4%B8%AD%E5%8D%8E%E4%BA%BA%E6%B0%91%E5%85%B1%E5%92%8C%E5%9B%BD%E5%8E%BF%E7%BA%A7%E4%BB%A5%E4%B8%8A%E8%A1%8C%E6%94%BF%E5%8C%BA%E5%88%92%E5%8F%98%E6%9B%B4%E5%88%97%E8%A1%A8,93345798,wikipedia_row_unlinked,SRC-WIKI-2022,wikipedia,,revisioned_secondary
WIKI-COUNTY-2022-03-012,2022,县级行政区划变更列表 / 县级行政区划间辖区调整,jurisdiction_adjustment,兰州市,CNUR-000299,皋兰县,皋兰县,,将皋兰县忠和镇部分区域划入城关区管辖；将皋兰县忠和镇其他区域、九合镇划入安宁区管辖,县,county_level,皋兰县 | 620122 | 兰州市 | 将皋兰县忠和镇部分区域划入城关区管辖；将皋兰县忠和镇其他区域、九合镇划入安宁区管辖 | 甘肃省人民政府2月批复同意（甘政发〔2022〕14号）；兰州市人民政府4月22日通告,2022年中华人民共和国县级以上行政区划变更列表,https://zh.wikipedia.org/wiki/2022%E5%B9%B4%E4%B8%AD%E5%8D%8E%E4%BA%BA%E6%B0%91%E5%85%B1%E5%92%8C%E5%9B%BD%E5%8E%BF%E7%BA%A7%E4%BB%A5%E4%B8%8A%E8%A1%8C%E6%94%BF%E5%8C%BA%E5%88%92%E5%8F%98%E6%9B%B4%E5%88%97%E8%A1%A8,93345798,wikipedia_row_loose_relation,SRC-WIKI-2022,wikipedia,,revisioned_secondary
WIKI-COUNTY-2022-03-013,2022,县级行政区划变更列表 / 县级行政区划间辖区调整,jurisdiction_adjustment,兰州市,CNUR-000299,城关区,城关区,,兰州市 | 将皋兰县忠和镇部分区域划入城关区管辖；将皋兰县忠和镇其他区域、九合镇划入安宁区管辖 | 甘肃省人民政府2月批复同意（甘政发〔2022〕14号）；兰州市人民政府4月22日通告 | 城关区 | 620102,市辖区、县,county_level,兰州市 | 将皋兰县忠和镇部分区域划入城关区管辖；将皋兰县忠和镇其他区域、九合镇划入安宁区管辖 | 甘肃省人民政府2月批复同意（甘政发〔2022〕14号）；兰州市人民政府4月22日通告 | 城关区 | 620102,2022年中华人民共和国县级以上行政区划变更列表,https://zh.wikipedia.org/wiki/2022%E5%B9%B4%E4%B8%AD%E5%8D%8E%E4%BA%BA%E6%B0%91%E5%85%B1%E5%92%8C%E5%9B%BD%E5%8E%BF%E7%BA%A7%E4%BB%A5%E4%B8%8A%E8%A1%8C%E6%94%BF%E5%8C%BA%E5%88%92%E5%8F%98%E6%9B%B4%E5%88%97%E8%A1%A8,93345798,wikipedia_row_loose_relation,SRC-WIKI-2022,wikipedia,,revisioned_secondary
WIKI-COUNTY-2022-03-014,2022,县级行政区划变更列表 / 县级行政区划间辖区调整,jurisdiction_adjustment,兰州市,CNUR-000299,安宁区,安宁区,,兰州市 | 将皋兰县忠和镇部分区域划入城关区管辖；将皋兰县忠和镇其他区域、九合镇划入安宁区管辖 | 甘肃省人民政府2月批复同意（甘政发〔2022〕14号）；兰州市人民政府4月22日通告 | 安宁区 | 620105,市辖区、县,county_level,兰州市 | 将皋兰县忠和镇部分区域划入城关区管辖；将皋兰县忠和镇其他区域、九合镇划入安宁区管辖 | 甘肃省人民政府2月批复同意（甘政发〔2022〕14号）；兰州市人民政府4月22日通告 | 安宁区 | 620105,2022年中华人民共和国县级以上行政区划变更列表,https://zh.wikipedia.org/wiki/2022%E5%B9%B4%E4%B8%AD%E5%8D%8E%E4%BA%BA%E6%B0%91%E5%85%B1%E5%92%8C%E5%9B%BD%E5%8E%BF%E7%BA%A7%E4%BB%A5%E4%B8%8A%E8%A1%8C%E6%94%BF%E5%8C%BA%E5%88%92%E5%8F%98%E6%9B%B4%E5%88%97%E8%A1%A8,93345798,wikipedia_row_loose_relation,SRC-WIKI-2022,wikipedia,,revisioned_secondary
WIKI-COUNTY-2022-03-015,2022,县级行政区划变更列表 / 县级行政区划间辖区调整,jurisdiction_adjustment,兰州市,CNUR-000299,,,,兰州市 | 将皋兰县忠和镇部分区域划入城关区管辖；将皋兰县忠和镇其他区域、九合镇划入安宁区管辖 | 甘肃省人民政府2月批复同意（甘政发〔2022〕14号）；兰州市人民政府4月22日通告 | 宁夏回族自治区,县,county_level,兰州市 | 将皋兰县忠和镇部分区域划入城关区管辖；将皋兰县忠和镇其他区域、九合镇划入安宁区管辖 | 甘肃省人民政府2月批复同意（甘政发〔2022〕14号）；兰州市人民政府4月22日通告 | 宁夏回族自治区,2022年中华人民共和国县级以上行政区划变更列表,https://zh.wikipedia.org/wiki/2022%E5%B9%B4%E4%B8%AD%E5%8D%8E%E4%BA%BA%E6%B0%91%E5%85%B1%E5%92%8C%E5%9B%BD%E5%8E%BF%E7%BA%A7%E4%BB%A5%E4%B8%8A%E8%A1%8C%E6%94%BF%E5%8C%BA%E5%88%92%E5%8F%98%E6%9B%B4%E5%88%97%E8%A1%A8,93345798,wikipedia_row_loose_relation,SRC-WIKI-2022,wikipedia,,revisioned_secondary
WIKI-COUNTY-2022-03-016,2022,县级行政区划变更列表 / 县级行政区划间辖区调整,jurisdiction_adjustment,银川市,CNUR-000321,贺兰县,贺兰县,,将贺兰县部分区域调整变更至金凤区管辖,县,county_level,贺兰县 | 640122 | 银川市 | 将贺兰县部分区域调整变更至金凤区管辖 | 宁夏回族自治区人民政府6月25日批准 （宁政函〔2022〕31号）,2022年中华人民共和国县级以上行政区划变更列表,https://zh.wikipedia.org/wiki/2022%E5%B9%B4%E4%B8%AD%E5%8D%8E%E4%BA%BA%E6%B0%91%E5%85%B1%E5%92%8C%E5%9B%BD%E5%8E%BF%E7%BA%A7%E4%BB%A5%E4%B8%8A%E8%A1%8C%E6%94%BF%E5%8C%BA%E5%88%92%E5%8F%98%E6%9B%B4%E5%88%97%E8%A1%A8,93345798,wikipedia_row_loose_relation,SRC-WIKI-2022,wikipedia,,revisioned_secondary
WIKI-COUNTY-2022-03-017,2022,县级行政区划变更列表 / 县级行政区划间辖区调整,jurisdiction_adjustment,银川市,CNUR-000321,金凤区,金凤区,,银川市 | 将贺兰县部分区域调整变更至金凤区管辖 | 宁夏回族自治区人民政府6月25日批准 （宁政函〔2022〕31号） | 金凤区 | 640106,市辖区、县,county_level,银川市 | 将贺兰县部分区域调整变更至金凤区管辖 | 宁夏回族自治区人民政府6月25日批准 （宁政函〔2022〕31号） | 金凤区 | 640106,2022年中华人民共和国县级以上行政区划变更列表,https://zh.wikipedia.org/wiki/2022%E5%B9%B4%E4%B8%AD%E5%8D%8E%E4%BA%BA%E6%B0%91%E5%85%B1%E5%92%8C%E5%9B%BD%E5%8E%BF%E7%BA%A7%E4%BB%A5%E4%B8%8A%E8%A1%8C%E6%94%BF%E5%8C%BA%E5%88%92%E5%8F%98%E6%9B%B4%E5%88%97%E8%A1%A8,93345798,wikipedia_row_loose_relation,SRC-WIKI-2022,wikipedia,,revisioned_secondary
WIKI-COUNTY-2023-01-002,2023,列表 / 撤销县，设立县级市,abolish_or_merge,林芝市,CNUR-000285,米林县、米林市,米林县,米林市,"撤销米林县,设立县级米林市，以原米林县的行政区域为米林市行政区域；米林市人民政府驻米林镇；米林市由西藏自治区直辖，林芝市代管。",县,county_level,"米林县 | 540422 | 西藏自治区林芝市 | 撤销米林县,设立县级米林市，以原米林县的行政区域为米林市行政区域；米林市人民政府驻米林镇；米林市由西藏自治区直辖，林芝市代管。 | 米林市 | 540481 | 4月3日西藏自治区公布；",2023年中华人民共和国县级以上行政区划变更列表,https://zh.wikipedia.org/wiki/2023%E5%B9%B4%E4%B8%AD%E5%8D%8E%E4%BA%BA%E6%B0%91%E5%85%B1%E5%92%8C%E5%9B%BD%E5%8E%BF%E7%BA%A7%E4%BB%A5%E4%B8%8A%E8%A1%8C%E6%94%BF%E5%8C%BA%E5%88%92%E5%8F%98%E6%9B%B4%E5%88%97%E8%A1%A8,93353792,wikipedia_row_loose_relation,SRC-WIKI-2023,wikipedia,,revisioned_secondary
WIKI-COUNTY-2023-01-003,2023,列表 / 撤销县，设立县级市,abolish_or_merge,山南市,CNUR-000286,错那县、错那市,错那县,错那市,撤销错那县，设立县级错那市，以原错那县的行政区域为错那市行政区域；错那市人民政府驻麻麻门巴民族乡；错那市由西藏自治区直辖，山南市代管,县,county_level,错那县 | 540530 | 西藏自治区山南市 | 撤销错那县，设立县级错那市，以原错那县的行政区域为错那市行政区域；错那市人民政府驻麻麻门巴民族乡；错那市由西藏自治区直辖，山南市代管 | 错那市 | 540581 | 4月3日西藏自治区公布；,2023年中华人民共和国县级以上行政区划变更列表,https://zh.wikipedia.org/wiki/2023%E5%B9%B4%E4%B8%AD%E5%8D%8E%E4%BA%BA%E6%B0%91%E5%85%B1%E5%92%8C%E5%9B%BD%E5%8E%BF%E7%BA%A7%E4%BB%A5%E4%B8%8A%E8%A1%8C%E6%94%BF%E5%8C%BA%E5%88%92%E5%8F%98%E6%9B%B4%E5%88%97%E8%A1%A8,93353792,wikipedia_row_loose_relation,SRC-WIKI-2023,wikipedia,,revisioned_secondary
WIKI-COUNTY-2024-01-003,2024,县级行政区划变更列表,establish,和田地区,CNUR-000336,和康县,,和康县,设立和康县,县,county_level,设立和康县 | 和田地区 | 和康县 | 653228 | 新疆维吾尔自治区人民政府2024年12月27日公告,2024年中华人民共和国县级以上行政区划变更列表,https://zh.wikipedia.org/wiki/2024%E5%B9%B4%E4%B8%AD%E5%8D%8E%E4%BA%BA%E6%B0%91%E5%85%B1%E5%92%8C%E5%9B%BD%E5%8E%BF%E7%BA%A7%E4%BB%A5%E4%B8%8A%E8%A1%8C%E6%94%BF%E5%8C%BA%E5%88%92%E5%8F%98%E6%9B%B4%E5%88%97%E8%A1%A8,91362859,wikipedia_row_loose_relation,SRC-WIKI-2024,wikipedia,,revisioned_secondary
WIKI-COUNTY-2024-01-004,2024,县级行政区划变更列表,establish,和田地区,CNUR-000336,和安县,,和安县,设立和安县,县,county_level,设立和安县 | 和田地区 | 和安县 | 653229 | 新疆维吾尔自治区人民政府2024年12月27日公告,2024年中华人民共和国县级以上行政区划变更列表,https://zh.wikipedia.org/wiki/2024%E5%B9%B4%E4%B8%AD%E5%8D%8E%E4%BA%BA%E6%B0%91%E5%85%B1%E5%92%8C%E5%9B%BD%E5%8E%BF%E7%BA%A7%E4%BB%A5%E4%B8%8A%E8%A1%8C%E6%94%BF%E5%8C%BA%E5%88%92%E5%8F%98%E6%9B%B4%E5%88%97%E8%A1%A8,91362859,wikipedia_row_loose_relation,SRC-WIKI-2024,wikipedia,,revisioned_secondary
WIKI-COUNTY-2024-02-003,2024,省内调整,jurisdiction_transfer,巴音郭楞蒙古自治州,CNUR-000332,和静县、焉耆回族自治县、博湖县、尉犁县、且末县,和静县、焉耆回族自治县、博湖县、尉犁县、且末县,,将巴音郭楞蒙古自治州和静县、焉耆回族自治县、博湖县、尉犁县、且末县部分行政区域划归铁门关市管辖。,自治县、县,county_level,和静县；焉耆回族自治县；博湖县；尉犁县；且末县 | 巴音郭楞蒙古自治州 | 5月31日新疆维吾尔自治区民政厅、兵团民政局公布 | 将巴音郭楞蒙古自治州和静县、焉耆回族自治县、博湖县、尉犁县、且末县部分行政区域划归铁门关市管辖。 | 铁门关市,2024年中华人民共和国县级以上行政区划变更列表,https://zh.wikipedia.org/wiki/2024%E5%B9%B4%E4%B8%AD%E5%8D%8E%E4%BA%BA%E6%B0%91%E5%85%B1%E5%92%8C%E5%9B%BD%E5%8E%BF%E7%BA%A7%E4%BB%A5%E4%B8%8A%E8%A1%8C%E6%94%BF%E5%8C%BA%E5%88%92%E5%8F%98%E6%9B%B4%E5%88%97%E8%A1%A8,91362859,wikipedia_row_loose_relation,SRC-WIKI-2024,wikipedia,,revisioned_secondary
WIKI-COUNTY-2024-02-004,2024,省内调整,jurisdiction_transfer,克孜勒苏柯尔克孜自治州,CNUR-000334,乌恰县,乌恰县,,将克孜勒苏柯尔克孜自治州阿图什市、乌恰县部分行政区域划归图木舒克市管辖。,县,county_level,阿图什市；乌恰县 | 克孜勒苏柯尔克孜自治州 | 5月31日新疆维吾尔自治区民政厅、兵团民政局公布 | 将克孜勒苏柯尔克孜自治州阿图什市、乌恰县部分行政区域划归图木舒克市管辖。 | 图木舒克市,2024年中华人民共和国县级以上行政区划变更列表,https://zh.wikipedia.org/wiki/2024%E5%B9%B4%E4%B8%AD%E5%8D%8E%E4%BA%BA%E6%B0%91%E5%85%B1%E5%92%8C%E5%9B%BD%E5%8E%BF%E7%BA%A7%E4%BB%A5%E4%B8%8A%E8%A1%8C%E6%94%BF%E5%8C%BA%E5%88%92%E5%8F%98%E6%9B%B4%E5%88%97%E8%A1%A8,91362859,wikipedia_row_loose_relation,SRC-WIKI-2024,wikipedia,,revisioned_secondary
WIKI-COUNTY-2024-02-005,2024,省内调整,jurisdiction_adjustment,喀什地区,CNUR-000335,疏附县、疏勒县,疏附县、疏勒县,,将疏附县疏勒县部分区域划入喀什市管辖。,县,county_level,疏附县；疏勒县 | 喀什地区 | 7月24日喀什地区民政局公布 | 将疏附县疏勒县部分区域划入喀什市管辖。 | 喀什市,2024年中华人民共和国县级以上行政区划变更列表,https://zh.wikipedia.org/wiki/2024%E5%B9%B4%E4%B8%AD%E5%8D%8E%E4%BA%BA%E6%B0%91%E5%85%B1%E5%92%8C%E5%9B%BD%E5%8E%BF%E7%BA%A7%E4%BB%A5%E4%B8%8A%E8%A1%8C%E6%94%BF%E5%8C%BA%E5%88%92%E5%8F%98%E6%9B%B4%E5%88%97%E8%A1%A8,91362859,wikipedia_row_loose_relation,SRC-WIKI-2024,wikipedia,,revisioned_secondary
WIKI-COUNTY-2024-02-007,2024,省内调整,jurisdiction_transfer,迪庆藏族自治州,CNUR-000281,维西傈僳族自治县、德钦县,维西傈僳族自治县,德钦县,将维西傈僳族自治县叶枝镇、巴迪乡划归德钦县管辖。,自治县、县,county_level,维西傈僳族自治县 | 迪庆藏族自治州 | 9月27日云南省民政厅公布 | 将维西傈僳族自治县叶枝镇、巴迪乡划归德钦县管辖。 | 德钦县,2024年中华人民共和国县级以上行政区划变更列表,https://zh.wikipedia.org/wiki/2024%E5%B9%B4%E4%B8%AD%E5%8D%8E%E4%BA%BA%E6%B0%91%E5%85%B1%E5%92%8C%E5%9B%BD%E5%8E%BF%E7%BA%A7%E4%BB%A5%E4%B8%8A%E8%A1%8C%E6%94%BF%E5%8C%BA%E5%88%92%E5%8F%98%E6%9B%B4%E5%88%97%E8%A1%A8,91362859,wikipedia_row_loose_relation,SRC-WIKI-2024,wikipedia,,revisioned_secondary
WIKI-COUNTY-2025-01-002,2025,列表 / 新设市辖区,jurisdiction_transfer,重庆市,CNUR-000235,江北区、两江新区,江北区,两江新区,撤销江北区、渝北区，设立两江新区，；管辖原江北区、原渝北区（不含大湾镇、统景镇、大盛镇、兴隆镇、茨竹镇）；和北碚区的水土街道、复兴街道、蔡家岗街道、施家梁镇、童家溪镇的行政区域，；原渝北区的大湾镇、统景镇、大盛镇、兴隆镇、茨竹镇划归北碚区管辖,市辖区,county_level,江北区 | 500105 | 撤销江北区、渝北区，设立两江新区，；管辖原江北区、原渝北区（不含大湾镇、统景镇、大盛镇、兴隆镇、茨竹镇）；和北碚区的水土街道、复兴街道、蔡家岗街道、施家梁镇、童家溪镇的行政区域，；原渝北区的大湾镇、统景镇、大盛镇、兴隆镇、茨竹镇划归北碚区管辖 | 重庆市 | 两江新区 | 500157 | 2025年11月6日召开新闻发布会公布,2025年中华人民共和国县级以上行政区划变更列表,https://zh.wikipedia.org/wiki/2025%E5%B9%B4%E4%B8%AD%E5%8D%8E%E4%BA%BA%E6%B0%91%E5%85%B1%E5%92%8C%E5%9B%BD%E5%8E%BF%E7%BA%A7%E4%BB%A5%E4%B8%8A%E8%A1%8C%E6%94%BF%E5%8C%BA%E5%88%92%E5%8F%98%E6%9B%B4%E5%88%97%E8%A1%A8,92045514,wikipedia_row_loose_relation,SRC-WIKI-2025,wikipedia,,revisioned_secondary
WIKI-COUNTY-2025-01-003,2025,列表 / 新设市辖区,jurisdiction_transfer,重庆市,CNUR-000235,渝北区,渝北区,,撤销江北区、渝北区，设立两江新区，；管辖原江北区、原渝北区（不含大湾镇、统景镇、大盛镇、兴隆镇、茨竹镇）；和北碚区的水土街道、复兴街道、蔡家岗街道、施家梁镇、童家溪镇的行政区域，；原渝北区的大湾镇、统景镇、大盛镇、兴隆镇、茨竹镇划归北碚区管辖 | 重庆市 | 两江新区 | 500157 | 2025年11月6日召开新闻发布会公布 | 渝北区 | 500112,市辖区,county_level,撤销江北区、渝北区，设立两江新区，；管辖原江北区、原渝北区（不含大湾镇、统景镇、大盛镇、兴隆镇、茨竹镇）；和北碚区的水土街道、复兴街道、蔡家岗街道、施家梁镇、童家溪镇的行政区域，；原渝北区的大湾镇、统景镇、大盛镇、兴隆镇、茨竹镇划归北碚区管辖 | 重庆市 | 两江新区 | 500157 | 2025年11月6日召开新闻发布会公布 | 渝北区 | 500112,2025年中华人民共和国县级以上行政区划变更列表,https://zh.wikipedia.org/wiki/2025%E5%B9%B4%E4%B8%AD%E5%8D%8E%E4%BA%BA%E6%B0%91%E5%85%B1%E5%92%8C%E5%9B%BD%E5%8E%BF%E7%BA%A7%E4%BB%A5%E4%B8%8A%E8%A1%8C%E6%94%BF%E5%8C%BA%E5%88%92%E5%8F%98%E6%9B%B4%E5%88%97%E8%A1%A8,92045514,wikipedia_row_loose_relation,SRC-WIKI-2025,wikipedia,,revisioned_secondary
WIKI-COUNTY-2025-01-004,2025,列表 / 新设市辖区,jurisdiction_transfer,重庆市,CNUR-000235,北碚区,北碚区,北碚区,撤销江北区、渝北区，设立两江新区，；管辖原江北区、原渝北区（不含大湾镇、统景镇、大盛镇、兴隆镇、茨竹镇）；和北碚区的水土街道、复兴街道、蔡家岗街道、施家梁镇、童家溪镇的行政区域，；原渝北区的大湾镇、统景镇、大盛镇、兴隆镇、茨竹镇划归北碚区管辖 | 重庆市 | 两江新区 | 500157 | 2025年11月6日召开新闻发布会公布 | 北碚区 | 500109 | 北碚区 | 不变,市辖区,county_level,撤销江北区、渝北区，设立两江新区，；管辖原江北区、原渝北区（不含大湾镇、统景镇、大盛镇、兴隆镇、茨竹镇）；和北碚区的水土街道、复兴街道、蔡家岗街道、施家梁镇、童家溪镇的行政区域，；原渝北区的大湾镇、统景镇、大盛镇、兴隆镇、茨竹镇划归北碚区管辖 | 重庆市 | 两江新区 | 500157 | 2025年11月6日召开新闻发布会公布 | 北碚区 | 500109 | 北碚区 | 不变,2025年中华人民共和国县级以上行政区划变更列表,https://zh.wikipedia.org/wiki/2025%E5%B9%B4%E4%B8%AD%E5%8D%8E%E4%BA%BA%E6%B0%91%E5%85%B1%E5%92%8C%E5%9B%BD%E5%8E%BF%E7%BA%A7%E4%BB%A5%E4%B8%8A%E8%A1%8C%E6%94%BF%E5%8C%BA%E5%88%92%E5%8F%98%E6%9B%B4%E5%88%97%E8%A1%A8,92045514,wikipedia_row_loose_relation,SRC-WIKI-2025,wikipedia,,revisioned_secondary
WIKI-COUNTY-2026-01-003,2026,县级行政区划变更列表,establish,喀什地区,CNUR-000335,叶城县、岑岭县,叶城县,岑岭县,设立岑岭县,县,county_level,叶城县 | 设立岑岭县 | 喀什地区 | 岑岭县 | 2026年3月26日经中共中央、国务院批准,2026年中华人民共和国县级以上行政区划变更列表,https://zh.wikipedia.org/wiki/2026%E5%B9%B4%E4%B8%AD%E5%8D%8E%E4%BA%BA%E6%B0%91%E5%85%B1%E5%92%8C%E5%9B%BD%E5%8E%BF%E7%BA%A7%E4%BB%A5%E4%B8%8A%E8%A1%8C%E6%94%BF%E5%8C%BA%E5%88%92%E5%8F%98%E6%9B%B4%E5%88%97%E8%A1%A8,92657320,wikipedia_row_loose_relation,SRC-WIKI-2026,wikipedia,,revisioned_secondary
WIKI-COUNTY-2026-01-004,2026,县级行政区划变更列表,establish,,,新疆生产建设兵团草湖项目区,,新疆生产建设兵团草湖项目区,设立草湖市,市辖区,county_level,图木舒克市 | 设立草湖市 | 新疆生产建设兵团草湖项目区 | 草湖市 | 2026年4月17日经中共中央、国务院批准,2026年中华人民共和国县级以上行政区划变更列表,https://zh.wikipedia.org/wiki/2026%E5%B9%B4%E4%B8%AD%E5%8D%8E%E4%BA%BA%E6%B0%91%E5%85%B1%E5%92%8C%E5%9B%BD%E5%8E%BF%E7%BA%A7%E4%BB%A5%E4%B8%8A%E8%A1%8C%E6%94%BF%E5%8C%BA%E5%88%92%E5%8F%98%E6%9B%B4%E5%88%97%E8%A1%A8,92657320,wikipedia_row_unlinked,SRC-WIKI-2026,wikipedia,,revisioned_secondary
