event_id,year,prefecture_entity_id,prefecture_name,old_county_units,new_district_units,event_category,unit_scope,treatment_hint,source_url
WIKI-COUNTY-1987-03-013,1987,CNUR-000008,保定市,郊区,南市区,district_transfer,partial,district_internal_adjust,https://zh.wikipedia.org/wiki/1987%E5%B9%B4%E4%B8%AD%E5%8D%8E%E4%BA%BA%E6%B0%91%E5%85%B1%E5%92%8C%E5%9B%BD%E5%8E%BF%E7%BA%A7%E4%BB%A5%E4%B8%8A%E8%A1%8C%E6%94%BF%E5%8C%BA%E5%88%92%E5%8F%98%E6%9B%B4%E5%88%97%E8%A1%A8
WIKI-COUNTY-1987-03-014,1987,CNUR-000008,保定市,,,district_transfer,whole,district_internal_adjust,https://zh.wikipedia.org/wiki/1987%E5%B9%B4%E4%B8%AD%E5%8D%8E%E4%BA%BA%E6%B0%91%E5%85%B1%E5%92%8C%E5%9B%BD%E5%8E%BF%E7%BA%A7%E4%BB%A5%E4%B8%8A%E8%A1%8C%E6%94%BF%E5%8C%BA%E5%88%92%E5%8F%98%E6%9B%B4%E5%88%97%E8%A1%A8
WIKI-COUNTY-1987-03-015,1987,CNUR-000008,保定市,,,district_transfer,whole,district_internal_adjust,https://zh.wikipedia.org/wiki/1987%E5%B9%B4%E4%B8%AD%E5%8D%8E%E4%BA%BA%E6%B0%91%E5%85%B1%E5%92%8C%E5%9B%BD%E5%8E%BF%E7%BA%A7%E4%BB%A5%E4%B8%8A%E8%A1%8C%E6%94%BF%E5%8C%BA%E5%88%92%E5%8F%98%E6%9B%B4%E5%88%97%E8%A1%A8
WIKI-COUNTY-1987-04-002,1987,CNUR-000038,大连市,金县,金州区,county_to_district,whole_county,district_scope_jump_county_panel_break,https://zh.wikipedia.org/wiki/1987%E5%B9%B4%E4%B8%AD%E5%8D%8E%E4%BA%BA%E6%B0%91%E5%85%B1%E5%92%8C%E5%9B%BD%E5%8E%BF%E7%BA%A7%E4%BB%A5%E4%B8%8A%E8%A1%8C%E6%94%BF%E5%8C%BA%E5%88%92%E5%8F%98%E6%9B%B4%E5%88%97%E8%A1%A8
WIKI-COUNTY-1987-03-016,1987,CNUR-000064,双鸭山市,岭东区,岭东区,district_merge,whole,district_merge_aggregate_safe,https://zh.wikipedia.org/wiki/1987%E5%B9%B4%E4%B8%AD%E5%8D%8E%E4%BA%BA%E6%B0%91%E5%85%B1%E5%92%8C%E5%9B%BD%E5%8E%BF%E7%BA%A7%E4%BB%A5%E4%B8%8A%E8%A1%8C%E6%94%BF%E5%8C%BA%E5%88%92%E5%8F%98%E6%9B%B4%E5%88%97%E8%A1%A8
WIKI-COUNTY-1987-03-017,1987,CNUR-000064,双鸭山市,岭西区,,district_merge,whole,district_merge_aggregate_safe,https://zh.wikipedia.org/wiki/1987%E5%B9%B4%E4%B8%AD%E5%8D%8E%E4%BA%BA%E6%B0%91%E5%85%B1%E5%92%8C%E5%9B%BD%E5%8E%BF%E7%BA%A7%E4%BB%A5%E4%B8%8A%E8%A1%8C%E6%94%BF%E5%8C%BA%E5%88%92%E5%8F%98%E6%9B%B4%E5%88%97%E8%A1%A8
WIKI-COUNTY-1987-03-020,1987,CNUR-000075,无锡市,,马山区,district_other,whole,district_scope_jump,https://zh.wikipedia.org/wiki/1987%E5%B9%B4%E4%B8%AD%E5%8D%8E%E4%BA%BA%E6%B0%91%E5%85%B1%E5%92%8C%E5%9B%BD%E5%8E%BF%E7%BA%A7%E4%BB%A5%E4%B8%8A%E8%A1%8C%E6%94%BF%E5%8C%BA%E5%88%92%E5%8F%98%E6%9B%B4%E5%88%97%E8%A1%A8
WIKI-COUNTY-1987-03-012,1987,CNUR-000104,铜陵市,铜山区,郊区,district_merge,whole,district_merge_aggregate_safe,https://zh.wikipedia.org/wiki/1987%E5%B9%B4%E4%B8%AD%E5%8D%8E%E4%BA%BA%E6%B0%91%E5%85%B1%E5%92%8C%E5%9B%BD%E5%8E%BF%E7%BA%A7%E4%BB%A5%E4%B8%8A%E8%A1%8C%E6%94%BF%E5%8C%BA%E5%88%92%E5%8F%98%E6%9B%B4%E5%88%97%E8%A1%A8
WIKI-COUNTY-1987-03-009,1987,CNUR-000116,厦门市,,湖里区,district_other,whole,district_scope_jump,https://zh.wikipedia.org/wiki/1987%E5%B9%B4%E4%B8%AD%E5%8D%8E%E4%BA%BA%E6%B0%91%E5%85%B1%E5%92%8C%E5%9B%BD%E5%8E%BF%E7%BA%A7%E4%BB%A5%E4%B8%8A%E8%A1%8C%E6%94%BF%E5%8C%BA%E5%88%92%E5%8F%98%E6%9B%B4%E5%88%97%E8%A1%A8
WIKI-COUNTY-1987-10-002,1987,CNUR-000135,济南市,郊区,历城区,district_transfer,partial,district_internal_adjust,https://zh.wikipedia.org/wiki/1987%E5%B9%B4%E4%B8%AD%E5%8D%8E%E4%BA%BA%E6%B0%91%E5%85%B1%E5%92%8C%E5%9B%BD%E5%8E%BF%E7%BA%A7%E4%BB%A5%E4%B8%8A%E8%A1%8C%E6%94%BF%E5%8C%BA%E5%88%92%E5%8F%98%E6%9B%B4%E5%88%97%E8%A1%A8
WIKI-COUNTY-1987-03-007,1987,CNUR-000139,东营市,东营区,东营区,district_merge,whole,district_merge_aggregate_safe,https://zh.wikipedia.org/wiki/1987%E5%B9%B4%E4%B8%AD%E5%8D%8E%E4%BA%BA%E6%B0%91%E5%85%B1%E5%92%8C%E5%9B%BD%E5%8E%BF%E7%BA%A7%E4%BB%A5%E4%B8%8A%E8%A1%8C%E6%94%BF%E5%8C%BA%E5%88%92%E5%8F%98%E6%9B%B4%E5%88%97%E8%A1%A8
WIKI-COUNTY-1987-03-008,1987,CNUR-000139,东营市,牛庄区,,district_merge,whole,district_merge_aggregate_safe,https://zh.wikipedia.org/wiki/1987%E5%B9%B4%E4%B8%AD%E5%8D%8E%E4%BA%BA%E6%B0%91%E5%85%B1%E5%92%8C%E5%9B%BD%E5%8E%BF%E7%BA%A7%E4%BB%A5%E4%B8%8A%E8%A1%8C%E6%94%BF%E5%8C%BA%E5%88%92%E5%8F%98%E6%9B%B4%E5%88%97%E8%A1%A8
WIKI-COUNTY-1987-03-003,1987,CNUR-000152,郑州市,新密区,密县,district_transfer,partial,district_internal_adjust,https://zh.wikipedia.org/wiki/1987%E5%B9%B4%E4%B8%AD%E5%8D%8E%E4%BA%BA%E6%B0%91%E5%85%B1%E5%92%8C%E5%9B%BD%E5%8E%BF%E7%BA%A7%E4%BB%A5%E4%B8%8A%E8%A1%8C%E6%94%BF%E5%8C%BA%E5%88%92%E5%8F%98%E6%9B%B4%E5%88%97%E8%A1%A8
WIKI-COUNTY-1987-03-004,1987,CNUR-000152,郑州市,金海区,邙山区,district_transfer,partial,district_internal_adjust,https://zh.wikipedia.org/wiki/1987%E5%B9%B4%E4%B8%AD%E5%8D%8E%E4%BA%BA%E6%B0%91%E5%85%B1%E5%92%8C%E5%9B%BD%E5%8E%BF%E7%BA%A7%E4%BB%A5%E4%B8%8A%E8%A1%8C%E6%94%BF%E5%8C%BA%E5%88%92%E5%8F%98%E6%9B%B4%E5%88%97%E8%A1%A8
WIKI-COUNTY-1987-03-005,1987,CNUR-000152,郑州市,郊区,,district_transfer,partial,district_internal_adjust,https://zh.wikipedia.org/wiki/1987%E5%B9%B4%E4%B8%AD%E5%8D%8E%E4%BA%BA%E6%B0%91%E5%85%B1%E5%92%8C%E5%9B%BD%E5%8E%BF%E7%BA%A7%E4%BB%A5%E4%B8%8A%E8%A1%8C%E6%94%BF%E5%8C%BA%E5%88%92%E5%8F%98%E6%9B%B4%E5%88%97%E8%A1%A8
WIKI-COUNTY-1987-03-006,1987,CNUR-000174,鄂州市,黄州区,黄冈县,district_transfer,partial,district_internal_adjust,https://zh.wikipedia.org/wiki/1987%E5%B9%B4%E4%B8%AD%E5%8D%8E%E4%BA%BA%E6%B0%91%E5%85%B1%E5%92%8C%E5%9B%BD%E5%8E%BF%E7%BA%A7%E4%BB%A5%E4%B8%8A%E8%A1%8C%E6%94%BF%E5%8C%BA%E5%88%92%E5%8F%98%E6%9B%B4%E5%88%97%E8%A1%A8
WIKI-COUNTY-1987-03-010,1987,CNUR-000174,鄂州市,,华容区,district_other,whole,district_scope_jump,https://zh.wikipedia.org/wiki/1987%E5%B9%B4%E4%B8%AD%E5%8D%8E%E4%BA%BA%E6%B0%91%E5%85%B1%E5%92%8C%E5%9B%BD%E5%8E%BF%E7%BA%A7%E4%BB%A5%E4%B8%8A%E8%A1%8C%E6%94%BF%E5%8C%BA%E5%88%92%E5%8F%98%E6%9B%B4%E5%88%97%E8%A1%A8
WIKI-COUNTY-1987-03-011,1987,CNUR-000174,鄂州市,梁子湖区,,district_other,whole,district_scope_jump,https://zh.wikipedia.org/wiki/1987%E5%B9%B4%E4%B8%AD%E5%8D%8E%E4%BA%BA%E6%B0%91%E5%85%B1%E5%92%8C%E5%9B%BD%E5%8E%BF%E7%BA%A7%E4%BB%A5%E4%B8%8A%E8%A1%8C%E6%94%BF%E5%8C%BA%E5%88%92%E5%8F%98%E6%9B%B4%E5%88%97%E8%A1%A8
WIKI-COUNTY-1987-03-006,1987,CNUR-000178,黄冈市,黄州区,黄冈县,district_transfer,partial,district_internal_adjust,https://zh.wikipedia.org/wiki/1987%E5%B9%B4%E4%B8%AD%E5%8D%8E%E4%BA%BA%E6%B0%91%E5%85%B1%E5%92%8C%E5%9B%BD%E5%8E%BF%E7%BA%A7%E4%BB%A5%E4%B8%8A%E8%A1%8C%E6%94%BF%E5%8C%BA%E5%88%92%E5%8F%98%E6%9B%B4%E5%88%97%E8%A1%A8
WIKI-COUNTY-1987-03-002,1987,CNUR-000186,邵阳市,桥头区,东区,district_other,whole,district_scope_jump,https://zh.wikipedia.org/wiki/1987%E5%B9%B4%E4%B8%AD%E5%8D%8E%E4%BA%BA%E6%B0%91%E5%85%B1%E5%92%8C%E5%9B%BD%E5%8E%BF%E7%BA%A7%E4%BB%A5%E4%B8%8A%E8%A1%8C%E6%94%BF%E5%8C%BA%E5%88%92%E5%8F%98%E6%9B%B4%E5%88%97%E8%A1%A8
WIKI-COUNTY-1988-05-008,1988,CNUR-000007,邢台市,郊区,桥东区,district_transfer,partial,district_internal_adjust,https://zh.wikipedia.org/wiki/1988%E5%B9%B4%E4%B8%AD%E5%8D%8E%E4%BA%BA%E6%B0%91%E5%85%B1%E5%92%8C%E5%9B%BD%E5%8E%BF%E7%BA%A7%E4%BB%A5%E4%B8%8A%E8%A1%8C%E6%94%BF%E5%8C%BA%E5%88%92%E5%8F%98%E6%9B%B4%E5%88%97%E8%A1%A8
WIKI-COUNTY-1988-05-009,1988,CNUR-000007,邢台市,,,district_transfer,whole,district_internal_adjust,https://zh.wikipedia.org/wiki/1988%E5%B9%B4%E4%B8%AD%E5%8D%8E%E4%BA%BA%E6%B0%91%E5%85%B1%E5%92%8C%E5%9B%BD%E5%8E%BF%E7%BA%A7%E4%BB%A5%E4%B8%8A%E8%A1%8C%E6%94%BF%E5%8C%BA%E5%88%92%E5%8F%98%E6%9B%B4%E5%88%97%E8%A1%A8
WIKI-COUNTY-1988-05-010,1988,CNUR-000136,青岛市,崂山县,崂山区,county_to_district,whole_county,district_scope_jump_county_panel_break,https://zh.wikipedia.org/wiki/1988%E5%B9%B4%E4%B8%AD%E5%8D%8E%E4%BA%BA%E6%B0%91%E5%85%B1%E5%92%8C%E5%9B%BD%E5%8E%BF%E7%BA%A7%E4%BB%A5%E4%B8%8A%E8%A1%8C%E6%94%BF%E5%8C%BA%E5%88%92%E5%8F%98%E6%9B%B4%E5%88%97%E8%A1%A8
WIKI-COUNTY-1992-05-016,1992,CNUR-000073,上海市,上海县,闵行区,county_to_district,whole_county,district_scope_jump_county_panel_break,https://zh.wikipedia.org/wiki/1992%E5%B9%B4%E4%B8%AD%E5%8D%8E%E4%BA%BA%E6%B0%91%E5%85%B1%E5%92%8C%E5%9B%BD%E5%8E%BF%E7%BA%A7%E4%BB%A5%E4%B8%8A%E8%A1%8C%E6%94%BF%E5%8C%BA%E5%88%92%E5%8F%98%E6%9B%B4%E5%88%97%E8%A1%A8
WIKI-COUNTY-1992-05-018,1992,CNUR-000073,上海市,川沙县,浦东新区,county_to_district,whole_county,district_scope_jump_county_panel_break,https://zh.wikipedia.org/wiki/1992%E5%B9%B4%E4%B8%AD%E5%8D%8E%E4%BA%BA%E6%B0%91%E5%85%B1%E5%92%8C%E5%9B%BD%E5%8E%BF%E7%BA%A7%E4%BB%A5%E4%B8%8A%E8%A1%8C%E6%94%BF%E5%8C%BA%E5%88%92%E5%8F%98%E6%9B%B4%E5%88%97%E8%A1%A8
WIKI-COUNTY-1992-05-020,1992,CNUR-000073,上海市,嘉定县,嘉定区,county_to_district,whole_county,district_scope_jump_county_panel_break,https://zh.wikipedia.org/wiki/1992%E5%B9%B4%E4%B8%AD%E5%8D%8E%E4%BA%BA%E6%B0%91%E5%85%B1%E5%92%8C%E5%9B%BD%E5%8E%BF%E7%BA%A7%E4%BB%A5%E4%B8%8A%E8%A1%8C%E6%94%BF%E5%8C%BA%E5%88%92%E5%8F%98%E6%9B%B4%E5%88%97%E8%A1%A8
WIKI-COUNTY-1992-05-007,1992,CNUR-000089,温州市,瓯海县,瓯海区,county_to_district,whole_county,district_scope_jump_county_panel_break,https://zh.wikipedia.org/wiki/1992%E5%B9%B4%E4%B8%AD%E5%8D%8E%E4%BA%BA%E6%B0%91%E5%85%B1%E5%92%8C%E5%9B%BD%E5%8E%BF%E7%BA%A7%E4%BB%A5%E4%B8%8A%E8%A1%8C%E6%94%BF%E5%8C%BA%E5%88%92%E5%8F%98%E6%9B%B4%E5%88%97%E8%A1%A8
WIKI-COUNTY-1992-05-015,1992,CNUR-000169,武汉市,汉阳县,蔡甸区,county_to_district,whole_county,district_scope_jump_county_panel_break,https://zh.wikipedia.org/wiki/1992%E5%B9%B4%E4%B8%AD%E5%8D%8E%E4%BA%BA%E6%B0%91%E5%85%B1%E5%92%8C%E5%9B%BD%E5%8E%BF%E7%BA%A7%E4%BB%A5%E4%B8%8A%E8%A1%8C%E6%94%BF%E5%8C%BA%E5%88%92%E5%8F%98%E6%9B%B4%E5%88%97%E8%A1%A8
WIKI-COUNTY-1992-05-009,1992,CNUR-000184,湘潭市,雨湖区,雨湖区,district_other,whole,district_scope_jump,https://zh.wikipedia.org/wiki/1992%E5%B9%B4%E4%B8%AD%E5%8D%8E%E4%BA%BA%E6%B0%91%E5%85%B1%E5%92%8C%E5%9B%BD%E5%8E%BF%E7%BA%A7%E4%BB%A5%E4%B8%8A%E8%A1%8C%E6%94%BF%E5%8C%BA%E5%88%92%E5%8F%98%E6%9B%B4%E5%88%97%E8%A1%A8
WIKI-COUNTY-1992-05-010,1992,CNUR-000184,湘潭市,湘江区,,district_other,whole,district_scope_jump,https://zh.wikipedia.org/wiki/1992%E5%B9%B4%E4%B8%AD%E5%8D%8E%E4%BA%BA%E6%B0%91%E5%85%B1%E5%92%8C%E5%9B%BD%E5%8E%BF%E7%BA%A7%E4%BB%A5%E4%B8%8A%E8%A1%8C%E6%94%BF%E5%8C%BA%E5%88%92%E5%8F%98%E6%9B%B4%E5%88%97%E8%A1%A8
WIKI-COUNTY-1992-05-011,1992,CNUR-000184,湘潭市,郊区,,district_other,whole,district_scope_jump,https://zh.wikipedia.org/wiki/1992%E5%B9%B4%E4%B8%AD%E5%8D%8E%E4%BA%BA%E6%B0%91%E5%85%B1%E5%92%8C%E5%9B%BD%E5%8E%BF%E7%BA%A7%E4%BB%A5%E4%B8%8A%E8%A1%8C%E6%94%BF%E5%8C%BA%E5%88%92%E5%8F%98%E6%9B%B4%E5%88%97%E8%A1%A8
WIKI-COUNTY-1992-05-012,1992,CNUR-000184,湘潭市,岳塘区,,district_other,whole,district_scope_jump,https://zh.wikipedia.org/wiki/1992%E5%B9%B4%E4%B8%AD%E5%8D%8E%E4%BA%BA%E6%B0%91%E5%85%B1%E5%92%8C%E5%9B%BD%E5%8E%BF%E7%BA%A7%E4%BB%A5%E4%B8%8A%E8%A1%8C%E6%94%BF%E5%8C%BA%E5%88%92%E5%8F%98%E6%9B%B4%E5%88%97%E8%A1%A8
WIKI-COUNTY-1992-05-013,1992,CNUR-000184,湘潭市,岳塘区,,district_other,whole,district_scope_jump,https://zh.wikipedia.org/wiki/1992%E5%B9%B4%E4%B8%AD%E5%8D%8E%E4%BA%BA%E6%B0%91%E5%85%B1%E5%92%8C%E5%9B%BD%E5%8E%BF%E7%BA%A7%E4%BB%A5%E4%B8%8A%E8%A1%8C%E6%94%BF%E5%8C%BA%E5%88%92%E5%8F%98%E6%9B%B4%E5%88%97%E8%A1%A8
WIKI-COUNTY-1992-05-014,1992,CNUR-000184,湘潭市,板塘区,,district_other,whole,district_scope_jump,https://zh.wikipedia.org/wiki/1992%E5%B9%B4%E4%B8%AD%E5%8D%8E%E4%BA%BA%E6%B0%91%E5%85%B1%E5%92%8C%E5%9B%BD%E5%8E%BF%E7%BA%A7%E4%BB%A5%E4%B8%8A%E8%A1%8C%E6%94%BF%E5%8C%BA%E5%88%92%E5%8F%98%E6%9B%B4%E5%88%97%E8%A1%A8
WIKI-COUNTY-1992-05-023,1992,CNUR-000198,深圳市,宝安县,宝安区,county_to_district,whole_county,district_scope_jump_county_panel_break,https://zh.wikipedia.org/wiki/1992%E5%B9%B4%E4%B8%AD%E5%8D%8E%E4%BA%BA%E6%B0%91%E5%85%B1%E5%92%8C%E5%9B%BD%E5%8E%BF%E7%BA%A7%E4%BB%A5%E4%B8%8A%E8%A1%8C%E6%94%BF%E5%8C%BA%E5%88%92%E5%8F%98%E6%9B%B4%E5%88%97%E8%A1%A8
WIKI-COUNTY-1992-05-021,1992,CNUR-000241,绵阳市,市中区,涪城区,district_other,whole,district_scope_jump,https://zh.wikipedia.org/wiki/1992%E5%B9%B4%E4%B8%AD%E5%8D%8E%E4%BA%BA%E6%B0%91%E5%85%B1%E5%92%8C%E5%9B%BD%E5%8E%BF%E7%BA%A7%E4%BB%A5%E4%B8%8A%E8%A1%8C%E6%94%BF%E5%8C%BA%E5%88%92%E5%8F%98%E6%9B%B4%E5%88%97%E8%A1%A8
WIKI-COUNTY-1992-05-022,1992,CNUR-000241,绵阳市,游仙区,,district_other,whole,district_scope_jump,https://zh.wikipedia.org/wiki/1992%E5%B9%B4%E4%B8%AD%E5%8D%8E%E4%BA%BA%E6%B0%91%E5%85%B1%E5%92%8C%E5%9B%BD%E5%8E%BF%E7%BA%A7%E4%BB%A5%E4%B8%8A%E8%A1%8C%E6%94%BF%E5%8C%BA%E5%88%92%E5%8F%98%E6%9B%B4%E5%88%97%E8%A1%A8
WIKI-COUNTY-1994-05-002,1994,CNUR-000136,青岛市,台东区,市北区,district_merge,whole,district_merge_aggregate_safe,https://zh.wikipedia.org/wiki/1994%E5%B9%B4%E4%B8%AD%E5%8D%8E%E4%BA%BA%E6%B0%91%E5%85%B1%E5%92%8C%E5%9B%BD%E5%8E%BF%E7%BA%A7%E4%BB%A5%E4%B8%8A%E8%A1%8C%E6%94%BF%E5%8C%BA%E5%88%92%E5%8F%98%E6%9B%B4%E5%88%97%E8%A1%A8
WIKI-COUNTY-1994-05-003,1994,CNUR-000136,青岛市,,,district_merge,whole,district_merge_aggregate_safe,https://zh.wikipedia.org/wiki/1994%E5%B9%B4%E4%B8%AD%E5%8D%8E%E4%BA%BA%E6%B0%91%E5%85%B1%E5%92%8C%E5%9B%BD%E5%8E%BF%E7%BA%A7%E4%BB%A5%E4%B8%8A%E8%A1%8C%E6%94%BF%E5%8C%BA%E5%88%92%E5%8F%98%E6%9B%B4%E5%88%97%E8%A1%A8
WIKI-COUNTY-1994-05-004,1994,CNUR-000136,青岛市,,四方区、市北区,district_merge,whole,district_merge_aggregate_safe,https://zh.wikipedia.org/wiki/1994%E5%B9%B4%E4%B8%AD%E5%8D%8E%E4%BA%BA%E6%B0%91%E5%85%B1%E5%92%8C%E5%9B%BD%E5%8E%BF%E7%BA%A7%E4%BB%A5%E4%B8%8A%E8%A1%8C%E6%94%BF%E5%8C%BA%E5%88%92%E5%8F%98%E6%9B%B4%E5%88%97%E8%A1%A8
WIKI-COUNTY-1994-05-005,1994,CNUR-000136,青岛市,城阳区,,district_merge,whole,district_merge_aggregate_safe,https://zh.wikipedia.org/wiki/1994%E5%B9%B4%E4%B8%AD%E5%8D%8E%E4%BA%BA%E6%B0%91%E5%85%B1%E5%92%8C%E5%9B%BD%E5%8E%BF%E7%BA%A7%E4%BB%A5%E4%B8%8A%E8%A1%8C%E6%94%BF%E5%8C%BA%E5%88%92%E5%8F%98%E6%9B%B4%E5%88%97%E8%A1%A8
WIKI-COUNTY-1994-05-006,1994,CNUR-000136,青岛市,李沧区,,district_merge,whole,district_merge_aggregate_safe,https://zh.wikipedia.org/wiki/1994%E5%B9%B4%E4%B8%AD%E5%8D%8E%E4%BA%BA%E6%B0%91%E5%85%B1%E5%92%8C%E5%9B%BD%E5%8E%BF%E7%BA%A7%E4%BB%A5%E4%B8%8A%E8%A1%8C%E6%94%BF%E5%8C%BA%E5%88%92%E5%8F%98%E6%9B%B4%E5%88%97%E8%A1%A8
WIKI-COUNTY-1994-05-007,1994,CNUR-000136,青岛市,沧口区,,district_merge,whole,district_merge_aggregate_safe,https://zh.wikipedia.org/wiki/1994%E5%B9%B4%E4%B8%AD%E5%8D%8E%E4%BA%BA%E6%B0%91%E5%85%B1%E5%92%8C%E5%9B%BD%E5%8E%BF%E7%BA%A7%E4%BB%A5%E4%B8%8A%E8%A1%8C%E6%94%BF%E5%8C%BA%E5%88%92%E5%8F%98%E6%9B%B4%E5%88%97%E8%A1%A8
WIKI-COUNTY-1994-05-008,1994,CNUR-000136,青岛市,,,district_merge,whole,district_merge_aggregate_safe,https://zh.wikipedia.org/wiki/1994%E5%B9%B4%E4%B8%AD%E5%8D%8E%E4%BA%BA%E6%B0%91%E5%85%B1%E5%92%8C%E5%9B%BD%E5%8E%BF%E7%BA%A7%E4%BB%A5%E4%B8%8A%E8%A1%8C%E6%94%BF%E5%8C%BA%E5%88%92%E5%8F%98%E6%9B%B4%E5%88%97%E8%A1%A8
WIKI-COUNTY-1994-05-011,1994,CNUR-000140,烟台市,牟平县,牟平区,county_to_district,whole_county,district_scope_jump_county_panel_break,https://zh.wikipedia.org/wiki/1994%E5%B9%B4%E4%B8%AD%E5%8D%8E%E4%BA%BA%E6%B0%91%E5%85%B1%E5%92%8C%E5%9B%BD%E5%8E%BF%E7%BA%A7%E4%BB%A5%E4%B8%8A%E8%A1%8C%E6%94%BF%E5%8C%BA%E5%88%92%E5%8F%98%E6%9B%B4%E5%88%97%E8%A1%A8
WIKI-COUNTY-1994-05-009,1994,CNUR-000200,汕头市,潮阳市,河浦区,county_to_district,whole_county,district_scope_jump_county_panel_break,https://zh.wikipedia.org/wiki/1994%E5%B9%B4%E4%B8%AD%E5%8D%8E%E4%BA%BA%E6%B0%91%E5%85%B1%E5%92%8C%E5%9B%BD%E5%8E%BF%E7%BA%A7%E4%BB%A5%E4%B8%8A%E8%A1%8C%E6%94%BF%E5%8C%BA%E5%88%92%E5%8F%98%E6%9B%B4%E5%88%97%E8%A1%A8
WIKI-COUNTY-1994-05-013,1994,CNUR-000221,北海市,郊区,海城区,district_other,whole,district_scope_jump,https://zh.wikipedia.org/wiki/1994%E5%B9%B4%E4%B8%AD%E5%8D%8E%E4%BA%BA%E6%B0%91%E5%85%B1%E5%92%8C%E5%9B%BD%E5%8E%BF%E7%BA%A7%E4%BB%A5%E4%B8%8A%E8%A1%8C%E6%94%BF%E5%8C%BA%E5%88%92%E5%8F%98%E6%9B%B4%E5%88%97%E8%A1%A8
WIKI-COUNTY-1994-05-014,1994,CNUR-000221,北海市,银海区,,district_other,whole,district_scope_jump,https://zh.wikipedia.org/wiki/1994%E5%B9%B4%E4%B8%AD%E5%8D%8E%E4%BA%BA%E6%B0%91%E5%85%B1%E5%92%8C%E5%9B%BD%E5%8E%BF%E7%BA%A7%E4%BB%A5%E4%B8%8A%E8%A1%8C%E6%94%BF%E5%8C%BA%E5%88%92%E5%8F%98%E6%9B%B4%E5%88%97%E8%A1%A8
WIKI-COUNTY-1994-05-017,1994,CNUR-000235,重庆市,巴县,南岸区、沙坪坝区、九龙坡区、大渡口区,county_to_district,whole_county,district_scope_jump_county_panel_break,https://zh.wikipedia.org/wiki/1994%E5%B9%B4%E4%B8%AD%E5%8D%8E%E4%BA%BA%E6%B0%91%E5%85%B1%E5%92%8C%E5%9B%BD%E5%8E%BF%E7%BA%A7%E4%BB%A5%E4%B8%8A%E8%A1%8C%E6%94%BF%E5%8C%BA%E5%88%92%E5%8F%98%E6%9B%B4%E5%88%97%E8%A1%A8
WIKI-COUNTY-1994-05-021,1994,CNUR-000235,重庆市,江北县,渝北区,county_to_district,whole_county,district_scope_jump_county_panel_break,https://zh.wikipedia.org/wiki/1994%E5%B9%B4%E4%B8%AD%E5%8D%8E%E4%BA%BA%E6%B0%91%E5%85%B1%E5%92%8C%E5%9B%BD%E5%8E%BF%E7%BA%A7%E4%BB%A5%E4%B8%8A%E8%A1%8C%E6%94%BF%E5%8C%BA%E5%88%92%E5%8F%98%E6%9B%B4%E5%88%97%E8%A1%A8
WIKI-COUNTY-1995-04-003,1995,CNUR-000051,长春市,郊区,绿园区,district_other,whole,district_scope_jump,https://zh.wikipedia.org/wiki/1995%E5%B9%B4%E4%B8%AD%E5%8D%8E%E4%BA%BA%E6%B0%91%E5%85%B1%E5%92%8C%E5%9B%BD%E5%8E%BF%E7%BA%A7%E4%BB%A5%E4%B8%8A%E8%A1%8C%E6%94%BF%E5%8C%BA%E5%88%92%E5%8F%98%E6%9B%B4%E5%88%97%E8%A1%A8
WIKI-COUNTY-1995-05-003,1995,CNUR-000051,长春市,双阳县,双阳区,county_to_district,whole_county,district_scope_jump_county_panel_break,https://zh.wikipedia.org/wiki/1995%E5%B9%B4%E4%B8%AD%E5%8D%8E%E4%BA%BA%E6%B0%91%E5%85%B1%E5%92%8C%E5%9B%BD%E5%8E%BF%E7%BA%A7%E4%BB%A5%E4%B8%8A%E8%A1%8C%E6%94%BF%E5%8C%BA%E5%88%92%E5%8F%98%E6%9B%B4%E5%88%97%E8%A1%A8
WIKI-COUNTY-1995-05-002,1995,CNUR-000169,武汉市,武昌县,江夏区,county_to_district,whole_county,district_scope_jump_county_panel_break,https://zh.wikipedia.org/wiki/1995%E5%B9%B4%E4%B8%AD%E5%8D%8E%E4%BA%BA%E6%B0%91%E5%85%B1%E5%92%8C%E5%9B%BD%E5%8E%BF%E7%BA%A7%E4%BB%A5%E4%B8%8A%E8%A1%8C%E6%94%BF%E5%8C%BA%E5%88%92%E5%8F%98%E6%9B%B4%E5%88%97%E8%A1%A8
WIKI-COUNTY-1995-04-004,1995,CNUR-000173,襄阳市,襄城区,襄城区,district_other,whole,district_scope_jump,https://zh.wikipedia.org/wiki/1995%E5%B9%B4%E4%B8%AD%E5%8D%8E%E4%BA%BA%E6%B0%91%E5%85%B1%E5%92%8C%E5%9B%BD%E5%8E%BF%E7%BA%A7%E4%BB%A5%E4%B8%8A%E8%A1%8C%E6%94%BF%E5%8C%BA%E5%88%92%E5%8F%98%E6%9B%B4%E5%88%97%E8%A1%A8
WIKI-COUNTY-1995-04-005,1995,CNUR-000173,襄阳市,郊区,,district_other,whole,district_scope_jump,https://zh.wikipedia.org/wiki/1995%E5%B9%B4%E4%B8%AD%E5%8D%8E%E4%BA%BA%E6%B0%91%E5%85%B1%E5%92%8C%E5%9B%BD%E5%8E%BF%E7%BA%A7%E4%BB%A5%E4%B8%8A%E8%A1%8C%E6%94%BF%E5%8C%BA%E5%88%92%E5%8F%98%E6%9B%B4%E5%88%97%E8%A1%A8
WIKI-COUNTY-1995-04-006,1995,CNUR-000173,襄阳市,樊城区,,district_other,whole,district_scope_jump,https://zh.wikipedia.org/wiki/1995%E5%B9%B4%E4%B8%AD%E5%8D%8E%E4%BA%BA%E6%B0%91%E5%85%B1%E5%92%8C%E5%9B%BD%E5%8E%BF%E7%BA%A7%E4%BB%A5%E4%B8%8A%E8%A1%8C%E6%94%BF%E5%8C%BA%E5%88%92%E5%8F%98%E6%9B%B4%E5%88%97%E8%A1%A8
WIKI-COUNTY-1995-04-007,1995,CNUR-000173,襄阳市,樊东区,,district_other,whole,district_scope_jump,https://zh.wikipedia.org/wiki/1995%E5%B9%B4%E4%B8%AD%E5%8D%8E%E4%BA%BA%E6%B0%91%E5%85%B1%E5%92%8C%E5%9B%BD%E5%8E%BF%E7%BA%A7%E4%BB%A5%E4%B8%8A%E8%A1%8C%E6%94%BF%E5%8C%BA%E5%88%92%E5%8F%98%E6%9B%B4%E5%88%97%E8%A1%A8
WIKI-COUNTY-1995-04-008,1995,CNUR-000173,襄阳市,樊西区,,district_other,whole,district_scope_jump,https://zh.wikipedia.org/wiki/1995%E5%B9%B4%E4%B8%AD%E5%8D%8E%E4%BA%BA%E6%B0%91%E5%85%B1%E5%92%8C%E5%9B%BD%E5%8E%BF%E7%BA%A7%E4%BB%A5%E4%B8%8A%E8%A1%8C%E6%94%BF%E5%8C%BA%E5%88%92%E5%8F%98%E6%9B%B4%E5%88%97%E8%A1%A8
WIKI-COUNTY-1995-05-004,1995,CNUR-000239,泸州市,纳溪县,纳溪区,county_to_district,whole_county,district_scope_jump_county_panel_break,https://zh.wikipedia.org/wiki/1995%E5%B9%B4%E4%B8%AD%E5%8D%8E%E4%BA%BA%E6%B0%91%E5%85%B1%E5%92%8C%E5%9B%BD%E5%8E%BF%E7%BA%A7%E4%BB%A5%E4%B8%8A%E8%A1%8C%E6%94%BF%E5%8C%BA%E5%88%92%E5%8F%98%E6%9B%B4%E5%88%97%E8%A1%A8
WIKI-COUNTY-1996-06-013,1996,CNUR-000116,厦门市,同安县,同安区,county_to_district,whole_county,district_scope_jump_county_panel_break,https://zh.wikipedia.org/wiki/1996%E5%B9%B4%E4%B8%AD%E5%8D%8E%E4%BA%BA%E6%B0%91%E5%85%B1%E5%92%8C%E5%9B%BD%E5%8E%BF%E7%BA%A7%E4%BB%A5%E4%B8%8A%E8%A1%8C%E6%94%BF%E5%8C%BA%E5%88%92%E5%8F%98%E6%9B%B4%E5%88%97%E8%A1%A8
WIKI-COUNTY-1996-06-004,1996,CNUR-000182,长沙市,东区,芙蓉区,district_other,whole,district_scope_jump,https://zh.wikipedia.org/wiki/1996%E5%B9%B4%E4%B8%AD%E5%8D%8E%E4%BA%BA%E6%B0%91%E5%85%B1%E5%92%8C%E5%9B%BD%E5%8E%BF%E7%BA%A7%E4%BB%A5%E4%B8%8A%E8%A1%8C%E6%94%BF%E5%8C%BA%E5%88%92%E5%8F%98%E6%9B%B4%E5%88%97%E8%A1%A8
WIKI-COUNTY-1996-06-005,1996,CNUR-000182,长沙市,南区,天心区,district_other,whole,district_scope_jump,https://zh.wikipedia.org/wiki/1996%E5%B9%B4%E4%B8%AD%E5%8D%8E%E4%BA%BA%E6%B0%91%E5%85%B1%E5%92%8C%E5%9B%BD%E5%8E%BF%E7%BA%A7%E4%BB%A5%E4%B8%8A%E8%A1%8C%E6%94%BF%E5%8C%BA%E5%88%92%E5%8F%98%E6%9B%B4%E5%88%97%E8%A1%A8
WIKI-COUNTY-1996-06-006,1996,CNUR-000182,长沙市,西区,岳麓区,district_other,whole,district_scope_jump,https://zh.wikipedia.org/wiki/1996%E5%B9%B4%E4%B8%AD%E5%8D%8E%E4%BA%BA%E6%B0%91%E5%85%B1%E5%92%8C%E5%9B%BD%E5%8E%BF%E7%BA%A7%E4%BB%A5%E4%B8%8A%E8%A1%8C%E6%94%BF%E5%8C%BA%E5%88%92%E5%8F%98%E6%9B%B4%E5%88%97%E8%A1%A8
WIKI-COUNTY-1996-06-007,1996,CNUR-000182,长沙市,北区,开福区,district_other,whole,district_scope_jump,https://zh.wikipedia.org/wiki/1996%E5%B9%B4%E4%B8%AD%E5%8D%8E%E4%BA%BA%E6%B0%91%E5%85%B1%E5%92%8C%E5%9B%BD%E5%8E%BF%E7%BA%A7%E4%BB%A5%E4%B8%8A%E8%A1%8C%E6%94%BF%E5%8C%BA%E5%88%92%E5%8F%98%E6%9B%B4%E5%88%97%E8%A1%A8
WIKI-COUNTY-1996-06-008,1996,CNUR-000182,长沙市,郊区,雨花区,district_other,whole,district_scope_jump,https://zh.wikipedia.org/wiki/1996%E5%B9%B4%E4%B8%AD%E5%8D%8E%E4%BA%BA%E6%B0%91%E5%85%B1%E5%92%8C%E5%9B%BD%E5%8E%BF%E7%BA%A7%E4%BB%A5%E4%B8%8A%E8%A1%8C%E6%94%BF%E5%8C%BA%E5%88%92%E5%8F%98%E6%9B%B4%E5%88%97%E8%A1%A8
WIKI-COUNTY-1996-06-002,1996,CNUR-000187,岳阳市,南区,岳阳楼区,district_other,whole,district_scope_jump,https://zh.wikipedia.org/wiki/1996%E5%B9%B4%E4%B8%AD%E5%8D%8E%E4%BA%BA%E6%B0%91%E5%85%B1%E5%92%8C%E5%9B%BD%E5%8E%BF%E7%BA%A7%E4%BB%A5%E4%B8%8A%E8%A1%8C%E6%94%BF%E5%8C%BA%E5%88%92%E5%8F%98%E6%9B%B4%E5%88%97%E8%A1%A8
WIKI-COUNTY-1996-06-003,1996,CNUR-000187,岳阳市,郊区,君山区,district_other,whole,district_scope_jump,https://zh.wikipedia.org/wiki/1996%E5%B9%B4%E4%B8%AD%E5%8D%8E%E4%BA%BA%E6%B0%91%E5%85%B1%E5%92%8C%E5%9B%BD%E5%8E%BF%E7%BA%A7%E4%BB%A5%E4%B8%8A%E8%A1%8C%E6%94%BF%E5%8C%BA%E5%88%92%E5%8F%98%E6%9B%B4%E5%88%97%E8%A1%A8
WIKI-COUNTY-1996-06-011,1996,CNUR-000240,德阳市,市中区,旌阳区,county_to_district,whole_county,district_scope_jump_county_panel_break,https://zh.wikipedia.org/wiki/1996%E5%B9%B4%E4%B8%AD%E5%8D%8E%E4%BA%BA%E6%B0%91%E5%85%B1%E5%92%8C%E5%9B%BD%E5%8E%BF%E7%BA%A7%E4%BB%A5%E4%B8%8A%E8%A1%8C%E6%94%BF%E5%8C%BA%E5%88%92%E5%8F%98%E6%9B%B4%E5%88%97%E8%A1%A8
WIKI-COUNTY-1997-05-003,1997,CNUR-000001,北京市,通县,通州区,county_to_district,whole_county,district_scope_jump_county_panel_break,https://zh.wikipedia.org/wiki/1997%E5%B9%B4%E4%B8%AD%E5%8D%8E%E4%BA%BA%E6%B0%91%E5%85%B1%E5%92%8C%E5%9B%BD%E5%8E%BF%E7%BA%A7%E4%BB%A5%E4%B8%8A%E8%A1%8C%E6%94%BF%E5%8C%BA%E5%88%92%E5%8F%98%E6%9B%B4%E5%88%97%E8%A1%A8
WIKI-COUNTY-1997-05-026,1997,CNUR-000011,沧州市,郊区,运河区,district_transfer,partial,district_internal_adjust,https://zh.wikipedia.org/wiki/1997%E5%B9%B4%E4%B8%AD%E5%8D%8E%E4%BA%BA%E6%B0%91%E5%85%B1%E5%92%8C%E5%9B%BD%E5%8E%BF%E7%BA%A7%E4%BB%A5%E4%B8%8A%E8%A1%8C%E6%94%BF%E5%8C%BA%E5%88%92%E5%8F%98%E6%9B%B4%E5%88%97%E8%A1%A8
WIKI-COUNTY-1997-05-027,1997,CNUR-000011,沧州市,,,district_transfer,whole,district_internal_adjust,https://zh.wikipedia.org/wiki/1997%E5%B9%B4%E4%B8%AD%E5%8D%8E%E4%BA%BA%E6%B0%91%E5%85%B1%E5%92%8C%E5%9B%BD%E5%8E%BF%E7%BA%A7%E4%BB%A5%E4%B8%8A%E8%A1%8C%E6%94%BF%E5%8C%BA%E5%88%92%E5%8F%98%E6%9B%B4%E5%88%97%E8%A1%A8
WIKI-COUNTY-1997-05-004,1997,CNUR-000014,太原市,南城区,迎泽区,district_other,partial,district_scope_jump,https://zh.wikipedia.org/wiki/1997%E5%B9%B4%E4%B8%AD%E5%8D%8E%E4%BA%BA%E6%B0%91%E5%85%B1%E5%92%8C%E5%9B%BD%E5%8E%BF%E7%BA%A7%E4%BB%A5%E4%B8%8A%E8%A1%8C%E6%94%BF%E5%8C%BA%E5%88%92%E5%8F%98%E6%9B%B4%E5%88%97%E8%A1%A8
WIKI-COUNTY-1997-05-005,1997,CNUR-000014,太原市,北城区,杏花岭区,district_other,partial,district_scope_jump,https://zh.wikipedia.org/wiki/1997%E5%B9%B4%E4%B8%AD%E5%8D%8E%E4%BA%BA%E6%B0%91%E5%85%B1%E5%92%8C%E5%9B%BD%E5%8E%BF%E7%BA%A7%E4%BB%A5%E4%B8%8A%E8%A1%8C%E6%94%BF%E5%8C%BA%E5%88%92%E5%8F%98%E6%9B%B4%E5%88%97%E8%A1%A8
WIKI-COUNTY-1997-05-006,1997,CNUR-000014,太原市,河西区,万柏林区,district_other,partial,district_scope_jump,https://zh.wikipedia.org/wiki/1997%E5%B9%B4%E4%B8%AD%E5%8D%8E%E4%BA%BA%E6%B0%91%E5%85%B1%E5%92%8C%E5%9B%BD%E5%8E%BF%E7%BA%A7%E4%BB%A5%E4%B8%8A%E8%A1%8C%E6%94%BF%E5%8C%BA%E5%88%92%E5%8F%98%E6%9B%B4%E5%88%97%E8%A1%A8
WIKI-COUNTY-1997-05-007,1997,CNUR-000014,太原市,南郊区,小店区,district_other,partial,district_scope_jump,https://zh.wikipedia.org/wiki/1997%E5%B9%B4%E4%B8%AD%E5%8D%8E%E4%BA%BA%E6%B0%91%E5%85%B1%E5%92%8C%E5%9B%BD%E5%8E%BF%E7%BA%A7%E4%BB%A5%E4%B8%8A%E8%A1%8C%E6%94%BF%E5%8C%BA%E5%88%92%E5%8F%98%E6%9B%B4%E5%88%97%E8%A1%A8
WIKI-COUNTY-1997-05-008,1997,CNUR-000014,太原市,晋源区,,district_other,partial,district_scope_jump,https://zh.wikipedia.org/wiki/1997%E5%B9%B4%E4%B8%AD%E5%8D%8E%E4%BA%BA%E6%B0%91%E5%85%B1%E5%92%8C%E5%9B%BD%E5%8E%BF%E7%BA%A7%E4%BB%A5%E4%B8%8A%E8%A1%8C%E6%94%BF%E5%8C%BA%E5%88%92%E5%8F%98%E6%9B%B4%E5%88%97%E8%A1%A8
WIKI-COUNTY-1997-05-009,1997,CNUR-000014,太原市,北郊区,尖草坪区,district_other,partial,district_scope_jump,https://zh.wikipedia.org/wiki/1997%E5%B9%B4%E4%B8%AD%E5%8D%8E%E4%BA%BA%E6%B0%91%E5%85%B1%E5%92%8C%E5%9B%BD%E5%8E%BF%E7%BA%A7%E4%BB%A5%E4%B8%8A%E8%A1%8C%E6%94%BF%E5%8C%BA%E5%88%92%E5%8F%98%E6%9B%B4%E5%88%97%E8%A1%A8
WIKI-COUNTY-1997-05-022,1997,CNUR-000069,牡丹江市,郊区,东安区,district_transfer,partial,district_internal_adjust,https://zh.wikipedia.org/wiki/1997%E5%B9%B4%E4%B8%AD%E5%8D%8E%E4%BA%BA%E6%B0%91%E5%85%B1%E5%92%8C%E5%9B%BD%E5%8E%BF%E7%BA%A7%E4%BB%A5%E4%B8%8A%E8%A1%8C%E6%94%BF%E5%8C%BA%E5%88%92%E5%8F%98%E6%9B%B4%E5%88%97%E8%A1%A8
WIKI-COUNTY-1997-05-023,1997,CNUR-000069,牡丹江市,,,district_transfer,whole,district_internal_adjust,https://zh.wikipedia.org/wiki/1997%E5%B9%B4%E4%B8%AD%E5%8D%8E%E4%BA%BA%E6%B0%91%E5%85%B1%E5%92%8C%E5%9B%BD%E5%8E%BF%E7%BA%A7%E4%BB%A5%E4%B8%8A%E8%A1%8C%E6%94%BF%E5%8C%BA%E5%88%92%E5%8F%98%E6%9B%B4%E5%88%97%E8%A1%A8
WIKI-COUNTY-1997-05-024,1997,CNUR-000069,牡丹江市,,,district_transfer,whole,district_internal_adjust,https://zh.wikipedia.org/wiki/1997%E5%B9%B4%E4%B8%AD%E5%8D%8E%E4%BA%BA%E6%B0%91%E5%85%B1%E5%92%8C%E5%9B%BD%E5%8E%BF%E7%BA%A7%E4%BB%A5%E4%B8%8A%E8%A1%8C%E6%94%BF%E5%8C%BA%E5%88%92%E5%8F%98%E6%9B%B4%E5%88%97%E8%A1%A8
WIKI-COUNTY-1997-05-025,1997,CNUR-000069,牡丹江市,,,district_transfer,whole,district_internal_adjust,https://zh.wikipedia.org/wiki/1997%E5%B9%B4%E4%B8%AD%E5%8D%8E%E4%BA%BA%E6%B0%91%E5%85%B1%E5%92%8C%E5%9B%BD%E5%8E%BF%E7%BA%A7%E4%BB%A5%E4%B8%8A%E8%A1%8C%E6%94%BF%E5%8C%BA%E5%88%92%E5%8F%98%E6%9B%B4%E5%88%97%E8%A1%A8
WIKI-COUNTY-1997-05-002,1997,CNUR-000073,上海市,金山县,金山区,county_to_district,whole_county,district_scope_jump_county_panel_break,https://zh.wikipedia.org/wiki/1997%E5%B9%B4%E4%B8%AD%E5%8D%8E%E4%BA%BA%E6%B0%91%E5%85%B1%E5%92%8C%E5%9B%BD%E5%8E%BF%E7%BA%A7%E4%BB%A5%E4%B8%8A%E8%A1%8C%E6%94%BF%E5%8C%BA%E5%88%92%E5%8F%98%E6%9B%B4%E5%88%97%E8%A1%A8
WIKI-COUNTY-1997-05-018,1997,CNUR-000085,泰州市,,高港区,district_other,whole,district_scope_jump,https://zh.wikipedia.org/wiki/1997%E5%B9%B4%E4%B8%AD%E5%8D%8E%E4%BA%BA%E6%B0%91%E5%85%B1%E5%92%8C%E5%9B%BD%E5%8E%BF%E7%BA%A7%E4%BB%A5%E4%B8%8A%E8%A1%8C%E6%94%BF%E5%8C%BA%E5%88%92%E5%8F%98%E6%9B%B4%E5%88%97%E8%A1%A8
WIKI-COUNTY-1997-05-014,1997,CNUR-000119,泉州市,鲤城区,鲤城区,district_other,partial,district_scope_jump,https://zh.wikipedia.org/wiki/1997%E5%B9%B4%E4%B8%AD%E5%8D%8E%E4%BA%BA%E6%B0%91%E5%85%B1%E5%92%8C%E5%9B%BD%E5%8E%BF%E7%BA%A7%E4%BB%A5%E4%B8%8A%E8%A1%8C%E6%94%BF%E5%8C%BA%E5%88%92%E5%8F%98%E6%9B%B4%E5%88%97%E8%A1%A8
WIKI-COUNTY-1997-05-015,1997,CNUR-000119,泉州市,丰泽区,,district_other,partial,district_scope_jump,https://zh.wikipedia.org/wiki/1997%E5%B9%B4%E4%B8%AD%E5%8D%8E%E4%BA%BA%E6%B0%91%E5%85%B1%E5%92%8C%E5%9B%BD%E5%8E%BF%E7%BA%A7%E4%BB%A5%E4%B8%8A%E8%A1%8C%E6%94%BF%E5%8C%BA%E5%88%92%E5%8F%98%E6%9B%B4%E5%88%97%E8%A1%A8
WIKI-COUNTY-1997-05-016,1997,CNUR-000119,泉州市,洛江区,,district_other,partial,district_scope_jump,https://zh.wikipedia.org/wiki/1997%E5%B9%B4%E4%B8%AD%E5%8D%8E%E4%BA%BA%E6%B0%91%E5%85%B1%E5%92%8C%E5%9B%BD%E5%8E%BF%E7%BA%A7%E4%BB%A5%E4%B8%8A%E8%A1%8C%E6%94%BF%E5%8C%BA%E5%88%92%E5%8F%98%E6%9B%B4%E5%88%97%E8%A1%A8
WIKI-COUNTY-1997-05-029,1997,CNUR-000155,平顶山市,,石龙区,district_other,whole,district_scope_jump,https://zh.wikipedia.org/wiki/1997%E5%B9%B4%E4%B8%AD%E5%8D%8E%E4%BA%BA%E6%B0%91%E5%85%B1%E5%92%8C%E5%9B%BD%E5%8E%BF%E7%BA%A7%E4%BB%A5%E4%B8%8A%E8%A1%8C%E6%94%BF%E5%8C%BA%E5%88%92%E5%8F%98%E6%9B%B4%E5%88%97%E8%A1%A8
WIKI-COUNTY-1997-05-028,1997,CNUR-000198,深圳市,,盐田区,district_other,whole,district_scope_jump,https://zh.wikipedia.org/wiki/1997%E5%B9%B4%E4%B8%AD%E5%8D%8E%E4%BA%BA%E6%B0%91%E5%85%B1%E5%92%8C%E5%9B%BD%E5%8E%BF%E7%BA%A7%E4%BB%A5%E4%B8%8A%E8%A1%8C%E6%94%BF%E5%8C%BA%E5%88%92%E5%8F%98%E6%9B%B4%E5%88%97%E8%A1%A8
WIKI-COUNTY-1997-05-017,1997,CNUR-000289,西安市,临潼县,临潼区,county_to_district,whole_county,district_scope_jump_county_panel_break,https://zh.wikipedia.org/wiki/1997%E5%B9%B4%E4%B8%AD%E5%8D%8E%E4%BA%BA%E6%B0%91%E5%85%B1%E5%92%8C%E5%9B%BD%E5%8E%BF%E7%BA%A7%E4%BB%A5%E4%B8%8A%E8%A1%8C%E6%94%BF%E5%8C%BA%E5%88%92%E5%8F%98%E6%9B%B4%E5%88%97%E8%A1%A8
WIKI-COUNTY-1998-05-003,1998,CNUR-000001,北京市,顺义县,顺义区,county_to_district,whole_county,district_scope_jump_county_panel_break,https://zh.wikipedia.org/wiki/1998%E5%B9%B4%E4%B8%AD%E5%8D%8E%E4%BA%BA%E6%B0%91%E5%85%B1%E5%92%8C%E5%9B%BD%E5%8E%BF%E7%BA%A7%E4%BB%A5%E4%B8%8A%E8%A1%8C%E6%94%BF%E5%8C%BA%E5%88%92%E5%8F%98%E6%9B%B4%E5%88%97%E8%A1%A8
WIKI-COUNTY-1998-05-002,1998,CNUR-000073,上海市,松江县,松江区,county_to_district,whole_county,district_scope_jump_county_panel_break,https://zh.wikipedia.org/wiki/1998%E5%B9%B4%E4%B8%AD%E5%8D%8E%E4%BA%BA%E6%B0%91%E5%85%B1%E5%92%8C%E5%9B%BD%E5%8E%BF%E7%BA%A7%E4%BB%A5%E4%B8%8A%E8%A1%8C%E6%94%BF%E5%8C%BA%E5%88%92%E5%8F%98%E6%9B%B4%E5%88%97%E8%A1%A8
WIKI-COUNTY-1998-05-004,1998,CNUR-000169,武汉市,新洲县,新洲区,county_to_district,whole_county,district_scope_jump_county_panel_break,https://zh.wikipedia.org/wiki/1998%E5%B9%B4%E4%B8%AD%E5%8D%8E%E4%BA%BA%E6%B0%91%E5%85%B1%E5%92%8C%E5%9B%BD%E5%8E%BF%E7%BA%A7%E4%BB%A5%E4%B8%8A%E8%A1%8C%E6%94%BF%E5%8C%BA%E5%88%92%E5%8F%98%E6%9B%B4%E5%88%97%E8%A1%A8
WIKI-COUNTY-1998-05-005,1998,CNUR-000169,武汉市,黄陂县,黄陂区,county_to_district,whole_county,district_scope_jump_county_panel_break,https://zh.wikipedia.org/wiki/1998%E5%B9%B4%E4%B8%AD%E5%8D%8E%E4%BA%BA%E6%B0%91%E5%85%B1%E5%92%8C%E5%9B%BD%E5%8E%BF%E7%BA%A7%E4%BB%A5%E4%B8%8A%E8%A1%8C%E6%94%BF%E5%8C%BA%E5%88%92%E5%8F%98%E6%9B%B4%E5%88%97%E8%A1%A8
WIKI-COUNTY-1998-08-004,1998,CNUR-000235,重庆市,万县区,万州区,county_to_district,whole_county,district_scope_jump_county_panel_break,https://zh.wikipedia.org/wiki/1998%E5%B9%B4%E4%B8%AD%E5%8D%8E%E4%BA%BA%E6%B0%91%E5%85%B1%E5%92%8C%E5%9B%BD%E5%8E%BF%E7%BA%A7%E4%BB%A5%E4%B8%8A%E8%A1%8C%E6%94%BF%E5%8C%BA%E5%88%92%E5%8F%98%E6%9B%B4%E5%88%97%E8%A1%A8
WIKI-COUNTY-1998-04-003,1998,CNUR-000266,昆明市,,东川区,district_other,whole,district_scope_jump,https://zh.wikipedia.org/wiki/1998%E5%B9%B4%E4%B8%AD%E5%8D%8E%E4%BA%BA%E6%B0%91%E5%85%B1%E5%92%8C%E5%9B%BD%E5%8E%BF%E7%BA%A7%E4%BB%A5%E4%B8%8A%E8%A1%8C%E6%94%BF%E5%8C%BA%E5%88%92%E5%8F%98%E6%9B%B4%E5%88%97%E8%A1%A8
WIKI-COUNTY-1999-04-002,1999,CNUR-000001,北京市,昌平县,昌平区,county_to_district,whole_county,district_scope_jump_county_panel_break,https://zh.wikipedia.org/wiki/1999%E5%B9%B4%E4%B8%AD%E5%8D%8E%E4%BA%BA%E6%B0%91%E5%85%B1%E5%92%8C%E5%9B%BD%E5%8E%BF%E7%BA%A7%E4%BB%A5%E4%B8%8A%E8%A1%8C%E6%94%BF%E5%8C%BA%E5%88%92%E5%8F%98%E6%9B%B4%E5%88%97%E8%A1%A8
WIKI-COUNTY-1999-04-003,1999,CNUR-000073,上海市,青浦县,青浦区,county_to_district,whole_county,district_scope_jump_county_panel_break,https://zh.wikipedia.org/wiki/1999%E5%B9%B4%E4%B8%AD%E5%8D%8E%E4%BA%BA%E6%B0%91%E5%85%B1%E5%92%8C%E5%9B%BD%E5%8E%BF%E7%BA%A7%E4%BB%A5%E4%B8%8A%E8%A1%8C%E6%94%BF%E5%8C%BA%E5%88%92%E5%8F%98%E6%9B%B4%E5%88%97%E8%A1%A8
WIKI-COUNTY-2000-01-011,2000,CNUR-000002,天津市,武清县,武清区,county_to_district,whole_county,district_scope_jump_county_panel_break,https://zh.wikipedia.org/wiki/2000%E5%B9%B4%E4%B8%AD%E5%8D%8E%E4%BA%BA%E6%B0%91%E5%85%B1%E5%92%8C%E5%9B%BD%E5%8E%BF%E7%BA%A7%E4%BB%A5%E4%B8%8A%E8%A1%8C%E6%94%BF%E5%8C%BA%E5%88%92%E5%8F%98%E6%9B%B4%E5%88%97%E8%A1%A8
WIKI-COUNTY-2000-01-010,2000,CNUR-000073,上海市,黄浦区、南市区,黄浦区,district_other,whole,district_scope_jump,https://zh.wikipedia.org/wiki/2000%E5%B9%B4%E4%B8%AD%E5%8D%8E%E4%BA%BA%E6%B0%91%E5%85%B1%E5%92%8C%E5%9B%BD%E5%8E%BF%E7%BA%A7%E4%BB%A5%E4%B8%8A%E8%A1%8C%E6%94%BF%E5%8C%BA%E5%88%92%E5%8F%98%E6%9B%B4%E5%88%97%E8%A1%A8
WIKI-COUNTY-2000-01-014,2000,CNUR-000074,南京市,江宁县,江宁区,county_to_district,whole_county,district_scope_jump_county_panel_break,https://zh.wikipedia.org/wiki/2000%E5%B9%B4%E4%B8%AD%E5%8D%8E%E4%BA%BA%E6%B0%91%E5%85%B1%E5%92%8C%E5%9B%BD%E5%8E%BF%E7%BA%A7%E4%BB%A5%E4%B8%8A%E8%A1%8C%E6%94%BF%E5%8C%BA%E5%88%92%E5%8F%98%E6%9B%B4%E5%88%97%E8%A1%A8
WIKI-COUNTY-2000-01-015,2000,CNUR-000075,无锡市,,锡山区、惠山区,district_other,whole,district_scope_jump,https://zh.wikipedia.org/wiki/2000%E5%B9%B4%E4%B8%AD%E5%8D%8E%E4%BA%BA%E6%B0%91%E5%85%B1%E5%92%8C%E5%9B%BD%E5%8E%BF%E7%BA%A7%E4%BB%A5%E4%B8%8A%E8%A1%8C%E6%94%BF%E5%8C%BA%E5%88%92%E5%8F%98%E6%9B%B4%E5%88%97%E8%A1%A8
WIKI-COUNTY-2000-01-016,2000,CNUR-000075,无锡市,马山区、郊区,滨湖区,district_merge,whole,district_merge_aggregate_safe,https://zh.wikipedia.org/wiki/2000%E5%B9%B4%E4%B8%AD%E5%8D%8E%E4%BA%BA%E6%B0%91%E5%85%B1%E5%92%8C%E5%9B%BD%E5%8E%BF%E7%BA%A7%E4%BB%A5%E4%B8%8A%E8%A1%8C%E6%94%BF%E5%8C%BA%E5%88%92%E5%8F%98%E6%9B%B4%E5%88%97%E8%A1%A8
WIKI-COUNTY-2000-01-018,2000,CNUR-000078,苏州市,吴县市,吴中区、相城区,county_to_district,whole_county,district_scope_jump_county_panel_break,https://zh.wikipedia.org/wiki/2000%E5%B9%B4%E4%B8%AD%E5%8D%8E%E4%BA%BA%E6%B0%91%E5%85%B1%E5%92%8C%E5%9B%BD%E5%8E%BF%E7%BA%A7%E4%BB%A5%E4%B8%8A%E8%A1%8C%E6%94%BF%E5%8C%BA%E5%88%92%E5%8F%98%E6%9B%B4%E5%88%97%E8%A1%A8
WIKI-COUNTY-2000-01-013,2000,CNUR-000083,扬州市,邗江县,邗江区,county_to_district,whole_county,district_scope_jump_county_panel_break,https://zh.wikipedia.org/wiki/2000%E5%B9%B4%E4%B8%AD%E5%8D%8E%E4%BA%BA%E6%B0%91%E5%85%B1%E5%92%8C%E5%9B%BD%E5%8E%BF%E7%BA%A7%E4%BB%A5%E4%B8%8A%E8%A1%8C%E6%94%BF%E5%8C%BA%E5%88%92%E5%8F%98%E6%9B%B4%E5%88%97%E8%A1%A8
WIKI-COUNTY-2000-01-017,2000,CNUR-000093,金华市,金华县,金东区,county_to_district,whole_county,district_scope_jump_county_panel_break,https://zh.wikipedia.org/wiki/2000%E5%B9%B4%E4%B8%AD%E5%8D%8E%E4%BA%BA%E6%B0%91%E5%85%B1%E5%92%8C%E5%9B%BD%E5%8E%BF%E7%BA%A7%E4%BB%A5%E4%B8%8A%E8%A1%8C%E6%94%BF%E5%8C%BA%E5%88%92%E5%8F%98%E6%9B%B4%E5%88%97%E8%A1%A8
WIKI-COUNTY-2000-01-007,2000,CNUR-000154,洛阳市,郊区,洛龙区,district_transfer,partial,district_internal_adjust,https://zh.wikipedia.org/wiki/2000%E5%B9%B4%E4%B8%AD%E5%8D%8E%E4%BA%BA%E6%B0%91%E5%85%B1%E5%92%8C%E5%9B%BD%E5%8E%BF%E7%BA%A7%E4%BB%A5%E4%B8%8A%E8%A1%8C%E6%94%BF%E5%8C%BA%E5%88%92%E5%8F%98%E6%9B%B4%E5%88%97%E8%A1%A8
WIKI-COUNTY-2000-01-008,2000,CNUR-000196,广州市,番禺市,番禺区,county_to_district,whole_county,district_scope_jump_county_panel_break,https://zh.wikipedia.org/wiki/2000%E5%B9%B4%E4%B8%AD%E5%8D%8E%E4%BA%BA%E6%B0%91%E5%85%B1%E5%92%8C%E5%9B%BD%E5%8E%BF%E7%BA%A7%E4%BB%A5%E4%B8%8A%E8%A1%8C%E6%94%BF%E5%8C%BA%E5%88%92%E5%8F%98%E6%9B%B4%E5%88%97%E8%A1%A8
WIKI-COUNTY-2000-01-009,2000,CNUR-000196,广州市,花都市,花都区,county_to_district,whole_county,district_scope_jump_county_panel_break,https://zh.wikipedia.org/wiki/2000%E5%B9%B4%E4%B8%AD%E5%8D%8E%E4%BA%BA%E6%B0%91%E5%85%B1%E5%92%8C%E5%9B%BD%E5%8E%BF%E7%BA%A7%E4%BB%A5%E4%B8%8A%E8%A1%8C%E6%94%BF%E5%8C%BA%E5%88%92%E5%8F%98%E6%9B%B4%E5%88%97%E8%A1%A8
WIKI-COUNTY-2000-01-012,2000,CNUR-000235,重庆市,黔江土家族苗族自治县,黔江区,county_to_district,whole_county,district_scope_jump_county_panel_break,https://zh.wikipedia.org/wiki/2000%E5%B9%B4%E4%B8%AD%E5%8D%8E%E4%BA%BA%E6%B0%91%E5%85%B1%E5%92%8C%E5%9B%BD%E5%8E%BF%E7%BA%A7%E4%BB%A5%E4%B8%8A%E8%A1%8C%E6%94%BF%E5%8C%BA%E5%88%92%E5%8F%98%E6%9B%B4%E5%88%97%E8%A1%A8
WIKI-COUNTY-2001-01-002,2001,CNUR-000001,北京市,大兴县,大兴区,county_to_district,whole_county,district_scope_jump_county_panel_break,https://zh.wikipedia.org/wiki/2001%E5%B9%B4%E4%B8%AD%E5%8D%8E%E4%BA%BA%E6%B0%91%E5%85%B1%E5%92%8C%E5%9B%BD%E5%8E%BF%E7%BA%A7%E4%BB%A5%E4%B8%8A%E8%A1%8C%E6%94%BF%E5%8C%BA%E5%88%92%E5%8F%98%E6%9B%B4%E5%88%97%E8%A1%A8
WIKI-COUNTY-2001-01-034,2001,CNUR-000001,北京市,怀柔县,怀柔区,county_to_district,whole_county,district_scope_jump_county_panel_break,https://zh.wikipedia.org/wiki/2001%E5%B9%B4%E4%B8%AD%E5%8D%8E%E4%BA%BA%E6%B0%91%E5%85%B1%E5%92%8C%E5%9B%BD%E5%8E%BF%E7%BA%A7%E4%BB%A5%E4%B8%8A%E8%A1%8C%E6%94%BF%E5%8C%BA%E5%88%92%E5%8F%98%E6%9B%B4%E5%88%97%E8%A1%A8
WIKI-COUNTY-2001-01-035,2001,CNUR-000001,北京市,平谷县,平谷区,county_to_district,whole_county,district_scope_jump_county_panel_break,https://zh.wikipedia.org/wiki/2001%E5%B9%B4%E4%B8%AD%E5%8D%8E%E4%BA%BA%E6%B0%91%E5%85%B1%E5%92%8C%E5%9B%BD%E5%8E%BF%E7%BA%A7%E4%BB%A5%E4%B8%8A%E8%A1%8C%E6%94%BF%E5%8C%BA%E5%88%92%E5%8F%98%E6%9B%B4%E5%88%97%E8%A1%A8
WIKI-COUNTY-2001-01-010,2001,CNUR-000002,天津市,宝坻县,宝坻区,county_to_district,whole_county,district_scope_jump_county_panel_break,https://zh.wikipedia.org/wiki/2001%E5%B9%B4%E4%B8%AD%E5%8D%8E%E4%BA%BA%E6%B0%91%E5%85%B1%E5%92%8C%E5%9B%BD%E5%8E%BF%E7%BA%A7%E4%BB%A5%E4%B8%8A%E8%A1%8C%E6%94%BF%E5%8C%BA%E5%88%92%E5%8F%98%E6%9B%B4%E5%88%97%E8%A1%A8
WIKI-COUNTY-2001-01-006,2001,CNUR-000003,石家庄市,郊区,裕华区,district_transfer,partial,district_internal_adjust,https://zh.wikipedia.org/wiki/2001%E5%B9%B4%E4%B8%AD%E5%8D%8E%E4%BA%BA%E6%B0%91%E5%85%B1%E5%92%8C%E5%9B%BD%E5%8E%BF%E7%BA%A7%E4%BB%A5%E4%B8%8A%E8%A1%8C%E6%94%BF%E5%8C%BA%E5%88%92%E5%8F%98%E6%9B%B4%E5%88%97%E8%A1%A8
WIKI-COUNTY-2001-01-003,2001,CNUR-000073,上海市,奉贤县,奉贤区,county_to_district,whole_county,district_scope_jump_county_panel_break,https://zh.wikipedia.org/wiki/2001%E5%B9%B4%E4%B8%AD%E5%8D%8E%E4%BA%BA%E6%B0%91%E5%85%B1%E5%92%8C%E5%9B%BD%E5%8E%BF%E7%BA%A7%E4%BB%A5%E4%B8%8A%E8%A1%8C%E6%94%BF%E5%8C%BA%E5%88%92%E5%8F%98%E6%9B%B4%E5%88%97%E8%A1%A8
WIKI-COUNTY-2001-01-004,2001,CNUR-000073,上海市,南汇县,南汇区,county_to_district,whole_county,district_scope_jump_county_panel_break,https://zh.wikipedia.org/wiki/2001%E5%B9%B4%E4%B8%AD%E5%8D%8E%E4%BA%BA%E6%B0%91%E5%85%B1%E5%92%8C%E5%9B%BD%E5%8E%BF%E7%BA%A7%E4%BB%A5%E4%B8%8A%E8%A1%8C%E6%94%BF%E5%8C%BA%E5%88%92%E5%8F%98%E6%9B%B4%E5%88%97%E8%A1%A8
WIKI-COUNTY-2001-01-026,2001,CNUR-000080,连云港市,云台区,,district_transfer,partial,district_internal_adjust,https://zh.wikipedia.org/wiki/2001%E5%B9%B4%E4%B8%AD%E5%8D%8E%E4%BA%BA%E6%B0%91%E5%85%B1%E5%92%8C%E5%9B%BD%E5%8E%BF%E7%BA%A7%E4%BB%A5%E4%B8%8A%E8%A1%8C%E6%94%BF%E5%8C%BA%E5%88%92%E5%8F%98%E6%9B%B4%E5%88%97%E8%A1%A8
WIKI-COUNTY-2001-01-007,2001,CNUR-000087,杭州市,萧山市,萧山区,county_to_district,whole_county,district_scope_jump_county_panel_break,https://zh.wikipedia.org/wiki/2001%E5%B9%B4%E4%B8%AD%E5%8D%8E%E4%BA%BA%E6%B0%91%E5%85%B1%E5%92%8C%E5%9B%BD%E5%8E%BF%E7%BA%A7%E4%BB%A5%E4%B8%8A%E8%A1%8C%E6%94%BF%E5%8C%BA%E5%88%92%E5%8F%98%E6%9B%B4%E5%88%97%E8%A1%A8
WIKI-COUNTY-2001-01-008,2001,CNUR-000087,杭州市,余杭市,余杭区,county_to_district,whole_county,district_scope_jump_county_panel_break,https://zh.wikipedia.org/wiki/2001%E5%B9%B4%E4%B8%AD%E5%8D%8E%E4%BA%BA%E6%B0%91%E5%85%B1%E5%92%8C%E5%9B%BD%E5%8E%BF%E7%BA%A7%E4%BB%A5%E4%B8%8A%E8%A1%8C%E6%94%BF%E5%8C%BA%E5%88%92%E5%8F%98%E6%9B%B4%E5%88%97%E8%A1%A8
WIKI-COUNTY-2001-02-004,2001,CNUR-000089,温州市,永嘉县、瓯海区、龙湾区,鹿城区、龙湾区、瓯海区,county_to_district,whole_county,district_scope_jump_county_panel_break,https://zh.wikipedia.org/wiki/2001%E5%B9%B4%E4%B8%AD%E5%8D%8E%E4%BA%BA%E6%B0%91%E5%85%B1%E5%92%8C%E5%9B%BD%E5%8E%BF%E7%BA%A7%E4%BB%A5%E4%B8%8A%E8%A1%8C%E6%94%BF%E5%8C%BA%E5%88%92%E5%8F%98%E6%9B%B4%E5%88%97%E8%A1%A8
WIKI-COUNTY-2001-02-002,2001,CNUR-000092,绍兴市,绍兴县,越城区,county_to_district,whole_county,district_scope_jump_county_panel_break,https://zh.wikipedia.org/wiki/2001%E5%B9%B4%E4%B8%AD%E5%8D%8E%E4%BA%BA%E6%B0%91%E5%85%B1%E5%92%8C%E5%9B%BD%E5%8E%BF%E7%BA%A7%E4%BB%A5%E4%B8%8A%E8%A1%8C%E6%94%BF%E5%8C%BA%E5%88%92%E5%8F%98%E6%9B%B4%E5%88%97%E8%A1%A8
WIKI-COUNTY-2001-01-030,2001,CNUR-000094,衢州市,衢县,衢江区,county_to_district,whole_county,district_scope_jump_county_panel_break,https://zh.wikipedia.org/wiki/2001%E5%B9%B4%E4%B8%AD%E5%8D%8E%E4%BA%BA%E6%B0%91%E5%85%B1%E5%92%8C%E5%9B%BD%E5%8E%BF%E7%BA%A7%E4%BB%A5%E4%B8%8A%E8%A1%8C%E6%94%BF%E5%8C%BA%E5%88%92%E5%8F%98%E6%9B%B4%E5%88%97%E8%A1%A8
WIKI-COUNTY-2001-01-023,2001,CNUR-000102,马鞍山市,向山区,,district_transfer,partial,district_internal_adjust,https://zh.wikipedia.org/wiki/2001%E5%B9%B4%E4%B8%AD%E5%8D%8E%E4%BA%BA%E6%B0%91%E5%85%B1%E5%92%8C%E5%9B%BD%E5%8E%BF%E7%BA%A7%E4%BB%A5%E4%B8%8A%E8%A1%8C%E6%94%BF%E5%8C%BA%E5%88%92%E5%8F%98%E6%9B%B4%E5%88%97%E8%A1%A8
WIKI-COUNTY-2001-01-022,2001,CNUR-000135,济南市,长清县,长清区,county_to_district,whole_county,district_scope_jump_county_panel_break,https://zh.wikipedia.org/wiki/2001%E5%B9%B4%E4%B8%AD%E5%8D%8E%E4%BA%BA%E6%B0%91%E5%85%B1%E5%92%8C%E5%9B%BD%E5%8E%BF%E7%BA%A7%E4%BB%A5%E4%B8%8A%E8%A1%8C%E6%94%BF%E5%8C%BA%E5%88%92%E5%8F%98%E6%9B%B4%E5%88%97%E8%A1%A8
WIKI-COUNTY-2001-02-005,2001,CNUR-000168,驻马店市,确山县、遂平县,驿城区,county_to_district,whole_county,district_scope_jump_county_panel_break,https://zh.wikipedia.org/wiki/2001%E5%B9%B4%E4%B8%AD%E5%8D%8E%E4%BA%BA%E6%B0%91%E5%85%B1%E5%92%8C%E5%9B%BD%E5%8E%BF%E7%BA%A7%E4%BB%A5%E4%B8%8A%E8%A1%8C%E6%94%BF%E5%8C%BA%E5%88%92%E5%8F%98%E6%9B%B4%E5%88%97%E8%A1%A8
WIKI-COUNTY-2001-01-011,2001,CNUR-000172,宜昌市,宜昌县,夷陵区,county_to_district,whole_county,district_scope_jump_county_panel_break,https://zh.wikipedia.org/wiki/2001%E5%B9%B4%E4%B8%AD%E5%8D%8E%E4%BA%BA%E6%B0%91%E5%85%B1%E5%92%8C%E5%9B%BD%E5%8E%BF%E7%BA%A7%E4%BB%A5%E4%B8%8A%E8%A1%8C%E6%94%BF%E5%8C%BA%E5%88%92%E5%8F%98%E6%9B%B4%E5%88%97%E8%A1%A8
WIKI-COUNTY-2001-01-025,2001,CNUR-000173,襄阳市,襄阳县,襄阳区,county_to_district,whole_county,district_scope_jump_county_panel_break,https://zh.wikipedia.org/wiki/2001%E5%B9%B4%E4%B8%AD%E5%8D%8E%E4%BA%BA%E6%B0%91%E5%85%B1%E5%92%8C%E5%9B%BD%E5%8E%BF%E7%BA%A7%E4%BB%A5%E4%B8%8A%E8%A1%8C%E6%94%BF%E5%8C%BA%E5%88%92%E5%8F%98%E6%9B%B4%E5%88%97%E8%A1%A8
WIKI-COUNTY-2001-01-009,2001,CNUR-000175,荆门市,,掇刀区,district_transfer,partial,district_internal_adjust,https://zh.wikipedia.org/wiki/2001%E5%B9%B4%E4%B8%AD%E5%8D%8E%E4%BA%BA%E6%B0%91%E5%85%B1%E5%92%8C%E5%9B%BD%E5%8E%BF%E7%BA%A7%E4%BB%A5%E4%B8%8A%E8%A1%8C%E6%94%BF%E5%8C%BA%E5%88%92%E5%8F%98%E6%9B%B4%E5%88%97%E8%A1%A8
WIKI-COUNTY-2001-01-020,2001,CNUR-000199,珠海市,斗门县,斗门区,county_to_district,whole_county,district_scope_jump_county_panel_break,https://zh.wikipedia.org/wiki/2001%E5%B9%B4%E4%B8%AD%E5%8D%8E%E4%BA%BA%E6%B0%91%E5%85%B1%E5%92%8C%E5%9B%BD%E5%8E%BF%E7%BA%A7%E4%BB%A5%E4%B8%8A%E8%A1%8C%E6%94%BF%E5%8C%BA%E5%88%92%E5%8F%98%E6%9B%B4%E5%88%97%E8%A1%A8
WIKI-COUNTY-2001-01-028,2001,CNUR-000217,南宁市,郊区,,district_transfer,partial,district_internal_adjust,https://zh.wikipedia.org/wiki/2001%E5%B9%B4%E4%B8%AD%E5%8D%8E%E4%BA%BA%E6%B0%91%E5%85%B1%E5%92%8C%E5%9B%BD%E5%8E%BF%E7%BA%A7%E4%BB%A5%E4%B8%8A%E8%A1%8C%E6%94%BF%E5%8C%BA%E5%88%92%E5%8F%98%E6%9B%B4%E5%88%97%E8%A1%A8
WIKI-COUNTY-2001-01-032,2001,CNUR-000235,重庆市,长寿县,长寿区,county_to_district,whole_county,district_scope_jump_county_panel_break,https://zh.wikipedia.org/wiki/2001%E5%B9%B4%E4%B8%AD%E5%8D%8E%E4%BA%BA%E6%B0%91%E5%85%B1%E5%92%8C%E5%9B%BD%E5%8E%BF%E7%BA%A7%E4%BB%A5%E4%B8%8A%E8%A1%8C%E6%94%BF%E5%8C%BA%E5%88%92%E5%8F%98%E6%9B%B4%E5%88%97%E8%A1%A8
WIKI-COUNTY-2001-01-029,2001,CNUR-000236,成都市,新都县,新都区,county_to_district,whole_county,district_scope_jump_county_panel_break,https://zh.wikipedia.org/wiki/2001%E5%B9%B4%E4%B8%AD%E5%8D%8E%E4%BA%BA%E6%B0%91%E5%85%B1%E5%92%8C%E5%9B%BD%E5%8E%BF%E7%BA%A7%E4%BB%A5%E4%B8%8A%E8%A1%8C%E6%94%BF%E5%8C%BA%E5%88%92%E5%8F%98%E6%9B%B4%E5%88%97%E8%A1%A8
WIKI-COUNTY-2001-02-003,2001,CNUR-000326,乌鲁木齐市,乌鲁木齐县、东山区,天山区、新市区、沙依巴克区、头屯河区、水磨沟区、东山区,county_to_district,whole_county,district_scope_jump_county_panel_break,https://zh.wikipedia.org/wiki/2001%E5%B9%B4%E4%B8%AD%E5%8D%8E%E4%BA%BA%E6%B0%91%E5%85%B1%E5%92%8C%E5%9B%BD%E5%8E%BF%E7%BA%A7%E4%BB%A5%E4%B8%8A%E8%A1%8C%E6%94%BF%E5%8C%BA%E5%88%92%E5%8F%98%E6%9B%B4%E5%88%97%E8%A1%A8
WIKI-COUNTY-2002-01-002,2002,CNUR-000004,唐山市,丰南市,丰南区,county_to_district,whole_county,district_scope_jump_county_panel_break,https://zh.wikipedia.org/wiki/2002%E5%B9%B4%E4%B8%AD%E5%8D%8E%E4%BA%BA%E6%B0%91%E5%85%B1%E5%92%8C%E5%9B%BD%E5%8E%BF%E7%BA%A7%E4%BB%A5%E4%B8%8A%E8%A1%8C%E6%94%BF%E5%8C%BA%E5%88%92%E5%8F%98%E6%9B%B4%E5%88%97%E8%A1%A8
WIKI-COUNTY-2002-01-003,2002,CNUR-000004,唐山市,丰润县、新区,丰润区,county_to_district,whole_county,district_scope_jump_county_panel_break,https://zh.wikipedia.org/wiki/2002%E5%B9%B4%E4%B8%AD%E5%8D%8E%E4%BA%BA%E6%B0%91%E5%85%B1%E5%92%8C%E5%9B%BD%E5%8E%BF%E7%BA%A7%E4%BB%A5%E4%B8%8A%E8%A1%8C%E6%94%BF%E5%8C%BA%E5%88%92%E5%8F%98%E6%9B%B4%E5%88%97%E8%A1%A8
WIKI-COUNTY-2002-02-003,2002,CNUR-000045,阜新市,细河区,海州区、太平区、新邱区,district_transfer,partial,district_internal_adjust,https://zh.wikipedia.org/wiki/2002%E5%B9%B4%E4%B8%AD%E5%8D%8E%E4%BA%BA%E6%B0%91%E5%85%B1%E5%92%8C%E5%9B%BD%E5%8E%BF%E7%BA%A7%E4%BB%A5%E4%B8%8A%E8%A1%8C%E6%94%BF%E5%8C%BA%E5%88%92%E5%8F%98%E6%9B%B4%E5%88%97%E8%A1%A8
WIKI-COUNTY-2002-02-004,2002,CNUR-000045,阜新市,海州区,细河区,district_transfer,partial,district_internal_adjust,https://zh.wikipedia.org/wiki/2002%E5%B9%B4%E4%B8%AD%E5%8D%8E%E4%BA%BA%E6%B0%91%E5%85%B1%E5%92%8C%E5%9B%BD%E5%8E%BF%E7%BA%A7%E4%BB%A5%E4%B8%8A%E8%A1%8C%E6%94%BF%E5%8C%BA%E5%88%92%E5%8F%98%E6%9B%B4%E5%88%97%E8%A1%A8
WIKI-COUNTY-2002-01-016,2002,CNUR-000074,南京市,浦口区、江浦县,浦口区,county_to_district,whole_county,district_scope_jump_county_panel_break,https://zh.wikipedia.org/wiki/2002%E5%B9%B4%E4%B8%AD%E5%8D%8E%E4%BA%BA%E6%B0%91%E5%85%B1%E5%92%8C%E5%9B%BD%E5%8E%BF%E7%BA%A7%E4%BB%A5%E4%B8%8A%E8%A1%8C%E6%94%BF%E5%8C%BA%E5%88%92%E5%8F%98%E6%9B%B4%E5%88%97%E8%A1%A8
WIKI-COUNTY-2002-01-017,2002,CNUR-000074,南京市,大厂区、六合县,六合区,county_to_district,whole_county,district_scope_jump_county_panel_break,https://zh.wikipedia.org/wiki/2002%E5%B9%B4%E4%B8%AD%E5%8D%8E%E4%BA%BA%E6%B0%91%E5%85%B1%E5%92%8C%E5%9B%BD%E5%8E%BF%E7%BA%A7%E4%BB%A5%E4%B8%8A%E8%A1%8C%E6%94%BF%E5%8C%BA%E5%88%92%E5%8F%98%E6%9B%B4%E5%88%97%E8%A1%A8
WIKI-COUNTY-2002-01-014,2002,CNUR-000077,常州市,武进市,武进区,county_to_district,whole_county,district_scope_jump_county_panel_break,https://zh.wikipedia.org/wiki/2002%E5%B9%B4%E4%B8%AD%E5%8D%8E%E4%BA%BA%E6%B0%91%E5%85%B1%E5%92%8C%E5%9B%BD%E5%8E%BF%E7%BA%A7%E4%BB%A5%E4%B8%8A%E8%A1%8C%E6%94%BF%E5%8C%BA%E5%88%92%E5%8F%98%E6%9B%B4%E5%88%97%E8%A1%A8
WIKI-COUNTY-2002-01-015,2002,CNUR-000077,常州市,郊区,新北区,district_transfer,partial,district_internal_adjust,https://zh.wikipedia.org/wiki/2002%E5%B9%B4%E4%B8%AD%E5%8D%8E%E4%BA%BA%E6%B0%91%E5%85%B1%E5%92%8C%E5%9B%BD%E5%8E%BF%E7%BA%A7%E4%BB%A5%E4%B8%8A%E8%A1%8C%E6%94%BF%E5%8C%BA%E5%88%92%E5%8F%98%E6%9B%B4%E5%88%97%E8%A1%A8
WIKI-COUNTY-2002-01-018,2002,CNUR-000084,镇江市,丹徒县,丹徒区,county_to_district,whole_county,district_scope_jump_county_panel_break,https://zh.wikipedia.org/wiki/2002%E5%B9%B4%E4%B8%AD%E5%8D%8E%E4%BA%BA%E6%B0%91%E5%85%B1%E5%92%8C%E5%9B%BD%E5%8E%BF%E7%BA%A7%E4%BB%A5%E4%B8%8A%E8%A1%8C%E6%94%BF%E5%8C%BA%E5%88%92%E5%8F%98%E6%9B%B4%E5%88%97%E8%A1%A8
WIKI-COUNTY-2002-01-004,2002,CNUR-000088,宁波市,鄞县,鄞州区,county_to_district,whole_county,district_scope_jump_county_panel_break,https://zh.wikipedia.org/wiki/2002%E5%B9%B4%E4%B8%AD%E5%8D%8E%E4%BA%BA%E6%B0%91%E5%85%B1%E5%92%8C%E5%9B%BD%E5%8E%BF%E7%BA%A7%E4%BB%A5%E4%B8%8A%E8%A1%8C%E6%94%BF%E5%8C%BA%E5%88%92%E5%8F%98%E6%9B%B4%E5%88%97%E8%A1%A8
WIKI-COUNTY-2002-01-005,2002,CNUR-000098,合肥市,东市区,瑶海区,county_to_district,whole_county,district_scope_jump_county_panel_break,https://zh.wikipedia.org/wiki/2002%E5%B9%B4%E4%B8%AD%E5%8D%8E%E4%BA%BA%E6%B0%91%E5%85%B1%E5%92%8C%E5%9B%BD%E5%8E%BF%E7%BA%A7%E4%BB%A5%E4%B8%8A%E8%A1%8C%E6%94%BF%E5%8C%BA%E5%88%92%E5%8F%98%E6%9B%B4%E5%88%97%E8%A1%A8
WIKI-COUNTY-2002-01-006,2002,CNUR-000098,合肥市,中市区,庐阳区,district_transfer,partial,district_internal_adjust,https://zh.wikipedia.org/wiki/2002%E5%B9%B4%E4%B8%AD%E5%8D%8E%E4%BA%BA%E6%B0%91%E5%85%B1%E5%92%8C%E5%9B%BD%E5%8E%BF%E7%BA%A7%E4%BB%A5%E4%B8%8A%E8%A1%8C%E6%94%BF%E5%8C%BA%E5%88%92%E5%8F%98%E6%9B%B4%E5%88%97%E8%A1%A8
WIKI-COUNTY-2002-01-007,2002,CNUR-000098,合肥市,西市区,蜀山区,district_transfer,partial,district_internal_adjust,https://zh.wikipedia.org/wiki/2002%E5%B9%B4%E4%B8%AD%E5%8D%8E%E4%BA%BA%E6%B0%91%E5%85%B1%E5%92%8C%E5%9B%BD%E5%8E%BF%E7%BA%A7%E4%BB%A5%E4%B8%8A%E8%A1%8C%E6%94%BF%E5%8C%BA%E5%88%92%E5%8F%98%E6%9B%B4%E5%88%97%E8%A1%A8
WIKI-COUNTY-2002-01-008,2002,CNUR-000098,合肥市,郊区,包河区,district_transfer,partial,district_internal_adjust,https://zh.wikipedia.org/wiki/2002%E5%B9%B4%E4%B8%AD%E5%8D%8E%E4%BA%BA%E6%B0%91%E5%85%B1%E5%92%8C%E5%9B%BD%E5%8E%BF%E7%BA%A7%E4%BB%A5%E4%B8%8A%E8%A1%8C%E6%94%BF%E5%8C%BA%E5%88%92%E5%8F%98%E6%9B%B4%E5%88%97%E8%A1%A8
WIKI-COUNTY-2002-01-010,2002,CNUR-000117,莆田市,,荔城区,district_transfer,partial,district_internal_adjust,https://zh.wikipedia.org/wiki/2002%E5%B9%B4%E4%B8%AD%E5%8D%8E%E4%BA%BA%E6%B0%91%E5%85%B1%E5%92%8C%E5%9B%BD%E5%8E%BF%E7%BA%A7%E4%BB%A5%E4%B8%8A%E8%A1%8C%E6%94%BF%E5%8C%BA%E5%88%92%E5%8F%98%E6%9B%B4%E5%88%97%E8%A1%A8
WIKI-COUNTY-2002-01-011,2002,CNUR-000117,莆田市,,秀屿区,district_transfer,partial,district_internal_adjust,https://zh.wikipedia.org/wiki/2002%E5%B9%B4%E4%B8%AD%E5%8D%8E%E4%BA%BA%E6%B0%91%E5%85%B1%E5%92%8C%E5%9B%BD%E5%8E%BF%E7%BA%A7%E4%BB%A5%E4%B8%8A%E8%A1%8C%E6%94%BF%E5%8C%BA%E5%88%92%E5%8F%98%E6%9B%B4%E5%88%97%E8%A1%A8
WIKI-COUNTY-2002-01-032,2002,CNUR-000201,佛山市,城区、石湾区,禅城区,district_other,whole,district_scope_jump,https://zh.wikipedia.org/wiki/2002%E5%B9%B4%E4%B8%AD%E5%8D%8E%E4%BA%BA%E6%B0%91%E5%85%B1%E5%92%8C%E5%9B%BD%E5%8E%BF%E7%BA%A7%E4%BB%A5%E4%B8%8A%E8%A1%8C%E6%94%BF%E5%8C%BA%E5%88%92%E5%8F%98%E6%9B%B4%E5%88%97%E8%A1%A8
WIKI-COUNTY-2002-01-033,2002,CNUR-000201,佛山市,南海市,南海区,county_to_district,whole_county,district_scope_jump_county_panel_break,https://zh.wikipedia.org/wiki/2002%E5%B9%B4%E4%B8%AD%E5%8D%8E%E4%BA%BA%E6%B0%91%E5%85%B1%E5%92%8C%E5%9B%BD%E5%8E%BF%E7%BA%A7%E4%BB%A5%E4%B8%8A%E8%A1%8C%E6%94%BF%E5%8C%BA%E5%88%92%E5%8F%98%E6%9B%B4%E5%88%97%E8%A1%A8
WIKI-COUNTY-2002-01-034,2002,CNUR-000201,佛山市,顺德市,顺德区,county_to_district,whole_county,district_scope_jump_county_panel_break,https://zh.wikipedia.org/wiki/2002%E5%B9%B4%E4%B8%AD%E5%8D%8E%E4%BA%BA%E6%B0%91%E5%85%B1%E5%92%8C%E5%9B%BD%E5%8E%BF%E7%BA%A7%E4%BB%A5%E4%B8%8A%E8%A1%8C%E6%94%BF%E5%8C%BA%E5%88%92%E5%8F%98%E6%9B%B4%E5%88%97%E8%A1%A8
WIKI-COUNTY-2002-01-035,2002,CNUR-000201,佛山市,三水市,三水区,county_to_district,whole_county,district_scope_jump_county_panel_break,https://zh.wikipedia.org/wiki/2002%E5%B9%B4%E4%B8%AD%E5%8D%8E%E4%BA%BA%E6%B0%91%E5%85%B1%E5%92%8C%E5%9B%BD%E5%8E%BF%E7%BA%A7%E4%BB%A5%E4%B8%8A%E8%A1%8C%E6%94%BF%E5%8C%BA%E5%88%92%E5%8F%98%E6%9B%B4%E5%88%97%E8%A1%A8
WIKI-COUNTY-2002-01-036,2002,CNUR-000201,佛山市,高明市,高明区,county_to_district,whole_county,district_scope_jump_county_panel_break,https://zh.wikipedia.org/wiki/2002%E5%B9%B4%E4%B8%AD%E5%8D%8E%E4%BA%BA%E6%B0%91%E5%85%B1%E5%92%8C%E5%9B%BD%E5%8E%BF%E7%BA%A7%E4%BB%A5%E4%B8%8A%E8%A1%8C%E6%94%BF%E5%8C%BA%E5%88%92%E5%8F%98%E6%9B%B4%E5%88%97%E8%A1%A8
WIKI-COUNTY-2002-01-023,2002,CNUR-000202,江门市,新会市,新会区,county_to_district,whole_county,district_scope_jump_county_panel_break,https://zh.wikipedia.org/wiki/2002%E5%B9%B4%E4%B8%AD%E5%8D%8E%E4%BA%BA%E6%B0%91%E5%85%B1%E5%92%8C%E5%9B%BD%E5%8E%BF%E7%BA%A7%E4%BB%A5%E4%B8%8A%E8%A1%8C%E6%94%BF%E5%8C%BA%E5%88%92%E5%8F%98%E6%9B%B4%E5%88%97%E8%A1%A8
WIKI-COUNTY-2002-01-024,2002,CNUR-000218,柳州市,郊区,,district_transfer,partial,district_internal_adjust,https://zh.wikipedia.org/wiki/2002%E5%B9%B4%E4%B8%AD%E5%8D%8E%E4%BA%BA%E6%B0%91%E5%85%B1%E5%92%8C%E5%9B%BD%E5%8E%BF%E7%BA%A7%E4%BB%A5%E4%B8%8A%E8%A1%8C%E6%94%BF%E5%8C%BA%E5%88%92%E5%8F%98%E6%9B%B4%E5%88%97%E8%A1%A8
WIKI-COUNTY-2002-01-028,2002,CNUR-000231,海口市,秀英区、新华区、振东区,秀英区、龙华区、琼山区、美兰区,district_other,whole,district_scope_jump,https://zh.wikipedia.org/wiki/2002%E5%B9%B4%E4%B8%AD%E5%8D%8E%E4%BA%BA%E6%B0%91%E5%85%B1%E5%92%8C%E5%9B%BD%E5%8E%BF%E7%BA%A7%E4%BB%A5%E4%B8%8A%E8%A1%8C%E6%94%BF%E5%8C%BA%E5%88%92%E5%8F%98%E6%9B%B4%E5%88%97%E8%A1%A8
WIKI-COUNTY-2002-01-019,2002,CNUR-000236,成都市,温江县,温江区,county_to_district,whole_county,district_scope_jump_county_panel_break,https://zh.wikipedia.org/wiki/2002%E5%B9%B4%E4%B8%AD%E5%8D%8E%E4%BA%BA%E6%B0%91%E5%85%B1%E5%92%8C%E5%9B%BD%E5%8E%BF%E7%BA%A7%E4%BB%A5%E4%B8%8A%E8%A1%8C%E6%94%BF%E5%8C%BA%E5%88%92%E5%8F%98%E6%9B%B4%E5%88%97%E8%A1%A8
WIKI-COUNTY-2002-01-020,2002,CNUR-000289,西安市,长安县,长安区,county_to_district,whole_county,district_scope_jump_county_panel_break,https://zh.wikipedia.org/wiki/2002%E5%B9%B4%E4%B8%AD%E5%8D%8E%E4%BA%BA%E6%B0%91%E5%85%B1%E5%92%8C%E5%9B%BD%E5%8E%BF%E7%BA%A7%E4%BB%A5%E4%B8%8A%E8%A1%8C%E6%94%BF%E5%8C%BA%E5%88%92%E5%8F%98%E6%9B%B4%E5%88%97%E8%A1%A8
WIKI-COUNTY-2002-01-022,2002,CNUR-000290,铜川市,耀县,耀州区,county_to_district,whole_county,district_scope_jump_county_panel_break,https://zh.wikipedia.org/wiki/2002%E5%B9%B4%E4%B8%AD%E5%8D%8E%E4%BA%BA%E6%B0%91%E5%85%B1%E5%92%8C%E5%9B%BD%E5%8E%BF%E7%BA%A7%E4%BB%A5%E4%B8%8A%E8%A1%8C%E6%94%BF%E5%8C%BA%E5%88%92%E5%8F%98%E6%9B%B4%E5%88%97%E8%A1%A8
WIKI-COUNTY-2002-01-030,2002,CNUR-000322,石嘴山市,石炭井区,,district_transfer,partial,district_internal_adjust,https://zh.wikipedia.org/wiki/2002%E5%B9%B4%E4%B8%AD%E5%8D%8E%E4%BA%BA%E6%B0%91%E5%85%B1%E5%92%8C%E5%9B%BD%E5%8E%BF%E7%BA%A7%E4%BB%A5%E4%B8%8A%E8%A1%8C%E6%94%BF%E5%8C%BA%E5%88%92%E5%8F%98%E6%9B%B4%E5%88%97%E8%A1%A8
WIKI-COUNTY-2002-02-005,2002,CNUR-000322,石嘴山市,平罗县,大武口区,county_to_district,whole_county,district_scope_jump_county_panel_break,https://zh.wikipedia.org/wiki/2002%E5%B9%B4%E4%B8%AD%E5%8D%8E%E4%BA%BA%E6%B0%91%E5%85%B1%E5%92%8C%E5%9B%BD%E5%8E%BF%E7%BA%A7%E4%BB%A5%E4%B8%8A%E8%A1%8C%E6%94%BF%E5%8C%BA%E5%88%92%E5%8F%98%E6%9B%B4%E5%88%97%E8%A1%A8
WIKI-COUNTY-2002-02-002,2002,CNUR-000326,乌鲁木齐市,天山区、乌鲁木齐县,南泉区,county_to_district,whole_county,district_scope_jump_county_panel_break,https://zh.wikipedia.org/wiki/2002%E5%B9%B4%E4%B8%AD%E5%8D%8E%E4%BA%BA%E6%B0%91%E5%85%B1%E5%92%8C%E5%9B%BD%E5%8E%BF%E7%BA%A7%E4%BB%A5%E4%B8%8A%E8%A1%8C%E6%94%BF%E5%8C%BA%E5%88%92%E5%8F%98%E6%9B%B4%E5%88%97%E8%A1%A8
WIKI-COUNTY-2003-01-016,2003,CNUR-000082,盐城市,盐都县,盐都区,county_to_district,whole_county,district_scope_jump_county_panel_break,https://zh.wikipedia.org/wiki/2003%E5%B9%B4%E4%B8%AD%E5%8D%8E%E4%BA%BA%E6%B0%91%E5%85%B1%E5%92%8C%E5%9B%BD%E5%8E%BF%E7%BA%A7%E4%BB%A5%E4%B8%8A%E8%A1%8C%E6%94%BF%E5%8C%BA%E5%88%92%E5%8F%98%E6%9B%B4%E5%88%97%E8%A1%A8
WIKI-COUNTY-2003-01-011,2003,CNUR-000116,厦门市,鼓浪屿区、开元区,,district_transfer,partial,district_internal_adjust,https://zh.wikipedia.org/wiki/2003%E5%B9%B4%E4%B8%AD%E5%8D%8E%E4%BA%BA%E6%B0%91%E5%85%B1%E5%92%8C%E5%9B%BD%E5%8E%BF%E7%BA%A7%E4%BB%A5%E4%B8%8A%E8%A1%8C%E6%94%BF%E5%8C%BA%E5%88%92%E5%8F%98%E6%9B%B4%E5%88%97%E8%A1%A8
WIKI-COUNTY-2003-01-012,2003,CNUR-000116,厦门市,杏林区,海沧区,district_transfer,partial,district_internal_adjust,https://zh.wikipedia.org/wiki/2003%E5%B9%B4%E4%B8%AD%E5%8D%8E%E4%BA%BA%E6%B0%91%E5%85%B1%E5%92%8C%E5%9B%BD%E5%8E%BF%E7%BA%A7%E4%BB%A5%E4%B8%8A%E8%A1%8C%E6%94%BF%E5%8C%BA%E5%88%92%E5%8F%98%E6%9B%B4%E5%88%97%E8%A1%A8
WIKI-COUNTY-2003-01-013,2003,CNUR-000116,厦门市,,翔安区,district_transfer,partial,district_internal_adjust,https://zh.wikipedia.org/wiki/2003%E5%B9%B4%E4%B8%AD%E5%8D%8E%E4%BA%BA%E6%B0%91%E5%85%B1%E5%92%8C%E5%9B%BD%E5%8E%BF%E7%BA%A7%E4%BB%A5%E4%B8%8A%E8%A1%8C%E6%94%BF%E5%8C%BA%E5%88%92%E5%8F%98%E6%9B%B4%E5%88%97%E8%A1%A8
WIKI-COUNTY-2003-01-020,2003,CNUR-000158,新乡市,新华区、北站区、郊区,卫滨区、凤泉区、牧野区,district_transfer,partial,district_internal_adjust,https://zh.wikipedia.org/wiki/2003%E5%B9%B4%E4%B8%AD%E5%8D%8E%E4%BA%BA%E6%B0%91%E5%85%B1%E5%92%8C%E5%9B%BD%E5%8E%BF%E7%BA%A7%E4%BB%A5%E4%B8%8A%E8%A1%8C%E6%94%BF%E5%8C%BA%E5%88%92%E5%8F%98%E6%9B%B4%E5%88%97%E8%A1%A8
WIKI-COUNTY-2003-01-004,2003,CNUR-000200,汕头市,升平区、金园区,金平区,district_other,whole,district_scope_jump,https://zh.wikipedia.org/wiki/2003%E5%B9%B4%E4%B8%AD%E5%8D%8E%E4%BA%BA%E6%B0%91%E5%85%B1%E5%92%8C%E5%9B%BD%E5%8E%BF%E7%BA%A7%E4%BB%A5%E4%B8%8A%E8%A1%8C%E6%94%BF%E5%8C%BA%E5%88%92%E5%8F%98%E6%9B%B4%E5%88%97%E8%A1%A8
WIKI-COUNTY-2003-01-005,2003,CNUR-000200,汕头市,河浦区、达濠区,濠江区,district_other,whole,district_scope_jump,https://zh.wikipedia.org/wiki/2003%E5%B9%B4%E4%B8%AD%E5%8D%8E%E4%BA%BA%E6%B0%91%E5%85%B1%E5%92%8C%E5%9B%BD%E5%8E%BF%E7%BA%A7%E4%BB%A5%E4%B8%8A%E8%A1%8C%E6%94%BF%E5%8C%BA%E5%88%92%E5%8F%98%E6%9B%B4%E5%88%97%E8%A1%A8
WIKI-COUNTY-2003-01-006,2003,CNUR-000200,汕头市,潮阳市,潮阳区、潮南区,county_to_district,whole_county,district_scope_jump_county_panel_break,https://zh.wikipedia.org/wiki/2003%E5%B9%B4%E4%B8%AD%E5%8D%8E%E4%BA%BA%E6%B0%91%E5%85%B1%E5%92%8C%E5%9B%BD%E5%8E%BF%E7%BA%A7%E4%BB%A5%E4%B8%8A%E8%A1%8C%E6%94%BF%E5%8C%BA%E5%88%92%E5%8F%98%E6%9B%B4%E5%88%97%E8%A1%A8
WIKI-COUNTY-2003-01-007,2003,CNUR-000200,汕头市,澄海市,澄海区,county_to_district,whole_county,district_scope_jump_county_panel_break,https://zh.wikipedia.org/wiki/2003%E5%B9%B4%E4%B8%AD%E5%8D%8E%E4%BA%BA%E6%B0%91%E5%85%B1%E5%92%8C%E5%9B%BD%E5%8E%BF%E7%BA%A7%E4%BB%A5%E4%B8%8A%E8%A1%8C%E6%94%BF%E5%8C%BA%E5%88%92%E5%8F%98%E6%9B%B4%E5%88%97%E8%A1%A8
WIKI-COUNTY-2003-01-009,2003,CNUR-000206,惠州市,惠阳市,惠阳区,county_to_district,whole_county,district_scope_jump_county_panel_break,https://zh.wikipedia.org/wiki/2003%E5%B9%B4%E4%B8%AD%E5%8D%8E%E4%BA%BA%E6%B0%91%E5%85%B1%E5%92%8C%E5%9B%BD%E5%8E%BF%E7%BA%A7%E4%BB%A5%E4%B8%8A%E8%A1%8C%E6%94%BF%E5%8C%BA%E5%88%92%E5%8F%98%E6%9B%B4%E5%88%97%E8%A1%A8
WIKI-COUNTY-2003-01-003,2003,CNUR-000220,梧州市,郊区,长洲区,district_transfer,partial,district_internal_adjust,https://zh.wikipedia.org/wiki/2003%E5%B9%B4%E4%B8%AD%E5%8D%8E%E4%BA%BA%E6%B0%91%E5%85%B1%E5%92%8C%E5%9B%BD%E5%8E%BF%E7%BA%A7%E4%BB%A5%E4%B8%8A%E8%A1%8C%E6%94%BF%E5%8C%BA%E5%88%92%E5%8F%98%E6%9B%B4%E5%88%97%E8%A1%A8
WIKI-COUNTY-2003-01-010,2003,CNUR-000224,贵港市,,覃塘区,district_transfer,partial,district_internal_adjust,https://zh.wikipedia.org/wiki/2003%E5%B9%B4%E4%B8%AD%E5%8D%8E%E4%BA%BA%E6%B0%91%E5%85%B1%E5%92%8C%E5%9B%BD%E5%8E%BF%E7%BA%A7%E4%BB%A5%E4%B8%8A%E8%A1%8C%E6%94%BF%E5%8C%BA%E5%88%92%E5%8F%98%E6%9B%B4%E5%88%97%E8%A1%A8
WIKI-COUNTY-2003-01-018,2003,CNUR-000243,遂宁市,市中区,船山区、安居区,district_other,whole,district_scope_jump,https://zh.wikipedia.org/wiki/2003%E5%B9%B4%E4%B8%AD%E5%8D%8E%E4%BA%BA%E6%B0%91%E5%85%B1%E5%92%8C%E5%9B%BD%E5%8E%BF%E7%BA%A7%E4%BB%A5%E4%B8%8A%E8%A1%8C%E6%94%BF%E5%8C%BA%E5%88%92%E5%8F%98%E6%9B%B4%E5%88%97%E8%A1%A8
WIKI-COUNTY-2003-01-008,2003,CNUR-000291,宝鸡市,宝鸡县,陈仓区,county_to_district,whole_county,district_scope_jump_county_panel_break,https://zh.wikipedia.org/wiki/2003%E5%B9%B4%E4%B8%AD%E5%8D%8E%E4%BA%BA%E6%B0%91%E5%85%B1%E5%92%8C%E5%9B%BD%E5%8E%BF%E7%BA%A7%E4%BB%A5%E4%B8%8A%E8%A1%8C%E6%94%BF%E5%8C%BA%E5%88%92%E5%8F%98%E6%9B%B4%E5%88%97%E8%A1%A8
WIKI-COUNTY-2003-01-022,2003,CNUR-000322,石嘴山市,惠农县、石嘴山区,惠农区,county_to_district,whole_county,district_scope_jump_county_panel_break,https://zh.wikipedia.org/wiki/2003%E5%B9%B4%E4%B8%AD%E5%8D%8E%E4%BA%BA%E6%B0%91%E5%85%B1%E5%92%8C%E5%9B%BD%E5%8E%BF%E7%BA%A7%E4%BB%A5%E4%B8%8A%E8%A1%8C%E6%94%BF%E5%8C%BA%E5%88%92%E5%8F%98%E6%9B%B4%E5%88%97%E8%A1%A8
WIKI-COUNTY-2004-02-002,2004,CNUR-000044,营口市,盖州市,鲅鱼圈区,county_to_district,whole_county,district_scope_jump_county_panel_break,https://zh.wikipedia.org/wiki/2004%E5%B9%B4%E4%B8%AD%E5%8D%8E%E4%BA%BA%E6%B0%91%E5%85%B1%E5%92%8C%E5%9B%BD%E5%8E%BF%E7%BA%A7%E4%BB%A5%E4%B8%8A%E8%A1%8C%E6%94%BF%E5%8C%BA%E5%88%92%E5%8F%98%E6%9B%B4%E5%88%97%E8%A1%A8
WIKI-COUNTY-2004-01-004,2004,CNUR-000060,哈尔滨市,太平区,,district_transfer,partial,district_internal_adjust,https://zh.wikipedia.org/wiki/2004%E5%B9%B4%E4%B8%AD%E5%8D%8E%E4%BA%BA%E6%B0%91%E5%85%B1%E5%92%8C%E5%9B%BD%E5%8E%BF%E7%BA%A7%E4%BB%A5%E4%B8%8A%E8%A1%8C%E6%94%BF%E5%8C%BA%E5%88%92%E5%8F%98%E6%9B%B4%E5%88%97%E8%A1%A8
WIKI-COUNTY-2004-01-006,2004,CNUR-000060,哈尔滨市,呼兰县,呼兰区,county_to_district,whole_county,district_scope_jump_county_panel_break,https://zh.wikipedia.org/wiki/2004%E5%B9%B4%E4%B8%AD%E5%8D%8E%E4%BA%BA%E6%B0%91%E5%85%B1%E5%92%8C%E5%9B%BD%E5%8E%BF%E7%BA%A7%E4%BB%A5%E4%B8%8A%E8%A1%8C%E6%94%BF%E5%8C%BA%E5%88%92%E5%8F%98%E6%9B%B4%E5%88%97%E8%A1%A8
WIKI-COUNTY-2004-01-003,2004,CNUR-000086,宿迁市,宿豫县,宿豫区,county_to_district,whole_county,district_scope_jump_county_panel_break,https://zh.wikipedia.org/wiki/2004%E5%B9%B4%E4%B8%AD%E5%8D%8E%E4%BA%BA%E6%B0%91%E5%85%B1%E5%92%8C%E5%9B%BD%E5%8E%BF%E7%BA%A7%E4%BB%A5%E4%B8%8A%E8%A1%8C%E6%94%BF%E5%8C%BA%E5%88%92%E5%8F%98%E6%9B%B4%E5%88%97%E8%A1%A8
WIKI-COUNTY-2004-01-002,2004,CNUR-000100,蚌埠市,东市区、中市区、西市区、郊区,龙子湖区、蚌山区、禹会区、淮上区,county_to_district,whole_county,district_scope_jump_county_panel_break,https://zh.wikipedia.org/wiki/2004%E5%B9%B4%E4%B8%AD%E5%8D%8E%E4%BA%BA%E6%B0%91%E5%85%B1%E5%92%8C%E5%9B%BD%E5%8E%BF%E7%BA%A7%E4%BB%A5%E4%B8%8A%E8%A1%8C%E6%94%BF%E5%8C%BA%E5%88%92%E5%8F%98%E6%9B%B4%E5%88%97%E8%A1%A8
WIKI-COUNTY-2004-02-003,2004,CNUR-000101,淮南市,长丰县,大通区、田家庵区、谢家集区,county_to_district,whole_county,district_scope_jump_county_panel_break,https://zh.wikipedia.org/wiki/2004%E5%B9%B4%E4%B8%AD%E5%8D%8E%E4%BA%BA%E6%B0%91%E5%85%B1%E5%92%8C%E5%9B%BD%E5%8E%BF%E7%BA%A7%E4%BB%A5%E4%B8%8A%E8%A1%8C%E6%94%BF%E5%8C%BA%E5%88%92%E5%8F%98%E6%9B%B4%E5%88%97%E8%A1%A8
WIKI-COUNTY-2004-02-005,2004,CNUR-000124,南昌市,西湖区、青山湖区、东湖区,青云谱区、青山湖区,district_transfer,partial,district_internal_adjust,https://zh.wikipedia.org/wiki/2004%E5%B9%B4%E4%B8%AD%E5%8D%8E%E4%BA%BA%E6%B0%91%E5%85%B1%E5%92%8C%E5%9B%BD%E5%8E%BF%E7%BA%A7%E4%BB%A5%E4%B8%8A%E8%A1%8C%E6%94%BF%E5%8C%BA%E5%88%92%E5%8F%98%E6%9B%B4%E5%88%97%E8%A1%A8
WIKI-COUNTY-2004-01-009,2004,CNUR-000145,日照市,,岚山区,district_transfer,partial,district_internal_adjust,https://zh.wikipedia.org/wiki/2004%E5%B9%B4%E4%B8%AD%E5%8D%8E%E4%BA%BA%E6%B0%91%E5%85%B1%E5%92%8C%E5%9B%BD%E5%8E%BF%E7%BA%A7%E4%BB%A5%E4%B8%8A%E8%A1%8C%E6%94%BF%E5%8C%BA%E5%88%92%E5%8F%98%E6%9B%B4%E5%88%97%E8%A1%A8
WIKI-COUNTY-2004-01-008,2004,CNUR-000162,漯河市,郾城县,郾城区、召陵区,county_to_district,whole_county,district_scope_jump_county_panel_break,https://zh.wikipedia.org/wiki/2004%E5%B9%B4%E4%B8%AD%E5%8D%8E%E4%BA%BA%E6%B0%91%E5%85%B1%E5%92%8C%E5%9B%BD%E5%8E%BF%E7%BA%A7%E4%BB%A5%E4%B8%8A%E8%A1%8C%E6%94%BF%E5%8C%BA%E5%88%92%E5%8F%98%E6%9B%B4%E5%88%97%E8%A1%A8
WIKI-COUNTY-2004-01-007,2004,CNUR-000197,韶关市,北江区、曲江县,曲江区,county_to_district,whole_county,district_scope_jump_county_panel_break,https://zh.wikipedia.org/wiki/2004%E5%B9%B4%E4%B8%AD%E5%8D%8E%E4%BA%BA%E6%B0%91%E5%85%B1%E5%92%8C%E5%9B%BD%E5%8E%BF%E7%BA%A7%E4%BB%A5%E4%B8%8A%E8%A1%8C%E6%94%BF%E5%8C%BA%E5%88%92%E5%8F%98%E6%9B%B4%E5%88%97%E8%A1%A8
WIKI-COUNTY-2004-01-010,2004,CNUR-000217,南宁市,城北区、永新区、邕宁县,西乡塘区、良庆区、邕宁区,county_to_district,whole_county,district_scope_jump_county_panel_break,https://zh.wikipedia.org/wiki/2004%E5%B9%B4%E4%B8%AD%E5%8D%8E%E4%BA%BA%E6%B0%91%E5%85%B1%E5%92%8C%E5%9B%BD%E5%8E%BF%E7%BA%A7%E4%BB%A5%E4%B8%8A%E8%A1%8C%E6%94%BF%E5%8C%BA%E5%88%92%E5%8F%98%E6%9B%B4%E5%88%97%E8%A1%A8
WIKI-COUNTY-2005-02-002,2005,CNUR-000073,上海市,宝山区,崇明县,district_transfer,whole,district_internal_adjust,https://zh.wikipedia.org/wiki/2005%E5%B9%B4%E4%B8%AD%E5%8D%8E%E4%BA%BA%E6%B0%91%E5%85%B1%E5%92%8C%E5%9B%BD%E5%8E%BF%E7%BA%A7%E4%BB%A5%E4%B8%8A%E8%A1%8C%E6%94%BF%E5%8C%BA%E5%88%92%E5%8F%98%E6%9B%B4%E5%88%97%E8%A1%A8
WIKI-COUNTY-2005-02-003,2005,CNUR-000076,徐州市,铜山县,鼓楼区,county_to_district,whole_county,district_scope_jump_county_panel_break,https://zh.wikipedia.org/wiki/2005%E5%B9%B4%E4%B8%AD%E5%8D%8E%E4%BA%BA%E6%B0%91%E5%85%B1%E5%92%8C%E5%9B%BD%E5%8E%BF%E7%BA%A7%E4%BB%A5%E4%B8%8A%E8%A1%8C%E6%94%BF%E5%8C%BA%E5%88%92%E5%8F%98%E6%9B%B4%E5%88%97%E8%A1%A8
WIKI-COUNTY-2005-01-010,2005,CNUR-000099,芜湖市,新芫区、镜湖区,镜湖区,district_transfer,partial,district_internal_adjust,https://zh.wikipedia.org/wiki/2005%E5%B9%B4%E4%B8%AD%E5%8D%8E%E4%BA%BA%E6%B0%91%E5%85%B1%E5%92%8C%E5%9B%BD%E5%8E%BF%E7%BA%A7%E4%BB%A5%E4%B8%8A%E8%A1%8C%E6%94%BF%E5%8C%BA%E5%88%92%E5%8F%98%E6%9B%B4%E5%88%97%E8%A1%A8
WIKI-COUNTY-2005-01-011,2005,CNUR-000099,芜湖市,,三山区,district_transfer,partial,district_internal_adjust,https://zh.wikipedia.org/wiki/2005%E5%B9%B4%E4%B8%AD%E5%8D%8E%E4%BA%BA%E6%B0%91%E5%85%B1%E5%92%8C%E5%9B%BD%E5%8E%BF%E7%BA%A7%E4%BB%A5%E4%B8%8A%E8%A1%8C%E6%94%BF%E5%8C%BA%E5%88%92%E5%8F%98%E6%9B%B4%E5%88%97%E8%A1%A8
WIKI-COUNTY-2005-01-012,2005,CNUR-000099,芜湖市,马塘区,弋江区,district_transfer,partial,district_internal_adjust,https://zh.wikipedia.org/wiki/2005%E5%B9%B4%E4%B8%AD%E5%8D%8E%E4%BA%BA%E6%B0%91%E5%85%B1%E5%92%8C%E5%9B%BD%E5%8E%BF%E7%BA%A7%E4%BB%A5%E4%B8%8A%E8%A1%8C%E6%94%BF%E5%8C%BA%E5%88%92%E5%8F%98%E6%9B%B4%E5%88%97%E8%A1%A8
WIKI-COUNTY-2005-01-006,2005,CNUR-000105,安庆市,郊区,宜秀区,district_transfer,partial,district_internal_adjust,https://zh.wikipedia.org/wiki/2005%E5%B9%B4%E4%B8%AD%E5%8D%8E%E4%BA%BA%E6%B0%91%E5%85%B1%E5%92%8C%E5%9B%BD%E5%8E%BF%E7%BA%A7%E4%BB%A5%E4%B8%8A%E8%A1%8C%E6%94%BF%E5%8C%BA%E5%88%92%E5%8F%98%E6%9B%B4%E5%88%97%E8%A1%A8
WIKI-COUNTY-2005-01-008,2005,CNUR-000153,开封市,郊区,金明区,district_transfer,partial,district_internal_adjust,https://zh.wikipedia.org/wiki/2005%E5%B9%B4%E4%B8%AD%E5%8D%8E%E4%BA%BA%E6%B0%91%E5%85%B1%E5%92%8C%E5%9B%BD%E5%8E%BF%E7%BA%A7%E4%BB%A5%E4%B8%8A%E8%A1%8C%E6%94%BF%E5%8C%BA%E5%88%92%E5%8F%98%E6%9B%B4%E5%88%97%E8%A1%A8
WIKI-COUNTY-2005-01-009,2005,CNUR-000153,开封市,南关区,禹王台区,district_transfer,partial,district_internal_adjust,https://zh.wikipedia.org/wiki/2005%E5%B9%B4%E4%B8%AD%E5%8D%8E%E4%BA%BA%E6%B0%91%E5%85%B1%E5%92%8C%E5%9B%BD%E5%8E%BF%E7%BA%A7%E4%BB%A5%E4%B8%8A%E8%A1%8C%E6%94%BF%E5%8C%BA%E5%88%92%E5%8F%98%E6%9B%B4%E5%88%97%E8%A1%A8
WIKI-COUNTY-2005-01-002,2005,CNUR-000196,广州市,东山区,,district_transfer,partial,district_internal_adjust,https://zh.wikipedia.org/wiki/2005%E5%B9%B4%E4%B8%AD%E5%8D%8E%E4%BA%BA%E6%B0%91%E5%85%B1%E5%92%8C%E5%9B%BD%E5%8E%BF%E7%BA%A7%E4%BB%A5%E4%B8%8A%E8%A1%8C%E6%94%BF%E5%8C%BA%E5%88%92%E5%8F%98%E6%9B%B4%E5%88%97%E8%A1%A8
WIKI-COUNTY-2005-01-003,2005,CNUR-000196,广州市,芳村区,,district_transfer,partial,district_internal_adjust,https://zh.wikipedia.org/wiki/2005%E5%B9%B4%E4%B8%AD%E5%8D%8E%E4%BA%BA%E6%B0%91%E5%85%B1%E5%92%8C%E5%9B%BD%E5%8E%BF%E7%BA%A7%E4%BB%A5%E4%B8%8A%E8%A1%8C%E6%94%BF%E5%8C%BA%E5%88%92%E5%8F%98%E6%9B%B4%E5%88%97%E8%A1%A8
WIKI-COUNTY-2005-01-004,2005,CNUR-000196,广州市,,南沙区,district_transfer,partial,district_internal_adjust,https://zh.wikipedia.org/wiki/2005%E5%B9%B4%E4%B8%AD%E5%8D%8E%E4%BA%BA%E6%B0%91%E5%85%B1%E5%92%8C%E5%9B%BD%E5%8E%BF%E7%BA%A7%E4%BB%A5%E4%B8%8A%E8%A1%8C%E6%94%BF%E5%8C%BA%E5%88%92%E5%8F%98%E6%9B%B4%E5%88%97%E8%A1%A8
WIKI-COUNTY-2005-01-005,2005,CNUR-000196,广州市,,萝岗区,district_transfer,partial,district_internal_adjust,https://zh.wikipedia.org/wiki/2005%E5%B9%B4%E4%B8%AD%E5%8D%8E%E4%BA%BA%E6%B0%91%E5%85%B1%E5%92%8C%E5%9B%BD%E5%8E%BF%E7%BA%A7%E4%BB%A5%E4%B8%8A%E8%A1%8C%E6%94%BF%E5%8C%BA%E5%88%92%E5%8F%98%E6%9B%B4%E5%88%97%E8%A1%A8
WIKI-COUNTY-2005-02-004,2005,CNUR-000237,自贡市,大安区、沿滩区、贡井区,自流井区,district_transfer,partial,district_internal_adjust,https://zh.wikipedia.org/wiki/2005%E5%B9%B4%E4%B8%AD%E5%8D%8E%E4%BA%BA%E6%B0%91%E5%85%B1%E5%92%8C%E5%9B%BD%E5%8E%BF%E7%BA%A7%E4%BB%A5%E4%B8%8A%E8%A1%8C%E6%94%BF%E5%8C%BA%E5%88%92%E5%8F%98%E6%9B%B4%E5%88%97%E8%A1%A8
WIKI-COUNTY-2005-02-005,2005,CNUR-000237,自贡市,荣县,贡井区,county_to_district,whole_county,district_scope_jump_county_panel_break,https://zh.wikipedia.org/wiki/2005%E5%B9%B4%E4%B8%AD%E5%8D%8E%E4%BA%BA%E6%B0%91%E5%85%B1%E5%92%8C%E5%9B%BD%E5%8E%BF%E7%BA%A7%E4%BB%A5%E4%B8%8A%E8%A1%8C%E6%94%BF%E5%8C%BA%E5%88%92%E5%8F%98%E6%9B%B4%E5%88%97%E8%A1%A8
WIKI-COUNTY-2005-02-006,2005,CNUR-000237,自贡市,富顺县,大安区、沿滩区,county_to_district,whole_county,district_scope_jump_county_panel_break,https://zh.wikipedia.org/wiki/2005%E5%B9%B4%E4%B8%AD%E5%8D%8E%E4%BA%BA%E6%B0%91%E5%85%B1%E5%92%8C%E5%9B%BD%E5%8E%BF%E7%BA%A7%E4%BB%A5%E4%B8%8A%E8%A1%8C%E6%94%BF%E5%8C%BA%E5%88%92%E5%8F%98%E6%9B%B4%E5%88%97%E8%A1%A8
WIKI-COUNTY-2006-04-002,2006,CNUR-000049,朝阳市,朝阳县,双塔区,county_to_district,whole_county,district_scope_jump_county_panel_break,https://zh.wikipedia.org/wiki/2006%E5%B9%B4%E4%B8%AD%E5%8D%8E%E4%BA%BA%E6%B0%91%E5%85%B1%E5%92%8C%E5%9B%BD%E5%8E%BF%E7%BA%A7%E4%BB%A5%E4%B8%8A%E8%A1%8C%E6%94%BF%E5%8C%BA%E5%88%92%E5%8F%98%E6%9B%B4%E5%88%97%E8%A1%A8
WIKI-COUNTY-2006-04-003,2006,CNUR-000049,朝阳市,双塔区、朝阳县,龙城区,county_to_district,whole_county,district_scope_jump_county_panel_break,https://zh.wikipedia.org/wiki/2006%E5%B9%B4%E4%B8%AD%E5%8D%8E%E4%BA%BA%E6%B0%91%E5%85%B1%E5%92%8C%E5%9B%BD%E5%8E%BF%E7%BA%A7%E4%BB%A5%E4%B8%8A%E8%A1%8C%E6%94%BF%E5%8C%BA%E5%88%92%E5%8F%98%E6%9B%B4%E5%88%97%E8%A1%A8
WIKI-COUNTY-2006-01-002,2006,CNUR-000056,白山市,江源县,江源区,county_to_district,whole_county,district_scope_jump_county_panel_break,https://zh.wikipedia.org/wiki/2006%E5%B9%B4%E4%B8%AD%E5%8D%8E%E4%BA%BA%E6%B0%91%E5%85%B1%E5%92%8C%E5%9B%BD%E5%8E%BF%E7%BA%A7%E4%BB%A5%E4%B8%8A%E8%A1%8C%E6%94%BF%E5%8C%BA%E5%88%92%E5%8F%98%E6%9B%B4%E5%88%97%E8%A1%A8
WIKI-COUNTY-2006-01-003,2006,CNUR-000060,哈尔滨市,,阿城区,district_other,whole,district_scope_jump,https://zh.wikipedia.org/wiki/2006%E5%B9%B4%E4%B8%AD%E5%8D%8E%E4%BA%BA%E6%B0%91%E5%85%B1%E5%92%8C%E5%9B%BD%E5%8E%BF%E7%BA%A7%E4%BB%A5%E4%B8%8A%E8%A1%8C%E6%94%BF%E5%8C%BA%E5%88%92%E5%8F%98%E6%9B%B4%E5%88%97%E8%A1%A8
WIKI-COUNTY-2006-02-003,2006,CNUR-000060,哈尔滨市,动力区、香坊区,香坊区,district_merge,whole,district_merge_aggregate_safe,https://zh.wikipedia.org/wiki/2006%E5%B9%B4%E4%B8%AD%E5%8D%8E%E4%BA%BA%E6%B0%91%E5%85%B1%E5%92%8C%E5%9B%BD%E5%8E%BF%E7%BA%A7%E4%BB%A5%E4%B8%8A%E8%A1%8C%E6%94%BF%E5%8C%BA%E5%88%92%E5%8F%98%E6%9B%B4%E5%88%97%E8%A1%A8
WIKI-COUNTY-2006-04-004,2006,CNUR-000060,哈尔滨市,,道外区,district_transfer,partial,district_internal_adjust,https://zh.wikipedia.org/wiki/2006%E5%B9%B4%E4%B8%AD%E5%8D%8E%E4%BA%BA%E6%B0%91%E5%85%B1%E5%92%8C%E5%9B%BD%E5%8E%BF%E7%BA%A7%E4%BB%A5%E4%B8%8A%E8%A1%8C%E6%94%BF%E5%8C%BA%E5%88%92%E5%8F%98%E6%9B%B4%E5%88%97%E8%A1%A8
WIKI-COUNTY-2006-02-002,2006,CNUR-000067,佳木斯市,永红区、郊区,郊区,district_transfer,partial,district_internal_adjust,https://zh.wikipedia.org/wiki/2006%E5%B9%B4%E4%B8%AD%E5%8D%8E%E4%BA%BA%E6%B0%91%E5%85%B1%E5%92%8C%E5%9B%BD%E5%8E%BF%E7%BA%A7%E4%BB%A5%E4%B8%8A%E8%A1%8C%E6%94%BF%E5%8C%BA%E5%88%92%E5%8F%98%E6%9B%B4%E5%88%97%E8%A1%A8
WIKI-COUNTY-2006-01-004,2006,CNUR-000235,重庆市,,江津区,district_other,whole,district_scope_jump,https://zh.wikipedia.org/wiki/2006%E5%B9%B4%E4%B8%AD%E5%8D%8E%E4%BA%BA%E6%B0%91%E5%85%B1%E5%92%8C%E5%9B%BD%E5%8E%BF%E7%BA%A7%E4%BB%A5%E4%B8%8A%E8%A1%8C%E6%94%BF%E5%8C%BA%E5%88%92%E5%8F%98%E6%9B%B4%E5%88%97%E8%A1%A8
WIKI-COUNTY-2006-01-005,2006,CNUR-000235,重庆市,,合川区,district_other,whole,district_scope_jump,https://zh.wikipedia.org/wiki/2006%E5%B9%B4%E4%B8%AD%E5%8D%8E%E4%BA%BA%E6%B0%91%E5%85%B1%E5%92%8C%E5%9B%BD%E5%8E%BF%E7%BA%A7%E4%BB%A5%E4%B8%8A%E8%A1%8C%E6%94%BF%E5%8C%BA%E5%88%92%E5%8F%98%E6%9B%B4%E5%88%97%E8%A1%A8
WIKI-COUNTY-2006-01-006,2006,CNUR-000235,重庆市,,永川区,district_other,whole,district_scope_jump,https://zh.wikipedia.org/wiki/2006%E5%B9%B4%E4%B8%AD%E5%8D%8E%E4%BA%BA%E6%B0%91%E5%85%B1%E5%92%8C%E5%9B%BD%E5%8E%BF%E7%BA%A7%E4%BB%A5%E4%B8%8A%E8%A1%8C%E6%94%BF%E5%8C%BA%E5%88%92%E5%8F%98%E6%9B%B4%E5%88%97%E8%A1%A8
WIKI-COUNTY-2006-01-007,2006,CNUR-000235,重庆市,,南川区,district_other,whole,district_scope_jump,https://zh.wikipedia.org/wiki/2006%E5%B9%B4%E4%B8%AD%E5%8D%8E%E4%BA%BA%E6%B0%91%E5%85%B1%E5%92%8C%E5%9B%BD%E5%8E%BF%E7%BA%A7%E4%BB%A5%E4%B8%8A%E8%A1%8C%E6%94%BF%E5%8C%BA%E5%88%92%E5%8F%98%E6%9B%B4%E5%88%97%E8%A1%A8
WIKI-COUNTY-2008-01-003,2008,CNUR-000057,松原市,宁江区、前郭尔罗斯蒙古族自治县,,district_transfer,partial,district_internal_adjust,https://zh.wikipedia.org/wiki/2008%E5%B9%B4%E4%B8%AD%E5%8D%8E%E4%BA%BA%E6%B0%91%E5%85%B1%E5%92%8C%E5%9B%BD%E5%8E%BF%E7%BA%A7%E4%BB%A5%E4%B8%8A%E8%A1%8C%E6%94%BF%E5%8C%BA%E5%88%92%E5%8F%98%E6%9B%B4%E5%88%97%E8%A1%A8
WIKI-COUNTY-2008-01-004,2008,CNUR-000291,宝鸡市,扶风县、杨陵区,,district_transfer,partial,district_internal_adjust,https://zh.wikipedia.org/wiki/2008%E5%B9%B4%E4%B8%AD%E5%8D%8E%E4%BA%BA%E6%B0%91%E5%85%B1%E5%92%8C%E5%9B%BD%E5%8E%BF%E7%BA%A7%E4%BB%A5%E4%B8%8A%E8%A1%8C%E6%94%BF%E5%8C%BA%E5%88%92%E5%8F%98%E6%9B%B4%E5%88%97%E8%A1%A8
WIKI-COUNTY-2008-01-004,2008,CNUR-000292,咸阳市,扶风县、杨陵区,,district_transfer,partial,district_internal_adjust,https://zh.wikipedia.org/wiki/2008%E5%B9%B4%E4%B8%AD%E5%8D%8E%E4%BA%BA%E6%B0%91%E5%85%B1%E5%92%8C%E5%9B%BD%E5%8E%BF%E7%BA%A7%E4%BB%A5%E4%B8%8A%E8%A1%8C%E6%94%BF%E5%8C%BA%E5%88%92%E5%8F%98%E6%9B%B4%E5%88%97%E8%A1%A8
WIKI-COUNTY-2009-01-006,2009,CNUR-000002,天津市,塘沽区、汉沽区、大港区,滨海新区,district_other,whole,district_scope_jump,https://zh.wikipedia.org/wiki/2009%E5%B9%B4%E4%B8%AD%E5%8D%8E%E4%BA%BA%E6%B0%91%E5%85%B1%E5%92%8C%E5%9B%BD%E5%8E%BF%E7%BA%A7%E4%BB%A5%E4%B8%8A%E8%A1%8C%E6%94%BF%E5%8C%BA%E5%88%92%E5%8F%98%E6%9B%B4%E5%88%97%E8%A1%A8
WIKI-COUNTY-2009-01-004,2009,CNUR-000073,上海市,南汇区,,district_merge,whole,district_merge_aggregate_safe,https://zh.wikipedia.org/wiki/2009%E5%B9%B4%E4%B8%AD%E5%8D%8E%E4%BA%BA%E6%B0%91%E5%85%B1%E5%92%8C%E5%9B%BD%E5%8E%BF%E7%BA%A7%E4%BB%A5%E4%B8%8A%E8%A1%8C%E6%94%BF%E5%8C%BA%E5%88%92%E5%8F%98%E6%9B%B4%E5%88%97%E8%A1%A8
WIKI-COUNTY-2009-01-002,2009,CNUR-000079,南通市,,通州区,district_other,whole,district_scope_jump,https://zh.wikipedia.org/wiki/2009%E5%B9%B4%E4%B8%AD%E5%8D%8E%E4%BA%BA%E6%B0%91%E5%85%B1%E5%92%8C%E5%9B%BD%E5%8E%BF%E7%BA%A7%E4%BB%A5%E4%B8%8A%E8%A1%8C%E6%94%BF%E5%8C%BA%E5%88%92%E5%8F%98%E6%9B%B4%E5%88%97%E8%A1%A8
WIKI-COUNTY-2009-01-005,2009,CNUR-000323,吴忠市,,红寺堡区,district_other,whole,district_scope_jump,https://zh.wikipedia.org/wiki/2009%E5%B9%B4%E4%B8%AD%E5%8D%8E%E4%BA%BA%E6%B0%91%E5%85%B1%E5%92%8C%E5%9B%BD%E5%8E%BF%E7%BA%A7%E4%BB%A5%E4%B8%8A%E8%A1%8C%E6%94%BF%E5%8C%BA%E5%88%92%E5%8F%98%E6%9B%B4%E5%88%97%E8%A1%A8
WIKI-COUNTY-2010-01-002,2010,CNUR-000001,北京市,东城区、崇文区,东城区,district_other,whole,district_scope_jump,https://zh.wikipedia.org/wiki/2010%E5%B9%B4%E4%B8%AD%E5%8D%8E%E4%BA%BA%E6%B0%91%E5%85%B1%E5%92%8C%E5%9B%BD%E5%8E%BF%E7%BA%A7%E4%BB%A5%E4%B8%8A%E8%A1%8C%E6%94%BF%E5%8C%BA%E5%88%92%E5%8F%98%E6%9B%B4%E5%88%97%E8%A1%A8
WIKI-COUNTY-2010-01-003,2010,CNUR-000001,北京市,西城区、宣武区,西城区,district_other,whole,district_scope_jump,https://zh.wikipedia.org/wiki/2010%E5%B9%B4%E4%B8%AD%E5%8D%8E%E4%BA%BA%E6%B0%91%E5%85%B1%E5%92%8C%E5%9B%BD%E5%8E%BF%E7%BA%A7%E4%BB%A5%E4%B8%8A%E8%A1%8C%E6%94%BF%E5%8C%BA%E5%88%92%E5%8F%98%E6%9B%B4%E5%88%97%E8%A1%A8
WIKI-COUNTY-2010-01-004,2010,CNUR-000076,徐州市,九里区,,district_transfer,partial,district_internal_adjust,https://zh.wikipedia.org/wiki/2010%E5%B9%B4%E4%B8%AD%E5%8D%8E%E4%BA%BA%E6%B0%91%E5%85%B1%E5%92%8C%E5%9B%BD%E5%8E%BF%E7%BA%A7%E4%BB%A5%E4%B8%8A%E8%A1%8C%E6%94%BF%E5%8C%BA%E5%88%92%E5%8F%98%E6%9B%B4%E5%88%97%E8%A1%A8
WIKI-COUNTY-2010-01-005,2010,CNUR-000076,徐州市,铜山县,铜山区,county_to_district,whole_county,district_scope_jump_county_panel_break,https://zh.wikipedia.org/wiki/2010%E5%B9%B4%E4%B8%AD%E5%8D%8E%E4%BA%BA%E6%B0%91%E5%85%B1%E5%92%8C%E5%9B%BD%E5%8E%BF%E7%BA%A7%E4%BB%A5%E4%B8%8A%E8%A1%8C%E6%94%BF%E5%8C%BA%E5%88%92%E5%8F%98%E6%9B%B4%E5%88%97%E8%A1%A8
WIKI-COUNTY-2011-03-002,2011,CNUR-000073,上海市,黄浦区、卢湾区,黄浦区,district_merge,whole,district_merge_aggregate_safe,https://zh.wikipedia.org/wiki/2011%E5%B9%B4%E4%B8%AD%E5%8D%8E%E4%BA%BA%E6%B0%91%E5%85%B1%E5%92%8C%E5%9B%BD%E5%8E%BF%E7%BA%A7%E4%BB%A5%E4%B8%8A%E8%A1%8C%E6%94%BF%E5%8C%BA%E5%88%92%E5%8F%98%E6%9B%B4%E5%88%97%E8%A1%A8
WIKI-COUNTY-2011-05-002,2011,CNUR-000083,扬州市,维扬区,,district_transfer,partial,district_internal_adjust,https://zh.wikipedia.org/wiki/2011%E5%B9%B4%E4%B8%AD%E5%8D%8E%E4%BA%BA%E6%B0%91%E5%85%B1%E5%92%8C%E5%9B%BD%E5%8E%BF%E7%BA%A7%E4%BB%A5%E4%B8%8A%E8%A1%8C%E6%94%BF%E5%8C%BA%E5%88%92%E5%8F%98%E6%9B%B4%E5%88%97%E8%A1%A8
WIKI-COUNTY-2011-05-003,2011,CNUR-000083,扬州市,邗江区,,district_transfer,partial,district_internal_adjust,https://zh.wikipedia.org/wiki/2011%E5%B9%B4%E4%B8%AD%E5%8D%8E%E4%BA%BA%E6%B0%91%E5%85%B1%E5%92%8C%E5%9B%BD%E5%8E%BF%E7%BA%A7%E4%BB%A5%E4%B8%8A%E8%A1%8C%E6%94%BF%E5%8C%BA%E5%88%92%E5%8F%98%E6%9B%B4%E5%88%97%E8%A1%A8
WIKI-COUNTY-2011-05-004,2011,CNUR-000083,扬州市,江都市,江都区,county_to_district,whole_county,district_scope_jump_county_panel_break,https://zh.wikipedia.org/wiki/2011%E5%B9%B4%E4%B8%AD%E5%8D%8E%E4%BA%BA%E6%B0%91%E5%85%B1%E5%92%8C%E5%9B%BD%E5%8E%BF%E7%BA%A7%E4%BB%A5%E4%B8%8A%E8%A1%8C%E6%94%BF%E5%8C%BA%E5%88%92%E5%8F%98%E6%9B%B4%E5%88%97%E8%A1%A8
WIKI-COUNTY-2011-01-003,2011,CNUR-000182,长沙市,望城县,望城区,county_to_district,whole_county,district_scope_jump_county_panel_break,https://zh.wikipedia.org/wiki/2011%E5%B9%B4%E4%B8%AD%E5%8D%8E%E4%BA%BA%E6%B0%91%E5%85%B1%E5%92%8C%E5%9B%BD%E5%8E%BF%E7%BA%A7%E4%BB%A5%E4%B8%8A%E8%A1%8C%E6%94%BF%E5%8C%BA%E5%88%92%E5%8F%98%E6%9B%B4%E5%88%97%E8%A1%A8
WIKI-COUNTY-2011-03-003,2011,CNUR-000235,重庆市,双桥区、大足县,大足区,county_to_district,whole_county,district_scope_jump_county_panel_break,https://zh.wikipedia.org/wiki/2011%E5%B9%B4%E4%B8%AD%E5%8D%8E%E4%BA%BA%E6%B0%91%E5%85%B1%E5%92%8C%E5%9B%BD%E5%8E%BF%E7%BA%A7%E4%BB%A5%E4%B8%8A%E8%A1%8C%E6%94%BF%E5%8C%BA%E5%88%92%E5%8F%98%E6%9B%B4%E5%88%97%E8%A1%A8
WIKI-COUNTY-2011-03-004,2011,CNUR-000235,重庆市,万盛区、綦江县,綦江区,county_to_district,whole_county,district_scope_jump_county_panel_break,https://zh.wikipedia.org/wiki/2011%E5%B9%B4%E4%B8%AD%E5%8D%8E%E4%BA%BA%E6%B0%91%E5%85%B1%E5%92%8C%E5%9B%BD%E5%8E%BF%E7%BA%A7%E4%BB%A5%E4%B8%8A%E8%A1%8C%E6%94%BF%E5%8C%BA%E5%88%92%E5%8F%98%E6%9B%B4%E5%88%97%E8%A1%A8
WIKI-COUNTY-2011-01-002,2011,CNUR-000248,宜宾市,南溪县,南溪区,county_to_district,whole_county,district_scope_jump_county_panel_break,https://zh.wikipedia.org/wiki/2011%E5%B9%B4%E4%B8%AD%E5%8D%8E%E4%BA%BA%E6%B0%91%E5%85%B1%E5%92%8C%E5%9B%BD%E5%8E%BF%E7%BA%A7%E4%BB%A5%E4%B8%8A%E8%A1%8C%E6%94%BF%E5%8C%BA%E5%88%92%E5%8F%98%E6%9B%B4%E5%88%97%E8%A1%A8
WIKI-COUNTY-2011-01-004,2011,CNUR-000266,昆明市,呈贡县,呈贡区,county_to_district,whole_county,district_scope_jump_county_panel_break,https://zh.wikipedia.org/wiki/2011%E5%B9%B4%E4%B8%AD%E5%8D%8E%E4%BA%BA%E6%B0%91%E5%85%B1%E5%92%8C%E5%9B%BD%E5%8E%BF%E7%BA%A7%E4%BB%A5%E4%B8%8A%E8%A1%8C%E6%94%BF%E5%8C%BA%E5%88%92%E5%8F%98%E6%9B%B4%E5%88%97%E8%A1%A8
WIKI-COUNTY-2012-01-002,2012,CNUR-000004,唐山市,唐海县,曹妃甸区,county_to_district,whole_county,district_scope_jump_county_panel_break,https://zh.wikipedia.org/wiki/2012%E5%B9%B4%E4%B8%AD%E5%8D%8E%E4%BA%BA%E6%B0%91%E5%85%B1%E5%92%8C%E5%9B%BD%E5%8E%BF%E7%BA%A7%E4%BB%A5%E4%B8%8A%E8%A1%8C%E6%94%BF%E5%8C%BA%E5%88%92%E5%8F%98%E6%9B%B4%E5%88%97%E8%A1%A8
WIKI-COUNTY-2012-01-003,2012,CNUR-000078,苏州市,吴江市,吴江区,county_to_district,whole_county,district_scope_jump_county_panel_break,https://zh.wikipedia.org/wiki/2012%E5%B9%B4%E4%B8%AD%E5%8D%8E%E4%BA%BA%E6%B0%91%E5%85%B1%E5%92%8C%E5%9B%BD%E5%8E%BF%E7%BA%A7%E4%BB%A5%E4%B8%8A%E8%A1%8C%E6%94%BF%E5%8C%BA%E5%88%92%E5%8F%98%E6%9B%B4%E5%88%97%E8%A1%A8
WIKI-COUNTY-2012-02-002,2012,CNUR-000078,苏州市,沧浪区、平江区、金阊区,姑苏区,district_merge,whole,district_merge_aggregate_safe,https://zh.wikipedia.org/wiki/2012%E5%B9%B4%E4%B8%AD%E5%8D%8E%E4%BA%BA%E6%B0%91%E5%85%B1%E5%92%8C%E5%9B%BD%E5%8E%BF%E7%BA%A7%E4%BB%A5%E4%B8%8A%E8%A1%8C%E6%94%BF%E5%8C%BA%E5%88%92%E5%8F%98%E6%9B%B4%E5%88%97%E8%A1%A8
WIKI-COUNTY-2012-01-007,2012,CNUR-000085,泰州市,姜堰市,姜堰区,county_to_district,whole_county,district_scope_jump_county_panel_break,https://zh.wikipedia.org/wiki/2012%E5%B9%B4%E4%B8%AD%E5%8D%8E%E4%BA%BA%E6%B0%91%E5%85%B1%E5%92%8C%E5%9B%BD%E5%8E%BF%E7%BA%A7%E4%BB%A5%E4%B8%8A%E8%A1%8C%E6%94%BF%E5%8C%BA%E5%88%92%E5%8F%98%E6%9B%B4%E5%88%97%E8%A1%A8
WIKI-COUNTY-2012-02-003,2012,CNUR-000102,马鞍山市,金家庄区、花山区,花山区,district_merge,whole,district_merge_aggregate_safe,https://zh.wikipedia.org/wiki/2012%E5%B9%B4%E4%B8%AD%E5%8D%8E%E4%BA%BA%E6%B0%91%E5%85%B1%E5%92%8C%E5%9B%BD%E5%8E%BF%E7%BA%A7%E4%BB%A5%E4%B8%8A%E8%A1%8C%E6%94%BF%E5%8C%BA%E5%88%92%E5%8F%98%E6%9B%B4%E5%88%97%E8%A1%A8
WIKI-COUNTY-2012-03-003,2012,CNUR-000102,马鞍山市,,博望区,district_transfer,partial,district_internal_adjust,https://zh.wikipedia.org/wiki/2012%E5%B9%B4%E4%B8%AD%E5%8D%8E%E4%BA%BA%E6%B0%91%E5%85%B1%E5%92%8C%E5%9B%BD%E5%8E%BF%E7%BA%A7%E4%BB%A5%E4%B8%8A%E8%A1%8C%E6%94%BF%E5%8C%BA%E5%88%92%E5%8F%98%E6%9B%B4%E5%88%97%E8%A1%A8
WIKI-COUNTY-2012-02-004,2012,CNUR-000136,青岛市,市北区、四方区,市北区,district_merge,whole,district_merge_aggregate_safe,https://zh.wikipedia.org/wiki/2012%E5%B9%B4%E4%B8%AD%E5%8D%8E%E4%BA%BA%E6%B0%91%E5%85%B1%E5%92%8C%E5%9B%BD%E5%8E%BF%E7%BA%A7%E4%BB%A5%E4%B8%8A%E8%A1%8C%E6%94%BF%E5%8C%BA%E5%88%92%E5%8F%98%E6%9B%B4%E5%88%97%E8%A1%A8
WIKI-COUNTY-2012-04-002,2012,CNUR-000196,广州市,番禺区,南沙区,district_transfer,partial,district_internal_adjust,https://zh.wikipedia.org/wiki/2012%E5%B9%B4%E4%B8%AD%E5%8D%8E%E4%BA%BA%E6%B0%91%E5%85%B1%E5%92%8C%E5%9B%BD%E5%8E%BF%E7%BA%A7%E4%BB%A5%E4%B8%8A%E8%A1%8C%E6%94%BF%E5%8C%BA%E5%88%92%E5%8F%98%E6%9B%B4%E5%88%97%E8%A1%A8
WIKI-COUNTY-2012-01-005,2012,CNUR-000211,清远市,清新县,清新区,county_to_district,whole_county,district_scope_jump_county_panel_break,https://zh.wikipedia.org/wiki/2012%E5%B9%B4%E4%B8%AD%E5%8D%8E%E4%BA%BA%E6%B0%91%E5%85%B1%E5%92%8C%E5%9B%BD%E5%8E%BF%E7%BA%A7%E4%BB%A5%E4%B8%8A%E8%A1%8C%E6%94%BF%E5%8C%BA%E5%88%92%E5%8F%98%E6%9B%B4%E5%88%97%E8%A1%A8
WIKI-COUNTY-2012-01-006,2012,CNUR-000215,揭阳市,揭东县,揭东区,county_to_district,whole_county,district_scope_jump_county_panel_break,https://zh.wikipedia.org/wiki/2012%E5%B9%B4%E4%B8%AD%E5%8D%8E%E4%BA%BA%E6%B0%91%E5%85%B1%E5%92%8C%E5%9B%BD%E5%8E%BF%E7%BA%A7%E4%BB%A5%E4%B8%8A%E8%A1%8C%E6%94%BF%E5%8C%BA%E5%88%92%E5%8F%98%E6%9B%B4%E5%88%97%E8%A1%A8
WIKI-COUNTY-2012-01-004,2012,CNUR-000251,雅安市,名山县,名山区,county_to_district,whole_county,district_scope_jump_county_panel_break,https://zh.wikipedia.org/wiki/2012%E5%B9%B4%E4%B8%AD%E5%8D%8E%E4%BA%BA%E6%B0%91%E5%85%B1%E5%92%8C%E5%9B%BD%E5%8E%BF%E7%BA%A7%E4%BB%A5%E4%B8%8A%E8%A1%8C%E6%94%BF%E5%8C%BA%E5%88%92%E5%8F%98%E6%9B%B4%E5%88%97%E8%A1%A8
WIKI-COUNTY-2012-02-005,2012,CNUR-000257,贵阳市,花溪区、小河区,花溪区,district_merge,whole,district_merge_aggregate_safe,https://zh.wikipedia.org/wiki/2012%E5%B9%B4%E4%B8%AD%E5%8D%8E%E4%BA%BA%E6%B0%91%E5%85%B1%E5%92%8C%E5%9B%BD%E5%8E%BF%E7%BA%A7%E4%BB%A5%E4%B8%8A%E8%A1%8C%E6%94%BF%E5%8C%BA%E5%88%92%E5%8F%98%E6%9B%B4%E5%88%97%E8%A1%A8
WIKI-COUNTY-2012-03-004,2012,CNUR-000257,贵阳市,,观山湖区,district_transfer,partial,district_internal_adjust,https://zh.wikipedia.org/wiki/2012%E5%B9%B4%E4%B8%AD%E5%8D%8E%E4%BA%BA%E6%B0%91%E5%85%B1%E5%92%8C%E5%9B%BD%E5%8E%BF%E7%BA%A7%E4%BB%A5%E4%B8%8A%E8%A1%8C%E6%94%BF%E5%8C%BA%E5%88%92%E5%8F%98%E6%9B%B4%E5%88%97%E8%A1%A8
WIKI-COUNTY-2013-01-003,2013,CNUR-000074,南京市,溧水县,溧水区,county_to_district,whole_county,district_scope_jump_county_panel_break,https://zh.wikipedia.org/wiki/2013%E5%B9%B4%E4%B8%AD%E5%8D%8E%E4%BA%BA%E6%B0%91%E5%85%B1%E5%92%8C%E5%9B%BD%E5%8E%BF%E7%BA%A7%E4%BB%A5%E4%B8%8A%E8%A1%8C%E6%94%BF%E5%8C%BA%E5%88%92%E5%8F%98%E6%9B%B4%E5%88%97%E8%A1%A8
WIKI-COUNTY-2013-01-004,2013,CNUR-000074,南京市,高淳县,高淳区,county_to_district,whole_county,district_scope_jump_county_panel_break,https://zh.wikipedia.org/wiki/2013%E5%B9%B4%E4%B8%AD%E5%8D%8E%E4%BA%BA%E6%B0%91%E5%85%B1%E5%92%8C%E5%9B%BD%E5%8E%BF%E7%BA%A7%E4%BB%A5%E4%B8%8A%E8%A1%8C%E6%94%BF%E5%8C%BA%E5%88%92%E5%8F%98%E6%9B%B4%E5%88%97%E8%A1%A8
WIKI-COUNTY-2013-03-002,2013,CNUR-000074,南京市,秦淮区、白下区,秦淮区,district_merge,whole,district_merge_aggregate_safe,https://zh.wikipedia.org/wiki/2013%E5%B9%B4%E4%B8%AD%E5%8D%8E%E4%BA%BA%E6%B0%91%E5%85%B1%E5%92%8C%E5%9B%BD%E5%8E%BF%E7%BA%A7%E4%BB%A5%E4%B8%8A%E8%A1%8C%E6%94%BF%E5%8C%BA%E5%88%92%E5%8F%98%E6%9B%B4%E5%88%97%E8%A1%A8
WIKI-COUNTY-2013-03-003,2013,CNUR-000074,南京市,鼓楼区、下关区,鼓楼区,district_merge,whole,district_merge_aggregate_safe,https://zh.wikipedia.org/wiki/2013%E5%B9%B4%E4%B8%AD%E5%8D%8E%E4%BA%BA%E6%B0%91%E5%85%B1%E5%92%8C%E5%9B%BD%E5%8E%BF%E7%BA%A7%E4%BB%A5%E4%B8%8A%E8%A1%8C%E6%94%BF%E5%8C%BA%E5%88%92%E5%8F%98%E6%9B%B4%E5%88%97%E8%A1%A8
WIKI-COUNTY-2013-01-007,2013,CNUR-000092,绍兴市,绍兴县,柯桥区,county_to_district,whole_county,district_scope_jump_county_panel_break,https://zh.wikipedia.org/wiki/2013%E5%B9%B4%E4%B8%AD%E5%8D%8E%E4%BA%BA%E6%B0%91%E5%85%B1%E5%92%8C%E5%9B%BD%E5%8E%BF%E7%BA%A7%E4%BB%A5%E4%B8%8A%E8%A1%8C%E6%94%BF%E5%8C%BA%E5%88%92%E5%8F%98%E6%9B%B4%E5%88%97%E8%A1%A8
WIKI-COUNTY-2013-01-008,2013,CNUR-000092,绍兴市,上虞市,上虞区,county_to_district,whole_county,district_scope_jump_county_panel_break,https://zh.wikipedia.org/wiki/2013%E5%B9%B4%E4%B8%AD%E5%8D%8E%E4%BA%BA%E6%B0%91%E5%85%B1%E5%92%8C%E5%9B%BD%E5%8E%BF%E7%BA%A7%E4%BB%A5%E4%B8%8A%E8%A1%8C%E6%94%BF%E5%8C%BA%E5%88%92%E5%8F%98%E6%9B%B4%E5%88%97%E8%A1%A8
WIKI-COUNTY-2013-01-010,2013,CNUR-000130,赣州市,南康市,南康区,county_to_district,whole_county,district_scope_jump_county_panel_break,https://zh.wikipedia.org/wiki/2013%E5%B9%B4%E4%B8%AD%E5%8D%8E%E4%BA%BA%E6%B0%91%E5%85%B1%E5%92%8C%E5%9B%BD%E5%8E%BF%E7%BA%A7%E4%BB%A5%E4%B8%8A%E8%A1%8C%E6%94%BF%E5%8C%BA%E5%88%92%E5%8F%98%E6%9B%B4%E5%88%97%E8%A1%A8
WIKI-COUNTY-2013-01-011,2013,CNUR-000142,济宁市,,兖州区,district_other,partial,district_scope_jump,https://zh.wikipedia.org/wiki/2013%E5%B9%B4%E4%B8%AD%E5%8D%8E%E4%BA%BA%E6%B0%91%E5%85%B1%E5%92%8C%E5%9B%BD%E5%8E%BF%E7%BA%A7%E4%BB%A5%E4%B8%8A%E8%A1%8C%E6%94%BF%E5%8C%BA%E5%88%92%E5%8F%98%E6%9B%B4%E5%88%97%E8%A1%A8
WIKI-COUNTY-2013-03-005,2013,CNUR-000142,济宁市,市中区、任城区,任城区,district_merge,whole,district_merge_aggregate_safe,https://zh.wikipedia.org/wiki/2013%E5%B9%B4%E4%B8%AD%E5%8D%8E%E4%BA%BA%E6%B0%91%E5%85%B1%E5%92%8C%E5%9B%BD%E5%8E%BF%E7%BA%A7%E4%BB%A5%E4%B8%8A%E8%A1%8C%E6%94%BF%E5%8C%BA%E5%88%92%E5%8F%98%E6%9B%B4%E5%88%97%E8%A1%A8
WIKI-COUNTY-2013-01-009,2013,CNUR-000207,梅州市,梅县,梅县区,county_to_district,whole_county,district_scope_jump_county_panel_break,https://zh.wikipedia.org/wiki/2013%E5%B9%B4%E4%B8%AD%E5%8D%8E%E4%BA%BA%E6%B0%91%E5%85%B1%E5%92%8C%E5%9B%BD%E5%8E%BF%E7%BA%A7%E4%BB%A5%E4%B8%8A%E8%A1%8C%E6%94%BF%E5%8C%BA%E5%88%92%E5%8F%98%E6%9B%B4%E5%88%97%E8%A1%A8
WIKI-COUNTY-2013-01-006,2013,CNUR-000214,潮州市,潮安县,潮安区,county_to_district,whole_county,district_scope_jump_county_panel_break,https://zh.wikipedia.org/wiki/2013%E5%B9%B4%E4%B8%AD%E5%8D%8E%E4%BA%BA%E6%B0%91%E5%85%B1%E5%92%8C%E5%9B%BD%E5%8E%BF%E7%BA%A7%E4%BB%A5%E4%B8%8A%E8%A1%8C%E6%94%BF%E5%8C%BA%E5%88%92%E5%8F%98%E6%9B%B4%E5%88%97%E8%A1%A8
WIKI-COUNTY-2013-01-002,2013,CNUR-000219,桂林市,临桂县,临桂区,county_to_district,whole_county,district_scope_jump_county_panel_break,https://zh.wikipedia.org/wiki/2013%E5%B9%B4%E4%B8%AD%E5%8D%8E%E4%BA%BA%E6%B0%91%E5%85%B1%E5%92%8C%E5%9B%BD%E5%8E%BF%E7%BA%A7%E4%BB%A5%E4%B8%8A%E8%A1%8C%E6%94%BF%E5%8C%BA%E5%88%92%E5%8F%98%E6%9B%B4%E5%88%97%E8%A1%A8
WIKI-COUNTY-2013-03-004,2013,CNUR-000220,梧州市,蝶山区、万秀区,万秀区,district_transfer,partial,district_internal_adjust,https://zh.wikipedia.org/wiki/2013%E5%B9%B4%E4%B8%AD%E5%8D%8E%E4%BA%BA%E6%B0%91%E5%85%B1%E5%92%8C%E5%9B%BD%E5%8E%BF%E7%BA%A7%E4%BB%A5%E4%B8%8A%E8%A1%8C%E6%94%BF%E5%8C%BA%E5%88%92%E5%8F%98%E6%9B%B4%E5%88%97%E8%A1%A8
WIKI-COUNTY-2013-04-006,2013,CNUR-000225,玉林市,,福绵区,district_transfer,partial,district_internal_adjust,https://zh.wikipedia.org/wiki/2013%E5%B9%B4%E4%B8%AD%E5%8D%8E%E4%BA%BA%E6%B0%91%E5%85%B1%E5%92%8C%E5%9B%BD%E5%8E%BF%E7%BA%A7%E4%BB%A5%E4%B8%8A%E8%A1%8C%E6%94%BF%E5%8C%BA%E5%88%92%E5%8F%98%E6%9B%B4%E5%88%97%E8%A1%A8
WIKI-COUNTY-2013-04-003,2013,CNUR-000249,广安市,,前锋区,district_transfer,partial,district_internal_adjust,https://zh.wikipedia.org/wiki/2013%E5%B9%B4%E4%B8%AD%E5%8D%8E%E4%BA%BA%E6%B0%91%E5%85%B1%E5%92%8C%E5%9B%BD%E5%8E%BF%E7%BA%A7%E4%BB%A5%E4%B8%8A%E8%A1%8C%E6%94%BF%E5%8C%BA%E5%88%92%E5%8F%98%E6%9B%B4%E5%88%97%E8%A1%A8
WIKI-COUNTY-2013-01-005,2013,CNUR-000250,达州市,达县,达川区,county_to_district,whole_county,district_scope_jump_county_panel_break,https://zh.wikipedia.org/wiki/2013%E5%B9%B4%E4%B8%AD%E5%8D%8E%E4%BA%BA%E6%B0%91%E5%85%B1%E5%92%8C%E5%9B%BD%E5%8E%BF%E7%BA%A7%E4%BB%A5%E4%B8%8A%E8%A1%8C%E6%94%BF%E5%8C%BA%E5%88%92%E5%8F%98%E6%9B%B4%E5%88%97%E8%A1%A8
WIKI-COUNTY-2013-04-002,2013,CNUR-000252,巴中市,,恩阳区,district_transfer,partial,district_internal_adjust,https://zh.wikipedia.org/wiki/2013%E5%B9%B4%E4%B8%AD%E5%8D%8E%E4%BA%BA%E6%B0%91%E5%85%B1%E5%92%8C%E5%9B%BD%E5%8E%BF%E7%BA%A7%E4%BB%A5%E4%B8%8A%E8%A1%8C%E6%94%BF%E5%8C%BA%E5%88%92%E5%8F%98%E6%9B%B4%E5%88%97%E8%A1%A8
WIKI-COUNTY-2014-01-014,2014,CNUR-000003,石家庄市,藁城市,藁城区,county_to_district,whole_county,district_scope_jump_county_panel_break,https://zh.wikipedia.org/wiki/2014%E5%B9%B4%E4%B8%AD%E5%8D%8E%E4%BA%BA%E6%B0%91%E5%85%B1%E5%92%8C%E5%9B%BD%E5%8E%BF%E7%BA%A7%E4%BB%A5%E4%B8%8A%E8%A1%8C%E6%94%BF%E5%8C%BA%E5%88%92%E5%8F%98%E6%9B%B4%E5%88%97%E8%A1%A8
WIKI-COUNTY-2014-01-015,2014,CNUR-000003,石家庄市,鹿泉市,鹿泉区,county_to_district,whole_county,district_scope_jump_county_panel_break,https://zh.wikipedia.org/wiki/2014%E5%B9%B4%E4%B8%AD%E5%8D%8E%E4%BA%BA%E6%B0%91%E5%85%B1%E5%92%8C%E5%9B%BD%E5%8E%BF%E7%BA%A7%E4%BB%A5%E4%B8%8A%E8%A1%8C%E6%94%BF%E5%8C%BA%E5%88%92%E5%8F%98%E6%9B%B4%E5%88%97%E8%A1%A8
WIKI-COUNTY-2014-01-016,2014,CNUR-000003,石家庄市,栾城县,栾城区,county_to_district,whole_county,district_scope_jump_county_panel_break,https://zh.wikipedia.org/wiki/2014%E5%B9%B4%E4%B8%AD%E5%8D%8E%E4%BA%BA%E6%B0%91%E5%85%B1%E5%92%8C%E5%9B%BD%E5%8E%BF%E7%BA%A7%E4%BB%A5%E4%B8%8A%E8%A1%8C%E6%94%BF%E5%8C%BA%E5%88%92%E5%8F%98%E6%9B%B4%E5%88%97%E8%A1%A8
WIKI-COUNTY-2014-05-014,2014,CNUR-000003,石家庄市,桥东区,,district_transfer,partial,district_internal_adjust,https://zh.wikipedia.org/wiki/2014%E5%B9%B4%E4%B8%AD%E5%8D%8E%E4%BA%BA%E6%B0%91%E5%85%B1%E5%92%8C%E5%9B%BD%E5%8E%BF%E7%BA%A7%E4%BB%A5%E4%B8%8A%E8%A1%8C%E6%94%BF%E5%8C%BA%E5%88%92%E5%8F%98%E6%9B%B4%E5%88%97%E8%A1%A8
WIKI-COUNTY-2014-01-020,2014,CNUR-000051,长春市,九台市,九台区,county_to_district,whole_county,district_scope_jump_county_panel_break,https://zh.wikipedia.org/wiki/2014%E5%B9%B4%E4%B8%AD%E5%8D%8E%E4%BA%BA%E6%B0%91%E5%85%B1%E5%92%8C%E5%9B%BD%E5%8E%BF%E7%BA%A7%E4%BB%A5%E4%B8%8A%E8%A1%8C%E6%94%BF%E5%8C%BA%E5%88%92%E5%8F%98%E6%9B%B4%E5%88%97%E8%A1%A8
WIKI-COUNTY-2014-01-005,2014,CNUR-000060,哈尔滨市,双城市,双城区,county_to_district,whole_county,district_scope_jump_county_panel_break,https://zh.wikipedia.org/wiki/2014%E5%B9%B4%E4%B8%AD%E5%8D%8E%E4%BA%BA%E6%B0%91%E5%85%B1%E5%92%8C%E5%9B%BD%E5%8E%BF%E7%BA%A7%E4%BB%A5%E4%B8%8A%E8%A1%8C%E6%94%BF%E5%8C%BA%E5%88%92%E5%8F%98%E6%9B%B4%E5%88%97%E8%A1%A8
WIKI-COUNTY-2014-01-006,2014,CNUR-000080,连云港市,赣榆县,赣榆区,county_to_district,whole_county,district_scope_jump_county_panel_break,https://zh.wikipedia.org/wiki/2014%E5%B9%B4%E4%B8%AD%E5%8D%8E%E4%BA%BA%E6%B0%91%E5%85%B1%E5%92%8C%E5%9B%BD%E5%8E%BF%E7%BA%A7%E4%BB%A5%E4%B8%8A%E8%A1%8C%E6%94%BF%E5%8C%BA%E5%88%92%E5%8F%98%E6%9B%B4%E5%88%97%E8%A1%A8
WIKI-COUNTY-2014-05-010,2014,CNUR-000080,连云港市,新浦区、海州区,海州区,district_other,whole,district_scope_jump,https://zh.wikipedia.org/wiki/2014%E5%B9%B4%E4%B8%AD%E5%8D%8E%E4%BA%BA%E6%B0%91%E5%85%B1%E5%92%8C%E5%9B%BD%E5%8E%BF%E7%BA%A7%E4%BB%A5%E4%B8%8A%E8%A1%8C%E6%94%BF%E5%8C%BA%E5%88%92%E5%8F%98%E6%9B%B4%E5%88%97%E8%A1%A8
WIKI-COUNTY-2014-01-021,2014,CNUR-000087,杭州市,富阳市,富阳区,county_to_district,whole_county,district_scope_jump_county_panel_break,https://zh.wikipedia.org/wiki/2014%E5%B9%B4%E4%B8%AD%E5%8D%8E%E4%BA%BA%E6%B0%91%E5%85%B1%E5%92%8C%E5%9B%BD%E5%8E%BF%E7%BA%A7%E4%BB%A5%E4%B8%8A%E8%A1%8C%E6%94%BF%E5%8C%BA%E5%88%92%E5%8F%98%E6%9B%B4%E5%88%97%E8%A1%A8
WIKI-COUNTY-2014-01-007,2014,CNUR-000121,南平市,建阳市,建阳区,county_to_district,whole_county,district_scope_jump_county_panel_break,https://zh.wikipedia.org/wiki/2014%E5%B9%B4%E4%B8%AD%E5%8D%8E%E4%BA%BA%E6%B0%91%E5%85%B1%E5%92%8C%E5%9B%BD%E5%8E%BF%E7%BA%A7%E4%BB%A5%E4%B8%8A%E8%A1%8C%E6%94%BF%E5%8C%BA%E5%88%92%E5%8F%98%E6%9B%B4%E5%88%97%E8%A1%A8
WIKI-COUNTY-2014-01-023,2014,CNUR-000122,龙岩市,永定县,永定区,county_to_district,whole_county,district_scope_jump_county_panel_break,https://zh.wikipedia.org/wiki/2014%E5%B9%B4%E4%B8%AD%E5%8D%8E%E4%BA%BA%E6%B0%91%E5%85%B1%E5%92%8C%E5%9B%BD%E5%8E%BF%E7%BA%A7%E4%BB%A5%E4%B8%8A%E8%A1%8C%E6%94%BF%E5%8C%BA%E5%88%92%E5%8F%98%E6%9B%B4%E5%88%97%E8%A1%A8
WIKI-COUNTY-2014-01-004,2014,CNUR-000144,威海市,文登市,文登区,county_to_district,whole_county,district_scope_jump_county_panel_break,https://zh.wikipedia.org/wiki/2014%E5%B9%B4%E4%B8%AD%E5%8D%8E%E4%BA%BA%E6%B0%91%E5%85%B1%E5%92%8C%E5%9B%BD%E5%8E%BF%E7%BA%A7%E4%BB%A5%E4%B8%8A%E8%A1%8C%E6%94%BF%E5%8C%BA%E5%88%92%E5%8F%98%E6%9B%B4%E5%88%97%E8%A1%A8
WIKI-COUNTY-2014-01-017,2014,CNUR-000148,德州市,陵县,陵城区,county_to_district,whole_county,district_scope_jump_county_panel_break,https://zh.wikipedia.org/wiki/2014%E5%B9%B4%E4%B8%AD%E5%8D%8E%E4%BA%BA%E6%B0%91%E5%85%B1%E5%92%8C%E5%9B%BD%E5%8E%BF%E7%BA%A7%E4%BB%A5%E4%B8%8A%E8%A1%8C%E6%94%BF%E5%8C%BA%E5%88%92%E5%8F%98%E6%9B%B4%E5%88%97%E8%A1%A8
WIKI-COUNTY-2014-01-011,2014,CNUR-000150,滨州市,沾化县,沾化区,county_to_district,whole_county,district_scope_jump_county_panel_break,https://zh.wikipedia.org/wiki/2014%E5%B9%B4%E4%B8%AD%E5%8D%8E%E4%BA%BA%E6%B0%91%E5%85%B1%E5%92%8C%E5%9B%BD%E5%8E%BF%E7%BA%A7%E4%BB%A5%E4%B8%8A%E8%A1%8C%E6%94%BF%E5%8C%BA%E5%88%92%E5%8F%98%E6%9B%B4%E5%88%97%E8%A1%A8
WIKI-COUNTY-2014-01-013,2014,CNUR-000153,开封市,开封县,祥符区,county_to_district,whole_county,district_scope_jump_county_panel_break,https://zh.wikipedia.org/wiki/2014%E5%B9%B4%E4%B8%AD%E5%8D%8E%E4%BA%BA%E6%B0%91%E5%85%B1%E5%92%8C%E5%9B%BD%E5%8E%BF%E7%BA%A7%E4%BB%A5%E4%B8%8A%E8%A1%8C%E6%94%BF%E5%8C%BA%E5%88%92%E5%8F%98%E6%9B%B4%E5%88%97%E8%A1%A8
WIKI-COUNTY-2014-05-013,2014,CNUR-000153,开封市,龙亭区、金明区,龙亭区,district_other,whole,district_scope_jump,https://zh.wikipedia.org/wiki/2014%E5%B9%B4%E4%B8%AD%E5%8D%8E%E4%BA%BA%E6%B0%91%E5%85%B1%E5%92%8C%E5%9B%BD%E5%8E%BF%E7%BA%A7%E4%BB%A5%E4%B8%8A%E8%A1%8C%E6%94%BF%E5%8C%BA%E5%88%92%E5%8F%98%E6%9B%B4%E5%88%97%E8%A1%A8
WIKI-COUNTY-2014-01-010,2014,CNUR-000171,十堰市,郧县,郧阳区,county_to_district,whole_county,district_scope_jump_county_panel_break,https://zh.wikipedia.org/wiki/2014%E5%B9%B4%E4%B8%AD%E5%8D%8E%E4%BA%BA%E6%B0%91%E5%85%B1%E5%92%8C%E5%9B%BD%E5%8E%BF%E7%BA%A7%E4%BB%A5%E4%B8%8A%E8%A1%8C%E6%94%BF%E5%8C%BA%E5%88%92%E5%8F%98%E6%9B%B4%E5%88%97%E8%A1%A8
WIKI-COUNTY-2014-01-002,2014,CNUR-000196,广州市,从化市,从化区,county_to_district,whole_county,district_scope_jump_county_panel_break,https://zh.wikipedia.org/wiki/2014%E5%B9%B4%E4%B8%AD%E5%8D%8E%E4%BA%BA%E6%B0%91%E5%85%B1%E5%92%8C%E5%9B%BD%E5%8E%BF%E7%BA%A7%E4%BB%A5%E4%B8%8A%E8%A1%8C%E6%94%BF%E5%8C%BA%E5%88%92%E5%8F%98%E6%9B%B4%E5%88%97%E8%A1%A8
WIKI-COUNTY-2014-01-003,2014,CNUR-000196,广州市,增城市,增城区,county_to_district,whole_county,district_scope_jump_county_panel_break,https://zh.wikipedia.org/wiki/2014%E5%B9%B4%E4%B8%AD%E5%8D%8E%E4%BA%BA%E6%B0%91%E5%85%B1%E5%92%8C%E5%9B%BD%E5%8E%BF%E7%BA%A7%E4%BB%A5%E4%B8%8A%E8%A1%8C%E6%94%BF%E5%8C%BA%E5%88%92%E5%8F%98%E6%9B%B4%E5%88%97%E8%A1%A8
WIKI-COUNTY-2014-05-003,2014,CNUR-000196,广州市,黄埔区、萝岗区,黄埔区,district_other,whole,district_scope_jump,https://zh.wikipedia.org/wiki/2014%E5%B9%B4%E4%B8%AD%E5%8D%8E%E4%BA%BA%E6%B0%91%E5%85%B1%E5%92%8C%E5%9B%BD%E5%8E%BF%E7%BA%A7%E4%BB%A5%E4%B8%8A%E8%A1%8C%E6%94%BF%E5%8C%BA%E5%88%92%E5%8F%98%E6%9B%B4%E5%88%97%E8%A1%A8
WIKI-COUNTY-2014-05-004,2014,CNUR-000204,茂名市,茂港区、电白县,电白区,county_to_district,whole_county,district_scope_jump_county_panel_break,https://zh.wikipedia.org/wiki/2014%E5%B9%B4%E4%B8%AD%E5%8D%8E%E4%BA%BA%E6%B0%91%E5%85%B1%E5%92%8C%E5%9B%BD%E5%8E%BF%E7%BA%A7%E4%BB%A5%E4%B8%8A%E8%A1%8C%E6%94%BF%E5%8C%BA%E5%88%92%E5%8F%98%E6%9B%B4%E5%88%97%E8%A1%A8
WIKI-COUNTY-2014-01-019,2014,CNUR-000210,阳江市,阳东县,阳东区,county_to_district,whole_county,district_scope_jump_county_panel_break,https://zh.wikipedia.org/wiki/2014%E5%B9%B4%E4%B8%AD%E5%8D%8E%E4%BA%BA%E6%B0%91%E5%85%B1%E5%92%8C%E5%9B%BD%E5%8E%BF%E7%BA%A7%E4%BB%A5%E4%B8%8A%E8%A1%8C%E6%94%BF%E5%8C%BA%E5%88%92%E5%8F%98%E6%9B%B4%E5%88%97%E8%A1%A8
WIKI-COUNTY-2014-01-012,2014,CNUR-000216,云浮市,云安县,云安区,county_to_district,whole_county,district_scope_jump_county_panel_break,https://zh.wikipedia.org/wiki/2014%E5%B9%B4%E4%B8%AD%E5%8D%8E%E4%BA%BA%E6%B0%91%E5%85%B1%E5%92%8C%E5%9B%BD%E5%8E%BF%E7%BA%A7%E4%BB%A5%E4%B8%8A%E8%A1%8C%E6%94%BF%E5%8C%BA%E5%88%92%E5%8F%98%E6%9B%B4%E5%88%97%E8%A1%A8
WIKI-COUNTY-2014-05-005,2014,CNUR-000232,三亚市,,海棠区,district_other,whole,district_scope_jump,https://zh.wikipedia.org/wiki/2014%E5%B9%B4%E4%B8%AD%E5%8D%8E%E4%BA%BA%E6%B0%91%E5%85%B1%E5%92%8C%E5%9B%BD%E5%8E%BF%E7%BA%A7%E4%BB%A5%E4%B8%8A%E8%A1%8C%E6%94%BF%E5%8C%BA%E5%88%92%E5%8F%98%E6%9B%B4%E5%88%97%E8%A1%A8
WIKI-COUNTY-2014-05-006,2014,CNUR-000232,三亚市,,吉阳区,district_other,whole,district_scope_jump,https://zh.wikipedia.org/wiki/2014%E5%B9%B4%E4%B8%AD%E5%8D%8E%E4%BA%BA%E6%B0%91%E5%85%B1%E5%92%8C%E5%9B%BD%E5%8E%BF%E7%BA%A7%E4%BB%A5%E4%B8%8A%E8%A1%8C%E6%94%BF%E5%8C%BA%E5%88%92%E5%8F%98%E6%9B%B4%E5%88%97%E8%A1%A8
WIKI-COUNTY-2014-05-007,2014,CNUR-000232,三亚市,,天涯区,district_other,whole,district_scope_jump,https://zh.wikipedia.org/wiki/2014%E5%B9%B4%E4%B8%AD%E5%8D%8E%E4%BA%BA%E6%B0%91%E5%85%B1%E5%92%8C%E5%9B%BD%E5%8E%BF%E7%BA%A7%E4%BB%A5%E4%B8%8A%E8%A1%8C%E6%94%BF%E5%8C%BA%E5%88%92%E5%8F%98%E6%9B%B4%E5%88%97%E8%A1%A8
WIKI-COUNTY-2014-05-008,2014,CNUR-000232,三亚市,,崖州区,district_other,whole,district_scope_jump,https://zh.wikipedia.org/wiki/2014%E5%B9%B4%E4%B8%AD%E5%8D%8E%E4%BA%BA%E6%B0%91%E5%85%B1%E5%92%8C%E5%9B%BD%E5%8E%BF%E7%BA%A7%E4%BB%A5%E4%B8%8A%E8%A1%8C%E6%94%BF%E5%8C%BA%E5%88%92%E5%8F%98%E6%9B%B4%E5%88%97%E8%A1%A8
WIKI-COUNTY-2014-01-008,2014,CNUR-000235,重庆市,璧山县,璧山区,county_to_district,whole_county,district_scope_jump_county_panel_break,https://zh.wikipedia.org/wiki/2014%E5%B9%B4%E4%B8%AD%E5%8D%8E%E4%BA%BA%E6%B0%91%E5%85%B1%E5%92%8C%E5%9B%BD%E5%8E%BF%E7%BA%A7%E4%BB%A5%E4%B8%8A%E8%A1%8C%E6%94%BF%E5%8C%BA%E5%88%92%E5%8F%98%E6%9B%B4%E5%88%97%E8%A1%A8
WIKI-COUNTY-2014-01-009,2014,CNUR-000235,重庆市,铜梁县,铜梁区,county_to_district,whole_county,district_scope_jump_county_panel_break,https://zh.wikipedia.org/wiki/2014%E5%B9%B4%E4%B8%AD%E5%8D%8E%E4%BA%BA%E6%B0%91%E5%85%B1%E5%92%8C%E5%9B%BD%E5%8E%BF%E7%BA%A7%E4%BB%A5%E4%B8%8A%E8%A1%8C%E6%94%BF%E5%8C%BA%E5%88%92%E5%8F%98%E6%9B%B4%E5%88%97%E8%A1%A8
WIKI-COUNTY-2014-01-018,2014,CNUR-000247,眉山市,彭山县,彭山区,county_to_district,whole_county,district_scope_jump_county_panel_break,https://zh.wikipedia.org/wiki/2014%E5%B9%B4%E4%B8%AD%E5%8D%8E%E4%BA%BA%E6%B0%91%E5%85%B1%E5%92%8C%E5%9B%BD%E5%8E%BF%E7%BA%A7%E4%BB%A5%E4%B8%8A%E8%A1%8C%E6%94%BF%E5%8C%BA%E5%88%92%E5%8F%98%E6%9B%B4%E5%88%97%E8%A1%A8
WIKI-COUNTY-2014-01-024,2014,CNUR-000260,安顺市,平坝县,平坝区,county_to_district,whole_county,district_scope_jump_county_panel_break,https://zh.wikipedia.org/wiki/2014%E5%B9%B4%E4%B8%AD%E5%8D%8E%E4%BA%BA%E6%B0%91%E5%85%B1%E5%92%8C%E5%9B%BD%E5%8E%BF%E7%BA%A7%E4%BB%A5%E4%B8%8A%E8%A1%8C%E6%94%BF%E5%8C%BA%E5%88%92%E5%8F%98%E6%9B%B4%E5%88%97%E8%A1%A8
WIKI-COUNTY-2014-01-022,2014,CNUR-000289,西安市,高陵县,高陵区,county_to_district,whole_county,district_scope_jump_county_panel_break,https://zh.wikipedia.org/wiki/2014%E5%B9%B4%E4%B8%AD%E5%8D%8E%E4%BA%BA%E6%B0%91%E5%85%B1%E5%92%8C%E5%9B%BD%E5%8E%BF%E7%BA%A7%E4%BB%A5%E4%B8%8A%E8%A1%8C%E6%94%BF%E5%8C%BA%E5%88%92%E5%8F%98%E6%9B%B4%E5%88%97%E8%A1%A8
WIKI-COUNTY-2015-01-019,2015,CNUR-000001,北京市,密云县,密云区,county_to_district,whole_county,district_scope_jump_county_panel_break,https://zh.wikipedia.org/wiki/2015%E5%B9%B4%E4%B8%AD%E5%8D%8E%E4%BA%BA%E6%B0%91%E5%85%B1%E5%92%8C%E5%9B%BD%E5%8E%BF%E7%BA%A7%E4%BB%A5%E4%B8%8A%E8%A1%8C%E6%94%BF%E5%8C%BA%E5%88%92%E5%8F%98%E6%9B%B4%E5%88%97%E8%A1%A8
WIKI-COUNTY-2015-01-020,2015,CNUR-000001,北京市,延庆县,延庆区,county_to_district,whole_county,district_scope_jump_county_panel_break,https://zh.wikipedia.org/wiki/2015%E5%B9%B4%E4%B8%AD%E5%8D%8E%E4%BA%BA%E6%B0%91%E5%85%B1%E5%92%8C%E5%9B%BD%E5%8E%BF%E7%BA%A7%E4%BB%A5%E4%B8%8A%E8%A1%8C%E6%94%BF%E5%8C%BA%E5%88%92%E5%8F%98%E6%9B%B4%E5%88%97%E8%A1%A8
WIKI-COUNTY-2015-01-013,2015,CNUR-000002,天津市,宁河县,宁河区,county_to_district,whole_county,district_scope_jump_county_panel_break,https://zh.wikipedia.org/wiki/2015%E5%B9%B4%E4%B8%AD%E5%8D%8E%E4%BA%BA%E6%B0%91%E5%85%B1%E5%92%8C%E5%9B%BD%E5%8E%BF%E7%BA%A7%E4%BB%A5%E4%B8%8A%E8%A1%8C%E6%94%BF%E5%8C%BA%E5%88%92%E5%8F%98%E6%9B%B4%E5%88%97%E8%A1%A8
WIKI-COUNTY-2015-01-014,2015,CNUR-000002,天津市,静海县,静海区,county_to_district,whole_county,district_scope_jump_county_panel_break,https://zh.wikipedia.org/wiki/2015%E5%B9%B4%E4%B8%AD%E5%8D%8E%E4%BA%BA%E6%B0%91%E5%85%B1%E5%92%8C%E5%9B%BD%E5%8E%BF%E7%BA%A7%E4%BB%A5%E4%B8%8A%E8%A1%8C%E6%94%BF%E5%8C%BA%E5%88%92%E5%8F%98%E6%9B%B4%E5%88%97%E8%A1%A8
WIKI-COUNTY-2015-01-016,2015,CNUR-000005,秦皇岛市,抚宁县,抚宁区,county_to_district,whole_county,district_scope_jump_county_panel_break,https://zh.wikipedia.org/wiki/2015%E5%B9%B4%E4%B8%AD%E5%8D%8E%E4%BA%BA%E6%B0%91%E5%85%B1%E5%92%8C%E5%9B%BD%E5%8E%BF%E7%BA%A7%E4%BB%A5%E4%B8%8A%E8%A1%8C%E6%94%BF%E5%8C%BA%E5%88%92%E5%8F%98%E6%9B%B4%E5%88%97%E8%A1%A8
WIKI-COUNTY-2015-01-006,2015,CNUR-000008,保定市,满城县,满城区,county_to_district,whole_county,district_scope_jump_county_panel_break,https://zh.wikipedia.org/wiki/2015%E5%B9%B4%E4%B8%AD%E5%8D%8E%E4%BA%BA%E6%B0%91%E5%85%B1%E5%92%8C%E5%9B%BD%E5%8E%BF%E7%BA%A7%E4%BB%A5%E4%B8%8A%E8%A1%8C%E6%94%BF%E5%8C%BA%E5%88%92%E5%8F%98%E6%9B%B4%E5%88%97%E8%A1%A8
WIKI-COUNTY-2015-01-007,2015,CNUR-000008,保定市,清苑县,清苑区,county_to_district,whole_county,district_scope_jump_county_panel_break,https://zh.wikipedia.org/wiki/2015%E5%B9%B4%E4%B8%AD%E5%8D%8E%E4%BA%BA%E6%B0%91%E5%85%B1%E5%92%8C%E5%9B%BD%E5%8E%BF%E7%BA%A7%E4%BB%A5%E4%B8%8A%E8%A1%8C%E6%94%BF%E5%8C%BA%E5%88%92%E5%8F%98%E6%9B%B4%E5%88%97%E8%A1%A8
WIKI-COUNTY-2015-01-008,2015,CNUR-000008,保定市,徐水县,徐水区,county_to_district,whole_county,district_scope_jump_county_panel_break,https://zh.wikipedia.org/wiki/2015%E5%B9%B4%E4%B8%AD%E5%8D%8E%E4%BA%BA%E6%B0%91%E5%85%B1%E5%92%8C%E5%9B%BD%E5%8E%BF%E7%BA%A7%E4%BB%A5%E4%B8%8A%E8%A1%8C%E6%94%BF%E5%8C%BA%E5%88%92%E5%8F%98%E6%9B%B4%E5%88%97%E8%A1%A8
WIKI-COUNTY-2015-05-004,2015,CNUR-000008,保定市,北市区、南市区,莲池区,district_other,whole,district_scope_jump,https://zh.wikipedia.org/wiki/2015%E5%B9%B4%E4%B8%AD%E5%8D%8E%E4%BA%BA%E6%B0%91%E5%85%B1%E5%92%8C%E5%9B%BD%E5%8E%BF%E7%BA%A7%E4%BB%A5%E4%B8%8A%E8%A1%8C%E6%94%BF%E5%8C%BA%E5%88%92%E5%8F%98%E6%9B%B4%E5%88%97%E8%A1%A8
WIKI-COUNTY-2015-01-023,2015,CNUR-000038,大连市,普兰店市,普兰店区,county_to_district,whole_county,district_scope_jump_county_panel_break,https://zh.wikipedia.org/wiki/2015%E5%B9%B4%E4%B8%AD%E5%8D%8E%E4%BA%BA%E6%B0%91%E5%85%B1%E5%92%8C%E5%9B%BD%E5%8E%BF%E7%BA%A7%E4%BB%A5%E4%B8%8A%E8%A1%8C%E6%94%BF%E5%8C%BA%E5%88%92%E5%8F%98%E6%9B%B4%E5%88%97%E8%A1%A8
WIKI-COUNTY-2015-05-010,2015,CNUR-000073,上海市,闸北区、静安区,静安区,district_other,whole,district_scope_jump,https://zh.wikipedia.org/wiki/2015%E5%B9%B4%E4%B8%AD%E5%8D%8E%E4%BA%BA%E6%B0%91%E5%85%B1%E5%92%8C%E5%9B%BD%E5%8E%BF%E7%BA%A7%E4%BB%A5%E4%B8%8A%E8%A1%8C%E6%94%BF%E5%8C%BA%E5%88%92%E5%8F%98%E6%9B%B4%E5%88%97%E8%A1%A8
WIKI-COUNTY-2015-05-011,2015,CNUR-000075,无锡市,崇安区、南长区、北塘区,梁溪区,district_other,whole,district_scope_jump,https://zh.wikipedia.org/wiki/2015%E5%B9%B4%E4%B8%AD%E5%8D%8E%E4%BA%BA%E6%B0%91%E5%85%B1%E5%92%8C%E5%9B%BD%E5%8E%BF%E7%BA%A7%E4%BB%A5%E4%B8%8A%E8%A1%8C%E6%94%BF%E5%8C%BA%E5%88%92%E5%8F%98%E6%9B%B4%E5%88%97%E8%A1%A8
WIKI-COUNTY-2015-05-012,2015,CNUR-000075,无锡市,,新吴区,district_transfer,partial,district_internal_adjust,https://zh.wikipedia.org/wiki/2015%E5%B9%B4%E4%B8%AD%E5%8D%8E%E4%BA%BA%E6%B0%91%E5%85%B1%E5%92%8C%E5%9B%BD%E5%8E%BF%E7%BA%A7%E4%BB%A5%E4%B8%8A%E8%A1%8C%E6%94%BF%E5%8C%BA%E5%88%92%E5%8F%98%E6%9B%B4%E5%88%97%E8%A1%A8
WIKI-COUNTY-2015-01-011,2015,CNUR-000077,常州市,金坛市,金坛区,county_to_district,whole_county,district_scope_jump_county_panel_break,https://zh.wikipedia.org/wiki/2015%E5%B9%B4%E4%B8%AD%E5%8D%8E%E4%BA%BA%E6%B0%91%E5%85%B1%E5%92%8C%E5%9B%BD%E5%8E%BF%E7%BA%A7%E4%BB%A5%E4%B8%8A%E8%A1%8C%E6%94%BF%E5%8C%BA%E5%88%92%E5%8F%98%E6%9B%B4%E5%88%97%E8%A1%A8
WIKI-COUNTY-2015-05-006,2015,CNUR-000077,常州市,武进区、戚墅堰区,武进区,district_transfer,partial,district_internal_adjust,https://zh.wikipedia.org/wiki/2015%E5%B9%B4%E4%B8%AD%E5%8D%8E%E4%BA%BA%E6%B0%91%E5%85%B1%E5%92%8C%E5%9B%BD%E5%8E%BF%E7%BA%A7%E4%BB%A5%E4%B8%8A%E8%A1%8C%E6%94%BF%E5%8C%BA%E5%88%92%E5%8F%98%E6%9B%B4%E5%88%97%E8%A1%A8
WIKI-COUNTY-2015-01-015,2015,CNUR-000082,盐城市,大丰市,大丰区,county_to_district,whole_county,district_scope_jump_county_panel_break,https://zh.wikipedia.org/wiki/2015%E5%B9%B4%E4%B8%AD%E5%8D%8E%E4%BA%BA%E6%B0%91%E5%85%B1%E5%92%8C%E5%9B%BD%E5%8E%BF%E7%BA%A7%E4%BB%A5%E4%B8%8A%E8%A1%8C%E6%94%BF%E5%8C%BA%E5%88%92%E5%8F%98%E6%9B%B4%E5%88%97%E8%A1%A8
WIKI-COUNTY-2015-01-017,2015,CNUR-000089,温州市,洞头县,洞头区,county_to_district,whole_county,district_scope_jump_county_panel_break,https://zh.wikipedia.org/wiki/2015%E5%B9%B4%E4%B8%AD%E5%8D%8E%E4%BA%BA%E6%B0%91%E5%85%B1%E5%92%8C%E5%9B%BD%E5%8E%BF%E7%BA%A7%E4%BB%A5%E4%B8%8A%E8%A1%8C%E6%94%BF%E5%8C%BA%E5%88%92%E5%8F%98%E6%9B%B4%E5%88%97%E8%A1%A8
WIKI-COUNTY-2015-01-024,2015,CNUR-000104,铜陵市,铜陵县,义安区,county_to_district,whole_county,district_scope_jump_county_panel_break,https://zh.wikipedia.org/wiki/2015%E5%B9%B4%E4%B8%AD%E5%8D%8E%E4%BA%BA%E6%B0%91%E5%85%B1%E5%92%8C%E5%9B%BD%E5%8E%BF%E7%BA%A7%E4%BB%A5%E4%B8%8A%E8%A1%8C%E6%94%BF%E5%8C%BA%E5%88%92%E5%8F%98%E6%9B%B4%E5%88%97%E8%A1%A8
WIKI-COUNTY-2015-05-008,2015,CNUR-000104,铜陵市,铜官山区、狮子山区,铜官区,district_other,whole,district_scope_jump,https://zh.wikipedia.org/wiki/2015%E5%B9%B4%E4%B8%AD%E5%8D%8E%E4%BA%BA%E6%B0%91%E5%85%B1%E5%92%8C%E5%9B%BD%E5%8E%BF%E7%BA%A7%E4%BB%A5%E4%B8%8A%E8%A1%8C%E6%94%BF%E5%8C%BA%E5%88%92%E5%8F%98%E6%9B%B4%E5%88%97%E8%A1%A8
WIKI-COUNTY-2015-05-009,2015,CNUR-000111,六安市,,叶集区,district_transfer,partial,district_internal_adjust,https://zh.wikipedia.org/wiki/2015%E5%B9%B4%E4%B8%AD%E5%8D%8E%E4%BA%BA%E6%B0%91%E5%85%B1%E5%92%8C%E5%9B%BD%E5%8E%BF%E7%BA%A7%E4%BB%A5%E4%B8%8A%E8%A1%8C%E6%94%BF%E5%8C%BA%E5%88%92%E5%8F%98%E6%9B%B4%E5%88%97%E8%A1%A8
WIKI-COUNTY-2015-01-018,2015,CNUR-000124,南昌市,新建县,新建区,county_to_district,whole_county,district_scope_jump_county_panel_break,https://zh.wikipedia.org/wiki/2015%E5%B9%B4%E4%B8%AD%E5%8D%8E%E4%BA%BA%E6%B0%91%E5%85%B1%E5%92%8C%E5%9B%BD%E5%8E%BF%E7%BA%A7%E4%BB%A5%E4%B8%8A%E8%A1%8C%E6%94%BF%E5%8C%BA%E5%88%92%E5%8F%98%E6%9B%B4%E5%88%97%E8%A1%A8
WIKI-COUNTY-2015-01-003,2015,CNUR-000134,上饶市,广丰县,广丰区,county_to_district,whole_county,district_scope_jump_county_panel_break,https://zh.wikipedia.org/wiki/2015%E5%B9%B4%E4%B8%AD%E5%8D%8E%E4%BA%BA%E6%B0%91%E5%85%B1%E5%92%8C%E5%9B%BD%E5%8E%BF%E7%BA%A7%E4%BB%A5%E4%B8%8A%E8%A1%8C%E6%94%BF%E5%8C%BA%E5%88%92%E5%8F%98%E6%9B%B4%E5%88%97%E8%A1%A8
WIKI-COUNTY-2015-01-005,2015,CNUR-000163,三门峡市,陕县,陕州区,county_to_district,whole_county,district_scope_jump_county_panel_break,https://zh.wikipedia.org/wiki/2015%E5%B9%B4%E4%B8%AD%E5%8D%8E%E4%BA%BA%E6%B0%91%E5%85%B1%E5%92%8C%E5%9B%BD%E5%8E%BF%E7%BA%A7%E4%BB%A5%E4%B8%8A%E8%A1%8C%E6%94%BF%E5%8C%BA%E5%88%92%E5%8F%98%E6%9B%B4%E5%88%97%E8%A1%A8
WIKI-COUNTY-2015-01-012,2015,CNUR-000205,肇庆市,高要市,高要区,county_to_district,whole_county,district_scope_jump_county_panel_break,https://zh.wikipedia.org/wiki/2015%E5%B9%B4%E4%B8%AD%E5%8D%8E%E4%BA%BA%E6%B0%91%E5%85%B1%E5%92%8C%E5%9B%BD%E5%8E%BF%E7%BA%A7%E4%BB%A5%E4%B8%8A%E8%A1%8C%E6%94%BF%E5%8C%BA%E5%88%92%E5%8F%98%E6%9B%B4%E5%88%97%E8%A1%A8
WIKI-COUNTY-2015-01-002,2015,CNUR-000217,南宁市,武鸣县,武鸣区,county_to_district,whole_county,district_scope_jump_county_panel_break,https://zh.wikipedia.org/wiki/2015%E5%B9%B4%E4%B8%AD%E5%8D%8E%E4%BA%BA%E6%B0%91%E5%85%B1%E5%92%8C%E5%9B%BD%E5%8E%BF%E7%BA%A7%E4%BB%A5%E4%B8%8A%E8%A1%8C%E6%94%BF%E5%8C%BA%E5%88%92%E5%8F%98%E6%9B%B4%E5%88%97%E8%A1%A8
WIKI-COUNTY-2015-01-009,2015,CNUR-000235,重庆市,潼南县,潼南区,county_to_district,whole_county,district_scope_jump_county_panel_break,https://zh.wikipedia.org/wiki/2015%E5%B9%B4%E4%B8%AD%E5%8D%8E%E4%BA%BA%E6%B0%91%E5%85%B1%E5%92%8C%E5%9B%BD%E5%8E%BF%E7%BA%A7%E4%BB%A5%E4%B8%8A%E8%A1%8C%E6%94%BF%E5%8C%BA%E5%88%92%E5%8F%98%E6%9B%B4%E5%88%97%E8%A1%A8
WIKI-COUNTY-2015-01-010,2015,CNUR-000235,重庆市,荣昌县,荣昌区,county_to_district,whole_county,district_scope_jump_county_panel_break,https://zh.wikipedia.org/wiki/2015%E5%B9%B4%E4%B8%AD%E5%8D%8E%E4%BA%BA%E6%B0%91%E5%85%B1%E5%92%8C%E5%9B%BD%E5%8E%BF%E7%BA%A7%E4%BB%A5%E4%B8%8A%E8%A1%8C%E6%94%BF%E5%8C%BA%E5%88%92%E5%8F%98%E6%9B%B4%E5%88%97%E8%A1%A8
WIKI-COUNTY-2015-01-025,2015,CNUR-000236,成都市,双流县,双流区,county_to_district,whole_county,district_scope_jump_county_panel_break,https://zh.wikipedia.org/wiki/2015%E5%B9%B4%E4%B8%AD%E5%8D%8E%E4%BA%BA%E6%B0%91%E5%85%B1%E5%92%8C%E5%9B%BD%E5%8E%BF%E7%BA%A7%E4%BB%A5%E4%B8%8A%E8%A1%8C%E6%94%BF%E5%8C%BA%E5%88%92%E5%8F%98%E6%9B%B4%E5%88%97%E8%A1%A8
WIKI-COUNTY-2015-01-026,2015,CNUR-000268,玉溪市,江川县,江川区,county_to_district,whole_county,district_scope_jump_county_panel_break,https://zh.wikipedia.org/wiki/2015%E5%B9%B4%E4%B8%AD%E5%8D%8E%E4%BA%BA%E6%B0%91%E5%85%B1%E5%92%8C%E5%9B%BD%E5%8E%BF%E7%BA%A7%E4%BB%A5%E4%B8%8A%E8%A1%8C%E6%94%BF%E5%8C%BA%E5%88%92%E5%8F%98%E6%9B%B4%E5%88%97%E8%A1%A8
WIKI-COUNTY-2015-01-021,2015,CNUR-000282,拉萨市,堆龙德庆县,堆龙德庆区,county_to_district,whole_county,district_scope_jump_county_panel_break,https://zh.wikipedia.org/wiki/2015%E5%B9%B4%E4%B8%AD%E5%8D%8E%E4%BA%BA%E6%B0%91%E5%85%B1%E5%92%8C%E5%9B%BD%E5%8E%BF%E7%BA%A7%E4%BB%A5%E4%B8%8A%E8%A1%8C%E6%94%BF%E5%8C%BA%E5%88%92%E5%8F%98%E6%9B%B4%E5%88%97%E8%A1%A8
WIKI-COUNTY-2015-01-022,2015,CNUR-000293,渭南市,华县,华州区,county_to_district,whole_county,district_scope_jump_county_panel_break,https://zh.wikipedia.org/wiki/2015%E5%B9%B4%E4%B8%AD%E5%8D%8E%E4%BA%BA%E6%B0%91%E5%85%B1%E5%92%8C%E5%9B%BD%E5%8E%BF%E7%BA%A7%E4%BB%A5%E4%B8%8A%E8%A1%8C%E6%94%BF%E5%8C%BA%E5%88%92%E5%8F%98%E6%9B%B4%E5%88%97%E8%A1%A8
WIKI-COUNTY-2015-01-027,2015,CNUR-000296,榆林市,横山县,横山区,county_to_district,whole_county,district_scope_jump_county_panel_break,https://zh.wikipedia.org/wiki/2015%E5%B9%B4%E4%B8%AD%E5%8D%8E%E4%BA%BA%E6%B0%91%E5%85%B1%E5%92%8C%E5%9B%BD%E5%8E%BF%E7%BA%A7%E4%BB%A5%E4%B8%8A%E8%A1%8C%E6%94%BF%E5%8C%BA%E5%88%92%E5%8F%98%E6%9B%B4%E5%88%97%E8%A1%A8
WIKI-COUNTY-2015-01-004,2015,CNUR-000314,海东市,平安县,平安区,county_to_district,whole_county,district_scope_jump_county_panel_break,https://zh.wikipedia.org/wiki/2015%E5%B9%B4%E4%B8%AD%E5%8D%8E%E4%BA%BA%E6%B0%91%E5%85%B1%E5%92%8C%E5%9B%BD%E5%8E%BF%E7%BA%A7%E4%BB%A5%E4%B8%8A%E8%A1%8C%E6%94%BF%E5%8C%BA%E5%88%92%E5%8F%98%E6%9B%B4%E5%88%97%E8%A1%A8
WIKI-COUNTY-2016-01-012,2016,CNUR-000002,天津市,蓟县,蓟州区,county_to_district,whole_county,district_scope_jump_county_panel_break,https://zh.wikipedia.org/wiki/2016%E5%B9%B4%E4%B8%AD%E5%8D%8E%E4%BA%BA%E6%B0%91%E5%85%B1%E5%92%8C%E5%9B%BD%E5%8E%BF%E7%BA%A7%E4%BB%A5%E4%B8%8A%E8%A1%8C%E6%94%BF%E5%8C%BA%E5%88%92%E5%8F%98%E6%9B%B4%E5%88%97%E8%A1%A8
WIKI-COUNTY-2016-01-020,2016,CNUR-000006,邯郸市,肥乡县,肥乡区,county_to_district,whole_county,district_scope_jump_county_panel_break,https://zh.wikipedia.org/wiki/2016%E5%B9%B4%E4%B8%AD%E5%8D%8E%E4%BA%BA%E6%B0%91%E5%85%B1%E5%92%8C%E5%9B%BD%E5%8E%BF%E7%BA%A7%E4%BB%A5%E4%B8%8A%E8%A1%8C%E6%94%BF%E5%8C%BA%E5%88%92%E5%8F%98%E6%9B%B4%E5%88%97%E8%A1%A8
WIKI-COUNTY-2016-01-021,2016,CNUR-000006,邯郸市,永年县,永年区,county_to_district,whole_county,district_scope_jump_county_panel_break,https://zh.wikipedia.org/wiki/2016%E5%B9%B4%E4%B8%AD%E5%8D%8E%E4%BA%BA%E6%B0%91%E5%85%B1%E5%92%8C%E5%9B%BD%E5%8E%BF%E7%BA%A7%E4%BB%A5%E4%B8%8A%E8%A1%8C%E6%94%BF%E5%8C%BA%E5%88%92%E5%8F%98%E6%9B%B4%E5%88%97%E8%A1%A8
WIKI-COUNTY-2016-05-002,2016,CNUR-000006,邯郸市,磁县,邯山区,county_to_district,whole_county,district_scope_jump_county_panel_break,https://zh.wikipedia.org/wiki/2016%E5%B9%B4%E4%B8%AD%E5%8D%8E%E4%BA%BA%E6%B0%91%E5%85%B1%E5%92%8C%E5%9B%BD%E5%8E%BF%E7%BA%A7%E4%BB%A5%E4%B8%8A%E8%A1%8C%E6%94%BF%E5%8C%BA%E5%88%92%E5%8F%98%E6%9B%B4%E5%88%97%E8%A1%A8
WIKI-COUNTY-2016-01-002,2016,CNUR-000009,张家口市,万全县,万全区,county_to_district,whole_county,district_scope_jump_county_panel_break,https://zh.wikipedia.org/wiki/2016%E5%B9%B4%E4%B8%AD%E5%8D%8E%E4%BA%BA%E6%B0%91%E5%85%B1%E5%92%8C%E5%9B%BD%E5%8E%BF%E7%BA%A7%E4%BB%A5%E4%B8%8A%E8%A1%8C%E6%94%BF%E5%8C%BA%E5%88%92%E5%8F%98%E6%9B%B4%E5%88%97%E8%A1%A8
WIKI-COUNTY-2016-01-003,2016,CNUR-000009,张家口市,崇礼县,崇礼区,county_to_district,whole_county,district_scope_jump_county_panel_break,https://zh.wikipedia.org/wiki/2016%E5%B9%B4%E4%B8%AD%E5%8D%8E%E4%BA%BA%E6%B0%91%E5%85%B1%E5%92%8C%E5%9B%BD%E5%8E%BF%E7%BA%A7%E4%BB%A5%E4%B8%8A%E8%A1%8C%E6%94%BF%E5%8C%BA%E5%88%92%E5%8F%98%E6%9B%B4%E5%88%97%E8%A1%A8
WIKI-COUNTY-2016-03-002,2016,CNUR-000009,张家口市,宣化区、宣化县,宣化区,county_to_district,whole_county,district_scope_jump_county_panel_break,https://zh.wikipedia.org/wiki/2016%E5%B9%B4%E4%B8%AD%E5%8D%8E%E4%BA%BA%E6%B0%91%E5%85%B1%E5%92%8C%E5%9B%BD%E5%8E%BF%E7%BA%A7%E4%BB%A5%E4%B8%8A%E8%A1%8C%E6%94%BF%E5%8C%BA%E5%88%92%E5%8F%98%E6%9B%B4%E5%88%97%E8%A1%A8
WIKI-COUNTY-2016-01-015,2016,CNUR-000013,衡水市,冀州市,冀州区,county_to_district,whole_county,district_scope_jump_county_panel_break,https://zh.wikipedia.org/wiki/2016%E5%B9%B4%E4%B8%AD%E5%8D%8E%E4%BA%BA%E6%B0%91%E5%85%B1%E5%92%8C%E5%9B%BD%E5%8E%BF%E7%BA%A7%E4%BB%A5%E4%B8%8A%E8%A1%8C%E6%94%BF%E5%8C%BA%E5%88%92%E5%8F%98%E6%9B%B4%E5%88%97%E8%A1%A8
WIKI-COUNTY-2016-07-006,2016,CNUR-000030,鄂尔多斯市,,康巴什区,district_transfer,partial,district_internal_adjust,https://zh.wikipedia.org/wiki/2016%E5%B9%B4%E4%B8%AD%E5%8D%8E%E4%BA%BA%E6%B0%91%E5%85%B1%E5%92%8C%E5%9B%BD%E5%8E%BF%E7%BA%A7%E4%BB%A5%E4%B8%8A%E8%A1%8C%E6%94%BF%E5%8C%BA%E5%88%92%E5%8F%98%E6%9B%B4%E5%88%97%E8%A1%A8
WIKI-COUNTY-2016-01-004,2016,CNUR-000037,沈阳市,辽中县,辽中区,county_to_district,whole_county,district_scope_jump_county_panel_break,https://zh.wikipedia.org/wiki/2016%E5%B9%B4%E4%B8%AD%E5%8D%8E%E4%BA%BA%E6%B0%91%E5%85%B1%E5%92%8C%E5%9B%BD%E5%8E%BF%E7%BA%A7%E4%BB%A5%E4%B8%8A%E8%A1%8C%E6%94%BF%E5%8C%BA%E5%88%92%E5%8F%98%E6%9B%B4%E5%88%97%E8%A1%A8
WIKI-COUNTY-2016-01-006,2016,CNUR-000047,盘锦市,大洼县,大洼区,county_to_district,whole_county,district_scope_jump_county_panel_break,https://zh.wikipedia.org/wiki/2016%E5%B9%B4%E4%B8%AD%E5%8D%8E%E4%BA%BA%E6%B0%91%E5%85%B1%E5%92%8C%E5%9B%BD%E5%8E%BF%E7%BA%A7%E4%BB%A5%E4%B8%8A%E8%A1%8C%E6%94%BF%E5%8C%BA%E5%88%92%E5%8F%98%E6%9B%B4%E5%88%97%E8%A1%A8
WIKI-COUNTY-2016-01-011,2016,CNUR-000073,上海市,崇明县,崇明区,county_to_district,whole_county,district_scope_jump_county_panel_break,https://zh.wikipedia.org/wiki/2016%E5%B9%B4%E4%B8%AD%E5%8D%8E%E4%BA%BA%E6%B0%91%E5%85%B1%E5%92%8C%E5%9B%BD%E5%8E%BF%E7%BA%A7%E4%BB%A5%E4%B8%8A%E8%A1%8C%E6%94%BF%E5%8C%BA%E5%88%92%E5%8F%98%E6%9B%B4%E5%88%97%E8%A1%A8
WIKI-COUNTY-2016-01-014,2016,CNUR-000081,淮安市,洪泽县,洪泽区,county_to_district,whole_county,district_scope_jump_county_panel_break,https://zh.wikipedia.org/wiki/2016%E5%B9%B4%E4%B8%AD%E5%8D%8E%E4%BA%BA%E6%B0%91%E5%85%B1%E5%92%8C%E5%9B%BD%E5%8E%BF%E7%BA%A7%E4%BB%A5%E4%B8%8A%E8%A1%8C%E6%94%BF%E5%8C%BA%E5%88%92%E5%8F%98%E6%9B%B4%E5%88%97%E8%A1%A8
WIKI-COUNTY-2016-03-003,2016,CNUR-000081,淮安市,清河区、清浦区,清江浦区,district_merge,whole,district_merge_aggregate_safe,https://zh.wikipedia.org/wiki/2016%E5%B9%B4%E4%B8%AD%E5%8D%8E%E4%BA%BA%E6%B0%91%E5%85%B1%E5%92%8C%E5%9B%BD%E5%8E%BF%E7%BA%A7%E4%BB%A5%E4%B8%8A%E8%A1%8C%E6%94%BF%E5%8C%BA%E5%88%92%E5%8F%98%E6%9B%B4%E5%88%97%E8%A1%A8
WIKI-COUNTY-2016-01-022,2016,CNUR-000088,宁波市,奉化市,奉化区,county_to_district,whole_county,district_scope_jump_county_panel_break,https://zh.wikipedia.org/wiki/2016%E5%B9%B4%E4%B8%AD%E5%8D%8E%E4%BA%BA%E6%B0%91%E5%85%B1%E5%92%8C%E5%9B%BD%E5%8E%BF%E7%BA%A7%E4%BB%A5%E4%B8%8A%E8%A1%8C%E6%94%BF%E5%8C%BA%E5%88%92%E5%8F%98%E6%9B%B4%E5%88%97%E8%A1%A8
WIKI-COUNTY-2016-03-004,2016,CNUR-000088,宁波市,鄞州区、江东区,鄞州区,district_transfer,partial,district_internal_adjust,https://zh.wikipedia.org/wiki/2016%E5%B9%B4%E4%B8%AD%E5%8D%8E%E4%BA%BA%E6%B0%91%E5%85%B1%E5%92%8C%E5%9B%BD%E5%8E%BF%E7%BA%A7%E4%BB%A5%E4%B8%8A%E8%A1%8C%E6%94%BF%E5%8C%BA%E5%88%92%E5%8F%98%E6%9B%B4%E5%88%97%E8%A1%A8
WIKI-COUNTY-2016-05-003,2016,CNUR-000088,宁波市,鄞州区,海曙区,district_transfer,partial,district_internal_adjust,https://zh.wikipedia.org/wiki/2016%E5%B9%B4%E4%B8%AD%E5%8D%8E%E4%BA%BA%E6%B0%91%E5%85%B1%E5%92%8C%E5%9B%BD%E5%8E%BF%E7%BA%A7%E4%BB%A5%E4%B8%8A%E8%A1%8C%E6%94%BF%E5%8C%BA%E5%88%92%E5%8F%98%E6%9B%B4%E5%88%97%E8%A1%A8
WIKI-COUNTY-2016-01-019,2016,CNUR-000130,赣州市,赣县,赣县区,county_to_district,whole_county,district_scope_jump_county_panel_break,https://zh.wikipedia.org/wiki/2016%E5%B9%B4%E4%B8%AD%E5%8D%8E%E4%BA%BA%E6%B0%91%E5%85%B1%E5%92%8C%E5%9B%BD%E5%8E%BF%E7%BA%A7%E4%BB%A5%E4%B8%8A%E8%A1%8C%E6%94%BF%E5%8C%BA%E5%88%92%E5%8F%98%E6%9B%B4%E5%88%97%E8%A1%A8
WIKI-COUNTY-2016-01-030,2016,CNUR-000133,抚州市,东乡县,东乡区,county_to_district,whole_county,district_scope_jump_county_panel_break,https://zh.wikipedia.org/wiki/2016%E5%B9%B4%E4%B8%AD%E5%8D%8E%E4%BA%BA%E6%B0%91%E5%85%B1%E5%92%8C%E5%9B%BD%E5%8E%BF%E7%BA%A7%E4%BB%A5%E4%B8%8A%E8%A1%8C%E6%94%BF%E5%8C%BA%E5%88%92%E5%8F%98%E6%9B%B4%E5%88%97%E8%A1%A8
WIKI-COUNTY-2016-01-018,2016,CNUR-000135,济南市,章丘市,章丘区,county_to_district,whole_county,district_scope_jump_county_panel_break,https://zh.wikipedia.org/wiki/2016%E5%B9%B4%E4%B8%AD%E5%8D%8E%E4%BA%BA%E6%B0%91%E5%85%B1%E5%92%8C%E5%9B%BD%E5%8E%BF%E7%BA%A7%E4%BB%A5%E4%B8%8A%E8%A1%8C%E6%94%BF%E5%8C%BA%E5%88%92%E5%8F%98%E6%9B%B4%E5%88%97%E8%A1%A8
WIKI-COUNTY-2016-01-017,2016,CNUR-000139,东营市,垦利县,垦利区,county_to_district,whole_county,district_scope_jump_county_panel_break,https://zh.wikipedia.org/wiki/2016%E5%B9%B4%E4%B8%AD%E5%8D%8E%E4%BA%BA%E6%B0%91%E5%85%B1%E5%92%8C%E5%9B%BD%E5%8E%BF%E7%BA%A7%E4%BB%A5%E4%B8%8A%E8%A1%8C%E6%94%BF%E5%8C%BA%E5%88%92%E5%8F%98%E6%9B%B4%E5%88%97%E8%A1%A8
WIKI-COUNTY-2016-01-005,2016,CNUR-000151,菏泽市,定陶县,定陶区,county_to_district,whole_county,district_scope_jump_county_panel_break,https://zh.wikipedia.org/wiki/2016%E5%B9%B4%E4%B8%AD%E5%8D%8E%E4%BA%BA%E6%B0%91%E5%85%B1%E5%92%8C%E5%9B%BD%E5%8E%BF%E7%BA%A7%E4%BB%A5%E4%B8%8A%E8%A1%8C%E6%94%BF%E5%8C%BA%E5%88%92%E5%8F%98%E6%9B%B4%E5%88%97%E8%A1%A8
WIKI-COUNTY-2016-01-028,2016,CNUR-000161,许昌市,许昌县,建安区,county_to_district,whole_county,district_scope_jump_county_panel_break,https://zh.wikipedia.org/wiki/2016%E5%B9%B4%E4%B8%AD%E5%8D%8E%E4%BA%BA%E6%B0%91%E5%85%B1%E5%92%8C%E5%9B%BD%E5%8E%BF%E7%BA%A7%E4%BB%A5%E4%B8%8A%E8%A1%8C%E6%94%BF%E5%8C%BA%E5%88%92%E5%8F%98%E6%9B%B4%E5%88%97%E8%A1%A8
WIKI-COUNTY-2016-07-007,2016,CNUR-000198,深圳市,,龙华区,district_transfer,partial,district_internal_adjust,https://zh.wikipedia.org/wiki/2016%E5%B9%B4%E4%B8%AD%E5%8D%8E%E4%BA%BA%E6%B0%91%E5%85%B1%E5%92%8C%E5%9B%BD%E5%8E%BF%E7%BA%A7%E4%BB%A5%E4%B8%8A%E8%A1%8C%E6%94%BF%E5%8C%BA%E5%88%92%E5%8F%98%E6%9B%B4%E5%88%97%E8%A1%A8
WIKI-COUNTY-2016-07-008,2016,CNUR-000198,深圳市,,坪山区,district_transfer,partial,district_internal_adjust,https://zh.wikipedia.org/wiki/2016%E5%B9%B4%E4%B8%AD%E5%8D%8E%E4%BA%BA%E6%B0%91%E5%85%B1%E5%92%8C%E5%9B%BD%E5%8E%BF%E7%BA%A7%E4%BB%A5%E4%B8%8A%E8%A1%8C%E6%94%BF%E5%8C%BA%E5%88%92%E5%8F%98%E6%9B%B4%E5%88%97%E8%A1%A8
WIKI-COUNTY-2016-01-008,2016,CNUR-000218,柳州市,柳江县,柳江区,county_to_district,whole_county,district_scope_jump_county_panel_break,https://zh.wikipedia.org/wiki/2016%E5%B9%B4%E4%B8%AD%E5%8D%8E%E4%BA%BA%E6%B0%91%E5%85%B1%E5%92%8C%E5%9B%BD%E5%8E%BF%E7%BA%A7%E4%BB%A5%E4%B8%8A%E8%A1%8C%E6%94%BF%E5%8C%BA%E5%88%92%E5%8F%98%E6%9B%B4%E5%88%97%E8%A1%A8
WIKI-COUNTY-2016-07-005,2016,CNUR-000227,贺州市,,平桂区,district_transfer,partial,district_internal_adjust,https://zh.wikipedia.org/wiki/2016%E5%B9%B4%E4%B8%AD%E5%8D%8E%E4%BA%BA%E6%B0%91%E5%85%B1%E5%92%8C%E5%9B%BD%E5%8E%BF%E7%BA%A7%E4%BB%A5%E4%B8%8A%E8%A1%8C%E6%94%BF%E5%8C%BA%E5%88%92%E5%8F%98%E6%9B%B4%E5%88%97%E8%A1%A8
WIKI-COUNTY-2016-01-029,2016,CNUR-000228,河池市,,宜州区,district_other,whole,district_scope_jump,https://zh.wikipedia.org/wiki/2016%E5%B9%B4%E4%B8%AD%E5%8D%8E%E4%BA%BA%E6%B0%91%E5%85%B1%E5%92%8C%E5%9B%BD%E5%8E%BF%E7%BA%A7%E4%BB%A5%E4%B8%8A%E8%A1%8C%E6%94%BF%E5%8C%BA%E5%88%92%E5%8F%98%E6%9B%B4%E5%88%97%E8%A1%A8
WIKI-COUNTY-2016-01-013,2016,CNUR-000235,重庆市,开县,开州区,county_to_district,whole_county,district_scope_jump_county_panel_break,https://zh.wikipedia.org/wiki/2016%E5%B9%B4%E4%B8%AD%E5%8D%8E%E4%BA%BA%E6%B0%91%E5%85%B1%E5%92%8C%E5%9B%BD%E5%8E%BF%E7%BA%A7%E4%BB%A5%E4%B8%8A%E8%A1%8C%E6%94%BF%E5%8C%BA%E5%88%92%E5%8F%98%E6%9B%B4%E5%88%97%E8%A1%A8
WIKI-COUNTY-2016-01-023,2016,CNUR-000235,重庆市,梁平县,梁平区,county_to_district,whole_county,district_scope_jump_county_panel_break,https://zh.wikipedia.org/wiki/2016%E5%B9%B4%E4%B8%AD%E5%8D%8E%E4%BA%BA%E6%B0%91%E5%85%B1%E5%92%8C%E5%9B%BD%E5%8E%BF%E7%BA%A7%E4%BB%A5%E4%B8%8A%E8%A1%8C%E6%94%BF%E5%8C%BA%E5%88%92%E5%8F%98%E6%9B%B4%E5%88%97%E8%A1%A8
WIKI-COUNTY-2016-01-024,2016,CNUR-000235,重庆市,武隆县,武隆区,county_to_district,whole_county,district_scope_jump_county_panel_break,https://zh.wikipedia.org/wiki/2016%E5%B9%B4%E4%B8%AD%E5%8D%8E%E4%BA%BA%E6%B0%91%E5%85%B1%E5%92%8C%E5%9B%BD%E5%8E%BF%E7%BA%A7%E4%BB%A5%E4%B8%8A%E8%A1%8C%E6%94%BF%E5%8C%BA%E5%88%92%E5%8F%98%E6%9B%B4%E5%88%97%E8%A1%A8
WIKI-COUNTY-2016-01-025,2016,CNUR-000236,成都市,郫县,郫都区,county_to_district,whole_county,district_scope_jump_county_panel_break,https://zh.wikipedia.org/wiki/2016%E5%B9%B4%E4%B8%AD%E5%8D%8E%E4%BA%BA%E6%B0%91%E5%85%B1%E5%92%8C%E5%9B%BD%E5%8E%BF%E7%BA%A7%E4%BB%A5%E4%B8%8A%E8%A1%8C%E6%94%BF%E5%8C%BA%E5%88%92%E5%8F%98%E6%9B%B4%E5%88%97%E8%A1%A8
WIKI-COUNTY-2016-01-010,2016,CNUR-000241,绵阳市,安县,安州区,county_to_district,whole_county,district_scope_jump_county_panel_break,https://zh.wikipedia.org/wiki/2016%E5%B9%B4%E4%B8%AD%E5%8D%8E%E4%BA%BA%E6%B0%91%E5%85%B1%E5%92%8C%E5%9B%BD%E5%8E%BF%E7%BA%A7%E4%BB%A5%E4%B8%8A%E8%A1%8C%E6%94%BF%E5%8C%BA%E5%88%92%E5%8F%98%E6%9B%B4%E5%88%97%E8%A1%A8
WIKI-COUNTY-2016-01-009,2016,CNUR-000259,遵义市,遵义县,播州区,county_to_district,whole_county,district_scope_jump_county_panel_break,https://zh.wikipedia.org/wiki/2016%E5%B9%B4%E4%B8%AD%E5%8D%8E%E4%BA%BA%E6%B0%91%E5%85%B1%E5%92%8C%E5%9B%BD%E5%8E%BF%E7%BA%A7%E4%BB%A5%E4%B8%8A%E8%A1%8C%E6%94%BF%E5%8C%BA%E5%88%92%E5%8F%98%E6%9B%B4%E5%88%97%E8%A1%A8
WIKI-COUNTY-2016-01-026,2016,CNUR-000266,昆明市,晋宁县,晋宁区,county_to_district,whole_county,district_scope_jump_county_panel_break,https://zh.wikipedia.org/wiki/2016%E5%B9%B4%E4%B8%AD%E5%8D%8E%E4%BA%BA%E6%B0%91%E5%85%B1%E5%92%8C%E5%9B%BD%E5%8E%BF%E7%BA%A7%E4%BB%A5%E4%B8%8A%E8%A1%8C%E6%94%BF%E5%8C%BA%E5%88%92%E5%8F%98%E6%9B%B4%E5%88%97%E8%A1%A8
WIKI-COUNTY-2016-01-007,2016,CNUR-000267,曲靖市,沾益县,沾益区,county_to_district,whole_county,district_scope_jump_county_panel_break,https://zh.wikipedia.org/wiki/2016%E5%B9%B4%E4%B8%AD%E5%8D%8E%E4%BA%BA%E6%B0%91%E5%85%B1%E5%92%8C%E5%9B%BD%E5%8E%BF%E7%BA%A7%E4%BB%A5%E4%B8%8A%E8%A1%8C%E6%94%BF%E5%8C%BA%E5%88%92%E5%8F%98%E6%9B%B4%E5%88%97%E8%A1%A8
WIKI-COUNTY-2016-01-027,2016,CNUR-000289,西安市,户县,鄠邑区,county_to_district,whole_county,district_scope_jump_county_panel_break,https://zh.wikipedia.org/wiki/2016%E5%B9%B4%E4%B8%AD%E5%8D%8E%E4%BA%BA%E6%B0%91%E5%85%B1%E5%92%8C%E5%9B%BD%E5%8E%BF%E7%BA%A7%E4%BB%A5%E4%B8%8A%E8%A1%8C%E6%94%BF%E5%8C%BA%E5%88%92%E5%8F%98%E6%9B%B4%E5%88%97%E8%A1%A8
WIKI-COUNTY-2016-01-016,2016,CNUR-000294,延安市,安塞县,安塞区,county_to_district,whole_county,district_scope_jump_county_panel_break,https://zh.wikipedia.org/wiki/2016%E5%B9%B4%E4%B8%AD%E5%8D%8E%E4%BA%BA%E6%B0%91%E5%85%B1%E5%92%8C%E5%9B%BD%E5%8E%BF%E7%BA%A7%E4%BB%A5%E4%B8%8A%E8%A1%8C%E6%94%BF%E5%8C%BA%E5%88%92%E5%8F%98%E6%9B%B4%E5%88%97%E8%A1%A8
WIKI-COUNTY-2017-03-002,2017,CNUR-000087,杭州市,临安市,临安区,county_to_district,whole_county,district_scope_jump_county_panel_break,https://zh.wikipedia.org/wiki/2017%E5%B9%B4%E4%B8%AD%E5%8D%8E%E4%BA%BA%E6%B0%91%E5%85%B1%E5%92%8C%E5%9B%BD%E5%8E%BF%E7%BA%A7%E4%BB%A5%E4%B8%8A%E8%A1%8C%E6%94%BF%E5%8C%BA%E5%88%92%E5%8F%98%E6%9B%B4%E5%88%97%E8%A1%A8
WIKI-COUNTY-2017-03-003,2017,CNUR-000115,福州市,长乐市,长乐区,county_to_district,whole_county,district_scope_jump_county_panel_break,https://zh.wikipedia.org/wiki/2017%E5%B9%B4%E4%B8%AD%E5%8D%8E%E4%BA%BA%E6%B0%91%E5%85%B1%E5%92%8C%E5%9B%BD%E5%8E%BF%E7%BA%A7%E4%BB%A5%E4%B8%8A%E8%A1%8C%E6%94%BF%E5%8C%BA%E5%88%92%E5%8F%98%E6%9B%B4%E5%88%97%E8%A1%A8
WIKI-COUNTY-2017-01-002,2017,CNUR-000127,九江市,九江县,柴桑区,county_to_district,whole_county,district_scope_jump_county_panel_break,https://zh.wikipedia.org/wiki/2017%E5%B9%B4%E4%B8%AD%E5%8D%8E%E4%BA%BA%E6%B0%91%E5%85%B1%E5%92%8C%E5%9B%BD%E5%8E%BF%E7%BA%A7%E4%BB%A5%E4%B8%8A%E8%A1%8C%E6%94%BF%E5%8C%BA%E5%88%92%E5%8F%98%E6%9B%B4%E5%88%97%E8%A1%A8
WIKI-COUNTY-2017-03-004,2017,CNUR-000136,青岛市,即墨市,即墨区,county_to_district,whole_county,district_scope_jump_county_panel_break,https://zh.wikipedia.org/wiki/2017%E5%B9%B4%E4%B8%AD%E5%8D%8E%E4%BA%BA%E6%B0%91%E5%85%B1%E5%92%8C%E5%9B%BD%E5%8E%BF%E7%BA%A7%E4%BB%A5%E4%B8%8A%E8%A1%8C%E6%94%BF%E5%8C%BA%E5%88%92%E5%8F%98%E6%9B%B4%E5%88%97%E8%A1%A8
WIKI-COUNTY-2017-01-003,2017,CNUR-000240,德阳市,罗江县,罗江区,county_to_district,whole_county,district_scope_jump_county_panel_break,https://zh.wikipedia.org/wiki/2017%E5%B9%B4%E4%B8%AD%E5%8D%8E%E4%BA%BA%E6%B0%91%E5%85%B1%E5%92%8C%E5%9B%BD%E5%8E%BF%E7%BA%A7%E4%BB%A5%E4%B8%8A%E8%A1%8C%E6%94%BF%E5%8C%BA%E5%88%92%E5%8F%98%E6%9B%B4%E5%88%97%E8%A1%A8
WIKI-COUNTY-2017-01-004,2017,CNUR-000282,拉萨市,达孜县,达孜区,county_to_district,whole_county,district_scope_jump_county_panel_break,https://zh.wikipedia.org/wiki/2017%E5%B9%B4%E4%B8%AD%E5%8D%8E%E4%BA%BA%E6%B0%91%E5%85%B1%E5%92%8C%E5%9B%BD%E5%8E%BF%E7%BA%A7%E4%BB%A5%E4%B8%8A%E8%A1%8C%E6%94%BF%E5%8C%BA%E5%88%92%E5%8F%98%E6%9B%B4%E5%88%97%E8%A1%A8
WIKI-COUNTY-2017-05-002,2017,CNUR-000287,那曲市,那曲县,色尼区,county_to_district,whole_county,district_scope_jump_county_panel_break,https://zh.wikipedia.org/wiki/2017%E5%B9%B4%E4%B8%AD%E5%8D%8E%E4%BA%BA%E6%B0%91%E5%85%B1%E5%92%8C%E5%9B%BD%E5%8E%BF%E7%BA%A7%E4%BB%A5%E4%B8%8A%E8%A1%8C%E6%94%BF%E5%8C%BA%E5%88%92%E5%8F%98%E6%9B%B4%E5%88%97%E8%A1%A8
WIKI-COUNTY-2017-01-005,2017,CNUR-000295,汉中市,南郑县,南郑区,county_to_district,whole_county,district_scope_jump_county_panel_break,https://zh.wikipedia.org/wiki/2017%E5%B9%B4%E4%B8%AD%E5%8D%8E%E4%BA%BA%E6%B0%91%E5%85%B1%E5%92%8C%E5%9B%BD%E5%8E%BF%E7%BA%A7%E4%BB%A5%E4%B8%8A%E8%A1%8C%E6%94%BF%E5%8C%BA%E5%88%92%E5%8F%98%E6%9B%B4%E5%88%97%E8%A1%A8
WIKI-COUNTY-2018-01-002,2018,CNUR-000015,大同市,大同县,云州区,county_to_district,whole_county,district_scope_jump_county_panel_break,https://zh.wikipedia.org/wiki/2018%E5%B9%B4%E4%B8%AD%E5%8D%8E%E4%BA%BA%E6%B0%91%E5%85%B1%E5%92%8C%E5%9B%BD%E5%8E%BF%E7%BA%A7%E4%BB%A5%E4%B8%8A%E8%A1%8C%E6%94%BF%E5%8C%BA%E5%88%92%E5%8F%98%E6%9B%B4%E5%88%97%E8%A1%A8
WIKI-COUNTY-2018-01-006,2018,CNUR-000017,长治市,长治县,上党区,county_to_district,whole_county,district_scope_jump_county_panel_break,https://zh.wikipedia.org/wiki/2018%E5%B9%B4%E4%B8%AD%E5%8D%8E%E4%BA%BA%E6%B0%91%E5%85%B1%E5%92%8C%E5%9B%BD%E5%8E%BF%E7%BA%A7%E4%BB%A5%E4%B8%8A%E8%A1%8C%E6%94%BF%E5%8C%BA%E5%88%92%E5%8F%98%E6%9B%B4%E5%88%97%E8%A1%A8
WIKI-COUNTY-2018-01-007,2018,CNUR-000017,长治市,屯留县,屯留区,county_to_district,whole_county,district_scope_jump_county_panel_break,https://zh.wikipedia.org/wiki/2018%E5%B9%B4%E4%B8%AD%E5%8D%8E%E4%BA%BA%E6%B0%91%E5%85%B1%E5%92%8C%E5%9B%BD%E5%8E%BF%E7%BA%A7%E4%BB%A5%E4%B8%8A%E8%A1%8C%E6%94%BF%E5%8C%BA%E5%88%92%E5%8F%98%E6%9B%B4%E5%88%97%E8%A1%A8
WIKI-COUNTY-2018-01-008,2018,CNUR-000017,长治市,,潞城区,district_other,whole,district_scope_jump,https://zh.wikipedia.org/wiki/2018%E5%B9%B4%E4%B8%AD%E5%8D%8E%E4%BA%BA%E6%B0%91%E5%85%B1%E5%92%8C%E5%9B%BD%E5%8E%BF%E7%BA%A7%E4%BB%A5%E4%B8%8A%E8%A1%8C%E6%94%BF%E5%8C%BA%E5%88%92%E5%8F%98%E6%9B%B4%E5%88%97%E8%A1%A8
WIKI-COUNTY-2018-04-005,2018,CNUR-000017,长治市,城区、郊区,潞州区,district_merge,whole,district_merge_aggregate_safe,https://zh.wikipedia.org/wiki/2018%E5%B9%B4%E4%B8%AD%E5%8D%8E%E4%BA%BA%E6%B0%91%E5%85%B1%E5%92%8C%E5%9B%BD%E5%8E%BF%E7%BA%A7%E4%BB%A5%E4%B8%8A%E8%A1%8C%E6%94%BF%E5%8C%BA%E5%88%92%E5%8F%98%E6%9B%B4%E5%88%97%E8%A1%A8
WIKI-COUNTY-2018-01-003,2018,CNUR-000129,鹰潭市,余江县,余江区,county_to_district,whole_county,district_scope_jump_county_panel_break,https://zh.wikipedia.org/wiki/2018%E5%B9%B4%E4%B8%AD%E5%8D%8E%E4%BA%BA%E6%B0%91%E5%85%B1%E5%92%8C%E5%9B%BD%E5%8E%BF%E7%BA%A7%E4%BB%A5%E4%B8%8A%E8%A1%8C%E6%94%BF%E5%8C%BA%E5%88%92%E5%8F%98%E6%9B%B4%E5%88%97%E8%A1%A8
WIKI-COUNTY-2018-01-005,2018,CNUR-000135,济南市,济阳县,济阳区,county_to_district,whole_county,district_scope_jump_county_panel_break,https://zh.wikipedia.org/wiki/2018%E5%B9%B4%E4%B8%AD%E5%8D%8E%E4%BA%BA%E6%B0%91%E5%85%B1%E5%92%8C%E5%9B%BD%E5%8E%BF%E7%BA%A7%E4%BB%A5%E4%B8%8A%E8%A1%8C%E6%94%BF%E5%8C%BA%E5%88%92%E5%8F%98%E6%9B%B4%E5%88%97%E8%A1%A8
WIKI-COUNTY-2018-04-006,2018,CNUR-000135,济南市,莱城区、钢城区,莱芜区、钢城区,district_transfer,partial,district_internal_adjust,https://zh.wikipedia.org/wiki/2018%E5%B9%B4%E4%B8%AD%E5%8D%8E%E4%BA%BA%E6%B0%91%E5%85%B1%E5%92%8C%E5%9B%BD%E5%8E%BF%E7%BA%A7%E4%BB%A5%E4%B8%8A%E8%A1%8C%E6%94%BF%E5%8C%BA%E5%88%92%E5%8F%98%E6%9B%B4%E5%88%97%E8%A1%A8
WIKI-COUNTY-2018-04-006,2018,CNUR-000146,莱芜市,莱城区、钢城区,莱芜区、钢城区,district_transfer,partial,district_internal_adjust,https://zh.wikipedia.org/wiki/2018%E5%B9%B4%E4%B8%AD%E5%8D%8E%E4%BA%BA%E6%B0%91%E5%85%B1%E5%92%8C%E5%9B%BD%E5%8E%BF%E7%BA%A7%E4%BB%A5%E4%B8%8A%E8%A1%8C%E6%94%BF%E5%8C%BA%E5%88%92%E5%8F%98%E6%9B%B4%E5%88%97%E8%A1%A8
WIKI-COUNTY-2018-01-009,2018,CNUR-000183,株洲市,株洲县,渌口区,county_to_district,whole_county,district_scope_jump_county_panel_break,https://zh.wikipedia.org/wiki/2018%E5%B9%B4%E4%B8%AD%E5%8D%8E%E4%BA%BA%E6%B0%91%E5%85%B1%E5%92%8C%E5%9B%BD%E5%8E%BF%E7%BA%A7%E4%BB%A5%E4%B8%8A%E8%A1%8C%E6%94%BF%E5%8C%BA%E5%88%92%E5%8F%98%E6%9B%B4%E5%88%97%E8%A1%A8
WIKI-COUNTY-2018-04-003,2018,CNUR-000198,深圳市,光明新区,光明区,district_transfer,partial,district_internal_adjust,https://zh.wikipedia.org/wiki/2018%E5%B9%B4%E4%B8%AD%E5%8D%8E%E4%BA%BA%E6%B0%91%E5%85%B1%E5%92%8C%E5%9B%BD%E5%8E%BF%E7%BA%A7%E4%BB%A5%E4%B8%8A%E8%A1%8C%E6%94%BF%E5%8C%BA%E5%88%92%E5%8F%98%E6%9B%B4%E5%88%97%E8%A1%A8
WIKI-COUNTY-2018-01-010,2018,CNUR-000248,宜宾市,宜宾县,叙州区,county_to_district,whole_county,district_scope_jump_county_panel_break,https://zh.wikipedia.org/wiki/2018%E5%B9%B4%E4%B8%AD%E5%8D%8E%E4%BA%BA%E6%B0%91%E5%85%B1%E5%92%8C%E5%9B%BD%E5%8E%BF%E7%BA%A7%E4%BB%A5%E4%B8%8A%E8%A1%8C%E6%94%BF%E5%8C%BA%E5%88%92%E5%8F%98%E6%9B%B4%E5%88%97%E8%A1%A8
WIKI-COUNTY-2018-01-004,2018,CNUR-000267,曲靖市,马龙县,马龙区,county_to_district,whole_county,district_scope_jump_county_panel_break,https://zh.wikipedia.org/wiki/2018%E5%B9%B4%E4%B8%AD%E5%8D%8E%E4%BA%BA%E6%B0%91%E5%85%B1%E5%92%8C%E5%9B%BD%E5%8E%BF%E7%BA%A7%E4%BB%A5%E4%B8%8A%E8%A1%8C%E6%94%BF%E5%8C%BA%E5%88%92%E5%8F%98%E6%9B%B4%E5%88%97%E8%A1%A8
WIKI-COUNTY-2019-01-006,2019,CNUR-000020,晋中市,太谷县,太谷区,county_to_district,whole_county,district_scope_jump_county_panel_break,https://zh.wikipedia.org/wiki/2019%E5%B9%B4%E4%B8%AD%E5%8D%8E%E4%BA%BA%E6%B0%91%E5%85%B1%E5%92%8C%E5%9B%BD%E5%8E%BF%E7%BA%A7%E4%BB%A5%E4%B8%8A%E8%A1%8C%E6%94%BF%E5%8C%BA%E5%88%92%E5%8F%98%E6%9B%B4%E5%88%97%E8%A1%A8
WIKI-COUNTY-2019-03-005,2019,CNUR-000066,伊春市,带岭区,大箐山县,district_transfer,partial,district_internal_adjust,https://zh.wikipedia.org/wiki/2019%E5%B9%B4%E4%B8%AD%E5%8D%8E%E4%BA%BA%E6%B0%91%E5%85%B1%E5%92%8C%E5%9B%BD%E5%8E%BF%E7%BA%A7%E4%BB%A5%E4%B8%8A%E8%A1%8C%E6%94%BF%E5%8C%BA%E5%88%92%E5%8F%98%E6%9B%B4%E5%88%97%E8%A1%A8
WIKI-COUNTY-2019-03-007,2019,CNUR-000066,伊春市,乌马河区、伊春区、美溪区,伊美区,district_other,partial,district_scope_jump,https://zh.wikipedia.org/wiki/2019%E5%B9%B4%E4%B8%AD%E5%8D%8E%E4%BA%BA%E6%B0%91%E5%85%B1%E5%92%8C%E5%9B%BD%E5%8E%BF%E7%BA%A7%E4%BB%A5%E4%B8%8A%E8%A1%8C%E6%94%BF%E5%8C%BA%E5%88%92%E5%8F%98%E6%9B%B4%E5%88%97%E8%A1%A8
WIKI-COUNTY-2019-03-008,2019,CNUR-000066,伊春市,乌马河区、翠峦区,乌翠区,district_other,partial,district_scope_jump,https://zh.wikipedia.org/wiki/2019%E5%B9%B4%E4%B8%AD%E5%8D%8E%E4%BA%BA%E6%B0%91%E5%85%B1%E5%92%8C%E5%9B%BD%E5%8E%BF%E7%BA%A7%E4%BB%A5%E4%B8%8A%E8%A1%8C%E6%94%BF%E5%8C%BA%E5%88%92%E5%8F%98%E6%9B%B4%E5%88%97%E8%A1%A8
WIKI-COUNTY-2019-03-009,2019,CNUR-000066,伊春市,友好区、上甘岭区,友好区,district_other,whole,district_scope_jump,https://zh.wikipedia.org/wiki/2019%E5%B9%B4%E4%B8%AD%E5%8D%8E%E4%BA%BA%E6%B0%91%E5%85%B1%E5%92%8C%E5%9B%BD%E5%8E%BF%E7%BA%A7%E4%BB%A5%E4%B8%8A%E8%A1%8C%E6%94%BF%E5%8C%BA%E5%88%92%E5%8F%98%E6%9B%B4%E5%88%97%E8%A1%A8
WIKI-COUNTY-2019-03-010,2019,CNUR-000066,伊春市,西林区、金山屯区,金林区,district_other,whole,district_scope_jump,https://zh.wikipedia.org/wiki/2019%E5%B9%B4%E4%B8%AD%E5%8D%8E%E4%BA%BA%E6%B0%91%E5%85%B1%E5%92%8C%E5%9B%BD%E5%8E%BF%E7%BA%A7%E4%BB%A5%E4%B8%8A%E8%A1%8C%E6%94%BF%E5%8C%BA%E5%88%92%E5%8F%98%E6%9B%B4%E5%88%97%E8%A1%A8
WIKI-COUNTY-2019-03-012,2019,CNUR-000124,南昌市,湾里区,,district_merge,whole,district_merge_aggregate_safe,https://zh.wikipedia.org/wiki/2019%E5%B9%B4%E4%B8%AD%E5%8D%8E%E4%BA%BA%E6%B0%91%E5%85%B1%E5%92%8C%E5%9B%BD%E5%8E%BF%E7%BA%A7%E4%BB%A5%E4%B8%8A%E8%A1%8C%E6%94%BF%E5%8C%BA%E5%88%92%E5%8F%98%E6%9B%B4%E5%88%97%E8%A1%A8
WIKI-COUNTY-2019-03-013,2019,CNUR-000124,南昌市,,红谷滩区,district_transfer,partial,district_internal_adjust,https://zh.wikipedia.org/wiki/2019%E5%B9%B4%E4%B8%AD%E5%8D%8E%E4%BA%BA%E6%B0%91%E5%85%B1%E5%92%8C%E5%9B%BD%E5%8E%BF%E7%BA%A7%E4%BB%A5%E4%B8%8A%E8%A1%8C%E6%94%BF%E5%8C%BA%E5%88%92%E5%8F%98%E6%9B%B4%E5%88%97%E8%A1%A8
WIKI-COUNTY-2019-01-002,2019,CNUR-000134,上饶市,上饶县,广信区,county_to_district,whole_county,district_scope_jump_county_panel_break,https://zh.wikipedia.org/wiki/2019%E5%B9%B4%E4%B8%AD%E5%8D%8E%E4%BA%BA%E6%B0%91%E5%85%B1%E5%92%8C%E5%9B%BD%E5%8E%BF%E7%BA%A7%E4%BB%A5%E4%B8%8A%E8%A1%8C%E6%94%BF%E5%8C%BA%E5%88%92%E5%8F%98%E6%9B%B4%E5%88%97%E8%A1%A8
WIKI-COUNTY-2019-03-002,2019,CNUR-000135,济南市,莱城区、钢城区,莱芜区、钢城区,district_transfer,partial,district_internal_adjust,https://zh.wikipedia.org/wiki/2019%E5%B9%B4%E4%B8%AD%E5%8D%8E%E4%BA%BA%E6%B0%91%E5%85%B1%E5%92%8C%E5%9B%BD%E5%8E%BF%E7%BA%A7%E4%BB%A5%E4%B8%8A%E8%A1%8C%E6%94%BF%E5%8C%BA%E5%88%92%E5%8F%98%E6%9B%B4%E5%88%97%E8%A1%A8
WIKI-COUNTY-2019-03-002,2019,CNUR-000146,莱芜市,莱城区、钢城区,莱芜区、钢城区,district_transfer,partial,district_internal_adjust,https://zh.wikipedia.org/wiki/2019%E5%B9%B4%E4%B8%AD%E5%8D%8E%E4%BA%BA%E6%B0%91%E5%85%B1%E5%92%8C%E5%9B%BD%E5%8E%BF%E7%BA%A7%E4%BB%A5%E4%B8%8A%E8%A1%8C%E6%94%BF%E5%8C%BA%E5%88%92%E5%8F%98%E6%9B%B4%E5%88%97%E8%A1%A8
WIKI-COUNTY-2019-01-003,2019,CNUR-000149,聊城市,茌平县,茌平区,county_to_district,whole_county,district_scope_jump_county_panel_break,https://zh.wikipedia.org/wiki/2019%E5%B9%B4%E4%B8%AD%E5%8D%8E%E4%BA%BA%E6%B0%91%E5%85%B1%E5%92%8C%E5%9B%BD%E5%8E%BF%E7%BA%A7%E4%BB%A5%E4%B8%8A%E8%A1%8C%E6%94%BF%E5%8C%BA%E5%88%92%E5%8F%98%E6%9B%B4%E5%88%97%E8%A1%A8
WIKI-COUNTY-2019-01-004,2019,CNUR-000167,周口市,淮阳县,淮阳区,county_to_district,whole_county,district_scope_jump_county_panel_break,https://zh.wikipedia.org/wiki/2019%E5%B9%B4%E4%B8%AD%E5%8D%8E%E4%BA%BA%E6%B0%91%E5%85%B1%E5%92%8C%E5%9B%BD%E5%8E%BF%E7%BA%A7%E4%BB%A5%E4%B8%8A%E8%A1%8C%E6%94%BF%E5%8C%BA%E5%88%92%E5%8F%98%E6%9B%B4%E5%88%97%E8%A1%A8
WIKI-COUNTY-2019-01-005,2019,CNUR-000226,百色市,田阳县,田阳区,county_to_district,whole_county,district_scope_jump_county_panel_break,https://zh.wikipedia.org/wiki/2019%E5%B9%B4%E4%B8%AD%E5%8D%8E%E4%BA%BA%E6%B0%91%E5%85%B1%E5%92%8C%E5%9B%BD%E5%8E%BF%E7%BA%A7%E4%BB%A5%E4%B8%8A%E8%A1%8C%E6%94%BF%E5%8C%BA%E5%88%92%E5%8F%98%E6%9B%B4%E5%88%97%E8%A1%A8
WIKI-COUNTY-2019-01-007,2019,CNUR-000313,西宁市,湟中县,湟中区,county_to_district,whole_county,district_scope_jump_county_panel_break,https://zh.wikipedia.org/wiki/2019%E5%B9%B4%E4%B8%AD%E5%8D%8E%E4%BA%BA%E6%B0%91%E5%85%B1%E5%92%8C%E5%9B%BD%E5%8E%BF%E7%BA%A7%E4%BB%A5%E4%B8%8A%E8%A1%8C%E6%94%BF%E5%8C%BA%E5%88%92%E5%8F%98%E6%9B%B4%E5%88%97%E8%A1%A8
WIKI-COUNTY-2020-01-002,2020,CNUR-000007,邢台市,任县,任泽区,county_to_district,whole_county,district_scope_jump_county_panel_break,https://zh.wikipedia.org/wiki/2020%E5%B9%B4%E4%B8%AD%E5%8D%8E%E4%BA%BA%E6%B0%91%E5%85%B1%E5%92%8C%E5%9B%BD%E5%8E%BF%E7%BA%A7%E4%BB%A5%E4%B8%8A%E8%A1%8C%E6%94%BF%E5%8C%BA%E5%88%92%E5%8F%98%E6%9B%B4%E5%88%97%E8%A1%A8
WIKI-COUNTY-2020-01-003,2020,CNUR-000007,邢台市,南和县,南和区,county_to_district,whole_county,district_scope_jump_county_panel_break,https://zh.wikipedia.org/wiki/2020%E5%B9%B4%E4%B8%AD%E5%8D%8E%E4%BA%BA%E6%B0%91%E5%85%B1%E5%92%8C%E5%9B%BD%E5%8E%BF%E7%BA%A7%E4%BB%A5%E4%B8%8A%E8%A1%8C%E6%94%BF%E5%8C%BA%E5%88%92%E5%8F%98%E6%9B%B4%E5%88%97%E8%A1%A8
WIKI-COUNTY-2020-06-007,2020,CNUR-000007,邢台市,信都区,,district_transfer,partial,district_internal_adjust,https://zh.wikipedia.org/wiki/2020%E5%B9%B4%E4%B8%AD%E5%8D%8E%E4%BA%BA%E6%B0%91%E5%85%B1%E5%92%8C%E5%9B%BD%E5%8E%BF%E7%BA%A7%E4%BB%A5%E4%B8%8A%E8%A1%8C%E6%94%BF%E5%8C%BA%E5%88%92%E5%8F%98%E6%9B%B4%E5%88%97%E8%A1%A8
WIKI-COUNTY-2020-01-004,2020,CNUR-000079,南通市,海门市,海门区,county_to_district,whole_county,district_scope_jump_county_panel_break,https://zh.wikipedia.org/wiki/2020%E5%B9%B4%E4%B8%AD%E5%8D%8E%E4%BA%BA%E6%B0%91%E5%85%B1%E5%92%8C%E5%9B%BD%E5%8E%BF%E7%BA%A7%E4%BB%A5%E4%B8%8A%E8%A1%8C%E6%94%BF%E5%8C%BA%E5%88%92%E5%8F%98%E6%9B%B4%E5%88%97%E8%A1%A8
WIKI-COUNTY-2020-03-002,2020,CNUR-000079,南通市,崇川区,崇川区,district_merge,whole,district_merge_aggregate_safe,https://zh.wikipedia.org/wiki/2020%E5%B9%B4%E4%B8%AD%E5%8D%8E%E4%BA%BA%E6%B0%91%E5%85%B1%E5%92%8C%E5%9B%BD%E5%8E%BF%E7%BA%A7%E4%BB%A5%E4%B8%8A%E8%A1%8C%E6%94%BF%E5%8C%BA%E5%88%92%E5%8F%98%E6%9B%B4%E5%88%97%E8%A1%A8
WIKI-COUNTY-2020-03-003,2020,CNUR-000079,南通市,港闸区,,district_merge,whole,district_merge_aggregate_safe,https://zh.wikipedia.org/wiki/2020%E5%B9%B4%E4%B8%AD%E5%8D%8E%E4%BA%BA%E6%B0%91%E5%85%B1%E5%92%8C%E5%9B%BD%E5%8E%BF%E7%BA%A7%E4%BB%A5%E4%B8%8A%E8%A1%8C%E6%94%BF%E5%8C%BA%E5%88%92%E5%8F%98%E6%9B%B4%E5%88%97%E8%A1%A8
WIKI-COUNTY-2020-01-005,2020,CNUR-000099,芜湖市,芜湖县,湾沚区,county_to_district,whole_county,district_scope_jump_county_panel_break,https://zh.wikipedia.org/wiki/2020%E5%B9%B4%E4%B8%AD%E5%8D%8E%E4%BA%BA%E6%B0%91%E5%85%B1%E5%92%8C%E5%9B%BD%E5%8E%BF%E7%BA%A7%E4%BB%A5%E4%B8%8A%E8%A1%8C%E6%94%BF%E5%8C%BA%E5%88%92%E5%8F%98%E6%9B%B4%E5%88%97%E8%A1%A8
WIKI-COUNTY-2020-01-006,2020,CNUR-000099,芜湖市,繁昌县,繁昌区,county_to_district,whole_county,district_scope_jump_county_panel_break,https://zh.wikipedia.org/wiki/2020%E5%B9%B4%E4%B8%AD%E5%8D%8E%E4%BA%BA%E6%B0%91%E5%85%B1%E5%92%8C%E5%9B%BD%E5%8E%BF%E7%BA%A7%E4%BB%A5%E4%B8%8A%E8%A1%8C%E6%94%BF%E5%8C%BA%E5%88%92%E5%8F%98%E6%9B%B4%E5%88%97%E8%A1%A8
WIKI-COUNTY-2020-03-004,2020,CNUR-000099,芜湖市,三山区,弋江区,district_merge,whole,district_merge_aggregate_safe,https://zh.wikipedia.org/wiki/2020%E5%B9%B4%E4%B8%AD%E5%8D%8E%E4%BA%BA%E6%B0%91%E5%85%B1%E5%92%8C%E5%9B%BD%E5%8E%BF%E7%BA%A7%E4%BB%A5%E4%B8%8A%E8%A1%8C%E6%94%BF%E5%8C%BA%E5%88%92%E5%8F%98%E6%9B%B4%E5%88%97%E8%A1%A8
WIKI-COUNTY-2020-03-005,2020,CNUR-000099,芜湖市,弋江区,,district_merge,whole,district_merge_aggregate_safe,https://zh.wikipedia.org/wiki/2020%E5%B9%B4%E4%B8%AD%E5%8D%8E%E4%BA%BA%E6%B0%91%E5%85%B1%E5%92%8C%E5%9B%BD%E5%8E%BF%E7%BA%A7%E4%BB%A5%E4%B8%8A%E8%A1%8C%E6%94%BF%E5%8C%BA%E5%88%92%E5%8F%98%E6%9B%B4%E5%88%97%E8%A1%A8
WIKI-COUNTY-2020-01-007,2020,CNUR-000236,成都市,新津县,新津区,county_to_district,whole_county,district_scope_jump_county_panel_break,https://zh.wikipedia.org/wiki/2020%E5%B9%B4%E4%B8%AD%E5%8D%8E%E4%BA%BA%E6%B0%91%E5%85%B1%E5%92%8C%E5%9B%BD%E5%8E%BF%E7%BA%A7%E4%BB%A5%E4%B8%8A%E8%A1%8C%E6%94%BF%E5%8C%BA%E5%88%92%E5%8F%98%E6%9B%B4%E5%88%97%E8%A1%A8
WIKI-COUNTY-2020-01-008,2020,CNUR-000258,六盘水市,水城县,水城区,county_to_district,whole_county,district_scope_jump_county_panel_break,https://zh.wikipedia.org/wiki/2020%E5%B9%B4%E4%B8%AD%E5%8D%8E%E4%BA%BA%E6%B0%91%E5%85%B1%E5%92%8C%E5%9B%BD%E5%8E%BF%E7%BA%A7%E4%BB%A5%E4%B8%8A%E8%A1%8C%E6%94%BF%E5%8C%BA%E5%88%92%E5%8F%98%E6%9B%B4%E5%88%97%E8%A1%A8
WIKI-COUNTY-2021-03-004,2021,CNUR-000087,杭州市,上城区,上城区,district_merge,whole,district_merge_aggregate_safe,https://zh.wikipedia.org/wiki/2021%E5%B9%B4%E4%B8%AD%E5%8D%8E%E4%BA%BA%E6%B0%91%E5%85%B1%E5%92%8C%E5%9B%BD%E5%8E%BF%E7%BA%A7%E4%BB%A5%E4%B8%8A%E8%A1%8C%E6%94%BF%E5%8C%BA%E5%88%92%E5%8F%98%E6%9B%B4%E5%88%97%E8%A1%A8
WIKI-COUNTY-2021-03-005,2021,CNUR-000087,杭州市,江干区,,district_merge,whole,district_merge_aggregate_safe,https://zh.wikipedia.org/wiki/2021%E5%B9%B4%E4%B8%AD%E5%8D%8E%E4%BA%BA%E6%B0%91%E5%85%B1%E5%92%8C%E5%9B%BD%E5%8E%BF%E7%BA%A7%E4%BB%A5%E4%B8%8A%E8%A1%8C%E6%94%BF%E5%8C%BA%E5%88%92%E5%8F%98%E6%9B%B4%E5%88%97%E8%A1%A8
WIKI-COUNTY-2021-03-006,2021,CNUR-000087,杭州市,下城区,拱墅区,district_merge,whole,district_merge_aggregate_safe,https://zh.wikipedia.org/wiki/2021%E5%B9%B4%E4%B8%AD%E5%8D%8E%E4%BA%BA%E6%B0%91%E5%85%B1%E5%92%8C%E5%9B%BD%E5%8E%BF%E7%BA%A7%E4%BB%A5%E4%B8%8A%E8%A1%8C%E6%94%BF%E5%8C%BA%E5%88%92%E5%8F%98%E6%9B%B4%E5%88%97%E8%A1%A8
WIKI-COUNTY-2021-03-007,2021,CNUR-000087,杭州市,拱墅区,,district_merge,whole,district_merge_aggregate_safe,https://zh.wikipedia.org/wiki/2021%E5%B9%B4%E4%B8%AD%E5%8D%8E%E4%BA%BA%E6%B0%91%E5%85%B1%E5%92%8C%E5%9B%BD%E5%8E%BF%E7%BA%A7%E4%BB%A5%E4%B8%8A%E8%A1%8C%E6%94%BF%E5%8C%BA%E5%88%92%E5%8F%98%E6%9B%B4%E5%88%97%E8%A1%A8
WIKI-COUNTY-2021-01-005,2021,CNUR-000118,三明市,沙县,沙县区,county_to_district,whole_county,district_scope_jump_county_panel_break,https://zh.wikipedia.org/wiki/2021%E5%B9%B4%E4%B8%AD%E5%8D%8E%E4%BA%BA%E6%B0%91%E5%85%B1%E5%92%8C%E5%9B%BD%E5%8E%BF%E7%BA%A7%E4%BB%A5%E4%B8%8A%E8%A1%8C%E6%94%BF%E5%8C%BA%E5%88%92%E5%8F%98%E6%9B%B4%E5%88%97%E8%A1%A8
WIKI-COUNTY-2021-03-002,2021,CNUR-000118,三明市,梅列区,三元区,district_merge,whole,district_merge_aggregate_safe,https://zh.wikipedia.org/wiki/2021%E5%B9%B4%E4%B8%AD%E5%8D%8E%E4%BA%BA%E6%B0%91%E5%85%B1%E5%92%8C%E5%9B%BD%E5%8E%BF%E7%BA%A7%E4%BB%A5%E4%B8%8A%E8%A1%8C%E6%94%BF%E5%8C%BA%E5%88%92%E5%8F%98%E6%9B%B4%E5%88%97%E8%A1%A8
WIKI-COUNTY-2021-03-003,2021,CNUR-000118,三明市,三元区,,district_merge,whole,district_merge_aggregate_safe,https://zh.wikipedia.org/wiki/2021%E5%B9%B4%E4%B8%AD%E5%8D%8E%E4%BA%BA%E6%B0%91%E5%85%B1%E5%92%8C%E5%9B%BD%E5%8E%BF%E7%BA%A7%E4%BB%A5%E4%B8%8A%E8%A1%8C%E6%94%BF%E5%8C%BA%E5%88%92%E5%8F%98%E6%9B%B4%E5%88%97%E8%A1%A8
WIKI-COUNTY-2021-01-003,2021,CNUR-000120,漳州市,龙海市,龙海区,county_to_district,whole_county,district_scope_jump_county_panel_break,https://zh.wikipedia.org/wiki/2021%E5%B9%B4%E4%B8%AD%E5%8D%8E%E4%BA%BA%E6%B0%91%E5%85%B1%E5%92%8C%E5%9B%BD%E5%8E%BF%E7%BA%A7%E4%BB%A5%E4%B8%8A%E8%A1%8C%E6%94%BF%E5%8C%BA%E5%88%92%E5%8F%98%E6%9B%B4%E5%88%97%E8%A1%A8
WIKI-COUNTY-2021-01-004,2021,CNUR-000120,漳州市,长泰县,长泰区,county_to_district,whole_county,district_scope_jump_county_panel_break,https://zh.wikipedia.org/wiki/2021%E5%B9%B4%E4%B8%AD%E5%8D%8E%E4%BA%BA%E6%B0%91%E5%85%B1%E5%92%8C%E5%9B%BD%E5%8E%BF%E7%BA%A7%E4%BB%A5%E4%B8%8A%E8%A1%8C%E6%94%BF%E5%8C%BA%E5%88%92%E5%8F%98%E6%9B%B4%E5%88%97%E8%A1%A8
WIKI-COUNTY-2021-01-006,2021,CNUR-000154,洛阳市,偃师市,偃师区,county_to_district,whole_county,district_scope_jump_county_panel_break,https://zh.wikipedia.org/wiki/2021%E5%B9%B4%E4%B8%AD%E5%8D%8E%E4%BA%BA%E6%B0%91%E5%85%B1%E5%92%8C%E5%9B%BD%E5%8E%BF%E7%BA%A7%E4%BB%A5%E4%B8%8A%E8%A1%8C%E6%94%BF%E5%8C%BA%E5%88%92%E5%8F%98%E6%9B%B4%E5%88%97%E8%A1%A8
WIKI-COUNTY-2021-04-003,2021,CNUR-000154,洛阳市,孟津县,孟津区,county_to_district,whole_county,district_scope_jump_county_panel_break,https://zh.wikipedia.org/wiki/2021%E5%B9%B4%E4%B8%AD%E5%8D%8E%E4%BA%BA%E6%B0%91%E5%85%B1%E5%92%8C%E5%9B%BD%E5%8E%BF%E7%BA%A7%E4%BB%A5%E4%B8%8A%E8%A1%8C%E6%94%BF%E5%8C%BA%E5%88%92%E5%8F%98%E6%9B%B4%E5%88%97%E8%A1%A8
WIKI-COUNTY-2021-01-002,2021,CNUR-000291,宝鸡市,凤翔县,凤翔区,county_to_district,whole_county,district_scope_jump_county_panel_break,https://zh.wikipedia.org/wiki/2021%E5%B9%B4%E4%B8%AD%E5%8D%8E%E4%BA%BA%E6%B0%91%E5%85%B1%E5%92%8C%E5%9B%BD%E5%8E%BF%E7%BA%A7%E4%BB%A5%E4%B8%8A%E8%A1%8C%E6%94%BF%E5%8C%BA%E5%88%92%E5%8F%98%E6%9B%B4%E5%88%97%E8%A1%A8
WIKI-COUNTY-2022-03-003,2022,CNUR-000068,七台河市,新兴区,,district_transfer,partial,district_internal_adjust,https://zh.wikipedia.org/wiki/2022%E5%B9%B4%E4%B8%AD%E5%8D%8E%E4%BA%BA%E6%B0%91%E5%85%B1%E5%92%8C%E5%9B%BD%E5%8E%BF%E7%BA%A7%E4%BB%A5%E4%B8%8A%E8%A1%8C%E6%94%BF%E5%8C%BA%E5%88%92%E5%8F%98%E6%9B%B4%E5%88%97%E8%A1%A8
WIKI-COUNTY-2022-03-004,2022,CNUR-000068,七台河市,茄子河区,,district_transfer,partial,district_internal_adjust,https://zh.wikipedia.org/wiki/2022%E5%B9%B4%E4%B8%AD%E5%8D%8E%E4%BA%BA%E6%B0%91%E5%85%B1%E5%92%8C%E5%9B%BD%E5%8E%BF%E7%BA%A7%E4%BB%A5%E4%B8%8A%E8%A1%8C%E6%94%BF%E5%8C%BA%E5%88%92%E5%8F%98%E6%9B%B4%E5%88%97%E8%A1%A8
WIKI-COUNTY-2022-03-006,2022,CNUR-000124,南昌市,新建区,,district_transfer,partial,district_internal_adjust,https://zh.wikipedia.org/wiki/2022%E5%B9%B4%E4%B8%AD%E5%8D%8E%E4%BA%BA%E6%B0%91%E5%85%B1%E5%92%8C%E5%9B%BD%E5%8E%BF%E7%BA%A7%E4%BB%A5%E4%B8%8A%E8%A1%8C%E6%94%BF%E5%8C%BA%E5%88%92%E5%8F%98%E6%9B%B4%E5%88%97%E8%A1%A8
WIKI-COUNTY-2022-03-007,2022,CNUR-000124,南昌市,红谷滩区,,district_transfer,partial,district_internal_adjust,https://zh.wikipedia.org/wiki/2022%E5%B9%B4%E4%B8%AD%E5%8D%8E%E4%BA%BA%E6%B0%91%E5%85%B1%E5%92%8C%E5%9B%BD%E5%8E%BF%E7%BA%A7%E4%BB%A5%E4%B8%8A%E8%A1%8C%E6%94%BF%E5%8C%BA%E5%88%92%E5%8F%98%E6%9B%B4%E5%88%97%E8%A1%A8
WIKI-COUNTY-2022-03-009,2022,CNUR-000153,开封市,尉氏县,郑州航空港区,county_to_district,whole_county,district_scope_jump_county_panel_break,https://zh.wikipedia.org/wiki/2022%E5%B9%B4%E4%B8%AD%E5%8D%8E%E4%BA%BA%E6%B0%91%E5%85%B1%E5%92%8C%E5%9B%BD%E5%8E%BF%E7%BA%A7%E4%BB%A5%E4%B8%8A%E8%A1%8C%E6%94%BF%E5%8C%BA%E5%88%92%E5%8F%98%E6%9B%B4%E5%88%97%E8%A1%A8
WIKI-COUNTY-2022-03-013,2022,CNUR-000299,兰州市,城关区,,district_transfer,partial,district_internal_adjust,https://zh.wikipedia.org/wiki/2022%E5%B9%B4%E4%B8%AD%E5%8D%8E%E4%BA%BA%E6%B0%91%E5%85%B1%E5%92%8C%E5%9B%BD%E5%8E%BF%E7%BA%A7%E4%BB%A5%E4%B8%8A%E8%A1%8C%E6%94%BF%E5%8C%BA%E5%88%92%E5%8F%98%E6%9B%B4%E5%88%97%E8%A1%A8
WIKI-COUNTY-2022-03-014,2022,CNUR-000299,兰州市,安宁区,,district_transfer,partial,district_internal_adjust,https://zh.wikipedia.org/wiki/2022%E5%B9%B4%E4%B8%AD%E5%8D%8E%E4%BA%BA%E6%B0%91%E5%85%B1%E5%92%8C%E5%9B%BD%E5%8E%BF%E7%BA%A7%E4%BB%A5%E4%B8%8A%E8%A1%8C%E6%94%BF%E5%8C%BA%E5%88%92%E5%8F%98%E6%9B%B4%E5%88%97%E8%A1%A8
WIKI-COUNTY-2022-03-017,2022,CNUR-000321,银川市,金凤区,,district_transfer,partial,district_internal_adjust,https://zh.wikipedia.org/wiki/2022%E5%B9%B4%E4%B8%AD%E5%8D%8E%E4%BA%BA%E6%B0%91%E5%85%B1%E5%92%8C%E5%9B%BD%E5%8E%BF%E7%BA%A7%E4%BB%A5%E4%B8%8A%E8%A1%8C%E6%94%BF%E5%8C%BA%E5%88%92%E5%8F%98%E6%9B%B4%E5%88%97%E8%A1%A8
WIKI-COUNTY-2025-01-002,2025,CNUR-000235,重庆市,江北区,两江新区,district_transfer,partial,district_internal_adjust,https://zh.wikipedia.org/wiki/2025%E5%B9%B4%E4%B8%AD%E5%8D%8E%E4%BA%BA%E6%B0%91%E5%85%B1%E5%92%8C%E5%9B%BD%E5%8E%BF%E7%BA%A7%E4%BB%A5%E4%B8%8A%E8%A1%8C%E6%94%BF%E5%8C%BA%E5%88%92%E5%8F%98%E6%9B%B4%E5%88%97%E8%A1%A8
WIKI-COUNTY-2025-01-003,2025,CNUR-000235,重庆市,渝北区,,district_transfer,partial,district_internal_adjust,https://zh.wikipedia.org/wiki/2025%E5%B9%B4%E4%B8%AD%E5%8D%8E%E4%BA%BA%E6%B0%91%E5%85%B1%E5%92%8C%E5%9B%BD%E5%8E%BF%E7%BA%A7%E4%BB%A5%E4%B8%8A%E8%A1%8C%E6%94%BF%E5%8C%BA%E5%88%92%E5%8F%98%E6%9B%B4%E5%88%97%E8%A1%A8
WIKI-COUNTY-2025-01-004,2025,CNUR-000235,重庆市,北碚区,北碚区,district_transfer,partial,district_internal_adjust,https://zh.wikipedia.org/wiki/2025%E5%B9%B4%E4%B8%AD%E5%8D%8E%E4%BA%BA%E6%B0%91%E5%85%B1%E5%92%8C%E5%9B%BD%E5%8E%BF%E7%BA%A7%E4%BB%A5%E4%B8%8A%E8%A1%8C%E6%94%BF%E5%8C%BA%E5%88%92%E5%8F%98%E6%9B%B4%E5%88%97%E8%A1%A8
